,Open,High,Low,Close,Volume
2005-01-03,36.63328909500097,36.992837215408,36.416203144430455,36.90464782714844,3014100
2005-01-04,37.074244079645965,38.74987599455067,36.91142833292015,38.58706283569336,7424602
2005-01-05,38.53278622397715,39.835304304594295,36.68077055204892,38.49886703491211,14530800
2005-01-06,38.21395757181951,39.02802877678722,37.26420438219819,37.711944580078125,9364387
2005-01-07,37.99007763581715,38.804151245586965,37.99007763581715,38.64812088012695,8263140
2005-01-10,38.71594744979051,39.34007130896129,33.72296692789575,37.79333114624024,7324987
2005-01-11,37.90188472219612,38.12575605919037,36.416202297313866,36.599369049072266,9360495
2005-01-12,36.897860718728985,37.78655806668731,35.92775679006157,36.38228225708008,11135775
2005-01-13,36.816454444755145,38.89234167914599,36.49760833484102,38.41746520996094,12710782
2005-01-14,39.150127965075015,39.69962818894111,38.02399371660515,38.48530197143555,14570137
2005-01-17,38.89234194383098,39.53003158013052,37.86118241705591,39.29937744140625,11143590
2005-01-18,39.67927272527922,40.18128291864608,39.53002519261266,39.92349243164063,11970187
2005-01-19,39.34686483217227,40.64938049478451,39.34686483217227,40.27626419067383,9231262
2005-01-20,40.43228476311168,40.43228476311168,37.76619591200242,38.302127838134766,34478782
2005-01-24,40.249126598890015,40.249126598890015,36.92499419263371,37.488059997558594,15278340
2005-01-25,37.25742170365707,37.766217537768064,36.55867625292952,37.58983612060547,6353610
2005-01-27,37.71871299908372,38.07826365160648,37.20991739610398,37.92901611328125,6266497
2005-01-28,38.03756393320408,40.70365344059237,37.99007654455288,40.47978210449219,11830725
2005-01-31,40.61545726768418,42.33179623672955,40.43229053559467,40.63581085205078,10362802
2005-02-01,41.06320431295765,41.06320431295765,33.648354738805125,40.44586563110352,9354795
2005-02-02,41.063201081211496,41.19209763853399,40.29661748011964,41.022499084472656,6119647
2005-02-03,41.3345567412814,41.70089021200867,41.02249604601077,41.44988250732422,4371592
2005-02-04,41.95189583997272,41.95189583997272,40.80541061709994,41.25993347167969,5703877
2005-02-07,41.60592075043171,41.8433577036731,40.90039010670202,41.17853164672852,6501855
2005-02-08,41.32777441148821,41.415966384203294,40.724003973088834,41.022499084472656,3789127
2005-02-09,40.92752177549685,41.42953201524557,40.88681719340841,41.25993347167969,2858880
2005-02-10,41.51093771845133,41.60591507466002,40.88681633343289,41.0428466796875,3175695
2005-02-11,40.97501276695613,41.334560882842446,40.703654038220535,40.88003540039063,4134900
2005-02-14,41.334560973292206,41.42275294850455,40.27626503434996,40.493350982666016,5435692
2005-02-15,40.52048560782802,40.65616496658161,40.0930965335082,40.53405380249024,4794457
2005-02-16,40.6154661080687,40.86647386290084,39.8013924286575,40.194862365722656,2990955
2005-02-17,39.12298717294066,40.14057834031843,39.12298717294066,39.92349243164063,3751125
2005-02-18,39.61822822843149,42.14863866156786,39.39435686684032,39.5164680480957,2423295
2005-02-21,39.74711360040013,39.80138378704776,38.9466082913682,39.59786605834961,2032387
2005-02-22,39.4350593290574,40.2423475723653,39.34686735004887,40.12702178955078,2669872
2005-02-23,40.24913167863488,40.34410645859417,39.489328263223264,39.62500762939453,2066992
2005-02-24,39.6249949836176,39.76745710809169,38.54634837798784,38.7295150756836,7470907
2005-02-25,39.21119172129307,39.42149489503748,38.8516435548333,39.272247314453125,3938617
2005-02-28,39.43505288915401,40.7036492322906,39.31294173442767,40.63581085205078,7425960
2005-03-01,40.79184716449337,40.79184716449337,39.12299533504677,40.11345291137695,3714330
2005-03-02,38.89233941150422,40.51370108055521,38.89233941150422,40.09988021850586,2926117
2005-03-03,39.9777710286574,40.69686982336365,39.9777710286574,40.52727127075195,2509230
2005-03-04,40.70364810759848,40.96822140623895,40.262690884618856,40.51369857788086,2930302
2005-03-07,40.61546130129601,40.73757246814947,39.88279688804377,40.27626419067383,3353332
2005-03-08,40.43229609827648,40.751142222580846,39.99134139031437,40.68330383300781,2053155
2005-03-09,40.70364786552664,40.86646359565077,39.80816781951451,40.13379669189453,3125760
2005-03-10,40.160940550441325,40.33053911476931,39.71320044413018,39.84209442138672,2862930
2005-03-11,39.97776975340248,40.23556026975216,39.346862950782864,39.462188720703125,1120485
2005-03-14,39.7064105069482,39.7064105069482,38.63454904878869,38.85163497924805,2409517
2005-03-15,38.89234431388472,39.075508487447394,38.383548616975936,38.593849182128906,2560245
2005-03-16,38.53956694288745,39.38755950606416,38.53956694288745,38.75665283203125,2960775
2005-03-17,38.892351657028094,38.97375825930038,37.718727083912285,37.98330307006836,3426675
2005-03-18,37.99008205643191,38.63455718032017,37.311687733995626,38.397117614746094,2749305
2005-03-21,38.53279131428368,38.68882167488957,37.61696014920211,37.84761428833008,2615355
2005-03-22,38.17324029593526,38.17324029593526,36.992833300252016,37.11494445800781,2843572
2005-03-23,37.1759955887278,37.88152606292843,36.81644754939413,37.27775573730469,2526255
2005-03-24,37.087811824514446,37.71193587043216,36.36193019541151,36.612937927246094,1501147
2005-03-28,36.63328454231478,37.33881508792184,36.63328454231478,37.101375579833984,2021130
2005-03-29,37.08781344962047,37.26419740879346,35.459668756497315,36.19233322143555,2836972
2005-03-30,36.273729410430974,36.58579004140673,35.0526180929296,35.83955764770508,8694412
2005-03-31,36.17876611967446,36.90464775061463,35.73780882781645,36.22625350952149,9161617
2005-04-01,36.45012107391116,37.63052815355513,36.138060354280285,37.46771240234375,3473505
2005-04-04,37.63052159939766,38.63454455803492,36.72147340081325,38.36318588256836,5685442
2005-04-05,38.363193624075336,38.363193624075336,36.63328883552696,36.9996223449707,3140535
2005-04-06,36.9928386129003,37.53555609769768,36.87751282949554,37.34560394287109,2409502
2005-04-07,37.27097738451981,37.630528079610094,36.81645450088998,36.965702056884766,1541655
2005-04-08,37.17599853628523,37.30489507975146,36.23981389390245,36.58579635620117,3960780
2005-04-11,36.19233581025037,36.90465191405383,36.19233581025037,36.63329315185547,1645875
2005-04-12,36.721473693847656,36.8910722204006,36.47725140155251,36.721473693847656,1275180
2005-04-13,37.4473531990993,39.75389148545798,37.4473531990993,38.49208068847656,26391322
2005-04-15,39.23832462981803,39.23832462981803,37.53555615297162,38.11219024658203,8502780
2005-04-18,38.26143488992552,38.44459905126767,37.58982347615289,37.766204833984375,4953720
2005-04-19,37.990068107085946,38.49886366209156,37.671222064498,37.83403778076172,5960482
2005-04-20,38.254647004421976,39.43505400419698,36.76896469706767,38.356407165527344,26029005
2005-04-21,38.4310324117458,39.075504830555474,37.80690840292142,38.97374725341797,5685915
2005-04-22,39.29260035828413,40.70366187893092,38.75667077699208,39.31295394897461,4163332
2005-04-25,39.35364874903544,39.964204600575385,38.45138575494714,39.50968170166016,3221887
2005-04-26,39.78104570399925,39.78104570399925,38.89235072969908,39.034812927246094,1972875
2005-04-27,39.16370448216831,39.16370448216831,38.07827458593985,38.29536056518555,1672065
2005-04-28,38.349624157802026,39.32651348394282,38.146106410812216,38.80414962768555,4252147
2005-04-29,38.80414992913794,38.80414992913794,37.90188437372011,38.05791473388672,3185160
2005-05-02,39.618226408202055,39.618226408202055,38.15967769236847,38.87877655029297,2735137
2005-05-03,38.98731449220577,39.25867061245557,38.80414775240623,38.96696090698242,2789857
2005-05-04,39.07549578879582,39.543589334068095,39.07549578879582,39.245094299316406,3092602
2005-05-05,37.25017018804324,39.62344756290782,37.25017018804324,39.10751724243164,1488405
2005-05-06,39.623454655544414,39.80918991906151,38.9837007337048,39.50651168823242,2430292
2005-05-09,39.62345135457871,40.08435051620387,39.50650839700904,39.93301010131836,2045940
2005-05-10,40.07059457930176,40.99926825379416,39.54090571803266,40.57964706420898,4513665
2005-05-11,40.7241065317832,40.7241065317832,39.53402739749249,40.46958160400391,1366777
2005-05-12,40.8066539905119,40.95111386951536,40.53837060831756,40.88920211791992,1137210
2005-05-13,40.81353528928124,41.219398016634834,40.54524927795055,40.78601837158203,2298967
2005-05-16,41.16436170778002,41.16436170778002,40.45581822179349,40.62091445922852,1210402
2005-05-17,40.758506042389136,41.21252473890766,40.359518563306615,40.84793472290039,2714482
2005-05-18,40.72410255667722,40.94423262799784,39.89861347714616,40.16001892089844,2697937
2005-05-19,40.35951508647929,40.83417274478452,40.35951508647929,40.65531539916992,1428382
2005-05-20,40.7516237859217,41.06117992738015,40.18065954887879,40.435184478759766,1435537
2005-05-23,40.44894170655626,40.71722508720535,39.98804515501197,40.09811019897461,1563135
2005-05-24,40.08434581876633,40.43517727451937,39.6234467111534,39.71287536621094,2872957
2005-05-25,40.11186671325067,40.221931751878415,39.76103259851645,40.022438049316406,794317
2005-05-26,39.98804286830378,40.35951073033685,39.79542708426562,40.06371307373047,3342052
2005-05-27,40.44894200284724,41.63902111945996,40.35951333392326,41.04054260253906,3497580
2005-05-30,41.18500211141006,41.39825428180104,40.84792906290551,41.08869552612305,1513215
2005-05-31,41.08869119289189,41.82475158756898,41.00614307480253,41.652774810791016,3088027
2005-06-01,41.82475765299298,41.91418632465052,40.86168913786666,41.363861083984375,2981767
2005-06-02,41.58398684389061,41.58398684389061,40.96486937260391,41.10245132446289,1564110
2005-06-03,41.18500120287528,41.18500120287528,40.3663926218364,40.71722412109375,3128782
2005-06-06,40.80665364020607,41.30882556587697,40.77225880609446,40.930477142333984,2687302
2005-06-07,41.136844121399406,42.09303457207371,41.00614271688562,41.700927734375,2487930
2005-06-08,41.73533286445838,42.044891661184224,41.32947009383313,41.68717956542969,2980087
2005-06-09,41.68718225080285,42.079289210528046,41.36386759709147,41.50144958496094,4963132
2005-06-10,41.76972001898016,41.91417988041498,41.27442606645239,41.700927734375,3548580
2005-06-13,41.82476128824538,42.32693327801002,41.549599956075184,42.196231842041016,3453862
2005-06-14,42.37507862229657,42.842855685750806,42.14807063147296,42.39571762084961,2351437
2005-06-15,42.65025555238631,42.65025555238631,42.127447122825416,42.20999526977539,1616835
2005-06-16,42.44387056589039,42.45762902342821,41.487680072350855,41.62525939941406,2932042
2005-06-17,41.63902200093607,41.73532858912789,41.04742138872037,41.41889190673828,4089885
2005-06-20,39.93301078312697,44.71396615016885,39.92613286604091,40.82728958129883,2648660
2005-06-21,40.5865253334529,43.3381541696192,40.07059492667173,43.13178253173828,2718192
2005-06-22,43.64770676992548,44.30121905098768,43.40693770629342,44.094844818115234,4141661
2005-06-23,44.71397513538481,45.53946180778848,44.06046529042492,44.4044189453125,4133240
2005-06-24,44.404412442959845,44.57638924522024,42.82222376283802,43.13178253173828,3188317
2005-06-27,43.647708161898194,43.647708161898194,42.09991711093839,42.7534294128418,4273095
2005-06-28,42.99420073581273,42.99420073581273,40.58652549460722,41.17124557495117,3556227
2005-06-29,41.54959818126593,41.54959818126593,40.17378370670954,41.1368522644043,3711386
2005-06-30,42.23749774773719,42.23749774773719,40.17377641069773,40.62091445922852,1816757
2005-07-01,41.06805649253752,41.37761522818087,40.242567405541074,41.10245132446289,1723827
2005-07-04,41.274426426710974,41.859146418093104,40.93047287315505,41.652774810791016,1413787
2005-07-05,42.58144922843477,42.58144922843477,41.03365830109653,41.20563507080078,1911998
2005-07-06,41.27442672539549,41.96233383748542,41.13684477814603,41.44640350341797,1698709
2005-07-07,41.343214387238376,42.34068017635447,40.93047118961108,41.20563507080078,2297494
2005-07-08,41.65279428134804,42.16872485285316,41.48081742417967,41.7559814453125,1066369
2005-07-11,42.23749650289847,43.23495968707737,41.89354295686234,42.9254035949707,3273157
2005-07-12,43.33815426889079,44.1292486107638,42.51266509131846,43.44134140014648,3825432
2005-07-13,43.75088565143846,44.026049510542165,42.65023546333772,42.82221221923828,2413751
2005-07-14,43.23497214276265,43.23497214276265,41.6183910603304,41.85915756225586,2425936
2005-07-15,42.650251223717206,42.650251223717206,41.34322634623041,41.79036712646485,1669850
2005-07-18,42.23748909976368,42.65023223300095,41.61837177575093,41.89353561401367,2486625
2005-07-19,42.03113224618267,42.787831801453706,41.61838894269515,42.443878173828125,2563268
2005-07-20,42.65025051400482,43.26936810338744,41.82476126954733,42.20310974121094,3218231
2005-07-21,42.92539932244143,43.40693213963735,42.44386388108846,42.82221221923828,4434308
2005-07-22,43.20057330329344,43.3381552734375,42.650248046875,42.99420166015625,2891929
2005-07-25,43.33815629569099,44.26683002379265,43.13178464768595,43.99166870117188,5456496
2005-07-26,44.23243357121869,45.849014387169134,43.682105730407145,45.195499420166016,5238056
2005-07-27,45.40188258621591,45.8490233886222,44.02606796239118,45.505069732666016,1952001
2005-07-28,45.505069732666016,45.505069732666016,45.505069732666016,45.505069732666016,0
2005-07-29,44.12925185077924,45.677043188308645,43.99166987372281,44.33562088012695,2703734
2005-08-01,45.0579237298661,46.158574252230224,43.819691236167,45.84901809692383,2981291
2005-08-02,46.089784331510536,46.50252761914452,45.91780752430341,46.36494827270508,3096326
2005-08-03,46.0897797260786,46.70889721982327,44.885942195919824,45.16110610961914,3312296
2005-08-04,45.05791942130698,45.91780337972887,44.78275550494894,45.2642936706543,2921253
2005-08-05,45.50505846902153,45.88340424793348,42.99419635237956,44.98912811279297,3399304
2005-08-08,45.05792026453731,45.36747639603626,43.06298839400161,43.3725471496582,3536931
2005-08-09,43.68210349401763,45.40187134811282,43.20056797003949,44.98912811279297,6956692
2005-08-10,45.71142611165087,45.91780034736946,44.37000932442443,44.6795654296875,3690875
2005-08-11,45.0923144594586,45.298683449417645,44.37000987381473,44.92033767700195,2781074
2005-08-12,44.71396842559799,46.08978283869331,44.64517875460632,45.09231948852539,4825997
2005-08-16,45.22989687833496,45.8146169290002,44.920340748075496,45.195499420166016,3012599
2005-08-17,46.23687038984489,46.51457037680495,44.640104734026295,44.98722839355469,3365427
2005-08-18,45.43848492551285,45.88974674235549,44.674813933687375,45.264923095703125,3273103
2005-08-19,45.82033773643389,46.13274701141604,45.02195200441592,45.36907577514648,4100448
2005-08-22,45.612046894859,46.65341787690314,45.29963771892044,45.9938850402832,5861036
2005-08-23,45.8203339298205,46.16745767171308,44.43183896225018,44.57068634033203,2104709
2005-08-24,44.64011072329011,45.05665811127408,42.90448954444037,43.807010650634766,3304214
2005-08-25,43.80701104462805,44.431834780567264,43.42517549415129,44.119422912597656,5978612
2005-08-26,44.60539328568954,45.61204984817036,44.327693279826434,45.4384880065918,2397102
2005-08-29,45.716199545877046,46.16746150716445,44.29299261555059,45.36907577514648,1963861
2005-08-30,45.7856018087476,45.92445443005687,45.43847820050331,45.68146896362305,2210053
2005-08-31,45.924464341024,45.924464341024,45.12607881042522,45.4384880065918,3054353
2005-09-01,45.99389565386896,47.20882874661266,45.7509100946578,47.0352668762207,5757555
2005-09-02,47.55594486165846,48.04191590215385,46.61871197116757,47.76422119140625,4797640
2005-09-05,47.97249533490964,50.40236128830856,47.97249533490964,49.81225204467773,7724790
2005-09-06,50.12465969954213,50.26351235627531,48.87501756906708,49.22214126586914,3674732
2005-09-08,49.29156493693302,49.88167416205181,49.0485794085532,49.36098861694336,1919649
2005-09-09,48.80559537813718,49.88167569304316,48.6667427171675,49.01386642456055,1790146
2005-09-12,49.291566449812464,49.49984279292327,48.70145720658178,49.01386642456055,1895971
2005-09-13,49.11799073800159,49.49982882707739,48.59730532381782,48.73615264892578,1126428
2005-09-14,48.94444274241942,49.49984279292327,48.73616639930862,49.01386642456055,2817545
2005-09-15,49.29155837498385,51.02717662762412,49.08328206599239,50.7841911315918,4373398
2005-09-16,51.58258281285757,51.58258281285757,50.74948277302804,51.13132095336914,2508212
2005-09-19,51.02718278630454,51.37430647872839,50.92304461923995,51.13132095336914,1904296
2005-09-20,51.30488819576481,51.30488819576481,49.67340772911313,49.9163932800293,2476937
2005-09-21,50.33292973295171,50.33292973295171,47.5559405063061,48.944435119628906,1956792
2005-09-22,48.94444269970895,49.291566406799085,46.37572938591693,47.13940048217773,3891090
2005-09-23,47.83364338498711,48.90972359746489,46.96583419910812,48.3890380859375,2255600
2005-09-26,49.84696582865979,50.92304612906627,48.66674206141375,50.71477508544922,4545114
2005-09-27,50.99246829838728,51.37430647872839,49.81224986282111,51.13132095336914,2827712
2005-09-28,51.374305725097656,51.65200573430048,50.68005835043417,51.374305725097656,2319316
2005-09-29,51.374307326655085,53.595896876159856,51.374307326655085,52.83222579956055,7112917
2005-09-30,52.90163895418088,54.15128613756848,51.756135215542834,53.45703887939453,4223938
2005-10-03,53.63060771431893,54.77611689959322,53.38762220148787,54.498416900634766,3779408
2005-10-04,54.53313432782736,55.05381986769832,52.79751586159081,52.93636322021485,3495304
2005-10-05,53.07522573915445,54.1513116142673,52.24213075607198,53.665340423583984,4751617
2005-10-06,53.45704876772994,53.45704876772994,52.06855399454215,52.79751586914063,1887742
2005-10-07,52.79752042972388,53.00579148567992,51.44373473091515,52.7628059387207,1349263
2005-10-10,53.075221460123686,53.10993595524034,50.68006960434699,51.51316452026367,1135998
2005-10-11,51.82556987480222,52.38096462113504,49.15271842322824,50.71477508544922,3308096
2005-10-13,50.71477735671215,52.06855773925781,49.49984434279613,50.33293914794922,3886725
2005-10-14,50.61063254162663,50.61063254162663,46.20216295744498,46.653419494628906,8442587
2005-10-17,47.52122878978739,47.79892878796166,46.167448581632335,47.31295776367188,4111773
2005-10-18,47.41708239014032,48.00719140738811,45.820311828942415,46.06329727172852,4638294
2005-10-19,45.820320860943305,46.51456814671517,43.564017182184735,45.71618270874024,7887576
2005-10-20,46.16745300218679,47.20882412253687,45.29964373522839,46.410438537597656,2851402
2005-10-21,46.514567813104485,48.250186015086,45.99388235251003,47.694786071777344,4294814
2005-10-24,48.2848992349592,50.05522657666744,47.55593749051764,48.701446533203125,4815827
2005-10-25,49.013875693810746,49.56927584934899,48.14606626121251,48.45848083496094,4399721
2005-10-26,48.59730910496726,49.29155637789537,47.90306183203916,48.52788543701172,1735612
2005-10-27,48.944446666598296,48.944446666598296,45.50792380655484,46.47986602783203,3649945
2005-10-28,46.54928442837033,47.27824092858624,45.88974630339024,46.9658317565918,3053020
2005-10-31,47.34766779053046,49.083286188961736,46.51457307795825,48.215476989746094,3462490
2005-11-02,48.59731838020807,51.09660798042415,48.31961835869798,50.71477508544922,4605414
2005-11-04,50.71477508544922,50.71477508544922,50.71477508544922,50.71477508544922,0
2005-11-07,51.72143635684497,51.72143635684497,50.08995586667132,50.6800651550293,5662011
2005-11-08,51.37429190002574,52.1379627473106,50.47176843716181,51.166015625,7568323
2005-11-09,51.37429190002574,51.92969176897056,49.985797524349366,51.166015625,4543856
2005-11-10,51.16602471383341,51.58257733787885,50.36764454334847,50.74947738647461,5481986
2005-11-11,51.37430654254691,52.24211577468453,51.13132101688582,51.99913024902344,5099448
2005-11-14,51.89498353374104,52.79750710517629,50.40235084099183,51.235450744628906,7362401
2005-11-16,51.37430204512495,52.34624935937006,51.33958756020354,52.10326385498047,5031841
2005-11-17,52.068553928257,52.55452497957919,51.200744696119386,51.99913024902344,3318546
2005-11-18,52.03384253235079,55.123246760357496,51.9644188489918,54.776123046875,12061261
2005-11-21,54.91497041359299,55.71335601394024,54.25543747665127,54.776123046875,7364971
2005-11-22,54.84553821868265,55.53978553790648,54.01244355428873,54.290138244628906,3954213
2005-11-23,54.15131335525039,56.33819437701174,54.15131335525039,55.88693237304688,6329702
2005-11-24,55.5397829273113,56.92827750049408,55.5397829273113,56.44230651855469,8515953
2005-11-25,56.44230131021908,57.136548532747305,55.95632507643774,56.92827224731445,3013994
2005-11-28,57.13656692742693,57.41426166849115,56.16461944363919,56.96300506591797,2593127
2005-11-29,56.997702095694486,57.62252572311375,55.95633114889122,57.344825744628906,4010312
2005-11-30,57.51839671439294,57.76138224794389,55.6439308307858,55.99105453491211,4032422
2005-12-01,56.23402155700754,58.10848682356687,54.88024167523532,57.726654052734375,4910557
2005-12-02,58.07380599621124,58.90690089994178,57.44898217006921,58.17794418334961,3838044
2005-12-05,58.31677841422149,59.32343497055408,56.65058368590633,56.99770736694336,3808098
2005-12-06,59.28873457892048,59.28873457892048,55.53979720804021,55.81749725341797,2855634
2005-12-07,56.19931879981656,56.92828060921906,55.95633329557797,56.68529510498047,2401812
2005-12-08,56.99772183734198,57.41426930100074,55.53980306619211,57.17128372192383,3862714
2005-12-09,56.893569203294845,57.48368369840742,56.78943633633336,56.99770736694336,927871
2005-12-12,57.27538891759416,57.51837435669537,56.54642730360519,56.893550872802734,1027874
2005-12-13,56.89357156758384,58.45562819716385,56.26875315310162,58.21264266967773,3240425
2005-12-14,57.96966094970703,58.55977021141443,56.06048049926758,56.4076042175293,4730720
2005-12-15,56.789440059148056,56.92828742199016,54.91496888065547,55.33151626586914,1757076
2005-12-16,55.609207147793136,56.40759259462357,54.98438352433077,55.5397834777832,2539092
2005-12-19,56.09520176322207,57.20599673644971,56.09520176322207,56.72002029418945,3962230
2005-12-20,57.20597219566294,57.865504938390366,56.7199959618816,56.92827224731445,3783016
2005-12-21,57.62252165421032,58.31676890305623,56.164603490971146,56.477012634277344,5283897
2005-12-22,56.92828369007336,57.3101218578889,56.44231265529633,56.99770736694336,2028362
2005-12-23,57.62253487885183,57.62253487885183,55.88691635840448,56.06047821044922,2076143
2005-12-26,56.19930137416985,56.19930137416985,53.10990385673326,53.387603759765625,2190093
2005-12-27,53.45704660436983,54.77611764485401,52.936361085496095,54.46370315551758,1967948
2005-12-28,54.84554057513017,55.331511600792,54.18600771220528,54.56784057617188,2111519
2005-12-29,54.84553983082242,55.29680166091972,54.25543065147372,54.60255432128906,3095865
2005-12-30,54.49843876713952,55.88693402235327,54.49843876713952,55.47038650512695,2372526
2006-01-02,55.88690858965885,55.88690858965885,54.88025210640797,55.05381393432617,1260827
2006-01-03,55.53978437693763,56.61586981791543,55.19266072458177,56.3034553527832,2689642
2006-01-04,57.24070189011739,61.51032489795799,56.581168911056295,60.92021560668945,10009809
2006-01-05,61.02433849670163,62.96822775127925,60.46893854014429,60.85077667236328,10616911
2006-01-06,61.05906760979944,61.54504405455409,59.01103953292044,60.6772346496582,4817533
2006-01-09,61.09377753127456,61.26733939926113,59.70528258738195,59.98298263549805,2970951
2006-01-10,60.052406267562816,61.71860125802352,59.63585884411961,60.92021560668945,7098144
2006-01-12,60.53836077665343,62.58639343334896,59.21929518027408,61.2673225402832,7482608
2006-01-13,61.4408859938718,63.176504242286256,61.4408859938718,61.78800964355469,6361627
2006-01-16,62.13515165820994,62.65583728663069,61.093780401368434,62.10043716430664,3167202
2006-01-17,62.169857743096536,62.72525249361048,60.46894840897206,61.19791030883789,3981798
2006-01-18,61.71858075776434,63.03765157443578,60.0523863207418,62.27397537231445,3284491
2006-01-19,63.17651060330309,63.731910617391584,62.58640139876351,63.00294876098633,5055892
2006-01-20,63.03766550182286,63.87076025605298,62.34341810773533,62.55168914794922,3046342
2006-01-23,62.58641128298057,63.1765205807156,61.16320183254203,62.48227310180664,3170472
2006-01-24,63.03766240935772,63.03766240935772,61.96157688263711,62.23927688598633,2271252
2006-01-25,62.482268523616064,62.621115890549085,61.44089738155579,61.718597412109375,4526773
2006-01-27,62.48224161831878,64.21785944104985,62.20454170734476,63.766597747802734,6299696
2006-01-30,64.21789801581788,64.21789801581788,62.51699364650673,62.829402923583984,24384960
2006-01-31,63.870736435143776,63.870736435143776,61.23259520284415,61.4755859375,10238436
2006-02-01,61.788013089087706,62.06571308365693,58.837461902249245,59.18458557128906,13490665
2006-02-02,59.70528648487952,60.29539581521801,58.83747708829696,59.115177154541016,9438904
2006-02-03,57.483672679969686,59.56641436697314,57.483672679969686,58.73331451416016,6126416
2006-02-06,59.35814752560975,60.12181853970127,58.62918570048015,59.91354751586914,4218387
2006-02-07,60.364784618095285,61.440869766579496,60.0523755345664,61.16316986083984,7881829
2006-02-08,61.09377288818359,61.788020307367496,60.05240175940773,61.0937728881836,4310150
2006-02-10,61.09374620857622,61.71856967231915,60.85076077731096,61.16316986083984,3728655
2006-02-13,61.440890415618455,61.78801409028296,59.91354836576938,60.88549041748047,4162860
2006-02-14,61.09377833315867,61.09377833315867,59.35815963051211,59.73999786376953,4264413
2006-02-15,60.36480317256512,60.36480317256512,58.80274668141745,59.21929931640625,6285585
2006-02-16,59.28872299579894,60.15653215763239,59.25400851065089,59.42757034301758,2947478
2006-02-17,59.427581051405056,60.33010486101432,59.254019187763866,59.39287185668945,2755344
2006-02-20,59.3581588514088,60.46895374718531,58.35150213576181,59.98298263549805,5727559
2006-02-21,60.399520877556135,60.53836823216305,59.705273511147446,60.26067352294922,3585362
2006-02-22,60.7466398246394,62.41283443345255,59.42756887196704,59.63584518432617,2777411
2006-02-23,59.63583803053606,60.50364706678749,58.35148171622113,58.73331451416016,7285416
2006-02-24,59.56641555056904,60.53835745313451,59.01101563765781,60.087100982666016,3815493
2006-02-27,59.98297287144016,61.96157678507142,59.98297287144016,61.44089126586914,4855349
2006-02-28,61.961572931393,62.37812026151041,59.84411649965672,61.302040100097656,7018667
2006-03-01,61.09375669617846,63.52362201932192,60.81605674276771,63.10707473754883,9599349
2006-03-02,63.731916782705646,64.9121353059571,63.17651671488873,63.41950225830078,8549358
2006-03-03,63.87077957009723,64.21790337210862,62.516998860928325,63.280670166015625,3634458
2006-03-06,63.1765022277832,63.73190216824047,62.96822592594014,63.1765022277832,2217521
2006-03-07,63.31534621101156,65.05096431215426,62.482251641137495,64.77326965332031,5601637
2006-03-08,65.25923645718282,66.05762179232593,63.52361846630029,63.90545654296875,8655756
2006-03-09,63.90548368090749,68.38337788028115,63.627783625101735,68.07096862792969,13176079
2006-03-10,68.73049014824689,70.81323227395134,68.31394278244342,68.93876647949219,13801152
2006-03-13,69.42474676218549,70.04957054238274,67.37671885137615,67.93211364746094,4819708
2006-03-14,68.03626331222027,69.70245857512259,67.41143942654581,67.86270141601562,4403170
2006-03-16,68.90404892012388,70.60495279494337,68.45278708700232,68.97347259521484,4491105
2006-03-17,69.14705838859224,69.14705838859224,66.78661554087135,67.86270141601562,3201369
2006-03-20,68.03623596418674,70.08426339749528,68.03623596418674,68.76519775390625,3290895
2006-03-21,68.76519594216781,69.2858814077672,67.02957772350317,67.51554870605469,2164216
2006-03-22,67.6543919834221,67.68910646438599,65.95348834991455,66.64773559570312,2908685
2006-03-23,67.30729913678034,67.30729913678034,65.7799566163428,66.78661346435547,3715125
2006-03-24,66.9948501586914,67.34197373464318,66.50887927103311,66.9948501586914,2149349
2006-03-27,66.99485966648915,68.97346327087723,66.99485966648915,68.2445068359375,3669251
2006-03-28,68.73050154364755,70.04957283463091,67.8974066739149,69.0082015991211,9164109
2006-03-29,69.28589408408246,71.85460739899474,68.45279400869035,71.54219818115234,6013516
2006-03-30,72.41000123037671,72.89597226010261,70.60495387039602,71.195068359375,6431502
2006-03-31,72.2017303436743,73.10425409164517,70.88265921075048,71.71575927734375,4496870
2006-04-03,72.20173713235293,74.21505586172728,71.71576602032955,73.7637939453125,7613310
2006-04-04,74.35388696785364,74.97871061565476,72.27114500630766,73.00010681152344,2986466
2006-04-05,73.24309853527033,74.4580314493625,72.75712748830833,74.28446960449219,3034814
2006-04-07,74.56216590162141,77.09616976984461,73.59021855942372,75.15227508544922,9612506
2006-04-10,74.978726056732,78.58881074819583,74.978726056732,78.3458251953125,6632278
2006-04-12,78.51936890581547,79.07476886686077,74.0067614365538,75.39525604248047,6147711
2006-04-13,73.9026397294024,77.58215337268821,68.03625083242456,75.8465347290039,8671358
2006-04-17,78.38053884299134,82.44188540131876,76.85319126175426,81.85177612304688,14414682
2006-04-18,82.61542299411954,83.93449383235448,79.42188669402022,80.42854309082031,12699417
2006-04-19,80.53270489728823,82.85843281558788,79.83845744127711,81.85177612304688,9413563
2006-04-20,82.615437219498,82.615437219498,80.67154246036439,81.57406616210938,5365232
2006-04-21,81.92119752705729,84.00393983706722,81.08810272172835,83.17084503173828,7247385
2006-04-24,83.51796873244456,83.86509245070629,82.26832122802733,83.3096923828125,3794749
2006-04-25,83.06669280145495,84.45518743985224,81.05337451644155,81.36578369140625,2617888
2006-04-26,81.71290370618955,82.85841279110906,80.60210910435622,82.23358917236328,6138139
2006-04-27,82.75429620173114,84.42049118698293,80.567420911319,80.8451156616211,5421340
2006-04-28,79.83845897387432,81.64350133481565,72.20173681115591,80.70626831054688,5573862
2006-05-02,87.47517386306252,89.03723053918864,83.72623678102237,84.80232238769531,12872412
2006-05-03,82.2682961410699,88.86364477685187,82.09473433486511,87.5098648071289,16789596
2006-05-04,88.87449764876229,88.87449764876229,82.5763049019996,83.31109619140625,19381781
2006-05-05,83.2760969053697,84.99060264721572,80.72182899970718,82.3663558959961,22889873
2006-05-08,83.97589888602558,84.29080637123063,82.71625826711765,83.80094909667969,4404177
2006-05-09,84.60573820111767,85.27054541435525,83.62601809288986,84.18585968017578,4406845
2006-05-10,84.50073623003622,84.67568599448765,81.35164046991066,81.80651092529297,5616926
2006-05-11,82.57630562296019,83.06616292747871,79.49718807429521,80.23197937011719,5661165
2006-05-12,79.70711333629292,79.91704984911418,72.95405139586909,74.03874206542969,19569839
2006-05-15,74.17873193355254,75.99820919618908,68.93023674957476,70.78470611572266,15588360
2006-05-16,72.07933013356909,76.90794652100556,67.91552630516057,76.13816833496094,15983127
2006-05-17,77.67769733297413,78.65741710588335,75.05345080145473,76.1031494140625,10976437
2006-05-18,75.57830592564174,76.2081262094975,67.18071637834822,68.58031463623047,15086123
2006-05-19,72.07929770660726,72.63913904771256,64.73140813457448,66.41092681884766,16412603
2006-05-22,67.53062043279013,68.75526898986145,63.366817474365234,63.366817474365234,17556584
2006-05-23,64.3815178746153,68.09045527909639,62.98191965994975,66.51590728759766,15032050
2006-05-24,66.69084926268677,69.07016167804258,65.08130936849396,66.27096557617188,10328748
2006-05-25,65.85108679459766,68.82523263322918,60.88251481433944,66.97076416015625,9768602
2006-05-26,67.53062500014501,70.32982189134273,67.53062500014501,69.03519439697266,11157457
2006-05-29,66.55090548582534,70.88966390095052,66.55090548582534,68.51034545898438,6270781
2006-05-30,68.58030623998067,69.28010528324577,66.2009884250707,66.72583770751953,4084810
2006-05-31,65.08132580785667,66.4809242123267,61.86225054538443,64.94136810302734,11097202
2006-06-01,65.64116600243946,68.93022005204638,62.457077559849125,64.1365966796875,10164524
2006-06-02,62.98193146651936,66.16602013738897,62.28213222800248,65.25627899169922,7316612
2006-06-05,65.08131928306696,65.95606819816194,62.98192188683899,63.12187957763672,3282740
2006-06-06,62.28211370377564,63.68171176453465,60.56760821496302,62.91193389892578,9204198
2006-06-07,63.15687291953111,64.13659279163176,60.39266842875363,61.75727462768555,9710515
2006-06-08,61.75727546662007,61.96721734886634,56.05391128206394,60.917518615722656,9485902
2006-06-09,61.23240905853691,65.04631125856598,60.182710617533424,64.06659698486328,6903963
2006-06-12,63.08688913860743,64.38151638950067,62.80696843432266,62.94692611694336,5330688
2006-06-13,62.00220426821622,63.61174446560416,59.552907217696045,60.53262710571289,11826791
2006-06-14,60.88253559706677,62.94694127767129,58.15331741628589,59.09804534912109,8238467
2006-06-15,61.23243766423528,65.0463416459897,60.39268065474371,64.34654235839844,6717671
2006-06-16,65.64115832776828,66.48091511998224,63.156869363983134,63.96163940429688,6448736
2006-06-19,64.38152109254257,64.73142066369769,62.17715272645655,64.45149993896484,8910313
2006-06-20,64.5564818822586,64.5564818822586,62.35211314042133,63.19187545776367,10745030
2006-06-21,62.98190761160507,65.43120401872304,62.63200812487393,64.97633361816406,10052607
2006-06-22,65.78112541655007,67.18072382966815,65.78112541655007,66.3759536743164,6393451
2006-06-23,65.74613056223949,67.8105413384033,64.41651639679638,67.3206787109375,4434250
2006-06-26,67.53063955974906,68.82526733324084,65.43124143872059,65.85111999511719,6274733
2006-06-27,66.48092683660921,66.725855499251,64.59147105160756,66.13102722167969,5582981
2006-06-28,65.50120379745304,67.11074408681112,64.38152614961638,65.46621704101562,2382440
2006-06-29,66.13101028224533,67.39065070895293,65.22126938084061,65.67613983154297,6213385
2006-06-30,67.11073294502334,69.97990810971292,66.51590479389944,69.59501647949219,6714475
2006-07-03,69.97990861980598,70.04988746061713,68.75526021895938,69.31510162353516,3792558
2006-07-04,69.31510124237823,70.99461476878345,69.21013031221709,69.4200668334961,3550842
2006-07-05,69.28011506729675,72.07931163567238,68.65029477160348,71.9393539428711,6656401
2006-07-06,70.67971148179636,72.39421719895518,70.3997907645548,71.83438110351562,6294986
2006-07-07,72.0793189628503,73.19899663621193,69.31511420620336,70.08489227294922,7337741
2006-07-10,70.32982069443757,72.42921832710735,69.63002148354764,72.21927642822266,3573338
2006-07-11,72.77911824956243,74.35366648092315,71.44949867527119,74.07374572753906,5026009
2006-07-12,74.14371518377271,76.9079249319048,72.07930989992626,76.34808349609375,9758667
2006-07-13,76.3481049280394,77.25784618184812,75.2284270811522,76.13816833496094,5904796
2006-07-14,74.98348046245411,75.57830867589078,73.33895351740784,74.87850952148438,5109642
2006-07-17,73.51390901095948,75.8582352923405,72.14929735054181,72.8141098022461,7863916
2006-07-18,72.7791091272279,74.17870737967459,70.25983334063258,71.48448181152344,6401087
2006-07-19,72.21927503637511,73.30396592796747,68.96521303968635,69.63002014160156,8341761
2006-07-20,71.37951208126194,73.8987879104389,71.02961251223614,72.46420288085938,8002751
2006-07-21,72.11430942799998,72.11430942799998,69.28012054290005,69.63002014160156,5207255
2006-07-24,69.2801086602463,70.60972797506977,67.56560305629185,70.11986541748047,4462205
2006-07-25,71.37951007437059,72.88407924668809,70.5397532679366,72.5341796875,5483767
2006-07-26,73.09401687208019,74.5286072218267,72.95405918192895,73.68885040283203,4895078
2006-07-27,73.82880259886353,74.17870213724677,72.14928374681534,73.02403259277344,3932696
2006-07-28,73.47891998291016,74.45863998382453,72.0793215070452,73.47891998291016,4750977
2006-07-31,74.17870407469535,75.29838155895754,72.53417726914994,73.1290054321289,3333416
2006-08-01,72.77910293722427,73.40892316506657,71.02960527046406,72.11429595947266,3709671
2006-08-02,72.42921864259338,74.21370877375325,72.11431113193895,74.07374572753906,6016780
2006-08-03,74.84353132682786,75.57832271102521,73.82882450012185,74.24870300292969,6416261
2006-08-04,74.24868978567,75.01846779362774,73.47891177771227,74.1787109375,3654435
2006-08-07,72.95407491515189,74.17872365473477,72.49920431549785,72.74413299560547,2438858
2006-08-08,73.93378849530693,73.93378849530693,71.5544700848242,73.54889678955078,1182422
2006-08-09,73.75883006961901,74.9484864662888,72.84908905637009,74.7735366821289,2420495
2006-08-10,74.7385251966002,75.75323147332823,73.6888268390021,74.49359130859375,4240621
2006-08-11,74.80853672118597,75.50833593216238,73.72384580855484,74.42364501953125,2707224
2006-08-14,75.22840853090639,75.92820768003111,74.52860938178168,75.57830810546875,3121337
2006-08-16,76.2781260636799,76.87295441930326,75.64830560635427,76.13816833496094,5428626
2006-08-17,76.27811289005632,76.62801249046943,74.9484933406777,75.6482925415039,1489328
2006-08-18,76.27811003714936,77.36280089347872,75.12344033116354,77.01290130615234,3805996
2006-08-21,77.60775220117617,77.74770994136203,75.71829067439364,77.36282348632812,2541538
2006-08-22,77.67770853573579,78.37750771173341,76.41806788332248,76.83795166015625,3253390
2006-08-23,76.97789561338912,77.50274490166223,76.13813888776937,77.0478744506836,5257839
2006-08-24,76.31309233240415,80.05701636824344,76.27810024254713,79.74210357666016,6012170
2006-08-25,79.7770803094675,80.4069004323507,79.60213057194673,79.91703796386719,2521533
2006-08-28,79.77709855704472,81.45661748921226,79.42719900196997,81.17669677734375,2519876
2006-08-29,82.57628782849946,82.57628782849946,79.98703348135864,80.30194091796875,2669121
2006-08-30,80.30194091796875,80.65184044266579,79.18226350674686,80.30194091796875,1868165
2006-08-31,80.75682615040625,80.75682615040625,78.06260038487017,78.6224365234375,3987100
2006-09-01,78.72741818405912,80.1270167295535,78.58746046512759,79.53218841552734,1028343
2006-09-04,80.68683841081014,80.68683841081014,79.77709744468322,80.02202606201172,1127061
2006-09-05,80.02202529742985,81.31665255297658,79.77709668244155,81.07172393798828,2405648
2006-09-06,76.97791085924118,81.87650518664742,76.97791085924118,81.63157653808594,3324194
2006-09-07,81.1766970415652,81.80651731055846,80.47689792913792,80.82679748535156,2254941
2006-09-08,80.82680526369306,81.52660444346529,80.30195587886388,80.65185546875,1012248
2006-09-11,80.47690096768466,80.89677938318557,76.31309822714803,76.9779052734375,2143963
2006-09-12,76.97789318165533,78.55244099673465,75.29837444442882,78.23753356933594,2739247
2006-09-13,78.93733914935186,79.84707475902742,78.58743960585126,79.39220428466797,2054807
2006-09-14,79.917062314605,80.75682451400567,79.81209671134334,80.54688262939453,2414867
2006-09-15,81.00176667128534,81.1767164913097,79.84709679131551,80.68685913085938,2166540
2006-09-18,81.17670236535548,81.84150943014386,80.93177372775155,81.2466812133789,1767339
2006-09-19,80.02202453077771,81.5965724765304,78.90234705938447,79.39220428466797,2128721
2006-09-20,79.39220809159431,79.98704161530279,78.27253056651155,79.6021499633789,2663412
2006-09-21,79.84708102921608,81.31665815951209,79.67213124372743,81.14170837402344,4088502
2006-09-22,81.80650107819746,82.57627888131648,80.89676027693885,82.22637939453125,3123046
2006-09-25,82.5762924152155,82.99617080036556,81.5265937828187,81.94647216796875,3923318
2006-09-26,81.52661842069645,82.54132526971375,81.21171087142763,82.05146789550781,2320461
2006-09-27,82.2263851057053,82.57628461679342,81.7715146734822,82.12141418457031,3704594
2006-09-28,83.13615044549356,83.13615044549356,80.30196143567548,80.72183990478516,2827383
2006-09-29,81.00175214907674,82.57630024700696,80.5468816307548,81.77153015136719,1649552
2006-10-03,81.77151680805842,82.57628677237747,81.10670985525392,81.8764877319336,1268719
2006-10-04,82.50630793614168,82.54129468473809,81.3166463639613,81.8764877319336,3163500
2006-10-05,82.576302006907,84.67569951555717,82.01646053564936,84.43077087402344,5821052
2006-10-06,84.67569878900419,86.49517554641368,84.01089171925354,85.3055191040039,4299394
2006-10-09,85.37548352908046,87.12498114238127,83.97588543843979,86.56513977050781,3244352
2006-10-10,86.63512621988073,87.68482481540897,85.5854276243525,86.145263671875,3610815
2006-10-11,87.05501624632196,87.2649527901107,83.13614203278287,83.80094909667969,2951550
2006-10-12,83.97591296537422,85.30553265513494,83.27611369066277,85.0256118774414,994709
2006-10-13,85.65542019191682,86.07529862961836,84.64070818350712,85.51545715332031,1830845
2006-10-16,84.78066608821948,86.35521413853664,84.6756951503896,84.92062377929688,1294837
2006-10-17,84.92062255045668,85.37549304844153,83.62599524007183,83.94090270996094,1944649
2006-10-18,83.83594308652266,85.025599545367,83.52103025515046,83.90592193603516,2362403
2006-10-19,83.97590208055254,85.16555855774274,83.31109499136579,84.710693359375,1851454
2006-10-20,85.37547690784181,85.72537640336576,83.69595826151837,84.99058532714844,3739531
2006-10-23,86.07530146209757,86.07530146209757,84.36079556046208,84.57073211669922,2699852
2006-10-26,84.57072298878275,85.02559348676759,83.62599524007183,83.94090270996094,3454501
2006-10-27,84.25582108163593,84.99060700623711,84.0108924401022,84.43077087402344,3280207
2006-10-30,83.94090679253885,84.85064783275502,83.6259993073338,83.80094909667969,1268681
2006-10-31,84.32577631524268,84.64068371773241,81.21167301847105,82.22637939453125,1887985
2006-11-01,81.91149750456572,84.18584487704825,81.87650540937142,83.66099548339844,3422277
2006-11-02,84.33425303183839,85.5035945964299,83.66099855274149,84.6885986328125,3803138
2006-11-03,84.75946161196275,88.12574462026846,83.83816634855712,87.70053100585938,5868904
2006-11-06,88.05489835683366,91.244009363721,87.3462070219698,90.88966369628906,8268475
2006-11-07,90.14552448759147,93.51180791203444,89.93292035754722,92.73225402832033,8610712
2006-11-08,92.83853216380656,95.03547885349536,92.12984107858664,93.08657836914062,7532172
2006-11-09,93.54724663486384,94.61028352844184,92.12986411009318,92.94485473632812,3992708
2006-11-10,93.4763597488422,95.63786995122273,92.12985086933638,95.21266174316406,7769234
2006-11-13,96.16939388788344,99.03959541692386,95.31896660877466,97.0198211669922,5760207
2006-11-14,97.6576754090797,98.15375721782326,95.0355194367732,96.09855651855467,3545340
2006-11-15,96.13394156785974,98.50806103337996,92.980268395372,97.48046112060548,2910626
2006-11-16,98.08283529605308,100.27978183851684,94.82286301076438,97.9056625366211,6406124
2006-11-17,98.18914114553812,99.14586751636702,95.88589537365758,96.45285034179688,2526969
2006-11-20,96.55916642759895,96.73633921003491,92.59049177552605,94.5748291015625,4352751
2006-11-21,95.67330254186592,97.62220314920025,95.00004813117684,97.1261215209961,2272404
2006-11-22,97.12611262165656,98.96870290240848,97.12611262165656,97.65763092041016,4165866
2006-11-23,97.8348114806686,98.61436522601647,96.66546464199428,97.33872985839844,1610612
2006-11-24,96.94894713353035,99.14588311171244,95.67330095800334,98.2954559326172,1453534
2006-11-27,98.29546388713506,101.83891976492484,97.19699040226638,101.41371154785156,3529719
2006-11-28,101.342832497434,102.19325969829512,99.7128407210852,101.62630462646484,3035458
2006-11-29,102.0515099158654,104.77997474953946,100.9884733542418,103.64606475830078,4939697
2006-11-30,106.0556197642753,106.0556197642753,101.48456429001526,102.33499145507812,2382519
2006-12-01,103.4334806446846,103.4334806446846,101.20110764341324,101.69718933105467,3439857
2006-12-04,101.697175592275,103.11455783049486,101.697175592275,102.37042999267578,1715243
2006-12-05,103.46889785990363,104.88628002236808,99.28762480614064,100.42152404785156,4048278
2006-12-06,100.63414873395648,101.8034848690898,98.15372957502092,99.21676635742188,4024513
2006-12-07,99.9254666326163,100.59872115994014,98.54352085257888,99.89002990722656,2939229
2006-12-08,100.49239578591954,101.05935080409289,98.79153073139952,100.06717681884766,3446106
2006-12-11,99.2167794951178,100.20894296456066,95.24810398980478,97.40961456298828,4713758
2006-12-12,96.38197697711064,98.15370449507223,88.6218126111922,93.12199401855467,5261191
2006-12-13,97.79937537962068,97.79937537962068,92.30701915359126,95.03548431396484,5097089
2006-12-14,96.38199029204212,99.9608825354929,95.07090742212108,98.26001739501952,3274469
2006-12-15,100.24435202788824,100.63413428823706,97.16155228971348,99.32305145263672,5746745
2006-12-18,99.32306406766637,100.27980148151356,95.8504816280898,98.86241912841795,2994463
2006-12-19,98.86242254499678,99.35850422297044,95.1772304623458,95.81504821777344,3621144
2006-12-20,97.37416233461386,97.62220856937216,93.72440713829016,95.00005340576172,3894813
2006-12-21,95.67330977126194,95.67330977126194,92.83854503729862,94.00788116455078,2295295
2006-12-22,94.61028579216288,97.76395982248084,94.25594015249187,96.84265899658205,4067628
2006-12-26,99.07502746582033,99.53567239959018,96.59460837740303,99.07502746582033,1960507
2006-12-27,99.07501318328836,101.27194899948896,98.50805816777071,100.52783203125,3380691
2006-12-28,101.41368371379195,102.72475554047516,100.38607314025622,102.1932373046875,4025818
2006-12-29,102.19326458434828,102.44131081943624,99.60654613851804,99.9608917236328,1557732
2007-01-02,107.7210638604566,107.7210638604566,99.92546055476564,102.47675323486328,1262223
2007-01-03,103.8232620155466,104.42565386810712,102.08697071797228,102.79566192626952,2038376
2007-01-04,104.1776298548142,104.1776298548142,100.70504651849583,101.09481811523438,1481567
2007-01-05,100.98848637229084,102.01608635157098,97.48046742948075,98.0119857788086,1838269
2007-01-08,99.07505451685915,99.07505451685915,96.38202517995886,96.91354370117188,1728881
2007-01-09,98.15371474161309,99.8900057277184,97.01980468623898,98.57893371582033,1630830
2007-01-10,99.21677521901064,99.21677521901064,91.77551707758484,96.59461975097656,1397885
2007-01-11,97.72848809741944,100.31521682892595,96.63002565883514,98.89783477783205,3423412
2007-01-12,101.5554360841532,101.5554360841532,99.21675330771772,100.13805389404295,2860121
2007-01-15,100.5632598996192,103.1499888291886,100.1026150232494,102.08695220947266,2913453
2007-01-16,102.05151184975642,103.9649755341859,100.98847526798812,102.01607513427734,2393008
2007-01-17,101.9806513358304,103.61064313041926,101.44913297762326,102.4413070678711,1971258
2007-01-18,99.21676723270184,108.42975276145272,99.21676723270184,103.07913208007812,1556427
2007-01-19,103.46892559580732,106.02021849765056,100.63416051099068,105.55956268310548,2774379
2007-01-22,105.94933939369253,106.23281156154556,103.36262071728096,104.0713119506836,1661122
2007-01-23,103.5397846067416,103.64608395708738,95.67330826808066,97.09069061279295,12478326
2007-01-24,100.2797759898994,100.2797759898994,95.46067505165978,97.62218475341795,7191419
2007-01-25,98.508060897606,99.00414249476846,96.55916041222171,97.79936981201172,3988816
2007-01-29,97.799399945989,98.50809124994544,94.82289863212615,95.14180755615234,4840274
2007-01-31,96.38202094599376,97.941139710307,94.25594695453805,97.3033218383789,3726442
2007-02-01,97.72850612972027,99.9254530397906,96.45287069937636,98.7206802368164,2443111
2007-02-02,99.35851856473695,101.9452483101704,99.35851856473695,101.23655700683594,5160436
2007-02-05,101.66172140042087,102.40584911034274,100.35064954366943,101.44911193847656,1889444
2007-02-06,101.0593719482422,102.76022654485602,100.38610664055317,101.0593719482422,3434907
2007-02-07,101.94520942636026,101.94520942636026,99.92543565672813,100.35065460205078,2081704
2007-02-08,100.6341430018188,101.0947879224464,99.9608885740674,100.45697021484376,1405821
2007-02-09,101.20109945481062,101.44913487167688,95.67330626349911,98.40177154541016,2714150
2007-02-12,98.437196200575,98.86241521518004,92.55506831907392,93.83070373535156,5380732
2007-02-13,93.22833209150038,95.2126696689293,89.96834815616931,92.661376953125,14078745
2007-02-14,91.59832719245568,94.96461000997338,89.86203611248968,93.5826644897461,9521742
2007-02-15,94.96464245672418,97.23245265114528,94.57486004508024,96.91354370117188,3072464
2007-02-19,97.58676068874804,98.15371572209855,93.37005087643674,93.97244262695312,6062522
2007-02-20,94.25591614206138,95.67329833968635,91.70462386082922,92.09440612792967,3615225
2007-02-21,92.7005376120151,94.30496999376152,91.52395821770244,93.52057647705078,3208667
2007-02-22,93.80581805625958,94.41193044455451,83.43048618755402,89.77690887451172,13762461
2007-02-23,89.1351334865405,91.45264695719057,85.14188059441884,87.8515853881836,8034115
2007-02-26,86.28279409565663,91.9517854158738,86.28279409565663,90.88216400146484,5536177
2007-02-27,91.2743566064575,92.52224820068642,88.707266414976,89.59861755371094,3978755
2007-02-28,88.42206178386309,88.42206178386309,76.65622291746195,82.57479858398438,14710848
2007-03-01,84.14357455380335,84.78534866813665,75.08744624831614,79.65116119384766,17713350
2007-03-02,77.01273969882376,82.50346063083036,77.01273969882376,78.2962875366211,8914270
2007-03-05,76.37097607523953,80.75642543179649,73.44734498432705,79.86507415771484,12005451
2007-03-06,80.57815725279315,82.71740036569916,77.83279634597241,80.79208374023438,6658120
2007-03-07,81.79040210383644,82.00432861550603,71.30811183957046,74.017822265625,10796190
2007-03-08,73.44733057386095,80.93467980711863,73.44733057386095,80.47117614746094,12244065
2007-03-09,78.61719290422653,84.32184182244704,76.19271602590737,78.47457885742188,21467196
2007-03-12,79.5085381899327,80.4355457440826,74.3030442757864,75.15874481201172,10539927
2007-03-13,74.37436198748048,78.22499563116325,73.83955115470486,75.55094146728516,10667492
2007-03-14,73.3760368331717,76.94144187423566,71.02286732991894,75.69355010986328,9832747
2007-03-15,76.4422846249037,78.33195045199761,75.08743501338029,75.62224578857422,6891127
2007-03-16,76.29967966834039,76.76318348337303,72.87688812389013,74.017822265625,3798858
2007-03-19,72.73427512428977,76.90579863893093,72.05685022820464,76.47795104980469,4384453
2007-03-20,76.33534622261827,80.00771012663827,76.2996899857261,79.04505157470703,4668910
2007-03-21,79.15199144762408,79.86507245165673,75.05177567443634,75.907470703125,8901939
2007-03-22,76.29968282911513,77.97542243868843,74.26740264557398,77.01276397705078,8952391
2007-03-23,77.01275724571475,78.90242321065259,74.5169734460851,75.08744049072266,7891443
2007-03-26,74.8735060321956,76.58490154386392,73.94649854326549,74.37435150146484,4159746
2007-03-28,74.16044034895747,74.80221447851433,72.73427803455444,72.87689208984375,7092280
2007-03-29,73.30471718577562,75.5865738426099,72.19943963739861,74.51695251464844,9038188
2007-03-30,72.80556768366085,76.94143958435656,72.80556768366085,76.08573913574219,4268068
2007-04-02,76.29967599891754,76.65621654096856,73.0908111204584,73.98216247558594,3630821
2007-04-03,74.1604386088553,75.5509446566204,73.44735746838555,75.26571655273438,2691311
2007-04-04,72.05685335058976,75.94314349408934,71.45073001265419,74.69525146484375,16008883
2007-04-05,74.87351658858688,77.19103019728124,74.16043547821938,75.55094146728516,5653220
2007-04-09,75.80051709348035,77.86844776714572,75.80051709348035,77.36929321289062,3521364
2007-04-10,77.72584433650316,79.50854718825781,77.36930376615223,78.01107788085938,3997059
2007-04-11,76.37097385801141,78.40325361584043,76.29966684623038,76.9057846069336,3537829
2007-04-12,75.58659476594349,77.08406395153303,75.58659476594349,76.4066390991211,6082136
2007-04-13,76.65621569671798,78.18934109872771,76.15706111949474,77.40495300292969,6642080
2007-04-16,77.44060322250196,80.5068540039518,77.44060322250196,80.04335021972656,5976045
2007-04-17,80.57815766386933,82.28955325100029,80.29292415928474,81.11296844482422,7353818
2007-04-18,81.6121217036382,82.39651518890373,80.32857911392247,80.68511962890625,1898360
2007-04-19,81.96865492077494,82.11127437829664,78.43890631284722,81.00599670410156,5948100
2007-04-20,82.50345384048951,83.25219092431007,81.64775897930195,82.36083984375,6393236
2007-04-23,83.28785438990808,83.28785438990808,80.36421823900812,82.03996276855469,7864206
2007-04-24,82.03995667977188,85.3557783895476,81.54079680405137,85.106201171875,6820741
2007-04-25,85.56970126675195,89.84818633008955,83.43045873508315,85.85493469238281,4663115
2007-04-26,86.354118663413,86.56804516595062,84.21487539954458,85.03491973876953,6859220
2007-04-27,86.28279256517932,86.28279256517932,82.89565814629832,83.68004608154297,2383474
2007-04-30,83.43049288283228,84.8566551543337,82.39652741214469,84.10791778564453,1679551
2007-05-03,84.8209861999848,87.5306962855874,84.07225438396739,86.853271484375,5534450
2007-05-04,91.27437142671518,91.27437142671518,84.92794920037609,85.74799346923828,6751038
2007-05-07,85.64102935791016,86.96022815597203,84.46444458760443,85.64102935791016,5503688
2007-05-08,85.64099533743357,87.03150603737622,85.03487779968259,85.9975357055664,4657160
2007-05-09,87.35243655401254,87.35243655401254,85.03492293115099,86.38977813720703,1970096
2007-05-10,86.92456276737047,87.28110321724454,85.64101497167366,86.14017486572266,5030728
2007-05-11,85.28449111973164,86.71065319678527,84.21486956194143,85.24884033203125,3827368
2007-05-14,85.85495066560905,88.8498885910005,85.5697171869108,88.20811462402344,3411973
2007-05-15,86.99587957056526,88.99250849095819,86.99587957056526,87.99419403076172,4979755
2007-05-16,86.67500024941039,88.42204657411943,86.67500024941039,87.67330932617188,11244422
2007-05-17,87.70896055065185,89.13512251082506,87.49503408047542,87.99419403076172,2938412
2007-05-18,87.70897381860506,88.84990247125948,84.42880190208221,85.03491973876953,8505275
2007-05-21,89.1351300101678,89.1351300101678,83.71571519362492,84.46444702148438,7111273
2007-05-22,84.1435652813843,84.50010581223762,82.25389937978633,82.75305938720703,5351899
2007-05-23,83.07394663701798,84.32183853929078,81.43385796073723,81.8973617553711,5996993
2007-05-24,82.71739156971806,83.18089528296841,80.7564189247463,82.00431060791016,3226734
2007-05-25,81.64776884267813,81.96865309429374,80.15029993451205,81.18426513671875,3273174
2007-05-28,81.43384405419206,83.43047293301287,81.43384405419206,82.71739196777344,3534766
2007-05-29,82.71740522356122,82.71740522356122,81.36255008441027,81.79039764404297,3174491
2007-05-30,81.64776833093606,83.00262321664249,80.97034360827078,82.18257904052734,3250933
2007-05-31,82.57478358289922,83.85832614364875,79.93638056733512,80.86338806152344,6386333
2007-06-01,81.64779070551029,82.36087184704313,81.29125013474388,81.8617172241211,1797616
2007-06-04,85.92625454622458,85.92625454622458,80.43553340282367,81.18426513671875,2015473
2007-06-05,81.29123161517917,81.29123161517917,79.686799412248,80.1146469116211,2734323
2007-06-06,82.50347755150676,82.50347755150676,78.65284412913795,78.93807220458984,1837202
2007-06-07,79.15198429020307,81.46949734374506,77.83278564010818,78.1180191040039,3188961
2007-06-08,77.01273707724624,78.86674632621596,76.65619662781454,77.97539520263672,4630598
2007-06-11,77.97540908784751,79.00937983954562,77.40494753139906,77.93975830078125,3259309
2007-06-12,78.08237093145198,79.75811022409735,77.939756904988,78.43891143798828,5610288
2007-06-13,78.43890925566718,79.08068323765244,77.58321423993767,77.90409851074219,3239795
2007-06-14,78.43893363018572,79.79378902641906,77.86846648217866,79.04505157470703,4917173
2007-06-15,79.72245441485701,80.36422293388745,78.01105900323175,78.36759948730469,1986624
2007-06-18,78.43889933451077,80.22160159211327,78.43889933451077,78.6884765625,1127274
2007-06-19,79.0806899538837,81.00600662297813,78.43891591739333,80.61381530761719,1799179
2007-06-20,74.87350283223914,84.46443982840886,74.87350283223914,84.25051879882812,4843741
2007-06-21,85.42711283301638,85.8549603792826,82.96697992132636,85.3914566040039,5557986
2007-06-22,85.42711655892917,85.42711655892917,82.57479220558098,83.00263977050781,1300134
2007-06-25,83.00264528945733,84.46445835351987,82.39652741214469,84.10791778564453,1820954
2007-06-26,84.14354341286545,84.32181363196051,82.53911144100996,82.78868865966797,1026259
2007-06-27,82.71738166010502,84.07223641330249,82.07560778328775,82.78868865966797,1369265
2007-06-28,85.03491015703156,90.5612879659791,84.64271342669765,89.34905242919922,16249197
2007-06-29,90.56128211576775,92.62921255193724,86.06886988190604,88.77857971191406,3978345
2007-07-02,88.4220384247449,89.70558631996415,87.03153273857066,87.3524169921875,1931780
2007-07-03,87.74463528697704,89.63429593056055,87.24547523138475,88.95687103271484,2948249
2007-07-04,88.42205563163112,93.3779670574145,88.42205563163112,92.73619842529295,6433746
2007-07-05,93.4136133421858,93.4136133421858,89.59863098460694,92.59357452392578,3928701
2007-07-06,93.55622588861377,94.73281607794084,91.63090934696808,93.48492431640624,3272848
2007-07-09,93.98406267081296,95.12498555656174,93.27098178693844,94.6971435546875,2902866
2007-07-10,94.69715539958123,94.69715539958123,91.70221748884606,92.41529846191406,2327482
2007-07-11,92.62921606216696,94.76845902785908,90.91782604191424,91.06044006347656,5756569
2007-07-12,91.34567633248392,92.70052581907731,89.66993170576133,90.20474243164062,2895911
2007-07-13,90.91780198410412,94.55451841576809,90.91780198410412,91.95176696777344,6407539
2007-07-16,95.55285827066297,95.83808633111,92.05876556679814,95.37458801269533,3847387
2007-07-17,96.05203483060394,99.36786891719692,94.55457084892969,98.01300811767578,5930011
2007-07-18,98.40517687315617,100.43746205218535,95.83808095025113,99.26087188720705,6350151
2007-07-19,99.011297878838,99.47479616097895,96.76508627578391,98.72605895996094,3096721
2007-07-20,99.72438724176952,100.08092775978692,96.51552257961286,97.19294738769533,4863478
2007-07-23,97.2642522262262,98.04864574448344,95.19632150464392,96.5155258178711,2945969
2007-07-24,96.3016008670582,97.2642537849794,95.19632303025656,95.62417602539062,1956360
2007-07-25,94.12668804795484,94.12668804795484,89.2064282664638,91.70221710205078,5573210
2007-07-26,91.98742824678166,92.27265623013056,88.45768026927611,89.17076110839844,4590515
2007-07-27,88.42202896048633,91.63089291469753,85.74797566531032,89.24207305908203,5920130
2007-07-30,89.59862535406981,94.6258429499736,86.35410475045997,92.41529846191406,5033386
2007-07-31,92.30833153265284,94.48323071777858,91.98744726485612,93.69883728027344,3703055
2007-08-01,92.9501292932613,93.30666985690137,89.27775495931614,91.91615295410156,4117743
2007-08-02,91.27437689572474,96.72944272508184,91.1317628579759,93.02142333984376,5361368
2007-08-03,94.4390915707691,95.67502394978972,93.2395231950733,93.82113647460938,4305570
2007-08-06,92.98509059459424,92.98509059459424,90.58594220468552,91.96726989746094,4243577
2007-08-07,90.87672924673949,95.05705879208948,90.87672924673949,92.258056640625,2286233
2007-08-08,91.8581989554691,94.5118006206929,91.8581989554691,94.18464660644533,2160475
2007-08-09,95.23882080747067,95.34786845502404,91.38564492254388,92.47616577148438,5383730
2007-08-10,90.87672674518942,93.6030285475451,88.69568530330487,92.1126480102539,3792161
2007-08-13,93.02139721204476,96.43835925538647,93.02139721204476,94.43907165527344,4531169
2007-08-14,94.87532103481546,95.52962915633525,93.27589255404848,94.25735473632812,4069837
2007-08-16,93.42129492619182,94.58452171280848,90.51323905300298,92.51252746582033,5808579
2007-08-17,91.38562639433208,94.36638721443488,89.64079782712768,92.0399398803711,6628726
2007-08-20,94.51180472666653,95.60232555043574,92.1126566957039,92.9123764038086,6078745
2007-08-21,92.40346367633238,94.14829810970846,91.71280270423648,92.22171020507812,4428743
2007-08-22,94.5118107366327,95.92948567901176,92.33076895040271,94.65721130371094,10464260
2007-08-23,102.43623811962172,102.43623811962172,95.6750187772702,96.5837860107422,13466979
2007-08-24,97.45623302843754,99.0556616772154,95.820451459456,98.5831069946289,5760322
2007-08-27,98.58308425760907,99.60089922844249,96.54744322259111,97.0563507080078,3994101
2007-08-28,97.12903805915002,97.96509940523164,96.32931852462482,97.45619201660156,4072030
2007-08-29,97.41985834901168,98.07416639311975,95.52961785415305,96.94730377197266,3829732
2007-08-30,97.49256881422046,97.78336993803376,96.36569504607834,96.98365020751952,3948191
2007-08-31,96.98364373167918,97.71065758601964,96.51108916369829,97.0199966430664,1067342
2007-09-03,97.41983911169604,97.92874650032614,96.36567142953034,97.45619201660156,2096161
2007-09-04,98.00145702436514,99.96439195684788,97.12904273141166,99.01927185058594,2738581
2007-09-05,99.45550067062088,101.12763480770847,98.8738873498924,100.07345581054688,3736359
2007-09-06,100.07345710245237,102.87246500458195,99.60090251327016,102.5453109741211,3623268
2007-09-07,102.50895584069168,103.56312373527678,101.05492809827054,101.70923614501952,2638321
2007-09-10,101.05492931275094,105.41701259243804,101.05492931275094,104.9444580078125,3261217
2007-09-11,104.65362893304597,106.61656387387328,102.94515324653034,103.99932098388672,2366885
2007-09-12,104.14474225549216,105.41701659369188,102.54531387756856,103.16326904296876,1766119
2007-09-13,103.23596868399318,105.41701027590852,103.0178623061314,104.87174987792967,1145398
2007-09-14,105.598788357111,106.07134304150529,103.09059216041491,105.05352783203124,2974460
2007-09-17,105.41701896078987,106.83469389366113,104.87175851788926,105.67147827148438,1250077
2007-09-18,105.67147742376638,106.83469303661158,105.08986407066776,106.54389190673828,1087779
2007-09-19,106.94372421349716,107.9615389990441,105.96225123980254,107.1618194580078,4804272
2007-09-20,107.52533020839958,107.52533020839958,105.41699475072492,105.8895492553711,2916779
2007-09-21,106.8710299264356,108.6522115398728,104.3264815948538,107.41629028320312,9711968
2007-09-24,107.59805342326617,108.47046785397372,104.43553863193095,107.7434539794922,2980283
2007-09-25,107.7434280108179,107.7434280108179,105.780493241501,107.12547302246094,2268618
2007-09-26,106.87101542481562,108.288689941373,106.50750856962918,107.3072280883789,2886006
2007-09-27,106.8710408035106,108.97937662691952,103.96298527144228,105.08985900878906,4966748
2007-09-28,105.089880752374,106.79835707494492,104.39921963927706,105.05352783203124,1886649
2007-10-01,105.05350442834802,108.25236102550392,103.96298362113332,107.59805297851562,2126461
2007-10-03,106.87104286983094,108.97937873400394,105.1262139541948,105.4170150756836,1877605
2007-10-04,102.00001631882516,108.68853961491988,102.00001631882516,107.23451232910156,2779517
2007-10-05,108.2523870371766,108.47049346969798,105.78054371754465,107.05281829833984,2571632
2007-10-08,107.23453664811844,107.59804355201038,103.6721734273177,105.48970794677734,1383163
2007-10-09,104.69000255798572,108.8339796072356,102.69071431469084,108.2887191772461,1946693
2007-10-10,109.05208021107286,111.9237827712942,106.94374443099927,110.1426010131836,4724702
2007-10-11,110.50609082103584,112.14187177068932,109.77907706563428,110.97864532470705,3159031
2007-10-12,111.92380652332888,111.92380652332888,107.2345682977911,108.61589050292967,3854638
2007-10-15,110.50608709710946,111.08770030050091,107.77978560622682,110.46973419189452,2442099
2007-10-16,110.50610186779356,111.41486915289056,109.3065334888058,111.08771514892578,3494029
2007-10-17,107.5980465040059,109.05207415946543,102.50894970989752,107.6343994140625,2512937
2007-10-18,109.05207116757808,109.1247769856966,104.76269413899348,105.48970794677734,3854412
2007-10-19,104.6899989135218,105.41701279486573,100.98222368132733,101.49114227294922,4916087
2007-10-22,101.0549163999138,107.23453358983656,99.60088882581432,105.52604675292967,5331480
2007-10-23,106.14399157630072,108.61583351813572,103.30864281399892,104.6899642944336,2707358
2007-10-24,105.4170021463994,106.72562921930064,103.63582053569928,104.7263412475586,1037295
2007-10-25,105.27158988242644,106.87101786306783,103.30865503830522,106.2530517578125,3860241
2007-10-26,106.7983248757502,106.7983248757502,103.96297543752162,105.01714324951172,850185
2007-10-29,105.41701098653944,107.19819274660728,104.5082436504486,104.76270294189452,2602864
2007-10-30,103.23597095259449,106.72563979501444,100.61871654744164,104.9444580078125,1084563
2007-10-31,105.41699055357094,105.9986037546053,104.32646996163744,105.23523712158205,686357
2007-11-01,104.69000892207224,106.07133099134192,103.67219382822644,104.65365600585938,1750664
2007-11-02,104.39920490630348,105.41701997214189,102.50896424877246,105.19891357421876,1459233
2007-11-05,103.96299097384306,106.14403274252508,103.96299097384306,105.16255950927734,867698
2007-11-06,104.3265019466484,105.41702287292,103.2723339365897,104.65365600585938,1028295
2007-11-07,104.32649850373711,108.50682858315515,103.96299154030947,105.81687927246094,1895564
2007-11-08,105.41700619763124,107.45264715666946,103.59947160801693,106.90738677978516,883606
2007-11-12,104.69000096054644,107.81616293012198,103.96298706498708,106.9437484741211,808884
2007-11-13,106.87102902538686,107.99790263854229,105.85321413867564,106.36212158203124,754957
2007-11-14,108.2523590345142,108.2887119460897,105.88956399567252,106.50753021240234,1918275
2007-11-15,106.5438798618623,107.52534188424356,105.48971201855612,106.90738677978516,1022194
2007-11-16,107.16181782197334,107.92518444615384,105.99860252672832,106.98006439208984,2950585
2007-11-19,106.9800863070272,107.9979123788865,106.8710386640982,107.45265197753906,1417106
2007-11-20,108.97938962031044,109.67006176620528,107.2345605303776,107.70711517333984,2225684
2007-11-21,107.59802718884296,108.07058165469772,105.9258934665628,106.6165542602539,1863901
2007-11-22,107.23452064000962,108.32504118889106,106.87101379038246,107.12547302246094,1749730
2007-11-23,107.59805297851562,108.0706075576348,107.08914548715236,107.59805297851562,368324
2007-11-26,107.59804695734084,108.57952006625146,107.30724586236398,107.77980041503906,1692058
2007-11-27,106.87104584376452,108.90668703088758,106.87104584376452,108.47047424316406,8414739
2007-11-28,109.05205334050947,110.10622097079803,108.57949888004002,109.48826599121094,1476077
2007-11-29,110.50610865709152,110.50610865709152,109.08843382391096,110.03355407714844,3336687
2007-11-30,110.43339733799996,110.94231589828122,108.32506164928044,108.83396911621094,1594614
2007-12-03,109.77909082306036,111.16041269408964,109.05207697655004,110.5424575805664,942970
2007-12-04,111.41485323224748,116.9038090685582,110.36068555084056,111.96011352539062,3720473
2007-12-05,111.96012346845232,112.6871372572085,111.08770914061492,112.03282928466795,1500192
2007-12-06,112.61445097849862,114.86819855198598,110.94232784894244,111.92378997802734,1236174
2007-12-07,111.96011742797538,112.6871311775077,109.05206242984616,111.45121002197266,968801
2007-12-10,110.06990193974217,111.9601425500051,109.12479272796264,109.851806640625,414684
2007-12-11,111.9601080962564,111.9601080962564,108.9793475342764,109.48826599121094,1005010
2007-12-12,109.05208461332006,110.46975949462288,107.77981029283131,109.7790985107422,772183
2007-12-13,109.05208992095017,109.41559688735332,105.05351329051533,106.10768127441406,1038268
2007-12-14,106.90738757700784,110.1425969519766,105.41700698373998,108.72492218017578,1201223
2007-12-17,108.72490182218046,110.1062234246047,105.41698724512906,106.65290832519533,1491850
2007-12-18,109.74274929869942,109.74274929869942,104.69000475986256,105.9259262084961,678636
2007-12-19,106.8710391784998,107.23454611448108,103.99933660291786,104.9081039428711,1351941
2007-12-20,105.59876650823072,106.0713210948512,104.5082456837051,105.08985900878906,787361
2007-12-24,105.81685032261638,108.6158465192362,104.7626826357505,105.23523712158205,1230169
2007-12-26,105.41698418756393,106.50750471364218,104.9444297302694,106.03495025634766,453036
2007-12-27,106.03498653714476,107.81616845384984,105.41702025691848,106.10768127441406,1230592
2007-12-28,106.14401767951549,108.97936713909382,105.41700385979276,108.36141204833984,1036458
2007-12-31,109.05207537685992,109.70638339178076,106.25306767151352,106.90738677978516,1424351
2008-01-01,106.50755150829866,108.3250865169727,106.50755150829866,107.99793243408205,509796
2008-01-02,107.96154344175788,108.32505032203316,105.08984130625308,107.56168365478516,928661
2008-01-03,107.59805676690463,107.59805676690463,104.9808023000987,105.4170150756836,1935607
2008-01-04,105.78052079676527,106.72564107066444,103.81758551611418,104.21744537353516,1612533
2008-01-07,104.32649472707426,104.94446097987152,102.6543605371686,103.63583374023438,1183489
2008-01-08,102.50894052209988,105.05348869108818,102.50894052209988,103.23595428466795,2091936
2008-01-09,103.23597487106376,103.74488238767329,99.67361116144528,103.16326904296876,1172279
2008-01-10,103.81756492759438,105.41699294673704,101.85463003622156,102.76339721679688,942236
2008-01-11,102.50894183741808,102.7634010949218,99.63723965709654,100.7277603149414,1772295
2008-01-14,100.72775705729757,101.05491102540056,98.54671581214504,100.36425018310548,2479035
2008-01-15,100.36423525764096,101.05489599722584,97.96508802608764,99.74626922607422,1639961
2008-01-16,98.87389846606489,100.80048102089349,98.1832374233916,99.41915893554688,1618766
2008-01-17,98.87388698719822,99.45550030579318,94.58450956259414,95.3115234375,1935824
2008-01-18,94.51177932364278,97.01997432548517,94.03922486436396,96.1475601196289,1402517
2008-01-21,96.69284304076372,96.69284304076372,79.2445104619793,92.54886627197266,1158171
2008-01-22,79.2444946938676,94.5117826624109,79.2444946938676,84.62439727783203,2506822
2008-01-23,88.62299602726377,90.84038510696686,79.9715294583441,85.56953430175781,2591594
2008-01-24,85.78764584469542,89.35001529842903,82.91594296941213,84.26091766357422,1955415
2008-01-25,87.24167423207622,88.55030156422788,83.60660447240639,85.24238586425781,730177
2008-01-28,85.24235867853861,86.1147729239562,81.93444403353746,83.8246841430664,2696128
2008-01-29,86.15115330417528,86.15115330417528,83.60660447240639,85.24238586425781,2099506
2008-01-30,86.36925550225922,86.98721622197327,84.33361431730896,86.51465606689453,1614905
2008-01-31,85.7876231823402,89.42269196125291,85.20600995904425,87.78691101074219,1680927
2008-02-01,87.24165412975647,87.24165412975647,82.95227169237512,86.3692398071289,428191
2008-02-04,86.51465723591467,90.876740794028,86.51465723591467,90.14972686767578,600203
2008-02-05,90.1497202545027,90.87673412752288,88.36853848427351,89.35000610351562,749841
2008-02-06,88.1504295403031,88.1504295403031,84.33360681793945,87.27801513671875,474679
2008-02-07,87.96867597795924,90.51322445666054,85.09697348495226,85.67858123779297,773338
2008-02-08,86.15111912598701,87.05988620537507,82.8068573831738,84.87884521484375,1195296
2008-02-11,84.87885813639635,85.60587191058389,82.55241627766615,83.71563720703125,1165322
2008-02-12,84.33360773507881,84.40630801172222,80.73489134781249,82.18891906738281,2900090
2008-02-13,80.88029763217648,85.13332790394898,80.88029763217648,84.6971206665039,707402
2008-02-14,81.47055459320023,89.3902868192985,81.47055459320023,85.39375305175781,840269
2008-02-15,85.87039761250819,85.87039761250819,83.96379722246604,85.02709197998047,1220073
2008-02-18,85.06376032875984,85.68707124671198,83.59714377136743,84.66043853759766,335027
2008-02-19,84.33045058414854,85.72373740839147,84.33045058414854,85.06375885009766,1888428
2008-02-20,85.43041219898407,85.72373662161118,83.52381184395493,85.10042572021484,1429025
2008-02-21,85.43040369677567,88.36363644172934,85.21040900302516,87.92365264892578,683517
2008-02-22,85.43041701539127,88.18032314249614,85.43041701539127,86.56704711914062,572497
2008-02-25,86.9337036558276,90.71023703162876,85.83374117479072,89.9769287109375,396865
2008-02-26,90.93023061364649,92.98349612344688,89.13362748859493,90.1969223022461,1336540
2008-02-27,90.1969303045642,91.59021733877772,88.87697298905685,90.01360321044922,882969
2008-02-28,89.46360193293107,90.19691014549608,87.52033405069426,88.876953125,1396396
2008-02-29,88.8036161161881,89.64692161019275,84.51376454457844,88.69361877441406,1699206
2008-03-03,84.33047994401267,89.79362618946217,84.33047994401267,87.33704376220703,1062188
2008-03-04,87.33700386205606,88.8036202345329,86.64036332300856,87.92365264892578,1071276
2008-03-05,87.30035874583157,90.78357330620766,87.04369635509765,88.76697540283203,880946
2008-03-07,86.53039473521558,89.13364189945138,84.36713710471493,86.89704895019531,1958384
2008-03-10,86.53036196321263,89.42692692664468,85.21040505131865,88.69361877441406,575136
2008-03-11,88.80362881129419,92.6168351048365,88.07032055423198,91.9201889038086,1292687
2008-03-12,91.66354475712087,93.82680217550944,90.3802551305212,90.78357696533205,1024849
2008-03-13,88.0336757979807,89.46362494237675,87.33702946005256,88.54698944091797,904427
2008-03-14,87.99698716824219,88.40030893064241,86.38371130803685,87.96031951904297,1311805
2008-03-17,86.23705502706903,87.96032841444841,86.23705502706903,86.56704711914062,1457582
2008-03-18,86.53040550776952,87.9970225502741,85.79709698651723,87.33704376220703,2178566
2008-03-19,87.99699126696977,90.2702457557602,86.89702887613265,89.46360778808594,3446153
2008-03-24,90.19692096143248,91.6635375624314,88.73030436043358,91.26021575927734,908428
2008-03-25,91.6635375624314,94.8900896088703,90.23358861433678,91.26021575927734,1521329
2008-03-26,91.26022479247628,91.66354663555228,89.13363498629057,89.866943359375,857206
2008-03-27,90.52691321060442,91.62687573124214,88.76697765334303,90.08692932128906,2511673
2008-03-28,90.93024562210282,93.79014962754432,89.4636287572302,90.7102508544922,602934
2008-03-31,90.93023273402828,91.5902113486182,87.52034788756251,88.76697540283203,1827715
2008-04-01,89.46360908641563,91.29687976441596,87.3003519242545,88.40031433105469,813613
2008-04-02,89.46359521402273,91.2601979619992,87.48366542667326,88.32696533203125,401662
2008-04-03,87.99699592586562,90.01359374916672,87.85033650386852,89.1702880859375,806855
2008-04-04,81.91053738473867,90.1235939534944,81.91053738473867,87.37368774414062,666635
2008-04-07,87.26368776679452,88.54697729277679,84.33045456454933,86.56704711914062,1110693
2008-04-08,86.53037946623321,88.65697465680066,85.10043051801803,86.56704711914062,2256645
2008-04-09,86.53038890791473,88.3636598593536,85.68708315131306,88.0703353881836,2674058
2008-04-10,88.21698675324218,90.1235871284002,87.99699203527476,89.42694091796875,803475
2008-04-11,89.46360175767241,90.5635640743651,85.28374719211924,86.27371215820312,1269833
2008-04-15,86.53036350871835,86.53036350871835,84.69709309539805,84.99041748046875,6682340
2008-04-16,85.06377542483816,86.12707037976897,82.1305417894989,82.42386627197266,1607978
2008-04-17,82.86383459850192,84.29378348864994,82.49718046311033,82.93716430664062,6600201
2008-04-21,83.59714983009485,84.25712844769322,82.97383886696807,83.30382537841797,628564
2008-04-22,83.9637938090087,85.13708587866662,82.90049909472137,84.25711822509766,625780
2008-04-23,84.69711297882988,85.39375366155552,83.96380464135083,84.36712646484375,814685
2008-04-24,85.0637522136829,85.35707661611788,83.67046549813995,84.5137710571289,1562733
2008-04-25,84.40378175899362,85.43041446810794,82.97383285341529,84.66043853759766,1162556
2008-04-28,85.43040166191015,85.43040166191015,82.86382307120898,83.19380950927734,334050
2008-04-29,82.86383144469855,84.69710205188214,82.2405205571957,84.25711822509766,380693
2008-04-30,84.40377650507233,84.95375767985955,82.93716003897308,83.37714385986328,581918
2008-05-02,83.96379291905765,84.6971011541586,82.49717644885578,82.86383056640625,489236
2008-05-05,82.8638367036093,83.74380441302496,81.10389569007971,81.83720397949219,700321
2008-05-06,81.397227297261,82.79051428885656,81.06724077582727,81.6905517578125,548605
2008-05-07,82.13053281721339,82.46051932726027,80.26059434108491,81.72721099853516,644263
2008-05-08,82.1305554049105,82.4605420057109,80.0406272122077,81.91056060791016,354484
2008-05-09,81.39722582547539,81.91053942613497,79.74728205874278,80.33393096923828,882721
2008-05-12,80.0406272122077,82.57053940421106,79.38064841590679,81.91056060791016,896157
2008-05-13,82.09385232761821,82.82716054169143,80.37057914348567,81.87386322021484,745404
2008-05-14,81.873863401568,82.05719045549239,80.07725491629046,80.26058197021484,634833
2008-05-15,80.44391204403311,82.49717736294558,79.56394439004085,81.9838638305664,1680274
2008-05-16,81.47056294626634,82.60719321565878,80.73725453883874,81.17723846435547,406079
2008-05-20,82.13053529036648,82.13053529036648,79.27063160328004,79.78395080566406,627829
2008-05-21,79.27063461129677,79.78395383315929,77.8040178540306,78.64732360839844,978601
2008-05-22,77.364016106077,79.71060013871401,75.5307455822363,76.41071319580078,600569
2008-05-23,76.92405357840191,77.18071040379775,74.4674715158432,74.90745544433594,777931
2008-05-26,74.43078604361024,75.53074839893453,68.63764985329608,70.72757720947266,1834324
2008-05-27,71.86421238735814,73.1108342419126,70.17760108324492,71.6808853149414,1751297
2008-05-28,71.93754407231125,76.96070487549255,71.93754407231125,76.37406158447266,4496826
2008-05-29,76.99734531491059,77.65732367940625,70.10424852016025,71.5342025756836,2370238
2008-05-30,72.59752095215487,73.44082660740744,69.33430128864944,69.73761749267578,1701267
2008-06-02,68.45433549774798,70.94758508478351,66.841059315095,67.31771087646484,1878398
2008-06-03,67.17102640443115,68.93096710913576,64.7511128308224,67.75767517089844,3114527
2008-06-04,67.64768502740877,67.6843526772269,63.50449235936503,64.23780059814453,3381452
2008-06-05,64.45780061845852,64.45780061845852,61.56122947980676,62.91785430908203,4535355
2008-06-06,63.72449713892412,64.16448103278059,62.331210146129706,62.6245346069336,1310959
2008-06-09,62.331203608228456,62.331203608228456,58.48133515007317,60.05794906616211,2964608
2008-06-10,60.13128265827937,60.68126390210509,58.73799572164782,60.387939453125,1776371
2008-06-11,62.33120277988336,65.63108998587718,61.23124037788542,64.7144546508789,5886952
2008-06-12,64.12780486189844,64.53112664128568,61.26790713423623,62.99118041992188,2731058
2008-06-13,63.57781751004582,64.45779069036499,62.074539085050624,62.33119583129883,2406123
2008-06-16,62.514522877861474,63.72448250411441,62.1845364319277,62.33119583129883,2861819
2008-06-17,62.33119986717521,66.58438986069689,61.70788898744302,64.09114074707031,1999593
2008-06-18,64.56779537011133,68.45432584180843,64.56779537011133,66.47439575195312,6071348
2008-06-19,65.99775890804543,67.46437577266866,64.9711259838693,65.4111099243164,1369573
2008-06-20,66.18106380911435,66.51105025504812,61.92787409098203,62.33119583129883,1723605
2008-06-23,63.06450983027258,63.76115043354175,59.25130914818181,61.48789596557617,1396790
2008-06-24,61.59788966319408,62.3311978734702,58.77465417257054,59.287967681884766,1664567
2008-06-25,59.25131434577475,61.48790135936508,57.60137062989895,60.4979362487793,1688042
2008-06-26,60.68126706774331,65.2644443387209,59.58130452270869,64.67779541015625,3840562
2008-06-27,63.06451344860175,63.06451344860175,59.14131518440165,59.65462875366211,8122524
2008-06-30,59.654620953286496,60.71792120014472,54.044812104137655,55.69475555419922,2260723
2008-07-01,56.09808062200677,56.46473474371923,51.73489881150763,53.53150177001953,1437650
2008-07-02,53.53150627636147,57.12471809056377,52.54154118334104,55.51143646240234,2349419
2008-07-03,55.51144224308982,55.76810465238054,50.598278324793775,52.504878997802734,1660809
2008-07-04,52.65154939334993,55.25479105605555,52.10156805119669,54.85147476196289,1354996
2008-07-07,55.731416475081815,58.078000194048606,53.60482183275115,54.30146789550781,3754864
2008-07-08,54.11815348333173,54.778126461786,51.51490684272404,54.41147232055664,1001777
2008-07-09,54.99812094511572,57.16137813107766,54.99812094511572,56.354740142822266,1542621
2008-07-10,56.098091234886446,58.738000291706015,56.098091234886446,58.261348724365234,2910358
2008-07-11,58.33467501365697,59.58129683258254,58.00468293591919,58.99464797973633,1991061
2008-07-14,58.66467359589368,61.23125306571402,57.56471096597067,60.131290435791016,1781153
2008-07-15,60.13128442391735,60.13128442391735,57.96802703922906,59.14131927490234,960772
2008-07-16,59.03131648822959,60.49793304694337,57.34470520782948,59.8012924194336,1535279
2008-07-17,60.131290435791016,61.59790727568836,59.06799546474514,60.131290435791016,983486
2008-07-18,60.13128494370768,61.19457981763765,58.44467349399248,60.791263580322266,523641
2008-07-21,60.20460260926625,62.03787312474146,58.37133209379105,59.47129440307617,1463629
2008-07-22,60.09460503291512,60.86458088439189,58.29800217239946,59.39796447753906,1163231
2008-07-23,61.59790060105296,62.25787922643254,59.54463500980507,61.67123031616211,1424449
2008-07-24,62.3312096274057,64.09115078288396,60.16795223703992,60.97459030151367,1379735
2008-07-25,60.79126431887998,62.62453522358264,57.19805222672301,60.42461013793945,2158165
2008-07-28,60.71793940962965,61.194585406836886,59.8379659488717,60.131290435791016,630824
2008-07-29,58.77464330226767,60.057932432908025,57.96800553909019,58.334659576416016,324821
2008-07-30,57.93136517594501,61.52457755263334,56.134761784950456,60.131290435791016,765707
2008-07-31,59.984605735092174,61.67121103406366,58.73797858921215,59.72794342041016,2852815
2008-08-01,58.99464048425951,61.37789205476231,58.554656697875394,60.681251525878906,891817
2008-08-04,60.204615438366105,61.67123216327003,59.9846262864498,60.75459671020508,740303
2008-08-05,60.68126737322126,64.53113630022321,60.2046158157003,64.16448211669922,2146101
2008-08-06,64.53112010353269,67.39102313615147,64.53112010353269,65.04443359375,1394163
2008-08-07,64.53113620353018,67.39103994967185,63.79782783758097,65.92442321777344,1461681
2008-08-08,66.18455643615492,66.89062184300916,63.6575762546747,64.66093444824219,1297684
2008-08-11,64.88390708027268,66.74197995576287,64.88390708027268,65.62713623046875,857808
2008-08-12,66.14739150442917,66.667649618893,64.7724187701563,65.5156478881836,880286
2008-08-13,64.6609239244384,65.51563842073547,64.10350216646911,65.0697021484375,796700
2008-08-14,64.7352459951317,65.32983147457675,62.50555895279385,62.84001541137695,1125859
2008-08-18,62.84003805530434,62.84003805530434,59.01240611928896,59.49550628662109,816519
2008-08-19,60.201552512745565,60.90761783578939,59.08670894769472,59.56980895996094,1039872
2008-08-20,60.201556133916085,60.94478522198912,59.68129804042014,60.46168518066406,497627
2008-08-21,60.907615013505314,60.944778732106656,58.566448171691576,58.715091705322266,676346
2008-08-22,58.71510291099548,59.6441393494606,57.41445189714432,59.45833206176758,759866
2008-08-25,60.201552512745565,61.98530335090443,57.22863633927665,59.56980895996094,1101457
2008-08-26,58.75225430273058,60.57316307170042,58.38063980535818,60.31303405761719,378167
2008-08-27,60.20157381465626,60.94480312101004,58.97524432509459,59.34685897827149,580104
2008-08-28,59.97859245160534,60.72182163028887,58.04619772110589,58.49213409423828,1794642
2008-08-29,59.4583225099814,60.01574428351248,58.86373701672658,59.68129348754883,446286
2008-09-01,59.829942769062605,59.829942769062605,58.64077733878618,59.53264999389648,438910
2008-09-02,59.53264129019109,61.13058476149922,59.53264129019109,60.5359992980957,1637025
2008-09-04,60.238720639348095,62.43124420950281,60.09007141756885,61.09342956542969,3984906
2008-09-05,60.20155917339443,62.05963198738809,59.45833004779697,59.8299446105957,800527
2008-09-08,63.17445369580504,63.91768256281451,61.53935245653871,62.35690307617188,1653545
2008-09-09,61.68800825196757,62.50555903448243,61.05626472322368,62.17110824584961,483885
2008-09-10,61.687996883094286,62.61703298073125,61.31638244403951,62.31974029541016,817766
2008-09-11,62.24545076305633,62.24545076305633,60.31305581374379,60.64750671386719,358942
2008-09-12,61.20490866112756,62.43123767816908,58.08334904537408,59.27251434326172,1068959
2008-09-15,59.27251654086292,59.458323802746506,56.26243663019383,57.563087463378906,1095743
2008-09-16,57.97186570767784,59.3840020320706,55.1847567794241,57.563087463378906,1391896
2008-09-17,56.48539825923859,59.4211502427154,55.85365480752182,58.52927780151367,1260335
2008-09-18,56.52255834538455,61.24206057870256,55.184744099070734,60.16437530517578,1273583
2008-09-19,60.94477817311007,64.5866014175319,60.94477817311007,63.17446517944336,3235789
2008-09-22,63.91771941340957,63.91771941340957,61.76235332236786,62.877197265625,1311177
2008-09-23,62.09679614498078,63.06299061276425,61.279239564810105,61.72518157958984,1127234
2008-09-24,62.1339340676582,63.47174833776401,61.87380509024496,62.65419769287109,1117658
2008-09-25,61.79948614319611,64.6237526511824,61.427871681325286,62.914329528808594,3075322
2008-09-26,61.68800642479249,62.80284991439718,60.27587020388245,61.27922821044922,939172
2008-09-29,60.57317731213045,61.31640648160444,57.19148232286835,57.860389709472656,1133328
2008-09-30,57.86039707811205,60.16440666282403,55.29625838503391,58.45498275756836,1275098
2008-10-01,57.97185895999738,59.94141684079264,56.67120827820256,58.566444396972656,986657
2008-10-03,59.75562044441164,59.75562044441164,56.89418955927548,58.009033203125,3371907
2008-10-06,58.00902399310483,58.00902399310483,52.95506467524263,54.06990814208984,819258
2008-10-07,54.2928827461982,57.52592788288713,50.948352121267405,55.4077262878418,1304788
2008-10-08,54.96178843051568,54.99895215282816,50.53957765395021,53.9955940246582,1414311
2008-10-10,51.28279911247529,61.68800472949926,46.8605861582014,46.89774703979492,2824623
2008-10-13,48.30988416484758,49.79634213915058,45.03967548730354,47.3808479309082,1882057
2008-10-14,49.0531130397929,49.79634202524431,47.7152985978255,48.27272033691406,1546146
2008-10-15,47.640979043614365,49.35040805761475,45.6342629579508,46.19168472290039,1086470
2008-10-16,45.89439208948463,47.19504287744573,41.620825214755286,45.44845581054688,1616255
2008-10-17,46.080195683226734,46.63761740520125,40.87759294479791,42.21540451049805,1971092
2008-10-20,41.620825059259474,42.884314958454304,38.83371623832692,39.83707427978516,1278256
2008-10-21,40.1343660383833,41.4350167896272,38.09048628642859,40.02288055419922,1655205
2008-10-22,39.391140807878,40.46882352909457,35.00608814990458,35.60067367553711,2127128
2008-10-23,34.93176809340012,37.01280902979792,32.70208076828947,36.12093353271485,4417213
2008-10-24,35.377695104903175,36.04660226030576,31.958843241095828,33.37097930908203,5212138
2008-10-27,36.93848133207222,37.90467845104042,32.070332019614575,36.826995849609375,5154625
2008-10-29,40.50598289226663,44.22212811174064,40.13436837031923,43.10728454589844,5121061
2008-10-31,43.85051137283599,46.08019839179375,43.107282366516735,45.29980850219727,2641711
2008-11-03,46.823431738495415,49.12744073758191,45.33697358806699,47.82678985595703,2296323
2008-11-04,47.86394698911214,47.86394698911214,45.78290359682537,46.82342529296875,3194270
2008-11-05,47.195039090836886,48.60717525282909,41.2492073943535,42.62417984008789,930143
2008-11-06,41.9924433306098,43.07012607162,40.208692391338175,40.91476058959961,3008158
2008-11-07,40.505990459945714,43.962007293816974,40.394504948455285,41.95528793334961,1213022
2008-11-10,42.36405684308308,46.74910947495344,42.36405684308308,45.708587646484375,654298
2008-11-11,46.74912131242576,46.74912131242576,40.32018711725555,41.28638458251953,887615
2008-11-12,40.50599443115996,43.85052608143922,39.53979696589598,41.28638458251953,1240622
2008-11-14,41.62082402386508,43.10728202471741,39.68842975683452,40.28301239013672,1278774
2008-11-17,40.5059812427622,42.40121466047656,37.90467969506187,41.99243927001953,1217816
2008-11-18,40.87758922129316,41.91811080827609,38.79654888252051,40.24584579467773,1340163
2008-11-19,40.87760821726527,43.99917159362262,40.17153987192814,41.06341552734375,1217686
2008-11-20,40.50598907470703,41.1377327243633,38.090494313371295,40.50598907470703,823590
2008-11-21,40.06004218913422,43.553216042663415,39.09384227030088,42.62417984008789,1445466
2008-11-24,43.10728084971602,44.59373881005106,39.31681418493911,41.69514465332031,1663475
2008-11-25,41.695162506507415,43.10729930755702,38.01617974755276,38.53643798828125,2548606
2008-11-26,38.64791621466479,40.87760368858776,37.347265188209725,40.43166732788086,1737476
2008-11-27,40.43166732788086,40.43166732788086,40.43166732788086,40.43166732788086,0
2008-11-28,40.097205322080725,40.95191697533522,37.19861107318096,38.79655456542969,2894140
2008-12-01,38.796561186577655,39.762758489374086,37.31010292529264,38.98236846923828,1375608
2008-12-02,37.570229963316784,40.13437089296145,37.19861541801159,39.76275634765625,1432846
2008-12-03,39.39114757447747,40.13437677399592,38.46211107507942,39.46546936035156,1511695
2008-12-04,40.06005387350982,40.84044394425211,39.05669278096033,39.911407470703125,1708366
2008-12-05,39.61410515567572,41.955277641095584,39.61410515567572,40.28301239013672,1287367
2008-12-08,40.87759741421403,44.51942086337608,40.87759741421403,43.10728454589844,2665044
2008-12-10,42.51270458181693,48.30989092588425,42.51270458181693,47.5666618347168,2747028
2008-12-11,47.56666110382006,47.975439365836166,45.89439567438889,46.6004638671875,2153246
2008-12-12,46.08020218019563,47.04639940080612,43.18160768317029,45.708587646484375,1807432
2008-12-15,47.863947656520615,50.53957086220709,45.33696797933283,49.75917816162109,1452325
2008-12-16,49.64770520737529,53.88410872894399,49.05311967048694,53.17804336547852,2051056
2008-12-17,54.25572507375553,54.66450335274044,48.755828521242414,50.09364318847656,3678732
2008-12-18,49.0531158323183,55.9651480586636,48.49569406149649,55.4077262878418,2128713
2008-12-19,55.03611114122691,57.07999094407563,52.10035311308448,52.91790390014648,1771451
2008-12-22,52.026039905345904,54.6273419006132,51.43145432398661,52.58346176147461,2085027
2008-12-23,53.884108700927634,54.25572324369265,51.35712867604792,53.25236511230469,1815161
2008-12-24,52.39764604770055,53.32668232514205,50.76254446755848,51.87738800048828,3135117
2008-12-26,52.62062159872105,53.3266869628263,48.38421240292579,48.90447616577149,877339
2008-12-29,48.45853002651921,52.286160628657626,47.26936472391758,51.28280258178711,1181780
2008-12-30,52.02603675579203,54.25572404532597,50.76254955987799,53.88410949707031,1290872
2008-12-31,54.25572553088276,54.92463287013566,50.94835822900476,52.06320190429688,1318891
2009-01-02,53.32668633361212,53.51249360306721,50.42809179603507,51.35712814331055,2316342
2009-01-05,52.39764214699656,53.21519287620563,50.72537697209241,52.10034942626953,1922851
2009-01-06,52.39765417093698,58.26916548870829,51.35713224481234,56.78270721435547,3901297
2009-01-07,58.45496337913998,58.86373593666322,52.76926025936984,53.6611328125,3337522
2009-01-09,52.76926490338919,55.370566694401326,51.28280673709653,53.9955940246582,1493795
2009-01-12,53.51249257000368,54.81314343108016,49.87066902491199,51.54293441772461,2112633
2009-01-13,51.13416446756789,53.25236627343688,50.53957891802416,52.39765167236328,1417039
2009-01-14,52.7692612264504,53.84694105376517,52.06319591481488,53.47532653808594,1064134
2009-01-15,52.02603544742646,52.43481370838281,50.5395772917857,51.35712814331055,1506772
2009-01-16,51.95171812527308,53.43817640828296,51.28281076384096,52.58346176147461,1195319
2009-01-19,53.32668755070217,54.9989530139646,52.10035841023211,54.47869491577149,1046700
2009-01-20,54.62733511820246,54.62733511820246,51.28280439667986,51.72874069213867,1393738
2009-01-21,50.613885947423135,53.3266725124472,50.613885947423135,52.47195816040039,1071433
2009-01-22,52.76926729715995,53.363852858804336,50.98551628261494,52.06320190429688,1171499
2009-01-23,51.914550476238325,51.95171419866,48.38421232091978,49.12744140625,559554
2009-01-27,49.61053903591856,53.51249154436159,49.61053903591856,51.72874069213867,559586
2009-01-28,52.100361685418726,53.512498188355785,51.69158905982402,52.58346176147461,1542096
2009-01-29,53.14087527805434,53.80978253451293,49.870666434558125,50.46525192260742,1259786
2009-01-30,50.83686701534905,53.1037121648399,49.42473071790289,52.65777587890625,790813
2009-02-02,51.65442362186784,52.65778179555311,50.98551628261494,52.06320190429688,665310
2009-02-03,52.32332327364459,53.62397403705712,51.35712329552607,52.13751602172852,3152934
2009-02-04,52.39764214699656,53.661129122102665,51.7287349429575,52.10034942626953,2197552
2009-02-05,52.769254724309725,52.769254724309725,50.94834609000587,52.24899673461914,689789
2009-02-06,52.24899947861427,53.7726154829459,52.10035028061968,53.32667922973633,1140969
2009-02-09,53.5124863753336,54.81313708584517,52.02602842046321,54.21855163574219,2234255
2009-02-10,53.51248540105047,55.55636505178504,52.80642015349696,54.99894332885742,2877896
2009-02-11,52.434814678240976,55.74218186756108,52.434814678240976,55.370567321777344,671798
2009-02-12,55.742177110494886,56.78269888396829,54.62733356828499,54.96178436279297,2122451
2009-02-13,54.70166024197368,55.92798938244373,54.03275292259111,54.47869491577149,1459407
2009-02-16,54.62733796662008,54.88746701333592,51.91455066141102,52.50913619995117,901976
2009-02-17,54.25572363624716,54.25572363624716,49.98215636352906,51.69158554077149,874784
2009-02-18,51.95551284557437,53.35054357645744,50.89981189273325,52.21943664550781,2287840
2009-02-19,53.55839479295737,53.74967477436079,52.64025321718167,53.061065673828125,1503275
2009-02-20,52.56372749944155,53.17582566944584,51.4925644580352,52.18116760253906,569261
2009-02-24,52.028146494989805,53.17582619708517,50.49790689219599,52.79326629638672,1231833
2009-02-25,53.864440201081344,53.864440201081344,51.64559140295557,51.87512969970703,1451136
2009-02-26,51.87513486240316,52.44897482398991,49.73279667085183,50.42140579223633,2349952
2009-02-27,50.497907619016,50.497907619016,45.71590879145767,48.62336349487305,3913319
2009-03-02,46.74882791044003,49.88581854687901,46.213246278878,48.393836975097656,2659061
2009-03-03,47.9730211810088,51.64559633677242,47.9730211810088,50.1153564453125,3037871
2009-03-04,51.26302577421797,52.41070545573032,50.497905986543074,51.98988723754883,2610733
2009-03-05,51.26303133816841,52.41071114424681,50.30663149976974,51.03349304199219,1186272
2009-03-06,50.49790404365852,52.02814356013302,49.88580590210852,51.45430374145508,1054694
2009-03-09,51.49256685780103,52.14291754536413,50.00057968790812,51.72209930419922,763745
2009-03-12,52.21942550881159,53.44361600161128,51.30128409856201,51.98988723754883,2632451
2009-03-13,52.563728021007314,53.061057059395466,51.4925649689723,52.79326629638672,1359787
2009-03-16,53.3288517486796,53.5583900409585,52.41071025436653,53.214088439941406,1190398
2009-03-17,53.55838307660751,53.826173824510455,51.03348553946439,51.45430374145508,1728758
2009-03-18,52.02815931640623,52.71676847483912,48.96767935661763,49.42675018310547,1750442
2009-03-19,56.81014877889719,56.81014877889719,49.4267410697825,51.110008239746094,2484737
2009-03-20,52.25768861778143,53.5201317131116,50.49791061004658,53.214088439941406,1416114
2009-03-23,53.17583051093113,54.24699948726468,52.86978139806421,53.40536880493164,1730158
2009-03-24,54.2087467511744,54.32351591001397,52.79327602522484,54.05572509765625,2430569
2009-03-25,53.94095134251783,54.24700046087764,52.142920798580846,53.67316055297852,1242240
2009-03-26,55.4711910329181,55.4711910329181,53.0228097636671,53.25234222412109,2511674
2009-03-27,52.86978111627603,55.05037154805345,52.793270297817415,54.70606994628906,3266518
2009-03-30,53.55838872823359,54.85909011953024,52.98454884900252,53.82617950439453,777279
2009-03-31,53.82617610701693,57.3839843011696,53.63489615934637,54.0174560546875,5782508
2009-04-01,54.40001745143247,55.47118635543132,53.74966677888346,54.89734649658203,1281602
2009-04-02,56.389343243833125,57.30749077198091,55.50945988911994,56.81016159057617,2414907
2009-04-06,57.30747474415077,58.149105364846,54.32350632768508,55.12688446044922,2288694
2009-04-08,53.71139975444725,58.95247428636779,52.25767701738896,57.99607467651367,2132239
2009-04-09,58.14911130509073,61.17133251822367,57.38399141949743,59.71760940551758,3053104
2009-04-13,61.05657719327599,61.05657719327599,58.95249723261977,59.60284805297852,1009138
2009-04-15,59.75586029159948,66.1828683253572,59.10550957380166,65.68553924560547,3232150
2009-04-16,65.80031125271621,67.21578189706759,60.75052109149971,61.47738265991211,2703692
2009-04-17,62.54854291677475,65.57076375638644,60.67400176370938,61.2095832824707,2736460
2009-04-20,61.209586936116125,62.93110656869439,60.10016550785946,61.32435607910156,1993429
2009-04-21,58.26386901153309,62.62504916785467,58.26386901153309,59.41154861450195,1531451
2009-04-22,60.44446209262373,61.70691088608904,59.67934231929938,60.7505111694336,2517469
2009-04-23,61.974700097951285,64.04052109958947,61.59214022080344,63.31365966796875,3456253
2009-04-24,63.39019026996252,64.0405410967105,60.90355029203023,61.89820861816406,1701848
2009-04-27,63.887499483690526,65.11168992308355,60.59748220525885,63.31365966796875,4354167
2009-04-28,64.95866901975059,64.95866901975059,61.40086095576803,62.08946990966797,1841787
2009-04-29,61.20958493079669,63.84924594597693,60.21492684071087,61.97470474243164,2320184
2009-04-30,61.63039779663086,61.63039779663086,61.63039779663086,61.63039779663086,0
2009-05-04,61.70691575498536,64.23180770373835,61.668657428340175,62.62505722045898,1878389
2009-05-05,62.73982752128358,63.27540907979748,60.82702790173225,61.171329498291016,2524191
2009-05-06,61.97470218763439,63.925759961835,61.24784073150512,62.54854202270508,2572944
2009-05-07,62.73983265361491,63.27541425594121,60.1384237907408,60.67401123046875,2768026
2009-05-08,60.827026333669785,62.01296440217973,56.84840556252853,57.613525390625,4281675
2009-05-11,57.384003068916414,59.258544834206624,56.69539386460889,57.15446472167969,1704747
2009-05-12,56.81014333452497,59.33504092879745,56.618863390637685,58.91422271728516,2985887
2009-05-13,57.38398942791047,60.8270287935851,57.38398942791047,58.34038925170898,1590478
2009-05-14,57.46049608132001,59.02899401361777,57.307474455564495,58.14910507202149,1023483
2009-05-15,58.18736339716078,59.25852645225103,57.84305598310962,58.14910507202149,2634026
2009-05-18,68.8607889859862,69.51113971448468,61.24784853860719,66.79496765136719,7261
2009-05-19,67.40703983338324,70.39100762859718,58.91421290654328,65.87680053710938,9389673
2009-05-20,65.80031555045181,71.92127513654034,65.03519560219074,71.232666015625,3875112
2009-05-21,70.77357424748958,72.45683530003735,69.052054873902,70.1614761352539,2706744
2009-05-22,70.00845646061775,70.92659781694438,67.52181729671602,70.04671478271484,2536916
2009-05-25,70.00846016014016,70.88834907826687,68.89903880950258,69.62590026855469,1942416
2009-05-26,70.39102946159814,70.39102946159814,67.78962068358051,68.7842788696289,2260042
2009-05-27,69.85544044571105,70.23800034774145,67.44531189543937,68.55473327636719,2141564
2009-05-28,68.86077694534795,71.4621852418745,67.4453065867292,68.2104263305664,3177466
2009-05-29,68.74602395954783,71.88301447844272,68.17218401691821,70.0849838256836,2974882
2009-06-01,70.391033963838,75.5173351892872,70.391033963838,75.02001190185547,4224333
2009-06-02,79.87852326212365,80.87317568614837,76.09117603967786,76.77978515625,5825369
2009-06-03,75.93814609053214,81.10270514454818,75.93814609053214,80.45235443115234,2895498
2009-06-04,79.5724731137734,80.45236220510799,77.08583332896798,78.00397491455078,3247248
2009-06-05,78.8456054024886,81.79131575184464,77.46838729342275,78.76908874511719,4466194
2009-06-08,78.80735782994682,80.10805945916954,73.56628714174633,75.09652709960938,2073723
2009-06-09,75.09649452401467,78.96034523910419,72.76287726559653,77.27708435058594,2366438
2009-06-10,76.51199227555048,80.33759188932801,76.51199227555048,79.34293365478516,4410280
2009-06-11,78.807335591552,80.33757511760155,74.79045683567192,75.86162567138672,3146833
2009-06-12,77.27709373591041,77.27709373591041,74.21661477607238,74.48440551757812,1284202
2009-06-15,74.21661413088819,76.35895171911106,72.68637466427194,75.7085952758789,1493140
2009-06-16,75.70860259200654,76.51198072457494,72.87766164015763,75.93814086914062,1483210
2009-06-17,76.43547335573935,76.51198417243155,73.68104309301205,74.1401138305664,1774255
2009-06-18,73.06894492260156,74.90523371117335,66.98624451269623,68.36345672607422,4029212
2009-06-19,68.86079482610712,70.31452388436088,65.532524243659,69.24335479736328,3062599
2009-06-22,69.24333571750067,70.39101531502831,65.49424786476366,66.22111511230469,1895255
2009-06-23,65.49425556746925,66.52716615924352,63.12238528777255,66.10635375976562,2293707
2009-06-24,66.56541213989257,69.54938005847119,66.56541213989257,68.86077117919922,2762091
2009-06-25,69.62590886360827,70.39102874123034,66.22112774315063,66.79496765136719,4100001
2009-06-26,66.56544041438714,70.6970896075882,66.56544041438714,70.19976043701172,2874095
2009-06-29,70.39102662238481,70.96486651332818,68.17217787659027,69.47288513183594,2597603
2009-06-30,68.8607901436942,70.6588207188548,66.29763967804811,66.94799041748047,3081360
2009-07-01,67.33055864812043,69.58766026784086,66.18287867116383,68.82254028320312,2264967
2009-07-02,69.2433424254908,69.43462237694241,67.40705372407496,68.4399642944336,1089226
2009-07-03,67.52183549000088,70.39103529835786,67.10101718314775,69.74068450927734,1669118
2009-07-06,70.3910337181579,71.07964282418547,65.07345252767084,66.6419448852539,3199755
2009-07-07,66.6419284250861,71.30915768831387,65.95331948914094,70.04671478271484,4796447
2009-07-08,69.28160683935508,72.91592623632773,67.13926885986328,71.72998809814453,4743634
2009-07-09,71.72998923324782,75.63209948005621,71.3474292906705,74.3313980102539,3228444
2009-07-10,74.59919085390574,76.05291984315448,72.41860028873343,73.2602310180664,3309499
2009-07-13,72.68638432261957,73.06894424010706,70.58230477643849,72.0360336303711,3076736
2009-07-14,71.92125960426938,77.812679598595,71.92125960426938,76.39720916748047,2714472
2009-07-15,76.97105489793466,78.31001462074258,73.79580638779566,75.74686431884766,3243982
2009-07-16,75.74684608796957,78.04220506033228,74.59916660178821,74.82870483398438,3103962
2009-07-17,74.21662736737744,76.05291622229798,74.06360572838462,75.05825805664062,3618144
2009-07-20,74.90522269363582,76.51197295827964,73.2219557861135,74.21661376953125,4376254
2009-07-21,73.52800620789232,74.98173488851711,71.99776672037156,73.48975372314453,4360498
2009-07-22,73.56628854556868,74.94350103148464,72.11255939037768,73.6427993774414,2017993
2009-07-23,72.87765424276135,74.8287118881576,72.15079283461782,74.21661376953125,4547094
2009-07-24,74.21661471966146,75.74685419841737,70.8118342143897,72.76288604736328,5715037
2009-07-27,73.68104080248776,74.10185319991365,72.38033360955086,72.8776626586914,2282880
2009-07-28,73.0689207072284,76.89451865001523,72.68636091294972,76.09114074707031,5124033
2009-07-29,76.51200268172632,77.08584270183927,74.36966427167697,75.78514099121094,3377549
2009-07-30,75.74687235279498,80.14631190863913,75.17303241072835,79.34293365478516,6261070
2009-07-31,79.95502355900777,84.39272098145383,78.4247838736679,83.0155029296875,5401262
2009-08-03,83.78063452321294,84.08668367068681,80.72015472327823,83.32156372070312,2013965
2009-08-04,83.94046615425188,85.71985166872886,81.23270918153408,84.4433364868164,4517766
2009-08-05,85.1009232224791,86.49348614527791,82.1610707865443,85.2943344116211,2457759
2009-08-06,85.79719611234229,85.87455939978192,82.23843176815474,82.66393280029297,1935023
2009-08-07,82.3158007044748,83.39890451027858,79.68540743393442,81.50347137451172,1747978
2009-08-10,82.00636019251239,82.54790926676907,75.27565185844345,77.4031753540039,3539674
2009-08-11,77.75130912780762,78.52495399475097,74.85014087677001,77.36448669433594,3923214
2009-08-12,77.13237919560318,79.91750501689086,73.57361452694127,78.0220718383789,9631929
2009-08-13,78.91179075373202,81.426137027748,78.91179075373202,80.34303283691406,3200760
2009-08-14,80.84588056179261,81.92898444837188,77.40316360697989,78.06076049804688,4170662
2009-08-17,76.01059281887557,78.7957125966363,75.43035928590706,77.09369659423828,8548565
2009-08-18,76.9776579026894,78.4475842089577,76.28137639946323,77.28711700439453,1612851
2009-08-19,77.36448933603843,77.90603840041385,73.6896760925766,74.85014343261719,3626122
2009-08-20,74.2699076570892,77.32580253825307,74.2699076570892,76.93898010253906,6721671
2009-08-21,77.28712523421486,77.28712523421486,74.81145805939701,76.16533660888672,3243134
2009-08-24,77.13238172953214,77.98339570423897,76.04928376616202,76.47478485107422,2122414
2009-08-25,77.13239080898018,77.13239080898018,75.04355203095109,75.7011489868164,2628134
2009-08-26,75.8945625567334,77.36448902876842,75.43037680304921,76.24270629882812,7282998
2009-08-27,73.534938246662,77.67393661365841,73.534938246662,76.47478485107422,1822444
2009-08-28,76.20402806503476,76.90030970500075,75.23697187131604,76.32007598876953,3313235
2009-08-31,75.2756520194932,77.86736128459602,75.2756520194932,76.70689392089844,2425221
2009-09-01,77.32579006413997,77.71261243745221,75.97191175754713,76.35873413085938,3005872
2009-09-02,76.04929739639982,76.62953108181759,75.8172015612558,76.28138732910156,2077032
2009-09-03,76.90029815763585,77.67394299644015,76.20401662222363,77.2484359741211,1742082
2009-09-04,78.06076825507334,78.06076825507334,76.78425304412842,77.36448669433594,1778787
2009-09-07,78.91177302152785,78.91177302152785,77.78999037386514,78.37022399902344,2607428
2009-09-08,79.14387224928242,79.2599142573704,76.86161635033436,77.36448669433594,5653246
2009-09-09,77.67392850797343,77.90601837485812,75.8945433496544,76.90028381347656,970741
2009-09-10,77.75131384598171,77.90604046778287,75.9332494788278,76.28138732910156,678113
2009-09-11,76.93897218854343,78.37021977541971,75.43036720541174,75.97191619873047,2827027
2009-09-14,75.08223724365234,75.81719751161468,74.30859237108484,75.08223724365234,974836
2009-09-15,75.50773288859945,76.86161131709231,75.12091048045863,76.51347351074219,1052247
2009-09-16,77.05503873128373,77.79000500283156,76.16534582490624,77.32581329345703,1273614
2009-09-17,77.67394065263512,78.98913447793988,76.04928772065821,77.20975494384766,2950432
2009-09-18,76.59084182739257,78.52495399475097,76.59084182739257,77.36448669433594,3568681
2009-09-22,77.90602930536336,78.13812510725256,76.4361089015365,77.28711700439453,2414467
2009-09-23,77.44183956925421,77.71261405572312,75.93323464289801,76.5521469116211,963039
2009-09-24,76.59083439318731,77.20975258764415,75.35300390671497,75.97191619873047,4266419
2009-09-25,75.27564339885046,76.51347393121516,75.08223219371718,76.08796691894531,1928033
2009-09-29,76.20400313266641,77.55788136091175,75.89454407143648,76.74555206298828,7300733
2009-09-30,77.13237528830508,78.52493812840581,76.59082635184409,77.09369659423828,4889667
2009-10-01,77.36447566137431,81.23269944444304,76.28137182162686,79.25990295410156,11863148
2009-10-05,79.60804556853333,81.46479413999634,77.44183791808632,77.75129699707031,4027717
2009-10-06,78.83440345767494,78.83440345767494,73.68966454270885,75.50772857666016,3980335
2009-10-07,75.81720173166177,76.59084664729096,75.04355681603256,75.5851058959961,2362093
2009-10-08,75.81719241224704,76.93897504104345,75.1209108932789,76.08796691894531,1068564
2009-10-09,76.59083591057382,77.36448071775132,75.27564209934863,76.86161041259766,1242280
2009-10-12,77.2871135523301,77.63525133717273,73.68966419837776,75.23695373535156,5737164
2009-10-13,74.2698974609375,74.2698974609375,74.2698974609375,74.2698974609375,0
2009-10-14,75.77851721529439,75.77851721529439,71.98766184614328,72.76130676269531,5387028
2009-10-15,73.49627322796744,73.76704779095034,72.1810791206546,72.56790161132812,2331639
2009-10-16,72.72263313628041,72.72263313628041,70.014875519504,70.51774597167969,3145627
2009-10-20,71.48480098517611,71.63952762810513,70.40169677734374,70.59510803222656,1729289
2009-10-21,70.4016998459621,71.48480410100403,69.74410273118629,70.01487731933594,2192619
2009-10-22,69.62804538225176,70.0148678565976,68.97044835635234,69.5506820678711,1439161
2009-10-23,70.40168653608052,70.78850898957548,69.39594579601678,69.78276824951172,9824378
2009-10-26,69.62803492639058,70.28563185354038,68.46756767761741,69.43462371826172,1894197
2009-10-27,68.27415891785456,70.09222315897478,68.15811100832734,69.27989959716797,1475874
2009-10-28,69.62803767277644,69.70540097859114,66.99764395798317,67.88733673095703,2748058
2009-10-29,66.76556456219879,70.01487113801345,66.57215331596119,68.274169921875,7410791
2009-10-30,69.55066201098904,69.93748437378382,68.3515103253489,68.97042846679688,4904373
2009-11-03,69.47331409102954,69.47331409102954,64.59934888039419,65.64376831054688,5098956
2009-11-04,65.7598123562799,69.24121418690648,65.48903783883063,68.93175506591797,2885119
2009-11-05,68.85440357085915,68.85440357085915,64.83145201533664,66.34005737304688,4042969
2009-11-06,67.3071050600364,67.61656419482384,63.98042969034515,64.8314437866211,3520945
2009-11-09,65.06354472440943,65.52773055394387,63.32284343682298,63.78702926635742,4562275
2009-11-10,65.52772493053904,66.49478111843035,64.21253087598386,65.25695037841797,11883088
2009-11-11,65.75981140136719,66.06927051786197,65.37298898135914,65.75981140136719,2874589
2009-11-12,66.30136841821799,67.50052042572648,65.29563354646345,66.03059387207031,2490323
2009-11-13,65.83717058113585,66.68817867136187,65.75980728246827,66.41740417480469,1509629
2009-11-16,67.2297427088789,67.50051724225625,66.72687234549687,67.3071060180664,1938847
2009-11-17,67.69393128292447,68.00339043499203,66.9589709614011,67.42315673828125,1774083
2009-11-18,67.42315673828125,67.61656797051818,65.95323019279212,67.42315673828125,1326565
2009-11-19,67.30711360297467,68.04207397674267,65.72113902491596,66.34005737304688,3473914
2009-11-20,66.53346112130703,67.65524386063127,65.41167838198277,67.3071060180664,3146825
2009-11-23,67.69392614780341,68.62229763113938,67.19105580164563,68.42888641357422,5271506
2009-11-24,68.85439672210073,70.09222739279612,68.00338850490029,69.78276824951172,2170757
2009-11-25,69.93749646553069,71.75556070450968,69.6280373413032,71.13664245605469,2859354
2009-11-26,71.79424939944495,73.49626582601796,70.71114535415202,71.17533111572266,7285625
2009-11-27,71.0205976466083,71.0205976466083,67.77128582410134,69.16384887695312,3464094
2009-11-30,69.97617945373516,71.94897632690126,69.70540491686428,71.44610595703125,3431537
2009-12-01,72.02634561608856,73.34154560818986,71.44611188786695,72.9160385131836,1411386
2009-12-02,73.88308826216657,74.11518409412407,72.0263393138331,72.83866882324219,1718190
2009-12-03,72.87734378898588,74.19254359855013,71.98765691781352,73.07075500488281,2189183
2009-12-04,73.84440067428412,73.84440067428412,72.49052214823166,73.41889953613281,1143378
2009-12-07,72.79999114592323,73.76704736704986,72.68394321889949,73.45758819580078,2298017
2009-12-08,73.45757769406248,75.97192350953249,73.30285108177955,75.7011489868164,3453100
2009-12-09,75.81719049712277,76.28137619722911,74.734086595247,75.623779296875,4203985
2009-12-10,75.8172015612558,76.59084647514617,75.23696787583802,76.28138732910156,2537067
2009-12-11,76.59083689475545,76.97765930331482,74.26990244339923,75.81719207763672,3818059
2009-12-14,75.81718880253851,77.28711507205558,75.35300311280714,76.82292938232422,3421625
2009-12-15,77.2871135523301,77.67393593657356,74.85013135110812,75.23695373535156,1795087
2009-12-16,75.81719613340275,76.47479308264286,74.65672884564657,75.85588073730469,2156765
2009-12-17,75.9719249350548,77.05502894868418,75.54642379207178,76.5908432006836,1727926
2009-12-18,76.97767272894353,77.20976857553546,75.66247867143609,76.04930114746094,1321510
2009-12-21,76.04929411131276,76.20402072643023,74.50200435037002,74.92750549316406,1244198
2009-12-22,75.66246039930654,75.66246039930654,74.07648626963298,74.2698974609375,920887
2009-12-23,74.26991127664508,77.24844299631374,74.11518465579562,76.70689392089844,2773365
2009-12-24,77.36449121829853,77.82867698511987,75.85588600051861,76.97766876220703,942754
2009-12-29,77.01635256859142,79.1438760549896,76.5908455103349,78.29286193847656,2382755
2009-12-30,78.52496009916565,79.10519379447969,77.51921933297771,78.83441925048828,1294961
2009-12-31,79.06650666812796,81.38744137544023,78.44759428764333,80.65248107910156,3993537
2010-01-04,81.54216073349345,82.47053210556825,80.072234475674,82.08370971679688,1443914
2010-01-05,82.77999949572094,83.5149597470894,80.84588735797045,81.46480560302734,1529807
2010-01-06,81.5034657403429,82.66393275867462,80.11090885980913,81.9676513671875,1558825
2010-01-07,82.62527604927266,83.08946179961737,81.23271289579647,81.85163116455078,787351
2010-01-08,81.77424547907293,82.50921151295037,81.23269652985027,81.9289779663086,838294
2010-01-11,81.69688732802551,83.08945028857893,81.61952403075948,82.08370971679688,1243257
2010-01-12,82.27711498589609,82.27711498589609,79.22122069565269,79.99486541748047,1748333
2010-01-13,80.07225273039961,84.52071121542181,79.29860777648271,83.70838165283203,3474998
2010-01-14,84.32730066555456,85.68117934596484,82.47055158050337,83.08946990966797,2794158
2010-01-15,83.78574046599277,88.58233622367808,82.81868439368188,87.61528015136719,4557574
2010-01-18,88.58232168249181,88.58232168249181,85.10092039366026,85.87456512451172,4619689
2010-01-19,85.87457183859658,86.14534633507685,83.20549966945457,83.66968536376953,2611102
2010-01-20,84.17256105736931,85.10093250554401,82.31581225857819,84.79147338867188,4496151
2010-01-21,83.94046846859185,86.1840397740472,83.244186904493,84.48201751708984,2948424
2010-01-22,83.16683237923795,83.78575070210697,80.65248628405168,81.7742691040039,3383732
2010-01-25,81.77425288510543,82.00634868575865,78.64099499093514,80.2656478881836,886649
2010-01-27,79.99487317599174,79.99487317599174,76.62951949013146,78.60231018066406,1925140
2010-01-28,79.45333350060122,80.72984884050163,77.5579057460878,79.2986068725586,4297266
2010-01-29,78.06076800206623,80.30433928941859,77.0163486155662,78.75704956054688,3626461
2010-02-01,78.71836022987392,79.33727844523776,77.90603081001409,78.17681121826172,974532
2010-02-02,79.25993473732866,80.1496277446895,78.21551507757613,79.18257141113281,3836940
2010-02-03,79.68541113458592,80.76851499068988,79.41463664617021,79.87882232666016,961552
2010-02-04,79.91753342216013,80.3817192565477,77.40318709158082,77.90605163574219,2600040
2010-02-05,75.66245506007076,79.22121954845618,74.69539917178989,77.09369659423828,3850375
2010-02-08,78.44758572406782,78.44758572406782,76.43611037779768,78.17681121826172,1597442
2010-02-09,78.09943696094435,80.84587824805077,77.01633900780378,80.57510375976562,1447482
2010-02-10,81.07798013234314,81.77425575384626,79.569369180056,80.38169860839844,2714560
2010-02-11,80.61379280028518,83.36023443978863,80.45906618782384,82.54790496826172,2424346
2010-02-15,83.1668302039827,83.51496806246426,80.76853209486795,81.039306640625,1219094
2010-02-16,81.58083843810641,84.98487659835723,80.38169258897292,84.52069091796875,2146305
2010-02-17,84.86884642570163,85.4877647304283,82.50923293162131,83.39892578125,2913479
2010-02-18,83.90744405397227,83.90744405397227,81.99067965427965,83.3206787109375,1205936
2010-02-19,80.85627969731276,83.67275272905955,80.85627969731276,82.49922180175781,1611672
2010-02-22,83.12508745047629,83.63361859100924,81.36479148093679,81.99067687988281,1181883
2010-02-23,81.36479733987946,82.26450542731877,80.85626616272802,81.13008880615234,2096779
2010-02-24,79.64362705426473,83.71186482650283,79.64362705426473,81.95156860351562,1149230
2010-02-25,82.53833294476593,83.00774407105368,80.77803674452211,82.6948013305664,1555028
2010-02-26,82.92950339381444,84.689799456419,81.44302996939344,83.67273712158203,1466666
2010-03-02,83.3597978097186,85.6677390776818,82.96862091895294,84.06391143798828,4528255
2010-03-03,84.49420679395443,85.27656056056513,83.08596762650097,83.71185302734375,3238351
2010-03-04,83.63360093932934,83.63360093932934,82.22536207336596,82.92948150634766,4370735
2010-03-05,83.55538082786983,86.01979030451248,83.08596381433286,85.4721450805664,2749613
2010-03-08,86.21537762357781,90.63567733879673,85.9024409104423,90.04891204833984,6786096
2010-03-09,90.75305418345344,90.75305418345344,89.18834635270424,89.8142318725586,2557028
2010-03-10,89.57952090007831,92.08305097435996,89.34481234422655,91.61363983154295,2726747
2010-03-11,92.70891959897934,92.70891959897934,90.36185834330898,90.94862365722656,2587478
2010-03-12,91.84834227050398,91.84834227050398,90.59657731672786,91.1051025390625,1810929
2010-03-15,91.10511361919004,91.37894227237904,90.04893699751781,91.14423370361328,1759932
2010-03-16,90.20538637151796,91.4962652353824,89.85332361592158,91.22244262695312,2443414
2010-03-17,91.41805511227504,93.06099716404933,90.00982162599139,90.47923278808594,2985157
2010-03-18,90.24449401999507,92.20037818154196,90.00979150194033,91.33979034423828,1062887
2010-03-19,92.70891860174984,93.10009547348716,91.06597693423008,92.86538696289062,1584762
2010-03-22,91.06597140911296,94.50832886532532,91.06597140911296,92.239501953125,1556517
2010-03-23,92.39598161694754,92.86539269824604,91.3789252689484,91.96569061279295,1413528
2010-03-25,91.965686768088,93.4130400286196,90.16627073463653,92.55245208740234,5553952
2010-03-26,92.16127192393432,93.88244774503924,90.90950117889224,93.37391662597656,1648265
2010-03-29,93.60863954035716,97.48128871833188,93.37393099731604,95.48628997802734,4000550
2010-03-30,94.66480942163224,97.20745926146948,92.43510229432135,93.06098175048828,3296177
2010-03-31,92.47420612720684,94.31274212067102,92.47420612720684,93.7650909423828,1932396
2010-04-01,94.43011507734413,94.97776639873769,92.00481913656316,92.39599609375,6189724
2010-04-05,93.10011769047188,93.5304147396212,92.55247232690616,92.9436492919922,1085101
2010-04-06,93.10009681078904,93.10009681078904,90.83126972834567,91.49626922607422,1944491
2010-04-07,91.53538887455778,94.46921544105004,91.53538887455778,93.29568481445312,2687936
2010-04-08,93.96068064445542,94.93862279514478,92.39597320335248,93.56950378417967,1649518
2010-04-09,92.47421812729915,95.79922182601427,92.47421812729915,93.92157745361328,1455140
2010-04-12,94.27363493054618,95.0559887473972,92.12216193420592,92.98274993896484,1252550
2010-04-13,93.10010420526967,93.41304692578728,92.00480766790108,92.98274993896484,860060
2010-04-15,92.94362438906964,94.58656600845067,92.94362438906964,93.56950378417967,2695587
2010-04-16,93.41305698633488,93.80423393688996,92.16129193833588,92.90452575683594,678596
2010-04-19,91.5354014647265,92.31775532339938,91.06599034330004,91.65275573730467,1018528
2010-04-20,92.94363345606595,94.03892399657953,90.59657206544698,93.06098175048828,1501373
2010-04-21,93.1000984730749,95.13421707786917,92.74804166472252,94.70392608642578,1273246
2010-04-22,94.273634281217,95.79922182601427,93.56951465712368,93.92157745361328,1345226
2010-04-23,93.88244738273671,95.36892066007375,92.31773992635776,93.9998016357422,2001903
2010-04-26,94.664819123865,96.07305849012168,93.37393403294408,95.32981872558594,1551525
2010-04-27,94.97776268864936,97.24659014548372,94.58658574674295,96.6207046508789,3563115
2010-04-28,93.10009956421244,97.7942222313156,93.10009956421244,96.85540008544922,1766458
2010-04-29,97.16834317228567,98.42011407376926,95.6818756723245,97.05099487304688,2627723
2010-04-30,95.87745673944774,96.93363313339036,93.49127535741552,94.70392608642578,3644049
2010-05-03,92.55246217339024,94.89952370642077,92.55246217339024,94.19540405273438,2831989
2010-05-04,96.2295139921386,96.2295139921386,90.16627225686156,90.87039184570312,6992284
2010-05-05,88.79715849996552,91.45716267964475,88.0539247591061,90.63568878173828,1447729
2010-05-06,90.59657469077774,91.41804261996762,86.37186287146164,87.74098205566406,3460067
2010-05-07,86.45008940234877,88.21038534040565,81.20832166324469,86.88038635253906,7043938
2010-05-10,87.0368515895814,90.63567751771065,87.0368515895814,89.73596954345703,2211741
2010-05-11,89.77509284090065,89.93156120339597,86.6065577648441,86.88038635253906,1447755
2010-05-12,85.98068366450418,87.58450537038827,84.9636213387156,85.78509521484375,1523408
2010-05-13,86.05891276481216,86.72391226058134,83.86831987051731,85.39391326904297,2287485
2010-05-14,85.27656287565573,86.41097348048402,81.79509090727727,82.77303314208984,1766040
2010-05-17,81.36481095958757,82.85128466128052,79.8392231416501,82.49922180175781,2061140
2010-05-18,81.56038152986163,85.04185346180746,81.44302726913506,84.3768539428711,2415171
2010-05-19,83.32068305291521,84.45509372101081,81.20833009546614,82.1080322265625,875276
2010-05-20,82.92949257485891,82.92949257485891,81.01272838874876,81.79508209228516,4166177
2010-05-21,80.97362345396442,84.4159815868474,80.62156660911036,82.65568542480469,1415706
2010-05-24,83.00772388400237,92.08302533774886,82.57743294325243,86.99772644042969,2598290
2010-05-25,84.49421380013936,84.49421380013936,81.28656428483721,82.1080322265625,2549873
2010-05-26,82.53831753799363,83.63361394080566,82.26449492951193,83.00772857666016,1501815
2010-05-27,81.75596712657155,85.90244440188486,81.75596712657155,85.39391326904297,1719158
2010-05-28,85.27655446029333,86.45008502626067,83.790081216291,85.23743438720703,1433845
2010-05-31,84.02479205128807,86.0197904875235,82.96861570635339,85.1592025756836,2591700
2010-06-01,85.27654388494201,85.27654388494201,82.57742630549531,83.594482421875,940885
2010-06-02,84.02481070357321,86.99775196523215,84.02481070357321,86.60657501220703,1001508
2010-06-03,87.97569119925105,89.970695975835,86.60657191266226,89.34481048583984,1076760
2010-06-04,89.34480782023631,89.7359847475909,87.6627518077205,88.01480865478516,668511
2010-06-07,85.3548039706425,90.71392665749106,85.3548039706425,90.36186981201172,1260267
2010-06-08,89.89245475865894,91.10509959356382,89.57951203811106,90.08804321289062,1542915
2010-06-09,90.75302208233856,91.26155314123204,89.65772579446447,90.0097885131836,1199025
2010-06-10,89.42304394302626,91.37892849148363,89.2665695978181,90.63568878173828,1036359
2010-06-11,90.63566784276551,92.2786092901344,89.03184646488253,90.0097885131836,4076926
2010-06-14,90.635690303567,90.635690303567,89.61863390262373,90.12715911865234,1666885
2010-06-15,90.12715237756456,91.06598048769924,88.91450760919162,90.55744934082033,2311142
2010-06-16,90.12715760536216,91.84833958933623,89.97068922903995,90.63568878173828,1002117
2010-06-17,91.30066901872743,91.84832015776516,90.36184702164088,91.5353775024414,1169459
2010-06-18,91.53538548278512,92.70891606589774,90.87038601279832,92.0830307006836,1309072
2010-06-21,93.10009623433366,93.88244998420204,91.96568568457872,92.43509674072266,1086389
2010-06-22,92.59158300261454,93.53041126527872,92.00481757678187,92.90452575683594,1794475
2010-06-23,92.08303124443631,94.66480093008362,91.61362020219644,94.312744140625,2016711
2010-06-24,94.58656713006926,94.70392138332062,91.18332959909138,92.5133285522461,1854480
2010-06-25,92.00481258615298,92.31775532339938,90.32275059622904,91.65275573730467,1255140
2010-06-28,91.30068825140695,93.49128133124148,90.59657458971138,92.66980743408205,804591
2010-06-29,97.01188693603925,97.01188693603925,89.3839361487297,89.61864471435547,1163661
2010-06-30,86.0980338743107,90.47921374664752,86.0980338743107,89.89244842529297,1996373
2010-07-01,89.50127530600382,89.97068638903905,88.17127027370395,88.44509887695312,1070281
2010-07-02,95.4471688619474,95.4471688619474,87.5453962401044,88.21039581298828,1094090
2010-07-05,87.66274197034376,89.18832942827316,87.66274197034376,88.95362091064453,198597
2010-07-06,87.93658335017477,90.00982246845795,87.93658335017477,88.67981719970703,1330407
2010-07-07,88.60157404581706,89.14921935655902,87.34980907205957,88.01480865478516,467949
2010-07-08,88.3668652709695,89.14921912363461,88.13216269650168,88.32775115966797,1574981
2010-07-09,88.40598797091974,88.79716490884415,86.76304602541443,87.07598876953125,768120
2010-07-12,87.8583393887557,88.13216204137579,86.09804323334427,86.72392272949219,993198
2010-07-13,87.154224523838,87.154224523838,86.05892788426102,86.56745910644531,2921279
2010-07-14,87.5844973973254,88.75802798845822,85.74596733166103,86.09803009033203,1973187
2010-07-15,86.09805238141382,86.76305202811606,85.74598953159254,86.21540069580078,833082
2010-07-16,86.21537892061826,86.80214421990256,84.45508302276538,85.1592025756836,1044806
2010-07-19,85.15920772253403,86.29362428437668,84.1030313137662,84.3768539428711,809290
2010-07-20,84.37685919473037,86.2936296555413,84.14215662755431,84.45509338378906,922292
2010-07-21,85.19833492991452,88.40598450122603,84.88539219807986,87.89745330810547,1920680
2010-07-22,89.1883264956267,90.67479979766422,88.40597275443699,89.9706802368164,5635235
2010-07-23,90.1271485975002,90.36185710741128,88.71891544468994,89.9706802368164,1673843
2010-07-26,90.71392798869496,91.61363612453938,89.57951727538219,91.02687072753906,2407058
2010-07-27,91.14420309396432,93.72597260778504,90.63567201168024,92.63067626953124,3480674
2010-07-28,93.02188428277653,94.03894081932246,91.53541060902356,92.00482177734376,2573450
2010-07-29,92.23952177354526,95.4471714226607,90.16628283984956,94.11717224121094,2844151
2010-07-30,93.882453701299,93.882453701299,91.57451243536298,92.1612777709961,1566981
2010-08-02,92.31776189608996,92.94364741514354,91.73099646030973,92.39599609375,1241011
2010-08-03,92.39597943296154,92.39597943296154,90.59656933570272,91.7309799194336,1218257
2010-08-04,90.90950606991429,93.02186483915584,89.97068392950843,91.7309799194336,2038667
2010-08-05,92.40285409230836,93.11425450798956,89.51773386963815,90.3477020263672,971884
2010-08-06,90.11056934333313,91.0590992399679,89.32012575260212,90.86148834228516,773904
2010-08-09,90.46625616835792,95.48557721815288,89.95247271781037,94.65560913085938,1184076
2010-08-10,94.85323963731248,95.44607238504568,93.50948782135984,94.61610412597656,2129062
2010-08-11,94.61608966071891,96.43411222139736,93.66755982160318,95.28797149658205,1547827
2010-08-12,95.28796777849637,95.28796777849637,91.69144738685596,92.758544921875,811984
2010-08-13,92.56093551608043,93.39090362907682,91.69144884522102,92.20523834228516,1048042
2010-08-16,92.24476305622088,92.48189854164694,89.83391376388336,90.03152465820312,692868
2010-08-17,90.03152078208686,92.48189456003504,89.83390989627482,90.42674255371094,780155
2010-08-18,90.58485477484513,91.53339091657044,89.87345417620297,90.70342254638672,1554833
2010-08-19,91.49384057415716,100.93963854948448,90.74292161667633,98.37069702148438,3732103
2010-08-20,99.95160422129544,101.4929670359044,94.6556338028169,96.39460754394533,3732826
2010-08-23,97.1455309724322,98.7264183567497,96.07843319413924,96.35508728027344,1848637
2010-08-24,95.95985106619538,97.06647327564524,94.8532288567455,95.68319702148438,1180719
2010-08-25,94.85323616160788,98.21262160899812,94.29992802957436,95.92033386230467,2573648
2010-08-26,96.03890335169116,97.97548787946212,93.3513937390205,96.51316833496094,4627679
2010-08-27,96.51315536955607,96.82933399279652,94.14182474116106,95.28797149658205,735208
2010-08-30,95.84127537101088,97.54073011979318,95.28796732750288,96.71076202392578,893822
2010-08-31,96.03888985779732,99.91206439974732,94.18134874979644,99.2401885986328,2601282
2010-09-01,99.99111845083728,100.22825395031496,97.26409035987513,98.173095703125,992265
2010-09-02,99.59589778094652,99.872551846439,97.42217778969572,99.20067596435548,2233239
2010-09-03,98.80545455382487,99.99112000847076,98.01501091739428,99.5563735961914,1369074
2010-09-06,99.75398717319702,100.97917725467444,99.20067902514003,100.03064727783205,886256
2010-09-07,100.03062436441114,108.9231134751334,99.753964323149,107.50031280517578,9718157
2010-09-08,106.7098791430477,109.71356704227946,105.9589601835426,108.4488525390625,5761294
2010-09-09,109.47642533857744,109.47642533857744,106.39370049648804,107.89553833007812,2253231
2010-09-13,106.67038606654503,111.2154378172159,106.67038606654503,110.14834594726562,3844268
2010-09-14,108.7255088321518,110.42495757947988,107.57936813782278,108.05362701416016,1281916
2010-09-15,106.74940550543508,110.18782776486056,106.74940550543508,109.04168701171876,1732133
2010-09-16,106.70987070107698,108.60693024461196,106.70987070107698,107.7374496459961,1538054
2010-09-17,106.78896105804108,114.0610415277278,106.78896105804108,112.67776489257812,4072555
2010-09-20,113.03340961504104,116.9461021510121,112.24296619115964,114.9699935913086,3220061
2010-09-21,115.32573856266131,117.93420535583353,112.63823463103812,115.87905883789062,3531254
2010-09-22,115.40475825940148,117.77608890856727,114.45622841197743,116.59042358398438,2701672
2010-09-23,116.5904483802398,117.57850302752998,114.65386368379389,115.24669647216795,1258086
2010-09-24,115.76048138064706,116.19522784264126,113.15201466989598,115.48383331298828,2666268
2010-09-27,116.19521947653898,118.8432105952175,113.66580214507464,114.81194305419922,2122216
2010-09-28,115.32572071003244,116.74852165525736,114.3376661732391,115.40476989746094,1665657
2010-09-29,116.1952047684988,117.18325923081598,115.32571201717502,116.3137664794922,1404962
2010-09-30,116.11616844936708,116.1952176395935,109.79261919006946,111.13638305664062,2407808
2010-10-01,111.45255360523586,113.74483534426268,110.26688814135038,112.16394805908205,2124155
2010-10-04,113.42869164828002,114.14008628360868,110.70166279789905,111.21544647216795,666082
2010-10-05,111.21542827109398,113.6658086117014,111.21542827109398,112.6382293701172,902219
2010-10-06,113.1124905634882,115.16763680629514,112.95439218532294,113.62627410888672,1308982
2010-10-07,112.32203104959252,114.2981398853615,111.5711000430314,112.12442016601562,1800090
2010-10-08,112.83584698114254,113.42867980240948,109.71359653471286,111.61065673828124,1067054
2010-10-11,112.24298620306348,112.87534346715404,110.10879099031796,112.08489990234376,485834
2010-10-12,107.18416179526945,113.42866169105868,107.18416179526945,110.30641174316406,1068212
2010-10-13,110.66209190595004,114.10052601465496,109.91117298025895,113.23103332519533,1399803
2010-10-14,114.21911508065683,116.19522433810764,111.2549511944806,112.04539489746094,2007789
2010-10-15,112.55918718001864,112.87537192237806,109.00219024167404,109.674072265625,2769017
2010-10-18,109.8716495264808,110.26687128736742,106.63082626272612,108.05362701416016,2067247
2010-10-19,108.40935997629786,111.68970891133708,107.105132559287,110.14834594726562,2126164
2010-10-20,109.12071941394768,110.26685999085802,107.57935711664,108.76502227783205,1218534
2010-10-21,108.13269301065196,113.82388484043094,106.15658389883892,112.48013305664062,2561864
2010-10-22,112.2429928796693,112.2429928796693,109.87166204418334,110.26688385009766,1969322
2010-10-25,110.66208903014248,115.641885448741,110.66208903014248,113.5076904296875,3946050
2010-10-26,113.82387530977066,113.9819616132363,110.66210099561036,111.88729095458984,3402483
2010-10-27,111.7292140515514,112.63821941886764,109.87166666121124,110.54354858398438,1325324
2010-10-28,110.9782927443878,113.74484574646084,110.10881189475032,112.6382293701172,5361428
2010-10-29,112.6382329419053,112.6382329419053,108.29079237221772,110.74117279052734,1285590
2010-11-01,111.45254350759896,114.53526860992022,111.45254350759896,112.79629516601562,1847565
2010-11-02,113.74483114327532,118.09227101695625,113.15199843322792,117.18326568603516,3848612
2010-11-03,118.44797500101328,121.5702247222196,117.97370402967556,119.23841857910156,2132275
2010-11-04,119.35698874660535,120.77978970019817,117.38087966139666,119.94982147216795,2400503
2010-11-08,119.4360575643058,130.02799917736849,119.4360575643058,129.3166046142578,5744429
2010-11-09,129.23753571385888,130.81842300087854,126.23384745627892,130.18606567382812,4182575
2010-11-10,129.03992570954082,129.6327584463381,126.31289753251592,127.0242919921875,1790217
2010-11-11,126.70809926194086,131.84598216601472,125.9176557382372,127.49854278564452,2409787
2010-11-12,126.4709819228115,128.44709101535545,123.54634287808904,125.28531646728516,2212396
2010-11-15,123.07206683877656,124.09964593712256,120.74026061716862,122.71636962890624,1306689
2010-11-16,122.99303561439515,122.99303561439515,115.40477182086676,117.14374542236328,1445783
2010-11-18,117.53894887278658,120.54263665747736,115.60236466331848,118.21083068847656,2072465
2010-11-19,118.56656320931371,119.11987142538096,114.41673349698776,115.1281280517578,1820190
2010-11-22,115.60240607207972,117.18329367648424,114.65387592168008,115.56288146972656,1617598
2010-11-23,115.3257008147857,117.38085872125828,112.4801114764512,113.5076904296875,1159419
2010-11-24,113.58675020522244,115.32572382470168,110.50402479165534,111.25494384765624,1291305
2010-11-25,112.242995506083,114.3771908957167,105.72183555590564,109.63452911376952,5846380
2010-11-26,110.78068765691516,111.84779155275233,106.70990713513471,109.75312042236328,869181
2010-11-29,110.2668773901119,111.5711044487361,106.70988134526958,109.39738464355467,1081868
2010-11-30,109.67405552866474,112.95439182449644,105.16852917324324,111.33399200439452,2757016
2010-12-01,110.66211110956928,112.24299841113456,109.16027299756745,111.25494384765624,1030653
2010-12-02,111.45255405309013,113.31010144512676,109.19978483817016,110.58306121826172,1304696
2010-12-03,110.66209330246366,111.37348764920938,108.2907627316966,109.1602554321289,553523
2010-12-06,110.18782350678764,111.29445168801776,107.2631848514136,108.29076385498048,604893
2010-12-07,108.17222873236756,110.662121644892,106.78895221180645,109.8321533203125,727338
2010-12-08,109.7135731148374,112.24299020006116,107.9350750306815,108.96265411376952,1548752
2010-12-09,109.3973956629049,110.06927758575912,103.62716670235244,105.56375122070312,952556
2010-12-10,103.54810215050064,112.8753381915666,103.42954044580512,112.24298095703124,1980746
2010-12-13,113.46815447947375,113.74480243761778,107.5793534580627,109.1997528076172,1990758
2010-12-14,108.6860045336976,111.65016829370757,108.6860045336976,110.62258911132812,1414930
2010-12-15,110.66210921076971,111.0573310293796,106.51228011536584,107.57938385009766,918810
2010-12-16,107.50033463608476,109.83214095308082,105.3661392283462,109.5159683227539,968960
2010-12-20,108.44885272508026,112.2429841800277,107.14462569113492,110.38543701171876,1202074
2010-12-21,109.87164977887464,111.29445053357708,108.48837361259385,109.1602554321289,616428
2010-12-22,109.476427464117,110.978265326866,108.8045456479756,110.42495727539062,994780
2010-12-23,110.18783682890768,110.66210782980616,108.72552335502708,109.2788314819336,517991
2010-12-24,108.4883827301906,112.51964986377538,108.4883827301906,111.37349700927734,1203481
2010-12-27,111.45255871326114,114.81194434823531,110.85972595414805,113.94245147705078,1902447
2010-12-28,114.6143123589884,115.40475589249866,112.32203093629307,112.91486358642578,1651488
2010-12-29,112.87533899750804,114.0214797088557,111.96632169724454,112.91486358642578,854658
2010-12-30,113.0334290409391,120.62169203880146,112.04537459128056,113.31008911132812,3026098
2010-12-31,114.21907668340836,114.21907668340836,112.48010353368838,113.19149780273438,602100
2011-01-03,113.19153028858658,115.32572576944618,112.36156202902642,112.9939193725586,570620
2011-01-04,113.78437407686236,116.11618069999884,113.42867680574226,114.17959594726562,1658093
2011-01-05,114.41671738936375,114.61432830022622,110.66211008297704,111.33399200439452,846398
2011-01-06,111.4525539647543,111.61064028153976,104.73378298106344,105.56375122070312,1370998
2011-01-07,105.12899946638647,106.31466487390212,100.58394873757656,101.84866333007812,2078386
2011-01-10,101.17678130652833,103.42955040229135,99.477326351899,100.74203491210938,1776819
2011-01-11,102.08579460636008,103.74573112890788,97.7778790402976,99.95159912109376,1573905
2011-01-12,100.58393557196132,102.56004432583087,98.8844808375124,101.65103912353516,731869
2011-01-13,102.59957706629967,106.0775239250034,101.96721980256856,104.73377227783205,1928507
2011-01-14,105.12899869680405,105.91944229602814,100.10968304785229,101.1767807006836,1692640
2011-01-17,100.3468121897096,101.0186940713954,99.2006713867269,99.47732543945312,725210
2011-01-18,99.79351631844624,104.10143203638596,98.25215352814664,103.3900375366211,1342805
2011-01-19,104.3385505372358,104.41759971818804,99.83302463082477,100.6629867553711,582673
2011-01-20,99.59589249141352,101.80913695902066,99.20067069581266,101.25582885742188,808293
2011-01-21,100.78156634028171,101.65105918809483,99.79351176831815,100.03064727783205,487164
2011-01-24,100.03063576066432,101.80913378542884,99.91206801955884,100.42585754394533,615618
2011-01-25,100.38632985742552,103.982850386607,100.38632985742552,102.32291412353516,1677267
2011-01-27,103.54810987298544,106.2356132436774,101.29534082607312,104.45711517333984,3477871
2011-01-28,104.25950251040764,104.25950251040764,100.46537697632624,101.1372528076172,972039
2011-01-31,98.884486514364,100.38633045964517,97.61977804540298,99.7144546508789,543347
2011-02-01,100.0306498754643,102.71815355651,94.93228453337228,95.7622528076172,2196631
2011-02-02,96.43412275746468,98.33118867356886,94.49753827826632,95.80176544189452,1200274
2011-02-03,96.75030805769562,99.95160135721456,94.4580201696334,98.96354675292967,2857828
2011-02-04,99.59588817382468,99.99110995229223,94.49752964383548,95.3274917602539,1306165
2011-02-07,95.32749787522438,96.55268787930837,93.31187029410688,94.4975357055664,1015927
2011-02-08,95.24844426411263,96.03888778497664,93.46994634216864,94.02325439453124,675019
2011-02-09,93.98374413844157,94.97179862679648,92.40285695707368,94.14183044433594,1483604
2011-02-10,92.48188727915483,95.0113040061717,92.48188727915483,92.91663360595705,1776754
2011-02-11,93.9166153627594,94.19660404797536,89.27678019551117,93.1566390991211,1722960
2011-02-14,94.83657668117736,95.83654055970813,93.27662936869224,94.91657257080078,2556405
2011-02-15,95.99653144161891,96.71650664809007,93.83661192550056,95.35655212402344,3913533
2011-02-16,95.9965465107902,98.15646636596458,95.19657528986696,97.59648895263672,1153239
2011-02-17,97.51647925691844,101.51633479573135,97.19648959315435,100.63636779785156,2071944
2011-02-18,100.7963652274978,103.4762734713415,98.9164342395488,99.39641571044922,2207141
2011-02-21,99.63640636450214,101.5163372933371,98.91643112914322,100.9163589477539,698394
2011-02-22,100.43638596781364,102.91628934821652,97.59648578440805,99.07643127441406,1642155
2011-02-23,99.91639461759132,100.79636163341443,96.99649879405952,99.63640594482422,3485877
2011-02-24,99.95638825056078,99.99638924757792,96.7965047916554,98.75643157958984,3398977
2011-02-25,99.11643294266968,100.31638974317828,97.51649054199156,99.4764175415039,1342103
2011-02-28,97.796462333546,99.27640757764826,92.99663596134742,94.2765884399414,2298129
2011-03-01,95.99652738786575,98.196447807171,94.43658625913088,97.39647674560548,1763944
2011-03-03,97.43649668160572,100.31639184243284,96.5965244623538,98.5164566040039,2833689
2011-03-04,98.87642428406076,99.91638912955462,97.47647489382403,98.55643463134766,1941190
2011-03-07,98.35644515023,99.39641003049896,96.11652971292828,98.43644714355467,1944664
2011-03-08,98.4364343337203,99.95637435637178,97.59646233948078,99.55638885498048,3860797
2011-03-09,99.5563981328505,103.11626698566712,98.6364362765528,102.55628967285156,1928253
2011-03-10,101.99632942332008,104.23625125589572,101.35635001307108,103.7962646484375,1506678
2011-03-11,102.07631995385628,103.15627981145416,100.0763920311581,100.59637451171876,786479
2011-03-14,100.1963800318101,102.67629531842712,99.9963872572955,101.9963150024414,1166465
2011-03-15,99.1964242900917,102.39630894461078,98.55644491786964,100.1963882446289,1180542
2011-03-16,99.67640103858072,104.7962174635667,99.67640103858072,103.99624633789062,1061185
2011-03-17,102.43630377223197,107.19612946772712,102.43630377223197,105.3961944580078,3318156
2011-03-18,106.03618639089215,107.39613500739551,104.83622957516708,105.95618438720705,1642313
2011-03-21,105.95619539439544,107.39614616417228,102.63631940864305,103.11629486083984,1522542
2011-03-22,103.51624171102152,105.91615469232732,102.47628918439328,104.9961929321289,882821
2011-03-23,104.83622588315885,106.79615283850218,104.83622588315885,106.27617645263672,675246
2011-03-24,106.11617722275128,110.3160261187429,106.11617722275128,108.99607849121094,1517419
2011-03-25,109.0760380843918,111.11595413257614,108.87604535758256,110.51597595214844,1405174
2011-03-28,109.87602832406176,111.43596942632436,109.59603357462947,110.71598815917967,1336444
2011-03-29,110.39601190757976,111.79596133394398,109.39604803160528,110.8759994506836,1153899
2011-03-30,110.59600277867374,121.51560323367892,110.39601000692208,120.1956558227539,19078579
2011-03-31,120.79565758033692,120.79565758033692,115.27586089142208,117.91575622558594,3169500
2011-04-01,118.39571568968324,118.39571568968324,115.99580253381129,117.43575286865234,851435
2011-04-04,117.6757455712024,119.5156692089472,117.39575082289022,118.75569915771484,832801
2011-04-05,119.1957207985038,122.7555905555298,117.67578024813996,121.51563262939452,1652576
2011-04-06,121.91560837016092,122.39559598213948,118.83572651417342,120.4356689453125,2228225
2011-04-07,119.9956913692479,122.07562156895204,118.95572626939584,121.15564727783205,2135849
2011-04-08,121.03561854797792,121.39560306798197,118.43571271620895,119.47567749023438,1511694
2011-04-11,118.43573144635096,120.795643902465,117.75575108479336,119.1957015991211,768450
2011-04-13,117.63575843600664,123.15555441269264,117.59575743773684,122.31558227539062,1929654
2011-04-15,121.5956092785592,122.7955659490713,119.7156722787874,120.47565460205078,940832
2011-04-18,119.39570335388184,123.59555221557616,119.195710550944,119.99568176269533,1416964
2011-04-19,119.27571312405507,121.51562276237615,119.2357121219582,120.4356689453125,548812
2011-04-20,120.6356373482897,124.1555051021968,120.5956363542838,123.5155258178711,1402016
2011-04-21,122.4755779032536,123.95551708542725,120.63564196783096,121.91558837890624,1156854
2011-04-25,121.1956380654602,124.79550850304813,120.8356534630198,124.47552490234376,1804578
2011-04-26,123.99550658646874,126.55541137790384,123.27553755989254,126.23542785644533,2470415
2011-04-27,126.79542251987054,127.19540807987012,120.1556597825592,120.7556381225586,1467641
2011-04-28,120.0356842513648,123.95553835486076,119.83569144594983,120.71565246582033,4264808
2011-04-29,120.55565874314756,128.6353728358912,120.55565874314756,126.5554428100586,63715525
2011-05-02,125.43549683555608,125.51548663812731,121.9956179535792,122.55559539794922,1080098
2011-05-03,122.23560724132383,123.595555900529,119.03572229891532,119.75569152832033,1394596
2011-05-04,118.83569101367225,121.03561119929309,112.59591495495728,113.55587768554688,2399287
2011-05-05,113.63588306043393,113.7558738278714,107.23611505654142,109.35603332519533,3373209
2011-05-06,109.67604168063386,113.51589315993058,109.6360406846849,112.1959457397461,2053518
2011-05-09,112.3959414301098,113.3559043248496,110.91598998771774,111.5159683227539,661780
2011-05-10,111.1959853862738,112.07595849858556,108.7960720326132,109.71603393554688,1141542
2011-05-11,109.5960413991576,109.79603417543343,107.99609918895092,109.07606506347656,1317498
2011-05-12,108.71606753611414,109.59604062817353,105.75617690937204,106.4361572265625,1540809
2011-05-13,106.87615964539486,109.79604970949504,105.59620081350344,108.99607849121094,6554971
2011-05-16,109.59605319873177,112.11595756847468,109.03607580618797,111.4359893798828,2215610
2011-05-17,111.43597955799343,111.59597134081989,106.23616727329576,108.03610229492188,1391075
2011-05-18,108.0361204089115,109.19607628712654,105.79619845401088,107.43614196777344,690264
2011-05-19,107.59610464648588,109.5560312489144,105.19619153169435,105.9161605834961,433137
2011-05-20,106.75613802414092,107.796102867895,104.39622578300778,104.75621032714844,1463691
2011-05-23,104.75621032714844,105.75617417564467,101.71632388969684,104.75621032714844,1150205
2011-05-24,104.79620216137728,109.59602821457013,104.39621665694452,107.95608520507812,1045217
2011-05-25,107.71610188299968,110.3160079133622,106.31615248203522,109.59603881835938,891353
2011-05-26,109.59605597480972,111.91596760550831,107.75611974705292,110.83601379394533,1318158
2011-05-27,109.83603128458496,111.19597967380996,108.03609636180744,108.716064453125,799299
2011-05-30,109.59603453796863,109.59603453796863,106.43615131195097,107.11611938476562,556416
2011-05-31,105.79618948171805,111.59598058752113,105.79618948171805,110.99600219726562,1676981
2011-06-01,110.99596379980083,115.1158091050504,110.79597107223364,114.55583190917967,1177912
2011-06-02,112.7959536903783,114.39589629591558,112.39596803899396,113.99591064453124,1001531
2011-06-03,113.59590271141526,115.95581515036942,113.43591092356245,114.4758758544922,792435
2011-06-06,113.8759010346115,115.59583416902272,111.71596910839476,114.2358856201172,1627269
2011-06-07,113.4759030001172,114.4758668538137,113.03591646317273,113.63589477539062,1971685
2011-06-08,114.1959050607485,114.83588455319575,111.4360064690754,112.6359634399414,1431965
2011-06-09,111.83596932809004,112.39594669235652,109.71603845442192,110.47602081298828,610621
2011-06-10,109.5960449623398,110.39601609345176,108.2360964807676,108.83607482910156,1369545
2011-06-13,108.23608465164855,109.59603298459204,106.47615079686352,108.6760711669922,860790
2011-06-14,108.99608085789916,109.31606446952394,107.59613119550411,107.9161148071289,1434362
2011-06-15,107.39612665628437,107.71611023295904,104.95621221271912,105.51618957519533,1632520
2011-06-16,103.39628086202896,104.31624288841596,99.79641034845736,100.1563949584961,3606164
2011-06-17,100.15637651867434,103.11626706579064,99.63640020063944,102.51628875732422,2432890
2011-06-20,102.51630389423558,103.1962842935351,99.87640260916918,100.43638610839844,1934928
2011-06-21,100.7963754488149,103.83626857827224,98.83644836751752,103.15628814697266,1338028
2011-06-22,103.19627372221387,106.71614174173074,102.51629339257086,103.23627471923828,5319743
2011-06-23,103.19627578099508,103.19627578099508,100.99635517326068,102.23631286621094,582657
2011-06-24,102.5963009425572,107.79611346596164,102.5963009425572,106.39616394042967,1236199
2011-06-27,107.35613324492024,107.67612905080156,104.87622983394732,105.59619903564452,1065462
2011-06-28,105.6362113553031,106.39618163998436,103.6362831289876,105.31621551513672,890846
2011-06-29,105.55619379619786,107.59612272789632,104.5562298303252,105.43620300292967,1004663
2011-06-30,105.59619773564812,107.91610931841582,104.2362491455225,106.91614532470705,2155279
2011-07-01,107.19611440143288,107.91608342149355,102.43628937492582,103.55624389648438,1459239
2011-07-04,104.91621887758956,105.79619208760909,102.95629186246452,103.35627746582033,1398298
2011-07-05,103.43628655654476,103.51627635874166,101.63635121811276,102.91629791259766,1447141
2011-07-06,102.91626409683674,103.91622784517983,101.19633133232207,101.4363250732422,1017382
2011-07-07,101.71633681639696,103.79626066493891,101.39634712355304,103.51626586914062,2609278
2011-07-08,104.35622938712598,104.7962159411742,100.6763634831331,100.99635314941406,1671815
2011-07-11,100.79637477725826,100.79637477725826,98.47645699426532,99.27642822265624,3087075
2011-07-12,98.75643714632534,100.35637946447268,96.2765277738561,97.55648040771484,3771409
2011-07-13,98.75644430715016,99.1964309178623,96.47652755913268,98.5164566040039,4454849
2011-07-14,98.59645130323328,102.19632173621136,97.7964800959048,101.19635772705078,1652880
2011-07-15,101.51634317796668,102.39631024850564,99.99639672705628,101.03636169433594,1079649
2011-07-18,100.2363737142093,101.59632204036085,100.2363737142093,101.11634063720705,697038
2011-07-19,100.7963566890269,102.67629362102174,99.99638560419334,102.07630920410156,1079145
2011-07-20,102.39629982775593,103.7962492394635,101.15634219321116,101.59632873535156,1126737
2011-07-21,101.8363328681524,102.31631435178312,100.75636690086364,101.03636169433594,380381
2011-07-22,100.87635696170884,104.47623310323296,100.87635696170884,103.63626098632812,1685861
2011-07-25,103.67624996620482,105.9961610615194,102.51628221195838,105.1161880493164,876029
2011-07-26,105.11620023364564,106.23616712504896,103.11627243462962,103.63626098632812,856997
2011-07-27,103.51626343461476,105.39620054712404,103.51626343461476,104.67623138427734,701389
2011-07-28,102.39631223011446,107.19613936590108,101.83633483892434,106.55615997314452,3223051
2011-07-29,104.8362365487626,104.87623755326598,102.75630638051425,103.47628784179688,1490468
2011-08-01,104.39623468572442,106.39616255326705,101.87632435196164,103.39627075195312,1717846
2011-08-02,103.19624573175966,104.0762186012545,101.67629980652464,102.67626953125,1948338
2011-08-03,100.87636777768336,103.91625469614752,100.87636777768336,103.436279296875,922196
2011-08-04,102.59629689153748,103.43626901500856,100.9963546398176,101.7563247680664,1226685
2011-08-05,98.5964538991832,101.47634910073134,96.23654121674836,99.27642822265624,2029316
2011-08-08,98.62914583897704,104.940112831806,97.17276551674436,101.0564422607422,4021066
2011-08-09,97.94140860448287,106.63922038436372,97.17276106901224,103.52418518066406,2986851
2011-08-10,104.4141976542412,106.72012171729378,103.52418407812924,104.25238037109376,965346
2011-08-11,102.79599833151109,106.15375319504304,102.79599833151109,105.1423797607422,948715
2011-08-12,104.85919703894574,107.16512093919366,104.41419028230848,106.15374755859376,1839502
2011-08-16,106.3560398994355,109.0260685368588,106.3560398994355,107.61014556884766,2721112
2011-08-17,107.20558455751218,109.95651537384865,106.88194999530808,108.33831787109376,4561437
2011-08-18,108.41923324671168,108.98559990643896,105.6278450091601,107.4078598022461,1581170
2011-08-19,105.99194437622974,107.77195929352716,105.18284556419744,106.8819580078125,1325494
2011-08-22,107.77195673159882,108.01468883861196,105.78966715841582,106.80104064941406,2486652
2011-08-23,106.88194729805356,108.70241944271169,105.6682992016148,107.7314910888672,2193616
2011-08-24,106.7201339402288,107.93378222163794,105.83013260805002,107.24605560302734,2322743
2011-08-25,107.61015268857862,111.93883670124136,106.15377221309316,110.361083984375,3295892
2011-08-26,110.0374393571302,110.60380606111826,105.58739585371684,107.0033187866211,1343954
2011-08-29,107.00330716935068,108.41922994852924,106.19420843839151,107.7314910888672,1360679
2011-08-30,108.09561108383753,109.55197913425248,106.84150539965248,107.65060424804688,1887955
2011-09-02,110.8465379139024,112.8692849561269,109.18788287010469,109.7542495727539,4122021
2011-09-05,108.33832522431884,111.89836737952994,106.31557820858572,107.28650665283205,2247161
2011-09-06,106.80100622565152,113.63788635198448,106.0728224851858,112.70742797851562,3276291
2011-09-07,112.4647237729542,120.96026046083924,112.1006318126468,119.220703125,4725985
2011-09-08,119.86797533153224,120.96026358654692,116.26748834946731,119.5038833618164,2318338
2011-09-09,118.24979973924675,119.58482033676523,111.25109916639926,112.22201538085938,2798398
2011-09-12,110.68472325389097,119.74662774954793,109.2283428796552,117.07659912109376,2808162
2011-09-13,117.72387949036484,119.66571173948743,117.31933007630862,117.80479431152344,1830964
2011-09-14,118.12843832614736,119.70617869763096,116.63160043640669,118.04752349853516,1507077
2011-09-15,119.70617072656208,122.74029137194236,118.694797178102,121.56710052490234,2215652
2011-09-16,121.40524461458632,123.30661887345693,114.12335738160584,116.26746368408205,4464428
2011-09-19,116.75296147435348,117.8856948770128,115.01339161457246,116.79341888427734,1328261
2011-09-20,117.48112911393056,119.46341846554655,117.2383970340484,118.6543197631836,1687374
2011-09-21,118.3711509157504,121.36481385500028,118.33069350862527,121.2434539794922,1420719
2011-09-22,117.07661261438132,119.18027476915806,115.13478012217963,116.06523895263672,1284915
2011-09-23,114.4874654266723,119.30160019628843,114.4874654266723,117.1574935913086,1583141
2011-09-26,116.95524293038312,120.47481557133128,114.0829395021136,119.09934997558594,1359086
2011-09-27,120.19164995238108,121.04120630817488,118.7757268080148,119.74664306640624,1822274
2011-09-28,119.82753559567928,121.16254365925384,118.1688806089667,118.816162109375,1653241
2011-09-29,119.66570941983036,120.55572305184896,117.44068768565194,119.01844024658205,2304400
2011-09-30,118.97798988451515,122.09301308936423,118.0070737212618,120.47481536865234,1882592
2011-10-03,118.57343043786756,121.32436139234582,116.59114086662284,120.63663482666016,1010751
2011-10-04,119.98934863007555,121.76936343368688,118.93751777243835,120.3938980102539,1828735
2011-10-05,120.39390145158994,122.4166484102999,118.49251437205552,120.59617614746094,2256940
2011-10-07,121.76934899159532,122.98299698818929,116.9552144076124,117.44066619873048,2661579
2011-10-10,116.51020111516358,117.31929973401888,115.33701058699644,116.95520782470705,2242891
2011-10-11,118.37117374578202,118.37117374578202,115.8225047557495,117.19798278808594,1895675
2011-10-12,116.14610803506,121.3647916048976,116.14610803506,120.83888244628906,3848255
2011-10-13,120.83890371193073,121.20299568164656,118.53296732728512,119.5038833618164,1909053
2011-10-14,118.93751328686096,121.12207738826255,118.6947811987348,120.67707061767578,1403504
2011-10-17,120.67710789472709,124.3585107218663,119.6657341700114,123.67078399658205,1842415
2011-10-18,121.80979940600996,124.84391922343366,121.1625180424532,123.18526458740234,1489839
2011-10-19,123.5493847252813,126.4216879445552,123.5493847252813,125.77440643310548,2311875
2011-10-20,125.127148925576,126.30035229145874,123.8730554172798,124.52032470703124,1585656
2011-10-21,124.52032327078688,125.24851973216356,121.00075025134512,121.60757446289062,993505
2011-10-24,123.26620287189704,125.00576029362313,121.56709051208333,122.25482940673828,1707830
2011-10-25,122.254795399031,125.4102747942173,121.85024612550129,124.3584442138672,2802442
2011-10-28,125.6530170762423,130.4671513547323,125.6530170762423,129.8198699951172,4477260
2011-10-31,129.45582325193774,130.22446473332224,123.95394829455653,125.65306091308594,3155787
2011-11-01,126.21941438178996,127.51397741636067,121.85028574538292,125.28895568847656,3839235
2011-11-02,123.7920855112504,127.67576125136456,122.61889501315989,126.5834732055664,4251569
2011-11-03,126.1385062673164,127.99943609872894,125.0462302230888,127.06897735595705,2796668
2011-11-04,127.0689423988596,130.75034363708755,127.0689423988596,130.42669677734375,3673094
2011-11-08,130.46720723122377,133.0158640155321,129.45583353175692,131.80221557617188,2650149
2011-11-09,131.0739976862006,131.80218162388817,129.45580018390183,130.2244415283203,1306052
2011-11-11,128.76805686563458,132.36855606075537,128.4848797200199,132.12582397460938,2121093
2011-11-14,132.85404669279148,133.42041349531883,130.952671545316,131.80221557617188,1640618
2011-11-15,131.357151925008,132.48988493419142,128.88939892729,129.90077209472656,1954491
2011-11-16,129.09168729726477,130.18396302680566,126.6643914371314,127.63530731201172,1069124
2011-11-17,127.63535100428857,127.87808314256726,123.8325886574868,124.27759552001952,2090094
2011-11-18,123.79212736375165,123.95394466890954,122.09301479492116,123.63031005859376,1385630
2011-11-21,121.56706625757242,123.14480607926308,120.1916010885566,120.83888244628906,1391087
2011-11-22,122.01210921686368,122.01210921686368,117.72388283679634,119.908447265625,2746055
2011-11-23,117.7238691290496,119.98934811754496,117.11704506137409,118.57342529296876,1296678
2011-11-24,118.53294946977354,123.30662645546606,114.20426685454488,121.97161865234376,4060068
2011-11-25,120.596186415282,121.68846245846352,117.31933359399996,118.5329818725586,1248073
2011-11-28,119.74663556974542,122.0121149280766,118.00707789677588,121.04119873046876,2141015
2011-11-29,121.97167248226089,122.90213138042732,117.5216280467555,118.7757339477539,1078969
2011-11-30,117.31930074467002,121.48615372932426,116.75293417576536,120.1511459350586,1758583
2011-12-01,123.1043649515994,124.60120251759244,119.50387812724487,120.4343490600586,1972268
2011-12-02,121.85026681754132,130.91216961428432,121.48616253284284,129.94125366210938,4385194
2011-12-05,128.68716452718795,131.88310226630838,128.44443242194146,131.35719299316406,2575818
2011-12-07,131.39765237148765,133.86540640959618,129.6985521413819,130.46719360351562,2469103
2011-12-08,129.5367213226835,130.6694546912575,128.8894398209836,130.18399047851562,1724124
2011-12-09,129.33444632805944,130.224447588219,126.78577773581814,129.13217163085938,1800138
2011-12-12,130.83126853910616,130.83126853910616,122.57846356063308,123.71119689941406,1886681
2011-12-13,122.5784647227146,125.73394501485328,120.07025357551991,121.85028076171876,1872049
2011-12-14,122.1739416915012,123.79213959469988,120.15119431250282,122.05258178710938,1387088
2011-12-15,120.5962054288623,125.00579240034769,119.78710644892476,124.19669342041016,1213320
2011-12-16,124.19662409136878,128.56575120574894,122.2547925618362,123.75161743164062,1694749
2011-12-19,122.21437511908744,126.82623576877856,122.21437511908744,124.68212890625,2141397
2011-12-20,124.60118604769488,125.2889248051353,119.54431973082411,120.83888244628906,1505653
2011-12-21,123.75166529293296,127.02851806898168,122.17392502175944,126.05760192871094,1085211
2011-12-22,125.81488125103056,128.44445272412284,125.12714223510471,125.93624114990234,1245268
2011-12-23,125.65305465736236,127.83761909680489,125.08668792800596,126.21942138671876,1024938
2011-12-26,126.21942395665111,129.8603688784776,125.45078249788378,129.49627685546875,1600811
2011-12-27,129.6985469089338,132.44947803481085,129.6985469089338,131.92356872558594,2842405
2011-12-28,131.88308020958533,133.2990028498723,130.38624276579287,131.47853088378906,2642949
2011-12-29,130.34579850804084,130.952622500451,126.3003052253067,127.14984893798828,1213591
2011-12-30,127.79715381961796,128.6467100343011,124.88440552824892,125.6935043334961,1094764
2012-01-02,126.21939433593752,127.35212755188792,123.34709154694006,126.42166900634766,582113
2012-01-03,126.25984707775712,128.84896029424542,123.95391098186862,125.32937622070312,2187827
2012-01-04,125.8148694284347,127.0285176865868,120.43436708897444,121.56710052490234,3797095
2012-01-05,120.55572172335494,125.3293997257312,117.7643333204106,124.39894104003906,2965940
2012-01-06,123.38752842656864,125.16754276092664,120.19159163485656,124.3584442138672,1500847
2012-01-09,122.74030857546184,124.1966891585472,121.52666014720243,123.10440063476562,1086392
2012-01-10,123.18528657278785,124.72256928296832,122.29527299581976,123.06392669677734,1811150
2012-01-11,123.02346766518828,123.75165160337158,121.24345288062128,121.7289047241211,1582776
2012-01-12,121.4457179869475,122.94254315197882,120.67706435678238,122.09298706054688,1517130
2012-01-13,122.57846832275388,124.1966659243744,121.68845470351545,122.5784683227539,1200401
2012-01-16,122.01209493673456,124.1157442958963,120.6770745811275,122.69982147216795,1295984
2012-01-17,123.38756363123476,127.8376069097383,122.98301424227988,127.271240234375,2482146
2012-01-18,127.06894647985304,128.97032091521865,126.66439715157962,127.14984893798828,1325882
2012-01-19,127.83762179376708,130.9526573897476,127.59488966295952,130.02218627929688,2505478
2012-01-20,131.07398488329244,131.43807681657285,126.90713166022552,128.080322265625,1263227
2012-01-23,128.64670200734622,130.143539642005,127.02850449781988,127.91851806640624,1286796
2012-01-24,128.24214251174195,130.87171325725086,127.83759316627904,129.2130584716797,1699103
2012-01-25,129.45581369785157,132.32811703344635,128.88944698209718,130.5076446533203,3523148
2012-01-27,131.80218654994383,133.0158347220275,130.58853837786012,130.9930877685547,2395256
2012-01-30,130.70987062867582,132.69215956767874,128.64666689793242,129.90077209472656,2115348
2012-01-31,131.88309643735,132.16628593859917,128.72761624621427,130.2244415283203,2019334
2012-02-01,130.26490698169084,133.78449170494707,128.80852667048595,132.044921875,2856867
2012-02-02,134.31039475058142,138.35588856837,133.5012959870237,137.50633239746094,4783974
2012-02-03,138.35590130349863,140.13591627799568,136.93997833694235,139.56954956054688,3201729
2012-02-06,141.5922932763717,147.25598500742657,141.26865868723013,146.08279418945312,5023299
2012-02-07,147.2155231767675,147.2155231767675,142.5632051088139,143.6150360107422,3936430
2012-02-08,144.01954780190678,145.35455552576963,141.18770276085806,143.21044921875,4051371
2012-02-09,144.01960968496422,146.73009604154046,142.40141182333542,144.18142700195312,6079359
2012-02-10,143.6150436293914,144.6668745871184,137.95135176795063,139.04364013671875,10852984
2012-02-13,140.63808791469734,140.63808791469734,137.20390454232324,138.92098999023438,1967476
2012-02-14,138.5939031240706,141.29219399878718,138.4712586428992,139.61598205566406,1296737
2012-02-15,139.9021646277265,142.6004429387284,138.88008572915035,140.18833923339844,2250879
2012-02-16,140.80161447174814,141.45574759176023,139.16628790999368,139.65689086914062,1057692
2012-02-17,140.39273985718134,142.9683858894719,138.02152205908624,141.5374755859375,3366453
2012-02-21,142.27341815882954,144.19493195791736,140.02484402126183,140.5563201904297,2193138
2012-02-22,141.04689151853867,141.57836756842357,133.5652787851316,135.28236389160156,2557386
2012-02-23,135.56857603273767,135.56857603273767,130.82612645348837,131.84820556640625,3457613
2012-02-24,132.4614440342657,133.97412600922794,129.681394026636,131.1123046875,5682368
2012-02-27,129.5996340569284,131.3576051749663,128.1278376101829,130.41729736328125,4547318
2012-02-28,131.03051753076207,135.118833210349,130.94874622655058,133.31997680664062,4110997
2012-02-29,134.5055830081922,136.876801061486,130.0084358559426,131.43934631347656,2795613
2012-03-01,131.23495646858436,135.89563467028918,130.53993768981238,134.38296508789062,2011447
2012-03-02,136.26354982302067,139.00272618253118,134.50557915897872,137.61270141601562,5057985
2012-03-05,136.54976404565136,137.32654164521162,131.76642899714432,132.7476348876953,1489226
2012-03-06,132.87027101901708,133.19733131090527,130.008449797069,131.68466186523438,2677133
2012-03-07,130.8261487283118,131.56204082428704,129.72229810779515,130.78526306152344,1863685
2012-03-09,133.15643932983534,134.4238071393596,131.72552892090914,133.36085510253906,1591496
2012-03-12,134.42384828394512,134.8326799544882,131.97085826068664,132.9111785888672,1850068
2012-03-13,133.11555602079792,139.41155943547747,133.11555602079792,137.4491729736328,2389370
2012-03-14,138.38950797587407,140.638081960711,136.42712112518234,136.83595275878906,2021831
2012-03-15,135.7320833584801,138.88009148723336,134.66911876457968,135.2006072998047,1272118
2012-03-16,134.91445439875758,138.5939395187237,132.46146431878017,137.85804748535156,1985088
2012-03-19,138.0215557577962,140.92426272041575,135.8956263685831,136.63153076171875,2344344
2012-03-20,137.28565897833056,139.20717266655112,136.38623686112953,138.55303955078125,1825649
2012-03-21,138.18511385350473,143.25462441080785,137.8989266744294,141.98724365234375,3301793
2012-03-22,141.9871932262172,143.90870651404126,136.71326869302942,137.4491729736328,3309127
2012-03-23,138.18505216989493,143.0501447066024,137.04032891768648,141.5374755859375,2134340
2012-03-26,141.53751179260797,141.82368644059247,136.75417684940743,137.40830993652344,2677269
2012-03-27,138.3486264628932,140.18836886925232,134.0967798412848,136.18182373046875,2740256
2012-03-28,136.54974310561445,137.98065358726006,134.95530249280483,136.4679718017578,1480912
2012-03-29,135.0779732960326,137.1221315253205,134.0967798412848,136.18182373046875,1933043
2012-03-30,137.36739239252765,142.15072622538665,136.26354228446849,140.80157470703125,1760787
2012-04-02,140.63807731816993,141.8645721785028,137.77625597739322,140.7198486328125,991979
2012-04-03,141.86458043968224,142.64135806781687,138.8801144296986,139.41159057617188,1500091
2012-04-04,138.18509492420014,139.4115898495629,136.95859999883743,137.367431640625,1228618
2012-04-09,136.54975923719743,140.43365957478238,135.813867321749,138.51214599609375,2582700
2012-04-10,138.7983264837308,140.39276720870515,134.914426331756,136.3453369140625,2545373
2012-04-11,134.09672761861808,135.15969197919696,129.19074977891253,130.4581298828125,3103827
2012-04-12,131.03053094371228,132.95204450043377,130.8670007950989,132.543212890625,1107535
2012-04-13,134.09675429045228,136.18179778235148,130.98963187865633,133.31997680664062,1307927
2012-04-16,131.76643058404127,132.7476364864092,129.0272661234929,130.21287536621094,1672106
2012-04-17,129.2725755474232,133.11559064614804,127.59636325045912,132.21615600585938,2128579
2012-04-18,132.99293608605907,137.32655424510398,132.99293608605907,136.05917358398438,2034089
2012-04-19,137.61269842750272,138.3077045573928,133.5243830403312,134.79176330566406,2583101
2012-04-20,134.09677907450398,134.09677907450398,130.21287846106563,131.7664337158203,2525056
2012-04-23,130.2946405960583,133.11557624219,128.49577151013014,129.06814575195312,1278443
2012-04-24,129.19081776668293,130.7035000539395,122.44509468709349,123.09922790527344,2620846
2012-04-25,122.8130111694336,125.83836253936688,121.75004650525425,122.8130111694336,1616549
2012-04-26,122.81302695699452,125.02071540390264,122.03624930596877,122.8947982788086,3365133
2012-04-27,123.4671142304578,124.85713884900116,120.76882380825752,121.58648681640624,1726765
2012-04-30,121.46386904165468,124.61186482871976,120.9323804836605,123.22183990478516,1691228
2012-05-02,122.69036602008104,124.85716851590306,119.9920749567487,120.80973815917967,2648667
2012-05-03,120.80972033026408,122.19974507394898,119.13350851734327,119.91028594970705,2520501
2012-05-04,119.54237441748204,119.5832600786313,115.37229898785075,116.31260681152344,2986844
2012-05-07,114.75901055724384,119.70586187759518,113.9004618856254,118.88819885253906,2782583
2012-05-08,118.56116539496075,120.850624877208,116.5578930267008,118.64293670654295,1906342
2012-05-09,117.74350095858094,120.60532216243534,115.82198744537288,119.82854461669922,1315360
2012-05-10,118.84736197994988,121.01416466749733,117.94792738707086,119.46060943603516,1422635
2012-05-11,118.56115642085504,119.9920669293826,115.69933540379992,117.4981918334961,2079376
2012-05-14,116.92583897571993,119.50147309540404,114.59549383768154,118.64293670654295,1555656
2012-05-15,117.70263699676936,119.37884936327656,117.04850382001622,118.72471618652344,1435911
2012-05-16,117.74351147153016,117.74351147153016,115.49493746773358,117.0893783569336,1493479
2012-05-17,117.13022298958924,122.56767686724804,117.13022298958924,121.95442962646484,1521371
2012-05-18,120.68709830869908,122.2406534624172,116.92584244231207,117.90703582763672,2631356
2012-05-21,117.41646000965224,118.56118368913329,116.10819368177192,116.84408569335938,1369140
2012-05-22,117.33466669582428,118.56116146964824,113.85959816998977,114.67726135253906,2188089
2012-05-23,113.65517254147534,114.06400409737992,110.99776742809551,112.8783950805664,4501090
2012-05-24,112.0198545777554,116.76230347124772,112.0198545777554,115.82198333740234,2688479
2012-05-25,116.10819936733408,118.3976593149583,114.79993297539082,117.41646575927734,1459627
2012-05-28,116.96673162654844,118.9700041146114,116.68054449544609,118.56117248535156,1252378
2012-05-29,119.0108811474205,120.97326783502136,116.72142169418596,119.78765869140624,1659186
2012-05-30,118.47939942204869,125.83836864022688,117.17114571363648,124.36658477783205,2680448
2012-05-31,124.28480194344009,125.34776656063474,122.11799953175662,123.67155456542967,4856490
2012-06-01,122.64944815663794,123.22180975272616,120.68706197675056,121.95442962646484,2906299
2012-06-04,121.0141614930998,124.16217000904751,119.99208242643512,123.1400909423828,1745778
2012-06-05,121.4229963048875,123.50804015088778,118.88823516244771,119.46060943603516,1469562
2012-06-06,119.50150839889145,125.47045408779408,119.50150839889145,125.02073669433594,1747375
2012-06-07,125.34777575293832,126.12455332673936,123.05831621182676,123.46714782714844,1032405
2012-06-08,121.87270675763234,125.47041997401786,121.87270675763234,123.42626190185548,1787012
2012-06-11,123.79421156380734,124.89806194642566,122.526843502384,123.1400909423828,1308935
2012-06-12,122.24068419639995,130.58084878338536,121.70920795138504,129.5996551513672,3054365
2012-06-13,129.68137560024252,134.50558300935035,129.47695982059307,133.7288055419922,5046380
2012-06-14,132.4614414840161,135.24149143812213,131.64377826497895,133.4835205078125,3375993
2012-06-15,133.6879636363341,139.00277564634126,133.6879636363341,138.2259979248047,4689944
2012-06-18,139.12538621672792,139.6159891193339,135.07795593815388,136.26356506347656,3857681
2012-06-19,134.3420732594714,143.0910674603056,133.48352435939935,141.74192810058594,6482911
2012-06-20,135.73209855363177,146.93408250521767,135.15973677793266,143.70431518554688,14138441
2012-06-21,139.86128402777493,142.6004480889587,138.5939036524573,140.6380615234375,3948533
2012-06-22,133.27911370962667,138.43039483297773,133.27911370962667,136.5906524658203,6870356
2012-06-25,136.63150877478114,139.45244396980868,136.63150877478114,137.28562927246094,2188349
2012-06-26,137.61273940444923,140.55631987379363,137.61273940444923,139.53424072265625,1948758
2012-06-27,140.71981399292758,141.4557057373583,138.43035498857407,139.08448791503906,2637406
2012-06-28,139.4933525016002,143.49989735156487,138.5121466410326,141.90545654296875,2867631
2012-06-29,140.55628680721807,143.2545776267447,140.55628680721807,142.31427001953125,2584874
2012-07-02,142.8457589681588,144.726386829044,141.8645656205601,143.7451934814453,1925610
2012-07-03,145.46225697814248,145.46225697814248,142.7639787946993,143.54075622558594,2228625
2012-07-04,143.62252579143717,144.6854903705311,141.90544068048482,143.17282104492188,2046574
2012-07-05,143.0093004985403,144.52198253407192,142.2734085483933,143.05018615722656,905338
2012-07-06,142.7640152335134,144.31757049181311,140.59720003198294,141.3739776611328,1433820
2012-07-09,140.63807603852666,140.63807603852666,136.42711538031898,137.6536102294922,2064784
2012-07-10,138.18508951464415,139.820416017776,137.49007076019265,139.20716857910156,2571653
2012-07-11,138.30773961968652,140.5563136526652,138.30773961968652,139.32981872558594,2218514
2012-07-12,138.6756829586777,139.32980353389064,137.04035656754496,138.38949584960938,1218146
2012-07-13,139.32981853058473,139.3707041900738,137.04037131781558,137.367431640625,539982
2012-07-16,137.36741916822453,139.1662757334507,136.4271114681098,137.89889526367188,1656064
2012-07-17,138.3486113572502,139.0436300699429,137.04035771927911,138.14419555664062,2203266
2012-07-18,136.99944412236323,140.22921061796302,136.75414271635168,139.00271606445312,1789886
2012-07-19,139.98394735925316,139.98394735925316,138.38950650049566,138.9618682861328,499279
2012-07-20,137.77624961085343,139.28893152598445,137.40830366506628,138.14419555664062,553866
2012-07-23,136.79506828439335,138.75745515207404,136.1818208286742,136.5906524658203,1840554
2012-07-24,136.91775035095466,139.9839884708322,136.5498042718803,137.4901123046875,1681870
2012-07-25,136.75414957202292,144.56283444947204,136.75414957202292,142.5186767578125,6189069
2012-07-26,143.82694428150532,147.83350123550454,143.0910524310512,146.93406677246094,9564621
2012-07-27,147.58822494449348,150.2865163169054,147.3429234603557,148.77383422851562,4293519
2012-07-30,150.2570413875573,150.58663775414425,147.16702830094695,147.9498291015625,1583747
2012-07-31,148.32062246727986,149.8450338941782,146.7962110403815,148.69142150878906,2140644
2012-08-01,149.55661785987115,153.6354321959361,149.14461615777785,153.26463317871094,2382941
2012-08-02,152.5642604744494,153.26466855901103,150.2982505898404,151.5342559814453,1277544
2012-08-03,149.47419864325428,152.39941297179175,149.47419864325428,150.4630126953125,1784695
2012-08-06,151.9462361948162,153.18224141084767,151.61663983319258,152.44064331054688,1148918
2012-08-07,152.44061168229825,157.79663317383847,151.94620466914674,157.21983337402344,3606669
2012-08-08,157.54944826010632,159.815457620099,157.26105461281097,158.57945251464844,2103538
2012-08-09,158.70305819342093,160.43345777117156,156.39584618312617,159.15625,1053538
2012-08-10,158.95022787047046,160.6806397898317,158.37342808844744,160.06263732910156,920055
2012-08-13,160.1862969869678,163.1115123213691,160.1862969869678,161.99911499023438,2544735
2012-08-14,160.68065670886463,161.66945823549125,159.98024881697012,160.59825134277344,1366189
2012-08-16,160.76307150241195,161.2162633226089,157.67305869219103,158.00265502929688,1915041
2012-08-17,157.38467484565768,159.40348098739562,153.67665894615266,155.69546508789062,1822679
2012-08-21,155.77782278269785,161.09264143031845,155.77782278269785,160.06263732910156,2060709
2012-08-22,160.1038988317046,160.68069882565013,158.66189256019234,159.11509704589844,917105
2012-08-23,160.0626537771678,160.4334527770508,156.14863779033874,157.26104736328125,1448310
2012-08-24,155.90144054453486,158.4558561102346,155.40704604921152,156.64305114746094,1084176
2012-08-27,156.56064699861156,158.0438556427309,154.62423396694265,155.0774383544922,1318943
2012-08-28,156.1074702593836,156.3546738394016,152.52306235565973,153.71786499023438,1692998
2012-08-29,153.92382167224784,155.65422108882325,152.48181587178863,154.25341796875,988557
2012-08-30,153.22344588987693,159.19747117050554,152.3994424028937,155.36585998535156,3703577
2012-08-31,155.1598769561552,156.5606805304525,151.24585994289387,152.6878662109375,1152471
2012-09-03,153.42944741648785,154.0062473451789,148.6502246569273,150.05104064941406,1621351
2012-09-04,148.609029668685,150.50422757606253,147.0434155440881,149.39183044433594,2021915
2012-09-05,147.70261987366618,149.96862938358296,147.4966190091283,148.69142150878906,1889423
2012-09-06,147.70260827733472,156.8902410850731,147.70260827733472,155.94264221191406,4198661
2012-09-07,157.920242047088,158.8678534738603,154.41822769762427,156.10743713378906,2181384
2012-09-10,156.76665043995908,158.16745373737868,154.99504811870696,156.31344604492188,1348300
2012-09-11,155.73664393993693,158.4146550129782,154.17104249578435,157.17864990234375,1570164
2012-09-12,157.96144104003906,160.0626521152845,156.8490440519398,157.96144104003906,1985099
2012-09-13,159.03266584871798,159.03266584871798,155.94265291124287,157.67306518554688,1420182
2012-09-14,159.8566641899002,163.11147519869547,158.20865734258163,162.61708068847656,2382224
2012-09-17,163.1526591455347,163.97666247455254,157.71423214469968,158.99143981933594,1917310
2012-09-18,159.856632783292,159.856632783292,156.6430250917076,158.4146270751953,1912660
2012-09-20,156.56066336039623,160.2274763823359,155.81906524748098,157.59066772460938,2630383
2012-09-21,156.5606398701758,161.29865923466798,156.0662328202157,160.59825134277344,2582182
2012-09-24,160.68066233212187,161.01025866143425,158.20865214239691,159.85665893554688,2199174
2012-09-25,159.1150553394803,162.32866344434018,158.70305365561143,160.59825134277344,2095335
2012-09-26,159.23867042447313,167.35510962549137,159.1974677363537,166.86070251464844,4002657
2012-09-27,168.09670359590498,169.57991231876312,164.67709431187484,166.61349487304688,4590699
2012-09-28,167.10788991869458,168.50869316629843,165.5010858236992,166.4486846923828,4442361
2012-10-01,166.4487119688339,173.86474369021758,166.4487119688339,172.6287384033203,5410052
2012-10-03,175.84234858464313,178.23196636986015,174.72995136114727,177.07835388183594,5340837
2012-10-04,178.2319402716743,183.75276060940567,177.16073332296958,179.71514892578125,5800106
2012-10-05,181.4455572800761,182.0223571807501,178.23194885253906,178.23194885253906,4498060
2012-10-08,178.23194504695084,178.23194504695084,171.9695139277328,172.669921875,1784629
2012-10-09,173.41152966607595,176.04833828459982,171.3927236568918,173.69993591308594,1407387
2012-10-10,173.4527040465654,176.91351557939166,172.46390254765691,172.83470153808594,2000039
2012-10-11,173.45275717535185,174.8947634701588,171.10434189449023,172.34034729003906,2512553
2012-10-12,172.21670001086616,179.1383231159569,172.21670001086616,177.03712463378906,2976965
2012-10-15,176.50153731469004,179.96234930648887,175.5951410593566,176.83114624023438,1780788
2012-10-16,177.16073052774138,178.52033110479948,172.0931146605678,172.58750915527344,1287936
2012-10-17,174.23552852237174,174.23552852237174,166.94310546962265,167.4375,4916481
2012-10-18,169.49750463839112,171.35151237341475,166.16028820068962,167.47869873046875,6723594
2012-10-19,168.67351097327648,171.7223213550774,167.51991112285302,170.32151794433594,7395976
2012-10-22,169.7447121949791,170.19791661112953,166.28390018915792,167.4375,2641350
2012-10-23,168.75592124925103,170.1567247006505,166.44870890814238,167.35511779785156,2174422
2012-10-25,165.8306812149579,170.73349884056745,165.62468036872815,169.8271026611328,4318344
2012-10-29,172.9995076065076,174.15311988575243,171.39270352561374,172.75230407714844,1151644
2012-10-30,171.3927266239746,173.4527353574358,167.02550559437768,167.51991271972656,970695
2012-10-31,167.72590540100916,168.92070789340104,166.48990022130133,167.02549743652344,1324236
2012-11-01,166.07787811109023,168.83828179632803,164.92426587430845,168.34388732910156,2083150
2012-11-02,169.82712097242825,172.05192783693658,169.7447155957336,170.8983154296875,1621479
2012-11-05,170.3214778646312,173.7410990688585,169.415081787817,173.08189392089844,1253917
2012-11-06,173.0819263381369,177.90233895301435,172.75231741577684,177.5315399169922,2150595
2012-11-07,177.53153234317276,180.25074611348649,177.44913954606886,179.71514892578125,2095346
2012-11-08,178.31430670693447,180.99231739613413,177.61391145527307,179.67391967773438,1100701
2012-11-09,179.6327682326127,180.00356730375478,175.6363461118807,176.2543487548828,680822
2012-11-12,177.98475637943787,178.23195994462398,173.49393980952323,174.07073974609375,931513
2012-11-15,173.8647282238939,176.74874030343716,169.99191451745193,170.81591796875,2342086
2012-11-16,171.96954141684589,172.17554230799527,165.04791650354525,167.10792541503906,1115142
2012-11-19,166.20148476583154,167.10789354333235,162.41107663558765,164.3062744140625,1511628
2012-11-20,166.3251173519345,168.09671990990182,160.02148281133557,161.29869079589844,1662164
2012-11-21,162.98788771684656,165.21269455530134,160.26867377060404,164.3474884033203,1053381
2012-11-22,165.8719073550851,168.3027151696821,164.1414949727371,166.53111267089844,2197257
2012-11-23,167.27269787102168,168.22029679516035,165.70709636854178,167.47869873046875,1366359
2012-11-26,166.86070740533066,167.6847108986903,164.8006986719315,165.7071075439453,521617
2012-11-27,166.4487128811042,170.03313326207015,166.32511738105546,169.41513061523438,1331088
2012-11-29,169.57989921570046,172.7111145946156,168.96189667670248,171.35150146484375,1894181
2012-11-30,172.6286898759695,172.7110952345829,169.08547320156558,171.39268493652344,1249480
2012-12-03,170.23913321130394,174.64754452392663,170.23913321130394,172.6287384033203,1903286
2012-12-04,174.52393004217546,174.52393004217546,168.54990513861316,169.16790771484375,1579805
2012-12-05,170.4863017096102,171.72230683338202,169.3327019567409,170.73350524902344,1571896
2012-12-06,170.9807306141257,171.88713951657917,167.68471652999796,170.4039306640625,1529036
2012-12-07,170.56868607954544,172.7522898333723,169.1266802793561,169.95068359375,1546803
2012-12-10,170.56871767085607,171.22792295912225,169.45630796107594,170.651123046875,1389681
2012-12-11,170.9807156462128,176.66633441428698,170.65111929597174,174.31793212890625,4051664
2012-12-12,175.34794674813483,175.7187458072777,172.0107300692578,173.37033081054688,1654996
2012-12-13,175.43032059271897,176.25432400099535,167.43749004709716,170.19790649414062,2501325
2012-12-14,170.7747143051316,171.8459213003535,166.90190062083218,170.11550903320312,2837140
2012-12-17,169.16791794800346,171.26912934895103,166.03670219103213,168.22030639648438,2673722
2012-12-18,168.59110150936945,170.48629928017752,167.31389371834658,169.78590393066406,2421972
2012-12-19,170.5686942568117,174.68871102629993,170.1566925798629,173.94711303710938,2668417
2012-12-20,173.86472477953726,173.9471301523525,168.22029622064676,169.16790771484375,2340505
2012-12-21,168.0967108543883,168.67351077893545,163.89428805371043,164.59469604492188,2884791
2012-12-24,164.59470476548427,166.2839145130308,163.23510397321044,164.92430114746094,1514967
2012-12-26,165.2951177521998,167.89072391469116,165.13030698297155,165.87191772460938,1640192
2012-12-27,167.19032151717715,167.47872779977962,163.81191437983128,164.5535125732422,2047483
2012-12-28,164.96550878703974,167.93192660699825,164.92430609473269,165.87191772460938,2146068
2012-12-31,166.03668918597663,167.51989785713553,165.2126857656988,165.5422821044922,1636005
2013-01-01,166.24268708556755,167.97309926670525,165.9130907526338,166.2838897705078,1634669
2013-01-02,167.02549600137246,169.66230451410027,167.02549600137246,168.30270385742188,2310561
2013-01-03,168.54990751400595,171.8047186133652,168.54990751400595,170.11550903320312,2794708
2013-01-04,170.1566989857829,171.59870490939122,168.5498948998495,169.8271026611328,3021358
2013-01-07,169.86831195436858,170.81592349801218,165.95429543400715,167.97311401367188,2317712
2013-01-08,167.97309599239793,169.70349556651072,165.87188483434522,166.4486846923828,1963118
2013-01-09,167.19030519812912,167.19030519812912,161.58709145417004,162.3286895751953,1557815
2013-01-10,163.029080896574,163.029080896574,157.71424880435853,158.00265502929688,3741034
2013-01-11,157.59064439325437,159.03265028966322,152.4406233346513,153.59422302246094,4490861
2013-01-14,154.1710598656558,157.63187205069,152.11105111583834,156.60186767578125,3753425
2013-01-15,156.76663818744697,164.10026301289062,156.6018400312121,163.1526641845703,4921498
2013-01-16,162.82310485839844,166.40751272057707,161.50469416244772,162.82310485839844,3753492
2013-01-17,163.15265649836314,165.78946459377914,162.32865318271485,164.75946044921875,4511317
2013-01-18,164.75949655779542,165.04790281079636,161.91668701043918,163.7294921875,2119837
2013-01-21,163.7294818637064,165.04789240387174,160.26866991239083,164.38868713378906,2301698
2013-01-22,164.18265718610851,165.83066378270684,162.24624440578847,163.3998565673828,1185355
2013-01-23,163.60590890104126,164.2239115693353,161.999104478136,162.36990356445312,2435921
2013-01-24,163.07026514059692,164.63587911874623,161.79306995030137,162.53466796875,1153222
2013-01-25,161.6694881505474,165.37750399149252,159.60947935002235,164.1002960205078,1134142
2013-01-28,164.4299124587667,165.45991690592345,160.26869197759402,162.36990356445312,2094102
2013-01-29,162.4522963762478,164.47111515131223,159.81548750618575,162.36990356445312,1539314
2013-01-30,162.36990497423133,166.77831650236052,161.9167004988881,165.0067138671875,2181662
2013-01-31,165.62466243950553,168.7146747984515,164.8006591437866,168.01426696777344,3606914
2013-02-01,168.0142840819018,169.2914918350225,163.1526691712674,163.81187438964844,3083284
2013-02-04,163.97669657595873,165.87190714149577,161.17508970397918,162.3286895751953,2462324
2013-02-05,159.4446959339878,167.76713728854318,158.20869053915067,166.48992919921875,4550558
2013-02-06,167.27268394995087,170.4451019507329,167.0254804245287,169.9918975830078,4347680
2013-02-07,169.57988487507842,169.57988487507842,163.97665981401144,164.75946044921875,1915201
2013-02-08,159.4446764054045,161.7106860184012,154.95385986885194,156.1898651123047,6564252
2013-02-11,156.4370790001075,157.79667982831756,153.5942566939107,155.2422637939453,1966209
2013-02-12,155.32462428562775,156.97263090934794,154.1710246783407,155.6542205810547,2375288
2013-02-13,156.5606463362915,159.60945640818153,155.69544024977424,156.47824096679688,2622264
2013-02-14,156.7254263608719,158.4970410135877,155.73662490786148,157.21983337402344,1739029
2013-02-15,156.2722514776445,158.90907261364555,154.91265079519616,158.33226013183594,1480421
2013-02-18,158.45728757468103,161.54140888782712,156.66515391835782,159.12411499023438,1983652
2013-02-19,159.1241088854149,161.95817616845792,158.3739217122396,161.2913360595703,1143241
2013-02-20,162.1248924228658,167.042814663293,162.1248924228658,166.54269409179688,3331492
2013-02-21,166.29263374982656,166.50102050891158,163.00012550006733,164.37547302246094,1532828
2013-02-22,163.37523860595087,166.37601338219957,162.75007825414238,165.4591064453125,1456245
2013-02-25,165.8758357299824,168.2514495202146,165.33403532395863,167.00112915039062,2648383
2013-02-26,165.0423121651216,166.5426993649518,163.04180437796018,164.45883178710938,1702404
2013-02-27,164.6671905517578,166.16757749652487,162.54164343991417,164.6671905517578,2649094
2013-02-28,166.29265170028154,166.6260654632405,158.08220741848922,159.66595458984375,3098285
2013-03-01,159.29085571016674,162.3749774327545,158.12388214018802,160.49949645996094,1217042
2013-03-04,159.7076352732618,160.37446280245032,151.8722846160982,155.9149932861328,4110185
2013-03-05,154.83136365807482,163.33354097599965,154.70633668885242,162.1665802001953,3641383
2013-03-06,162.5833353515451,163.00010882708406,159.41585439366528,160.12437438964844,3678505
2013-03-07,160.24939619023127,160.45778292129788,156.831848713172,158.457275390625,2769632
2013-03-08,159.16582091055523,159.9160209541035,155.6232456307388,156.20672607421875,2215757
2013-03-11,156.45678565982695,156.87355920325692,154.12285127283528,155.9566650390625,1635817
2013-03-12,156.83187993906293,159.58258788060323,156.206719621391,158.3739471435547,2607030
2013-03-13,157.70710104286712,158.0405274978688,156.2483936893965,156.7902069091797,1550781
2013-03-14,156.3734211143803,159.41586255398732,155.8732878305654,158.83238220214844,1652041
2013-03-15,158.37393868769382,160.41612640593564,155.45652402765734,156.58181762695312,1326303
2013-03-18,155.62323355610155,156.6234874843042,150.87201785794986,151.413818359375,1260904
2013-03-19,151.7055331143466,153.2059200515684,148.74643912794838,148.9965057373047,1734517
2013-03-20,148.78813016013234,149.8300638447271,144.2036219479154,145.99574279785156,2200111
2013-03-21,145.99574010419803,148.3713539488103,139.6607910500933,140.78607177734375,2954477
2013-03-22,141.70301697470924,147.87126086133435,140.91114971775227,146.7042999267578,2484488
2013-03-25,147.9129461279639,150.03849400346377,142.86998309128555,144.03695678710938,2089708
2013-03-26,143.661830811851,145.45395177770544,138.36880226417824,140.6610565185547,1191715
2013-03-28,139.66082003561206,147.03770428610272,139.20236658391707,145.2039031982422,5148861
2013-04-01,145.87073524507937,147.95460289143762,143.91189456993507,145.24557495117188,1407812
2013-04-02,145.95409928216947,148.62144740327844,145.20389927631692,147.5795135498047,1036868
2013-04-03,147.1627433785563,147.78790370495722,141.78636711529245,142.78662109375,1374583
2013-04-04,141.3695781528557,143.3284059973506,139.20235083669328,139.70248413085938,1477430
2013-04-05,139.28572987217586,140.0359171981696,135.243021222637,137.32688903808594,2616384
2013-04-08,137.32689242060127,141.0778545807998,136.66005215944864,140.32766723632812,1117065
2013-04-09,141.28621216879193,145.20388040491002,139.74414517849772,140.8277587890625,2110063
2013-04-10,142.0780802472992,142.4948537374461,138.7438923261239,141.78634643554688,2514824
2013-04-11,142.74492443306613,144.82879194303788,140.99447063712267,142.49485778808594,1696673
2013-04-12,140.86946298687744,147.5378399330018,140.86946298687744,146.66261291503906,1314855
2013-04-15,146.28750301297157,148.1629838208302,143.16170166654055,146.74595642089844,1278808
2013-04-16,145.91241008731646,151.53885253758122,144.20363613271164,150.41355895996094,2103227
2013-04-17,151.6222179331926,156.54015363393694,150.70532372109844,155.9149932861328,3415292
2013-04-18,156.0816922343405,158.37394672643362,153.99782451425585,157.79046630859375,1931107
2013-04-22,157.79045829947023,159.2074857334185,155.28981716229612,156.58181762695312,2187683
2013-04-23,155.45650736490887,156.20669453808418,153.0808934516584,155.03973388671875,1918140
2013-04-25,155.45652129881913,161.7081240320156,155.45652129881913,158.8740692138672,2350691
2013-04-26,157.70710417913847,160.70787873923527,155.4982095160943,156.33175659179688,1790407
2013-04-29,156.79018447996435,156.79018447996435,152.9975433597035,154.24786376953125,982012
2013-04-30,154.66463726408378,156.99857123991697,152.12231655324615,155.49818420410156,1453829
2013-05-02,155.87331287213118,159.6659548467611,155.3731795079682,158.41563415527344,1326060
2013-05-03,159.58256689643474,162.54166122142888,155.49819177895046,157.37367248535156,4493825
2013-05-06,156.74852670365684,158.62400758299592,154.66465905994676,155.16477966308594,1422063
2013-05-07,155.83160865090426,155.87328854456604,153.16426080248135,154.41458129882812,5100748
2013-05-08,154.66465773370777,155.78993862031078,151.12208276977796,153.41433715820312,2395331
2013-05-09,153.37266847896896,157.04027068111563,152.2890546904967,155.9983367919922,1468840
2013-05-10,156.03999974563845,158.37393394759718,155.28981251450656,157.99884033203125,874631
2013-05-13,156.0816747482341,158.49895594515232,154.53960772056428,155.0814208984375,729033
2013-05-14,155.2481654196987,155.83164591373352,152.7892037326742,155.12313842773438,2457984
2013-05-15,155.1647669392406,156.20670067565482,153.9978062420237,155.37315368652344,4496416
2013-05-16,155.03975315107067,156.66516737419332,154.6229796210947,155.53988647460938,3710703
2013-05-17,155.58153432079902,160.45778910319012,155.12309366992366,158.7906951904297,2705574
2013-05-20,159.2074609277733,160.08268773320142,156.03998010375156,156.9152069091797,1046386
2013-05-21,156.29006356896818,156.91522382324405,153.78942255186467,154.70632934570312,1966540
2013-05-22,154.8730331243952,156.0399938216121,152.5390990110438,155.37315368652344,1832895
2013-05-23,153.58103988793556,155.45652070067834,151.66387918001485,154.16452026367188,5035737
2013-05-24,154.6646494516345,155.5398763514043,152.53910204331294,154.70632934570312,2192600
2013-05-27,153.62271569450803,155.0397430604164,152.70580890066958,154.70632934570312,1238789
2013-05-28,153.3726633143381,155.03975748079827,152.53911623110798,153.7477569580078,2716058
2013-05-29,153.3726455634242,154.1645126570605,152.12232508328756,153.5393524169922,1113206
2013-05-30,153.2059526333841,153.58104626773047,151.41381881763326,151.78892517089844,3583503
2013-05-31,151.7889276840469,159.87433178049292,148.37137958359867,151.997314453125,4134669
2013-06-03,152.9975353910433,153.0392152796501,147.20438700435278,148.6214141845703,1226584
2013-06-04,149.413309186202,151.03872339507154,144.8704802930831,145.3289337158203,1465626
2013-06-05,144.32867199139795,144.6204185573233,141.66132387591125,142.86996459960938,1572013
2013-06-06,141.7029593410228,147.82953355303894,141.28618593119626,145.74566650390625,1406385
2013-06-07,145.12056418309768,147.12107225939675,142.9533365013402,143.32843017578125,1641289
2013-06-10,144.6204101989589,144.95382392453038,142.6199024076934,144.16195678710938,931615
2013-06-11,143.66185544082526,146.95436411778607,141.7030145637002,146.49591064453125,2166244
2013-06-12,145.53732863648364,146.1624889610065,142.7866206647993,145.28726196289062,1072975
2013-06-13,142.1197729059873,147.37112189732366,142.1197729059873,145.91241455078125,2041553
2013-06-14,147.53781330115606,149.20490723676232,145.4539458816482,148.4130401611328,3156002
2013-06-17,148.82981566068457,150.2468429813577,146.41252178996686,149.28826904296875,1902296
2013-06-18,149.28826904296875,149.83006949181163,146.70426832021613,149.28826904296875,2860948
2013-06-19,148.45473330626862,154.3312297787579,148.3713735144796,153.12258911132812,2397240
2013-06-20,151.70554103022036,154.45624843883738,147.37109954456884,153.3726348876953,5161196
2013-06-21,151.3304688256685,155.831617788898,150.45524188311873,155.3314971923828,3111330
2013-06-24,154.20622779468195,154.83138817763336,149.03823783940103,149.705078125,3368975
2013-06-25,149.74676451189086,153.87283374362377,147.95464293851433,152.6225128173828,1232704
2013-06-26,152.53911293170302,153.28930020281598,147.49615064345582,148.0379638671875,1615305
2013-06-27,150.12183308384775,152.87252825234236,148.37137914124304,151.62220764160156,5182044
2013-06-28,152.789166133513,156.54012759643595,152.20568578306407,155.74826049804688,2803700
2013-07-01,155.039740891964,159.20747586217806,155.039740891964,157.58206176757812,2941099
2013-07-02,155.9983282149482,157.4570355795189,154.62298064449195,155.45652770996094,3144624
2013-07-03,156.7068237404088,158.3739176099876,153.95611631182038,157.0402374267578,1749185
2013-07-04,157.16529489620612,160.04102960310323,155.9566542476747,157.24864196777344,1264049
2013-07-05,158.45730233881136,159.54090334950803,157.54039547861694,158.5406494140625,1342941
2013-07-08,157.37368133326828,161.70812333241534,155.49820052142326,160.99960327148438,2319621
2013-07-09,162.04154198089185,163.29186256012375,160.12439393453778,162.6667022705078,1355071
2013-07-10,162.75005654681522,163.33353692022885,160.08270861198267,161.66644287109375,1258428
2013-07-11,162.95844153049697,165.6674693308761,162.6250278118637,164.9172821044922,1716277
2013-07-12,164.29210358094406,165.04229072394077,161.45803641191023,164.33377075195312,1724828
2013-07-15,162.91673998824004,164.87558030195268,161.70809952014594,164.208740234375,1205501
2013-07-16,162.45829621538743,167.79300435129858,161.08294882912222,166.95945739746094,2484420
2013-07-17,167.37623435380257,172.91931662448576,166.87610108353635,172.0857696533203,2453815
2013-07-18,171.71069928786542,177.12875533335634,170.04360512002208,176.17018127441406,1971963
2013-07-19,175.87841763194638,175.87841763194638,170.7104287571609,172.79429626464844,2087006
2013-07-22,172.9609795578574,173.08600650370624,162.83338993878306,164.6671905517578,2216018
2013-07-23,165.08399263403493,165.20901960157255,161.95819125641088,163.7919921875,4004244
2013-07-24,161.70814101898546,161.79150081841877,155.53989742850953,159.37420654296875,3395253
2013-07-25,143.45346699449186,147.3711359844821,135.4930893129326,142.53656005859375,20366785
2013-07-26,143.7868519460419,150.95536095671588,141.91137126848486,148.4130401611328,5564296
2013-07-29,148.41304183255895,149.74670936471335,140.36930587131977,142.66156005859375,2810933
2013-07-30,143.5020066420502,143.5020066420502,139.80415625635015,141.06478881835938,1920388
2013-07-31,140.68659783587026,142.4514886656804,137.99725076210785,140.77064514160156,2935707
2013-08-01,141.94723143492408,145.98125848464554,137.1988535769491,140.72862243652344,5122210
2013-08-02,141.19082438167388,146.14930653698028,140.4344500948697,143.96421813964844,3977223
2013-08-05,143.96426706579126,151.23391101935664,143.96426706579126,149.21690368652344,5669253
2013-08-06,147.91420054589244,155.6460766460282,147.83015325696505,150.5615234375,5402916
2013-08-07,150.93973198429782,152.87269150122438,147.40995082997708,149.0067596435547,7084180
2013-08-08,149.84720840770362,153.54505917110336,149.17486840786214,150.4355010986328,1651251
2013-08-12,150.68760679403022,152.07429740894457,148.88069252365017,150.22537231445312,2614303
2013-08-13,150.47750623571204,150.645588009034,144.80465982533002,146.52752685546875,2944413
2013-08-14,146.06530073438262,150.0152803410644,144.25838630209017,148.4604949951172,1660809
2013-08-16,147.8301958253873,149.34295769497697,143.71213395844504,145.72914123535156,1674205
2013-08-19,144.13231159556994,146.02326028997248,136.1903296438427,138.66957092285156,1383353
2013-08-20,136.5685272216797,137.82915978064904,132.78662954477164,136.5685272216797,6086592
2013-08-21,137.03075644103467,138.41744707290525,129.34089043354064,130.8956756591797,2467447
2013-08-22,128.62656604016755,133.54302614287744,128.50049506902954,132.78665161132812,2094748
2013-08-23,133.54298220180587,134.80361455546856,129.42492164270067,134.08926391601562,2132857
2013-08-26,134.4674370647158,140.35038743629713,133.7110628607524,137.66104125976562,2135654
2013-08-27,137.53500127342463,144.1323165176057,132.28236583182093,134.04725646972656,4403858
2013-08-28,131.94621634465,137.57703957293825,123.33189330304069,134.55152893066406,7100297
2013-08-29,132.6185229957206,140.8546567406065,128.58449699579538,138.2073211669922,6217201
2013-08-30,136.98873784031943,146.82166921869543,133.50099289599785,144.21636962890625,2869567
2013-09-02,142.87167170478793,146.14931080848905,141.23285215293737,142.95571899414062,1792741
2013-09-03,143.0817586885044,144.51047265690138,138.83762759876683,141.695068359375,2214193
2013-09-04,142.87166970849847,144.13230208827937,136.2323443045122,142.11529541015625,3463831
2013-09-05,144.63658240034212,148.41848012096193,141.5270117932228,143.20785522460938,3097921
2013-09-06,144.13230189057546,147.07377743936271,139.9301939637365,144.8046417236328,3008605
2013-09-10,144.3424075451784,158.5455272337803,144.3424075451784,156.44447326660156,2357611
2013-09-11,156.2764129638672,157.95725636831602,151.99026997681312,156.2764129638672,1618102
2013-09-12,157.15885305883657,157.83119296288913,150.43547966594517,151.99026489257812,1068055
2013-09-13,151.19187020231425,154.63760456397364,150.51954305022127,151.48602294921875,2746181
2013-09-16,154.55353136531625,155.39395298845295,148.83867458703955,149.97323608398438,1147862
2013-09-17,147.91419162907678,151.99024124383587,147.91419162907678,150.3934326171875,1576094
2013-09-18,149.80516150019508,151.19185211527042,147.32592015794262,150.68760681152344,1678206
2013-09-19,153.7971346878543,161.7811389476063,153.1247949222702,157.41094970703125,3075465
2013-09-20,155.4780275411064,163.0418234755386,154.09133674932124,162.1593780517578,2539025
2013-09-23,160.6886162732667,164.6385954477227,158.5035276862864,159.76416015625,1786441
2013-09-24,159.59605933324838,162.99976943394756,158.08331068744084,159.47000122070312,1925327
2013-09-25,159.4279856417836,160.94074718794806,156.612580787355,158.75564575195312,1481739
2013-09-26,159.59608057605578,161.82320584338385,154.30143396336086,155.26791381835938,3189002
2013-09-27,156.066288388338,157.91521334159756,154.21736343507845,155.0577850341797,1017182
2013-09-30,154.63760004620684,156.06631443839188,152.36846391464024,153.4189910888672,1328578
2013-10-01,154.17536178968797,155.35195989060838,149.67911328721482,151.27590942382812,2239221
2013-10-03,153.75516375163886,161.10885440629053,152.4945310679843,160.2684326171875,2212299
2013-10-04,160.26841262699418,162.159361416619,158.5035347843013,159.55406188964844,2347478
2013-10-07,159.6801115221188,162.91573996406728,156.61257766714155,162.03329467773438,1292123
2013-10-08,162.2013713150143,165.56305776713896,161.40297334739793,163.54605102539062,1780253
2013-10-09,162.957770736671,165.56308326787544,161.10884546798624,164.5966033935547,1339995
2013-10-10,164.47054329764276,166.99180869154782,163.8822506038287,165.14288330078125,2316711
2013-10-11,166.40347938017013,167.0337955899435,162.3694530728573,163.54605102539062,1284017
2013-10-14,162.20139322697287,169.3029542516804,161.78118236369056,168.2104034423828,1741931
2013-10-15,168.21041414458682,168.50456689712672,164.30245799694902,166.57159423828125,1482027
2013-10-17,164.72264102268898,169.38698367763556,163.88221938481811,165.18487548828125,1127377
2013-10-18,165.64712467102444,167.62210800120124,163.88223394516484,166.94976806640625,1977018
2013-10-21,165.8992362313524,172.28644619544204,162.91574949531443,166.69764709472656,4631343
2013-10-22,165.64711617884808,167.15986492481113,162.78967480841538,165.0167999267578,2686591
2013-10-23,163.25191303095175,166.57157613657316,161.6130933027404,165.31094360351562,2389020
2013-10-24,162.28542944490894,164.30243632137345,161.44500777574592,163.16786193847656,3067543
2013-10-25,161.36096380208008,162.70564362995762,160.64660023905438,161.27691650390625,1276490
2013-10-28,163.041792166562,163.041792166562,158.96574223287155,159.97425842285156,852235
2013-10-29,158.96578923456937,164.59662593951185,158.96578923456937,163.92428588867188,1242412
2013-10-30,163.6720945453268,165.81517203224942,160.81466644530667,162.1173095703125,1195487
2013-10-31,161.02479693840493,161.94925308017827,157.11682848257362,158.29342651367188,3278509
2013-11-01,158.33544017051062,160.18437813476652,157.1588549421816,158.1673583984375,1583853
2013-11-05,158.50351356162463,159.97425131218756,155.85617791632205,156.57054138183594,1555089
2013-11-06,156.5705623964381,156.73864416858467,151.35995051699123,151.90621948242188,1762397
2013-11-07,151.90622664686717,154.93174998346882,150.56154675864025,151.6961212158203,1378963
2013-11-08,151.275911984678,152.95675545117442,147.7461432697991,148.5025177001953,1342154
2013-11-11,150.015281046314,150.015281046314,145.26690333039767,145.77114868164062,1380583
2013-11-12,145.05678888950996,148.0822992805958,144.5105070964711,145.1408233642578,1078123
2013-11-13,145.6030234870613,148.71258044265704,144.13228587608089,147.53599548339844,1323138
2013-11-14,148.75462336127995,149.17483416173556,145.98122951350987,148.29238891601562,1490312
2013-11-18,149.5950570206263,151.23387670974057,146.65358118033308,150.6455841064453,1170613
2013-11-19,150.72962949620805,152.11632010242164,149.2168679470007,150.26739501953125,1038478
2013-11-20,149.17483232995238,152.11630789702187,148.04025805312784,148.8386688232422,1233065
2013-11-21,148.25038258282302,148.25038258282302,143.03977061347896,143.79615783691406,1282074
2013-11-22,144.8886890958829,147.7041067872143,143.50199848601332,146.65357971191406,1264684
2013-11-25,147.2839044253377,151.61207109490047,146.779646270674,150.89772033691406,2278487
2013-11-26,150.09932040259605,151.5280347245303,148.79666420584346,150.0572967529297,1339022
2013-11-27,149.76313878959394,151.6961111922643,149.13282253810254,150.6455841064453,1067414
2013-11-28,151.4019669510233,154.55354838483993,147.62006923044336,153.50302124023438,2915192
2013-11-29,153.1668585574925,156.31844000929274,152.95675312737248,155.7721710205078,1287017
2013-12-02,156.19236126397638,158.16734435212396,154.46949439964027,155.43597412109375,1048510
2013-12-03,155.56202382840365,158.29339368670378,153.92319165437212,156.52850341796875,1424747
2013-12-04,156.1503708256868,156.2344053102227,153.9232453924749,154.5115509033203,1218185
2013-12-05,157.15885926635346,157.91523367340247,155.5200395018689,156.23439025878906,1129315
2013-12-06,156.4865289947142,156.94876352702735,154.63760368927996,155.56207275390625,930198
2013-12-09,159.5960572518062,163.37795446463397,157.07479244325435,162.70562744140625,1837978
2013-12-10,163.2519057985975,164.55456192314372,158.83969212836513,159.25990295410156,1636838
2013-12-11,159.51203822265686,160.2263889599219,157.1588549421816,158.1673583984375,734490
2013-12-12,155.68810979641037,156.6545895590072,152.494504979413,153.04078674316406,1635631
2013-12-13,152.74662713279162,154.13331765536483,149.63706975042234,150.09930419921875,1226200
2013-12-16,150.85568071302154,150.85568071302154,145.9812327547456,147.32591247558594,1783859
2013-12-17,148.33443500954445,149.6370912528621,146.65359155334565,147.6200714111328,1141212
2013-12-18,147.4939888859989,151.69609683146894,146.90569633839624,151.06578063964844,1427793
2013-12-19,150.18333460385224,151.99024870503882,147.4519644538914,147.9562225341797,804589
2013-12-20,146.86366068229617,151.73810806512674,146.31739182359033,151.4019317626953,1098771
2013-12-23,151.48602733362185,154.30144545381586,150.43550009829855,150.93975830078125,735004
2013-12-24,149.80517416289356,154.72164643886074,149.80517416289356,152.5365447998047,1024214
2013-12-26,152.41046914743862,155.47800299594005,151.57004750962273,154.84768676757812,1864095
2013-12-27,155.89822482262585,156.02428294767245,154.09132330326523,155.3939666748047,807789
2013-12-30,155.85619540205113,155.85619540205113,151.78015801605522,152.87269592285156,724349
2013-12-31,153.71312666915549,153.9232320980766,152.32643596780323,153.50302124023438,742334
2014-01-01,153.8812079209587,154.88971132752098,153.16684439507642,154.3434295654297,316632
2014-01-02,152.95673010995696,155.3939476030618,149.67909102284136,150.5615234375,1208631
2014-01-03,149.5950684761748,150.98175920611777,148.5445413099095,149.42698669433594,1481433
2014-01-06,149.42695311702644,150.05726927514905,147.3258992566178,148.16632080078125,441324
2014-01-07,148.33443216930613,149.55304108695333,146.7376360460191,147.28390502929688,1062974
2014-01-08,147.28388973179554,148.6705802830534,146.4854917530769,146.8216552734375,648152
2014-01-09,146.6535508584891,147.49397235338014,142.87165413147935,143.4179229736328,825312
2014-01-10,143.71212864349775,144.4685031384096,139.5100196188341,140.560546875,1083244
2014-01-13,140.35040690999756,143.7961405924041,139.80413800065267,142.95571899414062,998357
2014-01-14,142.19932344544347,143.75410843973833,140.5184803483961,140.89666748046875,396928
2014-01-15,141.1908595862118,143.54404314407907,140.30841414903423,142.91372680664062,1204831
2014-01-16,143.12381886911348,144.84668592843903,141.82116266212012,142.367431640625,901454
2014-01-17,142.07329079341554,145.0988012157956,141.6951035935952,142.87168884277344,1565922
2014-01-20,142.87169070036686,144.88869767484502,141.8631872131278,144.63658142089844,605334
2014-01-21,145.39297320685114,145.6871259700343,142.9137314308045,143.62808227539062,644890
2014-01-22,143.4179535029327,144.21636435208794,141.98923922225117,143.88018798828125,608919
2014-01-23,143.88018798828125,145.72911310585835,143.08178996294308,143.88018798828125,979736
2014-01-24,142.53549666152992,144.30037418078587,136.44244056714885,136.94668579101562,3399680
2014-01-27,135.3078592215545,135.3078592215545,131.9461732781619,132.24032592773438,1859288
2014-01-28,131.48399518582016,134.17334252710845,131.1058079200455,132.78665161132812,1300032
2014-01-29,133.83716255805027,136.06427504722842,132.82865903132466,133.2908935546875,1628813
2014-01-30,132.19830228867914,134.005203353727,130.09724857405874,132.24032592773438,2793904
2014-01-31,132.87068023820825,134.84566360340776,132.07226933808346,133.75311279296875,1503824
2014-02-03,133.79511124172342,136.14829420006794,129.6350270392622,130.47544860839844,1663508
2014-02-04,128.92067866792152,131.77812003177704,128.66856242671932,130.9376983642578,1313097
2014-02-05,130.68557456175992,132.4924760901608,128.7526020838643,130.3494110107422,1342899
2014-02-06,129.04676371679878,131.7781344347676,127.78613107773624,130.979736328125,2030169
2014-02-07,131.10580669752594,137.70312325382028,130.13932671357838,136.86270141601562,3217551
2014-02-10,137.74513705152572,138.41747710100503,135.5600479204928,136.27439880371094,677558
2014-02-11,136.56853256877966,137.28289617635895,134.55152552498336,135.05577087402344,772092
2014-02-12,136.54690095812484,137.27117989248083,134.62970578086566,134.9705352783203,1066826
2014-02-13,135.1409589676347,135.48178845484682,130.49707594304766,131.2639617919922,521918
2014-02-14,130.62491751355572,131.94565473958997,127.89824217704812,128.7929229736328,1607887
2014-02-17,129.1763376223014,130.7526900783388,128.1112293404612,128.7076873779297,1576781
2014-02-18,128.62250634113786,131.00835210172713,128.36687768789378,130.15626525878906,1423576
2014-02-19,130.7953195887115,132.24386450170934,130.36927620242903,131.7326202392578,2236077
2014-02-20,131.13615992744246,131.64741723393067,129.2615714733414,130.15626525878906,854871
2014-02-21,130.3693177964952,138.71977343218958,129.26160203838393,138.03810119628906,4407604
2014-02-24,138.16588530476113,140.38131644020322,135.52442372214932,136.3765106201172,3730551
2014-02-25,138.1658588205026,141.1055684564462,137.65461458080804,139.8274383544922,3598300
2014-02-26,139.31619843469372,143.40621786983638,138.54932547889783,141.40380859375,2463411
2014-02-28,141.44638515654066,144.0026451292492,139.7422118414016,143.1505584716797,2215083
2014-03-03,143.8748615145469,143.8748615145469,141.23338723136487,143.06536865234375,1161971
2014-03-04,142.12808484391843,144.5991314327994,141.95767007948064,143.44882202148438,1096381
2014-03-05,144.76954045285166,145.0251690902717,138.89014680125368,144.4287109375,2666407
2014-03-06,144.55652891465158,148.68915533824511,144.55652891465158,148.0926971435547,1746129
2014-03-07,148.4761303190264,158.91419399999094,148.4761303190264,155.20761108398438,3318682
2014-03-10,154.31294269942038,157.89170507694,153.4182488545869,155.6336669921875,1852523
2014-03-11,155.93188114041024,159.9792933558034,153.84427112441205,157.0395965576172,1913307
2014-03-12,156.5709326140093,157.63604099913863,151.67143404241446,153.92945861816406,1163132
2014-03-13,154.18510457279575,157.63605872912012,153.11999606786927,154.0572967529297,949948
2014-03-14,153.71646667441465,155.8466838567198,150.26552524053136,154.4833526611328,1403600
2014-03-18,154.6963560731965,158.48813960863197,154.6963560731965,156.78396606445312,1299282
2014-03-19,157.59347608709453,161.89651771082413,156.95441088560443,161.47047424316406,1838271
2014-03-20,161.3852444305588,161.72608697215648,155.29282864467552,155.7188720703125,1096306
2014-03-21,155.16500369717588,158.53074378797754,154.7389603185475,157.2100067138672,1890910
2014-03-24,156.78397671415394,160.49055962524102,156.44314718289192,158.5733642578125,1341438
2014-03-25,157.6360644736275,159.42545202783722,155.54845432825834,156.27272033691406,1346206
2014-03-26,157.2100112064277,161.08700866310048,156.78396781562438,158.786376953125,1998841
2014-03-27,158.78639369853468,165.1344382905984,157.25263472953196,163.85630798339844,3469508
2014-03-28,165.30485494711127,171.269463115306,164.53798195478325,170.119140625,2340699
2014-03-31,170.11910742898738,173.39964648207555,169.0966059714701,172.29193115234375,1527313
2014-04-01,172.12153056887982,174.5073761672268,168.54276867226562,173.10142517089844,2083012
2014-04-02,173.3996591810764,173.91091644818292,168.41494633313133,170.97120666503906,1263151
2014-04-03,172.078928249057,175.10383901735935,170.50257545558452,174.54998779296875,1821460
2014-04-04,174.67780394403854,174.93343259895352,171.6528930314742,173.27186584472656,1134251
2014-04-07,172.93101415384663,178.85301483725718,172.6753855124579,178.42697143554688,2063047
2014-04-09,178.51218332862888,180.7276141935756,177.53228871633283,179.91812133789062,1378565
2014-04-10,180.64242295335703,184.5620278974103,178.17137614198492,180.940658569336,1546114
2014-04-11,178.938220098762,185.5844994456499,178.938220098762,185.0732421875,1492589
2014-04-15,185.7549513466907,186.39401654627792,180.34419412279283,182.2187957763672,1048409
2014-04-16,182.34658464599315,184.43419481377384,175.8707194298026,177.0210418701172,1621439
2014-04-17,177.31928195734565,185.3288932944012,177.27667501369683,184.6046142578125,1605092
2014-04-21,180.98321801501424,185.7549089502405,180.98321801501424,184.0507354736328,897711
2014-04-22,184.050765548926,184.09337249316587,178.98085122791792,182.8578491210937,1517550
2014-04-23,182.346599609375,187.45912109375,181.75014136989407,186.39401245117188,3136465
2014-04-24,186.39401245117188,186.39401245117188,186.39401245117188,186.39401245117188,0
2014-04-25,187.45911786901613,188.3112047684208,176.68022379227344,178.12876892089844,2928718
2014-04-28,176.38197262202723,177.23405944628823,169.94871449849404,170.50257873535156,3655029
2014-04-29,172.3345640004445,174.59258893371754,168.79840880264405,172.46237182617188,1824619
2014-04-30,173.22926796239466,174.50739830200632,167.17944582084056,168.50018310546875,1455587
2014-05-02,168.54276791624966,172.675381003848,168.54276791624966,172.03631591796875,1217678
2014-05-05,171.2694574794319,173.91093192486497,170.4173706263004,172.59019470214844,829999
2014-05-06,174.25173912589742,174.25173912589742,168.7131752905999,169.4374542236328,2215830
2014-05-07,167.86110870806647,169.3522606889757,164.87880474624802,165.77349853515625,1752296
2014-05-08,165.34742630068232,166.3273208023818,163.68585984041263,164.41012573242188,1132872
2014-05-09,163.7284501803358,177.2340292441349,163.7284501803358,176.50975036621094,2239453
2014-05-12,177.74531224444058,181.40927509461056,176.08373257772072,180.1737518310547,1678849
2014-05-13,180.68503964139288,189.546738686018,180.68503964139288,188.8650665283203,2207839
2014-05-14,189.16327763017887,191.6343242543523,187.0756674819202,190.8248443603516,1336877
2014-05-15,189.4189097438777,192.8272571508685,184.86023988630205,186.7774353027344,2669332
2014-05-16,189.4188993807616,205.4381339175681,189.4188993807616,191.16567993164065,4537320
2014-05-19,194.27578154699088,195.0852613697409,185.84012781212272,186.9478302001953,5230200
2014-05-20,190.4414163771576,190.4414163771576,182.81524145369235,184.86024475097656,3406647
2014-05-21,184.9028524264673,188.31119993663265,179.83293810545925,182.8578491210937,2305766
2014-05-22,185.9679434147598,188.18337428732164,181.75011637066387,182.73001098632807,3764845
2014-05-23,184.05077827340216,186.223602561715,179.53471490984924,181.66493225097656,2285243
2014-05-26,183.113452434442,190.7822338151609,174.29436164770297,179.0660400390625,4876172
2014-05-27,180.98324851776707,181.83533539968087,172.29196492260905,177.6175079345703,1948564
2014-05-28,177.31925798423777,187.6294998644601,177.31925798423777,187.1182556152344,3363451
2014-05-29,187.4590890877312,188.31117585631176,178.9382214019252,182.38917541503903,3726626
2014-05-30,181.66490329372323,186.3939876375763,178.55479167215276,185.41409301757807,2609535
2014-06-02,185.7123097322856,191.4212885158586,185.4140871625704,189.8875427246093,3757670
2014-06-03,190.3561817692468,198.87704958348007,190.01535225740244,196.83204650878903,4695297
2014-06-04,197.1303031603563,198.32321958117163,194.787064260901,195.8521728515625,1802138
2014-06-05,195.9799696124812,200.5812332635272,194.3184029052597,195.93736267089844,2907320
2014-06-06,197.6841332902124,198.15278362035767,193.8497427738074,196.83204650878903,2136333
2014-06-09,197.64151971824745,207.738752939992,197.30069021784075,201.98716735839844,5818920
2014-06-10,202.796627883772,202.796627883772,194.7444114358079,196.1077423095703,2697129
2014-06-11,198.024959328608,198.024959328608,191.29347907416192,194.4461975097656,2179468
2014-06-12,194.19056302817765,195.29827839158327,190.48399350677363,192.23077392578125,1349391
2014-06-13,192.1455607396344,198.0249540715193,188.5667990157996,189.9301300048828,2816893
2014-06-16,188.2259764131712,191.6769306909276,185.8401436796336,189.6319274902344,1797676
2014-06-17,188.2259907830035,193.5941408469132,187.7573533900183,191.63433837890625,3145589
2014-06-18,190.10057249012493,195.0852725269708,187.629512940318,188.7372283935547,3043814
2014-06-19,190.86744109481776,192.2733790985858,185.7549203512065,187.0330505371093,2118961
2014-06-20,186.26616598234955,188.31116895123097,184.5619925076778,185.92532348632807,2349643
2014-06-23,184.5193934498001,191.0378520680463,184.09335006293924,189.8875427246093,2353795
2014-06-24,188.7372137642085,190.6544089378856,187.9703408954624,189.9301300048828,1535103
2014-06-25,190.7822361960724,190.7822361960724,187.6295175227944,188.5668182373047,1119775
2014-06-26,187.54432893135305,190.4414191449125,185.2436839362049,186.0531768798828,2566615
2014-06-27,186.8200453094136,189.1206772464986,184.0507629958191,184.6046142578125,1591965
2014-06-30,182.85784624675625,188.48161174904084,182.85784624675625,187.97036743164065,1370497
2014-07-01,189.24849609114312,192.06037231706,187.970365805976,190.6544342041016,2461424
2014-07-02,191.93254627515967,193.72193370530903,190.9952456209268,192.8272399902344,1929768
2014-07-03,192.7420513539024,193.50893735374788,189.5893324704864,191.9325714111328,1334580
2014-07-04,191.71954720480736,194.19059394583263,187.9277632048973,190.61183166503903,1566506
2014-07-07,190.78225752203983,192.9124748369434,188.73725410045824,190.52664184570312,1548606
2014-07-08,191.71952709709248,194.19057357895213,184.6898111035324,185.9679412841797,1965050
2014-07-09,187.4164941718756,189.97275464160373,183.58210346728328,186.5644073486328,1472643
2014-07-10,187.2034779997724,191.37871135816889,183.32648023905185,187.331298828125,1904099
2014-07-11,186.69221789728945,189.0354565322304,181.40926948251823,182.77261352539065,941250
2014-07-14,182.7726234658133,184.9028405225244,180.7702142317796,183.4969024658203,628159
2014-07-15,183.66730129362992,188.3963853495601,183.53948048023008,187.3738708496093,849697
2014-07-16,188.99288737140955,190.3988256326864,185.4993256893432,188.8650665283203,872080
2014-07-17,190.10055791777,192.35858259019707,189.1632572980011,191.54910278320312,2077083
2014-07-18,191.50649698059985,191.50649698059985,186.6069981701952,187.24606323242188,1459715
2014-07-21,187.1182606035069,190.0153504317868,185.92533131988813,188.26856994628903,2093698
2014-07-22,190.86744359959133,191.3787008813868,187.58690421199825,190.1005706787109,2311734
2014-07-23,190.86744541510336,191.3360957609048,183.2412710669607,183.9229431152344,1994396
2014-07-24,185.24368629180145,187.79994698397064,183.7099402779513,185.8827514648437,2255068
2014-07-25,188.26857817667343,188.7372285228037,179.19385884571528,180.55718994140625,2395966
2014-07-28,180.64240856186527,180.64240856186527,174.67780073199236,175.57249450683594,3661797
2014-07-30,175.52950249875718,180.4291971291297,173.93925775118055,179.7845001220703,3422239
2014-07-31,179.05386418377117,182.23436702268043,176.7329574157236,177.42062377929688,3677595
2014-08-01,176.43207045815984,179.22575732290537,174.06818157260594,174.79884338378906,3340883
2014-08-04,174.92776967558947,176.646961515153,174.0681737558077,175.70140075683594,2671232
2014-08-05,175.70141194530322,183.5667229819961,175.70141194530322,182.8790435791016,3318066
2014-08-06,181.8045667119387,182.66416277204243,178.15128345649785,179.01087951660156,2712771
2014-08-07,177.97935222002582,182.449248741413,177.97935222002582,180.7300567626953,2780907
2014-08-08,178.79596039959802,179.0108593904629,174.19711674853173,174.88479614257812,2305221
2014-08-11,176.5180785109002,177.5066088584686,175.7444340891367,176.43211364746094,1020831
2014-08-12,177.89338579581863,180.0853581725098,176.3890928277905,179.56959533691406,1680792
2014-08-13,177.76445427305657,180.7300578305889,175.0997014437412,176.8188934326172,1927424
2014-08-14,176.30315646514126,182.9220434780548,176.30315646514126,181.288803100586,2366201
2014-08-18,179.95642098624077,185.58676407848503,179.95642098624077,183.9535369873047,2711212
2014-08-19,184.46931186462936,187.39193309757505,184.0824831609913,186.1025390625,3640252
2014-08-20,186.53233338862904,187.77874497462903,184.55525995063203,185.41485595703125,1910974
2014-08-21,184.81313135959687,186.10252529931512,182.27732590143003,183.9105529785156,1299230
2014-08-22,184.16844872469028,184.81314574473004,180.60113046036145,181.58966064453125,1366362
2014-08-25,182.2343696884672,184.81315793877567,181.1168921567211,182.6211853027344,1783626
2014-08-26,182.23436521793488,182.66416324910924,178.66704680574557,179.6125946044922,1286224
2014-08-27,179.4406468487964,180.8589748587688,176.81887669072108,177.89337158203125,1930517
2014-08-28,177.50657233682915,179.44066331870744,176.99080949510403,177.33465576171875,2357210
2014-09-01,178.1083051927274,179.91346220769097,178.1083051927274,179.18280029296875,2848915
2014-09-02,179.18277169969082,185.93060509897205,179.18277169969082,185.45782470703125,5106207
2014-09-03,186.1025231990503,186.87615430759297,183.56671776950125,184.38333129882807,3755289
2014-09-04,183.9535459768392,184.6842078312488,179.2257679260326,182.0194549560547,1405156
2014-09-05,182.1913641762069,184.4693013785208,181.0309174804413,182.8790435791016,1331652
2014-09-08,183.5667522890365,189.28306118566385,182.83609034748457,188.50942993164065,4922851
2014-09-09,189.3260208896306,190.09965205079448,186.53233386174728,188.25152587890625,2160271
2014-09-10,187.3059772399976,188.2515381576672,185.24295193140307,186.4034118652344,1690221
2014-09-11,186.6183285398452,187.8217578976653,183.86761037957703,184.81317138671875,2074341
2014-09-12,184.3403714855684,185.672747994922,182.92204324049845,184.6412353515625,1376048
2014-09-15,183.265889454401,184.6412484876586,180.5581669333951,181.15988159179688,931278
2014-09-16,181.15985259817583,183.09394355118127,176.6469737078298,177.85040283203125,1562805
2014-09-17,179.13980469398916,180.257282139354,177.11976192390117,179.82748413085938,1811753
2014-09-18,178.4521449119826,183.9535543757268,178.4521449119826,183.48077392578125,2044598
2014-09-19,183.48078115837035,186.4034157082619,181.6756372552328,184.85614013671875,2886447
2014-09-22,183.99652202677305,186.2744461257856,181.89051450037385,184.0824737548828,1771298
2014-09-23,183.56673246499497,184.7271792207089,181.84754042714232,183.78163146972656,2638843
2014-09-24,183.7816368269713,186.1885083734043,180.5151692365547,182.27734375,3201491
2014-09-25,182.32029840406472,183.39479329537488,176.21716217486593,177.89337158203125,3671677
2014-09-26,178.5380957121135,183.3088563795013,176.3891056021545,182.27734375,2017565
2014-09-29,183.3518093846949,185.24291775473617,180.9019558058826,184.5982208251953,1623501
2014-09-30,184.0824943216332,185.58678745375707,182.40628459768843,183.6956787109375,2077299
2014-10-01,183.86758541049952,184.2114316920371,180.5151661429736,181.0738983154297,1639405
2014-10-07,180.515155655672,181.1168702179121,178.06530186807325,180.08535766601562,2395090
2014-10-08,179.6985727200831,182.2343786678901,178.022362898068,178.96791076660156,1416812
2014-10-09,180.4291995803388,186.44637172797232,180.3432478480664,185.5008239746093,1645939
2014-10-10,184.42633441177864,185.2859304583342,181.37476582322736,181.76158142089844,1477593
2014-10-13,180.9879371371024,182.0624321175929,178.06530292033193,179.52662658691406,873800
2014-10-14,180.6011496814289,182.75013997694143,178.3661945275376,178.9249267578125,1488939
2014-10-15,178.9249267578125,178.9249267578125,178.9249267578125,178.9249267578125,0
2014-10-16,179.0538599556711,180.0423901672613,175.22866015394217,177.2487030029297,2404733
2014-10-17,177.54956419894845,179.82748845215107,175.5295082639238,178.23724365234375,1352502
2014-10-20,180.5151722824125,183.4377936347126,179.69855865012815,183.00799560546875,991358
2014-10-21,183.35182927029567,184.72717499931176,182.44925084777,183.6097106933593,1458956
2014-10-22,184.38335531283755,187.3919415300633,184.38335531283755,186.4463806152344,1173083
2014-10-27,187.09106030012487,190.8303080696692,186.446363313403,190.2715759277344,1848749
2014-10-28,190.27158162566693,194.39763197113183,190.01370019997688,193.3661193847656,1693826
2014-10-29,194.0967780561352,195.3861720470532,191.73288907278555,194.3976287841797,1537540
2014-10-30,195.3861768778338,196.2887553170708,191.43202996136424,192.2916259765625,2990018
2014-10-31,195.94490840453955,196.84748684084408,192.8933399372214,195.68702697753903,1778364
2014-11-03,196.0308643252796,197.1913110193448,194.3546548007008,195.85894775390625,1210270
2014-11-05,195.1282794079973,195.8589412074039,190.1856027269577,191.6898956298828,1290941
2014-11-07,192.5495281600114,195.73003113580387,189.7988232381475,190.787353515625,2327935
2014-11-10,191.3460904598171,192.4635548578836,188.68133739582373,190.44351196289065,600992
2014-11-11,190.44353856773105,194.18277412537364,190.0137404726183,193.7100067138672,999460
2014-11-12,194.3546449525936,198.13686179673323,194.3546449525936,197.2342834472656,2822676
2014-11-13,198.394759643924,198.9105093746612,192.2056710603196,194.44061279296875,948102
2014-11-14,194.26869619387057,198.3517771979453,192.5495041921549,197.7930450439453,1023093
2014-11-17,197.4492046231686,198.3517830740869,191.68991387008185,195.7729949951172,1812566
2014-11-18,195.1712852025772,197.49219190748192,193.79592628005847,194.7844696044922,1668001
2014-11-19,194.78448754876663,196.50367980209592,190.5724586582723,190.9592742919922,858316
2014-11-20,191.4320125612994,192.0767095140988,187.09105045583792,190.5294342041016,869797
2014-11-21,190.01369297513853,194.741470839582,190.01369297513853,194.2257080078125,1399093
2014-11-24,193.6669800638178,198.480709760191,193.6669800638178,197.75006103515625,2407768
2014-11-25,196.9764077814826,197.7070695895666,191.6898979064059,196.3317108154297,2086193
2014-11-26,195.2572566531461,198.05094408952752,193.62402924458925,196.67559814453125,1549824
2014-11-27,196.4177294665186,197.9220227994132,192.7644456580604,193.7100067138672,1140793
2014-11-28,194.22570753764143,199.8990462077973,193.0652608435597,197.62110900878903,2036912
2014-12-01,197.0623889539751,200.71567206435407,196.46067435907392,198.0079498291016,1512068
2014-12-02,197.70707278595967,198.6956029033321,194.31167133313176,196.4176788330078,1844672
2014-12-03,196.58960119674447,198.52369218316807,194.78445747925235,197.75006103515625,1735933
2014-12-04,198.09389418618508,198.86753845059084,195.34318962877268,197.75006103515625,1719867
2014-12-05,197.6211050420653,204.3689385433668,196.8904563492857,203.68125915527344,3317412
2014-12-08,204.7987639589907,206.04517563892483,197.10538174519536,198.9964904785156,3207123
2014-12-09,198.0509064229939,198.91050239378188,193.40909342729623,194.13975524902344,2361458
2014-12-10,195.55809233822808,195.9019254957816,191.51799371320067,193.96783447265625,1396517
2014-12-11,194.26871599395395,194.65553161048584,191.04523066219585,191.73291015625,1006839
2014-12-12,192.29162958665933,196.2027941525185,191.9477964206826,194.09678649902344,1420248
2014-12-15,193.4520712184521,197.6211037071436,192.6354576890296,196.24575805664065,1292666
2014-12-16,196.03088497375992,196.71856444808208,187.4779067621901,188.1655731201172,2062150
2014-12-17,187.4349356474267,193.0652928284136,185.1140287583684,189.71286010742188,1632038
2014-12-18,190.2715738432809,194.0108084554676,190.2715738432809,192.5065155029297,1612940
2014-12-19,193.1512398006964,195.55811148844867,190.8303329689477,193.53805541992188,2410322
2014-12-22,192.8503696005605,197.4062179488814,192.8503696005605,196.7185516357422,1636467
2014-12-23,196.50364946405327,197.4921796105409,194.4406112087315,195.51510620117188,1766844
2014-12-24,196.116823445104,199.2543567356048,194.2686972794895,194.9993591308593,2950266
2014-12-26,195.64406779564447,197.44921164528503,192.6354815965153,194.3116912841797,435096
2014-12-29,194.52656675017747,199.08242792348955,194.52656675017747,197.96495056152344,956375
2014-12-30,197.7500731275781,198.39477016247585,196.976428815864,197.6641082763672,653042
2014-12-31,197.7070817981754,199.25435723552687,196.11682393715407,196.7185516357422,840389
2015-01-01,196.84749002802124,197.2343056165878,195.5580959885364,195.7729949951172,208341
2015-01-02,195.98789128025103,199.1683939102044,195.98789128025103,198.5236968994141,582581
2015-01-05,198.5236895234824,200.5437453287968,197.3202603946104,198.26580810546875,967248
2015-01-06,197.70710913286803,197.70710913286803,189.75584496122008,190.9592742919922,1479156
2015-01-07,190.830325043395,191.64693867593235,187.47790566081227,189.1970977783203,1172388
2015-01-08,190.7873339058183,195.55809443734896,190.14263689118968,194.612533569336,1084102
2015-01-09,194.87041723272804,196.33172785936185,190.8733009427599,192.37759399414065,1225314
2015-01-12,192.4635657062754,196.50367795677627,191.7329168753094,195.9879150390625,1035171
2015-01-13,195.98788819558624,200.07096919966096,194.44061277076327,197.7930450439453,2105508
2015-01-14,198.78157777971748,201.01653265752824,197.75006518857185,200.1569366455078,3179578
2015-01-15,202.1339885563878,209.31162020419808,201.0594935861404,206.6898498535156,3732809
2015-01-16,205.8732273571625,208.10818204475785,203.76721993023216,205.74429321289065,1204955
2015-01-19,205.7013300266232,212.75001476108525,205.01365058795488,212.14830017089844,2395181
2015-01-20,212.32020988983115,213.99641944989315,211.030815902646,212.4921264648437,1960237
2015-01-21,213.1797926487341,213.52362577741675,209.1826767831276,212.0193328857422,1033591
2015-01-22,212.40618622658147,214.856027064932,210.68699415066047,214.03941345214844,2518070
2015-01-23,214.98494863493903,217.8216047279168,210.85888552279903,217.0479736328125,2926698
2015-01-27,215.32881955945032,216.188415645516,210.7729576800232,215.0709381103516,2395358
2015-01-28,213.3947180022033,216.61820316839973,212.3202229468045,214.0823974609375,2733606
2015-01-29,213.26575999861643,220.95912799546585,212.62106303745543,220.0135803222656,2751278
2015-01-30,219.1969994013034,220.31446380709585,207.16265433613376,213.82452392578125,2568740
2015-02-02,214.8990152831541,215.58669475533924,209.35462331212776,214.2543182373047,845482
2015-02-03,214.68412677167427,216.96205119856924,208.4520550235476,210.6440277099609,2247358
2015-02-04,211.5036171436348,215.715632669886,208.88184648830088,213.82452392578125,2304210
2015-02-05,213.1797995702144,216.18838545124564,211.28869106827344,212.79298400878903,1218994
2015-02-06,211.5465881383236,215.1139064147273,211.46062328880288,213.39471435546875,864075
2015-02-09,212.4491625539732,216.0164940991984,209.7414401915016,211.46063232421875,807547
2015-02-10,210.6010437476074,217.04801447457496,210.6010437476074,214.55519104003903,1479339
2015-02-11,214.89899211092947,216.6181840478169,213.9104619937766,215.6296539306641,1570176
2015-02-12,216.2313905942773,225.21416675969613,216.1024433159901,223.2371063232422,2027412
2015-02-13,225.0422236928568,228.65253740820697,222.63536537114888,227.87890625,1674012
2015-02-16,227.74998309092285,230.37174054052568,226.41759347872,228.8244781494141,955073
2015-02-18,227.7929351299799,233.3803090105266,227.7929351299799,232.1768798828125,2423402
2015-02-19,234.66972132228327,234.66972132228327,225.300129636926,227.8359222412109,2789435
2015-02-20,228.0078706728633,228.65256776241893,224.48352133673384,226.1597442626953,830196
2015-02-23,226.9763057120745,227.7929323778648,222.8502555432508,225.34307861328125,1068181
2015-02-24,225.4290835735718,226.46060941573825,218.33741554885503,221.174072265625,1165496
2015-02-25,223.4090070254721,227.6210224027424,222.0766436477851,224.3975372314453,1385462
2015-02-26,225.21416619514707,226.93335830350696,219.66977426896537,223.2800750732422,3015768
2015-02-27,223.9247837436963,232.3918105636726,223.9247837436963,231.61817932128903,1907559
2015-03-02,233.8101121426065,246.70405215047083,232.43475329521,245.37168884277344,2832881
2015-03-03,245.457614109288,245.84444278160447,238.32297818601344,241.5464630126953,1657278
2015-03-04,242.4920440974968,243.91037229334967,234.66971501703773,236.08804321289065,3325192
2015-03-05,236.38889391281788,237.24848989068263,231.2742873514074,234.97056579589844,1196807
2015-03-09,236.0450825500421,236.38891572635885,224.827338264081,226.7184600830078,1477604
2015-03-10,227.62100319381307,228.6954981602355,222.20555905615893,223.06515502929688,1755355
2015-03-11,224.22563915718268,226.7614318132776,220.1855271521635,223.3660430908203,1390394
2015-03-12,224.35454591159208,230.97344530707943,224.35454591159208,226.976303100586,1700626
2015-03-13,230.37171578407288,231.0164127498865,218.33737242221832,220.0565643310547,1480291
2015-03-16,221.68980568119693,223.1940986983492,219.32591665424337,220.6153106689453,976672
2015-03-17,223.19411824133547,224.01074501526628,218.46633977346173,222.3775177001953,1014172
2015-03-18,223.45197817648443,223.45197817648443,215.7585839143136,217.2198944091797,1030832
2015-03-19,220.744252987194,220.744252987194,215.0709269825369,216.36032104492188,1354373
2015-03-20,218.50930048473688,222.2055659064597,208.8818279120685,219.368896484375,1780884
2015-03-23,220.09950574994693,222.6353239873173,216.79006961456503,220.1854705810547,1117431
2015-03-24,219.1110039860488,222.2055546748869,216.48924681278663,217.7786407470703,662042
2015-03-25,219.1110361676225,219.6267990636452,211.9334167490784,213.8675079345703,1470418
2015-03-26,212.2772196902563,216.57519949008488,210.9448433290308,214.9849548339844,1416055
2015-03-27,215.97349179099072,217.3918199233591,212.3631912679126,215.2858123779297,769766
2015-03-30,217.34886824720616,221.68981784170447,214.7700800763462,221.0021514892578,789976
2015-03-31,221.43193795296776,222.3774988127904,218.33738706299752,219.45486450195312,1383023
2015-04-01,219.1540226980437,224.69841491031093,217.82164612203644,223.7098846435547,1346375
2015-04-06,226.6754845600597,227.3201815852785,222.8073024087466,224.78436279296875,2100720
2015-04-07,224.78434647153568,226.54650771940223,218.5522756802598,223.58091735839844,1385846
2015-04-08,223.75282339543327,228.95339482095187,220.57233400491904,221.4748992919922,1722699
2015-04-09,223.49491983282823,223.49491983282823,217.9505292525614,220.1854705810547,1162924
2015-04-10,220.228545209788,222.89327230170244,219.4978832321242,222.0336761474609,771330
2015-04-13,223.32302596555704,223.666885345103,218.7671777472365,221.4319305419922,1109353
2015-04-15,223.8388288892676,225.214187955401,221.4319701981283,223.4520263671875,2877879
2015-04-16,224.2685742417627,224.2685742417627,214.89898379486385,217.0479736328125,3346874
2015-04-17,215.242824099422,215.7156045028136,211.2457081141151,212.19126892089844,1579668
2015-04-20,211.67550298486023,217.69267464331315,209.5694955276804,213.2227783203125,1651654
2015-04-21,212.3202272415161,213.1368408768584,205.6583577632904,206.3030548095703,1187332
2015-04-22,206.90475620874204,209.39759249824144,202.9935917546128,208.06521606445312,2817535
2015-04-23,209.61251156746,212.234269146022,202.95064187712995,204.2400360107422,1605610
2015-04-24,204.583847092748,204.583847092748,199.16838969348464,200.58673095703125,1431828
2015-04-27,201.53227921050748,201.53227921050748,196.58960221948905,197.8360137939453,1045609
2015-04-28,197.62114052269348,199.38331517218825,192.59251114698884,198.1798858642578,3076993
2015-04-29,197.7071009204001,207.5924559664201,196.15982533339616,204.8417510986328,4216759
2015-04-30,202.47786189981548,206.99074137849016,198.9964951072731,199.77012634277344,2718627
2015-05-04,201.40335979712617,208.8818429075752,199.42628623274663,207.4205322265625,1225037
2015-05-05,207.162647211115,207.162647211115,202.6927503924944,205.6153717041016,1425990
2015-05-06,205.6153602590445,205.7872768355001,193.0222841250585,194.9563751220703,1784868
2015-05-07,193.4091277762062,199.8131162726281,191.0882208661709,198.91053771972656,1204512
2015-05-08,200.07096336483784,206.2600517672383,199.1254025449128,200.4577789306641,1726625
2015-05-11,201.10247702271224,205.78727249334523,198.17985593545325,205.01364135742188,966021
2015-05-12,205.7872790251084,205.7872790251084,195.60107420229977,196.7185516357422,1408233
2015-05-13,198.35177039918136,203.0795482418488,195.98788147784768,202.1339874267578,1485322
2015-05-14,201.6182519107964,204.19704000656503,198.6956175324217,202.0480499267578,1388619
2015-05-15,201.9620913975186,203.68128351516745,199.72714951441208,201.7471923828125,688530
2015-05-18,202.39187563732065,208.7958632159593,200.8016309066809,206.90475463867188,1454344
2015-05-19,207.76437301388708,208.83886812992537,203.8102388567034,205.44346618652344,1281230
2015-05-20,205.7013128663413,207.85030273515727,204.1540375375152,205.27151489257807,1327514
2015-05-21,205.2715238328377,207.67839521401743,202.3488896141216,207.3345489501953,1900169
2015-05-22,207.3345442469076,210.3001477044835,206.388996554732,207.6783905029297,1215616
2015-05-25,207.5924390960517,207.7643556769932,198.7385974554257,199.6841583251953,1474372
2015-05-26,200.5007666902254,201.0594988428045,194.3546605462788,194.9563751220703,2058074
2015-05-27,194.0108330608865,198.0939144498976,193.4091184268377,195.64407348632807,1051814
2015-05-28,196.11683276933368,199.51224764624425,194.09678992982427,197.6641082763672,1925339
2015-05-29,198.0939161040198,206.13114478342777,197.49220146494648,204.2400360107422,3367891
2015-06-01,204.24002637352544,207.2056301176204,204.1970439478208,206.2170867919922,896412
2015-06-02,205.4864233435134,206.38900175326464,196.8904634723469,198.8245544433593,1281246
2015-06-03,197.8790037903455,198.43774908055084,192.76441002717323,194.09678649902344,1280160
2015-06-04,194.09679881063408,197.53518315407703,190.05669983036768,196.8475036621093,1682455
2015-06-05,196.3317273999237,196.7615254135981,189.28304259894185,190.6584014892578,2306031
2015-06-08,190.1426521460245,193.70998378300737,189.28305605755568,191.73291015625,1452746
2015-06-09,191.3460802601842,194.9133985145544,190.3145545378847,194.0538024902344,1635006
2015-06-10,193.92485625632645,195.901916496024,191.26010350032627,194.13975524902344,1326034
2015-06-11,195.3002158407778,200.19991059973967,189.28304361697323,190.74435424804688,2285209
2015-06-12,189.11113937718287,190.4005335093001,184.64124234245588,187.7787628173828,2071964
2015-06-15,187.82174125253545,188.9392187665618,184.89911986175423,185.37188720703125,1311042
2015-06-16,185.37185694562515,189.97070041489587,184.2114103106641,188.7242889404297,1211923
2015-06-17,188.3375005402472,192.54951595520947,186.10254555492344,190.8733062744141,1548357
2015-06-18,190.5724586582723,192.97933043621248,189.5409459295539,190.9592742919922,1018469
2015-06-19,191.30310298893767,195.9878988243999,190.486489367115,194.7844696044922,1392473
2015-06-22,195.8589603357564,198.4377484211968,193.6669878398532,196.3747100830078,1162719
2015-06-23,196.3746995673581,198.86753578629856,195.1282880160848,198.26580810546875,1256867
2015-06-24,197.62110364795888,199.9420232059504,194.0967681229818,195.12828063964844,1613338
2015-06-25,195.12830277692447,196.50366169944303,192.8933478069304,194.7844696044922,2082661
2015-06-26,194.6984826646712,197.5351519227994,193.452071160516,195.12828063964844,1388968
2015-06-29,192.5495026453152,196.2027856196125,189.3260176679941,195.51510620117188,980547
2015-06-30,195.12828593285627,198.43773567651283,193.4090939863113,197.62110900878903,1597249
2015-07-01,197.7070963398255,206.1311404593232,196.8475002687828,204.7127990722656,2913864
2015-07-02,204.79875911408053,207.9362794531108,202.6927514127865,206.1741180419922,2573710
2015-07-03,205.48643531240828,208.881837036011,205.4434528872701,208.32310485839844,1396131
2015-07-06,203.81021229295763,212.0623258387496,203.72424744832068,211.24571228027344,1515391
2015-07-07,211.0307996294436,212.9219080415409,209.39757261817616,211.28868103027344,2317825
2015-07-08,210.30014820874155,210.30014820874155,203.8102091470332,207.16262817382807,1262638
2015-07-09,205.87324464058256,210.30015885080567,205.87324464058256,208.1511688232422,634397
2015-07-10,208.1511646223316,210.17122045403016,205.09960933789336,207.979248046875,1117210
2015-07-13,207.16266465916783,213.5236706926005,206.8188314581591,213.0509033203125,882744
2015-07-14,213.5236224692321,218.208430752407,211.84741303918625,216.9190368652344,1491806
2015-07-15,217.1769240620189,221.17404021377868,215.0709164861843,219.368896484375,1257139
2015-07-16,219.19697518361696,220.01358874239483,215.62965710855875,218.5952606201172,821358
2015-07-17,220.5723560657163,220.5723560657163,214.94199920289915,215.414779663086,6722087
2015-07-20,214.8990188116248,216.9620441456583,210.9448716189328,216.0594787597656,2520171
2015-07-21,215.7585835255756,217.64969199295933,207.29155816855248,208.10818481445312,1874950
2015-07-22,207.4205164078353,212.6210748056544,205.48642541730385,211.9333953857422,928326
2015-07-23,212.7500361260965,212.8360009832107,208.79588879396223,210.1282653808593,609596
2015-07-24,208.5379816191017,211.20272118024224,205.44343096882983,206.4319610595703,1229746
2015-07-27,203.81021646327017,207.7213677627996,199.55520577815693,201.18844604492188,2260013
2015-07-28,197.49218222361657,204.32596784267832,196.07385406138656,197.8789978027344,3148609
2015-07-29,197.964964687336,201.91909848269552,194.9133962137428,200.75865173339844,1599267
2015-07-30,200.71567256257111,202.69274605049205,197.4492050324924,198.6096649169922,2314400
2015-07-31,198.99647888503512,201.4893020996722,198.4807160258164,199.6841583251953,1135189
2015-08-03,198.78159428223407,199.9420542413588,196.4177050529319,197.3632659912109,1027084
2015-08-04,198.1368856206264,198.91051680382373,194.2687034718506,196.93345642089844,985064
2015-08-05,197.70708333405312,199.85607337029285,196.76152247155,197.40621948242188,741013
2015-08-06,197.8790025553692,200.41480820870632,195.9449114969332,198.0079498291016,1552864
2015-08-07,198.82455016846345,199.12540088764945,195.94489842698007,196.4176788330078,1059600
2015-08-10,196.76151404549395,198.05090801202115,193.40909497908063,194.82742309570312,833181
2015-08-11,194.3116728272516,194.6984883928328,190.14262710075928,191.3460693359375,1663784
2015-08-12,190.87328787371283,193.23717679259912,188.46641653302268,191.90480041503903,1937108
2015-08-13,192.37760096277103,194.0967930837674,176.21719240212633,190.91629028320312,1686056
2015-08-14,191.389032473398,195.3001966579872,190.0136868271687,194.5265655517578,754609
2015-08-17,194.1397499986431,195.7299946317576,190.35751995962767,194.5265655517578,1935464
2015-08-18,194.35465269328705,196.5895943296937,193.49505672934748,195.21424865722656,930090
2015-08-19,194.74148123693004,199.68415835910392,193.66698621037048,198.56668090820312,2290638
2015-08-20,196.0738466602129,198.1368717485646,190.8303059790948,192.5065155029297,1763388
2015-08-21,190.14262305373137,204.4978729114928,189.88474164336813,195.1712646484375,3353922
2015-08-24,192.0767344836373,192.0767344836373,180.08537222599665,182.36329650878903,3420210
2015-08-25,183.0939619444636,185.67275014086448,173.72437007743167,178.4521484375,5337022
2015-08-26,177.93638077993046,178.36617880113803,169.6842535261874,170.37193298339844,13203158
2015-08-27,175.3576027809235,181.3747754253669,172.17709986356817,180.42921447753903,9588672
2015-08-28,182.234330275406,183.00796133662192,176.08822485465564,177.1627197265625,2305680
2015-08-31,177.07677903159563,181.8045571125363,173.98222813205857,178.10829162597656,2519792
2015-09-01,177.9363855516618,180.21430987859125,174.97078174907978,178.4521484375,2862960
2015-09-02,179.6985656691225,184.38336174758865,178.9249213164282,180.42921447753903,3979719
2015-09-03,182.4492696945776,190.4005335093001,182.4492696945776,187.7787628173828,3757279
2015-09-04,186.40339392059687,187.47788889796627,180.1713230518545,181.80455017089844,4209879
2015-09-07,182.2343475720677,183.56672396297245,177.50656968694332,177.85040283203125,2205149
2015-09-08,178.40917221518717,180.1713468339537,176.2601819767879,179.26876831054688,2767023
2015-09-09,181.37476629921383,186.1025445676768,180.1283546517162,182.36329650878903,2977388
2015-09-10,180.4721695992697,183.1799047494155,177.29166716313696,181.63262939453125,3337613
2015-09-11,183.86759373212035,183.86759373212035,177.37765391065474,177.93638610839844,3237366
2015-09-14,178.71000870846257,182.234357664571,176.90486492218793,181.58966064453125,3455014
2015-09-15,181.4177214932204,181.8905018723789,174.58393655423387,175.70140075683594,5716055
2015-09-16,178.53808851342012,181.718591124642,177.07677792084732,180.9019775390625,3528310
2015-09-18,182.2343688892096,182.6211845017803,178.9249187359371,180.3002777099609,3986002
2015-09-21,179.39770179034215,181.07391154658657,174.97078716277406,180.42921447753903,2320677
2015-09-22,180.73004772987247,182.01944164946727,176.30313385248766,178.66702270507812,2351761
2015-09-23,175.4005735045226,179.95643511172992,175.4005735045226,179.39768981933594,2097301
2015-09-24,177.3346714839679,179.56961339133778,175.830378364694,177.93638610839844,4214954
2015-09-28,177.89340454290348,177.89340454290348,173.7243714619989,174.54098510742188,816802
2015-09-29,172.3490109373196,178.4951175521174,168.69572766308715,174.4980010986328,2655447
2015-09-30,175.3575708838583,177.50656072312128,175.05670705980427,176.90484619140625,1873748
2015-10-01,178.10830921244664,181.37477701418013,177.76447601916755,180.47219848632807,3720910
2015-10-05,181.37477701418013,182.75013602008764,179.82750141163316,180.47219848632807,2664054
2015-10-06,182.2344013249109,182.9650633692349,178.45218314774536,180.34329223632807,2279449
2015-10-07,180.6011268241276,180.64409613148285,178.49510610795153,179.7845001220703,1205766
2015-10-08,179.65558324124024,181.6756393041473,178.9249213164282,180.42921447753903,2837012
2015-10-09,181.5036921408953,182.06243741685,177.29167694133167,179.7845001220703,4634135
2015-10-12,179.99941800827273,180.94497896438355,179.09685259681623,180.47219848632807,1486928
2015-10-13,180.5151809145869,181.15987798928185,180.08538286479026,180.47219848632807,2682919
2015-10-14,180.60114577110448,181.15987798928185,179.65558481499363,180.47219848632807,2170530
2015-10-15,180.9449562731784,181.5466708441572,179.74152713122078,180.2142944335937,2993217
2015-10-16,181.3317838734943,184.5982514822568,179.95643806523287,182.36329650878903,3865670
2015-10-19,184.38331984462693,184.38331984462693,180.1283227791833,180.55812072753903,3187045
2015-10-20,180.859014107866,180.859014107866,179.5696199584761,180.47219848632807,2407020
2015-10-21,178.92490568974188,180.5581459918579,178.92490568974188,179.82748413085938,1299281
2015-10-23,180.9449711244117,181.8045671867605,178.79598096853988,179.6125946044922,1604359
2015-10-26,180.38621618965072,180.38621618965072,177.33464792973643,179.3546905517578,874211
2015-10-27,179.31172219913194,180.51515129453816,175.44354038567755,176.56100463867188,4472757
2015-10-28,175.35757771566242,180.08535554623174,174.58394658994487,179.44065856933594,3866274
2015-10-29,175.35756267743537,180.51513805030112,174.24008539003597,178.3231658935547,4392554
2015-10-30,178.3231695385553,180.8589748587688,177.2056922283142,177.89337158203125,2865884
2015-11-02,178.49512639682786,180.7300815218971,176.21720195951917,180.5151824951172,965211
2015-11-03,181.54668780935825,198.566692660697,179.52664490970338,180.25729370117188,4046742
2015-11-04,181.37475694877068,181.7615725275153,178.79596893528105,179.69854736328125,2195061
2015-11-05,179.6555887048451,180.25730336430945,177.76447986807327,178.9249267578125,1127252
2015-11-06,178.8819525617458,180.5151798951917,176.94786134858305,180.38624572753903,1717509
2015-11-09,174.755867781732,178.4521331702904,174.755867781732,176.21717834472656,3763169
2015-11-10,175.3575883696841,175.70142153169434,168.22293876861903,169.08253479003906,5616108
2015-11-13,167.8361361046009,169.21149509132482,164.61265077608746,165.60118103027344,3043549
2015-11-16,165.30030406591214,168.48080646259055,162.24873581537736,166.8905487060547,3882134
2015-11-17,167.7071966985077,171.66133070811185,167.44931525700426,171.0596160888672,3433667
2015-11-18,170.80168286050116,174.28304847426404,168.5667416500246,169.72718811035156,3293580
2015-11-19,170.3289479489084,171.0596098203269,167.8791071353887,170.2429962158203,1583080
2015-11-20,170.20002652059935,175.14270405844505,170.15704409264336,173.59542846679688,1408094
2015-11-23,175.27162445980366,175.27162445980366,171.61834134920025,172.5209197998047,825259
2015-11-24,172.00513934690665,176.2601362928273,171.96215692999996,174.1541290283203,2351546
2015-11-26,173.38051260115566,175.7873840525377,172.86476286497006,174.66990661621094,2387706
2015-11-27,174.9277600670724,176.2171538759206,173.03665177070678,174.1541290283203,772024
2015-11-30,174.1541639302974,174.49799710167386,170.28598172853617,170.97364807128906,3352994
2015-12-01,172.00515800580314,174.927779043011,171.91919316266438,172.60687255859375,1088925
2015-12-02,174.79884378698918,175.1426769245782,171.1885302603371,172.04812622070312,2388672
2015-12-03,171.23151738908263,172.30601236907987,169.51232542108704,169.94212341308594,1969587
2015-12-04,169.34042479122527,169.81320525021582,167.19143462890008,167.66421508789062,2711059
2015-12-07,168.91062983827865,170.6298219994825,167.75016988290793,168.39486694335938,1962362
2015-12-08,167.62123741296847,167.70720226845634,166.11694425669822,167.32037353515625,1650962
2015-12-09,166.8475916186379,167.62122278493374,161.81894968853217,162.80747985839844,2732209
2015-12-10,163.7960041253734,164.9564507400711,161.68999675820254,163.2372589111328,1553164
2015-12-11,163.3232649545821,167.14846511576548,161.26023948592473,162.4636688232422,2526945
2015-12-14,163.7100566613607,167.19142310770488,162.50662749994518,166.11692810058594,1484031
2015-12-15,166.7616282859665,166.84759313473353,163.4521783543522,166.20289611816406,955636
2015-12-16,166.76160566893634,167.40630259806883,165.0853962764704,167.06246948242188,1968396
2015-12-17,167.23439613895152,170.93066137912763,166.93353230729787,170.3289337158203,1386966
2015-12-18,170.20003148129112,174.06821401495682,167.62124312551398,171.4894256591797,2885447
2015-12-21,171.91919316266438,173.98221823405896,170.32893537935234,172.60687255859375,928789
2015-12-22,171.91920471191406,173.6383967590332,171.31749011870124,171.91920471191406,1053432
2015-12-23,172.73583609923335,173.3805331832935,172.30603804319324,173.16563415527344,810750
2015-12-24,173.50946301990493,175.52950581029796,172.52091972059415,174.75587463378906,494077
2015-12-28,174.4979937364439,175.78738777883143,173.29456454344,174.2401123046875,1402316
2015-12-29,174.32608276996527,177.33466896579074,173.55243844977323,176.68997192382812,1357720
2015-12-30,176.9908078976368,177.07677274261306,175.61546219277318,176.1741943359375,685334
2015-12-31,176.21719482516266,176.9908260436907,173.98223979057818,174.54098510742188,1177258
2016-01-01,174.92779839818695,177.42062172831075,174.4980003677246,176.7759246826172,553703
2016-01-04,175.40055892560787,176.73293529193293,172.13409164195747,173.76731872558594,1079102
2016-01-05,174.49797850964114,175.95928900688656,173.46646598902046,175.35757446289062,1097743
2016-01-06,176.17421239826774,176.17421239826774,172.34901249973228,174.54098510742188,1593489
2016-01-07,173.63840331294864,174.068201340951,168.26592796291928,169.85618591308594,2114333
2016-01-08,171.05961720634392,171.61834940292218,166.84760172772062,170.50088500976562,1860881
2016-01-11,168.48081859569652,170.88769005605673,167.23440699977252,170.1570281982422,1818961
2016-01-12,170.54384117372803,171.23152059708866,166.93354059657744,167.7931365966797,1601848
2016-01-13,169.29743218499885,170.93067247999775,166.80460899315082,170.1570281982422,1692489
2016-01-14,166.84759141709185,171.48940464204824,165.4722325493448,170.1570281982422,1391517
2016-01-15,168.9535964498826,171.01662160364984,165.5581948726268,166.6756591796875,1561732
2016-01-18,167.1054551001547,167.44930136576616,162.5066244264987,164.268798828125,2315714
2016-01-19,163.32322858901298,165.5581832794199,162.46363264907083,164.4836883544922,2220899
2016-01-20,162.463651556017,168.48082383586947,159.19718398081815,160.70147705078125,1976025
2016-01-21,162.46363475623193,167.10544764556693,161.00232426265558,165.12838745117188,1546722
2016-01-22,166.5897027192905,169.03954338027802,164.74156350163994,165.9020233154297,1064284
2016-01-25,166.93353538985568,171.3604625221411,166.3748032537739,169.29742431640625,1102255
2016-01-27,169.29744474582415,169.68426035720415,164.0968858565737,164.95648193359375,1409030
2016-01-28,164.95646667178102,167.62121951055775,164.18283552059756,166.07394409179688,2728142
2016-01-29,166.71864631897893,168.91061880460768,165.90203271902942,167.92208862304688,1857531
2016-02-01,168.91060207695054,172.6068672393177,167.9220719932865,171.87620544433594,1699676
2016-02-02,172.60685150647632,173.59538150003746,168.13695565269978,168.99655151367188,1122874
2016-02-03,168.30891450380918,169.8132076385943,164.26881556509386,164.95648193359375,954604
2016-02-04,165.68715388908447,169.34043743787103,165.68715388908447,168.1799774169922,802383
2016-02-05,166.84756588521878,171.4034135651339,166.84756588521878,168.05099487304688,1742979
2016-02-08,168.0510018171233,172.77877936185055,167.96503697884387,169.46932983398438,924357
2016-02-09,168.91060927848662,170.45788465851484,167.62121531452868,169.89913940429688,962190
2016-02-10,169.34042263723978,169.34042263723978,164.18284631326293,168.13699340820312,2357622
2016-02-11,162.03385016445716,168.26592132462858,161.69001700217785,166.20289611816406,3151319
2016-02-12,167.62123741296847,168.78169738007793,163.66709015564282,167.32037353515625,1650757
2016-02-15,168.48082016453597,171.3604720822733,167.8791055729415,170.20001220703125,1061877
2016-02-16,170.97365807565455,171.23153952747396,165.3862834572816,166.7616424560547,704409
2016-02-17,166.76162772624627,167.2773905843285,162.03384962060525,166.24586486816406,986654
2016-02-18,167.62122476793127,168.82465395560482,165.64415128841526,167.92208862304688,1106473
2016-02-19,167.36334805813811,168.17996168112185,166.76163344732876,167.5782470703125,1086947
2016-02-22,169.3081077458907,170.38925785921057,168.6594176778988,169.5243377685547,1609745
2016-02-23,169.3513227690682,169.82703136401437,166.6700657412847,167.44850158691406,1271281
2016-02-24,166.9295621110065,168.0539607647521,164.98349208639632,165.54568481445312,905452
2016-02-25,165.06999423178684,166.62683973925556,162.51846956621137,163.29690551757812,2832446
2016-02-26,165.1132372749807,166.3673819436337,161.22109693190498,163.4698944091797,1864015
2016-02-29,164.33479512994975,166.06463507868608,160.01019525810898,162.56170654296875,2396243
2016-03-01,163.6861029372048,165.5889242155747,162.77793433686446,164.68075561523438,1759654
2016-03-02,166.92955547593618,170.3892353821732,165.7619082285286,169.22158813476562,1346291
2016-03-03,171.16764927418117,173.58942772345495,169.35132533544893,172.68125915527344,2223554
2016-03-04,174.54083990981306,175.75172250082235,172.59477011864288,175.05978393554688,1767133
2016-03-08,174.71384484115197,176.8328962603425,172.76777478722823,174.41111755371094,3088272
2016-03-09,174.5408353221114,177.61130355144505,174.28135671724954,176.7463836669922,4723889
2016-03-10,176.78965015552947,176.9626447209099,173.63269730182202,174.28138732910156,5056909
2016-03-11,172.98400564126638,175.27603843696028,172.68127835234128,173.58944702148438,3751968
2016-03-14,174.62733031386023,178.17350734096084,174.62733031386023,176.18418884277344,2540418
2016-03-15,176.48693283469743,178.51948696443304,175.18955280385816,177.22210693359375,2283229
2016-03-16,177.30859524936614,179.6438765472705,175.7084880131851,178.34649658203125,2060089
2016-03-17,179.47088932128148,190.1958914040792,179.47088932128148,188.68228149414065,4253989
2016-03-18,189.417472423029,193.00688500039465,187.38490522528187,192.05548095703125,2980833
2016-03-21,192.2716924772513,202.34800382712191,191.57975393187647,200.6181640625,5598530
2016-03-22,200.0127473287992,200.57494004223827,194.08804012887185,198.80186462402344,4129162
2016-03-23,198.7586279700389,201.439872177328,195.68815918637264,197.41799926757807,2525210
2016-03-28,197.20174265072072,203.81837478955447,194.73671558853445,198.672103881836,4176299
2016-03-29,199.7964887205892,201.9587883820674,195.73136799653605,199.70999145507807,2206647
2016-03-30,200.4451985752748,202.91022571382905,199.01808593566835,200.14247131347656,2195098
2016-03-31,200.40197392971905,202.3912926940158,198.6721338212232,201.1371612548828,3951966
2016-04-01,200.5749298184178,204.46706956804528,198.1963999714232,203.5589141845703,1438907
2016-04-04,204.4238279185944,204.89952331543705,199.4072897541716,199.969482421875,1587549
2016-04-05,198.93157772905224,199.8829949015912,194.8232081889957,195.5583953857422,2201058
2016-04-06,196.20710299745565,199.79651564007537,195.25568573916456,198.10992431640625,1630990
2016-04-07,198.10991158744324,199.19106149438448,194.69348052103496,195.86111450195312,1036460
2016-04-08,195.21244288845543,200.0992488452849,192.9204101495678,195.2556915283203,2292188
2016-04-11,196.29359141784303,196.8990327784936,191.5797800559917,194.21778869628903,1953589
2016-04-12,194.2178023357829,195.77466108509907,191.57979351022388,193.5258636474609,1992521
2016-04-13,196.3368336990117,201.09389354634453,195.5151623649077,199.8830108642578,4045604
2016-04-18,202.95347385492087,202.95347385492087,197.1152638223007,197.72071838378903,2161949
2016-04-20,197.8071921307388,200.185722019756,195.08269953691703,195.68814086914065,2229815
2016-04-21,197.28824268773937,197.547708110444,190.3688831994908,191.27703857421875,1539176
2016-04-22,190.0661536390866,192.2284534529556,187.2551638810569,191.0608062744141,2644190
2016-04-25,192.87714335254475,194.0880259689793,191.45003075477328,193.17987060546875,1167120
2016-04-26,194.5205132614467,195.9043906154877,192.22848041630084,194.1313018798828,1853159
2016-04-27,195.1259642444921,196.9422883907506,193.7853355571092,194.86648559570312,1052496
2016-04-28,195.2989354612952,197.8071981414238,189.5039741951269,190.1526641845703,2041651
2016-04-29,192.87710205354304,194.0879844107025,189.89313158954965,191.1472625732422,2815037
2016-05-02,191.1905769522486,194.04481571587365,189.37423959422384,193.5691070556641,1083922
2016-05-03,194.0448079618353,195.4286720481257,188.37957930237485,189.071517944336,2144066
2016-05-04,188.46605196618864,188.9417605785688,185.1361180747894,185.8712921142578,1684800
2016-05-05,185.7415758550188,188.03360864821644,184.0117358004901,186.6929931640625,1192764
2016-05-06,187.6443910058799,191.19056827823127,186.39025964777625,190.23915100097656,2109197
2016-05-09,191.36354144091035,192.44469139255392,189.93642878379336,190.5418701171875,2535941
2016-05-10,189.6337042428435,192.66092415093905,188.1200942887957,190.6283569335937,2697582
2016-05-11,188.76878384235744,191.88250101984065,187.6876338776246,190.7581024169922,1385627
2016-05-12,190.5418213946625,192.531139436534,189.5471557749128,191.1472625732422,702627
2016-05-13,190.28238417227053,191.75274541043925,187.60112711624527,187.9038543701172,1070227
2016-05-16,188.33631433414507,189.4174642442148,186.13076587807672,187.9038543701172,965999
2016-05-17,188.55255249509,189.2877397448802,185.9577925983685,187.60113525390625,2549385
2016-05-18,186.99569161391435,187.9038602061053,185.3955976158933,187.3849029541016,816161
2016-05-19,187.6876175476722,187.6876175476722,183.4927507704348,184.7901306152344,1695453
2016-05-20,184.9631654892468,185.87132102055205,179.51416631324966,180.63856506347656,1384674
2016-05-23,181.89266998056533,184.6171625718137,180.63853867979435,183.88198852539065,1347184
2016-05-24,184.74693639268423,187.51467803950416,183.36305897045773,186.34703063964844,2405753
2016-05-25,187.90385250815663,193.09337202506777,186.9956839531711,192.35818481445312,2306509
2016-05-26,192.87717001239048,198.49915030423145,192.87717001239048,194.26104736328125,8149868
2016-05-27,195.4719022239329,200.6614217520019,195.4719022239329,199.14781188964844,5155370
2016-05-30,200.66145384068025,201.18041115552825,197.2882708870668,198.1964263916016,1338209
2016-05-31,197.63422677420508,201.39663418221988,196.55307673714705,197.5477294921875,4144610
2016-06-01,198.0666910306024,201.35338985316943,197.67747964845304,200.0992584228516,5666522
2016-06-02,200.09925514104307,200.09925514104307,198.06668778212983,198.7153778076172,1578557
2016-06-03,199.06132649261,202.17504367423908,197.2882511061924,197.76394653320312,2388282
2016-06-06,197.8071974759312,200.44520606365228,197.2450047660243,197.9801788330078,1874667
2016-06-07,198.93158838359625,203.25618813106573,197.76394117272707,202.6074981689453,2061597
2016-06-08,203.5589420386744,206.7158949885255,201.69935598526064,206.02395629882807,2491761
2016-06-09,206.75912162176303,207.49429567823088,200.27222184193968,200.574935913086,1986233
2016-06-10,199.79652726047803,204.03463013543524,199.710029978282,203.51568603515625,4770107
2016-06-13,200.6614153547065,206.5428732718705,200.22895540782145,205.2887420654297,7155871
2016-06-14,205.24551491799173,205.9374535449718,201.915567699318,202.3047790527344,2441739
2016-06-15,202.91020879138725,207.1050622838699,202.3047543182848,206.3698883056641,2439469
2016-06-16,206.1969440563012,207.018628699427,202.3048036535785,202.82376098632807,1589162
2016-06-17,203.342711959324,205.1590361718739,202.391294611584,204.03463745117188,978870
2016-06-20,203.03996847483737,209.91607978366017,202.73724119805863,209.3106384277344,3103000
2016-06-21,209.61333933276285,210.045799275106,205.93742982284635,207.7537536621093,2247740
2016-06-22,207.9700213837194,210.8675088024184,207.1483499836448,210.0458374023437,5593979
2016-06-23,210.00258465384053,217.00842893590348,209.9593360130756,216.1435089111328,10068647
2016-06-24,211.47295245937107,215.5813227014243,205.6779907574752,214.586669921875,2400680
2016-06-27,214.4136644849962,220.9438131782481,214.370429042746,220.03564453125,3601057
2016-06-28,218.82475404515407,220.8573212688949,217.05166545387857,217.8733367919922,2876613
2016-06-29,218.6517639116811,223.58180494007928,217.7435953333268,221.3330078125,3730629
2016-06-30,220.6411009583064,222.6304064333732,218.3058063612592,220.38162231445312,2354039
2016-07-01,221.160039378094,222.630400725388,218.08957076609,218.7815093994141,1201416
2016-07-04,218.82476556676804,221.1600469866498,218.2193241908924,218.9544982910156,1619285
2016-07-05,218.4787894842713,221.37626346231747,217.7436022314482,219.3004608154297,2790794
2016-07-07,220.55460633098085,224.01428643029035,218.82476628132608,222.2412109375,2048744
2016-07-08,222.37093511097189,225.7441177990312,222.1547051130801,223.23585510253903,1621615
2016-07-11,226.34955750114247,226.39279293977893,224.48995852506485,225.44137573242188,1927776
2016-07-12,224.965708282156,228.2091584407936,224.187285523136,225.5711364746093,1576218
2016-07-13,225.57111573840896,227.4307147746248,223.8412758128222,225.3981475830078,1366007
2016-07-14,224.9224217301094,227.9064061063044,223.71153908298032,227.1712188720703,790661
2016-07-15,228.29566795422303,229.20382348918687,224.70622847016045,225.61441040039065,1179457
2016-07-18,226.1766141796436,227.25776434302625,223.92781656075425,224.83599853515625,1575126
2016-07-19,225.0954282561627,228.33887823103527,223.711550987831,227.2144927978516,1137771
2016-07-20,227.64693853289305,231.063356455236,224.57645691188145,226.6090240478516,2450710
2016-07-21,227.47394568880952,231.53907999116305,227.3009511415877,229.98220825195312,2164365
2016-07-22,230.9336290140029,230.9768644538407,226.8684946492845,229.2470245361328,628541
2016-07-25,229.59301213151863,233.0094301094488,228.5983330691441,232.66346740722656,983068
2016-07-26,234.5663168428493,236.9880823083325,231.9715568175756,233.3554077148437,2261427
2016-07-27,240.4477373948738,240.4477373948738,230.41466105905704,231.7985382080078,5029755
2016-07-28,232.6634830835623,236.85835041821096,230.24171760957137,234.8690185546875,2946512
2016-07-29,235.6042261842604,237.7665263995992,232.79323590432,234.6095733642578,1313996
2016-08-01,234.95553383592352,236.07994577413035,232.9662282152541,234.39334106445312,1126254
2016-08-02,234.7413054831136,235.43736682901803,228.7814378614579,229.56448364257807,1581110
2016-08-03,230.73908721121293,232.2616866985176,226.08427775390444,228.38992309570312,2730261
2016-08-04,231.34809973724148,231.34809973724148,227.8678725082434,230.0430145263672,1128677
2016-08-05,230.65210166012105,240.7012487640888,230.65210166012105,240.0487060546875,2703051
2016-08-08,239.6137326105917,241.6583722133533,236.56853260070247,240.57080078125,2391360
2016-08-09,241.0057417046341,241.0057417046341,232.91422381334,235.35037231445312,2564563
2016-08-10,235.95945051753165,235.95945051753165,225.3447453290942,226.60633850097656,3625493
2016-08-11,228.8249581955029,229.6950150707709,222.9520742874434,225.9537811279297,3841083
2016-08-12,226.60630077536663,231.0000769285264,226.60630077536663,230.1300201416016,1527202
2016-08-16,230.782534721173,235.3068400848665,228.998929145268,234.6107788085937,7699939
2016-08-17,233.175245905497,236.6119812327516,230.47806424319924,234.6978454589844,1319046
2016-08-18,236.8729959030629,239.13514920005463,234.6108426060712,236.74249267578125,1825211
2016-08-19,237.30801583701617,241.52779704773187,236.65547317201973,240.52723693847656,2054831
2016-08-22,239.57016347650725,241.31027720932804,234.915353930806,236.04641723632807,1097012
2016-08-23,234.74133676742423,238.35209407895545,230.91309178684327,235.7854156494141,1487494
2016-08-24,235.61139116200465,235.7419209348957,230.56507190711324,232.39219665527344,1248576
2016-08-25,232.8272319880666,235.35039169023625,228.4334287073639,230.5650787353516,5272138
2016-08-26,230.56508316570543,233.95829983396456,228.12893441721943,231.56564331054688,1427315
2016-08-29,230.56506868302912,231.3481145492828,228.3464343033056,229.86903381347656,804577
2016-08-30,231.2611313746388,242.2238544771545,230.39107440701105,239.3091583251953,3635226
2016-08-31,239.3091198659573,245.09501901245827,239.2656276453781,241.83230590820312,8488820
2016-09-01,238.1345604413629,242.6153477198353,237.00347065276023,241.0057373046875,3369272
2016-09-02,239.3526450007927,242.5283471962756,237.8300455116681,240.44021606445312,1481785
2016-09-06,242.7458713533336,243.05039657403927,239.8746942484606,241.3537750244141,1601423
2016-09-07,241.44076771979783,242.6153497380293,237.6995340119776,238.39556884765625,3232463
2016-09-08,238.439079533496,241.87581486187744,238.09106208870483,240.0922088623047,2096981
2016-09-09,239.7006911926592,240.2227306762618,236.2204633713501,237.2210235595703,1727563
2016-09-12,234.13228422826137,234.78482681164448,225.3447054616305,226.08425903320312,1068330
2016-09-14,226.21476031478008,231.43510093742884,226.21476031478008,229.7384796142578,2426881
2016-09-15,228.9989801768776,230.39104993559548,224.12665636527893,226.7803192138672,1956420
2016-09-16,228.60741213722724,232.2616611252165,227.5633334115089,228.30288696289065,2048885
2016-09-19,229.25998659443147,233.69728196795523,228.60744393809057,232.39219665527344,1626067
2016-09-20,232.6097207557033,234.30631580304663,230.17354547065403,232.47921752929688,1718370
2016-09-21,232.3921785267516,234.3062875714845,228.8249403066232,230.0430145263672,1487530
2016-09-22,231.95715469841045,233.6972683472327,229.3469842251771,231.0435791015625,1727116
2016-09-23,231.435171591269,231.435171591269,224.6052185478117,225.3447723388672,2209059
2016-09-26,223.0825863785387,224.2136762925788,220.515921149645,221.7340087890625,2197248
2016-09-27,221.73400174251483,227.4328637002017,219.51535403766752,224.6051788330078,3217108
2016-09-28,223.4306150808404,227.95492186072048,223.4306150808404,226.9108428955078,1300572
2016-09-29,228.8249415189672,228.8249415189672,220.42889859493133,221.4294586181641,3691665
2016-09-30,222.56053697162835,222.56053697162835,217.12268185248192,219.03680419921875,2507938
2016-10-03,220.47240810672028,225.77976038573087,220.1243906650864,225.2577209472656,1887091
2016-10-04,227.0848321973979,227.0848321973979,221.2989595993256,222.86505126953125,1959624
2016-10-05,223.60460488402785,224.2571475052847,220.1678830672776,222.86505126953125,2378894
2016-10-06,224.5181875193848,225.17073023825768,217.73175386391927,219.81988525390625,2156677
2016-10-07,219.25433026984567,220.9944440021461,216.8616738879328,219.95037841796875,944786
2016-10-10,220.9944135020215,224.7356468893167,220.6028906214921,223.6045837402344,2052030
2016-10-13,221.8645010484791,222.4300327015303,217.77523642945505,219.7328643798828,1326731
2016-10-14,219.6893486653551,221.8209852348261,219.03680604555703,220.08087158203125,741714
2016-10-17,220.2983773741136,220.7769112655568,213.2509253150869,214.38198852539065,1089984
2016-10-18,214.20799637737417,219.51534853627177,212.3808849361248,218.4712829589844,2689051
2016-10-19,218.81929571284823,220.7334181096068,216.6441536083468,218.5147705078125,1045041
2016-10-20,219.60233230831312,222.12550500884296,218.47126908243465,220.1678771972656,2187759
2016-10-21,219.2978427025681,220.90743999023303,213.2509499468241,214.904052734375,1340192
2016-10-24,215.73059386046435,216.90517592140893,213.85997693853,215.25205993652344,764022
2016-10-25,215.99160229016385,217.07917329867425,214.25148867654724,216.07861328125,868665
2016-10-26,215.7741137045837,217.1227045704403,214.2950196126181,216.3396453857422,1378812
2016-10-27,216.8616937061055,216.8616937061055,211.0323148253772,211.7283630371093,9951930
2016-10-28,211.59784341559543,211.59784341559543,209.1616813483931,210.03173828125,8345630
2016-11-01,208.5526365723541,213.7729779798024,207.50857094606727,212.7289123535156,4536782
2016-11-02,211.20629497014264,212.728894418949,208.7266277002525,209.335678100586,2117728
2016-11-03,208.8136370261192,213.51193854880148,204.94188682812927,211.5108184814453,8480593
2016-11-04,211.38030351015885,213.9469684951612,207.11703036734232,209.55319213867188,3607951
2016-11-07,210.94528251149268,215.2955668003501,209.8142059411869,210.2927398681641,1864133
2016-11-08,210.9452679589448,213.4684406380236,210.37973635081343,212.85939025878903,1154383
2016-11-09,200.1130796579519,204.4633639983421,192.28256784524945,200.8091278076172,3758610
2016-11-10,204.0283408473263,205.3334261832367,200.15659033932835,200.93963623046875,2307162
2016-11-11,199.59104863995933,199.59104863995933,190.2379369138633,191.02099609375,3015979
2016-11-15,193.32663414164995,198.372966650236,180.62381178667323,181.4503631591797,6762551
2016-11-16,184.8870606298647,185.3220890078173,175.0989221259307,175.96897888183594,6974899
2016-11-17,174.66391190681702,175.44695775813568,167.5729539193867,168.83453369140625,5780478
2016-11-18,169.87859601412498,173.96786045887814,166.92040810328575,172.96730041503906,3710895
2016-11-21,174.8379340271297,174.8379340271297,167.92098422338992,168.44302368164062,2867373
2016-11-22,171.09667789175566,171.44470860478788,166.18086189480204,170.0526123046875,1928825
2016-11-23,172.31478881835938,173.40236005140127,168.5735411214921,172.31478881835938,2378798
2016-11-24,170.53113960597827,180.10176478794642,169.7480937651318,175.09893798828125,4846094
2016-11-25,174.4464092536513,177.4916084176801,172.70629544563482,176.62155151367188,3346339
2016-11-28,176.62153808745498,179.0576998886916,174.01136757384728,177.6656036376953,2608101
2016-11-29,178.70969385444204,180.3628100401741,177.44811392060413,178.40518188476562,3137705
2016-11-30,180.97182762867203,183.97352115288703,178.70967447290795,183.40798950195312,5187692
2016-12-01,184.3650394578061,185.0175820891236,179.27521489913866,180.01475524902344,1385541
2016-12-02,178.36167638166455,180.7978385191538,177.4916194237052,178.40518188476562,2361842
2016-12-05,178.70968271033703,183.886531908186,177.75262808187182,182.8424530029297,1735522
2016-12-06,183.4949541451246,184.45202183296453,182.10287137991685,183.23394775390625,1484899
2016-12-07,183.5820020085452,186.5401900954336,181.31984880609104,182.0594024658203,1400139
2016-12-08,182.9294462357729,188.5413100643787,182.9294462357729,186.1051483154297,1977604
2016-12-09,186.62722383340184,188.97637504463307,184.45208136448107,187.975814819336,1771357
2016-12-12,185.2786055155105,186.8882160154715,180.362789571328,181.2763519287109,1120383
2016-12-13,181.8418648251634,182.58141838964207,179.1446835293133,179.5797119140625,1061287
2016-12-14,179.36222375223093,180.10177742403985,178.10064390856982,178.5791778564453,1515452
2016-12-15,177.3175952031386,179.6232406299852,174.48991033669705,175.62098693847656,1431281
2016-12-16,176.2735218632713,177.01306221488875,173.92435776421374,176.14300537109375,1623830
2016-12-19,174.96844015078497,177.4915997386245,174.27239200641108,175.01193237304688,1049084
2016-12-20,175.49048291979875,179.23173043356658,175.01194894547697,178.66619873046875,1657227
2016-12-21,178.3616713548854,179.14471728457391,175.4034830916007,175.8820037841797,933162
2016-12-22,175.4904644820049,177.01306397377542,172.40176000063906,173.96786499023438,855815
2016-12-23,173.92436936337597,175.88199739247057,172.793306011822,174.0548858642578,1270774
2016-12-26,173.83737024761302,174.79442486634684,171.40120828681077,172.57579040527344,688512
2016-12-27,172.61927479058366,176.83905584942573,172.27125735885016,176.53453063964844,811268
2016-12-28,176.70854844292683,178.14413690981658,174.70741506785802,175.09893798828125,1319957
2016-12-29,175.9689982967629,178.10063492871495,174.53340980153357,177.4045867919922,1088592
2016-12-30,176.1865030428451,180.6672902789616,176.1865030428451,179.4927215576172,835096
2017-01-02,181.841879274114,187.4537432280884,181.841879274114,186.7142028808593,1715063
2017-01-03,187.0622278527217,188.67183837953465,186.19217097898817,187.2362365722656,1544119
2017-01-04,187.67126994582264,189.8464121873737,183.7995194110647,184.5825653076172,2063229
2017-01-05,185.40911779348275,186.9317172624897,183.4949821259201,186.49668884277344,1267500
2017-01-06,186.80120198524887,187.4537446190652,184.45205115871337,184.97409057617188,836675
2017-01-09,186.71421371997576,186.71421371997576,183.01647194112823,183.32098388671875,484422
2017-01-10,185.01759583445508,185.01759583445508,181.05884753117044,182.18991088867188,1300113
2017-01-11,184.01703548140225,188.3673200081493,183.01647535065632,187.80178833007807,2074058
2017-01-12,188.88933514011643,189.58536995396176,185.5831166702989,186.40966796875,1073953
2017-01-13,186.1486795363841,187.06224197799128,184.1910514226609,185.5396423339844,498983
2017-01-16,187.93228400735296,187.93228400735296,184.10403908797923,184.8870849609375,851558
2017-01-17,185.4091294214864,185.84415786848564,183.1904816865873,185.235107421875,1035770
2017-01-18,185.84411669795008,190.97744592493544,185.583097032372,189.2808380126953,2843646
2017-01-19,189.93340661915,192.58708257755947,188.58481589182583,191.717025756836,2242082
2017-01-20,189.75940766491323,191.9780420509978,187.9322829370639,189.411376953125,3285021
2017-01-23,189.15034767993583,192.9786056600679,188.84583575802503,191.49951171875,1106903
2017-01-24,192.9786140124687,194.89273644737403,191.6300232255988,194.3706970214844,2036543
2017-01-25,196.1543272518779,200.1130888384502,194.80573638928536,199.37353515625,2727761
2017-01-27,199.8520434743184,203.15826195578217,199.76504576028785,202.5492248535156,2174191
2017-01-30,201.28766806888507,202.8537598598532,198.45998315872703,199.63455200195312,874850
2017-01-31,201.1136410098545,201.1136410098545,196.7633566421224,199.2865295410156,1633654
2017-02-01,199.54755327697035,205.7684547377044,199.2430280546905,203.9413299560547,2228274
2017-02-02,204.46339168875656,204.9854311907087,200.5481352521633,201.5052032470703,1488349
2017-02-03,201.41813794451164,201.80966082743024,198.54694800975457,199.46051025390625,831310
2017-02-06,200.3740907674473,211.2498011513077,198.80798581696868,208.4656219482422,5393544
2017-02-07,209.59671981633875,210.5537877985567,203.72383523931288,204.3328857421875,1433247
2017-02-08,204.5503773077362,210.5537644549297,204.4633663095392,207.6390686035156,2588609
2017-02-09,208.0306050013129,213.07692427680945,206.20348024569213,207.4215545654297,1958912
2017-02-10,207.42153187752112,209.94470451529745,205.07238121725644,206.68199157714844,1136518
2017-02-13,207.07354908657453,210.2927570684317,203.1582929063662,208.1176147460937,1610639
2017-02-14,208.07408965187773,208.55262357293563,204.1588338403357,206.89952087402344,1109494
2017-02-15,206.72551409087944,207.8130851598003,202.54923853102065,204.50686645507807,1068726
2017-02-16,202.5927514832761,206.072979031876,202.5927514832761,205.0289001464844,1253416
2017-02-17,205.5074295986875,208.63963963438536,203.9413245808386,207.2475433349609,994116
2017-02-20,207.94357804462885,210.0317090827888,206.4209786238,208.2915954589844,1414109
2017-02-21,207.07353408182607,208.4656303776558,202.50573553590343,207.90008544921875,3463345
2017-02-22,207.42154286214588,207.94358227030105,202.5492325820901,202.853744506836,1424660
2017-02-23,203.20180136388856,203.9848473009148,201.0266590099099,201.85321044921875,2648601
2017-02-27,201.6791779717248,201.8531866843533,197.1548850633127,200.02606201171875,1944289
2017-02-28,200.67859433996324,200.67859433996324,196.85034975458865,199.5475311279297,3643448
2017-03-01,199.06901281221533,200.896124258013,198.372964666953,199.11251831054688,1500099
2017-03-02,199.46053592323344,203.1582775924755,197.98144191073948,198.8950042724609,2028929
2017-03-03,198.37294701923545,200.28706929141143,195.32774827113312,196.1107940673828,1834150
2017-03-06,195.76282007930504,197.72044828009803,195.2407805820205,195.7193145751953,1354047
2017-03-07,195.71927884725585,196.5458301703921,194.6317078231257,195.5887756347656,1237467
2017-03-08,195.76278669588044,198.1119374810283,193.9356620429801,195.9803009033203,1509986
2017-03-09,194.8057378789612,198.1119568098211,194.10970296805584,197.6334228515625,1284718
2017-03-10,197.9379387318158,200.1130809156819,197.50291029504257,199.2865295410156,1069153
2017-03-14,203.5932950908159,204.3763409153752,200.98312464093365,203.332275390625,1695627
2017-03-15,203.41931480732885,204.76790571674832,201.8532096633584,202.7232666015625,1878148
2017-03-16,204.4723990132177,206.5713404299233,203.55410713913,205.87168884277344,1385524
2017-03-17,206.6150420760609,206.74622089186303,202.7232481852697,204.7347412109375,2156569
2017-03-20,204.8221893310547,205.6530196356332,203.1605287218977,204.8221893310547,938903
2017-03-21,204.8221929856005,208.4516293099796,204.8221929856005,207.4021453857422,1673926
2017-03-22,206.3964188866349,206.3964188866349,202.5046246740348,203.77273559570312,1517447
2017-03-23,204.12253452745333,205.43437604329748,201.9361320010464,203.46661376953125,1252511
2017-03-24,203.86017509873264,205.04082444571475,200.143290836684,201.0615692138672,1614604
2017-03-27,200.97412619031752,201.14903572634853,198.4816219314637,199.0500946044922,1781771
2017-03-28,199.3561917377081,201.36768485252333,198.8314631065016,199.70602416992188,1396538
2017-03-29,199.92464419777625,202.7232366484763,199.83718276239065,201.7174835205078,1942783
2017-03-30,201.717478048934,206.3963844755776,200.05581757961176,204.6472625732422,3539094
2017-03-31,204.6472776552905,207.6645104902342,203.37916685158865,206.96485900878903,2172143
2017-04-03,209.15127333961712,211.64377771255883,205.52185025806327,207.75198364257807,2178311
2017-04-05,208.97636217940305,210.02583278025165,206.8774209777059,208.80145263671875,1693179
2017-04-06,209.23872680566933,214.5298237156807,206.61504371092727,212.82443237304688,2881107
2017-04-07,212.1685151618321,215.5792979043694,210.81294287117265,212.03732299804688,2654510
2017-04-10,213.6115333394892,214.79219607762488,211.643771005758,214.17999267578125,1886939
2017-04-11,212.9556285560673,219.07755627636493,212.38716917707987,217.67825317382807,1952615
2017-04-12,218.11552231420103,221.0453071935357,215.5793005863761,217.8531646728516,3115592
2017-04-13,216.8911103053021,219.25242214371008,213.7426856242644,214.4423370361328,1148283
2017-04-17,213.9176289575745,216.6724908085656,210.46310228301667,215.8853912353516,1336022
2017-04-18,216.1914679246557,217.63450152405488,209.5010818788909,210.5505523681641,1923359
2017-04-19,210.50684438162244,211.5563149842181,207.0960615870009,210.0258331298828,3524341
2017-04-20,210.85665893554688,215.31691195461653,210.0258153235538,210.85665893554688,4090611
2017-04-21,211.2064716579777,212.51831309684715,208.1455083006157,209.3698883056641,2063116
2017-04-24,210.2007566863702,218.6402656006585,210.2007566863702,215.75421142578125,8783579
2017-04-25,216.89112420245883,218.64024617183352,214.70472174074047,215.4918212890625,3652900
2017-04-26,216.2789455586505,219.514818703256,212.86814953211308,215.1420135498047,3337224
2017-04-27,215.44809549709663,219.12124882030847,213.0867702549152,218.2029571533203,4294652
2017-04-28,218.46534616669985,218.46534616669985,213.2179800298443,215.05455017089844,5255357
2017-05-02,213.9176303307581,214.267449400045,206.0028504492774,211.46885681152344,4524291
2017-05-03,212.29969591885435,216.4538609265353,210.59430453201804,212.12478637695312,2293214
2017-05-04,212.51830516703023,214.26742702025683,209.982083817748,213.305404663086,1670754
2017-05-05,212.8244388982958,216.8036810381984,210.1132942793745,215.6230316162109,2543955
2017-05-08,226.42388084364924,236.8748974671832,225.6367811310897,228.0418243408203,24262308
2017-05-09,226.51128812742328,229.48479004679805,224.2374242986724,225.2431640625,5049653
2017-05-10,226.3801224433687,227.7356813310809,223.1442360353354,227.12350463867188,3553905
2017-05-11,227.56077387321,231.0590177348152,225.02452572196017,227.6482086181641,3705195
2017-05-12,227.38584459111937,227.38584459111937,223.7564220249652,225.98654174804688,1880787
2017-05-15,225.8990926287232,230.44682044421253,223.53779397372483,225.7679138183593,8669217
2017-05-16,226.0740446733332,229.6160064576042,226.0740446733332,227.954345703125,3788577
2017-05-17,227.6045116158419,227.6045116158419,224.76218822390533,225.63674926757807,4352685
2017-05-18,223.97509673786328,224.01881411583696,219.602291361058,220.5643005371093,1506862
2017-05-19,220.65176654852536,223.88763992537312,218.8589136379868,219.7334747314453,2197778
2017-05-22,220.6080202162177,221.2639409899032,211.7312310835711,212.82443237304688,2517117
2017-05-23,213.39289555117224,214.0050856153623,207.83942756266063,209.71974182128903,2556514
2017-05-24,209.7197347860921,210.24446339004868,203.8164479145712,205.78421020507807,2125257
2017-05-25,205.7842050201304,211.5562995866716,203.9038908719549,209.93836975097656,1912885
2017-05-26,209.8946419941435,212.51832501907032,208.32042951023905,210.2444610595703,2050152
2017-05-29,209.9821024372724,213.17424476456816,209.10754143311007,210.11328125,1067127
2017-05-30,209.89465110364569,213.61153555027272,207.5333389476781,212.03732299804688,2348911
2017-05-31,213.08677978230148,214.0925329272061,209.89463750809583,210.9878387451172,3097509
2017-06-01,209.8946581732954,212.7807123921268,209.6760179043649,210.2007598876953,1610540
2017-06-02,211.29394592006355,212.5183259994475,209.4573624562456,210.28819274902344,2142258
2017-06-05,211.60004960200484,211.60004960200484,209.50110835816903,210.2007598876953,966410
2017-06-06,210.90039679821643,210.9441275206869,204.6472904824822,205.56558227539065,1884219
2017-06-07,204.82218812421064,208.05806122782707,204.82218812421064,206.921142578125,1376882
2017-06-08,207.35843416311323,209.1512736732814,205.1720314973054,205.5218505859375,1605121
2017-06-09,205.87167064319817,206.3964126233581,202.94189906407675,205.56558227539065,1013263
2017-06-12,205.1282793294241,206.5275688824034,201.1927549424186,201.7174835205078,2245461
2017-06-13,202.5046042479444,204.603545331078,201.54258180040867,202.2422332763672,1295348
2017-06-14,202.81069532052263,205.25946884692505,200.0121027238094,204.6910095214844,1635872
2017-06-15,206.3964100161248,206.9211519896561,202.28597570593865,206.4838714599609,4396221
2017-06-16,205.95911178347683,208.62652545429185,204.64727030714897,207.4895935058593,4001169
2017-06-19,208.4078920787907,209.5885414395632,207.40213890693784,207.9706115722656,865666
2017-06-20,208.14552962707128,211.7312352652665,206.8336880537914,210.94412231445312,2335353
2017-06-21,209.8946581732954,211.0753209634174,207.70825548399023,210.2007598876953,2413141
2017-06-22,210.63804710667603,215.92913110682528,210.63804710667603,214.22373962402344,4917780
2017-06-23,212.9556102201649,214.48609201846185,210.288196417042,212.7807006835937,2469136
2017-06-27,212.6932240639178,213.96133479448704,208.10177899669927,210.5505523681641,2654226
2017-06-28,210.5942940865456,215.53555846006665,207.31469029578147,214.83590698242188,3461166
2017-06-29,214.8359215869012,217.6782450654503,213.5678107038817,215.9291229248047,6508472
2017-06-30,215.49183945060608,216.67250221733627,213.74271733381627,215.6230316162109,3444695
2017-07-03,215.4918035874072,218.33412655415728,214.79216553292247,216.4100952148437,3166023
2017-07-04,220.38938640067656,221.0015764717299,216.978603615706,217.8531646728516,3624710
2017-07-05,218.3341645496343,222.5757910529812,217.3721553849347,221.4825897216797,2653067
2017-07-06,222.83815622944945,225.8116717798809,221.43885322398265,224.4123687744141,2680640
2017-07-07,224.3249306039657,224.3249306039657,219.8209461071248,221.6575164794922,1668483
2017-07-10,222.13849270751024,223.2754246698435,201.80494957581885,222.48831176757807,179284
2017-07-11,222.66325866848763,225.0245575958508,221.39513441323768,223.14425659179688,2464271
2017-07-12,223.88761673850576,228.96005987944403,223.88761673850576,228.2604217529297,1859209
2017-07-13,229.13499195572163,230.84039665561343,227.69197158092032,230.14073181152344,2101852
2017-07-14,229.92206153417075,230.79662245799,227.1234825916381,229.0475006103516,2298401
2017-07-17,229.61597936594737,233.94506698215832,229.3973391164313,232.764404296875,1049035
2017-07-18,234.73218388140307,237.0060479822293,231.758681606239,232.8518829345703,2615130
2017-07-19,233.551533212599,234.38237694098308,229.13501029305064,231.40887451171875,2569184
2017-07-20,231.75868913939385,236.8311327919332,227.8231642294796,228.78518676757807,3702155
2017-07-21,229.2224438597725,234.73216749411952,227.47332185655333,232.7206878662109,1399985
2017-07-24,234.1199990401849,235.25691770646688,231.5400333189112,234.4698181152344,1786012
2017-07-25,240.50426226201583,240.50426226201583,232.10847176879088,234.20741271972656,5705127
2017-07-26,233.9013655831395,234.0762617810073,230.88411925795165,231.6712188720703,1699994
2017-07-27,231.67123216832056,233.070535279,230.7092096116356,231.40887451171875,2277932
2017-07-28,231.10271863851165,234.1199644299249,228.12921690594064,229.65969848632807,1754006
2017-07-31,229.57227247472107,231.75867506971844,228.69771143672216,230.14073181152344,1524550
2017-08-01,231.233904420404,233.0704877102384,227.2109188068338,228.08547973632807,2370928
2017-08-02,228.7014890861376,235.7411657142864,227.1175725864981,234.59722900390625,2324968
2017-08-03,234.50920271511103,240.2289393666992,232.3093040029618,239.43698120117188,3813836
2017-08-04,238.77701703957123,244.804745019339,236.97308394187988,244.144775390625,4142004
2017-08-07,243.48483900143057,247.6646472205623,239.78899783439843,245.9487152099609,1632831
2017-08-08,244.62880182631264,247.04869105301177,240.536994504742,241.240951538086,921821
2017-08-09,240.14093379082283,241.8128514115748,237.80904656812424,240.40493774414065,949202
2017-08-10,239.349020436564,240.7569612217441,234.11324987281927,235.34521484375,1402846
2017-08-11,231.51736057864505,236.2691367285968,231.03336671861587,231.7373504638672,1515060
2017-08-14,233.0572928267412,234.4212193912835,231.2093723958324,233.2772827148437,2162725
2017-08-16,233.71725290553928,238.24903904374256,232.5732894217828,237.633056640625,1804763
2017-08-17,240.4489836260629,241.9009117336525,237.01714622969504,238.38107299804688,2464131
2017-08-18,237.7650774563685,243.52880167759545,235.0371975229181,241.94488525390625,2173179
2017-08-21,241.7248804219556,244.3647588676811,239.83294605246653,241.4608764648437,1420376
2017-08-22,243.6608259172736,243.6608259172736,238.90904909615344,240.3609771728516,1561082
2017-08-23,241.10892365332427,244.1007808387594,239.87698561864337,243.44081115722656,1018756
2017-08-24,243.9247941073304,244.62875099439768,240.4049559635261,242.34085083007807,1073190
2017-08-28,243.924803719778,248.0605975891887,241.6369034652982,245.81671142578125,2031129
2017-08-29,245.244768348895,245.37675692724403,240.75696870536456,241.9889068603516,2313805
2017-08-30,244.6727551351537,248.01661771535208,243.88079686892416,246.5206756591797,1271563
2017-08-31,248.14861379877817,248.14861379877817,245.06875511687844,246.6966857910156,2076018
2017-09-01,248.0605922790837,250.74448502458736,246.8726415133187,248.67657470703125,1197940
2017-09-04,248.4565758729601,249.38052262737872,242.0768693521869,243.57278442382807,2196967
2017-09-05,243.61679236377884,249.072525138204,241.54888217287308,248.5445709228516,2029499
2017-09-06,247.62061250318808,252.3723887120136,246.52066306344912,248.67657470703125,2217173
2017-09-07,249.55655044424253,251.14046699850053,246.7406689541882,247.3126373291016,1675064
2017-09-08,250.3924875177616,250.3924875177616,246.6966733976909,248.632568359375,1275740
2017-09-11,248.23663157505297,253.4283883261649,248.23663157505297,250.8765106201172,1599816
2017-09-12,251.22842299880023,254.66025948327908,250.4804520953831,254.1322784423828,1258233
2017-09-13,253.86829849470112,256.5081768152699,249.6884911538005,251.4484100341797,1322504
2017-09-14,250.7884522003848,253.2523280066256,249.51250021065488,250.52447509765625,791428
2017-09-15,249.8205144132043,252.1084146464624,246.8286572716674,250.2165069580078,1184804
2017-09-18,251.22843297364463,252.50438496861875,247.7085950335585,248.4125518798828,916191
2017-09-19,251.2284891219448,252.54842864447687,247.70865039519248,250.8765106201172,1731903
2017-09-20,251.66841751144244,251.66841751144244,244.93673269360883,246.3006591796875,2413483
2017-09-21,245.9486973873645,246.12470004132123,241.19692112711388,243.52880859375,2685318
2017-09-22,242.20891914401977,242.20891914401977,235.82921101034444,237.50112915039065,3292766
2017-09-25,236.7091052816298,237.50106346005265,228.87747110970125,230.7693786621093,3633108
2017-09-26,231.4293679205464,232.04535036393003,228.78948919901924,229.9334259033203,1308037
2017-09-27,231.38536102453315,235.8291457531893,228.87747108131128,230.9013671875,4003318
2017-09-28,229.7574507437535,238.16105395576017,228.7894898389724,235.87315368652344,5296128
2017-09-29,235.9611556497148,241.10892455578573,233.18928834774897,234.4652404785156,2334479
2017-10-03,236.09316241880367,239.0850467003512,234.1132532141405,236.13717651367188,1314526
2017-10-04,236.00516081391464,238.4690367992985,234.3772302841058,237.19308471679688,1029485
2017-10-05,237.63304742473045,241.98885760328244,237.2810690026994,241.06491088867188,2205375
2017-10-06,242.07686473161417,246.82864067864529,240.9329012647705,245.2887115478516,2113361
2017-10-09,242.9568311648591,248.45657821742188,242.9568311648591,246.6086578369141,2399561
2017-10-10,246.7406745012349,247.1806543155575,243.3968386540783,244.3207855224609,1111212
2017-10-11,245.6407035580619,245.94869477209383,239.34899813241333,241.10891723632807,915071
2017-10-12,241.9448843000157,244.540748809396,239.74498546787967,244.10076904296875,773049
2017-10-13,242.86886138146832,246.03672146598709,242.56087013568063,244.2327880859375,1798301
2017-10-16,245.8606985447177,247.62061768512976,244.32076929685715,246.21267700195312,1535618
2017-10-17,245.5087725674959,249.38059013319608,244.4088228696129,247.1367034912109,1548583
2017-10-18,247.48862612089508,248.28058435363505,243.2208168862745,244.540756225586,1225832
2017-10-19,244.188779569647,246.12470135657776,239.305014719948,241.1529083251953,143094
2017-10-23,241.2848942951431,248.9845395580632,241.2848942951431,247.9725646972656,3075417
2017-10-24,249.9085013404159,252.4603785536792,247.57661400509315,248.3245849609375,2847254
2017-10-25,249.9525157400897,251.49244505303847,246.7406685439293,247.9286193847656,2019634
2017-10-26,248.23658212445645,248.85253766639207,240.5369364435132,243.2648162841797,2537382
2017-10-27,245.02474964350964,246.3886762165862,243.26483052767688,245.42071533203125,1799125
2017-10-30,245.5087371437096,251.976445804902,245.06875732803985,249.5125427246093,1982624
2017-10-31,248.9845549407949,254.13229660837047,247.04863327053468,247.70860290527344,3084319
2017-11-01,248.23659482191,252.9883710286446,248.19258073179915,249.07254028320312,2056294
2017-11-02,250.30449896008471,251.4044483721888,245.464721546827,245.99267578125,1519341
2017-11-03,246.38867450152733,249.5565342588224,246.38867450152733,248.67657470703125,1336410
2017-11-06,248.1486255701681,248.54461816117745,244.320795655951,246.4326934814453,2012960
2017-11-07,246.87264813035023,249.380538291022,241.6808920064724,243.44081115722656,2025509
2017-11-08,243.30882405450183,246.12470545433123,239.74499849449347,240.6689453125,1707405
2017-11-09,240.0970011939934,244.14482104454217,237.67711210286768,238.4690704345703,1331818
2017-11-10,237.14911237462343,241.1089305775392,236.26915277397543,237.6770935058593,1686868
2017-11-13,238.3810308190383,241.41690193302816,236.7531003210181,238.64503479003903,1685529
2017-11-14,238.4690168706477,242.29684594403025,236.8851005630151,238.77700805664065,1691237
2017-11-15,238.77702888303065,244.6287545103633,238.7330147930601,243.0008239746093,3970046
2017-11-16,245.9047225438398,247.97260613375585,241.5928989927089,242.12088012695312,2588111
2017-11-17,244.7607669729115,246.30069633333423,240.6689600432071,241.5489196777344,1670648
2017-11-20,240.0529592399401,240.0529592399401,231.4293662212968,232.92530822753903,3261832
2017-11-21,232.7492993728413,235.3011766794283,229.53745240829733,230.2414093017578,3037842
2017-11-22,231.78134807911565,235.3011864002996,230.6813986037457,233.7172698974609,2773825
2017-11-23,235.1692058098693,237.149114932684,232.3973384087761,233.1453094482422,2837249
2017-11-24,234.02526905838204,235.91717684933545,232.7493168819848,233.1453094482422,1999089
2017-11-27,232.74928750641257,234.0692267550312,230.2413975631907,230.9013671875,2787181
2017-11-28,231.4733428955078,233.76124303714613,230.5493961336124,231.4733428955078,1485419
2017-11-29,231.6933327773147,233.89323159538355,230.8133732500872,231.4733428955078,1398926
2017-11-30,230.9453926473856,233.0572901783245,228.12951136997768,230.9893798828125,2858463
2017-12-01,232.001361933668,236.04918179190705,230.81341100673805,231.91336059570312,2069676
2017-12-04,233.18926771255505,234.15722853428392,228.30550322479647,229.75743103027344,1260611
2017-12-05,229.66943758139087,230.5493971123541,225.48962980931583,229.1854705810547,2016019
2017-12-06,228.7014724110281,231.64934215497703,226.7655775919785,230.2854156494141,3182304
2017-12-07,231.1653735209015,234.6852115533219,230.0654241357701,233.937240600586,1345304
2017-12-08,233.8052776134128,237.5890931703574,232.04535840474344,235.91717529296875,1272951
2017-12-11,237.1490975880907,238.42504967116744,236.2691380423093,236.797119140625,1199568
2017-12-12,236.2691436845405,237.2810918155081,232.441314198134,233.4532623291016,2006310
2017-12-13,233.8932387378261,237.8530567312717,231.64935261656737,232.39732360839844,3204666
2017-12-14,234.42122725574643,234.94920837575248,228.4375128403053,232.96929931640625,1666551
2017-12-15,234.9491700522827,235.43313700170927,231.69330938851752,232.6612701416016,1808962
2017-12-18,231.38539456439585,234.5532277368792,224.3897047909824,232.3093414306641,1221276
2017-12-19,232.3093306440128,239.349007330195,232.3093306440128,238.1610565185547,1565382
2017-12-20,239.70099891929976,239.70099891929976,235.0812108410205,235.34521484375,1553248
2017-12-21,235.8291508762442,239.34898894902395,234.15723316252047,236.3571319580078,1597801
2017-12-22,237.2370765181989,237.2370765181989,234.6411853615037,235.47715759277344,1112049
2017-12-26,235.389195448068,241.1089329075537,234.68523850244108,240.49295043945312,2217661
2017-12-27,240.6689694990685,240.8889594163437,236.18116981580684,238.7330474853516,1652849
2017-12-28,239.34900299321703,240.66894234795905,236.53312162807347,238.9970245361328,1463113
2017-12-29,239.70096605401977,241.10890664615783,238.0730355835549,239.3929748535156,1948608
2018-01-01,238.5570465067909,240.3169656593984,232.61731936674067,235.87315368652344,1408955
2018-01-02,237.5890970472664,237.85307419117987,233.2773002865151,235.961166381836,981714
2018-01-03,236.181142714746,240.4929392277269,235.2571959099054,239.87698364257807,1906004
2018-01-04,238.9970842768359,241.4609609465412,238.20512583687645,240.62501525878903,2142231
2018-01-05,241.5488550337014,244.27673454153995,239.5689463858841,241.0208740234375,1304360
2018-01-08,239.5689763792172,242.34084346234505,238.77701819178543,241.6368865966797,1215089
2018-01-09,242.3408387113584,245.8166894462421,239.8769628755998,243.8807678222656,3305059
2018-01-10,244.62876599451,244.62876599451,240.5809465100846,242.95684814453125,1860881
2018-01-11,245.06874015688783,245.42071861391432,238.46904338426071,239.12901306152344,2869673
2018-01-12,238.55705351555625,241.4609094609793,235.5651962390703,237.0611114501953,2131954
2018-01-15,237.67710505616213,244.8047835386388,237.0611225640796,243.704833984375,2520552
2018-01-16,244.71673975061915,246.38865741221267,242.07686127834543,244.4967498779297,2689358
2018-01-17,242.29685147845404,245.4647110203097,240.0969527485865,243.8807678222656,2384660
2018-01-18,244.18875191682835,244.62873165001184,240.7129012829862,242.56082153320312,1271915
2018-01-19,242.86882702180367,243.3527940151176,234.4212102762856,236.3571319580078,1942776
2018-01-22,236.7091257160461,236.8851283727707,233.4532645462876,236.22515869140625,1955296
2018-01-23,236.225173140044,237.0611186750282,230.54942279146027,231.1654052734375,3127752
2018-01-24,231.3853966192643,233.6292829454068,228.2175365644114,228.92149353027344,2345935
2018-01-25,229.49347553073213,232.7493371129489,228.4375400193223,231.4293975830078,3313959
2018-01-29,232.26531621322337,234.4212008334184,229.31744657516865,232.0013122558593,1420895
2018-01-30,230.3733978978969,232.08932975054245,227.38154081887893,230.1094207763672,1787102
2018-01-31,230.28543860911705,231.6933524890752,226.2816063070578,230.3734130859375,2708846
2018-02-01,231.7813476510288,237.14910645176727,229.58144870435183,234.4652404785156,3355964
2018-02-02,232.5733015732518,233.58527655328044,226.2376088372584,228.3934936523437,3017102
2018-02-05,226.14962275869243,228.7895016235799,221.79382531705176,227.9975433349609,2745947
2018-02-06,220.033898665429,225.6216340183686,217.7899990204013,224.6536865234375,1907347
2018-02-07,224.65369001815228,226.9855910295024,216.9540434683624,218.4939727783203,3906454
2018-02-08,218.0539595243148,234.4211976230225,216.07405071524488,230.4613800048828,4063203
2018-02-09,227.4695547368552,230.2854361754853,224.47769749220785,227.821533203125,1742418
2018-02-12,228.9654977714857,231.5173752307169,224.96166549451087,226.0616149902344,1200752
2018-02-14,226.6775794832943,227.3815363630681,222.4537710690676,223.64170837402344,1060437
2018-02-15,224.3017051972553,226.8975968576472,221.48583705561768,222.9817657470703,1620357
2018-02-16,223.773728052614,230.109434461346,223.773728052614,226.193603515625,4870752
2018-02-19,226.58957294702773,229.53744266495207,224.4776755020574,226.6335601806641,2519233
2018-02-20,228.2615068612968,237.3251065358696,226.2376105939933,232.0453491210937,7529895
2018-02-21,235.82914984818177,236.57712080623347,228.8774750555932,230.2854156494141,6498774
2018-02-22,227.29355305459748,227.9095355138969,224.21370789368973,226.0616149902344,3842909
2018-02-23,226.23757450160184,230.54937033161417,224.917635358482,228.9654541015625,2201036
2018-02-26,229.8014175089914,233.1892669468009,229.09746065235453,231.38536071777344,1668982
2018-02-27,227.29354798552623,229.5814482564537,219.5939151142963,221.22183227539065,10403386
2018-02-28,219.98990507322225,223.06976374424733,217.35002621234355,222.0578155517578,3500262
2018-03-01,222.5417746291746,225.4896446224024,221.1778480082748,222.7617645263672,3184053
2018-03-05,222.1897956773172,222.1897956773172,214.71013918916992,216.5580596923828,2291003
2018-03-06,217.78998088165304,219.10992015972369,211.1462838299409,211.7622528076172,2727521
2018-03-07,211.19030039249213,211.19030039249213,206.30652201049224,206.96649169921875,3023002
2018-03-08,207.6704672515708,208.99040666206804,203.75464968585248,207.8904571533203,2111425
2018-03-09,208.9904225167876,209.38640168455348,206.08655290797265,207.1425018310547,1257500
2018-03-12,208.55041330188783,213.2142016012353,204.59059532780137,211.93826293945312,1926518
2018-03-13,212.9941913839897,215.06208807236644,209.1663623368832,210.1343231201172,1942169
2018-03-14,210.22231860096807,215.5900769070515,209.91434083308505,214.6221160888672,2973976
2018-03-15,214.79813276542347,216.07407143486336,212.55423321455075,213.2142028808593,3060758
2018-03-16,213.21420836129005,213.9181787088708,205.95454184529376,206.5705108642578,3348952
2018-03-19,207.5824568769341,208.33042788114528,201.5987425517145,203.40264892578125,2932815
2018-03-20,201.0707580002349,205.8665348819944,201.0707580002349,202.74267578125,1711628
2018-03-21,203.1386876647442,206.39453563770223,201.07077714600567,202.2587280273437,2202091
2018-03-22,202.6546888216588,204.89858837919425,199.92680882196976,200.85076904296875,3027467
2018-03-23,198.78285350838843,200.8067631235252,196.2309762287271,199.9268035888672,1842220
2018-03-26,200.05880951693243,204.89858705290547,199.70681763986408,203.3586578369141,2279430
2018-03-27,204.3265916851833,206.9664701654237,202.83066323180367,203.88661193847656,2987115
2018-03-28,202.56666845069208,208.46239424751028,200.85075015994056,204.986557006836,17268096
2018-04-02,205.99852700888337,212.95020177874792,203.75462756917983,211.36627197265625,2609084
2018-04-03,210.8383060546611,213.4781846108024,210.0023337701897,211.7622528076172,1586599
2018-04-04,211.71827884729308,214.71013602765103,207.6704594365805,208.1984405517578,1640569
2018-04-05,211.2158050537109,212.8576139970233,209.0415274158869,211.2158050537109,2110899
2018-04-06,211.2158038476062,212.2807547721341,209.5296326789025,211.7926483154297,664865
2018-04-09,211.92577039113127,213.16821084868457,209.4852517096919,209.97335815429688,857711
2018-04-10,211.03831555375007,211.6595358016644,207.9322007725937,208.5534210205078,899391
2018-04-11,208.5090351270551,211.2601706449433,207.31097046597617,210.7720642089844,1288646
2018-04-12,210.10645287723864,212.94632619514005,208.9971263044972,209.4408569335937,2341840
2018-04-13,209.6183453396092,212.28072909974367,208.73088408623096,210.0177001953125,986965
2018-04-16,209.44089598045665,215.20939523415564,208.68654835372288,214.45504760742188,1117203
2018-04-17,214.8100122462284,218.2711059297715,213.2125791839836,217.2949066162109,2079834
2018-04-18,218.53737275671185,219.1585930369416,215.43125781397688,217.3392944335937,1693395
2018-04-19,219.20294189453125,222.3978080027454,217.7386361608576,219.20294189453125,2315449
2018-04-20,218.8479461669922,220.04601071038329,216.62929307747112,218.8479461669922,894175
2018-04-23,217.783002122662,220.97786828559376,217.6498883415336,219.7354278564453,1051719
2018-04-24,219.5579102032491,221.42158426499896,217.91611499797816,219.91290283203125,1321262
2018-04-25,219.4248078445206,221.64346110887368,216.3630690480303,218.0492401123047,1575990
2018-04-26,217.60552408171185,220.00166705990804,214.18880594996835,215.2093811035156,1013598
2018-04-27,215.6531231670293,218.31550740365927,214.58817218069464,217.3392944335937,1464396
2018-04-30,217.8717638612694,224.30585872071623,217.8717638612694,222.4421844482422,2454697
2018-05-02,222.6640543811588,223.4184019692884,217.25054809891017,217.827392578125,1602224
2018-05-03,216.67368509213173,218.22674246829533,212.45824364254483,212.94635009765625,1148958
2018-05-04,213.92255010290933,217.1617784468656,207.13346300028311,210.0620880126953,4083676
2018-05-07,209.1302476541934,211.3489008800668,206.86723219707025,208.7752685546875,2213157
2018-05-08,209.0859014606876,209.66274592702715,203.0067857388676,203.6280059814453,2782140
2018-05-09,203.76113926593425,204.6929628862445,198.9244638878976,199.36819458007807,2975035
2018-05-10,199.81190257546976,200.38876053473032,194.35402109824864,195.28585815429688,3566843
2018-05-11,195.6852045675604,196.2620489603096,191.82474273428784,192.7122039794922,3917464
2018-05-14,193.15594413933152,195.0639940356828,191.07041823507703,192.9784545898437,1683423
2018-05-15,193.20033059750625,194.7533879391929,187.0768527812044,190.00547790527344,2421775
2018-05-16,189.1180121130666,190.27170099216536,186.3668766130964,187.9643096923828,2481091
2018-05-17,188.14177907740583,195.86268900103929,188.14177907740583,193.1559295654297,3620351
2018-05-18,193.289081584258,193.289081584258,185.6569086821644,186.7662353515625,1556445
2018-05-21,186.7662391117656,188.85177870885693,181.2639814290896,184.63633728027344,1715130
2018-05-22,185.0356954061068,186.6331285783616,183.1276588797045,184.5919647216797,1483612
2018-05-23,184.19258438879848,185.5681520289618,183.26074737181148,184.1482086181641,1418518
2018-05-24,185.47943530434864,190.13860772228085,181.26399359288607,188.851791381836,2792312
2018-05-25,189.47300593376505,190.36046731987165,185.96753616696105,187.78683471679688,1499518
2018-05-28,188.05305719706024,190.3160863785483,187.74245384530192,188.2305603027344,1181241
2018-05-29,188.4967834470725,189.9167270095726,184.4588451780345,184.8582000732422,1459474
2018-05-30,184.19260029741352,186.7218569430186,182.5507914332255,182.99452209472656,1963564
2018-05-31,183.8819789493403,185.4794120002431,181.5745876905561,182.2845458984375,6571778
2018-06-01,182.3289323856453,185.70128823758404,179.88841366328757,180.64276123046875,2911603
2018-06-04,181.4858585222024,182.32894415420824,177.8028990837409,178.7790985107422,6313873
2018-06-05,178.3797472637076,180.3765354793461,176.6935759649142,179.31158447265625,2631652
2018-06-06,178.8234346156198,183.5269817579949,177.89159763263112,181.1752014160156,2884900
2018-06-07,181.9295857253584,183.9707496393748,181.70772037691285,182.81704711914065,4036226
2018-06-08,182.19582685181032,184.2369907658267,181.70772037691285,182.81704711914065,2601050
2018-06-11,183.660129501442,186.8993716566696,182.0626963124408,182.8614196777344,4756149
2018-06-12,182.7282917983305,184.1482354157611,181.8852061999249,183.61575317382807,2857333
2018-06-13,183.70448325020925,187.78681051684765,182.99451152450027,186.3668670654297,4884946
2018-06-14,186.98810966953383,186.98810966953383,181.7520929550371,182.8614196777344,4024884
2018-06-15,181.48585321498857,184.2813511608344,179.26719975270265,181.8852081298828,6832521
2018-06-18,181.48586166737883,182.72830224748904,179.71093881488613,180.06591796875,803881
2018-06-19,179.489033788331,180.376495018434,176.4716710226143,177.714111328125,1605387
2018-06-20,178.3353570333568,179.0897046036632,174.43053247804096,175.4954833984375,1716864
2018-06-21,175.71735641556947,175.93922176457903,173.54307870359307,174.82989501953125,2532830
2018-06-22,174.91864438325666,182.8170452923601,173.63181454186198,181.8852081298828,3167408
2018-06-25,181.92957493426653,185.4794202988376,181.7520853743551,183.52700805664065,3363586
2018-06-26,183.70449646535312,190.93730093370755,183.3938795812655,188.0974273681641,7976623
2018-06-27,189.38424477815136,189.38424477815136,181.0864893636404,182.19581604003903,3049747
2018-06-28,182.4176730207887,184.8138158237521,177.58101164152126,178.2909698486328,3785931
2018-06-29,179.17843819862725,184.591957761141,179.0009486398663,184.1038513183593,3749070
2018-07-02,184.4144714757352,184.5475852617723,175.93921286400686,177.4035186767578,3041228
2018-07-03,177.8028769666398,179.53342379424754,175.58422371545433,178.2909698486328,4134828
2018-07-04,178.73469405658125,181.3083398601432,177.22601260847077,178.3797149658203,2262034
2018-07-05,179.08970019003945,185.3463053128567,178.82345908110534,184.1038513183593,4657759
2018-07-06,184.37008598810897,188.4080376314242,183.438248910177,184.19259643554688,3029745
2018-07-09,185.52381101647097,186.3668966501424,182.28456873545707,182.95016479492188,2007632
2018-07-10,185.3906602518459,185.3906602518459,180.64275041927465,181.35272216796875,3550279
2018-07-11,181.57457781836249,182.01830844495515,178.5572014325817,179.75527954101562,2524353
2018-07-12,180.15466382965653,182.99453759550136,178.60160638284916,179.00096130371094,4308979
2018-07-13,180.06588702726637,180.59836920815025,174.20865074546617,174.74111938476562,2220084
2018-07-16,174.43052663210398,175.67296707399598,168.21829733947357,169.1057586669922,1994603
2018-07-17,169.5051353312569,173.85369097809416,167.73021244820708,173.58746337890625,1248112
2018-07-18,174.34177719887143,176.24982720114744,171.23566251485434,173.63180541992188,1675322
2018-07-19,173.45429769733732,173.94240409060225,169.86007694531168,171.59063720703125,1596782
2018-07-20,171.6349926063208,173.4542907952324,170.12631125755877,172.4337158203125,1105960
2018-07-23,172.87747259764,178.06911333743483,172.30061459882805,175.71734619140625,3302774
2018-07-24,179.7109453202193,192.40164688324853,179.7109453202193,188.7186737060547,11675077
2018-07-25,190.1386120277324,192.40164139028883,183.34953748165,184.9913330078125,7567233
2018-07-26,189.9167277018229,200.3443984985352,189.9167277018229,198.3476104736328,18529989
2018-07-27,198.1257538899065,201.8974647702295,197.5932716431089,199.7675628662109,4962191
2018-07-30,200.1225129518215,202.7405209450917,197.85948404382776,201.4537048339844,2775674
2018-07-31,200.56625452943635,205.62478124951667,198.92444570183136,204.73731994628903,2919886
2018-08-01,203.67237854003903,208.9971466064453,203.0955340828125,207.6659545898437,6542652
2018-08-02,206.7784977388916,207.31097997373763,202.3855666969619,203.05116271972656,1820808
2018-08-03,203.2286310484293,204.6041987267246,199.5456721906046,200.65499877929688,1909383
2018-08-06,201.18749415979127,204.0717436737805,197.32704524294203,202.7849273681641,1628672
2018-08-07,204.1161282014112,206.82288826196464,202.3855811271514,204.2048797607422,4307531
2018-08-08,203.84987130013408,207.0003618305235,201.18748722514343,204.95919799804688,2470588
2018-08-09,205.8022867700119,206.9116134851189,204.0273640258408,206.2460174560547,1211459
2018-08-10,206.82287491639264,206.95598870521297,198.79134681231025,202.074951171875,1723589
2018-08-13,199.67880386287067,199.67880386287067,195.41898667214565,196.0402069091797,1728996
2018-08-14,197.0164296065936,201.8974672770272,196.57269890928143,200.8768920898437,1810299
2018-08-16,199.6787922950524,200.6550051406843,197.4601390473296,199.2350616455078,1030961
2018-08-17,200.7881279877764,203.8054911243288,199.76755286436224,202.91802978515625,1721617
2018-08-20,203.49490167022813,206.77850614097355,201.8974684423669,203.89425659179688,1591893
2018-08-21,205.0035569839734,214.23314893804653,204.47107479595263,212.4138641357422,6380758
2018-08-23,212.9907046479847,214.7212514149328,208.64214984472207,210.55018615722656,2837007
2018-08-24,209.88459846015803,214.10003965544664,208.64215805081216,210.0620880126953,1731653
2018-08-27,210.3283392837561,215.25375246897127,208.64216814073148,214.49940490722656,2145678
2018-08-28,215.653071476843,216.0524263082983,207.35530384494845,209.7958221435547,2900755
2018-08-29,210.59456298750527,211.7926275822213,206.0685050743529,206.91159057617188,1711404
2018-08-30,207.0891214324369,213.3900891965454,205.93541891344668,211.12705993652344,5025712
2018-08-31,211.2157961306974,216.00808188677664,209.9733556877392,214.1887969970703,2735230
2018-09-03,215.608730913916,217.78300849938145,211.52641685462245,212.99072265625,2393818
2018-09-04,204.11612785412825,212.9019905494756,200.47753059313737,202.2968292236328,3810744
2018-09-05,201.808710168626,203.4505191201449,194.22092628661773,198.0813751220703,3947663
2018-09-06,201.49809450791,206.82286240395737,197.68200814075905,201.09873962402344,4887812
2018-09-07,202.51866588017464,203.40612717986127,197.6820045051994,201.8974456787109,2406640
2018-09-10,201.3649690709064,202.34118194428925,194.3540300254357,194.97525024414065,2611742
2018-09-11,195.7295927021545,198.30322505918707,193.99904587300617,195.41897583007807,3757737
2018-09-12,196.1289508377452,201.941825165914,194.22091442496225,201.09873962402344,2404591
2018-09-14,202.4299323570484,206.42350829405785,201.4980952634291,203.9386138916016,2588077
2018-09-17,202.78491341396872,205.7135385041943,199.7231745411996,200.47750854492188,1802238
2018-09-18,200.5662600693391,202.20806894229293,197.9926276355259,199.1463165283203,1344871
2018-09-19,199.67881774902344,200.92125830949388,197.01643351236984,199.67881774902344,2120702
2018-09-21,200.610637735878,201.58683708064729,184.7694474696886,200.07815551757807,3464829
2018-09-24,198.4807334409599,202.3411958843349,192.53474486671115,194.04342651367188,1734859
2018-09-25,193.46657192444948,201.8087030953833,191.60289769569908,200.25564575195312,1801355
2018-09-26,202.03055291600785,203.4061205943032,198.3032182863186,200.65499877929688,2420982
2018-09-27,200.74376098934164,208.37593425655007,199.6788100440904,201.67559814453125,8039387
2018-09-28,201.09872733010425,204.9591756937839,196.3064283916817,198.3919677734375,4202032
2018-10-01,197.90387538303708,201.36496913229468,192.4459936534573,197.6376342773437,2070915
2018-10-03,196.57268180331843,197.19390201717897,187.25433797065548,189.2955017089844,4433444
2018-10-04,187.03245893282872,192.0909853629087,183.92634454960265,189.6504669189453,4756385
2018-10-05,189.0292852364388,190.1386120277324,183.7045166382292,184.9913330078125,3007099
2018-10-08,183.216420781946,186.9437563088385,179.6221990611045,184.6807403564453,2483769
2018-10-09,186.3668777975224,188.0974246687537,179.66654210172297,181.663330078125,1790998
2018-10-10,181.13087206499148,186.89937100283723,180.2877729254222,186.27813720703125,2655944
2018-10-11,181.04211543117583,185.3019326202265,177.80288691975227,184.45884704589844,3596264
2018-10-12,186.3668713076824,195.95145596896583,185.39065846991303,194.88650512695312,5695694
2018-10-15,194.1765499917183,194.26528800355084,186.0119081159071,192.57911682128903,5976849
2018-10-16,193.46656306764075,198.6138413071151,192.5791017691653,196.5726776123047,3761860
2018-10-17,198.3476046032419,202.2080667537645,192.9340851459825,194.62026977539065,5346216
2018-10-19,190.71541728793423,190.8041688296049,184.4588263060912,185.65689086914065,5427052
2018-10-22,188.1861912598404,189.42863179450103,181.6633445989065,182.81704711914065,3803442
2018-10-23,179.97713113817815,182.8170042236266,174.65236402486863,178.02471923828125,8424281
2018-10-24,179.26719818634837,181.44147585207352,171.2356700147319,174.2974090576172,14849782
2018-10-25,172.1674924480684,175.229231229163,170.2150802935722,170.88067626953125,7180208
2018-10-26,171.85687168245124,171.85687168245124,167.28645150104583,169.01699829101562,16413375
2018-10-29,170.39257678505305,172.47811634462926,167.77456854797478,171.36878967285156,16772923
2018-10-30,171.36878914484197,174.91863448359305,170.43695203510276,170.79193115234375,3981871
2018-10-31,171.28003829905867,176.33856521926302,167.15334849242532,174.96299743652344,8628188
2018-11-01,175.3623652229303,178.37972834547332,175.00737256395826,177.44789123535156,3416848
2018-11-02,179.26718838438626,184.5919563561997,178.73470617057083,181.08648681640625,4174804
2018-11-05,180.9533658994116,182.9057917248101,179.622173859323,182.3289337158203,2629132
2018-11-06,182.81705301965985,183.6601386626468,180.37653410798964,181.21961975097656,1757806
2018-11-07,182.46206665039065,183.1276626908834,181.5302294853835,182.46206665039065,172463
2018-11-09,184.01511449765,184.10385250681068,181.7077095941065,182.19581604003903,1849981
2018-11-12,182.7282866060396,184.94693998173983,179.08970319484249,180.4652709960937,3828786
2018-11-13,180.110268287324,183.17200706673785,178.73470056278018,182.6839141845703,2024625
2018-11-14,183.70448898119625,190.2273349486117,183.30513410477144,187.43182373046875,5341589
2018-11-15,187.609343692542,194.354056078097,184.7694697823666,193.3334808349609,3028344
2018-11-16,193.37779347020896,194.3540062240408,190.8041613615012,192.8009490966797,1845708
2018-11-19,193.46654925798944,196.70577734957456,190.75978978253107,195.5964508056641,3289421
2018-11-20,194.57589457312287,194.57589457312287,189.9610984135712,190.8041839599609,1207441
2018-11-21,191.6916288574548,193.6440408875009,189.96108213858616,193.111572265625,1599264
2018-11-22,194.1765488292436,194.1765488292436,189.7392420166081,190.4935760498047,1093305
2018-11-26,190.094215412498,192.57910986095644,187.8311862979808,192.09100341796875,2129029
2018-11-27,191.64725545667264,193.5996675108609,190.18294980142747,191.5585174560547,1843182
2018-11-28,192.13537781664405,193.0228391460512,189.60610761119963,190.4048309326172,1252402
2018-11-29,193.1115983870341,195.24150024580868,190.7154418689306,192.4016265869141,2647720
2018-11-30,193.11158190814805,196.04019332865792,191.42539733405263,192.9784545898437,4396332
2018-12-03,193.999060356598,197.72639539186653,193.1115989890775,195.2415008544922,2823065
2018-12-04,195.24148043976527,198.43634644541336,193.02282725294967,194.35401916503903,1995824
2018-12-05,194.1765590661087,194.1765590661087,191.11481991229445,192.2685089111328,1836318
2018-12-06,190.53795719409104,191.2923047901249,183.5713934269425,184.7250823974609,1873533
2018-12-07,186.1893858948334,189.4729900396628,184.2369737174958,188.5411529541016,1040049
2018-12-10,185.8343806862954,186.3224870830392,181.4858259696704,181.8408050537109,1114367
2018-12-11,177.71412817038745,191.42540276660225,177.71412817038745,189.1180114746093,4298081
2018-12-12,189.0292544800745,193.9990431130859,188.71863761241707,191.6472625732422,3558108
2018-12-13,191.8691456454185,195.8183460368892,191.82476986856443,194.0877990722656,2819659
2018-12-14,198.4363756673842,199.5457024241527,193.6440759531924,194.7534027099609,5023903
2018-12-17,194.8421587385908,196.2620888948888,192.88974631018937,194.13218688964844,1236838
2018-12-18,194.5758985665977,196.08458013450968,193.4665718928999,194.93087768554688,1565567
2018-12-19,196.2177160866272,204.6929614130076,195.72960962042444,201.67559814453125,6142902
2018-12-20,200.52189691732391,203.6723875374403,198.3032434583104,199.7675628662109,2215666
2018-12-21,199.900668514038,200.7437540858023,194.6202762050032,195.8627166748047,1677202
2018-12-24,191.6916478146981,194.88651402824388,188.6299089259749,189.25112915039065,2431010
2018-12-26,188.7186677416309,197.0164375317892,186.2781488082416,196.2177276611328,3303641
2018-12-27,192.9784678305049,197.7263914691796,191.73602735725945,192.4459991455078,1684054
2018-12-28,192.66784645644404,197.72637296934747,192.66784645644404,196.0845642089844,2241527
2018-12-31,197.0164271603998,200.433158903915,194.8865252563812,199.7675628662109,2836456
2019-01-01,199.2350680525581,203.2286440268856,196.17332918055743,197.81512451171875,1594627
2019-01-02,197.81513152533708,198.6138548734728,193.5109520586844,194.3096618652344,1826162
2019-01-03,194.3540356481264,196.040206796476,189.16238133404224,189.7836151123047,1612955
2019-01-04,190.36046526376003,192.53474292791927,187.43184001292343,192.1797637939453,2344100
2019-01-07,193.91029865369885,195.46335596557057,192.0466244628188,193.4665679931641,1280088
2019-01-08,192.66786900403503,194.93088466615035,190.9816842746797,194.0877990722656,1678459
2019-01-09,194.79776108371595,194.79776108371595,187.7868220239885,188.89614868164065,2005058
2019-01-10,189.78360251142908,191.15915667931608,187.5205735108899,189.1623687744141,2033769
2019-01-11,189.78361000776232,190.0498375723307,187.69807047474225,188.89614868164065,1279076
2019-01-14,189.02927258510223,191.0704364527891,187.74245630164293,190.67108154296875,1231366
2019-01-15,191.203551526523,193.0228500630204,190.67108282371453,192.3572540283203,1294415
2019-01-16,192.5791129313607,195.241496981103,191.4254104681553,192.4459991455078,975644
2019-01-17,193.4665808062936,193.8215599415973,190.09422485456392,191.02606201171875,934332
2019-01-18,191.42543386240507,191.691675008234,188.31931875810497,188.7186737060547,787152
2019-01-21,189.02927078442173,190.62670395007208,187.43183761877148,188.4080505371093,1028461
2019-01-22,188.31929575986743,190.80419024816064,187.6093239715572,189.7836151123047,996452
2019-01-23,189.0292779101148,191.2923071849616,187.69808581215625,188.49679565429688,979376
2019-01-24,189.73922852561043,189.73922852561043,185.25754625519184,187.43182373046875,1682064
2019-01-25,188.053033408632,189.6504663665263,178.6015765152652,179.57778930664062,2945463
2019-01-28,178.3797276655634,181.35272854329023,175.62859212075392,177.27040100097656,3278879
2019-01-29,176.3385625750634,181.70770629980947,175.9835834616856,178.24661254882812,2643774
2019-01-30,179.13407660483344,182.6395461838257,176.16107570402556,181.61895751953125,1461921
2019-01-31,182.55080214012503,188.14181151127733,181.44147542130847,186.27813720703125,7669625
2019-02-01,187.0768440169107,191.11479562444063,186.01189316939124,188.5855255126953,3350137
2019-02-04,188.14179486443007,189.02925616096047,184.4144601273197,188.5855255126953,816759
2019-02-05,188.2305333641721,191.0704066079163,182.86139018399007,185.7012634277344,1990920
2019-02-06,186.63313839587192,191.29231082744428,185.16881893528296,190.3604736328125,2419386
2019-02-07,189.9611168107679,193.9990689195344,189.47301032877,190.75982666015625,1560735
2019-02-08,191.3810309316976,192.93408826352967,188.230554034678,189.25112915039065,1071280
2019-02-11,189.295526988093,189.65050614582256,183.5270276546728,184.23699951171875,1168695
2019-02-12,184.19260286853253,185.4794190965311,180.8202470857331,184.1038513183593,1731437
2019-02-14,182.7726471544212,184.19259061320287,180.2433906417957,181.39707946777344,1234816
2019-02-15,180.7758775349264,182.7726656083054,177.9360038722157,181.7520904541016,1516899
2019-02-18,181.08649003334963,181.7520860416504,174.47490572587895,175.71734619140625,4557434
2019-02-19,176.2498220130282,179.97715681581315,174.51926162103427,177.1372833251953,12045263
2019-02-20,177.13728910872982,184.4144693977834,177.13728910872982,183.52700805664065,3528149
2019-02-21,183.615730347448,186.8105963187008,182.37328999284088,186.0118865966797,2197983
2019-02-22,186.3224996260716,187.6536915932142,184.7250665571836,187.2099609375,1375220
2019-02-25,188.00868474051788,188.54115340383373,185.4794145796164,186.45562744140625,1323218
2019-02-26,184.81382614394207,189.029267556589,184.0594785797816,188.45242309570312,1651331
2019-02-27,189.56963883128623,196.00481460586164,186.93299228464795,191.22311401367188,2325569
2019-02-28,192.38504022729083,193.4128758697358,188.31836185262543,189.52496337890625,5667560
2019-03-01,190.3293468922231,196.00482250510845,190.15059465421,194.3513336181641,1389426
2019-03-05,194.8429151655317,199.62461601581785,194.53008851629,198.4180145263672,2838170
2019-03-06,199.2223948282121,202.3506065868116,196.22825747059085,196.85389709472656,4240764
2019-03-07,197.9711228447736,201.0099517809018,195.8707465603264,197.70298767089844,6193867
2019-03-08,197.7923671254244,202.97626372335424,197.12203602150043,202.12716674804688,2803088
2019-03-11,202.6634270082133,209.76893362887745,202.39529185239337,208.5176544189453,4030315
2019-03-12,208.91986103735684,211.91401209455805,207.66858176331763,208.3835906982422,6903177
2019-03-13,209.1433014746909,210.5733465980624,204.31692304967413,205.3894500732422,3736991
2019-03-14,205.5681872176885,208.2048199348532,199.8927122458583,200.339599609375,2916976
2019-03-15,200.11615562997125,205.121299549082,199.8033426587268,201.41213989257807,3226639
2019-03-18,202.79749010886687,205.1660014350512,201.09932349893305,202.39529418945312,1524697
2019-03-19,202.48468350124497,206.7748052653049,202.48468350124497,205.43414306640625,1620753
2019-03-20,206.3725981249748,206.41728959304848,202.7081295875951,203.28907775878903,1640049
2019-03-22,204.45098533204543,208.60703269346283,203.2443838978682,205.43414306640625,2103761
2019-03-25,204.6744475067732,207.53452439500384,202.2612580585136,204.98727416992188,2495275
2019-03-26,204.18285552591075,207.53451111116183,204.13816405718973,206.81948852539065,2582780
2019-03-27,208.24952420172065,212.9418418071241,205.9257043134,207.5791931152344,4639012
2019-03-28,207.6239214596119,209.9477281227609,203.333799016514,207.2217254638672,5196003
2019-04-01,211.82461786833773,218.08104118090472,208.65171474652328,209.63487243652344,5454846
2019-04-02,210.0370636953424,211.377725804036,204.4956630403259,205.52349853515625,3626882
2019-04-03,206.4619642634113,210.84145501989136,201.94839911361848,202.6634216308593,4591977
2019-04-04,202.66342925234545,204.9872491112892,198.46269055771995,198.9542694091797,11011371
2019-04-05,200.83117546074,203.69125181727995,198.90956528126225,200.20553588867188,8983871
2019-04-08,203.55721526633687,204.5850508542256,200.60775563258832,201.63560485839844,3693810
2019-04-09,201.6355950651385,203.7359576074899,198.23924818632256,203.0209350585937,2110961
2019-04-10,202.4399850138106,203.4678205421561,199.35646479085324,200.1161651611328,1489964
2019-04-11,200.25022789210792,204.4956577940561,198.95425728120244,203.06561279296875,1907836
2019-04-12,202.9762595358874,206.37259281536453,202.6187414384176,204.80848693847656,2171386
2019-04-15,205.7469584857072,205.8810328899282,202.7974988858212,203.28907775878903,2875556
2019-04-16,204.13816385319785,208.24953348883267,203.46783273681748,207.3557586669922,4568324
2019-04-18,207.3557610952124,210.26052930020995,205.56821143059847,208.60704040527344,2742711
2019-04-22,206.90885188582027,207.44512218388897,201.1886990167152,202.0824737548828,1348195
2019-04-23,202.39528800852133,204.540355576421,201.6355876590337,202.70811462402344,965185
2019-04-24,199.31174903575487,202.30589959975555,193.1000178808342,200.2949066162109,6235599
2019-04-25,198.7308372027202,205.4341483702788,196.1835735038794,197.12203979492188,7167694
2019-04-26,199.31177865087457,202.484681890614,198.1945601606791,201.9931030273437,2114460
2019-04-30,202.8868831020364,203.5125227452513,194.4854052921867,197.0773468017578,9288005
2019-05-02,196.1835702708126,201.94841505232512,194.8875995273596,197.5689239501953,5897979
2019-05-03,197.9711348375228,199.5799323403106,196.76453330095137,198.1498870849609,1515314
2019-05-06,196.8538835146666,197.7476582411804,194.88758184392023,196.3623046875,1376657
2019-05-07,197.7476834717312,198.82021055280708,194.39602781966795,195.02166748046875,1610407
2019-05-08,195.0663345886521,195.82604856340936,189.83774696925207,190.6868438720703,3350658
2019-05-09,189.9271432929045,191.93813657482937,188.1842851761538,191.22311401367188,1599486
2019-05-10,191.22311829198568,192.96597644773,190.4634178845696,191.93814086914065,1105200
2019-05-13,191.35716973274413,192.7872010775221,186.7542218207559,187.69268798828125,1616073
2019-05-14,187.60331924225872,192.1168845697572,185.94984409632968,190.46340942382807,1809112
2019-05-15,190.5080977365845,191.22312032132763,186.5754939773796,187.46926879882807,3417094
2019-05-16,186.441442867834,193.90445483079384,186.08392473798068,192.38504028320312,2642018
2019-05-17,191.67000105366915,196.63045386745503,190.5527825657859,195.73667907714844,3107238
2019-05-20,200.20554038335223,204.5403532977134,196.63044144793523,200.38429260253903,6025899
2019-05-21,201.1887148509212,202.93157299993268,195.8707438299456,197.0326538085937,3868084
2019-05-22,197.0773483262205,199.40116831947608,195.46855091842207,197.12203979492188,1891609
2019-05-23,200.5183737184781,206.2832182175414,198.06049311796951,198.9095764160156,5029385
2019-05-24,199.49054348899327,208.07078749111167,198.90959529254573,207.04293823242188,5347116
2019-05-27,208.2495216913438,214.4165621575072,206.59603290944167,213.7462310791016,2276077
2019-05-28,212.7184080013405,214.7294013542944,210.66272317962563,213.075912475586,5089113
2019-05-29,212.89712801984425,213.0758802299156,208.3835631164648,209.0092163085937,1736796
2019-05-30,209.053903519148,210.26050485766496,207.44511991835205,208.24951171875,2792300
2019-05-31,209.9923891748823,210.03708064302893,203.7806569643004,206.1044769287109,2038520
2019-06-03,208.16013646347704,212.5396409768492,205.0319247987485,211.95867919921875,2560455
2019-06-04,210.260511554356,212.58433137739377,202.26123020792733,202.84217834472656,3043423
2019-06-06,204.45098851149083,204.45098851149083,196.6304588962972,198.194564819336,4193682
2019-06-07,198.8648926742433,202.842187800144,197.43484754141744,198.6414489746093,2565750
2019-06-10,198.82020700449985,201.099335534812,198.19456735486472,199.4011688232422,2438810
2019-06-11,200.2055636723124,201.00995557118424,198.01581804723085,199.5352325439453,1805276
2019-06-12,196.22826497258075,199.13303314518944,196.22826497258075,197.12203979492188,1890005
2019-06-13,197.47954121284909,198.4180074893696,193.1894194044136,197.0326538085937,1941299
2019-06-14,196.63042906048528,197.34545153010723,190.59744998703857,191.446533203125,1998514
2019-06-17,192.5190833042253,192.5190833042253,183.04507876251373,183.7601013183593,3979462
2019-06-18,183.8494540304611,188.49707976734888,183.8494540304611,187.69268798828125,1935444
2019-06-19,188.80991208956573,189.8824390401236,183.49195516302944,184.5197906494141,3145947
2019-06-20,185.19012834163144,191.53593462011744,183.0450743635656,190.99966430664065,1857056
2019-06-21,190.9996600664496,192.34032218245827,189.3908627996552,190.23995971679688,4181731
2019-06-24,190.4634087116068,193.85974192315888,189.92713839508767,192.1615753173828,2639044
2019-06-25,191.58063012228,193.0553530585309,188.85461430752667,192.295639038086,2274581
2019-06-26,192.1615588854288,196.5410494234638,191.7146715391836,196.0494842529297,2806007
2019-06-27,195.2897781339209,196.5410572983753,193.59161160531576,195.24508666992188,2614407
2019-06-28,196.18355630926715,196.18355630926715,189.5249371940081,190.23995971679688,1995352
2019-07-01,191.66999257045887,193.0553461617033,189.0333597833345,190.329330444336,2294542
2019-07-02,191.08907715760893,192.16160431457084,190.6868811784886,192.11691284179688,1735201
2019-07-03,192.16160431457084,192.8319354924124,190.4634374525414,192.11691284179688,1379872
2019-07-04,192.5191067954281,194.3960395288064,191.7147148456504,193.144760131836,2031484
2019-07-05,194.21726648693613,195.69198944963665,187.1564373943865,187.8714599609375,2278543
2019-07-08,187.5586379184732,187.5586379184732,182.1512979194905,183.58132934570312,2756090
2019-07-09,183.89415711637085,189.3908664425668,182.106607593976,188.6758575439453,2289398
2019-07-10,189.30150413101285,189.43556489496868,185.81577425102995,186.6648712158203,1424627
2019-07-11,187.37987145606365,190.19527010993625,187.29050216354224,189.2121124267578,874940
2019-07-12,190.6421414484998,193.27877401968155,189.92711897887784,191.446533203125,2316539
2019-07-15,192.16157973210403,196.5410707452487,188.7652328046036,196.27294921875,2672310
2019-07-16,196.4070006444913,197.30077539145145,193.5469241818029,196.5410614013672,3230318
2019-07-17,196.6304445864809,198.14985893070144,193.77036812007967,195.96011352539065,2325693
2019-07-18,195.736675215668,197.70297698796728,192.2509590574066,193.9044342041016,3614814
2019-07-19,198.41800539961488,200.0268027655744,189.5249488761803,191.267807006836,7523729
2019-07-22,190.8209023346301,193.68097870527004,188.1842696435388,192.8765869140625,2095341
2019-07-23,193.23410437208207,195.8707372409087,192.29563812713133,194.5300750732422,3846881
2019-07-24,194.39601350866204,195.69198420446887,190.7762229433304,192.78721618652344,1690968
2019-07-25,193.14472567541927,196.6304416865121,188.5864690720639,191.3124847412109,4148175
2019-07-26,192.42970331575333,192.69783846403607,186.88830268222893,190.7762145996093,4479103
2019-07-29,190.82091993802769,191.17842440311784,182.41944226711905,183.3578948974609,3642296
2019-07-30,184.02823038575525,185.9051629670333,179.73812215069935,180.63189697265625,2875238
2019-07-31,180.1850187089277,181.39160659707017,176.78867148548875,180.45314025878903,4384931
2019-08-01,180.2743732379625,180.49781693648208,173.48169298572185,175.89488220214844,4009344
2019-08-02,174.01796801867815,180.67658820870872,173.6157720465409,178.30809020996094,3109814
2019-08-05,176.60989998889372,178.30806659654974,174.15201937164807,176.2970733642578,2295191
2019-08-06,174.5542196489722,181.7044179867659,174.5542196489722,180.408447265625,4770543
2019-08-07,180.81065403289227,184.34106194621728,180.05093995879366,183.13446044921875,6120163
2019-08-08,183.1344644520661,188.9886925475978,182.1960117538016,184.38575744628903,5105516
2019-08-09,185.9051481557144,192.0721884807117,185.9051481557144,190.329330444336,5559737
2019-08-13,190.32934290464584,191.04436547963925,185.1901377513924,186.26266479492188,5125593
2019-08-14,186.30735414426127,192.3403340381685,186.30735414426127,191.267807006836,3676384
2019-08-16,191.17840576171875,192.116871938474,187.37986322935893,191.17840576171875,2152191
2019-08-19,191.6253245953176,193.5916401983375,188.8546307111096,189.4802703857422,1881382
2019-08-20,189.5696436161795,189.92714808682143,183.3578977448852,183.98355102539065,1823430
2019-08-21,184.1175887320182,184.7879197589552,179.20182786781382,179.73809814453125,2235406
2019-08-22,179.46998419072406,179.55935348877964,175.62674978838135,176.56521606445312,2970844
2019-08-23,175.71611153600014,178.48680492420758,175.22453272324603,176.3417510986328,5629349
2019-08-26,180.8999999209857,181.7490968249352,173.92856793639103,181.1234436035156,3332737
2019-08-27,181.8831871658932,185.63703891544264,181.30223895198185,183.313232421875,2434000
2019-08-28,183.22384643554688,185.45828358719987,181.21285299905915,183.22384643554688,1674581
2019-08-29,181.92786391066707,183.35789541296927,178.2186902948031,178.79965209960938,3138802
2019-08-30,179.64871486086113,181.3915727998377,177.99522620921272,180.8553161621093,3324682
2019-09-03,178.75495229961427,179.3359004394198,171.87288936366323,172.8113555908203,5785632
2019-09-04,172.49852975288113,172.49852975288113,168.4318518420037,170.62159729003906,5847593
2019-09-05,172.09634369439286,173.21356221534072,170.1747196556097,172.6772918701172,2928347
2019-09-06,173.03480027539314,175.8054938692043,172.766665117819,174.0179443359375,1565369
2019-09-09,174.28608379705483,176.78865593300696,173.0794823771376,174.73297119140625,1534947
2019-09-11,174.95641423880411,177.28023413596935,174.95641423880411,176.38645935058594,1746891
2019-09-12,176.5205114371932,178.9337005115353,174.37545751287135,174.95640563964844,2256605
2019-09-13,175.1798387214319,180.6765475934928,173.3029064228202,179.64871215820312,2245097
2019-09-16,178.30807567541447,182.24067940807456,176.38646527743944,180.05093383789062,2090311
2019-09-17,179.51465963535378,179.82747260750872,172.9454099271394,173.7051239013672,2829653
2019-09-18,174.28609130226437,175.80550578090492,173.481699412961,175.00111389160156,2266964
2019-09-19,174.73295862584982,175.6267333502787,170.04064132259808,171.42599487304688,2032982
2019-09-20,171.7835118665047,194.26195601201127,170.93442854380595,192.34033203125,8240226
2019-09-23,193.23411386256933,201.09933502675565,193.23411386256933,197.12203979492188,5258243
2019-09-24,196.138873144872,196.138873144872,190.1058933675237,192.8319091796875,2701974
2019-09-25,192.11688879136173,192.78721988528687,185.2795170884937,187.78208923339844,3960724
2019-09-26,188.00552664321103,191.08904684454893,185.54764604769343,188.1395874023437,3991305
2019-09-27,187.7820764482952,188.2289638138191,183.9835338413424,185.0560607910156,1996223
2019-09-30,185.01137028566444,185.01137028566444,180.9893839751065,182.2853546142578,2199055
2019-10-01,182.6875597277653,183.8047782036884,173.1241723014484,178.6208953857422,3940452
2019-10-03,177.32490308924062,179.87216655525327,173.16885600039913,175.49267578125,2884359
2019-10-04,176.5205007650716,177.14614031868038,168.78935517407294,169.50436401367188,2548653
2019-10-07,170.4428484332039,170.48753989994927,165.5717785922181,166.19741821289062,2614126
2019-10-09,165.79522447911089,172.81136207530906,164.54394522122942,171.91758728027344,3360027
2019-10-10,170.97912266556213,171.3366271318531,167.00182751691008,168.0296630859375,1878899
2019-10-11,169.05749664311674,170.48754176710491,167.00182552952518,169.10218811035156,2290001
2019-10-14,169.68313023337276,174.554199562893,168.6999726198904,173.43698120117188,2856315
2019-10-15,174.19668973666697,177.4142842256503,173.39229793338117,176.0289306640625,2661814
2019-10-16,178.03994001017676,181.5256699633977,177.59305260370647,181.16815185546875,3790120
2019-10-17,181.4362659020703,186.0838916606477,180.5871826562209,184.92198181152344,3304474
2019-10-18,185.94984903376672,187.51395492675312,184.29636020601268,185.5923309326172,3446793
2019-10-22,183.2238251004673,183.5813295479342,172.05164064312174,175.09046936035156,9355044
2019-10-23,175.17985963930178,176.7886569962265,172.58791819164378,175.89488220214844,2890392
2019-10-24,176.96741343252123,178.26338418714485,173.8392015789161,176.6545867919922,3930744
2019-10-25,177.14616117260098,177.95056666872478,174.55421972912893,176.475830078125,2875494
2019-10-27,176.6545853625087,177.7718038726129,176.07363719242304,176.56521606445312,178702
2019-10-29,176.8780374764154,178.7549701178213,175.9842626258263,178.03994750976562,2409517
2019-10-30,178.57619148686192,182.0619074339021,178.44211709633274,179.2912139892578,2471767
2019-10-31,180.5425032695519,181.43627803821303,178.03993118971655,180.8106384277344,2177954
2019-11-01,181.43629213556284,182.33006697366903,178.57621538120728,180.1850128173828,2770430
2019-11-04,181.43630358078408,184.74326796280005,180.67658946530145,181.74913024902344,4243318
2019-11-05,182.195989229144,182.6428766065636,179.2018383452644,180.1403045654297,2190913
2019-11-06,180.4978102786531,182.10660757623583,178.66556929079275,180.7659454345703,1636076
2019-11-07,181.88317117740857,183.22383337281943,180.31906528276247,181.6150360107422,2560585
2019-11-08,181.61502873004105,183.1344430963445,178.754952222072,180.7659454345703,2181870
2019-11-11,178.75494681341738,180.49780481726413,177.6377283958335,178.88900756835938,1436622
2019-11-13,178.88904362647446,180.72128492821528,173.8839122895819,174.50955200195312,2726347
2019-11-14,174.37546639346786,179.64873218143617,172.49853388565762,179.2465362548828,4639427
2019-11-15,179.02307260463903,180.765930517396,177.86116278349462,179.64871215820312,2190854
2019-11-18,180.54250668690656,182.4641170207325,179.02309227900687,179.82748413085938,1975524
2019-11-19,180.05094757528053,180.9447224588887,177.59306664535805,180.00625610351562,2382060
2019-11-20,180.2296906489508,181.43629213556284,179.6487424593504,180.1850128173828,1906946
2019-11-21,180.1849992617166,180.7212559414837,179.0230893320069,179.69342041015625,1272618
2019-11-22,179.3805877738655,180.72124988523657,177.05678163024112,179.469970703125,4861070
2019-11-25,179.64871986208547,179.78278061576978,176.96739568503943,179.38058471679688,1484115
2019-11-26,179.6040346847112,181.43627566407537,177.0567848101107,179.02308654785156,3628754
2019-11-27,179.38059582295818,183.4025823375444,178.79964767046408,182.0619201660156,2692917
2019-11-28,182.4641156329848,184.34104812359328,181.70441525377333,183.1791381835937,3042069
2019-11-29,184.1176121996352,186.08391406835773,182.2406796298102,182.9110107421875,2788327
2019-12-02,183.6707138509954,188.586475048954,182.91099984705176,187.5586395263672,3517119
2019-12-03,188.0949228585384,188.45244099726457,180.05094884915323,180.58721923828125,3310100
2019-12-04,179.78280306964098,184.11761648576083,179.46999005933566,183.62603759765625,4612402
2019-12-05,182.95569588038487,184.47511028828467,179.55934896760158,179.82748413085938,2482546
2019-12-06,180.67655986574263,181.43627385676425,178.17400148150287,179.55934143066406,1407240
2019-12-09,179.55934338803297,180.40844031828493,177.32490649351826,178.48681640625,1881525
2019-12-10,178.66555290741974,179.0677624233738,174.55419756606975,175.0457763671875,1652751
2019-12-11,175.62674125492106,176.29707232841312,169.9959575100036,171.15786743164062,4141191
2019-12-12,172.05163854522507,173.70512727991874,170.7556678915594,172.7219696044922,1583815
2019-12-13,173.57107229770173,178.1740209355538,173.0794934050097,176.87803649902344,2466144
2019-12-16,176.5205103003694,177.86117240391653,173.21354650587057,173.79449462890625,3104923
2019-12-17,174.50952488873304,178.03993252381468,173.57105864702254,177.458984375,1508604
2019-12-18,177.50367348789308,178.57620047651878,173.57105634570473,175.6714324951172,2341481
2019-12-19,175.62675150759935,177.19085743705634,174.8670374581231,176.07363891601562,931812
2019-12-20,174.9564045128978,176.07362293252038,172.58790691846596,173.79449462890625,5153265
2019-12-23,173.39231716305508,177.45899537049456,173.30293422481267,176.7439727783203,2275861
2019-12-24,176.96740317461993,177.54835131573202,174.50952257497244,175.6714324951172,938136
2019-12-26,175.71611093749885,176.47581124742248,173.03478684570334,173.48167419433594,1119466
2019-12-27,174.28609925055778,175.0458133434855,173.52638515763007,174.19671630859375,2876977
2019-12-30,174.01793639136653,176.43112542352145,172.94540944795548,174.8670196533203,2510251
2019-12-31,174.91172618457492,177.19085465935385,173.97325991402815,175.40330505371094,1972433
2020-01-01,176.25239115179787,176.74397002864006,175.00111186340084,176.07363891601562,1459556
2020-01-02,176.3864535628778,184.47510419485087,176.25237916671705,183.53665161132807,8633553
2020-01-03,183.1791464216069,183.93886047290533,180.7659571379552,181.7937927246093,2007973
2020-01-06,181.30220818814195,181.30220818814195,175.4926724831169,175.98423767089844,2119702
2020-01-07,177.056798905759,181.03409416330908,175.80550596363793,177.86119079589844,3557312
2020-01-08,175.1798533430937,182.86632175107115,174.8670267212414,180.22967529296875,4943334
2020-01-09,182.24068283473235,187.06707511147977,182.1960050034586,185.8604736328125,5537880
2020-01-10,186.3967439438543,191.26781405073973,184.83263798783187,189.2568206787109,5362463
2020-01-13,190.0165287108616,191.98283055130432,188.2736569334099,189.0333709716797,2628821
2020-01-14,189.65900375977048,189.8824474526161,186.62017499223847,187.0670623779297,3725008
2020-01-15,186.7989473054764,190.2846638335197,184.6985709117052,189.52496337890625,3359831
2020-01-16,190.8209243792601,191.6253162633952,186.8883206200552,187.46926879882807,3126006
2020-01-17,187.37988555979769,189.83776631482343,186.44143290912496,188.0502166748047,1968147
2020-01-20,188.9439726883212,189.25679929935592,184.6985427158445,185.0560607910156,1743715
2020-01-21,184.1176232099405,187.6033397475812,183.84948802137072,185.54766845703125,3142796
2020-01-22,186.7095545404152,189.65901417554105,186.1732978308877,188.0055389404297,3780055
2020-01-23,187.69269890669503,192.1168812247688,187.20112006292675,190.95497131347656,4656562
2020-01-24,191.35719069150025,193.859749228439,190.01652848760253,193.0106658935547,3540793
2020-01-27,191.80406917043376,195.6472897324908,191.5359340145432,192.6531524658203,2903622
2020-01-28,192.8766096020096,196.85390483823988,191.31250366118363,193.18942260742188,5093967
2020-01-29,193.7256737979613,195.0663359003694,190.597462225676,191.3124847412109,3410299
2020-01-30,191.40186000272703,191.44655146845216,186.5307902729424,187.6033172607422,2971434
2020-01-31,188.18427159132727,189.2567985366784,181.88315703524933,182.7769317626953,2906515
2020-02-03,175.22455409258268,180.94470741699075,175.22455409258268,179.42529296875,4031740
2020-02-04,181.25751227631707,187.69268740253432,180.94468567547835,184.8326110839844,3761981
2020-02-05,184.9220003141917,186.5754891462249,183.40258588465696,184.47511291503903,4000586
2020-02-06,185.23482351647803,187.0223730799664,182.82163433335296,185.4582672119141,3569538
2020-02-07,185.5476447976206,189.4802482687857,185.14543524709103,187.51394653320312,1957283
2020-02-10,187.5139273926383,188.4077020573907,184.25164168354056,185.10073852539065,1734578
2020-02-11,185.9945538857016,190.77624120560745,185.9051709445017,189.4802703857422,4444457
2020-02-12,189.48025531405028,191.26780489248472,187.9161494329201,188.9439849853516,3036372
2020-02-13,188.22895408839952,188.9886543877858,185.81575152892,186.396713256836,1177002
2020-02-14,186.2626597111187,189.70369808802508,183.2238308977392,183.8047790527344,3183445
2020-02-17,183.53665981372765,184.43043460972743,180.8106439583441,182.1513061523437,1397181
2020-02-18,181.6597330786986,181.9725597224406,176.74397154397366,179.51467895507812,4007197
2020-02-19,180.76593974379915,184.47509943046927,180.27436091308,183.9388427734375,1630613
2020-02-20,183.17913343326583,187.91614236554625,178.84433405134322,183.58132934570312,3826080
2020-02-24,184.87731514447776,190.1058893242222,180.5425020896327,187.6033172607422,7946307
2020-02-25,188.5864713964777,191.26779563434232,187.06705705593848,189.12274169921875,6147428
2020-02-26,189.390880718983,193.1000544403048,187.73740546888,190.91030883789065,6034979
2020-02-27,190.9102911911285,192.2956311370223,188.13958402350028,189.12274169921875,3753324
2020-02-28,185.68171338525067,187.1564363396402,181.659726813729,183.26852416992188,7650031
2020-03-02,186.4414206227893,193.54692724603257,178.57619999743403,180.7659454345703,5187934
2020-03-03,182.2406682628441,189.6590015046975,182.0172245726553,188.7205352783203,4549626
2020-03-04,188.89932088842525,190.3740439426716,182.95570992530227,185.9945526123047,3541106
2020-03-05,186.0838924113868,189.39085611999005,182.0172147420049,182.6875457763672,2414347
2020-03-06,177.63775650722982,184.6092032637773,174.64360521910885,183.313232421875,2587514
2020-03-09,178.57619202101853,181.6597120815344,171.11316764392774,173.12416076660156,3909789
2020-03-11,173.48169229609906,175.58205487108054,169.6384579692567,170.2194061279297,3553042
2020-03-12,163.56079414563305,164.2311252691807,151.13732944438473,156.85748291015625,8015838
2020-03-13,148.36661209533122,170.44284622771505,135.8984567582776,167.80621337890625,3970438
2020-03-16,160.8794572649736,164.49924778101965,153.86331992352737,160.38787841796875,5362750
2020-03-17,161.32634918769648,162.44356767237582,152.03109685033274,153.1929931640625,6785864
2020-03-18,155.8743256574126,156.27653524321246,141.35048459904425,142.69114685058594,5655031
2020-03-19,137.64131011697876,144.03179406009895,133.5299408531217,137.59661865234375,11032806
2020-03-20,137.59662100360094,150.64573790063534,135.3174926474717,143.36146545410156,14150719
2020-03-23,129.59734165436862,134.8706073423781,124.72627188528855,130.3570556640625,4517269
2020-03-24,129.68674921656242,139.25013834457326,125.21787451768604,127.05010223388672,3874319
2020-03-25,124.2347120846757,129.10578260069894,123.34093717759173,124.54753875732422,6937525
2020-03-26,126.2456883726335,131.0273889272255,122.04494961100438,128.74826049804688,14408540
2020-03-27,132.77023999662845,135.85376011373108,126.02223800023738,126.5138168334961,7706424
2020-03-30,125.12847848927592,138.26696600306553,122.80465843359208,132.5021209716797,6410760
2020-03-31,135.85375709712557,140.3226306858468,131.1167483654971,139.1607208251953,3947970
2020-04-01,138.8926080827917,141.5739326684666,134.69186895948542,140.00982666015625,2690125
2020-04-03,139.9651380450696,140.0098158743847,135.45157261263864,136.74754333496094,3738943
2020-04-07,137.64132479301787,143.45086122908685,137.19443737485872,142.11019897460938,6642876
2020-04-08,141.66330115397017,142.55707592465765,132.45741828830467,133.79808044433594,10421305
2020-04-09,135.1387627922035,143.54025507473233,134.73656681288392,141.93145751953125,8828432
2020-04-13,142.06549918485072,154.04208947283524,140.54608477968156,147.47283935546875,12551498
2020-04-15,149.34978116319505,155.47213063214744,149.34978116319505,150.645751953125,9909012
2020-04-16,149.3497776388362,156.0977666087306,146.44500947847163,151.673583984375,6792496
2020-04-17,155.51680482804153,156.85746693862808,151.40543556707462,154.57833862304688,3706597
2020-04-20,157.2149691599597,157.2149691599597,151.89701225729922,152.2098388671875,2682022
2020-04-21,149.9307053367147,151.45011959316903,146.66843314968278,149.751953125,2369603
2020-04-22,149.61789513602537,158.82377824646082,148.67944251218805,157.75125122070312,5333046
2020-04-23,159.53881708738768,160.43259197303132,152.2992350585053,153.23770141601562,4629629
2020-04-24,151.85232458785717,153.37175257337384,148.5453607400487,150.10946655273438,2729008
2020-04-27,152.29921055481717,155.51680508061875,150.6904269298366,153.9973907470703,4140704
2020-04-28,159.9856738438783,159.9856738438783,149.12631652137517,149.88601684570312,13325257
2020-04-29,149.1710073557328,152.6120457607033,148.05378886553729,151.4948272705078,3900447
2020-04-30,153.01424692843733,156.2765332142538,152.4332987488138,153.41644287109375,4691743
2020-05-04,149.48384624385676,151.76297487829822,144.34464076761057,145.10435485839844,4948952
2020-05-05,147.47285014267615,150.9138887678407,146.3556315809892,147.29409790039062,4097025
2020-05-06,148.00911771094394,152.43330040404857,147.02595994006663,150.02011108398438,7032421
2020-05-07,150.0647764464244,152.65673142795345,149.0816323951579,150.6904296875,4497992
2020-05-08,152.56736669331684,154.5783601391108,150.82450843454652,151.36077880859375,3874840
2020-05-11,152.07577525844118,156.14245328574285,152.07577525844118,155.4721221923828,4258713
2020-05-12,155.06992579716942,157.57249793243128,152.52266219490056,156.58934020996094,3910077
2020-05-13,162.75638395418346,170.71097360412932,162.66700102592426,163.56077575683594,14928662
2020-05-14,161.95201200111833,164.6333367482823,159.6728832384444,163.11392211914062,2891248
2020-05-15,164.45456787957812,165.08020752979655,160.7454078092019,162.48826599121094,6194720
2020-05-18,162.6670142993871,163.06921023353212,152.83549145711646,153.8633270263672,3640916
2020-05-19,156.79362147945318,159.40835956880332,153.50267391479514,157.42477416992188,3512226
2020-05-20,157.3346028748188,163.69110390871322,155.39610180956578,161.97799682617188,2833520
2020-05-21,162.92471364572083,165.62960655768453,160.03949729118557,163.19520568847656,5097083
2020-05-22,162.29355886468733,169.37136679607102,159.76898964189976,168.5598907470703,6953578
2020-05-26,169.32630968846956,171.30989519708683,167.2976398769251,170.00253295898438,5800498
2020-05-27,171.21972011055595,171.21972011055595,166.8919023493074,169.01072692871094,3151132
2020-05-28,168.8304016531179,173.11314882455878,167.1623788305958,172.4820098876953,3701233
2020-05-29,172.21151294137272,175.72786817370618,168.60498911013977,172.70741271972656,8512956
2020-06-01,172.9328282876743,176.40409937769903,169.77711979248974,170.36317443847656,6736796
2020-06-02,170.8590757435288,174.69100752141796,169.68695268343853,172.391845703125,4978019
2020-06-03,174.240174254152,174.9163974401319,168.37957330899297,169.2812042236328,4718925
2020-06-04,169.6418554465395,170.63365498125313,164.14191498055337,168.37957763671875,5769947
2020-06-05,169.5066326066938,177.03525716441868,167.97386261659705,175.90821838378906,7431679
2020-06-08,179.37949674819598,179.37949674819598,171.6705484287906,172.6172637939453,4469383
2020-06-09,173.29346459369827,176.04344172300486,168.46974730052423,169.3262939453125,4251785
2020-06-10,169.5968036369692,175.231997620683,169.5968036369692,173.1131591796875,4235647
2020-06-11,172.66233177487013,175.14181695701578,170.4082543365559,170.85906982421875,3397620
2020-06-12,164.0066713791379,175.77295853593893,163.78126363191106,174.6459197998047,5199081
2020-06-15,173.8795456223399,175.27706268032182,171.40006034711118,172.66233825683594,1996939
2020-06-16,173.6541224539674,178.88357083669683,169.32629124257392,171.85086059570312,5481750
2020-06-17,170.0025106434883,172.6623190734788,167.11729448624783,168.74021911621094,3189979
2020-06-18,168.78530984795677,170.40824829758833,167.43286343289654,168.92056274414062,3259969
2020-06-19,169.8672664181748,174.91640526927245,169.10088836110594,172.03118896484375,7723363
2020-06-22,172.61724409906984,174.28526687392346,171.80578174026334,172.3016815185547,2476845
2020-06-23,172.93282641633445,176.89999726423235,172.30168747568666,174.2401885986328,4619623
2020-06-24,175.14181083742776,178.70325031396547,168.06400242530634,170.13775634765625,6600942
2020-06-25,169.59677939776756,172.52707985049275,167.11729439930778,167.9287567138672,4477214
2020-06-26,169.50662231445312,170.13776124172418,167.8385995172826,169.50662231445312,3303912
2020-06-29,169.5066222980737,170.09267692524085,165.1787908920954,169.10089111328125,3555861
2020-06-30,169.19104051205986,175.77294913044994,169.19104051205986,174.55575561523438,6481812
2020-07-01,175.05166537003518,176.44919626917857,171.6705488839454,173.29348754882812,2866671
2020-07-02,173.74428881089727,177.08032071829524,173.1582341712263,174.6459197998047,2693150
2020-07-03,175.45738280410364,176.94506832126592,173.1582212030197,176.53933715820312,4168368
2020-07-06,178.2975330771053,178.52294083067935,174.33036211732028,174.8262481689453,2632204
2020-07-07,175.4573959367227,175.4573959367227,172.30168747568666,174.2401885986328,2551741
2020-07-08,175.1418113442521,177.26064957148387,173.8344492234862,176.31393432617188,3253782
2020-07-09,177.0803166416446,182.94091793462303,176.3590228733616,182.12945556640625,8857415
2020-07-10,182.30977523073508,184.24829002676773,177.1704815703306,177.80162048339844,6643771
2020-07-13,177.80162643656308,180.05570388570257,174.69100230830998,178.9286651611328,5213191
2020-07-14,178.3876735660641,179.6048669888445,171.30986571624837,171.76068115234375,4391973
2020-07-15,173.56396672233112,174.24018996930124,169.23613519016288,170.09268188476562,4521037
2020-07-16,170.81398758427662,174.01478033685063,167.43287138602176,173.56396484375,3137329
2020-07-17,174.1049391362587,176.3590164748545,172.48200070091048,174.42050170898438,3254793
2020-07-20,175.818049268658,177.6213113124391,175.36723375771274,176.44918823242188,2204858
2020-07-21,181.22782135535124,187.539238019468,180.3261904033345,184.7892608642578,12976607
2020-07-22,184.7892575784286,184.7892575784286,179.51472485759805,181.1376495361328,3320086
2020-07-23,181.67865240262145,182.35487567459148,177.84672052812445,178.4778594970703,3302917
2020-07-24,178.47783133790503,182.58025462549367,177.17046930325688,181.18272399902344,5135301
2020-07-27,185.64580374013545,188.39578083939708,182.1745329001724,186.77284240722656,11855463
2020-07-28,186.4121977085622,197.32193763622053,185.55565106315348,195.3834228515625,8290461
2020-07-29,195.2030944058988,197.9981557642517,192.7236093730294,194.39163208007807,5678086
2020-07-30,194.75230733580509,200.34241710962505,192.09249848254697,199.48587036132807,5871670
2020-07-31,199.48586002165487,203.31779179608213,196.19491235379508,198.4489898681641,6638453
2020-08-03,197.00637426184787,203.58828333886035,197.00637426184787,199.39569091796875,6020079
2020-08-04,199.350616464198,203.0022109504632,198.5842246231465,199.75634765625,4706837
2020-08-05,199.8014255030606,202.10057343635336,197.68258725174763,199.17027282714844,4114590
2020-08-06,199.57602961973976,202.6415695514368,199.35062186717977,201.0186309814453,3245608
2020-08-07,200.1620723151916,203.99400387978423,197.0965325666361,197.9530792236328,4871444
2020-08-10,199.2604331666433,201.5145104649085,197.9530710852087,200.02682495117188,3306247
2020-08-11,200.92847121423927,206.6989040353349,199.5760247320016,200.8383026123047,6916287
2020-08-12,200.61290471821977,201.2440436893692,197.72768816596675,199.9817657470703,2396639
2020-08-13,200.43258618414384,202.73174812487613,198.1785085477,200.1620941162109,2238706
2020-08-14,199.98176476947168,202.4612500965648,197.3219559883313,199.03504943847656,2751124
2020-08-17,199.9366750184796,201.01862947107875,196.64572735894936,197.77276611328125,2479307
2020-08-18,197.90801009540755,206.6538282911166,197.90801009540755,205.752197265625,5469182
2020-08-19,207.55542238170744,209.04312156370816,203.4980834890068,204.6251220703125,4820916
2020-08-20,202.6866411175235,205.84234945507183,201.965333603096,203.1825408935547,1540485
2020-08-21,204.30957911534708,206.20299585884075,202.32598001578728,203.7235107421875,1700347
2020-08-24,204.21942979497075,204.8956530724376,201.19896031916664,202.1456756591797,2503427
2020-08-25,202.5063154977452,203.9489167532696,199.350607194178,200.47764587402344,1638069
2020-08-26,201.60469889508585,201.60469889508585,197.9981748630292,199.12521362304688,2595484
2020-08-27,200.16207391030463,201.6948437967972,198.53913542433745,199.5760192871093,2046018
2020-08-28,200.2522474682121,203.00221096892423,198.6743932429132,200.5678100585937,4113864
2020-08-31,200.6128971008301,202.05551220107856,188.0351474274161,189.83840942382807,4230643
2020-09-01,190.2441318852241,193.26460109362947,187.89988589442024,192.04739379882807,4386376
2020-09-02,192.27279454133588,197.0063568922949,190.4695326933515,195.8793182373047,3871634
2020-09-03,196.8260372241918,198.3588070727401,192.49820595468185,193.4900054931641,3292415
2020-09-04,190.8752675302621,191.68674363214657,186.63760485752024,187.99005126953125,3950168
2020-09-07,187.9900631259464,191.4613479721583,186.14171682806472,189.83840942382807,4220400
2020-09-08,189.7933064754015,189.7933064754015,185.4203910606172,186.1867828369141,2070634
2020-09-09,185.51057156532448,189.79331866100023,184.2032094139933,188.8466033935547,2844517
2020-09-10,190.0638030778874,193.3547504741574,186.90809481819977,192.00230407714844,2591774
2020-09-11,192.0023139018236,193.39984466846985,190.3343048481723,191.551498413086,1841491
2020-09-14,193.219521185347,195.65392207247743,189.16218178753064,190.3343048095703,4594264
2020-09-15,190.1990454529524,196.42030723979968,189.8383985773945,196.0596466064453,3027667
2020-09-16,196.510473952961,199.26045125808224,194.7973805538611,197.09654235839844,4891756
2020-09-17,196.55556412116405,200.79322720157447,196.0145800011977,198.6293182373047,4404608
2020-09-18,199.9366645986384,201.06370329423385,195.69900185475865,198.3588104248047,3567707
2020-09-21,198.3588293937165,198.5842371543912,187.2687648169628,189.1171112060547,2412725
2020-09-22,188.8917070179729,189.83842238227183,183.0311051295872,186.45730590820312,3532427
2020-09-23,186.09662133099883,190.60477605081755,184.4286123393437,188.6662750244141,4129810
2020-09-24,185.8712158319088,187.719562040838,178.0270292765812,178.7483367919922,3308708
2020-09-25,181.8589709385756,186.3671259631204,179.4245699768809,185.28517150878903,4205656
2020-09-28,186.2769745430243,191.6416763693324,185.33025921889995,190.8302001953125,2153072
2020-09-29,192.9941160704507,197.0063712225076,190.0638153543265,195.33834838867188,4723181
2020-09-30,196.5555616809476,196.78096943516888,192.85886900859973,195.6539306640625,3645700
2020-10-01,197.0063796156372,200.1170039106404,196.14983289060697,199.44078063964844,3358699
2020-10-05,199.44076638789736,202.1456592785772,197.86291220166748,199.5760192871093,3259415
2020-10-06,201.01862808402143,205.3464596223528,198.448987996554,203.1374664306641,4929339
2020-10-07,203.76861645351045,214.36278124700047,202.866985407256,211.7029724121093,16914910
2020-10-08,211.70297860954705,216.34637313057007,208.63742470786136,214.7234344482422,8142299
2020-10-09,213.28080472505903,216.88732853775824,211.88327399607883,215.8053741455078,6602984
2020-10-12,214.5881751294277,218.51027543008016,210.26034363576213,214.9488220214844,6441927
2020-10-13,213.6865519668595,224.8217005788001,213.5062285142276,217.96929931640625,16150050
2020-10-14,218.1496015099618,223.60447140672545,216.5266630788376,222.3421936035156,10384771
2020-10-15,223.6044896892976,225.40775170292093,217.11274919181287,219.4119110107422,8031726
2020-10-16,219.3668291596996,224.50612320438503,216.52668320183312,223.6044921875,12591419
2020-10-19,224.68643675800493,225.1372522465875,219.45697433888748,223.24383544921875,10966621
2020-10-20,225.3175875683651,229.82574269184417,222.7479474026606,226.71511840820312,20195023
2020-10-21,227.12083150964963,229.28475405107085,221.7561300919911,228.4282073974609,9477826
2020-10-22,228.1126261662955,230.45687209641943,224.95691789917285,228.6536102294922,11569723
2020-10-23,230.36670802904672,230.8175235046417,220.89958304155164,223.06349182128903,15337661
2020-10-26,224.2356191634862,224.5061112056548,218.6004256091274,220.9446716308593,8116705
2020-10-27,220.94467920559944,231.7191668993605,219.68238755146933,230.6822967529297,13206984
2020-10-28,228.879031700908,229.6454097856748,225.7233232443696,227.0306854248047,4873497
2020-10-29,225.85854351614404,229.91588262122443,224.23560512255267,229.0142517089844,4794121
2020-10-30,229.78067886986483,239.6535223697905,227.57167178849,234.15359497070312,18101740
2020-11-02,234.424062425024,236.1371558396264,231.89950660514623,234.8748779296875,6267645
2020-11-03,236.3174635146581,237.17399635711925,232.30519501833624,236.227294921875,5173220
2020-11-04,236.22732641424565,239.2026977636069,234.1084880215332,238.3912353515625,4122454
2020-11-05,242.6791991307396,249.2797707207937,241.86014494984497,246.4371795654297,12065738
2020-11-06,247.641667150682,247.641667150682,237.6685435456457,238.96939086914065,8457488
2020-11-09,240.36657794915823,242.82372573352205,238.10215916996708,240.2220458984375,8012202
2020-11-10,241.86015218734352,247.0635121300305,239.35482202047373,240.8002014160156,8645746
2020-11-11,242.34195814262296,251.39966361937337,242.34195814262296,250.24337768554688,9322013
2020-11-12,248.7016062573896,254.7240200596011,246.8707983427808,253.2786407470703,6698839
2020-11-13,251.9778086769393,252.7004983767776,246.437187644846,248.31619262695312,7158835
2020-11-14,250.4360694309344,251.39965571532147,248.6534289235544,249.56884765625,489361
2020-11-17,251.49600499210905,262.0954534783665,250.53241876608564,258.2892761230469,13207472
2020-11-18,257.4702238107725,257.9520168722401,251.1587170617591,252.4595642089844,8891945
2020-11-19,250.38787285600765,256.16938989217647,247.11168575010856,249.27975463867188,7297426
2020-11-20,249.6651789038197,252.3632083781253,244.5099870878955,247.73800659179688,4879945
2020-11-23,249.5688405767119,252.9413924763972,248.1234611911325,248.74978637695312,6727698
2020-11-24,248.79797973312336,250.9660487801173,245.28088112388204,245.8590240478516,4054652
2020-11-25,246.62989257240287,249.7615625223577,245.9072029000655,246.8708038330078,6671995
2020-11-26,248.3162005096817,253.03776748391263,244.31730855507053,251.255126953125,5364946
2020-11-27,251.88143525692465,253.61590811895857,248.1234548319949,251.544174194336,10177429
2020-12-01,252.6522931960973,259.73462767461814,251.39961359249284,252.4595642089844,6262243
2020-12-02,252.4595826357887,254.5794840235015,249.76155305716964,252.94137573242188,5076458
2020-12-03,254.8685486326408,254.8685486326408,249.85788865502988,251.5923614501953,5223075
2020-12-04,252.4595854165009,253.42317162038069,240.8001864682922,243.35369873046875,11266087
2020-12-07,246.91895756489268,246.96712511115925,241.42651930310524,243.8836669921875,9578732
2020-12-08,245.2326767049041,250.1469719818254,243.78729747088693,247.73800659179688,9736539
2020-12-09,249.4724768591362,250.1469990037352,241.86015128559444,243.64279174804688,13190004
2020-12-10,241.57106974485168,241.8601485602568,236.2713453740094,239.2584686279297,11038230
2020-12-11,240.4147687384042,241.33017273284844,234.87414781557524,236.84950256347656,7933577
2020-12-14,238.00580546006472,239.93297797391145,236.1268151996961,237.475830078125,4162472
2020-12-15,238.92120021239108,239.16209676729432,234.24781586916376,238.58395385742188,7713444
2020-12-16,240.0293292007169,240.60747210098825,236.17498438627365,238.24668884277344,7488289
2020-12-17,239.4511684120124,242.3419269843908,237.23491723255728,237.764892578125,8321438
2020-12-18,238.05401031918805,243.0164741323158,237.52403488692173,241.90835571289065,7695230
2020-12-21,241.7637884274021,241.7637884274021,217.722314014502,226.8282012939453,12498745
2020-12-22,227.0209020473897,230.44162110570284,218.97495184105367,228.9480743408203,10098570
2020-12-23,226.34638619023897,230.05619883810624,223.07019908281296,228.5626373291016,8750579
2020-12-24,245.7144892502232,251.39964213984703,236.07862692668505,237.7167205810547,24151514
2020-12-28,238.0058025373169,238.8248567269074,235.78955123297723,238.19851684570312,4547753
2020-12-29,238.5357785241713,239.2102859568316,233.66966503336016,235.5004730224609,5978220
2020-12-30,236.56041328951088,243.78730982585031,232.8987827704672,243.2091522216797,10481131
2020-12-31,242.82375850730355,243.49826600696943,237.9094622752962,239.78846740722656,7969910
2021-01-01,239.9329663194707,242.53464614615848,239.11391215960657,241.71560668945312,4011077
2021-01-04,243.69094848632807,244.55818490383763,240.8965543372792,243.69094848632807,4860584
2021-01-05,242.8237168645817,247.3043867111768,241.33015534799728,244.943603515625,9383253
2021-01-06,246.09990837498023,252.4595831446196,244.02820393654545,251.5923614501953,8653520
2021-01-07,255.35037515734533,257.37391231344134,251.6887588987495,253.42320251464844,7685276
2021-01-08,255.3503535381284,261.51729959137043,254.6758314077645,260.1201171875,8135272
2021-01-11,259.011977835646,261.90273664812565,256.31394803985944,260.50555419921875,6276642
2021-01-12,260.16827125834976,264.60077361290354,256.9884485943856,258.33746337890625,5997355
2021-01-13,258.3374547522222,259.59010499466507,251.5923516485417,255.25396728515625,5267492
2021-01-14,255.3503739246281,260.65009866646005,253.5677333574751,257.3257141113281,4747011
2021-01-15,256.6993756900251,257.27753333158466,250.14700083586823,254.483139038086,5926799
2021-01-18,254.483128849291,254.91672500836128,238.9693846878864,246.7262420654297,7230336
2021-01-19,247.59349161731487,253.23044749350805,246.96713704767765,252.4114227294922,3685114
2021-01-20,251.4959880621664,254.24221450272915,248.26796854102489,252.55593872070312,4999049
2021-01-21,253.90496472232056,255.6876050807616,240.02932926771527,243.35369873046875,8233030
2021-01-22,245.7144979450077,250.43606476935383,241.7637883712948,248.31619262695312,6396348
2021-01-25,251.8814361538622,254.6276628071232,245.61812562123663,247.64166259765625,9713572
2021-01-27,246.77444309482144,251.01421668930809,242.05286167493128,243.30552673339844,9165809
2021-01-28,240.8965633761498,241.3783565029021,237.04221836213145,238.96939086914065,9545181
2021-01-29,242.58284250948665,242.58284250948665,232.9469798477394,234.4887237548828,9156862
2021-02-01,237.427633076112,252.45958363162475,233.28422419124948,251.3032684326172,8108261
2021-02-02,254.09770854429016,269.41872419821794,251.5923783868315,266.1907043457031,12896237
2021-02-03,266.04619155294705,268.55152189182223,258.24113639989497,259.15655517578125,8099652
2021-02-04,258.24111113299153,264.98621478198754,256.4584707159217,262.8181457519531,7803083
2021-02-05,263.0590372867903,265.56436733269,258.77106685786686,261.4209289550781,5119967
2021-02-08,262.577253353513,268.0697067458204,262.0954602280937,264.3598937988281,5445773
2021-02-09,266.76882183865763,269.27415161910506,260.02371903316094,260.6982116699219,4725675
2021-02-10,261.46915427582513,267.68426840702773,261.1318931819644,261.9991149902344,6276033
2021-02-11,262.28817904250263,267.6842383123342,261.6136569306149,266.8170166015625,5475278
2021-02-12,264.9862173185846,274.5257152607899,264.2635276349884,267.3470153808594,9937677
2021-02-15,270.76775153392833,275.4893185441812,268.8405789251459,273.0803527832031,7339663
2021-02-16,275.4893054990376,276.8383203800417,269.9968814678806,273.7066650390625,6116048
2021-02-17,275.34478383088924,279.82545422193897,273.85123683597936,276.2120056152344,10058896
2021-02-18,279.4400304744146,279.9218236304049,270.5750246416635,272.502197265625,7081013
2021-02-19,277.994650112016,277.994650112016,263.10722987728457,265.2752990722656,18015854
2021-02-22,265.46798958275457,266.8170043382096,255.97665993600992,257.2293395996094,7287185
2021-02-23,259.20473472074747,260.9873753947011,253.56774854908755,255.0613250732422,7106597
2021-02-24,256.3139551634913,260.45736448067385,255.3985364182365,258.6265563964844,3316417
2021-02-25,261.32462245884625,271.34591433289813,261.27642549892244,269.5151062011719,9436339
2021-02-26,266.9134152149152,277.9946580848484,261.61369036407746,263.5408630371094,21250569
2021-03-01,265.5161755947613,269.466885044034,263.5408355732841,267.7806091308594,4095441
2021-03-02,268.744191651979,273.0803296544874,267.0097482135028,268.6478271484375,4657410
2021-03-03,270.47865246570524,275.4892829574926,269.37050483374554,271.8276672363281,5079575
2021-03-04,271.2495317851028,283.5834241321642,268.5996695740582,281.3671875,10478749
2021-03-05,281.3190482921142,287.4377981253813,272.8394707186744,274.42938232421875,14706128
2021-03-08,276.5492091808836,280.40355355971127,273.85117987822986,275.3447265625,4470385
2021-03-09,277.32012673621875,282.6198514121851,274.814825869,280.4517822265625,6082622
2021-03-10,281.8971481796813,283.1016310028834,278.47642872431504,281.3671875,3837384
2021-03-12,282.3308042219884,283.19802606700307,277.0310792280602,278.958251953125,5744777
2021-03-15,280.3072281889422,280.3072281889422,268.8405579428925,273.3212280273437,4879115
2021-03-16,274.52571340060973,279.44000909702805,273.8993882270008,275.15203857421875,7122222
2021-03-17,275.48932924411423,276.88654120227693,269.8041757086603,270.62322998046875,5016639
2021-03-18,272.69489228776627,275.5374833161903,267.347000685639,270.8158874511719,4353319
2021-03-19,268.8335117338441,275.2158959722359,265.013743197845,274.10382080078125,6753108
2021-03-22,275.07083505438004,287.9806215714806,268.8334992563147,285.8531799316406,11182565
2021-03-23,287.4004313222256,296.29706186429814,283.87075922312937,294.411376953125,11750637
2021-03-24,292.8641484044933,297.3608182910196,290.97843384982565,293.7828063964844,9936778
2021-03-25,296.8772914254324,297.0707086315414,283.3389133148264,284.40264892578125,6506272
2021-03-26,287.8355939037225,291.6553625341671,283.8707771188624,285.17626953125,7195972
2021-03-30,287.0136234511345,293.49271664452186,285.61145190213153,289.96307373046875,6088708
2021-03-31,289.38282532295915,300.6970528544005,289.14106857665763,298.6662902832031,7721201
2021-04-01,301.56737068388014,303.11461975962715,297.119040657853,300.7453918457031,4689185
2021-04-05,300.1651917525333,304.5168134968845,291.6069964197114,295.9586181640625,7064466
2021-04-06,296.8773290256432,299.39160546688777,293.29931683871905,295.4267883300781,4010075
2021-04-07,295.6201580041482,301.0354854540309,295.4267408046575,298.4728698730469,2808495
2021-04-08,299.7783793985792,316.12113030868875,299.1014486728274,310.2222595214844,7223424
2021-04-09,315.2508112697888,319.02221077842046,303.9365832325709,305.91900634765625,13515479
2021-04-12,300.6486803174491,301.90583309045485,289.6729182601712,294.26629638671875,10520709
2021-04-13,294.94322952914496,298.85967700197057,288.6575541457369,292.3322448730469,5975419
2021-04-15,293.00916809209525,296.39376244299405,283.33889851809874,285.46636962890625,9069002
2021-04-16,287.15868288634914,295.3784124845828,285.65977331164254,290.7850341796875,5575878
2021-04-19,285.27297184108346,292.2839177592118,282.75869567852465,291.0267944335937,7452061
2021-04-20,299.00475438252386,303.5014239427035,282.8070524479138,285.94989013671875,12222234
2021-04-22,285.1762492440926,287.4971080836095,275.8927843747038,285.8531799316406,7474006
2021-04-23,283.53231571410697,288.94764306648847,282.5652887567073,285.46636962890625,6813166
2021-04-26,287.2069988117913,294.45970080198805,285.5147016807454,293.3476257324219,5179998
2021-04-27,293.92789188054746,297.3608261996231,292.0905168250512,296.442138671875,3740765
2021-04-28,298.2311163353317,300.9871491454337,294.4597169952918,298.6662902832031,4312684
2021-04-29,300.7454338296671,304.6135423033606,297.11908213557945,303.6948547363281,6658734
2021-04-30,303.6465065987291,309.3036209838048,296.63556018840814,298.8597106933594,19822885
2021-05-03,294.4597251684685,302.4860375639339,291.2685478332407,301.3739624023437,6232670
2021-05-04,304.6135045074943,304.6135045074943,296.103678725782,296.8289489746094,5668182
2021-05-05,300.6486899502259,302.0025218549524,297.0223386815001,301.1805725097656,2600385
2021-05-06,302.6794323458573,305.77393035967214,299.8750601209553,304.03326416015625,3861134
2021-05-07,304.6134866877877,307.32115032048443,300.8420875167744,301.95416259765625,3399984
2021-05-10,303.83986435958934,304.7585222095367,299.7783395673748,301.0838317871094,4632214
2021-05-11,297.36079104587685,306.4508385934704,296.0069592002899,304.51678466796875,3809984
2021-05-12,303.54979798735627,304.51682507843503,297.8926836022806,298.8597106933594,3974894
2021-05-14,298.9080530326929,301.5673772954192,290.10810138831624,296.9739990234375,4140603
2021-05-17,297.7476218431121,301.42234232818623,294.5080753336794,299.9718017578125,4763864
2021-05-18,304.1299902863896,306.4992182314641,299.8750774056329,305.2420654296875,4169602
2021-05-19,305.0970148206966,314.1870626088112,304.6135013265275,307.1761169433594,10886866
2021-05-20,308.9167858724075,311.38269290924075,303.9849422874192,309.4486389160156,5608173
2021-05-21,312.0596444220804,313.6552331706336,309.69041631785143,310.8508605957031,4039119
2021-05-24,310.8508356949078,317.4749469237697,308.96512127228544,315.4442138671875,4875842
2021-05-25,315.782624360404,316.3145068655134,310.6573935629591,311.6727600097656,3511483
2021-05-26,311.67280231376543,314.2837871189754,308.8684298078915,312.4464416503906,3103367
2021-05-27,311.3826823795057,323.9540329103553,308.9651149697269,319.2156066894531,12478623
2021-05-28,319.2156047660525,320.4727280070344,313.55849115899235,314.9123229980469,2648245
2021-05-31,314.67058215505256,317.62003223300394,311.86620973719954,316.0244140625,2664186
2021-06-01,316.2178569055102,318.05520246538737,312.44645717495706,313.5101928710937,2649537
2021-06-02,313.70358485803376,321.4398016462039,311.9145788235044,320.18267822265625,5346766
2021-06-03,321.14968426829535,324.92108380303017,320.47275353917644,322.9386901855469,3322366
2021-06-04,322.7936156874485,326.1782103435957,320.27936898051223,321.101318359375,1739342
2021-06-07,322.79359179007423,331.4968345472684,322.16503015987445,327.8704833984375,4163074
2021-06-08,329.127685546875,330.5298571613215,325.3079166258582,329.127685546875,2954871
2021-06-09,328.78919742558884,330.3364466098563,321.2947377783879,323.32550048828125,2484987
2021-06-10,324.72765024779306,332.8023314869749,323.76062326133587,330.2880554199219,3729387
2021-06-11,330.6265286926669,331.8836815119885,324.8727356921194,326.5650329589844,1478762
2021-06-14,326.75845730300495,329.6595386572986,321.5365167675416,329.127685546875,1670528
2021-06-15,328.7892051880507,333.0924874722475,326.32329795367,330.19140625,2056457
2021-06-16,329.7562265900951,332.6573077624419,326.4683404970333,327.7254638671875,2006979
2021-06-17,325.50129470035216,337.39571501767864,324.9210725970217,334.8330993652344,7239110
2021-06-18,335.4616831531996,336.0419052948224,324.2925323500883,330.0463256835937,3129778
2021-06-21,326.7584273062425,334.4463039938957,323.9540548234681,333.382568359375,2879360
2021-06-22,333.96278096589964,339.90999112456285,331.8836788143438,334.8330993652344,2549800
2021-06-23,335.46164531846114,337.0088943511754,332.1737595685187,333.76934814453125,1690045
2021-06-24,333.76936725082754,336.3803519874537,331.2550911176547,335.0748596191406,3375247
2021-06-25,335.4616857545332,337.9759620468462,333.7693883766163,336.5737609863281,2206671
2021-06-28,338.2176670320032,339.2814025518088,332.4155054817758,332.9957275390625,2552962
2021-06-29,332.9473892966736,334.3979298184621,330.7232389677934,333.0440979003906,1671869
2021-06-30,332.2221276394389,335.0265296632479,328.450728087384,329.4177551269531,2767540
2021-07-01,330.04631169257203,331.30346453135,327.4353564329368,329.07928466796875,1909998
2021-07-02,330.23974523916786,330.6749192262967,326.1298801812865,328.0639343261719,955697
2021-07-05,329.5627981802704,333.8660802442841,328.30567485281523,329.07928466796875,1403833
2021-07-06,330.046291413994,348.08136792379923,330.046291413994,340.2484436035156,12291310
2021-07-07,342.1341461451269,346.7275244669496,339.08801694976165,345.663818359375,4334221
2021-07-08,345.90559026554007,349.9187466518222,344.0198756989223,348.8550109863281,5505696
2021-07-09,349.00006853678786,352.433032390046,345.76052190476173,351.6110534667969,2443343
2021-07-12,352.09452857368484,363.9889485979354,351.659354629079,359.4922790527344,6429310
2021-07-13,361.2329382166209,361.9582084950732,355.0923401347831,356.7846374511719,3725976
2021-07-14,358.7186563757046,363.4570824950035,355.9626236853887,360.7010498046875,4877918
2021-07-15,361.6681092582996,376.1735147098357,361.378012953798,373.4658508300781,7207046
2021-07-16,374.6746201111421,374.9163768593074,369.1142149033397,370.419677734375,3141218
2021-07-19,369.6944258485816,375.5449571515077,367.85708037354857,373.8042907714844,3708612
2021-07-20,378.1075499935185,395.4173270704971,374.8680037012841,391.1140747070313,16347083
2021-07-22,393.8217398694531,393.8217398694531,384.9734488538402,387.0042114257813,4093799
2021-07-23,389.953660653017,395.9975797579925,387.2943362468278,389.0349731445313,7785242
2021-07-26,389.228350410888,395.99753911368606,378.05920085579953,394.6437072753906,8586195
2021-07-27,395.36898673158095,400.3491697770261,388.3096720697826,395.3206176757813,7469960
2021-07-28,396.9162444467242,398.1250281982232,389.6635419377305,395.9008483886719,3242782
2021-07-29,397.8349241406204,399.575590544734,391.6942964450345,395.2723083496094,3312853
2021-07-30,398.2217012874792,401.6546647967894,392.6129565695852,397.5931396484375,2700828
2021-08-02,398.4151247479891,406.10300121695127,396.916244699704,404.3139953613281,2758639
2021-08-03,406.9733162498337,409.1007579294363,400.9293975384821,408.27880859375,2912201
2021-08-04,410.50297514534174,413.3073476362962,404.21729943640247,405.232666015625,3559071
2021-08-05,403.7821235772484,407.6986007458939,401.0261201575962,405.0876159667969,2472169
2021-08-06,405.1843285169356,405.1843285169356,389.0349651939509,390.5822143554688,5940472
2021-08-09,394.4019439622328,396.4327064414882,389.7118573940601,392.0810852050781,1861592
2021-08-10,393.7250694053975,393.7734384661536,382.2657926142813,387.4877624511719,3317325
2021-08-11,386.71408839118993,391.6459319551112,378.88116384982334,385.1184997558594,3337019
2021-08-12,387.1008840902237,394.5470035599772,382.41082689715824,386.6173706054688,4066743
2021-08-13,388.2613357500696,391.5975906637833,383.13610451729977,389.1800231933594,2351561
2021-08-16,389.17999644369263,390.8239245037951,382.3624389388984,383.1844177246094,1762903
2021-08-17,385.2635325618937,389.5184452571253,379.3163226972036,388.2613220214844,2736839
2021-08-18,391.5492268832757,397.4480974928549,387.68111887847897,395.9008483886719,7112861
2021-08-20,394.45030506080593,400.0107102778632,377.1405277656225,378.8811645507813,6967987
2021-08-23,383.61963525206016,383.61963525206016,368.679055808851,377.7691040039063,5438059
2021-08-24,379.7515018705107,383.4261925417927,373.5625056706154,382.3141174316406,3978409
2021-08-25,383.8130206960288,386.1822487141277,380.0416211971007,383.95806884765625,2891821
2021-08-26,384.8767446098956,387.6811169975023,378.25260378155633,385.2152099609375,3558058
2021-08-27,387.77783619238255,397.88328038646375,384.3932416121498,396.5294189453125,4555890
2021-08-30,398.5118581270524,406.53817093661104,398.4151495185938,403.9272155761719,5235500
2021-08-31,403.9272308757374,408.520609593928,399.81736570683,407.166748046875,6342929
2021-09-01,409.0524081301435,410.0677746436686,404.99088305340086,407.6018676757813,1910281
2021-09-02,407.6502170345889,417.75566091447945,407.6018774894748,414.5644836425781,4193528
2021-09-03,416.6436114399169,423.4128008068975,411.4700108071742,422.6875305175781,4507212
2021-09-06,426.313867515105,427.4259426854384,422.2523422280447,423.8479309082031,3574072
2021-09-07,422.73587026535233,427.9094709005389,419.6897409510369,426.94244384765625,2060092
2021-09-08,426.89408804142016,426.89408804142016,419.2062114592645,421.575439453125,3195625
2021-09-09,418.67436124962575,425.8303553147794,417.8523823781307,423.8963012695313,1362416
2021-09-13,422.6874878470506,425.2017638318048,420.0765032645518,421.8655090332031,1790853
2021-09-14,422.155644204473,422.4457700244332,414.3710883057096,418.19085693359375,2872240
2021-09-15,418.190829141474,423.6061566182925,417.22380216185337,422.6391296386719,2587288
2021-09-16,422.6391567929546,425.2018020626547,413.6941566567535,416.0150451660156,3329646
2021-09-17,417.658980070844,418.09415405108064,404.6524838592815,405.95794677734375,5274442
2021-09-20,403.15355639582094,405.3777362357053,394.78877862363487,396.2876586914063,4182620
2021-09-21,394.30525265703074,400.3491713059736,389.13165239127136,399.5755615234375,4386443
2021-09-22,400.97775959411774,408.9073931931011,399.4305104148864,405.6678466796875,3233311
2021-09-23,407.9887059904042,408.9557330392136,401.41293386302993,405.7161865234375,2177190
2021-09-24,407.11835551647374,409.5359229482818,395.3689837001509,397.1579895019531,2871092
2021-09-27,398.415153247888,406.15136981580815,394.01519187941307,404.2173156738281,4682546
2021-09-28,407.1183585576762,410.5029529874906,397.5447973584654,399.4788513183594,4657118
2021-09-29,396.4810909652805,396.4810909652805,387.9228956604725,393.0481567382813,5728780
2021-09-30,394.54701010862334,394.8854754558338,385.2635451449797,387.0042114257813,9312005
2021-10-01,386.714083477482,391.4525097781704,382.942684156988,388.9866027832031,4662848
2021-10-04,391.54921699932754,396.43272093890135,389.2283581572999,393.0964660644531,4122450
2021-10-05,393.0481167585372,394.1601918519604,389.5184447718645,390.3404235839844,2505330
2021-10-06,390.6788879174886,392.4195246234839,380.5251049394351,381.8789367675781,4685363
2021-10-07,385.79543438740063,391.355839650846,384.1998162244848,389.61517333984375,5508787
2021-10-08,391.5492292539866,392.6129648640107,388.0195865805032,389.7602233886719,3321119
2021-10-11,390.67887965539785,393.5316209029541,387.1008682104616,389.66351318359375,3522402
2021-10-12,389.5668439870824,391.64594619424406,385.4086100614362,390.2921142578125,2117480
2021-10-13,392.6129479738745,394.4502933059708,389.7602066212601,390.6788940429688,3780216
2021-10-14,393.5800110049933,401.1228102221812,391.8877136603773,395.2723083496094,5426954
2021-10-18,404.2173040314048,404.2173040314048,396.04591371236495,397.0613098144531,5319195
2021-10-19,398.65687496712906,399.1887280048852,374.2877831160955,376.511962890625,8255248
2021-10-20,378.1075684215368,386.71410307925095,374.8196824244837,379.79986572265625,5245333
2021-10-21,381.8305999716359,381.8305999716359,365.7296070357209,367.37353515625,9834178
2021-10-22,367.66369990368855,369.11424049324336,359.7340662095927,363.6988830566406,5253226
2021-10-25,365.536225356284,365.72964257105485,353.690143978997,363.5054626464844,3368928
2021-10-26,365.2461305439429,368.7274043335122,360.9428483438869,367.8087463378906,3427318
2021-10-27,362.6351362853399,374.2878001934463,361.37801295074655,369.25927734375,5357395
2021-10-28,370.9515367729409,379.5580705598037,368.2438436583338,377.1888427734375,7419992
2021-10-29,379.0745809524772,393.4349376892933,369.6460677782765,391.4525146484375,10104769
2021-11-01,392.6129678412633,399.04369158467466,389.66354725191087,396.2876586914063,3997407
2021-11-02,396.4810710834389,400.7843530497269,391.7426446727548,393.8217468261719,1970517
2021-11-03,395.2723050867977,401.0261278155264,390.1954130948572,399.2854614257813,2147236
2021-11-04,399.5755615234375,401.02610199918377,398.6568740842696,399.5755615234375,320391
2021-11-08,401.31621586576046,416.16008661992726,399.8173357797066,415.5798645019531,7089536
2021-11-09,416.6919301541215,420.6567467730978,412.4370172384511,417.0303955078125,2378131
2021-11-10,413.500773412041,419.1095185101232,410.79307995915855,414.2260437011719,2202717
2021-11-11,412.4370295659679,412.67878632421287,403.10522459997554,407.3117980957031,1653866
2021-11-12,410.0194849158293,413.0656143378211,405.86128024597696,408.9074096679688,1246774
2021-11-15,409.0524352484004,411.0831979214018,404.31400868561263,407.3601379394531,1057472
2021-11-16,407.40846935686073,410.0194541002356,394.3052651164412,396.2876586914063,1933354
2021-11-17,394.3535653755585,397.3997237764661,391.69424135092567,395.6590576171875,1448686
2021-11-18,394.5470191859904,398.2700790683187,383.4262085961892,387.6327819824219,1868114
2021-11-22,387.6327640325252,389.5668179585836,372.305380766248,375.8833923339844,3484890
2021-11-23,374.2394717821881,383.7163251545719,370.5647807630165,382.7492980957031,2061119
2021-11-24,383.9580499352852,385.40859040275706,377.9141313208189,380.5251159667969,2461617
2021-11-25,379.9449452239047,380.5251673915698,376.173545401069,377.7207946777344,997067
2021-11-26,373.272422428514,374.9647196804567,358.67030880948647,360.072509765625,5577674
2021-11-29,357.79997564545937,363.0219153336965,348.1780455769518,356.9779968261719,2691096
2021-11-30,357.79999141336714,365.6329160465728,354.8989104019074,362.2483215332031,4809537
2021-12-01,367.0834726959099,367.9054515875703,355.9142926037981,359.1538391113281,4416048
2021-12-02,359.63731464067143,366.8900167220697,355.8659154606084,364.9076232910156,2307562
2021-12-03,364.8592742381201,374.6262528120801,363.40873374232376,364.182373046875,5101471
2021-12-06,366.1164277893415,366.45489314131663,356.1560319910616,357.9450378417969,1157264
2021-12-07,360.60436821843626,364.8109416386012,358.67031418721774,360.4593200683594,1229614
2021-12-08,363.9889914162038,367.85709978303134,362.8285766129504,364.5208740234375,1526507
2021-12-09,366.8900189434344,368.4372679657647,362.7318148627847,365.10101318359375,1862168
2021-12-10,365.1493838454852,368.7757349241056,364.2306964343731,365.1977233886719,1486593
2021-12-13,370.032889728584,370.032889728584,366.1164420340803,367.3252258300781,2654339
2021-12-14,365.4394925598045,368.2922339765668,361.6680932119972,366.0680541992188,1789446
2021-12-15,366.1164283625257,369.30760566026544,362.925221553464,366.4065246582031,1796520
2021-12-16,367.4702463776521,369.0174954225591,362.248306673497,363.3120422363281,2366346
2021-12-17,363.2153250638834,364.7625740722672,354.8988874662255,356.4461364746094,1784077
2021-12-20,349.2901600190804,352.1912409843175,335.5583649790959,338.7495422363281,6661464
2021-12-21,341.40887096761713,351.80441123047103,339.66823416999364,349.53192138671875,2065774
2021-12-22,349.33850548603283,354.8989107636652,347.839625433113,351.7560729980469,1383949
2021-12-23,354.8989285719302,358.28352325858344,352.9648744652711,357.21978759765625,1546807
2021-12-24,357.3164751707272,358.57359846152167,351.2242168979201,355.76922607421875,1174085
2021-12-27,354.8989065146675,358.5252577392724,351.9978255349836,357.75164794921875,635418
2021-12-28,357.9933960721957,368.6306927414132,356.5428556173024,367.6636657714844,2526008
2021-12-29,368.19554812836617,369.5493800918394,362.1516290848933,363.4087524414063,935759
2021-12-30,363.3120673622329,365.4878781820488,357.4131965706896,358.7186889648437,2179706
2021-12-31,360.12086010171924,371.6284758574767,359.7340551919495,365.0527038574219,1907096
2022-01-03,366.2614683402601,376.608668821332,365.7296153062748,374.2394409179688,1643912
2022-01-04,374.7712818359198,378.7844672785663,370.6614173075444,377.57568359375,3034913
2022-01-05,377.0921851776984,381.6371943073047,375.9317409894082,380.7185363769531,1521048
2022-01-06,377.2372307571747,380.0416030965901,370.90318633210535,374.2877807617188,2579347
2022-01-07,374.2877719724577,388.69649724351433,374.2877719724577,384.1514587402344,2731750
2022-01-10,386.8108126448458,388.6965271610186,384.1998278549639,386.1822509765625,2408661
2022-01-11,387.7778152974687,391.6459231807352,380.3800648729857,384.5382690429688,2105501
2022-01-12,385.1185251864361,389.4218073916677,382.6042489376936,384.7800598144531,1370663
2022-01-13,385.8437744024186,387.2943149076909,381.6372010348647,383.3294982910156,2490304
2022-01-14,382.0723723687291,391.64593373555607,381.20205397380334,389.4217834472656,2146874
2022-01-17,390.19537259808766,395.2239245203607,381.9756435594662,394.35357666015625,3057067
2022-01-18,396.4810966990746,396.4810966990746,366.5032576803642,368.0988464355469,7265319
2022-01-19,369.3559794828443,369.4043190289736,360.7977845140709,362.4900817871094,3999114
2022-01-20,362.8768901921257,367.2768513399595,360.1692263336622,362.7318420410156,3354873
2022-01-21,362.2483294387639,362.2483294387639,352.0461766190229,356.4945068359375,1426135
2022-01-24,355.86593784273896,358.96043606329164,337.4924247475975,341.2154846191406,4250468
2022-01-25,340.3451776334892,344.7451388493371,332.125447815202,339.9100036621094,3178488
2022-01-27,339.32978342881063,342.61766947218763,329.22436853797075,340.0550537109375,2852549
2022-01-28,342.7143529942567,354.9956073438919,341.36052113564307,348.806640625,3157848
2022-01-31,352.5780407674382,357.0747102961204,351.03079170613864,353.1098937988281,1955762
2022-02-01,357.800010702011,370.226314273251,354.41541600618115,367.8570861816406,6354846
2022-02-02,371.048256923322,373.562503414106,365.3911432964164,367.4702453613281,3322525
2022-02-03,364.859256793235,371.6284454499653,364.859256793235,369.3075866699219,3772405
2022-02-04,370.37136242937896,372.2087079334218,365.5362271496221,367.8570861816406,5637748
2022-02-07,367.47025184080456,371.2416511548012,361.86150716986816,370.0328674316406,2535377
2022-02-08,370.3713660927069,373.369155898072,360.9428522039239,363.8922729492188,2089451
2022-02-09,366.8416920941759,373.1757070315928,364.424124635418,370.1779174804688,2140597
2022-02-10,369.1625622756824,371.7251779583048,361.0878808134914,362.4900817871094,4638095
2022-02-11,362.63512365094095,363.4571025001474,354.51210278342427,355.76922607421875,2050063
2022-02-14,350.0637768385595,352.9648578620834,342.37590032169203,343.39129638671875,1341336
2022-02-15,345.2286375686803,352.9648535366059,342.0857998317105,351.5626525878906,2027130
2022-02-16,353.0615533997806,355.7208775729336,347.6461964540047,348.806640625,1368175
2022-02-17,350.5472638250656,352.48131769444524,345.71212915161635,347.936279296875,1439893
2022-02-18,341.07041557187733,342.32753879682906,326.0814979126941,327.1935729980469,11901556
2022-02-21,323.1804192572537,330.0462870094012,320.32767794349286,327.386962890625,5812598
2022-02-22,322.98701616612925,327.29029809622466,320.18264378431644,326.2265625,3078034
2022-02-23,327.72541335364025,329.2726623093401,318.73207491007145,320.0375671386719,5312647
2022-02-24,305.5805315059308,311.7211588482669,292.090493073213,296.8289489746094,12821969
2022-02-25,300.7453597366888,305.5321545981184,296.0069339260593,298.5212097167969,5240212
2022-02-28,296.2003976699904,305.53223306954783,292.9608803984124,303.8882751464844,7116898
2022-03-02,302.4860550921301,304.46847828849667,291.0751474932691,294.12127685546875,6623505
2022-03-03,298.4245475654872,300.8421151421498,278.4070762261923,280.6312561035156,11872107
2022-03-04,275.79612372331206,286.4334211675849,274.34558316272944,282.9521179199219,6171233
2022-03-07,278.4554413991119,279.47080796261315,268.83351077372475,271.9280090332031,6936569
2022-03-08,271.7829544135135,275.1675492605626,264.96542516898745,273.57196044921875,6513565
2022-03-09,276.3762730284399,283.00041311931744,271.7345557664935,282.03338623046875,7788795
2022-03-10,290.1080896767114,292.0421436078895,281.40484698641006,283.5323181152344,5031572
2022-03-11,283.3389044247107,286.2399853573869,280.7279197807735,283.7740783691406,4357253
2022-03-14,284.93452283382743,287.69055591035965,279.519165290897,281.5982971191406,2658414
2022-03-15,283.9191189958974,291.8970913495162,283.1938487819321,285.3696594238281,6826748
2022-03-16,290.10810236504074,301.18057340983535,287.2070213413903,299.1498107910156,6876362
2022-03-17,303.8399152406174,304.516816478461,295.37842843264235,296.10369873046875,9901093
2022-03-21,295.9102603377468,299.0047585248925,290.10809837034003,290.4465637207031,4583683
2022-03-22,290.54327962057283,292.91247810998266,286.28833712853725,290.9784240722656,3537814
2022-03-23,293.0091747405648,293.34764008559864,285.8048119399398,288.02899169921875,4697043
2022-03-24,287.15869199858435,289.76964730584643,285.2729774616812,287.25537109375,4048136
2022-03-25,290.0113838875661,290.0113838875661,284.83778366927794,287.9806213378906,3115402
2022-03-28,289.527877899176,289.527877899176,278.9872895013879,282.178466796875,4811353
2022-03-29,283.387248108563,293.2509352282719,283.387248108563,292.4773254394531,8193664
2022-03-30,297.06965116441114,301.02004562212466,295.0944539355544,299.291748046875,6489029
2022-03-31,299.2917419978625,299.9337051955605,295.0450800972973,295.53887939453125,4950492
2022-04-01,295.1932231231022,302.69897870444555,294.7981897007406,301.168212890625,3456879
2022-04-04,301.71136990096204,309.6121586381394,301.3163364919266,307.7850952148437,3638554
2022-04-05,310.5504135766332,313.7601092514406,306.501253005206,312.8712463378906,5323145
2022-04-06,312.8712113823094,320.9695316203777,311.5379774391792,316.7228698730469,7255760
2022-04-07,316.2290769740136,323.3397686576024,316.08091307590644,321.5621032714844,5192205
2022-04-08,323.1916303044476,335.5859802360304,319.4387678141601,333.1663818359375,8276853
2022-04-11,334.2527624078023,364.9176872658335,334.1045985046546,355.7330322265625,30662312
2022-04-12,359.4859100258795,366.9916658234744,351.33822113106214,355.1898498535156,19884358
2022-04-13,355.4861420358937,369.5594226365841,354.54791127353354,364.6214294433594,17817591
2022-04-18,364.4238994965608,374.9418190233125,356.0293110257728,358.8933410644531,10936057
2022-04-19,362.2017942871439,365.4114898057075,346.64711600487385,349.8568115234375,9971239
2022-04-20,350.5974981174114,371.1395366556862,350.5974981174114,366.6953430175781,13525255
2022-04-21,374.20108429927336,379.5835084485663,370.1519242193491,372.6703186035156,14385266
2022-04-22,373.31224961844873,376.2750452503412,366.4484276822516,369.5593872070313,5946333
2022-04-25,367.1891475428914,382.7932235113993,365.4114821179645,371.6827392578125,12835090
2022-04-26,377.2626363495541,386.1510230698315,376.5713053267753,380.3735656738281,11192640
2022-04-27,380.2254678105607,382.8919961339703,371.58397990577527,379.7810363769531,11121579
2022-04-28,385.0646753072887,385.0646753072887,375.7318869311104,378.5959167480469,7163762
2022-04-29,379.92921160468927,380.7192784667418,366.152198421646,367.584228515625,10529413
2022-05-02,366.9916296929364,375.7812508196329,364.1769677785536,373.46038818359375,5959678
2022-05-04,374.8430195527211,377.2626480684927,360.1278071087628,363.5350341796875,5415006
2022-05-05,366.3990902788,370.6951503301082,360.4241306466124,361.8067626953125,5794511
2022-05-06,356.0786709312704,367.7323527486079,356.0786709312704,360.8685302734375,5868878
2022-05-09,358.84398328912863,364.4239097548409,354.99235449840546,362.2018127441406,3690073
2022-05-10,363.9794647757864,369.2631234994401,350.59751533078,353.7578430175781,6322735
2022-05-11,355.53552083023453,361.2635810546294,346.8446645989211,354.5972900390625,5728451
2022-05-12,352.4246003454026,377.2627014973098,344.968212114536,368.91748046875,7493279
2022-05-13,373.3122752133107,373.85544239408506,351.6838716454425,354.64666748046875,10195371
2022-05-16,362.4486807118291,373.01599762746656,355.8811561490976,363.436279296875,50459752
2022-05-17,366.39907783621095,367.5348101898205,359.48588768835793,364.2263488769531,9431128
2022-05-18,364.6707791659008,367.9792404684859,355.239224692003,356.6218566894531,11887905
2022-05-19,353.70844287267164,360.4241316319024,352.8196101345859,359.48590087890625,9179791
2022-05-20,363.43628400482095,363.43628400482095,357.5600602920308,358.498291015625,4308673
2022-05-23,361.1154173138198,362.7449489545694,357.9057219060245,358.9427185058594,3889679
2022-05-24,360.2759605258993,361.1648233853387,355.9799306878247,356.967529296875,4200025
2022-05-25,357.90571742268617,359.7327808135984,356.17741991706146,357.21441650390625,2440985
2022-05-26,357.6588347535166,361.7573630049766,355.23923621427787,360.8685302734375,3900318
2022-05-27,363.4362844101743,363.5844181721919,359.23899036467634,361.7573547363281,1603075
2022-05-30,363.9300666943191,367.8804609053837,362.2017692269784,366.9422302246094,5001959
2022-05-31,366.9422703015155,368.1767686273033,364.07824021351166,364.8189392089844,11507115
2022-06-01,365.41145357201833,368.3742491415212,364.5719887995028,367.0409851074219,2369910
2022-06-02,366.7941397937436,371.6827652630069,366.3497384759776,368.86810302734375,5215564
2022-06-03,370.3494691114111,370.6951346437385,360.8191488007676,362.3499145507813,8010976
2022-06-06,361.46108983634167,364.9176849577274,359.3377588610282,360.3747253417969,10390245
2022-06-07,359.09086327737134,362.9424918570099,357.21443193232875,358.8439636230469,5708056
2022-06-08,358.89330345632266,360.0290357496519,357.31313976428754,358.5476379394531,5020929
2022-06-09,358.4983105474869,363.9301031315397,358.0045112216639,360.769775390625,5238450
2022-06-10,358.74518128979497,362.05364253391787,358.74518128979497,360.6216125488281,3916129
2022-06-13,358.5476923149368,360.42415393705545,357.41195984936826,358.2020568847656,4509163
2022-06-14,357.6094589657357,358.79455920186064,353.5602986792946,355.091064453125,6976071
2022-06-15,355.43673896462093,357.95513354081413,354.5479062303073,357.4613342285156,4077501
2022-06-16,359.33775797085667,359.6340254963088,354.2022331761585,354.94293212890625,2940387
2022-06-17,354.54789713949486,356.57246221236034,352.2270344033766,352.9183654785156,4012167
2022-06-20,353.06648928946566,355.486117845138,351.6838573172743,352.86895751953125,2297837
2022-06-21,353.6590603825305,356.47372238608955,353.6590603825305,354.4491271972656,3693727
2022-06-22,354.44912586454944,354.44912586454944,351.09129670587504,353.51092529296875,2588905
2022-06-23,353.95530736333563,357.5106681015609,353.60964184977905,354.4985046386719,2799410
2022-06-24,357.510683733378,357.510683733378,354.7454197822471,356.1280517578125,2713333
2022-06-27,357.7575827177653,361.1648098469144,356.0292852167133,360.6216125488281,3073581
2022-06-28,361.3129523926716,362.7943502867464,358.99208966413096,361.905517578125,4285971
2022-06-29,360.4241179866276,362.9424823390476,359.5846531561152,360.96728515625,4586257
2022-06-30,361.016655384468,361.4117189348976,357.6094583053932,358.498291015625,4383329
2022-07-01,359.4365511919627,364.0288790203933,357.6094876084245,362.9918823242188,2763265
2022-07-04,362.39932797912473,365.3127258432604,361.5104651041535,363.9794616699219,2275112
2022-07-05,364.3745222491344,366.6459870154008,361.0660608502627,362.10302734375,3120800
2022-07-06,362.4486683148231,365.7571294893892,362.3993004429061,363.6831665039063,2209031
2022-07-07,365.3127203299321,365.3127203299321,361.55985766225,362.3993225097656,2378264
2022-07-08,362.44870719608525,364.47327238771817,361.4611085388752,363.8807373046875,2126285
2022-07-11,362.5474662743813,365.3621284223431,362.30056661472,364.6214294433594,3135297
2022-07-12,364.22636034882606,368.2261528581053,363.1893938496341,366.3003234863281,2870836
2022-07-13,368.3249162319349,369.3125148488441,365.7077557858311,366.59661865234375,2291028
2022-07-14,368.1767435157088,368.1767435157088,363.9300816202912,365.3127136230469,2772420
2022-07-15,363.4362891087338,366.6953524717248,363.4362891087338,364.572021484375,3856534
2022-07-18,366.0040478327056,367.7817132601908,365.0164492309655,366.1028137207031,1745124
2022-07-19,364.7201695607515,366.89289864742017,364.7201695607515,366.3497314453125,1567448
2022-07-20,365.3621407290711,367.3373380728928,362.0536791503458,363.2881774902344,7381308
2022-07-21,363.436264645145,366.7447257994932,361.7079671909901,366.1521606445313,3275734
2022-07-22,365.41147575656646,368.47303739208,364.3745092999311,367.9298400878906,3091493
2022-07-25,367.9298426916969,368.8680734079531,365.8065117507732,366.5472106933594,3224932
2022-07-26,366.4484253445912,366.54719122618064,363.9794290004311,365.3620910644531,3457867
2022-07-27,364.6707518746071,367.5841795511876,364.12758474668897,366.25091552734375,2093379
2022-07-28,367.880447050213,367.880447050213,365.01641738288,366.25091552734375,2711190
2022-07-29,367.7817163849933,371.3370774092888,365.4114857485023,370.1519470214844,6522804
2022-08-01,372.3246706170429,373.312269212844,369.6087744785896,370.7445068359375,2858911
2022-08-02,370.7444977574767,378.0527211596247,370.3000964837187,373.9541931152344,9280180
2022-08-03,375.2874799827071,377.6577106705637,371.8308847723401,377.0157775878906,4871595
2022-08-04,377.2626716188525,378.9909691982582,373.3122771516393,376.52197265625,6766464
2022-08-05,376.3738362610818,378.29963546691806,375.3368396372152,377.9046020507813,5063415
2022-08-08,378.1021155132032,378.2008813972326,374.1517212649557,375.4849853515625,3347503
2022-08-10,375.2874851507346,376.9170168873811,373.7073212906972,375.33685302734375,4144801
2022-08-11,377.2626507076273,377.2626507076273,373.9048216244403,375.4849853515625,2409612
2022-08-12,375.2874925668916,383.18828188408935,374.1517601303684,380.0279541015625,5187959
2022-08-16,384.07711327772216,394.0518657827536,380.6699159803654,391.1878356933594,11560886
2022-08-17,393.8049661211199,399.9280898757042,392.076668464162,393.3605346679688,9431378
2022-08-18,393.3605333432352,409.35964365512666,391.5828678148558,404.5204162597656,15635959
2022-08-19,406.8906495943401,421.7046295552991,405.2117198097837,415.2358703613281,25171485
2022-08-22,412.9149676370092,415.0382985320746,399.3354873162096,402.9402160644531,11430999
2022-08-23,395.0394203248494,409.31023143973096,393.0642232232252,400.4218444824219,15303452
2022-08-24,400.421866239991,402.49579919809423,393.163010469277,399.1379699707031,15732854
2022-08-25,399.1379518808939,403.23647987588686,390.9902637632472,392.2247619628906,11274377
2022-08-26,395.0394334677036,401.6563560339344,387.3361765707302,397.8540954589844,13259855
2022-08-29,392.0766624685615,400.471250959702,390.2002310689539,398.4466857910156,7557377
2022-08-30,401.6069731771833,407.73009668265473,399.4836421699872,406.1499328613281,7851221
2022-09-01,404.5203938706566,408.66828992034016,402.5945645389024,404.7178955078125,10762759
2022-09-02,406.3474859403924,413.1125127371304,400.5206296601332,410.4460144042969,8068140
2022-09-05,411.9767487419946,414.445745234682,408.9151870632388,412.766845703125,6074232
2022-09-06,414.19887910527046,435.53101655625807,412.3224476467976,431.0868225097656,23184248
2022-09-07,434.592754129326,451.826361844393,430.5929918342193,443.3330078125,28272706
2022-09-08,448.32039272725694,458.2457465175175,440.7158715160392,456.1717834472656,14949706
2022-09-09,459.5296172567981,478.6890542386303,446.2464341490965,449.0610961914063,29429693
2022-09-12,448.9623426586894,473.55354248680186,435.135961856155,469.7512817382813,27759936
2022-09-13,477.2570402766793,482.5900668768826,470.3438498329406,480.46673583984375,17846212
2022-09-14,476.0225029627532,527.0813602532011,476.0225029627532,518.0941772460938,57236617
2022-09-15,522.4396396008556,537.8955812164083,503.0827017466112,532.0687255859375,37879876
2022-09-16,524.3654544223124,543.1791944658939,504.71221945670857,510.2921752929688,42869715
2022-09-19,510.58847342102194,565.8446268459264,507.6256776371476,557.8944702148438,75771183
2022-09-20,571.8195915049175,578.436514204922,560.46220756311,567.2272338867188,43803577
2022-09-21,564.9063956187726,568.6592582193343,526.1925186885525,534.636474609375,48990918
2022-09-22,517.9954477063958,541.9940807971085,509.6995956432749,527.427001953125,24714675
2022-09-23,528.3652252931238,548.1171963321191,528.3652252931238,532.6612548828125,17014661
2022-09-26,530.3404762891199,537.2536668552723,492.91049339449,504.8604431152344,17756139
2022-09-27,501.6507284729543,517.5016741857839,468.1217434428656,498.0953674316406,29131156
2022-09-28,488.8613025016176,507.971311124478,484.9602760118669,493.8486633300781,12029150
2022-09-29,503.2802828008885,512.56370417037,489.058868134968,500.0705871582031,11297808
2022-09-30,500.71251676513657,516.6622591126388,494.7869248507562,509.2058410644531,11027478
2022-10-03,509.6996212815006,513.5019121176191,465.2083157146998,482.5900573730469,14296197
2022-10-04,496.1695263687364,500.1199207349511,476.91135383344,486.0960388183594,12515966
2022-10-06,491.7253513526471,507.4281635259672,489.9970537518923,500.6137390136719,9447220
2022-10-07,500.5149400022782,520.4644430436589,493.6017500567267,515.3289184570312,9384553
2022-10-10,510.5885609390433,531.2787670985084,508.9589988673016,516.1685180664062,12806265
2022-10-11,518.4892591183922,520.0693927491736,492.1203647418672,493.996826171875,7659702
2022-10-12,496.5152342152367,501.1569600467406,478.19529083638906,499.1817626953125,11786907
2022-10-13,499.1323412348783,499.1323412348783,485.40472631503366,490.6883850097656,6212954
2022-10-14,501.7000987739395,505.65049325247446,491.3303132677853,495.6263732910156,6337662
2022-10-17,492.8116843487471,516.2177824145446,491.2809186273584,514.0944213867188,9626670
2022-10-18,516.5140846868942,517.6992151012878,499.7742758139565,501.5519714355469,10116195
2022-10-19,504.66290572034575,512.563694850997,500.4162436182682,504.36663818359375,6646701
2022-10-20,502.6876956570487,512.5636818192696,500.71249842460446,511.2798156738281,5223412
2022-10-21,511.5760679545411,516.4153251410804,497.5521559665497,506.2430114746094,9693780
2022-10-24,511.57604987194304,514.5882133995195,509.6008527681904,510.4897155761719,1415497
2022-10-25,509.7984082262885,515.3289362625258,505.30481652294895,506.73681640625,5007924
2022-10-27,508.95892376333785,525.9949999267945,506.88499077647225,521.0570068359375,10067299
2022-10-28,523.6248067646349,523.6248067646349,509.2552587240624,513.6500244140625,6679582
2022-10-31,515.9709126995313,531.920594295818,514.8845180471683,526.3406982421875,8601980
2022-11-01,528.365223703024,538.8337442108939,527.1307255168019,537.302978515625,8669246
2022-11-02,539.9695696349538,542.1916666293363,532.6119475312395,538.2412719726562,7740170
2022-11-03,533.3032475454703,540.710237094713,531.8218496356218,532.8094482421875,3945015
2022-11-04,534.1921587269288,553.3515372605636,532.1675331777287,551.672607421875,8028860
2022-11-07,554.0427622142838,565.8939442937337,546.290138048602,561.0546875,9287441
2022-11-09,562.9311817530723,573.498498448645,554.2403264413031,557.4993896484375,10307830
2022-11-10,556.0179782235233,561.3510344527679,544.660595009366,551.2281494140625,5700059
2022-11-11,557.993242180346,559.8697037432213,546.9814930242526,550.6356201171875,5254274
2022-11-14,551.968880751247,579.2759458297788,550.6355864764802,573.1034545898438,9070550
2022-11-15,576.65882079715,585.645943542924,568.1654370510048,579.1771850585938,11897606
2022-11-16,579.2265861923295,586.139776479365,561.153543640441,570.0419311523438,8557056
2022-11-17,570.8319640107303,574.0910271821348,563.178075219929,567.0791015625,3652873
2022-11-18,567.3754102411064,568.8568081790727,556.9068889241055,566.9803466796875,4114267
2022-11-21,565.8940124299415,566.68407927472,555.7217586426074,557.0549926757812,3480076
2022-11-22,557.0056083097128,571.2764200818053,553.5490132226844,558.8326416015625,7405911
2022-11-23,560.758447238818,563.9187746691426,553.25272233525,555.9192504882812,2782614
2022-11-24,557.25247852418,558.9314081048437,547.6727605904929,550.9318237304688,3977412
2022-11-25,553.4502888870117,560.3634792036248,549.6479980459329,557.6475830078125,4010892
2022-11-28,557.0055651563298,565.4001525744659,555.8204348769469,561.400390625,4078114
2022-11-29,562.5360834955394,567.276604535034,556.7586563612201,557.9437866210938,3646853
2022-11-30,558.8821066383124,566.8322638075144,553.5984176324939,563.6719360351562,6139270
2022-12-01,566.3878006909858,577.7451846629934,562.4374062659398,573.7454223632812,8400806
2022-12-02,575.3255219821584,576.9057158256238,566.2890314364618,570.7825927734375,7097523
2022-12-05,573.6466134034157,575.1280112794113,564.7088582738887,566.2396240234375,5491648
2022-12-06,565.4002115115036,577.7451942955976,563.5237500170268,573.7947998046875,6009003
2022-12-07,575.6712114275578,581.0535752325483,567.9678946150486,574.7823486328125,5406859
2022-12-08,576.7082577001626,583.4732845053236,574.387364649471,580.4611206054688,2897290
2022-12-09,586.5348461491669,590.5839763910553,565.1533118558217,573.7947998046875,7795856
2022-12-12,572.8071342227847,580.0165912702878,566.289008186024,577.7944946289062,4062852
2022-12-13,579.7204100084084,581.6956073167846,575.8193832687178,577.30078125,2436178
2022-12-14,577.8439805580709,582.1894389892192,573.8442178420376,574.97998046875,1682787
2022-12-15,575.7699942608248,576.7575928787679,551.8207277757047,554.2403564453125,5047769
2022-12-16,551.0800040788894,561.5485248479478,546.6358104976081,549.1541748046875,4854309
2022-12-19,550.0430882915218,559.3264795715975,548.1172588399498,556.8574829101562,2341796
2022-12-20,556.9069148728545,557.993249300019,547.2283996712539,553.1539916992188,2314297
2022-12-21,555.0304198894916,557.0056171132975,525.5999933104289,532.51318359375,6698446
2022-12-22,536.7598313741221,537.846165707192,518.7361571835468,526.2418823242188,7913985
2022-12-23,522.3902852229148,525.2049170876619,479.972913809041,485.1578063964844,10542194
2022-12-26,487.82436016720806,515.8721253695709,483.8245675926916,507.77386474609375,8583591
2022-12-27,513.5513002657998,520.7607583869604,503.03338062471823,516.8103637695312,5808135
2022-12-28,518.4892569182005,520.9582533797156,510.0453010754651,511.97113037109375,3959786
2022-12-29,510.7860512750705,527.7727606906839,498.34230183238816,516.2672119140625,7354986
2022-12-30,518.4892656844986,525.3037201447889,515.6252056294236,517.6004028320312,3361557
2023-01-02,520.2176027941002,524.3161614124591,516.5141077575973,519.970703125,2226882
2023-01-03,520.9582513563208,526.7851070941589,516.5634256162464,524.365478515625,3247177
2023-01-04,525.5999426742509,530.0935038698537,510.9834966818785,512.4154663085938,7145153
2023-01-05,512.5143107230277,519.427500993134,507.1812541176516,518.2423706054688,3166328
2023-01-06,519.3287194674202,521.8965120921065,507.9713351350912,513.353759765625,3454408
2023-01-09,516.5140730379421,520.9582667830105,514.1932404157006,518.2423706054688,1841059
2023-01-10,519.9706496480082,519.9706496480082,496.4658156227004,508.0700988769531,5366443
2023-01-11,509.5515137415015,509.5515137415015,499.37922999786167,501.7988586425781,3308303
2023-01-12,503.5765436944537,508.1195034950221,500.7125136481559,504.0703430175781,4129397
2023-01-13,505.057897874496,514.0450508039836,505.057897874496,512.218017578125,4195766
2023-01-16,514.5388648145664,515.1313998566101,506.5393403558064,510.5884704589844,2181662
2023-01-17,510.8353757406779,514.045071189991,504.9591520162885,511.082275390625,2346252
2023-01-18,511.4773023104544,515.9708635620224,506.63804540677774,513.9956665039062,2338626
2023-01-19,512.5637082433724,518.8843638243358,510.6378787868102,512.8106079101562,2809131
2023-01-20,513.5513206935055,516.5141167744297,509.0083908140516,511.3292236328125,2656548
2023-01-23,511.5760920265444,512.2674231254708,492.0710190197408,494.88568115234375,4154237
2023-01-24,495.97205523910526,502.19391469292754,491.7747609668438,492.7623596191406,2166537
2023-01-25,490.83650595888525,491.8241045624243,445.1107026706764,454.4928894042969,33646469
2023-01-27,451.8264005879397,451.8264005879397,340.86968175999533,375.73193359375,91035714
2023-01-30,395.0394405241936,422.3465358226049,347.6347076612903,382.6944580078125,71717149
2023-01-31,389.1138267596555,409.50773068763664,385.2621984616851,396.22454833984375,40532400
2023-02-01,404.12535583054057,407.58195090192896,316.5253486799937,329.9566955566406,78282914
2023-02-02,350.59751567602046,362.4486993045056,311.3898377828012,348.1778869628906,79579639
2023-02-03,347.5853533832356,375.97881428156825,314.55016682152814,368.96685791015625,58296804
2023-02-06,366.3991001674107,379.04035086686514,354.00474913114186,375.0405883789063,33168803
2023-02-07,379.7316628723315,401.65636391566585,367.09041280895167,379.2872314453125,42723721
2023-02-08,388.7681785614381,392.66920504393,377.262661026541,379.8797912597656,18573925
2023-02-09,373.3122659686346,373.3122659686346,349.60989987538795,353.3627624511719,28134958
2023-02-10,350.35060207089856,363.8807148971482,345.6595087380253,356.3255615234375,12021081
2023-02-13,358.99209416969467,362.34992341058353,332.3762996164595,338.2031555175781,20202357
2023-02-14,339.733924446276,344.6719175341579,321.0683166019059,332.3269348144531,29650470
2023-02-15,332.32694015820294,346.5977524673006,330.8455422080178,340.5733947753906,14504126
2023-02-16,347.53591535650634,349.90614579166254,341.8572238306186,343.4867553710937,13932368
2023-02-17,342.10415467655633,351.53573954619003,338.7463254087827,348.9185791015625,12417704
2023-02-20,345.363266260614,351.5851258134629,341.3634735716802,348.07916259765625,10433187
2023-02-21,348.96798144320564,361.954897381456,347.14091795247424,348.47418212890625,18031338
2023-02-22,347.63471313612524,347.63471313612524,327.9815066883554,331.2405700683594,12696127
2023-02-23,331.8331216548082,339.5857765070073,327.24079430258735,332.7219543457031,10669135
2023-02-24,335.09216062973843,342.6473133029021,334.4996256381381,340.9683837890625,10758533
2023-02-27,336.1785623064374,340.1783547781389,321.9571482872182,325.80877685546875,8739164
2023-02-28,325.907533970096,349.0667329093754,320.2782099640566,337.85748291015625,21986286
2023-03-01,339.9314533682136,350.49874040398896,339.9314533682136,349.2148742675781,14144946
2023-03-02,350.05433644242646,367.3866798473183,342.99298232869074,366.1028137207031,24526040
2023-03-03,377.9539880672809,394.4468662456198,370.9420321317424,386.9905090332031,40022359
2023-03-06,392.8667197943497,399.87867603870166,376.5713425305866,380.7192687988281,24525562
2023-03-08,380.0279087648991,388.6200281779745,373.95418372971193,387.2373962402344,12403307
2023-03-09,389.9533191324536,390.1014528968693,378.250269517724,379.92919921875,10496900
2023-03-10,375.2874600946476,377.6083227835826,368.7693034441277,373.6579284667969,8021603
2023-03-13,378.15149218623486,384.3239833427714,361.8561155329782,363.436279296875,12295435
2023-03-14,361.51045005942177,363.2881455962648,336.5735857829418,349.017333984375,18116432
2023-03-15,350.103693784535,362.4486759349064,343.3386375383081,360.6216125488281,17244370
2023-03-16,361.3623394205373,379.2378809843418,355.7824130849196,374.1023559570313,17263261
2023-03-17,379.2378432471444,381.85497337714656,366.4484299674081,373.7566833496094,12121438
2023-03-20,371.43584757928585,371.8802488754964,355.83177127589187,360.8685302734375,9301805
2023-03-21,365.1152232214113,370.0532163396932,361.658628038614,366.3003234863281,7159231
2023-03-22,368.7693082152358,373.5097995401809,366.794111031288,370.89263916015625,6498593
2023-03-23,368.37425482452863,372.62091648401776,365.8064925968563,367.5347900390625,8428310
2023-03-24,368.3743089426357,371.8309043348588,363.4856834037007,367.1891784667969,9512792
2023-03-27,367.97923079885896,370.15192955515374,362.8931042245061,365.4114685058594,6288107
2023-03-28,367.1891216464544,369.0161849560119,349.9061473597767,354.4985046386719,15688794
2023-03-29,355.5354870631548,362.4980449624949,353.75782168348564,359.3871154785156,9558023
2023-03-31,362.9424612771952,366.0040227606898,359.4858664078885,361.0166320800781,5945285
2023-04-03,364.3745192635117,371.9790104780504,358.9920947826502,370.1519470214844,6083504
2023-04-05,369.8556737473015,376.17629872610746,366.6459783142474,375.2380981445313,6528840
2023-04-06,374.15174105473926,381.7068644262978,372.5222093689706,378.84283447265625,5658596
2023-04-10,380.9167907444924,384.76841924320894,378.49716212730107,379.5835266113281,3153982
2023-04-11,381.1636999994333,383.6820644284516,376.0775429877359,379.6329040527344,3415299
2023-04-12,381.11430760674176,392.817357471232,377.9540100549949,391.138427734375,9415387
2023-04-13,390.00270612336425,391.6816359066823,385.2128465783632,387.7806091308594,6239974
2023-04-17,387.13864528604535,390.1508089143844,382.2500202350773,386.6942138671875,4916449
2023-04-18,386.6942406528523,389.4101369494897,375.1887223694668,378.2996520996094,3986619
2023-04-19,379.2378797312687,383.3858060964769,372.9666223068471,375.33685302734375,3600019
2023-04-20,375.7812585121756,377.558923894957,373.411027955428,375.9787902832031,4345525
2023-04-21,376.521936553053,377.2626354446328,368.76928212669503,370.4482116699219,4286701
2023-04-24,370.4482455334436,378.1515026543996,368.7199479617698,375.583740234375,3030412
2023-04-25,376.9170048771243,382.7438306699197,375.88003838842405,377.7564697265625,4790001
2023-04-26,377.262675277659,385.1634642887095,375.43561179102994,381.6575012207031,4369712
2023-04-27,381.6574998670612,385.657262234072,378.0033729067633,383.9783325195313,5093452
2023-04-28,385.1634941726435,394.5456818512079,379.3366678527276,391.5828857421875,11030482
2023-05-02,393.0642415921324,394.4468736000602,384.22522209364735,389.5088806152344,7419371
2023-05-03,388.0274680735985,395.5825910273886,371.0901588027723,378.8921813964844,13078081
2023-05-04,379.2378656273976,386.0029221227932,375.8800363866452,383.4845275878906,6828148
2023-05-05,383.6820598920155,400.96503556282704,382.6450934074139,395.5826110839844,11844907
2023-05-08,399.7798908660935,403.8290510490036,395.7307608223,400.4712219238281,6282119
2023-05-09,402.8414817193665,407.2856756268496,398.4466858276601,400.619384765625,7401793
2023-05-10,402.7920794435663,404.22407927465537,397.50842111030175,403.2364807128906,3823364
2023-05-11,404.91543625254224,409.8534293775732,401.1625735331659,407.0881652832031,5043085
2023-05-12,405.9030344148961,409.6065292544481,402.0514058095857,404.9154357910156,5365495
2023-05-15,405.9030143726082,406.3968136601661,398.1009916570165,401.5575866699219,2396533
2023-05-16,399.9774440915144,404.7179054473221,394.8419191734575,395.9282836914063,3189110
2023-05-17,395.039432497714,401.952622566424,394.3481014351962,401.2612915039063,4399478
2023-05-18,402.940246725507,403.73031358500754,390.59526367631867,394.1012268066406,4266534
2023-05-19,394.10119991575255,400.9650220784064,390.74337078331337,398.1503601074219,4401094
2023-05-22,400.47125707010366,428.32155136835786,399.977457739561,418.64306640625,17691079
2023-05-23,423.48228296342376,435.4816304993494,419.18625300911,422.0008850097656,18654251
2023-05-24,422.7909869667304,424.6674183689088,414.3963984640892,417.0628967285156,6096592
2023-05-25,415.77900818747577,419.38373702873616,410.5447476934941,414.0013427734375,4130074
2023-05-26,416.1740435855438,420.3713376312411,412.3224150773157,419.2849731445313,3769455
2023-05-29,421.6058544692512,425.5562490393807,417.5073261305655,421.7046203613281,7799828
2023-05-30,421.7046152649792,427.58083917267953,420.0750835523176,425.5562438964844,3733902
2023-05-31,425.0624296365336,425.4574630470599,415.6308751015797,418.3467712402344,6180317
2023-06-01,419.7294027498453,425.9018939667548,418.7418041551398,423.92669677734375,3422014
2023-06-02,426.09942707674696,434.54338303229576,426.09942707674696,432.6175537109375,5425758
2023-06-05,434.5927927847645,436.1729567213368,431.6299967058616,433.6051940917969,3391422
2023-06-06,436.3210599484906,455.2335977059582,434.54339448126,453.4559020996094,15043392
2023-06-07,455.2829455251688,455.7767448153263,446.8883575924922,450.0980529785156,4545088
2023-06-08,450.344989827249,454.29538447485646,440.320869436769,446.0983276367188,4925548
2023-06-09,446.39457908177786,452.46830460562,445.4069804554907,450.0487060546875,4370589
2023-06-12,450.3449678231154,452.7151984680451,447.8266034139623,450.6412353515625,2768142
2023-06-13,451.82636229946473,458.0482214623677,449.9005329618855,453.2583923339844,2313541
2023-06-14,454.5422579118922,459.7271505876933,453.70279306989136,458.83831787109375,4260531
2023-06-15,460.2209248913375,463.0849546621943,451.3819058018339,452.6658020019531,2606044
2023-06-16,455.6779728675728,459.8258989053621,451.332545199818,455.1841735839844,4270855
2023-06-19,455.1841961102062,458.2951257229441,443.6786782610325,447.2340393066406,2390979
2023-06-20,447.8759466430801,449.9499096454358,441.06152261172525,443.3823852539063,3007712
2023-06-21,443.4317403648121,446.7402014710808,439.0863128567661,442.54290771484375,2653187
2023-06-22,443.82681361661935,447.33280679964014,436.2716902045676,439.333251953125,2318198
2023-06-23,439.4813753179153,439.4813753179153,418.7418047972946,420.51947021484375,4859137
2023-06-26,420.4700664789488,428.5189883238291,414.1000440209794,426.6919250488281,3401951
2023-06-27,428.61782982003103,435.1853550555784,427.77836490891895,428.4696960449219,3022273
2023-06-28,430.0004480006511,436.32107335955726,426.4944848339719,428.8647155761719,6405277
2023-06-30,430.5929766863327,435.5309695382402,419.7293924121362,420.61822509765625,6318237
2023-07-03,423.08723312950906,431.77811887073983,422.6921997183434,430.4448547363281,3025642
2023-07-04,431.0374180644005,433.45701653430734,425.753759562876,427.33392333984375,1585173
2023-07-05,428.0252267728144,429.3091230349669,421.408334243077,427.0376281738281,2057486
2023-07-06,426.6426030199884,429.8029306535615,424.2229743499918,426.1488037109375,2151838
2023-07-07,427.1421459736331,427.83750577902623,413.7318692977167,415.12255859375,3734746
2023-07-10,416.21526764970855,422.0263937979835,409.31144619166975,416.7119445800781,3524816
2023-07-11,418.2019583887824,419.4436506642835,415.6689182726612,416.9602661132813,2512215
2023-07-12,417.2086047193476,420.1886661816287,412.2418356155458,418.748291015625,2231762
2023-07-13,418.74830073659547,419.84099602774864,411.8941652771853,414.1292114257813,2744632
2023-07-14,414.1292318348992,416.4139639771345,411.29816717753977,413.8312377929688,7579025
2023-07-17,415.2219271799026,419.79136114961807,412.2915210703147,413.8312377929688,5100742
2023-07-18,414.1789143392842,421.87740694548086,411.5465022931034,413.4338989257813,3809061
2023-07-19,414.8245613236412,418.2019582489242,413.4338720384956,416.5132446289063,2260225
2023-07-20,417.2582737773336,420.7350122624219,415.76824299801007,418.1026306152344,2876080
2023-07-21,416.6126199559059,416.7119614089425,412.5398628994467,413.3345642089844,1990506
2023-07-24,414.2285535238256,425.9501167734185,412.68886718938666,419.9403381347656,3203223
2023-07-25,420.3376590871754,438.96304304455424,420.3376590871754,437.1750183105469,6432788
2023-07-26,440.7511120936429,445.3702013988464,433.7976351953464,440.5524291992188,5027847
2023-07-27,441.3471041580475,451.9760024965042,435.7346609592285,446.7608947753906,4479151
2023-07-28,451.9759961258511,453.6150238950052,445.07217482835705,451.7773132324219,4573656
2023-07-31,451.9759904437137,465.6842611048966,451.7773075527824,459.9228210449219,5162855
2023-08-01,460.91621210428144,465.2373076557101,449.64163921507264,458.48248291015625,3111674
2023-08-02,458.9294873106399,466.2306443080782,447.0092408869869,457.8367919921875,8819107
2023-08-03,461.9095533882617,477.9522124591182,455.4030976115977,471.1974182128906,12633488
2023-08-04,473.82979284143977,474.3264697731394,466.9756572469358,468.61468505859375,2994518
2023-08-07,470.2537063414823,472.8364324134139,465.63461700375575,470.9490661621094,2245398
2023-08-08,471.7934395057853,472.8364489584682,453.21770974222926,463.1015930175781,5371066
2023-08-09,463.101589244545,463.6479217505936,457.439460023885,459.5751647949219,2483919
2023-08-10,459.9724725268681,462.75388140145066,451.6779924122937,454.161376953125,2526713
2023-08-11,454.4593945363237,460.3201762936228,450.98265599888737,453.36669921875,2572588
2023-08-14,447.55558225573554,449.4926344638575,434.7413231593854,438.0194091796875,4208119
2023-08-16,437.37368417953127,437.37368417953127,429.2282008700764,434.2943115234375,1740262
2023-08-17,434.4929782605934,444.0291815103437,430.7679012345,443.0358276367188,2130151
2023-08-18,442.9861524904632,457.8864599362944,436.8770021858699,450.0389404296875,4745941
2023-08-21,451.0819783374439,465.8829442782149,450.5853014245674,462.1578674316406,3554493
2023-08-22,465.13796630274993,467.5220096132672,459.27718432259104,460.717529296875,3093757
2023-08-23,461.4128678351181,463.6975695865486,447.1085783182504,450.2872924804688,3474824
2023-08-24,453.41637081507366,458.92947248197527,443.9795093679335,445.9662170410156,4316497
2023-08-25,445.22122792344624,445.3205390611552,427.241516358631,431.7116088867188,5518417
2023-08-28,436.281029524989,441.5457928822731,429.22821102229886,435.933349609375,3347943
2023-08-29,437.0756939670789,444.52584784151776,433.549299925746,438.2677307128906,4051913
2023-08-30,441.7444591223543,442.53913005828616,437.27436689954334,441.0987548828125,2230876
2023-08-31,436.926709442844,439.41009413864873,422.2747397375958,425.55279541015625,12006942
2023-09-01,424.708432254774,434.49297387415015,422.67206896030285,431.0162353515625,3846763
2023-09-04,432.45660784912326,440.9994570850637,432.2579249517568,438.2180480957031,4347480
2023-09-05,438.3670485447335,441.4961374716162,434.59231598323794,437.2743835449219,2261743
2023-09-06,438.0690371406071,439.0623909663228,430.6188834477397,434.8406372070313,2410656
2023-09-07,435.0393271474384,437.6717087652893,432.3076040824556,436.52935791015625,2211370
2023-09-08,437.1253629234495,438.2677441376592,433.9963042632883,436.2810363769531,1913450
2023-09-11,436.33066288728776,450.3866132952653,436.33066288728776,447.9032287597656,5287778
2023-09-12,450.883324015174,450.883324015174,433.7479694352056,442.04248046875,5467782
2023-09-13,444.0291710651556,446.9595770493171,437.4233740238932,440.9497680664063,2583760
2023-09-14,441.8437841071655,443.4331563436166,438.764411397812,442.24114990234375,2000637
2023-09-15,442.04247700021625,445.1218800939552,439.5590922979679,442.0921325683594,2963506
2023-09-18,442.0424660859299,442.7378259112925,430.1222198094554,433.7479553222656,3707587
2023-09-20,433.5989540414462,435.4366647206092,422.2250403719604,425.304443359375,2289507
2023-09-21,424.65875568354966,427.73815857134,420.3873464072536,423.26806640625,2680700
2023-09-22,423.1687380244155,425.65212263723487,415.2715628297486,418.1523132324219,2666687
2023-09-25,417.7053121874681,423.1191030325657,411.943871731474,420.08935546875,3913804
2023-09-26,420.48665464302354,431.1155525105439,419.64232815834174,426.893798828125,6162665
2023-09-27,425.1554433304648,428.9798616757106,423.1687356513505,427.5891723632813,1952178
2023-09-28,428.13548612961887,428.632163027681,415.867560684532,417.1092529296875,3461405
2023-09-29,420.9833612102687,425.6521365609936,417.2086286012072,421.9767150878906,2835399
2023-10-03,421.2316870542476,431.5129054424301,419.6920007159839,429.3275451660156,2833284
2023-10-04,427.14214401242833,431.1155593055672,421.4800150938043,426.7944641113281,3214525
2023-10-05,427.1421714428656,431.9599438581373,425.9004790840201,429.9732360839844,1287179
2023-10-06,431.1155770763895,434.0956386690834,428.93018644917896,432.8042907714844,1547935
2023-10-09,427.24147886875295,434.59229098474447,424.65875290509314,427.3408203125,4370429
2023-10-10,427.291148753724,435.9333392985608,425.15544405797226,434.2943115234375,3288646
2023-10-11,435.9830090435586,444.0291814823645,435.0889966203034,442.1418151855469,3228077
2023-10-12,446.01588585110994,447.3569196332122,441.09877208831966,442.6384887695313,1700298
2023-10-13,441.5457826114736,442.8371304797115,435.9829950353075,436.9763488769531,950920
2023-10-16,436.0823536726021,441.8437940553587,436.03269810446375,440.3041076660156,1353905
2023-10-17,440.60208123589626,441.54577950472105,437.175028695184,439.70806884765625,1043674
2023-10-18,439.459743154446,441.04911539901485,428.6321921051237,430.1222229003906,1919224
2023-10-19,429.6752053480256,437.1253593904587,427.2415065496834,434.5426635742188,1131689
2023-10-20,434.0956313292454,436.6286715143041,425.2547881500216,427.9865112304688,2066618
2023-10-23,429.8738794630902,429.8738794630902,408.8644515557479,413.185546875,1925177
2023-10-25,414.228542956,419.94032742122056,410.85114603082,415.1722412109375,3289897
2023-10-26,411.8445197382424,419.69200923253896,405.04003967945033,413.533203125,2296586
2023-10-27,416.6622888118324,421.132381183001,412.3411934567519,414.4768981933594,1693364
2023-10-30,417.40729119911,420.7846881557903,413.23519299013526,419.1456604003906,1290400
2023-10-31,421.13238190690697,424.60912042379226,418.201975888202,421.6290588378906,1078687
2023-11-01,422.67205231447673,422.67205231447673,401.3646006535684,403.94732666015625,5188883
2023-11-02,408.2684235784459,420.5860049908547,407.4240667611359,416.9106140136719,3289570
2023-11-03,418.20197206347336,421.1323780553778,414.47689511516455,418.1026306152344,1579359
2023-11-06,419.1456772171248,422.175394392155,417.20862504636494,418.4503173828125,1061040
2023-11-07,418.9966428477546,420.53635950794205,415.32125178245207,416.7615966796875,662939
2023-11-08,418.7979836971178,423.1687345164972,416.4139405515249,418.2019653320313,1055490
2023-11-09,419.5926850680699,420.7350360003856,413.1855705443402,415.5199279785156,882283
2023-11-10,415.9669324965926,417.0596278150569,412.688876855954,415.3212585449219,1025880
2023-11-13,419.0463389873215,419.34433302445706,415.61925598649,416.6126098632813,698694
2023-11-15,418.2019752094941,420.68535986038177,414.9239195962239,415.3709106445313,2736651
2023-11-16,417.2085943722504,417.8542682767808,414.2285329838772,417.1092529296875,1724084
2023-11-17,419.195312424698,425.1554353501677,415.2218971410516,418.3013000488281,2116735
2023-11-20,418.30130344737336,421.4303619457168,415.42058340627545,418.6986389160156,1481395
2023-11-21,419.592681775596,421.4800481247975,416.3146260277594,417.3576354980469,1003554
2023-11-22,417.20864166462354,418.4006784809961,410.5035027807278,411.4968566894531,1457858
2023-11-23,413.9802109553257,413.9802109553257,405.88438325874216,412.8378601074219,1212949
2023-11-24,413.185566976444,413.2352225455594,408.6161329718834,411.5465087890625,1929621
2023-11-28,418.2019764660787,432.55595191724126,414.4768994785543,428.3341979980469,7654493
2023-11-29,432.10893420062615,434.3936359796932,425.2051126662316,432.7546081542969,4081524
2023-11-30,433.1022883910785,440.0557654982748,427.8375249929603,436.3306884765625,6906477
2023-12-01,441.0491161777962,441.0491161777962,435.0889929862044,439.0624084472656,2478791
2023-12-04,456.94277074536205,472.6377494407143,450.2376322615986,471.3960571289063,13146040
2023-12-05,471.8430912050262,510.08721543953885,471.3960698348249,505.6667785644531,22838581
2023-12-06,511.5772353242637,520.1697704218044,496.18025057178585,497.7696228027344,13223984
2023-12-07,500.3523526476924,505.0210976124084,493.0511956956505,501.7430419921875,3608185
2023-12-08,505.5674559696384,506.2131299115967,479.1442373981045,491.0644836425781,4085720
2023-12-11,494.59086517273033,503.133714161222,486.24669907585024,500.65032958984375,4277828
2023-12-12,502.6867199105303,507.1071568117748,494.44189481500666,498.0179748535156,3392736
2023-12-13,500.6503536154384,509.9879043037204,498.71330143090535,505.6667785644531,3481573
2023-12-14,511.3785676021435,519.9214473863395,508.4481918317933,516.7923583984375,5858223
2023-12-15,520.2194485274825,525.8815778721912,511.08058053964703,518.9281005859375,5777967
2023-12-18,526.4774977502975,528.960882173648,520.815369139158,522.1564331054688,2875095
2023-12-19,524.8882579444287,527.0239325857193,513.563998522116,518.87841796875,2762093
2023-12-20,520.5174407223516,522.8021425538186,482.769992731036,487.1904296875,5434428
2023-12-21,477.80319795637,502.53770255685714,477.2568654692236,500.5509948730469,3610387
2023-12-22,501.7430383569459,507.0078016639451,494.9385583854347,500.45166015625,2571515
2023-12-26,500.6503602294033,505.1701083000168,499.3093264158378,501.9913940429688,1869260
2023-12-27,517.4876633620455,519.524026483355,509.7395160107566,513.5639038085938,5618393
2023-12-28,514.5573220111585,516.4943742488788,508.6468541594525,510.8322448730469,1945694
2023-12-29,511.1798715021702,518.9777356716913,508.1998402404338,517.4380493164062,2686563
2024-01-01,517.3882811812422,536.1130359181885,516.3452718600759,530.7489013671875,4251624
2024-01-02,533.4310162508251,533.4310162508251,515.0539700671375,527.37158203125,2655551
2024-01-03,534.871405285,545.3512765239948,524.6398725143679,532.5369873046875,13711402
2024-01-04,534.7720148211383,550.8643591342444,533.1826729309948,545.7982788085938,6112049
2024-01-05,546.3446033710629,554.1921228349223,534.8217232608574,538.7454223632812,5130749
2024-01-08,540.6328175678561,540.6328175678561,523.3981530097323,526.6762084960938,3333769
2024-01-09,532.2886551563969,535.2190612437697,519.7724204541215,521.70947265625,2741683
2024-01-10,525.186177324855,525.186177324855,514.8056177687872,522.6531372070312,1792977
2024-01-11,525.6331733721692,538.3480895439926,521.9080967224453,534.6726684570312,2505937
2024-01-12,539.3911602434162,541.1295295443848,527.5702247450254,528.8616333007812,2315342
2024-01-15,533.4310093729647,533.6296922658578,523.0007941058956,527.9179077148438,1838608
2024-01-16,530.2522988922536,531.3946801273304,521.5107967113746,525.1862182617188,2732941
2024-01-17,524.4908303044394,535.7653721964915,514.8056303130222,517.09033203125,6229815
2024-01-18,519.1764121014115,523.4478215152658,505.6171078455004,520.6664428710938,2084710
2024-01-19,523.348457397762,534.4243771993283,521.7591154720208,533.5303344726562,2661086
2024-01-23,540.1858094203403,540.1858094203403,513.6135940353422,521.5604248046875,2682760
2024-01-24,521.560445465919,527.4709132106598,511.08057409959406,523.9445190429688,3893697
2024-01-25,526.4775421362118,562.2382808473508,522.8517763206405,556.4271850585938,8019238
2024-01-29,567.1057399961525,575.0525708350993,559.059537394014,570.284423828125,7828638
2024-01-30,570.3838021029417,580.0690022984766,564.2746515739548,567.0560302734375,4572466
2024-01-31,569.5891441984703,582.5524003238834,543.3645772773397,556.576171875,13741694
2024-02-01,564.2250228699562,566.01304778836,550.3677236506809,561.2946166992188,6228014
2024-02-02,566.8573724725735,568.4467143070824,550.8643398513686,553.6954345703125,3263916
2024-02-05,556.2781091638514,559.407197779699,547.3379252665752,551.3113403320312,2366641
2024-02-06,555.2351084625631,564.2249480619452,546.2949244263704,562.834228515625,2969565
2024-02-07,566.2117309739662,572.1221988881055,560.5496015383242,564.4237060546875,2248160
2024-02-08,566.2116619353178,567.453354176404,555.9304744309254,559.6058349609375,2089376
2024-02-09,560.94697428167,578.3803235615294,548.8776998258762,572.3705444335938,6956624
2024-02-12,578.2312397857419,583.2973806928933,556.5264828672638,559.7548828125,3475737
2024-02-13,562.5859310619772,566.2116968815304,548.8280044334133,564.4733276367188,2529788
2024-02-14,556.4271594611848,569.539381215126,555.93048255749,567.105712890625,2094616
2024-02-15,570.0858355538196,570.9798176988029,565.0693497840053,568.44677734375,1240706
2024-02-16,569.3904294703597,586.7244659902958,569.2414021435368,581.2113037109375,9619487
2024-02-19,584.8867727838395,590.0522252656024,578.0326671508853,580.9630126953125,3141571
2024-02-20,580.9630196496603,586.078816622834,575.5989448243789,584.8867797851562,1867263
2024-02-21,587.9661586797122,592.7342449576865,579.3736237625922,583.8933715820312,4209055
2024-02-22,589.058885359553,591.0455932359764,579.1253459774357,588.810546875,1838366
2024-02-23,589.8534764338161,604.6544723588073,583.3470211463352,598.9426879882812,4824640
2024-02-26,598.9427020023086,611.1609419461972,598.5949917852207,604.5551147460938,5715227
2024-02-27,603.9094909867055,608.4292389213625,595.0189618186059,599.3400268554688,3604237
2024-02-28,599.8864605465353,601.9724795406635,581.2113582221922,585.3338012695312,2831925
2024-02-29,585.3338018000485,605.6479017440433,580.1186936804893,601.8731689453125,3263796
2024-03-01,604.0584990175529,615.8794350057586,602.9658339491863,613.495361328125,4011709
2024-03-04,617.121066291011,617.6177432055309,608.478875852463,613.04833984375,1878206
2024-03-05,620.846142321128,620.846142321128,606.7405058416907,609.0252075195312,2430074
2024-03-06,608.8762668482714,609.571626683294,591.5422296878556,594.3236083984375,4127035
2024-03-07,594.3236157493988,602.5684408479077,592.5355908868743,599.1414184570312,2393414
2024-03-11,600.8798010601071,608.3299553435627,596.2110255832395,598.0487060546875,2547145
2024-03-12,600.9790556592228,601.8730983409312,580.1682811927255,583.64501953125,2900178
2024-03-13,585.4330688025544,586.4264226551961,547.1392899091203,555.5331420898438,5946259
2024-03-14,551.8080803021232,580.8140257220341,548.0333476842842,578.5789794921875,3200499
2024-03-15,579.9199643683245,599.8366968959161,572.0227891503896,596.75732421875,3693325
2024-03-18,591.0455933067931,591.0455933067931,578.3306750220621,580.764404296875,6348109
2024-03-19,578.1319510056917,584.688062280757,568.7447448299554,576.4432373046875,2021483
2024-03-20,577.4862394910357,583.5953899525549,562.8342701262694,572.5194702148438,1678012
2024-03-21,576.1452037978585,586.9727844658613,576.1452037978585,583.29736328125,1977799
2024-03-22,584.0921019354986,590.747585290938,577.6849570587732,585.43310546875,1818091
2024-03-26,585.433085595376,596.4096944855303,582.6020512859437,591.09521484375,2175165
2024-03-27,594.0256416656925,605.9458886556396,592.9826321799745,597.5023803710938,5070366
2024-03-28,603.4624704293203,612.8993321068159,598.247362660178,608.2802124023438,3861492
2024-04-01,615.2834268728884,622.4852426123183,609.2239317351102,617.3694458007812,3976554
2024-04-02,617.8661434715608,632.86576353876,615.5317859916001,630.4817504882812,4503263
2024-04-03,627.7996355097235,636.0444603691554,622.3361893146231,630.7300415039062,4389047
2024-04-04,635.7464583831008,636.5411293301784,619.4554311352312,620.5481567382812,2100754
2024-04-05,620.597826084841,629.04133392273,614.0913704062517,623.0315551757812,2386291
2024-04-08,623.0315418108834,630.2830127313792,617.9654008391208,626.3592529296875,2965491
2024-04-09,627.2036254339115,629.7366655459173,614.4389924847953,618.958740234375,2431726
2024-04-10,616.2767744286219,624.5712551155293,616.2767744286219,621.4918823242188,1293786
2024-04-12,619.3561249385739,626.1109189868221,601.5750667871712,604.803466796875,4161320
2024-04-15,596.0123226953029,611.5086188335773,589.5058669651143,602.8167724609375,2647237
2024-04-16,600.9294440289802,617.8661156190011,597.2540225336405,613.4456787109375,1983635
2024-04-18,633.561066660193,633.561066660193,606.9391958894695,611.1609497070312,4944023
2024-04-19,607.9325628877832,610.0682979405811,597.0553259847227,605.5982055664062,2001911
2024-04-22,611.905985456341,616.9720659542572,609.0252349743048,612.2039794921875,1566507
2024-04-23,617.1210948118438,634.7531260921821,614.6377101244722,632.3193969726562,3751042
2024-04-24,636.7397873728213,642.5012273011519,630.8789756865427,640.1668701171875,4701815
2024-04-25,639.7198955207355,644.6866648958965,625.0182702961607,634.107421875,3367321
2024-04-26,637.7331666605858,637.7331666605858,625.9122316871927,628.1472778320312,1663147
2024-04-29,633.7597513267016,634.0577453534615,620.9454625104561,625.4652709960938,2217374
2024-04-30,629.7863556942481,629.7863556942481,612.1543244425558,615.7800903320312,5514688
2024-05-02,610.9126657847768,626.7070174934564,605.1015695571655,621.5415649414062,6286712
2024-05-03,625.3162428035242,630.2333564415422,612.2039599786451,618.3131103515625,2566478
2024-05-06,620.8957834717909,621.5911432609482,595.8632554686612,603.4127807617188,3525659
2024-05-07,606.6412413705326,608.131272226709,584.8867666185524,590.0025634765625,2548462
2024-05-08,587.0224611863623,597.0056551067553,584.0920552458771,590.5985107421875,2526772
2024-05-09,592.0388835295518,592.187910856068,568.1983915753416,570.4830932617188,2481928
2024-05-10,572.1718480633716,582.1053870922497,569.4897803996724,577.9332885742188,3039660
2024-05-13,580.168267975653,587.8171042720561,565.6156713536329,584.2907104492188,2203837
2024-05-14,583.1980209428189,612.849669735886,583.0987098096457,606.14453125,3537595
2024-05-15,607.9325630446137,614.1410246770138,605.8465441879306,609.1742553710938,1479399
2024-05-16,609.0252351476003,612.3530069991076,602.1711298031462,611.3099975585938,2013842
2024-05-17,611.9059321116404,618.0150821466992,607.0881905018484,616.57470703125,2065379
2024-05-21,616.77343834504,630.5313651082009,609.2239126017228,627.5016479492188,3811359
2024-05-22,627.50164790283,631.524718925411,617.5184536973114,628.8426513671875,2209062
2024-05-23,630.7797380463614,643.9913330322963,622.4355408818175,642.2033081054688,4718924
2024-05-24,643.6933039542193,652.5838331640566,623.1805224081959,631.0776977539062,4865705
2024-05-27,634.4551318320066,634.4551318320066,622.4355135716586,628.2963256835938,1632214
2024-05-28,629.6870248254644,632.2697205633942,622.832859062448,625.4652709960938,2482711
2024-05-29,622.3858981242263,629.2897201236241,616.2768077793447,625.9122924804688,1702062
2024-05-30,624.769951368741,626.7566591809449,612.2536557741496,615.0350952148438,2485481
2024-05-31,620.8461582890326,635.597438758177,618.5118009856689,629.8359985351562,3662225
2024-06-03,663.5603572467467,672.1528921125976,649.1070711721386,666.3417358398438,11189978
2024-06-04,666.3417844131873,666.4908117500852,514.9049701370404,552.9007568359375,20044195
2024-06-05,571.1784365624724,597.8499619136312,546.5929299452182,594.9196166992188,6564509
2024-06-06,603.9591810313476,618.1144743367698,599.7374268876251,605.9955444335938,3774112
2024-06-07,605.9954848734737,619.8527827679861,603.2637618724931,617.1707153320312,3023546
2024-06-10,621.839512656634,638.7761837428661,619.8528049484659,636.0941162109375,4340712
2024-06-11,641.6072581700046,645.679984590233,633.3623729400939,635.4981079101562,2706589
2024-06-12,640.4649002677169,671.2588698812092,633.7597617228435,664.2557373046875,5320428
2024-06-13,674.1892546359828,675.9276238335556,650.2991072180981,660.0836181640625,8012245
2024-06-14,686.4869908686109,686.4869908686109,669.7482781449178,674.7300415039062,15699653
2024-06-18,680.459053818166,680.459053818166,667.8551684829092,671.6412963867188,2670571
2024-06-19,672.1893245360662,672.836917256484,651.9135120768618,664.367919921875,3104511
2024-06-20,663.5709023572728,667.0581368291203,654.6535334738968,656.7459106445312,2840525
2024-06-21,656.7458746585903,665.513765830582,650.6182815259411,655.0520629882812,3723454
2024-06-24,652.6607878448414,660.0338217417286,640.9038387981489,655.3509521484375,2151184
2024-06-25,659.9840264157149,664.1188534678591,641.6511131437348,646.43359375,2786086
2024-06-26,646.4335939688568,663.4712609509038,645.686329473483,654.6535034179688,4247865
2024-06-27,655.6000585730533,675.6765892510286,650.0703134026124,658.2404174804688,6564930
2024-06-28,663.5708601545016,672.4882284707373,657.5927442972538,667.8053588867188,3948035
2024-07-01,665.5635664905576,699.2402737103564,661.6279613824843,692.465087890625,6820204
2024-07-02,694.4080269775624,704.3715539854547,676.8223774836154,689.8247680664062,5783589
2024-07-03,692.4651219817578,696.84909815817,685.1419540095576,690.1735229492188,1357858
2024-07-04,690.7712834794153,692.1163960510537,669.2998959288359,679.6121215820312,4072206
2024-07-05,679.6121251054174,688.4796881050132,674.5307508641013,683.4979248046875,4592446
2024-07-08,683.9463319581599,686.0386483303104,676.7227747893662,681.056884765625,2099399
2024-07-09,679.5125155166106,685.4906314888975,668.9512016239199,675.1784057617188,2756185
2024-07-10,677.5198139391448,679.163820165631,653.8066326137829,662.5745239257812,7590766
2024-07-11,677.5197880076505,685.4408035740711,670.1467542249048,676.6729125976562,6139579
2024-07-12,678.0180035215435,679.9609034237536,671.2926228841146,674.0325927734375,1807744
2024-07-15,684.0459333261933,687.931733177255,679.0143643588235,681.7045288085938,2184021
2024-07-16,686.9353632124091,689.4760503684552,680.7579644714552,682.8502807617188,2484802
2024-07-18,682.850269527981,689.9244098841216,676.5234544775444,687.732421875,3034365
2024-07-19,688.5294911811452,689.9244092254016,667.9548453098726,675.427490234375,2613915
2024-07-22,675.3776101846237,686.0884010247485,671.2925887008474,684.5938720703125,3014997
2024-07-23,685.490612141984,692.4650805794752,660.1832309152151,688.828369140625,4681258
2024-07-24,688.8283793329075,690.4723855282286,677.6194120353713,679.9110717773438,1157565
2024-07-25,675.6267417437357,682.5015997007752,670.0471909471114,673.434814453125,1226783
2024-07-26,673.5841979435406,688.9280531030113,673.5841979435406,683.896484375,1914855
2024-07-29,689.4760710038603,690.9706000595045,668.5526642248414,677.370361328125,3176753
2024-07-30,677.3703190464869,678.5659543788789,668.7519051844281,671.9900512695312,1526425
2024-07-31,675.2780436318552,684.1456070027203,669.8977147172224,677.4700317382812,5007055
2024-08-01,677.519829072148,678.51618176196,652.6110118268484,661.5781860351562,7613696
2024-08-02,658.5891103480678,659.8843566476663,646.2343129998806,650.4190063476562,3552731
2024-08-05,644.6401750528319,648.1772148554513,631.4385022252429,633.8297729492188,3071394
2024-08-06,635.7726471064015,646.6329160930748,620.6779398669478,623.2684326171875,2519055
2024-08-07,631.6876064474303,645.6365441292348,631.239235573721,640.9536743164062,2259244
2024-08-08,642.5976907378974,642.8965843875799,634.7762854980391,636.1712036132812,1121594
2024-08-09,642.6474699189391,643.1456462522096,627.8017908624621,629.6948852539062,2605583
2024-08-12,618.8346267382168,638.6620694437814,615.4968695770608,633.13232421875,3209718
2024-08-13,632.9828270376227,636.6195385389025,619.8309598815026,622.1226196289062,1379099
2024-08-14,624.214953632576,626.6062243881084,615.2477795181416,620.927001953125,930171
2024-08-16,622.7204131484497,639.6086029155438,621.1760786863496,638.1638793945312,958226
2024-08-19,640.6547391433369,641.3023926758843,629.8941429345412,631.388671875,938492
2024-08-20,633.680317256147,637.1177462339601,622.3717384351621,624.1651611328125,1390850
2024-08-21,624.7131015927629,629.4457766048293,622.5211136351928,626.9548950195312,1038309
2024-08-22,627.1542010165688,637.1675331990972,620.1797323185333,629.49560546875,5299763
2024-08-23,653.6073246814198,657.5927351977699,629.2962962066687,631.2890014648438,14351644
2024-08-26,636.6195518379352,637.5660990386963,623.1189852969422,625.3607788085938,3688932
2024-08-27,626.5065340179249,627.5526921376838,619.7811536319231,622.1724243164062,2374774
2024-08-28,623.7665609661022,624.9621963020857,612.8564873456305,614.1517944335938,2570418
2024-08-29,615.4470370947463,616.7422833625639,598.5090422366469,610.2659912109375,6301579
2024-08-30,610.4154623621888,619.3826360214307,607.1773163185736,614.7993774414062,3540177
2024-09-02,617.738641647107,621.9233349304502,614.0521246876729,618.13720703125,2224671
2024-09-03,619.9804736152365,620.2295617926633,611.9100409916264,615.5466918945312,2546441
2024-09-04,612.756900982889,626.7058385662393,610.3656302150122,624.812744140625,2347174
2024-09-05,626.6560239010419,634.4275625638148,625.1116894251928,629.54541015625,2834101
2024-09-06,624.7131291835891,628.6985398960841,618.0375540776516,620.976806640625,2085086
2024-09-09,620.6281274223662,629.1967364038783,612.507828510347,627.8516845703125,1675042
2024-09-10,627.8516692665546,628.6985447244473,621.4251822807933,624.762939453125,1466555
2024-09-11,624.7131329041997,629.6948963244884,618.3863176854499,620.7277221679688,1659410
2024-09-12,623.8163761507112,627.4032822145213,618.3364365202743,625.8589477539062,1052634
2024-09-13,625.8589262098345,633.4311818407607,623.2185674264975,627.3035888671875,1898585
2024-09-16,628.6985410038429,631.5381218164824,623.9658657744163,625.0120239257812,737033
2024-09-17,623.6669747484475,625.1116983028395,618.4361231571444,620.7277221679688,1091216
2024-09-18,620.7277038594968,623.7167618235073,612.7568826221358,617.8382568359375,736543
2024-09-19,621.7240460648878,621.7240460648878,595.8188774788508,606.1809692382812,2512582
2024-09-20,608.7714635024014,616.5430019377966,604.8358584089042,614.3012084960938,1799104
2024-09-23,617.7386780788657,621.724088905181,614.84923090477,619.7811889648438,1601273
2024-09-24,617.7386725884819,621.6244724346201,613.6536508528333,616.0448608398438,1309122
2024-09-25,616.04483301942,617.3400793054589,607.7751181642828,613.8030395507812,1456337
2024-09-26,613.8030275961127,624.7629065626654,608.6219817403255,622.869873046875,1936586
2024-09-27,622.7204476245194,634.1286983875093,620.8772194245684,631.6876220703125,3874843
2024-09-30,631.68758239698,640.9536499131659,625.7592719454153,630.2428588867188,4215188
2024-10-01,627.9014560354982,632.4348484582363,620.7277047490842,630.1432495117188,1508022
2024-10-03,620.7277434706618,630.6912706531765,610.814021761551,615.197998046875,1552493
2024-10-04,613.2052704555488,619.7313683618022,602.3948073655712,608.4725952148438,1538542
2024-10-07,612.7568951067865,617.0910049178912,584.5103210963925,588.19677734375,3195158
2024-10-08,586.5528387423516,608.1737042032846,582.3183398244573,604.1882934570312,3481559
2024-10-09,607.7751157479335,615.1481496738259,603.5406169906732,605.7326049804688,3148946
2024-10-10,608.5722167944676,611.2125757736039,579.877271206549,583.1154174804688,6417410
2024-10-11,586.8019354217524,590.63786899562,580.9234301607823,583.0656127929688,1939238
2024-10-14,585.8055889918687,588.6451698951254,581.2721963162559,586.7521362304688,1202564
2024-10-15,588.0473609300292,594.8225469573196,584.4106493413708,588.19677734375,1805205
2024-10-16,588.1967966504366,592.2818792394266,574.2977250284163,586.9015502929688,20191089
2024-10-17,585.8553495110777,593.6268879033088,567.2235430699013,569.1664428710938,3483057
2024-10-18,569.415552208373,575.2940572998451,556.9113383337595,571.8566284179688,5208678
2024-10-21,572.2053580025176,575.7922643012824,564.2345361997661,569.8141479492188,3650658
2024-10-22,566.924654421896,581.1226795985427,554.0716809896,556.4629516601562,5527745
2024-10-23,558.9538726388337,562.4909126115618,549.687804559736,553.8226318359375,4336713
2024-10-24,554.9684169016595,560.4981618554968,551.4811826841445,556.8615112304688,1330005
2024-10-25,554.0219002476823,558.9538582179965,543.211497903064,550.6841430664062,1607719
2024-10-28,550.6841402141321,580.1263498426956,545.0547232285551,567.3232421875,6419282
2024-10-29,567.9210077700408,574.148211802607,564.5832507336011,572.9027709960938,2417223
2024-10-30,572.8031518581664,583.6135535789585,568.3693704879313,577.5856323242188,2364199
2024-10-31,577.5856806701652,584.65976061702,572.2551571608761,578.4325561523438,2016146
2024-11-01,580.8237988916662,583.3644860278275,577.9343518348298,580.3256225585938,216563
2024-11-04,577.8347208056366,578.5819852792678,563.9355894335907,569.31591796875,1059806
2024-11-05,568.917404601624,572.9028154920031,563.2879873939457,569.9137573242188,625470
2024-11-06,569.9137221774921,582.8663067724351,569.9137221774921,580.52490234375,1682970
2024-11-07,582.0692300066761,582.9161054337443,567.3232229564252,568.6184692382812,822608
2024-11-08,572.603904874183,572.603904874183,559.4520371630506,562.8396606445312,901220
2024-11-11,561.942924507444,565.7290526164394,556.5127901134362,558.3560791015625,745179
2024-11-12,559.9004086552787,563.4374485570986,552.4775689211515,554.5698852539062,761972
2024-11-13,551.9793757458018,556.2138745669564,539.275879282338,543.3609008789062,838603
2024-11-14,543.3609135448933,550.2855768822359,539.0766091531876,542.5140380859375,1535042
2024-11-18,539.0267756485962,552.9757125415358,535.9381068044609,548.5419311523438,1707792
2024-11-19,549.0401222547791,558.3061898492455,544.9052951948363,547.5455932617188,1267125
2024-11-21,492.7960531865534,498.1763517036991,451.39758011621313,482.3841552734375,38274180
2024-11-22,475.4096683144769,512.9721455642052,475.4096683144769,498.0268859863281,11645446
2024-11-25,511.6271102879077,512.4241802835887,501.364689663726,503.1083068847656,5805213
2024-11-26,505.4496944187432,506.4460470830074,489.9066171812372,491.8993225097656,4602794
2024-11-27,495.1872943767066,521.5906410587644,487.2662782095807,513.1216430664062,8458453
2024-11-28,516.608845790692,520.644061835421,508.78747145590495,511.12890625,6194006
2024-11-29,513.61981913153,533.7461559234409,511.6271137226783,529.5614624023438,6608627
2024-12-02,530.0595921995075,539.0267657517547,528.1166924340131,536.8347778320312,3153526
2024-12-03,539.1263944447899,569.8639101765356,537.0340782053692,564.4835815429688,5596923
2024-12-04,570.6112024453055,570.6112024453055,558.3560764194459,562.640380859375,1530852
2024-12-05,566.9246515566798,571.2587612110518,561.3451011036332,569.0169677734375,3051624
2024-12-06,569.6148406718545,571.4580688092171,562.4410891963021,563.2381591796875,855417
2024-12-09,565.9282960293815,574.6463815756088,562.9392381278178,569.2162475585938,1156965
2024-12-10,569.6646469635036,572.4544223156395,564.0352299750085,571.4082641601562,1086901
2024-12-11,575.891839100168,582.0692377720551,573.3511519725283,576.3402099609375,2670785
2024-12-12,575.8918157059603,577.5856273264267,568.1202774143044,569.6646118164062,2304456
2024-12-13,567.9210408084624,572.8529988516761,561.992730062076,570.6610107421875,2266790
2024-12-16,571.1591859680184,576.6391258246675,569.7642678613088,574.845703125,1121729
2024-12-17,573.8991200292576,576.3900016266068,567.4726333455889,569.0169677734375,1085240
2024-12-18,574.8955090643507,576.8882144683865,561.0461821812842,562.4909057617188,1635003
2024-12-19,553.7229721954681,562.34144673999,551.630656004765,561.2454223632812,1365391
2024-12-20,561.4447364349974,567.5224634715663,545.0049171782495,546.79833984375,2113009
2024-12-23,548.9903006589558,552.4775348736678,545.2539782860499,548.6416015625,832775
2024-12-24,549.9867042025589,554.9684678275821,540.0231769525126,541.119140625,978111
2024-12-26,542.015859131568,548.7412397366013,538.429013800567,546.79833984375,1688865
2024-12-27,547.9939879342093,551.4314169301234,544.506753465537,545.9514770507812,1167271
2024-12-30,546.0012709120509,556.8615394942599,539.4751729934025,542.6136474609375,3433945
2024-12-31,543.958768383783,547.0474374268142,531.5541651141128,533.8457641601562,1065733
2025-01-01,535.0413581762069,540.0231212877172,528.614871599851,536.635498046875,844154
2025-01-02,542.0158437215762,548.691418665214,536.5359041251264,547.844482421875,2762768
2025-01-03,549.7873994674974,551.6804938941759,544.0583715282576,546.69873046875,2142459
2025-01-06,545.65254441225,546.0012435091838,524.1810964964839,527.96728515625,3644057
2025-01-07,530.7072904250831,537.7315648034653,523.384061586416,533.7959594726562,758887
2025-01-08,535.0413663072544,538.5784060076717,528.3159860045096,536.0875244140625,1397351
2025-01-09,537.0340774296466,537.9308191381257,520.2455596309342,523.334228515625,1332797
2025-01-10,520.1957173491311,522.0390063210411,506.5955395599813,509.3853149414063,1984355
2025-01-13,502.16175033775386,512.1252771301696,489.40844820597,491.4011535644531,2284737
2025-01-14,492.2978725569099,515.5129085883326,492.2978725569099,513.4703369140625,1755495
2025-01-15,516.1106984770358,522.985556430415,510.8798468032821,517.4059448242188,1765699
2025-01-16,532.0523382514759,541.1191234359878,526.2735047925264,538.179931640625,4303187
2025-01-17,540.0231563683712,540.6708099399552,528.2662068239667,534.2941284179688,964325
2025-01-20,536.7850234472603,537.1337225713502,528.0669372195786,533.3973999023438,669217
2025-01-21,533.3973922608434,546.6489317871116,528.6149114755381,529.810546875,2560552
2025-01-22,531.8032409023899,536.6853933406087,524.480073057603,534.6926879882812,1658282
2025-01-23,533.845754974797,549.9866805893852,528.8141860920583,546.79833984375,1841473
2025-01-24,549.8870863095493,559.8506134337481,545.0049336936745,549.7874145507812,3859868
2025-01-27,546.7485575895029,550.1859866516633,531.4047013066203,532.9490966796875,1868811
2025-01-28,537.9308599947638,548.9405454320895,524.2310100402184,541.1690063476562,1310270
2025-01-29,541.0194727993148,549.089904698378,516.1106572929008,520.1956787109375,11092387
2025-01-30,526.3731106215909,526.3731106215909,495.2869251347762,507.6914978027344,10002380
2025-01-31,509.1362038583789,516.409566036705,507.69148035419846,510.92962646484375,2315032
2025-02-01,514.117981748115,515.8117934628942,485.2237540917287,499.6708679199219,5527354
2025-02-03,498.17634124957823,498.17634124957823,484.7753855074562,493.3440246582031,4400205
2025-02-04,496.38291890918015,512.8725436528489,495.6854598684649,511.8263854980469,3229502
2025-02-05,515.0146981571331,524.430181849361,510.3816341081492,519.8967895507812,1748997
2025-02-06,519.5979485113311,522.537201226301,510.1325975796769,512.2747802734375,745901
2025-02-07,512.2747398136971,520.5444546541183,505.4496876671293,510.87982177734375,2084178
2025-02-10,515.1143174926577,518.0535699580734,502.211538576707,504.9017028808594,2018861
2025-02-11,506.1471533338303,510.2321749313903,491.5505928868548,498.0766906738281,2784189
2025-02-12,500.1690502066224,503.7559259706333,479.54453736826326,499.2723388671875,1909072
2025-02-13,503.1580874314949,508.6878324674916,498.2261296595099,500.6672058105469,1036149
2025-02-14,500.9163029547001,506.29660127116927,482.0354077668482,487.7146301269531,2619355
2025-02-17,486.2201188029409,488.860447383219,477.4522271837572,486.5190124511719,2529934
2025-02-18,490.1058806670886,491.6502455757423,472.370815000525,484.97467041015625,2265606
2025-02-19,476.30636921323526,488.611330445604,472.3209586379754,478.1496276855469,1721933
2025-02-20,478.299091956818,482.5335908475734,475.85804613414496,481.0888977050781,1676642
2025-02-21,481.3379686493984,484.7255615595163,474.2638587920447,480.1921691894531,3329038
2025-02-24,475.2602294384733,477.15329345351495,467.2894079803857,468.6842956542969,2118594
2025-02-25,470.2784524632059,472.1217109534789,464.9977955620381,467.5384826660156,3465845
2025-02-27,468.2857695191357,471.125380798538,457.4753366308971,468.0864868164063,4261863
2025-02-28,466.1934030081335,466.94066750229257,456.3295177664874,463.2541809082031,3502154
2025-03-03,463.3040068973092,472.3708225759087,453.3404798672596,470.0791931152344,2019207
2025-03-04,468.18611240404607,479.0961862763096,463.9516135669264,473.26751708984375,1247846
2025-03-05,472.3209759302922,491.201871384349,472.2711704587859,489.3088073730469,2223913
2025-03-06,489.3585951955991,498.8239453170082,485.22373780276376,496.6817932128906,3280234
2025-03-07,495.68545180976326,503.5566317974482,490.15570667067504,497.97705078125,1851476
2025-03-10,496.1836263097673,506.1471529424935,485.1241056661871,487.8142700195313,1626327
2025-03-11,483.23104519951806,495.2370827167092,478.3489231952513,493.7425537109375,1903051
2025-03-12,493.7425561305523,500.1192375781106,483.6295825565253,487.4157409667969,2004582
2025-03-13,490.1058639543156,491.79967562700944,482.6332190564364,484.0281066894531,1626551
2025-03-17,486.2201160084811,492.9454967114672,484.32705196593184,488.76080322265625,2759538
2025-03-18,488.76080322265625,488.76080322265625,488.76080322265625,488.76080322265625,0
2025-03-19,496.1836428184773,506.8944343050208,496.1836428184773,505.20062255859375,1284144
2025-03-20,506.1471434592192,510.58092489021817,501.5639152127833,502.8591918945313,1239801
2025-03-21,503.15812328698223,515.1143559195442,503.15812328698223,512.6234741210938,4271244
2025-03-24,515.014734832314,520.0961092760864,508.6878587012959,517.4059448242188,2892707
2025-03-25,528.0669120267107,536.6853868970686,516.260157280941,518.6513671875,6690237
2025-03-26,520.0960979570389,535.7388471653815,517.6550217332381,530.5079956054688,4409160
2025-03-27,528.1166945139718,543.3110719817886,524.2807612487512,540.8201904296875,3250046
2025-03-28,542.9125719451373,549.9866512870386,534.3439028469829,536.3864135742188,1557007
2025-04-01,536.0377171677753,540.870003118343,527.2698261498437,527.96728515625,953159
2025-04-02,525.6756251671202,534.5929934004289,522.4374791078907,532.1021118164062,1395075
2025-04-03,528.7145730198836,542.2151396471905,528.5650957931348,538.7279052734375,857218
2025-04-04,538.6282352983334,541.966053268911,523.6829450757099,526.2734985351562,1254580
2025-04-07,493.1945616421943,530.0596096841361,478.59800140413887,523.284423828125,3055609
2025-04-08,533.0486794040795,537.1337010333747,525.5262288946235,534.8421020507812,1899103
2025-04-09,534.8421221516063,550.2855891446554,529.2127658319885,545.802001953125,4262270
2025-04-11,551.7303001574577,554.7691636888188,542.0158614639404,546.64892578125,3541770
2025-04-15,552.9757239646855,557.1604172815208,548.2430488496724,556.0145874023438,2937116
2025-04-16,557.9076901100613,564.4337879405103,550.3852396089316,563.6865234375,3073452
2025-04-17,563.6865245608666,569.016987034614,560.0996792642849,567.7217407226562,2468247
2025-04-21,570.2126102320059,580.176136745976,565.7788287707812,576.78857421875,3429479
2025-04-22,577.8845526246806,582.66703331148,573.0024001826624,575.792236328125,4202944
2025-04-23,580.5249026957116,580.77399086115,567.2235581737777,572.255126953125,2666108
2025-04-24,572.2551618972989,577.8845791049771,566.3269118478952,569.9137573242188,4092552
2025-04-25,569.9137358687265,572.1057239384222,542.0158606863413,546.69873046875,3491060
2025-04-28,546.8481412882958,550.8335519878553,539.0267971154267,542.96240234375,2686840
2025-04-29,546.9975974587794,550.0862663070284,528.1665083032158,532.0025024414062,7512372
2025-04-30,538.0304610319884,544.2078599693086,531.1057975654569,537.7315673828125,5851731
2025-05-02,535.5893680208455,540.6209368646175,525.3269476358911,526.5225830078125,2360666
2025-05-05,533.8457426249861,547.6452634421236,527.6683439755753,539.4253540039062,8102588
2025-05-06,540.0231729429335,541.7169847253739,530.2091229995231,533.1981811523438,3127458
2025-05-07,530.8567149960938,536.3864604081539,524.3804223411935,533.2479858398438,4047668
2025-05-08,534.0450323972825,536.9842849433205,518.1531951102656,522.4873657226562,3213287
2025-05-09,514.1179945105969,527.3694732918692,510.3816718760722,525.5262451171875,1880094
2025-05-12,538.0304322751502,542.115453824816,534.0450216657047,539.6744384765625,1225930
2025-05-13,540.2224294456083,540.9198884766117,532.3512190332874,534.9417724609375,3438632
2025-05-14,538.0304641344336,543.012227691234,534.0948587620527,541.6173095703125,2627027
2025-05-15,541.9162665546138,546.9976410811701,537.2333966269292,545.5529174804688,3683829
2025-05-16,546.2005192038091,563.8359727647681,545.1543611138662,561.4447021484375,3560785
2025-05-19,563.9356145189748,567.472654355658,557.3098448996983,563.4872436523438,2203178
2025-05-20,563.5370397780256,569.5650220168544,558.3560545996705,560.0,1767473
2025-05-21,560.0498422479142,568.3196185132409,558.9538785757245,565.7290649414062,1295557
2025-05-22,565.3803665985795,567.1737893430843,559.5516666632584,565.6792602539062,1559623
2025-05-23,565.679213868504,573.8991231849552,564.1846849018766,568.8177490234375,1332383
2025-05-26,569.26605331269,574.247816484456,562.3414511539662,565.0814208984375,1001361
2025-05-27,565.0814254641723,566.8250425883784,556.7618444125793,560.6476440429688,1515100
2025-05-28,560.6476596058998,564.9319639246544,556.6124434546604,559.6015014648438,1014166
2025-05-29,559.9003980173107,561.7436261415004,553.6731937970198,559.4022216796875,1409636
2025-05-30,559.4022170368518,561.1956396749026,549.289213142017,551.481201171875,2313117
2025-06-02,551.5310372313089,557.5091535647258,547.1471217409963,553.5237426757812,1040982
2025-06-03,551.7801111939123,555.4666283337027,546.1008886609965,550.38525390625,1762419
2025-06-04,548.5917696202117,552.7764631023169,545.5031005902882,550.43505859375,3448423
2025-06-05,550.4848370106787,554.4702475953713,546.9976027490726,548.1434326171875,1079232
2025-06-06,549.2393835498965,555.1676938205617,547.2964837721103,553.1251831054688,2821698
2025-06-09,560.946577671596,560.946577671596,552.1288804825928,557.95751953125,3268930
2025-06-10,561.9429139061609,564.4337956167379,556.4629741428917,559.053466796875,3239799
2025-06-11,560.4981882165894,564.9319698070365,554.4702666624618,559.2029418945312,2553077
2025-06-12,560.9465668822237,561.5443541737775,543.1118293295126,546.3499755859375,1837409
2025-06-13,541.0,546.7000122070312,536.0499877929688,542.5,1348657
2025-06-16,543.9500122070312,552.9000244140625,537.2999877929688,550.1500244140625,1253497
2025-06-17,551.0,556.5999755859375,546.7999877929688,550.9000244140625,1406479
2025-06-18,552.6500244140625,553.1500244140625,543.7000122070312,545.0499877929688,568472
2025-06-19,545.0499877929688,546.4500122070312,531.0,532.7999877929688,1961693
2025-06-20,532.75,535.6500244140625,528.4500122070312,533.4500122070312,2656096
2025-06-23,530.0,539.5,528.4500122070312,535.5499877929688,1012046
2025-06-24,539.0,562.7999877929688,539.0,554.2000122070312,5718874
2025-06-25,556.9000244140625,560.7000122070312,551.2999877929688,559.4000244140625,2448107
2025-06-26,562.0,569.4000244140625,558.9500122070312,566.75,3048051
2025-06-27,569.5,579.75,565.0999755859375,574.9500122070312,3563465
2025-06-30,575.0499877929688,579.0499877929688,572.2000122070312,577.4500122070312,2003082
2025-07-01,582.0,587.7999877929688,578.5999755859375,580.25,2877528
2025-07-02,582.0,597.5999755859375,581.5499877929688,594.2000122070312,3821770
2025-07-03,596.4500122070312,597.2000122070312,585.3499755859375,588.75,1598094
2025-07-04,588.75,601.75,588.75,595.75,2859715
2025-07-07,596.0,596.8499755859375,585.2999877929688,592.0,2012239
2025-07-08,591.7999877929688,592.9500122070312,580.0,591.5499877929688,2642993
2025-07-09,591.0,595.9500122070312,589.0,590.3499755859375,1963293
2025-07-10,594.0,594.8499755859375,580.0999755859375,585.4000244140625,3219282
2025-07-11,585.0999755859375,591.9000244140625,583.25,587.1500244140625,1938933
2025-07-14,586.75,591.4000244140625,584.5,590.1500244140625,1926899
2025-07-15,591.6500244140625,594.7999877929688,588.3499755859375,593.0999755859375,1498073
2025-07-16,593.0,597.25,586.0499877929688,595.5,1804740
2025-07-17,595.4000244140625,595.8499755859375,589.5,594.5999755859375,1461633
2025-07-18,595.0,599.75,591.0,596.7000122070312,2212883
2025-07-21,599.3499755859375,614.9000244140625,597.1500244140625,613.25,4226198
2025-07-22,615.0,624.9500122070312,613.7999877929688,620.5499877929688,5876411
2025-07-23,623.0,623.7000122070312,613.5,620.4000244140625,1165692
2025-07-24,620.4000244140625,623.3499755859375,616.0,620.4000244140625,1389419
2025-07-25,617.4000244140625,619.0,609.0,613.0999755859375,2413503
2025-07-28,611.9000244140625,619.9500122070312,606.2000122070312,611.0499877929688,1834138
2025-07-29,610.0,612.4000244140625,602.6500244140625,610.0499877929688,3278602
2025-07-30,612.9500122070312,620.75,609.0,617.8499755859375,2616022
2025-07-31,613.0,624.7999877929688,589.9000244140625,592.7000122070312,5782494
2025-08-01,594.8499755859375,615.3499755859375,588.75,607.9500122070312,4599912
2025-08-04,609.75,615.0,603.7000122070312,605.25,1664433
2025-08-05,606.0,607.9500122070312,598.7000122070312,602.7000122070312,795422
2025-08-06,605.0,606.8499755859375,588.1500244140625,589.9000244140625,1895039
2025-08-07,588.0,594.1500244140625,580.2000122070312,592.3499755859375,1936155
2025-08-08,592.0,595.8499755859375,578.0,580.0,1252179
2025-08-11,580.1500244140625,591.2999877929688,580.0499877929688,588.8499755859375,839347
2025-08-12,591.6500244140625,591.6500244140625,585.5499877929688,587.1500244140625,1053756
2025-08-13,587.5,589.25,574.25,580.8499755859375,2109517
2025-08-14,580.8499755859375,584.5,571.5499877929688,578.0499877929688,1974038
2025-08-18,595.0,605.4500122070312,589.2000122070312,590.0499877929688,4190190
2025-08-19,593.0,595.5499877929688,587.2999877929688,592.4000244140625,1898159
2025-08-20,593.4500122070312,594.0999755859375,589.25,591.9000244140625,1086467
2025-08-21,593.25,593.2999877929688,585.0499877929688,588.75,1540533
2025-08-22,588.7999877929688,590.0,576.0,577.1500244140625,1671189
2025-08-25,581.0,582.0,577.8499755859375,581.0,1458400
2025-08-26,580.0,581.0,571.75,572.7999877929688,1527366
2025-08-28,569.5499877929688,569.9500122070312,559.5999755859375,561.7999877929688,1815158
2025-08-29,563.0,569.2000122070312,560.0,563.2000122070312,1166207
2025-09-01,565.2000122070312,569.9000244140625,563.4500122070312,567.0999755859375,1366250
2025-09-02,568.0999755859375,573.0,564.2999877929688,567.25,801958
2025-09-03,570.0,576.9500122070312,569.0499877929688,573.75,2203149
2025-09-04,590.0,596.2999877929688,566.0499877929688,567.7000122070312,6090485
2025-09-05,572.0,572.7000122070312,562.5,566.7000122070312,923506
2025-09-08,570.0,577.3499755859375,565.0499877929688,570.2999877929688,938525
2025-09-09,573.0,576.0,566.5,567.5999755859375,1107979
2025-09-10,570.0,572.5999755859375,566.4000244140625,566.8499755859375,1629387
2025-09-11,566.7999877929688,566.7999877929688,549.0,560.4000244140625,39018032
2025-09-12,563.0999755859375,568.0,559.7999877929688,560.5499877929688,3773680
2025-09-15,562.6500244140625,571.5,561.0,568.75,1812617
2025-09-16,575.75,578.4500122070312,570.5,573.6500244140625,2635252
2025-09-17,577.8499755859375,583.5,575.7000122070312,582.0499877929688,5524985
2025-09-18,583.9000244140625,584.25,576.5,581.0,2063929
2025-09-19,588.0,588.5,578.2000122070312,582.4500122070312,3482230
2025-09-22,585.0,600.7999877929688,581.2000122070312,590.2999877929688,4982920
2025-09-23,591.9500122070312,594.6500244140625,579.1500244140625,591.5999755859375,2989117
2025-09-24,589.0,598.3499755859375,581.6500244140625,582.6500244140625,2053504
2025-09-25,585.0,588.7999877929688,577.7999877929688,579.4000244140625,1932523
2025-09-26,580.75,581.7999877929688,564.0499877929688,565.2000122070312,1858418
2025-09-29,570.7999877929688,571.4500122070312,561.2000122070312,562.1500244140625,1344417
2025-09-30,562.75,573.2000122070312,562.75,569.9500122070312,1873402
2025-10-01,572.0,574.4000244140625,565.5,571.0999755859375,1195512
2025-10-03,573.9000244140625,579.9500122070312,570.2999877929688,576.1500244140625,2062648
2025-10-06,576.1500244140625,577.7999877929688,571.0,573.7999877929688,898456
2025-10-07,573.0,575.9000244140625,568.0999755859375,569.9500122070312,1122712
2025-10-08,569.9500122070312,571.7000122070312,556.2999877929688,566.2999877929688,1866324
2025-10-09,566.4000244140625,569.1500244140625,562.0499877929688,565.9000244140625,816362
2025-10-10,565.7999877929688,573.0,564.5,569.25,891468
2025-10-13,565.2000122070312,567.9500122070312,563.0,566.75,1134328
2025-10-14,567.9000244140625,568.0999755859375,557.5499877929688,563.5999755859375,975792
2025-10-15,563.3499755859375,569.0,563.3499755859375,567.0,1377329
2025-10-16,569.5,573.4500122070312,566.5499877929688,569.7000122070312,1111183
2025-10-17,569.7000122070312,569.7000122070312,562.2999877929688,563.5999755859375,931716
2025-10-20,570.0,570.0,560.5999755859375,565.5,950800
2025-10-21,569.0,569.2000122070312,565.7000122070312,567.5,166817
2025-10-23,570.4000244140625,574.5,563.0,564.3499755859375,2700038
2025-10-24,565.0,566.5999755859375,552.8499755859375,555.0,1704636
2025-10-27,557.0999755859375,561.9000244140625,552.25,560.25,2124784
2025-10-28,563.0,563.25,553.0,554.9000244140625,1487028
2025-10-29,555.0,575.0,555.0,571.75,3787089
2025-10-30,574.0,574.25,565.0,567.9000244140625,928349
2025-10-31,567.9000244140625,571.25,563.25,565.4000244140625,1161448
2025-11-03,568.3499755859375,582.75,566.7000122070312,577.2000122070312,6022756
2025-11-04,582.7999877929688,588.75,565.9000244140625,567.4000244140625,4438364
2025-11-05,567.4000244140625,567.4000244140625,567.4000244140625,567.4000244140625,0
2025-11-06,567.5499877929688,569.3499755859375,557.0999755859375,558.4000244140625,1388630
2025-11-07,558.5,563.9500122070312,550.5499877929688,558.7999877929688,1593499
2025-11-10,558.9500122070312,563.0,555.0499877929688,556.0999755859375,916236
2025-11-11,558.0,561.0999755859375,552.1500244140625,557.5499877929688,1177397
2025-11-12,560.0,570.0499877929688,557.1500244140625,562.5499877929688,1748539
2025-11-13,564.5,566.2000122070312,558.5,559.3499755859375,685786
2025-11-14,562.5,564.7999877929688,558.7000122070312,563.2000122070312,1082167
2025-11-17,564.7000122070312,565.4000244140625,559.25,560.2999877929688,618154
2025-11-18,568.0,568.0,556.75,557.7999877929688,904843
2025-11-19,557.4000244140625,561.0,554.5,555.2999877929688,847533
2025-11-20,562.0,562.0,555.0,555.75,1248817
2025-11-21,555.75,556.0499877929688,545.0,547.5499877929688,1961101
2025-11-24,548.8499755859375,549.5,542.0499877929688,544.5999755859375,2247682
2025-11-25,547.0999755859375,548.3499755859375,543.5999755859375,545.8499755859375,693469
2025-11-26,546.5,552.0,544.5499877929688,550.0,948636
2025-11-27,552.4500122070312,553.2999877929688,547.0,548.7000122070312,481061
2025-11-28,549.2999877929688,551.8499755859375,546.1500244140625,550.2000122070312,602009
2025-12-01,551.4000244140625,551.7999877929688,542.9000244140625,543.3499755859375,766104
2025-12-02,544.9500122070312,547.0,541.0,543.0,1754719
2025-12-03,546.9000244140625,546.9000244140625,533.6500244140625,535.3499755859375,2219149
2025-12-04,535.5999755859375,543.5,527.5999755859375,536.9000244140625,2474836
2025-12-05,536.9000244140625,537.5,531.7999877929688,533.7999877929688,1243514
2025-12-08,534.7000122070312,540.5499877929688,526.5499877929688,528.9500122070312,1893815
2025-12-09,528.0999755859375,534.5,523.4000244140625,533.0499877929688,2139922
2025-12-10,533.0499877929688,536.5,528.6500244140625,529.7000122070312,904955
2025-12-11,529.6500244140625,537.3499755859375,525.4500122070312,536.0999755859375,2781951
2025-12-12,536.9000244140625,549.9500122070312,536.9000244140625,548.1500244140625,2488693
2025-12-15,547.75,556.2999877929688,542.9500122070312,553.4500122070312,1239318
2025-12-16,553.0,554.7999877929688,544.2000122070312,548.7000122070312,1901877
2025-12-17,547.0,549.9000244140625,539.5,541.2999877929688,518137
2025-12-18,15.720000267028809,15.789999961853027,15.550000190734863,15.670000076293944,2174585
2025-12-19,15.649999618530272,16.15999984741211,15.56999969482422,16.040000915527344,3458375
2025-12-22,542.0,545.2000122070312,540.2000122070312,541.25,185005
2025-12-23,563.0,563.5,544.25,546.9000244140625,9559898
2025-12-24,550.0,553.4000244140625,547.5999755859375,548.0999755859375,2136238
2025-12-26,549.9000244140625,555.0,548.2000122070312,554.6500244140625,1919198
2025-12-29,556.9000244140625,556.9000244140625,549.6500244140625,552.0999755859375,1228604
2025-12-30,553.9000244140625,553.9000244140625,548.9500122070312,550.0,2305901
2025-12-31,551.9000244140625,556.9000244140625,550.0499877929688,556.3499755859375,1063383
2026-01-01,556.9000244140625,561.0,555.0999755859375,559.6500244140625,1568506
2026-01-02,560.0,566.5,558.1500244140625,565.4000244140625,1371606
2026-01-05,568.7000122070312,573.0999755859375,567.0499877929688,571.25,2369319
2026-01-06,572.0,572.0,561.3499755859375,563.5499877929688,1015560
2026-01-07,563.9500122070312,565.7999877929688,560.6500244140625,562.0,3920006
2026-01-08,562.0,562.0,545.1500244140625,546.7000122070312,1330617
2026-01-09,546.7000122070312,548.5,535.6500244140625,536.9500122070312,1241773
2026-01-12,536.9500122070312,540.2000122070312,528.5999755859375,538.7000122070312,2484175
2026-01-13,6175.0,6175.0,6045.0,6145.5,242318
2026-01-14,6144.0,6194.0,6052.5,6113.5,150824
2026-01-16,551.5,558.4500122070312,545.7000122070312,553.75,2076801
2026-01-19,551.2999877929688,555.4000244140625,546.9500122070312,552.1500244140625,1523046
2026-01-20,552.1500244140625,554.3499755859375,534.9000244140625,536.2999877929688,1184287
2026-01-21,534.0,545.0,531.2000122070312,538.6500244140625,1734550
2026-01-22,543.7999877929688,548.5,541.1500244140625,546.5999755859375,1903090
2026-01-23,546.6500244140625,548.5,511.1000061035156,519.4000244140625,6489381
2026-01-27,526.6500244140625,535.9000244140625,524.0499877929688,532.25,2373615
2026-01-28,533.9500122070312,539.0999755859375,531.0499877929688,533.9500122070312,1738702
2026-01-29,535.0,538.3499755859375,528.7999877929688,536.0499877929688,2837040
2026-01-30,536.0499877929688,536.0499877929688,507.8999938964844,510.1499938964844,6130082
2026-02-02,536.0499877929688,512.8499755859375,493.3500061035156,510.5,2966763
2026-02-03,533.0,540.5,519.5,528.25,3149032
2026-02-04,530.9000244140625,538.0,522.5499877929688,536.9500122070312,977308
2026-02-05,536.0,536.9500122070312,528.2000122070312,533.0499877929688,1363130
2026-02-06,530.0,531.5499877929688,524.0,529.4500122070312,554714
2026-02-09,533.8499755859375,544.8499755859375,530.3499755859375,542.4500122070312,1236237
2026-02-10,547.0,547.0,533.0,538.5,1575847
2026-02-11,540.7999877929688,542.25,535.0,541.25,1085571
2026-02-12,541.0,541.0,529.0,532.8499755859375,953137
2026-02-13,526.8499755859375,530.5,517.25,519.4500122070312,1296957
2026-02-16,520.0,526.4000244140625,513.2000122070312,524.7000122070312,704960
2026-02-17,523.7000122070312,528.5,520.8499755859375,522.0,2242675
2026-02-18,522.0,525.8499755859375,520.0499877929688,523.0,1773460
2026-02-19,522.0,526.3499755859375,510.7999877929688,512.1500244140625,2535330
2026-02-20,512.1500244140625,517.7999877929688,508.6499938964844,512.0,2376895
2026-02-23,512.0,518.6500244140625,510.75,515.2999877929688,925858
2026-02-24,514.9500122070312,516.9500122070312,506.9500122070313,514.5,1586025
2026-02-25,514.75,518.5,507.3999938964844,511.1000061035156,1574440
2026-02-26,513.0,515.7999877929688,510.0,512.1500244140625,1099252
2026-02-27,512.0,512.0499877929688,499.0,500.3999938964844,2427882
2026-03-02,490.1000061035156,493.3999938964844,480.1000061035156,490.75,2819793
2026-03-04,7750.0,7774.5,7514.0,7657.0,295675
2026-03-05,479.0,482.3999938964844,469.4500122070313,480.0,1744314
2026-03-06,475.7000122070313,480.75,463.3500061035156,466.75,1324424
2026-03-09,459.0,459.0,443.25,451.9500122070313,4222161
2026-03-10,13.140000343322754,13.34000015258789,13.0600004196167,13.220000267028809,4337747
2026-03-11,13.300000190734863,13.630000114440918,13.199999809265137,13.260000228881836,3730522
2026-03-12,455.0,455.5499877929688,445.0,446.4500122070313,5554429
2026-03-13,445.0,446.2999877929688,424.3999938964844,425.3500061035156,4855118
2026-03-16,425.5499877929688,434.9500122070313,424.75,429.0,6857129
2026-03-17,432.7999877929688,436.2999877929688,428.1000061035156,434.2000122070313,2154056
2026-03-18,438.0,444.2999877929688,433.4500122070313,441.25,3069650
2026-03-19,433.0,435.75,418.25,419.9500122070313,2679767
2026-03-20,425.0,427.6000061035156,419.0,420.5499877929688,2281948
2026-03-23,416.7999877929688,416.7999877929688,394.0,395.3500061035156,4331204
2026-03-24,6467.0,6520.0,6136.0,6452.0,469079
2026-03-25,6551.0,6805.0,6498.5,6746.5,400350
2026-03-27,418.0,418.6000061035156,407.6000061035156,408.8500061035156,6109375
2026-03-30,11.859999656677246,11.880000114440918,11.109999656677246,11.18000030517578,11910753
2026-04-01,415.0,422.7999877929688,409.1000061035156,420.3500061035156,3592144
2026-04-02,414.5,420.0,406.7000122070313,418.4500122070313,2016351
2026-04-06,420.4500122070313,431.1000061035156,412.3999938964844,430.0499877929688,2652807
2026-04-07,426.9500122070313,426.9500122070313,418.0,420.4500122070313,3100760
2026-04-08,438.0,462.4500122070313,435.0,446.75,7851655
2026-04-09,446.9500122070313,446.9500122070313,432.0,434.0499877929688,4904296
2026-04-10,437.0,447.0,435.25,445.2000122070313,3575779
2026-04-13,7020.0,7315.0,7007.0,7178.5,515991
2026-04-15,449.8999938964844,457.5,448.0499877929688,454.0,2824785
2026-04-16,457.0,460.25,451.1000061035156,458.0499877929688,2057087
2026-04-17,459.2000122070313,461.9500122070313,456.1000061035156,459.0,1899333
2026-04-20,459.0,464.0,453.0,454.8999938964844,1733571
2026-04-21,455.9500122070313,460.0,453.5499877929688,456.25,1471622
2026-04-22,453.5,463.6499938964844,451.0,460.8999938964844,1475881
2026-04-23,457.9500122070313,457.9500122070313,449.0,450.3999938964844,2393788
2026-04-24,451.0,457.7000122070313,440.3999938964844,451.2000122070313,3728598
2026-04-27,453.5,468.7999877929688,453.4500122070313,460.5,3441019
2026-04-28,462.8500061035156,465.0,456.0,458.7999877929688,1789239
2026-04-29,463.7000122070313,465.5,453.0,454.6000061035156,1778830
2026-04-30,450.2000122070313,450.2000122070313,440.1000061035156,444.2000122070313,3322936
2026-05-04,446.0,460.75,438.0499877929688,445.2999877929688,12401106
2026-05-05,439.0,441.1000061035156,431.5,433.1000061035156,8250228
2026-05-06,438.5499877929688,449.6000061035156,435.7999877929688,446.8999938964844,5329654
2026-05-07,446.5,454.2000122070313,445.1000061035156,450.6499938964844,4350981
2026-05-08,449.0,457.9500122070313,442.5,444.2999877929688,5045246
2026-05-11,441.75,441.75,432.3999938964844,436.2000122070313,4019638
2026-05-12,434.8999938964844,442.0,425.2000122070313,426.9500122070313,3301503
2026-05-13,428.1499938964844,441.1499938964844,425.3999938964844,438.3999938964844,3621026
2026-05-14,438.8999938964844,447.1499938964844,433.25,443.8999938964844,3484356
2026-05-15,449.0,451.5499877929688,431.3999938964844,433.75,2809952
2026-05-18,430.0,431.7000122070313,421.1000061035156,430.1499938964844,2003134
2026-05-19,430.5,434.6000061035156,428.7999877929688,431.7000122070313,1855233
2026-05-20,428.2000122070313,431.6000061035156,425.1499938964844,430.25,1976278
2026-05-21,435.0,438.0,430.9500122070313,436.4500122070313,2915917
2026-05-22,438.6000061035156,441.0,435.1000061035156,436.3500061035156,2717360
2026-05-25,437.1000061035156,444.6499938964844,437.1000061035156,441.9500122070313,3028957
2026-05-26,442.0499877929688,455.9500122070313,440.6000061035156,449.7000122070313,4448043
2026-05-27,450.0,462.0,449.7000122070313,460.7000122070313,4281147
2026-05-29,460.9500122070313,461.9500122070313,445.4500122070313,447.8500061035156,3802903
2026-06-01,448.6000061035156,452.0,433.1000061035156,434.8999938964844,2901521
2026-06-02,432.0,441.6000061035156,429.6499938964844,439.3500061035156,4263116
2026-06-03,438.2000122070313,440.5,424.0,426.9500122070313,8608427
2026-06-04,425.8999938964844,429.7999877929688,423.6499938964844,426.3500061035156,2800468
2026-06-05,430.0,430.4500122070313,415.0,417.5499877929688,7370859
2026-06-08,415.2000122070313,422.75,411.1000061035156,415.2999877929688,3401596
2026-06-09,416.5,417.75,412.6000061035156,416.0,1812444
2026-06-10,416.0,417.6499938964844,408.25,409.7999877929688,2194827
2026-06-11,407.5499877929688,410.1499938964844,404.7999877929688,406.0499877929688,1605085
2026-06-12,412.25,426.0499877929688,408.7000122070313,423.1000061035156,2885292
2026-06-15,431.3999938964844,435.8999938964844,427.0,428.8500061035156,3310007
2026-06-16,431.6000061035156,431.6000061035156,424.1000061035156,426.0499877929688,2103567
2026-06-17,427.9500122070313,428.25,422.5,426.4500122070313,2958750
2026-06-18,428.0,433.8500061035156,423.2000122070313,430.0,3210454
2026-06-19,429.9500122070313,433.0,421.7999877929688,423.9500122070313,2144165
2026-06-22,426.1499938964844,429.0,422.6000061035156,428.0,3535861
2026-06-23,428.9500122070313,429.3999938964844,414.0,414.8500061035156,3041605
2026-06-24,416.0,428.0,415.1499938964844,426.8500061035156,4345854
2026-06-25,429.8999938964844,434.2999877929688,422.5499877929688,424.0,3172387
2026-06-29,421.5499877929688,427.25,420.3500061035156,424.25,2984861
2026-06-30,425.0,425.8500061035156,419.6499938964844,421.8500061035156,3011247
2026-07-01,420.2999877929688,423.0,418.1000061035156,418.8500061035156,3312621
2026-07-02,422.2000122070313,431.5,421.3500061035156,428.9500122070313,6105838
2026-07-03,431.7000122070313,444.2000122070313,430.0,443.3999938964844,6166968
2026-07-06,445.0,445.0499877929688,438.6000061035156,441.3999938964844,2292172
2026-07-07,444.0,444.0,434.5499877929688,435.8999938964844,1294538
2026-07-08,431.0499877929688,435.7000122070313,419.0,421.1000061035156,1658519
2026-07-09,422.3500061035156,429.7999877929688,421.8999938964844,428.1499938964844,2408035
2026-07-10,432.0,440.7999877929688,431.1000061035156,436.4500122070313,2035454
2026-07-13,430.0,434.4500122070313,429.3999938964844,432.1499938964844,733291
2026-07-14,429.75,436.4500122070313,427.2000122070313,429.7999877929688,2665735
2026-07-15,430.0,439.8999938964844,430.0,435.25,2405209
2026-07-16,438.0,440.2999877929688,432.5,433.6000061035156,1467712
2026-07-17,433.5499877929688,439.7000122070313,431.1499938964844,438.5,1898550
2026-07-20,436.7999877929688,442.3500061035156,432.0,437.7999877929688,1503808
2026-07-21,439.2999877929688,445.25,436.2000122070313,440.8500061035156,2319625
2026-07-22,440.0,440.0499877929688,430.0,430.7999877929688,1256260
2026-07-23,428.6499938964844,431.2999877929688,421.4500122070313,423.5499877929688,1504080
2026-07-24,420.0,427.5,415.4500122070313,425.1499938964844,1403157
2026-07-27,429.0,432.8500061035156,424.2000122070313,430.9500122070313,1140617
2026-07-28,432.4500122070313,435.8500061035156,418.1000061035156,426.0,6241411
2026-07-29,424.2999877929688,443.0,423.1499938964844,435.2999877929688,5054063
2026-07-30,434.5,435.8999938964844,427.0,434.2000122070313,2577682
2026-07-31,435.20001220703125,438.95001220703125,430.25,432.20001220703125,1201643
