,Open,High,Low,Close,Volume
2005-01-03,72.77563802537496,76.00847065559398,72.77563802537496,75.36886596679688,670730.0
2005-01-04,73.30211360033307,75.52549961875575,73.1411269325873,73.64584350585938,2454450.0
2005-01-05,72.74953731169089,73.59799053138649,70.66103248224294,71.52689361572266,1439980.0
2005-01-06,71.35718702107435,71.70527218803602,69.15120250380305,69.5384521484375,1128120.0
2005-01-07,70.92208904745993,70.92208904745993,69.18166968433209,70.56095123291016,2014050.0
2005-01-10,72.47978282279804,72.47978282279804,68.74658158316329,69.03375244140625,1997340.0
2005-01-11,68.92931389241407,69.52976074786098,65.83136928934894,66.5101318359375,1750090.0
2005-01-12,67.26720550401804,67.26720550401804,62.82913118198693,63.66018295288086,3676240.0
2005-01-13,63.26425550060986,66.0315231793401,63.26425550060986,65.20917510986328,2413000.0
2005-01-14,65.61381776276288,65.6225217194019,64.04743752641875,64.68704223632812,892260.0
2005-01-17,64.39987806133495,65.30925240744865,62.30702441803283,63.390438079833984,1729820.0
2005-01-18,65.17000285221101,65.17000285221101,61.5325260992308,61.98938751220703,1544930.0
2005-01-19,61.78923657486185,62.742117246546286,61.61519729273806,61.7326774597168,1513800.0
2005-01-20,61.95023283609762,63.25554743179004,61.17574670712065,62.64639663696289,1488070.0
2005-01-24,62.65511599463054,63.97783218883575,62.65511599463054,63.45570755004883,2039760.0
2005-01-25,63.52529910961624,63.69933836931618,62.82912879247212,63.45133209228516,1006790.0
2005-01-27,63.52966929679223,64.8306354451569,62.87266323372598,63.62539291381836,4170600.0
2005-01-28,63.87338807035017,65.00465660408463,63.63407909463837,64.65657806396484,1971640.0
2005-01-31,63.960423750753286,66.89738198420623,63.62539110070912,64.08660125732422,5572190.0
2005-02-01,62.48105195651807,62.48105195651807,60.04446242003606,61.82403945922852,6634940.0
2005-02-02,62.04595347887806,62.64204499128376,61.43680271309869,61.7326774597168,2138310.0
2005-02-03,62.642041034731776,64.83061773311174,60.749332425109465,61.88060760498047,2506970.0
2005-02-04,62.463651988140775,64.03872944038494,62.00244190361667,63.72546005249024,2427040.0
2005-02-07,63.525295421943646,64.22146569867476,62.82912514521253,63.268585205078125,1657120.0
2005-02-08,63.351270951582975,64.13445439664983,63.26424466731035,63.855987548828125,1260800.0
2005-02-09,64.3955104535926,64.3955104535926,63.96040565323049,64.273681640625,641860.0
2005-02-10,64.2214684828312,65.17869767545585,63.96910691255498,64.54344177246094,1278900.0
2005-02-11,64.80016198933909,65.00466179954893,64.31720198044667,64.787109375,654580.0
2005-02-14,64.78711660452926,65.61381989357002,64.40422880923481,64.92200469970703,1004380.0
2005-02-15,65.17870676834534,66.11853482203728,64.40422067942505,65.50503540039062,1240780.0
2005-02-16,65.52679666067866,65.70083595455776,64.65658691293616,64.89588928222656,489020.0
2005-02-17,64.48254503150645,65.09169587670497,64.3955253790992,64.48690032958984,1123090.0
2005-02-18,64.65657897652919,64.73489465740973,62.40273255415903,62.65509414672852,2512700.0
2005-02-21,63.26424564495074,63.78637680196175,62.57678579062159,62.79433822631836,1360240.0
2005-02-22,62.74210718904818,63.3512578571813,62.21998278719978,62.959659576416016,641380.0
2005-02-23,62.95966413902979,63.52095305705106,62.22433595417062,63.40347290039063,600180.0
2005-02-24,63.35126698025951,63.699345538836496,62.48105730547118,62.6376953125,774360.0
2005-02-25,63.52530325406307,63.52530325406307,61.697864351301256,61.84144973754883,1339920.0
2005-02-28,61.87625820186164,62.87264529955993,61.87625820186164,62.68119812011719,934340.0
2005-03-01,62.7421057159746,63.52529561994528,62.21998132638476,63.05103302001953,611500.0
2005-03-02,62.742112033337065,63.42957842719901,62.576776720809,63.03798675537109,464640.0
2005-03-03,62.82913951675605,63.43829030802593,62.49846221121409,62.82044219970703,711360.0
2005-03-04,63.0902011480613,63.85598326844588,62.83349088851552,63.08149719238281,620940.0
2005-03-07,63.4252311277233,63.52530337681433,62.56807410582015,63.016231536865234,1593660.0
2005-03-08,63.35126604244032,65.31793509814388,63.09020048819932,64.83061981201172,1131400.0
2005-03-09,64.48254776500835,66.04022417407347,63.52531826960259,65.39627075195312,2425080.0
2005-03-10,65.3962473065906,66.74506809044709,65.04816216782474,65.97493743896484,2008880.0
2005-03-11,65.98362683956898,66.74506008465085,64.41725386176032,64.73052978515625,1616400.0
2005-03-14,64.73054664846889,65.43541434015322,64.2301721164143,64.5303955078125,810850.0
2005-03-15,64.06047673231133,66.30996771253734,63.87338485836382,65.58334350585938,2277220.0
2005-03-16,65.43977915827405,66.60586382913787,65.43977915827405,65.85313415527344,2880370.0
2005-03-17,65.61381868540705,65.87487763568626,64.61307611140244,65.06558227539062,706600.0
2005-03-18,64.9176459208066,65.04817871093749,62.30701667488269,62.54632568359375,3957610.0
2005-03-21,63.08150238901212,63.61233086319012,61.35413551862812,62.94662094116211,1615870.0
2005-03-22,61.9589377243981,64.13881761465032,61.9589377243981,63.59928512573242,1584650.0
2005-03-23,63.61233660634222,67.00615623709481,63.52966561105458,65.60946655273438,5721220.0
2005-03-24,65.52678579623546,66.10982463715254,64.42161588190424,65.37449645996094,3837030.0
2005-03-28,67.01486070257351,67.7023272632849,65.88358527068408,67.22805786132812,3586660.0
2005-03-29,67.53696747858001,67.70230942684941,64.0822343098653,64.56954956054688,2626080.0
2005-03-30,64.74360528365949,65.70083465947276,63.09020546770564,64.8828353881836,1808410.0
2005-03-31,65.26572515580057,65.98800077425959,63.65583859645873,64.32154846191406,10075830.0
2005-04-01,64.82190203774918,65.00464523109171,64.39550125328329,64.7000732421875,791750.0
2005-04-04,64.83062251557904,65.6921282578243,64.57391224801285,64.787109375,1491260.0
2005-04-05,65.09169928260962,65.77915922001974,64.56956806249798,64.96551513671875,825990.0
2005-04-06,65.26572688308809,65.70083172897534,64.8349706955574,65.06993103027344,1125160.0
2005-04-07,65.09168622874687,65.96189590218374,64.96985740559954,65.2048110961914,1310790.0
2005-04-08,65.61381228041785,65.7704502909644,64.22147809732232,64.92634582519531,853130.0
2005-04-11,62.568073200399965,65.6094515826872,62.568073200399965,65.09168243408203,598850.0
2005-04-12,65.09169400782393,65.51809493979854,64.4085761457339,64.98291778564453,571280.0
2005-04-13,64.98290073687564,65.26571618467376,63.873382233901786,64.16055297851562,731400.0
2005-04-15,62.74213642005601,63.438307039641614,60.83202583462966,61.95459747314453,1517220.0
2005-04-18,60.47958210508063,60.65362141230335,58.739162476157446,59.84432601928711,1199190.0
2005-04-19,59.35264649073411,61.00169073730779,59.34829119372768,59.97919845581055,1592180.0
2005-04-20,60.30554987861984,60.910345505115615,59.48320177296478,60.24028015136719,834300.0
2005-04-21,60.04446908616537,60.47522527623366,59.783403521425846,60.166297912597656,525510.0
2005-04-22,60.044462260290366,60.91467185826559,59.17425266231514,59.33089065551758,799280.0
2005-04-25,59.517997572521885,59.517997572521885,57.29026256329017,57.455604553222656,3272390.0
2005-04-26,60.040114904632986,65.26572126371211,57.529558301053896,57.986419677734375,1825090.0
2005-04-27,58.05168380330792,58.299696735441344,56.7507180122612,57.085750579833984,1741070.0
2005-04-28,57.08576196470475,57.34682756226094,55.61075660861234,56.13288116455078,5787780.0
2005-04-29,55.86746129521618,56.12852686654384,55.12778436201887,55.4541130065918,1692920.0
2005-05-02,55.69342486439842,56.04151009763564,54.39681085615595,55.14954376220703,1351470.0
2005-05-03,55.149543359103575,56.11547672066909,54.91023434805382,55.43671417236328,581960.0
2005-05-04,55.47586802429888,57.40773460835392,55.25831560067417,56.715919494628906,2760870.0
2005-05-05,57.25544847019842,59.5963148043408,57.25544847019842,58.4737434387207,4595360.0
2005-05-06,58.47808871153018,60.82765886603757,56.91171524769832,58.11260223388672,2910630.0
2005-05-09,54.82321091520053,60.044469097600576,52.64768667253384,58.91754913330078,13165250.0
2005-05-10,58.30404581522759,58.47808508736517,57.085750992746505,57.74276351928711,3699600.0
2005-05-11,56.99872598831266,57.694896289640255,56.65064083764886,57.003074645996094,1923480.0
2005-05-12,56.73767280534035,57.85154685755425,56.56363351174284,57.26850128173828,1483010.0
2005-05-13,57.34681855091978,58.68694223872145,56.92911498830159,58.23878479003906,1385020.0
2005-05-16,57.86894371310361,59.174258232948056,57.61223345093572,58.79571914672852,1378550.0
2005-05-17,59.00021235478232,59.609356406921385,58.35190382565614,59.252567291259766,1436290.0
2005-05-18,58.67824977582607,59.60937403904417,58.39107893522887,59.26564407348633,950050.0
2005-05-19,59.17424770799399,60.13147685778894,59.00020845863919,59.3613395690918,1312070.0
2005-05-20,59.60936819471127,60.39255830174656,58.61298094685355,59.98355865478516,1113940.0
2005-05-23,59.696382166940666,60.77544030117227,59.696382166940666,60.475223541259766,1053200.0
2005-05-24,59.26128788037166,60.30118835788556,59.26128788037166,60.14455032348633,880160.0
2005-05-25,60.04447283423263,61.60214908561861,60.04447283423263,61.30192565917969,1280140.0
2005-05-26,62.21999531179216,63.96041476107305,60.375148305452,63.04669189453125,3591410.0
2005-05-27,63.6123381784579,63.6123381784579,61.784898836481325,62.20695114135742,1862150.0
2005-05-30,62.219998960969214,63.25555071856149,61.78489407313028,63.00318908691406,1656920.0
2005-05-31,62.91618070286715,63.35128566861541,62.17649694975521,63.07281875610352,1459800.0
2005-06-01,62.74211764087772,64.13445182413797,62.74211764087772,63.67759704589844,2521650.0
2005-06-02,63.51661245059471,64.65659182131643,63.31646791135719,63.912559509277344,2901790.0
2005-06-03,65.35276004037026,65.35276004037026,63.098919659349065,63.62539291381836,2532910.0
2005-06-06,63.42087352673252,64.04742550365599,62.263499799597525,62.850887298583984,1471040.0
2005-06-07,62.22435738686432,63.699362922597366,62.22435738686432,63.246856689453125,1363770.0
2005-06-08,63.1772258146231,63.43829139236875,61.70657586823137,61.91542434692383,767200.0
2005-06-09,62.65510709545585,63.51661295904963,61.08872676239984,61.49772644042969,632910.0
2005-06-10,61.78490141958997,62.61159814911187,61.04522435014809,62.11993408203125,651000.0
2005-06-13,61.95893175020136,62.75952976863337,61.697872807838046,62.25480651855469,846820.0
2005-06-14,63.12503474405143,63.17724521996801,62.22001553950305,62.91183090209961,2359440.0
2005-06-15,63.177224634215854,64.48253922020864,62.82913941678312,64.14315795898438,2965740.0
2005-06-16,64.39551851434663,64.39551851434663,62.75952665030072,62.89005279541016,414390.0
2005-06-17,63.09021833520072,63.69501395574359,62.48977137409532,62.58549499511719,460270.0
2005-06-20,63.09021947268029,63.4383047700197,62.35924632352488,62.70732498168945,813410.0
2005-06-21,62.74212505449775,63.25119698919306,62.15908608373633,62.83784866333008,444610.0
2005-06-22,62.85089905933246,63.990878368116455,62.84219510269861,63.507911682128906,1511880.0
2005-06-23,63.52965003540903,64.13444544733997,63.2642358394294,63.84292602539063,1407890.0
2005-06-24,61.05825956034388,63.786368612699526,61.05825956034388,63.381717681884766,405530.0
2005-06-27,63.090217270781125,63.56883536781551,62.92052660713704,63.229454040527344,671480.0
2005-06-28,63.35128310137802,63.61234208674292,62.65511252872237,63.27730941772461,663240.0
2005-06-29,63.09020820427813,64.85238431299098,63.09020820427813,64.69139099121094,1583250.0
2005-06-30,64.74359191224897,67.04094459540089,63.79071139178341,65.55723571777344,4326090.0
2005-07-01,65.70084060617515,66.56670175658432,64.13446029366959,66.25777435302734,1453320.0
2005-07-04,66.2229511061686,68.3114555331044,66.2229511061686,67.66314697265625,1875740.0
2005-07-05,67.96338234456005,69.4427429508949,67.44125780551339,68.1374282836914,1913220.0
2005-07-06,67.52827698598105,69.0076375820302,67.52827698598105,68.65084838867188,976960.0
2005-07-07,68.65960854280841,68.90482035664546,66.99566264410173,67.61307525634766,1481560.0
2005-07-08,67.87141535807942,69.18505565533258,66.90808047639779,67.33282470703125,1641290.0
2005-07-11,67.88018413849043,68.637714942952,67.74005928044014,68.18669891357422,619130.0
2005-07-12,68.04657999344661,68.39250909099434,66.01481614506721,66.29505920410156,1143000.0
2005-07-13,66.11989157018051,66.55777164680423,65.34046556831188,65.64698028564453,1018350.0
2005-07-14,65.94472249899083,66.37384297497765,64.36835202176898,64.66610717773438,1174070.0
2005-07-15,65.15656979296388,66.11990481825006,64.8938390217399,65.58131408691406,600250.0
2005-07-18,65.94474791708605,66.98689804617453,65.50686780258089,66.55777740478516,835670.0
2005-07-19,66.55778256837175,67.17957157742536,66.38263318158963,66.68914794921875,727290.0
2005-07-20,66.99566483230896,67.06572726184243,65.86155681551008,66.75482940673828,726430.0
2005-07-21,66.77672212469358,67.40727060265205,66.5577820521536,66.83364868164062,658110.0
2005-07-22,66.6891441241565,67.60868837430195,66.1636893124276,67.30655670166016,717840.0
2005-07-25,66.99567350690414,67.4291773290614,66.67163973949673,67.1095199584961,1936800.0
2005-07-26,67.5211134511925,71.81233998151389,67.42477928986641,70.32792663574219,5152350.0
2005-07-27,70.9453335126719,72.29400498138976,70.33229738242566,70.95408630371094,2695740.0
2005-07-28,354.7705383300781,354.7705383300781,354.7705383300781,354.7705383300781,0.0
2005-07-29,70.92782364917815,73.97984877855366,70.06082283739124,73.32302856445312,3620970.0
2005-08-01,72.1626472944824,73.7214994997784,71.89991654192934,72.80194854736328,636900.0
2005-08-02,73.1172041533946,74.34764594534126,73.1172041533946,74.11557006835938,2639610.0
2005-08-03,74.08932956859849,75.49054489243416,73.83974132540234,74.69798278808594,2840460.0
2005-08-04,74.87750786326481,74.96508255954922,73.73901676700441,74.13748931884766,645050.0
2005-08-05,74.35204215927847,74.35204215927847,72.68809644648857,72.81507873535156,486880.0
2005-08-08,72.77566421823327,72.77566421823327,70.06518559333827,70.37608337402344,744960.0
2005-08-09,70.58627635009859,71.1117311752317,69.36459371462607,70.37171936035156,876760.0
2005-08-10,70.54250886224686,71.37447864004342,70.49871816593246,71.14240264892578,388850.0
2005-08-11,71.11173738719239,74.95194837331668,70.8490132924359,74.37832641601562,860980.0
2005-08-12,74.62353010234891,74.85998911150554,72.60052606289123,73.28799438476562,530020.0
2005-08-16,73.9053998970543,73.9053998970543,72.0838171476467,72.28086853027344,957980.0
2005-08-17,72.24144740922362,72.85448347651838,71.81232683918073,72.52169036865234,933220.0
2005-08-18,73.03840304792124,73.73900720890474,72.07506815061882,72.2764892578125,1421220.0
2005-08-19,73.02965192420874,73.03841139815952,71.46204016306505,71.85175323486328,1034210.0
2005-08-22,70.3235506136557,73.56386085987536,66.17682530328275,72.3115234375,622460.0
2005-08-23,71.96561506531198,73.03842024170689,70.58628839721418,71.22997283935547,472310.0
2005-08-24,70.77456161528148,71.80357582558257,69.28138889362454,70.08271026611328,1361300.0
2005-08-25,70.46805793540324,70.67386216555035,68.65961723855547,69.25513458251953,1679790.0
2005-08-26,69.62294692148608,70.84462965401266,69.46530979327092,69.68424987792969,862490.0
2005-08-29,69.18506774111148,69.76307278000286,67.58242469493582,68.08599090576172,2622890.0
2005-08-30,68.30930294567821,70.14839822714231,68.05533165858486,69.46092987060547,561870.0
2005-08-31,69.36021542015537,71.286892153867,68.65961116550474,70.07833862304688,1911170.0
2005-09-01,70.18343567295655,70.18343567295655,67.354733413234,67.98527526855469,3056830.0
2005-09-02,69.84188318520641,69.9732485651191,67.87142253107834,68.42314910888672,1322850.0
2005-09-05,68.74718278224152,69.17630345362333,67.38975165979278,67.77946472167969,803840.0
2005-09-06,67.87142150202544,67.87142150202544,67.07885951998058,67.45543670654297,1129980.0
2005-09-08,67.8714149268281,68.30053555037856,67.34596014756956,67.49921417236328,1161270.0
2005-09-09,67.53424926495953,69.48719754662714,67.52111339583678,68.76031494140625,1365130.0
2005-09-12,68.8347521480277,69.36020694519183,68.751553857852,69.16316223144531,859660.0
2005-09-13,69.27263924375728,70.36296323598442,69.27263924375728,69.89881134033203,1169260.0
2005-09-14,69.18507234716529,71.70725992105591,69.18507234716529,70.31480407714844,1758870.0
2005-09-15,70.31478485242837,71.28687917566857,70.23596296273655,70.56875610351562,950160.0
2005-09-16,71.02413742513747,71.02413742513747,69.99949978886369,70.13961791992188,582690.0
2005-09-19,70.49869395344562,72.16263961908558,70.15277162484715,70.95408630371094,1020180.0
2005-09-20,71.28687665082228,72.38157682457103,70.49869118941926,70.98036193847656,1633330.0
2005-09-21,70.58628313998939,71.28689409524101,68.30930755770352,70.40237426757812,2074990.0
2005-09-22,70.16592401170692,70.75705825896344,69.18506998130773,69.49158477783203,746370.0
2005-09-23,67.44230538581229,69.71052145025486,67.44230538581229,68.3443374633789,498230.0
2005-09-26,69.00991963751648,70.40237541483043,68.75156525112563,70.14402770996094,276620.0
2005-09-27,70.41112416709379,71.76854852121298,69.90755802350864,70.70012664794922,1112720.0
2005-09-28,71.76854559768766,72.64430579622697,70.71763603204853,70.99787902832031,1982010.0
2005-09-29,71.72476134421395,74.08055172655905,71.1336205396726,73.35367584228516,4387720.0
2005-09-30,73.58575840211616,75.52556420302876,73.58575840211616,74.5885009765625,3372760.0
2005-10-03,74.70236740420009,78.64328934197454,74.70236740420009,77.23331451416016,2850440.0
2005-10-04,73.6995843800101,80.56992289600007,71.63717324752932,79.8430404663086,4117930.0
2005-10-05,80.56116843492111,81.34497745348939,79.08113843311327,79.61096954345703,1913660.0
2005-10-06,77.85509384421162,81.66464990283878,77.85509384421162,80.68817901611328,2157960.0
2005-10-07,80.57869311297718,82.8644276344786,79.87370592636054,82.28642272949219,4350490.0
2005-10-10,82.40904856233283,85.38663512345501,82.40904856233283,84.51525115966797,3526960.0
2005-10-11,84.51086354637782,84.51086354637782,81.53327738046043,82.11128234863281,2467390.0
2005-10-13,81.44569811776624,81.44569811776624,76.47575633958486,78.81404113769531,3113460.0
2005-10-14,79.2563109631994,80.38166620997276,77.59236497683904,78.45936584472656,2607800.0
2005-10-17,78.73085763918147,80.03573870374245,76.4582584377024,76.71660614013672,1564850.0
2005-10-18,76.71659278694284,77.9426584128878,74.17688685066831,74.88187408447266,1871450.0
2005-10-19,74.4396185723181,74.87749868156702,70.58627227462347,71.51895904541016,2967650.0
2005-10-20,72.68808665125691,73.74337915138494,71.63717722770183,72.43849182128906,1183520.0
2005-10-21,71.81234679643589,73.98423534673394,70.23597553561302,73.52445983886719,1492300.0
2005-10-24,71.81232870813017,74.00172897362195,70.23595784436834,70.74828338623047,807640.0
2005-10-25,70.76144995209744,74.57100673046841,70.14841360289148,73.8747787475586,3045840.0
2005-10-26,74.26447969222282,75.7532696013755,71.72477336350254,72.03128814697266,3984000.0
2005-10-27,72.59177272428921,72.68810689445415,69.00991620613837,70.25349426269531,4014780.0
2005-10-28,71.72478599329366,74.39147510133431,68.40127651293626,69.39964294433594,1582530.0
2005-10-31,70.49869901779219,72.97710208993288,70.49869901779219,70.75267028808594,2757700.0
2005-11-02,72.11885128028985,75.05264661994927,72.11885128028985,74.13310241699219,2961220.0
2005-11-04,74.13310241699219,74.13310241699219,74.13310241699219,74.13310241699219,0.0
2005-11-07,73.56386353763709,78.27545143981925,73.56386353763709,77.89012145996094,4104270.0
2005-11-08,78.38054097252972,79.30009189118428,77.06690062103479,77.80253601074219,3242410.0
2005-11-09,78.81842903107346,82.23389562539084,77.8025438497651,81.38440704345703,6218170.0
2005-11-10,81.62084380980825,82.75933468442409,79.69417414055654,80.0970230102539,2532720.0
2005-11-11,80.56117956752466,83.06585429395497,79.87808767513823,82.22074890136719,6770100.0
2005-11-14,82.5841905216901,83.19284360071893,81.44569957544677,82.32583618164062,1878290.0
2005-11-16,82.40904815900929,83.01770133913678,82.32147345971809,82.75935363769531,1390540.0
2005-11-17,82.84691380925503,83.98540474496271,82.06748776365457,82.38713836669922,1512780.0
2005-11-18,83.10964694023758,83.89783248142615,80.14082030302755,80.99906158447266,1657980.0
2005-11-21,83.19720438290878,83.72265907428653,80.92022959925927,81.40189361572266,2705120.0
2005-11-22,81.00781586849327,81.7960013591934,78.81841543961508,80.56555938720703,711740.0
2005-11-23,80.5699298655565,82.03683071778171,80.5699298655565,81.38876342773438,1415350.0
2005-11-24,81.8748190723224,82.31269917149422,80.14519401689769,81.04722595214844,1460650.0
2005-11-25,81.27055096003231,81.97115512601177,80.75384895665925,81.0384750366211,864110.0
2005-11-28,81.97116797224437,84.29193425157911,81.44571309503229,83.40303802490234,2513450.0
2005-11-29,83.70516892601171,84.72543045106947,80.52615484255159,81.8879623413086,4703890.0
2005-11-30,81.97116266708036,83.18846894842093,79.43583954081922,80.03135681152344,1842630.0
2005-12-01,80.39479760160658,81.79601273465316,79.6941866943229,81.43257141113281,1272970.0
2005-12-02,81.8835668700175,82.74181468189252,80.13642311808576,80.42980194091797,616930.0
2005-12-05,81.4456953568892,82.20760910589756,78.81841486150569,79.47523498535156,1555210.0
2005-12-06,80.13205228367026,80.48235767367328,78.99356143654035,79.49274444580078,920050.0
2005-12-07,80.13206325714872,82.03246140514678,79.86933250828757,81.48949432373047,1652030.0
2005-12-08,81.88359273739857,82.49662230988291,80.22402981376663,81.28369903564453,1699370.0
2005-12-09,81.44568431832803,81.44568431832803,80.57430066677976,81.12165069580078,2632110.0
2005-12-12,80.78888782371963,82.32146835154089,80.78888782371963,81.37126922607422,1023990.0
2005-12-13,81.7960065987634,81.88358128522428,80.5699409437501,80.99906158447266,1458210.0
2005-12-14,81.4456948409708,83.93285048704946,81.00781476118064,82.92134857177734,6265720.0
2005-12-15,83.02207675294919,83.5037408953468,81.3756431595709,81.50263214111328,1254160.0
2005-12-16,81.54203618274641,82.21636862521162,80.21963635435634,81.89234161376953,1546340.0
2005-12-19,81.09538801632087,83.63509377079556,81.09538801632087,82.76371002197266,2206520.0
2005-12-20,83.01332406927645,86.61269962889995,82.8950945516406,86.0084228515625,4050360.0
2005-12-21,84.07735379113566,87.02866800714007,84.07735379113566,86.29740905761719,3509080.0
2005-12-22,85.12390641439814,87.56727868071516,84.948757010696,86.8535385131836,1740750.0
2005-12-23,86.68275487770053,86.70026714331495,84.24813570301697,84.6072006225586,988090.0
2005-12-26,84.59842874190377,85.3340707387132,83.02206448848872,83.40739440917969,513490.0
2005-12-27,83.54753479918448,84.58968502326418,83.20598881326042,84.13429260253906,1062920.0
2005-12-28,84.16055469533828,85.36034858625628,83.63509990657482,84.71228790283203,1403320.0
2005-12-29,84.4232907222409,84.86993032736984,82.32146475392176,83.3285903930664,3904720.0
2005-12-30,83.6351111802002,86.61269762658483,83.3723804096435,85.6624984741211,3144700.0
2006-01-02,85.12388744066355,85.82449826235197,84.06860149406636,84.33570861816406,971870.0
2006-01-03,85.12390230640543,87.5672744548078,84.6860221367603,87.04619598388672,3789790.0
2006-01-04,82.45718923562582,90.11571353799708,82.45718923562582,89.36693572998047,3946340.0
2006-01-05,87.66358788428744,90.6411736696424,87.66358788428744,90.1419906616211,2566660.0
2006-01-06,89.94056708474854,91.07029850957854,87.67672783957117,89.66032409667969,2489320.0
2006-01-09,89.59026823376905,93.70633836797889,89.59026823376905,92.94004821777344,3125900.0
2006-01-10,93.7063554893048,94.12234031054656,90.21645003305528,90.6368179321289,916380.0
2006-01-12,89.47204108894645,91.77528799554796,89.47204108894645,90.06755828857422,1519930.0
2006-01-13,90.29088735076918,90.80758941221512,89.32755233832671,90.44852447509766,1782890.0
2006-01-16,90.46603561203509,91.51694522913954,88.97723919269666,91.00900268554688,1506220.0
2006-01-17,91.16665273699498,91.7840653984052,88.93346781327652,89.23998260498047,568190.0
2006-01-18,87.57601478639839,90.55360062543988,86.26675095999465,90.3521728515625,1764430.0
2006-01-19,90.35219261756272,90.88203056279968,89.33193102032013,90.26461791992188,1394310.0
2006-01-20,88.01390303624007,91.42936926648778,88.01390303624007,90.29087829589844,760930.0
2006-01-23,89.94057388397329,91.07906486742424,88.88966426964961,90.31277465820312,653180.0
2006-01-24,90.55360735696382,91.954822361405,89.76979822470817,91.2848663330078,2742270.0
2006-01-25,91.42937088851096,96.33362692282331,91.42937088851096,95.15135192871094,5513560.0
2006-01-27,95.43157490145563,95.43157490145563,93.35602115185976,94.00408172607422,1145270.0
2006-01-30,94.14421398102736,100.27453489141982,94.14421398102736,98.99592590332033,3967340.0
2006-01-31,99.83666094011288,99.9242356221774,97.42832043497856,98.19461059570312,2447740.0
2006-02-01,98.1727159715764,105.96698299958544,98.1727159715764,103.28277587890624,9643550.0
2006-02-02,104.6270617410848,106.4924283759274,102.07859660580915,102.822998046875,5698080.0
2006-02-03,103.33969529219512,104.39060477510117,101.23786964486354,101.6538543701172,2458280.0
2006-02-06,101.76333112690548,104.9948883572484,94.79228083536492,104.10161590576172,4149470.0
2006-02-07,105.00365068893578,107.70099374376088,103.33970495088028,106.8471221923828,3299890.0
2006-02-08,107.71852101025203,107.71852101025203,101.72394045897148,104.47821044921876,3920630.0
2006-02-10,104.34682967669696,106.1421340865663,103.35721636968358,105.6517105102539,2950360.0
2006-02-13,104.70150951744706,105.96698272153016,104.12788766349357,104.7146453857422,1228250.0
2006-02-14,104.65334301622136,104.65334301622136,101.41740937180904,102.16180419921876,820080.0
2006-02-15,102.4727263250174,103.33096777578568,100.29646119542971,102.63036346435548,1720640.0
2006-02-16,110.53845714865751,113.48976484355327,105.35395819770396,112.15423583984376,10955050.0
2006-02-17,112.53519659586988,113.41095688066264,110.17939929169071,112.63153076171876,7989300.0
2006-02-20,113.32337851100912,118.2188887886852,111.68133461501516,116.16522979736328,7337060.0
2006-02-21,116.16525046851652,122.60646493845212,116.03826145960646,121.45045471191406,5916870.0
2006-02-22,122.43129463992534,123.48220434471882,117.22052344124948,118.35900115966795,5488790.0
2006-02-23,118.57794715518732,121.53802144208004,116.56807873668131,119.71643829345705,8516010.0
2006-02-24,119.93537057857206,119.93537057857206,113.4197117994574,114.5976104736328,2333120.0
2006-02-27,114.5494245202618,117.08037069170142,114.5494245202618,115.53902435302734,1897130.0
2006-02-28,115.51274305696975,116.21335375627744,113.35838085816792,114.38301849365234,893680.0
2006-03-01,120.67537189050267,120.67537189050267,112.54393544637313,116.06887817382812,3942380.0
2006-03-02,114.28673076548532,116.38855035388625,114.28673076548532,115.267578125,1267310.0
2006-03-03,116.73883842761369,116.82640643061096,115.3376167492542,116.2002410888672,1362270.0
2006-03-06,116.03821138984677,118.81875233538096,115.25003265769712,115.90685272216795,3611550.0
2006-03-07,116.03823598564236,116.03823598564236,113.93641667904348,114.5801010131836,3738690.0
2006-03-08,113.84883025319182,115.85431530637554,112.97307002047496,114.16848754882812,4393430.0
2006-03-09,114.70706985505085,118.09627099276,109.48753974649318,116.69943237304688,4309780.0
2006-03-10,116.47610856763444,118.75309047131562,116.47610856763444,118.319580078125,3873240.0
2006-03-13,118.33709540679772,119.71641503032818,118.27578577937685,118.98953247070312,4065480.0
2006-03-14,118.87568388703482,120.41701689256564,117.92547827399996,119.20409393310548,3489800.0
2006-03-16,118.28453863581645,119.97913227104765,117.38250681260274,118.3983917236328,2347130.0
2006-03-17,119.53687378607104,119.78646862840856,117.70215525821696,118.043701171875,989050.0
2006-03-20,118.14005335868003,119.97915524413504,118.14005335868003,119.57192993164062,1374630.0
2006-03-21,119.5412703556967,120.15429983875885,118.43781728618484,119.2654037475586,2791560.0
2006-03-22,119.10340016326698,132.85283412715344,119.10340016326698,130.1379852294922,7515470.0
2006-03-23,131.80190752529492,131.80190752529492,124.79582606215634,126.64806365966795,4545350.0
2006-03-24,126.5210978709976,127.86101012726044,123.4953442812018,125.46580505371094,2829800.0
2006-03-27,123.76244572380358,130.03287899738814,123.74492677704178,126.96334838867188,4556580.0
2006-03-28,126.54733969071474,127.42309982698264,124.09520863655672,124.54185485839844,1780060.0
2006-03-29,124.7958185096231,125.99560561140277,123.13624932182664,124.85274505615234,4494680.0
2006-03-30,124.7958244163832,127.64204497324808,123.05305686471624,124.30978393554688,5376470.0
2006-03-31,123.92007428219873,126.81008575432104,123.21946341576894,124.48056030273438,3283740.0
2006-04-03,124.3579688227806,128.509077663194,123.4822084789582,126.77506256103516,2548000.0
2006-04-04,126.54735269575458,128.64917189358204,124.81772090365868,126.21018981933594,4210440.0
2006-04-05,126.4115945263817,129.4811379973165,125.40884545577136,128.2244110107422,5700790.0
2006-04-07,128.12375387868136,131.18891539078837,111.81709222892424,125.9080810546875,5434440.0
2006-04-10,126.10946034332672,126.98960356147876,124.09520934579076,125.9561996459961,3033310.0
2006-04-12,126.11821774131124,128.30761817447572,123.4865675075146,124.99724578857422,3118300.0
2006-04-13,127.51069175728904,131.7843924897274,123.920069555689,129.07391357421875,7145770.0
2006-04-17,129.17461983925082,130.8385587495916,127.16036885728518,128.63165283203125,6099710.0
2006-04-18,130.4707842294937,133.63227989474328,128.35144560692,132.1478729248047,6076870.0
2006-04-19,132.68209540937093,134.68319794438722,129.6563413562812,130.94371032714844,6597830.0
2006-04-20,130.05041289896846,132.23106099665657,130.05041289896846,131.26333618164062,3266710.0
2006-04-21,132.23976687735072,132.23976687735072,127.10342939953352,129.87083435058594,5302110.0
2006-04-24,129.18338299985942,130.47951772435746,127.444998458803,128.27259826660156,1355860.0
2006-04-25,127.86099458367327,128.561605445781,125.32129524195358,126.08758544921876,1534640.0
2006-04-26,124.9753798011632,129.17464899019464,124.39299169698856,127.48880767822266,2131670.0
2006-04-27,128.72799222884458,130.4006839980223,124.18279480740426,126.065673828125,2122330.0
2006-04-28,123.07935458749095,127.94859339319096,121.73068951860628,126.09197235107422,2184050.0
2006-05-02,126.98523968898552,148.81793689849405,126.98523968898552,147.2547149658203,18324260.0
2006-05-03,148.87925610231457,148.87925610231457,142.31105362721246,144.67123413085938,7177700.0
2006-05-04,142.94157596588167,145.81406825342245,142.31978036566414,144.13699340820312,2877100.0
2006-05-05,143.62031250267043,151.05113951280717,142.3986364512874,147.09271240234375,2993560.0
2006-05-08,147.12769044056236,153.60830955522906,147.12769044056236,147.4561004638672,3151720.0
2006-05-09,148.79165744708516,148.79165744708516,141.8731569885393,144.17202758789062,3490200.0
2006-05-10,146.41837919353924,146.60228138893402,141.0850017184056,143.9355926513672,2834360.0
2006-05-11,141.80306401372047,144.58798788853125,141.80306401372047,142.85397338867188,738540.0
2006-05-12,142.74893336145567,146.25197467093926,141.96950720461726,143.88304138183594,1423030.0
2006-05-15,143.6246826662541,146.8649929562382,136.62298366244735,140.27490234375,2791720.0
2006-05-16,138.3701080324934,146.68982971799142,132.4149361534237,141.5140838623047,4192380.0
2006-05-17,142.30227385647265,145.79654835842393,141.8687634884336,144.43911743164062,991750.0
2006-05-18,140.12164043313604,143.62468144396445,133.2907077894125,137.3980255126953,5339090.0
2006-05-19,141.7855493561051,141.7855493561051,126.98520958425848,133.12428283691406,2949980.0
2006-05-22,131.36403313670434,131.36403313670434,121.73067070667936,125.9605941772461,2499480.0
2006-05-23,125.23371721967776,127.42311787037144,119.1033953977355,125.9386978149414,3137040.0
2006-05-24,125.9386841693338,131.78876902290492,122.60642315429224,124.64256286621094,3677940.0
2006-05-25,117.74595259334492,135.6552454595152,117.74595259334492,124.38421630859376,4985380.0
2006-05-26,124.35792848637855,127.55444735929912,121.9977487110584,123.55223083496094,3806000.0
2006-05-29,124.35795577768332,126.88014957948832,120.85491476986128,121.20084381103516,831380.0
2006-05-30,121.38035323490442,123.90253319509677,119.10337166665016,119.99665069580078,1268900.0
2006-05-31,118.4115461560916,121.29279142278672,112.0973090405538,118.84942626953124,4981170.0
2006-06-01,121.29277182162213,122.51883059590332,114.81215253521292,116.46733856201172,3868080.0
2006-06-02,116.47612776987884,118.14006710708864,110.65232004508064,117.17235565185548,2772820.0
2006-06-05,121.71315813375604,121.71315813375604,113.84883467983153,114.99607849121094,3094030.0
2006-06-06,113.84883954823414,113.84883954823414,109.73276879102173,111.2434539794922,1865880.0
2006-06-07,109.470041733945,113.8488434033028,107.28064089926607,110.90628814697266,4619850.0
2006-06-08,108.94457434665615,109.71524094652676,102.901827401257,103.69438934326172,1907880.0
2006-06-09,104.56576725713016,108.9445681750877,101.59694076927651,106.67634582519533,4132270.0
2006-06-12,111.65943103255462,117.78975273630272,104.81974566974506,107.18429565429688,3520890.0
2006-06-13,105.0912268718383,106.40486720773627,99.8366655282464,105.80059051513672,2164690.0
2006-06-14,105.09123463648832,108.06882095415962,100.72119266701348,102.08300018310548,2165190.0
2006-06-15,103.33970601850852,107.28062701073976,102.02606568776476,106.58877563476562,2112090.0
2006-06-16,106.5887781833216,117.7634807348632,106.5887781833216,111.44049072265624,1722720.0
2006-06-19,109.4700472115553,112.8767545462572,109.4700472115553,111.17340087890624,964970.0
2006-06-20,110.78366058714504,115.60034148223828,109.04527612957617,110.08743286132812,1785960.0
2006-06-21,110.08304819587217,119.51498875417816,105.966978162976,117.9736557006836,3263970.0
2006-06-22,117.3518737210353,119.97915447598386,109.82033689315357,110.62165832519533,6587930.0
2006-06-23,111.23031143283092,112.35127680437854,109.1241090966571,110.62165832519533,3477990.0
2006-06-26,112.0973178599591,112.96432536347722,109.47003697261631,110.8887710571289,1814630.0
2006-06-27,110.3457988870555,115.2500619605858,109.9079187327418,114.2867202758789,3183100.0
2006-06-28,106.84274278015756,113.76124291005011,106.84274278015756,111.34852600097656,1360020.0
2006-06-29,111.70321418012712,113.84007116790656,109.45688716931016,110.03926849365234,2803810.0
2006-06-30,113.7174694865499,113.7174694865499,109.9254194630592,111.0420150756836,7406690.0
2006-07-03,112.97307632411614,113.58610584861546,111.04640637724336,112.49578857421876,2030570.0
2006-07-04,112.53519578670766,116.68630431747252,111.29599419085363,116.13018798828124,2773840.0
2006-07-05,116.21337509181,122.15102813914022,114.72458543435388,120.47395324707033,4537460.0
2006-07-06,119.1033936903992,119.14718437539356,116.30971636207462,116.66439819335938,2247660.0
2006-07-07,118.58513498549438,119.46419458779866,112.95915889610096,114.41400146484376,1471420.0
2006-07-10,114.27774792268524,116.3874855959039,113.86018924761376,115.56556701660156,791930.0
2006-07-11,116.03587750774383,118.76096787517412,115.62271838597114,116.60287475585938,2039390.0
2006-07-12,113.83821114747629,118.01374398879298,113.83821114747629,117.44674682617188,2140030.0
2006-07-13,114.71728737413744,118.58514457158915,114.71728737413744,117.26216888427734,1476220.0
2006-07-14,114.42280148713996,115.59635210430962,112.73940804089511,114.8008041381836,1897050.0
2006-07-17,114.25137837770416,114.25137837770416,106.36621261722426,107.97928619384766,2789620.0
2006-07-18,110.32199410681726,110.32199410681726,105.047635822826,107.58372497558594,2326320.0
2006-07-19,109.79455614755652,110.67361583375524,105.66737118912134,107.05188751220705,1614270.0
2006-07-20,110.76151907020494,112.51963842052564,109.79455476886716,111.38565063476562,1581170.0
2006-07-21,110.05824984167842,111.20102990679658,107.94851234714017,109.0912857055664,456140.0
2006-07-24,109.00338481156118,111.20103369889104,108.5638550340952,110.4714126586914,1414400.0
2006-07-25,112.69545125719752,115.94796947606105,110.76152259301271,113.97008514404295,1451700.0
2006-07-26,114.2689600515293,116.91492456820168,113.1349656776806,116.37429809570312,1553950.0
2006-07-27,117.35447004448652,122.89254884162276,117.09514904238412,119.64441680908205,4840130.0
2006-07-28,123.94740726134656,127.8855906299308,121.8420557014077,123.3979949951172,12356370.0
2006-07-31,125.7055489185574,125.78906067097992,122.18930978796836,122.8881607055664,1546050.0
2006-08-01,122.36508649833225,123.2441460470464,120.51906949406307,122.27278900146484,1331330.0
2006-08-02,122.62879588729062,125.05060901591358,122.62879588729062,124.70337677001952,1649060.0
2006-08-03,123.94739593200796,126.14504479605066,123.15624770630627,123.82872772216795,1078610.0
2006-08-04,123.56061464096192,126.14505199878596,123.56061464096192,125.55608367919922,1384320.0
2006-08-07,126.05715499536488,126.05715499536488,122.1892976997211,123.30130767822266,997190.0
2006-08-08,125.17809226058696,125.17809226058696,123.06835440752668,124.81768798828124,2184170.0
2006-08-09,124.73853341392038,128.60640312952458,123.7715760450566,127.05924987792967,1831080.0
2006-08-10,125.72311198465492,128.34270592518826,125.72311198465492,126.83950805664062,1627550.0
2006-08-11,127.02411556618756,128.34270500113067,125.88133537322643,126.69886779785156,1169530.0
2006-08-14,127.0241393159008,127.90319910355412,126.3208888031006,126.53186798095705,956900.0
2006-08-16,128.78226708644343,130.5052302817777,126.76042676350072,127.78892517089844,3179710.0
2006-08-17,128.77344608788476,131.85894046596982,128.44379873671983,130.8787841796875,4691320.0
2006-08-18,131.85012986783948,133.5291231994007,130.54032647706336,131.48092651367188,2803550.0
2006-08-21,132.11385426541523,132.11385426541523,128.566859164657,129.59095764160156,1932310.0
2006-08-22,129.39753670467033,130.3469224347811,125.96921052375492,126.6856460571289,6704410.0
2006-08-23,126.5713818652899,149.4928555040861,126.2329487886902,127.38890075683594,3741970.0
2006-08-24,128.16691588585363,128.35151092423777,126.01322215325143,127.98230743408205,2593240.0
2006-08-25,129.21298060835883,129.22176637589214,126.40877822589675,126.85709381103516,3270190.0
2006-08-28,129.9250109434475,129.9250109434475,123.59578453628993,125.55608367919922,1849055.0
2006-08-29,126.77796880716824,127.46363418003148,125.15170328158658,125.42420959472656,1454600.0
2006-08-30,127.46362169361528,127.46362169361528,125.52969356438872,126.46149444580078,2117915.0
2006-08-31,129.2217769439034,129.2217769439034,123.30570887085932,126.9977569580078,5028975.0
2006-09-01,126.99773724908,131.13810031548317,126.05713707002876,130.8480224609375,4300915.0
2006-09-04,130.9798899770819,131.68314039117968,129.57338914888635,130.065673828125,1527065.0
2006-09-05,129.66129362618832,131.0853659147486,127.84163377890772,128.2899627685547,1512685.0
2006-09-06,129.22174424662572,130.97107744993883,128.8876973501681,129.19537353515625,1799270.0
2006-09-07,128.3426969321693,130.41727804925208,126.5845777961122,127.85042572021484,1981335.0
2006-09-08,127.81528749544266,130.2502868579616,126.77800338658037,129.83712768554688,1634245.0
2006-09-11,130.01292286413317,132.3863947592751,123.06835667429534,125.21326446533205,2371790.0
2006-09-12,125.17809399703002,126.40878560620884,123.08594106418276,125.1605224609375,1381535.0
2006-09-13,128.14931583264809,130.10082934590756,125.8813403060658,129.55581665039062,1350155.0
2006-09-14,130.10078680079488,134.47849870902076,130.10078680079488,131.42816162109375,6171615.0
2006-09-15,131.41939091694923,132.62369809995914,128.5184919799186,131.12051391601562,2543370.0
2006-09-18,131.33150638851265,134.30273229878856,131.07658499181727,132.97535705566406,3393625.0
2006-09-19,132.97529812943645,136.07837624681446,131.8852598172894,132.87860107421875,5496045.0
2006-09-20,131.8589224758047,133.599456496738,131.0238186494679,132.5797576904297,1513190.0
2006-09-21,133.2742145397096,134.3554539949898,132.77314417422377,133.16873168945312,1803890.0
2006-09-22,133.2742092029695,133.40606276051022,130.6282449790471,131.73585510253906,1989940.0
2006-09-25,132.0347375356,132.0347375356,129.43272886170146,129.8195037841797,958060.0
2006-09-26,130.1008115233909,131.2084217115961,129.3975612108579,130.09202575683594,1603705.0
2006-09-27,131.80621233911214,131.80621233911214,129.48549528921674,129.90744018554688,2128900.0
2006-09-28,130.45246242487534,130.8040943753073,126.07474859574948,126.9450225830078,4740345.0
2006-09-29,128.32510088086752,129.19537460672794,127.30540206436297,128.5888214111328,1303320.0
2006-10-03,127.81527709960938,128.28997685684928,126.7779930751144,127.81527709960938,1960365.0
2006-10-04,127.63945160155568,127.63945160155568,124.82646355620554,125.16929626464844,2773660.0
2006-10-05,126.23297943558946,126.9274307030272,124.47486001956946,125.2044677734375,1879100.0
2006-10-06,125.7055581066966,126.39122371420748,124.43970978101844,124.66827392578124,1512865.0
2006-10-09,124.8264454606181,125.00225467295644,123.26172066805564,124.31658935546876,927830.0
2006-10-10,125.0022712258636,127.4284842829164,124.38693219450415,125.31873321533205,3223635.0
2006-10-11,125.31875520206658,126.65492977129198,123.28812933562185,123.78919982910156,2096825.0
2006-10-12,125.47701840633157,125.47701840633157,123.94744930943726,124.98473358154295,2130140.0
2006-10-13,125.88133784936196,128.04383046709532,125.17808745421534,127.5867156982422,2427170.0
2006-10-16,127.9910815255725,129.20417463730806,126.25053388169069,127.18233489990234,1317475.0
2006-10-17,126.0571163720484,127.63942602213994,125.0022477431148,125.67034149169922,1353585.0
2006-10-18,125.70550725385168,129.73160133354608,124.86160424032876,128.99319458007812,2271565.0
2006-10-19,130.43490034471847,131.29637521231106,126.25056701820635,128.49217224121094,3488110.0
2006-10-20,127.28782912023792,129.87226641642388,126.59336454461496,127.64824676513672,1070665.0
2006-10-23,127.6394500003054,127.6394500003054,124.61548285947056,125.31873321533205,1238035.0
2006-10-26,125.70552373531736,126.58458334185804,124.35177784313416,125.22203826904295,3170005.0
2006-10-27,127.11205045250944,128.9932378584809,125.8813587037712,128.44821166992188,2503935.0
2006-10-30,131.85897528959467,136.7817157324283,131.15572473870577,132.12269592285156,6332765.0
2006-10-31,132.0347673715898,133.5994926014256,129.60856737118283,131.81500244140625,2922850.0
2006-11-01,131.85895379595533,133.38852248880752,131.33151261541695,132.00839233398438,1317495.0
2006-11-02,131.85894379690836,135.37518229815925,129.2217649209702,133.74891662597656,2644860.0
2006-11-03,134.4961000427473,137.6607195267534,133.6170405653437,137.18601989746094,3777470.0
2006-11-06,137.64311149319977,138.5221708231499,136.25419614227283,136.6585693359375,1581255.0
2006-11-07,137.30910922537387,140.64953844614692,136.35093746392195,139.43643188476562,3862145.0
2006-11-08,139.77046562350228,139.77046562350228,135.39275290877782,136.7992401123047,3324930.0
2006-11-09,136.95749882062606,137.48492657286894,135.69165075382546,135.9641571044922,2130190.0
2006-11-10,136.07842331535304,139.74410009100697,135.5509822111129,138.63648986816406,3163895.0
2006-11-13,139.06723241184653,140.66712739560683,137.70468728671358,140.05178833007812,1807065.0
2006-11-14,141.35277534235428,141.8802030132033,138.7155967479573,139.0320587158203,3303215.0
2006-11-15,138.89142693355365,140.1045335623454,136.2718328901752,137.11572265625,1447580.0
2006-11-16,137.14208316537523,138.12663903702827,134.67192783915172,136.0432586669922,1405570.0
2006-11-17,134.4961145678709,134.4961145678709,127.53396436455198,129.32723999023438,11014330.0
2006-11-20,128.69432285186724,129.32724685059654,125.0286458503682,127.17355346679688,4609935.0
2006-11-21,129.99537758851608,130.4349075225715,127.11206229418364,128.43943786621094,3163460.0
2006-11-22,128.51853067705136,129.9162324376057,127.81528020581185,129.6173553466797,3428305.0
2006-11-23,129.57336726239464,129.9161999370182,129.2217488214313,129.67886352539062,2013960.0
2006-11-24,128.34269019838752,133.6082615634272,128.34269019838752,132.7643585205078,3862210.0
2006-11-27,132.73799528381628,132.73799528381628,129.04594776654596,129.7316131591797,2003520.0
2006-11-28,128.34273241132516,128.34273241132516,126.40880350972256,127.21753692626952,3854650.0
2006-11-29,125.8110122270498,131.8589468830351,125.8110122270498,129.21298217773438,2364780.0
2006-11-30,130.96231592580375,133.52916874947783,129.96898754361692,131.99081420898438,5420455.0
2006-12-01,132.38640332715448,136.25426085045774,132.03477138015322,135.51585388183594,4096765.0
2006-12-04,135.37516825111788,137.09813083983926,133.7928584070644,135.64767456054688,4183090.0
2006-12-05,135.99929949114,136.78166190007963,134.05657211790336,134.95321655273438,1811680.0
2006-12-06,134.84773666999948,134.84773666999948,127.19113509982668,132.922607421875,2677375.0
2006-12-07,132.91382110875475,135.24333731186124,131.85895217403973,133.05447387695312,3540785.0
2006-12-08,135.19939036083824,137.66076030943796,132.40397341957947,136.15756225585938,5928835.0
2006-12-11,136.43006049863908,136.43006049863908,130.2766427005127,134.3115234375,4828950.0
2006-12-12,133.96865185507795,136.43002094337916,129.92498652243822,132.4302978515625,4836810.0
2006-12-13,137.1157385932595,139.7705028432637,130.11843036493025,138.02996826171875,4668090.0
2006-12-14,138.71561310619208,142.58347013540987,136.40368197351677,141.64288330078125,6602245.0
2006-12-15,142.05602281304758,144.06906319801035,141.0011406656498,141.8362579345703,4364675.0
2006-12-18,142.40767564705433,142.40767564705433,137.528891483876,141.40554809570312,2360275.0
2006-12-19,141.35279203715956,143.09332635928396,139.5067614376983,140.93084716796875,2946260.0
2006-12-20,140.64955708372528,141.9681466813852,136.60587695221338,140.5264892578125,3226400.0
2006-12-21,140.47372136670566,142.54830247955084,138.58373525127408,140.36822509765625,2237230.0
2006-12-22,140.74622154526298,142.3197321982777,140.0429712402829,141.33518981933594,2984305.0
2006-12-26,141.17697710920834,141.79231614646096,140.34185975859583,141.0539093017578,2563400.0
2006-12-27,156.29679608985282,156.29679608985282,141.21213046981293,142.0648193359375,4557820.0
2006-12-28,144.8690333463039,144.8690333463039,139.779270449235,140.70228576660156,6339375.0
2006-12-29,141.17699495422232,143.11092363577603,137.33549489598764,142.61865234375,2696475.0
2007-01-02,143.0933572373799,143.0933572373799,141.5286318219843,141.95057678222656,748070.0
2007-01-03,141.58133640641876,143.796570344412,140.2979169075658,142.24063110351562,3333640.0
2007-01-04,142.77685576889658,146.78536531864205,142.60104653508725,145.58984375,5674055.0
2007-01-05,145.92389358952937,145.92389358952937,140.89567160481934,142.4779815673828,3086955.0
2007-01-08,142.7592484456807,143.97235477157906,140.66709608851573,142.79441833496094,2364080.0
2007-01-09,142.75926507280096,143.0229856195877,139.77925374489456,140.32427978515625,1815085.0
2007-01-10,140.29791819267,140.29791819267,135.72679752021983,136.24545288085938,1571980.0
2007-01-11,139.59465199066494,139.9286854812583,135.4191193444877,139.22544860839844,1473810.0
2007-01-12,139.24300615352956,143.2515283584354,139.24300615352956,142.31092834472656,2403650.0
2007-01-15,142.91749965219515,142.91749965219515,141.00114290645902,141.33518981933594,1481075.0
2007-01-16,142.7241116370501,142.7241116370501,141.21212811083274,142.19667053222656,749050.0
2007-01-17,143.46251996642914,144.1481853619019,141.75714224467936,143.34825134277344,1266420.0
2007-01-18,143.98995045527326,145.00966270633035,142.14392011847627,143.42735290527344,1072930.0
2007-01-19,143.6383289427682,145.02724467848716,141.89779474300744,142.67137145996094,2009265.0
2007-01-22,143.37462804207598,145.396454418397,141.17697901269642,142.41644287109375,4991470.0
2007-01-23,145.92387382717536,145.92387382717536,134.84771900265093,135.5949249267578,7118050.0
2007-01-24,135.9026268508851,137.03660789412044,133.3093901603944,134.12692260742188,3908560.0
2007-01-25,134.67193805959684,136.2542481400292,133.64343986066228,134.267578125,3854215.0
2007-01-29,135.02355766542152,136.25423571946925,131.77102646915216,132.17539978027344,2646340.0
2007-01-31,133.60826473134728,133.60826473134728,129.07231427154656,130.6370391845703,2744600.0
2007-02-01,130.97986949611428,132.2105474683081,130.10080996929472,130.76889038085938,1895940.0
2007-02-02,131.85897023999058,132.73803004159052,130.80410116074827,131.0941925048828,1586415.0
2007-02-05,132.68524352501692,132.7028284708238,131.15567516102433,131.9116668701172,1316315.0
2007-02-06,131.9468367617309,133.22147035836633,131.33148437894238,131.9116668701172,1241835.0
2007-02-07,132.03477240283678,132.38640435256167,130.59311494243326,131.1469268798828,1774550.0
2007-02-08,131.26122636376562,131.8677664074515,129.8371402517753,130.3733673095703,1908310.0
2007-02-09,130.94475942599553,130.94475942599553,128.16692711752225,128.63282775878906,1790590.0
2007-02-12,131.50730960620083,131.50730960620083,125.18686950891176,127.49878692626952,2835725.0
2007-02-13,127.46364573808629,131.507325382028,126.58458611230635,127.68341064453124,2253700.0
2007-02-14,124.16717231675332,128.9580446013421,124.16717231675332,126.56700134277344,1904215.0
2007-02-15,127.41967504461496,130.73373319865073,127.02410094235012,129.8195037841797,2364045.0
2007-02-19,130.45247188347358,131.50735439786752,127.99111511892336,128.49217224121094,1356530.0
2007-02-20,128.5184883042378,129.22173854361426,127.12957277014948,128.2020263671875,1915085.0
2007-02-21,128.34271785504296,130.76013206121672,127.39333175719376,128.2548065185547,3125520.0
2007-02-22,128.3427015692239,129.2041762212695,120.62455935614548,124.18475341796876,5987050.0
2007-02-23,125.46817666804591,126.05714500788226,116.4929853977374,119.82461547851562,4253485.0
2007-02-26,124.12323595710096,124.12323595710096,118.69065305562732,121.18717956542967,4818005.0
2007-02-27,121.31022368626388,122.89253363441388,119.98284853126896,121.88160705566406,2897690.0
2007-02-28,119.72790189725914,121.31021168892178,106.54200932237634,119.007080078125,7008080.0
2007-03-01,117.79396381470862,119.55208267761472,113.96126415703804,116.34352111816406,4028885.0
2007-03-02,115.15680699504848,118.12803271972298,114.022826018895,116.05345153808594,4883795.0
2007-03-05,105.66296616369416,116.47540243048417,105.66296616369416,108.5638656616211,2712625.0
2007-03-06,110.76151821946075,112.9591673904818,108.4935426653607,109.45172119140624,7860985.0
2007-03-07,111.64056887358431,112.85367541032063,109.88244967872474,111.6845245361328,6812360.0
2007-03-08,112.69542099319756,119.46417620680982,112.25589125967232,117.53904724121094,4700230.0
2007-03-09,119.53454277153608,119.90374626224916,115.33263817906492,116.035888671875,3930880.0
2007-03-12,119.20047212116866,119.20047212116866,115.19194958249216,115.75454711914062,2466650.0
2007-03-13,116.03587593011385,117.43357758005938,114.48873574653128,116.21168518066406,2881625.0
2007-03-14,113.39868812537031,115.33261655800972,110.23407491437293,114.00524139404295,2678800.0
2007-03-15,115.15680115480744,119.55209890880772,115.15680115480744,118.22472381591795,6449955.0
2007-03-16,119.72792853491646,121.31023867861924,118.32144106203684,120.18504333496094,3042030.0
2007-03-19,121.13440641436048,121.81128601098897,117.86430387625448,119.06861114501952,1486230.0
2007-03-20,120.07954106793616,120.7827779840959,119.21805304288702,119.97404479980467,879370.0
2007-03-21,119.97405085643024,119.97405085643024,116.37870029953034,119.41145324707033,928770.0
2007-03-22,121.31020996497416,121.94313387264468,119.40265247585556,119.9037094116211,1419190.0
2007-03-23,121.31021499596852,121.83765607869589,119.90371438428488,120.65970611572266,858895.0
2007-03-26,121.13442801358823,121.64428424360048,118.67305819791711,119.93010711669922,1036780.0
2007-03-28,115.13920399857956,124.54513751204972,115.13920399857956,121.68819427490234,5934860.0
2007-03-29,121.66185473606622,125.76707525858627,121.13442697440976,124.2111358642578,3635930.0
2007-03-30,125.61760514275088,129.1162718320339,124.82645690798358,128.03501892089844,3333940.0
2007-04-02,126.58459150003036,127.8152696631485,122.18929318405708,124.96712493896484,2854865.0
2007-04-03,123.41993751912408,127.10319864450996,123.41993751912408,126.54940032958984,1366825.0
2007-04-04,128.09656247890064,131.85893639084875,127.56033560104248,131.39303588867188,2653640.0
2007-04-05,131.8589513398745,132.21056984475968,127.67463211284146,128.30755615234375,2006820.0
2007-04-09,128.51853773527156,129.39759751925206,127.55158002092573,128.1757049560547,2282305.0
2007-04-10,128.16689160949812,128.67674778410813,125.8110049203824,126.67249298095705,2524855.0
2007-04-11,125.89015778742149,126.76041839052644,122.36511946288414,122.9892578125,3955970.0
2007-04-12,122.9892258190892,124.70338927228366,120.43115928942278,124.03530883789062,6482635.0
2007-04-13,124.6506564953663,126.74280926477348,124.1847559709708,125.25720977783205,2002025.0
2007-04-16,125.70551647571982,127.28782635879035,125.02863686202602,125.49453735351562,2483975.0
2007-04-17,126.2329553002805,126.58457375090158,123.94739513109111,125.99560546875,3604070.0
2007-04-18,126.58458040307576,126.7428046901549,123.94740164467834,125.48575592041016,1269195.0
2007-04-19,124.29899729853877,125.33629439473796,123.77156969170017,124.77369689941406,1663220.0
2007-04-20,125.70554841772068,126.760417470017,124.83527440754764,125.74950408935548,1787665.0
2007-04-23,127.09442832041938,127.28782248988226,123.94739359679538,126.1450424194336,1116695.0
2007-04-24,126.2329569937082,126.76038467671532,124.14079096830906,125.4417953491211,2451935.0
2007-04-25,125.79343544876411,126.6021686796662,123.94740490398894,124.78250885009766,5112555.0
2007-04-26,126.56698880435528,128.72948117448885,124.73854335168063,125.99560546875,4991355.0
2007-04-27,125.99560279794692,127.2790221875542,124.4748335818404,124.92314910888672,1950890.0
2007-04-30,124.92318910324536,125.29239261078762,120.958634221729,124.55398559570312,2457555.0
2007-05-03,124.914374354046,126.74280651575968,124.914374354046,126.01319885253906,2023785.0
2007-05-04,126.58458786944816,127.97350370706644,125.54730393505416,126.41756439208984,1837220.0
2007-05-07,126.40879632532254,126.76041486439772,123.26176077106604,123.6925048828125,2588235.0
2007-05-08,124.13201930136256,124.63307632780196,119.93890100758264,121.40692901611328,4298825.0
2007-05-09,122.1893017694503,125.74069715639877,118.76975997589108,121.58274841308594,3933630.0
2007-05-10,122.18929567072078,123.41997385888432,120.78279481563138,121.24869537353516,969400.0
2007-05-11,121.1344368706674,121.31024613891591,114.4799480896937,120.22020721435548,1170855.0
2007-05-14,117.7939820939483,117.7939820939483,113.79425837748434,114.47113800048828,8380480.0
2007-05-15,114.2777446291726,116.1237751000746,113.22287582296484,115.72818756103516,8001065.0
2007-05-16,116.73912673713704,117.77641070823177,114.6293754833019,116.6688003540039,10617450.0
2007-05-17,117.26654050772242,119.72790997034394,116.91492204736984,119.27959442138672,5554010.0
2007-05-18,120.4135890468574,120.4135890468574,114.91946614558506,117.14348602294922,11096255.0
2007-05-21,118.67305314703124,120.4311724529132,114.91067890551476,115.8688507080078,8130010.0
2007-05-22,117.79397686652418,117.79397686652418,114.83155054656685,116.4753875732422,4000380.0
2007-05-23,115.15681434102672,116.89734869516596,114.27775468956852,115.19197082519533,4214585.0
2007-05-24,115.19196716953743,115.5084291705548,113.92613257885338,114.19863891601562,3187500.0
2007-05-25,110.95490920896894,114.98100398338596,110.95490920896894,114.37445068359376,2061645.0
2007-05-28,116.0358635678679,116.36991049769485,114.80518553174436,115.23591613769533,1866395.0
2007-05-29,115.15682006946628,115.84248555864106,114.4535696306396,115.43812561035156,1372010.0
2007-05-30,115.68423941458724,116.73030898715164,114.4535480256076,114.83155059814452,2365875.0
2007-05-31,115.1568100322506,116.19409394373449,112.3438219355139,113.77667999267578,4696175.0
2007-06-01,114.45355615015214,115.3238299747042,113.61845222076164,113.98765563964844,1501785.0
2007-06-04,114.45354785366592,116.72152304532854,114.1019294078479,115.0513153076172,3188165.0
2007-06-05,115.3765934135049,116.03588823301064,114.17228583549172,115.27111053466795,2768630.0
2007-06-06,115.28865907471194,115.631491775932,113.76788975015992,114.18983459472656,2639890.0
2007-06-07,113.39870213448198,114.44478533132178,109.2671241967557,113.53055572509766,2371350.0
2007-06-08,112.50203334467082,112.50203334467082,110.18131018561454,110.9021453857422,3184975.0
2007-06-11,113.39868951560634,114.10193988520186,109.53082589621614,109.94398498535156,2116485.0
2007-06-12,110.23407714338629,110.58570233098332,107.06946386839806,107.43866729736328,2669385.0
2007-06-13,108.12433494245045,111.2713700406256,106.38379391682228,110.35714721679688,5579490.0
2007-06-14,114.18984051240442,114.18984051240442,110.7615133225372,112.42293548583984,1319230.0
2007-06-15,110.93730851561324,113.60965696247108,110.7614992946477,111.10433197021484,1271510.0
2007-06-18,111.9746082870042,111.9746082870042,110.23407405257456,110.95490264892578,2293540.0
2007-06-19,111.27136331609456,112.34381707744086,110.76150714976724,111.78121948242188,701080.0
2007-06-20,112.34381909205771,113.20529374070112,111.9921939121922,112.80093383789062,1589635.0
2007-06-21,112.80093365572556,114.17226447762474,112.7130223308818,113.73273468017578,1068580.0
2007-06-22,114.24260313802058,114.98101005791489,113.10860862718128,114.52389526367188,2297810.0
2007-06-25,114.1019418208885,114.71728087470407,113.39869143936266,114.19863891601562,2536530.0
2007-06-26,114.14589234623496,114.62936438672072,110.91094610219793,114.18983459472656,1003975.0
2007-06-27,114.06677734418513,115.64908742445331,113.44265249329816,115.00737762451172,3737265.0
2007-06-28,115.50842795356172,116.91492870179452,114.37444695300525,115.3326187133789,2844400.0
2007-06-29,115.24472060639478,115.86005965269356,114.46235808751808,115.55238342285156,1441935.0
2007-07-02,115.17438122137273,116.73910608242517,114.98098705532053,116.16770935058594,1140945.0
2007-07-03,116.42266466715932,117.77641065504872,116.21168551785526,117.3808364868164,1317610.0
2007-07-04,117.18745903710403,118.32145368329778,115.15683305832452,116.55453491210938,1528345.0
2007-07-05,116.3874685308045,118.62028709740656,115.06887932503231,118.33898162841795,3400170.0
2007-07-06,114.926826520145,119.68266771673864,114.926826520145,118.7986831665039,2761645.0
2007-07-09,118.79864970465364,120.22186496919784,118.45389636670964,119.44395446777344,1370255.0
2007-07-10,120.04510042327998,120.93791993193544,119.5147043162662,120.2484130859375,1898045.0
2007-07-11,119.62079349985927,121.52135485071052,118.9136031756355,120.84068298339844,1353210.0
2007-07-12,120.7522957178968,120.84068608035663,119.33791503320089,120.61968994140624,475000.0
2007-07-13,120.75227721922488,121.63626163960416,118.1268424116158,118.89590454101562,1731110.0
2007-07-16,119.86830241488772,119.98321122655358,116.35003442779367,117.11911010742188,1191020.0
2007-07-17,117.39312439250146,120.22187161515184,116.6859342147062,119.39977264404295,1442675.0
2007-07-18,119.39978188639196,119.39978188639196,116.7920170608801,117.6318130493164,2634360.0
2007-07-19,117.7113735464158,119.16110751653984,116.73898524817857,117.7467269897461,901515.0
2007-07-20,118.41854883137434,118.80749061294068,116.68593357963236,118.15335083007812,1599355.0
2007-07-23,118.10034428048668,119.1434396015321,117.2340296876989,118.16221618652344,1415860.0
2007-07-24,116.90696572045752,122.52027343968928,115.6251907221746,118.81637573242188,3021370.0
2007-07-25,118.81635900816129,119.1434289544246,116.33236473960038,116.85391235351562,845040.0
2007-07-26,117.56995711457928,119.51472062478258,116.3323840140504,117.76443481445312,2316835.0
2007-07-27,115.27156150523004,117.2074895185516,112.61961502325408,113.19420623779295,1920000.0
2007-07-30,114.82957297016692,114.82957297016692,110.50689635707133,112.44281768798828,1361710.0
2007-07-31,114.03400414168858,114.03400414168858,111.64724861317389,112.09807586669922,1480395.0
2007-08-01,111.0284528188542,111.60304409771555,109.80855662615772,110.10027313232422,1037000.0
2007-08-02,110.49805559965756,113.13233221263047,109.9323060945286,111.76215362548828,2971645.0
2007-08-03,112.95553479759045,112.97321826382652,109.7908687679594,110.17098236083984,3105380.0
2007-08-06,109.61408474783484,111.20525964349406,107.59860104284446,110.77210235595705,1818140.0
2007-08-07,111.71796121880898,112.77874668945582,110.32127080273732,112.35443115234376,1923990.0
2007-08-08,113.85718822453993,113.85718822453993,111.04611769098568,111.43506622314452,936740.0
2007-08-09,111.92126561540012,113.50359175915874,111.55882877353127,112.76988983154295,3114895.0
2007-08-10,111.3820521686048,112.76990762823658,110.86050452665069,111.98316192626952,983395.0
2007-08-13,112.95554755197874,113.48594369069052,112.03620278761656,112.18648529052734,1019850.0
2007-08-14,113.13234520829846,113.3179811537182,112.44283159696772,112.96438598632812,358405.0
2007-08-16,111.36437344003124,111.3997268860807,107.31572269643266,110.97541809082033,1190820.0
2007-08-17,109.26049206136692,112.08924674637947,108.06711423462328,110.53343200683594,700230.0
2007-08-20,111.02845662848064,112.79642570455285,110.3301080341201,110.73674011230467,1087775.0
2007-08-21,111.2052705073335,111.38206473778168,108.9953089053934,110.1268081665039,881385.0
2007-08-22,110.85166216266032,110.97541945815831,108.19970855467452,110.02955627441406,1278145.0
2007-08-23,110.88701688287227,112.3102324551526,110.1444664022508,111.45276641845705,2399135.0
2007-08-24,112.26603126943314,112.61962641756026,110.76326032022608,111.3378448486328,1290315.0
2007-08-27,111.38205351044311,112.44283227474055,110.91354277714062,111.58537292480467,601345.0
2007-08-28,112.08922767691574,113.30911701000832,111.57651509229868,112.1334228515625,1314125.0
2007-08-29,111.38204604044232,112.24835381045634,110.23286350263594,111.45276641845705,775210.0
2007-08-30,111.55884053050266,113.503603721085,111.55884053050266,112.70802307128906,2312685.0
2007-08-31,112.61963428763912,114.21080244900529,111.92128567595944,113.26494598388672,468435.0
2007-09-03,113.3267923236054,118.3831839449804,113.3267923236054,118.06494903564452,2129430.0
2007-09-04,118.45391457056736,119.32906401916176,114.97101373025272,117.26937866210938,1366570.0
2007-09-05,117.39315230634055,118.44509609127012,115.81081238981386,116.4649658203125,870410.0
2007-09-06,117.53459567071802,117.90586757562744,116.04065957261992,117.1898422241211,342880.0
2007-09-07,118.63070906210618,118.63070906210618,117.21634205227686,117.4284896850586,944260.0
2007-09-10,116.63289642333984,117.11909050990336,115.00636846877332,116.63289642333984,869750.0
2007-09-11,117.02186962718086,118.27712596853132,114.74118805311052,115.16549682617188,1622415.0
2007-09-12,116.6682629491101,116.6682629491101,114.06934652988916,114.52902221679688,244380.0
2007-09-13,114.44065163677386,115.60750428847362,113.09699127519536,113.48594665527344,719010.0
2007-09-14,114.91797582057828,115.7489233423691,112.98204776205112,113.24724578857422,1553135.0
2007-09-17,114.54672394323744,115.43070852669642,113.13234995855652,113.89257049560548,829525.0
2007-09-18,113.15001180555976,114.2196389458635,112.6372991959419,113.62735748291016,699775.0
2007-09-19,114.91796849181328,115.60747522368167,113.15883473364434,114.07818603515624,1836550.0
2007-09-20,114.91798550283583,115.43069813370325,112.61962714163244,112.8671417236328,2129295.0
2007-09-21,113.11466906597371,114.02517887285522,112.26604465584006,113.10582733154295,1072265.0
2007-09-24,114.03399847783196,114.03399847783196,111.92127609983824,112.68150329589844,934640.0
2007-09-25,113.6804205930864,113.6804205930864,112.0892456764386,112.6019515991211,1203035.0
2007-09-26,113.13234931680309,113.4682610286758,112.61963664268116,113.0351104736328,970910.0
2007-09-27,114.56438416184508,115.00637636387606,112.79640860945534,114.5820541381836,2999100.0
2007-09-28,114.21079356793322,115.75776642756844,114.21079356793322,114.92681884765624,2989885.0
2007-10-01,106.07814762554754,117.65835080341677,106.07814762554754,116.61524200439452,2596880.0
2007-10-03,117.03951079541471,117.6317921203648,113.15882042802444,116.18204498291016,2128515.0
2007-10-04,114.91799621856497,117.11027421579104,114.04284662225888,115.97877502441406,2534930.0
2007-10-05,116.33237700015228,116.6859654394034,114.564407826828,115.5544662475586,2422820.0
2007-10-08,116.68595806381548,116.68595806381548,110.32127213985952,111.4085693359375,1493045.0
2007-10-09,110.49807293237126,114.7058346937636,110.49807293237126,113.89257049560548,3482845.0
2007-10-10,114.56439322152416,114.91798161569788,111.38204371983024,112.6549835205078,3667125.0
2007-10-11,112.44283079451944,114.9179902043192,110.85166266901972,111.56768798828124,2966145.0
2007-10-12,110.32126215643775,111.86823494532224,108.57096997639428,109.14556121826172,5511255.0
2007-10-15,109.08369825085272,110.48923049232558,108.19971367304076,109.2958526611328,2377290.0
2007-10-16,110.48038658956304,110.48038658956304,109.26048365426556,110.1091079711914,1877765.0
2007-10-17,107.10356214247582,108.81848743650136,101.6582145435888,107.53671264648438,3970495.0
2007-10-18,108.64170148151176,111.39972893421184,107.66931983487346,108.52677917480467,1633285.0
2007-10-19,109.08370283385294,110.7809516759354,106.74114225537832,108.96878051757812,1129590.0
2007-10-22,106.9621252862248,110.4980633122157,106.9621252862248,110.1091079711914,2731770.0
2007-10-23,111.02843713100394,113.1323242784013,109.9676585693485,112.45165252685548,2243895.0
2007-10-24,111.3820502951524,113.1500193474564,110.5069075026566,111.3908920288086,4190335.0
2007-10-25,111.32902058449824,112.79643148583024,106.96213458461382,108.34114837646484,5825935.0
2007-10-26,109.083692253554,110.49806615143906,106.89140765363209,109.1809310913086,2129715.0
2007-10-29,109.45495442718536,110.28590196909418,107.1565962039817,109.14556121826172,995810.0
2007-10-30,108.25274770818324,110.11795565726172,108.19971079309168,108.9599380493164,3055525.0
2007-10-31,109.26047228116208,110.49805181029048,108.19969368148962,109.89694213867188,2174100.0
2007-11-01,108.19971037075072,110.4980688540618,107.85495693546738,108.68589782714844,2828960.0
2007-11-02,107.13892574042238,109.914636713222,107.13892574042238,108.56214141845705,814170.0
2007-11-05,108.02290554191272,108.73009585493604,106.25493650362108,106.6615753173828,1371950.0
2007-11-06,107.19197158172794,108.9953009262074,106.78533948605126,108.46490478515624,1791640.0
2007-11-07,109.61408714270485,109.61408714270485,106.07814884777888,106.79417419433594,1313645.0
2007-11-08,106.07814373837697,107.30688169713848,106.07814373837697,106.97980499267578,1110045.0
2007-11-12,103.1167918191149,109.6140764536,103.1167918191149,106.87372589111328,857980.0
2007-11-13,108.02288725696025,108.02288725696025,106.35215733811914,106.61735534667967,884215.0
2007-11-14,106.43172941268864,107.82842646603724,106.43172941268864,106.93560028076172,796365.0
2007-11-15,106.93561793298788,106.93561793298788,104.3367010558798,105.31792449951172,1328795.0
2007-11-16,105.194143748943,109.96766086455492,104.31015934769138,109.5875473022461,2900670.0
2007-11-19,109.61405905155164,110.51572011820863,108.23504562810028,109.88809204101562,2597745.0
2007-11-20,110.67486985329042,110.67486985329042,108.19971700573905,109.35773468017578,1287675.0
2007-11-21,108.0228946285054,108.37648974929384,103.9565676001035,105.78641510009766,819600.0
2007-11-22,107.13891380579189,107.49250893848505,105.37094488659224,106.81184387207033,1179640.0
2007-11-23,107.4925139575289,107.84610910673216,105.90134590251408,106.63504791259766,668760.0
2007-11-26,107.34225066176178,108.9953042980734,106.69693893379538,108.65055084228516,658690.0
2007-11-27,108.55329909884308,108.55329909884308,107.17427869526814,107.87262725830078,358030.0
2007-11-28,106.97098440855204,108.98646833191496,106.96214267365514,108.48259735107422,658110.0
2007-11-29,106.2549367220642,109.61408059943084,106.2549367220642,108.88921356201172,2049395.0
2007-11-30,109.4372850174011,111.91243759842712,108.37649955901858,111.35552978515624,1547850.0
2007-12-03,111.91243222732652,115.0594215174655,110.49805842829755,114.2991943359375,2504195.0
2007-12-04,114.86493360737158,129.06172072944557,113.85719194395688,116.19974517822266,2870265.0
2007-12-05,117.3931299376603,119.16109872139457,115.62516115392606,117.45500183105467,1144500.0
2007-12-06,117.56991592004847,119.33788458050034,116.18205404709916,117.5610809326172,1957545.0
2007-12-07,117.03953082473603,119.33789569274984,115.4483696729914,118.60418701171876,949270.0
2007-12-10,118.8074944520113,119.33789047174258,115.15664816015098,116.0317840576172,939840.0
2007-12-11,116.6859558632848,119.3821113290446,116.6859558632848,119.2671890258789,1525565.0
2007-12-12,118.45392054452569,121.75117888438638,116.36771662823006,121.40642547607422,1443855.0
2007-12-13,121.63626326528278,126.22413113800184,120.75227883308897,125.01307678222656,3554695.0
2007-12-14,125.34896435834068,129.061695362854,123.94343269403318,128.0186004638672,2125895.0
2007-12-17,128.00096383916718,128.1777580491144,125.8882413322438,127.21421813964844,5126645.0
2007-12-18,129.06173648292136,129.06173648292136,125.52579849708788,126.97553253173828,3152880.0
2007-12-19,126.40977010076392,126.94016613995598,121.99868305746028,123.56333923339844,3492690.0
2007-12-20,123.56336178653876,130.59988487995952,123.56336178653876,127.45288848876952,2450220.0
2007-12-24,129.0617628329952,130.47614371151082,125.78217374659832,127.17887115478516,2367895.0
2007-12-26,127.11697796305752,129.06174122907663,124.73022243255524,127.61200714111328,2483525.0
2007-12-27,127.11695191591816,128.61972260952606,124.86278913124094,127.4175033569336,1780600.0
2007-12-28,124.46505534202528,127.8065166137628,124.12030182949796,126.3921356201172,730425.0
2007-12-31,126.4098061938012,131.60764030327624,126.4098061938012,129.46839904785156,2769290.0
2008-01-01,127.2937513138256,129.06172008207318,127.06392022982467,128.20425415039062,958120.0
2008-01-02,127.3821561427514,134.89602346650145,126.2329737367069,131.8109130859375,3562470.0
2008-01-03,131.53686429399573,131.53686429399573,125.56997037077694,126.28599548339844,2210965.0
2008-01-04,126.23300747605094,130.81204137096466,125.87940553201022,128.83192443847656,2596470.0
2008-01-07,125.34903906227264,127.29380279617352,124.28826007001187,125.9324722290039,2787080.0
2008-01-08,128.35456660229642,128.35456660229642,123.775532656862,124.57994842529295,819845.0
2008-01-09,123.934608561425,126.23297336677864,122.56443006163848,123.50146484375,775765.0
2008-01-10,122.87386761577427,124.6241534640148,118.83405124916152,120.5843505859375,1613865.0
2008-01-11,120.57551680062812,123.75786735664234,117.74676824446944,120.02745056152344,670640.0
2008-01-14,120.02739332578484,121.60088438133684,116.68593357963236,118.15335083007812,2389595.0
2008-01-15,121.10587754759584,121.10587754759584,118.10033561701036,118.96663665771484,721975.0
2008-01-16,115.66936764992042,120.2218820528318,115.66936764992042,118.77214813232422,1053400.0
2008-01-17,119.51470701622702,121.10588188468138,116.6947941776811,118.78099822998048,954840.0
2008-01-18,115.554444334215,120.21304599927308,115.554444334215,118.48043060302734,2045745.0
2008-01-21,119.33791807356404,119.33791807356404,107.846118555369,110.13563537597656,2058585.0
2008-01-22,106.07813730961136,108.73009074235163,88.41612448008387,105.19415283203124,5503460.0
2008-01-23,114.90029819169496,114.90029819169496,106.0781369150492,107.53671264648438,1307290.0
2008-01-24,108.1201450786721,112.26603465847728,92.85373530164628,99.75765228271484,1791200.0
2008-01-25,101.6582240257392,110.49806959319476,101.6582240257392,106.7588119506836,2010080.0
2008-01-28,100.77422356322504,102.5421923976676,95.47031705989744,100.084716796875,3071845.0
2008-01-29,110.3212697199453,110.3212697199453,95.1167320773717,95.43496704101562,1654205.0
2008-01-30,96.8847057717201,98.65267487975976,93.7023627261021,94.68358612060548,1703865.0
2008-01-31,94.77197498262244,96.37198472804272,91.73106622316764,93.56975555419922,2094085.0
2008-02-01,93.7023566367262,94.67473823410307,91.58079249609796,93.1808090209961,1323925.0
2008-02-04,94.40954334734792,96.00071133420911,90.77636666482886,92.70345306396484,2509210.0
2008-02-05,92.81836703816158,97.4150834699641,92.81836703816158,96.41618347167967,4256590.0
2008-02-06,92.81838167765332,95.470335439872,92.81838167765332,94.18856048583984,905745.0
2008-02-07,93.7200349955502,94.93993793845108,91.9343892487725,92.39405822753906,358095.0
2008-02-08,92.50012856066697,92.9951576744449,90.6967995464198,91.23603057861328,301675.0
2008-02-11,90.71450037724988,92.8183812578244,88.39845834078514,89.7509536743164,1790310.0
2008-02-12,88.946517327804,90.99736097144714,88.21280861946745,88.38076782226562,688360.0
2008-02-13,89.81282891879576,91.1830076688141,88.76089189054191,90.23714447021484,1762270.0
2008-02-14,91.7575961203623,96.32779448242356,91.2272000115232,95.04601287841795,724240.0
2008-02-15,95.04600530265732,96.35430525897183,92.48245578751045,96.14215087890624,462990.0
2008-02-18,97.94547809066962,97.94547809066962,94.23273941730096,94.86920928955078,264555.0
2008-02-19,95.68249619040776,96.53112064121804,93.01286552708372,93.74657440185548,689720.0
2008-02-20,89.21172026488195,95.54988794773168,75.00608864139122,94.6924285888672,401580.0
2008-02-21,96.35430417882208,96.35430417882208,93.87914504349456,95.30236053466795,915245.0
2008-02-22,89.21171006147051,96.00071098228284,89.21171006147051,95.47032165527344,623905.0
2008-02-25,96.70789204924095,96.70789204924095,93.72002054308184,95.5763931274414,1266375.0
2008-02-26,96.35431897735872,99.0062727106805,95.64712861743271,97.22062683105467,843615.0
2008-02-27,98.29909363378914,99.49247834617752,95.29355111978718,95.7708969116211,752835.0
2008-02-28,95.77088291621742,103.24055641078183,95.64712561875042,101.18971252441406,1484605.0
2008-02-29,88.407292980779,103.77094137961676,88.407292980779,103.19635009765624,1621610.0
2008-03-03,101.24274900919266,104.92012795906824,97.94549042826564,101.03943634033205,2006445.0
2008-03-04,101.83502626611386,102.36542243738108,95.63829889076784,98.70572662353516,784725.0
2008-03-05,99.38637844418574,103.97426019610016,98.82947063241804,103.17867279052734,1256290.0
2008-03-07,101.65821765981435,102.71899636377536,97.59189030227508,100.67699432373048,1705805.0
2008-03-10,99.18306020545216,102.50684388097584,84.27024570559486,101.8173370361328,974260.0
2008-03-11,101.4725976811991,101.4725976811991,98.12229508475876,99.01512145996094,1861720.0
2008-03-12,100.7742291187266,102.89579318586884,97.23829125491164,98.10459899902344,2407380.0
2008-03-13,97.24713290400317,98.82946590600612,94.40954358005357,95.48799896240234,1487050.0
2008-03-14,95.5056963732207,97.4150995898045,92.0316366480061,95.46149444580078,1927205.0
2008-03-17,92.99516431077888,97.06149830162003,92.28798077552511,94.5421371459961,1644385.0
2008-03-18,92.81835912821876,98.1045886441408,92.51780767876532,96.39849853515624,1541565.0
2008-03-19,97.23827700787268,98.08690116153863,94.58632399856708,95.63826751708984,1308425.0
2008-03-24,96.35430257808324,100.42062959491064,94.58633372343952,99.69576263427734,1825540.0
2008-03-25,101.65823724025248,103.4262065835612,99.9433048190773,102.00299072265624,1422040.0
2008-03-26,102.33005115256192,102.52452882838024,99.01510916275,101.71125793457033,1792090.0
2008-03-27,101.48141938792816,106.9532786460124,100.06703884700684,103.09910583496094,3859080.0
2008-03-28,103.60296965063002,105.89249276841778,101.48141247235658,104.76982879638672,2577150.0
2008-03-31,100.95104092604188,106.07815442075186,99.89026207954132,104.53118133544922,847685.0
2008-04-01,105.19416931747806,107.11241431581963,102.94884758323828,104.80521392822266,1149820.0
2008-04-02,107.66931253563972,111.0284495185064,105.5477484313592,106.4405746459961,1509005.0
2008-04-03,106.25492628488792,112.26602313468784,99.0681352633354,109.11019897460938,2040800.0
2008-04-04,108.0228953795625,110.49805449802466,104.31016344613528,105.79525756835938,1193550.0
2008-04-07,105.37096383403409,108.90690230825358,105.37096383403409,106.89141845703124,855925.0
2008-04-08,106.60851797887176,108.37648679027684,103.24938128376164,104.76982879638672,799950.0
2008-04-09,104.13338490749447,104.6637742999473,101.14551274847187,103.45271301269533,1511690.0
2008-04-10,102.2328068641193,103.85050008752437,101.67589232319204,102.1620864868164,567140.0
2008-04-11,104.22176319492269,105.1941446962025,103.10794095092142,104.49579620361328,874925.0
2008-04-15,103.77979348985176,109.84392839129474,102.71900792225904,108.79198455810548,1682615.0
2008-04-16,108.99530413134237,110.48039853256893,105.60079975242428,106.43174743652344,1624005.0
2008-04-17,107.8461048236803,108.5532950940011,104.70795727249786,107.2449951171875,1041060.0
2008-04-21,107.84611055819772,109.94999127065935,107.84611055819772,108.17318725585938,467410.0
2008-04-22,106.96212227465846,109.61407571948467,106.96212227465846,108.38533782958984,382800.0
2008-04-23,109.08369840930924,109.94999952003384,107.3157292511171,109.16325378417967,905305.0
2008-04-24,109.79087259107784,111.02845224431356,107.49251423179231,108.4383773803711,1057315.0
2008-04-25,107.31572059950334,109.79087317486942,107.31572059950334,109.0041275024414,627750.0
2008-04-28,109.43729302283045,111.11685831899784,108.42070941328323,110.53343200683594,1148820.0
2008-04-29,110.85166241661572,113.8130092701308,109.9941963356532,110.86050415039062,1990300.0
2008-04-30,112.10691693494896,112.79642378379312,109.26048569186062,110.14447021484376,1068735.0
2008-05-02,111.38204124646182,113.05277132561746,111.0284461158738,112.46934509277344,1209070.0
2008-05-05,112.7964267643578,114.03400647808964,111.33785091404047,112.96438598632812,674020.0
2008-05-06,112.96437431929252,115.39532482639537,112.45166171674352,114.53787231445312,843075.0
2008-05-07,113.50360022213424,114.91798076542946,112.46934675813554,114.2991943359375,309625.0
2008-05-08,112.6461420120566,117.39314107466308,112.2748701508739,116.9599838256836,1141580.0
2008-05-09,114.91798991724814,115.58097832061688,110.85166239210656,111.2848129272461,1066100.0
2008-05-12,109.79087010009656,112.79641869140178,108.37649627603128,111.71795654296876,1176895.0
2008-05-13,113.15002494765636,113.15002494765636,109.96768184485693,110.3919906616211,653100.0
2008-05-14,108.38533608195988,120.22188756030444,108.38533608195988,119.293701171875,3884160.0
2008-05-15,120.25723525916162,121.10586624223644,114.58205686847772,115.73123931884766,2703235.0
2008-05-16,115.80196525152112,117.7467283824661,114.21079051219064,115.14781188964844,1261945.0
2008-05-20,114.9179774417226,116.1025133565665,111.91242899054744,113.0085678100586,2287310.0
2008-05-21,111.55884361543072,117.71138180347124,110.59530372683624,116.3677215576172,2221095.0
2008-05-22,115.27158153211036,122.83850071600348,113.68042011074778,120.49593353271484,3991050.0
2008-05-23,121.05286151401928,123.40426394716798,118.49814638583456,121.41529846191406,3169265.0
2008-05-26,121.10590357529088,125.17223857980264,118.83405642788485,121.94568634033205,2535550.0
2008-05-27,122.873854122327,123.54567753359844,120.92909078356531,122.85617065429688,1384000.0
2008-05-28,122.8738469814164,122.88268197065103,118.86939822721982,120.63736724853516,2033715.0
2008-05-29,123.05063622461329,124.51805369038878,118.45391965223315,119.58541870117188,2303155.0
2008-05-30,119.70919962335977,127.29378953511812,119.33792768917324,126.25952911376952,4493015.0
2008-06-02,127.2937786320798,128.70815934562768,123.9346345538042,127.32913208007812,4123670.0
2008-06-03,125.96779392764114,126.93133381587477,121.10587907429358,122.8650131225586,2720680.0
2008-06-04,121.63627758609944,125.59652453179751,116.68595878757672,118.20641326904295,1660290.0
2008-06-05,118.27711265308604,125.51694687802652,118.27711265308604,123.89925384521484,2776095.0
2008-06-06,125.52579058607776,125.52579058607776,121.98985282308966,123.09483337402344,2042040.0
2008-06-09,117.92350709569052,126.30368845972392,117.92350709569052,122.4583511352539,3930280.0
2008-06-10,122.87383830471992,125.70258584136674,122.3434422403658,123.38655090332033,3930725.0
2008-06-11,123.75782835648178,128.1600673312303,121.63627098006953,125.4197235107422,3115200.0
2008-06-12,124.99542424788672,126.23301085232772,122.45839261601242,124.32360076904295,3614465.0
2008-06-13,123.58104431239614,129.57445855625758,122.97109280720542,128.67279052734375,7393515.0
2008-06-16,130.81202261481528,130.81202261481528,125.05728837209718,126.44513702392578,1984855.0
2008-06-17,126.41860081737924,127.82414622718656,124.6417970766262,125.27826690673828,1817780.0
2008-06-18,125.35784957362073,126.40979336891208,121.10588595483186,121.88379669189452,1184550.0
2008-06-19,123.22744005111385,123.40424775075934,118.89592118047293,120.4340591430664,3118735.0
2008-06-20,120.3986801266686,120.93791118399896,114.9533326442068,115.81079864501952,1932395.0
2008-06-23,115.44837077503212,116.668260103779,111.75330888131096,114.4848175048828,1349110.0
2008-06-24,114.56440483100496,120.20421717422678,114.56440483100496,116.61524200439452,1025595.0
2008-06-25,113.15002576091244,117.55226517388336,113.15002576091244,115.95225524902344,1050735.0
2008-06-26,117.39314862532572,120.18654298555025,113.71576973251372,116.12020874023438,1929150.0
2008-06-27,114.0339861239622,118.80749642676204,112.61961245112276,116.19974517822266,2008785.0
2008-06-30,116.73015781258438,119.16111522694192,114.06935579184449,118.41857147216795,1724845.0
2008-07-01,117.92352692693052,121.77769988720212,115.3334588159356,116.73015594482422,1330070.0
2008-07-02,112.89365587616147,118.45391900284582,112.89365587616147,116.65059661865234,2127685.0
2008-07-03,117.03952893895944,117.37544732664192,113.16768644662496,115.8019561767578,1127070.0
2008-07-04,116.37097205882,118.94039707059352,111.68555197355673,114.71729278564452,1902145.0
2008-07-07,115.57970348527635,116.2909659122724,112.58351949916468,113.81044006347656,1167155.0
2008-07-08,111.2321282243404,116.64658950031586,111.2321282243404,114.64617156982422,651485.0
2008-07-09,120.02506726242513,120.02506726242513,115.77529189205906,116.6376953125,1741690.0
2008-07-10,118.24691087817963,118.24691087817963,115.49077444626818,116.09535217285156,1020560.0
2008-07-11,116.46878812859124,117.18005061666304,113.6415302523136,115.31298828125,1201715.0
2008-07-14,115.3129804439759,118.42474174737032,114.28165058467653,116.71772003173828,1285095.0
2008-07-15,115.75750306312442,116.0953557314594,113.43701795767828,115.19739532470705,923605.0
2008-07-16,114.3350090230834,116.2820711723917,110.83205262099315,112.12120819091795,2392570.0
2008-07-17,113.62372665564362,115.40187570012569,112.5568331590942,114.23719024658205,1138030.0
2008-07-18,114.69060985890914,119.22489521004375,114.16605916272933,117.855712890625,2739395.0
2008-07-21,117.53567293505527,124.02592097531983,115.93533575761693,120.52296447753906,5122835.0
2008-07-22,117.35783951899782,118.9403911181246,108.73381917667528,111.5255126953125,5611280.0
2008-07-23,114.4950336522393,119.06487686289864,111.04542641267078,112.47683715820312,4195160.0
2008-07-24,112.47681189915173,114.33498104884214,109.0005275026461,113.78375244140624,2037120.0
2008-07-25,110.34303989125549,113.62372706060968,110.34303989125549,112.90357208251952,1947885.0
2008-07-28,112.55687218143731,115.5619426665238,110.27195013844224,111.95230102539062,801610.0
2008-07-29,110.4230800281109,110.4230800281109,103.31937475263388,105.40869903564452,5081920.0
2008-07-30,105.97770019731702,106.50225779094954,103.52385893993254,104.11953735351562,2725575.0
2008-07-31,104.91081671584698,105.62207920343242,100.48322163598628,101.20337677001952,6541780.0
2008-08-01,97.8960039061824,105.42646678867352,97.8960039061824,103.99505615234376,1492200.0
2008-08-04,104.37736873687682,105.44425563910733,102.06577592664306,104.45738220214844,1195850.0
2008-08-05,104.55516348269798,105.6220569896941,102.79479970995996,104.81299591064452,5602905.0
2008-08-06,106.15552108408252,108.11148272092908,102.72369218173584,103.64833068847656,8409635.0
2008-08-07,104.9107993279677,110.0585419055748,103.57718747210367,108.43153381347656,1796590.0
2008-08-08,107.89810003841204,112.36125179567952,107.04458918860756,111.29436492919922,1489140.0
2008-08-11,114.6906399161888,114.6906399161888,107.34688076337208,108.26262664794922,4448155.0
2008-08-12,111.93447856364452,111.93447856364452,105.08860098708008,106.40443420410156,2840230.0
2008-08-13,103.58607932034488,108.82272795811174,103.58607932034488,106.79563903808594,788775.0
2008-08-14,106.688949013527,106.688949013527,103.68387939156224,104.75965881347656,2430235.0
2008-08-18,104.90190655558044,107.98699639702812,103.50605975279554,107.3646469116211,1030295.0
2008-08-19,107.044586619615,109.24948789958526,106.69784805717532,107.16016387939452,1269755.0
2008-08-20,107.85365311345012,108.82274809445587,106.35112143521638,107.15128326416016,1050450.0
2008-08-21,105.0886315864997,108.11148706003311,104.59075190254195,105.40869903564452,990555.0
2008-08-22,106.68896590145616,106.68896590145616,103.14155968450125,104.03952026367188,795985.0
2008-08-25,104.91969919864324,106.33332460732557,103.33714743932552,104.4395980834961,747410.0
2008-08-26,103.67499264628444,105.03527573831924,101.53231954244325,102.01242065429688,837260.0
2008-08-27,102.9548559111175,106.16441621235232,102.24359341758056,104.85747528076172,2354520.0
2008-08-28,105.08863128528812,105.75543733857828,99.62082707479036,100.80329132080078,2825050.0
2008-08-29,104.36848366602696,104.36848366602696,102.24359557030104,102.98152923583984,990520.0
2008-09-01,101.88795204475689,105.78210329604664,101.88795204475689,103.1504364013672,1785100.0
2008-09-02,103.3104715354474,106.6356156076632,103.16822311877202,105.48870849609376,1259680.0
2008-09-04,105.46202834920597,107.91586928820368,104.9107996717264,106.7778549194336,1463630.0
2008-09-05,105.62206752505443,106.6711758475396,103.7105557362339,103.9594955444336,553675.0
2008-09-08,104.91079813477064,107.56024330951809,104.55516695396486,105.27532196044922,1420430.0
2008-09-09,105.08861391597742,106.08437989955804,101.71013454090536,102.8392562866211,6325575.0
2008-09-10,101.7101473427233,103.13266551038411,100.65214627594666,100.9277572631836,1531280.0
2008-09-11,102.06577638794184,102.06577638794184,98.6872898771066,99.46967315673828,412570.0
2008-09-12,99.93198307230055,101.67456841635992,97.97601494750693,101.38117218017578,1675940.0
2008-09-15,99.04291769837528,101.35451043949796,95.66443130381816,99.84308624267578,627610.0
2008-09-16,97.798220242949,99.57636970191167,93.26394047921444,95.62887573242188,2004180.0
2008-09-17,95.66443316924556,97.26477028905263,92.2859534919104,92.77494049072266,2094260.0
2008-09-18,91.57468724997648,94.22413264235584,86.64032032083922,92.24149322509766,2273695.0
2008-09-19,92.83717130255586,96.37569131703216,91.57468695500395,92.4904327392578,2188030.0
2008-09-22,95.6644349553768,95.6644349553768,91.68138415653684,94.11744689941406,1594950.0
2008-09-23,92.6415788644127,93.70847254937132,91.939215836936,93.09500885009766,1782275.0
2008-09-24,92.46377742451112,94.5886656130608,91.77030017912364,93.10391235351562,1200040.0
2008-09-25,92.46377650283937,94.06411380939862,89.99214971623289,92.73938751220705,2331895.0
2008-09-26,92.19703409583352,92.19703409583352,91.04124117580211,91.69026184082033,459270.0
2008-09-29,91.57469126190576,104.59963656985538,88.1784262844873,90.30331420898438,1429010.0
2008-09-30,87.14709962955956,91.57469464654972,82.68394759348664,90.67672729492188,1028155.0
2008-10-01,100.28762463113236,100.28762463113236,90.68561556405112,94.67755889892578,371930.0
2008-10-03,91.75249084438708,99.93198077403586,91.75249084438708,97.81597900390624,2072865.0
2008-10-06,96.00228034476352,96.00228034476352,83.58190683196243,84.59545135498047,3750755.0
2008-10-07,85.35116373697916,87.46715889604205,79.12764138115777,80.01671600341797,946935.0
2008-10-08,76.80714751533766,85.97350367878693,72.90411090120183,82.71060180664062,3856570.0
2008-10-10,79.12764269984554,81.75930281162107,71.33934697978343,77.57176208496094,6110450.0
2008-10-13,79.88333801203814,79.88333801203814,71.30376820903477,76.59376525878906,3234365.0
2008-10-14,79.88335312528471,82.39943592388886,78.61197614935162,81.01248168945312,823060.0
2008-10-15,81.08359770631614,82.86174683832397,73.0997119021374,78.75422668457031,1664475.0
2008-10-16,74.68226799558529,82.99511432656892,73.62426702838884,80.26565551757812,3069170.0
2008-10-17,81.79487213512799,82.68394683224894,78.28302979474086,79.7411117553711,641455.0
2008-10-20,77.88295044928094,89.79655402278587,77.45619834751194,86.1869125366211,3384285.0
2008-10-21,87.12931995949447,93.699581401547,83.83974630691746,90.65005493164062,5102040.0
2008-10-22,91.0412495776662,91.0412495776662,83.5907993371417,85.38673400878906,2826250.0
2008-10-23,77.57177064706882,85.1377985429741,77.57177064706882,82.79064178466797,3621400.0
2008-10-24,75.66913160504379,82.32829774310795,75.66913160504379,79.05650329589844,2416360.0
2008-10-27,79.70555269104759,79.70555269104759,75.21572249047986,75.6958236694336,1064010.0
2008-10-29,76.46040885820022,77.97183283169197,71.83722405908405,74.00656127929688,6271940.0
2008-10-31,75.57134606099912,82.66616482870222,74.50445918279026,76.44264221191406,2813150.0
2008-11-03,77.5272910865138,77.5272910865138,70.79699761857017,71.6594009399414,4266195.0
2008-11-04,72.37068096121898,74.50446156908053,70.23690035335743,71.3482437133789,4497730.0
2008-11-05,72.45957902470707,73.61537870398567,71.84611538752526,72.34400177001953,2199060.0
2008-11-06,71.83724102053274,76.04256070211315,71.14375703213696,73.33088684082031,2890305.0
2008-11-07,71.48160672035684,74.32664302656839,71.48160672035684,72.57516479492188,1003360.0
2008-11-10,74.3266293725881,75.39352287875275,72.55737295665136,73.87319946289062,1323065.0
2008-11-11,73.8020994688015,77.06500228707048,73.43757555270872,75.09125518798828,2722490.0
2008-11-12,74.7711771875769,74.86008329652643,72.71741690350706,73.76652526855469,722960.0
2008-11-14,73.79319487701139,74.86008172825784,71.51716597669835,72.13062286376953,2093905.0
2008-11-17,72.19286830615287,72.70853329852164,70.5036316767621,70.86814880371094,1448055.0
2008-11-18,70.23690513347645,72.70853184907969,68.81438689245684,71.4993896484375,758290.0
2008-11-19,72.02394037410124,74.99344649367168,72.02394037410124,74.33553314208984,2885080.0
2008-11-20,73.08192814407975,75.21570850383334,71.12596677111442,73.9976806640625,1177365.0
2008-11-21,73.57981524909212,74.50445364020072,71.12596747203855,73.86431884765625,1202120.0
2008-11-24,74.70893868492371,77.32282021912957,72.04171484450171,76.56710815429688,1245990.0
2008-11-25,74.93119611246274,77.3494797841126,73.7220542766378,74.29106140136719,3173335.0
2008-11-26,74.32663418815855,76.4604145556336,73.54425099276139,75.42908477783203,802300.0
2008-11-27,75.42908477783203,75.42908477783203,75.42908477783203,75.42908477783203,0.0
2008-11-28,74.69117766536921,76.81606594644413,74.69117766536921,75.96255493164062,3744235.0
2008-12-01,77.3494931354614,81.73263135112826,75.59801502169557,79.63441467285156,3360310.0
2008-12-02,67.56967350972653,85.97351608137205,67.56967350972653,83.40409088134766,4611155.0
2008-12-03,85.35117757261347,87.8316969847898,83.39521579981528,84.52433776855469,6624705.0
2008-12-04,85.97350590899504,86.5958621612293,82.89730879294709,85.1644515991211,3068140.0
2008-12-05,84.63990101607011,87.44938006801556,84.2931624573061,84.59545135498047,1739490.0
2008-12-08,88.01839690740873,88.01839690740873,84.8355077953378,85.84905242919922,632120.0
2008-12-10,87.66277068136155,88.17843567423537,84.12425690676318,86.089111328125,3153105.0
2008-12-11,86.95150966825153,87.12932189765911,78.9676157587788,81.65261840820312,3177015.0
2008-12-12,79.85667892500857,80.90578720625993,78.2385634522074,78.89647674560547,774115.0
2008-12-15,79.83890760710986,82.86175604075298,79.34102118234516,80.55016326904297,2836440.0
2008-12-16,76.39819233471658,84.30206619499592,76.39819233471658,80.56795501708984,1142480.0
2008-12-17,81.0836158989702,81.97269066445497,77.88294809984545,78.80758666992188,2057820.0
2008-12-18,78.06074734880666,82.13270358807965,76.64711530256766,81.1725082397461,1309415.0
2008-12-19,80.21232693485446,85.7068092916393,80.21232693485446,84.68437194824219,1926925.0
2008-12-22,84.95108912529918,87.07597708631216,84.28428310950594,84.93330383300781,571050.0
2008-12-23,83.57299900435463,84.44429495726182,79.39435176737682,83.1906967163086,1377015.0
2008-12-24,83.5730186790043,86.40916903668212,80.90579467861055,83.92864990234375,1859620.0
2008-12-26,84.1064667160545,84.97776292166813,82.7284049771138,83.26184844970703,535480.0
2008-12-29,83.00401458578146,83.57302185148386,81.99936261607915,82.78174591064453,481530.0
2008-12-30,83.22628160872776,84.71103470122301,82.78174426727877,83.70638275146484,403390.0
2008-12-31,84.59544629161155,86.32913898166329,82.72839106007106,83.33296203613281,695160.0
2009-01-02,83.6619216551257,84.3465129214524,82.86175312836124,83.2173843383789,1586115.0
2009-01-05,84.4620864018205,84.99552980142236,83.21738061401561,83.79528045654297,1000770.0
2009-01-06,84.37319607282167,87.48495773253404,83.2351814654232,86.54253387451172,3512995.0
2009-01-07,88.88078203232395,89.97433990793843,80.43457397994058,82.66615295410156,3798580.0
2009-01-09,82.8617496602453,86.91593443179997,80.90578826166517,81.77708435058594,1138485.0
2009-01-12,81.81265667816191,84.99554595653636,81.81265667816191,83.29741668701172,2174115.0
2009-01-13,82.81730721149582,84.99553744881288,79.6610894066309,80.5057144165039,2724970.0
2009-01-14,81.59927172658482,86.59587378936395,81.59927172658482,84.63101959228516,2257615.0
2009-01-15,83.79529421709209,85.3511750115739,78.27414089750313,79.16321563720703,2002920.0
2009-01-16,79.66997601191852,80.88801066444641,77.0827656517384,79.53661346435547,1225530.0
2009-01-19,80.55017750344335,82.09716579420234,79.31436404371308,81.3414535522461,1224080.0
2009-01-20,80.90580103015576,83.79529392408989,79.84779992301495,83.19961547851562,1984485.0
2009-01-21,82.66615278316726,82.66615278316726,78.60308245243044,79.49215698242188,2531975.0
2009-01-22,80.01670276607848,80.90577724125713,74.33551741233491,76.19367980957031,2291010.0
2009-01-23,75.03790278244499,78.4341677178348,74.86008378029548,76.85161590576172,1085270.0
2009-01-27,78.23856029077979,79.4832660156623,76.6560086792851,78.93203735351562,722945.0
2009-01-28,79.12765370566088,79.99894995574881,78.25635745557294,78.69200897216797,542035.0
2009-01-29,78.23855881319258,81.60815210332372,77.34948428122448,80.55904388427734,1377795.0
2009-01-30,78.5319811276358,80.99471541482593,78.32749093278049,79.98117065429688,1040020.0
2009-02-02,79.31434893522149,80.92357188564735,78.9853888718814,79.82112121582031,326100.0
2009-02-03,80.016710430836,80.55015381042145,76.85160716660846,77.84736633300781,833390.0
2009-02-04,77.70513028963133,79.98115935552059,76.81605558788063,77.63400268554688,1097980.0
2009-02-05,77.88294204500485,80.02561531913469,77.88294204500485,79.6521987915039,1774915.0
2009-02-06,80.55016527973271,82.15050242945718,80.37235305558625,81.59927368164062,598335.0
2009-02-09,82.15048930236568,83.1995975366332,81.79485812779863,82.69282531738281,1256020.0
2009-02-10,83.35964291765904,83.35964291765904,81.62594324214693,82.56836700439453,324485.0
2009-02-11,80.90579347891226,81.5992706234353,78.41638173555135,79.1187515258789,1507695.0
2009-02-12,78.77200850368803,80.01671430505348,76.72714098575277,77.31392669677734,1630905.0
2009-02-13,78.23855938597639,79.10985541824805,76.46041030902238,76.54931640625,2905095.0
2009-02-16,76.46042253793499,76.63823476082912,72.42402267370439,72.95746612548828,3512335.0
2009-02-17,72.90412111873322,72.95746342700818,69.93461505100512,71.33934783935547,2488715.0
2009-02-18,70.68142744893944,72.88633534008697,68.99218443001763,70.79700469970703,2876180.0
2009-02-19,71.65941763291299,72.63739842131113,69.93461737148037,72.18397521972656,2765965.0
2009-02-20,71.12597178494721,71.17042823055331,69.17889613674188,70.2724609375,1883625.0
2009-02-24,69.16999985581414,71.4815922340359,68.99218088327386,70.71698760986328,3940980.0
2009-02-25,71.12596522717858,72.45957707518818,70.4502666582522,71.70386505126953,1833035.0
2009-02-26,71.65941806071424,72.8152178613312,71.1704310551467,72.29955291748047,3153145.0
2009-02-27,71.40157303988309,72.72629896796397,68.65433600937642,69.67677307128906,3409005.0
2009-03-02,69.34782117885482,71.45493049505181,68.04088038672637,70.90370178222656,2149055.0
2009-03-03,71.12598488719176,71.48161616824822,69.52564751398894,70.62810516357422,1363825.0
2009-03-04,71.06374175052042,71.06374175052042,67.83640299927448,69.31226348876953,2679095.0
2009-03-05,69.70346002213324,70.75256847235153,63.168762128861786,66.50279235839844,6580565.0
2009-03-06,66.14717533975309,69.85461612457257,63.47995058236872,68.56546020507812,6286655.0
2009-03-09,67.5874636554448,68.44986730113068,65.70262941103682,66.97400665283203,3444140.0
2009-03-12,65.01802892705615,71.47271300516694,65.01802892705615,70.77923583984375,4234020.0
2009-03-13,74.52223392057049,75.73137593901166,71.33934517252385,73.3486557006836,2065695.0
2009-03-16,73.88211233736048,77.39396176331356,73.11750748933537,77.1539077758789,1393110.0
2009-03-17,77.33171769888334,78.32747698703892,74.70005070935419,75.56245422363281,774245.0
2009-03-18,76.28261647951201,78.66533708759142,76.10479745914665,77.66957092285156,1133880.0
2009-03-19,77.34948702635778,78.91426015742353,75.24237786889594,77.59842681884766,1286895.0
2009-03-20,78.84313709845482,79.78555401939111,73.79319301592078,75.11791229248047,1646205.0
2009-03-23,75.74027556102578,78.22079477808882,73.90877707383312,77.47396850585938,1365675.0
2009-03-24,78.2741505110529,78.2741505110529,73.82877626655718,75.60692596435547,1151220.0
2009-03-25,75.74913943067286,76.14922699777162,74.94897786267462,75.61578369140625,1054230.0
2009-03-26,76.46042953739304,80.8613468963626,76.27372465133213,79.10098266601562,2451860.0
2009-03-27,78.94981596802016,85.17333728314924,78.94981596802016,84.3287124633789,2469390.0
2009-03-30,82.6839487823602,84.36429945690196,80.01672462809053,82.92399597167969,1991865.0
2009-03-31,82.86174679157672,88.01838198473047,82.01712866758976,87.16487121582031,3575465.0
2009-04-01,88.0183952296974,88.0183952296974,84.51543874390278,85.70680236816406,1690770.0
2009-04-02,85.90239036649024,91.54801272463972,85.35116167210822,89.35199737548828,2628785.0
2009-04-06,88.90746728661495,92.37485986741322,88.90746728661495,91.41465759277344,1298370.0
2009-04-08,90.66782440102982,94.20633726495224,87.21821085121752,92.55265808105467,3342615.0
2009-04-09,92.8371795681871,94.0463217161478,90.95234552462024,91.94810485839844,659000.0
2009-04-13,92.49043232249228,96.34012708372236,92.49043232249228,94.18856811523438,651545.0
2009-04-15,93.53065119971156,99.22073036092206,93.20169791781854,97.07806396484376,706420.0
2009-04-16,97.7982040699081,100.2876156140188,92.64156877843628,93.69956970214844,1492255.0
2009-04-17,92.8282956635556,96.55351416366123,92.8282956635556,95.2643585205078,1386390.0
2009-04-20,95.30878694626423,98.63393057381428,94.24190022301738,96.8113250732422,1475225.0
2009-04-21,95.13097870247752,97.22919522398396,95.09541490581292,95.28211975097656,572105.0
2009-04-22,96.55350809931252,98.9095573386052,94.59754653259868,98.37611389160156,1926795.0
2009-04-23,95.34434558335867,102.1902231669843,95.34434558335867,100.66990661621094,713475.0
2009-04-24,100.10978975688973,100.10978975688973,96.24231694527028,98.5983657836914,1257520.0
2009-04-27,98.5094755085182,103.11488254048793,96.19787595507208,100.9811019897461,2097075.0
2009-04-28,101.39895957706868,101.39895957706868,95.43326311643372,97.48703002929688,1304775.0
2009-04-29,98.687283118961,99.53190129727923,94.89093746462488,96.86467742919922,1538425.0
2009-04-30,96.86467742919922,96.86467742919922,96.86467742919922,96.86467742919922,0.0
2009-05-04,96.86467765989472,104.00395259493024,96.86467765989472,100.9010772705078,1422120.0
2009-05-05,99.57636623273024,101.17670340328264,98.15384807174011,99.65637969970705,1602750.0
2009-05-06,99.57636480866184,102.24358886603672,98.68729012287022,101.0789031982422,1260255.0
2009-05-07,102.95484813838088,103.48829157670951,101.0077724662249,102.2258071899414,973180.0
2009-05-08,102.04798421724948,104.91080559069862,95.5399582434556,97.97602081298828,2521735.0
2009-05-11,98.33165186725972,101.17669472840802,98.06493355043716,99.3807601928711,568765.0
2009-05-12,98.68727452408532,106.63560312932,96.99803153146736,105.70207214355467,2172940.0
2009-05-13,105.79988219729437,106.47558082320089,102.27914743562545,104.0128402709961,2149965.0
2009-05-14,102.95484822336168,105.07973611568066,101.0344437040718,104.40403747558594,380940.0
2009-05-15,105.30200746760448,106.66229064526354,101.0077751271933,101.98575592041016,1183080.0
2009-05-18,105.79989365274685,115.5797157551016,105.79989365274685,108.99166870117188,3535.0
2009-05-19,112.02342834407403,112.53020072478265,100.20762306428628,105.257568359375,3694410.0
2009-05-20,105.6043012745319,114.67286131655491,105.6043012745319,112.06787872314452,4098110.0
2009-05-21,112.06786879761488,116.9577796541326,111.73890871625984,113.49038696289062,2650735.0
2009-05-22,113.97936646703047,120.18510367378468,110.21858452740376,117.52677917480467,3331330.0
2009-05-25,117.7312646099488,117.7312646099488,112.94804539078793,115.6952896118164,3019240.0
2009-05-26,116.46877417903085,119.84726041807518,116.4421030259654,117.56233215332033,2561915.0
2009-05-27,119.135986735816,121.18086086317837,117.55343516148704,119.90947723388672,2400625.0
2009-05-28,119.84724208239274,120.86078644242156,116.14868900621045,117.71345520019533,2836495.0
2009-05-29,119.13600600548232,119.84726845606906,112.94804710454288,115.13516998291016,5128625.0
2009-06-01,115.22407552696058,117.30450687010854,112.20121369633172,113.1169662475586,5265765.0
2009-06-02,114.04161502933268,114.51282353281262,108.1203742993884,109.54289245605467,3220720.0
2009-06-03,110.24524906271732,113.39257392251216,105.8887822189414,110.59198760986328,3146620.0
2009-06-04,111.48995334080064,115.57080917748183,109.18724665857212,114.73507690429688,5093125.0
2009-06-05,115.57969393709344,124.4704396245622,114.15716920061794,122.03437042236328,6424720.0
2009-06-08,122.15883546409268,124.29262248399782,120.38068639727211,121.92768096923828,3004700.0
2009-06-09,121.9810288627849,128.71132990102302,121.2697664902092,126.56865692138672,3205905.0
2009-06-10,127.13768283420256,136.38405434111775,126.60423258464064,133.65460205078125,5586135.0
2009-06-11,133.68124972686758,136.37514452497257,128.73799740514622,131.76974487304688,1697605.0
2009-06-12,133.36121454417264,133.36121454417264,124.47046690789446,125.37732696533205,1076260.0
2009-06-15,124.2926355761368,128.36459899601286,119.50940974137282,125.4573211669922,2079920.0
2009-06-16,124.47046020263215,132.47213264422996,123.40357325699318,126.76427459716795,2819270.0
2009-06-17,125.7418187764252,131.19185061542993,123.58137393099145,127.18212890625,2299110.0
2009-06-18,127.13765726462104,132.45431913351445,126.7909187420019,129.52037048339844,3271760.0
2009-06-19,129.80492302068774,132.4721474663183,129.80492302068774,130.64065551757812,5213140.0
2009-06-22,130.69395325455423,133.52120369073367,128.0178438574598,130.6672821044922,1760330.0
2009-06-23,128.91583611073204,132.98780001031204,128.3201576683717,132.41879272460938,1231820.0
2009-06-24,133.5389809444765,135.0504048105849,131.6008051368527,132.23204040527344,1248185.0
2009-06-25,134.26803164716162,137.8243295639574,132.48098326160377,134.59698486328125,4690535.0
2009-06-26,133.3612229220622,140.2960092272505,133.3612229220622,136.9530792236328,3719565.0
2009-06-29,138.1621822098457,140.82940590938867,137.45093340959525,139.19351196289062,1153400.0
2009-06-30,140.47378084751483,142.25192997216692,136.970824901358,138.66896057128906,706565.0
2009-07-01,138.6956618229742,142.05636331261917,137.4509625920702,139.9848175048828,2482460.0
2009-07-02,142.1986095868659,143.7633761739133,138.01996121309588,140.00259399414062,2073470.0
2009-07-03,141.95624963362337,144.3759694672342,141.95624963362337,142.93310546875,2236010.0
2009-07-06,142.6732202848925,142.6732202848925,135.86219523000278,137.41259765625,1223310.0
2009-07-07,138.05787430020453,142.40438136371583,138.05787430020453,140.66578674316406,1948920.0
2009-07-08,140.7464051615622,146.11456546757185,140.7464051615622,144.5641632080078,2015935.0
2009-07-09,145.13775872515956,147.69190201637232,143.79347566131165,144.91371154785156,1980220.0
2009-07-10,143.74867017227567,146.07876639448233,141.6067796046474,143.16615295410156,2153245.0
2009-07-13,142.8524378672509,142.8524378672509,136.35507140430016,137.3946533203125,565520.0
2009-07-14,138.01306958412633,139.62621209343732,136.4895514210708,137.8965606689453,599130.0
2009-07-15,137.83382934979798,139.20499701212913,135.1452631609518,137.26922607421875,1574720.0
2009-07-16,138.7300176715341,139.2766933419824,134.60754405752186,135.38723754882812,702575.0
2009-07-17,136.3998747341557,139.2497610194788,134.42826294589918,137.7620849609375,686815.0
2009-07-20,140.163904371462,143.03171909318573,138.01305700492327,141.6426239013672,388840.0
2009-07-21,142.49401483857412,146.069812964039,140.92568448657724,141.88461303710938,1110665.0
2009-07-22,143.21094658055745,147.1183295754002,133.81889351648488,134.6165008544922,5060865.0
2009-07-23,135.32446799566546,142.13550629183806,130.4940123671811,140.69264221191406,4581425.0
2009-07-24,141.5977926012429,147.51264257220836,141.2482796095337,146.0697784423828,3500235.0
2009-07-27,146.9749339790893,147.871122600913,142.7001104240593,146.2579803466797,1776855.0
2009-07-28,147.66501847126565,147.66501847126565,141.6157446420749,143.85621643066406,1242330.0
2009-07-29,143.74863071304122,146.6074742315724,141.95625370327886,144.34011840820312,871380.0
2009-07-30,145.18254054078557,149.8247905201225,143.76656103528177,147.8262939453125,2718095.0
2009-07-31,149.3050130239593,149.66348296235174,145.54101029708093,147.0286865234375,1331550.0
2009-08-03,146.47305193262247,149.12576225838993,144.48351235092116,145.91741943359375,1261820.0
2009-08-04,146.43721593167663,147.42302888959344,143.82034678627855,146.51788330078125,781620.0
2009-08-05,147.51263803515204,147.78148365531158,144.6448237891003,147.3154754638672,320975.0
2009-08-06,145.46039487453427,146.93911452756134,142.5119398826433,143.72178649902344,541165.0
2009-08-07,144.23261047610583,145.12879916933403,140.41483789111103,141.15867614746094,1055470.0
2009-08-10,142.13550026441254,144.25050565197668,138.37149765918318,139.79644775390625,1236760.0
2009-08-11,141.23930516777617,144.64481033744232,137.67246529151453,143.39015197753906,1507415.0
2009-08-12,142.31477822610793,145.18257953128096,139.8054469560483,143.47085571289062,732615.0
2009-08-13,143.74866205761447,146.97494684858268,143.37226444446057,144.08921813964844,1103795.0
2009-08-14,144.46557503622716,144.46557503622716,142.31472823161852,143.9188995361328,454960.0
2009-08-17,142.01008453152534,143.87414521836632,141.62471623321505,142.00111389160156,683475.0
2009-08-18,141.18553792876057,143.03169782565791,138.6851778950715,141.552978515625,1281665.0
2009-08-19,142.66426764012007,144.9853928682685,141.65157013045365,143.3095245361328,1111590.0
2009-08-20,141.5978170388349,144.26845558190192,141.5978170388349,143.85621643066406,606670.0
2009-08-21,142.49394869370863,145.36174869976426,140.52233704421718,144.187744140625,674555.0
2009-08-24,144.4656023700009,145.8905389895296,143.4260202920196,144.39390563964844,790875.0
2009-08-25,143.6142204406687,146.61645766393158,142.4939847118023,145.07501220703125,537500.0
2009-08-26,146.6164893224341,148.7673369163832,143.74867429749457,148.01454162597656,1440375.0
2009-08-27,148.0951426436541,149.84270740132197,144.2952986598719,146.060791015625,1588615.0
2009-08-28,146.08768617433992,146.96596077247878,143.58732621269357,146.50889587402344,837125.0
2009-08-31,145.19148885267197,145.19148885267197,141.418543058306,142.11756896972656,1380705.0
2009-09-01,141.9562701177868,144.26843836870813,139.9846579140195,140.64784240722656,1492435.0
2009-09-02,139.8233513526666,141.7680790036236,138.94507666532886,139.59930419921875,537500.0
2009-09-03,138.90921403549842,140.16387243430577,136.75836715904268,137.3946533203125,1812825.0
2009-09-04,133.56794293566634,139.98465659401813,133.56794293566634,138.51490783691406,2235955.0
2009-09-07,137.58285531812717,143.21987467817186,137.58285531812717,142.33265686035156,1391255.0
2009-09-08,143.21094160104815,143.9278952189329,141.99212455306997,142.50294494628906,634395.0
2009-09-09,143.9816595257926,144.28636035889565,141.14970035109357,142.14447021484375,3670095.0
2009-09-10,143.74865666580664,152.53130833423583,143.0137890699998,147.16314697265625,5318430.0
2009-09-11,147.33338498888074,149.55594233067362,143.39016103044406,145.12876892089844,3147080.0
2009-09-14,145.89950340379065,148.55221393990817,142.91519379459407,146.92115783691406,2704130.0
2009-09-15,148.2833975715161,149.4842872225085,146.8315624880912,148.49847412109375,3437615.0
2009-09-16,148.59701595384058,150.72994900220235,147.95175912702106,148.86587524414062,4672255.0
2009-09-17,148.94652906305697,151.45585965019995,146.6164471194433,149.6724395751953,3123715.0
2009-09-18,151.4558744797189,156.20567682853047,150.38045088700284,155.21986389160156,4473305.0
2009-09-22,155.57837154085422,157.49621490741148,152.1369963685908,154.5567169189453,2029640.0
2009-09-23,155.39908474457135,157.99803967157905,152.17281425984854,155.757568359375,1988915.0
2009-09-24,158.4461447666175,160.59699190348115,155.0585530049433,159.9248504638672,3346210.0
2009-09-25,163.46478557059166,179.90089392218954,163.46478557059166,177.00619506835938,10739100.0
2009-09-29,179.05848031205056,182.481913563264,174.08463097773617,177.1047821044922,6313010.0
2009-09-30,175.6529640360607,182.05175003609853,167.506613016533,177.93824768066406,9650240.0
2009-10-01,176.01142689161549,176.01142689161549,170.27582560431824,170.67015075683594,4311350.0
2009-10-05,169.91739710929528,169.91739710929528,164.28036206001985,165.0331573486328,3957725.0
2009-10-06,166.28783113359592,169.85465865484815,162.2997937910802,168.24151611328125,3720045.0
2009-10-07,168.84193774806062,172.06822238773208,167.58727909638486,169.9442596435547,4336245.0
2009-10-08,170.0965966109474,176.1010574111348,167.03163328323535,175.2765655517578,4238330.0
2009-10-09,176.54916781348976,177.44535648259378,170.2758471297617,171.83522033691406,2324455.0
2009-10-12,172.94650747734147,175.24971921304052,170.2758687335054,172.4984130859375,1891650.0
2009-10-13,172.4984130859375,172.4984130859375,172.4984130859375,172.4984130859375,0.0
2009-10-14,173.143639558065,176.90762904687554,173.143639558065,176.19068908691406,1512520.0
2009-10-15,177.44534635366102,177.95618042977273,172.08614224726415,173.25119018554688,1493480.0
2009-10-16,173.32289405374357,174.03984776914393,167.97264626815945,168.5910186767578,1697455.0
2009-10-20,169.70227443825257,170.97486061374607,166.7269217119346,167.39010620117188,816540.0
2009-10-21,167.04955388790302,169.37964977803117,162.31767905157636,163.49168395996094,2133930.0
2009-10-22,163.0525851215465,165.21240331428223,159.52159922050265,161.78895568847656,1178345.0
2009-10-23,164.00252002179417,172.94647876017203,163.4648013714935,171.99652099609375,5646145.0
2009-10-26,168.48344555852864,177.77691634453325,168.48344555852864,174.8643035888672,3798760.0
2009-10-27,174.86431175674983,179.47969115924,174.5775385213601,177.6425018310547,4284255.0
2009-10-28,176.54911659380352,181.03005863933151,176.54911659380352,179.16598510742188,2204015.0
2009-10-29,177.08688445075495,186.22800603566608,168.84193784990012,182.14138793945312,3763665.0
2009-10-30,184.23844610593275,185.5110322222358,179.5961822466984,181.2810211181641,2949600.0
2009-11-03,186.37141932004923,196.35496149376087,182.105552098678,185.42144775390625,8910565.0
2009-11-04,189.9740615698539,192.8060209168016,185.86951601187985,190.79855346679688,3051645.0
2009-11-05,190.79855691913124,193.75598218054407,187.0435379859616,191.9187927246093,2701870.0
2009-11-06,194.47293689547263,194.88518969103663,190.3594342771821,191.6499481201172,1244250.0
2009-11-09,193.5767431000404,200.719367538962,190.88817722365096,197.1346130371093,2161220.0
2009-11-10,198.0935304481536,200.56701983989592,194.051724615286,195.5931701660156,1884140.0
2009-11-11,197.87846070110243,203.43482770976647,193.59467996048943,202.3414764404297,2805805.0
2009-11-12,202.89709952322863,204.2413824626708,196.62377913916544,198.7298278808593,1812700.0
2009-11-13,198.4161701543389,200.9165442529945,196.4445577746857,198.7119140625,813740.0
2009-11-16,198.9538701069894,201.5707391899488,193.66636281278588,197.58270263671875,3555175.0
2009-11-17,198.93596743028183,200.7104309345124,196.2742858486906,199.0883178710937,2559385.0
2009-11-18,199.08827104735127,201.62448615914664,197.70814676563023,198.5326385498047,1599850.0
2009-11-19,198.2369264507432,198.5326703459237,193.9890010057492,196.9643402099609,1825275.0
2009-11-20,196.26533779366136,201.82170535241207,194.15033178003628,200.30714416503903,4787330.0
2009-11-23,188.8000548171705,205.4064288414765,188.8000548171705,197.90533447265625,3018325.0
2009-11-24,200.6476767319868,200.6476767319868,190.00992180958528,198.83737182617188,1657480.0
2009-11-25,200.5132523752552,200.5132523752552,195.9426848153969,197.2063140869141,1139170.0
2009-11-26,197.0897658412105,201.94710568693296,195.3690856271161,199.7066345214844,1488440.0
2009-11-27,198.95390842662687,201.64247475671647,195.4049948540164,198.7836303710937,1896095.0
2009-11-30,200.36984894156888,204.9762578011673,198.96282627489688,202.3504180908203,4106180.0
2009-12-01,205.04795312642844,207.53039936175952,201.8306393545867,205.2271881103516,1703365.0
2009-12-02,207.2525678413826,207.52142715260783,200.486354944938,201.4900817871093,2585520.0
2009-12-03,202.53858868285224,203.4258201668068,199.85002334635425,201.46316528320312,980745.0
2009-12-04,203.2376694221477,203.7753881044564,197.1794388186061,200.8090057373047,2874645.0
2009-12-07,198.9538505267356,201.10469749496187,193.8545356833829,196.193588256836,6302270.0
2009-12-08,196.98227971598047,198.2190108276744,193.5767599085641,196.6417236328125,1167580.0
2009-12-09,202.1263365206904,202.1263365206904,190.4131606176111,193.0389862060547,1337775.0
2009-12-10,194.47292290598125,200.0292893969159,191.78435715152068,198.31756591796875,2018085.0
2009-12-11,199.8500659535754,200.7283269884763,195.0106527860359,197.7081756591797,1346080.0
2009-12-14,198.77463424183992,198.77463424183992,195.2257213684686,197.82467651367188,958800.0
2009-12-15,198.95386212139945,203.21075781994287,198.95386212139945,201.4273376464844,1404620.0
2009-12-16,202.48484180193608,206.8313480351117,202.18014097894272,205.0389709472656,1891660.0
2009-12-17,206.12337564768976,211.85897715233315,204.33099846814463,210.5057373046875,2279065.0
2009-12-18,210.65808915821225,220.2831596008114,210.28169158891544,216.3488922119141,3818170.0
2009-12-21,218.6700378398733,223.1420242743461,210.72084862710744,219.0822906494141,3456360.0
2009-12-22,216.0979575493849,221.5378151412172,215.40788851105023,216.3130340576172,1681960.0
2009-12-23,218.4907706080629,220.05012992881888,216.64462438823563,217.4691162109375,1873405.0
2009-12-24,217.773850581008,223.99340224646733,211.33922238286675,212.2264404296875,2718560.0
2009-12-29,207.0195489925725,214.9060107367637,203.66779899073447,205.4781036376953,2611655.0
2009-12-30,204.33099982690345,205.22718842263544,197.6992096883875,203.9008331298828,2831445.0
2009-12-31,204.33100153066968,208.07706332818395,204.33100153066968,205.51397705078125,1575140.0
2010-01-04,204.33104552801169,206.0248418057932,201.84859873367395,204.7164001464844,1649940.0
2010-01-05,206.12336182171885,211.6797279706583,206.12336182171885,211.0434417724609,2058290.0
2010-01-06,212.61179299675828,220.91049468977965,212.10095891980103,216.45643615722656,6448930.0
2010-01-07,213.3108237846478,217.74695481484628,211.159962845178,213.1046905517578,1491700.0
2010-01-08,215.08528232911908,217.03896707972663,211.50052762363376,214.0277862548828,1202345.0
2010-01-11,219.5661950340629,219.5661950340629,208.928441307721,215.1121368408203,2054015.0
2010-01-12,215.9814454003423,220.46238825097183,215.1210983561304,216.7880096435547,2404695.0
2010-01-13,215.0852821288984,221.3586028576579,215.0852821288984,220.14874267578125,1906110.0
2010-01-14,222.07554140098264,225.3018122082281,220.86568130154487,221.7349853515625,1168740.0
2010-01-15,221.8962943133934,223.6528162441155,219.2435701423153,220.45343017578125,1188925.0
2010-01-18,218.85823538792627,223.9575372999343,218.6879573571235,219.207748413086,715100.0
2010-01-19,220.4623953260669,220.99114331746927,211.0524150377592,211.5901336669922,2152145.0
2010-01-20,211.8589657239592,218.8492390820572,204.7342695545475,215.336181640625,5987830.0
2010-01-21,216.00831164329264,216.00831164329264,199.8500341883244,201.3914794921875,5745655.0
2010-01-22,199.85007251443912,203.3183182758761,194.14135508804205,202.07261657714844,3090540.0
2010-01-25,200.0023826491555,203.39894466674,191.00465627247667,201.08677673339844,2645110.0
2010-01-27,198.4161792716264,202.1622552723796,195.54837807174047,198.3265686035156,3917285.0
2010-01-28,202.0008941488015,210.0665911167177,199.85004709392467,206.6431579589844,5645635.0
2010-01-29,202.00093127746973,203.2556036857223,195.2347174060815,200.6745758056641,3440745.0
2010-02-01,204.15175566561248,204.15175566561248,198.46992350602355,201.37356567382807,874155.0
2010-02-02,202.0009171265643,213.65136962769145,202.0009171265643,208.91949462890625,4632340.0
2010-02-03,209.70812932275803,211.375040641288,205.45123353522345,206.5266571044922,1498970.0
2010-02-04,207.0195724597446,210.03076678796737,202.915026914594,208.25631713867188,2099095.0
2010-02-05,202.53863378071668,207.5572956628836,199.8500678455744,206.2130126953125,2959725.0
2010-02-08,204.3041471810228,204.33103174911463,198.2459162503204,199.95762634277344,1184535.0
2010-02-09,200.6386949557512,200.6386949557512,197.0001716668752,197.6185302734375,2358320.0
2010-02-10,198.0576989001672,199.8500762657796,193.57675548613625,194.1861572265625,2447495.0
2010-02-11,195.36911579610697,196.98225801928228,194.2936922055744,195.4766540527344,875010.0
2010-02-15,195.36911811845764,199.7604368631456,195.36911811845764,198.15626525878903,822520.0
2010-02-16,199.63497361622584,200.72832483508373,197.0001905397888,199.5184783935547,1383870.0
2010-02-17,201.6424287996201,201.6424287996201,197.9411656195108,198.24588012695312,2449345.0
2010-02-18,201.28395670957755,202.1622176723428,198.44302693122845,200.0740966796875,1273945.0
2010-02-19,202.5206921885193,202.5206921885193,198.81047200131948,200.9344482421875,2362455.0
2010-02-22,202.7178796880207,205.2272107641932,198.05770121784576,200.0472412109375,717550.0
2010-02-23,198.9538822805354,206.123391551906,198.5506001189716,204.9493865966797,3685395.0
2010-02-24,204.68951809019987,205.7111727833958,201.64248161568744,204.4744415283203,699540.0
2010-02-25,208.32799349022247,208.32799349022247,202.9598192264993,205.0120849609375,1360495.0
2010-02-26,204.51020734222203,208.81191475890063,201.83956951457924,204.74322509765625,809350.0
2010-03-02,206.30260567803745,209.5288899936671,202.59238555243945,203.52442932128903,2253605.0
2010-03-03,201.04199011870784,210.9090216739312,201.04199011870784,209.4840850830078,2006995.0
2010-03-04,209.4841145727539,211.8410952965956,206.66112555750425,207.35118103027344,993265.0
2010-03-05,208.27423606887749,209.4303270812361,206.1233887862269,206.49978637695312,728990.0
2010-03-08,207.198805638695,212.39670235533745,207.019570650139,209.5647430419922,1026480.0
2010-03-09,207.9247337796368,211.5005315882996,204.6894920503001,209.33175659179688,326855.0
2010-03-10,209.4303412316364,212.28918539635825,208.4534988224584,208.8567810058593,861140.0
2010-03-11,208.8029932704716,210.9179989786285,208.3011161522156,209.3406982421875,514250.0
2010-03-12,210.4251069692177,211.67976566425628,209.8873882857702,210.3802947998047,923685.0
2010-03-15,210.99867022923576,219.20776202314627,210.60434501231583,215.21075439453125,2735310.0
2010-03-16,216.87762875481224,219.7454293752974,216.33991015576729,219.0732879638672,711300.0
2010-03-17,220.1039237338352,221.17934730962048,217.7917555247828,220.31900024414065,1289670.0
2010-03-18,221.00010157306704,223.68866721909097,218.70584740166825,221.1793365478516,1317100.0
2010-03-19,224.04717447115377,227.00459990912387,222.79251576401705,224.74620056152344,3081165.0
2010-03-22,220.46238791836413,228.4832728739395,216.5191636856601,227.3540802001953,2395800.0
2010-03-23,228.34887533099348,234.26371233467287,228.34887533099348,233.6453399658203,2215965.0
2010-03-25,233.7259933023586,236.27119318299185,232.1128646423308,235.7693023681641,1803310.0
2010-03-26,234.62215498264428,235.76927524993505,229.78274220968345,230.23980712890625,1204755.0
2010-03-29,230.6072490264031,232.4085694515508,227.0045671518509,227.363037109375,967775.0
2010-03-30,225.8395533383457,229.22714554444053,225.3914589864839,226.3683013916016,1391125.0
2010-03-31,226.6998576322166,229.7827347031288,223.1509450198297,228.5191192626953,1957435.0
2010-04-01,229.96200606267485,231.66475897596249,225.839532928211,226.5385589599609,1306315.0
2010-04-05,229.19128491830816,229.4242890389522,224.9523028570396,228.16065979003903,740755.0
2010-04-06,230.4997451948329,230.8582152058877,226.1980230136497,228.474349975586,1464170.0
2010-04-07,229.06581203723084,232.72224949795032,229.06581203723084,229.6393585205078,1308015.0
2010-04-08,229.06582013819025,230.98364959168208,227.63191285502887,228.6983795166016,492625.0
2010-04-09,231.2166571873589,231.2166571873589,221.89630128226568,222.7118225097656,2210455.0
2010-04-12,224.0471518016096,224.9074988814191,214.1890771223388,215.6050567626953,3800930.0
2010-04-13,215.98146999765748,220.26525075674272,212.39671530889967,213.48110961914065,2662915.0
2010-04-15,217.68419841466536,222.61323555490875,215.45269762483304,220.49822998046875,2138860.0
2010-04-16,220.82086622420533,222.2278888942545,214.56547360660667,215.0673370361328,1442530.0
2010-04-19,213.0957384889299,216.66256552693463,208.9284666896728,213.4362945556641,1747155.0
2010-04-20,215.8022242268063,215.9635316158672,207.61106071883148,208.5341339111328,1383625.0
2010-04-21,210.60432991760464,212.5311300192899,207.9157640037629,209.10769653320312,2264425.0
2010-04-22,211.4557038117288,216.85972013871265,208.4534801160451,215.14801025390625,2345190.0
2010-04-23,215.4437472449981,218.67003187369176,212.2085056526636,217.40640258789065,1617930.0
2010-04-26,218.6700052957551,224.387692597032,217.4243037633964,223.0254821777344,2219660.0
2010-04-27,224.22641514498807,227.9904050363192,221.8963326764284,225.6513519287109,1562960.0
2010-04-28,222.61324803918552,224.94334392423823,216.9672706653517,223.3481292724609,2542245.0
2010-04-29,224.2263978751053,227.27344749512213,220.3100578438884,222.14724731445312,4421555.0
2010-04-30,225.8395081097928,236.23530046093788,223.57215223743253,225.8305511474609,1774755.0
2010-05-03,225.30183406290337,226.7984812280308,220.88363032886687,222.1024475097656,1325725.0
2010-05-04,223.86793542646112,224.58488910678105,219.9515815885495,220.9642791748047,3491595.0
2010-05-05,217.41535649029564,224.32496283229915,217.41535649029564,222.39816284179688,2816785.0
2010-05-06,224.0471484373633,227.61397521155536,219.933646073994,222.7118225097656,4944580.0
2010-05-07,219.5662363846693,220.17563815034453,212.77312424657308,216.08901977539065,3128410.0
2010-05-10,217.84557141350223,221.86946397948924,205.2899714634788,218.750717163086,3669490.0
2010-05-11,219.56618313637824,219.56618313637824,212.2174401500293,214.1083984375,2015335.0
2010-05-12,215.79323286938163,227.3988854204512,215.44371988522155,225.9022521972656,2948440.0
2010-05-13,226.73571320218457,230.3204675611124,225.8395246124526,227.98141479492188,2136830.0
2010-05-14,224.2622602971764,235.33915293346445,223.68870008873364,231.5751495361328,4248845.0
2010-05-17,230.3204413988056,235.69757232640413,228.2681757783293,234.4070587158203,2688735.0
2010-05-18,232.1755842030115,237.48997596931144,230.67893722632823,235.13299560546875,2185640.0
2010-05-19,231.0015678995415,236.9522456111512,230.85817445053232,232.0232086181641,1578450.0
2010-05-20,232.4892384168496,238.36823293335664,229.82755741246268,236.16358947753903,1290175.0
2010-05-21,234.8013916015625,239.23753570330163,229.43323113319985,234.8013916015625,2516910.0
2010-05-24,241.9709344018252,241.9709344018252,229.4242933587676,231.1181030273437,1727800.0
2010-05-25,229.7827738971025,231.88882278163928,225.1674076285483,226.2786865234375,1040975.0
2010-05-26,226.7715454915996,231.71851013434164,226.7715454915996,230.9746856689453,1031625.0
2010-05-27,230.8402808018043,243.7633343088752,230.8402808018043,238.6729888916016,2253940.0
2010-05-28,241.27192873317128,249.1225506865569,237.49898187294093,245.57362365722656,1545985.0
2010-05-31,244.65948818246767,254.06946849717795,241.2181272350286,251.62286376953125,2187725.0
2010-06-01,251.1120396006945,257.00894815431,247.348036796597,251.8289794921875,3078935.0
2010-06-02,251.4704806018921,255.4137042502413,250.07242882974555,251.83792114257807,1535290.0
2010-06-03,252.7252221701937,255.23453967746983,248.611719176386,250.09939575195312,2020165.0
2010-06-04,250.0366686424063,254.06951813663864,250.0366686424063,251.93658447265625,2724860.0
2010-06-07,248.26221405049705,253.8723647472942,247.16886260941703,251.55123901367188,2015565.0
2010-06-08,250.5743049195196,253.42417772706185,248.4951410783748,250.7804107666016,1247610.0
2010-06-09,253.80060200331303,264.5369230622752,253.44210471260368,262.887939453125,4637630.0
2010-06-10,265.2718450213269,271.9036356769586,264.82375068852065,268.3726501464844,6676450.0
2010-06-11,269.25093860333953,269.25093860333953,260.5668678031267,262.771484375,3782700.0
2010-06-14,257.9230882867015,257.9230882867015,247.2763898606672,253.0030212402344,5811230.0
2010-06-15,254.4996109382477,257.08061075199714,252.2591397686897,254.911849975586,1844575.0
2010-06-16,256.6684247128404,256.6684247128404,251.82901145722929,253.46902465820312,2505825.0
2010-06-17,255.91560497023343,255.91560497023343,252.45633022983964,255.13592529296875,1687230.0
2010-06-18,255.13590655269087,257.19712916531137,253.979815728472,254.82223510742188,1639745.0
2010-06-21,258.81927947273783,263.24645373354457,253.26292607441715,254.3741912841797,1434780.0
2010-06-22,254.87606300795005,257.9230991443236,249.14046074839248,252.62664794921875,2364685.0
2010-06-23,252.74310030808647,261.1493537913177,252.74310030808647,260.1097717285156,2604895.0
2010-06-24,257.743888676819,265.0299075536872,256.83872929201686,262.9417724609375,2835040.0
2010-06-25,262.9417641012068,268.1396750695776,260.9163961984275,265.9529724121094,1480160.0
2010-06-28,266.7057271603411,269.9320115216587,263.47944279902345,265.28973388671875,1051115.0
2010-06-29,265.20912789645445,267.06424515655857,258.53253817724647,260.808837890625,1230920.0
2010-06-30,261.9110596596836,266.158983919946,257.6272802055941,260.1186828613281,3320555.0
2010-07-01,259.89476843175834,263.83799393116504,257.2151725021855,258.1830444335937,1558740.0
2010-07-02,259.40234032604366,262.699171520984,258.580385948629,259.375244140625,1102055.0
2010-07-05,259.23079359175733,266.4115879244851,259.23079359175733,263.9908752441406,1497935.0
2010-07-06,264.66820908313963,267.1792230950045,264.66820908313963,265.6527404785156,1046825.0
2010-07-07,266.6282616162381,267.3418311926207,261.3984777471787,262.70819091796875,863725.0
2010-07-08,264.10830468596805,266.43868756518486,262.5818214813447,264.0179748535156,532670.0
2010-07-09,264.83087735989847,267.2696170935402,263.0424461700619,264.2708435058594,1017095.0
2010-07-12,266.3483380445708,267.17930628620155,262.79859916642056,264.0089416503906,2991270.0
2010-07-13,262.85277978379054,265.932842020757,261.03725235670095,262.82568359375,1948340.0
2010-07-14,265.0114841363948,266.7728189687731,259.6643011448501,261.50689697265625,1535130.0
2010-07-15,261.94051107700426,268.61549112486034,261.57921933330493,265.4450988769531,9668735.0
2010-07-16,267.5405439895848,273.68258436189177,266.0140613633737,266.97149658203125,2274650.0
2010-07-19,267.3599147269104,268.3715424263219,264.8308454783816,266.0502014160156,838995.0
2010-07-20,266.0953534195277,266.0953534195277,257.44227134052954,258.44488525390625,2263335.0
2010-07-21,259.2307064175439,261.35333269733445,250.026659270219,253.7660980224609,4792875.0
2010-07-22,253.6306430143526,253.8113026542578,246.0885854321532,249.4215545654297,3765380.0
2010-07-23,247.1272852954252,250.54154266351247,230.7153481901368,246.6395263671875,6984795.0
2010-07-26,247.6692609515788,247.6692609515788,240.9129928610624,242.6923828125,946030.0
2010-07-27,241.1659101113416,242.24981286809592,235.4664482985378,240.35299682617188,4216320.0
2010-07-28,240.4432908664436,243.6859298375101,238.45614529639167,240.9400634765625,2746035.0
2010-07-29,238.63679423605333,250.2976362592941,235.38511416005096,248.9066619873047,4372620.0
2010-07-30,250.2163330094399,250.2163330094399,243.514286267678,244.70657348632807,2041405.0
2010-08-02,245.68209802328863,246.5762997799204,241.77106792958688,244.97756958007807,1201350.0
2010-08-03,245.14017858602773,249.0963878834748,244.95954649992248,248.03958129882807,1578035.0
2010-08-04,248.39176974355013,250.55954694835543,247.1543315191929,248.63563537597656,961675.0
2010-08-05,248.3918497623018,248.3918497623018,242.123340512208,242.8549652099609,2849785.0
2010-08-06,242.86396151293567,244.16463352705827,239.6755150977792,241.7981414794922,1987655.0
2010-08-09,243.69493161549525,245.3027029291444,240.84070821221528,241.71682739257807,1734725.0
2010-08-10,242.95434042076715,244.1827378130461,238.7181280511366,240.6600952148437,1286230.0
2010-08-11,239.3593909629137,242.73751090520523,236.19804051623373,237.3812866210937,1284390.0
2010-08-12,236.61353546624352,245.3208114714205,236.01739176107336,243.4691467285156,1791200.0
2010-08-13,242.97234348193595,245.6459347850097,241.5361905587204,241.96975708007807,548715.0
2010-08-16,252.0048118414965,252.0048118414965,240.858795872841,244.68853759765625,714490.0
2010-08-17,243.88465094554417,246.35048669099368,239.11552901410363,240.28973388671875,1399565.0
2010-08-18,241.88845453884835,244.7427056105685,240.26262823087032,241.61749267578125,1904610.0
2010-08-19,244.05631407867745,247.2086239021112,239.8471976242484,242.0691680908203,4729715.0
2010-08-20,240.62396347033084,242.99045605221707,238.6368451302153,239.5671844482422,1641270.0
2010-08-23,239.9194111961206,242.4304257376297,238.6368215192292,240.3710327148437,1270295.0
2010-08-24,240.37101188455185,242.24977267591115,235.7735085301396,239.96456909179688,4477100.0
2010-08-25,240.2446167668392,242.457545888414,238.46522670462,239.1065216064453,3197365.0
2010-08-26,241.52712428833783,243.6949015409874,239.0883852159008,241.9155120849609,4231915.0
2010-08-27,241.9155473853084,243.06268357429323,238.63679862831148,239.87423706054688,1536960.0
2010-08-30,243.15300599962296,244.94140934645063,239.96455958268547,243.2975006103516,1934325.0
2010-08-31,243.1530386504232,248.37378234601005,242.430427675815,246.4860076904297,2717085.0
2010-09-01,247.48858698736493,248.391830005567,244.52595099025373,247.2266387939453,2158220.0
2010-09-02,248.0304978101129,251.10151805757224,246.68464718870027,248.8163146972656,1661365.0
2010-09-03,250.01765643074376,254.0280576370381,249.65636473639435,251.074462890625,1085480.0
2010-09-06,253.8112082408873,259.5558187977358,253.08862507963696,258.3906555175781,2202365.0
2010-09-07,258.6888278885646,261.1637328180992,255.9971809925441,258.6436767578125,1458900.0
2010-09-08,258.32747992127327,260.0978283592368,250.6950660795027,253.7480316162109,1658765.0
2010-09-09,256.15972824767204,256.70167957741705,252.3660965042463,253.5403289794922,1126670.0
2010-09-13,256.87329136983294,262.8256594637751,255.1300114213045,261.71466064453125,1840970.0
2010-09-14,263.02432897819864,266.2759811867704,262.86172431594264,264.09014892578125,1470465.0
2010-09-15,264.65023247728914,268.26320493431695,262.8888973785712,265.4541320800781,1824565.0
2010-09-16,264.65019929079733,267.99220942038505,260.49527597327415,263.7379150390625,953990.0
2010-09-17,263.5662870726462,268.2631615328058,262.48241204977023,266.7818298339844,1162590.0
2010-09-20,266.4205702738556,270.25033966439463,264.71345519201645,265.9237976074219,1486575.0
2010-09-21,268.04645066836065,270.756180165405,259.4475580896052,269.3290405273437,2435965.0
2010-09-22,270.0696709589493,272.59874046375245,266.91736154675,270.6206359863281,1966895.0
2010-09-23,270.97285671305474,281.7937160477851,266.6643982146395,269.63604736328125,3148590.0
2010-09-24,271.85815634753976,274.70336699923035,266.27609225622035,270.3226318359375,2073340.0
2010-09-27,273.08649413180456,273.08649413180456,268.28123460106497,269.7083740234375,1292540.0
2010-09-28,266.4567023030959,269.88901490006697,260.4320589733621,263.6295471191406,3783475.0
2010-09-29,264.65019362863706,266.0231130374482,262.02175324420944,263.6204833984375,2573170.0
2010-09-30,263.80113545466673,265.318577004798,258.5081449649994,260.4410705566406,6245315.0
2010-10-01,261.5701988630829,268.98581792702095,261.03728867494755,268.18194580078125,4196155.0
2010-10-04,268.8050956886748,274.76650441117414,268.8050956886748,270.539306640625,1788675.0
2010-10-05,270.6115783680237,274.22454996822484,270.6115783680237,271.4335327148437,1732155.0
2010-10-06,271.89421377744867,276.3562366625927,271.89421377744867,275.0646057128906,1958750.0
2010-10-07,275.6697951951146,284.3409065902816,275.6697951951146,280.5473022460937,3068830.0
2010-10-08,282.3447264721043,286.5267459785416,278.9485239664416,281.8840637207031,2463430.0
2010-10-11,284.5215392818705,285.542208261724,280.5472756747005,283.2389221191406,1426685.0
2010-10-12,282.89570160234115,284.9460531656349,280.00531315035806,283.6815185546875,2106830.0
2010-10-13,283.9796162602205,288.13453990344783,283.07637318842285,286.7074279785156,2173250.0
2010-10-14,286.7074555513842,297.10376556353805,283.0764004120901,284.5035400390625,1060500.0
2010-10-15,288.6765165542487,289.7603917965039,284.59383987051984,286.37322998046875,2319775.0
2010-10-18,286.37322502617627,292.65077584254306,286.37322502617627,291.7113952636719,2686900.0
2010-10-19,292.650705744757,297.16692033958344,292.650705744757,294.20428466796875,2089700.0
2010-10-20,294.2043740318335,294.4121298896239,284.35902873756925,286.2377624511719,896635.0
2010-10-21,289.74230932327964,294.4572392257436,287.4119543438047,291.91912841796875,1892475.0
2010-10-22,293.9152257925612,294.4571770301134,289.12804958455,290.7538757324219,721010.0
2010-10-25,294.4752183462431,298.0159423783633,292.74100754401644,296.0107421875,1844360.0
2010-10-26,297.65475489398204,299.37091136328377,295.54116923413125,298.3592834472656,2095165.0
2010-10-27,297.70890999976075,299.87668777190083,296.6972822104147,298.3050537109375,1154240.0
2010-10-28,298.07019469581155,300.4186320457667,295.541125281884,297.3295288085937,3024625.0
2010-10-29,298.25077314244896,302.4056678251362,298.23269064562123,299.8043518066406,1506765.0
2010-11-01,301.14120138827946,304.57354122116755,300.9605693327304,303.2909240722656,1581225.0
2010-11-02,301.8638184589905,306.9219571540934,301.3851007766044,302.396728515625,1716270.0
2010-11-03,304.21221362803755,308.9090879799636,304.21221362803755,306.2716064453125,1420150.0
2010-11-04,308.0058044377768,314.0485011640408,308.0058044377768,313.2716979980469,2261700.0
2010-11-08,317.39956898700194,320.22672384752406,316.74021927108123,317.9505615234375,1680275.0
2010-11-09,317.23699295663926,321.3738335776673,311.140102987347,317.4266662597656,3007365.0
2010-11-10,318.0318350943257,322.4396649189405,313.4252907263131,315.0511169433594,2141480.0
2010-11-11,314.1478875973052,315.9543735008315,312.34140169377895,313.66015625,755230.0
2010-11-12,310.89619792631817,318.122140678216,310.89619792631817,314.8614196777344,1489700.0
2010-11-15,315.7737776605607,319.1880353071623,314.8885895430009,318.3751220703125,1376795.0
2010-11-16,318.4834766039676,319.1428263303321,313.6782173899948,316.442138671875,1330975.0
2010-11-18,321.554554366723,321.554554366723,316.1350955852613,319.35968017578125,2452980.0
2010-11-19,320.83192119099215,324.2100411540925,316.5324757362909,319.8383483886719,3250820.0
2010-11-22,319.7479871721259,321.8525310043857,314.3375710121764,318.42926025390625,2540735.0
2010-11-23,317.2370257324195,321.19323470937854,316.5595934436194,317.9776916503906,1724965.0
2010-11-24,318.14924701213835,327.59715974356,318.14924701213835,321.7802734375,2152400.0
2010-11-25,323.08999904834894,327.60621358598434,318.3027950995839,319.77508544921875,2227405.0
2010-11-26,319.92870344120126,325.5287938841867,315.77377984492773,322.8461608886719,1554050.0
2010-11-29,326.0888565384688,326.0888565384688,323.3610719442764,324.5985107421875,1349700.0
2010-11-30,324.8061387144067,325.7093815764797,319.76602810775995,322.7648010253906,1681790.0
2010-12-01,322.99971870117827,323.0900485187192,319.06156468767574,320.7687072753906,939665.0
2010-12-02,322.4577366889752,324.80617389770674,318.8447648493228,322.94549560546875,1191860.0
2010-12-03,324.4449051810303,331.472134803736,324.4449051810303,330.21661376953125,1894910.0
2010-12-06,331.4902025559352,334.1999317321417,326.09784039269255,328.6720886230469,841245.0
2010-12-07,329.86443353355406,334.0193302756255,328.97924525848214,330.6050720214844,1386525.0
2010-12-08,332.3934373168848,333.9379751906237,331.01147657411,332.8179626464844,1729230.0
2010-12-09,334.74190339482806,334.92253547866284,323.8307111468526,327.4256286621094,3456645.0
2010-12-10,327.5158820868375,331.12885369824266,320.9763847261397,326.6758728027344,3136335.0
2010-12-13,325.3481340592664,330.04498104003085,316.6769958946702,329.1598205566406,2142385.0
2010-12-14,329.1417694095922,332.1495842709358,329.02434340004913,330.35211181640625,1114430.0
2010-12-15,329.6836785139877,330.8036909572484,320.8319085825408,323.5596923828125,2513420.0
2010-12-16,325.52874252936607,326.05263885872233,321.563520448222,323.1441955566406,1815025.0
2010-12-20,321.19317123717866,321.55446287351776,306.5606256647732,307.8612976074219,2462705.0
2010-12-21,308.9090972581131,313.6059717511108,300.37344012375,304.6999816894531,3144960.0
2010-12-22,295.17078063539805,309.08975824059587,291.94619658689624,302.92059326171875,7710910.0
2010-12-23,303.4986342114367,308.574854540501,302.4598828979826,304.0405578613281,1172135.0
2010-12-24,304.3928754316044,306.217416274963,301.8728198723536,304.18511962890625,615290.0
2010-12-27,302.7671184019884,313.15441474693114,302.7671184019884,306.0458679199219,1376685.0
2010-12-28,304.5735747763627,309.3065596509212,303.52580950550794,305.2510070800781,1002655.0
2010-12-29,303.6702491345588,308.51161745094134,303.6702491345588,305.9464111328125,953720.0
2010-12-30,305.2961262779349,306.1993692550885,302.86640046420854,304.39288330078125,1926540.0
2010-12-31,304.3928696029439,304.7541612645894,299.21727765343405,300.3915100097656,2695660.0
2011-01-03,301.8637978234132,304.57352660974624,300.5992356712952,301.7734680175781,878270.0
2011-01-04,302.04449723897585,307.95171502888115,301.68320549983883,306.4252319335937,1581890.0
2011-01-05,306.3800196051755,311.36591076486366,306.0187003734173,309.85748291015625,2299170.0
2011-01-06,311.076851756929,312.16075427158864,308.9090742923957,310.0561828613281,1465580.0
2011-01-07,309.63170583576425,310.3272206242064,295.60434240258604,302.1618957519531,1045955.0
2011-01-10,301.6831731714633,303.4264256104674,293.55398587043584,298.85601806640625,1412935.0
2011-01-11,300.779913537484,307.82519778361785,299.5424750603236,301.8457336425781,1148220.0
2011-01-12,302.6044813431347,303.8509611816778,293.012044414925,301.5747985839844,1198130.0
2011-01-13,301.69220293274657,302.0444533686851,294.9991690020264,296.6611328125,1335490.0
2011-01-14,296.98630243799107,306.7413438716651,296.2637190272553,298.3321533203125,1171530.0
2011-01-17,298.2508762951025,304.0316264990515,293.01204988778045,296.39019775390625,1145275.0
2011-01-18,298.9734445121436,304.031611019869,293.761742124788,301.9812316894531,856825.0
2011-01-19,303.5257784699001,305.1154673693481,297.89856478576377,299.48828125,632015.0
2011-01-20,295.45076827383804,303.12833318813784,295.45076827383804,301.0057067871094,1560040.0
2011-01-21,302.40582480597857,303.47167277518065,297.72703145256537,298.42254638671875,3008170.0
2011-01-24,297.52823669525327,298.3682460640805,293.2107362867481,295.5591735839844,4346405.0
2011-01-25,297.528247897087,301.4664018326835,283.43765114795207,285.217041015625,4642710.0
2011-01-27,285.6054977724912,287.23132443203804,279.37309792637615,280.91766357421875,5431815.0
2011-01-28,279.5085868840003,283.0763805717836,275.543336464285,282.4079895019531,1477790.0
2011-01-31,287.41192724513644,294.8185031418311,287.0957866891972,293.4184875488281,2903865.0
2011-02-01,294.8185270871013,296.1733916670648,285.24414520906777,290.7268371582031,1736730.0
2011-02-02,292.6507530374297,294.8185308803044,284.6660876512204,291.4584655761719,1616395.0
2011-02-03,290.6726166057041,292.47006128683233,286.60802325978887,289.1009826660156,980215.0
2011-02-04,290.3022704779953,291.9281242812845,283.97957000526145,285.5873413085937,1511395.0
2011-02-07,285.68676883724766,286.8700150972893,280.1860216463811,282.7421875,846600.0
2011-02-08,286.1473759836312,286.1473759836312,274.0891037912156,277.2233581542969,954325.0
2011-02-09,275.6697221414505,279.8246170985734,269.8979872392264,274.3058166503906,1435550.0
2011-02-10,272.59874426618484,277.114959562608,266.9986538374945,269.3922424316406,1419850.0
2011-02-11,268.26314854564305,274.0168015636804,267.4140979915278,270.4761047363281,723085.0
2011-02-14,270.7922860061559,299.6599569973872,270.06970251030657,278.4066467285156,1046140.0
2011-02-15,278.921382488496,279.7072269264561,272.9690153841588,277.9458923339844,1145070.0
2011-02-16,274.6761703890653,282.31759757671904,271.3341606454871,272.9961242675781,1646025.0
2011-02-17,273.8633102422716,277.6027222237376,272.5355418248777,275.6427001953125,840775.0
2011-02-18,275.4891120026973,280.3666186366726,274.26071476716083,277.7201232910156,1772790.0
2011-02-21,277.7471774839541,278.9213821677286,271.6141507898273,277.7020263671875,904050.0
2011-02-22,276.6633773551648,281.6312148873095,273.50202619834533,280.140869140625,1035670.0
2011-02-23,279.2827762951494,288.13454760959,279.2827762951494,285.0725402832031,1978175.0
2011-02-24,283.25699081107643,284.5215254110571,265.58051990252955,270.9909362792969,3673425.0
2011-02-25,274.5858589572056,279.7975608963264,272.11999576100976,275.92266845703125,1016590.0
2011-02-28,277.11494011931285,281.54085285110347,273.68262776076983,279.2827453613281,887315.0
2011-03-01,278.21690860665524,287.2132290459881,276.4014088576104,285.8312683105469,1089600.0
2011-03-03,284.53964138964443,287.7190748543029,279.81569745290466,285.3074035644531,1215530.0
2011-03-04,286.5086074347822,289.2183356479809,282.71497691039184,283.9614562988281,658415.0
2011-03-07,281.9924661948368,292.9758764504887,280.9085636051718,291.6752319335937,1273410.0
2011-03-08,292.1088017278514,293.5539961449076,287.6558200326493,289.4984436035156,781380.0
2011-03-09,289.9410060727989,293.73463773891945,285.6144643388053,292.5513916015625,2767805.0
2011-03-10,290.6636658513965,291.51271670873894,286.4093978762761,287.2945861816406,1554855.0
2011-03-11,285.42478610958244,289.94100107967074,284.5395980521212,286.6080322265625,922615.0
2011-03-14,287.2312751481294,290.5732852874037,286.6893238330053,288.5680847167969,1300745.0
2011-03-15,285.40672579391133,289.0016152008833,274.7665246275127,278.2439880371094,2118405.0
2011-03-16,281.98349286940044,286.5448599396878,280.3666798458704,283.72674560546875,1790270.0
2011-03-17,279.1020843167948,279.1020843167948,273.6826263688958,275.78717041015625,1657985.0
2011-03-18,276.75364486949525,279.10208214157296,269.1664093145267,269.8438415527344,1293155.0
2011-03-21,272.59874026126954,275.1278373289844,270.2593440798668,272.7974548339844,730695.0
2011-03-22,273.8633074854197,278.0182035197141,273.1677926860584,277.024658203125,769550.0
2011-03-23,276.3923868457151,282.5344288608144,276.3923868457151,281.2427978515625,446790.0
2011-03-24,281.99250486169666,283.43767175969435,278.07240557826333,278.5782470703125,948255.0
2011-03-25,281.4505324421108,283.4286368744276,278.2440031606231,279.671142578125,1206890.0
2011-03-28,279.6440759397744,282.31766786137206,278.8040664522983,279.978271484375,1721120.0
2011-03-29,280.1859921849765,290.6635890288419,280.0053325574109,288.74871826171875,1894405.0
2011-03-30,292.2714171860661,297.10377373071105,291.9282079307662,295.25213623046875,1666415.0
2011-03-31,295.5411370213146,303.11029062679734,292.2894565279671,296.09210205078125,3840790.0
2011-04-01,296.9862299199864,299.6327523472373,289.2544735409327,292.27130126953125,1544305.0
2011-04-04,294.63787296147524,296.2275618722523,292.307490622086,294.3036499023437,1383760.0
2011-04-05,295.3604537715509,296.7514556756493,290.3203700834055,296.1462707519531,832685.0
2011-04-06,295.90244801691426,299.51542045286004,294.45725352957754,296.31793212890625,1277200.0
2011-04-07,296.62500329334244,296.8056629238906,293.1926908312438,294.2314147949219,555460.0
2011-04-08,293.5540098146047,297.1037486100435,292.13591152087326,294.4482116699219,1570820.0
2011-04-11,294.63785441249155,295.0081597563024,289.1280670336295,291.5939025878906,713180.0
2011-04-13,291.0248815516748,296.40820166821345,289.4532201176298,295.55010986328125,1423465.0
2011-04-15,297.1668859055834,299.85855941552734,295.55007354984235,298.837890625,1647550.0
2011-04-18,298.9733663328907,302.7669971128767,295.1797355529047,297.4920349121094,1403280.0
2011-04-19,297.16692215341953,297.95273908735,292.65070753102714,293.590087890625,886955.0
2011-04-20,294.4752514209755,303.75157399467,293.4274863097553,302.8754272460937,877160.0
2011-04-21,304.12192580877974,305.6935597909051,298.4314784319736,299.298583984375,855115.0
2011-04-25,299.8766631720016,302.3876775019949,297.58241833200293,299.1269836425781,555665.0
2011-04-26,298.7656422902007,304.7541470910965,294.1320293958393,303.4715576171875,774920.0
2011-04-27,301.8638407032661,305.31420823208475,299.8766949517659,301.0238037109375,563295.0
2011-04-28,301.46636306996845,305.11544458707755,298.43145255256246,303.3721923828125,1164600.0
2011-04-29,306.0186891937647,306.0186891937647,298.79274585917966,300.5811767578125,417730.0
2011-05-02,304.2122020993759,310.29103682772626,302.64960950121093,305.7928771972656,1907675.0
2011-05-03,305.5671243832141,306.38006521089176,301.1412387832408,304.0496826171875,1395680.0
2011-05-04,302.58642778499694,302.58642778499694,285.0635177784658,289.1913452148437,1433770.0
2011-05-05,289.0738443746932,292.4158263223535,284.0698713550998,285.43377685546875,801945.0
2011-05-06,286.508719525767,290.8442753371747,281.63118478194383,290.1939392089844,608660.0
2011-05-09,293.37331777100815,293.37331777100815,286.63513265409654,288.5048522949219,463390.0
2011-05-10,288.9835649749843,291.7474863244539,285.80415956746583,287.8364562988281,478585.0
2011-05-11,288.8119541051048,289.6881009324249,285.659644802845,288.83905029296875,1028995.0
2011-05-12,287.7280830681856,294.3036918384712,284.0428632899168,288.7758483886719,1284400.0
2011-05-13,292.1087582049639,303.1644704181201,289.6067852108516,298.36822509765625,3628115.0
2011-05-16,297.1850234178588,302.586426871608,289.3268252887244,292.3797912597656,2114860.0
2011-05-17,293.5449222737274,297.1940315692138,291.7474775947273,294.2494506835937,1183200.0
2011-05-18,294.4571860708841,295.902380227134,283.78084835301087,287.00543212890625,1636210.0
2011-05-19,288.13449823133726,290.84422705482945,283.62732477566044,288.8932189941406,1565450.0
2011-05-20,289.0377707698821,291.74749987084977,284.5215556016027,289.2003479003906,683115.0
2011-05-23,289.0377005103217,289.2002776013108,280.9265701164289,282.8956604003906,608515.0
2011-05-24,284.6118803625951,287.17708722483934,280.5653417203678,281.5137634277344,627740.0
2011-05-25,280.0685760080817,282.8957311334435,276.9343215569169,278.93048095703125,1075995.0
2011-05-26,280.41181439301795,282.8957327671829,275.8504204761317,280.0324401855469,1817965.0
2011-05-27,279.8246200748748,283.9524464584365,279.8246200748748,281.721435546875,778090.0
2011-05-30,283.25700530157883,288.2880753381185,281.81181101418946,285.325439453125,1112670.0
2011-05-31,285.78602930316293,293.23778273942395,285.78602930316293,291.9010009765625,1583975.0
2011-06-01,291.57584259186325,292.65070386370604,289.04677346093086,290.9255065917969,847665.0
2011-06-02,288.8571093499165,294.6378867813772,288.8571093499165,290.27520751953125,783075.0
2011-06-03,292.632739008562,292.632739008562,283.61836203705195,284.5848388671875,1664020.0
2011-06-06,282.7150323938366,291.6390768043657,281.8208307287219,290.3745422363281,754520.0
2011-06-07,289.9590133810267,292.470027432588,286.7976633668057,289.77838134765625,940160.0
2011-06-08,289.9410198862911,290.1216795227283,283.817033092219,284.9641418457031,741160.0
2011-06-09,286.8699885493144,286.8699885493144,281.81182212639555,282.462158203125,555150.0
2011-06-10,283.6183044507779,284.6389734599638,279.8246727920812,282.1911926269531,1033770.0
2011-06-13,280.8995538645715,281.54087629171096,276.7446577892864,277.60272216796875,1284275.0
2011-06-14,279.10204163944684,285.40668667811985,279.10204163944684,280.8904724121094,2613885.0
2011-06-15,276.7535994495829,284.5214933524804,275.1458283040237,281.01690673828125,5881265.0
2011-06-16,279.1201118161209,281.5498374291062,277.3859008795458,279.92401123046875,1731000.0
2011-06-17,277.65688201247826,281.33308749669527,277.65688201247826,280.6105041503906,997975.0
2011-06-20,280.0053029852415,280.9988757023399,269.1663880309741,273.8813171386719,1294835.0
2011-06-21,274.5858405864416,278.0181525678578,270.97286899977786,272.9961242675781,3271370.0
2011-06-22,275.8865299767337,275.8865299767337,269.5276918646969,273.59228515625,673420.0
2011-06-23,271.7045516294168,271.8942249601274,268.4438573064364,269.9974365234375,491630.0
2011-06-24,271.64128452874746,272.5987198807581,268.0012164280458,270.918701171875,1917755.0
2011-06-27,270.7922615856212,274.9291302859496,269.16643508418343,271.84002685546875,1222920.0
2011-06-28,274.170401972721,279.64405262773,272.77939996337574,278.7769470214844,5774335.0
2011-06-29,280.7279298918941,282.8505565797456,279.14725454888844,280.3666381835937,2713250.0
2011-06-30,281.1218104033724,281.1218104033724,274.9894821990434,278.7562255859375,3984185.0
2011-07-01,283.3054033296338,285.6709880372749,275.7719446715533,277.84637451171875,2702950.0
2011-07-04,278.42861652231767,285.2888028601299,278.42861652231767,283.6419982910156,1072325.0
2011-07-05,283.869478694865,286.5989929130848,282.95964062212505,284.6064453125,1218975.0
2011-07-06,284.59738139616064,288.76445595302386,274.9713053374038,278.2103271484375,4336515.0
2011-07-07,277.5006599501869,286.5808554748301,277.31868119789425,284.8339538574219,2860695.0
2011-07-08,286.2350981114878,286.39886232068056,281.1581854980479,282.0680236816406,974145.0
2011-07-11,282.2317976476904,284.233424864236,278.79261064380654,280.1846618652344,928915.0
2011-07-12,278.0100969971881,282.23175864395887,277.5096972037198,280.74871826171875,1370865.0
2011-07-13,286.6172285765017,295.3243870819429,286.6172285765017,290.38397216796875,5539260.0
2011-07-14,289.2740096632641,291.8761340385294,287.50892102807256,289.637939453125,1159140.0
2011-07-15,287.7090064359596,292.58572534702256,287.6908196696546,291.148193359375,1560965.0
2011-07-18,291.1482020033109,293.87771639709194,285.4435269160888,286.7900695800781,805790.0
2011-07-19,286.3807011911365,291.857917550934,286.3807011911365,291.0754699707031,1319150.0
2011-07-20,294.7876054079358,294.95136963597446,283.23264804015093,285.0614318847656,3121505.0
2011-07-21,282.0498206372632,284.5973562978869,278.45594891304324,280.2028503417969,1606020.0
2011-07-22,282.3045906315812,287.09942786566216,281.5949179586766,285.6618957519531,1434195.0
2011-07-25,284.9703812749196,290.9662109746192,282.04980877149086,288.9736633300781,1574155.0
2011-07-26,288.6006211679403,289.7925067120426,283.1870740278939,287.199462890625,979160.0
2011-07-27,286.962958512898,291.1482197246514,285.21608474354247,289.1738586425781,2230030.0
2011-07-28,287.1448929932431,294.5691747836951,284.15151804613174,291.83966064453125,5001755.0
2011-07-29,288.4186829809347,290.9480318346048,286.68088884618913,288.6097412109375,2764975.0
2011-08-01,288.41869296485464,293.4592040801243,286.78099540459993,291.2391967773437,1762650.0
2011-08-02,289.32846055052494,293.6956714901506,288.0546930069716,290.8660888671875,2733920.0
2011-08-03,288.23673337793423,288.96462060444907,284.97041754098865,286.63543701171875,1630445.0
2011-08-04,285.6891507749362,285.9984923833392,280.41210113455963,280.9761962890625,851945.0
2011-08-05,275.3170373993903,279.7115435690304,268.67520206005617,278.5378723144531,3373740.0
2011-08-08,273.4973843137835,285.67102457743243,272.7694970519904,281.3765869140625,3381550.0
2011-08-09,264.40803640663813,274.7529189073018,264.40803640663813,271.4046936035156,5483890.0
2011-08-10,274.589172267605,275.4990105160279,268.2203045286448,270.4585266113281,1221740.0
2011-08-11,269.3120385173297,275.3442686874989,269.04817773212585,269.89434814453125,1450545.0
2011-08-12,272.9514312701363,274.37988375763666,269.0846193271427,270.3856811523437,1011530.0
2011-08-16,272.22353448138136,276.04483733436683,271.61393081825844,273.42449951171875,1229375.0
2011-08-17,275.5899221648996,276.58164224404214,268.03827793932857,273.64288330078125,863545.0
2011-08-18,276.4088031146254,276.4088031146254,263.9895186279507,266.1549377441406,959075.0
2011-08-19,262.05163022548527,269.64878596218364,253.7630162272605,256.96563720703125,4243135.0
2011-08-22,256.96554515722977,265.67270166680623,252.2252968506148,263.9530944824219,1290885.0
2011-08-23,264.7628584487623,265.4907177435751,259.39481979287416,262.9795837402344,1144450.0
2011-08-24,263.48915392491364,264.7629218790236,260.5230724441541,263.4163513183594,591615.0
2011-08-25,267.67441464290386,271.09538745911897,263.36176261187194,264.9539794921875,3284205.0
2011-08-26,265.6727658364618,271.1317952714576,261.04169253103413,264.0714416503906,1511705.0
2011-08-29,264.2170296989238,272.369172874355,263.3344854608896,266.91925048828125,1675285.0
2011-08-30,269.67609912289174,273.31545276224534,264.06241168318496,272.2236633300781,1786640.0
2011-09-02,280.38485101843946,283.2690225707232,272.41465948119304,274.3799133300781,2654480.0
2011-09-05,274.5891707354993,274.5891707354993,268.4204685562536,269.5213928222656,1268790.0
2011-09-06,268.2294338605618,269.9945224289815,266.23688571132584,268.34771728515625,1640060.0
2011-09-07,269.6669367875549,270.8406079841694,266.24593653223224,268.06561279296875,1908495.0
2011-09-08,267.6744624967138,270.0218332999956,264.21705999314923,268.5570068359375,1507780.0
2011-09-09,268.4022406239741,270.2128095654184,265.7000203450159,267.0920715332031,1666415.0
2011-09-12,264.9449320028485,268.2203277681138,261.16908073189376,264.5536804199219,915350.0
2011-09-13,267.6925859224702,270.22193490963525,263.3071593048641,264.2261047363281,988435.0
2011-09-14,265.67270515988366,268.76614891332923,263.1888373384659,266.7463073730469,2400615.0
2011-09-15,270.0399651747715,270.0399651747715,264.9448934955201,269.0118713378906,1750085.0
2011-09-16,270.2128548959768,279.2839434233595,266.7645878956196,277.8828125,2281075.0
2011-09-19,275.68099459893153,277.86460088412684,273.2244201742991,275.74468994140625,727705.0
2011-09-20,276.4088006248438,280.9489115746849,274.98037592580107,279.7115173339844,1592225.0
2011-09-21,276.5907766861096,281.30373128289483,276.2541410386328,278.5560302734375,1242580.0
2011-09-22,276.9546985863907,277.80084131429146,271.2227299422226,273.6701965332031,1320890.0
2011-09-23,272.1416164834849,277.1366457206678,269.33022054385015,270.49481201171875,1967185.0
2011-09-26,271.8323518126444,272.5875330754003,267.86547054757307,270.185546875,1069310.0
2011-09-27,270.0400015611336,275.00773876686554,269.13927051183646,272.76043701171875,1091145.0
2011-09-28,274.77116724102297,274.77116724102297,268.14754551221296,270.9862365722656,1198760.0
2011-09-29,271.31374231683367,273.7429945825028,269.221097951687,271.1590576171875,1608050.0
2011-09-30,271.9597449669853,272.423771343121,268.0292372029222,269.88531494140625,1033440.0
2011-10-03,268.47505573950906,268.47505573950906,263.4982394542616,265.70916748046875,1186890.0
2011-10-04,264.5809340514808,268.2202868046844,262.17897567271655,264.1806030273437,1217170.0
2011-10-05,264.2352591820338,272.22363858358887,263.853114867572,270.20379638671875,1152405.0
2011-10-07,272.2235355166253,277.50058470960033,272.04155681367376,273.52459716796875,1574180.0
2011-10-10,276.044872918099,276.044872918099,271.02257662132234,274.7802124023437,1720960.0
2011-10-11,276.39967614528496,277.50057228049377,271.62302695029285,274.3707275390625,694155.0
2011-10-12,275.6809851137315,279.3203380525266,274.7711468790327,278.465087890625,1312610.0
2011-10-13,278.4923340970714,279.1383113582669,271.13174737443694,273.62469482421875,779050.0
2011-10-14,274.5891024944757,277.8645249097248,272.76034696075345,277.1912536621094,1187945.0
2011-10-17,277.50063502451417,278.4286599393075,273.13342302235435,274.5891418457031,1090110.0
2011-10-18,273.47910505339826,275.88109079974123,271.4956647958005,272.5146789550781,1488585.0
2011-10-19,275.13505863711543,276.95473498758054,272.4055441114177,276.2814636230469,1141050.0
2011-10-20,274.9530578600611,278.01920751266067,274.279758851423,276.872802734375,1001795.0
2011-10-21,277.5643377876053,282.95967148355044,275.13505765137256,278.4377746582031,1525315.0
2011-10-24,282.0498825395495,282.9506136018746,279.99363902686315,280.92169189453125,1486595.0
2011-10-25,282.91424209215603,289.29218995575826,281.3766130808215,287.4270324707031,4071205.0
2011-10-28,293.37727788396774,306.5608217840896,293.37727788396774,304.104248046875,2474330.0
2011-10-31,300.61956949444186,304.7957224794732,299.70062425197915,304.0132751464844,1520000.0
2011-11-01,299.3549495693759,301.6022509964912,291.1482191381987,292.9678955078125,1289480.0
2011-11-02,291.69403423747883,300.5558464358889,290.8387843962223,298.1811828613281,977275.0
2011-11-03,297.50797284673376,300.06461587046147,294.9786238573284,298.48150634765625,1645080.0
2011-11-04,298.0629983698827,301.1291486458487,290.1109936610702,295.1424255371094,1613615.0
2011-11-08,292.0671215002856,296.9438401236629,291.330154900604,295.35162353515625,639780.0
2011-11-09,296.97117564494283,296.97117564494283,291.1482168609357,292.2309265136719,497470.0
2011-11-11,294.7875513761554,296.1250145254488,291.8942728135392,294.6783752441406,1092465.0
2011-11-14,295.69736573601705,300.7833570947501,295.69736573601705,299.3458251953125,3535070.0
2011-11-15,300.23750588292523,300.97447262119124,292.07625592392526,293.6593933105469,1070960.0
2011-11-16,294.4235990730094,296.425226127047,291.93062393052224,293.8139953613281,1337345.0
2011-11-17,294.4054093093236,294.4054093093236,280.43030898771565,282.3591613769531,1706440.0
2011-11-18,281.32198787121314,287.49068987333044,281.1400091213454,283.15985107421875,2683970.0
2011-11-21,283.35996166943534,285.32521516963817,273.9795336893632,278.48321533203125,2169695.0
2011-11-22,280.0299874600136,284.7338629590017,274.60735980699275,280.0572814941406,1778055.0
2011-11-23,279.32029640528697,283.83308560203005,272.9514297120068,278.9108581542969,1693950.0
2011-11-24,276.9547800698928,292.05810179046244,275.86299074152834,287.2905578613281,2584955.0
2011-11-25,282.7776315860036,284.7792862378661,278.95632874979094,280.1936950683594,1121250.0
2011-11-28,284.76119128070627,284.76119128070627,280.4121654677691,282.35009765625,1412950.0
2011-11-29,283.6875252789808,291.8214805961137,282.41375741673494,290.2201843261719,2278500.0
2011-11-30,285.87111572861056,289.3284890829289,284.40626208452886,287.05389404296875,1899605.0
2011-12-01,290.78431820892246,290.78431820892246,279.520515923181,281.3310852050781,3170305.0
2011-12-02,280.04818809244665,288.31864180116463,278.6561367509309,287.0357666015625,1287065.0
2011-12-05,285.68913566886084,288.3913556742052,282.4319278040943,287.4542236328125,1579090.0
2011-12-07,285.87114262103364,291.9124531771375,280.23924255100496,282.9232482910156,2321385.0
2011-12-08,280.7761120803851,285.50725470117976,279.9390486060106,282.9779052734375,1604690.0
2011-12-09,279.5023092065685,291.1482271876512,279.5023092065685,286.135009765625,2872270.0
2011-12-12,287.8727658222248,288.2366955046338,280.5940611098244,285.4617004394531,1844475.0
2011-12-13,285.1432845330584,294.2507737429052,284.8521296470359,291.1300354003906,3448835.0
2011-12-14,292.0579451638962,294.05049224470935,287.0447298056985,288.3094177246094,1710585.0
2011-12-15,286.4170045395289,289.61965221791536,285.91660472280773,288.4459533691406,2733950.0
2011-12-16,288.43682613568063,298.24487843964056,287.9091323248705,292.1125793457031,2787865.0
2011-12-19,292.11265496151674,292.11265496151674,284.6883717983692,289.3285522460937,1816525.0
2011-12-20,289.3285519638192,290.6933092844032,284.2607464495296,285.316162109375,1648375.0
2011-12-21,285.69829202544133,288.60067800271315,282.4137618005353,284.806640625,1840825.0
2011-12-22,282.77768149940835,288.1002401470344,281.2218660616906,286.271484375,1131425.0
2011-12-23,286.05314982235745,291.68505099966893,286.05314982235745,289.2557983398437,1233255.0
2011-12-26,292.0580608421202,292.3855892648894,286.6991005413279,288.25494384765625,582865.0
2011-12-27,289.69247540722057,289.69247540722057,286.6536191712837,287.5361633300781,537955.0
2011-12-28,287.8637396521402,289.1284003918634,283.1416768738726,285.1069030761719,505470.0
2011-12-29,284.77933144106123,288.0820482578508,284.2516375487462,285.53448486328125,1960560.0
2011-12-30,286.92653046345686,289.1192436207789,284.7793258708592,287.13580322265625,580245.0
2012-01-02,288.4095759612987,289.3285213450482,284.95220222145946,285.61639404296875,476065.0
2012-01-03,287.1904169139819,293.31363788142187,286.70820378762875,292.2491149902344,885880.0
2012-01-04,291.5121286750385,292.1217324337165,287.1903975964362,289.546875,1252290.0
2012-01-05,291.4757903792216,291.4757903792216,285.74382007924834,287.80914306640625,1202550.0
2012-01-06,287.508869365197,294.6055961734843,285.7073797449126,291.248291015625,1908765.0
2012-01-09,292.05804900740867,294.03241002929025,289.46500470132776,291.1573181152344,1364655.0
2012-01-10,292.42196127558987,295.9612448303159,291.69410189830626,294.4418029785156,1759030.0
2012-01-11,295.4881230004099,301.33840334812663,293.7685433525974,300.383056640625,1957955.0
2012-01-12,300.61050066850845,303.840442561456,299.1911554633223,301.611328125,1157810.0
2012-01-13,300.7924599061622,303.339995297588,297.77179096629067,302.20269775390625,1175035.0
2012-01-16,300.2466134812955,300.2466134812955,296.2251163200256,299.0092468261719,625585.0
2012-01-17,299.455016062196,300.8834685323957,295.1605791515822,299.3549194335937,1316560.0
2012-01-18,299.3367328433046,304.7957614057965,298.426894749556,302.5302734375,1432150.0
2012-01-19,303.5220198318413,310.04554397822614,301.15643503065485,309.3995666503906,1740685.0
2012-01-20,308.25315288370683,308.25315288370683,296.98937995513484,299.3640441894531,2139875.0
2012-01-23,298.4177999108808,301.6932227379896,296.8165036801158,299.84625244140625,885210.0
2012-01-24,302.43026491669315,302.43026491669315,298.06305190080934,299.518798828125,894730.0
2012-01-25,300.2829744203718,301.32928268258536,296.24329103344775,300.0918884277344,2354845.0
2012-01-27,301.15640988742445,303.3400157654213,279.27481477695056,299.4550170898437,4027390.0
2012-01-30,298.4268876797049,302.4847577071959,295.9248329811708,301.3565673828125,1000555.0
2012-01-31,302.1117903237073,310.2548540511214,300.2466329526982,307.4798583984375,2132565.0
2012-02-01,308.253188274086,309.1266529864439,303.3582818081219,305.0505676269531,1004510.0
2012-02-02,305.523592507731,307.989273505228,291.3301417712557,296.8983459472656,3259610.0
2012-02-03,300.7924857076521,306.06953565657085,297.5807582794402,304.0223999023437,7813175.0
2012-02-06,307.52527056765825,308.4351086462608,298.14484219855046,299.7188720703125,3614450.0
2012-02-07,305.1597177822275,305.1597177822275,296.6072445061214,297.2623291015625,2315555.0
2012-02-08,297.1531363524709,297.1531363524709,289.69245264178045,295.0968933105469,3808080.0
2012-02-09,293.00431859507427,299.3367850576636,293.00431859507427,298.1630859375,2017690.0
2012-02-10,299.33676629024654,299.33676629024654,293.87773711778004,295.1424255371094,3346345.0
2012-02-13,294.9695258897613,298.0811566719208,293.8777090531108,295.99761962890625,1782070.0
2012-02-14,295.3334830886442,295.9612736632851,292.9678982329306,293.086181640625,1599815.0
2012-02-15,293.33178058923727,295.69736506295163,292.967850923909,294.8330078125,2149015.0
2012-02-16,294.9694824239138,300.57405991241575,293.8958525118608,295.0877380371094,2143425.0
2012-02-17,295.8975919251488,298.59070532650526,293.6957711791757,297.50799560546875,1934265.0
2012-02-21,297.69904366948447,302.0662555346474,296.698216185285,300.1282958984375,1920755.0
2012-02-22,300.2466209041979,302.9761356396906,298.4360516814602,299.6825256347656,1414250.0
2012-02-23,297.5171023659897,301.0290646197268,293.8777494318491,296.67095947265625,1556460.0
2012-02-24,297.517056635368,300.4194423755112,295.1605793046475,296.4798278808594,797205.0
2012-02-27,293.5137515027349,299.3367092913624,293.5137515027349,296.6163024902344,1225400.0
2012-02-28,297.6990988288414,301.1291791775384,297.225965148979,299.89178466796875,726110.0
2012-02-29,302.0662140583167,302.0662140583167,294.7875101051042,298.9181823730469,2492760.0
2012-03-01,296.78922875977213,307.34332955360514,296.68913212049654,303.4674377441406,1577545.0
2012-03-02,304.4318886942582,314.4401095984767,303.8768729148547,305.1870422363281,3187355.0
2012-03-05,306.6154077960431,308.4350838067021,303.8858937800546,304.7047424316406,1089040.0
2012-03-06,304.0679207693347,310.9826684949636,302.33012657129126,307.3888244628906,1189810.0
2012-03-07,304.4318517536263,310.4185745873644,303.8859433082444,308.02569580078125,1440875.0
2012-03-09,308.89911405635354,311.16460183369,308.89911405635354,309.7543640136719,1478090.0
2012-03-12,309.8909129245216,311.164680918931,307.54351469491166,308.8446044921875,872540.0
2012-03-13,308.4351528695504,311.16466749671457,308.0075278006523,308.5534362792969,935100.0
2012-03-14,310.2730075548263,312.82057113001343,304.76849764728786,305.5236511230469,1401985.0
2012-03-15,305.21428718222023,309.3449600109801,304.79576942258336,305.87847900390625,1246955.0
2012-03-16,308.799073415679,310.98267949925395,303.7403753450749,305.72381591796875,860780.0
2012-03-19,306.797431378111,306.797431378111,300.9380715454692,304.7957763671875,658370.0
2012-03-20,305.1688109186037,306.56086214870146,301.4293617610116,304.9777526855469,867035.0
2012-03-21,305.4417162174135,306.43343633474746,302.3573797447588,304.9595031738281,786080.0
2012-03-22,305.7056015461238,305.88758027251384,300.5468073029686,302.96697998046875,1025875.0
2012-03-23,301.4020982396784,304.6138260573156,299.5278337209472,303.139892578125,818945.0
2012-03-26,303.34002725923875,304.24986539004993,298.7908366051828,302.7213439941406,879595.0
2012-03-27,304.841298064952,306.97942353027486,301.98442036541906,305.8876342773437,1326700.0
2012-03-28,306.61545865370954,312.80234700973546,306.26060844506765,309.1629943847656,2152525.0
2012-03-29,309.69975134774376,311.8924363605134,308.1621229997995,310.5276794433594,2525865.0
2012-03-30,311.5285714016646,323.7203968390939,309.72710966735343,321.1273803710937,2868225.0
2012-04-02,322.8106053767552,322.8106053767552,315.2589588822481,316.3052673339844,1262710.0
2012-04-03,318.4432988222689,319.1620786141052,306.77008954250414,308.0802307128906,3071625.0
2012-04-04,309.4086245840706,313.1025647533415,308.5624818825992,311.6286315917969,1645500.0
2012-04-09,310.2183934956046,319.89908429138336,307.93471872568955,318.5980224609375,1960690.0
2012-04-10,318.4433704290151,319.4441980035751,309.363175185001,312.0290222167969,1322010.0
2012-04-11,311.89255665569254,316.4417481341365,309.93640987317394,315.14068603515625,2024860.0
2012-04-12,314.80404494211905,315.16797470097873,307.2523983230532,308.0985412597656,2512485.0
2012-04-13,310.9826672041805,316.44169608031746,309.5269483833893,315.7138366699219,1237755.0
2012-04-16,314.54014292885915,320.9908921597358,312.5748891687722,320.1629638671875,1469765.0
2012-04-17,327.3233689041632,327.3233689041632,316.6145565279727,320.3721923828125,1005815.0
2012-04-18,320.2721323052276,324.17531793132605,318.8072784625819,321.5640869140625,829015.0
2012-04-19,323.35646370608816,329.90730930510193,322.3101554167327,328.7154235839844,1138640.0
2012-04-20,326.1132613533636,330.42591279964006,322.1372733253378,326.2861328125,837750.0
2012-04-23,327.5417098149484,330.1256466382286,322.31014083873737,323.5748291015625,599010.0
2012-04-24,324.26629974924504,326.80475587333063,319.5442376948524,320.89080810546875,950180.0
2012-04-25,324.0844002632805,325.9131562902912,317.53355366575767,324.2299499511719,1282365.0
2012-04-26,323.9023698941388,326.08597582336006,320.30849822287985,322.8469543457031,1451740.0
2012-04-27,323.2200236986721,325.70389200464984,320.4814018048549,324.0843811035156,756310.0
2012-04-30,324.75763677529505,325.7220630087291,315.7502444967009,320.7998352050781,982720.0
2012-05-02,321.03641033939994,324.0388652547833,318.27960173911083,320.2357482910156,672465.0
2012-05-03,321.34575823659503,322.0827249622579,316.487225547905,318.0157470703125,1247850.0
2012-05-04,318.44337213782563,320.67248684921384,315.7138575195014,318.0157470703125,1094085.0
2012-05-07,316.62363208829,317.71544882260184,310.80067429275044,312.147216796875,818250.0
2012-05-08,312.9751972013475,314.8403819544638,308.4351139955187,311.0736389160156,670140.0
2012-05-09,311.13734703809484,313.8850482003136,305.5691421141229,306.4334716796875,1123100.0
2012-05-10,309.1629741712036,312.2564459130175,305.88757923572683,308.9173278808594,1254795.0
2012-05-11,309.3449353925423,312.07444952835885,299.2730215675264,302.1208190917969,2944900.0
2012-05-14,306.4152823699842,308.4169373497286,300.61051069478145,304.24078369140625,1328370.0
2012-05-15,303.88592713593624,303.88592713593624,297.50795313336465,301.9479675292969,1218565.0
2012-05-16,300.06461565522443,305.4144685070067,296.83470127649315,302.6940612792969,2580805.0
2012-05-17,304.43183619597465,306.8610883929972,300.62871957206124,302.666748046875,1383655.0
2012-05-18,298.1266445113999,303.35821327171493,298.1266445113999,302.1208190917969,1851710.0
2012-05-21,302.97605111311435,304.30440680596257,300.2465371391223,300.77423095703125,1200350.0
2012-05-22,302.0662509255414,308.6989784869261,299.38221740878686,301.9479675292969,1281305.0
2012-05-23,300.24657959584255,306.1969286750558,299.9008366676784,304.7593688964844,671110.0
2012-05-24,303.5220471381059,312.4566654577266,301.1564621241004,310.6187744140625,1041250.0
2012-05-25,309.3631431645384,310.02733497846737,304.4045421407303,307.91650390625,1020510.0
2012-05-28,306.0877722636564,309.89088918637515,305.3325910264212,308.799072265625,319710.0
2012-05-29,309.3267640410925,310.7824827732232,307.1613449428738,309.517822265625,982225.0
2012-05-30,310.25479149524887,310.25479149524887,303.35823092775604,306.3424987792969,973935.0
2012-05-31,304.4318274070271,307.48887003099094,303.8040369099533,306.724609375,2011375.0
2012-06-01,307.14308038251755,307.14308038251755,297.23495962799274,300.2465209960937,1540595.0
2012-06-04,296.7891707954486,299.4276954785906,291.3392222194461,295.1605529785156,1622750.0
2012-06-05,294.6055750586904,295.3971575543939,290.4203418782076,294.49639892578125,1498840.0
2012-06-06,293.14990111185614,298.24497320077813,291.3848126503151,293.96875,3380665.0
2012-06-07,295.5154252610803,295.5154252610803,292.421981049361,294.2689514160156,2848595.0
2012-06-08,290.638755579395,296.42531397519383,290.638755579395,295.0150756835937,2142670.0
2012-06-11,295.4426108354155,298.1357236718632,291.7122693008314,293.0770263671875,1225980.0
2012-06-12,291.111818287262,291.1300328212634,284.41542256441807,287.8363952636719,2150520.0
2012-06-13,287.5088378625342,289.32851405153764,284.77932357902915,285.4798889160156,1092915.0
2012-06-14,287.3177766464478,287.50883486980894,280.78511809372327,282.9869384765625,1215590.0
2012-06-15,282.44105515004173,288.8736176462063,281.3219719763662,287.3814697265625,1663925.0
2012-06-18,288.94636128162983,289.1920353301484,279.502265463745,280.7942199707031,1514670.0
2012-06-19,280.23011762807147,282.5593008000595,277.75535703707754,281.4584045410156,3275810.0
2012-06-20,281.1035606997506,291.85785328853103,281.1035606997506,289.6196594238281,2770535.0
2012-06-21,286.96289314530475,290.78422376514885,285.652724233704,288.6188049316406,1670265.0
2012-06-22,285.6709893710567,289.31034193332533,285.6709893710567,288.2458190917969,1162600.0
2012-06-25,286.598997856621,290.22016344436696,286.598997856621,289.3739929199219,2060640.0
2012-06-26,289.3740214392432,292.78591460712954,289.3740214392432,291.3119812011719,1650535.0
2012-06-27,292.60399800957134,293.85957928544263,291.1482512003574,292.86785888671875,1204505.0
2012-06-28,294.02408671636584,297.64892677196866,293.6570210411276,295.7676696777344,1653275.0
2012-06-29,297.69482576948417,303.49455916850985,297.52965040183733,302.4942932128906,1394160.0
2012-07-02,300.2643421478252,302.8154866267232,298.97957016128447,301.73260498046875,1338475.0
2012-07-03,303.2467006365692,307.4221242564358,303.2467006365692,306.2474975585937,2349610.0
2012-07-04,306.8715422244137,308.9638471121022,298.62162530408307,301.4205322265625,2611905.0
2012-07-05,299.20892126548506,300.5762806230881,296.5293170042628,298.88775634765625,1898745.0
2012-07-06,299.5760776788743,301.1636431373204,296.2265296423941,299.9706726074219,990230.0
2012-07-09,298.2454067576097,302.28318512495736,297.32772858297096,301.03515625,1006955.0
2012-07-10,302.79711815159294,306.32099939458374,301.2278961305286,304.2929382324219,1194650.0
2012-07-11,304.8985351331112,305.3849033842171,299.86964928737814,301.8702087402344,1465870.0
2012-07-12,300.2642600205741,304.4672130392781,300.2642600205741,302.7419738769531,578485.0
2012-07-13,305.5684523955176,305.5684523955176,300.8148587312039,302.2097473144531,809170.0
2012-07-16,303.4027708836579,311.0929189055969,299.2456896361941,307.4864501953125,1556940.0
2012-07-17,310.175286249437,315.64464144358806,309.6797320926374,312.8457336425781,1921760.0
2012-07-18,314.0294502421456,314.7268665394752,304.9994732884296,306.9541320800781,1329485.0
2012-07-19,309.4411188617339,311.5517676466088,301.4664925834616,303.6689147949219,4390870.0
2012-07-20,300.9984203288898,300.9984203288898,293.2532148336604,295.71258544921875,5668400.0
2012-07-23,294.04243334167074,299.8880384416618,291.9134133978599,299.0529479980469,1564605.0
2012-07-24,300.00734357446555,300.76900409239204,294.35444298969634,298.6399841308594,1737290.0
2012-07-25,299.8972212312372,299.8972212312372,292.372276877898,296.5385437011719,1099260.0
2012-07-26,296.4100358078551,302.55849047720244,295.48317193542414,297.8783264160156,3225475.0
2012-07-27,299.20896656767064,300.4478377414657,295.6759278941327,297.57550048828125,1419115.0
2012-07-30,299.16309820786336,300.8149077933875,295.5382580550586,298.27294921875,2561665.0
2012-07-31,300.96170978638946,300.96170978638946,293.8956050328798,296.4008483886719,1817965.0
2012-08-01,296.4100531257129,301.5123415830554,296.4100531257129,300.255126953125,1014285.0
2012-08-02,300.4478769987187,302.8338462367999,297.14422943870784,302.2832336425781,860365.0
2012-08-03,301.879419545204,307.97281637129095,301.8243610924046,307.1377258300781,1601360.0
2012-08-06,308.67022014793406,309.22083265871976,303.2926394388616,304.3112487792969,690975.0
2012-08-07,305.7703321066204,307.3762686659928,299.300685164248,304.5406188964844,809720.0
2012-08-08,301.91613397241605,306.1374593797807,301.4756383454967,304.18280029296875,754715.0
2012-08-09,306.11905552924736,306.11905552924736,301.91610205399485,302.7144775390625,873925.0
2012-08-10,302.7970750516893,303.6780662410264,300.6221823133106,301.85186767578125,824020.0
2012-08-13,301.9161500162761,301.9436792440892,299.91561811434434,301.0260009765625,887320.0
2012-08-14,303.2008415067355,303.2008415067355,299.1630634296072,302.035400390625,1291560.0
2012-08-16,302.329020965044,306.375956202158,300.6313111051829,304.4121398925781,1013845.0
2012-08-17,305.5685394600679,308.3399179261797,301.5858188808265,306.3210144042969,1381120.0
2012-08-21,304.7058738571919,305.7520124303688,301.2737383851386,304.65997314453125,1209145.0
2012-08-22,304.0818320907272,311.27645375671403,304.0818320907272,307.62408447265625,1786020.0
2012-08-23,309.78980827974414,313.3412465969416,306.8715981945904,307.431396484375,1181135.0
2012-08-24,307.97279253311297,308.79869726649235,305.1646996364342,307.8076171875,702435.0
2012-08-27,308.248021599412,311.6434412583434,305.60510459002023,306.7063293457031,852770.0
2012-08-28,306.96330896787487,312.0105382633108,305.96304324996225,311.13873291015625,768735.0
2012-08-29,311.64349692485007,313.47885317528466,307.6148765125956,309.743896484375,1096930.0
2012-08-30,309.80817272875413,312.4694339661692,305.9539130019345,311.2214050292969,2152455.0
2012-08-31,309.25752672812206,312.53364434084955,306.13742671827794,307.8993530273437,999395.0
2012-09-03,307.43134760293344,308.7160913350183,305.08209391988885,306.54119873046875,1075010.0
2012-09-04,307.0551115231287,309.56035492419625,306.0089450000304,308.5600891113281,948805.0
2012-09-05,308.2022215135827,310.16603825066323,303.60464488261954,307.6883239746094,891255.0
2012-09-06,306.55036309269,307.9085367847102,305.58681227413126,307.1835632324219,570135.0
2012-09-07,309.44106916640845,312.37762230831447,308.5692637618333,312.0289001464844,1397995.0
2012-09-10,318.4343588495069,321.1873936522404,314.0753870785122,315.06646728515625,2918335.0
2012-09-11,315.6812786243192,318.2507662016938,314.3598198687225,316.7549743652344,855960.0
2012-09-12,318.43426518246906,327.7486912574937,317.70013398647785,324.7478942871094,2348020.0
2012-09-13,325.7757002675692,329.81347799376704,321.9581563066134,326.47314453125,2092620.0
2012-09-14,333.1171707349785,333.1171707349785,319.2694107171292,320.728515625,2336275.0
2012-09-17,322.34361167088633,322.8391376707661,305.0361885016919,306.59625244140625,4547310.0
2012-09-18,309.257540958199,309.99167228653755,304.6691501427955,307.7250061035156,3312715.0
2012-09-20,307.2386013363556,308.7436067877556,304.30204836617605,305.5959777832031,3871520.0
2012-09-21,307.05512953544513,312.8732059289733,300.8149010085442,301.6775207519531,4114030.0
2012-09-24,302.34740806312425,307.27533503364583,302.34740806312425,305.7244567871094,2752645.0
2012-09-25,306.9174656341263,307.4221774098376,302.7144840629799,303.75146484375,1438160.0
2012-09-26,302.8337730379713,303.52203161305766,296.9606387982976,297.979248046875,2611980.0
2012-09-27,297.0064928725887,300.8882810745179,296.64861299875326,297.8415832519531,3394290.0
2012-09-28,299.1538776868201,303.19168376926183,298.0618384970661,302.035400390625,3886335.0
2012-10-01,302.8337946326172,304.1185384633289,300.63137263635207,302.1822509765625,1163095.0
2012-10-03,303.2467849947412,311.82705411707514,302.28320604150616,308.91802978515625,3086630.0
2012-10-04,311.2764283370657,316.9476723760909,310.744159346489,315.7179870605469,3195915.0
2012-10-05,317.49826296175814,318.0763766108737,280.3598310245985,311.5149841308594,2374225.0
2012-10-08,311.092852813814,314.5800181329064,307.6056874947216,312.3684387207031,1222865.0
2012-10-09,313.84591696520914,318.415964083633,311.29477291242966,313.4788513183594,1252410.0
2012-10-10,312.7630957056244,313.2494640389699,309.8081707354921,310.4872436523437,876805.0
2012-10-11,310.5239177434893,317.5166203347514,308.7436200017653,312.460205078125,1770665.0
2012-10-12,314.01108979931865,315.31420504134576,307.62405797810453,309.0648193359375,817125.0
2012-10-15,311.046989393142,312.9098747332563,309.31256441856385,312.23077392578125,1152190.0
2012-10-16,315.3141852452558,315.3141852452558,309.0647999321972,310.40460205078125,825765.0
2012-10-17,313.82758697005534,313.82758697005534,308.40410568846045,310.3587646484375,747500.0
2012-10-18,311.2764634349591,313.57065898502424,309.2575601487751,311.21221923828125,822415.0
2012-10-19,311.64342763043874,314.7635269613557,310.3586841418621,312.8272399902344,1276245.0
2012-10-22,312.87320163005603,317.8745589243788,312.87320163005603,317.2872314453125,1218385.0
2012-10-23,317.13117603522034,321.33415729108026,316.6998662208471,317.7368469238281,1075685.0
2012-10-25,317.3330718432393,318.8380773511289,309.3033885677999,311.0010986328125,2070140.0
2012-10-29,308.7712218457769,312.88243075329456,308.5326165236602,311.5885009765625,545370.0
2012-10-30,312.96491971518464,319.1684040854433,312.1114578727315,316.4704284667969,3263090.0
2012-10-31,318.6178823590442,327.0605049989525,318.6178823590442,322.3803405761719,3415465.0
2012-11-01,324.3074318723495,325.16086577600447,322.8024543653431,323.9587097167969,2669325.0
2012-11-02,324.12392159997603,327.1522481790309,324.12392159997603,325.71148681640625,2568295.0
2012-11-05,323.0226853958631,332.73170719707167,322.4904444297643,329.9236145019531,2840390.0
2012-11-06,327.6111494339947,330.7679649910951,326.42733659875233,327.9139709472656,986640.0
2012-11-07,327.97816522218704,332.1994903134205,325.3169041881425,329.2812805175781,1252530.0
2012-11-08,327.97821180972954,330.832205824503,324.6654066600806,326.1336975097656,943325.0
2012-11-09,326.8769210050242,328.5287302342453,323.51821610065133,324.6469421386719,681385.0
2012-11-12,324.4909846746735,327.5927411613743,321.279111295834,326.1060791015625,883830.0
2012-11-15,321.7012141429765,323.4356390955803,314.21295791353333,315.98406982421875,1010725.0
2012-11-16,314.0386742921184,327.6019580611103,314.0386742921184,322.45379638671875,2151125.0
2012-11-19,321.4259822595233,325.7390530898049,316.617329343697,318.9849548339844,1417720.0
2012-11-20,320.2696916012192,323.89453169109584,315.78223176345267,319.0675354003906,1132845.0
2012-11-21,319.8841981225638,319.8841981225638,316.6998542109009,318.6361694335937,857490.0
2012-11-22,320.07695950998,321.1873421943641,316.782498417824,317.5441589355469,420795.0
2012-11-23,315.6812630740376,321.1506166509257,314.9104168387966,319.902587890625,610515.0
2012-11-26,318.98493159149467,325.75740084164704,318.98493159149467,322.9768371582031,1362790.0
2012-11-27,323.98623713418,329.44643294925226,323.98623713418,328.0791015625,836795.0
2012-11-29,330.54767467231125,335.3012406794522,328.78572033480714,331.933349609375,3564640.0
2012-11-30,330.9147905573102,335.8702476261404,327.7029166046012,333.9247741699219,3776555.0
2012-12-03,334.44777436039215,339.3573294918728,334.44777436039215,336.0537109375,1703045.0
2012-12-04,336.2464341777014,338.71499049388285,334.08069931055763,336.1913757324219,1091915.0
2012-12-05,338.2562009275524,338.30207363689146,334.5212438129534,336.3290710449219,2340580.0
2012-12-06,338.2377997133099,339.54091500675537,332.9795218448499,338.90771484375,597900.0
2012-12-07,339.3574161133113,339.51343374296243,335.888593341549,337.5954895019531,1520500.0
2012-12-10,338.80677093275744,349.6445472200105,336.4575172010525,345.7352294921875,1482200.0
2012-12-11,347.8000125236928,351.562498471318,342.2480710193057,345.2672119140625,2770415.0
2012-12-12,345.0285977882465,345.94627582353115,341.21105380082486,343.8815002441406,1329255.0
2012-12-13,344.6798987537024,348.3138961754854,339.008654836843,339.8988037109375,1530735.0
2012-12-14,340.6879572508784,342.0552885081793,334.9524697550723,335.8793334960937,1334575.0
2012-12-17,336.2188967620518,339.8161791241185,336.0812506522071,338.4947204589844,1343460.0
2012-12-18,338.85267829509786,341.4221660753038,335.11772126736,337.52203369140625,2372140.0
2012-12-19,335.8702295847649,341.41301389262514,335.72339770846145,340.045654296875,2269810.0
2012-12-20,338.11856735844674,341.4130289634788,337.3568787168318,338.7701110839844,1444610.0
2012-12-21,338.9903551347969,339.1555305059201,332.5666070970302,334.21844482421875,1231405.0
2012-12-24,334.44781252479703,337.70555875083824,332.38303669004324,334.4661560058594,1103925.0
2012-12-26,334.4019638259881,337.33854556095474,332.56660724296364,333.8238220214844,1089730.0
2012-12-27,336.7511885761938,340.34849948681875,334.78737176678203,335.6775207519531,2309020.0
2012-12-28,335.44807556610186,337.3384902964944,333.7778946278904,335.23699951171875,938740.0
2012-12-31,335.50317834497696,336.20059478080645,333.3007561162118,335.8243713378906,565450.0
2013-01-01,336.16384609615807,337.70553857271494,334.2367164978056,336.9255065917969,931830.0
2013-01-02,338.11853777290264,340.04563955320333,336.65940481706315,337.283447265625,962245.0
2013-01-03,339.3573762350174,347.15764068395123,337.9074570480249,345.4691162109375,2923970.0
2013-01-04,345.0470381142241,347.80007299279504,344.12935982136713,346.7630920410156,2016035.0
2013-01-07,347.799976557274,350.002398248395,343.5235935376475,346.4418029785156,2513980.0
2013-01-08,346.6988083498507,352.70961728661734,345.58842558345697,350.2135314941406,1850785.0
2013-01-09,349.6812504032658,353.673155985915,348.001911698868,350.7182312011719,3035875.0
2013-01-10,351.4890611934584,352.91147907355327,347.54305650481024,350.5622253417969,2314110.0
2013-01-11,351.47065708007085,351.47065708007085,345.2120867000864,348.6900939941406,2931185.0
2013-01-14,348.7360101277585,352.186488633136,348.71766664826833,351.11279296875,2259425.0
2013-01-15,351.6542273675132,351.6542273675132,348.18540558296263,349.1489562988281,2401685.0
2013-01-16,349.6353666604126,358.64697259587496,349.6353666604126,354.2054138183594,1724570.0
2013-01-17,355.1413971367161,357.52736561259854,353.3152268211492,355.7837829589844,1265955.0
2013-01-18,355.13231824904705,355.13231824904705,345.4324798503651,347.0934753417969,1787505.0
2013-01-21,347.0658635270748,353.8383042811899,346.9740901173594,352.9022827148437,970620.0
2013-01-22,352.7463270005617,352.7463270005617,349.1306727519714,351.0027160644531,2296625.0
2013-01-23,353.104180072256,354.66424405266287,350.6906821755937,352.8105163574219,1552885.0
2013-01-24,352.9389943530675,356.71982355307625,349.29581126367805,355.1781311035156,5145985.0
2013-01-25,355.3249947854841,361.5651950719088,355.2148498818098,357.0043334960937,2161010.0
2013-01-28,357.1603256287119,359.25263056423586,355.18729532102594,356.1967468261719,1607990.0
2013-01-29,356.19682238427214,357.89453282051016,351.8378505101762,355.6645812988281,499485.0
2013-01-30,356.97684101624304,356.97684101624304,353.5080183342928,354.7193603515625,1213375.0
2013-01-31,355.5085284098934,356.4262066081664,350.3053087086625,351.63592529296875,2648160.0
2013-02-01,352.7554767933237,359.54628953179883,352.7554767933237,357.0318603515625,2548875.0
2013-02-04,359.91339378285835,359.91339378285835,349.8189337920678,350.984375,770890.0
2013-02-05,350.9842888836972,350.9842888836972,347.80913099803735,348.6900939941406,1186755.0
2013-02-06,350.1860150130266,352.29666372087763,346.53364560862923,348.580078125,1017115.0
2013-02-07,347.81832895481466,351.1954055067932,345.5975637278931,347.8367004394531,1944255.0
2013-02-08,345.79953582223243,348.71774602824496,339.0637806148514,340.53204345703125,1021335.0
2013-02-11,343.90904369349647,350.534680502586,343.4410189144382,348.506591796875,5299235.0
2013-02-12,352.5903327746716,352.60867625746795,349.305057013822,351.4799499511719,2341835.0
2013-02-13,352.3883773393052,352.3883773393052,343.7713668571302,349.67205810546875,3898050.0
2013-02-14,349.81889720915547,350.1859628420982,339.99054475483905,344.0099792480469,5232035.0
2013-02-15,343.2116183233989,344.82674078309185,332.56654648556764,333.8329467773437,2664830.0
2013-02-18,334.2091760373708,335.9894737201914,328.95087065394966,330.76788330078125,2177665.0
2013-02-19,330.914729750449,335.649952125537,328.161695439722,334.6772155761719,1491750.0
2013-02-20,335.4940212347776,337.13667330621286,332.62168354737344,335.09942626953125,1852895.0
2013-02-21,334.73230701985005,336.21894121334486,330.364149854517,334.2550964355469,1102560.0
2013-02-22,333.11719904680035,334.9433697713334,328.5471513581284,333.3374328613281,1197305.0
2013-02-25,331.2817782140667,332.93358751273234,328.81322200301616,331.1624755859375,1625970.0
2013-02-26,330.93309954499813,331.8874926900938,322.65565247447097,324.7020568847656,926050.0
2013-02-27,321.64616022279733,324.6653288834944,318.14980905252656,322.2610168457031,1737905.0
2013-02-28,324.49100321530443,326.6750817185584,316.6173089137472,322.1876220703125,2259265.0
2013-03-01,321.55444451486784,325.22515741573466,315.7547114102222,319.6915588378906,1182410.0
2013-03-04,319.55386608057347,325.22510996367214,319.1500854799665,323.9587097167969,1594715.0
2013-03-05,323.9403892936796,331.1900411300672,321.42596010618854,329.2537536621094,1132585.0
2013-03-06,330.34579591842146,333.0988304134199,326.6934267398101,332.16278076171875,1279940.0
2013-03-07,330.7311607316382,334.7689385153259,329.1802826002525,331.9608459472656,688320.0
2013-03-08,333.48428084043013,335.76013305326086,327.06971863475167,333.8880615234375,1402590.0
2013-03-11,333.85128611682507,333.85128611682507,330.54766731616047,332.7776184082031,899540.0
2013-03-12,332.1995066871981,335.594927211818,331.99761636402644,333.51177978515625,699490.0
2013-03-13,333.30071858641105,334.56709092150135,330.34579379390385,331.8232421875,775340.0
2013-03-14,331.8324130021718,334.5762616127317,330.55682697586144,333.4842224121094,833640.0
2013-03-15,334.4019070782948,336.6043290031114,331.46535384697745,334.5212097167969,919610.0
2013-03-18,328.7123119159768,334.5395455405728,327.730389611888,330.8963623046875,1550320.0
2013-03-19,330.1714643091496,332.19952539340494,327.06052160946,329.9695739746094,1788505.0
2013-03-20,327.24406584615355,331.28184449937606,326.8494709243972,330.3641662597656,1241830.0
2013-03-21,330.3641290656309,331.5846286645629,321.18734770269674,325.2710266113281,1491165.0
2013-03-22,323.0686069191063,329.29046414532723,320.8294698165426,321.57281494140625,1039265.0
2013-03-25,329.26296899955184,329.6300627306768,319.0767620831871,324.1056213378906,1119545.0
2013-03-26,322.2885875216006,327.51933633635264,321.77468998201755,323.6008605957031,1066275.0
2013-03-28,322.20598073518124,328.1433598347449,317.73689236295,324.2156982421875,2099870.0
2013-04-01,326.50991034534934,337.39358895969707,324.5369077077196,335.11773681640625,1897180.0
2013-04-02,334.9525109744488,338.4488623417296,333.3465742779959,337.58624267578125,2368375.0
2013-04-03,338.60490371084103,338.60490371084103,336.0537594999018,337.3109741210937,972495.0
2013-04-04,336.74199698922706,349.58949065599205,336.0996111037633,346.8364562988281,2396890.0
2013-04-05,343.76223385763745,354.22375896165994,343.76223385763745,350.8375244140625,3071470.0
2013-04-08,348.90125309124096,357.7109411607801,345.04699355683107,355.4534606933594,2250480.0
2013-04-09,355.1414223468934,355.31578342516315,349.2774458841968,351.7460021972656,2851060.0
2013-04-10,352.0029619776428,352.02133346349734,346.96491804579586,348.6626281738281,1288775.0
2013-04-11,349.653745152102,352.296662905416,343.8815693146126,345.9922180175781,2702700.0
2013-04-12,343.2116475259892,352.57197638791536,343.20246178226853,349.4151611328125,1199495.0
2013-04-15,349.4517958399384,349.4517958399384,338.66907857958057,340.0272521972656,635485.0
2013-04-16,340.15579377668735,355.4076011170558,340.1098930630847,353.0675048828125,913030.0
2013-04-17,351.8378447546695,355.1414921431109,342.1655079023576,350.16766357421875,1108255.0
2013-04-18,352.2049084024426,352.2049084024426,347.9836107697482,349.8373107910156,922085.0
2013-04-22,349.63535169554285,349.63535169554285,341.21107356494105,346.21240234375,1048405.0
2013-04-23,347.2493677493795,351.9020021738433,345.9738098254684,348.9929504394531,1166755.0
2013-04-25,351.98464861703826,367.0712804854141,350.55307286357043,365.69476318359375,5423765.0
2013-04-26,365.2358586321163,368.9065707791728,362.1891608287848,365.3918762207031,2446665.0
2013-04-29,365.6030079744344,370.5401214237495,363.4005857828744,366.5849304199219,779320.0
2013-04-30,367.0712906368125,374.16495341028303,364.3090702130691,372.24700927734375,2307995.0
2013-05-02,371.3109332037011,373.6601870565794,368.1449603498991,368.8423767089844,1293750.0
2013-05-03,367.98891543095857,370.7419497109906,366.71332943866014,367.3373718261719,560115.0
2013-05-06,367.6677585673231,369.8243078993127,364.6853044713609,365.77734375,2157020.0
2013-05-07,365.6579966499695,367.8971333855989,362.1983604011767,365.5845947265625,1105735.0
2013-05-08,366.1994719724774,367.6218899758189,361.5652082966894,366.84185791015625,1334380.0
2013-05-09,366.88769653995024,370.374890155094,363.6207647144379,364.6761169433594,948175.0
2013-05-10,364.1346775155685,372.3937808382985,364.1346775155685,371.1549377441406,2169595.0
2013-05-13,387.0765898744453,394.9686266970783,376.6609664223193,381.2585144042969,3436425.0
2013-05-14,384.3236008849663,389.09553850269134,370.35653821755807,372.19189453125,5505595.0
2013-05-15,373.3114478360085,380.6437150549284,373.3114478360085,379.0561218261719,3757275.0
2013-05-16,382.717602176268,393.61046365973,382.2404196938427,388.90277099609375,2730160.0
2013-05-17,390.34353829221845,390.34353829221845,380.28579428347786,381.4420776367188,1243095.0
2013-05-20,382.3047144912254,385.9937704912578,373.917122941963,375.2936401367188,2134130.0
2013-05-21,377.1840524821026,379.3222581942112,369.59486447778033,370.8979797363281,2709060.0
2013-05-22,371.8432069177446,380.5427780747576,371.8432069177446,377.3033752441406,1476315.0
2013-05-23,378.221058656776,380.6620859915152,373.12795592797664,376.5141906738281,1999550.0
2013-05-24,379.5516640499717,380.1114342429482,376.8812174444446,379.2029418945313,1713140.0
2013-05-27,379.1845893423471,385.86528456497297,378.5789184561226,383.7637939453125,1731430.0
2013-05-28,383.5894678204869,391.37138863713153,382.8553365004682,388.5173950195313,3250215.0
2013-05-29,387.0766049931886,393.2250593638973,382.6809471305188,389.6002197265625,1427185.0
2013-05-30,389.6002660030099,391.2979762627223,383.15817516399545,386.8288879394531,2155705.0
2013-05-31,385.424833650386,390.85750077084447,382.726857574408,383.95654296875,1751470.0
2013-06-03,384.1584079966972,390.7473301407145,381.8917419325748,387.5997009277344,1361625.0
2013-06-04,390.655603925528,397.37298677288464,389.22402823631137,395.90472412109375,1811620.0
2013-06-05,397.3546193667869,398.8229099354866,394.968650693314,396.5562438964844,1239695.0
2013-06-06,394.05101236288897,396.391108569451,389.2974460216281,392.3716735839844,1813840.0
2013-06-07,392.0963225775247,403.5948283691542,391.2979470892367,401.9980773925781,2294925.0
2013-06-10,403.2278036844224,405.0906893481186,398.5017664593132,400.3829956054688,1546205.0
2013-06-11,399.2450179447458,404.6684986861913,395.1521816037621,400.8326110839844,1817515.0
2013-06-12,400.6582410183754,402.8423192516146,397.3545944473124,399.8231506347656,1593990.0
2013-06-13,399.8231994989952,403.59484329147983,394.2437006070122,396.2626037597656,1280260.0
2013-06-14,397.9052773079234,400.97950491133446,395.3816622313693,399.3460388183594,1105985.0
2013-06-17,402.1724307287104,404.67770204482593,392.1238442465408,393.9500427246094,1173095.0
2013-06-18,394.0510249104997,394.6016374475364,389.0955680878033,391.1052856445313,949025.0
2013-06-19,392.2156529526301,393.3168779831711,381.4604634415674,385.3697814941406,1168765.0
2013-06-20,377.1656735154527,384.5254412962996,376.6609617968144,381.32275390625,1467745.0
2013-06-21,381.20352158592857,390.9309161811712,373.3481983744505,389.3525085449219,1721650.0
2013-06-24,387.4620956240736,392.1238886166877,381.7816652538134,385.984619140625,953705.0
2013-06-25,388.3614213085879,390.3711387856228,382.6718053270191,385.360595703125,1213185.0
2013-06-26,386.7095512413738,389.0955199363861,381.9743288173594,384.66314697265625,1723270.0
2013-06-27,386.3424730834399,399.9516267369395,386.3424730834399,396.2992858886719,3060435.0
2013-06-28,397.5381702102852,410.0002266767995,397.5381702102852,407.2380065917969,2102635.0
2013-07-01,407.06366921262617,419.3789225426731,406.89849386375374,415.4879760742188,2005620.0
2013-07-02,415.3411183371833,420.0304400384277,411.22991032098446,415.4145202636719,1364450.0
2013-07-03,412.2210209082983,414.7905084309664,395.48255302888674,405.7697448730469,1818465.0
2013-07-04,412.7716065576553,412.7716065576553,404.264740479868,407.9629821777344,1370010.0
2013-07-05,412.9551542144036,412.9551542144036,407.678505021664,410.9087219238281,1121880.0
2013-07-08,406.71495798245496,416.2863341468268,405.3751277502641,412.7257385253906,1176015.0
2013-07-09,414.7904668707184,420.4800818219544,409.8533546204783,419.2320251464844,837675.0
2013-07-10,421.0674185496481,421.5813160482819,412.23935965595166,415.0657958984375,1145245.0
2013-07-11,414.9740221789349,423.2606537856588,414.9740221789349,421.3702392578125,1264805.0
2013-07-12,425.0465939860899,435.7524258519485,416.4098705246906,434.0435791015625,1988900.0
2013-07-15,432.2978099138289,444.26912598761567,430.08090370601536,433.7110900878906,1582590.0
2013-07-16,427.12495605104885,435.1704897157575,418.4697683229902,420.9176025390625,3928525.0
2013-07-17,424.63099365815617,431.0046094656316,423.9843831052927,426.9679870605469,2587920.0
2013-07-18,430.8198439761188,433.655650352049,427.1804116020075,432.2054138183594,3020820.0
2013-07-19,432.297812330228,436.91637870127744,428.8615978225876,433.42474365234375,1148870.0
2013-07-22,433.4062268909744,436.95328205035486,426.3305806872377,428.5013122558594,3036970.0
2013-07-23,428.7876615728483,438.72679603862827,428.7876615728483,436.2235412597656,2090225.0
2013-07-24,437.8400909830193,442.264685449513,430.4965591938997,433.4432067871094,1488270.0
2013-07-25,437.4706222701927,440.7775034638252,426.1089318248729,428.2242431640625,1846790.0
2013-07-26,432.2977960628608,432.2977960628608,417.1489045737698,423.8827819824219,735210.0
2013-07-29,421.7674581605108,423.8273205816231,407.37599053404966,409.7037658691406,1300205.0
2013-07-30,411.0523763482714,417.5183687852105,396.38380613815406,402.2309265136719,5077360.0
2013-07-31,397.2059553063811,423.864306952529,394.5733668287479,421.4349365234375,3026390.0
2013-08-01,424.9080508034731,430.2655758204172,413.1029978239474,420.9268493652344,3109390.0
2013-08-02,420.2895104291682,420.2895104291682,408.8816466510499,413.5833435058594,2149020.0
2013-08-05,414.7102545419641,418.2573097117702,406.7016771899104,408.27197265625,1231640.0
2013-08-06,406.4338416079162,412.3456009388602,404.29082004123273,406.101318359375,926055.0
2013-08-07,407.357533198602,417.8878583508719,401.9168487593931,416.5299987792969,1336665.0
2013-08-08,415.4862424073409,415.4862424073409,406.8310530603655,410.86767578125,1099225.0
2013-08-12,412.8998282192624,412.909074372522,398.591518807872,402.9514465332031,2768370.0
2013-08-13,402.81293418353056,414.93207788476826,399.367501181951,413.5003051757813,1819490.0
2013-08-14,410.1286749779945,414.1560511382643,406.4338220502648,408.4844665527344,1645100.0
2013-08-16,404.9558486432943,409.2511092517641,397.2151277578018,400.1802673339844,2282710.0
2013-08-19,397.1966374078859,404.1983703802134,393.8712645730853,395.5524291992188,1062925.0
2013-08-20,385.2161696408682,399.9309162512653,385.2161696408682,395.1183776855469,1614820.0
2013-08-21,394.4347883184284,394.59180377860935,374.4733311161,378.0942993164063,2208055.0
2013-08-22,378.09427129154,391.6543734951887,378.09427129154,389.5390625,1242490.0
2013-08-23,388.51380080654,393.8621084476396,380.9762972607575,391.6082458496094,1371055.0
2013-08-26,392.20866995668086,404.21694276907886,391.65443634282553,397.353759765625,1437490.0
2013-08-27,395.3492941723104,406.249099885376,391.6913973809704,400.4204711914063,1415580.0
2013-08-28,392.5781477243059,404.80810264689137,392.5781477243059,401.2240905761719,1771015.0
2013-08-29,405.87964119354695,420.2064443023866,399.5984016763228,417.2320861816406,2295900.0
2013-08-30,413.0845422811381,437.2858105023731,408.5860354490246,423.5963745117188,1673285.0
2013-09-02,419.6614217962403,426.9402869123928,418.552954590621,421.804443359375,955590.0
2013-09-03,422.2478584640146,424.32621358234735,405.3623788968735,407.6531982421875,1371925.0
2013-09-04,407.7269844202627,424.7233009778116,407.653099770614,420.2802429199219,1265220.0
2013-09-05,422.5064604542805,431.2817368597805,421.21326746400007,423.8181457519531,1188600.0
2013-09-06,419.55057696603177,433.2215220359318,418.1372967957117,422.0722961425781,1598985.0
2013-09-10,423.079105616266,426.1735504441797,417.01033137508296,418.7007141113281,1847895.0
2013-09-11,418.62688453870754,421.9245196406163,414.7472773500589,415.6802368164063,1217190.0
2013-09-12,418.8115833673247,422.7835672698207,408.28125791863374,415.0613098144531,1271080.0
2013-09-13,415.4954210760206,419.9015227734498,412.3455557658919,415.5415954589844,641175.0
2013-09-16,418.44213700849656,424.2245914544616,408.0041876922498,410.8769226074219,875565.0
2013-09-17,412.3455409769417,429.69287265721766,412.3455409769417,425.7301635742188,1486595.0
2013-09-18,428.6029488633306,437.2673836761019,428.5844847465103,434.7825927734375,1712835.0
2013-09-19,440.2417358841912,443.3823552627374,431.7435627991923,439.2718200683594,1407050.0
2013-09-20,436.1127235443108,444.3060552291749,433.2214966787589,437.1472778320313,1248250.0
2013-09-23,431.3740523871195,442.8280901102501,428.4181589536392,439.4842529296875,1419030.0
2013-09-24,439.1332157250184,446.9847773185917,438.3942564978888,442.4401245117188,2010850.0
2013-09-25,439.6874314591991,451.69570164611,437.6552513825426,448.75830078125,2041415.0
2013-09-26,448.9338900739356,457.12722217179936,446.5229838091592,453.92193603515625,1602145.0
2013-09-27,452.6379336271757,453.1737030710789,444.3245147994166,445.6361999511719,1085270.0
2013-09-30,443.0129031993055,447.18807715654594,437.29511563158337,439.8999938964844,924155.0
2013-10-01,438.3851119604987,448.7399306398453,438.3851119604987,444.7956848144531,1478310.0
2013-10-03,444.3060567923982,452.6010116183605,443.21608196325,448.8784484863281,1273385.0
2013-10-04,448.00093101968304,448.9246442795175,436.1866305333434,438.1541442871094,1454535.0
2013-10-07,438.5789644009674,443.01280415216655,437.4705256052824,440.7312316894531,765655.0
2013-10-08,441.7196618388113,447.0310127186468,440.6111947272236,442.05218505859375,864395.0
2013-10-09,440.4264854550246,449.89454667878914,438.11720222971616,444.19525146484375,1053340.0
2013-10-10,444.3061040630808,447.760782837029,441.7381821775724,442.7542724609375,1192120.0
2013-10-11,445.2297795243377,446.9663649174483,440.3156183458527,443.74261474609375,567070.0
2013-10-14,445.0450262981888,451.8712806503809,443.7518334043236,447.32659912109375,1174455.0
2013-10-15,450.772077052658,451.6588339013432,442.9020501179065,445.2944641113281,1315445.0
2013-10-17,440.6111995816208,448.9246184416514,440.6111995816208,445.3406066894531,797330.0
2013-10-18,448.00089544862,456.86854767684105,446.29202041571193,454.4576416015625,1721045.0
2013-10-21,454.69784561746985,458.90072961350575,448.435070933396,450.9013977050781,1396145.0
2013-10-22,446.153510425427,454.2821759441308,446.153510425427,449.0909118652344,1103415.0
2013-10-23,447.81616695149177,450.9013939762288,437.2119570099911,443.3176879882813,1178570.0
2013-10-24,444.3060483221903,446.8924340012845,434.8841624250091,441.8397216796875,1451870.0
2013-10-25,442.2739105437636,446.412156217778,438.0894904811959,444.3984680175781,1209540.0
2013-10-28,445.52537621636486,448.5551545128168,441.3501743346569,443.3823547363281,749015.0
2013-10-29,444.47231768197497,450.56883053412383,444.1305483030097,448.8045349121094,2841775.0
2013-10-30,450.0331076352163,470.09616059556816,449.6635997828356,466.1334228515625,3012395.0
2013-10-31,467.2141243362264,470.19772811438895,449.1093682045527,453.80181884765625,7164090.0
2013-11-01,453.72797452973407,459.99996740612994,451.32631436321134,456.5545349121094,2237045.0
2013-11-05,459.0854712209213,459.4641970245869,443.3915926036438,444.5462341308594,1347510.0
2013-11-06,445.22981586548747,448.0009557982602,439.1517946829829,442.9574890136719,1016625.0
2013-11-07,446.1535097588082,447.5760360887781,440.05699653414354,445.3775939941406,1329675.0
2013-11-08,445.2297466296546,449.9499073835082,442.1999685685511,443.8072204589844,848085.0
2013-11-11,444.4908125603099,458.1617569349934,444.4908125603099,456.4344177246094,1401345.0
2013-11-12,459.7875017853763,459.7875017853763,453.5986119304984,456.3143310546875,1299795.0
2013-11-13,456.4990856482217,460.0091846164871,450.7812985481306,456.3235778808594,996640.0
2013-11-14,455.3906304490693,458.90072950939145,451.79737238982375,454.7625122070313,621360.0
2013-11-18,459.45495584396,459.48266611333344,449.29411029450193,455.6862182617188,1279130.0
2013-11-19,456.3143568848359,458.24491424276346,449.3587970663775,452.9612731933594,834180.0
2013-11-20,449.7652393229175,454.7532854277989,446.4306197030045,448.2226257324219,1137330.0
2013-11-21,448.185630594674,452.2037602360702,441.53488465462505,445.1466064453125,725205.0
2013-11-22,449.2664160896829,453.1090666539833,443.0313515522936,449.617431640625,945825.0
2013-11-25,451.6957465675932,453.1736932985547,445.29442097373845,450.79974365234375,674695.0
2013-11-26,450.7720748593131,452.61950139562174,442.2739015164965,445.4884338378906,1293435.0
2013-11-27,445.9132808237042,453.3491886584872,443.39156194391154,448.5920715332031,2019070.0
2013-11-28,451.6403334051933,459.08545952789086,449.9868788872772,453.8664855957031,1511325.0
2013-11-29,454.28218945821897,461.8566497905816,453.7279840300645,459.0485534667969,1387795.0
2013-12-02,461.6718460784048,463.038951762604,455.8155077732172,461.5979614257813,971075.0
2013-12-03,461.6718628999405,461.8104424365798,453.0074564475233,455.6030883789063,987680.0
2013-12-04,452.619507145817,459.639733710875,450.85521139848913,452.591796875,1154890.0
2013-12-05,456.07417610412426,457.27502025616775,443.38236492867816,446.1073303222656,1940770.0
2013-12-06,448.000950029183,451.6958032253,446.1535234311245,447.5760498046875,1239570.0
2013-12-09,454.8364379890132,455.02119193078425,448.45357549688737,453.4046936035156,1362450.0
2013-12-10,453.5432162429154,456.1111380097457,449.1094038161338,453.1737365722656,756725.0
2013-12-11,453.5432005879071,453.5432005879071,447.095672028074,451.14154052734375,478210.0
2013-12-12,447.44668186395097,449.2848903559439,443.3915954528471,444.0104675292969,784690.0
2013-12-13,444.1398061046175,447.7238179803449,441.7473921996222,443.4747314453125,931905.0
2013-12-16,444.67554701404674,447.7977022679539,442.5510178430224,443.4377746582031,1032785.0
2013-12-17,445.5992532146511,450.69816824777,445.5992532146511,448.4165954589844,1029575.0
2013-12-18,450.1254432721308,457.2380463805128,450.1254432721308,456.0556945800781,1092275.0
2013-12-19,456.32358748190455,460.0091942950774,449.84834863795726,455.113525390625,1495785.0
2013-12-20,458.9007474492128,465.0065069047945,454.0512527163096,464.202880859375,1876915.0
2013-12-23,464.9972890869458,470.1700894218234,462.5956287683068,464.3322143554688,1306900.0
2013-12-24,467.3988514825429,470.90895015859286,465.51446877323247,469.16314697265625,521300.0
2013-12-26,469.2833331889851,472.488619606654,458.7160503232725,464.3414611816406,1129900.0
2013-12-27,465.53301898295086,467.3989096201741,464.4245517950116,465.48681640625,702765.0
2013-12-30,465.930200542898,470.862825880516,463.91651243751846,466.5860290527344,1045030.0
2013-12-31,467.8146024096737,471.0937732812265,465.7362475275506,468.2487487792969,564665.0
2014-01-01,470.1700540944513,470.1700540944513,467.278827051096,468.7752380371094,139080.0
2014-01-02,466.5859957076559,471.0937205241661,464.3229153364783,467.1217651367188,512655.0
2014-01-03,465.55145801311096,466.0964454244748,459.08546554070665,461.0622253417969,531560.0
2014-01-06,464.61853312270233,464.61853312270233,454.5038896326728,456.5452880859375,664835.0
2014-01-07,456.7207671882846,463.3345572325418,455.3167332407597,460.2401123046875,1116125.0
2014-01-08,460.9329003768163,469.2463194216887,456.4621317398682,467.8145751953125,1117355.0
2014-01-09,469.43105574163735,479.7581624691314,466.52133663343926,477.9107360839844,2098465.0
2014-01-10,480.3308946856139,486.0579281672775,473.356870855879,485.0510559082031,2598475.0
2014-01-13,485.8732348447061,487.6744872002516,480.3309545993292,485.2358703613281,1265375.0
2014-01-14,484.3952525238416,492.4315127233986,483.3883802711133,489.3832702636719,1319320.0
2014-01-15,489.5866055731965,492.1360636364905,487.9054403810389,489.6050415039063,1341170.0
2014-01-16,489.9375107374991,490.6764700321192,484.7646829171978,488.5519409179688,1587200.0
2014-01-17,488.27482996720346,492.468524450124,488.0162195591432,489.9098205566406,2192375.0
2014-01-20,485.8731350192952,495.5721234559921,485.7345554900367,490.1961059570313,1475315.0
2014-01-21,489.5864830709058,493.0596536864094,487.00004103537486,489.8543395996094,964875.0
2014-01-22,490.2238505524872,496.5881916249925,488.69045507487726,493.3736877441406,986565.0
2014-01-23,494.22355370142793,496.542083151818,491.5078342895069,493.1151428222656,856245.0
2014-01-24,491.9697010796497,497.318037387183,488.92145834120936,491.5910034179688,1759145.0
2014-01-27,485.2635990733817,489.34639631931736,484.3953062638943,486.4459228515625,1705840.0
2014-01-28,486.9539267078957,491.5632470744483,485.1989052575996,489.9098205566406,909615.0
2014-01-29,489.93755353608816,496.3665619777685,489.3093788828575,490.5379333496094,1219315.0
2014-01-30,487.7205811689148,488.82904831100393,482.86184060102687,483.9888000488281,2405415.0
2014-01-31,483.6561089787077,488.64418177907936,480.8665340291226,482.0950317382813,675925.0
2014-02-03,481.25463028888726,493.9279497290154,481.25463028888726,490.1499938964844,733115.0
2014-02-04,489.9375489642563,489.9375489642563,478.520409912494,479.7120361328125,975485.0
2014-02-05,481.62409994069776,482.34456694193113,476.6360259546957,479.5364990234375,726990.0
2014-02-06,480.0353064142848,483.00044631375744,478.2987209526538,480.3216552734375,1093205.0
2014-02-07,482.5477911703983,489.5679888360789,482.5015604078912,486.2241516113281,1341315.0
2014-02-10,488.6442179001818,496.5881278135109,487.53575093160816,493.6599731445313,749915.0
2014-02-11,498.6204200550387,498.6204200550387,485.0603157943282,491.4986267089844,2510690.0
2014-02-12,496.0340062587054,496.0340062587054,480.9220712935857,483.1759338378906,2041060.0
2014-02-13,485.8731760430471,487.7021102614021,470.9644304563216,473.4215393066406,1751945.0
2014-02-14,476.5990587724369,478.29865940192303,464.9140648340693,476.6452331542969,2513040.0
2014-02-17,477.374947871518,490.0852499220828,477.374947871518,488.3671569824219,1513725.0
2014-02-18,490.2884849841308,491.5908956980687,484.41362659598855,489.9374694824219,1417740.0
2014-02-19,490.4916789889439,495.4243319798759,486.6120725121062,492.9579772949219,1473270.0
2014-02-20,490.1868621793043,502.44455423757694,489.0876412293275,501.7425231933594,1621020.0
2014-02-21,505.2341909860918,507.6727509803607,501.7610203415829,504.9662780761719,1697605.0
2014-02-24,505.2526291263501,517.2793930561797,501.391514707944,516.5126953125,1849510.0
2014-02-25,516.4758082445466,517.3995215200536,510.2592359416593,511.58013916015625,1228390.0
2014-02-26,514.5081733508692,526.4056020492644,514.3141733122428,523.4127807617188,2712335.0
2014-02-28,532.0587531120975,543.0324694053525,530.396080784417,534.9222412109375,5618775.0
2014-03-03,531.6893302487663,531.6893302487663,518.9698369880367,520.1521606445312,1508180.0
2014-03-04,516.9099072811799,526.0269524625152,509.8897091988752,517.4826049804688,2678820.0
2014-03-05,521.8980046679225,527.070776498878,513.5014261223525,514.8593139648438,1873570.0
2014-03-06,519.4963772178686,525.2787750590427,519.4871310643244,522.2675170898438,1785785.0
2014-03-07,523.0064687003991,523.8377768222882,495.2950703910771,503.4791564941406,2964555.0
2014-03-10,503.4237012295517,508.0422672958779,490.30696232538935,496.3388366699219,2552615.0
2014-03-11,500.4677245219739,503.3404586069881,493.5676150271997,494.8700256347656,1735835.0
2014-03-12,496.9577062136628,502.1027955509064,493.5030278342269,496.495849609375,1747860.0
2014-03-13,498.805166553365,509.88972581010654,498.4356586932135,503.8209228515625,3074980.0
2014-03-14,503.4237458926664,516.50350134617,500.6618521606085,513.6769409179688,2289985.0
2014-03-18,516.7068018747461,520.4016554438007,513.2151381900738,514.9887084960938,1220185.0
2014-03-19,519.4779497337079,524.0965167633266,514.7115569869059,517.491943359375,2161745.0
2014-03-20,517.4917948379941,519.3115390424689,510.68403350049937,513.3720703125,2900590.0
2014-03-21,516.5310579518833,516.7250579720119,509.3353542119771,513.3257446289062,1257330.0
2014-03-24,514.5083218256415,514.5083218256415,506.989281832098,508.0515747070313,974325.0
2014-03-25,507.1462075468592,508.9658952101146,501.5761907424541,503.1372680664063,1233340.0
2014-03-26,503.2112454369888,503.2112454369888,485.10643334178974,486.5381774902344,1923060.0
2014-03-27,489.0045353996078,489.7434946700917,475.78620200819176,478.2247619628906,3436420.0
2014-03-28,487.72059945926543,487.72059945926543,480.8850988091901,485.0972290039063,3402740.0
2014-03-31,485.9192866574749,486.53815867597206,470.4286274276069,473.6616516113281,2634305.0
2014-04-01,476.8208024284448,482.1783281318913,474.79786810698505,480.5156555175781,2867995.0
2014-04-02,481.9935654871605,488.6443122031512,481.9935654871605,485.281982421875,2233870.0
2014-04-03,491.4153674506341,495.11021983748094,488.0900228540612,492.0804138183594,3898160.0
2014-04-04,493.2628466213188,494.43598042141065,485.9932282797461,489.5772399902344,2033340.0
2014-04-07,488.4595261483596,488.4595261483596,478.4834349200312,481.4670104980469,2073475.0
2014-04-09,482.1598016777982,486.6028599476567,477.8738152459722,484.8385925292969,2417355.0
2014-04-10,482.21517364415865,486.41811341523646,469.2462618225029,471.17681884765625,1998850.0
2014-04-11,471.0752480252091,478.3818225119263,465.5606793261058,476.0632934570313,1734510.0
2014-04-15,479.5919490557533,481.9012322692546,474.2898438181917,475.7215881347656,1019820.0
2014-04-16,479.4071578411708,480.1461171362282,467.6021040993666,468.6459045410156,1051725.0
2014-04-17,471.0937775206148,474.7886306776392,466.02260058323634,471.5002136230469,1446660.0
2014-04-21,474.6037871561848,476.2664594871971,468.5996519093808,471.0567321777344,1401030.0
2014-04-22,472.9412024913563,476.50672224480746,470.8074270555879,471.5740966796875,1022160.0
2014-04-23,472.94121402612126,477.4027650929916,472.0359648354319,474.03118896484375,3253095.0
2014-04-24,474.03118896484375,474.03118896484375,474.03118896484375,474.03118896484375,0.0
2014-04-25,478.483432120105,487.49888186949113,478.483432120105,485.7345581054688,3088170.0
2014-04-28,488.8290244500868,495.849222042344,488.0900651844247,494.50982666015625,1912925.0
2014-04-29,495.11028142277553,496.8376206181672,487.7205757298983,492.27447509765625,1027665.0
2014-04-30,492.33917253227287,513.9078548186317,492.2745058379445,499.9413146972656,2356810.0
2014-05-02,497.3456976843182,508.02382114461926,497.3456976843182,505.7052917480469,1448920.0
2014-05-05,508.04232898600105,508.04232898600105,502.53697727000826,504.1904602050781,1163620.0
2014-05-06,506.1947567167362,508.9658958958424,503.82080738782537,506.9983825683594,817710.0
2014-05-07,506.9983861420576,508.7811455943722,503.8947237705347,506.6011962890625,1751605.0
2014-05-08,506.91538166911647,507.66358714243097,503.5253134669916,505.6683349609375,1533830.0
2014-05-09,505.8253461126693,505.8253461126693,497.8260142856876,502.1304931640625,3159395.0
2014-05-12,502.4999361718749,506.5642964425018,500.9296125955429,503.0357055664063,1829800.0
2014-05-13,506.1948594175085,506.2964543437351,480.4694680370256,482.31689453125,4977515.0
2014-05-14,480.330898830417,481.1622633222939,464.3968449749849,465.2466735839844,5201205.0
2014-05-15,464.62776468704544,469.9575799906064,455.6862271937349,458.4573669433594,3319140.0
2014-05-16,455.20586315189627,460.93289638680704,443.3823452217784,444.6570739746094,5445760.0
2014-05-19,445.2297936934879,447.2619741521179,415.0243586546682,422.3494262695313,5236710.0
2014-05-20,422.1185040819084,435.0597079425321,418.6545792881509,429.203369140625,3235400.0
2014-05-21,428.60290383032384,430.1639813171063,421.21319859187,424.9172973632813,3435790.0
2014-05-22,427.9563291361505,429.5266529064434,421.2132338179316,424.1875915527344,3630575.0
2014-05-23,420.4742859363848,428.1965152353114,420.4742859363848,426.5153503417969,2729780.0
2014-05-26,429.52667700902254,430.4226800219759,422.3586529053957,424.9265747070313,2619750.0
2014-05-27,423.4301769052224,431.18936309403017,423.4301769052224,427.0880737304688,2818740.0
2014-05-28,432.2978352582879,435.8079346106561,428.2335022741001,434.44085693359375,7528750.0
2014-05-29,431.5588594852494,444.01974272134447,431.5588594852494,440.4449768066406,3493615.0
2014-05-30,440.44498760029313,458.9746743589049,437.28587567412967,454.5870361328125,10613975.0
2014-06-02,455.39057587823766,456.65605836376784,444.6754978667345,445.95947265625,1930140.0
2014-06-03,443.7888196909856,446.1535234816087,431.00463101371344,431.8267211914063,2046410.0
2014-06-04,430.8197813240418,435.25362108811385,426.4229261662656,428.3904113769531,2222405.0
2014-06-05,428.6029488943991,431.1708706071781,423.2731335789938,426.80169677734375,3446000.0
2014-06-06,427.1250008083819,435.9926536389365,427.1250008083819,434.8934326171875,1810975.0
2014-06-09,431.558842129174,439.6782613087702,431.37408820318336,434.6809692382813,1430500.0
2014-06-10,434.51470880936256,444.3060749343802,434.51470880936256,442.551025390625,2819465.0
2014-06-11,442.2739317182448,450.3379592481208,441.9044520236506,449.3865356445313,3193910.0
2014-06-12,449.294123887632,451.75120454121367,446.5506943786978,449.839111328125,4153475.0
2014-06-13,448.000886765201,453.6355427314858,448.000886765201,451.7234497070313,2894245.0
2014-06-16,451.60342417047815,455.5754082516436,444.3338050510323,447.89935302734375,2192855.0
2014-06-17,447.8993401803905,448.9246483772095,440.7682726217984,445.5531005859375,1803835.0
2014-06-18,445.5715795424172,452.15765987481456,444.1213428974631,447.5760498046875,1888730.0
2014-06-19,447.4466814856358,453.5339482683472,445.69163199237227,452.1114501953125,1095295.0
2014-06-20,449.01698550360254,457.0532733108133,449.01698550360254,450.66119384765625,1016180.0
2014-06-23,450.9567978477382,455.39060995487,449.2017202070707,453.36767578125,2284505.0
2014-06-24,453.5432027798253,456.3143425116776,453.36769500831537,454.9380187988281,1680290.0
2014-06-25,455.39063596441673,459.0670248776202,453.11830924394,457.8384704589844,1510835.0
2014-06-26,460.50794256820495,467.2140805898332,458.90066258510666,463.2605895996094,3034890.0
2014-06-27,463.7040396776932,475.8323988512947,463.7040396776932,471.63873291015625,1989415.0
2014-06-30,472.0175377947306,485.9101667515871,472.0175377947306,484.7740173339844,2066155.0
2014-07-01,485.13423062004046,486.4273953971468,480.2662435461222,483.0928039550781,1524355.0
2014-07-02,483.6007688033759,492.6901311292115,483.07424553526863,491.951171875,1048990.0
2014-07-03,491.9511737888934,492.0620148585075,485.0510071210408,487.5450439453125,1127400.0
2014-07-04,488.4596354342429,497.8815234052804,487.9054299449432,494.8055419921875,1413305.0
2014-07-07,494.74077290161983,509.8342715651774,492.2929667216311,504.42132568359375,2631150.0
2014-07-08,497.6967057222187,507.7467107539525,491.6463949929358,495.2211608886719,1655520.0
2014-07-09,494.5561725208068,496.9670509424444,484.0258173027012,492.0159606933594,1767435.0
2014-07-10,489.5865459361366,498.6204327784762,484.30287649310895,489.6881408691406,1357475.0
2014-07-11,490.4972660556367,507.43305604682416,486.5074057332639,502.3458251953125,2903240.0
2014-07-14,502.5875548879532,503.88956106809735,494.8124714637684,501.2854919433594,1786750.0
2014-07-15,501.8063587010623,502.2155736612905,484.7310428200478,490.8413391113281,1350360.0
2014-07-16,491.42729111625147,494.75675369192254,487.4281214538042,492.3945007324219,1269045.0
2014-07-17,491.0553089418636,496.6261735348555,488.1443136488351,492.4224243164063,898280.0
2014-07-18,490.1437968197468,495.9099299738208,490.1251780791036,493.5198059082031,855620.0
2014-07-21,491.2597928226865,498.0304298346974,490.1344942871378,493.61279296875,1221890.0
2014-07-22,494.4033415111551,509.0420441082268,494.4033415111551,506.6053161621094,1401740.0
2014-07-23,511.5158373843912,511.5158373843912,503.72219153908736,508.5397338867188,1083245.0
2014-07-24,510.9577719534605,511.0879328257599,500.4577119820492,503.0059814453125,1313235.0
2014-07-25,500.7275450131423,515.5614594470509,500.7275450131423,510.3998107910156,2152700.0
2014-07-28,510.7532294387451,519.8861194217163,506.0937758871965,515.18017578125,1692370.0
2014-07-30,515.5893967017878,530.1071333788838,514.305952351869,525.1221923828125,3498525.0
2014-07-31,523.8294304555698,526.0987030771039,516.3520190786072,522.4343872070312,3375000.0
2014-08-01,516.1659942504654,520.6301212262272,510.3998042230648,513.1527099609375,1938080.0
2014-08-04,517.6539912374575,517.6539912374575,511.515824054583,514.80810546875,1268445.0
2014-08-05,516.1660054515941,523.0110040806,513.3573001942407,517.1239624023438,1323780.0
2014-08-06,518.3980942393531,518.3980942393531,510.36263149846366,511.6925659179688,827695.0
2014-08-07,513.0038430461158,519.8674598592969,507.8515041334836,512.5016479492188,2158180.0
2014-08-08,513.375947487281,521.6904080378164,510.7718779471213,517.5145874023438,2317485.0
2014-08-11,518.0260763574121,518.0260763574121,504.31746000793294,506.1961364746094,1752710.0
2014-08-12,507.0517497879607,511.08804328381217,504.2802251636681,507.8608703613281,1240955.0
2014-08-13,507.8608770166008,512.3808037472899,506.3077446819564,509.9069519042969,1661830.0
2014-08-14,511.51577146595776,513.9431326852656,509.69289482698775,512.5853271484375,731110.0
2014-08-18,511.9064970036792,517.468108488088,510.0836766684235,516.0358276367188,616630.0
2014-08-19,516.5380602306212,530.0978403668954,516.4636420265226,526.349853515625,1053625.0
2014-08-20,526.7684169059589,539.4167878462235,526.582399764154,536.7847900390625,1678815.0
2014-08-21,533.8923413021815,535.6965994807331,526.5823284119031,528.04248046875,1124115.0
2014-08-22,531.604462240388,532.0694766603899,519.5327060617645,525.66162109375,1171600.0
2014-08-25,525.8382830888249,538.2262162070355,525.8382830888249,535.687255859375,1064910.0
2014-08-26,535.5105286651115,544.9410335629495,532.9064595872085,537.463623046875,1851475.0
2014-08-27,540.3839053089578,547.6009377696515,540.3839053089578,543.6483154296875,1660585.0
2014-08-28,543.508933964637,553.3672179996871,541.7790369993111,548.3264770507812,6001720.0
2014-09-01,548.9030235358229,556.1200562957696,547.080146604722,553.5159301757812,1751040.0
2014-09-02,550.9489572015245,557.5521374581385,548.2425422274445,557.1150512695312,1643260.0
2014-09-03,557.6452761020537,559.9052961616849,553.3671660951677,558.1102905273438,2181430.0
2014-09-04,557.0872488728639,559.8215358040201,553.2648441443001,558.2590942382812,739635.0
2014-09-05,556.15722748581,559.3193481405075,550.2050204055985,554.3343505859375,887570.0
2014-09-08,557.8313056386829,561.3282232769953,553.832192845086,558.5753173828125,1479665.0
2014-09-09,556.1572128008683,563.1975375070884,555.2551121273758,559.5797119140625,762250.0
2014-09-10,558.0173870419401,560.6214568285764,554.87388455378,558.1754760742188,620775.0
2014-09-11,558.2218145919384,558.9472642450487,550.781584785016,553.6367797851562,520895.0
2014-09-12,553.376510841382,556.6223026550856,548.8100371050198,550.3259887695312,995710.0
2014-09-15,550.6700782915055,557.6452949060633,550.6700782915055,554.9296264648438,634355.0
2014-09-16,554.9296014306831,564.1462190230322,554.8551832294366,559.8308715820312,1534425.0
2014-09-17,561.7654148640904,575.873938165366,560.1936636653578,573.2605590820312,2019795.0
2014-09-18,573.2697693881324,595.2091167762827,573.2697693881324,593.869873046875,2196420.0
2014-09-19,595.5904210056315,602.6586166431981,585.7413917850588,599.4872436523438,1553430.0
2014-09-22,595.7763557186357,602.1470862996376,585.5925869813522,597.3946533203125,1244070.0
2014-09-23,596.1485136954201,605.4116218005258,590.5869591425761,595.0510864257812,2360870.0
2014-09-24,591.5356050633742,603.1982046649914,591.5356050633742,600.640625,2103405.0
2014-09-25,602.6586577078132,624.3283172262067,602.6586577078132,615.7534790039062,4004415.0
2014-09-26,616.0511984060475,616.9068091449151,595.4045443892876,599.3943481445312,2545840.0
2014-09-29,603.9607461974297,609.708317567368,595.0324353516919,596.7437133789062,1612180.0
2014-09-30,598.9386035939797,605.3836969730929,598.1666637232497,600.7242431640625,1303405.0
2014-10-01,605.262728109825,609.5408946232117,594.102382575786,595.2928466796875,1599445.0
2014-10-07,597.0972052755025,598.008615482839,574.4788943758313,576.4877319335938,1803825.0
2014-10-08,579.4079522871414,579.9659468708819,548.7170013634244,551.7302856445312,2196360.0
2014-10-09,558.0080346229499,566.3782947828648,549.795863483118,555.5155639648438,2733180.0
2014-10-10,555.3202486954444,566.3689968712465,553.497428330768,557.803466796875,1604615.0
2014-10-13,556.1571746248541,556.1571746248541,543.1367725433357,547.4428100585938,1350900.0
2014-10-14,546.8569564285751,557.0872736406744,543.4251477477565,545.9827270507812,1055800.0
2014-10-15,545.9827270507812,545.9827270507812,545.9827270507812,545.9827270507812,0.0
2014-10-16,544.132000098151,551.5071222569005,537.7427062752184,540.31884765625,1538700.0
2014-10-17,533.2784962370648,551.8604520891051,533.2784962370648,542.8763427734375,1780025.0
2014-10-20,551.3210386925429,555.8224028764246,546.838293248523,551.7395629882812,1845085.0
2014-10-21,551.6932490165051,553.1812728047529,544.690102957006,551.3770141601562,797795.0
2014-10-22,557.4592403808297,567.3175221584596,557.1430056380234,565.0389404296875,1329990.0
2014-10-27,593.3771091174898,593.3864184896219,571.9771331645048,577.69677734375,1563725.0
2014-10-28,579.417288235709,580.9704205354079,568.6382287889738,573.1023559570312,1003345.0
2014-10-29,572.2467784094905,580.3380412997346,557.4965334832593,566.4992065429688,3463675.0
2014-10-30,572.525626969887,579.7798960128113,572.1443401912607,575.6691284179688,2432810.0
2014-10-31,576.6179128356748,595.5812155603053,576.059918206456,589.3220825195312,1460065.0
2014-11-03,593.3397345368043,606.5461543795536,589.3964216474966,591.7401123046875,1549765.0
2014-11-05,595.1998305598446,607.3088240524376,590.0195631815373,604.9000244140625,2422220.0
2014-11-07,609.1689272363515,643.20796214408,601.1985727812339,631.8895263671875,4121840.0
2014-11-10,637.8137821577626,642.9847403595076,632.308027189193,640.2783813476562,1782480.0
2014-11-11,641.7013662327724,641.7013662327724,632.6057124849717,635.8328857421875,1518390.0
2014-11-12,636.5117345904602,643.9891457209391,636.0467201896093,639.8040161132812,891450.0
2014-11-13,638.0555583614879,651.5781567228772,625.9280032046989,645.114501953125,1656955.0
2014-11-14,646.9279406189345,646.9279406189345,633.4425244771744,638.9390258789062,963005.0
2014-11-17,638.9297547867504,643.5427178474872,637.0603879065907,639.8132934570312,1017690.0
2014-11-18,641.7198963009545,644.9098883940202,636.697717884991,638.5485229492188,921960.0
2014-11-19,641.7199690237545,657.5304610141949,637.999853261298,655.3076782226562,1874455.0
2014-11-20,663.6685039679666,663.9661199844871,653.4939870087522,656.3491821289062,1174130.0
2014-11-21,656.0423712663575,657.9396096787059,651.3549895490346,656.7491455078125,598450.0
2014-11-24,654.7402704644096,661.1109449925507,651.9594934548348,655.1123046875,915475.0
2014-11-25,654.740283048567,668.690715215795,643.5799373147846,664.6358032226562,1648175.0
2014-11-26,665.9006896831934,667.5189308802776,652.3408524824675,665.0171508789062,1121145.0
2014-11-27,663.1105357694771,676.8749506850132,656.9909303587918,671.648193359375,1376570.0
2014-11-28,673.3222858560354,676.8378222457665,668.5605425635698,670.7833251953125,1176465.0
2014-12-01,669.9927657721566,681.9436130669349,669.9927657721566,674.91259765625,1071160.0
2014-12-02,674.8288790727253,674.8288790727253,665.9192439797386,668.0211181640625,861780.0
2014-12-03,665.3426770060604,665.3426770060604,648.9648254470858,651.3829345703125,2300605.0
2014-12-04,654.9263384379747,654.9263384379747,643.8217915133266,646.4723510742188,1625010.0
2014-12-05,646.9188042579133,646.9188042579133,629.8341217561409,631.5825805664062,1597935.0
2014-12-08,631.6569116603843,633.4518603135509,615.781314286032,616.6834716796875,1808155.0
2014-12-09,619.3992072533752,628.5134785297379,617.5391495739356,624.0214233398438,1794005.0
2014-12-10,628.6994927403674,636.4931389222994,621.2592620570495,632.7172241210938,1267475.0
2014-12-11,628.6436315548516,641.3477992228455,619.5851606696682,637.90673828125,1097185.0
2014-12-12,634.4655974173403,637.8043686986887,625.0722733861548,628.2808837890625,938895.0
2014-12-15,622.9333337788925,627.8997129848804,614.2096583250213,624.1702880859375,933585.0
2014-12-16,615.9860611533182,618.9993457261917,580.3194185525366,584.4952392578125,5185610.0
2014-12-17,576.8038253186394,597.6364346537672,568.6195839096804,587.84326171875,4062645.0
2014-12-18,595.2184153113843,598.9385304070805,581.0819665948486,586.150634765625,1755995.0
2014-12-19,591.4983848657158,598.9386161218883,588.7269168874186,595.1162109375,2381975.0
2014-12-22,596.3344781190425,605.4487490093027,590.5962163151057,602.26806640625,1156885.0
2014-12-23,600.7706257103388,602.0075798034233,592.0934986130475,596.3995361328125,1345395.0
2014-12-24,592.61435130884,592.61435130884,580.1984330090954,583.0257568359375,3300015.0
2014-12-26,584.9882106977738,587.2946643336712,579.8079426243744,582.9607543945312,781425.0
2014-12-29,587.1736713520036,588.5594619725249,583.1466874417498,584.2161865234375,605330.0
2014-12-30,584.95088966572,593.3583289383598,584.7090731139349,591.9725952148438,575680.0
2014-12-31,595.1905646626581,606.56485664789,593.7304692502896,603.8119506835938,1219965.0
2015-01-01,600.7985826459393,601.728611411645,595.962421711379,597.1714477539062,378210.0
2015-01-02,598.9384782932439,603.151535519477,598.008449600242,599.1989135742188,430070.0
2015-01-05,599.1989993539452,599.1989993539452,584.2441199355286,585.6205444335938,1468825.0
2015-01-06,582.1981084685871,582.1981084685871,568.2476745595953,570.2100219726562,1956675.0
2015-01-07,571.9863773721294,572.5350626207676,559.877383244312,565.3087768554688,1597185.0
2015-01-08,569.1776419008143,575.5111359396226,565.643543712491,570.3494873046875,1394180.0
2015-01-09,575.6878407159544,589.6382730434816,574.981009729047,588.4850463867188,2968190.0
2015-01-12,586.4762295330194,597.8225940056602,581.5750155966998,596.5670776367188,1671110.0
2015-01-13,597.0785453093288,602.2866843694835,593.3584297622302,599.5617065429688,2453370.0
2015-01-14,596.1484493085283,599.5337676987409,593.5443800716155,596.7529907226562,1656545.0
2015-01-15,600.166226263314,605.2534568425699,595.9531683120489,602.760986328125,2218360.0
2015-01-16,603.0307293273393,612.8890124361596,601.0311445931233,611.177734375,2110020.0
2015-01-19,610.0989071000122,619.3991953180001,608.1830499976847,618.2645874023438,1243345.0
2015-01-20,621.6313286351397,621.6313286351397,612.3960918663205,614.9722900390625,1488550.0
2015-01-21,609.6338244115565,622.9146617463589,604.890700657383,620.4872436523438,2155780.0
2015-01-22,619.4177918400007,625.9093746186721,619.4177918400007,625.2118530273438,1228990.0
2015-01-23,630.5131426809785,630.5131426809785,620.3293142500676,623.0449829101562,2207395.0
2015-01-27,618.4411783997856,618.4411783997856,594.3534683102226,597.5248413085938,2061520.0
2015-01-28,598.938586936398,603.5887312449105,590.0288945472404,602.4819946289062,1248555.0
2015-01-29,601.5426088108154,628.6994607771571,597.1435908075764,625.5931396484375,7008190.0
2015-01-30,626.8393381831733,627.3694613491566,595.4043797577372,601.403076171875,3163790.0
2015-02-02,591.4518865200453,592.242388374199,583.1467353079693,583.8907470703125,1931265.0
2015-02-03,576.989998776303,580.1520632325179,571.9492008615592,574.227783203125,2612865.0
2015-02-04,577.5479019251429,581.5005244423439,573.827786614836,576.041259765625,1074225.0
2015-02-05,574.3858620308357,575.6879252784461,569.4009204370329,571.4190673828125,2110710.0
2015-02-06,571.9677147011868,579.7799793638624,563.5974554616572,566.25732421875,1222480.0
2015-02-09,564.1554893206005,579.0266986204531,559.3193846125865,576.4505004882812,1760745.0
2015-02-10,578.6731860367178,585.0810407292573,571.9676585797924,582.2909545898438,1694925.0
2015-02-11,584.1138482959004,591.6656771251228,581.072636150841,586.364501953125,1164455.0
2015-02-12,594.2884001870337,621.8451579324808,593.7954576785954,619.6223754882812,2286200.0
2015-02-13,624.9793091552738,626.6533495233356,617.7250963840398,621.993896484375,1055275.0
2015-02-16,623.4914557648123,632.9405252990083,620.9152573054738,623.3519287109375,749685.0
2015-02-18,616.9811209765257,627.9554493275768,616.0696541639979,623.9097900390625,1048480.0
2015-02-19,622.5704839506369,631.8149714525892,616.1811913550179,629.2388305664062,858420.0
2015-02-20,632.0474746897512,637.0603429497132,627.025353825029,633.1449584960938,757390.0
2015-02-23,632.8287308432064,636.8836423513843,625.4629194338961,630.5222778320312,2079990.0
2015-02-24,627.7694378053177,634.279639382558,621.3336544258641,624.932861328125,1082050.0
2015-02-25,627.769484078113,629.638851179681,607.308849041493,609.97802734375,2027820.0
2015-02-26,605.0767581579822,610.6569313599229,600.2406534611995,604.927978515625,2485045.0
2015-02-27,604.3326801652701,613.6329678155957,595.4044267267378,609.7361450195312,2169240.0
2015-03-02,625.5374479122667,636.1211818849333,619.7898758235865,629.9365234375,1361095.0
2015-03-03,634.0936171726402,647.8208511846046,625.5652690690642,633.8890380859375,1999645.0
2015-03-04,633.8889795691772,645.0678859844285,626.9509450064835,630.6431884765625,1453640.0
2015-03-05,630.2062136245481,641.7013578425342,630.2062136245481,640.138916015625,1404490.0
2015-03-09,642.0732583765024,654.1822509681613,642.0732583765024,644.9842529296875,1170590.0
2015-03-10,647.3000921129558,647.3000921129558,634.4192149972381,639.357666015625,1110320.0
2015-03-11,643.3661420985586,656.9631607470659,626.4767846521627,645.0680541992188,1548505.0
2015-03-12,645.4400470671948,651.9502492710426,635.2469100385366,638.5206298828125,1841340.0
2015-03-13,643.3939674323506,644.3426150539891,624.7004096617195,628.0578002929688,970535.0
2015-03-16,630.5596516887653,632.1592742956641,613.8470580790015,616.2371826171875,1089025.0
2015-03-17,624.9794205100287,642.2314452441325,623.3053798436972,639.3855590820312,1772035.0
2015-03-18,640.7713209676438,642.4546710785995,632.4196792504059,637.4511108398438,852305.0
2015-03-19,645.4399745073475,647.3000320707692,634.474955606179,637.013916015625,1389765.0
2015-03-20,639.5249830813985,644.5099235564334,627.1183745837666,637.3673095703125,1539650.0
2015-03-23,637.9997495875872,645.4120517928556,637.7207523036318,643.3287963867188,948465.0
2015-03-24,650.8340789065584,655.6702395440279,644.1378608519426,653.1498413085938,2612275.0
2015-03-25,655.6703700793165,664.9706590166118,651.7642373727607,652.9918823242188,1969915.0
2015-03-26,645.4400316361804,649.5414339501875,623.3983362057999,640.9201049804688,2686595.0
2015-03-27,638.9111970852633,638.9111970852633,625.0165638853518,635.2841186523438,1219560.0
2015-03-30,643.1707367238091,643.1707367238091,627.3974272994434,637.1255493164062,1409625.0
2015-03-31,642.4639006214238,653.8102636333864,642.4639006214238,648.9276123046875,1400455.0
2015-04-01,658.6464076937348,663.445331326693,651.3363949471964,657.2792358398438,1413925.0
2015-04-06,656.6003588409452,687.1983302802502,656.4143417206772,684.101318359375,2183820.0
2015-04-07,682.2691884493463,689.1421157457127,678.0282588730498,685.4033813476562,1164730.0
2015-04-08,683.5711513515635,702.2275263546077,681.1809705820422,698.5353393554688,2219855.0
2015-04-09,698.4610359514089,700.1257673012599,684.3152754878691,695.7081298828125,1549295.0
2015-04-10,696.7775300536865,708.2726714370821,689.4024090980721,706.3381958007812,1077135.0
2015-04-13,703.10171418996,708.2540528772618,694.0804242290775,705.9569091796875,1317300.0
2015-04-15,703.1018026640442,706.821918022055,694.1084396801006,698.1912231445312,1468240.0
2015-04-16,693.8014955213715,695.894060353708,681.376324184833,684.5570068359375,1167935.0
2015-04-17,681.7856194892685,688.2214037491985,673.3409409654321,678.3909912109375,1292220.0
2015-04-20,678.9211236559903,691.1882075992023,658.4976677749136,663.482666015625,1514980.0
2015-04-21,665.1381180144983,672.2249342893259,642.0920294453924,643.9520874023438,1936100.0
2015-04-22,649.1694233581593,666.8306615031046,648.7880797552585,664.0963745117188,1698220.0
2015-04-23,665.7518424465138,668.6907084837967,652.6942017401949,656.3771362304688,858435.0
2015-04-24,652.9731734427588,664.2079368221695,645.5050719745551,648.0719604492188,931160.0
2015-04-27,651.950244070318,653.7823737147028,624.0679964471726,629.7411499023438,2723495.0
2015-04-28,630.0016075359744,638.1486131208969,621.4174020805427,634.6982421875,1383945.0
2015-04-29,634.8376750952591,643.0684645385496,623.1193342026047,629.1552124023438,1168845.0
2015-04-30,628.6995620090187,628.6995620090187,609.4479516419449,615.7256469726562,4007680.0
2015-05-04,619.3992767575439,633.3497109187499,616.7952070670112,631.4989624023438,1264110.0
2015-05-05,630.5595364725694,636.1397093617072,623.3146324400423,632.9125366210938,1574005.0
2015-05-06,630.5596500170498,634.05656807291,610.6663164616245,623.7518310546875,2039700.0
2015-05-07,615.9023050868914,622.3753264079043,604.528070258208,610.6383666992188,2099680.0
2015-05-08,622.9333192661087,630.5130771832155,614.3770423985939,623.2030639648438,1342365.0
2015-05-11,628.699376014221,634.2330579104304,621.0266395465918,624.9234619140625,1216890.0
2015-05-12,630.7455478988525,650.406370491035,625.5094811772866,645.2354125976562,6354760.0
2015-05-13,650.4529428331542,656.6004203978276,642.649986536684,649.93212890625,1952595.0
2015-05-14,650.183157915373,658.4418187916975,645.4400334016339,654.6287231445312,1084320.0
2015-05-15,654.1822636559214,654.1822636559214,645.4399704569202,650.3598022460938,977035.0
2015-05-18,651.0202910789548,675.9450565845133,650.0902620916991,673.7966918945312,1734110.0
2015-05-19,672.410883931228,686.8542597638553,665.9006817354899,676.3170166015625,1934910.0
2015-05-20,676.317020859408,684.8732980091369,668.8767897317235,671.2483520507812,1224490.0
2015-05-21,673.8989129481853,678.83736409787,667.7607449621165,673.192138671875,1149350.0
2015-05-22,673.359576479326,680.7811893129459,668.6908130000111,677.5540161132812,1027005.0
2015-05-25,675.2008991894749,681.4879028703008,665.2217084721395,666.9143676757812,1001045.0
2015-05-26,667.2027621772519,670.5508435446452,658.0884334553685,659.8090209960938,1452145.0
2015-05-27,650.1459289462833,669.34173695123,650.0901294890083,667.1375732421875,1199620.0
2015-05-28,667.1654557055423,669.6207453954613,651.066659222238,656.2190551757812,1456865.0
2015-05-29,663.1105259037075,664.6078586290538,649.1600940824513,657.5768432617188,3791700.0
2015-06-01,656.2283947226249,664.4126947733238,655.0379872017259,658.1721801757812,792215.0
2015-06-02,655.6703074572969,656.804915352342,644.5099617984492,646.1375122070312,861195.0
2015-06-03,644.8819845159206,646.3700078714264,632.233558936312,637.6370239257812,741335.0
2015-06-04,638.5762941583246,645.3841109762919,632.2334916850455,636.5116577148438,827575.0
2015-06-05,637.9998379233895,645.7748660565363,633.3496933321111,635.3213500976562,762220.0
2015-06-08,637.0697857020208,641.3478958637255,631.2757239178538,633.73095703125,927440.0
2015-06-09,632.4196243670996,632.4196243670996,616.237099508394,617.892578125,1080750.0
2015-06-10,618.4505656750902,628.63439292176,618.4505656750902,626.20703125,886690.0
2015-06-11,628.3275403585806,628.3275403585806,613.0750995293724,616.190673828125,947190.0
2015-06-12,616.8323091110959,621.2499460319974,614.5351651591654,617.0834350585938,778335.0
2015-06-15,619.3434161588243,626.0581972253567,616.2370948158439,617.6507568359375,1237170.0
2015-06-16,617.9110961963515,620.3849475828558,607.5970528500211,611.3264770507812,1597855.0
2015-06-17,613.8190361963165,625.6675945702779,613.8190361963165,622.5985107421875,1806375.0
2015-06-18,627.7322729342034,634.9678676380368,624.3562637756306,628.2251586914062,2159880.0
2015-06-19,630.7549143321314,637.3860248632986,627.6579022323698,629.5830688476562,1766225.0
2015-06-22,632.6055963574723,637.9997520040328,632.41957924598,637.2371215820312,1036010.0
2015-06-23,638.929838859987,641.4967276442704,636.6977468481427,640.4829711914062,766625.0
2015-06-24,640.482929135214,646.3700274374323,636.353598919568,638.8460693359375,1369165.0
2015-06-25,637.0698288600867,652.7594126588855,636.4094878723392,648.3139038085938,2353050.0
2015-06-26,650.462110885766,658.4603351893488,649.0670678027378,656.618896484375,1224430.0
2015-06-29,650.8340811808578,658.6463450659502,637.6276621200814,654.9541015625,1130240.0
2015-06-30,650.4621958964748,663.1105654632024,642.3151341445158,662.0782470703125,1976490.0
2015-07-01,659.9484618166396,671.1274269710623,657.6048276698576,664.710205078125,1313440.0
2015-07-02,664.412622439307,667.75139416891,657.7908216751686,659.8926391601562,718390.0
2015-07-03,661.0645290622833,669.6021875305304,660.3205172970939,667.3422241210938,704885.0
2015-07-06,659.5763814682771,694.3129315541076,659.5763814682771,691.3275756835938,2391555.0
2015-07-07,691.1974648798731,698.2656615589194,686.0729967435587,695.6522827148438,1952545.0
2015-07-08,693.5410816938912,701.3068565931696,689.151372800991,692.0995483398438,1690125.0
2015-07-09,690.4534930403879,699.1771688527443,690.36976546121,694.182861328125,964305.0
2015-07-10,698.4371880257451,703.9632468548014,694.2668909369015,701.3731689453125,856355.0
2015-07-13,701.410694021679,708.760092364365,692.1163971239572,702.8038940429688,965105.0
2015-07-14,710.6207741034864,715.9317924642953,703.2526570996866,705.5715942382812,1374640.0
2015-07-15,708.9282831592708,714.3608606925252,706.8992633040345,713.4351806640625,966060.0
2015-07-16,712.5002253004736,725.4037612737466,712.5002253004736,723.066162109375,1071235.0
2015-07-17,723.7206817178759,727.1616207463426,720.261023634107,725.0390625,1133300.0
2015-07-20,728.3959573225222,735.6798963504407,722.7950784122268,734.9879760742188,869360.0
2015-07-21,733.4450937856521,733.5198558639333,717.2688628571552,720.569580078125,746460.0
2015-07-22,719.9805326757986,728.9662500425837,716.483493505477,719.5597534179688,689905.0
2015-07-23,724.4593762236866,741.4677503585201,724.4593762236866,731.8368530273438,2702115.0
2015-07-24,734.1931811104929,736.6242614932906,726.6567634394671,730.995361328125,1587895.0
2015-07-27,728.3958465343823,731.2196843816419,715.6325331989573,720.887451171875,1698575.0
2015-07-28,728.7512839196941,731.2010834957055,698.8954715916362,701.1115112304688,2594915.0
2015-07-29,704.0848869361233,707.7315645571371,685.9450941125732,694.2388916015625,2177750.0
2015-07-30,699.2226143626466,735.6891594352481,695.8564945686759,731.7807006835938,6650085.0
2015-07-31,741.8604854291268,765.5169772969006,739.8127463009708,762.2630004882812,3523830.0
2015-08-03,764.8811637965537,778.635560721612,756.3816281444348,774.9421997070312,1823225.0
2015-08-04,776.2606127913157,784.488950758091,769.2758365380771,778.2802734375,2000230.0
2015-08-05,780.4028628491185,787.3034606925462,774.240982924917,783.89990234375,1442725.0
2015-08-06,789.5475840075796,809.0898804483132,789.5475840075796,797.8881225585938,2328085.0
2015-08-07,796.2797838990274,799.4589416999871,791.0435844189346,796.4387817382812,1073790.0
2015-08-10,796.0928163969088,807.556355078902,793.5214572445549,796.5977172851562,1460555.0
2015-08-11,800.580990412827,805.4432081931477,782.6188575029263,789.8934936523438,1371000.0
2015-08-12,790.7068449314488,801.4878210778692,786.1812284776647,799.4588012695312,1430370.0
2015-08-13,803.0122100097029,807.4910874064016,794.2415316702607,802.5914306640625,1165870.0
2015-08-14,806.5651475030139,811.2310431118367,790.6694740789133,796.2329711914062,1352505.0
2015-08-17,788.9865129742044,790.7724708183551,777.8314958407105,781.96435546875,1080150.0
2015-08-18,786.2749550266516,789.9215758392645,777.7941375764311,783.8157958984375,2100885.0
2015-08-19,791.0435626828869,798.2901201424525,784.8816261321471,791.2866821289062,2782205.0
2015-08-20,794.9708621963449,809.3143410003264,794.9708621963449,803.3114013671875,3407185.0
2015-08-21,806.5558945622364,806.5558945622364,787.5278030236234,793.6710205078125,2078250.0
2015-08-24,776.0830103762404,785.1622671031784,752.5574348352848,756.1199340820312,2007385.0
2015-08-25,762.2443539040404,776.0829296696331,735.315222698237,767.7330322265625,2271915.0
2015-08-26,767.667580295377,772.342778713741,742.6085281870044,759.4766235351562,2203760.0
2015-08-27,770.8468733130508,784.311412878466,764.0023747790859,772.3616333007812,3239700.0
2015-08-28,791.0435528876202,792.7453319183902,777.7192377237329,781.8334350585938,1473675.0
2015-08-31,785.358489092053,807.8275193394858,781.842730866762,804.6296997070312,2316040.0
2015-09-01,805.0411373720905,805.9014150233096,786.3684211622535,794.615478515625,2487615.0
2015-09-02,794.7649633723947,800.8614399989189,781.1882268050787,785.4613647460938,1677550.0
2015-09-03,791.9692285767683,796.5509457162335,784.5356519024605,787.15380859375,1048115.0
2015-09-04,785.4333102993521,785.4333102993521,752.7069223702125,757.9151000976562,1829070.0
2015-09-07,762.9923648443989,765.7974838327975,734.9411749604137,738.0267944335938,1125360.0
2015-09-08,738.1390182192166,749.9018335328683,720.2891424452364,743.8334350585938,2082665.0
2015-09-09,759.2522148758246,762.422013065834,739.9343203324005,755.7084350585938,3668120.0
2015-09-10,751.4072069091438,751.5942262550611,740.5514101615995,743.0853881835938,3044895.0
2015-09-11,751.3978991455028,753.4363359650515,741.6921822477659,750.6873168945312,1981335.0
2015-09-14,752.0524086328965,757.3821462613871,743.7305896630646,756.0169677734375,2069560.0
2015-09-15,753.6420146923903,753.6420146923903,744.4318962739575,747.3865966796875,1808375.0
2015-09-16,752.6975638241711,752.6975638241711,745.7969665947744,749.9766235351562,1729805.0
2015-09-18,755.1380307798529,756.4471091739078,747.4707509784536,749.125732421875,2746650.0
2015-09-21,747.9007459967014,747.9007459967014,736.9982095868278,740.0464477539062,1059220.0
2015-09-22,748.0224287026903,748.0224287026903,730.0790138996804,734.8851318359375,1332170.0
2015-09-23,731.14489768846,740.0184147323671,721.2896004375455,735.78271484375,878465.0
2015-09-24,738.6813623511352,747.8447399890273,736.1848223340106,742.46826171875,2595465.0
2015-09-28,746.5358056159223,790.4639575380088,742.4216076321577,783.797119140625,4571020.0
2015-09-29,773.9136039880367,775.5312043060906,751.771872115459,763.2634887695312,2578965.0
2015-09-30,764.4884205601549,784.4982925669768,762.9923798982754,778.3924560546875,2746920.0
2015-10-01,788.0046983601421,794.7837361093098,783.5632598348254,791.5952758789062,1986180.0
2015-10-05,791.0435856214734,791.0435856214734,778.7477907473482,781.7399291992188,1572510.0
2015-10-06,791.4176305187345,804.9757062648521,789.1735123947076,794.1292114257812,1675200.0
2015-10-07,794.0357107729026,794.0357107729026,782.9367942935548,784.6011352539062,1330320.0
2015-10-08,789.9215956775287,793.6523952729563,785.6204355124886,790.14599609375,1642270.0
2015-10-09,796.8408496004769,803.180389136437,792.1469320095435,796.2517700195312,1328605.0
2015-10-12,789.3604801640581,801.0671377182007,777.1956052445654,783.095703125,1210975.0
2015-10-13,785.4333351089331,795.3073518960622,780.3279978854194,790.6788940429688,1329840.0
2015-10-14,791.0435558197872,796.6537938043248,781.7025187067791,784.84423828125,1101435.0
2015-10-15,785.4333380817775,792.8388364325806,782.8619789392478,786.8265380859375,1268355.0
2015-10-16,786.630307989653,800.3098877181432,777.9998518536107,798.5239868164062,1019710.0
2015-10-19,791.0623922697414,815.3547080852909,787.3689736344234,813.0358276367188,1683600.0
2015-10-20,817.2247348301031,820.3290736232022,798.645499714864,807.8182373046875,1816010.0
2015-10-21,797.5889539612748,797.5889539612748,778.514119104069,780.4963989257812,4546375.0
2015-10-23,783.5632576341853,784.9470981083246,774.465339743003,783.2640380859375,7302805.0
2015-10-26,794.9707457494586,796.8408251056934,777.1208131832689,785.5736083984375,4354730.0
2015-10-27,790.0992005605355,790.1085600889435,778.4205636379237,781.52490234375,4071250.0
2015-10-28,785.4333716529443,785.4333716529443,763.0111372342037,769.2852172851562,3227090.0
2015-10-29,769.5282926857757,792.9136440793146,763.5908135800441,789.4259643554688,6075625.0
2015-10-30,796.8408846051376,816.3551595789386,791.0436267538748,800.3753051757812,5226980.0
2015-11-02,795.3447241678588,806.9673175417972,791.6420035824486,803.4421997070312,2237600.0
2015-11-03,806.0041816433446,812.5494592204947,803.993823559389,810.7074584960938,2533870.0
2015-11-04,811.6331647723508,818.9451819497036,806.004207612148,808.4166259765625,1432455.0
2015-11-05,805.0879261070793,809.4078050914799,792.3713515444836,794.6715698242188,1511245.0
2015-11-06,796.2797930300113,802.6381087048419,676.0337093299994,678.9603881835938,20077465.0
2015-11-09,667.618374369191,668.5534141092038,644.4200407022835,654.7428588867188,8571740.0
2015-11-10,654.1537630025708,654.1537630025708,617.1262130478198,622.8673706054688,9468305.0
2015-11-13,620.1182637550725,637.4538771036208,616.7520870092397,633.8820190429688,8533480.0
2015-11-16,643.3072565687971,659.2029300595958,637.6970188661622,656.2482299804688,6525455.0
2015-11-17,647.0475156547467,649.1139740751942,637.7158370874236,643.5504760742188,3942100.0
2015-11-18,640.1282443368891,642.1853433754939,628.3467653153472,629.646484375,3717640.0
2015-11-19,635.8270077090581,636.7620474262773,586.8028821836907,613.5917358398438,19031830.0
2015-11-20,620.3053156543417,631.5538127681127,618.949496771791,627.0562744140625,3921190.0
2015-11-23,628.3466449684597,640.2777600369051,628.3466449684597,637.5567626953125,2838850.0
2015-11-24,635.6399933423484,637.51007279147,626.476615455712,633.5267944335938,1607540.0
2015-11-26,589.0749239853244,598.40660055041,576.1713894454173,579.8648071289062,13707815.0
2015-11-27,585.3349080021969,587.1956280513393,569.8225727894178,579.59375,6941180.0
2015-11-30,582.5297663158159,586.8309263529501,580.1079882437969,581.5947265625,3855655.0
2015-12-01,585.7088493740468,602.9977230698028,585.2413295571998,600.4637451171875,5924780.0
2015-12-02,603.1006338146939,610.5809517534808,602.1655940723456,608.0844116210938,4179595.0
2015-12-03,607.2147596668332,607.2147596668332,598.6404051533555,602.8480834960938,1960590.0
2015-12-04,597.3407389061721,601.4735980673322,594.6852012613105,597.5838012695312,1629340.0
2015-12-07,598.9771415840704,599.4165828750438,589.5144867616767,594.6665649414062,1733125.0
2015-12-08,588.8505868551288,589.6173262266418,569.0651156417044,572.8427124023438,4393125.0
2015-12-09,555.0302389744404,565.5119974551127,551.95392184565,560.1261596679688,5197810.0
2015-12-10,559.90171699162,568.0739541968226,554.787077627879,560.1448364257812,3435450.0
2015-12-11,560.2665017695432,565.5027018375422,551.8605030729141,555.2266235351562,2429255.0
2015-12-14,554.665592434608,564.2030093213742,551.9072137514814,562.96875,1876560.0
2015-12-15,563.0808673575806,568.8687648550889,558.4617693783874,559.9391479492188,1973825.0
2015-12-16,562.3141572211554,569.065116195723,560.5281995050789,561.8653564453125,1604035.0
2015-12-17,567.7560947205359,572.9829344767245,562.9967177255002,564.380615234375,2461875.0
2015-12-18,561.9588550378166,562.5666536658917,555.3761961497343,556.1990356445312,2192485.0
2015-12-21,557.9382181797345,566.5405951078613,554.0203994291027,562.7910766601562,1833850.0
2015-12-22,564.8013506316839,567.0080876611191,560.0887711658445,561.2294921875,951540.0
2015-12-23,563.828946275803,566.8678253394785,562.9219851490013,565.6242065429688,863570.0
2015-12-24,568.2236588060534,570.196578951534,561.9588811627258,562.8939208984375,1132870.0
2015-12-28,563.8289497951772,585.1478439455128,563.8289497951772,583.595703125,3759550.0
2015-12-29,579.7245730639374,588.5419899638783,577.8544937959892,579.8180541992188,3116650.0
2015-12-30,581.7817086691927,593.189204343156,581.7817086691927,583.6798095703125,3166420.0
2015-12-31,585.1477410289397,590.0099581200558,578.8549430978526,581.332763671875,2729505.0
2016-01-01,583.24028088555,584.025682150946,577.854443927408,581.332763671875,859300.0
2016-01-04,580.6595925004651,583.4647113048152,568.9809570096004,571.4962158203125,1669965.0
2016-01-05,573.1792405931839,576.9942179131901,572.2442010489862,574.23583984375,1507525.0
2016-01-06,574.8530117664112,578.2285483109081,567.5316923225286,569.6729125976562,1333990.0
2016-01-07,564.9510135530846,564.9510135530846,555.4135969390618,559.4903564453125,2419515.0
2016-01-08,557.2835627971605,567.0079967881776,556.498104476924,563.0247192382812,1854355.0
2016-01-11,559.8083221372488,559.9018032862002,546.5120269212184,548.2138061523438,2329895.0
2016-01-12,545.3152014368034,550.3457199295917,540.4997238271046,546.6710205078125,2357910.0
2016-01-13,548.868312842781,551.5425127314816,533.9824965559269,540.630615234375,1875845.0
2016-01-14,538.582955885506,546.9983145712171,533.7207372308122,545.1282348632812,1956610.0
2016-01-15,548.1576814658895,554.4785591636568,546.7083813003472,549.03662109375,1705645.0
2016-01-18,547.5592682137732,551.8043853079757,534.8614691876721,537.629150390625,1377180.0
2016-01-19,541.9303784286686,550.8693565541045,531.4111807725192,545.2216796875,1225980.0
2016-01-20,541.0139470789845,542.8840264772117,534.4500071990075,536.7315063476562,1976660.0
2016-01-21,541.2010026138879,541.2010026138879,514.2812284220413,515.599609375,3119925.0
2016-01-22,520.6300639579633,544.5390345766256,519.7043838388178,539.0222778320312,1922080.0
2016-01-25,544.193066810184,547.1852050520644,538.657648158394,542.9307861328125,943135.0
2016-01-27,545.6891122772007,557.6576653517815,542.3229923939065,555.9745483398438,2136065.0
2016-01-28,556.0868297699622,566.5967248211333,554.4785887444133,563.1183471679688,3050750.0
2016-01-29,560.6404432874303,583.45537627871,555.600565927105,580.7344360351562,4349920.0
2016-02-01,576.9195093217425,586.8309075613884,568.7379117422201,570.4677124023438,2828705.0
2016-02-02,572.244268756898,581.1458645333875,568.6911294825965,570.0936889648438,2046945.0
2016-02-03,568.1114651594377,568.1114651594377,560.5189469834643,562.5759887695312,1709585.0
2016-02-04,570.1871956581606,570.1871956581606,555.413579863723,562.6414184570312,1690605.0
2016-02-05,563.6606373474224,584.2127916378756,559.7895593025444,581.4263916015625,2201340.0
2016-02-08,579.5375069428571,584.2127047353459,567.0080111011583,574.1797485351562,1702935.0
2016-02-09,571.8701374737303,582.5296106410208,551.2992683981245,553.4685668945312,5609845.0
2016-02-10,542.3230423709916,549.3639189182743,528.297446447604,539.5272827148438,3199525.0
2016-02-11,542.3230335340621,556.8255086137806,533.3466751174784,539.5833740234375,3930550.0
2016-02-12,545.1094659186716,548.7094032691863,528.3535692486477,532.4957885742188,2541695.0
2016-02-15,537.1429783695569,541.743358157194,526.0627226146219,534.6651000976562,1903910.0
2016-02-16,535.2541967561879,546.7177940787637,532.0657360814413,534.029296875,1654515.0
2016-02-17,538.4144645545784,558.9666149913012,538.4144645545784,553.67431640625,3638300.0
2016-02-18,570.3742287516583,589.8978626555354,564.7639904360682,580.3978271484375,5658600.0
2016-02-19,580.6597171367353,580.6597171367353,569.5701587800781,572.0199584960938,1927980.0
2016-02-22,574.11436335204,583.0533404074131,573.6281244560885,581.2206420898438,1438030.0
2016-02-23,583.4648503049826,588.8880698713211,573.3664316176106,576.15283203125,1731230.0
2016-02-24,574.9933481565887,574.9933481565887,561.0238519599735,563.4923706054688,1986430.0
2016-02-25,563.0622221041739,565.2782617157359,558.2187231138661,559.9859619140625,2799830.0
2016-02-26,564.7640528094101,566.5967514068817,552.8329355426517,559.9111938476562,1215375.0
2016-02-29,557.3959199604477,575.2364952905267,556.9190405320979,567.8029174804688,2509475.0
2016-03-01,568.5041047458617,570.2713433736027,561.023787578153,565.6148071289062,1597260.0
2016-03-02,570.3554895640847,575.0306879953987,562.14587079525,563.8756713867188,1842655.0
2016-03-03,572.6183765454315,598.6124706724255,572.6183765454315,596.2094116210938,4450185.0
2016-03-04,601.034182480772,613.9470791910841,598.4254421143618,608.2901000976562,2963165.0
2016-03-08,609.6458557922452,611.5159351044914,596.1812619159564,602.0813598632812,1503355.0
2016-03-09,602.3525678411793,603.3062694983846,593.6379912536868,602.1561889648438,1751980.0
2016-03-10,605.0641989340754,605.0641989340754,590.9451215479938,595.4800415039062,1273630.0
2016-03-11,594.6852884236026,602.577026294929,594.3112496908145,600.4544677734375,1540835.0
2016-03-14,600.2954206219239,607.2147364603229,595.0966027510626,604.7181396484375,1689115.0
2016-03-15,604.5966377938283,604.5966377938283,581.4076650083443,585.9613037109375,1074240.0
2016-03-16,581.7817314394849,591.6370296487074,573.4131144416463,589.879150390625,1458955.0
2016-03-17,591.7678605042922,591.8987797438098,580.7250452251083,584.4932250976562,1481985.0
2016-03-18,581.2205942095328,594.3111486473176,577.1812733477271,593.0582275390625,1904355.0
2016-03-21,590.3840185272198,598.2383168220643,584.6896023269562,595.10595703125,1624205.0
2016-03-22,594.6851926755421,598.4066320653275,569.4391231751653,571.8609008789062,5177515.0
2016-03-23,572.2442251249805,575.7506235632463,566.82100695452,569.9814453125,2024905.0
2016-03-28,568.1301151059251,574.9652532251835,563.6606548889227,567.690673828125,1902365.0
2016-03-29,566.6341053150575,566.6341053150575,539.9200120163721,550.0465087890625,2533990.0
2016-03-30,555.6192046438844,565.9420783700659,547.0823455863276,563.950439453125,1805565.0
2016-03-31,565.1380447938985,572.8053250478519,561.6783863228018,567.6065063476562,3311230.0
2016-04-01,564.8014118919407,565.9141115202932,554.5066717852765,557.2743530273438,1585615.0
2016-04-04,562.5199725269841,569.3083712298389,560.4629304342571,563.2212524414062,1532140.0
2016-04-05,561.9588857538378,568.5041639572935,559.5464672363096,561.005126953125,1418750.0
2016-04-06,562.7069020435988,568.5041598242874,555.4323225697698,561.2949829101562,1148040.0
2016-04-07,561.9588942840777,575.0494508896968,561.9588942840777,567.7094116210938,1792820.0
2016-04-08,570.3741738243205,577.7516501957374,566.6901154023813,568.3451538085938,1104765.0
2016-04-11,566.4751124280274,567.5690928876838,560.088775353744,566.4937744140625,1142755.0
2016-04-12,570.374219612723,579.3505779457234,570.374219612723,576.4987182617188,1435325.0
2016-04-13,579.7246456977749,583.9697056225774,576.9288859731573,579.6311645507812,1819860.0
2016-04-18,580.4726241413745,581.4076638249368,565.1192885169647,578.0509033203125,2260020.0
2016-04-20,582.7167197819463,585.3348193810942,579.6030217758446,581.3609008789062,1775285.0
2016-04-21,583.2778267343945,587.1862863230543,581.3610065226061,585.559326171875,1538560.0
2016-04-22,583.0721627748705,590.9451822934626,583.0721627748705,587.5697021484375,1214865.0
2016-04-25,590.6552070717647,592.6094650785898,579.2664308235393,582.7447509765625,902240.0
2016-04-26,582.9037940585093,586.2418356930689,579.8181172744886,583.5115356445312,886920.0
2016-04-27,579.6871999599015,586.2698585278923,577.106481403556,585.47509765625,966445.0
2016-04-28,585.3161179775359,587.9529367116494,574.4135804689581,576.6109008789062,1641560.0
2016-04-29,579.7247104352393,581.220751375983,573.5534702167921,577.6115112304688,1937975.0
2016-05-02,576.1620830633029,576.1620830633029,561.9588285254147,563.23046875,1065565.0
2016-05-03,562.7068732963494,566.2600126996712,551.9539168753297,553.4219360351562,1743355.0
2016-05-04,551.4863922983639,553.3564716598845,546.0631735640128,548.5503540039062,1170210.0
2016-05-05,549.6162987063442,552.0474360555505,544.3800994577779,547.8490600585938,1009435.0
2016-05-06,546.053831863049,546.053831863049,534.8333553276091,536.0208740234375,1220560.0
2016-05-09,533.1596778155288,536.6847388715174,527.73645866991,531.1119384765625,1968910.0
2016-05-10,535.5907306187294,553.9175430449887,533.0193714347381,546.8953857421875,2237095.0
2016-05-11,544.8663657171787,544.8663657171787,533.9170861669909,536.4697265625,1815880.0
2016-05-12,536.8998367682013,558.7797327128688,531.8599588103428,555.6847534179688,8655965.0
2016-05-13,542.3043536305764,550.4953112389844,539.461853243171,545.5396118164062,3378110.0
2016-05-16,547.3348001605341,566.2599936951236,547.3348001605341,561.4725952148438,3630650.0
2016-05-17,563.4455381566545,567.9430763536882,562.7255394015467,564.3431396484375,1535665.0
2016-05-18,563.9224285687575,569.4391857083356,561.0238282840744,565.755126953125,1257295.0
2016-05-19,570.2807354180106,570.2807354180106,563.8289386648721,565.8112182617188,1812590.0
2016-05-20,568.5041055587499,569.4391452060505,565.1379856565842,567.3446655273438,1137700.0
2016-05-23,564.7639204842764,569.8692572644214,564.5862606768092,566.5966186523438,1195245.0
2016-05-24,565.6990332309339,568.5041524039798,563.8476728392181,565.7271118164062,884955.0
2016-05-25,564.7640248300909,575.0494623683873,564.7640248300909,570.6641235351562,1047270.0
2016-05-26,572.6931167903499,581.5947133014456,572.253675510054,577.9854736328125,1407535.0
2016-05-27,576.7323777634243,586.8307933972222,575.0773965828195,582.7260131835938,908980.0
2016-05-30,581.9688196110326,594.0027777937954,581.9688196110326,592.8619995117188,1377375.0
2016-05-31,593.4791746481986,598.1823955035959,590.9451960628096,595.2650756835938,2781820.0
2016-06-01,596.5553529029065,602.1468722742038,593.207894660853,595.2743530273438,971200.0
2016-06-02,593.1892637111965,598.1917037436133,592.1981238197712,594.1336059570312,1192120.0
2016-06-03,595.9942627211294,597.8549823903023,587.6350064304052,590.9637451171875,1693175.0
2016-06-06,590.2719163342387,592.6281776787148,584.6429588190796,589.2994384765625,1994080.0
2016-06-07,587.2331043608575,595.2463456531033,585.7089848398069,590.1878051757812,2996330.0
2016-06-08,588.8879954636894,592.0297151791865,586.2698957007751,586.8215942382812,1182665.0
2016-06-09,579.4814507159208,579.5375508108657,572.6650323638071,574.2919921875,2852425.0
2016-06-10,571.3561200333099,578.4250194013317,570.374339551422,573.3290405273438,1481405.0
2016-06-13,573.9274063498034,580.145443723589,573.740386979483,577.52734375,1983470.0
2016-06-14,577.4804484547881,581.445064396162,575.9844078857979,579.2196655273438,1349660.0
2016-06-15,578.7896035478002,578.7896035478002,575.4982453749849,577.2467651367188,1088955.0
2016-06-16,577.246695565005,577.6674748146132,567.0080572228494,570.0469360351562,5407740.0
2016-06-17,576.1714560393847,578.7708366453033,560.9864209305872,561.5755004882812,5331775.0
2016-06-20,562.1458331130193,572.992269918483,562.1458331130193,571.6738891601562,712150.0
2016-06-21,575.7974732741042,578.6025925564434,568.1301358216508,570.1965942382812,662355.0
2016-06-22,573.9274493930005,586.0829674615762,573.1513503366295,580.678466796875,1533625.0
2016-06-23,581.286185585189,594.4889432022277,581.286185585189,593.1051025390625,1082000.0
2016-06-24,581.594684187961,592.2447998991414,576.9194857620128,589.6828002929688,1491785.0
2016-06-27,585.708860771657,611.1418936468166,585.708860771657,607.1399536132812,2081950.0
2016-06-28,605.9057051989114,614.3210622155628,604.9987441141903,612.0863037109375,2009200.0
2016-06-29,616.9391151739221,621.2309720384693,609.5148984850655,612.3948364257812,2120195.0
2016-06-30,622.3998488043122,634.5366460272072,620.1183496197785,632.40478515625,3062975.0
2016-07-01,641.437125564929,655.6029974488864,641.437125564929,651.5542602539062,2745410.0
2016-07-04,664.9255320533373,665.4585116150608,639.2493172854543,642.3723754882812,1702580.0
2016-07-05,643.3073532457834,650.7970308356048,641.437273730534,645.2802734375,1583845.0
2016-07-07,648.8988740467687,663.1302088631649,648.5435543725287,659.1656494140625,3010480.0
2016-07-08,661.4564382057623,667.9924139357443,653.5927790932674,665.9820556640625,1073090.0
2016-07-11,669.8624671579088,680.5218855474457,668.2915502324287,678.1749267578125,1339315.0
2016-07-12,678.2778799661278,679.194200689013,666.8797427529156,672.5460815429688,1405505.0
2016-07-13,674.1635336546699,678.2216305215755,664.8131379035649,676.1458129882812,931630.0
2016-07-14,672.0504747501875,673.6306942433392,665.7483158354647,670.0869140625,1085130.0
2016-07-15,669.6752929234142,675.8091496837493,666.4493952747764,670.9843139648438,1368450.0
2016-07-18,674.4163671434717,678.8827007007131,666.4709833372897,670.9373168945312,1135725.0
2016-07-19,670.7964150241104,677.5663915718533,670.0535563855937,674.3506469726562,914720.0
2016-07-20,675.8738777220689,693.8990459265582,675.1216645042804,691.416748046875,1512415.0
2016-07-21,689.0378246814686,689.0378246814686,676.1371984185687,680.19921875,1209170.0
2016-07-22,679.5974806854542,684.8442645489794,673.062516488745,676.9740600585938,1585395.0
2016-07-25,671.3605938989905,673.081324095465,651.614694078432,654.87744140625,2805770.0
2016-07-26,655.9398788754396,661.5722092104484,618.7236052386745,624.2806396484375,7676225.0
2016-07-27,567.9485497885388,577.2197067043345,556.3172783728164,560.445068359375,23594215.0
2016-07-28,562.0999862845027,567.7040818641193,555.311184819009,556.599365234375,5719065.0
2016-07-29,557.7746073087004,559.8432366404593,550.0831169030502,552.0106811523438,3448735.0
2016-08-01,555.329859022139,564.7233131238409,554.4084021341405,560.5014038085938,3112110.0
2016-08-02,562.0999282524706,563.9804901117228,557.5865912683038,559.9090576171875,2047300.0
2016-08-03,559.373072928938,559.8432133306634,551.0045508221518,552.7252807617188,1737965.0
2016-08-04,556.3829600056537,560.7458769467527,551.2114153028531,557.1069946289062,1502550.0
2016-08-05,560.8682121824496,566.9894507586439,558.6679867508526,565.8046875,1488330.0
2016-08-08,569.7726665130265,572.5840973779567,565.8610656129711,570.9761962890625,2015970.0
2016-08-09,571.6908145229648,575.1322175297563,568.1271704021157,571.37109375,1210050.0
2016-08-10,570.1863695278867,570.1863695278867,561.9118515678568,564.1027221679688,1249310.0
2016-08-11,563.2187763053993,568.6159788104773,559.147344450972,566.2088623046875,1139890.0
2016-08-12,565.6166456703926,568.305893106652,561.1597226481363,566.2654418945312,1209155.0
2016-08-16,565.8611010573638,567.5442407971246,560.7836180310455,565.456787109375,1523125.0
2016-08-17,560.8024140548686,567.9109365769032,560.8024140548686,565.0430908203125,1763255.0
2016-08-18,569.8102464340797,572.2549539082473,567.1116447426783,569.28369140625,1323700.0
2016-08-19,569.8102191275855,570.9103316992218,564.7326793674018,566.0773315429688,869430.0
2016-08-22,567.5535622061999,568.8229759311869,560.9715955128004,566.61328125,866895.0
2016-08-23,568.4938700297765,568.6537591208274,563.2283193822817,565.8987426757812,1088960.0
2016-08-24,568.8699461098422,572.4430020619152,565.522548391977,571.6531982421875,1269565.0
2016-08-25,573.7593996777811,578.8368819533993,571.8788379334358,573.6277465820312,2323985.0
2016-08-26,575.4518760470844,577.5299173710555,568.8699101445851,571.7659912109375,1172565.0
2016-08-29,574.5115528654568,575.2637660065565,567.4594470610526,573.9755859375,729315.0
2016-08-30,576.2042032701229,582.974238159042,571.8789334914743,581.2347412109375,1078005.0
2016-08-31,582.5039648112263,588.644026079609,579.1753913870579,581.0653076171875,2390975.0
2016-09-01,577.3419183612009,584.6479197464034,576.6367076449518,582.5322875976562,1361525.0
2016-09-02,582.4287777346924,590.3083362506713,579.6079350408629,587.308837890625,981150.0
2016-09-06,588.8039021783417,591.4366771805986,585.888996998186,589.1893920898438,662725.0
2016-09-07,589.7441843742567,593.815616688154,585.9172342736462,590.2801513671875,762925.0
2016-09-08,592.9693462185814,601.4036383110109,590.872538184716,599.6077270507812,1002560.0
2016-09-09,596.6081108162853,606.4810582766021,596.2507995550784,600.5196533203125,997660.0
2016-09-12,592.9411902460016,598.9590117502787,588.9920558609064,590.045166015625,837335.0
2016-09-14,592.3676848819863,596.1382213000867,589.5562535570258,593.8439331054688,702670.0
2016-09-15,594.9909928804447,597.9810793432207,589.0013505729928,590.3930053710938,559065.0
2016-09-16,590.6844214008344,597.6707009924048,589.5560729410917,592.4051513671875,1041815.0
2016-09-19,595.5740091443698,597.0596118053937,590.6845364598587,593.7592163085938,664425.0
2016-09-20,596.1382213000867,601.7799079369961,592.4429234397356,593.8439331054688,1405770.0
2016-09-21,594.6336525735176,597.8305731373465,589.5561128560021,592.9411010742188,1250240.0
2016-09-22,592.753027609537,597.1723013704086,590.900644627099,592.2452392578125,1438040.0
2016-09-23,595.9500177189847,599.3256513720846,592.452200348932,598.432373046875,775585.0
2016-09-26,598.7708445182683,605.5408782374705,594.4549874780323,601.7139282226562,1160760.0
2016-09-27,600.8393893768185,605.5407930495636,598.0185471731716,600.03076171875,873535.0
2016-09-28,601.6293348202722,606.9888898467003,599.4572883144552,601.8455810546875,1185835.0
2016-09-29,601.7798227948218,603.6227941626015,585.0710115376716,589.6314086914062,2161055.0
2016-09-30,588.2397365959617,588.4278042631157,575.1322179190314,584.3657836914062,1185890.0
2016-10-03,585.7197779150011,598.9589494123975,585.7197779150011,594.3609619140625,1080630.0
2016-10-04,597.8306384518352,597.8306384518352,590.9477747586469,592.0667114257812,792700.0
2016-10-05,592.0008665548805,592.3581779091428,583.9144732946398,587.3276977539062,904875.0
2016-10-06,585.7949962338363,586.7070411525908,575.4519064126931,578.6770629882812,802650.0
2016-10-07,577.3325008268113,579.5891980532218,572.6310960969512,574.3800048828125,902585.0
2016-10-10,574.323589311801,582.7485272333663,571.5027464788451,578.9591674804688,1585075.0
2016-10-13,577.4829168582181,580.10633741054,569.3589331531726,573.599609375,1939985.0
2016-10-14,576.0066324913317,576.0066324913317,568.2304920189098,570.0452270507812,2060800.0
2016-10-17,569.8102115782725,574.6714476441012,566.4252233764579,569.6127319335938,1004740.0
2016-10-18,570.7505110480475,574.3235670197333,568.1177359841839,572.6968994140625,776260.0
2016-10-19,572.8191449201487,578.0846950882933,572.8191449201487,576.4862060546875,1071645.0
2016-10-20,578.2916280134449,581.0936469754214,574.6245092269388,578.9874267578125,504830.0
2016-10-21,582.7860731682557,591.0605333663832,580.8302728846361,585.5316772460938,1568765.0
2016-10-24,586.7353266183627,589.0390264781568,577.7274188359605,580.9525756835938,1368975.0
2016-10-25,584.6478593308442,603.4722430793372,577.0503739302987,601.892578125,5564420.0
2016-10-26,602.9081701084482,612.1040881623109,592.9693933577391,609.734619140625,2462735.0
2016-10-27,613.0632052910106,626.7819301825683,609.7158072632504,625.249267578125,3454425.0
2016-10-28,624.3464743394028,639.3721437154218,623.7259142400854,632.5175170898438,2748385.0
2016-11-01,625.8509563337842,632.1978525330128,621.1401971403409,625.5877075195312,1557965.0
2016-11-02,622.6540189084624,628.1076366105758,611.1825805342429,613.2135620117188,2000180.0
2016-11-03,614.9437232765965,618.7048469663616,612.132292500928,613.5050659179688,804100.0
2016-11-04,595.7620143342867,595.7620143342867,576.7307362143872,579.1566772460938,3160050.0
2016-11-07,587.4874785304306,593.3078194354372,579.4104979621945,584.2247314453125,1145850.0
2016-11-08,585.0428755356804,591.812910512941,582.7861780798601,586.5473022460938,1515015.0
2016-11-09,564.3565611523666,628.2956570834801,556.6556589203499,617.3037719726562,3319875.0
2016-11-10,622.4659388186931,626.8570344326472,614.0128229407306,616.4951782226562,1567985.0
2016-11-11,607.0453003404695,620.7451993593099,607.0453003404695,612.35791015625,1673675.0
2016-11-15,612.4049252311961,626.2270656354214,612.4049252311961,622.5975952148438,1595030.0
2016-11-16,627.1673559286047,630.9190675110243,600.8394909121115,603.8389892578125,1684820.0
2016-11-17,598.4888115533939,606.4811994531643,593.5241006989496,603.1243896484375,1160635.0
2016-11-18,610.0543030452089,612.6870783746064,590.8913716198628,604.5724487304688,1093480.0
2016-11-21,600.6702546415748,600.7830837589637,585.0522025825819,589.4432983398438,1215280.0
2016-11-22,589.5560659116711,592.8940512980461,578.3385227724548,587.0455322265625,1066840.0
2016-11-23,582.9742203219806,591.6248170047979,582.0433513138981,588.3526000976562,1548100.0
2016-11-24,589.5561836954719,592.1043658516602,580.1533737481757,585.1744995117188,1484920.0
2016-11-25,587.487627855418,602.4662990969258,578.4609521277592,595.8467407226562,1520805.0
2016-11-28,596.2320978207773,599.9932214339416,594.4455985386395,596.6834716796875,1021955.0
2016-11-29,596.8621766134675,602.3063828324324,594.2575799314997,599.5701904296875,1211525.0
2016-11-30,602.7200277368308,605.1553804016784,597.7177267040488,601.19677734375,3023250.0
2016-12-01,602.719999065274,610.6653833859034,600.9805025232662,609.06689453125,1061115.0
2016-12-02,598.7709401235071,602.8705515838147,592.7155280786624,598.1127319335938,1705250.0
2016-12-05,601.3096051455132,601.3096051455132,586.4625911457033,595.7901611328125,2031470.0
2016-12-06,598.2067093603135,604.0270503228361,597.9904057318514,601.0087280273438,575135.0
2016-12-07,598.959056717567,603.4723944895173,596.241630582986,598.7333984375,767295.0
2016-12-08,594.2575720733909,609.5935523735377,591.0605938245126,603.9801025390625,1314555.0
2016-12-09,604.9767434199006,604.9767434199006,595.2166232576338,599.2222290039062,582285.0
2016-12-12,599.7110751596383,599.7110751596383,590.2424407368467,591.9819946289062,556605.0
2016-12-13,594.0694674166159,598.0186587163662,591.32386322887,595.5457153320312,398070.0
2016-12-14,595.0097217847273,595.6209273049952,590.4869731053128,591.9443969726562,448350.0
2016-12-15,592.7531055309963,594.2199414473444,583.2938819212999,584.3845825195312,612955.0
2016-12-16,586.1711210674682,589.1799739585828,583.246803926499,584.4409790039062,800170.0
2016-12-19,584.854766026439,585.7950470007581,574.5304992932789,577.1162719726562,1089050.0
2016-12-20,578.3291741965706,580.7174670474502,570.9761705937055,572.9131469726562,1250775.0
2016-12-21,573.947467261508,576.7683098776881,567.967237298662,571.098388671875,1171200.0
2016-12-22,568.5595961107502,571.6907473587936,564.3565683279519,566.490966796875,1264925.0
2016-12-23,564.3754301573313,571.8224969439702,560.4262958982862,563.8959350585938,716295.0
2016-12-26,562.287918728809,569.4340298569136,560.2381134704326,561.5357055664062,533075.0
2016-12-27,561.9118375267186,571.6907817495639,560.9715566356831,570.7410888671875,677985.0
2016-12-28,571.3522807141557,585.1837755601944,571.2676301843064,577.247802734375,736635.0
2016-12-29,577.2478795400382,579.5798154295438,571.9917409242269,576.6273193359375,953795.0
2016-12-30,578.272764857201,578.272764857201,573.0259812629012,575.5271606445312,885245.0
2017-01-02,576.5803792151585,586.1712578669086,576.5803792151585,579.8525390625,477630.0
2017-01-03,582.0339016889758,585.7856134560424,576.5332811476698,577.7838134765625,554600.0
2017-01-04,582.2690037644236,585.4753366925297,578.2822215444149,581.338134765625,1179225.0
2017-01-05,580.8397061337794,591.4366903172019,578.4608252827165,589.7911987304688,1218265.0
2017-01-06,592.1512680340634,602.5037692133756,591.5682985073795,594.09765625,1770195.0
2017-01-09,593.1291179312778,593.1291179312778,573.919188049184,575.4894409179688,1401490.0
2017-01-10,577.4923757409955,578.0847573725105,570.7788129008242,572.0387573242188,1230110.0
2017-01-11,574.521015381337,575.4518842469532,568.2963607017762,572.1514892578125,1385185.0
2017-01-12,559.8433310148193,567.7604809748798,553.4493742951378,565.76708984375,2171950.0
2017-01-13,562.6641735616939,564.9208135283999,559.4671952044465,560.3604736328125,987580.0
2017-01-16,563.9804742618711,565.4849581411077,557.6524021481903,561.4041137695312,1008200.0
2017-01-17,561.9213017646092,564.1685870767789,558.6679663088588,559.7586669921875,588425.0
2017-01-18,559.7680112138687,560.8211211910307,553.2612836999343,554.3989868164062,2155100.0
2017-01-19,556.2701757680849,559.4201513207371,551.6534216490202,552.9321899414062,1407100.0
2017-01-20,552.8850752326559,556.589783644618,549.1239522718895,554.2766723632812,1204385.0
2017-01-23,552.69703265959,556.636811435185,546.1150671798973,549.8103637695312,1196865.0
2017-01-24,552.9321446548373,560.3697983476515,551.3336557251783,559.1567993164062,996480.0
2017-01-25,559.4672328420997,565.8611325965406,555.8283497171833,563.4728393554688,1638155.0
2017-01-27,558.5268616966798,566.340593779354,556.6462998727852,563.1436157226562,960555.0
2017-01-30,562.2879834647429,572.4242392089413,561.1690468876585,567.3748779296875,963170.0
2017-01-31,568.68185092315,572.0668964429849,566.4628018739337,567.7039794921875,723155.0
2017-02-01,568.136525875959,570.3650445178645,553.6562337357848,564.3942260742188,1332865.0
2017-02-02,564.7515149399665,590.4024056833073,560.7929116528344,582.4193725585938,2519370.0
2017-02-03,584.854674482226,594.0694151101786,579.767780459071,591.3519897460938,1382600.0
2017-02-06,596.1381018988343,597.4545181398615,572.8003226316814,582.3723754882812,2484805.0
2017-02-07,582.0338721111301,584.8547147869515,573.0071985045784,576.4110107421875,966585.0
2017-02-08,576.9469230387235,576.9469230387235,564.3565493156526,567.073974609375,1913425.0
2017-02-09,568.3058610391823,569.6974585584404,564.732747316442,568.5126953125,943990.0
2017-02-10,568.8511791663719,570.6283240242436,558.526912184789,559.6646728515625,1575005.0
2017-02-13,560.5860831997168,561.9589140014498,555.7906734705576,557.9533081054688,752775.0
2017-02-14,558.8653489352197,558.8653489352197,551.9448951983718,553.1578369140625,1403590.0
2017-02-15,552.8851666556253,553.627967902738,546.5288586184464,547.4973754882812,955495.0
2017-02-16,548.0145728266934,553.3553619567163,526.3598741054597,549.7258911132812,6839345.0
2017-02-17,550.2524613763302,555.4710095307845,545.3629886209987,547.7512817382812,4487480.0
2017-02-20,549.5754406153,550.0738171108225,543.4824378773178,545.1279296875,2801810.0
2017-02-21,544.9867587319645,551.9636839730613,542.5608754553242,544.2439575195312,7622450.0
2017-02-22,545.7390634435845,550.4404679963715,544.2815821200667,545.9647216796875,4282200.0
2017-02-23,549.8762714355837,549.8762714355837,540.6615298825801,542.993408203125,3736795.0
2017-02-27,542.4855627690109,542.889876593188,535.3394522283629,537.2764282226562,3574905.0
2017-02-28,539.7682830980032,540.2854261570544,535.0198756445748,535.9507446289062,2713290.0
2017-03-01,536.900416522733,554.5400961324259,535.978959566768,549.74462890625,4490315.0
2017-03-02,547.2246647317909,547.2246647317909,538.2919961015662,539.8152465820312,2129260.0
2017-03-03,541.8933130268512,544.1970128367601,538.517679158262,539.9281005859375,1456010.0
2017-03-06,542.3540339623383,542.3540339623383,536.1482027230163,537.6244506835938,1060050.0
2017-03-07,539.5332064813136,542.2036296747992,535.9601502907477,536.3927001953125,1049300.0
2017-03-08,535.7720022255004,540.2383361410705,530.8825304609442,535.3582763671875,1830855.0
2017-03-09,520.9156768869937,523.3603845444635,507.75174281403713,508.6637878417969,10976435.0
2017-03-10,509.4254140042223,513.9387508502144,507.9397541116418,510.73236083984375,2744225.0
2017-03-14,516.5339702058145,518.0665753787194,510.8922844197352,515.4620361328125,2489210.0
2017-03-15,512.2649977604475,518.2828181818796,512.2649977604475,515.1986694335938,1389340.0
2017-03-16,517.1545223894452,519.9753652388422,516.2236534315754,517.4742431640625,1559495.0
2017-03-17,517.7185822548171,517.7185822548171,512.2649651272907,514.5686645507812,1816910.0
2017-03-20,515.6501443522803,516.4023577048692,513.3934469043131,514.2114868164062,2005400.0
2017-03-21,513.3933320970801,513.3933320970801,488.94603056864776,493.318359375,7268165.0
2017-03-22,483.4360804788664,500.2106611501376,480.5212036798509,494.52197265625,4430915.0
2017-03-23,493.6475372759373,497.9163924616232,492.70725625255454,494.8134765625,1580595.0
2017-03-24,494.7381942986304,497.40861742077897,492.0208259976996,494.2774658203125,1725910.0
2017-03-27,492.1430674599454,497.9351728046372,491.7669321274796,494.9544982910156,1781095.0
2017-03-28,496.4682733454128,498.17017933532645,493.8825010884054,496.0451354980469,757685.0
2017-03-29,496.4400785362469,497.0888746519535,493.6474718144173,495.2741394042969,1638910.0
2017-03-30,494.606608451768,497.6061070067903,490.093213936104,491.4378662109375,3599995.0
2017-03-31,491.5789088255557,497.40866266373774,491.5789088255557,495.02972412109375,1475205.0
2017-04-03,497.3709880180193,517.906690012697,494.04235701945777,516.1107788085938,3442145.0
2017-04-05,516.2141576131244,520.915561598672,502.6740911786732,515.5277709960938,5168335.0
2017-04-06,515.4244339098165,516.8160888858955,509.2280139433334,511.1555786132813,1452065.0
2017-04-07,510.1964911932224,510.1964911932224,499.10118592419,500.4834289550781,1614060.0
2017-04-10,499.2891581288418,502.251065921276,495.0484820854674,495.6878662109375,952460.0
2017-04-11,498.5370023572538,498.913080326665,493.4500499609976,494.2304992675781,701145.0
2017-04-12,495.1519099028242,498.706199330494,491.8233361038928,497.38037109375,1226155.0
2017-04-13,499.28922105902967,501.3578507787453,495.9135869493348,496.6470336914063,797180.0
2017-04-17,511.512746227689,512.1709542541807,498.6403000058738,500.4644470214844,2340540.0
2017-04-18,503.0314224219593,504.5546727824708,493.4593704145992,494.2962341308594,1064085.0
2017-04-19,494.5877651356613,495.7161137204732,489.41622006295,490.3376770019531,1012230.0
2017-04-20,492.3311000907963,494.5877974076705,489.9898096239025,491.29681396484375,739165.0
2017-04-21,494.5877533722646,495.5280342722119,490.2624841885838,490.76080322265625,550770.0
2017-04-24,492.6413601606399,493.9765429561343,487.0749133571413,491.3531799316406,694280.0
2017-04-25,494.211616086816,498.64977175978106,492.1712226113149,497.5872497558594,1375775.0
2017-04-26,496.6563951476948,498.41471588298873,490.09319527795947,490.9488830566406,1617520.0
2017-04-27,491.08993584352953,493.64747234342633,486.5483630287163,488.2972717285156,2010110.0
2017-04-28,490.8736816607159,491.3626461426792,485.85261328900526,488.7862854003906,681870.0
2017-05-02,484.80886827980527,492.0960461445805,482.5522282783812,485.6833801269531,1116720.0
2017-05-03,488.5699688442918,489.8487945794868,483.6805537145664,488.11865234375,641200.0
2017-05-04,488.3820294130202,492.6884755575579,486.8117186450515,490.0745239257813,606545.0
2017-05-05,489.6982605211743,493.647451612109,487.8176988007472,489.51019287109375,684185.0
2017-05-08,487.3475754504158,491.0052818984813,486.80219646312537,489.0400695800781,551390.0
2017-05-09,489.5102069682832,489.6982746237799,484.0565893000262,485.4011840820313,511765.0
2017-05-10,487.44160131344506,493.2525299093552,485.0156607222752,489.4819946289063,1834655.0
2017-05-11,492.6789855019713,492.6789855019713,484.24469286480416,487.8177490234375,1070850.0
2017-05-12,489.51020710234434,491.7669041885402,474.2682906448844,485.3353576660156,6152355.0
2017-05-15,488.94602124688686,507.56356980863495,487.441594906817,503.2006530761719,4733780.0
2017-05-16,506.021571240759,514.145612429477,506.021571240759,512.2838745117188,2202310.0
2017-05-17,511.5128248757788,519.0350723004226,505.2223431713127,514.6909790039062,2049090.0
2017-05-18,506.8113825177142,511.4845508351972,502.5237041003704,503.7930603027344,1412055.0
2017-05-19,506.8019722051146,506.8019722051146,495.9041491621114,499.5617980957031,1303385.0
2017-05-22,503.99053694186415,504.3572602479858,489.3409451906072,490.5821228027344,772310.0
2017-05-23,492.4815183168218,492.4815183168218,478.1892375955374,485.0815124511719,1422140.0
2017-05-24,483.8685845702483,483.8685845702483,472.0210668057063,473.2998352050781,1831575.0
2017-05-25,471.5320865217285,471.7107421922991,450.9587353821565,456.54400634765625,4041550.0
2017-05-26,470.1404511353464,472.0116009484344,452.049455758089,454.0428466796875,3605155.0
2017-05-29,456.9953523529011,463.55852393478926,447.6395738029192,456.1961364746094,2717540.0
2017-05-30,455.0865604958482,470.1404674458969,454.3719664979964,466.6332092285156,2189925.0
2017-05-31,468.2599486841323,478.4149722377966,463.3704758945313,474.6256408691406,3930430.0
2017-06-01,477.66273043777625,482.8812783178664,472.75446265043456,474.42816162109375,1622510.0
2017-06-02,476.7600557134903,484.2070933819659,474.8700818422092,480.3895263671875,1466455.0
2017-06-05,478.2551264349764,482.92829542654783,473.9204161324038,476.88232421875,1123385.0
2017-06-06,476.71304976223695,482.4581528353754,473.14940547191935,479.4116516113281,860555.0
2017-06-07,477.2865948932524,482.2701009253562,473.1587479312944,477.7849426269531,1235945.0
2017-06-08,478.6969704077375,501.4047464340883,478.6969704077375,495.7630615234375,4227380.0
2017-06-09,498.3488728649421,498.3488728649421,489.3221992559177,494.3620910644531,1031055.0
2017-06-12,493.89202530346415,499.65595263545976,492.1524709557321,494.63482666015625,692145.0
2017-06-13,495.1896084825248,497.5026630542252,491.2121807559543,493.9672546386719,679580.0
2017-06-14,501.7338503103968,507.5636031944546,497.4838197945632,501.9783325195313,3744195.0
2017-06-15,500.7371515583525,511.69144659981015,499.28913968564575,507.8456726074219,3473260.0
2017-06-16,510.42210483127735,511.1649060757305,494.7758170096533,504.4795227050781,1852690.0
2017-06-19,502.4861274410447,502.4861274410447,496.5717239500756,499.7498779296875,2209015.0
2017-06-20,500.2952763522202,506.81141624569887,499.0258626751885,503.2477722167969,982635.0
2017-06-21,503.0503238244506,506.8114477408951,499.4302650109513,505.3163757324219,896080.0
2017-06-22,505.8899851736961,507.7328991427279,492.43456680643936,495.6408996582031,858935.0
2017-06-23,495.7349086043949,500.116650090932,491.7293598545213,497.1641540527344,1164040.0
2017-06-27,494.6347938368114,502.11003904216375,494.6347938368114,498.931884765625,1329355.0
2017-06-28,494.7758167312855,501.1133007594343,493.67570415715954,498.6779479980469,959840.0
2017-06-29,498.57456688333895,501.53647486243904,496.4777587080938,498.6309814453125,907940.0
2017-06-30,498.34897253747056,509.8204131946755,497.4086914572112,505.8900451660156,1638215.0
2017-07-03,507.7516637884549,508.89877888898246,501.1696977763823,504.4700927734375,723230.0
2017-07-04,501.75265247248143,503.2570788460828,490.883008361177,493.4029541015625,1321265.0
2017-07-05,492.9892655028702,501.9219340729992,492.9892655028702,501.1603088378906,906630.0
2017-07-06,501.1604188552124,503.8026064745853,496.86332730238655,501.7152099609375,624680.0
2017-07-07,502.0724465281047,513.2994035859786,501.5928940518077,508.7672424316406,1424960.0
2017-07-10,509.820338567556,516.3082426375296,509.820338567556,512.6787719726562,200975.0
2017-07-11,513.3933163300482,513.8446327487757,504.5546538620648,506.1061401367188,804630.0
2017-07-12,506.5952559762101,511.78556851390414,501.8562026019732,505.8900451660156,1065875.0
2017-07-13,506.4823748549144,511.4658525907688,504.55475292606224,506.6233825683594,685915.0
2017-07-14,507.5918491557064,512.4530852900299,505.1941443631216,508.3158264160156,976430.0
2017-07-17,511.0440441551912,512.2376389309243,508.1832673721796,511.0156555175781,1009480.0
2017-07-18,509.64198214144415,519.7400673513948,509.1778193268032,515.1267700195312,1505540.0
2017-07-19,515.8942082033064,527.6027587539596,515.3921744739474,525.5565795898438,1823010.0
2017-07-20,525.7365073187854,526.3901397805765,519.5507332197449,521.0285034179688,939445.0
2017-07-21,518.7361017397376,526.6933627209985,516.6521095085562,523.3873291015625,1412580.0
2017-07-24,527.6406037669566,528.0195429471315,509.4337151741736,510.8640747070313,2589475.0
2017-07-25,510.8640330124924,514.0658780242459,507.7474695456184,510.0493774414063,1874800.0
2017-07-26,513.0524126205718,514.6722998773175,507.9181152908691,512.9292602539062,873325.0
2017-07-27,513.431255352237,515.8941865865047,490.1279410593915,496.44635009765625,9113325.0
2017-07-28,473.5502943736512,474.8859768249658,464.3805335472484,467.0045166015625,7744985.0
2017-07-31,461.89867981919423,463.81219550210056,449.962818227568,451.5163879394531,7625340.0
2017-08-01,450.7206077667143,465.68780835175,448.9775974914315,460.6766357421875,5170390.0
2017-08-02,461.3491937037263,462.2586129740109,449.4701971892422,450.6353454589844,2852295.0
2017-08-03,452.42576929082975,454.1308799515098,438.4721753482294,440.2909851074219,3887925.0
2017-08-04,438.5953246261272,438.604806778187,422.51032801553583,424.30072021484375,6133195.0
2017-08-07,424.3859633111505,427.60674385805135,416.80764253773714,418.1243896484375,3680390.0
2017-08-08,417.90652028727766,418.1244074260172,394.9915695616639,397.0377197265625,6804955.0
2017-08-09,396.1377430671109,398.8091079253404,385.07340230795927,388.0763244628906,5624935.0
2017-08-10,386.873272877445,397.6723742864271,366.4307651432754,368.39166259765625,7700035.0
2017-08-11,364.7161961181784,384.5903253021291,360.1881502803676,381.0285339355469,9289565.0
2017-08-14,378.9160204517541,386.4754054670059,373.251215538761,379.3044128417969,4216350.0
2017-08-16,377.9688026714544,382.2884438178364,373.24183366336166,379.9107360839844,3310680.0
2017-08-17,380.81063230145855,384.9597676967504,377.4856346939165,381.0474548339844,2700655.0
2017-08-18,378.5371690558501,380.34649680384297,373.47864286556256,375.5058288574219,1746485.0
2017-08-21,377.0215042964581,379.1055543260196,363.9678463342122,365.8624267578125,2091475.0
2017-08-22,368.4958477158727,381.5684394902652,366.6012675219607,375.9131164550781,3860820.0
2017-08-23,377.2109162540007,389.0425599402962,377.2109162540007,384.7797546386719,4049980.0
2017-08-24,384.2208914002556,397.86186380609286,380.91482911193657,395.6167907714844,5624835.0
2017-08-28,394.83056188512296,395.9199687922351,384.0504231988051,388.27532958984375,4220880.0
2017-08-29,388.19946966522417,391.704454583013,384.9786891215532,386.88275146484375,3036830.0
2017-08-30,387.8205550192997,393.0117150923675,384.8650145795236,386.2859497070313,2007245.0
2017-08-31,387.2521774977005,388.7110123318348,380.05279593589336,382.8757019042969,4189045.0
2017-09-01,400.7037007525527,423.0597522500977,400.7037007525527,420.1326293945313,18067945.0
2017-09-04,423.2492190426494,423.70392871285065,411.7396497307478,415.8793029785156,4736175.0
2017-09-05,416.48559527202656,420.28423806503,413.3784847031588,418.5411987304688,2567635.0
2017-09-06,414.03209905293136,418.3233221336041,412.2132893053548,416.2203369140625,2636260.0
2017-09-07,417.5654893830829,423.4386999164416,416.9971384164364,421.5346374511719,2456970.0
2017-09-08,422.3019193065003,422.3019193065003,391.4487024069069,409.7029724121094,8597120.0
2017-09-11,410.9344279018262,416.42872774814657,408.0925576427292,409.1345825195313,2226885.0
2017-09-12,410.17666835124544,416.3151194303483,404.5686974866202,410.3187561035156,2589985.0
2017-09-13,414.3446990258177,422.1124896918928,410.9628663076777,420.0947570800781,3776210.0
2017-09-14,423.24921562397424,429.11294380126697,422.4913950887605,426.9152526855469,3066270.0
2017-09-15,421.58196434971205,425.3332247855958,417.01601945282977,418.9295349121094,3364005.0
2017-09-18,417.56549040431054,427.9004295051283,412.184889240888,424.7743835449219,3654810.0
2017-09-19,422.870329275083,429.1224502257352,416.8076779234514,424.6796569824219,2833950.0
2017-09-20,426.2805760830629,441.2477491908231,424.38599574491593,438.53851318359375,6665490.0
2017-09-21,444.5158746666483,473.645044929833,444.5158746666483,471.0968322753906,20286820.0
2017-09-22,472.50832615806377,478.7130941291202,463.51855167803296,465.6404724121094,9956755.0
2017-09-25,466.8245153650305,468.9085649952751,455.6465045711664,457.9673767089844,4555245.0
2017-09-26,457.35161523927286,457.541084809004,440.0446367863453,449.1575622558594,7122180.0
2017-09-27,447.12094756900814,451.6679286925502,432.17271026638736,436.6439208984375,4677680.0
2017-09-28,435.75345203293466,457.5411246345814,430.48652131673487,450.03857421875,14078165.0
2017-09-29,450.03858261832977,452.9373170148443,439.5615560844524,441.2003784179688,5667975.0
2017-10-03,457.5411635500769,457.5411635500769,439.6279025184045,442.48870849609375,4894300.0
2017-10-04,443.71072410100726,454.3961564055312,439.4574003519441,452.3500061035156,5939900.0
2017-10-05,453.1836085717508,460.07987980772737,450.1522973930477,452.6436462402344,3797520.0
2017-10-06,453.7519793844347,456.57491442333605,448.6366183840304,450.1238708496094,2668810.0
2017-10-09,450.9101099333356,460.9513912724749,450.768022193098,456.3949279785156,3165240.0
2017-10-10,458.4315966424885,460.6198345721575,455.0024109313709,456.849609375,1581675.0
2017-10-11,456.5749094232135,458.49790723984495,445.4916032862142,449.4228515625,2251475.0
2017-10-12,454.1308815502665,454.1308815502665,446.8367649105669,450.8816833496094,2080470.0
2017-10-13,449.5838962547477,450.8343261499753,445.2263559255908,446.0694580078125,1708945.0
2017-10-16,446.3631396260717,456.7833314951022,446.3631396260717,455.3623962402344,1933290.0
2017-10-17,454.1308857906718,454.1308857906718,450.0575497661168,451.1658630371094,1535550.0
2017-10-18,452.1794711907683,455.45708697508303,450.1522853272907,451.9331665039063,1665570.0
2017-10-19,451.85742122245216,452.23633151714847,447.5093627137315,449.5933837890625,236515.0
2017-10-23,452.8235774911775,457.5410923286376,445.6052319643517,448.2955322265625,1819780.0
2017-10-24,449.58392802224114,451.3458738917423,446.36314717189344,447.8125,973365.0
2017-10-25,448.25771107591817,453.7709177846244,443.3696904270334,445.0084838867188,1478480.0
2017-10-26,445.1126865795128,446.7325445915336,438.5953259230775,444.1559143066406,2246210.0
2017-10-27,446.116758640503,456.59378381533,443.2938240096756,453.742431640625,2174680.0
2017-10-30,453.9414420939678,467.0140343311169,448.4566241439159,461.993408203125,4161095.0
2017-10-31,458.4884137143656,474.4028760152312,452.804673048485,460.0325012207031,9786665.0
2017-11-01,456.9727666453045,458.2326787450585,444.8474641809885,446.0220947265625,5880460.0
2017-11-02,446.0220389369897,462.2775394914661,446.0220389369897,456.8590393066406,6199435.0
2017-11-03,461.2734728025341,464.1342786783659,453.3635941850868,458.3179321289063,2883230.0
2017-11-06,457.35164581289,458.31790021051546,451.0332370750424,453.23095703125,1418335.0
2017-11-07,455.1160696980469,457.54113010389,442.8581331750902,450.53118896484375,2591750.0
2017-11-08,450.9479742825106,458.48839516634655,443.3317540038227,444.5821838378906,2161975.0
2017-11-09,448.75027887199286,451.68688403933385,443.3696779037424,449.0344543457031,1729270.0
2017-11-10,448.97761937617406,450.89116392969146,443.33177832788607,444.8190307617188,1048780.0
2017-11-13,446.11680140926114,449.9627968973904,441.4466681606755,444.1085510253906,1495910.0
2017-11-14,444.9800578041426,445.2168803373817,437.65752357814864,439.5994567871094,1396310.0
2017-11-15,440.37620455253256,442.7633650793327,434.4272241748576,437.6764221191406,1122475.0
2017-11-16,439.9405284971852,443.729689306601,438.59536368988137,442.10980224609375,1414750.0
2017-11-17,442.1097237374794,446.543063068078,436.3217955052223,440.03515625,1373285.0
2017-11-20,442.7633908770657,442.7633908770657,428.2035465366376,430.9128112792969,1367925.0
2017-11-21,431.0549009025037,472.5082965689208,431.0549009025037,453.5909118652344,11964410.0
2017-11-22,448.0682173514985,451.84789560005305,442.58339957734825,447.24407958984375,2684365.0
2017-11-23,447.3198212511837,448.44709871038793,435.75341796875,436.9375305175781,3433715.0
2017-11-24,437.6480314929219,440.0920272605198,433.2620736514381,434.8156433105469,1730500.0
2017-11-27,434.99561879034,436.8522992632514,432.0684669864602,434.7682495117188,1231110.0
2017-11-28,433.85885263548977,436.5112532714085,429.6907821037608,434.02935791015625,1535515.0
2017-11-29,434.61668193283714,439.5236665721848,430.06970106229807,431.3580017089844,2875165.0
2017-11-30,428.3646345281103,438.0553946484783,428.3646345281103,432.7316284179688,7260235.0
2017-12-01,431.9643018514849,433.10106157785225,421.07046529163387,423.2302856445313,2646440.0
2017-12-04,431.0170196327616,431.0170196327616,422.3114208136127,424.8406982421875,1477975.0
2017-12-05,425.7121953652799,425.7121953652799,417.2055481654371,418.5791015625,1428905.0
2017-12-06,418.3233208046331,421.3072788867867,415.746690534002,416.8455505371094,1303650.0
2017-12-07,418.3233215469325,419.6495219292429,414.5341610780454,416.1161193847656,1172195.0
2017-12-08,417.9633381200952,418.3233129827098,412.8953303149147,414.051025390625,1919085.0
2017-12-11,416.5613539200701,419.4411240195016,411.313387396653,415.4624938964844,1888965.0
2017-12-12,440.3951813240882,440.755156203562,423.2113531773736,427.4836120605469,7411070.0
2017-12-13,428.1751657900755,433.3568442846473,426.8584185499309,428.3078002929688,2007880.0
2017-12-14,433.4988915908902,439.4857719700868,431.016996150584,437.7711791992188,4181020.0
2017-12-15,440.4898962556738,450.9100873498941,438.8700382800922,449.2996826171875,3718400.0
2017-12-18,448.0682427201241,460.00410443907776,441.9961093655556,453.7519836425781,2641755.0
2017-12-19,455.55181282486745,458.79155775450687,453.03201763714793,454.6045227050781,2244795.0
2017-12-20,453.7519492195803,453.7519492195803,445.3021089692686,446.3630981445313,1459875.0
2017-12-21,448.0682354481568,449.9059806293112,443.5212543475898,445.5579223632813,1249705.0
2017-12-22,447.1209571846642,447.6893370645806,441.4372162035032,441.9487609863281,1248010.0
2017-12-26,442.3749971195013,448.44713016487657,441.2477195812288,447.1777648925781,2054680.0
2017-12-27,447.6892971034437,459.2557008731586,447.49982752405,454.7560729980469,3467600.0
2017-12-28,456.5749300179118,463.8690470370116,454.9361076041014,460.3830261230469,3823400.0
2017-12-29,460.373514973222,463.4048549129556,455.2960538195185,457.3895568847656,1659835.0
2018-01-01,456.5938463313628,461.5197666105712,453.5719884796447,455.4855041503906,1210405.0
2018-01-02,459.8145804603487,462.0880707786339,453.8656001548201,456.4422302246094,1257685.0
2018-01-03,452.1415906810526,452.1415906810526,434.2567763926909,443.142333984375,4430010.0
2018-01-04,443.9001405778958,458.4884021368128,443.9001405778958,456.7453918457031,2793085.0
2018-01-05,460.1935578443959,469.6664596436548,453.7330607881429,468.6054992675781,3199500.0
2018-01-08,467.9613315452755,475.91856298003466,467.9613315452755,469.2117614746094,2929355.0
2018-01-09,468.8138476938431,469.0506702102482,464.17213215410175,465.64990234375,1219120.0
2018-01-10,466.0572591038396,468.3402317729743,458.4884202599328,459.5872802734375,1721640.0
2018-01-11,459.814637710457,464.3616478221596,458.1095269866945,459.5020446777344,925725.0
2018-01-12,460.9514059478382,464.9015897972114,457.2853975879876,463.7269592285156,1778900.0
2018-01-15,463.60376176957226,466.3035442933448,459.4451733295291,460.7145385742188,784105.0
2018-01-16,461.519770122788,470.613732385916,460.71456771788576,467.7150268554688,1860665.0
2018-01-17,467.3929192984239,474.7817992616298,466.6066812526425,472.1009521484375,1908940.0
2018-01-18,473.64506722979854,480.0866285805236,464.20058343287633,466.3509216308594,2920990.0
2018-01-19,467.3929151107225,474.5923254299831,464.5510448985669,471.8167724609375,1204480.0
2018-01-22,462.2775756827507,477.24474792199385,462.2775756827507,472.9914245605469,3462075.0
2018-01-23,475.5396589584272,483.1084980642755,473.8345482389099,477.510009765625,3650455.0
2018-01-24,478.0025939213676,495.43272611374135,478.0025939213676,484.89886474609375,5631385.0
2018-01-25,483.8757447070924,492.0413802912325,464.7784027891071,475.1133117675781,13260150.0
2018-01-29,463.9732485540874,464.5510816666404,443.7106984613678,446.571533203125,5772835.0
2018-01-30,446.3630927782815,446.3630927782815,432.9494619110694,436.9186096191406,4290010.0
2018-01-31,434.4272465202119,436.9186241136894,417.4802127206252,421.61041259765625,5719535.0
2018-02-01,421.5441379188919,421.5441379188919,407.9221002523871,408.8409729003906,4841605.0
2018-02-02,407.3347815967884,418.901186719237,399.765942231487,402.3236083984375,4798230.0
2018-02-05,399.7943186632628,405.25068993698846,395.71150067802216,400.9878845214844,3018190.0
2018-02-06,388.3889946251669,402.4088784773032,379.9675705970946,397.0472412109375,3816170.0
2018-02-07,402.62671528939,406.7663684548541,397.1513795964536,400.0216674804688,1990805.0
2018-02-08,402.5983451689342,416.0498779122976,402.5983451689342,413.1037902832031,4448115.0
2018-02-09,407.33472543639664,418.32329590438746,404.2276151987301,415.6329956054688,2395615.0
2018-02-12,415.8035264107382,422.4440393840566,412.829021566022,417.6128540039063,2413130.0
2018-02-14,418.7022639379808,421.7336041092776,412.1849028059945,413.6437377929688,1549165.0
2018-02-15,417.5655037679796,420.4073743351183,412.50697762755294,416.011962890625,1725925.0
2018-02-16,418.1338691028136,424.3859899146058,418.1338691028136,419.3748168945313,2294485.0
2018-02-19,421.1651530337249,423.2397205117207,398.8185846996716,407.713623046875,2811550.0
2018-02-20,408.28201519397766,416.1445111155524,406.2358651986357,409.92083740234375,3345125.0
2018-02-21,413.05640229444725,417.18657344406864,405.58226918540174,410.3471374511719,2490025.0
2018-02-22,410.5555149687017,411.6164752330647,395.3136210476672,402.30462646484375,8326545.0
2018-02-23,405.8948993941909,413.9658011746109,404.5023816984105,410.5650329589844,3717530.0
2018-02-26,401.6509850814702,418.171726025843,395.9672447265437,415.6329956054688,5923745.0
2018-02-27,416.84554274104624,424.6796214428119,416.48556787843313,423.6281433105469,3380760.0
2018-02-28,421.17466076176873,429.4918960520776,420.25581706662655,423.864990234375,4963885.0
2018-03-01,416.8171095358972,424.3385949427809,415.5856151095896,422.7755432128906,2153885.0
2018-03-05,422.4534751473656,424.36701960694313,412.2227538671847,413.1700439453125,2991720.0
2018-03-06,417.0823981279364,421.3167863552029,410.52713741453664,412.345947265625,2075000.0
2018-03-07,412.3553995175763,417.6223305510802,406.0085727227433,407.2590026855469,2462470.0
2018-03-08,411.6733259720554,413.3974009216736,403.1856146255509,406.0843200683594,2383815.0
2018-03-09,409.9871692772239,413.548989526167,396.9145766458075,403.5266723632813,2354070.0
2018-03-12,409.2293669335416,409.9303524315747,402.0299556223547,407.0316467285156,2652140.0
2018-03-13,405.81908707319735,415.699316219252,405.6769993350903,413.30267333984375,2596345.0
2018-03-14,413.9657807786057,416.0498305978418,410.51763087932426,413.293212890625,1333845.0
2018-03-15,413.48265465169294,420.2936729177212,412.450111891412,413.53948974609375,1678835.0
2018-03-16,413.0184658311818,418.51273661120825,401.328909969168,405.8474731445313,2971805.0
2018-03-19,408.2820374285711,411.1239077587003,400.1637542473418,401.6225891113281,1460745.0
2018-03-20,400.69420088192174,409.7787088083208,398.2312699290108,408.6893310546875,1936860.0
2018-03-21,410.8965935092562,412.9900966910429,403.6213830307048,405.7622680664063,1845300.0
2018-03-22,405.2507030113551,407.47684058196097,397.312436065046,399.4343566894531,2052010.0
2018-03-23,396.1567458454384,398.2218314006651,390.3214351473384,392.6138610839844,2371980.0
2018-03-26,392.55700861266337,399.709066157576,388.4457730796391,398.6196594238281,2501400.0
2018-03-27,397.10400540449024,401.4615165608509,395.9672457669189,398.3259887695313,1622835.0
2018-03-28,398.4302630473914,400.4385136416444,392.4812817605088,394.1769104003906,3328235.0
2018-04-02,394.0727052899639,405.06127689234967,394.0727052899639,403.9434814453125,1229875.0
2018-04-03,399.9459107740197,407.30634479327136,399.9459107740197,402.5793762207031,1395115.0
2018-04-04,402.4088346526265,402.64565718453343,394.0632109409469,396.2325134277344,1768595.0
2018-04-05,400.7036983282985,404.60652877877504,397.2934483054069,399.9648132324219,1875550.0
2018-04-06,400.1353339348798,404.2276341201421,398.8186157237003,402.5603942871094,1324225.0
2018-04-09,401.65105586144665,404.5686970378371,399.5670058004509,401.8878784179688,1116435.0
2018-04-10,402.2194130304944,404.49290366272334,394.5937097963698,400.1543273925781,2579905.0
2018-04-11,403.5455824256411,404.1234155100716,395.9672616289154,397.9944763183594,1530100.0
2018-04-12,393.6937808106014,393.6937808106014,389.2036059704877,390.3782653808594,3396280.0
2018-04-13,392.613861170009,397.104036067028,391.7613058304993,395.9577941894531,2206760.0
2018-04-16,394.30000600754704,399.7564060134922,393.1253755819888,398.3259887695313,1447925.0
2018-04-17,398.80917255045534,401.1110807887736,395.5883916655776,398.9133605957031,1468190.0
2018-04-18,400.6469113988242,401.1300386419352,396.166218436192,398.1744689941406,1139040.0
2018-04-19,399.94591095430593,405.4401822340644,399.18806149258,404.73919677734375,1612750.0
2018-04-20,403.5456223333614,406.5674803626154,399.0080942130736,402.0110168457031,1336685.0
2018-04-23,402.2951683219584,405.8190887868982,396.9145672835775,404.5970764160156,2725725.0
2018-04-24,403.9055863666418,413.0185131553166,402.986713747528,407.3631896972656,4431075.0
2018-04-25,407.6094988486527,408.4620542271831,400.3248350659953,401.2721252441406,1444495.0
2018-04-26,403.1666794135013,406.8042699922261,391.0603128795109,393.4758911132813,6777745.0
2018-04-27,397.48292872504015,400.17322911954176,394.4515888644472,397.435546875,1596720.0
2018-04-30,399.9080453170063,402.9583210013897,397.492437895064,399.7280578613281,1113320.0
2018-05-02,400.9689580850545,403.1287783874698,398.2502400847554,401.30999755859375,991145.0
2018-05-03,402.0678104949731,402.8066956131918,395.5220324652029,401.8594055175781,900380.0
2018-05-04,403.5455849253076,406.38745524168297,397.4639697283043,399.1122741699219,1822665.0
2018-05-07,399.7564608751592,399.8985486221058,389.3362687670389,392.0834045410156,1720485.0
2018-05-08,395.96725818758574,396.7345608488656,391.2308077307964,393.1159057617188,1252220.0
2018-05-09,393.286419942736,395.0199480017776,389.9993223365771,391.1076354980469,1271755.0
2018-05-10,389.3362516712308,390.0940722276716,375.5058096986764,376.9457092285156,3301590.0
2018-05-11,379.5791403691648,382.3073114710815,371.3377052452748,377.1161804199219,3022440.0
2018-05-14,381.1895223364948,387.0627323949588,381.1895223364948,382.2789001464844,2908575.0
2018-05-15,382.2788917044176,384.5997639123154,374.7858527784583,380.52642822265625,2023605.0
2018-05-16,380.0528090923796,380.5264541541054,376.0741790102828,377.7698364257813,1372185.0
2018-05-17,378.120378123044,378.120378123044,369.4621313968944,374.58697509765625,2330875.0
2018-05-18,375.6573987582436,377.4004092541889,372.73027551431886,375.5058288574219,2536480.0
2018-05-21,377.21097466200325,377.21097466200325,357.50732087148145,358.6535339355469,2528680.0
2018-05-22,360.4438958961254,385.73655403114896,358.0756705617225,380.73486328125,10095680.0
2018-05-23,374.7479654833246,377.7603410321487,366.5633652272749,370.2672729492188,3670390.0
2018-05-24,371.8492959395777,376.1121017563168,368.1074881590615,373.7912292480469,2292270.0
2018-05-25,374.1795996309697,378.1203300227455,372.28501937967366,372.8249816894531,2176245.0
2018-05-28,372.6165835220612,381.19902990471866,371.3377360472412,377.8835144042969,2541820.0
2018-05-29,378.9160474661029,381.6726651804987,373.7248872085771,375.259521484375,2453350.0
2018-05-30,374.1796319970082,374.1796319970082,369.8220912603058,371.67877197265625,1679240.0
2018-05-31,373.5733206252305,373.5733206252305,364.8866863492661,366.9044189453125,9300890.0
2018-06-01,367.5485416789965,371.9913343537641,366.0991890498697,367.8137817382813,2209305.0
2018-06-04,374.7479833730918,384.2019204233058,372.2850232390739,378.1582336425781,7002105.0
2018-06-05,375.126882654361,376.5572999678876,370.20096253065327,371.98187255859375,1826720.0
2018-06-06,371.9061313942983,374.729037636106,369.06426084708096,371.4230041503906,2078025.0
2018-06-07,372.2850253651797,374.5490626781993,371.5650756072319,372.2755432128906,763500.0
2018-06-08,373.8006888435968,392.67069193126974,373.8006888435968,390.83294677734375,5567795.0
2018-06-11,390.6719076094327,402.59828631616574,388.7015280426575,394.678955078125,8061475.0
2018-06-12,397.2934116073901,415.86030098677656,397.2934116073901,415.0361633300781,10485570.0
2018-06-13,414.9130456658629,436.5112474382948,413.96575560726507,427.47412109375,12901270.0
2018-06-14,428.1846571375515,435.6871794128412,425.62696200656455,429.9560852050781,7944815.0
2018-06-15,436.3218332494644,452.0089552590729,435.0429858109528,445.1979370117188,22284555.0
2018-06-18,443.14230004006976,456.78330069418894,434.3135782226535,452.0184326171875,11550755.0
2018-06-19,455.30552677025145,460.307217333432,450.2564543567513,453.373046875,10532330.0
2018-06-20,453.3730659419339,456.5749112346144,445.7852626837768,448.5892333984375,5748405.0
2018-06-21,452.6151758324986,452.6151758324986,436.98488995548814,438.8605346679688,5575655.0
2018-06-22,440.48993497943417,444.75274080181583,430.8370457044765,442.621337890625,8336385.0
2018-06-25,436.7007514361478,440.83092254087217,432.1537703600658,433.8872985839844,5713835.0
2018-06-26,432.7220869915623,432.91155656678825,427.68252585313337,429.52972412109375,3140740.0
2018-06-27,427.77726183739,437.0417581015776,425.5037713196692,434.5788269042969,7760350.0
2018-06-28,433.6693947749508,440.6698824670021,430.48651392585,434.9482421875,6142315.0
2018-06-29,431.9547659754648,432.7220685771803,421.16514770515846,423.4481201171875,4492115.0
2018-07-02,422.49140349254526,428.27933238604425,417.2339547660478,424.4523010253906,3871625.0
2018-07-03,427.7961934836619,432.7220844111808,423.4765531570538,430.7801513671875,3782865.0
2018-07-04,430.7896532004055,442.9528545609322,430.7896532004055,439.0216064453125,5327675.0
2018-07-05,441.4276969309593,444.9800347454658,433.43256631039,435.4976806640625,4154695.0
2018-07-06,435.7534992561757,439.5237247221984,427.38893937085,429.8897705078125,2781090.0
2018-07-09,432.3432125459563,442.3844937753336,432.3337593027112,441.4466857910156,3649485.0
2018-07-10,444.39275570618975,444.39275570618975,436.3218539416502,439.8931274414063,3329700.0
2018-07-11,435.94292797054993,442.0055790010151,431.0170077469842,436.00921630859375,4100335.0
2018-07-12,440.8119873191363,452.3594563609326,440.8025051669197,446.5999450683594,6561835.0
2018-07-13,443.3317994189314,448.3334903585798,435.94294765888327,439.5142211914063,2334635.0
2018-07-16,424.8468319493955,424.8468319493955,395.5790062106372,400.1655578613281,18607580.0
2018-07-17,393.6775418078115,404.9527607099914,393.1137837787426,394.6903991699219,7110920.0
2018-07-18,397.4996544399371,400.6624498383459,389.9509889497204,394.7572937011719,6097745.0
2018-07-19,397.0791753077633,397.0791753077633,386.9888029272332,387.79144287109375,3813605.0
2018-07-20,387.1799798243877,396.16193771566896,386.0333344934148,392.1296081542969,3778915.0
2018-07-23,396.1619124296361,396.1619124296361,388.422129840585,390.1802978515625,2935145.0
2018-07-24,390.42871765049534,399.4106743516832,390.42871765049534,397.04095458984375,6446885.0
2018-07-25,398.8373953862261,400.84401008883447,393.9737611945274,399.0667419433594,2693070.0
2018-07-26,396.6778661475303,418.71233717450826,396.524978184381,407.5804138183594,9565245.0
2018-07-27,408.0104622903125,408.0104622903125,395.09173402888814,398.1112060546875,4481590.0
2018-07-30,397.5092112646296,399.9553606035105,393.3526586466313,395.0534973144531,4039975.0
2018-07-31,396.5440581580882,408.01039236988834,395.7031889835595,406.6344299316406,7321900.0
2018-08-01,407.0549424392236,416.9924281596502,407.0549424392236,415.7884826660156,4564515.0
2018-08-02,415.6546704283803,427.6847641721055,414.699142450384,425.7546081542969,5198205.0
2018-08-03,427.3121298541046,437.6318205075908,426.16548459909495,435.9214172363281,5065535.0
2018-08-06,436.67625492339056,444.3204782043252,425.8214718614543,427.0063171386719,4178875.0
2018-08-07,429.9685337512527,435.9979135725821,429.0416703519464,431.66937255859375,2499550.0
2018-08-08,432.4720032194333,435.7207927720568,427.5032456727841,429.1276550292969,1726995.0
2018-08-09,432.6439506109837,432.6439506109837,421.3973969662742,427.6369934082031,1953505.0
2018-08-10,427.3885465286888,431.3062170127762,421.4833907102562,423.16510009765625,1619440.0
2018-08-13,424.25443621920215,429.7964870101576,423.3275728835685,428.38232421875,1336615.0
2018-08-14,430.75198439800215,437.82291449397854,427.8949651840194,435.4245300292969,2410190.0
2018-08-16,434.8321341072005,451.2863274392435,433.97216473898646,449.7574768066406,4479940.0
2018-08-17,453.665567814459,460.81292751810224,449.2701333263447,451.8022766113281,4445110.0
2018-08-20,451.9647326005739,458.070570363565,451.9647326005739,454.9746398925781,1806590.0
2018-08-21,456.3601628458065,463.9852573593852,449.8816843963241,460.74603271484375,3194790.0
2018-08-23,464.3865901778266,481.58609351774606,463.4310622144977,470.8077392578125,8122840.0
2018-08-24,472.9863429330692,473.4450068542632,463.5457219680544,467.7213745117188,2883520.0
2018-08-27,468.7820315767196,470.6835229205483,463.7177157999119,466.89007568359375,2285610.0
2018-08-28,468.208692713263,473.9418603791397,460.00071117086407,461.4244384765625,3752040.0
2018-08-29,462.4755556286681,464.2910530108328,454.35356756494144,455.5670776367188,3190665.0
2018-08-30,455.7868486630585,462.0837745824469,453.8853573049955,454.8599853515625,5392990.0
2018-08-31,458.08010637512905,477.5728712752708,457.69790101638114,476.2351379394531,9906600.0
2018-09-03,479.675021325473,502.9899261684162,476.8084375326913,495.61322021484375,15199620.0
2018-09-04,495.9190260559231,499.74113801011134,484.8444601679107,486.0006408691406,5182295.0
2018-09-05,487.1854465139602,494.9634577034336,481.2994202456639,490.7017822265625,5635765.0
2018-09-06,493.8168575257066,500.6966707730073,488.29390686565705,490.55853271484375,5422470.0
2018-09-07,492.0968781531933,505.34048110999504,486.4783693253145,503.08544921875,6533160.0
2018-09-10,501.4228843062728,508.30269759368855,488.27480965050063,489.9756774902344,6619365.0
2018-09-11,492.7562136924861,494.28503509292926,479.1208402655808,482.4365234375,5684655.0
2018-09-12,482.73275864988335,491.9918273292943,475.3942814269134,483.334716796875,6244125.0
2018-09-14,488.4468130340183,495.919049252465,487.32886156495016,493.406005859375,3386665.0
2018-09-17,493.2435562846365,499.7411349021875,486.9179365450584,490.854736328125,3458865.0
2018-09-18,493.03331674797215,503.9454884540332,491.14138997841576,493.8455505371094,5557290.0
2018-09-19,497.52430290166143,503.75436400986746,491.3325002380651,498.23138427734375,4349735.0
2018-09-21,505.2736113776788,510.4047918816359,466.507864017883,488.513671875,7055035.0
2018-09-24,492.6320466023565,497.05614620667,483.363412712516,488.0741882324219,3443295.0
2018-09-25,491.2560639689112,500.5533329974829,487.3670579053275,499.1105346679688,3796255.0
2018-09-26,500.2570813088344,509.1435378891272,495.15459472199547,497.0369567871094,6031190.0
2018-09-27,498.7664800524472,500.7635592066727,483.3060442193972,485.5993347167969,5251760.0
2018-09-28,489.03925730077736,492.4791933645263,474.8114594222017,483.6214294433594,5348515.0
2018-10-01,483.6883078761478,485.5420346156399,466.3645797606152,479.4075317382813,3811780.0
2018-10-03,481.0127456501752,487.128118462288,474.3240502580898,475.7669067382813,3529440.0
2018-10-04,471.83970106450494,476.6078054754236,451.05696766667495,453.3884582519531,4021070.0
2018-10-05,450.2447653789387,464.21457883574976,449.1554495584443,457.6118774414063,3684765.0
2018-10-08,457.6979152885167,460.1345000418632,445.6582565699328,447.2062072753906,3018945.0
2018-10-09,450.56009228205056,473.3685397416278,447.5597496878854,469.0017700195313,5638370.0
2018-10-10,471.0753013174723,480.4490286112618,469.3553625914266,474.8209838867188,4467855.0
2018-10-11,460.9562872493138,480.8217234508836,460.182311866432,469.9286804199219,2740135.0
2018-10-12,470.1197881864657,476.0345089926194,464.85481943865886,468.3042907714844,4626930.0
2018-10-15,470.3299578329645,493.0428461811922,466.9473808033186,490.5393676757813,5616380.0
2018-10-16,490.5489708387719,494.9635055469045,484.9304615155484,491.829345703125,3000015.0
2018-10-17,493.0524359809028,496.68343062823016,487.7014734792626,490.1858520507813,2460045.0
2018-10-19,487.3192722627457,493.6066627327439,483.5927189539929,487.7683715820313,2184920.0
2018-10-22,489.7081129770567,493.5589189130858,477.04736664155234,481.4714660644531,2781960.0
2018-10-23,482.5320953520757,486.6026541318117,463.4501992362001,472.74749755859375,4117545.0
2018-10-24,475.47076514474975,477.1907039764949,456.0830927787639,465.2083740234375,3628220.0
2018-10-25,460.8702810662596,467.2436366223862,454.8313369884213,456.83795166015625,6696500.0
2018-10-26,457.0099060484964,468.2086947714875,452.547577698364,459.52294921875,5628260.0
2018-10-29,466.29768093754063,489.03923649943226,466.278580874591,484.0609436035156,5153915.0
2018-10-30,483.630929776096,498.7855890399744,480.67832275453605,495.78521728515625,4855195.0
2018-10-31,466.0969632266678,488.16009897253787,463.0583623380671,485.8763732910156,11364110.0
2018-11-01,489.230288819813,491.9917784704938,467.5397936474319,470.4255065917969,6852830.0
2018-11-02,471.1708415553219,473.15832687584,459.3318361679207,463.09661865234375,4403540.0
2018-11-05,466.2976457885956,468.5909070669515,456.93348341847616,462.64752197265625,2647945.0
2018-11-06,462.2270576995722,470.11972749659424,460.9466538109226,468.3711242675781,1894150.0
2018-11-07,470.1197894729377,472.0117454649025,466.679882742275,468.7724914550781,389780.0
2018-11-09,471.075306447347,471.075306447347,456.5512691077311,458.6534423828125,5014635.0
2018-11-12,461.30981065816513,465.8867979826112,457.6979159533833,461.6251220703125,2439440.0
2018-11-13,461.7111047894333,468.3998002610328,461.6250816150766,465.9249572753906,2348490.0
2018-11-14,468.1896224762595,472.0308345593424,459.95294657686406,468.0653991699219,2151265.0
2018-11-15,469.5082171313353,477.37222295264274,468.1991484563818,470.4637451171875,2493625.0
2018-11-16,470.69308154328246,477.1524307596996,466.6894170358059,473.3781127929688,2129050.0
2018-11-19,486.4593035162332,486.4784035782097,475.8529370393013,483.2296142578125,4735110.0
2018-11-20,481.605187698195,481.605187698195,465.8294410453509,466.8996276855469,2705585.0
2018-11-21,498.4033817663255,507.38536829995576,492.50779033266434,497.2185363769531,22429120.0
2018-11-22,493.05241882841136,500.6393130323626,492.2115495724976,498.5371398925781,5046020.0
2018-11-26,498.21227026879234,504.1174256908803,481.7867141785038,488.9627380371094,5648170.0
2018-11-27,492.096907442057,497.409640653648,485.7904169709138,494.724609375,5237990.0
2018-11-28,495.9190393233386,495.98593328282254,486.8892879258343,491.5809631347656,3221465.0
2018-11-29,493.81687932637857,509.6213504306856,492.1160697422768,507.4427185058594,5241465.0
2018-11-30,508.53200786824056,522.5877872737854,507.7771034309382,520.2276611328125,7459140.0
2018-12-03,523.3617999058215,524.1262690088241,506.8980701300181,509.8506774902344,4919170.0
2018-12-04,513.6918283693749,519.5874781077002,512.5069829832455,516.7590942382812,4577265.0
2018-12-05,515.2206771464397,518.6509897929532,505.7800564292831,510.5672607421875,2238155.0
2018-12-06,510.4431067211267,512.3541628613624,500.9164615352329,504.7481384277344,2575765.0
2018-12-07,508.5319615974466,518.7178633814093,505.0920261544626,514.5613403320312,5898375.0
2018-12-10,501.2891025269196,517.32289061143,501.2891025269196,514.1600952148438,5025935.0
2018-12-11,509.965320384785,525.5308509708194,509.5066272730401,519.0714721679688,4203895.0
2018-12-12,510.2519561172736,518.1923915285137,484.28071186620514,494.2659912109375,17065640.0
2018-12-13,501.65217957688463,501.65217957688463,490.6062786794141,496.2725524902344,5189005.0
2018-12-14,495.9189833526897,498.7091085091674,490.75910933052864,495.2883605957031,2931800.0
2018-12-17,497.7727895243601,503.5632872306508,496.9127909427033,499.38763427734375,2962015.0
2018-12-18,497.2184593192937,505.4742339617074,493.46324185754384,504.3849182128906,3696265.0
2018-12-19,505.47427737410703,506.62092255972,493.9410482056578,499.5022277832031,4206195.0
2018-12-20,498.3460285789594,503.3625503419418,495.345715124525,502.3114929199219,2465430.0
2018-12-21,498.670914032298,499.9895472235344,492.6892999400388,498.4129028320313,3739795.0
2018-12-24,498.7856515270233,501.28913039967466,492.7085070111585,496.8363952636719,2523195.0
2018-12-26,496.4923503498233,502.2255186370998,492.13514478432535,501.1362609863281,3768120.0
2018-12-27,504.7098602987616,505.4742709725571,493.3104191825074,494.4761352539063,2937890.0
2018-12-28,497.830064266278,503.18099748285545,497.0847244678272,501.0597534179688,2988500.0
2018-12-31,503.5058760459236,509.0670554454708,498.7855658675256,500.0277404785156,5132645.0
2019-01-01,500.3335701655296,503.37214222811446,496.874563447196,498.2218322753906,1693785.0
2019-01-02,498.0211891882146,500.3144213217095,492.1064687263077,497.0752258300781,2087755.0
2019-01-03,497.8300878223329,499.7029436971528,489.9947465609691,492.5459899902344,2709455.0
2019-01-04,493.0524303729717,498.02118745949474,489.6125530242705,496.8745422363281,2036985.0
2019-01-07,499.52141947331455,499.52141947331455,484.8922581383874,488.9723815917969,2712075.0
2019-01-08,489.4214702061979,494.3615338073812,487.5104141400439,491.2369384765625,3447490.0
2019-01-09,493.2244636080965,498.95763192852655,493.2244636080965,497.4670104980469,2321680.0
2019-01-10,496.5114554109866,498.7856167199332,493.654436018191,496.9510192871094,1952070.0
2019-01-11,498.93840470373215,498.93840470373215,493.0523787120395,494.6098937988281,1583935.0
2019-01-14,494.0748900327918,497.8301082268705,488.2748278386388,492.8231506347656,1972390.0
2019-01-15,494.0079425910138,497.6389370812951,493.310425860842,495.88079833984375,1787885.0
2019-01-16,493.0524644143324,502.16818084231767,492.1542657315982,500.1138305664063,4730740.0
2019-01-17,500.6966336228045,502.37837210523145,496.8745219157602,500.5342102050781,3249010.0
2019-01-18,497.8300191534004,502.4834352041997,495.8234339592182,496.262939453125,2681365.0
2019-01-21,497.8301234589639,504.9010544909257,493.39645922617495,496.8363952636719,2975320.0
2019-01-22,496.7025394489232,505.47427891630986,494.95390699354834,504.5760803222656,3880330.0
2019-01-23,504.490052096576,508.3408576399738,502.6076900726057,505.8086853027344,3772630.0
2019-01-24,504.9104429431265,511.1500677653002,504.9104429431265,509.9556579589844,3057825.0
2019-01-25,510.3474050026489,514.2651042081122,505.569765718517,510.7105102539063,3046410.0
2019-01-28,510.6151152515521,510.6151152515521,496.3108291414493,501.6044921875,3424970.0
2019-01-29,499.9322717825042,512.927429527596,497.44786393775297,509.5735168457031,4338480.0
2019-01-30,507.3949138840387,512.1629890967271,504.0314367855241,509.3728637695313,3285070.0
2019-01-31,509.29647613256753,521.4412592512192,506.6210091228617,519.9601440429688,6157590.0
2019-02-01,519.3676252002493,538.7266302116105,518.8803549499935,533.4234619140625,7254975.0
2019-02-04,536.6053884524962,550.001850302884,518.8994280082253,522.7119750976562,10747910.0
2019-02-05,530.3561910368193,546.5332715810359,529.935756422901,539.19482421875,8266655.0
2019-02-06,538.153406179967,538.153406179967,527.6425976933301,533.1273193359375,4408975.0
2019-02-07,533.37575283858,541.7843877568898,533.37575283858,539.2617797851562,2809020.0
2019-02-08,538.5355504802665,538.5355504802665,525.8557337430237,529.30517578125,3570965.0
2019-02-11,508.3600318085464,517.5044418855098,489.1061190307884,499.80804443359375,9477310.0
2019-02-12,500.5055737832173,511.48458158970936,493.8168775286705,506.9076232910156,6546620.0
2019-02-14,506.1814407401523,511.1979632094302,499.9323080310564,509.7264709472656,2987045.0
2019-02-15,508.3408861271122,508.3408861271122,357.93122306908845,489.8705139160156,33781355.0
2019-02-18,506.429804869728,514.007134385604,486.3732828723468,490.2909240722656,13437905.0
2019-02-19,493.80731970056496,498.7856418338984,478.7386528578488,484.8158264160156,11348990.0
2019-02-20,492.0777676391257,493.81683551584825,479.39792217309474,482.5702819824219,7798610.0
2019-02-21,487.31929636469965,498.02122198824185,481.5574634976272,494.2564392089844,6551985.0
2019-02-22,493.9601453871041,506.4297724599306,488.4085307803279,504.4231872558594,6890795.0
2019-02-25,504.566595375422,515.0200749945208,501.2318116784997,509.6595764160156,6377575.0
2019-02-26,507.1751127114373,508.3216995030505,502.4069796330074,506.0093383789063,5065570.0
2019-02-27,509.200910187419,512.7363172395003,502.617308067966,505.8374328613281,3965490.0
2019-02-28,510.06086225423167,510.06086225423167,499.78893570004897,502.923095703125,3348795.0
2019-03-01,504.1364951281848,507.7866186932151,493.061959461615,505.6653747558594,4428975.0
2019-03-05,503.5632549553263,510.022633553254,497.7536283975545,507.21337890625,3233555.0
2019-03-06,508.4555800473697,517.609555073637,507.7007338852193,514.7716064453125,4261975.0
2019-03-07,514.0741000801204,520.9347846031392,510.0417996310991,512.306396484375,4583795.0
2019-03-08,509.8697106288437,513.3000817639579,498.1167280507377,499.7507019042969,3424030.0
2019-03-11,502.2255194724047,507.5765115419115,498.98632370851686,501.8719787597656,5568560.0
2019-03-12,505.8565755131118,511.3986265665025,504.136578357918,509.6499938964844,2724340.0
2019-03-13,508.9142497658895,517.8962373583613,505.39791330778354,507.5478515625,3520390.0
2019-03-14,507.5477601847927,510.42390861906085,499.9322304876002,506.0285034179688,2418560.0
2019-03-15,507.48092690469497,514.7907398569718,504.7003659245796,508.1307373046875,7180270.0
2019-03-18,508.0351127407959,511.0736847386341,505.1207640468367,510.1468505859375,2272815.0
2019-03-19,510.2519280367847,519.2816788768762,510.1468339587125,517.647705078125,4590280.0
2019-03-20,517.7050314856639,527.4514282368079,517.7050314856639,525.855712890625,5759745.0
2019-03-22,531.0824838491019,531.0824838491019,523.3427298948446,525.7888793945312,3427005.0
2019-03-25,524.5658212886964,534.7135255018312,521.0972494638938,531.4552001953125,5049315.0
2019-03-26,533.3757594043668,533.9394882838909,527.9292379549695,531.72265625,2420510.0
2019-03-27,531.4742049117226,537.7711012393444,524.4128395921358,528.41650390625,3295160.0
2019-03-28,530.2607904505194,530.2607904505194,517.5140193511357,519.272216796875,3317795.0
2019-04-01,534.8950971771309,539.4434206307238,531.6559009811006,534.10205078125,3959055.0
2019-04-02,535.8600431349979,538.9177441275402,531.2735208065822,534.8567504882812,2941955.0
2019-04-03,536.6243839147209,536.77730102087,527.155129170279,528.445068359375,1842580.0
2019-04-04,529.8880619574912,533.6719739845225,526.2093023384798,529.6205444335938,2192480.0
2019-04-05,530.4708982214579,530.8913328738165,524.1071074097769,526.3717041015625,2225465.0
2019-04-08,527.4514269510513,531.2735387405517,524.6803725753446,528.1585083007812,1535035.0
2019-04-09,528.2158644158234,528.5885343311787,523.0369190083944,526.1710205078125,2065405.0
2019-04-10,525.9512077192111,541.9562998226967,524.7949979807272,528.4069213867188,5386055.0
2019-04-11,529.868887969872,537.9621808854836,527.0405045313656,537.341064453125,3186725.0
2019-04-12,535.0956633519751,539.1088924912747,532.4297613104056,536.4429321289062,3031110.0
2019-04-15,539.2235772688589,540.7906572129086,531.4646944405563,533.7197265625,2782595.0
2019-04-16,541.0199721104594,542.7399108680642,536.4334493165798,539.8924560546875,3857435.0
2019-04-18,540.437121422632,540.437121422632,533.4426492798192,534.9237060546875,2168040.0
2019-04-22,537.0066604446046,538.9081515657417,530.317965385686,534.2738647460938,1736150.0
2019-04-23,535.1912216524153,541.3353181545571,535.1912216524153,539.3286743164062,2379440.0
2019-04-24,541.7844061303255,549.4286305554447,537.5991885919083,546.4473876953125,3740925.0
2019-04-25,544.9662126942554,561.8503734018676,542.6347224173753,558.9646606445312,5438620.0
2019-04-26,560.7037318921722,564.430313843307,549.533608969406,552.72509765625,4628615.0
2019-04-30,554.9610988880644,563.7615329659538,553.3080540727022,560.6560668945312,3006375.0
2019-05-02,558.9838735199513,566.4369801693906,555.1617615642593,558.0092163085938,2940460.0
2019-05-03,556.136401660183,560.4649129899755,552.4289485115968,555.6299438476562,1822665.0
2019-05-06,553.6233766368556,559.929838048388,551.9129442078562,558.1430053710938,2055080.0
2019-05-07,561.0860544237221,564.1437556942014,559.0316458911561,562.3186645507812,2290700.0
2019-05-08,562.4237456416621,563.3410734978554,550.8810096354285,554.3017578125,2251990.0
2019-05-09,550.8142119175948,555.9835935309135,542.4724115374172,554.3209838867188,3655600.0
2019-05-10,555.7349908270681,557.4931877847198,547.775485589851,549.6961059570312,1695460.0
2019-05-13,544.6605318153606,546.5524586177282,530.8245048550126,535.6212158203125,3296000.0
2019-05-14,532.3818887809388,540.2554875137515,527.4609551838234,536.5480346679688,2424750.0
2019-05-15,537.1978520538323,545.3867339938786,533.5668573261732,537.6851806640625,2394025.0
2019-05-16,537.608730270805,540.1313382204795,527.4896629585522,535.2868041992188,1926500.0
2019-05-17,533.3757075761158,537.0067020826218,509.7645911919072,524.5848388671875,5803605.0
2019-05-20,530.8914001645311,531.0825174527001,485.8956136516161,494.8489074707031,13296325.0
2019-05-21,495.7279360282322,515.9755775507363,495.7279360282322,509.6786804199219,10041680.0
2019-05-22,509.27725609200746,512.1438398742582,501.05017463393904,507.9108581542969,3825980.0
2019-05-23,512.1629645315471,515.965946986123,501.91973323489816,504.0027770996094,2733160.0
2019-05-24,506.4298468060966,511.0068049921197,501.88152413364185,509.0862426757813,2355750.0
2019-05-27,509.105293916929,510.0608218928696,503.07591472157657,507.9586486816406,1703280.0
2019-05-28,509.29646555602994,512.9274605881407,501.91981678811686,506.8025512695313,6261485.0
2019-05-29,506.4298573239729,506.4298573239729,495.4317203364201,498.9289855957031,3872490.0
2019-05-30,499.3589232560205,508.321780809096,495.6037051108573,506.8884887695313,3638095.0
2019-05-31,508.2453554268288,513.6918182512223,501.91976487066137,511.84765625,4697455.0
2019-06-03,512.1247954005597,523.4382139853259,506.88846242996783,520.5907592773438,2794240.0
2019-06-04,525.5402991520663,534.7993660281406,458.6533519872578,509.36322021484375,12191965.0
2019-06-06,516.2813509648819,517.8770664556918,505.2832139356453,507.824951171875,3042480.0
2019-06-07,506.4298532076981,507.6051340156932,488.3225854713001,493.1862487792969,3912170.0
2019-06-10,498.4225816685881,504.0984211296469,491.0745679694155,502.4644470214844,3114925.0
2019-06-11,503.7448205518919,503.7448205518919,495.63239697159474,497.9925231933594,2605765.0
2019-06-12,499.16783418320654,502.3783941610855,491.6191399020661,494.9061584472656,2644365.0
2019-06-13,495.1545875379354,497.3714193454375,488.73343864888,494.6290588378906,1843465.0
2019-06-14,493.4346938600832,493.4346938600832,483.306061834998,490.2145690917969,3446035.0
2019-06-17,490.56810889343967,493.13848160058063,485.1406875768605,488.11236572265625,2634620.0
2019-06-18,488.27475430478927,496.874505359081,485.79994055619073,495.2023315429688,3325285.0
2019-06-19,493.8168459519637,495.12591461241067,484.930447446174,487.4817199707031,4227975.0
2019-06-20,487.31926028192345,492.5268993353704,481.2038871614458,490.1476440429688,2840740.0
2019-06-21,489.23032312596257,492.0969070505288,482.26451602435486,487.615478515625,2895690.0
2019-06-24,482.3504519458693,483.8793023535746,478.6525637942371,480.3247375488281,2261305.0
2019-06-25,478.1653366772532,487.7874815173392,475.48027615796747,484.6533508300781,2186090.0
2019-06-26,484.4431412166202,494.4761854201616,480.191059026598,492.8517761230469,2506335.0
2019-06-27,492.8422436479691,492.8422436479691,486.15351870724106,490.3005065917969,2329305.0
2019-06-28,494.96353439852,499.7411746919421,484.79670185712496,487.4053039550781,4298885.0
2019-07-01,490.587184212005,511.2074954031376,490.587184212005,507.356689453125,5592610.0
2019-07-02,507.7675747586784,508.71353809561583,499.8557753573877,502.15863037109375,3333410.0
2019-07-03,503.9359465706245,503.9359465706245,493.0524682075769,496.2439575195313,3132990.0
2019-07-04,497.0847748109015,500.69669883849326,495.5463886454326,497.3332214355469,1840500.0
2019-07-05,498.7856252052584,500.6011517670849,495.6419590227293,497.0561218261719,2458575.0
2019-07-08,494.02711120885255,500.6966780670124,489.0392246615973,496.0528259277344,2352875.0
2019-07-09,495.3457469572169,501.6522085362085,491.38984697291033,496.6548156738281,2041480.0
2019-07-10,495.7279338374056,497.4288017369284,491.6000457198522,493.9411010742188,1555795.0
2019-07-11,494.1991203099857,508.7231583689968,494.03669687092105,507.0127258300781,3900525.0
2019-07-12,506.0476022075312,508.3886574565909,494.0366666473098,502.3401489257813,3309185.0
2019-07-15,506.4707819211392,514.2891507731506,503.0333864963508,505.9989929199219,2497770.0
2019-07-16,505.0457535070714,516.8599301757877,501.3002379606932,515.4156494140625,2961595.0
2019-07-17,513.3166634012811,517.6110129260951,508.85864516946725,513.4514770507812,2367680.0
2019-07-18,513.2492560422907,516.0607729555524,506.46114784847936,511.3813171386719,2172275.0
2019-07-19,512.2286996509746,516.0897536661618,501.4639987815093,503.2164001464844,2341240.0
2019-07-22,504.3428486981354,508.7720117902795,500.7225087200489,506.9425659179688,1745260.0
2019-07-23,508.3869375583354,509.2823847711993,496.9193716997176,500.5589294433594,2400580.0
2019-07-24,499.7212197708302,502.8023642860117,492.0183878668482,500.5011291503906,2268320.0
2019-07-25,504.4970385677278,513.393800752153,502.080265454454,511.1022033691406,2581940.0
2019-07-26,508.3965226999808,522.6371114404259,504.86286516435945,520.8943481445312,2688095.0
2019-07-29,521.8475493987121,525.1020003537564,504.7858061239051,511.0732116699219,4598165.0
2019-07-30,509.9274064549827,518.6894122834492,490.882186703413,492.981201171875,10986210.0
2019-07-31,488.16699810548255,498.75839254169614,487.7818623664149,495.7927856445313,4173450.0
2019-08-01,495.4845880213693,495.4845880213693,481.4365826838406,487.92620849609375,4881245.0
2019-08-02,487.9358874097805,491.0555248707947,480.70484468969465,487.050048828125,2969945.0
2019-08-05,485.856092493464,488.7350163030072,481.5617722502852,484.25775146484375,1687875.0
2019-08-06,483.3238050240455,497.7762230288184,481.61956408761847,492.24945068359375,3016085.0
2019-08-07,491.0555229441634,498.53691707005424,489.3127596154126,492.364990234375,1581395.0
2019-08-08,494.9069435482665,498.363615179193,491.0651655877958,495.282470703125,1276305.0
2019-08-09,496.20677735188514,498.7005950293688,493.0005158967619,495.5713195800781,1869625.0
2019-08-13,496.4474649182351,500.5877838492461,489.32238106660975,492.2783203125,1874220.0
2019-08-14,486.2509137756217,488.70617975148457,452.7724609882937,483.7282409667969,8047285.0
2019-08-16,487.0115243449513,487.0115243449513,474.68700533131687,479.9923400878906,3989225.0
2019-08-19,489.1297818645728,494.7046847966896,480.46409675279887,483.1793518066406,3556515.0
2019-08-20,486.1931060496885,493.83816864144194,484.4118203938118,491.94134521484375,3047550.0
2019-08-21,481.4269509714935,486.6071096653818,479.6938257015838,482.0046691894531,4254970.0
2019-08-22,482.0046650049447,492.9811935150085,482.0046650049447,490.1696472167969,2648925.0
2019-08-23,490.1118703061248,493.1063611457868,486.04862576639545,489.3704833984375,2863550.0
2019-08-26,492.9715868286031,497.7954945441746,489.52458259997167,494.3677368164063,2175030.0
2019-08-27,495.8697818810609,497.6029072291929,487.7432922311662,489.2646179199219,2915520.0
2019-08-28,492.4997807547564,494.71433302020256,482.0913322160137,483.757080078125,2116140.0
2019-08-29,484.31555270101336,488.1669686270652,480.2619456663559,486.7804565429688,2524850.0
2019-08-30,487.242612134048,494.5217561276296,483.9303922561814,492.4997863769531,2876385.0
2019-09-03,492.6635158373833,494.3292638245517,485.8176086631784,487.7433166503906,1927265.0
2019-09-04,489.1105654817903,502.9082498081839,487.7625464297791,501.2039794921875,4096285.0
2019-09-05,507.76102393708,518.9398033325417,507.76102393708,516.5615234375,4488550.0
2019-09-06,516.8793357645515,528.9824186371197,515.1365722254565,527.6343994140625,3959170.0
2019-09-09,525.5448970841984,532.3907738745621,525.5448970841984,529.4155883789062,3199675.0
2019-09-11,529.9548020060439,535.0386399613859,527.8365117046776,531.6879272460938,3171745.0
2019-09-12,532.6508045952438,536.8873266166622,529.0111885396669,532.8529663085938,2347310.0
2019-09-13,535.6645387343467,538.2257043082707,518.5449677972717,526.0167236328125,5949000.0
2019-09-16,525.9108389935027,531.996083006762,520.538097500034,524.8131713867188,4092125.0
2019-09-17,526.6811058173824,531.9575266092269,525.8337896477218,527.2684326171875,2342715.0
2019-09-18,527.6055051665012,531.8709413842296,522.8586419431426,528.3468627929688,1821510.0
2019-09-19,527.6632695333484,529.2230883167833,521.6068802429533,526.2093505859375,2319595.0
2019-09-20,527.2588887752682,551.1377177921945,522.0691497698053,546.4774780273438,3830525.0
2019-09-23,546.9010540129967,546.9010540129967,520.1337254469349,532.8915405273438,4645190.0
2019-09-24,532.7856374963529,547.8639046920209,522.8297016656719,536.3577880859375,3398250.0
2019-09-25,529.5986251526415,536.1171069098194,529.5986251526415,534.0662231445312,2457150.0
2019-09-26,537.2725172524379,538.4086778890982,528.2120872190326,534.3550415039062,2524060.0
2019-09-27,535.7319887720301,536.5022602179594,523.8888375650836,525.872314453125,2344830.0
2019-09-30,526.4885500133217,528.1350514927906,518.092491428578,520.3744506835938,2749030.0
2019-10-01,518.0154955561794,523.7926200419361,509.3305329401815,517.8903198242188,4860100.0
2019-10-03,516.0512343668552,516.9466815058464,507.61662419578704,515.5408935546875,1485000.0
2019-10-04,517.4377295346459,519.7485437239484,502.8697447584142,504.092529296875,2221020.0
2019-10-07,506.4611925959077,509.34975453086537,496.11051232897614,503.8518371582031,2596265.0
2019-10-09,505.4501635737857,515.3194159905055,500.7417939262846,512.8930053710938,2332220.0
2019-10-10,505.7197365570852,513.5670193720058,503.0044814990624,507.1351623535156,1440705.0
2019-10-11,509.349702662536,512.045681773703,502.032036679663,510.5821838378906,2734535.0
2019-10-14,510.6977731997459,516.590434840917,504.7280667853468,510.6784973144531,1507185.0
2019-10-15,512.6234705879688,519.3441724069907,511.188768825921,516.9851684570312,1710795.0
2019-10-16,522.0594208595065,525.4101337831801,517.4377336759711,520.2203369140625,1639185.0
2019-10-17,522.0594597159359,526.4885646864907,519.7485865682014,525.2175903320312,1525070.0
2019-10-18,523.7926222461548,528.5972547274894,521.8765520198542,524.7265625,1446395.0
2019-10-22,524.2257857974636,543.1843802887338,522.0304508300708,541.268310546875,3496720.0
2019-10-23,540.5076453075771,547.2765363593993,530.5421310583873,544.33984375,4897960.0
2019-10-24,546.8529748362096,548.8171759610909,533.4211489528506,544.0703125,3013160.0
2019-10-25,543.8198869808325,543.8198869808325,535.33714622275,538.2257080078125,2503975.0
2019-10-27,535.1541966726205,537.8501758934719,534.3839252906542,536.4251708984375,113015.0
2019-10-29,534.3839298626017,543.049615211725,530.234031785017,539.6796264648438,2668840.0
2019-10-30,544.7827221013646,544.7827221013646,527.9424168787077,531.47607421875,2965735.0
2019-10-31,535.3274962068857,542.0674735533521,533.4403401613558,535.9630126953125,3601190.0
2019-11-01,536.1169963104446,544.811594531298,526.8447093035923,530.840576171875,15004275.0
2019-11-04,532.5063477222794,541.1239020440058,529.2904485454447,538.7745361328125,4044245.0
2019-11-05,538.0043134076677,548.7305211310836,537.6577000700643,542.2216186523438,4218310.0
2019-11-06,543.0689239050997,554.6038958498459,543.0689239050997,551.2723999023438,4502345.0
2019-11-07,551.137607847584,555.2200990694575,544.7827367086815,552.88037109375,2205775.0
2019-11-08,550.7524284784455,550.7524284784455,541.5668234676228,543.4539794921875,1594930.0
2019-11-11,541.5764697608552,544.4650318066681,538.2353945364786,542.2312622070312,1533320.0
2019-11-13,543.0495723021904,543.7909885736615,530.5324722313952,532.1019287109375,2283415.0
2019-11-14,534.3839451899138,534.8364583402914,524.7457676945187,526.4981689453125,3242840.0
2019-11-15,529.1845345617706,529.1845345617706,522.3098016697091,525.872314453125,1894225.0
2019-11-18,526.2960149389461,531.3028678925357,526.1034911379207,527.0663452148438,2113865.0
2019-11-19,527.8365733491453,531.5820895049053,524.6591669099846,528.2216796875,2384625.0
2019-11-20,528.8668650555852,551.5131524438574,528.6068756552575,546.64111328125,4989880.0
2019-11-21,544.5901588468214,556.529571076044,541.1624012095965,554.4594116210938,4794695.0
2019-11-22,549.7896089200927,559.3700175366495,547.4787359183308,552.9188842773438,2747755.0
2019-11-25,550.752461603952,565.3878534561069,548.8363916386551,562.431884765625,2343975.0
2019-11-26,562.3548242514033,572.8980865045285,559.8321516643648,571.1360473632812,5280840.0
2019-11-27,570.0095007008158,576.1621511386988,566.6010190997042,572.3203735351562,2792575.0
2019-11-28,571.5694496595202,574.3617500738915,566.7455411859489,573.2351684570312,1282180.0
2019-11-29,572.8403530842246,572.8403530842246,557.5502270770304,561.1224365234375,2802065.0
2019-12-02,561.9215322611793,561.9215322611793,549.2119073493111,553.0055541992188,2990275.0
2019-12-03,554.4112838344712,556.0192334503615,549.1445010203895,550.4346923828125,1906680.0
2019-12-04,550.7524845604079,555.7400611971058,550.4058712268792,554.1898803710938,2380810.0
2019-12-05,554.565422822982,554.6039158273429,548.6534850325988,552.986328125,2168805.0
2019-12-06,556.0866899937201,567.8912896911187,552.9959661985632,556.6836547851562,4942595.0
2019-12-09,558.2627427527833,566.543322492258,556.8955065148119,560.1403198242188,2646785.0
2019-12-10,560.1402983908205,560.1402983908205,554.1224610638885,557.973876953125,1742585.0
2019-12-11,558.4553231552416,561.4979159545366,553.6410531280412,556.10595703125,2032640.0
2019-12-12,558.4553052682037,562.0756456155718,556.529597319003,559.5433349609375,2019050.0
2019-12-13,551.7344944674417,551.8403942794462,533.998685441871,543.33837890625,6842090.0
2019-12-16,545.9382284407543,548.8171525529409,538.5050236272118,542.3468017578125,2301945.0
2019-12-17,544.5901565885276,547.863883441399,541.316488503596,544.3783569335938,1835550.0
2019-12-18,546.901034132171,553.8817251488229,544.3976374126859,553.342529296875,2656160.0
2019-12-19,553.4484458300549,556.9821034170143,547.1032711279308,552.5914916992188,1991375.0
2019-12-20,551.7730490949067,554.8445553616392,549.934024018759,551.3975219726562,1756605.0
2019-12-23,552.21607381797,561.9216003335513,552.21607381797,560.0729370117188,1961175.0
2019-12-24,562.0948792731981,562.0948792731981,555.7689220831608,557.6753540039062,1089215.0
2019-12-26,557.7908167154849,561.2956185524374,550.7523579877227,551.8307495117188,1284800.0
2019-12-27,553.641105773484,559.4182303554683,551.0606638456851,557.9932250976562,1868265.0
2019-12-30,555.0468301324947,563.8472709041714,553.6410421559522,556.3081665039062,1899395.0
2019-12-31,556.5296271229626,561.3149834243851,551.532412376452,553.5543823242188,1516190.0
2020-01-01,554.6038800587331,556.2407435416616,550.7909572268703,554.4883422851562,773895.0
2020-01-02,555.3356611106791,556.9917417184506,550.7909598459244,551.696044921875,1494155.0
2020-01-03,551.6960274754937,557.8775920354794,549.2214858166482,555.3549194335938,1723390.0
2020-01-06,552.8707585117088,558.0316416603172,549.6355832932924,554.3824462890625,1788685.0
2020-01-07,556.5295433357102,560.3809588605247,552.8803482824056,555.4126586914062,1788175.0
2020-01-08,553.6410084825646,559.4181320493392,551.9078831661202,557.9257202148438,1395115.0
2020-01-09,560.6891046743417,565.5033742994807,558.647859054718,562.4029541015625,1877480.0
2020-01-10,564.2324917223797,579.2529918856251,563.298551472001,564.8101806640625,5635735.0
2020-01-13,564.790983830334,571.2613352813751,561.4787633205053,568.989013671875,2209320.0
2020-01-14,569.0082976089906,571.7042774183943,564.6176851285466,567.6602783203125,1785850.0
2020-01-15,567.3424499891926,567.4098568221033,558.4553262750746,562.0467529296875,1924335.0
2020-01-16,563.8473060059985,568.3727317771971,562.6245213294018,565.6671142578125,1917310.0
2020-01-17,567.00541597643,587.1483033453999,566.1580998330678,584.3271484375,5585585.0
2020-01-20,585.9928930152357,593.1180357834473,583.8842405048334,589.1895751953125,4373565.0
2020-01-21,588.409634697014,593.0795113884301,584.6159879675803,589.353271484375,2853930.0
2020-01-22,589.3725325142227,597.9419563986277,586.8402218586177,589.661376953125,2798990.0
2020-01-23,588.3616033912857,592.8677533693295,582.3341275334915,585.0590209960938,2130840.0
2020-01-24,586.1854461187874,586.7727728970414,582.5651060299774,583.7590942382812,1363645.0
2020-01-27,583.2968655433061,617.959605032722,577.2308978862457,614.06005859375,20699040.0
2020-01-28,614.3008147111344,625.8454240674904,608.0903950345262,614.1371459960938,11511345.0
2020-01-29,614.1371860669334,616.5828140815914,596.8154519310588,606.2610473632812,6946015.0
2020-01-30,607.0409762289654,610.449458357339,600.5417114909338,607.531982421875,3366300.0
2020-01-31,607.6089427864421,614.6570403975567,597.373801112088,599.76171875,3341175.0
2020-02-03,601.5911061138635,611.0270625982736,600.2720009697825,605.471435546875,2576210.0
2020-02-04,607.3682926651504,631.1700741522419,606.9927655000903,624.28564453125,5149785.0
2020-02-05,622.9664996682205,625.8550614904842,601.1482552286154,603.3916625976562,4781145.0
2020-02-06,609.9873106557008,611.758929180497,604.0176038499114,608.321533203125,2462660.0
2020-02-07,608.4948008261724,613.3379845485673,604.0946098584664,609.81396484375,2676165.0
2020-02-10,609.7658189907785,611.0753451598903,599.472906865433,606.4247436523438,1477975.0
2020-02-11,608.5044460043684,617.3723524117873,603.7094519382564,614.5319213867188,3060520.0
2020-02-12,610.8634351944036,618.8454734238876,609.3036164693941,615.3984985351562,2843165.0
2020-02-13,620.6075543083956,642.5895283046433,615.668108424898,640.2208862304688,8584320.0
2020-02-14,636.4849521661735,641.8384177624391,631.0545005670415,636.3116455078125,3533430.0
2020-02-17,640.4519025478689,643.5811778610548,633.0186983202359,634.6266479492188,3203305.0
2020-02-18,633.1727900701139,633.1727900701139,622.6295853985354,626.1151123046875,3486830.0
2020-02-19,627.3955496543003,635.2524700367163,627.3955496543003,631.27587890625,1509105.0
2020-02-20,633.4231279678492,647.9911139108129,623.939039430807,626.875732421875,4622330.0
2020-02-24,627.2031367939454,627.2031367939454,609.7465885802452,611.6626586914062,3143085.0
2020-02-25,612.7602153935261,612.8179842739733,588.5636933726317,594.4467163085938,5005135.0
2020-02-26,596.391769337685,599.9542819932907,589.3243953777628,592.2225952148438,3810845.0
2020-02-27,595.8140033580888,595.8140033580888,583.3161780847257,590.6242065429688,4677080.0
2020-02-28,583.4894380150969,594.7548399085795,559.4662225016473,563.6738891601562,8299780.0
2020-03-02,570.2020618736071,577.1827522879437,553.8335464193005,559.5239868164062,4444330.0
2020-03-03,566.1581636152096,592.7329110532351,564.4731690806406,586.1277465820312,5280400.0
2020-03-04,590.2294297085801,613.6748982297967,584.6448889461647,610.7093505859375,9163610.0
2020-03-05,610.6419154554861,622.3791060845481,609.7175546150911,613.2319946289062,5228710.0
2020-03-06,594.1193561365468,617.4685634802448,594.1193561365468,610.63232421875,5629460.0
2020-03-09,608.2829130522423,614.1081670271335,582.7287933105483,589.5072631835938,4992640.0
2020-03-11,591.1924226579849,593.8691852884078,574.4387376617997,577.8280029296875,5845705.0
2020-03-12,567.6986781574891,574.3423940688151,539.8818715811456,548.90380859375,3889695.0
2020-03-13,525.70855485466,603.7863980272326,502.6097008048322,555.5859375,4930170.0
2020-03-16,537.2724958033541,574.0438899367421,531.4953721925654,544.3880004882812,4715400.0
2020-03-17,544.9752828680643,559.225508193006,531.0620328857783,535.5778198242188,4684015.0
2020-03-18,539.5447744878886,539.5447744878886,504.7376427352877,513.865478515625,4366425.0
2020-03-19,502.2246055558586,516.0704502993309,480.47376735675374,505.2961120605469,4838010.0
2020-03-20,508.5794564153108,567.891234860354,508.5794564153108,557.9257202148438,7772855.0
2020-03-23,516.1378559766738,586.7632295417293,516.1378559766738,533.1129760742188,4816170.0
2020-03-24,548.8267025138787,570.0094875231862,539.409963514768,550.357666015625,5340585.0
2020-03-25,544.445799690895,567.8720536921473,538.3701933726157,562.69189453125,4097050.0
2020-03-26,572.9365957276049,590.5279562758708,554.4594259965344,567.8046264648438,3194975.0
2020-03-27,568.6230194242785,586.7535755366156,548.0756905240546,561.6326904296875,4007940.0
2020-03-30,554.5268083611785,587.340886126342,541.316480901505,576.6050415039062,5752295.0
2020-03-31,587.340865125756,606.9831077289396,583.8841938485172,600.9652709960938,5013780.0
2020-04-01,600.8112235782797,605.4425487017834,590.4220506709448,596.006591796875,3555215.0
2020-04-03,594.0808897191215,619.8565088778302,582.5459181539793,605.9817504882812,5868365.0
2020-04-07,625.8551087899855,696.2589895573557,618.1522766818011,690.0197143554688,11837790.0
2020-04-08,678.8119994491424,725.0289866456798,668.4131890835091,709.2381591796875,12611475.0
2020-04-09,720.2147359568622,733.6946909079265,691.9453588209359,697.4047241210938,9804680.0
2020-04-13,711.3565357476896,742.5530293943391,694.6414041229464,721.4857788085938,11611945.0
2020-04-15,736.5832568176442,749.7935845352264,727.1473000525225,733.2325439453125,8625555.0
2020-04-16,733.0014232626537,749.1003117802206,727.917526614199,743.4483642578125,7329295.0
2020-04-17,764.5060057008396,769.8787469818205,736.3136149646211,756.7164916992188,9074610.0
2020-04-20,755.5611851558863,755.8307537171473,733.7525185008105,740.3865966796875,7493955.0
2020-04-21,738.5089758786227,779.4880374306354,736.0151583029638,773.4413452148438,14239375.0
2020-04-22,768.3478383901788,788.4425962590024,762.8210659457433,781.22119140625,8917130.0
2020-04-23,776.2528853627979,786.8442790736653,772.064435316371,775.5018310546875,5128285.0
2020-04-24,772.2088386463486,779.8346251864367,764.5252832221665,770.8223266601562,6330770.0
2020-04-27,770.822344665191,782.8195258643924,761.627101329839,766.489501953125,5624485.0
2020-04-28,776.0603008327345,777.2542303542217,749.4951339078731,760.6065063476562,4305840.0
2020-04-29,760.6064583962295,764.5060049803881,745.7399916665483,747.3094482421875,5198230.0
2020-04-30,757.4002388034518,788.3367437512734,750.0729336772891,758.0164794921875,10890150.0
2020-05-04,741.3975276810088,771.4385821146585,741.0509143697753,758.5363159179688,7077435.0
2020-05-05,766.4318077543094,767.6546511779517,732.9244992693937,738.2972412109375,3978630.0
2020-05-06,741.5901838656005,747.1747254725017,732.7415530005885,741.8790283203125,4779515.0
2020-05-07,752.7400174461701,758.0645694298614,735.3412388655528,739.0193481445312,4581335.0
2020-05-08,751.0454271687084,795.7410952553731,751.0454271687084,767.2020874023438,10017290.0
2020-05-11,766.0079815690007,766.0079815690007,741.0219132229299,743.7083129882812,5974940.0
2020-05-12,743.9394844131541,752.8747384423345,723.9024962157159,726.6466064453125,5392485.0
2020-05-13,741.2049943372504,741.2049943372504,719.2712108685879,727.840576171875,4392175.0
2020-05-14,729.843338361265,735.6108244686629,716.0937549128113,718.6742553710938,4485705.0
2020-05-15,721.3702549791136,727.7058509862262,715.795292503405,719.271240234375,4496935.0
2020-05-18,724.0951340233148,724.5572851453559,695.9220161059718,708.4968872070312,4954380.0
2020-05-19,712.540834086009,716.748501129887,704.8283645733078,712.4348754882812,4677020.0
2020-05-20,716.5366002331527,756.8031569327984,711.1927729015277,752.990234375,21083545.0
2020-05-21,760.6546442875853,761.4538295461014,736.6795566756474,740.9161376953125,8672120.0
2020-05-22,739.5873348871584,752.9517517552987,733.8872562393788,749.649169921875,5052550.0
2020-05-26,750.8334534806332,758.536284619225,742.0618686258671,744.1512451171875,4136880.0
2020-05-27,744.2379985907115,751.0261074234502,734.4650071471906,747.7523803710938,4308340.0
2020-05-28,750.0632643082524,753.1058570834944,739.9532973310552,748.6671142578125,3962810.0
2020-05-29,747.1746226876727,787.7492999363832,745.1141012476053,784.0037841796875,9631120.0
2020-06-01,785.2267865361472,788.0671590882047,758.9312436804726,761.33837890625,6848855.0
2020-06-02,767.3945733348303,771.6889229694231,748.3300774949054,750.1209716796875,7451040.0
2020-06-03,756.5721301250645,768.3574530853069,753.19250335336,763.04248046875,3694130.0
2020-06-04,762.5610423731904,781.2597081464156,761.9352225747785,770.0713500976562,5997250.0
2020-06-05,774.0287080961444,779.9117318705155,768.8004179827954,775.0781860351562,3855025.0
2020-06-08,777.0038608170456,777.0038608170456,759.1140767607951,764.0438842773438,3559990.0
2020-06-09,756.8032436933448,797.6282767839803,756.8032436933448,794.1234741210938,11375810.0
2020-06-10,798.2059384795308,806.871624180756,787.1716108635113,791.9473876953125,7769840.0
2020-06-11,792.0436234275583,794.9226060582918,777.4082906298415,781.375244140625,4137580.0
2020-06-12,768.7425806089927,777.331220979306,766.6242902661967,771.8140869140625,3911520.0
2020-06-15,779.5265269067615,794.7203903000716,762.6958588285653,772.6517944335938,6959575.0
2020-06-16,782.8002674121312,785.6888292845008,761.1841843136446,771.3327026367188,3900130.0
2020-06-17,771.3327110533539,778.5155640428746,764.8912156569639,767.43310546875,3186815.0
2020-06-18,772.2087923219085,780.3834121544666,768.742541948336,771.631103515625,3614150.0
2020-06-19,774.1827273621057,778.929590409872,768.7426376604888,771.361572265625,3654715.0
2020-06-22,776.4454621400839,782.3188478289148,772.3821878418763,776.609130859375,2655980.0
2020-06-23,779.5073148712304,795.317360226027,778.0052650646204,791.2445068359375,4799415.0
2020-06-24,791.9377415159064,796.6076184670945,775.7328929681363,778.496337890625,2677740.0
2020-06-25,776.0602262486968,778.1785165354693,765.7673159344575,771.5540771484375,3769375.0
2020-06-26,773.1717390395136,782.8002787535798,763.5431993254474,770.0135498046875,3719560.0
2020-06-29,769.8979786910326,778.7562465979767,762.3395988499645,765.2474365234375,2692435.0
2020-06-30,770.2832221896629,772.3822369179761,755.9366736692019,759.6821899414062,3404710.0
2020-07-01,763.581698340532,763.7357878872182,748.3012103954209,753.2310180664062,3117825.0
2020-07-02,759.8843509126262,766.2391634906621,751.218665341882,754.9833984375,3711465.0
2020-07-03,758.7289477577367,764.1113274455379,752.9518237900382,755.15673828125,2280380.0
2020-07-06,755.8404087536204,758.7289708252903,746.5970336314551,749.485595703125,2848085.0
2020-07-07,750.0439575576025,754.6849206883087,734.4649875659818,736.29443359375,5179985.0
2020-07-08,737.7386978292673,759.6339869403108,737.7386978292673,748.4649047851562,6811290.0
2020-07-09,751.9889254540456,754.2997984120408,742.1774414767252,750.371337890625,2455715.0
2020-07-10,750.9683170017099,762.0026444969903,747.7909106996167,752.0756225585938,4152955.0
2020-07-13,758.8298974631023,761.4754045834208,750.8254758567944,755.77734375,2678440.0
2020-07-14,756.6398494760867,774.4802256394403,750.8255062795802,771.9800415039062,6044725.0
2020-07-15,773.1137768058821,784.5098982702707,767.6870804640562,782.3101196289062,5296965.0
2020-07-16,781.2732357061597,806.8273274485498,777.3970070633748,804.734130859375,7809325.0
2020-07-17,802.5731192393305,805.8678779619688,794.6268390198217,798.2608032226562,3712880.0
2020-07-20,802.2533663804835,805.0926968327037,789.2776764884101,793.0957641601562,3144360.0
2020-07-21,794.6752970556618,800.5768810718649,776.4182936319204,781.7481079101562,3316480.0
2020-07-22,785.624402378986,800.4412660226488,780.1007643797842,787.1845703125,4093845.0
2020-07-23,792.8631889706852,802.3793374862855,787.2620692792243,800.4412231445312,3559780.0
2020-07-24,800.4412076432988,810.1123790944642,785.256098630762,788.027587890625,5479715.0
2020-07-27,791.719692132458,791.845674293775,768.0650331080395,778.28857421875,2909240.0
2020-07-28,778.9281671932823,793.0764378314159,776.6702473514267,785.197998046875,2592970.0
2020-07-29,791.2254774072608,840.3663876750403,789.8591328252618,833.8155517578125,24766165.0
2020-07-30,851.5881315457884,883.7801839797919,841.141666331644,875.3687744140625,31472050.0
2020-07-31,868.0814577529785,882.0068054636488,863.5075360021925,876.2312622070312,7910670.0
2020-08-03,876.231195209625,905.0993866893222,872.1514432766488,877.4715576171875,12183250.0
2020-08-04,878.1014476710184,902.066211724519,870.2424084908971,898.286865234375,8332715.0
2020-08-05,902.2018799546196,904.2659763546892,887.9858285463464,891.7166748046875,5060070.0
2020-08-06,893.4804300480938,902.7736553867834,885.2434439254167,888.2474975585938,4587005.0
2020-08-07,889.594483281392,912.2704447491478,883.8867223470819,886.3966064453125,8326715.0
2020-08-10,892.5016297749139,922.2710368532815,892.5016297749139,909.1500244140624,8697180.0
2020-08-11,913.830625350266,918.3852059483794,884.7492097694233,890.7379760742188,6457605.0
2020-08-12,886.6872418199328,887.6368988460239,869.0600908981095,875.6690673828125,5353620.0
2020-08-13,881.8711084919638,889.6817067718155,870.552468906775,872.5875244140625,4550210.0
2020-08-14,877.2195804402515,888.8192252220938,866.3370876288137,875.911376953125,5753920.0
2020-08-17,875.9210561005137,885.7182094076511,872.1901506933048,875.8629150390625,3388330.0
2020-08-18,879.5162043623133,883.7219382202148,870.6687082667381,876.1051635742188,3252160.0
2020-08-19,879.9038857883559,883.5765910673341,867.519307111253,870.0679321289062,4036070.0
2020-08-20,869.2442910959649,877.3068539370505,864.6121693818288,867.5,4033835.0
2020-08-21,876.0276397254406,876.0276397254406,867.0347612281793,870.1648559570312,2438510.0
2020-08-24,870.1649189757148,873.5275190477516,857.6156164870728,866.8313598632812,3676190.0
2020-08-25,870.2133284700401,870.6784569792957,856.6465282489036,858.1388549804688,3010780.0
2020-08-26,858.7785171461726,863.0229924864369,852.7703505741791,859.5053100585938,3460010.0
2020-08-27,860.9879454688482,866.0076548033361,856.0651773449229,859.94140625,4518315.0
2020-08-28,864.3990222765837,865.5619027457292,845.1729014068434,847.7893676757812,5814245.0
2020-08-31,847.9250683867244,857.6156405968585,817.2350427582667,826.5476684570312,5944120.0
2020-09-01,827.7880052733398,848.0994652886669,820.210030088986,843.4577026367188,4063205.0
2020-09-02,843.3219655893663,852.266343953351,836.6258068597876,843.6126708984375,3018485.0
2020-09-03,847.837809283371,865.5619033346976,841.1707501586193,859.1951904296875,4691970.0
2020-09-04,852.7703875072295,868.9439555179734,831.8290743455506,837.75,6774000.0
2020-09-07,841.9460111399088,859.7475877536876,832.4686030239736,856.6174926757812,6153985.0
2020-09-08,865.3680469844944,868.5659237946558,838.970939314844,842.84716796875,7357755.0
2020-09-09,843.0603553615164,861.2980187777633,840.2888659928554,858.4780883789062,6175435.0
2020-09-10,864.3990330579041,864.7866796013068,841.2482420692847,848.9232177734375,4355845.0
2020-09-11,852.7703389332839,861.8795003032399,847.9250529166175,853.0804443359375,4434725.0
2020-09-14,857.3539450582902,857.3539450582902,840.3664033475771,845.8125,2924530.0
2020-09-15,847.915398605911,881.648279307163,847.450270050127,860.978271484375,12522330.0
2020-09-16,863.4299283012664,901.37818060706,854.9022371350094,896.93994140625,14898945.0
2020-09-17,911.6889506160352,939.1229560380426,902.1825023849703,935.5762329101562,42149590.0
2020-09-18,969.0572192478486,1065.3718304640663,959.4150880870208,1033.664306640625,109935390.0
2020-09-21,1033.6642674782254,1068.414643848693,990.6187048445792,996.5784301757812,63716980.0
2020-09-22,1010.5329468259272,1019.4482262016974,979.71687898281,1001.6078491210938,38516740.0
2020-09-23,1018.672879081184,1023.3244009481944,980.56960211,989.9403686523438,25066590.0
2020-09-24,980.6858866183992,1008.3814988150456,969.5417288159174,974.3676147460938,25989895.0
2020-09-25,992.314522199207,998.7102757344472,977.5848416810016,990.8027954101562,17571115.0
2020-09-28,1007.8097105697328,1007.819410604437,986.6551769572606,994.2235107421876,12487900.0
2020-09-29,994.2526976891288,999.0882837046938,981.926318365436,985.3761596679688,7146485.0
2020-09-30,988.4383163531102,1030.689185432719,985.5311448344246,1005.4550170898438,26977680.0
2020-10-01,1012.6647707786294,1018.672878082271,986.1901210612606,990.7737426757812,11385685.0
2020-10-05,1002.005089121736,1005.8813177063464,989.0196997046702,999.9700927734376,9188390.0
2020-10-06,999.970151683318,1013.0039237496674,990.8028492478946,995.5125122070312,8450035.0
2020-10-07,997.15980123028,1006.8503726708076,987.1203834130664,989.3976440429688,7912070.0
2020-10-08,996.9661979275847,1010.6879641296302,979.9107539533112,1006.7342529296876,11102775.0
2020-10-09,998.3226806096254,1019.060528358362,995.4155090082076,998.7103271484376,11669875.0
2020-10-12,999.6986669547788,1015.1841802718778,990.570165759966,1011.79248046875,9678985.0
2020-10-13,1013.6338290932964,1031.619587468611,999.6502816773888,1001.7628784179688,16819870.0
2020-10-14,1002.9741531059128,1011.6471673058652,986.6649046639378,992.8959350585938,9322630.0
2020-10-15,997.8672026604452,1001.0360384758384,972.9527811248754,979.9590454101562,8842090.0
2020-10-16,976.0343670104244,993.2835723397948,972.933372321126,984.6686401367188,10115525.0
2020-10-19,1009.9513578434144,1010.726650913998,977.2069366295748,980.3273315429688,10753270.0
2020-10-20,980.0947734733026,990.3764561467362,975.0556642154556,982.8468627929688,6901450.0
2020-10-21,987.7696898690336,987.7696898690336,950.94551635467,978.1178588867188,8006955.0
2020-10-22,976.17001415289,977.7204818685872,936.3029904955672,973.3209838867188,24590740.0
2020-10-23,978.941612257242,986.6940699917732,968.2819828722616,972.5942993164062,9087405.0
2020-10-26,970.6076259845478,981.0734906102444,959.6088508977124,964.8126831054688,7040385.0
2020-10-27,967.1191058087528,993.671297302206,961.4016445506588,988.3220825195312,9217170.0
2020-10-28,990.3764310854722,998.12888847166,953.5522585010808,959.5604248046876,18141410.0
2020-10-29,953.5522822278328,976.8096549650973,948.6972962054798,957.8064575195312,11551185.0
2020-10-30,964.0181325790478,964.8030665792596,943.8908538809748,947.476318359375,6316955.0
2020-11-02,948.9007527457356,953.5522151366036,934.3260956687152,941.661865234375,5854965.0
2020-11-03,940.1793633538302,953.5523416822572,936.322475248096,945.2862548828124,7304100.0
2020-11-04,950.0151477996394,962.2350033412064,945.2958442384054,956.57568359375,7607400.0
2020-11-05,963.7757662396752,968.9214572844472,953.9592126850272,961.0139770507812,5170230.0
2020-11-06,961.8667270357786,961.8667270357786,947.9025808971855,950.2477416992188,5452210.0
2020-11-09,954.5213506097732,960.1418705911586,943.8617213136232,945.7319946289062,6028255.0
2020-11-10,934.9463136865942,943.4740046604963,906.9211978534336,910.5260620117188,9830150.0
2020-11-11,916.728088917565,953.532861552072,909.188795694471,946.2164916992188,13535220.0
2020-11-12,944.8307435683802,954.5213152972866,931.263943147911,935.4987182617188,6582350.0
2020-11-13,939.9854502864893,946.7397503378918,936.1189216606152,941.32275390625,5459350.0
2020-11-14,946.032424502092,949.2884426126252,936.1092878910032,944.259033203125,676080.0
2020-11-17,944.8307131289022,945.7706701659768,924.4805131538182,927.2229614257812,6416065.0
2020-11-18,927.3878102395498,929.325924785505,906.068550234043,911.6503295898438,6500295.0
2020-11-19,906.0685149042948,932.5819066639672,902.5799325162284,912.4061279296876,8836445.0
2020-11-20,916.7280709646147,921.0500871796812,902.444177926987,905.2835083007812,4774680.0
2020-11-23,908.0066094928044,943.8617264098094,905.312602047611,935.8670043945312,10763015.0
2020-11-24,939.9854287951098,957.4284573706892,927.5427090533792,952.6800537109376,9611490.0
2020-11-25,968.6695499677082,972.3520146316728,926.6125031273284,931.5159301757812,13295580.0
2020-11-26,932.2329898291138,955.3546795188912,925.2170254397946,949.9376831054688,8336175.0
2020-11-27,949.8698475919738,956.5660065961772,932.0779721884912,935.9057006835938,10018690.0
2020-12-01,943.8616838053216,943.8616838053216,931.4577638556716,936.186767578125,5585950.0
2020-12-02,940.3924209247252,947.5440674081086,932.4267995591586,940.0338745117188,6117260.0
2020-12-03,943.8616891429068,957.2346663384128,938.5512747469064,954.1433715820312,5174465.0
2020-12-04,957.428478152379,961.4112889017464,942.3305509743252,951.3331298828124,6998410.0
2020-12-07,955.4903624565404,983.3991969139922,950.6644767130184,974.6970825195312,12029520.0
2020-12-08,978.7477107404268,984.5620535765084,960.5100482803304,972.0030517578124,6638505.0
2020-12-09,973.902493293785,988.4383514026476,973.902493293785,980.0850830078124,6767490.0
2020-12-10,980.2982288958224,985.8025257792224,971.9643607276676,979.3485717773438,4741470.0
2020-12-11,979.7361960734388,985.3470157785606,966.1112546689697,972.34228515625,3839815.0
2020-12-14,959.7542506330192,979.5229815326842,959.7542506330192,973.47607421875,5918125.0
2020-12-15,978.15669357813,983.7869137300409,971.0340874351804,975.1332397460938,5025520.0
2020-12-16,978.7477778542896,979.086924217695,970.2200862725934,976.6061401367188,4162280.0
2020-12-17,978.7477322447024,995.1248219181122,974.8715036021492,983.1763305664062,6803005.0
2020-12-18,984.5621488764044,1020.0005198435836,984.2036024318652,1013.3916015625,18525665.0
2020-12-21,1016.1533159585948,1022.2002231833126,961.7019916843868,982.3429565429688,9061285.0
2020-12-22,989.930626982008,1002.9741576094764,956.7210784274848,1000.4158325195312,7764120.0
2020-12-23,1000.3480985518908,1015.3199850301723,994.4949551883856,1012.4902954101562,4062350.0
2020-12-24,1016.9285267766136,1016.9285267766136,1001.0359669533896,1008.168212890625,3378180.0
2020-12-28,1013.2751626460248,1014.6027661182952,1005.299841778123,1008.168212890625,2055865.0
2020-12-29,1012.6648094559594,1021.1925604317836,997.2761758494396,1001.1524047851562,4412165.0
2020-12-30,1006.1623768621188,1006.1623768621188,996.6752695971852,1002.1891479492188,2376345.0
2020-12-31,1005.8813507588384,1018.2368297782748,1000.260771809222,1008.8079223632812,6036190.0
2021-01-01,1011.1626354237354,1018.4499641155588,1007.8194355748892,1015.8335571289062,2915215.0
2021-01-04,1019.4481838154752,1028.8190096115443,1015.83361935299,1021.8223266601562,3923440.0
2021-01-05,1015.5719815743536,1034.371715578915,1013.0427563879352,1024.6617431640625,4770920.0
2021-01-06,1024.6617410533488,1030.1078379673215,1012.8585719145908,1024.93310546875,2713390.0
2021-01-07,1027.3944161068796,1032.0459380746036,1018.0914904645488,1021.560791015625,3266465.0
2021-01-08,1027.181180663004,1038.8292665525523,1023.1305880133116,1034.6138916015625,4045915.0
2021-01-11,1035.7284780067748,1051.814805348754,1032.239777131179,1049.837890625,4599235.0
2021-01-12,1054.518352770055,1055.01258143132,1032.908447057131,1037.637451171875,3741860.0
2021-01-13,1039.7983082300773,1041.7364225045044,1015.1842332862332,1025.262451171875,3296060.0
2021-01-14,1028.1501220877765,1032.6271608926772,1020.417065815048,1028.9254150390625,2674860.0
2021-01-15,1030.1078268380447,1030.1078268380447,1006.9667356482836,1010.3003540039062,2577605.0
2021-01-18,1013.8275587293932,1015.174562383948,975.840565177752,979.1547241210938,4412055.0
2021-01-19,986.1125659978924,989.397684044221,976.140988875199,986.2870483398438,3990495.0
2021-01-20,988.8841446439264,1000.0185434087348,981.6646565794208,984.6881103515624,3398145.0
2021-01-21,990.3764318667978,995.803128382788,975.627410068287,979.1741333007812,2906620.0
2021-01-22,978.505461994531,989.4751960837274,966.1499832716488,976.2088012695312,3815610.0
2021-01-25,977.1972822644788,993.9426186959894,961.304720881604,985.0272216796876,3588895.0
2021-01-27,979.2128659425176,979.2128659425176,936.6518917828414,951.4784545898438,5261980.0
2021-01-28,939.0163781263166,950.4415406293352,925.837224548078,944.2105102539062,5165470.0
2021-01-29,947.7379571197088,952.5832431990528,881.8420664406287,892.055908203125,14820975.0
2021-02-01,883.789868995686,887.200969276466,851.4233347633009,858.2261352539062,12951700.0
2021-02-02,866.1432385470446,877.5781006877957,849.087856962184,868.7597045898438,18375530.0
2021-02-03,887.4528428091536,922.8525295552838,880.3787373103175,901.1359252929688,17227025.0
2021-02-04,909.5570140230792,912.0765980918476,895.8157907836463,904.7020874023438,6508800.0
2021-02-05,908.0066209459196,936.109280505612,896.5039164026945,930.4693603515624,12038405.0
2021-02-08,942.8926248224992,951.6044393026827,935.1401674755518,941.8848266601562,10792890.0
2021-02-09,939.985460350112,948.8426571304402,931.263945769544,938.8419799804688,6233845.0
2021-02-10,939.0164066341642,946.5944408730091,922.7362578531,934.9560546875,5767115.0
2021-02-11,934.3649073900708,941.9235412622472,932.232969850084,935.1498413085938,3557750.0
2021-02-12,941.8847971917191,941.8847971917191,927.3876811137336,928.744384765625,2504510.0
2021-02-15,928.7444773558263,936.7973406099806,910.9235006152728,912.8228149414062,4923205.0
2021-02-16,916.5342935449102,922.8525654545113,905.0994303441776,910.2548217773438,4064700.0
2021-02-17,910.254769301865,912.8421353315182,887.6563494646331,891.63916015625,5106775.0
2021-02-18,892.889273740353,903.9074487062944,883.7801129526146,894.8176879882812,5147530.0
2021-02-19,891.9202685580456,916.3404626265724,877.9658212504095,907.3185424804688,6392670.0
2021-02-22,912.464190421452,916.1369548803484,861.1332614840353,866.1917114257812,6976565.0
2021-02-23,871.763858422406,878.7992233592973,856.7434713923304,871.2115478515625,5317090.0
2021-02-24,871.2114821899846,876.754460724584,848.3126568924444,859.6602783203125,3677930.0
2021-02-25,856.8693994071217,889.594478846714,856.8693994071217,868.3043212890625,8531875.0
2021-02-26,864.3989490737591,883.5087270463449,853.7393207780065,857.9159545898438,7534450.0
2021-03-01,861.4918031034405,867.887556610716,852.8187298143143,863.1198120117188,3545365.0
2021-03-02,866.9961112261168,868.2558737896838,850.8613439129506,853.6812744140625,9188390.0
2021-03-03,865.368122556418,875.2040772832928,857.8094878505229,872.645751953125,4253070.0
2021-03-04,868.6629413179629,888.3056915277471,861.2980707405453,886.6970825195312,7364955.0
2021-03-05,881.8420335433187,883.7801479027546,869.0504669417307,870.6978759765625,4131845.0
2021-03-08,872.1514408257223,876.4153159728255,864.9803942091999,870.6494140625,2782080.0
2021-03-09,872.3355477131405,876.0276530442903,855.9681584516866,862.13134765625,2715590.0
2021-03-10,871.3762288553719,875.9985913883985,863.6334714437785,872.22900390625,3149805.0
2021-03-12,876.0276921602605,877.956106488182,853.3711305228868,857.9063110351562,3439260.0
2021-03-15,864.3990446060194,864.8254321508355,830.482041734707,841.5777587890625,4608715.0
2021-03-16,848.9135713500663,865.6976504185782,845.9869994582593,862.40283203125,4678635.0
2021-03-17,862.4026602624629,865.3679725618183,841.9749204521531,844.2134399414062,4769865.0
2021-03-18,846.9559232064644,848.6033321404099,813.048624028043,816.4790649414062,6054535.0
2021-03-19,815.9461554970336,834.4260832422789,801.410297620008,828.4373168945312,7062075.0
2021-03-22,828.9121907960496,846.5587445167747,827.2357406894301,843.8453369140625,4336515.0
2021-03-23,843.0797734262237,853.3517562024487,837.6724176287296,847.39208984375,3326180.0
2021-03-24,843.1281947120918,856.45273104902,839.4651892971314,843.1766357421875,3912020.0
2021-03-25,843.0797462147975,853.1870054999928,830.4335618508869,849.0006713867188,4707080.0
2021-03-26,856.6465759049247,857.2279865738386,842.6339873185153,853.9332275390625,3626590.0
2021-03-30,858.5748905003348,877.4715039488995,856.8499996186727,875.6787719726562,4331625.0
2021-03-31,874.0895609813983,881.2024665819397,868.4690412655962,875.25244140625,3862550.0
2021-04-01,881.8420698669019,890.5538848079617,876.4250139846622,889.1390991210938,3238200.0
2021-04-05,883.7802287003333,888.4316917589174,857.4025182472366,883.1212768554688,3661290.0
2021-04-06,883.5863008622889,899.2656385106445,880.2915420278359,895.263427734375,3711470.0
2021-04-07,903.6070736693288,917.5033204210106,899.4788806450576,909.4892578125,5568060.0
2021-04-08,909.5086578332392,921.7672555382444,903.3939090344638,908.7915649414062,3303175.0
2021-04-09,909.537713943312,929.132021934594,909.2179085095788,922.6005859375,6810735.0
2021-04-12,925.4496022537184,992.3145473380184,909.944687451562,968.466064453125,17568825.0
2021-04-13,997.1016285819524,997.1016285819524,920.8174764838864,925.8953857421876,19686170.0
2021-04-15,938.6094162926628,944.840446838094,927.3877176311372,939.1229858398438,6934505.0
2021-04-16,942.6600370769214,957.4284584914172,933.2407708788744,948.3677978515624,5990145.0
2021-04-19,948.3193152510598,970.0262193425216,931.6612202673176,962.8745727539062,9219640.0
2021-04-20,988.4383580711104,1009.9029990152976,986.4033615807638,999.4371337890624,17424880.0
2021-04-22,1003.9335764778232,1025.2625352810996,999.873283520497,1007.7904052734376,12120670.0
2021-04-23,1013.246171209001,1020.6400822785604,974.8909303277464,981.9844360351562,11774495.0
2021-04-26,993.2836168126572,994.2526739997916,974.9199712871508,981.9844360351562,4752885.0
2021-04-27,986.5970878026326,991.53931489105,973.1950696362532,980.1528930664062,4789175.0
2021-04-28,985.0563301704644,989.7756339372723,974.871529676302,977.672119140625,4219765.0
2021-04-29,982.67246535069,996.9661185393624,977.255468595108,988.8841552734376,5359655.0
2021-04-30,996.1908071225928,1009.9513721216312,993.3127356129852,1000.6678466796876,6534750.0
2021-05-03,1006.6468995276756,1010.2129635417782,996.1907351830014,1005.0963134765624,4689495.0
2021-05-04,1009.9513379841504,1012.2576987867031,979.5908193515812,982.0910034179688,3978090.0
2021-05-05,990.3764625045828,1008.2071387171044,982.6240048724528,1000.2510986328124,5055995.0
2021-05-06,1001.0360582112304,1017.897676654824,994.2526580103798,1001.7046508789062,4891875.0
2021-05-07,1007.8096792038064,1017.316186090579,1001.2297436721024,1002.9158935546876,3924345.0
2021-05-10,1042.7055618400905,1044.633976231717,1021.7739496848236,1032.5401611328125,11222420.0
2021-05-11,1032.0460513244154,1036.8816379136497,1021.6383851153548,1026.415771484375,4724450.0
2021-05-12,1030.6890847995055,1034.9529596025557,1022.3552175849215,1027.4815673828125,4400825.0
2021-05-14,1034.671907096944,1046.2716103601272,1000.066916287344,1007.2088623046876,14885055.0
2021-05-17,1017.5100981249676,1019.4482125975868,997.1598961624684,1017.5682983398438,6846935.0
2021-05-18,1025.3110189412134,1028.1502902962925,1009.7576035463106,1010.8138427734376,4550200.0
2021-05-19,1014.6028400608184,1020.2234188702806,1008.9919612863432,1015.1455688476562,4594605.0
2021-05-20,1018.4791841363378,1024.4872918539556,1012.6648405542084,1014.8549194335938,3879585.0
2021-05-21,1018.6728474558076,1021.2893727846874,1007.102361653177,1011.0076904296876,3558170.0
2021-05-24,1014.7966566004114,1027.0068720039667,1012.9942243963428,1021.8030395507812,3532490.0
2021-05-25,1025.1461410127763,1031.0767657986155,1018.4790233593468,1029.3712158203125,3478075.0
2021-05-26,1031.0768757465985,1033.9840473887414,1022.3553608201706,1024.332275390625,2537400.0
2021-05-27,1023.0821053795177,1024.0802626531615,1013.6628980944782,1021.1633911132812,3891965.0
2021-05-28,1023.324336947468,1023.324336947468,998.1288513786856,1006.76318359375,4373725.0
2021-05-31,1011.114460416826,1034.032690352366,1002.2281619514122,1028.97412109375,4338240.0
2021-06-01,1028.1698025177272,1034.7594395212377,1020.475544282415,1030.398681640625,3736865.0
2021-06-02,1028.4120168148136,1037.6665609618212,1023.9058768987672,1029.59423828125,2729755.0
2021-06-03,1029.138779285332,1034.953122671125,1020.8049107576528,1023.8186645507812,2833590.0
2021-06-04,1023.818640658024,1025.2625264350172,1015.959600893474,1018.4791259765624,2007655.0
2021-06-07,1019.641953530126,1022.113096743743,1010.280946011391,1011.5406494140624,1819835.0
2021-06-08,1011.69575533866,1026.4060962439935,998.1483540934954,1022.306884765625,3663570.0
2021-06-09,1022.9173138519196,1029.138703401505,1009.3796137238866,1012.2384033203124,2365525.0
2021-06-10,1014.1182864992136,1027.2005577536231,1014.1182864992136,1025.6597900390625,1836400.0
2021-06-11,1027.2005144279926,1064.0052837444691,1024.9813358402,1056.8536376953125,7277420.0
2021-06-14,1056.8537997962385,1068.8701332025612,1040.7674733087497,1058.47216796875,4489710.0
2021-06-15,1061.117653906533,1062.6778218326278,1046.969442179736,1048.6846923828125,2844075.0
2021-06-16,1048.5198089632636,1057.8227337020985,1035.0112094251488,1047.763916015625,3492955.0
2021-06-17,1047.7640011143444,1049.2951872033757,1017.228999170463,1024.584228515625,3536160.0
2021-06-18,1030.1078298126563,1035.9221731606112,1014.564114075326,1024.080322265625,3487140.0
2021-06-21,1022.355332412221,1027.2006183478238,1013.052407074486,1023.7120361328124,2077445.0
2021-06-22,1024.3903122092045,1031.076830350362,1017.6069120095312,1028.8189697265625,2134275.0
2021-06-23,1031.464442190016,1036.8814384737996,1024.7197240647029,1027.0745849609375,2055715.0
2021-06-24,1027.006789338836,1030.0980247897442,1017.5196822225475,1022.868896484375,1830910.0
2021-06-25,1022.7429801752836,1034.177784021186,1020.8048657987124,1029.0030517578125,2320365.0
2021-06-28,1032.821156395826,1050.448249149886,1029.632920522826,1047.4053955078125,2964815.0
2021-06-29,1048.7136727581867,1057.231723548099,1042.7055653309617,1052.9969482421875,2881305.0
2021-06-30,1054.1405485482396,1059.9160920396655,1047.550911776705,1051.0491943359375,2340440.0
2021-07-01,1051.6207668962788,1081.4677742925642,1048.984959851073,1077.30078125,4157750.0
2021-07-02,1081.4677743640088,1085.344002945959,1068.191738788074,1080.6343994140625,2858690.0
2021-07-05,1080.7313610122158,1084.5687897369874,1072.155228302067,1073.308349609375,1486705.0
2021-07-06,1073.6765466015188,1077.8241396886676,1068.676296764265,1073.6087646484375,890540.0
2021-07-07,1071.5835032691916,1088.1737578663667,1068.879795816818,1077.9986572265625,2692540.0
2021-07-08,1073.7153885410992,1083.0183140972724,1056.1948767720876,1059.5186767578125,2255835.0
2021-07-09,1060.7354579747912,1074.8027353258929,1054.690004683089,1063.13037109375,2304980.0
2021-07-12,1070.8405696288758,1070.860058825614,1059.177949092971,1069.750244140625,913295.0
2021-07-13,1069.750291382369,1077.480016125171,1057.0363231902222,1058.6134033203125,1852410.0
2021-07-14,1058.6133580355422,1062.857843650556,1045.0620679457572,1049.6083984375,2506775.0
2021-07-15,1053.336836123208,1058.8857904054998,1045.7823960725532,1050.1534423828125,1518410.0
2021-07-16,1050.0268707151572,1061.1248980028656,1048.24539187857,1052.6651611328125,2189520.0
2021-07-19,1051.0004455840135,1060.1514552830631,1047.9047530619666,1055.1573486328125,1204290.0
2021-07-20,1058.3990660020322,1058.3990660020322,1036.319945744941,1040.496337890625,1322140.0
2021-07-22,1050.2216392548348,1050.2216392548348,1037.0890113198743,1048.3719482421875,929240.0
2021-07-23,1047.7880021492351,1057.620421326831,1043.6213542419014,1055.70263671875,1533805.0
2021-07-26,1055.0891868015942,1060.5408138738242,1051.350826377873,1053.5802001953125,934695.0
2021-07-27,1058.7885306300414,1060.1417226125811,930.6747499116136,943.0090942382812,29369105.0
2021-07-28,948.188140883678,949.142160810046,908.5760523054524,921.2803344726562,16190650.0
2021-07-29,924.8337180155362,927.7542455461116,907.310552832084,909.7735595703124,5434680.0
2021-07-30,912.1780574905782,935.5422766792376,910.7372829877944,917.2792358398438,6866000.0
2021-08-02,922.6919646847526,924.931023856284,912.6843214747232,915.400390625,3781730.0
2021-08-03,920.6280773164416,920.8325356177468,913.4825538063136,919.3236083984376,2991305.0
2021-08-04,920.0828859435912,936.5157237711248,920.0828859435912,928.4940185546876,5520990.0
2021-08-05,933.4004754863251,936.3210026683338,923.2760169063282,931.1224975585938,2969750.0
2021-08-06,934.2572426649444,935.7856591421896,926.060312358004,931.9013671875,1998185.0
2021-08-09,933.5953322324584,941.1497732077096,926.6444622138426,938.1708374023438,2717725.0
2021-08-10,942.1620933560644,946.0269553734312,921.6308197492248,928.6790161132812,3083355.0
2021-08-11,927.7542642348908,928.1339470819024,913.1516262878569,923.8309936523438,2633925.0
2021-08-12,924.7168847291337,925.4761909756664,913.2489183150304,918.291748046875,3107090.0
2021-08-13,919.4014472816935,922.0688527078892,901.858853709909,905.7918090820312,3969475.0
2021-08-16,903.4164991014594,912.4993561875192,897.3807304350128,907.534423828125,2096145.0
2021-08-17,908.284031693874,918.8368969628503,907.5344106388612,915.1959228515624,2130070.0
2021-08-18,915.0985631758258,925.816907981225,910.2310176270182,912.5771484375,2768780.0
2021-08-20,907.2910745128116,907.2910745128116,877.7158606117921,887.0615844726562,4134540.0
2021-08-23,895.4336746001558,895.4336746001558,876.1582059528492,879.0494995117188,2837575.0
2021-08-24,886.2826476537521,894.791107097583,865.5858360995676,893.175048828125,3084680.0
2021-08-25,889.7872762503205,894.5769241636968,880.7044201302537,885.6887817382812,2220705.0
2021-08-26,885.6888251134234,886.8473033223135,873.5102761505715,876.8396606445312,2408595.0
2021-08-27,877.3264420815154,897.7311554707558,877.3264420815154,895.7354736328125,2816975.0
2021-08-30,899.3277884271258,915.0986493744708,891.3547456904189,910.7860107421876,3141835.0
2021-08-31,910.7957121278642,919.3333470151798,905.460841552533,915.8871459960938,3227635.0
2021-09-01,922.6920402331097,931.541265315478,912.5675798490388,927.4525146484376,2814755.0
2021-09-02,936.7104746522674,954.8956176410902,936.5157609472084,946.1924438476562,6299320.0
2021-09-03,949.4050361157176,955.8399172160264,946.6987116270312,953.7566528320312,2156575.0
2021-09-06,961.8269855483892,962.469475406838,948.4801544696828,957.1444091796876,3080995.0
2021-09-07,956.9595071374786,959.091494580976,945.3844689301276,953.54248046875,2101070.0
2021-09-08,956.959461946638,961.8270075313104,946.503983537686,956.2390747070312,2500145.0
2021-09-09,951.118412592598,958.4099864125088,949.5802515420744,956.3850708007812,1812055.0
2021-09-13,959.6658943426988,963.228911746817,948.8014987740607,960.1526489257812,1493265.0
2021-09-14,963.7545592361084,971.3674078397812,958.6631254486424,960.0260620117188,1549905.0
2021-09-15,961.2429936799566,968.6416397235964,957.7188951813596,966.2273559570312,1601600.0
2021-09-16,969.8097653310572,972.8276197364888,957.2612189265856,960.2596435546876,1482575.0
2021-09-17,960.464067403248,965.282949397683,948.0129072348676,951.03076171875,2274150.0
2021-09-20,949.1713943311232,951.2254843189804,924.4832172476775,929.6914672851562,1660330.0
2021-09-21,928.484299903046,947.0296362900616,923.9087952701954,945.0144653320312,1701950.0
2021-09-22,945.1215559931906,949.9112039010628,936.9148223810694,943.5931396484376,1253645.0
2021-09-23,947.594383187072,947.9253430385048,928.7277702702572,934.0431518554688,2800365.0
2021-09-24,935.7369686395856,938.676925748058,930.2950265693396,932.6898803710938,1258075.0
2021-09-27,934.0431243085038,935.6688679760066,921.5237512958516,932.9430541992188,1130285.0
2021-09-28,936.496351857232,945.1021992434036,925.826729159403,941.023193359375,1527230.0
2021-09-29,940.9938765560644,958.4976106577992,932.9429966670184,950.339599609375,3275350.0
2021-09-30,952.0724735882612,970.5886369090427,947.31205893223,950.28125,3880075.0
2021-10-01,944.887875258566,967.6680111598208,944.7418845497,964.9129638671876,1710665.0
2021-10-04,964.747547237432,988.5011937621548,963.77403810803,981.8228759765624,3801765.0
2021-10-05,980.732543135262,983.244213307364,967.66806735398,980.2457885742188,1774235.0
2021-10-06,976.9164779405124,981.7256157442752,955.3629700860998,965.0591430664062,2646320.0
2021-10-07,968.8168278678556,971.5426416016696,950.7193260603864,952.3060913085938,1719870.0
2021-10-08,955.3338046159814,963.1218782546462,938.6575871837276,944.148193359375,1741550.0
2021-10-11,948.1978582357212,958.2249900274531,940.0009282954836,952.9388427734376,3440320.0
2021-10-12,954.0389461301942,965.1369739647356,945.4720776812528,956.0443725585938,1427440.0
2021-10-13,955.7912213801914,962.9952124790908,952.1113878839942,959.5781860351562,1207980.0
2021-10-14,958.7118006538388,975.3880171749367,956.7745269489956,965.4679565429688,1460300.0
2021-10-18,962.8004532681558,968.6317629878,947.3508693528964,949.6580810546876,1668255.0
2021-10-19,955.0124939798042,957.9330214843296,932.6217831117762,934.9192504882812,2698595.0
2021-10-20,934.7732629704684,943.2233154490197,918.6032304737172,925.5930786132812,1580485.0
2021-10-21,930.6747785324573,932.3881642006978,895.6284479601053,905.684814453125,2584000.0
2021-10-22,906.33707076522,912.723288779702,894.3142558387102,902.9200439453124,1814980.0
2021-10-25,905.5386859566088,914.9038387291038,883.3621795941029,910.4548950195312,1380835.0
2021-10-26,914.125061182964,914.864937619068,902.8323791891236,908.5176391601562,1363565.0
2021-10-27,906.4343870592364,920.5502703768016,904.789154144113,907.8362426757812,1929040.0
2021-10-28,910.2310239353924,913.0931431146583,886.0977543277293,889.777587890625,1341975.0
2021-10-29,894.2655343708905,957.5144584887774,881.2302912384872,907.1548461914062,9725820.0
2021-11-01,912.178127207288,941.3736588262389,901.2845568012614,934.8511352539062,3383505.0
2021-11-02,934.5395643411156,935.3475935849576,919.3820789344238,924.0743408203124,2046660.0
2021-11-03,926.5860045403788,934.2280870803264,925.5249128325812,929.0490112304688,1862160.0
2021-11-04,929.701279700238,932.3589407843778,925.6125292042864,927.9781494140624,104180.0
2021-11-08,926.7806795100822,936.5450044756956,915.3127135894872,932.3783569335938,1191260.0
2021-11-09,932.621763889133,941.3833462221208,929.7596446169592,933.0792846679688,1249435.0
2021-11-10,931.4730183655864,944.294117045842,929.5065108975908,940.2832641601562,1711170.0
2021-11-11,940.604600177918,944.1773623019652,931.4535899378586,937.4796142578124,1586300.0
2021-11-12,944.3038375558164,948.1978739993456,937.4892737796404,942.9896240234376,1166710.0
2021-11-15,942.5515247600688,953.8442065797906,941.0036191433198,948.9085083007812,1337395.0
2021-11-16,954.2336697386388,954.2336697386388,934.0527848868144,937.9955444335938,1679855.0
2021-11-17,937.995635751768,939.4071766058267,924.8532610984532,928.3967895507812,983295.0
2021-11-18,926.7417434862956,928.2798450819054,905.5776057578464,909.539794921875,1168320.0
2021-11-22,910.5133346395212,913.0736684100364,892.0458949270309,897.108154296875,910090.0
2021-11-23,895.6284442179173,907.6707480024716,886.1853933028323,901.8491821289062,1063495.0
2021-11-24,901.2553123849304,906.0643904535452,893.0194037409078,895.2487182617188,996290.0
2021-11-25,898.3542218520384,914.3197955036876,892.7078807278199,893.992919921875,2726870.0
2021-11-26,891.7344345672583,938.4628765533156,890.9848134632135,925.0089721679688,5361365.0
2021-11-29,944.3038879248204,951.118452064484,908.4008652469583,914.63134765625,4500925.0
2021-11-30,917.8049952828948,924.4929984651708,905.363519685155,910.3965454101562,3589115.0
2021-12-01,914.3197570978087,917.5128360430442,893.6813523281434,896.86474609375,2127105.0
2021-12-02,897.5559484050059,909.06283370489,897.3904684863852,907.845947265625,1163740.0
2021-12-03,905.7918049959516,908.0892722004426,892.3184129731305,894.9468994140625,2738865.0
2021-12-06,897.4293628183032,897.4293628183032,873.1013792994924,875.9050903320312,1336375.0
2021-12-07,880.0522930880963,885.8933481307165,864.7292681998819,880.1885986328125,2662500.0
2021-12-08,881.4637878989106,893.6229065188077,881.4637878989106,889.923583984375,979280.0
2021-12-09,895.6284093766901,899.1233333355848,888.8819981623401,894.5088500976562,1130885.0
2021-12-10,897.5753991093808,899.4250901850529,890.4687944924963,894.3238525390625,802565.0
2021-12-13,910.8151771946946,910.8151771946946,889.0961894758057,895.5895385742188,1355025.0
2021-12-14,894.8496093600477,907.310514412529,891.1697163065691,904.6917724609376,1195915.0
2021-12-15,904.4094303820868,904.6917266265376,890.2351404620734,895.686767578125,1537725.0
2021-12-16,901.4694700076922,903.2120299900192,889.7873602451735,895.1124267578125,1006605.0
2021-12-17,901.4694505741834,904.9740596600748,875.5351532000849,879.6531372070312,2417560.0
2021-12-20,875.4183922839136,890.7609065862482,868.7596227154759,887.9766845703125,1708885.0
2021-12-21,888.0448166882243,901.313751359038,884.6861981857221,899.6976928710938,1293770.0
2021-12-22,903.4164337993088,911.0682009717476,897.5753792704339,905.0714111328124,1068395.0
2021-12-23,909.97794209072,915.0986097757524,906.3565165387664,914.086181640625,831200.0
2021-12-24,919.9662097083616,920.9397189249844,897.7702114530238,903.1536865234376,1259130.0
2021-12-27,900.3207175366821,923.8601610862194,899.7365764097892,922.2830810546876,1696340.0
2021-12-28,922.28307853449,929.4286022295285,915.6924027519752,923.6265258789062,3342970.0
2021-12-29,923.6265888824316,943.9437209302324,923.6265888824316,941.023193359375,2528020.0
2021-12-30,940.40981186769,959.480881712032,939.4460473438188,954.9540405273438,2765730.0
2021-12-31,954.817714357194,960.0844318677308,949.463414301806,955.40185546875,1442840.0
2022-01-03,955.4019493902327,959.9384761027214,943.8560851596968,944.917236328125,1463005.0
2022-01-04,946.4455645358412,952.6565573842644,939.4362870904736,941.470947265625,1267190.0
2022-01-05,950.1448508308785,954.9344988106538,926.206236693054,932.6995849609376,2684010.0
2022-01-06,932.699600970383,941.587743671577,920.6085753512344,922.779541015625,1908215.0
2022-01-07,928.620637684528,928.620637684528,913.1515633582948,916.7340698242188,1335615.0
2022-01-10,920.628129231987,920.628129231987,906.366255782938,914.9136352539062,1575095.0
2022-01-11,917.0455115678895,922.8670765871368,907.417492945076,909.1113891601562,1547160.0
2022-01-12,911.204601135823,915.7411278136716,902.2483047110871,913.8135986328124,1188845.0
2022-01-13,915.098547442195,926.7027591939184,912.100122798564,920.1510620117188,2270255.0
2022-01-14,919.0315588194863,919.5767215680862,907.4176017618216,912.995849609375,1594300.0
2022-01-17,908.3813451280612,915.0888372918772,896.6992355720174,909.7247924804688,2693245.0
2022-01-18,909.2575240615548,919.8590527084845,899.7171465064496,913.8427734375,2122640.0
2022-01-19,914.125097872254,921.7963547782548,906.3272800224566,912.1683349609376,1539435.0
2022-01-20,917.4350150547932,917.4350150547932,889.7873323819583,893.983154296875,1588695.0
2022-01-21,888.083738755842,889.7873798003175,863.502632256982,875.4086303710938,2787740.0
2022-01-24,873.4518728697595,874.1723195701213,839.3596219892278,849.7469482421875,2782490.0
2022-01-25,849.746887927954,860.3775907199384,837.4125442018185,857.242919921875,1704510.0
2022-01-27,845.0059045509323,849.9026838780331,823.9781316151337,828.7191162109375,3527530.0
2022-01-28,827.2491741270785,852.7940456214153,812.9678110275931,821.369140625,6514920.0
2022-01-31,827.4730020265323,850.5743542802137,825.5454729953037,837.7630004882812,3092775.0
2022-02-01,841.1119514862966,842.3580717870537,829.0404136004287,839.057861328125,1858315.0
2022-02-02,842.0853800319169,862.480407767213,840.157851008237,859.6766967773438,1525005.0
2022-02-03,860.1926883309545,863.8823261536461,848.9000056017317,851.7523803710938,1107685.0
2022-02-04,857.5738556613958,857.9535384621604,844.4217979304351,847.3325805664062,1234965.0
2022-02-07,841.1118477135223,846.9529022115328,827.4924651492522,839.0090942382812,1279790.0
2022-02-08,838.9701623396933,852.667443026771,833.3335658273354,841.4915771484375,1982015.0
2022-02-09,841.5402696949985,855.714560840263,839.4569458098115,850.6036376953125,994400.0
2022-02-10,853.7674981898364,854.4976300297934,843.7792851122982,850.9832763671875,1189325.0
2022-02-11,839.3596189128737,846.8653365917307,833.3530839664045,842.163330078125,1687690.0
2022-02-14,827.4827904038378,830.7148479624328,811.2738390362608,818.643310546875,2246930.0
2022-02-15,824.367515881129,836.1372673566281,815.5280363813457,832.8468017578125,1790055.0
2022-02-16,832.9343668988456,851.3921209297145,826.2269343198408,840.420654296875,1903065.0
2022-02-17,841.676572562798,844.0811116854281,835.8939257318825,837.41259765625,1145155.0
2022-02-18,833.3238539320192,845.5900457716486,830.3254290354246,841.3358154296875,1790540.0
2022-02-21,852.0151911167795,859.9298249917746,833.8300479406721,836.8771362304688,2939755.0
2022-02-22,815.7909118497437,824.6790550201163,809.1223980315327,821.3496704101562,2404200.0
2022-02-23,829.4297573391435,829.5563182762376,815.9661097818368,817.9326171875,1857420.0
2022-02-24,788.5423723429387,807.81784067211,788.5326277449973,796.8171997070312,3485635.0
2022-02-25,801.0032971173048,817.9423796797277,798.6863406435915,813.191650390625,1527165.0
2022-02-28,808.0126142428334,808.0126142428334,789.0291853539957,791.1514282226562,4914250.0
2022-03-02,790.7522657313777,791.1513783234124,744.7344709750561,750.21533203125,7703175.0
2022-03-03,755.2483606325773,758.2175515539926,720.3967461485083,724.06689453125,6673625.0
2022-03-04,722.3437175387303,754.2650580054215,711.4404042582639,745.445068359375,6040250.0
2022-03-07,729.9371237841171,738.2995932402256,714.1662642106531,733.9090576171875,3015430.0
2022-03-08,730.1318821927091,756.7963127907751,727.7662620245989,753.2138061523438,3920845.0
2022-03-09,759.6291522890212,775.1663791905545,755.8714213569102,765.2658081054688,4046845.0
2022-03-10,773.9397311348447,776.178790171453,754.5766209596499,757.8768310546875,3560495.0
2022-03-11,757.9741896466351,778.0285135024944,754.0801531019963,774.0565795898438,5566315.0
2022-03-14,771.2139785895531,777.7656763087627,764.2047006616114,770.4935913085938,2850290.0
2022-03-15,770.629838816914,778.6126259319892,755.443119461042,759.3079223632812,2356470.0
2022-03-16,773.7450248739376,773.7450248739376,757.390083791404,767.8650512695312,1793880.0
2022-03-17,772.0122275355488,788.5423935116087,768.3323345117194,787.0139770507812,3862935.0
2022-03-21,793.2152156408763,794.9578349857937,778.1744879186658,779.7710571289062,2008195.0
2022-03-22,782.8960344256313,789.8955672700034,772.9662296671579,784.7164916992188,6451110.0
2022-03-23,786.5953443780645,815.5961587659772,786.5953443780645,803.5928344726562,5220570.0
2022-03-24,800.8086255423938,846.6706880464856,798.559821719386,842.7669067382812,8690735.0
2022-03-25,842.4748788342665,851.8205433135929,835.2708870435002,849.1823120117188,4321985.0
2022-03-28,848.8610865280507,849.474402065307,825.3703052461152,834.385009765625,2484535.0
2022-03-29,836.0496283575479,848.0335233624762,826.9083633730512,841.8031005859375,2105420.0
2022-03-30,847.4981623102594,850.1655679972806,834.1221554796562,847.8096923828125,3084130.0
2022-03-31,847.5370720494734,854.2543091881818,833.3433509241274,836.33203125,3058595.0
2022-04-01,836.2443349457909,843.9642551451898,830.0138528040277,833.2167358398438,1569355.0
2022-04-04,845.0059508270527,845.0059508270527,831.3768225879068,840.5570068359375,1298870.0
2022-04-05,844.7917927031084,858.2456367723912,837.7532811942048,843.0394287109375,2399325.0
2022-04-06,843.0588746125853,847.9264200780159,830.6563782735927,832.6909790039062,2059755.0
2022-04-07,836.244289210572,848.3255105974996,832.6909573459167,840.6055908203125,1397010.0
2022-04-08,846.3688486874718,871.8066466260777,842.4455784316748,862.5972290039062,3358875.0
2022-04-11,862.5290602174081,866.4230966066515,851.5186747035536,852.8912963867188,1077795.0
2022-04-12,852.0152064672058,858.265118474084,842.7960440652358,851.3045043945312,1855070.0
2022-04-13,847.1476125534354,849.3574377586592,835.3876062402762,837.0620727539062,1847180.0
2022-04-18,832.3502630596106,840.810059338082,823.7249868747248,834.2875366210938,1698380.0
2022-04-19,839.164882566008,840.3525352015322,815.800663097813,819.6362915039062,1550720.0
2022-04-20,821.0576119033994,845.0059123809859,820.288501674339,835.9328002929688,2252075.0
2022-04-21,840.9172272245314,847.2547815642822,839.1649225645502,841.1703491210938,1972180.0
2022-04-22,836.6240782993009,837.0231909237491,811.3225839204805,816.3361206054688,1953715.0
2022-04-25,808.0126279271517,813.7952748941087,790.6841762239374,801.2857055664062,1705680.0
2022-04-26,812.8801772841025,814.8758592488674,804.3230528563295,808.8984985351562,792225.0
2022-04-27,808.8984740876598,810.6800124966005,792.9329594337837,793.80908203125,993500.0
2022-04-28,798.2774497738694,808.3338152599681,794.6949434709313,802.590087890625,1504805.0
2022-04-29,809.9596019786147,830.598007566534,801.2175089422632,804.4982299804688,2615175.0
2022-05-02,802.5901443484051,807.0877518844408,792.4364510068528,802.930908203125,925300.0
2022-05-04,802.9503222056189,805.1699515529264,772.3821710350518,777.3178100585938,1712475.0
2022-05-05,788.5423818462064,793.3904382170406,769.266913284733,771.7590942382812,1264655.0
2022-05-06,765.139268617707,768.8483360815977,755.4430961477036,765.3047485351562,1197395.0
2022-05-09,764.9834662749595,766.3366582327773,753.6226313084758,760.4663696289062,886775.0
2022-05-10,759.3371135937723,765.9569637260618,757.3900953537883,762.0629272460938,1014140.0
2022-05-11,758.4609429454622,767.6995945435144,749.7967472991093,756.2316284179688,1356280.0
2022-05-12,751.8410586808501,758.5972141453939,737.8906567773984,755.4430541992188,1468145.0
2022-05-13,759.2203029350059,774.7185516041523,757.4874281676758,764.068359375,1092005.0
2022-05-16,763.8152186031167,770.0457006309065,751.7534859723663,757.0785522460938,1089575.0
2022-05-17,766.1322464856429,768.0695202747908,753.6908298837443,760.115966796875,1277320.0
2022-05-18,762.0629388704344,775.8770358705696,755.8325160584168,760.4663696289062,2500790.0
2022-05-19,756.6113695840403,781.6792317312159,745.5230854263183,765.0711669921875,9129055.0
2022-05-20,773.9397772147149,837.0426476896358,773.9397772147149,827.3075561523438,12401575.0
2022-05-23,827.3075505184886,842.4748396674216,824.7958802818521,832.340576171875,3035360.0
2022-05-24,832.1361769146522,851.8205033396218,828.7385800814029,846.3883056640625,5054480.0
2022-05-25,854.9551229941197,856.2985702894174,836.4974287079082,838.6683349609375,2500200.0
2022-05-26,840.3330907850817,846.758227259601,835.2026786690415,838.02587890625,2145360.0
2022-05-27,841.111863313498,858.4403134286617,831.1723140011222,854.8383178710938,2171455.0
2022-05-30,857.4668375965922,861.8962922946059,847.1670942706663,850.9053955078125,2324015.0
2022-05-31,847.9264948647792,856.4933637558754,843.1757653180441,850.7788696289062,2380075.0
2022-06-01,846.9530052607671,849.2212983372638,837.4320567498169,840.917236328125,1772530.0
2022-06-02,837.821441700078,848.8999806040848,835.2708524751201,843.6722412109375,1639675.0
2022-06-03,848.8415487389797,855.0622863074558,840.0994558112592,845.0059204101562,1423865.0
2022-06-06,843.4483866303268,847.6636386450948,831.5715626195589,838.3374633789062,566055.0
2022-06-07,829.4297625837744,832.3502899168158,798.9978582665574,806.8345947265625,3605015.0
2022-06-08,812.6853740910421,820.1424869730482,800.8085513438365,817.5821533203125,2264910.0
2022-06-09,811.9261368531113,844.0324502609515,811.9261368531113,841.6765747070312,3702930.0
2022-06-10,841.6765115959024,849.6787278512751,833.6742359222499,847.2546997070312,2107480.0
2022-06-13,841.6960011879867,847.926483617935,828.7483411633558,830.8316650390625,1839815.0
2022-06-14,827.4827559282592,842.0756481994101,825.3507685686068,839.3693237304688,2035905.0
2022-06-15,838.5223979459282,846.7777365294028,834.6964546958712,844.1297607421875,1585315.0
2022-06-16,846.9529214308491,848.7636341059347,832.4768457915796,834.7840576171875,1750035.0
2022-06-17,835.2708637172744,837.0037385520563,791.6674095998186,807.3701171875,4764870.0
2022-06-20,807.3700981886985,813.69790761341,799.6598630008097,808.363037109375,1387575.0
2022-06-21,809.9790474071762,832.6520525920153,809.9790474071762,831.1138916015625,1191555.0
2022-06-22,833.5185674007035,846.7290940337782,809.9596334853806,829.6050415039062,2847785.0
2022-06-23,836.2442816754974,838.7169732947613,828.4562092035486,836.2247924804688,1675510.0
2022-06-24,841.5013392384118,851.3435025571686,835.6602842952991,839.0967407226562,1518295.0
2022-06-27,856.6587731520824,856.6587731520824,838.3568139782595,841.2189331054688,1663765.0
2022-06-28,842.9128191621721,852.793960161954,839.5542603468426,851.7425537109375,1412215.0
2022-06-29,848.335348055755,858.3917144636825,843.9156377948885,849.7469482421875,1905735.0
2022-06-30,850.798319438858,859.6085652168236,847.1476601868047,855.4808959960938,1845325.0
2022-07-01,853.7675245066404,855.7145428065415,835.2805952560045,853.9427490234375,1523995.0
2022-07-04,849.308835073013,858.8784466441213,836.4390726449249,847.8193969726562,1303490.0
2022-07-05,849.8539682831096,869.8303943387401,847.1865628146701,855.5587768554688,2434495.0
2022-07-06,855.7145369753479,865.1186091557425,852.6674486033041,854.7410278320312,1678505.0
2022-07-07,861.8962071644366,865.0601115531283,842.669403571618,844.3146362304688,2161110.0
2022-07-08,843.058872565873,859.5987825103273,838.0745107748351,857.8951416015625,2089480.0
2022-07-11,858.4735449174175,895.6322496866917,852.7786850670319,882.360595703125,4797040.0
2022-07-12,876.3030477060406,889.8099356070162,867.6578282141382,878.9691162109375,2079370.0
2022-07-13,881.0863066464242,888.9669544973889,872.3626561546347,882.4781494140625,1893835.0
2022-07-14,883.3407368833168,903.3364297810396,882.7624027175035,896.9456787109375,4423835.0
2022-07-15,900.8664005330044,904.2284202682064,886.281276072201,891.1821899414062,1504725.0
2022-07-18,897.0633186846611,904.4734983270384,873.4016913192924,875.5188598632812,2337315.0
2022-07-19,873.8917926441762,881.7724409800987,869.4515955787011,871.9510498046875,1961920.0
2022-07-20,880.2042068297501,880.5963039033497,870.4023782458999,874.0780639648438,1130700.0
2022-07-21,876.0873194729212,879.5865790275074,853.9352135189619,856.8953247070312,3126100.0
2022-07-22,861.384569983838,863.8938353761907,853.347059643681,857.3658447265625,1806315.0
2022-07-25,858.179470957518,860.7671080680549,842.9572034395779,848.9461059570312,1726910.0
2022-07-26,848.6031116475976,848.6031116475976,822.187171941606,825.7060546875,2971165.0
2022-07-27,824.912083362704,842.9572227021639,816.1001895835016,840.2225341796875,1866270.0
2022-07-28,845.7017000938791,845.8781258171826,822.3733616336369,835.1255493164062,2832835.0
2022-07-29,820.0111589858546,820.0111589858546,795.0458718384348,801.858154296875,9872475.0
2022-08-01,811.5521298608267,811.5521298608267,803.8478479913366,805.7984619140625,2136850.0
2022-08-02,809.2389345578864,809.2389345578864,798.1040717740457,800.8878173828125,2635115.0
2022-08-03,802.7598676438784,804.5339960433679,791.9876687023142,803.0245361328125,2600985.0
2022-08-04,805.7102883217433,815.3748766921271,801.6033198605094,813.14990234375,3006675.0
2022-08-05,814.5319294251315,822.1381577365062,812.3461408646124,814.8945922851562,2075395.0
2022-08-08,814.8946103474934,830.0188245277551,814.8946103474934,827.9310302734375,2041885.0
2022-08-10,831.9007275210106,835.899890145318,826.2058677760641,831.8419189453125,2108115.0
2022-08-11,835.11569812429,838.6443320734458,830.3912101178005,834.7824096679688,1285185.0
2022-08-12,834.7236220151293,840.9183842932803,827.4703054210678,835.2725219726562,2021290.0
2022-08-16,838.0562479767317,846.6818441779205,835.6645996830487,842.52587890625,1314065.0
2022-08-17,846.4760661535901,848.8186575105401,841.339858176262,846.0741577148438,2169055.0
2022-08-18,831.194973306961,831.194973306961,810.2876584654165,828.2740478515625,5137920.0
2022-08-19,829.6267549480601,832.586866355106,820.4130125967766,824.1376953125,1928705.0
2022-08-22,817.2960283158276,829.2248362237369,815.5120884432847,820.7952880859375,1692810.0
2022-08-23,812.5715159987323,830.2539916251044,812.5715159987323,828.2838745117188,1398150.0
2022-08-24,832.4300857681912,832.4300857681912,822.7654973529903,826.8920288085938,1467185.0
2022-08-25,831.0284319398647,835.8803489510271,825.706046310858,830.7833862304688,1552875.0
2022-08-26,837.664223345317,838.0563204079166,825.7354150446004,827.9212036132812,818685.0
2022-08-29,817.4724264306145,827.911396813479,814.9533495441954,825.3433227539062,966050.0
2022-08-30,826.0980409141363,835.4294001905223,821.9127010950829,832.1849975585938,2359905.0
2022-09-01,826.4901958440471,829.7247873025492,822.775264532764,823.7652587890625,1656700.0
2022-09-02,827.8917898620901,829.626732534439,818.2467649416277,821.3833618164062,1008280.0
2022-09-05,822.3733539118043,827.1860250470666,814.5318916575798,826.1470336914062,1581715.0
2022-09-06,829.2346453400692,833.5474735723183,820.413000176877,831.0382080078125,1129375.0
2022-09-07,826.294087893327,836.2919642671225,825.7648107265577,833.0181274414062,1073975.0
2022-09-08,842.3593197956144,842.3593197956144,833.6846660281274,837.3995971679688,1577545.0
2022-09-09,837.566168227007,846.7799100991272,832.3810229650206,834.1551513671875,1570630.0
2022-09-12,835.1157026000835,842.9571645963284,832.1163457795441,835.3411254882812,1262745.0
2022-09-13,835.9097265804047,844.3197121107792,830.6069637317062,833.7239379882812,2209365.0
2022-09-14,816.5608482234204,835.5959804190151,816.5608482234204,826.12744140625,1723540.0
2022-09-15,830.2638506650742,830.2638506650742,811.8560483050634,817.2764282226562,1881365.0
2022-09-16,820.4129955406394,820.4129955406394,796.0652287045522,799.3096313476562,1893520.0
2022-09-19,797.8687696893151,805.9160917168894,783.5581252688654,803.583251953125,1506440.0
2022-09-20,806.1023229331595,830.8028805382296,804.9456546338724,826.4901123046875,2957845.0
2022-09-21,827.2644176399048,836.8996306842699,810.18965113294,814.0907592773438,1894725.0
2022-09-22,805.7299147785128,827.6859744309527,805.3966262906782,819.9033203125,2391915.0
2022-09-23,816.1001902722991,826.2451183331672,809.5330132527054,811.4345703125,1659940.0
2022-09-26,807.5138365657926,815.2768677087766,801.652302651164,809.2095336914062,2055290.0
2022-09-27,813.2576548208623,823.3535253691962,808.7095924178197,819.7464599609375,1485445.0
2022-09-28,819.0701289105453,842.3690923846938,819.0701289105453,837.0172729492188,3133240.0
2022-09-29,841.2418751769701,863.9331305786346,840.2126952179023,854.8566284179688,5442790.0
2022-09-30,859.1399961042989,863.541007101881,837.4779213247668,849.9556884765625,3164565.0
2022-10-03,845.897745311193,870.2062664674125,845.3880311176796,866.4129638671875,3476290.0
2022-10-04,871.5785373298797,872.3430487866725,857.8657898508606,865.2955322265625,1543270.0
2022-10-06,869.62798577734,871.9608255797788,856.6601269165806,862.08056640625,1231195.0
2022-10-07,860.6004696749768,864.2369692788179,857.0718356429993,857.9833984375,1338865.0
2022-10-10,852.7590398919093,860.2084052756634,846.8779430650685,858.64013671875,1218745.0
2022-10-11,860.0124087050524,860.208397403665,833.5474732264568,839.5755615234375,1486910.0
2022-10-12,842.957180479802,844.9175460158016,826.3038848235833,831.42041015625,1470100.0
2022-10-13,833.1455813273067,844.7215379791203,831.4498842015979,834.0669555664062,1513920.0
2022-10-14,843.9374160966566,850.7986959023204,835.7136678000069,845.0744018554688,1244005.0
2022-10-17,843.937444102083,857.4639556312793,839.5266212235007,849.8577270507812,1050700.0
2022-10-18,854.1117107968115,857.3952993147939,849.8576910331528,854.0430908203125,721180.0
2022-10-19,854.7291847067575,861.3944155610021,843.9471742636647,846.2702026367188,860840.0
2022-10-20,843.9373462867468,853.7391737697519,839.0364325452441,852.57275390625,1287620.0
2022-10-21,853.7392283156457,860.3946480646063,844.6431031139688,848.9951171875,1002975.0
2022-10-24,855.6603816885614,859.4242500637189,853.7392019013689,858.1500244140625,158840.0
2022-10-25,860.5906795631812,877.7536898149662,856.8758083205026,870.8629760742188,3118275.0
2022-10-27,874.3230609663917,885.8892060858027,872.4313153341812,880.4393920898438,2207370.0
2022-10-28,879.2239577445861,882.7035946646295,868.4419471144963,874.313232421875,1767930.0
2022-10-31,888.2416764269041,906.6691013320992,851.7102438701169,869.1672973632812,9128805.0
2022-11-01,869.4711276231408,897.8474312190391,869.4711276231408,889.0845947265625,5350980.0
2022-11-02,890.9959309307776,910.5897745263684,890.9959309307776,893.0739135742188,3708780.0
2022-11-03,893.0739796057719,901.7681964529156,887.5261113295994,899.7882080078125,1766075.0
2022-11-04,899.8175864726697,901.768140595992,884.6051308697255,887.0850219726562,2463380.0
2022-11-07,888.2417072305012,891.4371128813515,871.2649331544994,879.312255859375,2100085.0
2022-11-09,890.0060312409993,895.0637484432839,882.1841912119543,889.0062255859375,3565560.0
2022-11-10,889.9961493029705,904.9047508647382,887.6534981099347,891.8585205078125,2959765.0
2022-11-11,896.318378854802,897.6514131296854,882.5566336216234,889.898193359375,1625215.0
2022-11-14,862.5608232518404,878.9985071755044,845.8977164390207,855.4348754882812,3722425.0
2022-11-15,856.1308779254663,870.9120514853812,855.4447379917684,869.1672973632812,1872600.0
2022-11-16,869.1574573007096,890.976335553988,861.2278121134391,878.4398193359375,2610960.0
2022-11-17,878.4300237918425,879.9002979882721,859.1007879134643,866.7364501953125,1561865.0
2022-11-18,867.2167006573768,869.333869104858,857.7579130522607,864.3349609375,1693670.0
2022-11-21,858.6400838862468,861.1885350908262,846.3976109837557,852.7295532226562,2153040.0
2022-11-22,856.9933513264132,863.0704960732542,848.0540898270926,855.2094116210938,2015475.0
2022-11-23,858.6401145878546,866.4815768215336,854.719383471015,863.66845703125,1964345.0
2022-11-24,867.9910666871581,870.3925265441312,857.8265757023927,865.2760009765625,1188110.0
2022-11-25,867.2363650225162,869.4123421471193,860.4044597190328,866.109130859375,1477045.0
2022-11-28,865.4523960139267,871.8529584465305,859.9143393866156,862.9529418945312,1530840.0
2022-11-29,863.560680930946,877.9889432199658,863.3548210030252,873.0194091796875,2045690.0
2022-11-30,876.2834269380752,885.6834063534424,870.5983786389457,879.6454467773438,4256840.0
2022-12-01,884.0464461453171,888.3984601305674,871.7353526828555,877.1361694335938,1936730.0
2022-12-02,879.2141513802478,886.8693765784317,874.3524830294073,884.2033081054688,2080040.0
2022-12-05,888.0259818826411,888.4377017274626,872.3921142964543,878.1261596679688,1961695.0
2022-12-06,874.3427076784209,877.1558276161372,854.5331911351728,857.503173828125,1742295.0
2022-12-07,855.6996287301993,859.2282630627589,846.877983073187,855.0134887695312,1661035.0
2022-12-08,857.4541244189376,858.4931158355286,849.0441987325289,853.9744873046875,1386625.0
2022-12-09,857.6599409951468,865.4622175384479,853.5921584876118,863.9526977539062,1539865.0
2022-12-12,856.101419045007,874.8915660886124,856.101419045007,872.8037719726562,1367975.0
2022-12-13,872.401871220035,877.1949794341688,870.5003142092978,873.9603881835938,1087545.0
2022-12-14,877.263603511234,884.8110230149442,872.6273580245821,883.0564575195312,1392005.0
2022-12-15,879.4494069563771,887.5751607718613,874.5191185118615,876.0775756835938,1209055.0
2022-12-16,869.3240885251566,874.0975736416646,835.3607329473623,844.7410888671875,16783045.0
2022-12-19,851.7690001875158,864.2565188773519,845.9075264740679,861.7864990234375,1661755.0
2022-12-20,858.6401000028144,860.6004655279351,844.5450670911488,856.6307373046875,1214105.0
2022-12-21,858.6303263584026,869.4221486208219,853.4255580533701,864.0409545898438,1739615.0
2022-12-22,868.4419137695344,873.5388760186305,845.9173333895482,852.6119384765625,1737350.0
2022-12-23,847.867915303585,866.0894796643304,841.2418701449108,845.0057983398438,2498780.0
2022-12-26,849.2401741341138,852.1709710310963,829.2444804218695,832.8809204101562,1593040.0
2022-12-27,837.0369527058423,837.0369527058423,823.5496273661671,833.322021484375,1366245.0
2022-12-28,833.3219837624847,836.419394873567,826.4803270493979,833.6944580078125,1088005.0
2022-12-29,838.0562685667225,853.6705729177874,827.8721552256428,835.2333374023438,4064660.0
2022-12-30,839.0365255987424,840.0363312570869,828.2545141716557,830.7147827148438,882895.0
2023-01-02,834.8707274634493,836.5958588205025,825.1178963163352,830.2246704101562,663630.0
2023-01-03,830.9597637696281,834.7432549451264,826.5096956566927,830.8715209960938,810895.0
2023-01-04,830.2148642665533,835.1157784593901,827.5291728609767,833.841552734375,832835.0
2023-01-05,836.0958533872346,843.7118922041349,831.4889826754313,842.467041015625,994925.0
2023-01-06,842.8591906701366,846.7406761639194,834.9392971108974,837.4191284179688,630680.0
2023-01-09,841.6143598226569,850.788856444959,838.0857256834976,849.6224365234375,830195.0
2023-01-10,846.8779584339865,852.4257668847177,839.8108187482604,840.7420043945312,1170765.0
2023-01-11,843.9275797683821,846.8779395697679,832.0575804133458,835.4882202148438,1273265.0
2023-01-12,838.0465089156529,847.2700628556263,831.6067005383612,845.0352172851562,1280325.0
2023-01-13,847.662062754063,851.1319481105681,840.9968317634836,846.9563598632812,1234630.0
2023-01-16,850.7398446896578,853.2981073879836,841.0066368607747,848.06396484375,446555.0
2023-01-17,850.5927852805977,854.6801905099701,844.0549829494155,853.10205078125,778125.0
2023-01-18,853.1021246489339,861.5709188815273,851.1908159405396,855.5722045898438,1318465.0
2023-01-19,855.6701548949602,859.2576574649875,846.2016153182727,849.2695922851562,1242455.0
2023-01-20,849.2205852717083,858.8459874880871,839.0364716836632,852.8766479492188,1182675.0
2023-01-23,854.7096498278553,855.7878868784436,846.750569722647,850.3772583007812,770265.0
2023-01-24,850.9947081387762,853.700022204584,830.6069181223132,833.6944580078125,1320270.0
2023-01-25,835.1157514783331,836.8605055909073,818.4722665613759,823.539794921875,1470210.0
2023-01-27,839.0364294574571,858.8165100662948,833.8120386770719,845.70166015625,4781440.0
2023-01-30,846.8680847317866,850.6908213876226,840.006805480722,848.60302734375,1873685.0
2023-01-31,851.778873944687,857.9932593713041,841.6437572225823,847.6915283203125,3159705.0
2023-02-01,850.9947405837944,858.6401546532558,844.9665922801278,853.0531005859375,2027270.0
2023-02-02,845.505671050127,858.4539075545284,841.3007083171572,856.6994018554688,1946775.0
2023-02-03,857.6598993056793,868.4222866693439,846.5250377139821,854.3958740234375,1874895.0
2023-02-06,858.6695500241516,858.6695500241516,840.0166429926319,852.6707763671875,1516105.0
2023-02-07,858.7675923340935,875.9404147538784,854.7684296146341,870.4513549804688,2987405.0
2023-02-08,872.3626479476592,881.4979583614199,868.9614425197053,879.7728271484375,1196855.0
2023-02-09,871.1864480910236,887.9573611986297,869.1476511453021,879.7140502929688,2054810.0
2023-02-10,880.9785092152628,883.1447348190205,868.9418951041844,882.0861206054688,685110.0
2023-02-13,883.7523778451754,893.4169655286255,882.1841093548755,887.006591796875,1872775.0
2023-02-14,890.9861091358471,894.7107915763542,882.2918930329682,889.6922607421875,1202135.0
2023-02-15,891.5742198906196,894.5540137872052,882.9878691152489,886.0557861328125,1283685.0
2023-02-16,890.4862491292918,891.936900507478,884.017066675944,885.947998046875,1352330.0
2023-02-17,882.3997302190933,889.0257753383653,875.0091736460023,884.1934814453125,1056035.0
2023-02-20,886.0852573053651,889.7217570556412,875.9795749607586,877.2244262695312,761745.0
2023-02-21,883.0074702352771,883.0074702352771,874.0878306109179,879.4494018554688,791630.0
2023-02-22,879.5964140955629,886.1244049846259,876.1657744194131,877.5968627929688,882305.0
2023-02-23,877.4791974790053,885.1050482053056,870.5983550614146,872.2842407226562,1187840.0
2023-02-24,875.283651306992,884.1249196476647,870.7552113826506,880.4197998046875,1764830.0
2023-02-27,880.4197959840026,880.4197959840026,853.7392479726105,866.6776733398438,1370570.0
2023-02-28,870.2062816861456,870.2062816861456,842.9572116919243,846.21142578125,2699875.0
2023-03-01,846.1819471387455,854.1606491047893,842.3690816977644,851.6220092773438,995515.0
2023-03-02,854.3272678873398,862.8450584468336,846.8779028572643,860.7180786132812,1413260.0
2023-03-03,865.0308935596485,871.764744218501,854.8173463024066,870.0004272460938,1371180.0
2023-03-06,869.8142615981827,874.0878443509579,865.7072931742492,870.2455444335938,877920.0
2023-03-08,869.0300710315641,871.1864852174355,862.8059340064656,867.7068481445312,1173705.0
2023-03-09,865.6288258871224,870.0788341844675,857.0326037365112,858.8263549804688,1022125.0
2023-03-10,857.2580910413218,865.1191163211448,852.7590257202879,861.6884765625,1686010.0
2023-03-13,857.6599301148591,865.6876294537586,851.8768277986982,856.7581787109375,812710.0
2023-03-14,861.384615645059,866.6580037908514,844.7215083744933,852.6707763671875,2141980.0
2023-03-15,854.1215443071787,867.4618184795476,850.9555130340229,861.4827270507812,1717110.0
2023-03-16,864.7172522056229,868.4419347688552,856.7483614944379,859.375244140625,1384640.0
2023-03-17,863.678303144843,874.9405941585308,859.3752862130149,869.6475830078125,3092990.0
2023-03-20,868.6379833534105,880.988262333901,866.9716606781104,870.2944946289062,3949945.0
2023-03-21,870.7845711687582,878.2437475684202,864.3643860952938,866.3541259765625,1984640.0
2023-03-22,868.3145219359188,878.2437783680258,865.6680164422326,877.2537841796875,1598885.0
2023-03-23,878.0477157571049,882.0665010202543,868.5497422972929,871.7647705078125,2418370.0
2023-03-24,872.3528512979238,881.7723933313788,872.3528512979238,875.1365966796875,1126970.0
2023-03-27,880.2041947187,887.7809889655679,875.3130918947554,879.3514404296875,1759570.0
2023-03-28,881.9587092812593,891.3978749579406,878.2438377992179,887.4183349609375,1834690.0
2023-03-29,891.8584955751502,896.8672150628747,886.5066762300155,895.4557495117188,2083535.0
2023-03-31,898.4355013368462,912.8441999934648,895.4655786587315,906.2279663085938,2282485.0
2023-04-03,911.364152667198,917.843206503747,901.3957102483856,912.84423828125,1500675.0
2023-04-05,911.5700032304526,920.3916484230054,909.86449473199,918.0,1823560.0
2023-04-06,920.185785854484,923.5674284670366,916.657151717844,921.2542114257812,1460345.0
2023-04-10,927.644989092443,935.5256369549536,919.0193329337452,933.0653686523438,920770.0
2023-04-11,935.682456031854,942.1320754628388,922.9400799167196,933.7907104492188,2309250.0
2023-04-12,933.7907614433096,964.4214749312724,926.508010183485,956.8544921875,3403195.0
2023-04-13,958.2266676716778,958.2266676716778,947.0918055807674,951.3458251953124,1169335.0
2023-04-17,956.0605044173708,965.0781980365438,944.8472109240917,951.2282104492188,1705675.0
2023-04-18,953.012192738402,964.10780975156,949.8951586856938,963.010009765625,1797050.0
2023-04-19,958.1090316359466,968.4205734856772,956.7661860316356,962.4120483398438,1920935.0
2023-04-20,963.71573739361,963.71573739361,945.3373099609572,952.3848266601562,3175850.0
2023-04-21,952.3652087765112,956.4623657075751,945.513740566346,954.4530029296876,1657195.0
2023-04-24,951.5614324476868,951.5614324476868,931.5853025718842,942.1712646484376,2190830.0
2023-04-25,941.6714392051382,949.0423731787832,932.6929312559414,947.5034790039062,1639985.0
2023-04-26,942.9358699414933,955.5311952095316,942.9358699414933,949.8167724609376,1020765.0
2023-04-27,949.797126779282,968.2245513295888,944.5237385648818,964.2156372070312,1098280.0
2023-04-28,964.2156233052376,967.440403111724,956.0898697769326,966.4307861328124,1235220.0
2023-05-02,961.2456692925612,972.1354859349448,961.2456692925612,970.4594116210938,1209890.0
2023-05-03,970.3613654864812,972.3413539199088,963.5197085718452,970.8220825195312,883875.0
2023-05-04,970.8220061648155,975.2818256637852,964.5684355016466,973.9095458984376,1006635.0
2023-05-05,975.2720824172987,978.026393714352,965.5878714896252,968.9107055664062,461545.0
2023-05-08,969.400810841822,973.6548306120616,950.120631486564,961.9710083007812,1190915.0
2023-05-09,964.1175571738924,968.4009510800032,958.6285576084622,967.0973510742188,1545295.0
2023-05-10,973.2921404832418,973.2921404832418,948.7973805171904,954.1688232421876,2271505.0
2023-05-11,916.4709492461444,921.3718634132362,886.8792271122204,888.437744140625,13916795.0
2023-05-12,890.9763619040754,890.9763619040754,871.3825171259507,875.5188598632812,5242020.0
2023-05-15,876.3128630050139,888.4572825072232,871.676557649946,885.801025390625,1588765.0
2023-05-16,886.673386435856,891.554737733704,883.0565093089701,885.1149291992188,1430235.0
2023-05-17,886.0460756337222,890.9959868656301,872.5783135530419,878.537841796875,1749805.0
2023-05-18,880.5962419887627,882.595793342059,863.521414721782,867.0892944335938,2127235.0
2023-05-19,868.0401162441402,870.4023304799445,859.4340825035072,860.9827880859375,1630405.0
2023-05-22,864.3251467757084,876.2539542271645,859.4732301431258,873.8623657226562,1224880.0
2023-05-23,873.9505671769543,882.0958837011958,871.5883529959372,874.4308471679688,1616475.0
2023-05-24,875.3032122786382,886.869356981924,874.3034067105642,885.9381713867188,1683665.0
2023-05-25,888.8101879982763,888.8101879982763,878.7142572989468,882.9388427734375,1033820.0
2023-05-26,883.1545327271532,889.8099525415527,882.1547271059836,888.2318725585938,752935.0
2023-05-29,891.5547008070804,895.6910435663207,886.0852639531893,893.1915893554688,928140.0
2023-05-30,893.1915656167415,893.1915656167415,881.9390863540448,885.86962890625,1369945.0
2023-05-31,884.1248669659268,887.9769781096654,878.4300074109777,882.370361328125,6313505.0
2023-06-01,884.0954191393454,893.9168695811592,882.3703477278054,892.3681640625,1528955.0
2023-06-02,895.6812074676942,905.68889526099,894.9166960030896,903.8167724609376,2509565.0
2023-06-05,907.8453052326402,911.9620848847882,901.1212657019772,902.464111328125,1132140.0
2023-06-06,903.7285507663702,909.6096476260212,902.7483679564284,908.9529418945312,1161655.0
2023-06-07,911.5699619926786,917.0589614894882,910.6094020371388,916.225830078125,1139525.0
2023-06-08,916.4709237596154,919.9995579315472,909.0215583630436,911.452392578125,1203490.0
2023-06-09,917.6569601940618,922.3520142661245,910.7074378228158,914.8634033203124,1084700.0
2023-06-12,920.3916914961457,920.3916914961457,912.4424229809872,916.598388671875,717870.0
2023-06-13,921.3718189709256,927.0176813911852,913.1480710370706,921.763916015625,1294905.0
2023-06-14,922.900912545931,927.1646837853888,918.4312813817508,921.17578125,901255.0
2023-06-15,920.7052932750538,951.757476471487,920.587676127862,941.6517944335938,3630745.0
2023-06-16,949.767735683696,968.420643804442,945.9058727351209,963.529541015625,3814515.0
2023-06-19,970.576997219921,984.887641826054,953.139507338234,956.4623413085938,3540755.0
2023-06-20,956.4623780023576,965.8231119115842,954.1197267185888,960.8143920898438,1070755.0
2023-06-21,964.88213974733,970.38095077692,959.344083118208,962.617919921875,1123550.0
2023-06-22,962.8433390402096,965.8623187375116,958.6187536741994,960.4713134765624,1242850.0
2023-06-23,960.775186451672,983.1233421852784,960.775186451672,978.9869995117188,2791140.0
2023-06-26,978.202774533771,994.6894557841314,970.773032265738,988.337890625,3607125.0
2023-06-27,988.3378907519858,997.1497242191224,983.3193597915518,985.2012939453124,3330315.0
2023-06-28,985.1914874859572,1003.5895371836376,981.035522122158,1001.3253173828124,4426340.0
2023-06-30,1002.922990252548,1014.479323205174,1001.7663817998975,1011.47021484375,2430705.0
2023-07-03,1011.4702967834278,1015.2734109039123,997.8849174563552,999.4531860351562,1174135.0
2023-07-04,1002.7073306486162,1020.3211859532996,996.8556683462532,1017.1160888671876,1863335.0
2023-07-05,1016.449473958032,1019.7428735174364,1007.039743838132,1015.1458740234376,1410270.0
2023-07-06,1015.1655510879724,1030.858288592574,1013.509099450861,1025.6241455078125,2534370.0
2023-07-07,1025.2712092604318,1033.7301916142794,1001.7468220498674,1015.95947265625,2771720.0
2023-07-10,1018.400117180386,1022.3306597780928,1008.6081005864404,1010.5586547851562,1003625.0
2023-07-11,1016.2980991766154,1030.325492935797,1010.2820781585395,1020.614990234375,1056805.0
2023-07-12,1017.48333677972,1027.1544063064348,1013.5319451805752,1025.1885986328125,1203590.0
2023-07-13,1025.386265798972,1027.9843109683554,1014.5001611013032,1015.9918212890624,2034915.0
2023-07-14,1018.4712733934092,1020.427193111452,1002.912667616546,1006.0342407226562,1942045.0
2023-07-17,1007.535739619924,1036.2524863971453,1006.2218849809334,1033.239501953125,1976770.0
2023-07-18,1028.0533602220198,1030.463772035156,1016.801877674794,1025.583740234375,1286955.0
2023-07-19,1024.2007611093816,1041.1916969230806,1019.775101180505,1031.5799560546875,1961585.0
2023-07-20,1037.0429494583643,1065.8287360277704,1035.2647747021604,1054.8834228515625,6016030.0
2023-07-21,1051.7223100725466,1054.9722480695489,1042.693364670686,1044.78759765625,1150370.0
2023-07-24,1042.8217490259462,1074.156258155565,1042.8217490259462,1065.2359619140625,2119525.0
2023-07-25,1070.8272105613978,1082.6714981973148,1065.2656216092676,1071.89404296875,2162155.0
2023-07-26,1074.7786601837747,1084.6571405163463,1067.083285416888,1081.822021484375,1701060.0
2023-07-27,1092.5598234846032,1109.1557171393852,1070.8370568942803,1088.0157470703125,7539055.0
2023-07-28,1089.003613089598,1109.945941565839,1089.003613089598,1103.031005859375,3180540.0
2023-07-31,1103.3372752277492,1118.3228512856035,1100.4626039611471,1114.38134765625,1599490.0
2023-08-01,1114.262884969314,1127.9939963526272,1107.7925528903947,1119.6368408203125,2122735.0
2023-08-02,1119.6466786347669,1125.3268044067972,1113.196002512802,1118.332763671875,1791795.0
2023-08-03,1115.2803583705625,1132.8641004751194,1110.637521145325,1118.1451416015625,2570520.0
2023-08-04,1118.1649053339097,1128.3198907079347,1114.292497922749,1116.1793212890625,1726520.0
2023-08-07,1118.2439752078487,1123.7759000844262,1110.123893304002,1112.4552001953125,2499830.0
2023-08-08,1116.6633859674826,1133.8420768910023,1115.280374671588,1117.8388671875,2987010.0
2023-08-09,1120.4370059085404,1162.4502131500358,1120.4370059085404,1159.93115234375,10067015.0
2023-08-10,1161.7290781874124,1168.9501846974583,1147.0891026190766,1156.0093994140625,2763310.0
2023-08-11,1156.5724838436176,1162.7069813210007,1147.5138742941897,1150.44775390625,2256960.0
2023-08-14,1151.8208740686246,1161.5117207815076,1145.9036742253963,1150.5169677734375,2167595.0
2023-08-16,1151.8307476081534,1163.58616271742,1140.9644198005294,1157.3330078125,4308265.0
2023-08-17,1160.0002637168382,1167.0535127459125,1156.9478472310034,1161.837646484375,2138070.0
2023-08-18,1165.5619212738557,1181.4662505289775,1153.9250424741062,1160.61279296875,4281645.0
2023-08-21,1159.783000299528,1170.5998877362488,1156.5626061512917,1167.8043212890625,1334640.0
2023-08-22,1169.414477955107,1174.551239176793,1160.2867723371369,1170.70849609375,1688225.0
2023-08-23,1169.6120600752372,1180.4685002088806,1168.031527354681,1176.2010498046875,3142630.0
2023-08-24,1181.4662571584297,1183.382624476447,1163.922066301498,1167.0733642578125,4124730.0
2023-08-25,1163.6849342831129,1163.6849342831129,1140.0852312897432,1141.8040771484375,4713240.0
2023-08-28,1141.9523163062104,1151.6332751809432,1131.5205832859144,1141.142333984375,2350770.0
2023-08-29,1139.9765827521248,1143.2365293604448,1129.1102548402762,1130.848876953125,3258085.0
2023-08-30,1133.614982599895,1137.2205315652118,1114.2926165796111,1116.2188720703125,3551815.0
2023-08-31,1116.2188452317598,1125.1589182338816,1104.4141093814571,1107.940673828125,3178875.0
2023-09-01,1112.316849994792,1113.156496678915,1096.5310582203886,1102.15185546875,1105280.0
2023-09-04,1103.4261831536735,1119.5675852288473,1102.151820683796,1118.13525390625,1473020.0
2023-09-05,1114.2925429436343,1114.2925429436343,1098.5956237680855,1102.2210693359375,1968470.0
2023-09-06,1102.3987661100805,1113.2947580028522,1098.33872548238,1103.09033203125,2256645.0
2023-09-07,1103.0211309390052,1117.1572932698975,1102.6852963935764,1109.3829345703125,2634215.0
2023-09-08,1112.5144367878002,1113.038025200391,1100.4627386921877,1103.189208984375,923950.0
2023-09-11,1105.4018928748103,1119.034243273715,1103.4360850357752,1109.1162109375,1313930.0
2023-09-12,1114.2827084151195,1129.5054805772588,1111.526573777346,1120.970458984375,2581215.0
2023-09-13,1128.122484662244,1137.9022045748611,1120.4765503238336,1133.832275390625,1571615.0
2023-09-14,1139.976598047075,1141.2212961806306,1127.045701422818,1134.96826171875,1139730.0
2023-09-15,1141.280534372741,1154.3695207864275,1132.6863047358795,1149.75634765625,2069105.0
2023-09-18,1150.0526606958324,1151.5937615477758,1130.4735652478034,1131.6787109375,1256740.0
2023-09-20,1130.463577362591,1130.463577362591,1106.7848904466898,1109.3631591796875,2266405.0
2023-09-21,1109.4521741281703,1125.5541463513678,1108.92858569566,1119.92333984375,2926715.0
2023-09-22,1119.923175248457,1124.9415200215865,1087.027910790166,1090.0013427734375,2447785.0
2023-09-25,1092.5303011781127,1094.5158854460228,1072.4078408130913,1074.53173828125,1217045.0
2023-09-26,1078.532496465815,1091.957317044271,1076.5568004624608,1080.26123046875,1379915.0
2023-09-27,1089.3988748478253,1107.3776610747525,1082.6913480185322,1085.9315185546875,2443890.0
2023-09-28,1088.1047445041534,1088.1047445041534,1069.0491169345278,1072.6251220703125,1931555.0
2023-09-29,1080.5082217782397,1112.3168800602946,1077.396476371167,1103.8214111328125,3101955.0
2023-10-03,1103.8015471533258,1103.8015471533258,1076.7542654598578,1079.0657958984375,2065240.0
2023-10-04,1079.7179279862253,1086.4353430190783,1067.1723058775124,1070.3927001953125,2109530.0
2023-10-05,1078.7299494606648,1081.6934932778645,1066.8757741918662,1068.30810546875,2058530.0
2023-10-06,1073.7907603106876,1084.103835398283,1068.6934309408296,1071.7952880859375,1572990.0
2023-10-09,1068.8614918909584,1092.0363688523937,1066.9055720208626,1085.6153564453125,2368110.0
2023-10-10,1083.471738607464,1084.0644232922543,1072.407768614748,1082.3948974609375,1519630.0
2023-10-11,1088.6084971249588,1104.018901823501,1088.6084971249588,1099.988525390625,1961240.0
2023-10-12,1099.988571367261,1103.2386300142764,1089.59639066825,1092.5994873046875,1695245.0
2023-10-13,1072.2497595381894,1091.3942601068002,1071.1433745146824,1078.7696533203125,1633255.0
2023-10-16,1084.4595489733838,1088.0157775456164,1078.7299825164628,1085.26953125,859220.0
2023-10-17,1084.0644339183696,1101.0553715124506,1083.6791587227508,1095.3455810546875,1626760.0
2023-10-18,1095.424683473169,1125.109443850428,1094.8912069594362,1121.6915283203125,3014855.0
2023-10-19,1121.1579539129418,1121.1579539129418,1108.464132197821,1112.49462890625,2525845.0
2023-10-20,1110.3510219737686,1110.3510219737686,1096.7087834350875,1100.3243408203125,1141375.0
2023-10-23,1091.6708516933152,1119.6171115069776,1091.6708516933152,1096.8966064453125,1809785.0
2023-10-25,1106.3897420956548,1108.8000332949312,1086.6327824153752,1089.369140625,2104480.0
2023-10-26,1086.2376541478334,1090.0902855271613,1055.1995466644082,1071.2125244140625,1544145.0
2023-10-27,1071.2025403704936,1077.5346793496562,1057.1948037012917,1066.34228515625,2159725.0
2023-10-30,1065.6805875325788,1065.6805875325788,1028.4584216588312,1056.07861328125,2691600.0
2023-10-31,1061.7390841941728,1074.9662628669475,1057.609826474309,1060.4647216796875,1884070.0
2023-11-01,1063.9122899567378,1070.9062103457218,1049.9836573532384,1056.2960205078125,1376665.0
2023-11-02,1062.9245290568972,1069.8394655842192,1051.7421419023888,1054.725341796875,2365835.0
2023-11-03,1062.3316966097595,1062.3316966097595,1036.6674264752176,1039.818603515625,2921805.0
2023-11-06,1047.1188435598085,1058.4099988651133,1043.799688865746,1054.646240234375,2847485.0
2023-11-07,1061.7390453782464,1081.3082509400908,1051.0306865710827,1067.7352294921875,3498735.0
2023-11-08,1072.5856652071077,1086.701931586353,1068.1797809849495,1077.4556884765625,2096955.0
2023-11-09,1082.4640969456968,1086.425377023484,1074.7786106602268,1078.324951171875,1642660.0
2023-11-10,1074.7687201694455,1076.8926174557955,1061.3438998099334,1071.7952880859375,1144920.0
2023-11-13,1072.802967877276,1083.0370590672587,1063.339427096795,1070.797607421875,855910.0
2023-11-15,1072.9906002567618,1077.7718715732071,1067.8637268320456,1070.8173828125,1422405.0
2023-11-16,1071.815093168543,1101.45053353265,1070.9952227297588,1095.375244140625,1695060.0
2023-11-17,1099.4748301168029,1114.193789516073,1095.5234380948195,1108.6717529296875,2120630.0
2023-11-20,1109.3433801020942,1117.4733495860355,1103.6040461123553,1107.2095947265625,2001625.0
2023-11-21,1108.3654441007511,1121.9879064623149,1107.4763567929135,1115.56689453125,1903465.0
2023-11-22,1117.2758970906352,1132.0738412716405,1117.2758970906352,1119.1429443359375,2124580.0
2023-11-23,1121.2074880557775,1123.0745352596216,1108.1382782157823,1115.2113037109375,1511300.0
2023-11-24,1116.2583424800105,1137.378537365766,1109.353294665068,1115.507568359375,2305405.0
2023-11-28,1115.6755863009662,1129.0016465440929,1115.6755863009662,1121.3656005859375,1555790.0
2023-11-29,1125.7318632327388,1134.8399141087427,1117.058648800829,1129.179443359375,1602385.0
2023-11-30,1131.0859747735626,1145.9036949671026,1129.3078001155716,1143.5625,4267760.0
2023-12-01,1145.9036327351157,1157.0762510359996,1133.940808418974,1135.9066162109375,1391500.0
2023-12-04,1145.9036819385344,1145.9036819385344,1131.7577516128458,1137.2105712890625,1121300.0
2023-12-05,1138.988644182628,1149.6574498824132,1134.4445678982393,1141.2508544921875,1121875.0
2023-12-06,1145.1133938580676,1149.855112660507,1127.737180687956,1132.1429443359375,2659705.0
2023-12-07,1140.0457368612222,1155.762432975,1136.0943446929152,1142.9599609375,3791150.0
2023-12-08,1142.9105097513764,1142.9105097513764,1128.5176169694118,1138.771484375,1142525.0
2023-12-11,1086.6327370580595,1102.043140848047,1060.9486905457782,1081.3970947265625,9493150.0
2023-12-12,1086.6328556183337,1113.265200473674,1082.1677631358857,1094.604736328125,4281525.0
2023-12-13,1099.3662001658338,1108.36548117985,1092.6290091241065,1106.123046875,3111975.0
2023-12-14,1108.7308926567175,1111.6449958582605,1100.0476706366603,1101.12451171875,3164560.0
2023-12-15,1106.3897647403758,1109.3533087530732,1094.930752008662,1104.305419921875,3636220.0
2023-12-18,1103.4263244216177,1123.9736130753402,1101.4407400995628,1104.62158203125,3279260.0
2023-12-19,1110.341116526161,1115.477877727283,1105.0067133792047,1113.7886962890625,1123370.0
2023-12-20,1116.2682352539618,1120.4369248553785,1096.9163267805764,1102.2703857421875,1307230.0
2023-12-21,1094.5356072467723,1105.204414108132,1080.9428088311224,1097.400390625,1681900.0
2023-12-22,1102.043155371978,1117.4535593650603,1098.486926848483,1111.8624267578125,1315040.0
2023-12-26,1111.8229475010878,1125.1588957829756,1106.8935955238471,1112.74169921875,1658265.0
2023-12-27,1113.2651151845712,1130.493246571697,1106.64658198763,1129.011474609375,1473880.0
2023-12-28,1129.871018065818,1163.8431280167792,1120.397588740355,1157.471435546875,4888545.0
2023-12-29,1151.8505735180747,1154.6955806538322,1138.198446282554,1145.48876953125,1452615.0
2024-01-01,1145.903691800678,1157.7578679227538,1145.903691800678,1150.1810302734375,978400.0
2024-01-02,1147.2965339096932,1175.341551987054,1147.0199075398127,1170.9554443359375,2869280.0
2024-01-03,1170.9555104947792,1179.4905318286933,1163.3293527474336,1171.963134765625,1412035.0
2024-01-04,1170.0368897326205,1170.0368897326205,1150.8429495416774,1154.2410888671875,2048300.0
2024-01-05,1159.7335323056514,1160.632507734721,1147.187911153464,1152.947021484375,1037255.0
2024-01-08,1161.88705640464,1161.9067120706632,1132.5874524050917,1138.267578125,1205700.0
2024-01-09,1149.65762176187,1153.539797113381,1134.8595565133344,1135.9857177734375,1292220.0
2024-01-10,1135.8375912205097,1145.9037046755514,1124.210600716231,1143.374755859375,1273855.0
2024-01-11,1141.5572175517927,1141.5572175517927,1115.3002589869975,1124.6551513671875,2964925.0
2024-01-12,1133.0320010975113,1133.0320010975113,1115.4878108237924,1123.94384765625,1385710.0
2024-01-15,1133.6445211188595,1145.7062279274571,1126.541951451013,1142.594482421875,1665610.0
2024-01-16,1143.927962796448,1143.927962796448,1127.3419565960696,1137.6353759765625,1142145.0
2024-01-17,1134.0495761097857,1134.0495761097857,1111.724234007587,1116.2584228515625,1778960.0
2024-01-18,1115.7644988201555,1119.8838686533795,1090.7126864176385,1116.2584228515625,1727635.0
2024-01-19,1121.2273709451104,1129.1004913695986,1108.7310683494711,1119.8641357421875,1641460.0
2024-01-23,1116.643673074644,1136.8155734771135,1114.4802231603037,1121.0889892578125,2329945.0
2024-01-24,1127.717465156292,1168.6242882498152,1124.7638090197574,1166.07568359375,5244260.0
2024-01-25,1166.0755853483474,1170.599885799473,1150.2502410160382,1156.8687744140625,2677510.0
2024-01-29,1145.903693610344,1164.1986580815465,1134.0890699778297,1154.5374755859375,1509570.0
2024-01-30,1165.4531510428926,1175.3415184956202,1152.0282108156766,1153.9940185546875,1576585.0
2024-01-31,1150.8528192305043,1212.5834316991347,1147.2965905135763,1209.3531494140625,7857425.0
2024-02-01,1203.0901704030496,1214.9344578351695,1175.5588524914333,1184.064208984375,3112555.0
2024-02-02,1188.568711794277,1200.1759251551705,1184.637096264663,1193.2215576171875,1686230.0
2024-02-05,1193.1228029223005,1212.6821199912629,1183.6591423803054,1204.0780029296875,2126485.0
2024-02-06,1202.21101530907,1222.9558232971476,1201.964053309212,1218.3326416015625,2587065.0
2024-02-07,1218.2142039130538,1222.9559229314025,1211.2202829185674,1220.9307861328125,2953275.0
2024-02-08,1228.4878215235815,1228.8730967368556,1210.1138717515146,1217.0386962890625,1791205.0
2024-02-09,1213.0773407418094,1225.9589172150231,1206.0043153164709,1216.2088623046875,1238970.0
2024-02-12,1231.7082565408996,1262.16356978174,1230.8587216528863,1251.30712890625,4296460.0
2024-02-13,1254.5670553400792,1266.3915678578164,1246.8716802474612,1251.672607421875,2086675.0
2024-02-14,1250.6254229770534,1252.5813426713023,1219.02417594165,1236.459716796875,1724345.0
2024-02-15,1232.8539881520317,1244.4908656635437,1226.1365740190986,1235.33349609375,1469095.0
2024-02-16,1239.1465982158309,1257.668747184833,1234.286342915078,1248.0767822265625,1275915.0
2024-02-19,1248.0769015160752,1275.1044094044669,1247.6520738008755,1267.8338623046875,1393520.0
2024-02-20,1268.792009404617,1277.287478181558,1252.699926718136,1259.7037353515625,1399485.0
2024-02-21,1261.8771251302517,1264.9493181000512,1245.676392967924,1254.3990478515625,995895.0
2024-02-22,1259.5062256538408,1260.4545211653435,1231.125371329681,1257.3231201171875,1420120.0
2024-02-23,1258.0639998722272,1283.0269385103688,1257.1353600327382,1272.7730712890625,1842255.0
2024-02-26,1273.3459947936362,1282.2267389084602,1260.6225073837643,1272.4964599609375,1089190.0
2024-02-27,1267.6065646009167,1276.2206912095126,1261.5313955865531,1274.2449951171875,966475.0
2024-02-28,1273.0298332404957,1285.3681662044671,1262.8847351590846,1269.9873046875,1560230.0
2024-02-29,1260.899071144159,1278.848191725676,1255.9697193817487,1269.2364501953125,5513940.0
2024-03-01,1274.126343448802,1278.867941291282,1219.4193187548394,1223.6571044921875,2876430.0
2024-03-04,1232.834281041306,1272.219775244365,1232.63675967975,1251.6231689453125,2196055.0
2024-03-05,1251.5836002060869,1253.0160521129817,1234.2172763260126,1245.3404541015625,1040180.0
2024-03-06,1245.3404515636942,1251.0106892460517,1222.9557828721518,1247.5828857421875,1207130.0
2024-03-07,1245.7750631263696,1258.458997421831,1245.7750631263696,1249.459716796875,1174600.0
2024-03-11,1258.3208411141743,1269.1080641883866,1246.6641863823313,1261.9659423828125,1412365.0
2024-03-12,1262.1042182543192,1269.9773377062218,1238.0204797024203,1245.11328125,1647055.0
2024-03-13,1245.1625826135423,1254.5669145265765,1234.5728813782391,1245.439208984375,1051325.0
2024-03-14,1241.1323077344978,1248.6695931405905,1226.6899741414811,1243.6217041015625,2001060.0
2024-03-15,1241.744630630213,1246.3775795639558,1227.7962226105608,1241.705078125,2429735.0
2024-03-18,1243.1277558824236,1255.5350643797167,1238.376148997202,1252.7987060546875,902465.0
2024-03-19,1251.6033978283665,1251.6033978283665,1209.8074916734693,1212.0697021484375,1581835.0
2024-03-20,1210.1038763892243,1212.7019213765184,1190.001194296077,1205.8265380859375,1385185.0
2024-03-21,1210.1138565300355,1216.238466181379,1197.271831930125,1210.74609375,1626230.0
2024-03-22,1210.9040905839054,1232.7157303632432,1206.1722602169682,1225.563720703125,1528595.0
2024-03-26,1222.9559298473498,1227.1938367219548,1206.369921904011,1212.0599365234375,1361275.0
2024-03-27,1215.250566241981,1215.250566241981,1192.1546750858215,1194.13037109375,1452965.0
2024-03-28,1200.827978134156,1226.8676363680293,1200.827978134156,1216.61376953125,2586915.0
2024-04-01,1227.89511778296,1241.221178239701,1216.613849717541,1234.879150390625,772020.0
2024-04-02,1238.5539338637718,1238.5539338637718,1226.116841209659,1232.3502197265625,1191030.0
2024-04-03,1232.3502438814726,1238.3662043187776,1207.545395559917,1209.9952392578125,1346125.0
2024-04-04,1216.0409091053623,1219.9923011739418,1194.802176736747,1213.5712890625,1995095.0
2024-04-05,1213.5712501722364,1245.8442872694238,1213.0773261794925,1220.841796875,2705055.0
2024-04-08,1228.3791350542704,1230.216517916464,1212.0994188419195,1219.9034423828125,1420525.0
2024-04-09,1225.366100265831,1230.8981454677676,1216.0408731414925,1218.5894775390625,643620.0
2024-04-10,1224.911716665178,1224.911716665178,1214.0651651588848,1216.61376953125,980420.0
2024-04-12,1218.7871916350614,1222.7583600755188,1200.235376382705,1201.98388671875,1974255.0
2024-04-15,1199.8797149754064,1199.8797149754064,1181.9106970635771,1187.561279296875,1349665.0
2024-04-16,1186.5734832174105,1200.008192552713,1182.4640015734276,1195.365234375,2041490.0
2024-04-18,1205.1647830749127,1210.6078357041022,1173.0992726240056,1176.951904296875,2988680.0
2024-04-19,1185.4176207395371,1185.4176207395371,1161.8673577718482,1174.12646484375,1713255.0
2024-04-22,1180.478428650823,1198.0621723081726,1176.2306337690263,1188.5985107421875,1667285.0
2024-04-23,1195.2959986037622,1198.2595424019537,1172.3581985466203,1175.9539794921875,1494175.0
2024-04-24,1177.524760394944,1184.4001442156714,1169.8194973919824,1175.697265625,1334935.0
2024-04-25,1180.4881657448243,1237.180772978876,1171.1924829492018,1228.6358642578125,4634925.0
2024-04-26,1229.8510196040572,1246.4370265954572,1220.7529778466042,1235.2249755859375,2063090.0
2024-04-29,1238.761420889781,1249.6277491432002,1225.3958081972153,1244.1156005859375,1485530.0
2024-04-30,1244.6687779928943,1247.2569350838062,1221.96804889266,1225.7811279296875,1906520.0
2024-05-02,1223.9931245279834,1244.6489395861124,1223.9931245279834,1242.2188720703125,3134765.0
2024-05-03,1244.6687652312485,1268.3771184024129,1236.3905937588402,1254.4781494140625,2906840.0
2024-05-06,1260.4347881108058,1260.4941168757664,1234.088957686845,1243.3944091796875,2263770.0
2024-05-07,1250.5958901236638,1254.5670586899605,1224.9316163587014,1236.3116455078125,1586770.0
2024-05-08,1205.1745528747954,1208.1282087303796,1176.072589554664,1196.5506591796875,4940700.0
2024-05-09,1200.1365689563925,1200.1365689563925,1159.7335613145092,1161.1856689453125,2534535.0
2024-05-10,1160.7214168156038,1172.5755929873376,1149.479701589266,1169.8095703125,1480900.0
2024-05-13,1169.8094631286208,1175.341507971422,1155.8808315204287,1167.3497314453125,852820.0
2024-05-14,1173.346231526245,1174.6303616891694,1156.7701116599735,1159.49658203125,1186650.0
2024-05-15,1162.6971316073802,1178.8879752936516,1157.757891456117,1160.721435546875,1458405.0
2024-05-16,1171.1925034365436,1171.1925034365436,1127.9248356513217,1155.861083984375,3660485.0
2024-05-17,1155.8611564245764,1157.056534516084,1144.125517239304,1145.8148193359375,3006695.0
2024-05-21,1148.0669933876882,1152.4827655327774,1140.5692609355403,1141.9127197265625,2456865.0
2024-05-22,1155.7822206683618,1166.648549238748,1144.0070284789792,1160.2769775390625,2605110.0
2024-05-23,1166.144706217778,1172.1804431844068,1152.8186459979684,1165.206298828125,2827915.0
2024-05-24,1164.9494340433291,1167.4584859979611,1153.5100768739046,1158.8939208984375,2122215.0
2024-05-27,1158.893844654884,1163.674994960278,1145.133069676952,1160.2669677734375,3366290.0
2024-05-28,1160.1583983592534,1186.4252433374163,1160.1583983592534,1178.56201171875,3966010.0
2024-05-29,1182.4540505952775,1188.9639351211868,1168.545194230141,1185.5657958984375,2533990.0
2024-05-30,1180.4784101545874,1180.4784101545874,1152.423501645245,1160.4744873046875,3005220.0
2024-05-31,1165.6507254842734,1166.5793652884456,1136.5881945709211,1144.29345703125,5146590.0
2024-06-03,1173.148429603825,1173.148429603825,1141.3892143575636,1142.604248046875,2087555.0
2024-06-04,1147.28672794746,1151.307216377582,1106.3897953243377,1132.23193359375,3287175.0
2024-06-05,1133.6345489898831,1162.0450667299172,1131.2440340380645,1150.6749267578125,2542820.0
2024-06-06,1152.8185975325466,1170.7973826097716,1142.2683280033132,1163.87255859375,3598380.0
2024-06-07,1163.8726359373472,1202.0332109254246,1160.968420552594,1197.5286865234375,3747525.0
2024-06-10,1197.528559242947,1216.5644084336686,1186.2177485094403,1206.3895263671875,3148275.0
2024-06-11,1202.2110749716994,1205.2240597542602,1190.94958310191,1193.1722412109375,2581810.0
2024-06-12,1197.27172808438,1202.2109678867084,1183.6393779951902,1197.2816162109375,1932925.0
2024-06-13,1209.1062226873971,1209.1062226873971,1191.6411368980196,1204.354736328125,2191150.0
2024-06-14,1204.3842748504978,1208.8295910036177,1192.3523533247276,1202.260498046875,1985020.0
2024-06-18,1194.9010164626277,1197.6670393283696,1181.4663066581472,1183.68896484375,3076985.0
2024-06-19,1183.8271753805896,1185.348499883506,1169.6120282359077,1176.7640380859375,3056645.0
2024-06-20,1170.599959581128,1184.6273538999894,1163.289859766781,1179.648681640625,2489735.0
2024-06-21,1179.6880324340427,1196.2839270557083,1176.5566314521395,1187.6798095703125,2150475.0
2024-06-24,1185.0224445860906,1205.1745680378774,1180.0832045531483,1196.2740478515625,1624525.0
2024-06-25,1203.1988587840103,1204.226259287369,1188.588548339535,1200.9071044921875,1977490.0
2024-06-26,1197.9633074343649,1204.1177022095426,1190.416254288622,1199.2574462890625,1958240.0
2024-06-27,1185.4175714177072,1234.7013214198278,1184.4297234415258,1232.0242919921875,12168270.0
2024-06-28,1235.8868089009277,1268.3969226691936,1235.0174977753095,1264.9097900390625,5118295.0
2024-07-01,1270.3725439490208,1280.2510240730412,1252.0282594169578,1255.2979736328125,2251925.0
2024-07-02,1253.5790685615375,1260.6816375537037,1241.5766916600555,1258.5677490234375,1819075.0
2024-07-03,1259.3086333056142,1289.2996830356485,1257.560123114646,1269.5625,2913200.0
2024-07-04,1270.3725038426333,1292.5003227392342,1258.538104321582,1280.12255859375,1744245.0
2024-07-05,1280.122599426817,1293.517876361091,1275.5191939231809,1288.15380859375,1139175.0
2024-07-08,1288.1537744297327,1299.0201022815174,1281.4363598865918,1290.9493408203125,807380.0
2024-07-09,1292.10524025156,1302.9715687246237,1270.5602165518826,1300.571044921875,1734640.0
2024-07-10,1298.9213100834113,1304.8385097321743,1280.8436441338567,1302.4874267578125,1287550.0
2024-07-11,1302.606060827278,1308.2960751628718,1291.0877189605887,1302.922119140625,1581340.0
2024-07-12,1302.0331231133196,1332.6069709124604,1296.9851136451937,1327.55908203125,2944400.0
2024-07-15,1333.594843502611,1360.2568522453876,1324.2201753237573,1342.43603515625,3023975.0
2024-07-16,1343.469472704041,1348.0404583026989,1318.9648511051007,1320.8330078125,1556420.0
2024-07-18,1320.8231201045155,1333.3139698790128,1309.7732049782917,1325.0960693359375,1928535.0
2024-07-19,1323.6054913983287,1335.2119352659145,1316.907977820108,1318.835693359375,900340.0
2024-07-22,1307.7063162446502,1347.4542285925118,1307.7063162446502,1345.645751953125,2061455.0
2024-07-23,1345.4669085431085,1368.123268374282,1334.933735439531,1364.34716796875,4330455.0
2024-07-24,1379.0340399035929,1379.0340399035929,1350.0876165022491,1355.4337158203125,3019385.0
2024-07-25,1350.4352962959697,1366.324514250295,1342.8931640359035,1362.001953125,1315525.0
2024-07-26,1369.1070123380148,1384.419809012618,1349.759622829289,1367.0599365234375,2051955.0
2024-07-29,1375.2777680713157,1380.862344907542,1338.5109491272126,1359.3885498046875,3271945.0
2024-07-30,1360.3822858607336,1369.5143107604645,1350.017964045903,1352.2537841796875,1458475.0
2024-07-31,1352.2041769767252,1357.2919050698092,1338.5109916176457,1341.5914306640625,1730870.0
2024-08-01,1350.5347393690663,1371.402394461565,1348.775874745966,1368.908203125,2320480.0
2024-08-02,1367.526924030056,1387.40088090479,1366.225242931284,1384.0521240234375,2209945.0
2024-08-05,1377.2850430214776,1383.426027491822,1350.2366180401589,1353.8238525390625,2186945.0
2024-08-06,1359.1600028490293,1374.343734310111,1350.494987165334,1352.899658203125,1227135.0
2024-08-07,1367.3281967463895,1378.2588727378215,1359.3786142071665,1376.539794921875,968865.0
2024-08-08,1376.2715246719415,1398.132877410413,1374.1748367608725,1378.914794921875,2705840.0
2024-08-09,1387.2021365046726,1396.1454167543443,1383.8931664806546,1393.85986328125,656255.0
2024-08-12,1393.949405968843,1397.1391371598354,1365.9966813953902,1368.6300048828125,1853275.0
2024-08-13,1371.7004524742804,1383.6744380535615,1361.6143956536828,1380.9219970703125,1217325.0
2024-08-14,1382.23369051337,1383.6248917446126,1349.9385108284782,1351.6376953125,1727965.0
2024-08-16,1357.5998916341807,1361.1574075457224,1343.1118207477027,1350.1571044921875,2565660.0
2024-08-19,1358.9711783359892,1376.072800436849,1354.9268815493467,1373.5587158203125,809235.0
2024-08-20,1377.2651373388553,1386.0493918407192,1371.3029505971288,1384.29052734375,747970.0
2024-08-21,1391.1570871134388,1412.5315374247275,1384.2906010526526,1403.5882568359375,1905585.0
2024-08-22,1403.5683147502891,1403.5683147502891,1375.9137484023706,1385.0260009765625,1683410.0
2024-08-23,1387.172271755575,1389.189507377096,1377.2750806051738,1382.13427734375,711440.0
2024-08-26,1376.2615326016164,1383.217417334459,1371.1439645736814,1379.908447265625,1018915.0
2024-08-27,1380.2462574608194,1392.4787357208245,1371.7104272410909,1383.8135986328125,2277085.0
2024-08-28,1383.813639102038,1400.7661824531635,1375.8740030756453,1391.037841796875,1632585.0
2024-08-29,1370.9651113102034,1395.1417345973448,1369.136620060697,1377.49365234375,1784160.0
2024-08-30,1378.8550884968745,1400.120246378437,1378.8550884968745,1397.407470703125,3415210.0
2024-09-02,1401.0542875106228,1406.072510170324,1357.391262233964,1365.7681884765625,2354285.0
2024-09-03,1371.303037362454,1374.0854398717086,1360.9685554293762,1362.1312255859375,1246805.0
2024-09-04,1360.928866053299,1360.928866053299,1344.870675064489,1348.8851318359375,2177470.0
2024-09-05,1350.9321754330344,1361.1275246883783,1328.7726657047212,1330.71044921875,2001265.0
2024-09-06,1331.3364459248996,1335.5497148242364,1322.2142468969491,1325.0264892578125,2074285.0
2024-09-09,1327.5703951174755,1334.7249711936,1312.217811691163,1322.790771484375,1466880.0
2024-09-10,1330.362646662932,1331.1178666856465,1314.294509767828,1321.697509765625,2328120.0
2024-09-11,1323.784453823988,1341.3629105479258,1310.8663817872734,1314.1654052734375,1833720.0
2024-09-12,1331.555083546255,1333.9796480112157,1307.766015875142,1328.345458984375,2663355.0
2024-09-13,1328.852250258773,1331.3663348564023,1321.021906582676,1323.74462890625,1197575.0
2024-09-16,1329.5477379780432,1329.5477379780432,1317.9414158213465,1321.041748046875,691625.0
2024-09-17,1319.650603805547,1324.7482784953595,1312.277322282162,1317.97119140625,911735.0
2024-09-18,1321.021877443511,1321.220568482789,1297.9680157401988,1305.28173828125,1239415.0
2024-09-19,1308.5013411885986,1314.165370256448,1288.329226871444,1292.31396484375,4661780.0
2024-09-20,1298.7232450179597,1311.273653153059,1288.965185940706,1301.97265625,2823650.0
2024-09-23,1311.6811791921066,1324.0030569538098,1307.7063877400092,1322.5025634765625,1326620.0
2024-09-24,1322.5025222211366,1329.5478058859192,1307.7461336757522,1321.6876220703125,1962100.0
2024-09-25,1322.860285232365,1333.0655817329855,1310.7967785727917,1329.85595703125,2388280.0
2024-09-26,1334.4964154957725,1342.8832883614136,1324.460091548617,1340.379150390625,2842130.0
2024-09-27,1333.741169791936,1345.9438081731946,1324.897356206171,1341.47216796875,2794555.0
2024-09-30,1342.485704388093,1349.6402799029224,1333.5424243440568,1341.8099365234375,1827470.0
2024-10-01,1341.8099592513136,1348.5273660800283,1327.1927034369571,1341.3131103515625,1738090.0
2024-10-03,1347.4542314485304,1350.4353248809389,1329.985067602979,1338.64013671875,2277090.0
2024-10-04,1334.1386156466012,1338.0935134042609,1313.8671566671264,1318.2891845703125,1742335.0
2024-10-07,1328.2858317557912,1333.949982356014,1307.9249722451411,1313.648681640625,2224190.0
2024-10-08,1313.6585697930657,1325.1953869134045,1306.712631743619,1322.8204345703125,1395550.0
2024-10-09,1330.760053863458,1342.4658431355565,1321.0417815052406,1324.5693359375,1680365.0
2024-10-10,1331.157543645827,1331.157543645827,1302.479439801105,1308.3223876953125,1582735.0
2024-10-11,1308.7000268864715,1316.5899293404098,1300.7603910212104,1311.5220947265625,1130225.0
2024-10-14,1318.8356667105743,1329.7563957876794,1311.681091097715,1323.5855712890625,1117595.0
2024-10-15,1328.3752369136523,1331.5351279161905,1312.7145502428775,1313.996337890625,1423265.0
2024-10-16,1319.630746641766,1340.6871458881703,1317.4546065717122,1333.721435546875,1849620.0
2024-10-17,1340.458525258642,1346.4604986964575,1321.7074529074334,1332.3599853515625,1819115.0
2024-10-18,1332.360052977583,1346.2618759914835,1324.0824723756202,1339.7232666015625,1143115.0
2024-10-21,1345.4668417627963,1345.4668417627963,1328.7826166294908,1331.038330078125,1175275.0
2024-10-22,1336.9210164369554,1342.4856997404468,1318.10031742181,1324.0823974609375,1904985.0
2024-10-23,1323.4762878405425,1329.1900502069764,1309.693704166941,1313.2510986328125,1548860.0
2024-10-24,1320.425664462993,1320.425664462993,1305.5598631233308,1308.242919921875,1587305.0
2024-10-25,1305.718994304122,1308.1038934397652,1281.8901389151656,1294.7286376953125,1285830.0
2024-10-28,1311.6811730068148,1317.5440146312137,1282.1186617212445,1303.2347412109375,829374.0
2024-10-29,1318.6370730818817,1326.9841594475,1255.5372583564108,1266.6666259765625,1443741.0
2024-10-30,1264.9772723698966,1264.9772723698966,1221.0558790688117,1241.97314453125,2065575.0
2024-10-31,1250.6680164431905,1275.560194647064,1240.1348441107828,1266.169677734375,1902206.0
2024-11-01,1271.9332028445988,1280.8764831771,1194.2260822537128,1251.6617431640625,540201.0
2024-11-04,1251.661762930723,1268.8527839173069,1242.6688703460686,1260.3070068359375,1771490.0
2024-11-05,1257.127142478333,1270.9395670370611,1233.4274727011357,1264.182373046875,1603920.0
2024-11-06,1265.9710361201946,1313.5691864637215,1243.7121804556823,1293.8939208984375,3908554.0
2024-11-07,1296.7258731230413,1300.7503976637145,1272.4797442639208,1279.23681640625,1479152.0
2024-11-08,1284.652539619152,1284.851230654925,1251.2145850329366,1275.5601806640625,1328199.0
2024-11-11,1275.9080015055242,1287.0871019860049,1254.1957283880804,1279.783447265625,1175591.0
2024-11-12,1279.7337065268125,1280.2802888453523,1250.3700088801468,1255.9346923828125,1110785.0
2024-11-13,1250.0718804907128,1257.077498770622,1230.4960815980253,1237.15380859375,995217.0
2024-11-14,1242.0229793410713,1245.1034184465395,1214.4974758414169,1218.9691162109375,1346891.0
2024-11-18,1198.4989109753928,1212.112643827902,1162.825135139902,1186.028076171875,3367815.0
2024-11-19,1185.4815397126647,1224.2357560150904,1178.7740791987833,1205.8026123046875,1509716.0
2024-11-21,1167.4955787398546,1199.0950962498766,1165.1106797407394,1187.816650390625,2121476.0
2024-11-22,1191.4436819049265,1215.491120542239,1186.0776894359794,1206.7962646484375,763755.0
2024-11-25,1226.173387449366,1239.1411926368985,1198.1511571948197,1201.6788330078125,3280431.0
2024-11-26,1201.3806068742151,1210.6716567862854,1195.6171112736918,1201.0328369140625,1190121.0
2024-11-27,1204.3617317971132,1207.939019611558,1190.499696028265,1192.3380126953125,1402977.0
2024-11-28,1201.430440721544,1202.2750596385238,1180.960167857287,1184.4381103515625,2819269.0
2024-11-29,1198.399533690004,1211.6653749146808,1191.095879200103,1194.722900390625,2535820.0
2024-12-02,1206.5975594330305,1217.5282352854192,1194.7229191865174,1214.05029296875,1826479.0
2024-12-03,1221.254599094975,1221.254599094975,1209.8768077784043,1216.782958984375,2237453.0
2024-12-04,1216.7829510495606,1221.3539366503878,1201.9768296308157,1207.889404296875,1435443.0
2024-12-05,1208.8831677617898,1241.6254633941169,1202.4737438496193,1232.0362548828125,3324867.0
2024-12-06,1238.1475252450998,1247.2398848632408,1228.558316700295,1245.7989501953125,1717216.0
2024-12-09,1246.7430192440515,1253.8479830604113,1235.4148396075973,1247.2398681640625,1269332.0
2024-12-10,1242.1222893889712,1245.6995773222106,1225.2294262532814,1232.5330810546875,2025890.0
2024-12-11,1232.483478053936,1235.5639170941895,1218.9690904046852,1230.7445068359375,1178864.0
2024-12-12,1236.955075108969,1242.320946210502,1218.6212778420577,1237.55126953125,1648944.0
2024-12-13,1232.4834402975032,1242.32095156001,1218.720628610154,1238.4952392578125,1258819.0
2024-12-16,1238.4952882569205,1266.1201369441912,1237.352511471831,1261.946533203125,1920945.0
2024-12-17,1261.002533571659,1262.9401958002447,1235.4148147068283,1239.787109375,2706166.0
2024-12-18,1244.0102846076304,1272.9268659677757,1241.6751190668745,1267.3621826171875,2823838.0
2024-12-19,1266.9647625103426,1322.9596122638334,1263.635898963164,1317.245849609375,7185903.0
2024-12-20,1317.6433377446958,1360.0741870536287,1309.097560568544,1335.18212890625,7499087.0
2024-12-23,1353.4164916098784,1358.384980932969,1321.9163178218876,1332.8966064453125,3740109.0
2024-12-24,1338.5109069447244,1356.39746694844,1327.7789224220958,1342.3863525390625,2587142.0
2024-12-26,1342.3864034241053,1351.6277203290645,1334.2877419663432,1346.609619140625,1531359.0
2024-12-27,1354.4598345017782,1389.437948533408,1337.0203895953516,1380.693359375,3656253.0
2024-12-30,1380.8424478032168,1383.2273467992782,1363.452736187565,1368.2225341796875,2462657.0
2024-12-31,1361.6641382829164,1386.2084253219807,1357.93777154818,1379.7493896484375,1892083.0
2025-01-01,1379.6996885157137,1380.2960042480224,1346.8083149611602,1360.372314453125,1658723.0
2025-01-02,1362.8068680424708,1379.202882569641,1361.4157880930925,1366.38427734375,1726305.0
2025-01-03,1366.384221402788,1369.4646603518784,1338.709640368841,1344.1253662109375,1573592.0
2025-01-06,1351.8265554862369,1352.720907795617,1325.3942174040292,1341.83984375,1539970.0
2025-01-07,1343.4794641352369,1364.396851945614,1339.007823906976,1343.0323486328125,1723188.0
2025-01-08,1360.8692058122836,1397.0398318187918,1349.441680535291,1362.111328125,3456684.0
2025-01-09,1371.303018730531,1374.2343788371252,1355.5031988197388,1362.9559326171875,1607980.0
2025-01-10,1357.4905961001425,1377.2652073928966,1344.0756752489128,1345.8643798828125,1582776.0
2025-01-13,1345.516559241349,1345.6159047614904,1321.8167695889788,1326.6859130859375,2822318.0
2025-01-14,1326.73570637271,1340.349318373553,1315.3081811176496,1329.12060546875,1370223.0
2025-01-15,1336.523596761905,1336.523596761905,1305.6692302642111,1328.772705078125,1940371.0
2025-01-16,1332.4493898412725,1338.510922095387,1288.826032633791,1294.539794921875,1195731.0
2025-01-17,1289.819769815333,1312.3766617994063,1279.8827916195291,1301.14794921875,1432206.0
2025-01-20,1300.1045209152826,1300.750448759665,1285.4972114549605,1294.142333984375,561642.0
2025-01-21,1294.1423207567505,1304.675493300159,1277.5476158224096,1280.0318603515625,738787.0
2025-01-22,1282.8638969458173,1299.7567600349566,1279.8828034594983,1288.080810546875,1301422.0
2025-01-23,1280.8765444464589,1295.7322789667649,1266.51765885728,1281.2740478515625,1448659.0
2025-01-24,1222.198543683112,1244.7555562116847,1195.9152857570848,1216.68359375,7082467.0
2025-01-27,1216.6835885195949,1226.5708329299214,1183.9909072321702,1190.1021728515625,2184847.0
2025-01-28,1190.1022103909463,1190.1022103909463,1157.3101825511644,1173.8055419921875,3142189.0
2025-01-29,1179.9168588648424,1184.9349602586974,1166.1044344016725,1173.755859375,3458251.0
2025-01-30,1180.5130100689355,1197.2071819640494,1176.5382187892424,1186.9720458984375,3290757.0
2025-01-31,1194.424741723039,1213.304999703686,1188.4625549923085,1209.677978515625,1505147.0
2025-02-01,1212.708906059826,1212.708906059826,1192.5367907576028,1197.356201171875,1067956.0
2025-02-03,1192.437349288005,1212.3113051094715,1189.2575648769705,1196.2630615234375,1407877.0
2025-02-04,1199.3932585405194,1225.2294016408125,1193.8781871660176,1212.2615966796875,2239920.0
2025-02-05,1219.2672604362133,1225.3287930534862,1208.187505162268,1219.8138427734375,1460238.0
2025-02-06,1227.1174741105904,1246.0970783969458,1222.4470215305732,1228.8564453125,2990483.0
2025-02-07,1232.1852602954507,1235.9116270100535,1218.2734912275987,1232.582763671875,1236992.0
2025-02-10,1231.8870822917506,1231.8870822917506,1203.4177380985664,1213.2552490234375,1565579.0
2025-02-11,1212.3113283223092,1215.1930762318004,1193.6794943829295,1202.1756591796875,1819297.0
2025-02-12,1210.3239746259203,1212.708873712971,1195.269428021234,1208.1875,1306601.0
2025-02-13,1209.230944762757,1235.166434534207,1209.230944762757,1215.888671875,4447231.0
2025-02-14,1215.7892393246989,1222.2482749238902,1178.7739968524104,1189.5059814453125,1211843.0
2025-02-17,1189.307179792459,1194.424747688763,1175.6935685430287,1191.3939208984375,613030.0
2025-02-18,1191.3939185618026,1197.356105310619,1174.5507895167966,1189.853759765625,1713796.0
2025-02-19,1158.6516424077415,1169.5325848687858,1120.3942768565423,1158.5025634765625,3062142.0
2025-02-20,1157.161132037352,1166.750340431654,1148.963124876074,1163.5704345703125,1579890.0
2025-02-21,1163.322052542958,1163.3717859570606,1138.03249017068,1144.541259765625,6828902.0
2025-02-24,1144.5411685462618,1166.5018655506665,1143.746161790039,1157.2108154296875,2017521.0
2025-02-25,1159.794500371741,1162.179399534627,1115.4258659428542,1121.040283203125,6463238.0
2025-02-27,1121.388025179963,1129.1885290523826,1107.9731041875575,1118.4566650390625,3435069.0
2025-02-28,1121.586688007147,1124.865939354288,1097.5889825431746,1109.463623046875,3895033.0
2025-03-03,1111.3019450940003,1123.1269735436906,1096.9430599557372,1112.5440673828125,1810605.0
2025-03-04,1104.097683958683,1117.0654897396903,1098.085884599316,1113.0906982421875,1074133.0
2025-03-05,1113.4384280239792,1121.8848596511134,1103.5511830514422,1119.30126953125,1260157.0
2025-03-06,1127.8470821168862,1138.479600802342,1111.6001462073866,1132.9149169921875,1648697.0
2025-03-07,1132.9148378986386,1137.982672420133,1122.8785143754826,1126.1080322265625,790599.0
2025-03-10,1127.7973017571169,1129.9835097600735,1108.3705819936204,1113.1402587890625,950503.0
2025-03-11,1109.9604408676946,1119.8476854418632,1103.6504841077426,1109.6126708984375,884438.0
2025-03-12,1109.562972292803,1109.6127057046854,1085.5651454472936,1098.1851806640625,1914579.0
2025-03-13,1098.185126222161,1103.252960641784,1088.1488029007512,1100.9674072265625,1299174.0
2025-03-17,1100.9178054298218,1146.8265947919351,1094.5581153157673,1143.447998046875,2714559.0
2025-03-18,1143.447998046875,1143.447998046875,1143.447998046875,1143.447998046875,0.0
2025-03-19,1166.6011847933776,1170.2778180308453,1150.8013659520752,1164.713134765625,1507415.0
2025-03-20,1171.5200104644855,1183.2456934019715,1157.9561320990858,1179.718017578125,1521677.0
2025-03-21,1182.6990599996634,1197.0580658319475,1169.6320311145355,1192.58642578125,2313824.0
2025-03-24,1197.4058385371816,1208.6842842084316,1182.7487961152535,1202.6724853515625,1660669.0
2025-03-25,1202.6725181471338,1208.2868137803716,1160.589318496489,1170.4766845703125,2860907.0
2025-03-26,1170.47672804305,1172.364778228362,1145.3858571961896,1157.260498046875,2864505.0
2025-03-27,1152.6895235686463,1165.0114013566508,1136.79035772632,1154.8756103515625,4460409.0
2025-03-28,1151.9442146009417,1151.9442146009417,1133.5608046633806,1136.989013671875,2762934.0
2025-04-01,1136.9890159412437,1157.0617850180583,1128.890475615012,1144.9385986328125,4158012.0
2025-04-02,1142.75244140625,1145.4353768787175,1127.846974779212,1142.75244140625,2071245.0
2025-04-03,1182.9973095657458,1219.1679361511833,1141.8085815372203,1144.193359375,6324685.0
2025-04-04,1144.541184309401,1150.1554798864215,1069.4175329487102,1102.954833984375,5423861.0
2025-04-07,1013.5718351625552,1091.9248885519291,1013.5718351625552,1081.0439453125,3888037.0
2025-04-08,1093.0675583931209,1106.6315573551988,1081.838724954683,1100.9674072265625,1577632.0
2025-04-09,1087.6022668669689,1096.2971228149688,1054.959317653821,1087.1551513671875,5511474.0
2025-04-11,1132.7161272983258,1132.7161272983258,1095.303381501688,1102.5076904296875,2740831.0
2025-04-15,1133.7098132124825,1150.801366383712,1121.8847854563303,1147.62158203125,2683350.0
2025-04-16,1142.951214255013,1154.0807029137986,1136.4921782542824,1151.099609375,1451875.0
2025-04-17,1142.851803474205,1166.203701528077,1142.851803474205,1156.2667236328125,2788024.0
2025-04-21,1156.0680886702778,1172.2652906446033,1147.7210025731808,1169.9798583984375,1938756.0
2025-04-22,1166.5019273311789,1173.0603088638632,1154.97505656146,1167.594970703125,1313400.0
2025-04-23,1177.6312824520603,1184.2891307410362,1168.489310871414,1178.525634765625,3192132.0
2025-04-24,1171.5697014874986,1202.3743331635906,1168.8867659586908,1192.9342041015625,4819678.0
2025-04-25,1196.3128223572835,1202.87120366851,1152.3913062043994,1167.396240234375,1286573.0
2025-04-28,1168.8867740684034,1197.405852491153,1168.8867740684034,1191.1455078125,1236678.0
2025-04-29,1196.809665074534,1196.809665074534,1161.6327383858818,1168.588623046875,1663018.0
2025-04-30,1168.7872969777584,1189.058756238947,1168.4892604201088,1176.4388427734375,1604442.0
2025-05-02,1168.6879799767655,1187.2702019617134,1164.01764875062,1170.4766845703125,910973.0
2025-05-05,1181.2085804319272,1186.375882009159,1147.2241626360433,1163.9183349609375,1893680.0
2025-05-06,1164.812598254048,1167.5950008189568,1122.2824020686528,1153.0870361328125,1990745.0
2025-05-07,1136.1941102809144,1157.260455519162,1136.1941102809144,1153.385009765625,1421366.0
2025-05-08,1145.4354681134846,1154.0807122263654,1134.8029495930425,1140.76513671875,2616533.0
2025-05-09,1135.2997811415255,1159.6453781988278,1131.3249897852315,1148.6153564453125,1248574.0
2025-05-12,1148.615309401488,1196.41214924311,1136.690935820992,1188.0650634765625,5065176.0
2025-05-13,1188.4626536737442,1233.179057867154,1188.4626536737442,1199.49267578125,3134295.0
2025-05-14,1205.6536741587715,1215.5906528585026,1185.6802499315045,1212.3114013671875,1197152.0
2025-05-15,1206.349157020746,1231.9866093723956,1192.6360785440954,1228.5086669921875,2053553.0
2025-05-16,1231.0922424882438,1231.0922424882438,1213.3050274085404,1222.94384765625,882873.0
2025-05-19,1220.5590650803051,1233.9739854772429,1206.5478289582577,1211.317626953125,2235758.0
2025-05-20,1214.2987765247672,1226.6206541637796,1208.932783857664,1216.48486328125,1385750.0
2025-05-21,1217.379192847146,1248.6806746354746,1212.410703674395,1216.981689453125,2615092.0
2025-05-22,1216.9816810927466,1222.0496370549406,1203.7655727646247,1214.4974365234375,2260610.0
2025-05-23,1220.260915101639,1227.1174542756844,1208.3365413384308,1222.34765625,734297.0
2025-05-26,1222.1490353372292,1240.0355970084108,1220.956525111878,1233.0797119140625,985434.0
2025-05-27,1236.060773576747,1241.128608325722,1229.5023920603671,1235.3651123046875,1145000.0
2025-05-28,1239.936222485435,1244.308395973117,1229.2042372132917,1234.7689208984375,766968.0
2025-05-29,1237.5513369415296,1245.5009198076375,1232.5828476502122,1240.3336181640625,1791885.0
2025-05-30,1240.3336037255372,1249.6743877446809,1233.179027749729,1243.314697265625,3161983.0
2025-06-02,1243.115921111874,1243.6127700012073,1224.7325122065424,1239.836669921875,1139977.0
2025-06-03,1242.1222210987326,1245.5008178003206,1232.9802500718451,1240.4329833984375,811620.0
2025-06-04,1240.4330879385143,1258.0214915511724,1238.4456922172644,1244.0103759765625,1387633.0
2025-06-05,1256.23278296515,1295.1858117608106,1256.23278296515,1282.4664306640625,3834672.0
2025-06-06,1286.9379878651366,1314.56283503976,1286.838642346005,1312.575439453125,2158757.0
2025-06-09,1319.034483420966,1320.6243756400918,1300.352916268486,1310.7867431640625,1227356.0
2025-06-10,1312.6748344023233,1354.0126399007422,1312.6748344023233,1340.2996826171875,3022355.0
2025-06-11,1341.4920396801251,1346.858032099046,1331.753752649454,1342.5850830078125,1094247.0
2025-06-12,1351.4290029469944,1371.0048010134,1335.0329893082992,1354.1119384765625,2625058.0
2025-06-13,1346.4605961510897,1358.186279383362,1336.5236175817088,1353.913330078125,1419556.0
2025-06-16,1351.230327358786,1351.230327358786,1333.7411489033973,1338.312255859375,1294663.0
2025-06-17,1339.8028560264122,1341.1939359718178,1294.390791624489,1310.48876953125,1649457.0
2025-06-18,1302.8372294450826,1316.450962797545,1300.5517971661782,1305.0234375,728945.0
2025-06-19,1296.7756757062768,1323.6055172726135,1296.0801357416258,1317.74267578125,1654212.0
2025-06-20,1324.0029840852253,1326.5865741266948,1309.8924024262726,1316.94775390625,1843895.0
2025-06-23,1310.5880581557142,1314.6621948925354,1293.893886525567,1309.5943603515625,843945.0
2025-06-24,1309.5944297012163,1345.1687401930817,1300.8498400412118,1328.8721923828125,1011128.0
2025-06-25,1339.8028679479628,1339.8028679479628,1327.5803357970924,1333.14501953125,833145.0
2025-06-26,1317.643270919055,1325.294695389663,1306.315091840999,1313.171630859375,2373431.0
2025-06-27,1320.5250976056,1323.2080332811731,1290.217313169574,1292.8009033203125,1770595.0
2025-06-30,1294.6889783955155,1296.7757196612051,1264.480538903359,1275.2125244140625,2224279.0
2025-07-01,1278.1935472057169,1286.7393241495074,1265.2754756182885,1268.75341796875,1851442.0
2025-07-02,1267.958439997564,1272.8275836590096,1255.735908082201,1262.791259765625,2027306.0
2025-07-03,1266.865319510017,1289.422210515989,1261.9961761450058,1283.1619873046875,1918977.0
2025-07-04,1294.7882278993122,1304.7252058570966,1279.0877542056126,1299.1605224609375,1466009.0
2025-07-07,1299.6573767772798,1305.122714676847,1289.9190898176507,1302.240966796875,569025.0
2025-07-08,1302.042343657083,1302.042343657083,1265.5735597175717,1275.7093505859375,1602620.0
2025-07-09,1271.93319694103,1277.597225938257,1258.915779888787,1261.4000244140625,1494337.0
2025-07-10,1262.9000244140625,1269.9000244140625,1252.0999755859375,1262.5999755859375,1246082.0
2025-07-11,1263.0,1272.0,1251.300048828125,1254.699951171875,895466.0
2025-07-14,1254.699951171875,1261.4000244140625,1245.300048828125,1250.5999755859375,1035555.0
2025-07-15,1254.800048828125,1264.5,1241.0,1260.9000244140625,1183659.0
2025-07-16,1260.9000244140625,1262.0,1250.0,1259.4000244140625,1159859.0
2025-07-17,1259.4000244140625,1274.800048828125,1255.5,1263.0999755859375,709420.0
2025-07-18,1265.0,1270.5999755859375,1251.0999755859375,1257.5,690731.0
2025-07-21,1250.199951171875,1262.4000244140625,1245.199951171875,1259.300048828125,1065189.0
2025-07-22,1261.0,1263.5999755859375,1236.0,1240.0,1304352.0
2025-07-23,1240.199951171875,1252.0999755859375,1231.0,1247.4000244140625,1088262.0
2025-07-24,1261.0999755859375,1287.9000244140625,1256.0999755859375,1265.5,3809212.0
2025-07-25,1266.0,1288.5,1261.199951171875,1277.9000244140625,1621138.0
2025-07-28,1280.0,1290.0,1271.5999755859375,1287.4000244140625,1553778.0
2025-07-29,1287.0,1302.0,1282.800048828125,1299.800048828125,1943466.0
2025-07-30,1298.0999755859375,1298.0999755859375,1277.699951171875,1292.0999755859375,1387013.0
2025-07-31,1274.5,1285.0,1257.0,1270.300048828125,1968821.0
2025-08-01,1258.0,1259.0,1213.699951171875,1220.5999755859375,2525210.0
2025-08-04,1225.0999755859375,1232.199951171875,1219.199951171875,1225.0,767310.0
2025-08-05,1225.0,1232.0,1205.0,1214.800048828125,956582.0
2025-08-06,1214.800048828125,1217.800048828125,1187.5,1196.699951171875,1701845.0
2025-08-07,1184.0,1210.0,1183.4000244140625,1200.800048828125,1246560.0
2025-08-08,1200.800048828125,1215.0,1195.4000244140625,1211.4000244140625,2389106.0
2025-08-11,1212.5,1237.0,1208.5999755859375,1219.5,1246374.0
2025-08-12,1210.0,1227.199951171875,1204.0999755859375,1220.300048828125,922461.0
2025-08-13,1220.300048828125,1255.5,1219.800048828125,1253.4000244140625,1192506.0
2025-08-14,1255.0999755859375,1266.0,1250.199951171875,1260.4000244140625,1603933.0
2025-08-18,1270.0,1270.5999755859375,1241.0999755859375,1262.699951171875,1648543.0
2025-08-19,1263.0,1263.800048828125,1241.9000244140625,1244.199951171875,1061816.0
2025-08-20,1244.0,1250.699951171875,1238.0,1245.4000244140625,685379.0
2025-08-21,1245.4000244140625,1281.800048828125,1240.300048828125,1276.5999755859375,2008295.0
2025-08-22,1274.0999755859375,1284.0999755859375,1265.5999755859375,1277.5999755859375,1229920.0
2025-08-25,1277.699951171875,1288.9000244140625,1275.300048828125,1283.9000244140625,967056.0
2025-08-26,1276.0,1279.5999755859375,1259.0,1263.199951171875,2798216.0
2025-08-28,1263.199951171875,1267.4000244140625,1248.5,1259.800048828125,1827890.0
2025-08-29,1259.0,1266.4000244140625,1240.800048828125,1260.0999755859375,2422956.0
2025-09-01,1260.0999755859375,1285.0,1260.0999755859375,1279.9000244140625,1273903.0
2025-09-02,1279.9000244140625,1283.4000244140625,1248.0,1253.699951171875,1632660.0
2025-09-03,1250.0,1265.9000244140625,1247.5999755859375,1262.199951171875,1294925.0
2025-09-04,1268.0,1274.699951171875,1249.0,1253.0,1230934.0
2025-09-05,1254.300048828125,1271.699951171875,1253.5999755859375,1268.0999755859375,769861.0
2025-09-08,1269.0,1277.0,1248.699951171875,1250.5999755859375,969297.0
2025-09-09,1257.5,1295.800048828125,1256.800048828125,1291.300048828125,1643726.0
2025-09-10,1294.4000244140625,1310.0,1293.699951171875,1304.199951171875,1232984.0
2025-09-11,1304.0,1311.0,1283.0,1303.0999755859375,1349391.0
2025-09-12,1303.0999755859375,1321.0,1302.800048828125,1316.699951171875,1042942.0
2025-09-15,1308.9000244140625,1311.800048828125,1292.5,1300.800048828125,1331182.0
2025-09-16,1300.0,1312.5,1296.4000244140625,1310.4000244140625,1034369.0
2025-09-17,1317.0,1318.199951171875,1305.199951171875,1311.4000244140625,716840.0
2025-09-18,1312.0999755859375,1325.800048828125,1305.699951171875,1322.699951171875,822010.0
2025-09-19,1324.699951171875,1326.800048828125,1312.0,1321.699951171875,1409571.0
2025-09-22,1320.9000244140625,1320.9000244140625,1293.5,1301.4000244140625,1399531.0
2025-09-23,1300.0,1311.9000244140625,1295.199951171875,1308.4000244140625,1271238.0
2025-09-24,1303.300048828125,1308.300048828125,1294.4000244140625,1298.0999755859375,750456.0
2025-09-25,1298.300048828125,1307.300048828125,1268.0,1275.199951171875,1241492.0
2025-09-26,1250.0,1278.5,1246.199951171875,1253.0999755859375,2284377.0
2025-09-29,1265.0,1270.0,1231.0,1234.5999755859375,3899164.0
2025-09-30,1235.0999755859375,1240.300048828125,1217.5,1223.699951171875,2635047.0
2025-10-01,1227.9000244140625,1250.699951171875,1226.0,1244.699951171875,4083180.0
2025-10-03,1243.9000244140625,1265.4000244140625,1240.0,1248.0999755859375,2742600.0
2025-10-06,1248.199951171875,1251.300048828125,1234.199951171875,1248.5999755859375,1880910.0
2025-10-07,1250.300048828125,1256.0999755859375,1244.4000244140625,1248.5,1380941.0
2025-10-08,1248.300048828125,1251.0,1231.4000244140625,1234.5,1496744.0
2025-10-09,1245.0,1264.9000244140625,1240.300048828125,1246.0999755859375,2699135.0
2025-10-10,1249.5999755859375,1267.699951171875,1244.699951171875,1264.4000244140625,1680920.0
2025-10-13,1257.0,1265.0999755859375,1248.300048828125,1262.4000244140625,1188201.0
2025-10-14,1262.4000244140625,1262.4000244140625,1232.300048828125,1237.300048828125,1944911.0
2025-10-15,1233.0,1242.300048828125,1231.0,1232.4000244140625,2150067.0
2025-10-16,1235.9000244140625,1242.5999755859375,1230.300048828125,1240.199951171875,1308931.0
2025-10-17,1245.0,1262.0,1238.0999755859375,1255.9000244140625,1473018.0
2025-10-20,1264.800048828125,1287.699951171875,1259.800048828125,1282.0,1368192.0
2025-10-21,1288.0,1294.0,1283.0999755859375,1288.699951171875,226788.0
2025-10-23,1303.5999755859375,1303.5999755859375,1271.5999755859375,1279.4000244140625,1991213.0
2025-10-24,1280.0,1288.0,1265.5,1283.5999755859375,1167634.0
2025-10-27,1283.0,1293.4000244140625,1264.5999755859375,1284.300048828125,1927956.0
2025-10-28,1283.9000244140625,1294.9000244140625,1275.300048828125,1289.4000244140625,1828290.0
2025-10-29,1299.0,1301.5,1235.0,1250.9000244140625,2574921.0
2025-10-30,1196.0,1207.199951171875,1180.9000244140625,1202.199951171875,8883497.0
2025-10-31,1202.5,1205.5,1191.0,1197.5999755859375,4250157.0
2025-11-03,1196.9000244140625,1200.800048828125,1187.9000244140625,1196.0,1547000.0
2025-11-04,1198.0,1204.300048828125,1193.300048828125,1200.0,1015516.0
2025-11-05,1200.0,1200.0,1200.0,1200.0,0.0
2025-11-06,1202.0,1213.9000244140625,1193.199951171875,1205.199951171875,1560897.0
2025-11-07,1208.0,1211.9000244140625,1198.0,1205.4000244140625,1076140.0
2025-11-10,1199.4000244140625,1209.5,1195.0,1198.699951171875,3483082.0
2025-11-11,1203.5999755859375,1214.800048828125,1198.5999755859375,1211.5,1048552.0
2025-11-12,1220.0999755859375,1235.0,1215.0,1229.5999755859375,1222295.0
2025-11-13,1235.800048828125,1242.4000244140625,1227.300048828125,1234.9000244140625,1426984.0
2025-11-14,1235.199951171875,1249.0,1231.800048828125,1246.0,827643.0
2025-11-17,1253.0,1253.0,1240.5,1244.4000244140625,1423044.0
2025-11-18,1244.5,1247.0,1232.699951171875,1243.800048828125,971685.0
2025-11-19,1248.699951171875,1252.699951171875,1237.0,1250.199951171875,830105.0
2025-11-20,1255.0,1255.0,1237.699951171875,1248.5999755859375,854999.0
2025-11-21,1244.800048828125,1250.699951171875,1237.0999755859375,1243.9000244140625,941902.0
2025-11-24,1248.0,1262.4000244140625,1219.0,1226.199951171875,7611988.0
2025-11-25,1236.300048828125,1251.199951171875,1230.300048828125,1236.0999755859375,1983817.0
2025-11-26,1236.0999755859375,1251.0,1234.5999755859375,1248.0,809816.0
2025-11-27,1248.0,1256.0,1241.0,1249.300048828125,1060956.0
2025-11-28,1250.0,1260.300048828125,1245.0,1258.800048828125,809748.0
2025-12-01,1263.9000244140625,1268.800048828125,1248.4000244140625,1260.0999755859375,1457856.0
2025-12-02,1260.5,1278.300048828125,1260.5,1275.199951171875,2361183.0
2025-12-03,1283.5999755859375,1293.0,1269.199951171875,1280.699951171875,4969448.0
2025-12-04,1280.5999755859375,1284.199951171875,1266.5,1277.5999755859375,1971130.0
2025-12-05,1277.5999755859375,1282.800048828125,1271.5999755859375,1275.199951171875,1036082.0
2025-12-08,1275.0,1279.0,1263.699951171875,1266.5,1435892.0
2025-12-09,1266.5,1267.4000244140625,1241.300048828125,1246.199951171875,2118272.0
2025-12-10,1249.300048828125,1262.0999755859375,1246.800048828125,1250.800048828125,1669910.0
2025-12-11,1250.800048828125,1275.9000244140625,1248.0,1273.5,1717539.0
2025-12-12,1275.0,1280.4000244140625,1267.300048828125,1279.300048828125,981548.0
2025-12-15,1274.9000244140625,1282.800048828125,1264.0999755859375,1280.5999755859375,1078613.0
2025-12-16,1285.9000244140625,1285.9000244140625,1272.0,1276.9000244140625,928506.0
2025-12-17,1270.0,1281.0,1267.300048828125,1272.0,894060.0
2025-12-18,1277.0,1283.9000244140625,1262.0,1280.0,889699.0
2025-12-19,1277.0,1292.9000244140625,1268.9000244140625,1278.199951171875,1209451.0
2025-12-22,1278.199951171875,1285.800048828125,1276.699951171875,1280.9000244140625,111542.0
2025-12-23,1288.5999755859375,1288.5999755859375,1277.800048828125,1283.5,408490.0
2025-12-24,1281.0999755859375,1285.0999755859375,1252.4000244140625,1265.800048828125,1265207.0
2025-12-26,1265.0,1275.0,1261.0999755859375,1269.300048828125,594066.0
2025-12-29,1269.300048828125,1275.9000244140625,1260.0,1268.5999755859375,811474.0
2025-12-30,1268.0,1272.9000244140625,1256.4000244140625,1265.800048828125,1123996.0
2025-12-31,1270.0,1273.9000244140625,1260.0,1271.4000244140625,658003.0
2026-01-01,1270.0,1270.0,1248.0,1253.4000244140625,553856.0
2026-01-02,1249.0,1257.5999755859375,1236.0,1256.0999755859375,1591014.0
2026-01-05,1256.0,1262.300048828125,1245.0,1250.0,1184276.0
2026-01-06,1250.0,1258.800048828125,1245.5,1256.199951171875,540944.0
2026-01-07,1252.5999755859375,1265.0,1240.0,1242.800048828125,1215293.0
2026-01-08,1241.5999755859375,1241.5999755859375,1202.199951171875,1206.9000244140625,2000942.0
2026-01-09,1207.0,1216.4000244140625,1203.5999755859375,1210.0999755859375,1390910.0
2026-01-12,1210.0,1218.699951171875,1199.9000244140625,1215.5,707290.0
2026-01-13,1215.5999755859375,1215.9000244140625,1185.5,1191.300048828125,2071117.0
2026-01-14,1191.0999755859375,1195.0,1176.0999755859375,1186.5,2834803.0
2026-01-16,1184.0,1197.0,1171.5,1175.5,2214719.0
2026-01-19,1170.0,1177.5,1164.699951171875,1167.199951171875,1253426.0
2026-01-20,1168.4000244140625,1192.800048828125,1161.4000244140625,1166.699951171875,2790934.0
2026-01-21,1170.0,1193.800048828125,1148.4000244140625,1157.199951171875,2321855.0
2026-01-22,1195.0,1225.0,1187.699951171875,1217.5,6464461.0
2026-01-23,1230.0,1250.800048828125,1225.0,1238.4000244140625,3888860.0
2026-01-27,1251.0,1252.300048828125,1233.5,1239.800048828125,2158476.0
2026-01-28,1241.9000244140625,1243.199951171875,1219.0,1222.5,1740662.0
2026-01-29,1215.300048828125,1218.0,1191.199951171875,1208.9000244140625,1626297.0
2026-02-02,1200.0,1195.0,1167.0999755859375,1182.5,1207609.0
2026-02-03,1265.0,1265.9000244140625,1218.0999755859375,1235.4000244140625,1521425.0
2026-02-04,1235.5,1248.300048828125,1230.0999755859375,1240.199951171875,947549.0
2026-02-05,1242.0,1253.5999755859375,1237.0,1244.9000244140625,953241.0
2026-02-06,1244.9000244140625,1248.9000244140625,1225.0,1241.199951171875,1324646.0
2026-02-09,1260.0,1278.800048828125,1243.5,1275.5,2111170.0
2026-02-10,462.7000122070313,462.7000122070313,453.0,455.7000122070313,41499.0
2026-02-11,459.0,460.0,446.25,457.7999877929688,110082.0
2026-02-12,1268.9000244140625,1277.5999755859375,1261.5,1274.9000244140625,981247.0
2026-02-13,1274.0,1279.300048828125,1263.5999755859375,1268.0999755859375,838946.0
2026-02-16,1257.0999755859375,1275.199951171875,1257.0999755859375,1269.4000244140625,469541.0
2026-02-17,1266.0,1286.800048828125,1258.199951171875,1284.800048828125,687326.0
2026-02-18,1289.0,1291.5,1276.5999755859375,1280.300048828125,689990.0
2026-02-19,1290.0,1295.699951171875,1276.5,1282.300048828125,1333838.0
2026-02-20,1281.9000244140625,1292.4000244140625,1275.0,1280.4000244140625,1753069.0
2026-02-23,1290.0,1313.5,1282.0999755859375,1307.4000244140625,1849756.0
2026-02-24,1307.5,1315.0,1297.0999755859375,1300.199951171875,1802879.0
2026-02-25,1281.0,1324.0,1266.9000244140625,1306.5,2296240.0
2026-02-26,1311.199951171875,1327.0,1305.0,1319.300048828125,1511596.0
2026-02-27,1313.800048828125,1317.199951171875,1278.199951171875,1286.300048828125,3510396.0
2026-03-02,1252.5999755859375,1300.0,1221.199951171875,1294.4000244140625,1052141.0
2026-03-04,1274.4000244140625,1299.199951171875,1272.0999755859375,1291.199951171875,1890873.0
2026-03-05,1292.5,1322.0999755859375,1292.5,1313.5,1060509.0
2026-03-06,1313.5,1316.4000244140625,1290.800048828125,1303.800048828125,963692.0
2026-03-09,1285.5,1294.9000244140625,1273.5999755859375,1287.0,1597635.0
2026-03-10,1288.0,1329.5999755859375,1288.0,1314.5999755859375,2329349.0
2026-03-11,1311.0999755859375,1336.0,1311.0999755859375,1325.5,2453608.0
2026-03-12,1321.0,1337.300048828125,1303.5999755859375,1319.0,1969692.0
2026-03-13,1310.0,1319.9000244140625,1280.9000244140625,1292.300048828125,1574444.0
2026-03-16,1292.0999755859375,1297.0,1264.0,1276.9000244140625,1294946.0
2026-03-17,1279.9000244140625,1291.4000244140625,1265.0,1283.800048828125,1003677.0
2026-03-18,1283.800048828125,1299.300048828125,1280.0999755859375,1294.800048828125,849844.0
2026-03-19,1278.699951171875,1286.4000244140625,1266.699951171875,1274.5,1035491.0
2026-03-20,1289.0,1307.5,1288.199951171875,1298.9000244140625,3359525.0
2026-03-23,1293.0,1293.0,1244.199951171875,1253.300048828125,2112243.0
2026-03-24,1267.199951171875,1279.800048828125,1248.4000244140625,1259.5999755859375,3166135.0
2026-03-25,1268.9000244140625,1309.0,1260.0999755859375,1300.699951171875,1577006.0
2026-03-27,1297.0,1302.9000244140625,1278.199951171875,1281.699951171875,2165092.0
2026-03-30,1265.0,1276.199951171875,1251.0999755859375,1254.9000244140625,1990568.0
2026-04-01,1280.0,1284.800048828125,1206.0999755859375,1209.5999755859375,2240093.0
2026-04-02,1187.5,1222.5999755859375,1167.5,1217.300048828125,3560727.0
2026-04-06,1220.0999755859375,1223.199951171875,1196.300048828125,1217.800048828125,1099287.0
2026-04-07,1208.0,1211.0,1179.0,1196.0999755859375,2330512.0
2026-04-08,1210.0,1219.9000244140625,1185.4000244140625,1191.4000244140625,2062977.0
2026-04-09,1189.0,1214.699951171875,1189.0,1211.9000244140625,2746602.0
2026-04-10,1212.800048828125,1236.800048828125,1208.800048828125,1232.199951171875,1931417.0
2026-04-13,1218.0,1239.0999755859375,1204.0,1235.9000244140625,1463102.0
2026-04-15,1220.0,1222.0,1195.4000244140625,1217.800048828125,4693019.0
2026-04-16,1222.0,1227.5999755859375,1214.0999755859375,1221.4000244140625,2014236.0
2026-04-17,1215.199951171875,1242.0,1212.4000244140625,1235.699951171875,2564033.0
2026-04-20,1235.0,1243.0,1223.0,1232.5999755859375,1605279.0
2026-04-21,1232.5999755859375,1234.9000244140625,1218.4000244140625,1220.5999755859375,1230733.0
2026-04-22,1214.0999755859375,1226.0,1208.0999755859375,1217.0,1573110.0
2026-04-23,1230.0,1357.0,1217.5,1331.0,16407707.0
2026-04-24,1293.0,1348.800048828125,1293.0,1317.0999755859375,5638206.0
2026-04-27,1320.4000244140625,1350.0,1309.0,1334.5,1940316.0
2026-04-28,1342.4000244140625,1367.9000244140625,1327.4000244140625,1354.5999755859375,2336136.0
2026-04-29,1367.0,1375.9000244140625,1321.5,1329.800048828125,4545667.0
2026-04-30,1327.0,1340.300048828125,1313.5999755859375,1322.9000244140625,1226962.0
2026-05-04,1320.0,1320.0,1280.5999755859375,1287.199951171875,2285134.0
2026-05-05,1287.5999755859375,1292.4000244140625,1268.5,1271.199951171875,986348.0
2026-05-06,1282.0,1328.5999755859375,1277.0999755859375,1311.0,3339863.0
2026-05-07,1309.0999755859375,1315.699951171875,1297.300048828125,1307.5999755859375,2530076.0
2026-05-08,1303.5,1310.199951171875,1290.0,1293.9000244140625,964903.0
2026-05-11,1288.0,1299.9000244140625,1272.5,1279.9000244140625,1506602.0
2026-05-12,1278.9000244140625,1288.300048828125,1264.5,1270.0,1945343.0
2026-05-13,1245.5999755859375,1303.800048828125,1230.0,1265.300048828125,9275769.0
2026-05-14,1265.300048828125,1307.699951171875,1255.0,1303.5999755859375,2362905.0
2026-05-15,1303.5999755859375,1344.9000244140625,1303.5999755859375,1336.699951171875,3982206.0
2026-05-18,1336.5,1341.9000244140625,1322.0,1331.199951171875,1926790.0
2026-05-19,1332.0,1345.0,1318.9000244140625,1335.199951171875,2488009.0
2026-05-20,1323.5999755859375,1336.0,1319.5999755859375,1321.9000244140625,1277026.0
2026-05-21,1325.0,1331.5999755859375,1314.199951171875,1318.5,2183049.0
2026-05-22,1319.0,1329.5999755859375,1305.0999755859375,1307.199951171875,2002376.0
2026-05-25,1320.0,1340.5,1298.699951171875,1331.4000244140625,4659734.0
2026-05-26,1333.0,1341.0,1321.5999755859375,1327.9000244140625,1908989.0
2026-05-27,1329.5999755859375,1346.800048828125,1316.699951171875,1320.0,959182.0
2026-05-29,1318.800048828125,1328.5999755859375,1297.5,1303.5,5424347.0
2026-06-01,1310.0999755859375,1319.5999755859375,1284.800048828125,1290.4000244140625,1379008.0
2026-06-02,1280.199951171875,1284.699951171875,1264.0999755859375,1274.0,2021689.0
2026-06-03,1269.5,1275.199951171875,1256.9000244140625,1263.300048828125,1226381.0
2026-06-04,1257.300048828125,1274.9000244140625,1248.4000244140625,1267.5,944045.0
2026-06-05,1273.0,1289.4000244140625,1268.5,1278.199951171875,774686.0
2026-06-08,1270.0,1293.699951171875,1270.0,1275.5999755859375,862960.0
2026-06-09,1277.0,1287.5999755859375,1261.4000244140625,1268.5,871884.0
2026-06-10,1268.5999755859375,1283.699951171875,1266.699951171875,1271.699951171875,1172135.0
2026-06-11,1271.0999755859375,1285.699951171875,1266.4000244140625,1276.0,1057772.0
2026-06-12,1291.0,1291.0,1266.0,1275.4000244140625,1644584.0
2026-06-15,1296.199951171875,1296.199951171875,1275.300048828125,1279.5,1178557.0
2026-06-16,1279.0,1286.0,1269.0999755859375,1276.9000244140625,430887.0
2026-06-17,1276.0,1277.4000244140625,1260.9000244140625,1269.0,683464.0
