,Open,High,Low,Close,Volume
2006-04-25,22.36640349755405,31.972185928680904,22.36640349755405,24.285205841064453,61816228
2006-04-26,24.83848405807694,27.781432406190323,24.3676123223788,26.345273971557617,19373148
2006-04-27,26.83969240225488,29.900359079705,26.60425650398949,29.20582389831543,20463056
2006-04-28,27.310562980650225,28.676091848176046,24.85025867200737,27.73434829711914,5959628
2006-05-02,30.488947496877906,31.548408992908413,29.55897645774444,29.688465118408203,4608524
2006-05-03,29.78263808328996,29.99453072929517,27.96978257062644,28.22876167297364,2740424
2006-05-04,28.07572954821121,28.793809722654576,26.545396281432403,27.510683059692383,3234240
2006-05-05,27.545998962826573,30.06516225204475,27.42828101854099,28.79380989074707,6009440
2006-05-08,29.19404987844431,29.57074693698404,28.687862364047213,28.97038650512696,1815060
2006-05-09,28.84089626226723,29.288224808438844,27.42828093513577,28.12281608581543,907364
2006-05-10,28.4288834829168,28.464199225372045,27.310563014644707,27.451824188232425,679852
2006-05-11,27.734345472327256,28.53482597220865,26.721970539559944,27.81674766540528,1282028
2006-05-12,27.35764769983873,27.78143298935607,27.039809630817302,27.169300079345703,644496
2006-05-15,27.357654692587687,27.663722123941767,24.96798140993195,25.521255493164062,593580
2006-05-16,25.89794493717109,25.89794493717109,23.308150443453982,24.508872985839844,542504
2006-05-17,24.67368319181729,26.557170403521404,24.67368319181729,26.121612548828125,852884
2006-05-18,25.662512109377737,25.662512109377737,22.61361804056425,23.08448982238769,713564
2006-05-19,22.366408641416665,24.07331877457741,20.71835747836491,21.153913497924805,543540
2006-05-22,21.212774856298573,22.10743202117454,17.01024427661648,18.128564834594727,424252
2006-05-23,18.305142633821937,20.6712743294203,16.480514268392742,20.16508674621582,379968
2006-05-24,20.90670661926958,21.518839540901528,18.917272378674262,19.70598220825196,370456
2006-05-25,19.070305527140903,20.24748488066812,16.83366475543919,19.8354721069336,281860
2006-05-26,19.776613334478032,20.930249471569216,19.776613334478032,20.6712703704834,250804
2006-05-29,20.753671931101767,21.424663789436394,20.36520239325548,20.57709503173828,105988
2006-05-30,21.14214172931554,22.79019281033732,20.600638512772274,21.80136108398437,611220
2006-05-31,21.42466439324332,21.42466439324332,19.30574154116432,20.22394180297852,333520
2006-06-01,20.812533384082588,22.53121433214918,19.199797869798413,19.6118106842041,212120
2006-06-02,20.106226125362653,20.106226125362653,18.010846265900145,18.92904663085937,239024
2006-06-05,18.893730511575527,19.6353539376317,17.893127961118257,18.046161651611328,201224
2006-06-06,17.06910070282492,17.657690382232673,16.515826763428258,16.974925994873047,167460
2006-06-07,16.12736015601568,17.2574532650036,13.773001009152075,14.043752670288086,431644
2006-06-08,12.30152669942604,14.361590979234228,11.783567500879489,12.478103637695312,403988
2006-06-09,12.24266471125028,13.890715730072433,12.24266471125028,12.96074390411377,445380
2006-06-12,14.126155415907096,15.044355877187767,11.842426777378762,12.219124794006348,245524
2006-06-13,11.795338193779653,12.242666761624127,11.30092316457612,11.501043319702148,223612
2006-06-14,11.724707445341362,12.336841314028796,10.947769167888724,11.171433448791504,329444
2006-06-15,11.889512522943289,13.066691980660446,11.430412354810269,12.631135940551758,404616
2006-06-16,13.184409649919443,15.162071456654012,12.77239684835946,15.126755714416504,564496
2006-06-19,15.774204254645468,17.999072643710374,13.655281295066226,17.56351661682129,1137428
2006-06-20,17.186819473902382,18.06970403591792,16.45696859521619,16.951383590698242,693272
2006-06-21,17.186817924576285,19.18802275141051,17.186817924576285,18.39931297302246,1088128
2006-06-22,18.81132828554067,20.05913744571505,18.81132828554067,19.6118106842041,814160
2006-06-23,19.023221864745604,19.63535485921496,18.83487242203192,19.082080841064453,409760
2006-06-26,19.07030466681915,19.63535109026781,17.434026157727278,17.504655838012695,253804
2006-06-27,17.50465729028364,18.12856273051556,16.068498783866062,16.904296875,257428
2006-06-28,16.974927690272096,17.422256250546305,16.127358826519213,16.64531707763672,173948
2006-06-29,16.97492251787437,17.280989806967444,16.668857025014077,16.739486694335938,112360
2006-06-30,17.186814908076506,18.363994011369417,16.963151596943955,17.19858741760254,147648
2006-07-03,17.11618772966881,17.62237523009218,16.786578935191457,16.904296875,61868
2006-07-04,17.045560024517258,17.233907672360306,16.2450775815424,16.621774673461914,80716
2006-07-05,16.17444469051468,16.880752350296685,16.17444469051468,16.610002517700195,53348
2006-07-06,16.539372635671025,16.692406336030682,16.18621877156417,16.339252471923828,70808
2006-07-07,16.904295991320396,16.904295991320396,15.550539754290366,15.891921043395996,73144
2006-07-10,15.538767948208658,16.433425003113953,15.067896192202335,15.256245613098145,64928
2006-07-11,15.303332759103316,15.856606738070392,15.03258112796483,15.150299072265623,55060
2006-07-12,14.644112720610972,15.032581405095153,14.361589469457334,14.89132022857666,39716
2006-07-13,14.443990100195515,15.715344142913818,14.432218486453348,15.30333137512207,114052
2006-07-14,14.832459665459702,15.256244945823228,14.832459665459702,15.079668045043944,66068
2006-07-17,15.421046239129938,16.598225341353597,14.938402986841512,15.986092567443848,338756
2006-07-18,16.50405300476081,17.52819861032779,15.60939783737611,17.292762756347656,787264
2006-07-19,17.657689280553697,18.199192470317225,15.656484495424278,15.939006805419922,402376
2006-07-20,16.480512401714545,16.71594829316761,16.056727078605707,16.150901794433594,128280
2006-07-21,16.068499732563513,16.08027224573271,15.303333078631915,15.421051025390623,74684
2006-07-24,14.714742813757535,15.70357281234874,14.714742813757535,15.550540924072266,74332
2006-07-25,15.833062606078247,16.57468597215234,15.574083502623232,16.35102081298828,132916
2006-07-26,16.59822976589203,17.36339638630549,16.256848453739316,16.951383590698242,221252
2006-07-27,17.304538466910007,18.340456775196188,17.186820518155518,17.645919799804688,855812
2006-07-28,17.822496063728952,17.89312754886251,16.527598675324427,16.7159481048584,314176
2006-07-31,17.445799480827404,17.445799480827404,16.00964087888039,16.64531707763672,107960
2006-08-01,16.127359280869378,17.398713510432763,15.727118966114878,16.633546829223633,194604
2006-08-02,17.398712096226912,17.610604749969934,16.127357970002002,16.50405502319336,280372
2006-08-03,16.5982301405255,17.045558687956532,16.127358363489318,16.268619537353516,171576
2006-08-04,16.245076307748363,16.692404855179394,16.162674106013686,16.268619537353516,89548
2006-08-07,16.174444419516654,17.7518659110072,15.785976650131824,17.175046920776367,648248
2006-08-08,17.63414688362243,17.63414688362243,16.786578117531903,16.927839279174805,174576
2006-08-09,16.927836466546793,17.516426039123296,16.68062812757153,17.010238647460938,202956
2006-08-10,16.95138600498339,18.18742456784676,16.880754511469227,17.716552734375,840092
2006-08-11,17.893127516984382,19.18802490308193,17.893127516984382,18.505260467529297,931180
2006-08-14,18.622977554226427,19.04676285229305,17.916669921604186,18.14033508300781,289608
2006-08-16,18.69360802303911,18.728923762003223,17.66946237047846,17.775407791137695,387492
2006-08-17,18.10501942445219,18.10501942445219,17.24567810827447,17.35162353515625,152748
2006-08-18,17.37516856000394,17.869583545840936,17.21036236723614,17.35162353515625,189848
2006-08-21,17.42225909505608,17.987305695223544,17.35162759644754,17.45757484436035,109436
2006-08-22,18.12856075647034,18.12856075647034,17.1868173405498,17.292762756347656,104984
2006-08-23,17.29276140204878,17.65768766563165,16.763030772079826,17.222131729125977,126564
2006-08-24,17.069097873289074,17.15150005549976,16.71594412418654,17.05732536315918,117112
2006-08-25,17.1632716852572,18.08147174507222,16.951379087417923,17.19858741760254,437152
2006-08-28,17.422257298406148,18.670068336920504,17.328082575384293,18.458175659179688,860520
2006-08-29,18.599437963098005,19.352832200071845,18.26982731083437,18.64652442932129,976516
2006-08-30,18.799561923153203,20.89494242408264,18.140342282161924,20.20040702819824,3741668
2006-08-31,20.412293626404228,21.954399627009284,20.365207160711023,20.82430648803711,8510896
2006-09-01,21.071509629401607,21.071509629401607,20.035591478318487,20.30634307861328,2489184
2006-09-04,20.659502388383345,21.38935339556385,20.412293949003285,20.647729873657227,1625736
2006-09-05,20.80076211035011,20.80076211035011,19.776616269905272,20.02382469177246,591848
2006-09-06,20.035591218710923,20.541778674227903,19.87078683609285,19.97673225402832,508320
2006-09-07,19.753068637051484,21.142140543843368,19.65889393559842,20.43583297729492,1608952
2006-09-08,20.459380831447465,22.36641133324596,20.459380831447465,21.8602237701416,4464468
2006-09-11,22.130981271704425,22.66071220639948,19.84725307173488,20.20040702819824,2246040
2006-09-12,20.24748503097721,20.43583444743305,19.423459477390924,20.22394180297852,767960
2006-09-13,20.69591295851349,22.10002676839424,20.3655349330594,21.392070770263672,1710528
2006-09-14,21.757846363893787,23.29175098478766,21.687051846261472,22.51300048828125,6065864
2006-09-15,22.51299926384831,22.51299926384831,21.521859867075392,21.63985252380371,1009932
2006-09-18,21.8050432885099,22.159021258127183,21.22687819121329,21.33307266235352,443092
2006-09-19,21.5100641417376,21.923038487518088,20.31833745231521,20.731311798095703,804908
2006-09-20,20.530726232017702,21.356674988478183,20.41273355252336,20.849306106567383,599096
2006-09-21,21.19148551062443,21.474667215271044,20.436331297524514,20.566123962402344,493508
2006-09-22,20.389132542871582,20.74311053215608,20.294738052310688,20.436328887939453,310620
2006-09-25,20.188548791771304,20.48353049942181,19.68117989452733,19.787372589111328,184756
2006-09-26,20.058751124280267,21.06168868049428,16.77855499210708,20.684112548828125,666600
2006-09-27,20.813905589615604,21.12068724178933,20.08235141953811,20.20034408569336,401088
2006-09-28,20.070548679855083,20.412726613906724,19.869959752557783,20.0351505279541,159768
2006-09-29,20.058755595781648,20.743113499722813,19.88176657581887,20.17674827575684,254896
2006-10-03,20.0823511575841,20.955497955998737,20.058752984745908,20.318336486816406,283240
2006-10-04,20.518921350726146,20.625115817201987,19.91715990906296,19.97615623474121,161488
2006-10-05,20.247541168778422,20.74310998051249,20.23574118261269,20.36553382873535,195644
2006-10-06,20.53072206307858,21.15608349749874,20.29473675200872,20.71951103210449,540632
2006-10-09,20.530722270727537,22.65459009183728,20.530722270727537,21.63985252380371,3309392
2006-10-10,21.94663771103624,22.27701756354551,21.23868165584152,21.29767799377441,908820
2006-10-11,22.135423622878108,22.135423622878108,20.802106211617176,21.097087860107425,498464
2006-10-12,21.38026406188184,21.816836430060032,21.0026880083338,21.285869598388672,423944
2006-10-13,21.47466106016937,21.59265370335712,20.76670520104292,20.990890502929688,250544
2006-10-16,21.238680224907203,21.356672892823354,20.53072421741029,20.60152053833008,198608
2006-10-17,20.436324861366632,20.754904628867813,20.23573773371217,20.341930389404297,199536
2006-10-18,20.3065382867046,20.412730964616344,19.64577864513653,20.01155662536621,219804
2006-10-19,20.27114241518282,20.294740590668287,19.846368054742864,19.98795890808105,92292
2006-10-20,20.17674275929172,20.71950965895141,20.17674275929172,20.271137237548828,131248
2006-10-23,20.188545489688803,20.424530817210936,19.999756507501026,20.07055282592773,48716
2006-10-26,20.31833642604424,20.459927263075084,19.99975659261853,20.164945602416992,97156
2006-10-27,20.29474035663621,20.766711062604493,20.164947692324787,20.25934219360352,214472
2006-10-30,19.822770511402805,20.35373757867252,19.822770511402805,20.05875587463379,103352
2006-10-31,20.105951585933777,20.24754423969735,19.76377354033104,19.98795890808105,143692
2006-11-01,20.40092740495316,21.47466118434012,20.176742101770103,20.931894302368164,956072
2006-11-02,21.061687716631823,21.805041760833227,20.79030426552021,20.94369506835937,925984
2006-11-03,21.002694837567194,21.191483825940136,20.648716834686848,20.75490951538086,297364
2006-11-06,20.931900001929804,24.90825462341309,20.48352927347652,24.90825462341309,5327788
2006-11-07,26.07638328839133,26.418561353453427,23.763725950789148,23.987913131713867,4242572
2006-11-08,24.51887878377587,24.66046963691712,23.26815568010657,23.598535537719727,1334656
2006-11-09,23.99970380345334,25.698799009274545,23.657525845557885,25.179630279541016,3306436
2006-11-10,25.04984363975122,26.31236482037474,24.542474810035632,25.00264549255371,4036888
2006-11-13,25.0734422970744,25.297627649207552,24.20029726195815,24.306489944458008,596688
2006-11-14,23.68112648710799,24.99084573245911,23.59853198524465,23.84631729125977,845796
2006-11-15,23.83451336456543,24.223889438031907,22.93776857721384,23.1147575378418,533364
2006-11-16,23.244555890260628,25.01444593266626,23.0321687250869,23.480541229248047,2552288
2006-11-17,22.890571950937247,23.445136993787365,22.182616117403104,22.71358299255371,701636
2006-11-20,22.442204638694257,22.654591796875,21.33307430214233,22.123624801635746,412332
2006-11-21,22.347808077204206,23.00856766361126,22.18261908081496,22.70178604125977,303520
2006-11-22,23.126565645742293,23.834521736938488,22.454007719191,22.784387588500977,365348
2006-11-23,23.05576236363366,23.83451454927498,22.65458808643959,22.94956970214844,564048
2006-11-24,23.0085616320025,23.834509998279515,22.56018930165293,22.666383743286133,732588
2006-11-27,22.92597319968089,23.126560352860484,22.442202594578585,22.548397064208984,298044
2006-11-28,22.21801692355364,22.65458937963876,21.94663346152505,22.147220611572266,273156
2006-11-29,22.83158366949069,22.83158366949069,21.82864588555957,21.92304039001465,262932
2006-11-30,22.20621731998408,22.51299894327937,21.82864118391488,21.97023200988769,195112
2006-12-01,22.182622291924737,24.176697724592536,21.95843693574029,23.76372337341309,4643536
2006-12-04,21.474663540227848,24.164896475682063,21.474663540227848,23.2563533782959,1271868
2006-12-05,23.55133710620752,23.657529786575672,22.465803127031947,22.831581115722656,576304
2006-12-06,23.114760237487808,23.62212901063013,22.46580063939124,22.607393264770508,505852
2006-12-07,22.831578587579312,23.24455287727713,22.418604297881497,22.607393264770508,318332
2006-12-08,22.748988483500344,22.98497383747768,22.206221449182323,22.37141227722168,290024
2006-12-11,21.78144517596148,22.395006631532564,20.825703935250225,21.12068557739257,366384
2006-12-12,20.8139052558648,21.698850237839064,19.63397861323243,20.164945602416992,306232
2006-12-13,20.530723494425832,20.530723494425832,18.454051892060967,20.07055282592773,277488
2006-12-14,20.76670175726933,21.00268700451103,20.51891652749573,20.81389808654785,211776
2006-12-15,21.35666933731294,21.45106381601589,20.67231161724776,20.94369506835937,190952
2006-12-18,21.12068603190162,21.29767502099577,20.58971906461917,21.097087860107425,151464
2006-12-19,21.12069356449103,22.04103699610149,20.29474465414781,20.38913917541504,119520
2006-12-20,20.53071901056581,20.97909139501945,20.082346626112184,20.15314292907715,85760
2006-12-21,20.05874845859879,20.53071901056581,19.952555804576114,20.15314292907715,72684
2006-12-22,20.223944627576746,20.766711675632767,20.01155924396174,20.17674827575684,111776
2006-12-26,20.294737984793528,20.790306808058105,20.294737984793528,20.64871597290039,92560
2006-12-27,20.766709959247656,21.12068796991665,20.648717289024656,20.731311798095703,130708
2006-12-28,20.76670845940848,21.71064975301796,20.542523122346285,21.226879119873047,388956
2006-12-29,21.47466347585947,21.580856146504136,20.79030570830201,20.967294692993164,102776
2007-01-02,21.226879119873047,21.80504424246393,20.89650110744984,21.226879119873047,86780
2007-01-03,21.356670833576324,21.828641459732708,21.00269286395904,21.33307266235352,139272
2007-01-04,21.69884822803284,21.99382986136893,21.14428311744599,21.415666580200195,185668
2007-01-05,21.297674919918617,22.182619861189472,21.297674919918617,21.46286392211914,287276
2007-01-08,21.65164927008541,23.610327798884303,21.47466031147436,23.44513702392578,1018876
2007-01-09,23.692922832836608,25.13243270266982,22.67818539321616,23.57493019104004,2805872
2007-01-10,23.527736527485345,24.07050350311788,22.80798235593153,22.914175033569336,649260
2007-01-11,23.13836043415725,24.0233053492766,22.72538614043488,23.527734756469727,578764
2007-01-12,23.94070593647481,24.636863592748444,23.48053536063234,23.75191879272461,684260
2007-01-15,24.046903899277297,24.7076616993926,23.59853144179812,24.23569107055664,694792
2007-01-16,24.30648938430823,24.424482051222345,23.18555904862411,23.35074806213379,448844
2007-01-17,23.362545776367188,24.259290677852302,23.35074579065355,23.89351272583008,297964
2007-01-18,24.164897461883072,25.72240023531237,24.070502972494147,24.55427360534668,2812276
2007-01-19,24.884648623568378,25.1088357339471,23.102960727576534,23.56313133239746,731956
2007-01-22,24.023303876960945,25.203230358139283,23.716522271684607,24.60146713256836,1764276
2007-01-23,24.365482049037624,26.07637546168191,23.952507777020035,25.215028762817383,1715524
2007-01-24,25.250426529474616,25.604404471476595,24.54247064547065,24.87285041809082,455728
2007-01-25,25.17963633786892,25.356625351866374,24.495280257419004,24.90825462341309,415320
2007-01-29,24.153097623301186,25.01444441855338,24.153097623301186,24.80205726623535,254012
2007-01-31,24.990846304553564,26.78433441640395,24.990846304553564,25.32122611999512,1432360
2007-02-01,25.48641408402516,25.95838471521081,25.25042876843233,25.42741775512696,420400
2007-02-02,27.09111933615881,27.09111933615881,25.43922185957414,25.76959991455078,480568
2007-02-05,25.710600820241737,26.02918245406105,25.16783564493973,25.297626495361328,251476
2007-02-06,25.274030595547465,25.934790294949817,24.77846172120836,25.486417770385746,633744
2007-02-07,25.51001168917105,25.79319514185075,24.81385574379708,24.9908447265625,207624
2007-02-08,24.89645281210345,25.17963449358762,24.42448214267969,25.00264549255371,256348
2007-02-09,25.01444035649397,25.108834831131755,23.716521281392875,23.976104736328125,125596
2007-02-12,24.89645296218986,24.89645296218986,22.2062197701715,22.40680694580078,637220
2007-02-13,23.55133776867343,24.23569381771858,22.30061474031628,23.209157943725582,335772
2007-02-14,22.454003790063624,23.362546921365013,22.170820322882907,22.996768951416016,159400
2007-02-15,23.574934677543865,25.297626495361328,23.45694201329232,25.297626495361328,537164
2007-02-19,25.722397896444303,26.17077032995356,24.88464935487636,25.03804016113281,197048
2007-02-20,25.120639489572827,25.486417497907365,24.48347977229527,24.778461456298828,436956
2007-02-21,24.990845131234884,27.256303787231445,24.955446974023594,27.256303787231445,1403836
2007-02-22,27.999660048943426,29.1795867109265,26.22977005596881,26.678142547607425,1750548
2007-02-23,26.45395481911785,26.54834931008318,24.54247402887689,24.684064865112305,405816
2007-02-26,25.17963309714673,26.170772528224024,24.36548445771282,25.498214721679688,374152
2007-02-27,25.934786543736543,26.312362688600047,25.13243611063592,25.42741775512696,183476
2007-02-28,23.59853368944659,25.698803547892386,23.362548352552125,24.058704376220703,294896
2007-03-01,24.542471338447648,25.014441941110103,23.85811360450209,24.731260299682617,140908
2007-03-02,24.87285277192966,25.34482340593051,23.98790783317808,24.483476638793945,137020
2007-03-05,24.07050516902316,24.07050516902316,22.65459310025709,22.8787784576416,82220
2007-03-06,24.542475057230085,24.542475057230085,22.65459236052008,23.38614654541016,133872
2007-03-07,23.928910553012063,24.07050137750059,21.88763728199196,22.454002380371094,131244
2007-03-08,21.958432796025743,23.338946435336304,21.958432796025743,23.17375564575196,75752
2007-03-09,22.65459288391351,23.787323248279296,22.65459288391351,23.150161743164062,92656
2007-03-12,23.598534005467307,24.282891851710914,23.126563325357964,24.09410285949707,82584
2007-03-13,24.518873642892963,24.660464466346795,23.846315881168508,24.12949752807617,69804
2007-03-14,22.70178564036095,23.95250847810697,22.70178564036095,23.456939697265625,65896
2007-03-15,24.16632277510265,24.16632277510265,23.40964800563345,23.610639572143555,61248
2007-03-16,23.98897928457644,23.98897928457644,23.054958606252864,23.173189163208008,59076
2007-03-19,23.173188813985327,23.646111034678903,22.9603734538622,23.196834564208984,61624
2007-03-20,23.752518012439744,23.8825723458461,23.433295871598368,23.598819732666016,69992
2007-03-21,23.85892446229358,25.52597407277886,23.52787857381088,25.265867233276367,288172
2007-03-22,26.022542586885606,26.24717989136089,24.72200664632268,24.9348201751709,144460
2007-03-23,24.82841626972172,25.419569038048422,24.82841626972172,25.005762100219727,58512
2007-03-26,25.00575991650941,25.171281955564105,24.59195301481777,24.887529373168945,54788
2007-03-28,26.720104774088203,26.720104774088203,24.355493732133493,24.6156005859375,29264
2007-03-29,25.06487314556088,25.06487314556088,24.473720477033496,24.89935111999512,33976
2007-03-30,25.183104505089258,25.98707252146176,24.87570438575262,25.80972671508789,119960
2007-04-02,24.82841322469632,25.419565920522416,24.82841322469632,25.088520050048828,49020
2007-04-03,25.30133579910921,25.30133579910921,24.710183093522552,24.922998428344727,41368
2007-04-04,25.419571178930777,26.471822473552795,25.064879488061973,25.53780174255371,233376
2007-04-05,25.43139268974123,26.365413337473647,25.41956891281092,25.97525215148925,204932
2007-04-09,24.82841706647771,27.074797658206645,24.82841706647771,26.590051651000977,238444
2007-04-10,26.483641705786177,27.4294860524214,26.27082636698227,27.09844017028809,143352
2007-04-11,27.323082704863065,27.855120216436344,26.365414462409102,27.40584373474121,276136
2007-04-12,27.64230222370454,27.64230222370454,26.27082715815797,26.625518798828125,81364
2007-04-13,26.57822854960917,26.95656595661024,26.17624358887581,26.400882720947266,110428
2007-04-16,27.003857828798346,27.193027436938213,26.495467889525745,26.92109680175781,141044
2007-04-17,26.95656539595844,27.122087444311617,26.37723642266732,26.57822799682617,79156
2007-04-18,26.270827923223564,26.83833492563388,26.270827923223564,26.436351776123047,32128
2007-04-19,26.247183459061965,26.956566795793368,26.0225461240524,26.341768264770508,44432
2007-04-20,26.43635066785958,27.193025436648693,26.247181073634824,27.062971115112305,110556
2007-04-23,27.19302329721637,27.878760767261493,26.61369439207152,26.8028621673584,75804
2007-04-24,27.902409841763856,27.99699464271644,26.50728898886466,26.70828056335449,77720
2007-04-25,26.708279773077333,26.720103549367185,26.4718186797201,26.495466232299805,27136
2007-04-26,27.4294894244617,30.58624676267619,26.483644961549228,28.9191951751709,1090224
2007-04-27,29.55763747200372,30.739942970883863,28.375331973123565,29.60492897033692,1221288
2007-04-30,28.62361845559816,30.479836028127405,28.62361845559816,29.62857818603516,345492
2007-05-03,30.03056153463661,32.738040573420776,29.155656132808623,32.21782684326172,2127216
2007-05-04,32.844442388767,33.293720603170776,30.751764007100817,30.90546226501465,904168
2007-05-07,31.378390110154992,32.11142103025302,30.054208190197745,30.23155403137207,396548
2007-05-08,30.73994567799577,30.964583020943667,29.86504025339796,30.243377685546875,178296
2007-05-09,28.39897696908119,30.858172702339136,28.387154996838948,30.63353538513184,127092
2007-05-10,30.73994203308755,31.8276645021177,30.39707417049433,30.64535903930664,113912
2007-05-11,30.479833388025146,30.89364030000901,29.344821226159507,30.64535903930664,105860
2007-05-14,33.0099740101004,33.6957098193196,30.503484678541955,30.91729164123535,77612
2007-05-15,31.685780791378704,31.80401131671967,30.26701448728712,30.76358413696289,62180
2007-05-16,30.71629252176701,30.976401150241927,30.326133187164327,30.77540779113769,71956
2007-05-17,32.0995954012591,33.400131494864446,31.03552041558201,32.962677001953125,692700
2007-05-18,32.950851603005084,34.28685520750183,32.950851603005084,33.62476348876953,421084
2007-05-21,33.825766237320444,35.421878905834696,32.46611470488238,34.0504035949707,688236
2007-05-22,33.955810455916534,34.156800196766504,32.89173566095116,33.672054290771484,171644
2007-05-23,33.45924581603886,34.168629119559114,32.63163196193189,33.03361511230469,100744
2007-05-24,31.92224540613189,33.341011868626644,31.92224540613189,33.00996780395508,36668
2007-05-25,31.94589089303775,36.32042053642182,31.92224334361351,35.52827453613281,390516
2007-05-28,35.91843062764152,36.296769735884624,32.86808464682712,33.51835250854492,333412
2007-05-29,33.95581899152501,34.05040199827605,33.56565597042851,33.754825592041016,118028
2007-05-30,33.57747461581112,34.18045111398463,33.10455243812363,33.305545806884766,89280
2007-05-31,33.341022220116386,33.896707367029315,32.64346254777157,32.82080841064453,36424
2007-06-01,33.57747883169753,35.68198134339783,32.89174303119573,34.49967575073242,328068
2007-06-04,35.17359613494008,36.415017174996784,34.66520610463737,35.126304626464844,191816
2007-06-05,35.46916471945273,35.50463244092818,33.967635303085224,34.99624252319336,73416
2007-06-06,35.46916731095011,35.70562842635645,32.86809504148044,34.13316345214844,75724
2007-06-07,34.05039975410055,34.64155252760925,33.61294525846005,34.46420669555664,107996
2007-06-08,33.29373265000299,33.97946858312437,33.10456299696953,33.22279357910156,25652
2007-06-11,33.16366726220511,34.440555681463195,33.10455199079298,33.32918930053711,13800
2007-06-12,32.01683584680366,32.63163623357907,31.662144148612583,32.31241226196289,48596
2007-06-13,31.50844161046655,32.63163183673084,31.50844161046655,32.07594680786133,12304
2007-06-14,32.17053725423889,33.31737156260443,32.17053725423889,32.35970687866211,13224
2007-06-15,32.359702753954814,33.813937065631315,32.359702753954814,32.927207946777344,18564
2007-06-18,34.026757571378006,34.026757571378006,31.709441219900675,32.04048538208008,12448
2007-06-19,31.21286889012628,33.10455791377029,31.16557738615727,32.4897575378418,7348
2007-06-20,32.15870491450899,34.014925722303495,32.15870491450899,33.672054290771484,41928
2007-06-21,33.1163756290119,34.759779445814495,33.104551853156664,33.61294174194336,19760
2007-06-22,33.341017688141505,34.275038384024114,32.86809545143028,33.82576370239258,16652
2007-06-25,33.81393891500356,34.05040002629729,33.3410166924161,34.02675247192383,15184
2007-06-26,34.499676316662494,34.878015555765806,34.16863218852989,34.32233047485352,29036
2007-06-27,34.74796140451505,34.85436818855314,33.577479563875286,34.038578033447266,15532
2007-06-28,34.52332032693399,35.1144730722582,34.16862867973946,34.99624252319336,43620
2007-06-29,34.9962526743201,35.918449781277346,34.52333034088334,34.67702865600586,50740
2007-07-02,34.369621914894545,35.1144729276925,34.34597436193492,34.4523811340332,12752
2007-07-03,34.16862523597533,35.11446953316495,34.05039469882662,34.8425407409668,31668
2007-07-04,34.75978646754031,35.563752874565736,34.75978646754031,35.44552230834961,36328
2007-07-05,35.44552141518293,35.44552141518293,34.75978559165301,35.10265350341797,12892
2007-07-06,34.77160254781997,36.391358781522335,34.75977877219387,35.88296890258789,82488
2007-07-09,36.060321515407445,37.65643410707303,36.060321515407445,37.171688079833984,73536
2007-07-10,38.07023590336902,38.30669699593653,36.93522193742298,37.81012725830078,73964
2007-07-11,37.952009147911056,38.99243661588693,37.59731747363151,38.22393798828125,25788
2007-07-12,38.318525929629295,40.13927586583909,38.30670215178752,39.91463851928711,68700
2007-07-13,41.02599828636696,41.91272735595703,40.43484557330692,41.91272735595703,160276
2007-07-16,43.95811571434067,44.01723098754883,43.627071627618975,44.01723098754883,16852
2007-07-17,46.21631631456465,46.21631631456465,42.09007128391513,42.59846115112305,83484
2007-07-18,41.14422571482813,42.5157006269443,40.95505613934493,41.45162582397461,86848
2007-07-19,43.15414393379711,43.532483077282414,42.20829968319334,43.461544036865234,50252
2007-07-20,43.74530584742335,43.74530584742335,41.62897961048086,42.38565444946289,66184
2007-07-23,43.66253581311376,43.66253581311376,41.14422682158801,43.44972229003906,42164
2007-07-24,43.50884819596832,43.74530932746814,41.86544405366662,42.693058013916016,51792
2007-07-25,44.45469149122806,44.45469149122806,42.79946361655468,44.13546752929688,49620
2007-07-26,44.45468810438566,45.34141725540399,43.27238256969455,44.11182022094727,26696
2007-07-27,43.27238333385581,43.745305556083736,41.9127319449505,42.12554550170898,37784
2007-07-30,42.5630000005139,43.15415277829882,40.90777222271614,42.12554550170898,18088
2007-07-31,42.444765173279,44.24187088012695,42.444765173279,44.24187088012695,82200
2007-08-01,42.79945809500558,44.21822466169085,42.0546070907398,42.62211227416992,36640
2007-08-02,43.03592286494891,43.50884509423406,42.56300063566376,42.90586853027344,10368
2007-08-03,42.94134000123154,43.96994368838765,42.799461888742975,43.03592300415039,6160
2007-08-06,41.80631985985666,43.33149311132076,40.88411947870622,42.94133377075195,41784
2007-08-07,43.03591755906197,43.27237864455132,42.58664293987613,43.15414810180664,22300
2007-08-08,43.50884161416464,45.16406928426873,43.50884161416464,45.08130645751953,47096
2007-08-09,45.87345264133713,46.1099137374265,43.03591948826473,43.29602813720703,38532
2007-08-10,41.15604974492498,43.49701288272511,41.15604974492498,42.95315170288086,37376
2007-08-13,43.74530627721082,44.856672796144935,42.57482447952372,43.8635368347168,44040
2007-08-14,42.79945223009264,43.74529647827149,42.79945223009264,43.74529647827149,40580
2007-08-16,43.1304957310899,43.15414328024065,41.55803113151942,41.69990921020508,47312
2007-08-17,40.67130809677983,41.91272883810595,40.67130809677983,41.25063705444336,49388
2007-08-20,42.56299795906666,42.56299795906666,40.671309160885926,41.72356033325195,18680
2007-08-21,41.853606584835696,42.7876270271127,39.64269428527436,39.80821990966797,23948
2007-08-22,40.19838698910128,40.89594651229015,38.42492873958211,40.48213958740234,10780
2007-08-23,40.9668812610694,42.09007136779424,39.72546061679456,39.96192169189453,27508
2007-08-24,41.794499007709554,41.794499007709554,38.77962001281113,40.375732421875,24388
2007-08-27,40.78954505609589,41.6171590137558,40.47032108632571,41.6053352355957,29232
2007-08-28,42.562993881992654,43.485190639525285,40.67130526501521,42.5748176574707,22636
2007-08-29,43.27237665705881,43.27237665705881,41.912725477943575,42.59846115112305,8300
2007-08-30,42.53934454598348,43.02409045536479,42.09006996154785,42.56299209594727,20368
2007-08-31,43.035919189453125,44.69114685058594,43.00045146852998,44.277339935302734,45884
2007-09-03,45.849809934249045,45.87345748960123,44.27734492230841,44.88032150268555,22148
2007-09-04,45.38870211174192,45.63698695930827,44.45468159766816,44.99854278564453,16912
2007-09-05,45.223187997710696,45.82616455930223,44.549272380383066,44.97490310668945,16880
2007-09-06,44.57291832804693,45.15224731413692,44.45468777545264,44.679325103759766,19332
2007-09-07,42.56299067783716,45.40052338969298,42.56299067783716,45.03400802612305,55624
2007-09-10,45.87345030427264,49.5385971069336,44.46650757584087,49.5385971069336,163804
2007-09-11,51.7849800814733,53.794899399704,50.41350500152918,51.41846466064453,224528
2007-09-12,52.00962328582956,52.96729155566796,51.66675537907789,52.10420989990234,121604
2007-09-13,47.69419986956676,52.77811317006531,47.69419986956676,51.477577209472656,31328
2007-09-14,47.07131150643203,52.35410167435087,47.07131150643203,49.79561996459961,47572
2007-09-17,50.222025765172894,54.46246894755816,50.222025765172894,52.721282958984375,151152
2007-09-18,51.5368133112522,53.04110330482657,51.5368133112522,52.662071228027344,110952
2007-09-19,53.08848277997245,54.94811728435844,52.82789530342692,53.17139434814453,256140
2007-09-20,53.30167460704618,54.43877772161339,52.709433778079,53.10031127929688,141692
2007-09-21,48.74143160109552,54.2374270538215,48.74143160109552,52.94634246826172,252136
2007-09-24,54.0123662175359,54.24926256059526,52.59098815917969,52.59098815917969,122060
2007-09-25,51.90398914278151,54.01236510674974,50.399695949390384,52.36593627929688,83556
2007-09-26,49.985138168837935,56.49978887804667,49.985138168837935,55.89570236206055,241580
2007-09-27,57.32891619611417,58.51339793570331,53.77547097734677,55.58772659301758,248540
2007-09-28,55.4574390755168,56.61822978845906,53.36090485293056,55.17316055297852,89760
2007-10-01,53.44381300161239,56.85511867628931,53.44381300161239,55.552188873291016,317004
2007-10-03,57.32891982127673,61.10741970129855,55.6943363631823,60.94158935546875,286976
2007-10-04,62.398503659107945,66.0467063841151,61.35616105617785,64.34105682373047,910360
2007-10-05,65.14650555967374,65.78612868787937,60.491493062856016,62.06685256958008,287556
2007-10-08,62.54064066324701,62.71831293785851,55.86016386080505,57.58950805664063,191096
2007-10-09,54.52169731888894,59.934780740785456,54.52169731888894,59.401763916015625,164268
2007-10-10,60.88236463852503,61.39169036761594,59.2359356562701,60.0413818359375,117492
2007-10-11,59.721569433051975,60.40856738089496,58.06329503436074,59.14117050170898,46784
2007-10-12,58.79768658705108,61.8299612728058,58.27651522264455,58.90428924560547,100328
2007-10-15,58.41864047826989,64.79115075163428,58.41864047826989,61.80625534057617,229616
2007-10-16,61.15479246671848,67.98925373977019,61.15479246671848,64.79115295410156,340748
2007-10-17,63.962016885713936,65.60844947142523,58.51340063248645,63.81987762451172,164372
2007-10-18,62.83676071795004,67.63391210169551,58.03960933420456,60.26643371582031,123400
2007-10-19,57.32892632173013,60.40857938859993,54.72306603437876,57.85009765625,85916
2007-10-22,52.18827781427834,58.03961819053716,52.18827781427834,55.43375778198242,53916
2007-10-23,55.67064498998146,57.80271224491692,55.45743971038856,56.0259895324707,98820
2007-10-24,55.68248661691021,59.2240862518187,55.68248661691021,58.51339721679688,52600
2007-10-25,56.97357104779039,60.17167170951667,55.43374480325552,57.17493438720703,69888
2007-10-26,53.53857599672658,58.15805489909901,53.53857599672658,56.0970573425293,88364
2007-10-29,56.405022876367866,59.10563984418978,56.262883619218734,57.00910568237305,141996
2007-10-30,56.855131724574775,58.27651001768914,55.670649813646136,56.25104522705078,115956
2007-10-31,55.5758897211926,61.87733459472656,55.5758897211926,61.87733459472656,653084
2007-11-01,63.06181457494788,67.49177221498763,61.3561578735348,63.47638320922852,800516
2007-11-02,62.54064028778246,62.54064028778246,59.224091181612174,61.55752182006836,192044
2007-11-05,61.35614717666032,67.37331228785325,60.89419645862598,64.32919311523438,329472
2007-11-06,67.27857074079294,67.32595290776399,63.84357329099894,64.7200927734375,326960
2007-11-07,66.0940975963594,66.80478681782563,62.30375508187284,65.18204498291016,187204
2007-11-08,59.34254188570014,64.89776476640247,59.34254188570014,61.1429557800293,80868
2007-11-12,60.17167235970486,63.19210079508374,59.69787966395915,61.99577713012695,88412
2007-11-13,59.60314387080811,65.38341537867386,59.60314387080811,62.860469818115234,141812
2007-11-14,63.27503347897333,65.38341011279661,63.27503347897333,64.4002914428711,197616
2007-11-15,61.5930555659579,66.09408654962405,61.5930555659579,62.74200439453125,88680
2007-11-16,62.895985902127975,64.88591395369575,62.35112714581299,63.12104034423828,117024
2007-11-19,66.28359016192425,75.74760142576348,66.28359016192425,73.20096588134766,916436
2007-11-20,72.58504075202357,74.17224920102478,68.22614932441957,69.3869400024414,394932
2007-11-21,65.14650146817901,72.0164961684597,61.65228002579486,65.0280532836914,223816
2007-11-22,62.81306418830029,68.21430517114533,62.5406348385028,63.48822021484375,176552
2007-11-23,63.81987365066255,66.33097634386661,61.59304946216185,63.48822021484375,229568
2007-11-26,63.962036301107965,69.88444706972908,63.500085369353386,64.43582916259766,134176
2007-11-27,65.50184095780865,65.50184095780865,63.48822197718886,64.42396545410156,119560
2007-11-28,73.76953427845692,73.76953427845692,67.98926381788911,68.67626190185547,498692
2007-11-29,69.41064570295457,69.88443850638771,67.51547448922203,67.87081909179688,297432
2007-11-30,70.1213138910575,70.1213138910575,67.8707987492837,68.79469299316406,291532
2007-12-03,69.88443358845159,72.25339743890757,69.1737444333148,69.74229431152344,289564
2007-12-04,69.88443681090284,75.8068467101319,69.17374762299535,74.08934783935547,954136
2007-12-05,75.80683733148294,76.90840399055539,73.91166639819588,74.68157958984375,308660
2007-12-06,75.78313519430074,76.25692785850956,72.32444729967587,72.71533203125,218144
2007-12-07,72.72718201431869,74.38545652278849,71.09259858758477,72.0401840209961,186620
2007-12-10,75.56994709991602,75.56994709991602,72.14679143195836,73.55632781982422,185100
2007-12-11,71.56638818591487,84.46538999847395,71.56638818591487,81.35020446777344,2495388
2007-12-12,80.40263183604625,84.31142219889871,78.17580725704927,82.1438217163086,769288
2007-12-13,86.20657499159782,88.11359482894716,82.67682104063454,82.8426513671875,1108020
2007-12-14,78.17579894371161,85.49589503526761,78.17579894371161,82.15565490722656,486136
2007-12-17,83.95606981621863,85.258999816054,74.8000268087307,76.41091918945312,583908
2007-12-18,75.80683870135613,79.36028426548219,71.34134066320367,75.33304595947266,377500
2007-12-19,75.21460202916154,79.36028875517832,75.21460202916154,75.8542251586914,304020
2007-12-20,75.8068418117678,77.46511647640023,73.67477438581183,74.33808135986328,159576
2007-12-24,75.09614462801143,79.71562355623296,74.94216344297132,77.97443389892578,321180
2007-12-26,78.41268408035856,80.0709583660459,76.17401090287979,76.65965270996094,274856
2007-12-27,77.13346532518354,85.28269962082857,76.7544296587457,81.94245910644531,651292
2007-12-28,78.4364039037442,87.62798184964787,78.4364039037442,82.68869018554688,893348
2007-12-31,81.72925170170502,85.24716441650527,80.56846087705983,81.58711242675781,517528
2008-01-01,76.04371970675226,90.02060276811794,76.04371970675226,84.99839782714844,705960
2008-01-02,85.28269718276319,87.6516609933955,80.54476956149857,84.5483169555664,466596
2008-01-03,79.36026252646126,87.65163323818109,79.36026252646126,85.46034240722656,718464
2008-01-04,85.7564770692813,88.83612956071958,83.15061726883353,84.13373565673828,531324
2008-01-07,85.28269467411857,85.28269467411857,79.36028532174923,80.09466552734375,469056
2008-01-08,78.17579331508902,82.43992749591206,75.35672827477877,76.3990707397461,360768
2008-01-09,76.51752386210846,80.18941742205485,73.2009748402214,77.86783599853516,532604
2008-01-10,73.46157321731339,82.43994510303632,73.46157321731339,75.04877471923828,391112
2008-01-11,73.43787720642852,77.44142455016856,66.33098586387094,71.00968933105469,540224
2008-01-14,72.64427805232604,72.72719323644435,69.91996951089573,71.23474884033203,397944
2008-01-15,72.01650890133703,75.8068514750916,71.43610980292897,72.02835083007812,163608
2008-01-16,68.69993918473621,72.01648797296485,67.56283963485886,69.04344177246094,242832
2008-01-17,67.51546323886396,73.43787229490465,67.51546323886396,71.16366577148438,280816
2008-01-18,66.56787539200045,71.77959517358055,66.33097903829226,67.278564453125,196064
2008-01-21,65.14649538216612,67.51545885060852,53.4556592195023,53.77547073364258,445088
2008-01-22,53.06478480064454,53.3016811613617,43.375725093213205,46.952857971191406,379920
2008-01-23,54.213736339374535,56.34580369371697,48.599289414471386,55.61142349243164,393172
2008-01-24,56.85512319087648,62.54063550996412,52.11719625830344,57.790863037109375,416384
2008-01-25,54.4980071433948,63.96201579447951,54.4980071433948,61.97208786010742,225296
2008-01-28,55.69433871148841,64.43581342509509,55.69433871148841,61.91286849975586,239172
2008-01-29,57.32891558573204,66.09408036536875,57.32891558573204,63.86725616455078,261648
2008-01-30,63.95017705697568,64.63717507423117,58.0396098183653,59.35438537597656,219924
2008-01-31,54.97180866939004,62.52880576817632,54.97180866939004,61.36800765991211,107992
2008-02-01,57.09202445569888,64.43581183381782,57.09202445569888,61.1192626953125,76892
2008-02-04,61.11926710296128,66.8047803218414,61.11926710296128,64.21076202392578,186104
2008-02-05,63.98571147826688,70.12132606286704,63.98571147826688,69.22112274169922,314268
2008-02-06,66.33098597212945,69.17374251379215,64.44765687147643,66.52050018310547,1322396
2008-02-07,61.59305709289177,68.24984663229348,61.59305709289177,64.15153503417969,154252
2008-02-08,64.43581937636779,66.21254233711322,59.224098691514506,62.2208366394043,251464
2008-02-11,58.03961141435708,61.54567484472906,56.38133680251831,57.23416519165039,93688
2008-02-12,52.11719203655295,60.8823561517914,50.93271039935856,51.7736930847168,211108
2008-02-13,49.77192948509516,54.48616586870405,49.77192948509516,52.602840423583984,69864
2008-02-14,55.6587936716799,58.03960258218508,54.01236485199265,55.95491409301758,96312
2008-02-15,54.05975855267226,60.1716864855748,54.05975855267226,58.809532165527344,113024
2008-02-18,59.22409482340459,62.30374775422163,58.27650930623012,59.84002685546875,98728
2008-02-19,60.6217757973424,62.77753407369831,58.75029603878181,59.34253692626953,88756
2008-02-20,58.79767531888466,58.98719312819061,57.09202226463428,57.518436431884766,75488
2008-02-21,58.75030146452156,58.75030146452156,56.381337695790855,57.22232055664063,65620
2008-02-22,54.48616607407948,58.39495624895909,54.48616607407948,57.75533676147461,34428
2008-02-25,55.71802591188867,59.21224739515344,55.4337509887429,56.94988632202149,61760
2008-02-26,57.60134647932053,61.59305145201518,57.60134647932053,58.15805435180664,157296
2008-02-27,58.06329609428235,61.0955664440124,58.06329609428235,59.318843841552734,80044
2008-02-28,56.87882832305584,59.31885840432647,56.87882832305584,57.4710693359375,103072
2008-02-29,54.48616044884159,59.2003963635147,54.48616044884159,57.35260772705078,67520
2008-03-03,54.95995667303494,56.357643780457146,53.65702666570006,54.249267578125,78824
2008-03-04,52.63837604123909,55.65880495097544,48.80065532593625,52.28303146362305,193984
2008-03-05,47.61617314927056,52.11720444198768,47.61617314927056,51.85661697387695,67432
2008-03-07,47.864911758943336,51.85661338101774,47.37927348279435,49.08492660522461,224720
2008-03-10,47.708932722823086,49.82036582652146,45.07556908113847,48.96630096435547,131576
2008-03-11,45.78729818280382,51.71829535674214,45.78729818280382,50.28299331665039,154964
2008-03-12,52.66725383464444,54.553310173643176,49.82037524898798,51.267539978027344,88792
2008-03-13,49.15609753891436,50.03388428389636,45.90591222911996,47.06838607788086,117792
2008-03-14,45.59750483229267,48.15969629514642,43.652138513827296,44.47061538696289,1758360
2008-03-17,41.8965597792019,41.8965597792019,35.58597819751252,40.46125793457031,268528
2008-03-18,36.29770478530266,45.07558110593141,36.29770478530266,39.55975341796875,130352
2008-03-19,40.57987891366705,42.46593508302048,37.483898006241546,38.29051208496094,84136
2008-03-24,36.44003568399357,39.09712078970323,35.58597093359053,36.00114059448242,145944
2008-03-25,29.204226975956946,43.2013808000836,29.204226975956946,42.24055862426758,128736
2008-03-26,38.44471731705176,42.41848469090947,38.44471731705176,40.627323150634766,110168
2008-03-27,37.9583776318537,43.177654556233584,37.9583776318537,40.947601318359375,120084
2008-03-28,33.58129669217811,43.4148863452976,33.58129669217811,41.99144744873047,279340
2008-03-31,39.14457605182572,43.88937314901671,37.95837677752797,38.89547348022461,260816
2008-04-01,36.79589763245237,40.78152372355616,36.79589763245237,38.87174606323242,153604
2008-04-02,38.21933921652715,41.63559142381771,38.21933921652715,39.002227783203125,207872
2008-04-03,41.51698036034018,45.53819573410016,39.144581482606455,40.437538146972656,2167156
2008-04-04,35.97742161767777,41.61186802591897,35.97742161767777,40.6866340637207,392788
2008-04-07,38.06513380538652,41.51697440101209,38.06513380538652,41.07807922363281,113624
2008-04-08,38.69381806249506,41.7304850173016,38.69381806249506,40.745941162109375,76784
2008-04-09,40.0935307506615,41.51696971222344,40.0935307506615,41.35090255737305,148452
2008-04-10,39.14457751966231,43.15392976913353,39.14457751966231,42.6201400756836,279676
2008-04-11,42.70317171826775,43.88937093266407,42.228692032509215,43.236961364746094,110568
2008-04-15,41.51697695914478,44.12661551086245,41.51697695914478,43.62841033935547,102420
2008-04-16,43.88937189730794,44.363851593495056,42.94041250493372,44.197784423828125,95740
2008-04-17,40.805248553273,45.905904622432125,40.805248553273,44.64853286743164,177484
2008-04-21,44.15033839633132,53.58062261823505,44.15033839633132,52.71469497680664,456620
2008-04-22,52.66724972885044,55.727642521854,51.73015299145734,52.92821502685547,296940
2008-04-23,54.280486859882174,54.280486859882174,49.96272164125376,50.28299331665039,161260
2008-04-24,43.07089485403294,51.243806841572166,43.07089485403294,49.084922790527344,75944
2008-04-25,47.94618392421196,49.55941230401261,47.94618392421196,48.44438552856445,66204
2008-04-28,48.91885200092,55.15826022572042,48.91885200092,50.84049606323242,998904
2008-04-29,49.89153947392232,52.90448474195436,49.89153947392232,51.11332321166992,362192
2008-04-30,50.05760678558367,54.043236865022045,49.12051013136868,49.54754257202149,426584
2008-05-02,50.05761236793323,51.658981483969015,49.58313262984856,49.85595703125,398176
2008-05-05,51.11332413757869,53.355239960073085,49.99829758448552,51.88435363769531,406380
2008-05-06,49.84409036629348,53.97206201291024,49.84409036629348,52.940067291259766,415296
2008-05-07,51.48104015010743,54.517710523513145,51.48104015010743,52.27579498291016,229216
2008-05-08,47.42424547147103,53.35524183458611,47.42424547147103,52.52490234375,173600
2008-05-09,51.24380299287684,53.11799619137857,49.82036402085248,50.4134635925293,84364
2008-05-12,43.8893734536852,51.22008357173598,43.8893734536852,47.495418548583984,317244
2008-05-13,48.15968504377003,50.0813290969618,46.51086896454586,46.90231323242188,245388
2008-05-14,43.91309184197008,47.44796368878783,43.91309184197008,46.1668701171875,137560
2008-05-15,45.69240439934706,47.85128523284051,45.69240439934706,46.724395751953125,661668
2008-05-16,46.16687298376522,48.99002555054538,46.16687298376522,48.52740859985352,180304
2008-05-20,47.56658647705713,50.72187697733924,47.56658647705713,48.6223030090332,178812
2008-05-21,47.44796846550553,52.19276531205608,39.38181382636959,50.30670928955078,656852
2008-05-22,49.938981962599065,51.208216443849714,48.6341629564504,48.82395553588867,235660
2008-05-23,45.60936797837656,51.19636800479795,45.60936797837656,47.51914978027344,225208
2008-05-26,45.87032596426915,47.92244919724308,45.87032596426915,46.80742263793945,105260
2008-05-27,45.6212261853859,48.0173466195264,45.324676357893786,45.70425796508789,121660
2008-05-28,44.731576831945176,47.21073267293221,44.731576831945176,45.56191635131836,605916
2008-05-29,45.550051716631295,47.68521039084838,45.550051716631295,46.34480667114258,82860
2008-05-30,45.78729808072914,47.21073739930104,45.57378363094072,46.00081253051758,72412
2008-06-02,46.14315324070175,46.89045735932773,46.02453330949172,46.03639602661133,66416
2008-06-03,37.0450038056744,45.78729435772414,37.0450038056744,45.716121673583984,82708
2008-06-04,39.38182149097086,46.46343361068799,39.38182149097086,44.672271728515625,75236
2008-06-05,47.447973413148695,47.447973413148695,40.80525713530788,46.14315414428711,64256
2008-06-06,46.51086998680398,47.38865664496502,46.166872952929154,46.866729736328125,82732
2008-06-09,42.46593179845964,45.6568069554068,42.46593179845964,45.18232727050781,104704
2008-06-10,42.228689353430674,45.644941426160656,42.228689353430674,45.1467399597168,47616
2008-06-11,41.51697678999467,46.73625387216544,41.51697678999467,45.66867446899414,26388
2008-06-12,43.4148867570897,46.49900439557148,42.9404071204002,45.929630279541016,28580
2008-06-13,43.7114311259447,46.73623843588117,43.7114311259447,46.33293151855469,43692
2008-06-16,45.0755793914532,49.345897439064565,45.0755793914532,46.01267623901367,241176
2008-06-17,45.5500497470985,48.15968801385935,45.5500497470985,47.27003860473633,204244
2008-06-18,43.17765045166016,49.34588623046875,43.17765045166016,46.26176834106445,309968
2008-06-19,43.225112175145725,46.143163879712425,43.225112175145725,45.55006408691406,51328
2008-06-20,43.50979372301677,46.94977207623217,43.50979372301677,46.00081253051758,265000
2008-06-23,43.93681905273069,46.14315035946998,43.93681905273069,45.43143081665039,133960
2008-06-24,43.65213829592981,49.04934561241026,43.65213829592981,45.65681457519531,774452
2008-06-25,44.17405623588091,48.63416582586081,44.17405623588091,47.76824188232422,313712
2008-06-26,45.07556911796504,50.710015257710666,45.07556911796504,50.34229278564453,484888
2008-06-27,50.6744298278886,50.6744298278886,45.07556831544662,49.23912811279297,376424
2008-06-30,47.03279964986488,50.76932723869399,47.03279964986488,47.85127639770508,189636
2008-07-01,47.21073050032422,48.63416961088676,46.9734906485638,47.43610763549805,350376
2008-07-02,45.07556639696709,47.44796462838641,43.996124477672815,46.795555114746094,212280
2008-07-03,45.07557582649218,46.8311494370004,44.624821516224536,44.826473236083984,70568
2008-07-04,44.043573482896456,45.9059076171715,44.043573482896456,45.25349807739258,44376
2008-07-07,44.12661713125101,47.10397831222385,44.12661713125101,46.40412139892578,60656
2008-07-08,42.08635075936721,48.40879535710297,42.08635075936721,47.42424774169922,124848
2008-07-09,47.68519998438497,49.46449849126501,45.43142187567026,48.77650451660156,179492
2008-07-10,45.075569228099326,49.08492104302268,45.075569228099326,46.64135360717773,212524
2008-07-11,45.455155301351695,48.84768215537302,45.455155301351695,46.9853515625,188160
2008-07-14,45.47887607795815,47.92244712569248,45.47887607795815,47.30562210083008,55912
2008-07-15,45.787290599893,47.44796953356787,45.58563528137822,46.997215270996094,111604
2008-07-16,45.57377323922252,47.56658638282515,45.550047807992165,46.06011199951172,74308
2008-07-17,45.6686688232059,47.17514324277364,45.6686688232059,46.64135360717773,62160
2008-07-18,46.38039399580427,47.25818077965463,45.55005446135253,45.95336151123047,48524
2008-07-21,45.09930482860399,46.24991613054764,45.09930482860399,46.01267623901367,46404
2008-07-22,45.206058274524246,46.72439200534285,45.206058274524246,46.24991226196289,60488
2008-07-23,46.08384396329376,49.215409470005454,46.08384396329376,47.61404037475586,478040
2008-07-24,45.64494693899342,48.87141043513545,45.64494693899342,47.06838607788086,71324
2008-07-25,45.6449433536477,47.45983028516814,45.6449433536477,46.21432113647461,56968
2008-07-28,46.0245275592289,49.25099073302754,46.0245275592289,48.38506317138672,155956
2008-07-29,46.570179884357344,49.32215977176151,46.570179884357344,47.67334365844727,156388
2008-07-30,48.63416284350508,49.78477741243373,46.99720954213527,47.400516510009766,136316
2008-07-31,48.57485776900038,48.70534040641993,47.44796851672809,47.69707107543945,78440
2008-08-01,45.09929987783442,49.0849267220886,45.09929987783442,48.75279235839844,134428
2008-08-04,48.87141309367814,51.83691146101298,48.87141309367814,50.18809509277344,269520
2008-08-05,49.974571169809366,54.39909638629627,49.974571169809366,53.53316879272461,526396
2008-08-06,51.16077418800299,55.26502447612309,51.16077418800299,52.062286376953125,522744
2008-08-07,51.03028955502819,53.63992771949748,51.03028955502819,52.18090057373047,96592
2008-08-08,50.55582213416042,53.307802693086416,50.55582213416042,51.6234016418457,45992
2008-08-11,52.38256629787659,54.30420715644408,51.36243408851709,53.02311325073242,415544
2008-08-12,51.409876828501424,53.85344810529536,50.650710002117,51.7775993347168,165916
2008-08-13,51.77759452774914,52.54862399952547,50.89980785310999,52.240211486816406,68824
2008-08-14,50.31856821644355,51.95552155723621,50.31856821644355,50.78118515014648,55060
2008-08-18,50.48463438158707,51.39800551589671,49.820362162094014,50.24739456176758,42500
2008-08-19,48.420651383659134,50.75746156769628,48.04106620270248,49.76105499267578,132016
2008-08-20,48.63417583829779,51.48105442395425,48.63417583829779,51.267539978027344,90196
2008-08-21,48.87141333015501,52.430011388176005,48.39693358908554,48.71720886230469,120196
2008-08-22,47.94616698145907,49.34588041049053,47.94616698145907,48.51554107666016,61084
2008-08-25,48.23086433011351,50.29485039102981,48.23086433011351,49.4526481628418,94224
2008-08-26,47.99361796576278,49.57126137519402,47.99361796576278,48.80023193359375,24652
2008-08-27,48.39693178655521,49.34589123335041,46.73625275466361,47.03280258178711,52880
2008-08-28,46.30922118002864,47.88686846299672,46.30922118002864,46.712528228759766,40156
2008-08-29,46.73624797784657,48.1359615708104,46.73624797784657,47.25817489624024,42588
2008-09-01,46.42784287782492,48.04107475405862,46.42784287782492,47.54286956787109,54440
2008-09-02,46.42784925996055,48.87142103574661,46.42784925996055,48.1478385925293,76696
2008-09-04,46.59390913999408,48.100383766370896,46.59390913999408,47.48355865478516,21956
2008-09-05,45.78729140345351,47.64962568832687,45.78729140345351,47.19886779785156,29016
2008-09-08,47.92245386341268,49.09679049893828,47.210734251579815,47.48355865478516,50048
2008-09-09,46.28549563810801,47.67334657227405,46.28549563810801,47.329349517822266,18700
2008-09-10,46.49901190791585,47.41238680410422,46.47528647425137,46.59390640258789,32064
2008-09-11,46.4990120662685,46.85487185248994,44.41130059643745,44.695987701416016,70904
2008-09-12,44.07753101236704,44.95765366507016,42.81681301435253,43.45906448364258,100292
2008-09-15,41.27064705441538,42.56704417544445,40.20022681381094,41.50851821899414,134656
2008-09-16,36.87002872131532,39.962353710844994,36.87002872131532,38.39240264892578,617036
2008-09-17,38.30914775867053,39.60554474357102,37.34576891736127,37.71446990966797,92024
2008-09-18,37.34576533776394,37.34576533776394,34.538885433586586,36.21587753295898,180188
2008-09-19,36.156422564163016,39.24874817820328,36.156422564163016,37.44092559814453,141124
2008-09-22,37.6074290358158,38.5113364725269,36.91760054562109,37.17926025390625,88976
2008-09-23,36.929492308361695,37.785829813739056,35.44279777098804,36.0374755859375,116412
2008-09-24,33.82527476002482,36.48943075310562,33.82527476002482,35.8471794128418,29456
2008-09-25,35.68067305260092,36.50132780688559,35.20493074523291,35.514163970947266,46276
2008-09-26,34.84812034923268,35.44279817089194,33.31385229527686,33.56361770629883,91184
2008-09-29,33.56361699112656,34.49131292129754,31.161117190965367,31.44656181335449,122036
2008-09-30,26.64156737529099,31.398990120878665,26.64156737529099,30.73295021057129,167444
2008-10-01,30.875678597629303,32.51698821908212,30.328574180603027,31.874736785888672,63636
2008-10-03,32.112602827740616,32.112602827740616,30.45939918586721,30.590229034423828,51904
2008-10-06,30.59022989843545,31.87473259597528,28.78240779188813,29.020278930664062,150692
2008-10-07,29.25815188448283,29.71010743915693,27.593053809756167,28.31856155395508,81124
2008-10-08,26.80807851483716,28.27098648499307,25.939850248597125,27.08163070678711,91392
2008-10-10,23.07350142897101,26.760504234631327,23.07350142897101,24.29853820800781,118432
2008-10-13,24.50072374536901,26.80807273138653,24.50072374536901,25.13108253479004,118624
2008-10-14,25.45221422746848,28.068796998516643,24.560197373702064,25.09540748596192,153336
2008-10-15,21.69384680283633,25.380849398185035,21.69384680283633,22.776161193847656,134032
2008-10-16,22.59776088416375,22.59776088416375,20.93266271375169,22.395570755004883,83080
2008-10-17,23.66817707211998,23.66817707211998,21.64627249811978,21.907930374145508,110256
2008-10-20,23.525456281153527,23.525456281153527,19.99307018926132,20.52828025817871,232152
2008-10-21,21.27757516296417,21.27757516296417,20.57585594621497,20.96834373474121,128356
2008-10-22,20.456922023608588,21.004026478072205,19.802776261225755,20.05254173278809,111460
2008-10-23,19.26756144055993,19.48164581952869,18.078205796080923,18.958328247070312,70016
2008-10-24,19.457859698307228,19.457859698307228,16.532043992427358,16.948318481445312,109156
2008-10-27,15.699495273444136,18.078206678511428,14.759904086961278,15.83032512664795,153328
2008-10-29,19.969285436202643,19.969285436202643,16.413111914077724,16.972108840942383,83728
2008-10-31,17.435954967276214,18.316077443165565,17.435954967276214,17.9235897064209,99644
2008-11-03,14.343628739885176,19.98117461682888,14.343628739885176,18.50637435913086,179872
2008-11-04,18.435016462001308,21.408406213937003,18.435016462001308,21.06349372863769,135576
2008-11-05,21.40840226820877,22.51450341502878,20.337982154798336,20.58774757385254,101232
2008-11-06,17.935485765510553,20.100112951131344,17.935485765510553,19.61247634887696,58048
2008-11-07,19.02969518114972,20.33798672485376,18.553952801620973,19.77898979187012,40452
2008-11-10,21.39651080589185,21.860360671733982,20.27851704377324,20.956449508666992,201644
2008-11-11,20.69478763644661,20.69478763644661,19.112944310468333,19.279455184936523,113560
2008-11-12,19.02969185963208,19.136733150417367,18.197142840773168,18.530162811279297,94748
2008-11-14,18.67288656892581,19.017799034401165,17.72140190299329,17.876018524169922,71288
2008-11-17,17.864124065931126,18.316079640809804,16.698554998553366,16.936426162719727,100924
2008-11-18,16.32985467894912,16.650980365900345,15.937366921647472,16.12766456604004,126532
2008-11-19,16.460681473726474,16.532043538667384,15.22375232337716,15.425942420959473,68480
2008-11-20,15.033459997820144,16.151454817541858,14.391207577349665,15.806540489196776,134692
2008-11-21,15.485409885278369,16.044406666453565,15.342687573141903,15.473517417907717,716572
2008-11-24,15.580561752184924,15.925474225353888,14.117653682719462,14.260376930236816,725872
2008-11-25,14.74801110642159,15.223753400177126,14.153333239227171,14.688543319702148,319684
2008-11-26,14.62907500267029,14.688542787233988,14.16522610159215,14.272268295288086,195656
2008-11-27,14.272268295288086,14.272268295288086,14.272268295288086,14.272268295288086,0
2008-11-28,12.357406321078038,15.46162462124714,12.357406321078038,14.319843292236328,41092
2008-12-01,14.272268501695216,14.855052980329049,14.153332930847755,14.24848175048828,78472
2008-12-02,14.034398454076223,14.23658857731643,13.796527293837643,14.105759620666504,72652
2008-12-03,14.569608680440185,14.593395433690558,14.070079602930536,14.331737518310549,53800
2008-12-04,14.30795040319684,14.593395064608025,14.17712054140919,14.498247146606444,86684
2008-12-05,14.5933942383834,15.033456396722755,14.165226363101471,14.236587524414062,81380
2008-12-08,14.938308082117985,15.211860268378947,14.153333466308224,14.296055793762209,93272
2008-12-10,14.296055541472958,14.593394474593495,14.296055541472958,14.450672149658203,88080
2008-12-11,14.569608332453214,15.128605187143942,14.391204965117051,14.855053901672363,133184
2008-12-12,14.98588278127271,15.9373674023059,14.629076048385263,15.342689514160156,385148
2008-12-15,15.758962121628622,16.222810092113754,15.354581932734542,15.580558776855469,280412
2008-12-16,15.69949772968036,16.8293858238619,15.69949772968036,16.579620361328125,695484
2008-12-17,17.126722700140448,17.816549394080898,15.711390091817869,15.877899169921877,507660
2008-12-18,15.354583137935116,16.853170262768003,15.354583137935116,16.151451110839844,157112
2008-12-19,16.389325636789607,17.221874816156724,16.008732089184416,16.210922241210938,179364
2008-12-22,16.413113065625875,16.888855473325176,16.22281537662085,16.36553955078125,167984
2008-12-23,16.199028579929706,17.340811081565487,15.235651295561947,17.067258834838867,1437896
2008-12-24,17.364594138539957,17.792762939114034,15.628133998760813,15.842218399047852,1363564
2008-12-26,15.925473383449882,16.460683491681305,14.807479661069408,15.069137573242188,188024
2008-12-29,14.296055923314624,15.342689358816626,14.296055923314624,14.640969276428224,186264
2008-12-30,14.51013962579608,15.104817479312311,14.51013962579608,14.97398853302002,172548
2008-12-31,14.914521812784304,15.402157506010688,14.914521812784304,15.19996738433838,233000
2009-01-02,14.51013938210949,16.413108481402535,14.51013938210949,15.854111671447754,351880
2009-01-05,15.937366539291755,17.245657822367946,15.937366539291755,16.900745391845703,777760
2009-01-06,16.650979876245167,18.45880018556065,16.05630202352212,17.38838005065918,1512104
2009-01-07,17.697614396479693,17.816549974661932,15.140499465561565,15.568666458129885,542116
2009-01-09,15.56866564586372,16.103875719760204,14.284162012956,14.950201034545898,163648
2009-01-12,12.66663916443588,15.390263197811953,12.66663916443588,14.724225044250488,159784
2009-01-13,14.28416368445312,15.199968240284996,14.129547967234124,14.260376930236816,90168
2009-01-14,12.131428868317409,15.176179461629507,12.131428868317409,14.391204833984377,57004
2009-01-15,14.034398280512187,14.200908272101252,13.237530266530436,13.89167594909668,140924
2009-01-16,13.582443814255027,14.605290599060035,13.332679260428478,13.748953819274902,254484
2009-01-19,13.772739913046289,14.224694552456649,13.606229926987131,14.07007884979248,78600
2009-01-20,13.963036027628656,15.152391721508332,13.784632673546708,14.510139465332031,161500
2009-01-21,13.974929706254684,14.557714190379777,13.796526348302494,13.986823081970217,114268
2009-01-22,13.820314403684147,14.510141149147184,13.118595188789929,13.582443237304688,162128
2009-01-23,13.380253212714218,13.89167658736278,13.09480762936168,13.689485549926758,55792
2009-01-27,13.665698285316791,13.915462821137975,12.286045742651073,12.916403770446776,143968
2009-01-28,12.393085887098454,13.3207836852863,12.393085887098454,13.071019172668455,59604
2009-01-29,13.33267862503154,14.46256665948178,12.845042917960626,12.999659538269045,181028
2009-01-30,12.41687458648503,13.189955847332962,12.41687458648503,12.690425872802734,153588
2009-02-02,12.488234066811074,12.607169629352132,11.893556254105784,12.060066223144531,236860
2009-02-03,11.727047823175626,12.119535594001976,11.727047823175626,11.857876777648926,160376
2009-02-04,11.667580442123509,12.14332277132248,11.631900311877471,11.691368103027344,241608
2009-02-05,11.71515341440358,11.964917925006036,11.501069029654976,11.631898880004885,150280
2009-02-06,11.67947362486105,12.297939186990092,11.596219081596788,12.071961402893066,117960
2009-02-09,12.036278765689609,12.5833830883716,12.036278765689609,12.274149894714355,258408
2009-02-10,12.297939569824528,12.726107490838736,12.167110608876644,12.500129699707031,118516
2009-02-11,12.024384856311702,12.559594872830676,12.024384856311702,12.22657585144043,168816
2009-02-12,12.39308660259834,12.39308660259834,11.834089760780335,11.89355754852295,123480
2009-02-13,12.1195360824283,12.226578288549955,11.667580504317536,11.91734504699707,161924
2009-02-16,11.89355888751421,12.012494476389351,11.417816532013642,11.489177703857422,155812
2009-02-17,10.727989042665476,11.501070319124262,10.727989042665476,10.98964786529541,185920
2009-02-18,10.502010345458984,11.132368271085763,10.22845819359791,10.502010345458984,220236
2009-02-19,10.252247632918888,10.870713253680496,10.252247632918888,10.513906478881836,69612
2009-02-20,10.157097509268745,10.585265365024416,10.157097509268745,10.561478614807127,113228
2009-02-24,9.99058751723348,10.585265345640236,9.99058751723348,10.442543029785156,63492
2009-02-25,10.870710715471068,10.870710715471068,10.311713021029975,10.704200744628906,199224
2009-02-26,10.252246359212696,10.823137490927492,10.252246359212696,10.79935073852539,55916
2009-02-27,10.252246711008526,10.846924615531211,10.252246711008526,10.751776695251465,56308
2009-03-02,9.26507986622008,10.835028820825642,9.26507986622008,10.692306518554688,170236
2009-03-03,10.014376147074934,10.82313850847288,10.014376147074934,10.668521881103516,46516
2009-03-04,10.228459957790207,10.858818899546844,10.228459957790207,10.751776695251465,76548
2009-03-05,10.90638997196112,10.90638997196112,10.597157712103208,10.692306518554688,93624
2009-03-06,10.2879275492557,10.918286478820075,10.2879275492557,10.77556324005127,33564
2009-03-09,10.953966985392851,10.953966985392851,10.46633127779506,10.727989196777344,65884
2009-03-12,10.287926737116187,11.049114561574845,10.287926737116187,10.76366901397705,137376
2009-03-13,10.942073613233376,11.156158025150535,10.870712445063152,10.965860366821287,48840
2009-03-16,10.704200065156142,11.46538780682628,10.704200065156142,11.405920028686523,152500
2009-03-17,10.716095480992374,11.608112323040682,10.716095480992374,11.370241165161133,119156
2009-03-18,10.775563035766536,12.381193316482271,10.775563035766536,11.643793106079102,218412
2009-03-19,11.596218609809876,12.071960911750796,11.560537574201737,11.89355754852295,131720
2009-03-20,11.108580909903123,12.06006534060307,11.108580909903123,11.310770988464355,63172
2009-03-23,10.704202464035626,12.012493876306648,10.704202464035626,11.91734504699707,161856
2009-03-24,11.953025373128744,12.452554428744689,11.417815281794622,12.36929988861084,224968
2009-03-25,11.92923843191634,12.559596429500957,11.92923843191634,12.512022018432615,93248
2009-03-26,12.03627938389327,13.03533835859183,12.03627938389327,12.678531646728516,49040
2009-03-27,11.489177576198434,13.082914630898252,11.489177576198434,12.571491241455078,88020
2009-03-30,11.9054498061191,12.833147570712834,11.9054498061191,12.155214309692385,23012
2009-03-31,12.012493630721105,12.96397827473862,12.012493630721105,12.547703742980955,74152
2009-04-01,11.905449606138246,13.201847416840817,11.905449606138246,13.035337448120115,95340
2009-04-02,13.511080680819456,14.105758535674244,13.320783948747204,13.879780769348145,260696
2009-04-06,14.260377029916423,15.104819514188996,13.96303806310168,14.605290412902832,351036
2009-04-08,14.0225032653198,15.699494546791229,14.0225032653198,15.556772232055664,299000
2009-04-09,15.699496796007905,16.650981450311413,14.878841100189833,15.390263557434082,623672
2009-04-13,15.92547302769755,18.470695463318105,15.92547302769755,17.994953155517578,1049524
2009-04-15,19.02968947951858,19.802770614624023,18.77992407917485,19.802770614624023,313296
2009-04-16,20.90887230512551,21.78899474400139,18.32797095509068,18.994009017944336,1062760
2009-04-17,19.267561204362625,19.89792005117159,17.697612135858574,18.01873779296875,322212
2009-04-20,18.38744113485261,18.910756953554102,17.84033674863595,17.971166610717773,181168
2009-04-21,17.828439609540336,17.828439609540336,16.88884941718535,17.352697372436523,165096
2009-04-22,17.69761147237821,18.31607601377699,16.65097819434272,17.126720428466797,205404
2009-04-23,17.12672210241286,18.50637544214345,17.01968081519789,17.4002742767334,211624
2009-04-24,18.173356547162285,18.173356547162285,17.388381012233744,17.50731658935547,178392
2009-04-27,17.34080743369415,17.828442208935364,17.12672303282131,17.281339645385742,127960
2009-04-28,17.12672296229879,17.245658538425864,16.210919389082886,16.32985496520996,86900
2009-04-29,16.436895461272588,16.769915421252932,15.723282039091613,15.949260711669922,82312
2009-04-30,15.97304916381836,15.97304916381836,15.97304916381836,15.97304916381836,0
2009-05-04,17.317021964999146,17.317021964999146,16.41311078978162,16.8769588470459,148956
2009-05-05,16.698554679238946,17.483530231902602,16.698554679238946,16.98400115966797,162132
2009-05-06,16.769916800556125,17.81655026880165,16.436896813185335,16.734235763549805,274632
2009-05-07,17.126722213942653,18.41122674295091,16.793702252375656,17.86412239074707,716108
2009-05-08,19.029691705893534,20.17147393417228,18.33986501859233,18.542055130004883,1555576
2009-05-11,19.029691068833056,19.029691068833056,17.721399807850784,17.899803161621094,417092
2009-05-12,17.54299899677029,18.030635627012504,17.245660030723336,17.816551208496094,253904
2009-05-13,17.84033558169125,18.76803339490175,17.138616441403173,17.38838005065918,189564
2009-05-14,16.65098260160518,18.01874188673704,16.65098260160518,17.745189666748047,163140
2009-05-15,17.935486525650767,18.32797431790296,17.6738286024203,17.852231979370117,164460
2009-05-18,19.029691798516943,19.50543409347987,19.029691798516943,19.493539810180664,204
2009-05-19,20.18336862943,20.694792013413743,18.10199586946022,19.719520568847656,900392
2009-05-20,19.029694010416662,22.5977616373698,19.029694010416662,22.30042266845703,1228684
2009-05-21,23.31137509799612,26.760507127801667,22.72859144647143,25.630619049072266,1673692
2009-05-22,26.02310408773305,28.06879560807053,25.45221296664023,27.902286529541016,2068792
2009-05-25,28.52075219460041,28.544538947427352,26.284762947422685,28.00932884216309,935028
2009-05-26,28.425599859059627,29.008383398027405,26.16582413804652,26.986478805541992,679400
2009-05-27,27.9736465318706,28.068795353659123,27.11731076539949,27.45033073425293,280812
2009-05-28,27.97364532321758,28.306665277682274,26.42748293410048,26.867544174194336,630892
2009-05-29,27.11731475356656,27.830928299713047,26.16583002537124,27.188676834106445,374016
2009-06-01,27.700098160250104,29.91230085819277,27.367079960399018,29.81715202331543,1003648
2009-06-02,30.185849952500583,32.588348256632834,29.04406768181749,31.410886764526367,967020
2009-06-03,32.1126065166057,33.04030258634619,30.019339588116605,30.614017486572266,715508
2009-06-04,30.32857429604183,31.161123394364544,29.98366182409048,30.661592483520508,597320
2009-06-05,31.6249723954668,31.6249723954668,29.781470765600023,30.07880973815918,318808
2009-06-08,29.971765416279386,30.68537887857175,27.06973806221558,27.581159591674805,334328
2009-06-09,26.665352654294537,28.9013415842706,25.464104566222737,28.27098274230957,472724
2009-06-10,27.40275575992392,31.101652869138576,27.40275575992392,28.366134643554688,267796
2009-06-11,28.092581414365085,28.544536945633507,27.355181239565443,28.021221160888672,242144
2009-06-12,28.54453867694302,29.23436539126505,26.950802660072192,27.08163070678711,761280
2009-06-15,27.11731317030601,27.711991090707457,26.284764081743983,26.42748641967773,599136
2009-06-16,25.69008525915664,27.295715587853923,25.45221409934963,27.02216339111328,122120
2009-06-17,26.90322450284338,27.711986709693985,24.976468708307884,25.49978446960449,208828
2009-06-18,25.690085140623648,26.37991186384372,23.33516030643723,24.405580520629883,164768
2009-06-19,24.50073375315728,25.440324273105485,24.084459150555087,24.809967041015625,108688
2009-06-22,26.14203695955363,27.236243769878804,25.15487142938588,26.070674896240234,485144
2009-06-23,25.214342078237035,25.91606124977226,24.51262290670181,25.46410751342773,152348
2009-06-24,25.79712580180956,27.23624700254148,25.618722437164088,26.403697967529297,215948
2009-06-25,27.11731219708449,27.11731219708449,26.201508595496414,26.54642105102539,128412
2009-06-26,26.879441734942667,27.05784510928963,26.18961499117181,26.701038360595703,93144
2009-06-29,27.236245696498703,28.282879081859463,26.415590984407043,27.771455764770508,249424
2009-06-30,28.687262294522867,29.48413033871265,26.42748621453853,26.689144134521484,724232
2009-07-01,26.879440710120548,27.355183023574007,25.927956083213623,26.59399604797364,202248
2009-07-02,26.641565118924973,27.949856263157898,26.284758443225087,26.66535186767578,255472
2009-07-03,27.0816328280298,27.474120628543016,26.16582917004097,26.819974899291992,198872
2009-07-06,27.34328572133406,27.34328572133406,24.14391974246892,24.536407470703125,229400
2009-07-07,24.26285940463426,25.214344087168936,23.370842514758,23.537351608276367,282848
2009-07-08,22.87131043218008,25.42842518250861,21.896039122924307,24.41747283935547,1340676
2009-07-09,24.73859941757312,25.33327728818785,22.633440118559506,23.097288131713867,1494364
2009-07-10,23.19243885534291,23.19243885534291,20.944557046057945,21.670063018798828,595844
2009-07-13,21.134852653846902,21.134852653846902,19.755200985306487,20.028751373291016,334972
2009-07-14,20.730469756612017,21.289466560317013,20.456917588684504,21.087276458740234,264288
2009-07-15,21.563019242094217,23.549242901644064,21.40840263785824,23.442201614379883,647436
2009-07-16,24.38178853668612,24.9288928102636,22.466925393977466,22.62154197692871,919316
2009-07-17,23.525464134579654,23.644399745154058,22.645339527441035,23.168657302856445,363284
2009-07-20,23.54924321954669,24.42936572505917,23.19243650409901,23.88226318359375,754388
2009-07-21,23.78711341602614,24.40557800188028,23.38273321387879,23.513561248779297,629632
2009-07-22,24.143920042053445,24.41747220844812,22.85941555862697,23.037818908691406,474492
2009-07-23,23.78711368169237,23.78711368169237,23.14486233821178,23.47788047790528,191640
2009-07-24,24.108242720991257,25.499788702785736,23.596819342434173,25.214344024658203,2038572
2009-07-27,25.19055635664255,26.49884774441629,24.86943065169704,26.28476333618164,1530620
2009-07-28,26.665358500372427,26.76050733385541,25.57115145235073,26.08257484436035,589976
2009-07-29,25.606830835771863,25.880383033790007,23.8941573882754,24.85753631591797,850408
2009-07-30,24.5007272634664,25.82091280795693,24.34611066049169,25.15487289428711,371240
2009-07-31,25.80902342908876,26.62967828685344,25.69008783724964,25.97553253173828,801648
2009-08-03,26.403697125323408,27.688201672761164,26.165825980050226,27.47411727905273,1185652
2009-08-04,27.59305401073414,28.28288072396507,27.28382078296455,27.33139610290528,965520
2009-08-05,27.80714140061817,27.830928155737386,26.332338990657057,26.96269798278809,492520
2009-08-06,26.52263354395961,27.68820255593924,26.118253310021696,26.403697967529297,544520
2009-08-07,26.64156960460572,26.64156960460572,25.21434266150185,25.38085174560547,337964
2009-08-10,25.452216863305267,26.39180732065157,21.884149078729763,25.01215553283692,362320
2009-08-11,25.1429817372833,25.39274718966421,24.143923557385644,25.000259399414062,323944
2009-08-12,24.73860016352985,24.84564145754304,23.608712175291704,24.21528434753418,417072
2009-08-13,24.560196697032683,26.14204023709228,24.560196697032683,25.9041690826416,325188
2009-08-14,26.641569643994497,26.641569643994497,25.39274606693225,26.094465255737305,450116
2009-08-17,25.69008319468282,25.92795433537433,24.667236563784225,24.88132095336914,229856
2009-08-18,24.143925143341097,26.40370138828435,24.143925143341097,25.97553253173828,285280
2009-08-19,26.33233019288213,28.54453216130854,26.28475669853828,27.14109230041504,1893980
2009-08-20,27.71199270868863,27.9260771354952,26.522636798444484,27.188676834106445,862180
2009-08-21,26.927014852715764,28.23530624567093,26.903228099442806,27.700096130371094,828584
2009-08-24,28.0687964214072,29.603064652414886,27.830925265293573,28.99649429321289,1567776
2009-08-25,28.78241068423945,31.113548804425346,28.580220558924324,30.8043155670166,1959276
2009-08-26,31.458460327177303,31.517928116075563,30.10259546622223,30.43561363220215,833276
2009-08-27,29.971766610560547,31.16112242843993,29.971766610560547,30.780527114868164,559200
2009-08-28,29.98366165252274,30.923252046471084,29.781469706522337,30.45940399169922,289492
2009-08-31,30.32857093837112,32.802429390513495,29.62685178768295,32.314796447753906,1717160
2009-09-01,32.16018046836551,33.68255808729091,30.56644440433693,30.8043155670166,1089008
2009-09-02,30.090700312258644,34.2296568480234,30.090700312258644,33.20681381225586,3889172
2009-09-03,34.13450719544941,34.7291850211541,31.66064889236804,32.07692337036133,4235412
2009-09-04,32.564559792973,33.20681481764531,31.755799314710828,32.112606048583984,1076484
2009-09-07,32.58834835929888,33.77770413883533,32.44562421390419,33.075984954833984,1544936
2009-09-08,29.793360164729663,34.69350708079889,29.793360164729663,33.373321533203125,1753772
2009-09-09,33.480356654369544,33.77769552341368,32.968935251463584,33.17112350463867,401700
2009-09-10,33.30196100990533,33.70634123910047,32.48130626808637,32.683494567871094,614840
2009-09-11,32.420876773913484,32.75511115227982,31.525602214487748,32.26569366455078,537340
2009-09-14,33.160973203149595,33.160973203149595,31.27492930525282,32.43281936645508,303480
2009-09-15,32.8625507402919,35.08283287414433,32.49250675371843,34.5576057434082,2267384
2009-09-16,34.72471958866256,35.53643747792294,34.13980753087088,34.438232421875,931664
2009-09-17,34.84409000151021,35.57224747367527,33.9965625713798,34.31886291503906,639336
2009-09-18,34.61729363529497,35.88261613123056,33.24453888768845,34.9992790222168,1062596
2009-09-22,35.54836813028474,37.95964247416081,35.21413374175295,37.42247772216797,2276796
2009-09-23,37.4224750125191,39.36820351614506,37.207610584432295,37.5299072265625,1468424
2009-09-24,34.03237242637187,43.7729607752222,34.03237242637187,41.21844100952149,5896876
2009-09-25,37.374736763094745,43.796839421742185,37.374736763094745,40.9677734375,3709328
2009-09-29,38.73555229810192,42.973185908526006,38.73555229810192,41.73173904418945,1094196
2009-09-30,41.06327034055783,44.07139509010051,41.06327034055783,42.48377227783203,1341904
2009-10-01,36.34815590567236,42.59120388650516,36.34815590567236,40.89615249633789,672840
2009-10-05,40.10830779177383,41.09907703304869,40.10830779177383,40.47835540771485,532280
2009-10-06,40.94389904462696,41.0632690126871,38.50875242477663,40.26348876953125,669120
2009-10-07,41.0155153481935,41.15875710176462,39.39208330754848,39.49951553344727,420468
2009-10-08,37.24343445352021,41.91080148700907,37.24343445352021,40.979713439941406,1052920
2009-10-09,41.42137228751785,41.80335758132777,40.07249332147472,40.16798782348633,466252
2009-10-12,40.34704111136642,40.90808130586646,39.40401928142264,39.571136474609375,316048
2009-10-13,39.845699310302734,39.845699310302734,39.845699310302734,39.845699310302734,0
2009-10-14,39.941185932964046,42.25696223058352,39.42789296307818,40.71709060668945,1324752
2009-10-15,41.01551839337855,41.40943779854776,40.12024370628304,40.3470458984375,494248
2009-10-16,40.58579127476046,41.77949101813577,40.15605863856885,41.29007339477539,535732
2009-10-20,41.385567115995634,42.92543889102196,40.824526839700695,42.28084182739258,879632
2009-10-21,42.49570413154168,43.30741837128352,41.134887368265325,41.397499084472656,570912
2009-10-22,41.30200376377448,42.0898461826425,40.227674186104046,40.41866683959961,342296
2009-10-23,40.824534546462296,41.5407544507862,40.19187508812931,40.65741729736328,242044
2009-10-26,40.34704641302689,40.82452625223431,39.84569112470626,40.430606842041016,263040
2009-10-27,39.869574945910784,40.19187536220751,35.810995460398914,36.77789306640625,429228
2009-10-28,36.28847827565971,37.70898047958424,35.09477833238144,37.15987777709961,296008
2009-10-29,36.0497248788104,36.88531452831924,35.6438677776253,36.192970275878906,194132
2009-10-30,36.65852024667406,37.72091230126612,35.45288276416467,35.72743225097656,272252
2009-11-03,34.70085410532473,34.70085410532473,30.105108125112828,30.916824340820312,991420
2009-11-04,31.99115735174475,31.99115735174475,30.83326699044258,31.298812866210938,306284
2009-11-05,31.4897928024552,32.58799785016292,30.82132396598818,31.859840393066406,391600
2009-11-06,32.22989209580803,34.37855156886191,32.22989209580803,33.972694396972656,568672
2009-11-09,35.0947683994894,35.33350832057437,33.66232887297963,34.34273910522461,368800
2009-11-10,33.42358956050157,35.333508963958806,33.42358956050157,34.569541931152344,314716
2009-11-11,34.37854748105818,34.37854748105818,33.42358782880656,34.03237533569336,266060
2009-11-12,33.61458113981968,34.47404265778701,32.99385589666379,33.24453353881836,164044
2009-11-13,33.42358572925468,35.02314231772124,33.19678355466823,33.75782012939453,837920
2009-11-16,33.92494223993021,34.48597883561929,33.73394958576466,33.865257263183594,272628
2009-11-17,33.78170100977896,33.78170100977896,33.07741892578406,33.340030670166016,154244
2009-11-18,33.65039414991968,33.7817018468053,32.75511936599374,32.95804977416992,191568
2009-11-19,33.1848448857748,33.88912683642894,31.81209051100354,32.17020034790039,409776
2009-11-20,33.06548343262069,33.06548343262069,31.58529645518819,32.59994125366211,406920
2009-11-23,32.27763138725276,33.3758363039676,31.78821389952373,32.26569366455078,285132
2009-11-24,32.814792888061206,32.814792888061206,31.65690675774267,32.08663558959961,306792
2009-11-25,32.46863555908203,32.81480778315745,31.788225194992265,31.99115562438965,121208
2009-11-26,31.871780326275555,34.259179601652,31.752410362506733,32.88642501831055,503988
2009-11-27,32.2298880184398,32.82673779655906,31.40623605321161,32.4686279296875,238976
2009-11-30,32.229886181253754,36.16909449229588,32.229886181253754,34.223365783691406,791372
2009-12-01,34.37855083848929,36.0258549423473,33.66233102935409,34.760536193847656,680388
2009-12-02,35.118650305961694,36.28847467721893,34.76054035848914,35.047027587890625,400040
2009-12-03,35.69162404185303,35.88261673854651,34.987341887998355,35.22608184814453,237376
2009-12-04,34.40242285556882,35.28575980342643,34.40242285556882,34.84408950805664,166924
2009-12-07,34.139814044212585,35.73937103658867,34.139814044212585,35.08283615112305,152004
2009-12-08,35.094765152133775,35.48868452832134,34.65309488184197,34.97539520263672,111284
2009-12-09,33.18485074876081,40.1321842691435,33.18485074876081,38.61618423461914,2771080
2009-12-10,38.87879363368604,39.12946761090881,37.279233411534335,37.935768127441406,825888
2009-12-11,38.0073940710147,40.49029139440565,38.0073940710147,39.53533172607422,1584804
2009-12-14,39.7382560135241,40.490288891578906,38.556494225588615,40.19186401367188,1479920
2009-12-15,40.10831098779694,41.42138069275458,38.97429624260626,39.43983840942383,908124
2009-12-16,39.27272161600969,41.039395781704535,38.568439494937394,40.6812858581543,819052
2009-12-17,41.15875848912625,42.55538840153267,40.37091971072456,40.56190872192383,1121464
2009-12-18,40.82453262412941,45.599331761454486,40.82453262412941,43.4506721496582,2797452
2009-12-21,44.1668872966633,44.19076274694953,42.05403744721056,42.67476272583008,538592
2009-12-22,42.25696225076561,43.92814154881849,42.054031878849344,42.54344940185547,781056
2009-12-23,43.16417652907559,44.45337058808817,42.77025349118479,43.892333984375,1205716
2009-12-24,44.16688823733524,47.47343781387787,43.96395783422699,46.17230224609375,2901432
2009-12-29,46.43492187514984,50.97098108146268,46.43492187514984,49.38336181640625,3546216
2009-12-30,49.51466403852156,51.66332358269258,49.180429566581296,50.61286926269531,1971456
2009-12-31,50.75611276224246,51.77075750846368,49.08493318023105,49.5265998840332,893404
2010-01-04,50.01600937516025,53.955217750769535,49.98019984708016,53.56129837036133,2491808
2010-01-05,54.76694030576285,55.60253008854492,53.5732406160742,54.193965911865234,2189784
2010-01-06,55.14892032385218,59.27912157884695,54.43270057938656,55.36378479003906,3080644
2010-01-07,55.50703428219132,57.03496839237615,54.91018445120002,56.115821838378906,1851172
2010-01-08,56.08000643608813,56.67685624338103,54.671442348029736,55.089237213134766,561360
2010-01-11,56.02032470703125,57.23789984173517,55.6860902526996,56.02032470703125,612628
2010-01-12,56.10388545064755,56.33068766325455,53.23900619359321,53.58517837524414,658516
2010-01-13,52.52278157642909,54.42076318209183,52.2840416601726,53.47774124145508,543564
2010-01-14,53.71648131162873,58.18091702984103,53.71648131162873,56.46199035644531,1212856
2010-01-15,57.273701674690834,57.2975771223112,55.29216338018305,55.81739044189453,610488
2010-01-18,55.81739133672629,56.6887905456118,54.92211667983766,55.578651428222656,489416
2010-01-19,54.92211848496754,56.19937485171253,54.92211848496754,55.7099609375,292508
2010-01-20,56.27099887106201,57.29758126395089,53.74035788430012,55.148921966552734,557704
2010-01-21,55.1489137042666,57.88248467228705,53.740349833041854,54.05070877075195,1211144
2010-01-22,52.76152687899823,55.02955631497327,51.56782717585348,54.42076873779297,602084
2010-01-25,54.193967683001645,55.3160446994036,53.23900790004127,54.122344970703125,294704
2010-01-27,53.0718899972054,54.06265930237726,48.94168825941938,49.61016082763672,437208
2010-01-28,50.77997694675103,52.045299168882806,47.90316036961944,48.45226287841797,498672
2010-01-29,48.22545776942867,48.22545776942867,44.775667088261216,47.40180587768555,630992
2010-02-01,46.554291706326985,51.73494805481351,46.19618177012447,51.35296630859375,674172
2010-02-02,51.5678226131876,55.38766132527557,51.35295814278548,52.89282989501953,998792
2010-02-03,49.204297929968185,54.67144052535043,49.204297929968185,53.3344955444336,484584
2010-02-04,53.23900905791562,54.182031135521925,50.612869597659696,51.71107482910156,369172
2010-02-05,48.082217581257694,50.35024678118272,48.082217581257694,49.07299041748047,334472
2010-02-08,48.94167978100721,51.30520334742508,48.94167978100721,49.64596176147461,292560
2010-02-09,49.65790266691199,51.0306571877521,49.072990599652165,49.41916275024414,153868
2010-02-10,50.13538400527757,52.02142794641849,49.95632906240159,50.421871185302734,620292
2010-02-11,51.0903437006162,51.448453586368174,49.92051953097924,50.421871185302734,287732
2010-02-15,49.65791285888682,50.95904494319937,48.9536306887436,49.37142562866211,262028
2010-02-16,51.40070603025952,51.40070603025952,48.774566883401576,49.32366943359375,267240
2010-02-17,49.29979279191021,51.06646671809946,49.10880012999953,49.41916275024414,321992
2010-02-18,49.68177902793288,49.89664349972623,48.94168381552095,49.180423736572266,215788
2010-02-19,49.41916770076329,49.41916770076329,47.27050823551272,47.75992584228516,177244
2010-02-22,49.18042692044224,49.18042692044224,46.62591032839379,46.9840202331543,188260
2010-02-23,45.4322100484591,47.46149948208497,45.4322100484591,46.75721740722656,133268
2010-02-24,46.62590748211646,46.67365473792666,44.91891485456532,45.12184524536133,147960
2010-02-25,43.80877545456276,45.838064780795904,43.80877545456276,45.1815299987793,114840
2010-02-26,45.36058972898564,48.58357899920304,45.24121975601462,47.86735916137695,300404
2010-03-02,48.01059767653371,49.52659392935784,47.49730468090067,48.9058723449707,298832
2010-03-03,49.06105985055964,53.57324345995444,49.06105985055964,52.86896133422852,1039564
2010-03-04,53.00026554647837,54.81469050882605,51.86625085573165,54.37302017211914,642728
2010-03-05,54.96987761583038,55.38767255970748,52.5227929445502,53.071895599365234,591040
2010-03-08,52.04530024876491,54.42076161869867,52.04530024876491,53.48967742919922,269152
2010-03-09,53.489683027161504,54.28945962161628,51.12615549103716,51.65138626098633,233340
2010-03-10,51.09034916139999,52.260173456073424,50.24282161262269,50.61286926269531,297876
2010-03-11,50.6128611170282,52.857014822611575,50.6128611170282,51.5439453125,739688
2010-03-12,51.567824011531,52.200483358223295,50.61286430761376,50.91128921508789,190028
2010-03-15,50.61285920911416,52.04529862069286,50.61285920911416,50.8635368347168,197320
2010-03-16,51.11421429770789,51.79462083031409,49.693708971439335,51.53200912475586,281264
2010-03-17,50.40993510978368,54.9101842784533,50.40993510978368,54.3491439819336,1275164
2010-03-18,53.95522000818745,56.50973633309604,53.7164800966468,56.00838470458984,1769864
2010-03-19,54.79080537152537,57.011087102085085,54.79080537152537,55.72188949584961,835660
2010-03-22,53.7164836679391,55.19667048932365,53.47774374052604,54.03878402709961,428604
2010-03-23,54.07458845817091,56.9872145692841,53.955218505724616,56.426177978515625,619708
2010-03-25,55.2682977029694,56.700737384255866,55.148927729528864,55.626407623291016,454080
2010-03-26,53.95522217463317,58.46740522677488,53.95522217463317,57.98992538452149,1020140
2010-03-29,58.04961143673212,62.31112056468839,58.04961143673212,61.14129638671875,1721368
2010-03-30,61.9052546574689,63.97036067117764,61.61877114197716,62.71697616577149,1075888
2010-03-31,61.39197881032624,64.67465323645045,61.39197881032624,62.66923904418945,816704
2010-04-01,62.54986900726829,63.934557849611615,61.35616921705324,62.26337814331055,566932
2010-04-05,62.33498846979855,66.66811613665783,62.33498846979855,66.01158142089844,1080656
2010-04-06,64.97307395206411,66.48907404544168,64.34041456102885,64.69852447509766,387264
2010-04-07,64.6985105319195,66.03545538013765,64.45977064065781,65.15211486816406,341148
2010-04-08,63.74356268236936,64.93726235806916,63.26608281208944,63.46901321411133,317848
2010-04-09,63.32576848736653,64.62690406239304,63.25414942034833,63.28995895385742,240536
2010-04-12,61.40390950481193,64.10166764988702,61.40390950481193,62.08431243896485,295196
2010-04-13,62.56179830592094,63.73162983947116,61.69039898286466,61.9530143737793,234308
2010-04-15,60.91447956617421,65.7250867416692,60.91447956617421,64.53138732910156,1114212
2010-04-16,63.313829043007104,65.53410736172154,63.313829043007104,64.92532348632812,401720
2010-04-19,62.430485761366,63.92261018204874,62.12012679616949,62.7408447265625,364644
2010-04-20,62.54987094264386,64.93727059694324,62.54987094264386,64.6507797241211,514896
2010-04-21,65.62960637532697,66.46519614401988,64.10167225544144,64.54334259033203,381332
2010-04-22,63.03927031837585,70.04628813371532,63.03927031837585,68.649658203125,2343964
2010-04-23,69.47332622821514,74.65398611555305,67.3843516423152,73.7109603881836,4132012
2010-04-26,72.14721592483208,76.3729086754323,68.50643168124995,73.8900146484375,2019640
2010-04-27,74.48686449149608,75.17920889019351,72.09946498856351,73.13798522949219,593968
2010-04-28,72.81567147795525,74.94045518851988,70.6908877673906,71.8487777709961,1321148
2010-04-29,71.8846007857051,74.4868647974369,70.44021970903933,71.45486450195312,339548
2010-04-30,71.86071767499865,73.47221217435494,67.32465908421801,68.67353820800781,845620
2010-05-03,67.44402674841068,69.47331604880533,65.6534773657095,66.48906707763672,535008
2010-05-04,66.60844918679855,68.66161431064148,65.65348934182653,66.10709381103516,867536
2010-05-05,64.93727111816406,64.93727111816406,62.58568098265096,63.9823112487793,732576
2010-05-06,63.02734159190866,64.81789106895151,62.56179581357172,62.812477111816406,671756
2010-05-07,60.87868231703669,62.19175193563944,58.10929766428526,58.81358337402344,1074084
2010-05-10,59.4462421189658,61.83364140085197,59.02844724463572,61.30841064453125,943796
2010-05-11,60.759303303108055,63.18251178122668,60.19826309246892,60.73542785644531,480588
2010-05-12,60.4012010516713,61.941076482906986,58.610651613380654,59.17169189453125,373624
2010-05-13,59.49398268651266,60.62799721789979,59.016502883823335,59.50592041015625,303488
2010-05-14,58.96876098063154,60.16246059562408,57.369204225117954,57.87055587768555,227716
2010-05-17,57.02303990865797,58.24061149769363,54.193969974844535,56.65299224853516,847396
2010-05-18,55.86514281755488,59.80435160597221,55.86514281755488,56.47393035888672,763240
2010-05-19,55.6264004434987,56.49779967998869,53.35837124086678,53.88359832763672,406692
2010-05-20,54.43270632819212,55.36379063717929,51.35296255888157,52.1049919128418,577384
2010-05-21,50.6128611170282,51.949806075385496,48.70294182959317,51.5439453125,500508
2010-05-24,52.23628620500383,54.76692673431212,52.23628620500383,53.04800033569336,403156
2010-05-25,51.32908206014238,52.737646110686505,50.15925792615707,50.43380737304688,257808
2010-05-26,51.09033871208349,52.45115541649253,49.92051465666981,50.72029113769531,652852
2010-05-27,50.39800215921938,52.76152607843053,50.39800215921938,51.67525863647461,437624
2010-05-28,52.61827787793784,54.134277854953794,52.307918890539305,53.00026321411133,716336
2010-05-31,53.119625834837045,55.375717079920086,52.55858563291195,53.54935836791992,692256
2010-06-01,53.04801209623617,55.1011769660506,51.32908531653787,51.97368240356445,588748
2010-06-02,52.35567340138426,53.2151350625407,50.61287098328882,51.35296630859375,352604
2010-06-03,53.00026377702619,54.51626377014355,52.24823446436991,53.6329231262207,1113412
2010-06-04,53.477747524835486,53.95522741345009,52.64215771975993,53.22706985473633,262464
2010-06-07,52.045295837153134,52.45115292015095,50.230871222374965,50.56510925292969,479312
2010-06-08,50.39799786573512,51.77075238657523,49.20429828239589,49.41916275024414,295444
2010-06-09,49.61016341680825,50.55318551122747,48.50002043945078,48.95362854003906,438968
2010-06-10,46.84077718219888,49.65790930398206,46.31555002390634,47.13920211791992,974252
2010-06-11,48.12997089046207,48.90587565563199,47.27050569342867,48.21352767944336,1283892
2010-06-14,48.34483836153266,50.67255280116201,48.34483836153266,49.40723037719727,815356
2010-06-15,50.05182432321542,50.1353847549599,48.54776569487238,49.228172302246094,577188
2010-06-16,49.70565052079269,51.28133544694569,49.70565052079269,50.66061019897461,1674584
2010-06-17,51.09034292291181,52.83314506895204,50.17119277298696,52.021427154541016,1921864
2010-06-18,52.60633838910937,52.76151786685919,50.62479649177767,50.982906341552734,536284
2010-06-21,51.68719107150161,53.45386496737013,51.68719107150161,52.90476608276367,1036676
2010-06-22,56.34262319662929,56.34262319662929,51.86624953164286,52.35566711425781,879348
2010-06-23,52.35567306395502,53.66874282156824,51.18584509417001,52.57053756713867,577484
2010-06-24,52.76152824842511,53.57324261047866,51.8065684611233,52.70184326171875,568616
2010-06-25,52.53472314203985,52.76152535049039,52.04530554935251,52.46310043334961,341376
2010-06-28,53.47774399424518,56.79622754387805,52.761524208607966,55.74577331542969,1485736
2010-06-29,55.590597084062296,57.9660587840353,55.590597084062296,57.63182067871094,2139876
2010-06-30,56.82009993957286,57.29757977099785,55.8651402767229,56.31874465942383,680692
2010-07-01,56.10387865317773,56.772351127409,55.04148678598118,55.316036224365234,541860
2010-07-02,55.62640883914874,55.817401529404734,53.74036467471689,53.967166900634766,663380
2010-07-05,54.19396312692474,54.19396312692474,52.76152357290911,53.14350891113281,480416
2010-07-06,53.26287595161934,53.680670798617626,51.48426068866394,52.90476608276367,899420
2010-07-07,52.55859973131342,54.19396988317915,52.55859973131342,52.97639465332031,555264
2010-07-08,53.4299993345384,54.19396641444752,53.29869163887846,53.4658088684082,334496
2010-07-09,53.71648885670718,54.28946328069237,53.477748906232925,53.68067932128906,239248
2010-07-12,53.9671587554128,54.91018069529915,53.72841883934629,53.88359832763672,389900
2010-07-13,54.146214389183385,54.69531693177829,53.6090495711218,54.31333160400391,308472
2010-07-14,54.91017848887343,56.78428821184207,54.6833763063001,56.10387802124024,1068144
2010-07-15,56.29487472823695,57.13046446105634,55.17279781559877,55.43540954589844,463620
2010-07-16,55.208611107481936,56.53361850263798,54.957933441985006,56.0442008972168,281148
2010-07-19,55.72190022228126,56.41424823007735,54.36108330058877,55.35185623168945,697192
2010-07-20,55.82934023882168,57.39308403830616,55.82934023882168,56.24713516235352,1116148
2010-07-21,56.58136383875249,61.081613010506594,55.7457740774207,60.72350311279297,5753312
2010-07-22,61.35616156914375,61.35616156914375,59.267187196653445,59.744667053222656,1813632
2010-07-23,60.11471516000458,60.52057231281585,58.300290233118346,58.40772247314453,666820
2010-07-26,58.83745283309767,59.684980281673866,57.79893636192581,57.98992538452149,541960
2010-07-27,58.01380912436525,58.204801817137216,56.36650489033262,56.855918884277344,303748
2010-07-28,56.85590885650367,58.16897837875901,56.34261950041118,56.70072937011719,339672
2010-07-29,56.82010724473957,57.77506703036544,56.58136729833309,56.8439826965332,399172
2010-07-30,56.676858967882765,58.264481717329446,56.676858967882765,57.15433883666992,625560
2010-08-02,57.7153761134003,59.44624054699763,57.7153761134003,58.94488525390625,969884
2010-08-03,59.47012304951826,60.37733194593478,56.11582602077021,56.40231323242188,1256712
2010-08-04,56.95141090468733,56.95141090468733,54.19396399068192,56.29487609863281,719772
2010-08-05,56.43811724498271,57.03496706205267,55.14892309726447,56.06807327270508,235108
2010-08-06,56.11581820990764,56.77235298154627,54.37301608752686,54.83855819702149,578496
2010-08-09,55.1011733583122,55.86514036117061,54.9101806968771,55.50703048706055,268196
2010-08-10,55.81739813690414,55.984515364640025,54.456581221222834,54.59982299804688,233936
2010-08-11,55.12505348258708,55.12505348258708,53.72842694853541,53.967166900634766,277816
2010-08-12,54.43270065221861,54.43270065221861,51.48426124307064,52.92863845825195,253760
2010-08-13,53.20319722631476,55.62640616654565,52.88089684931271,54.42076873779297,691040
2010-08-16,55.33991782282361,55.33991782282361,53.537430579745134,54.11040496826172,211532
2010-08-17,54.396898148511006,54.42076995737944,53.23900795335895,53.51355743408203,245296
2010-08-18,53.54936887778442,55.148925735474975,53.35837619860891,54.94599533081055,752632
2010-08-19,55.38766144538576,56.43811563633507,55.19666878079077,55.877079010009766,1026012
2010-08-20,55.14892081327216,57.297580065737314,55.14892081327216,56.46199035644531,1411464
2010-08-23,56.66492521744612,57.01109739576843,55.88902042612126,56.08000946044922,311412
2010-08-24,56.00839438014434,56.46199883327981,54.93406459261893,55.06536865234375,304380
2010-08-25,54.43270863582524,54.9101885361395,52.91670849517446,53.27481842041016,525320
2010-08-26,53.66873678897881,53.93134852525323,51.56782468437238,51.94981002807617,733544
2010-08-27,52.43922682465416,53.62099245234477,50.39800323402292,50.62480545043945,582136
2010-08-30,51.52008244374432,52.4869799793015,50.89935711050492,51.0426025390625,306224
2010-08-31,51.72299817482392,51.72299817482392,49.12073470703528,49.64596176147461,331944
2010-09-01,53.0718865180794,53.0718865180794,49.431102630135534,50.24281692504883,609284
2010-09-02,51.04260137254634,52.26017291592933,50.67255372629841,51.34102630615234,621452
2010-09-03,51.532020065547215,52.17661720698536,50.75611522201105,51.44845962524414,419172
2010-09-06,52.26016337327648,53.45386288973215,51.90205351833978,52.8331413269043,639948
2010-09-07,52.95251356188287,53.692605108269326,52.64215094564507,52.8450813293457,330452
2010-09-08,52.475038158611696,52.84508578444272,51.38877073164279,52.46310043334961,247620
2010-09-09,52.85701722736776,52.97638718826324,51.86624800908808,52.36760330200195,318388
2010-09-13,53.227064214793856,53.42999460310553,52.76152210129997,53.09575653076172,305364
2010-09-14,52.78470230102539,53.32307753625352,52.1625783465477,52.78470230102539,333384
2010-09-15,53.09576032689053,53.09576032689053,51.97115501654789,52.114723205566406,187784
2010-09-16,51.94723047760641,52.40185700027752,50.96618968520143,51.22939682006836,202420
2010-09-17,51.87543861407523,53.11968270394969,50.72690420377178,52.186500549316406,398736
2010-09-20,51.68401784995167,52.641129291617446,51.68401784995167,52.22239303588867,230348
2010-09-21,52.60524445369498,52.88041256088317,50.72691159686531,51.0499382019043,215612
2010-09-22,51.39689385790758,51.60027788307483,50.523527328723794,50.69102478027344,158640
2010-09-23,51.06189841337154,52.2822170685427,50.49959758292266,50.667091369628906,173764
2010-09-24,50.66708698276936,51.36099131808305,50.24835072671342,50.46369934082031,187716
2010-09-27,51.15760538191603,51.205460221998905,50.15263913581448,50.45173645019531,918748
2010-09-28,51.08582724118772,51.20546618086263,50.24835466346333,50.30817413330078,202200
2010-09-29,50.499595293626136,51.49259699565447,50.18853333179263,50.47566604614258,335488
2010-09-30,50.71494348085805,51.09778953076216,49.3271311138188,50.11674880981445,227208
2010-10-01,50.5713785002716,51.08582445235324,50.14067761073623,50.40388107299805,218116
2010-10-04,50.64316635703136,51.77973638837071,50.27228853083555,51.36100006103516,502892
2010-10-05,50.36798443525185,52.25827787761151,50.36798443525185,51.30116653442383,310124
2010-10-06,52.52149546442601,52.52149546442601,50.5115627020779,51.51652908325195,190124
2010-10-07,51.77973355298983,52.25828932945403,50.94226094417749,51.12171936035156,229516
2010-10-08,51.5404556837635,52.13865040456433,51.02600968431111,51.277252197265625,232968
2010-10-11,51.875454639507936,52.43775557010233,51.5883218610032,51.76778030395508,340596
2010-10-12,51.79169751687205,52.16257896911834,51.205467428400574,51.38492584228516,175876
2010-10-13,51.77972257836314,53.74180376687914,51.46866431046236,53.23931884765625,979828
2010-10-14,53.16754273279834,53.837521508455005,52.198466615428025,52.461673736572266,288952
2010-10-15,53.0718328239595,53.52645932104405,51.396887717304,51.48063278198242,201628
2010-10-18,53.20343725597561,53.35896641513504,50.72690977582344,52.19846725463867,156992
2010-10-19,52.59327785768912,53.53842473735957,52.41381945074824,52.6650619506836,358792
2010-10-20,51.92329677960055,52.641130375631896,51.241353402934585,51.67205429077149,136440
2010-10-21,53.17950456937263,53.17950456937263,51.46866932487735,51.91133117675781,111092
2010-10-22,52.35399988689817,52.40185473177756,51.10975566458094,51.37295913696289,116180
2010-10-25,51.77972528106214,52.15060667879092,50.87047237190803,51.073856353759766,119464
2010-10-26,51.3968912683935,51.68402400486906,50.76280267212371,50.966190338134766,136552
2010-10-27,51.15760400477382,51.40884647230843,49.53051392812464,50.021034240722656,355892
2010-10-28,50.152641127772426,50.70297728721915,49.08785172541324,49.50658798217773,125356
2010-10-29,49.50658975141009,50.439775633346194,47.79575444449637,48.2025260925293,282924
2010-11-01,49.12374545606635,50.00907280907106,47.85557206609671,48.37001800537109,360768
2010-11-02,49.2433846524482,50.248350941051136,48.77679355249938,49.35105895996094,401784
2010-11-03,51.67205498627158,51.67205498627158,48.2144905157336,48.824649810791016,265128
2010-11-04,49.17160210617185,49.865506466212025,48.645191524304416,49.31517028808594,169840
2010-11-08,50.20049331259298,50.72690384872968,49.05195891032823,49.4467658996582,91304
2010-11-09,50.20050458042424,52.97612605355604,49.07589917100485,51.20547103881836,754480
2010-11-10,51.79169541906613,52.7966617658958,51.06189716861092,51.37295913696289,538836
2010-11-11,51.64813005192824,52.54542207054346,50.27228229005157,50.8106575012207,294808
2010-11-12,50.84654626323731,53.63413192735037,50.451739246806,51.18153381347656,737160
2010-11-15,51.77972729283377,52.13864408178896,50.48762831303121,50.75083541870117,232576
2010-11-16,51.3011720717608,51.3011720717608,48.38198289016544,49.35105895996094,201872
2010-11-18,49.63819287457392,49.63819287457392,45.8695664620626,47.19755935668945,380952
2010-11-19,47.58040531736868,48.011102557132325,46.41990620188534,46.862571716308594,231972
2010-11-22,47.10185216232138,48.09485390438865,46.75489631527288,47.56844329833984,173444
2010-11-23,46.994173989054666,47.85557581414556,45.79778459370103,47.38898468017578,188996
2010-11-24,47.855572143704144,49.91336320631959,46.65918284011154,46.7668571472168,95428
2010-11-25,47.915392836692,48.13074145642071,44.27836999079165,44.61335754394531,260504
2010-11-26,44.93638145513409,46.40793878840529,40.19867924273639,41.65827560424805,543036
2010-11-29,49.65017117164047,49.65017117164047,40.22262205779932,41.56257629394531,377184
2010-11-30,41.35918543601332,45.965284895254605,40.37814461023206,42.28040313720703,115716
2010-12-01,42.59146141884933,46.41990738908298,42.12487029644522,45.199588775634766,317396
2010-12-02,45.893496610870464,46.44383644706095,44.38604528603239,45.175662994384766,300216
2010-12-03,45.31922739931516,46.455797288881264,43.81177972981574,46.132774353027344,727848
2010-12-06,46.515618481345335,47.97521501197127,46.180630909279074,46.922393798828125,291088
2010-12-07,47.125778726733365,47.85557700629756,45.2953043666788,46.19259643554688,202252
2010-12-08,46.18062951594337,47.13774100850178,44.99620477412046,45.199588775634766,90620
2010-12-09,45.42690048124391,46.288298535387845,41.27542839657283,42.20861053466797,199392
2010-12-10,42.44789310637561,46.18062937652021,39.52870379310384,43.08198165893555,180052
2010-12-13,43.751957615902334,45.41493799194891,43.35714696117091,44.29033279418945,299620
2010-12-14,45.57047446584387,45.94135593407149,44.74496645662171,45.71404266357422,178808
2010-12-15,45.94134534459597,45.94134534459597,44.26640046224092,44.36211013793945,96756
2010-12-16,43.78785265488124,44.67318009309511,43.66821371320123,44.38604736328125,135096
2010-12-20,44.362119059492514,45.41494395935784,43.20162349113053,43.81178283691406,108064
2010-12-21,44.25443584000608,45.22351182358666,44.25443584000608,44.36211013793945,134128
2010-12-22,44.38604517761803,44.864600920772936,44.29033548942327,44.68514251708984,71784
2010-12-23,44.73299942179596,45.31922950394708,44.386047222244535,44.54157638549805,131860
2010-12-24,44.613357037080696,46.58739941616472,44.50568272843966,46.01313400268555,141672
2010-12-27,46.06099034139066,47.13774076495564,45.94135140543899,46.4677619934082,88308
2010-12-28,46.30026964353252,46.99417403305099,46.18063070388514,46.74293518066406,89276
2010-12-29,47.83164532691303,48.3102010726594,46.1806294645243,48.094852447509766,177116
2010-12-30,48.81268311746736,51.56437848928537,48.81268311746736,49.45873260498047,1355976
2010-12-31,49.98514748502176,50.59530680696282,48.9442909015606,49.17160415649414,383184
2011-01-03,49.62622691268187,49.94925348547922,49.06392612996665,49.50658798217773,153452
2011-01-04,49.650155621933706,50.20049542651538,49.18356452823481,49.45873260498047,191760
2011-01-05,49.494623151643424,49.721936371663,47.66414546697081,47.90342330932617,127800
2011-01-06,48.37001585154083,48.54947423879773,46.8506036967532,47.06595230102539,86104
2011-01-07,47.22149012621222,47.85557503498958,46.00117150238373,47.00613784790039,184672
2011-01-10,46.81471252603344,47.34112674652365,45.52261352377125,46.16866302490234,142256
2011-01-11,46.16866151894713,47.13773756457913,45.00816610966118,46.360084533691406,97172
2011-01-12,46.611327171754695,47.62825806177795,46.611327171754695,47.49665451049805,110308
2011-01-13,47.5205918734778,48.09485736667334,46.77882893126685,47.20952987670898,97244
2011-01-14,46.41990370508996,46.89845941338985,44.8645976531153,45.37904357910156,83824
2011-01-17,45.40297615608021,45.40297615608021,43.07001690695356,44.039093017578125,88820
2011-01-18,44.13480875208703,44.88853634187023,43.15377153435213,43.584468841552734,63348
2011-01-19,43.656243688515374,44.46979058195768,43.153762386271005,43.440895080566406,73436
2011-01-20,43.261446171590805,44.26641264742217,42.83074521020848,43.27341079711914,53764
2011-01-21,43.56053131272611,43.68017023220568,42.6153845790556,42.73502349853516,99648
2011-01-24,42.830739162679365,43.21358521898313,42.11290554542776,43.08198165893555,130876
2011-01-25,43.14180228736711,43.8835615211562,43.08198281765392,43.668212890625,55964
2011-01-27,43.82373723471952,43.96730540668767,42.112902049398805,42.1487922668457,90524
2011-01-28,42.1607609093849,42.71110075294631,40.43796093696317,40.701168060302734,106628
2011-01-31,40.90454804867282,40.90454804867282,38.810866844722575,39.56459426879883,202336
2011-02-01,39.70816130578334,40.19868166344226,38.284458727087866,38.48784637451172,116552
2011-02-02,38.76300600294314,39.959395077108056,38.0451725584442,39.062103271484375,482100
2011-02-03,39.19371848672212,39.42103174837624,38.763017561377545,39.24157333374024,242644
2011-02-04,39.42103610780622,40.80884873134936,39.002299760682334,39.289432525634766,174828
2011-02-07,39.48084652991846,40.36617387340159,39.24156867216138,39.3253173828125,198504
2011-02-08,39.66030596993054,40.0790422320565,37.10003355457845,38.61944580078125,374212
2011-02-09,38.28445704869191,38.99032599530909,37.56662347902893,38.0332145690918,366256
2011-02-10,38.03321436290607,38.76301255165845,38.03321436290607,38.49980545043945,129044
2011-02-11,38.810873795970906,39.48085263145006,38.29642778272474,39.36121368408203,104896
2011-02-14,39.81583998978009,41.63435343952922,39.36121345288826,41.45489501953125,172004
2011-02-15,41.44292369797383,43.548569549254765,41.44292369797383,42.81877136230469,99704
2011-02-16,42.04111951040799,43.54857076718238,42.04111951040799,42.75895309448242,81076
2011-02-17,42.80681271596296,47.1855987979313,42.25647649426592,46.575439453125,670448
2011-02-18,46.67115438453533,47.01810660381091,44.75693121491452,45.40298080444336,359744
2011-02-21,45.5584960008124,45.7618836106289,44.027119395324014,44.876556396484375,74664
2011-02-22,44.21855311932314,44.74496372707053,42.55557257733197,42.89056015014648,184396
2011-02-23,43.04608912485134,43.18965731319852,37.7101953250351,41.90951919555664,226396
2011-02-24,42.06504996527267,42.11290480870082,40.952405687343024,41.40703582763672,74580
2011-02-25,41.70613884479485,41.8616680198976,39.22961111077343,40.5934944152832,109808
2011-02-28,40.019223461677335,42.56753129790399,39.97136861824919,41.40703582763672,252044
2011-03-01,41.68220366414413,43.42893282191014,41.395070954217374,43.16572570800781,134376
2011-03-03,42.60342420061561,43.89552319926479,42.38807193344712,43.09394454956055,67384
2011-03-04,43.357153458178345,44.19462608323016,42.86663304757268,43.39304733276367,83904
2011-03-07,43.39304527892881,43.54857444149787,42.13683640080868,42.579498291015625,62672
2011-03-08,42.54360567285164,43.64428167531384,42.32825340093541,42.69913482666016,71724
2011-03-09,42.71109815123959,43.07001494242648,41.67023799636146,41.77791595458984,154928
2011-03-10,41.7898766748374,42.20861292869785,41.27543073767356,42.08897399902344,79756
2011-03-11,42.08898085066394,42.08898085066394,41.17972775799391,41.37114715576172,113848
2011-03-14,41.39507621062962,41.56257000843132,40.70117176926932,41.191688537597656,71880
2011-03-15,41.19168165412818,41.514708221765375,39.22960395542132,40.772945404052734,58736
2011-03-16,41.14383033739995,41.49078252982239,40.36617723492971,40.9045524597168,53472
2011-03-17,40.90454943310531,40.90454943310531,40.22260972282084,40.6413459777832,48628
2011-03-18,40.68920009962198,40.89258408635087,39.55263028483416,39.94743728637695,68904
2011-03-21,40.35421243977399,40.976336379549394,39.779946996204885,40.079044342041016,38560
2011-03-22,40.97633208502898,41.01222230233159,40.1986790673569,40.521705627441406,59676
2011-03-23,40.94044358171645,41.00026304711867,40.19868075029274,40.35420989990234,36460
2011-03-24,40.77295076973988,41.131867602752,40.43796318603157,40.737060546875,84980
2011-03-25,40.73705532397254,41.56256320384378,40.65330661323748,41.263465881347656,79628
2011-03-28,40.725084834547104,41.0241821139593,40.1986743529996,40.76097869873047,102600
2011-03-29,40.76098355825852,41.02418700486649,39.81583312176318,40.21064376831055,109952
2011-03-30,40.42599183519828,41.87362355103792,40.2106432316576,41.76594924926758,148324
2011-03-31,41.51471183511476,42.8307401641818,41.45489236561171,42.04112243652344,111264
2011-04-01,41.99326262302906,42.92644477643806,41.99326262302906,42.74698638916016,88996
2011-04-04,42.96234139260327,44.26640502668481,42.1248688650714,43.94337844848633,116012
2011-04-05,44.17069866440627,44.84067381596659,43.08198356648463,44.05105972290039,213340
2011-04-06,44.80478359395112,49.84158376156671,43.60839417889235,44.05105972290039,1117312
2011-04-07,44.27837142081007,45.65421919963149,43.8476705163522,44.88853073120117,465636
2011-04-08,44.74497082464884,45.59440816677888,43.859643255128056,44.13481140136719,208016
2011-04-11,44.02712618609922,45.27137032635786,43.97927134437589,44.182655334472656,316396
2011-04-13,44.1826604505202,45.46279860862031,43.811782645901474,44.76889419555664,295740
2011-04-15,44.744965604556505,44.96031424596027,44.03909655652098,44.50568771362305,116800
2011-04-18,44.50568149129672,45.15173097627489,43.69213823630056,43.979270935058594,203812
2011-04-19,44.02712863452026,44.02712863452026,43.08198176633427,43.57250213623047,69772
2011-04-20,43.78784999145973,44.350154443589545,43.3571490973912,43.99123764038086,82432
2011-04-21,43.90749196097919,46.060992929092606,43.787853018306215,45.54654693603516,351536
2011-04-25,45.72600081886887,45.94134943390412,44.864599056547,45.49868392944336,172208
2011-04-26,44.57746733526832,46.39597693311849,44.57746733526832,46.06098937988281,197524
2011-04-27,46.06098884191269,46.77882243425418,45.84564022464642,46.65918350219727,165764
2011-04-28,46.89845988004029,47.11380849048189,45.343153812589975,45.73796081542969,75452
2011-04-29,45.51065609086268,46.898468648432456,45.28334281487675,46.30027389526367,348944
2011-05-02,46.65918537163562,47.6162968664384,45.22351812943145,45.69010925292969,319220
2011-05-03,45.893495280998856,45.893495280998856,43.285364359356514,43.45286178588867,103184
2011-05-04,42.48378785842954,43.54857368253718,42.07701619710749,42.3521842956543,89400
2011-05-05,41.90952167130968,43.24947933807079,41.89756069748308,42.28040313720703,64772
2011-05-06,41.89755615928397,43.07001625238491,41.89755615928397,42.69913482666016,35804
2011-05-09,42.9144870985764,43.65624629893538,42.136834027352776,42.69913482666016,73764
2011-05-10,42.11290324539448,42.93841112992987,41.77791570274226,42.08897399902344,43800
2011-05-11,43.07002091758086,43.07002091758086,42.11290934163462,42.28040313720703,45220
2011-05-12,41.99326875557323,43.26144227442124,41.92148465996094,42.78288650512695,63512
2011-05-13,42.24451446533203,42.99823839864021,42.11291088858699,42.24451446533203,23420
2011-05-16,42.112907321736415,42.83074096926602,41.22757988666806,41.62238693237305,36632
2011-05-17,40.94044686374709,42.065052173245846,40.58153004256085,40.95240783691406,55416
2011-05-18,40.33028517619114,41.51470988654003,40.33028517619114,41.072044372558594,32536
2011-05-19,40.94044672673556,44.48175642971589,40.94044672673556,42.0650520324707,66360
2011-05-20,42.13683415713598,44.457828754334045,42.13683415713598,43.99123764038086,247532
2011-05-23,44.26640905939776,44.98424271982043,42.61539310086195,42.986270904541016,167864
2011-05-24,43.656249702724914,43.656249702724914,41.55060356932835,41.849700927734375,82828
2011-05-25,42.83074536548912,42.83074536548912,40.67724420186118,40.8447380065918,79924
2011-05-26,40.713128792234656,42.112905815281096,40.00725979429892,40.36617660522461,138376
2011-05-27,40.73705376123326,41.29935816639122,40.43795645021099,40.65330505371094,126428
2011-05-30,40.76099060600394,41.83774112643279,39.74405955893226,40.31832504272461,139808
2011-05-31,40.808840602460165,40.90455028801576,40.18671669307746,40.55759811401367,80548
2011-06-01,40.79688185118774,41.8257775489139,40.79688185118774,41.55060577392578,204072
2011-06-02,40.76099148893543,40.76099148893543,39.54067274557949,40.39011001586914,287624
2011-06-03,38.55962979754023,41.32329010597513,38.55962979754023,40.68920516967773,137180
2011-06-06,40.6772459301996,41.14383713859246,40.3183290543449,40.8327751159668,71500
2011-06-07,40.067075506754335,41.75398509018621,40.067075506754335,41.01222229003906,81176
2011-06-08,40.70116771212368,41.275433147654816,40.67723846435547,40.67723846435547,32156
2011-06-09,40.24653249331869,41.13185978288119,40.198677654899925,40.89258193969727,63592
2011-06-10,40.461887110583255,41.25150111842467,40.25849947153905,40.772945404052734,149804
2011-06-13,40.44992367624511,40.97633424730628,40.44992367624511,40.71312713623047,40532
2011-06-14,40.67724054518158,41.55060336703888,40.62938569828776,40.68920516967773,120328
2011-06-15,40.48581578181837,41.15579456306311,40.48581578181837,40.701168060302734,32188
2011-06-16,39.60048845368343,41.10793980177591,39.60048845368343,40.23457336425781,84172
2011-06-17,40.31832704006859,40.31832704006859,38.81087550657184,39.34925079345703,146804
2011-06-20,39.361212258810525,40.04315569455146,37.56662811327205,38.1050033569336,87324
2011-06-21,37.80590591855614,38.99033072186237,36.035251025844886,36.633445739746094,152956
2011-06-22,35.4131236786094,37.327346580155854,35.4131236786094,36.50183868408203,87852
2011-06-23,35.42508990854599,37.04021555497432,35.42508990854599,36.15488815307617,48300
2011-06-24,36.21470821325944,37.56662676044425,36.01132055698637,37.33931350708008,97052
2011-06-27,36.14292528471392,37.7700156340686,36.14292528471392,37.27949523925781,37788
2011-06-28,36.41809371190675,37.6982318692246,36.41809371190675,37.147891998291016,25220
2011-06-29,36.62148281670961,38.272498843347975,36.430059769149416,37.75805282592773,103564
2011-06-30,37.80590550428731,37.92554444575657,37.08807185547173,37.25556564331055,40156
2011-07-01,37.566628255120015,38.236607068868985,37.1120017303033,37.9494743347168,63756
2011-07-04,38.49980549061985,39.480846158634165,38.069108271579736,38.65533828735352,113652
2011-07-05,37.82984245393254,39.7919207632251,37.82984245393254,39.39710998535156,350296
2011-07-06,40.27046608382482,40.37814039465914,39.48084838588894,39.80387496948242,300980
2011-07-07,40.1986874031348,40.42600067906528,39.43299884948377,39.61245727539063,126808
2011-07-08,39.720129975237214,40.07904681236285,38.906586604855455,39.1578254699707,64560
2011-07-11,39.49281431175307,40.150828473214574,39.14586212047332,39.4329948425293,95176
2011-07-12,39.24157285811032,39.69619937590822,38.33231617142376,38.54766845703125,49936
2011-07-13,38.30838749836004,39.2176404609612,38.30838749836004,38.61944580078125,40080
2011-07-14,38.48785167127076,39.46888887050998,38.36821272128371,39.2774658203125,63780
2011-07-15,38.76302027953503,39.7201318913754,38.76302027953503,38.990333557128906,49092
2011-07-18,39.00228978380745,39.57655516681391,38.34427569236284,38.76301193237305,64184
2011-07-19,38.5357056774608,39.67227567745709,38.5357056774608,39.36121368408203,43224
2011-07-20,39.27746403380044,40.39010840872665,39.07408001872785,40.09101104736328,111256
2011-07-21,39.480847197979024,40.40206842636804,39.480847197979024,39.86369323730469,123112
2011-07-22,39.36121101202505,41.61042160941879,39.36121101202505,40.7490234375,771244
2011-07-25,39.86369450283112,41.63434927597067,39.86369450283112,40.784912109375,219848
2011-07-26,40.737057961416696,40.88062614594604,39.66030753071846,40.03118896484375,78576
2011-07-27,39.552639584072274,41.131871612627705,39.552639584072274,40.426002502441406,62604
2011-07-28,39.52870922241876,40.04315890943037,38.79891088108951,39.34925079345703,42788
2011-07-29,39.00229152720272,39.39709853928117,38.46391633741004,38.75104904174805,43696
2011-08-01,38.81086846583848,39.52870205146221,37.11199783718322,37.30341720581055,65008
2011-08-02,36.86075722638908,37.65037494094582,36.43005632289535,37.29145812988281,76376
2011-08-03,36.38220977856603,37.30342761314062,36.37024515191619,36.71719741821289,56068
2011-08-04,36.15489309852229,40.29439795619928,36.15489309852229,37.23164367675781,45040
2011-08-05,35.1858082387609,36.07113554513999,34.73117813742176,35.353302001953125,103592
2011-08-08,34.69529484932084,37.32735169995897,34.240668308283354,36.28649139404297,143236
2011-08-09,34.24066213548494,37.32734497070312,34.24066213548494,35.89167785644531,128500
2011-08-10,36.3702391883415,39.00229597170832,36.3702391883415,38.15285873413086,127348
2011-08-11,37.97340092496429,38.27249829149849,37.18378314709581,37.554664611816406,75740
2011-08-12,38.28446697366586,38.75105818468917,37.08807738073881,37.24360656738281,77576
2011-08-16,37.39913195971168,39.09800265280273,36.84879212630844,37.42305755615234,94640
2011-08-17,36.138814405889846,37.759119901040805,36.00678878113237,36.49888229370117,56136
2011-08-18,36.07881043770431,36.96697734259615,34.80656957582105,35.69473648071289,60984
2011-08-19,34.83057264402422,35.57471083679609,34.32647607569456,34.74655532836914,93188
2011-08-22,33.8463880371515,35.52670517374768,33.8463880371515,34.362483978271484,53384
2011-08-23,34.68654029602257,36.24683449618968,34.36247772779094,35.57470703125,79440
2011-08-24,35.286663792893485,36.77494411826483,35.04661846096904,35.19064712524414,46084
2011-08-25,34.80657269673021,35.93478501020194,34.566527367787245,34.71055603027344,41596
2011-08-26,34.83057010093098,35.38267129103798,30.60577188880698,30.90582847595215,231812
2011-08-29,37.08699556895505,37.08699556895505,31.2058862392502,32.68216323852539,192752
2011-08-30,35.9347851379781,35.94678813702814,32.21408252613212,33.05424118041992,117144
2011-09-02,33.05423566513499,33.95440550167352,32.562142088600496,32.7421760559082,66136
2011-09-05,32.55014531414555,32.88620728109484,31.445935429368063,32.10606002807617,92264
2011-09-06,31.6859803792131,32.61015627206042,31.6859803792131,32.15406799316406,62260
2011-09-07,32.19007426225801,33.07824108636766,32.19007426225801,32.83819580078125,60604
2011-09-08,32.79018100321844,34.50650299122746,32.766175014278595,34.098426818847656,102128
2011-09-09,34.32647350349972,38.86332762730376,33.966405599616856,36.25883865356445,1265912
2011-09-12,35.526701714935335,35.526701714935335,34.13443834760078,34.59052658081055,151004
2011-09-13,35.97078308943714,37.92715046140883,34.27846330147885,34.5665168762207,150488
2011-09-14,34.66253338269218,35.082612579255006,33.64234104818248,34.01441192626953,90924
2011-09-15,34.32647900145352,34.69854996095249,33.6063430783461,33.76237106323242,125452
2011-09-16,34.254457057821675,34.386482680253486,33.0542307862596,33.186256408691406,115152
2011-09-19,32.946214302716456,34.12243469612685,32.64615770615255,32.73017501831055,294160
2011-09-20,32.47812525537252,33.5583289534705,32.47812525537252,32.670162200927734,157672
2011-09-21,32.646156185963115,33.318283663528256,32.646156185963115,32.94621276855469,165344
2011-09-22,32.670166556303506,32.766183210481394,31.769996687883687,32.02204132080078,144628
2011-09-23,31.68597939764006,31.806002046873544,29.765617009904297,31.193885803222656,160160
2011-09-26,32.33410119536492,32.33410119536492,29.165503966168465,30.341726303100582,153120
2011-09-27,30.521757031604608,31.43392797624259,29.765614050336207,30.257707595825195,107240
2011-09-28,31.169883469650937,31.169883469650937,29.765617008562245,29.81362533569336,109316
2011-09-29,29.40554411280787,30.46174361456832,29.40554411280787,30.281709671020508,73668
2011-09-30,29.561574958798985,30.101676808845006,28.805432002454545,28.99746894836425,81336
2011-10-03,28.8054358133128,29.52557170864561,27.797246292406967,28.433364868164062,66432
2011-10-04,28.073295665560103,28.673408884844417,27.13712050859674,27.50918960571289,98872
2011-10-05,28.60139607476661,28.60139607476661,25.97289910510881,26.164936065673828,190668
2011-10-07,26.41698252377281,27.521190392291327,25.92488899092213,26.42898368835449,133348
2011-10-10,26.53700756473637,26.86106834023324,26.51300157059568,26.63302421569824,88216
2011-10-11,26.88507006361393,27.581201708326805,26.537005156957523,26.717039108276367,282836
2011-10-12,26.765048519672305,27.341157553640343,26.416983598837515,26.83706283569336,159208
2011-10-13,26.94508043622676,27.60520490125681,26.68103101649473,26.849061965942383,181384
2011-10-14,26.765048068968625,26.8850707060492,26.500998633671376,26.62102127075196,71064
2011-10-17,26.669029235839844,27.245138252390674,26.561009596474097,26.669029235839844,86700
2011-10-18,26.41698237031148,26.729040118623445,25.87688051947149,26.176937103271484,124720
2011-10-19,26.236954423474508,26.87307306156477,26.16494009432444,26.68103790283203,141304
2011-10-20,26.16493909728472,26.56101422971636,26.16493909728472,26.272958755493164,77456
2011-10-21,26.284957663503825,27.60520667856566,26.284957663503825,26.87306785583496,1222036
2011-10-24,27.06510675199401,27.47318301702496,26.885072782468555,27.14912223815918,90836
2011-10-25,27.00509357243711,27.593203766565694,27.00509357243711,27.425172805786133,251020
2011-10-28,29.285525165116013,29.76561574159333,28.385355334221053,28.889450073242188,184440
2011-10-31,28.337348460028817,29.021477200256896,28.337348460028817,28.67341041564941,49136
2011-11-01,28.697412851170217,28.697412851170217,28.097299674285857,28.36134910583496,78612
2011-11-02,30.19769579338112,30.19769579338112,27.77323709364824,28.36134910583496,70024
2011-11-03,27.88126213619378,28.757427852970487,27.88126213619378,28.38535690307617,87364
2011-11-04,28.20532002973716,29.045478498708054,28.20532002973716,28.81743621826172,94900
2011-11-08,28.925457490188823,29.2735224286725,28.325344264251296,29.12949562072754,55040
2011-11-09,29.28552410031153,29.513566383286687,28.817436537825625,29.04547882080078,169552
2011-11-11,29.16550286076649,29.16550286076649,26.705038627656567,28.56538963317871,173976
2011-11-14,28.805434924213824,29.40554815180161,27.62921263186172,28.56538963317871,198276
2011-11-15,28.56538945305056,28.78143057989989,28.349348326201223,28.589393615722656,103568
2011-11-16,28.529384015491264,28.79343348362389,28.21732621911646,28.613399505615234,136740
2011-11-17,28.56538767448755,28.805432949063075,28.56538767448755,28.577390670776367,73536
2011-11-18,28.56538767448755,28.66140615059778,28.56538767448755,28.577390670776367,94636
2011-11-21,29.45355623807792,29.45355623807792,28.565389401026263,28.601396560668945,67280
2011-11-22,28.56538963317871,28.661408115872803,28.097302048220328,28.56538963317871,81892
2011-11-23,28.56538963317871,28.61339795882564,28.56538963317871,28.56538963317871,114000
2011-11-24,28.565393488410148,29.045484135274187,28.44537082669414,28.82944297790528,204788
2011-11-25,28.56538767448755,29.033475227349783,28.56538767448755,28.577390670776367,28428
2011-11-28,29.285526077742976,29.285526077742976,27.845254303427748,27.92926979064941,50496
2011-11-29,27.845252971193226,28.18131673540145,26.76504919213832,27.01709747314453,30940
2011-11-30,26.404978601202163,27.58120074153572,26.404978601202163,26.849061965942383,45516
2011-12-01,27.60520490125681,27.809243005986097,26.52500123120763,26.849061965942383,48076
2011-12-02,26.84906703709272,27.461183298294788,26.537009238978207,26.94508552551269,68524
2011-12-05,27.173124760057927,27.48518435428232,26.705037200121467,26.83706283569336,35324
2011-12-07,26.88507052584812,27.23313543848879,26.52500261701979,26.6450252532959,45076
2011-12-08,26.20094468846237,26.981091908316632,25.36078614400394,25.67284393310547,45724
2011-12-09,25.852877053216744,25.864880050301338,24.48461962998364,24.68865776062012,652056
2011-12-12,24.72466402295185,25.924890431833003,24.47261574452674,25.66084098815918,81116
2011-12-13,25.20475750561434,25.660843960091245,24.736669884498795,24.952709197998047,16128
2011-12-14,24.628647628847283,24.90470009253862,24.352595165155947,24.520627975463867,18252
2011-12-15,24.316587605740843,24.34059176746988,23.08035404699407,23.72847557067871,36216
2011-12-16,23.284392171569785,24.604641212225804,22.92432425139087,23.17637252807617,49224
2011-12-19,22.18018850630621,23.284396640503605,21.184000036334464,21.724102020263672,46080
2011-12-20,21.14798944398942,21.772106824663982,20.16380413237951,20.29582977294922,65076
2011-12-21,21.448046440101923,21.460049437243093,19.44366862134236,19.683713912963867,74932
2011-12-22,21.123984464030805,21.123984464030805,18.26744528954661,18.447479248046875,206536
2011-12-23,18.483488199299902,18.81955198738542,18.02740176056959,18.1954345703125,154884
2011-12-26,17.81135853772078,18.45948187415865,17.81135853772078,17.943384170532227,81592
2011-12-27,18.1834269837066,18.195429978301988,16.86317815980711,17.16323471069336,108928
2011-12-28,16.935192811386898,17.52330293060761,16.935192811386898,17.11522674560547,57884
2011-12-29,16.803167974992128,17.3072626479619,16.683145346599325,17.271255493164062,104428
2011-12-30,16.92319393361666,17.66733400980768,16.92319393361666,17.331270217895508,58560
2012-01-02,17.379279157956756,17.391280323475527,16.815173099368835,16.959199905395508,70868
2012-01-03,16.95919831693229,18.099413324230216,16.95919831693229,18.03940200805664,83264
2012-01-04,18.039402466876105,18.351460220075648,17.45129045457684,17.967388153076172,32392
2012-01-05,17.775353654466567,18.963577053755767,17.775353654466567,18.71152877807617,84252
2012-01-06,18.819554449218213,20.52387594504092,18.483490617171352,20.0197811126709,196368
2012-01-09,20.4038498618386,23.740479793760493,20.31983437574637,22.44423484802246,247932
2012-01-10,22.44423215281345,26.320963527306688,22.44423215281345,23.96851921081543,306880
2012-01-11,23.76448258794554,25.108735782195765,23.29639502710667,24.02853202819824,111824
2012-01-12,23.524437720288496,24.72466413458893,23.28439243742841,23.416418075561523,92656
2012-01-13,23.23638317035512,24.58063633353432,23.23638317035512,23.83649635314941,54652
2012-01-16,23.5244379978554,24.688657267183505,23.5244379978554,24.484619140625,59504
2012-01-17,25.20475527023108,26.32096622704993,25.144743948159103,25.55282020568848,333060
2012-01-18,25.684846512716,25.972900133569528,24.48462004015917,24.628646850585938,109660
2012-01-19,24.91669794457788,25.624830706964456,24.91669794457788,25.27676582336425,39384
2012-01-20,25.144744620265733,25.44480123864599,24.700661191343,24.904699325561523,127476
2012-01-23,24.724664339177355,25.56482283613969,24.184562448272995,25.336780548095703,100936
2012-01-24,25.348782592704325,26.28495960235596,25.060728973457785,25.20475578308105,88644
2012-01-25,25.68484696097996,25.68484696097996,24.62864728041661,24.844688415527344,133400
2012-01-27,24.84468836300385,25.42079744494777,24.60464306481058,24.85669136047364,59828
2012-01-30,24.796679461084537,24.83268478985861,23.21237906461622,23.54844284057617,90432
2012-01-31,24.31658704792736,24.31658704792736,23.764482183823933,24.088542938232425,49596
2012-02-01,24.24457511752067,25.180752146754497,24.24457511752067,24.85669136047364,65908
2012-02-02,24.73666794196526,25.684846107776348,24.54463097682366,24.964710235595703,104068
2012-02-03,24.484620415713945,25.43279861101726,24.484620415713945,24.85669136047364,70804
2012-02-06,25.20475340436153,27.60520610953882,25.20475340436153,26.39297676086425,314820
2012-02-07,26.87306999224948,27.22113676818632,25.57682686680272,25.73285484313965,126524
2012-02-08,25.44479790679336,26.512998595792126,25.264763959339632,25.94889259338379,53960
2012-02-09,26.969084240153048,26.969084240153048,25.444797225473096,25.768857955932617,97656
2012-02-10,26.825060599440828,27.60520777571092,25.828872300385136,26.164936065673828,185916
2012-02-13,25.92489243881928,26.513002692139786,25.92489243881928,26.20094490051269,53088
2012-02-14,26.885071974008376,26.885071974008376,25.86487951070896,26.15293312072754,76364
2012-02-15,26.404979090536795,28.3253412062122,26.236948137975208,27.905261993408203,469004
2012-02-16,28.80543282594955,30.245704467247027,28.181315481000663,29.42955017089844,522416
2012-02-17,30.485752017155523,30.485752017155523,28.37335271962717,28.553386688232425,257536
2012-02-21,28.81743848365064,29.357540399018845,27.70122749227628,27.92926979064941,112172
2012-02-22,29.285525519646924,29.285525519646924,26.10492541198036,26.344970703125,132148
2012-02-23,26.404984831337973,27.077112450514026,25.276772575650067,26.212947845458984,55524
2012-02-24,26.1649393664865,26.849068148779686,25.20475810533103,25.420799255371094,55820
2012-02-27,25.6848455043734,25.69684850118785,23.548442100813705,23.932514190673828,128532
2012-02-28,24.71266081815964,25.79286457705461,24.040535133687285,25.40879249572754,176096
2012-02-29,25.62483462698386,26.152933530764425,25.024721403869485,25.264766693115234,110508
2012-03-01,25.768861434251267,25.816871590940547,24.84468743693517,25.264766693115234,91300
2012-03-02,25.34878469447834,25.68484849906393,24.95270956162391,25.180753707885746,74180
2012-03-05,24.96470764012372,25.396789851070483,24.604639741468084,24.7846736907959,79332
2012-03-06,24.724665986291875,25.204756587967445,24.3645980350352,24.532629013061523,28776
2012-03-07,24.29258636368764,24.29258636368764,23.740483210340493,23.884510040283203,137076
2012-03-09,24.004528896454527,24.388600992517755,23.764483607489986,24.160558700561523,281776
2012-03-12,24.292582463184097,25.204755292027063,24.292582463184097,25.000717163085938,40520
2012-03-13,25.000717163085938,25.13274097291833,24.604642070788326,25.000717163085938,124340
2012-03-14,24.976714671785388,25.444802283112708,24.96471167399737,25.036725997924805,91160
2012-03-15,24.50862393598377,26.368974948153653,24.244574481181644,25.78086471557617,137392
2012-03-16,26.164936450900623,26.885072316521743,25.516814904401706,25.828872680664062,138616
2012-03-19,25.44480202225632,25.672844326688114,24.40060532441549,24.520627975463867,72772
2012-03-20,24.42460833146022,26.39297898286056,24.42460833146022,24.964710235595703,186216
2012-03-21,24.72466557937215,26.1649373606948,24.72466557937215,25.972900390625,684384
2012-03-22,26.284961972419737,26.76505260205297,24.844690083520028,25.1567497253418,389732
2012-03-23,25.20475592769099,26.16493710588874,25.20475592769099,25.73285484313965,151076
2012-03-26,25.92489289222804,25.92489289222804,24.748670533615403,25.036725997924805,137772
2012-03-27,25.08473169743176,25.36078413502324,24.5326268222488,25.13274002075196,138244
2012-03-28,24.55663299560547,25.15674619851469,24.316587714441777,24.55663299560547,139248
2012-03-29,24.24457679647848,25.20475805574496,24.24457679647848,25.1567497253418,43704
2012-03-30,24.844685912615727,25.648837215971096,24.844685912615727,25.21675682067871,121864
2012-04-02,25.864880789601663,27.24514124937159,25.54082000445748,26.80105781555176,232704
2012-04-03,27.365164360028984,28.205322914942155,27.365164360028984,28.109304428100582,260656
2012-04-04,28.20532388202698,28.565391846478388,27.581206443257948,27.97728157043457,111048
2012-04-09,27.72523313104148,27.84525578528841,27.19713418491512,27.71323013305664,45052
2012-04-10,27.365163463169733,28.06129518070585,27.365163463169733,27.689224243164062,164576
2012-04-11,27.36516009432875,28.18131435815891,27.137117826102685,27.629209518432617,117988
2012-04-12,27.365163589962865,28.085299473909256,27.365163589962865,27.677223205566406,63464
2012-04-13,27.365163463169733,28.01328502315839,27.365163463169733,27.689224243164062,37488
2012-04-16,27.60520851947154,28.66140816823572,27.60520851947154,28.553386688232425,99972
2012-04-17,28.39735562701437,28.88944732220336,28.34934547509836,28.45736694335937,79516
2012-04-18,28.805433000837056,30.845817838396343,28.34934661204377,29.40554618835449,627668
2012-04-19,29.10548830161657,29.921642566663564,28.577389452621485,28.757423400878903,120360
2012-04-20,28.565387904858085,30.91783234722997,28.565387904858085,29.93364524841309,434188
2012-04-23,30.125683965090023,31.1098711215,30.005661319810777,30.23370361328125,311716
2012-04-24,30.48575146211596,30.71379375230399,29.76561560080613,30.581769943237305,107960
2012-04-25,30.7137951830703,31.56595672454396,30.269711747522173,30.37773323059082,286856
2012-04-26,31.18188204132438,31.2058880357028,30.329722351497253,30.4737491607666,96488
2012-04-27,30.60577553140193,31.2058887771157,30.25771058144807,30.37773323059082,60996
2012-04-30,30.82181268209959,30.82181268209959,30.02966435192236,30.125682830810547,47596
2012-05-02,30.25770992537199,30.665786191048944,29.4055484023757,29.633590698242188,38756
2012-05-03,28.94946155000481,29.51356761410013,28.08529887400769,28.589393615722656,71572
2012-05-04,28.32534259153404,28.7934301475629,26.885070934337392,27.425172805786133,40392
2012-05-07,27.365159230701032,27.82124558415937,26.41698120044287,27.47317886352539,54432
2012-05-08,27.605209649450533,28.325345553349244,27.389168512000857,27.833251953125,41924
2012-05-09,27.60520850131401,27.94127227543614,27.37716620712412,27.44917869567871,36740
2012-05-10,27.84525405024289,28.32534463731604,27.60520875670631,27.689224243164062,24444
2012-05-11,27.12511483034341,28.08529588628477,27.12511483034341,27.629209518432617,108376
2012-05-14,27.50918688643995,27.845250622299428,27.43717440608436,27.629209518432617,37332
2012-05-15,27.821250786900208,28.07329725442457,27.605209649450533,27.833251953125,22896
2012-05-16,27.48518570052132,27.953273283384952,27.48518570052132,27.74923515319824,38696
2012-05-17,27.70122523969552,27.893260361814995,27.06510489148697,27.425172805786133,68596
2012-05-18,27.36516060046418,27.581201708326805,26.16493425833856,26.717039108276367,36948
2012-05-21,28.03729062624552,28.03729062624552,26.69303553608563,27.197132110595703,34768
2012-05-22,28.06129562664604,28.06129562664604,26.52500535731772,26.80105781555176,26040
2012-05-23,31.58996184971348,31.58996184971348,25.33678126898732,25.504812240600582,327408
2012-05-24,25.92489433984601,26.080924162801097,25.49281203495507,25.64884185791016,29616
2012-05-25,25.900887203437254,27.26914462631549,25.804868720986097,26.909076690673828,287532
2012-05-28,26.645023349582225,27.389163275047324,26.645023349582225,27.209129333496094,33164
2012-05-29,26.873067982909163,28.457368273595108,26.873067982909163,28.25332832336425,401528
2012-05-30,27.617211012900377,28.565389164367627,27.60520801598552,28.07329559326172,63588
2012-05-31,27.605210249122766,28.42136465755081,27.605210249122766,28.02528953552246,97024
2012-06-01,27.84525389166194,28.40935996198022,27.61721159666101,27.9892807006836,110584
2012-06-04,27.605209350585938,27.96527729863706,27.12511875318444,27.605209350585938,71840
2012-06-05,27.641216980693912,27.965277773158604,27.36516451622387,27.53319549560547,10488
2012-06-06,27.36516607609255,27.71323105239496,26.849068279430018,27.317157745361328,49676
2012-06-07,27.365164411454035,28.21732596559892,27.1491232735046,27.557201385498047,27640
2012-06-08,27.005095249488622,27.581204314424426,27.005095249488622,27.173126220703125,23568
2012-06-11,28.325345565644035,28.34934972950435,27.59320666380244,28.109304428100582,134132
2012-06-12,28.73342071013117,29.021476159273984,27.84525386259137,28.27733612060547,123040
2012-06-13,28.493374053597137,28.493374053597137,27.73723288538621,27.917266845703125,22440
2012-06-14,28.52938578097117,28.52938578097117,27.485189010183166,27.821252822875977,22124
2012-06-15,28.061294840192417,28.43336394181904,27.52119293628905,28.01328468322754,102468
2012-06-18,28.78142482801316,28.78142482801316,27.62920693601769,27.737228393554688,63064
2012-06-19,27.60520900770854,28.32534489486616,27.401170872627272,27.92926979064941,176808
2012-06-20,27.86926008225893,28.19332088398512,27.761240425483653,27.97728157043457,10344
2012-06-21,28.75742809035477,28.75742809035477,27.61721289878946,28.349349975585938,27924
2012-06-22,28.805434874845893,29.06948432825193,27.773239392603823,28.01328468322754,80856
2012-06-25,28.313342933903627,28.54138707202437,27.96527797493029,28.06129646301269,21484
2012-06-26,27.905266276075,28.27733722564945,27.629213813300428,27.833251953125,12412
2012-06-27,27.761232551429625,28.24132303452776,27.66521408853003,27.737228393554688,26388
2012-06-28,28.325342450823104,28.325342450823104,27.629210787022853,27.725229263305664,17576
2012-06-29,27.82124996024164,28.25333039090218,27.401170695449288,27.95327377319336,53376
2012-07-02,27.653220289752333,28.169318096987045,27.653220289752333,27.773242950439453,43104
2012-07-03,28.44536469376014,29.885636323823945,27.917265828630114,29.465557098388672,369464
2012-07-04,29.801622142868585,29.94564894586728,28.937459493476293,29.273521423339844,65420
2012-07-05,29.5255726030099,29.861636397291704,29.26152313300289,29.417552947998047,35904
2012-07-06,29.04547926460148,29.513566834239537,28.96146378176903,29.261520385742188,26300
2012-07-09,29.645597081556428,30.55777003201065,29.561581585662065,29.96965789794922,150036
2012-07-10,30.00566019580328,32.75417793717879,29.76561491423685,31.79399681091309,649032
2012-07-11,32.10605830296848,32.598151891761,30.689790691921967,30.977846145629883,201940
2012-07-12,30.72579601199128,31.43392885939508,30.02966432981457,30.96584129333496,51724
2012-07-13,30.72579579927303,31.38592031839804,30.02966412191572,30.16168975830078,46736
2012-07-16,29.933648584610594,30.7137958202225,29.28552699835468,29.729610443115234,59872
2012-07-17,29.52556808608061,30.95383670402612,28.94945907421854,29.23751449584961,47492
2012-07-18,29.28552699835468,29.957654580057373,28.99747336699656,29.729610443115234,127184
2012-07-19,30.221703821685537,31.133874868441385,29.47756375340041,30.04166984558105,96436
2012-07-20,29.765617434831643,30.437745012694418,29.537575130592657,30.02966690063477,25888
2012-07-23,29.765615000997407,30.00566028326352,29.333532760358345,29.837629318237305,95040
2012-07-24,30.005659512384145,30.22170062715333,29.54957312151588,29.94564819335937,26560
2012-07-25,29.71760682330305,30.341724193985307,29.20150909761189,29.537572860717773,71244
2012-07-26,29.285522228441803,29.873632393092304,28.80543170010669,29.03347396850586,40404
2012-07-27,29.069484852362205,29.58558260278826,28.37335313072243,28.49337577819824,24828
2012-07-30,28.32534529806156,29.393546146657147,28.32534529806156,28.973466873168945,27832
2012-07-31,29.021474441030666,29.20150839931076,28.5293808891717,28.79343032836914,21952
2012-08-01,28.5653911341494,29.045481741446032,28.493376810494777,28.90145492553711,36740
2012-08-02,29.501568731956272,30.91783641603529,28.68541431813105,29.64559555053711,43908
2012-08-03,29.477561056480187,29.75361166279744,28.937459177581,29.04547882080078,15132
2012-08-06,29.16550392602013,29.95765414792893,29.06948543981901,29.513568878173828,22120
2012-08-07,30.91783371146193,30.91783371146193,29.933646569218343,30.581769943237305,144120
2012-08-08,30.36572816445338,30.71379309069535,29.765614959622287,30.11367988586425,15744
2012-08-09,31.68597851231074,32.64615967935046,30.13768711301929,30.49775505065918,103852
2012-08-10,30.59377179356271,30.605774790746626,29.201510196039475,29.36954116821289,73548
2012-08-13,31.133874478605915,32.166069994574,30.86982684797259,31.193885803222656,254668
2012-08-14,32.14206138857013,32.14206138857013,30.593770071792605,31.00184631347656,39368
2012-08-16,30.72579718845817,31.20588776952783,30.533760223470217,30.79781150817871,48372
2012-08-17,30.605771921987124,30.809811866587093,29.90964027277564,30.053667068481445,34552
2012-08-21,30.13768644169124,30.497754371310485,29.33353326708809,29.753612518310547,77232
2012-08-22,29.525568595160696,30.077673455922923,29.141496524430494,29.441553115844727,39172
2012-08-23,29.40554706107207,30.00566026640007,29.141497617007783,29.273521423339844,68736
2012-08-24,29.285527107646928,29.40554975972745,28.93746214917355,29.165504455566406,38908
2012-08-27,29.35753643236584,29.765612647391023,28.6374006425096,28.76942443847656,28912
2012-08-28,28.97346687579753,28.97346687579753,27.317155776728303,27.59320640563965,59120
2012-08-29,27.38916904186016,28.27733777269089,27.38916904186016,27.48518753051757,41488
2012-08-30,27.425177405206785,27.725234050777978,27.1251207596356,27.317157745361328,27576
2012-08-31,27.13711817494668,27.59320271726171,26.90907407238912,27.29314613342285,22008
2012-09-03,27.36516198732736,28.517380066722257,26.789052947629912,27.07710838317871,13120
2012-09-04,27.12511717054579,27.30515113406711,26.82506056467692,27.00509452819824,24796
2012-09-05,26.88506912122402,27.79724184182555,26.66902802093419,26.849061965942383,40664
2012-09-06,26.64502557670251,27.10111196636753,26.64502557670251,26.87306785583496,44040
2012-09-07,26.89707534501472,27.509189732669537,26.765049703602774,26.933080673217773,79708
2012-09-10,26.93308243299505,29.50156829004773,26.885074104654013,28.06129646301269,191944
2012-09-11,27.845254950750103,28.54138669079892,27.665220974775423,27.833251953125,42468
2012-09-12,28.0852998501622,28.565390445891467,27.845254552297565,28.16931533813477,65912
2012-09-13,28.61339461467122,29.15349645637651,28.085295768674943,28.217321395874023,204796
2012-09-14,28.73342525773226,28.92546225422091,28.121310765300684,28.18132209777832,80796
2012-09-17,29.021474114623352,29.99365637956154,28.8654443195888,29.40554618835449,168304
2012-09-18,29.441555230775144,29.441555230775144,28.745423522407567,29.12949562072754,72228
2012-09-20,28.87640606005769,29.5151564595756,27.719420803953884,28.538951873779297,82540
2012-09-21,28.394326354334773,29.2861677646637,28.20149488449097,28.924610137939453,58108
2012-09-24,29.76824824873829,29.888767472417392,28.683575235626368,29.563365936279297,154636
2012-09-25,29.88876640505907,30.46725902585568,29.430793003637696,29.6477279663086,155320
2012-09-26,29.40669329121689,29.828510613017134,28.948719831181112,29.18975830078125,62460
2012-09-27,29.16564984544557,29.864661655817823,29.06923410626021,29.129493713378903,55276
2012-09-28,29.40668942062915,30.15390821024311,29.40668942062915,29.50310516357422,109880
2012-10-01,29.406690778880183,30.04544303654479,29.406690778880183,29.852611541748047,43428
2012-10-03,29.816453715055296,30.129804416578644,29.40668911058076,29.52720832824707,81044
2012-10-04,29.41874125116688,30.86497183775808,29.41874125116688,29.876712799072266,153924
2012-10-05,30.00928669609649,30.00928669609649,29.16565213034277,29.563365936279297,55200
2012-10-08,29.40668942062915,30.05749246729804,28.98487215434963,29.50310516357422,71576
2012-10-09,29.97312876088324,29.997232236375822,29.322325727697063,29.394636154174805,69336
2012-10-10,29.40668678359956,30.00928282424709,29.165648367340548,29.72003746032715,112004
2012-10-11,30.17801203664603,30.17801203664603,29.045132101074724,29.165651321411133,98976
2012-10-12,29.189751288789687,29.816450791408144,29.057181265742265,29.141544342041016,64284
2012-10-15,29.382584798868308,29.768245916632463,28.984871024089507,29.129493713378903,57392
2012-10-16,29.55131402266388,29.792352476093395,28.683575958113085,28.731782913208008,49320
2012-10-17,28.659471967293225,29.274118909144107,27.900200484792794,28.46664047241211,26008
2012-10-18,28.563054097167,29.454895557015053,28.563054097167,28.79203987121582,94872
2012-10-19,28.47869035432593,29.153596842664385,28.47869035432593,28.69562530517578,25788
2012-10-22,28.68357202711483,29.04512965770872,28.68357202711483,28.9005069732666,26496
2012-10-23,29.045129103043447,29.165648310939893,28.442533063561218,28.478689193725582,24320
2012-10-25,28.201494954129924,28.984869813966863,28.201494954129924,28.45458602905273,30772
2012-10-29,27.960456418784663,28.683571670994613,27.791730262193216,27.839937210083008,25356
2012-10-30,27.79173460223404,28.61126387820372,27.23734542004045,27.94840812683105,57608
2012-10-31,28.32201521700787,28.6353659081912,27.972510232899527,28.21354866027832,103592
2012-11-01,27.96046092751541,28.77999204663463,27.50248749280371,28.55100440979004,45420
2012-11-02,29.16564806221459,29.94902290686085,29.16564806221459,29.587465286254883,218104
2012-11-05,28.9005090688892,30.310583562656685,28.71973024048369,29.50310516357422,155804
2012-11-06,29.23796398864232,29.792351306377228,27.86404375465084,29.442846298217773,131848
2012-11-07,29.81645490635261,30.32263711195717,29.32232719756456,29.43079376220703,215044
2012-11-08,29.16565144307525,29.40668988475356,28.924613001396946,29.15359878540039,71428
2012-11-09,28.68357544440901,29.40669079174705,28.37022472497156,28.46664047241211,61256
2012-11-12,28.6835753420566,29.00897687940209,28.008666951358418,28.32201766967773,33140
2012-11-15,28.382275144922414,28.382275144922414,27.406068767404232,28.03277015686035,33320
2012-11-16,27.71941885964981,31.298840940099424,27.71941885964981,29.322324752807617,522008
2012-11-19,29.02102917976401,29.49105341247321,28.51484881246702,28.65947151184082,41376
2012-11-20,28.804093791934687,29.14154797821308,28.5027957397178,28.538951873779297,34420
2012-11-21,28.47868993729718,28.62331262275354,28.16533925299404,28.261754989624023,31276
2012-11-22,28.68357353313925,28.779989274155344,28.16534053428287,28.30996322631836,12640
2012-11-23,28.50279738234946,28.888458543617467,28.15329235722665,28.249706268310547,41096
2012-11-26,28.30996419306648,28.64741837865778,27.839939968156084,27.92430305480957,38980
2012-11-27,28.551000238669115,28.599209026266937,27.9725094993129,28.27380752563477,29256
2012-11-29,28.454591783802883,28.7438372088036,28.26176027448404,28.29791641235352,29800
2012-11-30,28.370224274115824,29.39463766656488,28.370224274115824,28.65947151184082,69380
2012-12-03,28.68357469338504,29.14154810250347,28.418432774098804,28.526899337768555,56208
2012-12-04,28.563056157744224,29.298224161530296,28.563056157744224,28.93666648864746,81152
2012-12-05,28.936663224922626,29.32232433137067,28.69562480352044,28.88845443725586,22296
2012-12-06,28.88845805277647,28.912561530137907,28.53895303359207,28.59921264648437,25240
2012-12-07,29.045132551214003,30.00928632884766,28.334069875800136,28.514848709106445,55888
2012-12-10,28.924610526899112,29.045129737427857,28.201495263726635,28.27380752563477,34296
2012-12-11,28.334069492349347,28.731781449059,27.864043428727463,28.080978393554688,38208
2012-12-12,28.201495263726635,28.65946863153131,27.960456842669146,28.27380752563477,21976
2012-12-13,29.02102907456864,29.16565177341821,28.225601472429915,28.514848709106445,122348
2012-12-14,28.201494954129924,28.80409100015834,28.201494954129924,28.45458602905273,26312
2012-12-17,28.225600142545765,28.58715779212315,28.201496667036068,28.30996322631836,40800
2012-12-18,28.22559793794269,29.04512891410285,28.20149446431563,28.80409049987793,46908
2012-12-19,28.92461554616524,29.274120581757057,28.84025245195109,28.948719024658203,52264
2012-12-20,28.92461194490132,29.153597720540866,28.44253507915296,28.6233139038086,64624
2012-12-21,28.68357222827513,28.86435104483989,28.10507964747245,28.261754989624023,56656
2012-12-24,28.105083490405544,28.63536919489016,27.86404503536093,27.94840812683105,27744
2012-12-26,28.032774986756408,28.852304319133765,28.020722327583613,28.406383514404297,47420
2012-12-27,28.792038659726607,28.792038659726607,28.15328831510602,28.27380752563477,36840
2012-12-28,28.20149834388624,28.587159491904583,28.080979120194417,28.17739486694336,38856
2012-12-31,28.201496667036068,28.551001659369952,28.093030107753773,28.30996322631836,19152
2013-01-01,28.563053881237185,28.563053881237185,28.30996279479987,28.34611892700196,35344
2013-01-02,28.49074661168107,28.81615001957057,27.61095766139493,28.406383514404297,71228
2013-01-03,28.81614897345813,29.59952397783344,28.394331663409886,28.948719024658203,214988
2013-01-04,29.105395449941685,29.26207082430004,28.33407307630032,28.406383514404297,79644
2013-01-07,28.683572146859447,29.06923325330749,28.39432677676772,28.88845443725586,98040
2013-01-08,29.38258551413976,29.86466238282465,28.683573686751203,29.53926086425781,260160
2013-01-09,29.539261433137035,30.190064482804143,29.165651117120174,29.33437728881836,212496
2013-01-10,30.1298049739216,30.1298049739216,28.69562699275388,29.02102851867676,34404
2013-01-11,28.924611208767075,29.322324980683074,28.225599403426425,28.370222091674805,25520
2013-01-14,28.370225567586274,28.671523637925883,28.273811656259586,28.55100440979004,18940
2013-01-15,28.611259966058338,28.671519571579925,28.16533925299404,28.261754989624023,44804
2013-01-16,28.683572665683773,28.924611091445826,28.08097660127865,28.22559928894043,41712
2013-01-17,28.0930290222168,28.67151976800543,27.97250981034796,28.0930290222168,34852
2013-01-18,28.322016866922823,28.514848355650265,27.719420763371275,27.767627716064453,33096
2013-01-21,27.86404503536093,28.17739576250992,27.75557846618185,27.94840812683105,33080
2013-01-22,27.972511113583327,28.29791263299415,27.767626972679,27.8278865814209,23372
2013-01-23,27.96046246095901,28.080981695704523,27.285554010793103,27.357866287231445,30700
2013-01-24,27.36991567828728,27.47838224101613,26.634747698528795,26.851682662963867,48888
2013-01-25,26.514229623520645,27.21324149957259,26.17677542415308,26.911943435668945,24952
2013-01-28,27.020408630371094,27.39401894622214,26.972201678186533,27.020408630371094,13948
2013-01-29,26.81552494655956,27.3578614061529,26.393707700209184,26.51422691345215,40504
2013-01-30,26.63474765353804,26.92399304631132,26.032151552779265,26.080358505249023,15512
2013-01-31,26.27319150050005,26.502177296335446,25.76701111461619,25.959840774536133,29104
2013-02-01,26.03214941776241,26.27318783829725,25.34519028703357,25.477760314941406,45472
2013-02-04,25.357245173559903,25.55007667652088,24.585922839671028,24.99568748474121,54240
2013-02-05,25.47776510850446,25.47776510850446,24.537716562733124,24.63413047790528,42664
2013-02-06,24.344882404373354,25.18851694313877,24.344882404373354,25.00773811340332,21512
2013-02-07,24.597974485851047,25.309037175671808,23.718183778139352,24.46540260314941,50632
2013-02-08,23.874858093825623,24.959531068202768,23.151742777574192,24.706439971923828,72296
2013-02-11,24.82696043528044,25.29698467880399,24.64618159715945,25.0679988861084,32940
2013-02-12,24.70643952822425,25.48981444009478,24.70643952822425,24.89927101135254,19288
2013-02-13,24.41719269389112,25.35724106118291,24.405140037294167,24.863113403320312,52732
2013-02-14,24.730543624019152,24.730543624019152,23.380728725204857,23.60971450805664,64272
2013-02-15,23.862806008206025,24.079740976076103,23.07943106349219,23.88690948486328,21556
2013-02-18,23.62176678997716,24.682336278955272,23.62176678997716,24.41719436645508,62608
2013-02-19,24.46540308806856,25.38134994912418,24.27257158922186,24.88722038269043,35220
2013-02-20,25.42955181705824,25.56212367586597,24.887215403898228,24.983631134033203,73988
2013-02-21,24.83901089242691,24.83901089242691,24.1520498972569,24.16410255432129,22656
2013-02-22,24.70643976792087,24.70643976792087,24.10384367602036,24.26051902770996,26824
2013-02-25,24.26052177783785,24.57387067776037,23.53740638558622,23.7302360534668,15792
2013-02-26,24.09179084218076,24.09179084218076,22.54914632939324,22.72992515563965,179980
2013-02-27,23.13969271607592,23.30841890653961,22.44068079748228,22.64556312561035,43124
2013-02-28,23.26021159609197,23.26021159609197,21.693461592210127,21.91039657592773,54756
2013-03-01,22.65761404956391,22.65761404956391,21.28369563534089,21.40421485900879,47380
2013-03-04,21.66935682400712,21.813979524884903,21.006501092587964,21.090864181518555,37468
2013-03-05,20.970342258782143,21.934495925852588,20.608784633630727,21.777820587158203,31552
2013-03-06,22.368366907247378,22.75402802517014,21.82603044295614,22.46478080749512,51040
2013-03-07,22.87454873991477,23.47714485087681,22.10322461449692,22.500938415527344,86876
2013-03-08,22.476834817280498,22.85044513964662,22.41657520651031,22.51299095153809,35236
2013-03-11,22.70581956010115,22.70581956010115,22.22374269607372,22.28400230407715,18168
2013-03-12,22.17553489222051,22.39246984048333,22.03091220637104,22.19963836669922,16312
2013-03-13,21.93449666155564,22.29605429883403,21.93449666155564,22.030912399291992,17228
2013-03-14,21.88629306831227,22.356317333258776,21.88629306831227,22.06707191467285,44296
2013-03-15,22.103221956998087,22.29605342491252,21.21138055559245,21.3198471069336,749300
2013-03-18,21.77782258735393,22.41657481825008,21.03060379454107,22.079120635986328,93000
2013-03-19,21.71756417847328,22.29605683162998,21.187280319149817,21.368059158325195,39600
2013-03-20,21.34395160330936,21.45241815050196,20.51236799858342,20.765459060668945,31120
2013-03-21,21.31984904086149,21.31984904086149,19.81335880792958,20.3918514251709,63524
2013-03-22,21.93449818831466,21.93449818831466,20.29543604964086,20.982397079467773,181104
2013-03-25,21.404213617067544,21.621146735900663,19.741048059157347,19.957983016967773,52276
2013-03-26,19.753096972318243,19.957981092087167,19.283072808209,19.331279754638672,38644
2013-03-28,19.52411364399009,20.17491669653215,19.138452507706745,19.90977478027344,37956
2013-04-01,20.126711035883705,20.825722924685937,19.76515335260436,20.729307174682617,44616
2013-04-02,20.464162246398605,21.669354347611986,20.18696769532409,21.44036674499512,65556
2013-04-03,22.65761404956391,22.65761404956391,21.10291679983905,21.40421485900879,112136
2013-04-04,21.211382562714505,21.64525248708824,20.63288994320864,20.849824905395508,18240
2013-04-05,20.50032269172972,21.48858005491795,20.271335040920093,20.319543838500977,28776
2013-04-08,19.861569081078176,20.89803333530232,19.861569081078176,20.11465835571289,22984
2013-04-09,20.00618966517115,20.584682264248663,19.74104776029566,19.825410842895508,31072
2013-04-10,20.247228979597537,20.247228979597537,19.60847674518381,19.75309944152832,21012
2013-04-11,20.054397913566625,20.295436358869,19.837464783976404,19.873619079589844,15152
2013-04-12,19.57231841776957,20.33158978720398,19.57231841776957,19.933876037597656,22952
2013-04-15,19.789252074073232,20.464160322906825,19.66873287527988,19.88566780090332,27092
2013-04-16,19.57231995608324,20.48826673389536,19.57231995608324,20.42800712585449,33372
2013-04-17,20.87393102174112,20.87393102174112,20.307490988088468,20.33159446716309,10768
2013-04-18,20.94623937239733,20.94623937239733,19.789254203871007,20.174915313720703,16408
2013-04-22,20.247231248480787,20.39185396103157,20.00619278123697,20.343647003173828,77892
2013-04-23,20.343644042392736,20.70520169063795,20.247228301731887,20.42800712585449,34740
2013-04-25,20.717254181213004,21.452422194247287,20.379801820125905,20.910085678100582,50316
2013-04-26,21.428318059273035,21.850135336664327,20.898032378594696,21.114967346191406,151392
2013-04-29,21.271643531345404,21.898343142943656,20.97034546432917,21.356006622314453,66248
2013-04-30,21.223436744088715,21.66935751900441,20.572631810799404,20.729307174682617,14824
2013-05-02,20.849828555525804,20.849828555525804,20.259285014110645,20.560583114624023,22416
2013-05-03,20.48826765740055,21.30779873149205,20.28338534862202,20.97034454345703,39520
2013-05-06,21.211383663422883,21.211383663422883,20.00619140981931,20.608787536621094,72172
2013-05-07,20.62083839904139,20.934187254304764,20.536473477453864,20.75340843200684,11300
2013-05-08,20.970342083748367,20.970342083748367,20.656991408975056,20.7052001953125,16248
2013-05-09,21.090864098590355,21.090864098590355,20.60878720490829,20.789566040039062,13060
2013-05-10,20.512368245687213,21.693456818019243,20.512368245687213,21.05470466613769,41868
2013-05-13,20.970345754053167,21.211384210996304,20.572631932301487,20.717254638671875,31984
2013-05-14,20.62084027174666,21.16317678789336,20.57263147803604,20.910085678100582,22208
2013-05-15,20.63289078274797,21.45242187381271,20.63289078274797,20.93418884277344,13908
2013-05-16,20.84982238117724,21.319846543196743,20.476212111588413,20.89802932739257,26064
2013-05-17,20.765460668403485,20.946239487039072,20.24722768718601,20.476213455200195,34144
2013-05-20,21.199327204681484,21.199327204681484,20.53647158403625,20.59673118591309,38920
2013-05-21,20.608787750881564,20.946241953194413,20.36774929765488,20.440061569213867,32100
2013-05-22,20.42800908313965,20.596735266229462,20.066451400252223,20.11465835571289,24028
2013-05-23,20.054399593998824,20.11465921037379,19.21076496474925,19.283077239990234,32724
2013-05-24,19.97003223026898,19.97003223026898,19.054087360539462,19.463851928710938,23740
2013-05-27,20.235176321994928,20.235176321994928,19.367438304950504,19.75309944152832,143940
2013-05-28,19.596424965530687,19.753098472817022,19.403593487209744,19.524112701416016,19676
2013-05-29,20.46416357014025,21.187278877643603,19.93387790791807,20.40390396118164,181768
2013-05-30,20.48826537291712,20.970342205221048,20.47621271651865,20.53647232055664,71860
2013-05-31,20.80161677200892,20.80161677200892,19.52411238644101,19.704891204833984,43828
2013-06-03,20.42800660372213,20.500318867113823,19.656684376104646,19.69283866882324,12684
2013-06-04,19.572321974130297,20.24723038936685,19.572321974130297,19.64463424682617,31732
2013-06-05,19.7651485768266,20.00618697410497,19.54821365148065,19.57231712341309,8724
2013-06-06,19.644631719213617,19.92182627691208,19.524112506212308,19.69283866882324,29420
2013-06-07,19.59642807275338,19.88567349712047,19.3312842882764,19.42770004272461,26184
2013-06-10,19.42769684849096,19.632579143646414,19.367437241740685,19.37948989868164,17768
2013-06-11,19.283073179183468,19.283073179183468,18.55995793496409,18.680477142333984,40996
2013-06-12,18.559961785210504,19.283077179439484,18.246611045453594,18.981779098510746,17628
2013-06-13,18.80099578575821,19.12639726810092,18.12608750914016,18.41533470153809,44112
2013-06-14,18.35507979492776,19.126402160673862,18.35507979492776,18.801000595092773,22164
2013-06-17,18.60816488232118,19.500008120244715,18.4755948576006,18.680477142333984,10324
2013-06-18,18.72868273293878,19.680785505574573,18.704579261006348,19.57231712341309,38852
2013-06-19,19.295125170223244,19.98208426075016,19.295125170223244,19.66873359680176,47476
2013-06-20,19.28307418028012,19.51205995058004,18.48764663475266,18.90946388244629,15580
2013-06-21,19.51206168828036,19.53616700433428,18.680479775787862,18.77689552307129,19932
2013-06-24,18.57201285045313,19.102296691795303,18.150195573347247,18.18634986877441,19772
2013-06-25,18.18634815631933,18.18634815631933,17.559648628568496,17.860946655273438,23600
2013-06-26,17.74042658398586,18.318919134991543,17.559647776732657,17.61990737915039,34368
2013-06-27,17.631962550480623,17.83684486013261,17.559650281672912,17.728378295898438,11220
2013-06-28,18.077882038722866,18.077882038722866,17.66811744810272,17.824790954589844,26780
2013-07-01,18.25866199884322,18.45149348821733,18.077883167171503,18.35507774353028,26544
2013-07-02,18.740739115159588,18.740739115159588,17.644013453858324,18.02967643737793,44404
2013-07-03,18.1863513394782,18.487649418919364,17.487341266356697,18.22250747680664,101964
2013-07-04,18.162240221328297,18.415331237192124,17.824786146502113,18.065824508666992,16724
2013-07-05,17.66811753823034,18.53585551272004,17.66811753823034,18.43943977355957,24140
2013-07-08,18.29481697742838,18.29481697742838,17.860947073229582,18.13814163208008,15704
2013-07-09,18.11403826299809,18.53585551272004,18.10198560598656,18.43943977355957,18564
2013-07-10,18.31891897073878,18.68047658200336,18.31891897073878,18.41533470153809,10044
2013-07-11,18.330971626705107,18.55995737824849,18.15019282107281,18.41533470153809,14440
2013-07-12,18.33097431783449,18.55996010299477,17.113729445618556,17.885051727294922,87844
2013-07-15,17.499390772579307,18.077883409478083,17.499390772579307,17.873001098632812,10068
2013-07-16,17.836843180932487,17.993518522614497,17.27040325852264,17.860946655273438,33032
2013-07-17,17.836844982744076,18.02967647490524,17.270405003114572,17.716325759887695,16456
2013-07-18,17.740427872871255,17.933259350208534,17.71632439794841,17.824790954589844,23844
2013-07-19,17.680167836368582,18.0658289426926,17.547597808026346,18.017621994018555,21184
2013-07-22,18.077881042271446,18.367126403356927,17.49938848112333,17.59580421447754,44856
2013-07-23,17.511445998051038,18.07788606013989,17.511445998051038,17.969419479370117,23280
2013-07-24,18.379180158565383,18.379180158565383,17.306559888181,17.511442184448242,39384
2013-07-25,17.945313334843664,18.07788522877908,17.18604362641701,17.27040672302246,13896
2013-07-26,17.198090768632767,17.571701052387112,16.69191045827124,17.101675033569336,23852
2013-07-29,16.920895414293362,17.089623402365078,16.390611655158487,16.547286987304688,35288
2013-07-30,16.390614002155807,16.740119006316714,15.703654812507985,15.968796730041504,46760
2013-07-31,16.149575472472982,16.149575472472982,15.534926715168517,15.896484375,27284
2013-08-01,15.872379928471547,16.173677959911696,15.534925765463134,15.667497634887695,24392
2013-08-02,16.00495319792841,16.00495319792841,15.305941336045796,15.559032440185549,28972
2013-08-05,17.957364483180367,17.957364483180367,14.944383865197082,15.619292259216309,22148
2013-08-06,15.42645963284338,15.522875373344108,15.064901985198611,15.245680809020996,27628
2013-08-07,15.185422112927323,15.968797063197384,15.089006366637069,15.559032440185549,27804
2013-08-08,15.450563425035693,15.956743774322057,15.342096864109088,15.836224555969238,28444
2013-08-12,16.31830054819589,16.872689658272893,15.66749753982483,16.607547760009766,51824
2013-08-13,16.39061486341928,17.22219679369295,16.10136945436169,17.053470611572266,22976
2013-08-14,17.113729044230436,17.354767481473118,16.872690606987753,17.149885177612305,7556
2013-08-16,16.9329458063299,17.499385618532752,16.330349870161577,16.571388244628906,40456
2013-08-19,16.39061399915551,16.43882095179737,15.53492679743218,15.739810943603516,71208
2013-08-20,15.667499957957048,16.547290708007065,15.33004574491324,16.402667999267578,96356
2013-08-21,17.089621913226463,17.101672729124807,16.173675312013145,16.824480056762695,158084
2013-08-22,16.631649310772236,17.64400983757626,16.583442367201386,17.23424530029297,53464
2013-08-23,17.94531058110354,17.94531058110354,17.137832199255932,17.330663681030273,53080
2013-08-26,17.16193373291029,17.764529746551478,17.16193373291029,17.644010543823242,24496
2013-08-27,17.354768539691847,17.595806991632013,16.993210861781602,17.523494720458984,84388
2013-08-28,17.354767277977444,17.66811797830963,16.67985892602073,17.31861114501953,48348
2013-08-29,17.24630197190975,17.68017008201558,17.22219665553378,17.523494720458984,56664
2013-08-30,17.354767481473118,17.571702442787,16.969106349680295,17.149885177612305,38064
2013-09-02,17.836844123702782,17.836844123702782,16.75217117023437,17.631961822509766,85572
2013-09-03,17.716325588052328,19.078193160915774,17.547599413280878,18.65637588500977,134200
2013-09-04,18.559957815500294,19.11434690142428,18.559957815500294,18.692529678344727,32020
2013-09-05,18.58406277800141,19.283074600048632,18.58406277800141,19.18665885925293,78600
2013-09-06,19.06613965319769,19.2830746103597,18.8251012205682,19.02998352050781,25992
2013-09-10,19.042035851983098,19.87361769473829,18.92151663773004,19.3674373626709,83304
2013-09-11,19.186659556601267,19.765152183423776,19.186659556601267,19.59642601013184,29744
2013-09-12,19.30717886446657,20.078502983374083,19.30717886446657,19.897724151611328,76888
2013-09-13,19.789254804303827,20.34364393083053,19.789254804303827,20.28338432312012,17860
2013-09-16,20.12670678493995,20.729302796465102,20.12670678493995,20.464160919189453,25472
2013-09-17,20.247228610093785,20.46416357014025,20.00619017425933,20.40390396118164,58768
2013-09-18,20.319038351621213,20.319038351621213,19.64011988716502,19.870466232299805,19672
2013-09-19,20.12506267660529,20.610003945921083,19.737110031133486,20.08869171142578,101912
2013-09-20,19.93108442337514,20.22205028022759,19.61587372416504,19.943208694458008,24084
2013-09-23,19.56738104819144,21.13131787726149,19.518887657327493,20.50089454650879,344516
2013-09-24,20.8524716757016,20.8524716757016,20.00382457262072,20.137184143066406,25432
2013-09-25,19.97957829606296,20.57363054055408,19.59162569660525,19.664365768432617,70580
2013-09-26,19.66436962972333,19.99170464198169,19.591629543612736,19.7613582611084,14832
2013-09-27,19.470392599766928,20.11293829828054,19.470392599766928,19.797727584838867,68828
2013-09-30,19.761357992711247,19.761357992711247,18.88846402190976,18.98545265197754,38788
2013-10-01,18.99757316618843,19.34915668362858,18.91270881711808,19.08243751525879,68988
2013-10-03,18.912707196684288,20.31903744614289,18.67023659159859,19.5673770904541,16192
2013-10-04,19.56738099256787,19.88259358200032,18.92483524087787,19.118810653686523,20760
2013-10-07,18.912707996735342,19.324907302856445,18.839966072170924,19.324907302856445,18120
2013-10-08,20.610003159321263,20.610003159321263,19.32490810471961,19.43402099609375,19060
2013-10-09,19.603753197566988,22.52552549583365,19.603753197566988,21.519271850585938,684784
2013-10-10,21.579883984224423,22.30729580391738,21.579883984224423,21.90721893310547,168448
2013-10-11,21.919344176407428,22.295172523323004,21.25254997875617,21.41015625,52880
2013-10-14,22.234555240196023,22.234555240196023,20.961584477973258,21.191932678222656,42516
2013-10-15,21.09494990729684,21.458655940181263,20.634255228995656,20.74336814880371,50304
2013-10-17,21.70112450131933,21.70112450131933,19.90684121167631,20.45240020751953,142224
2013-10-18,20.39178078347004,21.070699326400355,20.01595239534064,20.840351104736328,64064
2013-10-21,20.6584961430361,21.216179310590373,20.63424945094766,21.09494400024414,51764
2013-10-22,21.058573834241184,21.701121373377887,21.058573834241184,21.301044464111328,44328
2013-10-23,21.36166185374505,21.55563909517071,21.11919122691502,21.264673233032227,72736
2013-10-24,21.337415373321463,21.519268345253185,20.8767208077803,21.10706901550293,29144
2013-10-25,21.28892640016218,21.28892640016218,20.391783776065264,20.634254455566406,15424
2013-10-28,20.209929735425664,20.57363573612284,20.088694401859936,20.19780731201172,9556
2013-10-29,20.18568405370623,20.63425444047436,19.797731336769047,20.440279006958008,35864
2013-10-30,20.367534900512787,21.07070016586849,20.17355763768905,20.40390586853028,58672
2013-10-31,20.367532437783268,20.41602582267351,19.59162718011505,19.78560256958008,43296
2013-11-01,20.246298674636886,20.852475281661945,20.040198998229208,20.54938697814941,63704
2013-11-05,21.09494633171789,22.30729956917294,20.92521761843588,22.16181755065918,339340
2013-11-06,22.161815375766608,22.78011435624818,21.89509805968216,22.125444412231445,113236
2013-11-07,22.18606182707458,23.01046230866253,21.422279000751864,21.6405029296875,87676
2013-11-08,21.822354321273984,22.47702421095065,21.604130408080465,21.870847702026367,145212
2013-11-11,21.701121917722386,21.701121917722386,19.99170319429768,20.28266906738281,135104
2013-11-12,19.64012374186444,21.33741838622309,19.64012374186444,20.0644474029541,60948
2013-11-13,19.882589544360425,20.11293587838841,19.57950128911103,19.821971893310547,23968
2013-11-14,19.434023626254103,20.51301731536806,19.434023626254103,20.18568229675293,21620
2013-11-18,20.597878075600907,20.597878075600907,19.44614265036345,19.77347946166992,61476
2013-11-19,19.555256590719857,20.36753282755213,19.555256590719857,20.112937927246094,24156
2013-11-20,19.91896374396409,20.48876938650742,19.91896374396409,20.10081672668457,16304
2013-11-21,19.882591724836526,20.112938084126043,19.676492058645263,19.85834503173828,14096
2013-11-22,19.640119759290947,20.12506098791542,19.40977341565592,19.57950210571289,18360
2013-11-25,19.95533235746019,22.052701697602167,19.409773473628213,21.567760467529297,393264
2013-11-26,22.404287184888364,22.54976919682252,21.34954028598556,21.470775604248047,896708
2013-11-27,21.32529505290701,21.992089406862544,21.15556632095284,21.495025634765625,215932
2013-11-28,21.798110920913185,21.82235761494896,21.04645230637912,21.155563354492188,40480
2013-11-29,21.10706821120932,21.45864987025184,20.65849608428084,20.997955322265625,81172
2013-12-02,21.02220658217637,21.02220658217637,19.42190051240972,20.27054786682129,227436
2013-12-03,20.561513116630795,20.731241842042497,20.161436149698226,20.45240020751953,44332
2013-12-04,20.864597481920303,22.18606161405254,20.51301397481532,21.70112037658692,599588
2013-12-05,21.82235772111163,22.489151984812263,21.24042781190115,21.34954071044922,281520
2013-12-06,21.785985723851617,21.798109995306763,21.16768672762521,21.301044464111328,41616
2013-12-09,21.592008461816587,21.895096722931903,21.167684896255142,21.39803123474121,79088
2013-12-10,21.276801896979485,21.276801896979485,20.610007535535683,20.69487190246582,97044
2013-12-11,20.74336305678676,21.07069803604865,20.61000347083736,20.658496856689453,35316
2013-12-12,20.585757626377973,20.840350687450982,20.125063042178592,20.4160270690918,51072
2013-12-13,20.585758013939184,20.585758013939184,20.003828099252807,20.10081672668457,37260
2013-12-16,20.36753555467024,20.61000621603536,20.00382956262256,20.22205352783203,25840
2013-12-17,20.161433854959927,20.525139810792385,19.882592252174216,20.028074264526367,31516
2013-12-18,20.20992579828757,20.20992579828757,19.66436690352328,20.003826141357425,73124
2013-12-19,19.94321125124129,20.416028285625124,19.700740597730764,19.7613582611084,75380
2013-12-20,20.464523130529063,20.464523130529063,19.7613578789654,19.979581832885746,50640
2013-12-23,20.125064632198114,20.51301731536806,19.979582607247423,20.18568229675293,64900
2013-12-24,20.561509972255624,20.561509972255624,20.24629741623288,20.36753273010254,65516
2013-12-26,20.48877108553832,20.852477081139583,20.45240011599732,20.80398368835449,61376
2013-12-27,20.80398281691406,21.022204925210417,20.367534900512787,20.40390586853028,56072
2013-12-30,20.48876893906024,22.307298726550787,20.270544994580536,21.31316947937012,489360
2013-12-31,21.51926725002193,21.531391520828613,20.876719745251744,20.961584091186523,48464
2014-01-01,20.93733888187344,21.204056209368463,20.755485906321724,21.082820892333984,54064
2014-01-02,21.337415141490503,21.57988576809835,20.50089221965506,20.622127532958984,104540
2014-01-03,20.634249148289665,20.91309072797682,20.391778531153697,20.51301383972168,32416
2014-01-06,20.52513896879916,20.97370925927687,20.41602607658302,20.816102981567383,61160
2014-01-07,20.9130972853754,20.9130972853754,20.36753822575691,20.42815589904785,44984
2014-01-08,20.61000267567921,21.81023150330128,20.36753205596534,21.44652557373047,776436
2014-01-09,22.06482997092509,22.25880723810374,21.01008297416393,21.11919403076172,282284
2014-01-10,21.50714636561949,21.50714636561949,20.646376650028664,20.791858673095703,57760
2014-01-13,20.610002456556867,21.01007934481201,20.45239618543769,20.51301383972168,32036
2014-01-14,20.003831044213378,21.058578129291007,20.003831044213378,20.440279006958008,37404
2014-01-15,21.20406137721009,21.20406137721009,20.37966250037693,20.42815589904785,14824
2014-01-16,20.634251715500767,20.634251715500767,20.064446064319664,20.33116340637207,61668
2014-01-17,20.70699207799215,20.70699207799215,20.003826884202983,20.112937927246094,27180
2014-01-20,19.88259346539379,20.36753476942778,19.88259346539379,20.015953063964844,53920
2014-01-21,20.35540834392412,20.35540834392412,20.05232006095977,20.173555374145508,20972
2014-01-22,20.33115944520049,20.33115944520049,20.00382450509785,20.04019546508789,16392
2014-01-23,19.991703725585285,20.125063318864743,19.882592676468786,19.90683937072754,35736
2014-01-24,20.319041504144334,21.531394771696995,19.64012293435313,19.7613582611084,28316
2014-01-27,19.6643675877223,19.80984959474052,18.367150096128373,18.476261138916016,90404
2014-01-28,18.233791648171835,19.26429188287353,18.233791648171835,18.912710189819336,26668
2014-01-29,18.91271325096752,19.15518393367223,18.57325392520002,18.70661354064941,26348
2014-01-30,18.71873143615056,18.86421529049954,18.08830818361982,18.24591445922852,29788
2014-01-31,18.549004293901305,18.81572163272165,18.22166929398977,18.46413993835449,47156
2014-02-03,18.306532209207468,18.488385178173104,17.760973302310557,17.99131965637207,34048
2014-02-04,20.56151220438425,20.56151220438425,17.579122419465026,17.833717346191406,34444
2014-02-05,18.185297593398616,18.3671505693326,17.748849711195394,17.906455993652344,24588
2014-02-06,17.942828794605045,18.01557073238274,17.50638086774752,17.615493774414062,22640
2014-02-07,17.627612049215205,18.06405987336546,16.997188853145644,17.930700302124023,32108
2014-02-10,17.70035787122003,17.94282852699017,17.53062915214265,17.57912254333496,21920
2014-02-11,17.47001075744629,17.74885051999491,17.409393096039334,17.47001075744629,15356
2014-02-12,18.112558302209795,18.112558302209795,17.518505900895512,17.82159423828125,29772
2014-02-13,17.724602743986857,17.870084752506454,17.21541478921621,17.324525833129883,26468
2014-02-14,17.457887783483905,17.542752145783858,17.021439848935064,17.203292846679688,16208
2014-02-17,16.439511527518874,17.336652231715867,16.439511527518874,17.2639102935791,30148
2014-02-18,17.215413987057907,17.33664929682592,17.02143675146748,17.118425369262695,64784
2014-02-19,17.4578863335412,17.4578863335412,17.05780940175004,17.179044723510742,30728
2014-02-20,16.9729448477318,17.324526536758857,16.536496954542738,16.694103240966797,52908
2014-02-21,17.02143675146748,17.1790430241467,16.754719439958656,17.118425369262695,23384
2014-02-24,17.288156241923765,17.360896319226615,17.057808039037937,17.251785278320312,13340
2014-02-25,17.45788699288333,17.45788699288333,16.912328024355727,16.9971923828125,12656
2014-02-26,17.4578863335412,17.4578863335412,16.754721097348284,17.179044723510742,34448
2014-02-28,17.457885580542182,17.457885580542182,16.985068586030817,17.06993293762207,21964
2014-03-03,17.336647278568858,17.336647278568858,16.839581826424592,16.924448013305664,31336
2014-03-04,17.45788497412026,17.45788497412026,16.851708412518864,16.90020179748535,51680
2014-03-05,17.409391374358613,17.409391374358613,16.888079167832494,16.960819244384766,18836
2014-03-06,17.409390185114535,20.343284136670675,17.009313316742354,19.5673770904541,360020
2014-03-07,19.64012167863785,19.882592316645724,18.706610092288365,19.033945083618164,220124
2014-03-10,19.155181758492606,19.5188877412488,18.42776979298023,18.767229080200195,193808
2014-03-11,18.209544087695885,19.88259181796924,18.209544087695885,19.05819129943848,91244
2014-03-12,19.264292765967017,19.88259367509322,18.56112934762496,18.67024040222168,195080
2014-03-13,19.09455979988532,19.09455979988532,18.45201233822586,18.5368766784668,36804
2014-03-14,18.876340088628982,18.876340088628982,18.185299093073063,18.67024040222168,45872
2014-03-18,18.77935185100978,18.77935185100978,18.3550281965979,18.452016830444336,33508
2014-03-19,18.670239882953293,18.670239882953293,18.330780606009657,18.5005111694336,35712
2014-03-20,18.2692542001368,18.70742305547393,18.2692542001368,18.51268196105957,33980
2014-03-21,18.512680480369013,19.1699346394091,18.500508350413863,19.07256317138672,319864
2014-03-24,19.15775906723091,19.52290061380232,18.646561273472123,18.743932723999023,30036
2014-03-25,19.425531020481365,19.425531020481365,18.52484742461499,18.743932723999023,11152
2014-03-26,18.62222223864864,19.34033333372708,18.5005083678078,19.15776252746582,70972
2014-03-27,19.59593356378706,19.71764743685405,19.23079194458606,19.376848220825195,215784
2014-03-28,19.376849640812125,19.912391835876665,19.13342187683909,19.62027740478516,92252
2014-03-31,19.71764621468146,20.326215542295085,19.24296288202531,19.72981834411621,114716
2014-04-01,20.05844678659644,20.05844678659644,19.59593369441737,19.802846908569336,62632
2014-04-02,20.00975890632018,20.30187330019431,19.64461730688217,20.15581703186035,102876
2014-04-03,20.423589125329983,21.06867305097633,20.09496202576113,20.326217651367188,131668
2014-04-04,20.56964759367058,20.56964759367058,20.094964161314667,20.20450592041016,80476
2014-04-07,19.97324904871352,21.007817059679773,19.97324904871352,20.72787475585937,177828
2014-04-09,20.764387639929083,21.85981250554115,20.764387639929083,21.579870223999023,271340
2014-04-10,21.080843636256564,21.78678451141983,21.080843636256564,21.433815002441406,117772
2014-04-11,21.4216450433293,21.88415820547887,20.94696160627453,21.65290069580078,120868
2014-04-15,21.66506941558752,21.93283956501307,20.910443773676857,21.06867218017578,79188
2014-04-16,21.17821406196145,21.22689886864665,20.399246011760347,20.69135856628418,70012
2014-04-17,20.93478691612666,20.98347172421185,20.59398768791123,20.873929977416992,55464
2014-04-21,20.861757623352187,21.39729979258518,20.81307281578844,21.08084297180176,55228
2014-04-22,21.59204086540267,22.03021156200464,20.886101870175345,20.995643615722656,57120
2014-04-23,20.93478940081845,21.531186728075404,20.886104586955,20.971303939819336,30396
2014-04-24,20.971303939819336,20.971303939819336,20.971303939819336,20.971303939819336,0
2014-04-25,20.97129987542453,21.39729841439112,20.959127745714422,21.00781440734864,24108
2014-04-28,20.825243997761056,20.898271205780524,20.472272658778333,20.67918586730957,26252
2014-04-29,20.228846773365973,20.88610284907347,20.228846773365973,20.5939884185791,121368
2014-04-30,20.44793084937331,22.31015349459679,20.3262169752699,20.861757278442383,353956
2014-05-02,21.14169951937977,22.57792360246,20.93478630524593,21.49467086791992,186024
2014-05-05,21.29993014695296,22.103242541092072,21.20255866626844,21.79895782470703,110484
2014-05-06,21.665069113837347,22.018038598090385,21.42164137098524,21.908496856689453,73424
2014-05-07,21.786784630024304,22.395354033097608,21.665070749409644,21.94501304626465,186892
2014-05-08,22.054554090991587,22.504895063430013,21.82329846809808,22.395353317260746,137136
2014-05-09,23.19866440729848,23.19866440729848,22.18843891301015,22.83352279663086,419312
2014-05-12,22.61443784075674,23.95329043581848,22.285810757046484,23.22300720214844,415444
2014-05-13,23.58815162350356,25.19477455715627,23.198667557346305,24.93917465209961,765760
2014-05-14,25.426029509714,26.290198825087906,24.93917397591608,25.389516830444336,422212
2014-05-15,25.389517518838154,26.20500018861881,24.12369198231895,24.93917465209961,199108
2014-05-16,25.073056696079888,25.75465509671989,24.82962896116649,25.231285095214844,259576
2014-05-19,25.07305920659279,30.18504215162628,25.07305920659279,29.819900512695312,658536
2014-05-20,30.42847167108501,30.890984811926806,28.481049484135568,28.79750633239746,302368
2014-05-21,28.9679046744899,34.05554358953847,28.48104913374217,33.495662689208984,2051220
2014-05-22,33.860805245988416,36.19770967512735,32.631494229999205,35.38222885131836,1832912
2014-05-23,35.39439105245226,38.31552386165863,35.39439105245226,36.3437614440918,1180756
2014-05-26,36.74541525842821,39.97083269478043,36.74541525842821,39.45963668823242,1771568
2014-05-27,38.36421747241178,41.06626345094535,37.00102049473531,38.57112884521485,834476
2014-05-28,38.60764679512248,39.4352997485238,37.75564957833339,37.926048278808594,563012
2014-05-29,38.924094112815744,38.924094112815744,36.72107603889764,37.20793151855469,229300
2014-05-30,37.97473240624694,38.68067145880299,36.89147956446417,37.14707946777344,216520
2014-06-02,38.68066696616512,38.68066696616512,37.24444476491701,37.47570037841797,199152
2014-06-03,37.73130196875008,38.55895484875111,36.270735440927496,37.5122184753418,452732
2014-06-04,37.26880045857246,38.57113705751741,37.26880045857246,38.41291046142578,210716
2014-06-05,38.80238463637509,42.11300375865914,38.70501501518383,41.62614822387695,1287392
2014-06-06,42.23471183499976,44.71767397809421,41.56528556672167,43.78047943115234,1097524
2014-06-09,44.53510970786819,45.74007642457136,41.869576373485295,43.50054168701172,856108
2014-06-10,43.20842709700497,43.29362829817264,41.16363541310902,41.9304313659668,364024
2014-06-11,42.11300047466831,42.9041406569959,39.94649499959784,41.6383171081543,342872
2014-06-12,42.5755123692064,42.5755123692064,39.94649561727351,40.214263916015625,108396
2014-06-13,41.13928715349934,41.13928715349934,38.20598220825195,38.20598220825195,59776
2014-06-16,38.21815647118979,38.21815647118979,36.307247161865234,36.307247161865234,26444
2014-06-17,35.29701869730164,36.51415727307066,34.493706494411654,36.19770050048828,219876
2014-06-18,36.27073363791797,37.597414091858624,34.56673944016343,35.18748092651367,93512
2014-06-19,35.41873607327573,36.50198877043499,34.10422776663051,35.430908203125,71784
2014-06-20,34.615420375965215,35.27267446445331,33.666053771972656,33.666053771972656,131204
2014-06-23,32.862744059331014,34.49370913272644,32.80188712588781,33.130516052246094,105324
2014-06-24,32.375890594370965,34.785823822021484,31.6456073478814,34.785823822021484,435048
2014-06-25,36.51416397094727,36.51416397094727,34.81016965230306,36.51416397094727,146272
2014-06-26,36.757593742249504,38.339874267578125,35.34571191522751,38.339874267578125,137084
2014-06-27,38.948440722852304,40.25078069528779,37.48787419574535,39.71523666381836,530536
2014-06-30,39.71523870761237,41.69917723767618,37.73130389196151,41.54094696044922,377500
2014-07-01,42.59985783647137,42.843285595536926,41.382719041143616,42.52682876586914,258320
2014-07-02,42.843285034345456,43.184082406808095,42.00346001945249,42.25905990600586,255348
2014-07-03,42.23471583613643,42.80677255080599,40.93237585052503,41.07843399047852,133124
2014-07-04,41.60180188293888,41.76003215248565,39.788265849362425,40.1412353515625,135100
2014-07-07,40.40901386421668,40.603756842589554,38.46159150931467,39.00930404663086,162844
2014-07-08,38.94844343313834,39.00930037600262,37.0618782043457,37.0618782043457,128136
2014-07-09,36.40462136552739,36.51416311198079,35.21182314188837,35.30919647216797,116388
2014-07-10,35.43090755995339,37.07404477063857,34.189424626115155,36.854957580566406,144404
2014-07-11,37.001021049568536,38.21815989988329,35.29702665912788,35.869083404541016,258148
2014-07-14,35.30919695295111,36.38027759972168,34.15291510532736,35.06576919555664,62040
2014-07-15,35.30919270284592,35.92993415236684,34.59108164785254,35.479591369628906,75884
2014-07-16,35.12662277358914,36.84278904188037,35.12662277358914,36.3437614440918,65184
2014-07-17,36.05164752505248,37.220097632446205,35.077936625949505,36.90364456176758,115792
2014-07-18,36.78193775293523,37.32965023871374,35.80822666710677,37.0618782043457,71784
2014-07-21,37.2444459240348,37.97472917744725,37.2444459240348,37.67044448852539,76252
2014-07-22,37.29312957074681,37.97472799560166,37.29312957074681,37.47570037841797,61332
2014-07-23,37.36615813763833,37.87735787805508,37.03752920245434,37.54872894287109,79716
2014-07-24,37.24444580078125,37.45136087432845,36.06381972590644,37.24444580078125,81008
2014-07-25,37.00101474598452,37.24444247457652,35.38222183661264,35.56479263305664,77580
2014-07-28,34.57891516865669,35.78388187672505,34.09205963291894,34.67628479003906,42912
2014-07-30,33.78777454331002,36.270737004781616,33.78777454331002,35.34571075439453,33036
2014-07-31,35.41873821862136,35.99079492647416,35.05359658750155,35.30919647216797,28636
2014-08-01,34.81016867946727,36.18553399817064,34.81016867946727,34.9683952331543,30504
2014-08-04,34.98056845494572,36.01513643748414,34.079886483618374,34.65194320678711,55352
2014-08-05,33.945997787413035,35.1266238186921,33.945997787413035,34.8466796875,29780
2014-08-06,34.566738955052145,36.34376219351128,34.566738955052145,35.51610565185547,53384
2014-08-07,35.78388126960451,35.78388126960451,34.371999497036846,34.49371337890625,67536
2014-08-08,34.49371100752396,34.49371100752396,32.862745845482536,33.9338264465332,78092
2014-08-11,34.5667400807173,37.317474365234375,34.5667400807173,37.317474365234375,83096
2014-08-12,40.82284009555428,41.04192733764648,38.93627470200695,41.04192733764648,942152
2014-08-13,42.11300496117371,42.56334782947172,38.68067185718566,39.53266906738281,729364
2014-08-14,39.53266835180357,41.86957642895214,38.48593191261016,41.29751968383789,279820
2014-08-18,41.38271925898693,41.65049128113375,40.16558045725203,41.090606689453125,175776
2014-08-19,41.382715532412114,42.57550996493429,41.16363205359376,41.60179901123047,133932
2014-08-20,41.62614541662316,41.91825797490991,40.82283309552509,41.48008728027344,149532
2014-08-21,41.50443299057874,41.60180260860383,40.40900807293884,40.74980545043945,116536
2014-08-22,40.45769122302188,41.796543845238936,40.45769122302188,40.62808990478516,54264
2014-08-25,40.652432822619936,41.601799528520885,37.48787218373335,38.14512634277344,210784
2014-08-26,36.51416166574627,38.899754304124215,35.79605056253578,37.90169906616211,105564
2014-08-27,38.44941310204697,38.46158523266137,36.28290757154191,37.5122184753418,138496
2014-08-28,37.70695619434367,39.1918669238057,37.70695619434367,37.98690032958984,85288
2014-09-01,36.526338867522384,40.53072507665792,36.526338867522384,39.80044174194336,169528
2014-09-02,42.45379926669981,42.8797978407641,40.409007596956286,40.99323272705078,153148
2014-09-03,40.89586243033656,41.84522917956142,39.44746804547802,40.29946517944336,85360
2014-09-04,39.82478174118725,41.38271786932621,39.19186809977364,40.214263916015625,49344
2014-09-05,40.21425718558151,41.13928323190317,39.84911561843444,40.90802764892578,499208
2014-09-08,40.920210103683495,41.97911868698061,40.433354557961685,41.05409240722656,182452
2014-09-09,39.849122195089336,41.0906052140472,39.47180843721684,39.95866394042969,93284
2014-09-10,40.40900585824412,40.40900585824412,38.41289908282784,38.75369644165039,215152
2014-09-11,38.74152334539365,43.13539479642831,38.461582930085264,42.19820022583008,628640
2014-09-12,43.573563732974165,45.20452878344882,41.65048614895981,43.68310546875,2942224
2014-09-15,43.42750844390701,43.76830951729416,41.89391661410901,42.13734436035156,492036
2014-09-16,42.13735207797685,43.33014676726546,38.510275766001584,38.99713134765625,406912
2014-09-17,39.07024316876912,40.87385861155673,38.35123446059252,38.89963150024414,236496
2014-09-18,38.753397212543554,40.30109726808831,38.64371853028153,39.033687591552734,808580
2014-09-19,39.72832101531311,41.8975346015331,39.72832101531311,41.215087890625,955112
2014-09-22,40.94698224974206,41.67817836134459,40.45951817534037,41.08103561401367,193688
2014-09-23,40.34982975251231,41.41006162671426,38.655893247090575,38.85087585449219,185752
2014-09-24,38.997126117867175,39.72832223257719,34.40277570948364,36.6938591003418,470700
2014-09-25,37.29100126846977,37.29100126846977,34.12248482082201,35.03647994995117,280980
2014-09-26,35.09741513779637,37.04727153434062,34.90242875433076,36.57199478149414,205844
2014-09-29,38.02219411682024,39.49677354272595,36.92540005575812,38.33904647827149,171648
2014-09-30,38.02220451038211,39.69177074733876,37.949084142512405,39.1068115234375,182344
2014-10-01,38.75339363447446,39.4845897407853,38.03438487374661,38.25374221801758,63960
2014-10-07,38.0465746436372,38.0465746436372,36.1942095686624,36.340450286865234,132336
2014-10-08,36.072345024323766,37.7175364359061,35.59706824923342,36.45013046264648,55480
2014-10-09,37.77846977416693,37.77846977416693,36.925407553459934,37.24225997924805,49244
2014-10-10,35.81642257176319,37.16913613899346,35.59706522315538,36.23076629638672,49880
2014-10-13,37.16913353412158,37.16913353412158,35.65799573425036,36.4135627746582,54304
2014-10-14,37.04727208194053,37.04727208194053,35.609254455856025,35.87735748291016,79384
2014-10-15,35.87735748291016,35.87735748291016,35.87735748291016,35.87735748291016,0
2014-10-16,35.48738762862724,36.68167317459638,35.19490619617643,35.389892578125,59752
2014-10-17,36.07233869403816,36.4866823811721,34.99991930156732,35.536128997802734,72724
2014-10-20,35.85298311890215,36.54761717332294,35.85298311890215,36.12108612060547,28272
2014-10-21,36.25514439174107,37.02289890300255,35.609255912048475,35.82861328125,71876
2014-10-22,36.36481323744554,37.02288888605671,36.07233558462448,36.25513458251953,49716
2014-10-27,36.62073733389437,37.632223765977024,36.29169760733197,36.90102767944336,45576
2014-10-28,36.73041342706159,37.42505114817401,36.73041342706159,36.92539978027344,51652
2014-10-29,35.98702999120279,37.6078500982485,35.98702999120279,36.76697540283203,71956
2014-10-30,36.58418151590197,37.108203926086425,36.37700778961182,36.55980682373047,70116
2014-10-31,36.54761487564825,37.38848958290176,36.54761487564825,36.77915954589844,95584
2014-11-03,36.77916312242127,37.29100189089905,36.57199312112751,36.8522834777832,46792
2014-11-05,36.70604753603492,37.778467048499,36.70604753603492,37.26662826538086,94680
2014-11-07,37.04726955392312,37.65659964527054,36.92540353565364,37.31537628173828,218688
2014-11-10,37.290998724442495,39.240854866897,36.94977538713513,38.50965881347656,345364
2014-11-11,38.753395080433656,38.96056880590737,37.54692220381623,38.046573638916016,198252
2014-11-12,39.83799892814675,40.16703865105282,37.96126307070932,38.30248641967773,432380
2014-11-13,38.2781158717891,39.44803035399114,37.77846446887352,38.54621887207031,266432
2014-11-14,38.50965742413461,38.91181375138478,37.425050727835554,37.62003707885742,61652
2014-11-17,38.50965881880833,38.50965881880833,37.169132720685255,37.5712890625,257192
2014-11-18,37.5347345209277,38.144064626786914,37.24225681392644,37.41286849975586,106560
2014-11-19,37.40068254230512,38.24155737579664,36.07234360602941,36.65729904174805,159676
2014-11-20,36.68166938615162,37.38849076377751,35.8286073074039,36.09671401977539,58792
2014-11-21,35.7311207547682,36.791352962707606,34.69525952089801,35.097415924072266,310508
2014-11-24,34.89023928398005,36.02359547690807,34.89023928398005,35.19490432739258,301560
2014-11-25,35.52394844630263,37.41287194859317,35.43864073599608,35.7554931640625,427604
2014-11-26,34.865867844230806,35.98703295751555,34.865867844230806,35.34114456176758,77076
2014-11-27,35.29239762507329,35.82860733111561,34.93898693602645,35.15834426879883,55104
2014-11-28,35.53613002278378,36.30388441464554,34.48808157047073,34.695255279541016,228164
2014-12-01,34.91461454262311,35.96266305280969,34.70744082211264,35.048667907714844,203016
2014-12-02,34.744000756216195,35.31676878103788,34.36621537530072,34.92679977416992,65584
2014-12-03,34.60994827764613,36.80353654876455,34.58557358701145,36.12108612060547,249452
2014-12-04,36.157646388031374,36.54761538572284,35.0121029272331,35.536128997802734,63856
2014-12-05,35.17053769613693,36.34045235104424,35.17053769613693,35.7554931640625,205512
2014-12-08,35.75548677904639,36.16983047142383,34.73181303345053,34.84149169921875,112852
2014-12-09,34.62213391273834,35.03647759967119,33.91530882885953,34.04936218261719,94872
2014-12-10,33.75688675303772,36.07234107905836,32.95257029597731,33.7812614440918,168736
2014-12-11,33.44003004342739,34.12248039514126,32.57478068959669,33.927494049072266,120544
2014-12-12,34.1224803359942,34.35402499446312,33.14755232639436,33.37909698486328,89812
2014-12-15,33.14755393915565,33.39128595341415,32.03857253046841,32.160438537597656,49728
2014-12-16,32.17262766758724,32.66009172315675,30.295891797455777,30.55180931091309,58036
2014-12-17,30.4665035671658,30.710235595703125,29.260030769717154,30.16183853149414,88116
2014-12-18,30.466504409820374,31.417057859784485,30.22277237454181,30.649303436279297,76696
2014-12-19,30.953965909612595,31.429242595122336,30.563995057460023,31.02708625793457,47092
2014-12-22,31.197701171875,31.92889729309082,29.95466813771369,30.46650505065918,304928
2014-12-23,31.124578106344025,31.124578106344025,30.46650239835074,30.68586158752441,67056
2014-12-24,30.698050069833883,30.86866361563838,30.027786951632027,30.198400497436523,16924
2014-12-26,29.979039902552792,30.710235997737005,29.90591954922324,30.600557327270508,60608
2014-12-29,30.466501751349025,33.14755390546774,30.466501751349025,31.612041473388672,102628
2014-12-30,31.44143041709944,32.53822450141686,30.94177903487708,31.624229431152344,56452
2014-12-31,31.441432356287123,32.050762440711296,31.197700322517456,31.782655715942383,47804
2015-01-01,31.9289020630712,32.416366216705875,31.9289020630712,32.331058502197266,50072
2015-01-02,32.1726308043431,33.379103715694775,31.44143464969894,31.6729793548584,231192
2015-01-05,31.20988767978066,32.14825377871415,31.124579980306844,31.2342586517334,300032
2015-01-06,30.490877969036,31.197701260116084,30.344639116284785,30.62493133544922,187100
2015-01-07,30.75898392321659,30.8930372943405,28.918808064004214,29.07723426818848,168936
2015-01-08,29.58906801250627,30.149650550606594,28.736005930610865,29.0528564453125,184328
2015-01-09,29.5890688511847,29.735307697463384,29.05285726879244,29.18691062927246,57944
2015-01-12,29.3209636829456,30.91740734903549,29.004111303050728,29.45501518249512,220048
2015-01-13,29.61344230126756,30.69804911499255,29.247844248165485,30.100906372070312,1353672
2015-01-14,30.22277078006421,30.22277078006421,28.77256599047707,29.08941650390625,156100
2015-01-15,29.01629914262089,29.650002053679675,28.760379765304933,28.955366134643555,257012
2015-01-16,28.882246901894103,29.004112922577203,28.51664883984481,28.62632751464844,89952
2015-01-19,28.541021217830927,29.04067263849058,28.05355714285678,28.224170684814453,132384
2015-01-20,28.29728916053955,29.00411244066296,28.285103674390445,28.77256774902344,144236
2015-01-21,30.356824898135123,30.442130736217628,29.296589086375512,29.61344146728516,335984
2015-01-22,29.38189627237351,29.918105982007752,29.38189627237351,29.759679794311523,266068
2015-01-23,29.68656184357243,29.69874732929243,28.72381921435774,28.870058059692383,76168
2015-01-27,29.004111631225523,29.61344170751177,28.760379600711023,28.991924285888672,50936
2015-01-28,28.991926815040934,29.2234733799457,28.528837404287373,28.65070343017578,79052
2015-01-29,28.51664844831339,29.50376394610462,27.419854277224413,27.834197998046875,124792
2015-01-30,28.04137134559415,29.00411213917582,27.79763931081116,28.49227523803711,95316
2015-02-02,28.638512805395003,28.760378817332853,28.102303096679567,28.30947494506836,43460
2015-02-03,28.15105125292806,28.50446197506273,27.56609397187072,27.773265838623047,62988
2015-02-04,27.78545608520508,28.38259891515481,27.78545608520508,28.02918815612793,54344
2015-02-05,28.02918571787885,28.39478379245988,27.541721618437474,28.175424575805664,198996
2015-02-06,28.22417133149801,28.33385000706904,27.675774234586992,28.041372299194336,63180
2015-02-09,28.04137191880663,28.26072926697307,27.419854473594008,27.60265350341797,90304
2015-02-10,27.529532803527307,29.10160555607744,27.529532803527307,28.06574440002441,298160
2015-02-11,28.004810544770848,28.516647434510343,27.45641347872257,28.12667655944824,588272
2015-02-12,28.138861412638704,28.68725846635904,28.016995400700853,28.30947494506836,97636
2015-02-13,28.41915181228489,28.614138162848544,28.02918097068524,28.272912979125977,101192
2015-02-16,28.163236849709723,28.882245595404445,28.029183489211064,28.63851356506348,116516
2015-02-18,28.857874069095548,30.57618384497669,28.638514859964705,30.42994499206543,185612
2015-02-19,31.14895562002918,32.13607113104443,30.22277311933517,31.52674102783203,322524
2015-02-20,32.123881890168725,33.3912876862746,31.34394014787708,31.685163497924805,349364
2015-02-23,31.697353664841632,36.31607524208794,31.356126565361617,33.74470138549805,1853248
2015-02-24,33.878749080395686,34.463704411427884,32.45291534730367,32.61134338378906,235140
2015-02-25,33.09880885644476,33.09880885644476,31.685162405319424,32.01420211791992,117244
2015-02-26,32.17262397432195,32.75757928623301,31.685159974711013,31.965450286865234,78656
2015-02-27,31.819212720539948,33.23285903666064,31.685159379354737,32.73320770263672,158036
2015-03-02,31.807031001300736,32.86726685563306,30.2227727521938,31.088022232055664,117680
2015-03-03,30.832100104948665,32.184813541111254,30.832100104948665,31.34393882751465,86100
2015-03-04,31.587672362288984,32.13606942608528,30.734608403522493,30.90522193908692,82492
2015-03-05,30.17402512849417,31.624229918518804,29.78405240488252,30.381196975708008,88156
2015-03-09,30.222774150208657,30.222774150208657,29.211285772469463,29.430644989013672,63776
2015-03-10,29.26003421217461,29.723123633255984,28.5653963614965,28.82131576538086,62468
2015-03-11,28.76038087161984,29.247844954189667,27.45641482265113,27.919506072998047,79448
2015-03-12,28.61414052218768,28.760379367404514,28.06574345797869,28.516647338867188,100252
2015-03-13,28.68725729538448,29.10160283477682,27.49297191476485,27.89512825012207,129572
2015-03-16,27.785450082698908,28.26072677451293,27.54171806442962,27.94387626647949,46712
2015-03-17,28.44352645181028,28.46790114182805,27.32235951351996,27.566091537475582,66344
2015-03-18,27.61484105471486,27.90731876079853,27.346734321355605,27.72451972961425,67324
2015-03-19,27.736704718473582,28.49227361125568,27.33454651213752,27.67577171325684,94828
2015-03-20,27.35892140081493,27.931691321042223,26.737403957029805,26.895830154418945,50584
2015-03-23,26.89582900164225,26.96894935408105,25.348130990928617,25.57967567443848,88120
2015-03-24,25.469996212248063,26.07932626517266,23.94667107993658,24.15384292602539,118572
2015-03-25,24.37320121830285,24.872852587089127,23.4226459988835,23.861364364624023,115320
2015-03-26,23.88573943153387,23.88573943153387,22.910811291471266,23.044864654541016,94628
2015-03-27,22.32585335003996,23.30078146016858,22.167427160238493,22.874250411987305,160420
2015-03-30,22.63051806676734,23.95885871388699,22.63051806676734,23.33734130859375,62668
2015-03-31,23.4470193451358,23.800431886309525,23.398273685435555,23.520139694213867,86812
2015-04-01,23.922299767736988,25.10439977351641,23.678567731100905,24.81192207336425,88364
2015-04-06,24.81192240890923,28.01699724639536,24.53163019108162,26.70084571838379,228592
2015-04-07,26.73740339592727,28.00481108891508,26.383992690307046,26.883644104003903,126916
2015-04-08,27.54172045531041,27.54172045531041,25.76247582367832,26.34743309020996,101072
2015-04-09,26.82271007783565,26.932388745204104,26.34743151367421,26.432737350463867,69612
2015-04-10,26.11588839656497,26.9323903567416,26.11588839656497,26.34743309020996,108084
2015-04-13,26.566791478120656,30.92959522120384,26.51804581554992,28.955366134643555,554688
2015-04-15,29.199096304666483,29.199096304666483,27.492972190092296,27.822010040283203,110008
2015-04-16,27.90731954273492,28.029185566939,26.45711459851752,27.151750564575195,123036
2015-04-17,27.29798835897869,27.72451942708773,26.71303109366643,27.09081649780273,76424
2015-04-20,27.151747879070538,27.65139741317154,25.457809194459827,25.72591590881348,103852
2015-04-21,26.201193733303302,26.43273842248415,25.177519931255155,25.945274353027344,62468
2015-04-22,26.664283659922063,26.664283659922063,25.11658568741349,25.7624740600586,47852
2015-04-23,25.835596405180627,26.298687656047,25.34813232206401,25.56749153137207,67232
2015-04-24,25.67716783406244,25.835594018344626,24.531628088380888,24.775360107421875,79992
2015-04-27,25.59186324661589,25.59186324661589,24.00760504563491,24.05635070800781,84032
2015-04-28,23.91011016121504,24.84847804162871,23.31296747173208,24.568187713623047,53824
2015-04-29,25.32376095457242,25.32376095457242,24.6291249678582,24.970348358154297,30356
2015-04-30,24.6291197660936,25.54311478176465,24.5316265925165,25.214075088500977,46664
2015-05-04,25.33594383446969,25.811222409807808,25.12877198038642,25.34813117980957,62336
2015-05-05,25.287199464599244,25.56749168599195,25.128773264722675,25.33594512939453,42832
2015-05-06,25.214079387237327,25.555304623168706,24.25133855040431,24.36101722717285,118064
2015-05-07,24.37320133609235,25.031277028355767,23.64200529600958,23.82480430603028,65248
2015-05-08,23.82480779193124,24.385392248493748,23.82480779193124,24.092912673950195,33196
2015-05-11,24.275707462363457,25.104396655920738,24.275707462363457,24.592559814453125,62100
2015-05-12,24.616936951253763,24.641309784250403,23.88574080418682,24.092912673950195,69380
2015-05-13,23.98323335239984,24.61693629095447,23.97104600646444,24.275711059570312,60244
2015-05-14,24.397576135849725,24.470696489574216,23.64200720531732,24.1782169342041,45044
2015-05-15,24.01979317060704,25.884341780041947,23.88573980543883,25.640609741210938,161916
2015-05-18,24.885040201938743,24.885040201938743,23.99541790942072,24.1782169342041,184568
2015-05-19,24.007605775250568,24.470697019978235,23.995418429523045,24.03197860717773,95496
2015-05-20,24.37320263857769,24.37320263857769,23.92229876166956,24.007604598999023,46988
2015-05-21,23.92229876166956,24.22696379465178,23.83699292434009,24.007604598999023,57168
2015-05-22,24.129469322731428,24.129469322731428,23.70293829934981,23.82480430603028,484436
2015-05-25,23.836992681860583,24.10509753625211,23.39827429501789,23.53232765197754,95888
2015-05-26,23.666381225276265,23.885740437938427,23.15454430208317,23.30078315734864,50840
2015-05-27,23.227663040161133,23.617633913524827,22.971743666642062,23.227663040161133,34544
2015-05-28,23.43483415647144,23.81261767274728,22.971742945349305,23.25203514099121,40436
2015-05-29,22.92300024574887,23.398277003572744,22.92300024574887,23.11798477172852,46932
2015-06-01,22.910809922258807,23.13016911256896,22.50865171661148,22.703638076782227,37764
2015-06-02,23.13016803592985,23.13016803592985,22.240545830792616,22.447717666625977,41744
2015-06-03,23.361715492003466,23.361715492003466,20.64410289388416,21.32655334472656,125400
2015-06-04,21.448417108577704,22.545211165266338,20.83908707708402,21.24124526977539,35344
2015-06-05,21.448415982521187,22.2892906380249,20.58316663941526,21.570281982421875,43584
2015-06-08,21.44842035014689,21.570286374863635,20.54661251105417,20.87565040588379,27996
2015-06-09,20.960957457303,21.44842158421702,20.473493330388973,20.546613693237305,52532
2015-06-10,20.30287736806248,21.39967142339419,20.30287736806248,20.497861862182617,62276
2015-06-11,20.49786142245175,20.644100254786583,19.401067390649043,19.5107479095459,98428
2015-06-12,19.376697402228725,19.44981775887849,18.15803718825208,18.51144790649414,125748
2015-06-15,19.01109820244365,19.12077687133894,18.40176813185252,18.84048652648925,29740
2015-06-16,18.572378598594387,19.12077562642132,18.572378598594387,18.81611061096192,33576
2015-06-17,19.25483160075165,19.9372820721844,18.84048786707829,19.53512382507324,72656
2015-06-18,19.3766996010796,19.986029777214178,19.3766996010796,19.85197639465332,44996
2015-06-19,20.278505325317383,20.64410339146754,19.63261689607445,20.278505325317383,45756
2015-06-22,20.473491752411697,21.15594222130326,20.388185908682235,20.985328674316406,36516
2015-06-23,21.00969969493844,21.570284093147738,21.00969969493844,21.14375305175781,82168
2015-06-24,21.143754754550216,21.49716547349522,20.900022711270097,21.02188873291016,41976
2015-06-25,20.9609539041274,20.9609539041274,20.363811193693014,20.63191604614257,31348
2015-06-26,20.76596774890677,21.15594047582886,20.01039884466884,20.205385208129883,40384
2015-06-29,19.986026663274203,20.522236390916767,19.74229463079525,20.37599754333496,19456
2015-06-30,19.754483115807343,20.71722395582572,19.754483115807343,20.400371551513672,13872
2015-07-01,20.19319810030029,20.9487670134139,20.19319810030029,20.680662155151367,25892
2015-07-02,21.070633027126668,21.3752980614086,20.485677648927613,20.680662155151367,58680
2015-07-03,20.534422035932543,21.034073404950284,20.254129849886684,20.497861862182617,30540
2015-07-06,20.217571692483407,20.90002213878551,19.754482310558267,19.91290664672852,80192
2015-07-07,20.22975978158988,20.4734918271512,19.632617013775807,19.88853454589844,113036
2015-07-08,19.74229400084979,20.20538521968886,19.26701729649229,19.46200180053711,86024
2015-07-09,19.30357635244495,20.47349085966555,19.30357635244495,19.791040420532227,84840
2015-07-10,20.14445360841212,20.156639094774324,19.742295367901143,19.8032283782959,23048
2015-07-13,19.96165231733038,20.22975716080905,19.44981545986605,19.717920303344727,64096
2015-07-14,19.76666596233078,20.09570380930587,19.63261447035529,19.717920303344727,49332
2015-07-15,19.742296878422533,19.97384159182738,19.510752165017685,19.55949783325196,144704
2015-07-16,19.851973956037,19.937281657839144,19.522936073248964,19.64480209350586,70328
2015-07-17,19.681362680515136,19.864161714699488,19.3035772660563,19.53512382507324,117996
2015-07-20,19.742292921599056,19.86415892728794,19.315761901687964,19.40106773376465,96676
2015-07-21,19.2548340812562,19.69355256362774,19.0476621877306,19.19390106201172,62252
2015-07-22,19.44981813925524,19.47419097210584,19.181711399314725,19.303577423095703,55532
2015-07-23,19.42544224496211,19.474189767175105,17.573079170008498,18.9257926940918,99356
2015-07-24,18.82829878337897,19.41325601069047,18.76736577760752,18.950164794921875,82004
2015-07-27,18.889234064095564,19.10859328319712,17.54870777567588,18.487075805664062,108216
2015-07-28,18.523636475266017,18.803928714889462,18.40177044582348,18.535823822021484,29700
2015-07-29,18.450512913901186,18.767365279311026,17.7315042086997,17.804624557495117,83600
2015-07-30,17.88993031740622,19.07203022119112,17.877742972814822,18.194595336914062,42780
2015-07-31,18.53581881630268,18.53581881630268,17.694942324516518,18.12147331237793,109948
2015-08-03,18.12147729351488,19.839788965923425,18.03617144910713,19.69355010986328,154660
2015-08-04,19.62042820775584,20.839088344883525,18.88923212547921,20.680662155151367,264816
2015-08-05,21.05844919288608,21.204688048903964,20.107893839477896,20.400371551513672,110656
2015-08-06,20.510051432777484,20.61973010640415,19.79104080274617,20.2297592163086,42188
2015-08-07,20.22975793354145,20.960954003428487,20.22975793354145,20.790342330932617,115324
2015-08-10,20.912208451266444,21.192498791891005,20.120079371438592,20.205385208129883,60184
2015-08-11,20.22975932916066,20.54661172511529,19.559496218857145,19.83978843688965,93376
2015-08-12,19.52293499104907,19.59605534296114,18.548006883036354,18.68206024169922,132016
2015-08-13,18.767364855498453,18.767364855498453,17.91430281661216,18.109289169311523,54788
2015-08-14,18.46270158837404,18.62112778249008,17.694945308833113,18.340835571289062,67580
2015-08-17,18.36520795503182,18.64550015939893,17.853371067659765,18.29208946228028,60524
2015-08-18,18.21896851795777,19.09640341915788,18.21896851795777,18.828298568725582,38692
2015-08-19,18.645499376575028,19.23045659166724,18.29208869429417,19.05984306335449,64736
2015-08-20,19.01109810624795,19.25483013325113,18.5236340522416,18.68206024169922,42776
2015-08-21,18.40176901946197,18.40176901946197,17.58526705739142,18.036170959472656,33168
2015-08-24,17.914303284422196,17.914303284422196,14.684854052876698,15.83039379119873,90116
2015-08-25,15.720716485207769,17.03686986517725,15.294185417779648,16.074127197265625,75176
2015-08-26,15.842581675765096,17.061241804670104,15.623222480656638,16.683456420898438,45176
2015-08-27,17.746798173202425,17.746798173202425,16.62234574575002,17.02568244934082,33864
2015-08-28,17.111241283936305,17.563466573444874,16.683460251837896,17.037906646728516,42332
2015-08-31,17.233461299248816,17.746798071337434,16.866791909903096,16.87901496887207,19048
2015-09-01,17.050127559089972,17.050127559089972,16.26790023068527,16.39012336730957,27408
2015-09-02,16.866793222934582,16.866793222934582,15.79122922412884,16.206789016723633,22752
2015-09-03,16.34123367838188,16.573458766684666,15.889008426918847,16.231233596801758,49280
2015-09-04,16.487897978689013,16.487897978689013,15.461224526849412,16.011228561401367,44788
2015-09-07,15.889006205163463,16.50012182843898,15.35122427018332,15.999006271362305,68372
2015-09-08,16.597899458592334,16.597899458592334,15.766781900162089,16.255674362182617,28760
2015-09-09,16.62234765238364,16.817905429579028,15.705674068612486,16.04789924621582,59276
2015-09-10,15.889006572568864,16.194564391272113,15.693448822608016,16.023452758789062,40496
2015-09-11,15.889009980395445,16.304567956968704,15.779009888060555,15.925677299499512,22840
2015-09-14,16.695682649023027,16.842350052628156,16.06012079177209,16.634571075439453,37124
2015-09-15,16.622347167010386,16.976793529727846,16.28012199940004,16.854570388793945,657808
2015-09-16,17.111237909852314,17.172349473816073,16.622345398142247,16.79345703125,302772
2015-09-18,16.48790018167963,19.92237102453879,16.48790018167963,18.675695419311523,303696
2015-09-21,18.08902268660696,18.70013831791125,18.08902268660696,18.57791519165039,61544
2015-09-22,19.06680933566479,19.14014396371586,18.089024241528133,18.13791275024414,44944
2015-09-23,17.96680264368754,18.06458153447176,17.27013107743796,17.759023666381836,61412
2015-09-24,17.79568951720581,18.235691692013344,17.416797046003673,17.722354888916016,28540
2015-09-28,18.23569076260137,18.23569076260137,17.722353985667098,18.003467559814453,26884
2015-09-29,17.917912624869945,18.30902629015839,17.306796940051424,17.930133819580078,39224
2015-09-30,17.80790857221889,18.55347036533253,17.380127643541815,17.844575881958008,36304
2015-10-01,18.10124667093988,18.174579431460565,17.367907875871044,17.881244659423828,34140
2015-10-05,17.844576985540996,18.333469505692804,17.844576985540996,18.272357940673828,35196
2015-10-06,18.089022697422887,18.480136328696112,17.96679957108895,18.370136260986328,31880
2015-10-07,18.23569281353194,18.944587425681927,18.10124847336825,18.712364196777344,46860
2015-10-08,19.0668095322906,19.0668095322906,18.35791495873566,18.639028549194336,39020
2015-10-09,18.639026868461382,19.06680781298345,18.345692109637017,18.51680374145508,28408
2015-10-12,18.577914745776685,19.433476609069032,18.431247370779083,18.82236099243164,93780
2015-10-13,18.700140029390063,18.810140107101528,18.394582185772578,18.492361068725582,14972
2015-10-14,18.687917709350582,19.042365940962707,18.49236180068124,18.687917709350582,24276
2015-10-15,18.49236039335978,18.883474045910752,18.49236039335978,18.6512508392334,37464
2015-10-16,19.066809336659965,19.53125762939453,18.66347261231213,19.53125762939453,919384
2015-10-19,19.31125248089124,19.7268103325906,19.079029304643377,19.16458511352539,73956
2015-10-20,19.54347677544888,19.726811461391087,18.944584214028403,19.176807403564453,73780
2015-10-21,19.06680735237047,19.06680735237047,18.55347060434049,18.761249542236328,39940
2015-10-23,18.83458652389279,18.93236354341222,18.577917185211525,18.724584579467773,24084
2015-10-26,19.18903333870901,19.18903333870901,18.49236180068124,18.687917709350582,35596
2015-10-27,18.577914870802488,18.577914870802488,18.199022439946688,18.345691680908203,17200
2015-10-28,18.21124650940964,18.62680440860001,17.844577116602732,18.003467559814453,33076
2015-10-29,18.49235779253524,18.49235779253524,17.94235377146498,18.18680000305176,17220
2015-10-30,18.08902359008789,18.27235828863608,17.869021578834666,18.08902359008789,21488
2015-11-02,17.991241314903753,18.55346836364125,17.502348877732583,17.636795043945312,26636
2015-11-03,18.003467000476483,18.027911252908773,17.38012830608006,17.477907180786133,21200
2015-11-04,17.84457642472327,18.08902267711674,17.600130172329802,17.95457649230957,19144
2015-11-05,17.306798078784105,18.08902546082908,17.306798078784105,17.73457908630371,22880
2015-11-06,18.62680502493957,18.62680502493957,17.13568315118071,17.282350540161133,22788
2015-11-09,16.622346524325284,17.06235056066589,16.439011820012873,16.805681228637695,58360
2015-11-10,16.62234599291483,17.282350161348592,15.889007199109765,16.695680618286133,25060
2015-11-13,17.050126003108883,17.233460691314352,16.646789316061465,16.976791381835938,16224
2015-11-16,17.062352769115975,17.221241374770692,16.732348766658223,17.037906646728516,14832
2015-11-17,17.270128478574897,17.270128478574897,16.671234028255824,17.147905349731445,21872
2015-11-18,17.111238500605,17.196794320112627,16.879015295516158,16.903459548950195,17892
2015-11-19,17.257905886186215,17.257905886186215,16.683457538089876,16.903459548950195,27808
2015-11-20,17.111238949540734,17.111238949540734,16.622346408125285,16.866792678833008,63896
2015-11-23,17.111237246421318,17.23346036961004,16.46345432052571,16.536788940429688,45484
2015-11-24,17.062348737265832,17.086792988899795,16.671233251215007,16.74456787109375,7936
2015-11-26,16.769014334696767,17.47790891545177,16.756793139756137,17.184574127197266,30896
2015-11-27,16.8790147127808,17.319016854333707,16.683456962106007,16.79345703125,47068
2015-11-30,16.622344419844314,17.09901384471677,16.622344419844314,16.927902221679688,37176
2015-12-01,16.940126048878838,17.086793427423615,16.634568233170178,16.915679931640625,28680
2015-12-02,16.866792140800218,17.086794150414747,16.67123438448131,16.756792068481445,51544
2015-12-03,16.634569467651485,17.050127381863803,16.634569467651485,16.866792678833008,40032
2015-12-04,16.866792140800218,17.45346354477997,16.487899687298697,16.756792068481445,66368
2015-12-07,16.8423478875046,17.23346153516544,16.744569009345145,16.756792068481445,14028
2015-12-08,16.854570095798408,17.06235092375573,16.500123739242554,16.622346878051758,31592
2015-12-09,16.671233456965375,16.695679573877896,15.889006205163463,15.999006271362305,29020
2015-12-10,15.889005442612044,16.81790189140162,15.779005381692368,16.011228561401367,21944
2015-12-11,16.03567429739241,16.133453174475534,15.424558646844094,15.840118408203123,48400
2015-12-14,15.41233606122078,16.377898946822167,15.33900237183718,15.669004440307615,1432228
2015-12-15,15.86456375996796,17.050127831145375,15.779007935961214,16.83012580871582,170424
2015-12-16,17.07456932544373,17.34345981384111,16.13345168356449,16.426786422729492,33576
2015-12-17,16.451233678836665,16.72012418587294,16.170120113080916,16.439010620117188,81120
2015-12-18,16.634567589504858,17.233460139129257,16.500121409804606,16.659011840820312,105716
2015-12-21,16.63456965729936,17.600131691612262,16.622346597633804,17.367908477783203,55864
2015-12-22,17.33124103118314,17.66124312488101,17.111239013725545,17.22123908996582,216076
2015-12-23,17.17234960250475,17.771242187846877,17.111238038083023,17.147905349731445,38004
2015-12-24,17.380129328346985,17.575687089261482,16.891236791037777,17.135683059692383,232636
2015-12-28,17.465686223640095,17.600132425660302,16.86679357459112,17.001239776611328,55808
2015-12-29,17.123464020375835,17.306798744940984,16.866794659993722,17.01346206665039,47692
2015-12-30,16.695681593841247,17.3556858008401,16.695681593841247,16.769014358520508,95644
2015-12-31,17.221238223176535,17.221238223176535,16.805680328321547,17.086793899536133,17852
2016-01-01,17.319017083113216,17.35568439497122,16.793457253087006,17.294572830200195,45824
2016-01-04,17.355684743608748,17.355684743608748,16.866792215619768,17.111238479614258,51492
2016-01-05,17.111238479614258,17.245684670802024,16.92790378161839,17.111238479614258,522740
2016-01-06,17.355681635627395,17.355681635627395,16.744566085077135,16.891233444213867,198820
2016-01-07,16.842348004188626,16.842348004188626,16.133453463842567,16.280120849609375,103040
2016-01-08,16.402342758931347,16.793456380139894,16.32901000400423,16.536788940429688,56388
2016-01-11,16.536791139570532,16.817904733283783,16.133454406414742,16.769014358520508,35560
2016-01-12,16.61012314763298,17.184573368827483,16.133453671510964,16.365676879882812,72496
2016-01-13,16.54901143507253,16.720124939978145,15.326781039565216,15.656784057617188,74432
2016-01-14,15.889006843862608,16.133453102998956,15.461225890374,15.766783714294434,30952
2016-01-15,15.889008125336114,15.889008125336114,14.935667264820529,15.02122402191162,20112
2016-01-18,15.15566776212165,15.15566776212165,14.275661619897068,14.495662689208984,49468
2016-01-19,14.422329716664311,15.02122325580316,14.226772890054702,14.617886543273926,61768
2016-01-20,16.011228908346652,16.011228908346652,13.688989601029196,14.031214714050291,96772
2016-01-21,14.055661404890063,14.520109719960123,13.688991976936412,14.141217231750488,38644
2016-01-22,14.54455282672701,14.666775959724715,13.627879329244216,14.12899398803711,116480
2016-01-25,14.911221759638527,14.911221759638527,13.933436726219607,14.165660858154297,81220
2016-01-27,14.666775839974942,15.449004071271306,13.75010234997651,14.3978853225708,26500
2016-01-28,14.54455150300703,14.54455150300703,14.177882137385003,14.31232738494873,23384
2016-01-29,14.251216625802398,14.434551318928042,14.031215553544708,14.092327117919922,25216
2016-02-01,14.006771133124,14.422329980064232,13.957881692456588,14.08010482788086,33816
2016-02-02,13.933436671558388,14.373439748373064,13.762324104883662,13.884547233581545,16084
2016-02-03,13.725658817471473,13.933437779788692,13.456767353456108,13.615657806396484,24668
2016-02-04,13.51787724445306,13.99454761160814,13.481210866972472,13.701211929321287,22736
2016-02-05,13.62787868903072,14.495662706049782,13.444543998146898,13.87232494354248,36132
2016-02-08,14.018993168655198,14.385662572534464,13.45676693587136,13.93343734741211,53116
2016-02-09,13.750102043151855,13.970104048837676,13.713434731374727,13.750102043151855,37376
2016-02-10,13.750102043151855,13.9456588634901,13.444544219970703,13.750102043151855,36364
2016-02-11,13.811212204168612,13.872323762594135,12.601203160845545,13.02898406982422,37892
2016-02-12,12.796761240221466,13.200097939134864,12.784539113812553,13.053430557250977,38852
2016-02-15,13.20009686531277,13.652322033073496,12.955650627066236,13.322319984436035,69916
2016-02-16,13.200098001039946,13.395654821965064,12.62564966473082,12.71120548248291,23740
2016-02-17,12.613426113492835,12.613426113492835,11.97786623716904,12.25897979736328,46604
2016-02-18,12.808984304154691,12.955651686096244,12.283424475968609,12.430091857910156,21540
2016-02-19,12.711205735014945,12.711205735014945,12.234535333454184,12.381203651428224,22780
2016-02-22,12.234535265185958,12.588982532701465,12.222313138545111,12.307868957519531,19872
2016-02-23,12.32009157523084,12.576759955446388,12.173423263330202,12.34453582763672,19140
2016-02-24,12.833428505818148,12.833428505818148,12.30786867972735,12.35675811767578,15708
2016-02-25,12.344536601685064,12.454537609385902,11.733420928334318,11.843421936035156,46456
2016-02-26,11.977866113747268,12.173422925025047,11.733419866527935,12.112311363220217,20888
2016-02-29,11.733420192605198,12.588982081649329,11.733420192605198,12.34453582763672,23804
2016-03-01,12.10008957362411,12.588982081649329,11.990088572820746,12.34453582763672,21276
2016-03-02,12.662316225035037,12.662316225035037,12.234535265185958,12.307868957519531,75552
2016-03-03,12.6867615328169,13.530100401496316,12.100090123529178,13.358988761901855,108256
2016-03-04,13.200098136439577,14.568996829445323,13.200098136439577,13.554545402526855,61592
2016-03-08,14.385662116082823,14.385662116082823,13.21232024739657,13.970104217529297,1860544
2016-03-09,14.1778841909101,14.300107330486911,13.542324238106104,13.83565902709961,56152
2016-03-10,14.05566105133329,14.05566105133329,13.566768493026045,13.83565902709961,47388
2016-03-11,13.688991502950294,14.055660918207892,13.517878922665709,13.615657806396484,34380
2016-03-14,13.615657177137464,14.043438141834404,12.723427934917016,12.943429946899414,51716
2016-03-15,12.833429258104392,13.346766055433156,12.772317690208656,13.175654411315918,35476
2016-03-16,13.261209211026038,13.530099716042246,12.845650394874076,13.310098648071287,37328
2016-03-17,13.090096194521276,13.688989679496952,13.090096194521276,13.34676456451416,43176
2016-03-18,13.566767026948297,13.6645459010388,13.261209211026038,13.310098648071287,26304
2016-03-21,13.322321449138183,13.566767714259989,13.200098316577284,13.358988761901855,24588
2016-03-22,13.444544721883844,13.86010356342159,13.200098454213228,13.57898998260498,36556
2016-03-23,13.444543900579394,13.786769027407704,13.212319773980786,13.310098648071287,38180
2016-03-28,13.346764857870896,13.346764857870896,12.7112049817774,12.882317543029783,34804
2016-03-29,12.8823181672041,13.420100128987452,12.552315154694812,12.650094032287598,99468
2016-03-30,12.711205143499148,12.980095648539326,12.711205143499148,12.894539833068848,19792
2016-03-31,12.931207428184914,13.530100014617847,12.870095863651882,13.053430557250977,170020
2016-04-01,13.016763380733742,15.155668161605483,13.016763380733742,15.009000778198242,172696
2016-04-04,14.96011200190128,17.526796920094743,14.336774196090504,16.451234817504883,538056
2016-04-05,16.377900665748072,17.08679524666393,15.840119598833752,16.206789016723633,158820
2016-04-06,15.974564961750533,16.989017456233288,15.950120705312546,16.634571075439453,178944
2016-04-07,16.63457000426183,17.08679524666393,15.986786992994285,16.206789016723633,63860
2016-04-08,16.084562960928782,16.37789769606157,15.81567061125084,16.133451461791992,47456
2016-04-11,16.255675955012762,16.597901084955783,16.011229700050162,16.023452758789062,23872
2016-04-12,15.950119301985698,17.0012390211342,15.937896242353508,16.597902297973633,139280
2016-04-13,16.683457517623903,17.233461611611503,16.683457517623903,17.111238479614258,338172
2016-04-18,17.172350252092976,17.893465993556607,17.172350252092976,17.612354278564453,525844
2016-04-20,17.624575219304212,18.040134986097748,17.392352015049727,17.526796340942383,281940
2016-04-21,17.44124056301142,18.186802414185408,16.84234796221572,17.111238479614258,60616
2016-04-22,17.111236682734862,17.45346178938492,17.111236682734862,17.257904052734375,245988
2016-04-25,17.29457169990631,17.575685252476124,16.536788719266205,16.659011840820312,57940
2016-04-26,16.377897229655478,17.306793639417666,16.377897229655478,17.062347412109375,352900
2016-04-27,17.60013389204877,17.795691681284673,16.76901608526212,17.037906646728516,991744
2016-04-28,17.20901740095428,17.20901740095428,16.62234599291483,16.695680618286133,101104
2016-04-29,16.622343708698015,16.927901497460844,15.962339630960994,16.255674362182617,64304
2016-05-02,16.597903396478515,16.62234765238364,15.889008785366718,16.04789924621582,99436
2016-05-03,16.194564042317857,16.80567966655627,15.962340851098016,16.414566040039062,89540
2016-05-04,16.194565892219543,16.695681507328118,16.1456773826867,16.622346878051758,109412
2016-05-05,16.377898813022153,17.331239564685983,16.377898813022153,16.976791381835938,355084
2016-05-06,16.866793035150884,16.866793035150884,16.549012130526773,16.68345832824707,48396
2016-05-09,16.622346408125285,16.98901581418687,16.524567526846784,16.866792678833008,92304
2016-05-10,17.013459856855523,17.013459856855523,16.549011575286602,16.78123664855957,38052
2016-05-11,16.622346552260957,16.805681256881485,16.402344533720917,16.597902297973633,9608
2016-05-12,16.439010930618373,16.866791884203238,16.377899365820536,16.671234130859375,30584
2016-05-13,16.487900013757894,16.817903967202234,16.145676730889278,16.365676879882812,15276
2016-05-16,16.24345411137876,16.732346657875965,16.08456552574882,16.39012336730957,31296
2016-05-17,16.72012178525982,16.842344894998597,16.255673595257143,16.26789665222168,16312
2016-05-18,16.157898642018722,16.475679550180793,15.901231168482065,16.206789016723633,24492
2016-05-19,16.597903731251854,16.597903731251854,16.060120765606257,16.072343826293945,20132
2016-05-20,16.500120957210562,16.500120957210562,15.84011686491285,15.937893867492676,15524
2016-05-23,15.803452065777948,16.121231104573873,15.045668053111958,15.424559593200684,1864436
2016-05-24,15.583449526890837,15.82789579397932,15.229002253114832,15.59567165374756,47668
2016-05-25,15.766783558514962,15.803450870018525,15.180112169388789,15.33900260925293,38572
2016-05-26,15.33900283905397,15.55900484639436,15.155668143766473,15.216779708862305,27596
2016-05-27,15.05788981714261,15.412337094154926,14.740109853523764,15.326781272888184,31180
2016-05-30,15.033444961096956,15.265669094148182,14.788998701566925,14.93566608428955,44284
2016-05-31,15.302334958071478,15.302334958071478,14.556774078119425,14.691219329833984,45068
2016-06-01,14.740109882527054,14.911222457885742,14.666776188084336,14.911222457885742,21752
2016-06-02,14.422329276156336,14.996777611618018,14.385661964323258,14.446773529052734,42040
2016-06-03,14.21455186333208,14.471220276401922,14.08010566042488,14.141217231750488,79784
2016-06-06,13.933436963834962,15.400114538975483,13.88454752483258,14.74010944366455,195968
2016-06-07,14.544552572568255,14.911221965154011,14.312328437432916,14.666775703430176,21156
2016-06-08,14.837887237295192,14.850109363030455,14.202326441688902,14.385661125183104,46800
2016-06-09,14.238994791989237,15.070112457564262,14.238994791989237,14.74010944366455,99660
2016-06-10,14.666777044466109,15.106780169302375,14.568998157840904,14.764555931091309,89120
2016-06-13,14.642331613295474,14.850110565078957,14.177883337853162,14.678997993469238,27480
2016-06-14,15.155667775311006,15.155667775311006,14.104549067714547,14.287883758544922,109184
2016-06-15,14.422328937433736,14.752331006227092,14.324550063167615,14.630107879638672,60172
2016-06-16,14.630107891345812,15.155667709091963,14.37343951180243,14.42232894897461,47920
2016-06-17,14.434551866291496,14.66677600622103,14.324550859747138,14.410107612609863,62364
2016-06-20,13.99454800557282,14.66677520234706,13.99454800557282,14.42232894897461,71028
2016-06-21,14.300107361434344,14.60566521103764,13.933437941910384,14.116772651672363,200296
2016-06-22,14.422330501275662,14.422330501275662,13.957882196883226,14.116772651672363,33484
2016-06-23,14.006769530269692,14.336772517644697,13.9945474046236,14.031214714050291,18704
2016-06-24,13.90899281461428,14.128993893037826,13.444544539350414,13.77454662322998,36604
2016-06-27,13.688990494793766,14.14121570064424,13.444544235958162,13.542323112487791,69636
2016-06-28,13.322320966640987,14.422329119849875,13.322320966640987,14.01899242401123,118948
2016-06-29,14.190104702401102,15.986785209067405,14.177882576332989,15.106778144836426,1017928
2016-06-30,15.339002461922473,15.339002461922473,14.520107882767414,14.703442573547363,145808
2016-07-01,15.131224759075408,15.155669013521155,14.678998591920768,14.862333297729492,85992
2016-07-04,14.666775361991222,15.14344574775363,14.4589964173584,14.850110054016112,174720
2016-07-05,14.788998950974213,15.131224093083064,14.532330560636822,14.605664253234863,86284
2016-07-07,14.55677481400667,14.911222082800446,14.532330560636822,14.605664253234863,58712
2016-07-08,14.556773909445187,14.764553780131388,14.238993972941602,14.26343822479248,39640
2016-07-11,14.36121771142686,14.66677553507424,14.17788301723843,14.446773529052734,60196
2016-07-12,14.446773923805228,14.666775935838205,14.202327658207926,14.54455280303955,75360
2016-07-13,14.666775539843288,14.764554416437631,14.458996592690898,14.654553413391112,232400
2016-07-14,14.654552329618442,14.666774455166731,14.202326224424423,14.50788402557373,33536
2016-07-15,14.666775720334922,14.666775720334922,14.141215884027526,14.251216888427734,84380
2016-07-18,14.190105438678058,15.106778928676492,14.190105438678058,14.3978853225708,177260
2016-07-19,14.4223296702409,14.740109629019694,14.4223296702409,14.54455280303955,48496
2016-07-20,14.458997307124418,14.64233201043121,14.275662603817626,14.568997383117676,35988
2016-07-21,14.617887016795232,14.87455541831521,14.300107046699615,14.373440742492676,66720
2016-07-22,14.238996383471369,14.520109989788557,14.238996383471369,14.300107955932615,26596
2016-07-25,14.202326094217131,14.202326094217131,13.811212485327124,13.94565773010254,140964
2016-07-26,14.0189930262842,14.77677701276539,13.725658252150582,14.410107612609863,316096
2016-07-27,14.410107565670012,14.60566439195158,13.933437160522846,14.336773872375488,145884
2016-07-28,14.226771519070653,14.385661017415618,14.202326335294831,14.238993644714355,40240
2016-07-29,14.214550411608458,14.422329359899758,13.99454840430951,14.104549407958984,51532
2016-08-01,14.226772771773955,14.911222125461368,13.566767671526328,13.77454662322998,106768
2016-08-02,13.688991272716748,14.15343956389362,13.444544999989663,13.53010082244873,70932
2016-08-03,13.444544171636966,13.860102996167075,13.444544171636966,13.67676830291748,48316
2016-08-04,13.688991061123934,13.688991061123934,13.34676591160043,13.444544792175291,67504
2016-08-05,13.688990776932886,13.688990776932886,13.456766639755076,13.493433952331545,84912
2016-08-08,13.73788128309131,13.811214981450858,12.93120873615915,13.151209831237791,91852
2016-08-09,13.420100210787831,13.444544464090782,13.151208762012924,13.212320327758787,52264
2016-08-10,13.395655190498053,13.444544630196468,13.15120892449448,13.224542617797852,47768
2016-08-11,13.09009826052341,13.34676667102611,13.09009826052341,13.151209831237791,51084
2016-08-12,13.17565378471934,13.322321167698613,13.102319160741226,13.200098037719728,27240
2016-08-16,13.200097533891784,13.200097533891784,12.650093469979629,12.95565128326416,53504
2016-08-17,13.126765448423184,13.126765448423184,12.79676241027829,12.931208610534668,35284
2016-08-18,13.200098868192098,13.200098868192098,12.73565057205659,12.77231788635254,59412
2016-08-19,12.72342759705738,13.3712105565354,12.72342759705738,13.126764297485352,78264
2016-08-22,12.955651617102824,13.261209438260911,12.955651617102824,13.187875747680664,44676
2016-08-23,13.12676478687114,13.346765868725072,12.980096466480004,13.16343116760254,42168
2016-08-24,13.077873503062314,13.346763987139273,12.955650386211264,13.02898406982422,52052
2016-08-25,13.3223215201651,13.3223215201651,12.8089847336679,13.016763687133787,61992
2016-08-26,12.931208694753945,13.187877104434804,12.857874064140644,13.077876091003418,57720
2016-08-29,12.833428332326193,12.98009571170025,12.613426330776644,12.76009464263916,133044
2016-08-30,12.955652517487628,13.93343761314707,12.711206243572766,13.603435516357422,300308
2016-08-31,13.6889898626654,13.933436110212996,13.285653181216492,13.566766738891602,66200
2016-09-01,13.444543399079851,13.908991634952525,13.29787602590344,13.481210708618164,26336
2016-09-02,13.420099928507566,13.676768312743713,13.02898535646768,13.26120948791504,36384
2016-09-06,13.090095870456423,13.383431542824225,13.02898431090015,13.114541053771973,31512
2016-09-07,13.016763181334442,13.383432566724146,13.016763181334442,13.187875747680664,53676
2016-09-08,13.3100988761439,13.395654693072776,13.0534304928688,13.187875747680664,197388
2016-09-09,13.444544748985829,13.444544748985829,12.906762772528692,13.16343116760254,100020
2016-09-12,12.980095762825275,13.187875638993448,12.723427381665498,12.833428382873535,74512
2016-09-14,12.796760633039892,13.028984753744522,12.711204819748495,12.870095252990724,89168
2016-09-15,13.17565361477694,13.17565361477694,12.760094791710998,12.980095863342283,26920
2016-09-16,13.200098671586488,13.200098671586488,12.931208145716248,12.96787452697754,91244
2016-09-19,13.077873503062314,13.334541861951845,12.955650386211264,13.02898406982422,365936
2016-09-20,13.138985118267716,13.261208235646953,13.016762000888482,13.102317810058594,174948
2016-09-21,13.297877219334556,13.297877219334556,12.711205809000663,12.735650062561035,110660
2016-09-22,12.796761950292602,13.05343128156427,12.67453881444458,12.96787452697754,166800
2016-09-23,12.78453807267505,13.22454111498255,12.711204387705198,13.114541053771973,299616
2016-09-26,13.15120854565858,13.322321113429684,12.772317030765157,12.918984413146973,70452
2016-09-27,13.273432887185244,13.273432887185244,12.94343078044822,13.004542350769045,145992
2016-09-28,12.882318704879332,13.248988112423405,12.808985009868223,12.96787452697754,115528
2016-09-29,13.26120932411941,14.850109980465511,12.870095689398829,13.248987197875977,1370864
2016-09-30,13.39565502630334,14.153439001119123,13.200098202395186,13.420100212097168,178284
2016-10-03,13.688990852943576,15.644560974792658,13.554545593564152,14.752331733703612,4929980
2016-10-04,15.253448541912483,15.485671766441998,14.71566652894654,14.837889671325684,1336504
2016-10-05,15.13122419019461,15.424558962469384,14.678998040042083,14.960111618041992,854532
2016-10-06,14.923444421563907,15.815672737081858,14.788999161142137,14.89900016784668,1202724
2016-10-07,14.874554981640944,15.106779121908644,14.788999161142137,14.89900016784668,205188
2016-10-10,15.094557494653076,15.632339486628302,14.984556484307694,15.424559593200684,491576
2016-10-13,15.155670951282191,16.59790452770612,15.094559374865732,16.060121536254883,1209428
2016-10-14,16.06011876044588,18.15013505864419,16.06011876044588,17.526796340942383,2532972
2016-10-17,17.68568822291677,18.797919557869623,17.233462971828747,17.771244049072266,1541176
2016-10-18,17.96680014364862,17.991244396699006,17.13568248509669,17.441240310668945,979844
2016-10-19,17.50235089313844,19.45792086700814,17.367906576421014,18.61458206176757,1855804
2016-10-20,18.82236099849586,20.044592232164423,18.46791468672272,18.61458206176757,816084
2016-10-21,18.87125197372402,19.31125602146988,18.45569404583513,18.724584579467773,336932
2016-10-24,18.79791674681786,19.555699738697,18.455691628395293,18.61458206176757,593780
2016-10-25,18.797919414656185,19.50681400378706,18.63902895873385,18.81014060974121,639300
2016-10-26,18.83458402552377,19.433476583035382,17.55124123230446,18.19902229309082,723192
2016-10-27,18.223469683659808,18.50458139460672,17.404573209234343,17.526796340942383,589932
2016-10-28,17.18457343240952,17.942356492243388,16.989015671495025,17.135683059692383,618728
2016-11-01,17.832352638219945,19.066806908408942,17.746796826369884,18.590137481689453,797148
2016-11-02,18.33346714394426,18.33346714394426,17.783463129625932,18.10124397277832,490024
2016-11-03,18.34569505194839,19.18903401755715,18.08902569807936,18.17458152770996,459376
2016-11-04,17.746796302174243,18.1623560209921,16.87901328621744,17.172348022460938,443800
2016-11-07,17.612353713000306,17.80790960128142,17.196793953571163,17.294572830200195,164724
2016-11-08,17.832355149838463,17.832355149838463,17.209018262870437,17.245685577392578,83360
2016-11-09,16.13345390341427,16.989015852837756,13.82343645347316,16.243453979492188,481760
2016-11-10,16.67123449984437,17.45346366555597,16.463455547928334,16.695680618286133,192764
2016-11-11,16.695680124132082,17.086793762923314,15.669004724206044,15.827895164489746,203660
2016-11-15,15.8278940995341,15.8278940995341,14.422328214247289,14.50788402557373,269248
2016-11-16,14.91122162499904,14.935665877618408,13.982326038136137,14.434551239013672,151284
2016-11-17,14.642331367198706,14.642331367198706,13.908992586186852,14.104549407958984,107704
2016-11-18,14.006771609004856,14.190106318370072,13.762325329851231,13.83565902709961,48768
2016-11-21,13.713434747681935,13.908992500741196,12.967873844731042,13.542323112487791,133620
2016-11-22,13.68899154663086,14.6178872150831,13.248988433415434,13.68899154663086,110332
2016-11-23,14.03121537402088,15.13122351870058,13.786769119647614,14.703442573547363,160632
2016-11-24,15.02122290141053,15.644560679486109,13.933436855167315,14.801220893859863,136396
2016-11-25,15.143444830678275,15.15566695624208,14.593440787911426,14.923442840576172,118200
2016-11-28,14.287884137050533,14.752331473298252,13.994548437453377,14.5934419631958,257400
2016-11-29,14.324550182155072,15.10677838531627,14.324550182155072,14.776776313781738,129768
2016-11-30,14.947889745970178,15.204558142328132,14.66677616318048,15.119001388549805,52276
2016-12-01,14.911221787174178,15.339002740084911,14.911221787174178,15.070112228393556,66692
2016-12-02,15.045667054791544,15.131223804933716,14.4223292808459,14.654553413391112,77560
2016-12-05,14.42232944170634,14.911221965154011,14.202327433159493,14.666775703430176,48288
2016-12-06,14.71566418018052,15.131222984440011,14.71566418018052,14.874553680419922,40936
2016-12-07,15.094556481278778,15.302335428268602,14.78899865777111,15.070112228393556,79640
2016-12-08,15.216780350390788,16.109009611401078,15.216780350390788,15.681228637695312,137912
2016-12-09,15.6812290045156,15.6812290045156,15.229002833669202,15.290114402770996,19852
2016-12-12,15.290113751066311,15.290113751066311,14.666775959294016,15.033445358276367,105296
2016-12-13,15.033445031269956,15.290113418476867,14.923444027470284,15.009000778198242,65156
2016-12-14,14.960111549711735,15.241224193939164,14.911222110393076,15.09455680847168,44344
2016-12-15,15.094556296046523,15.41233624209718,14.996777420728572,15.057888984680176,86776
2016-12-16,15.363447845017182,15.583449863139265,15.033445750322583,15.131224632263184,68156
2016-12-19,15.033443837042975,15.082333271791205,14.617885040415652,14.71566390991211,75584
2016-12-20,14.850110332480954,15.033445027943682,14.593441945330833,14.801220893859863,37020
2016-12-21,14.727887268861137,14.862332526311548,14.666775703430176,14.666775703430176,26408
2016-12-22,14.911221443787422,14.911221443787422,14.471218374566796,14.630107879638672,110276
2016-12-23,14.764553550395195,14.78899780186572,14.190104315953638,14.385661125183104,32000
2016-12-26,14.348996772815347,14.874555713502504,13.811214772179667,13.83565902709961,43492
2016-12-27,14.104549618830651,14.287884316824584,13.93343704753862,14.190105438232422,34208
2016-12-28,14.116773238548864,14.544554245777618,14.116773238548864,14.300107955932615,23816
2016-12-29,14.226771354675291,14.361216600179292,14.06788092567795,14.226771354675291,49864
2016-12-30,14.764553550395195,14.764553550395195,14.226771625647848,14.385661125183104,19512
2017-01-02,14.666776733568136,14.666776733568136,14.26344000039959,14.532331466674805,30736
2017-01-03,14.837889671325684,15.192336970722913,14.177884515980596,14.837889671325684,189744
2017-01-04,14.911221123527689,15.950117677216092,14.911221123527689,15.43678092956543,160700
2017-01-05,15.43678220427867,16.463455784358956,15.43678220427867,16.15789794921875,276508
2017-01-06,15.913451100361575,17.086793890470844,15.69344909409397,16.671234130859375,360660
2017-01-09,17.11123663408355,17.319015563073492,16.072340124157048,16.426786422729492,264624
2017-01-10,16.597903758293864,17.050129029816862,16.329013207521587,16.634571075439453,87304
2017-01-11,16.76901329734792,18.45569288791429,16.76901329734792,17.526796340942383,1137612
2017-01-12,17.820131868513965,17.820131868513965,17.11123737566943,17.306795120239258,261860
2017-01-13,17.50235329776267,19.40903503023275,17.00123954209735,18.66347312927246,1199976
2017-01-16,18.859030045639766,19.665701615178843,18.467916387835032,19.29903221130371,748940
2017-01-17,19.347923359154105,20.63126632412357,19.347923359154105,20.472375869750977,1093156
2017-01-18,20.38681801985269,21.21793565902691,20.301262203682604,20.74126434326172,472336
2017-01-19,20.887930829802976,21.75571574307361,20.472372960476573,21.23015594482422,437520
2017-01-20,21.36460295284513,25.4712988972626,21.34015870046311,25.10462951660156,8034544
2017-01-23,24.42018289478606,25.275744844998943,23.57684213916141,23.77239990234375,1740476
2017-01-24,23.77239885594971,26.14352683903565,23.58906416040254,24.945741653442383,4430228
2017-01-25,25.30018819678838,25.630190278533703,24.21240307344866,24.615737915039062,1065100
2017-01-27,24.86018512987375,24.921296697906847,23.99240198278998,24.12684631347656,503800
2017-01-30,24.13906922769794,24.407959752428788,23.026837950203067,23.21017265319824,599424
2017-01-31,23.39350783892625,23.39350783892625,21.49904920221667,22.19572257995605,469552
2017-02-01,22.48905548250964,24.20017926922233,21.633493589153296,23.79684257507324,562480
2017-02-02,23.723510688596104,23.95573389361484,22.195721537217608,22.745725631713867,600468
2017-02-03,23.05128421381205,23.66239989429512,22.78239182241786,22.941282272338867,309024
2017-02-06,23.34461660944621,24.725738279230804,22.977947238617208,24.22462272644043,883860
2017-02-07,24.4690708076696,27.145758534330938,23.95573402302867,25.886859893798828,1798264
2017-02-08,26.595753755493487,26.864644267704467,25.165741646732595,25.42241096496582,1036272
2017-02-09,25.48352174704116,25.850191124696423,23.796842236831544,23.98017692565918,485760
2017-02-10,24.43240200385718,24.56684818769102,23.320172682505063,24.04128837585449,442576
2017-02-13,24.310178559986447,24.83573836493608,23.197949253208904,23.60128593444824,324380
2017-02-14,23.79684395565552,23.955734403778024,23.11239552024808,23.271284103393555,217648
2017-02-15,23.014615115675586,23.4912845635056,21.38904715862472,21.841272354125977,469240
2017-02-16,21.75571676509888,22.929059538870263,21.51127050931125,21.71904945373535,419052
2017-02-17,22.207941409072355,22.22016446754636,21.40126990416389,21.60904884338379,373720
2017-02-20,21.40127243734583,22.122388213222465,21.291270492989955,21.657939910888672,617900
2017-02-21,21.92682830965868,21.92682830965868,21.16904529277097,21.36460304260254,334692
2017-02-22,21.38904910306957,23.747956034289228,20.851268043040363,23.38128662109375,1398196
2017-02-23,23.637952149494907,24.34684666309948,23.40572895287232,23.58906364440918,896620
2017-02-27,23.58906276477269,23.79684170110433,22.635722031335728,23.662397384643555,331296
2017-02-28,22.513502422641043,24.420184187154863,22.513502422641043,23.723512649536133,371496
2017-03-01,23.93129041771449,27.060201582409604,23.74795571359253,26.70575523376465,2618360
2017-03-02,26.64464133800411,27.964651465359324,25.177963833159847,25.495744705200195,2030056
2017-03-03,24.98240680943593,27.011311495838072,24.98240680943593,25.89908027648925,966412
2017-03-06,25.911305589954686,26.057972984449577,23.882400727014563,24.175737380981445,1014124
2017-03-07,24.334625889722457,25.1779647393708,24.01684500624447,25.00685310363769,564984
2017-03-08,25.21462974731228,25.5079644860446,23.845731191600176,24.35906791687012,895204
2017-03-09,24.40796299623969,25.04352301142661,24.0779608599866,24.493518829345703,306484
2017-03-10,24.603517813158405,24.68907363593107,23.71128854143875,23.857955932617188,262724
2017-03-14,24.811294106261485,24.811294106261485,23.54017436602012,23.809064865112305,287496
2017-03-15,24.12684454431893,24.273513788825145,23.49128465637404,23.65017509460449,124876
2017-03-16,24.20018117870265,24.42018319877717,23.91906758999503,24.004623413085938,162180
2017-03-17,24.26129173568532,25.30018835912777,23.967956964468843,24.139068603515625,441572
2017-03-20,24.139068603515625,24.676849639071506,24.00462241213816,24.139068603515625,138092
2017-03-21,24.15129111277432,24.45684893624071,23.491285095100743,23.613508224487305,187904
2017-03-22,23.93128888966044,25.10462980213488,23.711286885766192,24.151290893554688,466956
2017-03-23,24.102400072964887,24.896850391924023,24.102400072964887,24.395736694335938,357988
2017-03-24,24.64018556150631,25.446857159694662,24.334627714091685,25.21463394165039,485368
2017-03-27,25.202410881762965,26.094640169209097,24.68907407110181,25.21463394165039,742660
2017-03-28,25.251297509295124,25.70352268336765,24.175733673003155,24.530179977416992,415672
2017-03-29,24.68907208105133,25.617968608309383,24.54240469910978,24.860183715820312,488216
2017-03-30,25.09240798578173,25.54463317619263,24.86018292883021,25.2879638671875,253116
2017-03-31,25.263522257781595,29.944668817321563,24.737962391257675,28.83243751525879,2394992
2017-04-03,29.137995089929703,29.822445402536115,28.037986857868948,28.39243507385254,1392580
2017-04-05,28.600212940152065,30.16466940560023,28.58798988093898,29.35799598693848,1042236
2017-04-06,29.38244002888301,29.78577673531053,29.101328318775536,29.27243995666504,393680
2017-04-07,28.79577289931744,29.357998231542112,27.56131842349382,27.842432022094727,480860
2017-04-10,28.306879033308835,28.56354649982937,26.42464162060629,26.91353416442871,463176
2017-04-11,26.90131225132839,28.56354573694279,26.889089192068468,27.48798179626465,407052
2017-04-12,27.634650778968123,27.87909704197544,26.40019640479037,26.840200424194336,389672
2017-04-13,26.44908380023997,27.622426559372208,25.91130279020756,26.62019729614257,479564
2017-04-17,26.7790884249237,27.084646248736263,25.99685927697737,26.253528594970703,355956
2017-04-18,26.436865264093,27.08464827196043,25.422412840260268,25.63019180297852,345376
2017-04-19,25.691302785988363,25.70352584556576,24.432404113575576,24.750185012817383,702912
2017-04-20,24.50573858952773,25.63019105954308,24.50573858952773,25.43463516235352,410488
2017-04-21,25.483520836582315,25.96019026451327,25.373520773206504,25.507965087890625,245380
2017-04-24,25.54463351938557,25.87463558898512,24.68907163117649,25.10462951660156,271944
2017-04-25,25.27574404267195,25.71574619839966,24.98240740720982,25.17796516418457,191872
2017-04-26,25.17796640137611,25.617970443701672,23.723511806704924,23.943511962890625,555352
2017-04-27,24.3346278354247,24.432404855103226,23.95573535675056,24.175737380981445,182516
2017-04-28,24.18795541636216,24.884628712918744,23.857953355611432,24.22462272644043,189168
2017-05-02,23.833510560281606,24.2979588313748,23.466841167046503,23.63795280456543,286976
2017-05-03,23.96795686771591,24.05351268689393,23.46684128185223,23.57684135437012,114428
2017-05-04,24.56685105462685,24.921297413404258,23.98017961167019,24.175737380981445,234472
2017-05-05,24.200179754127383,24.200179754127383,23.22239471355658,23.34461784362793,159880
2017-05-08,23.955732107794883,23.955732107794883,22.9412798139082,23.03905868530273,225172
2017-05-09,23.22239484669969,23.46684110824389,22.79461388899732,23.075727462768555,187544
2017-05-10,23.22239593454448,23.89462318528129,23.039061229798072,23.50350952148437,146192
2017-05-11,23.919066635453746,23.919066635453746,23.246839407316443,23.307950973510746,77484
2017-05-12,23.83350988635533,24.38351396065584,23.10017112062132,23.79684257507324,273416
2017-05-15,23.955733830898435,24.32240322626933,23.491285557099907,23.78462219238281,186300
2017-05-16,24.0290677515618,24.20017938506136,23.417952110524897,23.73573112487793,117972
2017-05-17,24.224622317589173,25.666855524837302,23.95573182318148,25.0924072265625,1244776
2017-05-18,24.89685002129035,25.361298266147703,23.98017658998381,24.16351127624512,295240
2017-05-19,24.811295633045766,24.93351876424304,23.760175958758456,23.845733642578125,171496
2017-05-22,23.98017705014752,24.75018312021629,23.527951855020422,23.711286544799805,108188
2017-05-23,23.466841701819348,23.540176328128343,22.48905663091021,22.770170211791992,185792
2017-05-24,23.466841954004185,23.466841954004185,21.85349694266181,22.23238754272461,197488
2017-05-25,22.48905517136321,22.48905517136321,21.621270231260063,22.11016273498535,125992
2017-05-26,22.110164124342862,23.442397399695228,22.110164124342862,23.18572807312012,243604
2017-05-29,23.90684687943485,23.90684687943485,22.537946222347987,22.78239250183105,109112
2017-05-30,22.733503334595152,24.896852472472503,22.31794541748047,23.9190673828125,666860
2017-05-31,24.22462787321517,24.297962508952416,22.36683637263644,22.635726928710938,384116
2017-06-01,23.29572869997408,23.29572869997408,22.00016281068729,22.25683212280273,272024
2017-06-02,22.84350321861013,22.85572627811866,22.061275899467475,22.23238754272461,137276
2017-06-05,22.23238530687958,22.61127773381533,22.073496739109924,22.20794105529785,160496
2017-06-06,22.244611108518505,22.440168875243568,21.42571645718934,21.780162811279297,113608
2017-06-07,21.780161004014264,22.30572082662324,21.54793780715252,21.92682838439941,123316
2017-06-08,22.232385771102347,22.977947582262253,22.085718393572648,22.586833953857425,283692
2017-06-09,22.51350198368677,22.51350198368677,21.731274634765743,22.01238822937012,263088
2017-06-12,22.88016823662377,22.88016823662377,21.91460631158892,22.00016212463379,120828
2017-06-13,22.195721696879605,22.195721696879605,21.75571767212669,21.853496551513672,74976
2017-06-14,21.81682942357734,22.415722034312186,21.81682942357734,22.14683151245117,162664
2017-06-15,22.00016444836616,22.4401684833243,22.00016444836616,22.171276092529297,80568
2017-06-16,22.48905690074137,23.93129027063215,22.18349906241608,23.21017265319824,893272
2017-06-19,23.417952616097875,23.417952616097875,22.269054067158628,22.45238876342773,190432
2017-06-20,22.244611089106115,22.61128050266281,22.01238787317771,22.19572257995605,208016
2017-06-21,22.366833526692734,22.574612481540925,22.02460837842553,22.14683151245117,115124
2017-06-22,22.24461089970028,24.90907565518725,22.24461089970028,23.857955932617188,2388064
2017-06-23,23.857955357187603,24.05351311736024,22.635724018551176,22.770170211791992,395460
2017-06-27,23.11239421772669,23.11239421772669,22.12238613635221,22.550167083740234,163996
2017-06-28,22.24460858193142,22.95350307457076,22.024606585598264,22.29349708557129,298296
2017-06-29,22.489058834617964,22.929062905633977,22.29350105528258,22.79461669921875,172548
2017-06-30,22.70905763605771,23.344617530919827,22.391276756138183,23.112394332885746,237708
2017-07-03,23.68684171187842,23.68684171187842,23.07572609426018,23.393505096435547,138692
2017-07-04,23.417952503329847,23.711287269957086,22.586834844583382,22.929059982299805,215688
2017-07-05,22.770169985151075,24.909074806475413,22.770169985151075,24.28573608398437,843264
2017-07-06,24.42018186832859,24.481293433632228,23.735731590937075,23.90684509277344,201228
2017-07-07,23.94350830507572,25.53240885466154,23.894619803386867,24.921293258666992,989932
2017-07-10,25.422409608795423,25.727967416593447,25.22685186581395,25.324630737304688,137020
2017-07-11,25.34907678232337,26.864644735210696,25.116853577958345,25.38574409484864,1046808
2017-07-12,25.66685702426014,25.80130321180656,24.93351825213842,25.12907600402832,237004
2017-07-13,24.945744006236986,25.544636655519064,24.61574003114569,24.909076690673828,274288
2017-07-14,24.98240732935477,25.17796508572009,24.249068540450303,24.407958984375,299324
2017-07-17,24.615737934902537,25.09240926667663,24.077956902363383,24.407958984375,171852
2017-07-18,24.40796081314165,26.64464465987923,23.833512425121327,26.00908470153809,1707776
2017-07-19,26.449085312846744,31.04467587312725,26.27797367213527,30.62911796569824,7813312
2017-07-20,30.80023054456481,30.946897936067323,28.514658254134183,29.16244125366211,2386500
2017-07-21,29.08910381116365,30.14022343436452,28.67354593128064,29.02799224853516,1071456
2017-07-24,29.27243930196179,30.494670588056227,28.734658282071013,29.22355079650879,1172272
2017-07-25,29.33355098618175,29.45577411529084,28.23354282419993,28.539100646972656,428864
2017-07-26,28.734658498239146,29.33355108694005,28.380210303619112,28.685768127441406,333140
2017-07-27,29.040218709441188,29.162441849018,27.45131789494264,27.67131805419922,422036
2017-07-28,27.62242663548157,28.3557653957156,27.14575718732022,28.013540267944336,273052
2017-07-31,28.111320821877364,29.089105893942666,27.707984106655022,28.1357650756836,408608
2017-08-01,28.18465254953835,28.55132191385163,27.940206306662827,28.062429428100582,156928
2017-08-02,27.94020663373187,28.84465699696809,27.866872014020025,28.08687400817871,406420
2017-08-03,28.111319470893825,29.45577388037136,27.866873214625183,28.03798484802246,944600
2017-08-04,27.98909536648842,28.34354167972395,26.999087317141534,27.756872177124023,327752
2017-08-07,27.989101998738885,32.86580505078151,27.78132301191838,32.120243072509766,3456544
2017-08-08,32.43801799577707,33.83136093349447,29.846888009595823,31.05689811706543,2526240
2017-08-09,30.80022876332108,33.61136075362418,29.956889912220923,31.472455978393555,2462832
2017-08-10,31.63134587919362,32.755800214354586,29.944668106406247,30.59245109558105,1008220
2017-08-11,29.87133418167576,31.63134662291241,28.979106766243483,31.20356750488281,520880
2017-08-14,31.75356568921451,31.93690037270872,27.989095013448345,28.77132225036621,1522232
2017-08-16,29.247995278604307,29.84688786749645,28.673546942630363,29.101327896118164,538076
2017-08-17,29.50466203606408,29.932442979465865,28.60021164457677,28.84465789794922,413948
2017-08-18,28.184653193718933,28.7468784461966,28.135762825040302,28.52687644958496,252504
2017-08-21,28.16021013960193,28.539102611918004,25.42241260504901,25.75241470336914,878052
2017-08-22,25.80130453646149,26.620199167711245,24.32240385743091,24.456850051879883,1158628
2017-08-23,24.444624623841754,25.679078913336504,24.224622629231806,25.324630737304688,187852
2017-08-24,25.837971269318704,26.253531067832192,25.30019019474493,26.15575218200684,367396
2017-08-28,26.400198180910568,27.46353912353516,26.400198180910568,27.46353912353516,91276
2017-08-29,28.6002097513625,28.83243293070336,27.659092111172,28.636877059936523,250828
2017-08-30,28.844659386611564,30.06689071655273,28.3557668546351,30.06689071655273,305908
2017-08-31,31.04467443425512,31.570232391357425,30.32355872685177,31.570232391357425,499212
2017-09-01,31.60689883704684,32.75579539212314,31.289117986505683,32.266902923583984,304908
2017-09-04,31.33800723487211,32.73135005745329,30.653558881577258,31.423564910888672,230644
2017-09-05,31.0446729235769,32.266904141040555,30.32355725126408,31.594676971435547,143904
2017-09-06,30.92245492916876,32.38913263331906,30.92245492916876,31.83912849426269,102600
2017-09-07,31.06911893830417,32.18134829033621,31.06911893830417,31.65579032897949,128924
2017-09-08,31.55801017260905,32.02245652333247,31.044671591322324,31.70467567443848,185292
2017-09-11,32.8046876142367,32.8046876142367,31.301344594926185,31.558013916015625,92064
2017-09-12,32.02246187029064,32.02246187029064,31.09356528378757,31.325788497924805,31512
2017-09-13,31.325783582458687,31.72912210894292,31.056894961422746,31.10578346252441,43308
2017-09-14,31.765791470499785,31.765791470499785,30.641339021672508,30.898008346557617,86836
2017-09-15,30.92245236843999,31.2891217641132,29.44355172656729,31.02023124694824,95064
2017-09-18,29.82244331998179,31.949125007465128,29.60244131593736,30.67800521850586,71828
2017-09-19,30.788005948503404,31.32578697883565,30.555782745627425,31.142454147338867,121656
2017-09-20,30.55578241684636,31.9002368431876,30.55578241684636,31.74134826660156,195920
2017-09-21,30.213557263536984,31.533567436186704,30.213557263536984,30.910228729248047,128180
2017-09-22,30.800230606742527,30.800230606742527,29.382441467742915,29.51688766479492,273604
2017-09-25,29.345773810903022,29.345773810903022,28.367988785833063,28.66132354736328,64448
2017-09-26,28.82021397295851,29.797998997554373,28.624656222048564,29.492441177368164,28820
2017-09-27,29.70022232776073,29.70022232776073,28.35576781909668,28.74688148498535,31380
2017-09-28,28.16020920868388,29.247996215676185,28.12354376062034,28.612436294555664,25420
2017-09-29,28.111320359069147,29.529109436212995,28.111320359069147,28.380210876464844,22560
2017-10-03,28.575768867859058,28.84465938745861,27.59798380387741,28.25798797607422,108896
2017-10-04,28.954660243836223,28.954660243836223,27.01131312263308,27.47576141357422,72140
2017-10-05,27.37798201782839,28.56354604471216,27.37798201782839,28.1357650756836,21940
2017-10-06,28.24576716618449,29.28466381080433,28.24576716618449,29.05243873596192,36348
2017-10-09,28.404656032963224,29.186885221593627,28.17243282077843,28.514657974243164,109784
2017-10-10,28.600213142108167,29.932444546754027,28.600213142108167,29.859111785888672,102676
2017-10-11,29.859111008934867,30.04244570379328,28.86910291070868,29.455774307250977,113156
2017-10-12,28.50243516592399,30.53133998543996,28.50243516592399,29.37022018432617,14528
2017-10-13,30.3113372996292,30.53133931431546,28.64910192752969,28.905771255493164,102036
2017-10-16,29.76133199363666,30.34800338745117,29.74910893471215,30.34800338745117,157212
2017-10-17,31.86357307434082,31.86357307434082,31.31356896187202,31.86357307434082,189208
2017-10-18,32.87802375193694,33.452473986052794,32.38913120543973,32.78024673461914,517304
2017-10-19,33.73358631134033,33.73358631134033,33.02469359822862,33.24469375610352,69080
2017-10-23,34.4424777427609,34.4424777427609,32.511353713419126,33.50136184692383,167748
2017-10-24,34.17358837741819,34.4424770292496,33.501361152908714,33.8680305480957,175732
2017-10-25,32.511354401831284,34.466924591415115,32.511354401831284,33.13469314575195,84132
2017-10-26,33.96580708560687,33.97803014459931,33.1224682344835,33.28135681152344,127328
2017-10-27,33.36691560487489,34.21025448406224,33.00024620262352,33.91691970825195,128628
2017-10-30,34.21025041617259,35.200258430521735,33.73358099591667,34.45469665527344,139356
2017-10-31,35.298042182246945,35.933604017393456,34.22248001656519,35.774715423583984,293288
2017-11-01,35.70137574326981,36.91138394104167,34.4669214283899,34.78470230102539,209812
2017-11-02,35.42026141578747,36.36138100435227,34.71136875709595,35.00470352172852,268912
2017-11-03,35.078042252292626,35.93360425844611,34.96804216892091,35.23693084716797,190512
2017-11-06,35.44470546757626,36.99694061279297,34.22247424455639,36.99694061279297,296524
2017-11-07,37.88916550575746,38.842504307146754,36.4347111887852,37.86471939086914,786540
2017-11-08,37.88916951478684,37.88916951478684,36.361380421448665,36.55693817138672,138064
2017-11-09,35.4935976928194,38.084729649342265,35.4935976928194,37.35139083862305,219172
2017-11-10,37.53472426818557,39.20917892456055,36.33693534666547,39.20917892456055,533968
2017-11-13,41.16474533081055,41.16474533081055,41.16474533081055,41.16474533081055,231980
2017-11-14,43.21809958176357,43.21809958176357,39.661405747195325,40.57807922363281,840496
2017-11-15,40.33363773505381,40.57808402435717,38.54917907714844,38.54917907714844,247488
2017-11-16,37.88917628625867,38.57362666838844,36.6302793403422,37.46139526367188,354696
2017-11-17,37.52250462837308,39.33140563964844,37.52250462837308,39.33140563964844,187284
2017-11-20,40.32141005965343,41.28697204589844,39.88140604327671,41.28697204589844,379204
2017-11-21,43.3403187370031,43.3403187370031,40.92029874318762,41.82475280761719,852044
2017-11-22,42.04475726503315,42.264757409903474,39.734740824078806,40.33363342285156,511404
2017-11-23,39.49029485790047,42.350315412493664,39.25807165213445,41.39697647094727,857596
2017-11-24,41.39697124358748,42.04475227207703,40.26029401686445,40.88363265991211,151460
2017-11-27,41.80030899606271,42.16697837322116,41.14030486316827,41.7880859375,353972
2017-11-28,42.166976603789855,42.77809220674333,40.944745397882905,41.51919555664063,523776
2017-11-29,42.48476192353418,42.55809654957828,40.60252641482369,40.79808044433594,437788
2017-11-30,40.90808758604422,42.28920761441775,40.11363715398145,41.04253005981445,427960
2017-12-01,41.77586324215875,42.289201866625326,41.066970598803785,41.18919372558594,366576
2017-12-04,42.44808941736379,42.44808941736379,41.091415726711936,41.323638916015625,277732
2017-12-05,41.78808387759173,41.78808387759173,40.38251800110387,41.22585678100586,186456
2017-12-06,41.22586162738034,42.10586968461368,39.72251857039026,39.905853271484375,369824
2017-12-07,40.57807911370064,47.6303551986356,40.57807911370064,46.33478927612305,5000924
2017-12-08,46.347012369625496,47.10479353735302,45.467004341992464,45.91923141479492,1055448
2017-12-11,46.334784141721926,47.16589984069535,44.562548955127085,45.34477615356445,434092
2017-12-12,45.94366790001487,47.89923772799063,44.990329100858055,45.35699844360352,1045520
2017-12-13,44.97811099037605,52.55594490723289,44.953664872856265,47.17812728881836,6027956
2017-12-14,47.7281288590056,51.211487815424704,47.7281288590056,50.24592590332031,3018036
2017-12-15,51.67593963299103,54.26707156927117,50.35593127599037,53.06928634643555,3764588
2017-12-18,52.80039230691604,57.689317520519374,44.73366570447053,56.77264404296875,5074500
2017-12-19,58.691553559412405,68.1271814978865,58.691553559412405,67.5405044555664,14569552
2017-12-20,69.42273938532219,72.68609852094481,66.15938024969957,69.80162811279297,10591164
2017-12-21,69.93608028352463,70.66941910342895,67.73606382381163,68.64051055908203,2773280
2017-12-22,69.17829316760819,73.5783259485868,69.17829316760819,73.00387573242188,4736564
2017-12-26,73.56609953047858,80.30059051513672,73.33387261656321,80.30059051513672,5798160
2017-12-27,82.37839712324853,88.3306655883789,81.88950455871887,88.3306655883789,5163304
2017-12-28,91.17846495512596,92.74291969829922,83.91840725489645,86.7662124633789,8213364
2017-12-29,86.77842497912447,89.19844153585646,82.43950373016824,83.90618133544922,1490860
2018-01-01,85.28729703496619,87.95175972740348,80.12947955296288,85.33618927001953,2164140
2018-01-02,86.28952551726093,89.44288062350229,85.92285614537455,88.40398406982422,1948372
2018-01-03,88.97843689232532,92.81624608290792,87.15730930713195,91.0928955078125,2636892
2018-01-04,91.9606892999202,95.6396026611328,91.25178915252462,95.6396026611328,1567392
2018-01-05,100.41851806640624,100.41851806640624,95.3340389718696,100.41851806640624,2729284
2018-01-08,105.4296646118164,105.4296646118164,103.88965622120624,105.4296646118164,1307028
2018-01-09,110.46524769189504,110.69747458983136,105.11187685122115,108.9863510131836,3024256
2018-01-10,108.98636437596392,109.26747607747028,104.2807739632317,105.09967041015624,961192
2018-01-11,105.05078041997164,110.3430404663086,105.05078041997164,110.3430404663086,1429268
2018-01-12,113.42306524869878,115.85530853271484,110.00081759033289,115.85530853271484,2915420
2018-01-15,120.85422834180864,121.63645935058594,118.16531950650992,121.63645935058594,1109584
2018-01-16,126.35429175649784,127.71096566579529,122.22314353701964,127.3931884765625,5236040
2018-01-17,124.6553783543946,133.2232171328269,121.02534975338092,132.03765869140625,3859656
2018-01-18,134.6898919708116,136.85323544742548,125.43760681152344,125.43760681152344,2620748
2018-01-19,121.24534402289817,127.3565004756652,119.16755082895736,120.74423217773438,3739252
2018-01-22,126.76982879638672,126.76982879638672,126.76982879638672,126.76982879638672,273268
2018-01-23,133.1009979248047,133.1009979248047,133.1009979248047,133.1009979248047,233852
2018-01-24,139.7499237060547,139.7499237060547,133.77320992682294,139.7499237060547,2262096
2018-01-25,146.66775901619553,146.7288705824523,138.02658951541773,146.1910858154297,3872744
2018-01-29,146.12998018036885,152.52225623820397,139.15104201454682,140.0554962158203,2054288
2018-01-30,139.8232608595715,139.8232608595715,133.06431579589844,133.06431579589844,1647516
2018-01-31,127.13648674930931,138.50323720374394,126.415382258482,128.8476104736328,2140272
2018-02-01,131.267645450685,131.90319977730564,122.46757983387931,125.5353775024414,1521960
2018-02-02,123.44535994573764,123.44535994573764,119.26532745361328,119.26532745361328,1107468
2018-02-05,113.31306457519533,113.31306457519533,113.31306457519533,113.31306457519533,75428
2018-02-06,107.65413665771484,107.65413665771484,107.65413665771484,107.65413665771484,27028
2018-02-07,104.13411405457656,113.03195704988734,103.88966777745314,112.7752914428711,3774560
2018-02-08,113.66751118689126,118.4097671508789,113.66751118689126,118.4097671508789,654540
2018-02-09,113.42306597251078,124.32537078857422,113.42306597251078,124.32537078857422,2180076
2018-02-12,129.31208558386186,130.53431701660156,129.06763929731392,130.53431701660156,295828
2018-02-14,137.06100463867188,137.06100463867188,137.06100463867188,137.06100463867188,178280
2018-02-15,138.60102860469394,142.4632765060115,132.5387643763177,133.55320739746094,2177036
2018-02-16,132.00098952095544,136.88991505876862,126.8798370361328,126.8798370361328,1053536
2018-02-19,125.64538583911585,126.74539408089798,120.53646016370934,120.90312957763672,1461708
2018-02-20,121.48978792610816,121.48978792610816,114.8652929677332,115.37863159179688,983896
2018-02-21,114.86530312713946,121.14757537841795,111.50416684598832,121.14757537841795,923096
2018-02-22,121.97868053085432,127.11205185580008,116.38086281610929,118.6419906616211,1152208
2018-02-23,120.26756208644429,123.31092106222908,119.16755389662924,121.46534729003906,751908
2018-02-26,123.44537021676314,127.52762603759766,123.44537021676314,127.52762603759766,474392
2018-02-27,129.42207210207968,133.41876238513328,122.22312694127552,128.49317932128906,1515104
2018-02-28,125.18092670835196,130.53430589559196,123.61647955962025,125.13204193115234,759980
2018-03-01,126.1342704755422,130.19207243376707,123.93425413003855,124.93648529052734,741308
2018-03-05,118.69087982177734,120.8542307377746,118.69087982177734,118.69087982177734,646860
2018-03-06,121.00089862081816,122.22312992001832,112.76305668024575,112.9586181640625,1161768
2018-03-07,111.69971812600672,111.69971812600672,107.31190490722656,107.31190490722656,867688
2018-03-08,108.28969536449372,109.97637310053696,102.23965030744807,106.04078674316406,1186264
2018-03-09,108.77859183891692,109.92749230971822,104.65967063348414,107.9963607788086,768824
2018-03-12,110.24526559580929,113.38640159534332,107.43413354624872,112.44528198242188,1302548
2018-03-13,112.44528634207587,118.06755065917967,111.22305496879244,118.06755065917967,1773156
2018-03-14,118.06754364897976,120.97645265269767,117.82309738883694,118.53199005126952,848412
2018-03-15,118.0675503027279,121.24535186367088,113.26418251220726,117.48088073730467,977188
2018-03-16,118.067551015139,119.53422866750095,117.08976591356434,117.88421630859376,432584
2018-03-19,120.2675641243352,120.2675641243352,114.88974621633648,115.62308502197266,570504
2018-03-20,113.66750312318682,116.60085804249486,112.44527190680849,114.62084197998048,540548
2018-03-21,114.64528875177557,120.3408832687004,114.64528875177557,117.63975524902344,1228356
2018-03-22,118.55643867249384,118.61755023881986,113.44751321961952,113.98529052734376,372048
2018-03-23,109.75637477542224,111.17416015158692,108.28969716149676,108.32636260986328,457692
2018-03-26,106.61523278396886,111.52860400871803,104.17077023035311,107.47079467773438,531148
2018-03-27,109.9763766079338,110.97860781809648,107.81302560231744,108.24080657958984,383204
2018-03-28,107.48302697621055,107.48302697621055,103.9018831836618,105.36856079101562,296128
2018-04-02,106.33412722188834,110.63638305664062,105.35634214398593,110.63638305664062,215864
2018-04-03,111.82193732249252,116.16085815429688,111.24748715700456,116.16085815429688,1438164
2018-04-04,118.800877029039,121.96645893795277,114.8897370445439,117.30975341796876,2121368
2018-04-05,122.19867992576634,123.16424560546876,121.0008947825269,123.16424560546876,502056
2018-04-06,130.53432194503716,137.47660271303744,125.42538839536606,131.0476531982422,4228920
2018-04-09,132.00097872909126,134.68988755505424,129.55651616003402,130.83985900878906,1126964
2018-04-10,131.26764355700163,132.1354248088436,127.11205707568128,128.94540405273438,492404
2018-04-11,129.77653046383472,134.68989451355327,126.50094448414484,132.15988159179688,1079076
2018-04-12,131.75650191000764,134.93430251266088,130.3876091567895,132.56317138671875,989200
2018-04-13,132.2454333647546,135.03212683796434,131.98876776270495,132.9054412841797,927596
2018-04-16,131.93986554715298,144.71218231387596,130.6198498081205,141.54660034179688,3679452
2018-04-17,142.56106728206004,144.13774870347652,137.15879577703598,140.16549682617188,1081416
2018-04-18,141.28991938419205,142.25548496602252,135.66765615610134,136.498779296875,702356
2018-04-19,136.49878215134612,142.98882663813873,134.76320494927455,136.57211303710938,1387012
2018-04-20,136.25433360296475,137.86767274158976,132.63651748878834,136.19322204589844,679952
2018-04-23,135.45989070364834,138.88213808486302,130.77873921070386,132.0987548828125,743152
2018-04-24,130.8031948554456,133.65099990689356,127.19761232480695,129.3976287841797,676220
2018-04-25,130.50986251636712,137.13435010989951,130.50986251636712,135.82656860351562,1262752
2018-04-26,136.49879292536306,141.5099410855125,135.9487888590052,140.61770629882812,1093920
2018-04-27,141.75440177387776,144.2233031997088,138.35659256107658,139.5666046142578,1062540
2018-04-30,139.82327590763833,143.48997020591557,138.60104447487927,139.71327209472656,866396
2018-05-02,140.55661029101975,141.7788416848547,129.56874707648015,131.13320922851562,1160464
2018-05-03,134.4454328518705,136.86545661113,127.11204560540484,128.5909423828125,1623852
2018-05-04,130.5098612614728,132.6732046461368,127.35649861011014,128.30984497070312,623164
2018-05-07,130.63209680770578,132.00098999528572,127.63762990503491,128.17539978027344,491908
2018-05-08,129.04317152818146,130.25316843779967,125.18090913608474,126.53759765625,514816
2018-05-09,126.98983061315052,126.98983061315052,119.08199270088906,120.09644317626952,807980
2018-05-10,119.28977684284712,120.21866966216842,108.79080681912929,109.48748016357422,1187152
2018-05-11,109.90304560107384,124.42315269467954,107.55635989323967,120.15756225585938,2570292
2018-05-14,119.4608977688462,120.2186752546399,115.8797538664024,117.88421630859376,577100
2018-05-15,118.06753941571556,121.45312148928646,115.37863065055436,116.69863891601562,577348
2018-05-16,115.6108575638502,118.01864717180295,112.73861411039069,113.3741683959961,431284
2018-05-17,114.6452967484792,118.53199081790665,113.00750381096636,117.3342056274414,551144
2018-05-18,118.3120016590729,119.53423308117075,115.3053153446756,115.6842041015625,337760
2018-05-21,115.7330922484248,116.69865056178094,103.73077861601637,109.16970825195312,829832
2018-05-22,107.20190703980931,112.34750541838876,105.11189444811808,109.76859283447266,571168
2018-05-23,109.63414768433334,111.90749491991156,105.35633813143292,107.14079284667967,550952
2018-05-24,107.06746576465424,109.26748218447592,105.47856501700528,106.01634979248048,244444
2018-05-25,105.52745577966388,108.72969588916084,105.52745577966388,107.58080291748048,295972
2018-05-28,107.92302556581356,111.95638892218032,107.92302556581356,109.48748016357422,369484
2018-05-29,109.75636968355592,114.6452948364983,109.08414247502635,111.01526641845705,366576
2018-05-30,110.00082066349424,113.12972991173709,106.38301887896922,110.17193603515624,295696
2018-05-31,110.00081705901842,110.34304033122046,106.60301553517697,108.03302764892578,311992
2018-06-01,107.80080612983238,108.08191785111448,104.13411204378366,105.2219009399414,139088
2018-06-04,104.56188062510354,106.24855821275554,86.28952392907435,91.04400634765624,1118764
2018-06-05,89.95621319799753,90.20065942951382,83.40505717732354,86.59507751464844,1437720
2018-06-06,82.26839424757254,90.92179870605467,82.26839424757254,90.92179870605467,1103492
2018-06-07,94.84515263634364,95.45626831054688,93.03625173268364,95.45626831054688,126232
2018-06-08,100.22297668457033,100.22297668457033,97.7785138386052,100.22297668457033,347164
2018-06-11,103.88966116201864,105.23411560058594,103.64521490046096,105.23411560058594,184384
2018-06-12,110.48970794677734,110.48970794677734,110.48970794677734,110.48970794677734,166788
2018-06-13,115.86752139820432,116.01419063879112,107.17746027730198,110.13525390625,1489544
2018-06-14,110.42859734753988,112.06639026449363,110.42859734753988,110.77082061767578,232932
2018-06-15,111.13749813764298,113.17862603874676,110.12304758197712,110.52638244628906,471196
2018-06-18,110.48970806077492,111.62638166278144,108.77858426337356,110.42859649658205,207928
2018-06-19,109.98859079552923,115.94085088652464,109.98859079552923,110.86859130859376,929088
2018-06-20,112.93417789920612,114.8775287496168,110.47749584445292,113.10529327392578,398988
2018-06-21,112.78751050429858,112.78751050429858,110.46527087715369,110.52638244628906,247604
2018-06-22,110.69749485874549,112.93417673720856,110.47749470773252,110.51416015625,161960
2018-06-25,110.97860645952584,113.48418072430589,110.47749459053308,110.57527160644533,146272
2018-06-26,110.48971853617697,111.95639621586072,110.45305308616656,110.50193786621094,233796
2018-06-27,111.08861018147743,111.71194518486958,108.64414748596606,108.9741439819336,807252
2018-06-28,108.9985874866465,110.00081865975028,108.76636801208736,108.7785873413086,264300
2018-06-29,110.73414911889266,114.18084266954163,110.11081417735193,111.63860321044922,314372
2018-07-02,110.56304051911472,112.27416434074094,108.76636647433344,108.80303192138672,142800
2018-07-03,108.7785873413086,109.6830415009186,108.76636801208736,108.7785873413086,158760
2018-07-04,109.69526019436124,109.69526019436124,103.6452152031402,106.6519012451172,280196
2018-07-05,103.91410675678664,110.73415592791508,103.6452143784459,106.30967712402344,214944
2018-07-06,105.35633245853448,108.28968742257722,102.06852745237364,103.6696548461914,165548
2018-07-09,102.47187809182677,107.06746492663224,98.89073431299812,101.57964324951172,274604
2018-07-10,99.24518248225218,106.6519012451172,99.24518248225218,106.6519012451172,204592
2018-07-11,108.28970064701817,111.98084091951895,106.66413439791027,108.15525817871094,814288
2018-07-12,110.9419455942187,110.9419455942187,105.57634676791952,107.4830322265625,144492
2018-07-13,107.48301774005144,109.75636485213492,103.46187399480202,105.3318862915039,67544
2018-07-16,108.48524351108114,108.48524351108114,100.0762939453125,100.0762939453125,94980
2018-07-17,97.0451645166077,102.66742845585702,97.0451645166077,99.44073486328124,87808
2018-07-18,100.22296630700714,103.7429909487351,96.44626861708484,96.82516479492188,187916
2018-07-19,96.82516467731782,98.0473959722602,91.98512427340124,92.02179718017578,292236
2018-07-20,89.47955099371872,93.19513715063847,88.39176960652813,89.87066650390625,169560
2018-07-23,94.31958964523544,94.31958964523544,90.93400749775935,93.28069305419922,142832
2018-07-24,94.7718259604514,97.9374008178711,94.7718259604514,97.9374008178711,71928
2018-07-25,102.8263168334961,102.8263168334961,102.8263168334961,102.8263168334961,30524
2018-07-26,104.85522764010584,107.95969070847396,98.32850942518566,106.40745544433594,477044
2018-07-27,107.067464007118,111.72416236866988,104.91633986034458,106.93302154541016,790916
2018-07-30,103.70632659727389,105.12411193214204,101.59186792410183,101.9096450805664,444248
2018-07-31,101.934097864789,106.99413880031383,100.44297407790276,103.16854858398438,381928
2018-08-01,105.08744495153842,105.89412207987576,102.42298222804108,102.70409393310548,176456
2018-08-02,101.44519297259528,106.33411793512995,101.44519297259528,102.5940933227539,338316
2018-08-03,102.66743409044491,107.71524810791016,101.44520273222534,107.71524810791016,1029024
2018-08-06,109.51192791643568,113.09306424582856,104.86744883069396,108.63191986083984,1255192
2018-08-07,107.55635957607385,114.05863189697266,106.089681945491,114.05863189697266,1142680
2018-08-08,115.13418928364536,115.37863554539408,105.60078507544544,111.69972229003906,1191512
2018-08-09,110.28193427457197,114.40085545549614,109.02303746399843,109.9641571044922,844084
2018-08-10,110.9786019963528,112.35972187282805,106.82301557798716,107.201904296875,389100
2018-08-13,106.3341160980256,108.53413229315716,102.9118686833765,103.5718765258789,448548
2018-08-14,103.88966165931632,106.18745503697608,102.91187660840512,103.3885498046875,139476
2018-08-16,103.38854535823327,120.95200261194408,102.67964525888414,109.92748260498048,3682412
2018-08-17,110.807495612534,115.3786440272375,110.67305314265208,112.16417694091795,980140
2018-08-20,112.44528101378674,118.06754506447608,110.12304151458898,114.53529357910156,1034212
2018-08-21,115.45195927351816,118.55642958898656,114.40084339720764,116.31974792480467,696160
2018-08-23,117.06530617504204,120.38977662561932,113.753062512757,119.5831069946289,899236
2018-08-24,120.70755374130188,131.75652708569817,120.69533441291924,127.95539093017578,2761720
2018-08-27,129.05540117425986,132.66098337580712,129.05540117425986,130.94985961914062,1283780
2018-08-28,132.48988589864803,134.3232330282419,124.26426993585208,129.72764587402344,1316288
2018-08-29,130.0454269033119,132.66100520281196,128.33430286511043,130.79098510742188,972712
2018-08-30,130.7909590855448,138.84546576110716,130.7909590855448,131.79319763183594,1611584
2018-08-31,130.7787701386738,133.05211773842916,127.8454145467783,128.65208435058594,481652
2018-09-03,129.48317602807506,132.66097714110785,125.88981332399052,129.20205688476562,953448
2018-09-04,129.18985251892926,130.2898607239154,123.71425761275758,124.58203887939452,723076
2018-09-05,124.58203907357765,127.1120594409709,119.4608942316603,122.91980743408205,647652
2018-09-06,124.08092808631368,130.7420814808097,123.93425883240022,128.7742919921875,903824
2018-09-07,129.67875027656555,134.4454526901245,128.00429924280616,132.97877502441406,1256380
2018-09-10,133.56544878697736,143.47774211764164,132.905440869611,139.49327087402344,2022384
2018-09-11,141.77884011007427,143.00107149033352,135.49656783157835,136.486572265625,875264
2018-09-12,136.80436600459564,136.80436600459564,127.73540010218214,131.0720977783203,1042160
2018-09-14,132.00096258238042,133.8832015142771,130.14317722507238,131.2676239013672,600756
2018-09-17,129.16540879423988,133.46765697041496,128.8109587359048,130.4731903076172,558320
2018-09-18,130.53429321101603,135.77766808519672,127.73538075651727,128.46871948242188,585728
2018-09-19,129.3609621569301,130.5343012062819,122.77313254841776,124.25202941894533,617916
2018-09-21,125.3642571540423,127.80871972832269,102.97298594156037,120.03533172607422,1202592
2018-09-24,121.0009017077844,121.64868282090508,110.00081973434943,110.66082763671876,570412
2018-09-25,110.00082364530792,112.31084392582272,100.7118652041486,103.07077026367188,988056
2018-09-26,106.33412596700296,112.15194412790105,105.12411396341524,110.53860473632812,641408
2018-09-27,109.51191895864036,113.42305892144894,107.69079142949462,110.13525390625,372812
2018-09-28,112.20083001665594,112.90972265767724,96.93515854785592,103.15631866455078,1065928
2018-10-01,98.5973989579954,103.07076246375104,90.78733808624467,99.86851501464844,456384
2018-10-03,100.22296887865907,108.70525727747466,97.91294868517558,101.88520050048828,553784
2018-10-04,98.82962396049672,101.18853643352844,97.28961544371772,98.59740447998048,372964
2018-10-05,97.60737868919414,101.57963000947665,94.11180051130836,95.30958557128906,265120
2018-10-08,93.86736616941565,99.48963028893792,90.44511844448904,93.75736236572266,404264
2018-10-09,94.50292427933825,97.0451638556146,93.18291598587815,94.11180877685548,205936
2018-10-10,94.9062584607021,103.00965031829502,94.9062584607021,101.0663070678711,492020
2018-10-11,97.26515589231025,103.40075791293133,93.19512755154862,101.95852661132812,503972
2018-10-12,106.06523135674342,109.3897020046196,103.88966112170576,104.464111328125,361324
2018-10-15,103.6452170136597,108.7541424923986,102.5329894848584,105.6741180419922,522472
2018-10-16,105.84523372172654,107.98413856021408,105.57634133576364,106.38301849365234,247096
2018-10-17,107.55635833284664,112.4452837116124,103.15632549195745,104.35411071777344,317444
2018-10-19,102.6674291988125,104.54966838475389,98.08406182386553,100.7363052368164,143104
2018-10-22,102.6674266613288,103.77965413286348,93.8673615189292,96.26293182373048,195500
2018-10-23,94.8573704096402,97.16739060419368,91.37401112382948,94.71070861816406,305976
2018-10-24,97.27739077974306,98.98851457562309,94.18513966640508,96.60516357421876,276508
2018-10-25,95.54182541749984,96.42183347499731,91.9240161722121,93.32958221435548,244464
2018-10-26,94.08736782396794,100.63853233542191,92.65735565259348,95.39515686035156,889408
2018-10-29,94.23402683424578,99.00072858072514,93.48846877581066,95.26070404052734,645444
2018-10-30,95.72516357284913,96.93516816815104,92.88958526744034,93.21958923339844,240148
2018-10-31,93.54958228847732,95.26070602804252,89.88288856083763,93.26846313476562,177880
2018-11-01,94.25848037288527,95.5784886992566,92.74291056044288,93.65958404541016,224144
2018-11-02,94.62515924595228,100.94409726064168,94.40515907950318,97.36295318603516,576600
2018-11-05,98.75629429475944,98.75629429475944,94.35626138063648,94.78404235839844,170824
2018-11-06,95.33404005967178,96.31182508592482,93.40291612480355,94.11180877685548,153040
2018-11-07,95.089599852325,97.10628159726504,94.5884879784547,95.73738098144533,51652
2018-11-09,96.42182501688228,96.42182501688228,93.1951315757396,93.6351318359375,106672
2018-11-12,93.75736141237452,95.99405069206334,93.14624575342305,95.13848876953124,326628
2018-11-13,94.60069853856965,95.725152778038,93.62291354075496,93.97736358642578,89408
2018-11-14,94.12403598242588,95.01627086147404,92.96291616658289,93.21958923339844,105888
2018-11-15,93.76958563358842,93.76958563358842,88.26954485364537,89.95622253417969,90936
2018-11-16,89.22288451745375,89.88289240058708,82.13394300784783,83.00172424316406,585568
2018-11-19,81.88949313615882,86.38730261046187,81.88949313615882,84.18728637695312,246036
2018-11-20,83.1117278274925,85.06729789402175,80.91171150264712,81.5228271484375,123236
2018-11-21,81.88949198779567,82.74505384438459,76.41389759760813,77.25723266601562,320332
2018-11-22,77.06168228889807,79.44503328752378,70.40052180555955,71.20719146728516,318404
2018-11-26,71.20719356135014,71.6227551931919,66.22049127878867,67.7360610961914,447908
2018-11-27,67.22272810688861,68.0049591997322,62.602694830796885,63.67825698852539,360148
2018-11-28,62.883804604264704,74.26277578678736,62.883804604264704,69.81385803222656,1298772
2018-11-29,70.20497578305516,73.08943895170066,69.1171868347604,70.96275329589844,485592
2018-11-30,71.53718828190969,72.35608465085174,70.64496102735187,70.90162658691406,236924
2018-12-03,72.34387537986545,73.70054917169969,71.67164814861445,72.17276000976562,162600
2018-12-04,71.79386236740831,71.86719325411293,70.8894083118801,71.24385833740234,178608
2018-12-05,71.24386294852637,72.1605363911996,70.41273972590992,71.17052459716797,210360
2018-12-06,70.88942184247645,71.24387193565224,68.15162049770015,69.72830200195312,223984
2018-12-07,70.03385480895297,70.86497061662386,64.16714445846476,65.1204833984375,206916
2018-12-10,65.1693745569474,65.1693745569474,61.11156513969039,61.63712310791016,114916
2018-12-11,59.27821810318662,65.25493214951229,59.27821810318662,63.3604736328125,114932
2018-12-12,64.77825997555131,76.02278812225079,63.10380157476773,73.24832153320312,1655604
2018-12-13,73.24831257700873,74.53165530640035,69.30050738714735,70.53495788574219,466036
2018-12-14,71.86720818379203,73.81055914415396,69.32496829784371,69.88719177246094,225744
2018-12-17,70.27830328552508,71.86720405545869,70.26608395587348,71.19497680664062,81972
2018-12-18,70.8894180481805,70.8894180481805,68.93384789512724,69.25162506103516,66460
2018-12-19,69.54495945460735,71.94052976644447,69.54495945460735,69.85051727294922,149540
2018-12-20,69.6794030376355,71.87941936527761,69.04384873313178,70.84052276611328,134416
2018-12-21,71.61053036794218,72.12386151387992,69.1782872492443,69.77718353271484,119160
2018-12-24,68.7138455659636,70.22940791057627,67.71161440232308,68.04161834716797,57636
2018-12-26,67.83384314281615,67.85828926295743,64.77826462286949,65.93938446044922,141904
2018-12-27,67.22273572719249,67.71162835066298,64.20382228528032,64.98605346679688,95124
2018-12-28,64.98603965359663,65.53604373809404,63.11602725828703,63.42158508300781,187020
2018-12-31,64.14270099850908,73.32166309075713,63.580477550581655,71.59831237792969,1037888
2019-01-01,71.37831041858597,72.33164937397588,67.24716997195765,70.20497131347656,326540
2019-01-02,69.66719085157203,70.74275300782512,67.22272801467476,68.00495910644531,280908
2019-01-03,68.04161575227604,69.08051232352179,65.68271091189959,66.12271118164062,140160
2019-01-04,66.02493759243838,67.96828092100537,65.16937566592377,65.89048767089844,243912
2019-01-07,67.19828361258021,68.40829573174773,63.26269685256119,63.65381240844727,360664
2019-01-08,64.53381598246912,65.85382436285616,63.29936528949503,63.66603469848633,231664
2019-01-09,64.77825977722229,64.77825977722229,60.89156568257054,61.27045440673828,267872
2019-01-10,61.844902633915325,62.08934888938535,60.52489434635875,61.12378692626953,223620
2019-01-11,61.35601670493645,62.33380183170835,59.64489273308563,60.48823165893555,161676
2019-01-14,60.48822041552961,60.97711288804139,58.7159852026744,59.11932373046875,164448
2019-01-15,60.2071149061716,62.40713125794434,59.37599537975175,60.744895935058594,461768
2019-01-16,60.378227421814174,63.92269826236601,60.378227421814174,61.50268173217773,450020
2019-01-17,62.02823810577393,63.079354033553976,60.79378375413129,61.11156463623047,146580
2019-01-18,61.576014179938014,62.08935284107817,59.632667071257295,59.87711334228516,109276
2019-01-21,60.13377483382105,60.17044027771389,55.56263090748472,56.13707733154297,252044
2019-01-22,56.28375252978707,56.80931050768188,53.77817831293444,54.62151718139648,291748
2019-01-23,54.73151513298413,55.61152314506337,50.3559286500354,50.8570442199707,518896
2019-01-24,50.96704115903467,51.46815669819576,46.79923201130993,48.76702499389648,779300
2019-01-25,48.18035720834573,54.80484832356207,47.96035334609785,51.17482376098633,1075996
2019-01-28,51.08926682675619,52.50705583875263,50.01370480659548,51.57815933227539,344920
2019-01-29,52.28705463632642,52.28705463632642,50.12370742719492,50.58815383911133,188552
2019-01-30,51.34593787390291,53.28928490304615,50.39259521794028,52.67816925048828,254096
2019-01-31,52.12816918964571,57.68932205747426,52.12816918964571,56.821537017822266,760440
2019-02-01,58.0315408678426,59.07043747706439,55.00040872350648,55.9415283203125,313644
2019-02-04,55.000412340109065,56.01486289795607,51.969279996458056,52.86150741577149,251108
2019-02-05,53.5337310615483,53.5337310615483,50.111483413778096,50.30704116821289,245236
2019-02-06,50.84482255967337,55.14707826824269,50.404818541531554,54.15707015991211,353644
2019-02-07,54.26707111914186,62.28490939985272,54.26707111914186,56.87042236328125,508620
2019-02-08,56.74819632772169,59.27821654653471,55.73374586643264,56.38152694702149,183892
2019-02-11,55.84374858759097,60.61045076314293,55.84374858759097,58.59376907348633,504060
2019-02-12,59.02155105960074,64.53381518606821,57.42042724744043,62.43157577514648,875052
2019-02-14,58.69154515681736,62.06490036766795,56.24708269680754,60.3293342590332,350992
2019-02-15,60.818232387871525,62.71268724000982,59.13155089616527,61.78379440307617,362552
2019-02-18,61.83267980559289,63.12824571040317,59.547109546402496,61.001564025878906,382544
2019-02-19,60.40267155663095,62.18712624758465,60.40267155663095,60.9404525756836,151908
2019-02-20,61.30712153831156,64.32603055147626,61.30712153831156,62.37046051025391,361248
2019-02-21,60.13378233247265,64.04492264677981,60.13378233247265,62.43157577514648,510376
2019-02-22,61.844903723485466,65.36492837228727,60.0115567751608,63.42158508300781,892584
2019-02-25,63.89824777169286,64.54602883728113,62.23601626830701,63.348243713378906,411848
2019-02-26,62.56602190278118,62.82269123162494,60.75712100132302,62.07712936401367,265196
2019-02-27,62.57824573155533,64.99826233622369,60.39045233966561,61.29490280151367,400060
2019-02-28,61.80824248153549,62.223800405436855,60.9404574542992,61.160457611083984,181680
2019-03-01,62.08934639355184,63.55602386741527,61.99156938727576,62.88379669189453,276380
2019-03-05,63.31157974012597,71.06052897027433,63.29936041139789,68.37162017822266,1125184
2019-03-06,69.54496207266435,70.14385840312323,65.6338218506516,67.6749496459961,558172
2019-03-07,68.1393880753312,71.62274692761271,66.5871529895261,69.5205078125,483076
2019-03-08,69.74051803670291,69.74051803670291,66.4893856208244,66.6971664428711,206512
2019-03-11,66.96605572496222,71.13386146242283,66.94160960704855,68.34717559814453,783044
2019-03-12,68.89718630574784,70.0338600288948,67.7849512429564,68.12718200683594,469532
2019-03-13,68.35939436764052,69.190510150548,65.51159696184057,66.15937805175781,487968
2019-03-14,66.24494064991521,66.6971677514996,63.80047789530579,65.25493621826172,493080
2019-03-15,65.26715048200134,66.48938176443582,63.06713417361927,63.43380355834961,851116
2019-03-18,63.55603169838278,65.02270935296085,61.637126941661485,62.82269287109375,301920
2019-03-19,63.3971394153696,64.19158976528674,62.08935042429365,62.34601974487305,240412
2019-03-20,63.43380364943958,63.43380364943958,60.42711394434242,60.9404525756836,293940
2019-03-22,60.98933719255647,61.82045292083431,58.679320958708885,58.86265563964844,312884
2019-03-25,59.00932900123325,59.00932900123325,55.52596959970752,56.78487014770508,514708
2019-03-26,57.909316021477785,58.66710090008542,56.95597712383293,58.04376220703125,251932
2019-03-27,59.04599324810631,59.09488175279003,56.980423153099856,57.68931579589844,273364
2019-03-28,58.667103912585794,59.816000618216464,56.45486445655791,56.87042236328125,351828
2019-04-01,56.760425229334565,64.53381764636481,56.760425229334565,63.1649169921875,1958724
2019-04-02,63.65380511469794,63.76380891652978,60.683784524225,61.45378875732422,647184
2019-04-03,61.77157212928087,62.38268780869591,59.88933658267338,60.170448303222656,298292
2019-04-04,60.683783233631,61.18489880592164,59.88933289925315,60.10933303833008,182956
2019-04-05,60.39044299610426,61.08711252665197,59.91377358468666,60.610443115234375,122200
2019-04-08,60.97712480687789,61.47824043514327,58.31266180286333,58.64266204833984,154660
2019-04-09,58.642652000087,60.561556492955226,58.642652000087,59.15599060058594,326012
2019-04-10,59.25377254369552,60.13378058076142,58.54487987435918,58.9604377746582,289040
2019-04-11,58.69154699328971,59.38821657821924,58.11709680523124,58.459320068359375,166176
2019-04-12,58.19043236720522,59.00932509218634,57.20042427794236,57.55487060546875,208428
2019-04-15,57.55486795503154,59.75488417210184,57.518202510061855,58.1904296875,255288
2019-04-16,58.618212941810754,60.02377891397908,57.93376267893801,58.15376281738281,215804
2019-04-18,58.47154631267399,59.24155429159455,56.955980203465295,57.22487258911133,141296
2019-04-22,57.2248649474946,57.32264194924324,55.01262578086146,55.50151824951172,147184
2019-04-23,55.96597265044904,56.67486906990073,55.03707608045092,55.31819152832031,129440
2019-04-24,55.31819217999632,55.81930778431552,54.76818806719689,55.36708068847656,82708
2019-04-25,55.4893002612998,56.78486616757643,53.289283951380426,53.582618713378906,151644
2019-04-26,54.38929621921808,55.41596982882597,53.16706484350531,53.46039962768555,182816
2019-04-30,53.53373594580067,54.24262867410582,50.84482683436776,52.60483932495117,450884
2019-05-02,53.46039580559112,56.58930864970832,52.15261056504968,54.70707321166992,367972
2019-05-03,54.438181451863045,55.94152819148246,54.20595825044494,55.1715202331543,115156
2019-05-06,53.82706706823565,54.73151750713421,52.824839614844166,53.3137321472168,117344
2019-05-07,53.8637343223046,54.975961809764094,52.311499095480514,52.690391540527344,226320
2019-05-08,53.02039066035412,53.02039066035412,50.35592800083514,50.80815505981445,198644
2019-05-09,51.56593855280299,51.57816161197198,49.32925673317537,49.5859260559082,140636
2019-05-10,50.111485886968254,50.79593619629328,49.28037005204408,49.793704986572266,101796
2019-05-13,49.86703862716636,49.86703862716636,46.6892371460234,47.14146423339844,91316
2019-05-14,47.838132573695965,49.585925579352335,47.17812841440748,47.81369018554688,152516
2019-05-15,47.91146548440693,48.4859156696964,45.22255670722083,45.82144927978516,155880
2019-05-16,46.37145329873304,46.57923410509524,42.60698250664104,44.635887145996094,210524
2019-05-17,44.92922399210439,48.49813720240872,44.92922399210439,47.569244384765625,210392
2019-05-20,48.90147486895317,53.19150746127232,48.84036330419066,52.507057189941406,531188
2019-05-21,53.778178049999696,54.193735952577086,52.31150046681789,53.142616271972656,220952
2019-05-22,53.75372875375215,53.81484031610518,52.31149737420191,52.77594375610352,88052
2019-05-23,54.45040651093075,55.97819569473913,52.45817090722624,52.94706344604492,217076
2019-05-24,54.4992915734827,58.66710094942199,53.09372561323613,57.212646484375,506404
2019-05-27,57.44486781023087,61.77156561845752,56.98042143481048,60.3293342590332,449676
2019-05-28,60.84266705406708,66.17159951034024,60.62266693218172,65.70714569091797,957060
2019-05-29,65.75604411831604,68.20050672494489,62.59046205876854,63.29936218261719,489440
2019-05-30,63.55602937144012,63.55602937144012,61.23378983671442,62.02824020385742,249440
2019-05-31,62.70046821917981,63.31158389383068,59.278220441134906,60.41489410400391,342444
2019-06-03,59.90155723203846,62.9815778943893,59.59599940462545,61.45378875732422,337148
2019-06-04,61.93046382431063,62.3337986767077,60.56156322413464,61.307125091552734,118360
2019-06-06,61.600455654569785,61.84490190716728,59.88933188638729,60.65933609008789,183408
2019-06-07,61.05045278998021,61.05045278998021,58.87488259094746,60.46378326416016,162456
2019-06-10,60.87934032127848,62.333794786984015,59.33932817466811,60.06044387817383,258052
2019-06-11,60.04822374802798,60.84267411248974,59.35155412793392,60.13378143310547,63648
2019-06-12,60.23155794866528,60.37822719902506,57.774875979793634,58.777103424072266,169344
2019-06-13,59.070438279283984,59.18044208218807,55.51374811749127,57.945987701416016,158076
2019-06-14,58.19043006421462,58.36154169177042,53.43595128809046,55.037071228027344,139284
2019-06-17,54.49929390126942,54.98818643006296,52.849281616591206,53.081504821777344,154096
2019-06-18,53.20372881005384,53.77817903261108,52.61705925804333,53.06928634643555,97048
2019-06-19,53.289282772998114,53.77817527550268,50.307039253711,51.3459358215332,199916
2019-06-20,50.60037876029004,51.56594079740619,50.35593248608573,51.21149444580078,207396
2019-06-21,50.84482329816316,51.11371568258696,48.91369928987798,49.34148025512695,159168
2019-06-24,49.329255646964825,49.69592503423668,46.68923531261667,47.28812789916992,642764
2019-06-25,47.10479201198636,49.13369664947275,47.10479201198636,48.79147338867188,208260
2019-06-26,48.42480443339976,56.17374994305239,48.14368900318803,55.13485336303711,994840
2019-06-27,55.59930041839351,56.919312444396944,52.58039138188729,53.93706512451172,323636
2019-06-28,53.77817785636313,54.37707045468184,52.03038856801292,52.84928131103516,170440
2019-07-01,53.28927917734628,54.15706405672955,51.553709418579736,52.409271240234375,116212
2019-07-02,52.910395127994384,55.45263860916134,51.920386974798014,54.474853515625,235752
2019-07-03,54.47485170382933,55.85597161053267,53.41150895799295,54.20595932006836,272980
2019-07-04,53.863737453070144,54.73151873351288,53.85151439349614,54.24262619018555,54584
2019-07-05,54.21818378308709,55.17152275027892,51.96927883051485,52.70261764526367,126200
2019-07-08,52.70262017866246,53.59484762084765,50.465934448189294,51.41927719116211,139584
2019-07-09,51.56593995686082,51.83483234608414,49.95259681138305,50.86927032470703,126956
2019-07-10,50.86926691466666,52.23816369816018,50.47815141655204,51.455936431884766,85548
2019-07-11,52.31150094880861,52.33594706740181,50.25815380541642,50.88148880004883,92568
2019-07-12,51.17482604248133,52.27483421290047,48.49813651049826,49.12147521972656,377508
2019-07-15,49.12146817725407,50.03814152118126,47.03145220710942,47.92368316650391,101540
2019-07-16,47.42257446768396,49.96481408118648,45.98034302482359,46.68923568725586,445740
2019-07-17,46.90923771056277,47.77702271486016,46.90923771056277,47.31257629394531,125424
2019-07-18,48.00924568412516,48.00924568412516,45.28367127990723,45.83367538452149,167880
2019-07-19,45.833669949653455,46.42033943302757,43.56031917415992,45.02699661254883,175868
2019-07-22,44.9658886332392,45.63811584603008,43.0714301244649,45.14922332763672,193368
2019-07-23,45.85812031078394,46.28590126991456,44.86811220223372,45.67478561401367,93632
2019-07-24,45.28366720445951,45.98034049958653,44.73366314934462,45.18589019775391,146116
2019-07-25,44.99033602092643,45.858121011557394,44.56255505525875,45.3081169128418,76204
2019-07-26,44.6603308890252,46.20034307070619,44.61144238308931,45.50366973876953,93296
2019-07-29,45.25922034958885,45.71144739062192,44.15921225730116,44.721439361572266,100852
2019-07-30,44.41588519555869,46.12700903480385,43.645880959879946,44.01255035400391,101540
2019-07-31,44.0369942287532,44.89255617725485,44.01255183962561,44.40366363525391,96176
2019-08-01,44.73366365394488,44.85588677868244,44.01254796398406,44.04921340942383,80160
2019-08-02,44.024774359678254,44.35477458351255,41.678088694848846,42.69253921508789,131348
2019-08-05,42.7047615088705,42.7047615088705,39.600294706854775,40.688079833984375,150676
2019-08-06,40.08918380737305,43.62143126880024,39.58806826379015,40.08918380737305,175824
2019-08-07,40.45585544172391,41.86142141628532,37.87694669023352,39.28251266479492,124760
2019-08-08,39.27029484590888,39.62474494901299,37.08250130479038,38.194732666015625,152920
2019-08-09,39.08695678844096,43.56032424194729,38.6225103708991,41.50697708129883,475572
2019-08-13,41.55586867892649,46.43257134555082,40.35808336780975,41.87364959716797,204320
2019-08-14,42.48476453175194,44.55033486740483,40.66364047795039,41.88587188720703,282120
2019-08-16,41.72698037480186,43.24254660566463,40.92030688306632,42.22809600830078,172380
2019-08-19,42.30142480921414,43.266986762152776,40.94474735966435,41.25030517578125,108584
2019-08-20,41.18919340794825,41.714751357077056,40.60252389589965,40.95697021484375,44500
2019-08-21,41.07919423444009,41.83697539316037,37.29027725097704,38.03583908081055,113932
2019-08-22,37.84027893256448,37.84027893256448,32.04690375464179,33.024688720703125,632288
2019-08-23,32.755798683381215,35.33470746004119,31.778013648056405,32.57246398925781,290600
2019-08-26,34.210253616013674,34.479145996156774,29.333551435802327,31.142454147338867,716636
2019-08-27,31.069118641130498,34.95581446907948,30.861339697351635,33.64802551269531,950188
2019-08-28,33.73358650059914,33.99025583952932,32.38913196615497,32.76802444458008,181908
2019-08-29,32.75579759018365,33.00024384085666,31.30134314466998,32.35246276855469,197608
2019-08-30,32.65802198128388,33.48913777720371,32.25468341241819,32.8046875,144908
2019-09-03,32.51135394756611,32.76802327735349,31.533568866436298,31.77801513671875,93780
2019-09-04,31.77801460014612,33.92914248830066,31.30134512713473,31.668014526367188,568380
2019-09-05,32.36467864989148,33.61135588751899,31.570228419822847,31.90023231506348,330292
2019-09-06,32.23024106072789,33.30580311901165,31.802460103236,32.389129638671875,382836
2019-09-09,33.17135408189014,36.66693606619108,32.486903862663844,36.05582046508789,1872224
2019-09-11,35.664706859518226,37.80361157559515,35.53026440418502,37.09471893310547,696448
2019-09-12,37.36361072275433,42.04475490803354,37.35138766429032,39.89362716674805,1255084
2019-09-13,39.82029303765066,41.48252830053215,39.36806970852767,40.48030090332031,637284
2019-09-16,39.84474026419067,41.65364109095151,39.60029400490116,41.470306396484375,469576
2019-09-17,41.4336433994515,41.55586653632304,37.95028399861266,38.23139572143555,476320
2019-09-18,38.73250922429051,39.03806704986862,37.15583159029825,38.14583969116211,229216
2019-09-19,38.45139835910043,38.45139835910043,35.469154662116416,35.701377868652344,224832
2019-09-20,35.56693424618513,38.84251295282115,35.11470712976738,37.08250045776367,396192
2019-09-23,38.28028321507866,40.28474166531652,38.28028321507866,39.61251449584961,485920
2019-09-24,39.9669619369012,40.00362738247648,37.71805717940883,39.00139999389648,232696
2019-09-25,38.37806425572212,39.1114030631563,37.52250231371558,37.82806015014648,162768
2019-09-26,38.85472759350456,39.23361999678508,37.999165786721086,38.634727478027344,144388
2019-09-27,38.65917266125876,38.90361890946135,36.728048792439765,37.10694122314453,99624
2019-09-30,37.63250445116181,38.109173956125474,35.26137625650712,36.019161224365234,137632
2019-10-01,36.12916250003448,36.70360904502533,33.73358810594058,34.638038635253906,124336
2019-10-03,34.6013682622707,34.90692608208949,33.29357930146473,33.5869140625,134460
2019-10-04,34.039137945603414,34.344695736856586,30.84911385892959,31.70467567443848,222444
2019-10-07,32.20579525458802,32.21801831376841,31.166898633472275,31.435791015625,149560
2019-10-09,30.59244912486412,32.98802130007144,30.59244912486412,31.63134384155273,286448
2019-10-10,31.63134429881473,31.90023667464386,31.05689783038543,31.386898040771484,115176
2019-10-11,31.521347276702507,33.39136356953046,31.04467777341649,32.58469009399414,259320
2019-10-14,33.073580489078736,34.93136987008245,32.63357646490938,34.10025405883789,165084
2019-10-15,33.97803213155539,35.27359813148322,33.85580899439152,34.674705505371094,135088
2019-10-16,35.11470150293896,35.420259308324624,34.06358563637522,34.91914749145508,68672
2019-10-17,34.74803312536334,35.591375676191234,34.02691743012183,34.78470230102539,115988
2019-10-18,34.772482818101665,35.78693337318588,34.71137124900131,34.90692901611328,154388
2019-10-22,34.283584925050924,36.28804333332343,34.23469642337668,34.51580810546875,227344
2019-10-23,34.491369693629494,35.29803938908115,33.77025022352268,34.03914260864258,118876
2019-10-24,33.9902563130683,34.71137210014382,33.07358275408563,33.293582916259766,113468
2019-10-25,33.66024900958496,33.66024900958496,32.04690594336848,32.218017578125,147104
2019-10-27,32.3157947683453,34.17358783301184,32.3157947683453,33.75802993774414,92016
2019-10-29,33.06135775027616,37.1558327396819,33.06135775027616,36.70360565185547,569304
2019-10-30,37.03360858157743,37.84028198974119,34.381365154875624,34.82136917114258,297368
2019-10-31,34.91914964987169,36.178046393893865,34.91914964987169,35.35914993286133,174560
2019-11-01,35.54248229812884,36.91138275314069,34.76025506524507,36.226932525634766,224568
2019-11-04,36.78916367108084,39.06251473030122,36.77694061157803,37.35139083862305,559908
2019-11-05,38.35361747458917,39.661406483914,37.52250166582927,37.77917098999024,498452
2019-11-06,38.07250683823455,38.59806483069724,37.59583735414796,37.99917221069336,130828
2019-11-07,38.36584349325062,38.56140126626533,36.9113888507516,37.43694686889648,225836
2019-11-08,37.64472102795617,37.96250188652055,35.200258623543434,36.05582046508789,142572
2019-11-11,36.00693523509739,36.72805096393935,35.56693121632729,35.945823669433594,97768
2019-11-13,35.61581841111396,37.04583048696002,34.44247564759332,34.60136795043945,192184
2019-11-14,34.79692083249964,34.931363269241494,33.73357828585548,33.84357833862305,112580
2019-11-15,34.17358969232392,34.650259178417144,33.806920283028504,33.9658088684082,80172
2019-11-18,33.978033046706855,36.61805362654256,33.489140484883734,36.14138412475586,213812
2019-11-19,36.54472023038276,36.66694337496598,34.613596037949634,35.114707946777344,89296
2019-11-20,34.96803231465864,36.17804035066664,34.845809205365846,35.273590087890625,161660
2019-11-21,34.992473938039595,35.79914718783093,34.88247388805742,35.28581237792969,55392
2019-11-22,35.40803956217791,35.56692812712174,33.868027495219025,34.686920166015625,88416
2019-11-25,34.79692790555042,41.05475015782991,34.78470484610209,39.42918395996094,1377800
2019-11-26,40.32141078411031,42.912542692697386,39.96696444481075,40.50474548339844,945128
2019-11-27,40.89585991070358,41.55586406456172,39.95474032078929,40.28474426269531,188080
2019-11-28,40.74919497780083,40.94475275186028,39.35585189880302,40.810306549072266,157596
2019-11-29,40.38251876831055,41.06696899759452,38.92806436230314,40.38251876831055,230812
2019-12-02,40.57808098697516,40.60252710605738,39.39251508061503,39.661407470703125,126052
2019-12-03,39.6491802478805,39.6491802478805,36.66693680074405,36.935829162597656,160200
2019-12-04,37.30250274999166,39.30696144250465,37.009164238442445,38.29250717163086,220880
2019-12-05,38.98917759043137,40.28474348519509,38.40250807164779,39.050289154052734,271116
2019-12-06,39.16028183804064,39.34361649433292,37.40026988362537,37.498046875,145252
2019-12-09,37.86472394476314,39.01362434352742,37.30250053424909,37.91361618041992,83728
2019-12-10,37.64472291085304,37.88916916352091,36.66693790018153,36.740272521972656,89120
2019-12-11,37.22916631547305,37.5225010828334,36.300269777203646,37.25360870361328,91512
2019-12-12,37.40027890189216,38.74473337222161,36.93583248594177,38.365840911865234,134884
2019-12-13,38.866954471699735,40.68807832202446,38.866954471699735,40.296966552734375,306820
2019-12-16,40.41919320617163,41.18919748316304,40.04030073259087,40.83475112915039,467256
2019-12-17,40.00363027461145,44.92922481381731,39.99141094517212,44.29366302490234,1128184
2019-12-18,44.110325162026434,50.95482017684761,43.27920940220823,48.49813461303711,2946128
2019-12-19,49.58592342215589,51.06482025420251,47.997022793385206,50.16036987304688,1080196
2019-12-20,50.09925802954627,57.12708769432641,49.48814240652191,53.25261688232422,1992244
2019-12-23,53.28928966294313,55.44041769808032,52.06705824865545,52.60483932495117,827632
2019-12-24,52.80039460786844,54.86596485463914,52.71483692092035,53.1181755065918,485980
2019-12-26,53.09372467721799,55.00040617045104,53.0692822902256,53.60706329345703,448036
2019-12-27,54.01040545138201,54.62152115852586,51.94483510722668,52.60483932495117,240248
2019-12-30,53.362622667288335,54.26707314030254,52.56817227221634,53.81484603881836,287936
2019-12-31,53.888178261086,60.30489270397902,53.43595490974975,56.699310302734375,1782188
2020-01-01,56.63819399930887,58.54487544885306,56.47930543266088,58.08042907714844,744440
2020-01-02,58.569327042797774,65.12048401193086,58.569327042797774,62.79824447631836,2252660
2020-01-03,62.56601871795652,65.29159672081656,61.67379137210487,62.126014709472656,1241080
2020-01-06,61.11156101132888,61.11156101132888,57.44486735064915,58.08042907714844,679712
2020-01-07,59.644886473013095,62.920464811926536,59.40044021697616,60.647117614746094,520664
2020-01-08,60.10933430637473,61.71045806773451,58.17821032943799,59.43710708618164,556536
2020-01-09,60.62267113153466,62.74935653019269,60.62267113153466,61.24600982666016,722592
2020-01-10,61.80823791382312,63.55602716898876,59.63266397660463,60.34156036376953,766956
2020-01-13,61.11156435433455,61.73490305673953,59.22932891821182,60.46378326416016,345984
2020-01-14,60.32933599950641,62.94491016118428,60.15822436835997,60.59822463989258,460624
2020-01-15,61.42934691552817,62.06490496422828,59.62044232318023,60.37822723388672,292092
2020-01-16,60.744894135551085,61.3560097707176,59.31488205727992,60.06044387817383,335152
2020-01-17,60.37822467633792,60.37822467633792,56.89486556039534,58.04376220703125,534064
2020-01-20,59.058214149367245,59.86488377206561,57.945982991161664,58.850433349609375,281900
2020-01-21,58.41043441848484,58.89932694967945,57.738207188092254,58.1782112121582,205508
2020-01-22,58.30043465587123,58.63043860816909,54.08373655183023,55.62374877929688,318752
2020-01-23,55.89263042792814,60.7326666517855,55.53818413134781,59.11932373046875,1039676
2020-01-24,59.21710769255183,59.37599627281031,57.21264906566781,57.46931838989258,272368
2020-01-27,57.20043008101164,57.20043008101164,55.03707898981219,55.39152908325195,236252
2020-01-28,55.9293045401836,56.16152773914249,52.70261468266325,53.04483795166016,251664
2020-01-29,53.04483849085557,55.2937433398688,52.60483447627704,53.15483856201172,361100
2020-01-30,52.36038815634732,53.04483843047324,51.3337146101354,51.55371475219727,157808
2020-01-31,51.33371694167357,52.10372120381704,49.255923636891545,49.56148147583008,247308
2020-02-03,47.43480062024659,48.51036274303806,46.12701155121124,46.70146179199219,262656
2020-02-04,46.70145672617946,48.64480366426356,46.70145672617946,47.78924179077149,311044
2020-02-05,48.24147444180289,51.04038357813003,47.17813164081832,50.42926788330078,575716
2020-02-06,51.187040902015,54.48706512512365,50.86926377560445,53.22816848754883,482200
2020-02-07,53.76595419210776,55.09818556438312,53.26483861264072,54.40151596069336,366860
2020-02-10,54.51151745678806,55.464856404633686,52.55594732380912,54.43818283081055,440404
2020-02-11,54.90263563797888,55.73375149281996,51.38260698993352,52.323726654052734,1089492
2020-02-12,52.31150286038932,52.31150286038932,49.8059285411417,51.50482940673828,201972
2020-02-13,51.54149296685448,52.482608785217366,49.89148079016303,50.404815673828125,118220
2020-02-14,50.35593063315312,51.82260822441001,50.11148436794364,50.58815383911133,215972
2020-02-17,50.60037317440173,50.61259623275343,47.54479508416007,48.44924545288086,304040
2020-02-18,48.00924408102339,50.60037593488812,47.618132302107725,50.30704116821289,188108
2020-02-19,49.86703954517007,51.34594023845638,48.35147340302337,48.66925430297852,146900
2020-02-20,48.88925742907287,49.243703799442784,47.37369119476248,48.68147659301758,178712
2020-02-24,48.37591881419848,48.37591881419848,44.97811690923274,45.60145568847656,139096
2020-02-25,45.52811431401134,46.45701081513361,43.658101983162325,43.86587905883789,193816
2020-02-26,44.14699654199394,48.15591375887284,44.13477348286638,45.19811248779297,453852
2020-02-27,45.46700474359454,45.54033936820403,42.77809586090884,43.2425422668457,204160
2020-02-28,41.58030945249179,42.72920610458685,40.33363206045968,41.06697082519531,183704
2020-03-02,42.28920268869472,45.01477697693828,39.69807085856192,40.76141357421875,426572
2020-03-03,42.72920995812164,42.72920995812164,40.04030091159167,40.35808181762695,314332
2020-03-04,40.82252575432959,41.48252991574413,39.11140192031577,40.04029846191406,228720
2020-03-05,41.03030479168199,41.60475124453067,39.61251578749485,40.12585067749024,194136
2020-03-06,38.378060049566045,39.60029126133566,37.143605779688,38.01139068603516,213208
2020-03-09,37.62027903472715,37.86472530195722,30.55578340375955,32.37690734863281,582408
2020-03-11,35.44470697913653,35.44470697913653,33.00024442885125,33.64802551269531,263596
2020-03-12,30.580228478293662,31.22801147683597,26.925757431104863,28.39243507385254,657616
2020-03-13,26.40019581104488,31.142453579727963,25.55685696862728,30.82467269897461,672356
2020-03-16,30.31133555945846,30.83689537965413,27.74464988708496,27.74464988708496,360876
2020-03-17,27.622428124761687,30.0668907906698,26.55908723808706,27.63465118408203,225144
2020-03-18,28.575767601652245,28.966881236919058,24.957962279236146,25.251298904418945,410092
2020-03-19,23.46684215184016,24.57907343731924,22.733503334595152,23.9190673828125,871928
2020-03-20,24.689072842891093,26.265750511124523,23.72351083908566,25.263521194458008,268892
2020-03-23,22.745725631713867,23.22239510095316,22.745725631713867,22.745725631713867,53876
2020-03-24,22.745725768770704,23.94351097868724,20.47237475183038,20.667932510375977,258804
2020-03-25,21.499049016144,21.69460678100586,19.677925023898272,21.69460678100586,107648
2020-03-26,22.00016409545564,22.770170211791992,22.00016409545564,22.770170211791992,28620
2020-03-27,23.90684630632804,23.90684630632804,22.892393897796847,23.857955932617188,188360
2020-03-30,23.442393747803404,25.043515429703632,22.6723877530078,24.371288299560547,994224
2020-03-31,25.471300701844427,25.581302642822266,24.505738677019995,25.581302642822266,172516
2020-04-01,26.85242080688477,26.85242080688477,25.789079967932235,26.85242080688477,307128
2020-04-03,25.91130140189697,28.08687330769312,25.66685516225644,27.41464614868164,137784
2020-04-07,28.355765502670515,28.783546447753903,27.854649935296347,28.783546447753903,51844
2020-04-08,29.333553345698547,30.21355957307409,28.355768234175265,30.103559494018555,223700
2020-04-09,30.31133712366322,31.338010699602943,29.38244056259241,29.79800033569336,125532
2020-04-13,28.8691027668884,31.04467484136529,28.355765996837587,29.93244361877441,132776
2020-04-15,30.763561478509867,31.423567500150508,29.88355531463264,30.641338348388672,499108
2020-04-16,30.653561638134185,31.399121618499457,29.83466703315338,30.519115447998047,104228
2020-04-17,31.76579111419838,31.94912581135222,30.31133659610202,31.081342697143555,304144
2020-04-20,32.450239872980994,32.450239872980994,29.52910791477497,30.00577735900879,388488
2020-04-21,29.333551894120664,30.54356016376234,28.51465727673853,28.88132667541504,407072
2020-04-22,28.47798663276693,28.8568790464039,27.646869053321723,28.636877059936523,134756
2020-04-23,28.79577147871097,29.79800081712603,28.79577147871097,29.13799476623535,68832
2020-04-24,29.07688143716419,29.07688143716419,27.87909627342939,28.03798484802246,75708
2020-04-27,29.076881550195907,29.43132974214945,27.866873322953182,29.22355079650879,148860
2020-04-28,29.8102205387407,29.8102205387407,28.16020829050833,29.309106826782227,55152
2020-04-29,29.30910762185035,30.76356215634901,29.30910762185035,30.48244857788086,290980
2020-04-30,31.47245724261108,31.47245724261108,30.29911440136176,31.00800895690918,288500
2020-05-04,29.82244674051091,30.482450963367423,29.46800037360225,29.675779342651367,107732
2020-05-05,29.49244186901879,29.944667080504484,29.08910516391864,29.12577247619629,71764
2020-05-06,28.881326168825325,29.4313302571928,27.78131799209037,27.9402084350586,181468
2020-05-07,28.037986079331112,28.57576898572541,27.365758845071,28.196876525878903,58928
2020-05-08,28.58799123280032,28.84466056859646,27.52465030517375,27.85465240478516,50292
2020-05-11,28.6246587689836,28.82021653729368,28.02576613412176,28.14798927307129,48252
2020-05-12,28.55132430244109,28.55132430244109,27.26798141998078,27.61020469665528,368244
2020-05-13,28.57576849746233,28.844659013576543,28.09909716596365,28.64910125732422,103592
2020-05-14,28.60021335791001,29.22355208734245,27.879097613252664,28.1357650756836,248576
2020-05-15,27.879097080321305,28.55132430451604,27.6224277578198,28.02576446533203,25028
2020-05-18,28.00131922628775,28.72243493177561,26.86464376875827,27.32909202575684,111472
2020-05-19,28.037984431364336,28.062430548609463,26.69353004186605,26.82797622680664,67280
2020-05-20,27.35353686227016,27.35353686227016,26.00908243250241,26.400196075439453,327340
2020-05-21,26.40019722361773,26.4368645372015,25.666858411850576,25.99686050415039,289192
2020-05-22,26.167971770976727,26.497973835008267,25.520188836410004,25.76463508605957,59472
2020-05-26,25.972415669191417,27.04797960872274,25.77685791110317,26.71797752380371,300484
2020-05-27,27.01131206230867,27.31686989106781,26.64464266779769,26.840200424194336,61160
2020-05-28,26.74241986285797,28.17243003845215,26.74241986285797,28.17243003845215,80020
2020-05-29,29.26021384578784,29.296881154361863,28.11131727698023,28.636877059936523,657916
2020-06-01,29.21132878559392,30.06689071655273,28.844659386611564,30.06689071655273,289976
2020-06-02,31.240232184556152,31.570232391357425,30.80022817886728,31.570232391357425,155720
2020-06-03,32.755798993761296,33.14691450357882,31.7780139491714,32.8046875,449000
2020-06-04,33.9291404365521,34.39358682217913,32.56023993688223,32.7069091796875,500668
2020-06-05,34.19802863453498,35.71359835748584,33.40357832780747,34.61359024047852,1075616
2020-06-08,35.90915460547666,38.07250552878912,35.90915460547666,37.90139389038086,1907416
2020-06-09,38.84251002016437,40.26029910328825,35.224708281787976,35.762489318847656,1202908
2020-06-10,36.37360844770327,37.40028211264783,34.62581524825725,35.175819396972656,328236
2020-06-11,35.0291490915788,35.05359147910935,33.48913693890831,33.64802551269531,361024
2020-06-12,31.04467554915013,37.00916290283203,31.04467554915013,37.00916290283203,566592
2020-06-15,38.62250562534211,39.78362525648373,36.97249351793034,38.37805938720703,867328
2020-06-16,39.35585063221118,41.3114208499608,38.26806544457879,39.52696228027344,807444
2020-06-17,39.71029998926466,40.26030415457291,38.57362620627607,38.83029556274414,267096
2020-06-18,39.11140241621163,40.37029918950185,38.52473287195006,39.38029479980469,253912
2020-06-19,40.11363331437347,40.30918734112275,38.48806342485383,39.08695602416992,189872
2020-06-22,39.3802918156844,40.22363062038748,37.754722037969,38.060279846191406,271056
2020-06-23,38.72028727734346,41.86142330648307,37.88917145988249,41.56808853149414,1059804
2020-06-24,42.53364673171622,44.97810918756198,42.04475424054706,42.33808898925781,745944
2020-06-25,43.266984371887055,43.266984371887055,40.0647371439072,41.22585678100586,321136
2020-06-26,41.65363552631188,43.266982114072206,41.58030464228465,42.032527923583984,354964
2020-06-29,42.02031212495069,42.03253518438447,39.80807637573629,41.44586563110352,413700
2020-06-30,41.69031030180874,42.58253765696136,40.8469714525631,41.05474853515625,353932
2020-07-01,41.53141513669015,41.91030755881061,40.57807628228068,40.9202995300293,145544
2020-07-02,41.519192044458144,41.91030375929135,40.68807265677511,40.85918426513672,112260
2020-07-03,41.15252926325728,41.629198723111394,39.40473627052033,39.86918640136719,129268
2020-07-06,40.33363369777907,40.82252622744912,39.1725139398127,39.79585266113281,218744
2020-07-07,40.18697003532191,40.70030875484226,37.76695316890768,38.58584976196289,413408
2020-07-08,39.05029179318844,41.50697756278829,37.925837454579785,39.661407470703125,779060
2020-07-09,39.62473558246955,40.26029354582546,38.81806227325485,38.98917388916016,391880
2020-07-10,38.81806435493039,39.795849332485545,38.13361412465105,38.65917205810547,214656
2020-07-13,39.49028986706745,41.262525064392165,39.23362057525731,39.57584381103516,392764
2020-07-14,39.62474602374495,39.62474602374495,38.17028758041067,38.83029556274414,170928
2020-07-15,39.56363257898639,39.64918654046054,37.91362016108536,38.20695495605469,181964
2020-07-16,38.15805795779114,38.43916963003577,37.40027315354832,37.80360794067383,212080
2020-07-17,38.64695733975012,40.06474274235897,38.52473420297666,39.06251525878906,536920
2020-07-20,39.16029280766019,42.53365217437752,39.11140429827818,41.89809036254883,748272
2020-07-21,41.55586570609944,43.02254331925589,40.93252697451714,41.44586563110352,763680
2020-07-22,41.77586279333897,45.22255642354762,40.62696615992068,43.09587478637695,1420136
2020-07-23,43.26698707386049,44.48921834713339,42.28920205524218,43.1447639465332,408436
2020-07-24,42.72920582074996,43.24254071468267,41.824755429574765,42.02030944824219,232168
2020-07-27,42.38698286638763,42.38698286638763,40.34585869494616,40.77363967895508,269264
2020-07-28,40.82252671670208,42.03253499614645,40.82252671670208,41.152530670166016,156696
2020-07-29,41.885868231262855,44.42810784863947,41.58031040561884,42.59476089477539,980184
2020-07-30,43.02254142051191,44.44033046331501,42.093644893850986,42.42364883422852,519004
2020-07-31,42.82698341079858,43.37698748815461,41.31141736585275,41.714752197265625,253308
2020-08-03,41.555866795387125,43.51143699752299,41.54364373563295,42.85143280029297,242452
2020-08-04,43.23032465460938,47.129241943359375,43.23032465460938,47.129241943359375,1343616
2020-08-05,48.64480453586499,51.83482889589112,48.27813515494138,51.04037857055664,2800152
2020-08-06,52.09150494856883,55.36708368332698,51.724835520202426,54.60929870605469,2177584
2020-08-07,54.43818388569323,57.10265048148049,53.55817954677272,56.259307861328125,1304828
2020-08-10,58.15376710535236,58.88710592751293,57.43265134288528,57.90932083129883,692784
2020-08-11,58.39821360380049,60.79378784472085,58.39821360380049,60.57378768920898,1178112
2020-08-12,63.59269714355469,63.59269714355469,63.59269714355469,63.59269714355469,367284
2020-08-13,66.77050018310547,66.77050018310547,66.77050018310547,66.77050018310547,128816
2020-08-14,70.10718758786656,70.10718758786656,63.43380736886277,68.17606353759766,2928468
2020-08-17,71.4516370414891,71.57386016845703,69.66718237172037,71.57386016845703,2043344
2020-08-18,71.86719395370808,72.6738635549399,68.50605818206357,69.09272766113281,1047604
2020-08-19,69.96051219617502,71.42718953815012,66.02492650322715,67.01493072509766,723884
2020-08-20,65.09604648992226,70.3638687133789,65.09604648992226,70.3638687133789,575408
2020-08-21,73.33387360148811,73.87165832519531,71.13385739344346,73.87165832519531,699140
2020-08-24,76.85389730430057,77.56278991699219,76.01056224192698,77.56278991699219,280620
2020-08-25,81.43726701631358,81.43726701631358,73.68832533673371,78.7116928100586,2025360
2020-08-26,77.4894605140366,82.64727783203125,75.77833678028816,82.64727783203125,808912
2020-08-27,85.31174215032611,86.7784196658045,78.51613931257263,79.23725128173828,2539016
2020-08-28,80.17837387852822,82.13394397312646,76.75612621298129,77.64835357666016,680184
2020-08-31,78.4672512903233,79.3105938909582,73.77388000488281,73.77388000488281,562484
2020-09-01,74.54389275964772,77.00057478058898,70.09496767725044,75.65612030029297,861992
2020-09-02,76.9272509690342,79.43282545853842,75.81501586604072,79.04170989990234,388928
2020-09-03,79.28614019947666,80.59392908805161,75.14277340761473,76.02278137207031,362452
2020-09-04,73.33387676703605,75.53389307004713,72.40498397861667,73.76165771484375,350888
2020-09-07,73.11388656546663,76.92725016760004,72.47832472179294,73.30944061279297,200604
2020-09-08,74.04276789397953,76.26723026880107,70.68163194463332,72.06275177001953,210596
2020-09-09,70.9138570611673,71.08496495646877,68.95828710407153,70.6082992553711,238384
2020-09-10,72.11163896942726,74.12832039823327,69.91162286527525,70.5960693359375,725288
2020-09-11,71.94053676319187,72.1116521420686,69.32496605974663,70.27830505371094,171496
2020-09-14,72.11164398498396,73.78610229492188,71.37830523259429,73.78610229492188,417480
2020-09-15,76.75612727456775,76.75612727456775,72.84498703127767,74.72722625732422,369876
2020-09-16,75.41167179070497,77.73391127858729,73.87166332480932,74.38499450683594,175624
2020-09-17,74.31166103991417,74.55610729333493,72.91831441145273,73.35832214355469,114016
2020-09-18,73.78610400370819,75.52167391653869,72.17275721910647,72.86943054199219,146540
2020-09-21,74.3116594600501,74.3116594600501,69.22718048095703,69.22718048095703,235760
2020-09-22,67.46716894524258,69.66718532389179,65.7682644244336,67.61383819580078,224764
2020-09-23,68.44494661691473,70.62051664239951,66.0004842377392,68.26161193847656,183772
2020-09-24,66.6116014833791,68.11494439184821,65.26714714151274,65.68270874023438,161144
2020-09-25,66.73382768527367,68.95829010009766,65.6338195366153,68.95829010009766,169352
2020-09-28,72.40497589111328,72.40497589111328,71.3660794196231,72.40497589111328,129884
2020-09-29,76.02279004455906,76.02279004455906,73.33388107192192,74.7027816772461,1075792
2020-09-30,76.96390773085831,76.96390773085831,72.36831349061028,73.24832153320312,176304
2020-10-01,74.06721176951129,76.58500509322481,71.72052634027797,75.00833129882812,258348
2020-10-05,75.4605538889738,77.70945472020848,75.04499231564105,76.68278503417969,202656
2020-10-06,77.46502342537262,78.2228083734723,76.7194652670263,76.92724609375,144952
2020-10-07,77.00057153381076,77.97835656916074,75.33833995767891,75.76612091064453,84828
2020-10-08,76.49945180620074,79.54280293925751,76.02277866661126,77.55056762695312,732592
2020-10-09,77.00057504778958,78.46725266774747,76.7561287777966,77.07390594482422,230624
2020-10-12,77.00058102399242,77.67280831864632,74.55611813434187,74.91056823730469,148496
2020-10-13,74.18944712717293,76.26724053930133,74.18944712717293,74.87389373779297,103776
2020-10-14,75.98612030868271,77.97835580674818,73.59054251955271,76.96390533447266,181376
2020-10-15,77.24502186716339,80.80171213689387,77.00057559543185,79.20059204101562,1268192
2020-10-16,78.77280683863206,83.16062016473155,77.00057146367448,83.06283569335938,739716
2020-10-19,87.2061996459961,87.2061996459961,87.2061996459961,87.2061996459961,120924
2020-10-20,88.48954981533912,90.76289714431137,84.82285576221733,85.84953308105469,762412
2020-10-21,86.0450852524668,88.97844043152817,86.02063913399303,86.82731628417969,259504
2020-10-22,87.75621210262115,88.48955092242021,85.80064191649032,87.60954284667969,94064
2020-10-23,88.48954422161844,91.98512268066406,86.14285868398073,91.98512268066406,414680
2020-10-26,93.72069853431044,94.111814058744,87.38954162597656,87.38954162597656,413616
2020-10-27,84.08952109936224,87.75621533334606,83.42951315328175,86.72953796386719,264720
2020-10-28,85.04285288620927,87.97620802429002,84.33396021982134,85.00618743896484,120044
2020-10-29,84.30951229467598,86.88842477424265,83.12394645979711,85.98397064208984,179372
2020-10-30,86.04509031985032,89.4673382302989,84.5906319739463,85.73953247070312,200452
2020-11-02,84.35840469120399,90.01733404263594,84.35840469120399,89.18621826171875,371376
2020-11-03,89.46733340182107,90.7017840617901,88.19620983400685,88.95399475097656,335500
2020-11-04,88.95398826204796,93.35402073133218,88.48954188227167,92.49845886230467,582648
2020-11-05,93.36624167117816,95.27291930446964,92.15622983395782,93.2440185546875,497032
2020-11-06,97.90073480448709,97.90073480448709,90.04178842140195,91.19068145751952,1598024
2020-11-09,91.91178602594344,91.91178602594344,86.63174576225887,88.45287322998047,552488
2020-11-10,90.42067711682384,90.42067711682384,84.70063567978134,85.0306396484375,325376
2020-11-11,85.0672915853195,87.97620035157168,84.3706183088031,86.54618835449219,313068
2020-11-12,87.97621209174332,90.8729019165039,86.35064586954944,90.8729019165039,490540
2020-11-13,92.15623775141678,94.60070029124216,90.8606755892724,91.33734130859376,391512
2020-11-14,92.33957415353866,93.8673632692491,91.41068135514983,92.91402435302734,133376
2020-11-17,94.35625719249948,96.5562735519101,93.65958385337122,94.55181121826172,521400
2020-11-18,95.70071341245227,99.2696303982316,93.62292014551528,96.0673828125,1484000
2020-11-19,94.930712568291,97.5096177904692,93.1340309516515,93.525146484375,467808
2020-11-20,94.7107078082652,97.41183603686764,94.3807038604498,95.13848876953124,408344
2020-11-23,96.12849222262042,96.80071944096042,94.85736868034162,95.62738037109376,234628
2020-11-24,96.53183040516296,97.2896153331566,92.95069404631356,95.45626831054688,304524
2020-11-25,96.06738154013098,100.22296801896616,94.79625798617116,96.73960876464844,731504
2020-11-26,96.8618344712893,99.48963187334952,96.8618344712893,98.59740447998048,426416
2020-11-27,99.24517739089748,102.9118711368666,99.06184270359904,102.22742462158205,531524
2020-12-01,103.4007635677562,106.089672313017,102.83854017771014,103.88965606689452,486992
2020-12-02,105.94300855388184,108.53414042538846,103.40076891878223,107.54413604736328,1023608
2020-12-03,109.85414046011402,111.21082158900488,108.7785784794893,110.28192138671876,796032
2020-12-04,111.72416912871712,115.37864399340376,104.76967694870385,113.70418548583984,1255996
2020-12-07,115.62307809585522,118.38531778098977,113.7897311915869,117.74976348876952,867052
2020-12-08,118.5931133941737,121.0009107876882,114.05863780215408,115.6842041015625,794884
2020-12-09,119.04532457819715,119.04532457819715,115.13418455098738,115.80641174316406,381580
2020-12-10,116.84531460598494,118.0064343640988,110.79526955054952,116.53975677490234,816212
2020-12-11,117.57864687970486,118.54421255633908,113.66750685875834,115.09751892089844,430120
2020-12-14,116.12419646252044,118.5564398095876,113.69196057536138,117.40753936767578,452212
2020-12-15,118.53199307768833,119.77867052822904,116.47864593204314,116.9430923461914,333224
2020-12-16,117.82308972627196,119.28976719174425,116.60085850504508,116.9308624267578,280360
2020-12-17,117.67642696317742,118.53198886511562,116.35641866359715,116.77198028564452,284996
2020-12-18,118.18976855436831,118.18976855436831,113.66751267379787,114.35195922851562,414272
2020-12-21,114.3764024144194,115.62307981989238,108.6441421508789,108.6441421508789,271920
2020-12-22,110.48971002641812,110.48971002641812,103.2174337580864,106.1263427734375,602152
2020-12-23,106.12633206728202,110.4896988800808,106.07744729593422,109.62191772460938,264768
2020-12-24,109.1574723035317,115.09752078235644,109.1574723035317,110.7952651977539,1204496
2020-12-28,109.78081162609838,113.42305923453624,109.78081162609838,112.50638580322266,634932
2020-12-29,113.15417992598056,113.67973792859516,108.925262325518,109.75637817382812,375312
2020-12-30,110.95415140960452,113.17861377711904,107.81301560437036,112.07860565185548,351860
2020-12-31,112.8119418423822,117.6764206161936,112.13971466997366,116.03863525390624,1032052
2021-01-01,116.35643158249503,121.83202687086604,116.34421225221662,121.78314208984376,679768
2021-01-04,123.20091721924234,127.86983489990234,123.20091721924234,127.86983489990234,1001284
2021-01-05,132.0009655613058,134.26209321212448,129.31205700357552,131.27984619140625,1584924
2021-01-06,132.0009631825092,132.41652475426872,124.71646856862236,126.5620346069336,773484
2021-01-07,127.84538410094471,131.9520779676431,127.84538410094471,130.37539672851562,584872
2021-01-08,131.76874927329226,136.52323186286444,129.9965139447233,130.58319091796875,632020
2021-01-11,131.9520755415609,136.8898925051747,126.13425809405383,131.7198486328125,549528
2021-01-12,132.19652575809732,136.64545038241806,130.80317918347288,131.36541748046875,453360
2021-01-13,131.02318961296766,134.37210621203823,130.04540461585594,131.43875122070312,364136
2021-01-14,133.46764571794117,133.46764571794117,127.38092843430714,128.08982849121094,382276
2021-01-15,130.0454134473582,134.49433847031,125.64538066154536,133.1987762451172,822456
2021-01-18,135.66767904772675,136.40101785339016,127.380944575804,129.14096069335938,490776
2021-01-19,130.77872204860049,134.2009689807134,129.55649100141733,131.35316467285156,393496
2021-01-20,130.72985124144245,133.76099070300165,129.82539713437922,131.3776397705078,308856
2021-01-21,131.51208539865553,132.97876293098253,125.11981731224516,126.28092956542967,291796
2021-01-22,127.80871984993932,128.7987391293173,119.9742202758789,119.9742202758789,461644
2021-01-25,120.02311188682144,122.73646682471689,113.985286370059,115.41529846191406,656268
2021-01-27,115.50086232722354,116.39308971882788,109.64637118931954,110.63638305664062,552596
2021-01-28,109.707478854282,112.42083384092604,106.33412343947558,111.05193328857422,639684
2021-01-29,112.45750116767566,116.60086834111888,112.45750116767566,116.53975677490234,485008
2021-02-01,120.02311608091608,122.35757492703996,110.97860427848453,122.11312866210938,2616424
2021-02-02,124.0320311423016,126.54983210254493,118.5564363965852,124.93648529052734,928076
2021-02-03,124.69205986770176,131.18211364746094,123.93427484118804,131.18211364746094,879932
2021-02-04,133.47193959913713,134.20664752353605,127.618760489024,130.79025268554688,1226272
2021-02-05,132.49232499211672,132.98213026010976,125.76974469937817,126.94527435302734,820712
2021-02-08,129.40654986536006,129.40654986536006,118.826753734479,120.55331420898438,889860
2021-02-09,120.24719237974968,124.81462497435604,119.12063877714792,120.6390380859375,374872
2021-02-10,122.1819128831944,123.27173250728816,118.77776803630236,121.17781066894533,399160
2021-02-11,121.839058698619,125.36565508377178,119.41452415094116,123.65133666992188,508792
2021-02-12,124.41052851246695,124.60644761507872,121.22679451510068,122.8064193725586,554132
2021-02-15,123.43091631655966,124.61869547826171,120.24718236395,121.59414672851562,330024
2021-02-16,121.03088339843698,125.4146315308452,120.00228935726918,121.36149597167967,506420
2021-02-17,122.15742530596869,125.80648036603702,120.9818957056502,121.82681274414062,345720
2021-02-18,122.9411149112208,130.17798432333342,122.13293925691602,127.7289581298828,775668
2021-02-19,127.59426584864448,130.77799992932083,124.16562914637764,125.622802734375,562184
2021-02-22,126.1615960257863,130.39840854204323,124.96156715779472,126.4554672241211,630756
2021-02-23,126.85956389656914,140.5006435444795,126.22282302982444,137.9781494140625,1626432
2021-02-24,141.50470139598676,145.03130436908503,137.63524379484645,142.65574645996094,1096336
2021-02-25,145.96196095233648,151.34981857138246,141.0883928542225,143.07211303710938,1688208
2021-02-26,139.594478690895,147.43136170512068,138.4679327366673,141.74961853027344,812876
2021-03-01,142.77820103076948,147.67625252410636,140.3169331449011,143.05984497070312,616944
2021-03-02,144.2476352147012,146.20685606651378,142.04351175641204,142.80270385742188,292004
2021-03-03,143.75780829455542,149.65995424035893,143.75780829455542,145.00680541992188,698848
2021-03-04,143.47618426621594,147.92117249833777,142.60678301341673,143.88027954101562,418936
2021-03-05,144.97009766675788,145.6558219600964,136.65565137239815,137.6964874267578,534064
2021-03-08,139.11693165878842,141.55371574109734,137.63527378286625,138.40672302246094,278124
2021-03-09,139.59450172566048,140.36595100373893,128.5983674527639,131.04739379882812,594952
2021-03-10,132.22294204288224,136.37402985559493,132.01476582913378,135.61483764648438,345328
2021-03-12,136.86381669332468,138.3699737137007,135.9331897711557,137.56179809570312,380020
2021-03-15,139.27611623349932,157.03155532297973,135.56583574125068,154.34986877441406,3470900
2021-03-16,159.1867028407971,162.61533951736808,150.05183811346683,152.7212677001953,1434452
2021-03-17,153.0518966155141,155.02335973317133,147.0027988623003,148.26405334472656,565476
2021-03-18,149.4395806381961,165.06436469222928,149.0110010562801,152.4763641357422,3178952
2021-03-19,150.5293996898114,158.89281510129902,146.23134679842346,157.3866729736328,1379700
2021-03-22,158.20707677413796,168.8358554033563,157.96217417851236,164.68475341796875,1507096
2021-03-23,165.79906983094287,177.29725055838333,165.52968293436209,173.80738830566406,2115868
2021-03-24,173.68494175024006,175.99927450752455,166.77868485059344,169.876708984375,962360
2021-03-25,169.50935462214974,181.8401955753641,162.627582023019,174.57882690429688,1593748
2021-03-26,177.67685344546032,181.5708111402868,171.6399977938485,175.9747772216797,903712
2021-03-30,178.38706086898927,184.9014640882633,175.11760217114534,178.0809326171875,1091088
2021-03-31,178.72991956794337,180.71363965289927,175.5094592550555,176.04823303222656,274948
2021-04-01,177.5666444581185,189.06482563904245,176.57479182091916,185.95455932617188,1357608
2021-04-05,187.5953973816461,197.6364042911076,183.5422622162632,194.0730743408203,1897524
2021-04-06,194.9424892893174,199.3507365345532,188.84440795433983,190.4485321044922,657500
2021-04-07,193.4730757242185,197.1343729948627,190.53424419423035,194.6486053466797,429088
2021-04-08,196.41190047896336,205.70595786148564,194.69758214560585,197.63641357421875,970956
2021-04-09,198.6160070152945,201.38340338368053,195.4322732406968,198.3833465576172,311172
2021-04-12,193.4730518521745,194.9424674358619,183.4075610829831,183.9463348388672,835668
2021-04-13,190.77915022531124,190.77915022531124,180.95856066646544,187.5464324951172,268920
2021-04-15,188.5750080455072,194.4526706339385,184.2279867561464,189.0403289794922,380244
2021-04-16,190.69344256079503,191.75876304307727,185.6361971732472,188.48931884765625,215956
2021-04-19,181.47283142538515,190.87709749451312,180.4932209993372,188.01173400878903,376168
2021-04-20,190.5832306351984,192.9832734320014,186.1259997567526,187.42398071289065,242244
2021-04-22,188.70970493570584,200.35482116211537,186.94640313744875,198.9711303710937,714448
2021-04-23,195.43227925466937,204.49367566121416,194.69757143792248,196.3874053955078,360472
2021-04-26,198.6160043601695,203.2691536608393,198.3833439056024,198.8853912353516,255392
2021-04-27,200.8201548829568,214.277557275928,199.9752378271469,212.25711059570312,885444
2021-04-28,214.7061368672336,217.37556654271376,210.0774712209036,211.47341918945312,462968
2021-04-29,213.530596650794,219.9225489427803,213.530596650794,217.0694274902344,355580
2021-04-30,213.79999190879948,231.4329809322056,213.79999190879948,228.8002777099609,735000
2021-05-03,233.392192749666,264.7642118400969,232.9023875182921,241.0331573486328,1619356
2021-05-04,247.3516431241999,251.75989022938367,230.3309112458515,233.8942413330078,773280
2021-05-05,237.5555405125228,251.67418248184524,236.6126714081132,242.67401123046875,565488
2021-05-06,244.9026214358893,249.7761895815314,240.1147781763516,242.5025787353516,501428
2021-05-07,245.1475340340406,249.7761997466186,241.9148163099917,246.31082153320312,491012
2021-05-10,253.474210354004,269.1112365789005,252.2496972605064,257.6865234375,1047472
2021-05-11,254.6987237843512,268.168367830639,248.9557543787182,261.7274169921875,576084
2021-05-12,266.94383889094576,276.7154587890488,259.8906319235821,264.2866516113281,1350992
2021-05-14,265.4499638806012,265.9887377028724,224.3308067513649,232.8779144287109,2489908
2021-05-17,232.6574812813733,243.6413574449052,226.1185785547735,240.8372344970703,681404
2021-05-18,244.6209841418666,247.0700104232996,233.02485067834945,236.257568359375,466612
2021-05-19,236.5759228113561,242.25766639014813,228.2614761578,230.1962127685547,562376
2021-05-20,229.4247714566684,229.4492706872734,185.84434723239733,212.8938446044922,1134548
2021-05-21,217.9633423317954,224.8206160231328,212.0856791677919,215.58778381347656,865460
2021-05-24,214.2898092446869,224.8206227275687,207.06518139015176,222.910385131836,1334392
2021-05-25,225.28592280192456,239.60046877214643,224.82060185170403,234.1024169921875,1625084
2021-05-26,251.0251789955637,256.65793910961054,240.2127226236628,243.6781005859375,3901476
2021-05-27,242.45357686823064,244.16789508851107,235.84120659000607,237.0657196044922,971248
2021-05-28,243.67809389625288,246.029152943722,237.6779800264456,238.8290252685547,684472
2021-05-31,240.0045632990605,242.2086868395621,234.261593973442,235.87796020507807,775944
2021-06-01,240.00456476137592,240.44538648262824,223.35118679834167,226.3879852294922,833728
2021-06-02,227.759431704446,240.24946505598007,227.3553364110639,236.08612060546875,967648
2021-06-03,237.53104136443744,240.98416209836483,234.6901621922376,236.8575592041016,542680
2021-06-04,238.535151015066,239.0249562532899,235.35141696661023,236.4044952392578,355416
2021-06-07,237.26164157603247,246.12711889801204,237.26164157603247,240.9351806640625,997016
2021-06-08,243.43319223864856,244.4250448110529,240.02904000996608,242.20867919921875,368868
2021-06-09,244.3638325384407,255.8987549700288,242.80870687228648,247.2047119140625,1405024
2021-06-10,250.04558153059656,287.8952943952495,249.3108736514665,271.3153686523437,3343192
2021-06-11,285.2871020260359,313.9651962676728,281.6380465739655,307.8181457519531,3190636
2021-06-14,316.16927993816824,369.3743737155246,308.8344584848801,368.3457946777344,6535912
2021-06-15,379.5990814249635,379.6113385147588,345.5576154133055,350.67608642578125,2019692
2021-06-16,353.6393811971339,365.8845121250125,345.3126921661765,352.4638366699219,1436912
2021-06-17,351.435238611188,363.68036887638624,336.75333938135043,341.74932861328125,718756
2021-06-18,324.7408411351093,335.5042982326973,324.6673583984375,324.6673583984375,465708
2021-06-21,308.44257389978026,340.8921690612982,308.44257389978026,333.0063171386719,430220
2021-06-22,340.4146636008134,346.0474242215463,316.3774639293568,332.8104248046875,140648
2021-06-23,340.3411524972824,340.3411524972824,319.35301032587245,323.6877746582031,159368
2021-06-24,337.8432077365102,339.8513975206269,325.73278357824995,328.3409729003906,174264
2021-06-25,334.7818731185916,338.21050971234456,321.3122293574193,324.3122863769531,157896
2021-06-28,323.27146529670176,330.43486708452645,308.099759622163,315.44683837890625,219100
2021-06-29,315.92439339142106,325.58579020792945,313.7202697165972,323.6755676269531,100352
2021-06-30,325.72050889363425,328.5124049489337,315.92440336299865,320.76123046875,114428
2021-07-01,323.2714703589986,327.1899124239562,315.6794888581433,322.7326965332031,91084
2021-07-02,322.7326590795767,326.94497185242443,315.6794522230525,319.4509582519531,161344
2021-07-05,322.04696648562725,325.4388620166928,314.69988740230497,321.5939025878906,130448
2021-07-06,322.0469527456358,337.6717522210125,321.59388886722894,337.2186584472656,467684
2021-07-07,339.1411306938147,354.06793212890625,337.9655862617262,354.06793212890625,356864
2021-07-08,366.1294060158044,367.3539190794024,357.8027171833379,362.3456726074219,344948
2021-07-09,367.3539068135094,368.0886146271365,350.21072449554566,355.3659362792969,160484
2021-07-12,364.415077029336,364.904882240397,342.8636477426549,344.88409423828125,125896
2021-07-13,349.7209225166419,352.65975379829433,343.1330364145368,344.9208374023437,78484
2021-07-14,345.3127285120881,348.96178389174526,341.66367313243086,343.6228942871094,76316
2021-07-15,345.55761981052086,347.7617435371649,337.9656380854138,343.3657531738281,134780
2021-07-16,347.0270487293179,348.98626989363305,344.3331196283846,345.2270202636719,72352
2021-07-19,349.9658587656111,362.4803771972656,347.76173509248963,362.4803771972656,225680
2021-07-20,372.1295029891862,380.6031270222451,353.9087434580323,368.247802734375,474656
2021-07-22,372.2519961680995,386.65228271484375,372.2519961680995,386.65228271484375,246372
2021-07-23,397.9667633059737,405.9750671386719,386.9461452451929,405.9750671386719,322316
2021-07-26,424.66112930797385,424.66112930797385,385.7216139908067,408.9138793945313,265448
2021-07-27,416.08954099671433,416.08954099671433,399.1912606384016,413.8976745605469,237676
2021-07-28,434.5919384851183,434.5919384851183,420.0079761031112,434.5796813964844,560852
2021-07-29,452.5800721010004,452.5800721010004,412.90584500123737,425.9591674804688,462384
2021-07-30,423.6815515953285,432.25314367962704,410.7017121533907,413.19970703125,210664
2021-08-02,410.2119025741342,424.857091710738,394.53813435637625,404.3464965820313,376684
2021-08-03,410.6423063192227,414.078643610597,386.587945279603,387.9992980957031,473476
2021-08-04,393.9515394677889,396.65151886601046,368.6085510253906,368.6085510253906,515636
2021-08-05,350.1873256352004,382.41527441807176,350.1873256352004,375.567138671875,502040
2021-08-06,366.9517660615519,381.433474554951,363.26997576662,369.7990112304688,181344
2021-08-09,373.08807774018544,373.08807774018544,351.3164367675781,351.3164367675781,348116
2021-08-10,343.8791952327806,343.8791952327806,333.7542724609375,333.7542724609375,280472
2021-08-11,317.0757880521918,349.77007346009947,317.0757880521918,346.4932861328125,794288
2021-08-12,347.3155480196278,348.5428114401918,333.81565039342314,342.6519470214844,243824
2021-08-13,343.6337365832645,343.6337365832645,325.5193176269531,325.5193176269531,353212
2021-08-16,312.9521710986966,336.2701760040897,309.761286216906,323.7643737792969,361284
2021-08-17,311.7249265072558,332.8338585384558,309.29493880418994,319.2848815917969,187644
2021-08-18,327.1884198353229,329.1029627090758,313.1976171867007,317.7630310058594,225516
2021-08-20,301.8822631835937,301.8822631835937,301.8822631835937,301.8822631835937,207620
2021-08-23,286.7991638183594,286.7991638183594,286.7991638183594,286.7991638183594,133704
2021-08-24,272.4647655643406,294.00323872013325,272.4647655643406,278.0365295410156,934988
2021-08-25,279.81603353761966,285.9032715153611,266.5615898437324,279.6196594238281,531392
2021-08-26,279.6196930565854,281.7796887181653,265.64117431640625,265.64117431640625,411872
2021-08-27,252.81624592525856,278.9201309562097,252.81624592525856,278.834228515625,626368
2021-08-30,283.9887574906546,290.86143269353994,281.7796833182986,288.0387268066406,461248
2021-08-31,289.60964330647084,290.05144018376706,277.61928504539804,283.6083068847656,173572
2021-09-01,279.66882342493835,287.15513107079533,269.4334274529454,278.06109619140625,453260
2021-09-02,276.8706450500903,285.35104780324195,269.5070640647155,283.0928649902344,186388
2021-09-03,272.4770234271116,285.2160239488204,270.7343153317977,282.209228515625,281048
2021-09-06,277.36152680742936,278.09788484320126,268.1079728095561,270.07159423828125,450160
2021-09-07,263.86161804407703,263.86161804407703,256.5716857910156,256.5716857910156,448140
2021-09-08,256.46123196646903,269.3966064453125,245.40359150188456,269.3966064453125,504708
2021-09-09,282.85968017578125,282.85968017578125,282.85968017578125,282.85968017578125,60980
2021-09-13,296.9977111816406,296.9977111816406,296.9977111816406,296.9977111816406,181132
2021-09-14,311.84765625,311.84765625,304.6436254767065,311.84765625,1541284
2021-09-15,327.4338684082031,327.4338684082031,327.4338684082031,327.4338684082031,460336
2021-09-16,343.80555265973635,343.80555265973635,326.45206038230265,332.23248291015625,1845288
2021-09-17,325.96117483794507,326.1943429102516,315.627622501619,317.1248779296875,1061796
2021-09-20,301.26861572265625,301.26861572265625,301.26861572265625,301.26861572265625,134916
2021-09-21,286.2101135253906,286.2101135253906,286.2101135253906,286.2101135253906,113652
2021-09-22,276.8706233322645,300.51998308273164,276.8706233322645,300.3236389160156,1096604
2021-09-23,305.34310367255773,308.6321752512377,298.224976657683,300.81451416015625,319668
2021-09-24,301.9068115293611,304.11588576006375,285.952386529842,289.70782470703125,294056
2021-09-27,287.17962032869343,294.29774767017386,282.2705669897414,283.767822265625,314436
2021-09-28,285.9523721389802,293.07049985746124,284.23420337934687,287.3514404296875,279620
2021-09-29,284.970586932597,301.71044921875,282.27060721144403,301.71044921875,357864
2021-09-30,307.79765953706146,316.7935062169854,301.2686242666512,313.92169189453125,862100
2021-10-01,311.2585536555124,322.77029093693943,307.061318602366,314.4003601074219,330360
2021-10-04,317.86123288583894,319.08849633327463,313.1976317855834,314.80535888671875,320220
2021-10-05,314.80535898846614,318.10668567814054,310.509936921053,311.58990478515625,262048
2021-10-06,312.81715240280835,317.86121690313786,309.2826578219043,310.97625732421875,331236
2021-10-07,313.4430494490296,316.9652891570761,310.4976175043245,315.2102966308594,314496
2021-10-08,316.6339477073971,325.2861544180062,316.6339477073971,320.0457458496094,443668
2021-10-11,326.2066112476391,336.0370030523984,319.5793888972356,335.0429077148437,683284
2021-10-12,335.0428818211411,351.7950259121982,334.8219684340372,340.1973876953125,939536
2021-10-13,341.91557718579804,348.5427994284517,329.1520380517984,342.9955749511719,660648
2021-10-14,341.2283106993901,346.37056242759223,331.3611247474601,333.0056457519531,694692
2021-10-18,349.6473388671875,349.6473388671875,344.12465362709503,349.6473388671875,288228
2021-10-19,367.1235857517137,367.1235857517137,353.07141889310134,359.1831970214844,1437368
2021-10-20,362.0426909148776,363.9817730146473,341.22829236067594,341.9278564453125,805256
2021-10-21,346.088260145722,355.8695429240104,338.72468014262154,351.3777770996094,611644
2021-10-22,358.6063820695604,360.6681906694392,333.81566024271194,334.2942810058594,1007320
2021-10-25,347.31556330940145,348.2973740890747,316.8794291395317,322.2793884277344,1049396
2021-10-26,332.8338426217614,354.4827575683594,332.8338426217614,354.4827575683594,451424
2021-10-27,367.197195080328,389.9261063768943,363.2699523521962,384.3298034667969,1557252
2021-10-28,365.9699242103877,367.9335455341188,347.7573484177749,354.9736328125,461502
2021-10-29,353.45189767965405,353.45189767965405,337.2520190360033,344.12469482421875,134284
2021-11-01,353.4518438511352,355.4154652058637,333.8156303038499,340.0992126464844,132529
2021-11-02,333.9138664371286,333.9138664371286,323.1139473989312,324.6357421875,175150
2021-11-03,312.9031210152013,339.36290469558105,312.31402852939294,324.8811950683594,122552
2021-11-04,333.8156253158771,341.0810182273142,333.8156253158771,340.8846740722656,131353
2021-11-08,346.57916992368587,346.97188820305723,329.8883883692874,333.6683654785156,152653
2021-11-09,333.81563369541954,335.7792550700985,320.4139238057326,322.5248107910156,173745
2021-11-10,315.1612668676596,315.1612668676596,306.42315673828125,306.42315673828125,484228
2021-11-11,293.6105270847377,305.0486476277521,291.7450924344251,300.3359375,463149
2021-11-12,298.47044049540546,300.335874756005,285.3632621982585,291.2050476074219,540708
2021-11-15,291.2050723438661,291.9414304010594,276.6742553710937,276.6742553710937,410933
2021-11-16,267.101608691485,288.4559929947875,266.26709350479376,279.3251647949219,548507
2021-11-17,276.87062620008635,293.2668773962205,276.7233605829026,287.5723571777344,435669
2021-11-18,289.1432765272797,289.1432765272797,273.5815695739762,284.47967529296875,323114
2021-11-22,282.7614886548432,282.7614886548432,270.29248046875,270.29248046875,179522
2021-11-23,259.4434981248731,279.71788470107435,256.7925970388862,265.48162841796875,1025527
2021-11-24,263.12527264668665,273.82700348944667,259.3944039001233,260.6707458496094,467795
2021-11-25,262.0944038024597,269.0161579246499,261.1616715618864,263.2234802246094,192703
2021-11-26,262.04529167114595,262.14347874182386,250.0672031293788,250.4108428955078,470027
2021-11-29,245.3544896107278,267.83794880155955,227.1419129865188,264.401611328125,577054
2021-11-30,265.0397953726295,272.9433590730242,253.06169352903595,259.0998229980469,361083
2021-12-01,259.09986553982964,265.03983888970055,256.2526201968072,259.0016784667969,124065
2021-12-02,259.1980400095142,263.2725486611059,250.4599302592665,258.3634948730469,169186
2021-12-03,258.21619786706395,262.2416274764996,256.3507636468327,257.38165283203125,144193
2021-12-06,257.23440770748954,258.5107496538685,247.907205901302,248.69265747070312,205638
2021-12-07,251.24534056727333,258.2162022087515,249.72354603734817,255.12350463867188,213035
2021-12-08,259.09984409739417,264.5979901448491,256.0562248601882,262.388916015625,217646
2021-12-09,265.0889061148527,265.0889061148527,254.63262747726407,260.3271179199219,202007
2021-12-10,260.1798329710057,264.499794016518,258.2162115900924,259.2471008300781,210121
2021-12-13,262.53619022535617,269.4088655190173,262.14347191535853,265.2852783203125,255275
2021-12-14,267.0524785477345,268.96702116937433,260.179804467462,261.4561462402344,213346
2021-12-15,260.3762541726888,261.4562221574724,251.04903594565545,256.1544494628906,274699
2021-12-16,256.2525971987259,258.9525766711262,248.0053931664364,248.9381103515625,232379
2021-12-17,248.3981291957836,250.26356369922283,242.5072644717729,244.2254333496093,210462
2021-12-20,239.56181046769427,243.39086619988583,229.7927970124937,236.1254730224609,322030
2021-12-21,241.2308825562998,242.26178677285827,234.65275395628424,236.27273559570312,217464
2021-12-22,236.6163794361832,242.31088451014887,235.63456873312853,241.18179321289065,176050
2021-12-23,241.5254292375107,246.87629449062987,241.32907009616767,243.9308624267578,161466
2021-12-24,248.152643728473,250.0671715146996,243.4890431044957,245.8453826904297,170314
2021-12-27,249.28174481816072,249.28174481816072,239.61091786565032,241.8199920654297,200150
2021-12-28,242.01635217617573,248.152669422022,242.01635217617573,243.04725646972656,162199
2021-12-29,243.3908645313456,254.5344218769914,240.0036206405136,248.4962921142578,362325
2021-12-30,248.4962916173032,273.3360900878906,247.21993472412765,273.3360900878906,457294
2021-12-31,283.1542218880616,287.08146499320105,269.9979634783416,272.4034118652344,681056
2022-01-03,273.9252058294367,277.8524489237656,269.850697111568,271.4216003417969,252915
2022-01-04,274.9070133248126,274.9070133248126,264.5489217720331,267.2489013671875,264280
2022-01-05,269.9979336059488,271.37246254817325,265.0888802676588,266.21795654296875,199269
2022-01-06,265.28525245137104,268.91793391772103,262.73253874158127,264.0088806152344,203032
2022-01-07,265.38342955731247,279.81605933983514,265.38342955731247,273.72882080078125,405745
2022-01-10,278.68699291261623,278.8342585355426,268.37797983295707,269.9488830566406,308612
2022-01-11,271.9615901224452,271.9615901224452,261.4562026345253,262.97802734375,227611
2022-01-12,259.0507494418612,261.7998073134462,256.25258305963285,257.5780334472656,336637
2022-01-13,257.23441318446686,283.2033191722442,257.23441318446686,274.71063232421875,906738
2022-01-14,273.8269855781356,283.15418679692726,271.22519333591663,275.8887939453125,318585
2022-01-17,282.66328858717486,284.08692605719983,268.0343154576255,269.8997497558594,327114
2022-01-18,270.4888623610199,272.0106570426663,263.0270946482187,264.0580139160156,158789
2022-01-19,261.55440335431643,269.0161717756273,260.4744054313325,265.3343811035156,179499
2022-01-20,267.0525100817001,281.77967056414684,266.2670735076302,276.2815246582031,453432
2022-01-21,275.8887954791664,278.6869618528575,268.2306843156278,270.43975830078125,203744
2022-01-24,265.57980127272265,274.6124719331662,253.2089801377623,262.8798217773437,392056
2022-01-25,251.34355149727767,274.12157283671297,251.34355149727767,270.4888610839844,286034
2022-01-27,267.0525130099948,274.9069986867594,263.12527017161256,272.3052062988281,343160
2022-01-28,273.4343218812293,292.62871202470046,272.8943378984165,284.8233337402344,806383
2022-01-31,294.5431941623788,304.3613006344581,287.7687066891407,294.1995544433594,585056
2022-02-01,323.60479736328125,323.60479736328125,305.8340185436875,323.60479736328125,1772150
2022-02-02,325.470258550352,329.8884068564654,310.25219216262815,311.77398681640625,1045004
2022-02-03,316.14308401878594,322.0339489383906,307.9940661983281,315.0140075683594,482366
2022-02-04,315.1612028946433,324.88112185123407,311.38122608861306,318.0575561523437,536991
2022-02-07,321.15027146150703,324.04659491823764,315.8975784611864,317.9102783203125,373057
2022-02-08,321.10119686212425,323.9975505872167,309.3194677498618,321.8375549316406,479160
2022-02-09,324.9793655200249,333.6683968444021,324.9793655200249,327.2375183105469,589566
2022-02-10,328.9065799585029,338.7246868229358,325.2247898843405,336.36834716796875,568601
2022-02-11,333.27566548488045,333.81564940333266,322.03392060086213,326.3538818359375,388995
2022-02-14,318.10667466883183,318.10667466883183,298.0286333721784,299.94317626953125,529503
2022-02-15,294.15050208309185,308.28857066904783,290.8123515778987,303.87042236328125,331690
2022-02-16,303.91948806964314,312.1176133496743,300.4340720940685,302.9867858886719,195241
2022-02-17,308.2885468476743,308.68126511867786,295.5250082839171,298.1268005371094,235340
2022-02-18,295.5250482767696,297.97957525581256,293.5614266935353,295.0832214355469,134380
2022-02-21,305.3431779476793,312.215853978656,300.48320219792134,307.503173828125,793929
2022-02-22,298.91227355292324,301.31769174177015,292.1377558899856,298.3231811523437,323476
2022-02-23,301.41588604896657,312.70670914200605,301.36680749877337,306.9140319824219,220945
2022-02-24,289.6341650348911,298.47046159527764,276.87062555877725,278.93243408203125,524014
2022-02-25,284.725095826026,298.4213667309267,280.3560263361158,289.9286804199219,314733
2022-02-28,285.7068863002347,316.83029449044204,283.3505468387085,313.5903015136719,664082
2022-03-02,313.5903391245773,344.9100952148437,307.3067564860497,344.9100952148437,1714518
2022-03-03,361.79723107771775,377.0152964283409,350.8009396135643,357.4281616210937,1561691
2022-03-04,352.4700591611191,367.88449991722655,344.9101044030309,348.5428161621094,843330
2022-03-07,341.67011635887263,353.4518445091786,335.7792522837197,340.8355712890625,508797
2022-03-08,345.9900926015542,352.4700493622713,328.4647652131893,344.419189453125,628753
2022-03-09,346.5791948548008,353.1573388667844,341.6701411033163,348.78826904296875,440741
2022-03-10,353.45186513221495,360.275461735734,348.05190608158387,350.5555114746094,522388
2022-03-11,348.7392011341038,385.6061839479519,348.7392011341038,378.8316955566406,1623102
2022-03-14,381.9243639897381,381.9243639897381,369.1117462830455,373.3825988769531,390634
2022-03-15,367.04995998819805,370.0444708323778,350.5064426279662,354.9245910644531,722804
2022-03-16,353.4518394065322,371.1244313768588,353.3536523475336,362.8772277832031,525406
2022-03-17,370.14265272582224,378.63530972027024,364.93906773615663,372.0080871582031,629488
2022-03-21,375.297146634665,378.6352970805143,369.7008135618551,371.6153564453125,424529
2022-03-22,377.40801810207,393.7060813265381,368.17900373429376,381.8752746582031,1114519
2022-03-23,385.2625093896106,392.03699716912325,379.9116590979054,388.7479553222656,580357
2022-03-24,388.7970742277445,400.5788037497973,383.8880202602225,385.7043762207031,642481
2022-03-25,388.060713352103,392.3806748200717,380.64805389925255,382.0225830078125,347447
2022-03-28,382.0225311254491,382.6607020574871,368.2280734714801,371.5662536621094,434825
2022-03-29,373.87353555021633,376.0335312657193,362.38636732455234,365.969970703125,410781
2022-03-30,373.0390155470007,380.5989405289175,363.9081573717808,375.6408081054688,372102
2022-03-31,375.640768773198,386.83340443177286,373.4316947631181,379.4207458496094,390182
2022-04-01,380.8443622177525,397.0933471812696,378.8316622800059,383.0534362792969,719535
2022-04-04,386.14615809081664,400.5787881793312,385.94981391724025,398.17333984375,800153
2022-04-05,400.136942353351,418.44773604094456,399.9896767395402,412.16412353515625,1023379
2022-04-06,411.3296467201724,422.08045700464464,400.5788064732124,405.6842346191406,763277
2022-04-07,409.3660036185644,440.8330261265688,409.3660036185644,425.3695068359375,1864350
2022-04-08,431.0148747252186,436.9057386166794,425.4185420433375,431.6530456542969,502472
2022-04-11,438.8693965368082,474.2145828350747,435.4821375315634,468.4219055175781,1854387
2022-04-12,474.2145967438747,482.0690828183074,444.6130083433538,470.5328063964844,1760408
2022-04-13,474.2145906037039,484.03269806961913,462.48194019694085,470.8273315429688,984721
2022-04-18,470.1891279646093,475.9327264266177,459.585584621274,468.3727722167969,497391
2022-04-19,472.25096334971977,488.74537170625416,417.26956221129086,455.8056335449219,683036
2022-04-20,462.23649326425016,473.5764255060343,441.8148414659306,446.5766296386719,683256
2022-04-21,446.57662221979,450.7983964275567,433.9603481861348,437.2494201660156,514196
2022-04-22,436.9057436986234,464.3964421785368,433.5675934471306,458.3092041015625,634984
2022-04-25,446.72387395624673,449.3747748636185,422.178606156453,428.4621887207031,765635
2022-04-26,435.92396363027,439.5566753121832,412.40958468819247,414.8150329589844,612369
2022-04-27,411.37866897046985,424.53492589970176,407.5496133663441,419.233154296875,523522
2022-04-28,423.5040403314064,432.6348676169631,422.1785899286685,423.4058532714844,329804
2022-04-29,427.0876707094049,432.6840038967984,409.0223591362629,411.3296203613281,500652
2022-05-02,402.5423978811202,417.1713717140589,399.10606033823257,413.5877685546875,352097
2022-05-04,417.2695648088776,423.7986002422134,394.3442780204103,397.97698974609375,294190
2022-05-05,404.506024980419,408.8259862449942,392.7242960974942,397.7315368652344,275194
2022-05-06,390.7606786774648,390.7606786774648,367.34448628683305,372.2535400390625,539929
2022-05-09,369.209905142257,369.209905142257,353.64822937426624,360.27545166015625,408173
2022-05-10,360.324535141932,368.1790209215926,343.6337528601531,344.419189453125,415109
2022-05-11,344.81196922108865,351.8809890912606,320.6594172490697,337.0065612792969,579693
2022-05-12,333.8156520332895,333.8156520332895,316.14305869035064,321.6412048339844,449953
2022-05-13,330.37929391783155,343.6337381017564,328.6611252273227,333.913818359375,535874
2022-05-16,353.1573210805189,353.1573210805189,339.8537681065188,342.2592163085937,361736
2022-05-17,346.5301216788889,372.79355965682254,345.2537497062076,371.4681091308594,678109
2022-05-18,374.65897525402977,380.8934792937248,362.3863413028528,371.12445068359375,526058
2022-05-19,355.71001995163806,367.4426703071618,355.26822309509305,360.4227294921875,301008
2022-05-20,369.94627329726376,386.7843513877161,363.2699722782258,380.45166015625,531573
2022-05-23,304.3612976074219,317.12483589418474,304.3612976074219,304.3612976074219,1398758
2022-05-24,279.8160722299282,292.08870697685484,267.1016106471173,282.025146484375,3052184
2022-05-25,286.6887325206683,296.50683979877334,282.270584245521,286.3450927734375,1000686
2022-05-26,287.7687322703074,293.5614096112769,266.9052541624825,280.89605712890625,972327
2022-05-27,286.9341790186382,287.67053704862616,269.31066484926595,271.3233947753906,757328
2022-05-30,278.8342757401051,286.68876238067145,268.67252765637465,285.3633117675781,804996
2022-05-31,284.3814862133613,300.23772430553373,275.54518920023264,290.1741638183594,1169744
2022-06-01,293.5123197164995,299.4522624455903,289.04506306973843,289.8796081542969,398109
2022-06-02,290.12504349295324,292.08866476870924,279.0796738168256,284.0869140625,346104
2022-06-03,286.98327722099134,288.2596492045314,278.83425978275767,279.8160705566406,271828
2022-06-06,279.8160813359489,284.2342299886218,273.532498133534,277.9997253417969,164540
2022-06-07,277.99971794807715,283.743317036292,274.9070199659576,275.8397521972656,143198
2022-06-08,277.55791919928646,280.5524300901444,272.0106643281268,273.3852233886719,261321
2022-06-09,277.7051836831405,277.7051836831405,270.2924943548816,271.9125061035156,173674
2022-06-10,269.0161365057595,272.59973963094865,265.0888936370623,267.83795166015625,247059
2022-06-13,264.00888653031694,264.00888653031694,254.8780591681103,256.7925720214844,388565
2022-06-14,254.33807197153263,261.4562001656451,250.60720297202727,255.46717834472656,315490
2022-06-15,258.01984103874133,258.01984103874133,249.91991771159024,252.17808532714844,736415
2022-06-16,260.0325822787668,260.0325822787668,235.63457922863768,239.12001037597656,446000
2022-06-17,239.5127224202155,243.43996530468303,233.4745924778437,235.34002685546875,438719
2022-06-20,233.72007165877065,237.59822145066272,218.9438156342884,221.30015563964844,681057
2022-06-21,221.8892091961921,239.41453547254736,221.8892091961921,236.0763702392578,409125
2022-06-22,236.61638618616007,246.58175911395145,228.5655411876928,241.8690795898437,355459
2022-06-23,243.3908779538108,249.87083487025168,240.6908984021676,246.53268432617188,271154
2022-06-24,248.49630899630927,254.0435337899501,245.55087672048384,246.8763122558593,240845
2022-06-27,251.34357159847764,260.17986903748664,250.01812099012847,257.9707946777344,285459
2022-06-28,257.72531708538287,258.2162224512598,252.7180763609412,253.8471527099609,206827
2022-06-29,253.01264091352616,255.2707936415144,228.4673573129068,250.1162872314453,254459
2022-06-30,251.04900660933336,254.4853592269455,244.4708775588186,245.1581420898437,148187
2022-07-01,242.50723855326493,251.3435346948819,240.7399763286932,249.37991333007807,132062
2022-07-04,247.170857090626,254.09261091492203,244.61814314009243,252.81626892089844,179390
2022-07-05,255.46715759243725,260.7689294103945,251.34354064375665,252.6689910888672,236030
2022-07-06,250.36174517485148,250.36174517485148,244.470880582502,249.0853881835937,148056
2022-07-07,250.36174119773773,265.2361680646355,250.36174119773773,263.0762023925781,360673
2022-07-08,268.72157474198286,268.72157474198286,257.9707366254993,261.16162109375,605093
2022-07-11,259.19802088619946,282.7123987811344,257.8234919194513,278.5397033691406,427630
2022-07-12,276.3306167451614,281.7796538147745,269.99792612913933,271.4706420898437,358929
2022-07-13,274.80882984152373,275.74156206246823,261.161666065915,264.2543640136719,306425
2022-07-14,265.9724972812125,265.9724972812125,256.301656452075,258.8543701171875,141988
2022-07-15,259.1980640241168,261.0634986439137,253.45446456744813,257.18536376953125,138796
2022-07-18,260.1307664582806,267.73979966140564,259.3944084063653,266.316162109375,163130
2022-07-19,266.07072997207774,280.20879966813334,263.61620294281505,277.9997253417969,367667
2022-07-20,281.43607173505205,287.8178422050645,271.470697685915,272.7470397949219,356363
2022-07-21,269.01612613695744,275.9378794412541,264.8434307497966,269.8997497558594,192512
2022-07-22,270.9797365490668,277.6560369138332,269.9979259093962,271.2251892089844,155947
2022-07-25,272.40338597032064,279.1778736902,268.57430033681635,277.8033447265625,243598
2022-07-26,278.53970365559417,278.83423487645587,270.8324837765473,272.1088256835937,172255
2022-07-27,271.470665578816,279.22696431714223,269.997949490685,277.7051696777344,220246
2022-07-28,279.8160557353268,280.2578825451662,274.36701821389613,276.4779052734375,184454
2022-07-29,278.04881747482733,288.45598749563,275.3979164544424,280.6015014648437,467137
2022-08-01,281.7796790771836,292.57959709059475,279.1287781252611,286.5905456542969,716950
2022-08-02,284.72513284215273,287.42511255013864,279.2760948710308,282.46697998046875,343683
2022-08-03,284.2342098759678,284.2342098759678,274.41610245365456,276.4288024902344,311824
2022-08-04,277.8524390655502,281.7796820205403,273.23791660844245,275.2015380859375,362976
2022-08-05,278.6378437448692,282.7123818137943,277.7051416274208,280.4051208496094,314858
2022-08-08,280.4051199492698,284.7250806984043,277.6560322271061,279.4233093261719,327273
2022-08-10,279.42333932130003,288.40690149450404,278.6378727610152,286.5905456542969,565805
2022-08-11,288.6523390956727,289.8305238933017,282.7123964836295,283.2523803710937,214260
2022-08-12,283.25238890166275,293.3650271963469,282.76148354828035,285.9032897949219,425611
2022-08-16,287.670542503062,295.4759497539243,286.7378103290647,292.530517578125,407451
2022-08-17,296.5068256109612,301.612253136276,292.5305043385893,298.5686340332031,467831
2022-08-18,299.4522556108565,304.3613089815263,299.10861588241283,303.5267639160156,372295
2022-08-19,305.2449465509093,308.5340184521243,294.6414027704843,297.97955322265625,516897
2022-08-22,299.8449855558574,299.8449855558574,294.6414007654544,295.5250244140625,292767
2022-08-23,295.2304990696957,301.3177076300332,292.62867666015126,294.98504638671875,401271
2022-08-24,298.47045878343624,302.3977016621657,297.29227393482324,298.2250061035156,343794
2022-08-25,292.8933984064218,297.18831867259905,292.39973010297894,295.657958984375,242118
2022-08-26,296.2009801558087,299.16298995736673,293.3377100405269,296.8427429199219,305049
2022-08-29,287.314936748068,294.02881325193204,285.93267160093365,290.671875,256041
2022-08-30,293.18959993289894,299.85412163080446,288.74658546762856,291.6592102050781,432375
2022-09-01,291.26429094690815,295.2136372648323,289.78328607768657,290.425048828125,200330
2022-09-02,288.8946657512815,292.7452720727259,284.352911827808,285.2908935546875,226397
2022-09-05,285.34027225236446,289.38835826556,283.80991260242143,284.5504150390625,284304
2022-09-06,286.1794903779257,289.5857832221917,283.661764225779,285.2908935546875,326833
2022-09-07,283.7605021337972,290.9680766131925,283.7605021337972,286.4756774902344,249994
2022-09-08,289.1908749789334,291.26428779966363,285.8832914471876,287.1174621582031,247077
2022-09-09,288.40103055020705,291.659229319152,281.44028935310143,283.711181640625,360863
2022-09-12,284.3528906689164,291.2642456504526,284.3528906689164,289.93133544921875,249831
2022-09-13,295.01615626016275,301.68067813469463,291.75795761839555,297.0895690917969,552283
2022-09-14,293.33769155745165,304.8895109769802,290.3756819425285,299.508544921875,601935
2022-09-15,302.56931514787,303.80348590613164,286.3276159166981,290.17822265625,739437
2022-09-16,296.0035187185148,297.1883347633764,282.3782848582248,284.7972717285156,681346
2022-09-19,285.0440955944628,289.83265411921064,278.97195124784884,281.3415832519531,245863
2022-09-20,284.20483076951166,286.13011895538506,279.416242495572,280.8972473144531,244160
2022-09-21,280.4035933153134,284.0073658651486,275.3188158712072,276.1086730957031,278203
2022-09-22,277.34281412386537,282.5757156015947,276.7010514313366,281.19342041015625,275078
2022-09-23,281.193428177727,282.7731726322103,270.5795606128591,275.4668884277344,202300
2022-09-26,268.6542870209652,269.49352913261947,261.69354611607827,264.8036804199219,305536
2022-09-27,267.2720035475447,275.4668844740751,266.0871876909076,272.5542297363281,298661
2022-09-28,266.580858501103,272.80106648034774,266.580858501103,270.5795593261719,179240
2022-09-29,273.1960397911774,277.39222019554893,269.6416221283091,271.2707214355469,190168
2022-09-30,273.93651423335336,279.0706457720578,269.54285491219105,275.1706848144531,170236
2022-10-03,274.4795578351991,276.2073967784063,268.2593496921012,271.12261962890625,130228
2022-10-04,278.28080879596024,278.28080879596024,269.444134743196,271.71502685546875,276678
2022-10-06,274.43019249280303,281.1934234194476,270.6289409379037,273.1466369628906,516739
2022-10-07,274.9732086950226,274.9732086950226,269.0985446076189,272.6036071777344,112568
2022-10-10,274.4795690482978,276.4542422069186,268.80238371726284,274.1833801269531,186759
2022-10-11,274.479546472548,278.97191548646776,265.19858941660647,267.8643798828125,381915
2022-10-12,268.5555672658395,270.53024055455893,262.33535845882267,267.02520751953125,174256
2022-10-13,267.51883449239483,269.39476780049813,262.08848378776406,263.5694885253906,187407
2022-10-14,266.6796129509826,269.34540360499,254.58473999715704,259.7188720703125,163897
2022-10-17,260.70619126343865,265.14920552180445,256.75684525600235,261.3973388671875,142190
2022-10-18,263.5201001832814,264.0631533253289,258.3859685718457,260.26190185546875,153269
2022-10-19,262.5821680206335,269.5428786588254,260.8543290548718,268.3580627441406,284694
2022-10-20,268.3086924475901,268.3086924475901,260.261906041623,262.77960205078125,170036
2022-10-21,264.0137973392312,265.34670775791386,260.2619303610563,261.6441955566406,94148
2022-10-24,263.6188382798347,266.58084769870925,223.63171112502832,255.4733123779297,161533
2022-10-25,260.5580895752861,264.16186168072414,254.14040249150503,261.0517578125,186365
2022-10-27,262.6315281393104,264.7542957427836,258.4353477085131,259.1264953613281,212263
2022-10-28,259.6695125193949,261.0517776624756,256.31257427730736,257.7935791015625,115180
2022-10-31,260.6074977240373,262.5327859422377,256.6581514740416,260.7062072753906,186295
2022-11-01,260.7061952742809,265.93909689331093,258.7315222401833,264.1125183105469,138065
2022-11-02,263.6188644821604,270.23403156094014,261.7922857994119,264.8036804199219,182971
2022-11-03,264.8036719581428,267.37072285606115,263.12518778847004,265.2479553222656,93988
2022-11-04,266.5808643256485,276.0593010834511,262.6808729617698,271.9124755859375,347337
2022-11-07,276.05929385807804,278.82382402998377,271.7150192460323,277.2440795898437,331027
2022-11-09,279.95924128708367,282.3288728968794,272.8010519493598,276.15802001953125,224443
2022-11-10,276.1580453777533,280.2061011321125,268.0125188316905,274.23272705078125,430774
2022-11-11,272.01120793821644,280.40356825572945,266.58085714453154,277.6390380859375,515422
2022-11-14,279.4162490670875,284.3529319127958,277.6390552950809,281.63775634765625,323579
2022-11-15,283.6123963680717,284.9453066069911,276.45420707766783,277.540283203125,132095
2022-11-16,280.3048325078482,280.3048325078482,266.5808608812943,268.9998474121094,212174
2022-11-17,267.66695120189814,269.6909791258796,263.61886522281424,264.2112731933594,116750
2022-11-18,263.6188586313493,270.43147479447475,262.77961653832136,268.9504699707031,199810
2022-11-21,313.9730143421876,320.8843700038081,297.7313164849317,308.7401428222656,3996531
2022-11-22,310.7148268783988,310.7148268783988,297.18830398033407,300.6439819335937,666804
2022-11-23,304.8895023934261,312.93631905898803,301.3844698335588,305.8274841308594,660844
2022-11-24,307.752821169442,307.752821169442,301.1870088687544,303.3591613769531,291398
2022-11-25,303.359159585779,304.7414247505072,297.48449497178353,299.0642395019531,307568
2022-11-28,298.17564534942625,302.0262519618205,295.2136356274121,297.0895690917969,216359
2022-11-29,298.42245777072003,311.01099817295886,297.87943474699256,307.8021545410156,844373
2022-11-30,308.9375941046111,317.8730077767123,308.9375941046111,312.83758544921875,791829
2022-12-01,314.71354198747,320.8843957519302,314.4173530592247,317.97174072265625,533626
2022-12-02,318.4160559320672,329.77042691879205,316.2439033430275,327.74639892578125,667535
2022-12-05,330.4615485690906,335.6944201244653,328.48687550953497,329.869140625,511588
2022-12-06,329.3754603410144,333.7197348872879,324.8830612157836,327.4007873535156,349638
2022-12-07,328.141307651329,331.7450800241771,319.89704145188506,325.5248718261719,256423
2022-12-08,328.38812620775286,338.4589404377154,325.8704000519231,337.1754150390625,607903
2022-12-09,341.6184345891345,344.58044413759524,332.33747736351484,339.1007385253906,493457
2022-12-12,339.1501082971949,355.44116153417804,333.71975721820047,350.3563842773437,537314
2022-12-13,355.4411602806571,357.2677389361012,349.07282743984706,351.146240234375,384593
2022-12-14,352.9728076675784,360.8714998671326,347.2462678753495,359.4398498535156,433818
2022-12-15,359.3411462609778,369.46134580937024,351.78799761508645,355.0955810546875,530822
2022-12-16,350.60321656469284,361.365178983609,346.55513066460867,351.5411682128906,364797
2022-12-19,354.2563643368966,377.16258578798767,352.6272649533038,374.8917236328125,808483
2022-12-20,374.7435925426183,374.7435925426183,359.8348340644949,363.1917724609375,379157
2022-12-21,364.524681974264,367.7335258996321,302.86549972512694,336.5830383300781,731368
2022-12-22,335.69441836292367,345.46904393020844,321.1312046251204,342.4082946777344,968239
2022-12-23,336.68177377595185,340.58176531935345,308.7401606147363,312.34393310546875,637144
2022-12-26,315.9970406324515,335.8425106766928,313.0350310775236,332.6336669921875,486495
2022-12-27,337.86657942495697,363.0436614471632,335.9906158752689,358.60064697265625,916037
2022-12-28,357.2183370180209,362.6980727233952,348.6285274656446,352.4297790527344,345840
2022-12-29,355.3424163843885,370.1524645537666,347.5424637080734,365.4626159667969,538801
2022-12-30,368.07906307307,377.16257161466746,365.4132723994924,368.3258972167969,494605
2023-01-02,368.8195500228151,402.5864715197122,368.8195500228151,391.3308410644531,1908935
2023-01-03,392.4662482301297,404.8079541493162,389.9979070462924,403.8206176757813,1140254
2023-01-04,404.610504821488,408.3624017779565,386.7397374295119,393.0586853027344,761040
2023-01-05,395.92195134984905,400.8586340350092,389.8004527678024,395.8232116699219,460632
2023-01-06,395.8232191779207,400.06878444636055,380.1245739675624,384.8144226074219,531786
2023-01-09,388.171350190293,398.883957551756,386.1966771331061,392.7131042480469,438198
2023-01-10,393.74979029543465,397.8966157126293,388.0726053317929,396.6624450683594,339405
2023-01-11,398.88399316382186,407.770022714501,397.6991771712823,400.3156433105469,558486
2023-01-12,402.685222891842,402.685222891842,391.0346333800096,393.9966430664063,233414
2023-01-13,396.1194312832172,404.8079807692308,396.1194312832172,401.10546875,362218
2023-01-16,403.2282321593462,410.1395878579236,395.0333510263381,398.5877685546875,339191
2023-01-17,399.772561974124,399.772561974124,385.0612534456303,387.18402099609375,313093
2023-01-18,389.0105975059156,397.057384296121,388.516929234969,394.4409484863281,218550
2023-01-19,393.9966537842556,404.80800148615145,391.8245313671492,402.7345886230469,471595
2023-01-20,404.70925504534097,409.7446775913626,399.9700515497447,402.1915588378906,427195
2023-01-23,402.1915402744517,409.7446586793041,398.93331165688426,404.6598815917969,377077
2023-01-24,405.7953173462371,406.19024593543526,394.09537333813256,395.4282836914063,216620
2023-01-25,395.4282907006422,395.8726042033159,381.1612654131771,384.616943359375,305793
2023-01-27,387.0359281085749,389.4549147117016,363.0436619644966,374.8423156738281,400314
2023-01-30,376.9157182991772,383.6789795195055,371.633461865879,376.8663635253906,188303
2023-01-31,379.2359794288076,398.0447288794034,374.0030775723855,394.1941223144531,362973
2023-02-01,395.08270711198304,399.4269818250021,377.1625550888294,386.2460632324219,243298
2023-02-02,386.8384465653105,396.0700492941277,383.3334138804103,387.5789489746094,226764
2023-02-03,389.0106031099955,394.5396938504733,374.4967436826312,379.1372375488281,237275
2023-02-06,380.1245682377997,383.7777254914941,369.2638662881483,372.1271362304688,291966
2023-02-07,355.44115787195426,376.7182484643412,355.44115787195426,369.7575378417969,248815
2023-02-08,372.02836976843287,383.58021851754745,369.4119341496847,381.3093566894531,199588
2023-02-09,383.0865795959416,386.64099718542695,375.4840761442957,382.2967224121094,199581
2023-02-10,381.1119322360294,382.1980085354653,372.2259027279355,374.8917236328125,205890
2023-02-13,362.3525078347566,367.8322135438424,354.45381556587904,357.2677307128906,492919
2023-02-14,357.5145777558214,364.12971469120106,346.752615177095,347.9867858886719,285201
2023-02-15,348.67789750554067,353.46648581161486,348.67789750554067,352.1335754394531,154435
2023-02-16,352.97281791319426,359.2917658300316,352.97281791319426,357.6133117675781,152632
2023-02-17,356.4778651442153,360.37785674223056,353.46650058553024,358.10699462890625,160044
2023-02-20,358.4031690734526,362.352515289138,355.63863877492093,357.41583251953125,150138
2023-02-21,362.303165418954,373.2132224350433,359.6373446348268,370.498046875,358892
2023-02-22,369.2638438945768,370.54736926743146,357.66264024280866,360.1309814453125,237777
2023-02-23,362.4512799120327,365.8575731787856,354.70068140418573,356.2804260253906,237175
2023-02-24,357.90947665687366,361.3651543625263,350.553807773823,352.4791259765625,148987
2023-02-27,352.0348568514828,352.0348568514828,333.5716802912457,337.32354736328125,512943
2023-02-28,338.65643444395903,343.24754334532804,333.8184914066979,337.6690979003906,184488
2023-03-01,341.61845196519886,362.3525198590404,340.9273043162891,359.736083984375,379579
2023-03-02,359.3905237201071,364.2284670516534,353.5158588760797,355.5399169921875,193183
2023-03-03,356.87280282509647,365.3145181515561,356.87280282509647,362.3525085449219,169045
2023-03-06,364.3271817058684,371.5841112701361,360.6740244710039,367.8322143554688,200116
2023-03-08,365.6107271007257,380.7169950012824,363.3398649969434,375.33599853515625,328169
2023-03-09,376.9650785221071,384.0245588805601,368.4740083919554,372.7195434570313,322648
2023-03-10,370.25119220018416,374.54611205593017,366.5486802781824,368.6714477539063,159872
2023-03-13,368.9183275061852,374.64489806575807,354.45385183496614,358.2057189941406,168332
2023-03-14,360.3778380837288,362.30315639443234,350.7513067924511,354.89813232421875,114749
2023-03-15,360.3778419341428,372.9170282127927,357.4158322744101,368.7702026367188,319797
2023-03-16,375.1878658625142,381.7536474888845,362.4512311791946,369.7081604003906,897433
2023-03-17,372.5220512116837,385.0612368751953,370.2511893030724,382.3954162597656,399030
2023-03-20,389.2080892522839,390.9852830317983,376.17523443210894,379.8777465820313,834007
2023-03-21,380.1245798074012,382.543566458624,367.2892043853332,369.5107116699219,484217
2023-03-22,370.8436182686966,375.08915342775697,365.0183385861066,366.5980529785156,298321
2023-03-23,367.0917253566442,369.8069009291967,355.44116586141297,358.35382080078125,306269
2023-03-24,358.74873478614063,359.7854260918816,335.69442074686026,340.8285827636719,421010
2023-03-27,347.39437386979006,353.219653534278,343.5437673207977,350.94879150390625,417364
2023-03-28,353.46646049288523,356.37911516671244,350.7512851678701,354.0588684082031,213584
2023-03-29,355.39180440005475,365.21578502636567,354.9968456738526,363.2904968261719,380495
2023-03-31,345.5677655998051,352.7753098012967,343.0500696457394,344.481689453125,453381
2023-04-03,341.618425862173,354.4538002442778,340.2361608010931,351.4917907714844,238200
2023-04-05,354.7993939331581,366.8448817191433,354.7993939331581,365.0676879882813,339710
2023-04-06,365.2157842954211,370.7942297839775,363.4385905555498,369.3626098632813,172136
2023-04-10,370.300560185222,377.1625612446073,370.300560185222,375.8296508789063,204161
2023-04-11,371.0410275694735,381.1612262286664,370.9916727991927,373.9043273925781,284506
2023-04-12,373.4106838267664,377.7549584874992,370.54738381455854,372.37396240234375,162105
2023-04-13,372.42337217256375,374.9410684136101,363.78417704782623,365.5613708496094,136616
2023-04-17,367.4373032451746,368.22719059004953,359.2917764374652,360.87152099609375,123283
2023-04-18,365.3145108296858,369.41195134384895,362.4512409602175,367.881591796875,114464
2023-04-19,370.2511987534383,375.0397869502067,361.5626493418055,369.60943603515625,134735
2023-04-20,371.88029591231,372.2752244958708,363.33984100193936,365.5119934082031,101906
2023-04-21,365.5120174569319,367.4866906357784,362.00695448580655,364.5740356445313,95647
2023-04-24,364.57404111593206,371.1398235079093,358.9462104193105,360.8221740722656,283602
2023-04-25,358.4031448244826,365.6600740310367,357.3664535654541,364.2284240722656,355617
2023-04-26,365.3145263010663,365.3145263010663,359.3905069556436,361.908203125,153154
2023-04-27,360.3778334311337,362.6486953975669,357.1196349347521,358.25506591796875,155970
2023-04-28,359.3411266159485,360.18033852528373,350.8500267986928,352.4791259765625,276593
2023-05-02,352.4791358445717,354.4538088745133,348.3816953336668,350.8500366210937,241780
2023-05-03,353.4664809166807,363.2411066253035,348.5297982223137,361.5626525878906,326192
2023-05-04,364.2778294085121,375.6815544219606,361.3651745556835,371.7322082519531,555398
2023-05-05,373.114468766165,374.4473791082654,360.37783355179135,363.7347717285156,327847
2023-05-08,363.8828561635482,364.9689323431775,357.4158141207176,359.6866760253906,231124
2023-05-09,361.019585215046,372.22586051677473,355.5892344648012,366.3511962890625,286829
2023-05-10,363.8335127258262,370.8436081424256,359.29175864386605,368.4246215820313,209260
2023-05-11,370.25120474105967,370.8929674697201,364.277830690352,365.2651672363281,114182
2023-05-12,365.4626426089483,367.2892213758861,361.21710721000926,362.9449462890625,110350
2023-05-15,361.3651937341444,366.99302437753465,360.5259516022533,363.1917724609375,123905
2023-05-16,365.3145050164633,371.09042956794735,364.3271685164188,366.3511962890625,221020
2023-05-17,368.227182014291,375.0891530259385,365.5613612504954,372.6701965332031,292589
2023-05-18,375.18787893578553,386.8384378608174,373.7562289242407,382.7409973144531,744078
2023-05-19,384.4194705636234,384.4194705636234,374.2498865809193,379.4827880859375,285029
2023-05-22,373.2132165013144,378.5448278536805,361.1676985194588,363.6854248046875,449859
2023-05-23,361.3651612279595,366.9929913651048,355.4411421914356,359.09429931640625,390253
2023-05-24,359.09431484331543,360.3778403042799,351.4424565902794,353.12091064453125,417592
2023-05-25,354.89814427543405,362.99428611950026,352.7259917559093,357.16900634765625,302646
2023-05-26,362.3525262919703,362.3525262919703,353.5652367214683,354.9968566894531,190147
2023-05-29,356.03357519240086,359.1930341556909,353.56523375336747,357.3664855957031,161052
2023-05-30,358.30441728319823,358.30441728319823,353.46647435870244,355.1449584960937,143472
2023-05-31,355.44116272989066,357.51457553870586,350.60321959673576,355.0462341308594,251999
2023-06-01,355.3918292204634,358.50193355423124,352.9234876649139,356.0829467773437,130805
2023-06-02,357.8601315026942,370.251192699248,356.3297418275325,362.5993347167969,426953
2023-06-05,370.2512105305989,370.2512105305989,352.97282070583765,355.441162109375,446062
2023-06-06,356.5272317069635,360.37783819847664,353.6639617584599,354.7006530761719,175602
2023-06-07,356.6753314223248,363.3398531859253,353.17029869539795,361.908203125,385285
2023-06-08,361.8588396581148,371.238536729744,357.9588482969369,368.4246215820313,700639
2023-06-09,372.4727079928157,374.9904041057269,367.38793086155,373.7068786621094,478558
2023-06-12,376.1752274677416,404.709247881984,374.2992940394021,401.64849853515625,2801259
2023-06-13,404.8079831841537,432.4534064259984,404.41305459263714,421.8395385742188,3133839
2023-06-14,425.5420148952762,443.7583846619178,424.7027728767998,437.7356262207031,1818968
2023-06-15,438.3280701532199,445.6837093171444,429.59013572471673,433.5888366699219,870673
2023-06-16,434.8229847244947,454.12543120729055,431.860975250716,450.9659423828125,969972
2023-06-19,457.1368370575248,490.410091893642,454.1748273141715,481.6227722167969,2970903
2023-06-20,482.807572812947,488.1391841552095,476.4392400148066,481.7214965820313,811695
2023-06-21,481.8202569529503,506.5036717558678,479.00634163919335,488.8303527832031,1652759
2023-06-22,490.1138554311213,493.6189182482575,464.048176641725,471.7493896484375,619326
2023-06-23,472.3418204040005,472.3418204040005,455.7051927737852,466.51654052734375,405422
2023-06-26,465.13426698761776,479.94431562786593,460.54315793536506,477.9202575683594,406127
2023-06-27,477.9696531151018,493.1746306979845,477.7228189656034,486.658203125,416283
2023-06-28,487.6949129089609,502.6530559827998,487.6949129089609,495.1492919921875,722691
2023-06-30,500.2834112632572,537.9996772131842,500.2834112632572,521.856689453125,6815253
2023-07-03,527.2377270988358,532.4705988546718,511.39098724129104,514.155517578125,2290280
2023-07-04,516.3770061990489,525.8554128006748,505.0226360818614,516.6238403320312,1098169
2023-07-05,516.475715747346,525.7073484782292,511.9833465795154,516.6238403320312,617552
2023-07-06,516.6238164828934,521.7086234924931,512.0326777164689,517.3643188476562,332433
2023-07-07,515.4390622853942,520.3263905297256,501.1226815212936,506.010009765625,481076
2023-07-10,508.2808307559202,518.2529658106306,506.5036370642828,513.711181640625,444540
2023-07-11,515.2909948613658,517.9567554675175,506.5036750298301,508.379638671875,327503
2023-07-12,510.1074486661561,514.5998178810142,504.8251620076938,506.997314453125,251380
2023-07-13,508.92265589659416,531.1377291073678,508.92265589659416,518.0061645507812,1229486
2023-07-14,519.9807874855861,528.6199817884078,517.2656121332707,527.1389770507812,498015
2023-07-17,531.0883392734946,541.4553727541978,523.337711418673,526.2503662109375,640333
2023-07-18,528.2250734225314,537.8022503575942,521.3137173216759,534.6427612304688,630737
2023-07-19,535.1364544875056,546.3921161960156,529.7554577912246,538.3946533203125,587175
2023-07-20,539.1845241205388,539.1845241205388,530.7428077581786,534.5934448242188,285638
2023-07-21,532.1743802789568,546.9844279676106,528.4718683567934,541.5540771484375,645752
2023-07-24,541.5540754801415,542.4920572166477,528.3237421474726,531.384521484375,431126
2023-07-25,533.2604577328244,542.5414456023473,530.7427615299753,540.5667724609375,855525
2023-07-26,543.0351079584478,570.4336974963513,542.1958959874086,561.5476684570312,1787050
2023-07-27,565.6451872601116,569.4957640130541,523.9302140652997,539.3326416015625,1462478
2023-07-28,528.6200177060042,554.883146066161,528.6200177060042,539.6287841796875,1761132
2023-07-31,542.0477870307731,562.7818553871415,542.0477870307731,560.6590576171875,1265010
2023-08-01,562.7818755223363,577.5919248781872,554.833827753812,573.2476196289062,927529
2023-08-02,576.4070336924477,581.2450066225396,555.3767784027125,572.5564575195312,1145622
2023-08-03,569.6931827112655,589.4892682556302,565.7931913317648,581.9855346679688,1385828
2023-08-04,584.4045799113314,587.4652993830506,561.7945468049677,568.113525390625,792705
2023-08-07,566.8299437210269,567.5210914248926,551.1313272247739,554.7844848632812,889407
2023-08-08,555.3768392836774,565.5463942438897,551.921161172579,554.7350463867188,624676
2023-08-09,556.3641210898958,559.3754853805258,546.6388806114095,549.9957885742188,548188
2023-08-10,551.9211150590619,577.1969058835259,549.8477324705334,572.4577026367188,831553
2023-08-11,577.2957076092641,577.5918965293948,567.9653649205716,571.8653564453125,493445
2023-08-14,571.5691541774072,579.4678465950616,554.5869534270023,576.0615234375,585170
2023-08-16,573.6425318598644,583.9602107934409,565.6451299612064,568.2615356445312,534526
2023-08-17,568.7058048891353,589.341161150597,568.7058048891353,585.1943359375,941364
2023-08-18,586.2818967512719,592.9060044494084,577.1366900987437,586.0347290039062,822770
2023-08-21,585.2437911119569,589.5939071614929,575.4559243990485,576.840087890625,334049
2023-08-22,577.5321758421733,584.3045479028958,577.5321758421733,581.4373779296875,244527
2023-08-23,583.810236207501,599.5301295332907,581.3385586621687,586.0841674804688,769434
2023-08-24,591.4229671070825,598.0964959377559,588.4569542934498,595.2787475585938,467675
2023-08-25,595.2788120862917,595.970893886564,577.977068797941,584.8977661132812,428622
2023-08-28,587.2705545260112,597.7010211613974,571.5506620098098,576.840087890625,815875
2023-08-29,579.3611916663316,589.0501551578843,565.7669657526591,571.7484130859375,798125
2023-08-30,575.2087430611092,595.525918888416,575.2087430611092,586.133544921875,1113595
2023-08-31,588.3580853830333,617.9193722909058,588.3580853830333,612.283935546875,1602237
2023-09-01,616.5352474864038,621.8740953358259,604.8689410734845,614.5084838867188,684115
2023-09-04,617.8205117642078,632.9965869787419,615.5465202638758,625.0872192382812,876268
2023-09-05,625.3343808670778,625.5321271273937,605.3137939697524,610.4548950195312,550737
2023-09-06,612.9759715305868,626.8173644361162,607.1922707753929,615.4970703125,749455
2023-09-07,618.6608483946222,624.6422955872314,578.421928567737,606.7473754882812,534265
2023-09-08,609.4168548592451,615.8432166368108,599.4312411217358,609.0213623046875,507847
2023-09-11,611.8884957189098,622.8627194963707,608.0326547464571,612.086181640625,370902
2023-09-12,611.9873499694565,624.8400729898167,548.0203240993878,583.4147338867188,861847
2023-09-13,583.3158854523206,602.8421375500889,560.1315386143339,598.5414428710938,617437
2023-09-14,600.222124823111,605.1160582184091,589.6433936648898,593.0542602539062,315165
2023-09-15,595.2293764720921,618.9080595076151,593.202612946596,616.7329711914062,916009
2023-09-18,616.7329261570385,622.8626981119568,605.3632102391218,609.9111328125,390515
2023-09-20,608.0821373195726,615.6949167247718,600.1727686583149,609.2685546875,217780
2023-09-21,607.8349206332582,617.4250414320048,597.8493676394877,605.9564819335938,379170
2023-09-22,605.9564910122384,611.1964353384037,593.2026107437713,594.5372924804688,298330
2023-09-25,592.2139297857738,611.8885068493544,591.225258784462,604.7206420898438,445470
2023-09-26,604.7206621883394,617.2273145643913,599.4806574322787,602.8421630859375,257598
2023-09-27,603.0893170818341,610.949263692868,598.936886764336,606.500244140625,182859
2023-09-28,609.6144903158093,615.6454193831388,603.089286111747,607.2911376953125,257901
2023-09-29,610.010004640618,632.4528483225519,607.390002363276,626.3724975585938,1283796
2023-10-03,624.8400774485699,626.9657442545812,613.915274872044,623.7525634765625,346404
2023-10-04,620.9842226092328,624.8400635948408,603.2870481535033,606.104736328125,321141
2023-10-05,606.2530532265126,612.9760037798771,594.6855907638646,597.453857421875,303913
2023-10-06,598.838025050742,602.7927089733571,586.5784807531597,596.7617797851562,521301
2023-10-09,578.3725306499435,588.2592405755836,571.748422931027,574.4178466796875,401456
2023-10-10,581.3385816012674,600.1233316870225,580.0533212957173,593.5486450195312,450037
2023-10-11,598.145927815016,616.9306759612726,595.377661209568,606.4013061523438,528116
2023-10-12,610.0099950054532,615.8431779282317,606.0553110832136,612.4322509765625,387208
2023-10-13,612.9760325967321,619.8473082566755,607.5877634672647,612.679443359375,687862
2023-10-16,613.9647175181996,614.953388560902,602.001822038977,609.0213623046875,246000
2023-10-17,612.0861904156116,628.3992618743838,610.9986764558355,621.972900390625,746281
2023-10-18,621.9235127441826,667.0563703729715,621.8740912603566,638.9780883789062,2449773
2023-10-19,639.6701442668303,651.2376071669777,625.8287501095882,631.859619140625,511393
2023-10-20,632.7494110866078,636.3086023864955,607.5383017386258,616.4363403320312,423377
2023-10-23,617.8699590837381,625.0378238982972,581.3385532359711,588.3580932617188,822158
2023-10-25,616.7329532643943,616.7329532643943,574.5661716260129,591.3240966796875,1071440
2023-10-26,585.2932062266786,605.6103823132762,566.3601332729188,596.3663330078125,522158
2023-10-27,596.3663299783796,611.4929834667005,596.3663299783796,601.1119384765625,368458
2023-10-30,606.0553330350422,606.3025007891348,594.5372915568513,598.9368896484375,226180
2023-10-31,599.3818029127825,612.9266078885804,599.3818029127825,608.971923828125,345535
2023-11-01,612.8771640636505,614.9533489822247,589.2479035263761,592.708251953125,396011
2023-11-02,601.1119360831913,605.1160413518503,589.7422201868809,601.4579467773438,225341
2023-11-03,603.7319751698418,619.4023865090925,603.7319751698418,612.481689453125,383964
2023-11-06,619.8967119586159,625.828737910373,598.2447930972271,601.359130859375,697030
2023-11-07,607.0439581616637,618.9080094612402,600.1726830485886,610.6031494140625,330644
2023-11-08,612.9760216789683,620.687643431353,608.0326666654282,617.227294921875,318004
2023-11-09,617.5238495985996,622.7638538946836,608.428125157615,611.4929809570312,322507
2023-11-10,608.9719185684952,621.8740631355587,608.9719185684952,616.8812866210938,260699
2023-11-13,615.942002779567,641.6474475183611,611.2458157599796,635.2705078125,888254
2023-11-15,642.6361003945766,678.2282536471994,640.2632660402613,659.690673828125,1794349
2023-11-16,664.0408641232857,671.7524854229537,656.5269287376026,664.4857177734375,442688
2023-11-17,664.8812820822789,689.4992154002,661.5197763699623,668.3910522460938,717932
2023-11-20,670.1211495251399,677.2395923455381,663.497042173607,669.577392578125,314909
2023-11-21,670.4178095727615,685.0501892721529,670.318966606019,672.2468872070312,314295
2023-11-22,674.3724370384081,677.4373532177108,647.8760674042959,655.8843383789062,431200
2023-11-23,657.6145646921028,664.881272679826,646.8380262465073,651.633056640625,213205
2023-11-24,654.8956686589064,660.9265373831178,647.8760686300765,649.90283203125,140178
2023-11-28,653.5115422060942,657.4662262739071,636.407545681541,652.4734497070312,241104
2023-11-29,654.3024079944354,655.4888251766141,638.9780086124783,644.9100341796875,200031
2023-11-30,645.2066241939119,686.8297065152796,644.9100349839185,679.068603515625,857887
2023-12-01,679.9585239925094,690.0924023944334,668.3416389951819,672.642333984375,409697
2023-12-04,692.1685123241383,693.0583403222263,677.140762064283,685.9893188476562,411808
2023-12-05,689.1037075779133,691.0810496369604,667.8967019258951,676.44873046875,232457
2023-12-06,690.0923776119528,690.0923776119528,673.6309808566556,680.8483276367188,191682
2023-12-07,680.8483426077107,682.8751061911381,668.0450404435834,672.7906494140625,242238
2023-12-08,676.2509784520847,684.160346621115,662.4095841562818,667.4517822265625,237847
2023-12-11,669.2314083845242,689.1036708822475,662.5083974668205,682.331298828125,331227
2023-12-12,681.1943703573259,693.0090017668048,670.3189885373976,678.4755249023438,540822
2023-12-13,679.1675593455948,687.1263488717018,670.368363258539,683.2705078125,289906
2023-12-14,683.270504763139,690.092358808608,674.5702120216823,676.7453002929688,291164
2023-12-15,679.2664440083788,717.5774478261335,679.2664440083788,712.9801635742188,1327494
2023-12-18,714.0182366397795,716.5887572044418,694.0964910607265,702.005859375,436113
2023-12-19,703.1428443663207,706.8997821889363,685.1490196600461,698.1005859375,367036
2023-12-20,701.264350967331,705.5651061629815,662.9533484752293,676.1026611328125,494733
2023-12-21,672.2963282720792,681.0955249413528,662.607363845132,678.821533203125,353311
2023-12-22,687.1263672047052,710.0141257318058,683.8637648680109,701.4620971679688,570217
2023-12-26,703.9337535452111,735.5712256146588,697.4085490683632,727.464111328125,924611
2023-12-27,735.5711758073294,735.5711758073294,715.1056753794369,724.1520385742188,352670
2023-12-28,730.3312859186442,740.1190926948511,712.386882980064,738.0429077148438,499424
2023-12-29,739.0315246168822,756.3332659958727,729.6391507254301,748.2755737304688,620386
2024-01-01,149.88252085741658,154.82587556793925,148.27098239429134,153.37252807617188,3199190
2024-01-02,153.243998877829,156.59559283049435,150.93051245087523,154.33154296875,2439785
2024-01-03,155.57727202738798,156.53628412191577,153.0660542789659,153.9261932373047,1155405
2024-01-04,155.12247381765462,157.08993453797814,153.97562692331022,155.45863342285156,1252230
2024-01-05,156.7043433739145,158.18734977808404,147.32185075927023,152.78919982910156,1999530
2024-01-08,151.8499834234776,153.24401322895608,147.9150768562377,148.50828552246094,2347955
2024-01-09,149.68478088646305,152.6310312795295,149.32885872892115,150.89096069335938,965980
2024-01-10,150.59437516679495,153.24400622676333,149.69468092897128,152.75955200195312,1376320
2024-01-11,154.2227947842191,155.02361588080018,152.10703944678778,154.01516723632812,1322875
2024-01-12,154.1140406287738,154.43040750475376,150.49550114060898,151.8499755859375,1247165
2024-01-15,152.84854302509777,155.0730527807843,151.3754178004,153.6197052001953,1177145
2024-01-16,153.24400611319535,155.41907931181106,148.30065107728583,149.61558532714844,1748145
2024-01-17,148.6269143670703,152.23555751005898,144.3756260176563,146.07614135742188,1951875
2024-01-18,146.12556953534133,146.95604951333488,140.09467070150887,143.52536010742188,1999390
2024-01-19,145.15668256233087,148.07325897708495,144.57335521064235,147.4701690673828,979635
2024-01-23,146.71876483450365,147.74699108385715,140.39127670741152,141.47882080078125,1510035
2024-01-24,141.97315628214537,143.0705816542106,137.29673176657715,141.47882080078125,2528745
2024-01-25,141.80508205074827,154.5886066251602,141.77542312599863,150.2087860107422,3282320
2024-01-29,147.84584753275257,148.18200712175218,144.93916760587996,145.621337890625,2071915
2024-01-30,146.1156774621832,148.00404265416233,144.93917166843312,147.09446716308594,1168020
2024-01-31,147.09447178390883,151.2666646564709,146.71877197229955,150.59437561035156,1433935
2024-02-01,150.68334194747848,151.62257632554724,146.3232994709985,146.9461669921875,1083880
2024-02-02,147.86562478569996,151.54348192452036,147.3614080324132,148.9037322998047,1282530
2024-02-05,149.56615309550307,153.83721921158914,148.3599732249004,149.9715118408203,1553380
2024-02-06,151.44460929306004,154.23266862091114,147.8557439931924,152.37396240234375,2189730
2024-02-07,155.8145547742003,165.42443804802306,154.2326751485641,160.18447875976562,10973150
2024-02-08,162.08273044298878,166.966767725984,154.43041126955129,155.48829650878906,4660610
2024-02-09,156.21003156182212,157.88088811062988,149.36842945815948,155.01373291015625,3531750
2024-02-12,157.19869127233878,157.19869127233878,149.5068319880252,150.85142517089844,2151030
2024-02-13,150.27798865575957,150.5745929663435,142.79374211106904,145.72021484375,2581035
2024-02-14,142.88274248519735,149.8825352371692,141.57768947517013,149.24978637695312,1275215
2024-02-15,151.6621177625637,154.815980508203,150.27798446632144,154.212890625,1767450
2024-02-16,154.62814204615046,157.0701606811501,150.4757267644975,152.01805114746094,1437770
2024-02-19,158.18735147468993,162.9329750361149,154.86541649028456,157.1690216064453,4044745
2024-02-20,157.32722522089006,160.53050969066925,154.2326800815031,155.48829650878906,1154210
2024-02-21,155.68602271953944,158.00940559111388,152.05760197983113,153.1055908203125,1547125
2024-02-22,154.7863295976005,155.122474117525,152.25533424723812,154.3414306640625,801675
2024-02-23,156.11113949500492,156.11113949500492,152.5618143477322,154.19313049316406,884895
2024-02-26,155.22135758271838,155.22135758271838,152.25534438050084,152.6804656982422,975765
2024-02-27,153.45161923898905,154.2030037028897,144.56346228892446,145.47303771972656,2269270
2024-02-28,148.30066271557487,148.30066271557487,143.44628406873008,146.6990203857422,1221005
2024-02-29,146.5210410074164,148.21167507627533,143.3770744295078,146.65945434570312,1536875
2024-03-01,149.88252721378348,152.25533154109408,147.6975577012647,151.93894958496094,1589945
2024-03-04,153.2440074003778,153.76800183171176,149.3881964743502,151.1776885986328,1275140
2024-03-05,150.99972587454593,151.97851564907555,148.59726245423195,149.88253784179688,955680
2024-03-06,150.1692477632383,150.87121085861477,145.47306019498689,148.16224670410156,2072255
2024-03-07,148.1226944884104,150.06048117448472,146.0761383044256,147.28231811523438,1138745
2024-03-11,148.28088125129935,150.0802698204872,143.35730359999255,144.50416564941406,1209700
2024-03-12,144.5041603454967,146.52104259465534,138.66111097881608,139.37295532226562,1421680
2024-03-13,139.35317019838166,141.3107344948402,131.2658489053685,136.6837615966797,3803355
2024-03-14,137.4648125276303,141.15256630870542,134.2615280651293,136.88150024414062,2132215
2024-03-15,137.34618134626268,142.36863212313978,134.56801809149633,137.56369018554688,7707280
2024-03-18,138.21620307640498,139.6102327491256,131.2955063638546,133.0256805419922,2051730
2024-03-19,132.4720464666376,135.44794105449355,131.09779423747787,131.6811065673828,1950975
2024-03-20,131.493244518914,135.1711018882717,130.10911113729438,131.5229034423828,2055910
2024-03-21,132.28418990586363,135.39849768838033,132.28418990586363,133.44093322753906,1269975
2024-03-22,133.64853022337613,136.92104370194068,133.00590014772837,134.88436889648438,1239095
2024-03-26,134.8843836358903,137.33629869313185,133.5299091296491,134.62733459472656,1199405
2024-03-27,133.68808952125855,147.21310112442362,133.68808952125855,144.8798370361328,6290905
2024-03-28,147.1142567263265,153.13525986033312,144.55360230187628,149.74412536621094,4793690
2024-04-01,149.6254603681057,151.90928788573103,146.73854295780654,147.4405059814453,1280680
2024-04-02,148.68622619297008,149.88252470140304,147.50970532794443,148.093017578125,1169855
2024-04-03,148.51816089270966,150.1692396753649,147.41085418480253,148.03370666503906,1809645
2024-04-04,148.30065500791784,150.50538718831052,145.92785056216024,147.22300720214844,1199535
2024-04-05,146.79786762079382,151.85987346007803,144.3558490145613,150.1988983154297,2989720
2024-04-08,151.2666675839674,153.24400964388855,146.8374255938024,148.01394653320312,2229545
2024-04-09,149.57603558596807,151.37542412701455,148.24133872832692,149.76388549804688,1741075
2024-04-10,152.0081686873898,162.9230900646004,151.78077857780193,159.63082885742188,15310160
2024-04-12,160.1647106340313,166.68994562015737,160.1647106340313,161.805908203125,6549170
2024-04-15,160.9556470501358,165.87922456615175,154.82588966803104,162.35955810546875,3309165
2024-04-16,162.4089948964127,169.9228856994271,161.15337845981466,167.59951782226562,4630205
2024-04-18,168.47942233976974,171.4355388626465,165.53317200966447,166.71958923339844,2956525
2024-04-19,164.1193859759965,174.0060959745505,163.92165479320988,172.03863525390625,5304380
2024-04-22,173.76880753675647,178.90990874655,173.51175851063562,174.48065185546875,4248965
2024-04-23,175.1331770774969,175.35068590032304,170.0514088355008,171.14883422851562,1606185
2024-04-24,171.9892133261638,177.96077951198234,170.96098704086702,177.41700744628906,1865655
2024-04-25,176.24048034081028,180.9267861338988,171.06973543109626,179.5030975341797,2904615
2024-04-26,179.9381184134155,180.88724919230293,174.45099145560226,175.80548095703125,1662305
2024-04-29,175.8054918779818,176.87324332741568,171.55420338144748,172.63185119628906,1539750
2024-04-30,173.64029235780114,179.2163961879515,173.01742480102237,175.9735565185547,1986840
2024-05-02,176.46788428639104,182.19228248119865,175.5879677393917,178.98898315429688,2007960
2024-05-03,180.5115408922041,185.2176091058656,178.9889792061316,182.498764038086,3949945
2024-05-06,182.5086645404476,182.8843492453596,177.0116413520557,178.2672576904297,1444385
2024-05-07,178.1684133091606,180.8279257129854,174.00610162675994,175.7263946533203,2331835
2024-05-08,174.46088603390422,181.91545851117613,174.46088603390422,179.62173461914062,1515930
2024-05-09,179.39434597099904,181.21349695020285,172.05840912331948,172.6614990234375,2189675
2024-05-10,173.21515062685796,180.46211063471893,170.051406545521,179.69094848632812,1659790
2024-05-13,179.54265612291206,179.54265612291206,174.00609259682608,176.8534698486328,1428545
2024-05-14,178.69241317758753,179.93813328478058,176.9820013784554,177.6444091796875,1011405
2024-05-15,178.05964632147266,182.82503251446047,178.05964632147266,180.94656372070312,1348670
2024-05-16,181.2431739720202,182.2911628125528,177.96077902869277,178.20794677734375,734870
2024-05-17,177.9805500419531,181.51999388108305,176.5766390922292,179.64151000976562,1023090
2024-05-21,182.90414599045167,187.84750128749096,180.92680387163605,184.72329711914065,4299200
2024-05-22,187.2542946571035,190.3784988594836,183.892819052872,187.19497680664065,3907805
2024-05-23,187.8474936353905,189.82483567365784,185.17808490091423,189.1129913330078,1313845
2024-05-24,189.1129931562677,189.37993855806576,182.9041403031221,183.20074462890625,1712500
2024-05-27,184.851823533574,185.78117671475545,177.169845412749,177.56532287597656,2071930
2024-05-28,177.96077688696283,178.65284355767218,172.62195961472273,174.2928009033203,1178550
2024-05-29,174.39167876971624,182.5086743958637,173.2151578546134,180.93667602539065,2048875
2024-05-30,180.9366765107429,181.5002262289364,178.76160330109997,179.81948852539062,1108140
2024-05-31,178.94945240101094,193.48291319761023,178.78138014000575,191.228744506836,3935990
2024-06-03,201.68887827347737,202.46992170349552,191.40670619978647,193.77951049804688,3225475
2024-06-04,194.24418991399048,195.75685531637964,175.212273424898,185.88992309570312,4802080
2024-06-05,192.7908371140509,192.7908371140509,175.58796845208886,183.50721740722656,3279840
2024-06-06,183.4874513996075,190.4180449206026,182.0440001552324,184.45635986328125,3118560
2024-06-07,184.456356213387,193.38405416081704,181.92534577432207,192.8106231689453,3417875
2024-06-10,206.424617090807,215.26333848598955,197.73420540122893,207.5121612548828,9216580
2024-06-11,209.77619990508256,209.85529539326907,204.7043280697181,207.93728637695312,1935180
2024-06-12,207.93728446579303,209.27198121612832,205.5743463784838,207.88784790039065,976715
2024-06-13,208.4909335173253,212.7619841511176,207.0672449440873,210.34962463378903,1362570
2024-06-14,210.6956777794585,217.5076203778553,210.58692336583263,213.32554626464844,2494050
2024-06-18,227.39433579285367,232.2388177818977,214.34388127757887,215.31277465820312,9156740
2024-06-19,217.1121560421099,220.9976258023719,212.9004079580078,219.6332550048828,2613520
2024-06-20,220.67135986235988,220.67135986235988,214.54160279955693,215.4610595703125,1807245
2024-06-21,216.87487215615,225.38733010855145,215.46106477499893,224.5271911621093,3714775
2024-06-24,224.52719549027844,229.10473207104465,221.9368671500612,224.161376953125,1821790
2024-06-25,226.20792663573752,227.88866430977487,220.69114067424013,222.0555114746093,1309725
2024-06-26,223.32100563547124,224.42831230481053,214.5317212327858,219.06971740722656,1419305
2024-06-27,217.79432443617728,221.0470604217824,209.5982486162985,210.40896606445312,3208215
2024-06-28,208.21411527301245,215.21389256439824,207.86807439422995,210.40896606445312,1182285
2024-07-01,211.496490981982,216.89464108765367,210.7846466804446,215.6884613037109,1266205
2024-07-02,214.1164947865853,220.078179962398,214.1164947865853,215.0853881835937,1084565
2024-07-03,217.5076193958187,220.45385474357656,215.92573976584384,218.7731170654297,924645
2024-07-04,220.0781771781295,223.2419214550152,217.7053576560232,219.04006958007807,729260
2024-07-05,220.9086502300042,221.46230357519465,217.903081947653,219.0993804931641,811710
2024-07-08,219.0993819219502,223.24191584476583,214.75911681540887,215.67857360839844,778950
2024-07-09,214.54161756899865,236.4307939838918,210.89341898552925,228.50164794921875,7669800
2024-07-10,229.3518906004577,230.95354785265883,219.1092586047372,227.0581817626953,2482665
2024-07-11,226.44520828806915,228.3434699598465,222.87610523142573,226.02996826171875,905490
2024-07-12,225.57516714764105,228.38298901973,223.9043108315415,226.60337829589844,648135
2024-07-15,225.02153835637355,227.1768340169845,219.88043679697407,220.88888549804688,860015
2024-07-16,221.85776582237744,242.01676685957807,221.85776582237744,227.947982788086,12302595
2024-07-18,226.01020762645587,227.59207225183707,219.9298716291832,222.93544006347656,2012940
2024-07-19,222.82667077820813,222.82667077820813,213.9879497842877,215.0655975341797,1703155
2024-07-22,213.948409875337,217.7449181848773,210.2310121462855,212.5741577148437,1303125
2024-07-23,212.7718947289863,213.2365562247012,205.6435701081062,210.5572662353516,1422005
2024-07-24,210.58692860633792,213.46396491355296,206.85963461305005,209.2818756103516,1162880
2024-07-25,202.2326666588187,211.57560508095668,202.2326666588187,207.72967529296875,1665780
2024-07-26,208.07570430784165,210.82420846789125,205.24810465785765,206.1280212402344,1501750
2024-07-29,216.40032524677503,221.46231621856103,207.6604616592767,217.09239196777344,3278230
2024-07-30,222.6487001063612,223.0243999036028,217.3098828864353,218.9510803222656,2519260
2024-07-31,221.0470650791145,224.99186781947728,218.15025119016624,222.0357360839844,3344745
2024-08-01,223.2419220118393,226.00030755293096,220.4736401054385,221.39309692382807,1884915
2024-08-02,217.9030815164067,223.2419139471532,217.8141047473748,220.9383087158203,1215010
2024-08-05,212.5642660426888,215.9158601456924,206.05880902046687,212.86087036132807,3378505
2024-08-06,215.5500625868777,222.64871335428097,215.5500625868777,221.0668487548828,2809090
2024-08-07,223.43965240019148,228.38300754178863,219.08950590995505,226.44520568847656,4163330
2024-08-08,228.38299594785656,230.7459189821486,222.45097007908103,223.004623413086,2319350
2024-08-09,227.39433331503065,227.39433331503065,217.50762317089885,218.15025329589844,1288150
2024-08-12,218.50618189807383,219.07961291362795,208.52061341004588,209.0544891357422,2089855
2024-08-13,209.59826268778937,209.70701710677184,199.61267904423767,200.0674743652344,2135530
2024-08-14,201.07591729683736,203.46849935994493,190.14121820645025,191.1397705078125,5435155
2024-08-16,193.0503598687985,199.5483939630566,191.46814664601573,196.7521514892578,2331215
2024-08-19,198.1652000772134,200.4638900931801,196.0356760814589,197.85671997070312,1334055
2024-08-20,200.1952085663301,200.1952085663301,191.35868684663217,191.73681640625,2286700
2024-08-21,192.45329057720883,192.45329057720883,188.07483488629867,189.2888641357422,2995485
2024-08-22,190.2640742461037,195.04058131513045,189.6570595846468,190.4730529785156,2349355
2024-08-23,192.0353587592879,199.2200180781624,191.2591780735677,195.11024475097656,4885130
2024-08-26,198.02588491848,199.61805891106115,191.66716489956704,192.0652008056641,4079410
2024-08-27,193.269286468888,194.55296518577376,186.8807144503261,188.0051727294922,3098375
2024-08-28,189.71675330683925,191.06015106767245,184.462600367206,185.1790771484375,2850085
2024-08-29,185.7661914569068,186.373206105596,183.0993173833849,184.6715850830078,1937700
2024-08-30,186.04482694494504,191.04024282949547,183.57695575215504,189.00027465820312,2804745
2024-09-02,189.00027898710928,189.8560698656094,183.4774585706585,184.1342163085937,2326490
2024-09-03,184.75119323145228,188.87092721900004,183.0495570438557,183.756088256836,1926205
2024-09-04,183.29833896255727,190.66212511316445,183.29833896255727,189.70681762695312,1754170
2024-09-05,190.8611322869896,191.41838862906744,184.9004481752064,185.6069793701172,2276205
2024-09-06,185.6069886341625,187.4081262525975,183.52720764668447,184.87060546875,1376340
2024-09-09,185.08952325263635,185.35820584438883,180.31301638994248,181.35787963867188,1200975
2024-09-10,182.10420374795103,184.63176361077268,180.51202977269108,182.96994018554688,1250105
2024-09-11,183.6565631413581,183.6565631413581,181.12900330442665,181.5767974853516,658220
2024-09-12,181.7260608406228,183.4177514003916,179.74581171088093,181.8753356933593,1133425
2024-09-13,183.09931466057333,190.2640674148199,181.91513731565,188.92068481445312,2839800
2024-09-16,189.866027505522,190.90092997256696,185.48755661486337,187.8559112548828,1427355
2024-09-17,188.09474594777583,189.0699445682121,185.4875605974915,187.4379730224609,1058265
2024-09-18,187.0797279323472,188.6320892027559,183.41774905693129,184.16407775878903,1260095
2024-09-19,185.56716445802547,187.07972821428368,180.08414171972194,186.17417907714844,1103435
2024-09-20,187.0996406109592,188.9704276283736,185.6766326088893,186.9105682373047,1119965
2024-09-23,189.06994007768924,198.14529234250745,188.38331523426743,196.7521514892578,5930590
2024-09-24,198.31445602373807,212.9524563139869,197.4487195882883,207.2206573486328,18770200
2024-09-25,208.9720471337234,213.77840603989068,206.8226167190218,211.559326171875,4711265
2024-09-26,210.962260244277,212.9524702465815,206.56389796127573,211.5692749023437,2456630
2024-09-27,212.56437684699145,217.13190509241952,209.4298022120734,210.0766143798828,3098015
2024-09-30,213.9475648897188,223.48067216131508,211.9175574666514,220.91329956054688,9023385
2024-10-01,221.90841177021483,222.90351675573152,210.0865596833659,213.04202270507807,3933875
2024-10-03,211.7583438824317,215.93778178335464,206.98183691676388,208.30532836914065,2959680
2024-10-04,205.3896540076148,213.9475625846389,204.1457728297971,205.83746337890625,2124508
2024-10-07,201.0111957486164,203.3994415056545,189.1694531618165,190.76161193847656,2950279
2024-10-08,187.0797339403944,193.79669247282868,182.60176158543808,190.11480712890625,5820327
2024-10-09,192.9508502648644,197.92637518334053,187.7763073864687,192.85134887695312,1959750
2024-10-10,193.39865533358545,197.4288182802252,190.5626001197829,192.5030517578125,1498299
2024-10-11,192.5528093597687,194.89131208454663,187.52752628539469,189.9655303955078,1445727
2024-10-14,191.85623522247573,191.85623522247573,187.0797284797895,188.42312622070312,1150205
2024-10-15,189.3684826226213,193.0503680485841,185.636838910342,189.21920776367188,1295424
2024-10-16,187.2787518492721,189.46797974098305,185.18904052795128,186.38316345214844,1315703
2024-10-17,187.07973875847108,190.8611407701958,185.4875646953984,186.7812042236328,2028561
2024-10-18,185.28854370117188,188.0748406739009,183.04955750267305,185.28854370117188,1522256
2024-10-21,186.63194037884244,194.74203982019964,182.1042097232217,192.6523284912109,4203245
2024-10-22,192.0552548887271,195.2893459684596,182.60175788643224,184.8407440185547,2873613
2024-10-23,183.89539977313703,186.03486936499124,176.87990676342247,185.03976440429688,2080393
2024-10-24,184.09441574220887,184.8407444546774,177.62623356748273,178.6710968017578,1295242
2024-10-25,179.1686509532534,180.5120335378089,171.10829470953357,172.6009521484375,1652339
2024-10-28,160.65968868716996,174.14336359057364,160.65968868716996,172.25267028808594,3202578
2024-10-29,172.25267452315126,173.94434991708968,169.36686103081232,172.6009521484375,1045592
2024-10-30,172.60095747934608,199.1205145734066,172.2029215569834,187.975326538086,1605309
2024-10-31,189.069939147339,195.9361571795775,183.19882605798125,194.69227600097656,2968512
2024-11-01,194.94105800742355,200.01609943998733,194.93111242397504,197.1501922607422,472651
2024-11-04,197.15019278558893,200.74252235265723,191.40844801246152,196.1949005126953,1318710
2024-11-05,196.43371886979207,199.91658633332807,193.59767875994245,196.6824951171875,1265132
2024-11-06,196.7322431108916,205.38965303049665,196.53322516020685,203.777587890625,1627134
2024-11-07,202.9018929348075,206.18574230182725,200.0061490744532,204.4542694091797,1563753
2024-11-08,202.3944007419819,203.8771126245532,197.6079482302389,201.45899963378903,1724104
2024-11-11,198.42392195658883,200.65296252209987,195.7868998994346,196.3740081787109,813303
2024-11-12,196.98102721205737,199.3692882679427,192.9508490173297,193.99571228027344,864670
2024-11-13,192.0552664659521,193.90616238744383,182.75102857129423,184.253646850586,1549491
2024-11-14,183.09930670215888,188.0748313408045,183.09930670215888,184.54220581054688,748345
2024-11-18,182.40274682914264,188.5524883494861,181.2185694672656,186.154296875,1040663
2024-11-19,186.154301229791,191.84628790908204,183.54711578231613,185.0198669433593,1081333
2024-11-21,186.4727177813673,191.06015225271565,179.71596178634934,180.3030700683593,1856127
2024-11-22,180.11399194410126,184.0944116555731,179.54677484685035,181.8156280517578,968678
2024-11-25,185.3880580997277,187.1792500743529,181.2782697335177,184.61187744140625,1005934
2024-11-26,184.094416426648,186.9802147186162,184.08447084338613,186.42295837402344,725001
2024-11-27,186.42296785904443,189.06995081463265,185.93537612476584,187.6967010498047,640150
2024-11-28,187.70666134178364,191.3288429408432,187.07974033176075,188.65200805664065,586581
2024-11-29,189.06993877612345,189.64710146395265,186.16423417070828,187.4678192138672,608633
2024-12-02,187.08968252220143,192.6523309210885,184.5422161933436,191.6074676513672,1502936
2024-12-03,192.10500997785329,201.49880295651025,192.10500997785329,196.98101806640625,2005770
2024-12-04,196.98102870850195,204.3945578085992,195.0405770249204,203.56863403320312,2128909
2024-12-05,203.4989705578432,207.87742644241703,202.3147931896892,204.9120178222656,1580937
2024-12-06,204.9916268313462,220.57497453465027,204.9916268313462,213.51968383789065,8596542
2024-12-09,215.4103717825733,223.1025288674214,213.04201712021867,220.53515625,4714517
2024-12-10,222.8736567068917,233.84966308281705,221.08246476135287,229.2821350097656,8227391
2024-12-11,229.86924906660244,236.43694797071555,226.8839341436596,232.9839324951172,3405203
2024-12-12,236.3374338548858,252.15959703721617,231.87936777519133,234.4268341064453,19464766
2024-12-13,234.446735129185,235.3423235213782,226.81426670836817,232.2574920654297,3414933
2024-12-16,231.6106787387908,236.83497976297403,229.38163816886447,232.15798950195312,2323290
2024-12-17,231.85945555108583,234.58604860624467,226.3863782741289,229.7199859619141,1754848
2024-12-18,225.8888221369736,227.8790320236429,220.01770904493748,221.4805145263672,3051906
2024-12-19,217.4304342528738,221.93825851716448,209.96714703595595,220.5849151611328,1816007
2024-12-20,222.7542598106859,224.7444698061029,215.9477300864459,217.73892211914065,1915449
2024-12-23,218.9230954309317,219.42064792054745,211.0617721686416,213.18133544921875,1934519
2024-12-24,215.9278288407633,216.9328793752639,207.4097177033137,211.2010803222656,1664928
2024-12-26,212.75343878935183,212.90269845641905,204.9916172358359,206.26535034179688,1503221
2024-12-27,205.9867356166781,209.68852744248824,204.99163061369904,206.11610412597656,1010883
2024-12-30,204.99161602580804,207.98687640534737,196.53322410241304,197.986083984375,2963541
2024-12-31,198.0258950890304,203.2402507576497,197.9860975700153,201.0908203125,1586698
2025-01-01,200.02605046187497,213.40026408318337,199.02099987876224,212.28575134277344,2607718
2025-01-02,211.9573567967592,212.4549092775028,205.25034389006112,206.66339111328125,1819294
2025-01-03,206.66339201562784,211.45980523930464,206.096190080834,207.47938537597656,1323740
2025-01-06,206.45442550173408,207.549047022019,197.8069610437729,200.53355407714844,1828478
2025-01-07,200.2151157126095,206.9718869210149,200.2151157126095,205.7080993652344,1582787
2025-01-08,207.21071120063004,207.30028219110687,199.36929407653827,201.19032287597656,1129053
2025-01-09,200.9216529054813,201.19032032120805,195.0405787490189,196.49343872070312,1039250
2025-01-10,195.0405787989094,198.1055040021268,190.31383007801745,192.7617950439453,1547067
2025-01-13,188.0847773711432,191.0601465784044,179.2184039839022,180.86032104492188,1955818
2025-01-14,184.20387377930209,185.74628945410143,179.5069773056929,184.54220581054688,1858503
2025-01-15,184.3531360369559,188.6619422566993,182.89033055789832,184.50241088867188,993519
2025-01-16,186.09458026565017,189.06994967683968,184.5024213788299,185.10943603515625,822136
2025-01-17,184.0944184619196,187.07973335589665,183.2784251025327,186.0945739746093,679526
2025-01-20,185.08952478503767,190.2043637335615,185.08952478503767,188.44302368164065,751425
2025-01-21,189.4679730201295,196.6824837786895,186.144326190714,186.8408966064453,2612939
2025-01-22,188.5922996795248,189.45803615146184,178.2730507326201,182.5619659423828,1162968
2025-01-23,180.22346880261208,184.9203656602176,179.60650855589105,181.2882232666016,606172
2025-01-24,181.30811747614163,182.90029145768764,175.3971916885798,176.0838165283203,807859
2025-01-27,175.15837726800498,175.35739522086465,165.30682916843827,169.96392822265625,1680573
2025-01-28,170.4614814332748,172.60095100792793,160.7094498600558,167.0482635498047,1630608
2025-01-29,164.70977893770305,177.99442118091932,164.70977893770305,176.48187255859375,1051565
2025-01-30,175.67581868011365,179.64629284011696,175.13846869579936,175.98431396484375,890061
2025-01-31,175.6360258045661,180.5120340450485,174.74043741234578,179.34776306152344,742969
2025-02-01,178.5118778460199,186.97026999080927,178.22330408914138,184.75119018554688,888859
2025-02-03,181.5171016538497,182.0942643599149,175.43700966531676,177.00927734375,951528
2025-02-04,179.01938328475765,182.10421485595649,176.2529926016736,181.1389617919922,811506
2025-02-05,181.6066593871528,185.0397685414878,181.6066593871528,183.1391143798828,594963
2025-02-06,183.17893023099083,188.074845009137,183.17893023099083,186.88072204589844,1276024
2025-02-07,186.60209496284,188.9405826163083,180.01448949842194,185.9751739501953,1210616
2025-02-10,184.094417613266,187.0797324934812,181.1091027330509,184.0347137451172,1009400
2025-02-11,183.0993168809112,187.0797368131049,173.72542976268662,175.6758270263672,1199109
2025-02-12,174.14337570061036,177.96457527180038,169.81466285955625,174.73048400878906,1298155
2025-02-13,163.197219435098,174.13342881351767,162.84892661266468,172.3820343017578,3888713
2025-02-14,174.392148101162,174.9294981104568,163.19721705329854,168.69020080566406,1639313
2025-02-17,168.69019192976558,174.6110632245025,163.19720846642198,174.16326904296875,1365658
2025-02-18,175.93455761356117,181.0991547163949,171.46653093659882,179.86521911621094,1901429
2025-02-19,179.10894951781708,179.11889510127003,172.17306664277902,174.28268432617188,1774421
2025-02-20,174.14336489742865,175.62607672768715,169.7649092250747,170.86947631835938,1449612
2025-02-21,170.86948385501643,174.57126043417276,168.1727426615126,172.23277282714844,839615
2025-02-24,169.17778798328487,172.3521752201287,167.7846471195117,170.0634307861328,617572
2025-02-25,169.1777954571227,172.1432192874536,164.66002544150632,166.69003295898438,713140
2025-02-27,165.187429490991,169.1678494787257,161.2169550869506,162.66981506347656,1439009
2025-02-28,162.20210542877834,163.6450045568163,154.24126589853154,154.9875946044922,2287453
2025-03-03,154.35073137276035,158.16198520201766,145.03654831446417,150.7882537841797,2318878
2025-03-04,150.25089835438175,155.75382738451287,148.55920783165092,153.06704711914062,1700465
2025-03-05,153.14664443428725,163.9833366406421,152.6192400299818,162.92852783203125,2072612
2025-03-06,165.17748075940636,188.76146570046043,165.17748075940636,181.31808471679688,14387984
2025-03-07,178.4223264909444,182.3430425534688,174.39214827292471,178.16358947753906,2842522
2025-03-10,178.16358830624938,186.07468501646625,177.22820238300866,179.30796813964844,3042796
2025-03-11,176.13358567917228,178.13374127060987,170.7102664450794,175.974365234375,2370870
2025-03-12,177.0291722212168,177.0291722212168,167.17763886192105,168.6006317138672,2046896
2025-03-13,169.31710431892702,172.87958192829683,166.719879743743,171.98399353027344,1451965
2025-03-17,174.00405758736514,175.6161227976958,169.1678467722762,173.904541015625,1445565
2025-03-18,173.904541015625,173.904541015625,173.904541015625,173.904541015625,0
2025-03-19,179.1188965790251,183.49735242176249,179.1188965790251,180.1239471435547,1497205
2025-03-20,180.7906659232333,183.09931677088497,177.61629378385786,180.8901824951172,1114362
2025-03-21,181.1091095410528,187.52753373796847,180.06424625688112,184.1043701171875,1994409
2025-03-24,185.08952421526115,190.81137778643185,185.08952421526115,185.905517578125,1460152
2025-03-25,189.0699475903231,189.0699475903231,180.5717576796345,181.7061767578125,1556040
2025-03-26,182.10420559577315,184.24367516164773,175.49670934436142,176.42214965820312,1066228
2025-03-27,176.63113298014298,183.07940896358923,176.63113298014298,181.2683258056641,1403018
2025-03-28,181.26831908466843,183.0993085257428,177.5267148013207,179.23829650878906,1483626
2025-04-01,180.72100965994568,189.86602653350235,179.63634891413204,188.5226287841797,2588191
2025-04-02,190.56259506963,201.9963562400825,185.089517926638,200.76242065429688,6872610
2025-04-03,197.4288214497243,208.72326901726515,196.79195487152896,205.19064331054688,3743041
2025-04-04,203.9965202628899,203.9965202628899,195.04057547086057,200.4539489746093,2387171
2025-04-07,168.17274397487398,194.04547381716228,167.1776389809398,179.3179168701172,3946794
2025-04-08,183.99490016933825,190.06504647057105,180.113996917138,188.43307495117188,2755517
2025-04-09,188.43308100580376,188.6619509013396,181.1091076917832,181.7061767578125,1200251
2025-04-11,185.089530008992,192.0552650093304,183.92525898102707,186.88072204589844,2502668
2025-04-15,193.05036342810715,193.84645043782592,189.2689615200156,193.3190460205078,1270735
2025-04-16,193.06030801600627,195.58788312002304,191.249224882729,192.74188232421875,950600
2025-04-17,192.7418843651552,195.0405744199346,189.1794067449851,189.9257354736328,1141355
2025-04-21,190.15460128601163,193.6474293789707,189.0699405344969,191.82638549804688,901497
2025-04-22,194.0852594525651,199.0209866012792,193.0503570032408,197.5084228515625,1928174
2025-04-23,198.52343579085127,202.0063030854276,197.69749686747448,200.8619384765625,1900033
2025-04-24,201.3296464811396,204.3249069992965,199.63795587089388,201.22018432617188,1030796
2025-04-25,202.7028833527909,202.7028833527909,189.06994803154623,195.4386138916016,2192971
2025-04-28,194.04547119140625,197.0307861328125,191.1596728216857,192.8015899658203,1017256
2025-04-29,192.05526412625173,194.34400865265863,183.21872690754208,184.8208465576172,1302102
2025-04-30,184.24367595993607,186.61203060680216,179.3179094797897,181.4474334716797,1116794
2025-05-02,181.457390706326,185.08951764014185,178.1237831052978,180.9100799560547,1437715
2025-05-05,182.104212749054,186.3334089467779,180.6712591373108,185.1989898681641,867621
2025-05-06,185.0895303888581,185.815952788837,179.11890037631426,181.42755126953125,1605268
2025-05-07,178.12379393105212,181.30812687512287,175.83504940796774,178.07403564453125,1361340
2025-05-08,179.16865056440565,181.4673405858734,173.84483297023056,176.0440216064453,986873
2025-05-09,169.26736359556278,178.12379186610457,169.26736359556278,177.15853881835938,1234712
2025-05-12,180.3627771133102,189.6670147235528,180.3627771133102,189.0201873779297,1360511
2025-05-13,189.0699450034543,201.01120468788287,187.3981759360008,197.9164276123047,4504658
2025-05-14,197.14024803248032,205.2901602414104,195.6973488494904,204.4741668701172,2829354
2025-05-15,204.7428529287329,205.4891816757392,198.3542806764505,201.51870727539065,1999472
2025-05-16,201.01119948632552,203.00140938222967,199.07074787463824,200.72262573242188,1238142
2025-05-19,199.0209916865497,204.742845197538,199.0209916865497,202.8820037841797,969166
2025-05-20,203.00140925657183,204.99161915124407,196.0356746252189,196.9909820556641,1119434
2025-05-21,194.6027195971064,199.02098795925733,191.06014844088708,193.39865112304688,1936378
2025-05-22,193.32899282105024,199.00108812684945,192.33388784866105,198.39407348632807,1055242
2025-05-23,199.0209905777589,204.49406781864727,196.03567571909247,203.7875366210937,2125642
2025-05-26,205.4991138881864,209.3700714634232,199.02098625195973,199.7076110839844,1828624
2025-05-27,199.02098917252,201.6381200390496,195.0405693890696,196.2247467041016,1837423
2025-05-28,196.2247491974195,197.60794448238016,194.1449834783234,194.9410552978516,637090
2025-05-29,194.94105340433936,197.0307798705444,194.04546502402096,195.03062438964844,555644
2025-05-30,195.04057589913947,196.015774527088,188.3634148085285,189.547592163086,1185982
2025-06-02,191.28902115643777,194.89131141699724,189.12964522721413,192.64236450195312,743849
2025-06-03,194.5927746374476,195.0206624745647,190.06504411004863,190.7218170166016,676667
2025-06-04,190.56260574731908,192.75183369036444,188.17435984292368,188.9803924560547,707507
2025-06-05,189.0699448414919,192.5528122464668,187.57728738221687,188.20420837402344,1045506
2025-06-06,189.0798909723936,189.86603240631544,181.54695420183947,187.01007080078125,1756051
2025-06-09,188.06489482969764,189.0699453889112,185.38806001552544,187.01007080078125,1274396
2025-06-10,188.0748414053049,190.37353148191423,183.845645236138,185.09947204589844,2198832
2025-06-11,186.71154324463592,197.0307765302648,185.59701539564293,189.8063201904297,6227535
2025-06-12,189.8660295624965,190.5825063490193,185.0895227137105,186.2836456298828,1004549
2025-06-13,183.58691920653217,185.4378150361676,181.6862650921669,184.75119018554688,799307
2025-06-16,184.0944204984389,185.83585420585663,180.51203651239817,184.5223083496093,873339
2025-06-17,184.0944116555731,186.78119192399737,181.12900322207352,181.8156280517578,563286
2025-06-18,181.606654851719,183.32818217767044,179.11889245649,179.53683471679688,849335
2025-06-19,179.27810853995382,181.9847951749552,175.13846837064634,176.70079040527344,772271
2025-06-20,176.13358163668852,181.63651096688105,174.5513683610846,178.88006591796875,1606079
2025-06-23,177.2182344525402,179.17859239167998,174.5115478112131,175.7454833984375,1098929
2025-06-24,180.00454038616908,181.2086241007401,177.3973701806595,180.7011108398437,1208729
2025-06-25,181.805678576064,185.0895280787976,181.59671503132745,184.4825134277344,904481
2025-06-26,185.08952892624333,189.41824172477016,183.0993189377891,187.7862701416016,1162828
2025-06-27,189.62719381748383,191.0004434854877,187.0797276155782,188.8510131835937,1152502
2025-06-30,188.8510267461835,189.7963734646747,185.9552675357326,188.4629364013672,760359
2025-07-01,188.09474149620183,188.6519978375485,182.40273997971013,183.3580322265625,1308824
2025-07-02,182.11414767669484,184.7710760162979,181.726057361564,183.8257293701172,532059
2025-07-03,185.0895225475208,185.626872544882,181.6066551877556,182.79083251953125,994095
2025-07-04,184.09442321107088,185.0696218500472,179.61645075458537,181.75592041015625,833262
2025-07-07,182.920205063982,184.2237901608352,181.10910670853016,182.3728942871093,564213
2025-07-08,182.10420524628825,183.5271980317044,179.11889040618516,179.86521911621094,723272
2025-07-09,179.86522040276833,183.0993115026798,178.37256297203996,181.2086181640625,847091
2025-07-10,182.8007872367368,184.0844812022858,180.6314656040564,183.53717041015625,636738
2025-07-11,183.09931427746264,187.0797341530597,182.4027438360525,185.905517578125,1209954
2025-07-14,187.06978982962312,187.06978982962312,181.43749202353467,182.0345458984375,992030
2025-07-15,181.1688054657928,189.0699412287003,181.1688054657928,187.6668395996093,1175733
2025-07-16,186.48265769040043,188.2639040170676,184.4427047324678,185.3084411621093,788185
2025-07-17,187.72654522399992,196.64269237479755,187.0797330715932,190.54269409179688,9191527
2025-07-18,191.74678516608373,192.9508537147892,189.239116310788,191.1397705078125,1187938
2025-07-21,192.65232758941792,193.3190460948861,191.0601535693678,191.8363342285156,1098642
2025-07-22,192.05525270269467,194.2444805256989,191.0601477664113,192.10501098632807,871005
2025-07-23,193.05035961665456,193.6971717582264,191.06014972369937,192.0154571533203,567734
2025-07-24,193.0404147898492,193.5479128482666,190.76161595039247,193.0702667236328,1023928
2025-07-25,192.0552552690732,193.29913645604904,187.0797305211697,188.09474182128903,806225
2025-07-28,187.17925165287664,189.74660912337768,187.0001248618552,187.7265472412109,482642
2025-07-29,187.5673448911772,193.8066422412637,187.2289976549163,193.189682006836,1023448
2025-07-30,194.0454665376629,196.4337123598725,193.0503615810596,194.4136505126953,1601540
2025-07-31,190.7118657339905,197.22980647151425,190.7118657339905,193.23944091796875,1270820
2025-08-01,193.0503699842634,193.1399257900728,187.0797399847501,188.1246032714844,687623
2025-08-04,188.980392226662,196.73225341495265,187.1792546248696,195.4386138916016,1882386
2025-08-05,197.0307767110453,200.9116798756548,194.5430143788352,198.9911346435547,2459781
2025-08-06,191.0601592300131,192.85135125961392,186.08463425006485,189.5575561523437,3834262
2025-08-07,187.96537986566656,191.0601569740158,184.41286296766145,190.124755859375,1275245
2025-08-08,189.96553323374152,192.53290588565528,185.2089326784888,186.9603271484375,723543
2025-08-11,186.9603236066733,196.2346938817391,185.0895214343401,195.6077880859375,1938612
2025-08-12,195.6077841265811,199.02098676116893,194.0653684423628,197.2696075439453,1736803
2025-08-13,198.27467077904825,203.99652451545745,196.0356845343664,203.2899932861328,3610278
2025-08-14,206.0,206.17999267578125,202.0,202.759994506836,1415750
2025-08-18,203.58999633789065,204.77999877929688,197.1000061035156,203.1100006103516,2822637
2025-08-19,203.9900054931641,219.6499938964844,202.08999633789065,216.0,8761080
2025-08-20,217.5,222.3800048828125,216.009994506836,218.67999267578125,4831046
2025-08-21,218.8999938964844,225.0,218.0200042724609,223.19000244140625,3516936
2025-08-22,223.5,241.8000030517578,223.0,238.6100006103516,19246380
2025-08-25,239.0,249.5,237.8699951171875,243.02999877929688,8310340
2025-08-26,242.8000030517578,244.5,236.3999938964844,238.4499969482422,3444640
2025-08-28,236.1000061035156,239.5599975585937,231.1300048828125,232.2700042724609,1903385
2025-08-29,231.1499938964844,236.5,231.1499938964844,232.3800048828125,1367026
2025-09-01,240.0,249.1999969482422,237.6699981689453,239.2700042724609,14882102
2025-09-02,241.0,248.0,238.4100036621093,240.3600006103516,3608845
2025-09-03,242.0,249.0,239.8300018310547,247.97999572753903,3922722
2025-09-04,251.6499938964844,253.8800048828125,243.3999938964844,244.009994506836,2285165
2025-09-05,244.5,244.8699951171875,240.7400054931641,242.3699951171875,1348412
2025-09-08,243.97999572753903,248.63999938964844,239.1699981689453,239.88999938964844,1927919
2025-09-09,240.8999938964844,241.63999938964844,235.3000030517578,239.4100036621093,2194061
2025-09-10,239.47999572753903,244.9900054931641,239.47999572753903,243.13999938964844,1694147
2025-09-11,243.0,244.8999938964844,239.8000030517578,241.1100006103516,1416004
2025-09-12,243.5,248.6499938964844,242.1999969482422,244.07000732421875,2434470
2025-09-15,245.1999969482422,275.5,245.1999969482422,270.1300048828125,45409494
2025-09-16,271.989990234375,272.5,259.5,262.3500061035156,9540158
2025-09-17,264.010009765625,268.0,260.7900085449219,264.6000061035156,3694500
2025-09-18,259.9100036621094,264.6000061035156,256.0,260.4700012207031,4257052
2025-09-19,259.17999267578125,263.8999938964844,258.0,261.7099914550781,2492503
2025-09-22,265.0,273.1499938964844,260.0,263.5799865722656,7898372
2025-09-23,264.70001220703125,274.6000061035156,263.0,268.3399963378906,8855832
2025-09-24,270.0,278.0,265.1000061035156,266.239990234375,10574175
2025-09-25,267.20001220703125,267.29998779296875,257.1099853515625,259.7099914550781,2975038
2025-09-26,260.0,263.0,252.5,256.510009765625,2669606
2025-09-29,249.0,258.5400085449219,248.33999633789065,249.3300018310547,4278042
2025-09-30,249.1999969482422,254.0,243.009994506836,244.8000030517578,1640495
2025-10-01,244.8000030517578,248.0,241.009994506836,246.63999938964844,1528932
2025-10-03,249.9900054931641,251.6999969482422,245.5200042724609,247.38999938964844,1865799
2025-10-06,247.1000061035156,249.0,244.009994506836,245.82000732421875,1591619
2025-10-07,246.4900054931641,247.1999969482422,240.5,243.27999877929688,971468
2025-10-08,243.0,243.3600006103516,240.47999572753903,241.33999633789065,753155
2025-10-09,240.3000030517578,246.3000030517578,239.0,243.25,1183292
2025-10-10,243.009994506836,245.0,240.47000122070312,243.5399932861328,884998
2025-10-13,243.0,244.52999877929688,239.5,240.9600067138672,771699
2025-10-14,240.0,245.0,236.0200042724609,244.3099975585937,2021614
2025-10-15,245.0,251.0,242.1999969482422,248.47000122070312,3273581
2025-10-16,250.0,251.0,242.0,242.8500061035156,1385393
2025-10-17,242.07000732421875,258.5599975585937,241.25,249.6000061035156,8219389
2025-10-20,249.6000061035156,254.8000030517578,247.6600036621093,252.33999633789065,1656752
2025-10-21,256.5,257.0,255.009994506836,255.9900054931641,743493
2025-10-23,258.8500061035156,263.0,255.6100006103516,259.29998779296875,2913438
2025-10-24,260.0,265.0,258.6199951171875,263.4800109863281,2400518
2025-10-27,262.1000061035156,271.8999938964844,262.1000061035156,270.5,3750160
2025-10-28,269.989990234375,272.3999938964844,267.1000061035156,268.9700012207031,1877211
2025-10-29,270.04998779296875,290.0,269.2300109863281,278.44000244140625,13749423
2025-10-30,280.0,286.1499938964844,279.0199890136719,282.4200134277344,2910653
2025-10-31,284.4100036621094,285.5,275.6199951171875,283.739990234375,2026360
2025-11-03,283.1000061035156,287.79998779296875,278.04998779296875,281.8500061035156,1881772
2025-11-04,280.8500061035156,282.95001220703125,278.0,279.04998779296875,1088882
2025-11-05,279.04998779296875,279.04998779296875,279.04998779296875,279.04998779296875,0
2025-11-06,279.0,281.0,268.0,269.3999938964844,1935858
2025-11-07,268.79998779296875,279.0,266.3999938964844,274.6499938964844,1819496
2025-11-10,275.5,277.8999938964844,270.25,272.29998779296875,1522012
2025-11-11,272.29998779296875,279.0,268.0,275.20001220703125,1828348
2025-11-12,276.0,277.6000061035156,266.1000061035156,268.3999938964844,1786277
2025-11-13,266.29998779296875,270.5,262.0,263.25,2382301
2025-11-14,280.0,282.5,271.0,276.70001220703125,10596246
2025-11-17,273.0,282.79998779296875,268.0,276.1000061035156,4362851
2025-11-18,276.6000061035156,277.0,262.54998779296875,265.0,2341256
2025-11-19,263.70001220703125,263.70001220703125,252.5,255.6999969482422,2765513
2025-11-20,257.0,258.3500061035156,248.9499969482422,250.0,2004948
2025-11-21,249.0500030517578,249.0500030517578,240.3000030517578,241.6999969482422,2315755
2025-11-24,241.0500030517578,242.3999938964844,235.0,239.0,2093677
2025-11-25,239.6499938964844,240.3000030517578,235.6999969482422,236.8999938964844,1162857
2025-11-26,236.8999938964844,244.0,236.1000061035156,237.1999969482422,1841153
2025-11-27,238.1999969482422,240.8999938964844,232.5500030517578,235.1999969482422,1522523
2025-11-28,236.9499969482422,237.5,232.8500061035156,235.1999969482422,1286049
2025-12-01,235.8999938964844,241.0,233.94000244140625,237.6300048828125,1210513
2025-12-02,237.509994506836,238.8800048828125,235.47000122070312,236.22999572753903,809985
2025-12-03,236.2400054931641,238.9499969482422,231.08999633789065,238.0800018310547,1316592
2025-12-04,242.5,244.8699951171875,235.0,235.8999938964844,2350183
2025-12-05,235.9900054931641,237.1000061035156,230.97000122070312,232.94000244140625,1163454
2025-12-08,232.94000244140625,232.94000244140625,223.3999938964844,227.07000732421875,2597731
2025-12-09,226.0,232.0,221.2100067138672,230.58999633789065,2262120
2025-12-10,231.0500030517578,236.6999969482422,228.6000061035156,235.1100006103516,1049545
2025-12-11,235.9900054931641,235.9900054931641,232.0,233.4199981689453,683361
2025-12-12,234.42999267578125,239.1999969482422,233.7899932861328,238.6100006103516,1062488
2025-12-15,240.0,248.88999938964844,238.1999969482422,247.2100067138672,3249245
2025-12-16,248.1600036621093,253.0,241.5,242.3099975585937,2721310
2025-12-17,243.0,243.0,237.0,238.0,997282
2025-12-18,239.0399932861328,239.8999938964844,235.0,238.1300048828125,655468
2025-12-19,238.5,238.509994506836,235.0,235.5500030517578,918595
2025-12-22,238.0,240.8999938964844,237.0,239.0399932861328,368395
2025-12-23,340.75,345.0,339.3999938964844,343.75,146283
2025-12-24,349.95001220703125,350.95001220703125,341.20001220703125,347.8500061035156,433740
2025-12-26,252.5,256.0,250.0,252.509994506836,1723783
2025-12-29,254.0,263.0,253.3000030517578,256.3900146484375,4144233
2025-12-30,255.9600067138672,267.1400146484375,255.0800018310547,263.5299987792969,4708102
2025-12-31,263.5,271.0,262.3999938964844,266.07000732421875,3769907
2026-01-01,265.20001220703125,270.0,262.0,266.6000061035156,1520198
2026-01-02,266.54998779296875,273.8999938964844,265.8500061035156,273.04998779296875,2183475
2026-01-05,274.0,280.3999938964844,268.25,274.0,3452480
2026-01-06,275.04998779296875,276.3999938964844,271.0,274.04998779296875,1482185
2026-01-07,276.75,277.70001220703125,272.3500061035156,275.70001220703125,1937400
2026-01-08,280.0,280.0,268.04998779296875,269.3999938964844,3309716
2026-01-09,267.20001220703125,271.0,256.95001220703125,258.3999938964844,1794744
2026-01-12,259.45001220703125,263.45001220703125,253.0,254.6999969482422,2434307
2026-01-13,258.0,261.25,255.6999969482422,259.20001220703125,1337523
2026-01-14,259.3999938964844,267.3500061035156,256.79998779296875,265.1499938964844,2385219
2026-01-16,263.0,265.0,256.29998779296875,257.54998779296875,1112501
2026-01-19,257.0,258.29998779296875,245.8999938964844,250.1999969482422,1670235
2026-01-20,2190.89990234375,2223.0,2117.10009765625,2126.0,398807
2026-01-21,2125.89990234375,2130.0,2047.800048828125,2063.0,453225
2026-01-22,244.1000061035156,252.3999938964844,244.1000061035156,250.5500030517578,1421662
2026-01-23,251.6000061035156,251.6000061035156,241.0,241.0,859009
2026-01-27,236.8000030517578,250.0,236.6000061035156,247.6999969482422,2061079
2026-01-28,250.0,259.0,247.75,257.20001220703125,1643801
2026-01-29,257.0,262.45001220703125,255.6999969482422,257.6499938964844,2438752
2026-01-30,254.8000030517578,254.8000030517578,245.0,248.5,1990173
2026-02-02,254.8000030517578,251.8999938964844,238.8000030517578,248.4499969482422,1810016
2026-02-03,260.0,260.0,247.1999969482422,252.5200042724609,1303932
2026-02-04,254.4900054931641,260.95001220703125,251.3699951171875,260.17999267578125,2003851
2026-02-05,259.70001220703125,259.70001220703125,254.1999969482422,256.9599914550781,1094438
2026-02-06,257.9599914550781,259.0,248.4900054931641,250.97000122070312,1411319
2026-02-09,310.0,321.04998779296875,308.54998779296875,318.95001220703125,269880
2026-02-10,260.3900146484375,265.8999938964844,257.2200012207031,260.2099914550781,3862719
2026-02-11,261.0,261.3599853515625,256.0,258.2099914550781,1193923
2026-02-12,259.0,268.0,256.0,265.3999938964844,3953946
2026-02-13,262.1000061035156,264.82000732421875,257.04998779296875,258.6499938964844,1365939
2026-02-16,258.0,268.75,256.3699951171875,267.8999938964844,2387646
2026-02-17,2020.0,2144.0,2016.0,2065.800048828125,1449630
2026-02-18,2083.699951171875,2478.89990234375,2066.10009765625,2477.699951171875,11296147
2026-02-19,270.8999938964844,272.510009765625,260.25,261.8900146484375,1226392
2026-02-20,261.8900146484375,264.8999938964844,259.1000061035156,262.8500061035156,1027155
2026-02-23,2488.0,2497.5,2177.300048828125,2213.10009765625,3828381
2026-02-24,270.1000061035156,270.95001220703125,259.0,268.6099853515625,883578
2026-02-25,269.5,272.0299987792969,266.4100036621094,270.8999938964844,1267243
2026-02-26,272.0,276.0,270.6300048828125,272.2300109863281,2543807
2026-02-27,270.6000061035156,274.489990234375,265.0,266.0199890136719,1880972
2026-03-02,240.5,266.45001220703125,240.0,256.29998779296875,2708398
2026-03-04,249.0,252.8999938964844,244.25,247.1999969482422,2072415
2026-03-05,326.5,329.95001220703125,317.79998779296875,323.6499938964844,226046
2026-03-06,325.29998779296875,336.75,322.20001220703125,335.1499938964844,212724
2026-03-09,242.0,250.0,237.6999969482422,248.6999969482422,2149085
2026-03-10,250.1499938964844,254.5,248.75,253.8000030517578,1219573
2026-03-11,253.1999969482422,259.70001220703125,253.0,253.75,1163132
2026-03-12,253.75,268.0,247.0,264.70001220703125,3083671
2026-03-13,264.0,264.3999938964844,249.0,251.5500030517578,3309047
2026-03-16,252.6999969482422,253.0,245.3000030517578,249.1499938964844,1688335
2026-03-17,250.0,261.6000061035156,249.6999969482422,260.25,1989055
2026-03-18,262.0,263.70001220703125,258.54998779296875,260.1000061035156,1107924
2026-03-19,254.8500061035156,258.3500061035156,248.0,250.6999969482422,848965
2026-03-20,253.1999969482422,267.8999938964844,252.5500030517578,262.6499938964844,3581111
2026-03-23,257.70001220703125,260.3999938964844,250.3000030517578,251.8500061035156,1880101
2026-03-24,259.5,264.8500061035156,251.4499969482422,263.3999938964844,2274331
2026-03-25,266.0,281.5,264.54998779296875,277.29998779296875,5692279
2026-03-27,277.29998779296875,280.8999938964844,271.0,272.1000061035156,3173151
2026-03-30,272.0,275.0,267.5,268.79998779296875,2114671
2026-04-01,278.0,284.54998779296875,273.1499938964844,278.6499938964844,4496757
2026-04-02,275.0,279.8500061035156,268.0,276.75,2804231
2026-04-06,278.20001220703125,280.45001220703125,273.0,275.29998779296875,3856909
2026-04-07,275.0,286.0,273.6000061035156,284.8500061035156,5062366
2026-04-08,296.0,296.0,282.04998779296875,284.6499938964844,4541886
2026-04-09,284.0,292.0,282.20001220703125,285.1499938964844,2319418
2026-04-10,287.5,290.75,286.0,289.54998779296875,1879413
2026-04-13,286.0,293.45001220703125,283.0,289.1000061035156,3599055
2026-04-15,295.95001220703125,304.95001220703125,292.20001220703125,303.3500061035156,7159313
2026-04-16,307.45001220703125,310.5,298.0,300.29998779296875,5401200
2026-04-17,300.20001220703125,306.5,296.1499938964844,305.54998779296875,3339581
2026-04-20,307.25,308.3999938964844,298.0,300.04998779296875,1872831
2026-04-21,300.3500061035156,305.0,295.0,295.45001220703125,1781479
2026-04-22,295.45001220703125,301.0,295.45001220703125,298.75,1522794
2026-04-23,296.95001220703125,299.79998779296875,290.6000061035156,294.45001220703125,1399924
2026-04-24,297.20001220703125,298.0,289.0,289.95001220703125,1915047
2026-04-27,291.95001220703125,303.75,291.95001220703125,297.45001220703125,4367516
2026-04-28,299.0,312.75,298.6499938964844,305.0,8202400
2026-04-29,308.0,309.04998779296875,301.5,303.20001220703125,2208901
2026-04-30,302.0,307.0,292.0,296.29998779296875,2970206
2026-05-04,300.0,307.25,298.1499938964844,305.70001220703125,2709418
2026-05-05,305.79998779296875,306.6499938964844,301.0,304.3999938964844,1478502
2026-05-06,308.1499938964844,309.75,301.0,304.6000061035156,1831477
2026-05-07,304.0,306.25,301.25,304.3500061035156,1269365
2026-05-08,304.3500061035156,305.0,292.1000061035156,294.3500061035156,2308769
2026-05-11,292.5,295.8999938964844,287.1000061035156,293.0,2762725
2026-05-12,292.3999938964844,294.75,280.79998779296875,282.29998779296875,2287008
2026-05-13,283.3500061035156,291.3500061035156,282.04998779296875,290.0,2569154
2026-05-14,292.0,295.0,286.0,289.25,1396887
2026-05-15,290.1000061035156,290.45001220703125,284.3999938964844,287.8999938964844,1091609
2026-05-18,284.8999938964844,287.20001220703125,272.79998779296875,283.29998779296875,2268666
2026-05-19,284.8999938964844,292.0,282.6000061035156,290.54998779296875,2357631
2026-05-20,299.95001220703125,320.0,291.5,305.8500061035156,57809511
2026-05-21,308.0,308.3999938964844,295.70001220703125,297.75,5552685
2026-05-22,296.6499938964844,297.6000061035156,287.0,291.3999938964844,3511769
2026-05-25,294.29998779296875,296.29998779296875,283.3500061035156,285.04998779296875,3007845
2026-05-26,285.79998779296875,289.0,283.0,285.3999938964844,2058115
2026-05-27,286.5,288.8999938964844,280.95001220703125,284.3999938964844,1601111
2026-05-29,284.29998779296875,292.0,279.0,288.04998779296875,3802028
