Date,Open,High,Low,Close,Volume
2005-01-03,302.0890230851101,314.58925852311467,300.00565051210936,313.0527648925781,544531.0
2005-01-04,269.27583472557313,320.8392924389808,269.27583472557313,318.75592041015625,546652.0
2005-01-05,313.54753085833977,314.0683739328553,287.50537713256404,294.79718017578125,1260932.0
2005-01-06,294.79715359171814,303.65148506002066,289.5887233162461,300.1878662109375,600516.0
2005-01-07,301.5681627645359,303.1306921052848,295.1096954402108,298.1566467285156,412066.0
2005-01-10,302.0629024495677,302.0889382414693,294.2762932869486,300.1097412109375,194179.0
2005-01-11,298.9639182926144,301.56813360875213,292.3752408268907,297.4534606933594,258987.0
2005-01-12,299.48484150386,301.56821431432166,281.7761726149361,286.5419006347656,218311.0
2005-01-13,289.5887869323535,293.75553206807086,283.0001084706035,288.6512756347656,696707.0
2005-01-14,289.0678990094164,289.0678990094164,268.7550196195656,273.2082214355469,1323674.0
2005-01-17,278.6510399427368,278.6510399427368,267.8956179281173,271.80194091796875,355897.0
2005-01-18,276.04685112922726,283.18240816730827,265.629988822464,279.1458740234375,535547.0
2005-01-19,277.6093198480493,284.9011218703245,276.6457730109994,282.6354675292969,476896.0
2005-01-20,282.63552529982235,282.63552529982235,275.34372178710703,279.6927490234375,233280.0
2005-01-24,279.6927758460634,280.682390562161,266.25502872760904,267.6873474121094,310108.0
2005-01-25,248.0515731518201,275.73440185306083,248.0515731518201,272.9739074707031,853635.0
2005-01-27,278.651033754702,287.5053656684028,272.9217601634838,281.2552490234375,711695.0
2005-01-28,285.9428256588385,285.9428256588385,272.9217498091646,276.7760009765625,490910.0
2005-01-31,283.5469924339839,283.85948557376565,276.0468391818271,280.2656555175781,347239.0
2005-02-01,260.9945297801153,286.3075123899728,260.9945297801153,276.8021240234375,377106.0
2005-02-02,277.6093781186292,281.7240514107678,274.5103552507264,276.02081298828125,294661.0
2005-02-03,278.4948193471253,280.99485993577906,276.5676934678381,278.10418701171875,291498.0
2005-02-04,278.65105330062687,284.770959611435,277.71354209606795,282.713623046875,368083.0
2005-02-07,283.85951245102285,288.5991723283448,276.04686531934334,277.8437805175781,370283.0
2005-02-08,273.96349522588207,280.21361298768926,272.9218089322476,275.2135314941406,232774.0
2005-02-09,275.5260022544921,281.09902983006407,272.92178673223793,275.86456298828125,480818.0
2005-02-10,276.5677080986985,280.2136100887002,275.1093536606463,277.32293701171875,224899.0
2005-02-11,281.25522267325016,287.71368865052955,276.59367142099666,286.6459350585937,562714.0
2005-02-14,288.5470067015832,295.6304584101335,288.02616372919766,293.7294006347656,480153.0
2005-02-15,293.1565448451136,293.1565448451136,287.2449879983961,289.38043212890625,187582.0
2005-02-16,290.552254428094,291.6720795924227,281.9583449401029,285.7865600585937,229449.0
2005-02-17,285.4219826248516,285.4219826248516,276.07284380683853,276.7760009765625,377157.0
2005-02-18,277.06245504677906,284.22404668033755,276.6457869824101,279.06768798828125,396001.0
2005-02-21,280.73443721757167,286.35953646620936,276.04684921208343,282.2969665527344,405137.0
2005-02-22,281.7240204877048,283.7032177339963,279.69271986219616,281.2552490234375,210325.0
2005-02-23,283.02613326158536,283.02613326158536,278.6510388147668,279.484375,99166.0
2005-02-24,280.5781800328054,282.5053058312526,277.635403846958,279.74481201171875,293838.0
2005-02-25,281.1511209357171,281.1511209357171,269.2759036880791,270.52593994140625,289300.0
2005-02-28,274.48427236464136,284.90113279593703,270.8383712136879,283.62506103515625,358054.0
2005-03-01,284.9012564530312,292.50555515251415,269.4061698360701,285.70855712890625,857629.0
2005-03-02,286.8802945255274,289.0678413041537,281.255196944582,286.619873046875,238779.0
2005-03-03,286.463655707294,295.3179868837013,281.95835095164,293.2606506347656,324332.0
2005-03-04,293.75553426624947,297.84414024537017,291.6721616828009,291.7763366699219,260205.0
2005-03-07,291.9324961480035,296.8805045572917,291.6720746527778,292.97418212890625,123337.0
2005-03-08,292.7138039475818,294.7971762176714,286.7241086710744,288.8856201171875,260760.0
2005-03-09,291.67222339893044,293.75559642320854,285.42210432609625,288.4690246582031,270619.0
2005-03-10,288.547082565815,290.83880496273935,285.47409550490374,289.2762756347656,123125.0
2005-03-11,290.1096141603728,295.00555214217127,289.0679279335851,293.62530517578125,194542.0
2005-03-14,294.7972580524258,304.6932790824542,290.1878083411797,299.4067077636719,550949.0
2005-03-15,299.4848291924659,300.5265155548745,291.9326030650037,293.75555419921875,354941.0
2005-03-16,304.69322628305014,320.8393630604425,286.48975281639656,288.36480712890625,194470.0
2005-03-17,288.547070736446,288.547070736446,279.1718951529514,281.1510925292969,151345.0
2005-03-18,281.25530109206625,282.29698739240723,276.64585192895464,280.7865295410156,232381.0
2005-03-21,282.29700937402544,284.9012253276603,277.6354564590698,279.09381103515625,133609.0
2005-03-22,277.60940140349805,278.54691272383513,275.08332481956995,276.4114685058594,127516.0
2005-03-23,275.005200293989,289.9013025940154,275.005200293989,284.1720275878906,292749.0
2005-03-24,288.5470838009874,288.5470838009874,278.07814997464567,283.5209350585937,108267.0
2005-03-28,281.750022759663,285.4219594937435,280.2395653676166,281.61981201171875,95719.0
2005-03-29,283.85954593746675,283.85954593746675,264.0675042023773,270.3436584472656,226315.0
2005-03-30,273.4426124302904,286.46368921268515,267.1924955747409,283.4688415527344,312981.0
2005-03-31,283.3646303263873,293.7554546272668,277.60932148286025,285.4219665527344,541730.0
2005-04-01,291.6200249105952,291.6200249105952,282.32295776089126,283.5990295410156,343571.0
2005-04-04,288.49498542523963,288.49498542523963,278.15623154677434,279.484375,217787.0
2005-04-05,281.2553371833243,286.4637693533858,275.994833407461,281.0990905761719,165301.0
2005-04-06,283.8594965654184,285.9428690172747,277.0885360968855,278.80731201171875,124279.0
2005-04-07,278.651102184974,285.3178885521982,278.651102184974,281.9063720703125,109166.0
2005-04-08,279.1718848647337,283.755297512028,276.69788028804066,277.89581298828125,86746.0
2005-04-11,276.69786504788306,279.1718694883112,245.31707188245247,274.1457214355469,98524.0
2005-04-12,275.91666372028214,277.03648922900373,273.31244792301663,273.7812194824219,238079.0
2005-04-13,273.4426232722352,274.48430945612944,266.8018738499095,267.53106689453125,340612.0
2005-04-15,266.9060040675068,273.3384024584783,261.4631883114433,269.5362548828125,279567.0
2005-04-18,262.5048260220968,267.1403406260767,259.952698948077,260.994384765625,189969.0
2005-04-19,262.5049417208062,265.5258255652003,251.02035687846936,253.36415100097656,280924.0
2005-04-20,254.4839872024796,271.3593034716457,254.4839872024796,268.28631591796875,612452.0
2005-04-21,266.6716335973278,270.31753483791624,263.18197890910307,268.5727233886719,190604.0
2005-04-22,267.9736892685132,270.31748246911246,262.504838467115,263.80694580078125,189867.0
2005-04-25,263.54658575950583,265.6299579789486,262.06217987417915,264.3278503417969,115218.0
2005-04-26,264.06739246749584,266.6716073833488,262.03610801210374,262.79132080078125,133999.0
2005-04-27,263.54658650115897,265.5778712418582,260.4215281632006,261.3590393066406,161463.0
2005-04-28,261.46323410883514,273.9634684088591,260.9944785015582,271.3592529296875,438902.0
2005-04-29,268.75501622282115,268.75501622282115,260.9944578868336,262.3226013183594,138846.0
2005-05-02,260.31732301757904,271.3592008896537,259.9527424573345,268.3383178710937,266662.0
2005-05-03,270.23945855590154,271.333248256462,265.6560451447612,267.3487854003906,164483.0
2005-05-04,265.68214623439627,278.6511400404831,265.68214623439627,275.4219055175781,208114.0
2005-05-05,276.8801779482376,282.29695887878177,275.00515551290914,280.9427795410156,254770.0
2005-05-06,281.5156817335227,282.8177894196167,276.0468294519279,281.5417175292969,196284.0
2005-05-09,273.62493378548567,288.44292763361096,273.62493378548567,286.7241516113281,345801.0
2005-05-10,285.5782212119968,286.4636607030259,281.77607352788544,284.8490600585937,233180.0
2005-05-11,283.3386982702978,288.0262870284461,282.2970118795982,287.0887756347656,192449.0
2005-05-12,288.4950119347833,290.8388059345757,286.3074645103624,287.53143310546875,265949.0
2005-05-13,286.46358926281687,286.9323605793196,283.0781104806199,284.5625,143841.0
2005-05-16,287.50539730786363,288.96375166089746,282.37510537976993,287.53143310546875,113677.0
2005-05-17,289.0679215026388,291.62006541738697,284.5105443618314,286.5157775878906,141847.0
2005-05-18,285.1616018815163,291.1512976287992,283.8594941103678,289.9794006347656,174149.0
2005-05-19,289.06790507844266,294.22426420925075,289.06790507844266,292.0106811523437,245381.0
2005-05-20,292.01068754096553,296.8545218605762,290.6304406535076,295.8128356933594,190881.0
2005-05-23,295.7607207378698,299.1983040290143,295.3180168500215,297.4534606933594,222802.0
2005-05-24,296.3597562952637,299.4848152368658,291.6721678828606,296.0993347167969,304650.0
2005-05-25,296.72439393409195,302.0890728351107,292.2451230906192,301.4380187988281,242342.0
2005-05-26,298.4430871322001,312.5058504002095,298.4430871322001,309.5891418457031,1166436.0
2005-05-27,307.2974555302144,307.2974555302144,294.3805518929946,302.06298828125,279864.0
2005-05-30,302.3493429621697,302.974360881795,294.406487699167,296.5419311523437,174709.0
2005-05-31,296.3597752948156,296.3597752948156,286.5158262817785,287.9742126464844,131519.0
2005-06-01,289.0678735460554,293.5992141379676,289.0678735460554,291.6720886230469,397282.0
2005-06-02,293.2346869484108,293.2346869484108,288.156466348505,290.5783996582031,209594.0
2005-06-03,291.67216313154734,292.7138494284457,288.23461106767985,290.5523376464844,112854.0
2005-06-06,290.63040211703475,293.7554602043147,286.98450101520814,287.6615905761719,125315.0
2005-06-07,288.0262535813154,291.0471374055942,284.14596586860966,289.1981506347656,152073.0
2005-06-08,290.3700135957374,293.7554935748806,289.06790591145165,290.2658386230469,128930.0
2005-06-09,289.06793896484106,292.94822666565085,289.06793896484106,289.38043212890625,83024.0
2005-06-10,289.06791886814847,291.80234512771204,286.7241249313797,287.4012145996094,103170.0
2005-06-13,288.15649064895723,290.05758098052394,282.63556563168044,284.1720275878906,167275.0
2005-06-14,284.9010877440136,285.42193068321654,279.17181541278114,281.4374694824219,128244.0
2005-06-15,281.77605969980124,286.4636466448996,279.24998389528054,286.1511535644531,74875.0
2005-06-16,286.4637029746439,288.28665381175534,283.3907159904746,286.88037109375,177967.0
2005-06-17,286.46364977283355,288.93765402087166,283.208381025415,287.0105285644531,174601.0
2005-06-20,287.50538576911646,287.50538576911646,282.296954867502,285.5001525878906,120744.0
2005-06-21,290.1096638567827,290.1096638567827,283.3387022227824,286.5419006347656,311936.0
2005-06-22,287.0887128636638,292.4533902448468,285.5261836192568,289.0158386230469,374997.0
2005-06-23,289.06795935865586,304.17241128910814,289.06795935865586,302.5057067871094,1259346.0
2005-06-24,300.94314113155974,316.6726093347539,292.84403716852853,313.5215148925781,1594253.0
2005-06-27,313.0265853330692,313.0265853330692,302.6617988266155,304.6149597167969,437543.0
2005-06-28,304.17238774669784,308.7558009301381,299.22437801451696,300.3702392578125,235287.0
2005-06-29,300.7087247498631,305.7348729408503,297.9222271246446,300.44830322265625,440910.0
2005-06-30,301.04728899124865,312.5058363230955,294.9273830299214,303.3910827636719,1020269.0
2005-07-01,307.2973939881678,309.90160919145734,301.5681205409308,303.8077392578125,181414.0
2005-07-04,306.2557893218014,307.7662472571436,302.68802626073614,304.0422058105469,94115.0
2005-07-05,302.68798533374303,305.21406169501546,297.40141506459696,301.4900207519531,144055.0
2005-07-06,302.08901089923336,304.1723833881936,296.3597365545927,300.3962707519531,280814.0
2005-07-07,300.3962573242188,308.2349396055937,296.88056640625,302.74005126953125,210003.0
2005-07-08,305.63078632707123,306.9589301418329,302.60990209610924,305.526611328125,226330.0
2005-07-11,306.7766311434774,316.1518083261304,304.6932584362212,308.7558288574219,478646.0
2005-07-12,308.7557347517944,317.71424102048286,307.42759141367213,316.6204833984375,225623.0
2005-07-13,319.27678477384313,333.3395469090695,316.229865693772,329.2769775390625,471391.0
2005-07-14,328.13114095270714,330.7353563570937,321.8810239821794,323.20916748046875,355111.0
2005-07-15,325.0060077473075,330.73528031977605,318.834031373768,327.2977294921875,171979.0
2005-07-18,330.73539249020365,342.45436309025024,328.1572126002449,340.78765869140625,547580.0
2005-07-19,341.2043163821217,341.2043163821217,327.6103236187658,332.4801940917969,815909.0
2005-07-20,338.20654366345906,338.20654366345906,327.45275849133003,330.67889404296875,605062.0
2005-07-21,330.94775499062666,333.3673567736613,322.6135710712851,326.5386962890625,287294.0
2005-07-22,322.61358567798027,333.3404939653633,319.9251391306637,331.5392150878906,134727.0
2005-07-25,332.29196323377494,332.29196323377494,325.30200284212594,325.6246032714844,191321.0
2005-07-26,297.3421805705974,328.9851825005234,297.3421805705974,327.9635925292969,395065.0
2005-07-27,319.9252124221499,328.6626657025868,319.9252124221499,327.9367980957031,130700.0
2005-07-28,327.9367980957031,327.9367980957031,327.9367980957031,327.9367980957031,0.0
2005-07-29,322.7211134748925,340.8950046347315,322.7211134748925,334.8191223144531,734951.0
2005-08-01,335.51810312408526,341.97037433801,331.2165889814688,340.16912841796875,147444.0
2005-08-02,346.8096406354074,346.8096406354074,337.72267723421265,339.5239562988281,88866.0
2005-08-03,339.81969497706814,343.04583132178715,334.7116457645964,337.1043701171875,142253.0
2005-08-04,338.69048304898973,340.1960064358383,333.36734616847497,339.09375,125450.0
2005-08-05,340.1691225845518,340.1691225845518,329.9261159537405,330.67889404296875,185917.0
2005-08-08,330.678949084372,333.36739582489537,323.76965408840834,326.1354675292969,127664.0
2005-08-09,326.9150762495686,333.3673474913364,322.61356208839004,327.2645874023437,91948.0
2005-08-10,330.67892301704705,338.7442626028287,328.528165794172,336.7010498046875,303663.0
2005-08-11,337.131104775525,360.2517387553457,333.50170292985547,351.6487121582031,251341.0
2005-08-12,351.64872914602734,377.4578101842679,344.2017470152958,372.67236328125,480634.0
2005-08-16,371.5432666751908,373.6940236458142,361.32717106472967,365.4942626953125,198723.0
2005-08-17,364.5534657693012,365.6288447243728,357.6441691101501,364.7685546875,158128.0
2005-08-18,365.0910636988576,368.8011332907253,359.7679260788654,366.2739868164063,164828.0
2005-08-19,368.8011730423509,370.3066968006177,362.940345447935,365.1179809570313,110392.0
2005-08-22,368.3170312543381,376.3554898139145,360.8700503919183,367.6180419921875,84327.0
2005-08-23,368.3172073906412,374.7694796369006,362.94031385209166,366.4084167480469,194151.0
2005-08-24,362.9402626530786,365.6287090431014,348.47640794757626,349.4442749023437,171538.0
2005-08-25,351.1111756007321,354.8481234666589,346.83653833878583,349.60565185546875,275598.0
2005-08-26,350.03574406214176,361.1390415439817,348.98724333431005,350.6003112792969,362682.0
2005-08-29,359.5529634231976,359.5529634231976,341.4328213037974,346.0300598144531,225667.0
2005-08-30,344.1211542117161,347.2935342292856,338.87868350302193,344.7663879394531,164846.0
2005-08-31,345.1965621836233,351.5950785662332,344.6588728344276,347.5624084472656,185066.0
2005-09-01,353.6919932351743,359.1764303216394,351.0573355178954,358.1279296875,239488.0
2005-09-02,360.2518745684293,377.7267789318233,352.2672006249526,368.0483703613281,914800.0
2005-09-05,368.0483837758894,375.8448798529536,336.94306600250894,373.6941223144531,377853.0
2005-09-06,373.1563783233878,381.7325293167446,366.1664173461486,378.237548828125,190770.0
2005-09-08,378.5333946078432,382.1090427835251,375.3072577219809,377.05474853515625,342479.0
2005-09-09,377.4579491869987,379.60870673222377,369.5539086447055,372.94134521484375,343205.0
2005-09-12,375.7374035597909,380.0927080559477,369.5002186940859,375.4416809082031,172383.0
2005-09-13,376.0599702684282,376.0599702684282,370.1991428249182,371.865966796875,193990.0
2005-09-14,372.6187459630656,374.769503515522,367.5106967759818,369.1775207519531,306418.0
2005-09-15,369.39251670873006,372.0809629729857,366.3814700199427,368.4246826171875,294806.0
2005-09-16,370.9518128488175,370.9518128488175,365.7093428570999,368.2633666992188,170225.0
2005-09-19,368.2633818878073,376.22117625524027,364.5801908201804,374.876953125,436826.0
2005-09-20,376.22123660051415,383.3187424302008,375.8448475000852,378.6408386230469,221721.0
2005-09-21,379.0710129026799,389.2064445885694,369.44635987342974,380.899169921875,444540.0
2005-09-22,379.07100846447656,382.8348340804359,371.0056678588494,372.0541687011719,240393.0
2005-09-23,372.0809335273384,379.0171374673815,369.39248747584026,376.1673583984375,220357.0
2005-09-26,378.5332624479118,385.2543786135352,376.38250527491226,383.5875549316406,235808.0
2005-09-27,384.9855199145013,387.4588774459904,380.68400572551246,384.609130859375,206123.0
2005-09-28,384.4478064832525,392.4862671824008,381.7593602840689,390.8731994628906,298994.0
2005-09-29,392.54009822279454,405.8747873632,392.51322031924,400.0677490234375,953631.0
2005-09-30,400.5785071605775,402.1915749746469,393.4272464151261,398.5890502929688,343741.0
2005-10-03,403.266930131766,408.0254667801421,400.5784839308876,402.4872741699219,202051.0
2005-10-04,403.2670557437886,414.0208438969563,400.6592752438282,410.47210693359375,549426.0
2005-10-05,408.6439606362141,413.4831654332218,404.0736005501511,406.9502258300781,365608.0
2005-10-06,407.8911375342548,407.8911375342548,396.3308162328827,399.9064636230469,217423.0
2005-10-07,400.3096864852608,400.5785311370306,390.9538794764909,393.0777587890625,236290.0
2005-10-10,394.1263999127741,402.9445207596991,393.1585653851755,399.7183837890625,131781.0
2005-10-11,400.9817578609747,400.9817578609747,388.2653939816509,392.1905517578125,645173.0
2005-10-13,392.4593746833877,396.8146442368579,366.81159233375774,378.12994384765625,416711.0
2005-10-14,379.071008801111,381.947633825824,360.25188070460194,370.9787902832031,470910.0
2005-10-17,367.24178963146,384.3940913226862,367.24178963146,374.2317504882813,358275.0
2005-10-18,376.38251292753466,388.29234414235054,375.3340122207893,385.2275085449219,1152176.0
2005-10-19,376.9201985690154,379.9850341366616,366.1664125898709,370.2528381347656,511099.0
2005-10-20,373.1563101208066,379.07089140514216,371.6776647997227,375.5221557617188,346662.0
2005-10-21,371.6777659251167,405.1489282091508,353.0199387791006,399.5569458007813,425142.0
2005-10-24,405.1488594692456,415.5262556764012,387.8621365452034,390.8194274902344,285305.0
2005-10-25,389.8247083643584,393.5885331347729,381.75936957061305,384.7704162597656,220515.0
2005-10-26,386.5986899614709,388.5343587311742,374.3662557519807,379.25921630859375,257096.0
2005-10-27,382.2971258412808,451.6590516268296,374.3124521629164,387.7008972167969,662914.0
2005-10-28,385.52324187760377,387.0287654078172,372.7262426438622,374.39306640625,227742.0
2005-10-31,374.1779177547268,383.0497893258642,371.005538429385,380.6301879882813,330881.0
2005-11-02,381.2216940619881,391.3840344356719,378.0224363282025,384.82421875,446288.0
2005-11-04,384.82421875,384.82421875,384.82421875,384.82421875,0.0
2005-11-07,383.0499293988919,405.9017281658033,382.3778176704533,402.7562255859375,305157.0
2005-11-08,403.26694983099054,427.35542240397206,393.5885430350468,424.0755310058594,546699.0
2005-11-09,423.1616080007878,429.80205975137966,416.7093344353374,418.59124755859375,398816.0
2005-11-10,416.7091445701994,424.7207270575015,407.5684278505951,417.9189453125,165970.0
2005-11-11,419.93521264377085,436.0658866249656,419.93521264377085,433.4849853515625,393150.0
2005-11-14,434.9906633055938,439.2921778994687,419.4245508054189,422.8388977050781,357471.0
2005-11-16,429.613878998897,429.613878998897,422.6239160114306,425.90380859375,211090.0
2005-11-17,427.40920203342216,439.7222662852287,423.77979956126575,433.72705078125,440971.0
2005-11-18,433.3776069198578,444.0507271640901,433.3776069198578,439.2384338378906,336076.0
2005-11-21,440.824610751366,454.1862111012615,437.7060190122239,450.9331970214844,680614.0
2005-11-22,450.0459969075229,453.27213308607145,440.0180771586861,449.3201293945313,402163.0
2005-11-23,449.50823829849566,458.9178007030694,446.2821026169275,453.4871520996094,535528.0
2005-11-24,454.29366505336696,459.58989109232937,448.1639944141053,452.1159973144531,381692.0
2005-11-25,452.73439005913866,457.5735937533575,451.7934337852628,456.6595153808594,190433.0
2005-11-28,463.1117927289429,468.3273855611242,459.8050231875653,462.3859252929688,369971.0
2005-11-29,464.7248145413801,466.1228262891577,452.8150172849369,457.9230651855469,248124.0
2005-11-30,459.1867329518834,459.7244223347311,446.36285429814944,448.2985229492188,450024.0
2005-12-01,448.9705833687876,448.9705833687876,438.7544862621924,442.30322265625,392338.0
2005-12-02,443.5935983338202,450.0458688550395,441.4428414934139,442.8408203125,431820.0
2005-12-05,442.5183222518649,445.4218577850728,426.468308745731,428.9954223632813,312804.0
2005-12-06,429.0759878589694,440.36746122367913,427.1940756315178,433.5925903320313,422656.0
2005-12-07,437.5178434686536,445.4756395180588,434.99069688607074,443.2980041503906,497978.0
2005-12-08,443.8625722473759,447.8952424979577,438.324378333501,443.62060546875,337454.0
2005-12-09,445.2068716744396,461.8214890706335,442.5453022910547,460.2621765136719,497427.0
2005-12-12,461.8212742601672,467.1443777330009,452.734313510277,458.21875,273110.0
2005-12-13,461.8751376547827,461.8751376547827,455.98743288709454,458.4877014160156,255413.0
2005-12-14,460.2620014054339,474.24192200887,457.6542216508182,461.3642578125,450851.0
2005-12-15,464.5635169453344,465.0474504026649,443.7280582860385,449.4275512695313,207409.0
2005-12-16,464.99383123142,464.99383123142,452.3850070264161,455.3960876464844,250158.0
2005-12-19,455.4228280119574,461.8213436814541,455.4228280119574,459.8587646484375,241103.0
2005-12-20,461.82135957946974,462.3052602657013,451.6590185352464,451.73968505859375,139102.0
2005-12-21,452.19666055047406,472.6288521092351,452.19666055047406,470.2899169921875,360998.0
2005-12-22,473.0591359926168,473.0591359926168,465.8003289631683,467.8704528808594,379762.0
2005-12-23,469.9405097841153,470.4781991545776,456.4982755225559,458.8103332519531,163163.0
2005-12-26,457.5735173064261,460.26196335405496,452.33104751355,456.9282836914063,58070.0
2005-12-27,459.1865089305933,479.7799956832136,454.3473068458447,463.7568664550781,127146.0
2005-12-28,454.3474653261462,466.7143194119466,454.3474653261462,457.8693237304688,100258.0
2005-12-29,463.756887796889,463.756887796889,447.4917911524184,454.58929443359375,231067.0
2005-12-30,454.3474111525408,471.95673389247656,450.5835864447683,461.9826049804688,162914.0
2006-01-02,465.1013071089187,465.1013071089187,452.1967621717926,454.93896484375,139006.0
2006-01-03,456.4981760321231,466.12282679295936,455.4227975255692,463.0848693847656,351510.0
2006-01-04,465.074233022358,465.074233022358,457.5734628781006,460.6114196777344,275706.0
2006-01-05,461.2567874545568,469.3221275591509,459.7512638652898,466.6874694824219,286159.0
2006-01-06,466.6066663514268,474.2418593121037,465.6388323858071,471.6878356933594,600970.0
2006-01-09,472.09121708167936,477.57565464097934,465.26255623911726,469.5103149414063,283808.0
2006-01-10,463.00427387681634,470.4781687707557,453.8366772660738,455.0464782714844,400418.0
2006-01-12,455.0463777381967,460.6921145161345,451.14813091533495,453.0838317871094,509567.0
2006-01-13,459.99323501245806,459.99323501245806,447.6263800676462,450.9869384765625,214849.0
2006-01-16,448.970580401517,454.8851628978245,447.6801129115057,452.19671630859375,146905.0
2006-01-17,451.73961788448224,455.7722870931709,446.9004148340558,448.5941162109375,153243.0
2006-01-18,446.9004982255822,451.6321577497809,440.9859156158458,447.491943359375,239472.0
2006-01-19,451.6322166253958,459.4555908063718,448.4329581422049,452.5462951660156,344766.0
2006-01-20,453.2719946762002,458.0574416736249,452.196616278392,456.0411071777344,169592.0
2006-01-23,454.8851557533933,457.035912990998,445.20674818417217,449.3738403320313,242551.0
2006-01-24,451.1212377796792,454.8043956641711,449.0242367772444,450.6642150878906,262796.0
2006-01-25,452.7343810168029,466.3647913561027,450.61050176316974,463.6225891113281,618781.0
2006-01-27,464.5634849867503,473.1665124865049,464.5634849867503,471.4727783203125,396261.0
2006-01-30,472.0911658020049,477.3605139364332,453.8634869337234,457.4928894042969,388398.0
2006-01-31,460.799773681473,466.6068121071004,459.2404614368164,460.9073181152344,210587.0
2006-02-01,462.4396507389183,472.5751131831928,460.7997050267418,464.966796875,529120.0
2006-02-02,466.6067193514105,469.4027099836309,459.9931482141996,461.9826049804688,203620.0
2006-02-03,458.7027281548284,461.0685741991822,449.8308547154272,456.6595153808594,164081.0
2006-02-06,456.982162117184,470.47815080156846,454.4012271498543,468.1123046875,323594.0
2006-02-07,472.3600228395693,473.43540137762176,457.304723306834,470.0210876464844,546933.0
2006-02-08,470.4782468851933,481.2320353854263,462.41290551001856,475.8820190429688,453939.0
2006-02-10,481.17807100202566,498.59918113039566,479.0810700262484,496.1258239746094,557359.0
2006-02-13,496.7174945632112,505.4280699926334,484.72702670038194,487.5498962402344,202888.0
2006-02-14,492.89982052033,499.4058483540703,480.1565767027036,485.9367370605469,648357.0
2006-02-15,486.5549783371389,491.4479370117188,476.2850947547704,480.1564636230469,205704.0
2006-02-16,482.8449468522091,498.5454795272513,480.9630344758364,495.3462219238281,323262.0
2006-02-17,497.9005104271884,504.2452403895574,475.3175499110524,478.0597534179688,454929.0
2006-02-20,487.57662971142105,487.57662971142105,466.71429233205714,476.0700988769531,175232.0
2006-02-21,477.5218338014116,486.7700959298835,477.5218338014116,482.3072814941406,203143.0
2006-02-22,486.286241853048,487.6842209800547,479.0811917235157,482.4686279296875,119137.0
2006-02-23,483.11384474467457,495.6419990965557,478.5703635143148,491.3404846191406,512153.0
2006-02-24,491.878057801618,491.878057801618,475.90868251082486,478.2476501464844,187208.0
2006-02-27,480.1565643059714,485.5334575232835,473.3010254538985,477.387451171875,174037.0
2006-02-28,481.1781020651412,483.3826147672685,465.7195367986685,478.1670227050781,277852.0
2006-03-01,478.2746413265464,488.5982826438968,476.9304180513172,481.9847106933594,617074.0
2006-03-02,483.9203567314201,491.9856960102771,481.2319103051344,484.0547790527344,556409.0
2006-03-03,488.0337880295462,489.835034359118,468.8651481461591,472.9784851074219,569740.0
2006-03-06,477.7099694175908,480.1564486787369,473.7041783717438,475.4785461425781,220916.0
2006-03-07,478.48974053578536,479.61887498424016,470.6125788452424,477.387451171875,275860.0
2006-03-08,478.4629404669944,493.5989115013267,473.1667125502914,484.4581909179688,961205.0
2006-03-09,484.4581031345844,490.37268596974576,464.7248974755006,473.4892272949219,558839.0
2006-03-10,475.3172673055416,488.2218084993572,470.4780643578607,485.88287353515625,472695.0
2006-03-13,488.7596697449091,490.6147047580274,477.5757366707732,480.9900512695313,184344.0
2006-03-14,461.1223484398372,483.9203887713574,440.42130958684027,474.4839477539063,151679.0
2006-03-16,484.99574378311866,491.8781601911738,475.3173364792426,478.8123168945313,218289.0
2006-03-17,476.50025795718864,484.9957422218754,476.4195914360693,482.7912292480469,245716.0
2006-03-20,487.1465604781434,490.8028415649404,482.87192349976095,489.4586181640625,173496.0
2006-03-21,489.4585720352715,505.3204066707394,489.2972718059587,491.3404846191406,521467.0
2006-03-22,491.4481010909408,494.566692980662,476.1239535186303,481.2588806152344,251064.0
2006-03-23,480.9093185299089,486.5012675066124,475.8550260302047,477.1992492675781,119676.0
2006-03-24,475.8551008685877,483.8397750271666,467.9241825207779,478.220947265625,153706.0
2006-03-27,481.0973740419878,489.2971337001496,473.4353035417382,477.0915832519531,243385.0
2006-03-28,481.23183479518815,485.5064705058404,473.70418598274944,476.1506652832031,194211.0
2006-03-29,476.9304903154152,483.8397858698034,470.0211947610271,473.1935424804688,425399.0
2006-03-30,480.69438864731774,488.7597307387157,474.3496594323435,480.23736572265625,252191.0
2006-03-31,481.258727144233,488.7594982854704,476.0700458906056,478.7853698730469,536100.0
2006-04-03,486.6088342812935,487.1465236009414,478.00580516692816,481.904052734375,650287.0
2006-04-04,486.6087726932835,486.7431950061822,478.8660343431396,481.3663024902344,375060.0
2006-04-05,486.6087336683328,492.4695591678697,481.7695307920732,484.02783203125,633584.0
2006-04-07,489.2167363278917,489.24364705494486,463.7840317311549,470.3707275390625,715478.0
2006-04-10,468.8649605552571,477.951920739067,464.160180274456,467.5744934082031,463435.0
2006-04-12,463.5956822126489,463.5956822126489,443.59363536357455,445.8788146972656,941375.0
2006-04-13,445.7445085751954,460.6385113843029,436.60378885773065,443.378662109375,383546.0
2006-04-17,456.71320340913496,462.4126955998159,447.3573985337754,456.3099365234375,380679.0
2006-04-18,456.9284017182717,476.8229076095743,456.9284017182717,472.5213928222656,1219421.0
2006-04-19,475.85508856860406,475.9088443779837,462.9505437938622,468.273681640625,400984.0
2006-04-20,473.1396803761072,475.53240419461554,458.2188031122883,460.7728271484375,755738.0
2006-04-21,465.1550450775141,465.1550450775141,454.3475022343864,459.7243957519531,907652.0
2006-04-24,462.2515271305416,462.33216083989225,451.98164115754514,456.8746337890625,140689.0
2006-04-25,459.1868053371624,459.1868053371624,441.44305290610106,444.1315002441406,191209.0
2006-04-26,451.6589435690144,457.03583575435977,444.1312945095308,455.44964599609375,418520.0
2006-04-27,457.0359617326099,465.1013022337736,436.71131023326825,443.62060546875,790890.0
2006-04-28,444.1313019992538,459.7242895997119,425.9036240563676,453.9710083007813,265320.0
2006-05-02,456.4982783119324,462.4128614231588,444.93795677635336,446.6585693359375,435033.0
2006-05-03,451.7934479295914,455.691695471977,450.58364696816136,454.56256103515625,210172.0
2006-05-04,455.6916282117154,458.0843518791892,447.43811155358446,450.8793029785156,234133.0
2006-05-05,451.68593248204616,462.4128415918668,449.5082971753496,461.4450073242188,264884.0
2006-05-08,461.8749856551715,473.1664579470907,461.3372964984134,471.2845458984375,490083.0
2006-05-09,473.16650390625,476.39263916015625,467.84336761012673,473.7041931152344,549200.0
2006-05-10,476.39272367971193,478.5434808972276,468.999495744502,473.03216552734375,425471.0
2006-05-11,469.4028485782964,475.7475769668515,465.2357557071832,468.3812255859375,84254.0
2006-05-12,468.865080581053,476.4464867614332,455.42284776622927,472.7364501953125,493552.0
2006-05-15,470.478113565519,476.9303848372746,441.4966486427035,458.8371276855469,273665.0
2006-05-16,460.2622245829036,464.0260511858012,445.74460768601296,456.22955322265625,238748.0
2006-05-17,461.7675806479978,483.0600973736767,459.7243677991475,479.9683837890625,357828.0
2006-05-18,475.69381893513537,475.69381893513537,452.7882307951382,469.3490905761719,425050.0
2006-05-19,468.86508621641786,468.86508621641786,419.6127577181124,442.7333984375,571255.0
2006-05-22,443.5936597536739,454.347445444672,404.3423419815306,437.571533203125,421932.0
2006-05-23,437.5715098798725,440.9051898299814,411.3591586552242,426.7370910644531,727275.0
2006-05-24,438.6469547657342,438.6469547657342,407.0308282989689,415.7682800292969,362490.0
2006-05-25,407.4340705982793,443.5936763359689,407.4340705982793,426.226318359375,1112281.0
2006-05-26,419.3976847275864,456.4982491457959,419.3976847275864,444.1851501464844,289028.0
2006-05-29,444.6690944007764,464.0259110856954,435.52837541067584,456.068115234375,335972.0
2006-05-30,463.48822987463126,467.7897447690594,418.8600128449394,431.1193237304688,825202.0
2006-05-31,418.8600167985357,418.8600167985357,393.1046829978624,414.12835693359375,803889.0
2006-06-01,430.1514848609248,435.4208339868803,376.3825492533092,387.0825805664063,741788.0
2006-06-02,387.1363232355826,413.9939122236417,378.022482395821,410.06878662109375,527054.0
2006-06-05,413.993899504521,426.817776690531,403.2938688833153,406.14361572265625,398009.0
2006-06-06,402.1917102541808,424.12943334081695,381.7595110701449,406.8158264160156,556156.0
2006-06-07,402.1914829239466,415.0422666953508,393.0507674029478,397.4060363769531,499880.0
2006-06-08,399.503312436458,407.03096569905614,380.6841792799627,395.6857299804688,706178.0
2006-06-09,397.89007517845965,411.8162409368857,392.5131822706426,404.23480224609375,439413.0
2006-06-12,411.33226192243006,411.33226192243006,373.882193837216,379.2322082519531,434244.0
2006-06-13,373.8823232645379,373.8823232645379,342.0242252833637,353.10064697265625,489600.0
2006-06-14,354.2835336736099,371.2745043820135,341.43274479736215,345.54608154296875,388621.0
2006-06-15,362.8327818620356,381.2217649581642,345.8686887296744,376.7858276367188,613951.0
2006-06-16,381.2216500508077,410.7676787163599,381.2216500508077,398.2126159667969,605750.0
2006-06-19,398.2126597038819,402.0840290063099,382.0551037255146,399.987060546875,260271.0
2006-06-20,397.8900372993982,411.33226828924273,382.3239272495689,402.05712890625,234219.0
2006-06-21,397.8899465499458,408.5361845021538,389.9321541825348,406.5736389160156,260191.0
2006-06-22,408.6439499277021,431.22690505528567,408.6439499277021,413.9132995605469,234545.0
2006-06-23,408.6438365423168,419.2900772991718,401.1161869218005,408.3481140136719,324188.0
2006-06-26,397.78246931487536,418.8598928214703,380.2806921668612,394.3412780761719,293951.0
2006-06-27,397.88997045511536,409.9879763135479,387.9427211937375,403.8583068847656,198208.0
2006-06-28,404.476829252212,411.2248242932941,399.0999355433093,406.9233093261719,258818.0
2006-06-29,408.64388759397286,428.53839264789,408.64388759397286,423.5916442871094,823075.0
2006-06-30,429.0760262003965,435.4207528563116,412.9991043220998,426.7370910644531,382628.0
2006-07-03,434.4528955080318,435.6358183712716,419.5857752511541,425.2584228515625,336760.0
2006-07-04,426.9252252103743,430.6890496139922,422.0860224057227,426.03802490234375,222169.0
2006-07-05,424.7744684083069,430.09760462060143,419.3975764031385,426.03802490234375,244976.0
2006-07-06,419.9353019895857,424.7745052135374,414.8810099396128,417.4619445800781,170910.0
2006-07-07,416.1715967690487,423.6992483901943,397.8901571176951,402.2723388671875,215655.0
2006-07-10,401.1162097294721,416.6554433140002,401.1162097294721,412.3001403808594,303786.0
2006-07-11,414.0206990630416,416.54784495857393,383.4261693427633,387.808349609375,1020913.0
2006-07-12,383.4262061457408,393.0508572269033,376.382489820564,391.8141784667969,680986.0
2006-07-13,391.8142494727762,391.8142494727762,379.6086942416424,382.3778076171875,640619.0
2006-07-14,381.7056052230431,389.79782173459495,373.6940224068541,385.9264526367188,963679.0
2006-07-17,384.4478689679465,387.136315604086,379.6086650228954,381.625,546770.0
2006-07-18,381.78624595086455,389.82470681357535,381.2485567000872,386.70611572265625,262158.0
2006-07-19,389.82478405148606,394.6639882672976,380.68406497717535,383.8564453125,208012.0
2006-07-20,388.211592569927,389.82466012908185,381.893744629904,384.93170166015625,327022.0
2006-07-21,384.9855361469027,384.9855361469027,379.0709538876626,381.5443115234375,137759.0
2006-07-24,376.4362836815072,387.6740037124183,372.618702597373,382.91546630859375,342701.0
2006-07-25,386.5985869766377,388.749344066911,379.3935375970424,383.2111511230469,511203.0
2006-07-26,384.39409061027055,384.39409061027055,376.92019627311015,378.53326416015625,378611.0
2006-07-27,381.65185657865504,385.7114042088153,370.0915366891674,372.08099365234375,1261918.0
2006-07-28,372.080948194236,379.0709082036653,371.0055697312469,375.4683837890625,647285.0
2006-07-31,377.4578389664541,382.8347312594236,375.333959947142,379.5548400878906,323464.0
2006-08-01,377.4578559158598,382.4314815101927,370.46789562112167,374.661865234375,648847.0
2006-08-02,373.42516232819,378.5063320076918,371.005560844422,374.5812072753906,184004.0
2006-08-03,376.38254626993626,379.0709930290072,375.30716756630784,376.8395690917969,224763.0
2006-08-04,377.4578723468422,377.6191725663066,368.3709104409424,369.9839782714844,328679.0
2006-08-07,370.46784835000994,370.46784835000994,357.72460810587665,360.197998046875,376262.0
2006-08-08,365.6288089946813,365.6288089946813,357.0257781948065,359.6873474121094,436905.0
2006-08-09,360.25184631129275,368.3171861540829,360.25184631129275,364.6071166992188,657080.0
2006-08-10,365.6824337571636,371.5432595163658,360.305541434206,362.5638427734375,479803.0
2006-08-11,365.5212290398257,376.2212606849658,364.6071505425398,374.2049255371094,853532.0
2006-08-14,386.3009883508988,386.3009883508988,376.5576692297518,377.8586120605469,1213529.0
2006-08-16,384.69552028004426,396.7639579710432,380.8756780169058,390.3699035644531,778710.0
2006-08-17,393.0549227515719,394.715718199818,383.09015006209546,384.0036010742188,751218.0
2006-08-18,385.9134968562829,393.6085294425482,377.0836279034809,390.9512634277344,416478.0
2006-08-21,388.6260931601601,390.25921526670334,382.34276457123406,386.1902465820313,338884.0
2006-08-22,386.7439227818252,394.5773555625281,386.7439227818252,390.480712890625,553242.0
2006-08-23,390.20378340668833,391.2833069467725,386.9652465753974,387.6018981933594,391612.0
2006-08-24,387.5190210830514,398.0373945124485,385.30462667686254,394.937255859375,1019621.0
2006-08-25,398.0373013077949,404.68048297079,392.99956872894455,395.3800354003906,891810.0
2006-08-28,395.8228251356152,400.9159367762715,394.71562842194913,396.0165710449219,438141.0
2006-08-29,397.5390746914568,400.5285201473295,395.2693343264592,398.2033996582031,749544.0
2006-08-30,400.2516592767588,401.3588561212312,394.3004762377199,398.8123168945313,546792.0
2006-08-31,401.30357898455554,401.30357898455554,397.0131904725063,399.14453125,914561.0
2006-09-01,393.885220636087,403.57319162854174,390.89577607140217,401.9677429199219,366525.0
2006-09-04,399.69810756357367,403.5179506389798,395.82291815506255,399.6427612304688,487717.0
2006-09-05,400.2518577633432,405.51104538264025,397.6499371307365,400.0857849121094,418828.0
2006-09-06,400.8053539945882,402.7429489379322,396.9578372778674,398.3695068359375,640955.0
2006-09-07,394.16209562544,396.0996901966325,378.9934846096604,393.19329833984375,674434.0
2006-09-08,393.7468890876301,408.5556473063916,393.69154275940855,406.9779052734375,706420.0
2006-09-11,409.3862336506391,418.991157462752,409.1094343040193,412.2649536132813,1545565.0
2006-09-12,412.4308188400067,430.1459681056177,412.2093659586002,426.85205078125,752754.0
2006-09-13,426.96277893594765,437.2043496462427,423.5027888311183,431.6683654785156,876785.0
2006-09-14,431.8068479445252,431.8068479445252,418.714229359849,423.8073425292969,680344.0
2006-09-15,423.50286490891153,431.0871713389308,419.6276752953659,424.693115234375,416704.0
2006-09-18,423.5581325844818,429.5646956433608,423.5581325844818,427.294921875,192091.0
2006-09-19,426.9074298956323,427.9039002816946,423.50278613854016,424.7483825683594,625591.0
2006-09-20,426.2153444654476,431.1977291628743,420.7347077826949,428.0698852539063,418649.0
2006-09-21,436.7891760428548,436.7891760428548,421.39914592613457,425.3296813964844,637786.0
2006-09-22,425.7172617674197,427.37805732698047,420.7348750887372,423.94573974609375,352943.0
2006-09-25,420.7624726690925,430.97637028331104,420.7624726690925,427.1842346191406,310103.0
2006-09-26,428.0700158900471,437.8963887087322,425.3020235467554,436.3739929199219,431294.0
2006-09-27,437.34280507113897,441.2179944831617,428.6236288940878,431.0317687988281,336664.0
2006-09-28,432.91411669418727,439.5573000705687,427.4058037201421,437.5366516113281,510339.0
2006-09-29,434.630105805029,437.34275157723374,428.0699780469569,428.9834289550781,193327.0
2006-10-03,436.7890864496187,437.231958359963,425.0527949862094,427.4609680175781,441442.0
2006-10-04,429.0388534192476,432.80331660113166,415.1435440692582,416.1400146484375,614998.0
2006-10-05,417.9945392474186,422.6724533143236,415.1988735897088,417.1087951660156,561687.0
2006-10-06,420.6241173613532,420.6241173613532,414.78366016882205,416.5828552246094,447223.0
2006-10-09,416.8872821310434,419.48920145477183,415.2818669913991,416.6658630371094,204816.0
2006-10-10,420.1812490411782,420.1812490411782,415.1988626889113,415.3926086425781,165354.0
2006-10-11,417.4132633534236,420.18125581597945,408.0020889807337,414.2300720214844,493525.0
2006-10-12,416.3060862568189,416.3060862568189,409.1093055103579,413.8702392578125,593691.0
2006-10-13,414.5898539297305,419.073987439588,411.32360986474754,414.7835998535156,350152.0
2006-10-16,419.0740509937632,419.0740509937632,411.7388711051669,413.8979187011719,188929.0
2006-10-17,413.53809410760135,421.8420719009267,409.6629044707162,419.2955322265625,366862.0
2006-10-18,420.7625638510268,425.6619312066923,411.6005147656848,414.7006530761719,799804.0
2006-10-19,419.6276393661156,419.6276393661156,411.6004615682149,415.6417236328125,798128.0
2006-10-20,419.6275956258015,420.7347924480332,414.9496822940796,416.7765502929688,354994.0
2006-10-23,419.9874411305073,419.9874411305073,415.1988014383325,416.0015258789063,266130.0
2006-10-26,406.89479135588726,415.1987666896808,389.5117894748944,409.5243835449219,1385531.0
2006-10-27,415.1434576730785,415.1434576730785,404.7357806216892,409.5520935058594,436262.0
2006-10-30,404.7358142690273,416.3060354179047,404.292942265738,412.8737182617188,441541.0
2006-10-31,416.3060819167631,421.2884685354478,412.5692919527496,419.57232666015625,751788.0
2006-11-01,419.0740416974122,425.5788237184751,419.0740416974122,423.6135559082031,420301.0
2006-11-02,426.2708578616636,426.2708578616636,420.92861865988647,424.0841369628906,252642.0
2006-11-03,421.842026368824,425.6618692570424,419.6829788600104,421.3161010742188,357522.0
2006-11-06,422.8939163090472,422.8939163090472,418.5204745540707,421.2054138183594,433812.0
2006-11-07,426.1600184733055,426.1600184733055,406.5072763380704,411.074462890625,529352.0
2006-11-08,411.0746262324562,411.0746262324562,390.8406045264528,394.4389953613281,914944.0
2006-11-09,396.8747722829145,403.9608262200873,394.1621261575343,397.09619140625,610949.0
2006-11-10,397.4837593316156,402.4661462870258,396.37656223041336,401.6634216308594,181793.0
2006-11-13,402.4660930273165,402.4660930273165,393.6361905559246,395.5461120605469,264634.0
2006-11-14,398.0372433710728,400.7498890042083,388.6260707183493,391.0342102050781,400253.0
2006-11-15,388.6538351944205,401.3589280184544,388.6538351944205,395.103271484375,229833.0
2006-11-16,388.6538695896631,404.0716100486144,388.6538695896631,392.7228393554688,168125.0
2006-11-17,389.2904785457457,397.2069304719215,381.9829714642868,384.6956176757813,571185.0
2006-11-20,381.98289507597167,399.42124463378775,376.5022574136436,392.1137390136719,861623.0
2006-11-21,388.9029174761674,397.9265656007389,388.8198641917239,392.7781066894531,649414.0
2006-11-22,393.0550266000088,409.1093868414176,392.6951739755581,404.2100524902344,579275.0
2006-11-23,405.2340619782972,419.62762155676126,401.3588728610184,414.5068359375,340766.0
2006-11-24,414.091675244945,415.1711990705568,407.44849328914376,409.579833984375,501575.0
2006-11-27,408.6110005232034,411.32364643113584,401.16512843661343,407.7529296875,650391.0
2006-11-28,408.5833341819551,413.09517511934166,404.1268733636157,410.4932556152344,578932.0
2006-11-29,412.4308058428444,414.6451994312623,409.1092154602175,412.0709533691406,305647.0
2006-11-30,410.7701086684805,418.5204880773198,402.10627817086754,410.9085083007813,208526.0
2006-12-01,409.66280639663296,440.1107176828692,404.1268225264082,426.9074096679688,567205.0
2006-12-04,434.2703353523258,434.2703353523258,417.4409280075917,423.5028381347656,485500.0
2006-12-05,423.4474738012476,428.4021529663818,420.1812293853002,425.5234680175781,283049.0
2006-12-06,426.2708346318127,426.82443311834754,420.2365976129951,425.0252380371094,296404.0
2006-12-07,426.2707166346235,426.2707166346235,412.9843566356223,415.4478759765625,241614.0
2006-12-08,415.198880362901,416.8596758843526,409.66289529139567,412.6246337890625,173135.0
2006-12-11,414.0916477418851,414.4791734213624,400.8052847127337,408.99853515625,361129.0
2006-12-12,405.2340324745078,409.5244201134114,395.8228595891708,401.3034973144531,419416.0
2006-12-13,401.3588391666671,401.63563836609234,390.4252707893682,397.8157958984375,1014090.0
2006-12-14,398.5909809031609,398.5909809031609,392.501396472696,394.2729187011719,538246.0
2006-12-15,399.9748374907909,410.7700061151098,398.5908415133141,408.00201416015625,450119.0
2006-12-18,404.2099468903893,419.01870634772814,404.1545667685687,415.5587158203125,406720.0
2006-12-19,410.7701409333672,420.4581159553805,408.0021480699347,417.3856506347656,211511.0
2006-12-20,419.62763353760016,423.50282276552,398.8953644104356,401.4972839355469,517760.0
2006-12-21,401.4972410290239,409.3860182571019,395.8228574088274,403.9884338378906,206540.0
2006-12-22,404.12685110822434,421.2884023196695,401.4142053043771,415.3372192382813,160813.0
2006-12-26,415.19879020951527,418.5203805311914,408.002011179217,414.2853393554688,274056.0
2006-12-27,417.9115476803124,417.9115476803124,407.5869214846701,413.1782531738281,279344.0
2006-12-28,414.0916788589794,422.45100271073136,412.56928298082136,420.8732604980469,542983.0
2006-12-29,422.3955554386943,428.7619366805619,420.18116196326207,422.7830810546875,234060.0
2007-01-02,423.5028184029094,446.8646799797916,416.3337116473149,434.8239135742188,486923.0
2007-01-03,435.1284072113865,440.1107935535017,424.2501835155139,430.8656921386719,633713.0
2007-01-04,431.7515188473988,431.7515188473988,416.4445055594994,418.1883544921875,250497.0
2007-01-05,417.96677712324737,421.2330210825774,413.6487165147337,415.1711120605469,910475.0
2007-01-08,415.5308703395157,416.3059214748663,404.7357034927605,406.1750793457031,257308.0
2007-01-09,407.44848688721953,409.6075345045198,403.0196989862715,404.29296875,330129.0
2007-01-10,408.55575433386406,411.32374724940513,401.3589727534573,404.1823120117188,343318.0
2007-01-11,409.66294655142,409.66294655142,399.144573599424,405.8154296875,555307.0
2007-01-12,410.2163967042742,413.9808589040916,408.0573495218242,411.4066467285156,280872.0
2007-01-15,413.5381330890708,415.198928804288,405.234154512985,406.3966979980469,305765.0
2007-01-16,407.44839977502977,409.6074469307272,401.0820185285449,402.2168884277344,372430.0
2007-01-17,405.6768630568152,409.49670517736826,401.3588026959477,403.4901428222656,215968.0
2007-01-18,407.3377604319018,407.3931405540458,402.5491537873839,404.29296875,162986.0
2007-01-19,404.680566684914,408.77720974013295,401.386648337823,404.0439147949219,424013.0
2007-01-22,406.78407207770704,406.78407207770704,398.6461693497432,400.99896240234375,119743.0
2007-01-23,401.3589153292298,401.9125138331322,395.822930290206,396.9854736328125,609502.0
2007-01-24,397.48360023326165,399.9747927138322,395.82280524621456,398.1755981445313,227568.0
2007-01-25,396.9302062988281,399.4214000622099,395.2970836294823,396.9302062988281,584368.0
2007-01-29,397.4837291718218,398.5909261890136,395.8229336460343,396.4042053222656,241008.0
2007-01-31,396.37646873569287,403.0196497759559,389.179689275408,396.5425415039063,958492.0
2007-02-01,393.27631958758735,403.54556322061023,392.5843215828154,401.7463684082031,296607.0
2007-02-02,405.2063326885095,406.78407452356646,395.8228335821608,396.5148315429688,300393.0
2007-02-05,400.1964172399406,408.3896692663764,393.082655387004,404.8742980957031,306162.0
2007-02-06,405.234011872146,406.8948070027696,396.9300362190282,398.3417053222656,168054.0
2007-02-07,403.0196337527258,412.0432808825282,395.82285457857,409.08154296875,562069.0
2007-02-08,405.0126097764303,408.0020549018819,401.9124719928985,403.1027221679688,232097.0
2007-02-09,403.8499907997547,405.7875849982457,399.6980032315598,401.9677429199219,385903.0
2007-02-12,401.96781354877896,407.72525083722,396.376482823421,405.9260559082031,211560.0
2007-02-13,401.8847783481067,403.573246765395,395.82286891256166,398.78460693359375,175550.0
2007-02-14,396.54258718278,398.4801818760538,389.1797341061337,393.9129943847656,336224.0
2007-02-15,401.358932812369,417.41329012486375,390.8405607800448,412.7077026367188,225338.0
2007-02-19,409.66294042322016,417.24724756452616,395.822976219733,397.0685729980469,299267.0
2007-02-20,404.12690503891525,404.12690503891525,395.8506007053241,397.73284912109375,107731.0
2007-02-21,400.805464898789,414.2025604004403,395.85074970059975,409.91217041015625,309537.0
2007-02-22,387.5189844500677,411.2129955986485,379.187333042186,396.0997619628906,397339.0
2007-02-23,395.6566780482548,395.7120243579545,388.9027726060595,391.0064392089844,321995.0
2007-02-26,388.625998539767,393.0271116912782,383.6436139431033,386.9375305175781,361896.0
2007-02-27,384.77862650814177,389.7333397873805,373.67898346091175,380.4328918457031,378715.0
2007-02-28,370.8833239314076,386.9653536896123,352.0886479922653,375.2013854980469,421589.0
2007-03-01,364.4339479696001,371.464656876929,359.8390863934483,369.9422607421875,143635.0
2007-03-02,366.5375047663259,390.2868907849997,366.5375047663259,383.50531005859375,316637.0
2007-03-05,377.0558512593104,389.45646875516,338.2486174973742,379.1872253417969,588890.0
2007-03-06,379.76860796942384,385.85819206222806,365.5134452067232,369.3609619140625,537950.0
2007-03-07,373.67894244542674,375.3120645813149,366.0116176604666,369.11175537109375,310219.0
2007-03-08,365.4026674812141,373.5682450056825,363.16060041025565,369.9975280761719,251507.0
2007-03-09,370.9110339800023,388.29404222241607,368.1430411891067,382.758056640625,267284.0
2007-03-12,382.5366131898652,390.2869931966063,370.93871635055393,386.8546752929688,148475.0
2007-03-13,391.6709130058545,391.6709130058545,383.6990816142468,386.3286743164063,83881.0
2007-03-14,378.938112227355,384.7508955412882,365.37495116151104,374.8968505859375,166038.0
2007-03-15,376.4469397980138,379.76853044329033,365.4026441446756,372.7378234863281,107495.0
2007-03-16,379.21495784659857,379.21495784659857,357.07101870227166,359.9497375488281,145338.0
2007-03-19,362.60696498515847,366.4821539239312,352.6421934283144,354.4967346191406,178356.0
2007-03-20,358.1782396491287,361.3891042823157,347.1339425033898,351.95025634765625,290273.0
2007-03-21,354.2476914001253,361.49981818815854,348.7947259366152,360.4479675292969,357999.0
2007-03-22,363.65874243362657,384.4740253213286,363.65874243362657,379.3532409667969,238050.0
2007-03-23,379.2150181696314,381.9830110029864,371.1324926118249,375.25677490234375,253816.0
2007-03-26,376.4470077867834,380.32219757282377,362.74544390042615,369.4716796875,257631.0
2007-03-28,354.690595979795,368.6966324673828,354.690595979795,364.3785705566406,163032.0
2007-03-29,361.0016234958915,381.42942478287233,361.0016234958915,374.5647888183594,760534.0
2007-03-30,373.5682191064024,387.2421072792012,366.03929386716845,381.2909240722656,524461.0
2007-04-02,365.4027191729746,370.4681594626974,349.9573397744124,354.0262756347656,154539.0
2007-04-03,354.3307664296736,368.0323313642721,353.1958960918757,364.184814453125,373429.0
2007-04-04,372.0182377976705,372.0182377976705,352.64228791237514,353.9155578613281,157340.0
2007-04-05,354.3029400884826,358.17812849570043,348.71161033079585,350.206298828125,138522.0
2007-04-09,354.19224904761603,357.0709674812266,352.08858188846534,353.69403076171875,71872.0
2007-04-10,355.4102491390143,357.07104469573864,353.2512013996838,354.3583984375,97479.0
2007-04-11,353.4173079865339,357.6246432146468,351.56273267480844,354.3583984375,58745.0
2007-04-12,354.3029960571075,354.8565944884467,343.7292795341149,348.3794860839844,238021.0
2007-04-13,345.9990867583352,362.05344438392194,343.84003894137385,358.48272705078125,373386.0
2007-04-16,358.178167424796,363.9909506673931,357.70762229693366,360.0050354003906,159082.0
2007-04-17,361.7765405013655,363.6864616657836,358.17815103960737,359.7835998535156,127379.0
2007-04-18,355.41022728409314,366.20539773898383,355.41022728409314,361.4721374511719,396394.0
2007-04-19,359.28533997179835,365.37492200521865,345.9989791716086,363.7971801757813,110784.0
2007-04-20,355.4101692032512,366.48213709120296,355.4101692032512,359.97735595703125,168934.0
2007-04-23,365.3749333184376,365.3749333184376,353.1957688744897,362.9390869140625,214997.0
2007-04-24,359.8390122743947,370.10825732843153,359.8390122743947,368.6689147949219,301200.0
2007-04-25,365.9285754161556,387.5189149641587,363.1882563311154,384.3357238769531,335022.0
2007-04-26,386.3563927039758,386.9653375163823,367.6170638827692,377.0836181640625,423455.0
2007-04-27,378.10780340937214,378.10780340937214,368.6966282147025,369.4716796875,170142.0
2007-04-30,370.7449521850537,386.965382788792,359.8667272648865,382.7026672363281,194985.0
2007-05-03,384.86159089353936,393.054839954517,382.5364709979877,389.8993225097656,291016.0
2007-05-04,390.01023541969226,397.4838169358964,380.0454600647533,387.2145690917969,196045.0
2007-05-07,389.9823591947856,395.2692166087205,381.98285638657865,390.86810302734375,162653.0
2007-05-08,393.6085409257463,393.6085409257463,369.8038049766505,376.2809143066406,703357.0
2007-05-09,375.8932795775319,390.2314903553524,370.9108944284925,387.6018981933594,186008.0
2007-05-10,388.62607521634266,397.4836495802479,376.4745836280672,391.3663940429688,262691.0
2007-05-11,379.519378209078,390.28687389926927,365.402618940381,390.1761474609375,422375.0
2007-05-14,387.5189265759728,387.5189265759728,378.9381503446477,380.93109130859375,193798.0
2007-05-15,383.892833398695,387.51889631354993,372.57173888431305,386.1902465820313,202668.0
2007-05-16,386.9653981030253,389.1797923697093,370.9110396695664,375.25677490234375,284796.0
2007-05-17,379.7685746234658,380.9864980928805,373.1253925600816,375.505859375,126041.0
2007-05-18,379.2149672842476,381.9829597461764,366.8697276618392,379.5194396972656,110222.0
2007-05-21,378.1631590818307,384.1973968417651,372.0182286421703,377.4711608886719,54876.0
2007-05-22,369.80373882456,383.83744503831895,358.6210441562038,381.9552307128906,123080.0
2007-05-23,387.4636011376022,387.4636011376022,375.8933790475032,382.09368896484375,207720.0
2007-05-24,384.1973724267058,384.6956246097069,371.5476597752194,373.595947265625,96982.0
2007-05-25,370.9109465454435,377.8309268914406,358.8425075798179,376.0040588378906,187710.0
2007-05-28,372.5717197304989,380.8756956531697,372.5717197304989,377.6925048828125,246566.0
2007-05-29,381.9829401138472,383.36693627368,374.2325616187836,381.235595703125,73340.0
2007-05-30,381.42927345010537,387.4635091436384,376.5852877567985,385.9964599609375,192060.0
2007-05-31,387.5189026472624,411.2129087941873,373.6789418384316,405.45550537109375,1082189.0
2007-06-01,411.8772316603692,412.3477768099859,394.4665542900508,396.736328125,287935.0
2007-06-04,388.4047572149466,402.4108285726424,388.211011224044,394.4389953613281,200314.0
2007-06-05,395.2693109666738,398.5355554832467,389.7333262192414,396.4318542480469,55387.0
2007-06-06,393.0549146871031,398.590899401006,388.902926151676,396.57025146484375,184968.0
2007-06-07,389.1796673636269,392.9995097622979,380.87569153083257,388.1831970214844,154477.0
2007-06-08,381.9829757733393,385.747438921717,370.9110054610686,378.9935302734375,238834.0
2007-06-11,386.8546839941988,390.7852542165529,373.8451172616976,386.7439575195313,465804.0
2007-06-12,393.0548619851735,393.0548619851735,376.44691007030696,390.0100708007813,237368.0
2007-06-13,406.3412828101299,406.3412828101299,382.25974901961126,384.5848693847656,197153.0
2007-06-14,387.5189877467648,387.5189877467648,373.402224621704,378.08013916015625,490053.0
2007-06-15,383.920515091673,383.920515091673,374.86919418512736,376.474609375,137007.0
2007-06-18,380.2115038565485,380.32223033205327,361.49987832144217,362.2472229003906,266220.0
2007-06-19,364.8214474211569,370.8556851808902,359.83906043057965,368.7519836425781,153965.0
2007-06-20,373.40219631728434,375.3397911091457,368.1430104536606,370.578857421875,91733.0
2007-06-21,370.578822819146,376.3916066519625,364.2677868565007,367.0911254882813,167009.0
2007-06-22,367.0357927255666,372.0181790521581,360.9462094375105,370.0252380371094,126141.0
2007-06-25,368.1429403430533,373.6789244083624,365.40262147293225,371.1323852539063,78876.0
2007-06-26,370.4126217358218,372.5439955373967,365.9284888674028,370.9939270019531,95724.0
2007-06-27,372.10119010868107,377.5541210094333,368.28134750956815,374.62005615234375,158184.0
2007-06-28,375.3397450146754,378.6059893497117,373.6512765183468,375.75494384765625,284345.0
2007-06-29,376.4468848716173,388.072450433829,370.9662475909897,383.4222106933594,277118.0
2007-07-02,378.163117499756,385.27687841659787,370.9109907484712,382.97943115234375,298290.0
2007-07-03,382.0382636565476,404.1268545655094,379.7685236053965,381.5677185058594,103368.0
2007-07-04,381.9828856694763,381.9828856694763,377.5540985892504,379.4640197753906,43888.0
2007-07-05,379.2425953562413,381.9829143255001,374.2325363536784,380.9587707519531,57911.0
2007-07-06,368.6965280133741,388.4599973088208,368.6965280133741,387.13134765625,231737.0
2007-07-09,387.5189719752164,389.73336610078906,379.2703403418691,380.709716796875,87003.0
2007-07-10,384.42762821001264,384.42762821001264,378.07016179632166,380.5677490234375,145345.0
2007-07-11,380.8799718656826,385.7048299295549,371.854635276276,380.1420593261719,222773.0
2007-07-12,383.1503819546223,385.9885329320639,380.3122309771806,382.2421875,177502.0
2007-07-13,385.96025334324327,388.45780603084665,383.15047625495896,385.3074645996094,198384.0
2007-07-16,387.1237925136089,391.6648340680208,380.4825123112021,388.9402160644531,253144.0
2007-07-17,391.0973503566248,403.0175889016017,389.9904641340805,397.3696594238281,909068.0
2007-07-18,398.47645838889247,412.496933298323,391.66489499762935,408.1829223632813,311362.0
2007-07-19,407.6154097685701,407.6154097685701,388.2592254013187,393.9922790527344,293109.0
2007-07-20,396.2058693321214,397.3411297027005,383.1503750704612,388.3157958984375,152711.0
2007-07-23,384.85328567491695,402.989077968766,382.0151346006181,402.4214477539063,178064.0
2007-07-24,399.6118255217263,400.179455955706,389.4512268953243,395.865478515625,120552.0
2007-07-25,392.8569438874159,400.1793891209837,385.9886306415162,396.71685791015625,129338.0
2007-07-26,396.71686458376985,408.693851083756,390.5864291011879,406.9625854492188,231769.0
2007-07-27,393.3678437928512,394.50310452529806,381.1921655082765,388.0321044921875,54131.0
2007-07-30,382.0151948184666,392.2325402965237,375.7996360569011,388.8551330566406,107128.0
2007-07-31,388.8267028926617,399.61167713348,380.3122495446472,382.6111450195313,72757.0
2007-08-01,380.3124451985129,383.1505977746213,371.797987470188,379.319091796875,212153.0
2007-08-02,374.6360741962917,383.1505304280256,354.6554766434072,370.2369384765625,354942.0
2007-08-03,374.5508362015234,376.9065157833308,366.14991476675885,372.0532836914063,194290.0
2007-08-06,372.05324232798506,372.05324232798506,361.012827391416,368.6474609375,91600.0
2007-08-07,369.52740028942026,374.06844361094926,366.80278122558514,371.4005737304688,124281.0
2007-08-08,371.40048465112415,387.6914805888428,363.3117531747098,385.42095947265625,172524.0
2007-08-09,383.150450138784,388.25912280730114,383.150450138784,385.7615356445313,219978.0
2007-08-10,377.4741718956965,383.15047523247387,366.1499398097444,372.9047546386719,146826.0
2007-08-13,385.4209791762743,385.4209791762743,371.4288782243052,374.5792541503906,91680.0
2007-08-14,379.6595895148503,379.6595895148503,368.108324418629,370.2369384765625,58259.0
2007-08-16,358.1747436779193,371.79787180513017,347.95739758251113,365.6106872558594,346606.0
2007-08-17,368.9312933786596,368.9312933786596,347.33296897547353,354.00262451171875,467625.0
2007-08-20,373.5008236017933,373.5008236017933,358.17480196463765,364.7309265136719,54855.0
2007-08-21,364.41878607205945,377.1337233071952,355.336697945653,357.9477844238281,857904.0
2007-08-22,372.3654763339034,372.3654763339034,353.09442074394457,354.8540954589844,101438.0
2007-08-23,360.2751114890313,362.7159158875161,349.0927828964357,353.5202941894531,220943.0
2007-08-24,358.1747094074443,363.2833819663461,346.25447343667355,362.8292846679688,81740.0
2007-08-27,368.3921413250233,368.9597717430896,360.16150026306207,363.8227233886719,218878.0
2007-08-28,365.5538749226485,365.9512230201228,357.6070515547649,358.31658935546875,91361.0
2007-08-29,357.6071275628091,363.22668199695926,351.93082395070104,362.0346374511719,89832.0
2007-08-30,364.9579231872894,375.2036435907546,361.1264185061432,368.9313354492188,688371.0
2007-08-31,366.7743834503213,370.6626376904418,366.1215946559494,367.9380187988281,169147.0
2007-09-03,408.6938410845091,408.6938410845091,363.3117888850021,367.6541748046875,184076.0
2007-09-04,368.3921455291165,373.5008193500134,363.3118463003646,364.2768249511719,65216.0
2007-09-05,365.5823281304918,368.2785723530413,359.5938347337004,360.7290954589844,65151.0
2007-09-06,362.1196854680601,371.7977732471704,360.445169483898,370.6908874511719,163155.0
2007-09-07,374.6359802034237,381.9867991683138,370.6625682921753,379.7162780761719,296423.0
2007-09-10,375.2035682206424,375.9698551447793,368.1081906067876,374.8345947265625,70685.0
2007-09-11,377.4741778411412,380.8799598968507,372.422253933676,375.4023132324219,96784.0
2007-09-12,375.9417073712676,378.41092105781945,371.4574468011694,373.30224609375,37120.0
2007-09-13,374.63604217433885,380.2555966651172,369.726025642224,378.2688903808594,71853.0
2007-09-14,375.2036145847054,382.5828082149644,373.5007237469533,379.0067443847656,45759.0
2007-09-17,379.17701533544414,379.6311126163464,375.2036034980967,378.0701293945313,30696.0
2007-09-18,374.6359807064257,389.39436782516367,373.5290947434398,383.6613159179688,88636.0
2007-09-19,388.8267607488095,399.61173659439686,388.8267607488095,397.6250305175781,113287.0
2007-09-20,402.4498434534508,408.1261458999029,398.249365784916,402.36468505859375,127282.0
2007-09-21,395.6383497450087,424.0198669433593,395.6383497450087,418.91119384765625,276771.0
2007-09-24,397.3412446005526,437.07536906060784,397.3412446005526,435.8549499511719,464389.0
2007-09-25,431.9667454292896,439.91357123219376,412.6673113365224,422.6575927734375,337672.0
2007-09-26,422.0047921044247,424.0198729248522,413.1781470603047,419.08148193359375,284945.0
2007-09-27,425.72267263527687,425.72267263527687,412.12792169337706,422.884521484375,741209.0
2007-09-28,420.1031877070053,426.2903720786931,412.6672443424899,423.9346923828125,135986.0
2007-10-01,415.5622532095062,432.5344181198826,412.9511669057935,416.4421081542969,282186.0
2007-10-03,400.1793868524479,422.2602207794901,391.66493181303406,417.5772705078125,161838.0
2007-10-04,414.3701759605289,416.016317914974,407.5586114241914,409.6872253417969,160829.0
2007-10-05,404.32318171841166,417.7192817588978,403.0176385507808,409.1480407714844,250858.0
2007-10-08,409.2614503042664,415.7891988181348,405.8840430571406,413.3767700195313,74327.0
2007-10-09,408.6938272237277,428.2203239381345,408.6938272237277,424.7861328125,119238.0
2007-10-10,409.60205612271744,431.0868861516145,409.60205612271744,427.8797607421875,129169.0
2007-10-11,432.5343135850952,438.21061691298365,422.884597927685,428.2203369140625,115862.0
2007-10-12,431.3989012137999,431.3989012137999,420.0746731278589,429.1000061035156,283388.0
2007-10-15,429.6960992147081,439.7431615679631,422.3169059653142,434.9183044433594,332802.0
2007-10-16,431.96652746452617,435.9399383610461,421.7491851591892,428.04986572265625,295543.0
2007-10-17,408.69383107459424,431.3990439120717,399.0441156186663,418.9679260253906,49872.0
2007-10-18,414.3701382844075,432.5059341425117,409.2898399338943,411.986083984375,207003.0
2007-10-19,408.6937797593955,427.1417628735349,400.00904386858855,423.2535095214844,112174.0
2007-10-22,405.8556462919128,437.07531139129065,405.8556462919128,430.0366821289063,516713.0
2007-10-23,431.3989876398487,435.94002961500496,420.0463827019579,431.257080078125,384741.0
2007-10-24,435.94020340717134,435.94020340717134,410.3968321137824,420.983154296875,450541.0
2007-10-25,422.8845388110162,422.8845388110162,410.36829865179726,419.9044799804688,641969.0
2007-10-26,430.8314459245804,430.8314459245804,413.8025350184705,419.2801818847656,87979.0
2007-10-29,424.5874385188912,425.7226990496904,419.4787661302949,422.4304504394531,61596.0
2007-10-30,425.72281665622415,428.5609687672657,405.2881214567254,411.730712890625,48340.0
2007-10-31,411.5320663488832,419.9897737085632,404.15287067642055,411.6455993652344,217596.0
2007-11-01,414.3701565047788,415.5054172075317,384.8533782332056,391.3527526855469,239715.0
2007-11-02,426.8579136558663,426.8579136558663,374.6359348575422,382.4124755859375,335338.0
2007-11-05,383.1504416211144,383.1788162062279,374.6643619479809,376.82135009765625,108197.0
2007-11-06,377.4742756641809,384.8534720305483,376.3390146847397,379.8299560546875,44650.0
2007-11-07,383.09374059900506,394.44634770349,378.0418165793464,385.818359375,175196.0
2007-11-08,385.818254695912,387.1237972296302,374.635932802868,381.0785217285156,50904.0
2007-11-12,376.1969952265848,384.6830754542512,372.3654905599994,377.8147277832031,62040.0
2007-11-13,383.15056244339536,383.15056244339536,371.7979531858133,376.2254638671875,82656.0
2007-11-14,385.4209186141207,385.4209186141207,375.91311244801386,380.7095947265625,187499.0
2007-11-15,389.3944567017026,391.6649783151236,380.397528666686,389.3377075195313,104563.0
2007-11-16,391.6648535536679,400.4631220030619,380.3689982669314,396.1775207519531,207493.0
2007-11-19,400.1793112481665,407.53012963918087,392.1189550712512,400.7185668945313,183159.0
2007-11-20,400.1793779661468,406.8774088526693,393.5380962537978,398.1075134277344,256310.0
2007-11-21,400.1795216080391,410.1130558323522,388.8269110659671,404.4934997558594,328348.0
2007-11-22,399.0441427015392,406.9909677340023,392.8002087474611,402.9040222167969,97797.0
2007-11-23,351.87414569957616,408.8642246653158,351.87414569957616,405.48681640625,199643.0
2007-11-26,411.5320594035224,415.6757545898134,401.8823421485432,412.7808532714844,399150.0
2007-11-27,386.2157101751299,415.39188984451687,386.2157101751299,413.1213684082031,520610.0
2007-11-28,409.2615454106472,416.6407410976631,395.6100403187504,401.5701599121094,647478.0
2007-11-29,405.85565255873934,421.6073929202848,403.30131628389415,420.1599426269531,547412.0
2007-11-30,425.6659982410528,425.6659982410528,405.8840604572181,409.2330932617188,199862.0
2007-12-03,409.00601319875256,413.23486593999417,396.3478642068694,400.1226196289063,223805.0
2007-12-04,405.2880941689799,405.2880941689799,394.58827528892886,396.120849609375,201750.0
2007-12-05,400.1792724826831,402.9606741921397,391.1539388621491,395.58148193359375,329608.0
2007-12-06,398.47655396476296,402.960848131078,388.40111403189326,392.1474609375,117749.0
2007-12-07,395.6383317429215,397.31284811051273,387.4076921299052,391.23919677734375,140226.0
2007-12-10,393.9354433324256,393.9354433324256,385.9886188271605,390.8134765625,91320.0
2007-12-11,391.6648664712915,400.1509455072496,388.8267152649778,397.9939575195313,114763.0
2007-12-12,397.1141446225647,403.5851439105151,395.1842223868876,401.25787353515625,279584.0
2007-12-13,405.8556705280686,410.3967129955155,403.7270568714528,405.5151062011719,169747.0
2007-12-14,413.2349180421053,413.2349180421053,397.9940561455567,405.31646728515625,53060.0
2007-12-17,405.3164179674392,413.1213347692418,399.2143921042117,402.16607666015625,158032.0
2007-12-18,405.8556822001427,405.8556822001427,398.1359236416309,400.74700927734375,38872.0
2007-12-19,401.201117599566,404.1528022982412,396.2059775339499,401.2294921875,46364.0
2007-12-20,405.5718294943911,405.5718294943911,391.6648878252343,395.468017578125,97807.0
2007-12-24,397.3411934029522,401.8822356132716,396.2343074351063,398.533203125,176622.0
2007-12-26,425.1550054699433,425.1550054699433,394.6165086683378,398.3628540039063,52786.0
2007-12-27,405.85565720714914,405.85565720714914,393.3677908315445,399.7536315917969,1188325.0
2007-12-28,397.3412662743684,402.449939697896,395.9221903233885,397.0007019042969,36050.0
2007-12-31,395.7519157996068,403.017577880196,391.80687765043,395.2694091796875,166589.0
2008-01-01,396.03561156336485,399.6116750215517,393.36774259934,396.4613342285156,38394.0
2008-01-02,394.50303931057135,397.8804463603682,387.6914760418996,396.6316528320313,186602.0
2008-01-03,391.6649109746369,409.26145045320754,390.6715579395563,403.01751708984375,730380.0
2008-01-04,405.8556214896725,408.0693932832309,394.6165496698078,397.6817321777344,97820.0
2008-01-07,388.826755838856,400.1793618487496,388.826755838856,398.4764709472656,458655.0
2008-01-08,405.7989659923376,405.7989659923376,386.61303174064216,392.5731506347656,69812.0
2008-01-09,394.5030368581564,395.0706671270171,389.3943644384105,390.6431579589844,57512.0
2008-01-10,391.6649159143121,391.6649159143121,383.774840706572,387.8617858886719,113567.0
2008-01-11,388.8834566262077,390.9269462409818,373.2736253047654,375.3454895019531,136637.0
2008-01-14,383.0369247817071,402.9039855550882,375.8847967614517,399.9523010253906,373565.0
2008-01-15,399.9522072803772,405.74204199204667,398.0222854734183,400.8320617675781,163532.0
2008-01-16,392.2609215142977,405.17451115627273,389.5363029365004,399.6968994140625,698279.0
2008-01-17,397.90890440869657,400.7470563659626,393.9638662590149,395.7235412597656,70509.0
2008-01-18,388.88346470113646,398.9305269075477,388.826715535131,395.0706481933594,104981.0
2008-01-21,383.1504999756999,396.0640909008068,359.9344039708608,364.986328125,127430.0
2008-01-22,359.87764983755363,377.4741910756675,312.1966993858904,336.49127197265625,282771.0
2008-01-23,357.0394458471498,397.28444652655566,326.38741075057413,343.7001342773437,183017.0
2008-01-24,326.3873447559992,371.7977579394425,326.3873447559992,367.99462890625,379925.0
2008-01-25,371.7979323546457,397.3413017530564,366.17837722883047,392.3461608886719,207095.0
2008-01-28,391.6648844091658,397.90881734902206,383.1788049845535,394.87200927734375,224417.0
2008-01-29,396.7735880771998,397.8520995281323,380.3123090296479,390.78509521484375,88065.0
2008-01-30,389.39435784729307,397.34118147682966,377.8146867003791,391.7784118652344,119240.0
2008-01-31,392.2325524134796,403.0175285290456,372.9047468828226,393.1407470703125,416281.0
2008-02-01,395.0707347498418,415.4202695134915,383.1504970634241,413.4335632324219,296949.0
2008-02-04,420.0464953732183,442.18408094018525,415.0229801988783,436.1955871582031,454881.0
2008-02-05,431.3990322208634,431.3990322208634,411.5319715264815,413.3767700195313,191583.0
2008-02-06,409.8291032698814,424.5591174425269,397.9088661941646,407.218017578125,171944.0
2008-02-07,406.4234027140631,406.4234027140631,388.8268587418061,401.1728210449219,240540.0
2008-02-08,397.34111914555785,408.2963745014919,391.9486325285824,401.3996887207031,176921.0
2008-02-11,398.4764088486916,405.8556016051488,383.32067525827273,390.4444274902344,55817.0
2008-02-12,390.4445329559309,397.3412557532397,375.9415840500193,383.51947021484375,368631.0
2008-02-13,391.6649163659562,414.937759222484,381.4475707216269,411.21978759765625,284963.0
2008-02-14,417.7760383081588,420.0465602554858,410.3968419793463,414.4554138183594,645990.0
2008-02-15,411.5318906296157,416.0729321813908,391.6648338405998,414.0010681152344,587853.0
2008-02-18,417.2082768004224,417.2082768004224,403.5851493946943,407.8423767089844,133657.0
2008-02-19,410.9074970402329,417.1514289576287,408.8072584662114,414.0862121582031,144270.0
2008-02-20,407.5585454064703,411.36167525229655,401.3146122595745,407.7572021484375,75946.0
2008-02-21,406.1679074214963,415.7325000161725,404.720456896041,412.8943481445313,174047.0
2008-02-22,408.6939509465701,413.1214618194082,405.8557985094411,409.0345153808594,71949.0
2008-02-25,408.6939119121291,422.8846727424114,401.8823467135937,420.8412170410156,713209.0
2008-02-26,425.6944518155095,427.9933481490312,413.8025872687583,416.7542724609375,798942.0
2008-02-27,420.1032419438906,422.544080361406,406.0260150614729,410.3400268554688,56274.0
2008-02-28,412.6672428083921,426.00655533383537,409.4033684670603,424.6726379394531,311141.0
2008-02-29,422.82767555664014,439.7430456159022,420.1030233589832,432.3354797363281,731801.0
2008-03-03,430.8313547252268,445.58974105310017,421.26679898243833,439.856689453125,815989.0
2008-03-04,437.6997257380712,445.4762680483848,428.5892660343944,438.5227966308594,434573.0
2008-03-05,441.61637861650064,442.0988505190381,431.3990330958104,439.0620422363281,480016.0
2008-03-07,430.26375132017927,439.8850914746913,417.1230965081103,435.17376708984375,270499.0
2008-03-10,425.1550496866381,434.2371335250709,422.31689848712784,429.78125,166397.0
2008-03-11,400.8889222453072,426.29037961943465,397.36960725545305,417.5488586425781,274971.0
2008-03-12,405.85572905987874,425.7227927201525,405.85572905987874,416.0163269042969,261080.0
2008-03-13,406.4232925452579,423.9062987591854,399.1576316746469,418.4570617675781,171846.0
2008-03-14,419.1950290984239,422.8846265109354,394.5031079531545,406.5936279296875,414778.0
2008-03-17,405.2880964367937,405.2880964367937,384.25739752136127,389.5647277832031,291437.0
2008-03-18,384.6546895917931,395.0423172320703,383.77483490374806,388.8551330566406,437653.0
2008-03-19,390.5296183113547,394.503030125569,360.47358915903857,369.1583251953125,665043.0
2008-03-24,369.6976301519476,380.2271659341408,358.3733980428164,367.6541748046875,507010.0
2008-03-25,369.5557391031613,394.5031003646552,364.98632163233566,385.250732421875,614983.0
2008-03-26,384.8533410282897,387.6063341081624,375.77125628425927,385.7615356445313,392497.0
2008-03-27,369.0165305706344,394.41799244294447,369.0165305706344,389.4228515625,706309.0
2008-03-28,391.6649498440566,408.6938607068417,387.2658145378372,397.5115356445313,159416.0
2008-03-31,397.511493867922,416.0730116867101,388.8267571697086,394.2476196289063,236473.0
2008-04-01,397.3412407548923,411.5319993532813,393.9354586912789,399.64013671875,269683.0
2008-04-02,399.6401713630779,426.2904252502124,399.6401713630779,420.2451477050781,298633.0
2008-04-03,421.465564767106,428.56094464534,414.9661898695616,425.63763427734375,149523.0
2008-04-04,422.4588278956487,435.9400467905383,417.3785300567045,431.2003479003906,465762.0
2008-04-07,432.53431863550105,432.53431863550105,423.0265104502719,425.7511291503906,168219.0
2008-04-08,422.8845396422308,427.9932119332108,416.78251440578254,419.7625732421875,266218.0
2008-04-09,422.7711029336243,431.3423425164215,414.37018018229793,422.9981689453125,149168.0
2008-04-10,417.8327291277827,427.9365780982205,417.8327291277827,423.509033203125,197168.0
2008-04-11,423.45222464866094,423.45222464866094,416.7541937079643,419.7342529296875,267586.0
2008-04-15,417.2083196785441,422.82787416911225,411.5603905987121,420.0180969238281,136226.0
2008-04-16,420.1315918332044,421.74932437405454,417.7759121659545,421.2952270507813,239331.0
2008-04-17,418.428572674694,424.58734585195566,414.3700033047161,420.8125915527344,210015.0
2008-04-21,422.8846045656746,428.5609079826636,417.4069579101177,424.3036804199219,81033.0
2008-04-22,431.398989920016,431.398989920016,417.2649828394761,424.4171447753906,59493.0
2008-04-23,424.0198466941017,427.4256285952591,417.8042877954084,425.0983581542969,109914.0
2008-04-24,431.39902144751153,442.7516272750776,422.96972547870513,438.7214660644531,188908.0
2008-04-25,442.7516323258617,462.5619435791163,442.4394425911229,458.5885314941406,315164.0
2008-04-28,459.8373890185947,468.2950961280415,459.8373890185947,464.7474060058594,243197.0
2008-04-29,465.4001071047456,492.5328291147874,462.6187047151674,489.8649597167969,558930.0
2008-04-30,489.8081706236243,489.8649197920906,479.6475749992081,483.3939208984375,281555.0
2008-05-02,482.5140665270487,491.0001453320996,477.3770199124806,480.4706115722656,342126.0
2008-05-05,480.9247729588451,480.9247729588451,462.19297300884,464.4351196289063,206286.0
2008-05-06,467.72749353189295,473.9714285183624,462.079563592322,466.3367919921875,167530.0
2008-05-07,465.4002251537296,473.9714311889207,455.6085997788687,465.91107177734375,205523.0
2008-05-08,464.7756752095762,464.7756752095762,457.6519219886323,461.9091491699219,184512.0
2008-05-09,462.0510838605629,464.20807216326335,452.2878353560498,460.1495361328125,276594.0
2008-05-12,459.21297055195015,469.0329690499992,448.9956238647621,453.3096008300781,225954.0
2008-05-13,456.9992153866726,462.0511397407737,449.90383547664845,453.25286865234375,208713.0
2008-05-14,448.7118040741023,470.1114757895136,448.51314730427566,465.854248046875,196131.0
2008-05-15,459.8940563770342,467.1597169781115,456.3747417380336,458.78717041015625,136632.0
2008-05-16,464.7757170345888,464.7757170345888,456.3747949032618,457.7371215820313,75522.0
2008-05-20,454.1042642056813,463.75397982005205,451.86211747208455,455.3530578613281,263867.0
2008-05-21,451.8336902102343,451.8336902102343,442.1839757208198,445.9019470214844,287379.0
2008-05-22,442.7517261885506,452.96907371597865,438.3242158557473,447.6617431640625,468659.0
2008-05-23,452.11748938485744,454.1041952390282,438.778178649711,452.6851196289063,127061.0
2008-05-26,446.7249815355664,451.266023279257,442.7515700098371,446.895263671875,216293.0
2008-05-27,450.1308165718159,452.401337714675,435.3724291432318,445.84521484375,446927.0
2008-05-28,448.2577290989254,455.7504572292761,438.2106641954149,451.94732666015625,354146.0
2008-05-29,454.10425427467726,455.1827657367417,434.2655677369713,441.5880126953125,285568.0
2008-05-30,441.616491622605,441.616491622605,415.7041476325992,423.5374755859375,258499.0
2008-06-02,431.34235641071245,453.4799420924461,427.4256927780878,447.0089416503906,498580.0
2008-06-03,440.4811922185412,454.1043218747848,433.101996988076,453.1393432617188,197361.0
2008-06-04,454.10426469996776,455.8071556925927,427.9932694797196,441.04876708984375,405584.0
2008-06-05,437.07535804236704,445.4195308977117,434.2372063667673,436.5361022949219,155579.0
2008-06-06,437.64290872868537,440.9067825616166,426.9998418821706,429.1568298339844,37563.0
2008-06-09,434.1235886438558,450.6132397317657,412.0995428686602,438.3240661621094,308462.0
2008-06-10,438.3240816133344,439.3458091240777,428.560834481497,434.4642028808594,121979.0
2008-06-11,434.83318841257136,473.9713048890798,432.9032661619423,459.9224548339844,178037.0
2008-06-12,445.39114855229855,468.2950183172911,434.60617237287,462.33489990234375,197123.0
2008-06-13,462.0510639145681,462.0510639145681,442.86516671550095,445.1640625,100271.0
2008-06-16,445.02212796767736,452.940577097203,432.30719616758296,434.0952453613281,164766.0
2008-06-17,434.804815869094,446.8953344987751,432.6762022143824,441.2474060058594,81768.0
2008-06-18,433.6695557310441,451.2660952960472,431.39903449685016,447.9738464355469,215013.0
2008-06-19,448.427968329407,459.78057512255657,438.7782525552298,452.4581298828125,62817.0
2008-06-20,453.5367082241796,454.1043386474889,426.2904479053303,430.4341430664063,57460.0
2008-06-23,425.7228019903612,430.5476604129186,414.6823837296624,417.9462585449219,141167.0
2008-06-24,414.37016434310937,422.8278705967688,391.6649498585554,399.1293029785156,119074.0
2008-06-25,388.85511571133605,406.9909100550014,376.33887498809753,399.8671569824219,218902.0
2008-06-26,400.1794398759841,425.0700195476948,384.8534187743506,408.4952392578125,332199.0
2008-06-27,396.7736000659241,405.85568533209687,381.67464716907415,387.634765625,226823.0
2008-06-30,389.3942739800592,403.01739726799127,381.81642550930457,392.9703369140625,142597.0
2008-07-01,388.88345972922406,394.33273076670326,382.8949676853849,386.5845642089844,144879.0
2008-07-02,383.51945150622,397.31286178256727,377.61608213626914,386.1872863769531,307288.0
2008-07-03,381.475996646248,432.5343571525949,369.8679482424016,376.8782043457031,167513.0
2008-07-04,382.0152334269768,388.6565155879983,372.36551727800406,378.3823852539063,196575.0
2008-07-07,368.221837415524,396.7736388315447,366.4621624360356,391.46630859375,408122.0
2008-07-08,379.1770747194415,394.8152839707801,379.1770747194415,391.3527526855469,108822.0
2008-07-09,396.7735963492742,425.5524606959636,381.5043267803889,405.9975891113281,413894.0
2008-07-10,398.079151523189,411.5319975444118,388.8267838867891,390.8702392578125,331449.0
2008-07-11,394.5030864061914,394.5030864061914,372.9615080683116,378.467529296875,263079.0
2008-07-14,370.2652765018523,387.1239051048549,369.01648278211,375.17529296875,148034.0
2008-07-15,371.74114990234375,374.63605098359886,364.98633451886985,371.74114990234375,118362.0
2008-07-16,373.500752298264,376.9065342341145,359.0261790708997,362.2048950195313,183679.0
2008-07-17,366.12157936198486,378.0418168295844,363.9645909397864,374.4373779296875,355865.0
2008-07-18,371.2302751786063,390.4161754376542,371.173525997752,385.7900085449219,319534.0
2008-07-21,387.123937252321,412.6673055460959,387.123937252321,407.4450988769531,110732.0
2008-07-22,406.9909666707693,421.18172562023824,399.0725162478841,412.0996398925781,199006.0
2008-07-23,430.2638076267002,430.2638076267002,417.4353755054919,425.666015625,356133.0
2008-07-24,418.17322241577807,437.0753032778027,415.5053532459111,433.0735168457031,184897.0
2008-07-25,427.9932008861484,435.9400242447771,420.6140077674216,429.78125,204078.0
2008-07-28,421.3803017023413,437.6429222026629,414.370081981769,432.1369018554688,316317.0
2008-07-29,431.3990771580477,431.3990771580477,412.6672751235536,417.5205078125,120375.0
2008-07-30,425.6660096111607,447.2927118994031,420.04645533700295,444.3126525878906,214404.0
2008-07-31,445.5899433178252,459.1563261508911,439.91363830740704,456.2897644042969,619127.0
2008-08-01,445.5897731583672,454.1042274225398,437.2172264652641,451.2377014160156,244947.0
2008-08-04,439.9986874008278,454.1042879883013,439.9986874008278,451.3796691894531,168879.0
2008-08-05,451.8337936467471,481.3505741362331,448.4280112825756,470.4804382324219,642626.0
2008-08-06,472.2684074600278,480.21523162401866,463.75395299860907,465.0027465820313,152164.0
2008-08-07,464.8891315393736,470.1964600254064,458.6735739505185,465.7689514160156,162623.0
2008-08-08,466.59221823681713,469.7141856337788,462.6755543715548,466.42193603515625,167483.0
2008-08-11,478.5123722210009,478.96646955974506,465.59878210471646,470.1114501953125,163348.0
2008-08-12,472.8360258018837,472.8360258018837,463.8106904428221,465.8258056640625,115469.0
2008-08-13,460.9723880453071,469.71390539972447,460.0641937480081,464.0659790039063,176243.0
2008-08-14,454.4731752110768,461.483394966491,440.2540096793677,445.1356506347656,229533.0
2008-08-18,447.8603270803152,452.9690000127903,439.9135025186873,449.64837646484375,252603.0
2008-08-19,445.0221753338317,454.0475113703204,441.6163933797462,448.0306091308594,356918.0
2008-08-20,452.57158573096007,459.2128665019096,451.2660431013821,456.9139709472656,124092.0
2008-08-21,456.9423835585419,458.6452744289464,443.0921906210906,455.6368408203125,138057.0
2008-08-22,454.1042277227768,459.1561511143539,451.2660762995095,454.7286071777344,343066.0
2008-08-25,462.6187225921185,462.6187225921185,454.7570563178873,455.9490661621094,420408.0
2008-08-26,454.1043040377566,456.8005483429808,450.38633197752927,453.7921142578125,170339.0
2008-08-27,453.5366272333927,461.9375490690853,453.5366272333927,459.9792175292969,501115.0
2008-08-28,459.780491705351,472.779237983329,459.780491705351,466.6488037109375,874643.0
2008-08-29,470.56554584261625,473.4036975063232,467.10301467105614,470.395263671875,406090.0
2008-09-01,467.72739683906985,483.05341591025297,466.5921361671304,481.35052490234375,271495.0
2008-09-02,482.4858124573888,492.02199570393554,474.02810612203126,488.19049072265625,655702.0
2008-09-04,490.6598069881271,505.1911336021115,485.3524411456197,493.9520568847656,618649.0
2008-09-05,489.2973080817713,498.32264351591886,484.5008252207985,488.303955078125,181637.0
2008-09-08,491.0001777004338,504.62330401813375,484.1886145415839,489.0702209472656,368306.0
2008-09-09,492.08846673832255,492.08846673832255,477.69381216898176,481.1763916015625,555306.0
2008-09-10,473.1085024958113,490.46337453461416,473.1085024958113,486.2842712402344,715015.0
2008-09-11,486.400288881266,494.4102149541275,478.85469967427736,485.7037658691406,313748.0
2008-09-12,429.5181839165974,496.26763141714974,429.5181839165974,486.3713073730469,306664.0
2008-09-15,464.3438938994208,484.6589392575205,446.93099787819256,478.9707336425781,439681.0
2008-09-16,458.7138412960797,500.8530823325127,458.7138412960797,495.7452697753906,335309.0
2008-09-17,499.1698487233169,505.2643643181946,470.3224678222346,474.4435424804688,587178.0
2008-09-18,459.9326990312004,492.20458955293327,455.7826107858973,487.27093505859375,279419.0
2008-09-19,470.1483237906678,499.16982525922754,465.5338979718393,476.67816162109375,1174172.0
2008-09-22,481.7569592400917,481.7569592400917,464.9825160067384,474.3564758300781,867721.0
2008-09-23,471.8895512119195,485.0943326265212,470.148261355049,480.5669860839844,553121.0
2008-09-24,480.5670433891179,494.5263783209487,477.2005563497252,490.0280456542969,496659.0
2008-09-25,487.561039234162,507.75998948853817,483.3819375268301,499.6339721679688,859229.0
2008-09-26,494.5264230855006,498.87964864083074,489.62178187450064,493.0753479003906,192678.0
2008-09-29,493.36551638086223,502.0719666699363,483.2660198748816,491.18890380859375,313392.0
2008-09-30,478.8545769335805,510.72018658744616,478.3321759517311,506.3088989257813,448215.0
2008-10-01,510.77838977300047,513.6805397148926,496.6449337266402,507.7021179199219,539876.0
2008-10-03,496.8771200111071,521.226166850766,496.8771200111071,515.654052734375,751098.0
2008-10-06,507.8763391787714,517.221249649004,488.34485207855386,497.1964111328125,638511.0
2008-10-07,496.877012807056,510.6622230429582,496.877012807056,505.6995544433594,304414.0
2008-10-08,500.3307463987509,519.4849397063597,475.1691157244125,506.4252624511719,878782.0
2008-10-10,498.444216795611,510.7783531646436,468.5810889485562,473.2825927734375,659626.0
2008-10-13,473.7469835639809,491.0437908612362,460.04881400501415,482.5985412597656,745816.0
2008-10-14,496.1515972282176,496.1515972282176,467.39129547669904,479.08697509765625,612187.0
2008-10-15,470.1482895457377,485.2394692101688,468.4069995844572,479.6383056640625,505576.0
2008-10-16,473.0503601435374,494.9325740723127,461.441762348604,490.4632568359375,760214.0
2008-10-17,493.4525191390313,495.6581457876106,462.1383173315454,472.8182067871094,662872.0
2008-10-20,471.3091521317829,478.85474200581393,465.0405153217611,467.9716796875,374802.0
2008-10-21,475.952617383402,481.1764875741954,468.9874571290107,478.5935668945313,675873.0
2008-10-22,481.1765780451678,491.04389026081054,467.82668504753343,471.0480651855469,597092.0
2008-10-23,467.8266039747981,469.9742021701836,433.3780958800632,441.3590087890625,814184.0
2008-10-24,438.863064192232,445.7701946603565,419.4186611699378,422.64007568359375,587297.0
2008-10-27,420.8116939124962,421.97255375777206,383.7222076852804,406.2138671875,427550.0
2008-10-29,438.2245674678966,463.1540383581842,409.7835028242848,446.3505859375,749833.0
2008-10-31,447.511425667878,451.5744347206344,424.9617395957313,432.6524353027344,673530.0
2008-11-03,444.02894825853406,445.7702382517048,414.13680337577,423.4526977539063,430333.0
2008-11-04,421.0438971419606,430.6209912542112,418.05466874839306,425.6292724609375,516449.0
2008-11-05,406.301005905223,441.1848352415741,406.301005905223,432.7105712890625,339273.0
2008-11-06,426.6160216840142,433.0007512602376,417.9095722618914,420.4924926757813,393671.0
2008-11-07,419.6508429760574,444.0289002443761,417.9095531711775,436.3672180175781,443758.0
2008-11-10,439.38542617671743,443.4194209924636,430.1275623575493,438.9501037597656,183459.0
2008-11-11,432.4203180732621,437.0637577304247,425.6292804893353,433.0587768554688,146796.0
2008-11-12,433.0005867969788,441.12660317118485,422.6979588939676,436.9184875488281,284446.0
2008-11-14,441.7071944206318,441.7071944206318,415.0074165712901,421.7694396972656,738337.0
2008-11-17,425.9775280674995,425.9775280674995,411.0604721919445,417.8805236816406,411990.0
2008-11-18,414.4270805389828,429.3441408033751,413.8756648731055,419.8250732421875,685242.0
2008-11-19,420.811596833953,442.1133771659066,420.811596833953,435.2643127441406,545244.0
2008-11-20,421.3921817494743,426.4999586853529,406.6202311028191,413.99169921875,1279152.0
2008-11-21,417.9096048984162,441.1268051705505,401.22224220281976,412.3084411621094,685629.0
2008-11-24,431.11446386608935,434.6260589435207,413.4403599450525,422.3789978027344,1075034.0
2008-11-25,424.03305615852975,438.1955598824635,420.8697061197044,430.6789855957031,564956.0
2008-11-26,435.2644861468191,464.3150015610343,425.6003121436491,453.51898193359375,516336.0
2008-11-27,453.51898193359375,453.51898193359375,453.51898193359375,453.51898193359375,0.0
2008-11-28,458.4816729187885,478.1001999082644,432.7105666498721,466.4625854492188,845901.0
2008-12-01,463.1831254921412,463.1831254921412,438.51485126480287,440.5463562011719,608255.0
2008-12-02,426.6160093888873,443.3904489627224,417.9385746295964,441.2138366699219,533848.0
2008-12-03,441.126689928057,441.126689928057,426.90615847642886,432.7394714355469,439298.0
2008-12-04,429.5181771290456,441.1267765109117,425.86147540908456,434.2777099609375,515361.0
2008-12-05,435.3224691988648,448.6723582542968,429.8083845890126,441.649169921875,431148.0
2008-12-08,446.9311834495351,466.89799334832713,446.9311834495351,457.5820617675781,965737.0
2008-12-10,461.4417264813253,467.1299318733799,456.9433951854382,461.7609558105469,408052.0
2008-12-11,464.3440094191647,464.40203824968745,453.6350686166079,459.7295837402344,262493.0
2008-12-12,452.73532057953,455.28922630216897,444.60930200502565,453.373779296875,260237.0
2008-12-15,456.2758471791531,463.182975902738,454.47652898727296,460.1647338867188,162348.0
2008-12-16,463.64755232222376,473.05052693684894,456.88556297843655,470.14837646484375,644543.0
2008-12-17,470.1482951798096,478.8547450905468,463.79257965964433,468.7552490234375,463654.0
2008-12-18,469.5677669562668,479.4350747909473,465.5047578478689,476.1266174316406,463444.0
2008-12-19,477.6358684777282,489.1864043984517,473.1665503240275,477.519775390625,550335.0
2008-12-22,476.5330563496598,478.2163176133892,464.4020545082277,465.91119384765625,314812.0
2008-12-23,466.0854002667971,474.2114221892568,459.8167618690855,470.0323181152344,425709.0
2008-12-24,467.2460664589241,475.8364218376877,464.3439169778128,473.2244873046875,460116.0
2008-12-26,470.1482832043599,473.0504331006832,456.9435011760893,458.9750061035156,142593.0
2008-12-29,466.6656942995438,470.43848909176654,455.7826323989015,467.2461242675781,428302.0
2008-12-30,464.9244482010972,473.0504685192187,459.8456855022712,470.931884765625,490203.0
2008-12-31,473.05045180368313,473.63088180589625,464.3440017704865,466.4625854492188,232517.0
2009-01-02,475.25609020824754,475.25609020824754,456.2179927610526,459.4974365234375,360049.0
2009-01-05,466.0271180331258,466.0271180331258,446.9599771335062,451.8356018066406,436290.0
2009-01-06,450.9941768483322,462.60277856901,444.174123337434,458.6848754882813,603026.0
2009-01-07,458.5395976070592,461.4417469590026,441.3298377793837,449.3978271484375,303817.0
2009-01-09,446.93108173302574,470.148280784092,436.04801967783845,465.7079772949219,462178.0
2009-01-12,463.1831552802944,467.2461654143321,452.7354149356262,453.7801818847656,391743.0
2009-01-13,455.69555373304286,472.4699939798864,447.8017203384304,467.2461242675781,434951.0
2009-01-14,468.9873979401427,486.4002963785144,464.4890658435634,480.421875,687498.0
2009-01-15,477.11324001550446,487.56097519832576,470.728512959336,483.03363037109375,691098.0
2009-01-16,484.60100832401065,493.30745809320496,478.2743073210754,490.2892150878906,329513.0
2009-01-19,489.8828890948628,491.04374902162783,485.2394493878024,487.4740905761719,238233.0
2009-01-20,484.65899906426864,489.8828685152607,474.2112601622844,485.7037658691406,264049.0
2009-01-21,483.7883234777694,493.24932379818745,482.91767862448006,488.4317626953125,770472.0
2009-01-22,488.1415032661658,495.1066614578353,483.0627420847402,493.046142578125,589386.0
2009-01-23,488.28674244778233,494.990701930386,483.00484356491546,491.39202880859375,194235.0
2009-01-27,484.6590853905417,504.2776137377893,484.6590853905417,497.515625,594526.0
2009-01-28,499.1698391560999,508.92105683568207,496.26768892844814,505.4384765625,397412.0
2009-01-29,507.8761408414617,516.5825889701724,500.3305524632457,513.2451171875,601241.0
2009-01-30,513.0129297707645,513.0129297707645,501.0270741331618,508.9499206542969,410217.0
2009-02-02,509.6175004801553,516.4665668636964,499.8952987340931,509.6465148925781,271465.0
2009-02-03,502.1879846159933,514.2609201250242,502.1879846159933,509.7045593261719,230806.0
2009-02-04,515.421788497312,515.421788497312,506.1349094252884,509.4723815917969,65578.0
2009-02-05,510.83640053019246,510.83640053019246,501.0851841557144,506.9765625,102170.0
2009-02-06,506.74429507996587,513.3321954145476,506.74429507996587,510.7782897949219,102068.0
2009-02-09,511.24263724615264,518.3238889509653,508.4855952836475,513.941650390625,234630.0
2009-02-10,522.9673489735377,580.1977239358388,509.76256851943344,515.7119750976562,431505.0
2009-02-11,514.8413110983074,528.1911985337765,513.6804513213101,523.8089599609375,326216.0
2009-02-12,523.8089066939051,537.1297783656527,517.8595009417993,533.0377197265625,364383.0
2009-02-13,536.8977627929593,543.7468298708286,534.1987490579941,541.0478515625,725116.0
2009-02-16,539.7998693475372,547.9258888861023,538.058579446416,542.4118041992188,584020.0
2009-02-17,542.1215153327619,551.4083935397471,535.4465716214912,548.5933227539062,410390.0
2009-02-18,548.5062508914392,548.5062508914392,536.9556818078355,541.2218627929688,282527.0
2009-02-19,534.7500563298654,548.2160370081929,534.7500563298654,540.3222045898438,474945.0
2009-02-20,538.6389130212592,542.121492200276,529.4391138606742,532.3992919921875,711981.0
2009-02-24,531.0934987595073,531.0934987595073,517.7436075338585,521.8356323242188,842787.0
2009-02-25,528.7717191177068,533.5892809332325,518.0917931668488,520.0362548828125,657445.0
2009-02-26,518.323930587798,539.8288525374974,516.6116551987382,538.1165771484375,819319.0
2009-02-27,537.4489985281266,542.9920962198184,525.9274453534308,539.6256103515625,409831.0
2009-03-02,540.9608217191828,540.9608217191828,520.06533933518,523.838134765625,544506.0
2009-03-03,521.8065968248843,532.8927962241462,520.0653067353686,522.7933349609375,315750.0
2009-03-04,525.2890623684941,542.6439306439173,524.4184175137397,538.7840576171875,420238.0
2009-03-05,542.7020903506763,548.5063907822343,536.8977899191183,543.4856567382812,775530.0
2009-03-06,540.9607040084813,542.6439650049117,531.6738249697091,538.92919921875,319817.0
2009-03-09,535.7368359445879,545.9814385815702,535.1564060031528,542.9631958007812,337146.0
2009-03-12,543.8628920474036,565.9192313193367,543.8628920474036,563.249267578125,699634.0
2009-03-13,568.2410220236934,573.4648925019501,555.1813458280519,558.08349609375,930070.0
2009-03-16,557.7931568742761,567.3122217969973,551.4084277113031,559.8826904296875,652917.0
2009-03-17,561.6240894064488,570.5627261433373,554.8911151505905,565.1647338867188,520791.0
2009-03-18,566.0644263704652,584.7832961479044,566.0644263704652,579.211181640625,827840.0
2009-03-19,578.9788949193792,588.5559894218051,571.259183405781,575.1480712890625,556708.0
2009-03-20,574.451553615142,584.4929851020752,571.7815544728958,579.0659790039062,253444.0
2009-03-23,580.4299687217314,590.210199524039,574.6836978607327,580.9813842773438,812024.0
2009-03-24,580.4301219794984,590.2974340531499,580.3140288697739,585.131591796875,761207.0
2009-03-25,582.2292821728325,589.7168428720784,579.8495334933133,586.9307861328125,499206.0
2009-03-26,586.2342152552804,610.9024866892897,585.3925847916175,598.800537109375,1292111.0
2009-03-27,596.9721826468575,640.7075636754668,592.6189581744692,633.1329956054688,934713.0
2009-03-30,635.5707217118396,640.2141607745746,599.7582262817996,607.9712524414062,690003.0
2009-03-31,614.5881018519286,625.3840823528752,605.0690386160001,621.7274169921875,462046.0
2009-04-01,623.9622321086424,626.8643820254268,596.7110727313449,603.5020751953125,531784.0
2009-04-02,603.6471423322567,618.0998621222109,589.2815012046382,597.6106567382812,1040776.0
2009-04-06,601.3255314037209,623.9042745044968,601.3255314037209,617.5485229492188,694211.0
2009-04-08,604.5178308130942,635.5708350843381,604.5178308130942,625.8486328125,957477.0
2009-04-09,616.7069024930067,636.6156807218556,615.31385626025,618.9995727539062,623191.0
2009-04-13,615.2557527419126,629.2441004968066,609.1902880491124,614.5592651367188,483939.0
2009-04-15,609.4515734630603,625.1231853521105,607.7102832531659,620.24755859375,1235833.0
2009-04-16,623.9623315203656,636.7317931886894,618.8545185117239,625.471435546875,967548.0
2009-04-17,626.9224893917213,649.5012327435421,626.9224893917213,644.3644409179688,736486.0
2009-04-20,647.324666309505,664.3022466632849,636.2964944557676,653.1289672851562,634126.0
2009-04-21,644.2772111087481,655.5375657258056,635.5707623099813,639.0242919921875,1168135.0
2009-04-22,655.0151408564805,655.0151408564805,622.278880390476,627.5317993164062,1404346.0
2009-04-23,637.312139067046,668.655359021163,625.2391667434109,652.9257202148438,1134164.0
2009-04-24,651.5327952366086,672.4282790927493,651.3296588697754,665.927490234375,893916.0
2009-04-27,646.0184792993106,667.4073069635011,638.5019404286412,655.8277587890625,347096.0
2009-04-28,658.0334999797213,658.0334999797213,641.694451235653,651.503662109375,177825.0
2009-04-29,655.8859611557028,695.935634889989,655.8859611557028,686.4456176757812,576627.0
2009-04-30,687.7514648437501,687.7514648437501,687.7514648437501,687.75146484375,0.0
2009-05-04,696.3708091802923,724.2023960089767,688.9703275657488,698.5183715820312,617249.0
2009-05-05,688.97042086444,707.457102485304,688.97042086444,696.0806884765625,468063.0
2009-05-06,690.7116834332676,704.0615731130703,685.4878135585623,698.5765380859375,626939.0
2009-05-07,688.9702866975301,713.8127145928811,684.9072774246719,707.7182006835938,322267.0
2009-05-08,706.9637390084654,718.1660663340624,691.9596377001633,711.0847778320312,362565.0
2009-05-11,713.9289599602965,722.6354106915197,703.103925380487,709.2564697265625,225913.0
2009-05-12,708.1243858161757,712.5936671230597,675.0398858231249,693.3234252929688,884586.0
2009-05-13,693.6136289358699,705.1931754040019,688.5928968653915,693.5265502929688,427792.0
2009-05-14,690.5373505397802,705.0480965026507,680.8442005778834,703.7711791992188,366642.0
2009-05-15,691.5823311742837,713.9288857275442,691.5823311742837,709.2274169921875,536404.0
2009-05-18,766.1675389335587,919.8363691855736,766.1675389335587,863.2734985351562,2749.0
2009-05-19,871.3704003990126,921.6066373361764,754.5879311148171,777.8341064453125,1728704.0
2009-05-20,745.8524990748762,791.9096022595469,737.8715871197948,754.007568359375,767022.0
2009-05-21,748.7546642938626,753.3400752458507,728.4396152626338,734.3309936523438,251679.0
2009-05-22,731.3416451227257,757.4319397562379,719.6750187640383,753.5140380859375,358715.0
2009-05-25,750.0316317624225,772.5523445272147,746.4620438779165,768.54736328125,523194.0
2009-05-26,776.6151208668388,785.3215684101889,749.9153484005648,779.4882202148438,698659.0
2009-05-27,800.412923509553,802.1542134084136,766.1675554986294,788.8333740234375,410067.0
2009-05-28,781.3169823203383,798.7009071923918,760.3634688382768,770.52099609375,654393.0
2009-05-29,770.2305698784172,785.3217490923123,754.5589606947568,776.1219482421875,966189.0
2009-06-01,783.8705092420514,803.0246942142747,781.8390047753004,792.8091430664062,635493.0
2009-06-02,800.9933463302044,826.5322646189936,795.189046719116,812.1375732421875,674446.0
2009-06-03,809.4676489740422,827.112734820875,791.4453403167495,805.5787963867188,903700.0
2009-06-04,800.9935326717484,815.4752352291019,784.7414899798579,794.782958984375,619122.0
2009-06-05,773.4228893114946,852.0711455979543,773.4228893114946,843.9160766601562,396946.0
2009-06-08,841.7395970219642,872.6765458100142,837.038127972758,848.646728515625,562608.0
2009-06-09,856.134193893491,870.6449429425332,841.6234448444488,866.4077758789062,960448.0
2009-06-10,870.645023209684,884.575343581039,845.2221601906518,861.561279296875,682538.0
2009-06-11,914.002942784405,914.002942784405,849.1689507569139,855.4376220703125,212191.0
2009-06-12,864.2602749727065,904.8903752064804,838.7213548257628,851.6068725585938,948347.0
2009-06-15,870.645199174162,870.645199174162,813.1826160286673,833.1784057617188,840373.0
2009-06-16,824.210331508416,829.8404723330543,804.0113457470511,824.4714965820312,404898.0
2009-06-17,815.5041032180255,846.499077610631,780.7363340418491,819.1898193359375,809205.0
2009-06-18,800.238651680913,850.3297789457796,790.0230999065503,838.4019165039062,273847.0
2009-06-19,846.847053650022,857.875219530317,825.3711516726054,850.2425537109375,168224.0
2009-06-22,855.5538401689396,860.7486604500945,840.1724448063366,855.8440551757812,313249.0
2009-06-23,842.4939285174628,844.4674041810239,826.0967852307813,832.771728515625,807592.0
2009-06-24,840.2883964387448,846.5280182985124,815.1558225294999,839.2726440429688,216844.0
2009-06-25,846.1797162666746,853.2319537283465,816.0844400966362,819.5960693359375,461620.0
2009-06-26,824.2107696541283,829.8990131662952,809.7000166672598,816.2008056640625,366668.0
2009-06-29,822.4694236321382,827.1128642736746,799.890679342011,803.2572021484375,199208.0
2009-06-30,809.7000632536647,815.3302073951877,796.2341120483965,811.2091674804688,579659.0
2009-07-01,813.7628695304126,827.1127596867602,809.7289093244773,812.1666870117188,201239.0
2009-07-02,815.2718455048553,816.2875978574341,797.6267618951205,802.0380859375,387746.0
2009-07-03,802.1542009749054,802.1542009749054,788.2238819999432,795.2470703125,412052.0
2009-07-06,795.0730891274314,812.02161778346,761.3500474603799,788.9495239257812,289507.0
2009-07-07,791.8516254043379,841.0430677741512,791.8516254043379,833.9328002929688,717762.0
2009-07-08,830.9143014908351,856.1339477458463,795.4790341597846,850.85205078125,348820.0
2009-07-09,853.2612153099053,870.6450668024161,841.6235645756689,856.5405883789062,333291.0
2009-07-10,859.0362509952229,864.6663926773339,831.2626944833603,842.9293212890625,307317.0
2009-07-13,841.623501230593,841.623501230593,809.7289010252664,813.1533813476562,198590.0
2009-07-14,815.5040128689519,824.2104614049193,798.091115797017,812.3406982421875,608063.0
2009-07-15,813.7627929955689,875.1142106026448,813.7627929955689,865.0728149414062,801549.0
2009-07-16,869.8904092313762,898.9989877873445,857.4982429508549,892.6142578125,960514.0
2009-07-17,898.5052834125331,957.9413059949668,896.1835643339477,952.0789794921876,1070802.0
2009-07-20,957.7093424255283,973.409999683566,922.9125979920382,958.696044921875,689260.0
2009-07-21,949.583642704508,969.3182660858976,938.033069554744,954.8945922851562,351813.0
2009-07-22,940.2964954012986,974.4838327689492,923.551105934712,938.4391479492188,381084.0
2009-07-23,943.1985997237992,972.220095099916,943.1985997237992,967.3154907226562,364685.0
2009-07-24,975.1221501654117,1015.8973472184592,953.9944894078436,1007.1038208007812,447763.0
2009-07-27,988.0948855046224,1024.4588350966962,955.0103792153808,976.0509643554688,1198518.0
2009-07-28,995.1470571344532,995.1470571344532,958.5799736701952,973.43896484375,670469.0
2009-07-29,980.9269292140606,1002.3448153894512,937.3946690418388,949.9319458007812,821094.0
2009-07-30,957.7094107357054,979.8237775038588,920.416786711603,950.9473876953124,1813255.0
2009-07-31,962.9332809682404,972.2201601095858,925.8437932268396,931.7642211914062,846088.0
2009-08-03,937.3942074827804,948.4223746296368,929.268189585097,942.76318359375,391323.0
2009-08-04,944.3594778662498,957.0418574210908,929.5875647744284,938.584228515625,409521.0
2009-08-05,943.198656739489,943.198656739489,927.5270482890484,930.9515991210938,355037.0
2009-08-06,928.107338347748,931.5318886636468,876.449081241463,882.6016235351562,796345.0
2009-08-07,880.5123066350136,880.5123066350136,845.1060767703228,858.60107421875,1017965.0
2009-08-10,871.8058320730792,875.2884119615202,813.8788915873685,827.3449096679688,700804.0
2009-08-11,830.0150256227041,851.4038601892481,803.8956716695421,825.400634765625,1257233.0
2009-08-12,816.3745801682013,838.7501791212935,804.824012037119,833.7874755859375,787438.0
2009-08-13,844.525734110046,883.4145479831545,842.5232787519212,874.0405883789062,719222.0
2009-08-14,885.126473990307,885.126473990307,850.910162574601,857.933349609375,347889.0
2009-08-17,835.8191952239611,847.3407164874704,801.573825419646,806.652587890625,1039472.0
2009-08-18,819.567227576663,824.6750403391316,792.9254742092874,807.7264404296875,752994.0
2009-08-19,812.6019819721757,820.6119441357808,780.0979026932887,788.92041015625,1196421.0
2009-08-20,795.1888814943517,827.8380600228605,791.7643312647109,820.524658203125,541997.0
2009-08-21,823.9205060217319,864.7827981944523,812.398983000045,860.7197875976562,693809.0
2009-08-24,864.8409208963936,892.092088015538,864.8409208963936,886.3458862304688,401646.0
2009-08-25,878.1906116067668,887.3614341737118,870.645021421117,879.467529296875,313510.0
2009-08-26,882.2536642268619,893.5720500508249,866.0016230437355,870.0355834960938,355348.0
2009-08-27,867.1622843523396,867.1622843523396,850.4168956424261,853.8994750976562,531464.0
2009-08-28,869.6988583416563,893.7950192234739,856.106150361406,886.8221435546875,374791.0
2009-08-31,879.7023567400964,899.7089655221454,870.9347402902397,888.940673828125,316008.0
2009-09-01,894.3246768436285,920.8922865697276,883.9977808812431,902.680419921875,817209.0
2009-09-02,898.17891932125,934.1907806465068,896.7666739726594,918.2738037109376,641505.0
2009-09-03,924.42280810539,929.7186739697748,906.1814923502868,910.7418212890624,451296.0
2009-09-04,912.0656336497888,952.3730503626988,891.5000534164949,947.9010009765624,600814.0
2009-09-07,954.1383289404324,964.4358440538812,947.9009912948104,960.6405029296876,310705.0
2009-09-08,964.994862550282,986.1783230741752,962.670594919151,982.00048828125,566573.0
2009-09-09,978.5585618431976,994.3873346659108,955.2273105697926,957.875244140625,353764.0
2009-09-10,964.3773284970068,970.32045335414,918.9211398847524,925.6586303710938,530168.0
2009-09-11,931.2485748918724,940.8988337060956,898.5907354480398,922.2750244140624,383287.0
2009-09-14,923.8346108594584,925.599899924795,908.0352880906556,918.15625,176343.0
2009-09-15,945.724258753048,955.080306077577,918.627112055831,950.696533203125,396087.0
2009-09-16,964.8479057844992,994.4459409237874,952.6674428139714,990.3563842773438,742845.0
2009-09-17,991.5038299784215,997.799997674265,971.0853525380784,978.5878295898438,296661.0
2009-09-18,971.4971117219916,991.5037148707182,971.4971117219916,988.385009765625,193972.0
2009-09-22,972.0268662642706,1028.8397007926374,972.0268662642706,997.7412109375,379686.0
2009-09-23,1014.923348966085,1014.923348966085,977.7345571212312,989.79736328125,284566.0
2009-09-24,985.0311607493908,991.5038864173976,961.4939765020936,971.732666015625,443328.0
2009-09-25,969.1435015790164,982.67738168607,960.6112728158738,972.26220703125,188093.0
2009-09-29,981.5002209474068,982.677079725521,968.0546237734015,974.3214111328124,171262.0
2009-09-30,974.4395823128266,991.5628722012772,974.4395823128266,984.08984375,303594.0
2009-10-01,988.5614999957417,994.3869660580988,955.1386776925495,961.4642944335938,366906.0
2009-10-05,956.1979255669684,976.792957809949,951.0197172996814,965.9364624023438,599586.0
2009-10-06,967.966760199938,973.8510566145276,945.635884038488,967.1429443359376,461358.0
2009-10-07,1044.2859553705814,1044.2859553705814,953.87380713353,964.8479614257812,555314.0
2009-10-08,967.9665836817782,990.0915197999776,967.9665836817782,981.794677734375,411861.0
2009-10-09,972.0266127002988,982.6771712684526,959.228272296054,968.2901000976562,235319.0
2009-10-12,970.3203256455404,970.9087551941428,947.5186806371933,959.9051513671876,315146.0
2009-10-13,962.0822143554688,962.0822143554688,962.0822143554688,962.0822143554688,0.0
2009-10-14,965.0244775541292,978.3524214424028,959.7286115187712,967.2899169921876,275112.0
2009-10-15,969.7318602258094,982.6773098162024,961.0525247049776,974.6746826171876,194330.0
2009-10-16,969.40803420741,976.0867656912894,962.288052481484,967.3191528320312,208597.0
2009-10-20,967.966608196427,993.269078805817,959.4343797351212,975.49853515625,523172.0
2009-10-21,976.7343630860104,989.6209864265865,942.2817793100804,947.636474609375,379835.0
2009-10-22,953.2557813112264,970.3202366556868,935.0144669774932,938.5450439453124,707193.0
2009-10-23,942.193379409718,957.257233556296,912.801351723522,931.3663330078124,519513.0
2009-10-26,912.8308280950548,953.2559111508348,909.270800435696,940.6046752929688,463621.0
2009-10-27,924.5698951905304,949.6076003204408,924.5698951905304,934.2201538085938,413051.0
2009-10-28,929.7776328464672,936.7211311291112,917.950211791268,925.9234619140624,261529.0
2009-10-29,917.9500610450344,935.014517308051,903.2393228872614,909.0353393554688,337488.0
2009-10-30,915.0080001565494,932.0724580372826,909.447369337672,921.3336181640624,278766.0
2009-11-03,923.8346596016356,929.1010768591648,868.5517161873303,889.3232421875,772531.0
2009-11-04,893.736101571958,903.7982313167048,859.4012557706952,895.118896484375,357350.0
2009-11-05,888.028449279076,926.688241091042,877.9368683632348,922.5398559570312,286236.0
2009-11-06,922.0692767769096,934.4262996309716,895.589942089634,899.9443359375,395812.0
2009-11-09,891.4705810399042,920.8920523613532,891.4705810399042,914.5958862304688,317369.0
2009-11-10,917.9500489104928,917.9500489104928,873.8178350205652,880.7907104492188,641213.0
2009-11-11,882.644535625549,893.7070425373076,869.1106527459572,890.7059936523438,331789.0
2009-11-12,894.4128429299667,903.3863928343628,884.0564980619954,894.9424438476562,312112.0
2009-11-13,892.794891735564,937.3684379863262,891.4709250152442,929.0715942382812,467815.0
2009-11-16,940.310098693082,973.2621422017256,936.367650790914,969.2019653320312,801664.0
2009-11-17,976.7930216954932,1002.0954915345932,961.405575090178,992.3275756835938,883211.0
2009-11-18,995.0931402761928,997.3292011692052,971.4971310473574,980.5589599609376,236545.0
2009-11-19,985.6196387989748,998.8593055888118,959.169755432972,965.3482666015624,275347.0
2009-11-20,965.0246409390325,985.6196790078532,956.8749045263288,971.9681396484376,248100.0
2009-11-23,970.9084537622608,998.5646339603372,966.5835122887256,972.9679565429688,421012.0
2009-11-24,972.6740637356452,999.7418235250216,972.6740637356452,994.2105712890624,719013.0
2009-11-25,994.4459761781492,1019.74844776138,988.5616804611186,1014.7173461914062,559819.0
2009-11-26,1009.1566677252406,1064.292487253303,1009.1566677252406,1024.16162109375,1235974.0
2009-11-27,999.1532459982028,1034.8708863075735,996.7995281042142,1028.4276123046875,417928.0
2009-11-30,1034.9301153138258,1044.462647079195,1011.6576935160034,1015.2765502929688,358105.0
2009-12-01,1020.2779667679844,1030.9285267941375,1013.2756410613614,1018.3361206054688,657781.0
2009-12-02,1029.7518068288236,1033.870814056139,1000.3303266337144,1003.6549682617188,412336.0
2009-12-03,1005.6260472410754,1012.0987719453772,990.915309276753,996.623046875,306802.0
2009-12-04,995.7406720772606,999.7420226183632,970.9089684051202,980.2650146484376,362922.0
2009-12-07,980.3235915853088,992.5040540573696,973.9096953776492,986.7374877929688,316742.0
2009-12-08,989.1502265861689,990.8566869111394,970.938357927935,983.2659301757812,276975.0
2009-12-09,979.7349964483216,1007.9796089585436,978.0873653199864,1000.3888549804688,408864.0
2009-12-10,1002.0953857801196,1002.0953857801196,982.1182340380196,986.4431762695312,308702.0
2009-12-11,994.4462158604576,1003.0961039173834,975.9106798843604,982.7364501953124,190702.0
2009-12-14,984.4428880310728,999.03597332197,978.1172687565156,991.1510009765624,582489.0
2009-12-15,997.9178705429796,999.065279643214,972.3800090409384,976.910888671875,668912.0
2009-12-16,973.8508367678752,982.5007218126952,966.7896826644222,973.43896484375,236364.0
2009-12-17,974.9689677130468,992.0922538132626,965.0244936261868,979.529296875,189783.0
2009-12-18,993.7398947033962,997.9765589102532,976.7930942164036,984.3838500976562,544518.0
2009-12-21,985.6197701575542,991.592346115812,973.880626104612,982.7364501953124,268113.0
2009-12-22,985.6195243515452,1003.2724113548566,981.5593459748276,999.5947265625,274276.0
2009-12-23,1003.2724769909568,1011.5104914647828,995.7405493115444,1002.91943359375,221057.0
2009-12-24,1002.3014489232309,1023.8674060663892,1002.3014489232309,1021.16064453125,356623.0
2009-12-29,1020.925185209038,1045.6980528588183,1015.040890193424,1026.1033935546875,411794.0
2009-12-30,1026.1034567267789,1029.5751335359066,1000.9186437775378,1003.7136840820312,512936.0
2009-12-31,1010.92210205411,1017.2182703489576,1004.449376138746,1010.7455444335938,403648.0
2010-01-04,1019.6895911487156,1022.9847822937433,1001.6836611153684,1007.9503784179688,333481.0
2010-01-05,1013.8640997570463,1017.9831065465412,1006.8912240579288,1010.5689086914062,373950.0
2010-01-06,1012.6872562454834,1012.6872562454834,990.6799766944137,997.6234741210938,512455.0
2010-01-07,1003.27224002722,1003.27224002722,963.2590363193896,972.7915649414062,433144.0
2010-01-08,976.616456652076,981.1474071051604,950.9609436560128,968.084228515625,471781.0
2010-01-11,970.908623920844,993.5337082736372,969.731764982758,986.4431762695312,249598.0
2010-01-12,986.4433911970672,993.7399325689332,960.4936603242674,967.819580078125,381602.0
2010-01-13,965.0831698112108,977.3813602330775,945.900383247846,956.6392211914062,559327.0
2010-01-14,962.082453362486,966.9664480656,950.4315178559054,954.02099609375,451344.0
2010-01-15,959.1400811589032,965.024376135338,950.9020681918942,956.4038696289062,215112.0
2010-01-18,950.902161284232,998.5649552594936,942.07571795548,997.1527099609376,383077.0
2010-01-19,997.1529156846922,1000.8012227777972,974.4983731336772,979.205810546875,178910.0
2010-01-20,979.735297761848,996.7997564015438,969.5554368069426,993.6516723632812,347805.0
2010-01-21,985.6781846191468,995.6226569654287,968.1430296215176,972.7915649414062,210985.0
2010-01-22,960.611311634165,979.7352734278008,938.5452018722776,970.5557861328124,364642.0
2010-01-25,970.3205189552476,976.0282579818904,950.902339982826,954.1092529296876,299520.0
2010-01-27,947.2538886586804,964.1417874829248,906.3285860058436,912.154052734375,790006.0
2010-01-28,920.8924425777388,924.982000092412,895.5899665196922,905.652099609375,1502871.0
2010-01-29,897.5020770353717,926.7764440784856,879.7020850141818,917.361572265625,432901.0
2010-02-01,934.8377938400348,934.8377938400348,904.0041495963048,930.2774658203124,209979.0
2010-02-02,941.1341155020808,944.4293061919992,912.065685107538,922.9221801757812,338167.0
2010-02-03,932.6609559976812,960.2876981705552,925.129028062756,941.2520141601562,472444.0
2010-02-04,938.545162775422,955.4330626777756,923.0106077842172,941.7520751953124,193176.0
2010-02-05,926.7766190697172,938.8394258576086,895.9723439065949,932.8963012695312,289159.0
2010-02-08,934.8377793346592,953.1968201109182,922.1865469601196,928.688720703125,286278.0
2010-02-09,923.481335300512,956.1980033889728,918.7150703880362,952.2555541992188,632885.0
2010-02-10,959.1399674434256,964.4358322943402,936.7796491840083,959.5224609375,867135.0
2010-02-11,963.8477453718388,1000.918812501525,953.8444415431934,995.0050659179688,769067.0
2010-02-15,994.446063915468,1015.0411007421196,978.264249265956,1002.8900146484376,747800.0
2010-02-16,1008.9801213460256,1008.9801213460256,986.7963560277022,997.6234741210938,292129.0
2010-02-17,1000.5950314633984,1006.1557339860346,988.7382331167408,999.3887939453124,575364.0
2010-02-18,1005.4495397104683,1010.921963237554,993.3867339791703,1002.0955200195312,230212.0
2010-02-19,983.589441192564,999.1533740290076,976.3222787998492,988.767578125,238997.0
2010-02-22,1014.9526588219484,1014.9526588219484,997.623437923234,1004.5963134765624,211647.0
2010-02-23,994.4459253767236,1009.1566639177994,985.9725256111084,996.7113647460938,325274.0
2010-02-24,993.269108447638,993.857538014254,972.3210302420682,984.0013427734376,283000.0
2010-02-25,986.0018828925122,1007.9797098355824,966.9955817568156,1000.4772338867188,906439.0
2010-02-26,995.4167908637412,1059.1731136440844,994.5929751871744,1046.021728515625,414280.0
2010-03-02,1053.2889565175274,1063.8806890411674,1047.4046606710608,1055.9368896484375,407909.0
2010-03-03,1065.057497285118,1070.7946854611014,1056.2310539374514,1066.11669921875,296134.0
2010-03-04,1064.998772739222,1066.1461817546017,1047.9931425287498,1059.40869140625,275290.0
2010-03-05,1058.5847669221164,1114.8974464694966,1058.5847669221164,1100.71630859375,360018.0
2010-03-08,1106.2476566091163,1134.433449034423,1103.8939381907992,1126.1954345703125,686239.0
2010-03-09,1118.9576121282253,1128.902085837761,1099.3040508938927,1103.8643798828125,441606.0
2010-03-10,1112.0143317989566,1149.7914849153344,1105.188490698986,1141.3475341796875,567857.0
2010-03-11,1142.2889360338547,1144.3189893775714,1118.7812027595596,1125.1656494140625,670880.0
2010-03-12,1094.7142081929012,1136.8751943862585,1094.7142081929012,1128.931396484375,373725.0
2010-03-15,1136.2574956250817,1144.3189519734717,1119.8991249054027,1124.341796875,373530.0
2010-03-16,1124.3419074450678,1140.9944945863488,1120.9584370968753,1126.224853515625,189726.0
2010-03-17,1140.3763052011875,1143.759774630964,1127.6074145198518,1136.551513671875,204551.0
2010-03-18,1136.5513715305856,1143.7301813866563,1132.7265804796154,1138.37548828125,324542.0
2010-03-19,1146.8491544078472,1163.854782197295,1138.6111409847022,1158.14697265625,461442.0
2010-03-22,1147.4375312617574,1157.7350475679525,1138.7581960893929,1147.4080810546875,335754.0
2010-03-23,1152.6155908357523,1163.6486425967528,1133.9035063171907,1140.43505859375,261757.0
2010-03-25,1129.7848031145663,1210.9880858384258,1129.7848031145663,1190.74609375,1211336.0
2010-03-26,1193.1585443103015,1223.7274300477611,1171.5043804308275,1183.1846923828125,1204017.0
2010-03-29,1183.9202443110012,1198.4250469584013,1176.859089772367,1180.50732421875,336444.0
2010-03-30,1205.5744801073345,1210.9585529783835,1154.2340023239951,1157.6468505859375,688516.0
2010-03-31,1177.4475549368194,1194.5120122547444,1139.19963336216,1144.1424560546875,594801.0
2010-04-01,1156.264185006446,1164.3845423658868,1140.4648643253686,1144.6427001953125,398203.0
2010-04-05,1149.7912685993654,1211.576367474971,1146.3195201061144,1199.366455078125,607069.0
2010-04-06,1206.2805957768855,1223.2273958055655,1193.629360260201,1199.86669921875,535341.0
2010-04-07,1210.987960133241,1221.5502413548734,1188.6276382260185,1199.2781982421875,475419.0
2010-04-08,1197.4540229558147,1212.1647603385643,1180.4483961754015,1187.0093994140625,374813.0
2010-04-09,1194.5119697690293,1219.226010522871,1194.5119697690293,1210.3701171875,365094.0
2010-04-12,1212.1647319286835,1232.171334300322,1212.1647319286835,1227.4344482421875,481369.0
2010-04-13,1253.7765375200663,1254.3884343172945,1207.8842777279704,1209.811767578125,764081.0
2010-04-15,1211.555881940263,1234.3796665636837,1190.5372380182189,1195.12646484375,733433.0
2010-04-16,1193.8109357915978,1206.4771726339025,1171.8438205990335,1176.8001708984375,449227.0
2010-04-19,1168.7230276526846,1174.1077500138877,1149.2953019312329,1160.4012451171875,775826.0
2010-04-20,1165.6636666624934,1187.0800594883135,1128.9498503896589,1133.5697021484375,1374339.0
2010-04-21,1150.3660946230198,1159.5445475056504,1132.6210857166009,1155.9649658203125,733940.0
2010-04-22,1155.965413346153,1177.9019092893489,1145.165414667541,1169.090576171875,798540.0
2010-04-23,1174.8112521296798,1175.820896806483,1145.4708299267968,1150.15185546875,279837.0
2010-04-26,1156.4852740015797,1169.8246578334536,1139.964055801557,1144.0943603515625,469439.0
2010-04-27,1149.7539963125582,1157.7086540837468,1136.3228924920534,1139.6270751953125,451266.0
2010-04-28,1132.0093604957526,1143.0235056249005,1125.8903909795597,1131.3056640625,262547.0
2010-04-29,1134.4571938250429,1143.574475316252,1107.5337221269297,1121.33203125,507018.0
2010-04-30,1131.213539836299,1186.467848583104,1125.8900677632346,1172.027099609375,750274.0
2010-05-03,1162.6040632729107,1189.649875288114,1151.100372137486,1175.14794921875,727052.0
2010-05-04,1188.9156683547244,1188.9156683547244,1169.9468645878708,1175.8516845703125,319439.0
2010-05-05,1154.221074711501,1159.5445475056504,1140.0250227697013,1155.9649658203125,461047.0
2010-05-06,1153.4256458268906,1165.663583713648,1139.4131920076643,1160.0953369140625,307638.0
2010-05-07,1133.2330442157963,1165.6635794984295,1133.2330442157963,1153.48681640625,403688.0
2010-05-10,1162.604200315165,1192.4035517823047,1151.2841067857803,1155.4755859375,324650.0
2010-05-11,1171.782271232168,1174.6887807822218,1153.4253688107765,1162.1448974609375,374516.0
2010-05-12,1162.542733847029,1184.6321931713055,1153.4254566776403,1163.1851806640625,504266.0
2010-05-13,1180.777123540879,1180.777123540879,1158.871264801341,1162.1448974609375,298697.0
2010-05-14,1147.6434539415045,1175.913065604466,1144.920467461273,1148.4083251953125,151527.0
2010-05-17,1150.3659825439186,1150.3659825439186,1121.820981921163,1131.51953125,242959.0
2010-05-18,1130.1735492202397,1137.516311857296,1112.4285395140205,1124.085205078125,267664.0
2010-05-19,1116.71164503902,1142.9008576059273,1114.9983041442008,1137.2713623046875,944127.0
2010-05-20,1141.1878208347443,1153.3034104189746,1131.2138705925631,1139.7498779296875,270724.0
2010-05-21,1123.565155063678,1140.0863727923672,1114.6009244590434,1135.06884765625,284974.0
2010-05-24,1141.1876854807483,1162.5429016117434,1135.1298914071365,1158.41259765625,198281.0
2010-05-25,1156.301406514479,1165.0515610365935,1129.2555965824756,1143.3292236328125,511408.0
2010-05-26,1135.0689826648904,1168.692694349066,1135.0689826648904,1161.8394775390625,318450.0
2010-05-27,1157.0971688791428,1174.7503815035325,1147.612765855543,1161.8699951171875,415299.0
2010-05-28,1168.7231095094658,1177.9015632490689,1157.2806670585396,1174.6279296875,237902.0
2010-05-31,1181.5728264149968,1193.0765171610287,1170.069135668965,1185.51953125,291403.0
2010-06-01,1193.1989368410998,1195.4629254588665,1163.5525623650565,1177.56494140625,486762.0
2010-06-02,1180.3492350948486,1222.5701253081947,1170.0081615384863,1215.502685546875,887510.0
2010-06-03,1220.7342645569522,1253.7766957780427,1208.4963270676594,1211.21923828125,557550.0
2010-06-04,1210.9440453535926,1231.4119681372968,1207.8845606508296,1221.499267578125,223673.0
2010-06-07,1205.4371019568714,1221.3464241146778,1193.8110588415514,1210.240478515625,576762.0
2010-06-08,1214.6152207100647,1226.7919826978844,1177.3813131400316,1181.358642578125,371306.0
2010-06-09,1180.9610745950297,1191.8528698239966,1168.7231359981895,1175.209228515625,345811.0
2010-06-10,1177.9016963802312,1231.1367340867662,1174.9033862141905,1227.3123779296875,510463.0
2010-06-11,1232.972413509604,1244.8737798813313,1226.3333462219048,1231.9627685546875,283680.0
2010-06-14,1233.0641396506178,1241.5388973724512,1220.8567508208469,1229.025634765625,217847.0
2010-06-15,1229.9128421739983,1245.210265584123,1219.8471674479167,1240.8963623046875,267528.0
2010-06-16,1245.2102945742888,1248.759326765844,1224.405798252163,1234.25732421875,216357.0
2010-06-17,1227.1895992149402,1229.912509968691,1205.436639123543,1213.8502197265625,431761.0
2010-06-18,1215.839318708856,1244.4455029814476,1215.839318708856,1236.5826416015625,577755.0
2010-06-21,1243.098915145836,1252.4303409046595,1236.031477562201,1239.9476318359375,269973.0
2010-06-22,1229.9128907458617,1243.8335465988312,1229.9128907458617,1236.0318603515625,242793.0
2010-06-23,1237.2556065141446,1253.1037521200556,1225.109467254565,1247.5966796875,360320.0
2010-06-24,1239.244121140558,1262.9551245693676,1239.244121140558,1259.5284423828125,675428.0
2010-06-25,1254.3884634446897,1263.5056661795447,1247.1068764497093,1258.12109375,196318.0
2010-06-28,1251.634961813383,1259.895568992303,1241.049116810029,1256.49951171875,132807.0
2010-06-29,1250.166682249825,1258.0601680877098,1239.7644337782826,1252.7366943359375,116120.0
2010-06-30,1249.7992151818507,1266.626377197763,1237.31650551116,1253.501220703125,208385.0
2010-07-01,1257.448127142379,1258.6719209400844,1233.0946006902616,1236.12353515625,256604.0
2010-07-02,1236.1234423733872,1248.94265156437,1232.9721586419405,1236.6129150390625,107595.0
2010-07-05,1236.6436981718034,1242.0895957993273,1220.8567274662985,1237.4085693359375,129470.0
2010-07-06,1239.7029765167008,1243.068409078814,1225.6293494387717,1232.32958984375,123331.0
2010-07-07,1226.9147460173203,1237.8677180262423,1220.734600821727,1224.6507568359375,105061.0
2010-07-08,1236.0320287488942,1240.162333795456,1221.346499694452,1228.4139404296875,174648.0
2010-07-09,1229.301090790608,1237.1945771437352,1222.998521721613,1230.5860595703125,246043.0
2010-07-12,1246.8622785466926,1246.8622785466926,1205.6204873978916,1208.3740234375,267548.0
2010-07-13,1211.5560089130606,1220.12256655184,1202.377554300083,1210.7911376953125,224651.0
2010-07-14,1212.167533499408,1235.2360124620832,1209.4446226785071,1223.059326171875,374991.0
2010-07-15,1217.6746643467875,1221.95794206057,1203.6316622915172,1209.59765625,142748.0
2010-07-16,1207.8846833268778,1217.675035370054,1205.4370953160835,1211.4337158203125,74089.0
2010-07-19,1205.4367520569283,1210.3625514037683,1193.9025117794336,1197.2679443359375,189214.0
2010-07-20,1199.4709571540322,1208.374087364214,1187.1412190743931,1190.0477294921875,248336.0
2010-07-21,1195.0348827747707,1199.318161924501,1184.0207363897498,1187.8450927734375,318839.0
2010-07-22,1186.4681499477308,1194.8205579999712,1174.90328300574,1191.8834228515625,272526.0
2010-07-23,1196.2584162117937,1209.6895230275445,1183.5921805061523,1193.5966796875,382705.0
2010-07-26,1202.3775934443718,1202.3775934443718,1097.743207449976,1104.0457763671875,1308174.0
2010-07-27,1107.5333331236582,1163.7666703355103,1104.535023526037,1139.9638671875,1804646.0
2010-07-28,1144.247070885075,1152.7524517519314,1118.2108309184443,1135.0992431640625,1918279.0
2010-07-29,1133.2330868828246,1159.4834794822289,1119.7713547492274,1146.87841796875,1430935.0
2010-07-30,1128.949557318969,1128.949557318969,1095.6011828615794,1110.5008544921875,1682439.0
2010-08-02,1114.0195499927972,1128.3379532758604,1113.6524267690163,1116.8037109375,342168.0
2010-08-03,1119.7714856115624,1143.8802418253697,1119.7714856115624,1138.3731689453125,514524.0
2010-08-04,1141.187820657759,1156.454619801646,1130.785572426562,1154.58837890625,457138.0
2010-08-05,1154.588752735141,1154.588752735141,1133.9983986013526,1139.658447265625,355350.0
2010-08-06,1139.9636894839712,1146.694553995149,1119.8628954053863,1121.943359375,132136.0
2010-08-09,1119.771447057455,1147.3068105096877,1119.771447057455,1141.5244140625,242353.0
2010-08-10,1141.7998513733253,1151.5902037966766,1132.3460721923116,1142.2281494140625,514842.0
2010-08-11,1143.023665598035,1149.6933582430402,1133.9063848039975,1142.0751953125,287017.0
2010-08-12,1132.6212633550792,1148.2246357027586,1120.9952212136711,1141.6773681640625,291243.0
2010-08-13,1143.6353686397108,1162.573548852567,1143.1764459396145,1152.966796875,382334.0
2010-08-16,1144.308549992082,1169.9470489000705,1144.308549992082,1157.6173095703125,234697.0
2010-08-17,1161.3800676270987,1170.8338428309066,1158.565357428427,1165.6939697265625,480626.0
2010-08-18,1166.887412229591,1171.1400658940229,1151.6511641682491,1168.1112060546875,175493.0
2010-08-19,1171.5986350441462,1171.5986350441462,1162.6037830216956,1164.2864990234375,180129.0
2010-08-20,1170.222180384284,1177.9015162511278,1157.0970219381209,1172.2720947265625,313716.0
2010-08-23,1175.2399322572514,1180.2880822678603,1172.5781953723665,1177.5345458984375,178697.0
2010-08-24,1173.3427574076834,1182.7965332404972,1153.517285833001,1156.454345703125,127183.0
2010-08-25,1155.8732098356984,1155.8732098356984,1120.9950875696134,1124.788818359375,457392.0
2010-08-26,1124.6665144244037,1136.7208536076482,1117.6908747496936,1130.081787109375,569187.0
2010-08-27,1133.2334978300437,1144.2476462970742,1084.8324492277093,1092.6953125,338909.0
2010-08-30,1114.0105822897035,1123.2214264310085,1100.318832116311,1114.6329345703125,443800.0
2010-08-31,1110.8987820428174,1122.94128305737,1039.2660522436151,1114.9752197265625,1490941.0
2010-09-01,1117.246842120305,1126.11536258223,1082.8930248245135,1098.327392578125,756310.0
2010-09-02,1104.675321178757,1106.417937989194,1051.775376220901,1055.32275390625,872887.0
2010-09-03,1061.1106911847442,1087.7474005071797,1058.6212819385628,1080.9637451171875,1272843.0
2010-09-06,1070.4458644373851,1088.4940795935968,1053.6423537747053,1060.0526123046875,929677.0
2010-09-07,1061.1106727036176,1075.424775619854,1060.4883204029115,1063.5067138671875,526619.0
2010-09-08,1062.9775629648798,1067.0228522852965,1056.7540409334697,1061.5772705078125,364977.0
2010-09-09,1064.2222917157494,1082.1771379929482,1062.0440589549278,1078.6297607421875,526854.0
2010-09-13,1083.017440850604,1088.4319514369429,1072.4063797300116,1075.238037109375,191565.0
2010-09-14,1079.4697999867556,1085.9422775157873,1067.3339331088416,1071.503662109375,297159.0
2010-09-15,1065.4670220274495,1087.6538943099597,1065.4670220274495,1084.23095703125,324208.0
2010-09-16,1086.0043894040746,1101.500971530115,1071.161307356219,1078.722900390625,304038.0
2010-09-17,1079.9365987377546,1100.2252642056762,1079.9365987377546,1086.097900390625,251514.0
2010-09-20,1089.1166231447323,1140.149516343514,1087.3117861179433,1133.459228515625,678887.0
2010-09-21,1136.415296140863,1163.1764449546947,1107.911530504346,1125.866455078125,702407.0
2010-09-22,1126.3953063188249,1132.0586963676394,1097.8293240200746,1129.0091552734375,533460.0
2010-09-23,1129.5693129287563,1129.5693129287563,1108.7827329677668,1123.5635986328125,265090.0
2010-09-24,1120.2337462273642,1166.9101523201712,1112.4543452118965,1159.90869140625,438846.0
2010-09-27,1166.910444214946,1175.0010232948362,1152.0673585586785,1157.79296875,289297.0
2010-09-28,1157.7931771770436,1166.9106542833265,1149.018024250982,1154.3702392578125,245554.0
2010-09-29,1159.5043190906752,1168.7462336717058,1152.6584451831377,1160.7490234375,328309.0
2010-09-30,1160.749129978597,1166.8482122261426,1142.669843263964,1156.3304443359375,537861.0
2010-10-01,1160.6867475704494,1160.6867475704494,1138.90442254902,1150.231201171875,366450.0
2010-10-04,1150.2315179487075,1156.952953337567,1117.2468452607618,1123.6571044921875,462131.0
2010-10-05,1123.3457679772107,1132.681051367603,1115.8775412648968,1120.9185791015625,270704.0
2010-10-06,1130.1605880749564,1142.0164293510647,1124.5905655789504,1134.454833984375,221390.0
2010-10-07,1134.5483312300769,1151.9741969867648,1134.5483312300769,1147.3687744140625,548828.0
2010-10-08,1146.9952172055891,1151.3828310346316,1137.659933289103,1147.7109375,446061.0
2010-10-11,1148.2399417042925,1169.8978311556273,1148.2399417042925,1166.41259765625,560192.0
2010-10-12,1165.1056953792754,1175.0011118864495,1156.5483514765006,1169.0576171875,274892.0
2010-10-13,1169.0574373142235,1175.6232832867784,1158.1974220204845,1169.7109375,323820.0
2010-10-14,1171.8894664841246,1178.735342284085,1148.8624297024396,1158.5400390625,427405.0
2010-10-15,1158.1977068446404,1166.9106396204734,1105.9823302296074,1113.8551025390625,352063.0
2010-10-18,1120.234106780587,1129.5693910037585,1115.8776408097733,1121.6343994140625,377540.0
2010-10-19,1132.6810688035937,1154.401177020402,1120.3896121503676,1143.10546875,282949.0
2010-10-20,1142.638405378078,1155.023226817876,1138.904292942202,1144.3187255859375,159957.0
2010-10-21,1145.7505572445614,1157.5752506653364,1145.4393811019097,1153.0009765625,556608.0
2010-10-22,1145.7506264009,1164.421196086955,1139.651543248492,1153.81005859375,231839.0
2010-10-25,1163.7986241788535,1173.1339072605022,1147.0262626304495,1159.4110107421875,578378.0
2010-10-26,1163.176285853817,1169.3064399564396,1154.4633548736388,1160.18896484375,602094.0
2010-10-27,1161.9317307039555,1166.8483290114195,1148.8623325546343,1157.1396484375,258194.0
2010-10-28,1160.997979081266,1199.2726377322967,1160.780171014795,1187.2923583984375,835409.0
2010-10-29,1188.692917362996,1194.916440490551,1148.5823411942008,1160.8426513671875,471926.0
2010-11-01,1146.1240855901726,1151.3518605837291,1129.9118522708875,1144.1014404296875,324812.0
2010-11-02,1151.3515913642243,1165.6656922298337,1151.3204433653557,1153.1875,981260.0
2010-11-03,1153.2188272008195,1168.7776349072526,1153.2188272008195,1162.3363037109375,79790.0
2010-11-04,1166.9103961051042,1173.9430064805892,1140.1492510210935,1145.50146484375,469003.0
2010-11-08,1166.2879163167574,1166.2879163167574,1131.436196298754,1138.4998779296875,445644.0
2010-11-09,1142.0163450294583,1145.128106187577,1132.6810615551033,1137.193115234375,548506.0
2010-11-10,1137.6601263496393,1143.88365001676,1120.2342600817017,1126.4266357421875,193796.0
2010-11-11,1126.4575938981882,1140.7405479187137,1124.6216851141066,1132.618896484375,197260.0
2010-11-12,1120.2337985459546,1141.9539023896834,1117.1220379944382,1135.5125732421875,175648.0
2010-11-15,1130.2851202699374,1153.1565667977766,1124.6528016890722,1141.2696533203125,240297.0
2010-11-16,1145.1279229711142,1145.1279229711142,1120.2338376891337,1131.125,138058.0
2010-11-18,1162.9896656930846,1216.6986974041297,1134.3926090503207,1190.7777099609375,1047005.0
2010-11-19,1184.42957081803,1219.8102771840447,1179.9797375208925,1210.163818359375,988584.0
2010-11-22,1205.4960805536668,1222.6419121909237,1190.310673327768,1216.449462890625,336506.0
2010-11-23,1210.4751292146962,1222.2998219936574,1196.161027429638,1218.347900390625,205254.0
2010-11-24,1224.7890603664043,1226.033764696045,1194.3560243125455,1202.010986328125,170306.0
2010-11-25,1185.7678609497884,1226.0340241464023,1183.931876092608,1214.240478515625,307208.0
2010-11-26,1213.5867932475462,1225.4114850791889,1199.5838687100745,1205.2161865234375,280632.0
2010-11-29,1213.9601981871438,1219.810324119413,1201.824330166568,1211.4085693359375,100210.0
2010-11-30,1212.342152006018,1283.2280106922074,1200.5174595583208,1233.937744140625,575576.0
2010-12-01,1221.1794261815076,1247.8161300695367,1182.4691506893364,1198.3079833984375,448708.0
2010-12-02,1199.2728032380296,1204.2516213106317,1102.1858508222888,1108.5338134765625,1821292.0
2010-12-03,1104.6752752595723,1173.0095846470224,1104.6752752595723,1144.84814453125,2189933.0
2010-12-06,1121.4791035411806,1129.1651410266816,1085.0092655347144,1104.5511474609375,660877.0
2010-12-07,1101.563335722187,1120.2339007344276,1098.327134841688,1113.6058349609375,306300.0
2010-12-08,1113.9790017387545,1120.2336701185327,1089.7384202097503,1094.1571044921875,347505.0
2010-12-09,1099.696284058081,1106.5421579260144,1064.284430401624,1089.0540771484375,283575.0
2010-12-10,1090.3610898957947,1117.1222353669814,1076.389312939246,1111.08544921875,247544.0
2010-12-13,1111.0542163855737,1119.61155876076,1086.1289814790136,1104.0216064453125,252131.0
2010-12-14,1094.0951524811614,1094.0951524811614,1061.4216624326627,1065.9337158203125,609137.0
2010-12-15,1061.7329728273774,1083.453082248767,970.2471891195084,1009.1753540039062,2425129.0
2010-12-16,1008.832872620783,1059.5545747297242,988.606426994518,1046.609619140625,3264774.0
2010-12-20,1101.5634578251231,1242.837415410605,1101.5634578251231,1232.568603515625,6157352.0
2010-12-21,1237.734092987309,1237.734092987309,1187.852548671426,1227.5897216796875,2886164.0
2010-12-22,1223.5445463670544,1224.6025148235335,1193.0492855471227,1207.27001953125,1195471.0
2010-12-23,1200.393049043313,1207.3633638483711,1193.1114821428184,1196.658935546875,530885.0
2010-12-24,1177.4905226684623,1214.8316597509718,1177.4905226684623,1201.5133056640625,964839.0
2010-12-27,1194.9161753607134,1213.5867406007244,1194.9161753607134,1206.025146484375,266023.0
2010-12-28,1205.4653392329335,1215.4541247168308,1194.9164974174682,1210.4130859375,262404.0
2010-12-29,1210.4750998402556,1222.113056273049,1204.282725476152,1217.4765625,307041.0
2010-12-30,1217.4765744124977,1256.5291776300744,1208.0479227443068,1240.7525634765625,939385.0
2010-12-31,1234.1244606946984,1254.0397318708106,1224.975913386464,1237.32958984375,425565.0
2011-01-03,1253.4175811852692,1257.1516951312035,1218.7525871088098,1236.3651123046875,564296.0
2011-01-04,1232.3508174594797,1237.7963996223568,1217.4765835575877,1231.8529052734375,354865.0
2011-01-05,1234.5600416789828,1234.5600416789828,1179.3574313492386,1184.585205078125,365704.0
2011-01-06,1194.0141204831457,1194.1074125581897,1157.575360337972,1173.912109375,285534.0
2011-01-07,1159.8157302107554,1188.0705398035848,1148.2399926336377,1169.928955078125,725768.0
2011-01-10,1169.3999708948952,1173.1340846923242,1105.9200363385996,1118.740478515625,717095.0
2011-01-11,1120.8564706459758,1166.1637475989723,1120.8564706459758,1148.5511474609375,310885.0
2011-01-12,1145.7503423049584,1173.133837721264,1126.457425079834,1166.2879638671875,384124.0
2011-01-13,1152.2852143182274,1173.134015117396,1130.378445060828,1136.2596435546875,434079.0
2011-01-14,1126.457554666152,1151.3516442720338,1121.789912865049,1129.6004638671875,324542.0
2011-01-17,1117.7446355295588,1126.4575669869162,1098.4828638746228,1112.6102294921875,225503.0
2011-01-18,1112.7657690750875,1116.4998823941316,1092.850498040187,1112.050048828125,199334.0
2011-01-19,1112.1435356907002,1124.9639775951696,1088.680884883954,1098.0472412109375,218542.0
2011-01-20,1104.6752047849477,1125.648444481868,1095.5577294499,1105.4219970703125,339317.0
2011-01-21,1095.3400381434478,1108.9695685849488,1084.1376968442537,1091.13916015625,108075.0
2011-01-24,1101.1587228859282,1101.1587228859282,1079.3763983979509,1085.56884765625,133201.0
2011-01-25,1089.1164848813871,1110.3076103040885,1085.382371218937,1104.395263671875,267721.0
2011-01-27,1117.1221863642645,1117.1221863642645,1064.5334260590944,1072.9351806640625,405139.0
2011-01-28,1073.5577715756033,1076.545093154372,1018.7285463779776,1031.2066650390625,662639.0
2011-01-31,1014.4342484558078,1026.8812944491308,990.1625087688284,1016.363525390625,333964.0
2011-02-01,1036.2164594689184,1038.0835161526463,990.2557626319658,1002.2048950195312,747744.0
2011-02-02,997.0082843959228,1017.3591721722656,938.538322075728,947.718017578125,1471867.0
2011-02-03,939.7521112016636,979.5826642592176,936.8270853498,973.2035522460938,919048.0
2011-02-04,964.6458253492368,985.8057982923814,944.3882326286146,956.6796875,873362.0
2011-02-07,958.4223390837662,995.1411170097028,958.4223390837662,985.3079223632812,1246341.0
2011-02-08,994.5191607342736,994.5191607342736,932.9062715523633,937.8539428710938,351230.0
2011-02-09,943.5482067086676,943.5482067086676,880.7217790789607,896.529541015625,512711.0
2011-02-10,898.1165291060129,924.815456191558,891.644050423042,901.9751586914062,277371.0
2011-02-11,887.4743672280379,930.3544552847465,887.4743672280379,914.5466918945312,839798.0
2011-02-14,919.2143895968692,959.6672909670766,919.2143895968692,950.3942260742188,605925.0
2011-02-15,957.8003342087204,958.2982465121391,934.150943240604,944.1085815429688,237967.0
2011-02-16,934.3062701866168,953.5991890047916,924.3486346675588,929.0474243164062,208174.0
2011-02-17,933.5284929192944,939.6275761279976,923.5708556614886,932.3460083007812,255736.0
2011-02-18,936.6400228291228,947.8423619725942,905.5224140972584,911.6837158203124,282217.0
2011-02-21,913.1151049817792,917.9072624387718,882.5265555460929,895.471435546875,533743.0
2011-02-22,894.9425092785021,894.9425092785021,856.2010828511122,865.4119262695312,887934.0
2011-02-23,863.2026259335605,944.5440398203308,857.601455325484,916.289306640625,1229812.0
2011-02-24,930.2608032226562,947.2198979795168,910.5633440265082,930.2608032226562,1420337.0
2011-02-25,938.942960487606,940.996753631847,903.0644082702372,933.870849609375,1217351.0
2011-02-28,925.1266785918224,952.1990031923904,896.311737191888,911.8705444335938,800390.0
2011-03-01,918.0939967374436,939.7518851409044,915.200119589589,928.4561767578124,538135.0
2011-03-03,931.9723421892384,944.3571651360144,922.32588388945,937.5112915039062,896338.0
2011-03-04,945.9754210385096,967.4154256862532,938.0092818414709,956.4309692382812,475633.0
2011-03-07,951.5145829491444,963.4014983875536,945.9756314916548,953.9417724609376,539119.0
2011-03-08,961.1918079359288,961.5341320281776,915.4800700410676,942.8947143554688,1494246.0
2011-03-09,939.7520806411897,963.5259108359984,928.5497379580496,956.9912109375,623731.0
2011-03-10,949.709310810886,980.1111959005644,946.0996382189934,956.1195678710938,915890.0
2011-03-11,958.4225131749216,970.86955880057,949.5851411690064,952.2923583984376,1235111.0
2011-03-14,946.286565444749,964.5837361956698,937.8848103421484,952.8834838867188,468650.0
2011-03-15,939.1294994204064,958.3601982010932,927.3048072474522,948.4647827148438,416018.0
2011-03-16,944.1082593960288,949.087076848348,938.5070897621696,943.73486328125,309358.0
2011-03-17,929.2033088570196,950.9544954959316,929.2033088570196,939.8455200195312,202993.0
2011-03-18,939.7830776820698,951.3898867654384,907.7630077406566,917.0360717773438,361084.0
2011-03-21,927.864909891532,929.3896423927764,885.3271522286338,892.608642578125,416861.0
2011-03-22,899.2989243940672,904.1533019174956,879.8815662418078,897.0584716796875,393956.0
2011-03-23,899.9215055936374,911.715052336044,898.1788886108284,902.6287231445312,323928.0
2011-03-24,902.628262419862,922.3257196014432,902.628262419862,918.3426513671876,210250.0
2011-03-25,932.9059934579316,932.9059934579316,916.320291322055,928.082763671875,455606.0
2011-03-28,926.6823573076742,939.9695606014538,922.0458641486548,933.9949951171876,372810.0
2011-03-29,941.4945819632406,985.1836826699748,940.3743174443032,961.2853393554688,745612.0
2011-03-30,967.1354066985648,979.3957157645576,964.6459976723136,969.3447875976562,223344.0
2011-03-31,970.8695105221856,1007.5882932919347,969.7181740532128,989.19775390625,921560.0
2011-04-01,992.6522320188202,1017.7952880741392,991.1897188460488,997.4754638671876,310597.0
2011-04-04,1014.4341333004172,1020.6576555906038,1003.8541454071,1006.9036865234376,303895.0
2011-04-05,1008.2106687335976,1029.2462056670745,1008.2106687335976,1022.6803588867188,296575.0
2011-04-06,1020.7511124373744,1051.1530062761394,1020.7511124373744,1046.9832763671875,308362.0
2011-04-07,1045.5517854057389,1063.4132646847934,1042.4400241396504,1054.793701171875,397379.0
2011-04-08,1052.3975420236115,1052.8954541585715,1029.992863423464,1035.251708984375,384032.0
2011-04-11,1023.7694611724322,1031.5488643728306,1010.7312117968582,1019.5997314453124,198337.0
2011-04-13,1014.433928701202,1101.5632231908758,1013.1892244942064,1079.874267578125,753957.0
2011-04-15,1089.116592792497,1150.1071219888768,1082.8930694051112,1139.993896484375,1182968.0
2011-04-18,1145.1279853718654,1213.4622835828889,1129.569181222791,1159.9710693359375,2489646.0
2011-04-19,1159.4422097224442,1171.8892543786164,1095.3399297431572,1099.60302734375,1315296.0
2011-04-20,1116.4844032407193,1133.8514586757944,1102.3573998385543,1129.25048828125,725802.0
2011-04-21,1134.0458017769863,1166.414677448661,1134.0458017769863,1158.15234375,507364.0
2011-04-25,1159.966509125575,1166.446768953092,1143.4418465654062,1149.3388671875,194999.0
2011-04-26,1150.2464147810554,1161.2628593169866,1136.411072317175,1147.881103515625,405596.0
2011-04-27,1150.2463632344177,1164.5029378773231,1122.1868005907988,1129.1207275390625,305033.0
2011-04-28,1132.7497292486223,1138.743971236923,1092.734113813209,1098.6959228515625,590224.0
2011-04-29,1094.4515399937306,1120.340156815737,1069.988549267505,1108.1248779296875,713420.0
2011-05-02,1111.3646488999834,1116.4840703922491,1088.683737697943,1094.677978515625,279917.0
2011-05-03,1092.5721600101858,1107.4767624302538,1067.331571466801,1073.5849609375,273781.0
2011-05-04,1071.8348890356622,1071.8348890356622,1020.7380602372232,1035.9990234375,701193.0
2011-05-05,1043.3222046512496,1109.939331099458,1036.8419425105587,1099.9920654296875,1348468.0
2011-05-06,1102.8755621764149,1153.4863814047417,1081.199043107957,1144.1224365234375,853507.0
2011-05-09,1135.406477888031,1144.090043172881,1120.0158585023862,1129.3798828125,325567.0
2011-05-10,1118.1689417773975,1140.4934074083094,1104.301168579436,1110.65185546875,507755.0
2011-05-11,1110.716621280185,1166.4468601542203,1110.716621280185,1150.991455078125,1087153.0
2011-05-12,1146.358215767479,1159.9667644001056,1129.5743232996217,1134.17529296875,374931.0
2011-05-13,1134.1750821591386,1174.6443536288796,1134.1750821591386,1165.1507568359375,436312.0
2011-05-16,1152.1900662673038,1218.28870898905,1142.5021105690946,1207.175048828125,948427.0
2011-05-17,1199.4963872875426,1202.704085044384,1160.61481881793,1168.2291259765625,571114.0
2011-05-18,1169.1363972443903,1201.310911492675,1165.1510205910506,1193.4373779296875,540674.0
2011-05-19,1182.809654469096,1190.6831875078517,1159.9667341458332,1162.202392578125,291385.0
2011-05-20,1156.726688366556,1189.160429113638,1149.2743875731578,1172.1173095703125,328609.0
2011-05-23,1159.9666813586412,1170.561891928873,1140.2018859500165,1159.221435546875,222519.0
2011-05-24,1166.4466684518936,1183.2953425517542,1150.5052464706632,1178.370361328125,391375.0
2011-05-25,1174.2232773118674,1182.615183551419,1151.218351073141,1170.3675537109375,382503.0
2011-05-26,1178.111501122736,1263.0029239209089,1165.1509785581293,1220.8812255859375,844136.0
2011-05-27,1210.4479628909817,1226.7134021112322,1188.058629588785,1199.0750732421875,371051.0
2011-05-30,1201.4401011683735,1211.8085162809375,1185.8226917260197,1190.132080078125,192693.0
2011-05-31,1198.7834808829418,1209.8647112118167,1192.46522649927,1201.9263916015625,203942.0
2011-06-01,1195.6727927226052,1215.0812194688906,1195.6727927226052,1207.499267578125,238865.0
2011-06-02,1199.65834167892,1224.1213274444187,1197.195810807645,1212.5540771484375,460843.0
2011-06-03,1213.1048822812818,1220.8164088389556,1198.848307810027,1206.0413818359375,163034.0
2011-06-06,1211.776280349876,1211.776280349876,1189.8082605423997,1205.6524658203125,121572.0
2011-06-07,1210.966372139093,1210.966372139093,1184.753747371221,1187.7994384765625,225451.0
2011-06-08,1185.2397048028602,1185.2397048028602,1139.910311977312,1143.05322265625,524850.0
2011-06-09,1146.293425720265,1157.309869820151,1125.2001437577003,1128.73193359375,735214.0
2011-06-10,1132.2635567136017,1136.5729459225292,1110.101096645896,1117.4561767578125,542605.0
2011-06-13,1111.364655988581,1132.360715456194,1107.1524867384785,1124.1307373046875,360844.0
2011-06-14,1124.3253107865887,1138.3226590653449,1121.830426061989,1125.070556640625,222867.0
2011-06-15,1124.5521265953732,1137.2858558450157,1118.331091580932,1132.0692138671875,213531.0
2011-06-16,1126.9173197031969,1137.2533037308024,1121.7331112169256,1125.5240478515625,164588.0
2011-06-17,1118.557837233092,1130.8055463642331,1117.8774572898194,1122.186767578125,287182.0
2011-06-20,1118.8492488732472,1135.7627105477331,1118.8492488732472,1127.7271728515625,462979.0
2011-06-21,1132.1016429049707,1152.449679096394,1128.278272937976,1142.048828125,239719.0
2011-06-22,1142.4697410596648,1152.7085826327775,1119.2055938127166,1132.7169189453125,218404.0
2011-06-23,1122.4135393502854,1146.001624030226,1112.6931487058896,1142.5994873046875,353597.0
2011-06-24,1145.7100938254123,1212.9752316545716,1145.7100938254123,1208.4066162109375,863114.0
2011-06-27,1187.8965221259689,1208.8925817140223,1187.8965221259689,1200.2738037109375,457678.0
2011-06-28,1198.8805259032445,1208.4712631840953,1189.4517160167068,1196.87158203125,259402.0
2011-06-29,1194.9601490710984,1217.479056435643,1192.8864971571263,1198.1678466796875,447214.0
2011-06-30,1196.9041319488292,1223.1491873597267,1193.6640016511876,1216.4744873046875,596638.0
2011-07-01,1224.7692709062449,1233.7768490899434,1220.233088421407,1230.7310791015625,449943.0
2011-07-04,1239.0258696983392,1244.210078358165,1224.28327632196,1230.1802978515625,190595.0
2011-07-05,1226.7132907065438,1234.4896031674411,1215.178395580983,1229.856201171875,199895.0
2011-07-06,1228.0091957561897,1228.0091957561897,1203.481428960053,1208.0823974609375,164926.0
2011-07-07,1209.2164623173,1221.5289557706917,1209.2164623173,1218.9044189453125,369241.0
2011-07-08,1219.0019572234696,1242.9141376318105,1219.0019572234696,1232.67529296875,429962.0
2011-07-11,1225.4172499917502,1247.2556960466925,1219.682235319612,1227.361328125,207101.0
2011-07-12,1216.3448956434972,1226.7133124417371,1197.5197072522965,1205.6524658203125,146487.0
2011-07-13,1205.6523753858771,1222.5010514192193,1205.6523753858771,1217.0576171875,132726.0
2011-07-14,1210.5127437333897,1216.7662113621695,1194.960117475573,1199.4638671875,331334.0
2011-07-15,1198.8481438142207,1205.1339646020538,1172.9595358099662,1184.7860107421875,323622.0
2011-07-18,1185.8874719984003,1191.00689275311,1174.352578607016,1177.463134765625,170750.0
2011-07-19,1181.0275480150256,1181.4163478477435,1158.7030808755155,1161.1331787109375,375395.0
2011-07-20,1165.474835270392,1170.2702437969288,1134.0455722675486,1138.5169677734375,373294.0
2011-07-21,1134.0457503325863,1165.669457755191,1121.2472340074046,1156.888671875,1691160.0
2011-07-22,1163.207002488136,1181.254515925844,1158.6708191915247,1179.8936767578125,527980.0
2011-07-25,1181.9347769280444,1185.887720174343,1167.969783335459,1183.61962890625,589496.0
2011-07-26,1187.8319781584637,1196.936777554391,1170.1408319482432,1180.0556640625,580078.0
2011-07-27,1178.88920938143,1181.2869537395068,1154.4910866908924,1169.9140625,250502.0
2011-07-28,1150.2463361167354,1192.368032932278,1150.2463361167354,1181.80517578125,1168677.0
2011-07-29,1161.2627777721932,1176.9449778390476,1148.9502818025103,1156.7913818359375,429677.0
2011-08-01,1157.3098930737565,1172.927307143501,1141.7896196406907,1162.818115234375,173754.0
2011-08-02,1158.1520414909226,1177.139235030082,1148.9501038856788,1171.69580078125,155208.0
2011-08-03,1155.0419114896292,1180.7037331173306,1148.950449405613,1168.3912353515625,206311.0
2011-08-04,1159.1890337041457,1185.8876754102837,1159.1890337041457,1168.552978515625,330022.0
2011-08-05,1145.710132249735,1166.4469672225805,1128.213427741396,1156.953369140625,230939.0
2011-08-08,1130.8052798476067,1207.7907941519031,1114.604631139188,1202.444580078125,446162.0
2011-08-09,1160.6146717659483,1218.2889910217662,1160.6146717659483,1201.051513671875,462295.0
2011-08-10,1209.281504672569,1224.5101182150363,1196.5802087729935,1220.8487548828125,432000.0
2011-08-11,1215.016047891089,1221.399165860803,1200.6299055199995,1204.9068603515625,356386.0
2011-08-12,1203.416960535597,1240.3220171252976,1203.416960535597,1224.931396484375,474789.0
2011-08-16,1231.249566525445,1243.4972754028845,1218.418618348176,1224.9637451171875,385466.0
2011-08-17,1225.0933171202294,1264.946921459237,1225.0933171202294,1256.8790283203125,756048.0
2011-08-18,1255.2265795506448,1272.0752584707875,1255.2265795506448,1266.048583984375,380313.0
2011-08-19,1244.2102301010443,1296.0523230219214,1244.2102301010443,1291.9697265625,480001.0
2011-08-22,1292.1965042254974,1309.9847894123727,1287.8546817989754,1301.0096435546875,763875.0
2011-08-23,1302.499955462165,1306.1937514891513,1281.8927740934937,1291.224365234375,405250.0
2011-08-24,1281.4716264714816,1292.779650395664,1264.493374111585,1273.3388671875,311784.0
2011-08-25,1285.7757571004795,1302.3691139953976,1231.0141678325026,1255.030029296875,933496.0
2011-08-26,1254.8979291926528,1296.5958723318024,1239.459105754028,1287.5899658203125,499712.0
2011-08-29,1289.5693340828598,1318.5005880304425,1277.6933281307947,1301.2803955078125,581650.0
2011-08-30,1308.999623035214,1364.4209780427532,1307.8450114725567,1353.6995849609375,736166.0
2011-09-02,1392.1320364090204,1399.8183881975374,1351.2588081244985,1367.5552978515625,432735.0
2011-09-05,1352.545249906016,1446.893528314094,1351.2256935646442,1440.5267333984375,1079760.0
2011-09-06,1444.7165667620573,1456.7575211993524,1418.523399462146,1430.0364990234375,711871.0
2011-09-07,1438.3162026283012,1443.0665725496958,1408.791133789945,1433.6317138671875,527380.0
2011-09-08,1429.1456470411183,1442.9349472172617,1413.9047059380848,1431.520751953125,373029.0
2011-09-09,1428.7495791663737,1475.923716737556,1428.716558043251,1466.35693359375,868373.0
2011-09-12,1451.5119815974097,1471.3053268010106,1442.373989463618,1460.8477783203125,479985.0
2011-09-13,1454.1508691380038,1470.843286557537,1445.375788574031,1453.425048828125,432679.0
2011-09-14,1450.0271758582735,1457.4496787491416,1430.2998770508814,1447.322021484375,1258246.0
2011-09-15,1448.2129444132945,1460.4848816311226,1440.9884063596255,1453.0623779296875,441841.0
2011-09-16,1451.5121794575905,1466.027301252166,1446.002966526814,1451.6771240234375,305050.0
2011-09-19,1442.3081975645443,1461.4087446525086,1441.8792450780563,1452.270751953125,220974.0
2011-09-20,1448.2128677840738,1463.0578744014504,1445.6726577758702,1455.2724609375,335286.0
2011-09-21,1460.5509985557308,1460.5509985557308,1398.0370128460158,1408.1646728515625,745676.0
2011-09-22,1382.235318952751,1398.696752707363,1370.6892005366778,1376.924072265625,334283.0
2011-09-23,1355.844084085862,1376.9239635424162,1333.6755545853157,1344.0010986328125,539677.0
2011-09-26,1345.947362069598,1349.2462526629058,1289.0414993350378,1304.08447265625,673096.0
2011-09-27,1319.5894244480492,1331.960265729195,1309.6927514231324,1314.739990234375,389532.0
2011-09-28,1323.5152451512597,1323.5482662813818,1286.798567332191,1291.8128662109375,263193.0
2011-09-29,1286.567363369681,1332.0590335664338,1263.8709794157053,1320.1170654296875,1400868.0
2011-09-30,1316.1912427618956,1316.1912427618956,1266.7738509076864,1281.1240234375,637049.0
2011-10-03,1275.9779967843926,1297.717736442076,1256.448578491988,1292.96728515625,561252.0
2011-10-04,1271.3923810871636,1316.2572912656417,1271.3923810871636,1294.1217041015625,597115.0
2011-10-05,1289.8991998774468,1300.356666599914,1277.59432226891,1286.40234375,410851.0
2011-10-07,1309.6595531417806,1319.4902631246132,1261.6276743423136,1280.5633544921875,542327.0
2011-10-10,1274.0314524038474,1301.5441656905764,1265.784226533807,1293.69287109375,409363.0
2011-10-11,1298.839394432825,1316.0595899551074,1298.839394432825,1303.5238037109375,248978.0
2011-10-12,1306.3607074215224,1342.8134493836633,1296.4640353956015,1320.1170654296875,505210.0
2011-10-13,1326.154130474617,1336.3806921772818,1302.3690950730102,1307.6143798828125,289424.0
2011-10-14,1298.4434512147336,1326.154134624804,1298.4434512147336,1315.4327392578125,221667.0
2011-10-17,1322.1956366602474,1337.7663875310134,1303.1280287861714,1314.80615234375,224721.0
2011-10-18,1312.9585544897946,1329.4530086919276,1295.1445439514907,1310.220458984375,707937.0
2011-10-19,1359.1430204112687,1380.8826787404655,1346.937124354177,1363.464599609375,1775133.0
2011-10-20,1349.9058738425404,1356.338709751614,1317.576749786683,1339.3824462890625,785209.0
2011-10-21,1339.382680143973,1363.2666172171776,1323.0201496308507,1354.062744140625,717701.0
2011-10-24,1365.5427856409149,1379.3322454292368,1360.099615979941,1367.4232177734375,294840.0
2011-10-25,1367.7201198092375,1389.7566458271876,1340.7351770732018,1379.2001953125,1091808.0
2011-10-28,1425.1207610072074,1472.2618761868323,1411.9251984052887,1423.4052734375,527873.0
2011-10-31,1418.5230435789906,1445.3101012985012,1418.5230435789906,1439.2071533203125,485738.0
2011-11-01,1424.4611355694033,1435.3804970086994,1400.2473078150583,1410.177001953125,334932.0
2011-11-02,1398.7298284711644,1411.8923717639211,1365.2130626298012,1378.5076904296875,615746.0
2011-11-03,1373.130495286181,1378.2767979778512,1343.0776435868593,1366.5987548828125,1043359.0
2011-11-04,1375.7694396271904,1407.7356604858828,1375.7694396271904,1394.63916015625,323921.0
2011-11-08,1409.286277550476,1419.578882211244,1392.791822054801,1398.5318603515625,211070.0
2011-11-09,1408.4281907004777,1429.607130831376,1402.226341375704,1411.9910888671875,352001.0
2011-11-11,1398.7295766270358,1444.1882234359591,1395.430686116123,1433.664794921875,346536.0
2011-11-14,1436.3368143347907,1484.3026463368603,1436.3368143347907,1457.8126220703125,847401.0
2011-11-15,1454.8105483233903,1470.6452209582028,1416.8733118024857,1426.2091064453125,381063.0
2011-11-16,1417.8962835735178,1424.790933113302,1377.2538845832337,1388.00830078125,459599.0
2011-11-17,1381.377312294783,1420.832073077987,1369.501307040358,1397.90478515625,595134.0
2011-11-18,1385.5338993068472,1452.8312601303226,1385.5338993068472,1447.1571044921875,865363.0
2011-11-21,1438.9762647565328,1450.1924942388166,1422.4818096355273,1432.7744140625,658421.0
2011-11-22,1436.7988540538745,1449.2027155674273,1407.9996020571452,1429.6732177734375,587439.0
2011-11-23,1425.0879568634025,1464.707671823738,1387.5136188492436,1403.1173095703125,786798.0
2011-11-24,1393.45123618431,1420.930927428559,1371.1837270833532,1390.0863037109375,598972.0
2011-11-25,1378.936531469286,1382.2354226928967,1334.7313890729022,1343.4404296875,780396.0
2011-11-28,1358.4833071211613,1374.153039294123,1335.522993658311,1341.4940185546875,404303.0
2011-11-29,1339.4155489696543,1371.612672990174,1313.4532959844692,1359.901611328125,722677.0
2011-11-30,1359.802581588473,1377.1547767812858,1300.4885178897302,1319.358154296875,2870263.0
2011-12-01,1342.6483718639363,1386.193724464929,1342.6483718639363,1377.8145751953125,466629.0
2011-12-02,1381.6415114963122,1391.406099417001,1356.5038991286633,1372.96533203125,720064.0
2011-12-05,1372.0086674150875,1372.338556491167,1353.6668025693314,1360.3636474609375,243911.0
2011-12-07,1354.524471475489,1374.87869077544,1351.621512197987,1357.889404296875,331557.0
2011-12-08,1358.4833542528368,1379.794222963163,1350.5660156170748,1357.6256103515625,367679.0
2011-12-09,1347.9267495889117,1357.5924349770692,1326.8138489590317,1341.5928955078125,330459.0
2011-12-12,1346.6071591898549,1352.5781834637255,1300.0597800457356,1304.117431640625,389019.0
2011-12-13,1302.0720386362357,1328.661127430143,1279.837549594277,1324.108642578125,385418.0
2011-12-14,1319.5564232650158,1325.4944271697084,1296.4641858578782,1303.1279296875,299350.0
2011-12-15,1287.3587466343192,1297.3214584420612,1260.1759264060977,1290.5916748046875,326709.0
2011-12-16,1293.1649650016918,1321.5354208665249,1254.2380604429677,1270.5345458984375,385536.0
2011-12-19,1257.537050448969,1281.7838954668073,1239.2941699943508,1262.6173095703125,554537.0
2011-12-20,1264.794796765646,1270.0730223129206,1179.74937152732,1194.132568359375,626765.0
2011-12-21,1222.5688977988518,1229.3316237580736,1164.4424595645262,1217.6865234375,1077209.0
2011-12-22,1196.1779319467014,1233.7852910867798,1196.1779319467014,1220.95263671875,558856.0
2011-12-23,1233.1252613624367,1233.1252613624367,1195.5838715940472,1220.5894775390625,392373.0
2011-12-26,1231.805882537548,1280.5964475439112,1217.653672557013,1267.7637939453125,368195.0
2011-12-27,1273.3717959024834,1277.2645029926405,1250.279561261765,1257.273193359375,265949.0
2011-12-28,1257.537239894212,1266.708172914213,1244.968433061489,1260.605224609375,422058.0
2011-12-29,1250.9393710824693,1266.4111364679438,1248.8610538042933,1256.5474853515625,278028.0
2011-12-30,1250.279311403372,1275.0209864311432,1250.279311403372,1256.97607421875,273562.0
2012-01-02,1263.3434851516674,1265.982598276664,1185.9844816752009,1213.2332763671875,910326.0
2012-01-03,1227.18737094141,1243.450918605031,1188.2604597126233,1206.371337890625,628569.0
2012-01-04,1202.1818762064968,1206.0086220907574,1164.574517739937,1178.6607666015625,666616.0
2012-01-05,1178.6606215196189,1215.971107410925,1175.7906027293625,1206.2393798828125,626928.0
2012-01-06,1202.1818767277668,1202.1818767277668,1137.9524832162117,1144.7152099609375,1034818.0
2012-01-09,1140.030462550855,1144.714870408353,1124.2617516863593,1140.3603515625,469866.0
2012-01-10,1144.0551670621655,1174.3719369955206,1142.075832863096,1171.3699951171875,649518.0
2012-01-11,1174.4054016162424,1206.07476076095,1174.075512458485,1193.7369384765625,686840.0
2012-01-12,1184.2355631975283,1202.8412708157396,1175.7244107826543,1195.7486572265625,489929.0
2012-01-13,1198.8169764334173,1200.1035116937696,1171.7990916513793,1182.9822998046875,419547.0
2012-01-16,1180.3431202213274,1192.4170926830332,1167.8073352664894,1186.8419189453125,312900.0
2012-01-17,1190.8998177160788,1213.9920579488007,1190.8998177160788,1205.810791015625,423277.0
2012-01-18,1212.0125623546617,1233.7852431155238,1211.9466006420405,1227.6163330078125,378357.0
2012-01-19,1233.785401656571,1274.5267110428238,1233.785401656571,1256.943603515625,758649.0
2012-01-20,1247.7064103241396,1316.6862462961303,1234.9397195675026,1284.3240966796875,1104305.0
2012-01-23,1285.9075824597107,1285.9075824597107,1228.3089191774177,1237.1829833984375,589238.0
2012-01-24,1235.10439711094,1262.485183692192,1206.6020201625636,1245.726806640625,1001303.0
2012-01-25,1244.5392993355758,1250.840131042206,1210.9235612172836,1223.1624755859375,684331.0
2012-01-27,1230.5192861740793,1237.0840466324785,1181.7286430512986,1199.7735595703125,1462110.0
2012-01-30,1192.8789030500016,1213.3320258345975,1187.666639522836,1203.666259765625,547227.0
2012-01-31,1217.290674483536,1233.785128067324,1195.452034046466,1228.8367919921875,869800.0
2012-02-01,1233.7854122519384,1283.2687844010802,1230.8823716446534,1274.7906494140625,557111.0
2012-02-02,1286.7324376937224,1324.7027054122232,1282.5428622213526,1300.3238525390625,739646.0
2012-02-03,1307.6803640569349,1312.2988113568333,1280.002701382561,1288.4808349609375,371878.0
2012-02-06,1293.825029981091,1314.8719703400511,1287.887026273885,1294.814697265625,221871.0
2012-02-07,1296.4639156495602,1328.793041281534,1280.4312762326715,1286.46826171875,363421.0
2012-02-08,1291.8457228411264,1325.7912792056677,1288.5798529485528,1318.3687744140625,398783.0
2012-02-09,1308.3398375461063,1342.6482952124693,1300.2245355362234,1315.4984130859375,689667.0
2012-02-10,1309.6594331204603,1335.390777146505,1288.8104627867076,1300.0926513671875,281152.0
2012-02-13,1303.061880050809,1332.7188764468672,1295.474431128994,1327.968505859375,437763.0
2012-02-14,1327.539421755371,1378.9361488664374,1327.539421755371,1373.5260009765625,616998.0
2012-02-15,1379.3651780641037,1385.6660918553412,1364.4212668217206,1381.6085205078125,349374.0
2012-02-16,1377.9798953635495,1453.5903861175275,1320.8760556471836,1444.9473876953125,480246.0
2012-02-17,1451.5116960871528,1458.076455406004,1381.1464321605592,1391.702880859375,514786.0
2012-02-21,1399.7192103680943,1423.141332436474,1399.7192103680943,1416.70849609375,276256.0
2012-02-22,1403.4469898573486,1450.1923349678195,1403.4469898573486,1412.1231689453125,273429.0
2012-02-23,1425.087740735312,1430.332944656975,1363.6294723116623,1378.1776123046875,582980.0
2012-02-24,1382.235337546307,1391.4722324034185,1357.3287103423104,1367.6541748046875,257059.0
2012-02-27,1376.9570683916625,1376.9570683916625,1263.4752208768728,1274.62548828125,635329.0
2012-02-28,1280.6296015237992,1310.9134397387984,1280.6296015237992,1297.2559814453125,412572.0
2012-02-29,1308.9998710988668,1329.4529940847867,1273.3718504137162,1283.9942626953125,462912.0
2012-03-01,1291.1858018410562,1307.9441824694943,1266.774011004,1278.3531494140625,887044.0
2012-03-02,1299.696882545352,1303.6225299861064,1270.9305737754682,1280.9261474609375,553634.0
2012-03-05,1285.2478732225748,1285.2478732225748,1235.8304722562027,1244.9683837890625,656672.0
2012-03-06,1246.9805874479862,1274.8892328113586,1194.2313614803977,1234.9066162109375,738094.0
2012-03-07,1246.9807242472564,1253.4465824405652,1234.9067516856396,1246.716796875,609323.0
2012-03-09,1268.753334936196,1275.9449326097415,1246.9806568015656,1260.8690185546875,507925.0
2012-03-12,1267.4667510696545,1281.2890700472792,1256.679314704485,1275.05419921875,432510.0
2012-03-13,1280.0357773065853,1302.7321654022148,1280.0357773065853,1295.1116943359375,421131.0
2012-03-14,1307.6801832771937,1316.2572985055506,1286.633245955131,1301.4453125,283383.0
2012-03-15,1305.0413508832994,1305.0413508832994,1266.1144349570534,1297.387939453125,302877.0
2012-03-16,1307.680244145615,1307.680244145615,1270.1388527138934,1291.185791015625,358530.0
2012-03-19,1292.7032508618368,1296.3320303762314,1266.872922392418,1280.9261474609375,222531.0
2012-03-20,1286.5344361648731,1291.8456827555704,1247.3106553878476,1274.62548828125,337667.0
2012-03-21,1283.0704732614354,1283.0704732614354,1260.176204793224,1270.99658203125,230468.0
2012-03-22,1270.0730846774193,1293.8251008064517,1270.0730846774193,1283.43359375,387490.0
2012-03-23,1280.0686529797629,1358.351350202414,1268.0936628960578,1331.0694580078125,693429.0
2012-03-26,1335.2921302576565,1335.2921302576565,1291.8457507145758,1320.05126953125,369262.0
2012-03-27,1326.15380859375,1345.8152256334006,1312.0345429814572,1326.15380859375,379483.0
2012-03-28,1323.4489371209286,1326.6818659926214,1299.597942153389,1311.2430419921875,466478.0
2012-03-29,1307.0206108438276,1352.4133831030003,1300.8517007975342,1343.275390625,793922.0
2012-03-30,1349.2464286749446,1362.441992769565,1342.8466123047865,1356.0091552734375,572601.0
2012-04-02,1365.740798953095,1367.0603552805858,1341.592934267877,1357.92236328125,176537.0
2012-04-03,1362.7389686205734,1363.7616571345952,1322.855405203127,1325.2305908203125,334775.0
2012-04-04,1326.08817688599,1347.5639082695066,1312.9915961524976,1327.440673828125,302795.0
2012-04-09,1319.5562761142062,1324.8675223412952,1294.5177279906684,1302.73193359375,274615.0
2012-04-10,1311.9028463370655,1311.9028463370655,1282.905549276511,1305.0411376953125,176648.0
2012-04-11,1299.763046281891,1308.7030730545368,1288.546816948494,1301.511474609375,193859.0
2012-04-12,1314.277939994427,1342.6483975344674,1304.018358598523,1337.9639892578125,417422.0
2012-04-13,1342.648690368486,1384.8084545928152,1342.648690368486,1356.866943359375,457128.0
2012-04-16,1361.782253276284,1374.9778177460155,1345.815652483643,1364.8831787109375,282044.0
2012-04-17,1362.4418777194237,1408.6263481505907,1356.1739853037654,1401.9625244140625,345122.0
2012-04-18,1408.6264004907089,1426.4073900516637,1404.1068555705526,1413.34375,171749.0
2012-04-19,1415.2239912763,1459.9239565019266,1403.4468880363231,1448.5758056640625,275930.0
2012-04-20,1441.6150705451864,1463.354725548895,1435.7759702444785,1444.4521484375,228155.0
2012-04-23,1432.378220715549,1457.8785792369542,1410.6715861780754,1416.3455810546875,222350.0
2012-04-24,1412.057125816639,1460.08900603945,1404.3377538883728,1445.705810546875,387559.0
2012-04-25,1440.295525080554,1489.1521233211151,1438.3161908729307,1480.1790771484375,503959.0
2012-04-26,1483.8414135308935,1486.4805267608283,1415.917268991182,1431.3890380859375,657742.0
2012-04-27,1440.8235960817292,1455.470639201572,1420.2714094929552,1435.050537109375,454928.0
2012-04-30,1440.8237647799788,1483.7752319160572,1436.9970187402344,1478.5960693359375,553431.0
2012-05-02,1492.5831652111362,1503.6344495595888,1453.2603218442855,1481.070068359375,604222.0
2012-05-03,1433.6979700073475,1433.6979700073475,1353.930853318751,1367.753173828125,2058877.0
2012-05-04,1356.0749061391211,1357.3284200272965,1297.255595178937,1304.744140625,1263364.0
2012-05-07,1279.9695386578176,1300.7855703295531,1249.4548009449702,1288.9425048828125,1240864.0
2012-05-08,1296.4313071054044,1313.618563621665,1240.3831740877604,1253.0179443359375,647552.0
2012-05-09,1243.6816415686394,1269.412985876956,1228.5067462073246,1235.2364501953125,646494.0
2012-05-10,1246.9806978762122,1269.0832658015313,1201.4890268546062,1216.56494140625,690913.0
2012-05-11,1215.971048869838,1239.0632825705677,1211.0557341978392,1216.432861328125,391941.0
2012-05-14,1206.074569012358,1232.4656974371358,1199.806676011473,1216.2021484375,364980.0
2012-05-15,1204.95285788398,1258.3618664818323,1204.95285788398,1249.2899169921875,810386.0
2012-05-16,1234.4777913955215,1256.3823911269742,1221.315170561504,1243.15380859375,575493.0
2012-05-17,1253.578549673188,1267.8297423405545,1240.5479305384274,1250.8404541015625,595177.0
2012-05-18,1237.0838957651742,1243.6816765425883,1211.682439772129,1232.1025390625,378834.0
2012-05-21,1224.6801741430456,1243.18698353169,1221.909138118981,1229.8594970703125,349560.0
2012-05-22,1238.4037090218392,1250.1477934595162,1215.6743817406075,1222.5360107421875,559720.0
2012-05-23,1217.2909497510807,1220.9197303600947,1192.8791529268044,1206.7344970703125,936900.0
2012-05-24,1196.3428448420073,1211.35279918926,1184.4008752933785,1201.2252197265625,492497.0
2012-05-25,1194.3634395145214,1219.2700655836684,1194.3634395145214,1214.948486328125,425930.0
2012-05-28,1213.991934626889,1228.4740344573836,1208.7137088241634,1220.226806640625,243473.0
2012-05-29,1220.8205417824918,1232.4656427914651,1220.6555972371502,1227.6822509765625,468387.0
2012-05-30,1220.9196928177778,1232.1359234462036,1214.1239443977602,1224.2845458984375,674169.0
2012-05-31,1210.7919951757524,1221.876220752565,1201.4561174196226,1207.4600830078125,422840.0
2012-06-01,1195.5178587525793,1210.0329762429528,1194.1983026170908,1201.686767578125,265295.0
2012-06-04,1194.231698610855,1216.4992153870962,1190.8997861071184,1212.573486328125,459633.0
2012-06-05,1221.9091247626427,1237.0840221004078,1217.9504558919214,1230.6181640625,559614.0
2012-06-06,1243.0222579370209,1302.3692809768238,1240.8120168452665,1289.8995361328125,806980.0
2012-06-07,1295.177651768113,1325.494428405151,1295.177651768113,1320.315185546875,472620.0
2012-06-08,1303.7874720336167,1331.960044897282,1298.2453199506565,1323.02001953125,289383.0
2012-06-11,1323.5476950757338,1336.0504560163115,1294.5174629450091,1303.259521484375,322677.0
2012-06-12,1290.8560802826796,1329.4531059389722,1290.8560802826796,1313.1566162109375,418856.0
2012-06-13,1313.1563538506705,1322.1952813929695,1283.4663400469362,1289.2723388671875,343187.0
2012-06-14,1293.099310385864,1306.2948743868635,1277.3965570089413,1289.2396240234375,214600.0
2012-06-15,1291.8123911977516,1332.0918730671413,1291.8123911977516,1319.589111328125,410026.0
2012-06-18,1327.47354000478,1348.5204775471132,1304.249383051438,1315.5975341796875,245442.0
2012-06-19,1307.680377649075,1328.991245484416,1307.680377649075,1319.8203125,289973.0
2012-06-20,1324.174628299565,1355.843976659495,1321.9643878031418,1343.17626953125,397108.0
2012-06-21,1338.0303327638112,1372.7675942790922,1332.587162031414,1366.82958984375,352542.0
2012-06-22,1355.8770169539257,1393.4513475424317,1355.84399583319,1376.3631591796875,505816.0
2012-06-25,1368.412720492107,1391.3069870074585,1333.6094277525012,1339.8773193359375,291067.0
2012-06-26,1333.4117275255062,1359.143077042327,1326.1541674053772,1352.8421630859375,299434.0
2012-06-27,1359.1430092183912,1366.565513516307,1347.9267805015404,1355.778076171875,173035.0
2012-06-28,1363.7614679414232,1384.874369235146,1345.9474574748444,1376.95703125,334237.0
2012-06-29,1383.5548840508036,1425.12091061027,1381.575549452734,1418.127197265625,367416.0
2012-07-02,1417.2034227605309,1417.2034227605309,1389.5587835543415,1395.001953125,327541.0
2012-07-03,1395.002080711038,1410.6057704759048,1374.6148379891436,1383.2249755859375,360037.0
2012-07-04,1385.53411169915,1402.028565409854,1384.280597648596,1395.496826171875,176569.0
2012-07-05,1389.7567965171952,1406.7791070335725,1389.7567965171952,1399.488525390625,208820.0
2012-07-06,1397.4096582383108,1406.910396015858,1367.4558045941974,1373.690673828125,322363.0
2012-07-09,1367.7199690056254,1373.8559374064714,1334.0712867001323,1337.4031982421875,362749.0
2012-07-10,1337.3703516027024,1364.0253252594246,1337.3703516027024,1362.2769775390625,184155.0
2012-07-11,1362.2772709673231,1370.85438903129,1340.801454676038,1343.53955078125,266366.0
2012-07-12,1338.6896195434645,1369.0394088480475,1332.883540678168,1361.0560302734375,280626.0
2012-07-13,1362.4416972766226,1378.9361488175016,1362.4416972766226,1376.7918701171875,173741.0
2012-07-16,1384.2146056365364,1393.3854578010455,1373.1633212493048,1382.6640625,150739.0
2012-07-17,1392.791578761222,1399.488262091219,1381.3773853363189,1383.6207275390625,295022.0
2012-07-18,1376.297210243674,1401.368779749551,1359.142978476495,1394.7049560546875,165175.0
2012-07-19,1408.6261248124702,1409.0879372278314,1363.299405377321,1378.078369140625,966016.0
2012-07-20,1361.1224174096424,1383.7858628580825,1346.904165079912,1373.658203125,519315.0
2012-07-23,1359.8690715564244,1374.5491382239952,1348.0919648770357,1353.9969482421875,333826.0
2012-07-24,1354.5907040841016,1361.782222124125,1336.7766119181458,1342.8135986328125,401269.0
2012-07-25,1343.9683802137813,1349.2466065474634,1329.453257796156,1340.339599609375,246390.0
2012-07-26,1342.6485789831802,1351.1597335032732,1329.45301555337,1344.5289306640625,378172.0
2012-07-27,1352.545114788784,1362.177939549955,1305.436941999984,1326.18701171875,426103.0
2012-07-30,1332.752149254707,1343.9683802137813,1323.0863811732834,1340.339599609375,153133.0
2012-07-31,1342.648445719198,1345.9473362492206,1313.288320001997,1322.8551025390625,250683.0
2012-08-01,1326.9787966623833,1328.925109978116,1295.2104628121722,1302.8309326171875,650600.0
2012-08-02,1286.5346044075482,1308.010419295705,1271.227780770744,1294.94677734375,469751.0
2012-08-03,1293.132206475692,1301.940309574738,1286.2705778627449,1292.5714111328125,287375.0
2012-08-06,1306.360855574858,1309.6597466242897,1294.7817157756206,1305.5361328125,247562.0
2012-08-07,1314.953996664859,1321.435327002144,1310.4981438681295,1318.02587890625,401004.0
2012-08-08,1323.2583124027594,1332.5751640983617,1317.1821262743797,1325.418701171875,289917.0
2012-08-09,1328.6592357000516,1336.7608164055396,1313.1649955662217,1318.127197265625,300910.0
2012-08-10,1315.8317532938845,1322.7180640347776,1281.400034762336,1291.1219482421875,451977.0
2012-08-13,1290.8519232995898,1300.8439062989166,1268.0324368783529,1275.49267578125,406947.0
2012-08-14,1277.518076862321,1281.4000844944833,1262.530184708784,1269.3489990234375,505362.0
2012-08-16,1275.998874997383,1309.0803273121298,1275.9650854479742,1302.9366455078125,521471.0
2012-08-17,1299.6285818888578,1314.4814799675876,1299.6285818888578,1306.514892578125,291001.0
2012-08-21,1299.628651576941,1304.3545739463116,1281.4675905605072,1296.9619140625,511098.0
2012-08-22,1290.1767520595542,1319.6799760616948,1290.1767520595542,1306.987548828125,212863.0
2012-08-23,1311.713402022205,1319.1735578909854,1303.0041865722528,1308.810302734375,182846.0
2012-08-24,1303.03805280777,1313.131239394511,1301.8902793971913,1307.0550537109375,105079.0
2012-08-27,1307.797707824816,1313.7051106887318,1289.9067162941003,1303.1392822265625,149762.0
2012-08-28,1303.848169777284,1309.080440749853,1282.750302952409,1292.70849609375,419851.0
2012-08-29,1289.6704478446427,1293.5524554745898,1242.9850700383074,1248.3524169921875,594945.0
2012-08-30,1242.377459065303,1265.8382882404294,1210.5112722590393,1231.1702880859375,716015.0
2012-08-31,1232.047871389505,1238.8666851630078,1182.8307533545446,1190.2572021484375,576333.0
2012-09-03,1182.223042474077,1218.578866163161,1178.1047557989762,1214.528076171875,386904.0
2012-09-04,1204.5698630778238,1224.0136876619144,1199.1013131677769,1220.5367431640625,319544.0
2012-09-05,1209.1605894022766,1225.329956836749,1208.4854578615718,1220.705322265625,277420.0
2012-09-06,1215.912289138879,1220.5032180321948,1199.0339952863128,1208.48583984375,274265.0
2012-09-07,1222.7987318170708,1224.6891338976593,1203.76004726545,1215.102294921875,299062.0
2012-09-10,1215.2368210299974,1234.6468535881154,1212.738867196622,1229.009521484375,262127.0
2012-09-11,1228.739664309521,1228.739664309521,1193.936593050065,1214.123046875,436683.0
2012-09-12,1216.5199612544573,1217.9039319443957,1200.3842953572162,1206.561767578125,279248.0
2012-09-13,1207.2705523163086,1237.7865566099406,1207.2030556245802,1230.360107421875,373227.0
2012-09-14,1245.617958698415,1261.1459874518366,1233.4655883696496,1257.466552734375,369942.0
2012-09-17,1265.8721048677935,1298.953562541672,1254.3610748954432,1296.1180419921875,532648.0
2012-09-18,1299.561026205027,1311.9158868706345,1280.792331973946,1303.61181640625,383532.0
2012-09-20,1292.8099190544922,1296.1855781034549,1265.8721433610583,1283.0205078125,386687.0
2012-09-21,1283.1218075534612,1306.3125689808817,1283.1218075534612,1297.94091796875,429835.0
2012-09-24,1296.252943770412,1316.4731064643302,1291.5270215795822,1297.400634765625,253357.0
2012-09-25,1296.2529904549365,1306.920105320973,1269.2477198204583,1277.146728515625,202942.0
2012-09-26,1275.3237022856356,1304.0842944410274,1263.2388291216623,1296.218994140625,310618.0
2012-09-27,1296.9279876257674,1314.1100563183825,1246.1581170672582,1266.7496337890625,596056.0
2012-09-28,1275.9991853756096,1289.974381583349,1263.171680337442,1269.450439453125,300496.0
2012-10-01,1277.3491211495973,1286.1258328699698,1263.8464877336396,1269.618896484375,423894.0
2012-10-03,1247.508575274132,1264.5218636996524,1245.7869562155813,1248.791259765625,392751.0
2012-10-04,1252.3691245164496,1261.753470287984,1230.0897816005236,1236.43603515625,592462.0
2012-10-05,1244.6054977929643,1248.993854579324,1122.0690736815334,1222.2923583984375,485283.0
2012-10-08,1225.3640868278546,1227.7945445669538,1201.801973028181,1207.23681640625,484359.0
2012-10-09,1204.4351413308725,1225.364227306913,1200.2493571010843,1217.53271484375,302598.0
2012-10-10,1211.7940131947123,1236.5376086954698,1206.9330150718258,1224.92529296875,276598.0
2012-10-11,1221.9884007691007,1234.8159033186107,1211.8614250721191,1219.38916015625,499665.0
2012-10-12,1215.2709728227742,1229.9550887872738,1198.4601753048448,1200.9581298828125,219122.0
2012-10-15,1195.6583473939754,1203.0847967566708,1189.58216155177,1193.2615966796875,206950.0
2012-10-16,1194.3081713142708,1221.9885755109271,1186.2403791540803,1214.49462890625,446588.0
2012-10-17,1221.9886002026249,1225.364259319207,1202.4772740260714,1221.2459716796875,237920.0
2012-10-18,1226.0392436061989,1248.3185910946374,1216.688685461184,1243.2213134765625,330177.0
2012-10-19,1240.9596660994978,1252.369409275879,1223.541316216456,1248.9599609375,309638.0
2012-10-22,1245.2467047987818,1247.3396791234834,1228.0646349822862,1233.904541015625,143675.0
2012-10-23,1220.705535281224,1224.6888285491789,1203.287187939614,1212.36767578125,391862.0
2012-10-25,1184.8559939433194,1242.242181684164,1182.1554674613974,1237.043701171875,915929.0
2012-10-29,1262.4961825387984,1296.0164853653826,1261.2809126062364,1285.9232177734375,550020.0
2012-10-30,1282.7839194198718,1288.893811379828,1233.5668058489152,1263.9139404296875,399260.0
2012-10-31,1263.9141233955847,1278.6320284027447,1251.4579756651233,1269.2476806640625,186534.0
2012-11-01,1269.2473949811845,1294.7674021648331,1260.8082500677458,1289.5013427734375,473654.0
2012-11-02,1296.4216171442724,1316.5067847578862,1296.4216171442724,1313.6712646484375,393326.0
2012-11-05,1314.4816776167647,1327.3091824317205,1306.4475923288976,1315.9332275390625,214424.0
2012-11-06,1313.2661922743164,1319.8487265618382,1292.4383951395837,1306.88623046875,227595.0
2012-11-07,1305.7387425557374,1325.925118245717,1296.2531074240103,1313.9415283203125,302703.0
2012-11-08,1304.3544072964537,1313.806250827587,1293.2147345633316,1298.31201171875,262645.0
2012-11-09,1296.8943067961509,1296.8943067961509,1277.6868414059545,1288.286376953125,247090.0
2012-11-12,1292.6410155216756,1292.877295150352,1260.7747476238908,1264.11669921875,276786.0
2012-11-15,1252.36923599904,1257.027660960665,1232.1152860906998,1242.0059814453125,350591.0
2012-11-16,1248.3186058980873,1252.7744589659071,1216.2836373222046,1225.802978515625,375598.0
2012-11-19,1231.440480834464,1248.9939087410955,1223.4738921268015,1243.930419921875,168603.0
2012-11-20,1250.3438759734802,1254.327169382885,1223.169825753214,1229.921142578125,193804.0
2012-11-21,1231.203913911497,1237.6176649194065,1209.3971275191916,1220.16552734375,177224.0
2012-11-22,1225.5330020191388,1230.7652734779726,1213.8531888939992,1217.4652099609375,149377.0
2012-11-23,1218.6125208393971,1237.85377116844,1215.911994477426,1232.283935546875,211298.0
2012-11-26,1233.465706531623,1243.592682775725,1230.2588307209908,1237.1451416015625,174160.0
2012-11-27,1238.8668369004556,1249.668945560078,1233.2295029264249,1242.445068359375,226936.0
2012-11-29,1245.6182521870485,1262.3615548837652,1224.014033178926,1226.0394287109375,1256502.0
2012-11-30,1236.166054249031,1259.4580962324237,1226.106576156106,1233.229248046875,429455.0
2012-12-03,1231.001598737069,1235.4912418637105,1216.8576199445422,1229.550048828125,347041.0
2012-12-04,1218.6129066605313,1227.2546267202754,1216.587511247799,1222.1573486328125,309399.0
2012-12-05,1225.5327464587212,1238.799100067396,1219.6928411139472,1229.7523193359375,352250.0
2012-12-06,1234.141012482713,1241.8712391414306,1216.7563674764604,1232.2506103515625,299602.0
2012-12-07,1229.4825034852315,1237.6853713311891,1226.7819762874549,1232.9256591796875,836365.0
2012-12-10,1232.2842347839662,1246.9683504429452,1232.2842347839662,1243.761474609375,342786.0
2012-12-11,1248.9939318226848,1257.0280173803635,1242.242613272292,1251.1881103515625,364600.0
2012-12-12,1257.0955511620562,1278.6997711605447,1254.4288132214162,1275.9654541015625,563429.0
2012-12-13,1282.7504413636211,1290.1768912873054,1265.2645109696912,1268.235107421875,475250.0
2012-12-14,1270.766776864344,1274.0074423328565,1249.8039023945355,1258.141845703125,247734.0
2012-12-17,1252.5380540636252,1270.5978265720214,1252.369271142986,1259.491943359375,94031.0
2012-12-18,1263.340173574905,1276.6740244382877,1253.9896161610125,1272.3194580078125,138953.0
2012-12-19,1276.8429215878375,1297.603222890588,1271.2730846529537,1293.7550048828125,284915.0
2012-12-20,1298.8856467271594,1304.9280413259107,1273.028074576573,1289.8388671875,266365.0
2012-12-21,1282.7504304226218,1292.4723449043242,1278.193290735594,1282.9530029296875,222541.0
2012-12-24,1289.501549183494,1294.9026027926395,1266.614568032032,1273.53466796875,144160.0
2012-12-26,1273.5347506382116,1275.9989979900545,1259.1882010576355,1265.6357421875,380494.0
2012-12-27,1274.783497722001,1277.3490308550915,1252.0653845363995,1262.1585693359375,396050.0
2012-12-28,1268.57246014625,1285.2819696665372,1264.8930253587127,1280.1846923828125,314169.0
2012-12-31,1286.0584950161951,1292.4047499881765,1278.2269831504402,1283.1553955078125,81822.0
2013-01-01,1286.3624806936866,1290.7508378100413,1272.5560670391933,1280.96142578125,104950.0
2013-01-02,1303.0041956925488,1309.2491639879663,1282.7502444641673,1286.3621826171875,353260.0
2013-01-03,1294.294973827058,1297.5356389731037,1269.9227357846064,1274.6148681640625,334607.0
2013-01-04,1271.9481308975005,1279.374579644779,1262.56378372505,1274.6148681640625,163808.0
2013-01-07,1277.3493807568088,1289.434256602916,1273.7374420666602,1280.9276123046875,371288.0
2013-01-08,1280.04995934126,1283.830681135085,1262.5640283295734,1269.990478515625,302516.0
2013-01-09,1279.307061248694,1279.307061248694,1243.221222818176,1247.4407958984375,600024.0
2013-01-10,1250.5126190164913,1259.1205476937544,1243.6600161750223,1248.149658203125,182991.0
2013-01-11,1249.162181425642,1253.9218919368152,1230.7648462310206,1241.8707275390625,324710.0
2013-01-14,1229.415181065008,1251.829527018506,1228.7400491698595,1244.403076171875,321117.0
2013-01-15,1236.199915428233,1252.3692864577856,1220.7055936759568,1245.347900390625,529832.0
2013-01-16,1239.0351654626313,1250.141046390078,1233.060267784134,1238.5963134765625,342851.0
2013-01-17,1229.41489651173,1245.5505615538184,1215.9122617340067,1227.862060546875,881628.0
2013-01-18,1181.548033634141,1203.21974585765,1161.260374433611,1190.9998779296875,1406385.0
2013-01-21,1194.3081987685982,1203.2199058957408,1184.417501046792,1196.2998046875,271002.0
2013-01-22,1191.5400343304398,1194.746910122143,1181.5480515298216,1189.9534912109375,280941.0
2013-01-23,1185.1935814582948,1208.3506294302686,1181.6829299329158,1203.55712890625,347240.0
2013-01-24,1201.0592817083195,1201.0592817083195,1183.1007951593006,1195.1856689453125,307598.0
2013-01-25,1191.6750324467432,1203.759907224074,1181.9194116491838,1191.5400390625,149298.0
2013-01-28,1188.9068949720145,1221.9883474726555,1188.9068949720145,1214.123046875,207424.0
2013-01-29,1214.8655856177106,1231.305106833482,1209.9033845914078,1221.9544677734375,342333.0
2013-01-30,1231.4404423484011,1232.8582026907632,1205.2790842667123,1212.604248046875,314117.0
2013-01-31,1215.2373175937817,1238.79943540095,1204.063852624928,1230.15771484375,517873.0
2013-02-01,1232.1156493185497,1232.1156493185497,1211.5241275080205,1222.0224609375,339772.0
2013-02-04,1232.1155547443502,1237.1790433254914,1219.9631821496114,1227.254638671875,326544.0
2013-02-05,1223.3385216536915,1223.3385216536915,1202.6795101217162,1209.599609375,401852.0
2013-02-06,1221.2794205816947,1221.3132101311369,1196.5359104200377,1201.869384765625,390307.0
2013-02-07,1196.266098469272,1196.3335951691329,1179.8266549957928,1185.4639892578125,285256.0
2013-02-08,1188.2320824850951,1190.797616537702,1153.1590150612565,1160.720458984375,230149.0
2013-02-11,1163.9270957849512,1163.9270957849512,1138.3395868833047,1150.964599609375,272983.0
2013-02-12,1151.099646134868,1169.463196967027,1139.0822678901536,1149.175537109375,249220.0
2013-02-13,1146.3735405599823,1154.6439032642577,1104.1778124769442,1143.841796875,196764.0
2013-02-14,1150.357010294461,1152.7199714297044,1119.368446352418,1127.7738037109375,283632.0
2013-02-15,1124.1282561110595,1140.972761848671,1110.524333621692,1134.2889404296875,248567.0
2013-02-18,1128.2125725361327,1150.9982675151202,1126.1534702898582,1143.2342529296875,122997.0
2013-02-19,1141.1073973333234,1152.3821445012286,1117.41029465647,1129.22509765625,216417.0
2013-02-20,1127.638547606341,1147.0485809807954,1127.638547606341,1144.4493408203125,144186.0
2013-02-21,1139.2846989955372,1144.3481865466283,1132.1958164240093,1139.892333984375,250402.0
2013-02-22,1143.6732113607811,1143.6732113607811,1122.271567348551,1132.4322509765625,150560.0
2013-02-25,1137.5971563225169,1156.163282019175,1116.668069173557,1152.3150634765625,204253.0
2013-02-26,1140.7700020209727,1147.0487598046238,1129.799111881582,1141.141357421875,172412.0
2013-02-27,1144.517157413055,1153.1250876634704,1121.0225383523848,1129.427978515625,151694.0
2013-02-28,1134.896604403448,1145.124868094197,1112.6172540493055,1125.74853515625,397681.0
2013-03-01,1125.748651184831,1125.951223719805,1090.338016074043,1111.908447265625,263272.0
2013-03-04,1113.9673260062348,1118.7607446839172,1090.6752819170133,1106.4058837890625,231338.0
2013-03-05,1098.5070408391189,1116.668104486699,1098.338257872903,1111.0982666015625,195669.0
2013-03-06,1113.967435861671,1120.6512569595504,1101.139932054779,1111.975830078125,187614.0
2013-03-07,1113.9673039767645,1164.6021814302535,1113.9673039767645,1156.939453125,320690.0
2013-03-08,1158.0196441182825,1192.8227160892636,1158.0196441182825,1176.8558349609375,465233.0
2013-03-11,1176.8558887700244,1180.1302611698527,1140.9726209250866,1146.0023193359375,191681.0
2013-03-12,1136.3817377226771,1154.475301732796,1128.9215812736416,1132.8035888671875,239652.0
2013-03-13,1127.470086847694,1135.1666057196635,1118.0182418082525,1130.0018310546875,220273.0
2013-03-14,1132.1959842516058,1146.9475970210715,1121.7652313156009,1126.8624267578125,344098.0
2013-03-15,1130.9807389650969,1144.3483813408698,1125.2421187636826,1137.2257080078125,176736.0
2013-03-18,1129.022936995408,1144.078326619137,1127.4701008970164,1141.310302734375,135513.0
2013-03-19,1144.3141854036674,1147.6561360175515,1082.7084315901757,1110.9964599609375,310970.0
2013-03-20,1103.8402595965272,1124.094209313895,1098.0341438269218,1114.74365234375,297481.0
2013-03-21,1110.591856008622,1125.3097628105102,1090.7767533582912,1095.9415283203125,220180.0
2013-03-22,1098.4393303697425,1130.5080877099776,1098.4393303697425,1120.4486083984375,286198.0
2013-03-25,1124.0944106026789,1124.5332627411792,1085.8819684426787,1092.16064453125,223521.0
2013-03-26,1081.5948385720235,1093.713420356857,1057.627661767907,1061.205810546875,321021.0
2013-03-28,1058.6066492380023,1058.6066492380023,1023.4660065194976,1041.05322265625,634551.0
2013-04-01,1043.0784269812134,1047.2979999058946,1029.5757936222333,1035.1456298828125,275798.0
2013-04-02,1034.40347446298,1038.420476758448,1025.0529130694897,1034.5047607421875,225802.0
2013-04-03,1034.673385963761,1041.4584118460446,1004.4949417624198,1011.1112670898438,354472.0
2013-04-04,1001.4228954274672,1005.2711131975964,978.9409765859738,981.67529296875,493390.0
2013-04-05,976.3755105436992,1004.5960508515876,968.8815645502974,1000.1401977539062,399161.0
2013-04-08,1001.0515055840508,1011.3134742270518,989.9456223350948,999.2623901367188,439179.0
2013-04-09,1002.5370322200082,1016.3772354836208,987.7179207153682,989.1356811523438,298280.0
2013-04-10,992.7811740264508,997.8446618232534,977.79328311333,988.6965942382812,1423609.0
2013-04-11,988.4605250284524,990.9585623213994,972.2573606296628,982.3843383789062,429465.0
2013-04-12,978.6032310909698,988.3926390597998,974.8900073786548,982.552734375,334147.0
2013-04-15,979.6162184744672,985.1185589961616,968.814109931675,971.2445678710938,224062.0
2013-04-16,971.244531435559,1012.0225061375528,971.244531435559,1004.8323364257812,381669.0
2013-04-17,1012.9677796402816,1016.0733694695716,994.941710946412,1006.8240966796876,301744.0
2013-04-18,1012.6975227431996,1026.2001563797758,979.3122940421796,1016.0731811523438,480684.0
2013-04-22,1019.4492846981047,1041.0535079499853,1014.6220745825484,1034.5047607421875,299816.0
2013-04-23,1029.5757051992598,1066.3703779424463,1028.2254419793262,1062.3870849609375,245274.0
2013-04-25,1067.3156293416996,1112.616946038093,1053.54292736192,1092.1942138671875,373940.0
2013-04-26,1064.0752432736076,1110.591842078005,1064.0752432736076,1078.084228515625,485675.0
2013-04-29,1113.96759598933,1136.8207935213084,1102.557850796182,1113.157470703125,805566.0
2013-04-30,1114.1023443492577,1120.6848786958933,1100.464716411901,1110.2203369140625,329076.0
2013-05-02,1110.5574854495253,1128.8198247908822,1087.6368048672914,1089.5609130859375,472417.0
2013-05-03,1089.5615107567176,1096.7178918256611,1071.5355234741037,1087.907470703125,203386.0
2013-05-06,1088.3123134928992,1119.5033654427268,1086.0506387533976,1113.562255859375,210606.0
2013-05-07,1118.018120933419,1157.17576043471,1117.4104859067254,1152.010986328125,286468.0
2013-05-08,1153.8001479538668,1157.7496521648563,1128.1451417383917,1131.757080078125,262626.0
2013-05-09,1130.8453844479318,1147.72367376805,1127.7060061516852,1131.5880126953125,134890.0
2013-05-10,1134.221292408149,1164.2646540225317,1131.1157029711685,1151.0657958984375,395698.0
2013-05-13,1156.9731471936748,1158.525983050124,1129.2590406952888,1133.44482421875,125972.0
2013-05-14,1135.571544502557,1142.8967071267766,1121.3937784891475,1130.508056640625,189703.0
2013-05-15,1140.9728047958945,1158.59372926299,1137.5971456101076,1150.3233642578125,418851.0
2013-05-16,1149.24290816467,1159.0323175747965,1134.2887248933905,1143.6392822265625,369881.0
2013-05-17,1142.998010885883,1149.6480418971064,1132.1959032815275,1137.19189453125,238138.0
2013-05-20,1140.297684716986,1154.4754534434849,1137.2933809760784,1148.871826171875,235466.0
2013-05-21,1148.8379504003187,1152.3148953698935,1131.8921600829617,1136.786865234375,400275.0
2013-05-22,1137.6643158192655,1139.554717386212,1109.9839184396556,1114.2034912109375,188233.0
2013-05-23,1110.5917780788138,1120.583761388042,1090.1690417342031,1115.0814208984375,289683.0
2013-05-24,1122.0684849327783,1127.4695366051385,1100.498067781694,1102.7259521484375,388168.0
2013-05-27,1100.4647334593376,1126.9636541883433,1089.2575630859571,1116.9041748046875,219140.0
2013-05-28,1126.794917759487,1196.130917181066,1121.0562977469308,1181.4805908203125,528689.0
2013-05-29,1189.075820325216,1212.2665799550243,1176.4845964335277,1207.608154296875,571987.0
2013-05-30,1202.13970378812,1207.709541310435,1174.7968650422092,1182.4595947265625,266256.0
2013-05-31,1178.1046754965612,1182.4255343421194,1165.749733899868,1172.2647705078125,224571.0
2013-06-03,1161.9017714335157,1174.6617783172085,1115.9928112606628,1127.8076171875,214534.0
2013-06-04,1146.3735009650686,1158.2558011001397,1123.4528152274388,1127.8748779296875,285086.0
2013-06-05,1117.342880372706,1129.3264671561597,1108.937524298457,1124.4317626953125,134805.0
2013-06-06,1119.7736609949657,1119.7736609949657,1103.8405659447735,1111.5032958984375,117748.0
2013-06-07,1113.899906998189,1128.8203024073475,1107.5874415266464,1111.87451171875,201857.0
2013-06-10,1114.5075813554406,1135.5716600387789,1103.4691107625133,1108.937744140625,162167.0
2013-06-11,1107.553287420717,1130.811535925376,1104.6501888436617,1115.992431640625,277043.0
2013-06-12,1108.2959819290586,1123.013883294429,1072.108945832042,1087.1981201171875,413925.0
2013-06-13,1080.2445431140422,1106.338318198956,1062.6573288171855,1089.66259765625,230346.0
2013-06-14,1088.3121256760126,1098.439099550169,1080.2105465766874,1084.1263427734375,200627.0
2013-06-17,1086.9622522360864,1109.5453791074954,1086.9622522360864,1098.6082763671875,163210.0
2013-06-18,1098.979461627744,1113.9335634969298,1093.9496807976716,1105.595703125,189621.0
2013-06-19,1108.5665145542473,1117.984571039514,1083.5866357244622,1094.1524658203125,149803.0
2013-06-20,1080.2107064149666,1093.6795506951637,1058.2689264409123,1081.86474609375,276544.0
2013-06-21,1083.5863706327923,1110.5916384367251,1063.2649230930408,1097.7303466796875,289402.0
2013-06-24,1086.9959474486293,1095.7388709706224,1063.9063912924323,1065.965576171875,348982.0
2013-06-25,1076.159876162752,1080.1431694769267,1055.635857022989,1066.2354736328125,253854.0
2013-06-26,1070.7588193943857,1111.0641467807031,1066.708029409287,1105.5618896484375,255395.0
2013-06-27,1111.0981975513812,1133.546330663083,1094.3886849344,1112.9210205078125,622077.0
2013-06-28,1107.2160130290538,1137.5969402158266,1103.9753478303824,1122.77783203125,219552.0
2013-07-01,1125.4450205322614,1154.4756959269148,1124.2973291216226,1146.7791748046875,166786.0
2013-07-02,1147.7237816565987,1156.162927109956,1122.0687794783923,1135.0650634765625,279227.0
2013-07-03,1130.170913766815,1141.64815721606,1110.1870240084909,1117.883544921875,108014.0
2013-07-04,1117.3426989369837,1133.5458559004203,1110.422600650516,1118.0853271484375,138535.0
2013-07-05,1124.1618325586116,1126.7273661103936,1107.2160425366433,1113.2247314453125,64529.0
2013-07-08,1108.5662180039258,1121.5962923868035,1105.8656912852805,1116.4315185546875,125259.0
2013-07-09,1116.43173733731,1124.6683124778526,1116.43173733731,1120.5162353515625,958653.0
2013-07-10,1118.6934566809773,1123.5206658101995,1107.2837121246946,1115.5540771484375,113071.0
2013-07-11,1128.1451416375185,1157.8171487528723,1119.3684289856403,1146.0361328125,268099.0
2013-07-12,1149.0068719575368,1163.2521370134118,1133.3437641352257,1157.9185791015625,156855.0
2013-07-15,1146.1711647672585,1169.9358523494438,1140.0274821869016,1164.602294921875,368342.0
2013-07-16,1147.7239784874648,1157.2771092617018,1118.592026903736,1142.5592041015625,241564.0
2013-07-17,1154.2726932011033,1157.175792624095,1130.7781582949,1137.833251953125,138266.0
2013-07-18,1137.6645107832203,1178.1049196362512,1137.6645107832203,1169.159423828125,381009.0
2013-07-19,1171.5221948805106,1211.5237451163096,1168.686674917816,1196.94091796875,596827.0
2013-07-22,1198.223838303283,1216.519891870527,1182.1556700172434,1208.384521484375,282348.0
2013-07-23,1214.359134971516,1221.3130231822413,1196.0293785809424,1208.2154541015625,349086.0
2013-07-24,1196.5023888419175,1216.9251267527477,1177.7674805104953,1184.518798828125,646693.0
2013-07-25,1191.607598854316,1242.8838248877553,1191.607598854316,1234.2421875,1772968.0
2013-07-26,1242.242369108387,1262.4963207786325,1239.5418422190212,1259.4244384765625,861624.0
2013-07-29,1259.7958559469523,1282.615342251602,1259.1207241913537,1267.8636474609375,413969.0
2013-07-30,1269.2476023233824,1269.2476023233824,1240.2507286293353,1249.5,320301.0
2013-07-31,1245.6179492469569,1248.9598180965957,1220.3680079394064,1228.3345947265625,329505.0
2013-08-01,1228.7396803305926,1237.3813989598707,1213.8867830958272,1225.4315185546875,373538.0
2013-08-02,1229.5839186290077,1248.993959897688,1201.7685185415744,1216.45263671875,251833.0
2013-08-05,1217.7687572950697,1255.7111244183504,1205.8526667631552,1251.79541015625,1537397.0
2013-08-06,1249.668721955101,1279.3070187694282,1234.275686904017,1247.7783203125,370097.0
2013-08-07,1244.402697593043,1261.078499778141,1226.2079315195303,1238.63037109375,306022.0
2013-08-08,1225.3643018954572,1254.901320191835,1225.3643018954572,1247.60986328125,604588.0
2013-08-12,1248.9262315897438,1294.227555197679,1248.9262315897438,1287.138671875,428810.0
2013-08-13,1302.9367481377112,1326.6338554858185,1294.6663844075836,1311.544677734375,367774.0
2013-08-14,1309.78934625928,1315.0891138591248,1298.0082481180918,1307.021240234375,341241.0
2013-08-16,1311.1059772735923,1353.1667220743088,1300.303868295025,1340.3729248046875,508142.0
2013-08-19,1334.4317355588955,1341.1492637180654,1252.5382187329176,1297.0294189453125,588501.0
2013-08-20,1286.9697517472157,1297.603075597717,1257.297747682182,1283.053955078125,519978.0
2013-08-21,1286.1260472748245,1313.0975290540923,1255.745117024238,1262.968994140625,324229.0
2013-08-22,1248.993835126038,1301.6541157421627,1236.3351138240848,1282.04150390625,347290.0
2013-08-23,1284.910511441508,1300.303545884683,1263.1713054777997,1282.2437744140625,212230.0
2013-08-26,1286.1258760949147,1321.570290003042,1283.6279217944232,1313.2999267578125,308439.0
2013-08-27,1303.0040945700675,1313.7724115053763,1277.2815949889816,1283.290283203125,582885.0
2013-08-28,1279.3745407695849,1299.4934979117452,1257.1289847543355,1292.3370361328125,412415.0
2013-08-29,1291.020484898679,1379.9015822217095,1275.4924571027996,1332.2373046875,605853.0
2013-08-30,1330.8533235275452,1400.8982352921528,1310.4305902178644,1381.656982421875,2202945.0
2013-09-02,1363.4284519242071,1413.7257629756325,1354.9893057746392,1366.3990478515625,746947.0
2013-09-03,1377.6008790761716,1382.8190642241875,1308.0250771026276,1319.365966796875,278259.0
2013-09-04,1321.9402099091074,1372.6609854755834,1316.8959643712965,1340.482177734375,280922.0
2013-09-05,1353.2493762145564,1381.0448757020329,1348.2399523420036,1359.2677001953125,170626.0
2013-09-06,1360.1024454158755,1368.6603023863845,1323.3316538296529,1342.98681640625,262466.0
2013-09-10,1346.2919864923892,1460.396320231279,1346.2919864923892,1442.3414306640625,528164.0
2013-09-11,1425.6083855967606,1481.964793226501,1424.912627477875,1454.3780517578125,365589.0
2013-09-12,1445.7852005791797,1460.396119353079,1394.299105852106,1398.543212890625,277775.0
2013-09-13,1424.4948639970755,1445.054460752009,1398.4734993121533,1427.486572265625,416771.0
2013-09-16,1443.6978306291146,1480.4338865087652,1428.495450587976,1459.94384765625,382676.0
2013-09-17,1450.6554448608288,1458.3087829392312,1429.260886141658,1442.41064453125,224807.0
2013-09-18,1439.5230521155438,1456.2212412169324,1395.2033091814942,1401.047607421875,349023.0
2013-09-19,1427.6951102568028,1450.1681228167297,1415.136647073659,1419.032958984375,528750.0
2013-09-20,1422.094701089617,1422.094701089617,1358.3285406688583,1378.7490234375,747314.0
2013-09-23,1373.4262830724645,1405.5355315500274,1367.234019926436,1390.9593505859375,281519.0
2013-09-24,1395.6904019239194,1401.952223268543,1367.6861453549077,1393.5335693359375,267567.0
2013-09-25,1393.603000072363,1422.1290724652572,1388.1413178321948,1416.632568359375,240581.0
2013-09-26,1422.8251827821273,1422.8251827821273,1390.7159324533554,1405.2921142578125,441358.0
2013-09-27,1391.550761015227,1442.9323851504548,1391.550761015227,1424.9471435546875,347002.0
2013-09-30,1413.7802769612415,1424.66890680896,1369.2517643010451,1397.9517822265625,272549.0
2013-10-01,1412.3889571399534,1413.3282135980749,1377.7054324940052,1390.8900146484375,415029.0
2013-10-03,1405.3615546958754,1429.712998958915,1395.8992631951742,1412.736572265625,251951.0
2013-10-04,1421.398752712027,1433.1918166783828,1405.4659626747764,1414.6151123046875,292219.0
2013-10-07,1405.4310329667596,1437.7141333036573,1398.473453595637,1419.90283203125,231408.0
2013-10-08,1424.8775437828851,1435.070500269332,1401.2565939595513,1405.8138427734375,183168.0
2013-10-09,1392.2464976560168,1440.2189749505324,1392.2464976560168,1433.9571533203125,263423.0
2013-10-10,1440.3929529131128,1454.1341729686785,1417.989580010268,1425.5384521484375,279505.0
2013-10-11,1433.261512208499,1450.6554625993788,1426.303932052147,1446.341796875,207821.0
2013-10-14,1443.6281339629338,1467.0056695373842,1433.7484048302356,1459.0740966796875,355570.0
2013-10-15,1464.535835888426,1472.884932274721,1398.891082537461,1427.0345458984375,299053.0
2013-10-17,1428.5653856669242,1450.6557063755204,1427.069573627063,1442.3414306640625,317648.0
2013-10-18,1444.602297031827,1471.528096310917,1437.1228989063695,1459.0740966796875,453091.0
2013-10-21,1463.1442064051478,1471.562945887185,1454.273292182358,1460.95263671875,383701.0
2013-10-22,1455.5256038786576,1460.3262656977736,1429.782560215412,1438.06201171875,162911.0
2013-10-23,1440.914709868651,1464.814063320276,1416.3544203391837,1450.551025390625,455285.0
2013-10-24,1440.3232467904916,1481.9644278853395,1440.3232467904916,1448.881103515625,457575.0
2013-10-25,1450.4118711688209,1457.4739169053678,1406.022560980479,1416.1458740234375,244819.0
2013-10-28,1419.415946388055,1434.6182424255137,1387.4458987386113,1393.290283203125,189905.0
2013-10-29,1391.5159902374533,1448.5681458371887,1385.2541682813846,1434.6181640625,304271.0
2013-10-30,1436.7402324930204,1446.8983669729532,1421.885816567083,1443.7674560546875,194154.0
2013-10-31,1436.774965854217,1455.9431310455518,1435.035571006778,1446.063232421875,369347.0
2013-11-01,1448.5681534043183,1495.8796973195413,1448.5681534043183,1462.205078125,565276.0
2013-11-05,1473.61551919115,1475.702793297653,1436.0445852740952,1456.3955078125,191658.0
2013-11-06,1457.091364718864,1482.660474258517,1447.1768120402232,1465.9622802734375,228990.0
2013-11-07,1466.3100706767884,1484.0519007134471,1454.134304965356,1469.927978515625,217893.0
2013-11-08,1471.3195746673905,1471.3195746673905,1445.8201090348664,1455.873779296875,350022.0
2013-11-11,1441.6102903434855,1461.0915104832625,1415.8672494444947,1429.29541015625,289656.0
2013-11-12,1426.303999004227,1430.8960700680943,1410.16244625635,1416.528564453125,200194.0
2013-11-13,1416.563365964496,1429.7479468175873,1390.124560509363,1392.6292724609375,238186.0
2013-11-14,1399.865076816632,1432.5657023685114,1391.8986817983598,1425.6429443359375,151017.0
2013-11-18,1438.8276438263538,1439.5234018746255,1421.0858135954195,1429.8870849609375,376242.0
2013-11-19,1426.3038206284448,1440.218979854088,1426.3038206284448,1433.1571044921875,368385.0
2013-11-20,1436.601191047482,1436.6706649316764,1392.9075534986414,1400.2130126953125,240399.0
2013-11-21,1394.298883635126,1410.1621983196974,1384.558272671607,1389.254638671875,328115.0
2013-11-22,1391.5160315177616,1399.4476898836924,1368.5560169977184,1374.5743408203125,551204.0
2013-11-25,1383.8629378117007,1416.5635703291214,1383.8629378117007,1409.8494873046875,313430.0
2013-11-26,1414.4762942126397,1428.3914569692815,1394.9602444738844,1423.486328125,557564.0
2013-11-27,1424.912222404398,1436.7052851944186,1409.5011674658465,1427.6256103515625,260731.0
2013-11-28,1433.2267427499453,1448.5334196537028,1424.2167100905217,1432.73974609375,703532.0
2013-11-29,1434.2702661225917,1447.1766107341489,1419.3462912969535,1428.3563232421875,176816.0
2013-12-02,1426.3036586195374,1454.099152043009,1411.2057465471903,1435.9051513671875,348151.0
2013-12-03,1435.3487721764452,1447.1070145802275,1414.1281529077191,1426.5821533203125,176090.0
2013-12-04,1424.912422885171,1437.610006731682,1406.8227143915117,1413.571533203125,182977.0
2013-12-05,1426.9997344873964,1439.4537354098154,1419.3463960771762,1426.65185546875,167351.0
2013-12-06,1432.5659260062016,1473.6156538519351,1432.5659260062016,1457.682861328125,361042.0
2013-12-09,1481.9644644987077,1494.31416836953,1461.4396045443827,1477.2332763671875,405152.0
2013-12-10,1478.4859575171683,1537.4862781708875,1469.719337541587,1530.70263671875,620989.0
2013-12-11,1530.7021693013578,1537.5901044197074,1495.879453174669,1504.7503662109375,391058.0
2013-12-12,1500.5063090338188,1504.959261814012,1473.8240936736986,1478.068115234375,243761.0
2013-12-13,1475.0766749560005,1484.3301209124857,1429.9915204069082,1433.9224853515625,324205.0
2013-12-16,1433.2613568132397,1436.7401465142427,1413.675753810315,1421.7117919921875,531098.0
2013-12-17,1428.8778930894082,1448.9157535699137,1414.4757392593683,1429.7127685546875,458674.0
2013-12-18,1443.6280137325748,1489.861262557141,1422.8944790564378,1477.789794921875,441620.0
2013-12-19,1479.181656444047,1481.3385744056227,1440.914962603773,1449.6119384765625,240612.0
2013-12-20,1447.176786133615,1484.7477219274683,1434.4095575992833,1481.44287109375,259407.0
2013-12-23,1481.9297872716595,1509.5861690620577,1480.9209720971487,1504.85498046875,209552.0
2013-12-24,1504.2287974799217,1504.2984412251071,1479.146687582686,1482.4515380859375,185214.0
2013-12-26,1497.2711250297905,1497.2711250297905,1454.1341316506794,1459.7001953125,478556.0
2013-12-27,1459.0043747516572,1467.979584076121,1447.8722479056742,1452.1859130859375,158731.0
2013-12-30,1465.9622113515918,1465.9622113515918,1428.9479170641127,1439.0015869140625,168075.0
2013-12-31,1443.697976890343,1452.6731879340805,1437.784033370551,1443.90673828125,130565.0
2014-01-01,1449.26384801704,1462.1005485600442,1434.5486349321202,1451.246826171875,93575.0
2014-01-02,1453.438447239611,1463.8748171336244,1441.1235647372332,1447.559326171875,100402.0
2014-01-03,1443.73292071795,1474.3114561159837,1429.7829364409374,1461.8226318359375,310195.0
2014-01-06,1461.8224581672998,1461.8224581672998,1434.0269585511403,1439.4537353515625,254511.0
2014-01-07,1440.9842308000011,1458.0649510722567,1430.339101133527,1439.5230712890625,257093.0
2014-01-08,1443.6981127981414,1453.8562493923566,1431.1744665184467,1436.4969482421875,262835.0
2014-01-09,1439.8361864714457,1447.1764664638044,1432.8437854373713,1439.0361328125,128253.0
2014-01-10,1435.3836710070095,1442.7934262529966,1413.7803497026246,1418.72021484375,252477.0
2014-01-13,1413.814821559422,1426.268819556496,1406.126663080664,1417.2587890625,257418.0
2014-01-14,1416.5634397128315,1426.1649351137028,1409.9189161286497,1417.3983154296875,198930.0
2014-01-15,1419.41584123366,1458.934843628528,1419.41584123366,1442.6541748046875,198099.0
2014-01-16,1444.5675899322569,1467.3188432279862,1436.91425170745,1444.8458251953125,240797.0
2014-01-17,1446.3766443943323,1459.700342684873,1437.4360857897748,1444.2197265625,191608.0
2014-01-20,1447.17676998442,1462.4834473592553,1430.5482202359722,1451.351318359375,294083.0
2014-01-21,1454.899313016338,1463.8745213666868,1436.7399651246235,1438.862060546875,178068.0
2014-01-22,1440.914631134183,1441.9582679988384,1426.303715029008,1433.191650390625,220535.0
2014-01-23,1436.7401664331385,1439.5231982325247,1426.9995551352868,1428.80859375,150469.0
2014-01-24,1425.60809697201,1434.757246437916,1407.170510554363,1417.0155029296875,271283.0
2014-01-27,1412.179708136019,1416.2151377356242,1396.6990956012032,1403.169677734375,574374.0
2014-01-28,1401.7435350173455,1413.0844237943577,1382.4710734019638,1400.6651611328125,222697.0
2014-01-29,1402.0220459189115,1447.1767608767802,1402.0220459189115,1441.2628173828125,273137.0
2014-01-30,1456.9171754049792,1456.9171754049792,1377.6355894456367,1390.1939697265625,728691.0
2014-01-31,1367.1643983772062,1410.8580324607494,1358.989242305485,1370.0865478515625,763748.0
2014-02-03,1372.0347281950817,1393.6032254435845,1357.42381070416,1365.0771484375,138027.0
2014-02-04,1356.728123455183,1396.4558889557193,1349.2139029527182,1381.844970703125,304380.0
2014-02-05,1387.8978560961734,1390.8200052261468,1370.643026661085,1383.3057861328125,193619.0
2014-02-06,1388.2111088662718,1392.8379164171215,1363.581259400922,1380.52294921875,221073.0
2014-02-07,1391.5161041510846,1399.3782041120994,1380.8014131628406,1395.3427734375,192251.0
2014-02-10,1390.8199784738715,1405.3613349049222,1381.1489271200185,1391.341796875,58916.0
2014-02-11,1395.06438149855,1396.838598412677,1363.6857119496617,1364.9381103515625,327816.0
2014-02-12,1370.712971397738,1381.7755418154725,1367.8603802664747,1374.017822265625,105852.0
2014-02-13,1378.4704806995512,1383.8626049773666,1363.6856238087676,1368.90380859375,135293.0
2014-02-14,1366.642611350012,1388.4546070229278,1330.4283745413754,1347.8919677734375,309792.0
2014-02-17,1353.353615803488,1401.9174705575497,1334.53332897228,1372.5565185546875,505396.0
2014-02-18,1381.079822105679,1389.915915962205,1372.9394863459318,1377.18359375,270533.0
2014-02-19,1388.037133547339,1388.037133547339,1349.7704456550566,1352.7274169921875,328560.0
2014-02-20,1349.0746703730697,1360.902555569739,1329.0368073614495,1339.9949951171875,390662.0
2014-02-21,1341.4213570219003,1349.4921324326417,1326.879998561681,1335.263916015625,238617.0
2014-02-24,1333.7682335915458,1358.4676453247228,1333.7682335915458,1356.38037109375,100530.0
2014-02-25,1358.1197557905227,1361.7029268456158,1343.021839609061,1356.7630615234375,141492.0
2014-02-26,1356.7282825524858,1378.2967834546023,1347.0572280649328,1374.2613525390625,298439.0
2014-02-28,1383.1669380615806,1387.2023685335148,1349.7705532391683,1368.660400390625,338357.0
2014-03-03,1356.728193615804,1368.103820714456,1356.728193615804,1361.146240234375,130003.0
2014-03-04,1353.94539161266,1380.975579386989,1349.0750844485856,1375.4443359375,193844.0
2014-03-05,1378.3661130565952,1380.8360878507428,1362.3636795646028,1373.635009765625,296277.0
2014-03-06,1373.4958459471882,1402.9960020289434,1370.747635829484,1399.7955322265625,282513.0
2014-03-07,1399.7606349923735,1431.1741238760776,1382.227568371018,1397.742919921875,539118.0
2014-03-10,1397.6732948835022,1411.6928341009946,1381.5317449471647,1402.6131591796875,427991.0
2014-03-11,1409.0838922946243,1415.8675328080783,1390.8202447584024,1405.0484619140625,381222.0
2014-03-12,1404.7355167631142,1438.131903491509,1404.7355167631142,1434.3748779296875,542869.0
2014-03-13,1437.5057210249388,1470.6237010425964,1437.5057210249388,1461.4049072265625,594324.0
2014-03-14,1464.5707051030545,1489.3397597948128,1444.8458963077314,1478.03369140625,424481.0
2014-03-18,1479.1812558450097,1494.766164443144,1449.9594248264343,1483.390625,552277.0
2014-03-19,1489.6180352331223,1495.4971569811207,1463.527107479156,1470.728271484375,168101.0
2014-03-20,1471.5279283243249,1478.207271972463,1439.1751866377615,1464.2921142578125,314133.0
2014-03-21,1468.745183943322,1471.9109169149067,1431.1742507680783,1438.931884765625,447080.0
2014-03-24,1437.5749057408352,1477.0591656521383,1437.4009662698604,1475.0067138671875,164681.0
2014-03-25,1472.9197880094202,1527.1889157679157,1469.788876792584,1523.8492431640625,302799.0
2014-03-26,1528.5805147967224,1533.833522318086,1490.3834638240785,1517.2396240234375,448128.0
2014-03-27,1523.7100640550432,1582.1537377448255,1504.4376008703769,1565.664306640625,846751.0
2014-03-28,1571.717405587762,1572.3435198759432,1540.408293922667,1567.716796875,309081.0
2014-03-31,1575.1263415704052,1600.2432712954146,1558.8456736249464,1582.710205078125,225297.0
2014-04-01,1582.7103995107543,1589.6331579318576,1559.645918914689,1565.45556640625,153888.0
2014-04-02,1579.3702664827072,1589.249993648507,1561.0369798055278,1565.4202880859375,196369.0
2014-04-03,1575.8222505380816,1575.8222505380816,1554.914858206136,1565.873046875,236571.0
2014-04-04,1572.4128858618396,1572.4128858618396,1548.7571167825022,1566.0814208984375,166460.0
2014-04-07,1565.4551633175172,1568.3424904514225,1540.4078807044368,1558.04541015625,371497.0
2014-04-09,1568.2384422647085,1568.2384422647085,1536.9641559267957,1561.4896240234375,394670.0
2014-04-10,1563.3678420520887,1568.8642609571043,1530.667224083042,1535.8505859375,427407.0
2014-04-11,1535.8162215644072,1538.321018440503,1506.107387383458,1512.61279296875,286567.0
2014-04-15,1512.6129046504434,1554.010510871705,1477.1292421750763,1544.8265380859375,305932.0
2014-04-16,1548.061612972015,1563.0204105805085,1504.194035315012,1508.681640625,229148.0
2014-04-17,1509.7947490265074,1548.061436213815,1506.8029558738526,1543.7825927734375,157821.0
2014-04-21,1531.3633018603753,1564.1335704041376,1531.3633018603753,1562.011474609375,182444.0
2014-04-22,1565.4551760397708,1582.153364584195,1555.7493879208755,1576.9351806640625,187491.0
2014-04-23,1575.1961433538322,1597.460399796996,1549.5573925983829,1569.734375,322006.0
2014-04-24,1569.734375,1569.734375,1569.734375,1569.734375,0.0
2014-04-25,1579.3706133970363,1582.7451075425815,1527.223586808313,1530.7718505859375,196880.0
2014-04-28,1528.99782778468,1539.642789148518,1499.4975870714115,1503.6026611328125,163998.0
2014-04-29,1505.2025545750344,1512.7864175102914,1488.9218878585104,1492.539794921875,135445.0
2014-04-30,1494.5231949763272,1543.0523216167744,1494.5231949763272,1530.911376953125,341315.0
2014-05-02,1545.974658964852,1548.0271116007218,1525.797671966661,1529.7286376953125,128584.0
2014-05-05,1528.128430871248,1542.9132910766705,1519.5357500537905,1536.3035888671875,118964.0
2014-05-06,1526.1452711675431,1544.2349803311429,1510.8385941829586,1518.3179931640625,72499.0
2014-05-07,1519.535272989546,1526.492852078326,1496.5752619965722,1501.6195068359375,222932.0
2014-05-08,1489.7221964655855,1510.873341905709,1479.4597658091354,1482.2427978515625,209033.0
2014-05-09,1476.5726112500236,1553.6278199652738,1471.56318695848,1542.77392578125,216863.0
2014-05-12,1547.991761210737,1607.2008294080672,1545.974131144903,1602.19140625,251737.0
2014-05-13,1613.4629508309426,1700.2935912130351,1603.7571598082084,1689.996337890625,347393.0
2014-05-14,1689.99642325448,1731.0461511145104,1682.621319456534,1691.387939453125,412324.0
2014-05-15,1699.736688219685,1714.9737195263162,1679.6293512161492,1698.2060546875,291788.0
2014-05-16,1732.40270545256,1939.564662786575,1656.5999006290135,1668.1842041015625,722965.0
2014-05-19,1690.6223729008325,1720.400850623426,1664.044450068456,1703.493896484375,418194.0
2014-05-20,1676.776900938327,1692.5705747048944,1635.031417927414,1643.7283935546875,299017.0
2014-05-21,1655.9038350338435,1666.34020374204,1616.454395289415,1628.5953369140625,424068.0
2014-05-22,1639.9012820367857,1660.2870213821325,1603.7218731840435,1607.409423828125,298720.0
2014-05-23,1619.028695305697,1643.1366395188777,1610.957835411491,1634.4744873046875,214013.0
2014-05-26,1648.946774806177,1649.6425329390063,1588.207055837587,1600.5567626953125,283148.0
2014-05-27,1586.5023385205743,1625.0820895149968,1585.876224202934,1610.123291015625,138956.0
2014-05-28,1600.2431943535444,1657.9911009323896,1600.2431943535444,1633.5352783203125,775174.0
2014-05-29,1635.030950232426,1639.2054973394024,1572.7606225533614,1631.27392578125,588264.0
2014-05-30,1618.3330570878052,1641.2930703654913,1618.3330570878052,1632.1439208984375,553044.0
2014-06-02,1633.639594472853,1671.8714581648146,1633.639594472853,1659.626220703125,398058.0
2014-06-03,1680.255691614592,1718.2441491092611,1660.7744662045675,1712.74755859375,430868.0
2014-06-04,1725.4798047720342,1787.402265507805,1700.7107525326105,1768.2689208984375,476392.0
2014-06-05,1784.5842355002892,1806.1875527988857,1741.2384832922296,1796.5860595703125,452569.0
2014-06-06,1803.4047604487,1878.546625467396,1803.4047604487,1866.5447998046875,655269.0
2014-06-09,1874.3718120545527,1916.4999875341243,1867.553350554852,1895.3836669921875,399398.0
2014-06-10,1893.1573919850848,1893.2270357255657,1829.8434181994755,1854.7515869140625,266286.0
2014-06-11,1836.870614146629,1891.070089987396,1836.870614146629,1882.06005859375,443719.0
2014-06-12,1878.5468419602976,1905.229232642156,1866.2319577466765,1890.826904296875,320564.0
2014-06-13,1891.7660201711649,1918.761464803025,1793.8380807305275,1803.4395751953125,5445293.0
2014-06-16,1808.97087627348,1824.9733109482063,1770.739006534029,1816.8677978515625,345733.0
2014-06-17,1819.1986829678845,1819.1986829678845,1792.2728782799536,1803.05712890625,299825.0
2014-06-18,1811.6843478099504,1811.6843478099504,1763.781507208822,1770.2867431640625,397018.0
2014-06-19,1774.182820543804,1791.5767697648216,1760.9634191358305,1767.0164794921875,396963.0
2014-06-20,1763.7465937976465,1785.315092577815,1747.9180987251036,1754.0059814453125,321985.0
2014-06-23,1755.3968003208524,1801.3168117442278,1755.3968003208524,1797.455322265625,354783.0
2014-06-24,1798.534496479857,1825.495119976412,1798.534496479857,1819.5811767578125,379832.0
2014-06-25,1820.1032817920225,1851.864572720671,1805.8402400195696,1838.7496337890625,231135.0
2014-06-26,1861.15230454591,1863.6917528294384,1828.1038056801408,1841.6014404296875,425375.0
2014-06-27,1840.279760881985,1845.150066487344,1815.928232855192,1824.9034423828125,170046.0
2014-06-30,1821.5288906374944,1836.8007416189328,1809.6661852086536,1833.078369140625,315750.0
2014-07-01,1826.4341480390108,1854.1948205593123,1823.4771769368056,1839.1663818359373,145476.0
2014-07-02,1843.758325201538,1874.1629096483475,1833.3219573230388,1864.491943359375,304779.0
2014-07-03,1878.895965143086,1883.4594378910865,1840.6407146520075,1845.6676025390625,356742.0
2014-07-04,1853.938927190924,1868.770473425513,1834.2230693878057,1842.494384765625,263645.0
2014-07-07,1853.225825053138,1874.6174274969987,1841.8526579042127,1865.2408447265625,266648.0
2014-07-08,1871.7652172357427,1875.294796828326,1827.5559054381747,1839.1787109375,315738.0
2014-07-09,1831.157485769615,1847.700295859027,1794.2569588769168,1809.6588134765625,278093.0
2014-07-10,1804.7385360211256,1833.2249905418864,1711.4354093192835,1739.208984375,289338.0
2014-07-11,1746.9809627197258,1776.3587302145206,1712.0413434653312,1734.9659423828125,527940.0
2014-07-14,1718.458781550118,1754.1471408553891,1714.8935143684787,1741.4190673828125,143434.0
2014-07-15,1755.5378880150777,1775.004285278455,1706.4440801234914,1716.569580078125,311888.0
2014-07-16,1729.1545001958946,1748.3712545665778,1710.4368483896503,1734.6806640625,362744.0
2014-07-17,1734.1460738688224,1761.2421062730227,1734.1460738688224,1743.8079833984375,197104.0
2014-07-18,1738.4606333422696,1791.4405588385446,1730.3317165930223,1785.843017578125,245685.0
2014-07-21,1800.4598435516857,1811.155644602488,1779.4247681517747,1794.3275146484375,195433.0
2014-07-22,1807.5902046951016,1817.180737236289,1788.9439296141177,1797.14404296875,159228.0
2014-07-23,1789.835569763579,1831.121295698352,1789.7641947830464,1824.2047119140625,201900.0
2014-07-24,1828.910930973092,1828.910930973092,1799.8184861933362,1809.8724365234373,110245.0
2014-07-25,1809.8725917528304,1842.530481071871,1800.1037923629792,1835.8990478515625,309696.0
2014-07-28,1871.7653003667351,1871.7653003667351,1785.5215206773764,1809.801025390625,245964.0
2014-07-30,1823.991115396184,1861.462117028762,1809.7300433446107,1855.6151123046875,285098.0
2014-07-31,1840.5336916442764,1872.6210997067128,1834.0450091317373,1851.9068603515625,705097.0
2014-08-01,1837.9665544219583,1867.4868962055173,1825.4524321560973,1851.4788818359373,402497.0
2014-08-04,1861.0695446456616,1868.2000792994763,1828.982138703495,1854.5806884765625,499212.0
2014-08-05,1865.703850944274,1871.7648036417809,1818.428385086668,1842.030517578125,644735.0
2014-08-06,1804.025025482897,1860.356241693628,1801.1728120038729,1852.69091796875,959915.0
2014-08-07,1846.808754839309,1867.4873084649223,1843.279174468557,1861.7471923828125,449586.0
2014-08-08,1856.7336595575205,1875.4885450075965,1838.880451292544,1869.5374755859373,228607.0
2014-08-11,1876.209817453344,1888.472626717745,1857.527137311696,1879.05908203125,293004.0
2014-08-12,1882.8820496523308,1888.2560097451608,1858.5367688647564,1873.468505859375,160567.0
2014-08-13,1864.6680224249235,1875.488146346151,1847.3558241509588,1860.12353515625,207460.0
2014-08-14,1857.4546654338485,1857.4546654338485,1794.6979446988018,1810.9642333984373,475867.0
2014-08-18,1814.1024856766303,1836.392053739692,1799.0265119741136,1811.6138916015625,433436.0
2014-08-19,1815.580817645833,1839.4211942280783,1812.010211725856,1834.1192626953125,272337.0
2014-08-20,1837.942908386954,1841.549617591626,1807.1416470008264,1830.116455078125,153133.0
2014-08-21,1826.437230515663,1855.1466661223096,1812.0103961514003,1845.083984375,292332.0
2014-08-22,1848.763019552186,1857.4552238798783,1821.388132154056,1829.6474609375,240614.0
2014-08-25,1832.207968096298,1858.969816341547,1814.174425103224,1853.487548828125,319018.0
2014-08-26,1848.0778028695067,1872.603425546152,1827.5917649596136,1850.025390625,351269.0
2014-08-27,1853.848514498197,1878.3741368689905,1842.4151759788624,1875.48876953125,655142.0
2014-08-28,1874.766988782072,1931.716878056019,1856.012105477596,1878.9508056640625,3740111.0
2014-09-01,1884.2169750678308,2010.379584697337,1873.9737806814064,1987.6212158203125,782545.0
2014-09-02,2004.7532718090488,2038.439901612588,1998.0447572567568,2014.6356201171875,534363.0
2014-09-03,2012.5434024835613,2016.150111090163,1988.053886266502,1995.231201171875,249996.0
2014-09-04,1990.903444745791,2048.502660139673,1973.627343191596,2037.502197265625,402234.0
2014-09-05,2037.790048480716,2040.6754149210424,1984.4107693346723,1992.2012939453125,324337.0
2014-09-08,2055.823878138711,2055.823878138711,1988.1980926736217,2006.08740234375,236925.0
2014-09-09,2019.7567970200207,2019.7567970200207,1976.548498841584,1983.4012451171875,178834.0
2014-09-10,1983.6897038962304,1992.093264380119,1929.589075608152,1935.215576171875,320429.0
2014-09-11,1940.4094217476045,1970.3451061351604,1925.98258589818,1962.26611328125,408168.0
2014-09-12,1962.0492996694136,1995.1588111578144,1946.9011249293192,1989.8570556640625,225252.0
2014-09-15,1983.6896066629424,2026.1045323835333,1966.5938441836447,2019.504150390625,404377.0
2014-09-16,2019.504381443924,2036.852685937882,2003.9235051433432,2012.9041748046875,425069.0
2014-09-17,2023.363223377844,2076.0211610985507,2014.707124026495,2040.458984375,608929.0
2014-09-18,2041.3972196202708,2171.5633074658112,2032.0197765619444,2158.723388671875,632305.0
2014-09-19,2165.3955284405465,2176.287858300823,2121.105219533832,2128.9677734375,312955.0
2014-09-22,2120.744436483372,2171.021913922459,2115.9114826832138,2162.47412109375,248109.0
2014-09-23,2160.4183804070385,2184.943998081108,2142.384837999634,2148.2998046875,304207.0
2014-09-24,2153.926471222554,2162.5825722455515,2104.8752320922345,2123.089111328125,313069.0
2014-09-25,2129.0042472967907,2135.027521846454,2092.251917344044,2115.659423828125,647534.0
2014-09-26,2109.960660501246,2116.7773046213365,2051.5680827364376,2089.65478515625,368889.0
2014-09-29,2098.8876775787376,2103.1436988042174,2054.525167925773,2063.397705078125,233169.0
2014-09-30,2063.2176268530866,2105.163576862845,2032.1638310033973,2048.285888671875,542336.0
2014-10-01,2078.1856862318,2111.1870729534608,2056.9061035369587,2073.821533203125,447543.0
2014-10-07,2073.8214057709097,2073.8214057709097,2018.7470694390245,2025.6357421875,301762.0
2014-10-08,2021.1992116117103,2034.0030253183868,2003.5263419884104,2019.0712890625,431918.0
2014-10-09,2020.4778565977904,2045.003471422612,2020.4778565977904,2033.4259033203125,495261.0
2014-10-10,2028.051965173052,2072.0538040048345,1994.5095798340703,2049.33154296875,471438.0
2014-10-13,2039.2332366854048,2086.661459293139,2034.2560487868343,2073.74951171875,473368.0
2014-10-14,2068.0866212441592,2076.742721507476,2048.7546287676555,2057.591064453125,429143.0
2014-10-15,2057.591064453125,2057.591064453125,2057.591064453125,2057.591064453125,0.0
2014-10-16,2073.135996086702,2099.1042966639884,1966.3413247408496,2018.999267578125,903551.0
2014-10-17,2084.6781283667137,2098.4558293472164,1975.7554995143355,2073.064453125,1062740.0
2014-10-20,2102.674925757872,2125.00041585981,2039.5936301377087,2119.08544921875,715327.0
2014-10-21,2119.2661849817646,2166.189506040338,2106.3181344115173,2161.031982421875,681898.0
2014-10-22,2182.7802422489367,2250.586370064997,2182.7802422489367,2247.34033203125,705957.0
2014-10-27,2250.5860966823657,2257.0781719612573,2209.5057222226988,2223.8603515625,354733.0
2014-10-28,2228.9460442028017,2231.651075809844,2168.353336205056,2189.308349609375,556481.0
2014-10-29,2239.694198406004,2242.3633040889663,2183.573944395824,2191.328369140625,815016.0
2014-10-30,2189.9936200427164,2203.194209693594,2171.960075740652,2186.855712890625,712684.0
2014-10-31,2203.6628247566864,2238.828233167282,2192.8788013992003,2210.371337890625,731352.0
2014-11-03,2195.764207319135,2200.092257662077,2112.19669817064,2171.923828125,613472.0
2014-11-05,2189.2726693089626,2190.282477526713,2123.1256522158646,2137.552490234375,779386.0
2014-11-07,2106.317195105351,2135.170855312273,2064.9122631519235,2082.94580078125,11665947.0
2014-11-10,2098.3831713359223,2119.302082291145,2088.2843867368497,2115.767578125,681780.0
2014-11-11,2113.5311751880986,2130.7711713271656,2101.7012417841547,2109.203125,556075.0
2014-11-12,2110.646079327209,2145.9918270671383,2110.646079327209,2140.4736328125,777888.0
2014-11-13,2151.7624954966373,2151.7624954966373,2101.3767025219486,2111.72802734375,323763.0
2014-11-14,2114.108239957945,2151.7622405923416,2107.1112608539456,2138.34521484375,408553.0
2014-11-17,2127.9941382328443,2193.4920004586943,2127.9941382328443,2184.871826171875,779054.0
2014-11-18,2194.826543296739,2199.190696177176,2167.0548854688354,2176.8291015625,282465.0
2014-11-19,2178.596360381156,2194.862652380899,2147.254095957552,2164.27783203125,361646.0
2014-11-20,2171.1665786868125,2171.1665786868125,2128.67961778918,2160.8154296875,258380.0
2014-11-21,2166.838395261661,2198.866074373911,2157.857725766881,2184.475341796875,549348.0
2014-11-24,2184.222928537698,2226.962429368563,2184.222928537698,2220.794921875,611061.0
2014-11-25,2225.3392369188286,2233.0575582076094,2179.1011615850257,2194.862548828125,796224.0
2014-11-26,2196.4857014488225,2242.976143553288,2172.8617583544224,2235.798828125,308719.0
2014-11-27,2218.847133035586,2261.83917003598,2218.847133035586,2239.15283203125,1022883.0
2014-11-28,2246.979187464852,2281.1707104357256,2246.979187464852,2270.3505859375,259437.0
2014-12-01,2284.489428491052,2358.7515298853746,2280.4859463706034,2350.059326171875,519665.0
2014-12-02,2349.4102363681086,2349.4102363681086,2315.579376481381,2325.60595703125,226412.0
2014-12-03,2337.1474136861675,2351.538147261634,2289.7552930192983,2304.18212890625,431751.0
2014-12-04,2311.575577258712,2329.933688280521,2287.482658841545,2321.277587890625,317558.0
2014-12-05,2332.747118905715,2332.747118905715,2294.588209072624,2298.916259765625,509568.0
2014-12-08,2311.900344129245,2311.900344129245,2266.455813183803,2279.548095703125,196600.0
2014-12-09,2270.8559767924144,2307.283734255843,2258.12418955822,2262.560546875,328254.0
2014-12-10,2263.678338834398,2299.925758513577,2256.717462016149,2285.75146484375,301350.0
2014-12-11,2291.702818410833,2291.702818410833,2235.6545977337887,2246.691162109375,282839.0
2014-12-12,2257.799763117413,2283.9123002358538,2248.530450834883,2254.120849609375,221565.0
2014-12-15,2254.9145169776875,2344.3609021681013,2195.1873793868363,2268.944580078125,252872.0
2014-12-16,2257.79975738294,2274.895522241038,2250.586339627723,2259.783447265625,567038.0
2014-12-17,2250.586210234697,2291.702689075524,2201.210403760768,2208.495849609375,411233.0
2014-12-18,2244.815802507836,2246.3666170178294,2184.259190357969,2211.2373046875,511995.0
2014-12-19,2233.995216778538,2271.396853896253,2192.91484270242,2217.4765625,1100472.0
2014-12-22,2214.51913516695,2252.6780426551254,2208.315525778002,2246.474609375,219295.0
2014-12-23,2246.258155574724,2277.203645463294,2236.592246800301,2263.173583984375,259270.0
2014-12-24,2275.8333919963766,2280.882784625212,2217.7292744527995,2236.520263671875,459923.0
2014-12-26,2249.4320183276573,2249.4320183276573,2212.499356350511,2233.5625,97054.0
2014-12-29,2249.864756225584,2274.859175619576,2233.959136561765,2272.262451171875,210657.0
2014-12-30,2275.833504939161,2279.440214138748,2216.683474065941,2225.2314453125,306502.0
2014-12-31,2218.125902663751,2250.5862817271227,2197.747998029523,2240.956298828125,412694.0
2015-01-01,2244.094271901311,2250.586347904883,2223.8967021124213,2240.0546875,112464.0
2015-01-02,2246.9794227939283,2249.8647896289763,2229.342653236458,2234.788818359375,187675.0
2015-01-05,2239.0444851875964,2269.989971578659,2234.788639889297,2250.153076171875,160068.0
2015-01-06,2234.71659017564,2234.71659017564,2164.7464451636847,2174.412353515625,457760.0
2015-01-07,2174.1237158103186,2179.894448964427,2140.004220814893,2145.30615234375,378882.0
2015-01-08,2148.155836008189,2163.8089175229497,2129.220614149487,2152.48388671875,513335.0
2015-01-09,2163.196474402478,2171.960709045242,2139.680655332265,2158.435546875,365342.0
2015-01-12,2155.369513620556,2155.369513620556,2109.203633810745,2118.689208984375,396343.0
2015-01-13,2128.679177678465,2137.010708834547,2082.9100858844,2086.985595703125,387266.0
2015-01-14,2098.383257001808,2109.708287828487,2079.628370552153,2094.09130859375,503348.0
2015-01-15,2120.7447896243525,2142.385042579703,2112.557490146047,2128.35498046875,548030.0
2015-01-16,2128.246608230348,2142.3849768375194,2085.615416881805,2090.23193359375,441344.0
2015-01-19,2091.927167456653,2106.31790007961,2045.7251933649911,2049.54833984375,494968.0
2015-01-20,2063.037104646496,2068.807837806346,2017.7368141199108,2040.4229736328125,620515.0
2015-01-21,2044.2102302167475,2087.562938039746,2044.2102302167475,2073.965576171875,502824.0
2015-01-22,2091.854879148206,2098.383056915547,2028.124444050868,2047.781005859375,616241.0
2015-01-23,2070.250998867562,2088.7174196842725,2056.545504449972,2065.057373046875,616170.0
2015-01-27,2063.0373255155937,2069.998202691376,2036.3476817938888,2061.414306640625,563105.0
2015-01-28,2063.0369078305475,2088.6445337843884,2049.0068493959043,2066.7158203125,415685.0
2015-01-29,2063.037557510755,2090.989552389616,2060.873532100779,2074.939697265625,544345.0
2015-01-30,2082.91001233874,2118.472189124062,2061.161457015424,2067.00439453125,447643.0
2015-02-02,2075.985736173689,2083.8123656678176,2026.970592825185,2043.7056884765625,298183.0
2015-02-03,2061.233874534597,2063.037228755537,2013.264652257589,2028.7012939453125,377426.0
2015-02-04,1998.1163060224865,2065.922418934441,1983.689473488028,2041.0361328125,902976.0
2015-02-05,2027.691482242164,2061.4503084169432,2027.691482242164,2053.876220703125,475877.0
2015-02-06,2053.8040671813465,2057.9517819849493,1999.018199910304,2002.6610107421875,544388.0
2015-02-09,1983.6896252314427,1994.473648154121,1951.229249545837,1968.397216796875,425252.0
2015-02-10,1958.4429970685,1985.1326438057129,1940.914356016616,1962.1578369140625,531510.0
2015-02-11,1963.203602646216,1994.726199095992,1948.74066662321,1986.106201171875,427723.0
2015-02-12,2007.025347587116,2033.46245305866,2002.1562906314064,2025.203125,471851.0
2015-02-13,2035.91533156226,2068.952826184496,2030.5774718843336,2057.916259765625,278795.0
2015-02-16,2059.43036291221,2064.227214329765,2014.923619362802,2023.36328125,278310.0
2015-02-18,1951.2294688159905,1967.8203293641484,1908.4538670504949,1921.47412109375,10612619.0
2015-02-19,1931.031557394508,1947.6224150038,1910.9061962163207,1922.33935546875,4318965.0
2015-02-20,1925.982182389003,1935.6480899394955,1909.7880977625853,1917.9752197265625,516004.0
2015-02-23,1917.9754082487743,1920.8248488992008,1896.5876969241915,1910.0406494140625,569905.0
2015-02-24,1913.6834224708405,1925.9823336433967,1904.4502135147573,1912.5653076171875,433596.0
2015-02-25,1922.37611994876,1925.9828293670505,1886.3090257658564,1893.1978759765625,587341.0
2015-02-26,1897.128728422336,1900.7715393393587,1875.488476767328,1891.538330078125,1172341.0
2015-02-27,1907.1555038660688,1932.2943358984269,1902.430855989672,1927.858154296875,1913808.0
2015-03-02,1949.0657696441085,1951.590466236912,1887.210703120429,1893.1978759765625,817814.0
2015-03-03,1888.5085425178288,1907.0469877061096,1874.117811818176,1901.8172607421875,438209.0
2015-03-04,1929.5891059048467,1931.7531310703475,1882.701893985664,1891.538330078125,456591.0
2015-03-05,1897.8500024840228,1901.997717236696,1864.3798182277155,1882.3050537109373,428419.0
2015-03-09,1874.0816908751333,1880.9344364838428,1855.471041263405,1874.947265625,801602.0
2015-03-10,1868.3474201369097,1893.8106441562848,1868.3474201369097,1888.25634765625,605928.0
2015-03-11,1883.134580193868,1895.6858544487525,1869.7175550727416,1884.6492919921875,577880.0
2015-03-12,1893.3777711793928,1909.679988293988,1887.174161978919,1906.037353515625,589703.0
2015-03-13,1928.831672439013,1928.831672439013,1879.16740028406,1882.701904296875,293111.0
2015-03-16,1886.344694897851,1907.047166982909,1875.488466820072,1898.0303955078125,212151.0
2015-03-17,1907.9490651719068,1915.1624831876795,1897.8863822616715,1912.6016845703125,503626.0
2015-03-18,1912.9982749045143,1939.6157143946125,1904.414378729882,1929.8416748046875,547515.0
2015-03-19,1945.062268278632,1945.8919171021817,1914.477443148952,1920.7891845703125,382445.0
2015-03-20,1911.5554184122043,1918.7688350854576,1877.7965931596164,1882.6656494140625,307523.0
2015-03-23,1889.8791284723404,1908.6701147482188,1877.5081889128671,1902.250244140625,202857.0
2015-03-24,1908.526054739145,1910.8343131383845,1874.8394299293648,1879.16748046875,514291.0
2015-03-25,1894.9285554512608,1894.9285554512608,1868.9963563957465,1872.4227294921875,401570.0
2015-03-26,1868.311013790832,1888.3643472903173,1858.1400258755143,1878.193359375,715178.0
2015-03-27,1869.7181291349148,1878.3742315846127,1840.864454302586,1858.2847900390625,584370.0
2015-03-30,1861.133985040756,1923.7103840529296,1847.6447529545248,1907.444091796875,281366.0
2015-03-31,1910.834184468317,1917.86726612123,1890.420178910407,1904.1978759765625,493733.0
2015-04-01,1904.3065588293348,1925.9468163423685,1895.6865581417496,1915.7760009765625,375681.0
2015-04-06,1928.7950179607576,1931.752588633316,1900.734903304252,1927.929443359375,365024.0
2015-04-07,1928.0020884384528,1928.0020884384528,1891.0694294351715,1898.8238525390625,359998.0
2015-04-08,1902.178684738082,1905.9296275825336,1876.5710460167315,1879.6728515625,1053590.0
2015-04-09,1889.9155239441216,1899.978206874652,1877.147809252221,1883.8563232421875,1041470.0
2015-04-10,1886.2722418570768,1893.0888849727216,1857.81535005126,1863.838623046875,654704.0
2015-04-13,1874.767731603672,1874.767731603672,1850.710907082021,1861.567138671875,420050.0
2015-04-15,1861.927419092347,1866.111236754461,1810.4236850116192,1821.0634765625,726309.0
2015-04-16,1815.040034782425,1817.7811685917484,1740.597603099956,1752.9326171875,1443068.0
2015-04-17,1752.7159966101688,1760.0736463032824,1718.776836364404,1738.7940673828125,1198446.0
2015-04-20,1739.1549299255778,1750.9489377827458,1659.735134146169,1670.8800048828125,1710612.0
2015-04-21,1670.6275010235856,1692.8087599426165,1654.3973115706362,1680.0771484375,901340.0
2015-04-22,1687.9395671372558,1746.368244461238,1687.9395671372558,1738.0006103515625,840590.0
2015-04-23,1740.3812138533435,1750.7686407714607,1701.64519690313,1724.403564453125,1012419.0
2015-04-24,1717.1181268926664,1729.7055066255894,1677.4804284892016,1697.173095703125,1960963.0
2015-04-27,1702.3665729863508,1704.5667006011713,1655.9122335568654,1671.348876953125,2307119.0
2015-04-28,1665.5781220963247,1709.543867100532,1659.0860462631213,1699.1566162109375,711394.0
2015-04-29,1699.6977349315905,1724.006918603945,1688.0120328808127,1711.094970703125,295438.0
2015-04-30,1702.4387428537414,1704.53056349533,1677.119576862735,1679.9327392578125,1052575.0
2015-05-04,1687.939731274183,1731.0760040729558,1680.7263136191652,1723.6822509765625,1647793.0
2015-05-05,1723.6819931209775,1724.3672324739296,1688.552689618003,1700.52685546875,775073.0
2015-05-06,1697.3171557280173,1699.3730501808238,1665.2174475130166,1678.12939453125,1488751.0
2015-05-07,1680.798290043476,1711.3109016945536,1662.9810099675046,1698.43505859375,1397408.0
2015-05-08,1665.578083564193,1669.7619008927888,1623.9567002404171,1659.5548095703125,1079192.0
2015-05-11,1666.2991491403548,1734.5740633142111,1666.2991491403548,1719.8587646484375,887873.0
2015-05-12,1729.77736450858,1801.2623960958906,1720.508053392022,1779.1170654296875,2015463.0
2015-05-13,1793.832376787535,1824.994299566276,1789.2156847518145,1806.05908203125,885648.0
2015-05-14,1803.3543478679187,1838.70009308613,1790.4783273806129,1830.4046630859373,512485.0
2015-05-15,1830.7291452389568,1843.38872738524,1816.6990842965083,1824.778076171875,309635.0
2015-05-18,1816.3386437828967,1837.9788976802304,1808.4038840205408,1818.1781005859373,812046.0
2015-05-19,1817.781389630558,1882.305380322461,1817.781389630558,1861.6029052734373,923546.0
2015-05-20,1868.2745866579992,1871.7009589694376,1858.1758051084964,1860.6282958984373,688445.0
2015-05-21,1861.061862594904,1886.3088258471607,1834.8771197715105,1877.2198486328125,531936.0
2015-05-22,1877.003467139304,1882.70199660888,1859.691264871636,1877.9771728515625,138833.0
2015-05-25,1878.301599091148,1881.186965917116,1861.1338073636884,1866.904541015625,178329.0
2015-05-26,1868.9241926092648,1903.2601289377408,1867.806253829898,1885.4791259765625,428351.0
2015-05-27,1880.177436265884,1921.4742550751,1871.5935391316093,1880.033203125,396976.0
2015-05-28,1882.9901593131908,1924.900179323392,1869.7897480991933,1906.79443359375,1494418.0
2015-05-29,1904.3419976538748,1951.229205929444,1892.800531001427,1945.350341796875,701724.0
2015-06-01,1953.4839368982068,1997.1782972605245,1928.1353309209053,1976.8265380859373,510174.0
2015-06-02,1963.878688373119,1963.878688373119,1897.3158021946265,1902.8597412109373,822000.0
2015-06-03,1896.586588186453,1918.3972627146225,1872.7334001760955,1879.7725830078125,555765.0
2015-06-04,1879.809038406516,1890.02142743938,1849.9013276674127,1858.581787109375,516562.0
2015-06-05,1860.076813591165,1895.127219845627,1844.138302372112,1880.28271484375,335801.0
2015-06-08,1892.063815507572,1892.063815507572,1829.512936825509,1838.7039794921875,411130.0
2015-06-09,1831.7014068539336,1845.4880606598203,1819.264140444218,1823.6043701171875,531218.0
2015-06-10,1834.582406866749,1845.5242502476644,1824.370019711229,1834.5458984375,377088.0
2015-06-11,1846.98301866503,1858.654317361176,1823.6404212727389,1826.7041015625,410240.0
2015-06-12,1816.345814015469,1841.585068048584,1812.114932726292,1826.22998046875,332914.0
2015-06-15,1819.9933059945456,1846.6184585672115,1810.510374941268,1828.0538330078125,253983.0
2015-06-16,1826.7774198410189,1863.469106789281,1823.4948665410927,1855.1531982421875,290025.0
2015-06-17,1871.05484346127,1873.2067032772973,1834.582039495164,1839.9071044921875,530660.0
2015-06-18,1841.8768666542649,1857.888394292945,1836.8436902150063,1842.8251953125,448303.0
2015-06-19,1848.5882645586803,1882.216273857215,1845.524583476824,1861.17138671875,374245.0
2015-06-22,1881.559247865589,1888.5620986097165,1869.7420930635296,1883.127685546875,271426.0
2015-06-23,1889.2919771279387,1889.2919771279387,1832.394380905553,1836.3333740234373,350911.0
2015-06-24,1836.4062535105504,1857.925214574527,1831.0083480728424,1838.9593505859373,320799.0
2015-06-25,1845.5240891912508,1878.349616469356,1843.335720706044,1861.6451416015625,400609.0
2015-06-26,1860.1136375982724,1872.2226838868423,1838.959404072645,1852.2354736328125,200634.0
2015-06-29,1829.4760968925607,1864.4899934838063,1823.640447460687,1849.718505859375,355916.0
2015-06-30,1854.2779004312583,1863.0313759643725,1825.0996486542128,1840.782958984375,325449.0
2015-07-01,1841.9500335678324,1849.13507071966,1823.9323218631675,1838.66748046875,401143.0
2015-07-02,1839.324450529104,1873.2441756727096,1838.959722301753,1844.2847900390625,423277.0
2015-07-03,1852.818844835274,1885.607867120973,1845.5242824540328,1879.5533447265625,271136.0
2015-07-06,1871.7849254975904,1914.7863401360687,1864.3079981841256,1906.361083984375,307013.0
2015-07-07,1914.8222522930887,1925.034637638652,1867.4076060458312,1870.14306640625,425371.0
2015-07-08,1859.7850803884244,1884.1123376744729,1835.7130259170767,1860.040283203125,510583.0
2015-07-09,1852.8917535834853,1903.8441619895705,1852.8917535834853,1900.051025390625,418181.0
2015-07-10,1903.1511051527336,1910.2633026518672,1871.7844905411707,1875.8330078125,401799.0
2015-07-13,1881.997317664216,1903.1515510798213,1860.1866447923712,1896.7322998046875,229719.0
2015-07-14,1903.880682709242,1932.9859138641275,1890.750471104351,1924.8160400390625,324900.0
2015-07-15,1932.293291086302,1948.3048217572848,1931.6003431974748,1939.0772705078125,145475.0
2015-07-16,1938.8945731446424,1944.730222725213,1915.5519748223592,1932.54833984375,201208.0
2015-07-17,1935.2110654572896,1953.4839814846048,1926.712970754386,1932.6214599609373,180187.0
2015-07-20,1945.31394439767,1951.2954499721272,1935.9768688695424,1941.739501953125,165950.0
2015-07-21,1941.7394150044045,1965.8844868018248,1939.2958435537823,1960.231201171875,156870.0
2015-07-22,1959.319259930607,1984.0477526975003,1947.903342179996,1977.5556640625,196253.0
2015-07-23,1976.8264226338547,1991.4155475241407,1950.5659978313383,1982.370361328125,296483.0
2015-07-24,1969.5317495967367,2005.129247948168,1969.5317495967367,1999.001708984375,336553.0
2015-07-27,2005.6038161886888,2005.6038161886888,1892.939313476632,1900.2703857421875,453942.0
2015-07-28,1905.4856150951423,1919.5276481616104,1824.4431311083288,1846.6185302734373,614008.0
2015-07-29,1851.870833295931,1882.7268730715805,1828.236518368588,1874.593505859375,412275.0
2015-07-30,1874.701890338206,1916.5362625122343,1871.0546103959136,1882.2518310546875,1025263.0
2015-07-31,1896.5499638246056,1968.437921304576,1885.9728469600825,1956.9124755859373,471113.0
2015-08-03,1937.4360215081988,1982.662314178948,1898.300760457304,1967.416748046875,861266.0
2015-08-04,2035.182843768057,2037.9548130083729,1906.543168769196,1913.9837646484373,1657551.0
2015-08-05,1923.5762363442425,1951.2225584937323,1917.3393494480104,1944.73046875,404556.0
2015-08-06,1956.4015760887885,1956.4015760887885,1925.0349587242029,1933.8614501953125,247050.0
2015-08-07,1920.6949915876503,1947.2836387311384,1920.6949915876503,1941.703369140625,175465.0
2015-08-10,1943.709572066602,1991.342931960574,1942.2141508460088,1972.41357421875,431904.0
2015-08-11,1976.1698318657088,1983.1359959952565,1946.77271184576,1961.0699462890625,682348.0
2015-08-12,1944.0007325701176,1967.343330484656,1912.6706250496763,1921.97119140625,347945.0
2015-08-13,1923.940875141512,1957.860591044481,1910.5917900391369,1930.5059814453125,346709.0
2015-08-14,1942.542309788442,1985.726091196169,1926.6401253332835,1978.6138916015625,316094.0
2015-08-17,1982.6622419354603,1984.2305017591548,1926.494106310357,1933.2415771484373,191264.0
2015-08-18,1933.93431438557,1952.535448183507,1922.190175978852,1926.493896484375,142927.0
2015-08-19,1918.8711103596413,1976.0604072253127,1908.4763591421893,1958.37109375,200364.0
2015-08-20,1933.0589177395352,1943.5266853791004,1912.1235605502968,1917.8133544921875,239882.0
2015-08-21,1907.5277333061963,1938.8578377056224,1849.171244333158,1863.796875,536661.0
2015-08-24,1832.3937064832464,1837.4633907140224,1750.6946240285797,1803.61669921875,589441.0
2015-08-25,1805.5136332332204,1837.2814897225169,1754.1964909873525,1797.7449951171875,588828.0
2015-08-26,1784.9791319809328,1787.1675003487069,1726.6591505977324,1745.36962890625,1271762.0
2015-08-27,1763.8249558574496,1763.8249558574496,1724.6166881248864,1734.5008544921875,937972.0
2015-08-28,1750.3306338607338,1771.8130892480376,1734.5014655800858,1749.6741943359375,318325.0
2015-08-31,1736.1058540894117,1761.636822531903,1736.1058540894117,1748.6524658203125,358188.0
2015-09-01,1728.8113879714265,1747.3395062943114,1716.447139612145,1738.9144287109375,367859.0
2015-09-02,1725.1642293838338,1743.2547820795014,1678.07778742051,1705.9794921875,493940.0
2015-09-03,1718.59886509595,1723.34033055568,1688.7641767468397,1694.052734375,260650.0
2015-09-04,1694.9647675983017,1699.5967083523285,1652.6197928239076,1671.0750732421875,424019.0
2015-09-07,1677.7494027086912,1685.8464384533788,1646.5286390750869,1663.5980224609375,257462.0
2015-09-08,1671.9138577881886,1697.918903930122,1664.838167219198,1687.3782958984375,174954.0
2015-09-09,1707.6570897996544,1728.6654655228172,1701.8944566317648,1710.0643310546875,208014.0
2015-09-10,1697.4449651897437,1724.9089261580652,1677.7496432902494,1713.2012939453125,222191.0
2015-09-11,1714.2946781409396,1727.2425226039684,1701.1644696713895,1709.1519775390625,193787.0
2015-09-14,1706.8910792219458,1721.2978398442192,1692.3384629708448,1713.857421875,116680.0
2015-09-15,1706.7092635292097,1708.131668024624,1681.4336681346629,1685.4456787109375,330037.0
2015-09-16,1696.8608603714315,1738.9504446049684,1690.8793555599034,1727.6075439453125,399414.0
2015-09-18,1735.2309159035296,1784.615078450722,1732.5682931957556,1771.48486328125,753722.0
2015-09-21,1742.1602325864917,1785.562875353157,1742.1602325864917,1767.98291015625,239281.0
2015-09-22,1769.8430280346556,1787.05826483954,1732.6772718841148,1742.63427734375,380613.0
2015-09-23,1735.7775260313697,1755.5093517422993,1735.7775260313697,1751.3878173828125,362950.0
2015-09-24,1750.6950325064686,1765.247649346197,1730.7080021213162,1737.345947265625,391877.0
2015-09-28,1738.4400613441394,1743.3273824942216,1703.8639070866436,1713.857421875,325138.0
2015-09-29,1685.7733611945905,1729.176007231405,1678.9165438129703,1699.0859375,460978.0
2015-09-30,1720.787166370034,1756.7493924509386,1685.40854086391,1746.682861328125,431516.0
2015-10-01,1750.6950019114845,1803.7264357264053,1750.6950019114845,1759.4849853515625,541532.0
2015-10-05,1787.0946269605656,1836.6976472786864,1776.2258010974033,1825.099365234375,383373.0
2015-10-06,1838.2293054349643,1862.3013558632792,1831.6642007726969,1847.2381591796875,295211.0
2015-10-07,1849.171593360259,1864.1254464821072,1820.029851796882,1853.365966796875,202418.0
2015-10-08,1853.548461038074,1868.6846792854333,1840.6371201269849,1853.9862060546875,146872.0
2015-10-09,1871.0551479749995,1883.4559033416951,1862.301673598508,1870.94580078125,147737.0
2015-10-12,1872.514154504741,1894.0331134287344,1855.7366611063733,1862.2652587890625,98041.0
2015-10-13,1863.76052317016,1870.033917497802,1841.876837966596,1851.9068603515625,178225.0
2015-10-14,1852.6363869262696,1859.3838567871087,1818.3884538992288,1823.6405029296875,184215.0
2015-10-15,1833.816595573287,1881.851363268588,1823.640715996012,1870.3624267578125,172463.0
2015-10-16,1874.994240929952,1889.291654415544,1866.532655432071,1884.9149169921875,137066.0
2015-10-19,1887.1031852450665,1911.321095413766,1864.3076790452565,1905.3760986328125,183298.0
2015-10-20,1908.9872951696927,1916.901967916018,1886.775384613466,1901.109130859375,369501.0
2015-10-21,1939.5514068815248,1945.8978195628104,1889.2919358848824,1913.2181396484373,643276.0
2015-10-23,1922.299605778329,1927.9528917833688,1887.9058144158853,1893.7049560546875,205893.0
2015-10-26,1898.701650162468,1920.6583550816663,1894.8356744111009,1911.57666015625,197884.0
2015-10-27,1907.4917283331413,1928.6824696023923,1886.884587725628,1911.24853515625,357084.0
2015-10-28,1918.4696951117303,1920.5122079716507,1893.121093626889,1915.58837890625,199328.0
2015-10-29,1908.330867081553,1923.7953063964533,1898.9207731222043,1916.0264892578125,265627.0
2015-10-30,1911.175021615535,1918.17787155664,1870.10660671628,1883.0179443359373,341083.0
2015-11-02,1878.4954912821308,1885.2064524207087,1847.493604091523,1857.0860595703125,367201.0
2015-11-03,1865.1835290719275,1894.3982938656256,1850.047308587633,1884.0035400390625,226406.0
2015-11-04,1896.585952765047,1921.5333169872888,1890.750303679616,1911.9410400390625,223537.0
2015-11-05,1909.6069851173324,1939.3323252784053,1901.03587476414,1924.8160400390625,229100.0
2015-11-06,1927.223533237287,1951.2225741298244,1896.659385683457,1925.6552734375,359043.0
2015-11-09,1900.2699676011755,1932.985972318779,1893.7413700292927,1906.87158203125,138190.0
2015-11-10,1902.4216950345608,1948.377433833325,1900.306343373429,1943.0523681640625,218330.0
2015-11-13,1929.411677220205,1933.058958273552,1904.610166057451,1907.8197021484373,155474.0
2015-11-16,1907.5278463995824,1929.4115310619104,1881.9968809602,1905.12060546875,153495.0
2015-11-17,1898.810996096319,1910.0080419068893,1878.34971407838,1895.0906982421875,196186.0
2015-11-18,1889.291914938161,1899.869031836464,1872.6237663831416,1878.24072265625,165550.0
2015-11-19,1910.26324602205,1957.7144030352456,1883.054496675532,1889.072509765625,736910.0
2015-11-20,1896.586537243292,1925.0353353019416,1864.7093299083813,1869.4873046875,747678.0
2015-11-23,1876.161166986027,1945.45949935915,1876.161166986027,1923.3204345703125,724326.0
2015-11-24,1926.4939084131445,1945.3139148138048,1917.7404336305024,1929.6671142578125,397339.0
2015-11-26,1903.8806519436496,1976.826270792065,1903.8806519436496,1961.288818359375,1400143.0
2015-11-27,1960.7784341977608,1980.0360082976688,1939.587694147694,1972.7779541015625,300797.0
2015-11-30,1978.6137921383847,1994.55248422874,1957.9701423245608,1968.9119873046875,604367.0
2015-12-01,1981.2032622089,1982.333955064152,1947.794128870311,1953.775634765625,439761.0
2015-12-02,1943.9280156317404,1970.845059858732,1936.3417413750344,1952.353271484375,552538.0
2015-12-03,1955.3440601205496,1957.860648659749,1904.7561960438425,1909.5706787109373,395343.0
2015-12-04,1906.069252961224,1921.6432157206184,1898.884037392436,1909.5706787109373,223767.0
2015-12-07,1921.898853153831,1942.615522971752,1903.443569543308,1913.4007568359373,667088.0
2015-12-08,1907.527870822309,1925.764274941069,1886.118261150931,1897.971923828125,231485.0
2015-12-09,1896.549472816976,1900.1239147893984,1849.9007878578573,1857.487060546875,247209.0
2015-12-10,1872.2223657716568,1877.620270449189,1851.4691942809848,1858.9097900390625,295521.0
2015-12-11,1860.1132634065848,1870.1797943324104,1835.785828509999,1841.9862060546875,303901.0
2015-12-14,1838.0837154225533,1863.7605373048225,1823.9686671232523,1849.718505859375,178832.0
2015-12-15,1852.81885912607,1881.2676526323364,1829.4762593260568,1873.0977783203125,203987.0
2015-12-16,1874.775732797448,1907.7836308114,1874.775732797448,1893.2308349609373,241774.0
2015-12-17,1896.5860956764225,1945.4596604496223,1896.5860956764225,1936.669677734375,254167.0
2015-12-18,1933.0587353512387,1943.9275604008487,1915.3694242824583,1928.0618896484373,237868.0
2015-12-21,1944.000950654898,1973.1792013213883,1924.232614592388,1968.0364990234373,351826.0
2015-12-22,1968.0364500581456,1970.261327234092,1942.3961341588688,1947.903564453125,299012.0
2015-12-23,1951.5868817254552,1965.59258205669,1943.9275922711324,1953.62939453125,173603.0
2015-12-24,1953.739097621961,1971.501249357268,1953.739097621961,1966.9056396484373,187156.0
2015-12-28,1974.6381700914296,1979.3796359597688,1957.4959473366648,1976.3887939453125,327048.0
2015-12-29,1974.6382447343856,1997.251390499722,1969.9332871205493,1992.8016357421875,283306.0
2015-12-30,1992.8742026249784,1993.5671503497888,1976.3520920565911,1978.97802734375,196033.0
2015-12-31,1982.6254509278715,1986.2727319421392,1948.3775178218752,1965.22802734375,913225.0
2016-01-01,1961.507939512424,1965.8846771982085,1951.441407217137,1959.3560791015625,141582.0
2016-01-04,1934.518401666576,1946.9191606516176,1919.2728339150603,1924.16015625,254167.0
2016-01-05,1927.5877975826736,1936.8518546910184,1903.916982100721,1908.8773193359373,290015.0
2016-01-06,1899.650191274092,1913.3640062736813,1876.8546803339275,1880.684326171875,307058.0
2016-01-07,1865.1469529872384,1890.7509432463407,1830.972028324576,1838.3031005859373,186980.0
2016-01-08,1841.950065013914,1851.615360415109,1812.6987978845232,1816.0906982421875,198609.0
2016-01-11,1805.513649916643,1841.877116906182,1787.313751250741,1827.6162109375,168536.0
2016-01-12,1823.6404314773984,1831.0080100565208,1795.4833519794329,1799.7142333984375,228350.0
2016-01-13,1809.2342739661133,1812.699191938632,1765.7951088189711,1804.456298828125,237742.0
2016-01-14,1782.7910166107367,1804.711211823296,1763.8251547318991,1778.0860595703125,312029.0
2016-01-15,1783.5209897583122,1790.7790456937353,1758.1358701143142,1770.9378662109375,177133.0
2016-01-18,1778.414207258952,1787.1676816178967,1734.0267264611794,1776.6270751953125,285797.0
2016-01-19,1790.8153163921036,1822.8748869474107,1784.870318451457,1811.09423828125,232059.0
2016-01-20,1801.0275556622964,1828.7468943075648,1791.3622599504597,1815.251953125,349976.0
2016-01-21,1812.042258636804,1852.7822814742367,1796.2859331245038,1801.683837890625,462839.0
2016-01-22,1819.263997647056,1895.8569085343613,1803.617195755203,1890.385986328125,342135.0
2016-01-25,1900.2333437008344,1903.8806245908552,1818.607268618124,1842.022705078125,235464.0
2016-01-27,1849.1718337174589,1858.69127463328,1805.404453037756,1810.8388671875,318370.0
2016-01-28,1812.699282929512,1829.4767813228227,1773.3816514089938,1779.58203125,373017.0
2016-01-29,1786.438182742593,1885.6442231072288,1781.6967175781067,1871.5291748046875,494944.0
2016-02-01,1867.408159857991,1867.408159857991,1828.929339376542,1849.6094970703125,246093.0
2016-02-02,1853.985989471003,1860.6604426101824,1829.9139343475547,1836.9896240234373,234228.0
2016-02-03,1823.640545941195,1854.8613077056875,1802.486315608277,1812.58935546875,177259.0
2016-02-04,1816.5283021213468,1844.247637722436,1803.215726470824,1833.70703125,247401.0
2016-02-05,1833.7071509794912,1888.562225185357,1827.287900382124,1885.4620361328125,208803.0
2016-02-08,1881.9970043034264,1886.3737415227367,1862.7394317744183,1873.46240234375,200891.0
2016-02-09,1851.3600544205592,1893.6685190211865,1834.582559837552,1882.9820556640625,120852.0
2016-02-10,1879.7357621694969,1880.793616216741,1856.466178748456,1864.198486328125,177476.0
2016-02-11,1865.073309488246,1869.194665034752,1809.743995518001,1821.3787841796875,181663.0
2016-02-12,1851.3235580172657,1851.3235580172657,1789.429298583482,1815.799072265625,401230.0
2016-02-15,1832.3937306976188,1852.4172651065755,1811.8959429678005,1829.0018310546875,419156.0
2016-02-16,1838.9594120219213,1872.5144032765857,1826.4127987359889,1832.759033203125,248550.0
2016-02-17,1831.6644174003395,1856.4659268354687,1778.4141177307954,1841.548583984375,303578.0
2016-02-18,1849.9012469708,1916.86537346888,1838.2299457280824,1909.5343017578125,438531.0
2016-02-19,1908.9869822938952,1977.191140812993,1898.5192140017944,1974.054443359375,724742.0
2016-02-22,1968.802606361812,1990.540440301242,1950.8579096658573,1971.3922119140625,273758.0
2016-02-23,1977.5557228990272,1978.7229240341487,1934.62715505938,1941.1922607421875,305417.0
2016-02-24,1938.2389779330551,1938.8954175608008,1903.881504828326,1912.087890625,219570.0
2016-02-25,1911.1754411127824,1927.478860100224,1892.4284504572536,1912.1602783203125,293356.0
2016-02-26,1922.8101027699392,1933.0224899310883,1846.727782801399,1864.0523681640625,455721.0
2016-02-29,1857.1957559824173,1870.9824089365784,1802.5595498723192,1823.5677490234373,733831.0
2016-03-01,1833.1233536468828,1956.2920990823104,1828.163016077136,1945.6419677734373,865407.0
2016-03-02,1980.47340987834,2085.5150934961966,1973.251865365564,2047.364501953125,1278710.0
2016-03-03,2047.364818153361,2078.2208530995663,2042.4774969037508,2061.443359375,837426.0
2016-03-04,2046.3067457011848,2082.597187051736,2033.869483449504,2068.628173828125,516906.0
2016-03-08,2071.656001689967,2071.656001689967,2042.8424763143487,2049.444091796875,424372.0
2016-03-09,2038.830845956584,2064.32531411898,2035.2200720262808,2054.51416015625,398021.0
2016-03-10,2071.656015535275,2078.9505789702584,2042.4777617953416,2051.52294921875,345359.0
2016-03-11,2039.231220797075,2070.8895471704545,2039.231220797075,2052.215576171875,269758.0
2016-03-14,2068.738174159653,2068.738174159653,2043.0613466851069,2054.367919921875,394258.0
2016-03-15,2057.030247521955,2070.051113649337,2047.1097487443496,2051.9970703125,334127.0
2016-03-16,2043.936379220888,2068.701382887186,2015.1228578150256,2041.2374267578125,368182.0
2016-03-17,2053.4921594132006,2070.9260908440906,2046.1245807741016,2057.868896484375,247010.0
2016-03-18,2063.55889082056,2070.92647081144,2037.4808276534209,2065.0908203125,296826.0
2016-03-21,2075.079347226454,2088.6567794482667,2054.694773385013,2071.453857421875,237654.0
2016-03-22,2071.454473767272,2123.24823291348,2036.4566546728745,2117.2548828125,837215.0
2016-03-23,2127.242851825154,2156.617264815825,2119.2888133357205,2124.5791015625,497247.0
2016-03-28,2112.444510299168,2138.3413782012594,2095.4265685349365,2107.26513671875,453040.0
2016-03-29,2106.5257721598086,2130.9428253671404,2103.6031610104137,2113.81396484375,222145.0
2016-03-30,2123.5065686652665,2166.976320065685,2123.5065686652665,2163.350830078125,493207.0
2016-03-31,2160.9092179684253,2209.336337572222,2160.243370589593,2179.554931640625,1174177.0
2016-04-01,2168.752003445979,2197.12746619813,2162.758655407764,2183.51318359375,348132.0
2016-04-04,2210.853283158371,2210.853283158371,2179.7770321902817,2207.671630859375,421607.0
2016-04-05,2190.320628836144,2229.350917889807,2182.6995125702,2192.577392578125,544712.0
2016-04-06,2193.09476271939,2226.390735837599,2192.502798179956,2213.25732421875,400657.0
2016-04-07,2205.2295067946543,2210.445912716524,2176.077101057109,2196.0546875,222700.0
2016-04-08,2195.1669279227467,2195.1669279227467,2132.2004600572145,2157.357421875,437469.0
2016-04-11,2162.7590914299262,2206.413825057831,2151.9563223769605,2202.38134765625,284077.0
2016-04-12,2206.191525676305,2267.826118298814,2204.933713713039,2257.80029296875,375312.0
2016-04-13,2250.401563133954,2346.996949764212,2246.73904097069,2329.276123046875,679366.0
2016-04-18,2334.3808669952427,2337.969505593964,2253.1756801879,2260.056884765625,533669.0
2016-04-20,2264.126412639175,2278.480605874177,2221.581553578145,2248.662353515625,461629.0
2016-04-21,2278.258959435777,2278.258959435777,2203.786843972205,2209.59521484375,239972.0
2016-04-22,2197.5349385304576,2237.7491602517207,2184.2165449636063,2217.549560546875,437862.0
2016-04-25,2213.072145787346,2237.11923530192,2188.06313656375,2191.466796875,306198.0
2016-04-26,2182.736435054857,2193.613085568884,2157.505409430035,2169.30712890625,711690.0
2016-04-27,2171.5639366681835,2193.317420590155,2169.6402771489466,2182.66259765625,612714.0
2016-04-28,2184.808046052867,2184.808046052867,2136.380933627551,2145.481689453125,599466.0
2016-04-29,2110.225025636704,2156.8393933138127,2110.225025636704,2143.81689453125,327927.0
2016-05-02,2140.5611717102024,2167.974893082982,2135.3817979798287,2148.959228515625,907434.0
2016-05-03,2190.135471417875,2190.172503077936,2117.6612611188307,2134.97509765625,513082.0
2016-05-04,2136.491447507761,2157.060994368917,2130.979150724017,2141.6337890625,200370.0
2016-05-05,2159.059780811285,2182.7369271395787,2128.2425673002817,2141.116943359375,575336.0
2016-05-06,2149.440370788304,2149.440370788304,2086.807008488496,2138.563720703125,565165.0
2016-05-09,2138.341948662997,2182.7365911957927,2132.459694655854,2178.0380859375,463156.0
2016-05-10,2176.8169449669995,2196.757499140001,2168.677928517429,2188.507568359375,624326.0
2016-05-11,2167.938253044452,2204.933786372855,2160.57617804055,2191.282470703125,444072.0
2016-05-12,2196.0180132351097,2202.566295447328,2180.8498432821275,2183.4765625,321613.0
2016-05-13,2174.744988226104,2181.182173692613,2140.5611579537654,2155.0634765625,258773.0
2016-05-16,2153.139902017177,2153.139902017177,2122.470642977718,2146.184814453125,201544.0
2016-05-17,2157.3572302741086,2189.395394342751,2149.4031915822584,2169.750732421875,337208.0
2016-05-18,2154.6567229922325,2156.839423158233,2115.8114160571354,2129.795654296875,329258.0
2016-05-19,2131.571680728401,2154.8418346780286,2122.0267249024414,2139.3037109375,270747.0
2016-05-20,2143.5208374157587,2153.1396744493813,2124.542204294769,2143.298828125,210703.0
2016-05-23,2147.2209709568583,2149.218693829639,2122.8039164973216,2136.529296875,434783.0
2016-05-24,2134.420953238108,2150.9210025613124,2128.168742214302,2145.297607421875,326874.0
2016-05-25,2175.3371805342044,2175.3371805342044,2149.551223671317,2165.9033203125,207802.0
2016-05-26,2167.901066303884,2211.5928241677298,2157.5793493720644,2191.76318359375,947812.0
2016-05-27,2191.652436630474,2227.1681487974183,2191.615404968516,2221.581787109375,400079.0
2016-05-30,2227.8705436749647,2299.2719078279483,2221.951259600106,2291.872802734375,505377.0
2016-05-31,2305.5617248245385,2315.18056385622,2270.7859221715366,2292.9091796875,454647.0
2016-06-01,2311.258511069309,2317.8067915864976,2272.0432525612955,2285.65771484375,668248.0
2016-06-02,2271.5255818886685,2329.97852031512,2264.126475758738,2326.5009765625,647509.0
2016-06-03,2329.201581856108,2375.963896545374,2294.2408053349527,2327.90673828125,471630.0
2016-06-06,2303.120112575988,2333.6784621112884,2289.3208496019583,2303.527099609375,295814.0
2016-06-07,2309.261299353605,2329.3868343057097,2301.122281637204,2315.698486328125,186770.0
2016-06-08,2315.550375710546,2352.5459081551944,2300.456270730029,2345.5908203125,279323.0
2016-06-09,2341.817618558326,2343.260408450783,2274.4857375823995,2283.882568359375,231424.0
2016-06-10,2264.1266104770725,2304.118817617381,2262.6838208243366,2271.15576171875,424043.0
2016-06-13,2249.328134669754,2263.38643551144,2232.310191545608,2246.701416015625,466997.0
2016-06-14,2249.328098337224,2249.328098337224,2217.7339536107347,2224.023193359375,271185.0
2016-06-15,2231.7554488817023,2285.436001484703,2231.7554488817023,2267.086181640625,490270.0
2016-06-16,2260.427392986272,2264.089915154145,2228.9071220579326,2235.08544921875,213164.0
2016-06-17,2244.0751185706126,2260.4272175073584,2231.7556775144253,2242.225341796875,189376.0
2016-06-20,2234.529669060845,2287.8032240848124,2224.9478643898374,2253.50830078125,310714.0
2016-06-21,2253.508683943379,2274.485222057572,2245.665739838869,2258.984130859375,256751.0
2016-06-22,2263.386764523016,2278.1849780864222,2237.4898907870547,2274.929443359375,269664.0
2016-06-23,2274.4852145646614,2280.589477095617,2246.4426747096504,2266.64208984375,147872.0
2016-06-24,2219.7319102472416,2276.2610106379734,2186.103007935445,2263.20166015625,272500.0
2016-06-27,2236.750108631379,2281.4776755683465,2236.750108631379,2258.20751953125,241872.0
2016-06-28,2267.8998286659025,2274.484960099609,2229.7203732141093,2234.82568359375,258231.0
2016-06-29,2245.591971039956,2341.373376229466,2245.591971039956,2335.565185546875,482345.0
2016-06-30,2334.455202284649,2386.951828345001,2323.2824788783337,2351.62109375,779661.0
2016-07-01,2359.353024926208,2366.234230016243,2338.117625657076,2357.392333984375,220573.0
2016-07-04,2360.2779605802334,2360.2779605802334,2325.798232401805,2337.9697265625,154736.0
2016-07-05,2333.788795771417,2337.932367120284,2296.719385494602,2301.935791015625,198345.0
2016-07-07,2311.4808358615965,2320.766750507992,2290.023427334072,2295.720703125,187459.0
2016-07-08,2304.821358782284,2352.175633890492,2303.4156009968983,2343.888671875,263607.0
2016-07-11,2362.164618635953,2404.7094786427087,2360.388905431697,2400.677001953125,273846.0
2016-07-12,2382.512560850073,2409.9262896429664,2382.512560850073,2403.4150390625,152712.0
2016-07-13,2412.108593127478,2415.7711145254048,2382.512168671926,2401.67578125,255629.0
2016-07-14,2392.501331992619,2424.243429874102,2373.633608483786,2412.848876953125,340937.0
2016-07-15,2401.749751991182,2437.006419007974,2389.985245980466,2400.343994140625,449411.0
2016-07-18,2407.1510549537256,2438.005289100083,2397.3102084019024,2404.4873046875,331549.0
2016-07-19,2412.1087797917567,2416.1042251455533,2373.744339365468,2390.79931640625,215875.0
2016-07-20,2403.230011067857,2429.5709048746453,2394.3140507912,2423.392578125,179688.0
2016-07-21,2437.968632164176,2446.847560226669,2412.1087903106154,2416.770263671875,286086.0
2016-07-22,2417.177012421798,2429.533483295739,2406.300182103511,2412.737548828125,191968.0
2016-07-25,2405.671417485544,2429.829426796424,2401.305836473864,2426.94384765625,286464.0
2016-07-26,2427.1291969725603,2429.718884520332,2345.7760485645967,2375.1875,308683.0
2016-07-27,2379.478780645897,2418.620165600352,2358.0584017143246,2371.15478515625,193404.0
2016-07-28,2370.6736737180822,2389.9113502214127,2333.197272325224,2365.71630859375,815023.0
2016-07-29,2349.215781630357,2400.2696049161814,2349.141718325233,2370.044189453125,311185.0
2016-08-01,2383.030276575511,2403.599829483907,2370.858782091368,2378.849853515625,359479.0
2016-08-02,2386.137949272112,2426.463082508284,2364.458710229593,2413.36669921875,318424.0
2016-08-03,2422.9486430125576,2448.364649298906,2382.697570838562,2390.651611328125,223515.0
2016-08-04,2410.629274593928,2445.40508058101,2404.487979110307,2424.169677734375,275614.0
2016-08-05,2434.3058865612884,2564.678098825576,2427.757605460604,2548.215087890625,492860.0
2016-08-08,2567.490169338901,2631.122490538656,2520.579902478779,2558.13037109375,1381689.0
2016-08-09,2552.6550126120123,2585.728986448543,2512.921842138236,2524.427490234375,715044.0
2016-08-10,2543.813046851846,2544.4420432186485,2439.5596990094427,2454.505859375,378538.0
2016-08-11,2455.76336425823,2493.498806131436,2433.4551311724376,2445.293701171875,468412.0
2016-08-12,2452.804292043793,2489.7628002253173,2441.705630088844,2449.8076171875,346122.0
2016-08-16,2455.6153640025595,2456.3923062700537,2426.9067962598187,2435.267822265625,439664.0
2016-08-17,2446.884429952084,2537.153525946688,2441.705055591738,2485.1748046875,873225.0
2016-08-18,2489.7996389984587,2526.721112651216,2480.3657770676323,2492.352294921875,742327.0
2016-08-19,2497.198517684136,2502.2299463815502,2471.4495901733417,2484.43505859375,568356.0
2016-08-22,2488.4672464374908,2490.5020005487704,2446.884307637237,2468.711669921875,335519.0
2016-08-23,2467.6024355166574,2467.6394671838766,2438.043036173182,2447.55078125,264550.0
2016-08-24,2441.7045760494702,2461.9780508785743,2430.605918885609,2449.62158203125,362562.0
2016-08-25,2452.87794879944,2464.346564251888,2432.0863865932624,2445.10888671875,461761.0
2016-08-26,2455.023453633265,2466.1221130077374,2439.855285821486,2445.293701171875,381414.0
2016-08-29,2463.9022823570763,2529.6063793483786,2427.3507712060305,2524.574951171875,297321.0
2016-08-30,2543.738531041094,2578.588391894321,2529.828356539784,2573.0390625,284628.0
2016-08-31,2588.9103941535764,2650.877912562276,2573.4093017965074,2620.28271484375,651174.0
2016-09-01,2634.0818018342893,2659.978673481536,2609.146850119531,2624.906982421875,344769.0
2016-09-02,2663.6787571449368,2674.037507867167,2628.015094358285,2647.1787109375,313570.0
2016-09-06,2659.238968992534,2700.6739668399414,2656.427272295866,2674.481201171875,241459.0
2016-09-07,2677.329681410023,2685.135774971913,2645.328545486205,2668.746826171875,218447.0
2016-09-08,2666.6752731005886,2767.2660996034424,2664.6034869510418,2740.4443359375,528176.0
2016-09-09,2736.189677959148,2740.9620656876027,2638.9284557945407,2679.364501953125,379882.0
2016-09-12,2619.2838638515213,2630.3825242915705,2583.7681504433654,2613.95654296875,400987.0
2016-09-14,2626.682631939608,2670.929321980728,2609.22066950982,2656.427001953125,297674.0
2016-09-15,2662.9973167362004,2668.969836650383,2615.66516932304,2630.484375,203782.0
2016-09-16,2656.278003022589,2719.736021644546,2628.3937301684464,2679.197509765625,579506.0
2016-09-19,2698.0105812158777,2700.1383638999177,2651.27573195838,2660.79443359375,188824.0
2016-09-20,2655.5316836279985,2663.631986719545,2583.1522439138853,2587.892822265625,504747.0
2016-09-21,2605.511462414665,2622.6824548603777,2550.750854903893,2582.66650390625,620151.0
2016-09-22,2627.6847454628323,2670.425590922588,2613.8732932181947,2641.757568359375,449341.0
2016-09-23,2648.7371552512614,2654.037838186425,2624.175246476873,2636.978759765625,443638.0
2016-09-26,2626.4153697018805,2637.8378493492305,2576.022237963712,2587.593994140625,263475.0
2016-09-27,2612.7906753490297,2612.7906753490297,2566.0930014235346,2576.582275390625,277573.0
2016-09-28,2578.261928655057,2600.658876059039,2571.5428444338627,2576.768798828125,419623.0
2016-09-29,2604.764702275555,2612.976915438361,2543.9570330825004,2559.410888671875,422908.0
2016-09-30,2553.363401972447,2572.5874446250023,2529.436147125123,2548.548095703125,366861.0
2016-10-03,2565.495710594612,2642.8399119994065,2565.1224281211657,2628.76708984375,387724.0
2016-10-04,2683.1545994811804,2683.1545994811804,2624.4745178044864,2638.6220703125,393212.0
2016-10-05,2656.165624103348,2656.165624103348,2602.5248707706764,2606.4443359375,217243.0
2016-10-06,2619.696304803307,2629.513560596538,2580.650923026142,2593.753173828125,263421.0
2016-10-07,2596.9260859363485,2607.191353632661,2573.2600143189416,2593.7158203125,302391.0
2016-10-10,2602.525049316566,2620.4426055941326,2594.499477233906,2604.65283203125,140961.0
2016-10-13,2609.169738178342,2627.9085910954423,2588.3406492408803,2613.387939453125,562162.0
2016-10-14,2616.784508213036,2625.668556951956,2592.185050784131,2599.240234375,293741.0
2016-10-17,2599.538722832321,2605.548606131977,2531.0787647757093,2542.426513671875,438192.0
2016-10-18,2541.9790693941413,2565.0480370164864,2523.464403398441,2545.3759765625,561947.0
2016-10-19,2548.847287087835,2551.758817278645,2503.754657960736,2509.913818359375,422571.0
2016-10-20,2528.6152942119643,2542.8000271880574,2505.695788435536,2509.951171875,260349.0
2016-10-21,2519.507790836364,2519.507790836364,2496.2149975111565,2508.3466796875,208175.0
2016-10-24,2517.3417200342783,2517.3417200342783,2486.098093211614,2489.681640625,286652.0
2016-10-25,2491.287170428714,2512.19098846048,2487.6290751798865,2505.135986328125,469396.0
2016-10-26,2522.642523018968,2574.9020603410536,2515.923439648985,2552.54248046875,604984.0
2016-10-27,2571.170052553985,2575.6494428894453,2464.560526116668,2473.855224609375,843799.0
2016-10-28,2477.0272703107703,2518.909628384161,2475.6462347945853,2502.373291015625,636796.0
2016-11-01,2523.389370545015,2530.108454667768,2502.5974651028782,2516.072998046875,342276.0
2016-11-02,2499.498927935768,2508.420340762227,2478.5951137236407,2483.746337890625,273343.0
2016-11-03,2486.8076982666125,2539.067241610552,2478.894037367801,2522.26953125,544379.0
2016-11-04,2522.642749240787,2522.642749240787,2427.082443853744,2454.630615234375,379887.0
2016-11-07,2471.129716258677,2525.293033955112,2437.534297155464,2507.412841796875,359829.0
2016-11-08,2527.869166336978,2527.869166336978,2481.880688041473,2517.753173828125,185356.0
2016-11-09,2386.8056299062137,2427.791974816077,2269.5575621578173,2415.8095703125,649901.0
2016-11-10,2472.6231570502496,2472.6231570502496,2340.481158620934,2348.245361328125,533361.0
2016-11-11,2322.600826367624,2336.7481951211425,2212.81841863868,2221.254638671875,629937.0
2016-11-15,2220.2840932787103,2225.88333023217,2141.185575702863,2158.953857421875,912774.0
2016-11-16,2188.1819955448773,2250.89345498731,2159.103325506785,2172.168212890625,824067.0
2016-11-17,2179.222898114706,2190.682741999871,2127.3366386357843,2146.7099609375,547715.0
2016-11-18,2162.051968337071,2198.558919343216,2142.641280776033,2191.466552734375,522917.0
2016-11-21,2197.10330964196,2202.3666290562924,2161.3802857138094,2184.337158203125,539966.0
2016-11-22,2194.938145969132,2250.893148140351,2189.674827030066,2237.9775390625,581489.0
2016-11-23,2262.0915134822985,2262.0915134822985,2235.9617435245823,2249.773193359375,545682.0
2016-11-24,2239.620019420257,2290.983722113196,2220.097419766452,2278.478759765625,802548.0
2016-11-25,2280.7559610846592,2310.394553650952,2260.59870709144,2273.99951171875,412734.0
2016-11-28,2273.2901380828107,2330.477082771853,2273.2901380828107,2319.129150390625,318534.0
2016-11-29,2312.111845233097,2376.391165758361,2295.0901264835325,2361.57177734375,604746.0
2016-11-30,2359.8914322415217,2369.783416258352,2340.107464207861,2363.66162109375,453803.0
2016-12-01,2359.892113785932,2412.898232127849,2347.9470730328235,2381.87841796875,504138.0
2016-12-02,2351.754162964956,2396.4359628426605,2351.754162964956,2376.80126953125,309774.0
2016-12-05,2352.500885032905,2437.5345598654285,2352.500885032905,2407.186767578125,333118.0
2016-12-06,2418.1238046028825,2421.33407025038,2381.43021125576,2386.730712890625,349581.0
2016-12-07,2395.0549457780708,2426.335942405742,2391.023385929057,2410.060791015625,401164.0
2016-12-08,2425.589647112349,2484.0830868554217,2423.349952147333,2475.796142578125,379921.0
2016-12-09,2486.0609611453374,2488.3006557049275,2438.243445844721,2446.75439453125,270444.0
2016-12-12,2430.068864688508,2437.5345140423897,2387.589392771653,2398.302490234375,253384.0
2016-12-13,2389.754206648652,2418.870237282609,2389.754206648652,2396.995849609375,266234.0
2016-12-14,2400.952372798612,2407.6340912384585,2341.2271893956618,2358.84619140625,396905.0
2016-12-15,2342.198447238032,2388.8961251648275,2326.371305446211,2366.200439453125,256479.0
2016-12-16,2378.444004323345,2378.444004323345,2326.33373467856,2335.180419921875,285244.0
2016-12-19,2335.1804316801704,2351.828866500585,2303.899433215636,2319.689208984375,197038.0
2016-12-20,2326.296152451594,2326.296152451594,2273.32741097927,2283.70458984375,245871.0
2016-12-21,2288.557468753028,2317.3375837676845,2250.8933038207374,2255.9326171875,270789.0
2016-12-22,2244.920623768377,2270.229100627446,2227.451078252697,2238.798828125,210029.0
2016-12-23,2239.694513039812,2280.0463789697737,2232.266229358258,2269.6318359375,149050.0
2016-12-26,2270.37882319998,2276.948449180457,2221.217446585108,2245.368896484375,143439.0
2016-12-27,2235.961396185632,2275.0813156529184,2208.338500807045,2265.78662109375,140004.0
2016-12-28,2262.0915293063904,2277.022826529535,2236.708324027045,2240.88916015625,194508.0
2016-12-29,2241.934023055603,2280.00882664396,2220.321009236747,2266.83203125,253287.0
2016-12-30,2269.557337534361,2286.7283305486017,2259.851993656748,2272.2822265625,240182.0
2017-01-02,2271.050818677283,2291.170709759532,2234.1332144391376,2262.502685546875,213654.0
2017-01-03,2223.270397744314,2251.751777380881,2211.7360058413506,2229.653564453125,454277.0
2017-01-04,2238.9478795619457,2252.610052126004,2218.044064747763,2243.3525390625,396816.0
2017-01-05,2265.749752588459,2302.2568857274955,2249.3626894109893,2293.2607421875,383925.0
2017-01-06,2303.153010998684,2328.5362208443744,2278.516366148455,2290.12548828125,266915.0
2017-01-09,2290.461055122089,2320.2489209700466,2256.9030001713654,2263.174072265625,211629.0
2017-01-10,2280.756171514256,2294.0450655299683,2254.2157481877816,2283.742431640625,178876.0
2017-01-11,2293.4104751254285,2308.379140871971,2266.571497958377,2302.59326171875,379710.0
2017-01-12,2314.350919055013,2323.4216086213632,2291.953974677061,2301.80859375,322348.0
2017-01-13,2311.663167299429,2313.6043086806776,2255.633625030747,2274.447021484375,168219.0
2017-01-16,2274.783117210874,2312.7831954909016,2259.553267048645,2308.19189453125,297394.0
2017-01-17,2307.632205973284,2355.1509910122654,2293.260831025052,2338.7265625,224536.0
2017-01-18,2352.426123936461,2358.0627256820267,2296.508482884818,2303.936767578125,260704.0
2017-01-19,2310.46935493405,2322.5263065502104,2288.968246885669,2316.10595703125,277092.0
2017-01-20,2314.313319385315,2329.580531799489,2272.729699998992,2277.470458984375,330431.0
2017-01-23,2277.396167785342,2319.57708353026,2277.396167785342,2311.962158203125,621509.0
2017-01-24,2331.89580169734,2345.707254340656,2303.1530488990848,2339.958740234375,706800.0
2017-01-25,2347.8718625624706,2445.7092283882275,2330.0290345001017,2424.43212890625,1050202.0
2017-01-27,2423.350172128682,2439.737238656895,2389.754744603793,2400.84130859375,532124.0
2017-01-30,2400.206084739197,2400.915284920516,2356.7186805600186,2385.05078125,488948.0
2017-01-31,2381.542277457517,2403.0807499581874,2352.052960855771,2368.365478515625,273410.0
2017-02-01,2370.343249342084,2467.06075601663,2366.237142925901,2453.921142578125,628791.0
2017-02-02,2437.534166454946,2452.4654630335367,2407.671573297765,2410.47119140625,354323.0
2017-02-03,2409.9116259552934,2415.0628511337814,2389.754372578344,2399.459716796875,343388.0
2017-02-06,2429.8446307149056,2450.82317633722,2412.8976447254254,2441.60302734375,362269.0
2017-02-07,2447.7999579805214,2447.7999579805214,2409.239949200733,2433.652587890625,217985.0
2017-02-08,2418.9450239865564,2447.986325913013,2396.4733474171308,2405.8427734375,541782.0
2017-02-09,2452.465945109299,2477.9984308241924,2408.23197030025,2437.609375,585465.0
2017-02-10,2445.075084570006,2452.3167285578857,2419.617145369806,2440.222412109375,233552.0
2017-02-13,2438.2810514780285,2448.5836839235544,2400.28096960208,2408.8291015625,385934.0
2017-02-14,2411.4043757515665,2415.174564557108,2348.0582776799783,2361.34716796875,420128.0
2017-02-15,2361.347856774307,2365.080681974244,2307.296620785972,2312.74658203125,513046.0
2017-02-16,2321.8166666367133,2357.2037673629743,2276.4254876330265,2332.6044921875,403866.0
2017-02-17,2325.5501997560964,2336.748675838389,2293.671907628543,2304.795654296875,517754.0
2017-02-20,2313.455244799649,2331.7834487258724,2299.4197888558674,2315.9189453125,197887.0
2017-02-21,2328.536358386997,2341.9745290990736,2306.885972239764,2333.613037109375,414204.0
2017-02-22,2327.864020348096,2371.0900539026297,2321.816771926064,2363.773681640625,433415.0
2017-02-23,2364.371381792516,2388.8587505233704,2350.3359231801005,2371.650390625,629689.0
2017-02-27,2370.7918013215567,2397.8919640297686,2356.9429846181274,2371.015625,392987.0
2017-02-28,2373.3300893022047,2374.6739427296984,2337.5323346948494,2342.795654296875,221558.0
2017-03-01,2356.830322365812,2387.5142082680954,2351.6790982002817,2372.69482421875,452809.0
2017-03-02,2389.754498850212,2436.0041628666245,2381.54228407753,2410.88232421875,581211.0
2017-03-03,2403.938991438947,2453.212275114404,2389.754258259649,2443.39501953125,226645.0
2017-03-06,2443.5070139133973,2487.5543447477667,2443.5070139133973,2478.4462890625,391280.0
2017-03-07,2478.520736498725,2478.520736498725,2448.732869920748,2467.73291015625,225124.0
2017-03-08,2467.7708178058315,2483.784601967173,2430.255923358776,2443.283447265625,304333.0
2017-03-09,2462.0217117316347,2462.6935472207324,2434.697364061373,2455.451904296875,295827.0
2017-03-10,2459.8566855240124,2485.314622239201,2455.1534723347377,2471.913818359375,227655.0
2017-03-14,2514.9906637088184,2526.338414443096,2497.707758102792,2506.554443359375,1078387.0
2017-03-15,2489.793595621132,2547.279084935323,2489.793595621132,2539.1416015625,813831.0
2017-03-16,2562.589745014514,2572.454615220374,2535.3096217670104,2540.58349609375,745130.0
2017-03-17,2553.484021087399,2560.313547443948,2536.865581058234,2539.14208984375,299456.0
2017-03-20,2539.1426363329306,2557.278752789134,2524.3831196533297,2534.703369140625,121894.0
2017-03-21,2529.2004943139405,2549.651088321034,2525.0268961385045,2530.490478515625,149569.0
2017-03-22,2498.088995759027,2536.410227316084,2498.088995759027,2515.23876953125,406454.0
2017-03-23,2530.5664992609145,2564.10701565374,2519.373667511612,2555.304443359375,213622.0
2017-03-24,2561.034274971068,2564.866434951577,2534.285298097682,2561.261962890625,230244.0
2017-03-27,2564.1077820409564,2576.970019893877,2504.159716109842,2536.94140625,296970.0
2017-03-28,2535.2714405875054,2549.6513478028846,2513.2651934228725,2524.57177734375,338652.0
2017-03-29,2527.1903519335674,2532.8816237469546,2413.0992488761003,2446.79150390625,1247758.0
2017-03-30,2429.793307283809,2481.3941645278123,2429.793307283809,2452.292724609375,627310.0
2017-03-31,2428.276197199886,2449.523613925385,2428.276197199886,2444.9326171875,582578.0
2017-04-03,2445.577305010492,2477.638133970162,2422.053383170261,2429.9072265625,370011.0
2017-04-05,2450.244107015496,2453.3174306731253,2421.142849949723,2426.796142578125,427222.0
2017-04-06,2419.9287367971,2443.186993135032,2409.305029580054,2433.056640625,441769.0
2017-04-07,2425.468099027956,2454.000228001175,2425.468099027956,2439.885986328125,332878.0
2017-04-10,2455.5940367235007,2455.5940367235007,2416.893389049552,2427.820556640625,291127.0
2017-04-11,2422.204976726892,2446.487733385808,2418.4487748587617,2429.945068359375,169115.0
2017-04-12,2435.864295475328,2453.127819687809,2428.579393570675,2448.802490234375,289874.0
2017-04-13,2449.52311404869,2462.7647679317533,2436.6228993836253,2446.8671875,229218.0
2017-04-17,2430.55247190742,2462.423593924314,2430.55247190742,2458.7431640625,206525.0
2017-04-18,2465.4585903447064,2473.084930516047,2440.6067070471413,2448.195068359375,427228.0
2017-04-19,2457.111666896584,2457.111666896584,2412.3403301619023,2428.086181640625,235606.0
2017-04-20,2421.446209904458,2441.9347864219826,2413.0990120639854,2427.0615234375,158153.0
2017-04-21,2441.934669211628,2441.934669211628,2422.2049298084257,2430.703857421875,132297.0
2017-04-24,2441.176156715673,2441.934992947167,2418.031651655111,2431.61474609375,109307.0
2017-04-25,2453.317052416296,2513.985960102597,2429.869091594174,2508.10498046875,601198.0
2017-04-26,2519.33613028438,2525.4068197549445,2482.1531572771705,2514.062255859375,294063.0
2017-04-27,2518.9570471751013,2552.725261845772,2482.191466232284,2504.766845703125,823678.0
2017-04-28,2517.8185499492165,2534.512946603491,2495.0534636024786,2518.27392578125,259906.0
2017-05-02,2517.5153363402983,2571.468485112987,2508.029882766046,2544.340087890625,248508.0
2017-05-03,2555.760584994632,2568.16763224839,2542.101531986941,2562.210693359375,228007.0
2017-05-04,2561.072050695031,2583.002341705518,2547.488957479402,2576.741943359375,200910.0
2017-05-05,2571.8852282035687,2589.793834103479,2542.214662862143,2562.248046875,190683.0
2017-05-08,2562.248481594136,2589.149188602536,2555.7224159820075,2580.99169921875,99666.0
2017-05-09,2595.1816104657787,2611.9139843442367,2486.212852317248,2490.765869140625,501840.0
2017-05-10,2483.0638110680925,2530.642804416241,2477.6002274047723,2522.2578125,424465.0
2017-05-11,2561.07195138232,2643.747111101064,2500.478811997857,2626.93896484375,987725.0
2017-05-12,2639.990953733301,2696.7519345453325,2628.5324538157984,2687.418212890625,607136.0
2017-05-15,2687.039182298174,2699.939398649224,2659.4176166869106,2667.65087890625,215587.0
2017-05-16,2678.312436265022,2755.941418559082,2649.1731995463288,2746.53173828125,372398.0
2017-05-17,2743.1930104780354,2795.514732228378,2728.054264526704,2766.678955078125,338342.0
2017-05-18,2731.8105432617344,2761.4051574804034,2714.3952881009927,2725.77783203125,294013.0
2017-05-19,2729.534181807444,2774.3055236830733,2681.537785644164,2710.297607421875,270446.0
2017-05-22,2729.344529031556,2765.958381405441,2694.589788585758,2703.31640625,255829.0
2017-05-23,2727.1810575973705,2746.227918314701,2693.86822603404,2720.427490234375,199447.0
2017-05-24,2720.428042296904,2741.1443096297085,2676.56726860704,2707.224365234375,256025.0
2017-05-25,2707.2243017478395,2766.1478629371804,2676.529226974076,2751.426513671875,253648.0
2017-05-26,2751.615891758276,2777.4163213659003,2736.059750377208,2745.772705078125,193039.0
2017-05-29,2748.4286798366816,2791.340902768301,2724.6392768067235,2781.74169921875,211133.0
2017-05-30,2777.340188038568,2844.117766330206,2777.340188038568,2838.312744140625,347224.0
2017-05-31,2834.2528170410933,2854.741391622113,2823.7808418693617,2842.1826171875,424001.0
2017-06-01,2839.565569185372,2894.9606217109013,2814.3722398838504,2833.001708984375,451621.0
2017-06-02,2852.3137145590044,2927.2108148827137,2845.6359185509205,2921.329833984375,570351.0
2017-06-05,2921.5189087312765,2944.701388033622,2899.702371425816,2910.098388671875,181146.0
2017-06-06,2916.966322091901,2916.966322091901,2872.232965625377,2883.53955078125,119591.0
2017-06-07,2886.4998696260272,2926.1110920411643,2886.4998696260272,2916.39794921875,426059.0
2017-06-08,2919.243076897669,2928.3491119698742,2867.073084296496,2871.77783203125,256253.0
2017-06-09,2880.7696708965154,2883.95674562706,2849.885077098641,2868.4765625,302560.0
2017-06-12,2866.1244444599733,2875.9893154628803,2853.489895319043,2863.27880859375,182605.0
2017-06-13,2868.400463493088,2872.4603107409507,2839.7544006632297,2847.532470703125,212476.0
2017-06-14,2856.259669409996,2889.6484646953418,2846.4327769410656,2875.2685546875,374661.0
2017-06-15,2872.953650505682,2898.754079485395,2853.2239106976663,2866.6552734375,163019.0
2017-06-16,2882.059872542664,2882.059872542664,2851.554694514587,2871.0947265625,229485.0
2017-06-19,2875.988944570514,2909.377734428325,2875.988944570514,2902.8896484375,176591.0
2017-06-20,2905.5835373732552,2919.1666299746103,2869.1594031883724,2881.30078125,235259.0
2017-06-21,2887.37204939125,2891.014500592837,2850.189071619852,2860.24365234375,253054.0
2017-06-22,2860.812288008067,2874.699026617788,2821.0113689582195,2830.989990234375,272211.0
2017-06-23,2826.6646516722176,2830.4968112726683,2769.751940564723,2777.416259765625,371113.0
2017-06-27,2789.481652685114,2816.5720658504297,2759.5835828522863,2804.05126953125,365879.0
2017-06-28,2793.27590687542,2825.602401418681,2782.690179488708,2798.92919921875,496312.0
2017-06-29,2807.694027855424,2834.974153046496,2794.034975828019,2820.10107421875,384888.0
2017-06-30,2822.8934576369343,2841.827499121084,2803.7681632085,2831.576416015625,205581.0
2017-07-03,2821.363375454664,2895.760769235295,2808.664105509893,2888.760986328125,249649.0
2017-07-04,2910.143094072294,2910.143094072294,2825.685681642863,2833.1064453125,474327.0
2017-07-05,2830.925838932932,2844.084003019095,2828.0953329539425,2838.002197265625,142509.0
2017-07-06,2842.821633462332,2864.968683797415,2836.663252208495,2849.936279296875,161483.0
2017-07-07,2845.843399068358,2847.9088932135965,2809.887850746796,2816.505126953125,182590.0
2017-07-10,2830.5434252294963,2861.143894691437,2825.3030201259617,2854.2587890625,39171.0
2017-07-11,2857.319201731879,2874.379002994572,2857.319201731879,2867.493896484375,227102.0
2017-07-12,2875.640886231126,2889.411097759488,2836.395746021207,2844.887451171875,232681.0
2017-07-13,2855.177024732589,2882.5644847389244,2854.335623808344,2869.52099609375,384727.0
2017-07-14,2880.268942198495,2903.984304006769,2859.6136270751595,2874.9521484375,187230.0
2017-07-17,2874.9526051483745,2895.569635609256,2859.652369293108,2879.772216796875,131553.0
2017-07-18,2872.619060937828,2906.279577231108,2872.619060937828,2894.76611328125,224796.0
2017-07-19,2897.099079470069,2903.219172587513,2874.6842010733462,2884.591064453125,464119.0
2017-07-20,2885.6628403796844,2897.826453472061,2843.166396904764,2853.41748046875,374090.0
2017-07-21,2852.76653813398,2861.908389380029,2811.4176238897635,2816.772705078125,427736.0
2017-07-24,2824.423291159462,2849.898218978233,2816.811461843172,2824.65283203125,236050.0
2017-07-25,2849.668941815077,2868.794236726588,2830.5436469035667,2837.467041015625,433381.0
2017-07-26,2842.0185808786227,2865.3131507352355,2820.5982524090127,2843.892822265625,366612.0
2017-07-27,2851.733990491215,2875.6788933311386,2816.7729942126234,2833.259033203125,452512.0
2017-07-28,2824.078640708055,2824.078640708055,2761.6919066808905,2777.2216796875,276500.0
2017-07-31,2776.91650716011,2809.8120175103504,2757.8677863399053,2796.692138671875,504658.0
2017-08-01,2811.418416160454,2859.346331594433,2806.101621407794,2851.849365234375,685598.0
2017-08-02,2868.794240294823,2936.727325259096,2863.7450877237206,2909.033935546875,828588.0
2017-08-03,2916.22467895383,2941.470065733861,2885.62421012955,2936.3828125,424548.0
2017-08-04,2934.5851662982955,3032.5066734114816,2919.590860813408,3026.807373046875,789172.0
2017-08-07,3021.7958341494104,3074.505058928055,3004.850901838231,3023.861328125,644961.0
2017-08-08,3027.1514616433947,3062.724507629348,2980.5240333449274,2993.796875,253242.0
2017-08-09,2995.0211200892136,3017.971473499859,2952.6012542226285,2971.114501953125,343296.0
2017-08-10,2964.420555265113,3017.971378198934,2953.748678620248,2975.551513671875,303409.0
2017-08-11,2966.945047023988,2966.945047023988,2904.5200147856904,2938.33349609375,302935.0
2017-08-14,2945.295391920954,3040.921865684621,2944.9128860259,3027.18994140625,263329.0
2017-08-16,3033.3484280261146,3093.707785634084,3009.0210149096174,3076.9541015625,475186.0
2017-08-17,3079.172092556583,3089.3467855208564,3041.3805892840624,3058.402099609375,351635.0
2017-08-18,3047.041808324713,3060.6207669231976,3035.9491379203173,3049.872314453125,209351.0
2017-08-21,3050.86693944264,3089.3470688363404,3021.834780118734,3038.6650390625,246195.0
2017-08-22,3057.751796824869,3058.593384411829,2969.125115746376,2974.40380859375,290303.0
2017-08-23,3004.2014689118555,3021.796741075077,2957.229817062572,2975.054443359375,407757.0
2017-08-24,2989.6660727870017,3002.6712732059827,2960.5956247916315,2970.27294921875,222636.0
2017-08-28,2972.070398793652,3055.418384592351,2936.4590674720384,3028.834228515625,435266.0
2017-08-29,3014.146306300241,3044.7467764149646,3000.1465538686657,3018.5068359375,397802.0
2017-08-30,3021.796095904944,3071.521854445152,3021.681418862637,3050.943115234375,261951.0
2017-08-31,3051.6319374991217,3076.112314034587,3035.566690397722,3056.298583984375,469468.0
2017-09-01,3064.636924877864,3130.3896443119065,3056.2217960277244,3097.494140625,388220.0
2017-09-04,3124.3078350188807,3124.3078350188807,3030.555612262843,3043.905029296875,226397.0
2017-09-05,3055.456982346944,3065.78464115057,3029.44658239707,3037.44091796875,250627.0
2017-09-06,3024.0908206978897,3056.14473166826,3014.14567001004,3022.29296875,218970.0
2017-09-07,3024.09131229834,3069.6095093845406,3024.09131229834,3046.965087890625,256960.0
2017-09-08,3058.0574354555383,3061.5765636851834,3019.309670845701,3026.42431640625,145201.0
2017-09-11,3059.2815128016464,3060.0082364971154,3011.5448617286625,3017.58837890625,217005.0
2017-09-12,3028.222604473124,3037.364644809108,2991.1578204836583,2998.004638671875,219890.0
2017-09-13,2994.1030603887925,3037.096683899987,2966.715602056461,2978.611572265625,262986.0
2017-09-14,2987.3709626214663,3000.376162714825,2971.6499333898164,2976.85205078125,190185.0
2017-09-15,2972.070443424177,2991.195735852905,2960.5952679669413,2974.365478515625,389738.0
2017-09-18,2979.720416978031,3030.5171165156485,2979.720416978031,3021.719482421875,573380.0
2017-09-19,3037.096266890688,3043.1016830837666,3011.6979173277014,3017.397216796875,154125.0
2017-09-20,3014.031855174921,3028.1462857192546,2941.4704102680566,2949.923828125,515833.0
2017-09-21,2949.9624067549894,2984.7321596012325,2915.9957669722385,2980.792236328125,490206.0
2017-09-22,2968.206999613307,2968.206999613307,2891.782408283761,2900.27392578125,719999.0
2017-09-25,2926.7052700517206,2926.7052700517206,2846.6085811373114,2873.345703125,275648.0
2017-09-26,2907.8099908189847,2911.13786701627,2862.788969528399,2897.673583984375,548321.0
2017-09-27,2922.345049559749,2926.0935326376507,2837.1228105189907,2851.5048828125,266924.0
2017-09-28,2868.028946465704,2890.979298131207,2811.035573163038,2861.18212890625,789127.0
2017-09-29,2856.553930883603,2921.8477597430724,2844.504995583277,2887.5751953125,547536.0
2017-10-03,2937.645073891625,2941.4701325815886,2902.3015689504555,2911.825927734375,294342.0
2017-10-04,2960.595773521592,2960.595773521592,2887.613719859245,2903.143310546875,388211.0
2017-10-05,2903.9843963749818,2904.7494080705496,2868.793858378868,2872.963134765625,260215.0
2017-10-06,2873.0018254767742,2889.449579237325,2821.440104675137,2833.5654296875,373696.0
2017-10-09,2832.877179899976,2842.019034190181,2807.5935008016054,2812.489501953125,423770.0
2017-10-10,2822.893112489218,2846.455509698228,2800.860738647411,2826.909423828125,367529.0
2017-10-11,2831.3847502166286,2864.8157226487474,2813.4069760753064,2822.548828125,298989.0
2017-10-12,2828.248206793293,2876.9411259618832,2826.679895480882,2869.558837890625,343176.0
2017-10-13,2874.149486758865,2899.394877512936,2863.5922859985235,2879.389892578125,213882.0
2017-10-16,2905.2846848137287,2911.366490033105,2881.6458997080663,2889.18115234375,261710.0
2017-10-17,2895.5696336373267,2928.8476465998697,2875.5263620346686,2898.66796875,447594.0
2017-10-18,2917.678252415278,2917.678252415278,2849.6687822268227,2871.089111328125,236096.0
2017-10-19,2868.794171080643,2875.985207094637,2845.843817711998,2857.778076171875,24217.0
2017-10-23,2901.6510684636887,2917.754601982361,2884.0940874340586,2900.3505859375,510178.0
2017-10-24,2900.92455356278,2912.552694798921,2862.826931090698,2872.925048828125,138844.0
2017-10-25,2895.493090118364,2895.493090118364,2843.5488635526112,2883.82666015625,464158.0
2017-10-26,2880.804648120207,2897.787871253552,2853.685019515758,2869.4443359375,357840.0
2017-10-27,2879.5038596095787,2918.519453881653,2869.252778175673,2896.831298828125,328558.0
2017-10-30,2917.716284937144,2938.7923942583834,2908.306603837287,2932.289794921875,244919.0
2017-10-31,2950.650163705301,2960.633603868918,2923.645213004365,2945.218505859375,307237.0
2017-11-01,2964.4204847616907,2970.4640027837368,2909.9516863699646,2921.84765625,338059.0
2017-11-02,2878.968773592037,2910.6401855259683,2840.4886449795395,2857.96923828125,518139.0
2017-11-03,2861.06748504838,2863.400808334517,2811.6478360581445,2822.166748046875,364403.0
2017-11-06,2811.7999605216046,2842.0179168379163,2801.357627540709,2822.012939453125,290004.0
2017-11-07,2826.909781119624,2852.805504590649,2811.4182925687346,2816.390869140625,303030.0
2017-11-08,2829.013059944541,2844.810475687388,2762.0745410843065,2771.29296875,367993.0
2017-11-09,2775.462404345598,2799.8662024871014,2746.3919601986486,2752.32080078125,241249.0
2017-11-10,2757.867271775486,2780.817623551704,2724.0155029055654,2757.94384765625,307029.0
2017-11-13,2783.877300765791,2783.877300765791,2730.326487065982,2738.6650390625,230714.0
2017-11-14,2738.6653331055945,2801.778798885264,2738.6653331055945,2796.270751953125,430968.0
2017-11-15,2792.6751842939875,2837.7342982873392,2784.642561520371,2808.969970703125,413595.0
2017-11-16,2809.1233705265586,2822.0902833713835,2773.3590683555026,2797.648193359375,252451.0
2017-11-17,2825.6469505162463,2828.247915275741,2771.2545504696704,2777.871826171875,338039.0
2017-11-20,2778.8288553878947,2822.128599032166,2767.812759907394,2798.872314453125,350045.0
2017-11-21,2803.844286728748,2823.2755080248685,2803.691134981667,2814.28662109375,202939.0
2017-11-22,2819.1445709018294,2838.1932867163646,2788.62049330319,2800.937255859375,293485.0
2017-11-23,2819.067840399681,2829.280820309838,2788.849881187798,2813.215576171875,219012.0
2017-11-24,2822.434644684967,2823.008403572468,2792.293252503122,2794.779541015625,388730.0
2017-11-27,2793.172573173857,2807.5931193533734,2777.795949078358,2802.238037109375,172252.0
2017-11-28,2815.24316833594,2815.24316833594,2796.1944509540176,2810.34716796875,155386.0
2017-11-29,2817.538325563786,2826.71846672772,2791.527925599309,2797.112548828125,172201.0
2017-11-30,2791.5276721830924,2813.713011315268,2770.107344745129,2779.78466796875,456685.0
2017-12-01,2786.1725367423487,2815.242980563384,2713.878933029512,2757.140380859375,222230.0
2017-12-04,2780.8179975451712,2780.8179975451712,2749.2995475543235,2755.113525390625,131129.0
2017-12-05,2751.747319120236,2751.747319120236,2687.524618792884,2693.26220703125,242868.0
2017-12-06,2689.7814874609808,2691.3880869483646,2657.153808915407,2681.825439453125,291780.0
2017-12-07,2692.8411186399244,2729.5616793486506,2691.272807338903,2716.633056640625,301458.0
2017-12-08,2700.490915801851,2728.796344664363,2682.1689255543874,2692.49658203125,177525.0
2017-12-11,2711.201629025731,2711.201629025731,2677.770653064802,2688.901611328125,226419.0
2017-12-12,2690.5458414694035,2695.9009227575143,2626.0936131089265,2632.9404296875,427882.0
2017-12-13,2627.815649104064,2670.1208408673137,2608.6903532590554,2615.919677734375,348709.0
2017-12-14,2640.820197069184,2655.661348265749,2613.432742839353,2647.361083984375,314655.0
2017-12-15,2654.591035529814,2686.6832442680766,2650.8425522915745,2679.83642578125,372029.0
2017-12-18,2667.595355959072,2718.583302608717,2624.486879097686,2704.583740234375,412556.0
2017-12-19,2723.4416980841324,2838.690637931119,2708.141463825233,2831.308349609375,876214.0
2017-12-20,2856.0946623135187,2902.377871074919,2827.5215868181235,2868.181884765625,664592.0
2017-12-21,2895.1872136112947,2924.066409624989,2885.12738295312,2911.5966796875,612505.0
2017-12-22,2917.755323952681,2929.230502206297,2887.154848609706,2901.537109375,438144.0
2017-12-26,2901.5365601266453,2944.3772174972587,2866.651950130968,2917.601806640625,320480.0
2017-12-27,2916.9894305768657,2933.36060522992,2874.187065979528,2896.831298828125,189623.0
2017-12-28,2878.050941268986,2894.42211893166,2832.3031986916585,2843.281005859375,605738.0
2017-12-29,2853.493759728957,2914.580021223825,2845.881930351329,2895.68408203125,274559.0
2018-01-01,2914.694855158601,2914.694855158601,2861.144031048076,2868.105712890625,201102.0
2018-01-02,2892.509221111967,2895.0720850004427,2845.269748907877,2864.089111328125,258156.0
2018-01-03,2851.963206488607,2879.8095536463734,2851.963206488607,2872.771484375,274963.0
2018-01-04,2872.6192546896955,2876.40602567401,2847.029647817589,2860.302490234375,196775.0
2018-01-05,2875.449379248481,2875.449379248481,2850.586499518898,2864.700927734375,234199.0
2018-01-08,2886.3888052037946,2900.924025797188,2865.19802095593,2896.90771484375,249549.0
2018-01-09,2907.0444252011703,2910.7165186713005,2863.170930023185,2868.373046875,290158.0
2018-01-10,2861.1440721760955,2870.7450074194403,2849.668895416031,2858.7724609375,250123.0
2018-01-11,2861.679668354212,2863.5921978979527,2830.696689745613,2834.865966796875,366134.0
2018-01-12,2851.122523634993,2851.122523634993,2792.752270235733,2820.866455078125,363795.0
2018-01-15,2821.1338249057385,2830.543506890844,2764.4846668259006,2776.07470703125,229198.0
2018-01-16,2782.8834330100644,2803.0032810331445,2737.3269422210583,2743.408935546875,271813.0
2018-01-17,2743.3320286399185,2746.506752570576,2697.660866298021,2728.68212890625,501484.0
2018-01-18,2743.33241063102,2786.9380847542684,2735.720580309213,2748.955322265625,345926.0
2018-01-19,2721.911562706752,2769.342286958528,2717.551033476401,2746.20068359375,295410.0
2018-01-22,2748.4955028001345,2770.7955168559024,2745.703285090175,2756.298583984375,320126.0
2018-01-23,2780.0524783972537,2780.817490086411,2760.353427401456,2776.992431640625,285236.0
2018-01-24,2776.763118761702,2792.292894680728,2754.0423070823617,2788.850341796875,312383.0
2018-01-25,2799.8667669651245,2799.8667669651245,2724.2071704687737,2732.01025390625,487836.0
2018-01-29,2742.3372487970296,2798.603893509168,2734.572455188622,2785.981201171875,403110.0
2018-01-30,2797.9537789579954,2827.483305941425,2792.216191080679,2821.24853515625,540432.0
2018-01-31,2832.837874207706,2867.186819362338,2816.772631064752,2824.001953125,558327.0
2018-02-01,2826.83300765334,2864.203905216707,2824.805801285441,2855.75048828125,346581.0
2018-02-02,2853.2644362951005,2870.6684545205662,2763.758056849849,2771.98193359375,469510.0
2018-02-05,2752.5120536212426,2801.9318833777565,2715.8297805331,2781.888427734375,319150.0
2018-02-06,2698.426169819566,2727.1141124293395,2639.290720099193,2709.55712890625,442426.0
2018-02-07,2768.5012561197564,2769.342843846792,2710.0544266097404,2728.338134765625,336709.0
2018-02-08,2731.0914562298085,2766.243702465014,2719.616282043969,2740.424560546875,325607.0
2018-02-09,2705.693215695773,2735.9494635235665,2700.5676750429334,2712.807861328125,604849.0
2018-02-12,2728.03154773629,2766.817601091748,2712.348808889236,2763.1455078125,385092.0
2018-02-14,2769.648185844637,2772.402302575233,2725.468761734891,2751.020263671875,315246.0
2018-02-15,2769.6270644236392,2777.396004295796,2734.666834998937,2740.29931640625,221710.0
2018-02-16,2757.196629137725,2757.818182232132,2707.4754163271264,2714.622802734375,219454.0
2018-02-19,2720.682488198555,2734.1616734817912,2674.068853335073,2692.481201171875,246616.0
2018-02-20,2692.7142220367205,2733.112704306169,2675.0398860438363,2701.609619140625,340087.0
2018-02-21,2732.9574007525243,2732.9574007525243,2688.052895375278,2711.9423828125,266352.0
2018-02-22,2706.698778700743,2718.5852951982024,2687.0433219659108,2704.5234375,434663.0
2018-02-23,2706.2325343110188,2725.344202936771,2684.1688201672023,2715.011474609375,142023.0
2018-02-26,2733.889410859156,2757.9342371664584,2719.439109630577,2748.533935546875,361326.0
2018-02-27,2775.9200569623818,2792.11818323282,2754.0892594603047,2785.553466796875,320893.0
2018-02-28,2738.551136998074,2806.91780368058,2738.551136998074,2794.25439453125,362559.0
2018-03-01,2777.3955595604443,2794.448341914944,2769.7430791431843,2778.87158203125,200696.0
2018-03-05,2779.7264770990264,2782.756287552638,2746.3200381623974,2762.984375,242671.0
2018-03-06,2774.3665715337465,2792.9342644889057,2753.8564536745707,2767.218994140625,380991.0
2018-03-07,2757.973588110357,2765.7425277951747,2730.782299213494,2761.391845703125,234750.0
2018-03-08,2766.519943165679,2797.595707761755,2754.5945426333687,2786.486083984375,145720.0
2018-03-09,2801.4017476484905,2844.558243414754,2782.057164650854,2786.213623046875,272293.0
2018-03-12,2797.129062514938,2888.491872155823,2796.701922554982,2870.23486328125,192336.0
2018-03-13,2870.58435406407,2897.6203023196067,2852.7546752778594,2875.43994140625,233650.0
2018-03-14,2858.969577463353,2864.5631756589,2813.909730862028,2827.388916015625,192489.0
2018-03-15,2829.369850356166,2866.7385232349006,2821.678676528228,2828.515380859375,198082.0
2018-03-16,2847.315962339239,2847.315962339239,2742.9401976466124,2754.943359375,462796.0
2018-03-19,2754.8662338164727,2757.19691590938,2711.9817212412568,2731.015625,252482.0
2018-03-20,2717.6526570869214,2747.873754257853,2717.6526570869214,2729.849853515625,212901.0
2018-03-21,2742.3966512345983,2742.3966512345983,2684.5958195338694,2690.849853515625,667122.0
2018-03-22,2698.308298368632,2707.359227591809,2672.515454590007,2682.0712890625,482411.0
2018-03-23,2668.7088341931203,2668.7088341931203,2611.179791701787,2652.1220703125,423299.0
2018-03-26,2652.31617813648,2720.449745598385,2614.636818253756,2704.911865234375,359650.0
2018-03-27,2707.553095585896,2709.806012101263,2669.4075279759004,2691.704345703125,325438.0
2018-03-28,2684.1685570888194,2780.503405447434,2663.2313033838627,2752.3798828125,786796.0
2018-04-02,2753.3119975229706,2839.2752321865687,2728.6067334258223,2832.55517578125,244943.0
2018-04-03,2831.739501953125,2850.423838968125,2813.13293019994,2831.739501953125,318581.0
2018-04-04,2838.382045718939,2870.623144637055,2817.794356048335,2848.986572265625,526063.0
2018-04-05,2874.5075842616484,2949.0894026641126,2874.468701630289,2938.329345703125,440824.0
2018-04-06,2937.43591296399,2942.835287776371,2913.352201432151,2936.231689453125,213101.0
2018-04-09,2939.766951776972,2957.713279386027,2932.93024651298,2951.187255859375,265991.0
2018-04-10,2963.85071211019,2963.85071211019,2885.38441540688,2888.72509765625,321682.0
2018-04-11,2899.368366594243,2917.236928339063,2859.7467731600777,2905.07861328125,291118.0
2018-04-12,2908.691502210578,2941.709501367616,2894.746291089123,2912.925537109375,115113.0
2018-04-13,2920.9659696257463,2928.8902501401258,2872.953884620208,2894.629150390625,164961.0
2018-04-16,2892.376548992913,2959.96633136261,2882.432267215735,2954.64453125,164316.0
2018-04-17,2971.619589975893,2971.619589975893,2923.5686195609296,2928.113525390625,223874.0
2018-04-18,2925.0446278857376,2939.766730422261,2899.057562983696,2903.874267578125,204458.0
2018-04-19,2925.005864528314,2928.8903344679266,2881.4998012046526,2892.842529296875,234124.0
2018-04-20,2893.9301664001,2913.585622645766,2866.738876246005,2907.68115234375,399283.0
2018-04-23,2902.7861589126405,2902.7861589126405,2867.7872420604685,2888.646728515625,236404.0
2018-04-24,2905.5832884821507,2908.690864191757,2879.402001062989,2887.636962890625,333702.0
2018-04-25,2902.476006576008,2915.683204678736,2875.2069510953493,2887.870361328125,219848.0
2018-04-26,2879.9456439670007,2932.4248640566466,2842.6936199567845,2922.558349609375,341735.0
2018-04-27,2927.4145853230843,2934.289983955867,2878.004047205298,2884.99609375,571451.0
2018-04-30,2898.5916266028994,2913.352613176326,2887.7539928161623,2899.562744140625,216291.0
2018-05-02,2914.1294455667235,2931.998007882915,2827.894210040756,2846.617431640625,715845.0
2018-05-03,2847.3161545541816,2861.261362179049,2825.873806962391,2840.013427734375,393371.0
2018-05-04,2839.547302675537,2851.084253357965,2830.5352572554066,2843.237548828125,279580.0
2018-05-07,2845.7235929478334,2858.1927785023745,2814.4924947864847,2834.14794921875,198507.0
2018-05-08,2843.353794631123,2854.308074050048,2828.010140721899,2841.333984375,360338.0
2018-05-09,2843.431981006415,2862.854330603453,2824.009631409376,2839.081298828125,259686.0
2018-05-10,2845.76237215763,2847.5881487017336,2816.279286416396,2832.55517578125,352223.0
2018-05-11,2839.5473702506592,2839.5473702506592,2789.826157748322,2811.035400390625,246696.0
2018-05-14,2816.240617871244,2839.586319410217,2815.6190647661274,2834.34228515625,223997.0
2018-05-15,2835.662732472428,2842.926766299498,2820.940631014823,2835.35205078125,341729.0
2018-05-16,2827.1174400051127,2827.1174400051127,2720.3722737036524,2777.78466796875,395161.0
2018-05-17,2796.818091248996,2800.66367819019,2746.3199868236666,2761.50830078125,350935.0
2018-05-18,2757.973633183078,2777.3959827125364,2746.592212227368,2766.558349609375,424207.0
2018-05-21,2780.192505866394,2780.192505866394,2689.4123804127485,2713.612548828125,258835.0
2018-05-22,2693.5688140369743,2732.296859675105,2680.2838529840765,2719.05078125,323714.0
2018-05-23,2714.85548587942,2715.0885919624266,2681.8374981415814,2705.88232421875,155958.0
2018-05-24,2715.2444617314336,2726.820106171836,2677.137774055261,2711.2822265625,324856.0
2018-05-25,2703.5911831898825,2777.3961149148936,2689.490632628871,2760.18798828125,177764.0
2018-05-28,2773.511606581339,2804.587366879169,2748.1460931067904,2796.6630859375,191457.0
2018-05-29,2803.1501817524163,2815.4640282744385,2769.7826203449777,2804.898193359375,309517.0
2018-05-30,2792.856374343177,2814.259843583845,2741.192919465689,2797.945068359375,237040.0
2018-05-31,2804.587101435202,2807.8111353924032,2742.513351983896,2754.01123046875,707484.0
2018-06-01,2768.461511681728,2825.5632153743354,2761.2363602190017,2817.25048828125,300310.0
2018-06-04,2851.084565514267,2851.084565514267,2791.263726596404,2807.38427734375,230153.0
2018-06-05,2796.8963364068613,2811.579558036753,2769.860385618291,2804.898193359375,225466.0
2018-06-06,2816.2016320871544,2827.8939237446034,2795.2643784706274,2824.164794921875,211568.0
2018-06-07,2837.2170603048403,2849.2200353995063,2818.804709320932,2836.82861328125,222475.0
2018-06-08,2841.100939691089,2843.431621347931,2803.3438209816954,2824.125732421875,175173.0
2018-06-11,2826.26288628312,2832.4780388978734,2796.8186766392846,2806.37451171875,249101.0
2018-06-12,2816.0851590900115,2883.9856127924777,2797.8281517110777,2865.068359375,257348.0
2018-06-13,2878.158870480831,2881.4217870139487,2858.192734650355,2872.021484375,209724.0
2018-06-14,2866.777799888984,2879.2856797359564,2848.94812016717,2871.089599609375,155159.0
2018-06-15,2871.3999310613544,2882.548434692545,2837.2165985487195,2869.613037109375,306688.0
2018-06-18,2870.623183420959,2876.449888123437,2836.43984916642,2848.209716796875,361312.0
2018-06-19,2841.877765066773,2843.431552800544,2812.3557981251283,2837.799072265625,242770.0
2018-06-20,2839.547636304334,2866.73892693926,2828.748885320734,2840.169189453125,433541.0
2018-06-21,2834.109075225361,2855.784340145954,2815.463620783089,2824.164794921875,280729.0
2018-06-22,2823.2327721674915,2831.157052966321,2798.1390582450445,2826.068359375,193715.0
2018-06-25,2823.232276126896,2835.6236952108484,2777.822868122911,2786.601806640625,351955.0
2018-06-26,2773.5115933682405,2779.726745398197,2747.097197240924,2771.064453125,252375.0
2018-06-27,2773.511486064249,2784.8153313156777,2742.4357271167505,2748.65087890625,320678.0
2018-06-28,2748.6509296341324,2758.711668844785,2700.4835023765527,2731.59814453125,532529.0
2018-06-29,2735.055029655337,2746.281108800604,2685.217360842051,2698.541015625,398443.0
2018-07-02,2703.5912390726803,2740.6101639345284,2643.2266105483536,2653.40380859375,236235.0
2018-07-03,2684.1689874655613,2707.436926716402,2666.727753686788,2678.458740234375,289618.0
2018-07-04,2688.053084421142,2702.852952198834,2653.442420790057,2687.120849609375,266759.0
2018-07-05,2704.290056866789,2733.0351328273764,2687.159697119268,2723.595947265625,273797.0
2018-07-06,2726.3537911524163,2851.200602487844,2708.252125414884,2825.640869140625,1032128.0
2018-07-09,2843.392914557711,2845.684713727728,2794.603937589708,2805.75244140625,314206.0
2018-07-10,2831.6233978216096,2831.6233978216096,2777.240815734221,2783.999755859375,470962.0
2018-07-11,2792.9169773292488,2800.4985561145813,2768.679172884776,2778.57861328125,377121.0
2018-07-12,2804.033663822308,2804.8193274994787,2737.252251262797,2748.91943359375,456469.0
2018-07-13,2765.5366650357187,2768.443582826816,2705.826214313357,2715.175537109375,310931.0
2018-07-16,2722.324969129679,2723.110632901434,2684.102503358796,2691.68408203125,183060.0
2018-07-17,2683.0420081283164,2761.2942031577163,2670.1178763491653,2740.866943359375,318577.0
2018-07-18,2749.823029985677,2761.6079858284725,2728.7672038507285,2754.65478515625,211820.0
2018-07-19,2754.576482411339,2756.108488391029,2702.683352356083,2711.404296875,147907.0
2018-07-20,2712.111071243777,2741.180627917016,2609.9747910405063,2653.14697265625,560441.0
2018-07-23,2657.900694008946,2660.886254877271,2425.34420408088,2486.9794921875,1902639.0
2018-07-24,2493.5398521707534,2518.406035168196,2383.507596616301,2442.03955078125,1620867.0
2018-07-25,2472.5229253338666,2486.468455669814,2405.427131897688,2443.453369140625,964916.0
2018-07-26,2421.415575560892,2506.22793544039,2410.4556050722827,2464.4306640625,1770364.0
2018-07-27,2474.8410146502665,2544.293619098327,2460.738387548322,2517.2275390625,820125.0
2018-07-30,2532.1943569171026,2536.1226758077587,2494.4824955668014,2521.94140625,317977.0
2018-07-31,2525.9091273224003,2594.261878201731,2507.092517597994,2588.330078125,753969.0
2018-08-01,2589.5479361542925,2618.892556391217,2559.0248201939967,2577.29150390625,463790.0
2018-08-02,2589.547630911314,2589.547630911314,2528.4622764503447,2564.170654296875,352679.0
2018-08-03,2569.120477130786,2578.9019525115027,2536.908263197342,2553.83935546875,311563.0
2018-08-06,2576.191275521621,2599.761186551096,2554.232013441645,2590.411865234375,338084.0
2018-08-07,2595.833005813623,2616.220941573673,2567.5884326267765,2590.922607421875,248242.0
2018-08-08,2591.119106478109,2610.289225689477,2582.5161265822794,2591.944091796875,234708.0
2018-08-09,2597.40462262684,2626.9847891087225,2562.8354140982306,2578.0380859375,440547.0
2018-08-10,2592.611686052177,2624.116878595014,2563.1101662113347,2607.93212890625,356538.0
2018-08-13,2592.690408030413,2629.616604750846,2574.737914389226,2599.1328125,293422.0
2018-08-14,2606.046722879265,2618.617343188601,2556.2357166284974,2566.2529296875,249075.0
2018-08-16,2562.834959400506,2596.186344712623,2541.7006828428657,2579.058837890625,274268.0
2018-08-17,2604.475633037136,2608.1682147275174,2542.054679229251,2547.35791015625,284947.0
2018-08-20,2566.449501915684,2611.546528296667,2553.6824648865563,2595.833251953125,301515.0
2018-08-21,2600.546867639161,2631.8947727929817,2590.372561005898,2605.85009765625,317643.0
2018-08-23,2617.045932552896,2620.149265980737,2565.192125423358,2580.708984375,182542.0
2018-08-24,2574.933941480965,2583.222731259837,2515.773622736196,2523.787353515625,320734.0
2018-08-27,2537.694090187573,2545.5507282376893,2522.0594571928223,2532.78369140625,250565.0
2018-08-28,2536.122589368572,2549.321778753796,2505.245965577898,2539.8544921875,363420.0
2018-08-29,2526.6947053202216,2572.931095293985,2514.9097486722726,2550.34326171875,294701.0
2018-08-30,2535.336869309371,2557.3354538586937,2522.01990738218,2532.744140625,381370.0
2018-08-31,2520.409142405233,2561.2636546886097,2514.9488180683056,2556.392578125,401621.0
2018-09-03,2576.977300406781,2589.351505431601,2541.6224289072984,2547.4755859375,292015.0
2018-09-04,2559.456499736152,2560.4779008697715,2498.410470931535,2501.6708984375,178340.0
2018-09-05,2497.6254334400483,2517.227708561144,2462.6240697992425,2471.22705078125,355010.0
2018-09-06,2475.901109558148,2498.410295400234,2448.5992989401734,2486.507568359375,303246.0
2018-09-07,2498.410794793994,2628.0453171653803,2484.151074058119,2615.749755859375,666688.0
2018-09-10,2618.6173718529835,2620.0709265671394,2559.8496829010546,2575.6416015625,302172.0
2018-09-11,2587.976366463349,2587.976366463349,2490.554062443478,2501.71044921875,479594.0
2018-09-12,2513.338200377815,2516.0093802584342,2441.6463870660064,2485.6435546875,424166.0
2018-09-14,2503.910557104767,2514.595661622853,2475.7444328516385,2503.635498046875,329042.0
2018-09-17,2498.410448491626,2498.410448491626,2443.6104079940505,2457.477294921875,260149.0
2018-09-18,2466.983959118362,2477.354681348349,2439.0928984340617,2444.55322265625,337805.0
2018-09-19,2459.1269991846625,2498.410178085376,2437.167740541643,2477.943603515625,299509.0
2018-09-21,2490.436218484161,2505.2851860607325,2372.704433368377,2494.639404296875,579823.0
2018-09-24,2494.717825242048,2500.7673969822235,2419.883362608508,2443.571044921875,615568.0
2018-09-25,2452.8031169977235,2455.199430003898,2421.4158858470446,2445.457275390625,463611.0
2018-09-26,2466.984646558992,2466.984646558992,2425.108722317008,2435.597412109375,357504.0
2018-09-27,2446.5573583006467,2459.835001342928,2415.916466530022,2426.208740234375,932370.0
2018-09-28,2429.272725365955,2435.479393314444,2261.0228816067524,2304.548583984375,832489.0
2018-10-01,2286.2817432084066,2345.756456722505,2239.1419134515327,2335.778564453125,663628.0
2018-10-03,2348.349361840624,2353.063345169845,2278.425275790501,2289.03173828125,503936.0
2018-10-04,2263.575768711469,2268.2111078286143,2131.6233965016327,2171.181640625,1172793.0
2018-10-05,2166.8608063058696,2184.106088718728,2115.006994407325,2153.30810546875,811688.0
2018-10-08,2140.933666966547,2266.639863926051,2129.188032550631,2257.251220703125,762339.0
2018-10-09,2275.7536610901134,2303.48743760222,2254.9727017620808,2271.943115234375,699147.0
2018-10-10,2292.567070237352,2352.002462622531,2284.6317887798805,2294.217041015625,1165353.0
2018-10-11,2260.354362846542,2305.844212297736,2236.312977987024,2255.640380859375,635575.0
2018-10-12,2272.5322127360428,2309.6941434623704,2258.783098225108,2273.67138671875,384692.0
2018-10-15,2279.9963716784164,2289.8171692821315,2252.4981383880154,2263.69384765625,209679.0
2018-10-16,2255.640782885938,2287.3030725721146,2255.640782885938,2274.65380859375,609045.0
2018-10-17,2290.209560663407,2353.06265323736,2173.3420916587133,2205.7900390625,1625059.0
2018-10-19,2202.136583868671,2202.9615690696514,2101.72892211868,2131.30908203125,782281.0
2018-10-22,2160.575655485572,2173.1462774811243,2114.5749972581034,2146.276611328125,312603.0
2018-10-23,2134.648420203812,2156.5683622214515,2116.578153856853,2140.344482421875,463980.0
2018-10-24,2174.0104744962387,2174.0104744962387,2089.983573895234,2122.588623046875,516142.0
2018-10-25,2112.414507004757,2133.0775061078184,2080.4380243732976,2117.44287109375,700158.0
2018-10-26,2124.435126648819,2166.075312193341,2099.2938825464657,2125.495849609375,657518.0
2018-10-29,2151.1473274555274,2175.502903478581,2127.5774151751525,2160.45751953125,453890.0
2018-10-30,2167.646226236576,2207.675754828332,2148.790296758621,2179.3525390625,403508.0
2018-10-31,2187.6806955199245,2215.571758436411,2131.387964978244,2170.2783203125,762180.0
2018-11-01,2182.574308983011,2203.7872342323058,2159.790055937472,2193.77001953125,172451.0
2018-11-02,2239.102333613717,2309.733618806149,2230.1458437180386,2275.753662109375,548045.0
2018-11-05,2277.639525404624,2278.975115601354,2211.643761301834,2237.41357421875,248031.0
2018-11-06,2250.141008059149,2328.66806248839,2221.70001831698,2243.89501953125,248605.0
2018-11-07,2276.067775086188,2276.067775086188,2239.141580599114,2269.428955078125,37641.0
2018-11-09,2276.8532617136843,2329.885558182171,2261.375726143883,2322.9716796875,275743.0
2018-11-12,2324.6609764575364,2338.52786320834,2215.6501446012767,2230.774169921875,280472.0
2018-11-13,2221.856573632897,2277.206533718946,2206.1433022493543,2262.475341796875,269648.0
2018-11-14,2277.560762941106,2299.952181731159,2217.928955941001,2237.217041015625,263733.0
2018-11-15,2256.426669750156,2305.8448512171185,2244.0131420485063,2295.82763671875,341266.0
2018-11-16,2301.994534757914,2333.4210813075106,2298.26263235515,2327.05712890625,383335.0
2018-11-19,2336.0143042958694,2356.127183258068,2328.0005715916946,2341.788818359375,291764.0
2018-11-20,2348.270519296155,2353.0238237786,2310.637298972252,2325.6435546875,161818.0
2018-11-21,2319.751039810497,2326.743370987521,2272.296830646494,2287.892333984375,288328.0
2018-11-22,2279.210008297141,2321.4001034905245,2256.543537659956,2292.369873046875,346980.0
2018-11-26,2292.567021046255,2439.2504175121862,2288.049454092514,2416.701904296875,645146.0
2018-11-27,2410.691380398732,2415.9159674733355,2317.7080013158825,2324.111083984375,798702.0
2018-11-28,2335.7784548811765,2368.77633416305,2333.4214635039,2356.323486328125,650210.0
2018-11-29,2377.3791762456804,2390.617687104117,2354.359190102159,2370.1904296875,502846.0
2018-11-30,2376.633097996108,2405.5455654515777,2372.7047788258665,2400.360107421875,418913.0
2018-12-03,2396.274881680257,2409.906226994477,2356.245344560257,2388.339599609375,627118.0
2018-12-04,2388.417802606235,2428.683069837672,2384.489483851948,2411.31982421875,427274.0
2018-12-05,2404.0523602423564,2421.3762837759696,2379.303952855033,2398.238525390625,211238.0
2018-12-06,2379.146742344828,2399.181166394771,2360.9587046872025,2378.007568359375,713055.0
2018-12-07,2404.1313245361084,2417.48760967242,2376.711733540076,2409.473876953125,365305.0
2018-12-10,2376.6326448511613,2404.1308737998525,2360.919371166195,2393.5244140625,682813.0
2018-12-11,2364.84794276498,2406.095290603904,2342.849357250888,2387.47509765625,443657.0
2018-12-12,2400.202777613368,2572.459556334066,2388.8892962376467,2560.203125,2188953.0
2018-12-13,2537.6939807904205,2624.1169956161007,2522.020026918616,2607.02880859375,1278210.0
2018-12-14,2594.2621123112463,2632.6025477303083,2566.48881763647,2604.20068359375,920809.0
2018-12-17,2605.2610452436898,2608.403700304297,2565.427930712977,2581.769775390625,707590.0
2018-12-18,2573.0881804701635,2612.056988558996,2545.5506268389386,2591.158447265625,910514.0
2018-12-19,2596.618540387391,2616.3387760726414,2576.9769477974714,2596.775634765625,947007.0
2018-12-20,2589.5085852374423,2655.543666550698,2567.902830553968,2640.89111328125,388448.0
2018-12-21,2640.890660405535,2646.9009107709194,2601.725249634283,2611.663818359375,525895.0
2018-12-24,2592.6905524417684,2593.476216245539,2474.840981876234,2489.297119140625,655657.0
2018-12-26,2482.697354120553,2523.55186754279,2463.880746397221,2494.639404296875,506895.0
2018-12-27,2520.9590218740327,2521.980423024658,2447.067314107975,2458.1845703125,357087.0
2018-12-28,2465.452187368326,2482.697468446471,2444.0035284714745,2453.313720703125,260717.0
2018-12-31,2469.3414464229986,2481.951389403718,2425.344271431052,2438.89697265625,279055.0
2019-01-01,2426.915246845398,2463.055778200169,2414.580364723756,2457.241943359375,344239.0
2019-01-02,2447.342361192528,2449.14942601753,2375.6898719977867,2393.563720703125,597712.0
2019-01-03,2382.1325639135584,2418.273097534938,2361.941043274537,2368.501220703125,368413.0
2019-01-04,2380.561207605608,2392.3461640789023,2335.0320307929323,2347.445556640625,405667.0
2019-01-07,2372.704825936262,2375.061817485205,2319.279684160213,2323.954345703125,361881.0
2019-01-08,2336.563899819083,2352.6700060552266,2302.191112119996,2333.656982421875,354130.0
2019-01-09,2345.285140557935,2345.285140557935,2283.924719628285,2307.84814453125,388001.0
2019-01-10,2303.566158388101,2317.66878460374,2288.2850365252666,2293.745361328125,452293.0
2019-01-11,2296.49520796394,2310.597834323638,2266.639984596636,2277.835693359375,258996.0
2019-01-14,2279.2106152718434,2286.5173267546456,2243.895066886153,2252.498046875,267722.0
2019-01-15,2262.475598567411,2292.841614049812,2252.772767474327,2287.027587890625,371767.0
2019-01-16,2285.496264030128,2290.170925829537,2255.0911097429257,2262.59423828125,261721.0
2019-01-17,2261.5334224855224,2307.416115214472,2250.14129650809,2281.253662109375,515341.0
2019-01-18,2291.309760017691,2301.9555425469143,2249.3553910966475,2277.44287109375,389524.0
2019-01-21,2279.2099143679543,2286.163113375624,2184.144626660777,2195.34033203125,628463.0
2019-01-22,2195.9301179954005,2227.356667090147,2154.682772308546,2219.42138671875,842837.0
2019-01-23,2224.9997300957866,2240.2808516027776,2188.1521771097828,2196.676513671875,326454.0
2019-01-24,2195.9301598726497,2221.857063370252,2184.184525286981,2192.158935546875,240737.0
2019-01-25,2164.503485163209,2191.01963493608,2084.13005060029,2097.83984375,775065.0
2019-01-28,2105.578553882584,2109.506872080126,2032.315419498423,2041.6256103515625,576248.0
2019-01-29,2043.551012500535,2087.3910940597766,2022.5345043372192,2068.888671875,666747.0
2019-01-30,2063.939030390505,2082.0092997848647,2036.1266055259152,2051.368408203125,696557.0
2019-01-31,2052.232428116004,2069.9883143843185,2012.084932396316,2053.685791015625,1901346.0
2019-02-01,2065.8636264507168,2230.774572032888,2062.367460927064,2205.5546875,3296513.0
2019-02-04,2199.8586870825134,2235.174237285865,2135.5913485045403,2184.26318359375,991486.0
2019-02-05,2203.0012108033734,2257.487069971009,2199.858555723768,2242.716552734375,767865.0
2019-02-06,2254.855017320544,2272.139620240771,2239.14174193852,2262.7509765625,445829.0
2019-02-07,2266.639578649864,2317.039823925034,2266.639578649864,2309.104736328125,546196.0
2019-02-08,2290.2091143282714,2325.5639720108693,2288.362728368784,2308.947265625,544587.0
2019-02-11,2333.888097307072,2334.6486735448284,2245.4565959732167,2313.111328125,478111.0
2019-02-12,2319.3561789567407,2319.3561789567407,2229.803662820049,2241.453125,627923.0
2019-02-14,2205.944455311316,2315.192792473586,2181.845077355013,2222.758056640625,661406.0
2019-02-15,2230.1243215600684,2230.1243215600684,2144.1348253486144,2158.90673828125,700634.0
2019-02-18,2153.7422634520703,2165.6718357193727,2130.083085367236,2148.578125,433854.0
2019-02-19,2151.340392673032,2172.317323540957,2104.8226826223663,2111.18798828125,684524.0
2019-02-20,2118.5536999891915,2131.123828683302,2086.968190086768,2100.69921875,605830.0
2019-02-21,2107.304702289399,2127.320894370416,2066.871994285746,2114.710693359375,736959.0
2019-02-22,2124.038353399257,2160.067502414085,2097.697120418896,2145.615966796875,720407.0
2019-02-25,2153.741778873848,2180.6436131104674,2153.741778873848,2171.75634765625,443819.0
2019-02-26,2166.9935153540564,2172.157654982605,2092.893516448408,2152.982177734375,751767.0
2019-02-27,2157.7458124763416,2196.1769067245286,2130.523787383876,2144.5751953125,581837.0
2019-02-28,2161.828758658427,2167.8336159242785,2097.6968048708845,2104.18212890625,870312.0
2019-03-01,2121.6363318223503,2154.2228506606243,2113.750069000349,2142.213134765625,918224.0
2019-03-05,2137.6896603395053,2259.4282034501493,2123.358142198303,2238.3310546875,1107587.0
2019-03-06,2237.810236931634,2253.8231903264937,2195.375910435256,2214.471435546875,631138.0
2019-03-07,2217.7939063661133,2224.9997349427545,2178.5621730044027,2185.84814453125,394045.0
2019-03-08,2186.569284315684,2208.547028764013,2161.709129411224,2194.055419921875,674840.0
2019-03-11,2197.7778714528376,2264.551809468292,2197.7778714528376,2253.623046875,857601.0
2019-03-12,2273.83908303372,2281.365091951297,2233.886847755978,2248.57861328125,840207.0
2019-03-13,2253.022621704583,2264.231689474257,2234.287543763521,2244.73583984375,380361.0
2019-03-14,2252.221829669745,2256.2250679023614,2197.057285012544,2203.14208984375,497697.0
2019-03-15,2218.594837677745,2218.594837677745,2175.440003649893,2190.4521484375,916870.0
2019-03-18,2197.778004790808,2212.309682809094,2131.324243625913,2137.3291015625,830642.0
2019-03-19,2128.9226762418266,2128.9226762418266,2082.485100001877,2092.93359375,978189.0
2019-03-20,2092.9328118454737,2117.712814952786,2076.119212936586,2089.009521484375,877100.0
2019-03-22,2101.2597923416547,2112.068536163935,2076.920180737512,2084.326171875,566228.0
2019-03-25,2076.88040957465,2088.7300362022065,2031.283556099284,2062.228515625,854446.0
2019-03-26,2070.475059571186,2085.447133243485,2039.089707197723,2061.2275390625,555742.0
2019-03-27,2076.7202533661234,2076.8803438281866,2029.642124751139,2036.2073974609373,760530.0
2019-03-28,2041.6521619313264,2048.057345184444,2013.6294851989355,2022.2364501953125,1147361.0
2019-04-01,2060.0666678053854,2076.3998037730667,2037.6485307286068,2048.457275390625,832495.0
2019-04-02,2041.9722947005728,2080.883860232945,2037.648874295054,2057.625,1063757.0
2019-04-03,2071.23619414458,2076.88080133796,2055.263306489801,2066.031982421875,1427316.0
2019-04-04,2081.6438915690846,2120.6754658762184,2077.680724656639,2111.468017578125,2007440.0
2019-04-05,2123.317858536801,2132.925631652352,2085.767556798446,2096.416015625,722753.0
2019-04-08,2104.1023392613142,2116.872632096872,2066.471894076656,2071.15576171875,723035.0
2019-04-09,2073.6779072569875,2107.265045077693,2056.7042121295576,2100.61962890625,769508.0
2019-04-10,2096.896205788798,2096.896205788798,2071.11539042458,2077.2001953125,672025.0
2019-04-11,2081.6841506927,2091.291923695897,2073.3973682891856,2082.56494140625,608414.0
2019-04-12,2079.281692735524,2117.5526848187674,2074.5978263676548,2113.62939453125,925046.0
2019-04-15,2124.1187076520146,2170.4761391407387,2118.554244289237,2162.3095703125,958245.0
2019-04-16,2180.764164572344,2201.701023659381,2173.758497224016,2193.494384765625,741047.0
2019-04-18,2196.096626316325,2209.707638010728,2187.8100394200587,2195.015869140625,563893.0
2019-04-22,2195.016291629495,2201.7416558082405,2149.739613743116,2153.342529296875,453998.0
2019-04-23,2152.9418912839656,2183.6468119901656,2093.693955264994,2112.14892578125,395502.0
2019-04-24,2121.71692118274,2131.004514950528,2067.392883333243,2091.212158203125,940782.0
2019-04-25,2096.0959122882573,2112.1088680735,2079.802651588512,2091.4921875,690718.0
2019-04-26,2089.6903604955714,2095.094732117543,2060.626811789958,2084.886474609375,727578.0
2019-04-30,2060.066960728532,2060.8676085951183,1983.2047655361723,2011.107421875,1634120.0
2019-05-02,2009.625965495008,2057.184366330812,1995.614629082194,2043.012939453125,937946.0
2019-05-03,2041.6522774626808,2071.2762516846883,2031.5640350798828,2053.982177734375,674666.0
2019-05-06,2033.6450388471287,2052.059934868186,2021.715467004344,2026.679443359375,463670.0
2019-05-07,2055.98332248616,2056.063465451111,2018.8333442893208,2023.5172119140625,347427.0
2019-05-08,2022.275764911214,2034.325550491022,1986.887179774947,2001.3787841796875,406025.0
2019-05-09,2000.818530665467,2045.654800260212,1994.0931684145048,2031.8436279296875,585480.0
2019-05-10,2029.6420145627496,2049.658208000252,2001.659415231249,2007.464111328125,332771.0
2019-05-13,2007.4641227434204,2031.6436454592904,2001.619355132306,2010.226318359375,313902.0
2019-05-14,2008.0247696094607,2029.4821706754965,1981.603391061968,2009.4259033203125,396304.0
2019-05-15,2021.635754490909,2032.5246430795992,1988.008545901357,1996.335205078125,438740.0
2019-05-16,1997.61625231797,2050.459006888305,1992.0117177423283,2017.8726806640625,283127.0
2019-05-17,2020.0340130506847,2111.30784479376,2019.073274968565,2099.738525390625,962165.0
2019-05-20,2153.74242765463,2195.376110271002,2108.5459016777154,2172.517578125,722330.0
2019-05-21,2181.764908340225,2183.326132208032,2120.1150375357493,2127.48095703125,445944.0
2019-05-22,2127.64138052953,2173.5185384558013,2112.108891434309,2161.46875,463923.0
2019-05-23,2193.7748812534173,2241.93376624304,2168.074009748285,2196.5771484375,1177415.0
2019-05-24,2204.183446290831,2277.843045658341,2201.7815028331947,2264.59228515625,756746.0
2019-05-27,2273.839570045264,2281.8460474045783,2242.093965503838,2258.787353515625,422121.0
2019-05-28,2264.231749084929,2264.231749084929,2189.771511226054,2196.2568359375,842709.0
2019-05-29,2208.146261698411,2208.146261698411,2163.990619700035,2182.165283203125,528550.0
2019-05-30,2185.767835856788,2196.936830209629,2162.7091470657183,2173.918212890625,406544.0
2019-05-31,2191.933207225159,2212.309652449557,2133.726157519413,2145.93603515625,683661.0
2019-06-03,2171.3564868299445,2289.171713596351,2171.3564868299445,2274.03955078125,1911409.0
2019-06-04,2268.23542262617,2269.8367183710525,2197.7784098513366,2203.943359375,1051402.0
2019-06-06,2213.7910125609314,2238.6110926294264,2174.639416060497,2232.806396484375,1231094.0
2019-06-07,2233.806873175274,2251.4211209207424,2187.2891679864983,2212.029296875,841021.0
2019-06-10,2237.009567466416,2237.009567466416,2175.519787935134,2197.77783203125,493407.0
2019-06-11,2209.78763550788,2236.2090094106907,2198.018153499844,2222.718017578125,465376.0
2019-06-12,2215.3919729323893,2217.7137728509406,2177.801606125111,2184.206787109375,521559.0
2019-06-13,2185.76807950116,2219.395280724254,2150.019240198664,2165.83203125,480205.0
2019-06-14,2161.7491725065643,2177.3618054191115,2129.803401812233,2137.969970703125,320455.0
2019-06-17,2133.726279662867,2149.0986775554275,2110.507494630888,2120.3154296875,484673.0
2019-06-18,2121.7565206075533,2148.137823777108,2109.706733377815,2135.968017578125,469539.0
2019-06-19,2145.7360716229546,2145.7360716229546,2059.706505905187,2086.608154296875,552137.0
2019-06-20,2089.6905814946767,2137.489212023244,2081.684104170942,2134.28662109375,692167.0
2019-06-21,2129.682944140362,2160.9482778811216,2075.999473393055,2086.488037109375,903440.0
2019-06-24,2086.487348394454,2086.487348394454,2034.205028467584,2070.674560546875,725058.0
2019-06-25,2058.46503697177,2084.4860846970064,2041.651436903156,2069.393798828125,412936.0
2019-06-26,2063.2689988280567,2084.8464139514017,2047.8966030065808,2060.546875,470716.0
2019-06-27,2069.6742314183366,2095.935514145158,2058.5052354918475,2080.40283203125,1174382.0
2019-06-28,2080.5236444142165,2082.1650117071194,2059.3064750155204,2066.87255859375,265726.0
2019-07-01,2078.4817392329924,2113.3099193780754,2073.6778523164294,2094.89501953125,728762.0
2019-07-02,2078.8816261821253,2096.736107896646,2058.505182554764,2079.322021484375,532893.0
2019-07-03,2082.484769870924,2092.7331000278537,2067.592643732034,2071.676025390625,419366.0
2019-07-04,2073.877932657223,2096.095908771976,2069.6745317706486,2086.608154296875,446710.0
2019-07-05,2096.095836393229,2097.6971319137747,2001.6194006810824,2011.4674072265625,501715.0
2019-07-08,2000.818554062562,2000.818554062562,1889.5285264456368,1905.6614990234373,1256185.0
2019-07-09,1905.541443571164,1968.392285302397,1900.417376701069,1956.863037109375,763513.0
2019-07-10,1961.5867029825845,1968.792531687419,1915.1491402180989,1921.5543212890625,458641.0
2019-07-11,1943.9726530963112,2017.632242917094,1909.7449632611103,2007.8643798828125,1163266.0
2019-07-12,2003.2204441216008,2069.193733077885,1979.5211952115303,2057.50439453125,1397898.0
2019-07-15,2043.252761190086,2065.590751981936,2012.9882415422856,2038.088623046875,769562.0
2019-07-16,2039.2647302377416,2083.414974765762,2016.6827334647528,2063.06298828125,632082.0
2019-07-17,2044.1297154161848,2072.9957279076,2031.1968438771653,2045.7108154296875,497857.0
2019-07-18,2043.2378042550613,2071.6983976292627,2000.0605284531991,2010.4393310546875,977841.0
2019-07-19,2010.925282080928,2033.061270189902,1928.949217729376,1935.80078125,1059276.0
2019-07-22,1935.801200023038,1989.8032751835729,1914.1112091464445,1949.0179443359373,1136002.0
2019-07-23,1958.6267743096687,2010.885430688752,1947.3965486683103,2002.20947265625,812373.0
2019-07-24,1988.627103186631,2021.141691654699,1943.0173205819103,1948.774169921875,619043.0
2019-07-25,1958.9913363581604,1984.938241475487,1929.8822313633304,1935.071533203125,812832.0
2019-07-26,1944.2340894061003,2017.007050441562,1918.8547330408949,2000.5875244140625,1085566.0
2019-07-29,1970.424050583099,1987.370541911864,1890.110240213476,1949.70703125,936006.0
2019-07-30,1952.5044981947235,1966.0049173063,1820.58074964026,1831.527099609375,1582385.0
2019-07-31,1840.6088811601696,1921.6118095658703,1804.6076236374604,1910.42236328125,2930738.0
2019-08-01,1893.3132200308385,1930.611895885836,1866.068890657432,1920.5169677734373,968967.0
2019-08-02,1894.9350479910984,1970.3432463065333,1855.649848783121,1947.59912109375,2090929.0
2019-08-05,1937.86880940761,1974.397224759365,1902.232398063848,1945.40966796875,1093274.0
2019-08-06,1945.4097678105056,2014.128524847889,1929.841664215112,2001.60107421875,1169931.0
2019-08-07,2006.8310734469333,2050.454350110062,2001.641771268968,2031.3590087890625,1079213.0
2019-08-08,2027.5071156348688,2131.700142773073,2023.0474919052176,2098.37451171875,1692331.0
2019-08-09,2119.4163113627333,2142.160237511572,2108.186087061445,2126.227294921875,1091395.0
2019-08-13,2120.835182168722,2149.579447669724,2065.0898796261995,2081.26611328125,1179168.0
2019-08-14,2099.22625602228,2146.8631531687406,2091.969270431804,2135.876220703125,998006.0
2019-08-16,2077.0092313308623,2173.0532817476114,2065.252040067676,2164.134033203125,1373556.0
2019-08-19,2166.566591060232,2189.2295515507817,2121.3216353826324,2133.7275390625,1215957.0
2019-08-20,2152.782189245136,2171.269397919752,2133.8085948964726,2164.336669921875,1017915.0
2019-08-21,2159.9173478376606,2207.108233743207,2159.714637676589,2200.82421875,1398096.0
2019-08-22,2199.810639836685,2200.82419062909,2113.0506920067824,2129.47021484375,1102826.0
2019-08-23,2128.457241037042,2164.94507945482,2118.402893634486,2140.781982421875,1202938.0
2019-08-26,2185.2159239864645,2185.2159239864645,2073.6037686852605,2100.847900390625,1195915.0
2019-08-27,2138.9981737427406,2138.9981737427406,2093.104502203552,2119.90283203125,5531848.0
2019-08-28,2106.3616239262947,2129.267875827331,2071.698180784018,2082.64453125,631760.0
2019-08-29,2079.725665939929,2090.1856319266813,2054.103213252269,2065.81982421875,547796.0
2019-08-30,2075.630974839604,2091.15849752784,2043.764890675124,2085.523193359375,544092.0
2019-09-03,2085.3610410306446,2124.362365677121,2066.7926674866617,2073.684814453125,867231.0
2019-09-04,2077.4553671527688,2099.4696164763186,2051.6300075655904,2080.69873046875,532877.0
2019-09-05,2087.874728667085,2119.5381052947946,2081.5501300770425,2112.97021484375,577091.0
2019-09-06,2118.240619438782,2164.945132951298,2100.159026321191,2156.796142578125,1021359.0
2019-09-09,2138.957499782595,2187.40523873808,2125.213787486641,2182.459228515625,619224.0
2019-09-11,2178.72930883474,2246.0290976822585,2173.0534230283224,2238.042236328125,1063773.0
2019-09-12,2227.379522224613,2242.7854963499385,2205.486822151783,2222.311767578125,701793.0
2019-09-13,2223.324962538317,2258.191108923856,2203.8647878115044,2251.380126953125,855456.0
2019-09-16,2233.8664574401982,2265.4892493967022,2207.432967544165,2220.609130859375,858330.0
2019-09-17,2225.676665811948,2239.542121635719,2071.698088623918,2083.00927734375,1327205.0
2019-09-18,2100.077491734512,2121.970191455297,2040.886118415354,2088.806884765625,1207661.0
2019-09-19,2076.5631361298624,2104.131721303004,2038.0076193326504,2053.25146484375,706524.0
2019-09-20,2055.481132036856,2445.9415026473634,2053.73790375153,2321.355712890625,4283092.0
2019-09-23,2331.167351993403,2451.090629804451,2246.596615075336,2286.85498046875,1380382.0
2019-09-24,2306.8418813485137,2307.0851731598204,2209.257120119051,2234.636474609375,1064290.0
2019-09-25,2229.812028194913,2229.812028194913,2145.97117511845,2192.716064453125,1063692.0
2019-09-26,2185.215895189632,2250.0831573844994,2176.985940482327,2238.001708984375,1046239.0
2019-09-27,2235.001416817887,2252.880495368811,2194.9459620070425,2212.906005859375,679062.0
2019-09-30,2216.838674655121,2236.906983798396,2163.4853121692454,2193.12158203125,837786.0
2019-10-01,2202.0003520266578,2220.8118192601514,2138.1872197584303,2179.823974609375,865901.0
2019-10-03,2197.378263983434,2216.838440491036,2152.782026153512,2162.876953125,937439.0
2019-10-04,2174.5132470934363,2201.433126395268,2156.026034285457,2163.56689453125,689443.0
2019-10-07,2147.917213046203,2176.296640172144,2113.29435154439,2168.188232421875,581314.0
2019-10-09,2173.0531568182664,2181.161564119828,2094.401605993128,2111.713134765625,1065595.0
2019-10-10,2111.7136257341867,2136.565820707883,2092.9019580535664,2109.6865234375,654085.0
2019-10-11,2120.2269190839565,2136.565280278897,2082.157789214127,2106.442626953125,594047.0
2019-10-14,2100.0776483602053,2131.254437177424,2085.3609671895374,2115.645751953125,708591.0
2019-10-15,2124.524405159695,2189.229539440995,2116.294450369706,2169.566650390625,1011239.0
2019-10-16,2183.107605558169,2183.107605558169,2101.942563420488,2110.091552734375,926034.0
2019-10-17,2115.483604589866,2143.863032018247,2093.5909034308293,2131.862548828125,1107128.0
2019-10-18,2131.700361300275,2158.498688051095,2112.9294768612344,2145.606201171875,1179162.0
2019-10-22,2156.836593136185,2200.175995613194,2141.5927460439875,2168.71533203125,799030.0
2019-10-23,2164.98557012188,2220.08216422586,2135.754718981342,2199.72998046875,1119172.0
2019-10-24,2213.595443408638,2229.609549638425,2148.728177667725,2186.02685546875,1427292.0
2019-10-25,2193.32470413148,2195.757226908705,2132.5116347008475,2154.850341796875,799469.0
2019-10-27,2158.458256058876,2182.742898949745,2148.728166249444,2164.052978515625,69656.0
2019-10-29,2176.7019811669534,2205.4868276305133,2161.498717189721,2190.52685546875,1088620.0
2019-10-30,2203.054227593447,2203.054227593447,2170.620598920743,2176.701904296875,739316.0
2019-10-31,2185.216085041326,2202.243742846843,2180.7158787437443,2192.67578125,673886.0
2019-11-01,2195.7569208276045,2237.1098022759825,2165.836974022157,2195.067626953125,1427332.0
2019-11-04,2199.0006117599773,2201.3925529220774,2138.9983826780312,2143.4580078125,760461.0
2019-11-05,2156.0260676228304,2172.242886484228,2139.0389894573595,2160.89111328125,508321.0
2019-11-06,2156.8365680320408,2186.756514923699,2141.4305925460976,2171.715576171875,601239.0
2019-11-07,2164.9447482585765,2167.782690812473,2143.052048557085,2157.525634765625,440308.0
2019-11-08,2157.4848609613537,2182.7830498822764,2141.1463029380484,2146.254638671875,444717.0
2019-11-11,2136.565517875536,2154.3634339259647,2096.550445026908,2103.321044921875,570373.0
2019-11-13,2096.023861583936,2130.646730653459,2088.239709258583,2099.348388671875,692298.0
2019-11-14,2104.131678812232,2114.79415514933,2089.536545780008,2101.415283203125,461170.0
2019-11-15,2108.18617009379,2120.308200979992,2051.630021876851,2062.13037109375,682624.0
2019-11-18,2064.400686976572,2069.6711522025525,2024.466777379715,2029.453369140625,808951.0
2019-11-19,2043.3186295532432,2043.3186295532432,1997.1818714267567,2001.9251708984373,1011599.0
2019-11-20,2009.263679583144,2014.9395656836607,1975.4516548333297,2003.182373046875,918063.0
2019-11-21,2008.452525890577,2027.0206997722687,1975.654057338577,1981.248779296875,677663.0
2019-11-22,1986.519915453723,1993.371482474311,1967.1003126351768,1979.74951171875,471953.0
2019-11-25,1993.046441968,2026.2909106908185,1968.4779291493053,2010.0740966796875,1144301.0
2019-11-26,2018.182601345367,2039.0617503950427,2003.992888398985,2022.723388671875,1342442.0
2019-11-27,2023.777163683264,2054.6702726170056,2020.2501255187835,2045.9537353515625,1008253.0
2019-11-28,2040.8860737985133,2043.318595936533,1994.66815317614,1999.7764892578125,544359.0
2019-11-29,2008.2499628554729,2013.9258484878487,1965.4781104114927,1973.2216796875,757233.0
2019-12-02,1971.153958816972,1984.12741144596,1946.017894348306,1951.6531982421875,671750.0
2019-12-03,1947.6397120583745,1974.316296707637,1946.0180303664024,1964.1807861328125,506622.0
2019-12-04,1962.2345293521296,1993.6546070432016,1955.747803635263,1977.6405029296875,457308.0
2019-12-05,1982.5054742160985,2006.8306947586275,1938.7200772395463,1943.2608642578125,948025.0
2019-12-06,1954.937360647759,1959.478148757041,1906.2869078734475,1915.3682861328125,750661.0
2019-12-09,1927.1253071047645,1941.9637334700883,1913.260048075539,1931.2200927734373,428294.0
2019-12-10,1946.017636802575,1950.963844146442,1882.772063606492,1889.2587890625,805888.0
2019-12-11,1894.9347716185327,1900.5700750574024,1834.932558054232,1861.93359375,1264067.0
2019-12-12,1874.664010813921,1900.935174688365,1870.893680114256,1892.5430908203125,871422.0
2019-12-13,1903.8541705170123,1912.773419186385,1881.312757015308,1895.8673095703125,924706.0
2019-12-16,1897.57030110854,1903.81373606794,1868.2988672106155,1871.7855224609373,593867.0
2019-12-17,1879.528653781481,1887.8397705637333,1862.500999886136,1868.9471435546875,810022.0
2019-12-18,1877.0560577991464,1881.1508438398616,1856.8661990467865,1874.62353515625,952321.0
2019-12-19,1873.93400476916,1927.0440701604668,1861.4875209479933,1916.5841064453125,1767354.0
2019-12-20,1920.8816010777607,1966.28867987065,1917.63823830684,1940.50390625,1615264.0
2019-12-23,1946.017817493264,1974.6811174470924,1930.9361002240232,1962.3157958984373,1192490.0
2019-12-24,1962.193939706821,1985.384063233525,1961.4642622503184,1972.4915771484373,1173285.0
2019-12-26,1972.4916450179576,1990.5734330938287,1966.329374175578,1977.356689453125,754276.0
2019-12-27,1986.5597532055049,1993.0464789302573,1963.4507928110727,1980.4378662109373,599490.0
2019-12-30,1983.3166613306096,2014.9394535595115,1979.262457198699,2010.114990234375,699880.0
2019-12-31,1999.9386135564928,2006.0199188886124,1973.140288467786,1980.9244384765625,443409.0
2020-01-01,1990.5328159534447,1996.7358662731187,1968.194312354492,1972.41064453125,314519.0
2020-01-02,1984.7759792410768,1988.18147071654,1959.842626784089,1969.89697265625,546945.0
2020-01-03,1962.2348158258244,1985.749199982415,1958.180611660895,1972.248779296875,544720.0
2020-01-06,1969.491413256548,1969.491413256548,1913.6245700658264,1920.1922607421875,624665.0
2020-01-07,1928.1794176995893,1945.9367519926293,1894.934944980631,1903.894775390625,620687.0
2020-01-08,1882.7721420230416,1901.462060113423,1873.488055419282,1879.1639404296875,595883.0
2020-01-09,1898.1781078171348,1917.6382849156448,1886.096660385473,1909.1650390625,732115.0
2020-01-10,1911.151586648102,1936.044357285416,1906.2865423036435,1916.3814697265625,578287.0
2020-01-13,1932.152495069943,1932.152495069943,1907.381466587884,1919.0574951171875,434063.0
2020-01-14,1919.2602213768544,1961.2618154542515,1914.4357580885933,1955.261474609375,787340.0
2020-01-15,1962.1945310127896,2011.331572108352,1957.3700669185664,2007.885498046875,1051367.0
2020-01-16,2006.790290290838,2006.790290290838,1967.910515616576,1973.9918212890625,590255.0
2020-01-17,1982.5055342023704,2006.749592226336,1963.53194078876,1989.8031005859373,457663.0
2020-01-20,1989.8033217717923,1994.384493104832,1954.2074898610133,1958.6671142578125,320280.0
2020-01-21,1954.1260402592343,1956.274688879179,1925.7466164380423,1944.9635009765625,568473.0
2020-01-22,1953.072460402816,1954.1265931776995,1928.9905249667,1945.2479248046875,346888.0
2020-01-23,1943.584984098078,1974.2753810323013,1929.800693430716,1970.1400146484373,315469.0
2020-01-24,1978.4516183903816,2006.668918769098,1967.9918509030576,2001.68212890625,519690.0
2020-01-27,1991.42463399038,2025.885361573682,1966.3291554950736,1991.221923828125,897656.0
2020-01-28,1992.0333505687563,2034.3592053087325,1978.4517657017464,2001.8446044921875,904634.0
2020-01-29,2014.128380640784,2035.2102396974103,2002.7766103795232,2016.033935546875,787135.0
2020-01-30,2016.5204525404008,2044.9404616729323,1997.9116960991687,2012.7501220703125,797868.0
2020-01-31,2033.5888870521403,2044.8594958788392,2020.6560148622884,2028.602294921875,574957.0
2020-02-03,1938.7202637292185,2001.9658432235208,1911.962518558552,1926.67919921875,1507692.0
2020-02-04,1955.747946092228,2014.6150654443447,1946.6665690189573,1996.33056640625,1187298.0
2020-02-05,2004.398789321737,2009.9935125839745,1901.8679927850465,1924.3282470703125,2176980.0
2020-02-06,1941.963796810367,1967.910703490088,1909.530163460716,1955.1805419921875,1632634.0
2020-02-07,2010.8850481262127,2023.8585000496084,1963.3293176031848,1981.248779296875,2709754.0
2020-02-10,1986.1547847193767,1992.6009302830864,1925.868684615555,1934.423095703125,949025.0
2020-02-11,1958.1805407962763,1981.1679567632093,1937.9095207052176,1943.139404296875,680119.0
2020-02-12,1954.1262520512985,1970.3430674210183,1946.0178443664377,1964.707763671875,467714.0
2020-02-13,1961.4236468029635,1979.5054339449,1946.828514251308,1953.274658203125,514501.0
2020-02-14,1965.4779661143384,1976.6676079885056,1906.367754980457,1910.7462158203125,798770.0
2020-02-17,1947.0184842678004,1947.0184842678004,1892.443638560706,1903.95068359375,818134.0
2020-02-18,1903.8255656293752,1903.8255656293752,1855.296064346526,1878.3516845703125,839607.0
2020-02-19,1896.1542737510672,1899.489637469187,1857.005482824526,1877.476318359375,729471.0
2020-02-20,1890.3173291402504,1897.821897275346,1864.009607907332,1868.0120849609373,886179.0
2020-02-24,1851.1265656012536,1851.1265656012536,1813.6037298120389,1821.2750244140625,808263.0
2020-02-25,1826.277931442928,1846.123381589528,1804.4730777197656,1821.233154296875,861921.0
2020-02-26,1817.7730758778173,1830.2806887852328,1781.0840780160634,1786.5457763671875,972076.0
2020-02-27,1791.0064492813433,1799.9702372626944,1751.8993998901385,1759.6124267578125,1093297.0
2020-02-28,1734.3890124284146,1759.4042385692092,1695.990599587409,1710.8330078125,1879071.0
2020-03-02,1751.0656010306195,1759.404008654575,1635.1617350576405,1647.210693359375,1207967.0
2020-03-03,1647.669418270845,1720.922413868168,1647.669418270845,1713.4178466796875,1689926.0
2020-03-04,1726.0504331412774,1728.8438812140485,1668.0984983087562,1706.330078125,976550.0
2020-03-05,1719.1298240466465,1745.3125516884838,1711.2918006460632,1720.9642333984375,899516.0
2020-03-06,1643.5002694973227,1712.2504049468498,1643.5002694973227,1699.6177978515625,606826.0
2020-03-09,1663.512608492207,1677.2709834496611,1597.055528958058,1631.0345458984375,844134.0
2020-03-11,1640.998906790096,1709.2071337729872,1625.0725658062338,1697.7418212890625,1848085.0
2020-03-12,1630.9926195846815,1650.1292254032692,1495.701948558294,1590.3011474609375,2248848.0
2020-03-13,1468.393851017649,1620.1528975169176,1279.94580426581,1570.91455078125,1184611.0
2020-03-16,1515.922660603054,1538.4363634832976,1480.317697133258,1487.1551513671875,883109.0
2020-03-17,1486.738091075332,1587.2992674557966,1464.5162142248137,1535.2259521484375,1236906.0
2020-03-18,1535.1012263232135,1550.9442047589232,1389.1790565206268,1401.811767578125,1118487.0
2020-03-19,1374.1695279358505,1491.7410712847309,1302.4174921488348,1427.9105224609375,1276786.0
2020-03-20,1438.375553827584,1539.0201098355883,1396.6835087891031,1514.0048828125,1244977.0
2020-03-23,1362.621048222711,1395.140841440436,1267.4380946395422,1347.48681640625,750837.0
2020-03-24,1375.8375363892635,1462.6403569640145,1229.9153734388874,1356.700927734375,1488860.0
2020-03-25,1300.791587151204,1403.7709211340075,1271.8573534595805,1390.5545654296875,1027510.0
2020-03-26,1409.10763034622,1524.219295150544,1372.1684410885211,1502.497802734375,1448305.0
2020-03-27,1513.4212895569328,1526.2207274885786,1367.9994108530811,1385.176513671875,1514916.0
2020-03-30,1363.3296019447014,1367.498805620373,1286.0326065126246,1295.37158203125,1250949.0
2020-03-31,1328.308470454235,1362.2874849997531,1304.9609267174376,1331.1851806640625,1456425.0
2020-04-01,1325.8904173751578,1373.627809715383,1304.961030785185,1367.207275390625,1641556.0
2020-04-03,1342.5253984575447,1353.32359592332,1286.7414295065917,1319.1778564453125,1592821.0
2020-04-07,1359.1605947747116,1491.7412908294227,1353.8657256985227,1475.231201171875,1374508.0
2020-04-08,1419.1969956088462,1570.789288851159,1417.52931406289,1518.966064453125,1376705.0
2020-04-09,1566.9120360577851,1678.85516891454,1545.107077717444,1660.09375,2416795.0
2020-04-13,1627.6575133494623,1687.2771405034,1574.3334260014942,1600.1824951171875,1560999.0
2020-04-15,1617.651335301743,1646.0019257142478,1510.6695078243745,1521.0091552734375,1537624.0
2020-04-16,1500.913529518226,1507.1256031338469,1461.3478219133117,1486.4464111328125,1453445.0
2020-04-17,1534.2252605961237,1563.4514198527856,1510.919452145732,1530.8482666015625,1327762.0
2020-04-20,1563.4100139928364,1567.579218650848,1490.1154775347732,1505.7916259765625,2291195.0
2020-04-21,1488.489259611084,1533.349937412018,1465.8921932578955,1523.8858642578125,1650618.0
2020-04-22,1500.9135824456212,1588.466874754949,1498.3286960777416,1573.999755859375,2737381.0
2020-04-23,1584.297712801609,1603.8512412262985,1546.7748722352546,1555.11328125,1882834.0
2020-04-24,1536.351634420168,1617.1508262160426,1534.267032473872,1579.9615478515625,1711725.0
2020-04-27,1591.8019728939812,1625.1556024988838,1582.1710716306857,1613.6485595703125,1322269.0
2020-04-28,1626.2399215092769,1645.0013414538362,1597.305581678004,1620.2362060546875,1056981.0
2020-04-29,1639.539514644968,1683.107697551617,1618.4850339101756,1642.8748779296875,1836009.0
2020-04-30,1681.9405224805205,1832.865832861106,1646.8358396237077,1806.68310546875,2785165.0
2020-05-04,1710.2078674370189,1730.1783183969765,1655.174362195262,1668.265625,1328847.0
2020-05-05,1696.0323824372535,1710.20767766903,1621.9456391862657,1638.7891845703125,1318956.0
2020-05-06,1651.838719685245,1716.7948403067016,1612.0228191981323,1689.9869384765625,1881161.0
2020-05-07,1667.6816917969704,1710.5410298463823,1653.839954112498,1667.931884765625,1112730.0
2020-05-08,1701.035271454063,1701.035271454063,1630.1588018101436,1636.4959716796875,1139464.0
2020-05-11,1680.1893847653623,1780.0835635918577,1659.3433626218716,1741.6016845703125,4445410.0
2020-05-12,1745.2288953119066,1779.4163700886809,1684.3585133922843,1762.98974609375,2919966.0
2020-05-13,1834.3251476321104,1888.649805645054,1791.0904117110713,1824.110595703125,3253820.0
2020-05-14,1781.0426038295102,1880.311413398079,1766.6588468977511,1868.9295654296875,2570474.0
2020-05-15,1875.307964991022,1875.307964991022,1809.4345415876023,1829.071533203125,2080650.0
2020-05-18,1831.94841606028,1849.875995006705,1717.8372100343072,1726.50927734375,1803530.0
2020-05-19,1766.9086278837678,1774.3714622135103,1720.0468163631294,1728.9688720703125,1389745.0
2020-05-20,1716.8783384973128,1724.216178813353,1660.4689837059975,1687.3603515625,2782627.0
2020-05-21,1703.5370938246415,1776.0812578788482,1684.3587516034147,1767.325927734375,2636698.0
2020-05-22,1766.9087269314591,1801.0127356062192,1737.5993030513455,1793.2581787109375,2241339.0
2020-05-26,1799.428554977124,1809.3511796660875,1751.899626509239,1762.4476318359375,1513568.0
2020-05-27,1771.9117946078882,1823.6099269682124,1763.781846373805,1814.145751953125,1403554.0
2020-05-28,1832.4489831529056,1947.018650129002,1806.224521986466,1916.25,3727629.0
2020-05-29,1896.9876888849085,1994.46359023785,1876.1416703257337,1968.572998046875,3368722.0
2020-06-01,1968.4900628245189,2000.384479811933,1928.132241451926,1939.7642822265625,2028590.0
2020-06-02,1967.7807787192828,1994.1719615968907,1902.7411977660115,1933.0513916015625,2408304.0
2020-06-03,1958.525355567883,1977.036581027104,1910.1625880859883,1918.0006103515625,1562885.0
2020-06-04,1901.1568549928893,1952.563054313268,1887.023295404203,1942.2235107421875,1532156.0
2020-06-05,1954.4400861324648,1971.158641015896,1924.5052718689783,1951.7301025390625,1138282.0
2020-06-08,1967.030978611405,2034.4053741680973,1963.6956145103263,1988.127197265625,2354805.0
2020-06-09,1988.7105431870573,2025.816463175244,1976.2029297078927,1990.62841796875,1980625.0
2020-06-10,1990.3776168232464,1995.505655353053,1902.9910766349408,1911.3712158203125,3106338.0
2020-06-11,1931.175515441172,1955.3569014289933,1917.834061103064,1926.1307373046875,2056461.0
2020-06-12,1869.470858036072,2013.72529980246,1860.0484173676668,2002.7603759765625,3296719.0
2020-06-15,1997.007317188326,1997.007317188326,1931.1756157347115,1957.9835205078125,1416097.0
2020-06-16,1984.541221549916,2030.9861161460933,1967.8644045621013,1997.8409423828125,2145404.0
2020-06-17,1982.2481278170617,1992.8795984784008,1952.0213975054123,1970.6160888671875,1731506.0
2020-06-18,1968.0729319483607,1984.5412892859224,1953.0220633882595,1971.991943359375,1087739.0
2020-06-19,1980.372146683964,1986.8761464490133,1944.725448043652,1964.4041748046875,3602756.0
2020-06-22,1977.1617416811112,2040.492120033257,1968.6983380911367,2011.724609375,3042752.0
2020-06-23,2038.6987891820395,2038.6987891820395,2005.8872796137784,2016.9356689453125,996657.0
2020-06-24,2042.9101027401448,2122.124984274967,2034.363233942967,2079.432373046875,3354520.0
2020-06-25,2062.046632474408,2155.478537857344,2046.3703842114703,2134.38232421875,3281309.0
2020-06-26,2151.309254760115,2160.1895778122084,2110.2843282912004,2118.330810546875,1351753.0
2020-06-29,2109.6173776681508,2109.6173776681508,2057.91924430237,2087.979248046875,1131627.0
2020-06-30,2125.4606354088314,2141.595539629968,2094.6085194770435,2123.751220703125,1441648.0
2020-07-01,2131.297349189289,2147.182059114684,2109.6174856998828,2124.16796875,1336764.0
2020-07-02,2126.294025783459,2238.8625330308187,2126.294025783459,2227.522216796875,3353340.0
2020-07-03,2234.6938980758696,2293.062768548001,2232.692761089468,2283.26513671875,2637811.0
2020-07-06,2293.312760292334,2317.285687132261,2263.878134622682,2310.531494140625,1716058.0
2020-07-07,2303.068498169767,2325.165281370889,2274.384453481857,2292.478759765625,1223502.0
2020-07-08,2301.4008762737994,2316.3682796636635,2259.708831413767,2267.380126953125,974918.0
2020-07-09,2272.21661585865,2274.46794573562,2223.478652464573,2244.2412109375,1383528.0
2020-07-10,2243.031947479604,2280.137866313374,2227.689356852267,2235.73583984375,1205528.0
2020-07-13,2252.996288897565,2263.336037788534,2226.647039656464,2242.78173828125,713590.0
2020-07-14,2228.023130006362,2236.0696141471467,2171.32194256608,2177.86767578125,921721.0
2020-07-15,2173.1144335209256,2234.693666929334,2173.1144335209256,2208.052490234375,1188285.0
2020-07-16,2209.6777771872407,2272.215827484993,2178.8674051220914,2263.710693359375,1607439.0
2020-07-17,2264.128330607023,2313.908593691552,2253.872046395772,2304.778076171875,969122.0
2020-07-20,2304.7779256656354,2396.000036531085,2286.5584210032234,2384.909912109375,1674943.0
2020-07-21,2384.951715397541,2406.2146584717552,2373.94505616813,2392.41455078125,1289304.0
2020-07-22,2384.784641155618,2384.784641155618,2295.6054100622505,2308.0712890625,1349352.0
2020-07-23,2313.908137595164,2328.875538707249,2289.1848401853963,2310.739501953125,1117663.0
2020-07-24,2295.5639005382814,2330.585216855974,2274.80134443685,2285.3076171875,701462.0
2020-07-27,2300.5671432077456,2300.5671432077456,2241.6978916763114,2287.72607421875,662841.0
2020-07-28,2295.2304783446434,2376.4464982952045,2288.934939011466,2369.150390625,1836163.0
2020-07-29,2384.1597772831537,2401.8371650122267,2308.405244243273,2318.077880859375,1092469.0
2020-07-30,2333.2227581557254,2347.484572733384,2261.703127992279,2275.12353515625,1497969.0
2020-07-31,2276.0072125699085,2279.9617866053663,2226.7427639824286,2252.027099609375,1260570.0
2020-08-03,2271.8005104007725,2330.53080171697,2205.118958382528,2213.995849609375,2281990.0
2020-08-04,2241.2991724200588,2299.398399935419,2221.357856250028,2276.932861328125,2033677.0
2020-08-05,2287.955577134135,2305.456896851525,2248.2411782435315,2268.224609375,997234.0
2020-08-06,2286.104138623527,2299.566658394589,2250.765024224488,2275.54443359375,859485.0
2020-08-07,2280.214479644949,2288.628555215594,2246.64240028678,2277.01708984375,854109.0
2020-08-10,2286.945275960277,2286.945275960277,2250.0494799023822,2273.60888671875,684596.0
2020-08-11,2292.835323133877,2334.905696035416,2275.16576651523,2282.6123046875,1617202.0
2020-08-12,2289.4698547055245,2352.575418506669,2276.259797767503,2334.064453125,1798834.0
2020-08-13,2347.52672890914,2372.7689518006355,2310.7572653148736,2364.060302734375,1299029.0
2020-08-14,2356.361741855122,2392.5422649402035,2318.9612189596623,2359.138427734375,2158769.0
2020-08-17,2366.711549981372,2468.774342071564,2364.3555674063587,2462.968505859375,2723654.0
2020-08-18,2462.799704825404,2493.931781722753,2444.541203513201,2460.401611328125,1530968.0
2020-08-19,2478.7442105425143,2523.212675982644,2458.129728231254,2467.89013671875,2016727.0
2020-08-20,2450.1786344065126,2494.689008886199,2433.89731714998,2487.24267578125,1185217.0
2020-08-21,2506.3001332334084,2566.08216894134,2488.083745541428,2552.3671875,2012976.0
2020-08-24,2555.3541040248524,2587.748286772616,2525.1055510888814,2536.88525390625,1706107.0
2020-08-25,2561.244779061264,2568.7753361282207,2488.757595225992,2498.770263671875,1323587.0
2020-08-26,2616.777088853516,2676.811590729508,2583.1207918907694,2659.478515625,4651022.0
2020-08-27,2658.006222351322,2667.2617046070563,2614.6737372449297,2643.491943359375,1431518.0
2020-08-28,2624.3922652777924,2662.2134936432703,2566.83986548706,2574.1181640625,1838010.0
2020-08-31,2583.1207060370843,2599.0232236547454,2495.698559750644,2529.312744140625,1808588.0
2020-09-01,2549.5062156227136,2586.73848843119,2503.607406590297,2520.519775390625,1357833.0
2020-09-02,2553.629913017822,2557.7108219801844,2420.0143472258364,2476.725341796875,2809547.0
2020-09-03,2503.187143747156,2529.396903436518,2466.123104786485,2474.915771484375,1512714.0
2020-09-04,2455.9425988128905,2504.449663665967,2412.820460306968,2452.871337890625,1508195.0
2020-09-07,2465.3236580182247,2469.446472069428,2399.6938814566474,2406.55126953125,1476038.0
2020-09-08,2415.680449913866,2442.7737249170286,2399.6937106075743,2409.117431640625,1263479.0
2020-09-09,2395.4872797185726,2456.910030480587,2381.3515918835096,2443.447509765625,1995585.0
2020-09-10,2456.909876404197,2488.378434433276,2430.1951885357607,2481.100341796875,1629594.0
2020-09-11,2481.436673129986,2530.701119898256,2481.10019232219,2517.701416015625,1525239.0
2020-09-14,2536.801523906633,2557.037415548384,2487.200592418896,2548.20263671875,1537220.0
2020-09-15,2548.202620166001,2567.7232331308005,2528.471655325672,2555.480712890625,915275.0
2020-09-16,2551.988908864257,2612.5702479470883,2544.963074176924,2571.509521484375,1603512.0
2020-09-17,338.51687619135373,381.9921268116035,338.51687619135373,358.779541015625,52000357.0
2020-09-18,363.6638196640055,368.4514269687726,345.28719047885625,346.9314270019531,10745190.0
2020-09-21,342.38566969970407,362.2130884252519,319.4632274641234,337.93658447265625,12519290.0
2020-09-22,338.51686386048084,346.83471270431824,324.0089982664602,342.3372802734375,4965436.0
2020-09-23,346.4479068905092,350.36501952588,331.84331356187107,340.741455078125,3317252.0
2020-09-24,332.7137432973064,337.5496988684882,324.0090232691792,326.2335510253906,2953424.0
2020-09-25,331.649816672369,373.33575827995065,329.0384184563743,351.47723388671875,15141637.0
2020-09-28,356.6033587809145,364.0507122989521,353.07308776764387,355.05584716796875,2649488.0
2020-09-29,356.36149563720653,358.295877419433,336.6307778454373,339.91925048828125,2495022.0
2020-09-30,338.5168658495928,353.0247315288611,332.81044458567965,337.40460205078125,3896276.0
2020-10-01,341.32173669679963,342.9659733897588,328.8449772854133,331.5531005859375,2171659.0
2020-10-05,333.68092472059857,339.1939257181663,327.8777782037186,334.1645202636719,1631905.0
2020-10-06,335.615295161353,341.2733687207971,332.08505372358434,338.5652160644531,1636234.0
2020-10-07,338.51689526265005,340.1611319890296,331.84328237359546,333.8743896484375,734114.0
2020-10-08,338.6619218152548,348.962500033658,336.5824670742397,345.57733154296875,2661344.0
2020-10-09,343.35284123655225,347.5117511689419,338.51688572617826,339.2422790527344,930823.0
2020-10-12,340.45129811183733,340.45129811183733,330.77938623366015,332.95556640625,696960.0
2020-10-13,331.69817129772593,343.3528112534603,331.262923533268,336.87261962890625,1134594.0
2020-10-14,337.6947454868288,353.7984703887904,335.9054361607602,342.5307006835937,2420189.0
2020-10-15,338.51688336147805,344.1265799077935,327.97450632577227,329.42529296875,3074233.0
2020-10-16,332.32685051239594,333.1973165536827,312.4994339975905,314.7723388671875,2799970.0
2020-10-19,318.2058437541346,319.850080285231,311.0969838946598,313.6600341796875,2021509.0
2020-10-20,315.6911877338749,318.88293626169656,312.40274370342104,313.7568054199219,893819.0
2020-10-21,314.8690408639621,316.7550752559874,307.03481681420544,308.8240966796875,933214.0
2020-10-22,309.7429278231665,313.7567647004354,307.5667480023949,309.694580078125,1047687.0
2020-10-23,311.87075109806693,313.0313625932633,308.5339303271826,309.3560485839844,553193.0
2020-10-26,310.85521470937533,312.451074126616,304.7619225648817,306.79302978515625,649362.0
2020-10-27,303.8914342913856,305.3422208404857,296.92764704917346,298.6685791015625,707464.0
2020-10-28,299.7808720057208,318.25419709343123,298.8620287193083,309.694580078125,2039149.0
2020-10-29,307.56678415834926,324.58935421629144,302.3923056285195,321.2525329589844,2498726.0
2020-10-30,326.4269983453252,332.7137405356796,312.06420451486485,327.8294372558594,2554270.0
2020-11-02,328.65152927072984,333.58420986350166,324.2508215013305,329.3769226074219,1406309.0
2020-11-03,332.4236028126878,334.6481306026471,324.1541009507141,328.1679382324219,1142400.0
2020-11-04,327.7810713842327,341.418472359065,326.71715522715635,338.371826171875,2053118.0
2020-11-05,326.1851854846086,329.71542695575005,315.30428604294264,319.46319580078125,2816514.0
2020-11-06,320.0918903818523,323.8155523180114,314.3370918174325,315.3526306152344,941659.0
2020-11-09,319.17306081449243,319.17306081449243,310.4683409740972,311.5322570800781,830254.0
2020-11-10,310.468322253902,311.91910880649027,300.8931369100846,301.8119506835937,1748488.0
2020-11-11,299.82921470932814,311.33878188684014,299.82921470932814,305.1971130371094,846524.0
2020-11-12,306.5995370334883,311.43549187628776,305.6323460649284,308.0503234863281,563757.0
2020-11-13,307.56679543101205,313.2248697407924,307.08319984071176,310.5650939941406,442123.0
2020-11-14,314.14365324049186,314.8206988079009,312.4994461024449,313.90185546875,254318.0
2020-11-17,317.0452194364791,317.9157150084157,312.93465740846574,314.1436462402344,447695.0
2020-11-18,313.9501848195773,314.82065076173643,311.38713473353783,312.8379211425781,347574.0
2020-11-19,311.2420789658111,315.1108433010795,306.5995735700208,307.42169189453125,680483.0
2020-11-20,307.56675566952936,312.0641881746388,306.8413623778559,310.0330810546875,510592.0
2020-11-23,310.0330531653456,311.38714413439016,303.7463118697062,308.0503234863281,444611.0
2020-11-24,309.40441449412697,317.0452179723536,308.5339484425392,310.6134033203125,695279.0
2020-11-25,312.88630054980587,313.1764460544491,306.5995588076923,307.5184020996094,481450.0
2020-11-26,307.8085781402157,310.3232809897963,300.3128468579323,301.6185607910156,1693248.0
2020-11-27,303.50455592479744,307.6634953721503,301.76362374816694,303.649658203125,749418.0
2020-12-01,305.3421630359604,307.51834244763666,303.6979267850537,305.5355834960937,522272.0
2020-12-02,306.5028956842459,322.75172610048435,305.6807772333319,320.47882080078125,2856086.0
2020-12-03,324.00902902629247,326.33028183843857,315.3043088434966,316.5616455078125,1148321.0
2020-12-04,317.2386720113333,318.7861836317276,313.5633577396849,315.11083984375,637736.0
2020-12-07,317.1419111409021,322.36473644238987,313.6600177678016,315.739501953125,945258.0
2020-12-08,315.5944154501058,320.7205455241687,309.5011238802444,313.0797424316406,878294.0
2020-12-09,314.72398456454243,316.0780462293615,311.43554065960154,312.064208984375,528042.0
2020-12-10,311.7740672025278,313.6117244494667,309.5495098898495,310.4683532714844,432479.0
2020-12-11,312.2092207518869,316.6099571981775,310.710086615215,311.8707275390625,814206.0
2020-12-14,313.3699109061846,316.17475914374563,309.50114657400945,310.1781921386719,740054.0
2020-12-15,311.1453673696252,313.85349045764383,309.50113080568883,310.2748718261719,454971.0
2020-12-16,312.40269691662166,317.04520196829446,310.95191039843303,313.0797424316406,749318.0
2020-12-17,314.33715116602013,320.527169162638,311.77410029824097,314.5789489746094,1531598.0
2020-12-18,315.7878583748472,334.5997349452087,315.30426287963303,330.24737548828125,7030095.0
2020-12-21,332.27852344136335,341.41849204630324,300.79646183116233,312.4994812011719,5498126.0
2020-12-22,316.3681941477875,328.74822761649284,304.7619017022532,324.83111572265625,3229618.0
2020-12-23,328.36134773076,353.02471847342383,326.91056121648563,347.1248474121094,6815185.0
2020-12-24,347.1248864256495,349.8330392664619,330.4892169020754,335.6636657714844,2424058.0
2020-12-28,337.9365750165332,346.5445701727582,336.58251333740753,343.1110534667969,2093979.0
2020-12-29,345.67406387827475,345.67406387827475,334.6480921779881,336.67919921875,1534709.0
2020-12-30,339.3873516108986,339.484076624314,329.0384245347132,333.3424072265625,1178851.0
2020-12-31,335.08339882598204,338.4201907141536,330.77938623366015,332.95556640625,966715.0
2021-01-01,334.45473336335,338.51694855251435,323.13861307868154,327.2491760253906,1184098.0
2021-01-04,327.87782331038807,334.4547117944465,327.10408214155774,331.31134033203125,1703579.0
2021-01-05,330.6342711647279,334.35796266476603,327.4425229434114,331.262939453125,1319676.0
2021-01-06,333.6808596861003,337.4528982836349,322.31636663882006,327.1039733886719,1672790.0
2021-01-07,330.2957382494593,330.6342610147668,322.70328272611096,324.6376647949219,785782.0
2021-01-08,327.44255868495947,335.3251903308287,327.15241314059153,333.584228515625,1255351.0
2021-01-11,337.3562735323092,346.64131481187417,335.7120662275559,341.80535888671875,3473056.0
2021-01-12,342.1438180315895,342.2888907790795,336.09887425011266,338.08160400390625,910494.0
2021-01-13,340.3545295523683,340.3545295523683,327.05565242103853,331.262939453125,941177.0
2021-01-14,332.7137548608572,349.15600437432977,329.0384403055547,342.4823913574219,3559004.0
2021-01-15,342.4823878184281,369.4670146613721,336.92103877575045,365.1146545410156,10213313.0
2021-01-18,370.4341982356166,382.91095775595215,343.3528469285741,356.1197814941406,10122301.0
2021-01-19,358.48937233877086,367.53261495204094,356.0713946088232,364.2441711425781,2520868.0
2021-01-20,363.6638452149059,369.1284689006407,361.0524174985863,365.25970458984375,1645030.0
2021-01-21,367.53259896905007,372.3685542186428,346.2543958708419,352.5411376953125,1642763.0
2021-01-22,353.50834033608965,370.1923864942224,343.9331545312097,359.7467346191406,2778401.0
2021-01-25,363.18021862037983,363.18021862037983,343.9331237232575,347.94696044921875,1063244.0
2021-01-27,346.7379821423792,357.6672289082579,343.3528135580045,346.302734375,1359324.0
2021-01-28,342.3856416892203,351.5739569322926,341.9987711611989,344.8036193847656,1033975.0
2021-01-29,348.1887872007438,351.57395596519547,333.6809210673795,335.7603759765625,1020309.0
2021-02-01,339.00047477681863,339.3873453069642,329.5220139647689,333.9710693359375,1639958.0
2021-02-02,336.8726292660777,342.8692255533733,335.7120177215333,337.40460205078125,875256.0
2021-02-03,340.3062547903973,344.9487610871977,337.25960818835114,338.6620178222656,754593.0
2021-02-04,339.870927320022,341.2249888797973,336.2439609011622,337.5980224609375,517583.0
2021-02-05,339.4840550220364,345.2872012617293,338.42013897482707,339.5807800292969,805587.0
2021-02-08,342.7725546378476,342.8692796609057,336.4374640980368,337.25958251953125,770589.0
2021-02-09,339.1939354870378,343.8847887768832,337.40462602286794,340.789794921875,822670.0
2021-02-10,343.25610604574246,349.8813708017857,340.9348533728527,344.2232971191406,1415744.0
2021-02-11,350.89692452625576,362.6966679294253,344.41676176904826,358.8762512207031,3688444.0
2021-02-12,368.5481514434377,405.1563399448176,363.6638482666016,386.8764343261719,17095556.0
2021-02-15,383.9748410845498,402.3514707586214,379.8159314385279,387.9886779785156,4977534.0
2021-02-16,388.3272292754511,398.2892858662718,384.02321704482,390.1648864746094,1739365.0
2021-02-17,391.7123931545414,468.1688373452108,385.90924658928895,467.4918212890625,13063891.0
2021-02-18,477.69566494753445,540.3213164269924,469.3778158182778,495.6854248046875,22550108.0
2021-02-19,489.3987151436016,532.9223162927361,486.4971417336593,520.6389770507812,9273485.0
2021-02-22,525.184781769082,567.451045810069,524.2175906424354,539.5475463867188,12792823.0
2021-02-23,547.4301494109823,566.242027659287,512.8047206717309,522.4282836914062,6102316.0
2021-02-24,527.0707865155102,531.858394128647,481.70950162370383,489.7855529785156,4562316.0
2021-02-25,494.7665457564369,518.3176820980472,494.7665457564369,504.7770080566406,3212466.0
2021-02-26,493.2674581253172,536.6943618752962,484.5627382760469,514.497314453125,4298152.0
2021-03-01,523.2502912554825,526.1518640350878,506.808045504386,509.951416015625,1635461.0
2021-03-02,510.1932520958569,520.3487575878123,507.2916790981554,512.85302734375,1405831.0
2021-03-03,517.447175817022,551.0570624705575,512.8046709059419,538.0966796875,4825240.0
2021-03-04,526.1519297298812,545.9309984536479,524.507693142944,537.0811767578125,1867437.0
2021-03-05,538.0000547897527,539.9827847581761,515.5612092373827,517.9791870117188,1228000.0
2021-03-08,522.0897111806499,533.8411059206006,519.6717335825248,523.7339477539062,812529.0
2021-03-09,527.1191638160922,528.956850569066,507.3884412271591,512.031005859375,792652.0
2021-03-10,517.9308480125511,535.8238838449175,517.9308480125511,524.2175903320312,1233931.0
2021-03-12,531.9551668622507,536.7911229246349,516.4801074626216,521.557861328125,1115325.0
2021-03-15,522.2832322012931,526.0553013802571,509.806442485641,515.8030395507812,641336.0
2021-03-16,519.6717558692495,558.5528491210938,512.7563750616313,544.0449829101562,5965512.0
2021-03-17,545.4957782717976,550.2833860046511,527.1191474434924,529.4404296875,1830476.0
2021-03-18,535.8239320413056,536.5493254511089,497.4264290758556,509.1778259277344,1806134.0
2021-03-19,507.7752677979606,524.0240645609648,493.2674030037332,515.6578979492188,2429128.0
2021-03-22,517.1570708933808,531.8583867921512,510.1449357178065,522.0897216796875,1255441.0
2021-03-23,526.0552045437639,545.4957198840159,525.233056780375,528.2313842773438,1592465.0
2021-03-24,522.2832659092917,534.760056430192,520.348883442961,522.670166015625,1310457.0
2021-03-25,524.0724650982323,525.039656181948,496.50751921233785,500.76318359375,1351628.0
2021-03-26,509.4679379278505,515.9964781860622,502.9393976696388,505.4540710449219,719131.0
2021-03-30,509.6614516732531,521.2677469164463,505.9377298631264,518.9948120117188,1082286.0
2021-03-31,520.9775717221183,528.2798535909277,514.2072332151781,522.3316040039062,1020926.0
2021-04-01,526.9256997784039,592.8881446431088,525.2331153524244,575.04345703125,7937821.0
2021-04-05,596.7568098142324,627.4167744102457,590.2282709710458,598.4977416992188,13320286.0
2021-04-06,607.3961131862608,654.5950350158566,605.0748305419078,646.3255615234375,8075873.0
2021-04-07,648.9852328883421,663.3964039977345,629.738106243269,650.1458740234375,4477055.0
2021-04-08,657.012957119679,672.1011749553663,638.3461791422051,642.7468872070312,3699937.0
2021-04-09,639.7968464494263,646.8573289423374,620.4530264509553,626.2078247070312,2258926.0
2021-04-12,619.0022026263034,636.363291834618,590.0348221187455,601.2542724609375,3252648.0
2021-04-13,604.4943818882037,625.5791341219334,600.7707201088342,617.5031127929688,2120853.0
2021-04-15,613.1991476391989,630.3667893909272,605.7517644812132,609.3303833007812,1876429.0
2021-04-16,613.1992811278337,637.3307157484682,611.7484941851022,623.0162963867188,3222589.0
2021-04-19,607.3477099057759,622.6293186581538,598.4978870449864,613.6828002929688,1613078.0
2021-04-20,619.3891869244198,635.8314351697245,615.6171181256691,621.178466796875,2081693.0
2021-04-22,620.6465696336829,642.6018204345685,618.0351417353111,627.1751098632812,1932371.0
2021-04-23,631.2373574204878,640.2805714862684,621.5170386785893,624.9989624023438,1119514.0
2021-04-26,630.5120289241646,635.3479853999362,620.2114180177025,623.0162963867188,805186.0
2021-04-27,626.6914297853859,633.2199691346525,623.8382044854718,626.9332275390625,782641.0
2021-04-28,632.398000840796,657.1097855064013,630.22182044006,640.7158813476562,3130636.0
2021-04-29,646.518844986384,691.3481248633158,646.0835972236396,680.8541259765625,5234111.0
2021-04-30,681.8697015490857,719.5901531241415,680.9025104830586,700.6815795898438,7621798.0
2021-05-03,695.4104186767903,732.9374225095619,695.2169686453132,726.3605346679688,5260024.0
2021-05-04,740.9651034961121,750.4436238271495,715.7214385338609,725.5384521484375,3678132.0
2021-05-05,732.6472591116211,739.9978878672018,712.9165370353531,722.1532592773438,1815878.0
2021-05-06,725.3932464420703,790.1950431242286,715.7213364895093,783.66650390625,8629623.0
2021-05-07,789.9532895793278,830.575313653196,785.6976253490027,806.2020874023438,8673811.0
2021-05-10,818.2435379330794,840.3438273717579,813.9395264293836,831.9776611328125,3372704.0
2021-05-11,831.736039790566,837.5875344312726,807.7497111191591,814.3265991210938,2351224.0
2021-05-12,820.0814426078595,822.112520516068,761.2278226313153,768.0465087890625,3665129.0
2021-05-14,766.8858887422101,766.8858887422101,696.425977834331,704.5987548828125,6521846.0
2021-05-17,710.9821282807673,749.5730753879996,710.8854327873287,720.7507934570312,5725929.0
2021-05-18,730.2291296764349,740.6264318539471,721.0891638626971,723.5071411132812,1986283.0
2021-05-19,726.3605618915875,747.3002741397434,713.9321790861351,734.4365844726562,4215400.0
2021-05-20,741.8355028656337,749.0410876791384,720.6539961850917,724.5711669921875,2386375.0
2021-05-21,732.9374332257588,744.4953791417342,729.2621187046024,736.5160522460938,1724206.0
2021-05-24,740.5299050245452,743.3830716038938,722.8786670754046,724.8130493164062,1644665.0
2021-05-25,730.9062686481832,757.9876173203629,728.1981455874962,743.7698974609375,4663246.0
2021-05-26,746.6714282584138,781.4903031512932,744.7370463199205,775.928955078125,5493275.0
2021-05-27,782.5541889062113,845.3249063673758,779.5075727753937,825.9327392578125,9396784.0
2021-05-28,854.029721147146,880.1438802309206,831.7843263720788,847.3560791015625,9845189.0
2021-05-31,843.3906823435784,859.8329318846802,818.2920602081285,839.086669921875,5025981.0
2021-06-01,845.3250605144772,854.9969719620112,812.6340116283446,816.309326171875,2976733.0
2021-06-02,820.564962450764,869.5048090701227,818.2436801705494,858.96240234375,3877846.0
2021-06-03,879.1766279161374,888.3165947653607,862.9278307578816,873.7119750976562,4042105.0
2021-06-04,874.3406912651351,881.4979285013853,862.7827466481854,872.0194091796875,1790837.0
2021-06-07,876.1783685238044,879.9503780817496,860.8000076946249,865.3941650390625,1532649.0
2021-06-08,865.6360470005656,917.3324238486398,861.1385847075542,895.1353759765625,6849050.0
2021-06-09,903.06640846817,923.1839730250966,875.7916056304085,891.653564453125,3493298.0
2021-06-10,896.5861153970718,917.6708687638478,893.7328899547027,908.8211059570312,2068256.0
2021-06-11,914.4791351318898,923.619102334504,901.567158264772,906.5481567382812,1576885.0
2021-06-14,912.0611978003524,912.0611978003524,876.275127473085,892.1370849609375,1938310.0
2021-06-15,897.6501225838077,911.674394881895,887.9782106540925,891.12158203125,1447415.0
2021-06-16,896.5862150251654,906.6450268111132,882.078347468124,885.753662109375,1565860.0
2021-06-17,880.1438308506291,897.5532692630592,875.8881667367508,883.8674926757812,1333162.0
2021-06-18,892.5722696501348,904.1302149285148,852.2404486104816,870.5203247070312,2547349.0
2021-06-21,855.8190418287006,896.2960257579181,850.8863907129942,889.5740356445312,1864501.0
2021-06-22,898.3270128975732,899.1975084337982,883.5290020103351,887.3977661132812,923953.0
2021-06-23,893.4911576119712,894.555103278765,874.582582752416,878.1128540039062,710083.0
2021-06-24,881.1593944067761,908.192396064207,877.2422824603149,890.3960571289062,2224112.0
2021-06-25,897.5532882803037,927.5362106258742,896.6827927281762,910.513671875,4189945.0
2021-06-28,921.5396253294532,933.4360634985436,913.9955469075414,917.5258178710938,1728797.0
2021-06-29,923.6870347496706,929.1204642072812,913.5478112322226,920.53369140625,1211253.0
2021-06-30,925.2393856818368,989.664636700092,923.7839965102188,974.2374877929688,8496270.0
2021-07-01,1001.5990170408965,1158.1988193188406,1001.5990170408965,1102.8455810546875,19353834.0
2021-07-02,1151.5522686146323,1210.5440835871543,1126.6166510689966,1155.3363037109375,27468329.0
2021-07-05,1159.3629800415538,1189.9745930289807,1151.503902594316,1168.5804443359375,7117792.0
2021-07-06,1162.273628314369,1164.3111491373884,1117.011008703682,1126.1314697265625,2275508.0
2021-07-07,1115.798438992368,1175.7605242202587,1101.341548573099,1161.934326171875,2694191.0
2021-07-08,1166.2517967308456,1190.50828168781,1159.4599809428958,1168.0467529296875,2006217.0
2021-07-09,1158.4897329852618,1183.7164775896308,1156.5977745158816,1173.67431640625,1136359.0
2021-07-12,1183.716420980236,1183.716420980236,1156.5977192033963,1162.07958984375,851755.0
2021-07-13,1168.192375958304,1169.987332249999,1149.8060067857402,1155.6275634765625,541234.0
2021-07-14,1159.4600266138468,1283.6532344854556,1159.4600266138468,1269.58447265625,9388413.0
2021-07-15,1280.6454034744029,1460.1433921557343,1278.801886929702,1432.83056640625,10410917.0
2021-07-16,1468.9728287161518,1533.009953349749,1431.1812699636384,1449.8587646484375,9031181.0
2021-07-19,1416.578766068372,1510.6939306633255,1377.7683889158138,1480.712890625,5195392.0
2021-07-20,1488.1353282627772,1493.9083242140769,1431.7632818141133,1447.1904296875,1770147.0
2021-07-22,1461.11365481969,1474.7942886780058,1397.173536642321,1422.69140625,1532297.0
2021-07-23,1420.8963549063596,1422.4003043776593,1334.785831704779,1354.142578125,2200229.0
2021-07-26,1354.385265561226,1354.9673975757528,1304.9990331109111,1310.0928955078125,1395743.0
2021-07-27,1322.8033059635518,1431.132806129024,1321.493479286597,1384.123779296875,3120374.0
2021-07-28,1406.585028684196,1420.4597857157005,1334.2036999033237,1345.604248046875,1637588.0
2021-07-29,1285.5935710905565,1344.7793883256688,1246.7831991331057,1305.48388671875,2278914.0
2021-07-30,1309.8503598680572,1342.6936211293648,1309.8503598680572,1321.1053466796875,959617.0
2021-08-02,1332.554320476628,1347.2052141335705,1319.6498227240306,1329.3524169921875,585864.0
2021-08-03,1334.882923858862,1351.4743358358528,1314.7014810541864,1323.9189453125,993601.0
2021-08-04,1331.9719545816326,1342.2566790116553,1309.849996159444,1316.8358154296875,523862.0
2021-08-05,1323.1426451725167,1372.383307815939,1287.5341739472092,1341.43212890625,1509234.0
2021-08-06,1345.9437883627654,1387.47093793711,1343.809265064963,1381.309814453125,1514198.0
2021-08-09,1395.2329779406964,1416.9668115771196,1383.5898654683124,1396.9794921875,964892.0
2021-08-10,1402.9949313589077,1402.9949313589077,1330.2254847116612,1353.7542724609375,949176.0
2021-08-11,1353.511933253371,1353.511933253371,1257.5048080161157,1333.961181640625,1366128.0
2021-08-12,1337.793697155876,1382.6196336933558,1337.4055697110764,1349.0001220703125,976678.0
2021-08-13,1354.7731705673436,1377.7682696639597,1334.1065991464395,1353.6573486328125,689409.0
2021-08-16,1350.6009977494518,1360.4491537126803,1338.9578856998876,1352.8326416015625,448827.0
2021-08-17,1349.6793936738627,1376.1674043855303,1335.5620719449912,1367.1925048828125,833656.0
2021-08-18,1373.014101104461,1404.3535281926531,1365.155023378529,1390.2362060546875,1322648.0
2021-08-20,1374.663694867318,1431.132749893962,1359.5275520487394,1380.0001220703125,1842429.0
2021-08-23,1394.2631145421014,1411.727788210687,1319.5531216264842,1348.17578125,1159433.0
2021-08-24,1354.482021358291,1387.1797133231598,1310.820351615366,1379.75732421875,774202.0
2021-08-25,1384.075183209629,1406.2941495513037,1369.084721240619,1392.8560791015625,857308.0
2021-08-26,1396.1065012048875,1423.8559008659847,1383.6386895769344,1394.8936767578125,1008215.0
2021-08-27,1396.2033419067743,1401.3457643432564,1365.5916090289777,1371.849853515625,676684.0
2021-08-30,1377.380137830136,1386.5005993303582,1366.1251531540547,1372.868408203125,654214.0
2021-08-31,1379.7090699348255,1397.173741706153,1372.965813487962,1385.239501953125,599405.0
2021-09-01,1391.0608737729087,1396.009291533704,1368.3083379020543,1375.48828125,436202.0
2021-09-02,1381.6008521676724,1455.3891283510172,1373.88733716336,1443.843017578125,2429808.0
2021-09-03,1455.3891720497368,1491.2887716269636,1445.6865775694052,1458.3485107421875,2092303.0
2021-09-06,1463.1513047063283,1467.032342649847,1416.5788493841112,1450.1983642578125,872848.0
2021-09-07,1447.6269559792636,1457.7661188512966,1422.4002127785525,1430.5504150390625,572604.0
2021-09-08,1433.0731131916602,1436.954150735849,1402.024812838151,1406.633544921875,577237.0
2021-09-09,1403.9652301061565,1427.688023003949,1399.9386302572032,1410.9510498046875,545372.0
2021-09-13,1414.638301854466,1440.3501777112174,1412.0670905808156,1436.5177001953125,575664.0
2021-09-14,1443.7460800712856,1469.94308555645,1442.048126012062,1454.6614990234375,670479.0
2021-09-15,1462.9570198890983,1521.3665823720842,1440.8350604735615,1456.26220703125,1742335.0
2021-09-16,1466.0619034954998,1473.532853245243,1448.112105206508,1451.4110107421875,651976.0
2021-09-17,1455.3890736134197,1462.957144172156,1417.5489576994707,1445.5894775390625,2285302.0
2021-09-20,1426.5240768991305,1513.6048698946734,1421.6242188866588,1445.007568359375,1261094.0
2021-09-21,1428.2218709415426,1435.4018143611524,1359.2848915476618,1407.5552978515625,1229270.0
2021-09-22,1406.8759894766742,1431.9571687735113,1387.4708034149269,1401.8306884765625,647588.0
2021-09-23,1397.1736308699146,1415.6085607216703,1368.065846893458,1389.7996826171875,342584.0
2021-09-24,1431.132766027556,1431.132766027556,1385.5305694151525,1396.057861328125,239569.0
2021-09-27,1396.0579451753167,1408.8168820860433,1368.0659805381,1379.95166015625,253943.0
2021-09-28,1381.6980802022288,1387.4710768172297,1356.6653378739102,1362.389892578125,341681.0
2021-09-29,1356.4225414420384,1358.363060099323,1321.4932056109128,1342.9359130859375,255254.0
2021-09-30,1338.9579841745135,1353.5118753068457,1334.106687130403,1338.909423828125,147078.0
2021-10-01,1338.9579529773532,1348.660546839508,1320.571584984517,1334.8343505859375,143894.0
2021-10-04,1348.66056701792,1355.6463873272453,1316.6420067937534,1347.6903076171875,155144.0
2021-10-05,1348.6604568111784,1350.6009754540723,1322.706019962474,1346.38037109375,182203.0
2021-10-06,1358.3633093285816,1377.7684994618471,1330.2257836353467,1334.9315185546875,270838.0
2021-10-07,1357.392812013656,1357.392812013656,1327.314772576613,1342.693359375,153337.0
2021-10-08,1356.4227484793769,1377.9624614870038,1343.809375281786,1363.4085693359375,245661.0
2021-10-11,1368.0657677179431,1376.7981024055046,1343.8092824747173,1347.9814453125,185013.0
2021-10-12,1340.8983944121612,1347.981334898965,1330.3225440244116,1342.40234375,134381.0
2021-10-13,1357.2474548226744,1357.393017433177,1334.106789828891,1337.7938232421875,152677.0
2021-10-14,1367.0955489476576,1392.322294350524,1358.363214000511,1368.35693359375,306369.0
2021-10-18,1395.23313851013,1396.2033979944902,1358.363278104438,1373.3052978515625,194270.0
2021-10-19,1382.6197684994393,1382.6197684994393,1335.0770536527918,1352.4931640625,248106.0
2021-10-20,1351.5713363078878,1351.5713363078878,1317.612257506182,1343.130126953125,202701.0
2021-10-21,1342.7420087950547,1361.2739396670531,1309.8501914116334,1353.5604248046875,227845.0
2021-10-22,1346.9140479078965,1353.5118591852483,1285.8848265717963,1306.3087158203125,323298.0
2021-10-25,1304.9990666138065,1305.9693261428874,1241.010498046875,1241.010498046875,302960.0
2021-10-26,1234.1701569048194,1271.0400200827935,1180.8058812524885,1259.2513427734375,229077.0
2021-10-27,1299.1772497421236,1299.1772497421236,1262.6469620864214,1271.4278564453125,104115.0
2021-10-28,1309.8502175429385,1328.2851465305798,1246.7833552167972,1256.19482421875,232933.0
2021-10-29,1256.3888517641435,1261.3371507444767,1193.6615613103015,1236.49853515625,177454.0
2021-11-01,1232.229393466613,1232.229393466613,1200.2108344237795,1223.7396240234375,202057.0
2021-11-02,1224.3704310567068,1236.11054678482,1207.9730225644437,1213.8431396484375,137152.0
2021-11-03,1221.556715628741,1226.4080131491091,1175.9545189372786,1196.62109375,164917.0
2021-11-04,1212.6300914101937,1251.634466958062,1207.9727995060364,1246.443603515625,104886.0
2021-11-08,1246.443590916065,1293.355602782898,1246.443590916065,1289.3775634765625,163303.0
2021-11-09,1301.86202769754,1331.0081924967387,1263.000474631942,1303.3193359375,129786.0
2021-11-10,1305.7482166866212,1306.7197555383225,1274.6589734321778,1285.5401611328125,74669.0
2021-11-11,1287.2404446759745,1287.2404446759745,1263.000596059261,1265.429443359375,88262.0
2021-11-12,1258.1427098000452,1277.5734852409723,1250.370399623674,1268.6353759765625,124275.0
2021-11-15,1277.4762933556135,1289.231888210139,1265.9149588076948,1280.34228515625,105978.0
2021-11-16,1282.4313697386915,1289.2321421539727,1263.0005914093176,1270.9671630859375,107101.0
2021-11-17,1271.7443428839924,1277.5735759300612,1237.7404834485917,1239.294921875,232321.0
2021-11-18,1247.8445876954663,1258.1428763229917,1219.2813202975708,1228.7052001953125,145147.0
2021-11-22,1237.6918664267369,1237.6918664267369,1189.8435782224435,1206.5054931640625,164055.0
2021-11-23,1194.9928263891811,1233.368612277289,1178.476665374046,1231.5712890625,122178.0
2021-11-24,1238.7120124535647,1262.9518589059032,1231.9112406204863,1248.8160400390625,80628.0
2021-11-25,1248.4273560885467,1253.2850500811094,1230.939657715322,1239.9263916015625,80745.0
2021-11-26,1228.9965257252604,1234.5342491932747,1194.9926692822692,1204.3680419921875,172676.0
2021-11-29,1147.4359361726736,1180.32250051803,1144.181186347056,1167.98388671875,256278.0
2021-11-30,1165.7495510214246,1214.3750018585197,1146.4159031724407,1171.23876953125,136442.0
2021-12-01,1172.404339827378,1203.736463265897,1169.73260837138,1175.90185546875,100147.0
2021-12-02,1194.9927015073674,1194.9927015073674,1175.5619258731012,1184.742919921875,86649.0
2021-12-03,1185.27740344514,1243.9583740234375,1180.4197091687254,1243.9583740234375,158237.0
2021-12-06,1272.7158648633674,1306.136824270592,1253.2850883005678,1267.1295166015625,399320.0
2021-12-07,1282.2854508382834,1294.0896708797056,1239.6834985304088,1256.5396728515625,132888.0
2021-12-08,1256.5396569396826,1282.431189136534,1253.2850257470673,1273.5902099609375,98684.0
2021-12-09,1265.963567283837,1282.431101029092,1249.4474091645227,1252.119140625,101402.0
2021-12-10,1256.199751494146,1290.2036117434072,1248.4274405800288,1252.4593505859375,67807.0
2021-12-13,1254.4024752263656,1272.715959783427,1248.4274872684762,1250.419189453125,83995.0
2021-12-14,1257.9485622176303,1263.000516846596,1224.1389624820854,1234.728759765625,67575.0
2021-12-15,1251.3418241801908,1253.28490154693,1220.25258631236,1242.792236328125,80674.0
2021-12-16,1253.576566202368,1258.0941267639976,1225.110431807596,1230.551025390625,75063.0
2021-12-17,1252.8479254664044,1258.0941401869857,1216.36659554964,1221.030029296875,100987.0
2021-12-20,1205.6796365678338,1213.4519468760873,1160.017313506844,1168.129638671875,289096.0
2021-12-21,1173.6189294806327,1209.5172425093558,1167.7896963871858,1182.9456787109375,81283.0
2021-12-22,1191.1065767749726,1204.6109899045996,1175.5619558708947,1183.431396484375,73974.0
2021-12-23,1195.5757033319046,1242.5982081085456,1190.1351094081067,1227.1993408203125,102060.0
2021-12-24,1263.0004468268748,1288.551964843406,1222.1958170063142,1223.3131103515625,137063.0
2021-12-27,1261.0087495923765,1284.471435546875,1219.28120518791,1284.471435546875,610967.0
2021-12-28,1301.8620898288293,1316.435172923928,1253.2851461785,1271.744384765625,545830.0
2021-12-29,1282.2370363447928,1287.2889909841967,1243.56974223379,1256.151123046875,187952.0
2021-12-30,1262.3691311575578,1271.501621152864,1253.2852655489548,1259.26025390625,201395.0
2021-12-31,1266.8865541610055,1272.715786772176,1250.8075401034446,1259.6971435546875,197918.0
2022-01-03,1270.7727916139236,1301.8620342222152,1266.886636287887,1299.4818115234375,391262.0
2022-01-04,1310.6059430318517,1321.2928706622076,1286.3174711446786,1302.250732421875,286548.0
2022-01-05,1303.805189099715,1305.6996424949327,1273.6388591564153,1283.354248046875,216218.0
2022-01-06,1276.6020626324605,1279.7109395474824,1260.2316565530737,1261.68896484375,191595.0
2022-01-07,1268.8297517488536,1282.431295795166,1254.2566688420902,1261.68896484375,192042.0
2022-01-10,1281.459845849937,1301.8621633350383,1270.918672201847,1284.7144775390625,273106.0
2022-01-11,1280.4881732914996,1314.2005231316955,1277.9135716821363,1305.165283203125,310553.0
2022-01-12,1316.4351546995451,1320.3213101377726,1289.1834422505542,1301.4249267578125,207689.0
2022-01-13,1311.5774330017073,1321.2928213943126,1295.0612727342784,1298.8988037109375,221971.0
2022-01-14,1299.9190136030147,1301.8620913513005,1282.9170833055164,1287.9205322265625,157826.0
2022-01-17,1287.9205880894615,1311.577536981735,1287.9205880894615,1299.7733154296875,245284.0
2022-01-18,1301.8619403853231,1306.719634192731,1263.0003899260598,1269.21826171875,174556.0
2022-01-19,1224.138843911241,1243.56961921142,1220.2526888512057,1236.4288330078125,252941.0
2022-01-20,1235.7975959553255,1235.7975959553255,1214.4237381636456,1230.988525390625,135464.0
2022-01-21,1223.3615332397433,1228.9965053667966,1202.764959402446,1208.7884521484375,130496.0
2022-01-24,1195.9644544721182,1204.708305073458,1148.3590456426025,1152.1480712890625,222173.0
2022-01-25,1138.6434659841043,1156.131164267137,1094.5842054180068,1149.816162109375,199819.0
2022-01-27,1149.8161522363996,1156.1311543399372,1092.349609375,1092.349609375,220206.0
2022-01-28,1068.6927950959107,1146.4159074665224,1041.1496908687866,1108.0887451171875,163845.0
2022-01-31,1153.2166962782717,1156.131313033819,1099.7820557599016,1118.1441650390625,284933.0
2022-02-01,1136.70034399517,1141.5580377729273,1107.5541813286272,1121.05859375,206691.0
2022-02-02,1131.8427793466974,1170.704334002378,1121.1072274346443,1153.2652587890625,259516.0
2022-02-03,1160.7947223764745,1160.7947223764745,1117.2697323223629,1126.4022216796875,187294.0
2022-02-04,1119.9900774454509,1127.0337343829517,1114.3551044570277,1117.9012451171875,142312.0
2022-02-07,1117.901143651338,1121.9330533895088,1068.6926797248009,1091.6209716796875,261888.0
2022-02-08,1090.9410035217252,1097.838905669999,1049.261962941238,1060.0460205078125,406480.0
2022-02-09,1068.6926219433994,1083.702848149553,1059.948773218408,1065.292236328125,138479.0
2022-02-10,1068.69289691347,1073.0161980125558,1032.7459540172897,1051.4967041015625,280410.0
2022-02-11,1039.5465414153518,1048.2417664495192,1021.1844339272168,1039.9351806640625,174552.0
2022-02-14,1000.6850210282884,1008.1658227761956,987.9578857421876,987.9578857421876,319495.0
2022-02-15,976.3966054860172,998.3048553659428,956.96582726739,989.026611328125,349873.0
2022-02-16,1019.1443781477586,1038.47802734375,1007.4372861367104,1038.47802734375,229141.0
2022-02-17,1059.2201832119692,1073.4532504386816,1022.0588238835052,1024.4876708984375,242087.0
2022-02-18,1009.3317007990828,1020.0186277871264,1005.5426756932033,1012.1976928710938,123646.0
2022-02-21,1005.5426209159696,1008.1172223602282,967.7983636471724,972.1702880859376,212472.0
2022-02-22,932.677185246286,966.6810409583902,929.3739298293314,954.3910522460938,388122.0
2022-02-23,966.6811498797376,1000.685009423246,961.8234556592364,965.9039306640624,258977.0
2022-02-24,928.0139470807874,947.1046504331856,917.6184692382812,917.6184692382812,385996.0
2022-02-25,922.9618450573172,961.8233964281516,918.152716215572,946.8131103515624,371723.0
2022-02-28,952.1081401385628,960.2204663888988,923.9335115018092,950.0679321289062,301530.0
2022-03-02,950.0678920085388,978.436779792582,937.5350167698144,958.1316528320312,226162.0
2022-03-03,986.1118764981316,992.6697633615428,956.9657126607484,959.0059204101562,203092.0
2022-03-04,958.811666263246,958.9087964241204,936.174764765373,948.8533935546876,201474.0
2022-03-07,919.0756834630208,937.534920234477,891.8240326152915,920.921630859375,331931.0
2022-03-08,923.9334040312484,940.2066790233864,913.2464771707396,929.6168823242188,192069.0
2022-03-09,946.2302693700158,963.766533651961,941.421140230595,957.7429809570312,320493.0
2022-03-10,1000.6851163064126,1020.0187650882442,982.2258762968768,986.5006713867188,272675.0
2022-03-11,986.1118866653844,1000.636344355683,977.7080522864162,988.443603515625,191749.0
2022-03-14,1000.6849419814224,1087.2490234375,995.8272480883086,1087.2490234375,708003.0
2022-03-15,1123.7789132930816,1189.600668795424,1092.981179928191,1104.785400390625,1759335.0
2022-03-16,1135.728922724507,1163.7577950023897,1097.9360375048827,1110.4202880859375,642323.0
2022-03-17,1136.7003159671317,1147.387242014686,1110.711654896943,1125.916259765625,549233.0
2022-03-21,1140.586635622005,1143.7441369557116,1110.468930592804,1115.083740234375,266620.0
2022-03-22,1115.3265426037322,1120.1356122261925,1086.4232632984524,1104.2509765625,307241.0
2022-03-23,1115.0350191245604,1138.7892136397406,1106.72843364795,1110.3717041015625,277553.0
2022-03-24,1105.6113164200697,1123.0990173827772,1097.7418747060638,1100.80224609375,178276.0
2022-03-25,1106.4854257822517,1111.8288885194074,1079.4766030542155,1084.9658203125,259506.0
2022-03-28,1088.997757139117,1092.0095034026044,1044.404106901957,1047.4644775390625,335689.0
2022-03-29,1054.1196003572993,1061.6004016956103,1024.001897489948,1030.025390625,311209.0
2022-03-30,1048.0963498517483,1097.8391005997878,1030.0256290712125,1044.6473388671875,655141.0
2022-03-31,1050.0394744906628,1057.034508357539,1024.1479345511086,1026.5767822265625,370686.0
2022-04-01,1029.7340415535878,1061.8919534795498,1028.033848581411,1053.5367431640625,405065.0
2022-04-04,1070.6357568419994,1092.0096104268669,1068.7413036217586,1078.990966796875,339117.0
2022-04-05,1096.0899842667905,1125.041886823816,1085.2574219432036,1104.4453125,504182.0
2022-04-06,1095.895808781915,1111.780445057018,1088.1721224616329,1095.1185302734375,304020.0
2022-04-07,1107.2628163945665,1145.8329811682122,1104.6883332340697,1112.8006591796875,664341.0
2022-04-08,1125.0422043815004,1136.4091636712776,1105.6114236495227,1110.3233642578125,287706.0
2022-04-11,1110.323126758081,1117.2696531031056,1088.1234882395463,1092.0096435546875,253085.0
2022-04-12,1084.6261323478202,1084.6261323478202,1058.9774797610012,1065.146728515625,296009.0
2022-04-13,1077.2423986749925,1081.3228146882225,1054.7026246415558,1058.8316650390625,201946.0
2022-04-18,1034.688956074994,1040.518189630346,1018.17279433483,1027.88818359375,331068.0
2022-04-19,1038.5750591917204,1052.1766034655127,971.5388766994575,977.07666015625,382187.0
2022-04-20,1003.4538692432968,1017.6869369978466,981.4971151332454,986.69482421875,357050.0
2022-04-21,995.7301151956494,1008.505873818668,988.1035002255888,998.6932373046876,169684.0
2022-04-22,994.6615222614428,1005.931409174314,981.2542971891572,994.5643920898438,166348.0
2022-04-25,981.2542159793724,989.9980654286936,972.9961359439026,979.2625732421876,229438.0
2022-04-26,986.1119383167998,999.6163521272452,977.513843164972,981.6428833007812,156195.0
2022-04-27,970.1300424729592,986.1118673552172,962.4549216457564,972.99609375,241975.0
2022-04-28,982.6143729714546,987.0834277637744,961.8234187855676,982.9058227539062,242053.0
2022-04-29,989.9009494160052,998.1104051890268,969.158559569228,971.4417114257812,218322.0
2022-05-02,961.8235196808998,967.6527531335114,952.108130593214,958.520263671875,241178.0
2022-05-04,971.5388010749984,989.0264994943484,952.1080250534984,955.1683959960938,204198.0
2022-05-05,972.8503836050828,979.3111405431538,956.9657474553636,962.0177612304688,207314.0
2022-05-06,942.3925902955198,995.7300915479482,931.705664013818,974.453369140625,762028.0
2022-05-09,976.3966513849684,982.2258851245804,937.53509312089,955.55712890625,244300.0
2022-05-10,951.9137721130264,966.2925355165308,923.9334645417154,930.5399169921876,228881.0
2022-05-11,918.1041636290056,940.7410057509418,830.3256569949018,865.8353881835938,808720.0
2022-05-12,851.0680497333768,854.9542052116115,831.6858374260764,836.8836059570312,501084.0
2022-05-13,845.2388173836144,908.3402788858242,845.2388173836144,887.2578735351562,564336.0
2022-05-16,913.2465138297672,913.2465138297672,875.3564988942768,897.3618774414062,318403.0
2022-05-17,902.559614091642,939.4780913095992,891.8241213918151,917.7642211914062,378004.0
2022-05-18,928.8397457948388,937.53503073745,900.2279135671318,919.65869140625,429382.0
2022-05-19,879.242636101283,898.3819628019875,879.242636101283,887.306396484375,367563.0
2022-05-20,903.336782136372,908.388795855279,873.413398367803,884.8289794921875,216997.0
2022-05-23,887.4036557017001,903.531177735619,870.8388700047909,899.499267578125,241778.0
2022-05-24,902.9482238978188,905.4742011689946,876.6194856884463,880.2627563476562,147055.0
2022-05-25,881.8657901033023,888.6665617764386,850.5336634663526,854.4683837890625,234243.0
2022-05-26,861.7549508892653,867.9241988026898,799.5764651430273,817.2584838867188,706711.0
2022-05-27,830.6656938095487,846.1617498987,826.7795385168724,833.2402954101562,303678.0
2022-05-30,848.2020043230531,876.862401181639,848.2020043230531,870.790283203125,414971.0
2022-05-31,879.2425304929652,898.6733046475059,856.1199211086653,879.3396606445312,580927.0
2022-06-01,884.100316156082,994.7586102161458,884.100316156082,962.89208984375,4030798.0
2022-06-02,950.1649753880675,959.4431593515264,931.754302706782,943.9957275390624,697986.0
2022-06-03,956.8686951640192,978.242551161365,913.246574432043,920.7760009765624,939955.0
2022-06-06,920.0472693628834,920.0472693628834,879.2426386202845,894.3986206054688,486473.0
2022-06-07,892.8442056665557,918.104215837753,881.3314939808163,892.45556640625,354762.0
2022-06-08,905.4255403340992,905.4255403340992,881.1856369186837,887.1119995117188,286091.0
2022-06-09,881.1857136674396,900.5679250724306,876.9109191211774,880.9913940429688,280643.0
2022-06-10,871.421793046879,879.2912341000826,864.6695861047701,867.8270874023438,227530.0
2022-06-13,831.6372907746587,854.1284398226472,831.6372907746587,843.2471923828125,330782.0
2022-06-14,835.5233023375574,861.269078514238,834.600328690488,846.1130981445312,282303.0
2022-06-15,857.7716606629344,862.6293548352287,847.181863648123,850.8251342773438,149272.0
2022-06-16,873.4135495995779,874.3365234971375,829.9371799170627,836.8350830078125,259618.0
2022-06-17,838.3409058939613,838.3409058939613,794.7187873669559,802.9768676757812,568780.0
2022-06-20,806.8630134914887,813.3237705517205,763.2408954847797,798.0220336914062,514887.0
2022-06-21,800.5480290747583,837.4665061437399,800.5480290747583,823.3306274414062,440958.0
2022-06-22,825.8080278305589,837.4179290226054,806.8144550500613,822.067626953125,226429.0
2022-06-23,826.1577785458527,841.6905504347644,815.3481699693243,827.1803588867188,235252.0
2022-06-24,845.2936490971701,864.7704612883492,841.3982866589344,845.8779296875,391195.0
2022-06-27,861.0212485078682,865.7443519619501,852.1105826397146,854.6912841796875,205136.0
2022-06-28,851.1366389988124,851.1366389988124,834.5813496819018,839.2070922851562,205950.0
2022-06-29,824.5995405415987,831.0268648235589,817.0522757772675,819.8276977539062,178379.0
2022-06-30,823.2848879183437,830.8321527599663,803.2237353858895,807.2651977539062,217076.0
2022-07-01,804.7818953230878,804.7818953230878,791.7324075124225,793.9722290039062,227373.0
2022-07-04,796.1633433942459,826.1576209600132,795.6277429702791,804.3436279296875,429296.0
2022-07-05,811.4040321351705,818.9999772301009,801.08128570079,804.0028076171875,285588.0
2022-07-06,803.6619925574261,812.6213383821524,797.5754885241223,801.51953125,233349.0
2022-07-07,812.1831047252238,812.3778847435566,801.9577778671724,805.2688598632812,205931.0
2022-07-08,813.1569293185108,822.8953356576546,805.0253838007318,807.1677856445312,463158.0
2022-07-11,801.1787345766118,819.9738477015446,794.6539901715682,811.9883422851562,272456.0
2022-07-12,806.7295996861644,827.7645334670989,802.2985772797346,814.5203247070312,252084.0
2022-07-13,818.0260906654789,824.2099545992714,810.7222862845372,813.5464477539062,155770.0
2022-07-14,817.8313447567721,818.6104053688496,803.321155111471,807.2651977539062,143707.0
2022-07-15,808.9208690439415,817.6366964887922,800.3510226146979,806.4862670898438,191444.0
2022-07-18,816.2245056464777,851.1366666531262,815.0072049218594,834.0457763671875,768245.0
2022-07-19,837.3081707386318,861.8489667647202,831.6599069119447,857.7101440429688,465982.0
2022-07-20,870.6135679546155,899.8287883557771,866.8155655270573,888.1427001953125,787011.0
2022-07-21,893.9857223424661,959.7199666323534,884.2473157810014,944.528076171875,2150355.0
2022-07-22,971.8929532813944,1000.8647121592718,961.0346064307504,972.4772338867188,2013614.0
2022-07-25,959.7200034751502,967.948969223194,938.2955082174605,945.501953125,558811.0
2022-07-26,944.625411484624,944.625411484624,910.6870892907114,916.384033203125,393697.0
2022-07-27,908.5932426444472,931.62459566802,903.7727199838728,924.7589721679688,343688.0
2022-07-28,939.7561541987304,953.3899222389192,931.6732893197492,938.4901733398438,376284.0
2022-07-29,951.0039721955504,962.0570980428196,939.7561257901168,942.6289672851562,400175.0
2022-08-01,935.8608330150796,954.9480853344664,935.8608330150796,948.7642211914062,279135.0
2022-08-02,948.5207546908542,951.2961766555604,937.9546078416234,944.333251953125,229203.0
2022-08-03,945.1123175410546,971.69815446208,939.7561941546808,948.08251953125,488336.0
2022-08-04,956.3115927419356,968.2898217816507,921.2533266129032,943.408203125,356009.0
2022-08-05,946.57306559119,951.8318286198798,940.29178181762,945.1123046875,226483.0
2022-08-08,945.1122929972352,950.614516108482,938.5875491537556,943.1646118164062,200621.0
2022-08-10,930.2612099567552,944.5279981664612,929.0439092371048,939.171875,218873.0
2022-08-11,944.528079674716,959.1356895710863,939.8049168117795,947.5956420898438,240632.0
2022-08-12,952.0752407065348,967.9975099775418,945.5991772517032,953.6333618164062,350757.0
2022-08-16,962.8363358531992,987.5718545834554,959.233113286146,973.889404296875,499854.0
2022-08-17,981.582671692525,1095.570705174289,978.8071902429746,1078.6258544921875,4494669.0
2022-08-18,1085.832327350583,1103.0692593460528,1058.564789085277,1085.5888671875,2857452.0
2022-08-19,1086.8060554254344,1106.282866454564,1060.512360536109,1069.8612060546875,1434485.0
2022-08-22,1060.366429873494,1060.366429873494,1017.6635386537192,1022.9223022460938,670516.0
2022-08-23,993.4147408758154,1022.9221576736904,989.519378598975,1014.8392333984376,562717.0
2022-08-24,1017.8096951741884,1045.904977354723,1017.8096951741884,1032.3199462890625,606817.0
2022-08-25,1043.4212820697455,1051.3094846611316,1013.767888501554,1022.3863525390624,330289.0
2022-08-26,1032.2223432285314,1037.6272063544425,1003.0558634866968,1009.0936279296876,373432.0
2022-08-29,968.971414396316,987.717846282878,959.2330082214786,978.563720703125,499424.0
2022-08-30,988.156057905098,1017.6634158748184,988.1073777633328,1004.9061279296876,335827.0
2022-09-01,1004.029662962362,1017.566071136581,998.1866193369748,1004.3704833984376,329338.0
2022-09-02,1012.7942842272838,1017.3712877686514,988.4482677795124,994.0478515625,253491.0
2022-09-05,997.21277244767,1007.9250190266978,983.579004074362,988.4968872070312,212182.0
2022-09-06,993.7556765234746,996.2389582266592,983.9198505592032,987.8639526367188,219453.0
2022-09-07,987.4743586408284,1011.4308133886626,975.836951698138,1000.7185668945312,345088.0
2022-09-08,1008.7527038539152,1035.3872189602623,1001.1080793579572,1008.8988037109376,424493.0
2022-09-09,1022.04572813919,1030.3233733885309,1012.7942422722798,1019.8058471679688,460104.0
2022-09-12,1030.0311567932704,1064.3104172968633,1027.450574300572,1036.3125,813046.0
2022-09-13,1046.5864445344178,1050.7740066622882,1029.9337940615142,1034.2674560546875,357214.0
2022-09-14,989.519437059053,1022.5326580810764,989.519437059053,1018.68603515625,321450.0
2022-09-15,1023.360424100452,1031.9788900844796,1003.1046098903744,1006.9512329101562,190788.0
2022-09-16,1010.7978395981756,1012.0151403919868,979.245438685701,990.4932861328124,348205.0
2022-09-19,983.5303844129286,990.152488999478,965.2221919306392,975.6909790039062,287431.0
2022-09-20,982.6051585043772,995.2650862155338,974.8144337590502,978.8558959960938,204258.0
2022-09-21,975.7883035632202,1035.192581524654,971.0164607384534,993.073974609375,709597.0
2022-09-22,986.5004588678784,1007.9249505708332,985.1857979251462,995.8493041992188,250307.0
2022-09-23,998.186680315932,1006.6590465395072,980.6575483689204,985.6728515625,304028.0
2022-09-26,973.8406355250938,980.6575199737696,939.7562132817156,954.8020629882812,426797.0
2022-09-27,954.5585354472726,977.5898291885566,952.4160743126504,962.1544799804688,227607.0
2022-09-28,954.3639056735316,970.9191979148072,949.543382221456,964.9300537109376,225967.0
2022-09-29,976.0317737489318,982.1182777009705,956.5549611024078,964.8812866210938,209211.0
2022-09-30,960.4502682151052,977.7359384415367,951.442242885838,967.9488525390624,241566.0
2022-10-03,968.9714674492268,978.4664139895584,955.3376980579814,960.6451416015624,233456.0
2022-10-04,987.1823239414238,987.4257841150584,967.0724898237952,971.4547729492188,199864.0
2022-10-06,985.5267128269968,997.650981061458,979.391528775164,982.9947509765624,284296.0
2022-10-07,983.5790498395758,991.3210948423527,974.9605839208432,978.2716064453124,162865.0
2022-10-10,968.9714376004137,1009.6292843539989,966.2933758382017,1000.8159790039062,349733.0
2022-10-11,1005.8311965283513,1016.348722105282,968.971355184428,973.3536376953124,372576.0
2022-10-12,973.840576171875,978.7097790527343,964.1021704101564,973.840576171875,212598.0
2022-10-13,978.661167092398,978.661167092398,964.1022375766436,966.8289794921876,120106.0
2022-10-14,988.4481714892588,993.268694164027,962.1544762870816,964.9786376953124,182791.0
2022-10-17,968.874044210255,972.5746266311786,957.6261376424349,965.5142822265624,146505.0
2022-10-18,971.9903612429802,979.8298262864288,959.7199924212211,962.9336547851562,191173.0
2022-10-19,967.0237336820384,968.8740546316596,959.5738291788708,961.2293701171876,116156.0
2022-10-20,958.259158793598,996.2389425262712,958.2104786508744,983.5303344726562,270985.0
2022-10-21,987.9612642217288,1001.6923925661137,958.8434072277636,962.73876953125,469420.0
2022-10-24,978.6611120735424,978.6611120735424,967.3645255749148,970.5782470703124,89752.0
2022-10-25,973.7920273990212,973.7920273990212,959.9634774641542,961.6190185546876,176666.0
2022-10-27,967.2671992048628,968.9227401523676,955.8245718797612,958.74609375,201212.0
2022-10-28,962.1058759470365,963.1283967353414,946.5731057904468,948.4721069335938,203687.0
2022-10-31,953.2439546236752,957.1393174612869,943.651647411464,944.96630859375,264701.0
2022-11-01,946.621765151389,959.2330130996404,946.0374845533332,951.8318481445312,275429.0
2022-11-02,953.7835179441588,978.7161521081666,953.7835179441588,960.6143798828124,399345.0
2022-11-03,956.3206713267992,962.3708752411486,950.4656468084718,953.9786376953124,152129.0
2022-11-04,952.417341508307,958.0284067887094,946.562316867887,949.8801879882812,145065.0
2022-11-07,954.661685665688,961.1998079465388,947.5380847879076,952.5148315429688,172181.0
2022-11-09,958.125905049318,958.125905049318,946.562255952812,948.22119140625,119246.0
2022-11-10,950.4656607650162,955.1008885767552,932.9493669117348,939.2435302734376,185275.0
2022-11-11,956.2718828284447,982.668272884108,952.4660931013616,968.2258911132812,732172.0
2022-11-14,973.1050213622086,990.0845555862984,969.3480118129178,974.129638671875,298962.0
2022-11-15,977.7891402689432,981.5949302079192,967.2988875165568,972.275634765625,132007.0
2022-11-16,971.9340816575818,974.6664145533764,845.0752155777769,960.5655517578124,179814.0
2022-11-17,960.0776753178592,960.0776753178592,949.8802213591864,951.8806762695312,119425.0
2022-11-18,955.3448781412424,959.0042686346331,938.365282427752,941.73193359375,148282.0
2022-11-21,941.68319993293,950.9536563053266,934.8523373427428,942.0247192382812,134531.0
2022-11-22,946.7086563059286,949.5385489665396,936.8038830928238,938.2676391601562,91410.0
2022-11-23,943.00050089916,944.805835927306,936.8039568835144,938.2189331054688,108334.0
2022-11-24,942.9516650440976,946.3670959344493,897.7704054638118,914.75,602715.0
2022-11-25,919.336368772958,933.1444914775386,918.2629714827334,925.4841918945312,186248.0
2022-11-28,927.7286192019196,935.4865383696552,921.2880566874046,925.19140625,156524.0
2022-11-29,927.045596778631,930.900166698368,919.7268157514312,921.8248901367188,120651.0
2022-11-30,922.7029883985902,929.3875099389858,920.263395039406,924.6546630859376,100786.0
2022-12-01,947.5869036263545,972.0804583163126,943.34203472347,957.101318359375,924487.0
2022-12-02,962.0781750094196,971.6413701990914,956.3207101750254,961.8829956054688,299697.0
2022-12-05,969.3969821755844,970.9582983286388,950.4657111277328,956.8086547851562,145618.0
2022-12-06,951.9293669434225,954.2714004863516,944.610586572253,945.8303833007812,120516.0
2022-12-07,946.5622961869632,948.2212317109152,935.6816851437512,937.8773193359376,120559.0
2022-12-08,938.1701066827088,940.8048200326484,931.9247234552928,932.9493408203124,83533.0
2022-12-09,936.6087958881384,944.561895127561,907.5288510670993,911.6273803710938,252667.0
2022-12-12,911.3345998562614,911.3345998562614,897.0873376396025,900.8931274414062,171555.0
2022-12-13,902.6496527161984,912.3592473791156,899.7221403290106,901.7225952148438,163780.0
2022-12-14,907.5287638127248,915.5306422444412,899.2341460789524,902.0152587890624,209282.0
2022-12-15,902.6008598721196,910.0659806166616,898.8926894800212,901.7713623046876,111944.0
2022-12-16,894.8429403885532,923.14222639866,891.9642080030331,914.798828125,225855.0
2022-12-19,919.141268762254,921.580862256622,903.6254303139182,917.8238525390624,138952.0
2022-12-20,907.5288137562832,914.798814552753,897.8192193744471,902.0641479492188,198017.0
2022-12-21,906.2602460650162,909.4804977178188,884.1087241763346,886.157958984375,183008.0
2022-12-22,888.8903524801206,894.3062383878257,858.7369516052788,866.7388305664062,263282.0
2022-12-23,846.1485384588321,858.7368640399351,825.0216956649897,827.7540283203125,393835.0
2022-12-26,830.3889232084906,858.6394304282032,825.265776391044,851.9061279296875,178822.0
2022-12-27,867.0315418200157,874.5942817739889,853.8577367389013,860.6885986328125,182333.0
2022-12-28,861.2740662117689,870.4469616044009,854.3456444895214,860.493408203125,127369.0
2022-12-29,854.8335755003548,858.492965806435,849.7104290718423,854.0529174804688,81163.0
2022-12-30,858.8345020704519,873.3257237054872,858.8345020704519,859.907958984375,129663.0
2023-01-02,864.2992182238095,869.5199246172981,857.565916175028,862.7866821289062,123831.0
2023-01-03,863.5185972536297,872.0571750788165,860.8838241840649,865.9581909179688,170921.0
2023-01-04,870.4469820820419,871.178860149936,859.9079498164449,862.7866821289062,71677.0
2023-01-05,865.1286487669178,868.495299762344,845.2703811863951,858.7857055664062,108683.0
2023-01-06,863.030708410868,863.030708410868,848.9786245934396,852.3452758789062,95628.0
2023-01-09,859.712783285954,868.3977603124314,848.9785714628603,856.1021728515625,116898.0
2023-01-10,858.7368830188967,863.5672898979552,853.0282582457096,859.6639404296875,86695.0
2023-01-11,862.347563679345,870.398222615726,842.489235900037,856.7852783203125,124722.0
2023-01-12,852.0524799034815,867.5194794187944,852.0524799034815,862.9818115234375,93013.0
2023-01-13,873.3745393646398,873.3745393646398,861.6644896748345,863.3234252929688,78190.0
2023-01-16,868.4953335539207,868.4953335539207,858.736959019607,860.7861938476562,80053.0
2023-01-17,864.7870034937887,867.0801972618472,857.0778652107158,862.5913696289062,63438.0
2023-01-18,864.4943436458759,865.5677409209471,858.736879380421,860.15185546875,80453.0
2023-01-19,858.7369866001451,863.6161740240095,836.780643192755,846.0023193359375,284067.0
2023-01-20,832.4868677929263,843.7578374880984,827.2173815332244,828.973876953125,295089.0
2023-01-23,828.9737820958704,829.4617007433666,802.1382564835851,805.4072875976562,352820.0
2023-01-24,808.9692643053365,863.567382776985,808.9692643053365,855.5167236328125,1585932.0
2023-01-25,850.6374298518716,854.7359586336827,834.9264127816601,841.9524536132812,273486.0
2023-01-27,844.0993412831505,853.3210165190728,820.0449258258976,826.1927490234375,207333.0
2023-01-30,826.1927951300465,829.4130467806087,807.017565546532,813.4580688476562,217084.0
2023-01-31,819.7034820986861,829.4618568855752,805.7977980273691,825.6560668945312,173790.0
2023-02-01,835.8534756614686,853.8576867980298,807.9933310500214,813.5068359375,211713.0
2023-02-02,816.3367517276298,840.1959876801003,813.8483783103411,820.044921875,201008.0
2023-02-03,827.51018186812,837.5612959858074,816.5320102336667,819.2643432617188,184597.0
2023-02-06,821.6551164375819,827.1686217437715,813.4092782382146,822.9724731445312,105733.0
2023-02-07,822.1918125025401,825.9488223340755,811.5063807609682,813.7508544921875,109931.0
2023-02-08,815.0682540943492,827.4614019860726,815.0682540943492,817.6054077148438,144887.0
2023-02-09,820.5328942643183,829.4618307369965,814.8242690181083,821.0208129882812,155083.0
2023-02-10,821.3623334039122,839.0249661307878,818.6300006561617,828.8274536132812,165610.0
2023-02-13,829.4617740783124,831.3158889268775,815.946450171897,817.2150268554688,120608.0
2023-02-14,817.2151084595946,830.388914422209,815.2634335021703,817.6054077148438,109777.0
2023-02-15,814.8242261290792,818.6787957575758,810.0914385799098,815.50732421875,105141.0
2023-02-16,821.4111285190984,844.2457474217769,819.7521930329401,834.9264526367188,326867.0
2023-02-17,831.4134870722283,844.9776511197458,824.6801850076988,830.0961303710938,187932.0
2023-02-20,830.0961175336622,902.6496052210588,826.5342871591749,883.6695556640625,2107473.0
2023-02-21,884.4991086732415,906.4066122769816,875.277432648383,886.0604248046875,850053.0
2023-02-22,878.2537648620398,878.2537648620398,852.881989432692,855.1264038085938,322564.0
2023-02-23,858.2490790353694,863.6161852715201,843.2699972731792,846.197509765625,232452.0
2023-02-24,850.4422875468794,860.6398002103796,836.29264535591,840.3911743164062,280172.0
2023-02-27,837.1709780872028,837.1709780872028,817.9957482352237,828.0956420898438,242146.0
2023-02-28,832.0965690957207,847.026869514955,828.1444395083336,835.3656005859375,201853.0
2023-03-01,832.6820770275672,847.9539568131736,828.9251267014625,836.4390869140625,167644.0
2023-03-02,832.389328184694,836.1951179876546,827.5101410323804,829.6082153320312,121734.0
2023-03-03,833.804349261192,842.7332264944035,831.413535515764,833.2188110351562,136627.0
2023-03-06,839.2201721756837,852.6867165147972,835.1704231020758,838.4395141601562,235989.0
2023-03-08,838.2443365991292,841.1718488340505,830.4376373060057,838.195556640625,144359.0
2023-03-09,841.854863708914,842.635521648973,824.5825313183349,827.8515625,165873.0
2023-03-10,819.7034745798086,826.8758561582249,814.8730671925276,821.8991088867188,185104.0
2023-03-13,816.092794858042,823.2163958712567,806.236861073231,810.0914306640625,216488.0
2023-03-14,807.9933879746833,824.3386648449441,803.7485189996968,807.3590698242188,142445.0
2023-03-15,818.7275861175979,819.703423526558,800.1866753473543,802.675048828125,121678.0
2023-03-16,804.090003483107,813.6531979231345,789.4524427400893,792.5751342773438,187438.0
2023-03-17,795.7953845945179,812.0918807772617,795.3562458607759,799.2108154296875,152554.0
2023-03-20,794.3316141202914,798.1374036632039,773.9365893930484,786.4761352539062,263328.0
2023-03-21,790.4283241579976,793.3558364696939,784.963658333654,786.7201538085938,104908.0
2023-03-22,789.8428344133375,801.1625247019003,781.6457762316957,783.2070922851562,209499.0
2023-03-23,782.6216118394625,792.2335866145819,781.2066356665777,785.1099853515625,150967.0
2023-03-24,786.5249443341894,798.3325530490462,775.7907329350876,777.5960083007812,260226.0
2023-03-27,779.69410572793,783.4998955249757,761.1531945779542,764.958984375,218560.0
2023-03-28,763.1047730806912,764.9588877857308,746.5155388832849,751.5899047851562,302138.0
2023-03-29,751.3459988882693,763.1048273464278,744.8078765628657,747.5889892578125,222191.0
2023-03-31,751.3948272455033,765.8372094155466,747.3939175739366,749.2967529296875,397406.0
2023-04-03,755.2981017272633,778.4254586147099,752.4681496149841,772.5704345703125,356557.0
2023-04-05,785.500272532077,792.3799138125848,776.8640764051552,789.8915405273438,264927.0
2023-04-06,788.4278973499353,788.4278973499353,778.7183025922517,786.1346435546875,115851.0
2023-04-10,788.0863034492785,790.4283371613204,782.2801182505424,783.353515625,115540.0
2023-04-11,785.2563404804756,797.4543075577776,785.2075605242436,787.89111328125,129925.0
2023-04-12,792.5263873875109,792.5263873875109,786.5249634083164,789.8428344726562,105339.0
2023-04-13,789.8428362987152,793.3558272075817,777.6448684757203,787.93994140625,172732.0
2023-04-17,777.6936370504208,786.0370350071337,764.5198319944352,781.35302734375,292953.0
2023-04-18,779.6941270505332,787.3544272530934,777.7424521392678,781.4506225585938,110945.0
2023-04-19,786.5249107211122,790.0867409027503,778.5718124275074,780.5723266601562,112260.0
2023-04-20,783.5974432860182,785.4027186774032,769.4965807444473,779.4501342773438,109801.0
2023-04-21,781.6457832080278,782.6216206402474,774.2294425473136,777.4984741210938,65788.0
2023-04-24,780.5723895506451,780.5723895506451,773.9854868519905,777.0105590820312,71675.0
2023-04-25,777.4009218656223,790.4283278900239,774.4734095401037,782.9143676757812,136038.0
2023-04-26,781.1089727170418,791.6480035642803,778.5229800676868,785.9881591796875,144475.0
2023-04-27,784.5733145383199,790.4283392736805,781.6458021706396,787.8423461914062,98132.0
2023-04-28,792.3799869672972,804.0900360357793,792.3312070082563,802.8702392578125,191573.0
2023-05-02,806.9687280138921,816.5807023197367,804.3827351496869,808.2373046875,204903.0
2023-05-03,807.9933380596171,813.7995822922918,801.3576558910115,809.213134765625,107976.0
2023-05-04,809.2131494589302,812.8725396433993,806.6759960885198,808.92041015625,99174.0
2023-05-05,808.9204632101284,867.4707100017118,805.2122928254064,850.3935546875,1909077.0
2023-05-08,854.8335593498429,862.249899739225,819.7034130751917,834.9264526367188,737005.0
2023-05-09,834.9264710105978,855.2727169119839,824.6313981628501,834.1458129882812,511071.0
2023-05-10,834.3409678257422,843.611423023806,825.5584313223133,827.607666015625,206607.0
2023-05-11,832.047819988676,837.2685264870204,820.6792899482332,828.1444702148438,249149.0
2023-05-12,824.9729715557886,841.1718487635056,822.5333780268921,834.877685546875,182302.0
2023-05-15,834.8776824461991,848.9785449029289,831.0231127727805,843.416259765625,257693.0
2023-05-16,847.8563173533239,853.8577413020598,844.0993671157506,847.1732788085938,187919.0
2023-05-17,847.1732622798021,852.8331072853571,837.2684888497898,847.7099609375,177124.0
2023-05-18,852.833078528588,856.7364279953379,847.7099323534787,854.6871337890625,217364.0
2023-05-19,855.3215442940848,866.5436752232142,848.9786007254464,853.8577880859375,242204.0
2023-05-22,853.857703991554,887.8168327639407,852.4427278842905,881.4251098632812,612394.0
2023-05-23,887.9633122354044,892.2081813794397,864.6407730227894,869.2760009765625,269954.0
2023-05-24,866.4948691044026,866.4948691044026,855.7118772753071,857.273193359375,178548.0
2023-05-25,857.1755726110991,866.2508482715612,856.4436945810556,860.5910034179688,106899.0
2023-05-26,864.2016156373439,876.8875023954733,859.2736484626101,866.9827880859375,226758.0
2023-05-29,866.9827050959781,886.987370761204,865.5677290270924,868.2512817382812,272943.0
2023-05-30,871.8132011231252,879.8150205599383,861.371728502407,874.3015747070312,119999.0
2023-05-31,876.9363376170008,910.9930284721762,871.4228322673013,898.2583618164062,523030.0
2023-06-01,907.5288044628436,910.5538766535636,891.915405676386,896.648193359375,346729.0
2023-06-02,902.6495328435363,922.166279499613,902.6007528889731,906.455322265625,491253.0
2023-06-05,912.4079583347714,924.752325124632,903.8206012272276,906.0162353515624,201852.0
2023-06-06,910.3587297116852,910.3587297116852,888.012029539771,890.5980224609375,200763.0
2023-06-07,892.8912983484269,903.5767307161506,892.1594202350265,897.380126953125,129588.0
2023-06-08,899.52694195959,905.0892272900544,888.5487707390906,891.3787231445312,155470.0
2023-06-09,893.5255118195204,898.9413973118817,881.6202839913797,885.474853515625,120104.0
2023-06-12,890.5980449525994,904.5525081428462,884.8405803519599,895.72119140625,150521.0
2023-06-13,901.1859094625694,906.2602762519684,888.6464217148867,891.9642333984375,193344.0
2023-06-14,896.7457070256814,900.3563169810903,890.9394631250027,894.4524536132812,133270.0
2023-06-15,898.5511011559678,909.7732316949368,889.9149636523089,894.9404907226562,194482.0
2023-06-16,895.3308807910802,904.406157370944,880.3029598942445,886.0604248046875,183797.0
2023-06-19,889.9637377651623,902.6496243780427,889.9149578056523,894.2574462890625,227034.0
2023-06-20,897.7704565438669,939.4875076495738,897.5752771412356,922.361572265625,858003.0
2023-06-21,926.8991892224892,990.3774637578736,924.1668562416576,980.814208984375,2685180.0
2023-06-22,990.4748819216516,998.281580498374,953.7834224352098,958.61376953125,919867.0
2023-06-23,963.1515375493648,963.1515375493648,928.9972277071888,932.4126586914062,415896.0
2023-06-26,932.412589628648,951.0022792680368,923.1421347867096,928.6556396484376,299308.0
2023-06-27,936.8039662135192,944.2691466434402,925.0939166358504,933.6812744140624,233118.0
2023-06-28,939.6826668220808,945.4400719332106,926.0697227369984,928.1189575195312,187210.0
2023-06-30,934.4131273446366,963.9809898197742,930.5097775905488,954.85693359375,664464.0
2023-07-03,962.6635925168914,975.2519187672684,954.856893337839,960.2239990234376,387357.0
2023-07-04,964.8104449900724,987.5474443966124,950.6120227954596,963.7858276367188,653708.0
2023-07-05,967.9819153670416,975.8373944805325,960.4191755598176,972.0804443359376,344192.0
2023-07-06,970.9582011550248,971.2021605020489,957.6379969833664,961.4437866210938,237748.0
2023-07-07,962.5699497149702,982.1542823643084,954.7362166552348,960.7584228515624,344214.0
2023-07-10,962.7657909560872,964.6262666706614,934.1726537516602,937.5020141601562,312179.0
2023-07-11,940.880330820769,982.0074317195064,940.14591830472,973.9288940429688,827761.0
2023-07-12,976.2789706191764,978.727012170378,957.3801017972283,960.4156494140624,293006.0
2023-07-13,963.3043256491792,970.2567395693184,937.110281724284,942.544921875,403620.0
2023-07-14,953.267333984375,968.0045314573084,947.9795405825836,953.267333984375,596648.0
2023-07-17,960.5135799590868,998.800924837884,954.6872292775382,974.7611694335938,1794049.0
2023-07-18,964.5284217242884,973.0476187222883,910.6715047752166,916.2530517578124,2455922.0
2023-07-19,919.4844616472274,935.151928512356,916.5468116100158,924.0867919921876,712775.0
2023-07-20,929.2765744608172,935.0539764384096,919.4354593611092,922.4220581054688,551048.0
2023-07-21,913.6091805079856,917.6729537170098,902.8867456966046,915.1759033203124,490961.0
2023-07-24,917.9176606096796,923.4991473912136,910.6714338956824,912.1402587890624,290846.0
2023-07-25,919.4844190721732,919.4844190721732,901.2710135914572,903.7190551757812,315937.0
2023-07-26,897.0114139590344,909.692281723252,897.0114139590344,904.6492919921876,286437.0
2023-07-27,908.56611887575,919.2396039629072,905.5795201317816,907.1952514648438,190952.0
2023-07-28,907.4399485691416,910.2796405781444,901.858402528505,905.7752685546876,175214.0
2023-07-31,910.671468569847,918.015593316378,902.8377355068806,905.6284790039062,335631.0
2023-08-01,912.0913500228612,917.3301351329768,906.3628968267808,911.5037841796876,185282.0
2023-08-02,911.6506741389496,918.5051904858592,894.0737238389041,903.3762817382812,283826.0
2023-08-03,901.8583850565273,902.8376015441022,893.0454366683527,897.6477661132812,199735.0
2023-08-04,903.816898581448,909.937002174226,897.2071867012479,900.1448364257812,231567.0
2023-08-07,906.7545596948406,919.2395711809196,900.87926017198,911.8954467773438,354602.0
2023-08-08,912.6298930893314,924.5763478491936,903.1804287660318,907.2442016601562,319639.0
2023-08-09,920.0719544648906,920.0719544648906,901.8585484037836,904.6492919921876,356728.0
2023-08-10,904.747197048348,908.0764976560558,889.1776290721966,893.4862060546875,372175.0
2023-08-11,896.8645630377348,900.3407702283254,884.2326442137389,885.4566650390625,284015.0
2023-08-14,885.4566783157469,886.6317502790051,872.4820573727735,874.4404907226562,325466.0
2023-08-16,874.4404854096334,905.7754188173694,873.4123198605206,879.9730834960938,568732.0
2023-08-17,879.9730311190106,897.9416320188388,875.2727435743031,878.3572998046875,245644.0
2023-08-18,880.4136424027657,884.6243216977041,871.5027950343513,873.0205688476562,218444.0
2023-08-21,874.391492804532,886.1420922448305,869.5443585820811,880.5115966796875,263542.0
2023-08-22,881.3928743119905,896.9624428044443,881.3928743119905,892.5070190429688,383085.0
2023-08-23,898.920868339835,900.3407444098218,892.1153007928666,897.9906005859375,210506.0
2023-08-24,901.858514267608,908.7130306626932,895.3957084303267,897.84375,247707.0
2023-08-25,891.0871003579127,899.4593902815743,884.2325842013134,893.094482421875,153833.0
2023-08-28,893.0455282320045,895.4446208258676,877.3291139483542,879.6302490234375,315729.0
2023-08-29,882.2742117850648,889.716234503898,882.2742117850648,883.5961303710938,153542.0
2023-08-30,888.9817792851053,895.9832019832145,885.7014275342267,889.8630981445312,224023.0
2023-08-31,893.0455546811877,915.6654346266542,889.0797393357668,908.9578247070312,600611.0
2023-09-01,916.5467025867832,916.5467025867832,901.2219394755526,905.4815673828124,278275.0
2023-09-04,844.0846660053082,908.125452274778,844.0846660053082,897.5498657226562,682054.0
2023-09-05,897.5499711998926,910.0349836781912,893.0455984477123,898.9208984375,245275.0
2023-09-06,901.8095960622774,910.8673501781444,898.9208949584834,900.732421875,241731.0
2023-09-07,903.8169117253732,907.7337780817128,898.9697776560754,900.5365600585938,238765.0
2023-09-08,898.9208420473823,935.1029075014188,898.9208420473823,919.9739990234376,1690687.0
2023-09-11,930.2557339166108,949.8400651569603,923.4012179824882,935.8372802734376,1725626.0
2023-09-12,943.9647838269526,947.8327012741768,905.8242860540612,913.6090698242188,862221.0
2023-09-13,913.6091146500384,922.2262090299585,883.253399157915,895.9832153320312,668286.0
2023-09-14,909.839211559188,928.2484733806724,905.971293679768,911.063232421875,592924.0
2023-09-15,914.5882633014942,947.881626205403,912.531932440554,922.373046875,1100459.0
2023-09-18,926.4368126169716,927.7587909030268,908.4682116951644,910.7203979492188,266084.0
2023-09-20,911.6017125892532,920.4636109326708,903.1804139058436,904.89404296875,271502.0
2023-09-21,904.8940075303356,909.3494907327132,888.394232248901,903.7679443359376,710374.0
2023-09-22,902.0053747269134,906.2649429345375,891.0870859756124,892.65380859375,233683.0
2023-09-25,895.004043722093,902.9356749075024,886.1910936197967,887.8557739257812,213857.0
2023-09-26,891.0381948292962,897.2561965957675,882.3720916925909,884.9180908203125,219694.0
2023-09-27,883.0085823524558,900.5855325405789,881.6866638291965,891.7725830078125,215488.0
2023-09-28,895.9832382829387,902.8377548599668,852.8977055130488,854.8071899414062,3702726.0
2023-09-29,857.5000322704724,868.5651684610104,848.0016188131174,856.6187133789062,581906.0
2023-10-03,856.6186080653057,861.1230399610494,837.2301327342602,838.160400390625,546879.0
2023-10-04,837.2302149468173,847.7078447948013,824.8431007254512,835.0269775390625,489209.0
2023-10-05,842.1263551016127,848.7360677724683,837.3281694042599,838.6990966796875,230160.0
2023-10-06,845.5535612354375,847.8057475343869,837.2302198683255,838.9927978515625,191674.0
2023-10-09,827.4380596767514,829.4454418326983,817.6948421686498,822.0523681640625,331041.0
2023-10-10,822.0524253179426,834.2436852703287,822.0524253179426,829.54345703125,160173.0
2023-10-11,834.3415396479468,852.3591500219039,834.3415396479468,839.6293334960938,254457.0
2023-10-12,846.973448156178,846.973448156178,828.4172807995965,829.7882080078125,250808.0
2023-10-13,827.4380702310264,832.3341534868312,822.639884733681,828.0745849609375,185533.0
2023-10-16,828.0745468198602,849.4704057555787,819.7021970247508,840.216796875,440220.0
2023-10-17,845.0640150778887,848.0016651882406,840.1679315606357,842.8118286132812,191983.0
2023-10-18,822.5420070863818,842.1263405884384,817.6459237108676,819.212646484375,716417.0
2023-10-19,819.2126298767748,821.5138248766008,812.4071219360899,814.8551635742188,217809.0
2023-10-20,819.6043069920678,822.2482038066604,810.7913574545187,811.91748046875,167831.0
2023-10-23,813.6800469720945,814.6103146968497,791.9903753421517,794.4873657226562,274952.0
2023-10-25,802.957716400858,808.0986042192781,785.135960010339,799.5794067382812,256656.0
2023-10-26,793.1654555790019,799.4814146786069,781.6107115127838,796.6416625976562,297809.0
2023-10-27,798.502228365799,817.6459019000713,798.502228365799,814.708251953125,181769.0
2023-10-30,821.043155879708,823.253033352946,806.4088321893379,814.2661743164062,129688.0
2023-10-31,821.0431812627962,821.0922776632556,803.4623537312526,804.6900634765625,159935.0
2023-11-01,809.306272383318,809.306272383318,795.6541158971747,797.0291748046875,127574.0
2023-11-02,804.395366701627,808.8151214637238,791.6271862777917,796.5380249023438,185767.0
2023-11-03,804.3954397003862,806.9490520381889,799.8283353863845,802.529296875,114496.0
2023-11-06,805.3775625923926,813.9224340872986,803.5114198710954,810.1410522460938,193056.0
2023-11-07,810.2883919256067,838.7712566114765,802.922133817192,825.9539794921875,381073.0
2023-11-08,833.860516077746,834.8426839412061,815.9850489734157,819.8646240234375,135519.0
2023-11-09,825.0209772703743,825.0209772703743,810.2884598191175,814.6591186523438,92446.0
2023-11-10,814.609973526128,817.1635857529005,810.2884113535372,811.1232299804688,106570.0
2023-11-13,829.9317932474609,831.7487797036753,810.4357863433717,819.7172241210938,141938.0
2023-11-15,827.2799726416271,831.8961735515146,822.0744949971873,825.2665405273438,163628.0
2023-11-16,828.949644674159,860.1334731319844,821.0923020706125,838.4766845703125,1713499.0
2023-11-17,836.6595591560354,844.3696118261025,829.4406502990993,833.123779296875,335350.0
2023-11-20,833.1238325359052,843.6821363375685,830.1282327489722,833.5167236328125,215758.0
2023-11-21,838.6731210578256,848.1019081014398,826.1995778201941,829.0969848632812,280487.0
2023-11-22,829.931836490199,834.8426757593717,819.1770865013568,830.030029296875,217301.0
2023-11-23,834.2533652842365,838.7713132504388,820.1101247823377,821.8289184570312,165424.0
2023-11-24,824.4317165477657,827.8201476698881,815.4939531525206,817.5073852539062,129506.0
2023-11-28,822.614660099838,824.5298993718301,814.7573174018337,816.5252075195312,170141.0
2023-11-29,821.7797843764824,834.8426037158603,817.1635838724657,819.2752685546875,282207.0
2023-11-30,823.056615440373,831.5032345318187,817.4091505969576,821.730712890625,276734.0
2023-12-01,828.9496822755084,833.3694376904845,820.6994481888454,822.8602294921875,185399.0
2023-12-04,833.7622551232353,834.8426157060314,822.319976470441,824.136962890625,247043.0
2023-12-05,825.9050076176427,830.7175943393539,821.0923609491605,822.5656127929688,292654.0
2023-12-06,823.0566147120334,839.0659378298476,822.2708924629977,825.3646850585938,562238.0
2023-12-07,826.9853203835389,856.9414394710662,826.9853203835389,851.7359619140625,1254300.0
2023-12-08,859.3968296015595,883.8528319312129,851.9323782602978,866.9595336914062,1489107.0
2023-12-11,875.799056547171,882.625134881345,859.3968419738594,863.4237060546875,441394.0
2023-12-12,866.9595757962007,903.5944247222152,866.2720463097759,888.1743774414062,2092826.0
2023-12-13,895.4424838609248,906.3445235410674,876.0937642968531,878.696533203125,934044.0
2023-12-14,897.6031788653048,913.4160565100524,894.7548682587717,896.9156494140625,1471920.0
2023-12-15,903.594413299242,937.8229385634464,900.647909777614,918.5233764648438,2306799.0
2023-12-18,918.523412922402,936.791711502884,910.4696243209318,919.7020263671876,898252.0
2023-12-19,923.2377366447438,928.14857566945,904.5765483508608,909.1927490234376,450544.0
2023-12-20,911.451732181714,930.1129206638826,859.6914763497138,869.0711669921875,1053009.0
2023-12-21,856.548596622069,902.6122948424658,852.0797446924535,897.99609375,968670.0
2023-12-22,903.3979307866856,906.5408797372075,885.7189103801094,900.3041381835938,429653.0
2023-12-26,901.5318178287012,905.5586816970218,887.4867707950788,892.5940551757812,438011.0
2023-12-27,897.5049570417945,900.6479061080792,884.9332207234235,886.7011108398438,355652.0
2023-12-28,888.7636633474751,893.5762495839768,880.022345976812,881.8884887695312,322840.0
2023-12-29,886.308212389443,890.8261601158459,879.0401469720861,880.0714111328125,339983.0
2024-01-01,882.4778222840555,896.7192562552507,882.4778222840555,887.5360107421875,300820.0
2024-01-02,892.5450513440217,898.6836005279558,875.2097644698839,893.2816772460938,400253.0
2024-01-03,891.8574648527436,892.5940907077423,881.0045225784492,887.6341552734375,318933.0
2024-01-04,891.5137859169542,896.6701672247872,882.9689134746202,884.6386108398438,297248.0
2024-01-05,885.8172056320442,894.6567162594752,879.1384163116818,887.6832885742188,337363.0
2024-01-08,888.9110163456222,892.692398602938,874.1294019315271,874.8660278320312,285774.0
2024-01-09,883.9509896879465,891.808331818506,877.0758153237069,879.1875,244120.0
2024-01-10,879.7277777642389,884.8350627043905,871.2320016654543,876.732177734375,272109.0
2024-01-11,879.0402441762986,883.7546379657674,872.1650690821824,873.9820556640625,183034.0
2024-01-12,883.852836161125,916.166121140728,882.7233192009654,906.0498046875,1843126.0
2024-01-15,916.8045725029708,943.8632842183152,916.36258499031,928.4432373046876,1791365.0
2024-01-16,930.1129669378656,933.6487472685312,905.706119503262,918.228759765625,630576.0
2024-01-17,913.3669621944376,931.7826085370856,904.5765483508608,909.1927490234376,710873.0
2024-01-18,900.6478269806804,903.5943302314352,856.4993746175204,868.1871948242188,1428402.0
2024-01-19,881.0045774310154,890.089630208314,870.3971764479556,873.7365112304688,429031.0
2024-01-23,869.2185643102639,874.9151259627173,836.3159406894798,841.0303344726562,606846.0
2024-01-24,841.4722770618383,864.2585824014508,836.414088826501,852.276123046875,367748.0
2024-01-25,854.4860252346267,864.7496912052468,847.4144047605728,851.0975341796875,274434.0
2024-01-29,851.539467939114,855.4681390714744,839.7534545420328,840.9320678710938,288567.0
2024-01-30,845.9902940440601,854.4860703312341,840.4901777999468,842.1107788085938,193613.0
2024-01-31,841.6196229351206,864.2094826340323,840.5392023727652,860.4281005859375,403889.0
2024-02-01,863.3255002294292,864.0130296819912,846.7268403532516,848.7894287109375,154158.0
2024-02-02,850.7046668095584,879.5312678577939,850.7046668095584,858.3164672851562,560838.0
2024-02-05,858.3164575770836,859.3968181697911,837.8382231417789,840.5391845703125,305996.0
2024-02-06,842.7000116718942,864.3077042788658,841.7178438261227,853.60205078125,373335.0
2024-02-07,857.1378478694041,862.588867149828,844.6643048663275,846.9232788085938,208599.0
2024-02-08,849.4278846474816,850.6064981172676,835.8248832062066,837.5927734375,265448.0
2024-02-09,837.789098981341,843.2892144566753,823.056582586593,826.9361572265625,284473.0
2024-02-12,826.936207500296,830.128252913219,811.4670643453611,815.0519409179688,282409.0
2024-02-13,815.1992860727206,823.8423508513673,799.8774921445181,820.6994018554688,224751.0
2024-02-14,815.1993264333026,818.1458300228206,807.6366218975194,812.5965576171875,220493.0
2024-02-15,814.2171632839248,837.5436501693207,813.8734285085319,821.4852294921875,405956.0
2024-02-16,827.9184299004618,833.8605336099774,818.1458474642063,821.5834350585938,311636.0
2024-02-19,828.9496397367975,830.9139753759843,819.1279615408639,823.4495239257812,221042.0
2024-02-20,824.9718528326963,828.753174871309,818.1457746562355,819.2261352539062,215217.0
2024-02-21,819.2261653496878,822.0744760434795,810.2884620500246,811.2706298828125,246730.0
2024-02-22,815.199327834109,820.0119743506325,803.4133134557845,807.8330688476562,284795.0
2024-02-23,817.3600514074258,843.0928596389724,815.3466194159964,833.5167236328125,833280.0
2024-02-26,841.1776786498785,841.3249678613362,818.1949266662012,819.8646240234375,325945.0
2024-02-27,821.0922716687913,873.0489716896969,813.2349293561713,857.0887451171875,2803915.0
2024-02-28,864.013012488604,864.1112052884023,825.2664813794428,833.9095458984375,709395.0
2024-02-29,833.8604779370831,841.4722785307373,801.3507471222473,831.8470458984375,380542.0
2024-03-01,839.851604287441,848.2000300157326,831.8960696309498,833.123779296875,258786.0
2024-03-04,840.7356065240397,844.6151811836842,821.927069852653,824.9227294921875,202056.0
2024-03-05,826.9362259659689,826.9362259659689,810.2884690666996,813.1367797851562,265201.0
2024-03-06,814.6591430724116,822.0254020188495,801.4489733724458,809.8464965820312,289093.0
2024-03-07,810.2885034259413,819.128014372406,810.2885034259413,816.5744018554688,193083.0
2024-03-11,820.1101501844436,820.1101501844436,806.3598003609918,808.6187744140625,229515.0
2024-03-12,809.3062659072729,818.293125241624,790.1539938378653,791.529052734375,444042.0
2024-03-13,793.051439880806,807.2928736592767,766.3364624587352,771.1491088867188,529763.0
2024-03-14,771.1490545674549,794.5737320846949,764.5194220686022,787.5512084960938,321290.0
2024-03-15,787.5512388160754,801.4489373829794,771.0017351049495,778.4661865234375,299912.0
2024-03-18,783.7698999105661,789.662906676811,771.0999113844337,773.1134033203125,209874.0
2024-03-19,776.7965346790168,780.2832183692518,768.0552173064143,769.7249145507812,271583.0
2024-03-20,775.8144582899739,775.8144582899739,761.1801324107234,761.7694091796875,248219.0
2024-03-21,771.0017664300937,779.6939279710122,761.2291842802566,765.7471923828125,281929.0
2024-03-22,763.09533047263,771.001769752715,761.6711750869177,763.7337036132812,338290.0
2024-03-26,763.1444550012114,774.7831205871934,748.9030205127718,751.8986206054688,616481.0
2024-03-27,754.1575461256892,758.6755541227659,736.6258742961478,738.5902099609375,760030.0
2024-03-28,742.4207240709495,750.1307179460899,727.7863986881214,731.1257934570312,777795.0
2024-04-01,737.5098619493331,790.939756978212,736.0366101755204,782.2966918945312,692995.0
2024-04-02,783.8681524507219,798.8462124564215,774.3902684807507,792.4130249023438,381365.0
2024-04-03,785.7342768943029,816.181480123957,784.0645795665489,803.8552856445312,542368.0
2024-04-04,815.1992587097373,815.1992587097373,801.792644512492,807.0963745117188,205382.0
2024-04-05,806.408882573494,814.8064055071201,801.7435853940609,809.6500244140625,258967.0
2024-04-08,820.1101584948393,820.1101584948393,799.0426460267859,802.08740234375,198701.0
2024-04-09,802.4311484638619,824.038841568152,800.4668127271083,806.9490966796875,241748.0
2024-04-10,805.2794320945754,808.815212322744,801.7435919196397,804.2481079101562,131269.0
2024-04-12,802.5784531619981,815.150189191425,801.2524906450828,807.2928466796875,367199.0
2024-04-15,786.6673711560909,800.1721794319417,775.1268986294549,786.7655639648438,382667.0
2024-04-16,780.8233969628882,828.8514261132736,780.1849639174831,798.551513671875,937842.0
2024-04-18,802.0382303117499,812.2037033749684,791.6272752364782,794.4755859375,222338.0
2024-04-19,785.7343250428903,807.4402117934915,780.8234855113722,797.8640747070312,302830.0
2024-04-22,810.2884926461439,810.2884926461439,791.2835683427876,794.9175415039062,217917.0
2024-04-23,800.3193976610048,802.529275182867,791.5290439203425,796.6854248046875,205061.0
2024-04-24,805.5740359838712,807.5383715703002,797.7166936381554,804.4445190429688,209495.0
2024-04-25,812.2528097315585,823.6950891315144,803.4132991057012,805.2302856445312,513798.0
2024-04-26,812.2527987357073,812.9403282088757,797.5693776277337,802.8731079101562,301864.0
2024-04-29,810.2885670724509,811.7127226039332,796.1944808239007,799.7793579101562,188560.0
2024-04-30,799.8775152022338,814.5117800927568,795.457759909373,799.9757080078125,275874.0
2024-05-02,804.3954179578118,806.2615607327566,795.5559078703633,796.6854248046875,179934.0
2024-05-03,796.6854511393918,802.4311089074523,790.8415406212756,793.2478637695312,192316.0
2024-05-06,797.5202870114356,800.4667905348768,785.7342729176705,791.3326416015625,192654.0
2024-05-07,800.3194192324609,826.9852993603765,786.7164189877216,807.2928466796875,2012467.0
2024-05-08,813.2839977424157,822.5654950188466,804.3953915467885,807.3909912109375,733893.0
2024-05-09,815.4447459144675,815.4447459144675,791.970913531842,795.8013916015625,356222.0
2024-05-10,799.3864151412938,799.3864151412938,788.6807618915806,793.493408203125,147880.0
2024-05-13,795.5559153226571,809.8464447752112,777.8768949821537,808.3240966796875,306460.0
2024-05-14,811.2705737761936,812.0562959987308,796.6362501010412,799.7301025390625,148519.0
2024-05-15,800.5159396107761,807.7349096862691,793.591667864432,795.3595581054688,153268.0
2024-05-16,801.3998580218775,805.9178060901705,795.2122126425137,800.6141357421875,270811.0
2024-05-17,804.3954517301661,810.1902658983819,798.551541159867,804.8865356445312,229521.0
2024-05-21,800.221271550192,801.5471741951023,794.6229027055622,796.0470581054688,194512.0
2024-05-22,799.4845511463694,805.8195451441912,790.6450413671098,802.3819580078125,239168.0
2024-05-23,802.4310763772465,809.1098052928696,799.484573036816,800.9578247070312,207750.0
2024-05-24,805.3285065782155,805.377602979288,793.591589277152,794.7702026367188,230371.0
2024-05-27,797.6184742089829,799.4355206703904,785.7342673933651,788.3370361328125,287300.0
2024-05-28,788.9262940263776,795.5559267492883,785.7342486412724,787.7476806640625,253236.0
2024-05-29,789.6628853906981,793.788002005226,786.7163820870014,787.944091796875,124722.0
2024-05-30,788.0914834342766,789.9084699241553,775.2250490129915,776.4527587890625,223903.0
2024-05-31,776.5018595112564,782.7877575784222,772.0821042928086,774.4393310546875,198344.0
2024-06-03,798.4533986920646,798.5024950972429,768.0552904871389,770.9526977539062,319148.0
2024-06-04,771.9839125324719,773.8500553837126,747.724355200177,751.5057373046875,606961.0
2024-06-05,761.3273572909595,778.8590276935018,747.7242979514583,773.5552978515625,420125.0
2024-06-06,784.7521407306858,811.9582031558847,779.8413013018329,805.9178466796875,806692.0
2024-06-07,806.3597978090296,850.5573506731056,805.9178102910354,826.5433349609375,1651362.0
2024-06-10,833.2220669241657,901.5809848711737,831.4050803905013,892.2012939453125,4101921.0
2024-06-11,896.7192151974939,898.6835508277185,869.2185163743507,877.46875,1068618.0
2024-06-12,883.9510627172468,910.9115821194764,867.4997512722314,874.2767333984375,1229930.0
2024-06-13,883.7546351473368,893.7727593847394,875.0624734990611,878.5000610351562,584325.0
2024-06-14,882.4429972251992,885.942396047164,867.4595922353317,869.4310913085938,475204.0
2024-06-18,869.4311313668858,880.0279393739086,865.0445336936936,871.5997924804688,431080.0
2024-06-19,878.007134439898,888.1603427512597,860.8057927941593,875.0006103515625,522689.0
2024-06-20,876.3314223166531,879.682995129574,867.4596756340322,869.6776123046875,296603.0
2024-06-21,883.2316776325405,942.3766560454338,883.2316776325405,893.237060546875,5237816.0
2024-06-24,897.0321084784412,916.7470998735718,885.2031136413628,904.27734375,750029.0
2024-06-25,834.1412992910324,840.7458334520073,816.2006450597826,818.7142944335938,21164981.0
2024-06-26,822.1151223425887,827.9310687370627,811.9619140397785,816.496337890625,2234481.0
2024-06-27,816.4963294484024,820.439327596327,800.0836357568926,804.2730712890625,1249555.0
2024-06-28,807.328862400409,813.9333962626451,803.9280145000793,805.653076171875,794204.0
2024-07-01,808.3145727216678,825.3187512331907,806.6880620152858,821.4743041992188,1364387.0
2024-07-02,825.0724156281435,827.9803889827286,817.4821316711286,819.108642578125,1267114.0
2024-07-03,824.0865985940811,824.9737972280959,812.4054908500163,813.982666015625,476253.0
2024-07-04,817.1864103994201,837.2957261086942,816.2006608090709,820.4886474609375,1313065.0
2024-07-05,816.7920976772181,822.7065953002692,812.3562244599296,814.8699340820312,648646.0
2024-07-08,821.9179672166794,821.9179672166794,808.3146353859428,810.4340209960938,550059.0
2024-07-09,810.2861077239843,814.4755431957932,808.3146086784271,809.7439575195312,413086.0
2024-07-10,809.7439514434888,812.2576006746373,796.4856084285278,802.350830078125,526498.0
2024-07-11,807.9696674100393,810.2861548571651,800.4286590559831,801.4636840820312,357886.0
2024-07-12,812.0111886637847,825.4173584256488,804.6673425116861,818.61572265625,1767594.0
2024-07-15,825.0723888094208,826.0581383778908,810.48330722914,813.8841552734375,595772.0
2024-07-16,813.8840951686817,825.8609154418857,807.6245497719325,816.2991333007812,983564.0
2024-07-18,812.2576485138411,820.0943696557581,805.3574014997672,816.594970703125,973743.0
2024-07-19,820.2422177012359,822.6080408062558,800.2315128638902,803.238037109375,743275.0
2024-07-22,796.4855704146995,802.4000672247096,791.7539849997659,793.6762084960938,388451.0
2024-07-23,802.400112183275,808.2653338815719,779.7278731412414,800.8229370117188,925403.0
2024-07-24,801.3651022966905,822.1151181251674,797.4221041282244,816.052734375,865522.0
2024-07-25,808.3146094108591,811.0254206009565,803.3858617925002,805.3573608398438,289210.0
2024-07-26,808.2160719573844,814.2291200855701,803.4844260328179,806.8359985351562,420767.0
2024-07-29,813.1448662001101,815.6585156380505,800.4286723394032,802.9423217773438,423513.0
2024-07-30,803.2379752977989,810.9761451578481,799.5414145840298,805.3573608398438,373989.0
2024-07-31,806.7866759433715,810.2367991319427,801.0200053718213,801.6607666015625,358022.0
2024-08-01,808.0189614053943,811.9619598163853,798.4571782256651,801.2665405273438,481848.0
2024-08-02,797.2742469425754,799.1471952076067,793.9720099212292,794.51416015625,392389.0
2024-08-05,778.7421466521822,788.599642179425,761.787242312249,762.9701538085938,885200.0
2024-08-06,769.7718396979025,781.9950978922268,763.9558933469169,766.3217163085938,325265.0
2024-08-07,769.8704165780933,774.7991644435101,764.0051945851716,767.01171875,368621.0
2024-08-08,767.0117321704388,773.3205536147096,764.1038190112664,766.22314453125,354572.0
2024-08-09,775.7848581561566,777.7563571603654,764.0051395729341,765.3359375,275622.0
2024-08-12,765.3359650628948,766.6667028725111,756.217781840046,761.639404296875,440268.0
2024-08-13,754.0984190144018,756.06991814908,740.2979250716545,743.8959350585938,1356106.0
2024-08-14,744.0437732252042,750.9932957523705,738.4249885689535,740.6922607421875,422076.0
2024-08-16,751.1411292834755,763.561549087367,750.1553797699801,755.1826782226562,465241.0
2024-08-19,760.0128984867544,764.9416462071613,753.7534129479885,762.2308349609375,356096.0
2024-08-20,766.913139511714,784.6566311713681,764.9909158821761,775.0948486328125,665457.0
2024-08-21,776.4256196349094,792.7397618666258,775.1440971494839,789.9796752929688,725735.0
2024-08-22,795.4013582986711,795.4013582986711,783.67091425809,785.4452514648438,332339.0
2024-08-23,788.5995988643558,789.5853483629363,776.5241675067454,778.4956665039062,285729.0
2024-08-26,779.087159371147,798.3586118637966,779.087159371147,792.6905517578125,734111.0
2024-08-27,793.5284105778924,801.9072819939322,792.5919364453766,794.51416015625,391253.0
2024-08-28,794.5633914378446,818.0735536741356,794.5141159947416,800.8229370117188,1256177.0
2024-08-29,800.9215079748782,804.026643118101,789.6346636140336,791.8526000976562,354867.0
2024-08-30,798.4078778065239,802.8930263256663,790.9654805716331,800.724365234375,472644.0
2024-09-02,800.7243351432201,814.0319538639883,798.4571232460905,799.5907592773438,535637.0
2024-09-03,806.244577912662,806.244577912662,795.4998837928039,798.3585815429688,304308.0
2024-09-04,788.4024591539277,798.3585654694435,780.7136248813533,789.9303588867188,388952.0
2024-09-05,793.4790748192189,801.7593345488077,788.6981536283574,790.1275024414062,293157.0
2024-09-06,797.4713904333792,812.2576337665073,791.8526059337148,794.7113037109375,733840.0
2024-09-09,788.5996705157505,793.528418456474,783.2765986736172,786.3324584960938,325918.0
2024-09-10,790.669710029067,803.1887416644485,790.669710029067,801.0200805664062,444063.0
2024-09-11,803.3858574389463,807.3288555122664,796.4856108106364,798.1121215820312,436996.0
2024-09-12,804.371680281155,821.1294236203457,796.6335699230342,810.779052734375,1690180.0
2024-09-13,812.2576210104902,815.0177076895864,808.3146228502452,809.1032104492188,393345.0
2024-09-16,811.2226641120574,813.194163357647,794.6620824821812,796.2392578125,287038.0
2024-09-17,795.499905626313,795.499905626313,789.8318455800288,791.8033447265625,267127.0
2024-09-18,790.0783145215034,792.4441376579638,779.7279435889072,781.7487182617188,402022.0
2024-09-19,789.4868609974287,791.2611982045529,767.8989211755085,780.9108276367188,402679.0
2024-09-20,782.5372258117795,792.6411583068967,777.7563647460938,788.599609375,318033.0
2024-09-23,788.846113144121,794.4648978668835,780.2700796373132,782.3894653320312,295744.0
2024-09-24,782.3894427626553,792.34548931559,780.417943630163,782.1430053710938,454926.0
2024-09-25,784.2622930491009,785.7902529354598,777.3620464178707,780.27001953125,414072.0
2024-09-26,776.7706036538403,791.0146959188924,776.277728905329,787.2688598632812,330868.0
2024-09-27,792.98621765653,798.4571154888412,781.9950863833417,787.5153198242188,749414.0
2024-09-30,783.375163258165,800.9707682965417,780.8615139905936,796.8799438476562,685396.0
2024-10-01,793.6762110197587,801.8086441593815,790.127476823245,793.971923828125,219279.0
2024-10-03,790.0782310475283,792.5426048187309,781.6993602254397,786.0366821289062,396633.0
2024-10-04,780.7136182504728,798.4078341315227,773.9119225101706,789.1910400390625,515176.0
2024-10-07,789.5360422405213,795.894138292371,767.2087928991384,786.2830810546875,581210.0
2024-10-08,785.5438107046486,788.9939339989576,776.8691668609431,786.480224609375,225786.0
2024-10-09,788.5011234495535,797.4714206790494,788.4517878376026,793.5776977539062,301849.0
2024-10-10,795.6477435975432,800.4286046701246,789.5853600255787,797.6685180664062,310197.0
2024-10-11,798.4571730238252,798.4571730238252,788.5996770605682,789.3389892578125,168667.0
2024-10-14,788.5996386076165,795.9434847752254,784.7551913032534,794.1198120117188,220769.0
2024-10-15,790.6203642928634,797.323448773742,782.0443317198775,784.2622680664062,204663.0
2024-10-16,784.262334825298,794.2184415942133,783.7201845941829,789.3882446289062,198548.0
2024-10-17,789.4868297931713,798.2599645903996,785.2973942527294,790.9654541015625,353903.0
2024-10-18,788.5996369701727,793.2326718704479,782.6851396928963,784.903076171875,234601.0
2024-10-21,785.6423578965102,787.6138569125617,773.8133638002014,777.1156005859375,422301.0
2024-10-22,777.7071037493665,786.8252869021337,760.2100495913537,763.3151245117188,315641.0
2024-10-23,763.2658749537219,776.3763321146592,751.0918919111467,766.1245727539062,301753.0
2024-10-24,768.9338962845089,774.6019559894331,760.1607617100256,764.103759765625,877232.0
2024-10-25,764.9416259520814,770.8561230599582,742.8608126831905,757.7456665039062,478173.0
2024-10-28,761.9351474182643,762.9701724408252,747.1981792120743,755.9713745117188,341387.0
2024-10-29,763.9559212949927,766.4695706803712,750.2047026786068,751.4368896484375,683660.0
2024-10-30,751.4368272984898,762.9701084122145,751.4368272984898,757.9428100585938,289192.0
2024-10-31,759.0271118715538,764.6458960314701,749.169616912183,753.7040405273438,204207.0
2024-11-01,763.9559421648764,764.6952543669715,757.0556949453228,758.1893310546875,60123.0
2024-11-04,758.23856048708,759.3228609181981,744.9802171010322,746.3602905273438,167442.0
2024-11-05,746.2124197732006,757.006389529548,743.5016084728356,752.6690673828125,526973.0
2024-11-06,755.0841499488988,775.7356149081224,755.0841499488988,773.4190673828125,382402.0
2024-11-07,775.7356107989525,783.6708825451075,768.8846394782187,781.8965454101562,248652.0
2024-11-08,778.7914084107854,783.4737187039419,757.104918631955,759.2243041992188,228201.0
2024-11-11,759.2242568465871,759.2242568465871,751.2396500086078,751.7818603515625,328969.0
2024-11-12,754.1476335463788,759.0271055436627,744.7337379717367,746.3109130859375,223724.0
2024-11-13,730.8347103827979,753.2111761153316,730.8347103827979,739.1642456054688,984270.0
2024-11-14,733.890609121413,747.7896550198157,721.5687385854592,725.3145751953125,503025.0
2024-11-18,725.7088510035212,733.3976856751036,710.9226073407167,713.1898193359375,996368.0
2024-11-19,713.189772927672,736.8477612487006,713.1404974850784,726.0045166015625,401917.0
2024-11-21,725.5117216396914,726.0045964505879,707.7682284474163,709.9368896484375,215158.0
2024-11-22,707.7681975476279,715.8020806806504,707.7681975476279,711.0704345703125,210945.0
2024-11-25,724.5258953130842,725.2159320083623,711.0703903339765,712.8447875976562,228576.0
2024-11-26,716.689208984375,723.5401804921379,713.682684845106,716.689208984375,173857.0
2024-11-27,724.8496742393017,729.0535650237368,717.1343102859917,722.178955078125,818891.0
2024-11-28,726.9269626478624,726.9269626478624,715.3538859652466,717.0848999023438,273673.0
2024-11-29,722.0306357327262,723.0692319941012,713.7711903609932,715.4527587890625,209753.0
2024-12-02,719.0137487957143,766.8391663670631,713.5239134952875,762.0418090820312,3993483.0
2024-12-03,762.6352591264813,779.1046439299583,743.5941064180705,745.4240112304688,1001210.0
2024-12-04,746.9076891554504,751.6061551045922,738.5988592796967,741.3684692382812,317607.0
2024-12-05,743.3467887562407,763.6243791348209,743.3467887562407,752.2491455078125,546906.0
2024-12-06,752.2491359325929,758.5797248023181,747.6001153913544,749.6773681640625,239511.0
2024-12-09,751.9029913820947,763.525513075164,749.7762930507696,753.831787109375,348424.0
2024-12-10,754.7220073456992,769.3119806200755,748.9849451835893,753.23828125,735186.0
2024-12-11,754.7220713549732,759.6678254267621,749.8752082154303,751.4578857421875,157136.0
2024-12-12,754.7219974425691,756.700298877543,737.9064352452904,740.9727783203125,235825.0
2024-12-13,740.3298859740329,741.7641666265603,728.4106315906295,737.31298828125,180268.0
2024-12-16,737.3130183643964,744.8305401717885,733.3564152293536,735.334716796875,198563.0
2024-12-17,735.9282003693756,741.8136597453116,730.4384254654086,732.5650634765625,180157.0
2024-12-18,731.4275418356428,736.5216320278035,723.0692058358597,724.0089111328125,160179.0
2024-12-19,717.1342698563221,721.6843390055335,714.7108385249726,717.6288452148438,174207.0
2024-12-20,723.2670606733092,727.1742183195187,684.3439413500189,692.65283203125,696095.0
2024-12-23,698.9339299684592,704.9677860622089,688.7456888199973,692.1088256835938,224588.0
2024-12-24,692.1088576348319,699.0329135429663,688.7951660835818,693.1968994140625,159055.0
2024-12-26,693.1968159049027,710.3586172049459,692.4055073996112,694.6805419921875,325165.0
2024-12-27,695.8180991886519,697.1039830743227,692.4549625280022,692.8506469726562,115248.0
2024-12-30,693.1968483558268,765.4048546506624,688.4983821928067,741.5663452148438,7580212.0
2024-12-31,731.9716062542532,737.3130448274605,722.0800980616281,726.778564453125,520969.0
2025-01-01,726.7291062431592,730.1416885843682,715.2054752516343,717.1837768554688,269205.0
2025-01-02,722.2284136711736,724.5034482252187,714.6119411441807,717.233154296875,193246.0
2025-01-03,717.1837575431109,738.8956291351299,715.254901456718,730.0921630859375,695023.0
2025-01-06,730.0921886354346,731.7737570868536,699.3296225968425,704.374267578125,328121.0
2025-01-07,706.6493587593881,718.0740384747538,706.6493587593881,716.2935791015625,250079.0
2025-01-08,713.2271574590633,720.200658379701,704.7204849048481,709.8145751953125,201581.0
2025-01-09,709.8145962579815,715.0076380042714,697.4502111477674,700.4176635742188,138563.0
2025-01-10,699.8736589975316,709.2211464330646,692.7517609336505,698.9834594726562,325317.0
2025-01-13,695.2741059969511,726.926930892567,692.405544591597,710.704833984375,1800365.0
2025-01-14,704.2753558164568,718.1234667454321,702.4948964858972,704.9677734375,333900.0
2025-01-15,707.7868522127486,724.9486550431791,706.4020772982449,716.2440795898438,273047.0
2025-01-16,736.9172957141118,736.9172957141118,712.1885274015577,714.4635620117188,302633.0
2025-01-17,717.1342719127455,719.953327315215,708.034073215259,711.4466552734375,740829.0
2025-01-20,712.1885428832844,722.7724680257274,709.6167750720609,713.029296875,724624.0
2025-01-21,717.0353971439021,721.9811508547223,708.2319313894541,709.5672607421875,183957.0
2025-01-22,707.5889684404046,712.0896526740336,700.3187345403395,708.1824951171875,156970.0
2025-01-23,707.7374052446427,720.7942080239604,706.1052822573625,708.3308715820312,547241.0
2025-01-24,710.1113431283687,710.3091249787541,695.9664391935498,699.428466796875,155418.0
2025-01-27,693.3947196301119,705.1656384491994,677.5683066285687,681.0303344726562,342987.0
2025-01-28,680.5357291434518,689.3886406015256,658.2798368386151,664.511474609375,552014.0
2025-01-29,665.3028003609742,692.4055562847375,665.3028003609742,689.0424194335938,279869.0
2025-01-30,688.5478233322141,697.3512892894539,680.5357262853111,684.7890625,118025.0
2025-01-31,677.7166894907389,694.3344107267156,677.7166894907389,681.1292114257812,289670.0
2025-02-01,691.5647824116598,703.7313247626228,683.5526249808025,688.7456665039062,177800.0
2025-02-03,692.4055630796387,719.1126347984247,692.4055630796387,707.0449829101562,1162748.0
2025-02-04,712.8810065453353,715.8979044653786,689.9326954951316,700.8133544921875,228279.0
2025-02-05,693.394715441555,696.362167861419,687.459810601827,692.5044555664062,375205.0
2025-02-06,693.3947261870314,699.3790765852347,676.5791622138795,681.426025390625,298650.0
2025-02-07,681.4259685872477,684.8384903401292,671.1387767473124,673.4632568359375,194723.0
2025-02-10,673.4138203352422,675.5405186026461,656.7960997651753,658.42822265625,249998.0
2025-02-11,660.7527252877724,765.305975480507,647.7453682979632,697.4501953125,2767999.0
2025-02-12,683.5526479322792,698.6866430903091,678.4090517001913,686.8168334960938,1241315.0
2025-02-13,687.459769812527,699.7252632360681,686.0749346162345,688.3994750976562,598937.0
2025-02-14,688.7456849005786,698.7855895959376,680.5357453955467,685.5309448242188,724614.0
2025-02-17,675.5899751719415,685.184749705054,662.9783028682194,669.3583374023438,295956.0
2025-02-18,669.3583878453223,678.4585876797679,657.3896264156466,662.8299560546875,245317.0
2025-02-19,662.7310110794227,672.1279433260713,660.3570250995019,662.7804565429688,214178.0
2025-02-20,662.7309812536105,684.6406938128986,661.4945428557493,669.6055908203125,282455.0
2025-02-21,669.6056516277358,687.4598116396085,659.3184590741548,665.2039184570312,240038.0
2025-02-24,660.8515688557015,727.02577586977,652.8889176707692,713.6722412109375,3998864.0
2025-02-25,699.4284477722553,716.2440099595902,693.6419402275657,708.3803100585938,1253083.0
2025-02-27,699.3295522600921,706.8965793439183,690.3283049445456,692.5538940429688,734521.0
2025-02-28,692.4055028935005,716.2440110582178,669.6550363698568,678.8541259765625,3282559.0
2025-03-03,678.5079972136123,694.8289852663768,658.1809605315821,677.172607421875,520083.0
2025-03-04,662.7310062569073,679.0519937244283,662.7310062569073,666.3414306640625,302674.0
2025-03-05,666.3414300535213,698.1425905933762,664.8081980853581,694.5322265625,624427.0
2025-03-06,694.5322768927448,706.5504232094911,686.6685157484193,688.0038452148438,1093977.0
2025-03-07,688.0038591971766,702.1487042272988,684.4923857667545,687.9049682617188,311858.0
2025-03-10,692.3561324450434,700.3187845164332,682.5140696558459,688.448974609375,327019.0
2025-03-11,678.0133991257043,692.4055305795857,662.7310078404606,688.3500366210938,361731.0
2025-03-12,680.7830378989624,692.4055597955303,675.5899962004959,678.013427734375,289370.0
2025-03-13,686.2233084676321,686.2233084676321,658.7743761289269,661.6923828125,265666.0
2025-03-17,658.378763160616,661.4451669334701,633.0565262594289,636.9636840820312,779066.0
2025-03-18,636.9636840820312,636.9636840820312,636.9636840820312,636.9636840820312,0.0
2025-03-19,638.0517093993691,641.909421656067,633.4521944180466,634.4413452148438,382512.0
2025-03-20,639.9806083083553,651.850418663379,635.7767171409512,637.6561279296875,504710.0
2025-03-21,640.7718450728199,655.2134822758433,638.6452071797963,649.1796264648438,596027.0
2025-03-24,643.9371602100221,657.7358257176885,638.0517009722176,639.78271484375,623891.0
2025-03-25,644.0360575859642,650.7128254429942,628.1601994227317,630.9298095703125,611670.0
2025-03-26,634.9854074375883,634.9854074375883,613.2735339591176,616.5377197265625,658060.0
2025-03-27,616.4882458339456,622.6704384315583,602.3928467113884,603.9754638671875,697999.0
2025-03-28,606.2505113512913,613.9658750315944,583.5989353063158,590.2262573242188,971680.0
2025-04-01,583.5989347677686,595.4687436105029,581.6700787562303,585.8245239257812,441996.0
2025-04-02,585.8245624741247,604.2722490802875,579.6423699617342,600.513427734375,961852.0
2025-04-03,593.4904426843889,599.4253471112328,586.863120666486,590.2262573242188,415474.0
2025-04-04,588.5447178171642,589.5338686034115,573.2128806303305,579.8896484375,375755.0
2025-04-07,524.1015280427447,548.8302980810543,513.6659991611727,542.4008178710938,518220.0
2025-04-08,556.8424141296647,560.8484625015102,538.0979957686446,542.6975708007812,283483.0
2025-04-09,541.1149764240732,542.4998118042273,528.2560149937054,537.25732421875,225947.0
2025-04-11,553.9244919435772,562.8268498498132,542.5492568411644,554.4190673828125,368175.0
2025-04-15,559.7604066312018,568.1186817680159,559.01854360441,566.5855102539062,225658.0
2025-04-16,571.6302490234375,573.5095992458583,566.0415230736961,571.6302490234375,158202.0
2025-04-17,570.7894019339275,573.1139423131887,564.4588736491655,570.5421142578125,154302.0
2025-04-21,573.7074066354706,579.9390439777796,569.8002492915493,576.7243041992188,265669.0
2025-04-22,578.6531907365833,584.4892043308073,574.9438754113488,579.1477661132812,152818.0
2025-04-23,593.6883474241649,599.0792315874892,586.3191615769034,589.3360595703125,477047.0
2025-04-24,593.4904855049264,599.0792117259541,589.3360400317971,593.4410400390625,567103.0
2025-04-25,594.9247327045395,595.468753544313,573.7074369696039,579.1477661132812,283004.0
2025-04-28,569.6519778278546,581.8185207632399,567.9209639036704,578.01025390625,178422.0
2025-04-29,578.0102325456501,588.5447124727119,575.6363069039974,579.0488891601562,173431.0
2025-04-30,577.1199975215746,578.6531690573038,562.4310731601851,565.6458129882812,216415.0
2025-05-02,568.71220970548,594.1828403498756,562.2827301253412,589.9295043945312,557601.0
2025-05-05,592.9464507875481,605.9537474006571,584.7859568024253,602.7885131835938,534420.0
2025-05-06,603.3820112222775,607.9320809282059,584.1430153472342,586.71484375,225816.0
2025-05-07,575.6857167830526,588.3468338748215,573.5095731329903,585.033203125,185227.0
2025-05-08,590.2262671553368,595.8644385293449,574.6965882384975,578.70263671875,188253.0
2025-05-09,557.1886053813549,573.7074349803842,554.4684408189479,571.2345581054688,204299.0
2025-05-12,593.4904910992484,608.5255956150244,586.2202567324725,603.0852661132812,469146.0
2025-05-13,593.4904745652036,598.2878317520831,585.0826928421965,586.91259765625,500607.0
2025-05-14,592.6001586329569,593.8861028378852,585.5772128309617,588.198486328125,239609.0
2025-05-15,593.2926653579292,595.4688092937308,589.3855074416226,592.4024658203125,224211.0
2025-05-16,592.9958826000938,602.837944769552,585.9729363298317,598.04052734375,286772.0
2025-05-19,594.479578139847,625.9345587189092,593.1936942883478,605.7559204101562,753375.0
2025-05-20,610.6027774395542,618.219250682558,597.4470838596241,600.9585571289062,412494.0
2025-05-21,600.9585266291203,604.7667932438324,592.6991420083704,598.5350952148438,177418.0
2025-05-22,598.3867358746453,605.3602363263601,593.9850031274171,600.4639282226562,539847.0
2025-05-23,601.4036891098879,605.3108468620879,593.4904826742314,595.2214965820312,190654.0
2025-05-26,601.1563715503521,603.2335639873518,593.985028574227,601.6015014648438,200141.0
2025-05-27,602.2444655761468,603.629300903157,596.4579573037339,598.5846557617188,119184.0
2025-05-28,599.4253793835662,602.7390103844347,594.5290708932148,596.1611938476562,123446.0
2025-05-29,596.0622115095065,601.4036496523171,592.5012929962794,594.182861328125,174272.0
2025-05-30,594.1829181447237,597.1503706471548,586.07186923015,588.0501708984375,167042.0
2025-06-02,588.050123836466,591.512151478901,582.3130615321678,587.9512329101562,143256.0
2025-06-03,585.57725272629,593.4904588442129,585.57725272629,588.3468627929688,112937.0
2025-06-04,591.5121590371183,591.5121590371183,585.5772544313947,587.4566650390625,117674.0
2025-06-05,587.5061168289543,590.572460092407,585.6267062010495,587.4071655273438,188166.0
2025-06-06,590.4241316253685,592.4518786734513,581.5217745014188,582.5109252929688,202583.0
2025-06-09,591.4627543297157,623.1650265418947,583.5989931106633,609.1685180664062,1875992.0
2025-06-10,612.1854381175798,618.2192336891975,609.5641644175487,612.0864868164062,429231.0
2025-06-11,609.3168282285835,618.0707877317067,606.4977728965181,612.8777465820312,328758.0
2025-06-12,612.8777494569628,616.4881736604791,599.0296396595352,601.4036254882812,251706.0
2025-06-13,586.7147657755077,599.425328206272,586.7147657755077,593.8861083984375,221565.0
2025-06-16,595.4688115976438,603.08528521593,584.7365490261793,595.023681640625,233868.0
2025-06-17,599.7715186263254,667.5283433647152,598.4361892952675,661.1978149414062,25039867.0
2025-06-18,656.5982627541507,661.5440165567173,633.0564867285278,640.7718505859375,3995915.0
2025-06-19,635.0348463490051,639.8817096681493,608.4266643076209,612.1854858398438,1322638.0
2025-06-20,610.5038811633431,626.7259179354364,604.3711341756729,618.1697998046875,1283886.0
2025-06-23,613.273483497509,621.1372442717893,599.4253725798234,614.2626342773438,469307.0
2025-06-24,618.3181174806823,650.2677354073506,616.1420341015906,635.4799194335938,3282871.0
2025-06-25,636.5185710135833,646.9046549228958,629.4956241383816,643.442626953125,544911.0
2025-06-26,643.4425994223736,647.3992026471077,633.7489335963701,639.2387084960938,275923.0
2025-06-27,642.9480097618763,650.8612160358686,637.5076804485064,644.1844482421875,656314.0
2025-06-30,644.9757299971172,651.5041611256969,636.5185032177689,648.7839965820312,458966.0
2025-07-01,651.6525322027416,653.6802792595503,639.0408595562084,643.6898803710938,262375.0
2025-07-02,644.0360322761896,647.844298905805,633.74890065045,638.595703125,261601.0
2025-07-03,638.0022197447735,644.8273839191378,634.5401921957708,636.5184936523438,227806.0
2025-07-04,638.0022535692575,638.991404349985,627.3194372119947,636.7163696289062,233508.0
2025-07-07,636.7163710335465,644.8274195280002,629.2482946971729,640.2278442382812,326237.0
2025-07-08,639.7332846428883,639.9311268789498,627.171057315159,629.9901733398438,257123.0
2025-07-09,631.0782300665293,634.3918612006038,623.165023419927,624.5993041992188,199554.0
2025-07-10,628.011876549026,629.6933846360296,620.6921363693451,622.0274658203125,134554.0
2025-07-11,620.1975267905635,632.9080899129201,617.0322322825884,622.2747192382812,281454.0
2025-07-14,620.9394292417994,622.0274709980908,612.4327563117708,618.9116821289062,203837.0
2025-07-15,617.2300537974896,626.0829648808776,615.8452186301666,618.0213623046875,180860.0
2025-07-16,618.7632785773898,626.874327313077,618.7138331113682,623.3628540039062,180733.0
2025-07-17,626.6270044288076,633.6994564890709,623.412264469228,628.4569091796875,279407.0
2025-07-18,631.8883876548987,632.1867644949074,622.141026401124,623.583251953125,137757.0
2025-07-21,620.6490772752123,622.6383371382739,614.0347639475752,615.7256469726562,191252.0
2025-07-22,615.7753990280705,621.6437402186936,612.6920703595443,619.4058227539062,167851.0
2025-07-23,615.1786526271275,621.5940282438615,611.8466664229386,612.6920776367188,113013.0
2025-07-24,613.2888357438804,616.6208826793309,605.7793913605423,608.7135620117188,110680.0
2025-07-25,608.7135479550735,614.1840128468267,608.1167942498408,610.304931640625,186424.0
2025-07-28,607.718943992821,611.349367859371,596.7780137409044,598.0213012695312,193490.0
2025-07-29,598.021269671237,642.6303995583493,588.8209424455256,616.0240478515625,2778577.0
2025-07-30,619.1074588913367,626.268807070408,615.6759732318445,618.80908203125,281583.0
2025-07-31,612.0455411825019,613.1893899560519,601.75114505014,603.83984375,181751.0
2025-08-01,601.7511496802601,611.3493534581191,597.6234108994945,599.6126708984375,177830.0
2025-08-04,599.5629451052173,599.761883244456,592.1032201892415,594.4903564453125,135588.0
2025-08-05,596.7779894967148,601.3035437755856,592.0037777222203,597.9715576171875,146159.0
2025-08-06,596.7779746945563,600.458117679985,588.0252432071818,588.9701538085938,139052.0
2025-08-07,588.0252289909631,592.3518449199396,585.8370309951731,590.8101806640625,163249.0
2025-08-08,595.7336368246818,595.7336368246818,586.9311251043991,589.6166381835938,115737.0
2025-08-11,588.9203651967235,590.3128714004234,571.9122174477565,573.5036010742188,219575.0
2025-08-12,576.4378051757812,582.4055851842422,574.4982645315519,576.4378051757812,114475.0
2025-08-13,578.8746481128496,581.8585380515757,575.5426619642308,577.0346069335938,102385.0
2025-08-14,576.0897183455847,589.0696279340145,576.0897183455847,579.0736083984375,203270.0
2025-08-18,579.9190168598748,586.5333307283911,579.0736056318982,581.5601806640625,135317.0
2025-08-19,582.0077592729778,586.9311291266122,579.4216848907956,585.8867797851562,148138.0
2025-08-20,585.8867526517722,593.0978196999872,581.8585135456274,588.572265625,162920.0
2025-08-21,588.5722600043493,631.5900043984146,588.4230412321641,594.042724609375,2932055.0
2025-08-22,597.8223365806964,597.8223365806964,586.980906236859,588.6220092773438,216856.0
2025-08-25,591.8048330665905,600.7565028104549,587.8263131804285,592.6005249023438,356513.0
2025-08-26,588.3733255949355,592.7994409448108,574.1998490287215,578.4767456054688,341937.0
2025-08-28,578.4767739360533,578.4767739360533,560.9713105149978,563.70654296875,270936.0
2025-08-29,569.2764731091254,569.3262531765205,558.6836997192455,562.0156860351562,139319.0
2025-09-01,565.9941559128159,568.8288876697446,559.7279994245749,563.1594848632812,179479.0
2025-09-02,563.8557701049293,573.4041938020214,559.9766888300746,567.3369750976562,186253.0
2025-09-03,570.2710817508781,574.0009442216672,564.004924941432,570.3208618164062,196395.0
2025-09-04,571.9122373398403,573.901497295805,564.949827493964,566.4417724609375,136901.0
2025-09-05,567.8840116481729,567.8840116481729,561.3691972781035,565.3477172851562,143375.0
2025-09-08,561.9659217395492,565.9444415394752,557.8879632275828,558.4349975585938,192131.0
2025-09-09,556.9927780263956,567.3369539012725,556.9927780263956,564.0546264648438,207499.0
2025-09-10,564.8503850614474,578.3773283900183,563.9551938041967,569.9229736328125,441813.0
2025-09-11,572.9068801840738,575.6918320434892,563.9552101811977,566.0936889648438,169119.0
2025-09-12,566.4417948096933,576.587033126869,563.8060009810873,568.2321166992188,346048.0
2025-09-15,568.8786150251734,571.1165324244012,559.8274460083043,567.0385131835938,227749.0
2025-09-16,568.2818445695167,573.5036522381532,564.4028238686834,571.6138916015625,168550.0
2025-09-17,571.613842680855,576.3880542849635,567.9834190913571,571.5143432617188,256978.0
2025-09-18,576.8853941119478,580.2671603603903,569.9727035410235,571.5641479492188,367555.0
2025-09-19,573.8020463430173,579.8692647963505,568.0331440278411,577.8800048828125,287950.0
2025-09-22,569.4256434519242,575.2442043465976,559.7280014892059,561.1702270507812,386699.0
2025-09-23,560.9712965458124,561.2696733918579,550.627120695343,553.9591674804688,309736.0
2025-09-24,552.0196569154962,553.9591975812735,548.1405755839415,548.787109375,137658.0
2025-09-25,548.0410988822526,551.8703998818661,547.0464689387277,550.080078125,139498.0
2025-09-26,549.5827685718677,550.9752747894897,531.9280869002328,533.51953125,343647.0
2025-09-29,537.1001929828657,539.0894529568762,523.2748118805332,527.9495849609375,254878.0
2025-09-30,532.1767868923974,533.0719782048507,522.5288634330433,527.9993286132812,132546.0
2025-10-01,527.1538985597537,531.5800141891405,521.7331529330843,522.9764404296875,225267.0
2025-10-03,525.1646413172676,528.1485313247522,519.6941763035461,520.4898681640625,311922.0
2025-10-06,520.4898794960869,524.7170570987233,518.3016813014776,521.3850708007812,233989.0
2025-10-07,522.0813093149408,531.6297329959884,493.5851356394,495.6241149902344,1583111.0
2025-10-08,497.5139192984645,512.2344305994553,483.9869457400501,488.6119689941406,2135046.0
2025-10-09,490.3525821569507,496.32036206149775,488.6119796847912,495.6738586425781,436643.0
2025-10-10,502.1886762889175,502.3378647167993,495.6738619905954,498.1106872558594,398698.0
2025-10-13,497.11605360833096,497.11605360833096,487.7665378342362,490.2531127929688,298104.0
2025-10-14,490.2034032237913,496.0717141728405,485.3794416367844,486.9708557128906,277728.0
2025-10-15,486.9708513600369,493.3364772538632,486.9708513600369,490.9493713378906,227294.0
2025-10-16,492.8888743399017,503.0838316326757,490.94936409154406,497.6631164550781,362483.0
2025-10-17,500.8956635654629,500.8956635654629,489.8055453687955,492.2423706054688,267325.0
2025-10-20,492.3418317648965,496.1214134834309,487.36868194908953,494.03271484375,232035.0
2025-10-21,499.25454254149946,500.8459262645968,496.3203718888533,497.8123168945313,93171.0
2025-10-23,502.2384251745048,526.6565792672284,498.8069395703777,510.1954650878906,1301447.0
2025-10-24,511.5382142570173,518.152528264943,508.2559472868599,516.9092407226562,366038.0
2025-10-27,522.1807096986186,522.1807096986186,512.2344104662639,513.427978515625,367088.0
2025-10-28,513.4280033434226,515.2183251503424,507.3607544475535,512.9804077148438,253464.0
2025-10-29,515.168611270447,528.14852039286,509.2505507366183,519.3460693359375,691440.0
2025-10-30,520.2908953571464,521.7331209061537,512.4333552853928,518.55029296875,251707.0
2025-10-31,517.2076098665395,517.7049248760266,511.2398297526949,512.781494140625,216931.0
2025-11-03,512.781461071583,513.2290566927358,507.758591941166,509.3499755859375,168247.0
2025-11-04,512.5,514.7999877929688,503.9500122070313,506.5,223366.0
2025-11-05,506.5,506.5,506.5,506.5,0.0
2025-11-06,506.8999938964844,508.0,496.1499938964844,500.4500122070313,193961.0
2025-11-07,498.0499877929688,500.4500122070313,490.7999877929688,494.6000061035156,203863.0
2025-11-10,494.7000122070313,506.8500061035156,491.0,503.6000061035156,236740.0
2025-11-11,507.5499877929688,508.0499877929688,498.0,504.2000122070313,173659.0
2025-11-12,504.2000122070313,514.9500122070312,503.25,505.6000061035156,342612.0
2025-11-13,508.0,508.1499938964844,501.0,503.1499938964844,141381.0
2025-11-14,503.1499938964844,506.9500122070313,499.1499938964844,504.8500061035156,148262.0
2025-11-17,504.8500061035156,506.9500122070313,501.0,502.2000122070313,106293.0
2025-11-18,502.2000122070313,509.3500061035156,501.0,505.2000122070313,249914.0
2025-11-19,505.0,510.6000061035156,504.8999938964844,506.0499877929688,253991.0
2025-11-20,508.4500122070313,508.6499938964844,499.0,500.2000122070313,148461.0
2025-11-21,500.2000122070313,500.3999938964844,495.3999938964844,496.8999938964844,111004.0
2025-11-24,495.25,513.5,491.7000122070313,506.8999938964844,486338.0
2025-11-25,509.5499877929688,509.5499877929688,496.8500061035156,497.8500061035156,154587.0
2025-11-26,500.0,503.3999938964844,496.0,500.6499938964844,142388.0
2025-11-27,505.0,505.0,496.2000122070313,497.25,203327.0
2025-11-28,500.0,509.0,497.0,498.8500061035156,407923.0
2025-12-01,498.5499877929688,500.25,496.0,497.25,145283.0
2025-12-02,497.25,499.5499877929688,491.3999938964844,493.6499938964844,190468.0
2025-12-03,495.7999877929688,503.2999877929688,495.0499877929688,497.1499938964844,346932.0
2025-12-04,498.0,519.9000244140625,495.2999877929688,511.0499877929688,1091850.0
2025-12-05,514.0499877929688,515.2000122070312,501.0499877929688,504.7000122070313,284461.0
2025-12-08,503.7999877929688,505.8999938964844,490.0,491.6499938964844,287464.0
2025-12-09,491.6499938964844,498.5499877929688,487.0,492.6499938964844,390303.0
2025-12-10,496.3500061035156,501.8500061035156,488.0,489.8500061035156,202723.0
2025-12-11,492.7999877929688,494.0,487.25,489.8999938964844,185483.0
2025-12-12,490.0,493.6499938964844,488.5,490.5,149801.0
2025-12-15,490.5,492.8999938964844,488.9500122070313,490.0499877929688,115752.0
2025-12-16,488.0,497.9500122070313,488.0,490.4500122070313,180080.0
2025-12-17,488.4500122070313,490.3999938964844,482.0,483.7999877929688,179002.0
2025-12-18,5785.0,5785.0,5513.0,5748.5,1016539.0
2025-12-19,5725.0,5797.5,5725.0,5781.0,769207.0
2025-12-22,5793.5,5793.5,5726.5,5733.5,194642.0
2025-12-23,1433.0,1436.5999755859375,1423.0,1426.800048828125,274659.0
2025-12-24,1426.0,1436.4000244140625,1420.0999755859375,1424.4000244140625,661755.0
2025-12-26,5698.5,5720.0,5611.0,5637.0,249771.0
2025-12-29,5637.0,5651.0,5550.5,5566.0,572057.0
2025-12-30,5570.0,5742.5,5566.5,5711.0,2980473.0
2025-12-31,5709.5,5785.5,5684.5,5771.0,473236.0
2026-01-01,5771.0,5856.0,5730.0,5841.5,384697.0
2026-01-02,5900.0,6029.5,5875.0,5933.0,1069138.0
2026-01-05,5960.0,6045.0,5925.0,5985.5,653797.0
2026-01-06,6010.0,6037.0,5960.0,6000.0,453152.0
2026-01-07,6033.5,6049.0,5944.0,5981.0,609736.0
2026-01-08,5981.0,5985.0,5830.0,5850.0,562060.0
2026-01-09,5850.0,5891.0,5751.0,5773.0,500217.0
2026-01-12,5773.0,5792.0,5627.0,5726.5,314319.0
2026-01-13,436.0499877929688,438.2999877929688,428.1499938964844,429.4500122070313,393802.0
2026-01-14,429.5499877929688,430.0,423.6000061035156,427.8999938964844,344420.0
2026-01-16,1437.0,1447.4000244140625,1420.0,1426.0999755859375,406196.0
2026-01-19,5625.0,5787.5,5590.0,5762.5,581028.0
2026-01-20,5779.0,5845.0,5555.0,5580.5,394664.0
2026-01-21,5580.5,5642.0,5504.0,5538.5,406556.0
2026-01-22,5593.0,5665.0,5465.5,5488.5,401574.0
2026-01-23,5514.0,5524.5,5368.0,5388.0,460330.0
2026-01-27,5418.0,5424.5,5298.5,5380.0,400916.0
2026-01-28,5407.0,5524.0,5328.5,5512.5,547414.0
2026-01-29,5522.0,5595.0,5472.0,5580.0,337802.0
2026-02-02,402.0,414.8999938964844,402.3999938964844,405.7999877929688,374864.0
2026-02-03,5734.0,5791.0,5676.5,5763.0,592655.0
2026-02-04,5747.0,5878.0,5716.5,5851.5,490089.0
2026-02-05,5880.5,5890.0,5745.0,5766.0,331312.0
2026-02-06,5772.0,5841.0,5715.5,5753.5,770465.0
2026-02-09,1358.0,1380.800048828125,1346.0,1371.9000244140625,481845.0
2026-02-10,5674.397757886504,5733.250630051273,5608.678717302511,5643.5,816528.0
2026-02-11,5695.0,5750.0,5546.0,5682.5,684853.0
2026-02-12,5704.0,5805.0,5683.5,5733.0,560676.0
2026-02-13,5702.0,5724.5,5560.0,5584.0,393981.0
2026-02-16,371.8999938964844,393.6499938964844,369.1499938964844,385.8999938964844,1273068.0
2026-02-17,5490.0,5588.0,5446.5,5577.0,288723.0
2026-02-18,5595.0,5628.0,5546.5,5592.0,197738.0
2026-02-19,5600.0,5644.5,5387.5,5414.5,307768.0
2026-02-20,5400.0,5472.0,5375.0,5465.0,560719.0
2026-02-23,5504.5,5549.0,5437.0,5488.5,310129.0
2026-02-24,5480.0,5523.0,5436.5,5511.0,396015.0
2026-02-25,5511.0,5840.0,5500.5,5737.5,898448.0
2026-02-26,5760.0,5829.0,5718.5,5787.0,489797.0
2026-02-27,5775.0,5800.0,5689.0,5710.0,584233.0
2026-03-02,5565.0,5725.0,5503.0,5591.5,432286.0
2026-03-04,5520.0,5529.0,5427.5,5500.0,455905.0
2026-03-05,1334.0,1359.300048828125,1327.199951171875,1352.5,320753.0
2026-03-06,1352.5,1365.0,1340.300048828125,1349.199951171875,489745.0
2026-03-09,5447.0,5510.0,5337.5,5480.0,306323.0
2026-03-10,5546.5,5733.5,5527.5,5711.5,493375.0
2026-03-11,5729.5,5766.0,5554.0,5575.0,511965.0
2026-03-12,5589.0,5589.0,5376.0,5394.5,476391.0
2026-03-13,5338.0,5377.5,5168.0,5206.0,496250.0
2026-03-16,5198.5,5329.0,5124.5,5278.5,466610.0
2026-03-17,5276.5,5384.0,5232.0,5355.0,403736.0
2026-03-19,378.0,385.5,370.0499877929688,371.6499938964844,828860.0
2026-03-20,381.0,419.0,379.2999877929688,410.8500061035156,32020288.0
2026-03-23,1270.0,1271.9000244140625,1217.199951171875,1231.0,835568.0
2026-03-24,1249.4000244140625,1261.0,1221.0,1234.199951171875,560653.0
2026-03-25,5305.0,5364.0,5278.0,5289.5,531702.0
2026-03-27,5212.0,5244.0,5125.5,5143.0,535282.0
2026-03-30,5068.0,5140.0,5037.5,5063.0,704062.0
2026-04-01,5152.0,5244.0,5077.5,5122.0,546968.0
2026-04-02,5076.0,5077.0,4904.0,5011.5,753867.0
2026-04-06,5019.5,5122.5,4985.5,5103.5,348531.0
2026-04-07,5075.0,5084.0,4932.0,5051.0,429282.0
2026-04-08,5250.0,5349.5,5243.0,5287.5,790643.0
2026-04-09,5287.5,5380.0,5204.0,5284.0,760419.0
2026-04-10,5297.0,5484.5,5295.5,5466.5,855903.0
2026-04-13,5325.0,5375.0,5202.5,5247.0,743375.0
2026-04-15,5361.5,5361.5,5275.0,5287.5,651582.0
2026-04-16,5315.0,5349.0,5129.5,5159.5,920301.0
2026-04-17,5136.5,5250.0,5130.5,5230.5,544838.0
