Date,Open,High,Low,Close,Volume
2007-03-09,50.45980832349872,54.61532217106376,50.1036245341508,50.87535858154297,290137891.0
2007-03-12,51.76582311125854,53.39834634678124,50.99408164504359,52.032962799072266,38738166.0
2007-03-13,52.24074015316943,54.140403226609735,51.14249996220264,53.42803192138672,46376399.0
2007-03-14,51.6470955430133,53.90294228281311,51.37995584692789,52.09232711791992,30761009.0
2007-03-15,52.389145695702176,55.92133555296063,52.389145695702176,54.348175048828125,56159369.0
2007-03-16,54.4965848296316,55.80260563261833,54.19976379771536,55.14959335327149,21513407.0
2007-03-19,55.20896369781311,55.89165362154016,54.9121426450113,55.56515121459961,13269099.0
2007-03-20,55.95102801930891,56.69308451224331,55.44642990457014,55.71356964111328,9205108.0
2007-03-21,55.95102089510696,56.01038360424339,55.00118750326603,55.17928314208984,10174817.0
2007-03-22,55.74324396331617,57.58354428418804,55.56515208000282,57.25703811645508,17174686.0
2007-03-23,61.14541491129308,61.14541491129308,56.01038633650117,56.24784469604492,11429452.0
2007-03-26,56.752440830049245,56.752440830049245,54.79341506437886,55.20896530151367,8452505.0
2007-03-28,55.20896470874078,55.20896470874078,53.42803084790492,53.665489196777344,11291211.0
2007-03-29,53.78422080726407,59.245751811577165,53.190574908195,57.078948974609375,36071629.0
2007-03-30,56.98989481364855,57.3164009607565,55.802606903242136,56.15879440307617,9933525.0
2007-04-02,55.14959742182181,55.56515140400954,54.02167215933997,54.05135726928711,4779157.0
2007-04-03,54.17008810582441,55.38705746840603,54.17008810582441,54.526275634765625,4431229.0
2007-04-04,55.14960315541772,56.60403473286944,54.67469017108333,55.50579071044922,9602551.0
2007-04-05,55.77292962695631,56.45562336976844,55.26833153692456,56.30721282958984,6419537.0
2007-04-09,56.54467036410488,57.138312516083815,56.39625607040263,56.69308090209961,6119972.0
2007-04-10,56.81180565933923,57.19767453035848,55.86197228101049,56.3962516784668,3899505.0
2007-04-11,56.4556182140147,58.11782287248936,56.42593685983111,57.22735595703125,6254032.0
2007-04-12,57.01957793246492,58.85987819408761,56.51497989766435,58.29591369628906,14944985.0
2007-04-13,58.47400978424336,61.145410502952046,58.47400978424336,60.9376335144043,18241583.0
2007-04-16,61.73905943806313,63.72776658255699,61.44223461737635,62.15460968017578,17002191.0
2007-04-17,62.42174967918975,62.92634774541852,61.145413835870784,61.47192001342773,9661658.0
2007-04-18,61.73905643905408,62.688886054274114,61.44223163278572,61.76873779296875,6834210.0
2007-04-19,61.1454165455986,62.54048162842511,59.48321174007207,61.709381103515625,13550268.0
2007-04-20,62.03588108166965,68.20979083876924,62.03588108166965,67.85359954833984,42361715.0
2007-04-23,68.59565507240113,71.11864148839663,67.88328005131785,68.23946380615234,20073036.0
2007-04-24,67.43804288143365,69.45644258746339,67.43804288143365,68.03169250488281,9475604.0
2007-04-25,64.11362960096318,71.05927643825098,64.11362960096318,69.8126220703125,14781034.0
2007-04-26,70.64372318691959,71.38578330030353,68.74406401902839,69.01119995117188,12552882.0
2007-04-27,68.86279682924093,69.367398661925,66.33981020006547,66.78504180908203,9746756.0
2007-04-30,66.90377206513212,68.68470614122583,66.19140444382701,67.79424285888672,7679915.0
2007-05-03,68.26914999980146,69.3673939024882,68.26914999980146,68.8331069946289,6427701.0
2007-05-04,68.86279174435798,69.60485188267289,67.14122063625152,67.43804168701172,7973607.0
2007-05-07,68.15042064467089,68.23946846731559,66.84440343918327,67.02249908447266,3356364.0
2007-05-08,67.2302712489873,68.80343189712077,66.78503965433565,67.25995635986328,7468083.0
2007-05-09,67.37868585900685,68.1504236743493,66.96313935007792,67.40837097167969,10259600.0
2007-05-10,67.9426455482411,69.33771053836273,67.67550208758576,68.0613784790039,8430391.0
2007-05-11,67.58646576078169,67.88328683805463,66.54758447891136,67.3786849975586,5893065.0
2007-05-14,67.79424285888672,68.35820744455079,67.49742176477368,67.79424285888672,7309285.0
2007-05-15,68.03169795283392,69.3970779244185,67.43804828184554,68.5066146850586,15163730.0
2007-05-16,68.86279045662977,69.21898172001278,67.58645845994529,67.94264221191406,7249748.0
2007-05-17,68.74406841299107,70.7030904119732,68.29882931193639,68.8924789428711,13082305.0
2007-05-18,68.56596870120791,69.51580204517182,68.56596870120791,68.74406433105469,5697577.0
2007-05-21,69.33770999225105,69.9610372174562,68.41756170959862,68.59565734863281,6275428.0
2007-05-22,69.0111993953308,69.69388928592724,68.26914679933776,68.7143783569336,8647465.0
2007-05-23,68.86280054266287,71.9794369966731,68.3878837962027,70.52500915527344,29777226.0
2007-05-24,70.99991610461144,73.40417710717276,70.6437248382087,71.83101654052734,24993471.0
2007-05-25,71.2373775198923,75.03670361988786,70.10944847615124,74.71019744873047,22108351.0
2007-05-28,75.09606363791939,76.84731233916804,74.62114695351633,74.88829040527344,20633675.0
2007-05-29,75.39288576523303,75.63034411082799,73.64163703895784,74.65083312988281,7627245.0
2007-05-30,74.7992418638588,75.98652605195745,72.57306898834523,72.92926025390625,10837792.0
2007-05-31,74.79924526917472,75.86780409167652,73.73068644667292,74.71019744873047,11792037.0
2007-06-01,75.80844269679784,76.04590105162984,73.99782368013065,74.20559692382812,16438119.0
2007-06-04,74.94765480510338,75.15542804244033,71.77165597893936,72.18720245361328,13451754.0
2007-06-05,72.42466569949747,73.4932320915078,71.94974897225178,73.19640350341797,7017445.0
2007-06-06,73.31513736755943,74.05719006862515,71.94974988161731,72.39498901367188,9044887.0
2007-06-07,71.83102503119576,72.95894664816186,71.29674557985233,71.86071014404297,7409748.0
2007-06-08,71.77165618536031,71.77165618536031,70.05008503843266,70.25785827636719,6249289.0
2007-06-11,70.9405482093152,71.44515001610723,68.32851389008151,68.59565734863281,5630768.0
2007-06-12,69.01120259953387,69.15961312562321,65.59774547665023,67.17090606689453,11169588.0
2007-06-13,67.82392002025895,67.82392002025895,65.95393833291048,66.399169921875,8530668.0
2007-06-14,67.43804288143365,69.15961402003154,66.39916918537301,68.03169250488281,14988599.0
2007-06-15,69.367395856457,70.49531738929805,68.38787734253789,68.62533569335938,12936324.0
2007-06-18,69.15962117737706,69.60486031889548,68.2988355189952,68.56597900390625,6491564.0
2007-06-19,68.86278763305779,69.99071657230334,67.23026443992845,69.21897888183594,4585341.0
2007-06-20,70.40626901902327,70.40626901902327,68.12074086055524,68.3285140991211,6561308.0
2007-06-21,68.8627888761322,69.27834283673675,68.38787221013102,68.7143783569336,6972260.0
2007-06-22,68.71438435953348,70.85150954322907,68.65502164895118,69.48612213134766,13116644.0
2007-06-25,69.45645105770568,70.28755161819014,69.07057462412796,69.72358703613281,4103030.0
2007-06-26,70.28753566632327,72.12783202952907,65.30091841230629,71.35609436035156,8237076.0
2007-06-27,71.35609436035156,73.22607583060793,70.67340450091203,71.35609436035156,14093057.0
2007-06-28,72.27624498947067,72.30593009752647,70.25785293843938,70.61404418945312,10335078.0
2007-06-29,70.0500864804333,75.45225086925247,70.0500864804333,73.90877532958984,18480830.0
2007-07-02,74.50242156128084,75.3335295987449,73.76036886148985,74.05718994140625,6447976.0
2007-07-03,74.35399811104381,75.33351651838971,72.9589332685334,73.31512451171875,8867377.0
2007-07-04,73.6119523273853,74.32432736802573,72.21688735624485,72.454345703125,5615981.0
2007-07-05,73.2557654593163,73.2557654593163,70.34690271112107,71.23737335205078,5420230.0
2007-07-06,71.77166749271214,71.94975564839261,70.67342339797847,70.94055938720703,4580525.0
2007-07-09,71.59356494510047,72.24657732075147,70.76246443088418,71.80133819580078,3414188.0
2007-07-10,72.2168991490369,72.2168991490369,70.40627989733416,70.94055938720703,3042139.0
2007-07-11,70.58436637339842,71.59356250317312,70.0797645528037,70.88118743896484,3750093.0
2007-07-12,71.23737444507518,72.84021260964461,71.17800422639851,71.83101654052734,6581757.0
2007-07-13,72.66212197409257,73.0183132649939,71.86070659239422,72.00911712646484,4969626.0
2007-07-16,72.42466576296705,74.7992494012765,72.24657762365513,74.02751159667969,13379342.0
2007-07-17,74.91796367139706,76.43176145432551,74.26495890166265,75.8381118774414,29259979.0
2007-07-18,75.68970611642013,77.73778338922875,75.24447453934499,77.11445617675781,23215055.0
2007-07-19,77.76746912776704,78.53921445812593,77.38160021829519,78.24238586425781,9220836.0
2007-07-20,78.77666059488539,79.25157730292051,75.68970950407181,76.13494110107422,7432439.0
2007-07-23,76.96604495613096,78.95475199157512,75.39288438430579,78.74697875976562,9537101.0
2007-07-24,79.04380069206456,80.37950293757537,77.79714626444307,79.6077651977539,21621177.0
2007-07-25,79.84522482365396,79.84522482365396,77.17382028974012,78.27206420898438,8466575.0
2007-07-26,78.89539360772282,78.95475631843381,77.3222329496857,77.79714965820312,8389054.0
2007-07-27,75.98652720098612,76.46144388797273,72.15752361820486,74.35400390625,6717945.0
2007-07-30,73.61195351560904,75.95685191212078,73.10735170356314,74.71019744873047,4957584.0
2007-07-31,75.63034604180484,77.47064263359098,74.11655562247486,76.93636322021484,7934893.0
2007-08-01,75.95685213886317,75.95685213886317,73.16672214321584,73.61195373535156,9543554.0
2007-08-02,73.76036943985542,74.73988051354304,73.0183167342459,73.52291107177734,3915192.0
2007-08-03,73.90876967245427,75.03669864135959,73.90876967245427,74.53209686279297,3818333.0
2007-08-06,74.56179021401094,74.56179021401094,71.83102281582026,73.1667251586914,4096975.0
2007-08-07,73.6119575176117,74.2055996709613,72.98863025202861,73.19640350341797,5997122.0
2007-08-08,74.1462296107465,75.33352131121178,73.90877127065345,74.59146118164062,4731687.0
2007-08-09,75.2741594564283,76.63953929386389,73.61195105695445,73.79004669189453,6335512.0
2007-08-10,73.0183057224216,73.0183057224216,69.2486575144599,71.7419662475586,7693949.0
2007-08-13,73.31512732652419,74.17591284871872,71.6232413906782,72.03878784179688,3181548.0
2007-08-14,72.12783529138088,72.42465632965485,71.32641247890989,71.47482299804688,6756272.0
2007-08-16,66.69599339252822,70.05008800910443,66.69599339252822,68.15042114257812,8065323.0
2007-08-17,68.80343158174088,68.80343158174088,63.87617641803809,65.8648910522461,12819560.0
2007-08-20,69.93135677808691,69.93135677808691,67.14122663345724,67.3786849975586,5207066.0
2007-08-21,67.79424484667985,68.23947650090402,64.14332875692699,64.5291976928711,5346596.0
2007-08-22,64.76665164101476,65.27124597895528,62.18429470285277,64.64791870117188,9258744.0
2007-08-23,65.89456811191687,67.67550197918952,63.66840265567972,66.399169921875,12262182.0
2007-08-24,65.65710871231553,67.7942338257184,65.65710871231553,67.46772766113281,3910462.0
2007-08-27,67.88327799991835,69.75325955697164,67.85359289148991,69.54547882080078,5763294.0
2007-08-28,64.11363781349836,69.96104155076726,64.11363781349836,69.30802917480469,2218424.0
2007-08-29,66.90376612762148,73.49322988692991,66.90376612762148,71.17800903320312,8527691.0
2007-08-30,72.06848370745972,72.06848370745972,70.05009132202592,70.76246643066406,6769163.0
2007-08-31,70.1984988977953,73.61195624329423,70.07976596233178,72.86990356445312,16023158.0
2007-09-03,73.16672095409005,73.7306854684784,71.92006650723927,72.18720245361328,5487373.0
2007-09-04,73.25576585828932,73.87909305691069,72.4246579191847,72.63243865966797,3413958.0
2007-09-05,73.01831513928927,74.08687401659228,72.15752951273545,73.46354675292969,8481900.0
2007-09-06,73.31513701673423,73.40418484271903,72.42466626830128,72.66212463378906,10755016.0
2007-09-07,72.27624188378586,74.02749793271995,71.8310103505641,72.15751647949219,6330915.0
2007-09-10,71.83101337668505,72.84020940135164,70.70308443130911,72.54338836669922,5309287.0
2007-09-11,73.90877697154654,74.73987747027135,72.84021811441251,73.13703918457031,6095087.0
2007-09-12,73.34481496875298,74.11656029384253,72.18720824824136,72.39498901367188,4680771.0
2007-09-13,72.95894053564088,73.52290505258242,72.36529841975371,72.75116729736328,5216284.0
2007-09-14,73.61195809574018,74.17592265270055,72.42466626830128,72.66212463378906,5803437.0
2007-09-17,72.66211771181635,73.0183089818239,70.70308826101791,71.02959442138672,5262313.0
2007-09-18,71.23738800283928,71.47483887707989,70.28755446021385,70.94055938720703,7084047.0
2007-09-19,71.89038119035783,73.13703563362499,71.86070359163189,72.454345703125,4402328.0
2007-09-20,72.48402356825669,73.76035548267636,72.12783232783165,73.01830291748047,4873346.0
2007-09-21,73.31513108543626,75.66002943814183,72.84021439288213,75.21479034423828,10293878.0
2007-09-24,75.98653584070996,76.81764389314134,74.73988127347816,76.04590606689453,8365295.0
2007-09-25,76.04590610402471,77.08477990294828,73.6713223979403,74.38369750976562,4261202.0
2007-09-26,74.79924124837072,78.27206099052883,74.38368727910702,76.22398376464844,14140695.0
2007-09-27,77.4706406556281,78.3017486209177,73.73068485748276,74.65083312988281,16009719.0
2007-09-28,75.39289370699768,76.19431664672807,74.08687642435889,74.38369750976562,11700587.0
2007-10-01,74.91796876343774,76.81763552032155,74.56178500222924,75.74906921386719,7847894.0
2007-10-03,75.68970363994848,77.17381635972167,71.92006289017101,76.19430541992188,13823680.0
2007-10-04,75.98653301174879,79.19221713834303,74.85861142746312,78.71730041503906,19905186.0
2007-10-05,79.19222235349491,81.744894275797,77.61906154287794,79.45936584472656,22501739.0
2007-10-08,80.14204588044117,80.9137836326537,75.09606538081519,78.27206420898438,14669543.0
2007-10-09,78.3611116273558,80.67632487214722,74.85860665007604,80.46855163574219,10430285.0
2007-10-10,81.44806308115739,85.78166853998667,81.03250909458207,84.35692596435547,19029466.0
2007-10-11,85.06929082572242,86.07848689450925,83.31804213786336,85.36611938476562,12451089.0
2007-10-12,85.36611547794853,87.80005396624667,82.69471114871783,84.9505615234375,11904493.0
2007-10-15,85.18803317713765,89.28418061274058,84.89121209666739,88.4827651977539,7234655.0
2007-10-16,88.74989704200034,95.45808619917048,86.96896313051164,93.32096099853516,16025828.0
2007-10-17,83.11026963230523,93.43968875072868,76.2536703220011,92.5789031982422,12190667.0
2007-10-18,93.79587673774228,95.5174479203368,83.16963608998702,86.6424560546875,10515556.0
2007-10-19,91.71811995203184,91.71811995203184,81.92297997998583,83.25868225097656,20544841.0
2007-10-22,84.00073169250845,86.07848652849009,79.6968114973618,82.04170227050781,5122594.0
2007-10-23,84.83183356421044,86.67213760345996,83.16963267178338,85.95976257324219,3412828.0
2007-10-24,87.8594243238952,89.01703847576773,86.13786067419355,87.71101379394531,4138459.0
2007-10-25,87.85942337650329,92.01494070453496,86.850234788292,90.44178009033205,7092626.0
2007-10-26,89.046716444708,91.33225213597414,74.79924541903375,82.19011688232422,31509658.0
2007-10-29,85.7816773196755,85.7816773196755,78.68762629146576,79.39999389648438,19675088.0
2007-10-30,83.11026918076975,83.11026918076975,77.17381816296577,77.91587829589844,14384898.0
2007-10-31,78.33142756300913,82.04170582622716,78.24237974295689,80.23109436035156,18516142.0
2007-11-01,82.39790126493725,82.39790126493725,78.2423836917351,78.71730041503906,10375494.0
2007-11-02,70.37658832744346,78.18301336708936,70.37658832744346,77.88619232177734,5446734.0
2007-11-05,78.36111363868662,79.48903517994056,77.1441442762836,78.33142852783203,5530569.0
2007-11-06,79.48904250304288,79.78587110469067,76.5801868050669,77.2035140991211,2981015.0
2007-11-07,78.36110803782307,78.77665449159794,75.71938874868131,76.19430541992188,4536662.0
2007-11-08,75.36321528277261,76.01622016125732,73.64164399250491,75.18511962890625,1577751.0
2007-11-12,73.52290416023602,73.52290416023602,70.52500099541099,71.05928039550781,5852851.0
2007-11-13,71.23738093369623,73.58227193116409,71.23738093369623,72.0684814453125,6449755.0
2007-11-14,73.04798637535805,75.9568491894731,73.01830877721683,74.88829040527344,7817186.0
2007-11-15,75.3928884589135,77.20350746983912,74.79924632942334,75.30384063720703,5732188.0
2007-11-16,75.06637714733425,76.52081228334106,74.26496182963567,75.39288330078125,1987680.0
2007-11-19,76.52081336508527,77.14414057178156,74.50241370926523,75.15542602539062,4913847.0
2007-11-20,74.73987665631968,76.40208514708196,74.3836928782923,74.76956176757812,5217541.0
2007-11-21,75.09605730086429,75.74906205325325,70.67340450091203,71.35609436035156,2921742.0
2007-11-22,71.53420060740655,72.12784274530338,68.328516537651,69.24866485595703,3777494.0
2007-11-23,70.34691097962028,71.59356551660375,69.51581045876965,71.26705932617188,2181966.0
2007-11-26,73.522897729301,73.70099335089367,72.18719559018353,73.31512451171875,2126809.0
2007-11-27,73.28544403777565,73.90877124134596,72.12783744706138,73.76036071777344,2498491.0
2007-11-28,74.20559972541706,74.68051645301128,71.97943413730736,72.36530303955078,1533700.0
2007-11-29,73.55259038516337,73.61195309464851,69.01120414837933,69.99072265625,4408881.0
2007-11-30,71.77165789044318,74.05718609626403,70.97023500714769,72.81053161621094,3215609.0
2007-12-03,73.6119621197135,74.79925401205531,73.31514102448192,74.47274780273438,3653368.0
2007-12-04,75.2741586040421,76.72858624247814,74.20559231791619,74.59146118164062,6698128.0
2007-12-05,74.68051147460938,89.10607794583039,74.35400530722724,74.68051147460938,6586983.0
2007-12-06,74.97732928193592,81.86361356310324,74.97732928193592,80.91378021240234,20201356.0
2007-12-07,81.15124451785229,82.75408278147039,77.76746483499439,79.19221496582031,10879003.0
2007-12-10,80.43887357349375,82.66503919447254,76.37240372806173,81.00283813476562,11708686.0
2007-12-11,81.92297717053822,82.2197982180427,78.68761573447647,79.01411437988281,17573307.0
2007-12-12,74.2352730560304,82.84312047686777,74.2352730560304,82.42756652832031,17540977.0
2007-12-13,83.11027278574764,84.4756526731316,82.0120288491318,83.85232543945312,17900758.0
2007-12-14,83.11026959203221,84.2678761941777,81.47774630519918,83.73359680175781,8318893.0
2007-12-17,83.40709484925594,83.40709484925594,75.71939471200209,76.96604919433594,6140934.0
2007-12-18,76.87700049905523,78.0642922571723,75.09606661758696,77.76746368408203,3564614.0
2007-12-19,78.95475016719473,79.25157120903957,75.98652472591795,77.02540588378906,2866301.0
2007-12-20,76.63953702710793,78.36110808350503,75.39288264222824,77.02540588378906,2216102.0
2007-12-24,77.29255535003757,78.53920983204212,76.04590086803303,77.79714965820312,3361940.0
2007-12-26,75.86780657660815,79.37031173078503,75.86780657660815,78.1236572265625,2390097.0
2007-12-27,76.46144167878319,81.32933382404157,76.46144167878319,80.34981536865234,8317447.0
2007-12-28,77.8268310219724,80.14204423095829,77.76746080270529,78.21269989013672,4722191.0
2007-12-31,78.36111613945656,83.64455526398659,78.36111613945656,82.57599639892578,5590426.0
2008-01-01,80.2014083908691,83.25868179331682,80.2014083908691,81.03250885009766,5075806.0
2008-01-02,78.95475931064063,82.45726453513258,78.95475931064063,80.67633056640625,4037079.0
2008-01-03,79.01411347379272,80.61695913019926,79.01411347379272,80.08267974853516,2492827.0
2008-01-04,80.26077650181621,82.3979017697779,79.84522999994049,81.50743103027344,4521262.0
2008-01-07,80.1420489493708,82.39789958331855,79.34062605622435,81.98234558105469,7416984.0
2008-01-08,82.51662197459967,82.90249085130658,79.87490254681822,80.76537322998047,6979509.0
2008-01-09,79.84522494794203,82.27916362651737,79.84522494794203,80.76537322998047,4890546.0
2008-01-10,79.84522233011214,83.37740481383408,79.84522233011214,81.77456665039062,11822156.0
2008-01-11,81.92298177413002,83.9413740242795,81.77457124203798,83.0509033203125,14065173.0
2008-01-14,83.11027420727054,87.50324251745687,82.57599478518131,86.6721420288086,11708326.0
2008-01-15,86.67213444733187,88.74988924291237,85.54420547937318,87.50323486328125,14398542.0
2008-01-16,83.11027204353849,86.07849014326769,82.93217640367378,84.65374755859375,7552786.0
2008-01-17,83.76326987584453,86.04880535853425,83.73359227928843,84.9505615234375,4145944.0
2008-01-18,83.11026961288002,84.71310779054176,79.87490063656136,80.97314453125,4668632.0
2008-01-21,77.47064329381756,81.92298179178243,67.08186097664758,70.31722259521484,6005248.0
2008-01-22,67.08186129567162,83.16963666628938,57.04926270560389,70.05008697509766,4579163.0
2008-01-23,69.45645159210463,76.58018790573111,64.11364184546927,66.13203430175781,6480669.0
2008-01-24,68.26915961403377,70.64373587835357,65.30093365007241,67.79424285888672,4037928.0
2008-01-25,67.79422970024066,70.64372216663003,67.79422970024066,70.07975769042969,2753609.0
2008-01-28,69.72357985438948,69.72357985438948,65.30092650625612,67.52709197998047,2716663.0
2008-01-29,69.42675018740778,73.58225955814612,68.6253274111797,71.35609436035156,4039262.0
2008-01-30,65.36028356693102,73.25576368578825,65.36028356693102,68.41755676269531,2336531.0
2008-01-31,68.41756132270595,77.17382002495845,66.60694236653589,73.28544616699219,16417689.0
2008-02-01,74.20559608642365,75.39288784718518,68.44724043599861,72.51371002197266,3370932.0
2008-02-04,74.2352887613755,76.87700850361188,72.12784848806815,72.7808609008789,4332662.0
2008-02-05,68.2988254949727,75.63034131610517,68.2988254949727,71.23737335205078,4312377.0
2008-02-06,70.05008237063322,71.80133104976262,68.26914858232317,70.43595123291016,3791557.0
2008-02-07,70.16881657115226,71.17801276128121,67.17091311366325,67.70519256591797,2256872.0
2008-02-08,61.145408076441136,70.6437226179296,61.145408076441136,68.7143783569336,1985715.0
2008-02-11,66.6069421515635,68.77374486537994,62.956026652278446,63.87617492675781,2334149.0
2008-02-12,64.44014390952947,65.89457168588031,61.828109432236346,62.51079940795898,3228104.0
2008-02-13,63.57935715085316,64.52919058436407,59.5722576814244,60.67049789428711,4610291.0
2008-02-14,62.36238538285279,66.19139657117765,62.36238538285279,64.7369613647461,3287427.0
2008-02-15,64.44014806838719,67.34901132023695,63.5496847846926,66.96314239501953,2254845.0
2008-02-18,67.91296394410591,67.91296394410591,63.96522712002672,64.58855438232422,3252291.0
2008-02-19,66.42885632028663,66.42885632028663,63.34189771393848,63.81681442260742,1903124.0
2008-02-20,63.81681828465359,64.0542766533585,62.18429481658807,62.57016372680664,2548220.0
2008-02-21,64.6479043102974,65.2415538545328,63.163799228242745,64.6775894165039,2553429.0
2008-02-22,64.11363983154297,64.70728951330788,63.22317657601848,64.11363983154297,1586889.0
2008-02-25,64.17300363059498,66.93344845995253,64.17300363059498,66.3694839477539,1868575.0
2008-02-26,67.08185109868174,67.37867211922216,65.8945595051064,66.6366195678711,1910458.0
2008-02-27,67.61613691811915,68.56597028400937,67.11154263712395,67.97232818603516,3794365.0
2008-02-28,65.33060415456414,69.33770305183798,65.33060415456414,66.69598388671875,2692236.0
2008-02-29,65.89456745729882,67.97232987465456,63.8464976615595,65.271240234375,1425026.0
2008-03-03,64.11363458784581,64.11363458784581,60.700181120390376,61.2938232421875,2145048.0
2008-03-04,61.29382084880507,62.80761496055074,59.54256839532982,62.0358772277832,12320283.0
2008-03-05,62.03588023828643,62.57015965525213,60.07685445750976,62.00619888305664,958281.0
2008-03-07,60.37367765664481,61.70938000201032,57.76163943418052,59.0379753112793,4391859.0
2008-03-10,58.17718672885102,58.35528236888129,55.446423220224105,57.82100296020508,5028983.0
2008-03-11,57.58354674013552,59.95812656793092,56.98990084425981,59.42384338378906,4602563.0
2008-03-12,60.907955691728,61.70937858279893,58.91924477541028,59.542572021484375,2187253.0
2008-03-13,58.17718722758315,58.77083310659432,55.80261122295308,56.45561981201172,3774608.0
2008-03-14,57.2570389208609,58.02877668557303,55.476105039877936,57.286720275878906,2577814.0
2008-03-17,57.28672339429501,57.28672339429501,53.42803436068573,53.93263244628906,23087531.0
2008-03-18,53.546763217442674,56.9899019701281,52.24074222071492,55.86197662353516,4622731.0
2008-03-19,58.17718684494845,58.47401166035547,53.42803111121646,54.22945022583008,7708906.0
2008-03-24,54.91214081988397,56.39624979027258,54.43722414662022,56.1884765625,3373921.0
2008-03-25,57.019581405280206,58.83020042353444,56.188480918347096,58.14750671386719,5923586.0
2008-03-26,58.14750651658221,60.49240494786721,57.64290845276078,60.07685470581055,5223286.0
2008-03-27,59.86907820487198,62.33270583376472,56.39625443994269,61.204776763916016,12296207.0
2008-03-28,61.08605297866822,62.273341035828345,59.80971334090864,61.67969512939453,3985241.0
2008-03-31,61.62032718779995,62.77793379033633,60.25494359671582,60.9376335144043,3554263.0
2008-04-01,61.56096159729614,62.59984279905942,59.95812339676644,60.96731948852539,2144912.0
2008-04-02,61.88747187463387,62.92634938973215,60.87827571580526,61.53128433227539,2414284.0
2008-04-03,61.14541289971946,61.91715066499416,58.17718725877925,58.53337478637695,4600644.0
2008-04-04,59.06765881455278,59.66130094680734,57.58354597250162,58.97861099243164,3323600.0
2008-04-07,59.3348001770125,60.78922794837441,57.316407857459865,59.45352935791016,3094966.0
2008-04-08,59.30511576319659,59.30511576319659,57.61322596155849,58.652103424072266,2907441.0
2008-04-09,58.41464829222272,60.78922816284612,57.82100614134749,60.43304061889648,4398216.0
2008-04-10,59.42384145267762,60.789225090966816,58.77083286628904,58.800514221191406,6034701.0
2008-04-11,59.898754070862815,60.076849699551495,58.56305563423304,59.06765365600586,2552641.0
2008-04-15,58.7708347761795,60.40335817305712,57.58354674013552,59.42384338378906,4789838.0
2008-04-16,60.49240403052855,60.49240403052855,58.5333745156555,58.800514221191406,2377662.0
2008-04-17,59.780028492554784,59.86907631224514,58.9192429174341,59.33479690551758,4719628.0
2008-04-21,59.95812340579459,62.27333664404648,59.89875694148423,61.79841995239258,5834135.0
2008-04-22,61.88746560147787,66.75535025316006,61.17509058897004,64.61823272705078,20044089.0
2008-04-23,65.30092777496833,66.78504062342384,60.87827434090854,61.204776763916016,24088567.0
2008-04-24,62.332701670402365,62.89666241195091,60.25494307020204,61.05636215209961,28054555.0
2008-04-25,62.27333971692418,64.76664871543223,61.44223546551903,63.84650039672852,36141359.0
2008-04-28,64.41045605441384,66.7850395793872,63.84649903972051,64.76664733886719,25358865.0
2008-04-29,64.70728628133293,65.30092842203157,61.91715244607804,62.332706451416016,109129704.0
2008-04-30,62.86698338480208,64.44014025319693,62.36238533181395,62.65920639038086,18961372.0
2008-05-02,63.51999307669087,65.30092697061768,63.51999307669087,64.49950408935547,30942306.0
2008-05-05,64.82600941114931,65.30092611147008,61.88746890040243,62.392066955566406,31478662.0
2008-05-06,63.28253749171832,64.29173365947156,60.96732407947528,61.41255569458008,20233004.0
2008-05-07,62.30302212953168,62.30302212953168,59.36448147756235,61.53128433227539,42508903.0
2008-05-08,61.44223575190597,63.46063180044067,60.90795632279463,63.16381072998047,30927439.0
2008-05-09,63.51999329933885,63.51999329933885,60.8782738044227,61.32350540161133,15876721.0
2008-05-12,61.62033027108937,62.00619915790917,59.75034854771308,61.73905944824219,11630275.0
2008-05-13,62.332706409846,63.99491116296707,61.67969404638108,61.91715240478516,32737270.0
2008-05-14,61.47192082321706,63.223173400340535,61.20477735312909,62.74825668334961,25396392.0
2008-05-15,63.401267445568514,65.00410569136451,63.25284940276983,64.76664733886719,14589689.0
2008-05-16,65.30092180525324,65.89456388579963,64.26204065288294,65.41964721679688,18533136.0
2008-05-20,65.24156190275743,66.36948340654251,64.82600792167112,66.07266235351562,22545305.0
2008-05-21,64.11363341037391,67.67550109857085,64.11363341037391,66.3694839477539,25468947.0
2008-05-22,66.19140115128071,66.19140115128071,63.51999641431557,63.787139892578125,13362316.0
2008-05-23,65.30092836750316,67.55677901625515,62.98571500701386,63.5793571472168,63765425.0
2008-05-26,62.45142146352352,66.48820913039233,62.45142146352352,65.53837585449219,25605187.0
2008-05-27,66.4288582633156,66.66630911318072,63.51999521548841,64.02458953857422,13872468.0
2008-05-28,64.52918491156053,64.94473888004364,63.6980844860085,64.61823272705078,4801760.0
2008-05-29,65.30092567250944,65.68679454999936,63.015390006506266,64.17300415039062,23905938.0
2008-05-30,64.11363925041684,65.00411000928536,63.54968219826247,64.64791870117188,6807668.0
2008-06-02,64.88536794007425,65.15251138357229,62.57015480874775,63.49030303955078,5679462.0
2008-06-03,62.92634429443805,63.994906834989465,61.53127934994299,63.69808578491211,9057748.0
2008-06-04,62.926348875914776,64.85569710900913,62.3920694445934,63.31222152709961,7493759.0
2008-06-05,62.39206293545612,63.727761374411,60.31430813898983,63.49030303955078,8258124.0
2008-06-06,63.75745284708319,64.38078009938272,62.03588162535925,62.332706451416016,3059152.0
2008-06-09,62.03587965930534,62.03587965930534,58.59274108068556,60.46272277832031,8202328.0
2008-06-10,61.0266801145078,61.14540928335161,58.2365502802388,59.09733581542969,13355837.0
2008-06-11,59.95812714188632,60.84859411637024,57.31640757458557,57.64291000366211,7737132.0
2008-06-12,57.52418031348283,65.30092840999284,56.010386094706966,63.994911193847656,22279642.0
2008-06-13,64.70728430845803,66.48821818766956,62.09524619961769,64.20268249511719,23338729.0
2008-06-16,64.41045660156307,66.48821908141846,63.75745176020932,64.23236846923828,7681152.0
2008-06-17,65.30092373252025,65.5086969645608,63.66840045142188,65.21187591552734,5740877.0
2008-06-18,65.00410428440932,66.39916925835574,64.0245857847781,64.44013977050781,8220059.0
2008-06-19,63.51999181398556,65.09315243429626,62.92634594257517,64.17300415039062,5797596.0
2008-06-20,64.11363745531438,64.32141821636803,61.91715324387162,62.36238861083984,6416721.0
2008-06-23,61.29382243632422,62.54047688483945,59.720665576254746,60.84859085083008,5778946.0
2008-06-24,61.20477309453739,61.442231436510646,57.88036381832618,58.85987854003906,9563340.0
2008-06-25,58.85988156943579,62.86698472398423,57.64290844311456,60.49240493774414,19052332.0
2008-06-26,61.14541349407593,62.27333879791219,57.88036675958715,59.66130065917969,21254763.0
2008-06-27,59.06765434422445,59.06765434422445,56.54466420596408,57.85068130493164,23554497.0
2008-06-30,57.40545225403413,58.41464841957114,55.00119102176699,55.44642639160156,9013167.0
2008-07-01,55.92133847371545,57.93973063716487,50.75662889337681,51.82518768310547,10656952.0
2008-07-02,51.64709604136251,56.218159784187925,50.756629127249866,55.56515121459961,11483583.0
2008-07-03,56.09942948108648,56.09942948108648,51.35027019774666,51.79550552368164,5179911.0
2008-07-04,53.10152706338483,53.10152706338483,50.51917397594477,52.50788116455078,8076957.0
2008-07-07,52.834387347836376,56.04007144583277,52.09233091322068,52.50788116455078,11974373.0
2008-07-08,51.58773454513225,52.38915371829589,50.60821971857163,50.90504455566406,7932266.0
2008-07-09,51.6470955430133,53.36866289064229,51.23154156625184,52.09232711791992,22066332.0
2008-07-10,53.13120856289299,53.13120856289299,51.05344993608745,51.40963745117188,18121876.0
2008-07-11,51.64709936513823,53.63580655602619,49.599021950737566,50.01457595825195,23257037.0
2008-07-14,49.866165422944405,50.40044485466128,48.32268608418487,48.76792144775391,18632051.0
2008-07-15,48.678878348622085,48.678878348622085,44.28590577719001,44.90923309326172,16880681.0
2008-07-16,45.11699952810012,46.06682908089113,44.01875570407609,45.35445785522461,13323750.0
2008-07-17,46.304294351841335,47.43221969697369,43.92971448020966,45.740333557128906,19045834.0
2008-07-18,46.24492949887707,48.35236955383132,45.17636691602565,47.8774528503418,15896795.0
2008-07-21,48.6788701655149,50.133301577089256,46.92761770312044,49.74743270874024,8564789.0
2008-07-22,49.56934293940215,52.032970722143496,49.56934293940215,51.76583099365234,10697836.0
2008-07-23,52.24073729546491,54.61531694629644,52.24073729546491,54.28881454467773,10728274.0
2008-07-24,54.912142115157245,55.71356120341348,50.04425361079366,52.09232711791992,13445697.0
2008-07-25,50.57853145975608,53.1608880359697,49.92552291639275,52.44851303100586,13939049.0
2008-07-28,52.83438551020156,53.72485244962754,51.94391857077558,53.13121032714844,4394588.0
2008-07-29,52.24074144900233,53.27962271088877,50.93472422727488,52.50788116455078,6313183.0
2008-07-30,53.13120978966804,54.08103942945044,52.53756391748699,53.665489196777344,6057379.0
2008-07-31,54.05135773893053,54.14040180242396,51.70645937516542,52.27042388916016,10127845.0
2008-08-01,52.83438712584275,53.60612491323069,50.45980729619127,52.7750244140625,8416352.0
2008-08-04,51.64709666797592,53.54675969151123,51.64709666797592,52.68597412109375,7087470.0
2008-08-05,52.30010635928737,53.96231107081622,52.30010635928737,53.27962112426758,7792771.0
2008-08-06,55.47610525098296,55.47610525098296,52.89375224044315,53.27962112426758,8368713.0
2008-08-07,53.42803328664122,53.9326313621008,51.94392041629953,52.92343521118164,6750880.0
2008-08-08,52.418835796255706,53.96231133923082,52.418835796255706,53.42803192138672,7547653.0
2008-08-11,53.57644463537759,54.55595944512057,51.7361479532561,52.95311737060547,8900473.0
2008-08-12,53.3686673801966,53.39835249225333,51.053453982221285,51.55805206298828,6645077.0
2008-08-13,51.053449150928095,52.68597241984446,50.81599081119039,51.79550552368164,23849374.0
2008-08-14,53.72485404269982,53.72485404269982,50.905042610187856,51.1128158569336,5682961.0
2008-08-18,51.617415517855946,51.9439179300506,50.51917159568466,51.17218017578125,4092789.0
2008-08-19,50.16298539584648,51.05345234776812,47.66967642818291,48.58982849121094,7829709.0
2008-08-20,49.62870626484376,50.875357000227936,49.15378955286461,49.984893798828125,10237512.0
2008-08-21,50.75663406461277,50.964407319502335,48.38205414408884,48.82728576660156,8760151.0
2008-08-22,48.67886734008789,48.97569212938684,47.936811000400986,48.67886734008789,4217510.0
2008-08-25,50.37076155310775,50.37076155310775,49.06474062460071,49.3912467956543,3027218.0
2008-08-26,49.391245380922136,49.391245380922136,48.441412005578,48.64918899536133,6553762.0
2008-08-27,49.213154991862105,49.9552114565344,48.53046499733156,48.97570037841797,5522205.0
2008-08-28,49.74743705629622,49.74743705629622,47.19476152447111,47.96649932861328,10825954.0
2008-08-29,48.44141174505784,49.56933699435936,48.08522423121938,48.91632843017578,9657657.0
2008-09-01,48.94601579507192,48.94601579507192,47.93681959311167,48.4414176940918,1598441.0
2008-09-02,48.67887200600128,49.866163765586094,48.382050943958745,49.53965759277344,6103535.0
2008-09-04,49.24283181076101,49.71774471336676,48.44140901093152,48.67886734008789,9381218.0
2008-09-05,47.96649744558027,48.44141415431847,47.31348884891895,48.17427444458008,4780922.0
2008-09-08,49.56933619482876,49.86616099609341,48.85696493434924,49.30219650268555,2958752.0
2008-09-09,48.9756981601854,50.93472398339665,48.411733620066485,50.697265625,5451440.0
2008-09-10,50.72694804336341,52.06265039839442,49.95521024026373,50.87535858154297,8667231.0
2008-09-11,50.43012675807252,50.78631430165227,49.27252005821895,49.89584732055664,3062784.0
2008-09-12,50.6379003728096,50.6379003728096,48.38204983692223,49.3615608215332,9308129.0
2008-09-15,48.17427241664196,48.322682942948326,44.40462777220696,46.304290771484375,9084808.0
2008-09-16,45.651280731392895,48.50077701634967,44.285897173095,47.491580963134766,6455640.0
2008-09-17,48.44141612988102,48.44141612988102,44.52336063441756,45.0576400756836,8258697.0
2008-09-18,43.92970941019844,45.117001086840446,42.14877565094251,44.58272171020508,5739178.0
2008-09-19,46.89793548477057,49.36155917486592,45.4731892091045,48.47109603881836,10542430.0
2008-09-22,49.272521144821866,49.86616706387974,47.90713740884254,48.82728576660156,9456971.0
2008-09-23,47.639995860610426,49.27251925874851,47.37285614618696,48.619510650634766,7321566.0
2008-09-24,49.21315276685814,49.56934030448195,46.33397486569993,47.78840637207031,27478182.0
2008-09-25,48.38205257307203,48.61951093298465,46.6011186294348,47.105716705322266,13691970.0
2008-09-26,47.372856401978986,47.461904225836776,45.8293808188838,46.27461242675781,7172476.0
2008-09-29,46.12620251036402,46.12620251036402,40.78339685415939,42.000370025634766,6626187.0
2008-09-30,42.000365889507165,47.372852373086864,39.47737572567001,44.612403869628906,17184917.0
2008-10-01,45.65128774193127,45.94811258626985,42.62369911734837,43.87035369873047,7921980.0
2008-10-03,43.87035153597442,43.87035153597442,42.445605122793616,43.09861373901367,3604710.0
2008-10-06,42.1487772574958,42.74242311844436,40.783393655167735,41.050537109375,2640002.0
2008-10-07,40.84276424920606,42.8611566248272,38.79469051646287,39.536746978759766,12485047.0
2008-10-08,38.586911101926354,39.53674451633537,36.80597720561681,39.03214645385742,6714076.0
2008-10-10,37.99326625598675,39.121191588561366,34.78758590618427,37.96358489990234,5898037.0
2008-10-13,38.58691113515239,43.3360706998721,38.58691113515239,42.7721061706543,4084694.0
2008-10-14,44.52335660640582,46.54174876254766,43.39543135704966,45.32477569580078,7625222.0
2008-10-15,44.49367541810368,45.23573180247133,41.67386416207236,43.39543151855469,9739838.0
2008-10-16,43.03924789880217,43.03924789880217,38.7650048411841,40.07102584838867,9965337.0
2008-10-17,40.66466306416944,41.05053567710314,36.86534095378042,37.54803085327149,9948252.0
2008-10-20,38.55722770451397,39.032144386565065,35.67805001421316,36.746612548828125,7870346.0
2008-10-21,35.67805353768262,36.7169310654858,30.92889375957164,32.027137756347656,22663527.0
2008-10-22,32.65046228873493,33.125378977899295,27.901302908505667,28.1981258392334,17268575.0
2008-10-23,28.13876416457489,28.13876416457489,23.74579184668289,24.487850189208984,28892695.0
2008-10-24,24.30975289139281,24.30975289139281,21.13375235862526,21.875808715820312,20382975.0
2008-10-27,21.875811136859465,24.90339960654508,20.18392313123743,23.41928672790528,15287679.0
2008-10-29,26.35782866475154,26.56560378711144,22.291360894913097,22.914690017700195,17908487.0
2008-10-31,23.80515483085748,26.328147015877946,23.74579024257981,25.259584426879883,12534398.0
2008-11-03,26.71401585841964,29.563512535829084,26.1203718127074,29.207324981689453,18460190.0
2008-11-04,29.08859286863101,30.394611891145747,28.138761364398565,30.06810760498047,7140980.0
2008-11-05,30.83984378160481,31.46317096797052,27.30765764410144,28.49494743347168,10587965.0
2008-11-06,26.71401354537382,28.40590334211707,26.150052783597594,27.248294830322266,7767291.0
2008-11-07,27.307660509826807,29.50414656898776,26.417193543814964,28.257492065429688,6351780.0
2008-11-10,29.385414791109064,31.31476096541564,28.67304165686899,30.928890228271484,7831856.0
2008-11-11,31.70063221938545,31.70063221938545,29.088595789892345,29.62287712097168,8659610.0
2008-11-12,29.682239489921457,30.54302507547728,27.604482669291343,28.435585021972656,5710192.0
2008-11-14,29.593191965417045,30.39461297110076,28.55431448362834,28.999547958374023,6724214.0
2008-11-17,29.53382709708244,29.86033326960869,27.99035156668343,29.47446250915528,3495663.0
2008-11-18,27.960667446865592,29.38541563407016,26.476556551470544,27.15924835205078,4811628.0
2008-11-19,27.75289342423065,28.257491486489386,25.5860906431856,26.090688705444336,4148836.0
2008-11-20,24.9330812441018,25.52672715339813,24.072297492402765,24.398801803588867,5888004.0
2008-11-21,24.81435182414108,27.30765879701653,23.686424692658008,26.12036895751953,8074056.0
2008-11-24,26.77337786947218,27.841940428867662,25.764183652417035,27.30765914916992,6000822.0
2008-11-25,28.494950421905408,28.76209013612052,25.734501700739408,26.17973518371582,7375722.0
2008-11-26,27.30765944593514,27.841940731439166,26.17973416550251,27.66384696960449,3976637.0
2008-11-27,27.66384696960449,27.66384696960449,27.66384696960449,27.66384696960449,0.0
2008-11-28,27.90130370957172,28.79177252732089,26.20941765048244,27.81225776672364,11434507.0
2008-12-01,28.435584666617675,28.732407602385106,26.12036952333902,26.417192459106445,5930226.0
2008-12-02,26.50623976133948,28.851138257473337,22.02422165155365,28.40590476989746,6915109.0
2008-12-03,28.49494817112478,29.08859214225089,26.714012502039303,27.48575210571289,5855420.0
2008-12-04,28.49494963358627,29.17764145602428,27.18893057665503,28.851137161254883,3578989.0
2008-12-05,29.35573494563018,30.810164519909865,28.37622019261853,29.118276596069336,6294207.0
2008-12-08,29.68224142055073,32.2942778242807,29.385418461767625,30.30556869506836,8815777.0
2008-12-10,30.8695302687988,31.730315879418,30.63207191030334,31.374128341674805,8256183.0
2008-12-11,31.61158588288875,32.35364229507519,30.21651900172262,31.75999641418457,7068349.0
2008-12-12,31.46317294227579,32.94728386372599,30.27588307840345,31.878725051879883,6263076.0
2008-12-15,32.02713357634987,34.22361752752188,32.02713357634987,33.808067321777344,6174619.0
2008-12-16,33.244110368202165,34.66885677504562,32.94728553981698,33.392520904541016,6881240.0
2008-12-17,34.31266835013796,34.31266835013796,30.39461301550984,30.869529724121094,6339567.0
2008-12-18,31.34444509060248,32.294276646205354,30.72111783882344,31.7896785736084,5844073.0
2008-12-19,31.463174287183744,32.650464201807345,30.928892980568943,31.374128341674805,6701251.0
2008-12-22,31.46317288112097,31.96776905359328,30.30556625196863,30.63207054138184,4938291.0
2008-12-23,30.83984618130906,30.83984618130906,28.79177259061756,29.682239532470703,5053780.0
2008-12-24,30.86952701221216,30.86952701221216,28.28717233063428,28.49494743347168,8705110.0
2008-12-26,28.94018307738784,29.3260519597439,28.25749125558339,28.643360137939453,4787343.0
2008-12-29,28.791772041188324,29.800968139744032,28.19812617271224,29.593191146850582,2025548.0
2008-12-30,30.2462016960701,32.59110006704964,29.68223905819388,32.08649826049805,7960909.0
2008-12-31,32.858241773742094,32.858241773742094,30.06810976878409,31.25539970397949,5515608.0
2009-01-02,32.056818308699775,32.59110149322047,31.10698675247886,31.997455596923828,5023903.0
2009-01-05,32.591102310905754,32.591102310905754,31.403810488524243,32.027137756347656,6992138.0
2009-01-06,32.05681771921644,32.59110089391237,30.72111729389137,31.70063018798828,7910991.0
2009-01-07,31.75999546296084,32.05681651666257,29.207322007292017,29.65255546569824,6985188.0
2009-01-09,28.6136790458901,29.563510583000504,27.30765997816816,27.54511833190918,5644061.0
2009-01-12,27.30765993679793,27.78257664356049,26.446874344717628,26.714014053344727,4921682.0
2009-01-13,26.71401379125912,27.07020131783656,25.97195926100328,26.150053024291992,4651796.0
2009-01-14,26.41719088277981,27.396705573437384,26.268780362678644,26.98115348815918,3709605.0
2009-01-15,26.268784421186982,26.56560550724796,24.90340066503274,25.467363357543945,6307078.0
2009-01-16,25.971959528694786,26.506238946214072,25.46736146643605,26.090688705444336,6134852.0
2009-01-19,26.26878300702333,26.654651900412645,25.942278703221128,26.17973518371582,4159008.0
2009-01-20,26.09068925580396,26.209418435057994,25.259585001025727,25.764184951782227,3524743.0
2009-01-21,25.70481923140966,25.79386517300623,24.458164781935903,24.9627628326416,4299703.0
2009-01-22,25.22990418807683,26.120371173790865,24.903399877028853,25.02212905883789,5631869.0
2009-01-23,25.853228668898257,26.654649620858308,25.02212636360992,25.407995223999023,9689972.0
2009-01-27,26.061004936185533,26.7436967495238,25.645454703964774,26.417192459106445,11526615.0
2009-01-28,26.71401357315289,27.930986673429683,26.71401357315289,27.66384696960449,9120685.0
2009-01-29,27.841942088665533,28.079398571500207,26.476558392560893,26.951473236083984,8723818.0
2009-01-30,26.71401434306589,28.25749177893,26.268782742427845,27.90130424499512,10511583.0
2009-02-02,27.9606682516343,28.316855778150693,26.23909896251239,26.565603256225582,6179541.0
2009-02-03,26.47655514940029,28.049713779481404,26.298461400699,26.62496566772461,6732345.0
2009-02-04,27.129566180664664,27.60448288758307,26.12037005631673,26.298463821411133,3863906.0
2009-02-05,26.298464362890027,26.68433325627933,25.58609116569851,26.17973518371582,3994905.0
2009-02-06,27.248293976720536,27.248293976720536,26.298462488865457,26.59528541564941,2552741.0
2009-02-09,27.307661607333344,27.307661607333344,25.97196110463321,26.773380279541016,5007292.0
2009-02-10,26.951472974025183,27.396708334913644,26.0610060079557,26.803062438964844,6103968.0
2009-02-11,26.417193543814964,29.058913085981832,26.179735185450816,28.257492065429688,18845638.0
2009-02-12,28.791773375208315,29.56351116213081,28.10908153375622,28.88081932067871,13974009.0
2009-02-13,29.0885934130993,31.16635021959594,28.910501528478328,30.57270622253418,11734957.0
2009-02-16,30.869527939478427,30.869527939478427,28.94018173906593,29.14795684814453,7322661.0
2009-02-17,29.088593613791573,30.03842702020946,27.33734296534276,28.22780990600586,4441976.0
2009-02-18,29.08859333711541,29.50414544847072,27.634163764152326,28.28717422485352,6199091.0
2009-02-19,28.19812642951317,29.563510061589103,28.19812642951317,29.326051712036133,4935978.0
2009-02-20,29.02923146884328,29.177642002558287,28.020033454878664,28.73240852355957,5945751.0
2009-02-24,28.524630160257644,28.85113632339875,28.109079934565784,28.613677978515625,6698692.0
2009-02-25,28.67304151252496,29.563508395305707,28.613676928482672,29.058910369873047,9207159.0
2009-02-26,29.94938033693837,29.94938033693837,28.04971720765881,28.82145500183105,9149805.0
2009-02-27,29.08859414692434,29.533827625416087,27.15924969941134,27.90130424499512,6746152.0
2009-03-02,26.77337842332133,27.871622359825427,26.743697068317594,27.39670753479004,4404257.0
2009-03-03,25.556407397391503,27.66384746686985,25.556407397391503,26.714014053344727,4431519.0
2009-03-04,26.506237386291787,27.30765834325986,26.506237386291787,27.277976989746094,3061079.0
2009-03-05,27.75289398188411,27.75289398188411,24.93308067205656,26.387510299682617,7921338.0
2009-03-06,26.12037032791969,27.277978874143432,25.882913849845064,27.070201873779297,2116894.0
2009-03-09,26.86242676445816,27.01083729805938,26.17973492975587,26.654651641845703,2638507.0
2009-03-12,27.01083563529337,27.485752318147703,26.12036873279508,26.59528541564941,4511349.0
2009-03-13,26.773379774847182,27.21861514520808,25.9719606150466,26.268783569335938,6494288.0
2009-03-16,26.061005745286025,27.01083729137701,26.061005745286025,26.8624267578125,4727358.0
2009-03-17,27.010836725444246,27.277978309258373,26.44687408072012,26.565603256225582,4639742.0
2009-03-18,26.714014618986223,28.34653989412272,26.714014618986223,27.426389694213867,9953673.0
2009-03-19,27.60448180845465,29.02922999565921,26.80306083578624,27.15924835205078,15730041.0
2009-03-20,27.307658351018983,27.78257503020273,27.070200011427115,27.48575210571289,4990806.0
2009-03-23,27.604480649834176,30.127470756178585,27.604480649834176,29.533824920654297,17737601.0
2009-03-24,29.83064999516647,30.275883465073218,27.75289317631712,28.02003288269043,9550827.0
2009-03-25,28.198127215418427,29.415098474014933,27.752893736524403,28.940183639526367,8217138.0
2009-03-26,29.0885934130993,31.01793968979392,28.762089120822647,30.57270622253418,13072412.0
2009-03-27,30.83984595254264,31.670948300250306,29.1776412571273,31.196033477783203,17670095.0
2009-03-30,30.86953025898904,31.017940794074686,28.940183913607083,29.50414657592773,9849307.0
2009-03-31,29.74160385131836,30.39461243534059,29.50414550154531,29.74160385131836,12138607.0
2009-04-01,29.979062719701496,30.27588378419888,28.61367906274025,29.415098190307617,8236746.0
2009-04-02,29.71192277750215,30.810166786072745,29.71192277750215,30.30556869506836,13691016.0
2009-04-06,30.86952970416328,31.9974550085321,30.60238811681532,31.70063018798828,9528055.0
2009-04-08,31.16635054508106,33.244109251130375,30.45397736559656,32.79887390136719,12122355.0
2009-04-09,32.947279788623966,33.65965474554908,31.84903600229112,32.769187927246094,10209708.0
2009-04-13,33.24410979895152,33.689341400344226,32.145865839717665,32.680145263671875,8748034.0
2009-04-15,32.62078018771481,34.40171397559833,32.14586350942397,33.83774948120117,10756521.0
2009-04-16,34.43139813481589,34.7282192050815,30.95857621430774,31.374128341674805,18404695.0
2009-04-17,31.61158828800924,33.095697469591016,30.98825912672218,32.056819915771484,8476075.0
2009-04-20,32.65046336314065,33.8377513694136,31.9084069508298,33.21442413330078,7288299.0
2009-04-21,32.353644140493124,35.11409294945346,32.1161857745925,34.66885757446289,13550656.0
2009-04-22,35.025040341959176,35.49995700892838,33.00664826304709,33.808067321777344,12971993.0
2009-04-23,34.2829905521409,34.84695138535547,33.09569865741377,34.461082458496094,7609924.0
2009-04-24,34.57980681926648,37.01375298572852,34.461077646373035,35.9451904296875,24956620.0
2009-04-27,35.559322089472126,38.46818123538221,34.87663215188695,35.410911560058594,25904904.0
2009-04-28,35.61868877194107,36.12328307274228,34.045528136863595,34.72821807861328,8520674.0
2009-04-29,35.61869299478199,35.85614761801965,34.10489864578572,34.461082458496094,17580170.0
2009-04-30,34.579803466796875,34.579803466796875,34.579803466796875,34.579803466796875,0.0
2009-05-04,35.61869174423643,37.488669840289546,35.321866903122064,37.19184875488281,10723876.0
2009-05-05,37.28089131969174,37.39962048823448,35.707730775427244,36.44978713989258,10487630.0
2009-05-06,36.80597738136125,36.83565873677642,34.84694783264219,35.44059371948242,11416425.0
2009-05-07,35.61868447748837,36.3310556882716,35.08440137476736,35.67804718017578,7974472.0
2009-05-08,35.97487259861074,36.42010794597002,34.698536777884854,35.14377212524414,6682539.0
2009-05-11,35.6186884980579,35.97487226580142,33.155060944303536,34.16425704956055,6131557.0
2009-05-12,34.431398138908534,36.39042771887525,33.33315416966333,36.15296936035156,7462171.0
2009-05-13,36.21232930373366,36.33105847391878,34.639172493414726,35.49995803833008,12274547.0
2009-05-14,35.32186373858385,37.16216406807021,34.372034096954366,35.82646179199219,13878434.0
2009-05-15,36.004558032396695,39.65547364181886,36.004558032396695,38.61659240722656,18148181.0
2009-05-18,40.96149346800342,45.17637012124607,40.96149346800342,45.08732604980469,161754.0
2009-05-19,46.30429268445469,48.678872470579336,41.6144995786049,44.8498649597168,25754100.0
2009-05-20,44.82018206086549,45.85906335062018,42.386239443915954,43.1282958984375,21142303.0
2009-05-21,41.55513787660704,43.33607182050341,40.18975418476449,40.87244415283203,22140188.0
2009-05-22,40.961487237522434,43.15797117934092,40.961487237522434,42.35655212402344,20798237.0
2009-05-25,43.3360710144043,44.463996325319,42.56433323678488,43.3360710144043,12562360.0
2009-05-26,43.92971398441408,44.52335988454893,40.69435227902098,41.70354843139648,15596270.0
2009-05-27,41.6738673006744,48.02586532149047,41.6738673006744,46.83857727050781,70032195.0
2009-05-28,46.89793911917518,48.08522714828917,45.20604926473152,46.80889129638672,56428252.0
2009-05-29,47.07603000269773,51.201862294266,46.36365870274069,49.95520782470703,69705976.0
2009-06-01,50.014576782308325,50.96440648147493,47.87745526454906,48.79760360717773,23931373.0
2009-06-02,48.82728387335919,49.53965894860682,46.808891582531686,47.78840637207031,19998735.0
2009-06-03,48.085227424838926,49.98489429147863,47.432218817285246,48.20395660400391,23023260.0
2009-06-04,48.678872557407935,49.27251844392482,47.31348889627278,48.58982849121094,17058793.0
2009-06-05,48.47109659681005,51.46899970532819,48.47109659681005,49.18346786499024,28780861.0
2009-06-08,49.68806740883949,49.86616304806829,45.85905998961508,46.3339729309082,17368356.0
2009-06-09,46.30429636130528,49.420932812806,44.52336231922135,49.0053825378418,18524283.0
2009-06-10,49.86616595380671,50.75663293471701,47.84776987394153,49.06474304199219,17781104.0
2009-06-11,49.86616094367512,54.496587276899454,49.00537540561456,51.6470947265625,58112882.0
2009-06-12,52.53756196469868,53.36866239915337,49.06473843615633,49.45060729980469,23068773.0
2009-06-15,49.27251735327716,50.90504068828216,48.2336398916487,49.24283599853516,17838568.0
2009-06-16,48.91632987796523,51.70645985205258,48.08522565441042,51.32059097290039,23099783.0
2009-06-17,51.52837195357903,52.59693085366965,46.95730400400368,47.996185302734375,32288567.0
2009-06-18,47.58062655570926,48.79759963169448,45.32477603987223,46.304290771484375,18056491.0
2009-06-19,46.89794211384306,47.93681967511875,45.38414780831299,47.61031723022461,12983882.0
2009-06-22,48.08522632211988,48.32268467500431,46.39334025245253,46.77920913696289,8452477.0
2009-06-23,46.24492833284619,47.37285359734036,44.90922607688747,46.45270156860352,10788414.0
2009-06-24,47.996186063895735,49.213155524331086,46.39334393263309,48.4414176940918,13614933.0
2009-06-25,48.9756961801177,49.24283588358673,46.36365809906557,47.165077209472656,18567910.0
2009-06-26,47.788405251009934,48.29300331187953,46.48238806606769,47.19475936889648,11866112.0
2009-06-29,47.19476104256779,47.66967776510056,45.7996959869084,46.00747299194336,12464020.0
2009-06-30,46.36365820679976,46.95730032446268,41.91131979008408,42.32687377929688,26019419.0
2009-07-01,42.47528591141976,44.52335955719224,42.030050550665344,44.04844284057617,33474479.0
2009-07-02,44.5233582004126,44.90922708197754,43.06893049473161,44.137489318847656,15175676.0
2009-07-03,44.16717147827149,44.582725478069854,43.09861263469256,44.16717147827149,9496988.0
2009-07-06,44.93890834334749,44.93890834334749,39.47737754719056,41.22863006591797,15859912.0
2009-07-07,41.61450163258336,43.6032126302445,40.78339735192111,43.1282958984375,11998953.0
2009-07-08,42.74242423406805,42.74242423406805,40.72403200986795,41.22863006591797,10597439.0
2009-07-09,41.25830788323128,42.089412038991206,40.99116820066377,41.37703704833984,6566768.0
2009-07-10,41.5551404139129,42.00037204921856,39.29928961238269,40.13039016723633,9381725.0
2009-07-13,39.18055720330885,39.77420309060808,37.57771518545462,38.7650032043457,10155045.0
2009-07-14,39.77420178491878,41.5551356326454,39.239918626034985,40.51625442504883,8693960.0
2009-07-15,41.02085133628722,43.87034766705999,41.02085133628722,43.51416015625,9902531.0
2009-07-16,44.820175193227655,45.35445831249798,42.148774619703936,42.47528076171875,13919552.0
2009-07-17,43.81098422069632,44.22653822310805,42.80179183747369,43.90003204345703,7744673.0
2009-07-20,44.52336066165076,44.8201817390451,43.2173434142666,44.64208984375,6368599.0
2009-07-21,44.82017738697,46.155879616961855,44.04843965611504,45.17636489868164,10976005.0
2009-07-22,46.304286131319806,46.304286131319806,43.66256700953068,44.34526062011719,11584354.0
2009-07-23,45.05763634137932,46.66047828804399,44.99827363313965,46.304290771484375,10967432.0
2009-07-24,47.63999396332496,49.15378812190867,47.19475861987927,48.4117317199707,25353183.0
2009-07-27,48.97569679418446,49.153788680161,46.89793809401905,47.4619026184082,5982051.0
2009-07-28,47.669677473895,47.669677473895,45.56223734731044,46.27461242675781,8389623.0
2009-07-29,46.18556179384359,46.74952630303202,44.52335713193761,45.20604705810547,8273803.0
2009-07-30,45.35445972297498,46.36365577696048,44.37494502217562,45.14668273925781,13734645.0
2009-07-31,46.2449321596642,47.72904506560645,45.71065271535141,46.86825942993164,14659340.0
2009-08-03,47.3728528587718,48.02586142157036,46.15587979466507,47.25412368774414,8437315.0
2009-08-04,47.90713498845115,48.14459334407729,45.97779054362295,46.66048049926758,12315093.0
2009-08-05,46.89793499906624,46.89793499906624,45.413822276276456,46.24492645263672,10491792.0
2009-08-06,46.185560970677706,46.77920682353043,44.10780611925389,45.17636489868164,8769208.0
2009-08-07,45.05763845843708,45.26541545845284,43.03924619213787,43.3360710144043,7752268.0
2009-08-10,43.98908176426425,45.05764066066948,42.89083775518632,43.69225692749024,10515395.0
2009-08-11,43.92971125784455,45.26541351131852,43.69225291252885,44.37494659423828,6805659.0
2009-08-12,44.04844207542165,45.11700466924606,43.33607076857942,44.8498649597168,10130022.0
2009-08-13,45.11700150239033,46.808887462554445,45.11700150239033,46.39333724975586,8910129.0
2009-08-14,46.719845564001496,47.13539579602322,45.88874134425078,46.3339729309082,8700544.0
2009-08-17,46.30429239488033,46.57143210273897,44.84986467923802,45.53255462646485,14641659.0
2009-08-18,45.41382681135243,47.4322191140792,45.29509763144453,46.27461242675781,13394419.0
2009-08-19,46.30428943426077,47.63999164385873,45.65128088394667,46.39333724975586,20789136.0
2009-08-20,46.45269828853039,48.88664428282696,46.45269828853039,48.2633171081543,22743379.0
2009-08-21,48.38204798685839,49.56933591816909,47.96649401854861,49.153785705566406,16217136.0
2009-08-24,49.56933781014855,50.34107555831252,48.53046036113607,48.94601058959961,12246761.0
2009-08-25,48.79759971419516,48.97569535062968,47.37285340125513,47.55094528198242,10837024.0
2009-08-26,48.08522582314588,48.32268417356623,47.37285452759213,47.729042053222656,6165416.0
2009-08-27,48.38204784798868,48.38204784798868,47.07602699601774,47.491580963134766,9773147.0
2009-08-28,47.96650095064988,48.94601579507192,47.40254013459335,48.4414176940918,11352735.0
2009-08-31,48.26331763625325,48.61950513363604,47.49157993644405,48.14458847045898,6009504.0
2009-09-01,47.90713143330309,48.67886915396436,46.95729808128485,47.22444152832031,9729455.0
2009-09-02,46.89793862714916,47.96649746657031,46.36365920743858,47.34317398071289,7714487.0
2009-09-03,47.49158531938837,48.05554610405312,46.98698724649572,47.37285614013672,8672188.0
2009-09-04,47.49158530190419,47.93681690715338,46.482389156490434,47.78840637207031,6653094.0
2009-09-07,47.49158528472145,48.38205225060509,47.49158528472145,48.20395660400391,6993800.0
2009-09-08,48.32268138595463,49.39124390120359,47.25412262641277,47.491580963134766,17545160.0
2009-09-09,47.96649495820293,47.96649495820293,47.13539451671648,47.25412368774414,11011812.0
2009-09-10,47.72904227675451,48.085226048345866,46.4823878090628,46.63079833984375,8672014.0
2009-09-11,46.89793689613844,47.135395241846815,45.50287193188214,45.62160110473633,7222470.0
2009-09-14,45.4731930152346,45.82938055289098,44.374949046387606,44.87954711914063,7245508.0
2009-09-15,44.849868521518765,45.82938337138689,44.4639996042537,44.70145797729492,16253833.0
2009-09-16,45.11700190239634,45.59191858163795,44.46399334629268,44.612403869628906,10298190.0
2009-09-17,44.820180634382304,45.59192217686039,44.820180634382304,45.29509735107422,12361678.0
2009-09-18,45.3544597430892,45.68096213969571,45.02795359077557,45.562232971191406,5749940.0
2009-09-22,45.71064541978228,46.482383106330566,45.62159760803996,46.1855583190918,9624288.0
2009-09-23,46.304288231846606,46.54174656319588,45.20604438828298,45.38414001464844,6277446.0
2009-09-24,45.117004649427145,46.30429266411423,44.67176929660239,45.680965423583984,13300300.0
2009-09-25,44.22654040258484,45.65128685843048,44.22654040258484,45.08732604980469,9461582.0
2009-09-29,45.47319051343087,45.91842209422542,44.96859246843939,45.20604705810547,10468453.0
2009-09-30,45.38414710857185,45.413828465703205,44.58272793177977,44.67177200317383,6691458.0
2009-10-01,44.968592113985416,45.354460983248735,43.721937688455576,43.81098175048828,14168741.0
2009-10-05,43.632892346389525,43.632892346389525,41.495770889324746,41.8222770690918,17203659.0
2009-10-06,42.32687241808592,42.97988097993908,36.12328169121294,38.408817291259766,61237321.0
2009-10-07,38.73532269234169,39.655474776618,37.63707871585148,37.96358489990234,31156691.0
2009-10-08,38.17136161570531,38.52754915315128,36.65756739834052,36.98406982421875,29614496.0
2009-10-09,37.399618623936576,38.1713563031412,36.89502062170994,37.07311248779297,18934307.0
2009-10-12,37.39962140509794,37.933900798784734,36.95438607322082,37.72612380981445,12713727.0
2009-10-13,37.8151741027832,37.8151741027832,37.8151741027832,37.8151741027832,0.0
2009-10-14,37.993265987033006,38.29009081289824,36.390427701331966,36.56851959228516,14871643.0
2009-10-15,36.74661607795692,37.63707930876167,36.212332881483526,37.01375579833984,20125418.0
2009-10-16,37.2808973388121,37.99326870937608,36.86534705967415,37.63708114624024,9946217.0
2009-10-20,37.993269633360185,38.23072801455899,36.71693365119747,36.83566284179688,12966657.0
2009-10-21,36.80597599423818,36.80597599423818,35.67805072960405,35.9451904296875,19982525.0
2009-10-22,36.06391877992905,36.42010629048441,35.29218105157933,35.49995803833008,12655549.0
2009-10-23,35.79678263964675,36.09360371672274,34.63917593220135,34.935997009277344,10084380.0
2009-10-26,35.32186509271115,35.381231560174264,33.54093116013667,33.65966033935547,14444116.0
2009-10-27,33.5409274646812,33.5409274646812,31.96776695228592,32.1458625793457,20283625.0
2009-10-28,32.05681829127307,32.62078283137516,31.047622145971108,32.41300582885742,13713502.0
2009-10-29,32.056815661689434,33.77838674094161,30.988255014442885,33.006649017333984,18092045.0
2009-10-30,33.00664997863003,33.71902126040364,30.602387043912604,30.89920997619629,18069477.0
2009-11-03,30.750799409428023,31.16634963623706,29.415097154796296,30.06810760498047,19143691.0
2009-11-04,30.632070239259686,30.8695285848013,28.91050098979022,30.275882720947266,12945346.0
2009-11-05,30.45397735407887,31.99745476654082,29.682239586774728,31.75999641418457,15862878.0
2009-11-06,32.20522650356275,32.47236995426408,29.74160278544592,29.979061126708984,22877740.0
2009-11-09,30.27588382928608,30.51334218352056,29.415098234112914,30.03842735290528,15541486.0
2009-11-10,30.21651613650864,30.661749566031503,29.26668469500297,29.44477844238281,12324459.0
2009-11-11,29.38541629942437,30.09779134808329,28.3762201916779,29.326051712036133,19787140.0
2009-11-12,29.682239290626462,30.661752167542605,29.50414552813617,30.157155990600582,21012570.0
2009-11-13,30.275884375129667,30.42429678812879,29.682240356694344,29.91969871520996,9248141.0
2009-11-16,29.97906274950014,31.04762158731877,29.711921162191803,30.661752700805664,15017303.0
2009-11-17,30.839845350071784,30.958574522832546,29.89001384583933,30.06810760498047,11418623.0
2009-11-18,30.246201931579115,30.6914353988583,29.711920644131897,30.364931106567383,7460310.0
2009-11-19,30.424295940207283,30.4836605281817,29.74160411742828,29.8900146484375,6815071.0
2009-11-20,29.68224142055073,30.45397923553302,29.326053870011005,30.30556869506836,8909890.0
2009-11-23,30.30556760569276,30.424296784938115,29.17764228071558,29.296371459960938,10542015.0
2009-11-24,29.385415760587044,29.53382628740944,29.08859282908864,29.23700523376465,7430093.0
2009-11-25,29.385417384547583,29.444781974128,28.999548491201743,29.088594436645508,4657844.0
2009-11-26,29.088595796976243,30.038429274681928,29.088595796976243,29.207324981689453,11581153.0
2009-11-27,28.96986443273639,29.20732089105199,28.4949477603981,29.058910369873047,7804604.0
2009-11-30,29.38541687384296,30.750800532609063,29.1776417528494,30.24620246887207,16495860.0
2009-12-01,30.453977604086244,31.04762161199663,30.453977604086244,30.869529724121094,11169563.0
2009-12-02,31.04762159192368,31.96776989748256,30.95857564804348,31.70063018798828,16026788.0
2009-12-03,32.26459531133046,32.88792256351508,31.58190159166245,31.997455596923828,9991735.0
2009-12-04,32.05682072708797,32.769195856386006,31.522541257968303,32.50205612182617,11088513.0
2009-12-07,32.70982744745795,32.91760445345962,32.05681882879092,32.29427719116211,10762163.0
2009-12-08,32.056815661689434,33.095693077645315,32.056815661689434,33.006649017333984,10773802.0
2009-12-09,33.244109023690335,34.43139702209043,32.53173397122589,34.31266784667969,15845895.0
2009-12-10,34.57980733584132,36.12328285080629,34.31266763176717,35.82646179199219,29540409.0
2009-12-11,35.61869400141964,36.50916106977704,34.49076854740588,35.47027969360352,27935783.0
2009-12-14,35.44058977530354,35.44058977530354,34.431393757842145,34.6094856262207,9842741.0
2009-12-15,34.609483538598354,34.8469418525844,33.30346656738183,33.57060623168945,9298476.0
2009-12-16,33.570611231993816,35.32186374170792,32.20522760105508,34.995361328125,19983698.0
2009-12-17,35.02503876090909,35.14376792229189,34.223615982648475,34.579803466796875,6984216.0
2009-12-18,34.431394508247664,34.431394508247664,33.600290341051554,33.808067321777344,6999981.0
2009-12-21,34.07521252870057,34.31267090065688,33.80807279917663,33.86743927001953,4833387.0
2009-12-22,33.95647795045188,34.78758212032007,33.83774878332785,34.6391716003418,4686411.0
2009-12-23,34.72821891321663,35.70773369485146,34.63917484630976,35.58900451660156,8643817.0
2009-12-24,35.32186061114885,36.034235596077,34.31266459368745,34.6094856262207,7299809.0
2009-12-29,34.72821807861328,35.26250124575142,34.490763483527495,34.72821807861328,2866891.0
2009-12-30,35.02504268286758,35.38123020690037,34.609488693642334,34.995361328125,4662579.0
2009-12-31,35.084409764300894,35.61869299478199,34.07521353163671,34.461082458496094,6484135.0
2010-01-04,34.55012512207031,34.965675345219545,34.223618960927,34.55012512207031,2469242.0
2010-01-05,34.728220006522484,36.034241008387255,34.609490824534774,35.7671012878418,7604355.0
2010-01-06,36.36074533661517,36.53884099673,35.85614722580269,36.39043045043945,8530099.0
2010-01-07,36.50915548369581,36.687247367835205,36.06392013978638,36.24201202392578,5383142.0
2010-01-08,36.15296742117784,36.4794698298544,35.67805072960405,35.9451904296875,3661818.0
2010-01-11,36.21233553007697,37.19185041359508,36.21233553007697,36.83566284179688,7120803.0
2010-01-12,36.50915514621183,36.80597620226949,34.72821754274408,34.846946716308594,7337952.0
2010-01-13,34.84694651010054,35.32186320154827,34.16425658292485,35.11408996582031,4927321.0
2010-01-14,35.32186400604547,35.91550988387612,34.93599512438238,35.559322357177734,7192223.0
2010-01-15,35.618690455474734,35.97487424279226,35.05472590675824,35.2031364440918,4272665.0
2010-01-18,35.17345618084971,35.38123319299825,34.87663509695832,34.96567916870117,2977378.0
2010-01-19,34.84694725817436,35.143772074554875,34.134575961417234,34.31266784667969,3690760.0
2010-01-20,34.49076160933703,34.72821619151979,34.16425545581167,34.520442962646484,4682366.0
2010-01-21,34.43139782867442,34.728218896300895,33.244109802461125,34.34235000610352,5654590.0
2010-01-22,33.83775547379675,36.95439203239628,33.30347599395334,36.83566284179688,30740484.0
2010-01-25,36.80597713301311,37.39962301584772,36.27169771631564,36.95438766479492,13187118.0
2010-01-27,36.687250454291146,36.83566099617746,35.47027725054964,35.796783447265625,10012126.0
2010-01-28,36.09360286861688,36.4497904061631,34.223621113279776,35.32186508178711,10642261.0
2010-01-29,35.0250420828866,35.796779827217435,34.46107757390193,34.69853591918945,7429413.0
2010-02-01,34.60949156588536,36.50915851838037,34.43139966694275,36.21233367919922,6652081.0
2010-02-02,36.33105929789912,36.62788410794743,35.08440486053507,35.529640197753906,5698133.0
2010-02-03,35.20313133250991,36.12327953493613,34.75789978515798,35.70772933959961,4707661.0
2010-02-04,35.70773317026172,36.004557989379464,34.72821840301714,34.87663269042969,4505513.0
2010-02-05,33.68933538868248,34.728212695591374,33.24410386673869,33.57060623168945,5805887.0
2010-02-08,34.13457346924543,34.431394508247664,33.362835763274,33.808067321777344,5211566.0
2010-02-09,33.89712162528153,34.550130289527566,33.83775515269129,34.461082458496094,3218049.0
2010-02-10,34.43139729609404,34.60948918277374,33.86743652518553,34.045528411865234,4506486.0
2010-02-11,34.07521165971133,34.90631594036352,34.07521165971133,34.66885757446289,2800561.0
2010-02-15,34.72822219588276,35.20313895377361,34.253309193699664,34.461082458496094,2830032.0
2010-02-16,34.3720316648132,35.23281342560721,34.16425468492111,34.90631103515625,3242625.0
2010-02-17,34.99535822650367,35.32186061114885,34.37203105361828,34.6094856262207,2259437.0
2010-02-18,34.78758380152319,35.232815382975005,34.401714928648715,35.11408996582031,2540367.0
2010-02-19,34.72821397959866,34.84694314098146,33.57060747289651,34.579803466796875,5272182.0
2010-02-22,34.31266896524539,34.84694839415715,33.1550622840341,33.244110107421875,3884265.0
2010-02-23,33.30347115033525,33.77838784366153,32.70982528367741,33.60029220581055,3558000.0
2010-02-24,33.77839086286976,34.57981003771052,33.60029520910009,34.40171813964844,3871978.0
2010-02-25,34.43140207313786,36.71693434044545,33.86744122398491,35.47027969360352,7529570.0
2010-02-26,35.73741106298549,36.68724438300439,34.81726285099741,36.27169418334961,10005222.0
2010-03-02,36.21232940366706,36.9247044267437,35.91550835523871,36.746612548828125,4985883.0
2010-03-03,36.77629659482008,36.98406984164756,36.212332054671336,36.56851959228516,3901586.0
2010-03-04,36.56851329260915,36.77629025935023,36.09359665760484,36.47946548461914,3591488.0
2010-03-05,36.77629470825195,37.28089275505956,36.39042583455833,36.77629470825195,3820035.0
2010-03-08,36.8356587516549,37.34025681674607,36.53883768596859,37.10279846191406,3033943.0
2010-03-09,37.1621610757105,37.39961940592416,36.47946743741951,36.6872444152832,2203446.0
2010-03-10,36.509150591087,36.92470076886237,35.79677563858055,36.47946548461914,4681734.0
2010-03-11,36.4794698298544,36.89502381283507,35.4999588481175,35.9451904296875,3133441.0
2010-03-12,35.796783447265625,36.03424181656678,35.49996236349299,35.796783447265625,3353023.0
2010-03-15,35.856144510252726,36.12328422448554,35.14377319086771,35.32186508178711,1998764.0
2010-03-16,35.55932425880219,37.63707930876167,35.55932425880219,37.01375579833984,3691269.0
2010-03-17,37.19184976533956,38.55723355558008,37.102801935015165,38.20104598999024,9995135.0
2010-03-18,36.80597669273444,40.18975255085341,36.80597669273444,39.98197555541992,21183005.0
2010-03-19,40.0710250047909,41.02085468887216,39.89293311268425,40.87244415283203,13210040.0
2010-03-22,40.24912021690194,40.634989144718176,39.47738236126948,40.16007614135742,4202924.0
2010-03-23,40.9614908292338,40.9614908292338,38.52754834152147,38.61659240722656,8484782.0
2010-03-25,38.58690893811178,40.13038439426654,38.49786112157758,39.507057189941406,9830780.0
2010-03-26,39.53674477197944,39.863247193513175,39.23991995020367,39.59610748291016,3616225.0
2010-03-29,39.47737723524928,40.42721063005328,39.26960024120908,39.83356475830078,5626010.0
2010-03-30,40.0710264297871,40.16007425686086,39.09151159909859,39.536746978759766,5431874.0
2010-03-31,39.83356524853467,39.83356524853467,38.675958601151024,38.883731842041016,4386575.0
2010-04-01,39.1805572148764,39.35864910326506,38.23072379491721,38.34945297241211,4323955.0
2010-04-05,38.586909640765015,38.73532016721976,37.72612408047885,37.8745346069336,8473601.0
2010-04-06,37.99326297080658,38.49786100344004,37.69644192421295,37.844852447509766,5878190.0
2010-04-07,38.02294954408976,40.36784416502439,37.99326443372167,39.83356475830078,24067274.0
2010-04-08,39.92260992820624,40.66466252401048,39.388326801237326,40.427207946777344,13493467.0
2010-04-09,40.36784666588636,40.84276339271032,39.53674614965195,39.92261505126953,17853192.0
2010-04-12,40.07102390717629,40.63498467982238,39.71483637701211,40.2787971496582,6248700.0
2010-04-13,40.33816200278406,40.36784335685064,39.71483478884991,40.21943283081055,4117743.0
2010-04-15,40.249112345966,41.0208500506809,40.189749640545024,40.84275817871094,10058097.0
2010-04-16,40.90212076890173,40.90212076890173,39.77419932342451,40.01165390014648,3815665.0
2010-04-19,39.50706186593012,39.89293453134719,38.646279975145006,39.536746978759766,3797500.0
2010-04-20,39.56642532026025,40.66466549573276,39.21023779482026,39.98197555541992,3904704.0
2010-04-21,40.27879634533469,40.27879634533469,39.59610640959978,39.83356475830078,2179531.0
2010-04-22,39.77420313899803,39.86324720542071,39.12119078432072,39.18055725097656,5079864.0
2010-04-23,39.18055752873875,39.47737859700005,38.70564081495476,38.91341781616211,2172564.0
2010-04-26,39.06182558982785,39.65547144010541,38.5869089096058,38.67595672607422,2318809.0
2010-04-27,39.71483331916169,39.71483331916169,38.58690810500695,38.64627456665039,3186780.0
2010-04-28,38.05262718172961,38.82436486177007,37.39961866444207,37.48866271972656,8150146.0
2010-04-29,37.78548712886679,38.05262680347868,36.06391616391583,36.50915145874024,14044376.0
2010-04-30,36.80597823404811,36.80597823404811,35.94519261711474,36.3013801574707,7405869.0
2010-05-03,36.21232917983049,37.93390026377071,36.09360001005161,37.844852447509766,10706087.0
2010-05-04,38.05262943354959,39.00245903607351,37.45898358465518,37.844852447509766,11178088.0
2010-05-05,37.102795805808384,38.05262915713997,36.212328916788586,37.69644165039063,9204751.0
2010-05-06,37.39962496094266,37.844856579443885,36.301380959507554,37.16216659545898,5214642.0
2010-05-07,38.913420853070576,38.913420853070576,35.61869246655258,37.63708114624024,8013516.0
2010-05-10,37.69644878617144,38.705645035144336,37.19185066168499,37.39962768554688,6731301.0
2010-05-11,37.84485343531159,37.87453478960425,35.262500497705496,35.529640197753906,15710707.0
2010-05-12,35.025040193994045,35.32186123174234,32.205225312557126,32.5614128112793,34608967.0
2010-05-13,32.17554908345526,33.77839120508297,31.90840935580191,32.88792419433594,31470308.0
2010-05-14,32.887925202609736,34.16426116528664,32.442689805732435,33.89712142944336,12476786.0
2010-05-17,33.48156469267356,34.104895700352806,32.79887472894607,33.65966033935547,6422203.0
2010-05-18,33.57060818658967,34.96567304571575,33.57060818658967,33.77838516235352,6996047.0
2010-05-19,33.77838834114318,33.77838834114318,30.89921054008273,31.196033477783203,15216503.0
2010-05-20,31.46317264492006,37.19184491641174,31.40380805839481,31.522537231445312,16426452.0
2010-05-21,31.463172059702924,31.463172059702924,30.30556546077255,30.810163497924805,13456591.0
2010-05-24,31.46317315435944,31.99745444173756,30.780481337192,30.988256454467773,9635914.0
2010-05-25,30.98825672994642,30.98825672994642,30.275883551629743,30.513341903686523,6564586.0
2010-05-26,30.632071613007128,31.16635103658281,28.79177310823553,29.771286010742188,60159830.0
2010-05-27,29.682240079794816,30.157156792395654,29.14795877811888,29.3557357788086,12594756.0
2010-05-28,29.504147123976068,30.21652033461491,29.38541794256064,29.80097007751465,7512981.0
2010-05-31,29.800967370761683,30.186836236387386,29.682238200130147,29.979061126708984,4335599.0
2010-06-01,30.068109225795496,30.068109225795496,28.791773366597152,29.088594436645508,6974175.0
2010-06-02,30.27588282237276,32.02713530982851,29.118276200759784,31.730314254760746,25953190.0
2010-06-03,32.620785509131125,34.37203822922944,31.93809173379368,33.066017150878906,32849916.0
2010-06-04,32.68014471826332,33.5409303067722,32.205228013471206,33.21442413330078,17244983.0
2010-06-07,32.08650018516044,32.858241740720565,31.522539391309486,32.29427719116211,15103880.0
2010-06-08,32.53173194506019,32.94728215526251,31.463171310770072,31.6115837097168,7173390.0
2010-06-09,31.75999665438,32.4130052504446,31.58190101091223,31.70063018798828,6854854.0
2010-06-10,31.96776516177864,32.917598437678784,31.700625491858425,32.769187927246094,13737163.0
2010-06-11,33.24411064064688,33.36283982183247,32.17554800997652,32.29427719116211,7362165.0
2010-06-14,32.88792167616268,32.88792167616268,31.64126720542956,31.96776962280273,4734611.0
2010-06-15,31.492860974547348,32.50205723097159,31.374131782279328,32.26459884643555,9824889.0
2010-06-16,32.62078094482422,33.12537898829289,32.11618290135556,32.62078094482422,9109136.0
2010-06-17,32.91760559044617,33.184745318413995,32.23491559182925,32.472373962402344,8818519.0
2010-06-18,32.65046305112764,32.76919222619107,31.611585586103065,31.8193588256836,8877136.0
2010-06-21,32.05681690590892,32.35364171892205,31.99745419673065,32.08649826049805,3580583.0
2010-06-22,32.205227226607896,32.650462565399,32.05681669891327,32.353641510009766,4566815.0
2010-06-23,32.20522348075367,32.88791708673361,31.55221498142573,32.769187927246094,4892510.0
2010-06-24,33.18474170327126,33.18474170327126,32.65046230553996,33.03633117675781,7258071.0
2010-06-25,33.15505606006724,33.92679370266852,32.91759774608119,33.57060623168945,8090583.0
2010-06-28,33.89711708349972,35.17345288253783,33.80806926439952,34.846946716308594,16037850.0
2010-06-29,34.72821753802443,34.84694671157281,33.837750614265204,34.015846252441406,5648323.0
2010-06-30,33.956482695363725,35.55932479765784,33.48156596050509,35.232818603515625,8606762.0
2010-07-01,35.14377723010693,35.67805671997979,34.728223177354366,35.47027969360352,11623151.0
2010-07-02,35.49996297946856,35.61869216617926,34.31267111236156,34.431400299072266,3838955.0
2010-07-05,34.43139943022236,35.91551234880181,34.01584916507484,35.232818603515625,5591373.0
2010-07-06,35.32186481861294,35.44059399691039,34.668856215830644,35.17345428466797,2932742.0
2010-07-07,35.02504348754883,35.29218319778399,34.46107895594663,35.02504348754883,2071691.0
2010-07-08,35.02504128458397,35.85614171844034,34.93599346820395,35.08440399169922,1812326.0
2010-07-09,35.32186460184712,40.16007201528894,35.32186460184712,39.59610748291016,68374599.0
2010-07-12,39.89293076373987,42.20814400334109,38.55722850661163,41.61449813842773,51195253.0
2010-07-13,41.40672651427653,41.40672651427653,39.00246160671643,39.18055725097656,30082140.0
2010-07-14,39.47737883816171,39.71483719650431,37.81517408547097,38.2307243347168,18071178.0
2010-07-15,38.23072629084748,38.88373493184804,37.72612819247782,38.02295303344727,21738261.0
2010-07-16,37.42930283513184,38.61659079637271,32.650462124757006,38.557228088378906,9372468.0
2010-07-19,38.4681842973079,39.32896994327052,38.11199674493982,39.121192932128906,12991181.0
2010-07-20,39.15087073814769,39.536743368327485,38.70563915485194,38.85404968261719,6761053.0
2010-07-21,38.94309668225716,39.47737607325455,38.23072165712252,38.408817291259766,4546291.0
2010-07-22,37.75580654968346,39.121190193664425,37.63707737387176,38.883731842041016,11545843.0
2010-07-23,39.1805585541882,41.05054034687405,38.34945428331421,40.75371551513672,30528372.0
2010-07-26,40.9021271887683,41.02085637361815,39.80388692354168,40.1007080078125,10701108.0
2010-07-27,40.21943528298694,40.961491714137736,40.10070610377452,40.72403335571289,11474672.0
2010-07-28,40.81307983026128,41.673865412177314,40.367844484001935,41.22863006591797,15238768.0
2010-07-29,41.228632241350425,41.34736142290386,39.68515663686339,40.75371551513672,10262994.0
2010-07-30,40.72403174325945,42.20814454679813,40.04134180659945,41.911319732666016,17249796.0
2010-08-02,42.20814433778693,42.74242374258882,41.28799605666066,42.59401321411133,9744717.0
2010-08-03,42.7424269927712,43.2767064382003,42.1784624348235,43.1282958984375,17034434.0
2010-08-04,43.30638430315517,44.70145302927872,42.77210490080579,44.52335739135742,13907283.0
2010-08-05,44.760819076166,44.760819076166,41.85195974502589,42.14878082275391,15519173.0
2010-08-06,42.44559940945567,42.97987877301902,42.03004545494464,42.47528076171875,10152959.0
2010-08-09,42.59401045649685,43.39542951181433,42.03004597794574,42.35655212402344,8870966.0
2010-08-10,42.50496648054966,42.92052047775087,41.55513682060553,41.94100570678711,6402436.0
2010-08-11,42.44560510935762,42.80179265146695,41.76291138138788,42.26750946044922,6825788.0
2010-08-12,42.11909651945085,43.09861126541651,41.703546288562215,43.00956344604492,12788897.0
2010-08-13,43.0392480722968,43.2767064382003,42.534649983678754,43.1282958984375,5790405.0
2010-08-16,43.18766103856567,44.46399689923408,42.53464867457525,42.80179214477539,5781006.0
2010-08-17,42.80179014647165,42.83147150098344,41.91131946545983,42.17845916748047,4593600.0
2010-08-18,42.326874542585074,42.41591860841588,41.05053870860319,41.52545166015625,3236497.0
2010-08-19,40.36784500298947,41.673865947955655,39.8632469404521,41.52545166015625,9983600.0
2010-08-20,41.22862979700218,41.55513596584319,40.427210685811424,41.49576950073242,3261781.0
2010-08-23,40.545939859346014,42.62369477973433,40.545939859346014,41.911319732666016,5730025.0
2010-08-24,41.911319675415946,41.911319675415946,39.95229393221501,40.249114990234375,4893616.0
2010-08-25,40.39752479821958,42.29718779819392,40.10070374549794,41.88163757324219,12099782.0
2010-08-26,42.14877698850621,44.52335666143886,40.51625369809671,41.31767654418945,8367595.0
2010-08-27,41.10989736577233,41.94100152153225,40.902120387905605,41.37703704833984,3089070.0
2010-08-30,40.99117386071592,42.23782838864008,40.99117386071592,42.000370025634766,3369420.0
2010-08-31,41.85195358565918,42.74242044350042,41.08021589257724,42.47528076171875,7761660.0
2010-09-01,42.594015142077765,43.03924674766312,42.20814624828749,42.80179214477539,4179145.0
2010-09-02,42.32687484718923,43.03924615749908,42.20814566951969,42.50496673583984,3024946.0
2010-09-03,42.594013483386654,43.03924507163384,41.94100490053306,42.32687377929688,2795637.0
2010-09-06,42.44560188300916,42.86115210602975,42.17845842995249,42.5643310546875,6485003.0
2010-09-07,43.009562981160414,44.52335711557868,42.801789745815526,43.95939636230469,24384635.0
2010-09-08,43.8703520111249,45.29509843973683,43.068932849225845,45.0576400756836,20472234.0
2010-09-09,45.05763494397488,46.096516107314336,44.760813900567655,45.562232971191406,21846571.0
2010-09-13,45.71065023097575,45.94810858347724,44.048441763465306,44.2859001159668,4577691.0
2010-09-14,44.52335879384148,44.7608171480783,43.95939801930956,44.4343147277832,5774208.0
2010-09-15,44.46399608313596,45.11700467943353,43.92971290824943,44.4343147277832,8324081.0
2010-09-16,44.40463122164674,44.879547947285374,44.22653932738601,44.49367904663086,5616784.0
2010-09-17,47.4915838752406,47.4915838752406,43.48448076983546,45.7996940612793,29412633.0
2010-09-20,46.30428933541655,46.30428933541655,45.235730574584885,45.562232971191406,7858614.0
2010-09-21,45.71064885880419,45.88874073998056,44.849863295752726,45.20604705810547,4025996.0
2010-09-22,45.20604792170738,46.36365831644372,44.879545507362096,45.23573303222656,5218994.0
2010-09-23,45.47318782783117,45.65127969848962,44.849860646966086,45.38414001464844,4172325.0
2010-09-24,45.354461938066,46.60111638984083,45.057637124586535,45.91842269897461,9628483.0
2010-09-27,46.30429184852149,46.54175019841784,45.206047919177664,45.65128326416016,4281672.0
2010-09-28,45.651279576718125,45.94810436796646,44.16716688759745,44.553035736083984,5269801.0
2010-09-29,45.087323827908506,45.087323827908506,43.63289233088231,43.90003204345703,3222503.0
2010-09-30,43.92971232734325,44.463995495164674,42.65337650697855,43.72193908691406,14316745.0
2010-10-01,43.929714487258046,44.25622067499645,43.51416423026077,43.662574768066406,5409329.0
2010-10-04,44.10780571281269,45.05763531291748,42.267505463780665,42.95019912719727,7341254.0
2010-10-05,43.03925028024563,43.66257758379263,42.80179565786808,43.06893539428711,5594358.0
2010-10-06,43.18766236776715,43.721941813196246,42.80179346210085,43.1282958984375,4324716.0
2010-10-07,43.36575374320779,44.28590208324562,42.47528675962433,42.83147430419922,10799433.0
2010-10-08,43.0392475470024,43.57353074161812,41.73323030618066,42.000370025634766,8890868.0
2010-10-11,42.297191101537656,42.71274511465072,41.88164084413211,42.000370025634766,2195063.0
2010-10-12,42.23782621739626,43.6922539214043,42.14877839691991,43.3063850402832,12767780.0
2010-10-13,43.63289452763996,43.98908208090816,42.74242752232328,43.84067153930664,4625629.0
2010-10-14,43.92970733876341,44.49367179750229,42.86114863587886,43.54383850097656,11527107.0
2010-10-15,43.63289209355953,43.92971316020426,42.74242513791795,42.9205207824707,2546394.0
2010-10-18,41.55514022035232,43.72194318244553,41.55514022035232,43.039249420166016,9411702.0
2010-10-19,43.3360690681525,43.69225282974394,42.23782516207509,42.71274185180664,4268988.0
2010-10-20,42.65337475945282,42.89083310082084,41.25830982069609,41.58481597900391,4078110.0
2010-10-21,41.85195871039474,43.157975926960695,41.70354817519963,42.80179214477539,10593423.0
2010-10-22,42.9798807678886,43.92971037434141,42.9798807678886,43.51416015625,14762947.0
2010-10-25,43.63289204584677,43.87035040118585,42.23782702501023,42.50496673583984,5246715.0
2010-10-26,42.74242423406805,42.74242423406805,40.96149036044529,41.22863006591797,7872256.0
2010-10-27,40.96149257441631,41.25831365082753,39.061829422827984,39.92261505126953,10924831.0
2010-10-28,40.071021939704025,40.63498268465986,38.11199249784236,38.82436752319336,12280665.0
2010-10-29,39.44769403035906,40.16006904304928,38.91341464869495,40.04133987426758,5692358.0
2010-11-01,40.21943607600006,41.436409247995805,40.21943607600006,40.75371551513672,6709782.0
2010-11-02,40.931810394083016,40.931810394083016,39.74451860091971,39.8929328918457,3966238.0
2010-11-03,41.22862743760308,41.22862743760308,39.269598048081306,39.47737503051758,4179627.0
2010-11-04,39.83356722606316,40.189754771181136,39.50706103744481,39.92261505126953,3053533.0
2010-11-08,40.30848415643567,41.10990332021745,39.83356742721349,40.90212631225586,3552865.0
2010-11-09,40.69434959979651,41.792589748105975,40.69434959979651,41.466087341308594,4098038.0
2010-11-10,39.18055546416747,41.82227485075451,39.18055546416747,41.050537109375,3005220.0
2010-11-11,41.10990251277921,41.16926898061973,40.69435226072538,40.87244415283203,1556292.0
2010-11-12,40.39752747096893,42.0894173482585,40.18975422260014,41.28799819946289,4313943.0
2010-11-15,39.3586499620026,41.733229808002406,39.3586499620026,41.28799819946289,3011602.0
2010-11-16,41.22863086986767,41.822276757887,40.63498498184835,41.2583122253418,7897059.0
2010-11-18,41.43641030938949,42.267510845844605,40.39752900525918,41.76291275024414,10436269.0
2010-11-19,41.82227992462031,45.295100182149575,41.13958616277848,43.87035369873047,37280810.0
2010-11-22,44.82018236192444,45.02795937241253,42.56433538210369,42.86115646362305,7263213.0
2010-11-23,42.62369755168475,44.13749180837115,41.43640948506518,42.14878082275391,6590683.0
2010-11-24,42.14877474369199,42.38623307390911,40.96148684831338,41.37703704833984,8652897.0
2010-11-25,41.40672873205448,41.61450198720995,40.60530580137378,41.198951721191406,6612646.0
2010-11-26,41.1989451785305,41.79258724836631,39.47737416230988,41.37703704833984,11269360.0
2010-11-29,43.63289003950902,43.63289003950902,40.36784343729192,41.466087341308594,8104268.0
2010-11-30,41.19895348364612,43.30639001666467,40.39753051868126,43.06893539428711,15746051.0
2010-12-01,43.00956452446102,43.157975056663375,41.88163922173277,42.7721061706543,4399692.0
2010-12-02,42.861152855495234,43.33606955051294,41.82227540192445,42.17845916748047,4108864.0
2010-12-03,42.68305761060034,42.68305761060034,41.43640326223066,41.6441764831543,5569768.0
2010-12-06,41.85195541381836,42.11909510726911,41.49576790398164,41.85195541381836,1895447.0
2010-12-07,42.03004809960301,42.03004809960301,41.58481652052056,41.88163757324219,6124007.0
2010-12-08,41.76290759743239,42.20814292365508,41.555134366808,41.85195541381836,7048650.0
2010-12-09,41.733225022241264,42.05973116896076,39.23991628207648,40.427207946777344,10635307.0
2010-12-10,40.219435051857,41.8519584398656,39.59610780350072,41.4067268371582,6027430.0
2010-12-13,41.792593036948574,41.792593036948574,39.68515663686339,40.75371551513672,4856010.0
2010-12-14,41.55513709423442,42.32687487167925,40.10070560586789,41.673866271972656,8592134.0
2010-12-15,41.43640679132894,42.03004890819293,40.99117144797366,41.49576950073242,6931369.0
2010-12-16,41.49576580004231,41.70354277583904,40.10070094069546,40.39752197265625,9270924.0
2010-12-20,40.27880162642509,40.39753081634258,39.06183212440557,39.32897186279297,8867959.0
2010-12-21,39.62578802997993,40.36784443571975,39.3883296796866,39.98197555541992,4462315.0
2010-12-22,40.07102204427275,40.81307842535638,39.92261151919747,40.486572265625,4580137.0
2010-12-23,40.367847433446734,41.3770436192829,39.89293445330022,41.198951721191406,6192893.0
2010-12-24,41.10990173878919,42.08941651620278,40.96149120554325,41.673866271972656,9407934.0
2010-12-27,42.0300511559109,42.0300511559109,40.07102530522023,40.189754486083984,3928986.0
2010-12-28,40.367845557386936,40.961491449615394,40.071024489126415,40.57562255859375,3764742.0
2010-12-29,41.198948442300434,41.55513596584319,40.54593986032568,41.49576950073242,3654205.0
2010-12-30,41.584813611913326,42.05973026761616,40.01165312882444,40.39752197265625,8594881.0
2010-12-31,40.54594176285623,41.64418198401152,40.42721258277087,41.28799819946289,3897880.0
2011-01-03,41.436410021911406,42.68306457365263,41.436410021911406,42.030052185058594,1801712.0
2011-01-04,42.445604001380445,42.445604001380445,41.13958304773793,41.2583122253418,2936729.0
2011-01-05,41.55513704720515,41.58481840267928,40.78339551492633,41.2583122253418,3269114.0
2011-01-06,41.43640652284882,41.64417976012207,40.96148982786895,41.34735870361328,2164869.0
2011-01-07,41.37703832842786,41.49576749720956,39.53674184587212,40.04133987426758,4221070.0
2011-01-10,39.89293034895632,40.605301623738285,39.00245968299127,39.388328552246094,2227334.0
2011-01-11,39.18055426236253,39.89292927364976,38.64627488175066,39.62578582763672,3884129.0
2011-01-12,39.774203694945726,40.90212526439107,39.29928697789036,40.3084831237793,5411636.0
2011-01-13,40.36784666588636,40.63498638579796,39.50706103744481,39.92261505126953,3292522.0
2011-01-14,39.8632482997818,40.72403392211712,39.655475050050846,40.189754486083984,3813691.0
2011-01-17,40.071021533455976,41.64417833718983,39.62578620819869,41.02085113525391,5420981.0
2011-01-18,41.25830838377888,41.85195421652381,40.57561849290247,40.84275817871094,6928923.0
2011-01-19,40.84276525867048,41.46609255217765,40.07102742017735,40.96149444580078,2050428.0
2011-01-20,40.78339632892497,41.52545276483304,40.60530443681832,40.87244415283203,7529698.0
2011-01-21,40.81308037315707,40.84276172844723,40.2491158441072,40.69435119628906,3496705.0
2011-01-24,40.51625797447424,41.40672873205448,40.16007417829125,41.198951721191406,2099164.0
2011-01-25,42.50496753921214,43.15797615088321,42.0003694635062,42.53464889526367,12339393.0
2011-01-27,42.74242395424572,43.06893012307884,41.555135964839145,41.911319732666016,14954532.0
2011-01-28,41.94100598295684,41.94100598295684,40.7833955610822,41.673866271972656,2565002.0
2011-01-31,40.36784265276084,41.97068456859316,40.36784265276084,41.436405181884766,4259548.0
2011-02-01,41.58482071150296,41.58482071150296,38.94310105778072,39.536746978759766,3508045.0
2011-02-02,39.77420367772093,41.22863142843883,39.15087267007512,40.72403335571289,7437063.0
2011-02-03,40.961489630195786,42.742423472068566,40.21943323679759,42.44560241699219,3318459.0
2011-02-04,42.386237253138944,43.157975024583465,41.08022006388012,41.52545166015625,5466028.0
2011-02-07,41.73323058839468,42.44560568222794,40.75371577330081,40.90212631225586,6303569.0
2011-02-08,40.96148841224542,41.67386343009565,40.16006933394427,40.60530090332031,3745814.0
2011-02-09,40.36784945779015,40.36784945779015,38.82437374457059,39.32897186279297,6209098.0
2011-02-10,37.51835038769506,42.0300476130929,34.223618713227744,38.408817291259766,25546040.0
2011-02-11,38.46818189260826,38.46818189260826,36.924706351205664,37.785491943359375,10371138.0
2011-02-14,36.92470445227708,38.52754637745432,30.899209372781893,37.57771301269531,3334590.0
2011-02-15,37.1027979290996,38.230723220500366,33.86743634131654,36.80597686767578,30667368.0
2011-02-16,36.80597370087474,37.84485108217999,36.50915266498952,37.518348693847656,4849796.0
2011-02-17,37.399620964757815,39.00245912694652,37.04343345459128,38.67595672607422,4356951.0
2011-02-18,35.73741224112279,38.67595635502455,35.73741224112279,37.69644165039063,5824974.0
2011-02-21,37.78549107867057,38.23072266432917,36.86534279707696,37.34025573730469,2087510.0
2011-02-22,36.95438651658115,36.984067870873815,34.55012546043826,35.529640197753906,17668267.0
2011-02-23,36.39042631217813,36.39042631217813,34.965676216110694,35.410911560058594,9867326.0
2011-02-24,35.410910678077954,35.79677954722521,34.015845727205985,34.55012512207031,12940855.0
2011-02-25,34.57980974832327,35.38123267216477,34.134578129040264,34.66885757446289,6881497.0
2011-02-28,34.72821781157721,34.93599480585034,33.066013124514015,34.16425704956055,16317146.0
2011-03-01,34.16425710385323,35.7967804388167,33.71902175990534,35.410911560058594,8038648.0
2011-03-03,35.025043765086345,35.61868965681706,34.490764340382405,34.757904052734375,3160278.0
2011-03-04,34.906316440240104,36.30138154310367,34.78758725558953,35.796783447265625,6790042.0
2011-03-07,35.589002906339225,35.73741343350976,34.78758380619401,35.529640197753906,5265874.0
2011-03-08,35.44059167318761,37.280891938282025,35.44059167318761,36.746612548828125,3578205.0
2011-03-09,36.74661168341649,37.1324805395687,36.44978688627143,36.71692657470703,4541820.0
2011-03-10,36.68724608571816,37.01375224355508,36.12328158685569,36.746612548828125,2096427.0
2011-03-11,36.50915663249695,36.50915663249695,35.707733739383784,36.00455856323242,2515621.0
2011-03-14,36.093603694424594,36.50915770892329,35.3812323587408,36.18265151977539,1328119.0
2011-03-15,35.61868962794459,35.97487340698689,34.75790402455966,35.58900451660156,5160878.0
2011-03-16,35.499955316406684,36.152963824502514,35.381226155325,35.67804718017578,2102396.0
2011-03-17,35.47027063093121,37.63707315179148,35.440589279234736,36.657562255859375,10141393.0
2011-03-18,36.80597770063818,37.22152794717738,35.826462917781754,36.00455856323242,5537048.0
2011-03-21,36.09360149452507,36.77629518775855,35.97487231986304,36.24201202392578,3720038.0
2011-03-22,36.687252292474575,37.280898245471576,36.33106472067637,36.83566284179688,3415351.0
2011-03-23,36.77629740227988,37.10279983548065,36.06392231141134,36.59820175170898,5771397.0
2011-03-24,36.80597686767578,37.132483039807845,35.35154540414295,36.80597686767578,4273720.0
2011-03-25,36.895022594971245,38.52754585158792,36.7169269636562,38.11199188232422,5344765.0
2011-03-28,38.11199596272348,39.59610885594317,37.488668697799504,39.09151077270508,4487951.0
2011-03-29,39.18055478882791,40.60530107483944,38.646275401036974,39.507057189941406,8440612.0
2011-03-30,40.219436946336906,40.219436946336906,38.52755076722304,39.121192932128906,6575977.0
2011-03-31,39.44769403035906,40.516252793687286,39.0618251707453,40.04133987426758,6722599.0
2011-04-01,40.07102390717629,40.36784497112609,39.74451773226562,40.2787971496582,1442871.0
2011-04-04,40.36784773479777,40.63498746178304,39.8632496381128,40.1007080078125,1704565.0
2011-04-05,48.02585874157872,48.02585874157872,40.2491116182086,41.6441764831543,37354229.0
2011-04-06,41.7629071057913,41.85195492112897,39.21023561557272,39.62578582763672,9626385.0
2011-04-07,39.47737636998404,39.655472005459934,38.4088175799575,39.388328552246094,8035452.0
2011-04-08,39.41801832253875,40.2788002248534,38.61659537955569,39.0024642944336,6984859.0
2011-04-11,38.64627778259324,38.97278020382728,37.39962329711855,38.7650032043457,8989040.0
2011-04-13,38.58690841962317,39.74451499618459,38.14167685434898,39.62578582763672,3307566.0
2011-04-15,39.596104474426525,39.92261062685994,38.9134145720566,39.62578582763672,2239267.0
2011-04-18,39.47738050880807,40.27879968534907,39.239922140416446,39.536746978759766,4389822.0
2011-04-19,39.47737644490288,40.81307869067812,39.180555392822704,40.21943283081055,2856092.0
2011-04-20,41.52545140729583,41.52545140729583,40.27879693618212,40.54594039916992,3262600.0
2011-04-21,40.84276365661033,40.93181148239207,39.95229666591553,40.07102584838867,1162111.0
2011-04-25,40.0710228409708,41.08021893839637,39.596106146721766,40.51625442504883,2147538.0
2011-04-26,40.07102474789827,41.02085442589024,39.9226142128096,40.72403335571289,2565292.0
2011-04-27,41.08021926879883,41.85195702530686,40.84276091976447,41.08021926879883,8744333.0
2011-04-28,41.49576944304737,41.49576944304737,39.8335647578658,40.249114990234375,6728392.0
2011-04-29,40.30848415643567,41.40672815383508,40.30848415643567,40.90212631225586,4812343.0
2011-05-02,41.25831359781191,41.25831359781191,40.27879878892301,40.75371551513672,3426504.0
2011-05-03,40.42721036165758,41.25831082088613,40.24911472346056,40.51625442504883,2984737.0
2011-05-04,40.634989144718176,40.72403697597047,39.71484074080374,40.16007614135742,2469859.0
2011-05-05,39.80388169914208,40.130384097843866,38.73531917574599,38.94309616088867,1590828.0
2011-05-06,38.97277830240881,39.62578686872504,37.785490341443584,38.14167785644531,2174214.0
2011-05-09,36.86534311123026,39.09150856990843,36.86534311123026,38.73532104492188,2214102.0
2011-05-10,38.79469103608866,39.18055995096656,38.64628049278295,39.0024642944336,1231537.0
2011-05-11,39.566430242627945,39.80388862246292,38.735325913205536,39.32897186279297,1114619.0
2011-05-12,39.21023995439096,39.74451939412364,38.91341887803002,39.09151077270508,753557.0
2011-05-13,39.2399191496801,40.66466549573276,38.64627702965409,39.98197555541992,1976076.0
2011-05-16,39.32896670623798,40.60530251372539,39.32896670623798,39.83356475830078,992385.0
2011-05-17,40.36784443901117,41.25831137483011,39.29928561831138,39.56642532348633,1072630.0
2011-05-18,39.18055831413429,39.92261475536986,39.18055831413429,39.35865020751953,2295917.0
2011-05-19,39.35864505819758,39.74451390647165,39.23991589290502,39.44769287109375,988797.0
2011-05-20,39.35864621484601,40.249113102855226,39.29928350830871,40.04133987426758,1033883.0
2011-05-23,39.71483469562288,39.71483469562288,38.23072192729138,38.557228088378906,4247800.0
2011-05-24,38.468180270681,38.94309695746024,37.96358222990487,38.557228088378906,4698510.0
2011-05-25,38.67595806735934,38.79468724153239,37.87453520276444,38.586910247802734,2986893.0
2011-05-26,38.290089455469165,39.507058804539085,37.99326464012672,38.73532104492188,11109275.0
2011-05-27,36.98407062082691,40.07102558947514,36.98407062082691,39.92261505126953,1812127.0
2011-05-30,39.95229366740854,40.69435006324584,39.47737697315951,40.51625442504883,1538777.0
2011-05-31,40.66466769004477,41.109903059797,40.36784661401496,40.75371551513672,1260864.0
2011-06-01,40.81308035497297,41.673865947955655,40.66466606717356,41.52545166015625,2734462.0
2011-06-02,41.080220371279786,42.89083563662466,41.02085390457432,42.08941650390625,4797923.0
2011-06-03,42.29719139002378,42.74242676262234,41.55513869520541,41.73323059082031,3068905.0
2011-06-06,41.555137915728096,41.64418198401152,40.99117337139575,41.28799819946289,1373672.0
2011-06-07,40.961493571010784,42.119100304028166,39.77420548077164,41.76291275024414,1440561.0
2011-06-08,41.4067273591828,42.29719057582386,41.317679535235705,41.70354843139648,1669798.0
2011-06-09,41.52545330742464,42.97988484217854,41.31768005653659,42.83147430419922,5872268.0
2011-06-10,42.53464867457525,43.30638646215581,42.44560460688265,42.80179214477539,5167233.0
2011-06-13,42.6236948365608,43.15797424472069,42.44560295240992,42.74242401123047,6813507.0
2011-06-14,43.395430985980006,43.92971037434141,42.83147024397788,43.51416015625,23322090.0
2011-06-15,43.33607152135952,44.40463037803822,43.03924669562076,44.04844284057617,12061158.0
2011-06-16,43.632893673760194,45.23573575424621,43.395435309561705,44.64208984375,8461920.0
2011-06-17,44.58272527812873,46.48238835707754,44.58272527812873,46.09651947021485,20989559.0
2011-06-20,46.09652108553176,47.78840722480037,44.19685794001485,46.98698806762695,14203476.0
2011-06-21,47.07602933104452,47.63999384765933,45.65128299575058,46.3339729309082,10940698.0
2011-06-22,47.07602926876465,47.25412490775784,44.01875960835691,44.25621795654297,9052513.0
2011-06-23,43.989077989008045,45.38414295942434,43.989077989008045,44.52335739135742,8047444.0
2011-06-24,44.96859577226949,45.354464672924,44.137491502401886,44.49367904663086,6307476.0
2011-06-27,44.34526446039498,45.56223376410912,44.07812476553804,45.17636489868164,7776548.0
2011-06-28,45.79969033442957,46.45269886946576,45.26541096537332,46.21524429321289,9124576.0
2011-06-29,46.60111890916978,47.63999642324305,45.7403332882463,46.83857727050781,7003525.0
2011-06-30,46.98698804298935,47.90713638100682,46.74952968046081,47.40253829956055,14414518.0
2011-07-01,47.78840607993753,48.08522714828917,46.27461187107079,46.80889129638672,5015368.0
2011-07-04,47.194760187526825,47.194760187526825,46.24493051537711,46.80889129638672,1991626.0
2011-07-05,46.452700196954495,46.452700196954495,45.05763527360333,45.71064758300781,5110294.0
2011-07-06,45.888741138119286,46.83857452785347,45.65128279068574,46.60111618041992,5180617.0
2011-07-07,46.838578575733685,48.41173556880211,46.36366183982337,47.996185302734375,5581923.0
2011-07-08,49.24283376129195,50.16298200644013,47.90713154580636,48.47109603881836,8251680.0
2011-07-11,48.53045836951315,48.560139722676624,47.07602699601774,47.491580963134766,8390125.0
2011-07-12,46.92762021042015,47.16507856604629,46.2152488992491,46.66048049926758,5158376.0
2011-07-13,46.60111514663557,48.4414116648601,46.60111514663557,48.08522415161133,23222669.0
2011-07-14,47.72903746760169,48.38204599066548,47.55094184404352,48.11490631103516,3666689.0
2011-07-15,48.14459475323199,48.382053115808354,47.78840720936744,48.233642578125,2480888.0
2011-07-18,48.53046143978622,48.53046143978622,47.55094667776592,47.8774528503418,2985337.0
2011-07-19,47.81808525216229,48.02586224394538,47.37285366996498,47.69935607910156,1501513.0
2011-07-20,47.46189986632487,47.84776497094839,46.95729808128485,47.22444152832031,2772100.0
2011-07-21,46.89793399050454,47.72903814899153,46.39333597606419,47.31348419189453,2646976.0
2011-07-22,47.49158529806002,50.9940866951421,47.43221883060714,50.697265625,8807296.0
2011-07-25,51.053453912783134,56.04007200097224,50.72694772626314,54.88246154785156,32601446.0
2011-07-26,54.08103915862555,55.06055390389229,53.19057223266687,53.5170783996582,14725532.0
2011-07-27,53.66548972502711,54.91214419102496,53.4280313738173,54.37786102294922,10841056.0
2011-07-28,53.99198965386863,54.22944799413926,52.65629118448026,53.45771026611328,168073907.0
2011-07-29,53.36866417945269,56.6337108304449,52.09232837590784,56.01038360595703,70338996.0
2011-08-01,56.39625472892813,58.681786724521565,56.39625472892813,58.444332122802734,19621236.0
2011-08-02,58.44433437300126,59.1863908296018,55.980706636630885,56.30721282958984,11365661.0
2011-08-03,55.20896775773389,56.78212471125936,54.61532185276791,56.54467010498047,12679543.0
2011-08-04,56.69307952643247,58.11782591460073,56.33689199046355,57.61322784423828,30339999.0
2011-08-05,55.80260990232156,58.23655231510442,54.73404734539017,56.9602165222168,27076807.0
2011-08-08,55.683881780315374,57.34608647787412,55.20896507938222,56.72275924682617,21557354.0
2011-08-09,54.615318628428426,57.286719409501885,54.615318628428426,56.01038360595703,20615555.0
2011-08-10,56.69307729355588,57.16799023376908,54.76373291101307,55.17928314208984,15617500.0
2011-08-11,55.26833154133424,56.514986088066,54.91214774716023,55.47610855102539,18528200.0
2011-08-12,55.802608690691365,57.88036353938325,55.06055231452793,55.53546524047852,12268388.0
2011-08-16,55.80261363908633,56.78212468723135,54.52627776073019,54.88246154785156,10701611.0
2011-08-17,54.76373454251943,56.54466844957101,53.24994034595484,56.06975173950195,8658799.0
2011-08-18,56.45561814246595,57.969412272396966,55.86197228101049,56.3962516784668,8394535.0
2011-08-19,55.35737694787139,56.81180844071612,53.57644303202174,55.8026123046875,20753374.0
2011-08-22,55.80261118536565,56.24784277754364,54.0810400152465,54.79341506958008,8409881.0
2011-08-23,55.743244975426485,56.27752814648186,55.00118856268428,55.772926330566406,9298998.0
2011-08-24,55.80261036741866,56.930531886686246,55.06055396895831,55.59483337402344,26637461.0
2011-08-25,56.69307902982212,59.245750715011134,55.56515372032113,58.56306076049805,23296497.0
2011-08-26,58.77083393172813,59.27543199704528,56.42593924919981,56.90085220336914,12736156.0
2011-08-29,59.275432271564746,59.36448009400588,56.90085246689133,57.04926300048828,4817846.0
2011-08-30,57.58354440061519,60.40335571897271,57.524177935585854,59.33479690551758,19072756.0
2011-09-02,59.66130039374843,60.34399409750295,58.770833447913816,59.51288986206055,12663005.0
2011-09-05,60.46272164157765,60.46272164157765,58.94892749895861,59.86907577514648,12791972.0
2011-09-06,59.72066572391928,61.56096229097698,57.880365401154286,58.503692626953125,12579400.0
2011-09-07,58.53337377457027,59.78002822175893,58.53337377457027,59.18638610839844,7261616.0
2011-09-08,59.36447658915645,60.10653296903797,58.889559905119135,59.275428771972656,6307649.0
2011-09-09,59.36447869746596,60.43303751879225,56.24784254241875,57.138309478759766,10997846.0
2011-09-12,56.841488982787,59.03797311270967,55.95102203760674,58.681785583496094,12565935.0
2011-09-13,58.77083426883859,59.42384287081104,58.02877784432664,58.71147155761719,7007852.0
2011-09-14,59.3644771090597,60.373673193623766,57.88036433629909,58.32559967041016,5603554.0
2011-09-15,58.17718889069089,58.71147207492815,56.752442496042256,57.76163864135742,9799145.0
2011-09-16,57.850687869032605,58.35528595393953,56.5743519784689,56.84149169921875,7269977.0
2011-09-19,56.84148900543615,58.29591672233691,56.42593876570841,57.43513488769531,6534110.0
2011-09-20,57.99909430877097,58.85987987907978,57.25703791214983,58.355281829833984,6501340.0
2011-09-21,58.32560426300318,59.51289232127512,58.17718996947512,58.77083587646485,8347211.0
2011-09-22,56.45561900718848,58.83019873367421,55.80261042743905,56.42593765258789,8139720.0
2011-09-23,55.29801398705392,58.08814402633734,55.29801398705392,57.31640625,6071515.0
2011-09-26,57.13830894234376,57.73195481290037,56.36657118847379,57.25703811645508,3833228.0
2011-09-27,57.583546733194304,59.18638877401179,57.583546733194304,58.177188873291016,6346836.0
2011-09-28,58.47401100352166,58.62242153170443,56.69307715391383,58.355281829833984,7302096.0
2011-09-29,57.88036866095457,58.53337727816216,56.96022032560331,58.20687484741211,5454782.0
2011-09-30,58.17718565817728,60.49240264601121,57.5835435508877,58.4740104675293,12894999.0
2011-10-03,58.177185388568326,58.77083124881401,57.31640358584609,58.32559967041016,3792816.0
2011-10-04,58.17718889069089,59.364480682654296,57.04926356617938,57.76163864135742,4861380.0
2011-10-05,58.17718272405496,58.62241803777426,55.802606903242136,56.15879440307617,3825211.0
2011-10-07,56.69307893085866,56.96021864110214,51.08313374862362,53.57644271850586,25193445.0
2011-10-10,53.13121459502181,55.26833241674665,51.11281844705616,54.67469024658203,15664134.0
2011-10-11,55.208965603672006,57.286720556424925,54.6746861879021,56.60403060913086,11435438.0
2011-10-12,56.69307735540779,57.28671947024876,55.65419614302153,56.42593765258789,8806296.0
2011-10-13,56.54467035620609,58.53337757418976,54.3481823759268,55.86197662353516,9304696.0
2011-10-14,55.62451584308112,56.93053302734254,54.46690919034387,56.60403060913086,4120035.0
2011-10-17,56.54466656404882,58.11782341906031,55.802610168237166,57.52417755126953,4799878.0
2011-10-18,57.4351354030968,57.583545936066535,55.80261202901495,56.06975173950195,4245085.0
2011-10-19,56.24784390579621,56.69307926261232,54.37786216744186,55.8026123046875,8173327.0
2011-10-20,55.17928040963803,55.59483062013696,54.5559532160361,55.35737228393555,5969431.0
2011-10-21,55.20896279793111,55.446421138584974,53.57643952271613,54.28881454467773,11544710.0
2011-10-24,54.912150431483845,56.307215586602354,54.40755231674507,55.71356964111328,5741104.0
2011-10-25,55.74324471435948,56.18848006220253,54.88245912938161,55.20896530151367,7043466.0
2011-10-28,56.633714149979525,57.25704141100316,54.08104239326724,54.88246154785156,8118189.0
2011-10-31,55.20896107018541,56.27752356968752,54.49658607051734,56.15879440307617,9333300.0
2011-11-01,55.92133794609256,56.69307567710567,55.50578397115692,56.36656951904297,5758607.0
2011-11-02,55.50578748157429,56.48530226200381,55.26832912536669,55.8026123046875,3876394.0
2011-11-03,55.50578748610035,57.8210045814596,55.50578748610035,57.46481704711914,9178100.0
2011-11-04,58.17718263836935,58.622417951432894,57.70226972833048,58.088138580322266,12361538.0
2011-11-08,58.177186399037375,58.32560068345699,56.57434818209543,57.25703811645508,3795161.0
2011-11-09,57.286717496385286,57.91004470005685,55.980700381886365,56.21815872192383,2471579.0
2011-11-11,55.80261175595679,56.81180788206156,55.62451611269867,56.336891174316406,3734420.0
2011-11-14,56.960217912126986,58.20687238111346,56.69307820530236,57.702274322509766,6219424.0
2011-11-15,57.58354510995191,58.11782452326094,55.832292583476914,56.040069580078125,2580533.0
2011-11-16,56.48530145357342,61.23446099833969,56.3368909219946,58.681785583496094,23798710.0
2011-11-17,58.65210423600089,59.33479793934312,57.93973293318782,58.2662353515625,7549764.0
2011-11-18,58.17718837808755,58.77083426883859,56.75244199599245,58.71147155761719,6632558.0
2011-11-21,58.414645875512754,60.076854345176095,57.19767651200057,58.681785583496094,11388590.0
2011-11-22,58.77083454748327,59.24575126233578,57.28672169142288,58.444332122802734,7628045.0
2011-11-23,58.32560174245424,58.32560174245424,52.9531149667119,55.772926330566406,45071605.0
2011-11-24,55.20896718982159,56.8118092388882,55.17928583380549,56.24784469604492,14050783.0
2011-11-25,55.53546991156018,58.1178267684955,55.53546991156018,56.81180953979492,7643449.0
2011-11-28,57.58354328402984,59.24574793701056,57.10862659583329,58.32559967041016,13969803.0
2011-11-29,58.47401370950989,59.30511796378441,56.15880034902059,56.514984130859375,17206870.0
2011-11-30,56.69307898388056,58.97861095650768,55.41673938661295,58.14750671386719,84754349.0
2011-12-01,57.99909530266652,58.41464553984078,54.49659025242076,54.79341506958008,17890134.0
2011-12-02,55.06055459894912,57.85068458588802,54.55595654267916,57.55386352539063,11128419.0
2011-12-05,57.46481244588636,58.08813964214522,56.66338961886377,57.85068130493164,4254016.0
2011-12-07,57.91004485038133,58.1475031910352,54.1404002649887,54.28881454467773,23157836.0
2011-12-08,54.615315618409646,54.79341124742351,51.46899831480446,52.032962799072266,23727139.0
2011-12-09,51.29090800789248,52.09232709580853,49.39124502654144,51.261226654052734,22832914.0
2011-12-12,52.359471551540665,52.47820073339993,47.93681797762493,48.79760360717773,18291606.0
2011-12-13,48.20395530216736,50.40044317954559,47.521265357186586,49.53965759277344,16342839.0
2011-12-14,50.10361970087492,50.7566282592966,49.539655203346776,50.28171157836914,10077686.0
2011-12-15,49.92552837257638,50.93472452871308,48.53046331884079,50.57853698730469,11581583.0
2011-12-16,50.57853648111268,51.706461806430525,49.48029251168828,49.86616516113281,8014580.0
2011-12-19,49.80679343819386,50.0442517717005,48.14458885935447,49.12410354614258,7208944.0
2011-12-20,49.12410623075681,50.01457315221685,48.26332066368041,49.3615608215332,5920130.0
2011-12-21,49.86615989942405,50.4894870859522,47.99617833983959,49.12410354614258,7035225.0
2011-12-22,48.97569406933625,49.77711314520333,46.48238527014029,48.47109603881836,11245261.0
2011-12-23,46.304291634613385,48.619508657553794,46.304291634613385,46.74952697753906,10028180.0
2011-12-26,46.7495299147398,49.0647433274342,46.7495299147398,48.79760360717773,4953448.0
2011-12-27,48.67886889103762,49.21314827080855,46.7792059529688,47.491580963134766,6693357.0
2011-12-28,46.98698721219714,48.47110007390569,46.74952885386718,48.20395660400391,12237083.0
2011-12-29,47.93681496459618,48.35236895283807,47.25412502859595,47.58062744140625,8414840.0
2011-12-30,47.69935751491096,49.42092869825935,47.37285509594626,48.85696792602539,6031520.0
2012-01-02,48.797598471813465,50.51916954974427,48.797598471813465,49.30219650268555,3117005.0
2012-01-03,49.866162084868414,49.866162084868414,48.58982630311359,49.48028945922852,6537919.0
2012-01-04,50.34107188847548,50.34107188847548,48.4710941188563,48.67886734008789,3464007.0
2012-01-05,49.12410622730345,49.15378758168501,47.96649584935025,48.94601058959961,5905572.0
2012-01-06,48.14459339859251,48.9756976442251,47.63999533124244,48.73823928833008,9336002.0
2012-01-09,48.38205497901538,48.64919470827454,47.96650095064988,48.4414176940918,4747512.0
2012-01-10,48.47109957687503,49.53965842269524,48.47109957687503,48.73823928833008,5139887.0
2012-01-11,48.94600702146206,49.33187586741441,48.44140901093152,48.67886734008789,6355372.0
2012-01-12,49.00537542272975,49.56933616003463,48.322681760436645,48.47109603881836,8036971.0
2012-01-13,48.67887410544402,51.231545865083056,48.471100855336246,50.72694778442383,7976122.0
2012-01-16,49.74743518359521,52.47819875183,49.569339539677415,51.91423797607422,6246617.0
2012-01-17,52.03296396615541,53.33898108158431,51.82518697954789,53.04216003417969,3395038.0
2012-01-18,53.19057349260778,53.84358208635119,51.05345206854285,51.35027313232422,4693909.0
2012-01-19,51.498689363847184,51.79551043883267,48.678874128655046,50.31139755249024,12122949.0
2012-01-20,50.16298729948482,50.90504374686444,49.539660033914245,50.04425811767578,6589232.0
2012-01-23,50.16298381394442,52.775021876540094,50.07393599484819,51.8548698425293,14343050.0
2012-01-24,51.64710158687701,56.15880310586078,51.64710158687701,55.50579071044922,16193964.0
2012-01-25,54.40754806206084,56.18848200355081,54.40754806206084,55.83229446411133,8657026.0
2012-01-27,55.83229092011409,57.52417693042357,55.505784757426255,55.9807014465332,7120170.0
2012-01-30,55.86197579916048,56.48530305401864,53.48739595949639,53.75453567504883,4476589.0
2012-01-31,54.02167384006405,57.286720556424925,53.96231112973732,56.60403060913086,6999558.0
2012-02-01,54.912146695097135,56.9899017293706,54.49659268367645,55.29801559448242,7292066.0
2012-02-02,55.62451636235603,59.24575064160483,52.715657147922286,56.90085220336914,51602228.0
2012-02-03,56.514982473342776,58.0881431124395,55.26832800634759,55.62451553344727,21925225.0
2012-02-06,56.396254444097785,58.474013183230056,56.06975202106625,57.46481704711914,10631091.0
2012-02-07,57.85067901539566,58.11781869526166,54.73404315744737,55.14959335327149,7181974.0
2012-02-08,55.29801231520478,56.514981653847855,54.43722674278922,54.76373291015625,5911237.0
2012-02-09,54.64500532944484,55.59483499325753,52.83438631241157,55.2386474609375,3818809.0
2012-02-10,55.68388092082079,56.06974979544617,54.64500347034532,55.0308723449707,3153429.0
2012-02-13,55.208965799509535,55.41673904209743,53.45771325875624,54.25913238525391,2434236.0
2012-02-14,55.14959988240028,55.14959988240028,53.84358268050188,54.140403747558594,3190515.0
2012-02-15,54.5559574964073,56.33689140193995,54.318499141575295,55.65419769287109,6565131.0
2012-02-16,55.86197307569506,57.10862752463265,54.61531862675747,55.17928314208984,5855350.0
2012-02-17,55.20896300284205,55.92133802744768,53.54675836780277,54.021671295166016,6368970.0
2012-02-21,54.14040272011474,55.59483418364756,53.42803142155611,55.20896530151367,8350060.0
2012-02-22,55.683886460971216,56.39625781654389,52.864071128934064,53.84358596801758,7008320.0
2012-02-23,53.81389495394147,55.68387646871045,53.42802611016758,55.14959335327149,8782162.0
2012-02-24,55.50578636293749,56.040069531490616,54.88245912938161,55.20896530151367,5275418.0
2012-02-27,54.437227007889256,55.80261063743479,54.25913136820093,55.32769393920898,5776872.0
2012-02-28,55.32769103113622,57.0492583381567,55.32769103113622,56.1884765625,4433406.0
2012-02-29,56.90085304187206,57.13831140030965,54.97150857420095,56.09943389892578,7117692.0
2012-03-01,55.71355978823766,56.09942864563818,55.11991394773414,55.35737228393555,1733984.0
2012-03-02,55.86197228101049,56.75243919534008,55.50578476413721,56.3962516784668,4898439.0
2012-03-05,56.18848036972175,57.702274551541386,55.80261148547599,56.60403060913086,5236026.0
2012-03-06,56.18848364630546,57.28672389705159,55.8916588102407,56.30721282958984,5596765.0
2012-03-07,55.861974703570695,56.36657276876389,54.97150775062433,55.2386474609375,22637731.0
2012-03-09,56.307211183363975,56.63371361106958,55.50578828069827,55.83229446411133,3919126.0
2012-03-12,56.39625174994031,57.40544783783998,55.80260964343971,57.22735595703125,3561239.0
2012-03-13,57.3460897881176,58.26623813250971,57.3460897881176,57.6725959777832,8768768.0
2012-03-14,58.05846189106288,59.51288960209976,57.8803662492495,58.94892883300781,8329713.0
2012-03-15,58.97861072771001,59.631619323683466,57.76163760177718,58.8302001953125,23511814.0
2012-03-16,58.770834004546,59.4832090702437,58.177188116464585,58.56306076049805,3776812.0
2012-03-19,58.770834804504766,59.48320987989896,56.51498415479728,57.34608840942383,3776152.0
2012-03-20,57.25704110657599,58.32560372938119,57.04926410210366,57.64291000366211,3808451.0
2012-03-21,57.88036866095457,58.592743746476025,57.31640786836404,58.20687484741211,4712474.0
2012-03-22,58.1475056424692,59.18638686555474,57.22735735042341,57.96941375732422,6523517.0
2012-03-23,57.96941562654014,59.00829312741683,57.702275912355134,58.177188873291016,3641898.0
2012-03-26,58.05846349117149,59.3347993512785,57.70227595343542,58.59274291992188,3164270.0
2012-03-27,58.77083313810876,60.670496196255854,58.206872369526224,58.53337478637695,9188767.0
2012-03-28,58.414645883160745,59.48320847094136,57.642908114283976,58.2662353515625,5342604.0
2012-03-29,57.64290726290713,58.65210336971837,56.6040298013561,57.40544891357422,7071917.0
2012-03-30,56.6930776738212,59.78002870659523,56.45561932426823,58.652103424072266,3900598.0
2012-04-02,58.35528024470037,59.63161601039266,57.55386116085838,59.12701797485352,3310251.0
2012-04-03,58.74115373690021,60.07685607089251,58.74115373690021,59.57225799560547,2193560.0
2012-04-04,59.06765720215379,59.75034713789376,58.83019885345103,59.33479690551758,1039678.0
2012-04-09,58.47401234922446,59.305116584164935,57.93973293318782,58.2662353515625,1069078.0
2012-04-10,58.3552823649847,59.30511576319659,58.08814266066443,58.652103424072266,3241292.0
2012-04-11,58.38496264915297,58.71146881272802,58.08814159550818,58.4740104675293,2768599.0
2012-04-12,58.74115288124624,58.83020070373726,57.46481703360695,57.880367279052734,9518819.0
2012-04-13,58.14750477352303,58.53337364866022,56.72275844653242,57.52417755126953,6363577.0
2012-04-16,54.58563675231809,57.88036472639976,54.58563675231809,56.12911224365234,1587025.0
2012-04-17,56.455624190533214,56.66339744752088,55.268332340428216,55.50579071044922,4453751.0
2012-04-18,55.6541965761894,56.06975056666115,52.77502253196256,53.39834976196289,10037709.0
2012-04-19,53.63580173883889,53.63580173883889,51.05344888036433,51.6470947265625,13104243.0
2012-04-20,52.24074118825744,52.92343490743598,51.40964068974543,52.35947036743164,4492151.0
2012-04-23,52.537563737542335,53.96231007018972,48.263320983892925,49.50997543334961,18698134.0
2012-04-24,49.272516959181466,49.272516959181466,44.671768049799205,47.43221664428711,34872859.0
2012-04-25,46.89793671170604,47.90713279914424,46.6604783669315,47.55094528198242,9679276.0
2012-04-26,47.58062646362748,49.80679562103642,47.58062646362748,49.48028945922852,16452453.0
2012-04-27,49.27251284133554,50.57852988746311,47.78840017164979,48.11490631103516,7438045.0
2012-04-30,48.144591683030704,48.50077920418103,46.333972722776736,46.60111618041992,8703681.0
2012-05-02,47.28380829936344,48.26332308890206,46.98698722919731,47.78840637207031,7502063.0
2012-05-03,48.08522414051851,48.32268248262957,47.25412369883696,47.66967391967773,3288555.0
2012-05-04,47.52126303509217,47.877450545562745,46.30428997991113,46.69015884399414,3316905.0
2012-05-07,46.601113070840576,48.38204680204751,45.50286922617039,48.14458847045898,2363162.0
2012-05-08,47.491586700199086,48.58983070128125,38.943100568364194,46.86825942993164,1499579.0
2012-05-09,46.89793857873039,47.63999499676557,46.51206969203698,46.92761993408203,1055334.0
2012-05-10,47.49158450285015,47.93681610060825,46.92761997217439,47.75872421264648,3785751.0
2012-05-11,47.49158395643938,49.2725178383961,47.31348831481931,48.70855331420898,3326713.0
2012-05-14,49.42092418596706,49.77711168334985,47.78840097307619,48.14458847045898,3807636.0
2012-05-15,46.89793602465228,49.62870319384662,46.89793602465228,49.18346786499024,6496532.0
2012-05-16,48.97569515706268,49.27251620900412,48.35236794341989,48.64918899536133,4460970.0
2012-05-17,49.00537624756219,50.28171202203628,48.64918873372373,48.91632843017578,6787035.0
2012-05-18,46.7495262545778,48.91632895922946,46.7495262545778,48.38204956054688,3857674.0
2012-05-21,48.64919226784933,49.36156359156934,48.530463087944746,48.76792144775391,4229854.0
2012-05-22,49.2131527783511,49.45061113682243,44.93890983728202,46.12620162963867,7790302.0
2012-05-23,45.74033103135629,45.74033103135629,41.73322795398105,44.40462875366211,12155865.0
2012-05-24,41.88164053742805,46.33397542190403,41.88164053742805,46.00747299194336,3534445.0
2012-05-25,45.91842676875121,46.95730431873746,45.71065351217853,46.066837310791016,5136467.0
2012-05-28,45.47319090968435,47.43221664252431,45.47319090968435,47.01666641235352,1131024.0
2012-05-29,46.8979333016165,47.31348349690244,45.88873728755998,46.1855583190918,2364020.0
2012-05-30,43.90003180974788,47.04634938823322,43.90003180974788,46.66048049926758,3219450.0
2012-05-31,46.69016128678189,48.20395546870186,44.790498220590585,45.11700439453125,13784137.0
2012-06-01,43.48447968770978,45.65128239460724,43.48447968770978,45.20604705810547,3209765.0
2012-06-04,45.057635999335794,45.59191914797295,43.929710749979634,45.32477569580078,5003257.0
2012-06-05,45.32477763639591,45.85906080790858,44.790498220590585,45.11700439453125,4807404.0
2012-06-06,45.47319329888306,46.12620191080599,44.61240768310434,45.85906219482422,7592076.0
2012-06-07,46.15587891224035,46.60111423400871,45.2950933776734,46.39333724975586,3999435.0
2012-06-08,46.30429487316226,47.16508050883707,45.532557063442106,46.86825942993164,3428769.0
2012-06-11,47.04634469936549,47.46189865814881,45.91841950040951,46.21524429321289,1327454.0
2012-06-12,45.91842057472484,47.10571226230238,45.85905786819952,46.39333724975586,2077265.0
2012-06-13,46.45270292638987,47.016667452974936,44.76081685804937,45.53255462646485,3771130.0
2012-06-14,45.71064892330378,46.09651779615309,45.26541358617376,45.62160110473633,2709185.0
2012-06-15,44.82017982897485,45.977790244036285,44.82017982897485,45.680965423583984,1468257.0
2012-06-18,45.888743264646656,46.12620162308425,44.70145522816616,44.87954711914063,2905971.0
2012-06-19,44.90922743994857,46.304292446835305,44.52335855530787,45.9481086730957,3228874.0
2012-06-20,45.68096300660023,46.30429021415018,45.384141957560125,45.5919189453125,1347842.0
2012-06-21,45.85906111588282,46.54175106780686,45.47319222902013,46.09651947021485,2845562.0
2012-06-22,45.71065027637458,45.71065027637458,44.67176904422192,45.11700439453125,1561189.0
2012-06-25,45.32477874224736,46.00747246195065,44.34526770794157,44.46399688720703,3420109.0
2012-06-26,44.31558300846304,44.82017728763557,43.543841523611306,43.9297103881836,2692045.0
2012-06-27,44.22653935261713,44.52336042845685,43.63289344523017,44.07812881469727,3100502.0
2012-06-28,44.01875960835691,44.52335765932546,43.66257208607783,44.25621795654297,3845028.0
2012-06-29,44.40462986788609,45.20604900118784,44.28590069009612,44.99827575683594,3721557.0
2012-07-02,44.99827552035608,46.30429271347484,44.67176934422271,46.09651947021485,2767258.0
2012-07-03,46.27461141164876,48.797601734711314,46.15588223434538,48.58982849121094,12366277.0
2012-07-04,48.64918782531,51.736142465227545,48.61950647197116,51.23154067993164,10791546.0
2012-07-05,51.32059340431624,51.35027476049402,50.6675847898678,50.99408721923828,4060886.0
2012-07-06,51.0831345184677,51.0831345184677,50.25203401978685,50.697265625,1808333.0
2012-07-09,50.48948964488524,50.75662934469275,49.7474332539945,50.45980453491211,2064659.0
2012-07-10,50.45980566515338,51.35027260302625,50.34107648972318,50.63790130615234,2734443.0
2012-07-11,50.63789936344667,50.96440176657309,49.92552433819548,50.43012237548828,1611620.0
2012-07-12,50.45981037807035,50.60822092229274,48.73824280709997,49.0053825378418,3580719.0
2012-07-13,49.005378449503645,49.4802914002535,48.085226391815965,49.27251815795898,2466038.0
2012-07-16,49.06474330667809,51.05345428519885,48.70855576125097,50.04425811767578,3103210.0
2012-07-17,50.45980593660908,51.55804987631979,49.8661638119718,50.37076187133789,4445837.0
2012-07-18,50.37076459530938,50.43012730870041,48.88665169204302,49.77711868286133,2722249.0
2012-07-19,49.86616345129852,50.1629845114703,47.37285452759213,47.729042053222656,4069852.0
2012-07-20,47.49158212043466,49.65838480119073,46.957298971936936,48.50077819824219,12169255.0
2012-07-23,48.114915332067966,48.94601587880546,46.95730482902103,47.61031723022461,6211815.0
2012-07-24,47.610312553010026,47.610312553010026,46.15588110554059,46.74952697753906,5983871.0
2012-07-25,46.57143405513036,47.28380914308951,46.03715461701474,46.98698806762695,2317986.0
2012-07-26,47.19475964366151,47.43221799788937,46.06683433893293,46.92761993408203,2420786.0
2012-07-27,47.37285340125513,47.996180617361496,47.016665884093314,47.55094528198242,1570712.0
2012-07-30,47.75871909797676,48.50077543714455,47.1353919233041,48.2633171081543,813997.0
2012-07-31,48.50078009063724,48.53046144568211,47.16507780083752,47.4619026184082,1238771.0
2012-08-01,47.461901754498975,47.69935634624306,46.45270189997709,47.43221664428711,1376017.0
2012-08-02,47.34317316599252,48.85696733292679,46.98698564041258,48.56014251708984,1644709.0
2012-08-03,48.20395660400391,48.38205225060509,47.37285610555647,48.20395660400391,973678.0
2012-08-06,49.27251585107384,49.302197204910925,47.22444234499987,47.66967391967773,2770032.0
2012-08-07,47.04635075576773,48.02586556227109,47.04635075576773,47.40253829956055,1567057.0
2012-08-08,46.89793939205572,47.66967717882637,44.9685949251291,45.29509735107422,5424960.0
2012-08-09,45.68096571596442,45.68096571596442,42.68306242687196,42.9205207824707,10953400.0
2012-08-10,43.33606829235371,44.40462706941322,42.92051807413136,43.9297103881836,5647572.0
2012-08-13,44.582721985753466,45.117001365691,43.92970968171082,44.73113250732422,2802721.0
2012-08-14,45.027962284690034,45.2060541939786,44.31559089182796,44.90923309326172,1464518.0
2012-08-16,44.82017985878382,45.17636739013905,44.07812719642797,44.4343147277832,2427010.0
2012-08-17,42.742425648909766,45.08732412170038,42.742425648909766,44.87954711914063,2447533.0
2012-08-21,44.87954491445151,45.11700326122405,44.49367603987293,44.938907623291016,2543764.0
2012-08-22,44.61240414250406,45.32477541001662,44.078124752942855,44.76081466674805,11566177.0
2012-08-23,44.84986329036168,44.99827381727536,44.40462795391343,44.79049682617188,1200574.0
2012-08-24,43.78130099666895,44.70145302927872,42.44560249079551,44.52335739135742,3785264.0
2012-08-27,44.58272385590027,45.20604732150304,44.22653633576493,44.52335739135742,1562397.0
2012-08-28,44.5530390139219,44.582724124225614,43.63289073148139,44.25621795654297,1845512.0
2012-08-29,44.01875880731061,44.52335684909657,44.01875880731061,44.22653579711914,5142169.0
2012-08-30,43.98907587188408,45.117001086840446,43.98907587188408,44.58272171020508,2258263.0
2012-08-31,44.52335550321122,44.70145113357984,43.95939477036049,44.31558227539063,2836618.0
2012-09-03,44.43431278692766,44.52335684909657,44.16716933329933,44.22653579711914,1237556.0
2012-09-04,44.49367497196744,45.02795436152865,44.107806106650216,44.76081466674805,1335962.0
2012-09-05,44.73113555307877,46.21524838125408,44.64208773179019,45.9481086730957,8732269.0
2012-09-06,45.71064758300781,46.60111447545096,45.354460074889126,45.71064758300781,2005502.0
2012-09-07,46.007469783987744,46.89793669879349,45.97778842982591,46.719844818115234,2720718.0
2012-09-10,46.808894285368446,47.996186146004376,46.71985021260149,47.61031723022461,1585540.0
2012-09-11,47.46190175623224,47.93681469544503,47.076029124829255,47.8477668762207,986453.0
2012-09-12,48.08522851045881,48.203957692304336,47.04635098609107,47.96649932861328,3000142.0
2012-09-13,48.17427179233674,49.569336730669086,47.99617991421849,49.18346786499024,6389558.0
2012-09-14,49.56934033507605,50.57853648111268,48.41173365386476,49.86616516113281,8098185.0
2012-09-17,50.34107299728314,51.61741248353789,50.25202893866846,51.20185852050781,2810555.0
2012-09-18,51.14249553722717,52.09232511391203,50.786308037580206,51.05344772338867,1764135.0
2012-09-20,49.27251537299054,52.5672432653258,49.27251537299054,52.211055755615234,4140690.0
2012-09-21,52.062645232162616,53.42802880819956,51.70645772245204,52.211055755615234,4832186.0
2012-09-24,52.24073898762889,53.07184320683827,50.99408453666846,51.17218017578125,2830291.0
2012-09-25,51.35027313232422,51.91423766035763,50.72694589381747,51.35027313232422,2442611.0
2012-09-26,49.95520681672668,51.29090908021915,49.95520681672668,51.02376937866211,14621310.0
2012-09-27,50.93472155957401,51.7361444199524,50.48948997554802,51.02376937866211,2756964.0
2012-09-28,50.81599319144399,51.46900177845645,50.04425542900133,50.63790130615234,1541372.0
2012-10-01,50.75663239371912,51.053453465623,49.86616542230001,50.01457595825195,1149475.0
2012-10-03,49.86616595380671,50.489493216014665,48.88665114809312,49.06474304199219,3472957.0
2012-10-04,49.77711733774504,50.01457569630748,48.9756981943774,49.86616516113281,2972915.0
2012-10-05,50.16298450434592,50.28171367953924,48.1149109268954,48.56014251708984,2120813.0
2012-10-08,48.41173441002661,51.32059371428989,48.17427604775522,50.31139755249024,6533927.0
2012-10-09,50.28171395521873,50.786312013630045,48.44141360748621,48.70855331420898,4496383.0
2012-10-10,48.67887197661378,48.91633032838739,47.25412562167946,47.4619026184082,2558342.0
2012-10-11,47.521264263107255,48.67887088527044,46.74952651499847,48.530460357666016,3735072.0
2012-10-12,48.38204948869332,49.12410587718696,47.40253475542514,47.55094528198242,4321323.0
2012-10-15,47.4915820519039,48.38204895717222,47.4915820519039,48.08522415161133,1448822.0
2012-10-16,48.23363575595726,48.76791511833184,47.72903774577972,48.2633171081543,1862881.0
2012-10-17,48.61951060893506,48.85696896726502,47.788406354780186,48.20395660400391,2736235.0
2012-10-18,47.78840720936744,48.76792201606807,46.42302350240709,48.233642578125,4172891.0
2012-10-19,48.08522746608039,48.67887336241445,47.01666860838652,48.619510650634766,7134107.0
2012-10-22,48.20395145379158,48.5601389532307,47.75871989627296,48.292999267578125,1502231.0
2012-10-23,48.678868932387495,50.459802703608126,48.14458955216273,48.32268142700195,2895213.0
2012-10-25,48.26332065683661,48.91632923172041,47.847766672695535,48.530460357666016,1748839.0
2012-10-29,48.56014440506936,49.80679891521442,48.32268604545054,49.59902191162109,1789466.0
2012-10-30,49.86616322351411,50.4004426316657,49.68806758365872,50.07393646240234,1774530.0
2012-10-31,50.10361918958353,51.23154066171544,50.10361918958353,50.81599044799805,1982950.0
2012-11-01,50.96440505981445,51.2612298840364,50.311396455658034,50.96440505981445,1674212.0
2012-11-02,51.64709795181294,51.82518983894028,50.93472289188884,51.35027313232422,3349427.0
2012-11-05,51.528367698299554,52.12200981345612,50.786311298646574,51.17218017578125,3057288.0
2012-11-06,51.26122826739844,51.290909622172336,50.222350804653495,50.4894905090332,1354379.0
2012-11-07,50.6972598180604,52.24073521513925,50.4301201343896,52.00328063964844,1198718.0
2012-11-08,51.94391804459568,54.58563748113111,51.46900134685733,54.08103942871094,4861453.0
2012-11-09,54.229450013488645,56.30720869037288,53.42803090201307,55.32769393920898,7063551.0
2012-11-12,55.38705800517916,56.51498331323706,54.08104080877839,54.82309722900391,4532650.0
2012-11-15,54.31849602091533,57.167988603778,54.31849602091533,56.36656951904297,8455789.0
2012-11-16,56.39625334625693,58.117824517535695,56.18848010538352,56.45561981201172,7716263.0
2012-11-19,56.60403116047596,57.82100429110107,55.92134120653222,56.06975173950195,7578359.0
2012-11-20,56.12911992510176,56.78212858728586,54.76373988403852,55.71356964111328,4034751.0
2012-11-21,55.565154463655375,55.80261282206459,54.49659185081392,54.85277938842773,3398945.0
2012-11-22,54.85277857318432,56.0400703475844,54.73404939574432,55.2386474609375,3050612.0
2012-11-23,55.50578609437604,55.95102144006484,54.28881674386076,55.06055450439453,3397459.0
2012-11-26,55.50578883236313,58.77083567611478,55.20896775773389,56.54467010498047,2973421.0
2012-11-27,56.69307977417567,60.01748927966477,56.69307977417567,59.42384338378906,7061900.0
2012-11-29,59.66130175965676,60.52208737000242,58.741153437559824,59.00829315185547,7543873.0
2012-11-30,58.94893016519488,59.36448041263824,56.69307952643247,57.61322784423828,10599197.0
2012-12-03,57.257039509139766,58.17718781410318,56.63371226882071,57.58354568481445,4162011.0
2012-12-04,57.2867213886249,58.32560263580046,57.049263032453766,57.880367279052734,2286202.0
2012-12-05,56.39625312309644,58.32560128332149,56.39625312309644,57.96941375732422,2067379.0
2012-12-06,58.236556203715296,59.067660470156994,57.28672275635336,58.20687484741211,3290069.0
2012-12-07,57.64290919997551,59.601938769950856,57.16799248535028,57.61322784423828,3895803.0
2012-12-10,57.85068705152072,57.85068705152072,56.24784499396457,56.81180953979492,2516790.0
2012-12-11,56.81180476136048,57.19767362628061,55.06055231452793,55.53546524047852,3537312.0
2012-12-12,55.77292797695741,56.693080059116326,54.79341693847375,56.24784469604492,2898286.0
2012-12-13,56.39625553053862,57.227359793343744,56.3665741743653,56.81180953979492,4148748.0
2012-12-14,56.69307815811291,57.34608674710816,56.336890630740776,56.87117004394531,2305768.0
2012-12-17,56.72276141513243,57.19767813421994,55.891657156729295,56.24784469604492,4631226.0
2012-12-18,56.09943388157583,56.93053438014292,55.9510233465251,56.514984130859375,1974967.0
2012-12-19,56.63371443347721,56.98990197808908,56.09943499441316,56.69308090209961,3175264.0
2012-12-20,56.9898989922448,59.06765768243462,56.54466740158741,58.800514221191406,5094517.0
2012-12-21,58.59274017530777,59.216067398221,57.31640437498716,57.93973159790039,3861929.0
2012-12-24,57.46481653698216,59.00829208304804,57.01958118408227,58.8302001953125,1509263.0
2012-12-26,59.00829450892768,61.293826566648576,58.71147343193011,60.58145523071289,5920113.0
2012-12-27,61.56095976139744,62.807614161769294,60.84858850097575,62.42174530029297,9829820.0
2012-12-28,62.65920993608345,63.16381177333282,61.26414487274461,61.67969512939453,4498088.0
2012-12-31,61.73905616669174,62.1546063867856,61.44223136173283,61.62032699584961,1870678.0
2013-01-01,61.62032914234459,62.27333772686974,61.44223350202399,61.56096267700195,1037396.0
2013-01-02,61.76873833404579,62.92634494822328,61.679690515814535,62.06555938720703,2169235.0
2013-01-03,62.33270640603922,65.21188055117103,62.00620022432671,64.82601165771484,8397685.0
2013-01-04,64.97441596709847,65.47901774710722,64.20267825413201,65.15251159667969,6522736.0
2013-01-07,64.91505765681329,66.19139723621676,64.58855148427615,65.0337905883789,3127505.0
2013-01-08,64.94473926527499,66.63662523538292,64.64791070807537,66.01329803466797,4184793.0
2013-01-09,66.19138746464603,66.93344000957994,65.77583353263492,66.33979797363281,4182087.0
2013-01-10,65.95394208916898,67.02250096810701,65.21188188721783,65.9836196899414,3853241.0
2013-01-11,65.80551607143485,66.07265951452919,65.03378587357301,65.41964721679688,1575925.0
2013-01-14,65.3899706730314,68.68469478912066,65.03378692124838,67.11154174804688,7444846.0
2013-01-15,67.67550166771856,73.31513181430482,67.17090737149739,72.75116729736328,22114209.0
2013-01-16,72.78084857710215,73.13703232560478,69.30802134998429,69.57516479492188,9663886.0
2013-01-17,69.90167363889532,71.3857864190887,68.29882793035092,69.3970718383789,17970770.0
2013-01-18,69.39707077213042,70.61404758981121,68.56597033210073,69.63452911376953,7819977.0
2013-01-21,69.9313497892869,71.50451035531299,69.36739280339508,70.99991607666016,15171202.0
2013-01-22,71.29674508126533,71.68261398850467,68.71438815831813,69.90167999267578,5587627.0
2013-01-23,69.87199185614612,72.7214846238702,68.89248082982638,70.34690856933594,26032307.0
2013-01-24,70.94055697246661,70.94055697246661,66.013308782793,67.79424285888672,10759516.0
2013-01-25,68.09105846577938,69.21898754621165,65.89457052808541,67.31932067871094,6230507.0
2013-01-28,67.37868966923801,68.56598157206531,66.5475890929667,66.9928207397461,4648792.0
2013-01-29,67.37867631007009,68.32850964400849,66.60693860409864,67.61613464355469,11428071.0
2013-01-30,66.48821859123454,67.97233141815475,65.86489135415636,67.25995635986328,13936128.0
2013-01-31,67.20058782991686,68.44723468469822,66.42885012812103,67.05216979980469,13729337.0
2013-02-01,67.08186148493245,67.67550361792661,65.89456970752933,66.45853424072266,9914234.0
2013-02-04,66.84440064103543,68.41756124860368,66.07266289230658,66.3694839477539,6698941.0
2013-02-05,65.9836170034408,66.78503988572218,65.18220163257415,66.16171264648438,3003731.0
2013-02-06,66.13202183209035,67.14121786994345,65.56806486344747,65.95393371582031,2592766.0
2013-02-07,66.19140245059728,66.28044276701753,63.6980933168643,64.11363983154297,4578565.0
2013-02-08,64.08395600893118,65.62743151113978,63.9058603705488,65.271240234375,3616227.0
2013-02-11,65.59774228752148,65.71647520946924,64.88536729007714,65.1228256225586,2512525.0
2013-02-12,65.0041089763325,66.42885916331595,64.32141899518358,65.71648406982422,2801920.0
2013-02-13,65.89456886543827,67.34900409095087,65.09315349842068,65.59774780273438,5122155.0
2013-02-14,66.07266540217813,66.1023505134163,62.1546100451867,64.79633331298828,7537325.0
2013-02-15,64.55886791374017,65.74615205109365,63.57934948672679,65.09314727783203,4739673.0
2013-02-18,65.2415602776446,66.33980415561932,64.82600630690939,65.18219757080078,3292330.0
2013-02-19,65.3009265394259,65.59774760121796,63.63871807740981,65.0337905883789,1485467.0
2013-02-20,65.30092675413252,65.89456887966851,64.41045605441384,64.76664733886719,5078186.0
2013-02-21,64.70728709479555,65.83520867858553,64.32141819620753,64.85569763183594,5495194.0
2013-02-22,64.70728500365516,68.18010497871647,64.55887447141095,67.82392120361328,11179733.0
2013-02-25,68.23946540756356,69.4267571372318,66.96313337065786,67.46772766113281,5632307.0
2013-02-26,67.61613884676792,70.76246008316974,67.43804320773002,70.25785827636719,17661811.0
2013-02-27,69.45644377712168,71.17800743379222,69.45644377712168,70.28754425048828,8135847.0
2013-02-28,70.079757999777,71.23737206550335,69.01119925909089,69.8126220703125,4301521.0
2013-03-01,69.48612268403862,69.48612268403862,67.79423659478992,68.95184326171875,5036136.0
2013-03-04,69.15961653164005,69.27834946520761,67.85359933088564,68.12074279785156,5870140.0
2013-03-05,68.23945856789172,68.92214842724422,66.57725782437377,67.49740600585938,6012134.0
2013-03-06,68.15042095518392,68.38787931284676,67.02249938984654,67.58646392822266,3498377.0
2013-03-07,67.67550446065988,67.88328521892707,66.93345178517671,67.31932067871094,1482772.0
2013-03-08,67.46772694983846,69.42675640528394,67.0818580806912,69.10025024414062,5354550.0
2013-03-11,69.2783476081844,70.52500206444554,69.21898489869925,69.99072265625,5465879.0
2013-03-12,71.17800909089993,71.17800909089993,69.24866463740938,69.51580810546875,3906344.0
2013-03-13,69.45644476917643,69.54548507964688,67.97233193105748,68.38787841796875,3904922.0
2013-03-14,68.20979528395168,68.684704516449,66.07266993634488,67.73487854003906,5251263.0
2013-03-15,67.67550776192594,67.8536034172955,65.41965700243406,66.60694885253906,4616245.0
2013-03-18,65.77584407140347,67.17090908853082,64.6479150086881,66.72567749023438,2393766.0
2013-03-19,67.08186566957882,67.52709729709852,64.29173545219095,65.77584838867188,5481301.0
2013-03-20,65.89456690085967,66.13202524622615,62.89666374094912,64.14331817626953,3983844.0
2013-03-21,64.26204962900721,66.33981222396972,63.63872235280149,64.0839614868164,4241868.0
2013-03-22,64.49950471340354,64.58855253567364,62.77793726899497,63.54967880249024,2895057.0
2013-03-25,63.87618367171381,64.97442773400033,63.87618367171381,64.46983337402344,2780210.0
2013-03-26,64.11363339782655,65.300925130798,63.13412241275916,64.70728302001953,2789612.0
2013-03-28,63.5199877802129,68.29882453554264,63.46062507469527,67.61613464355469,4039492.0
2013-04-01,67.08185721367238,68.56596996307563,65.80551769530473,68.23946380615234,2060414.0
2013-04-02,67.67549478053282,67.91295310500497,66.25075234511361,66.69598388671875,3967555.0
2013-04-03,66.69599372296473,66.75535643498407,64.26204741602297,65.38997650146484,6515802.0
2013-04-04,64.70728177931363,65.30092387870954,61.65000844231313,62.866981506347656,9160787.0
2013-04-05,61.73906188355629,63.96522747049536,60.58145517743477,61.41255569458008,9497373.0
2013-04-08,60.78922316301928,63.7574486960931,60.017485425789815,63.43094253540039,8872110.0
2013-04-09,63.1638114970482,63.81681635770784,61.85779050860647,62.77793884277344,4990687.0
2013-04-10,62.65920592103184,64.70728322806575,62.09524516283759,64.44013977050781,3352150.0
2013-04-11,63.520001307256734,66.72568573626552,63.31222803799117,66.19140625,5432905.0
2013-04-12,65.59775187398789,66.2210791489181,64.55887809004767,65.74616241455078,1838557.0
2013-04-15,64.49949843872155,66.87408176353603,64.49949843872155,65.1228256225586,2507077.0
2013-04-16,64.7369670054044,67.67550776192594,64.7369670054044,66.60694885253906,3046106.0
2013-04-17,66.36948588909208,67.55677765702472,65.68679593931132,66.16171264648438,2973381.0
2013-04-18,65.92424780550681,68.26914599963945,65.59774166252889,66.7553482055664,5657713.0
2013-04-22,67.17090053566308,67.91295310500497,66.10234183124523,66.69598388671875,4214976.0
2013-04-23,66.72567272827179,69.99071923892772,66.48821439051058,68.20978546142578,6849539.0
2013-04-25,69.57516780098018,71.05928058812285,68.62533441538254,69.12993621826172,9945781.0
2013-04-26,73.01831593772827,76.34272554314211,72.00911976225899,72.66212463378906,24667615.0
2013-04-29,73.01831537574176,75.92717094131015,72.33561788558436,74.85861206054688,13550190.0
2013-04-30,75.83812485009291,79.45936310085857,73.93846540878971,78.80635070800781,18638833.0
2013-05-02,78.24238410644693,81.35902042501405,78.24238410644693,80.67632293701172,10471732.0
2013-05-03,80.08268404169382,81.32933850288015,79.01411770966654,79.96395111083984,7331706.0
2013-05-06,79.54840627799607,80.14204841031014,77.9455605024844,78.36111450195312,5048455.0
2013-05-07,78.539204981802,79.37030541467496,77.58937162342474,78.45015716552734,6531581.0
2013-05-08,78.95475380133034,79.2218972581353,76.52081513704175,76.87699890136719,5162240.0
2013-05-09,76.58018635740706,77.73779310939571,74.8289299170085,75.2444839477539,4850562.0
2013-05-10,75.39288489215471,75.98652699356029,74.02750505435614,74.62114715576172,9678906.0
2013-05-13,75.2147877062202,77.3815903453678,75.1554249995866,76.22398376464844,8089327.0
2013-05-14,76.10526433530136,77.55969207496011,75.15543090882429,76.9957275390625,8644478.0
2013-05-15,77.35191613471868,78.21270170854648,76.3427200321014,77.17382049560547,4930563.0
2013-05-16,76.90669141073892,77.76746954995943,76.43177467166987,77.14414978027344,5101812.0
2013-05-17,77.17382114117261,78.77665937235578,76.63954173077823,78.30175018310547,4024108.0
2013-05-20,78.15333485649647,78.65792912534988,76.04589494341823,77.02540588378906,6309319.0
2013-05-21,76.63954141568212,78.30174986117534,76.22398742645517,76.90668487548828,6007439.0
2013-05-22,77.14414162340123,78.50952147029423,76.66922493454771,77.67842102050781,3674983.0
2013-05-23,77.35192021931313,77.7081040049334,75.98653276636968,77.32223510742188,6667075.0
2013-05-24,77.79714738851038,77.91588031788314,76.04589864943209,76.60985565185547,2619773.0
2013-05-27,76.72859531941135,82.27917059181352,76.01622021485876,79.90459442138672,6030424.0
2013-05-28,80.11235578633638,82.13074786062082,79.60776152347229,80.85441589355469,6291255.0
2013-05-29,80.08267955216279,80.73568434530024,79.45935235651409,80.34982299804688,2554295.0
2013-05-30,80.08267959081563,80.08267959081563,78.80634008999924,79.25157165527344,6924670.0
2013-05-31,79.39998791588836,81.92298199096032,76.07557846768115,77.79714965820312,5548853.0
2013-06-03,77.47064155318445,78.56888547535834,76.31303492177769,77.17382049560547,6247753.0
2013-06-04,77.53000199272562,81.1215547116835,77.53000199272562,80.4091796875,6561453.0
2013-06-05,79.54839722952015,82.10106862408996,79.01411035751384,80.79505157470703,7888289.0
2013-06-06,79.57808353885956,80.73569019879092,78.18301852473088,78.62825012207031,7528670.0
2013-06-07,78.36111058350657,78.95475268613558,75.54129557318996,76.28335571289062,6868157.0
2013-06-10,76.01621504089061,78.15334020908709,73.79004956317378,76.93637084960938,10609069.0
2013-06-11,76.58017711646089,78.03460478144072,75.68970644700696,77.67842102050781,8318797.0
2013-06-12,77.38160019835651,80.37951115775512,77.23318965716828,79.90459442138672,6011546.0
2013-06-13,79.31094171837273,81.41838163920552,78.30174566553832,80.34981536865234,5987330.0
2013-06-14,80.8840951034126,81.62615522542802,80.14204249281141,80.91378021240234,6238164.0
2013-06-17,80.2310925873249,83.40709137145762,80.20140747749195,82.93217468261719,7163941.0
2013-06-18,83.34772687534296,85.30674878551937,83.34772687534296,83.97105407714844,9999477.0
2013-06-19,84.29755483685045,89.46226821326158,84.00073378309648,87.91879272460938,17372610.0
2013-06-20,86.67213526284058,87.68133131720838,83.88200543673047,84.77246856689453,12355893.0
2013-06-21,83.94137327086372,85.78166986141926,81.15124327431253,83.02122497558594,10832873.0
2013-06-24,83.70391901115808,84.59438975066254,81.24029506641261,81.50743103027344,5045257.0
2013-06-25,81.26997032992655,85.30675487523432,80.43886983866166,84.7427978515625,6499345.0
2013-06-26,86.07849682556476,86.37532541885369,81.12156372631046,81.5667953491211,7779243.0
2013-06-27,84.17883174198754,84.17883174198754,80.61696397585686,83.02123260498047,12472310.0
2013-06-28,83.70391897536663,85.2473945791937,81.8042520713241,84.00074005126953,26502928.0
2013-07-01,83.40708807351089,86.1378551706606,83.31804025894749,85.57389068603516,7247392.0
2013-07-02,85.27707911707347,87.80006575667268,84.1788351344966,84.53501892089844,7549986.0
2013-07-03,84.59438148008209,85.00992794133089,82.81344768660563,83.70391082763672,4644364.0
2013-07-04,84.445980908382,85.18803361335746,83.25868906900608,84.06011199951172,6377984.0
2013-07-05,84.89119842057374,85.03960893689973,81.47774152224824,81.62615203857422,5649791.0
2013-07-08,80.79505334471956,83.6445536104372,79.63744667855231,83.34773254394531,8240552.0
2013-07-09,83.82264193586587,84.29755864790882,82.84313091191159,83.91168975830078,6530678.0
2013-07-10,84.00073900722035,84.26788247906163,81.95266910209693,83.40709686279297,4836674.0
2013-07-11,83.73359766599916,84.83183406033318,82.99153752173545,83.7632827758789,2272123.0
2013-07-12,84.00073417164683,87.11737027330862,83.58518769903492,86.55340576171875,5008318.0
2013-07-15,85.9597608862767,91.71811621159428,85.9597608862767,91.42129516601562,9285259.0
2013-07-16,90.53082647929924,94.5972959237908,89.462267687499,93.70682525634766,8997780.0
2013-07-17,96.17045537213248,97.09060362701088,88.60148107861767,89.5216293334961,19347537.0
2013-07-18,90.02623448028429,91.24320382900645,87.20641939172701,89.64036560058594,8231709.0
2013-07-19,90.23401476594898,92.72732387913447,88.57180618668693,89.34354400634766,16306826.0
2013-07-22,88.45307437683476,91.00574602012394,88.12656820482245,89.93718719482422,22727484.0
2013-07-23,90.2339965682801,90.94637153001206,88.15624189678883,88.69052124023438,11599770.0
2013-07-24,88.92798740194016,92.01493833022016,88.15624966987015,91.183837890625,9314808.0
2013-07-25,91.42130288648217,96.170462551047,91.42130288648217,94.74571990966795,15033117.0
2013-07-26,95.4877635792281,98.48567437318177,95.10189469115052,97.74361419677734,9852942.0
2013-07-29,97.35774505997868,99.61359567176486,93.3209605453523,94.68634796142578,6296424.0
2013-07-30,95.57680170346246,95.87362273934092,91.48065488322892,92.96477508544922,5605649.0
2013-07-31,92.90540876299612,101.3351610877568,91.9555753992444,100.29627990722656,20214890.0
2013-08-01,103.23483146939095,103.5019674177678,95.93300037206691,99.3167724609375,21686459.0
2013-08-02,104.48147912998895,104.71893748095889,88.66084748120271,94.3598403930664,34746417.0
2013-08-05,94.53794036391147,95.75490977373448,90.4714706119444,91.747802734375,12933566.0
2013-08-06,90.82764509286233,94.86442931921177,89.34353236124394,92.78667449951172,12271353.0
2013-08-07,93.20223311606306,94.5676129913088,90.29337021428506,90.73860931396484,9397632.0
2013-08-08,90.97606630092956,93.94429211281408,89.37322796799118,93.73651885986328,7076184.0
2013-08-12,94.86443204378374,97.65456195616476,93.32095656131035,97.03123474121094,8185025.0
2013-08-13,96.1704658239236,100.91961813869683,96.1704658239236,100.41502380371094,9054357.0
2013-08-14,100.56342074595491,103.59100888072707,100.05881896778584,103.23482513427734,9985214.0
2013-08-16,102.04753789311928,105.25322179607048,100.74152075085456,102.01785278320312,13870110.0
2013-08-19,102.10690021918884,103.17545901236645,96.4672776894942,98.96058654785156,8813665.0
2013-08-20,97.95139931993296,101.09771327576954,96.49696401343375,98.45599365234376,7427897.0
2013-08-21,99.19805566295685,100.32597728679954,94.24111500640886,95.19094848632812,10599539.0
2013-08-22,94.98317515483724,97.1202929715632,93.38032928087748,96.02204895019533,8728481.0
2013-08-23,96.88282994583932,96.88282994583932,92.19304051277372,93.08350372314452,8068013.0
2013-08-26,93.79587650174038,97.23901885826602,93.32095979660478,95.4877700805664,5779240.0
2013-08-27,95.42840668226223,95.42840668226223,91.18384865481032,92.13367462158205,4514278.0
2013-08-28,91.24320077762812,91.3322485947982,84.17882824863767,90.0855941772461,14564061.0
2013-08-29,89.96687345854873,95.66586692802474,88.39372017979079,94.4192123413086,13901895.0
2013-08-30,95.57680995184134,97.98107106592671,92.72731724551431,94.92379760742188,13406906.0
2013-09-02,94.1520587819585,96.6750527990585,90.8573345205185,92.66795349121094,11074943.0
2013-09-03,93.43968412987904,94.68633848828388,88.89829824957184,89.10607147216797,8319543.0
2013-09-04,89.04671758431857,94.44888950944105,88.18593198916946,93.85523986816406,9815552.0
2013-09-05,95.22322073843468,96.2938110560339,90.13790544129594,91.62483978271484,13308302.0
2013-09-06,92.01143918904005,95.2826931258438,92.01143918904005,94.03367614746094,8654607.0
2013-09-10,96.6506718237537,100.13009384200885,96.35328648426606,99.23793029785156,10559197.0
2013-09-11,99.92192840576172,101.11146979700084,98.19708435763148,99.92192840576172,8722393.0
2013-09-12,100.7546089131364,101.02225271596272,96.3830232271569,97.24544525146484,9907739.0
2013-09-13,97.24545196330752,97.24545196330752,94.2121076591832,95.8179931640625,7155127.0
2013-09-16,96.6506820181746,98.73238713985432,96.17486241452862,97.45362854003906,5300375.0
2013-09-17,96.94806462401988,97.33466710024422,95.19347894490517,95.63956451416016,4916788.0
2013-09-18,95.46112594748293,97.48335535053968,95.28269172789126,96.8291015625,4147398.0
2013-09-19,97.92943546921684,100.42748449417228,97.89970144911176,99.47584533691406,8524748.0
2013-09-20,98.73238331295678,99.47584671127726,96.08564157382408,96.68041229248048,10185727.0
2013-09-23,95.90720728383738,98.73238324695636,94.71766584731982,98.0186538696289,6530622.0
2013-09-24,98.078125,98.76212032589268,97.12649339896956,98.078125,11527778.0
2013-09-25,99.0000324357267,101.0222543390314,97.98891019553226,100.5167007446289,9456159.0
2013-09-26,101.11147887519265,104.68011842070588,100.63566679139343,102.9850082397461,14878034.0
2013-09-27,103.49057542054668,104.44220710002784,101.73598969529093,102.39024353027344,6146859.0
2013-09-30,101.5278180863908,102.44971571380634,99.35689592487812,100.07062530517578,4814184.0
2013-10-01,100.51669836488388,103.84742778219903,99.74349345596598,103.43109130859376,5459283.0
2013-10-03,102.89578976692792,106.1670436555863,102.27127752408052,104.65037536621094,10319817.0
2013-10-04,103.49057404207288,105.24515221826285,102.03338123211564,102.71736907958984,4903646.0
2013-10-07,102.3010256280134,104.29351361355816,101.82520602908136,103.2229232788086,4197204.0
2013-10-08,103.49057108567456,108.8435301020312,103.19318572793722,108.5164031982422,10540286.0
2013-10-09,108.87327610114932,109.37882972484168,107.356600178682,108.4569320678711,10476908.0
2013-10-10,108.78405296951122,110.03307747458231,108.39745050487944,109.05169677734376,6384619.0
2013-10-11,109.97359726795897,110.30072417561908,108.27849468824104,109.52751922607422,2690139.0
2013-10-14,110.62784949888773,110.95497640186278,108.8732713771862,110.06281280517578,3181068.0
2013-10-15,109.9735969356579,112.05530950955298,108.54614570080102,109.94386291503906,6021579.0
2013-10-17,111.22261805390929,111.66870360644111,108.248757015967,108.75431060791016,7265162.0
2013-10-18,108.24876220928256,109.46804521807798,106.99973765365996,107.8621597290039,12649367.0
2013-10-21,107.3565937849804,109.6167329975955,106.55364731351216,106.99972534179688,9934422.0
2013-10-22,106.99972956176563,108.84352470893468,104.11507818839456,105.8101806640625,5705001.0
2013-10-23,106.01835234770256,107.17815973855517,102.98500820415856,104.32324981689452,6239227.0
2013-10-24,103.4905749642886,106.99973887363412,103.4905749642886,104.14482879638672,6472369.0
2013-10-25,104.68011153394372,104.91802132303918,100.39775038161476,102.15232849121094,9824237.0
2013-10-28,99.98140716552734,102.9850098103718,99.50558758354695,99.98140716552734,4456326.0
2013-10-29,99.4758502379868,102.24155073431986,98.5836941283727,101.26016998291016,5590615.0
2013-10-30,101.7062507820739,102.68762396165285,100.69513605662792,101.7359848022461,23864020.0
2013-10-31,101.43859319992212,104.56115429588375,101.26015898709736,102.7470932006836,19946572.0
2013-11-01,102.3010228119074,102.80658394399146,99.44611282259912,100.27879333496094,10750126.0
2013-11-05,100.36800349313248,101.20068394779466,97.63204482702032,98.1078643798828,5680875.0
2013-11-06,97.54283555672906,100.07062619368176,96.3830281255833,99.02976989746094,12879815.0
2013-11-07,99.0297684508925,99.26767824296216,96.4425022842706,96.88858032226562,3876069.0
2013-11-08,96.9480649121694,98.22682347931452,95.60982325181683,97.6915283203125,6167686.0
2013-11-11,97.84021693051209,98.52421226837458,94.27157766853716,94.8663558959961,4036150.0
2013-11-12,95.63956462944871,97.18597453621024,93.40915935757003,95.43138885498048,7979723.0
2013-11-13,95.461131241469,99.20820490652753,95.461131241469,98.19709014892578,15172154.0
2013-11-14,99.6245340995417,102.1820661155926,99.20819762887324,101.58728790283205,20189660.0
2013-11-18,101.70624961089888,103.63926192762544,101.70624961089888,103.19318389892578,9555499.0
2013-11-19,102.59840128381778,105.9588721796092,102.50918417675156,104.59089660644533,15692947.0
2013-11-20,104.59090397614222,105.2748918109194,103.46083057460172,103.66900634765624,4532367.0
2013-11-21,103.4013529567762,104.947762822365,103.014750490379,103.49057006835938,9672871.0
2013-11-22,103.3716166430268,104.68011678585331,102.50919455499896,103.72848510742188,6857226.0
2013-11-25,103.72847320588184,104.62062921311548,101.4980681364092,102.24153900146484,11185193.0
2013-11-26,101.70624838961038,103.75821181240563,101.70624838961038,103.3121337890625,18552276.0
2013-11-27,103.19319174349896,104.56116747911366,103.19319174349896,104.1150894165039,9362330.0
2013-11-28,104.2935138512855,105.81018976705042,103.87717734554228,104.1448211669922,4499289.0
2013-11-29,104.1448134336688,106.76182103943314,104.02586230534496,104.35298919677734,6311528.0
2013-12-02,105.8101873440216,106.40495806757473,104.05560166842795,104.38272857666016,4047163.0
2013-12-03,104.08534002961493,105.48305720774712,103.63926200060116,104.32324981689452,5105882.0
2013-12-04,104.32325584715343,104.88829256531552,103.19318993652443,103.72848510742188,8650772.0
2013-12-05,104.08534559841388,105.54253841990538,103.78796022982726,104.1448211669922,8022362.0
2013-12-06,104.1150799211752,106.16704333745754,103.96638724719942,105.06671905517578,7359621.0
2013-12-09,105.42358028347968,106.94024857285504,103.78795333915048,104.65037536621094,4898870.0
2013-12-10,104.68012040651293,109.25988235335257,104.08534964620954,105.63175964355467,6032893.0
2013-12-11,105.57227702149508,105.57227702149508,101.76572785326272,102.53893280029295,6492472.0
2013-12-12,101.73598313727264,104.56115902339008,99.20820012787388,102.47945404052734,13841158.0
2013-12-13,102.27128326082764,103.43109822748336,101.4980783001872,101.79547119140624,5803969.0
2013-12-16,102.00363689927556,104.17455904431576,100.48696103693938,100.90330505371094,5968681.0
2013-12-17,102.06310955361388,102.06310955361388,99.98140458054262,100.42748260498048,5276718.0
2013-12-18,99.98140406037172,101.76572367453451,99.505584493169,101.05199432373048,3402164.0
2013-12-19,101.11147410985716,103.37161338558896,100.42748627558062,101.20069122314452,4831395.0
2013-12-20,101.20068689391697,102.44971137511862,100.3085308505984,101.05198669433594,4983765.0
2013-12-23,100.69513826848036,102.83631889848355,100.13010156445924,100.57618713378906,3407316.0
2013-12-24,100.27879572387756,101.64677142146768,98.52421754429936,100.04088592529295,2890941.0
2013-12-26,99.86245305786952,101.022260519663,97.86996505251292,98.5836944580078,2822360.0
2013-12-27,98.25656651915658,100.81409121800938,98.25656651915658,99.83272552490234,2405360.0
2013-12-30,101.4088617458342,102.00364000586436,100.30853739245336,101.17095947265624,2307495.0
2013-12-31,102.12258725935556,102.12258725935556,98.85133329350832,99.2676773071289,3158847.0
2014-01-01,99.86244304879337,100.3085285860766,99.05950413307237,99.95166015625,3574896.0
2014-01-02,100.51669719595372,101.02225077250796,95.16373845976634,95.52059936523438,6980955.0
2014-01-03,95.2232217528564,97.51310261971652,94.42027524325565,96.6506805419922,5380734.0
2014-01-06,96.38301989753238,96.88858099204204,94.39053211492218,94.71765899658205,2880245.0
2014-01-07,94.5689627857656,96.97779465793184,93.49837251495718,96.41276550292967,4845107.0
2014-01-08,96.94805648222618,97.18596625728397,95.46112226953868,96.05589294433594,7794657.0
2014-01-09,95.4908719480828,96.65067937815397,94.89609369692418,95.43138885498048,4590827.0
2014-01-10,95.75851326642142,96.47224263377731,93.97419361087908,95.87747192382812,6928820.0
2014-01-13,95.75852042866244,97.12650369983632,94.00394218766212,96.29381561279295,6322513.0
2014-01-14,96.05589870050028,100.10035759315292,96.05589870050028,99.47584533691406,9669340.0
2014-01-15,99.65428036556436,101.23043179179729,99.38663655398209,99.98141479492188,5533557.0
2014-01-16,99.6245278642266,99.86243762930158,92.24934019828984,92.81437683105467,14852307.0
2014-01-17,92.39804198919954,92.78464445492898,86.59900500325794,89.81078338623047,26500728.0
2014-01-20,90.04870021653191,91.98171269633885,90.04870021653191,91.56536865234376,12262513.0
2014-01-21,92.1006567022355,92.308824945259,90.70293951544603,90.94084930419922,8138394.0
2014-01-22,91.59510153849068,92.16013069213504,91.03006485915166,91.47614288330078,4485618.0
2014-01-23,91.35718938802962,93.02255031200484,89.12678427365309,91.71405029296876,9437639.0
2014-01-24,91.4464151157078,91.59510780058989,89.27548535990022,90.67321014404295,6782708.0
2014-01-27,90.04868391996952,90.70293012705062,85.2310130778041,86.12317657470703,10982745.0
2014-01-28,88.02645798342435,88.20489220987925,80.59179387327232,82.7924575805664,21916588.0
2014-01-29,82.82219116863344,83.86304744992452,82.67349848926256,83.20879364013672,24984794.0
2014-01-30,82.01925087420382,83.98199722032707,81.48395573201614,83.53591918945312,17220232.0
2014-01-31,83.98199249885943,85.64736092313446,83.86304137425839,85.3499755859375,9526958.0
2014-02-03,85.05259072361228,85.76632005228653,83.06009540701824,83.38722229003906,6534581.0
2014-02-04,83.14932073433401,91.05980464306089,81.03787408372756,89.95948028564453,14441602.0
2014-02-05,89.3052223973218,89.8107835209466,85.11207083372936,85.79605865478516,8717155.0
2014-02-06,86.83692102242192,88.08594562065733,85.23102795286478,86.33135986328125,6557111.0
2014-02-07,87.37220646790975,87.37220646790975,81.87055505456637,82.13819885253906,13551215.0
2014-02-10,83.08984064506537,83.08984064506537,74.76301315840635,75.20909118652344,30450005.0
2014-02-11,75.53621753224718,77.91530785718554,75.53621753224718,77.17184448242188,22364558.0
2014-02-12,78.15322025295242,79.49146189792553,78.00452757303262,79.19407653808594,11174298.0
2014-02-13,79.40224002175275,79.69963288944763,77.945047330534,78.33164978027344,7253384.0
2014-02-14,79.55093883330656,82.82219289920893,78.06401200852824,78.86695098876953,20454400.0
2014-02-17,79.40224729235072,79.61042307136853,76.66629587486933,77.61792755126953,13057649.0
2014-02-18,76.87446277985386,78.45061423996749,76.69602855116683,77.94505310058594,4400491.0
2014-02-19,77.3502810751678,79.99702281162,77.3502810751678,79.4022445678711,4137666.0
2014-02-20,79.10486087856707,79.25355356121912,77.23132404631696,77.5287094116211,4143982.0
2014-02-21,78.24243750475043,78.48034729818286,75.7443884365574,76.51759338378906,13029493.0
2014-02-24,76.7257638802951,77.82609565854018,75.32804676213394,76.27967834472656,6190827.0
2014-02-25,76.45811640229887,77.43949710418664,75.29830900290904,75.71465301513672,4149765.0
2014-02-26,76.1012594867975,77.40975963248592,74.55484953955708,74.94145202636719,6899145.0
2014-02-28,75.26857312920396,77.61792189019594,74.40615110591781,76.66629028320312,13505949.0
2014-03-03,77.05289497675098,78.89669020558152,76.72576807468238,77.76661682128906,8322027.0
2014-03-04,77.4989742913114,79.1048597565939,77.3205400643817,78.7777328491211,11624030.0
2014-03-05,78.8074661193869,79.10485144924262,77.9747856906521,78.27217102050781,29969856.0
2014-03-06,78.27218388085218,79.61042561077396,78.27218388085218,78.51009368896484,5595539.0
2014-03-07,78.56956078444688,81.6326464113534,78.56956078444688,80.68099975585938,7929351.0
2014-03-10,79.93754488600686,83.86304505557318,79.93754488600686,83.44670104980469,6730035.0
2014-03-11,83.86304412422443,84.72546614579201,80.94865116760042,83.35749053955078,11350447.0
2014-03-12,82.6140187302737,84.75520675080728,82.22741627838916,84.3983383178711,3840023.0
2014-03-13,83.86304526740238,84.2496477288444,82.67349633769823,83.23853302001953,9976933.0
2014-03-14,82.67349250129764,83.26827070139684,80.29440227798388,81.33525848388672,9918332.0
2014-03-18,81.48395311476938,81.98950669504929,80.53231399224893,81.51368713378906,5593252.0
2014-03-19,81.63265136130629,82.61402456986032,80.97839753847357,81.54344177246094,6137842.0
2014-03-20,81.0973579083864,83.26828014705916,81.0973579083864,81.93003845214844,4834769.0
2014-03-21,82.31664306589346,83.08984806058047,79.16433999086539,79.6401596069336,3972474.0
2014-03-24,80.29441592927974,81.30553076308979,79.1643424249473,80.5323257446289,4626204.0
2014-03-25,80.53232255492097,81.66238848879838,79.58068333121663,80.47284698486328,5974738.0
2014-03-26,80.88918350096245,81.18656887694623,79.81859313714271,80.47284698486328,3658917.0
2014-03-27,80.35388540243135,84.01174195079153,79.52120487476168,82.46533203125,12969454.0
2014-03-28,82.97088396315547,84.33885950146487,81.18655691868223,83.00061798095703,5933913.0
2014-03-31,83.26827029169912,85.55814339744663,81.39473364570881,81.75159454345703,8615354.0
2014-04-01,82.67349532599256,83.03036376338402,81.06760993481475,81.81107330322266,4898563.0
2014-04-02,82.34637627703093,85.64737200884575,82.22742513703352,85.2012939453125,6394882.0
2014-04-03,86.18265886125673,87.01534686354621,82.28689275456354,83.35749053955078,6179936.0
2014-04-04,83.83330693725837,84.45781920859297,82.52480682724662,83.29801177978516,4098769.0
2014-04-07,83.74409831567739,87.81829137394149,83.2682787200548,87.19378662109375,8652059.0
2014-04-09,88.02645766570336,88.44280168403043,85.20128922740406,86.80717468261719,5523718.0
2014-04-10,86.86664675001406,88.41306410192136,85.2310198144899,85.82579803466797,5385144.0
2014-04-11,85.64735914706382,86.24212980912398,83.95225673963708,84.96337890625,6121651.0
2014-04-15,85.05259535346573,86.09344409612522,82.58428035005902,83.3277587890625,5863289.0
2014-04-16,83.20879150314659,85.05259422624334,81.54343052668494,81.9002914428711,6561488.0
2014-04-17,83.26827569749756,83.56566105254312,81.30552181822414,83.3277587890625,3818187.0
2014-04-21,83.56565856295346,85.17154394777381,83.06009745388187,84.90390014648438,4157802.0
2014-04-22,85.34997973295498,86.06370909232322,84.01173812485135,84.36860656738281,3619923.0
2014-04-23,83.86304518669299,85.11206968025662,81.51368887492377,82.10846710205078,9352041.0
2014-04-24,82.10846710205078,82.10846710205078,82.10846710205078,82.10846710205078,0.0
2014-04-25,82.37611179376403,84.63625101949799,82.37611179376403,83.53591918945312,13121604.0
2014-04-28,83.86304722429355,85.70684246408779,82.61402270038265,83.6251449584961,9253525.0
2014-04-29,86.24213856483225,86.68822413236023,83.14931876701117,83.71435546875,19979339.0
2014-04-30,84.4578187558163,84.93363834339607,78.39113030271658,80.11597442626953,12582876.0
2014-05-02,80.88917082347108,81.42446592148592,79.16432688225987,79.8185806274414,7736266.0
2014-05-05,79.69963690812155,80.23493205585225,76.81498539901538,77.5584487915039,9150101.0
2014-05-06,77.91531177429749,79.46172921780082,77.0528972264925,77.73688507080078,5247796.0
2014-05-07,77.91530868143262,78.42086980217583,77.20158684438708,77.46923065185547,7009239.0
2014-05-08,77.67740389956347,78.71826022801339,77.43950162234714,78.12349700927734,2475578.0
2014-05-09,77.94504964077308,81.1865620057651,77.94504964077308,80.77022552490234,9584724.0
2014-05-12,80.41335996979895,83.20879440891072,80.41335996979895,82.37611389160156,4275649.0
2014-05-13,82.97088076354024,84.16042204639106,82.10845881805704,82.9411392211914,4563692.0
2014-05-14,83.32775013045918,84.2496477288444,82.70323788307633,83.23853302001953,6406194.0
2014-05-15,83.62513619180457,84.21990689886152,82.82218971672191,83.74409484863281,5818071.0
2014-05-16,85.05259075031101,86.77743474705828,83.35748829773657,84.7254638671875,12161245.0
2014-05-19,86.24213673275891,86.24213673275891,82.79245607989321,84.45781707763672,13583822.0
2014-05-20,85.05259912117823,89.09705819062935,84.16043549082515,87.49116516113281,17096533.0
2014-05-21,87.31273901040984,88.65098070159522,83.68461642313439,84.60652160644531,15399439.0
2014-05-22,85.58789061085855,85.58789061085855,82.82219024874922,83.11958312988281,10222425.0
2014-05-23,83.83331037650326,84.45782267345834,82.97089580041795,83.14932250976562,24725129.0
2014-05-26,84.457813438808,84.66598919882787,78.51008401988766,81.00813293457031,21263341.0
2014-05-27,81.18656473547655,81.36499896224271,79.40224504489987,80.11597442626953,9127843.0
2014-05-28,80.29440482578474,81.57317084716458,79.69963413250737,80.68099975585938,10062545.0
2014-05-29,80.35388812512251,81.18656868100652,78.92642929301111,79.34276580810547,11866039.0
2014-05-30,78.6587874810379,83.26828349285753,78.6587874810379,81.9895248413086,32132791.0
2014-06-02,82.07873001171974,83.44670570954213,82.07873001171974,83.17906188964844,10917169.0
2014-06-03,83.53592385248339,84.7254728602434,82.19768215946527,83.26828002929688,7426608.0
2014-06-04,83.26827780398219,83.56566316655088,80.65127005684876,80.82970428466797,11952493.0
2014-06-05,81.18656829521294,81.90029770787704,80.4431048605807,81.09735870361328,16854839.0
2014-06-06,83.26827527270936,84.21990689886152,82.01925076733399,83.74409484863281,28488996.0
2014-06-09,84.04148884474006,87.6993456258319,84.04148884474006,87.22352600097656,31835302.0
2014-06-10,87.431685088813,87.84802909829025,84.66599227600656,86.42057037353516,15454157.0
2014-06-11,87.43169260036437,88.29411471328565,84.75521666862191,85.4986801147461,18969759.0
2014-06-12,85.64736519402977,85.76632385025715,83.41696752813715,84.16043090820312,6645215.0
2014-06-13,84.338871924043,85.05260134182126,80.11597851312649,80.47284698486328,8200048.0
2014-06-16,81.54343023518247,82.4653278305879,79.90780328426149,80.9783935546875,21279058.0
2014-06-17,82.37611360364036,84.99311380643233,81.18656463614631,83.92252349853516,21957096.0
2014-06-18,84.07122048686055,85.9447573845346,83.32775704763846,85.2012939453125,49262303.0
2014-06-19,85.08232824593696,85.55814781798163,81.48395496160302,81.9002914428711,11112053.0
2014-06-20,81.48394793005741,83.08983320285948,80.88916975347979,82.614013671875,8362142.0
2014-06-23,82.07872431907148,83.17905612068562,81.81107299204594,82.2274169921875,4868359.0
2014-06-24,82.67349679387391,83.03036523760163,81.06761137418336,81.48395538330078,11602198.0
2014-06-25,81.4839606378961,81.4839606378961,79.10486261194129,79.25355529785156,21134331.0
2014-06-26,79.43197975885877,81.1270821902469,79.25354554744078,80.62152862548828,25680879.0
2014-06-27,80.44310136500928,80.7702282723106,77.23132291043294,77.64766693115234,13925493.0
2014-06-30,77.91531078655412,78.98590862243739,77.91531078655412,78.7777328491211,7867444.0
2014-07-01,79.16433920182904,80.05650285448853,78.95617094400978,79.3427734375,6922085.0
2014-07-02,79.69963886389358,81.75160239293253,79.28329483846633,81.5434341430664,23176683.0
2014-07-03,81.95976504404442,82.04898215237682,79.99701876350957,80.38362121582031,10155168.0
2014-07-04,79.72936641445376,80.74048108640987,79.1048541898428,80.29440307617188,18576004.0
2014-07-07,80.38362591031253,81.54343333497879,80.29440879676974,81.24604797363281,8287488.0
2014-07-08,81.12709321712367,81.60291282844936,78.56956845051958,79.3427734375,11957161.0
2014-07-09,79.40223797268833,80.88917217001288,79.13459418207258,79.491455078125,16574946.0
2014-07-10,79.49145827377328,80.77022429361632,78.80747047218739,79.55093383789062,17291516.0
2014-07-11,79.40224526116826,80.56205268691734,79.40224526116826,79.90780639648438,12323366.0
2014-07-14,79.90779847563469,80.5620447012156,78.98590093570647,80.32414245605469,11889280.0
2014-07-15,80.82970428466797,81.9300361467281,80.05649933171138,80.82970428466797,6329847.0
2014-07-16,81.03786425259182,83.20878620834476,80.88917158650142,83.00061798095703,6595811.0
2014-07-17,83.26827958265575,83.8035747518527,82.22742326573687,83.68461608886719,6296033.0
2014-07-18,83.17905612068562,83.4466999220166,81.72186340873198,82.2274169921875,5394746.0
2014-07-21,82.85193179457102,83.7738294067092,82.37611221559104,83.11958312988281,11022015.0
2014-07-22,86.24213327581423,87.93724327707379,84.87415768780946,87.28298950195312,46309601.0
2014-07-23,87.84803159219757,89.09705613039301,86.2421385998349,88.6509780883789,23571982.0
2014-07-24,88.85914279815479,90.70293798562297,88.0264547887156,90.13790130615234,16527920.0
2014-07-25,90.40555150310468,91.26797352126891,87.28299032107812,88.91861724853516,15324036.0
2014-07-28,89.66208426781085,89.69182581387851,88.02645727368181,88.56175994873047,6201622.0
2014-07-30,88.91861487276707,93.4983686421439,88.71044664142542,93.1712417602539,19788534.0
2014-07-31,93.43889958845192,94.3310556640854,91.56536279878782,93.29020690917967,17738221.0
2014-08-01,92.48726201818758,96.50198700497351,92.2196182011522,93.88497924804688,14508289.0
2014-08-04,94.806874965782,98.13761204350986,94.68792383299628,97.30492401123048,23486284.0
2014-08-05,96.88858560633254,98.7323808079429,95.07452442448368,95.78825378417967,14084396.0
2014-08-06,95.63957134380632,96.4127763514698,92.90361226834504,93.08204650878906,8942102.0
2014-08-07,93.14151273790932,95.22321774006956,92.96307851536294,94.95556640625,7672294.0
2014-08-08,94.45001485192464,95.46112959205595,93.40915856549434,95.13400268554688,13770876.0
2014-08-11,96.82910548087872,96.82910548087872,94.45001506805872,94.92583465576172,5587462.0
2014-08-12,95.1637425853484,95.1637425853484,91.83301306237168,92.0709228515625,7817464.0
2014-08-13,92.66569607941658,93.94445464607811,90.16764698788842,91.62483978271484,5215869.0
2014-08-14,91.05980478357245,93.61733701620778,90.58399270904218,93.34968566894533,4722406.0
2014-08-18,92.48725831772111,97.0967538474417,91.95196317937278,95.78825378417967,21968485.0
2014-08-19,95.7287675996162,96.94805803849546,94.598701794222,95.52059936523438,12026840.0
2014-08-20,95.4313823400268,95.6395581002832,92.01143585069526,92.84412384033205,9214304.0
2014-08-21,93.08203866333751,94.3310556640854,92.39804330785137,93.29020690917967,4946230.0
2014-08-22,93.49837248078006,93.82549937610048,92.13039686032432,92.60621643066406,2979516.0
2014-08-25,93.08203423823934,93.49837071013114,91.654575554253,92.01143646240234,3451625.0
2014-08-26,92.1898753414148,93.022555853002,90.5245067925455,91.7437973022461,4262847.0
2014-08-27,91.74379569595642,93.91471781273512,90.22711985336464,93.6173324584961,7945812.0
2014-08-28,93.49838102583612,96.71015965631464,93.4389054555317,96.29381561279295,20107781.0
2014-09-01,96.94806229185356,100.21931625065758,96.91832074605368,99.47584533691406,15111448.0
2014-09-02,99.86244829646476,104.5611610143351,99.62453850597656,102.65788269042967,14936148.0
2014-09-03,102.86605650199748,103.96638832134208,101.73598313727264,102.47945404052734,26693089.0
2014-09-04,100.516710216876,101.37913233631082,98.31604635861504,99.77324676513672,17876825.0
2014-09-05,100.15983474993833,100.4572200875367,97.95917121059924,98.7323760986328,6670997.0
2014-09-08,99.05951144403969,99.89219196559932,98.07813071528136,99.02976989746094,7226215.0
2014-09-09,99.32715004609756,104.6801088763014,99.1189818080596,103.9366455078125,12431501.0
2014-09-10,104.68011583606724,104.8585500666458,100.99252524207768,101.17095947265624,11126387.0
2014-09-11,101.4088536864344,102.06310746276267,100.57617321940302,101.58728790283205,6400429.0
2014-09-12,101.43859594661718,103.7582106733709,101.43859594661718,103.43109130859376,14412531.0
2014-09-15,102.89578539794311,102.89578539794311,99.62453164818314,100.69512939453124,8990798.0
2014-09-16,100.9627804075898,102.12258781719522,97.54283374513136,98.6431655883789,6205599.0
2014-09-17,99.08923581662492,99.29741157101604,96.20458453008028,97.51309204101562,8094926.0
2014-09-18,97.75159514666984,100.5836733040442,97.30441855836776,100.28556060791016,7368038.0
2014-09-19,100.6134795644106,106.18820766085122,100.6134795644106,103.29650115966795,43788211.0
2014-09-22,103.1474500436601,104.48896468123142,102.28292626773052,104.25047302246094,5331691.0
2014-09-23,104.33990305699608,105.11499902274826,102.4319774274909,103.29650115966795,9664320.0
2014-09-24,102.84934177800343,104.04180012312295,98.67574888623687,100.31537628173828,8326782.0
2014-09-25,101.29914500751318,102.10405529618446,100.3749926619058,101.38858032226562,17084652.0
2014-09-26,100.76254596710122,101.17990827654845,96.94668678277333,99.1527328491211,7987247.0
2014-09-29,98.97385220803368,100.61347944816904,96.7976206494668,97.42366027832033,6978205.0
2014-09-30,97.72177743965554,99.719138469137,96.82743183844993,99.03347778320312,6694025.0
2014-10-01,100.16631383583032,102.1636748412644,98.97385556327976,99.51045989990234,6372181.0
2014-10-07,99.57008482917574,100.43461616763912,96.64857137707271,99.09310150146484,6390999.0
2014-10-08,98.37762950004785,99.24216079849162,93.81648135501344,94.29346466064452,6520887.0
2014-10-09,94.830076542104,97.00630833221506,94.830076542104,95.6349868774414,8249609.0
2014-10-10,94.68101256967398,94.68101256967398,90.62666201949804,91.10364532470705,5270352.0
2014-10-13,91.1632682415824,94.2040312172472,90.32855121221384,93.16062927246094,4020272.0
2014-10-14,93.7568659502044,93.8761080117125,91.2825139608497,91.7296905517578,3768878.0
2014-10-15,91.7296905517578,91.7296905517578,91.7296905517578,91.7296905517578,0.0
2014-10-16,92.02779790815704,93.27987720182452,86.60212599833174,87.58589935302734,7739765.0
2014-10-17,90.14967850328514,92.56440176519096,87.58589890186295,91.93836212158205,8997553.0
2014-10-20,92.7134564151991,96.67837157110328,92.41534374159887,96.26101684570312,12165522.0
2014-10-21,98.6757400636057,99.09309478900585,94.41270469000084,96.26101684570312,11403909.0
2014-10-22,96.3206434996414,97.57272283720206,95.098378448823,95.54554748535156,3575820.0
2014-10-27,96.0821512714178,96.17158658701632,93.1010092906052,93.51837158203124,4899100.0
2014-10-28,93.51837489226578,93.75686656093664,91.87874749919168,92.41535186767578,5492983.0
2014-10-29,92.9221377576134,95.366675365212,92.80289570070651,95.00894165039062,3409775.0
2014-10-30,95.00894485747256,95.9927182645148,94.23384882911176,95.2474365234375,5342101.0
2014-10-31,96.58894852147192,98.46705996569592,95.84365925697278,97.03611755371094,12212008.0
2014-11-03,97.66215895922224,97.66215895922224,95.27724232318816,96.73800659179688,7534766.0
2014-11-05,96.88706130904046,99.12291401663036,95.15799866302126,97.54290771484376,6709440.0
2014-11-07,97.4236695098867,101.06065803237476,95.48592941413072,100.31537628173828,8120876.0
2014-11-10,101.06065602062198,101.35876871494224,97.8708366120136,99.5998992919922,4430675.0
2014-11-11,100.46442850119638,101.3587665651888,97.84102024979686,98.37763214111328,14414821.0
2014-11-12,99.21234592735252,99.95762762293997,97.8112103043677,98.1391372680664,2648885.0
2014-11-13,98.61611904133844,98.61611904133844,96.1119678649772,97.09574127197266,2581203.0
2014-11-14,96.7678173221598,97.99008997753084,96.46970461639656,96.8274383544922,1954692.0
2014-11-17,96.23120617859404,98.3776310885932,96.23120617859404,98.01988983154295,2322218.0
2014-11-18,98.3776327015808,101.29914611352112,98.3776327015808,100.4048080444336,6494980.0
2014-11-19,101.2693348074037,102.84934116221444,99.15273163062837,99.62971496582033,10105903.0
2014-11-20,99.74895674978904,103.14745357344135,98.97386071828583,102.31273651123048,5293820.0
2014-11-21,102.84933913604212,103.1474518286389,101.65688082155413,102.61084747314452,5679975.0
2014-11-24,102.55122491005564,102.93877291345686,99.27197025232216,100.22593688964844,5745456.0
2014-11-25,100.46442766349853,100.76254034901024,94.80025646237262,97.18517303466795,13189506.0
2014-11-26,96.73800530235344,98.377632638734,96.20139340832267,97.21498107910156,3149821.0
2014-11-27,97.3044153830104,98.52668795901468,96.8870606396828,98.19876098632812,7740127.0
2014-11-28,98.91423348799916,98.94404022943432,93.99535165294114,94.62139129638672,6881506.0
2014-12-01,94.5915741310464,96.76780567408352,94.50213882126263,95.396484375,4296738.0
2014-12-02,94.68102064111694,98.07951755032312,94.38290793597272,97.66216278076172,5658713.0
2014-12-03,97.21498385187532,97.99008742843812,95.99271877240128,97.2746124267578,5589627.0
2014-12-04,97.274611736193,97.93045815833489,94.35309071943054,94.74063873291016,8243529.0
2014-12-05,95.03875188394268,95.51573521729432,90.09006300259608,91.22289276123048,21318567.0
2014-12-08,91.222889080623,92.05761365235996,87.10891742657941,87.61571502685547,16070953.0
2014-12-09,87.61571430498493,89.3745836601735,86.18476437445477,86.93004608154297,10913842.0
2014-12-10,86.98967633734067,87.9436354320602,84.09796967847942,84.78363037109375,11133379.0
2014-12-11,84.81344588479122,86.69155735900526,84.18739866791861,86.15495300292969,10479118.0
2014-12-12,87.58590502479072,88.3013800309468,84.574956194331,85.02212524414062,8024740.0
2014-12-15,84.24702747893286,84.78363183651895,83.1738187637607,83.47193145751953,7529808.0
2014-12-16,82.63721081649514,86.36364229910352,82.3390981084708,85.40967559814453,8858360.0
2014-12-17,84.57495361467109,86.51269364884335,83.56136593955783,85.46929168701172,6892153.0
2014-12-18,85.64816799558682,87.04930377039699,85.0817493191036,86.60213470458984,8220710.0
2014-12-19,87.34740533527267,88.7485409312958,86.45305977367684,87.19834899902344,9181305.0
2014-12-22,87.16854147477584,89.43420852322602,86.09533275290495,89.19571685791016,3992195.0
2014-12-23,89.43420852322602,90.56704581950162,88.30137877105143,89.19571685791016,7078969.0
2014-12-24,88.83797992855564,90.56704255372168,88.24174701471519,88.95722198486328,10236416.0
2014-12-26,89.4342067906755,90.92477778399854,88.98703775590886,89.49382781982422,2997887.0
2014-12-29,89.5832619360947,90.53722856610412,89.43420559316831,89.97080993652344,1785032.0
2014-12-30,90.03043840431286,90.26893006153796,88.4504321182091,89.46401977539062,5030394.0
2014-12-31,89.16590944023277,91.99798757129392,89.16590944023277,91.69987487792967,3121001.0
2015-01-01,91.81912232687212,95.33686862303568,91.72968701214158,95.00894165039062,3840849.0
2015-01-02,95.36668265998364,95.96290807832592,93.8761115700266,95.33687591552734,4192973.0
2015-01-05,95.3070574747241,96.29083088094904,91.22289241353069,91.55081939697266,4622307.0
2015-01-06,91.67007033443156,92.56440843598152,89.31496792978824,89.7323226928711,4978206.0
2015-01-07,89.37458393455076,90.47760689970808,88.59948793915923,89.28514862060547,2746945.0
2015-01-08,89.94100304875943,91.0738327619857,89.91118876258211,90.80553436279295,5816290.0
2015-01-09,91.3421411248281,91.4315764416283,86.81080706369163,88.00326538085938,6529725.0
2015-01-12,87.70514260560883,88.15231917667009,86.21457918240708,87.10891723632812,2927971.0
2015-01-13,87.9436357610103,88.6591107428018,87.04929769184659,87.64552307128906,8988728.0
2015-01-14,87.64552557698728,89.13609661230828,87.16854224215648,88.53987121582031,3836878.0
2015-01-15,88.65910948924329,90.74590583188744,88.4504321182091,89.46401977539062,18692341.0
2015-01-16,89.07647343093348,91.58063210628752,88.89760279866508,90.5074234008789,4340259.0
2015-01-19,90.53722848199872,93.13082242588976,89.82175351015627,92.65383911132812,3862307.0
2015-01-20,93.25006977158768,94.3829070939508,92.23648205667912,94.1146011352539,5554655.0
2015-01-21,94.11459838026764,97.63234476363542,93.25006704190858,97.24479675292967,9221064.0
2015-01-22,97.48328048021946,100.52404328837218,96.88705514124456,98.91423034667967,9988848.0
2015-01-23,99.24216095743512,101.03084458436612,97.78139675256266,100.67310333251952,7600755.0
2015-01-27,101.35876517523674,101.92518380112502,98.49687284796556,101.53763580322266,8099761.0
2015-01-28,102.43198066744266,102.61084375005036,97.21497855988729,99.00366973876952,15142930.0
2015-01-29,97.21498280651156,98.04970740487992,94.3530903746656,95.06856536865234,10320316.0
2015-01-30,95.0983770585535,95.60516711705678,91.58063075893384,92.32591247558594,7044784.0
2015-02-02,91.87874334289847,92.74327465970909,90.23911602399576,91.81912231445312,3382449.0
2015-02-03,91.93835942856036,93.39911603949312,90.68628017801788,91.87873840332033,3206600.0
2015-02-04,92.41534271868132,94.2040262845848,91.81911737808028,91.87873840332033,2738475.0
2015-02-05,92.41534682070936,93.10100750165496,91.37194488424385,91.96817779541016,6783071.0
2015-02-06,91.9681841970099,92.95195762996552,91.22289489220007,92.4451675415039,5245602.0
2015-02-09,91.25270851144424,92.74327956603776,90.92478152149546,91.7594985961914,4381785.0
2015-02-10,91.81911942120016,92.59421539886876,89.46401720286073,89.91118621826172,4627008.0
2015-02-11,90.38817379799968,90.98439918009316,89.43420715136939,90.5074234008789,2972884.0
2015-02-12,91.22288566450428,91.72968324580177,90.11986273495138,91.4017562866211,2133627.0
2015-02-13,91.43156908132448,92.80289037759935,90.74590088908668,92.2066650390625,4206476.0
2015-02-16,91.75948917207025,94.77044525986857,91.75948917207025,94.2338409423828,5292857.0
2015-02-18,95.3666780634549,95.60516972811716,93.19044633847504,95.06856536865234,34903270.0
2015-02-19,95.933095050086,96.05233710830336,89.79194799347172,90.83534240722656,4461555.0
2015-02-20,91.4911966066973,91.64025295192178,89.2851506268135,90.00062561035156,6783338.0
2015-02-23,91.96818380395032,92.20667547517805,90.26893536151609,90.9247817993164,5288860.0
2015-02-24,90.80553333253144,91.69987137849456,88.56967312942231,89.10627746582031,13960554.0
2015-02-25,90.03043528772643,91.31232129984816,89.55345198978796,91.0738296508789,9815809.0
2015-02-26,91.1930854124868,92.92214055428023,90.74590882537548,92.38553619384766,12437995.0
2015-02-27,92.41534509630934,92.9519494254759,90.5074194308394,92.26628875732422,5816419.0
2015-03-02,91.28250937750076,92.11723394254986,90.17949395958,91.4613800048828,4857921.0
2015-03-03,91.2228906910822,93.3096946131645,90.74590736855488,91.84893035888672,2691763.0
2015-03-04,93.01157699657412,95.99271907423189,91.25270754633468,93.25006866455078,7579996.0
2015-03-05,93.60780571858876,93.69724103306076,88.8379801181873,89.46401977539062,16384299.0
2015-03-09,88.24174924879866,89.88137660119527,85.32023581018701,88.83798217773438,13924542.0
2015-03-10,88.83798380302365,96.94668539680993,86.66175205564139,91.7296905517578,18743744.0
2015-03-11,92.4153416302604,98.7651731180979,91.40175403671591,97.72177124023438,21508979.0
2015-03-12,97.48329015915638,104.90633106927584,96.82743618588516,104.33991241455078,31317186.0
2015-03-13,103.95235853883436,109.4376590516742,102.87914986496156,108.57312774658205,27237007.0
2015-03-16,108.36445104414348,108.39425778609504,102.87915049757406,103.3859405517578,74995163.0
2015-03-17,104.04179593464237,106.72482521712344,102.99839398165508,105.2640609741211,10895450.0
2015-03-18,104.93612927837526,108.00670642626194,103.92254920155496,104.48896026611328,9964492.0
2015-03-19,105.35349023504438,106.84406113475258,103.50518563881036,104.45915222167967,8237426.0
2015-03-20,104.9361324012988,106.69500930576795,103.56481103857767,104.22066497802734,14745792.0
2015-03-23,104.3697207059328,106.3074606827708,101.65687719425898,102.19348907470705,5360325.0
2015-03-24,102.22329323858558,103.8927347772004,100.76253660736045,101.29914093017578,8151830.0
2015-03-25,102.16367286923912,104.5783961094806,101.77612488115344,103.3263168334961,7302471.0
2015-03-26,102.90895292029283,109.94444516427704,102.55121922318364,107.6489715576172,36171354.0
2015-03-27,110.36181287320684,111.494642589999,99.00367124261122,102.73009490966795,24234457.0
2015-03-30,101.9549989320256,110.71954661445416,101.68669298782336,109.10973358154295,17158861.0
2015-03-31,109.64633447878968,111.79275933262612,108.39425520007688,109.7059555053711,21205275.0
2015-04-01,108.602940510906,113.55163696123849,108.602940510906,113.07465362548828,16102591.0
2015-04-06,113.07465241197126,115.81730279105022,112.56786233823873,115.39994049072266,13371904.0
2015-04-07,115.57880950532297,118.6493868241741,113.58144843739608,117.5463638305664,7990556.0
2015-04-08,118.05315724828084,118.38108423581352,113.34295999280636,114.59503936767578,14154591.0
2015-04-09,114.89315086231018,116.11541593672696,111.07729174657142,111.88219451904295,10683862.0
2015-04-10,111.49464516246086,117.42711491563814,111.3754031028266,116.89051055908205,11528786.0
2015-04-13,116.2644696604121,121.39202905266424,115.90673594117858,120.55731201171876,12653913.0
2015-04-15,120.43806665224442,120.4678733939714,117.7550374271793,118.47051239013672,9963103.0
2015-04-16,118.6493859343305,121.5708993414502,118.23202364298449,120.88523864746094,15160294.0
2015-04-17,121.03429813285776,121.63052352673748,116.71164139492669,117.42711639404295,8391084.0
2015-04-20,117.60598713351769,117.60598713351769,113.67087840695982,114.23729705810548,9867583.0
2015-04-21,113.28332668314104,115.75767858594072,110.06370060583431,110.63011169433594,13577069.0
2015-04-22,111.40521359614095,112.32936593119004,108.75199864656751,110.92823028564452,10154010.0
2015-04-23,112.0610573916692,112.56785497635845,108.66256081330802,110.03388214111328,7147081.0
2015-04-24,109.6463346878341,110.89841396893402,108.18557804125103,108.8712387084961,4773432.0
2015-04-27,108.93086121126296,112.83615544626964,108.93086121126296,110.74935913085938,11384840.0
2015-04-28,110.80897772077412,116.9799387620512,109.7953900991175,114.38634490966795,18002495.0
2015-04-29,117.4569252687548,118.947496228867,106.78444443668816,108.24520111083984,29234516.0
2015-04-30,107.20180488752293,107.52973187415854,103.59463066683448,104.33991241455078,28949528.0
2015-05-04,106.06897155226424,106.81425327489698,104.51877953390748,106.27764892578124,9613857.0
2015-05-05,106.3670879665298,107.88747329568903,105.14482288096534,106.69501495361328,6893515.0
2015-05-06,106.1285882748722,108.57312580529702,102.07423776242156,102.4916000366211,13704864.0
2015-05-07,101.95499986244258,103.59462719659489,101.41839551324192,103.08782958984376,9059750.0
2015-05-08,103.9821728502269,105.77085648848752,100.16631391899752,101.3587646484375,12440894.0
2015-05-11,101.3587715680696,103.8331235975998,101.1500941849916,102.0146255493164,8235675.0
2015-05-12,102.73009687479556,102.99839527996512,99.15272948246142,100.25574493408205,12950968.0
2015-05-13,101.35877073262937,101.38858502029528,98.3776361859823,100.31537628173828,7778220.0
2015-05-14,100.3153742138998,103.32632298614696,99.27197224041564,102.78971862792967,7826489.0
2015-05-15,103.29650576301016,104.81689102149464,102.16367604877333,103.56481170654295,4666811.0
2015-05-18,104.16103851012346,105.71123807612852,102.25311276935707,105.44293212890624,4836225.0
2015-05-19,105.77086394138982,107.17199968249014,104.36972820028949,106.7248306274414,6413749.0
2015-05-20,107.02293550681732,107.3210481883894,104.19084994368129,104.8765106201172,6836301.0
2015-05-21,104.5187752928464,105.68141925943736,101.83574611203622,102.4916000366211,10096104.0
2015-05-22,103.38594086021016,103.53499720271483,98.85460692458588,99.86819458007812,9645701.0
2015-05-25,100.136499216765,101.65687690811968,98.6757425528143,99.83838653564452,7594832.0
2015-05-26,99.68933312341412,100.6432997663025,98.49687481980366,99.06329345703124,7855136.0
2015-05-27,98.97385700035257,104.3399079885926,98.3776316274706,101.38858032226562,9993987.0
2015-05-28,102.01461987727204,102.52140993488412,98.37763152702412,100.8817901611328,11685116.0
2015-05-29,101.5376305845074,104.63801440837626,100.16630929136552,103.26669311523438,12972036.0
2015-06-01,103.50519004426634,104.33990706775457,102.10405439507863,102.879150390625,3910346.0
2015-06-02,103.38594541056491,103.92255732012067,101.41839858526468,102.8195343017578,5346093.0
2015-06-03,102.84933172706263,105.23424818423592,100.46442281398974,104.45915222167967,10263238.0
2015-06-04,104.33990823562168,106.7844458496067,103.14744994293378,103.74368286132812,6898017.0
2015-06-05,104.28028754140126,107.02293785132774,103.7436831939962,106.60557556152344,10378428.0
2015-06-08,106.72482715137106,107.55954420242854,104.16103988008568,105.47274780273438,5627733.0
2015-06-09,104.93613280640668,106.1285910899638,103.50519041023888,105.74104309082033,3909225.0
2015-06-10,105.11500670472498,106.72482732362812,104.04179798819018,104.63802337646484,6826158.0
2015-06-11,105.53236577165886,105.53236577165886,99.0930985814135,99.86819458007812,12166575.0
2015-06-12,98.9738601314894,102.58104185738397,98.37763473974525,101.6270751953125,7482522.0
2015-06-15,102.01462396675592,104.87651643013372,100.8221656303064,104.66783905029295,5449392.0
2015-06-16,104.6678374609055,104.84670809468204,99.42102840430177,100.4346160888672,7180800.0
2015-06-17,101.2991482122128,102.3425501918661,99.57008552323354,101.6270751953125,7832516.0
2015-06-18,102.1636792136973,104.33991093917818,100.881793116931,103.80330657958984,5029401.0
2015-06-19,104.33991068232751,105.53236900297784,102.99839601460852,104.63802337646484,6301035.0
2015-06-22,105.14481287407936,105.35349023504438,103.20707296768882,104.45915222167967,3548930.0
2015-06-23,104.45915932877196,104.78707876285613,102.87915301140828,104.28028869628906,4502390.0
2015-06-24,104.33991146118996,106.06897415301457,103.23688844936736,103.982177734375,4213556.0
2015-06-25,103.71387030468044,104.87651433040357,102.73009691186886,103.44557189941406,8469428.0
2015-06-26,102.67047388122644,104.04179525588546,101.98480564979616,102.73009490966795,4525456.0
2015-06-29,101.95500165619484,102.37235641063764,100.25574571904583,101.44820404052734,5322593.0
2015-06-30,101.3885778362892,105.38330735131244,101.35876355073582,105.02556610107422,6908527.0
2015-07-01,105.2342568319921,107.4701095932382,104.39953223133672,106.66519927978516,4929876.0
2015-07-02,107.97689450831508,109.52709403085586,107.52972548624982,108.90105438232422,6485656.0
2015-07-03,108.99048097289126,109.82520552464096,107.4402890112141,108.0365219116211,3990241.0
2015-07-06,106.12859432165313,108.21539072334691,106.12859432165313,107.82784271240234,4075554.0
2015-07-07,108.27502338601192,108.81162776419023,106.30746896995724,107.9172821044922,6718064.0
2015-07-08,106.7844481938053,108.394261266198,105.3833124981762,107.32105255126952,4428885.0
2015-07-09,107.32104847270836,108.81161942861829,106.8738794491656,107.23161315917967,4060127.0
2015-07-10,107.32105172799422,107.55954338993782,103.62443473991894,104.28028869628906,9058521.0
2015-07-13,104.87651538792002,105.23425665735036,103.77349238067816,104.31009674072266,7078101.0
2015-07-14,104.3399071411145,105.1746241651896,103.95235914306885,104.72745513916016,2973565.0
2015-07-15,104.90632242160515,106.48632864944148,104.42933912474513,105.3236846923828,5853761.0
2015-07-16,105.8304751810556,107.32104610406768,104.69763796016215,106.84406280517578,6361195.0
2015-07-17,107.32105229895164,109.10973600099408,106.75463365580958,108.15576934814452,6059633.0
2015-07-20,108.2153873139876,110.24256262184642,108.2153873139876,109.76558685302734,5104365.0
2015-07-21,110.54068333732408,111.19652973740163,107.67878344720124,108.60293579101562,7347263.0
2015-07-22,109.70596520520084,110.89842356276532,105.26406631038697,106.7248306274414,13628453.0
2015-07-23,107.7384065052705,107.91727713779817,105.83048075334538,106.12859344482422,5112061.0
2015-07-24,106.54595314573356,107.20179954220173,105.80066389107792,106.57575988769533,3205398.0
2015-07-27,105.14481626864104,105.71123488851887,101.98480374689171,102.52140808105467,4344352.0
2015-07-28,102.07424309824636,103.74368473821222,100.10668876574042,100.76254272460938,6856204.0
2015-07-29,101.17990026474014,102.16367361270112,98.82479803381167,101.3289566040039,6629907.0
2015-07-30,101.68669128417967,103.08782692197076,101.12027266308736,101.68669128417967,6685746.0
2015-07-31,102.25310955470005,103.9225511264746,102.04443218726595,103.35613250732422,4420381.0
2015-08-03,104.3399053381926,104.3399053381926,101.4780130593147,101.83574676513672,4544508.0
2015-08-04,102.0146188739238,102.34254584308908,97.18517228252792,97.8410186767578,12163434.0
2015-08-05,99.03348489972738,99.83839524424305,98.25838884356465,98.8546142578125,5679718.0
2015-08-06,98.85460847863362,101.32896040013108,98.55649578893778,100.4048080444336,6369982.0
2015-08-07,101.17990289231248,101.89537032171852,99.27196962962762,99.54027557373048,5595440.0
2015-08-10,100.0470590941128,100.16630868728878,97.42365857344488,97.72177124023438,13031628.0
2015-08-11,97.9006522099556,98.91423991067676,95.6647918844141,95.93309783935548,4805963.0
2015-08-12,95.99271627607402,97.1255535519666,94.50214528069483,96.38026428222656,5066348.0
2015-08-13,98.07951423507848,98.82480351684832,92.80289840890023,93.72705078125,6826773.0
2015-08-14,93.07119974921063,97.36404196013396,93.07119974921063,96.14176940917967,7387334.0
2015-08-17,96.41007521719447,97.632340222391,95.7542212861521,96.97649383544922,6397058.0
2015-08-18,97.48328698694546,97.63234333163828,94.85988626743104,95.3666763305664,4742654.0
2015-08-19,94.8896940478058,96.11196664939716,93.42893732737814,95.72441864013672,8021689.0
2015-08-20,96.41007592966344,96.41007592966344,92.71345905702594,93.63761138916016,6935228.0
2015-08-21,92.7134655614737,92.86252191297838,90.68629012808869,90.9247817993164,5371269.0
2015-08-24,88.83798137427489,89.91119007491169,85.97608899120978,87.64552307128906,7751434.0
2015-08-25,87.64552463564058,91.5806333336796,84.06815720693294,90.03044128417969,8038217.0
2015-08-26,88.3908134950099,92.713462640669,88.3908134950099,90.35836029052734,4816610.0
2015-08-27,91.87874611841268,92.17685881374584,89.61307907213933,90.5372314453125,8141451.0
2015-08-28,91.96818491161994,92.71346667811952,90.5372348670192,91.78931427001952,5729050.0
2015-08-31,93.07120592294513,93.57799600424524,91.55082059084248,92.9221420288086,7835168.0
2015-09-01,91.64024901072804,92.41534499020098,87.58589848914632,89.07646942138672,5112687.0
2015-09-02,89.46402575680581,92.68365957255376,88.89760709001378,92.11724090576172,6436098.0
2015-09-03,92.117232312573,92.41534499020098,88.62930040494477,89.07646942138672,5837382.0
2015-09-04,89.37458923593007,89.85157257586407,87.22817175032831,88.8976058959961,4516573.0
2015-09-07,88.301373454228,88.53986510518375,85.9760855154849,86.39344024658203,3452646.0
2015-09-08,86.51269272398123,87.94363513324896,85.43947648690443,86.9598617553711,2662065.0
2015-09-09,87.64552651469468,92.56440872065008,87.10892214329424,88.8976058959961,10893151.0
2015-09-10,88.03306920689886,89.43420485410884,86.36363516227884,88.77835845947266,5478387.0
2015-09-11,88.83797948733037,89.85156713731419,88.12250452073577,88.77835845947266,2648102.0
2015-09-14,88.77835588325725,89.31496020660656,86.93004372049796,87.8840103149414,3580485.0
2015-09-15,88.1225060061526,88.42061869456691,85.6183473529111,86.1251449584961,4461239.0
2015-09-16,86.63193659685663,88.24174967005625,86.33382390301608,87.16854095458984,5318206.0
2015-09-18,88.5455171222217,89.35374437433671,87.108677932582,88.1563720703125,8435516.0
2015-09-21,87.67742231670788,88.30604182345677,86.80932835142657,87.3182144165039,3688234.0
2015-09-22,87.43794479062576,88.0366347035478,85.01327071754233,85.9711685180664,6052577.0
2015-09-23,84.41458878923191,86.1507766673053,84.41458878923191,84.8037338256836,3484202.0
2015-09-24,84.7737995621162,85.25274848099242,83.00768205205077,83.36688995361328,5174496.0
2015-09-28,83.90570833724374,86.98893140908456,83.81590447322691,85.49221801757812,5659182.0
2015-09-29,83.63629913330078,85.37248702003001,82.10965612699034,83.63629913330078,8803910.0
2015-09-30,84.35472106095128,90.0122963829594,84.11524661252393,89.50341033935547,16060629.0
2015-10-01,89.2340044589223,92.07775305882257,88.2162399681228,89.80274963378906,11443130.0
2015-10-05,89.92249623921305,92.79618216407542,89.38368060175068,92.0777587890625,7330821.0
2015-10-06,92.67644363506577,95.31065495698653,91.7185458542986,94.98137664794922,7887385.0
2015-10-07,93.69421209204944,95.93927848228944,93.69421209204944,95.19091796875,8877172.0
2015-10-08,95.22085385467967,95.60999889250348,92.82611690849994,93.93368530273438,4649409.0
2015-10-09,93.81394110332576,95.43038791896636,93.39485893252018,94.56229400634766,3637309.0
2015-10-12,94.592237646421,95.2807238795044,93.51460636201315,94.50243377685548,2026727.0
2015-10-13,94.29288986288284,94.53236430656138,90.79058464617148,91.38926696777344,3823962.0
2015-10-14,91.3892691126689,91.98795144832188,89.92249284520574,90.31163787841795,3060182.0
2015-10-15,91.0001266791137,91.89815020824756,90.70078550273576,91.2396011352539,3269292.0
2015-10-16,90.40144416991372,91.23960097735936,88.30604078851587,90.04222869873047,6449382.0
2015-10-19,90.4613094636258,91.35933297704528,88.36591369045799,90.76065063476562,4437148.0
2015-10-20,90.730712890625,91.5988068263324,89.47347391995834,90.730712890625,3938432.0
2015-10-21,90.55111678843808,91.89815211001478,89.86262297829384,90.94026184082033,4485391.0
2015-10-23,89.02446400875237,89.95242468246217,82.6185355852423,84.08531188964844,31437459.0
2015-10-26,84.56425823694607,85.52215602923174,83.27708970685255,84.74386596679688,9920066.0
2015-10-27,84.17511447653585,85.73169462490554,83.66623600119456,84.41458892822266,9056422.0
2015-10-28,84.41458705847529,85.28268097971342,84.05537917649592,84.71392822265625,5850846.0
2015-10-29,84.71392822265625,85.28268097971342,83.81590473011337,84.71392822265625,14281363.0
2015-10-30,84.95340835440608,85.19288281681506,83.54649872844934,83.81591033935547,7619973.0
2015-11-02,84.41459195294337,84.71393313448051,83.0974862090663,84.17511749267578,6564390.0
2015-11-03,84.71393344648187,84.71393344648187,83.00768264528453,83.3968276977539,9032779.0
2015-11-04,83.7261038499842,84.95340569694515,83.30702166008061,84.47445678710938,6516555.0
2015-11-05,84.11524878351423,84.35472323812233,82.61853533601091,83.27709197998047,5825048.0
2015-11-06,82.91787877545477,84.38465511550254,82.01985522753588,83.3968276977539,7522454.0
2015-11-09,80.88235073115551,81.93005245967528,78.93662544263834,80.67281341552734,11859045.0
2015-11-10,80.64287563467147,80.82248337533889,75.943197830326,77.85899353027344,13024626.0
2015-11-13,78.63728363957973,78.84682095356546,77.29024073495286,77.85899353027344,6654625.0
2015-11-16,77.82905277029849,78.99648788008595,77.46984488082121,78.06852722167969,4257130.0
2015-11-17,78.54747484302682,79.32576490352152,77.26029874095309,78.3978042602539,4877280.0
2015-11-18,78.36786744739389,81.30142754765264,78.36786744739389,80.79254150390625,11139290.0
2015-11-19,81.42116610192045,81.81031115828435,78.84682130019084,79.86458587646484,4964311.0
2015-11-20,79.8047127584158,83.03761396959351,79.05635985430416,81.5109634399414,5722303.0
2015-11-23,81.33136141723752,83.815909898563,80.58300846063845,83.3968276977539,8096626.0
2015-11-24,83.15734896016036,84.68399951837813,81.95997671598847,83.965576171875,7748122.0
2015-11-26,83.81590538853628,89.6530808614861,81.66063535416247,87.9168930053711,32684062.0
2015-11-27,86.809329952788,87.70736108264771,85.46229462078257,86.21064758300781,9245904.0
2015-11-30,86.15077373968838,86.15077373968838,83.87577031731438,84.65406036376953,9450986.0
2015-12-01,84.47445949941611,86.92907084733984,84.47445949941611,85.01327514648438,8043338.0
2015-12-02,85.43235066642595,85.52215452977683,83.06754337387862,83.87577056884766,7101938.0
2015-12-03,83.81590499176377,84.59419505113944,83.09748165037341,83.93563842773438,5292489.0
2015-12-04,82.76820893250834,83.51656947106329,82.01985596914282,83.0376205444336,5249810.0
2015-12-07,83.15735140374426,83.6961670356575,81.72050466851617,82.10965728759766,2851987.0
2015-12-08,81.63071111164267,82.85801300462212,80.52314266301707,81.06195831298828,4431371.0
2015-12-09,81.42116302413343,81.42116302413343,78.72708488006381,80.10405731201172,3555428.0
2015-12-10,81.36129730915681,81.36129730915681,79.8945209917597,80.55307006835938,3100432.0
2015-12-11,80.58300605346017,80.97215109430499,78.48761026238716,78.90668487548828,2921082.0
2015-12-14,79.02642354305016,81.06195255396761,77.9487923196677,80.76261138916016,4146824.0
2015-12-15,79.9543877669384,80.7925445809965,77.29023916046407,78.96656036376953,6704266.0
2015-12-16,79.8945180034441,81.361294265979,79.086290792877,80.79254150390625,6543115.0
2015-12-17,81.42116241746365,81.42116241746365,79.32576663764694,80.0741195678711,6185724.0
2015-12-18,80.16392261602255,81.12182041708012,79.62510699672491,80.82247924804688,6427628.0
2015-12-21,80.79254084749563,83.21721488430838,79.95438407216956,82.73826599121094,4889063.0
2015-12-22,83.15735383048123,84.32478899622674,82.19945597904201,83.42676544189453,9350576.0
2015-12-23,83.93564030511152,84.26491862417897,83.2770912421657,83.63629913330078,3920088.0
2015-12-24,85.25274802042927,85.25274802042927,83.516567667869,84.5343246459961,3920803.0
2015-12-28,84.65406481517539,84.77379825545427,82.94781405247147,83.6961669921875,4716464.0
2015-12-29,83.75603588614368,84.9534081959553,83.36689083235358,84.2050552368164,5769931.0
2015-12-30,84.23498179116278,84.89353843175445,83.93564061823534,84.44452667236328,2577263.0
2015-12-31,85.01327130786133,86.77939633673992,83.66623603860839,86.00110626220703,7852109.0
2016-01-01,85.5820264928234,86.48005760618945,85.13301472373502,85.73169708251953,1686813.0
2016-01-04,84.56425824625518,85.25274444384044,80.6129412154253,81.18168640136719,4585633.0
2016-01-05,81.57083621485943,82.61853793360915,80.4932049228359,81.03202056884766,3219017.0
2016-01-06,81.12182230561724,82.61853576081631,80.104057762097,80.52313995361328,6293905.0
2016-01-07,80.01425646928254,80.97215432346735,78.45767624382694,79.86458587646484,5184476.0
2016-01-08,79.05636275302071,80.22379787135387,78.75701400521116,79.68497467041016,3223348.0
2016-01-11,79.26590022948848,79.35570409650579,77.38004174769227,77.70932006835938,4790746.0
2016-01-12,78.03859108333045,78.33793983281828,74.14714066706924,75.34451293945312,5447366.0
2016-01-13,75.52411929575122,76.27247221784008,71.84220625365819,72.5007553100586,6993170.0
2016-01-14,71.54285966176353,72.91983968509352,70.10602049309256,71.42312622070312,10734317.0
2016-01-15,71.99187995442,72.97970736937562,66.75338654746999,67.50173950195312,7750880.0
2016-01-18,67.08265761180243,67.92082201491748,65.64581841752833,66.72344970703125,6859838.0
2016-01-19,67.17246085697238,70.61489958183394,66.1846334466481,69.86654663085938,4018843.0
2016-01-20,69.2379217051716,70.94417236005738,67.17245560176964,70.37541961669922,7663259.0
2016-01-21,70.94417673985822,71.84220784140072,67.74121252719084,68.22016143798828,8681419.0
2016-01-22,68.22015965692782,69.32772803733238,63.16127044079278,63.9694938659668,27987214.0
2016-01-25,64.65797736601213,65.28659682186802,62.71225228245551,64.02935791015625,10430209.0
2016-01-27,64.23890925418343,66.21456410728624,63.64021930837974,65.55601501464844,14808470.0
2016-01-28,64.95732203593522,65.85535312511624,62.29317727838448,62.62245559692383,17541085.0
2016-01-29,62.98166200256991,63.93956357598942,61.24547794715366,61.75436019897461,9446687.0
2016-02-01,62.29317919682513,63.25107324714015,61.90403414707299,62.92179870605469,8508564.0
2016-02-02,62.86193134067769,63.96949596991542,61.78429628407456,62.29317855834961,10792975.0
2016-02-03,61.51488595717463,62.65238768782906,59.71883139037172,61.963897705078125,6685839.0
2016-02-04,62.861930453502026,63.04153439993714,59.35962130346349,59.86850357055664,7559657.0
2016-02-05,60.40732007386822,61.00600621666217,59.748767210592185,60.7066650390625,5600798.0
2016-02-08,60.76653161188822,62.68232347657906,60.73659825171991,61.09580993652344,3858835.0
2016-02-09,60.46718835288196,61.933964614162605,59.86850223215797,61.18560791015625,2922626.0
2016-02-10,62.80206054354412,62.80206054354412,58.19218673605892,59.8984375,5063250.0
2016-02-11,59.928368289522254,62.20337173558936,59.15007823496157,60.55698776245117,8912486.0
2016-02-12,60.88626508636335,66.6037031801784,59.98823782351751,65.64581298828125,11502197.0
2016-02-15,65.55601154033502,67.1724584004393,64.17903155563371,65.37640380859375,7515676.0
2016-02-16,66.7533828282956,67.26226129395403,62.71225437367066,62.95172882080078,6000754.0
2016-02-17,62.38298211731051,65.01719734390645,61.96389992580109,64.6579818725586,4343984.0
2016-02-18,65.25666834233138,65.49614278547911,62.86192769844843,64.47837829589844,6755227.0
2016-02-19,63.3408732052116,65.85535108686749,63.16126926549093,64.89745330810547,8361520.0
2016-02-22,64.95732506884475,66.42410899715276,64.74778775416765,65.55601501464844,3166151.0
2016-02-23,65.55601388785756,65.85535506801955,62.41291634577812,63.909629821777344,4282012.0
2016-02-24,63.46061354549634,64.80765262856997,62.412915639195816,62.68232345581055,4626494.0
2016-02-25,62.92179671651973,64.38857678754188,62.05370277526116,63.61028671264648,11513021.0
2016-02-26,63.610287399261736,63.73002083891233,61.87409949800403,63.25107192993164,3364138.0
2016-02-29,62.86193039283483,63.610287112848944,61.54482089906838,62.442848205566406,7047906.0
2016-03-01,62.26324229285491,63.46061073450447,61.75436004232482,63.1313362121582,5904278.0
2016-03-02,63.28101031336145,64.9573239523443,63.101402575188544,63.909629821777344,4836951.0
2016-03-03,64.05929600240404,65.67574280912594,63.61028426306831,64.86752319335938,4804036.0
2016-03-04,64.95732268368212,65.46620874017003,62.56258571396784,63.25107192993164,6480779.0
2016-03-08,63.460612110809045,64.11916495737842,62.65238867923679,63.4007453918457,13893314.0
2016-03-09,63.40074769444656,64.20897115537203,62.02377144474066,63.520484924316406,3166895.0
2016-03-10,64.05929910456845,64.08923625204943,62.26324448506022,62.65238952636719,5938399.0
2016-03-11,62.02376847916982,63.43067802217531,60.64679229530191,61.18560791015625,5911797.0
2016-03-14,61.66455789487157,61.93396570705273,60.52705613922083,60.64679336547852,5192333.0
2016-03-15,60.58692803664147,60.76653198635271,59.15008128857304,59.329689025878906,7272240.0
2016-03-16,59.41948865679783,59.59909639274306,58.70106907580071,58.910606384277344,6131976.0
2016-03-17,59.41948616762235,60.76652898040344,59.12014500371298,60.16784286499024,14842366.0
2016-03-18,61.30534724529621,61.96390010697202,60.58692766328377,61.09580993652344,10721368.0
2016-03-21,61.18561001702836,61.66455893009972,60.79646497205653,61.09580993652344,6868664.0
2016-03-22,61.36521775322743,61.634625569931416,60.76653161188822,61.09580993652344,8350858.0
2016-03-23,61.365216813696605,63.75995755479418,61.065871853812816,62.831993103027344,15163041.0
2016-03-28,63.16127222113141,63.67015449301335,61.96389994164769,63.07146835327149,8757143.0
2016-03-29,63.22113906912713,64.89745647619888,63.10140184093668,64.26883697509766,6352492.0
2016-03-30,65.04712549213112,66.12476430738965,63.909627533210845,65.37640380859375,7258737.0
2016-03-31,64.95732544579151,68.90865032530547,64.5083136652252,65.97509002685547,17084881.0
2016-04-01,66.15469251360213,66.33430024163577,63.70008891469023,64.1191635131836,7142597.0
2016-04-04,64.23890891812196,68.42970064087676,64.23890891812196,67.92082214355469,11929279.0
2016-04-05,67.9507508928254,67.9507508928254,65.10700210657924,65.49614715576172,7472831.0
2016-04-06,65.49614387964718,67.95074749393169,65.46620673305779,66.51390838623047,5451104.0
2016-04-07,66.93298572592515,66.93298572592515,65.16686823423527,65.4662094116211,2747282.0
2016-04-08,65.49614307875194,65.85535095748759,64.20896699417067,65.2865982055664,2951491.0
2016-04-11,65.61587873153579,69.14812122180373,65.10700025485764,68.96851348876953,8228802.0
2016-04-12,69.44746048768856,69.92640937917753,67.23232375834934,67.68134307861328,7235784.0
2016-04-13,68.7889146682985,69.86654593707658,68.01061700174853,68.63924407958984,11462351.0
2016-04-18,68.96851572957668,73.03957397602805,68.96851572957668,72.26128387451172,12563925.0
2016-04-20,72.44088584600654,72.7102898576732,69.80667456985674,69.98627471923828,8922337.0
2016-04-21,69.89647205102814,71.03397755915405,69.26785257948194,70.04615020751953,5863088.0
2016-04-22,68.9086445732254,70.9441735654396,68.84877785585178,70.43529510498047,4261267.0
2016-04-25,70.31555982267868,71.33332440168894,70.0461557849583,70.7346420288086,4824596.0
2016-04-26,70.70470076855155,74.47641767882398,70.70470076855155,74.08727264404297,10137771.0
2016-04-27,73.93760119818607,76.3922048158148,73.66818960408128,74.83562469482422,9375574.0
2016-04-28,74.86556388798688,76.84122623986218,74.86556388798688,75.73365783691406,14299150.0
2016-04-29,73.3389132814346,74.71589328556547,69.02838068514471,70.97411346435547,23701557.0
2016-05-02,70.644832948422,71.66259745238136,69.50732743360273,70.46522521972656,5786504.0
2016-05-03,70.64483539499913,72.59056060595462,70.04615304553258,71.78233337402344,5988823.0
2016-05-04,70.97411318077835,72.47082661832006,70.25568982173564,71.75240325927734,4012882.0
2016-05-05,72.32115175620284,72.41095562707868,66.81325423598207,67.95075225830078,10280924.0
2016-05-06,67.65141150350449,68.72904281050653,67.08265870112417,68.36983489990234,6894573.0
2016-05-09,68.54944165948685,69.11818687851927,67.35206934933288,67.92082214355469,5906542.0
2016-05-10,68.3099667529464,68.54944121341886,67.20239832015987,67.50173950195312,5388008.0
2016-05-11,67.23232836120084,70.31555922054898,65.73562244181663,66.33430480957031,19830786.0
2016-05-12,66.93298513400542,67.80107908586088,66.57377723935693,67.02278900146484,4964804.0
2016-05-13,67.32213332704309,68.48956850827597,67.02279213829459,67.9806900024414,7978595.0
2016-05-16,68.16029631836061,68.28002976127675,66.15469676040556,67.11259460449219,4543667.0
2016-05-17,67.53167405012643,68.63924244026973,66.30436464676245,66.57377624511719,7085257.0
2016-05-18,66.15469360351562,66.60370535580846,65.46620740162881,66.15469360351562,4713726.0
2016-05-19,66.21456459619746,66.42410948761122,63.90963139216202,64.38858032226562,5399968.0
2016-05-20,64.65797991962268,66.69350894514854,64.32870918108472,65.34647369384766,7236239.0
2016-05-23,65.70568598859148,66.45403895620198,65.04712931694266,65.97509002685547,6277368.0
2016-05-24,65.85535491255749,66.39417055061497,63.07146906580102,64.29877471923828,10479437.0
2016-05-25,63.04153751019581,66.2145647085283,63.04153751019581,65.58595275878906,8929324.0
2016-05-26,65.85535235421447,68.72903817061407,65.85535235421447,68.13035583496094,12736158.0
2016-05-27,68.19022093883987,69.08825199624444,67.05272301299549,67.65140533447266,7176765.0
2016-05-30,67.53167708965333,70.25569246696288,67.05272816559174,67.92082214355469,8117831.0
2016-05-31,68.51949886776808,69.56720049976272,66.87311491759866,68.81884002685547,21267623.0
2016-06-01,69.29779072106157,70.79450413077136,68.51950065703515,70.49516296386719,6979396.0
2016-06-02,69.1481216997248,72.9198386683771,69.1481216997248,70.97411346435547,12490389.0
2016-06-03,67.83101368985342,68.42969601688098,62.38297951577931,63.1313362121582,347306228.0
2016-06-06,63.40074653069371,63.75995821370974,62.26324476160692,63.46061325073242,21011923.0
2016-06-07,63.75995836087328,63.99943281677002,62.7421938171094,63.07146835327149,13784388.0
2016-06-08,63.75995931422565,63.9694966255724,62.65239088604125,62.92179870605469,12609392.0
2016-06-09,63.10140034315764,63.221137568506,62.35304741922351,62.802059173583984,8363096.0
2016-06-10,62.44284659958409,63.07146607672456,61.75436040442761,61.963897705078125,9110599.0
2016-06-13,61.2155446476615,61.60468967663203,59.53922352084059,59.7786979675293,18180609.0
2016-06-14,59.569163334357086,60.28758291899327,59.00041055110905,59.71883392333984,14122871.0
2016-06-15,59.92836841882496,61.1556740085234,59.92836841882496,60.16784286499024,10877839.0
2016-06-16,60.22771525102144,60.52705642427815,59.56916239729993,59.86850357055664,8687272.0
2016-06-17,60.25764719367779,60.82639995460298,59.7786982976554,60.5869255065918,8250045.0
2016-06-20,60.16784496370197,61.99383673250595,60.01817437652663,61.66455841064453,11979331.0
2016-06-21,61.66455680673543,61.933964614162605,61.06587068601146,61.18560791015625,5552356.0
2016-06-22,61.03593688874526,61.54481914080916,60.55698799560408,60.76652908325195,6670256.0
2016-06-23,61.06587142041101,61.24547915258547,60.64679302466149,60.82640075683594,6280871.0
2016-06-24,59.50929052591295,59.86850219814325,57.803039817312126,59.59909439086914,10452933.0
2016-06-27,60.28758219839089,60.52705665293878,59.688899849615744,60.07804489135742,8948519.0
2016-06-28,60.676727531959656,62.95173107351174,60.28758248834637,62.47278594970703,24887752.0
2016-06-29,63.31094260986493,63.31094260986493,62.50271916445365,62.86193084716797,12696234.0
2016-06-30,63.460612539758365,64.74778488211582,63.011600781714726,63.81982421875,70421719.0
2016-07-01,64.0592999636174,64.32871156899162,63.28100987056644,63.49054718017578,8877754.0
2016-07-04,63.16127170709159,64.53824792349401,63.16127170709159,63.64021682739258,12370073.0
2016-07-05,63.759957785029975,63.759957785029975,62.742193250457966,63.041534423828125,6973978.0
2016-07-07,63.161272942084224,63.73002194063502,62.50272007464844,62.71225738525391,5590557.0
2016-07-08,62.26324446336751,62.38298169046598,60.167844882941566,61.06587219238281,9898102.0
2016-07-11,62.20337366693066,62.20337366693066,61.54482081474698,61.84416198730469,3612236.0
2016-07-12,61.99383644611467,62.56258543227245,61.425083672362334,62.442848205566406,5665898.0
2016-07-13,62.56258523607654,64.17903211014709,62.29317742373145,63.81982421875,10591678.0
2016-07-14,63.90963192899554,64.80765549909098,63.46061635635304,64.41851043701172,8112483.0
2016-07-15,64.65797952703348,66.84317912276916,64.628049955633,66.51390838623047,17047564.0
2016-07-18,67.2023948618131,67.44186930996183,61.42508232231277,62.173439025878906,23685210.0
2016-07-19,62.68232279919604,63.90962842877975,61.54482103674139,63.64021682739258,12685726.0
2016-07-20,63.70009164069639,64.26883684516062,62.86193104505778,63.07146835327149,6656502.0
2016-07-21,63.22113628865567,63.73001853918576,62.86192840747691,63.1313362121582,5697461.0
2016-07-22,63.04153526596597,64.35864099150264,62.98166475793543,63.87969207763672,4761388.0
2016-07-25,63.999433539782935,64.50831202981917,63.49054747455743,64.29877471923828,6239806.0
2016-07-26,64.20896956981937,65.37640469152616,63.96949511599317,64.6280517578125,6954493.0
2016-07-27,64.65798136287334,65.25667128533735,62.98166397283347,63.64021682739258,7538498.0
2016-07-28,64.44844496153938,64.7777232872409,62.5625864509098,62.89186477661133,9715752.0
2016-07-29,62.74219396372193,63.40074682517955,62.26324505080926,62.68232345581055,6415817.0
2016-08-01,62.891862946961005,63.28100798187201,61.78429456101684,62.203372955322266,4441860.0
2016-08-02,62.32311077850783,63.07146749611617,61.24547952921231,62.23331069946289,11554653.0
2016-08-03,62.86193004902616,63.40074567245914,61.99383610705384,62.62245559692383,5772445.0
2016-08-04,63.01159955849252,63.34087408381352,61.93396454243736,63.16127014160156,5704259.0
2016-08-05,63.16127057540335,64.05929786781988,62.86192940712934,63.58034896850586,4543284.0
2016-08-08,63.58035143250037,63.61028858056356,61.36521836871949,61.72442626953125,17229454.0
2016-08-09,58.67113282621183,59.56916394449575,57.92277987363301,58.162254333496094,46474973.0
2016-08-10,58.04251444398192,58.67113013782523,55.37836593457308,55.64777374267578,24291062.0
2016-08-11,55.97705033294897,57.59350102875448,55.797446383457086,57.14448547363281,24983258.0
2016-08-12,57.47376175140733,57.47376175140733,55.767511035467614,56.24645614624024,16817155.0
2016-08-16,56.755343794417854,56.87507723479683,55.64777538256099,56.72540664672852,12652714.0
2016-08-17,56.87507518566153,57.05468291494815,55.61783623103304,55.82737731933594,15462869.0
2016-08-18,56.30632702032874,56.60566818996731,55.94711534420575,56.06685256958008,7483492.0
2016-08-19,56.21652258257406,56.39613031260587,55.737573685948526,56.03691864013672,7627975.0
2016-08-22,56.875078180626375,56.875078180626375,55.97705084968775,56.57573699951172,8438305.0
2016-08-23,56.87507676676575,61.06587213616499,56.60566895294085,60.46718978881836,43487254.0
2016-08-24,59.03034304161144,59.20995077582004,58.07244901367896,58.880672454833984,23873213.0
2016-08-25,58.70106789980441,59.00040907025676,56.994813380480224,57.26422119140625,15740359.0
2016-08-26,56.964879493790896,57.2941578083169,55.79744439471693,56.24645614624024,10066430.0
2016-08-29,55.97705028655858,57.024751985109305,55.73757582903811,56.54580307006836,7316355.0
2016-08-30,56.84514439911093,56.99481498855999,55.85731320611468,56.15665817260742,8401677.0
2016-08-31,56.096787440659085,56.54580299481103,55.7974462629542,55.94711685180664,11699770.0
2016-09-01,55.737573326251145,56.09678499640216,49.75072351985098,50.08000183105469,103220420.0
2016-09-02,49.152042752763805,50.97803073290848,48.25401165504625,50.55895233154297,83667368.0
2016-09-06,50.1398709281306,51.0678354002854,49.24184360393811,50.79842758178711,39847136.0
2016-09-07,50.08000240120995,50.79842574969115,49.84052795171623,50.10993576049805,22970762.0
2016-09-08,50.1099373468367,51.09776853537166,50.0500706263653,50.58888626098633,20537119.0
2016-09-09,50.58888350689893,50.97802853156157,49.9602640381986,50.05006790161133,10506118.0
2016-09-12,49.39151726861002,50.16980735251222,49.12210566640273,49.57112121582031,14171353.0
2016-09-14,49.601054066250725,50.37934414215827,49.57112070662225,50.139869689941406,8862503.0
2016-09-15,50.0500706263653,50.94809794659855,49.72079230098878,50.58888626098633,10403768.0
2016-09-16,50.67868998177238,51.5168467914999,49.99019997278769,50.97803115844727,15571494.0
2016-09-19,50.46914925495886,51.307306070821376,50.46914925495886,50.79842758178711,5539739.0
2016-09-20,51.00796539578345,51.00796539578345,50.08000470205741,50.22967529296875,6250369.0
2016-09-21,50.4691484642523,50.70862291863104,50.16980729007616,50.55895233154297,9476525.0
2016-09-22,51.19207000732422,51.19207000732422,50.04642868041992,50.25746536254883,10260704.0
2016-09-23,50.28761672973633,50.3479118347168,49.50375747680664,49.74494552612305,9574122.0
2016-09-26,49.62435150146485,49.74494552612305,48.23752212524414,48.41841125488281,12981749.0
2016-09-27,48.177223205566406,48.539005279541016,47.72499847412109,47.9661865234375,16167490.0
2016-09-28,47.93603515625,50.167022705078125,47.93603515625,49.74494552612305,16657716.0
2016-09-29,50.01628112792969,50.10672378540039,47.33306884765625,48.11692810058594,22207855.0
2016-09-30,47.03158187866211,48.961082458496094,47.03158187866211,47.6948471069336,16312794.0
2016-10-03,48.29781723022461,49.0816764831543,47.634552001953125,48.900787353515625,10482611.0
2016-10-04,48.539005279541016,49.38316345214844,48.29781723022461,48.961082458496094,8822148.0
2016-10-05,49.62435150146485,49.80524063110352,47.93603515625,48.20737457275391,17731670.0
2016-10-06,48.267669677734375,48.71989440917969,47.9661865234375,48.20737457275391,7802307.0
2016-10-07,48.56915283203125,48.56915283203125,47.9661865234375,48.23752212524414,7227553.0
2016-10-10,48.539005279541016,48.68974685668945,48.0566291809082,48.14707565307617,3375145.0
2016-10-13,48.0867805480957,48.267669677734375,45.644752502441406,45.85579299926758,19038663.0
2016-10-14,46.06683349609375,46.30802154541016,44.89104461669922,45.041786193847656,12254282.0
2016-10-17,45.22267532348633,45.4337158203125,43.44391632080078,43.56451034545898,12370438.0
2016-10-18,43.865997314453125,44.49911117553711,42.87109756469727,43.89614486694336,20029609.0
2016-10-19,43.80569839477539,47.15217590332031,43.74540328979492,46.006534576416016,16064954.0
2016-10-20,47.06172943115234,48.20737457275391,46.76024627685547,47.21247482299805,19403229.0
2016-10-21,47.21247482299805,48.59930038452149,46.669803619384766,48.23752212524414,15803539.0
2016-10-24,47.09188079833984,47.87574005126953,45.94623947143555,46.30802154541016,26258158.0
2016-10-25,44.64985656738281,46.39846420288086,44.64985656738281,45.403568267822266,33852679.0
2016-10-26,45.79549789428711,48.0566291809082,45.3131217956543,47.45366287231445,30646073.0
2016-10-27,47.03158187866211,47.634552001953125,45.94623947143555,46.730098724365234,31675363.0
2016-10-28,47.03158187866211,47.39336395263672,45.825645446777344,45.94623947143555,11061140.0
2016-11-01,46.30802154541016,46.941139221191406,46.03668212890625,46.18742752075195,7453207.0
2016-11-02,45.825645446777344,45.94623947143555,44.64985656738281,44.80059814453125,9860713.0
2016-11-03,44.61970520019531,45.79549789428711,44.137332916259766,44.34836959838867,12284186.0
2016-11-04,44.49911117553711,44.89104461669922,43.17258071899414,43.50421524047852,10544344.0
2016-11-07,44.55941009521485,44.68000411987305,43.71525192260742,44.137332916259766,7481258.0
2016-11-08,43.98658752441406,44.43881607055664,43.26302719116211,44.01673889160156,8486135.0
2016-11-09,41.604862213134766,43.835845947265625,39.67536163330078,43.59466171264648,17977553.0
2016-11-10,43.95643997192383,44.89104461669922,43.77555084228516,44.0468864440918,7933789.0
2016-11-11,43.835845947265625,43.89614486694336,42.08723831176758,42.17768096923828,10145889.0
2016-11-15,42.75050354003906,43.53436279296875,41.665157318115234,43.0218391418457,11559476.0
2016-11-16,43.89614486694336,43.89614486694336,41.966644287109375,42.53946304321289,10724415.0
2016-11-17,42.20783233642578,43.08213424682617,41.90634536743164,42.17768096923828,7216367.0
2016-11-18,42.569610595703125,43.29317474365234,41.78575134277344,42.87109756469727,7279735.0
2016-11-21,42.87109756469727,43.65495681762695,42.66005706787109,42.87109756469727,15559049.0
2016-11-22,43.05198669433594,43.38362121582031,42.47916793823242,42.7806510925293,15453999.0
2016-11-23,43.11228561401367,44.25792694091797,42.81079864501953,43.95643997192383,7492126.0
2016-11-24,43.35347366333008,43.98658752441406,42.87109756469727,43.08213424682617,13995921.0
2016-11-25,43.41376876831055,44.61970520019531,43.26302719116211,44.408668518066406,6098288.0
2016-11-28,44.31822204589844,46.06683349609375,44.22777557373047,45.70505142211914,11781900.0
2016-11-29,47.21247482299805,48.0566291809082,46.730098724365234,47.78529357910156,30401751.0
2016-11-30,47.99633407592773,48.177223205566406,46.18742752075195,46.699951171875,18374318.0
2016-12-01,46.48891067504883,46.5793571472168,43.41376876831055,43.89614486694336,26002529.0
2016-12-02,42.840946197509766,44.61970520019531,42.840946197509766,44.2880744934082,20736785.0
2016-12-05,43.80569839477539,44.770450592041016,43.23287963867188,43.80569839477539,12508491.0
2016-12-06,43.80569839477539,45.01163864135742,43.80569839477539,44.86089324951172,9062100.0
2016-12-07,45.041786193847656,46.18742752075195,44.58955764770508,45.49401092529297,18938594.0
2016-12-08,45.85579299926758,46.458763122558594,45.70505142211914,46.21757507324219,7807429.0
2016-12-09,46.15727615356445,46.669803619384766,45.70505142211914,46.30802154541016,7292205.0
2016-12-12,45.825645446777344,46.15727615356445,44.92119216918945,45.58445739746094,10482964.0
2016-12-13,45.58445739746094,46.63965225219727,45.5241584777832,46.458763122558594,9269643.0
2016-12-14,46.39846420288086,46.941139221191406,45.79549789428711,46.51905822753906,11462353.0
2016-12-15,45.58445739746094,46.730098724365234,45.58445739746094,46.39846420288086,7604637.0
2016-12-16,46.42861557006836,46.54920959472656,45.373416900634766,45.94623947143555,8598602.0
2016-12-19,45.825645446777344,46.51905822753906,45.70505142211914,46.06683349609375,8248994.0
2016-12-20,46.21757507324219,46.21757507324219,44.01673889160156,44.16748046875,14011555.0
2016-12-21,44.49911117553711,45.01163864135742,43.41376876831055,43.865997314453125,8829971.0
2016-12-22,43.59466171264648,43.80569839477539,42.87109756469727,43.11228561401367,7499187.0
2016-12-23,43.41376876831055,43.41376876831055,42.509315490722656,42.69020462036133,6350747.0
2016-12-26,43.08213424682617,43.08213424682617,41.665157318115234,41.84605026245117,5880229.0
2016-12-27,41.876197814941406,42.41886901855469,41.09233856201172,42.20783233642578,8138540.0
2016-12-28,42.237979888916016,43.41376876831055,42.237979888916016,43.05198669433594,11903314.0
2016-12-29,43.05198669433594,44.07703399658203,42.69020462036133,43.865997314453125,18444284.0
2016-12-30,44.07703399658203,44.95133972167969,43.50421524047852,44.71015167236328,10207703.0
2017-01-02,44.92119216918945,45.61460494995117,44.25792694091797,45.192527770996094,5493852.0
2017-01-03,45.16238021850586,45.49401092529297,43.9262924194336,44.25792694091797,6718645.0
2017-01-04,43.9262924194336,45.102081298828125,43.53436279296875,44.71015167236328,8028185.0
2017-01-05,44.61970520019531,45.34326934814453,44.25792694091797,45.102081298828125,8708757.0
2017-01-06,44.49911117553711,45.16238021850586,43.835845947265625,43.95643997192383,8610986.0
2017-01-09,44.2880744934082,44.92119216918945,44.01673889160156,44.68000411987305,4661088.0
2017-01-10,45.22267532348633,45.22267532348633,44.43881607055664,44.92119216918945,3731546.0
2017-01-11,45.041786193847656,45.49401092529297,44.770450592041016,44.98148727416992,4685993.0
2017-01-12,44.89104461669922,44.92119216918945,43.0218391418457,43.50421524047852,25114784.0
2017-01-13,43.41376876831055,43.41376876831055,39.976844787597656,41.48426818847656,44687637.0
2017-01-16,41.90634536743164,42.41886901855469,41.54456329345703,42.14753341674805,9097571.0
2017-01-17,42.17768096923828,42.35857391357422,41.54456329345703,41.7556037902832,8963624.0
2017-01-18,41.81590270996094,41.966644287109375,40.30847930908203,40.67026138305664,16033384.0
2017-01-19,40.57981491088867,42.11738586425781,40.30847930908203,41.81590270996094,35580405.0
2017-01-20,41.90634536743164,43.77555084228516,41.90634536743164,43.11228561401367,45487096.0
2017-01-23,43.05198669433594,44.408668518066406,42.44901657104492,44.22777557373047,26839368.0
2017-01-24,44.31822204589844,45.97638702392578,44.25792694091797,45.76534652709961,28162763.0
2017-01-25,45.49401092529297,46.36831665039063,44.46896362304688,45.91608810424805,41302291.0
2017-01-27,45.825645446777344,47.18232345581055,45.61460494995117,47.03158187866211,13221792.0
2017-01-30,48.11692810058594,60.77927780151367,47.93603515625,58.91007232666016,256834964.0
2017-01-31,61.02046585083008,71.75331115722656,58.97037124633789,66.38688659667969,469432154.0
2017-02-01,66.50748443603516,67.53253173828125,62.799224853515625,64.75887298583984,110707828.0
2017-02-02,64.48753356933594,69.22084045410156,63.37204360961914,66.20600128173828,105300886.0
2017-02-03,67.23104858398438,68.70832061767578,65.66332244873047,65.99495697021484,43953225.0
2017-02-06,66.92955780029297,67.1104507446289,64.24634552001953,65.3618392944336,45273903.0
2017-02-07,65.72362518310547,65.96481323242188,64.3367919921875,64.72872161865234,27192561.0
2017-02-08,64.81916809082031,66.92955780029297,64.5779800415039,66.05525970458984,50019379.0
2017-02-09,66.6280746459961,66.92955780029297,65.54273223876953,66.68836975097656,22629650.0
2017-02-10,67.32148742675781,67.41193389892578,66.14569854736328,66.59793090820312,19083632.0
2017-02-13,63.31174850463867,65.72362518310547,62.88966751098633,64.66842651367188,31791555.0
2017-02-14,64.69857788085938,67.65312194824219,63.79412078857422,66.26629638671875,33262488.0
2017-02-15,66.02510833740234,66.17584991455078,64.30664825439453,64.69857788085938,16221397.0
2017-02-16,64.66842651367188,65.90451049804688,64.00515747070312,65.03020477294922,12264358.0
2017-02-17,63.52278518676758,65.12065124511719,61.29180145263672,63.85441970825195,45604180.0
2017-02-20,67.1104507446289,67.38179016113281,64.78902435302734,65.3919906616211,38531482.0
2017-02-21,65.72362518310547,66.38688659667969,64.27649688720703,65.33169555664062,33579416.0
2017-02-22,65.12065124511719,68.94950866699219,64.6081314086914,67.8943099975586,40840187.0
2017-02-23,69.4017333984375,73.80340576171875,69.4017333984375,72.11509704589844,151788854.0
2017-02-27,71.45182800292969,71.75331115722656,68.1656494140625,69.07009887695312,33410099.0
2017-02-28,66.50748443603516,70.6378173828125,65.78392028808594,69.85395812988281,91036048.0
2017-03-01,69.34143829345703,69.88410949707031,67.53253173828125,68.28623962402344,27706708.0
2017-03-02,68.4068374633789,68.88921356201172,65.21109771728516,66.08540344238281,34664505.0
2017-03-03,66.32659149169922,68.01490783691406,65.90451049804688,66.6582260131836,21911326.0
2017-03-06,66.839111328125,67.44208526611328,64.84931945800781,66.17584991455078,22520424.0
2017-03-07,66.32659149169922,66.71852111816406,65.03020477294922,65.48243713378906,17581337.0
2017-03-08,65.33169555664062,65.69347381591797,63.492637634277344,64.03530883789062,19948495.0
2017-03-09,64.03530883789062,64.03530883789062,62.10580825805664,62.67863082885742,19677707.0
2017-03-10,62.708778381347656,64.45738983154297,62.40729141235352,62.859519958496094,23115081.0
2017-03-14,65.09050750732422,65.09050750732422,61.32194900512695,62.13595581054688,38146085.0
2017-03-15,62.22640228271485,70.21574401855469,62.16610336303711,68.19579315185547,104480406.0
2017-03-16,68.3465347290039,69.46202850341797,67.1104507446289,68.1053466796875,61015466.0
2017-03-17,68.73846435546875,68.73846435546875,64.51768493652344,65.18095397949219,47771567.0
2017-03-20,66.26629638671875,74.4666748046875,55.68418884277344,58.91007232666016,333067878.0
2017-03-21,59.09096145629883,59.12111282348633,54.32750701904297,56.04597091674805,146940834.0
2017-03-22,54.59884262084961,56.5283432006836,53.965728759765625,55.05107116699219,90786943.0
2017-03-23,55.71433639526367,55.83493041992188,54.930477142333984,55.23196029663086,49934311.0
2017-03-24,55.59374237060547,55.83493041992188,54.508399963378906,54.80988311767578,46996293.0
2017-03-27,54.508399963378906,54.80988311767578,52.27741241455078,52.82008743286133,38417380.0
2017-03-28,52.940677642822266,54.2672119140625,52.85023498535156,53.36275863647461,29814410.0
2017-03-29,53.72454071044922,54.08632278442383,53.27231216430664,53.603946685791016,42318820.0
2017-03-30,53.603946685791016,53.875282287597656,52.12667083740234,52.48845291137695,73393473.0
2017-03-31,52.45830535888672,52.48845291137695,51.43325805664063,51.76488876342773,45933056.0
2017-04-03,51.674442291259766,51.91563034057617,50.95088195800781,51.31266403198242,26191191.0
2017-04-05,51.31266403198242,53.242164611816406,51.25236511230469,52.91053009033203,31850001.0
2017-04-06,53.06127166748047,53.66424179077149,52.00607681274414,52.21711730957031,19963123.0
2017-04-07,52.7597885131836,53.965728759765625,52.54875183105469,52.82008743286133,47122968.0
2017-04-10,53.15171813964844,53.30245971679688,52.48845291137695,53.06127166748047,17118391.0
2017-04-11,53.06127166748047,53.78483581542969,52.91053009033203,53.48335266113281,11790051.0
2017-04-12,53.33260726928711,53.42305374145508,52.09652328491211,52.27741241455078,11521696.0
2017-04-13,52.45830535888672,52.85023498535156,51.76488876342773,51.94578170776367,8598591.0
2017-04-17,52.27741241455078,52.27741241455078,51.31266403198242,51.88548278808594,12023010.0
2017-04-18,51.94578170776367,53.18186569213867,51.79503631591797,51.97592926025391,19029345.0
2017-04-19,52.36785888671875,52.45830535888672,51.58399963378906,51.97592926025391,8428993.0
2017-04-20,51.8553352355957,52.39800643920898,50.83028793334961,51.04132843017578,9408297.0
2017-04-21,51.49355316162109,51.97592926025391,51.19207000732422,51.43325805664063,9483822.0
2017-04-24,51.97592926025391,51.97592926025391,50.95088195800781,51.25236511230469,6679568.0
2017-04-25,51.55385208129883,52.12667083740234,51.10162353515625,51.403106689453125,21650157.0
2017-04-26,52.00607681274414,52.00607681274414,51.403106689453125,51.674442291259766,10540828.0
2017-04-27,51.79503631591797,52.24726486206055,51.13177108764648,51.342811584472656,16743447.0
2017-04-28,51.6141471862793,51.97592926025391,51.25236511230469,51.82518768310547,11416253.0
2017-05-02,51.8553352355957,51.97592926025391,50.95088195800781,51.071475982666016,7846238.0
2017-05-03,51.46340560913086,51.49355316162109,50.227317810058594,50.528804779052734,9108562.0
2017-05-04,50.64939880371094,50.95088195800781,49.41331100463867,50.25746536254883,7338814.0
2017-05-05,49.83538818359375,49.89568710327149,48.961082458496094,49.443458557128906,11543491.0
2017-05-08,48.539005279541016,55.111366271972656,48.539005279541016,52.82008743286133,31060277.0
2017-05-09,52.85023498535156,53.51350021362305,51.6141471862793,52.45830535888672,14248105.0
2017-05-10,51.88548278808594,55.71433639526367,51.674442291259766,54.68928909301758,41110634.0
2017-05-11,55.47314834594727,55.6540412902832,52.91053009033203,54.74958419799805,29239377.0
2017-05-12,54.80988311767578,56.07611846923828,54.44810104370117,55.68418884277344,26023948.0
2017-05-15,55.47314834594727,56.28715515136719,50.98102951049805,51.88548278808594,68788283.0
2017-05-16,52.15681838989258,53.06127166748047,51.28251647949219,52.940677642822266,24432620.0
2017-05-17,53.0009765625,53.0009765625,51.97592926025391,52.57889938354492,19195382.0
2017-05-18,51.97592926025391,53.03112411499024,51.7347412109375,52.48845291137695,14244446.0
2017-05-19,53.06127166748047,53.66424179077149,52.45830535888672,53.0009765625,10998578.0
2017-05-22,53.06127166748047,53.39290618896485,52.51860046386719,52.91053009033203,8346468.0
2017-05-23,52.91053009033203,53.15171813964844,50.438358306884766,50.98102951049805,11409791.0
2017-05-24,51.13177108764648,51.161922454833984,46.277870178222656,47.51395797729492,22323893.0
2017-05-25,47.09188079833984,48.41841125488281,45.70505142211914,47.6948471069336,25532855.0
2017-05-26,47.6948471069336,48.87063980102539,47.6948471069336,48.0867805480957,10181609.0
2017-05-29,48.84048843383789,49.02138137817383,46.88084030151367,47.78529357910156,9266205.0
2017-05-30,48.02648162841797,48.59930038452149,47.03158187866211,47.574256896972656,18720767.0
2017-05-31,47.93603515625,48.539005279541016,47.33306884765625,48.23752212524414,27746873.0
2017-06-01,47.78529357910156,48.68974685668945,47.48381042480469,47.93603515625,8759133.0
2017-06-02,48.23752212524414,48.84048843383789,47.99633407592773,48.20737457275391,11689263.0
2017-06-05,48.23752212524414,49.50375747680664,48.177223205566406,49.26256942749024,12229306.0
2017-06-06,49.26256942749024,49.41331100463867,47.99633407592773,48.29781723022461,7075244.0
2017-06-07,48.29781723022461,48.62945175170898,47.24262237548828,47.574256896972656,9890330.0
2017-06-08,47.634552001953125,48.539005279541016,47.24262237548828,47.905887603759766,11045584.0
2017-06-09,47.634552001953125,47.905887603759766,47.21247482299805,47.60440444946289,5992808.0
2017-06-12,47.51395797729492,48.0867805480957,47.15217590332031,47.66469955444336,7286480.0
2017-06-13,47.634552001953125,47.9661865234375,47.36321640014648,47.6948471069336,8690932.0
2017-06-14,47.6948471069336,47.78529357910156,46.006534576416016,46.458763122558594,18189158.0
2017-06-15,46.60950469970703,46.88084030151367,46.006534576416016,46.15727615356445,8815928.0
2017-06-16,46.36831665039063,47.9661865234375,45.88594055175781,46.88084030151367,30216461.0
2017-06-19,47.45366287231445,49.14197540283203,46.730098724365234,48.02648162841797,18025756.0
2017-06-20,47.18232345581055,49.68464660644531,47.18232345581055,49.53390502929688,18819537.0
2017-06-21,49.0816764831543,50.13687133789063,48.41841125488281,48.68974685668945,11599741.0
2017-06-22,48.810340881347656,49.2022705078125,48.02648162841797,48.38826370239258,8622199.0
2017-06-23,48.50885772705078,48.65959930419922,47.45366287231445,47.8455924987793,7002807.0
2017-06-27,47.93603515625,49.14197540283203,47.8455924987793,48.93093490600586,8869473.0
2017-06-28,49.29271697998047,50.83028793334961,48.65959930419922,50.3479118347168,13390371.0
2017-06-29,50.61924743652344,51.52370071411133,50.227317810058594,50.86043548583984,32724410.0
2017-06-30,50.55895233154297,51.674442291259766,49.80524063110352,51.403106689453125,16390901.0
2017-07-03,51.403106689453125,52.82008743286133,50.73984146118164,51.94578170776367,16762842.0
2017-07-04,51.82518768310547,51.91563034057617,50.40821075439453,50.61924743652344,6324847.0
2017-07-05,50.64939880371094,50.76999282836914,50.10672378540039,50.37805938720703,8658051.0
2017-07-06,50.498653411865234,50.64939880371094,49.594200134277344,49.74494552612305,7671263.0
2017-07-07,49.68464660644531,50.468505859375,49.3530158996582,50.25746536254883,8887748.0
2017-07-10,51.10162353515625,52.940677642822266,50.76999282836914,52.57889938354492,9913915.0
2017-07-11,52.27741241455078,53.90542984008789,50.5890998840332,50.83028793334961,34952134.0
2017-07-12,51.43325805664063,51.8553352355957,50.86043548583984,51.52370071411133,15534609.0
2017-07-13,52.00607681274414,53.242164611816406,52.00607681274414,52.940677642822266,25497731.0
2017-07-14,52.7597885131836,54.659141540527344,52.51860046386719,53.63409423828125,18164382.0
2017-07-17,53.66424179077149,53.99587631225586,53.06127166748047,53.603946685791016,10908009.0
2017-07-18,53.27231216430664,55.17166519165039,52.24726486206055,52.57889938354492,16668533.0
2017-07-19,53.06127166748047,58.065914154052734,52.91053009033203,57.372501373291016,64719553.0
2017-07-20,57.794578552246094,58.18650817871094,56.70923614501953,57.31220626831055,23155945.0
2017-07-21,57.55339050292969,57.55339050292969,53.1215705871582,55.44300079345703,69449680.0
2017-07-24,54.568695068359375,55.98567199707031,53.875282287597656,55.35255432128906,25302606.0
2017-07-25,56.98057174682617,60.11601257324219,56.6790885925293,58.91007232666016,89275240.0
2017-07-26,59.09096145629883,59.21155548095703,56.37760162353516,57.010719299316406,27567134.0
2017-07-27,56.95042419433594,58.91007232666016,54.930477142333984,55.92537689208984,58738664.0
2017-07-28,52.78993606567383,58.30710220336914,52.78993606567383,57.61368942260742,59308460.0
2017-07-31,57.22175979614258,57.61368942260742,55.533447265625,55.74448394775391,21495447.0
2017-08-01,56.61878967285156,56.61878967285156,55.17166519165039,55.80478286743164,17048268.0
2017-08-02,56.04597091674805,56.58864212036133,55.26211166381836,55.68418884277344,13747431.0
2017-08-03,56.31730651855469,56.98057174682617,55.38270568847656,56.22686004638672,17089992.0
2017-08-04,56.07611846923828,56.40774917602539,54.53854751586914,55.89522933959961,15380907.0
2017-08-07,55.95552444458008,56.82983016967773,55.92537689208984,56.10626602172852,8125332.0
2017-08-08,57.16146469116211,57.28205490112305,54.99077224731445,55.26211166381836,22242021.0
2017-08-09,55.26211166381836,55.89522933959961,54.62899398803711,54.90032958984375,8525439.0
2017-08-10,54.74958419799805,56.07611846923828,52.18696975708008,53.03112411499024,17343624.0
2017-08-11,52.45830535888672,53.603946685791016,51.52370071411133,51.97592926025391,11774072.0
2017-08-14,52.06637573242188,52.970829010009766,51.13177108764648,52.036224365234375,12622950.0
2017-08-16,51.70459365844727,52.699493408203125,51.64429473876953,52.42815780639648,9050478.0
2017-08-17,53.0009765625,54.3878059387207,52.45830535888672,53.875282287597656,14729891.0
2017-08-18,53.57379531860352,55.533447265625,53.09142303466797,54.44810104370117,14900984.0
2017-08-21,54.2672119140625,55.08121871948242,53.45320129394531,53.81498336791992,6834394.0
2017-08-22,54.206912994384766,54.41795349121094,52.63919448852539,53.03112411499024,11910764.0
2017-08-23,53.54364776611328,54.930477142333984,52.7597885131836,54.568695068359375,12117076.0
2017-08-24,54.026023864746094,54.68928909301758,53.81498336791992,54.2672119140625,5181098.0
2017-08-28,54.05617141723633,54.99077224731445,53.99587631225586,54.17676544189453,8689262.0
2017-08-29,54.2672119140625,54.2672119140625,52.27741241455078,52.72964096069336,12075253.0
2017-08-30,53.06127166748047,53.603946685791016,52.7597885131836,53.06127166748047,5182788.0
2017-08-31,53.06127166748047,55.14151763916016,52.57889938354492,54.659141540527344,21526762.0
2017-09-01,54.87017822265625,55.05107116699219,53.36275863647461,53.48335266113281,9790741.0
2017-09-04,53.36275863647461,53.81498336791992,51.76488876342773,52.39800643920898,15775439.0
2017-09-05,52.45830535888672,52.82008743286133,50.83028793334961,51.04132843017578,14513735.0
2017-09-06,50.95088195800781,50.95088195800781,49.2022705078125,49.3228645324707,20699497.0
2017-09-07,49.56405258178711,49.80524063110352,48.38826370239258,48.65959930419922,13045864.0
2017-09-08,49.3530158996582,49.443458557128906,47.8154411315918,47.99633407592773,14589271.0
2017-09-11,48.35811614990234,48.56915283203125,47.24262237548828,47.42351150512695,11030070.0
2017-09-12,47.45366287231445,48.0566291809082,46.42861557006836,47.45366287231445,25670910.0
2017-09-13,47.8455924987793,50.92073440551758,47.39336395263672,49.80524063110352,52454751.0
2017-09-14,49.98612976074219,50.28761672973633,48.961082458496094,49.26256942749024,14025629.0
2017-09-15,48.56915283203125,49.71479415893555,47.78529357910156,48.02648162841797,27532046.0
2017-09-18,48.84048843383789,50.13687133789063,48.65959930419922,49.77509307861328,17173557.0
2017-09-19,49.71479415893555,50.438358306884766,49.47360610961914,50.167022705078125,16416193.0
2017-09-20,46.42861557006836,49.0816764831543,46.42861557006836,48.32796478271485,43154301.0
2017-09-21,48.23752212524414,48.9912338256836,47.33306884765625,48.38826370239258,15369444.0
2017-09-22,47.634552001953125,48.0867805480957,47.03158187866211,47.15217590332031,11535154.0
2017-09-25,47.60440444946289,47.60440444946289,45.25282287597656,45.85579299926758,14637912.0
2017-09-26,45.88594055175781,46.458763122558594,45.58445739746094,45.85579299926758,6541302.0
2017-09-27,45.5241584777832,46.12712860107422,45.07193374633789,45.463863372802734,11959242.0
2017-09-28,45.674903869628906,46.12712860107422,45.192527770996094,45.61460494995117,10831140.0
2017-09-29,45.70505142211914,47.03158187866211,45.403568267822266,46.699951171875,10813137.0
2017-10-03,47.45366287231445,47.45366287231445,45.49401092529297,45.76534652709961,7819496.0
2017-10-04,45.94623947143555,45.94623947143555,44.19762802124024,44.74029922485352,10170534.0
2017-10-05,44.74029922485352,45.01163864135742,44.2880744934082,44.46896362304688,11285906.0
2017-10-06,44.64985656738281,44.80059814453125,44.19762802124024,44.52926254272461,6929085.0
2017-10-09,44.74029922485352,45.644752502441406,44.55941009521485,44.74029922485352,6863175.0
2017-10-10,45.041786193847656,45.16238021850586,43.08213424682617,43.98658752441406,11202814.0
2017-10-11,44.68000411987305,45.825645446777344,43.71525192260742,44.137332916259766,16654966.0
2017-10-12,44.378517150878906,45.132232666015625,44.01673889160156,44.95133972167969,8467163.0
2017-10-13,45.61460494995117,48.59930038452149,45.403568267822266,47.574256896972656,46243573.0
2017-10-16,47.634552001953125,50.37805938720703,47.634552001953125,50.10672378540039,49089525.0
2017-10-17,50.5890998840332,54.87017822265625,49.77509307861328,54.2672119140625,70609667.0
2017-10-18,54.2672119140625,55.292259216308594,52.33771133422852,53.48335266113281,41522683.0
2017-10-19,53.66424179077149,55.4128532409668,53.66424179077149,55.02092361450195,13057631.0
2017-10-23,55.23196029663086,59.84467315673828,55.23196029663086,59.1814079284668,99587599.0
2017-10-24,59.75423049926758,60.80942535400391,58.24680709838867,59.39244842529297,49765152.0
2017-10-25,59.93511962890625,60.53808975219727,57.010719299316406,59.72407913208008,32948125.0
2017-10-26,59.1814079284668,60.176307678222656,58.005619049072266,58.30710220336914,25670670.0
2017-10-27,58.39754867553711,58.63873672485352,55.774635314941406,56.07611846923828,20174719.0
2017-10-30,56.49819564819336,57.58354187011719,56.07611846923828,57.13131332397461,16623159.0
2017-10-31,57.46294784545898,57.58354187011719,55.6540412902832,55.98567199707031,14299343.0
2017-11-01,56.85997772216797,60.41749572753906,56.468048095703125,59.69393157958984,63878684.0
2017-11-02,60.29690170288086,64.81916809082031,60.05571365356445,64.3367919921875,76280957.0
2017-11-03,64.51768493652344,66.80896759033203,63.2213020324707,63.944862365722656,53788980.0
2017-11-06,64.06546020507812,64.0956039428711,60.29690170288086,60.62853240966797,25024988.0
2017-11-07,61.17120742797852,61.98521423339844,57.94532012939453,58.66888427734375,32484426.0
2017-11-08,58.97037124633789,61.20135498046875,57.76443099975586,59.57333755493164,27826894.0
2017-11-09,61.26165390014648,61.98521423339844,57.04087066650391,58.276954650878906,38735068.0
2017-11-10,59.09096145629883,59.362300872802734,57.43280029296875,58.48799514770508,23175552.0
2017-11-13,59.57333755493164,59.633636474609375,54.99077224731445,56.28715515136719,36138062.0
2017-11-14,56.07611846923828,56.49819564819336,54.90032958984375,55.774635314941406,26513131.0
2017-11-15,55.774635314941406,57.46294784545898,55.38270568847656,56.43790054321289,23708249.0
2017-11-16,56.25700759887695,58.24680709838867,55.80478286743164,57.88502502441406,15773442.0
2017-11-17,57.9151725769043,59.15126037597656,56.76953125,57.40264892578125,20045074.0
2017-11-20,57.28205490112305,61.47269058227539,56.98057174682617,60.96016693115234,43786057.0
2017-11-21,61.804325103759766,61.92491912841797,59.995418548583984,60.80942535400391,28758691.0
2017-11-22,61.502838134765625,62.075660705566406,58.69903564453125,59.362300872802734,28254114.0
2017-11-23,59.543190002441406,60.41749572753906,57.70413589477539,57.94532012939453,30345962.0
2017-11-24,57.94532012939453,58.91007232666016,56.6790885925293,57.101165771484375,22616725.0
2017-11-27,56.739383697509766,58.427696228027344,56.16656494140625,57.94532012939453,26659625.0
2017-11-28,57.94532012939453,58.427696228027344,57.04087066650391,57.43280029296875,15578510.0
2017-11-29,57.70413589477539,57.794578552246094,56.10626602172852,56.31730651855469,15907228.0
2017-11-30,56.10626602172852,57.43280029296875,55.62389373779297,56.95042419433594,45208972.0
2017-12-01,56.98057174682617,57.22175979614258,56.01581954956055,56.22686004638672,17097261.0
2017-12-04,56.25700759887695,56.85997772216797,55.68418884277344,56.13641357421875,7613870.0
2017-12-05,56.19671249389648,56.6489372253418,55.47314834594727,56.43790054321289,9083425.0
2017-12-06,56.04597091674805,57.07101821899414,55.98567199707031,56.13641357421875,10910832.0
2017-12-07,56.13641357421875,59.09096145629883,55.89522933959961,58.75933074951172,23212076.0
2017-12-08,59.09096145629883,59.66378402709961,57.58354187011719,58.005619049072266,19950381.0
2017-12-11,58.30710220336914,58.91007232666016,57.49309539794922,57.734283447265625,9730181.0
2017-12-12,57.734283447265625,58.18650817871094,56.07611846923828,56.28715515136719,10195857.0
2017-12-13,57.28205490112305,57.28205490112305,55.62389373779297,55.95552444458008,10122445.0
2017-12-14,56.40774917602539,57.010719299316406,54.99077224731445,56.6489372253418,10724506.0
2017-12-15,57.25190734863281,57.28205490112305,56.40774917602539,56.61878967285156,7742079.0
2017-12-18,56.5283432006836,58.005619049072266,53.965728759765625,57.25190734863281,13102237.0
2017-12-19,57.34235382080078,59.78437805175781,56.7996826171875,59.45274353027344,16761789.0
2017-12-20,59.12111282348633,60.23660659790039,58.51814270019531,59.000518798828125,15424853.0
2017-12-21,59.15126037597656,62.04551315307617,58.63873672485352,61.23150253295898,27867808.0
2017-12-22,60.83957290649414,61.23150253295898,60.05571365356445,60.6888313293457,12747605.0
2017-12-26,60.47779083251953,61.804325103759766,60.08586120605469,61.44254302978516,12780396.0
2017-12-27,61.20135498046875,63.25144958496094,60.35719680786133,61.05061340332031,18923308.0
2017-12-28,61.08076095581055,62.55803680419922,60.59838485717773,61.74402618408203,24937329.0
2017-12-29,62.10580825805664,65.66332244873047,61.65358352661133,65.21109771728516,38445641.0
2018-01-01,64.75887298583984,65.21109771728516,62.73892593383789,63.070560455322266,17357407.0
2018-01-02,64.0956039428711,64.0956039428711,59.904972076416016,60.71897888183594,29025353.0
2018-01-03,60.89987182617188,62.64847946166992,60.89987182617188,61.92491912841797,18190971.0
2018-01-04,62.37714385986328,63.673526763916016,61.38224411010742,63.040409088134766,20726950.0
2018-01-05,65.12065124511719,71.6930160522461,64.81916809082031,69.82381439208984,131617408.0
2018-01-08,66.38688659667969,68.58772277832031,64.93976593017578,65.75376892089844,61767898.0
2018-01-09,66.11555480957031,67.98475646972656,64.72872161865234,65.48243713378906,45863628.0
2018-01-10,68.135498046875,68.28623962402344,64.00515747070312,64.72872161865234,38299116.0
2018-01-11,64.51768493652344,65.72362518310547,64.03530883789062,64.6081314086914,21678340.0
2018-01-12,64.63827514648438,66.35674285888672,61.41239547729492,65.48243713378906,44095180.0
2018-01-15,65.57288360595703,65.57288360595703,62.61833190917969,63.070560455322266,25446851.0
2018-01-16,63.341896057128906,64.3970947265625,61.65358352661133,61.98521423339844,26621036.0
2018-01-17,62.16610336303711,62.799224853515625,60.80942535400391,62.40729141235352,17444592.0
2018-01-18,62.52788543701172,62.91981887817383,59.84467315673828,60.96016693115234,23237961.0
2018-01-19,60.96016693115234,62.31684875488281,59.81452560424805,61.68373107910156,17381760.0
2018-01-22,61.62343215942383,61.62343215942383,59.75423049926758,59.995418548583984,12482155.0
2018-01-23,60.14616012573242,61.38224411010742,59.57333755493164,59.904972076416016,16250521.0
2018-01-24,59.09096145629883,59.69393157958984,55.92537689208984,56.61878967285156,60828544.0
2018-01-25,55.292259216308594,58.75933074951172,55.292259216308594,57.34235382080078,42117117.0
2018-01-29,56.61878967285156,57.61368942260742,54.99077224731445,56.43790054321289,38613544.0
2018-01-30,56.07611846923828,57.643836975097656,55.59374237060547,56.6790885925293,23236633.0
2018-01-31,56.6790885925293,57.94532012939453,55.47314834594727,56.13641357421875,25276787.0
2018-02-01,56.37760162353516,56.40774917602539,54.478248596191406,55.05107116699219,16226034.0
2018-02-02,54.930477142333984,54.930477142333984,52.669342041015625,53.242164611816406,38985571.0
2018-02-05,52.45830535888672,53.84513473510742,52.21711730957031,52.78993606567383,23298439.0
2018-02-06,50.528804779052734,51.82518768310547,48.23752212524414,51.25236511230469,35684219.0
2018-02-07,52.27741241455078,52.60904693603516,50.167022705078125,50.83028793334961,23610766.0
2018-02-08,50.95088195800781,52.82008743286133,50.64939880371094,51.58399963378906,25446848.0
2018-02-09,50.800140380859375,51.403106689453125,50.19717025756836,50.468505859375,21668728.0
2018-02-12,50.890586853027344,52.036224365234375,50.19717025756836,50.95088195800781,30448166.0
2018-02-14,52.036224365234375,52.42815780639648,50.95088195800781,51.13177108764648,22196271.0
2018-02-15,51.55385208129883,51.76488876342773,49.80524063110352,50.10672378540039,13716233.0
2018-02-16,50.10672378540039,50.709693908691406,48.93093490600586,49.47360610961914,14714553.0
2018-02-19,49.77509307861328,50.01628112792969,48.68974685668945,49.74494552612305,11469119.0
2018-02-20,50.04642868041992,51.01118087768555,49.74494552612305,50.64939880371094,12240413.0
2018-02-21,51.071475982666016,51.071475982666016,49.89568710327149,50.10672378540039,11717344.0
2018-02-22,50.04642868041992,50.13687133789063,48.62945175170898,48.961082458496094,16763551.0
2018-02-23,49.2022705078125,49.74494552612305,48.93093490600586,49.53390502929688,13357968.0
2018-02-26,49.80524063110352,50.3479118347168,49.3530158996582,49.65449905395508,15666153.0
2018-02-27,49.89568710327149,51.403106689453125,49.89568710327149,50.83028793334961,34360196.0
2018-02-28,50.83028793334961,51.25236511230469,49.83538818359375,50.5890998840332,74573821.0
2018-03-01,50.61924743652344,50.76999282836914,49.80524063110352,50.07657623291016,25085661.0
2018-03-05,50.28761672973633,50.28761672973633,49.172122955322266,49.77509307861328,15073917.0
2018-03-06,50.04642868041992,50.167022705078125,48.9912338256836,49.38316345214844,16314199.0
2018-03-07,49.443458557128906,49.865535736083984,46.5793571472168,48.0566291809082,22678239.0
2018-03-08,49.443458557128906,49.98612976074219,47.36321640014648,48.02648162841797,33250438.0
2018-03-09,48.44855880737305,48.56915283203125,47.33306884765625,47.54410552978516,12098696.0
2018-03-12,47.75514602661133,48.20737457275391,46.15727615356445,47.33306884765625,19049889.0
2018-03-13,47.30291748046875,49.172122955322266,47.09188079833984,48.62945175170898,25303467.0
2018-03-14,48.75004577636719,49.14197540283203,47.99633407592773,48.9912338256836,13815412.0
2018-03-15,48.84048843383789,49.56405258178711,48.0867805480957,48.32796478271485,12103368.0
2018-03-16,48.177223205566406,50.04642868041992,47.72499847412109,48.87063980102539,28101428.0
2018-03-19,48.84048843383789,49.02138137817383,46.36831665039063,46.91098785400391,18329578.0
2018-03-20,46.18742752075195,47.12202835083008,45.91608810424805,46.51905822753906,20595033.0
2018-03-21,47.15217590332031,48.23752212524414,46.76024627685547,47.72499847412109,11950167.0
2018-03-22,47.39336395263672,48.0867805480957,46.277870178222656,46.7903938293457,10906059.0
2018-03-23,46.699951171875,47.15217590332031,44.95133972167969,46.8205451965332,22106109.0
2018-03-26,46.54920959472656,48.59930038452149,46.36831665039063,48.44855880737305,14621776.0
2018-03-27,48.44855880737305,49.232421875,48.0566291809082,48.59930038452149,11045841.0
2018-03-28,48.62945175170898,48.65959930419922,45.4337158203125,45.76534652709961,31435288.0
2018-04-02,46.24772262573242,47.12202835083008,45.61460494995117,46.91098785400391,9086088.0
2018-04-03,46.33816909790039,47.03158187866211,46.12712860107422,46.63965225219727,11900621.0
2018-04-04,47.03158187866211,47.27276992797852,45.58445739746094,46.18742752075195,12648900.0
2018-04-05,46.458763122558594,46.85069274902344,45.825645446777344,46.36831665039063,15292566.0
2018-04-06,46.277870178222656,46.36831665039063,45.07193374633789,45.192527770996094,15890534.0
2018-04-09,44.92119216918945,45.4337158203125,44.34836959838867,45.132232666015625,16454997.0
2018-04-10,45.34326934814453,45.5241584777832,44.34836959838867,44.58955764770508,15784731.0
2018-04-11,44.61970520019531,45.34326934814453,44.34836959838867,44.58955764770508,12530788.0
2018-04-12,44.61970520019531,44.74029922485352,43.47406768798828,44.107181549072266,13446105.0
2018-04-13,44.01673889160156,44.80059814453125,43.35347366333008,43.50421524047852,17108205.0
2018-04-16,43.41376876831055,43.41376876831055,42.59976196289063,42.99169158935547,13076270.0
2018-04-17,43.08213424682617,44.58955764770508,42.81079864501953,43.08213424682617,35393921.0
2018-04-18,43.41376876831055,43.68510437011719,42.99169158935547,43.11228561401367,50721897.0
2018-04-19,43.38362121582031,43.41376876831055,42.26812744140625,42.7806510925293,21975760.0
2018-04-20,42.93139266967773,43.38362121582031,42.47916793823242,42.72035598754883,13604687.0
2018-04-23,43.23287963867188,43.59466171264648,42.62990951538086,43.202728271484375,16682182.0
2018-04-24,42.99169158935547,43.17258071899414,42.29827499389648,42.840946197509766,17517487.0
2018-04-25,43.38362121582031,43.835845947265625,42.62990951538086,43.05198669433594,27365137.0
2018-04-26,43.17258071899414,43.26302719116211,40.73055648803711,41.24308013916016,55840371.0
2018-04-27,41.7556037902832,42.26812744140625,41.15263366699219,41.48426818847656,22499552.0
2018-04-30,43.32332229614258,43.32332229614258,41.06219100952149,41.695308685302734,26361750.0
2018-05-02,41.84605026245117,41.84605026245117,40.09743881225586,40.54966735839844,20988277.0
2018-05-03,40.5195198059082,40.67026138305664,38.28853225708008,38.55986785888672,37848208.0
2018-05-04,38.59001541137695,39.04224395751953,37.08259582519531,37.68556213378906,36580055.0
2018-05-07,38.01719665527344,38.22823333740234,37.44437789916992,37.625267028808594,16613470.0
2018-05-08,37.866455078125,37.866455078125,36.23843765258789,36.87155532836914,23283504.0
2018-05-09,36.7208137512207,37.23333740234375,36.359031677246094,36.570072174072266,14540465.0
2018-05-10,36.630367279052734,36.630367279052734,35.032501220703125,35.18324279785156,29120852.0
2018-05-11,35.12294387817383,35.12294387817383,30.60067749023437,30.99260711669922,131996627.0
2018-05-14,30.93231010437012,32.10810089111328,30.20874786376953,31.20364570617676,61728660.0
2018-05-15,31.05290412902832,32.43973159790039,30.93231010437012,32.01765441894531,40827212.0
2018-05-16,31.95735740661621,32.34928512573242,31.4749813079834,31.806615829467773,22120784.0
2018-05-17,31.68602180480957,32.31913757324219,31.5352783203125,31.746318817138672,25520564.0
2018-05-18,31.95735740661621,32.07794952392578,31.05290412902832,31.414684295654297,24378952.0
2018-05-21,31.5352783203125,32.16839599609375,31.32423973083496,31.866912841796875,12623648.0
2018-05-22,31.927209854125977,33.70596694946289,31.565427780151367,33.10300064086914,25035402.0
2018-05-23,33.16329574584961,33.826560974121094,32.59047317504883,32.95225524902344,19278657.0
2018-05-24,33.133148193359375,34.88175582885742,33.01255416870117,34.308937072753906,26412670.0
2018-05-25,34.88175582885742,36.93185043334961,34.369232177734375,36.02739715576172,47339433.0
2018-05-28,36.6906623840332,37.35393142700195,36.05754852294922,36.992149353027344,17733387.0
2018-05-29,37.08259582519531,38.107643127441406,36.75096130371094,37.56496810913086,28158972.0
2018-05-30,37.38407897949219,37.9870491027832,36.7208137512207,37.29363250732422,24563361.0
2018-05-31,37.38407897949219,37.9568977355957,36.44947814941406,37.08259582519531,39445809.0
2018-06-01,37.9870491027832,37.9870491027832,36.75096130371094,37.263484954833984,21289095.0
2018-06-04,37.866455078125,38.40912628173828,37.263484954833984,37.92675018310547,17778754.0
2018-06-05,38.49957275390625,38.49957275390625,33.34418487548828,34.097896575927734,65232976.0
2018-06-06,33.766265869140625,35.84650802612305,33.37433624267578,35.54502487182617,35831451.0
2018-06-07,35.575172424316406,37.59511947631836,35.575172424316406,37.263484954833984,24385838.0
2018-06-08,37.20318984985352,39.072391510009766,36.66051483154297,38.68046188354492,34926960.0
2018-06-11,39.0120964050293,39.40402603149414,38.04734420776367,38.43927383422852,20214212.0
2018-06-12,38.40912628173828,39.705509185791016,38.01719665527344,39.343727111816406,20916973.0
2018-06-13,38.801055908203125,38.89150238037109,36.75096130371094,37.08259582519531,36981631.0
2018-06-14,37.11274337768555,38.04734420776367,37.11274337768555,37.866455078125,16360180.0
2018-06-15,37.56496810913086,38.16793823242188,36.268585205078125,36.570072174072266,45304677.0
2018-06-18,37.80615615844727,38.107643127441406,37.20318984985352,37.53482055664063,28279930.0
2018-06-19,37.50467300415039,37.68556213378906,36.841407775878906,37.20318984985352,13384357.0
2018-06-20,37.92675018310547,37.9568977355957,36.93185043334961,37.08259582519531,14738105.0
2018-06-21,37.32378387451172,37.32378387451172,36.359031677246094,36.66051483154297,10189626.0
2018-06-22,36.78110885620117,36.841407775878906,36.268585205078125,36.50977325439453,9208239.0
2018-06-25,36.208290100097656,36.29873275756836,33.52507781982422,33.766265869140625,46858445.0
2018-06-26,33.766265869140625,35.18324279785156,33.28388977050781,34.94205474853516,42668122.0
2018-06-27,34.97220230102539,35.42443084716797,32.861812591552734,33.58537292480469,27450297.0
2018-06-28,33.58537292480469,34.61042022705078,33.042701721191406,34.1883430480957,29327932.0
2018-06-29,34.97220230102539,36.05754852294922,33.64567184448242,35.78620910644531,21911326.0
2018-07-02,35.51487350463867,35.54502487182617,33.55522537231445,34.399383544921875,18522046.0
2018-07-03,34.82146072387695,34.94205474853516,33.826560974121094,34.24863815307617,17076137.0
2018-07-04,34.24863815307617,34.42953109741211,33.193443298339844,33.25374221801758,16894066.0
2018-07-05,32.98240661621094,33.91700744628906,32.28899002075195,32.861812591552734,29269770.0
2018-07-06,32.500030517578125,33.34418487548828,32.43973159790039,32.98240661621094,15300192.0
2018-07-09,33.28388977050781,33.58537292480469,32.801513671875,32.9221076965332,11981756.0
2018-07-10,34.007450103759766,34.369232177734375,33.193443298339844,33.64567184448242,28328543.0
2018-07-11,33.88685989379883,33.88685989379883,31.746318817138672,32.59047317504883,28644810.0
2018-07-12,32.59047317504883,33.37433624267578,32.40958404541016,32.771366119384766,23978865.0
2018-07-13,32.771366119384766,32.98240661621094,31.866912841796875,32.16839599609375,31346313.0
2018-07-16,31.95735740661621,32.861812591552734,31.444833755493164,31.62572479248047,34576486.0
2018-07-17,31.655872344970703,32.07794952392578,31.05290412902832,31.62572479248047,36703816.0
2018-07-18,31.655872344970703,31.927209854125977,29.123403549194336,30.14845085144043,48534020.0
2018-07-19,30.14845085144043,30.63082695007324,29.364591598510746,30.38963890075684,14120596.0
2018-07-20,30.26904487609864,31.143348693847656,29.666074752807617,30.84186553955078,11940349.0
2018-07-23,30.72127151489257,31.927209854125977,30.35948944091797,31.68602180480957,14340483.0
2018-07-24,32.560325622558594,36.93185043334961,32.43973159790039,34.007450103759766,128891779.0
2018-07-25,34.097896575927734,34.12804412841797,32.9221076965332,33.10300064086914,26222194.0
2018-07-26,33.16329574584961,34.67071914672852,32.74121856689453,34.24863815307617,43421229.0
2018-07-27,34.97220230102539,36.75096130371094,33.766265869140625,33.97730255126953,77879654.0
2018-07-30,34.21849060058594,35.54502487182617,33.464778900146484,35.2133903503418,45718197.0
2018-07-31,33.9471549987793,34.85160827636719,32.74121856689453,33.07284927368164,73300512.0
2018-08-01,33.31403732299805,33.464778900146484,31.98750686645508,32.28899002075195,27600316.0
2018-08-02,32.560325622558594,32.98240661621094,32.07794952392578,32.801513671875,28561903.0
2018-08-03,33.16329574584961,33.79641342163086,32.89196014404297,33.28388977050781,20415952.0
2018-08-06,33.464778900146484,33.70596694946289,32.9221076965332,33.10300064086914,17173620.0
2018-08-07,33.16329574584961,33.464778900146484,32.65077209472656,33.16329574584961,13446257.0
2018-08-08,33.16329574584961,33.766265869140625,33.042701721191406,33.37433624267578,13158024.0
2018-08-09,33.193443298339844,34.42953109741211,33.16329574584961,33.97730255126953,19972973.0
2018-08-10,33.97730255126953,33.97730255126953,32.560325622558594,32.801513671875,16079307.0
2018-08-13,32.74121856689453,32.74121856689453,31.5352783203125,31.655872344970703,16079151.0
2018-08-14,31.716169357299805,32.07794952392578,31.233795166015625,31.354389190673828,14217269.0
2018-08-16,31.32423973083496,31.565427780151367,30.41978645324707,30.51023292541504,14081804.0
2018-08-17,30.63082695007324,31.05290412902832,30.48008346557617,30.69112205505371,13131507.0
2018-08-20,31.05290412902832,32.59047317504883,30.93231010437012,32.198543548583984,42678698.0
2018-08-21,32.6809196472168,33.133148193359375,31.5352783203125,31.89706039428711,38249830.0
2018-08-23,32.10810089111328,32.34928512573242,31.62572479248047,31.836763381958008,19888199.0
2018-08-24,31.89706039428711,32.01765441894531,31.143348693847656,31.444833755493164,16166863.0
2018-08-27,31.5352783203125,31.836763381958008,30.81171607971192,30.99260711669922,17781772.0
2018-08-28,31.113201141357425,31.32423973083496,30.60067749023437,30.81171607971192,20479977.0
2018-08-29,30.99260711669922,30.99260711669922,29.756521224975582,29.87711334228516,49828437.0
2018-08-30,29.93741035461425,30.35948944091797,29.424888610839844,30.05800437927246,76782643.0
2018-08-31,31.776466369628903,31.89706039428711,29.60577774047852,29.756521224975582,124109500.0
2018-09-03,30.41978645324707,31.5352783203125,29.967559814453125,30.78156852722168,69636317.0
2018-09-04,30.902162551879883,31.083051681518555,29.57563018798828,29.78666877746582,44277123.0
2018-09-05,29.907262802124023,30.23889541625977,28.24909782409668,28.88221549987793,52176755.0
2018-09-06,28.88221549987793,29.032957077026367,27.947614669799805,28.06820678710937,50456385.0
2018-09-07,28.06820678710937,28.7917709350586,27.495386123657227,28.279247283935547,50878667.0
2018-09-10,28.158653259277344,29.364591598510746,27.917465209960938,28.7917709350586,44041319.0
2018-09-11,28.821918487548828,29.063106536865234,27.555683135986328,27.85716819763184,35039349.0
2018-09-12,28.580730438232425,28.580730438232425,27.04315948486328,27.85716819763184,39430243.0
2018-09-14,27.947614669799805,28.30939483642578,27.7667236328125,27.947614669799805,29201158.0
2018-09-17,27.85716819763184,29.24399757385254,27.525535583496094,28.761621475219727,33568154.0
2018-09-18,29.15355110168457,29.213848114013672,27.7667236328125,27.887317657470703,26272963.0
2018-09-19,28.03805923461914,28.369691848754883,27.163753509521484,27.585832595825195,20055954.0
2018-09-21,27.7064266204834,27.887317657470703,24.842323303222656,27.40494155883789,86893900.0
2018-09-24,26.65122985839844,26.952714920043945,24.932767868041992,25.415143966674805,35452265.0
2018-09-25,25.02321434020996,25.204105377197266,23.81727600097656,24.420244216918945,41750493.0
2018-09-26,24.842323303222656,25.204105377197266,24.23935317993164,24.993064880371094,29852409.0
2018-09-27,24.993064880371094,24.993064880371094,23.12386131286621,23.21430778503418,50116341.0
2018-09-28,23.21430778503418,23.51579093933105,21.91792297363281,23.24445533752441,44536873.0
2018-10-01,23.365049362182617,23.54594039916992,22.581188201904297,23.365049362182617,31110707.0
2018-10-03,22.912822723388672,23.63638496398925,22.00836944580078,22.128963470458984,50898553.0
2018-10-04,21.70688438415528,22.340002059936523,19.9582748413086,20.380352020263672,56375899.0
2018-10-05,20.41050148010254,20.862728118896484,19.867828369140625,20.229610443115234,60041172.0
2018-10-08,20.41050148010254,20.651687622070312,19.62664031982422,20.289907455444336,36848738.0
2018-10-09,20.47079849243164,21.16421127319336,20.169313430786133,20.77228164672852,32218537.0
2018-10-10,20.651687622070312,21.97821998596192,19.928125381469727,21.73703384399414,48172660.0
2018-10-11,20.380352020263672,21.254657745361328,20.1391658782959,20.832578659057617,26206754.0
2018-10-12,21.10391426086425,22.00836944580078,21.073766708374023,21.67673683166504,24723275.0
2018-10-15,21.94807243347168,22.520891189575195,21.58629035949707,22.15911102294922,23337611.0
2018-10-16,22.128963470458984,22.581188201904297,21.91792297363281,22.309852600097656,16218153.0
2018-10-17,22.49074363708496,22.912822723388672,22.21940803527832,22.79222869873047,20761814.0
2018-10-19,22.731931686401367,23.24445533752441,21.88777542114257,22.00836944580078,26433180.0
2018-10-22,22.128963470458984,22.460594177246094,21.01346969604492,21.194360733032227,31422617.0
2018-10-23,21.194360733032227,21.55614280700684,20.591392517089844,21.345102310180664,22661109.0
2018-10-24,21.40539932250977,22.189258575439453,21.22450828552246,21.85762596130371,32480735.0
2018-10-25,21.76718139648437,23.06356430053711,20.802431106567383,22.460594177246094,36302360.0
2018-10-26,22.611337661743164,22.6414852142334,21.91792297363281,22.279705047607425,26572691.0
2018-10-29,22.49074363708496,22.85252571105957,21.97821998596192,22.731931686401367,15095059.0
2018-10-30,22.731931686401367,23.7268295288086,22.551040649414062,23.51579093933105,26352990.0
2018-10-31,23.54594039916992,23.69668197631836,22.611337661743164,23.30475234985352,22017234.0
2018-11-01,23.45549392700196,23.63638496398925,23.12386131286621,23.39519691467285,13353397.0
2018-11-02,23.51579093933105,24.66143226623535,23.51579093933105,24.480541229248047,20560814.0
2018-11-05,24.60113525390625,25.2945499420166,24.299650192260746,25.1739559173584,28505333.0
2018-11-06,25.2945499420166,25.59603309631348,25.02321434020996,25.415143966674805,18073858.0
2018-11-07,25.80707359313965,25.80707359313965,25.204105377197266,25.384994506835938,2564038.0
2018-11-09,25.44529151916504,25.626182556152344,24.932767868041992,25.475440979003903,17514651.0
2018-11-12,25.626182556152344,25.626182556152344,24.39009666442871,24.60113525390625,14845847.0
2018-11-13,24.39009666442871,24.69158172607422,23.42534637451172,24.570987701416016,20938007.0
2018-11-14,24.32979965209961,25.32469749450684,23.8474235534668,24.96291732788086,43071531.0
2018-11-15,24.209205627441406,24.420244216918945,21.85762596130371,22.249555587768555,94308835.0
2018-11-16,22.309852600097656,26.470338821411133,21.82747840881348,25.92766761779785,161233620.0
2018-11-19,25.475440979003903,26.530635833740234,24.058462142944336,25.746776580810547,103778345.0
2018-11-20,25.32469749450684,26.4401912689209,24.782026290893555,25.53573608398437,57003384.0
2018-11-21,25.53573608398437,27.465238571166992,25.475440979003903,26.862268447875977,80890207.0
2018-11-22,26.410043716430664,26.98286247253418,24.60113525390625,24.993064880371094,75852625.0
2018-11-26,25.113658905029297,25.837221145629883,23.7268295288086,24.0283145904541,70503529.0
2018-11-27,23.998165130615234,24.480541229248047,23.033416748046875,23.365049362182617,48774411.0
2018-11-28,23.365049362182617,23.63638496398925,22.611337661743164,22.79222869873047,33672121.0
2018-11-29,23.033416748046875,23.15401077270508,22.038516998291016,22.822376251220703,41029630.0
2018-11-30,22.611337661743164,22.7017822265625,21.16421127319336,21.28480529785156,76877788.0
2018-12-03,21.49584579467773,22.068666458129883,21.16421127319336,21.49584579467773,49304037.0
2018-12-04,21.82747840881348,21.97821998596192,21.01346969604492,21.22450828552246,40270057.0
2018-12-05,21.01346969604492,21.073766708374023,20.380352020263672,20.531095504760746,42861571.0
2018-12-06,20.440649032592773,20.47079849243164,19.89797782897949,20.229610443115234,42070216.0
2018-12-07,20.440649032592773,20.68183708190918,20.04871940612793,20.380352020263672,37103695.0
2018-12-10,20.01857185363769,20.169313430786133,19.68693733215332,19.89797782897949,24222161.0
2018-12-11,19.68693733215332,21.37525177001953,19.29500770568848,20.651687622070312,45855813.0
2018-12-12,20.62154006958008,21.49584579467773,20.531095504760746,20.89287567138672,33808728.0
2018-12-13,21.04361724853516,21.58629035949707,20.92302322387696,21.04361724853516,32173218.0
2018-12-14,21.345102310180664,22.731931686401367,21.254657745361328,21.82747840881348,69498640.0
2018-12-17,21.97821998596192,22.21940803527832,21.55614280700684,21.94807243347168,30840403.0
2018-12-18,21.94807243347168,22.731931686401367,21.73703384399414,22.49074363708496,26496425.0
2018-12-19,22.611337661743164,22.973119735717773,22.49074363708496,22.7620792388916,25778284.0
2018-12-20,22.520891189575195,23.184158325195312,22.460594177246094,23.033416748046875,22538376.0
2018-12-21,23.21430778503418,23.42534637451172,22.611337661743164,23.093713760375977,59019322.0
2018-12-24,23.06356430053711,23.093713760375977,22.400299072265625,22.520891189575195,27864216.0
2018-12-26,22.37014961242676,22.611337661743164,21.91792297363281,22.460594177246094,28065121.0
2018-12-27,22.731931686401367,22.912822723388672,22.279705047607425,22.400299072265625,24583190.0
2018-12-28,22.460594177246094,22.973119735717773,22.460594177246094,22.611337661743164,19545690.0
2018-12-31,22.731931686401367,22.973119735717773,22.671634674072266,22.7620792388916,12132313.0
2019-01-01,22.912822723388672,22.973119735717773,22.37014961242676,22.7620792388916,14601474.0
2019-01-02,22.882673263549805,22.882673263549805,22.00836944580078,22.15911102294922,17611505.0
2019-01-03,21.55614280700684,21.88777542114257,21.01346969604492,21.76718139648437,39317592.0
2019-01-04,21.76718139648437,22.038516998291016,21.465696334838867,21.82747840881348,21164742.0
2019-01-07,22.068666458129883,22.279705047607425,21.94807243347168,22.09881401062012,13701909.0
2019-01-08,22.00836944580078,22.49074363708496,21.85762596130371,22.279705047607425,16086091.0
2019-01-09,22.309852600097656,22.551040649414062,21.94807243347168,22.279705047607425,18790129.0
2019-01-10,22.309852600097656,22.671634674072266,22.189258575439453,22.37014961242676,16847368.0
2019-01-11,22.340002059936523,22.49074363708496,22.038516998291016,22.249555587768555,13759947.0
2019-01-14,22.309852600097656,22.309852600097656,21.465696334838867,21.67673683166504,17509665.0
2019-01-15,21.67673683166504,21.97821998596192,21.49584579467773,21.85762596130371,15977432.0
2019-01-16,21.91792297363281,22.279705047607425,21.76718139648437,21.94807243347168,14704005.0
2019-01-17,21.94807243347168,22.400299072265625,21.70688438415528,22.279705047607425,24736662.0
2019-01-18,22.309852600097656,22.309852600097656,20.71198463439941,21.22450828552246,47866044.0
2019-01-21,21.22450828552246,21.37525177001953,19.536195755004883,19.807531356811523,65723724.0
2019-01-22,19.747234344482425,20.32005500793457,19.65678977966309,20.199462890625,32159216.0
2019-01-23,20.32005500793457,20.802431106567383,20.0788688659668,20.440649032592773,21144117.0
2019-01-24,20.77228164672852,21.22450828552246,20.04871940612793,20.531095504760746,56361172.0
2019-01-25,20.380352020263672,20.62154006958008,19.44574928283692,19.807531356811523,38758118.0
2019-01-28,19.77738380432129,19.77738380432129,17.154468536376953,18.72218894958496,48905912.0
2019-01-29,18.72218894958496,19.62664031982422,18.119218826293945,18.51114845275879,51126945.0
2019-01-30,18.631742477416992,18.9332275390625,18.20966339111328,18.420703887939453,27358254.0
2019-01-31,18.541297912597656,18.752336502075195,17.847881317138672,18.14936637878418,47673704.0
2019-02-01,18.269960403442383,18.9332275390625,18.179515838623047,18.631742477416992,28114499.0
2019-02-04,18.66189193725586,18.692039489746094,17.7272891998291,18.119218826293945,30177019.0
2019-02-05,18.058921813964844,18.481000900268555,17.636842727661133,18.36040687561035,36435470.0
2019-02-06,18.330257415771484,18.330257415771484,17.365507125854492,18.08906936645508,43637485.0
2019-02-07,17.787586212158203,19.867828369140625,17.6669921875,19.29500770568848,87846199.0
2019-02-08,19.29500770568848,19.29500770568848,17.908178329467773,18.420703887939453,41510502.0
2019-02-11,18.51114845275879,19.29500770568848,17.847881317138672,18.78248405456543,36408754.0
2019-02-12,18.66189193725586,18.66189193725586,17.787586212158203,17.93832778930664,31303004.0
2019-02-14,18.36040687561035,19.26486015319824,17.968475341796875,19.083969116210938,31976928.0
2019-02-15,18.90307807922364,18.90307807922364,17.93832778930664,18.08906936645508,40783778.0
2019-02-18,18.330257415771484,18.631742477416992,17.968475341796875,18.481000900268555,24595646.0
2019-02-19,18.36040687561035,18.812633514404297,17.998624801635742,18.269960403442383,32926668.0
2019-02-20,18.269960403442383,18.631742477416992,18.058921813964844,18.450851440429688,33316627.0
2019-02-21,18.420703887939453,18.812633514404297,18.23981285095215,18.692039489746094,52091843.0
2019-02-22,18.812633514404297,18.9332275390625,18.179515838623047,18.30010986328125,37953253.0
2019-02-25,18.269960403442383,18.692039489746094,18.20966339111328,18.390554428100582,37080649.0
2019-02-26,18.20966339111328,18.330257415771484,17.6066951751709,17.968475341796875,35665348.0
2019-02-27,18.08906936645508,18.420703887939453,17.7272891998291,17.817733764648438,28710372.0
2019-02-28,17.847881317138672,18.30010986328125,17.817733764648438,18.028772354125977,68245473.0
2019-03-01,18.330257415771484,18.36040687561035,17.847881317138672,18.028772354125977,44775494.0
2019-03-05,18.028772354125977,18.390554428100582,17.847881317138672,17.968475341796875,49061344.0
2019-03-06,18.08906936645508,19.23471069335937,18.028772354125977,18.84278106689453,95280251.0
2019-03-07,19.053821563720703,19.9582748413086,18.8729305267334,19.29500770568848,108759380.0
2019-03-08,19.29500770568848,19.747234344482425,19.11411666870117,19.62664031982422,49120667.0
2019-03-11,19.747234344482425,20.92302322387696,19.65678977966309,20.62154006958008,75926468.0
2019-03-12,20.802431106567383,20.95317268371582,20.289907455444336,20.62154006958008,64190254.0
2019-03-13,20.77228164672852,21.28480529785156,20.169313430786133,20.47079849243164,91776033.0
2019-03-14,20.500946044921875,20.74213409423828,20.199462890625,20.380352020263672,28746619.0
2019-03-15,20.47079849243164,20.651687622070312,20.289907455444336,20.47079849243164,27056255.0
2019-03-18,20.47079849243164,20.561243057250977,19.29500770568848,19.47589874267578,34225081.0
2019-03-19,19.506046295166016,19.65678977966309,18.812633514404297,19.325157165527344,38790805.0
2019-03-20,19.29500770568848,20.199462890625,17.847881317138672,19.9582748413086,215376684.0
2019-03-22,19.9582748413086,20.0788688659668,19.23471069335937,19.41560173034668,79960239.0
2019-03-25,19.35530471801757,19.35530471801757,18.119218826293945,18.23981285095215,88595223.0
2019-03-26,18.23981285095215,18.36040687561035,17.697139739990234,17.847881317138672,66811828.0
2019-03-27,17.636842727661133,17.817733764648438,17.064022064208984,17.184616088867188,87204737.0
2019-03-28,17.214765548706055,18.08906936645508,17.03387451171875,17.486101150512695,207915008.0
2019-04-01,18.25,18.25,17.649999618530273,17.75,44374809.0
2019-04-02,17.899999618530273,17.899999618530273,16.600000381469727,16.75,61660301.0
2019-04-03,16.450000762939453,16.950000762939453,15.800000190734863,15.899999618530272,61979681.0
2019-04-04,15.899999618530272,15.949999809265137,14.899999618530272,15.149999618530272,115062504.0
2019-04-05,15.050000190734863,16.700000762939453,15.050000190734863,16.299999237060547,163072526.0
2019-04-08,16.700000762939453,17.450000762939453,16.549999237060547,17.299999237060547,109448159.0
2019-04-09,17.5,17.700000762939453,16.799999237060547,16.950000762939453,57008691.0
2019-04-10,17.049999237060547,17.149999618530273,16.299999237060547,16.350000381469727,67257100.0
2019-04-11,16.399999618530273,16.450000762939453,15.899999618530272,16.25,47799330.0
2019-04-12,16.299999237060547,16.450000762939453,15.899999618530272,16.049999237060547,42481657.0
2019-04-15,16.049999237060547,17.350000381469727,15.800000190734863,17.0,73466485.0
2019-04-16,17.0,18.14999961853028,16.75,17.950000762939453,119864982.0
2019-04-18,18.100000381469727,18.14999961853028,16.950000762939453,17.25,73204505.0
2019-04-22,17.350000381469727,17.399999618530273,16.850000381469727,17.149999618530273,55102622.0
2019-04-23,17.149999618530273,17.25,16.850000381469727,17.049999237060547,34255032.0
2019-04-24,17.25,17.75,17.0,17.149999618530273,52632586.0
2019-04-25,16.75,17.25,16.299999237060547,16.850000381469727,69215591.0
2019-04-26,16.75,16.850000381469727,16.049999237060547,16.25,35364872.0
2019-04-30,16.100000381469727,16.200000762939453,15.25,15.449999809265137,33729371.0
2019-05-02,15.350000381469728,16.549999237060547,15.149999618530272,16.200000762939453,62636435.0
2019-05-03,16.25,16.5,15.899999618530272,16.149999618530273,26630328.0
2019-05-06,17.149999618530273,17.149999618530273,16.25,16.350000381469727,45839027.0
2019-05-07,16.399999618530273,16.600000381469727,15.5,15.600000381469728,36754853.0
2019-05-08,15.399999618530272,15.399999618530272,13.649999618530272,14.300000190734863,240357694.0
2019-05-09,14.199999809265137,14.5,13.949999809265137,14.300000190734863,157917034.0
2019-05-10,14.300000190734863,14.300000190734863,13.550000190734863,14.050000190734863,229057148.0
2019-05-13,14.050000190734863,15.0,14.050000190734863,14.449999809265137,200282034.0
2019-05-14,14.449999809265137,14.550000190734863,13.0,14.0,243253187.0
2019-05-15,14.050000190734863,14.149999618530272,12.800000190734863,12.899999618530272,148791000.0
2019-05-16,13.0,13.0,12.050000190734863,12.199999809265137,161982330.0
2019-05-17,12.399999618530272,12.449999809265137,11.600000381469728,11.850000381469728,180983160.0
2019-05-20,12.25,13.0,11.800000190734863,12.550000190734863,137707027.0
2019-05-21,12.600000381469728,12.649999618530272,11.699999809265137,11.800000190734863,94310446.0
2019-05-22,11.850000381469728,12.300000190734863,11.5,12.149999618530272,133499642.0
2019-05-23,12.300000190734863,13.0,12.25,12.75,132685065.0
2019-05-24,12.850000381469728,13.25,12.550000190734863,12.850000381469728,91577582.0
2019-05-27,12.649999618530272,13.25,12.600000381469728,13.050000190734863,99540754.0
2019-05-28,13.050000190734863,13.800000190734863,13.0,13.649999618530272,170049972.0
2019-05-29,13.699999809265137,13.75,13.149999618530272,13.199999809265137,50735753.0
2019-05-30,13.199999809265137,13.649999618530272,12.949999809265137,13.300000190734863,273542405.0
2019-05-31,13.600000381469728,14.050000190734863,13.449999809265137,13.949999809265137,151171664.0
2019-06-03,13.949999809265137,14.149999618530272,13.800000190734863,14.0,55031122.0
2019-06-04,14.050000190734863,14.399999618530272,13.800000190734863,13.850000381469728,64187215.0
2019-06-06,13.899999618530272,14.0,13.199999809265137,13.449999809265137,69427339.0
2019-06-07,13.449999809265137,13.550000190734863,13.199999809265137,13.399999618530272,35136898.0
2019-06-10,13.300000190734863,13.550000190734863,12.649999618530272,12.800000190734863,49800929.0
2019-06-11,12.949999809265137,13.25,12.600000381469728,13.149999618530272,43370155.0
2019-06-12,13.149999618530272,13.199999809265137,12.800000190734863,12.850000381469728,22813410.0
2019-06-13,12.800000190734863,13.050000190734863,12.75,12.899999618530272,32447299.0
2019-06-14,12.850000381469728,12.899999618530272,12.300000190734863,12.5,35801366.0
2019-06-17,12.449999809265137,12.449999809265137,12.0,12.100000381469728,34319913.0
2019-06-18,12.0,12.100000381469728,11.800000190734863,11.949999809265137,37194394.0
2019-06-19,11.949999809265137,12.25,11.100000381469728,11.399999618530272,50447027.0
2019-06-20,11.300000190734863,11.949999809265137,11.25,11.899999618530272,33264078.0
2019-06-21,11.899999618530272,12.399999618530272,11.75,12.149999618530272,71979075.0
2019-06-24,12.149999618530272,12.25,11.949999809265137,12.100000381469728,36858260.0
2019-06-25,12.0,12.300000190734863,11.850000381469728,12.100000381469728,34910618.0
2019-06-26,12.050000190734863,12.449999809265137,12.0,12.350000381469728,50150199.0
2019-06-27,12.300000190734863,12.649999618530272,12.149999618530272,12.350000381469728,156191134.0
2019-06-28,12.300000190734863,12.399999618530272,12.050000190734863,12.149999618530272,36562073.0
2019-07-01,12.100000381469728,12.149999618530272,11.800000190734863,12.0,33179163.0
2019-07-02,12.050000190734863,12.100000381469728,11.600000381469728,11.699999809265137,36003888.0
2019-07-03,11.699999809265137,12.0,11.600000381469728,11.949999809265137,29759766.0
2019-07-04,11.949999809265137,13.149999618530272,11.800000190734863,12.350000381469728,142320663.0
2019-07-05,12.300000190734863,12.550000190734863,11.899999618530272,12.0,59585610.0
2019-07-08,11.949999809265137,11.949999809265137,11.399999618530272,11.449999809265137,49904183.0
2019-07-09,11.399999618530272,11.550000190734863,11.25,11.350000381469728,34589764.0
2019-07-10,11.350000381469728,11.5,11.199999809265137,11.25,33210775.0
2019-07-11,11.300000190734863,11.800000190734863,11.25,11.649999618530272,30842594.0
2019-07-12,11.649999618530272,12.050000190734863,11.550000190734863,11.699999809265137,31470511.0
2019-07-15,11.699999809265137,12.0,11.649999618530272,11.75,24805672.0
2019-07-16,11.850000381469728,11.899999618530272,11.550000190734863,11.800000190734863,27234136.0
2019-07-17,11.75,12.5,11.649999618530272,11.949999809265137,57441442.0
2019-07-18,11.949999809265137,11.949999809265137,11.199999809265137,11.300000190734863,41704209.0
2019-07-19,11.449999809265137,11.550000190734863,10.699999809265137,10.949999809265137,80656229.0
2019-07-22,10.899999618530272,11.0,10.649999618530272,10.75,43637335.0
2019-07-23,10.850000381469728,10.949999809265137,10.449999809265137,10.550000190734863,65505254.0
2019-07-24,10.5,10.649999618530272,9.850000381469728,9.949999809265137,117809888.0
2019-07-25,9.949999809265137,10.149999618530272,9.649999618530272,9.699999809265137,75424647.0
2019-07-26,9.699999809265137,10.0,9.100000381469728,9.25,86263682.0
2019-07-29,8.75,8.899999618530273,6.550000190734863,6.75,669682147.0
2019-07-30,6.849999904632568,7.050000190734863,6.0,6.5,371103251.0
2019-07-31,6.849999904632568,7.099999904632568,6.599999904632568,6.849999904632568,157323663.0
2019-08-01,6.900000095367432,6.949999809265137,6.449999809265137,6.650000095367432,115818792.0
2019-08-02,6.599999904632568,6.699999809265137,6.199999809265137,6.349999904632568,138890327.0
2019-08-05,6.25,6.25,5.900000095367432,6.0,101217920.0
2019-08-06,5.900000095367432,6.050000190734863,5.5,5.650000095367432,141607241.0
2019-08-07,5.599999904632568,5.599999904632568,5.099999904632568,5.349999904632568,134873257.0
2019-08-08,5.300000190734863,5.800000190734863,5.199999809265137,5.650000095367432,151450330.0
2019-08-09,5.699999809265137,5.949999809265137,5.300000190734863,5.349999904632568,137510852.0
2019-08-13,5.400000095367432,5.449999809265137,4.800000190734863,5.0,169808065.0
2019-08-14,5.099999904632568,5.800000190734863,5.050000190734863,5.650000095367432,137424280.0
2019-08-16,5.650000095367432,6.849999904632568,5.400000095367432,6.449999809265137,253502013.0
2019-08-19,6.400000095367432,6.449999809265137,5.849999904632568,6.0,131624842.0
2019-08-20,5.949999809265137,6.199999809265137,5.449999809265137,5.849999904632568,154625376.0
2019-08-21,5.800000190734863,5.800000190734863,5.5,5.599999904632568,84350479.0
2019-08-22,5.550000190734863,5.75,5.199999809265137,5.300000190734863,132541611.0
2019-08-23,5.199999809265137,5.900000095367432,5.0,5.75,138118662.0
2019-08-26,5.849999904632568,6.050000190734863,5.25,5.5,154474776.0
2019-08-27,5.599999904632568,5.75,5.199999809265137,5.300000190734863,154864384.0
2019-08-28,5.300000190734863,5.349999904632568,4.949999809265137,5.0,153324776.0
2019-08-29,5.0,5.300000190734863,4.800000190734863,4.849999904632568,163803711.0
2019-08-30,4.900000095367432,5.449999809265137,4.900000095367432,5.349999904632568,126453633.0
2019-09-03,5.400000095367432,5.400000095367432,5.050000190734863,5.099999904632568,58510935.0
2019-09-04,5.150000095367432,5.199999809265137,4.900000095367432,5.0,53057113.0
2019-09-05,5.050000190734863,5.199999809265137,4.949999809265137,5.099999904632568,56157581.0
2019-09-06,5.099999904632568,5.400000095367432,5.099999904632568,5.150000095367432,66907745.0
2019-09-09,5.199999809265137,5.400000095367432,5.099999904632568,5.300000190734863,56036851.0
2019-09-11,5.349999904632568,5.849999904632568,5.349999904632568,5.75,108222094.0
2019-09-12,5.800000190734863,6.050000190734863,5.449999809265137,5.550000190734863,110173555.0
2019-09-13,5.550000190734863,5.599999904632568,5.25,5.400000095367432,73375292.0
2019-09-16,5.300000190734863,5.5,5.199999809265137,5.25,63595939.0
2019-09-17,5.25,5.300000190734863,5.0,5.099999904632568,112812385.0
2019-09-18,5.050000190734863,5.099999904632568,4.800000190734863,4.849999904632568,85057239.0
2019-09-19,4.900000095367432,5.699999809265137,4.900000095367432,5.449999809265137,320602203.0
2019-09-20,5.5,5.949999809265137,5.300000190734863,5.849999904632568,186422247.0
2019-09-23,5.949999809265137,6.050000190734863,5.550000190734863,5.599999904632568,82988317.0
2019-09-24,5.599999904632568,5.75,5.300000190734863,5.599999904632568,91357994.0
2019-09-25,5.550000190734863,5.599999904632568,5.199999809265137,5.300000190734863,81683260.0
2019-09-26,5.349999904632568,5.449999809265137,5.150000095367432,5.199999809265137,82845452.0
2019-09-27,5.25,5.800000190734863,5.099999904632568,5.650000095367432,107327275.0
2019-09-30,5.699999809265137,6.449999809265137,4.949999809265137,6.150000095367432,381241840.0
2019-10-01,6.300000190734863,6.300000190734863,5.199999809265137,5.400000095367432,219653425.0
2019-10-03,5.349999904632568,5.400000095367432,5.0,5.099999904632568,119493478.0
2019-10-04,5.150000095367432,5.349999904632568,5.0,5.050000190734863,83128782.0
2019-10-07,5.099999904632568,5.550000190734863,5.0,5.150000095367432,101637294.0
2019-10-09,5.199999809265137,6.0,5.150000095367432,5.849999904632568,207235307.0
2019-10-10,6.400000095367432,6.900000095367432,5.75,6.199999809265137,422660153.0
2019-10-11,6.0,6.150000095367432,5.849999904632568,6.0,122282409.0
2019-10-14,6.050000190734863,6.5,5.900000095367432,6.400000095367432,135922704.0
2019-10-15,6.400000095367432,6.449999809265137,6.099999904632568,6.150000095367432,107234406.0
2019-10-16,6.199999809265137,6.75,6.150000095367432,6.550000190734863,292185105.0
2019-10-17,6.400000095367432,6.400000095367432,5.949999809265137,6.300000190734863,165817016.0
2019-10-18,6.349999904632568,6.599999904632568,6.25,6.400000095367432,103591923.0
2019-10-22,6.400000095367432,6.550000190734863,6.0,6.099999904632568,128095442.0
2019-10-23,6.199999809265137,6.25,5.550000190734863,5.650000095367432,159051328.0
2019-10-24,5.599999904632568,5.650000095367432,4.099999904632568,4.349999904632568,755710087.0
2019-10-25,4.150000095367432,4.199999809265137,3.650000095367432,4.099999904632568,420424858.0
2019-10-27,4.150000095367432,4.400000095367432,3.799999952316284,4.199999809265137,84379695.0
2019-10-29,4.099999904632568,4.099999904632568,3.650000095367432,3.849999904632568,343083942.0
2019-10-30,4.0,4.199999809265137,3.75,3.799999952316284,270109253.0
2019-10-31,3.799999952316284,4.0,3.299999952316284,3.900000095367432,414804276.0
2019-11-01,3.849999904632568,4.800000190734863,3.650000095367432,4.300000190734863,794271990.0
2019-11-04,4.5,4.75,4.400000095367432,4.5,179149168.0
2019-11-05,4.5,4.650000095367432,4.099999904632568,4.199999809265137,119281067.0
2019-11-06,4.099999904632568,4.150000095367432,3.799999952316284,3.849999904632568,168131372.0
2019-11-07,3.900000095367432,4.150000095367432,3.799999952316284,3.900000095367432,171478878.0
2019-11-08,3.900000095367432,4.050000190734863,3.700000047683716,3.75,229885771.0
2019-11-11,3.799999952316284,4.050000190734863,3.75,4.0,106625599.0
2019-11-13,3.75,4.0,3.650000095367432,3.700000047683716,219386908.0
2019-11-14,3.3499999046325684,3.450000047683716,2.8499999046325684,2.950000047683716,585724890.0
2019-11-15,2.700000047683716,3.900000095367432,2.400000095367432,3.650000095367432,826173911.0
2019-11-18,3.950000047683716,4.550000190734863,3.900000095367432,4.449999809265137,553187407.0
2019-11-19,4.849999904632568,6.400000095367432,4.849999904632568,6.050000190734863,1030107961.0
2019-11-20,6.650000095367432,8.149999618530273,6.650000095367432,7.050000190734863,749246924.0
2019-11-21,7.75,7.949999809265137,6.150000095367432,6.650000095367432,879935477.0
2019-11-22,6.599999904632568,6.949999809265137,6.050000190734863,6.550000190734863,455277632.0
2019-11-25,6.25,7.0,6.150000095367432,6.849999904632568,538266323.0
2019-11-26,6.550000190734863,6.800000190734863,5.699999809265137,6.0,171166562.0
2019-11-27,6.199999809265137,6.400000095367432,5.75,5.900000095367432,367839016.0
2019-11-28,5.900000095367432,6.849999904632568,5.900000095367432,6.599999904632568,559329516.0
2019-11-29,6.699999809265137,7.199999809265137,6.650000095367432,6.849999904632568,399702662.0
2019-12-02,7.5,8.800000190734863,7.5,7.800000190734863,394808648.0
2019-12-03,7.900000095367432,7.949999809265137,6.699999809265137,7.050000190734863,733287657.0
2019-12-04,7.199999809265137,7.900000095367432,7.0,7.75,708398144.0
2019-12-05,7.599999904632568,7.599999904632568,7.0,7.300000190734863,339294803.0
2019-12-06,7.099999904632568,7.349999904632568,6.650000095367432,6.900000095367432,513327745.0
2019-12-09,6.5,6.699999809265137,5.900000095367432,6.5,315704587.0
2019-12-10,6.25,6.849999904632568,6.150000095367432,6.550000190734863,385014786.0
2019-12-11,6.699999809265137,7.099999904632568,6.550000190734863,6.699999809265137,242199010.0
2019-12-12,6.849999904632568,7.0,6.699999809265137,6.800000190734863,121366874.0
2019-12-13,6.849999904632568,7.099999904632568,6.75,6.900000095367432,264918506.0
2019-12-16,6.900000095367432,6.900000095367432,6.550000190734863,6.599999904632568,153481308.0
2019-12-17,6.599999904632568,7.0,6.349999904632568,6.900000095367432,314339768.0
2019-12-18,7.25,7.349999904632568,6.300000190734863,6.400000095367432,328199359.0
2019-12-19,6.5,6.75,6.349999904632568,6.599999904632568,219012396.0
2019-12-20,6.400000095367432,6.650000095367432,6.25,6.550000190734863,174553730.0
2019-12-23,6.449999809265137,6.599999904632568,6.300000190734863,6.400000095367432,142870617.0
2019-12-24,6.349999904632568,6.5,6.199999809265137,6.300000190734863,121125277.0
2019-12-26,6.300000190734863,6.449999809265137,5.949999809265137,6.050000190734863,191531777.0
2019-12-27,6.050000190734863,6.150000095367432,5.75,5.800000190734863,135829056.0
2019-12-30,5.800000190734863,6.349999904632568,5.75,6.150000095367432,170381694.0
2019-12-31,6.150000095367432,6.25,5.949999809265137,6.150000095367432,170099935.0
2020-01-01,6.199999809265137,6.300000190734863,6.0,6.099999904632568,55777825.0
2020-01-02,6.0,6.199999809265137,5.949999809265137,6.099999904632568,67004549.0
2020-01-03,6.099999904632568,6.199999809265137,6.0,6.099999904632568,77256216.0
2020-01-06,6.050000190734863,6.099999904632568,5.900000095367432,6.0,65911114.0
2020-01-07,6.0,6.199999809265137,5.900000095367432,6.0,85292839.0
2020-01-08,5.949999809265137,6.599999904632568,5.699999809265137,6.5,329769716.0
2020-01-09,6.550000190734863,6.650000095367432,5.650000095367432,6.25,384515490.0
2020-01-10,6.300000190734863,6.349999904632568,6.0,6.099999904632568,98544671.0
2020-01-13,6.099999904632568,6.25,5.949999809265137,6.150000095367432,135915222.0
2020-01-14,6.150000095367432,6.199999809265137,6.050000190734863,6.099999904632568,72910162.0
2020-01-15,6.099999904632568,6.099999904632568,5.849999904632568,6.0,122769393.0
2020-01-16,6.050000190734863,6.349999904632568,5.949999809265137,6.0,198015296.0
2020-01-17,5.400000095367432,5.400000095367432,3.650000095367432,4.5,534870.0
2020-01-20,4.699999809265137,5.150000095367432,4.599999904632568,4.849999904632568,323839417.0
2020-01-21,5.300000190734863,6.050000190734863,5.300000190734863,5.949999809265137,640960977.0
2020-01-22,5.949999809265137,6.050000190734863,5.449999809265137,5.599999904632568,300874524.0
2020-01-23,5.599999904632568,6.099999904632568,5.599999904632568,5.900000095367432,346152243.0
2020-01-24,6.0,6.099999904632568,5.75,6.050000190734863,158798220.0
2020-01-27,5.849999904632568,6.050000190734863,5.75,5.800000190734863,137436771.0
2020-01-28,5.849999904632568,5.900000095367432,4.699999809265137,5.349999904632568,248123542.0
2020-01-29,5.349999904632568,5.699999809265137,5.150000095367432,5.25,200137409.0
2020-01-30,5.25,5.599999904632568,5.0,5.199999809265137,239078532.0
2020-01-31,5.300000190734863,5.449999809265137,5.099999904632568,5.300000190734863,163363094.0
2020-02-03,5.199999809265137,5.5,5.050000190734863,5.349999904632568,116834844.0
2020-02-04,5.349999904632568,5.449999809265137,5.25,5.25,80865619.0
2020-02-05,5.25,5.349999904632568,4.949999809265137,5.25,121127246.0
2020-02-06,5.349999904632568,5.550000190734863,5.099999904632568,5.150000095367432,110558196.0
2020-02-07,5.099999904632568,5.400000095367432,5.050000190734863,5.25,113193845.0
2020-02-10,5.400000095367432,5.400000095367432,5.0,5.050000190734863,84534088.0
2020-02-11,5.099999904632568,5.150000095367432,4.75,4.849999904632568,136571874.0
2020-02-12,4.849999904632568,4.849999904632568,4.449999809265137,4.5,293521398.0
2020-02-13,4.5,4.550000190734863,4.400000095367432,4.5,99786073.0
2020-02-14,4.349999904632568,5.449999809265137,3.25,3.400000095367432,344910835.0
2020-02-17,3.700000047683716,4.199999809265137,3.299999952316284,3.400000095367432,814861351.0
2020-02-18,3.25,3.25,2.799999952316284,3.0,642554754.0
2020-02-19,3.150000095367432,4.449999809265137,3.0999999046325684,4.199999809265137,1015559671.0
2020-02-20,4.449999809265137,5.0,4.199999809265137,4.400000095367432,956876746.0
2020-02-24,4.800000190734863,5.050000190734863,3.799999952316284,3.849999904632568,679574901.0
2020-02-25,3.950000047683716,4.300000190734863,3.5,3.950000047683716,598933526.0
2020-02-26,3.849999904632568,4.150000095367432,3.5999999046325684,4.0,325151192.0
2020-02-27,4.050000190734863,4.25,3.700000047683716,3.799999952316284,393794097.0
2020-02-28,3.799999952316284,3.950000047683716,3.549999952316284,3.849999904632568,395445168.0
2020-03-02,3.900000095367432,4.099999904632568,3.299999952316284,3.450000047683716,244209249.0
2020-03-03,3.5999999046325684,3.900000095367432,3.299999952316284,3.650000095367432,317086505.0
2020-03-04,3.75,3.799999952316284,3.400000095367432,3.5999999046325684,215195612.0
2020-03-05,3.450000047683716,3.849999904632568,3.299999952316284,3.5999999046325684,338216925.0
2020-03-06,3.400000095367432,3.450000047683716,3.200000047683716,3.299999952316284,338761004.0
2020-03-09,3.400000095367432,4.300000190734863,3.299999952316284,4.0,692949436.0
2020-03-11,4.400000095367432,4.949999809265137,4.199999809265137,4.349999904632568,721115533.0
2020-03-12,4.599999904632568,4.599999904632568,4.050000190734863,4.199999809265137,741584887.0
2020-03-13,4.0,5.800000190734863,3.849999904632568,5.599999904632568,347274071.0
2020-03-16,5.5,7.199999809265137,5.099999904632568,5.699999809265137,250764659.0
2020-03-17,6.0,6.199999809265137,4.699999809265137,4.849999904632568,698221911.0
2020-03-18,5.300000190734863,5.699999809265137,2.700000047683716,3.150000095367432,1073741823.0
2020-03-19,3.299999952316284,3.549999952316284,3.0,3.299999952316284,609053154.0
2020-03-20,3.5999999046325684,3.5999999046325684,3.299999952316284,3.450000047683716,386962314.0
2020-03-23,3.25,3.400000095367432,3.0999999046325684,3.150000095367432,312968741.0
2020-03-24,3.3499999046325684,3.450000047683716,3.150000095367432,3.3499999046325684,283473341.0
2020-03-25,3.3499999046325684,3.450000047683716,3.299999952316284,3.3499999046325684,129150667.0
2020-03-26,3.400000095367432,3.400000095367432,3.25,3.25,143520346.0
2020-03-27,3.299999952316284,3.299999952316284,3.200000047683716,3.200000047683716,105883924.0
2020-03-30,3.25,3.25,3.0999999046325684,3.150000095367432,82151641.0
2020-03-31,3.200000047683716,3.25,3.049999952316284,3.0999999046325684,161285617.0
2020-04-01,3.0999999046325684,3.150000095367432,3.0,3.049999952316284,178196529.0
2020-04-03,3.049999952316284,3.25,3.0,3.150000095367432,186946438.0
2020-04-07,3.25,3.299999952316284,3.150000095367432,3.200000047683716,126961509.0
2020-04-08,3.200000047683716,3.25,3.150000095367432,3.200000047683716,139785930.0
2020-04-09,3.25,3.299999952316284,3.200000047683716,3.299999952316284,116617515.0
2020-04-13,3.299999952316284,4.25,3.299999952316284,4.099999904632568,804216919.0
2020-04-15,4.449999809265137,4.900000095367432,4.0,4.25,709333130.0
2020-04-16,4.5,4.650000095367432,4.150000095367432,4.25,403023318.0
2020-04-17,4.349999904632568,4.400000095367432,3.849999904632568,4.099999904632568,536816968.0
2020-04-20,4.099999904632568,4.199999809265137,3.799999952316284,3.900000095367432,274023994.0
2020-04-21,3.75,3.849999904632568,3.5999999046325684,3.700000047683716,251790440.0
2020-04-22,3.900000095367432,4.050000190734863,3.700000047683716,3.950000047683716,437696779.0
2020-04-23,4.300000190734863,4.5,4.150000095367432,4.349999904632568,690926109.0
2020-04-24,4.25,4.25,3.950000047683716,4.0,321586483.0
2020-04-27,4.0,4.199999809265137,4.0,4.099999904632568,250385306.0
2020-04-28,4.199999809265137,4.199999809265137,3.950000047683716,4.0,303932026.0
2020-04-29,4.050000190734863,4.300000190734863,3.900000095367432,4.199999809265137,346339567.0
2020-04-30,4.349999904632568,4.400000095367432,4.099999904632568,4.199999809265137,307532315.0
2020-05-04,4.050000190734863,4.349999904632568,3.900000095367432,4.150000095367432,445004742.0
2020-05-05,4.25,4.300000190734863,4.099999904632568,4.150000095367432,184891529.0
2020-05-06,4.099999904632568,4.400000095367432,4.050000190734863,4.25,434137889.0
2020-05-07,4.199999809265137,4.300000190734863,4.099999904632568,4.150000095367432,160718948.0
2020-05-08,4.199999809265137,4.300000190734863,4.150000095367432,4.199999809265137,172138358.0
2020-05-11,4.25,4.800000190734863,4.199999809265137,4.599999904632568,924169681.0
2020-05-12,4.650000095367432,5.0,4.5,4.949999809265137,587127838.0
2020-05-13,5.349999904632568,5.349999904632568,4.800000190734863,4.900000095367432,443661451.0
2020-05-14,4.800000190734863,5.0,4.699999809265137,4.75,251907237.0
2020-05-15,4.75,5.0,4.550000190734863,4.849999904632568,232096453.0
2020-05-18,4.949999809265137,5.099999904632568,4.599999904632568,4.650000095367432,349402211.0
2020-05-19,4.849999904632568,5.650000095367432,4.650000095367432,5.449999809265137,883191828.0
2020-05-20,5.650000095367432,5.949999809265137,5.5,5.650000095367432,504593142.0
2020-05-21,5.650000095367432,5.849999904632568,5.349999904632568,5.550000190734863,400470088.0
2020-05-22,5.5,5.699999809265137,5.349999904632568,5.5,350191306.0
2020-05-26,5.550000190734863,5.75,5.5,5.599999904632568,254588763.0
2020-05-27,5.650000095367432,5.699999809265137,5.550000190734863,5.650000095367432,196436800.0
2020-05-28,5.699999809265137,6.050000190734863,5.650000095367432,5.800000190734863,498436003.0
2020-05-29,6.349999904632568,7.800000190734863,6.349999904632568,6.550000190734863,1073741823.0
2020-06-01,6.449999809265137,6.900000095367432,6.0,6.550000190734863,504566767.0
2020-06-02,6.650000095367432,7.849999904632568,6.599999904632568,7.699999809265137,940712269.0
2020-06-03,8.0,8.850000381469727,7.800000190734863,8.100000381469727,963452004.0
2020-06-04,8.199999809265137,8.899999618530273,8.0,8.600000381469727,870345865.0
2020-06-05,9.199999809265137,10.75,9.0,10.5,722961400.0
2020-06-08,11.550000190734863,12.600000381469728,11.199999809265137,12.0,875540832.0
2020-06-09,12.350000381469728,12.350000381469728,9.0,10.050000190734863,485568457.0
2020-06-10,9.699999809265137,11.0,9.100000381469728,10.850000381469728,21663710.0
2020-06-11,11.100000381469728,11.449999809265137,9.149999618530272,9.399999618530272,1073741823.0
2020-06-12,8.5,10.300000190734863,8.0,10.149999618530272,428987207.0
2020-06-15,10.800000190734863,10.800000190734863,9.899999618530272,10.149999618530272,860072479.0
2020-06-16,10.300000190734863,10.399999618530272,9.199999809265137,9.75,807989244.0
2020-06-17,9.350000381469728,10.0,9.350000381469728,9.850000381469728,449439930.0
2020-06-18,9.850000381469728,10.350000381469728,9.050000190734863,9.75,994738202.0
2020-06-19,9.75,9.899999618530272,9.050000190734863,9.149999618530272,542136358.0
2020-06-22,9.199999809265137,10.5,9.050000190734863,10.100000381469728,125582495.0
2020-06-23,10.100000381469728,10.5,10.0,10.25,442636336.0
2020-06-24,10.350000381469728,10.399999618530272,9.5,9.800000190734863,524309917.0
2020-06-25,9.399999618530272,10.100000381469728,9.25,9.850000381469728,595177700.0
2020-06-26,9.800000190734863,10.75,9.75,10.399999618530272,19946693.0
2020-06-29,10.600000381469728,11.25,10.100000381469728,11.100000381469728,994232174.0
2020-06-30,11.449999809265137,11.449999809265137,10.5,10.600000381469728,885288809.0
2020-07-01,10.399999618530272,10.75,10.050000190734863,10.149999618530272,434160300.0
2020-07-02,10.199999809265137,10.449999809265137,9.75,10.050000190734863,369159111.0
2020-07-03,10.100000381469728,10.25,9.850000381469728,10.0,261979691.0
2020-07-06,10.100000381469728,10.100000381469728,9.75,9.800000190734863,231233013.0
2020-07-07,9.800000190734863,9.850000381469728,9.449999809265137,9.550000190734863,240978456.0
2020-07-08,9.600000381469728,9.899999618530272,9.100000381469728,9.300000190734863,451507367.0
2020-07-09,9.25,9.5,9.0,9.350000381469728,360685550.0
2020-07-10,9.199999809265137,9.899999618530272,8.75,9.75,924533453.0
2020-07-13,10.0,10.100000381469728,9.5,9.75,378786463.0
2020-07-14,9.649999618530272,9.699999809265137,9.300000190734863,9.350000381469728,278276181.0
2020-07-15,9.199999809265137,9.350000381469728,8.449999809265137,8.649999618530273,475980943.0
2020-07-16,8.649999618530273,8.699999809265137,7.0,7.849999904632568,990846027.0
2020-07-17,7.599999904632568,9.0,7.449999809265137,8.899999618530273,764115052.0
2020-07-20,9.399999618530272,9.699999809265137,8.25,9.100000381469728,1034469293.0
2020-07-21,8.949999809265137,8.949999809265137,8.149999618530273,8.300000190734863,644443669.0
2020-07-22,8.449999809265137,9.050000190734863,8.350000381469727,8.550000190734863,505614748.0
2020-07-23,8.899999618530273,8.899999618530273,8.5,8.600000381469727,232008377.0
2020-07-24,8.399999618530273,8.550000190734863,8.100000381469727,8.399999618530273,242262782.0
2020-07-27,8.199999809265137,8.449999809265137,8.0,8.050000190734863,177632018.0
2020-07-28,8.050000190734863,8.149999618530273,7.800000190734863,8.050000190734863,189177411.0
2020-07-29,8.0,8.649999618530273,7.849999904632568,8.25,359492082.0
2020-07-30,8.25,8.5,7.949999809265137,8.0,293048882.0
2020-07-31,8.100000381469727,8.5,8.100000381469727,8.399999618530273,340455059.0
2020-08-03,8.399999618530273,8.850000381469727,8.0,8.699999809265137,422266642.0
2020-08-04,8.699999809265137,8.949999809265137,8.5,8.649999618530273,328489260.0
2020-08-05,8.600000381469727,8.75,8.149999618530273,8.300000190734863,289455100.0
2020-08-06,8.300000190734863,8.5,8.149999618530273,8.25,177568336.0
2020-08-07,7.900000095367432,8.949999809265137,7.599999904632568,8.850000381469727,686898461.0
2020-08-10,9.0,9.199999809265137,8.800000190734863,9.100000381469728,418021584.0
2020-08-11,8.899999618530273,8.949999809265137,8.649999618530273,8.699999809265137,161123113.0
2020-08-12,8.600000381469727,9.050000190734863,8.550000190734863,8.850000381469727,160016342.0
2020-08-13,8.949999809265137,9.149999618530272,8.800000190734863,9.050000190734863,182054082.0
2020-08-14,9.0,9.350000381469728,8.699999809265137,8.949999809265137,332532208.0
2020-08-17,9.050000190734863,9.149999618530272,8.850000381469727,8.949999809265137,108158573.0
2020-08-18,8.949999809265137,9.0,8.699999809265137,8.850000381469727,179567657.0
2020-08-19,8.75,8.899999618530273,8.600000381469727,8.699999809265137,140531839.0
2020-08-20,8.600000381469727,8.800000190734863,8.449999809265137,8.5,152580184.0
2020-08-21,8.600000381469727,8.699999809265137,8.449999809265137,8.5,101582302.0
2020-08-24,8.649999618530273,9.25,8.399999618530273,9.100000381469728,531620523.0
2020-08-25,9.149999618530272,9.25,8.899999618530273,9.0,157251700.0
2020-08-26,9.0,9.050000190734863,8.850000381469727,8.899999618530273,91976394.0
2020-08-27,8.899999618530273,9.0,8.699999809265137,8.850000381469727,209574820.0
2020-08-28,8.949999809265137,10.449999809265137,8.899999618530273,10.100000381469728,214288640.0
2020-08-31,10.5,11.100000381469728,9.600000381469728,10.199999809265137,687026051.0
2020-09-01,10.800000190734863,10.949999809265137,7.650000095367432,8.850000381469727,680730246.0
2020-09-02,9.300000190734863,10.149999618530272,9.199999809265137,9.899999618530272,560088566.0
2020-09-03,10.5,12.850000381469728,10.449999809265137,12.550000190734863,487992026.0
2020-09-04,11.300000190734863,13.5,11.300000190734863,12.050000190734863,556772102.0
2020-09-07,13.25,13.25,11.949999809265137,12.300000190734863,296049294.0
2020-09-08,12.5,12.600000381469728,11.149999618530272,11.300000190734863,504295962.0
2020-09-09,10.949999809265137,11.25,10.550000190734863,11.100000381469728,388937297.0
2020-09-10,11.300000190734863,11.550000190734863,11.0,11.399999618530272,358369742.0
2020-09-11,11.399999618530272,11.399999618530272,10.899999618530272,11.149999618530272,223833805.0
2020-09-14,11.350000381469728,11.850000381469728,11.050000190734863,11.550000190734863,381304064.0
2020-09-15,11.850000381469728,12.25,11.649999618530272,11.75,742500490.0
2020-09-16,11.800000190734863,11.850000381469728,11.449999809265137,11.5,158712590.0
2020-09-17,11.399999618530272,11.449999809265137,11.100000381469728,11.25,190390751.0
2020-09-18,11.199999809265137,11.699999809265137,11.050000190734863,11.25,346084587.0
2020-09-21,11.25,11.399999618530272,10.300000190734863,10.399999618530272,315922033.0
2020-09-22,10.350000381469728,10.449999809265137,9.649999618530272,10.25,434043144.0
2020-09-23,10.0,10.199999809265137,8.850000381469727,9.199999809265137,612130572.0
2020-09-24,8.949999809265137,9.449999809265137,8.550000190734863,9.100000381469728,511436181.0
2020-09-25,9.350000381469728,10.449999809265137,9.0,10.300000190734863,505791107.0
2020-09-28,10.75,10.800000190734863,10.100000381469728,10.350000381469728,413963574.0
2020-09-29,10.100000381469728,10.25,9.550000190734863,9.800000190734863,460512776.0
2020-09-30,9.800000190734863,10.100000381469728,9.300000190734863,9.550000190734863,340579246.0
2020-10-01,9.300000190734863,9.5,9.100000381469728,9.25,215628107.0
2020-10-05,9.25,9.5,8.949999809265137,9.0,304615132.0
2020-10-06,9.100000381469728,9.149999618530272,8.75,8.800000190734863,172114862.0
2020-10-07,8.800000190734863,8.850000381469727,8.5,8.550000190734863,189207463.0
2020-10-08,8.550000190734863,9.199999809265137,8.550000190734863,8.949999809265137,254381369.0
2020-10-09,9.050000190734863,9.199999809265137,8.850000381469727,8.899999618530273,113599121.0
2020-10-12,9.0,9.0,8.649999618530273,8.699999809265137,100602860.0
2020-10-13,8.550000190734863,8.699999809265137,8.449999809265137,8.550000190734863,103026043.0
2020-10-14,8.600000381469727,8.649999618530273,8.199999809265137,8.399999618530273,158887359.0
2020-10-15,8.25,8.350000381469727,7.900000095367432,8.0,188269523.0
2020-10-16,8.0,8.300000190734863,7.949999809265137,8.050000190734863,122714651.0
2020-10-19,8.100000381469727,8.149999618530273,7.599999904632568,7.949999809265137,215833783.0
2020-10-20,7.900000095367432,9.0,7.75,8.699999809265137,375865473.0
2020-10-21,8.75,8.899999618530273,8.449999809265137,8.600000381469727,176946022.0
2020-10-22,8.5,9.0,8.399999618530273,8.899999618530273,169885521.0
2020-10-23,9.100000381469728,9.25,8.850000381469727,9.050000190734863,366905560.0
2020-10-26,9.050000190734863,9.149999618530272,8.850000381469727,8.899999618530273,92408619.0
2020-10-27,8.800000190734863,8.850000381469727,8.649999618530273,8.699999809265137,75352842.0
2020-10-28,8.699999809265137,9.050000190734863,8.550000190734863,8.699999809265137,150109864.0
2020-10-29,8.600000381469727,8.75,8.25,8.350000381469727,200714768.0
2020-10-30,8.100000381469727,8.949999809265137,8.0,8.75,417087976.0
2020-11-02,8.800000190734863,8.899999618530273,8.399999618530273,8.75,251873794.0
2020-11-03,8.699999809265137,8.699999809265137,8.5,8.550000190734863,107561247.0
2020-11-04,8.5,8.600000381469727,8.350000381469727,8.399999618530273,73165683.0
2020-11-05,8.5,8.600000381469727,8.350000381469727,8.5,86070777.0
2020-11-06,8.449999809265137,8.949999809265137,8.399999618530273,8.600000381469727,158987012.0
2020-11-09,8.75,8.800000190734863,8.550000190734863,8.699999809265137,121084167.0
2020-11-10,8.649999618530273,8.699999809265137,8.5,8.550000190734863,113716651.0
2020-11-11,8.5,8.649999618530273,8.399999618530273,8.449999809265137,134558775.0
2020-11-12,8.449999809265137,8.649999618530273,8.399999618530273,8.5,103703745.0
2020-11-13,8.5,8.850000381469727,8.449999809265137,8.699999809265137,206654827.0
2020-11-14,8.949999809265137,9.25,8.800000190734863,9.100000381469728,248779292.0
2020-11-17,9.100000381469728,10.0,9.100000381469728,9.300000190734863,635729848.0
2020-11-18,9.199999809265137,9.550000190734863,9.100000381469728,9.199999809265137,234862530.0
2020-11-19,9.149999618530272,9.600000381469728,9.050000190734863,9.25,303524665.0
2020-11-20,9.550000190734863,10.149999618530272,9.5,10.050000190734863,559636322.0
2020-11-23,10.300000190734863,10.600000381469728,10.149999618530272,10.399999618530272,392518684.0
2020-11-24,10.5,10.75,10.149999618530272,10.25,449615731.0
2020-11-25,10.300000190734863,10.350000381469728,9.649999618530272,9.699999809265137,444960297.0
2020-11-26,9.699999809265137,10.0,9.600000381469728,9.949999809265137,273322035.0
2020-11-27,10.0,10.100000381469728,9.649999618530272,9.800000190734863,211191365.0
2020-12-01,9.800000190734863,10.350000381469728,9.600000381469728,10.0,354320484.0
2020-12-02,9.949999809265137,10.199999809265137,9.800000190734863,9.899999618530272,172606976.0
2020-12-03,10.0,10.050000190734863,9.800000190734863,9.949999809265137,151257328.0
2020-12-04,9.899999618530272,10.0,9.649999618530272,9.75,183317075.0
2020-12-07,9.800000190734863,9.850000381469728,9.550000190734863,9.600000381469728,134836089.0
2020-12-08,9.600000381469728,9.850000381469728,9.5,9.550000190734863,169069975.0
2020-12-09,9.600000381469728,10.0,9.449999809265137,9.850000381469728,299947714.0
2020-12-10,9.899999618530272,10.100000381469728,9.649999618530272,9.850000381469728,159494190.0
2020-12-11,9.850000381469728,10.350000381469728,9.699999809265137,10.100000381469728,414971366.0
2020-12-14,10.25,10.399999618530272,9.899999618530272,10.050000190734863,275807086.0
2020-12-15,10.050000190734863,10.050000190734863,9.699999809265137,9.899999618530272,140533584.0
2020-12-16,9.949999809265137,10.149999618530272,9.800000190734863,10.0,162488886.0
2020-12-17,9.949999809265137,10.25,9.800000190734863,9.949999809265137,229483126.0
2020-12-18,9.899999618530272,10.149999618530272,9.699999809265137,9.850000381469728,203187097.0
2020-12-21,9.949999809265137,10.050000190734863,8.899999618530273,9.199999809265137,341621075.0
2020-12-22,9.199999809265137,9.600000381469728,8.899999618530273,9.5,379432196.0
2020-12-23,9.5,10.649999618530272,9.399999618530272,10.550000190734863,611362315.0
2020-12-24,10.600000381469728,10.649999618530272,9.949999809265137,10.100000381469728,409236971.0
2020-12-28,10.149999618530272,10.600000381469728,10.149999618530272,10.399999618530272,254691531.0
2020-12-29,10.399999618530272,10.550000190734863,10.100000381469728,10.300000190734863,290602851.0
2020-12-30,10.350000381469728,10.350000381469728,10.050000190734863,10.199999809265137,196181871.0
2020-12-31,10.199999809265137,10.899999618530272,10.100000381469728,10.649999618530272,733827571.0
2021-01-01,10.75,11.350000381469728,10.600000381469728,11.199999809265137,423793813.0
2021-01-04,11.800000190734863,12.149999618530272,11.449999809265137,11.899999618530272,649973524.0
2021-01-05,11.800000190734863,12.149999618530272,11.600000381469728,11.899999618530272,335592305.0
2021-01-06,12.0,12.25,11.5,11.850000381469728,374712576.0
2021-01-07,11.949999809265137,12.350000381469728,11.850000381469728,11.949999809265137,352143303.0
2021-01-08,12.100000381469728,12.300000190734863,11.649999618530272,11.75,290761549.0
2021-01-11,11.949999809265137,12.050000190734863,11.350000381469728,11.5,221429001.0
2021-01-12,11.449999809265137,12.25,11.300000190734863,12.100000381469728,389146921.0
2021-01-13,12.25,12.75,11.899999618530272,12.25,672714234.0
2021-01-14,12.350000381469728,12.449999809265137,12.100000381469728,12.300000190734863,167998404.0
2021-01-15,12.350000381469728,13.800000190734863,12.300000190734863,13.649999618530272,150727721.0
2021-01-18,13.649999618530272,13.649999618530272,12.600000381469728,13.0,494595504.0
2021-01-19,13.149999618530272,13.649999618530272,13.100000381469728,13.300000190734863,260285118.0
2021-01-20,13.300000190734863,13.5,13.199999809265137,13.350000381469728,196034331.0
2021-01-21,13.350000381469728,13.649999618530272,12.800000190734863,12.899999618530272,275489083.0
2021-01-22,12.949999809265137,13.100000381469728,12.399999618530272,12.699999809265137,359520848.0
2021-01-25,12.800000190734863,12.850000381469728,11.550000190734863,11.75,462082038.0
2021-01-27,11.699999809265137,12.0,11.350000381469728,11.600000381469728,425911676.0
2021-01-28,11.5,12.25,11.399999618530272,11.75,455920820.0
2021-01-29,11.800000190734863,12.0,10.949999809265137,11.199999809265137,289672779.0
2021-02-01,11.100000381469728,11.800000190734863,10.850000381469728,11.699999809265137,277025482.0
2021-02-02,11.850000381469728,11.949999809265137,11.5,11.850000381469728,219351517.0
2021-02-03,11.899999618530272,12.75,11.699999809265137,12.25,354263383.0
2021-02-04,12.300000190734863,12.5,12.100000381469728,12.149999618530272,163102730.0
2021-02-05,12.199999809265137,12.449999809265137,11.899999618530272,12.0,196604376.0
2021-02-08,12.100000381469728,12.149999618530272,11.600000381469728,11.699999809265137,181041724.0
2021-02-09,11.600000381469728,12.5,11.600000381469728,11.949999809265137,316749597.0
2021-02-10,11.949999809265137,12.100000381469728,11.699999809265137,11.899999618530272,127210199.0
2021-02-11,11.899999618530272,13.050000190734863,11.800000190734863,12.899999618530272,538132731.0
2021-02-12,12.850000381469728,13.0,12.300000190734863,12.5,421777135.0
2021-02-15,12.149999618530272,12.899999618530272,11.899999618530272,12.100000381469728,333722604.0
2021-02-16,12.199999809265137,12.25,11.649999618530272,11.75,213050922.0
2021-02-17,11.75,12.399999618530272,11.649999618530272,11.899999618530272,236876381.0
2021-02-18,11.949999809265137,11.949999809265137,11.449999809265137,11.550000190734863,197557956.0
2021-02-19,11.5,11.699999809265137,10.800000190734863,10.899999618530272,316179539.0
2021-02-22,10.899999618530272,11.25,10.649999618530272,10.75,244411595.0
2021-02-23,10.800000190734863,11.149999618530272,10.800000190734863,11.0,228784619.0
2021-02-24,11.149999618530272,11.600000381469728,11.100000381469728,11.449999809265137,215734006.0
2021-02-25,11.5,11.850000381469728,11.449999809265137,11.649999618530272,205917447.0
2021-02-26,11.5,11.75,11.25,11.300000190734863,288634828.0
2021-03-01,11.399999618530272,11.449999809265137,10.899999618530272,11.050000190734863,183553814.0
2021-03-02,11.100000381469728,11.5,10.899999618530272,11.350000381469728,292065348.0
2021-03-03,11.449999809265137,11.649999618530272,11.100000381469728,11.149999618530272,216754057.0
2021-03-04,11.0,11.149999618530272,10.899999618530272,11.0,156391976.0
2021-03-05,10.899999618530272,11.0,10.399999618530272,10.550000190734863,294392507.0
2021-03-08,10.699999809265137,10.899999618530272,10.449999809265137,10.5,165778445.0
2021-03-09,10.550000190734863,10.649999618530272,9.899999618530272,10.100000381469728,258920821.0
2021-03-10,10.199999809265137,10.399999618530272,10.100000381469728,10.300000190734863,130052014.0
2021-03-12,10.449999809265137,10.600000381469728,10.149999618530272,10.199999809265137,185463143.0
2021-03-15,10.199999809265137,10.25,9.899999618530272,10.050000190734863,129419759.0
2021-03-16,10.100000381469728,10.75,10.050000190734863,10.149999618530272,183256039.0
2021-03-17,10.199999809265137,10.199999809265137,9.75,9.850000381469728,182276351.0
2021-03-18,10.100000381469728,10.25,9.600000381469728,9.899999618530272,217584197.0
2021-03-19,9.899999618530272,9.949999809265137,9.550000190734863,9.75,219176606.0
2021-03-22,9.699999809265137,10.149999618530272,9.550000190734863,10.0,141848777.0
2021-03-23,10.050000190734863,10.199999809265137,9.899999618530272,10.100000381469728,119941044.0
2021-03-24,10.050000190734863,10.050000190734863,9.699999809265137,9.75,98345903.0
2021-03-25,9.75,9.800000190734863,8.800000190734863,8.899999618530273,585923023.0
2021-03-26,9.100000381469728,9.449999809265137,9.050000190734863,9.100000381469728,368334602.0
2021-03-30,9.300000190734863,9.5,9.0,9.199999809265137,170192599.0
2021-03-31,9.25,9.800000190734863,9.100000381469728,9.25,263121309.0
2021-04-01,9.300000190734863,10.149999618530272,9.199999809265137,10.0,249215374.0
2021-04-05,9.949999809265137,10.0,9.25,9.550000190734863,177588656.0
2021-04-06,9.5,9.899999618530272,9.449999809265137,9.699999809265137,200557398.0
2021-04-07,9.899999618530272,10.0,9.699999809265137,9.75,163017659.0
2021-04-08,9.850000381469728,9.949999809265137,9.350000381469728,9.399999618530272,174461804.0
2021-04-09,9.449999809265137,9.699999809265137,9.399999618530272,9.399999618530272,98860394.0
2021-04-12,9.300000190734863,9.300000190734863,8.600000381469727,8.75,230871743.0
2021-04-13,8.850000381469727,9.0,8.800000190734863,8.949999809265137,121410282.0
2021-04-15,8.899999618530273,9.100000381469728,8.649999618530273,8.949999809265137,155089395.0
2021-04-16,8.899999618530273,8.949999809265137,8.800000190734863,8.850000381469727,72798915.0
2021-04-19,8.600000381469727,8.600000381469727,8.300000190734863,8.449999809265137,132327626.0
2021-04-20,8.5,8.649999618530273,8.300000190734863,8.449999809265137,92343831.0
2021-04-22,8.449999809265137,8.649999618530273,8.350000381469727,8.449999809265137,121409013.0
2021-04-23,8.399999618530273,8.550000190734863,8.350000381469727,8.449999809265137,61571313.0
2021-04-26,8.550000190734863,8.600000381469727,8.449999809265137,8.449999809265137,55862755.0
2021-04-27,8.449999809265137,8.75,8.449999809265137,8.699999809265137,107539610.0
2021-04-28,8.75,8.850000381469727,8.600000381469727,8.649999618530273,102877140.0
2021-04-29,8.699999809265137,8.75,8.350000381469727,8.399999618530273,155613116.0
2021-04-30,8.350000381469727,8.600000381469727,8.300000190734863,8.350000381469727,98167086.0
2021-05-03,8.300000190734863,8.550000190734863,8.25,8.449999809265137,88911009.0
2021-05-04,8.449999809265137,8.550000190734863,8.199999809265137,8.25,130270445.0
2021-05-05,8.300000190734863,8.449999809265137,8.25,8.350000381469727,81857103.0
2021-05-06,8.399999618530273,8.449999809265137,8.25,8.300000190734863,60140244.0
2021-05-07,8.350000381469727,8.399999618530273,8.199999809265137,8.300000190734863,108570333.0
2021-05-10,8.300000190734863,8.300000190734863,8.050000190734863,8.199999809265137,173571300.0
2021-05-11,8.149999618530273,8.199999809265137,8.050000190734863,8.100000381469727,86024008.0
2021-05-12,8.149999618530273,9.149999618530272,8.100000381469727,8.800000190734863,397884076.0
2021-05-14,9.0,9.100000381469728,8.550000190734863,8.649999618530273,171516548.0
2021-05-17,8.699999809265137,8.75,8.5,8.550000190734863,78204978.0
2021-05-18,8.600000381469727,8.699999809265137,8.5,8.550000190734863,70097530.0
2021-05-19,8.5,8.699999809265137,8.399999618530273,8.449999809265137,87317836.0
2021-05-20,8.449999809265137,8.5,8.350000381469727,8.399999618530273,67889823.0
2021-05-21,8.449999809265137,8.699999809265137,8.399999618530273,8.550000190734863,134046773.0
2021-05-24,8.550000190734863,8.699999809265137,8.5,8.600000381469727,90310531.0
2021-05-25,8.649999618530273,8.699999809265137,8.449999809265137,8.550000190734863,81688375.0
2021-05-26,8.649999618530273,8.649999618530273,8.5,8.550000190734863,74951767.0
2021-05-27,8.550000190734863,8.600000381469727,8.399999618530273,8.449999809265137,110294218.0
2021-05-28,8.550000190734863,9.100000381469728,8.449999809265137,8.699999809265137,197270856.0
2021-05-31,8.75,8.800000190734863,8.649999618530273,8.649999618530273,68439642.0
2021-06-01,8.699999809265137,8.75,8.449999809265137,8.5,95070972.0
2021-06-02,8.550000190734863,8.850000381469727,8.449999809265137,8.800000190734863,160917782.0
2021-06-03,8.850000381469727,9.449999809265137,8.800000190734863,9.350000381469728,433568903.0
2021-06-04,9.399999618530272,9.850000381469728,9.350000381469728,9.75,364137160.0
2021-06-07,10.0,10.25,9.949999809265137,10.100000381469728,259698765.0
2021-06-08,10.149999618530272,10.300000190734863,9.600000381469728,10.050000190734863,310914889.0
2021-06-09,10.100000381469728,10.149999618530272,9.5,9.649999618530272,208316036.0
2021-06-10,9.75,10.050000190734863,9.699999809265137,9.949999809265137,140332528.0
2021-06-11,10.0,10.149999618530272,9.75,9.850000381469728,161600504.0
2021-06-14,9.800000190734863,9.899999618530272,9.5,9.649999618530272,127161642.0
2021-06-15,9.75,9.899999618530272,9.649999618530272,9.699999809265137,87659985.0
2021-06-16,9.699999809265137,9.850000381469728,9.449999809265137,9.550000190734863,147068682.0
2021-06-17,9.449999809265137,9.800000190734863,9.399999618530272,9.449999809265137,175515506.0
2021-06-18,9.5,10.5,9.050000190734863,10.350000381469728,807562466.0
2021-06-21,10.399999618530272,10.550000190734863,10.0,10.149999618530272,315324065.0
2021-06-22,10.25,10.300000190734863,9.899999618530272,10.0,192460495.0
2021-06-23,10.050000190734863,10.149999618530272,9.850000381469728,9.949999809265137,148990511.0
2021-06-24,10.050000190734863,10.149999618530272,9.5,9.550000190734863,289568632.0
2021-06-25,9.699999809265137,10.850000381469728,9.649999618530272,10.600000381469728,501201896.0
2021-06-28,10.800000190734863,10.949999809265137,10.350000381469728,10.449999809265137,272304494.0
2021-06-29,10.449999809265137,10.699999809265137,10.0,10.100000381469728,188762210.0
2021-06-30,10.149999618530272,10.300000190734863,9.850000381469728,9.949999809265137,202158194.0
2021-07-01,9.0,9.449999809265137,8.5,9.050000190734863,643708116.0
2021-07-02,8.899999618530273,9.050000190734863,8.699999809265137,8.800000190734863,325983509.0
2021-07-05,8.800000190734863,9.399999618530272,8.5,9.100000381469728,432371910.0
2021-07-06,9.100000381469728,9.25,8.75,8.800000190734863,222325441.0
2021-07-07,8.800000190734863,9.0,8.75,8.850000381469727,99089056.0
2021-07-08,9.0,9.100000381469728,8.699999809265137,8.800000190734863,186035498.0
2021-07-09,8.800000190734863,9.300000190734863,8.75,9.050000190734863,179039654.0
2021-07-12,9.350000381469728,9.399999618530272,9.0,9.0,113554620.0
2021-07-13,8.899999618530273,9.100000381469728,8.800000190734863,8.850000381469727,98428364.0
2021-07-14,8.850000381469727,8.949999809265137,8.800000190734863,8.800000190734863,53712938.0
2021-07-15,8.850000381469727,9.0,8.75,8.75,68310928.0
2021-07-16,9.050000190734863,9.600000381469728,9.050000190734863,9.449999809265137,580298117.0
2021-07-19,9.550000190734863,9.899999618530272,8.550000190734863,9.149999618530272,748615182.0
2021-07-20,9.050000190734863,9.350000381469728,8.899999618530273,9.0,247909265.0
2021-07-22,9.199999809265137,9.550000190734863,8.850000381469727,9.25,682342777.0
2021-07-23,9.350000381469728,9.550000190734863,7.900000095367432,8.350000381469727,74301422.0
2021-07-26,8.350000381469727,8.5,8.100000381469727,8.300000190734863,219484526.0
2021-07-27,8.300000190734863,8.5,8.300000190734863,8.399999618530273,141166507.0
2021-07-28,8.449999809265137,8.75,8.199999809265137,8.350000381469727,268614790.0
2021-07-29,8.350000381469727,8.600000381469727,8.149999618530273,8.25,208357478.0
2021-07-30,8.25,8.399999618530273,8.199999809265137,8.25,119176003.0
2021-08-02,8.350000381469727,8.550000190734863,8.199999809265137,8.25,177255904.0
2021-08-03,8.25,8.25,7.150000095367432,7.400000095367432,839530394.0
2021-08-04,7.150000095367432,7.349999904632568,5.949999809265137,6.0,198746192.0
2021-08-05,5.400000095367432,6.099999904632568,4.550000190734863,5.949999809265137,2515.0
2021-08-06,6.5,7.349999904632568,6.5,7.099999904632568,186436853.0
2021-08-09,7.300000190734863,7.599999904632568,6.400000095367432,6.900000095367432,946049079.0
2021-08-10,7.0,7.199999809265137,6.599999904632568,6.650000095367432,424588646.0
2021-08-11,6.599999904632568,6.75,6.300000190734863,6.650000095367432,280814303.0
2021-08-12,6.699999809265137,6.75,6.449999809265137,6.5,121102582.0
2021-08-13,6.449999809265137,6.599999904632568,6.25,6.300000190734863,184754336.0
2021-08-16,6.0,6.25,5.849999904632568,5.949999809265137,180162546.0
2021-08-17,6.050000190734863,6.050000190734863,5.599999904632568,5.75,197222207.0
2021-08-18,5.650000095367432,6.849999904632568,5.599999904632568,6.449999809265137,459576977.0
2021-08-20,5.949999809265137,6.400000095367432,5.900000095367432,5.949999809265137,309374862.0
2021-08-23,6.050000190734863,6.449999809265137,5.800000190734863,6.0,478730436.0
2021-08-24,6.150000095367432,6.300000190734863,6.050000190734863,6.25,160571972.0
2021-08-25,6.25,6.400000095367432,6.199999809265137,6.300000190734863,132510533.0
2021-08-26,6.25,6.300000190734863,5.800000190734863,5.900000095367432,282965357.0
2021-08-27,5.900000095367432,6.099999904632568,5.849999904632568,6.0,161965520.0
2021-08-30,6.050000190734863,6.099999904632568,5.900000095367432,5.949999809265137,84925689.0
2021-08-31,5.949999809265137,6.400000095367432,5.849999904632568,6.099999904632568,298905204.0
2021-09-01,6.050000190734863,6.349999904632568,6.0,6.099999904632568,278532142.0
2021-09-02,6.199999809265137,7.25,6.150000095367432,7.150000095367432,736165238.0
2021-09-03,7.300000190734863,8.100000381469727,6.900000095367432,7.25,964239433.0
2021-09-06,7.25,7.599999904632568,7.050000190734863,7.25,252682376.0
2021-09-07,7.300000190734863,8.399999618530273,7.150000095367432,8.25,1060683827.0
2021-09-08,8.800000190734863,9.050000190734863,7.800000190734863,8.050000190734863,266753969.0
2021-09-09,8.050000190734863,8.5,7.699999809265137,8.399999618530273,432353363.0
2021-09-13,8.5,8.550000190734863,7.849999904632568,7.949999809265137,357392698.0
2021-09-14,7.949999809265137,9.0,7.900000095367432,8.699999809265137,776770515.0
2021-09-15,8.949999809265137,9.300000190734863,8.550000190734863,8.949999809265137,967395027.0
2021-09-16,9.800000190734863,11.5,9.649999618530272,11.25,1277.0
2021-09-17,12.0,12.350000381469728,10.550000190734863,11.149999618530272,334284294.0
2021-09-20,11.399999618530272,11.850000381469728,10.600000381469728,10.75,681707927.0
2021-09-21,10.850000381469728,11.0,10.100000381469728,10.800000190734863,642657663.0
2021-09-22,10.699999809265137,10.699999809265137,10.300000190734863,10.399999618530272,332186145.0
2021-09-23,10.75,10.850000381469728,10.399999618530272,10.550000190734863,341449899.0
2021-09-24,10.600000381469728,11.649999618530272,10.449999809265137,11.5,948798242.0
2021-09-27,11.300000190734863,11.5,11.050000190734863,11.350000381469728,336469438.0
2021-09-28,11.5,11.600000381469728,10.800000190734863,10.949999809265137,319440917.0
2021-09-29,10.949999809265137,11.449999809265137,10.899999618530272,11.25,323684354.0
2021-09-30,11.399999618530272,12.100000381469728,11.25,11.899999618530272,1004213104.0
2021-10-01,11.649999618530272,11.75,11.350000381469728,11.399999618530272,371738193.0
2021-10-04,11.5,11.600000381469728,11.300000190734863,11.399999618530272,202808054.0
2021-10-05,11.300000190734863,12.25,11.25,11.550000190734863,654039214.0
2021-10-06,11.699999809265137,12.0,11.149999618530272,11.449999809265137,455208528.0
2021-10-07,11.649999618530272,11.800000190734863,11.25,11.350000381469728,267547079.0
2021-10-08,11.449999809265137,11.550000190734863,11.25,11.350000381469728,181782419.0
2021-10-11,11.399999618530272,11.399999618530272,10.800000190734863,10.850000381469728,313737218.0
2021-10-12,11.100000381469728,11.149999618530272,10.5,10.649999618530272,311795594.0
2021-10-13,10.800000190734863,11.0,10.600000381469728,10.699999809265137,176514112.0
2021-10-14,10.800000190734863,10.899999618530272,10.699999809265137,10.75,118675965.0
2021-10-18,10.850000381469728,10.850000381469728,10.5,10.600000381469728,137172814.0
2021-10-19,10.699999809265137,10.800000190734863,9.899999618530272,10.0,348088357.0
2021-10-20,10.0,10.949999809265137,9.550000190734863,10.600000381469728,416526281.0
2021-10-21,10.600000381469728,10.649999618530272,10.25,10.300000190734863,125286481.0
2021-10-22,10.399999618530272,10.5,10.100000381469728,10.25,97302490.0
2021-10-25,10.25,10.600000381469728,10.149999618530272,10.399999618530272,225518417.0
2021-10-26,10.600000381469728,10.75,10.199999809265137,10.399999618530272,272779493.0
2021-10-27,10.399999618530272,10.5,10.149999618530272,10.25,124230433.0
2021-10-28,10.25,10.300000190734863,9.649999618530272,9.699999809265137,256619916.0
2021-10-29,9.699999809265137,9.800000190734863,9.350000381469728,9.550000190734863,227585692.0
2021-11-01,9.550000190734863,10.25,9.5,10.100000381469728,224482919.0
2021-11-02,10.100000381469728,10.25,10.0,10.050000190734863,82120783.0
2021-11-03,10.100000381469728,10.149999618530272,9.800000190734863,9.899999618530272,78764848.0
2021-11-04,10.100000381469728,10.100000381469728,9.949999809265137,10.0,32509434.0
2021-11-08,10.100000381469728,10.149999618530272,9.699999809265137,9.800000190734863,113299445.0
2021-11-09,9.800000190734863,10.600000381469728,9.75,10.399999618530272,308063929.0
2021-11-10,10.399999618530272,10.550000190734863,10.199999809265137,10.300000190734863,225294464.0
2021-11-11,10.300000190734863,10.449999809265137,9.800000190734863,9.850000381469728,195692044.0
2021-11-12,9.949999809265137,10.449999809265137,9.949999809265137,10.300000190734863,285024686.0
2021-11-15,10.300000190734863,10.300000190734863,10.0,10.100000381469728,111342364.0
2021-11-16,10.149999618530272,10.300000190734863,9.899999618530272,10.0,129214157.0
2021-11-17,9.949999809265137,10.199999809265137,9.899999618530272,9.949999809265137,114140242.0
2021-11-18,10.0,10.149999618530272,9.800000190734863,9.949999809265137,174855380.0
2021-11-22,10.550000190734863,10.899999618530272,10.25,10.600000381469728,470316125.0
2021-11-23,10.449999809265137,10.899999618530272,10.300000190734863,10.600000381469728,310455628.0
2021-11-24,10.699999809265137,11.25,10.5,11.0,453943692.0
2021-11-25,11.0,11.75,10.699999809265137,11.649999618530272,595160678.0
2021-11-26,11.449999809265137,11.550000190734863,10.75,10.850000381469728,338755270.0
2021-11-29,11.899999618530272,12.399999618530272,11.050000190734863,11.199999809265137,649190753.0
2021-11-30,11.199999809265137,11.600000381469728,10.949999809265137,11.050000190734863,343788272.0
2021-12-01,11.100000381469728,13.25,10.699999809265137,12.800000190734863,934267710.0
2021-12-02,12.399999618530272,13.449999809265137,12.399999618530272,12.800000190734863,865489758.0
2021-12-03,12.800000190734863,14.699999809265137,12.600000381469728,14.449999809265137,36523618.0
2021-12-06,14.75,15.850000381469728,14.399999618530272,15.0,621402098.0
2021-12-07,14.850000381469728,15.199999809265137,13.899999618530272,14.25,578444565.0
2021-12-08,14.449999809265137,15.0,14.199999809265137,14.300000190734863,426340896.0
2021-12-09,14.600000381469728,16.700000762939453,14.449999809265137,16.399999618530273,261586037.0
2021-12-10,16.549999237060547,16.799999237060547,16.200000762939453,16.399999618530273,536463667.0
2021-12-13,16.600000381469727,16.799999237060547,15.399999618530272,15.5,380820068.0
2021-12-14,15.350000381469728,16.100000381469727,15.0,15.25,358293222.0
2021-12-15,15.350000381469728,15.75,14.850000381469728,14.949999809265137,266963643.0
2021-12-16,15.25,15.449999809265137,14.300000190734863,14.699999809265137,316956135.0
2021-12-17,15.0,15.100000381469728,13.899999618530272,14.050000190734863,326888956.0
2021-12-20,13.949999809265137,14.5,13.25,13.649999618530272,520033942.0
2021-12-21,13.850000381469728,14.800000190734863,13.800000190734863,13.949999809265137,415801774.0
2021-12-22,14.149999618530272,14.25,13.649999618530272,13.899999618530272,269158618.0
2021-12-23,14.050000190734863,14.199999809265137,13.699999809265137,13.800000190734863,110183733.0
2021-12-24,13.850000381469728,14.100000381469728,13.399999618530272,13.649999618530272,248366228.0
2021-12-27,13.449999809265137,13.75,13.300000190734863,13.449999809265137,133998036.0
2021-12-28,13.550000190734863,14.0,13.5,13.75,186304390.0
2021-12-29,13.75,14.800000190734863,13.699999809265137,14.449999809265137,348532953.0
2021-12-30,14.449999809265137,14.800000190734863,13.899999618530272,14.0,396404094.0
2021-12-31,14.149999618530272,15.699999809265137,14.050000190734863,15.350000381469728,635686929.0
2022-01-03,15.350000381469728,16.049999237060547,15.25,15.550000190734863,392307918.0
2022-01-04,15.699999809265137,15.850000381469728,15.100000381469728,15.25,286611986.0
2022-01-05,15.300000190734863,15.600000381469728,15.050000190734863,15.100000381469728,251510189.0
2022-01-06,15.0,15.75,14.899999618530272,15.300000190734863,304801531.0
2022-01-07,15.550000190734863,15.600000381469728,15.0,15.100000381469728,256333161.0
2022-01-10,15.25,15.350000381469728,14.649999618530272,14.850000381469728,217190508.0
2022-01-11,13.399999618530272,13.600000381469728,11.399999618530272,11.800000190734863,1034962025.0
2022-01-12,12.199999809265137,13.5,12.0,12.800000190734863,856995853.0
2022-01-13,13.149999618530272,13.25,12.600000381469728,12.800000190734863,258126625.0
2022-01-14,12.850000381469728,13.0,12.699999809265137,12.75,158830431.0
2022-01-17,12.800000190734863,12.949999809265137,12.449999809265137,12.5,172004314.0
2022-01-18,12.600000381469728,12.600000381469728,12.0,12.050000190734863,179807332.0
2022-01-19,11.850000381469728,12.050000190734863,11.600000381469728,11.949999809265137,229377462.0
2022-01-20,11.899999618530272,12.350000381469728,11.850000381469728,12.050000190734863,124495401.0
2022-01-21,11.850000381469728,12.25,11.75,11.850000381469728,169930902.0
2022-01-24,11.399999618530272,11.850000381469728,10.75,10.949999809265137,345228541.0
2022-01-25,10.800000190734863,11.5,10.800000190734863,11.300000190734863,385767954.0
2022-01-27,11.0,11.199999809265137,10.600000381469728,10.649999618530272,330017669.0
2022-01-28,10.899999618530272,11.300000190734863,10.699999809265137,10.800000190734863,307103764.0
2022-01-31,11.0,11.050000190734863,10.5,10.649999618530272,242691613.0
2022-02-01,10.850000381469728,11.25,10.649999618530272,10.699999809265137,271565319.0
2022-02-02,11.0,11.949999809265137,10.899999618530272,11.399999618530272,441251145.0
2022-02-03,11.399999618530272,11.649999618530272,11.100000381469728,11.350000381469728,191781527.0
2022-02-04,11.350000381469728,11.850000381469728,11.199999809265137,11.300000190734863,303446679.0
2022-02-07,11.25,11.399999618530272,10.850000381469728,10.949999809265137,165475780.0
2022-02-08,11.100000381469728,11.199999809265137,10.800000190734863,10.850000381469728,158896027.0
2022-02-09,11.0,11.149999618530272,10.699999809265137,10.800000190734863,172831139.0
2022-02-10,10.899999618530272,11.449999809265137,10.649999618530272,11.149999618530272,258923751.0
2022-02-11,11.0,11.149999618530272,10.75,10.800000190734863,145093038.0
2022-02-14,10.600000381469728,10.649999618530272,10.100000381469728,10.149999618530272,216331897.0
2022-02-15,10.25,10.800000190734863,10.0,10.649999618530272,236971182.0
2022-02-16,10.649999618530272,11.0,10.5,10.600000381469728,217431751.0
2022-02-17,10.649999618530272,10.75,10.399999618530272,10.550000190734863,129366952.0
2022-02-18,10.600000381469728,11.0,10.5,10.649999618530272,184511485.0
2022-02-21,10.550000190734863,11.649999618530272,10.399999618530272,11.25,448511464.0
2022-02-22,10.899999618530272,11.149999618530272,10.699999809265137,10.899999618530272,227160056.0
2022-02-23,11.050000190734863,11.100000381469728,10.649999618530272,10.699999809265137,183591222.0
2022-02-24,10.600000381469728,10.800000190734863,9.449999809265137,9.649999618530272,487108695.0
2022-02-25,9.949999809265137,10.5,9.899999618530272,10.25,247443030.0
2022-02-28,10.350000381469728,10.699999809265137,10.0,10.300000190734863,306658932.0
2022-03-02,10.25,10.600000381469728,10.050000190734863,10.449999809265137,217653897.0
2022-03-03,10.699999809265137,11.25,10.550000190734863,11.100000381469728,395142363.0
2022-03-04,11.300000190734863,11.350000381469728,10.199999809265137,10.350000381469728,500785414.0
2022-03-07,10.0,10.149999618530272,9.350000381469728,9.550000190734863,339965364.0
2022-03-08,9.649999618530272,10.050000190734863,9.600000381469728,9.899999618530272,197754813.0
2022-03-09,10.0,10.399999618530272,9.949999809265137,10.300000190734863,199472650.0
2022-03-10,10.5,10.600000381469728,10.149999618530272,10.25,186424639.0
2022-03-11,10.25,10.600000381469728,10.149999618530272,10.399999618530272,174683164.0
2022-03-14,10.350000381469728,10.550000190734863,10.149999618530272,10.199999809265137,145345741.0
2022-03-15,10.199999809265137,10.5,9.899999618530272,10.0,252176614.0
2022-03-16,10.199999809265137,10.350000381469728,10.100000381469728,10.300000190734863,110948916.0
2022-03-17,10.449999809265137,10.5,10.199999809265137,10.25,103325255.0
2022-03-21,10.350000381469728,10.350000381469728,10.0,10.050000190734863,149816155.0
2022-03-22,10.100000381469728,10.149999618530272,9.949999809265137,10.050000190734863,104914784.0
2022-03-23,10.100000381469728,10.199999809265137,9.949999809265137,10.0,128567672.0
2022-03-24,10.0,10.300000190734863,9.949999809265137,10.149999618530272,138075385.0
2022-03-25,10.199999809265137,10.300000190734863,10.050000190734863,10.100000381469728,64143373.0
2022-03-28,10.149999618530272,10.199999809265137,9.899999618530272,9.949999809265137,122293544.0
2022-03-29,10.0,10.149999618530272,9.699999809265137,9.850000381469728,203159086.0
2022-03-30,9.850000381469728,10.0,9.75,9.850000381469728,119727635.0
2022-03-31,9.899999618530272,10.050000190734863,9.600000381469728,9.649999618530272,300299605.0
2022-04-01,9.649999618530272,10.300000190734863,9.600000381469728,10.100000381469728,289713459.0
2022-04-04,10.199999809265137,10.449999809265137,10.050000190734863,10.25,216401604.0
2022-04-05,10.25,10.550000190734863,10.25,10.350000381469728,150340411.0
2022-04-06,10.350000381469728,11.050000190734863,10.300000190734863,10.800000190734863,377709026.0
2022-04-07,10.699999809265137,11.149999618530272,10.550000190734863,10.899999618530272,231561178.0
2022-04-08,10.949999809265137,11.550000190734863,10.800000190734863,11.199999809265137,414858819.0
2022-04-11,11.25,11.449999809265137,10.800000190734863,10.850000381469728,212303273.0
2022-04-12,10.899999618530272,11.0,10.449999809265137,10.600000381469728,174071705.0
2022-04-13,10.649999618530272,10.75,10.300000190734863,10.399999618530272,132504775.0
2022-04-18,10.300000190734863,10.350000381469728,10.0,10.100000381469728,124221099.0
2022-04-19,10.149999618530272,10.25,9.800000190734863,9.899999618530272,127572854.0
2022-04-20,9.949999809265137,10.149999618530272,9.850000381469728,10.0,108663665.0
2022-04-21,10.0,10.149999618530272,9.949999809265137,10.0,91823510.0
2022-04-22,9.899999618530272,10.149999618530272,9.899999618530272,9.949999809265137,65127833.0
2022-04-25,9.899999618530272,10.0,9.699999809265137,9.800000190734863,134926969.0
2022-04-26,9.899999618530272,10.100000381469728,9.800000190734863,10.0,150464634.0
2022-04-27,9.899999618530272,9.949999809265137,9.5,9.600000381469728,181426424.0
2022-04-28,9.75,9.800000190734863,9.449999809265137,9.550000190734863,118941136.0
2022-04-29,9.649999618530272,9.75,9.449999809265137,9.5,90289428.0
2022-05-02,9.449999809265137,9.550000190734863,9.25,9.300000190734863,77360700.0
2022-05-04,9.300000190734863,9.550000190734863,9.050000190734863,9.100000381469728,123964174.0
2022-05-05,9.199999809265137,9.350000381469728,9.0,9.050000190734863,112741463.0
2022-05-06,8.899999618530273,9.199999809265137,8.850000381469727,9.050000190734863,108276825.0
2022-05-09,9.050000190734863,9.149999618530272,8.850000381469727,8.949999809265137,82291631.0
2022-05-10,8.949999809265137,9.149999618530272,8.649999618530273,8.699999809265137,103467944.0
2022-05-11,8.800000190734863,9.050000190734863,8.5,8.649999618530273,141068768.0
2022-05-12,8.600000381469727,8.649999618530273,8.149999618530273,8.149999618530273,122299874.0
2022-05-13,8.25,8.600000381469727,8.199999809265137,8.350000381469727,115583664.0
2022-05-16,8.699999809265137,9.649999618530272,8.649999618530273,9.399999618530272,313077986.0
2022-05-17,9.449999809265137,9.550000190734863,9.149999618530272,9.350000381469728,158304604.0
2022-05-18,9.399999618530272,9.449999809265137,9.149999618530272,9.199999809265137,94081506.0
2022-05-19,9.0,9.149999618530272,8.800000190734863,8.899999618530273,158601434.0
2022-05-20,9.050000190734863,9.199999809265137,9.0,9.100000381469728,90461945.0
2022-05-23,9.149999618530272,9.25,9.0,9.050000190734863,130948873.0
2022-05-24,9.050000190734863,9.100000381469728,8.850000381469727,9.0,120731587.0
2022-05-25,9.050000190734863,9.100000381469728,8.649999618530273,8.75,94420521.0
2022-05-26,8.899999618530273,9.0,8.399999618530273,8.600000381469727,175421842.0
2022-05-27,8.800000190734863,9.050000190734863,8.75,8.899999618530273,133714106.0
2022-05-30,9.0,9.449999809265137,8.949999809265137,9.300000190734863,179951331.0
2022-05-31,9.300000190734863,10.199999809265137,9.25,9.600000381469728,450301959.0
2022-06-01,9.550000190734863,9.550000190734863,9.199999809265137,9.350000381469728,121582658.0
2022-06-02,9.350000381469728,9.649999618530272,9.350000381469728,9.550000190734863,101097316.0
2022-06-03,9.600000381469728,9.649999618530272,9.149999618530272,9.199999809265137,96480772.0
2022-06-06,9.199999809265137,9.350000381469728,9.0,9.25,84250726.0
2022-06-07,9.149999618530272,9.449999809265137,9.100000381469728,9.199999809265137,81509475.0
2022-06-08,9.25,9.399999618530272,9.100000381469728,9.149999618530272,86565785.0
2022-06-09,9.149999618530272,9.350000381469728,9.100000381469728,9.199999809265137,65474270.0
2022-06-10,9.149999618530272,9.300000190734863,9.050000190734863,9.100000381469728,75627175.0
2022-06-13,9.0,9.050000190734863,8.649999618530273,8.699999809265137,121759230.0
2022-06-14,8.699999809265137,8.949999809265137,8.649999618530273,8.800000190734863,87687916.0
2022-06-15,8.800000190734863,8.899999618530273,8.75,8.800000190734863,49186723.0
2022-06-16,8.899999618530273,9.0,8.399999618530273,8.5,121891601.0
2022-06-17,8.449999809265137,8.5,8.149999618530273,8.199999809265137,131581747.0
2022-06-20,8.199999809265137,8.300000190734863,7.75,7.949999809265137,157409392.0
2022-06-21,8.0,8.600000381469727,7.949999809265137,8.449999809265137,112013231.0
2022-06-22,8.399999618530273,8.699999809265137,8.199999809265137,8.550000190734863,135415425.0
2022-06-23,8.600000381469727,8.75,8.399999618530273,8.550000190734863,92828648.0
2022-06-24,8.649999618530273,8.800000190734863,8.550000190734863,8.75,77570510.0
2022-06-27,8.850000381469727,9.050000190734863,8.649999618530273,8.850000381469727,99812575.0
2022-06-28,8.850000381469727,9.0,8.75,8.850000381469727,73902850.0
2022-06-29,8.699999809265137,8.850000381469727,8.550000190734863,8.649999618530273,78915156.0
2022-06-30,8.600000381469727,8.75,8.350000381469727,8.399999618530273,86291965.0
2022-07-01,8.350000381469727,8.600000381469727,8.199999809265137,8.5,65435996.0
2022-07-04,8.5,8.550000190734863,8.350000381469727,8.350000381469727,47370007.0
2022-07-05,8.399999618530273,8.550000190734863,8.199999809265137,8.25,63865786.0
2022-07-06,8.300000190734863,8.550000190734863,8.25,8.5,71931350.0
2022-07-07,8.600000381469727,8.649999618530273,8.449999809265137,8.449999809265137,35276679.0
2022-07-08,8.550000190734863,8.600000381469727,8.350000381469727,8.399999618530273,52840896.0
2022-07-11,8.399999618530273,8.949999809265137,8.350000381469727,8.699999809265137,147364601.0
2022-07-12,8.699999809265137,8.850000381469727,8.600000381469727,8.699999809265137,75819447.0
2022-07-13,8.75,8.800000190734863,8.649999618530273,8.75,74741149.0
2022-07-14,8.800000190734863,8.850000381469727,8.550000190734863,8.649999618530273,64950158.0
2022-07-15,8.699999809265137,8.75,8.550000190734863,8.699999809265137,64685887.0
2022-07-18,8.75,8.949999809265137,8.699999809265137,8.850000381469727,80654418.0
2022-07-19,8.899999618530273,9.100000381469728,8.850000381469727,8.949999809265137,102375485.0
2022-07-20,9.0,9.100000381469728,8.75,8.800000190734863,54032498.0
2022-07-21,8.850000381469727,9.149999618530272,8.800000190734863,9.0,76731264.0
2022-07-22,9.050000190734863,9.100000381469728,8.899999618530273,8.949999809265137,43831081.0
2022-07-25,8.949999809265137,9.050000190734863,8.899999618530273,8.899999618530273,55798993.0
2022-07-26,8.949999809265137,9.0,8.75,8.850000381469727,51873423.0
2022-07-27,8.850000381469727,8.899999618530273,8.699999809265137,8.75,45666096.0
2022-07-28,8.800000190734863,8.850000381469727,8.550000190734863,8.649999618530273,97039985.0
2022-07-29,8.699999809265137,8.850000381469727,8.649999618530273,8.75,47561914.0
2022-08-01,8.75,9.199999809265137,8.75,9.100000381469728,81643472.0
2022-08-02,9.25,9.550000190734863,9.199999809265137,9.399999618530272,190943056.0
2022-08-03,9.399999618530272,9.5,8.949999809265137,9.100000381469728,104022570.0
2022-08-04,9.0,9.050000190734863,8.550000190734863,8.75,226139134.0
2022-08-05,8.850000381469727,8.949999809265137,8.699999809265137,8.75,66026291.0
2022-08-08,8.75,8.800000190734863,8.600000381469727,8.649999618530273,52044923.0
2022-08-10,8.699999809265137,8.75,8.550000190734863,8.600000381469727,58889485.0
2022-08-11,8.699999809265137,8.75,8.600000381469727,8.649999618530273,42700665.0
2022-08-12,8.649999618530273,8.899999618530273,8.600000381469727,8.699999809265137,75641149.0
2022-08-16,8.699999809265137,9.0,8.699999809265137,8.850000381469727,77326180.0
2022-08-17,8.850000381469727,9.100000381469728,8.800000190734863,9.0,116538966.0
2022-08-18,8.949999809265137,9.100000381469728,8.899999618530273,8.899999618530273,72240170.0
2022-08-19,8.949999809265137,9.050000190734863,8.75,8.800000190734863,75499764.0
2022-08-22,8.800000190734863,8.800000190734863,8.600000381469727,8.649999618530273,55944257.0
2022-08-23,8.600000381469727,8.899999618530273,8.5,8.850000381469727,107453602.0
2022-08-24,8.850000381469727,9.350000381469728,8.850000381469727,9.199999809265137,212053128.0
2022-08-25,9.25,9.550000190734863,9.100000381469728,9.100000381469728,227348904.0
2022-08-26,9.199999809265137,9.350000381469728,9.050000190734863,9.149999618530272,92065318.0
2022-08-29,8.949999809265137,9.050000190734863,8.850000381469727,8.850000381469727,57261824.0
2022-08-30,8.949999809265137,9.25,8.899999618530273,9.050000190734863,190296432.0
2022-09-01,8.949999809265137,9.300000190734863,8.899999618530273,9.100000381469728,97661094.0
2022-09-02,9.100000381469728,9.199999809265137,8.949999809265137,8.949999809265137,59655184.0
2022-09-05,9.050000190734863,9.449999809265137,9.050000190734863,9.300000190734863,125064037.0
2022-09-06,9.300000190734863,9.399999618530272,9.100000381469728,9.149999618530272,89838115.0
2022-09-07,9.100000381469728,10.050000190734863,9.050000190734863,9.75,550251093.0
2022-09-08,9.899999618530272,10.050000190734863,9.600000381469728,9.699999809265137,189117081.0
2022-09-09,9.850000381469728,10.050000190734863,9.5,9.550000190734863,162950807.0
2022-09-12,9.699999809265137,9.75,9.600000381469728,9.649999618530272,70771284.0
2022-09-13,9.699999809265137,10.100000381469728,9.649999618530272,9.899999618530272,213272439.0
2022-09-14,9.699999809265137,9.850000381469728,9.550000190734863,9.75,124341286.0
2022-09-15,9.800000190734863,9.949999809265137,9.600000381469728,9.649999618530272,78110014.0
2022-09-16,9.550000190734863,9.649999618530272,9.100000381469728,9.199999809265137,195307564.0
2022-09-19,9.25,9.300000190734863,9.050000190734863,9.100000381469728,108056923.0
2022-09-20,9.149999618530272,9.300000190734863,9.100000381469728,9.149999618530272,61392686.0
2022-09-21,9.149999618530272,9.350000381469728,9.050000190734863,9.199999809265137,105103028.0
2022-09-22,9.199999809265137,9.300000190734863,9.0,9.100000381469728,102095299.0
2022-09-23,9.149999618530272,9.199999809265137,8.899999618530273,8.949999809265137,81348132.0
2022-09-26,8.899999618530273,9.149999618530272,8.699999809265137,9.0,134224433.0
2022-09-27,9.050000190734863,9.25,9.0,9.149999618530272,83587559.0
2022-09-28,9.0,9.350000381469728,8.949999809265137,9.0,115098132.0
2022-09-29,9.050000190734863,9.199999809265137,8.399999618530273,8.5,171641115.0
2022-09-30,8.5,9.050000190734863,8.5,8.800000190734863,223318668.0
2022-10-03,8.850000381469727,9.199999809265137,8.800000190734863,8.850000381469727,190181511.0
2022-10-04,9.0,9.149999618530272,8.899999618530273,9.0,108423095.0
2022-10-06,9.050000190734863,9.149999618530272,8.899999618530273,9.0,67880130.0
2022-10-07,9.0,9.199999809265137,8.949999809265137,9.100000381469728,120002040.0
2022-10-10,8.949999809265137,9.050000190734863,8.800000190734863,8.850000381469727,79255978.0
2022-10-11,8.899999618530273,8.949999809265137,8.550000190734863,8.649999618530273,125773464.0
2022-10-12,8.699999809265137,8.75,8.550000190734863,8.649999618530273,65239891.0
2022-10-13,8.649999618530273,8.699999809265137,8.449999809265137,8.600000381469727,84845696.0
2022-10-14,8.75,8.75,8.449999809265137,8.5,52104162.0
2022-10-17,8.5,8.550000190734863,8.350000381469727,8.399999618530273,41261207.0
2022-10-18,8.449999809265137,8.600000381469727,8.399999618530273,8.449999809265137,57318958.0
2022-10-19,8.5,8.600000381469727,8.449999809265137,8.5,40387046.0
2022-10-20,8.5,8.699999809265137,8.449999809265137,8.550000190734863,68397571.0
2022-10-21,8.850000381469727,8.850000381469727,8.550000190734863,8.699999809265137,86075937.0
2022-10-24,8.800000190734863,8.800000190734863,8.649999618530273,8.699999809265137,20707092.0
2022-10-25,8.699999809265137,8.800000190734863,8.550000190734863,8.600000381469727,60611327.0
2022-10-27,8.649999618530273,8.75,8.550000190734863,8.600000381469727,56715467.0
2022-10-28,8.699999809265137,8.800000190734863,8.5,8.550000190734863,51348010.0
2022-10-31,8.600000381469727,8.649999618530273,8.550000190734863,8.550000190734863,34994151.0
2022-11-01,8.600000381469727,8.699999809265137,8.550000190734863,8.649999618530273,40710403.0
2022-11-02,8.649999618530273,8.649999618530273,8.550000190734863,8.550000190734863,26627766.0
2022-11-03,8.550000190734863,8.649999618530273,8.5,8.550000190734863,25842530.0
2022-11-04,8.5,8.550000190734863,8.300000190734863,8.399999618530273,99003627.0
2022-11-07,8.449999809265137,8.550000190734863,8.25,8.350000381469727,67831806.0
2022-11-09,8.399999618530273,8.699999809265137,8.300000190734863,8.5,122752329.0
2022-11-10,8.5,8.75,8.449999809265137,8.649999618530273,124169423.0
2022-11-11,8.699999809265137,8.75,8.399999618530273,8.5,93250736.0
2022-11-14,8.550000190734863,8.649999618530273,8.25,8.5,98580473.0
2022-11-15,8.550000190734863,8.550000190734863,8.399999618530273,8.449999809265137,49123547.0
2022-11-16,8.5,8.550000190734863,8.300000190734863,8.399999618530273,64996046.0
2022-11-17,8.449999809265137,8.5,8.300000190734863,8.350000381469727,45772691.0
2022-11-18,8.350000381469727,8.399999618530273,8.300000190734863,8.350000381469727,54369157.0
2022-11-21,8.399999618530273,8.5,8.300000190734863,8.399999618530273,60319068.0
2022-11-22,8.449999809265137,8.5,8.300000190734863,8.350000381469727,57836622.0
2022-11-23,8.350000381469727,8.399999618530273,8.149999618530273,8.25,74736942.0
2022-11-24,8.300000190734863,8.350000381469727,8.0,8.050000190734863,110160151.0
2022-11-25,8.050000190734863,8.100000381469727,7.949999809265137,8.050000190734863,76771472.0
2022-11-28,8.100000381469727,8.149999618530273,8.0,8.050000190734863,47234426.0
2022-11-29,8.100000381469727,8.149999618530273,8.0,8.050000190734863,57370817.0
2022-11-30,8.050000190734863,8.300000190734863,8.0,8.25,75150800.0
2022-12-01,8.300000190734863,8.300000190734863,8.100000381469727,8.149999618530273,58794481.0
2022-12-02,8.149999618530273,8.350000381469727,8.149999618530273,8.300000190734863,50332214.0
2022-12-05,8.350000381469727,8.350000381469727,8.149999618530273,8.149999618530273,54867545.0
2022-12-06,8.149999618530273,8.199999809265137,7.900000095367432,8.050000190734863,118700470.0
2022-12-07,8.100000381469727,8.100000381469727,7.900000095367432,8.0,73626545.0
2022-12-08,8.050000190734863,8.050000190734863,8.0,8.0,26523509.0
2022-12-09,8.050000190734863,8.050000190734863,7.900000095367432,7.949999809265137,64742478.0
2022-12-12,7.949999809265137,8.0,7.900000095367432,7.949999809265137,47484633.0
2022-12-13,7.949999809265137,8.0,7.849999904632568,7.900000095367432,67357811.0
2022-12-14,7.949999809265137,8.949999809265137,7.75,8.649999618530273,515723820.0
2022-12-15,8.649999618530273,8.75,8.25,8.399999618530273,166791398.0
2022-12-16,8.350000381469727,8.649999618530273,8.25,8.300000190734863,126725344.0
2022-12-19,8.350000381469727,8.449999809265137,8.25,8.350000381469727,70978218.0
2022-12-20,8.350000381469727,8.399999618530273,8.100000381469727,8.25,134972654.0
2022-12-21,8.300000190734863,8.300000190734863,7.949999809265137,8.0,69210822.0
2022-12-22,8.050000190734863,8.100000381469727,7.849999904632568,8.0,84371385.0
2022-12-23,7.949999809265137,8.0,7.599999904632568,7.650000095367432,87185371.0
2022-12-26,7.699999809265137,7.949999809265137,7.599999904632568,7.849999904632568,93261358.0
2022-12-27,7.849999904632568,8.0,7.849999904632568,7.900000095367432,69297538.0
2022-12-28,7.900000095367432,8.100000381469727,7.849999904632568,7.949999809265137,101478935.0
2022-12-29,7.949999809265137,8.0,7.800000190734863,7.900000095367432,90189533.0
2022-12-30,8.0,8.050000190734863,7.849999904632568,7.900000095367432,152322656.0
2023-01-02,7.900000095367432,8.100000381469727,7.849999904632568,8.0,48081381.0
2023-01-03,8.050000190734863,8.149999618530273,7.900000095367432,7.949999809265137,108858208.0
2023-01-04,7.949999809265137,8.0,7.699999809265137,7.800000190734863,127150341.0
2023-01-05,7.849999904632568,7.949999809265137,7.699999809265137,7.900000095367432,97595157.0
2023-01-06,7.900000095367432,7.900000095367432,7.699999809265137,7.800000190734863,96073516.0
2023-01-09,7.800000190734863,7.849999904632568,7.349999904632568,7.449999809265137,224378162.0
2023-01-10,7.400000095367432,7.5,7.150000095367432,7.25,109039325.0
2023-01-11,7.300000190734863,7.550000190734863,7.150000095367432,7.449999809265137,113799560.0
2023-01-12,7.449999809265137,7.449999809265137,7.150000095367432,7.349999904632568,82760483.0
2023-01-13,7.349999904632568,7.5,7.199999809265137,7.300000190734863,81144999.0
2023-01-16,7.300000190734863,7.349999904632568,7.099999904632568,7.199999809265137,76203775.0
2023-01-17,7.199999809265137,7.349999904632568,7.150000095367432,7.25,66561448.0
2023-01-18,7.25,7.349999904632568,7.150000095367432,7.300000190734863,40376482.0
2023-01-19,7.300000190734863,7.599999904632568,7.25,7.400000095367432,151598798.0
2023-01-20,7.449999809265137,7.449999809265137,7.199999809265137,7.25,51597026.0
2023-01-23,7.300000190734863,7.300000190734863,7.0,7.050000190734863,110363909.0
2023-01-24,7.050000190734863,7.199999809265137,6.949999809265137,7.050000190734863,107329586.0
2023-01-25,7.050000190734863,7.050000190734863,6.699999809265137,6.75,104380508.0
2023-01-27,6.800000190734863,6.849999904632568,6.300000190734863,6.400000095367432,140336474.0
2023-01-30,6.449999809265137,7.099999904632568,6.400000095367432,6.800000190734863,165341766.0
2023-01-31,6.900000095367432,7.150000095367432,6.75,7.050000190734863,108361076.0
2023-02-01,7.150000095367432,7.199999809265137,6.599999904632568,6.699999809265137,122646396.0
2023-02-02,6.699999809265137,7.050000190734863,6.599999904632568,6.800000190734863,109039158.0
2023-02-03,6.800000190734863,7.0,6.449999809265137,6.849999904632568,143726966.0
2023-02-06,7.5,8.600000381469727,7.5,8.25,675108185.0
2023-02-07,8.550000190734863,8.550000190734863,7.800000190734863,7.949999809265137,224333616.0
2023-02-08,8.050000190734863,8.050000190734863,7.650000095367432,7.900000095367432,135146676.0
2023-02-09,7.900000095367432,7.949999809265137,7.699999809265137,7.849999904632568,95732533.0
2023-02-10,7.75,8.050000190734863,7.699999809265137,7.849999904632568,71585105.0
2023-02-13,7.849999904632568,8.0,7.800000190734863,7.849999904632568,50407661.0
2023-02-14,7.849999904632568,7.900000095367432,7.650000095367432,7.699999809265137,50984495.0
2023-02-15,7.699999809265137,7.800000190734863,7.650000095367432,7.75,31730009.0
2023-02-16,7.699999809265137,7.75,7.400000095367432,7.5,82248551.0
2023-02-17,7.449999809265137,7.5,7.050000190734863,7.25,112014675.0
2023-02-20,7.199999809265137,7.25,6.849999904632568,7.050000190734863,152049838.0
2023-02-21,6.949999809265137,7.099999904632568,6.900000095367432,7.0,56554003.0
2023-02-22,7.0,7.199999809265137,6.900000095367432,7.0,94172202.0
2023-02-23,7.0,7.050000190734863,6.599999904632568,6.699999809265137,200373402.0
2023-02-24,6.75,7.050000190734863,6.650000095367432,6.75,134764686.0
2023-02-27,6.800000190734863,6.849999904632568,6.550000190734863,6.699999809265137,86209985.0
2023-02-28,6.699999809265137,6.900000095367432,6.650000095367432,6.800000190734863,67725048.0
2023-03-01,6.849999904632568,7.0,6.800000190734863,6.900000095367432,101315010.0
2023-03-02,6.900000095367432,7.050000190734863,6.849999904632568,6.949999809265137,40814192.0
2023-03-03,7.0,7.050000190734863,6.849999904632568,6.900000095367432,53189694.0
2023-03-06,6.949999809265137,7.050000190734863,6.900000095367432,6.949999809265137,48641336.0
2023-03-08,6.949999809265137,7.0,6.849999904632568,6.949999809265137,34888541.0
2023-03-09,6.949999809265137,7.0,6.849999904632568,6.849999904632568,39876831.0
2023-03-10,6.849999904632568,6.849999904632568,6.699999809265137,6.75,49809823.0
2023-03-13,6.800000190734863,6.800000190734863,6.550000190734863,6.599999904632568,54468617.0
2023-03-14,6.650000095367432,6.650000095367432,6.5,6.550000190734863,58565265.0
2023-03-15,6.599999904632568,6.650000095367432,6.400000095367432,6.400000095367432,58760946.0
2023-03-16,6.449999809265137,6.550000190734863,6.25,6.449999809265137,70627780.0
2023-03-17,6.449999809265137,6.5,6.349999904632568,6.400000095367432,79553023.0
2023-03-20,6.449999809265137,6.449999809265137,6.25,6.349999904632568,66231334.0
2023-03-21,6.349999904632568,6.400000095367432,6.300000190734863,6.300000190734863,50371395.0
2023-03-22,6.349999904632568,6.800000190734863,6.300000190734863,6.550000190734863,170527399.0
2023-03-23,6.550000190734863,6.550000190734863,6.400000095367432,6.449999809265137,54965463.0
2023-03-24,6.400000095367432,6.5,6.199999809265137,6.25,113503938.0
2023-03-27,6.25,6.300000190734863,6.0,6.050000190734863,73481124.0
2023-03-28,6.0,6.099999904632568,5.800000190734863,5.900000095367432,109833770.0
2023-03-29,5.900000095367432,6.050000190734863,5.800000190734863,5.900000095367432,95162411.0
2023-03-31,5.900000095367432,5.949999809265137,5.699999809265137,5.800000190734863,114439391.0
2023-04-03,5.849999904632568,6.25,5.800000190734863,6.150000095367432,115281750.0
2023-04-05,6.150000095367432,6.349999904632568,6.050000190734863,6.25,109358436.0
2023-04-06,6.199999809265137,6.300000190734863,6.150000095367432,6.25,87622817.0
2023-04-10,6.25,6.300000190734863,6.099999904632568,6.150000095367432,37645193.0
2023-04-11,6.199999809265137,6.199999809265137,6.050000190734863,6.099999904632568,36352340.0
2023-04-12,6.150000095367432,6.25,6.099999904632568,6.199999809265137,39172810.0
2023-04-13,6.199999809265137,6.25,6.050000190734863,6.050000190734863,38875654.0
2023-04-17,6.099999904632568,6.150000095367432,6.0,6.050000190734863,35501339.0
2023-04-18,6.099999904632568,6.099999904632568,6.0,6.050000190734863,27942624.0
2023-04-19,6.099999904632568,6.150000095367432,6.050000190734863,6.050000190734863,28209620.0
2023-04-20,6.050000190734863,6.099999904632568,6.0,6.050000190734863,20160099.0
2023-04-21,6.150000095367432,6.650000095367432,6.150000095367432,6.449999809265137,326277787.0
2023-04-24,6.5,6.550000190734863,6.25,6.349999904632568,88279995.0
2023-04-25,6.349999904632568,6.449999809265137,6.300000190734863,6.300000190734863,37745399.0
2023-04-26,6.349999904632568,6.699999809265137,6.300000190734863,6.550000190734863,169158349.0
2023-04-27,6.599999904632568,7.050000190734863,6.550000190734863,6.900000095367432,317650440.0
2023-04-28,6.949999809265137,7.099999904632568,6.900000095367432,6.949999809265137,95346249.0
2023-05-02,7.0,7.0,6.75,6.900000095367432,78645995.0
2023-05-03,6.900000095367432,7.150000095367432,6.849999904632568,6.900000095367432,82283911.0
2023-05-04,6.949999809265137,7.150000095367432,6.849999904632568,7.0,96883916.0
2023-05-05,6.949999809265137,7.099999904632568,6.849999904632568,6.900000095367432,59309955.0
2023-05-08,6.949999809265137,7.0,6.900000095367432,6.900000095367432,26422235.0
2023-05-09,6.949999809265137,7.0,6.800000190734863,6.800000190734863,31986884.0
2023-05-10,6.849999904632568,6.849999904632568,6.550000190734863,6.75,101392533.0
2023-05-11,6.800000190734863,7.300000190734863,6.75,7.150000095367432,202578532.0
2023-05-12,7.099999904632568,7.099999904632568,6.949999809265137,7.0,74270136.0
2023-05-15,7.0,7.300000190734863,7.0,7.050000190734863,69507856.0
2023-05-16,7.099999904632568,7.449999809265137,7.0,7.349999904632568,182466634.0
2023-05-17,7.25,7.25,7.0,7.050000190734863,112361973.0
2023-05-18,7.050000190734863,7.099999904632568,6.949999809265137,7.0,47696869.0
2023-05-19,7.099999904632568,7.099999904632568,6.900000095367432,7.050000190734863,49912293.0
2023-05-22,7.050000190734863,7.050000190734863,6.949999809265137,7.0,35838782.0
2023-05-23,7.050000190734863,7.050000190734863,6.949999809265137,6.949999809265137,33836036.0
2023-05-24,6.949999809265137,7.050000190734863,6.900000095367432,6.949999809265137,77537344.0
2023-05-25,6.949999809265137,7.25,6.849999904632568,7.0,149531180.0
2023-05-26,7.150000095367432,7.199999809265137,7.0,7.050000190734863,78262217.0
2023-05-29,7.099999904632568,7.300000190734863,7.050000190734863,7.099999904632568,86663626.0
2023-05-30,7.150000095367432,7.199999809265137,7.050000190734863,7.099999904632568,45601346.0
2023-05-31,7.150000095367432,7.25,6.949999809265137,7.199999809265137,101093940.0
2023-06-01,7.199999809265137,7.25,7.150000095367432,7.150000095367432,39538257.0
2023-06-02,7.199999809265137,7.25,7.099999904632568,7.150000095367432,30962188.0
2023-06-05,7.199999809265137,7.25,7.050000190734863,7.150000095367432,34807393.0
2023-06-06,7.150000095367432,7.150000095367432,7.0,7.050000190734863,35549017.0
2023-06-07,7.050000190734863,7.75,7.050000190734863,7.650000095367432,218120279.0
2023-06-08,7.800000190734863,7.800000190734863,7.349999904632568,7.349999904632568,135736706.0
2023-06-09,7.400000095367432,7.5,7.199999809265137,7.300000190734863,99974916.0
2023-06-12,7.349999904632568,7.599999904632568,7.25,7.5,94726837.0
2023-06-13,7.550000190734863,7.900000095367432,7.5,7.699999809265137,168436075.0
2023-06-14,8.149999618530273,8.25,7.849999904632568,7.900000095367432,344314076.0
2023-06-15,7.900000095367432,8.050000190734863,7.75,7.800000190734863,110857729.0
2023-06-16,7.849999904632568,8.0,7.75,7.800000190734863,70611505.0
2023-06-19,7.800000190734863,7.849999904632568,7.599999904632568,7.599999904632568,60944546.0
2023-06-20,7.599999904632568,7.650000095367432,7.349999904632568,7.400000095367432,76398916.0
2023-06-21,7.400000095367432,7.900000095367432,7.300000190734863,7.75,204460640.0
2023-06-22,7.699999809265137,7.849999904632568,7.400000095367432,7.449999809265137,178616430.0
2023-06-23,7.5,7.599999904632568,7.300000190734863,7.449999809265137,121876136.0
2023-06-26,7.5,7.75,7.300000190734863,7.650000095367432,121102250.0
2023-06-27,7.599999904632568,7.800000190734863,7.400000095367432,7.5,146099646.0
2023-06-28,7.550000190734863,7.699999809265137,7.400000095367432,7.449999809265137,162932638.0
2023-06-30,7.449999809265137,7.550000190734863,7.349999904632568,7.449999809265137,67694572.0
2023-07-03,7.5,7.699999809265137,7.400000095367432,7.550000190734863,113730513.0
2023-07-04,7.599999904632568,7.650000095367432,7.400000095367432,7.449999809265137,114988757.0
2023-07-05,7.5,7.550000190734863,7.349999904632568,7.400000095367432,52251221.0
2023-07-06,7.449999809265137,7.550000190734863,7.400000095367432,7.5,59174436.0
2023-07-07,7.449999809265137,7.550000190734863,7.400000095367432,7.449999809265137,44264999.0
2023-07-10,7.5,7.5,7.300000190734863,7.400000095367432,57873891.0
2023-07-11,7.400000095367432,7.449999809265137,7.349999904632568,7.349999904632568,26691845.0
2023-07-12,7.400000095367432,7.449999809265137,7.300000190734863,7.349999904632568,36718376.0
2023-07-13,7.349999904632568,7.449999809265137,7.150000095367432,7.25,54894524.0
2023-07-14,7.25,7.400000095367432,7.199999809265137,7.349999904632568,25205602.0
2023-07-17,7.400000095367432,7.75,7.349999904632568,7.599999904632568,164308131.0
2023-07-18,7.599999904632568,7.949999809265137,7.5,7.650000095367432,226580793.0
2023-07-19,7.699999809265137,7.849999904632568,7.599999904632568,7.699999809265137,214414336.0
2023-07-20,7.699999809265137,7.75,7.5,7.550000190734863,78672776.0
2023-07-21,7.599999904632568,7.949999809265137,7.550000190734863,7.849999904632568,182052309.0
2023-07-24,7.949999809265137,8.199999809265137,7.849999904632568,7.900000095367432,201076327.0
2023-07-25,7.949999809265137,8.100000381469727,7.800000190734863,7.900000095367432,83289856.0
2023-07-26,8.050000190734863,9.050000190734863,7.949999809265137,8.75,432809258.0
2023-07-27,9.050000190734863,9.149999618530272,8.399999618530273,8.5,349303652.0
2023-07-28,8.550000190734863,8.550000190734863,8.25,8.350000381469727,105874945.0
2023-07-31,8.350000381469727,8.600000381469727,8.25,8.300000190734863,167830357.0
2023-08-01,8.350000381469727,8.449999809265137,8.25,8.25,53341718.0
2023-08-02,8.25,8.300000190734863,7.849999904632568,7.900000095367432,122998245.0
2023-08-03,7.900000095367432,8.050000190734863,7.800000190734863,7.849999904632568,78116800.0
2023-08-04,7.900000095367432,8.399999618530273,7.849999904632568,8.25,153831069.0
2023-08-07,8.300000190734863,8.600000381469727,8.25,8.350000381469727,136867134.0
2023-08-08,8.399999618530273,8.600000381469727,8.199999809265137,8.300000190734863,214190887.0
2023-08-09,8.350000381469727,8.350000381469727,8.149999618530273,8.199999809265137,60774896.0
2023-08-10,8.199999809265137,8.350000381469727,8.0,8.050000190734863,115379984.0
2023-08-11,8.100000381469727,8.199999809265137,8.050000190734863,8.100000381469727,53205798.0
2023-08-14,8.100000381469727,8.149999618530273,7.800000190734863,8.050000190734863,84213332.0
2023-08-16,7.900000095367432,8.050000190734863,7.75,7.800000190734863,81663655.0
2023-08-17,7.75,8.0,7.699999809265137,7.75,139610388.0
2023-08-18,7.75,7.75,7.550000190734863,7.599999904632568,59588288.0
2023-08-21,7.650000095367432,7.699999809265137,7.5,7.550000190734863,50792310.0
2023-08-22,7.550000190734863,7.949999809265137,7.5,7.699999809265137,211201955.0
2023-08-23,7.800000190734863,7.949999809265137,7.75,7.800000190734863,63294971.0
2023-08-24,7.849999904632568,8.050000190734863,7.800000190734863,7.949999809265137,61522894.0
2023-08-25,8.050000190734863,8.850000381469727,8.0,8.699999809265137,441374591.0
2023-08-28,8.899999618530273,9.300000190734863,8.5,9.0,476663058.0
2023-08-29,9.0,9.399999618530272,8.850000381469727,8.899999618530273,359055328.0
2023-08-30,8.899999618530273,9.25,8.899999618530273,9.050000190734863,190028023.0
2023-08-31,9.149999618530272,9.350000381469728,9.0,9.050000190734863,160750655.0
2023-09-01,9.149999618530272,10.399999618530272,9.100000381469728,10.0,723352196.0
2023-09-04,10.100000381469728,10.300000190734863,9.75,10.0,286251897.0
2023-09-05,10.050000190734863,10.199999809265137,9.699999809265137,9.899999618530272,135212639.0
2023-09-06,10.0,10.850000381469728,9.550000190734863,10.649999618530272,365620360.0
2023-09-07,10.649999618530272,10.850000381469728,10.399999618530272,10.5,277644136.0
2023-09-08,10.550000190734863,11.0,10.449999809265137,10.5,338142088.0
2023-09-11,10.649999618530272,11.550000190734863,10.449999809265137,11.300000190734863,630535186.0
2023-09-12,11.399999618530272,11.5,10.300000190734863,10.5,475634589.0
2023-09-13,10.5,11.199999809265137,10.300000190734863,11.0,262788174.0
2023-09-14,11.100000381469728,11.199999809265137,10.699999809265137,10.899999618530272,111299731.0
2023-09-15,11.0,11.949999809265137,10.899999618530272,11.699999809265137,525814217.0
2023-09-18,12.5,12.5,10.800000190734863,10.899999618530272,449336113.0
2023-09-20,10.949999809265137,11.399999618530272,10.850000381469728,11.0,164487454.0
2023-09-21,10.949999809265137,11.199999809265137,10.600000381469728,10.850000381469728,177823721.0
2023-09-22,10.899999618530272,11.649999618530272,10.649999618530272,11.300000190734863,298308392.0
2023-09-25,11.350000381469728,11.5,11.050000190734863,11.300000190734863,162564918.0
2023-09-26,11.399999618530272,12.199999809265137,11.300000190734863,12.100000381469728,507001428.0
2023-09-27,12.149999618530272,12.449999809265137,11.850000381469728,12.0,354689878.0
2023-09-28,11.949999809265137,12.100000381469728,11.5,11.649999618530272,287054708.0
2023-09-29,11.75,12.100000381469728,11.600000381469728,11.649999618530272,184144576.0
2023-10-03,11.75,12.050000190734863,11.399999618530272,12.0,271979331.0
2023-10-04,11.949999809265137,11.949999809265137,11.300000190734863,11.449999809265137,197695801.0
2023-10-05,11.550000190734863,11.600000381469728,11.050000190734863,11.199999809265137,164929055.0
2023-10-06,11.199999809265137,11.300000190734863,10.850000381469728,10.949999809265137,122177842.0
2023-10-09,10.699999809265137,11.399999618530272,10.550000190734863,10.899999618530272,388193444.0
2023-10-10,11.0,11.199999809265137,10.899999618530272,11.050000190734863,92969641.0
2023-10-11,11.199999809265137,12.0,11.149999618530272,11.850000381469728,379122405.0
2023-10-12,11.899999618530272,12.149999618530272,11.550000190734863,11.899999618530272,235677761.0
2023-10-13,11.800000190734863,12.350000381469728,11.75,12.0,364679969.0
2023-10-16,12.100000381469728,12.100000381469728,11.699999809265137,11.800000190734863,196345841.0
2023-10-17,11.850000381469728,12.199999809265137,11.800000190734863,11.899999618530272,241635361.0
2023-10-18,11.949999809265137,12.050000190734863,11.550000190734863,11.699999809265137,149897595.0
2023-10-19,11.600000381469728,12.100000381469728,11.550000190734863,12.0,241997615.0
2023-10-20,12.0,12.100000381469728,11.649999618530272,11.75,150616671.0
2023-10-23,11.800000190734863,11.899999618530272,10.850000381469728,10.949999809265137,229385426.0
2023-10-25,11.0,11.199999809265137,10.600000381469728,10.850000381469728,259001685.0
2023-10-26,10.850000381469728,10.949999809265137,10.5,10.75,163742432.0
2023-10-27,10.649999618530272,11.050000190734863,10.649999618530272,10.899999618530272,207190392.0
2023-10-30,11.0,11.949999809265137,10.699999809265137,11.649999618530272,361623422.0
2023-10-31,11.75,12.199999809265137,11.649999618530272,11.850000381469728,321029390.0
2023-11-01,11.899999618530272,13.550000190734863,11.800000190734863,12.800000190734863,972052999.0
2023-11-02,13.149999618530272,13.850000381469728,12.800000190734863,13.75,643741830.0
2023-11-03,14.0,14.350000381469728,13.550000190734863,13.75,619244987.0
2023-11-06,13.899999618530272,14.050000190734863,13.5,13.550000190734863,170833667.0
2023-11-07,13.600000381469728,14.0,13.350000381469728,13.850000381469728,254228187.0
2023-11-08,14.0,14.100000381469728,13.550000190734863,13.649999618530272,148084393.0
2023-11-09,13.800000190734863,14.100000381469728,13.699999809265137,13.899999618530272,212163600.0
2023-11-10,14.149999618530272,14.449999809265137,13.649999618530272,13.699999809265137,249891022.0
2023-11-13,14.0,14.050000190734863,13.699999809265137,13.949999809265137,104362588.0
2023-11-15,14.050000190734863,14.199999809265137,13.800000190734863,14.050000190734863,163370284.0
2023-11-16,14.100000381469728,14.800000190734863,14.050000190734863,14.399999618530272,312952258.0
2023-11-17,14.449999809265137,14.800000190734863,14.25,14.550000190734863,255833442.0
2023-11-20,14.649999618530272,15.050000190734863,14.0,14.149999618530272,359762952.0
2023-11-21,14.300000190734863,14.350000381469728,13.699999809265137,13.850000381469728,210863398.0
2023-11-22,13.800000190734863,13.850000381469728,13.300000190734863,13.5,207998055.0
2023-11-23,13.550000190734863,13.800000190734863,13.399999618530272,13.600000381469728,168569500.0
2023-11-24,13.649999618530272,13.75,13.300000190734863,13.350000381469728,128887582.0
2023-11-28,13.399999618530272,13.600000381469728,13.100000381469728,13.25,138360228.0
2023-11-29,13.300000190734863,13.449999809265137,13.149999618530272,13.199999809265137,127233494.0
2023-11-30,13.199999809265137,13.399999618530272,12.949999809265137,13.050000190734863,617533424.0
2023-12-01,13.300000190734863,13.550000190734863,13.199999809265137,13.25,181542248.0
2023-12-04,13.449999809265137,13.5,13.100000381469728,13.149999618530272,219950343.0
2023-12-05,13.199999809265137,13.399999618530272,12.800000190734863,13.050000190734863,258146151.0
2023-12-06,13.149999618530272,13.149999618530272,12.800000190734863,12.850000381469728,143223567.0
2023-12-07,12.850000381469728,13.550000190734863,12.699999809265137,13.199999809265137,239610072.0
2023-12-08,13.300000190734863,13.350000381469728,12.649999618530272,12.899999618530272,237806590.0
2023-12-11,12.899999618530272,13.399999618530272,12.899999618530272,13.149999618530272,298883455.0
2023-12-12,13.25,13.300000190734863,12.949999809265137,13.149999618530272,208970536.0
2023-12-13,13.199999809265137,13.600000381469728,13.100000381469728,13.199999809265137,369309542.0
2023-12-14,13.300000190734863,14.199999809265137,13.199999809265137,13.949999809265137,414076096.0
2023-12-15,14.0,14.25,13.550000190734863,14.050000190734863,354922019.0
2023-12-18,14.399999618530272,14.5,13.899999618530272,14.100000381469728,370995029.0
2023-12-19,14.149999618530272,14.449999809265137,13.949999809265137,14.0,278863922.0
2023-12-20,14.100000381469728,14.399999618530272,13.0,13.100000381469728,491683002.0
2023-12-21,13.25,13.75,12.899999618530272,13.649999618530272,292707751.0
2023-12-22,13.75,14.0,13.449999809265137,13.600000381469728,223855223.0
2023-12-26,13.649999618530272,13.75,13.300000190734863,13.350000381469728,328954630.0
2023-12-27,13.399999618530272,13.5,13.199999809265137,13.449999809265137,139443887.0
2023-12-28,13.5,13.600000381469728,13.100000381469728,13.25,169009935.0
2023-12-29,13.449999809265137,16.25,13.300000190734863,16.0,615077628.0
2024-01-01,16.200000762939453,18.39999961853028,15.550000190734863,17.0,710650453.0
2024-01-02,17.100000381469727,17.799999237060547,15.949999809265137,16.049999237060547,21774200.0
2024-01-03,15.899999618530272,16.450000762939453,15.600000381469728,15.850000381469728,598726485.0
2024-01-04,15.899999618530272,17.200000762939453,15.699999809265137,16.799999237060547,535038360.0
2024-01-05,17.100000381469727,17.649999618530273,16.75,17.100000381469727,686777577.0
2024-01-08,17.200000762939453,17.649999618530273,17.049999237060547,17.149999618530273,289503212.0
2024-01-09,17.200000762939453,17.5,15.949999809265137,16.200000762939453,387150359.0
2024-01-10,16.299999237060547,16.450000762939453,15.850000381469728,16.149999618530273,202636184.0
2024-01-11,16.200000762939453,16.350000381469727,15.899999618530272,16.049999237060547,121469596.0
2024-01-12,16.149999618530273,16.200000762939453,15.800000190734863,15.850000381469728,122397017.0
2024-01-15,15.899999618530272,16.700000762939453,15.800000190734863,16.5,213367109.0
2024-01-16,16.5,16.549999237060547,15.5,15.75,392898345.0
2024-01-17,15.5,15.75,15.0,15.100000381469728,383695346.0
2024-01-18,15.149999618530272,15.399999618530272,14.600000381469728,15.100000381469728,282295356.0
2024-01-19,15.199999809265137,15.449999809265137,15.0,15.100000381469728,230080440.0
2024-01-23,15.100000381469728,15.25,14.300000190734863,14.399999618530272,289983221.0
2024-01-24,14.399999618530272,15.0,14.25,14.899999618530272,432651784.0
2024-01-25,14.899999618530272,15.100000381469728,14.350000381469728,14.600000381469728,382501739.0
2024-01-29,14.699999809265137,15.199999809265137,14.600000381469728,14.699999809265137,245974552.0
2024-01-30,14.75,14.899999618530272,14.300000190734863,14.5,233265787.0
2024-01-31,14.5,14.550000190734863,14.199999809265137,14.350000381469728,176208047.0
2024-02-01,14.399999618530272,14.5,13.949999809265137,14.149999618530272,206826304.0
2024-02-02,14.300000190734863,14.699999809265137,14.0,14.050000190734863,244512271.0
2024-02-05,14.100000381469728,14.199999809265137,13.649999618530272,13.75,189236646.0
2024-02-06,13.75,14.449999809265137,13.600000381469728,14.25,317594254.0
2024-02-07,14.5,15.449999809265137,14.25,15.0,541841723.0
2024-02-08,15.149999618530272,15.149999618530272,14.649999618530272,14.800000190734863,305462395.0
2024-02-09,14.899999618530272,15.649999618530272,14.399999618530272,15.5,547988511.0
2024-02-12,15.649999618530272,15.699999809265137,14.300000190734863,14.449999809265137,407165198.0
2024-02-13,14.550000190734863,14.899999618530272,14.100000381469728,14.699999809265137,334247397.0
2024-02-14,14.5,15.75,14.399999618530272,15.550000190734863,511365442.0
2024-02-15,15.649999618530272,16.299999237060547,15.550000190734863,15.949999809265137,392901140.0
2024-02-16,16.0,16.600000381469727,15.800000190734863,15.899999618530272,357636454.0
2024-02-19,15.949999809265137,16.350000381469727,15.850000381469728,16.0,228340831.0
2024-02-20,16.049999237060547,16.450000762939453,15.850000381469728,15.949999809265137,276625199.0
2024-02-21,16.149999618530273,16.299999237060547,15.199999809265137,15.350000381469728,345491167.0
2024-02-22,15.5,16.399999618530273,15.050000190734863,16.299999237060547,439602456.0
2024-02-23,16.700000762939453,18.39999961853028,16.700000762939453,17.549999237060547,709944444.0
2024-02-26,17.75,18.100000381469727,16.75,16.850000381469727,643618097.0
2024-02-27,17.049999237060547,17.149999618530273,15.649999618530272,15.850000381469728,737336815.0
2024-02-28,15.5,16.049999237060547,13.5,13.649999618530272,514581283.0
2024-02-29,13.649999618530272,14.050000190734863,13.399999618530272,13.649999618530272,794570550.0
2024-03-01,13.899999618530272,14.649999618530272,13.600000381469728,14.199999809265137,696930662.0
2024-03-04,14.600000381469728,14.699999809265137,14.100000381469728,14.199999809265137,276443611.0
2024-03-05,14.25,14.75,14.199999809265137,14.350000381469728,342317617.0
2024-03-06,14.350000381469728,14.399999618530272,13.800000190734863,14.100000381469728,380743524.0
2024-03-07,14.149999618530272,14.449999809265137,14.100000381469728,14.25,179243860.0
2024-03-11,14.300000190734863,14.350000381469728,13.649999618530272,13.75,198993553.0
2024-03-12,13.800000190734863,13.899999618530272,13.449999809265137,13.699999809265137,308460037.0
2024-03-13,13.699999809265137,13.850000381469728,11.75,12.399999618530272,641919311.0
2024-03-14,12.399999618530272,13.25,12.25,13.100000381469728,424512161.0
2024-03-15,13.149999618530272,13.300000190734863,12.75,13.149999618530272,315084932.0
2024-03-18,13.25,13.350000381469728,13.0,13.149999618530272,186892003.0
2024-03-19,13.100000381469728,13.350000381469728,12.75,12.850000381469728,241083537.0
2024-03-20,12.800000190734863,12.899999618530272,12.399999618530272,12.75,273287247.0
2024-03-21,12.850000381469728,13.050000190734863,12.75,12.800000190734863,156394003.0
2024-03-22,12.800000190734863,13.600000381469728,12.75,13.300000190734863,468500920.0
2024-03-26,13.399999618530272,13.5,13.149999618530272,13.300000190734863,277730489.0
2024-03-27,13.300000190734863,13.600000381469728,13.25,13.300000190734863,244147174.0
2024-03-28,13.300000190734863,13.550000190734863,13.149999618530272,13.25,261797107.0
2024-04-01,13.350000381469728,14.25,13.149999618530272,14.0,469724659.0
2024-04-02,13.949999809265137,14.149999618530272,13.350000381469728,13.449999809265137,372670017.0
2024-04-03,13.199999809265137,14.0,13.149999618530272,13.550000190734863,496512224.0
2024-04-04,14.0,14.100000381469728,13.050000190734863,13.350000381469728,921811399.0
2024-04-05,13.350000381469728,13.550000190734863,12.949999809265137,13.300000190734863,690376450.0
2024-04-08,13.899999618530272,13.899999618530272,12.899999618530272,13.149999618530272,770438882.0
2024-04-09,13.199999809265137,13.350000381469728,12.850000381469728,12.899999618530272,364108806.0
2024-04-10,12.800000190734863,13.199999809265137,12.649999618530272,12.949999809265137,512312743.0
2024-04-12,12.649999618530272,13.25,12.199999809265137,12.949999809265137,60190289.0
2024-04-15,13.0,13.399999618530272,12.75,13.149999618530272,776597931.0
2024-04-16,12.850000381469728,13.199999809265137,12.550000190734863,12.949999809265137,144793755.0
2024-04-18,13.100000381469728,13.550000190734863,13.100000381469728,13.199999809265137,791868513.0
2024-04-19,12.899999618530272,13.300000190734863,12.850000381469728,12.899999618530272,721586766.0
2024-04-22,12.399999618530272,13.050000190734863,12.100000381469728,12.899999618530272,608298209.0
2024-04-23,13.0,14.75,12.949999809265137,14.399999618530272,1073741823.0
2024-04-24,13.75,13.949999809265137,13.0,13.100000381469728,560864623.0
2024-04-25,11.800000190734863,14.399999618530272,11.800000190734863,13.899999618530272,1073741823.0
2024-04-26,13.649999618530272,14.199999809265137,12.699999809265137,14.0,1376.0
2024-04-29,14.0,14.300000190734863,13.399999618530272,13.449999809265137,254582782.0
2024-04-30,13.5,13.550000190734863,13.149999618530272,13.199999809265137,954953718.0
2024-05-02,13.25,13.5,13.100000381469728,13.199999809265137,808543713.0
2024-05-03,13.300000190734863,13.5,13.0,13.199999809265137,844184176.0
2024-05-06,13.25,13.300000190734863,12.75,12.800000190734863,688684063.0
2024-05-07,12.850000381469728,12.899999618530272,12.100000381469728,12.399999618530272,223623015.0
2024-05-08,12.449999809265137,12.850000381469728,12.350000381469728,12.699999809265137,637428822.0
2024-05-09,12.75,13.0,12.600000381469728,12.649999618530272,643889725.0
2024-05-10,12.699999809265137,12.800000190734863,12.449999809265137,12.699999809265137,375478451.0
2024-05-13,12.600000381469728,12.699999809265137,12.300000190734863,12.600000381469728,357347341.0
2024-05-14,12.699999809265137,13.300000190734863,12.649999618530272,13.25,745058401.0
2024-05-15,13.350000381469728,13.399999618530272,13.100000381469728,13.199999809265137,399412030.0
2024-05-16,13.25,13.399999618530272,12.949999809265137,13.149999618530272,455941660.0
2024-05-17,13.149999618530272,13.649999618530272,13.050000190734863,13.25,630732734.0
2024-05-21,13.550000190734863,13.75,13.350000381469728,13.550000190734863,652179474.0
2024-05-22,13.649999618530272,13.800000190734863,13.449999809265137,13.5,363222831.0
2024-05-23,13.5,14.100000381469728,13.449999809265137,14.050000190734863,975684695.0
2024-05-24,14.25,15.699999809265137,14.199999809265137,15.100000381469728,3973.0
2024-05-27,15.199999809265137,15.449999809265137,14.899999618530272,15.050000190734863,963234521.0
2024-05-28,15.050000190734863,15.100000381469728,14.5,14.550000190734863,668778744.0
2024-05-29,14.449999809265137,14.899999618530272,14.399999618530272,14.800000190734863,592922488.0
2024-05-30,14.850000381469728,15.050000190734863,14.5,14.600000381469728,21529920.0
2024-05-31,14.75,15.449999809265137,14.649999618530272,15.25,839643261.0
2024-06-03,16.399999618530273,16.399999618530273,15.649999618530272,16.0,260907611.0
2024-06-04,15.699999809265137,15.699999809265137,12.050000190734863,13.199999809265137,821.0
2024-06-05,13.649999618530272,15.050000190734863,13.300000190734863,14.850000381469728,501552249.0
2024-06-06,15.149999618530272,15.399999618530272,14.850000381469728,15.0,853275763.0
2024-06-07,15.050000190734863,16.049999237060547,14.899999618530272,15.850000381469728,177663038.0
2024-06-10,15.960000038146973,16.350000381469727,15.760000228881836,15.8100004196167,14989971.0
2024-06-11,15.949999809265137,16.31999969482422,15.609999656677246,16.190000534057617,94572074.0
2024-06-12,16.299999237060547,16.700000762939453,16.239999771118164,16.43000030517578,1041028161.0
2024-06-13,16.729999542236328,16.739999771118164,16.0,16.06999969482422,731987121.0
2024-06-14,16.299999237060547,16.850000381469727,16.059999465942383,16.729999542236328,27007761.0
2024-06-18,16.989999771118164,17.030000686645508,16.479999542236328,16.850000381469727,804338492.0
2024-06-19,17.0,17.389999389648438,16.360000610351562,16.920000076293945,1564573800.0
2024-06-20,16.969999313354492,16.969999313354492,16.450000762939453,16.530000686645508,745416817.0
2024-06-21,16.610000610351562,17.280000686645508,16.540000915527344,17.139999389648438,681222197.0
2024-06-24,16.989999771118164,17.34000015258789,16.860000610351562,17.260000228881836,946446301.0
2024-06-25,17.450000762939453,17.5,17.149999618530273,17.190000534057617,664334923.0
2024-06-26,17.239999771118164,18.46999931335449,17.219999313354492,18.020000457763672,446331568.0
2024-06-27,18.25,18.700000762939453,18.0,18.520000457763672,449366808.0
2024-06-28,19.100000381469727,19.18000030517578,17.549999237060547,17.889999389648438,940893249.0
2024-07-01,17.790000915527344,18.059999465942383,17.399999618530273,17.6200008392334,877984912.0
2024-07-02,17.700000762939453,17.75,16.959999084472656,17.020000457763672,826792635.0
2024-07-03,17.100000381469727,17.670000076293945,16.90999984741211,17.469999313354492,860849573.0
2024-07-04,17.510000228881836,17.739999771118164,17.280000686645508,17.479999542236328,644674371.0
2024-07-05,17.440000534057617,17.479999542236328,17.010000228881836,17.09000015258789,492372970.0
2024-07-08,17.100000381469727,17.229999542236328,16.5,16.559999465942383,541264689.0
2024-07-09,16.610000610351562,17.030000686645508,16.559999465942383,16.850000381469727,501290567.0
2024-07-10,16.969999313354492,17.280000686645508,16.469999313354492,16.639999389648438,466478026.0
2024-07-11,16.760000228881836,16.84000015258789,16.520000457763672,16.559999465942383,346369340.0
2024-07-12,16.760000228881836,16.829999923706055,16.0,16.09000015258789,630743126.0
2024-07-15,16.100000381469727,16.729999542236328,15.779999732971191,16.68000030517578,544664305.0
2024-07-16,17.540000915527344,17.670000076293945,16.670000076293945,16.799999237060547,964458628.0
2024-07-18,16.690000534057617,16.690000534057617,15.90999984741211,16.270000457763672,679246298.0
2024-07-19,16.3700008392334,16.43000030517578,15.81999969482422,15.869999885559082,368882386.0
2024-07-22,15.770000457763672,16.049999237060547,15.649999618530272,15.890000343322754,529018766.0
2024-07-23,15.899999618530272,15.90999984741211,14.56999969482422,15.279999732971191,53671237.0
2024-07-24,15.300000190734863,15.65999984741211,15.210000038146973,15.579999923706056,453449137.0
2024-07-25,15.300000190734863,15.420000076293944,15.029999732971191,15.18000030517578,702308285.0
2024-07-26,15.420000076293944,16.139999389648438,15.399999618530272,15.979999542236328,746610397.0
2024-07-29,16.0,16.420000076293945,15.93000030517578,16.049999237060547,505926060.0
2024-07-30,16.030000686645508,16.280000686645508,15.989999771118164,16.209999084472656,242396205.0
2024-07-31,16.309999465942383,16.520000457763672,16.219999313354492,16.270000457763672,346265142.0
2024-08-01,16.360000610351562,16.3700008392334,15.869999885559082,15.989999771118164,362395270.0
2024-08-02,15.800000190734863,16.420000076293945,15.75,16.1200008392334,475279605.0
2024-08-05,15.609999656677246,15.8100004196167,15.050000190734863,15.359999656677246,608655754.0
2024-08-06,15.699999809265137,15.829999923706056,15.109999656677246,15.170000076293944,327583325.0
2024-08-07,15.600000381469728,15.779999732971191,15.369999885559082,15.720000267028809,271137134.0
2024-08-08,15.75,16.25,15.56999969482422,15.859999656677246,346746624.0
2024-08-09,16.299999237060547,16.350000381469727,16.010000228881836,16.100000381469727,276415001.0
2024-08-12,16.1200008392334,16.219999313354492,15.81999969482422,16.010000228881836,290810714.0
2024-08-13,16.190000534057617,16.190000534057617,15.420000076293944,15.470000267028809,538387007.0
2024-08-14,15.630000114440918,16.020000457763672,15.479999542236328,15.789999961853027,392047253.0
2024-08-16,15.960000038146973,16.0,15.670000076293944,15.880000114440918,291922661.0
2024-08-19,15.869999885559082,16.040000915527344,15.720000267028809,15.949999809265137,265264602.0
2024-08-20,16.059999465942383,16.290000915527344,15.90999984741211,15.9399995803833,309490369.0
2024-08-21,15.989999771118164,16.100000381469727,15.859999656677246,15.9399995803833,242515086.0
2024-08-22,15.949999809265137,16.290000915527344,15.90999984741211,16.200000762939453,278652089.0
2024-08-23,16.280000686645508,16.34000015258789,15.739999771118164,15.81999969482422,369537715.0
2024-08-26,15.960000038146973,15.979999542236328,15.619999885559082,15.789999961853027,243427186.0
2024-08-27,15.75,16.18000030517578,15.649999618530272,16.040000915527344,415465213.0
2024-08-28,16.049999237060547,16.170000076293945,15.81999969482422,15.970000267028809,401712642.0
2024-08-29,16.399999618530273,16.549999237060547,15.970000267028809,16.299999237060547,827342035.0
2024-08-30,16.440000534057617,16.440000534057617,15.390000343322754,15.640000343322754,1131.0
2024-09-02,15.579999923706056,15.579999923706056,14.8100004196167,15.050000190734863,685959065.0
2024-09-03,15.100000381469728,15.260000228881836,15.0,15.109999656677246,272427038.0
2024-09-04,15.079999923706056,15.100000381469728,14.770000457763672,14.829999923706056,281283093.0
2024-09-05,14.899999618530272,15.220000267028809,14.800000190734863,15.09000015258789,286740484.0
2024-09-06,14.739999771118164,14.760000228881836,12.920000076293944,13.350000381469728,827451206.0
2024-09-09,13.350000381469728,13.579999923706056,12.979999542236328,13.199999809265137,628833307.0
2024-09-10,13.300000190734863,13.729999542236328,13.300000190734863,13.529999732971191,444283492.0
2024-09-11,13.739999771118164,13.770000457763672,13.029999732971191,13.140000343322754,358061345.0
2024-09-12,13.359999656677246,13.649999618530272,12.829999923706056,13.520000457763672,408314409.0
2024-09-13,13.649999618530272,13.65999984741211,13.359999656677246,13.40999984741211,198209238.0
2024-09-16,13.5,13.5,13.119999885559082,13.239999771118164,261780637.0
2024-09-17,13.25,13.279999732971191,13.06999969482422,13.119999885559082,179383176.0
2024-09-18,13.100000381469728,13.15999984741211,12.829999923706056,12.899999618530272,289385698.0
2024-09-19,12.989999771118164,13.020000457763672,10.0,10.380000114440918,997.0
2024-09-20,10.350000381469728,10.579999923706056,9.789999961853027,10.470000267028809,454680485.0
2024-09-23,11.270000457763672,11.9399995803833,10.720000267028809,10.81999969482422,608733575.0
2024-09-24,10.81999969482422,10.989999771118164,10.520000457763672,10.670000076293944,591115783.0
2024-09-25,10.6899995803833,10.729999542236328,10.329999923706056,10.359999656677246,386280914.0
2024-09-26,10.390000343322754,10.5,10.119999885559082,10.380000114440918,947225586.0
2024-09-27,10.640000343322754,10.970000267028809,10.5,10.65999984741211,48984351.0
2024-09-30,10.649999618530272,10.68000030517578,10.31999969482422,10.359999656677246,469780209.0
2024-10-01,10.350000381469728,10.529999732971191,10.0600004196167,10.170000076293944,372735715.0
2024-10-03,10.130000114440918,10.15999984741211,9.8100004196167,9.869999885559082,418426001.0
2024-10-04,9.869999885559082,10.0600004196167,9.630000114440918,9.789999961853027,453013199.0
2024-10-07,9.789999961853027,9.8100004196167,8.899999618530273,9.15999984741211,699375979.0
2024-10-08,9.050000190734863,9.550000190734863,9.029999732971191,9.5,447500823.0
2024-10-09,9.539999961853027,9.579999923706056,9.15999984741211,9.1899995803833,286231290.0
2024-10-10,9.210000038146973,9.4399995803833,9.1899995803833,9.3100004196167,274431844.0
2024-10-11,9.270000457763672,9.279999732971191,9.079999923706056,9.18000030517578,263957905.0
2024-10-14,9.229999542236328,9.229999542236328,9.020000457763672,9.09000015258789,295768306.0
2024-10-15,9.109999656677246,9.420000076293944,9.0,9.119999885559082,307249022.0
2024-10-16,9.149999618530272,9.489999771118164,9.109999656677246,9.289999961853027,329180888.0
2024-10-17,9.3100004196167,9.390000343322754,9.029999732971191,9.050000190734863,327847932.0
2024-10-18,9.050000190734863,9.100000381469728,8.859999656677246,9.020000457763672,273123417.0
2024-10-21,9.09000015258789,9.100000381469728,8.420000076293945,8.5,484398463.0
2024-10-22,8.520000457763672,8.729999542236328,8.359999656677246,8.399999618530273,445613876.0
2024-10-23,8.329999923706055,8.399999618530273,8.069999694824219,8.25,487665119.0
2024-10-24,8.25,8.329999923706055,8.100000381469727,8.130000114440918,381020269.0
2024-10-25,8.109999656677246,8.109999656677246,7.590000152587891,7.659999847412109,601382237.0
2024-10-28,7.78000020980835,8.420000076293945,7.579999923706055,8.25,687956967.0
2024-10-29,8.390000343322754,8.390000343322754,7.880000114440918,7.960000038146973,403510334.0
2024-10-30,7.929999828338623,8.039999961853027,7.650000095367432,7.679999828338623,919784434.0
2024-10-31,7.739999771118164,8.170000076293945,7.710000038146973,8.119999885559082,647625664.0
2024-11-01,8.279999732971191,8.529999732971191,8.229999542236328,8.449999809265137,248654298.0
2024-11-04,8.489999771118164,8.489999771118164,7.860000133514404,7.880000114440918,609725576.0
2024-11-05,7.880000114440918,8.199999809265137,7.809999942779541,8.140000343322754,555505932.0
2024-11-06,8.15999984741211,8.220000267028809,8.010000228881836,8.170000076293945,368621189.0
2024-11-07,8.15999984741211,8.289999961853027,8.020000457763672,8.050000190734863,383925046.0
2024-11-08,8.029999732971191,8.0600004196167,7.849999904632568,7.880000114440918,311562033.0
2024-11-11,7.849999904632568,7.940000057220459,7.71999979019165,7.829999923706055,314187467.0
2024-11-12,7.800000190734863,7.949999809265137,7.630000114440918,7.670000076293945,280320971.0
2024-11-13,7.659999847412109,7.690000057220459,7.329999923706055,7.360000133514404,424078967.0
2024-11-14,7.400000095367432,7.619999885559082,7.320000171661377,7.340000152587891,417566075.0
2024-11-18,7.46999979019165,7.53000020980835,7.190000057220459,7.25,418915760.0
2024-11-19,7.25,7.389999866485596,7.070000171661377,7.099999904632568,338585471.0
2024-11-21,7.170000076293945,7.179999828338623,6.809999942779541,6.909999847412109,635819080.0
2024-11-22,6.880000114440918,6.909999847412109,6.610000133514404,6.670000076293945,625748712.0
2024-11-25,6.809999942779541,7.170000076293945,6.670000076293945,6.96999979019165,876693538.0
2024-11-26,7.659999847412109,8.279999732971191,7.449999809265137,7.519999980926514,678390868.0
2024-11-27,7.71999979019165,8.489999771118164,7.519999980926514,8.34000015258789,88788451.0
2024-11-28,8.449999809265137,8.670000076293945,8.210000038146973,8.359999656677246,1022944207.0
2024-11-29,8.460000038146973,8.479999542236328,8.079999923706055,8.359999656677246,507412630.0
2024-12-02,8.25,8.430000305175781,8.1899995803833,8.279999732971191,341331191.0
2024-12-03,8.25,8.390000343322754,8.1899995803833,8.210000038146973,283636669.0
2024-12-04,8.1899995803833,8.630000114440918,8.119999885559082,8.420000076293945,406959578.0
2024-12-05,8.789999961853027,8.789999961853027,8.039999961853027,8.079999923706055,920598588.0
2024-12-06,8.09000015258789,8.220000267028809,7.96999979019165,8.119999885559082,427143967.0
2024-12-09,8.149999618530273,8.270000457763672,8.069999694824219,8.09000015258789,297577705.0
2024-12-10,8.300000190734863,8.300000190734863,8.020000457763672,8.079999923706055,363303722.0
2024-12-11,8.079999923706055,8.109999656677246,7.989999771118164,8.029999732971191,243838311.0
2024-12-12,8.020000457763672,8.029999732971191,7.840000152587891,7.860000133514404,292784535.0
2024-12-13,7.820000171661377,8.069999694824219,7.679999828338623,7.989999771118164,489885434.0
2024-12-16,8.0,8.050000190734863,7.960000038146973,7.989999771118164,174023331.0
2024-12-17,7.949999809265137,7.989999771118164,7.78000020980835,7.809999942779541,252380018.0
2024-12-18,7.809999942779541,7.880000114440918,7.699999809265137,7.789999961853027,351707657.0
2024-12-19,7.599999904632568,7.71999979019165,7.559999942779541,7.690000057220459,285980002.0
2024-12-20,7.679999828338623,7.760000228881836,7.340000152587891,7.400000095367432,392779182.0
2024-12-23,7.400000095367432,7.550000190734863,7.380000114440918,7.46999979019165,290752314.0
2024-12-24,7.420000076293945,7.590000152587891,7.349999904632568,7.460000038146973,285539029.0
2024-12-26,7.460000038146973,7.670000076293945,7.429999828338623,7.559999942779541,276382089.0
2024-12-27,7.550000190734863,7.610000133514404,7.449999809265137,7.46999979019165,181050583.0
2024-12-30,7.989999771118164,7.989999771118164,7.610000133514404,7.769999980926514,699337628.0
2024-12-31,7.75,8.069999694824219,7.619999885559082,7.940000057220459,432275623.0
2025-01-01,7.960000038146973,8.109999656677246,7.900000095367432,8.010000228881836,318779771.0
2025-01-02,8.100000381469727,8.1899995803833,7.909999847412109,8.140000343322754,392797911.0
2025-01-03,8.140000343322754,8.399999618530273,8.119999885559082,8.270000457763672,464150003.0
2025-01-06,8.289999961853027,8.329999923706055,7.829999923706055,7.880000114440918,438301803.0
2025-01-07,7.860000133514404,8.140000343322754,7.860000133514404,8.0600004196167,374162457.0
2025-01-08,8.079999923706055,8.100000381469727,7.869999885559082,7.989999771118164,294651841.0
2025-01-09,7.980000019073486,8.210000038146973,7.900000095367432,7.920000076293945,338935170.0
2025-01-10,7.920000076293945,7.949999809265137,7.670000076293945,7.75,321647638.0
2025-01-13,7.699999809265137,8.079999923706055,7.610000133514404,7.739999771118164,597616878.0
2025-01-14,7.800000190734863,8.3100004196167,7.769999980926514,8.25,563020922.0
2025-01-15,8.279999732971191,9.229999542236328,8.270000457763672,8.760000228881836,294552007.0
2025-01-16,8.9399995803833,9.0600004196167,8.720000267028809,8.930000305175781,536382334.0
2025-01-17,8.899999618530273,9.25,8.829999923706055,9.109999656677246,485924287.0
2025-01-20,10.020000457763672,10.470000267028809,9.779999732971191,9.9399995803833,665312492.0
2025-01-21,9.9399995803833,10.0,9.3100004196167,9.359999656677246,561246192.0
2025-01-22,9.399999618530272,9.56999969482422,9.140000343322754,9.510000228881836,358652788.0
2025-01-23,9.529999732971191,9.869999885559082,9.329999923706056,9.510000228881836,356247545.0
2025-01-24,9.5,9.670000076293944,9.399999618530272,9.460000038146973,272054686.0
2025-01-27,9.300000190734863,9.34000015258789,8.800000190734863,8.890000343322754,319471529.0
2025-01-28,8.989999771118164,9.149999618530272,8.779999732971191,9.0,310325356.0
2025-01-29,9.0,9.0600004196167,8.899999618530273,8.9399995803833,186423902.0
2025-01-30,8.859999656677246,9.050000190734863,8.859999656677246,8.989999771118164,255095259.0
2025-01-31,9.050000190734863,9.100000381469728,8.880000114440918,9.050000190734863,336820197.0
2025-02-01,9.0600004196167,9.93000030517578,8.670000076293945,9.600000381469728,807081992.0
2025-02-03,9.210000038146973,9.40999984741211,9.020000457763672,9.06999969482422,384582320.0
2025-02-04,9.289999961853027,9.609999656677246,9.09000015258789,9.399999618530272,418244166.0
2025-02-05,9.399999618530272,9.699999809265137,9.390000343322754,9.539999961853027,349183730.0
2025-02-06,9.65999984741211,9.65999984741211,9.229999542236328,9.270000457763672,223076819.0
2025-02-07,9.289999961853027,9.800000190734863,9.270000457763672,9.470000267028809,605199609.0
2025-02-10,9.550000190734863,9.550000190734863,9.0600004196167,9.109999656677246,262161729.0
2025-02-11,9.109999656677246,9.170000076293944,8.720000267028809,8.819999694824219,258460983.0
2025-02-12,8.800000190734863,8.800000190734863,8.100000381469727,8.390000343322754,576588022.0
2025-02-13,8.0600004196167,8.989999771118164,8.0600004196167,8.640000343322754,717308741.0
2025-02-14,8.760000228881836,8.789999961853027,8.100000381469727,8.210000038146973,497212290.0
2025-02-17,8.170000076293945,8.399999618530273,7.980000019073486,8.270000457763672,427122426.0
2025-02-18,8.270000457763672,8.350000381469727,7.920000076293945,8.069999694824219,332529559.0
2025-02-19,8.029999732971191,8.390000343322754,7.940000057220459,8.300000190734863,299864398.0
2025-02-20,8.270000457763672,8.399999618530273,8.180000305175781,8.270000457763672,197667113.0
2025-02-21,8.25,8.34000015258789,8.010000228881836,8.039999961853027,289642446.0
2025-02-24,7.980000019073486,8.039999961853027,7.840000152587891,7.920000076293945,265949359.0
2025-02-25,7.900000095367432,8.039999961853027,7.880000114440918,7.909999847412109,202132636.0
2025-02-27,7.989999771118164,8.029999732971191,7.739999771118164,7.800000190734863,331905675.0
2025-02-28,7.75,7.769999980926514,7.489999771118164,7.550000190734863,482692128.0
2025-03-03,7.590000152587891,7.730000019073486,7.159999847412109,7.460000038146973,456677093.0
2025-03-04,7.389999866485596,7.639999866485596,7.289999961853027,7.429999828338623,345291615.0
2025-03-05,7.429999828338623,7.920000076293945,7.429999828338623,7.860000133514404,381213101.0
2025-03-06,8.0,8.039999961853027,7.699999809265137,7.730000019073486,294304361.0
2025-03-07,7.710000038146973,7.78000020980835,7.510000228881836,7.550000190734863,324103970.0
2025-03-10,7.579999923706055,7.639999866485596,7.21999979019165,7.260000228881836,438883802.0
2025-03-11,7.199999809265137,7.409999847412109,7.110000133514404,7.340000152587891,334277339.0
2025-03-12,7.320000171661377,7.360000133514404,6.869999885559082,7.070000171661377,539372093.0
2025-03-13,7.110000133514404,7.170000076293945,6.929999828338623,6.949999809265137,408690029.0
2025-03-17,7.0,7.079999923706055,6.920000076293945,6.940000057220459,315150021.0
2025-03-18,6.940000057220459,6.940000057220459,6.940000057220459,6.940000057220459,0.0
2025-03-19,7.25,7.71999979019165,7.210000038146973,7.440000057220459,681862635.0
2025-03-20,7.550000190734863,7.590000152587891,7.170000076293945,7.260000228881836,475038187.0
2025-03-21,7.28000020980835,7.679999828338623,7.239999771118164,7.619999885559082,718941405.0
2025-03-24,7.71999979019165,7.739999771118164,7.289999961853027,7.340000152587891,508282460.0
2025-03-25,7.400000095367432,7.429999828338623,7.050000190734863,7.150000095367432,475224766.0
2025-03-26,7.159999847412109,7.210000038146973,6.980000019073486,7.039999961853027,579796225.0
2025-03-27,7.010000228881836,7.059999942779541,6.869999885559082,6.920000076293945,955968263.0
2025-03-28,6.989999771118164,7.130000114440918,6.769999980926514,6.800000190734863,817733412.0
2025-04-01,7.480000019073486,8.5600004196167,7.480000019073486,8.100000381469727,3850.0
2025-04-02,8.3100004196167,8.34000015258789,7.940000057220459,8.220000267028809,922157249.0
2025-04-03,8.09000015258789,8.34000015258789,8.0600004196167,8.1899995803833,486007460.0
2025-04-04,8.15999984741211,8.180000305175781,7.849999904632568,7.909999847412109,475159836.0
2025-04-07,7.170000076293945,7.480000019073486,7.170000076293945,7.360000133514404,683492480.0
2025-04-08,7.510000228881836,7.599999904632568,7.139999866485596,7.170000076293945,625885253.0
2025-04-09,7.25,7.269999980926514,7.010000228881836,7.090000152587891,501489583.0
2025-04-11,7.269999980926514,7.289999961853027,7.03000020980835,7.170000076293945,607771928.0
2025-04-15,7.269999980926514,7.429999828338623,7.21999979019165,7.320000171661377,494777719.0
2025-04-16,7.320000171661377,7.420000076293945,7.230000019073486,7.269999980926514,404503350.0
2025-04-17,7.239999771118164,7.349999904632568,7.179999828338623,7.309999942779541,481025151.0
2025-04-21,7.309999942779541,8.1899995803833,7.300000190734863,8.069999694824219,1047323375.0
2025-04-22,8.079999923706055,8.109999656677246,7.949999809265137,7.96999979019165,525407211.0
2025-04-23,8.0,8.050000190734863,7.679999828338623,8.010000228881836,514186077.0
2025-04-24,7.940000057220459,8.079999923706055,7.900000095367432,7.929999828338623,436243616.0
2025-04-25,7.949999809265137,8.210000038146973,7.429999828338623,7.46999979019165,799912461.0
2025-04-28,7.5,7.570000171661377,7.400000095367432,7.449999809265137,368139445.0
2025-04-29,7.449999809265137,7.53000020980835,7.21999979019165,7.239999771118164,443439431.0
2025-04-30,7.25,7.289999961853027,7.099999904632568,7.119999885559082,395244551.0
2025-05-02,7.119999885559082,7.239999771118164,7.03000020980835,7.050000190734863,292692534.0
2025-05-05,7.079999923706055,7.179999828338623,7.010000228881836,7.150000095367432,316358655.0
2025-05-06,7.130000114440918,7.190000057220459,6.849999904632568,6.880000114440918,398168079.0
2025-05-07,6.769999980926514,6.980000019073486,6.75,6.920000076293945,404491490.0
2025-05-08,6.989999771118164,7.050000190734863,6.650000095367432,6.690000057220459,441442626.0
2025-05-09,6.519999980926514,6.739999771118164,6.46999979019165,6.699999809265137,446972925.0
2025-05-12,7.059999942779541,7.099999904632568,6.869999885559082,7.070000171661377,414280475.0
2025-05-13,7.010000228881836,7.070000171661377,6.929999828338623,6.940000057220459,368589161.0
2025-05-14,6.960000038146973,7.059999942779541,6.949999809265137,6.980000019073486,375750045.0
2025-05-15,7.010000228881836,7.269999980926514,6.989999771118164,7.230000019073486,725145747.0
2025-05-16,7.320000171661377,7.550000190734863,7.21999979019165,7.369999885559082,680691068.0
2025-05-19,7.190000057220459,7.210000038146973,6.480000019073486,6.71999979019165,638470565.0
2025-05-20,6.75,6.78000020980835,6.460000038146973,6.550000190734863,865183265.0
2025-05-21,6.610000133514404,6.800000190734863,6.5,6.760000228881836,541589602.0
2025-05-22,6.690000057220459,6.820000171661377,6.650000095367432,6.75,390483755.0
2025-05-23,6.730000019073486,6.800000190734863,6.690000057220459,6.760000228881836,253857396.0
2025-05-26,6.760000228881836,7.050000190734863,6.730000019073486,6.929999828338623,591848002.0
2025-05-27,6.860000133514404,7.050000190734863,6.849999904632568,6.960000038146973,427262827.0
2025-05-28,6.960000038146973,7.239999771118164,6.960000038146973,7.119999885559082,611800851.0
2025-05-29,7.119999885559082,7.199999809265137,7.099999904632568,7.139999866485596,343185493.0
2025-05-30,7.139999866485596,7.170000076293945,6.860000133514404,6.920000076293945,701166432.0
2025-06-02,6.929999828338623,7.099999904632568,6.900000095367432,7.03000020980835,500339502.0
2025-06-03,6.889999866485596,7.119999885559082,6.71999979019165,6.769999980926514,679081149.0
2025-06-04,6.769999980926514,6.940000057220459,6.650000095367432,6.909999847412109,498825689.0
2025-06-05,6.909999847412109,6.940000057220459,6.800000190734863,6.820000171661377,327644690.0
2025-06-06,6.820000171661377,6.949999809265137,6.78000020980835,6.920000076293945,398854834.0
2025-06-09,6.920000076293945,7.139999866485596,6.909999847412109,7.050000190734863,630978163.0
2025-06-10,7.050000190734863,7.070000171661377,6.940000057220459,6.96999979019165,309411027.0
2025-06-11,6.960000038146973,7.170000076293945,6.900000095367432,6.940000057220459,571368131.0
2025-06-12,7.010000228881836,7.010000228881836,6.75,6.78000020980835,414704770.0
2025-06-13,6.679999828338623,6.730000019073486,6.599999904632568,6.670000076293945,469133633.0
2025-06-16,6.670000076293945,6.769999980926514,6.46999979019165,6.690000057220459,525509852.0
2025-06-17,6.670000076293945,6.739999771118164,6.579999923706055,6.599999904632568,264151825.0
2025-06-18,6.599999904632568,6.699999809265137,6.519999980926514,6.559999942779541,300887692.0
2025-06-19,6.71999979019165,6.71999979019165,6.289999961853027,6.329999923706055,641047602.0
2025-06-20,6.349999904632568,6.599999904632568,6.320000171661377,6.559999942779541,522945635.0
2025-06-23,6.5,6.619999885559082,6.429999828338623,6.550000190734863,322970787.0
2025-06-24,6.710000038146973,7.03000020980835,6.639999866485596,6.860000133514404,1035289031.0
2025-06-25,6.869999885559082,7.269999980926514,6.800000190734863,7.130000114440918,1071202528.0
2025-06-26,7.179999828338623,7.349999904632568,7.090000152587891,7.239999771118164,904455977.0
2025-06-27,7.25,7.550000190734863,7.25,7.380000114440918,805573085.0
2025-06-30,7.400000095367432,7.510000228881836,7.320000171661377,7.429999828338623,554256638.0
2025-07-01,7.46999979019165,7.590000152587891,7.360000133514404,7.449999809265137,668115067.0
2025-07-02,7.449999809265137,7.599999904632568,7.349999904632568,7.519999980926514,713771873.0
2025-07-03,7.510000228881836,7.769999980926514,7.440000057220459,7.489999771118164,711437304.0
2025-07-04,7.480000019073486,7.510000228881836,7.329999923706055,7.360000133514404,403035848.0
2025-07-07,7.300000190734863,7.400000095367432,7.25,7.289999961853027,331996862.0
2025-07-08,7.289999961853027,7.369999885559082,7.21999979019165,7.289999961853027,444237741.0
2025-07-09,7.349999904632568,7.429999828338623,7.239999771118164,7.260000228881836,340817121.0
2025-07-10,7.320000171661377,7.369999885559082,7.260000228881836,7.329999923706055,294420003.0
2025-07-11,7.329999923706055,7.329999923706055,7.119999885559082,7.170000076293945,341830457.0
2025-07-14,7.170000076293945,7.769999980926514,7.130000114440918,7.710000038146973,939070587.0
2025-07-15,7.710000038146973,7.75,7.599999904632568,7.659999847412109,342736162.0
2025-07-16,7.650000095367432,7.940000057220459,7.550000190734863,7.829999923706055,629952754.0
2025-07-17,7.840000152587891,7.940000057220459,7.730000019073486,7.760000228881836,345141447.0
2025-07-18,7.760000228881836,7.800000190734863,7.650000095367432,7.71999979019165,285241033.0
2025-07-21,7.690000057220459,7.730000019073486,7.610000133514404,7.630000114440918,228323974.0
2025-07-22,7.630000114440918,7.679999828338623,7.340000152587891,7.369999885559082,316468166.0
2025-07-23,7.420000076293945,7.519999980926514,7.369999885559082,7.480000019073486,268204946.0
2025-07-24,7.5,7.539999961853027,7.349999904632568,7.369999885559082,238254956.0
2025-07-25,7.400000095367432,7.420000076293945,7.170000076293945,7.199999809265137,298053583.0
2025-07-28,7.239999771118164,7.46999979019165,7.099999904632568,7.130000114440918,381288290.0
2025-07-29,7.190000057220459,7.239999771118164,7.119999885559082,7.190000057220459,298376818.0
2025-07-30,7.210000038146973,7.239999771118164,6.980000019073486,7.0,309770604.0
2025-07-31,6.96999979019165,7.010000228881836,6.860000133514404,6.909999847412109,355228408.0
2025-08-01,6.900000095367432,6.900000095367432,6.550000190734863,6.599999904632568,496324827.0
2025-08-04,6.769999980926514,6.880000114440918,6.599999904632568,6.840000152587891,413154881.0
2025-08-05,6.869999885559082,7.010000228881836,6.769999980926514,6.909999847412109,484774982.0
2025-08-06,6.929999828338623,6.940000057220459,6.75,6.789999961853027,259002701.0
2025-08-07,6.760000228881836,6.809999942779541,6.599999904632568,6.71999979019165,281870602.0
2025-08-08,6.739999771118164,6.75,6.480000019073486,6.510000228881836,373343824.0
2025-08-11,6.590000152587891,6.639999866485596,6.519999980926514,6.599999904632568,283970755.0
2025-08-12,6.599999904632568,6.630000114440918,6.449999809265137,6.46999979019165,317847247.0
2025-08-13,6.53000020980835,6.539999961853027,6.349999904632568,6.360000133514404,470360407.0
2025-08-14,6.389999866485596,6.400000095367432,6.119999885559082,6.150000095367432,573262165.0
2025-08-18,6.25,6.690000057220459,6.179999828338623,6.460000038146973,670509516.0
2025-08-19,6.519999980926514,6.619999885559082,6.489999771118164,6.579999923706055,353099427.0
2025-08-20,6.610000133514404,6.940000057220459,6.570000171661377,6.789999961853027,546082602.0
2025-08-21,6.809999942779541,6.829999923706055,6.53000020980835,6.550000190734863,352694732.0
2025-08-22,6.699999809265137,7.309999942779541,6.579999923706055,7.070000171661377,586187621.0
2025-08-25,7.070000171661377,7.599999904632568,7.0,7.400000095367432,92504634.0
2025-08-26,7.099999904632568,7.130000114440918,6.599999904632568,6.710000038146973,307771291.0
2025-08-28,6.75,6.75,6.539999961853027,6.570000171661377,630935008.0
2025-08-29,6.570000171661377,6.760000228881836,6.460000038146973,6.489999771118164,720657284.0
2025-09-01,6.559999942779541,6.630000114440918,6.460000038146973,6.539999961853027,449914318.0
2025-09-02,6.550000190734863,6.630000114440918,6.5,6.510000228881836,328932042.0
2025-09-03,6.519999980926514,6.610000133514404,6.460000038146973,6.570000171661377,455484219.0
2025-09-04,6.690000057220459,6.940000057220459,6.579999923706055,6.610000133514404,795311169.0
2025-09-05,6.639999866485596,7.449999809265137,6.599999904632568,7.230000019073486,645671487.0
2025-09-08,7.449999809265137,7.449999809265137,7.170000076293945,7.289999961853027,793222822.0
2025-09-09,7.28000020980835,7.489999771118164,7.159999847412109,7.269999980926514,807680182.0
2025-09-10,7.329999923706055,7.510000228881836,7.289999961853027,7.320000171661377,827844638.0
2025-09-11,7.320000171661377,7.449999809265137,7.300000190734863,7.409999847412109,521059065.0
2025-09-12,7.440000057220459,7.699999809265137,7.420000076293945,7.659999847412109,58262396.0
2025-09-15,7.75,8.380000114440918,7.650000095367432,8.140000343322754,869467952.0
2025-09-16,8.229999542236328,8.239999771118164,7.820000171661377,7.940000057220459,848470807.0
2025-09-17,7.96999979019165,8.0,7.710000038146973,7.769999980926514,587152972.0
2025-09-18,7.789999961853027,7.929999828338623,7.71999979019165,7.840000152587891,596497872.0
2025-09-19,7.909999847412109,8.819999694824219,7.809999942779541,8.399999618530273,2537.0
2025-09-22,8.5,8.670000076293945,8.350000381469727,8.390000343322754,886795850.0
2025-09-23,8.390000343322754,8.970000267028809,8.350000381469727,8.720000267028809,212226885.0
2025-09-24,8.75,8.800000190734863,8.550000190734863,8.59000015258789,668422957.0
2025-09-25,8.630000114440918,8.84000015258789,8.579999923706055,8.680000305175781,734809470.0
2025-09-26,8.75,8.789999961853027,7.900000095367432,8.020000457763672,523630795.0
2025-09-29,8.0600004196167,8.380000114440918,8.020000457763672,8.239999771118164,739155377.0
2025-09-30,8.319999694824219,8.34000015258789,8.050000190734863,8.130000114440918,567878004.0
2025-10-01,8.170000076293945,8.579999923706055,8.170000076293945,8.520000457763672,706154001.0
2025-10-03,8.539999961853027,8.859999656677246,8.520000457763672,8.819999694824219,721854709.0
2025-10-06,8.949999809265137,8.949999809265137,8.329999923706055,8.470000267028809,204329314.0
2025-10-07,8.539999961853027,9.270000457763672,8.399999618530273,9.18000030517578,378014525.0
2025-10-08,9.25,9.399999618530272,9.0,9.039999961853027,1059514161.0
2025-10-09,9.079999923706056,9.279999732971191,8.949999809265137,9.029999732971191,737471206.0
2025-10-10,9.100000381469728,9.220000267028809,8.970000267028809,9.039999961853027,701750547.0
2025-10-13,9.020000457763672,9.1899995803833,8.670000076293945,8.729999542236328,37230439.0
2025-10-14,8.75,8.789999961853027,8.319999694824219,8.359999656677246,805214355.0
2025-10-15,8.380000114440918,8.819999694824219,8.369999885559082,8.75,764014900.0
2025-10-16,8.800000190734863,8.989999771118164,8.760000228881836,8.850000381469727,583137406.0
2025-10-17,8.850000381469727,8.90999984741211,8.65999984741211,8.699999809265137,468590807.0
2025-10-20,8.75,9.020000457763672,8.720000267028809,8.9399995803833,494314718.0
2025-10-21,9.029999732971191,9.0600004196167,8.949999809265137,9.0,194980250.0
2025-10-23,9.039999961853027,9.600000381469728,9.029999732971191,9.520000457763672,222523413.0
2025-10-24,9.520000457763672,9.649999618530272,9.25,9.619999885559082,895335036.0
2025-10-27,9.619999885559082,10.56999969482422,9.279999732971191,9.970000267028809,1545.0
2025-10-28,10.100000381469728,10.149999618530272,9.380000114440918,9.4399995803833,383193821.0
2025-10-29,9.510000228881836,9.5600004196167,9.270000457763672,9.359999656677246,825914416.0
2025-10-30,9.25,9.260000228881836,8.210000038146973,8.729999542236328,3533.0
2025-10-31,8.729999542236328,8.960000038146973,8.65999984741211,8.729999542236328,779577687.0
2025-11-03,9.149999618530272,9.960000038146973,8.760000228881836,9.539999961853027,2544.0
2025-11-04,9.729999542236328,9.760000228881836,9.350000381469728,9.40999984741211,61825666.0
2025-11-05,9.40999984741211,9.40999984741211,9.40999984741211,9.40999984741211,0.0
2025-11-06,9.420000076293944,9.489999771118164,9.239999771118164,9.270000457763672,731445657.0
2025-11-07,9.270000457763672,9.729999542236328,9.199999809265137,9.609999656677246,1723056.0
2025-11-10,9.619999885559082,9.739999771118164,9.479999542236328,9.5,536169122.0
2025-11-11,9.760000228881836,10.329999923706056,9.619999885559082,10.239999771118164,888261111.0
2025-11-12,10.18000030517578,10.449999809265137,10.079999923706056,10.369999885559082,25995754.0
2025-11-13,10.300000190734863,10.779999732971191,10.270000457763672,10.470000267028809,317392525.0
2025-11-14,10.510000228881836,11.079999923706056,10.470000267028809,10.9399995803833,177652422.0
2025-11-17,11.039999961853027,11.0600004196167,10.729999542236328,10.93000030517578,911862078.0
2025-11-18,10.949999809265137,11.010000228881836,10.710000038146973,10.739999771118164,612682675.0
2025-11-19,10.75,10.890000343322754,10.579999923706056,10.6899995803833,628320485.0
2025-11-20,10.770000457763672,10.829999923706056,10.140000343322754,10.170000076293944,867840425.0
2025-11-21,10.199999809265137,10.289999961853027,9.920000076293944,9.970000267028809,746331633.0
2025-11-24,10.050000190734863,10.329999923706056,9.949999809265137,9.979999542236328,675154759.0
2025-11-25,10.020000457763672,10.170000076293944,9.9399995803833,10.050000190734863,564921465.0
2025-11-26,10.109999656677246,10.289999961853027,10.050000190734863,10.079999923706056,392221239.0
2025-11-27,10.15999984741211,10.289999961853027,10.039999961853027,10.109999656677246,619942440.0
2025-11-28,10.140000343322754,10.140000343322754,9.93000030517578,9.960000038146973,456014352.0
2025-12-01,10.0,10.25,9.75,9.93000030517578,786869606.0
2025-12-02,10.199999809265137,10.31999969482422,10.079999923706056,10.130000114440918,649396924.0
2025-12-03,10.149999618530272,10.600000381469728,10.119999885559082,10.550000190734863,102386584.0
2025-12-04,10.630000114440918,10.739999771118164,10.100000381469728,10.68000030517578,126541370.0
2025-12-05,10.56999969482422,10.859999656677246,10.399999618530272,10.800000190734863,983988262.0
2025-12-08,10.760000228881836,10.81999969482422,10.220000267028809,10.289999961853027,847991012.0
2025-12-09,10.300000190734863,10.8100004196167,10.100000381469728,10.739999771118164,889952074.0
2025-12-10,10.720000267028809,11.06999969482422,10.6899995803833,10.720000267028809,688674265.0
2025-12-11,10.739999771118164,11.3100004196167,10.699999809265137,11.25,120953130.0
2025-12-12,11.260000228881836,11.699999809265137,11.229999542236328,11.640000343322754,69273659.0
2025-12-15,11.850000381469728,12.029999732971191,11.3100004196167,11.350000381469728,99174355.0
2025-12-16,11.390000343322754,11.460000038146973,11.09000015258789,11.25,712832049.0
2025-12-17,11.25,11.390000343322754,11.0600004196167,11.130000114440918,626743127.0
2025-12-18,11.170000076293944,11.529999732971191,10.93000030517578,11.300000190734863,889444084.0
2025-12-19,11.420000076293944,12.0,11.25,11.960000038146973,1240699368.0
2025-12-22,12.050000190734863,12.109999656677246,11.579999923706056,11.850000381469728,536252998.0
2025-12-23,11.890000343322754,12.199999809265137,11.8100004196167,12.010000228881836,1005831210.0
2025-12-24,12.020000457763672,12.220000267028809,11.920000076293944,12.020000457763672,606203902.0
2025-12-26,12.0,12.09000015258789,11.890000343322754,11.9399995803833,516752033.0
2025-12-29,11.979999542236328,12.029999732971191,11.81999969482422,11.960000038146973,538655556.0
2025-12-30,11.93000030517578,12.1899995803833,11.93000030517578,12.0600004196167,674474076.0
2025-12-31,12.15999984741211,12.800000190734863,10.25,10.760000228881836,3351742823.0
2026-01-01,11.199999809265137,11.93000030517578,10.84000015258789,11.600000381469728,3908.0
2026-01-02,11.720000267028809,12.050000190734863,11.640000343322754,11.779999732971191,1441782993.0
2026-01-05,11.800000190734863,12.020000457763672,11.359999656677246,11.43000030517578,1008660047.0
2026-01-06,11.460000038146973,11.65999984741211,11.31999969482422,11.59000015258789,699559323.0
2026-01-07,11.59000015258789,11.670000076293944,11.420000076293944,11.460000038146973,456360358.0
2026-01-08,11.470000267028809,11.630000114440918,11.289999961853027,11.5,836687162.0
2026-01-09,12.199999809265137,12.520000457763672,11.199999809265137,11.260000228881836,2416608128.0
2026-01-12,11.390000343322754,11.470000267028809,10.979999542236328,11.25,1036952069.0
2026-01-13,11.3100004196167,11.31999969482422,10.710000038146973,10.800000190734863,1050929391.0
2026-01-14,10.829999923706056,11.199999809265137,10.8100004196167,11.079999923706056,697386419.0
2026-01-16,11.100000381469728,11.109999656677246,10.770000457763672,10.81999969482422,554014604.0
2026-01-19,10.81999969482422,10.81999969482422,10.550000190734863,10.59000015258789,563830728.0
2026-01-20,10.600000381469728,10.720000267028809,10.079999923706056,10.130000114440918,737585409.0
2026-01-21,10.130000114440918,10.369999885559082,9.920000076293944,10.119999885559082,1162133631.0
2026-01-22,10.289999961853027,10.369999885559082,10.100000381469728,10.18000030517578,533354101.0
2026-01-23,10.289999961853027,10.289999961853027,9.869999885559082,9.899999618530272,523201791.0
2026-01-27,9.970000267028809,9.989999771118164,9.720000267028809,9.829999923706056,564620552.0
2026-01-28,9.93000030517578,10.079999923706056,9.760000228881836,9.949999809265137,645264237.0
2026-01-29,10.039999961853027,10.199999809265137,9.68000030517578,10.050000190734863,678795505.0
2026-01-30,9.960000038146973,11.380000114440918,9.859999656677246,11.170000076293944,656772821.0
2026-02-02,9.960000038146973,10.880000114440918,10.40999984741211,10.8100004196167,692471612.0
2026-02-03,11.020000457763672,11.550000190734863,10.8100004196167,11.40999984741211,114976305.0
2026-02-04,11.350000381469728,11.550000190734863,11.300000190734863,11.350000381469728,499627960.0
2026-02-05,11.300000190734863,11.399999618530272,11.109999656677246,11.239999771118164,528588471.0
2026-02-06,11.199999809265137,11.270000457763672,10.899999618530272,11.119999885559082,579536507.0
2026-02-09,11.300000190734863,11.65999984741211,11.229999542236328,11.579999923706056,631446209.0
2026-02-10,11.579999923706056,11.670000076293944,11.449999809265137,11.479999542236328,392199772.0
2026-02-11,11.520000457763672,11.899999618530272,11.420000076293944,11.850000381469728,859075296.0
2026-02-12,11.699999809265137,11.739999771118164,11.31999969482422,11.550000190734863,497570108.0
2026-02-13,11.4399995803833,11.510000228881836,11.260000228881836,11.300000190734863,351555690.0
2026-02-16,11.25,11.5,11.210000038146973,11.43000030517578,298828059.0
2026-02-17,11.399999618530272,11.460000038146973,11.300000190734863,11.380000114440918,252469405.0
2026-02-18,11.40999984741211,11.65999984741211,11.399999618530272,11.5600004196167,358901065.0
2026-02-19,11.600000381469728,11.640000343322754,11.140000343322754,11.260000228881836,330114434.0
2026-02-20,11.25,11.399999618530272,11.09000015258789,11.15999984741211,314746391.0
2026-02-23,11.199999809265137,11.220000267028809,10.869999885559082,10.979999542236328,385687455.0
2026-02-24,10.979999542236328,11.050000190734863,10.789999961853027,10.90999984741211,385651453.0
2026-02-25,11.010000228881836,11.079999923706056,10.6899995803833,10.729999542236328,305666646.0
2026-02-26,10.75,11.15999984741211,10.739999771118164,10.850000381469728,428109099.0
2026-02-27,10.880000114440918,10.9399995803833,10.539999961853027,10.59000015258789,383173450.0
2026-03-02,10.25,10.529999732971191,10.100000381469728,10.289999961853027,498685530.0
2026-03-04,10.100000381469728,10.18000030517578,9.850000381469728,9.989999771118164,479681447.0
2026-03-05,10.029999732971191,10.34000015258789,9.880000114440918,10.220000267028809,591320459.0
2026-03-06,10.300000190734863,10.380000114440918,10.010000228881836,10.0600004196167,450586622.0
2026-03-09,9.890000343322754,9.970000267028809,9.56999969482422,9.90999984741211,414032189.0
2026-03-10,10.010000228881836,10.119999885559082,9.859999656677246,10.010000228881836,404894631.0
2026-03-11,10.010000228881836,10.119999885559082,9.609999656677246,9.710000038146973,399701602.0
2026-03-12,9.640000343322754,9.739999771118164,9.359999656677246,9.5600004196167,444257788.0
2026-03-13,9.520000457763672,9.59000015258789,9.18000030517578,9.270000457763672,570933383.0
2026-03-16,9.31999969482422,9.739999771118164,9.289999961853027,9.390000343322754,550605571.0
2026-03-17,9.460000038146973,9.5,9.210000038146973,9.25,435075957.0
2026-03-18,9.300000190734863,9.539999961853027,9.220000267028809,9.4399995803833,513801440.0
2026-03-19,9.270000457763672,9.300000190734863,8.850000381469727,8.9399995803833,636955924.0
2026-03-20,9.050000190734863,9.449999809265137,9.050000190734863,9.34000015258789,611463733.0
2026-03-23,9.220000267028809,9.220000267028809,8.649999618530273,8.699999809265137,664169986.0
2026-03-24,9.079999923706056,9.079999923706056,8.720000267028809,8.880000114440918,544357109.0
2026-03-25,9.0,9.170000076293944,8.970000267028809,9.039999961853027,437755629.0
2026-03-27,9.0,9.0600004196167,8.84000015258789,8.890000343322754,467113182.0
2026-03-30,8.770000457763672,8.850000381469727,8.5,8.529999732971191,490260552.0
2026-04-01,8.9399995803833,8.9399995803833,8.630000114440918,8.640000343322754,664394003.0
2026-04-02,8.630000114440918,8.640000343322754,8.130000114440918,8.579999923706055,833576637.0
2026-04-06,8.600000381469727,8.800000190734863,8.359999656677246,8.760000228881836,539854061.0
2026-04-07,8.670000076293945,8.739999771118164,8.520000457763672,8.630000114440918,482130182.0
2026-04-08,9.0,9.25,8.899999618530273,9.199999809265137,640874523.0
2026-04-09,9.149999618530272,9.220000267028809,9.0,9.119999885559082,405859803.0
2026-04-10,9.18000030517578,9.390000343322754,9.170000076293944,9.25,468521545.0
2026-04-13,9.0,9.329999923706055,8.9399995803833,9.25,454766683.0
