Date,Open,High,Low,Close,Volume
2019-04-16,608.278570312026,641.7194657647636,605.3957334859026,629.2271728515625,22985293.0
2019-04-18,631.2452869360532,638.9328529397123,590.0206907808413,618.4166259765625,5415019.0
2019-04-22,617.8880601003422,620.5786962211852,600.8312746154571,603.5699462890625,1059760.0
2019-04-23,603.4738266878709,622.6927383658286,603.4738266878709,609.3355712890625,1208860.0
2019-04-24,611.6418986002604,615.0052083333334,603.7140970865885,612.6028442382812,1016453.0
2019-04-25,614.2364455211738,626.5365375964553,608.2785710100555,614.6207885742188,1261972.0
2019-04-26,616.9271033955296,622.1162333332752,615.005212107693,619.4736328125,594976.0
2019-04-30,621.6837778347902,621.6837778347902,605.5399032206124,614.2844848632812,519904.0
2019-05-02,613.9482219978382,625.5756413331505,606.3567276209186,616.2064208984375,514478.0
2019-05-03,617.5997368842714,620.770845572538,612.7469734285868,616.7828979492188,271431.0
2019-05-06,613.0832755223007,624.5185513006217,608.2785476577059,617.5997314453125,425268.0
2019-05-07,619.7618708917115,627.9779439677294,617.888015258225,623.269287109375,580548.0
2019-05-08,620.7708129882812,622.6927040501645,615.149305092857,620.7708129882812,264484.0
2019-05-09,621.0111744337848,622.1162854775055,614.3806254744057,620.482666015625,301291.0
2019-05-10,620.8189575744686,651.2329124312272,620.098248299678,629.5635986328125,771913.0
2019-05-13,634.8005847101304,636.1459318937524,625.6235667582692,629.3232421875,301861.0
2019-05-14,630.3803701306706,633.9839164538262,601.840271520985,608.9993286132812,1069899.0
2019-05-15,595.7863725361967,601.2637751107761,578.4893488174039,596.4110107421875,1442391.0
2019-05-16,600.5910282848341,600.5910282848341,560.5195831473765,575.9427490234375,918393.0
2019-05-17,572.8677399824652,578.0087754556914,564.0750643266681,572.435302734375,328115.0
2019-05-20,586.1769215353353,588.7234512943986,571.762734940204,581.22802734375,728223.0
2019-05-21,581.3720694322959,585.2158517095341,575.6063960164385,581.4201049804688,252936.0
2019-05-22,581.4201889494957,599.245720104269,577.6244416722463,585.9366455078125,282577.0
2019-05-23,590.5010797513165,595.4499731235696,576.5673683495361,578.3931884765625,200009.0
2019-05-24,581.3720700554263,585.9365615145392,578.8255408334413,581.5162353515625,150951.0
2019-05-27,584.9756160766716,608.2785461626828,582.5732521502787,595.9784545898438,262413.0
2019-05-28,600.6870684451429,605.3957253249226,597.1316166620254,601.3117065429688,113154.0
2019-05-29,597.8042792544848,605.059466001249,593.8644254587924,595.73828125,69546.0
2019-05-30,592.0867084430605,599.3418366488497,588.7233985389161,594.7293090820312,81235.0
2019-05-31,595.9304941981839,598.4289295361408,584.5432525600864,586.99365234375,175173.0
2019-06-03,590.0206194199621,590.7893641970563,578.9217090748475,584.1588745117188,150151.0
2019-06-04,586.0807419381655,595.7862689885217,582.4291017554513,586.7533569335938,67372.0
2019-06-06,586.9454870684955,589.9724887890919,578.9696513200215,580.7954711914062,46935.0
2019-06-07,585.2639117471,585.3119472972828,577.57634687095,578.5372924804688,30262.0
2019-06-10,581.372151861547,585.215934683772,574.261130179842,578.9697875976562,46966.0
2019-06-11,578.4893291344804,583.1979866694198,576.5674376755618,577.2881469726562,47063.0
2019-06-12,576.6153905747968,579.2579909519972,571.9067923663006,572.675537109375,46869.0
2019-06-13,576.6154028267017,580.7955514303349,566.9579111551153,571.234130859375,73943.0
2019-06-14,568.975921150622,576.471344474378,567.054029765345,572.7236328125,44727.0
2019-06-17,572.7235693670382,572.7235693670382,564.0750590913615,565.7567138671875,41259.0
2019-06-18,568.5094972816427,573.2422708661699,566.2397325952688,569.040771484375,43498.0
2019-06-19,570.0065587037038,571.2621742888471,558.271248497961,565.66015625,103810.0
2019-06-20,570.8276283036738,573.7252304778042,561.2655175482969,569.7651977539062,39822.0
2019-06-21,569.8617051596374,574.4978563942926,567.9299705658758,572.1314697265625,28836.0
2019-06-24,570.1031095227436,578.5544474445123,569.8616427249788,575.9465942382812,41015.0
2019-06-25,574.6909849230789,583.8667233378171,572.8075320896826,580.87255859375,50422.0
2019-06-26,579.5686590477203,593.7669200861884,579.520377473303,590.9658813476562,104768.0
2019-06-27,590.9658684931429,593.4288772053188,585.3155685164263,592.5112915039062,31569.0
2019-06-28,592.0766616491688,603.5705062309335,592.0766616491688,600.8177490234375,68813.0
2019-07-01,605.0192829316414,623.9502578874198,605.0192829316414,621.3906860351562,347594.0
2019-07-02,618.1550429314847,618.1550429314847,607.0475695038095,614.098388671875,46607.0
2019-07-03,610.621314460897,632.4498917032369,610.0417587139463,622.4049072265625,90021.0
2019-07-04,625.9784980236944,629.7454036199543,620.617946945828,625.1092529296875,95235.0
2019-07-05,627.8136551430644,627.8136551430644,594.7327048528336,598.9825439453125,650669.0
2019-07-08,598.7411889733157,598.7411889733157,577.7818558585055,580.3897094726562,162195.0
2019-07-09,583.3838691895062,591.1108078542679,581.4521345233159,590.5313110351562,36209.0
2019-07-10,589.1790749279472,598.1616293618858,589.1790749279472,592.9942626953125,25922.0
2019-07-11,593.1390935398057,603.6670708359293,592.9942488139226,597.0509033203125,25738.0
2019-07-12,596.905986272183,601.7353227306958,594.9742516887778,596.0366821289062,22282.0
2019-07-15,594.4913330078125,599.5621364168962,591.3039826553324,594.4913330078125,26241.0
2019-07-16,594.1048929373503,603.473816596077,593.042462594877,600.9625854492188,43109.0
2019-07-17,600.2864939946878,607.530498346997,598.8376931242259,605.4055786132812,30986.0
2019-07-18,604.6329495990781,607.2890847610548,600.9143839530559,603.0875854492188,54494.0
2019-07-19,602.6529213017415,605.55052323865,584.3497239432298,593.2839965820312,91360.0
2019-07-22,593.2839603868451,593.3322419591423,576.381283452747,577.6851806640625,49550.0
2019-07-23,582.2730846427996,587.8268216790199,577.5886517669065,583.2872924804688,50221.0
2019-07-24,583.2872498647083,586.9575335866385,566.0947658298081,567.8333740234375,33048.0
2019-07-25,567.8333740234375,572.5178065570796,560.2995623893316,567.8333740234375,46613.0
2019-07-26,569.7650884281331,572.2763195831142,563.1971442655258,568.2196655273438,24998.0
2019-07-29,594.008385507684,624.8195757513473,581.1623622943941,587.247314453125,239878.0
2019-07-30,582.4180638841033,587.1991194824811,546.4877834760035,551.7034912109375,202328.0
2019-07-31,550.4960541932486,550.5926173380781,529.8747529123142,541.2720336914062,104939.0
2019-08-01,543.7831966850163,555.373602298196,537.9879938784264,545.1837158203125,58006.0
2019-08-02,544.7491665942601,545.6184707599961,535.3802418323197,538.036376953125,69809.0
2019-08-05,537.988118983523,542.8174557787072,530.2611801112282,532.5309448242188,70675.0
2019-08-06,531.1787667490786,553.3454344650854,528.4260094002664,551.3170776367188,42540.0
2019-08-07,545.7151066850819,555.2772179758873,542.1896669284035,547.8400268554688,23408.0
2019-08-08,549.9648196663649,551.0272500295881,536.1528712333227,545.4252319335938,23131.0
2019-08-09,546.6808895655928,565.0323681905862,540.9822489381397,554.6010131835938,48520.0
2019-08-13,564.8873521592764,564.8873521592764,543.3485275317572,545.521728515625,27197.0
2019-08-14,543.7832842533678,554.4078244430428,540.8856823834565,550.8823852539062,36849.0
2019-08-16,551.5102325164735,555.1805164941617,543.9764793092478,548.177978515625,14370.0
2019-08-19,550.544302470426,550.8340508392499,541.5134677562586,543.2037353515625,19742.0
2019-08-20,540.9823392768108,544.8458091061809,536.0564388251122,537.6984252929688,47905.0
2019-08-21,540.8856550343249,540.8856550343249,526.3976464173342,527.60498046875,31020.0
2019-08-22,528.3294477796533,528.3294477796533,507.2252694701153,517.4634399414062,63750.0
2019-08-23,514.3725040420538,526.832213012406,508.04608642917054,521.8096923828125,37119.0
2019-08-26,536.0562708523292,549.5784110179736,522.5341306866849,546.1978759765625,72232.0
2019-08-27,546.1979483628487,567.447028582093,545.7150147215023,564.7908935546875,64615.0
2019-08-28,560.2030543870183,565.9982583979184,550.544381035518,551.6068115234375,26203.0
2019-08-29,557.6434618509101,575.31888059532,557.6434618509101,573.3871459960938,116881.0
2019-08-30,573.4354124093513,598.8377099271808,566.336252573776,593.7669067382812,126311.0
2019-09-03,589.1790031635603,592.076604818463,565.0323227060373,571.8416748046875,56450.0
2019-09-04,571.7934056545154,585.508732242681,563.1006005009839,582.90087890625,70006.0
2019-09-05,582.9008991917525,591.8351714660255,574.6910273721504,583.7218627929688,70012.0
2019-09-06,582.5145500442947,590.9658889917646,582.466268469253,587.0541381835938,40266.0
2019-09-09,587.5369718852459,603.0874682742387,587.5369718852459,599.1756591796875,83021.0
2019-09-11,599.8035099240567,605.1157793356224,589.6136231158786,600.1898803710938,59967.0
2019-09-12,600.1899237683499,612.1183605469839,599.2240565327728,601.7835693359375,52409.0
2019-09-13,603.6670066622406,615.643783655162,601.2523386355916,610.9110107421875,108871.0
2019-09-16,608.5929995067111,618.6380436240538,603.6670995550876,614.0018920898438,58835.0
2019-09-17,615.9336410209844,615.9336410209844,596.0367375894119,609.9452514648438,258484.0
2019-09-18,608.2066862589483,622.9844450249818,608.2066862589483,611.5389404296875,72584.0
2019-09-19,611.3939963815293,611.3939963815293,594.9742524028784,599.8035888671875,52021.0
2019-09-20,600.7693759655386,625.8336406599377,590.8209559674124,620.3281860351562,260779.0
2019-09-23,637.472378422374,675.9138827853517,627.813706022035,667.0762329101562,603384.0
2019-09-24,673.8855168775535,686.6832565112144,656.9345603229617,662.1502075195312,204647.0
2019-09-25,657.803934843079,676.1071325797169,653.1677834386194,656.9829711914062,114095.0
2019-09-26,661.522474394321,676.0587640855447,658.6731543401156,672.5333251953125,177166.0
2019-09-27,677.1695275319012,684.7033394896791,661.6190878792784,675.23779296875,203966.0
2019-09-30,675.2378256328143,685.2828694278652,652.0087281776053,662.0537719726562,266498.0
2019-10-01,661.3292964690097,663.8888092275852,633.6571770710581,653.5540771484375,102627.0
2019-10-03,653.5540864933732,669.1045253568678,641.3841239919859,652.1052856445312,52237.0
2019-10-04,656.5965246496743,665.4825148678898,642.3982647191608,644.7163696289062,42004.0
2019-10-07,649.0627379453869,653.8437922250874,641.3358005888941,649.2076416015625,58083.0
2019-10-09,651.4774548193942,652.8296925391251,642.8329312119232,644.4266357421875,34764.0
2019-10-10,643.3642010345209,650.7048280691668,633.6089646413669,639.549072265625,35942.0
2019-10-11,639.5973612961058,650.9945840635216,639.5007391914469,643.1227416992188,34663.0
2019-10-14,647.0344404700489,652.8296434874185,643.2675349280173,649.2076416015625,38252.0
2019-10-15,651.8155476500456,684.0755402299885,649.0628493251709,680.7432861328125,401294.0
2019-10-16,684.7998475013048,712.7617148419761,683.3993282654092,693.9755859375,453595.0
2019-10-17,695.0380393960331,705.4694527055865,686.7798863191847,694.748291015625,156975.0
2019-10-18,698.0805866738892,705.0831245547411,695.5210147642816,698.9015502929688,134351.0
2019-10-22,702.4269485422805,745.0216701395567,701.2196144952844,724.8833618164062,475587.0
2019-10-23,727.3946194915492,764.9668799804225,727.346337918286,754.4872436523438,487738.0
2019-10-24,777.5230892655494,808.4308393978446,766.8985501575729,798.5307006835938,1376925.0
2019-10-25,799.7381584783589,799.7381584783589,778.4890769728952,789.741455078125,299318.0
2019-10-27,794.9087532929385,801.6698240985893,793.9911676075141,798.6756591796875,80732.0
2019-10-29,799.5449255279334,799.5449255279334,784.3325158121042,796.9854125976562,155421.0
2019-10-30,797.8063875340933,858.4628420114462,797.8063875340933,839.386962890625,689516.0
2019-10-31,845.6167836192058,855.7583898190934,815.1436834470579,826.2994384765625,207298.0
2019-11-01,828.3761057535245,845.1338796725735,818.4759660202172,825.719970703125,156889.0
2019-11-04,826.7823830459981,830.1146369175718,807.5133192208509,822.2910766601562,160739.0
2019-11-05,820.745680068729,840.3044915090253,816.1578107185361,830.5009155273438,211894.0
2019-11-06,826.7823030547227,844.747408956245,814.7089633489003,825.1885986328125,146288.0
2019-11-07,825.3336103345572,835.3303133389063,820.9389258967,824.2228393554688,133978.0
2019-11-08,831.6117054912083,886.666138955783,831.6117054912083,858.9940185546875,555841.0
2019-11-11,860.7327561262817,863.4854546324502,845.1822556325857,851.3638305664062,280769.0
2019-11-13,851.1706155713803,872.1782307642058,850.0598445206685,858.221435546875,224409.0
2019-11-14,861.4569603352409,871.2121952601841,846.0996486118861,865.4169921875,145075.0
2019-11-15,877.3938155925626,906.8044255939564,864.451171125692,866.96240234375,323967.0
2019-11-18,867.3488172471793,911.585526870973,867.3488172471793,901.2024536132812,555484.0
2019-11-19,907.8186305560096,916.4148135082062,890.4330204639202,899.705322265625,187663.0
2019-11-20,898.2565604071646,912.5513842017668,888.9842582030603,903.9068603515624,212193.0
2019-11-21,910.8128080806443,918.5397460070974,901.1541356725784,917.0426635742188,233927.0
2019-11-22,919.4573758729674,923.3691265958936,895.358975266102,904.824462890625,140938.0
2019-11-25,907.9152377863664,917.3807252835544,901.2990705385608,906.321533203125,146865.0
2019-11-26,909.8469233025262,909.8469233025262,886.6661099699778,897.2906494140625,540134.0
2019-11-27,902.1199958741964,906.8527688979626,889.6602849842702,899.6087646484375,116588.0
2019-11-28,903.8586019943352,903.8586019943352,885.748590230643,890.916015625,89721.0
2019-11-29,890.0466239914754,901.6370303809466,883.9616724273741,892.7027587890625,88006.0
2019-12-02,892.7027587890625,892.7027587890625,892.7027587890625,892.7027587890625,0.0
2019-12-03,906.9493137851498,945.5357207679776,904.9692977871722,937.6638793945312,405156.0
2019-12-04,933.9936181993188,963.8389394040112,927.3291106831306,958.574951171875,328271.0
2019-12-05,953.5524676365358,1054.437257390354,952.103666723439,1001.700927734375,1239116.0
2019-12-06,1006.5302536366648,1022.6119671854248,967.9921851204618,979.3411254882812,306117.0
2019-12-09,986.1505470236812,990.0140163558016,950.4134557015694,960.3618774414062,214874.0
2019-12-10,965.867269032336,969.7307381084654,929.1643128091072,935.2975463867188,229152.0
2019-12-11,934.9595071244764,980.3552683175036,934.9595071244764,961.85888671875,520407.0
2019-12-12,965.8672673602348,971.565907818404,951.4275399228272,956.6915283203124,227953.0
2019-12-13,961.9555148019556,974.4635076797316,944.811370840456,947.950439453125,131495.0
2019-12-16,951.3792796388984,960.9896709545568,923.4174098327431,931.1443481445312,142476.0
2019-12-17,934.9595646403066,956.0154604007178,933.7522304917524,941.8655395507812,164962.0
2019-12-18,941.7205596805082,946.4533327406714,920.7129471953276,930.8545532226562,99498.0
2019-12-19,931.3857749236196,931.772145403342,917.8153518873484,923.1759033203124,122982.0
2019-12-20,927.0393247255732,953.5523910974848,925.3007755597775,939.257568359375,1346861.0
2019-12-23,937.325859004344,937.325859004344,917.8153292957674,921.1475830078124,132362.0
2019-12-24,922.4032519696832,926.0252542679932,909.9918810082172,913.7587280273438,186839.0
2019-12-26,914.676312411528,933.0277906964476,910.0401612667624,927.6189575195312,148498.0
2019-12-27,929.4057832279286,939.6439527386016,923.514016444744,932.738037109375,143800.0
2019-12-30,934.9595492469688,972.4351888107108,934.9595492469688,955.9671630859376,440154.0
2019-12-31,958.0920875356012,967.6541385094386,948.1919476329964,958.3818359375,325839.0
2020-01-01,954.4217879744848,974.5600974278034,954.4217879744848,959.9755249023438,107585.0
2020-01-02,960.07202279712,960.4583932683244,941.7205455001932,943.7005615234376,106092.0
2020-01-03,944.6181477823158,959.8788381749306,937.8570771949168,948.7230834960938,208019.0
2020-01-06,938.8229214148516,940.754655821055,922.4031789621228,927.81201171875,176751.0
2020-01-07,936.891351507554,941.4792215278228,922.403340917231,926.9912109375,101111.0
2020-01-08,919.9885880239444,940.5615493830842,917.573919813908,935.0078125,127836.0
2020-01-09,944.618213556406,948.4334011581768,934.9595406161563,938.58154296875,150582.0
2020-01-10,939.8370859350232,1003.5360408372488,939.7888043644302,994.1188354492188,519892.0
2020-01-13,997.7409360187546,1050.1392378377452,988.0822628723968,1033.5263671875,514090.0
2020-01-14,1041.4463534887327,1056.7553256907825,990.0139228619996,1012.5186767578124,363992.0
2020-01-15,1011.6494375756312,1071.8228998598258,1006.2888268780796,1046.2757568359375,533931.0
2020-01-16,1053.7128513842122,1081.7713427482322,1048.9801960826644,1074.6239013671875,328565.0
2020-01-17,1076.9419546357203,1086.0693527399817,1054.8235716279305,1070.712158203125,211634.0
2020-01-20,1076.5555933994572,1101.0886446773984,1074.0443621765498,1090.6090087890625,280318.0
2020-01-21,1094.9070487971726,1107.8496930288184,1030.6768791490326,1045.792724609375,528861.0
2020-01-22,1090.9471526574418,1091.4300863239569,952.3451903676296,960.3618774414062,2027984.0
2020-01-23,968.7647908643712,985.4742814488294,959.3958673378244,969.5857543945312,962524.0
2020-01-24,976.491831935682,989.0481067281288,969.7307608935952,985.0397338867188,278553.0
2020-01-27,983.1563349974068,983.1563349974068,958.333533931656,963.8389892578124,206113.0
2020-01-28,967.7023725105986,976.4917404612085,956.2085292350112,960.554931640625,284758.0
2020-01-29,969.7307312478224,975.5259348210168,947.5157842172448,955.532470703125,323100.0
2020-01-30,960.0238094106488,960.0238094106488,936.98783905966,942.3484497070312,147813.0
2020-01-31,941.720620162574,965.5775543303982,928.1984779243422,950.9446411132812,205571.0
2020-02-03,926.2666998850984,959.1061866380631,917.573894568137,953.1177978515624,176090.0
2020-02-04,959.1061867049458,990.0139389451856,956.2085849324232,965.674072265625,439600.0
2020-02-05,973.4010631387372,985.1846561100334,968.8614749917792,975.912353515625,260430.0
2020-02-06,979.3410596710364,1026.7168340619826,977.4093252701672,1020.921630859375,575947.0
2020-02-07,1025.75096929538,1039.3696732730791,1015.6577041883742,1022.1289672851562,274183.0
2020-02-10,1028.6002412053847,1028.6002412053847,997.7891714371738,1003.0531005859376,172105.0
2020-02-11,1005.4678243957956,1020.6318933178948,1000.6384880634432,1006.9649658203124,133928.0
2020-02-12,1017.1548077471034,1038.2589842086284,1008.365439090564,1029.2764892578125,328707.0
2020-02-13,1033.478084103259,1054.4373588343285,1032.5122167349386,1044.8753662109375,355215.0
2020-02-14,1049.8976324711666,1051.4913369107653,1028.648554353075,1041.3497314453125,239879.0
2020-02-17,1046.8070354623733,1046.8070354623733,1007.0615721615868,1016.0440673828124,144033.0
2020-02-18,1014.1606134020496,1041.1565559020744,995.4227651546396,1032.3671875,153599.0
2020-02-19,1036.327290693117,1050.8636409765716,1033.7678366258508,1040.9635009765625,147996.0
2020-02-20,1040.722005799439,1118.1845153573147,1034.492208935493,1099.2535400390625,876803.0
2020-02-24,1093.3617845197514,1141.6551495603765,1031.5462772677513,1051.3948974609375,556919.0
2020-02-25,1058.5422340324667,1091.671530014571,1034.4438917457253,1073.6580810546875,293474.0
2020-02-26,1079.839590392477,1118.1844732297209,1075.0585946448025,1100.122802734375,445457.0
2020-02-27,1097.2251514062243,1131.9963709930414,1072.1126039268563,1123.7381591796875,388225.0
2020-02-28,1081.7713670152607,1096.645746892465,1011.2630547008732,1026.4271240234375,600707.0
2020-03-02,1052.795413042073,1081.7714335845153,1000.6385760656768,1021.4047241210938,322474.0
2020-03-03,1040.239018637879,1048.9318238075552,985.1845858965988,1015.0299072265624,281317.0
2020-03-04,1015.367897836292,1030.580306293768,965.867203649267,1010.828369140625,296187.0
2020-03-05,1022.8534776896948,1026.716946916096,1001.0249001412732,1016.1407470703124,136221.0
2020-03-06,961.037874187106,1027.586148553267,952.7797213299395,995.567626953125,230695.0
2020-03-09,956.40175412652,981.3211171617116,948.481630957481,976.05712890625,287344.0
2020-03-11,967.7989897088912,999.6726091304416,954.2768481361124,970.744873046875,177758.0
2020-03-12,939.5716564240574,962.9150516147172,826.8424867363665,851.304443359375,435592.0
2020-03-13,783.9490475645343,1004.54418685287,690.5754637355079,903.875732421875,410486.0
2020-03-16,852.1312165453342,875.3773727454842,787.061534123783,799.1222534179688,235769.0
2020-03-17,790.368467549288,851.0127013376562,773.2500007135833,811.1343994140625,261674.0
2020-03-18,818.5264037230895,838.173772966533,755.9369499056604,761.4810180664062,259182.0
2020-03-19,702.2471633258447,755.5965258794686,673.2624584854608,735.7060546875,422670.0
2020-03-20,770.3320778938092,775.1952854562701,737.2622664690749,750.8306274414062,291910.0
2020-03-23,674.0405622903522,729.4811280198618,600.703369140625,600.703369140625,315640.0
2020-03-24,637.0802026032259,646.7579977066763,559.26888014787,563.7916870117188,377691.0
2020-03-25,559.2689106085729,620.15625,554.4057026902376,620.15625,261703.0
2020-03-26,627.3538393538271,682.1621704101562,627.3538393538271,682.1621704101562,95426.0
2020-03-27,750.344253861166,750.344253861166,697.4325355604284,720.8732299804688,359141.0
2020-03-30,700.3018663927847,729.4811108258175,684.8368430971475,719.5115356445312,192651.0
2020-03-31,739.207585089573,748.9340006828568,705.1651305130795,721.7486572265625,112314.0
2020-04-01,724.6178904322793,747.9126653601803,700.3504740407107,714.6483154296875,114396.0
2020-04-03,720.7273870530549,737.2622933687121,705.1651222853777,716.3018798828125,103016.0
2020-04-07,731.4263984273407,752.0950300318367,724.8610683882655,747.9613037109375,183401.0
2020-04-08,731.4263987019389,771.3046996949968,731.4263987019389,739.93701171875,172593.0
2020-04-09,752.8245332883423,762.1132478918967,734.8792854473571,738.915771484375,125545.0
2020-04-13,742.1254493498042,745.0433737902359,710.0282805050551,717.0313110351562,115347.0
2020-04-15,729.4811391022246,739.2075542902543,714.8915163201801,717.3231201171875,179031.0
2020-04-16,711.0981511766713,717.8580212301675,700.4477746292577,709.104248046875,91525.0
2020-04-17,731.4264085098533,733.8580122615483,708.1316326955501,709.9796752929688,190213.0
2020-04-20,714.8915008627918,745.4324676389788,711.0981752753487,739.5966186523438,251413.0
2020-04-21,728.508466136795,765.4688422558847,702.6362265995621,729.7728881835938,499815.0
2020-04-22,729.4812003558106,745.0434659634012,709.0557267458479,712.3627319335938,159270.0
2020-04-23,724.4720601212482,731.8155515729663,715.0374842483877,722.9644775390625,108983.0
2020-04-24,723.6453095072621,723.6453095072621,691.5481385210529,700.0101318359375,128005.0
2020-04-27,700.3019014284199,711.7790596065424,687.2684811834821,688.776123046875,170494.0
2020-04-28,695.3414691744355,695.3414691744355,680.8977065100424,685.0314331054688,124043.0
2020-04-29,680.8490963258605,699.3292860832767,666.4053928142224,671.1226806640625,299590.0
2020-04-30,700.3018591768082,704.6787457966632,691.548085937098,703.8033447265625,418977.0
2020-05-04,685.7122835122163,693.3961753998319,671.1226604587649,672.970703125,177805.0
2020-05-05,679.8764609788783,688.241154778409,654.5877800268743,657.7974853515625,142777.0
2020-05-06,657.7974715581882,668.1561278616804,635.1349352071697,658.4783325195312,158661.0
2020-05-07,661.2017025896307,683.6697576323172,653.615110501518,656.678955078125,366742.0
2020-05-08,670.1500368420204,674.0406030936432,653.0315690810122,655.6576538085938,78417.0
2020-05-11,669.128739815894,678.7092349595619,652.8369944956784,655.706298828125,150204.0
2020-05-12,657.3110709464448,657.3110709464448,643.8886309951392,650.0648803710938,120429.0
2020-05-13,679.8763834345498,682.5511474609375,662.563377245905,682.5511474609375,164232.0
2020-05-14,680.8003520065439,711.000855257624,669.4690560801819,690.2349853515625,263194.0
2020-05-15,690.2350377798925,699.669612476216,668.1074445025472,672.8733520507812,202399.0
2020-05-18,677.833857464002,677.833857464002,642.1865241960473,644.666748046875,131873.0
2020-05-19,663.8278128712678,663.8278128712678,637.5664928016353,640.0953369140625,76307.0
2020-05-20,646.7093931793114,657.7002308694806,631.9252296813631,635.8157958984375,177879.0
2020-05-21,643.8886803197073,644.8127016282767,617.6273595211694,621.1288452148438,185650.0
2020-05-22,625.8461844442566,636.0589201844034,606.8796752125552,610.1380004882812,197875.0
2020-05-26,612.6669253063926,620.5452979765785,612.6669253063926,616.3143310546875,96382.0
2020-05-27,619.3294631481956,636.1075286987356,616.2656187363149,624.63037109375,184474.0
2020-05-28,625.5057507452118,639.0254918998794,616.6547364756827,632.0224609375,248102.0
2020-05-29,633.2868801526981,663.5846877361024,633.1896397452587,660.8126831054688,552940.0
2020-06-01,675.0132116925344,693.8338012695312,674.9645914898294,693.8338012695312,222131.0
2020-06-02,723.6452157564253,728.5084228515625,715.2805232989175,728.5084228515625,601623.0
2020-06-03,758.6603024097985,764.9338513989436,729.4810600094216,733.809326171875,583383.0
2020-06-04,725.5905837291768,758.0768346824857,715.1346872478248,746.2592163085938,483719.0
2020-06-05,753.5054100583827,760.5084409929358,734.3443599198586,752.0464477539062,515976.0
2020-06-08,762.5509174025092,806.8061045731905,751.365540425304,780.3988647460938,850557.0
2020-06-09,787.6451153857884,787.6451153857884,750.9278968700787,753.6026611328125,426837.0
2020-06-10,754.915802367972,758.4172883854656,739.2076167655708,742.4659423828125,226929.0
2020-06-11,730.7941327170134,745.0433537642474,719.754675960239,721.3595581054688,196750.0
2020-06-12,685.809575282539,734.3444153547687,685.809575282539,725.8338012695312,285909.0
2020-06-15,724.7151993248453,742.8549880827524,715.1833239531178,723.1589965820312,141907.0
2020-06-16,734.3443518048699,739.1103190262908,706.1377475633584,728.8975830078125,209988.0
2020-06-17,724.6179161600048,761.9186938698962,720.7273501671993,742.903564453125,408766.0
2020-06-18,742.9036032835982,749.0799127391987,732.3990864270331,738.1376953125,179189.0
2020-06-19,743.3898415503854,797.5659816920436,739.01295506549,779.2803344726562,661832.0
2020-06-22,788.8123622116672,801.4567034061821,781.0798493773393,783.7059936523438,441931.0
2020-06-23,785.8944192368606,816.8730307044578,783.4628152169446,805.9794921875,500249.0
2020-06-24,812.1556217886726,812.1556217886726,773.249963259874,778.0159301757812,290328.0
2020-06-25,777.2378258750867,790.7575669403707,764.5934859363109,776.1193237304688,152111.0
2020-06-26,787.8396020080029,789.3471844350767,758.7089776903209,760.702880859375,210930.0
2020-06-29,751.6573732776034,769.2622208419701,741.493257270448,748.3990478515625,234833.0
2020-06-30,755.7424539071665,782.7818760348981,755.7424539071665,767.7059326171875,864733.0
2020-07-01,769.2621845367462,780.9338825130862,769.2621845367462,775.8275146484375,202629.0
2020-07-02,787.8396326209602,844.8364020496297,779.8639602695098,818.2346801757812,1747188.0
2020-07-03,826.5508088583733,837.4444065071423,819.401916939201,821.8821411132812,661643.0
2020-07-06,821.8820938550544,830.295466845974,817.0188861991073,821.2012329101562,219885.0
2020-07-07,820.909452970077,823.7787573624101,809.2377545866162,813.1769409179688,250324.0
2020-07-08,821.882116421713,860.7877787375338,812.6906418265345,825.1404418945312,1037555.0
2020-07-09,829.7604498670619,835.4990585320975,820.9580560594339,823.2924194335938,199069.0
2020-07-10,820.8121983145526,827.1343681625141,811.2802639745952,814.6845092773438,182861.0
2020-07-13,817.2134654812828,821.8821331813176,794.2104684218509,797.0797729492188,244361.0
2020-07-14,799.4140382179705,815.0249217485718,783.5113147576589,786.623779296875,422966.0
2020-07-15,790.2712704936451,798.5387237849633,787.9855865651186,793.8700561523438,181151.0
2020-07-16,797.9550954706084,798.1982558410754,779.6207679182023,790.31982421875,87365.0
2020-07-17,798.2469129725147,811.6207339669309,789.3472192555539,799.9490356445312,182216.0
2020-07-20,806.2225880224689,826.7453005608484,800.5325994523536,819.5477294921875,379313.0
2020-07-21,822.8546810906892,834.5263786948124,820.325837022592,826.4048461914062,294315.0
2020-07-22,797.4688372551475,811.2802998882992,778.1132465022716,801.6511840820312,394352.0
2020-07-23,801.651104940638,816.4352670377103,798.4413999887537,811.7665405273438,219239.0
2020-07-24,807.292432415118,808.4109938688111,795.1344138546493,796.9337768554688,167776.0
2020-07-27,800.3866740198823,800.3866740198823,778.1131610390115,782.2468872070312,177106.0
2020-07-28,782.2469669969461,795.6207883164462,779.3290423454188,782.6360473632812,620059.0
2020-07-29,788.6177352855345,809.2377474543108,782.9764263229811,794.988525390625,200370.0
2020-07-30,789.7849502304628,805.2499748493341,783.7059404534426,786.6724853515625,115112.0
2020-07-31,786.9155715193901,813.0796508779753,785.6997696786627,797.8577880859375,225544.0
2020-08-03,797.5660428596556,825.7726468144483,792.702835281243,806.6602172851562,312589.0
2020-08-04,811.134439934185,821.7848768774221,807.3411141082662,817.1161499023438,185238.0
2020-08-05,817.2134263784109,834.5264337605169,817.2134263784109,821.2012329101562,296075.0
2020-08-06,822.8548381446188,830.1982707490836,807.778892528494,813.37158203125,111630.0
2020-08-07,813.0796856267748,831.6084945982674,812.2529047205512,819.40185546875,215544.0
2020-08-10,823.778736694817,845.2254700632885,813.1283003140497,833.5537719726562,333763.0
2020-08-11,841.0430900248871,845.1281960673027,819.9367582768431,823.3410034179688,153459.0
2020-08-12,821.5416665836548,834.5264068603516,815.6571380173788,817.0188598632812,181739.0
2020-08-13,817.9914737556378,830.6358128267714,817.9914737556378,826.4048461914062,116650.0
2020-08-14,828.4960422593268,868.3743449353401,823.92461520145,852.4716796875,1180838.0
2020-08-17,858.6965750599044,885.1038170850007,856.0218107775047,875.182861328125,975405.0
2020-08-18,878.7816245854432,890.9396437413016,865.8455040766754,870.4169311523438,386978.0
2020-08-19,874.8910766259548,892.8849453503352,873.432114296951,882.1372680664062,279616.0
2020-08-20,875.377409249861,885.5901456911093,866.7208755678137,874.8424682617188,195671.0
2020-08-21,880.6297220053906,885.0066091736771,870.0279048960749,872.410888671875,149453.0
2020-08-24,879.1707599347094,882.6722459244755,860.7878100751084,862.7330932617188,181125.0
2020-08-25,868.7634331184103,870.5141760127445,840.6540689401356,845.7604370117188,195836.0
2020-08-26,849.6996101691087,904.4593753690492,844.3014615931935,894.0034790039062,909124.0
2020-08-27,899.6933940686498,913.3103751680673,885.1037714621312,888.3134765625,574498.0
2020-08-28,894.4410720974728,897.3589965075759,871.0490566162111,875.6204833984375,219494.0
2020-08-31,882.1857511395258,888.021599548387,820.9093428464827,868.4228515625,367938.0
2020-09-01,868.4229058866456,872.0216911702959,841.7239452382094,858.2588500976562,152363.0
2020-09-02,860.7391338544112,870.9032497160695,855.9245464078018,857.43212890625,161036.0
2020-09-03,857.8698043797684,867.596219395412,842.4534603261036,846.8789672851562,148477.0
2020-09-04,841.334922346136,860.787752920613,831.657127262268,841.9671630859375,87347.0
2020-09-07,842.6966708159521,853.979289158936,822.854759257927,825.9672241210938,175262.0
2020-09-08,830.6358493485393,834.8668161699334,817.018868211678,819.15869140625,113238.0
2020-09-09,814.1009864733775,814.5873072538275,797.5660799380759,807.4384155273438,141586.0
2020-09-10,814.5872250515586,832.4838517122537,811.6693006633142,818.1373901367188,111823.0
2020-09-11,818.137417628969,831.6084785945754,818.137417628969,823.9732666015625,71870.0
2020-09-14,836.3745365195098,879.2680073812452,831.6085689280582,864.046142578125,401760.0
2020-09-15,870.9031728418078,884.9091740184349,864.6782438530919,872.5079956054688,197339.0
2020-09-16,872.9943755004673,885.1037741740456,853.103844746238,865.0673828125,111271.0
2020-09-17,855.9245858274234,866.9154237496411,848.6783942220683,858.4534301757812,69927.0
2020-09-18,859.7178576954008,865.65094718277,843.6692727195405,855.6327514648438,138719.0
2020-09-21,857.5779688456198,860.7876737220273,818.8181718729544,824.1190795898438,119683.0
2020-09-22,823.8274250600314,823.8274250600314,776.1679872466411,789.5418090820312,245982.0
2020-09-23,807.1953182824614,819.9368999808702,791.8762124999006,804.3746337890625,121696.0
2020-09-24,778.2104937056876,797.3715444411469,778.2104937056876,793.2864379882812,105427.0
2020-09-25,798.5386847229556,814.0037085751704,788.1800288302969,805.83349609375,104828.0
2020-09-28,813.128318922942,834.4291921719587,812.2529177999799,816.2407836914062,102675.0
2020-09-29,823.5355551406907,828.5933027229698,803.4018645790231,808.0219116210938,99519.0
2020-09-30,814.9763585058264,814.9763585058264,784.1436102538585,797.4688110351562,87735.0
2020-10-01,806.2225884907257,811.3775767300335,792.7028474687472,797.7119750976562,118171.0
2020-10-05,804.1799597485889,810.2103487673411,800.4353138155419,801.164794921875,88416.0
2020-10-06,806.2712968542559,813.0797883131718,798.1983831403226,804.3746337890625,67996.0
2020-10-07,802.4292428084142,808.2650918470208,794.6481107569386,802.866943359375,78324.0
2020-10-08,807.292481969307,808.2651235138484,787.061549715913,791.243896484375,137649.0
2020-10-09,793.6754458153817,799.2195141114217,786.7210355035902,789.2499389648438,142219.0
2020-10-12,791.0493916704089,804.2773528867936,786.8670447149532,789.5418090820312,80778.0
2020-10-13,787.8396403628263,796.2043337859795,779.4262673708453,783.3168334960938,94340.0
2020-10-14,780.8852461283775,801.4080184908672,780.0585245554666,787.5964965820312,94276.0
2020-10-15,790.854845590777,793.1892091307951,778.9886657974553,780.2044677734375,115165.0
2020-10-16,784.6785677277684,791.6815987364275,781.0311619279802,784.8731079101562,51702.0
2020-10-19,784.9702713976031,790.7574999058954,780.1070641411094,782.2468872070312,68478.0
2020-10-20,782.0038277376917,789.1527195809525,779.7181437783718,782.4415283203125,64748.0
2020-10-21,782.9764221705784,811.6693469581959,782.9764221705784,802.7696533203125,282353.0
2020-10-22,802.2347258276038,823.6814597914681,801.7970252639886,809.286376953125,182940.0
2020-10-23,815.6571942835666,863.7057114361703,812.2529487993024,857.140380859375,965153.0
2020-10-26,878.1980156158044,949.0549236535994,877.8089352778617,930.8665161132812,3608356.0
2020-10-27,923.9608525965906,930.963883631938,902.1736581233608,919.1948852539062,543537.0
2020-10-28,918.6598811774328,935.6811071388992,905.5292211500158,911.754150390625,281454.0
2020-10-29,908.4471401387618,908.4471401387618,876.3985915766475,884.9578247070312,284243.0
2020-10-30,899.6448350849074,908.4472294500888,885.1038316912002,895.5111083984375,102403.0
2020-11-02,894.8302011245371,915.7419938682084,880.2405782801153,885.9791870117188,271978.0
2020-11-03,894.6356977211792,918.1736354174468,891.6691528272714,902.2222900390624,295208.0
2020-11-04,907.7662937091558,924.0094185182792,899.4502208155565,916.3742065429688,192167.0
2020-11-05,923.960779708194,923.960779708194,894.8301557011619,899.9365234375,215739.0
2020-11-06,899.6933714748487,917.2495383640768,896.7754470268222,902.0763549804688,184379.0
2020-11-09,902.0763364964008,919.1461822945198,895.8027871886272,900.8605346679688,218436.0
2020-11-10,909.0794220286172,914.2344102207068,896.9700232100461,902.0277709960938,133211.0
2020-11-11,905.3833336699493,907.182756098212,898.720763014941,904.2648315429688,125494.0
2020-11-12,903.535381008672,904.7025627433694,888.3135169837608,890.98828125,140836.0
2020-11-13,890.9396020477329,904.5565828650564,890.9396020477329,894.2952270507812,258713.0
2020-11-14,909.0794595396292,911.3651434638708,901.6387278452596,906.9396362304688,96070.0
2020-11-17,906.5019440365276,909.3226283381382,899.6934530405451,902.7086181640624,119540.0
2020-11-18,903.5353098048888,905.5292129549792,897.3590008212858,901.5900268554688,125930.0
2020-11-19,907.1827469193538,921.0915086188865,900.2769565892877,910.9760131835938,832772.0
2020-11-20,914.2830756322792,916.1797385664972,894.9274846466978,897.7481689453125,273668.0
2020-11-23,900.6660323488943,909.9061266332512,899.6933908452778,904.9456787109376,171479.0
2020-11-24,909.3712010904125,914.2344086909116,901.6386891325532,908.3985595703124,413933.0
2020-11-25,913.796709662864,918.1249763076164,889.9669923805435,902.0277709960938,759259.0
2020-11-26,909.4198632000688,946.1857024809736,900.5201691349201,918.5140380859376,1563661.0
2020-11-27,924.009414214084,948.9090125773016,920.1188482594982,932.1796264648438,742088.0
2020-12-01,937.1400675952668,940.0579920402964,924.6416483018544,934.1735229492188,926604.0
2020-12-02,938.5990744195236,957.0792634495454,931.45018293562,940.3984375,841587.0
2020-12-03,945.213008881132,957.0306269904686,940.5443414995976,952.1674194335938,1590571.0
2020-12-04,956.1065703987416,977.504682859344,949.298080070368,973.2250366210938,1954683.0
2020-12-07,977.504775453969,994.0396821034392,955.1340193988036,991.462158203125,1161957.0
2020-12-08,996.9575115117472,1004.3010021375812,977.2129014495064,998.1246337890624,1137923.0
2020-12-09,1001.820772154532,1017.38303657635,992.1429770941484,1005.6626586914062,1342048.0
2020-12-10,1002.6961571977236,1013.0061334657428,984.1186687228428,1006.9271240234376,587960.0
2020-12-11,1010.5745504116708,1013.9787957691692,1003.1824985243768,1010.6232299804688,289067.0
2020-12-14,1016.410354397378,1016.410354397378,1003.2796943166462,1009.3587036132812,339888.0
2020-12-15,1008.629295193714,1011.5472198664056,984.8968174430244,989.0792236328124,217446.0
2020-12-16,994.039686524926,1031.0000662587297,984.313270805504,1016.0213623046876,707023.0
2020-12-17,1021.2736434184244,1040.5319939008643,1003.0852936421888,1021.0791625976562,743277.0
2020-12-18,1021.0790715862724,1026.136759782038,1002.8906047005614,1012.762939453125,205251.0
2020-12-21,1009.6018291453818,1030.999941131122,830.4412614644373,970.1126098632812,562988.0
2020-12-22,974.3922898752664,997.930227184856,933.7358850852454,971.474365234375,416797.0
2020-12-23,980.7630579800168,1011.0121856611514,977.5047326174232,1007.8997802734376,487110.0
2020-12-24,1011.5470738072224,1030.902661754085,1010.0881116815387,1027.7415771484375,337559.0
2020-12-28,1035.6686429066676,1035.6686429066676,1013.4923707943422,1021.5166625976562,224101.0
2020-12-29,1026.0880443341823,1026.136723898663,1003.7659706762277,1015.291748046875,113153.0
2020-12-30,1014.465035501374,1015.291756990313,996.957489346988,1004.68994140625,105024.0
2020-12-31,1004.690011723938,1024.1915217141764,995.4985968418418,1008.4833374023438,161162.0
2021-01-01,1010.3800260030742,1019.5227610127796,1002.7933748985844,1007.12158203125,108936.0
2021-01-04,1013.4925952690904,1032.9454281917217,1007.75398581078,1030.8056640625,850274.0
2021-01-05,1027.1095271363158,1126.3189700983462,1022.2949987201298,1113.334228515625,2473634.0
2021-01-06,1118.9268656497643,1171.9843910958646,1113.6745775205663,1143.9237060546875,1614440.0
2021-01-07,1157.7351559268077,1264.4338746239728,1154.8172316007524,1242.7926025390625,2335515.0
2021-01-08,1274.1605270590665,1274.1605270590665,1179.4252091636558,1214.4403076171875,1027680.0
2021-01-11,1219.6926676222142,1225.1881168644138,1181.7596420741547,1194.744384765625,365753.0
2021-01-12,1194.7441876757905,1196.3490699303643,1175.1941168645226,1178.5496826171875,442524.0
2021-01-13,1177.8688003077652,1228.4461558948865,1162.3065370501895,1187.59521484375,602575.0
2021-01-14,1194.355141611241,1195.3764627291066,1172.1789855508368,1179.084716796875,164810.0
2021-01-15,1179.814296754782,1191.4859963104764,1140.8599519953846,1156.3736572265625,237799.0
2021-01-18,1157.4433002947064,1176.896128871088,1113.8689167913542,1161.5770263671875,457831.0
2021-01-19,1162.306469376398,1185.6498629036228,1157.4432623915595,1170.2335205078125,277803.0
2021-01-20,1171.9842552395146,1206.0753851922466,1163.4736426423915,1183.3155517578125,399337.0
2021-01-21,1215.8018010445498,1288.701229542923,1206.0753866361931,1245.8564453125,2191059.0
2021-01-22,1254.7076250032217,1268.5677673724433,1226.5010194798936,1243.8140869140625,619649.0
2021-01-25,1235.2547268807011,1235.2547268807011,1152.5801979162447,1178.3065185546875,1161971.0
2021-01-27,1187.838645788414,1187.838645788414,1137.650359096324,1150.34326171875,521005.0
2021-01-28,1148.6897250595116,1179.3766149104797,1111.729344405607,1165.0301513671875,727445.0
2021-01-29,1167.1698444309775,1205.978265504439,1160.361353671797,1189.443359375,537393.0
2021-02-01,1204.4706354257585,1224.5557071081755,1169.6014597280234,1216.142333984375,421178.0
2021-02-02,1225.5283263284666,1242.9871942787408,1197.856722325455,1235.6923828125,591972.0
2021-02-03,1240.11783819445,1277.078212979853,1221.2000096452318,1260.49462890625,786932.0
2021-02-04,1264.4339121267667,1290.6952318401686,1248.7744081919418,1283.6922607421875,861383.0
2021-02-05,1293.9051515393032,1293.9537123802882,1225.528400435442,1250.2335205078125,252502.0
2021-02-08,1261.467317005896,1288.7499579475357,1246.9263744065968,1281.11474609375,251290.0
2021-02-09,1288.701350662854,1288.701350662854,1254.902057417154,1261.6619873046875,134094.0
2021-02-10,1264.3852492155709,1272.2150606514426,1235.2546842716606,1265.552490234375,259528.0
2021-02-11,1267.254691575469,1303.3396691160583,1254.7075919102351,1288.6041259765625,641855.0
2021-02-12,1293.5645604791832,1303.193735410635,1279.0236170400774,1292.5919189453125,353695.0
2021-02-15,1312.9686749827035,1312.9686749827035,1276.4946217777465,1284.0325927734375,509004.0
2021-02-16,1292.5918588936902,1303.3395948359032,1275.1329916640814,1290.1116943359375,228193.0
2021-02-17,1291.6679323238195,1326.6830268747665,1284.9081212847177,1316.6162109375,482906.0
2021-02-18,1315.0112134211402,1323.5705054977957,1299.5461909372923,1310.7315673828125,317284.0
2021-02-19,1321.236364896551,1321.8199261067573,1265.4067136606998,1292.9810791015625,181098.0
2021-02-22,1280.9689960456274,1349.977870549897,1261.078522680541,1302.22119140625,518096.0
2021-02-23,1303.1937257036504,1322.7924762112946,1288.7500227793862,1309.5645751953125,120712.0
2021-02-24,1313.066031982929,1339.132871813814,1285.6375890293243,1314.233154296875,108632.0
2021-02-25,1319.8745086964002,1334.464131121195,1310.7316548973988,1317.9779052734375,484835.0
2021-02-26,1303.3397273187811,1322.792559069808,1279.6072488363964,1300.51904296875,189651.0
2021-03-01,1322.7924321828057,1325.224035918436,1303.1936823274964,1313.260498046875,89642.0
2021-03-02,1318.901903485269,1337.1876115863238,1305.284922180849,1328.433837890625,191834.0
2021-03-03,1337.382052890131,1337.382052890131,1308.98096878647,1316.3243408203125,317651.0
2021-03-04,1310.6344737105126,1324.251455255557,1308.2515494323925,1313.84423828125,138212.0
2021-03-05,1314.0386852369645,1319.874534320178,1301.3943455566678,1313.3092041015625,140978.0
2021-03-08,1313.0661226917011,1320.847255270615,1294.829093209872,1315.351806640625,82898.0
2021-03-09,1322.7437549546023,1325.0295574546572,1308.2514916491434,1322.9383544921875,99124.0
2021-03-10,1322.7923784382558,1339.327283168734,1315.0112468003838,1328.9686279296875,434354.0
2021-03-12,1332.4701357918827,1339.3273056551434,1309.2726604531358,1322.4033203125,327169.0
2021-03-15,1326.2940943824192,1339.2302754703958,1299.0115680749805,1319.971923828125,214232.0
2021-03-16,1326.4885916001635,1338.2575305932207,1308.2028829924666,1318.123779296875,140179.0
2021-03-17,1320.847255270615,1322.7438588444609,1303.4369473791633,1315.351806640625,94211.0
2021-03-18,1315.351704804315,1341.272624447121,1259.5707386939969,1276.446044921875,532541.0
2021-03-19,1276.10563525325,1332.5188416897506,1213.1270987573291,1316.0811767578125,360422.0
2021-03-22,1317.9292616636396,1339.3273751371453,1308.20284644841,1315.692138671875,326202.0
2021-03-23,1317.8319125103712,1337.3819817335843,1311.266582781861,1335.777099609375,220444.0
2021-03-24,1340.3001020493714,1340.3001020493714,1095.2916634220803,1334.026611328125,234622.0
2021-03-25,1327.655800364238,1337.3822164841226,1301.3944768405495,1327.0235595703125,293099.0
2021-03-26,1332.5188345712406,1404.8833848079548,1322.84109928687,1352.6524658203125,947833.0
2021-03-30,1364.616281794967,1371.2302927342832,1327.65589782618,1339.9598388671875,449575.0
2021-03-31,1347.011347964977,1366.2695800116787,1332.8108046422992,1341.8077392578125,233976.0
2021-04-01,1355.8620939878022,1363.643225086728,1339.0840300557436,1358.050537109375,154908.0
2021-04-05,1356.8348067975678,1356.8348067975678,1304.6040090389083,1335.533935546875,242102.0
2021-04-06,1342.5372435983677,1348.9566543913209,1318.902005303104,1341.8563232421875,340155.0
2021-04-07,1341.272767359339,1381.053832573925,1330.7196297379237,1369.7225341796875,596094.0
2021-04-08,1381.1510119196432,1383.0962950350229,1353.5279679351186,1362.52490234375,308467.0
2021-04-09,1361.7953420851784,1366.7557899951723,1348.7133613862875,1360.4822998046875,185076.0
2021-04-12,1343.2179908477606,1347.1085570775874,1286.9992613344973,1310.8289794921875,419634.0
2021-04-13,1308.4459558283295,1325.1267810183963,1293.661852769695,1318.65869140625,276341.0
2021-04-15,1308.494778618985,1386.0142658556276,1305.333693451244,1375.1207275390625,333770.0
2021-04-16,1371.4244570089763,1389.9046447275368,1350.0263449138008,1364.615966796875,402841.0
2021-04-19,1337.3821693526843,1351.97179301835,1287.8261284605712,1328.8228759765625,212200.0
2021-04-20,1333.394368911775,1395.643430178535,1333.394368911775,1374.3912353515625,307200.0
2021-04-22,1350.512793145884,1402.549116108293,1338.695174558757,1392.4822998046875,288834.0
2021-04-23,1386.0142174556022,1472.968396317896,1381.7832504326589,1444.66455078125,768870.0
2021-04-26,1453.12663129871,1458.9624812236043,1429.150990777801,1438.099365234375,283076.0
2021-04-27,1439.3150211262314,1511.9712978199775,1439.2663415561994,1499.6673583984375,1054200.0
2021-04-28,1512.4575355840325,1541.6367806435312,1483.472771332669,1518.390625,664746.0
2021-04-29,1525.101874594024,1528.9924406006414,1484.250931524541,1497.381591796875,251909.0
2021-04-30,1492.0321219523196,1508.5670281278014,1420.056648011986,1426.913818359375,354788.0
2021-05-03,1420.056641151973,1452.83461339041,1415.4365938605538,1439.4122314453125,140402.0
2021-05-04,1448.5062749545114,1468.688584979897,1404.786089403825,1408.4820556640625,134353.0
2021-05-05,1423.1688748004226,1423.9470354267924,1386.4516612844652,1400.8468017578125,123522.0
2021-05-06,1401.576419698818,1449.0413730073892,1390.8773630598955,1437.2237548828125,215540.0
2021-05-07,1444.3726838733314,1444.3726838733314,1411.1083907672992,1425.26025390625,180246.0
2021-05-10,1439.509480339894,1472.1902123636412,1434.646272636043,1451.2298583984375,299722.0
2021-05-11,1436.6888606842022,1514.9865082345657,1427.935086423913,1507.5457763671875,334251.0
2021-05-12,1523.934912916009,1531.9105265779904,1488.1416543900475,1501.466796875,531145.0
2021-05-14,1551.3631953721977,1609.7216854802427,1520.9681484409243,1555.4482421875,1884747.0
2021-05-17,1576.8951602495538,1642.7916272391649,1566.3905837021186,1628.396484375,861033.0
2021-05-18,1637.9284193432527,1651.545401451807,1600.2872377211563,1628.396484375,351822.0
2021-05-19,1627.229120155332,1627.229120155332,1590.5119059976132,1597.95263671875,243335.0
2021-05-20,1603.8857472256832,1609.1865956232857,1556.2263162893228,1568.9678955078125,260399.0
2021-05-21,1589.2962302325682,1607.6791785511562,1570.8160415089335,1582.1473388671875,301419.0
2021-05-24,1590.4633490708538,1637.441981478721,1590.2688682611872,1631.946533203125,392381.0
2021-05-25,1643.764143438413,1644.2504641909095,1614.6335778561292,1639.4844970703125,274116.0
2021-05-26,1635.983018753044,1648.6273583747975,1627.229245168753,1639.9708251953125,509168.0
2021-05-27,1643.7641406320176,1653.4905556653432,1627.4237158837698,1652.22607421875,327306.0
2021-05-28,1651.7884257645392,1651.7884257645392,1625.7702656649064,1629.0772705078125,96998.0
2021-05-31,1629.1745495009427,1653.4905875531956,1619.5453746861197,1628.445068359375,216760.0
2021-06-01,1634.037766400277,1646.293025902148,1625.283992651704,1632.2384033203125,141493.0
2021-06-02,1626.548494269971,1646.682126648723,1626.548494269971,1630.390380859375,153134.0
2021-06-03,1637.6364770713308,1663.071076524142,1627.9587414553143,1632.919189453125,292826.0
2021-06-04,1647.8977821684864,1677.806506855918,1638.9008487259257,1662.681884765625,563053.0
2021-06-07,1673.3811227045076,1700.1774451474648,1665.1623490231464,1692.299072265625,328880.0
2021-06-08,1702.1226122416604,1708.3961023773766,1682.718461954366,1694.438720703125,208099.0
2021-06-09,1705.7214813710486,1715.739737078682,1687.53313142376,1698.961669921875,296556.0
2021-06-10,1706.0132266814385,1726.9250193688108,1706.0132266814385,1724.979736328125,287757.0
2021-06-11,1726.4386953917822,1775.5570920775765,1708.0071861078893,1773.12548828125,561136.0
2021-06-14,1781.8792309926698,1794.3776505425303,1760.4811179567316,1766.2197265625,361776.0
2021-06-15,1766.3169538781551,1827.2042876831115,1765.344312383729,1813.635986328125,536279.0
2021-06-16,1818.839777931812,1873.3077071105183,1804.6392344277813,1869.4658203125,710365.0
2021-06-17,1867.471782780206,1896.6510293861468,1839.50833811618,1887.2650146484373,467101.0
2021-06-18,1890.620616998199,1902.4867959428,1849.3805931764168,1883.3258056640625,266616.0
2021-06-21,1877.0036807791355,1920.9670306464784,1859.787854380012,1912.2132568359373,349651.0
2021-06-22,1920.966838570623,1952.091364562653,1878.0246953698647,1888.4805908203125,380553.0
2021-06-23,1903.459366106429,1953.3559212539053,1887.118941838192,1941.4896240234373,221760.0
2021-06-24,1945.28306650696,1950.0975946043025,1916.103820509356,1923.3013916015625,140241.0
2021-06-25,1933.6113944344845,1941.392526806454,1896.651015667628,1903.9945068359373,117221.0
2021-06-28,1920.7237598325628,1927.6294905843752,1886.9244684517896,1895.2406005859373,134196.0
2021-06-29,1903.45950466504,1926.8029017585309,1886.9245983904843,1894.316650390625,110313.0
2021-06-30,1910.2680104155784,1945.769427106092,1903.55675995261,1921.0157470703125,222906.0
2021-07-01,1925.8302387197168,1977.380240059184,1917.3683048600287,1958.94873046875,427322.0
2021-07-02,1969.5991371268185,1970.5717786760167,1925.830267412889,1935.1676025390625,225205.0
2021-07-05,1949.4653669237075,1956.9546588315488,1916.1037166491803,1926.1705322265625,152066.0
2021-07-06,1937.4534014524668,1944.261892701049,1896.6511335335872,1910.3653564453125,121393.0
2021-07-07,1916.1037254117543,1946.206931879644,1895.386414289408,1900.9305419921875,166752.0
2021-07-08,1913.0886204083413,1927.6295635714769,1897.623596567173,1911.43505859375,213468.0
2021-07-09,1916.1037256738296,1923.7389375858413,1884.979198150194,1892.90625,261879.0
2021-07-12,1907.4246047753124,1918.178920845291,1886.8936377326256,1891.7330322265625,131125.0
2021-07-13,1903.513868599824,1908.6955411466088,1854.826100956637,1871.104248046875,206502.0
2021-07-14,1876.0415714464707,1884.8405572863787,1853.653016940595,1860.7410888671875,363840.0
2021-07-15,1875.503823908949,1875.503823908949,1849.2535397980391,1856.8304443359373,220964.0
2021-07-16,1866.1181842682315,1939.6874800723883,1842.556480178467,1892.8572998046875,554165.0
2021-07-19,1894.7149694872635,1943.5004819924773,1893.7862353770288,1910.2109375,333569.0
2021-07-20,1911.335282803484,1957.285542799271,1882.2008148983884,1946.14013671875,336679.0
2021-07-22,1862.4521011519475,1901.803123236654,1835.1264080878248,1869.246826171875,797341.0
2021-07-23,1886.7468884259097,1926.0001643757444,1842.8986344407504,1847.0537109375,396771.0
2021-07-26,1848.6669739080287,1858.541367615748,1804.5743014698776,1816.9906005859373,381916.0
2021-07-27,1818.4570759470355,1828.233726892987,1756.6197587138902,1762.2413330078125,466123.0
2021-07-28,1768.5961322860217,1803.792075217087,1735.3555195177937,1751.6336669921875,343448.0
2021-07-29,1759.797212942554,1786.0474975001698,1722.6459384471,1774.2177734375,254104.0
2021-07-30,1774.4622534509854,1820.3147730149983,1771.2848417023815,1809.3160400390625,255158.0
2021-08-02,1828.1847946178127,1839.1347152759256,1795.4819449641066,1824.1763916015625,199500.0
2021-08-03,1830.1891500977,1833.6109781026903,1803.8411221968304,1831.0201416015625,146154.0
2021-08-04,1833.121938153732,1833.3663544121523,1759.7970606275826,1774.4620361328125,324668.0
2021-08-05,1785.2165134695392,1804.6720732737183,1759.7972202876072,1778.51953125,207130.0
2021-08-06,1782.7723151507228,1801.836784657408,1758.9172627710177,1770.8448486328125,155490.0
2021-08-09,1781.3058019534894,1788.00278398119,1759.7971698772124,1768.4984130859375,151628.0
2021-08-10,1786.194076245487,1817.283873093388,1762.38795574832,1776.270751953125,441811.0
2021-08-11,1788.0516674381922,1801.2989575084814,1754.908797751163,1766.3963623046875,286015.0
2021-08-12,1778.763924271707,1795.481973777059,1763.7567887081525,1769.231689453125,161242.0
2021-08-13,1781.3058114269504,1874.183995886643,1774.6088293636335,1857.80810546875,562355.0
2021-08-16,1875.1617859404664,1912.410804847669,1858.7858944313407,1878.241455078125,548973.0
2021-08-17,1886.8936410952413,1901.851964847696,1869.2956693130063,1877.899169921875,183084.0
2021-08-18,1905.469234865181,1905.469234865181,1847.7869953284724,1862.3052978515625,166172.0
2021-08-20,1830.1891456834776,1862.6475806578296,1823.8343222609656,1840.89453125,196888.0
2021-08-23,1853.6530635329875,1871.9353535001087,1770.2581812388062,1789.37158203125,247602.0
2021-08-24,1789.1270677854236,1809.413617870969,1771.96899816829,1786.1451416015625,136045.0
2021-08-25,1787.1717376465476,1849.4001428617144,1786.1451415914198,1822.7098388671875,229701.0
2021-08-26,1838.743685141212,1840.3568564673776,1791.1314412576703,1815.7685546875,187893.0
2021-08-27,1814.5464360727349,1867.4380944192249,1808.729376431715,1852.2354736328125,336353.0
2021-08-30,1863.429631423361,2002.2580719596235,1859.8123183863763,1988.130859375,1745651.0
2021-08-31,2006.511100770629,2076.854058286083,1993.4591759678244,2021.3226318359373,1444108.0
2021-09-01,2039.458307764981,2115.6672537567915,1985.0022906714728,2079.1513671875,939984.0
2021-09-02,2087.315038735153,2172.371904482206,2062.971272634382,2162.693115234375,873118.0
2021-09-03,2170.4165658209035,2198.768854293339,2151.84092854586,2182.44189453125,573821.0
2021-09-06,2195.8361062659683,2312.3248229286887,2161.715685218968,2274.733642578125,1155548.0
2021-09-07,2292.037965982888,2447.095746386862,2280.3549157702523,2351.675537109375,2044422.0
2021-09-08,2351.284550281436,2395.279479496681,2331.7801794002303,2352.946533203125,696056.0
2021-09-09,2356.172851415592,2372.0109780319526,2303.281074919082,2330.802490234375,500919.0
2021-09-13,2338.5750021041868,2426.5648642234914,2323.8610940900144,2387.800537109375,1088121.0
2021-09-14,2405.056365117296,2434.190835489201,2383.6455929517333,2407.9404296875,495313.0
2021-09-15,2418.74343920308,2432.724097765453,2368.882519478198,2398.06591796875,341663.0
2021-09-16,2396.257103274491,2426.4181663693507,2375.726136661368,2387.75146484375,269835.0
2021-09-17,2400.167678791904,2516.265402562388,2387.946865763432,2449.7841796875,2205385.0
2021-09-20,2473.2974973424048,2568.326508068594,2407.6960662405627,2427.200439453125,1756303.0
2021-09-21,2447.6824478355284,2476.914538945968,2299.4683227159726,2359.5947265625,1181038.0
2021-09-22,2394.9862447919004,2420.3566074275086,2317.066380901666,2348.302734375,705246.0
2021-09-23,2369.566863416845,2402.123159098221,2359.44817280913,2372.450927734375,370665.0
2021-09-24,2387.458127244317,2393.030770467163,2329.7758874787914,2355.83056640625,336516.0
2021-09-27,2372.7931508891743,2372.7931508891743,2307.338521473027,2322.88330078125,309964.0
2021-09-28,2329.77576728129,2350.404594896397,2269.1605354007024,2296.53515625,347504.0
2021-09-29,2287.638371126955,2302.401208961001,2253.517956116819,2285.829833984375,328673.0
2021-09-30,2301.374877916564,2369.8603707749057,2279.915175184439,2335.64208984375,571923.0
2021-10-01,2333.686715691415,2333.686715691415,2279.915132380553,2294.335693359375,313918.0
2021-10-04,2306.116445755318,2423.827226285529,2305.334265951285,2381.201171875,897779.0
2021-10-05,2397.2350688895835,2414.4907641835944,2356.4175468153016,2394.49755859375,440162.0
2021-10-06,2404.860792165303,2462.738521511299,2297.513110580212,2322.68798828125,943797.0
2021-10-07,2360.083465595306,2394.2528118604696,2338.868181434176,2365.607177734375,303313.0
2021-10-08,2391.5642245631034,2551.6079473167697,2386.8226922297454,2473.297119140625,2240290.0
2021-10-11,2483.2694443917644,2588.8572790351936,2434.3861876123988,2479.40771484375,1039290.0
2021-10-12,2475.448231398536,2531.957326440531,2440.007868685978,2497.49462890625,675128.0
2021-10-13,2519.4426229524,2521.300090916812,2450.028410212927,2476.620849609375,437183.0
2021-10-14,2501.844885091072,2551.7058030823355,2479.35858874207,2505.902099609375,524489.0
2021-10-18,2527.264182841883,2560.9446964578724,2410.922040575661,2430.475341796875,938163.0
2021-10-19,2464.693743788992,2464.693743788992,2307.387522970705,2320.439208984375,966581.0
2021-10-20,2336.521583838727,2346.249541937837,2209.571921595544,2242.91015625,808017.0
2021-10-21,2248.922967771855,2251.9048939192244,2092.203212134682,2171.491943359375,1340525.0
2021-10-22,2195.835866424992,2267.351974702772,2073.725588028115,2208.49658203125,1953067.0
2021-10-25,2217.3445472025032,2346.151929959968,2180.1932717202744,2285.39013671875,1601768.0
2021-10-26,2291.647166818456,2320.7816367280225,2240.906439785944,2247.35888671875,454181.0
2021-10-27,2268.1340956170866,2268.183026609524,2222.232767018728,2236.99560546875,303551.0
2021-10-28,2254.8867428594813,2270.822732092377,2209.5231766546026,2218.37109375,298481.0
2021-10-29,2189.9699072429685,2259.628548265764,2147.3436117875926,2210.891845703125,366948.0
2021-11-01,2229.0763219189244,2292.6245503946834,2229.0763219189244,2280.208251953125,348745.0
2021-11-02,2293.602387065722,2356.1729551698168,2292.673652932982,2317.8974609375,486594.0
2021-11-03,2336.619550362652,2336.619550362652,2266.374218614092,2285.341064453125,245311.0
2021-11-04,2285.341064453125,2285.341064453125,2285.341064453125,2285.341064453125,0.0
2021-11-08,2355.1953145533275,2355.1953145533275,2266.423272394252,2324.8876953125,672544.0
2021-11-09,2317.066397441692,2424.609563567677,2313.644569428592,2417.86376953125,798194.0
2021-11-10,2414.8326526517017,2443.184938856924,2393.324021737395,2421.774169921875,324456.0
2021-11-11,2418.743572627101,2459.756577788376,2404.078595428473,2443.576171875,434325.0
2021-11-12,2457.849759806429,2466.648744626739,2424.462596213351,2461.22265625,252131.0
2021-11-15,2478.3811280870414,2478.3811280870414,2439.323453510168,2464.938232421875,301253.0
2021-11-16,2468.6040362012586,2484.002259397366,2454.623379466612,2475.9365234375,199472.0
2021-11-17,2468.604358320624,2487.033440787549,2427.884702697095,2446.1669921875,251932.0
2021-11-18,2449.051088288348,2452.7662634253006,2409.993415076952,2438.345703125,235301.0
2021-11-22,2434.386414447829,2444.163066714688,2284.80363476489,2314.915771484375,407240.0
2021-11-23,2307.289456422872,2352.946365301825,2273.706567376532,2320.536865234375,252818.0
2021-11-24,2320.537167146588,2356.1730141668663,2277.95980207834,2294.335693359375,264525.0
2021-11-25,2281.870226744647,2307.9249048525544,2250.68280712414,2294.677734375,293501.0
2021-11-26,2286.75841214554,2302.9877464584374,2185.1301841487875,2204.39013671875,503119.0
2021-11-29,2155.7512070871344,2258.406026472236,2094.158315456073,2164.941162109375,496336.0
2021-11-30,2179.215496045545,2277.8131163193034,2176.575848027458,2254.44677734375,485919.0
2021-12-01,2272.0938835360867,2287.6875954553275,2220.277628877131,2279.37744140625,279780.0
2021-12-02,2279.377359379579,2317.017467541457,2251.7583189750844,2308.80517578125,174426.0
2021-12-03,2308.80504328296,2332.073520185248,2295.5576335629626,2312.080078125,117140.0
2021-12-06,2307.3386491749984,2354.217644652174,2276.688751723208,2284.021240234375,248866.0
2021-12-07,2292.624456256278,2313.8886702961813,2263.2945058564105,2278.643798828125,167033.0
2021-12-08,2296.3886342846126,2349.035753696177,2296.3397032948574,2326.598388671875,204513.0
2021-12-09,2340.5791739553897,2344.440903352215,2304.3566343624566,2320.68359375,94640.0
2021-12-10,2331.633355046523,2434.2881885006595,2309.929237996629,2416.44580078125,469117.0
2021-12-13,2458.827628645743,2550.9725606536404,2434.3860021184496,2488.450927734375,1479847.0
2021-12-14,2478.381078480531,2513.234744523304,2435.1683279266304,2496.76123046875,296437.0
2021-12-15,2502.8229154750816,2513.5772326900137,2395.279743325761,2409.99365234375,379146.0
2021-12-16,2414.8324835208227,2437.709748415925,2326.842635943141,2369.615478515625,462193.0
2021-12-17,2375.72606286218,2381.8364694024635,2263.734484054315,2273.90234375,333021.0
2021-12-20,2229.076477955606,2248.629780393813,2157.902409342977,2230.88525390625,538244.0
2021-12-21,2273.071375841159,2321.0748281136007,2234.502535072505,2256.5,262108.0
2021-12-22,2268.37853529504,2313.155644968157,2259.384064041171,2302.303466796875,265518.0
2021-12-23,2308.267448935308,2370.8380193427024,2308.267448935308,2336.9130859375,293296.0
2021-12-24,2340.725786112592,2340.725786112592,2278.0086640446857,2286.9052734375,163106.0
2021-12-27,2280.8926319509987,2325.620809367097,2253.518009707266,2314.96435546875,178939.0
2021-12-28,2331.6823553972995,2351.382450568354,2312.9601640236137,2342.827880859375,202744.0
2021-12-29,2342.485611662493,2369.1759169953666,2321.5636737112336,2348.79150390625,184187.0
2021-12-30,2358.07915617514,2367.904737609211,2336.668387177227,2356.906005859375,192719.0
2021-12-31,2365.949463039099,2423.2407314621746,2351.284487028526,2411.410888671875,402745.0
2022-01-03,2414.8326931469805,2433.60381452215,2395.7682245168726,2404.7626953125,187072.0
2022-01-04,2414.83279621866,2444.1627492091698,2397.234824424354,2412.290771484375,258206.0
2022-01-05,2407.9889983753706,2423.631639046912,2400.314232320794,2406.96240234375,118766.0
2022-01-06,2397.2349815772573,2397.2349815772573,2363.9943660088943,2385.3564453125,312518.0
2022-01-07,2395.279422403876,2478.380953385235,2374.1617614088027,2421.9697265625,713835.0
2022-01-10,2429.840290043096,2475.252790653932,2425.0006563732804,2465.329345703125,273120.0
2022-01-11,2468.6042158327823,2478.1364499335227,2406.4246240697744,2421.089599609375,337933.0
2022-01-12,2428.618188560518,2442.647540793186,2410.922353185701,2425.391845703125,216977.0
2022-01-13,2435.8525022880654,2637.593783332963,2427.5423492599907,2625.17724609375,1933012.0
2022-01-14,2625.1771205685627,2698.257580468108,2592.914175061071,2633.731689453125,1636239.0
2022-01-17,2639.6956983916843,2678.655747044904,2631.581030544261,2642.38427734375,407860.0
2022-01-18,2662.18227801839,2709.843455415892,2584.3600344234574,2599.318359375,864192.0
2022-01-19,2598.6340247002686,2642.0422628206,2547.355534215279,2595.31005859375,480182.0
2022-01-20,2605.477546610673,2650.4501421619266,2578.347339511819,2621.315673828125,586436.0
2022-01-21,2604.499822158557,2637.740435504425,2430.573296626905,2454.7705078125,1514400.0
2022-01-24,2453.890485380796,2453.890485380796,2324.203304528428,2408.380126953125,887506.0
2022-01-25,2358.1280585992736,2460.3429854937704,2336.619427882365,2420.4052734375,585589.0
2022-01-27,2405.0560575426607,2449.002054433785,2327.038337694579,2433.457275390625,581542.0
2022-01-28,2442.207111031956,2522.864471584452,2436.683399390425,2457.898681640625,339531.0
2022-01-31,2482.340823426494,2495.930273955623,2434.386298602017,2467.529052734375,248282.0
2022-02-01,2492.947855412584,2527.215060951855,2437.6121603491224,2482.682373046875,299629.0
2022-02-02,2444.162803393496,2487.962248567861,2423.925183118952,2444.06494140625,417344.0
2022-02-03,2448.0732250595124,2466.4533752855286,2425.586929461921,2439.127685546875,255814.0
2022-02-04,2434.4840138207646,2460.4897628325066,2419.7211750152587,2441.42529296875,212422.0
2022-02-07,2441.4251091388155,2450.126471275143,2333.686468630421,2347.373779296875,279580.0
2022-02-08,2346.396273087071,2380.614552069592,2271.116059325528,2315.84423828125,342707.0
2022-02-09,2317.2127328151614,2394.057301552976,2317.2127328151614,2386.284912109375,247301.0
2022-02-10,2400.1676212126204,2403.100616269092,2356.1726953655457,2362.674072265625,129427.0
2022-02-11,2356.1729323323784,2356.1729323323784,2297.513025303356,2313.888916015625,243601.0
2022-02-14,2202.679350700936,2292.673466007072,2202.679350700936,2238.99951171875,456213.0
2022-02-15,2231.031923674183,2359.301546570304,2213.971714151392,2341.263671875,333371.0
2022-02-16,2361.061264526203,2378.023849831345,2311.200343411985,2332.024658203125,289019.0
2022-02-17,2348.3024903021587,2363.016396861708,2307.5828369442897,2335.788330078125,213203.0
2022-02-18,2310.418266440724,2376.6550812619744,2299.4684643480523,2327.03857421875,185219.0
2022-02-21,2320.9770036435243,2360.3280248721053,2285.781059190632,2327.771728515625,338514.0
2022-02-22,2250.5850220514435,2345.418535143968,2229.12532120775,2320.5859375,280218.0
2022-02-23,2334.664189478482,2363.4074470899213,2326.2074820896883,2331.388916015625,180733.0
2022-02-24,2266.2275465804696,2306.2139509565945,2212.064999225304,2231.6669921875,411460.0
2022-02-25,2268.183064585181,2360.0835853054427,2258.7486917097526,2280.25732421875,411506.0
2022-02-28,2253.518101368651,2334.566444333221,2238.9996788630324,2321.80810546875,219676.0
2022-03-02,2297.5130260305755,2335.641965611509,2257.526618201578,2288.5185546875,239565.0
2022-03-03,2340.7745127938388,2340.7745127938388,2243.741257956295,2264.614501953125,352076.0
2022-03-04,2244.0346842042863,2270.1382938508063,2199.746408770161,2204.879150390625,321987.0
2022-03-07,2170.416505266183,2187.9655459383266,2113.7119299033725,2152.965087890625,432285.0
2022-03-08,2150.863512252732,2217.344748085998,2126.421881431678,2188.40576171875,261245.0
2022-03-09,2199.6488075930542,2202.6307341493857,2140.646856801477,2196.031494140625,810023.0
2022-03-10,2254.6910977894986,2282.505620813479,2234.0625083811224,2262.414794921875,270388.0
2022-03-11,2262.3170660727938,2302.254781318461,2249.607419634183,2292.42919921875,181223.0
2022-03-14,2297.463977900162,2334.370834202561,2277.95960753883,2287.8828125,171285.0
2022-03-15,2289.691540419662,2360.0834238142884,2267.9874241105363,2342.094482421875,296426.0
2022-03-16,2377.681633760595,2385.747371210646,2324.4478143278125,2364.483154296875,305418.0
2022-03-17,2393.324329017647,2416.788293027624,2367.9050346735053,2383.401123046875,276468.0
2022-03-21,2395.279487160489,2404.762790861898,2364.238620337083,2383.9384765625,156630.0
2022-03-22,2375.7262959963914,2383.4986861407992,2320.977048022812,2371.7177734375,184847.0
2022-03-23,2395.279438868967,2395.279438868967,2356.1728357853926,2360.08349609375,100890.0
2022-03-24,2346.3963176742745,2385.307437679928,2341.70347730137,2351.871337890625,171484.0
2022-03-25,2355.586095478014,2442.207315099563,2355.586095478014,2392.24853515625,459704.0
2022-03-28,2399.1902813728216,2404.860786988113,2289.691784423451,2299.614990234375,303521.0
2022-03-29,2304.8454744514856,2341.41005373544,2284.070091065656,2298.295166015625,238300.0
2022-03-30,2326.8430970632435,2336.6197487315767,2299.663957687721,2309.58740234375,182382.0
2022-03-31,2326.842979903521,2332.415623336324,2291.6470356696864,2311.59130859375,264676.0
2022-04-01,2302.4013701666186,2389.12021904638,2302.4013701666186,2381.15234375,214106.0
2022-04-04,2395.279415549559,2424.6093675766965,2385.5027648738464,2414.050537109375,164413.0
2022-04-05,2426.5647865966525,2615.694053108544,2425.587121493269,2595.1630859375,1161280.0
2022-04-06,2571.259386291585,2624.9331084238506,2561.238318341209,2594.62548828125,392461.0
2022-04-07,2587.879177261042,2594.136137597988,2512.5989745224324,2552.0478515625,227637.0
2022-04-08,2561.482484879032,2663.159652217742,2545.0087329649155,2629.185791015625,853591.0
2022-04-11,2627.963932157267,2669.025868597225,2591.790321483972,2604.744384765625,310168.0
2022-04-12,2606.4551644225494,2614.2764852460227,2508.7865161145314,2587.244140625,278544.0
2022-04-13,2585.9241265784017,2600.5891027215685,2541.9291981489014,2559.380615234375,149796.0
2022-04-18,2546.8174454113832,2582.795566849947,2481.2160253347056,2511.083740234375,251049.0
2022-04-19,2532.1528137813025,2615.254354001924,2484.3450820000835,2545.93798828125,297642.0
2022-04-20,2559.331575927918,2618.284825266004,2534.156701280924,2559.42919921875,285429.0
2022-04-21,2561.67810644928,2693.565274698127,2561.67810644928,2682.615234375,1237606.0
2022-04-22,2697.182314028203,2757.015365716849,2420.9430139561514,2463.813720703125,2371341.0
2022-04-25,2444.162829831737,2554.638989740132,2429.5957148410503,2493.877197265625,1166076.0
2022-04-26,2529.1705979705403,2554.3944044429995,2434.3860174387405,2461.8095703125,441997.0
2022-04-27,2467.626876138235,2485.615819696776,2395.2796539376686,2449.295654296875,311061.0
2022-04-28,2470.559728544521,2483.2693749517543,2414.832817374344,2464.400390625,234509.0
2022-04-29,2483.269433099584,2492.166281268083,2411.4110459606786,2430.6220703125,210478.0
2022-05-02,2424.6092720893707,2449.0508978160783,2390.439927060984,2412.14404296875,173852.0
2022-05-04,2419.7211213959904,2448.268894565412,2356.172889924984,2374.064208984375,193279.0
2022-05-05,2417.472467697179,2482.291712172438,2382.423316746241,2393.568603515625,410414.0
2022-05-06,2358.0792589654443,2392.639815267662,2322.0035127285164,2364.43408203125,377674.0
2022-05-09,2361.598792850281,2403.931736062312,2326.842753562667,2383.449462890625,242815.0
2022-05-10,2380.6145024148864,2448.1712558435324,2312.177945877292,2340.09033203125,816343.0
2022-05-11,2373.037645829392,2396.7949558158507,2314.182253756902,2374.161865234375,597024.0
2022-05-12,2370.788944147484,2395.3773647043827,2329.5804555247937,2377.38818359375,377134.0
2022-05-13,2410.823980834538,2508.9327571392178,2391.4174741770544,2483.953369140625,586359.0
2022-05-16,2493.095127331922,2536.06346403709,2468.6045669597734,2514.94580078125,326883.0
2022-05-17,2541.587069416548,2571.161439711769,2515.532389077852,2544.960205078125,289065.0
2022-05-18,2560.505078533223,2568.570816180378,2498.912172864039,2503.70263671875,233556.0
2022-05-19,2426.564727954062,2493.045953377461,2426.564727954062,2461.565185546875,177771.0
2022-05-20,2483.2693022260432,2512.110422074732,2464.498180434958,2499.44970703125,159377.0
2022-05-23,2521.398161572676,2532.3968933748056,2476.6210545873428,2486.397705078125,170159.0
2022-05-24,2486.397918669845,2512.306044696031,2453.939483989688,2471.488525390625,98846.0
2022-05-25,2488.1577450323152,2488.1577450323152,2381.983216900817,2389.0712890625,168247.0
2022-05-26,2384.671677831409,2414.832740941348,2312.1779078244085,2355.146240234375,230882.0
2022-05-27,2370.8379632795404,2384.476344237964,2320.977041165208,2345.6630859375,213946.0
2022-05-30,2370.6915958425107,2414.8330848949245,2346.396519735959,2379.78369140625,317334.0
2022-05-31,2384.5254291482784,2430.6711789735728,2375.8243043202306,2387.262939453125,398529.0
2022-06-01,2395.230809598727,2455.6505667113265,2390.3914145950807,2438.003662109375,211318.0
2022-06-02,2441.229703940406,2492.948091179937,2433.0174127462687,2484.2958984375,440698.0
2022-06-03,2512.599411798065,2513.2837296590537,2387.9471063489395,2399.043701171875,276607.0
2022-06-06,2401.2921950865725,2421.578747222702,2375.0420286676726,2400.51025390625,151375.0
2022-06-07,2395.1816012813247,2395.1816012813247,2347.373873999833,2364.43408203125,170547.0
2022-06-08,2387.849030288173,2387.849030288173,2218.761907086993,2262.414794921875,789003.0
2022-06-09,2214.5094227072977,2282.848121092735,2214.5094227072977,2268.281005859375,240954.0
2022-06-10,2256.451083216637,2288.469615701622,2243.741436734048,2280.25732421875,125331.0
2022-06-13,2209.5721349628234,2237.5332145968387,2173.1541087027226,2182.53955078125,318676.0
2022-06-14,2180.193246127338,2188.649954050883,2085.8485608128594,2103.446533203125,840356.0
2022-06-15,2110.7791546435906,2178.238053055081,2105.890828671744,2169.048095703125,502633.0
2022-06-16,2213.43404482526,2231.374296979948,2077.6364420555783,2088.097412109375,502532.0
2022-06-17,2073.627599021448,2137.371313403745,2036.0364250794269,2087.559326171875,485919.0
2022-06-20,2062.873483114076,2101.9800894290347,1998.2009090519343,2033.739013671875,319006.0
2022-06-21,2061.102002270378,2109.479730127158,2047.5187604981347,2083.00244140625,388709.0
2022-06-22,2082.756617595792,2142.7490155850937,2048.3064845070144,2092.05810546875,459617.0
2022-06-23,2097.0781117982224,2158.2023475912856,2097.0781117982224,2150.918701171875,308775.0
2022-06-24,2209.729848258443,2209.729848258443,2148.999236347271,2186.3037109375,470361.0
2022-06-27,2214.6515641449964,2251.709970862993,2187.091455791192,2224.789794921875,269689.0
2022-06-28,2229.661979041214,2251.4148749587685,2192.455784723602,2202.840087890625,223020.0
2022-06-29,2175.279853600303,2208.991769883475,2166.421247861659,2185.073486328125,156190.0
2022-06-30,2180.201408256217,2203.8243580522208,2152.39522776717,2166.6181640625,150803.0
2022-07-01,2167.897614242767,2181.9730020920506,2122.374225067408,2142.69970703125,409500.0
2022-07-04,2147.867354246588,2163.517702339012,2100.031026102834,2116.567138671875,250242.0
2022-07-05,2135.908168140683,2204.808431629092,2126.0652733566244,2145.603515625,445118.0
2022-07-06,2153.477936461435,2190.0441962452587,2145.8496926318167,2180.5458984375,217597.0
2022-07-07,2207.0724823932014,2228.726852261332,2177.051651439657,2215.19287109375,215276.0
2022-07-08,2198.952272570252,2218.34273001396,2162.4842941056777,2169.423583984375,214749.0
2022-07-11,2169.5215964221784,2214.651365934464,2165.4861536717294,2211.255615234375,167208.0
2022-07-12,2204.7099276068134,2204.808452677614,2170.456845675327,2179.5615234375,149416.0
2022-07-13,2202.9873314687443,2213.371633204029,2167.5529113479893,2177.445068359375,208050.0
2022-07-14,2184.433751338188,2198.902759032674,2099.932401025049,2111.497802734375,247937.0
2022-07-15,2126.065184090665,2131.970920713139,2070.9449756142403,2122.66943359375,518757.0
2022-07-18,2149.688343779199,2149.688343779199,2100.473867044327,2119.470703125,337959.0
2022-07-19,2125.622543501816,2224.4943806331016,2098.505318367156,2215.43896484375,2189907.0
2022-07-20,2253.038946924561,2254.023236547508,2158.1042608523867,2164.452880859375,845808.0
2022-07-21,2165.43705793514,2212.732219920601,2164.0098861170604,2194.67041015625,727176.0
2022-07-22,2199.8870000660345,2212.6827633773805,2163.468289102973,2176.16552734375,257552.0
2022-07-25,2189.059909016762,2201.8556728734247,2169.3741184680503,2187.33740234375,281283.0
2022-07-26,2187.337416287653,2203.8242659773005,2168.389842763731,2172.868408203125,348502.0
2022-07-27,2172.8682690638125,2199.886966973009,2166.5196500389266,2188.124755859375,379121.0
2022-07-28,2199.886766698362,2263.865576468113,2188.1245566555435,2236.354736328125,673056.0
2022-07-29,2257.959964708144,2299.3001209931235,2251.2667484867115,2281.04150390625,491549.0
2022-08-01,2299.3003926074684,2322.480459609366,2252.399091594329,2305.50146484375,515788.0
2022-08-02,2306.1903734113066,2351.4676918820364,2294.378899027638,2339.85302734375,384807.0
2022-08-03,2339.656142114872,2349.794372028547,2301.4163989078006,2318.739990234375,200623.0
2022-08-04,2325.876005040004,2361.3104257685022,2285.077254790007,2337.44140625,271601.0
2022-08-05,2342.60908685311,2367.2163251603906,2314.113952954291,2323.56298828125,169952.0
2022-08-08,2318.001637395545,2344.5774523465766,2308.5033403961734,2323.365966796875,132693.0
2022-08-10,2339.656261300006,2394.7764761223875,2313.6711132914816,2383.112548828125,660830.0
2022-08-11,2407.621534627473,2421.352325975957,2374.1064269325234,2379.52001953125,238979.0
2022-08-12,2377.1578157515746,2401.6665297072977,2347.530603832748,2371.596435546875,168815.0
2022-08-16,2386.902296216766,2407.5723779571995,2367.9054587466844,2401.568115234375,256715.0
2022-08-17,2410.52476105989,2439.856633489857,2401.6661563847,2418.98974609375,258779.0
2022-08-18,2414.363667967279,2430.063278058456,2396.7449816777903,2421.056884765625,172105.0
2022-08-19,2421.2536603285507,2429.226501451284,2365.7890908337963,2381.882080078125,180353.0
2022-08-22,2381.882091293492,2381.882091293492,2303.286718031537,2308.355712890625,175714.0
2022-08-23,2283.551685081072,2368.5451812060046,2273.7087898867567,2361.99951171875,225646.0
2022-08-24,2375.878005418282,2408.0149609607392,2350.9261708676404,2396.990966796875,224219.0
2022-08-25,2414.462258719664,2414.462258719664,2355.4048859014088,2365.001708984375,480148.0
2022-08-26,2380.996013523911,2415.3968793416416,2363.4756144745947,2370.513427734375,248300.0
2022-08-29,2314.1631767719823,2386.902075869232,2306.3378828771483,2379.864501953125,319794.0
2022-08-30,2401.666298007044,2463.627271855684,2391.9219284117385,2431.342529296875,569354.0
2022-09-01,2424.2559020908266,2450.142765348654,2402.749319579935,2444.433837890625,367495.0
2022-09-02,2450.88085962928,2503.9339676574664,2427.307174120764,2434.5908203125,343567.0
2022-09-05,2452.307910736446,2495.1737644951927,2436.116397288206,2459.591796875,242091.0
2022-09-06,2475.4879709660345,2480.163345861497,2447.288174297524,2455.06396484375,116636.0
2022-09-07,2452.652718361126,2489.071431259876,2429.27584183828,2476.078857421875,196702.0
2022-09-08,2485.330922706533,2497.979138573811,2450.88079110466,2461.90478515625,148298.0
2022-09-09,2479.4250967530465,2511.9066482388944,2464.7100177015263,2488.97265625,202663.0
2022-09-12,2488.97265625,2488.97265625,2488.97265625,2488.97265625,0.0
2022-09-13,2509.9382306175385,2617.2257863576606,2509.9382306175385,2597.0478515625,555754.0
2022-09-14,2568.995688394882,2611.320138433572,2564.0742407159646,2603.69189453125,324717.0
2022-09-15,2613.928508523205,2677.021566277136,2604.6270201189864,2611.02490234375,680793.0
2022-09-16,2622.9840950445127,2629.9724066441063,2549.309926340785,2558.4638671875,412572.0
2022-09-19,2540.4510258628507,2572.9325771427707,2530.903466426427,2544.38818359375,172011.0
2022-09-20,2572.9325186812107,2627.7573907772603,2559.89068399394,2581.8896484375,231658.0
2022-09-21,2582.775376466079,2612.746940529079,2554.230983967025,2563.532470703125,201665.0
2022-09-22,2548.7683117003885,2596.506350839368,2544.388271634213,2563.926513671875,165078.0
2022-09-23,2568.011310423456,2596.99858819302,2519.781124830987,2540.25439453125,191261.0
2022-09-26,2509.8887103595976,2530.6080503144653,2412.59184724056,2455.851318359375,375161.0
2022-09-27,2467.613914053556,2482.3782573765725,2431.195200523447,2461.412841796875,172204.0
2022-09-28,2455.7038153907847,2489.2681839816787,2430.161550531937,2474.8974609375,243415.0
2022-09-29,2487.25036461648,2566.042789073872,2480.409600485676,2545.96337890625,419989.0
2022-09-30,2553.2469123349483,2558.16835973729,2488.382331694102,2520.519287109375,226182.0
2022-10-03,2509.9382085224024,2540.598730124096,2491.2367081451766,2502.900634765625,160643.0
2022-10-04,2533.561364262044,2623.131715523834,2519.978120075616,2592.47119140625,355302.0
2022-10-06,2608.3672677985164,2657.581744549432,2588.68147709815,2601.427978515625,282347.0
2022-10-07,2612.304295821708,2636.8622704361883,2556.1997951201865,2563.9755859375,239419.0
2022-10-10,2544.2900671968214,2587.648071733598,2536.612800632461,2573.277587890625,155471.0
2022-10-11,2568.9953650161906,2602.4612050202327,2514.8594473625926,2544.3388671875,204428.0
2022-10-12,2539.4669218006893,2553.197712328484,2503.245019971358,2535.28369140625,136019.0
2022-10-13,2540.5499820076766,2557.18438012123,2528.0985743879346,2534.152099609375,136687.0
2022-10-14,2559.15269728642,2582.3820255838104,2522.5371759862555,2530.06689453125,151383.0
2022-10-17,2529.624093550569,2583.612470424052,2511.168664852486,2577.657470703125,223353.0
2022-10-18,2595.571632210665,2726.4821468424507,2571.801134886397,2705.861328125,1315807.0
2022-10-19,2747.152116396628,2817.528818769383,2631.9902397866654,2664.127197265625,1293572.0
2022-10-20,2655.613018425026,2666.341677640602,2588.9766686552816,2607.62890625,483384.0
2022-10-21,2608.367247533303,2711.619122832503,2608.367247533303,2655.711669921875,674894.0
2022-10-24,2655.711669921875,2655.711669921875,2655.711669921875,2655.711669921875,0.0
2022-10-25,2679.235792849665,2746.068948136356,2652.315381174956,2721.953857421875,478836.0
2022-10-27,2721.5603394171944,2758.8157913608898,2714.76883830884,2731.55078125,362667.0
2022-10-28,2740.70491336454,2750.597071128482,2699.9554232476225,2709.55224609375,215373.0
2022-10-31,2723.824498673177,2746.1678232240592,2706.7962415290904,2733.81494140625,174844.0
2022-11-01,2738.5888192822126,2748.6777870085607,2714.5229882301323,2730.173095703125,134708.0
2022-11-02,2729.3854560937643,2794.1517517154525,2726.7279225679376,2766.0009765625,494169.0
2022-11-03,2766.837867992678,2801.681621222109,2686.7658186293856,2707.534423828125,369760.0
2022-11-04,2718.607638270757,2736.3248495266853,2682.1889262446825,2686.224609375,284880.0
2022-11-07,2711.176032057505,2721.5603338335018,2677.3658335760883,2706.205322265625,162195.0
2022-11-09,2728.942708059766,2728.942708059766,2636.862374935097,2644.392333984375,181198.0
2022-11-10,2640.750325477946,2693.7544136247056,2628.5452312358734,2667.523193359375,215103.0
2022-11-11,2693.015934304927,2700.89024990231,2652.118659610012,2663.43798828125,199706.0
2022-11-14,2663.438012788105,2676.0862284547966,2620.5231365705245,2653.0537109375,111212.0
2022-11-15,2647.73877385125,2654.579537863944,2575.0488976366946,2583.710693359375,190072.0
2022-11-16,2568.011309415414,2593.602836454433,2531.838670235262,2578.493896484375,311648.0
2022-11-17,2558.9067451432634,2573.326490858471,2521.060860191195,2529.72265625,491921.0
2022-11-18,2525.6868943573813,2550.195607147868,2460.7237863965133,2487.791748046875,2617672.0
2022-11-21,2485.3801594411902,2537.3997134369883,2477.3090338964025,2485.183349609375,575210.0
2022-11-22,2497.634359224944,2506.935846018982,2468.893156728563,2480.064697265625,210038.0
2022-11-23,2498.077472181362,2502.063892691389,2462.692312948015,2486.610595703125,456732.0
2022-11-24,2485.134327274385,2506.296552798422,2470.5667937363605,2480.65576171875,321974.0
2022-11-25,2495.124491751977,2521.6510443529,2481.393701993545,2510.03662109375,279414.0
2022-11-28,2520.765276927856,2534.053184479018,2500.9319406679524,2508.904541015625,213855.0
2022-11-29,2499.9970974678126,2525.490342683964,2485.331278323698,2488.48095703125,195124.0
2022-11-30,2489.2189512098976,2533.561242461623,2482.378187058358,2524.70263671875,208781.0
2022-12-01,2533.462383891565,2571.7021231032563,2519.780857389469,2565.79638671875,323490.0
2022-12-02,2574.9012757335654,2666.440197233268,2560.136933556194,2632.285400390625,641932.0
2022-12-05,2647.640075660678,2653.545812316575,2604.085267823441,2630.612060546875,238730.0
2022-12-06,2634.25407219168,2696.953266120402,2618.5054399807577,2664.27490234375,541602.0
2022-12-07,2673.2811380828143,2690.063322863484,2645.425695935802,2664.127197265625,232833.0
2022-12-08,2664.1267701584025,2696.9036547690675,2653.7427093814345,2689.521484375,193532.0
2022-12-09,2698.9217114848702,2721.56036916691,2665.50513222826,2690.8505859375,325548.0
2022-12-12,2676.6278349631016,2784.555086024751,2674.806803206879,2774.515380859375,526556.0
2022-12-13,2790.165470967683,2943.025682398772,2777.517494743086,2895.77978515625,2232195.0
2022-12-14,2893.8111456242104,2961.727121490901,2889.3818428502955,2952.967041015625,774214.0
2022-12-15,2958.626671113429,2977.475718798013,2918.4183491689623,2934.60986328125,602308.0
2022-12-16,2903.7525583174133,2918.516900859337,2697.9375271609665,2710.634765625,1907772.0
2022-12-19,2721.56048427484,2721.9050817239854,2615.25721761962,2687.1103515625,811353.0
2022-12-20,2687.602496641486,2691.982536883004,2629.381868472593,2670.8203125,324378.0
2022-12-21,2674.3145748191355,2728.1551624749472,2618.2100732495032,2627.364013671875,582721.0
2022-12-22,2647.7386834775,2656.597288738205,2566.042657184328,2575.934814453125,347177.0
2022-12-23,2549.309548842403,2564.1724149209863,2466.7277642123386,2474.405029296875,448226.0
2022-12-26,2475.4877836411383,2559.1523807025683,2460.969515327537,2537.69482421875,291849.0
2022-12-27,2560.924485303497,2573.917058724384,2524.7025834141664,2560.629150390625,207085.0
2022-12-28,2557.233313408326,2571.456248232276,2539.46684035953,2560.776611328125,181789.0
2022-12-29,2560.776774563849,2563.8281682467014,2519.928758830194,2528.344482421875,294022.0
2022-12-30,2549.11302608617,2554.2312834872528,2521.060774995848,2528.73828125,127701.0
2023-01-02,2529.8209553569554,2568.011437988281,2506.050458827615,2539.467041015625,194548.0
2023-01-03,2550.7862264596847,2567.912767551786,2537.498318276313,2550.195556640625,132642.0
2023-01-04,2553.246903581287,2568.0112457376936,2524.7025087455672,2555.80615234375,177544.0
2023-01-05,2559.152773157132,2614.2237241954053,2551.5245293140674,2606.841552734375,336238.0
2023-01-06,2606.8417431876937,2627.364277470738,2567.0272769267435,2579.183349609375,200467.0
2023-01-09,2604.430052012249,2617.2258156842668,2573.9170771020526,2612.009033203125,155269.0
2023-01-10,2618.210079871176,2644.589086631641,2589.4688744238265,2638.683349609375,199227.0
2023-01-11,2642.3743877132447,2665.45592809903,2620.227874278153,2629.1357421875,188157.0
2023-01-12,2632.9743460149416,2675.7909381837826,2625.887509854901,2634.9921875,263295.0
2023-01-13,2643.2110861548863,2651.08540262849,2609.8930287589915,2621.85205078125,115048.0
2023-01-16,2632.777725213521,2662.5032214361954,2623.1316396034977,2631.54736328125,151524.0
2023-01-17,2623.37760040955,2690.6046215905203,2613.5347053700243,2674.6591796875,163033.0
2023-01-18,2688.734253348214,2721.412856224073,2677.7595218032216,2710.339599609375,275059.0
2023-01-19,2697.002493631705,2799.171791834224,2680.0727622858376,2784.161376953125,633130.0
2023-01-20,2805.2252743730587,2806.4063737959914,2708.125204418981,2717.8203125,479592.0
2023-01-23,2718.607487479124,2775.794801205246,2714.3749947417355,2756.453369140625,354518.0
2023-01-24,2767.7728272522727,2804.2408014963084,2760.9320632492613,2773.088134765625,396428.0
2023-01-25,2766.197989673688,2781.749570951853,2746.167602970861,2773.432373046875,232210.0
2023-01-27,2775.6963493008548,2797.3014554480555,2694.6892765776247,2733.667236328125,270275.0
2023-01-30,2736.324594111441,2822.942063277558,2705.1226674841987,2774.90869140625,426921.0
2023-01-31,2802.272217235639,2888.5450961191327,2790.608290493932,2875.355712890625,545851.0
2023-02-01,2902.6698813398607,2997.161678087445,2867.530792485365,2948.3408203125,936089.0
2023-02-02,2952.868536434908,3040.0766833329744,2934.2655607773904,2954.344970703125,716169.0
2023-02-03,2982.3972877512538,2982.3972877512538,2879.0468866905667,2902.8173828125,378428.0
2023-02-06,2903.654070673472,2950.899967416633,2893.811175518646,2919.05810546875,255641.0
2023-02-07,2933.6750508524165,2946.962959990651,2912.955707431415,2940.466552734375,186102.0
2023-02-08,2936.627631159452,2963.4987817278025,2924.914682598783,2932.05078125,278608.0
2023-02-09,2923.339794417242,2954.787795659812,2908.673977092524,2948.635986328125,172603.0
2023-02-10,2940.072827107543,2956.8057491232203,2929.245642273869,2938.104248046875,136904.0
2023-02-13,2941.057139532177,2941.057139532177,2859.1150354940064,2901.24267578125,196259.0
2023-02-14,2902.571373162605,2947.8486927011086,2890.710876266681,2935.00390625,204187.0
2023-02-15,2921.3218962670176,2982.4956312585123,2905.62252721789,2959.217041015625,216658.0
2023-02-16,2984.6608983766246,3011.827142568338,2970.339439052849,2998.244140625,351094.0
2023-02-17,2982.39718750782,3094.015520779655,2944.009896975541,2967.43603515625,1067039.0
2023-02-20,2962.711185936511,2989.7791452764623,2918.713496452215,2955.4765625,218449.0
2023-02-21,2962.6127518707767,3017.63467691124,2944.5511844485445,2993.56884765625,211481.0
2023-02-22,2993.5690320642875,3017.339527884331,2947.15963694674,2965.910400390625,328540.0
2023-02-23,2960.7429618637484,3039.535388281541,2956.8550662082184,3021.42431640625,364256.0
2023-02-24,3048.836859866297,3064.0933477849176,2992.633830831159,3024.57421875,460091.0
2023-02-27,3011.9258706272653,3011.9258706272653,2922.3555261086112,2948.882080078125,283462.0
2023-02-28,2945.9785967431017,3051.248315110981,2928.2613850019134,3032.940673828125,362293.0
2023-03-01,3035.5487713204843,3092.6375614425947,3019.061922449013,3066.947509765625,556955.0
2023-03-02,3066.9474371056576,3079.546390274441,3003.067147173413,3017.7822265625,212610.0
2023-03-03,3017.782260386,3046.4251801600053,3007.250411090437,3020.981201171875,211402.0
2023-03-06,3026.6899145326647,3036.532808563665,3008.2837507557,3017.388427734375,165157.0
2023-03-08,3011.925697116565,3070.983063726694,2952.8683305064365,3043.521484375,336445.0
2023-03-09,3044.4074010659324,3067.9810863562084,3028.658769181983,3035.74560546875,191541.0
2023-03-10,3021.817987432747,3026.690172332076,2875.109591343738,2900.65185546875,468768.0
2023-03-13,2913.4970339500933,2922.011042336064,2840.265988407968,2848.976806640625,293866.0
2023-03-14,2839.675028231616,2866.496915413353,2815.2153395787323,2838.297119140625,163628.0
2023-03-15,2858.327565692302,2891.8426726380408,2827.7163051377493,2882.245849609375,363303.0
2023-03-16,2883.9681993541003,2890.070746117662,2823.9265405962165,2832.09619140625,376887.0
2023-03-17,2854.439484626605,2870.335663565524,2790.460668591871,2839.08447265625,289717.0
2023-03-20,2863.0028082339177,2863.0028082339177,2791.4450099537303,2819.447998046875,143701.0
2023-03-21,2834.803021483269,2853.4552594403312,2813.0501274193257,2819.005126953125,228098.0
2023-03-22,2844.399863231673,2860.443830244612,2825.8951724531007,2833.27734375,264831.0
2023-03-23,2832.883862506917,2849.370712542338,2805.225229907556,2815.757080078125,162906.0
2023-03-24,2816.889126273297,2825.9445420127595,2760.932169601592,2774.318603515625,193270.0
2023-03-27,2780.617861058577,2803.207257213953,2729.090209174992,2735.537353515625,378284.0
2023-03-28,2737.358219087602,2763.88477166634,2710.634616375111,2754.386474609375,296813.0
2023-03-29,2741.2462928479003,2828.84805947751,2739.720596042216,2811.57373046875,245686.0
2023-03-31,2811.868985460746,2866.103432190585,2796.415688611724,2834.802978515625,203707.0
2023-04-03,2857.7861537345725,2919.0581775871497,2854.4396654212765,2913.69384765625,303832.0
2023-04-05,2923.290371024683,2923.290371024683,2871.615175481997,2891.69482421875,190853.0
2023-04-06,2891.350490932361,2906.902313548857,2859.3610812454504,2873.38720703125,193484.0
2023-04-10,2863.3964105176924,2937.119590992647,2860.148207413028,2928.260986328125,352557.0
2023-04-11,2943.025738859075,3007.004559269055,2938.10429113523,2997.65380859375,475618.0
2023-04-12,2987.318803776972,3016.502893003211,2968.7158272823976,3003.11669921875,192138.0
2023-04-13,2996.02972178441,3049.821047395538,2994.55328751909,3035.794921875,250406.0
2023-04-17,3016.798315232177,3079.743586126642,3011.92612984785,3049.13232421875,383771.0
2023-04-18,3057.3017503871947,3065.6682112420463,3031.9070329079286,3047.1142578125,165738.0
2023-04-19,3046.375919848982,3110.2562105438283,3034.7119934684133,3089.537109375,290136.0
2023-04-20,3100.4130725154832,3107.893768047522,3070.9829156954133,3080.038330078125,201430.0
2023-04-21,3089.684572640714,3089.684572640714,3041.5529148276773,3062.76416015625,139730.0
2023-04-24,3077.823835848956,3096.5745978607733,3061.238702862891,3093.080322265625,120666.0
2023-04-25,3098.6420045647583,3133.7810931675763,3071.032634839307,3102.185302734375,272892.0
2023-04-26,3100.511947778584,3130.040632995522,3095.689025315173,3127.875244140625,128534.0
2023-04-27,3134.962011979044,3149.72635426466,3120.1976696934285,3138.899169921875,163208.0
2023-04-28,3139.8832487858663,3162.5219054385543,3134.076037331756,3154.9921875,192921.0
2023-05-02,3158.5849947358715,3207.7994695681537,3155.139981497612,3198.8916015625,195103.0
2023-05-03,3197.956430281464,3264.8881130328145,3182.257061579471,3239.936279296875,331116.0
2023-05-04,3235.3593534412807,3244.16869577069,3202.484182631461,3217.69140625,138245.0
2023-05-05,3217.642339858186,3283.146853418604,3198.0058126117106,3262.673583984375,210596.0
2023-05-08,3285.0662780199805,3305.244213210815,3204.945207091569,3211.63818359375,307218.0
2023-05-09,3211.736482777705,3211.736482777705,3156.61627345023,3171.380615234375,292954.0
2023-05-10,3174.333368859912,3197.9070523288883,3122.313577065264,3158.830810546875,182938.0
2023-05-11,3158.8310804014072,3237.180620786092,3151.9903164319467,3184.422607421875,528871.0
2023-05-12,3201.1061781499666,3346.584210416739,3184.619329466296,3335.707763671875,1549977.0
2023-05-15,3346.584280396364,3346.584280396364,3243.578480946773,3328.07958984375,799715.0
2023-05-16,3326.849276560225,3382.018751578741,3283.688325790776,3372.47119140625,460036.0
2023-05-17,3373.8982622743747,3434.8749474488395,3356.525649088789,3383.69189453125,429840.0
2023-05-18,3400.375424944093,3414.0079298388546,3346.584103056683,3351.899169921875,168884.0
2023-05-19,3361.3486584256257,3393.830212079519,3337.7749728499475,3386.940185546875,204182.0
2023-05-22,3400.228100486595,3400.228100486595,3358.445058993212,3377.44189453125,91735.0
2023-05-23,3373.0615248293907,3389.6961612339846,3312.1341021043786,3321.927734375,241794.0
2023-05-24,3317.0555674544707,3361.3485943195897,3307.4094824317235,3349.09423828125,0.0
2023-05-25,3346.5843734120795,3376.113059059833,3339.054654693926,3360.069091796875,177428.0
2023-05-26,3371.191618505597,3392.8459880259247,3343.237892155925,3355.098388671875,140093.0
2023-05-29,3374.981201653404,3385.1191914199367,3341.121498134067,3358.691162109375,84643.0
2023-05-30,3358.3958855220408,3440.091916734916,3326.4064757097703,3427.985107421875,340548.0
2023-05-31,3428.034488865733,3460.762116962721,3325.9637088468166,3369.71533203125,1802492.0
2023-06-01,3395.798813228631,3434.136841624216,3355.4429432743195,3427.689697265625,346059.0
2023-06-02,3444.9639516810844,3507.958479026759,3432.512785757436,3495.9501953125,428950.0
2023-06-05,3526.6599404196168,3561.159334716618,3502.1019659816825,3538.225341796875,389947.0
2023-06-06,3538.225161834611,3548.2648659478978,3488.8138805672293,3538.96337890625,196700.0
2023-06-07,3538.5208161440773,3538.5208161440773,3467.7012334063224,3482.465576171875,437956.0
2023-06-08,3494.2275267365126,3498.5583041687614,3435.170160087445,3456.430908203125,297932.0
2023-06-09,3456.8738325435065,3505.251563191414,3456.8738325435065,3491.766845703125,187230.0
2023-06-12,3492.258919619218,3502.101813981166,3455.2495406962776,3478.577392578125,243029.0
2023-06-13,3478.4790217807586,3533.5992326522137,3464.157561787969,3527.594970703125,249758.0
2023-06-14,3550.3321478107537,3550.3321478107537,3515.488396405049,3531.433837890625,153118.0
2023-06-15,3518.835058209601,3537.1429395295822,3493.784937814268,3503.08642578125,184254.0
2023-06-16,3494.227891176673,3530.597341870301,3482.613226463298,3518.539794921875,223482.0
2023-06-19,3528.677784444085,3542.949981898601,3459.039303760844,3474.197265625,169991.0
2023-06-20,3484.38492543871,3513.7168014031326,3460.4173793352074,3486.79638671875,275988.0
2023-06-21,3493.676024996347,3524.906730563344,3345.54084892457,3383.750244140625,468855.0
2023-06-22,3415.079719295915,3519.0169281440512,3406.2699001661017,3448.68603515625,899667.0
2023-06-23,3455.6646892437666,3475.610637688627,3380.6814179145726,3392.955810546875,272568.0
2023-06-26,3400.2316259771505,3444.776145094755,3381.423940127496,3431.264404296875,204577.0
2023-06-27,3444.7758432093274,3518.967159659498,3426.958037123762,3439.925537109375,346501.0
2023-06-28,3474.472366656581,3599.8403398568985,3470.859408014315,3577.46923828125,885684.0
2023-06-30,3600.2364914115187,3601.127285107833,3499.219374569884,3515.205810546875,430346.0
2023-07-03,3543.66473866992,3549.505164832668,3483.381255217576,3487.1923828125,223753.0
2023-07-04,3504.119300346883,3507.732500793617,3469.91896006058,3474.027099609375,165447.0
2023-07-05,3481.401630953131,3531.885419175653,3476.650167257115,3516.740234375,246209.0
2023-07-06,3523.9663315971,3548.7132861729224,3506.148524302508,3524.708740234375,180300.0
2023-07-07,3519.214702096999,3527.7772929783,3455.664574075789,3472.6904296875,153939.0
2023-07-10,3474.4723015308505,3530.647886463009,3471.0572702521285,3510.80078125,284687.0
2023-07-11,3521.9866426337644,3761.487625268176,3518.0271298258567,3736.59228515625,1485223.0
2023-07-12,3745.698992628437,3785.986985785023,3707.1928285104855,3762.031982421875,535242.0
2023-07-13,3763.8634438712666,3808.061408521511,3745.0062159604704,3776.53369140625,488118.0
2023-07-14,3788.0162247001103,3847.606841219407,3785.393144260574,3835.134521484375,389985.0
2023-07-17,3852.605723966326,3908.9792357505935,3847.705875503296,3875.0263671875,473022.0
2023-07-18,3885.271592442845,4106.657735685848,3871.215371576052,4086.365234375,2882873.0
2023-07-19,4145.609463625521,4281.371147744806,4134.126781050848,4265.236328125,2988725.0
2023-07-20,4264.296226082343,4874.160285341274,4227.027408301904,4669.60205078125,5530760.0
2023-07-21,4627.680495767087,4645.498303023515,4448.561845595343,4540.373046875,3034596.0
2023-07-24,4565.119740265373,4721.718652863634,4540.372787158121,4650.89306640625,1450583.0
2023-07-25,4692.022461728639,4735.577100613884,4603.0325121286205,4645.89404296875,845678.0
2023-07-26,4651.3880299055,4698.951480691952,4561.358420692757,4626.5419921875,616591.0
2023-07-27,4602.933208609205,4696.971629000146,4601.151621347893,4653.4169921875,693349.0
2023-07-28,4655.3970634292855,4726.6682921273305,4617.781692727539,4697.71435546875,530565.0
2023-07-31,4697.714272029273,4827.5864797967615,4687.122382394751,4768.044921875,702383.0
2023-08-01,4795.910827129947,4824.617296418595,4569.574778291534,4583.33447265625,896053.0
2023-08-02,4583.334103163741,4654.753716571995,4515.576748986785,4541.6103515625,879726.0
2023-08-03,4543.540607841343,4589.273170693749,4466.379414422713,4568.1884765625,498305.0
2023-08-04,4583.135732964143,4616.494819215674,4543.045668777308,4568.1884765625,375403.0
2023-08-07,4607.883011770621,4607.883011770621,4512.953789248553,4552.79638671875,350693.0
2023-08-08,4587.986219343488,4632.580520768099,4554.676915693304,4624.31494140625,421136.0
2023-08-09,4627.680415385692,4669.255298261884,4602.93346129272,4636.490234375,447877.0
2023-08-10,4612.832041960674,4641.835277558462,4529.187340770614,4538.24462890625,327433.0
2023-08-11,4534.631949266412,4690.488462272809,4445.295443389684,4612.2880859375,979085.0
2023-08-14,4611.842537819232,4701.921454097736,4589.17442368727,4696.67529296875,448711.0
2023-08-16,4691.973629905058,4820.70710368111,4685.390552835615,4804.62158203125,837609.0
2023-08-17,4818.726817484563,4859.163436439582,4730.974216459252,4769.23291015625,653948.0
2023-08-18,4770.223064302809,4815.163438089331,4704.891102849399,4729.29150390625,330161.0
2023-08-21,4736.517833440466,4810.807998183833,4703.0103600775055,4801.00830078125,329531.0
2023-08-22,4825.655840878086,4957.705485579148,4809.075382347889,4946.619140625,929778.0
2023-08-23,4969.8317638882345,5103.811871575765,4950.380754412413,5083.07373046875,975669.0
2023-08-24,5112.720812523452,5113.710690705935,4935.334448886959,4975.96923828125,675077.0
2023-08-25,4969.188396635141,4979.087178301745,4880.0993616357055,4951.3212890625,479853.0
2023-08-28,4961.219950897033,5061.5934979042095,4951.271385559023,5041.89501953125,669023.0
2023-08-29,5063.2266040179,5074.709286923537,4957.309644754965,4969.732421875,425772.0
2023-08-30,4994.677890756241,5018.682436928929,4939.541482087926,4989.67919921875,327971.0
2023-08-31,5018.633166820351,5087.87485681584,4989.134506495797,5071.1953125,484299.0
2023-09-01,5087.726545530978,5167.164272128354,5043.330411007828,5155.533203125,448449.0
2023-09-04,5182.012204809503,5195.919799721789,5087.973778934259,5165.728515625,355134.0
2023-09-05,5171.123621258544,5257.243023067405,5158.700843413652,5250.06640625,464679.0
2023-09-06,5255.064953358638,5279.0201980335005,5191.41598135884,5240.16748046875,374585.0
2023-09-07,5249.323829611367,5261.202367411732,5119.847960922963,5132.9140625,515569.0
2023-09-08,5134.547819477126,5156.721479104433,5112.721197246549,5146.673828125,372420.0
2023-09-11,5160.383025146097,5168.846773076331,5075.303290726617,5095.84326171875,398409.0
2023-09-12,5137.319582591327,5147.366749867986,4883.31673438197,4892.3740234375,693209.0
2023-09-13,4900.886914490173,5002.30012830435,4800.3649777174,4992.3515625,802559.0
2023-09-14,5016.653295675707,5125.935749644436,4994.182867743667,5115.64111328125,513990.0
2023-09-15,5121.629757713527,5144.842594616637,5064.563376698253,5114.50244140625,350026.0
2023-09-18,5129.548778015615,5145.535214108331,5070.750110226802,5083.27197265625,188335.0
2023-09-20,5087.973958826319,5246.354471163325,5066.444107930507,5234.080078125,886432.0
2023-09-21,5246.354490581895,5304.311666194151,5131.577919287257,5168.99560546875,788735.0
2023-09-22,5172.113624855324,5188.495915824303,5033.530676055373,5078.0751953125,660080.0
2023-09-25,5098.862578081062,5209.679635252052,5034.569796035253,5153.89990234375,702950.0
2023-09-26,5159.294309349229,5175.033758882925,5067.48310931776,5087.033203125,382174.0
2023-09-27,5105.791393759713,5321.089887001811,5063.672272670223,5306.291015625,883496.0
2023-09-28,5306.29100468485,5343.362133906827,5205.818374712352,5232.99072265625,718228.0
2023-09-29,5221.656547446248,5327.425124555461,5200.968190756752,5288.96826171875,533039.0
2023-10-03,5271.101172020396,5367.812461037925,5218.390160300192,5318.86279296875,630157.0
2023-10-04,5298.768624570072,5317.922380781687,5213.490232247656,5259.61865234375,553831.0
2023-10-05,5282.930838870211,5304.757460613276,5177.261337298935,5187.06103515625,286121.0
2023-10-06,5219.429257007869,5280.9998705777325,5191.910838084387,5206.0166015625,384926.0
2023-10-09,5149.445368317507,5184.981898252862,5088.122221832486,5126.52978515625,280349.0
2023-10-10,5147.762470647058,5201.859217357421,5126.579173933469,5152.5634765625,331263.0
2023-10-11,5184.981894471176,5246.354341484772,5149.44536456174,5175.3798828125,400950.0
2023-10-12,5196.860111537668,5220.617186333268,5160.68025971577,5188.05029296875,433492.0
2023-10-13,5177.409567850365,5289.90912921691,5161.521732651639,5269.41845703125,357812.0
2023-10-16,5290.898961768402,5393.84629423312,5282.781767219252,5365.634765625,727018.0
2023-10-17,5409.634821109594,5429.481684798668,5309.755728513884,5412.50537109375,741605.0
2023-10-18,5414.089680387621,5438.044443558988,5219.5288242066335,5284.71240234375,1211440.0
2023-10-19,5290.898918683335,5365.783106991857,5107.820754344854,5243.384765625,1423792.0
2023-10-20,5255.263379231816,5319.85293197148,5142.417264100449,5174.39013671875,705270.0
2023-10-23,5191.762612025607,5191.762612025607,5085.994032986352,5101.98046875,644285.0
2023-10-25,5127.470050252554,5134.993221326532,4955.528494946168,4972.306640625,694305.0
2023-10-26,4925.633780027474,4946.322137138336,4762.402966259868,4822.48828125,841759.0
2023-10-27,4850.403295356231,4958.250721146732,4826.992772037256,4926.3271484375,652732.0
2023-10-30,4948.400928589272,4964.238979170874,4841.692256131307,4887.47412109375,554716.0
2023-10-31,4899.896800354667,4928.949820475062,4843.523046861476,4872.279296875,347116.0
2023-11-01,4872.279466930285,4914.745144014401,4841.2959900170135,4851.04638671875,385779.0
2023-11-02,4909.696726846029,5012.74314286054,4876.139952948463,5000.46875,624189.0
2023-11-03,5047.190718062677,5047.190718062677,4968.247932469202,4985.57080078125,318145.0
2023-11-06,5016.751785900225,5118.659935207492,4998.241354420631,5086.83544921875,613383.0
2023-11-07,5107.722046645326,5107.722046645326,5058.277438814873,5063.96923828125,272225.0
2023-11-08,5092.923285552848,5112.473379797682,5055.208829860846,5076.4912109375,183790.0
2023-11-09,5076.491002331755,5100.248077906202,5063.226731803811,5081.34130859375,155776.0
2023-11-10,5081.291922067237,5102.772470871345,5000.963408307758,5083.81591796875,283963.0
2023-11-13,5095.942054423269,5097.328270514664,5021.651892052453,5080.10400390625,337361.0
2023-11-15,5147.366834165116,5158.206194199575,5041.103308718929,5078.52099609375,601215.0
2023-11-16,5086.488854821835,5228.783838354118,5061.840985646465,5215.61865234375,528615.0
2023-11-17,5215.668403643756,5264.172437004648,5182.408398385633,5234.525390625,289947.0
2023-11-20,5254.174144398073,5267.0923442802805,5207.798256326163,5259.12353515625,339009.0
2023-11-21,5272.190166248603,5334.255236896129,5247.344127757252,5260.6083984375,379315.0
2023-11-22,5316.635605451127,5378.008051464527,5229.031388157807,5259.27197265625,569920.0
2023-11-23,5279.020409181534,5290.948248084958,5159.78938736556,5172.9052734375,449488.0
2023-11-24,5200.819881540802,5257.688575484398,5151.870212921212,5226.7548828125,637746.0
2023-11-28,5255.262834808013,5255.262834808013,5107.770997854464,5147.11865234375,849883.0
2023-11-29,5177.063035135594,5206.7593814174425,5098.021163447613,5110.69189453125,637793.0
2023-11-30,5147.36647066146,5285.949414102346,5104.108601408976,5214.5791015625,6818392.0
2023-12-01,5289.909260119858,5289.909260119858,5173.202713492719,5181.56689453125,433155.0
2023-12-04,5246.3541755697215,5301.490581656096,5214.727375458778,5287.533203125,487407.0
2023-12-05,5295.84834080568,5335.443468587405,5216.65808524223,5305.8955078125,325063.0
2023-12-06,5323.56490676302,5363.160034370034,5246.403708503268,5265.11279296875,393732.0
2023-12-07,5276.050598113991,5387.906830306652,5236.999711327082,5365.09033203125,338949.0
2023-12-08,5377.017913552258,5464.918896712167,5337.917728061589,5391.51953125,419779.0
2023-12-11,5409.635051401656,5652.551064518841,5390.876666214296,5634.33740234375,973960.0
2023-12-12,5642.305303081405,5674.971281151877,5523.569228850289,5553.1171875,524434.0
2023-12-13,5581.923123273314,5645.374412032224,5549.50461249353,5620.6767578125,320345.0
2023-12-14,5657.0542820103365,5661.211963384268,5573.013727616899,5596.2265625,351256.0
2023-12-15,5630.575567601387,5642.305720899471,5564.35281291336,5612.609375,267973.0
2023-12-18,5628.447124353401,5655.619472730042,5579.943095318346,5621.2705078125,310923.0
2023-12-19,5634.930879162726,5641.266486229672,5516.640435835299,5554.107421875,306765.0
2023-12-20,5587.763101997138,5626.4674345358535,5405.724605911382,5442.35009765625,345075.0
2023-12-21,5433.441427450005,5570.044618739511,5360.4379103659385,5562.42236328125,242120.0
2023-12-22,5575.983550607398,5575.983550607398,5251.946845508698,5305.0537109375,1898658.0
2023-12-26,5305.053646633626,5393.845907859638,5255.262970237992,5340.14501953125,682407.0
2023-12-27,5365.139718772484,5402.755089494505,5330.543283154412,5381.62109375,357111.0
2023-12-28,5402.705922579866,5438.242453341762,5379.988024522515,5403.69580078125,233728.0
2023-12-29,5414.633708280079,5508.226497964217,5376.572698475871,5429.33349609375,347319.0
2024-01-01,5444.330203098616,5474.472188194997,5394.786991586008,5409.3876953125,146403.0
2024-01-02,5409.38712382595,5414.633284495468,5276.050348512037,5292.482421875,281635.0
2024-01-03,5285.998563155584,5371.67280609465,5255.263040273323,5349.845703125,250172.0
2024-01-04,5349.84606846538,5396.815982706955,5283.128374004331,5339.9970703125,282732.0
2024-01-05,5378.008238396032,5386.768757097655,5303.816674276757,5346.62890625,140560.0
2024-01-08,5345.341956308182,5414.534341630384,5280.999877204472,5290.15625,346476.0
2024-01-09,5335.344029917152,5348.31153007262,4800.908924829208,4817.8359375,4167413.0
2024-01-10,4945.382153511614,4984.284173175543,4814.124208402716,4862.13330078125,2695792.0
2024-01-11,4375.954540797523,4375.954540797523,3762.526856539204,3839.19287109375,18029446.0
2024-01-12,3870.423450821017,4017.9152907627895,3865.474060218944,3940.605712890625,6218177.0
2024-01-15,4053.5018610362113,4211.337898478468,3934.766014175066,4155.70703125,3860786.0
2024-01-16,4246.577659871959,4316.859015081961,4211.931921388155,4296.86328125,2599390.0
2024-01-17,4296.071019170702,4444.552736423146,4284.291566269792,4394.36572265625,1928680.0
2024-01-18,4414.856701628944,4502.955860024678,3954.9592005717336,4391.14892578125,3940479.0
2024-01-19,4454.4519629176975,4491.077456835021,4206.98240942227,4377.9345703125,2042284.0
2024-01-23,4305.970047276026,4354.474077693618,4009.006595739748,4127.74267578125,1286472.0
2024-01-24,4157.488266227176,4355.46389795228,4083.6432589259234,4317.5517578125,1879874.0
2024-01-25,4305.96997820981,4409.907184580391,4239.7965268194175,4299.88232421875,1295034.0
2024-01-29,4340.56676603548,4363.878205167094,4249.646353354391,4302.208984375,878902.0
2024-01-30,4330.7170416947365,4340.566522930859,4256.476178122827,4270.33447265625,432662.0
2024-01-31,4294.685212833225,4329.974270360643,4247.566918698638,4299.18896484375,522874.0
2024-02-01,4305.970332903143,4322.649877871955,4193.124213833958,4220.79150390625,651423.0
2024-02-02,4255.238758181554,4392.980208056588,4225.888967282008,4339.3291015625,843638.0
2024-02-05,4325.767639031412,4385.160329727496,4302.109647238596,4340.86328125,542583.0
2024-02-06,4354.474081491096,4367.293197162505,4301.020660167949,4351.65283203125,400247.0
2024-02-07,4370.312212812138,4380.409163694876,4317.848668694574,4343.73388671875,362267.0
2024-02-08,4355.464039560773,4375.608157411533,4254.348079037398,4275.8779296875,448325.0
2024-02-09,4275.877471381448,4285.8255527972215,4206.981860017845,4263.75146484375,272191.0
2024-02-12,4265.384967473764,4321.511252165981,4242.766154977065,4301.21875,761494.0
2024-02-13,4296.071218109548,4314.829602593323,4246.577310066811,4286.37060546875,387834.0
2024-02-14,4256.476294405738,4341.803989271041,4234.698973829709,4311.365234375,261333.0
2024-02-15,4317.2053331054585,4583.136011718022,4296.714661272561,4518.74462890625,1011374.0
2024-02-16,4602.933394046106,4686.083158583712,4469.398928379093,4622.73095703125,1956433.0
2024-02-19,4662.277233688375,4776.063447955421,4596.895485598315,4720.33349609375,1125013.0
2024-02-20,4728.598785784612,4771.014679310318,4648.814507462964,4684.251953125,735136.0
2024-02-21,4711.721398286909,4717.6606678030175,4637.678698321676,4668.85986328125,658619.0
2024-02-22,4683.955506634694,4693.408650612239,4605.260185546247,4668.85986328125,425946.0
2024-02-23,4691.0326219437175,4781.11153492048,4673.313899465528,4753.19677734375,506542.0
2024-02-26,4756.36469177067,4818.331162986817,4661.336385754024,4739.9326171875,1005726.0
2024-02-27,4751.415456377397,4751.415456377397,4678.16446809158,4718.650390625,525966.0
2024-02-28,4736.56749335856,4739.537128150634,4618.771979939612,4662.2275390625,309601.0
2024-02-29,4661.435413561529,4749.386186134696,4616.098703113968,4701.77294921875,629330.0
2024-03-01,4731.617689747094,4780.121720457891,4703.010307077293,4758.7900390625,366189.0
2024-03-04,4728.647994493004,4762.6006222189935,4683.0642983275575,4743.6943359375,417409.0
2024-03-05,4743.447026657689,4903.856595389706,4703.901199291861,4863.568359375,735203.0
2024-03-06,4881.039567462491,4888.809723807797,4756.364228532002,4830.90185546875,483453.0
2024-03-07,4830.605480729912,4888.315184838298,4813.8268523741735,4841.494140625,270473.0
2024-03-11,4860.301482677193,4941.47148707221,4835.75269907378,4883.95947265625,542531.0
2024-03-12,4883.959634182876,4914.744940852782,4786.060783287653,4805.7099609375,264101.0
2024-03-13,4786.209457052802,4879.258007366595,4682.371331083181,4730.52880859375,633146.0
2024-03-14,4711.820279665746,4878.070518373154,4704.297108601848,4840.65283203125,379033.0
2024-03-15,4810.857001258448,4868.269932665831,4726.668059831986,4844.95849609375,345532.0
2024-03-18,4835.554999659403,4865.251345614322,4729.638032420189,4746.86181640625,433656.0
2024-03-19,4761.314137741373,4770.618896145258,4623.275429539252,4632.87744140625,272824.0
2024-03-20,4652.427419579765,4789.971185245263,4588.13463881829,4696.32861328125,445608.0
2024-03-21,4750.425207790409,4974.632607157888,4721.718741646229,4936.07666015625,712776.0
2024-03-22,4946.372316701225,4986.66007148935,4800.909514468486,4860.203125,594108.0
2024-03-26,4880.000666694026,5042.439783477379,4837.040047499453,4967.357421875,497218.0
2024-03-27,5006.8034948616205,5084.310757763234,4975.968888313719,4987.2041015625,407426.0
2024-03-28,4990.965712341128,5064.216696615869,4953.350342037883,5013.73291015625,359484.0
2024-04-01,5021.6522284574085,5098.862729900277,5021.6522284574085,5081.044921875,271256.0
2024-04-02,5099.110245901178,5161.769344691875,5048.378986478235,5153.10791015625,392786.0
2024-04-03,5127.568602332629,5235.465316165497,5107.77104016146,5208.29296875,338866.0
2024-04-04,5246.35462097893,5251.204927639964,5152.019418959939,5172.064453125,226936.0
2024-04-05,5173.103558035219,5269.418515139129,5167.164288737818,5262.78662109375,296298.0
2024-04-08,5295.6997357497785,5335.443246941863,5163.551002268008,5227.9423828125,484823.0
2024-04-09,5282.7817384945465,5282.7817384945465,5189.733188503535,5208.14501953125,197608.0
2024-04-10,5206.759539714625,5229.5267392228825,5144.298126135042,5195.27685546875,282041.0
2024-04-12,5194.830904469971,5309.606978752877,5177.16148393406,5248.68017578125,338176.0
2024-04-15,5173.202159479947,5340.09570782109,5173.202159479947,5260.06396484375,550150.0
2024-04-16,5248.828856328668,5332.473559461109,5188.050434980692,5214.232421875,342974.0
2024-04-18,5261.74681148365,5379.14646130616,5245.265436313111,5275.95166015625,440369.0
2024-04-19,5236.455582238988,5298.817907698544,5177.062891325124,5236.5048828125,334073.0
2024-04-22,5277.040470735609,5399.488592457981,5262.093213852456,5378.6513671875,397202.0
2024-04-23,5375.038119201647,5469.076539335008,5326.484791405199,5441.607421875,406322.0
2024-04-24,5441.607634189186,5561.234504715132,5439.182239397653,5537.18017578125,305918.0
2024-04-25,5553.216238352602,5632.307403261354,5533.418676005534,5576.08251953125,425165.0
2024-04-26,5525.500241929958,5594.6433324886175,5490.903804693355,5537.0322265625,510332.0
2024-04-29,5543.31794194908,5639.33612772927,5516.591230443254,5582.86376953125,350075.0
2024-04-30,5573.063295116132,5730.404620677781,5573.063295116132,5609.19384765625,474928.0
2024-05-02,5642.305412440656,5745.252739264135,5633.396509157855,5733.869140625,286240.0
2024-05-03,5780.888315818758,5810.485575425455,5692.789161690699,5773.11767578125,312177.0
2024-05-06,5803.655818858493,5879.678270395557,5741.2934929864,5841.8154296875,449452.0
2024-05-07,5842.2607415910425,5888.63662879484,5622.507796041532,5750.00390625,481713.0
2024-05-08,5750.004031038881,5887.745962921044,5726.544208778497,5861.61279296875,306101.0
2024-05-09,5859.088738207547,5888.78508254717,5727.434944968553,5744.7578125,271663.0
2024-05-10,5784.847836769622,6298.545289669123,5703.677829477509,6093.34326171875,3423107.0
2024-05-13,6205.546433338853,6403.422988772581,6159.269627507207,6365.8076171875,1788362.0
2024-05-14,6364.916173962193,6414.410078891915,6187.628909836148,6259.54345703125,507179.0
2024-05-15,6333.0919786039785,6468.556899242783,6220.740809289325,6401.44287109375,671424.0
2024-05-16,6416.538746849018,6465.636801237385,6355.017914639111,6404.80859375,343819.0
2024-05-17,6445.047073919609,6476.673389532128,6385.802772365755,6425.24951171875,305803.0
2024-05-21,6434.7030408384935,6774.676891489046,6434.7030408384935,6625.798828125,957271.0
2024-05-22,6709.394175985742,6709.394175985742,6463.904392031114,6495.38232421875,426788.0
2024-05-23,6535.571289520517,6671.778617307216,6525.425038655918,6574.9189453125,476201.0
2024-05-24,6580.561756024161,6673.214450346194,6567.891025315934,6616.494140625,239053.0
2024-05-27,6653.961268188333,6830.159587994569,6633.668765064581,6770.22265625,756028.0
2024-05-28,6800.4627874666085,6830.010746464217,6617.335332491161,6638.716796875,298627.0
2024-05-29,6632.183514296432,6710.334586505693,6582.738908044574,6679.4501953125,240288.0
2024-05-30,6679.450417010988,6698.505571770346,6630.203978087451,6646.14111328125,232385.0
2024-05-31,6673.65957891903,6782.645262777688,6554.5276437551365,6673.412109375,1118735.0
2024-06-03,6929.147124505643,7044.171160108014,6776.111864202343,6859.01416015625,571071.0
2024-06-04,6929.147111946804,6954.438305569832,6148.479798637901,6390.8515625,1324429.0
2024-06-05,6531.215800964787,6750.968742434048,6074.881990075917,6719.73828125,700772.0
2024-06-06,6830.159624453253,6909.349880968653,6739.288998437419,6789.3271484375,237858.0
2024-06-07,6792.791248422961,6816.548323720735,6741.070115743431,6777.1513671875,180893.0
2024-06-10,6817.884905582834,6879.653206045584,6661.880011034069,6730.08251953125,636790.0
2024-06-11,6781.457183685805,6968.643242576218,6709.394246139275,6927.068359375,435671.0
2024-06-12,6939.0459784927525,7022.492514969859,6889.552069944301,6931.126953125,297295.0
2024-06-13,6978.641094445059,6995.864877925262,6871.734252147177,6975.86962890625,378833.0
2024-06-14,6978.641020963632,7067.730055273805,6929.3945825532855,7008.23828125,409053.0
2024-06-18,7047.932562146198,7075.055127304644,6989.925604784339,7038.28125,194223.0
2024-06-19,7071.689909793447,7102.128664654329,6909.3498838687365,6931.8203125,319124.0
2024-06-20,6931.820442142165,6954.389472345037,6835.109146187813,6886.03857421875,224893.0
2024-06-21,6939.046134490777,7141.971164101421,6876.832193378941,7019.7705078125,776401.0
2024-06-24,6929.147033072402,7219.47810042256,6914.298860858676,7187.109375,631243.0
2024-06-25,7235.959921077369,7257.242301141042,7118.362107745431,7154.443359375,292396.0
2024-06-26,7138.853037619853,7249.818478087186,7091.536570688577,7107.671875,298420.0
2024-06-27,7176.61658696838,7245.808972980466,6889.551923489645,6918.505859375,1135404.0
2024-06-28,6699.495708602271,6754.235780143413,6549.03422105683,6671.2841796875,8853879.0
2024-07-01,6681.677614415306,6711.373959368263,6636.143218820772,6667.77001953125,488374.0
2024-07-02,6691.378386189666,6717.3133880674495,6477.861950904779,6561.01171875,818252.0
2024-07-03,6561.259181396375,6665.839715247728,6540.075884849688,6643.765625,656496.0
2024-07-04,6706.424395187152,6706.424395187152,6583.976275994065,6594.02392578125,348211.0
2024-07-05,6607.436602965105,6631.193678391496,6533.344127311259,6566.95068359375,222128.0
2024-07-08,6571.801070629681,6607.43668420743,6468.853742516188,6480.33642578125,560888.0
2024-07-09,6540.848038938395,6555.316876957874,6379.998144392288,6418.23388671875,547696.0
2024-07-10,6420.819329596419,6441.254778259746,6275.979943167863,6322.9169921875,381571.0
2024-07-11,6353.346870224648,6603.000115303173,6348.573775551834,6582.16650390625,973579.0
2024-07-12,6606.977818590804,6608.12132193676,6474.76746697999,6544.3779296875,499047.0
2024-07-15,6554.322189169007,6655.754576256739,6479.739551604499,6630.74462890625,423404.0
2024-07-16,6657.544619623966,6680.466642449415,6572.073205048805,6592.31005859375,232566.0
2024-07-18,6563.272367078103,6675.991694919447,6458.408980260297,6515.7880859375,1507949.0
2024-07-19,6463.828501426391,6488.54031211773,6222.677976565484,6314.51416015625,1038301.0
2024-07-22,6294.774772606435,6387.704935631439,6204.231642496227,6254.0029296875,689230.0
2024-07-23,6266.53265176394,6286.968099914559,5897.049979652279,6172.11083984375,618868.0
2024-07-24,6169.525437576217,6340.0215448864255,6152.272375505341,6287.06787109375,628120.0
2024-07-25,6274.886010609099,6421.66474087023,6204.52972134593,6391.6826171875,589561.0
2024-07-26,6404.162859934528,6528.218654465091,6372.887677829248,6512.05908203125,477709.0
2024-07-29,6548.3061719303205,6602.801025894619,6503.60611609636,6546.91357421875,386209.0
2024-07-30,6546.366907031045,6663.710260369898,6518.174572060975,6644.5673828125,531991.0
2024-07-31,6644.5673602519055,6843.703007932594,6644.5673602519055,6820.03564453125,806650.0
2024-08-01,6861.603019523467,6867.569630844792,6722.382088692556,6737.34814453125,248158.0
2024-08-02,6641.384957732072,6801.887186182416,6637.655825761833,6713.92919921875,285579.0
2024-08-05,6488.689519260185,6581.122463036033,6396.207047951189,6421.86328125,361050.0
2024-08-06,6485.009982283201,6574.360080831204,6350.9107859427295,6377.4619140625,366504.0
2024-08-07,6453.586450666834,6712.437744576503,6444.536993039109,6670.07470703125,348385.0
2024-08-08,6662.715613566951,6670.671094896583,6578.288165069039,6595.49169921875,211234.0
2024-08-09,6670.720900394492,6692.499419893095,6571.227852095578,6613.6904296875,118749.0
2024-08-12,6595.094269206423,6619.010241623501,6511.909861551576,6548.5048828125,400058.0
2024-08-13,6548.902646900173,6571.078843570304,6345.988335164762,6378.1083984375,198328.0
2024-08-14,6398.047054558832,6404.113206435189,6273.643113033032,6377.6611328125,258704.0
2024-08-16,6424.051219581963,6671.665577736128,6379.351164316063,6637.20849609375,479575.0
2024-08-19,6662.715786570122,6662.715786570122,6458.906099738894,6580.078125,567049.0
2024-08-20,6732.326341399113,6845.691954828876,6636.114735264642,6748.2373046875,1067336.0
2024-08-21,6762.1590926257495,6805.91423969568,6698.56476987463,6749.927734375,357548.0
2024-08-22,6786.025963526419,6831.769983796381,6731.132944976836,6793.9814453125,352837.0
2024-08-23,6752.215052392196,6812.726531822839,6698.51555123915,6716.564453125,191477.0
2024-08-26,6767.031917251382,6767.031917251382,6684.891473566765,6728.845703125,230388.0
2024-08-27,6751.170848738396,6774.937752213727,6692.548701179268,6731.87841796875,200927.0
2024-08-28,6768.125833816705,6787.0201022331785,6713.431898926914,6750.474609375,206801.0
2024-08-29,6782.047924042597,6816.85315532434,6668.881394843577,6705.9736328125,352648.0
2024-08-30,6732.32647163939,6824.112648659301,6712.487294679756,6775.48486328125,414118.0
2024-09-02,6801.887290412381,6802.732171887335,6661.174708579119,6680.61572265625,159217.0
2024-09-03,6680.615793654476,6752.215129341157,6661.522443245733,6729.4921875,176221.0
2024-09-04,6672.6603243640575,6715.371511276935,6639.595353308156,6679.6708984375,183073.0
2024-09-05,6686.333402384359,6702.144824304517,6440.260227988449,6611.80029296875,700511.0
2024-09-06,6611.999744232585,6655.705366155465,6548.355890475496,6583.857421875,222473.0
2024-09-09,6543.383460806198,6664.356402904189,6538.411284924126,6626.916015625,527457.0
2024-09-10,6642.031957639145,6697.620789675751,6612.994254805946,6650.18603515625,147853.0
2024-09-11,6677.632365368866,6806.362196183768,6634.871651785715,6773.09814453125,581267.0
2024-09-12,6811.831570188059,6851.658505592183,6767.131513868622,6810.09130859375,263580.0
2024-09-13,6821.825609369076,6885.966681060666,6707.465559066241,6715.27197265625,395742.0
2024-09-16,6762.159168159223,6790.00335296929,6672.709530231262,6687.02978515625,337211.0
2024-09-17,6712.437573824319,6715.221798147836,6643.622464027044,6654.16357421875,106032.0
2024-09-18,6662.715913506727,6692.49944230094,6611.005282536227,6630.0986328125,282119.0
2024-09-19,6652.771179369021,6701.548029440573,6389.792608703325,6439.81298828125,391188.0
2024-09-20,6463.729265887241,6546.715077636574,6424.100926014455,6522.8486328125,309437.0
2024-09-23,6563.272040423974,6597.033308251469,6488.689403600974,6572.271484375,265590.0
2024-09-24,6598.077283713647,6668.48309878523,6493.661591959323,6620.70068359375,416396.0
2024-09-25,6622.838812634526,6667.68793673417,6546.714993205115,6648.744140625,289831.0
2024-09-26,6662.715918856185,6736.950410301971,6626.916251232481,6709.85205078125,536672.0
2024-09-27,6716.116975561464,7079.383947514679,6698.415738266334,7015.541015625,1291485.0
2024-09-30,7025.684391596609,7029.562591600181,6870.552506941397,6916.49560546875,303374.0
2024-10-01,6949.063448110683,7312.628558213438,6863.989227884687,7285.77880859375,1221518.0
2024-10-03,7162.220428614313,7388.653517307073,7159.933421885724,7291.39794921875,885592.0
2024-10-04,7288.215479499589,7352.307021474392,7130.100284897265,7144.96728515625,467877.0
2024-10-07,7147.005474319472,7205.179931011789,6941.25693742133,7037.51806640625,438613.0
2024-10-08,7037.6176527378575,7257.288283262436,6996.845811030602,7222.333984375,410534.0
2024-10-09,7259.376707901771,7396.608760736078,7209.654949628471,7355.48876953125,369028.0
2024-10-10,7383.68134745798,7543.288196786871,7340.622497596746,7411.37646484375,470788.0
2024-10-11,7451.451822270445,7451.451822270445,7324.015051915105,7405.40966796875,177393.0
2024-10-14,7343.904020180605,7468.158893799808,7297.165565346686,7441.75634765625,311238.0
2024-10-15,7467.164086213183,7562.679389071101,7352.356352806993,7447.623046875,209845.0
2024-10-16,7438.375029372346,7479.04733048164,7120.404385569965,7141.5361328125,482049.0
2024-10-17,7116.377295918663,7267.133282165813,6974.520727713286,7080.92529296875,734999.0
2024-10-18,6662.66637477572,7130.100450681597,6575.205603892151,7080.7763671875,1967388.0
2024-10-21,7115.183660686179,7203.638863523684,6757.932824892816,6811.63232421875,842387.0
2024-10-22,6801.936593068505,6801.936593068505,6553.377326995302,6614.43603515625,720095.0
2024-10-23,6583.1607658107405,6727.353864155538,6555.31658130278,6624.62890625,461038.0
2024-10-24,6612.993780869341,6612.993780869341,6453.884156066471,6466.16552734375,313821.0
2024-10-25,6473.7733111488615,6505.396157060641,6346.485602419668,6419.47705078125,324913.0
2024-10-28,6463.828549709051,6488.241738698104,6308.696664516034,6333.80615234375,318609.0
2024-10-29,6369.308003321854,6403.9636819979,6272.897315323148,6362.396484375,208968.0
2024-10-30,6394.218118121703,6443.890348894784,6299.746777340745,6358.7666015625,275703.0
2024-10-31,6359.115083767478,6464.574744427287,6306.708153545031,6444.337890625,259567.0
2024-11-01,6463.828863191878,6495.054031664329,6414.107102705786,6465.61865234375,26757.0
2024-11-04,6468.801060887632,6516.683019283157,6347.679046163819,6486.6513671875,285465.0
2024-11-05,6540.449958662494,6618.414068232859,6335.944453120404,6595.64111328125,532984.0
2024-11-06,6662.715548579157,6896.40781035768,6662.715548579157,6845.64208984375,667866.0
2024-11-07,6911.324403840952,6911.324403840952,6764.893825644466,6778.81591796875,240697.0
2024-11-08,6801.787696149521,6801.8372236838695,6647.799308400096,6688.3720703125,164756.0
2024-11-11,6688.371922632013,6760.916163056563,6589.575176198213,6671.06884765625,175932.0
2024-11-12,6682.6045230863865,6718.404190174349,6450.006227647129,6466.5634765625,199839.0
2024-11-13,6429.023684022908,6443.890684756834,6229.291273385577,6293.03466796875,232394.0
2024-11-14,6299.697429201962,6364.385244374236,6242.517405522038,6266.8310546875,191359.0
2024-11-18,6260.864387251225,6449.608476796792,6222.678173240991,6408.78662109375,455631.0
2024-11-19,6456.867719199294,6573.614313944482,6424.051357774132,6480.78369140625,197471.0
2024-11-21,6488.689734790447,6495.650781249226,6354.490509191645,6372.68896484375,199200.0
2024-11-22,6379.301770719262,6608.519082979712,6372.68887379072,6583.658203125,191475.0
2024-11-25,6772.103638754932,6783.042425836621,6663.909284390755,6728.49755859375,369729.0
2024-11-26,6762.159167050498,6846.686156638629,6702.493056752994,6834.40478515625,218029.0
2024-11-27,6832.266769209888,7048.009671474234,6790.152343056101,7004.80126953125,497850.0
2024-11-28,7060.490096616741,7125.376995039874,7000.127684241163,7109.41650390625,620605.0
2024-11-29,7135.5698024280455,7279.265689328032,7070.434296601407,7257.28857421875,500991.0
2024-12-02,7267.332464533951,7351.859456800697,7249.581699045121,7311.0380859375,229302.0
2024-12-03,7311.087646500843,7387.808225656738,7261.365886119308,7371.2509765625,270695.0
2024-12-04,7379.654154556998,7437.380924183336,7231.532836029044,7259.4765625,213014.0
2024-12-05,7284.536020272541,7345.743798540166,7233.17353899555,7300.74560546875,299865.0
2024-12-06,7321.429402775161,7321.429402775161,7241.427384640322,7277.22705078125,106871.0
2024-12-09,7277.227405146734,7409.536816809783,7254.504463279644,7397.0068359375,228256.0
2024-12-10,7408.542243476774,7428.4309474861075,7332.617018808331,7401.43212890625,233072.0
2024-12-11,7416.945363861507,7416.945363861507,7343.903904666653,7360.0634765625,96608.0
2024-12-12,7360.063684084818,7482.925961491505,7343.904111733341,7444.73974609375,206603.0
2024-12-13,7418.436950194956,7522.90217212019,7361.256927075734,7480.29052734375,320336.0
2024-12-16,7487.450566986427,7552.7351389814685,7463.235973410918,7499.3837890625,150287.0
2024-12-17,7507.985834652612,7507.985834652612,7409.536748873724,7441.408203125,199765.0
2024-12-18,7441.40803260874,7453.44079548547,7331.075739938344,7372.09619140625,167097.0
2024-12-19,7309.098839436887,7470.296885103812,7259.377078624391,7451.80029296875,240206.0
2024-12-20,7468.208064100973,7551.243400099966,7110.310946530701,7138.30419921875,340963.0
2024-12-23,7140.0446249827055,7228.002611280712,7042.241827470584,7078.73779296875,245937.0
2024-12-24,7078.737786271574,7109.217127536016,6982.923859219178,7052.38525390625,122770.0
2024-12-26,7052.385340297661,7120.653219375073,7010.7681302415,7104.841796875,153820.0
2024-12-27,7104.841793766963,7159.933406476204,7046.567794206998,7109.4658203125,147479.0
2024-12-30,7145.016742738026,7287.220972969277,7105.438416941242,7243.11767578125,378267.0
2024-12-31,7249.432543385748,7321.728176007003,7142.083070276931,7231.880859375,164893.0
2025-01-01,7244.460339269475,7324.810508175352,7162.717572650174,7300.54638671875,113918.0
2025-01-02,7300.546527023165,7398.597935485286,7239.53782999879,7349.5224609375,162726.0
2025-01-03,7358.820223623058,7396.608759906528,7129.801999267543,7167.888671875,209835.0
2025-01-06,7174.850137253667,7195.285586870111,6887.060680697568,6909.68408203125,268937.0
2025-01-07,6970.891177057973,7149.989052809306,6930.119334058644,7122.990234375,262756.0
2025-01-08,7110.211542336083,7110.211542336083,6782.097460223218,6866.17724609375,271536.0
2025-01-09,6961.046306452796,6961.046306452796,6697.471454460517,6711.7412109375,174394.0
2025-01-10,6713.034117126594,6722.381710558052,6463.828567844281,6502.56201171875,177818.0
2025-01-13,6415.150978475737,6500.9210141514,6193.491470346746,6217.009765625,282470.0
2025-01-14,6225.064944991421,6472.13256996048,6151.128589171527,6438.669921875,566958.0
2025-01-15,6463.828749432869,6562.277833462693,6354.589946454642,6414.90234375,325741.0
2025-01-16,6486.004541685233,6672.660223841569,6486.004541685233,6628.2587890625,213590.0
2025-01-17,6555.316971202952,6786.025942276842,6555.316971202952,6741.97265625,358371.0
2025-01-20,6752.21484906392,6787.020080244663,6662.715683170584,6769.6669921875,138197.0
2025-01-21,6782.047774766467,6783.63896813142,6490.031987852857,6523.146484375,380639.0
2025-01-22,6561.184072478765,6569.189567376708,5948.71151464812,6130.046875,1654348.0
2025-01-23,6145.559861677409,6428.028979264938,6109.362032810753,6216.11474609375,1215099.0
2025-01-24,6258.875430064725,6372.19151210583,5858.416677758611,5882.87939453125,1354910.0
2025-01-27,5846.433779444044,5846.433779444044,5558.942457628237,5612.09521484375,835702.0
2025-01-28,5619.503953745659,5727.946921284981,5455.422140896349,5643.07177734375,640961.0
2025-01-29,5673.749876301805,5873.134128374105,5658.58473992224,5797.8056640625,430356.0
2025-01-30,5837.33476786428,5857.123931719182,5697.417537550318,5756.23876953125,475573.0
2025-01-31,5777.618876300959,6019.912911132082,5686.777125368824,6004.35009765625,680372.0
2025-02-01,6047.110797805944,6047.110797805944,5638.447466645907,5813.169921875,407366.0
2025-02-03,5801.982685940829,5886.857342381193,5713.079790010836,5825.15283203125,405813.0
2025-02-04,5834.053105233888,5953.683463992787,5827.439722789733,5930.7119140625,326464.0
2025-02-05,6005.39434739603,6058.348023335563,5931.358450377945,6003.70361328125,341372.0
2025-02-06,6024.686283282197,6028.863105462016,5817.446079049059,5826.39599609375,191057.0
2025-02-07,5857.123921254485,5916.889575253474,5795.618005615716,5837.03662109375,158629.0
2025-02-10,5877.957146150003,5877.957146150003,5585.69275055668,5615.7744140625,540742.0
2025-02-11,5623.530879786563,5635.464101812635,5362.143498544328,5477.3984375,515222.0
2025-02-12,5469.443251381899,5674.247379685014,5344.094885809194,5609.9072265625,695730.0
2025-02-13,5638.447370444214,5673.003992335385,5497.883863135235,5520.06005859375,191040.0
2025-02-14,5551.136082178535,5566.798435773042,5324.255314515442,5386.109375,401884.0
2025-02-17,5349.514665637879,5400.976687572386,5239.9277116599305,5384.0712890625,333358.0
2025-02-18,5369.949970232886,5434.588256911615,5260.562100468883,5406.64453125,272045.0
2025-02-19,5389.83865121691,5593.051576443406,5325.249892342482,5568.9365234375,348483.0
2025-02-20,5542.981953379479,5751.664282806015,5519.513184917586,5724.2177734375,288846.0
2025-02-21,5724.217586080043,5836.489222381942,5718.996801310979,5807.60107421875,603944.0
2025-02-24,5738.885347315578,5819.434595822346,5682.202542810815,5808.7939453125,450544.0
2025-02-25,5790.844716554924,5804.56772794274,5699.108070334653,5733.515625,141031.0
2025-02-27,5369.949783580861,5369.949783580861,4630.090035620831,4653.5087890625,5050980.0
2025-02-28,4624.123802204133,4879.693655358212,4529.65245570749,4687.1708984375,6042777.0
2025-03-03,4803.867681608172,4910.321771979387,4555.557026253834,4843.74462890625,4415862.0
2025-03-04,4813.0661622276575,4936.376121755804,4769.211474669758,4877.853515625,1108919.0
2025-03-05,4872.732543797808,5056.703058206501,4872.732543797808,5043.0791015625,1164455.0
2025-03-06,5115.573523024254,5126.313228481976,5007.527754888333,5048.349609375,535365.0
2025-03-07,5046.758481191705,5077.486430791964,4970.8832720449245,5035.27294921875,370527.0
2025-03-10,5050.736320624089,5081.514283923017,4885.212389330563,4912.95751953125,372497.0
2025-03-11,4843.197728108018,4907.537882002456,4783.233477696416,4880.5390625,302464.0
2025-03-12,4919.769202503921,4992.06483770589,4872.732610509733,4980.87744140625,377661.0
2025-03-13,5071.619461722415,5085.541554362437,4932.398535322192,4975.2587890625,449569.0
2025-03-17,4975.258811502041,5046.609536603963,4866.964916090819,4991.6669921875,518771.0
2025-03-18,4991.6669921875,4991.6669921875,4991.6669921875,4991.6669921875,0.0
2025-03-19,5181.007330593545,5425.737927525755,5136.257747123927,5408.13623046875,644101.0
2025-03-20,5195.923938335976,5212.878864330184,4886.30644061055,5055.11181640625,4100652.0
2025-03-21,5071.619417794787,5110.402389813218,4952.287196199616,4964.5185546875,1428921.0
2025-03-24,4992.064509145927,5033.532649592936,4949.353324747438,4997.484375,1060661.0
2025-03-25,5041.5871715045005,5169.869306929801,5031.841901178428,5123.47900390625,1184080.0
2025-03-26,5139.240989593173,5191.946053921432,5084.447514282495,5122.1865234375,475269.0
2025-03-27,5109.457348231936,5225.756733705284,4962.231417923762,5187.5205078125,633018.0
2025-03-28,5206.514407560527,5228.740130752133,5079.127165002806,5119.302734375,449930.0
2025-04-01,5062.6695328524775,5130.987424368803,5034.278602512604,5074.205078125,281666.0
2025-04-02,5083.552818899872,5275.478815388072,4957.259546599347,5256.3359375,661417.0
2025-04-03,5171.062860317079,5235.601605441689,5135.859952573114,5174.7919921875,320013.0
2025-04-04,5174.046329446263,5174.046329446263,4953.281715735506,5012.69921875,421875.0
2025-04-07,4624.123775821262,4936.376435091774,4541.585652510904,4907.14013671875,497046.0
2025-04-08,4962.231504553384,5071.619373391235,4897.593218421927,4958.40283203125,283588.0
2025-04-09,4957.856004330591,5000.318094097389,4862.787906429508,4977.14794921875,195312.0
2025-04-11,5061.67531207051,5149.88191104676,5016.925726796802,5064.9072265625,338270.0
2025-04-15,5151.1743510542665,5232.220820091125,5095.485979691518,5220.28759765625,383428.0
2025-04-16,5228.740217053201,5305.311726507955,5193.437767888996,5270.00927734375,301161.0
2025-04-17,5258.573234253968,5306.803340506108,5216.309739084566,5263.54541015625,259527.0
2025-04-21,5271.500849361288,5407.738467992206,5250.61771073903,5382.38037109375,224054.0
2025-04-22,5420.169196547658,5538.009770768536,5406.247103390761,5475.3603515625,633870.0
2025-04-23,5553.920509691006,5594.195134694138,5431.60498190372,5583.25634765625,374348.0
2025-04-24,5583.256612457483,5598.670358560091,5459.449426020408,5481.82421875,264678.0
2025-04-25,5509.170852863401,5553.920435603266,5356.027836375863,5476.3544921875,669725.0
2025-04-28,5452.985316280298,5586.239630565255,5425.14113120583,5566.84814453125,278907.0
2025-04-29,5566.848433748373,5662.31421610633,5522.596065884528,5539.50146484375,264199.0
2025-04-30,5539.50120345406,5572.814782184103,5433.593856148098,5489.2822265625,248922.0
2025-05-02,5468.399183872768,5552.926176167583,5415.196900487208,5429.6162109375,163134.0
2025-05-05,5504.696020107582,5776.67404585041,5504.696020107582,5762.751953125,669348.0
2025-05-06,5797.059984723229,6043.679913741388,5693.1415065684,5873.13427734375,2645488.0
2025-05-07,5866.670333096319,6024.288308822358,5793.579347507272,5853.74267578125,807608.0
2025-05-08,5904.956235432025,5914.900587462055,5693.141537192379,5732.9189453125,394295.0
2025-05-09,5568.837181891096,5756.288219174394,5568.837181891096,5734.41064453125,356853.0
2025-05-12,5931.308646917045,5984.013711597505,5848.770526757079,5959.15283203125,305557.0
2025-05-13,5959.152808257256,6020.807789335596,5919.37540110994,5974.0693359375,222006.0
2025-05-14,5974.566546668617,6001.416296462235,5878.603552035874,5947.716796875,272460.0
2025-05-15,5975.561080008301,6036.221626834812,5953.683505743002,6008.37744140625,252483.0
2025-05-16,6035.227351104864,6081.965806452026,5983.019502046864,6060.58544921875,233003.0
2025-05-19,6066.054439458726,6132.681594777371,6027.768686029355,6068.54052734375,186495.0
2025-05-20,6122.737585387305,6122.737585387305,5958.655775806518,5980.0361328125,204127.0
2025-05-21,5995.449860410431,6041.691097515935,5947.219752891787,6021.30517578125,124116.0
2025-05-22,6021.304953805376,6021.304953805376,5859.212021110036,5914.900390625,356912.0
2025-05-23,5946.722270504908,5956.666622127826,5833.356662003644,5850.75927734375,323816.0
2025-05-26,5906.944955655413,5934.789140631566,5875.62024755724,5916.39208984375,120578.0
2025-05-27,5897.000726690875,5989.48320014488,5878.106457920701,5930.8115234375,219023.0
2025-05-28,5965.616558437371,6056.110158507016,5909.928189163744,6023.791015625,286060.0
2025-05-29,6056.110246219023,6065.557380429053,5928.325325588622,5969.09716796875,215817.0
2025-05-30,5980.533141835149,6011.360632256979,5925.341989628323,5957.6611328125,286739.0
2025-06-02,5948.711171321343,5978.544226343014,5877.111839269331,5893.52001953125,170390.0
2025-06-03,5929.817140626331,5946.722539148995,5819.932050229012,5838.3291015625,137818.0
2025-06-04,5867.167387482512,5876.6145214115095,5797.556926953059,5864.18408203125,150898.0
2025-06-05,5867.16769278802,5986.499917048115,5839.323507127331,5947.2197265625,218509.0
2025-06-06,5966.61110670582,6084.948893655485,5924.347611366654,6074.50732421875,319429.0
2025-06-09,6123.731662432353,6225.164047876994,6099.86521879832,6109.8095703125,287704.0
2025-06-10,6155.553892153644,6155.553892153644,6069.038029695264,6103.84326171875,142972.0
2025-06-11,6086.440551787506,6183.895199949449,6086.440551787506,6132.1845703125,158096.0
2025-06-12,6132.681927137138,6132.681927137138,5976.555599496384,6016.3330078125,244951.0
2025-06-13,5727.946687671006,6015.835674837804,5727.946687671006,5996.94140625,199145.0
2025-06-16,5971.583236961684,6098.870939598002,5941.750181656296,6073.015625,192518.0
2025-06-17,6079.976924417311,6090.418494209,5936.778252988444,6007.88037109375,327846.0
2025-06-18,6165.995406332508,6194.834026892728,5946.722446555665,5955.67236328125,646632.0
2025-06-19,5958.655541480591,5981.527550401494,5754.796331533408,5789.6015625,466216.0
2025-06-20,5792.585021397957,5982.024926389598,5767.724141477794,5967.1083984375,659919.0
2025-06-23,5967.108235948804,6298.752365052866,5941.750139120756,6254.5,935253.0
2025-06-24,6309.0,6426.5,6259.0,6343.5,608610.0
2025-06-25,6358.5,6495.0,6346.0,6441.0,480549.0
2025-06-26,6450.0,6496.5,6390.0,6468.5,294479.0
2025-06-27,6480.0,6586.0,6470.0,6486.0,417426.0
2025-06-30,6486.0,6565.5,6468.5,6551.0,180007.0
2025-07-01,6560.5,6689.0,6560.0,6664.0,317256.0
2025-07-02,6680.0,6778.0,6638.0,6768.0,407342.0
2025-07-03,6775.0,6869.5,6743.0,6807.5,349404.0
2025-07-04,6828.0,6871.0,6661.5,6717.5,457714.0
2025-07-07,6700.0,6739.5,6605.0,6700.0,183853.0
2025-07-08,6670.0,6760.5,6625.0,6748.5,159641.0
2025-07-09,6748.5,6796.0,6670.0,6716.0,303920.0
2025-07-10,6740.0,6809.0,6690.5,6781.0,249936.0
2025-07-11,6770.5,6794.0,6645.5,6705.5,310579.0
2025-07-14,6782.5,6880.0,6722.5,6796.5,407039.0
2025-07-15,6803.5,6955.5,6800.0,6944.5,418898.0
2025-07-16,6930.0,7009.5,6929.0,6948.0,289082.0
2025-07-17,6969.0,6976.5,6815.0,6886.0,907510.0
2025-07-18,6992.0,7080.0,6896.0,6926.0,1599277.0
2025-07-21,6955.0,7061.0,6822.5,7042.0,356365.0
2025-07-22,7042.0,7079.5,6945.0,6960.5,267070.0
2025-07-23,6994.0,6995.0,6850.0,6885.0,297076.0
2025-07-24,6925.0,6930.0,6803.0,6841.0,240792.0
2025-07-25,6840.0,6840.0,6714.5,6734.5,183817.0
2025-07-28,6749.5,6851.0,6725.0,6837.5,253763.0
2025-07-29,6833.0,6977.0,6790.0,6962.5,258467.0
2025-07-30,6980.0,6986.0,6871.0,6931.0,218429.0
2025-07-31,6848.0,6885.0,6701.0,6821.0,677598.0
2025-08-01,6820.5,6859.5,6680.0,6698.0,246544.0
2025-08-04,6744.5,6938.0,6683.0,6919.5,367819.0
2025-08-05,6931.5,6953.5,6884.5,6925.5,208115.0
2025-08-06,6950.0,6950.0,6680.0,6825.0,444662.0
2025-08-07,6790.0,6903.5,6746.0,6881.0,193378.0
2025-08-08,6852.5,6905.0,6718.5,6741.0,148921.0
2025-08-11,6759.5,6810.0,6675.5,6757.5,140792.0
2025-08-12,6764.0,6823.0,6620.0,6803.5,522463.0
2025-08-13,6827.0,6980.5,6820.0,6966.0,255672.0
2025-08-14,6975.0,6983.0,6904.5,6970.0,143368.0
2025-08-18,7025.0,7185.0,7009.0,7087.0,459379.0
2025-08-19,7094.0,7135.0,7024.0,7117.0,187122.0
2025-08-20,7129.0,7208.0,7120.0,7158.0,217222.0
2025-08-21,7158.0,7177.0,7067.0,7084.5,139514.0
2025-08-22,7100.0,7164.0,7059.5,7100.5,172189.0
2025-08-25,7148.5,7155.5,7057.5,7071.5,116097.0
2025-08-26,7027.5,7096.0,6985.0,7064.0,187129.0
2025-08-28,7099.0,7170.0,6985.0,7106.5,275286.0
2025-08-29,7114.5,7180.0,7070.0,7091.0,260270.0
2025-09-01,7126.5,7159.5,7059.0,7144.5,150419.0
2025-09-02,7149.0,7199.0,7113.0,7178.5,130949.0
2025-09-03,7175.0,7245.0,7157.5,7235.0,265000.0
2025-09-04,7250.0,7325.0,7236.0,7257.0,197453.0
2025-09-05,7288.0,7315.5,7218.5,7228.0,143952.0
2025-09-08,7230.0,7384.5,7230.0,7324.5,234488.0
2025-09-09,7360.0,7371.5,7174.5,7193.0,160736.0
2025-09-10,7254.0,7271.0,7196.5,7209.0,133081.0
2025-09-11,7240.0,7284.5,7148.5,7233.5,178711.0
2025-09-12,7250.5,7310.0,7235.5,7254.5,218090.0
2025-09-15,7260.0,7280.0,7130.0,7250.0,161143.0
2025-09-16,7250.5,7401.0,7241.5,7395.0,209209.0
2025-09-17,7439.0,7439.0,7302.0,7359.0,269888.0
2025-09-18,7359.5,7452.0,7350.0,7440.5,184784.0
2025-09-19,7440.5,7568.0,7424.0,7549.0,370166.0
2025-09-22,7549.0,7714.0,7505.0,7657.0,415876.0
2025-09-23,7650.0,7697.0,7561.5,7620.0,317133.0
2025-09-24,7590.0,7623.5,7505.0,7532.5,352940.0
2025-09-25,7580.0,7600.0,7381.5,7407.5,464674.0
2025-09-26,7425.0,7506.0,7272.0,7322.5,244407.0
2025-09-29,7325.0,7369.5,7259.5,7278.0,248137.0
2025-09-30,7285.0,7317.0,7205.0,7286.0,183924.0
2025-10-01,7334.0,7373.0,7275.0,7351.0,112742.0
2025-10-03,7390.0,7415.0,7309.5,7393.0,140544.0
2025-10-06,7407.5,7644.0,7400.5,7615.5,213779.0
2025-10-07,7625.0,7638.5,7555.0,7595.5,110181.0
2025-10-08,7600.0,7675.0,7523.5,7588.0,150765.0
2025-10-09,7588.0,7641.0,7546.5,7631.0,96611.0
2025-10-10,7645.0,7794.5,7645.0,7730.0,236521.0
2025-10-13,7700.0,7748.0,7608.0,7685.5,129001.0
2025-10-14,7700.0,7724.5,7570.5,7608.0,163491.0
2025-10-15,7608.0,7723.5,7593.5,7658.5,115511.0
2025-10-16,7700.0,7705.0,7470.0,7578.0,186760.0
2025-10-17,7593.0,7619.5,7239.5,7439.5,1113487.0
2025-10-20,7530.0,7700.0,7511.0,7673.5,526263.0
2025-10-21,7694.0,7697.5,7572.5,7605.0,65121.0
2025-10-23,7660.0,7689.5,7500.0,7518.5,250081.0
2025-10-24,7550.0,7605.0,7466.5,7513.0,202587.0
2025-10-27,7514.5,7702.0,7483.5,7666.5,276608.0
2025-10-28,7667.0,7719.0,7478.0,7510.0,761477.0
2025-10-29,7520.0,7758.0,7514.5,7735.5,211944.0
2025-10-30,7735.0,7868.5,7698.0,7845.0,345825.0
2025-10-31,7865.0,7903.0,7684.5,7704.0,324713.0
2025-11-03,7704.0,7775.0,7584.5,7626.5,240686.0
2025-11-04,7617.0,7667.5,7548.5,7560.0,162179.0
2025-11-05,7560.0,7560.0,7560.0,7560.0,0.0
2025-11-06,7585.0,7670.0,7572.5,7591.5,201409.0
2025-11-07,7585.0,7589.5,7451.5,7542.0,127993.0
2025-11-10,7560.0,7662.5,7500.5,7608.0,112624.0
2025-11-11,7620.0,7690.0,7549.0,7659.5,105930.0
2025-11-12,7688.0,7745.5,7634.5,7680.0,129351.0
2025-11-13,7662.5,7816.0,7637.5,7721.0,182942.0
2025-11-14,7740.0,7747.5,7602.5,7632.0,127917.0
2025-11-17,7630.0,7708.5,7580.5,7683.0,146747.0
2025-11-18,7679.5,7730.0,7650.0,7661.0,255512.0
2025-11-19,7663.0,7704.0,7641.0,7688.0,138316.0
2025-11-20,7700.0,7740.0,7630.5,7648.5,220950.0
2025-11-21,7648.0,7648.0,7506.0,7521.0,169885.0
2025-11-24,7550.0,7550.0,7390.5,7427.0,305698.0
2025-11-25,7420.0,7520.0,7384.0,7439.0,130117.0
2025-11-26,7429.5,7568.5,7416.0,7539.0,132131.0
2025-11-27,7560.0,7560.0,7425.0,7479.0,170964.0
2025-11-28,7489.0,7520.0,7451.5,7470.0,223708.0
2025-12-01,7478.0,7530.0,7382.5,7401.0,199441.0
2025-12-02,7409.5,7462.5,7281.0,7347.0,185659.0
2025-12-03,7370.0,7370.0,7206.5,7227.0,278984.0
2025-12-04,7250.0,7382.5,7233.0,7348.5,179869.0
2025-12-05,7321.0,7336.0,7171.0,7257.0,191949.0
2025-12-08,7257.0,7265.5,7007.5,7025.0,217567.0
2025-12-09,7025.0,7214.5,6932.0,7194.0,222653.0
2025-12-10,7219.0,7268.5,7110.0,7139.0,126487.0
2025-12-11,7120.0,7307.0,7120.0,7218.5,295740.0
2025-12-12,7230.0,7298.0,7193.5,7276.5,158727.0
2025-12-15,7250.5,7355.0,7223.5,7339.5,121874.0
2025-12-16,7323.0,7402.5,7264.5,7361.5,267325.0
2025-12-17,7341.0,7341.0,7031.0,7079.5,1779441.0
2025-12-18,7079.5,7145.0,7022.5,7099.0,194054.0
2025-12-19,7090.0,7455.0,7087.0,7439.0,630325.0
2025-12-22,7450.0,7610.0,7450.0,7592.5,141726.0
2025-12-23,7605.0,7680.5,7580.0,7645.0,256703.0
2025-12-24,7644.5,7678.0,7611.0,7630.5,94993.0
2025-12-26,7610.0,7672.5,7531.5,7556.5,134763.0
2025-12-29,354.6000061035156,356.1000061035156,350.20001220703125,351.54998779296875,3834594.0
2025-12-30,7475.0,7596.5,7470.0,7497.0,370086.0
2025-12-31,7498.0,7659.5,7498.0,7619.0,235001.0
2026-01-01,7615.0,7695.0,7520.0,7673.0,139174.0
2026-01-02,7676.5,7821.0,7664.5,7798.0,192857.0
2026-01-05,7840.5,7840.5,7584.5,7762.0,1133180.0
2026-01-06,7752.0,7868.5,7737.0,7795.5,365681.0
2026-01-07,7764.0,7935.0,7764.0,7897.0,365607.0
2026-01-08,7871.5,7948.0,7723.0,7750.5,327505.0
2026-01-09,7740.0,7775.5,7629.0,7685.0,309563.0
2026-01-12,7700.0,7710.0,7576.5,7629.0,265117.0
2026-01-13,7640.0,7663.5,7402.0,7555.0,436635.0
2026-01-14,7328.0,7538.0,7303.5,7323.5,1655882.0
2026-01-16,7301.0,7359.0,7019.5,7121.5,819057.0
2026-01-19,374.0,375.7999877929688,370.6499938964844,372.1499938964844,4895093.0
2026-01-20,7420.0,7427.5,7050.0,7074.5,569182.0
2026-01-21,7000.0,7044.5,6808.0,6975.0,773002.0
2026-01-22,7050.0,7098.0,6980.5,6999.0,435717.0
2026-01-23,7050.0,7050.0,6705.5,6731.0,368113.0
2026-01-27,6805.5,6810.0,6663.0,6766.0,479065.0
2026-01-28,6829.0,6938.5,6802.5,6928.0,351390.0
2026-01-29,6900.0,7034.0,6850.0,7017.5,339355.0
2026-01-30,7029.5,7037.5,6915.0,7013.5,396287.0
2026-02-02,7029.5,7070.0,6800.0,7036.5,292833.0
2026-02-03,7400.0,7699.5,7360.0,7505.0,916405.0
2026-02-04,7504.0,7666.0,7420.0,7630.0,354670.0
2026-02-05,7600.0,7613.0,7503.0,7536.5,194719.0
2026-02-06,7536.5,7643.5,7524.0,7623.5,142821.0
2026-02-09,7679.0,7844.5,7645.5,7788.0,262351.0
2026-02-10,7790.0,7794.0,7706.0,7742.5,131347.0
2026-02-11,7789.5,7825.0,7756.0,7814.0,119335.0
2026-02-12,7781.0,7799.0,7730.0,7768.0,145735.0
2026-02-13,7760.5,7764.0,7565.0,7587.5,160038.0
2026-02-16,7617.5,7674.0,7536.0,7636.0,107863.0
2026-02-17,7650.0,7754.5,7616.0,7742.0,90445.0
2026-02-18,7777.0,7838.5,7753.5,7830.0,162088.0
2026-02-19,7830.0,7898.5,7720.0,7778.0,264268.0
2026-02-20,7780.0,7932.0,7710.0,7869.0,393427.0
2026-02-23,7939.0,8005.0,7830.0,7974.0,328075.0
2026-02-24,7969.0,8147.5,7911.0,8120.5,858763.0
2026-02-25,8120.5,8407.5,8119.5,8348.5,886842.0
2026-02-26,8348.5,8539.5,8345.0,8506.0,629664.0
2026-02-27,8502.0,8722.0,8469.5,8610.5,926898.0
2026-03-02,8400.0,8696.5,8400.0,8548.5,653612.0
2026-03-04,8420.0,8475.0,8266.5,8284.0,485801.0
2026-03-05,8331.0,8586.0,8272.0,8564.0,504469.0
2026-03-06,8562.0,8630.0,8480.0,8552.0,287931.0
2026-03-09,8450.0,8455.0,8180.0,8228.5,498022.0
2026-03-10,8363.0,8363.0,7684.0,7723.0,1056999.0
2026-03-11,7690.0,7707.5,7383.0,7429.5,1095668.0
2026-03-12,7400.0,7538.0,7282.0,7455.0,498945.0
2026-03-13,7429.5,7429.5,7118.0,7193.5,629193.0
2026-03-16,7203.0,7224.5,7008.0,7127.0,459026.0
2026-03-17,7150.0,7194.5,7050.0,7166.5,353172.0
2026-03-18,7200.0,7409.0,7176.5,7374.5,683900.0
2026-03-19,7277.0,7288.0,7101.5,7180.0,642482.0
2026-03-20,7205.0,7346.5,7126.0,7171.0,450923.0
2026-03-23,7100.0,7100.0,6750.0,6795.0,652558.0
2026-03-24,7001.5,7141.0,6774.5,7064.5,902790.0
2026-03-25,7120.0,7271.0,7104.0,7145.0,491371.0
2026-03-27,7046.0,7109.5,6935.0,7067.0,580434.0
2026-03-30,6941.5,7017.5,6800.0,6843.5,550150.0
2026-04-01,393.0,400.1000061035156,387.1000061035156,397.7000122070313,10350309.0
2026-04-02,6860.0,6906.0,6690.5,6878.0,387042.0
2026-04-06,6925.0,7075.0,6817.0,7047.0,345067.0
2026-04-07,7035.5,7239.5,6942.5,7227.0,344147.0
2026-04-08,7450.0,7648.5,7442.0,7600.5,713191.0
2026-04-09,7599.0,7663.5,7515.5,7607.0,419514.0
2026-04-10,7632.5,7804.0,7632.5,7728.0,490121.0
2026-04-13,7511.5,7604.0,7435.5,7548.0,493100.0
2026-04-15,7675.0,7855.0,7675.0,7791.0,494511.0
2026-04-16,7845.0,7930.0,7772.5,7903.5,272451.0
2026-04-17,7950.0,8224.5,7910.0,8182.5,683228.0
2026-04-20,8182.5,8285.0,8049.0,8198.5,403635.0
2026-04-21,8200.0,8305.0,7925.5,7955.5,443095.0
2026-04-22,7945.0,8103.0,7897.0,8038.0,468932.0
