Date,Open,High,Low,Close,Volume
2005-01-03,23.30868660281973,23.88563426921744,23.13560054219587,23.395227432250977,963393
2005-01-04,23.395233297414453,25.472246737679978,23.395233297414453,24.80875587463379,4530924
2005-01-05,25.039529275606665,25.06837621837437,21.404757263978112,22.78943252563477,2406316
2005-01-06,22.50096091926514,23.27983945534889,21.69323323668276,22.32787704467773,1233105
2005-01-07,21.924010755342536,23.308685999190104,21.924010755342536,23.02021217346192,1156202
2005-01-10,23.250996058510065,24.693365568354128,23.135606057546298,23.597166061401367,1829771
2005-01-11,23.94333303501688,24.00102693306206,22.529810524098696,22.674047470092773,880917
2005-01-12,23.077908077755488,23.25099194816249,21.116285010793945,21.347064971923828,1031867
2005-01-13,21.664390334086,22.90482903506871,21.664390334086,22.500965118408203,739802
2005-01-14,22.90483136903141,22.90483136903141,22.039409545523025,22.270187377929688,562756
2005-01-17,22.61635143939749,22.731741425488067,21.49130292655596,22.06825065612793,471417
2005-01-18,22.21248871756893,22.50096259701788,21.77977789839551,21.952861785888672,363797
2005-01-19,22.18364312141195,22.47211701843712,21.63554227688789,21.80862617492676,484429
2005-01-20,21.92401659484344,22.212490497407167,21.548999641158105,21.750932693481445,536550
2005-01-24,21.750929150335374,21.808623041097512,20.68357456418897,20.885507583618164,427729
2005-01-25,20.88550847652616,21.173982344431547,19.84700299224296,20.16432380676269,1067271
2005-01-27,20.53934173339025,21.202832613905816,20.250867820275893,21.05859565734864,552048
2005-01-28,22.21248692596859,22.21248692596859,20.94320151859421,21.52014923095703,639574
2005-01-31,22.212486078605355,22.212486078605355,21.693232276935,22.010555267333984,753134
2005-02-01,22.29902441781568,22.933665863238705,21.63553383324406,22.55864906311035,1608911
2005-02-02,22.616355321497327,23.59716707030231,22.58750837024333,22.8759822845459,1671295
2005-02-03,23.193295940013453,23.827937473835856,22.99136294224769,23.68370056152344,1765638
2005-02-04,24.700793908600986,24.700793908600986,23.04438861568116,23.56746292114257,1491096
2005-02-07,23.79994491058629,24.468318089182024,23.596525251556766,23.712764739990234,1388675
2005-02-08,23.71276387962808,24.23584045005816,23.567465078629027,23.741823196411133,1360049
2005-02-09,24.09054613492444,24.09054613492444,23.30593113317731,23.42217063903809,856408
2005-02-10,23.5965282987874,23.74182712382201,22.87003417361433,22.95721435546875,520528
2005-02-11,23.21875402591515,23.654650526212365,23.10251451575237,23.393112182617188,640855
2005-02-14,23.741820399829923,23.741820399829923,23.01532648040937,23.10250663757324,515576
2005-02-15,23.01532966775948,23.18969000623404,22.37601581696541,22.52131462097168,340789
2005-02-16,22.66661616734096,22.928154489611707,22.20166038168411,22.37601852416992,381664
2005-02-17,22.43413816484772,23.88712644539704,21.852942852628,23.42217063903809,1583185
2005-02-18,23.829007305676424,23.829007305676424,22.78285620884404,22.95721435546875,890771
2005-02-21,22.957212154681866,23.59652603671286,22.550375040169456,22.666614532470703,591560
2005-02-22,22.81191334357629,22.957212154681866,22.37601691025954,22.666614532470703,358231
2005-02-23,22.811913399075227,23.364049326036508,22.550375095032106,22.782854080200195,570229
2005-02-24,23.044394714556912,23.305930827963383,22.782856384066303,23.01533317565918,495599
2005-02-25,23.21875334097892,23.36405217012512,22.66661734680654,22.75379753112793,508248
2005-02-28,22.92815031727708,23.654644293001425,22.085416862020107,22.20165634155273,1466884
2005-03-01,22.37601606786883,22.55037419121468,21.82388016303712,21.91106033325196,394263
2005-03-02,22.317892875968766,22.317892875968766,21.85293501919508,21.998233795166016,358920
2005-03-03,22.288835958168377,22.288835958168377,21.85293954007838,22.027299880981445,385015
2005-03-04,21.82388004262681,22.463196114146022,21.533282432959123,21.67858123779297,395824
2005-03-07,21.794822172225786,22.346958110672297,21.24268623377927,21.32986640930176,446514
2005-03-08,21.53328310717802,21.76576208902474,21.358924979334915,21.59140396118164,399541
2005-03-09,21.67857765096991,21.823876431763384,20.92302443426052,21.18456268310547,284676
2005-03-10,21.18456662364218,21.82388049121873,20.89396900800123,21.126445770263672,482189
2005-03-11,21.41704313858325,21.446104673478835,20.923028084532,20.95208740234375,319155
2005-03-14,21.03926405385724,21.32986161753736,20.48712823944832,20.574308395385746,360636
2005-03-15,21.03926896953465,21.32986660111086,20.34183421033494,20.487133026123047,240894
2005-03-16,20.487131425550768,21.213625447733417,20.42901279060968,20.777729034423828,414469
2005-03-17,19.8478150577898,23.422163863744125,19.8478150577898,21.88199806213379,3796190
2005-03-18,22.085420595366376,22.34695891425463,20.952089358239977,21.068328857421875,974225
2005-03-21,21.358928888584582,22.376020740421943,21.27174870016481,21.533287048339844,1350359
2005-03-22,21.64951849416879,21.64951849416879,20.3999480835109,20.574308395385746,525803
2005-03-23,20.63243023151885,20.89396852294077,19.789696722307653,19.99311637878418,551988
2005-03-24,20.22559395117906,20.341833442840645,19.644398709955045,19.84781837463379,429867
2005-03-28,19.760636619550844,20.429011980280904,19.760636619550844,20.13841438293457,371744
2005-03-29,20.051236483169795,20.10935512237438,19.237562231801785,19.35380172729492,334417
2005-03-30,19.29568341783948,19.993118185633005,19.29568341783948,19.760639190673828,236739
2005-03-31,20.02217692423428,20.458073364310124,19.73157929751704,20.08029556274414,402106
2005-04-01,19.93499718216164,20.83584940112521,19.93499718216164,20.71961212158203,369081
2005-04-04,20.71961307259794,21.0102107189621,20.399953887930096,20.51619338989257,177740
2005-04-05,20.8067908076295,20.835850128529792,20.167476879486845,20.341835021972656,207403
2005-04-06,20.341833094866647,21.30080611331533,20.341833094866647,21.126445770263672,585851
2005-04-07,21.446105742615824,21.475165061876247,20.86491048907159,20.98114776611328,453858
2005-04-08,21.27174232454804,21.27174232454804,20.574309894563083,20.835845947265625,182457
2005-04-11,20.83584929718091,20.923029473487368,20.370893530075765,20.487133026123047,169846
2005-04-12,20.138412049865565,20.83584442903108,20.138412049865565,20.574308395385746,183162
2005-04-13,20.748670521748096,21.03926814189279,20.54525085739647,20.63243103027344,202338
2005-04-15,20.45807210959883,20.45807210959883,19.93499552675497,19.99311637878418,189667
2005-04-18,19.818759704453434,19.876880567229733,19.52816204182459,19.64440155029297,201008
2005-04-19,19.905936711624545,20.109354156150665,19.41192165087033,19.55722045898437,177818
2005-04-20,19.47004209245954,19.76063973563058,19.034145627702983,19.324743270874023,271253
2005-04-21,19.47004240774697,19.934998200933062,19.17944475987015,19.73158073425293,318746
2005-04-22,20.05123600646527,20.05123600646527,19.73157906427173,19.90593719482422,205076
2005-04-25,19.81875616354461,20.16747462664613,19.731578210582096,19.93499565124512,207133
2005-04-26,19.789698510772723,20.08029614592969,19.70252055047604,19.760639190673828,134114
2005-04-27,19.760640010127315,19.78969933143127,19.557222543915525,19.61534118652344,77992
2005-04-28,19.76063872191657,19.76063872191657,19.2956829601118,19.411922454833984,108437
2005-04-29,19.470040986032195,19.49910030528113,19.06320386529533,19.179443359375,112428
2005-05-02,19.3247421727036,19.586280480111864,19.0341445460464,19.179443359375,111162
2005-05-03,19.41191942745807,19.41191942745807,19.17944047426984,19.266620635986328,84013
2005-05-04,19.29568228560519,19.58627990371044,18.946963813628567,19.499099731445312,144195
2005-05-05,19.702519564327783,19.934996330567053,19.470040581004618,19.84781837463379,160323
2005-05-06,19.964057023438148,20.487133663379325,19.905938382148705,20.283716201782227,445212
2005-05-09,20.574314249415863,20.83585035747633,20.341835245490905,20.51619338989257,419702
2005-05-10,20.31277598323887,20.31277598323887,19.499101684223515,19.61534118652344,378123
2005-05-11,19.61534123168538,19.87687955819134,19.2956842624377,19.73158073425293,158532
2005-05-12,19.76063956184105,20.42901502208988,19.73158024119633,20.283716201782227,396151
2005-05-13,19.876878215825734,20.545251430554025,19.64439922639088,20.312774658203125,343315
2005-05-16,20.341830612326383,20.661487507103363,20.341830612326383,20.54524803161621,234764
2005-05-17,20.63242819250248,20.77772698259052,20.45807008781353,20.54524803161621,282729
2005-05-18,20.574309297441136,20.63242792589192,20.05123277304989,20.37088966369629,121220
2005-05-19,20.487132791737288,20.74867110058052,20.28371533879476,20.312774658203125,115058
2005-05-20,20.08029106224168,21.67857765096991,17.900809350339536,21.18456268310547,768005
2005-05-23,21.4751629842917,21.4751629842917,20.806787620543293,21.03926658630371,230644
2005-05-24,21.213626914299763,21.59140471878526,20.48713284189224,21.32986640930176,336615
2005-05-25,21.38798481848304,22.31789855142469,21.27174532472983,22.056360244750977,753109
2005-05-26,22.08542226155599,22.201661769507336,21.504226938883463,21.794824600219727,271143
2005-05-27,22.02730033106469,22.02730033106469,21.03926798645549,21.47516441345215,429814
2005-05-30,20.92302946262836,21.882002533165743,20.225594703790613,21.387985229492188,231018
2005-05-31,21.03927189285256,21.64952656053812,21.03927189285256,21.533287048339844,175522
2005-06-01,21.562343364930623,21.736703717453047,21.21362709405375,21.387985229492188,134796
2005-06-02,21.70764194274789,21.70764194274789,21.068328047451907,21.213626861572266,107088
2005-06-03,21.097382721170643,21.44610112852133,21.010204782145568,21.2426815032959,106575
2005-06-06,22.60849742947624,22.840974212774825,22.02730214560368,22.143539428710938,384590
2005-06-07,22.085418582892665,22.46319636653884,21.64952216349347,21.85293960571289,151010
2005-06-08,22.08541559425924,22.37601316786792,21.67857854779039,21.823877334594727,171555
2005-06-09,22.027299206892927,22.288835276076224,21.649521435942308,22.114477157592773,293528
2005-06-10,22.08541488647461,22.31789382474457,21.940116104326748,22.08541488647461,370753
2005-06-13,22.31789382474457,22.31789382474457,21.85293594820465,22.08541488647461,145424
2005-06-14,21.678579259390588,22.25977442568569,20.92302598662368,21.562339782714844,81232
2005-06-15,22.08542306846841,22.08542306846841,21.50422772456135,21.533287048339844,93053
2005-06-16,22.027300272163853,22.027300272163853,21.06832724850194,21.358924865722656,154786
2005-06-17,21.562344752450485,21.562344752450485,20.71961334075493,20.806791305541992,121770
2005-06-20,21.21362444572664,21.38798255939806,20.690547887628664,20.86490821838379,63533
2005-06-21,21.329866943870904,21.329866943870904,20.632432173463776,20.89397048950196,123773
2005-06-22,21.184562835697296,21.21362214864861,20.48712823944832,20.574308395385746,133675
2005-06-23,20.632430229987296,21.15550681279233,20.632430229987296,20.777729034423828,71075
2005-06-24,21.18456748892949,21.620463930195186,20.806789686332312,21.097387313842773,304040
2005-06-27,21.475163739135933,21.475163739135933,20.690548864928385,20.777729034423828,119988
2005-06-28,21.15550600361409,21.50422223409017,20.39995047577637,20.92302703857422,235445
2005-06-29,20.429017530165734,21.184571045108235,20.429017530165734,20.690553665161133,95940
2005-06-30,20.63242819250248,20.923025772678564,20.42901077321265,20.54524803161621,111227
2005-07-01,20.39995598886907,20.92303269302852,20.39995598886907,20.690553665161133,96950
2005-07-04,20.86490747941802,20.92302610955556,20.63242852470061,20.835845947265625,119365
2005-07-05,20.63242852470061,21.358922486837965,20.63242852470061,20.835845947265625,278960
2005-07-06,20.661487604326883,21.91105809179741,20.661487604326883,21.620460510253903,374119
2005-07-07,22.02730195431745,22.288838056121666,20.92303003771552,21.068328857421875,594267
2005-07-08,21.24268097348014,21.852935399769112,21.24268097348014,21.73669815063477,517191
2005-07-11,21.911057568280896,22.17259582883789,21.620459993680573,21.94011688232422,314985
2005-07-12,22.027295324026905,22.201653411775347,21.73669777208504,21.998233795166016,436138
2005-07-13,22.57158166879059,23.08457121943796,22.02841436626106,22.78281211853028,765583
2005-07-14,23.08457303502401,23.838970846626104,22.994044376736,23.05439758300781,1566221
2005-07-15,23.29580775671342,24.05020570611787,23.235456841657,23.808799743652344,1622874
2005-07-18,23.83897154760521,28.516238117072064,23.83897154760521,27.6411361694336,12156906
2005-07-19,27.460080317938832,31.171718468621936,27.460080317938832,29.14993095397949,18689201
2005-07-20,29.54221339724772,31.47347190463647,28.18429758299236,28.63693618774414,7713129
2005-07-21,29.21028110558254,29.48186244732652,26.705679714305663,27.369548797607425,3333075
2005-07-22,27.58078137228007,28.60676274192079,26.94708774175583,27.912715911865234,2364776
2005-07-25,28.06359612480712,28.335179773559545,26.70568018328419,27.3091983795166,2441557
2005-07-26,27.58077800077368,27.58077800077368,24.140724324136457,24.774417877197266,3054271
2005-07-27,24.17090541692665,24.3217849792074,23.054397576944947,23.68809127807617,1576366
2005-07-28,23.68809127807617,23.68809127807617,23.68809127807617,23.68809127807617,0
2005-07-29,22.118944751252243,25.10635824261936,22.118944751252243,23.68809127807617,1440292
2005-08-01,23.838968289283013,23.9294969378595,22.8129869151192,23.386329650878903,861124
2005-08-02,23.23545189321378,23.838970124206348,22.39052544892845,23.657915115356445,706667
2005-08-03,23.83896392327244,24.50283288378453,23.26562129251814,23.44667625427246,627848
2005-08-04,23.56738536433347,24.050199466237096,23.32597946450128,23.41650581359864,514904
2005-08-05,22.873340114916584,23.748439640706525,22.873340114916584,23.386329650878903,355661
2005-08-08,23.054398120767,23.80879594996592,22.93369400764728,23.17510223388672,341129
2005-08-09,23.26562483917768,23.50703302647669,22.36034759016501,22.45087623596192,923280
2005-08-10,22.9035162193412,22.93369166898412,22.48105301762259,22.78281211853028,476341
2005-08-11,22.933694057145345,23.688091887972497,22.72246358540953,23.356157302856445,995483
2005-08-12,24.14073167683998,24.9554804500375,23.38633381193873,24.412315368652344,1959987
2005-08-16,24.74424425370854,25.04600332997328,24.41230973026514,24.59336471557617,900312
2005-08-17,25.34776983269134,26.34357599701439,24.4726677946862,25.58917808532715,3180477
2005-08-18,25.5891758997695,26.31339599134223,24.774424843390893,24.9253044128418,1631569
2005-08-19,24.201075732667373,25.28741019232418,24.140724841459296,24.44248390197754,616094
2005-08-22,25.34776831454917,28.48606389965557,24.92530504885877,27.6109619140625,6897604
2005-08-23,27.852363607653853,28.15412268335004,25.58917053993244,25.770225524902344,3968151
2005-08-24,25.92111374979767,25.92111374979767,24.62354836855013,25.076187133789062,1426372
2005-08-25,25.28741892065225,25.951288162041138,25.136539338314805,25.58917808532715,846928
2005-08-26,25.61934994786641,26.162514986750733,25.317590825517552,25.67970085144043,851216
2005-08-29,25.7098730415067,25.86075258353958,25.04600397745768,25.34776306152344,477613
2005-08-30,25.468473959009245,26.253047326716032,25.40812074473044,25.58917808532715,638660
2005-08-31,25.58917178991249,27.15831813928673,25.16670860285353,26.37374496459961,3629907
2005-09-01,25.528822404238923,26.94709172250967,25.528822404238923,26.10216522216797,946001
2005-09-02,26.3435709738469,26.554801427946213,25.89093231314327,25.98145866394043,549007
2005-09-05,26.43410006993465,26.43410006993465,25.408118538672813,25.55899810791016,583052
2005-09-06,25.830577863090205,25.89093106294665,25.257235126769448,25.377939224243164,454740
2005-09-08,25.52881877052551,25.80040241428157,24.804596487922403,25.377939224243164,308803
2005-09-09,25.10635979576533,25.70987808222353,25.07618434189033,25.136537551879883,406491
2005-09-12,25.4986501183994,25.77023383454628,25.16671548854866,25.619354248046875,688083
2005-09-13,25.740059968968588,25.890939564795502,25.347772098922626,25.408123016357425,477526
2005-09-14,25.46846666794853,25.64952165447347,24.774419866990684,24.955474853515625,420594
2005-09-15,24.98565734165312,26.373748904580623,24.98565734165312,26.10216522216797,1176775
2005-09-16,27.761840652566388,27.761840652566388,25.77023080533018,26.01163673400879,796274
2005-09-19,25.770231856476286,27.1583234852758,25.58917682702237,26.2530460357666,1469462
2005-09-20,26.222869238802097,26.524628373190524,25.64952642301619,25.74005508422852,543796
2005-09-21,25.740055469220405,25.86075728298951,23.537212834341368,24.9253044128418,1004742
2005-09-22,24.44249036626492,25.2572391242446,22.933694664643628,23.02422332763672,655540
2005-09-23,23.38633145096192,24.44248835519891,22.69228456442473,23.657915115356445,567047
2005-09-26,22.99404730313271,24.502843118357685,22.99404730313271,24.29161262512207,296006
2005-09-27,24.74424536095502,25.83057762367107,24.321782174832347,25.287412643432617,838695
2005-09-28,25.740059065197617,26.10216916157204,25.25724253371192,25.468475341796875,737437
2005-09-29,25.58917247699493,26.071986574209333,24.744246080190305,24.86495018005371,616875
2005-09-30,24.50284194946289,25.13653800341902,23.68809316900444,24.50284194946289,521488
2005-10-03,25.95128918272076,25.95128918272076,24.291613711732808,24.895132064819336,267146
2005-10-04,25.22705526424967,26.82637909592145,24.895120780951405,26.524620056152344,2034252
2005-10-05,26.61515294892857,27.09796937339259,25.64952470447921,26.283218383789062,3227550
2005-10-06,25.95129028862045,26.40392907272429,25.34777190981532,25.4986515045166,1295284
2005-10-07,25.619350380398075,26.253044087581465,25.046007577807604,25.438295364379883,717097
2005-10-10,25.347770853380386,25.679705487440977,24.89513208814145,25.076187133789062,428348
2005-10-11,25.317593933969302,25.317593933969302,24.53302057998153,24.834779739379883,242661
2005-10-13,24.74424545430092,24.985653647921463,24.351957715227307,24.56319046020508,236136
2005-10-14,24.56319040333721,24.71406994844095,23.295800843122272,23.47685813903809,337208
2005-10-17,23.295801753661888,24.38213636266063,22.994042651659846,24.050199508666992,370298
2005-10-18,24.44248199727934,24.50283288378453,23.235445849265545,23.44667625427246,207415
2005-10-19,23.23544939132508,23.325978037121978,22.36034759016501,22.45087623596192,236174
2005-10-20,23.235454456906027,23.356158576870342,20.851556721009302,21.48525047302246,414061
2005-10-21,21.575775791221943,21.96806354468531,20.82137803628412,21.42489624023437,373714
2005-10-24,21.4249017967489,22.239650662489897,21.4249017967489,21.69648551940918,236923
2005-10-25,22.33017141404324,22.57157959346905,21.72665326771775,21.968061447143555,131112
2005-10-26,22.330172220865883,22.330172220865883,21.60594995866025,21.72665405273437,96677
2005-10-27,21.18348662390281,22.239643410324387,21.18348662390281,21.36454391479492,226450
2005-10-28,21.424895613534108,21.72665470668248,20.91190607607756,21.123136520385746,192993
2005-10-31,21.36454234531742,21.726652296022223,21.03260553789261,21.63612365722656,82083
2005-11-02,22.05858694684361,25.16670620282949,22.05858694684361,24.623538970947266,1022945
2005-11-04,24.623538970947266,24.623538970947266,24.623538970947266,24.623538970947266,0
2005-11-07,24.472664775217133,25.77022994411981,24.14073019547721,25.438295364379883,1051381
2005-11-08,25.58917631067013,26.10216593414478,24.623545669334906,25.31759262084961,680912
2005-11-09,25.347770829634232,25.86076050886186,24.744252476547704,24.895132064819336,329304
2005-11-10,25.28741208479562,25.347762980520265,24.563189824904363,24.71406936645508,193053
2005-11-11,24.50283488583577,25.106353009154283,24.50283488583577,24.623538970947266,171826
2005-11-14,24.9856555427212,25.890932884091683,24.80459823265563,25.015830993652344,292851
2005-11-16,25.257233762462977,25.257233762462977,24.442485177443803,24.59336471557617,187292
2005-11-17,25.10636227260503,25.77023383454628,24.56319714255104,25.619354248046875,721080
2005-11-18,25.890936075860893,26.192695226851164,24.80460129050424,25.80040740966797,848553
2005-11-21,25.95128582739901,26.8565632399827,25.25723889018905,26.01163673400879,889855
2005-11-22,26.10216846439701,26.40392763739582,25.37794598875191,25.619354248046875,528894
2005-11-23,25.408113957440943,25.89093033373744,25.22705896744932,25.34776306152344,226803
2005-11-24,25.408113957440943,25.77022623966332,25.28741216560593,25.34776306152344,194877
2005-11-25,25.619354248046875,26.192697137192567,25.438299204695547,25.619354248046875,335072
2005-11-28,25.438291084423707,26.13233557942802,25.34776244052621,25.95128059387207,410345
2005-11-29,26.011634750936867,26.011634750936867,25.106357407369607,25.19688606262207,229933
2005-11-30,24.74424978728176,26.343574170038472,24.74424978728176,25.31759262084961,704812
2005-12-01,25.61934994786641,25.80040496082785,25.19688671613013,25.67970085144043,282428
2005-12-02,25.649527974041305,26.253046279312866,25.34776882140552,25.528823852539062,624687
2005-12-05,25.16670745497026,26.40391920888147,25.16670745497026,25.95128059387207,791898
2005-12-06,26.10216512016889,27.912719926192167,25.74005507986003,27.18849754333496,2944837
2005-12-07,27.429901124328985,28.12394563437085,26.9169093015268,27.882539749145508,3171850
2005-12-08,28.12395136297748,28.51623917195308,27.46008216558445,27.70149040222168,1758061
2005-12-09,27.882544974654493,28.00324909100805,26.916914346065525,27.12814712524414,499530
2005-12-12,27.27902290944368,28.27482655112766,26.97726381155656,27.761837005615234,1105498
2005-12-13,27.82218743683294,28.2446506272246,27.27902245110582,27.369548797607425,491151
2005-12-14,27.58078695072099,31.5640068358602,27.42990737473481,27.55061149597168,607236
2005-12-15,27.76184315168493,27.76184315168493,26.615157404958573,26.766036987304688,256322
2005-12-16,27.06779195429232,27.33937562084576,26.70568193371398,26.94709014892578,223095
2005-12-19,27.06779195429232,27.399728825768392,26.675506482372345,26.94709014892578,150029
2005-12-20,26.67550930598548,27.12814803074008,26.13234191538412,26.2530460357666,189308
2005-12-21,26.10216846439701,26.524631767043303,25.34777053189999,25.619354248046875,141628
2005-12-22,25.890932961973608,26.403922536064265,25.74005340462467,25.83057975769043,101683
2005-12-23,25.951286710888606,26.76603548905555,25.31759296095436,26.34357452392578,732749
2005-12-26,26.37374948922257,29.089581769073508,25.528822970150905,27.218673706054688,3415973
2005-12-27,27.701484838131968,27.701484838131968,26.554799397786457,26.705678939819336,765805
2005-12-28,26.735860396638465,26.91691542732205,25.92111160744252,26.162517547607425,361682
2005-12-29,26.162519217414875,27.0979744897576,25.528825418457377,25.89093780517578,1329149
2005-12-30,25.890936075860893,26.192695226851164,25.64952783417284,25.80040740966797,349500
2006-01-02,25.92111353682193,27.339380735355093,25.92111353682193,27.09797477722168,733587
2006-01-03,27.36955314143305,27.70149003800486,26.5548043824139,26.675508499145508,741412
2006-01-04,26.76603566959264,26.97726845582188,26.13234191538412,26.2530460357666,284998
2006-01-05,26.313396767354007,26.73586003472337,26.132341739121305,26.34357452392578,336807
2006-01-06,26.766034577828528,26.766034577828528,25.89093492078924,26.01163673400879,353662
2006-01-09,26.37374432790263,26.856558400497462,25.8909302553078,26.071985244750977,363831
2006-01-10,26.132339534963727,26.403923205525583,25.61934994786641,25.67970085144043,235672
2006-01-12,25.8909393716359,26.132345341814005,25.40812282679987,25.4986515045166,236686
2006-01-13,25.679702672450592,25.95128636227111,25.19688850290276,25.31759262084961,279243
2006-01-16,25.34776427726812,25.49864382653757,24.8045969790024,24.86495018005371,229033
2006-01-17,24.98566085734232,25.257242275729222,24.14073423811245,24.261438369750977,233778
2006-01-18,24.26143018037273,24.47266061276005,23.80879156619504,24.14072608947754,189101
2006-01-19,24.442485341321778,25.28741168142359,24.231254907415856,24.955474853515625,194867
2006-01-20,25.046006062862872,25.649524281245107,24.74424695367175,24.80459785461425,98191
2006-01-23,24.744247604398044,25.01583127026004,24.50283938980085,24.65371894836425,93207
2006-01-24,24.744247921736218,25.498645724228176,24.533017457934225,24.683897018432617,181460
2006-01-25,24.62354968386443,25.559002721545955,23.95968038028139,24.231264114379883,203652
2006-01-27,24.683901585259207,25.25724217943668,24.261438277254904,25.076187133789062,390119
2006-01-30,25.64952272701924,26.25304090883145,24.412310914752027,24.56319046020508,141072
2006-01-31,24.74424536095502,25.468467636845435,24.502837168245165,25.287412643432617,346029
2006-02-01,25.347768260681978,25.468472379514093,24.261435795672096,24.412315368652344,241437
2006-02-02,24.62355004031549,24.74425417968879,23.29580911168907,23.507041931152344,232254
2006-02-03,23.537212321807065,23.899322359708307,23.175102283905822,23.356157302856445,176750
2006-02-06,23.567384484756843,23.77861722924557,23.356154042507264,23.47685813903809,87913
2006-02-07,24.744246074711214,24.744246074711214,22.96386693327805,23.32597923278809,259957
2006-02-08,23.65791313271475,23.899319023537245,23.356154042507264,23.47685813903809,151790
2006-02-10,23.476860981013843,24.08037923448732,23.205277306502893,23.597562789916992,206945
2006-02-13,23.627742767333984,24.35196289784688,23.507038644835287,23.627742767333984,214918
2006-02-14,23.71826151287305,25.77022402942487,23.71826151287305,24.08037376403809,320997
2006-02-15,24.53301958254824,24.563195036813305,23.62774214115885,23.95967674255371,263396
2006-02-16,23.89931676251727,24.92529803260652,23.869141316799134,24.623538970947266,450304
2006-02-17,25.166710550547425,25.257236903340875,24.653718675760548,25.015830993652344,679375
2006-02-20,24.74424425370854,24.95547468619824,24.231254744954104,24.59336471557617,163221
2006-02-21,24.261436876075084,25.227065265253927,24.261436876075084,24.834779739379883,585795
2006-02-22,25.046010668016446,26.615157403430025,24.834780173639903,25.58917808532715,1479033
2006-02-23,25.92111374979767,26.192697469388992,24.92530754537609,25.076187133789062,623122
2006-02-24,25.89093294691937,26.705681635234168,25.076181956365232,25.19688606262207,244038
2006-02-27,25.64952589948992,25.64952589948992,24.80459941955212,24.98565673828125,208118
2006-02-28,25.589171249671683,25.80040168762207,23.86914308915341,23.98984718322754,496860
2006-03-01,24.14073578506224,24.170911244345568,23.29580911168907,23.507041931152344,179532
2006-03-02,23.476853999763804,23.95966799852157,23.235445849265545,23.44667625427246,121036
2006-03-03,23.44668257077741,23.627739883547072,22.96386844195016,23.11474800109864,165998
2006-03-06,23.26562859204691,23.41650815788669,23.054398120767,23.17510223388672,109135
2006-03-07,23.476859015236112,23.838969016104024,23.17509991376644,23.41650581359864,161424
2006-03-08,23.26562799379055,23.476860761878253,22.7828138559663,22.87334251403809,171106
2006-03-09,22.93369618733724,23.295806258873004,22.51123290238572,22.63193702697754,128930
2006-03-10,22.420706535621623,23.17510443652088,22.420706535621623,22.63193702697754,200026
2006-03-13,22.63193705991588,24.02002873914278,22.63193705991588,22.812992095947266,122147
2006-03-14,22.93369102478028,24.080376496914955,22.72246058097401,22.93369102478028,148048
2006-03-16,22.63193435435096,23.17510169975115,20.73085094768972,22.420703887939453,103334
2006-03-17,22.481054963292305,22.631934526804333,22.028416272756218,22.33017539978028,130206
2006-03-20,22.84316504881308,22.84316504881308,22.39052635720721,22.51123046875,141277
2006-03-21,22.63193858264685,22.782818173197825,22.08877113576738,22.23965072631836,168818
2006-03-22,22.14911907178506,22.239645423185365,21.907710863572312,21.99823951721192,98927
2006-03-23,22.11894427770071,22.11894427770071,21.787007405998093,21.84736061096192,121124
2006-03-24,21.364543918072023,22.02841297731464,21.364543918072023,21.817182540893555,205482
2006-03-27,22.239647574539585,23.47686188351281,22.028417098599505,22.088768005371094,184541
2006-03-28,21.726660955499764,22.33017931537476,21.364550860470704,21.515430450439453,164832
2006-03-29,21.12313650704764,21.998238337073165,21.12313650704764,21.57577514648437,98082
2006-03-30,21.96806046465137,22.51122539070857,21.48524412739308,21.63612365722656,138248
2006-03-31,21.72665714573216,22.571583622295293,21.48524892321714,22.33017539978028,227263
2006-04-03,22.57158618098516,23.35615953973818,22.33017793110436,22.994047164916992,274090
2006-04-04,23.65792099708113,23.65792099708113,22.843169801337822,23.20528221130371,200669
2006-04-05,23.77861867218841,23.77861867218841,23.2354513559586,23.53721046447754,260133
2006-04-07,24.02002213529313,24.08037533220376,22.99404081020312,23.144920349121094,243082
2006-04-10,22.752641641575213,24.3821416030588,22.63193751438388,23.74844551086425,289126
2006-04-12,24.14073470371221,24.14073470371221,22.994048884389937,23.084577560424805,98588
2006-04-13,22.93369618733724,23.41651038346482,22.390528777793904,22.63193702697754,137548
2006-04-17,22.72246323950973,22.903518255704185,21.575777633212454,22.51123046875,96882
2006-04-18,22.51123293514839,23.054400345482247,22.51123293514839,22.812992095947266,95134
2006-04-19,22.39052706284613,23.175102661480448,22.39052706284613,22.541406631469727,63396
2006-04-20,22.873342749319352,22.873342749319352,22.17929583626825,22.33017539978028,129821
2006-04-21,22.33017940154489,22.54140990742032,22.149124353331683,22.23965072631836,64804
2006-04-24,22.30000118754457,22.752639903250188,22.02841749767329,22.481056213378903,113650
2006-04-25,22.75263479978039,26.253039622306822,22.330171632766724,24.14072608947754,1740263
2006-04-26,25.04600397745768,28.9688720703125,23.959671735268785,28.9688720703125,3258232
2006-04-27,30.477668056404013,34.76264620878496,30.145733518217742,34.249656677246094,11948721
2006-04-28,31.986469743438576,34.219487902956736,31.141543206678325,32.740867614746094,4914824
2006-05-02,37.41813032214162,39.651145935058594,37.11637120664048,39.651145935058594,2156462
2006-05-03,40.43571286359836,43.63436064833081,39.9227233974184,40.88835144042969,6457936
2006-05-04,41.88417334818934,41.88417334818934,36.81461841592076,37.14655303955078,3068447
2006-05-05,37.146546571365576,40.888360055326736,35.30581643153674,40.55642318725586,6051646
2006-05-08,41.64276505663651,42.48769164534822,38.534644714846735,38.715702056884766,3552095
2006-05-09,38.62516926603676,40.13396494049132,37.41813272647311,38.68552017211914,1772661
2006-05-10,38.62517166137695,40.13396742939949,38.323412507772446,38.62517166137695,1330585
2006-05-11,38.92692975758195,39.47009714021148,36.69391162111771,36.75426483154297,584375
2006-05-12,35.42651644491998,38.444107244278776,34.91352462768555,34.91352462768555,1194111
2006-05-15,34.913526442968184,34.913526442968184,33.19350051879883,33.19350051879883,580238
2006-05-16,33.193495097262826,33.193495097262826,31.53382034239968,31.77522850036621,505606
2006-05-17,32.58998403706599,33.37455726639934,32.016641264854925,33.28403091430664,979992
2006-05-18,33.01244873817764,33.284032411147976,31.624357223510746,31.624357223510746,182191
2006-05-19,31.382952791741808,32.40893440115054,30.055212020874023,30.055212020874023,411685
2006-05-22,29.874152810896224,29.874152810896224,28.57658767700196,28.57658767700196,35340
2006-05-23,27.18849495706932,28.817994587934404,27.158319506953887,27.79201316833496,752191
2006-05-24,28.063598196847096,29.11975511823381,26.40392303466797,26.40392303466797,574954
2006-05-25,26.554798747217934,26.554798747217934,25.227058349409223,25.95128059387207,427458
2006-05-26,26.826384917930085,27.248848125739865,26.283217607569046,27.1583194732666,327726
2006-05-29,28.21447813447821,28.51623725891113,27.852368106054467,28.516237258911133,204922
2006-05-30,29.90433096778808,29.90433096778808,27.2488518590362,27.6109619140625,475023
2006-05-31,27.1583234852758,27.1583234852758,26.2530460357666,26.2530460357666,152993
2006-06-01,25.800401193617432,27.188492493294067,24.955474853515625,24.955474853515625,306524
2006-06-02,23.8993259748354,25.83058517433236,23.71827092849752,24.261438369750977,370310
2006-06-05,24.744250064643264,25.34776835890285,23.688093049688977,23.95967674255371,169537
2006-06-06,23.537214542312512,23.537214542312512,22.78281664031532,22.812992095947266,145542
2006-06-07,22.0284201572207,22.5414098427258,21.69648551940918,21.69648551940918,183840
2006-06-08,21.06278807598963,21.06278807598963,20.61014938354492,20.61014938354492,46260
2006-06-09,19.614340024970893,21.575774027467983,19.58416457768798,21.33436584472656,633967
2006-06-12,22.26982359309584,22.26982359309584,20.036805683131966,20.27821159362793,234714
2006-06-13,19.312586760717974,19.312586760717974,18.25642967224121,18.25642967224121,326589
2006-06-14,18.105551067151524,19.25223573784713,16.747634737115156,17.200273513793945,311788
2006-06-15,17.984845143055523,18.07537381027774,17.502030956429532,17.894317626953125,311156
2006-06-16,18.67889066932356,18.79959363105156,18.40730699097602,18.64871406555176,360824
2006-06-19,18.76941889544769,19.31258512177361,18.10554855166276,19.28240966796875,273634
2006-06-20,19.312582937476154,20.03680525807937,18.31677810998647,19.222055435180664,288796
2006-06-21,19.31258495399042,20.18768692016602,19.222057442242544,20.187686920166016,244698
2006-06-22,21.12313446118136,21.21366310119629,20.51961633371904,21.21366310119629,220811
2006-06-23,21.66630555094703,22.299999237060543,20.61014864001138,22.299999237060547,386811
2006-06-26,24.442489822822303,24.442489822822303,22.26982498168945,22.269824981689453,509402
2006-06-27,22.20946663016576,22.20946663016576,21.153309907106685,21.21366310119629,222851
2006-06-28,20.761027641390164,21.092962201182768,20.217860323737323,20.91190719604492,137103
2006-06-29,21.123133423964592,21.937881935136264,21.06278253507737,21.153308868408203,144617
2006-06-30,21.54559732066982,22.0284113556892,21.42489323635525,21.63612365722656,136019
2006-07-03,21.968069432007848,21.968069432007848,21.42490198199101,21.60595703125,75105
2006-07-04,21.48524795931125,22.02841528448188,21.00243383818143,21.183488845825195,122585
2006-07-05,21.123135884602863,21.545599062742745,21.123135884602863,21.274015426635746,72134
2006-07-06,20.821376099990147,21.66630242784188,20.61014566914673,21.243839263916016,169964
2006-07-07,21.57577915609318,21.6361300650046,20.610150800072965,20.67050170898437,152494
2006-07-10,20.670497908521053,20.821377455298578,20.03680427250328,20.21785926818848,83083
2006-07-11,20.27820960625744,21.06278506963501,19.91609962488249,20.549793243408203,123145
2006-07-12,19.91610599574356,20.48944890152353,19.614346813989865,20.127336502075195,142029
2006-07-13,20.21785855504401,20.881727616552805,20.21785855504401,20.640321731567383,98052
2006-07-14,20.459267537429547,20.579969333493853,20.036804344486907,20.398914337158203,69129
2006-07-17,20.248036189678764,20.51961985407766,19.67469340977873,19.825572967529297,80237
2006-07-18,19.61434413230123,20.368741983543583,19.46346456205276,19.553993225097656,49711
2006-07-19,19.61434121848617,19.91610031415519,18.588359832763672,18.588359832763672,125675
2006-07-20,18.528008492558406,19.312581662134804,18.528008492558406,19.07117462158203,77910
2006-07-21,19.071179527886525,19.252234567099933,18.588364171451,18.709068298339844,92500
2006-07-24,19.282409081469435,19.282409081469435,18.55818670098317,18.98064994812012,112400
2006-07-25,19.07118036543288,19.49364252585733,19.07118036543288,19.252235412597656,79904
2006-07-26,18.95047513198568,19.674696429678463,18.95047513198568,19.433290481567383,63147
2006-07-27,19.312588454402515,19.916106843602595,19.312588454402515,19.52381896972656,85818
2006-07-28,19.52381510654622,19.82557424143713,19.282409179977183,19.34276008605957,85300
2006-07-31,19.67469512864993,20.066982933969207,19.61434422117291,19.91610336303711,122006
2006-08-01,19.553990741037644,20.21785984489985,19.553990741037644,19.88592529296875,70363
2006-08-02,19.55398964350755,20.881727776708424,19.55398964350755,20.549793243408203,196406
2006-08-03,21.32701933821115,21.57573188828363,21.016129836569885,21.29593086242676,157671
2006-08-04,21.14048469439232,21.76226365599209,20.86068368729272,20.9228630065918,77233
2006-08-07,21.078307514463376,21.97988510131836,20.30108382103771,21.97988510131836,244792
2006-08-08,23.00582277831116,23.099090576171875,22.415132259623444,23.099090576171875,254921
2006-08-09,23.907403074468977,24.18720409943493,22.10424302193165,22.415132522583008,650597
2006-08-10,22.63275491947392,22.81928813166604,22.32186544185421,22.477310180664062,198764
2006-08-11,22.38404378430275,24.74680348715498,22.32186683366136,23.099090576171875,613966
2006-08-14,24.49809316379394,24.49809316379394,23.00582263848417,23.378889083862305,223642
2006-08-16,24.06284544849596,24.06284544849596,23.347798718852,23.627599716186523,356687
2006-08-17,23.93849173876749,24.560270744969248,23.13017950508495,23.347801208496094,230650
2006-08-18,23.378889225956755,23.751958045500977,23.00582277831116,23.099090576171875,141894
2006-08-21,24.06285073328248,24.871163058297352,23.627604905382483,24.59136199951172,643789
2006-08-22,24.871158475226885,25.27531574920873,24.093934772876047,24.280467987060547,487095
2006-08-23,24.187200398052312,26.27015878490049,23.689775375612484,25.24422264099121,1069357
2006-08-24,24.40482170425744,25.58620255717187,24.40482170425744,25.08877754211425,408859
2006-08-25,25.182050191950747,26.239074995375336,24.93333763635718,25.555116653442383,665584
2006-08-28,25.803826927416253,26.05253946101822,25.088780172234472,25.64838218688965,285300
2006-08-29,26.114718189908867,26.612140919146444,25.555116137079924,26.17689514160156,501296
2006-08-30,26.487783319900505,26.487783319900505,25.5862057059274,26.14580535888672,270610
2006-08-31,26.4256146975926,26.4256146975926,25.555122911735715,26.11472511291504,208870
2006-09-01,26.11472511291504,26.89194907460894,25.71056770407449,26.11472511291504,261309
2006-09-04,26.42560676068792,26.67431930248912,25.368582015880683,25.43076133728028,185520
2006-09-05,25.89709435646009,25.928182829748703,25.24422455790684,25.49293708801269,373587
2006-09-06,25.58620663552053,27.109563278282657,25.49293883735612,26.27016258239746,480334
2006-09-07,26.052541142402863,26.42560759498436,25.648383842190697,25.834917068481445,142932
2006-09-08,26.05253507854876,28.446382731214086,25.95926730116258,28.259849548339844,1960625
2006-09-11,28.353119852392744,28.53965543939282,25.74165009717386,25.99036026000977,671311
2006-09-12,25.99036880466416,26.36343772941681,25.306412667133245,26.11472511291504,334860
2006-09-13,26.425610618657565,27.51372399707288,26.27016585031252,26.64323234558105,509949
2006-09-14,27.0163004696766,27.63807952595501,26.549966177467795,26.82976722717285,570724
2006-09-15,26.549961801548548,27.14065228203621,26.114716059510343,26.612138748168945,315853
2006-09-18,27.047384974783306,27.047384974783306,25.83491551877538,25.99036026000977,283356
2006-09-19,26.332336372104763,26.36342721569294,25.213134787982533,25.46184730529785,486720
2006-09-20,25.74165172534208,26.98520973387264,25.43076222320943,26.42560768127441,747627
2006-09-21,27.01629601689695,27.544807178865742,26.301249271270013,26.612138748168945,640107
2006-09-22,26.612138165742923,27.109560843515062,26.176892433230392,26.891939163208008,315232
2006-09-25,26.985210612296875,27.109564519678973,26.11471902922972,26.20798683166504,208849
2006-09-26,26.61213922494732,26.73649549231453,25.897094838408247,25.99036026000977,164515
2006-09-27,26.332336675217185,27.45154064412096,26.207982787026435,26.394515991210938,340267
2006-09-28,26.42560467748585,26.64322635548226,25.834914216197664,25.95927047729492,115005
2006-09-29,26.30124720968428,26.42560346507606,25.928180815407227,26.021446228027344,94953
2006-10-03,26.30125230084721,26.332340777738413,25.648384798536927,25.710561752319336,91861
2006-10-04,25.95927334330816,26.42560759498436,25.67947231792272,25.834917068481445,179091
2006-10-05,26.73649537331709,27.5137190760298,26.42560589223201,26.7675838470459,598440
2006-10-06,26.985214323482648,27.82461517324551,26.7986786929584,27.078479766845703,641375
2006-10-09,26.798672680151554,28.1976753637954,26.767584206005843,27.171741485595703,858953
2006-10-10,27.66916163853237,28.07331888088824,27.04738272530692,27.20282745361328,270129
2006-10-11,27.98005392334464,27.98005392334464,26.17689394396967,26.48778343200684,379882
2006-10-12,26.736496772488938,28.44638900793881,26.42560727513441,27.38936424255371,1081669
2006-10-13,27.389361840980147,27.669162838445235,26.76758290079037,26.891939163208008,246281
2006-10-16,27.38936342169432,27.66916443530748,26.33233868798825,26.48778343200684,174903
2006-10-17,26.985208396173523,27.01629687046595,26.021449089818464,26.14580535888672,134808
2006-10-18,26.145799505390663,26.363423520513297,25.86599855560329,26.052534103393555,89930
2006-10-19,26.20798179706416,26.79866985935311,25.86600150176219,26.021446228027344,232075
2006-10-20,26.363431626528367,26.45669705720198,25.617296321645725,25.710561752319336,141834
2006-10-23,25.95927902814065,26.54996968399913,25.77274576100091,26.083635330200195,210554
2006-10-26,26.42560346507606,26.54995972046784,25.928180815407227,26.021446228027344,112112
2006-10-27,26.363427291104465,27.35827261941475,26.052537829520205,26.5810489654541,701505
2006-10-30,26.36343197563754,26.456697407546187,25.74165294198476,25.86600685119629,206963
2006-10-31,25.95927130303732,26.2701607797204,25.368580822959768,25.49293708801269,134099
2006-11-01,25.866002753304592,25.866002753304592,24.80898046107551,24.933334350585938,169946
2006-11-02,24.715717584671047,25.36858512196183,24.000670718367555,24.529184341430664,156208
2006-11-03,24.653541983098705,24.684630463364982,23.93849507747933,24.311561584472656,114975
2006-11-06,24.342645124590184,25.710556820604832,24.187200398052312,25.24422264099121,332956
2006-11-07,25.461849456198102,26.11471690442912,24.995515225761867,25.27531623840332,468145
2006-11-08,25.368582161195963,25.49293843280889,24.56026995355979,24.65353775024414,142423
2006-11-09,24.871160521503818,25.11987307547833,24.40482626172562,24.622447967529297,88095
2006-11-10,24.77788861320949,24.77788861320949,24.09393276101109,24.18720054626465,140608
2006-11-13,24.653541888785217,24.653541888785217,24.06285127838967,24.21829605102539,129087
2006-11-14,24.902249950244936,25.803830028013103,24.65353975865637,24.74680519104004,334885
2006-11-15,25.11987523602645,25.15096371497249,23.596516048681224,24.09393882751465,197819
2006-11-16,24.249377488501484,24.43591068711029,24.00066497575753,24.18720054626465,81380
2006-11-17,24.404828298182693,24.404828298182693,23.62760446703038,23.75196075439453,146855
2006-11-20,23.75196271735323,23.75196271735323,23.005827303403567,23.503250122070312,78389
2006-11-21,23.13017959695127,23.96958030989802,23.13017959695127,23.68977928161621,69032
2006-11-22,23.565425909137023,24.218293408593592,22.850379084271086,23.06800079345703,217771
2006-11-23,23.56542724266523,24.43591650056728,23.19235838479389,23.93849372863769,288559
2006-11-24,24.24938398183992,24.808986099411182,23.9384944436112,24.59136199951172,375353
2006-11-27,24.87116006206668,24.87116006206668,24.249381060515013,24.37373733520508,125025
2006-11-28,23.75195597854614,24.12502239372656,23.50324345382691,23.627599716186523,94674
2006-11-29,23.62760446703038,24.06285028685545,23.62760446703038,23.75196075439453,87252
2006-11-30,24.0939394211927,24.0939394211927,23.34780404860823,23.47216033935547,85717
2006-12-01,23.62760728090575,24.467008169757204,23.503250978731675,23.876319885253903,169392
2006-12-04,23.81413545147341,24.404825981455243,23.409980520779595,23.596513748168945,295579
2006-12-05,24.09394108262614,24.125029564481963,23.47216195791321,23.658695220947266,171760
2006-12-06,23.969579847712257,23.969579847712257,23.31671237557586,23.441068649291992,81946
2006-12-07,23.378888975377485,23.75195779092309,23.161267278566505,23.28562355041504,53425
2006-12-08,23.37888416423362,23.596508188158328,23.067994734539568,23.16126251220703,48784
2006-12-11,23.22344227495823,23.25453311922892,22.01097524915033,22.16641998291016,140637
2006-12-12,21.88662066390518,22.632755917473265,20.580883377186385,20.98504066467285,156272
2006-12-13,20.86068368478754,22.135330081534303,20.67415047070971,21.793352127075195,206995
2006-12-14,22.508397314716028,24.09393308185177,21.82443908151156,23.8452205657959,405003
2006-12-15,24.684623199854247,24.871156398463057,23.627598578539907,24.18720054626465,292032
2006-12-18,24.74680835468672,24.74680835468672,23.34780534299325,23.503250122070312,157343
2006-12-19,23.751958414146284,23.751958414146284,22.72602210934978,23.005823135375977,112136
2006-12-20,23.627605774161097,23.627605774161097,22.44622453669343,22.60166931152344,115128
2006-12-21,22.38404309598112,23.00582207086948,22.38404309598112,22.78820037841797,45798
2006-12-22,23.192359267336176,23.62760509879911,22.632759517082945,22.8814697265625,113886
2006-12-26,22.881471947314616,23.254540855590456,22.477316928223114,23.03691673278809,86104
2006-12-27,22.91255542977513,23.56542528380591,22.88146695384478,23.347801208496094,112822
2006-12-28,23.59651171712845,23.9074011933175,23.16126597608409,23.254533767700195,102232
2006-12-29,23.25453436277093,23.62760079498496,22.88146555865836,22.974733352661133,82704
2007-01-02,23.62760151907456,23.62760151907456,23.13017880357902,23.28562355041504,86264
2007-01-03,23.50324510597469,23.96957934368013,23.223444088971707,23.81413459777832,185141
2007-01-04,24.2493778114121,24.7778889431579,23.7830436227311,23.8452205657959,318828
2007-01-05,23.316712721135584,24.56027073292948,23.316712721135584,23.596513748168945,147418
2007-01-08,23.78305404322789,24.373744748746763,23.65869773071349,23.969587326049805,154483
2007-01-09,23.65868736470316,24.7468004716255,23.65868736470316,23.8452205657959,177588
2007-01-10,24.187205244738408,24.187205244738408,23.534335364937185,23.720870971679688,88324
2007-01-11,24.2182910484246,25.92818319421724,23.751956826844783,25.64838218688965,646527
2007-01-12,26.05253957964264,27.047384974783306,25.74165009717386,25.99036026000977,736194
2007-01-15,26.79867991621905,27.233925787477897,25.834922726081093,26.083635330200195,461802
2007-01-16,25.928189110256405,29.22361788695923,25.803832815081023,28.78837203979492,1680042
2007-01-17,28.91272261816343,29.472324649855057,27.76243245200668,27.917877197265625,893943
2007-01-18,27.980052308540124,28.508563458942067,26.73649442816056,26.891939163208008,439560
2007-01-19,27.0162953395057,28.47747489553451,26.239071666746035,27.66916275024414,727613
2007-01-22,28.259860052596583,28.259860052596583,26.798677771177555,26.95412254333496,237615
2007-01-23,26.5499585487384,27.980049492883943,26.176889799027705,26.332334518432617,281127
2007-01-24,26.4256146975926,27.10957083512352,25.86601249641328,26.11472511291504,234282
2007-01-25,26.612141774454347,27.26500927580534,26.05254207553867,26.20798683166504,219375
2007-01-29,24.871161077533856,26.92303139205065,24.871161077533856,26.301252365112305,192499
2007-01-31,26.736498719305423,26.95412043454025,24.90225007697332,25.679473876953125,300590
2007-02-01,26.61213806574168,27.917875258372664,26.145803862351706,27.42045021057129,1069920
2007-02-02,27.60698926725128,28.508566943196563,27.14065500511459,27.513721466064453,900531
2007-02-05,27.98005794347113,27.98005794347113,27.04738934535543,27.32719039916992,289949
2007-02-06,27.358276727631647,28.16658897475012,27.078475695810216,27.2650089263916,379055
2007-02-07,27.35826650485093,28.415290912372463,27.202821808800643,27.451534271240234,433826
2007-02-08,27.63807514285756,30.65370213880272,26.923028392776462,29.93865776062012,1957926
2007-02-09,30.995687395930883,30.995687395930883,27.82461491323772,28.19768142700196,1797445
2007-02-12,27.980051542583265,28.384208791402145,26.08362630129896,26.5810489654541,824791
2007-02-13,26.48778463294148,27.45154398707159,25.866005628676195,26.42560768127441,521368
2007-02-14,26.11471913141055,26.487785598814057,25.46185162750504,26.301252365112305,239619
2007-02-15,26.73649434293253,28.446386423003805,26.581049608380606,27.66916275024414,578063
2007-02-19,27.51372364441328,28.91272654158684,27.10956630313692,27.32719039916992,462102
2007-02-20,27.638073397781863,27.82460659892572,26.674316548623324,27.01629447937012,251136
2007-02-21,27.202831354455604,28.72619038468485,27.202831354455604,27.79352188110352,569339
2007-02-22,27.66916163853237,28.13549582345145,26.798670211257413,27.20282745361328,277082
2007-02-23,28.104411478757847,28.1354999546042,25.959273438778457,26.17689514160156,514851
2007-02-26,26.176899495555904,27.544814007405886,26.11472253352143,26.98521423339844,355923
2007-02-27,27.01629425402531,28.104407352169844,26.767581739975803,27.20282745361328,310055
2007-02-28,27.358274850786103,28.29094331160836,24.871158955260096,25.02660369873047,1147369
2007-03-01,25.18205326346167,25.928188649351444,24.56027417053669,24.902252197265625,309414
2007-03-02,25.182053166987075,25.49294271225852,23.907406505753947,24.21829605102539,176934
2007-03-05,27.513717282186096,27.513717282186096,22.1353286613158,22.29077339172364,284207
2007-03-06,23.036912785197035,23.34780230287014,20.207818648751573,22.10424423217773,203745
2007-03-07,22.3840443857714,22.943646444175155,20.98504161166068,21.1093978881836,215094
2007-03-08,21.606818694569498,23.00582134385817,21.07830753137539,22.477310180664062,246198
2007-03-09,23.13017525976309,23.13017525976309,22.010973728398376,22.32186317443848,93254
2007-03-12,22.446217055335925,22.81928581372299,22.0731506688471,22.32186317443848,52088
2007-03-13,22.228602113394903,22.694936423466125,21.824444762573595,22.539491653442383,64832
2007-03-14,21.2026614078927,22.25968610533129,21.2026614078927,21.97988510131836,82230
2007-03-15,22.10424221557041,22.38404323032924,21.60681950705392,21.762264251708984,67538
2007-03-16,21.762268111047828,22.25969090777769,21.451378566604287,21.5135555267334,60298
2007-03-19,21.575730203876105,22.10424136664616,21.575730203876105,21.97988510131836,54480
2007-03-20,22.29077312762273,22.5083971707543,21.79335047059081,21.85552978515625,65808
2007-03-21,22.07315470255169,22.259687929883665,21.70008824788776,21.886621475219727,205262
2007-03-22,22.38404142920309,22.63275394939804,22.01097502080906,22.35295295715332,147060
2007-03-23,22.321865792127937,22.78820001587519,22.073153257369995,22.384042739868164,94043
2007-03-26,22.41512938485529,22.757107313321104,21.762261999257245,21.85552978515625,72694
2007-03-28,21.76226537505552,21.76226537505552,20.98504161166068,21.1093978881836,156629
2007-03-29,21.109397978329334,21.66899766722412,21.109397978329334,21.45137596130371,70585
2007-03-30,21.48246393481928,21.97988665949481,21.451375459258056,21.82444190979004,79508
2007-04-02,21.76226511488866,21.76226511488866,21.23375391085797,21.29593086242676,54857
2007-04-03,21.66899996754518,21.70009081903321,21.20266565801208,21.358110427856445,24113
2007-04-04,21.54464255742797,22.22859848513421,21.420286287327222,22.01097679138184,75215
2007-04-05,21.824439200500137,23.31670956117465,21.63790599839041,22.29077339172364,80385
2007-04-09,22.384039682884737,22.881462312569205,22.384039682884737,22.694929122924805,99424
2007-04-10,22.788198100375304,22.850375042889144,22.384040858340388,22.632753372192383,70944
2007-04-11,22.63275760994374,23.56542615367386,22.63275760994374,23.13018035888672,160123
2007-04-12,23.16126251220703,23.47215194190108,22.38403893797189,23.16126251220703,83210
2007-04-13,23.31671071417861,23.59651171712845,23.06799818446799,23.254533767700195,54166
2007-04-16,24.87116555884816,24.87116555884816,23.3788946765576,23.876319885253903,109977
2007-04-17,23.876311518650933,24.24937792254615,23.37888648425951,23.56542205810547,100831
2007-04-18,24.18720890009273,24.18720890009273,23.47216195791321,23.658695220947266,52584
2007-04-19,23.56542482167818,23.90740279400308,22.850378029809058,23.099090576171875,130035
2007-04-20,23.099088783546367,23.627599938678483,23.099088783546367,23.192354202270508,74282
2007-04-23,23.59651366323158,23.62760213903479,22.88146686026448,23.005823135375977,67824
2007-04-24,22.073154629887764,23.316712637205384,22.073154629887764,23.005823135375977,127701
2007-04-25,22.97473311587054,24.591357468000883,22.88146532282904,24.280467987060547,375632
2007-04-26,24.684629072481503,24.808985358438616,23.814137442680583,23.93849372863769,120728
2007-04-27,24.000668592470607,24.187204191087183,22.819289908658067,23.005823135375977,115858
2007-04-30,22.38403893797189,23.62759665674811,22.38403893797189,23.16126251220703,89222
2007-05-03,23.25453771372188,24.49809582949527,23.25453771372188,23.93849372863769,208845
2007-05-04,24.06284629916172,24.71571373475672,23.285622596810875,24.280467987060547,267981
2007-05-07,24.87115906518808,26.394518032310565,24.591358051325003,25.61729431152344,1240328
2007-05-08,25.803834267304964,25.834922749873687,23.751963583079828,23.876319885253903,487020
2007-05-09,24.21829188588248,24.21829188588248,23.37888883487352,23.81413459777832,91135
2007-05-10,24.21829286212601,24.21829286212601,23.627602329508555,23.68977928161621,118822
2007-05-11,23.3167143713812,23.87631646505389,22.881468562068985,23.53433609008789,134303
2007-05-14,23.689778855035907,25.61729517034742,23.689778855035907,25.15096092224121,450622
2007-05-15,25.49294048531489,25.80383000342848,24.87116144908769,24.99551773071289,351683
2007-05-16,24.249379283977003,25.430760249135275,24.249379283977003,24.71571350097656,148496
2007-05-17,25.11987198986869,25.213137414654444,24.49809300370262,24.65353775024414,117717
2007-05-18,24.622445575918604,24.7157133675745,24.031757468426168,24.1250228881836,112438
2007-05-21,24.28047203748768,24.8089856663911,24.12502727108648,24.3426513671875,135480
2007-05-22,24.249383290620653,25.182051878721445,24.03176156882335,24.529184341430664,171482
2007-05-23,23.31671499436901,24.87116266066028,23.31671499436901,24.09393882751465,145992
2007-05-24,24.49809290288546,24.49809290288546,23.75195764817703,23.81413459777832,88244
2007-05-25,23.65868736470316,24.00066529535623,23.161264704489763,23.8452205657959,89983
2007-05-28,24.249380358134022,24.4048251040195,23.938490866363075,24.06284713745117,80200
2007-05-29,24.31155432712716,24.808979350495136,23.93848793149948,24.46699905395508,168282
2007-05-30,24.808980561462143,25.368580182218647,24.1250223068952,24.404823303222656,343871
2007-05-31,24.560268629413656,24.871158105735347,24.031757468426168,24.1250228881836,46775
2007-06-01,23.03691050792996,25.772738941767983,23.03691050792996,25.02660369873047,555614
2007-06-04,25.71055994886116,27.57589689427498,25.306405033827307,26.549962997436523,2473337
2007-06-05,26.612141774454347,26.89194280986156,25.95927427310336,26.20798683166504,607288
2007-06-06,26.02145241619235,26.39452127108725,24.9333390735719,25.3064079284668,299239
2007-06-07,25.30640471135686,25.7105596212407,24.68462573747536,25.02660369873047,193918
2007-06-08,24.808982249868137,25.11987173985697,24.4359134387424,24.840070724487305,143410
2007-06-11,25.306406381318627,25.46185113504676,24.96442839749649,25.213138580322266,154584
2007-06-12,24.99551677002934,25.2753177999574,24.622447939492368,25.119873046875,184080
2007-06-13,25.182052612304684,25.86600864807684,24.964430884167804,25.182052612304688,177444
2007-06-14,26.02145091625629,26.02145091625629,25.182050191950747,25.555116653442383,108819
2007-06-15,25.710558772931464,25.710558772931464,25.368580822959768,25.49293708801269,84122
2007-06-18,25.80382523768265,25.80382523768265,25.27531410326054,25.46184730529785,60439
2007-06-19,25.49293839268631,26.301250599050302,25.244225849851883,25.77273941040039,178584
2007-06-20,25.71056235457256,26.207987484078675,25.49294063933773,25.679473876953125,67706
2007-06-21,26.029934759818588,26.348538624348823,25.806913026949253,26.12551689147949,76626
2007-06-22,26.12551689147949,26.412260855707625,26.029934759818588,26.12551689147949,115166
2007-06-25,26.12551643966812,26.34853816868054,25.934354610406817,26.093656539916992,68210
2007-06-26,26.12551610000084,26.82644360843076,26.06179630132703,26.412260055541992,167951
2007-06-27,26.380400499186205,26.380400499186205,25.966214510157943,26.093656539916992,69418
2007-06-28,26.44412029868846,26.44412029868846,25.966214510157943,26.093656539916992,54104
2007-06-29,26.12552198661601,27.65482180691508,26.12552198661601,27.336217880249023,520977
2007-07-02,25.806914626529338,27.59109589233597,25.806914626529338,26.794586181640625,197500
2007-07-03,26.76272109944755,28.03713638989744,26.76272109944755,27.20876693725586,459166
2007-07-04,27.527375899533823,27.527375899533823,26.762726096344466,26.953887939453125,206223
2007-07-05,27.08133118564517,27.240633133796024,26.125519496740047,26.73086738586425,269552
2007-07-06,26.7945853723624,27.81411922971225,26.539703731090928,27.081329345703125,264555
2007-07-09,27.24063138961792,29.24783678010216,27.08132945166694,28.67434883117676,1065275
2007-07-10,29.31155304179328,29.502714858088883,27.7503937523295,27.84597587585449,534411
2007-07-11,26.762730357666182,30.3948156780719,26.762730357666182,29.502723693847656,498017
2007-07-12,30.267368210229577,30.84085615914632,29.31155658253812,29.53457832336425,791502
2007-07-13,29.885044532385223,29.885044532385223,27.463653130887742,27.81411933898925,438853
2007-07-16,28.228298034679927,29.1522496010837,27.84597442204938,28.38759994506836,300539
2007-07-17,28.833650769590022,29.247836780571085,27.59109516740151,27.81411933898925,319957
2007-07-18,27.527374641624128,28.578765946054023,27.49551474102103,28.069000244140625,207055
2007-07-19,28.19644158597587,29.0885333655176,28.19644158597587,28.706207275390625,289403
2007-07-20,29.120398081974987,34.47294235229492,28.9292362206698,34.47294235229492,5424838
2007-07-23,35.04641935745038,35.84292888830153,31.414335410618325,31.764799118041992,3327628
2007-07-24,32.1152677431143,35.04642207132323,31.31875815058423,33.07107925415039,4838952
2007-07-25,32.752477782451166,33.134801442174435,31.28689808175135,32.21084976196289,1079127
2007-07-26,32.49759417741479,33.32596373892346,31.54178258396141,32.24271011352539,1053993
2007-07-27,31.95596598010392,31.95596598010392,29.056669104583168,30.108062744140625,652206
2007-07-30,30.108066841917047,30.585972664804626,29.12039529410034,29.43899917602539,420104
2007-07-31,30.23551263117313,30.39481459189506,29.470862733556867,29.948768615722656,274385
2007-08-01,29.470858521404168,29.69388026223725,27.55923526596173,27.81411933898925,388781
2007-08-02,28.005279756289653,29.438997125068088,27.559233866518788,28.706207275390625,459524
2007-08-03,29.152254917696432,29.50271869831561,28.51504715993257,28.86551094055176,300047
2007-08-06,27.399928586810912,28.674343869918395,26.95388275157244,28.38759994506836,284438
2007-08-07,28.67434737556868,29.438997125068088,28.35574351584014,28.706207275390625,308754
2007-08-08,28.865518047656,31.03202592978027,28.674356159410976,30.26737594604492,926835
2007-08-09,30.904582622748347,31.541790511877178,28.83365698307964,29.056678771972656,552774
2007-08-10,27.654815996739167,28.99295123529722,26.95388604688365,28.706207275390625,265944
2007-08-13,29.94876417145868,30.7134139556043,28.929232746434288,30.07620620727539,599328
2007-08-14,30.203647164750056,31.38248048476952,29.40713750777621,30.64969062805176,961601
2007-08-16,28.674352266060936,33.007365011225815,28.3557483519936,29.72574615478516,1978994
2007-08-17,30.26737090123332,30.840858901137587,27.71853966744525,28.54690933227539,1685603
2007-08-20,29.31156080670925,34.281781500826334,29.31156080670925,33.67643356323242,5432426
2007-08-21,34.695955502359844,34.72781539730745,29.43899262111605,29.85317611694336,5552021
2007-08-22,30.39480276284923,31.63735805905376,28.73806155765851,31.28689193725586,3096264
2007-08-23,32.05155263479439,33.35782817047121,29.78946537582896,30.203651428222656,4249322
2007-08-24,30.64969676101441,31.47806891462701,29.69388498138916,30.331092834472656,1097497
2007-08-27,29.98062915965495,31.22318496587656,29.98062915965495,30.55411720275879,835571
2007-08-28,30.49038978523639,30.585971919787585,29.78946223437645,30.07620620727539,545679
2007-08-29,29.948764797927424,31.732946044418966,29.31155703626939,31.191320419311523,1422710
2007-08-30,31.44619872068632,32.4338725908042,30.45852728132289,30.71341133117676,971325
2007-08-31,30.90457415224901,32.49759343844741,30.90457415224901,32.01968765258789,2570494
2007-09-03,32.17899974913895,33.357833421112225,31.98783786054265,32.62504577636719,2286667
2007-09-04,32.816194282383314,35.49246692360233,32.816194282383314,34.02688980102539,6266446
2007-09-05,34.24991752782322,35.333171219505324,33.67642956435778,33.835731506347656,1978267
2007-09-06,33.772007441859664,34.28177310577458,32.68875388681894,33.80386734008789,816833
2007-09-07,34.15433239884743,34.15433239884743,32.81619717563779,33.03921890258789,1045922
2007-09-10,31.955965670077514,33.58084474483049,31.89224344453063,33.23038101196289,783255
2007-09-11,33.45340288626308,33.96316853933145,32.87991500733968,33.07107925415039,619052
2007-09-12,33.77201590971912,35.938523563021974,33.13480806236592,34.98271179199219,3440160
2007-09-13,35.04643225735858,36.5438697542346,34.47294421175432,34.85527038574219,3070242
2007-09-14,35.428746457271764,35.906652222958456,33.612705519964095,33.80386734008789,1063045
2007-09-17,34.02689165514199,34.56851721992662,33.29410183854684,33.64456558227539,733796
2007-09-18,33.58085160880588,35.55619482018952,33.19852546963963,34.72782516479492,1238845
2007-09-19,35.556195217991274,36.19340302630924,34.28177960135535,34.40922164916992,764898
2007-09-20,34.60038181772274,36.41642544129604,33.99503394319831,35.84293746948242,1940256
2007-09-21,36.002240986344965,38.07316635281614,36.002240986344965,36.89433288574219,3146817
2007-09-24,37.56340184793861,39.82548914523709,36.00224218729433,38.96525955200195,3495774
2007-09-25,39.50687409062013,39.82547791393158,36.7350218001122,38.997108459472656,2678184
2007-09-26,39.12456689256379,43.20269851453487,38.64666095705571,39.25200653076172,5755606
2007-09-27,40.04849994723773,40.43082599680762,37.27664763393886,38.168739318847656,1617915
2007-09-28,38.42362030450544,40.20780121493564,37.085485229371336,39.315711975097656,2782926
2007-10-01,39.50688508204616,40.90874035003094,38.26432933928243,39.47502517700195,2051304
2007-10-03,40.08036421640012,40.27152603507006,36.38455771192744,37.786415100097656,1390655
2007-10-04,37.8501359438614,39.18827105641279,36.32083658887039,38.20059967041016,1460287
2007-10-05,38.42362528451143,39.82548276395351,37.02176780506935,37.69083786010742,2018954
2007-10-08,38.26432939632672,38.51921349857026,33.45341080483063,34.47294235229492,1346399
2007-10-09,34.409216035746205,35.906653168703734,33.13480062701486,35.65177154541016,1226117
2007-10-10,35.811084100629905,40.144097290252105,35.747361852827176,36.28899002075195,887099
2007-10-11,34.026895502651776,36.95805023895681,34.026895502651776,36.12968063354492,525998
2007-10-12,35.556190100981325,36.51200167590424,34.727820555532375,35.01456451416016,435365
2007-10-15,35.01456084538399,36.54385774657036,35.01456084538399,35.36502456665039,452698
2007-10-16,35.68363640618111,35.68363640618111,34.21805896850678,34.69596481323242,402436
2007-10-17,34.09062625982285,34.409230243559506,31.28691023063802,33.42155838012695,399402
2007-10-18,34.34550717861378,37.91387048748692,32.49760327498878,33.29411315917969,659926
2007-10-19,33.007367446259515,33.74015747497609,31.541789819581503,32.05155563354492,403431
2007-10-22,31.9878279245054,32.4975936126709,30.13992457030661,31.86038589477539,242807
2007-10-23,33.00736244087837,33.835732066795714,32.497596704218054,33.35782623291016,275164
2007-10-24,33.74016236386362,34.281788163913745,33.13481430861286,33.42155838012695,234084
2007-10-25,33.7082907291739,34.377358376193406,33.19852258786891,33.580848693847656,274146
2007-10-26,33.7720101754897,34.50480004782575,33.13480243632951,33.899452209472656,332638
2007-10-29,35.04641932305388,38.00943574721374,33.166656345939245,33.325958251953125,327510
2007-10-30,33.45340132713318,36.70315934089584,32.879913474937766,35.68362808227539,1121876
2007-10-31,35.97037494064578,37.21293043452502,35.04642329490202,35.619911193847656,760544
2007-11-01,35.97037658890985,38.80595145340049,35.078284800950584,35.90665435791016,2160089
2007-11-02,35.301314417157904,37.595261610947645,33.77201466746145,36.79875183105469,1076445
2007-11-05,36.00223788039008,39.47502060456095,36.00223788039008,37.62711715698242,1513305
2007-11-06,38.00944757008893,40.78130062461635,37.053635836699485,37.65898132324219,2397497
2007-11-07,37.65898030721996,38.837816205048775,36.38456469708385,36.89433288574219,738181
2007-11-08,36.38456746632121,37.21293962056116,35.23759381605328,36.22526550292969,361996
2007-11-12,35.55619257866309,37.43595595981764,35.30131093270864,36.63944625854492,428771
2007-11-13,36.639444510142006,39.15641553220703,36.639444510142006,38.23246383666992,839732
2007-11-14,41.32291967065693,45.87895584106445,39.12455498120956,45.87895584106445,7386538
2007-11-15,47.1852309677874,53.39800588981363,46.51616095465797,50.21196746826172,7815461
2007-11-16,50.27569042652325,54.130794242165805,49.06499477788402,51.70940780639648,7291502
2007-11-19,53.52545321776677,54.16266099416875,49.95709064221756,50.53057861328125,2562735
2007-11-20,50.94476797828813,52.09174410502116,47.79059092203776,48.74640274047852,2210874
2007-11-21,48.39592785643247,50.020809603441016,43.87175369262695,43.87175369262695,1354982
2007-11-22,43.2026932295638,44.92315244232547,39.98479171284997,41.51409149169922,1187859
2007-11-23,42.37431716918945,43.52129311235779,41.41850550371901,42.37431716918945,753214
2007-11-26,43.33012980610931,43.585013894917765,41.41850643231037,41.57780838012695,798564
2007-11-27,41.41850304937703,44.2222180742521,40.590133474540416,42.88408279418945,787201
2007-11-28,43.33013191990743,44.1266416978469,41.0999045416769,41.45037078857422,698327
2007-11-29,42.342457470383074,45.3691945993701,41.16362398192167,43.33013153076172,1638691
2007-11-30,43.90361634128816,47.66314315795899,41.673389145476094,47.66314315795898,2553935
2007-12-03,48.96940845628779,52.25102892835838,48.1091790742812,51.42265701293945,2922446
2007-12-04,52.25104603607311,55.37336561296979,51.61383815758442,53.78034591674805,5037864
2007-12-05,54.226380537125344,54.6087042288147,51.67754944385027,52.41033935546875,1538862
2007-12-06,53.17498282530608,55.05474853515625,52.41033549820342,55.05474853515625,1994945
2007-12-07,56.52032846926304,57.79474403665575,52.314758069169,53.33428955078125,1535381
2007-12-10,54.79987345930621,55.37336147943815,52.88824996653972,53.93964385986328,1079026
2007-12-11,54.16266161419035,55.43707718158306,52.92010838058628,53.33428955078125,951502
2007-12-12,52.2510384479443,54.16266180579592,51.80499494238276,53.17498779296875,622598
2007-12-13,53.6528933378481,53.6528933378481,51.61383037860577,51.77313232421875,608606
2007-12-14,51.93242497203226,54.38567352294922,51.86870517749715,54.38567352294922,279000
2007-12-17,56.07427851736369,57.12567221186606,52.25103225481616,53.68474960327149,1729410
2007-12-18,54.13081225532825,56.39290237426758,51.613842851024565,56.39290237426758,1388073
2007-12-19,59.22845840454102,59.22845840454102,59.22845840454102,59.228458404541016,130224
2007-12-20,62.19147872924805,62.19147872924805,62.19147872924805,62.19147872924805,331185
2007-12-24,64.93145868375271,65.31378229071373,61.17193268203432,61.71355819702149,1955498
2007-12-26,61.490552753776406,64.80403137207031,61.490552753776406,64.80403137207031,531468
2007-12-27,68.05377960205078,68.05377960205078,66.52448025542441,68.05377960205078,270586
2007-12-28,71.30355814769133,71.46286010742188,68.49984268413185,71.46286010742188,286963
2007-12-31,75.0630874633789,75.0630874633789,75.0630874633789,75.0630874633789,30017
2008-01-01,78.8226089477539,78.8226089477539,78.8226089477539,78.8226089477539,173216
2008-01-02,82.77328491210938,82.77328491210938,74.90377483601874,82.77328491210938,3762852
2008-01-03,86.53280421462816,86.91512298583984,82.77327309809935,86.91512298583984,575000
2008-01-04,91.280029296875,91.280029296875,91.280029296875,91.280029296875,119346
2008-01-07,94.81651176162669,95.86790062240652,89.59141034265784,90.8021011352539,4163359
2008-01-08,92.20394932125622,94.30673660917236,86.27791595458984,86.27791595458984,720162
2008-01-09,81.97677612304688,81.97677612304688,81.97677612304688,81.97677612304688,69685
2008-01-10,77.8986587524414,84.43003913863792,77.8986587524414,77.8986587524414,1570451
2008-01-11,74.04354570607137,76.14633342732958,74.01168823242188,74.01168823242188,861709
2008-01-14,71.36727154841189,77.73934936523438,70.79378357259596,77.73934936523438,609367
2008-01-15,81.62631589237348,81.62631589237348,74.26656450486135,75.03121185302734,1244719
2008-01-16,74.20283496535161,78.79073333740234,71.46284476321185,78.79073333740234,1422611
2008-01-17,82.13608460823917,82.74143981933594,79.0456324962588,82.74143981933594,1097509
2008-01-18,85.00352313618036,86.59654275809544,78.63144951003014,78.8226089477539,1581304
2008-01-21,75.25423944571747,77.73935081285663,74.90377807617188,74.90377807617188,370150
2008-01-22,71.17610931396484,71.17610931396484,71.17610931396484,71.17610931396484,115212
2008-01-23,67.63961791992188,71.36728307238265,67.63961791992188,67.63961791992188,315141
2008-01-24,64.42170734485786,64.9633330003461,64.26240539550781,64.26240539550781,144443
2008-01-25,61.07636642456056,61.07636642456056,61.07636642456056,61.07636642456055,59302
2008-01-28,58.04962921142579,58.04962921142579,58.04962921142579,58.04962921142578,19251
2008-01-29,55.15032095294109,60.9807667335934,55.15032095294109,60.50286102294922,732723
2008-01-30,61.936589360220765,61.936589360220765,57.47613525390624,57.47613525390625,200085
2008-01-31,55.18219137522421,59.06915776227463,54.60870341547691,57.253116607666016,376457
2008-02-01,59.260327407465866,59.260327407465866,54.41754893571687,54.57685089111328,261878
2008-02-04,57.31683308171623,57.31683308171623,55.11846836883458,55.91497802734375,408707
2008-02-05,57.34870371611222,58.71870149941021,54.41754872070179,58.62311935424805,701916
2008-02-06,57.28497078841044,61.55426025390626,55.723809072289775,61.55426025390625,1419312
2008-02-07,62.2870577378935,64.6447244749287,58.62311316507624,59.06915664672852,1203173
2008-02-08,59.83379996755054,60.31170571032409,56.13799361216496,56.36101531982422,741621
2008-02-11,54.22637335346583,57.60357604926289,53.55730819702149,53.55730819702149,416846
2008-02-12,53.55731417478618,53.55731417478618,50.88103866577148,50.88103866577149,140261
2008-02-13,49.511034155298354,50.46684566301847,48.36406326293945,48.36406326293945,210505
2008-02-14,50.785457611083984,50.785457611083984,46.675469415986576,50.785457611083984,601547
2008-02-15,49.893364195211056,52.88823840102711,48.58708648287129,52.47405242919922,780203
2008-02-18,54.417535415632216,55.11846287292842,52.56963221984503,53.84404754638672,605576
2008-02-19,56.55219004817548,56.55219004817548,52.69708106366789,53.11126708984375,494510
2008-02-20,52.82452411639307,53.14312799542861,50.65801676664958,51.80499267578125,348806
2008-02-21,52.251036882819136,53.11126639578317,51.35894503690814,52.02801513671875,252118
2008-02-22,50.97662186550152,53.97149645549593,49.89337059546341,52.41033935546875,450525
2008-02-25,53.875919950913925,53.875919950913925,50.976622596153845,51.77313232421875,222823
2008-02-26,53.206840308769245,54.38567352294922,52.2510288062165,54.38567352294922,448311
2008-02-27,54.48125690401701,57.12566976113363,53.525445379385125,54.03521347045898,510478
2008-02-28,56.71148991099729,56.74335224319147,53.71661542209892,56.488468170166016,554434
2008-02-29,56.26546045089606,59.13289604861195,53.68476646834753,53.87593078613281,2073964
2008-03-03,51.19963455200195,52.25102816419293,51.19963455200195,51.19963455200195,349439
2008-03-04,50.33941568129895,50.33941568129895,48.65081405639648,48.65081405639648,132498
2008-03-05,46.29314714465957,46.739190655260806,46.22942733764648,46.22942733764648,146384
2008-03-07,43.93547058105469,43.93547058105469,43.93547058105469,43.93547058105469,12146
2008-03-10,39.69804527536983,42.6292026006445,39.53874332608604,41.25920486450195,449572
2008-03-11,41.25919963157321,45.11430825989912,39.570598211029406,44.31779861450195,681987
2008-03-12,45.8789593818733,47.40825900023764,39.889205379160174,40.36711120605469,1318586
2008-03-13,38.86967389872738,39.729903414348136,36.384562627982255,36.67130661010742,469260
2008-03-14,36.95805030687482,38.04130399167555,35.04642701513992,37.34037399291992,585649
2008-03-17,37.34037343643813,37.34037343643813,33.61270904541016,33.61270904541016,281731
2008-03-18,33.13480663714275,33.899456507227804,31.2231831773076,31.605506896972656,347647
2008-03-19,33.134804396658275,33.19852420204225,30.04434765119494,30.17178726196289,246814
2008-03-24,29.98062423622388,30.01248413766314,28.67434883117676,28.67434883117676,87213
2008-03-25,29.02480920687781,30.108062744140625,27.62295183105266,30.108062744140625,631211
2008-03-26,31.159461673034382,31.63736751200268,29.311558123388416,31.446203231811523,531439
2008-03-27,30.74528244331596,32.465744330440145,30.2673764986012,31.924116134643555,382128
2008-03-28,32.943640505678694,33.54898834228516,32.274572867641915,33.54898834228516,364538
2008-03-31,33.93130894099986,35.237584198117524,32.49759166180269,33.26224136352539,338112
2008-04-01,34.090612080522895,34.95084150651467,31.860385121984013,33.51712417602539,230421
2008-04-02,34.918985776420605,35.17386986012814,32.816200593475095,33.35782623291016,163389
2008-04-03,33.77201145165429,33.96317329447498,32.497595925176775,32.78433990478516,124970
2008-04-04,33.74015747497609,33.74015747497609,31.89225366475916,32.05155563354492,126582
2008-04-07,32.306434817972146,32.97550249845654,30.77713517907515,32.14713287353516,141759
2008-04-08,32.37015362164771,33.42154739469501,31.701085961869737,32.59317779541016,107293
2008-04-09,32.49759565080915,34.2180570831794,32.0196898324149,33.453407287597656,194575
2008-04-10,33.19852768205683,35.14201354980469,33.0710880579301,35.14201354980469,321221
2008-04-11,36.60759311269349,36.92619705200195,35.11015313949062,36.92619705200195,427824
2008-04-15,37.372231060051696,38.77408599853516,35.142004200595174,38.77408599853516,479133
2008-04-16,40.14409090274122,40.71757888793945,39.18827921458072,40.71757888793945,701304
2008-04-17,42.05571754912006,42.75664520263672,42.05571754912006,42.75664520263672,171663
2008-04-21,44.92314910888672,44.92314910888672,44.92314910888672,44.92314910888672,35256
2008-04-22,47.18523406982421,47.18523406982421,44.60454083410451,47.18523406982422,941791
2008-04-23,49.54290008544922,49.54290008544922,48.109182719632365,49.54290008544922,688266
2008-04-24,52.028013036904696,52.028013036904696,48.42778832712573,48.81011199951172,1025555
2008-04-25,49.82965195110572,50.78546372659888,46.83477699916454,48.93756484985352,1011665
2008-04-28,49.82964064177504,50.11638702624912,47.854297726381525,48.61894989013672,406504
2008-04-29,48.42778370778992,49.06499138815557,47.40825239150662,47.72685623168945,278170
2008-04-30,47.79057746274812,48.74638901200308,45.33732879196217,45.43291091918945,206288
2008-05-02,47.694993903067655,47.72685623168945,44.63639995421777,47.72685623168945,363181
2008-05-05,49.03314434140662,50.11640065254566,46.5480375026689,48.74640274047852,1043166
2008-05-06,49.38360253978404,49.57476681679991,46.707331830618905,47.44011688232422,326593
2008-05-07,47.21709094193339,49.82964161400896,46.61174555430324,49.54290008544922,443322
2008-05-08,49.25616254606273,49.38360215540838,47.47197884616677,47.75872039794922,303029
2008-05-09,48.30034958660285,48.90569500690543,45.36919003574371,45.52849197387695,283894
2008-05-12,45.4966233545716,47.82243205369795,43.26639676720542,47.31266403198242,729952
2008-05-13,48.10918725287164,48.93755930911431,45.08245030649892,45.56035614013672,681518
2008-05-14,45.56035717111693,47.025937038707774,45.241753274815416,46.32500457763672,398386
2008-05-15,46.51615905761719,47.34453095804122,46.19755522845543,46.51615905761719,202864
2008-05-16,46.99407965088053,48.10919340530821,46.07013019895881,47.69500732421875,678968
2008-05-20,47.44012654472252,48.55524037758111,45.8789691233247,46.611759185791016,472199
2008-05-21,45.751513239812745,48.172899500091255,45.27360748115805,47.88615798950195,527337
2008-05-22,47.24896231983788,48.5552354752508,46.325008034706286,46.54803466796875,318979
2008-05-23,46.77105453022223,48.109189967615535,44.79571127868832,45.05059051513672,262612
2008-05-26,43.64873215345645,44.22222011755559,42.82036010958999,42.85222244262695,164610
2008-05-27,43.967325731967776,45.01871927612085,42.69291049336002,43.36198043823242,547016
2008-05-28,44.92314655357437,45.52849197387695,43.96733492477492,45.52849197387695,644434
2008-05-29,47.82245517662529,47.82245517662529,45.8789691233247,46.611759185791016,585327
2008-05-30,47.79057437426423,48.36406223905713,44.7638379972275,46.51615905761719,328938
2008-06-02,47.72686634280396,47.72686634280396,44.19036102294922,44.19036102294922,299081
2008-06-03,42.0557106156667,43.77616955988574,41.99199081430845,43.04338455200195,404633
2008-06-04,43.42571845380463,44.22222831223277,40.90874438426546,41.22734832763672,240834
2008-06-05,40.49455631963841,41.35478833179421,39.1882807797962,39.79362869262695,356353
2008-06-06,40.3352483555878,40.97245850896066,39.06083291035119,39.57059860229492,212763
2008-06-09,37.59526443481445,38.23247230659097,37.59526443481445,37.59526443481445,130549
2008-06-10,37.59525617914901,38.5192078764824,36.002236849524046,37.72269821166992,321781
2008-06-11,38.61479225904122,38.997118402953,38.13688640221767,38.29618835449219,163928
2008-06-12,38.1687500555441,40.11223345426603,36.67131019399231,39.50688552856445,394722
2008-06-13,40.112228308080624,41.48222351074219,39.37943842401992,41.48222351074219,633003
2008-06-16,43.58501216560503,43.58501216560503,40.8450168272702,41.38664245605469,736372
2008-06-17,41.35478820856818,42.46990188597135,40.3352542450609,41.86455154418945,463692
2008-06-18,42.05572052500614,43.01153235511992,40.78130475152111,41.22734832763672,361459
2008-06-19,41.35479275697004,41.35479275697004,39.50688891601562,39.82549285888672,217777
2008-06-20,40.14409048821316,40.781298273740354,37.85014343261719,37.85014343261719,196183
2008-06-23,37.2129305590731,37.2129305590731,35.97037506103516,35.97037506103516,145758
2008-06-24,35.39688859098817,35.93851661497769,34.18619537353516,34.18619537353516,229635
2008-06-25,32.529459542184306,34.91898892722362,32.529459542184306,33.99503707885742,319179
2008-06-26,34.66410416244135,35.715495539718816,34.09061618883199,35.33317184448242,729677
2008-06-27,34.40921827733631,34.9827062209271,33.580848693847656,33.580848693847656,429319
2008-06-30,34.15434387664575,34.15434387664575,31.92411613464355,31.924116134643555,128774
2008-07-01,31.860392654175087,31.860392654175087,30.33109283447266,30.331092834472656,112259
2008-07-02,29.120398944982004,31.732950132006188,28.833654929148857,31.03202247619629,357355
2008-07-03,31.03201591972494,31.03201591972494,29.502716445563227,29.56643867492676,130077
2008-07-04,28.67435319553653,30.872720760012,28.292029458564723,30.49039459228516,173578
2008-07-07,31.22318459069533,33.51713187403624,29.69388478129803,30.49039459228516,312877
2008-07-08,29.75760405924311,32.465737146730085,28.70621024121096,31.446203231811523,304408
2008-07-09,31.86038729382992,34.472938079622104,31.86038729382992,33.580848693847656,367585
2008-07-10,33.5808534439036,34.72782706257148,32.6569015955374,33.99503707885742,237639
2008-07-11,34.9508378437744,35.84292950600328,32.56130921004085,33.198516845703125,363689
2008-07-14,32.5294566069928,35.23758966567764,32.5294566069928,33.35782623291016,334186
2008-07-15,31.95596900823336,33.26224438396996,31.06387720342295,31.41434097290039,153262
2008-07-16,32.178997021296375,32.43388113832155,29.407143794734267,30.012489318847656,206751
2008-07-17,31.095736522108023,32.402011873394216,30.267366965006136,30.64969062805176,132772
2008-07-18,30.93643748972964,32.24271296342534,30.490391553874943,31.446203231811523,217071
2008-07-21,32.17899308328149,32.17899308328149,30.68155576358912,31.095739364624023,81734
2008-07-22,31.573645660291515,33.07108543245056,30.681556208451383,32.72061920166016,175257
2008-07-23,34.21805779584748,35.938519264050214,33.77201186990533,35.30131149291992,415134
2008-07-24,36.002237838586616,42.37431533214178,35.77921609861405,41.48222351074219,1875303
2008-07-25,40.78130131103092,44.9231522254325,40.462697394538495,41.67339324951172,3017409
2008-07-28,42.31059801418564,45.81524084145011,40.84501815999848,44.22222137451172,2147557
2008-07-29,43.93547520759284,44.700127473050266,41.41850637988085,42.43803787231445,1164189
2008-07-30,43.64872192231584,44.604533351271655,42.94779451338323,43.36198043823242,790228
2008-07-31,43.58501030289908,45.11430984820434,42.374314626969536,42.97966003417969,981512
2008-08-01,42.56547964394267,45.56035412429244,40.8450158020638,44.82756423950195,1447196
2008-08-04,45.17802720168492,46.83476626036192,44.6364016253975,45.11430740356445,1097644
2008-08-05,45.11430825989912,45.59221404713743,43.6168662373452,44.31779861450195,548077
2008-08-06,45.24175043436044,45.56035431065875,42.59733728878257,42.94780349731445,493396
2008-08-07,43.330133232426725,44.06292322263007,41.99199773725673,42.75664520263672,589050
2008-08-08,43.33012068345586,45.56034748333962,43.01151685490104,43.71244430541992,1715704
2008-08-11,44.54082733101298,46.197566681066505,43.68059775132267,45.65594100952149,1447698
2008-08-12,45.87895605249482,47.53569515986643,45.08244639880568,46.57988357543945,2126767
2008-08-13,45.87895467720079,46.9303483608551,44.98686291950898,45.20988464355469,939781
2008-08-14,45.30547656925006,45.30547656925006,42.08757988580673,42.75664520263672,538432
2008-08-18,42.31059724191528,43.20268909941988,40.39897391648094,40.81315994262695,514042
2008-08-19,40.78130170633932,41.92827776143412,39.22014201424252,41.35478973388672,677854
2008-08-20,42.0557118436716,44.2540766545325,41.29106448202676,43.64873123168945,1283998
2008-08-21,43.3301194627888,44.604534741106114,41.54593612854116,42.02384185791016,979050
2008-08-22,41.70524671211368,42.43803662185218,40.84501719264219,41.06803894042969,579374
2008-08-25,41.60967274416211,42.62920428762266,41.25920649726479,41.45037078857422,316963
2008-08-26,40.90873830866577,41.32292434583725,40.17595080619561,40.71757888793945,341513
2008-08-27,41.09991045369508,41.09991045369508,39.06084464270954,39.25200653076172,201759
2008-08-28,39.44316715583702,39.506886968968814,37.9457272396892,38.39177322387695,229660
2008-08-29,39.1882757144286,40.01664528402982,38.26432401224643,38.42362594604492,537780
2008-09-01,38.23246383666992,38.48734790121622,37.91385997136434,38.23246383666992,252937
2008-09-02,38.29618305365473,39.76176275632327,38.26432315376075,39.22013473510742,492253
2008-09-04,38.99712051280655,39.22014228575503,38.42363248128903,38.51921463012695,203418
2008-09-05,38.105029344262704,38.71037729427481,36.95805568836113,37.53154373168945,273535
2008-09-08,39.50687646206164,39.50687646206164,38.00943937491429,38.13687896728516,183768
2008-09-09,39.46535219548667,39.65976229815212,37.71565632738053,39.141334533691406,502044
2008-09-10,38.36369800417742,40.793830870083184,38.36369800417742,38.88212585449219,615637
2008-09-11,38.75251866198173,39.20614396257205,37.74806422842681,37.942474365234375,180790
2008-09-12,38.52570200773822,38.55810328078933,35.80395304644724,36.35478210449219,211910
2008-09-15,34.02185472707806,34.99390771928029,32.725784070808416,33.665435791015625,201719
2008-09-16,31.494512814053948,33.56822615145342,31.494512814053948,33.21180725097656,259636
2008-09-17,33.43862409822668,34.11906321427296,32.20735837864419,32.43416976928711,169287
2008-09-18,26.601855714141035,32.1749622739552,26.601855714141035,31.55932807922364,225529
2008-09-19,31.75373482575232,34.34587644418107,31.559324698781936,32.822994232177734,553636
2008-09-22,33.37382798695118,33.8274533277876,32.62858617900139,32.85540008544922,166818
2008-09-23,32.40177059538827,33.85985027218074,31.88334276027384,32.62858200073242,216956
2008-09-24,32.95260675096918,33.53583973518752,32.49898384330985,33.08221435546875,170728
2008-09-25,34.37828228037066,35.512344388869614,32.59618468130088,33.1146125793457,270160
2008-09-26,33.69784115407791,34.6698942642917,30.29565526832966,30.814083099365234,429290
2008-09-29,30.457659890026097,31.138096478263908,27.73591106501631,28.157135009765625,284968
2008-09-30,27.217489550070663,33.6978442048494,26.115828764346457,32.20736312866211,596074
2008-10-01,32.20736845047048,32.9850116319502,30.19845669230958,30.55487823486328,410218
2008-10-03,30.23085578225241,30.97609509242406,29.226398822186773,29.744829177856445,148657
2008-10-06,28.38395218970676,28.83757749870494,26.601854703831734,26.82866859436035,240247
2008-10-07,26.310240812188823,27.93032959303935,25.43539385935326,25.79181289672852,299873
2008-10-08,25.07897871165946,25.07897871165946,22.94046168367044,23.78290748596192,206942
2008-10-10,22.4868274004798,22.68123751332513,19.084641773481028,19.376256942749023,633506
2008-10-13,20.60752550523793,22.681239307790563,20.21870524878508,22.357221603393555,440768
2008-10-14,23.39407847581346,24.106918945505964,21.44997214911232,21.741588592529297,563129
2008-10-15,21.3851676214309,21.3851676214309,20.08909685649569,20.41311454772949,245247
2008-10-16,19.76507716195673,22.195209599902235,18.85782796566293,21.644380569458008,420913
2008-10-17,22.033203243285183,22.778444930043364,20.73713246426841,20.899141311645508,323835
2008-10-20,20.672332419119243,22.87565289496992,20.445519744539844,21.19076156616211,306390
2008-10-21,21.54717624067373,23.00525583590729,21.385167396758888,22.38962173461914,295894
2008-10-22,22.0332048470382,23.199668138646064,20.801936528527165,21.25556182861328,403400
2008-10-23,20.08909627869569,21.320364458794085,19.538265972235266,20.283506393432617,163588
2008-10-24,20.08909865649963,20.639929028157944,18.825429053049945,19.214250564575195,194539
2008-10-27,18.857830897133937,19.376258736740787,17.49695627312911,18.469009399414062,176240
2008-10-29,20.996348042247327,20.996348042247327,19.441062086503496,19.829883575439453,117421
2008-10-31,21.287961628471614,23.32927410114537,20.08909714265296,20.47791862487793,355674
2008-11-03,22.033204453370445,22.22761458648839,20.96394501313329,21.611980438232425,376826
2008-11-04,21.83879262808054,22.35722043357784,21.125952232470333,22.098005294799805,564769
2008-11-05,21.70918930504932,22.97285902766553,20.63993097454386,20.99635124206543,311605
2008-11-06,20.08910020156599,21.06115343712564,19.76508245637944,20.7695369720459,191568
2008-11-07,20.73713285714452,21.90359608594712,19.82988354185033,21.287961959838867,244809
2008-11-10,19.441066893696288,23.005262490873942,19.441066893696288,22.42202949523925,404141
2008-11-11,22.06560875733464,22.32482395175891,20.63993136814943,20.80193901062012,152418
2008-11-12,20.737135364163308,20.80193792335265,19.92709101400068,20.089099884033203,205397
2008-11-14,20.153901549720224,20.93154330209024,18.95503579094997,19.31145477294922,207310
2008-11-17,19.473468532372344,19.473468532372344,17.82097831070106,18.01538848876953,240127
2008-11-18,17.529357343205355,18.047786412737768,17.172938362175753,17.69136619567871,117093
2008-11-19,17.756172029678122,18.469011309897635,17.01093146964256,17.270145416259766,133857
2008-11-20,17.496953384325796,17.496953384325796,16.23328403437945,16.946123123168945,98737
2008-11-21,16.654509304086744,17.270142156601082,16.33049162296466,17.10813331604004,116785
2008-11-24,17.36735060151676,17.432154397588086,16.719315112862706,17.140539169311523,84571
2008-11-25,17.820976687033895,17.885780485829038,17.205342452524498,17.464557647705078,102958
2008-11-26,17.270144656075384,17.496957312892867,16.848921856859796,17.237743377685547,71546
2008-11-27,17.237743377685547,17.237743377685547,17.237743377685547,17.237743377685547,0
2008-11-28,17.1081335808715,17.302544934171824,16.75171462053164,16.88132095336914,49414
2008-12-01,17.432152746706592,17.496956536640788,16.848921109357796,16.913724899291992,55639
2008-12-02,16.848922867198652,16.848922867198652,16.265691169001546,16.42770004272461,77614
2008-12-03,16.654512405395508,16.91372635135665,16.362895943670726,16.654512405395508,72417
2008-12-04,16.6545125554696,19.92709127928117,16.6545125554696,19.246654510498047,294552
2008-12-05,19.34385855456812,21.385169988038623,18.339402858966764,18.56621551513672,391082
2008-12-08,20.02429528704844,20.08909907967265,18.40420665159097,18.56621551513672,147308
2008-12-10,18.63102145701836,19.11704810372318,18.371807492648383,18.922637939453125,129892
2008-12-11,19.765080644201504,20.251107217419573,19.11704521324408,19.73267936706543,434501
2008-12-12,19.117048884556382,20.963949228647373,18.857834909598857,20.34831619262696,591284
2008-12-15,20.73713524661847,22.16281378923532,20.73713524661847,21.70918846130371,538578
2008-12-16,22.033203949799407,25.14377342477108,21.22315968693913,23.977310180664062,859846
2008-12-17,24.78735626090588,25.532598026201192,22.551633437079023,22.908052444458008,876368
2008-12-18,22.61643629292523,25.14377285226862,22.61643629292523,24.43093490600586,749734
2008-12-19,23.977312846881343,25.04657238157945,23.653295105707272,24.00971412658692,358769
2008-12-22,23.97731314115688,24.56054607125195,22.71364344065704,22.875652313232425,199476
2008-12-23,22.68124087257764,22.810848457689897,21.83879527743657,21.968402862548828,164177
2008-12-24,21.3851678537768,21.935996946035395,20.73713246426841,20.899141311645508,196221
2008-12-26,23.49128565051989,23.84770466252976,20.834341227836468,21.028751373291016,255195
2008-12-29,21.15836011747625,21.32036899288706,20.283510707022288,20.99635124206543,162391
2008-12-30,21.223161461518668,22.29242096672417,21.12595515302394,22.06560707092285,239681
2008-12-31,22.26001413852138,23.07005835712928,21.903595176745664,22.098005294799805,280938
2009-01-02,23.329274255624103,25.208577892817363,23.005256557629323,24.722551345825195,877890
2009-01-05,25.27338588938993,25.694609976370188,24.62535035376456,24.7873592376709,413498
2009-01-06,24.7549535645026,25.59739911697871,23.880104263345167,24.366130828857425,357898
2009-01-07,24.852157342123405,24.94936364384508,20.575124563430684,21.417570114135746,417704
2009-01-09,20.153903658830902,21.385170822624584,19.441064384204168,20.38071632385254,253713
2009-01-12,20.866742643816668,21.19076037905587,20.1863046581966,20.3159122467041,137861
2009-01-13,20.47792113100091,20.83434138167205,19.70027807138168,20.02429580688477,104657
2009-01-14,20.08910071022196,21.385171723784666,20.08910071022196,21.19076156616211,203685
2009-01-15,20.08909993118873,22.324822837297376,20.08909993118873,21.90359878540039,800846
2009-01-16,22.00080258955009,22.81084684931218,21.093552029792995,21.32036590576172,423997
2009-01-19,21.385166791253656,22.29241728031214,21.385166791253656,21.8063907623291,185373
2009-01-20,21.417564759196235,21.644378582484567,21.223154676419327,21.35276222229004,83910
2009-01-21,21.0611515045166,22.292419812065784,20.76953506619612,21.0611515045166,239549
2009-01-22,21.38517024015873,21.54717910561448,19.76508158560125,19.959491729736328,218290
2009-01-23,20.089095817124548,20.47791727369412,19.473461741220287,19.60306930541992,152314
2009-01-27,19.538268180440724,20.67233019531242,19.538268180440724,20.218706130981445,118123
2009-01-28,20.575126473282744,20.67233154799785,19.603073254072537,20.38071632385254,143531
2009-01-29,20.737131674458663,20.80193422211785,20.02429252594328,20.57512283325196,114453
2009-01-30,20.41311552324368,21.4499711959182,20.34831173469416,21.223159790039062,263594
2009-02-02,21.64438590248169,22.519232806874747,21.38517072307529,21.70918846130371,681122
2009-02-03,22.03320585152211,22.227615996976656,20.834341227836468,21.028751373291016,199108
2009-02-04,21.514777972956946,21.83879570606756,20.76953619797887,21.028751373291016,198326
2009-02-05,21.06115268184105,21.352769136462992,20.25110834792409,20.445518493652344,103945
2009-02-06,20.86674023606945,21.35276678284719,20.47791875144137,21.093551635742188,222319
2009-02-09,21.190756103242528,21.96839900531777,21.190756103242528,21.676782608032227,168892
2009-02-10,21.90359744951125,23.005258195540485,21.48237589536353,22.03320503234864,434650
2009-02-11,22.033207639829623,24.23652939263632,21.449974684069225,23.880107879638672,1339638
2009-02-12,24.23652711437723,28.124739861792243,24.139320806868216,27.509105682373047,4630604
2009-02-13,28.124739108432244,28.124739108432244,25.33818473644592,25.85661506652832,2528388
2009-02-16,25.791812517140617,26.796267052073144,23.78290344727556,24.042116165161133,1178939
2009-02-17,23.91250418763415,23.91250418763415,22.6488348249926,22.7784423828125,357263
2009-02-18,22.292417325901035,23.167264071236115,21.871193353964166,22.260013580322266,604279
2009-02-19,22.68124047447653,23.19966833376705,21.90359744951125,22.03320503234864,374196
2009-02-20,22.64883273688053,22.64883273688053,21.125948399001707,21.35276222229004,227359
2009-02-24,20.83433796800618,20.96394306332456,20.283506424668133,20.57512283325196,262446
2009-02-25,20.76953373933206,21.32036530364949,20.73713246426841,20.899141311645508,169205
2009-02-26,20.899140316010204,22.5516299861202,20.73713147635121,22.260013580322266,576336
2009-02-27,22.32481783102117,23.58848723127872,22.033201435260416,22.227611541748047,551559
2009-03-02,21.709186935424807,21.903597070285468,20.866741369655937,21.0611515045166,141297
2009-03-03,21.06115237820368,21.54717897154684,20.4779207133978,20.67233085632324,148201
2009-03-04,20.73713246426841,21.28796155652701,20.73713246426841,20.899141311645508,114639
2009-03-05,21.12595553146128,21.22316184169729,20.28350990696604,20.51032257080078,145169
2009-03-06,20.283510013107847,20.607527752844582,19.765082123940903,20.38071632385254,171495
2009-03-09,20.380712257881623,20.54272109542908,19.76507818078956,19.89468574523925,125320
2009-03-12,20.60752719155932,20.60752719155932,19.797482864280585,19.959491729736328,139933
2009-03-13,20.41311551411432,21.48237493462959,20.31591044934824,20.931543350219727,203450
2009-03-16,21.1583570538093,21.77398871358137,20.996348201856883,21.32036590576172,167106
2009-03-17,21.644386488706207,22.51923341679393,21.385171302279133,21.54718017578125,339314
2009-03-18,22.033204843760505,22.74604283517621,21.80639342978069,22.13041114807129,370185
2009-03-19,22.55163366927824,23.13486657612836,21.80639436836877,22.06560707092285,232754
2009-03-20,21.87118993371457,22.1628062939091,21.190753407966227,21.35276222229004,189000
2009-03-23,21.773984742513427,22.260011209730767,21.611975920107646,21.87119102478028,292310
2009-03-24,22.09800642781111,22.61643673194819,21.64438361977951,21.773988723754883,239894
2009-03-25,22.03320156131861,23.329272241396176,21.611977601469945,23.10246086120605,589812
2009-03-26,23.58848660395589,23.88010051990271,22.875646269714,23.232065200805664,548859
2009-03-27,23.750498019605715,24.398533409258707,23.36167530257862,23.944908142089844,579814
2009-03-30,24.625339875421453,26.47223937725473,24.10691216192951,24.56053733825684,1694256
2009-03-31,24.884556843477025,25.111368212703848,24.074512707583352,24.268922805786133,419383
2009-04-01,24.49573484297564,25.50018910446208,23.847699516589728,24.85215377807617,566184
2009-04-02,25.20857792811424,26.34263987268387,25.07897035432308,25.46779060363769,748419
2009-04-06,25.92141574801847,27.152683984872887,25.33818290486452,26.601852416992188,1124457
2009-04-08,25.7918078490253,27.80071902735241,25.273380035026268,27.249887466430664,1181968
2009-04-09,27.86552054279577,30.71687712204488,26.666656112917583,28.4487533569336,2141875
2009-04-13,29.16159884556753,29.80963437546903,28.51356331566603,28.70797348022461,865507
2009-04-15,28.157139424765685,30.03644065494865,28.124738148256466,29.615219116210938,736129
2009-04-16,30.16604097449989,32.2397543088797,27.930318824497565,28.61075782775879,1482278
2009-04-17,29.161590750295144,29.809626100301703,27.152682154098283,27.47669982910156,527868
2009-04-20,26.60185307840772,29.744826299235623,26.60185307840772,29.388404846191406,614110
2009-04-21,28.286745866408708,32.401769619227,28.286745866408708,32.11015319824219,1906693
2009-04-22,33.114611326535815,34.54028984626645,31.13810364948294,31.62413024902344,2412826
2009-04-23,31.46211438465148,31.786132045609907,29.61521470601188,30.61966896057129,815811
2009-04-24,30.7168763128761,32.23975838336748,30.295652350199592,31.42971420288086,765535
2009-04-27,31.105702611019737,32.887800156442744,30.52246969823946,30.78168487548828,574988
2009-04-28,30.71688838206405,31.105708752648304,28.319156171302154,28.675575256347656,287118
2009-04-29,28.513559144140107,29.77722873698539,27.93032626373182,29.064388275146484,267745
2009-04-30,29.064388275146484,29.064388275146484,29.064388275146484,29.064388275146484,0
2009-05-04,29.874435227788428,30.360461847364547,29.38840860821231,29.971641540527344,285793
2009-05-05,30.32805955133241,31.0409000527371,29.874434227176547,30.78168487548828,451007
2009-05-06,31.040894982007355,32.40176826010842,29.680019231847563,30.0688419342041,844992
2009-05-07,30.68447741728778,31.39731789200626,30.29565713802973,31.105701446533203,405343
2009-05-08,31.105703401851564,32.012954073229245,29.809632426774414,30.522470474243164,524672
2009-05-11,30.7816845577786,31.073301011158843,28.999587030749307,29.51801490783692,248142
2009-05-12,29.161590116206504,30.19844566484817,28.8051711758646,29.906831741333008,359756
2009-05-13,30.522464647880504,30.684473488839654,29.226393920207297,29.48560905456543,343385
2009-05-14,28.83757286275772,30.58726878929183,28.83757286275772,30.295652389526367,394513
2009-05-15,30.39286545086921,32.72579222459059,30.39286545086921,31.59173011779785,1517218
2009-05-18,37.91007232666016,37.91007232666016,37.91007232666016,37.91007232666016,31106
2009-05-19,42.12229422803632,44.06640011548414,36.6139942136008,39.33574295043945,2803941
2009-05-20,37.91007714670917,42.705540885714896,37.91007714670917,42.38152313232422,1762052
2009-05-21,42.60832900547922,45.20047069402548,40.27540247461116,41.8306884765625,2041794
2009-05-22,41.47426830295769,43.936804961093024,41.34466072009914,43.483177185058594,1522096
2009-05-25,44.64964804796326,47.857421875,44.03401134119916,47.857421875,1926459
2009-05-26,48.86187165340908,50.15794249331852,45.038461686852685,45.49208450317383,1744486
2009-05-27,48.60266102053322,48.60266102053322,46.65855457971189,47.53340148925781,955846
2009-05-28,47.95462628231376,47.95462628231376,45.29768176090114,45.75130462646485,545412
2009-05-29,46.59374923550938,47.59820120342468,45.71890237825475,46.14012145996094,852740
2009-06-01,47.24178727112334,50.77357864379883,46.98257209145029,50.77357864379883,1890123
2009-06-02,53.074099874985,55.86064910888672,52.29645443399187,55.86064910888672,4464278
2009-06-03,57.93436204592999,58.09637088557514,52.42606149799481,52.97689056396485,2554676
2009-06-04,53.20370416183434,57.54554421124532,51.87523458800225,54.49977493286133,2388969
2009-06-05,55.018203116358734,55.50422963692,52.490864220616665,52.87968444824219,781441
2009-06-08,53.7869373411984,53.7869373411984,47.59819739236525,47.88981628417969,687568
2009-06-09,46.658549653082176,52.68528096091909,43.90439915272663,51.77803039550781,1704711
2009-06-10,51.97244175347097,52.75008726953467,49.509909979564696,50.12554168701172,914194
2009-06-11,50.15793906998388,55.08300693667483,47.79260895976199,53.72213363647461,1899605
2009-06-12,55.731047886782086,57.02711876787004,50.70877322256626,51.71323013305664,2540992
2009-06-15,51.61602252484312,56.865108471885925,50.28754792762483,55.69864273071289,3490434
2009-06-16,55.7310411607657,55.990256294522986,53.23610600460143,54.04615020751953,2928800
2009-06-17,54.37018692241684,54.37018692241684,49.02389331154505,49.96354293823242,1034178
2009-06-18,49.57470640645969,50.870777162184126,45.58928784378354,46.5289421081543,963633
2009-06-19,47.63061292781386,50.28755769414705,46.72336216893649,48.76467514038086,1714308
2009-06-22,47.30659333517457,49.54231391925795,46.78816293741559,47.241790771484375,1004737
2009-06-23,46.65855457971189,48.08423065866685,44.71444813889056,47.53340148925781,1019288
2009-06-24,48.11663208855956,48.278640950810605,47.047372608879066,47.59820175170898,1044168
2009-06-25,48.69985136360634,49.63950052426218,47.43617962493634,47.72779846191406,1090509
2009-06-26,46.65855487542784,49.41270568404684,45.42728646628037,48.50545501708984,771930
2009-06-29,48.66745232636956,50.28754065244123,48.019416995940894,49.185882568359375,743378
2009-06-30,49.50989840218937,52.10203962802005,48.084217761512285,48.63505172729492,939873
2009-07-01,49.5098997536557,50.676360370650045,48.44064047998969,49.801513671875,1118574
2009-07-02,50.15793507780272,51.51880826968803,49.25068463517346,49.801513671875,1243265
2009-07-03,49.80153266937037,52.68529392834621,48.92668563687262,51.9400520324707,1702871
2009-07-06,53.13889558304064,53.94893972302602,46.7557487487793,46.7557487487793,2292444
2009-07-07,47.30658707243626,47.82501740156223,43.02955416156015,44.16361618041992,1007366
2009-07-08,43.41837943809151,44.1960200772457,41.15025513908672,41.60387802124024,918884
2009-07-09,41.863080859926,42.02508969061,39.65976224585853,39.98377990722656,877404
2009-07-10,40.11339002141826,40.82622793301245,36.03076525047003,36.97041702270508,620038
2009-07-13,35.641947544138354,35.99836652516796,34.11906531971237,35.38273239135742,668882
2009-07-14,36.16037545917278,38.622909527908334,36.16037545917278,37.87767028808594,861067
2009-07-15,38.655316987554414,40.82623483520599,38.46090436783468,40.53461837768555,718830
2009-07-16,42.70553349182947,42.70553349182947,40.53461343674181,40.8586311340332,1146045
2009-07-17,41.50667037360386,42.41391600073486,41.02064133953139,41.7658805847168,729971
2009-07-20,42.25190792968642,42.7055356957758,41.409464839722624,42.21950912475586,639800
2009-07-21,40.17820110188232,43.28877348741739,38.88213009859579,41.99270248413086,756577
2009-07-22,42.21950754431296,44.06640745622838,40.69662286222267,40.98823928833008,847126
2009-07-23,41.960290829733786,41.960290829733786,39.91897839513943,40.92343521118164,541624
2009-07-24,41.40946744023255,43.2239637861864,41.2150548219683,42.54352951049805,837120
2009-07-27,42.77033651786056,43.19156051784486,42.05749856471977,42.57592391967773,522581
2009-07-28,43.41838097834829,46.204935765053975,42.86755176073032,45.459693908691406,1921274
2009-07-29,45.94570838436042,45.94570838436042,40.24299519259883,43.32116317749024,937967
2009-07-30,43.32117409934229,44.1636222641942,42.1547131142997,43.02956008911133,589040
2009-07-31,43.4507757532771,44.94125421386012,43.09435430394325,44.32562255859375,1367980
2009-08-03,44.649642549563545,45.55689314920044,43.28876912216721,45.168067932128906,636674
2009-08-04,45.038462245410656,46.01051538739794,43.25636481843398,43.70998764038086,578660
2009-08-05,43.742390093596086,45.362478615581125,42.80274072849189,44.71444320678711,1022146
2009-08-06,44.8440474414092,45.23287263444085,42.12230075489392,42.77033615112305,665932
2009-08-07,42.316714475038,43.61278530191061,41.47426645992366,42.446319580078125,626229
2009-08-10,42.89994986179954,43.1915688150948,40.76143559156117,41.47427368164063,295518
2009-08-11,41.798288426038965,42.15470991739671,40.567020026215694,40.76143264770508,276484
2009-08-12,40.17819424720377,40.59941824023186,39.56256013126227,40.37260437011719,220042
2009-08-13,40.82623738208604,41.99270328493594,40.82623738208604,41.60387802124024,306791
2009-08-14,41.53907013239223,42.60832958221436,41.1502498626709,42.1223030090332,364765
2009-08-17,41.15025186782911,41.63627846469323,38.84972647041741,39.17374420166016,245227
2009-08-18,38.94692355758481,40.40500309551191,38.94692355758481,39.78937149047852,249759
2009-08-19,40.01618965974392,40.46981497620952,37.58605668445583,38.10448455810547,388338
2009-08-20,38.72011854487064,39.27094769434224,37.9748767807064,38.201690673828125,169864
2009-08-21,38.20169361917264,44.19601958484088,37.58605939331849,42.38152313232422,1381514
2009-08-24,42.34910307542104,44.3256125878182,41.15023883824816,42.70552444458008,1246764
2009-08-25,42.12229843946111,43.87199193545328,41.86308330639478,42.25190353393555,609497
2009-08-26,42.64072870559375,43.22395657484618,41.895487052072106,42.25190353393555,424119
2009-08-27,42.12230787677988,43.87200176478332,42.08990412384263,42.96475601196289,790691
2009-08-28,42.83514462691406,43.74239529595003,42.122306581285216,42.8027458190918,417359
2009-08-31,43.09435672121863,44.81165162449682,41.63627698253078,43.58038330078125,856891
2009-09-01,43.70999194610556,45.68650217382627,42.18710952913504,42.60833358764648,1479827
2009-09-02,42.54352951049805,43.4831789624993,42.28431433418514,42.54352951049805,469793
2009-09-03,42.99714496874258,44.3580182302716,42.57592099766713,43.6127815246582,847244
2009-09-04,43.93679461409424,45.29766773347941,43.54796948502685,43.74238204956055,1267437
2009-09-07,44.19601612410604,44.97366163782186,44.13121356732593,44.42283248901367,789910
2009-09-08,44.71444433184002,44.94125574180113,42.802741805444754,43.22396087646485,781331
2009-09-09,43.223961836139445,44.06640988511983,42.80274275576728,42.99715042114258,446926
2009-09-10,43.450782842987984,44.39043235310706,42.64073845698238,42.86754989624024,704375
2009-09-11,43.725556070490406,44.08856270111043,42.27353961893913,42.57054138183594,411807
2009-09-14,42.24053658916115,44.38556383782949,41.943532312722176,43.362548828125,638071
2009-09-15,42.57054306436401,44.74857286323825,42.57054306436401,43.39555358886719,506929
2009-09-16,43.56055481795671,44.08856355720866,43.03254607870475,43.16455078125,369006
2009-09-17,43.560546875,43.95655083949819,42.73553651751894,43.560546875,466128
2009-09-18,42.60354145729917,45.40857697446776,42.60354145729917,44.15456008911133,1064227
2009-09-22,44.28656419703984,44.71557067928458,43.56055593849125,43.89056015014648,429253
2009-09-23,44.154562182110254,45.01257006557785,43.06554733437793,43.329551696777344,727825
2009-09-24,43.23055091673108,43.56055512220232,42.90054671125986,43.29655075073242,264718
2009-09-25,43.29655186612422,47.15760016251178,42.240539388504544,46.662593841552734,3687631
2009-09-29,47.32260284314872,48.44462020553593,46.36559262521279,46.7615966796875,1829854
2009-09-30,46.95959415350289,47.81760196975553,45.60657504936451,46.49758529663086,976617
2009-10-01,46.46459713601823,47.058605764077605,45.210580040218446,45.40858459472656,633120
2009-10-05,44.48456546874941,46.03558414244132,44.25356354466156,44.51756286621094,630905
2009-10-06,44.91357797495384,45.21057976947241,42.7685504676431,43.69255828857422,397422
2009-10-07,41.84453672340176,44.74857490954455,41.84453672340176,43.82456207275391,505574
2009-10-08,42.966549073848704,44.55057036042339,42.966549073848704,43.82456207275391,358936
2009-10-09,41.844537742834405,44.55057144578147,41.844537742834405,42.80154800415039,400555
2009-10-12,43.26354481210715,43.82455084358398,42.90053824355319,43.0655403137207,344908
2009-10-13,42.90054702758789,42.90054702758789,42.90054702758789,42.90054702758789,0
2009-10-14,43.56055556877558,45.07857694369148,43.2635537949925,44.64957046508789,766744
2009-10-15,45.40857246523569,45.67257175344065,43.89055138073896,44.41856002807617,453420
2009-10-16,44.38556040549765,48.972616306824456,44.38556040549765,48.51061248779297,2596765
2009-10-20,50.12762555840515,52.07465295544545,49.17061559128366,49.43461990356445,2811361
2009-10-21,49.50063092982202,50.39164127946591,48.51061831122559,48.93962478637695,994052
2009-10-22,47.883614042074704,49.03862880498036,46.36559262521279,46.7615966796875,539727
2009-10-23,47.454604261384254,48.37861701473594,46.46459167610696,46.860595703125,554143
2009-10-26,42.96654190338381,47.38860080024123,42.96654190338381,43.9565544128418,415268
2009-10-27,44.22055929355503,44.880567641220026,41.77852790364812,42.273536682128906,657131
2009-10-28,41.9105385447525,42.80154898703611,40.92052582322292,41.44853210449219,556705
2009-10-29,42.075537122554266,42.075537122554266,40.26051395256172,41.05252456665039,303004
2009-10-30,41.91053575829018,42.834548577376935,38.9734977094777,39.89751052856445,418935
2009-11-03,39.60050739782825,40.06251382101608,37.620482027936845,37.98348617553711,340666
2009-11-04,38.44549116453696,39.13849951460017,37.88448500442207,38.7094955444336,462514
2009-11-05,38.74249000269407,44.08855905921225,38.74249000269407,43.42855072021485,1843145
2009-11-06,44.97956891244097,51.150645820461975,44.58356491963341,48.51061248779297,10089358
2009-11-09,50.45763411665205,50.45763411665205,47.52059910294712,47.916603088378906,2570062
2009-11-10,48.37861802578937,50.95264677293282,45.54057987449722,49.731632232666016,4641175
2009-11-11,50.358646838622604,53.031678044590976,49.50063383791283,51.34865951538086,9046847
2009-11-12,51.44764519467747,51.67865212905362,49.69862722043798,50.09463119506836,1986999
2009-11-13,50.325645446777344,52.33867327883443,49.99564121433946,50.325645446777344,2543930
2009-11-16,50.82064617125798,51.34865489891136,50.19364021320095,50.391639709472656,1091944
2009-11-17,50.65565105357695,50.721650894762206,48.74162544641392,49.26963424682617,1200047
2009-11-18,49.50062498184091,49.99563123165932,48.64261213463674,48.87361907958984,730731
2009-11-19,48.31261601216924,49.17062900223305,47.02560156253832,47.22360610961914,600205
2009-11-20,47.157599965472485,49.0056255701838,47.157599965472485,48.27961730957031,735628
2009-11-23,49.03861857379688,49.8966263402373,48.74161181830837,49.23661804199219,781526
2009-11-24,49.13761316394978,49.96262349266259,48.18060319682829,49.43461990356445,922671
2009-11-25,49.69863099153911,49.69863099153911,47.55360384444218,47.94960784912109,554011
2009-11-26,48.04861696273776,48.44462102390209,47.2236064038684,47.35560607910156,449010
2009-11-27,46.86060120956948,46.86060120956948,43.5605588708674,45.40858459472656,832439
2009-11-30,46.20057796730799,47.25659017089664,46.068578330158175,46.398582458496094,535444
2009-12-01,46.959599364755945,48.246613749690894,46.33258835416196,47.55360794067383,728910
2009-12-02,47.850612116267065,48.114616500553225,47.02560156253832,47.22360610961914,718963
2009-12-03,47.6856103026493,48.11461680035434,47.19060396732769,47.35560607910156,421609
2009-12-04,47.1905896866033,48.70861066972832,47.1905896866033,47.58659362792969,648799
2009-12-07,47.98259992123808,48.24660424021757,47.190591999763136,47.61959838867188,412506
2009-12-08,48.51061569832033,50.028636979256206,48.4446158677284,48.77462005615234,1011777
2009-12-09,48.31261503733666,49.99563854716985,47.68560904334022,47.88361358642578,1453914
2009-12-10,48.114604588995,50.02862960689041,47.88360269823222,49.79762268066406,1388932
2009-12-11,51.48064156965023,51.94264531314132,49.59961913477487,50.02862548828125,2385404
2009-12-14,50.1276405377664,50.1276405377664,48.84062605456848,48.97262573242188,659062
2009-12-15,49.17062653051154,49.30262619828682,47.25660113498261,47.55360794067383,435601
2009-12-16,47.75159497364088,49.30261332459556,46.596580558073725,48.6096076965332,948139
2009-12-17,49.23662953401303,49.92964042310731,48.543623680383625,48.70862579345703,787779
2009-12-18,48.64261719694528,50.16063853522336,47.71860946282591,47.982608795166016,1001174
2009-12-21,47.98260734029772,48.44461622881344,47.322598958530406,47.65260314941406,339798
2009-12-22,48.77461150343794,50.02862820664775,48.1806030613424,48.54360961914063,751962
2009-12-23,48.906625893495175,49.995640859913,48.57662166339674,48.97262573242188,915516
2009-12-24,49.30261311106626,49.96262134567471,48.84060936102562,49.00561141967773,789625
2009-12-29,49.26962307235178,49.26962307235178,48.70861699631704,48.87361907958984,296679
2009-12-30,49.10462985774025,49.269631970813656,48.543623680383625,48.70862579345703,325417
2009-12-31,49.30262196656848,49.36862683025538,48.7416158734787,48.84061813354492,312510
2010-01-04,48.8406168683982,55.605702313007406,48.77461704188505,54.58268737792969,6430412
2010-01-05,56.100710957978905,57.7507318685077,55.11069841166163,55.5067024230957,5415587
2010-01-06,56.56272506713867,57.552737793182864,55.96872145988426,56.56272506713867,3315045
2010-01-07,56.56271328501221,56.66171554408728,55.17669676435338,55.53970336914063,1300185
2010-01-08,56.23271593241396,57.35473327891835,55.44070783467589,55.83671188354492,1446791
2010-01-11,57.84973086553439,61.38077440770187,56.661713862812654,57.38772201538086,2138688
2010-01-12,57.75072368908172,57.75072368908172,55.50669456149898,55.9026985168457,1419731
2010-01-13,55.44069936508948,55.90270317894633,54.78069103931461,55.6057014465332,741507
2010-01-14,56.06771145273586,56.496717918963526,55.44070548818621,55.638710021972656,584563
2010-01-15,56.06771567800556,60.35777059265234,55.5397119405587,59.26876068115234,5429929
2010-01-18,59.00476093264439,62.634807684216334,59.00476093264439,62.27180099487305,8455987
2010-01-19,62.89880267882408,74.74595147188127,62.60179587686241,74.01994323730469,44060464
2010-01-20,75.24092844483528,77.84795860044937,68.77284661697144,70.02686309814453,29434770
2010-01-21,68.6408725432887,71.80891482870317,64.4168178412242,70.65390014648438,31576552
2010-01-22,67.48586819234124,73.68994901369352,64.81283179009668,72.3039321899414,24942444
2010-01-25,70.88490897121295,74.41595319324513,69.63089190144001,71.80892181396484,21153530
2010-01-27,69.56487666150444,72.10590763989067,61.74377921978526,63.228797912597656,17437968
2010-01-28,63.85582595428863,67.51887534879837,62.601808726904586,63.525821685791016,13863800
2010-01-29,62.43678770503512,69.56487976246576,61.05077120371916,68.21186065673828,16087209
2010-02-01,67.71685222593624,72.17190835968815,67.05684390982483,70.6868896484375,15915458
2010-02-02,70.91789836330247,73.19493029386291,68.14586518357987,68.67387390136719,19796464
2010-02-03,69.46587668386228,71.44590167247593,68.7398685284634,69.76287841796875,11057356
2010-02-04,70.22488901979071,71.87490988475072,67.84885998134112,68.44286346435547,9115459
2010-02-05,65.76984440308775,66.66085482183111,64.02082096750117,65.37384033203125,7055904
2010-02-08,66.99084852663776,68.97087360624282,65.53883214911306,68.24486541748047,8075878
2010-02-09,69.30087026602872,71.14889548730827,68.046853511265,70.38988494873047,10332963
2010-02-10,70.95089868584787,71.61090704571623,67.71685671540013,68.24486541748047,8951681
2010-02-11,68.70688021169484,70.29090153507113,67.71686751401778,68.1458740234375,5677527
2010-02-15,69.30087599117363,69.43287564554262,66.75984487859007,67.05684661865234,2649815
2010-02-16,67.51885956390156,68.8058738959714,66.33084246086452,67.91486358642578,4643573
2010-02-17,68.4428563322831,69.82887774279071,67.71684823444703,68.01385498046875,4799584
2010-02-18,68.64087204706101,70.75289686509254,66.85885142156344,69.3008804321289,6216260
2010-02-19,69.96088614604535,71.74290670350423,67.8488614086523,68.24486541748047,11126155
2010-02-22,69.23488453814115,69.30088437330852,64.38382363910249,64.87882995605469,4344719
2010-02-23,62.04079565091753,64.35082527621765,60.75378115957916,61.512786865234375,5282348
2010-02-24,60.72076526201695,61.44677340479612,58.806740132534514,59.66475296020508,5580816
2010-02-25,60.06074811661687,61.28176231848844,59.43374232079348,59.82974624633789,4002969
2010-02-26,60.0607622060854,63.69080827348616,59.40075383019435,61.248779296875,8978229
2010-03-02,61.74379074619132,61.97479268999311,60.06076723262955,60.35776901245117,2433199
2010-03-03,60.65477582773751,61.51278376692482,59.96176496086744,60.35776901245117,1944647
2010-03-04,60.62177327387683,61.875790297669205,60.35776889484717,61.08378219604492,2982991
2010-03-05,61.71077931563747,61.97478365670091,60.225760562052606,60.522762298583984,2201008
2010-03-08,61.248778437967154,61.31477826753787,59.56575508886075,59.76375961303711,1239842
2010-03-09,59.400738491101215,60.85275452892071,58.47672599636926,58.74073028564453,1489434
2010-03-10,59.13675232819971,59.13675232819971,56.85972533561366,57.12372970581055,1492470
2010-03-11,56.10071544034552,56.89272352649397,54.97870314572445,55.24270248413086,1633090
2010-03-12,55.572715759277344,56.727730677371895,54.219701305074416,55.572715759277344,2228187
2010-03-15,56.00170869660641,56.00170869660641,53.460677501468936,53.72468185424805,778268
2010-03-16,53.130686978259725,55.44071684687971,52.56968073154511,54.78070831298828,3124281
2010-03-17,55.20970008945928,57.09072290047457,54.45068947155089,56.66171646118164,4280151
2010-03-18,57.42072401272189,57.75072817371455,54.94569280527698,55.47370147705078,4196154
2010-03-19,55.67169662918207,56.661709035280616,55.44069474151845,55.9026985168457,1988427
2010-03-22,55.209713643313286,56.10072413722317,54.48370527921877,54.945709228515625,1793954
2010-03-23,55.04469917216507,55.638707713413375,53.493680506740894,53.82368469238281,823295
2010-03-25,54.38468901237391,54.38468901237391,52.70166570676271,52.99867248535156,822984
2010-03-26,53.064672629112806,53.98868533111643,51.67865609383944,51.87665557861328,1122928
2010-03-29,51.87665227724816,52.60266041281157,50.55663565423694,51.08464431762695,1113828
2010-03-30,51.38165414940807,54.21969235078664,51.18365464599896,52.96567535400391,3776627
2010-03-31,53.65868653034671,53.98869074016319,52.30566725591326,52.569671630859375,1228892
2010-04-01,53.031672550665455,53.427676573250935,52.536666263567525,52.8006706237793,633987
2010-04-05,53.32867553020737,54.51668751299877,53.03166875791153,53.69167709350586,1040663
2010-04-06,54.021680675951714,54.45068709653233,53.46067460386811,53.59267425537109,848924
2010-04-07,53.988690360796014,54.45069423710684,52.66867353080554,53.32868194580078,855805
2010-04-08,53.72468098005539,54.3186895052768,52.86666810635068,53.130672454833984,876114
2010-04-09,53.46068223866549,53.79068645001528,52.89967608646378,53.06467819213867,506875
2010-04-12,53.19668933443748,54.38470676568029,53.19668933443748,54.08769989013672,1108873
2010-04-13,54.450687997624016,55.24269599067658,53.95568174310016,54.18668365478516,1257793
2010-04-15,54.25268432117973,54.58268849596905,52.70166570676271,52.99867248535156,563249
2010-04-16,52.86666514257247,52.99866982714583,51.81065284330489,52.1076545715332,532478
2010-04-19,51.61264971255458,51.61264971255458,50.55663738508492,51.018646240234375,359488
2010-04-20,51.41464912037448,52.569663680043845,51.15064478535729,52.07465744018555,617258
2010-04-21,52.30566025238464,52.80066650082993,51.81065400393936,51.94265365600586,389589
2010-04-22,53.13067017584852,54.71469116333927,52.140657688099786,54.3516845703125,2362525
2010-04-23,55.44070702340028,56.23271510954872,54.84669844105664,55.24270248413086,1830249
2010-04-26,56.62872622834696,56.62872622834696,54.9457026903136,55.67171096801758,1146705
2010-04-27,56.10071758672137,57.55273414536824,54.91270037658136,57.0577278137207,2917270
2010-04-28,55.7707034765118,56.33170954580997,53.92267815186194,54.3516845703125,1620231
2010-04-29,54.483693347342175,55.14370172206242,54.15368915998205,54.31869125366211,902247
2010-04-30,54.78069860645503,56.00171317071081,54.48369683301552,55.24270248413086,1007780
2010-05-03,55.24269571398912,55.24269571398912,54.18668338338682,54.58268737792969,502208
2010-05-04,55.143706040811885,55.20970587636004,52.80067411286752,53.19667816162109,562986
2010-05-05,51.84365004476583,52.70165774837331,50.985637305695015,52.50365829467773,727633
2010-05-06,52.9326820873164,54.31870402857101,52.33867843873925,53.79069519042969,1327664
2010-05-07,52.140663497634,52.99867643013528,51.15065089957766,51.38165283203125,813365
2010-05-10,52.140664885006736,53.92268559473885,51.81066067687378,52.60266876220703,475294
2010-05-11,52.96566752868837,56.49671102350816,52.50366372019376,54.61568832397461,6431453
2010-05-12,55.07769627228855,56.49671526998559,53.85668179909407,54.219688415527344,3550469
2010-05-13,54.61570227038464,55.01170635528232,53.62568954040788,53.92269134521485,846776
2010-05-14,54.120684985048285,55.11069751526258,52.83367070995534,53.130672454833984,951729
2010-05-17,52.53666919569187,53.26267745019522,51.67866127144778,52.569671630859375,579447
2010-05-18,53.06468665147317,54.54970583928232,52.86668207891244,53.29568862915039,1055842
2010-05-19,52.30565515069055,53.75767132365367,51.21664050323648,51.57964706420898,788576
2010-05-20,51.5466525517072,52.4376628417255,50.886644183476726,51.18365097045898,658993
2010-05-21,50.193634019410354,50.35863609700807,49.17061912411901,49.467620849609375,539032
2010-05-24,50.49063574490073,51.08464423134526,49.2696213777704,49.467620849609375,410918
2010-05-25,49.17062653051154,49.69863527254178,47.05860163331968,47.55360794067383,450551
2010-05-26,48.11460669631525,48.840614828566046,47.61960046494465,48.048606872558594,325614
2010-05-27,48.18061793743254,48.80762396489807,47.71861402619109,48.576622009277344,501882
2010-05-28,49.89663194344261,50.82064467184167,49.69863245301269,50.42464065551758,911419
2010-05-31,50.8206395776262,53.79067695553942,50.68863993057112,53.4936752319336,2272026
2010-06-01,53.7906752018734,54.71468780752591,52.80066277484505,53.55967330932617,1933226
2010-06-02,54.054677731576994,54.054677731576994,52.30565482802663,53.26266479492188,853937
2010-06-03,54.12068528395433,54.54969172317607,53.13067274827224,53.62567901611328,716567
2010-06-04,53.62568051859628,54.02168453687152,52.53666569174116,52.70166778564453,542621
2010-06-07,50.160644293051405,52.30567184505689,50.160644293051405,51.4146614074707,865684
2010-06-08,51.81065102964163,52.99866797189532,51.150642736270406,51.64564895629883,723292
2010-06-09,51.64565076768024,53.295671558979926,51.64565076768024,52.47066116333008,1111818
2010-06-10,52.99867778897106,53.22967972734732,51.61265608778432,52.96567535400391,734455
2010-06-11,53.39467917538968,53.46067900657653,52.40466660119382,52.8006706237793,428365
2010-06-14,53.302581411117295,54.70792149254458,53.302581411117295,54.306396484375,786415
2010-06-15,54.33984851179382,57.28437345457582,54.13908858053615,55.47750854492188,3921373
2010-06-16,56.21364086612813,57.88666589190576,55.711733358394845,56.14672088623047,3086551
2010-06-17,56.54824462435138,57.21745461990584,55.5444296310197,56.04633712768555,793466
2010-06-18,56.41441160829631,56.68209155491768,54.33985628230674,54.74138641357422,839616
2010-06-21,55.20983419596232,55.37713672382887,54.139099038749976,54.33985900878906,688224
2010-06-22,54.406768798828125,55.37712114520868,54.0387012987988,54.406768798828125,705727
2010-06-23,54.272934882787226,55.41059504898266,54.272934882787226,55.14291000366211,775173
2010-06-24,55.34365726429464,55.64480478583175,54.33984240383706,54.77482986450195,486066
2010-06-25,55.00906256591367,55.879037649429215,54.27293255214448,54.67445755004883,1009766
2010-06-28,54.87521732704753,56.079797310639705,54.707914835196775,55.34366226196289,898308
2010-06-29,55.87904402062846,56.04634654763633,54.60754379423507,54.90869140625,802432
2010-06-30,54.8082973514406,55.81211230254512,54.373309851495264,55.34366226196289,908418
2010-07-01,55.176364707631166,56.54824730583856,54.77483971239181,55.71173477172852,1140759
2010-07-02,55.77866658864431,58.3216672741889,55.77866658864431,57.31785202026367,4505262
2010-07-05,60.29583096811393,61.46694868155659,58.22128061114912,60.4296760559082,6459800
2010-07-06,61.36656217253189,61.83501229100732,60.22890708104589,60.66389465332031,2996023
2010-07-07,60.86464905215432,62.838821667270366,59.09124659023165,62.06922912597656,4050077
2010-07-08,62.77190176064812,63.40764923578487,61.60078422858877,61.83500671386719,2481970
2010-07-09,62.03577205983418,62.50422217686448,60.89811697185777,61.13233947753906,1087726
2010-07-12,61.33310105751525,61.36655849604409,59.82737847069737,60.16198348999024,897416
2010-07-13,60.69734982549991,60.69734982549991,57.55206461552321,59.961219787597656,764869
2010-07-14,60.59697113742248,61.29963861571075,59.55969353361503,59.8942985534668,958782
2010-07-15,59.96121253443239,60.161977568514665,58.2547301674007,58.48895263671875,687235
2010-07-16,58.25473256564936,59.760455066253726,58.25473256564936,58.92394256591797,888637
2010-07-19,58.288193714696455,59.55969381732336,58.288193714696455,59.12470626831055,796696
2010-07-20,60.19545183031865,60.19545183031865,58.32166644632398,58.82357406616211,747979
2010-07-21,58.89048901854078,59.225094069782486,58.22127891605736,58.72318649291992,569187
2010-07-22,58.923952424388034,60.02814502503821,58.62280481048238,59.59316253662109,1714858
2010-07-23,60.0950680931491,60.16198808098089,58.28819778768404,58.388580322265625,644253
2010-07-26,59.158165372933006,59.158165372933006,57.71936284324337,57.88666534423828,547501
2010-07-27,57.886675655254585,58.82357084884318,57.21746553207245,57.58553314208984,445121
2010-07-28,58.08743587340569,58.08743587340569,56.5482506766269,56.94977569580078,486945
2010-07-29,53.53679589265902,57.48513561087597,53.53679589265902,56.54824066162109,627428
2010-07-30,56.58171757384549,57.15054515356157,55.27675477908361,55.74520492553711,430461
2010-08-02,56.48132650892773,59.02432151251338,56.012876433187856,58.18780899047852,2260828
2010-08-03,58.58934478252091,58.58934478252091,56.61517197515968,56.81593704223633,1153286
2010-08-04,57.21746853178581,58.05398122961894,56.38095583395269,56.71556091308594,985963
2010-08-05,56.88284695679073,57.61897689627465,56.11325447683019,56.38093948364258,677379
2010-08-06,56.54825454664214,58.288199819251375,56.51479199872605,56.749019622802734,1396002
2010-08-09,56.91631567454966,57.71936567647716,56.71555062123408,57.05015563964844,815557
2010-08-10,57.485153766861,57.485153766861,55.87904836167908,56.4478759765625,462195
2010-08-11,55.61134365255448,55.812108671982415,53.80447890036914,54.13908386230469,930266
2010-08-12,53.402963939576566,54.80830402100385,52.93451384198914,54.306396484375,554861
2010-08-13,54.74137754218364,55.14290250271224,54.20600752436757,54.640995025634766,494646
2010-08-16,54.94214637354024,55.27675141248466,54.20601630899606,54.74138641357422,449985
2010-08-17,54.87522365164073,55.87903871843904,54.40677866273517,55.27674865722656,1049733
2010-08-18,55.81210929636172,58.15434405611352,55.54442430268534,57.48513412475586,2903339
2010-08-19,57.88665534177437,58.02049527717671,56.28055058861501,56.68207550048828,627663
2010-08-20,56.61515569915712,56.88284067641467,55.07597601484213,55.44403839111328,489145
2010-08-23,55.77866744995118,56.31403763591224,55.27675981523836,55.77866744995117,443512
2010-08-24,56.14671186098099,59.19161385504609,55.20981697601236,57.01668167114258,3033745
2010-08-25,56.54823966748786,57.41821462771587,55.04251730947783,55.20981979370117,487843
2010-08-26,55.444043550659245,56.64862350758167,54.87521611209406,55.07598114013672,569338
2010-08-27,55.71173796053683,56.146725524305175,53.77102774918641,54.10563278198242,523221
2010-08-30,54.64100421034338,54.84176417152036,53.2022015130702,53.97179412841797,573476
2010-08-31,53.60371791947236,54.33984787005765,52.73374801629589,53.13527297973633,596803
2010-09-01,53.40295760331036,55.3102049950714,53.36949506257177,54.640995025634766,791008
2010-09-02,55.3436700681277,55.611355113978966,54.33985497543614,54.87522506713867,638596
2010-09-03,55.27674410790888,58.48895409956314,54.97560165492062,57.81974411010742,2415477
2010-09-06,58.52241674719121,59.05778682869853,57.28437917758145,57.65244674682617,1714360
2010-09-07,57.78627416061255,58.020496605763135,56.28055187735919,56.514774322509766,726045
2010-09-08,56.5147881310009,57.75283083981618,56.280565628621765,56.94977569580078,579957
2010-09-09,57.21747068151832,58.58935359977534,56.84940303837565,57.418235778808594,1693449
2010-09-13,58.79011224852757,58.92395734555333,57.016704281866254,57.51861190795898,692781
2010-09-14,57.88666934800217,57.88666934800217,54.574081641452864,57.384761810302734,561841
2010-09-15,57.88667081098493,57.88667081098493,56.380948159832144,56.94977569580078,654553
2010-09-16,56.54824079099232,57.150530767296,55.8455683010269,56.01287078857422,449975
2010-09-17,56.81593349061545,56.98323600083183,55.745198446364114,56.07980346679688,401812
2010-09-20,56.48133200088708,57.485147124934834,55.979424438863205,56.81593704223633,553684
2010-09-21,56.91630830586311,57.08361079341042,55.87903084080306,56.01287078857422,381754
2010-09-22,56.48132090174551,56.48132090174551,55.10943845953503,55.57788848876953,391404
2010-09-23,55.71173753392604,56.11326254907307,54.87522495834156,55.14291000366211,310520
2010-09-24,55.1763609895349,56.04633600865242,55.1763609895349,55.47750854492188,373284
2010-09-27,55.94595745386109,56.07980252318253,55.009062391280345,55.17636489868164,221628
2010-09-28,55.3771299110702,56.11325992198721,55.00906235277802,55.243289947509766,422947
2010-09-29,55.544427479845446,55.61134745567573,54.40677257372982,54.6075325012207,299827
2010-09-30,54.20602171339856,55.04253439416088,53.5368115687887,54.038719177246094,309112
2010-10-01,53.53679255773756,55.10943481798782,53.53679255773756,54.77482986450195,336286
2010-10-04,55.37713252467,56.38094761575163,53.87140988804755,55.10944747924805,786219
2010-10-05,55.37711842321546,56.18016824932186,54.975593510162255,55.44403839111328,527399
2010-10-06,55.57790105351502,59.15817408066773,55.57790105351502,58.72318649291992,2364760
2010-10-07,59.15816007409044,60.56349993543685,57.88666015928495,58.32164764404297,1952841
2010-10-08,58.48896971513929,58.79011224852757,56.6486417527993,57.51861190795898,491087
2010-10-11,60.16197295333273,62.9057326098637,57.45167072947093,62.20306015014648,4385621
2010-10-12,62.8388334373883,64.77954387286847,60.262375408441216,64.17725372314453,4237526
2010-10-13,64.74606627862889,64.74606627862889,62.40383132281285,62.93920135498047,1358939
2010-10-14,63.441111299643325,72.47544647870009,62.336913756625165,71.2374038696289,12060490
2010-10-15,71.87316055584824,75.25266825269271,68.92863530796666,73.88079071044922,10520614
2010-10-18,73.88079690697556,74.21540196080636,68.39327096074958,71.47164154052734,6070090
2010-10-19,71.47162914794158,73.21157410503622,69.5978391291215,70.367431640625,2757673
2010-10-20,69.59783942027497,72.14083944135953,68.69440694893366,69.36361694335938,1079014
2010-10-21,69.73168418554151,71.73931430726344,69.66476420261759,70.20013427734375,1090926
2010-10-22,70.26705654144926,72.2746867283478,69.39708141819285,70.86934661865234,1450495
2010-10-25,71.43817732917117,71.7393198283385,69.09594200690326,69.49746704101562,1009865
2010-10-26,69.86552173570612,71.73930658419108,69.59783672716058,69.93244171142578,1442452
2010-10-27,70.33398103075443,70.80243116776433,64.84646021074299,66.51948547363281,1091269
2010-10-28,67.48984614646126,67.82445123901256,53.53681480820622,65.98412322998047,1489925
2010-10-29,66.25180055314718,66.51948561691975,62.70498494591354,63.44112014770508,716771
2010-11-01,63.70880355972893,64.71261877404609,63.57496357342058,64.17725372314453,519245
2010-11-02,64.91336457689573,70.73548904822691,63.57494468871231,69.99935913085938,3888080
2010-11-03,70.6685754712895,84.01931812771856,70.6685754712895,82.44667053222656,15354391
2010-11-04,83.98585439963296,83.98585439963296,77.26029190544332,77.76219940185547,4965657
2010-11-08,77.76220541493267,85.65888601137311,75.2861302834334,82.07861328125,7071669
2010-11-09,82.44666002636973,86.26115452461633,79.83674542528863,84.2869873046875,6334606
2010-11-10,83.51740029685162,85.12350002490658,81.97821543418802,82.54704284667969,2857222
2010-11-11,82.31283102744867,84.52122609728123,80.30520100238894,80.97441101074219,2496260
2010-11-12,79.03369785518241,86.1942477261743,77.82912295095035,83.31664276123047,6188914
2010-11-15,85.99348791980881,88.60340292389175,81.24209777961431,83.3835678100586,7066971
2010-11-16,83.38357025206224,85.12351534096334,75.62073478227221,76.65801239013672,2759034
2010-11-18,77.29374997836416,79.43521979696988,73.61309521748967,75.21920013427734,3058072
2010-11-19,75.92188371262529,77.15992648069023,72.54237577503697,73.4792709350586,2526120
2010-11-22,74.1484694246367,74.48307442184955,68.6274869706245,69.36361694335938,2131413
2010-11-23,69.26324567447638,80.5728974385921,67.82444293160246,78.13027954101562,7138953
2010-11-24,79.13409260672233,82.17900053787389,73.8473319103828,76.99262237548828,9097897
2010-11-25,76.2564814172057,78.76601904750868,70.36743617482853,71.94007873535156,3049562
2010-11-26,72.60927684904038,74.08153664150085,65.98409757163519,67.12175750732422,2713369
2010-11-29,68.92863643725362,72.54237179587422,62.03577075126122,70.83588409423828,6758261
2010-11-30,70.93626941499257,73.41234470136197,69.69823177180785,70.26705932617188,4114249
2010-12-01,71.27086803516387,76.72493078856576,69.9324479781655,73.91424560546875,6046076
2010-12-02,74.54999854919556,77.52798114786108,71.94007840454826,72.91043090820312,6541414
2010-12-03,71.60547688906824,73.24503950454155,69.99937171341357,70.33397674560547,2174462
2010-12-06,71.63893775901816,71.94008023868054,67.12176993007776,67.92481994628906,1885749
2010-12-07,68.22596242595142,69.22977749904929,67.38944986503654,67.92481994628906,1567247
2010-12-08,67.38944561067281,68.25942066136888,64.91337062894884,65.34835815429688,1500691
2010-12-09,65.58258981596123,66.18487992724138,56.01288334136504,59.19163131713867,2865685
2010-12-10,58.89048683250344,65.54912506277509,57.75283174277897,60.89811706542969,4954358
2010-12-13,61.56731736977187,66.85407716504871,59.32546498667986,63.84263229370117,5854044
2010-12-14,64.67915324658635,66.75370340909384,64.31108567173786,65.18106079101562,4595479
2010-12-15,65.18107360116197,67.52330926882212,62.069245192994046,62.87229537963867,4504399
2010-12-16,58.89048387824126,63.4745716589936,58.89048387824126,62.269996643066406,3188677
2010-12-20,62.23652079249119,67.69058250672987,61.66769339777911,66.18486022949219,9487441
2010-12-21,67.18867764450644,69.46399241583366,65.8167952528582,66.3187026977539,6721655
2010-12-22,66.7536980067615,67.7240504718611,65.28143803785167,65.81680297851562,2440914
2010-12-23,65.64949064296361,66.3856205171464,63.57494095911524,63.87608337402344,2399946
2010-12-24,64.11031854834756,65.18105350226352,63.0395784887646,63.943016052246094,3551047
2010-12-27,64.71261877404609,65.91719907349398,63.80918610229429,64.17725372314453,2897432
2010-12-28,64.57877622440455,65.11414635972382,63.74226357901071,64.21070861816406,1639226
2010-12-29,64.31107585836799,65.11413087031542,64.0433908543855,64.24415588378906,1301772
2010-12-30,64.41146775711637,67.25561048924878,64.3780052121184,66.38563537597656,5572412
2010-12-31,66.65331724548602,68.828249819447,66.65331724548602,68.22595977783203,3562255
2011-01-03,68.82825714633101,69.56438722859279,68.25942958756818,69.02902221679688,2491039
2011-01-04,70.26705204759091,71.33778705765884,68.72786696047201,69.22977447509766,4415647
2011-01-05,69.59785421124631,70.73550940127826,64.61224073549641,65.38182830810547,4755156
2011-01-06,64.71260921939131,64.77953430833237,61.835009093286814,62.269996643066406,2949183
2011-01-07,62.26999317773605,63.47456812662855,60.63042559760389,61.19925308227539,1916628
2011-01-10,61.19924758983339,61.40001261613102,56.882845475434735,57.28437042236328,1785078
2011-01-11,57.48515456258455,58.55588981230443,56.78248184256953,57.31785202026367,1759685
2011-01-12,57.552068813573946,59.15817408066773,55.81212356825064,58.72318649291992,1970634
2011-01-13,58.95740000253112,61.23271502457782,58.28819000226252,58.92394256591797,2699466
2011-01-14,59.05779024974375,59.225092771697696,55.54443728871083,55.8121223449707,1852960
2011-01-17,54.37331752079289,56.314027721130095,54.37331752079289,54.87522506713867,887993
2011-01-18,55.34366605814203,56.41440616396545,55.0425235944212,55.37712860107422,1022416
2011-01-19,55.74519615065942,56.38094362103326,55.10944357461836,55.37712860107422,1001517
2011-01-20,55.07598353364842,56.14671848318587,53.67063848760935,55.67826843261719,1056851
2011-01-21,55.87903462879693,56.81592964370658,55.31020715370906,56.04633712768555,1030269
2011-01-24,56.481322902536704,58.3216503335066,56.0797979387312,57.75282287597656,1900292
2011-01-25,58.28819472667836,58.28819472667836,56.21364457883119,56.41440963745117,874934
2011-01-27,56.4144201839885,57.0167052611091,55.57790745946714,55.77866744995117,632403
2011-01-28,55.544434445398586,55.97942200134545,52.36568669099324,53.302581787109375,982385
2011-01-31,52.86759060340968,53.26911558685909,51.2280281269632,52.8006706237793,981187
2011-02-01,53.06835159103098,54.70791394213719,52.80066658730613,53.7710189819336,1298797
2011-02-02,54.4067804441197,55.4775155292957,53.60372530098699,53.90487289428711,1143896
2011-02-03,53.93831597941026,57.518587860918544,53.80447604400793,56.68207550048828,2737202
2011-02-04,57.418219217772695,59.76045418413949,56.88284918319347,57.552059173583984,3092934
2011-02-07,58.15434288263376,58.75663282983553,56.31401560853564,56.882843017578125,1840618
2011-02-08,56.88285269702375,57.2843776949281,54.00524751831914,54.67445755004883,1107090
2011-02-09,54.27293800717028,54.27293800717028,50.19075742444869,50.92688751220703,1269571
2011-02-10,50.25767468546544,52.2987674188793,49.12001962119162,51.49571228027344,1279995
2011-02-11,51.59609431562758,53.00143441261597,49.92306917500628,52.7672119140625,1172370
2011-02-14,53.53679956560957,57.18399199374989,52.86758957103945,56.31402206420898,1838385
2011-02-15,56.68208027850456,58.68971011277036,55.009055416616384,58.05396270751953,3302169
2011-02-16,58.25473275262825,59.225085213865405,57.92012775141997,58.35511016845703,1761802
2011-02-17,58.22126265902064,59.1246950239756,56.94976279820759,57.92012023925781,1603924
2011-02-18,58.35511096877229,58.75664106026274,55.61135094236834,55.84557342529297,1168893
2011-02-21,56.01287177014076,58.42203171757346,55.20982185810774,57.15053176879883,3518847
2011-02-22,56.28056702900263,58.65626486886763,55.91250454629656,56.58171463012695,2676602
2011-02-23,56.31402333684142,57.4516783110535,56.04633831183059,56.34748077392578,1062626
2011-02-24,56.31402941515691,56.94977695071896,53.63718908745526,53.97179412841797,1334100
2011-02-25,54.44023175738893,54.9756017925607,50.85995932597047,52.93450927734375,1281597
2011-02-28,54.87521925472142,56.78246670768504,52.36568178880429,52.96797180175781,4898687
2011-03-01,54.27293138008349,54.67445636931663,53.06835641238408,54.373313903808594,1459629
2011-03-03,54.07217398841503,55.04252651696381,53.60372389082762,54.306396484375,1133879
2011-03-04,54.774849315183296,55.07599694365866,53.77103409826851,54.038719177246094,951718
2011-03-07,53.53680460910755,53.53680460910755,51.86377946507294,52.49952697753906,654087
2011-03-08,53.46989157546136,54.87523185800841,52.93452141750618,54.038719177246094,1597547
2011-03-09,54.94214258387417,55.54443263356437,54.5071550421164,54.67445755004883,1370887
2011-03-10,54.4067804441197,54.4067804441197,53.60372530098699,53.90487289428711,568273
2011-03-11,52.86759060340968,54.00524557412757,52.26530057540195,52.8006706237793,730679
2011-03-14,53.00143564470139,53.73757080822119,52.39915066461088,52.86759567260742,921453
2011-03-15,52.33222367252251,52.33222367252251,50.59227857014638,51.1945686340332,667563
2011-03-16,51.7968546058336,52.63336709912656,51.36186708818784,51.96415710449219,529259
2011-03-17,51.89722954992259,52.499514372635055,51.2614770844303,51.69646453857422,439084
2011-03-18,52.06453729816742,52.29875976468913,50.85995731938884,51.06072235107422,347650
2011-03-21,51.462260373525176,51.462260373525176,50.35806263026611,50.59228515625,303188
2011-03-22,51.0941849340396,51.763394966196415,50.55881997171456,50.89342498779297,438865
2011-03-23,50.92688357378903,51.863778661057765,50.625741094798265,51.22803115844727,523134
2011-03-24,51.46225545389837,53.40296567990861,51.32841037636835,53.1018180847168,1273101
2011-03-25,50.72612501414322,54.54062034575077,50.72612501414322,54.10563278198242,1630630
2011-03-28,54.80830886891169,56.71555665566781,54.406783825226384,54.90869140625,1375926
2011-03-29,55.14289637393585,55.14289637393585,52.39913682533015,52.70027923583984,782674
2011-03-30,52.86758538209891,53.87140029441724,52.86758538209891,53.4364128112793,634206
2011-03-31,53.73756297773045,54.33984787005765,52.73374801629589,53.13527297973633,472382
2011-04-01,53.97179250484978,55.07599012794402,53.40296497345808,54.87522506713867,1076081
2011-04-04,55.87904101246813,56.54825108447373,55.37713345846392,55.94596099853516,1133725
2011-04-05,55.87904310800621,57.3178458379088,54.20601786525153,56.91632080078125,1025425
2011-04-06,57.15054075822154,58.08743587340569,56.48133069104252,56.94977569580078,869313
2011-04-07,56.88285722297255,59.82738261800115,55.27675199789624,59.35893249511719,3706872
2011-04-08,59.8273728719641,60.42966287146156,56.91631049767116,57.45167541503906,1545988
2011-04-11,57.21745588159471,58.28819087695895,55.81211588107495,56.14672088623047,950326
2011-04-13,56.01287681002845,57.41822194103564,55.57789438017767,56.98323440551758,886276
2011-04-15,57.35130310058593,58.2881982547416,56.24711052834415,57.35130310058594,1438955
2011-04-18,57.35129729631726,58.053969867236624,55.44404973967984,55.71173477172852,740941
2011-04-19,55.644819491630855,56.81593713833404,55.14291192875805,56.58171463012695,1240106
2011-04-20,58.2212666867318,58.32164920215263,56.88284676289888,57.15053176879883,1133092
2011-04-21,57.518599359821344,57.752826952100726,56.61516685107907,56.98323440551758,625667
2011-04-25,57.35131067593282,58.08744596221816,56.34749540081847,57.418235778808594,1155880
2011-04-26,57.4182336215331,57.55207361091907,56.21365329438606,56.71556091308594,520439
2011-04-27,57.0501661216004,59.29201913574369,56.9497835764991,58.82357406616211,1628580
2011-04-28,59.72700037890193,60.76427805800151,58.22127768027415,58.65626525878906,4659251
2011-04-29,58.75664939904753,59.057791904736526,57.016699037433135,57.95359420776367,1163857
2011-05-02,58.15436463107747,58.15436463107747,56.38095666441616,57.51861190795898,931827
2011-05-03,57.38475338224946,57.55205587024436,55.00905601045523,55.310203552246094,591095
2011-05-04,55.3102125397314,55.611355024788864,54.50715740346555,55.10944747924805,497250
2011-05-05,55.14290143498173,55.845568825884335,53.60371649281391,53.7710189819336,537961
2011-05-06,54.20601376998559,55.14290885627933,53.771026218599125,54.80830383300781,402746
2011-05-09,56.07981186780441,56.07981186780441,54.40678651501393,54.57408905029297,276385
2011-05-10,54.97560790951911,55.243292956889455,53.871410280158734,54.10563278198242,356036
2011-05-11,54.94213610167309,56.4813210353217,54.60753112528572,55.042518615722656,942414
2011-05-12,54.80830663433342,55.14291167470704,54.00525147403608,54.206016540527344,313648
2011-05-13,54.30639136835011,55.07598387314709,54.03870635289894,54.44023132324219,373560
2011-05-16,54.64100421034338,54.741386743765744,53.80449160793662,53.97179412841797,320486
2011-05-17,54.2060167544356,54.67446177054017,53.40296669663699,53.70410919189453,286990
2011-05-18,54.20601435917254,54.40677941758464,52.90105679649651,53.26911926269531,280825
2011-05-19,53.63718784657621,54.47370042963052,53.536805315476165,53.90487289428711,428481
2011-05-20,54.20601139948918,55.07598646421702,53.938326371444674,54.373313903808594,395598
2011-05-23,54.607539349282455,54.70792187844981,53.06835928949722,53.302581787109375,252519
2011-05-24,53.46988767254079,53.67064763786877,51.294954861313336,51.46225738525391,481539
2011-05-25,51.52916958684644,52.96797209644374,51.2280271315278,51.96415710449219,396222
2011-05-26,52.46607973915391,52.80068483301884,51.83032699740943,52.4326171875,229928
2011-05-27,52.5329907284185,53.33604077371961,49.78923045036075,52.63337326049805,523175
2011-05-30,53.402960443886215,54.206010407658745,53.0348928988513,53.50333786010742,436525
2011-05-31,53.938326371444674,55.14290644481133,53.67064134340016,54.373313903808594,688653
2011-06-01,54.74137616384346,55.64480857870191,54.30638867352888,55.07598114013672,611081
2011-06-02,54.37330864765418,56.07979606901649,53.87140118321429,55.07598114013672,1005387
2011-06-03,55.47750230908882,55.879027232138576,54.57406995581028,54.77482986450195,785365
2011-06-06,55.10944343367248,56.347480933988834,54.94214093077385,55.84557342529297,1042576
2011-06-07,55.67827498863563,55.945960033956176,54.90868750363197,55.14291000366211,548405
2011-06-08,55.17636744328495,55.879040049042935,54.80830497342832,55.14291000366211,445352
2011-06-09,55.37712860107421,55.97941863418309,55.00906105148901,55.37712860107422,542958
2011-06-10,55.7117285528272,55.94595101509913,54.74137616384346,55.07598114013672,417969
2011-06-13,55.07599393325787,55.343673891936106,54.10563621321146,54.90869140625,346940
2011-06-14,55.24327854442833,55.678260889046186,54.67444605254416,54.97559356689453,442962
2011-06-15,55.47750750401515,55.8121124888335,54.440230008811525,54.6075325012207,537564
2011-06-16,54.47369026294157,54.50714769661885,53.23565289221563,53.4364128112793,420365
2011-06-17,53.23566848638568,53.80449608219109,52.53299579966431,52.66683578491211,275510
2011-06-20,52.80067418416965,52.80067418416965,49.25385886225636,50.15729141235352,396188
2011-06-21,50.056920225147245,50.99381033120138,49.555012623046174,50.35806274414063,380577
2011-06-22,50.793037954839335,50.793037954839335,48.51772302626721,48.75194549560547,345628
2011-06-23,48.685032068339886,49.78922969308524,46.978544365945474,48.21658706665039,1277233
2011-06-24,48.51771788066528,49.45461276432175,48.183112929764135,49.22039031982422,605113
2011-06-27,49.12001906246808,50.25767411380146,48.25004394862429,49.688846588134766,470391
2011-06-28,49.88960647583008,50.29113144611369,49.287316467571166,49.88960647583008,352932
2011-06-29,50.09036254882812,50.72611504965579,49.88960263198776,50.090362548828125,344100
2011-06-30,56.88284781462532,56.88284781462532,50.85995804601793,53.13527297973633,1830292
2011-07-01,54.60753687828053,54.67445685947478,52.3656843214356,52.90105438232422,893589
2011-07-04,53.53680460910755,53.53680460910755,51.86377946507294,52.49952697753906,512148
2011-07-05,54.13910115097876,54.875231281178,52.29877327264657,52.66683578491211,395227
2011-07-06,52.29877433483048,53.837954619113496,52.29877433483048,53.03490447998047,681379
2011-07-07,53.23565814987749,53.4698806314174,52.499523056941854,52.8006706237793,460410
2011-07-08,53.00142179533966,53.168724269574525,51.52916206433935,51.69646453857422,319811
2011-07-11,51.59609603881836,52.09800359776731,51.36187353244239,51.59609603881836,218807
2011-07-12,51.19456233405816,52.26529725716652,50.72611740071913,50.993797302246094,518746
2011-07-13,51.46224954455214,52.46606453525601,50.8599595289964,52.19837951660156,447381
2011-07-14,51.56262572835849,53.13526799940322,51.56262572835849,52.53297805786133,480253
2011-07-15,52.66682446999655,53.1352745290586,51.79685454145343,52.19837951660156,294949
2011-07-18,52.19838591996926,52.80067600941014,51.86378088202074,52.09800338745117,196254
2011-07-19,52.1314594567475,52.70028692945584,51.897236980416665,52.466064453125,225008
2011-07-20,53.20220838395191,54.00525854370647,49.65539244942109,50.55883026123047,1540309
2011-07-21,50.15728780276145,50.190750345258486,48.31696029010197,49.454620361328125,358502
2011-07-22,49.7223160062853,51.69648389933231,49.52155091974875,51.16111373901367,746260
2011-07-25,51.294959750940045,52.19839244520414,50.55882959656442,51.79686737060547,531809
2011-07-26,52.16491744594892,52.1983799882082,50.55881753084543,50.65919494628906,253643
2011-07-27,51.06072991241594,52.39915004007384,50.55882236454423,51.26148986816406,862516
2011-07-28,50.82650259559641,51.52917520889383,50.22421761924734,50.52536010742188,534264
2011-07-29,50.59227265443808,50.99379761485686,49.62192024128712,49.75576019287109,223511
2011-08-01,50.45843666607886,50.692659152581086,49.019634098040456,49.48807907104492,298263
2011-08-02,49.78922178315179,54.54061145301751,49.3207717502166,53.7710189819336,3183725
2011-08-03,52.86758779873419,54.50715018820033,52.59990278874646,53.83794021606445,1821020
2011-08-04,54.50715703917515,54.774842082808064,52.39914944652634,52.7672119140625,863705
2011-08-05,50.92689022356074,51.663020350510735,44.535936501326525,50.59228515625,1013135
2011-08-08,50.19075227822484,52.86759239973016,50.19075227822484,51.328407287597656,1207927
2011-08-09,50.19074667743527,50.52535165528485,48.28349932482609,48.65156173706055,701907
2011-08-10,50.19074770774776,56.81592742630383,49.45461776250082,54.640995025634766,3794299
2011-08-11,54.239476517802586,58.38857677964812,53.034896387244856,57.65244674682617,4493607
2011-08-12,58.355111494885485,61.199254069804034,57.38475901159194,58.18780899047852,3938765
2011-08-16,58.55587651179386,59.29200650966583,53.70410388653095,54.373313903808594,896046
2011-08-17,54.875217891756186,55.20982287890104,52.19837799459735,53.13527297973633,1030113
2011-08-18,53.40295604460752,54.07216599451154,50.056906295087416,50.45843124389648,674245
2011-08-19,47.01200149507472,51.06072395079635,42.16022909878587,49.88960647583008,862765
2011-08-22,49.989984946440245,51.39533003065646,49.68884248877512,50.65919494628906,374716
2011-08-23,51.19457097884712,55.37713396731503,50.69266342023097,54.70792388916016,2188092
2011-08-24,54.84175664737364,55.84557163254094,52.63336674340579,53.20219421386719,863722
2011-08-25,53.70410669181269,54.64100178607439,52.9345141106096,53.57026672363281,946729
2011-08-26,53.57025719231038,54.07216464218587,50.02344250425696,50.391510009765625,417928
2011-08-29,51.09417954073916,53.13527196563472,51.09417954073916,52.06453704833984,494287
2011-08-30,52.5329842865321,53.83794172654219,52.5329842865321,52.96797180175781,607951
2011-09-02,53.40295537760202,54.5406102359628,48.31695573732246,53.4364128112793,1420660
2011-09-05,52.66682293433338,54.50715036363008,52.231840535578606,53.13527297973633,774518
2011-09-06,53.20220028225444,55.310213012684834,53.001435220054354,53.90487289428711,1056670
2011-09-07,54.33984634051888,55.07598137605063,53.70409892510522,54.07216644287109,428048
2011-09-08,54.406770992653385,56.34747576366885,51.09417867581652,56.01287078857422,1496099
2011-09-09,56.21363880673079,57.15053380797637,54.10562633034498,54.44023132324219,717830
2011-09-12,53.87140952800607,54.54061958425459,52.53298941550902,52.7672119140625,315730
2011-09-13,53.75129342161625,54.53177412659935,52.36000668290048,52.835079193115234,389071
2011-09-14,52.83507591874997,54.56570671481164,51.85099498947675,54.022762298583984,771255
2011-09-15,54.42996676020612,54.531769483126894,53.242280407900736,53.68342208862305,513661
2011-09-16,54.12456271192964,54.6335711386876,52.97081234910552,53.54768753051758,378102
2011-09-19,53.27622232064933,54.29423930766811,53.10655282281287,53.37802505493164,357269
2011-09-20,53.58161523195261,53.920954163574606,52.52966765066513,52.80113983154297,506573
2011-09-21,52.597530897819496,53.34407546207935,52.427861443310405,52.66539764404297,271973
2011-09-22,52.088529231376654,52.39393221759872,49.170212167448376,50.59543991088867,751375
2011-09-23,50.56149944110496,50.56149944110496,48.49152994316105,49.40774917602539,632006
2011-09-26,49.74709934747225,51.10445534409739,48.62727961467607,49.102352142333984,812306
2011-09-27,49.71315213504615,50.22216051868144,49.20414375141087,49.40774917602539,208688
2011-09-28,49.6113517577954,49.98462666119061,48.72907362470869,48.86480712890625,202265
2011-09-29,48.79694790260692,49.136286893337285,47.91466445554714,48.76301193237305,290160
2011-09-30,47.67712339134767,50.01856012018918,47.67712339134767,49.64529037475586,346053
2011-10-03,48.2200727185965,49.03448422628046,47.50745876594647,47.643192291259766,213969
2011-10-04,48.18613193620978,49.47562100951966,47.50745402161528,47.609256744384766,451380
2011-10-05,47.84679160358237,48.79694169228344,46.86271072686784,47.168113708496094,238106
2011-10-07,48.15220077803776,48.491539769223095,47.43959200328982,47.643192291259766,185410
2011-10-10,47.94858855499847,48.11825800835805,47.20204399579646,47.67711639404297,136142
2011-10-11,48.15219729403702,52.156398135884686,47.98252781072061,50.86690902709961,1324027
2011-10-12,51.24018270069305,51.44378814682332,49.71315738842074,50.52756881713867,310297
2011-10-13,54.32817009994851,54.32817009994851,50.56150553584877,51.91886138916016,733257
2011-10-14,51.61345352954773,51.81705378161723,50.222161839850855,50.76510620117188,262141
2011-10-17,50.5954367354967,52.05458999798224,50.42576726982153,50.76510620117188,308513
2011-10-18,50.561509277364536,50.561509277364536,48.355805852513065,48.89875030517578,281901
2011-10-19,49.40775285676183,51.37591461111986,49.20414741697928,50.32396697998047,440289
2011-10-20,49.61135976696751,50.49364322038981,49.272020773790025,49.84889602661133,215447
2011-10-21,49.57742203701215,50.83297510049861,48.59333598775954,49.00054168701172,405623
2011-10-24,49.27201335000849,50.15429667049775,48.66120221873911,48.93267440795898,167626
2011-10-25,49.50954671043162,49.78101888395064,48.86480482898734,49.40774917602539,180126
2011-10-28,50.49363239707228,51.17231023795256,49.61134913276753,50.12035751342773,192493
2011-10-31,50.222171175681936,50.90084916454251,49.81496541794603,50.0525016784668,170740
2011-11-01,49.88282730499761,50.32396899021397,48.59333821663504,48.79694366455078,350667
2011-11-02,49.40775547921521,50.7990421319043,48.52547209719642,50.08643341064453,712032
2011-11-03,50.22216975597022,50.76511420287124,49.20415280145731,49.50955581665039,381974
2011-11-04,49.54347914269564,50.22215693917092,49.204140244458,49.27200698852539,286573
2011-11-08,49.67923202555473,49.71316799978734,48.86482042299916,49.47563171386719,151699
2011-11-09,49.54349139920747,49.814963620536936,48.186135470462055,48.42367172241211,207038
2011-11-11,48.35580062866211,49.40775345034097,47.77892544621626,48.35580062866211,360500
2011-11-14,48.59333679281116,49.17021197446736,46.862711247842576,47.23598098754883,185762
2011-11-15,47.43958341287224,47.473514199105296,45.30174711994624,45.573219299316406,243618
2011-11-16,45.60715164037881,45.77682111103186,39.12578096817317,43.40145111083984,424502
2011-11-17,42.75670848479984,46.82877595954268,42.349502772905865,44.24979782104492,260187
2011-11-18,44.2498009769652,44.45340643638422,40.75461103190251,41.06001663208008,416053
2011-11-21,41.060019766128384,41.229689269294205,37.32729069648035,37.56482696533203,608176
2011-11-22,37.564822035869724,39.2275834664883,37.05581359316714,38.44710540771485,520737
2011-11-23,38.14169989585965,38.61677496106349,37.123683008544624,37.4290885925293,193508
2011-11-24,40.517074403112325,40.517074403112325,36.85221241308071,38.85431289672852,805974
2011-11-25,38.95611105346538,40.31346680321747,38.17563046177767,38.58283615112305,642739
2011-11-28,39.634791497584025,40.04199721332566,37.39515229415263,39.26151657104492,234696
2011-11-29,38.99004580985664,39.872326560642406,38.582837517143474,39.02397918701172,309773
2011-11-30,38.752509964364286,39.22758504782804,37.90416252566147,38.311370849609375,188847
2011-12-01,39.09185167396675,39.70266290813387,38.14170402953592,38.41317367553711,183633
2011-12-02,38.209571044970296,39.49906028604355,38.209571044970296,39.057918548583984,204652
2011-12-05,36.6825437235253,39.70266120475406,36.6825437235253,38.10776901245117,444433
2011-12-07,38.34529913055584,38.6167713104232,37.83629073501749,37.97202682495117,232559
2011-12-08,37.66661922259587,38.481033128982624,37.15761085472296,37.36121368408203,161676
2011-12-09,36.71647705331728,37.19155214896752,36.37713806913154,36.88614654541016,117982
2011-12-12,37.632692711134055,37.632692711134055,35.29125327419083,35.52878952026367,193864
2011-12-13,35.29125623211554,35.69846199921335,34.13750310673693,34.37504196166992,721090
2011-12-14,34.10356397085239,34.6125723883278,32.576538718426164,32.74620819091797,420330
2011-12-15,32.57653835331372,32.57653835331372,31.320985306526683,32.101463317871094,326821
2011-12-16,32.03360149303303,32.84801559493959,31.04951789443557,31.388856887817383,355823
2011-12-19,31.2191890171596,31.2191890171596,29.488560578563817,29.692163467407227,272495
2011-12-20,29.89576405521261,29.997566786274284,28.5384081154622,28.606277465820312,235654
2011-12-21,29.31888286770786,29.55641907338858,28.640205035533835,29.013477325439453,211554
2011-12-22,28.91168202437055,30.676246393606785,28.674145757815257,30.03150177001953,234506
2011-12-23,30.438703051525863,32.84801168922441,30.099364098492348,31.999664306640625,1004575
2011-12-26,32.57654442072108,32.84801665980755,31.626394172869592,32.13540267944336,356124
2011-12-27,31.99966448946989,32.30506747778436,31.253117235160328,31.422786712646484,156826
2011-12-28,31.219183086809235,31.76212488357229,30.71017466691561,30.81197738647461,145816
2011-12-29,30.676240921020504,31.55852165376576,30.065429788915736,30.676240921020508,257451
2011-12-30,31.18525729402319,32.440810666190885,30.84591826490205,31.32099342346192,478207
2012-01-02,31.21918244142279,31.897860320584154,30.81197674950624,31.15131568908692,121567
2012-01-03,31.59245843995057,33.05161708582403,31.38885557025801,32.6783447265625,393002
2012-01-04,33.15341771936696,37.59876048336101,32.915881466017325,36.88614654541016,2858587
2012-01-05,37.12368213186001,38.85431028163618,36.105665268585696,38.073829650878906,2093334
2012-01-06,37.8362973947377,39.43118961256775,37.32728890960669,38.27743911743164,1957072
2012-01-09,45.776823485292006,48.86481008249949,45.030278811278585,45.675025939941406,7011736
2012-01-10,45.912564574669496,46.72697604743937,44.249800482403344,45.132083892822266,2611622
2012-01-11,44.79274285430525,46.38763493550701,43.9443954517616,44.41946792602539,1731757
2012-01-12,44.11406792262338,45.36962112791765,42.96031485916457,43.367523193359375,2080152
2012-01-13,43.50325064936329,44.92847314792316,43.12997833678339,43.57111740112305,1108910
2012-01-16,44.0462016320561,46.25190505175635,44.0462016320561,44.55521011352539,3354149
2012-01-17,44.792739644403646,45.03027586451341,43.435383897603536,43.57111740112305,727039
2012-01-18,43.5711195858777,43.97833047265722,41.84049402867083,42.24769973754883,468354
2012-01-19,42.65491052545084,43.60506074457055,42.11196865264718,42.58704376220703,856970
2012-01-20,42.82457859502904,43.16391757783894,41.33148914182626,41.70476150512695,411951
2012-01-23,41.73869488561775,42.654909103624085,41.26361979189369,41.70476150512695,361685
2012-01-24,42.01016277258068,42.96031027303578,41.67082382478584,41.97622680664063,596041
2012-01-25,42.179837071202186,43.09605129946876,41.97623160807539,42.89244842529297,661240
2012-01-27,43.09605181841438,43.774729799806735,42.75671282771821,42.9603157043457,494338
2012-01-30,43.23178904230111,45.33569239199805,43.23178904230111,44.7588119506836,1620399
2012-01-31,45.13208285107814,45.43748585184203,44.52127167164861,44.9963493347168,862143
2012-02-01,44.92848135979146,46.794845852769086,44.555211567937256,45.87863159179688,2305630
2012-02-02,47.50745747639022,47.50745747639022,44.657012098967584,45.40355682373047,1320573
2012-02-03,45.40356207565567,45.60716238164991,44.48734775392524,44.724884033203125,675772
2012-02-06,45.09814688303693,45.53928857806391,44.58913842982928,44.9963493347168,384204
2012-02-07,45.13208117839983,45.403553378963,43.97833079838331,44.24979782104492,473683
2012-02-08,44.58914657442943,46.11617221297705,44.14800997672672,45.1660270690918,1362554
2012-02-09,45.132081534530776,46.591240093407954,44.86060933182546,45.675025939941406,1211384
2012-02-10,45.81076266291687,46.38763789790654,45.13208469754032,45.5053596496582,834855
2012-02-13,45.47141754156424,49.1702098823668,44.89454238445301,48.66120147705078,3450217
2012-02-14,48.66120787799874,49.814963521888735,47.94859912355975,48.321868896484375,1931919
2012-02-15,48.69514207208092,49.30595325211943,47.23598346918386,47.9146614074707,1141733
2012-02-16,47.914662220752376,49.81496255137107,47.77892870195184,48.28793716430664,1057023
2012-02-17,48.59333700782168,48.932675960638726,47.23598119655346,47.4395866394043,626593
2012-02-21,47.64319874786592,48.11827650664917,46.896653901666845,47.30385971069336,541906
2012-02-22,47.37171931676262,47.98252528219279,44.79274123509649,45.233882904052734,487342
2012-02-23,45.6071613655384,47.16812289956259,43.87653550258367,45.369625091552734,1311608
2012-02-24,45.47141981045738,45.91256148598988,44.11406399521985,44.385536193847656,548776
2012-02-27,45.74289762799026,46.25190612122924,42.58704393432814,43.12998580932617,1223393
2012-02-28,43.16391533262788,46.3197687441857,41.94229557584612,45.607154846191406,1475107
2012-02-29,46.31976126742752,46.48943072261956,44.48733322251381,44.89453887939453,897508
2012-03-01,45.33569239003917,47.37172638639598,45.33569239003917,45.98043441772461,1783782
2012-03-02,46.21797068371613,46.21797068371613,44.48734489347939,44.7588119506836,412196
2012-03-05,45.60715406868128,46.15009847484004,44.283734198284016,44.65700912475586,468311
2012-03-06,44.86060914034743,46.04829549144991,43.02818084123568,43.33358383178711,753108
2012-03-07,43.43539142305978,44.046202650526986,42.688846668556366,43.12998580932617,393768
2012-03-09,43.401454938518455,44.45340523155125,43.401454938518455,43.74079132080078,429771
2012-03-12,44.283734198284016,45.742892759171774,43.910459271812165,44.65700912475586,844977
2012-03-13,44.92847516007937,45.98042798212248,44.79274165048093,45.19994735717773,568764
2012-03-14,45.94649641977464,46.08223512028521,44.99635140571056,45.26781845092773,407319
2012-03-15,45.13208379524613,45.81076174705435,44.589139362638825,45.03028106689453,381616
2012-03-16,45.47142214525089,46.69304451285118,43.36752155918531,43.74079132080078,1841099
2012-03-19,44.046201161399736,45.2678183971312,43.16391773178648,43.367523193359375,581963
2012-03-20,43.70686136081298,44.24980061836045,42.85851391661203,42.99424743652344,389833
2012-03-21,43.19785094181972,43.77472614222216,43.02818146064831,43.50325393676758,297317
2012-03-22,43.503256224773466,44.38553964442815,41.97623081391861,42.17983627319336,514112
2012-03-23,42.145899065266256,42.96031311157521,41.39935436637106,41.84049606323242,269173
2012-03-26,42.145902286675344,42.145902286675344,40.07593492792965,40.4492073059082,184621
2012-03-27,41.60295797310908,41.60295797310908,39.49905735580548,39.87232971191406,247712
2012-03-28,39.83839310745534,39.83839310745534,37.66662331731548,37.90415954589844,367233
2012-03-29,38.00595944307205,38.54890120304011,37.22547888321446,37.70055389404297,401467
2012-03-30,38.005965253886174,38.820379312831065,37.90416252566147,38.311370849609375,394503
2012-04-02,38.650710225633006,39.70266054273581,38.34530462674485,39.397254943847656,321621
2012-04-03,39.39725293177482,41.229683842568015,39.36331955339827,40.924278259277344,789436
2012-04-04,41.06001611267453,41.942296932842645,40.48314088882064,40.992149353027344,578544
2012-04-09,40.92427427726184,41.56901875948478,40.10986033071448,40.48313522338867,354080
2012-04-10,40.95820236206055,41.67081609134041,40.55099673585797,40.95820236206055,551315
2012-04-11,40.51707168400974,41.22968297065059,40.0759300075912,40.21166610717773,315034
2012-04-12,40.17773171775426,41.39935140536844,38.85430931077612,40.41526794433594,293261
2012-04-13,40.72068089218494,40.89035039590237,39.15972197577475,39.32939147949219,265776
2012-04-16,39.36331991864255,39.77052564084127,38.854311471418725,39.43118667602539,162207
2012-04-17,39.70265579223633,39.974127978532735,39.02397791544597,39.70265579223633,184048
2012-04-18,39.2275811226657,41.29754814818682,39.2275811226657,40.3474006652832,545463
2012-04-19,40.58493873144484,40.85641093257187,39.60085523854781,39.73659133911133,315550
2012-04-20,39.53298990810943,40.21166784644608,38.82037859064613,39.15971755981445,213330
2012-04-23,39.2954524092948,39.77052487978529,38.51497176957335,38.82037734985352,191436
2012-04-24,38.92217572760826,39.60085361362725,38.14169771205684,38.75250625610352,233125
2012-04-25,39.26152162688634,39.36332436340665,37.66662934774256,38.03990173339844,118625
2012-04-26,38.51496898228841,39.159713474231374,38.24349679969644,38.61677169799805,307453
2012-04-27,39.15971871471454,39.15971871471454,37.734493448804265,37.9380989074707,158933
2012-04-30,41.84049176063671,42.14589473126495,40.75460561423973,41.09394454956055,1317842
2012-05-02,41.39935681735457,41.84049854033303,39.53299237067056,39.83839797973633,1259931
2012-05-03,40.58494137033976,40.58494137033976,39.12578531402004,39.397254943847656,378763
2012-05-04,39.363325452590736,39.5669283423139,37.530894267179896,37.83629989624024,271141
2012-05-07,37.3272900957579,37.59876233203477,36.20747035730472,37.39515686035156,302135
2012-05-08,37.83629650190192,39.26151919105685,37.29335464836438,37.4630241394043,776182
2012-05-09,37.46303093605255,37.46303093605255,35.96993862623007,36.54681396484375,248291
2012-05-10,36.81827660286807,37.87022684515986,36.7843432251717,37.05581283569336,450241
2012-05-11,37.29334854139189,37.29334854139189,36.10566229860203,36.30926513671875,240280
2012-05-14,36.71647209877847,37.700555537914624,36.41106912538332,36.64860534667969,437008
2012-05-15,36.51287905208231,40.82248627959234,36.275342767041,38.88825225830078,3841728
2012-05-16,39.295457598360535,39.83839948558281,37.66662934774256,38.03990173339844,1252705
2012-05-17,38.24349344843634,39.22757678790918,37.39514618836499,37.66661834716797,463694
2012-05-18,37.29335165746942,37.32728503516579,36.478937648002926,37.05581283569336,334228
2012-05-21,37.08975383072898,38.17563759793422,37.08975383072898,37.39515686035156,329743
2012-05-22,37.70056134357025,38.61677817169941,37.05581674354255,37.15761947631836,454719
2012-05-23,36.98795153551183,37.63269616263667,36.64861253059888,37.02188491821289,319360
2012-05-24,37.32728863774032,38.10776934483712,36.92008288818174,37.632694244384766,534335
2012-05-25,37.83629073501749,38.48103522048952,37.59875451934649,37.97202682495117,433631
2012-05-28,38.00596394211408,39.4990559004873,37.90416121740308,38.990047454833984,654853
2012-05-29,39.36331674281075,39.53298621152977,38.41316668240403,38.58283615112305,377197
2012-05-30,38.54890235787475,39.56691915916872,38.17563004852375,38.61677169799805,1028674
2012-05-31,38.51497216449486,39.02398060719743,38.345302683594,38.44710540771485,195955
2012-06-01,38.00596802197826,38.854315522468845,36.71647878565213,36.95401763916016,175759
2012-06-04,36.64860993980919,39.19365229674038,36.44500706904488,38.48104095458984,876454
2012-06-05,39.363319797189575,39.94019500001633,38.85431135153627,38.990047454833984,1070078
2012-06-06,38.75251384724356,40.31347536202089,38.75251384724356,39.97413635253906,861952
2012-06-07,40.27953720092773,41.06001791590132,39.56692583753288,40.27953720092773,1086171
2012-06-08,40.04200085612983,40.38133984643602,39.43118963799829,39.83839797973633,329483
2012-06-11,40.279536494546406,40.8564143225692,39.46512500149234,39.66872787475586,514687
2012-06-12,38.8543137927508,40.44920598709117,38.8543137927508,39.66872787475586,339082
2012-06-13,39.97412680079929,40.177729640047644,39.05791014075585,39.465118408203125,808634
2012-06-14,40.31347174051213,41.535091547113815,39.12578531402004,39.397254943847656,2533055
2012-06-15,39.53298864454005,39.90626098090434,38.68464124873447,38.82037734985352,419550
2012-06-18,39.39725329733397,40.31347005570736,38.58283926398568,39.43118667602539,962175
2012-06-19,39.87232887727775,40.008064982735256,38.95611469610363,39.15971755981445,379605
2012-06-20,39.329393047562725,39.77053222144567,39.09185417951689,39.19365692138672,265893
2012-06-21,39.19364981473825,39.634791497584025,39.02398033502077,39.26151657104492,230134
2012-06-22,39.09184200402389,39.43118091929823,38.68463634127486,38.92217254638672,247655
2012-06-25,39.19365134936152,39.49905694260127,38.34530391755715,38.78644561767578,231512
2012-06-26,38.78645151154843,39.36332681725527,38.41317651367204,38.71858215332031,291502
2012-06-27,38.95611604567386,39.19365229674038,38.34530484442998,38.48104095458984,178008
2012-06-28,38.956116335910544,39.668727683370285,38.616777352458186,39.12578582763672,451713
2012-06-29,39.39725565110384,39.87233074801937,39.05791666601432,39.66872787475586,541971
2012-07-02,39.70266393466634,40.34740856763492,39.431191692695,39.7705307006836,443158
2012-07-03,40.0080648908057,40.6867428275829,39.73659268051448,40.177734375,446684
2012-07-04,40.3813371500416,41.53509015783296,40.3813371500416,41.19575119018555,1007271
2012-07-05,41.22969068785593,42.31557450989797,41.02608779484196,41.77263259887695,1206568
2012-07-06,42.07804265782184,42.89245690447321,41.56903407728367,41.94230651855469,1621248
2012-07-09,41.29754658098547,41.738688223809206,40.38133250921378,40.48313522338867,383550
2012-07-10,40.48314998448894,41.229694864143866,40.31348045829905,40.856422424316406,1066587
2012-07-11,41.26361794813468,42.68884316562431,40.99214832738728,41.19575119018555,2068659
2012-07-12,41.12788352211128,41.195752871781686,39.77052759611486,40.04199981689453,491162
2012-07-13,40.04200190604218,40.5510104048478,39.46512664297625,39.634796142578125,575012
2012-07-16,40.72067260742188,40.72067260742188,38.447102755754415,38.68463897705078,346032
2012-07-17,38.99004922512648,39.09184936550875,37.734493448804265,37.9380989074707,373308
2012-07-18,38.175630832701,38.44710302086936,37.36121685714657,38.209564208984375,392910
2012-07-19,38.54890441894531,38.8882433708532,38.41316832039201,38.54890441894531,337537
2012-07-20,38.92217379345567,38.95610975723079,38.10776244186384,38.24349594116211,193880
2012-07-23,37.87023031152426,38.00596642368477,36.9879494659075,37.089752197265625,231532
2012-07-24,37.32729002158579,37.463026139454506,36.81828152129144,36.95401763916016,236832
2012-07-25,36.8861410366227,37.05581050337617,36.30926588524117,36.58073806762695,215598
2012-07-26,36.78434182825869,36.78434182825869,35.121580494773944,35.25731658935547,290545
2012-07-27,35.69846199921335,36.07173697282932,34.20537246055398,34.37504196166992,297555
2012-07-30,34.612571203433575,35.7323907191249,34.44290173675007,35.562721252441406,235515
2012-07-31,36.037795495953,36.61467326498829,35.63058979106399,35.96992874145508,426906
2012-08-01,36.003866638595944,36.64861124306979,35.969933257087014,36.24140548706055,230171
2012-08-02,36.34320468850317,37.46302437189652,36.03779908494579,36.88614654541016,555943
2012-08-03,36.5468089371468,36.5468089371468,35.83419756131838,36.20746994018555,171002
2012-08-06,36.58073870290739,37.08974711200749,36.41106923320736,36.75040817260742,251129
2012-08-07,37.08975055014793,37.496956279594855,36.6486088524547,37.12368392944336,269531
2012-08-08,37.25941672829644,39.499053219358096,36.98794454012808,38.209564208984375,2175248
2012-08-09,38.75251304953467,38.922182550782985,37.36122365708872,37.59876251220703,880498
2012-08-10,38.41317173585725,38.41317173585725,37.29335464836438,37.4630241394043,540938
2012-08-13,38.00595813451115,38.00595813451115,37.25941356387771,37.36121368408203,320506
2012-08-14,37.66662076511215,37.90415697760021,37.055809663070654,37.22547912597656,482453
2012-08-16,37.56482142733439,37.56482142733439,36.037796123963865,36.13959884643555,706132
2012-08-17,36.59265047784524,37.18510185061124,36.45324937282532,36.66234970092773,418561
2012-08-21,36.732050961202575,37.01085050766901,36.59264985854192,36.80175018310547,140362
2012-08-22,36.38355186089108,37.60330693418534,36.31384997567552,36.766902923583984,503126
2012-08-23,36.94115070683839,37.56845432955305,36.59264928507576,36.69720077514648,459908
2012-08-24,36.31384872757376,36.55780132916103,35.79109657127172,35.96534729003906,262340
2012-08-27,36.27900534256679,37.18510870391078,35.75625309653887,35.930503845214844,609725
2012-08-28,36.03505438309167,36.17445551003226,34.39709579453662,34.641048431396484,294341
2012-08-29,34.85014787538228,35.024398614759185,33.76979382301648,33.90919494628906,205175
2012-08-30,33.49098857236922,34.780445523408765,33.10763751189721,34.327392578125,296865
2012-08-31,34.85014338261755,36.035048789397536,34.85014338261755,35.094093322753906,1074079
2012-09-03,35.44259147174444,37.91695354966921,35.26834077098098,37.289649963378906,1297255
2012-09-04,38.19575461371421,38.19575461371421,36.38354831633895,37.08055114746094,1327831
2012-09-05,36.94115024142796,37.11540095011394,35.96534520924454,36.06989669799805,396111
2012-09-06,36.41839959234289,36.557800696716136,35.96534666784354,36.1047477722168,304654
2012-09-07,36.41840373217618,37.18510590510096,36.3138522272977,36.97600555419922,479011
2012-09-10,38.230611247591646,38.265463522634974,36.76690609685152,36.90630722045898,362567
2012-09-11,37.2199551798187,37.4639051264021,36.59265151881136,37.15025329589844,596459
2012-09-12,37.63815584792025,37.63815584792025,36.97600257438029,37.15025329589844,380026
2012-09-13,37.463903650991234,37.777555469142605,36.976001118184094,37.11540222167969,386701
2012-09-14,37.568456622855,37.91695806589129,37.04570445830055,37.15025329589844,424285
2012-09-17,37.359353837439095,37.77755716671832,37.04570466404846,37.463905334472656,505901
2012-09-18,37.60330099409849,38.89275509006185,37.53359911989354,38.68365478515625,963495
2012-09-20,38.05636158409385,40.00797205208254,37.56846162595203,38.75336456298828,1427759
2012-09-21,39.20641491591668,40.28676892849534,38.85791344999742,39.55491638183594,1310403
2012-09-24,39.79886975986417,41.26257763764945,39.41551864622591,40.565574645996094,1143390
2012-09-25,40.9140719073,42.62172959188271,39.79886564076296,41.82017517089844,2172995
2012-09-26,42.37778068620163,42.44748257957073,40.565574000291,40.70497512817383,1309110
2012-09-27,41.47167420383652,44.95668884281438,41.19287196917623,43.00508117675781,4504204
2012-09-28,43.42327918567124,43.73693101556181,41.750473857679886,41.92472457885742,1188055
2012-10-01,41.99442286209818,42.90052606013181,41.541369933653904,42.238372802734375,675026
2012-10-03,42.41262441477691,42.83082774036092,41.82017302710163,42.16867446899414,631843
2012-10-04,41.994426093160016,43.07478009158647,41.95957647879565,42.133827209472656,660389
2012-10-05,42.23836937006471,42.41262007317365,39.27610741721276,39.72916030883789,1030241
2012-10-08,40.00797246276581,41.018624665452826,39.72917020480397,39.938270568847656,567981
2012-10-09,40.35647404875406,40.56557441327941,39.276117290804834,39.69432067871094,504348
2012-10-10,39.41551297681856,40.00796702982036,39.03216191832034,39.3458137512207,337612
2012-10-11,39.554914766592624,42.34292638009695,39.554914766592624,41.088321685791016,4727269
2012-10-12,41.47166730810343,41.47166730810343,39.86856137250231,39.97311019897461,755519
2012-10-15,39.97311412253509,40.00796639363484,39.31096351331964,39.48521423339844,308027
2012-10-16,39.41551367098116,39.86856662191115,38.85791187981316,38.96246337890625,281058
2012-10-17,38.99731104599425,39.2412609865627,38.26545856543397,38.54425811767578,562255
2012-10-18,38.613959331504056,39.52006251360223,38.57910706157902,38.92760848999024,489725
2012-10-19,39.03215592348348,39.17155701212399,38.19575205049505,38.37000274658203,319968
2012-10-22,38.26546371010289,38.50941368346963,37.84726033723168,38.02151107788086,188734
2012-10-23,38.33516401738613,39.13671851038272,37.95181290898334,38.26546478271485,336862
2012-10-25,38.33515377219664,38.40485298824059,37.84725128332502,37.98665237426758,169221
2012-10-29,38.2306022644043,38.99730693466223,37.77755204270405,38.2306022644043,1092851
2012-10-30,38.12606297527798,38.2306118254223,36.94115739498842,37.01085662841797,253300
2012-10-31,37.080552828890006,37.777555691617806,36.941151724573466,37.42905426025391,272241
2012-11-01,37.42905566437228,38.1609081659203,37.21995532948071,37.707855224609375,223280
2012-11-02,37.7775603910191,38.75336292491162,37.67300888506211,38.40486145019531,591001
2012-11-05,38.37000934573333,38.82306229702064,37.70785605494998,37.88210678100586,368536
2012-11-06,38.05635987398546,38.40486134777234,37.707858400198575,37.847259521484375,315864
2012-11-07,37.91695785522461,38.19575741279164,37.81240635935261,37.91695785522461,159839
2012-11-08,37.28965288958344,37.74270581066239,37.1851013973791,37.359352111816406,253006
2012-11-09,37.35935664066161,37.84725923200248,36.80175481863857,36.97600555419922,225584
2012-11-12,37.15025098633459,37.25480247628771,36.836599175330086,36.9411506652832,158617
2012-11-15,37.045708085400285,37.08055770134499,36.66235433344266,36.83660507202149,115289
2012-11-16,37.15025526791706,37.4987567294526,36.27900161407823,36.48810195922852,209041
2012-11-19,36.76690321755962,36.76690321755962,35.686549247203295,35.756248474121094,206301
2012-11-20,36.174449894699,36.20929950631063,35.02439409953064,35.094093322753906,146543
2012-11-21,34.85014798161045,35.825953188637655,34.85014798161045,35.268348693847656,153283
2012-11-22,35.33804257606162,36.41839638686762,35.19864148395818,35.72139358520508,410475
2012-11-23,35.72139508680476,35.93049540432242,35.23349257336037,35.51229476928711,104499
2012-11-26,35.547144797794374,37.56845409493637,35.51229518760672,36.383548736572266,570770
2012-11-27,36.41839773109967,37.08055094889062,36.31384624344933,36.52294921875,258280
2012-11-29,36.6972052250458,36.87145595705674,36.34870376102392,36.557804107666016,154780
2012-11-30,36.76690079236814,37.463903650991234,36.66234930003272,37.11540222167969,318520
2012-12-03,37.32450422471292,37.70785528241093,37.150253502227,37.463905334472656,280015
2012-12-04,37.4639071760731,38.8927626389244,37.35935567390014,38.12606048583984,621533
2012-12-05,38.474561947942846,38.96246452665808,37.88210786705465,38.12606048583984,484695
2012-12-06,38.61396274645464,39.554915622839154,38.404859743831295,39.136714935302734,1239667
2012-12-07,38.96246233520864,39.72916444516992,38.33515867516395,38.47455978393555,577462
2012-12-10,38.61396152385807,39.06701181120218,38.19575819070768,38.33515930175781,237282
2012-12-11,38.54425704917153,38.962460354223424,37.84725419960656,38.05635452270508,337336
2012-12-12,38.474560844908886,38.64881157096477,37.74270832724521,37.88210678100586,131546
2012-12-13,38.335162942820446,38.92761439748556,37.84726033723168,38.02151107788086,465161
2012-12-14,38.753360118904766,40.04281707730281,38.61396166619584,38.89276123046875,1113419
2012-12-17,39.65946361673769,39.65946361673769,38.54425745050888,38.92760848999024,354053
2012-12-18,38.544259008893846,39.10186078512523,38.33515867516395,38.47455978393555,215636
2012-12-19,39.06701167539351,40.21706751399032,38.92761056482798,39.90341567993164,959056
2012-12-20,40.42617124709236,41.680776029886246,40.11251938668008,40.35647201538086,1631233
2012-12-21,40.356466701080535,40.84436657652298,38.96246097957661,39.24126052856445,492846
2012-12-24,38.75336627066115,39.90342230005649,38.683667033242536,38.85791778564453,316932
2012-12-26,39.93826549595701,41.0883213404022,39.10186148716552,40.21706771850586,2243791
2012-12-27,40.32161736440776,40.56556997873175,38.37000974409132,38.5094108581543,725836
2012-12-28,38.57910846623066,38.78821145797467,37.707854863480605,37.91695785522461,685366
2012-12-31,37.986655301290526,38.753357372270045,37.18510096074888,38.05635452270508,429520
2013-01-01,38.300312603093566,38.648814077809874,38.09121225003483,38.40486145019531,200769
2013-01-02,38.71850825780313,38.96246085359044,38.33515721740011,38.4397087097168,268708
2013-01-03,38.823066456190936,39.31096907318811,38.47456496674372,38.75336456298828,540830
2013-01-04,38.92761084364598,39.17156345359672,38.404858669422325,38.89276123046875,404055
2013-01-07,38.71850899864861,39.65946447093847,38.61396016318636,39.10186004638672,572079
2013-01-08,39.101866218884496,39.31096924052722,38.68366549330978,39.0670166015625,224985
2013-01-09,39.276118527867126,39.520071176543205,38.683667033242536,38.85791778564453,356906
2013-01-10,38.92761366226978,39.17156628988434,38.265462987392986,38.40486145019531,206438
2013-01-11,38.61396152385807,38.64881113690684,38.02150746660878,38.33515930175781,204535
2013-01-14,38.57910772934914,38.82306032877252,38.19575668323232,38.54425811767578,140557
2013-01-15,38.823066636651205,38.823066636651205,38.16091327185256,38.26546478271485,211029
2013-01-16,38.50940661960178,38.61395810835529,37.39420314755343,37.63815307617188,161753
2013-01-17,37.74271432921076,37.81241356717487,37.01085903631007,37.53361129760742,143635
2013-01-18,37.707855015119264,38.96246233520864,37.39420584395192,38.47455978393555,459050
2013-01-21,39.65946543344794,39.868565768302105,38.40485810661296,38.788211822509766,546487
2013-01-22,38.92761366226978,38.9624659368256,38.12606186573541,38.40486145019531,278935
2013-01-23,39.03216219815341,39.03216219815341,37.847256742509884,38.33515930175781,187168
2013-01-24,38.57910563906034,38.753356346840846,36.62749824368973,37.08055114746094,219959
2013-01-25,37.18510311495318,37.63815605695858,36.5229524965907,37.463905334472656,149205
2013-01-28,37.60331476288593,37.98666590538938,37.21996362038248,37.32451248168945,89264
2013-01-29,37.60330991708147,37.91696177829441,36.592655101553234,36.83660507202149,99797
2013-01-30,36.941150049465584,37.568453661017294,36.8714508298953,37.08055114746094,127217
2013-01-31,37.4987580229475,37.4987580229475,36.836604691418415,37.04570770263672,100381
2013-02-01,37.150256289759874,37.70785811178291,36.87145670817596,36.97600555419922,136347
2013-02-04,37.32451248168945,37.74271590348417,36.662359057989526,37.32451248168945,224603
2013-02-05,37.638158881100736,38.19576070312378,36.80175481863857,36.97600555419922,391299
2013-02-06,37.394206596248765,37.498755435789526,36.66235142518817,36.766902923583984,130947
2013-02-07,37.219958147831605,37.219958147831605,36.104751845873096,36.17445373535156,109459
2013-02-08,36.20929607813979,36.488095603492,35.30319296774943,35.72139358520508,174474
2013-02-11,36.10474916731148,38.30030933417607,35.30319743918926,37.463905334472656,1304517
2013-02-12,37.49875442336942,37.56845630670311,35.8607987184248,36.03504943847656,380239
2013-02-13,36.3138466656223,36.6623480833686,35.72139531899552,35.82594680786133,194020
2013-02-14,35.442592692434005,36.00019708116543,34.850141352975335,34.95469284057617,134752
2013-02-15,35.16379918260525,35.16379918260525,34.431946620553184,34.606197357177734,126691
2013-02-18,34.884991157879355,36.20929760024915,34.85014154810221,35.51229476928711,312992
2013-02-19,35.89564806607411,36.17445027964386,35.58199624052189,35.96534729003906,234250
2013-02-20,36.48810375614304,36.73205638654484,35.686551950450706,36.34870529174805,249593
2013-02-21,36.34870195966397,36.52295268303944,35.477448342786644,35.65169906616211,255710
2013-02-22,35.791096409108405,36.03504900959037,35.024394313547845,35.407745361328125,137367
2013-02-25,35.40774915033753,35.86080212910345,34.431946620553184,34.606197357177734,120714
2013-02-26,34.78044687816634,34.78044687816634,33.700090221770246,33.80464172363281,118605
2013-02-27,34.15313785024451,34.15313785024451,32.828831441489065,33.7697868347168,193511
2013-02-28,33.978893900395846,35.33805018818273,32.61973761260896,33.037940979003906,405186
2013-03-01,32.93338308508169,33.38643597942365,31.71362815600459,31.85302925109864,237305
2013-03-04,32.02727903758916,32.55003113507259,30.842373751522448,31.0166244506836,203682
2013-03-05,31.365135950401555,31.71363746096157,30.702982548566418,30.98178482055664,281684
2013-03-06,31.26057392180517,32.619729887721626,30.84237331330225,31.05147361755371,1096160
2013-03-07,31.225725855210342,31.783327580349777,30.14537201421744,30.598424911499023,1097430
2013-03-08,31.08632372120472,32.34093088444414,31.08632372120472,31.67877769470215,3183513
2013-03-11,31.67878238428008,31.67878238428008,31.08632832307853,31.190879821777344,787437
2013-03-12,31.46967843792149,31.50452804720744,30.493873424786425,30.598424911499023,644372
2013-03-13,30.66812124339816,30.66812124339816,29.971118487866384,30.00596809387207,448277
2013-03-14,30.00596809387207,30.284770259626583,29.79686779898344,30.00596809387207,434281
2013-03-15,30.04082560243845,30.319627841534874,29.587775287475765,29.657474517822266,430367
2013-03-18,29.27412320885062,29.55292544581032,28.47256877173288,28.54227066040039,405960
2013-03-19,28.75137128081361,28.925622015848848,27.671017255366205,27.77556610107422,499936
2013-03-20,27.81041702506769,27.914965865700225,26.799762279156017,26.834611892700195,556926
2013-03-21,26.904310370194644,27.11341336334396,25.580006480427347,25.75425720214844,430229
2013-03-22,25.754254821400764,25.754254821400764,24.778449806424984,25.126951217651367,482996
2013-03-25,26.4861076800406,27.18311051372588,25.196653501264755,25.33605194091797,405990
2013-03-26,25.3360556435704,25.3360556435704,24.67390498188545,24.778453826904297,315058
2013-03-28,24.673900214268727,25.614852931898643,24.534499122324192,25.37090301513672,209759
2013-04-01,25.37090702781897,27.04371241916153,25.23150591382664,26.73006057739257,401720
2013-04-02,26.83461326888845,27.740716561781174,26.62551291804478,27.5316162109375,467328
2013-04-03,27.21796018414649,28.402865535816552,27.18311057415572,27.32251167297364,528784
2013-04-04,26.799763736041605,27.287666328748656,26.6603626154317,26.869462966918945,213815
2013-04-05,26.555808607183188,27.39221259315025,26.555808607183188,27.008861541748047,205882
2013-04-08,27.18311226137223,27.427062205304093,26.939162317440367,27.008861541748047,80721
2013-04-09,27.043709632925843,27.287662221992445,26.48610789325976,26.55580711364746,174262
2013-04-10,26.625512893613315,27.04371359491692,26.067911072256774,26.311861038208008,141761
2013-04-11,26.83461003196346,27.14826184982233,26.31185788848365,26.590660095214844,172428
2013-04-12,26.45126280293112,26.45126280293112,26.06791170758392,26.17246055603028,112925
2013-04-15,26.311856200205032,26.520956512409228,25.928505184688223,26.242156982421875,100466
2013-04-16,25.963360813560826,26.73006302236545,25.963360813560826,26.45126342773437,119740
2013-04-17,26.486110058407807,27.322514065707484,26.486110058407807,26.6255111694336,179165
2013-04-18,26.555808002628176,26.8346102112218,26.27700845288947,26.486108779907227,173028
2013-04-22,26.79976544243176,27.113417319061025,26.59066507763071,26.974016189575195,187365
2013-04-23,27.04370847557877,28.92561659291271,27.04370847557877,28.15891456604004,1183083
2013-04-25,28.22861734354511,28.82106874276885,27.9498151210545,28.089216232299805,415444
2013-04-26,28.124066344877804,28.22861784488237,27.322514593978152,27.392213821411133,182487
2013-04-29,27.183112677397848,28.089215901540108,27.183112677397848,27.636165618896484,194510
2013-04-30,27.67101044929578,27.77555926928856,26.90430580840931,27.0437068939209,231652
2013-05-02,26.69521312450756,27.252814966757978,26.69521312450756,26.79976463317871,162792
2013-05-03,26.834611057456023,27.00886177860833,26.52095922761086,26.66036033630371,132199
2013-05-06,26.590663384554365,27.00886408752885,26.555811110260468,26.869462966918945,89125
2013-05-07,26.695208880600305,28.08921459404005,26.695208880600305,27.49676322937012,322041
2013-05-08,27.810421991543627,28.43772312392957,27.217967820069862,27.8801212310791,366745
2013-05-09,27.04370720728572,28.7165149350991,27.04370720728572,28.26346206665039,464503
2013-05-10,28.05436906671687,28.925622764441,27.949817559447865,28.61197090148925,467398
2013-05-13,29.413528430559563,29.76202994594805,27.531619715690614,27.8801212310791,565127
2013-05-14,28.333171313530706,29.16957273626164,28.333171313530706,28.61197090148925,431884
2013-05-15,28.78622310621024,29.13472460303809,28.542273121972897,28.646821975708008,336082
2013-05-16,28.716517731801822,28.82106656318805,28.36801630947136,28.437715530395508,168679
2013-05-17,28.47256325701529,28.7165158318188,28.019513033273945,28.19376373291016,178693
2013-05-20,28.05436851606416,29.27412366893652,28.05436851606416,28.50742149353028,404694
2013-05-21,28.26346060325875,28.542262763077023,27.88010962764946,27.98466110229492,174284
2013-05-22,28.019515147599456,28.472565405527543,27.636164111243424,27.845264434814453,132954
2013-05-23,27.70586552558007,27.74071513912425,26.66036116612422,26.834611892700195,169313
2013-05-24,26.73005849166532,27.67101394355009,26.73005849166532,27.49676322937012,277279
2013-05-27,27.21796347077904,27.81041754758169,27.21796347077904,27.60131454467773,101760
2013-05-28,27.357368957996368,28.33317426462636,27.357368957996368,27.8801212310791,252988
2013-05-29,27.9498174658594,28.29831894378212,27.56646637191547,28.05436897277832,156398
2013-05-30,27.88011556656189,28.124065514227308,27.496764509292674,27.636165618896484,85076
2013-05-31,27.671019178148946,27.671019178148946,26.869464677746976,26.974016189575195,89687
2013-06-03,27.252812967843425,27.88011665614881,26.83461228154324,27.46191596984864,215568
2013-06-04,27.53161412197987,28.054366288852908,27.53161412197987,27.636165618896484,153165
2013-06-05,27.7407166592688,28.85592296577952,27.63616781290716,28.50742149353028,625294
2013-06-06,27.949815630222684,28.08921674400749,27.531614947723355,27.81041717529297,322978
2013-06-07,27.949812415061235,28.22861461055929,27.566461390392497,27.67101287841797,175662
2013-06-10,27.880114041841946,28.15891624580232,26.974010867253057,27.1831111907959,117332
2013-06-11,27.183112954681697,27.322514065707484,26.486110058407807,26.6255111694336,110875
2013-06-12,26.48611249448975,27.461917702565696,26.20731024679511,27.148265838623047,165853
2013-06-13,26.8346102112218,26.97401131551861,26.27700845288947,26.486108779907227,133105
2013-06-14,26.486108602976923,26.90430925421881,26.486108602976923,26.590660095214844,76526
2013-06-17,26.52096249109677,26.76491512604213,25.64970877812477,26.13761138916016,190161
2013-06-18,26.137612490045942,26.799765871564865,25.858810226609943,25.963361740112305,228026
2013-06-19,25.963358425271924,26.137609152958312,25.161804014372496,25.266355514526367,318673
2013-06-20,24.95270399148989,25.057255492978573,24.53450330324545,24.673904418945312,180249
2013-06-21,24.464799084526405,25.370904920798026,24.395099862746225,24.7087516784668,206543
2013-06-24,24.39510026241391,25.02240390413224,23.83749850247257,24.255699157714844,156837
2013-06-25,23.767797564167136,24.36025161794211,22.652594000016048,22.8616943359375,249782
2013-06-26,22.6874430851426,23.210195242214333,21.29343733295128,21.432838439941406,302012
2013-06-27,21.816185876340803,21.95558696024022,21.25858419959767,21.74648666381836,193620
2013-06-28,21.641938265363184,23.314746192451747,21.60708865414361,23.03594398498535,444410
2013-07-01,23.14049795496533,24.116300467859205,23.03594645125822,23.97690200805664,217417
2013-07-02,23.80264663696289,24.04659655294364,23.698095153625616,23.80264663696289,142454
2013-07-03,23.732949462509765,23.732949462509765,23.00109691075673,23.31474876403809,124203
2013-07-04,23.070794024970795,24.01174949851616,23.070794024970795,23.66324806213379,111741
2013-07-05,23.69809875266194,24.01175059145348,23.34959730041692,23.488998413085938,83512
2013-07-08,23.24504408975801,24.25569875862899,23.24504408975801,24.04659843444824,237712
2013-07-09,24.39509941123376,24.39509941123376,23.73294618115788,24.08144760131836,147270
2013-07-10,24.081451119700223,24.32540374476777,23.41929779288149,23.628400802612305,86839
2013-07-11,23.87235087419777,24.46480231410293,23.87235087419777,24.18600273132324,144392
2013-07-12,24.116295769265378,24.220847252602653,23.62839593730388,23.80264663696289,110826
2013-07-15,23.80265127444825,24.18600235661568,23.6632501557905,23.97690200805664,152735
2013-07-16,23.38444665158583,24.569352107699807,22.896544092144183,23.41929626464844,413510
2013-07-17,23.384447219532955,23.698099062424298,21.955591778422512,22.478343963623047,308061
2013-07-18,23.001095446170144,23.62839911278952,22.68744361286045,22.8616943359375,214622
2013-07-19,22.687444757830235,22.9313973777627,22.26924406488196,22.44349479675293,222030
2013-07-22,22.9662476463102,22.9662476463102,22.129843577742577,22.304094314575195,134077
2013-07-23,22.33894265191062,22.58289526483017,22.02529214121592,22.164691925048828,132644
2013-07-24,21.95559287832728,22.094993999801986,21.11918880833424,21.36314010620117,219098
2013-07-25,21.46768881449647,21.53738937046726,21.11918736407005,21.328289031982425,167005
2013-07-26,21.32828882755673,21.5373891640374,20.910086825167863,21.014636993408203,174869
2013-07-29,21.04948863742267,21.22373936677409,20.56158606346767,20.63128662109375,201806
2013-07-30,20.387336839125584,20.631288144111764,19.550932744723728,19.72518348693848,263533
2013-07-31,19.516083537348862,19.725183900620813,18.92363073550809,19.41153335571289,390252
2013-08-01,19.51607947128296,19.934281440124497,18.81907663302285,19.097877502441406,329860
2013-08-02,19.132728345491667,19.30697905417765,18.470575120713978,18.819076538085938,340840
2013-08-05,19.097876537788963,19.30697817636151,18.261473971780795,18.644824981689453,367835
2013-08-06,17.843273551717203,19.55092976774384,17.843273551717203,18.71452713012696,389397
2013-08-07,18.819080430149665,19.5160834090441,18.67967930259971,19.37668228149414,270843
2013-08-08,19.341830644263336,20.07368316389688,19.063029747709013,19.7600326538086,370119
2013-08-12,19.794880541181453,20.77068425874293,19.794880541181453,20.3176326751709,285716
2013-08-13,20.282787322998047,20.56158825377385,20.10853657508471,20.282787322998047,188596
2013-08-14,20.247933093230543,22.234391563290032,20.21308348106866,21.711639404296875,807491
2013-08-16,21.607091444284784,22.30409439410042,20.178235928933773,20.42218589782715,607692
2013-08-19,20.899684488953422,21.45064276474841,19.981420695961788,20.56910896301269,276112
2013-08-20,20.275260916844992,20.67929634732836,19.981416840024444,20.38545227050781,353364
2013-08-21,20.458915433345908,20.86295089924534,19.907957215578023,20.091609954833984,190746
2013-08-22,19.90795515626076,20.238529212030752,19.7243024360022,20.128337860107425,169558
2013-08-23,20.238531269460417,21.083334989459026,20.054878530531887,20.311992645263672,351195
2013-08-26,20.56910528043637,21.450638924347288,20.56910528043637,20.97314071655273,278131
2013-08-27,20.642566371761465,20.7527577254702,20.09160820205872,20.27526092529297,187525
2013-08-28,19.83449742486855,20.16507294241342,19.28353916306665,19.94468879699707,180781
2013-08-29,19.83449843311646,21.67102606581243,19.724307055386586,21.08333778381348,273898
2013-08-30,22.33217496294291,23.91158839234347,22.33217496294291,23.03005599975586,2617503
2013-09-02,23.213708537411044,23.2871699197226,22.221983379103488,22.55255889892578,464365
2013-09-03,22.62601606282322,22.77293880915238,21.450639696826546,21.671022415161133,329207
2013-09-04,21.524097609085025,22.03832577086891,21.340444894327785,21.597558975219727,276902
2013-09-05,22.038332204349707,23.14024881456719,21.891409429190272,22.405637741088867,601285
2013-09-06,22.47909716301724,23.58101227571996,21.854677524930224,22.62601852416992,996930
2013-09-10,22.77294158935547,23.250438471481058,22.662750216735613,22.77294158935547,336003
2013-09-11,22.772939838115786,23.140245319375712,22.111790252079743,22.84640121459961,393653
2013-09-12,22.772941411777108,23.50755242506024,22.55255866825589,22.80967140197754,346797
2013-09-13,22.77294047429012,24.38908519744537,22.626017717218087,23.87485694885254,780198
2013-09-16,24.02177717760464,24.27888987368039,22.77293807741196,23.14024353027344,364307
2013-09-17,23.140245338643425,23.323898079426307,22.62601710398766,22.73620986938477,125469
2013-09-18,22.772941438408782,23.066785563833808,22.51582730322714,22.69948005676269,147167
2013-09-19,22.993322372436523,23.43408922646198,22.80966963335585,22.993322372436523,284705
2013-09-20,23.140245319375712,23.58101077596026,21.00987380829995,22.84640121459961,499178
2013-09-23,22.77293938358848,23.06678348249972,22.332172534642023,22.515825271606445,197151
2013-09-24,22.515825739749776,23.066783962098427,22.25871162242189,22.73620986938477,252810
2013-09-25,22.77293938358848,22.883130745535293,22.36890392273041,22.515825271606445,116935
2013-09-26,22.47909764606338,24.02178107885232,22.4056362633288,23.36063003540039,907150
2013-09-27,23.140245124164743,23.83812609313498,22.80966963335585,22.993322372436523,264288
2013-09-30,22.772937619589207,23.36062577188917,22.3321708047847,22.589284896850582,322615
2013-10-01,22.405632644906834,23.25043490702396,22.405632644906834,22.91986083984375,263939
2013-10-03,22.772938225213,23.47081915064285,22.772938225213,23.32389640808105,270241
2013-10-04,23.140243377685547,23.43408745780529,22.77293792724609,22.95659065246582,227670
2013-10-07,22.846401021867507,23.323897863245417,22.699478270139288,22.993322372436523,126710
2013-10-08,22.91986259108344,23.25043668352185,22.772939838115786,22.84640121459961,161447
2013-10-09,22.772939838115786,23.25043668352185,22.69947846163195,22.84640121459961,246659
2013-10-10,22.77293807741196,23.65447172474316,22.77293807741196,23.14024353027344,407535
2013-10-11,23.287166293038943,23.65447174623414,22.84639946897289,22.91986083984375,414311
2013-10-14,22.956590803842698,23.58100895277993,22.956590803842698,23.14024353027344,288171
2013-10-15,23.103513566441347,23.764661700801767,22.77293809810203,22.91986083984375,442400
2013-10-17,22.95659257874575,23.32389806000568,22.809669825778087,22.84640121459961,155499
2013-10-18,22.88313344111976,23.691205859184265,22.88313344111976,23.507553100585938,551375
2013-10-21,23.470818956859905,23.98504715042143,23.360626200268783,23.58100891113281,293987
2013-10-22,23.50754926244657,23.98504747776732,23.50754926244657,23.72793197631836,226173
2013-10-23,23.72793135404603,24.756387728233783,23.65447138545469,24.5360050201416,757014
2013-10-24,24.53600402521449,25.08696217426285,23.948313091041783,24.09523582458496,472461
2013-10-25,23.727933708349017,24.42581468848367,23.69120372040897,23.764663696289062,286924
2013-10-28,23.58101286939853,24.021781167431342,22.919864625827326,23.03005599975586,158859
2013-10-29,22.84640523895198,23.360632162600485,22.84640523895198,23.21371078491211,122620
2013-10-30,23.176977604077624,23.727935880572268,23.066786229010564,23.397361755371094,171502
2013-10-31,23.2871670592362,23.9483152153498,23.2871670592362,23.61774253845215,170362
2013-11-01,23.434090504930072,24.57273839004573,23.39736051557378,24.205432891845703,376110
2013-11-05,24.168701518725104,25.56446065058074,24.131968729153368,25.160425186157227,706691
2013-11-06,25.05023449797092,25.858308296100752,25.0135045076738,25.12369728088379,428255
2013-11-07,25.12369429786174,25.674652493857312,24.0217779058706,24.27889060974121,480684
2013-11-08,24.27889016215695,24.866578333254463,23.58100923296442,23.72793197631836,623915
2013-11-11,23.581013262570284,23.985051576416662,23.140247759507165,23.470823287963867,164998
2013-11-12,23.507548661423936,23.72793136966115,22.84639913555321,22.883129119873047,159167
2013-11-13,22.883132657636256,23.176976781100937,22.51582715301558,22.62601852416992,140854
2013-11-14,22.55255911195932,23.3239001306184,22.55255911195932,23.03005599975586,168303
2013-11-18,23.103515564870023,23.50755103786972,23.103515564870023,23.43408966064453,134626
2013-11-19,23.43409183483028,23.8013987550345,23.397361843389536,23.691205978393555,189223
2013-11-20,23.39735894456095,24.97677220053972,23.39735894456095,24.572736740112305,742462
2013-11-21,24.903310622889947,26.00522697253432,24.572735157533,24.71965789794922,1255880
2013-11-22,24.866576672789066,25.05022938913852,23.948313091041783,24.09523582458496,173266
2013-11-25,24.242162881201995,24.64619836875832,23.9850501533894,24.205432891845703,140255
2013-11-26,24.205430167945323,24.60946561003448,23.801394725856166,23.948314666748047,203702
2013-11-27,24.16869957254857,25.12369317582681,24.16869957254857,24.5360050201416,584619
2013-11-28,24.352358941045807,24.793124477495937,24.168706167138428,24.31562614440918,184121
2013-11-29,24.27889454051404,24.829852825710205,24.27889454051404,24.462547302246094,197296
2013-12-02,24.536011714953183,24.64620169790625,24.168706167138428,24.31562614440918,179870
2013-12-03,24.278888540934418,24.46254125728388,24.058505841778683,24.09523582458496,126149
2013-12-04,24.09524007408164,25.233886555799184,24.09524007408164,24.42581558227539,547107
2013-12-05,24.609466760582244,24.71965952372116,24.27889127348388,24.352354049682617,146412
2013-12-06,24.27889690731771,25.160430810030768,24.27889690731771,24.976778030395508,284657
2013-12-09,25.748111418293306,26.299069591875835,25.23388322915264,25.38080596923828,658674
2013-12-10,25.41753719778532,26.629646359922933,25.344077225305963,26.18888092041016,1189722
2013-12-11,26.44599723815918,27.25406825506434,26.225614488304927,26.44599723815918,1572872
2013-12-12,26.335798787649345,26.776566994706755,25.858303399568104,26.005226135253903,486749
2013-12-13,26.11541890341349,26.44599439379968,24.68292697995233,24.94004249572754,527978
2013-12-16,25.123698666916354,25.123698666916354,24.242164839559525,24.60947036743164,213811
2013-12-17,24.86657947148188,24.86657947148188,24.242161286543706,24.352354049682617,173240
2013-12-18,24.24216325930444,25.4542725431971,24.09524049726917,24.756391525268555,616972
2013-12-19,24.68292558048042,24.94004108167769,23.87485469630211,23.948314666748047,349653
2013-12-20,23.874855812505164,24.49927399744333,23.874855812505164,24.352354049682617,307103
2013-12-23,24.315624824206434,24.793123131367697,24.315624824206434,24.60947036743164,224253
2013-12-24,24.389087433345416,24.86658293470636,24.389087433345416,24.64620018005371,158339
2013-12-26,24.829853057861328,25.197158584759627,24.609470302186104,24.829853057861328,227457
2013-12-27,24.646199412233383,25.96849870127352,24.60946942132201,25.45427322387696,452747
2013-12-30,26.335798615003178,26.666374067549604,25.895033213153333,26.041955947875977,1252456
2013-12-31,25.931768362953648,26.44599663577976,25.60119284454268,26.15215110778809,384314
2014-01-01,26.00522832917473,26.886759213023364,25.93176555397512,26.372533798217773,431371
2014-01-02,26.48272265366525,27.033680834264324,25.27061633773821,25.527729034423828,715745
2014-01-03,25.56446482107626,25.67465760313113,24.90331653570361,25.30735206604004,180520
2014-01-06,25.34408032754054,26.299074098259496,25.19715756227947,25.270620346069336,134606
2014-01-07,25.491004127205777,25.85830965410408,24.53601031773396,24.829853057861328,538898
2014-01-08,25.086964432166443,25.086964432166443,24.60946620575433,24.68292617797852,289005
2014-01-09,24.609470302186104,25.78484686733315,24.38908754651088,24.829853057861328,969101
2014-01-10,24.682926734462605,24.976772234620785,24.27889127348388,24.352354049682617,482377
2014-01-13,24.242164135341053,24.499276876455067,23.948318600651863,24.13197135925293,182582
2014-01-14,24.1319696719897,24.499275163510507,23.83812696016416,23.87485694885254,294645
2014-01-15,23.654474564362705,24.16870282056335,23.654474564362705,23.8013973236084,213822
2014-01-16,23.874856462427648,24.02177921650628,23.727933708349017,23.764663696289062,172620
2014-01-17,23.617741893204645,23.87485459094912,23.213705051739268,23.32389640808105,208951
2014-01-20,23.434093552024404,23.61774772616393,22.88313523308421,23.21371078491211,388291
2014-01-21,23.25044077904434,23.58101492971278,23.103519401355964,23.21371078491211,263045
2014-01-22,23.32389973313851,25.564462769086514,23.103516989037143,25.12369728088379,2746339
2014-01-23,24.719661199287028,24.86658115700638,23.691204681340185,23.985050201416016,943225
2014-01-24,23.91158437858795,24.38908258739184,23.50754894161754,23.58100891113281,384014
2014-01-27,23.176973197909028,23.838124124938844,22.77293776575444,22.883129119873047,483231
2014-01-28,22.919860505351974,23.2504345677078,22.80966775007428,22.883129119873047,239303
2014-01-29,22.993320809555502,23.58100897420417,22.84639946897289,22.91986083984375,404876
2014-01-30,22.84640297148848,23.54428259885378,22.479097461982747,22.77294158935547,980520
2014-01-31,22.846402793337283,23.176976908619107,22.69948003021693,22.80967140197754,262631
2014-02-03,22.77294164470109,22.919864409324187,22.479097516614235,22.55255889892578,160690
2014-02-04,22.552560516248302,22.69948189024831,22.185254979509143,22.405637741088867,216939
2014-02-05,22.552557337419955,23.80139654677048,22.40563458296958,23.43408966064453,479500
2014-02-06,24.46254657294115,24.60946933841032,23.25043866187818,23.36063003540039,876796
2014-02-07,23.360626241526685,23.58100895277993,23.030052174646816,23.14024353027344,193096
2014-02-10,23.140247373684392,23.28717013969533,22.919864625827326,23.03005599975586,112339
2014-02-11,23.213704922168084,23.213704922168084,22.883129453828765,22.91986083984375,91317
2014-02-12,23.140245319375712,23.39735943648951,22.589287097485816,22.84640121459961,548965
2014-02-13,22.956594246426825,23.06678561857781,22.40563598451258,22.479097366333008,198144
2014-02-14,22.40563376835313,22.699477865411176,22.22198103254696,22.332172393798828,146234
2014-02-17,22.33217635350915,22.95659604619761,22.185254979509143,22.405637741088867,220137
2014-02-18,22.40563792197347,22.58929069182571,22.221985152121228,22.3689079284668,171434
2014-02-19,22.2954442860312,22.55255841805976,22.2954442860312,22.442365646362305,106349
2014-02-20,22.36890266005096,22.993320809555502,22.2954412891801,22.91986083984375,289122
2014-02-21,22.69948003021693,22.99332415529832,22.58928865845633,22.80967140197754,131591
2014-02-24,22.589286646624053,22.77293938358848,22.25871115962441,22.515825271606445,124368
2014-02-25,22.479097366333008,22.62601872881455,22.258713220871723,22.479097366333008,81343
2014-02-26,22.552556128675548,23.80139527109231,22.552556128675548,23.61774253845215,1104548
2014-02-28,24.168701970584905,24.75639018458097,23.25043685933231,23.764663696289062,2002049
2014-03-03,23.65447174623414,23.65447174623414,22.809668082957906,22.91986083984375,223708
2014-03-04,22.99332096004432,23.250435059195564,22.772938247148467,23.103513717651367,395686
2014-03-05,22.99332460767345,23.17697736460746,22.95659461675039,23.03005599975586,162754
2014-03-06,23.213704728604213,23.39735745367045,22.846399278471736,23.176973342895508,193346
2014-03-07,23.250439135272945,24.31562430255464,23.250439135272945,23.470823287963867,878732
2014-03-10,23.39735967261156,23.69120378035308,23.2137069301282,23.43408966064453,222156
2014-03-11,23.28717005382514,23.58101278244481,23.28717005382514,23.36063003540039,169140
2014-03-12,23.360628479490146,23.43408985733191,23.06678436928232,23.287168502807617,163306
2014-03-13,23.39736172565881,24.1687041524674,23.213708967060484,23.507553100585938,654577
2014-03-14,23.39736142734735,23.654475566338725,23.25043866187818,23.36063003540039,152186
2014-03-18,23.323898295386364,23.654473792320097,23.323898295386364,23.43408966064453,176374
2014-03-19,23.58100923296442,24.021777463026243,23.47081927718765,23.72793197631836,254909
2014-03-20,23.58101160887577,24.02177988334732,23.544281619916102,23.83812713623047,346950
2014-03-21,23.9850502799648,24.7196612802416,23.8013975298956,24.38908576965332,620876
2014-03-24,23.8381264744876,24.05850920444632,23.5075509783903,23.764663696289062,343592
2014-03-25,24.02177996761814,24.38908546314038,23.87485720894553,24.242162704467773,553211
2014-03-26,24.095237104694338,24.168699876527818,23.397357586185528,23.58100891113281,255220
2014-03-27,23.61774253845215,24.02177798979684,23.544279764005097,23.61774253845215,157446
2014-03-28,23.87485707989176,24.168702595648604,23.727934322013333,24.05850982666016,236945
2014-03-31,24.095238536464613,24.462544010503155,24.021778562584256,24.352354049682617,250326
2014-04-01,24.64620029441218,25.344081355982706,24.31562475973995,24.829853057861328,823953
2014-04-02,24.94004091135769,25.34407635068761,24.719658199206663,25.086963653564453,436509
2014-04-03,25.086964963528267,25.197154924198447,24.46254397712375,24.572736740112305,229036
2014-04-04,24.53600743199757,26.078689342604548,24.315621899923624,25.49100112915039,983693
2014-04-07,25.67465705577996,26.225615349670857,25.05023597464565,25.41754150390625,409448
2014-04-09,25.674652677588767,26.81329906366427,25.23388443624713,26.409263610839844,827614
2014-04-10,26.51945482022179,26.77657034037746,26.078689360409847,26.33580207824707,527677
2014-04-11,26.07869422358577,28.76002587736092,25.78484866070229,27.95195198059082,2043830
2014-04-15,28.20906359223914,28.35598355075569,26.73984158852499,26.92349433898925,558158
2014-04-16,27.03368332403377,27.18060607952191,25.7481141175699,25.858306884765625,433708
2014-04-17,26.041959894723178,26.5561881430284,25.78484436941132,26.22561264038086,251495
2014-04-21,26.51945535204205,26.813300866021745,26.115419872058848,26.22561264038086,234793
2014-04-22,26.07868970857633,26.666377930277736,26.07868970857633,26.26234245300293,240325
2014-04-23,26.445996066854725,27.69483533047547,26.445996066854725,26.92349433898925,547399
2014-04-24,26.92349433898925,26.92349433898925,26.92349433898925,26.92349433898925,0
2014-04-25,26.996949520096027,27.03367950319717,25.8583032300522,26.041955947875977,374904
2014-04-28,25.78484436941132,26.6663781090319,25.78484436941132,26.22561264038086,266581
2014-04-29,26.188881852550725,26.4459945676982,25.895036347537825,25.96849632263184,278063
2014-04-30,26.152151581506693,26.960225396961885,25.38081055945482,25.63792610168457,377371
2014-05-02,26.04195723011328,26.04195723011328,25.34407630755747,25.527729034423828,138390
2014-05-05,25.56446427607425,25.931769805334856,25.27062153405705,25.41754150390625,214063
2014-05-06,25.19715726147804,25.637925551999388,25.05023449797092,25.12369728088379,162501
2014-05-07,24.976774517376672,25.49100278849227,24.976774517376672,25.12369728088379,148976
2014-05-08,25.12369488366746,25.38080759353313,24.82984938469095,25.01350212097168,133761
2014-05-09,25.013500650892983,25.931764278328988,24.903310696991586,25.784841537475582,243621
2014-05-12,26.07869331698057,26.813304396332136,25.711387777304783,26.299076080322266,447195
2014-05-13,26.44599619109213,27.62137267865768,26.44599619109213,27.107147216796875,663280
2014-05-14,27.364258063127192,31.07404282397337,26.8867598216352,29.67828369140625,3863186
2014-05-15,29.78847818415011,30.63328203149702,28.466178825000927,28.686561584472656,1102309
2014-05-16,29.38443924893477,30.6332784774782,28.72328824490633,29.641551971435547,1301054
2014-05-19,32.2494179737659,34.37978779290428,31.698459827077315,34.08594512939453,5606523
2014-05-20,34.89402305906409,38.16304262190329,34.085952067044786,36.76728057861328,8378762
2014-05-21,37.28150411609652,42.24012781626699,37.24477413063298,40.44033050537109,10837733
2014-05-22,41.285137296406695,41.65244278338128,38.78745886405215,39.11803436279297,3947567
2014-05-23,39.44860488522441,41.65243752906579,39.15475941178498,40.03629302978516,3095115
2014-05-26,40.77091101956809,41.46879203892532,35.261328449356185,38.49361801147461,3644791
2014-05-27,38.82418278764127,38.82418278764127,35.26132124146239,36.98765563964844,2140503
2014-05-28,36.80400859709387,40.256680727910855,36.73054862077969,39.55879974365234,5666529
2014-05-29,39.85264473945254,40.40360296165695,38.42015280125738,38.60380554199219,2382939
2014-05-30,39.11803377651332,40.03629748018734,38.42015280125738,38.60380554199219,1705945
2014-06-02,39.007840181956034,39.88937387920804,38.78745745822263,39.22822570800781,1434363
2014-06-03,39.63226390485636,41.3585986293288,38.82419012561847,40.95456314086914,4669163
2014-06-04,41.94628526009424,44.51742365472779,41.94628526009424,43.452239990234375,11077033
2014-06-05,43.78281322753477,44.18685150784013,42.01974855932336,42.6808967590332,2902693
2014-06-06,42.68089649060846,43.23185472139421,41.87282553971676,42.31359100341797,2204194
2014-06-09,42.64415939233588,46.17029092099264,42.16666401999163,44.62760925292969,9085143
2014-06-10,45.10511454957034,45.36222726740558,42.60743613780605,44.11338806152344,3320092
2014-06-11,44.44396496119015,47.38240892556636,44.186852235234646,45.50915145874024,5476077
2014-06-12,45.50914930465434,47.89663211038468,44.884728310389015,45.98664474487305,4240919
2014-06-13,45.58260577915546,46.500869404047066,42.86454488901269,43.30531311035156,2505275
2014-06-16,42.97474645984807,46.35395617166076,40.95456607070992,45.94992065429688,3443341
2014-06-17,46.35394729021613,52.08391462885231,45.36222368285431,49.91680908203125,12194999
2014-06-18,50.357592847258005,51.9002750271524,47.38241566810334,48.63125228881836,6717435
2014-06-19,48.925097963242834,50.65143292111106,47.896641306011375,50.06374740600586,4267618
2014-06-20,50.79834856758876,51.679879470144655,48.484322942583546,48.81489562988281,5084980
2014-06-23,49.25566307095771,50.17392669566134,48.4843193843521,49.43931579589844,2248692
2014-06-24,49.84335901131836,50.063744569896656,48.41086969447214,49.21894073486328,1961582
2014-06-25,49.36584885715026,51.055456121738544,48.66797076352775,49.733154296875,3174959
2014-06-26,50.35758159721165,51.05545974029631,48.96181970640572,49.36585235595703,1992712
2014-06-27,49.40258960682566,49.69643512690149,47.74971486161588,47.97010040283203,1396142
2014-06-30,47.45586628054284,48.99854815563851,46.46414261831253,48.0068244934082,1600126
2014-07-01,48.22720986218778,49.51277902132267,48.15374988830742,48.704708099365234,1441820
2014-07-02,49.1454773545688,49.36585729328264,47.38240982167216,47.63952255249024,1874805
2014-07-03,47.74971486161588,48.77817137956272,46.90491109313678,47.97010040283203,2974902
2014-07-04,48.117016014236086,49.953543343023725,47.74971054847856,49.36585235595703,4944305
2014-07-07,49.65970528806161,49.88009084238252,48.48432874250416,48.99855422973633,2997085
2014-07-08,49.58624240437987,50.50450615260912,45.39895915199074,46.46414566040039,5959642
2014-07-09,46.500865663441125,46.7579811391189,43.415499571533616,44.333763122558594,2000319
2014-07-10,44.4439653497902,46.13357008361603,42.31359233606291,43.92973709106445,3183005
2014-07-11,43.782815142474426,44.51742615360533,39.19149632290628,39.522071838378906,2211199
2014-07-14,39.22822057318122,39.52206323225674,37.31823067875932,37.75899887084961,2126372
2014-07-15,38.16304578021692,39.22823239589997,38.16304578021692,39.00784683227539,1891893
2014-07-16,39.15476317640526,39.99956689203054,38.71399772618587,39.815914154052734,1568271
2014-07-17,39.70572584849469,41.65244621056445,39.55880308115229,41.13821792602539,2685901
2014-07-18,40.69744426113056,40.80763421279077,40.10975330967023,40.40359878540039,1017824
2014-07-21,40.47706675844452,42.05648159880302,40.293414000371136,41.578983306884766,1742252
2014-07-22,42.09321109637323,42.46051660821299,40.58725905829393,40.8443717956543,2139776
2014-07-23,41.02802086603338,41.35859635745736,39.30168623639033,39.96283721923828,1405616
2014-07-24,40.21995468168078,40.80764295674844,39.04457813154546,39.33842086791992,1189097
2014-07-25,39.44860326343851,39.81590868897831,37.53861336924073,37.9793815612793,829912
2014-07-28,38.23649568095527,38.78745384005353,37.28150209898192,37.42842483520508,676622
2014-07-30,37.09785563151042,38.934383138020834,36.80401010954132,38.56707763671875,1237821
2014-07-31,38.75072384345822,38.86091659616781,37.50188478946135,37.648807525634766,537972
2014-08-01,37.39169486453772,37.97938300731356,36.87746668873957,37.20804214477539,770916
2014-08-04,37.244784662916025,37.83247300347711,36.73055631405544,37.17132186889648,639612
2014-08-05,37.13458711167309,38.71400195159353,37.13458711167309,38.01612091064453,911418
2014-08-06,38.23649947198148,38.67726772435171,37.90592398328341,38.089576721191406,813868
2014-08-07,37.7590081703406,38.34669643554866,36.91420436250991,38.01612091064453,1160757
2014-08-08,38.199768944801896,38.199768944801896,36.914199797621066,37.13458251953125,1507900
2014-08-11,37.64880722825398,37.905919912788,36.767273620494656,36.84073638916016,544982
2014-08-12,37.0978543048025,37.281507048885686,36.80400879334202,36.950931549072266,475281
2014-08-13,36.9876649507502,37.97939154170977,35.29806010972718,35.995941162109375,1691845
2014-08-14,38.93438358993791,40.219952859416985,38.86092360975226,39.522071838378906,6010525
2014-08-18,39.485343258800064,44.92146605628793,38.97111497217521,44.03993225097656,5097796
2014-08-19,46.280493836837344,46.79472210659927,44.994924563591866,45.61934280395508,8283914
2014-08-20,45.72952849955498,45.72952849955498,43.19512033550155,43.52569580078125,2493223
2014-08-21,43.52570489489446,43.52570489489446,41.94629000984841,42.16667556762695,1561438
2014-08-22,42.056475986665895,43.12166240181367,41.24840507990182,41.5422477722168,2210659
2014-08-25,41.321865141509846,42.01974609103012,40.62398419198957,40.88109970092773,1026976
2014-08-26,40.47706626445929,40.62398902958867,39.375149729466905,39.59553527832031,803717
2014-08-27,39.66899573962948,40.88110506371231,39.66899573962948,40.33014678955078,1120143
2014-08-28,40.1464935458165,41.1014873156795,39.33841973876423,39.59553527832031,1020556
2014-09-01,39.22823069881999,41.6524465729451,39.22823069881999,41.06475830078125,1037314
2014-09-02,41.79937342738955,42.53398453998115,40.991299522147386,41.43206787109375,2013410
2014-09-03,41.02802321801634,41.61571425971282,40.36687499958564,40.513797760009766,939722
2014-09-04,40.40360834423264,40.40360834423264,39.4486145256509,39.77919006347656,900104
2014-09-05,39.77918236007265,41.138211438451336,39.77918236007265,40.44033050537109,1103517
2014-09-08,40.77091476505882,41.50552584190672,40.58726199584684,41.2484130859375,1302456
2014-09-09,41.43205604294912,42.97473781805457,40.80763509411639,41.94628143310547,2064328
2014-09-10,41.87282597458808,42.46051419973264,41.24840776080672,41.79936599731445,1238391
2014-09-11,42.25206684675396,45.04372183905322,41.95026521799969,43.42154312133789,3795557
2014-09-12,43.76106733244703,44.62874481876433,43.23291594417535,43.53471755981445,2350420
2014-09-15,43.27064153018661,44.779643890481786,42.6293166783386,44.21376800537109,2289283
2014-09-16,44.666469776718834,45.64732072069844,40.89396393203301,41.42211532592773,4325505
2014-09-17,41.95026317108607,43.15746674900544,41.38438730342829,42.591590881347656,1810006
2014-09-18,43.27064523086759,44.89282405819765,43.00657094650867,44.06287384033203,2311607
2014-09-19,44.440118203900575,44.47784268518262,41.874813182013376,42.2520637512207,2602875
2014-09-22,42.02571894829353,44.13832180970026,41.57301648486752,43.72334671020508,1758051
2014-09-23,43.83651685512604,44.21376744037907,41.57301334360778,41.79936599731445,901188
2014-09-24,41.64846095248949,42.17661229377661,40.17718324397296,40.47898483276367,971201
2014-09-25,40.74307049155658,40.969420307537526,37.98913957557189,38.36639022827149,976741
2014-09-26,38.2532060890155,41.15803415325103,38.10230529438917,40.66761016845703,1369030
2014-09-29,41.04486548233304,41.42211607361113,39.64903656768797,40.40353775024414,2084992
2014-09-30,40.629879547058486,40.85623215991004,39.46040351949523,39.64902877807617,690631
2014-10-01,39.72449298591808,40.59216771882768,39.08316517999992,39.23406600952149,667931
2014-10-07,39.6113148714851,40.59216590218787,39.34724059028605,40.25263977050781,1161193
2014-10-08,42.25206450094146,43.19519094069461,41.271213579236864,41.4598388671875,3227813
2014-10-09,41.57301325716033,42.10116465105506,40.969412897649306,41.42211532592773,952164
2014-10-10,41.007133295857535,41.007133295857535,40.21490772302348,40.47898483276367,656891
2014-10-13,40.06401540293428,40.47899339484562,39.79994111553058,40.21491622924805,321477
2014-10-14,40.51671407890501,40.89396467018309,40.06401164245514,40.40353775024414,464573
2014-10-15,40.40353775024414,40.40353775024414,40.40353775024414,40.40353775024414,0
2014-10-16,40.06400674229517,41.4975599650939,39.49813092458935,39.87538146972656,792653
2014-10-17,40.02628691402294,40.40353750299242,39.12088492485748,39.271785736083984,500561
2014-10-20,39.79994017211856,40.66761774421004,39.42268955437336,40.29036712646485,722231
2014-10-21,40.13946364387915,41.42211623485638,40.02628731477772,41.15803909301758,600098
2014-10-22,41.27121824678364,41.45984355606675,40.667617832716445,40.81851577758789,383597
2014-10-27,41.459839146032095,43.98741687029278,41.19576201420903,42.591590881347656,2088702
2014-10-28,43.0065736067743,43.0065736067743,41.87482166975393,42.02572250366211,571016
2014-10-29,42.28979007980725,42.93111780239028,41.87481501119092,41.95026397705078,423232
2014-10-30,41.72391624527389,43.23291866194343,41.4975664584122,42.81794357299805,847077
2014-10-31,43.157470789567896,44.51557242345838,43.157470789567896,43.72334671020508,1475138
2014-11-03,43.83651768928211,45.79822249684294,43.76106872207322,45.53414535522461,1768581
2014-11-05,48.36352574202285,51.30608157167585,48.36352574202285,50.287506103515625,9644489
2014-11-07,50.51384892122228,50.740201565332406,48.13717206180678,49.34437561035156,2902991
2014-11-10,49.41982269078432,50.66475067320354,49.08029949393664,49.457550048828125,1764040
2014-11-11,49.87252635765322,50.89110178938724,49.79707739167053,50.74020385742188,2183175
2014-11-12,51.0797308149886,51.0797308149886,49.64618308740539,49.94797897338867,1658441
2014-11-13,50.13660298874113,50.55158095585911,47.60902509222566,48.13717651367188,1176919
2014-11-14,52.06057922898405,53.75820681253788,50.7402022195533,51.7587776184082,8196170
2014-11-17,52.09829799630329,54.66359687213217,52.09829799630329,54.17317581176758,4899979
2014-11-18,54.58815163007028,55.04085112383528,53.45640001746459,53.795928955078125,2148715
2014-11-19,53.98457537328984,54.286371316443,50.9665698906492,51.41926956176758,1439597
2014-11-20,51.30608030389989,54.02228340400539,50.55157912296019,53.41868591308594,1976854
2014-11-21,54.09772616801717,54.09772616801717,51.947399200171326,52.17375183105469,1154602
2014-11-24,52.58873153497569,52.73963522937491,51.19290546101024,51.38153076171875,1195953
2014-11-25,51.306083439813726,51.683334053341774,48.89168181578928,49.834808349609375,1005032
2014-11-26,49.34437378897688,50.40067649518967,49.04257219343227,49.64617538452149,1096526
2014-11-27,49.15575978385469,49.87253370080753,48.74078177526853,48.89168548583984,1442096
2014-11-28,49.15575619428465,51.53243621563848,49.15575619428465,50.32522964477539,1627298
2014-12-01,50.40068236243212,50.85338193025535,49.0803052650551,49.910255432128906,871353
2014-12-02,49.41983037217352,50.36295690599362,49.1557560939814,49.834808349609375,755666
2014-12-03,49.41982704340793,52.28693381565668,49.41982704340793,51.90968322753906,1416225
2014-12-04,52.06058108151614,52.40010430775378,51.0042782851065,51.49470520019531,751073
2014-12-05,51.49470709342132,52.73963522937491,51.04200752299838,51.38153076171875,1119434
2014-12-08,52.81508440257132,53.64503457761997,51.72105995678729,52.55101013183594,3534356
2014-12-09,53.19233266837535,53.19233266837535,50.55157856427161,50.74020385742188,2244189
2014-12-10,50.740205890587305,51.64560503143319,50.5515805898788,51.38153076171875,812822
2014-12-11,51.49470527805482,52.6641844037743,50.06115189193044,51.90968322753906,1149534
2014-12-12,51.98512797928377,52.47555485535362,50.36294943061581,50.51384735107422,912717
2014-12-15,50.17434114890059,52.06059457555099,49.797090463570505,51.41926956176758,1006708
2014-12-16,50.58930940449224,51.19290693025032,48.36352733841938,48.66532897949219,1078291
2014-12-17,48.2880762654314,49.04257745707877,46.21319798840114,47.646751403808594,1046108
2014-12-18,48.70305282814815,52.73963293654423,47.94854877992217,49.98570251464844,765240
2014-12-19,50.55157885873105,53.079156650390175,49.57072502608141,52.02285385131836,2024043
2014-12-22,52.66418254838469,53.68275794913984,51.72105611131754,52.13602828979492,1167880
2014-12-23,52.173753432488944,52.51327663284887,50.4761259179159,51.0797233581543,982430
2014-12-24,50.58930229238216,52.40010037147243,50.58930229238216,51.268348693847656,907830
2014-12-26,51.7587776184082,53.15460359138619,51.15518015364345,51.7587776184082,1437529
2014-12-29,51.90968693773145,52.24921018874953,50.96656040002839,51.11745834350586,545232
2014-12-30,51.268350720770826,52.66418245013574,50.81565118310053,51.7587776184082,1362289
2014-12-31,51.83422842104906,52.0983084374144,51.381528867316845,51.53243255615234,478134
2015-01-01,51.04200762612368,52.70190797315724,51.04200762612368,51.94740676879883,724232
2015-01-02,51.72105408234928,53.19232896390254,51.4192524830498,51.645599365234375,1196696
2015-01-05,51.19289956338806,52.09830435631512,50.47612580582583,50.70247268676758,810514
2015-01-06,50.17433352284201,51.41926174649083,49.26893431821801,49.68390655517578,1300081
2015-01-07,49.57072658012793,52.362384476364085,49.533004973927845,50.66475677490234,3517808
2015-01-08,51.04200922856913,51.64560675717316,49.721632079489154,50.17433166503906,1369089
2015-01-09,50.40068425665555,50.77793487008445,49.41983035918541,49.57072830200195,951884
2015-01-12,49.79707713544143,50.17432771980083,49.34437758548756,49.60845184326172,616713
2015-01-13,49.68390469495953,50.70248020112196,49.64618308740539,49.94797897338867,1095113
2015-01-14,49.94796782815748,50.92882150790119,48.06171805790982,48.25034332275391,1727051
2015-01-15,48.85395808517933,49.64618673506175,48.21263314576345,48.288082122802734,861768
2015-01-16,48.40124888292151,48.9671247332525,47.910821994690615,48.174896240234375,846887
2015-01-19,48.36352428910449,52.66418445136388,48.25035083948308,52.06058120727539,5045592
2015-01-20,52.8150820766372,53.94683383542229,50.476129593092125,50.777931213378906,3323606
2015-01-21,50.85338174960318,51.117456016863024,48.74077609874986,48.92940139770508,1405198
2015-01-22,49.0803052650551,50.928830898828,48.96712893400246,49.910255432128906,2278878
2015-01-23,51.38152865433632,52.211478792136354,50.32522586241485,50.58930587768555,2697987
2015-01-27,51.0420070867356,51.15518341747083,48.96712879667632,49.11802673339844,989819
2015-01-28,48.96712329493948,50.325221842010286,48.89167433505554,49.75934600830078,1145159
2015-01-29,50.0988825556104,50.85338378157926,48.89168174533771,49.193477630615234,1258404
2015-01-30,49.49527153703952,50.09887472603705,48.66532146945787,49.004844665527344,917091
2015-02-02,48.32580609445982,51.53243632265023,48.32580609445982,51.11745834350586,1824986
2015-02-03,52.55100607706464,53.11688193771561,51.38152699583119,51.57015228271485,3492404
2015-02-04,51.7965066503408,51.98513194349106,50.58930592545651,50.74020385742188,883723
2015-02-05,51.26835420914174,51.98513380257843,50.02343183493888,50.287506103515625,1050315
2015-02-06,50.70247649623697,52.70190575490723,49.87252635765322,50.74020385742188,4668057
2015-02-09,50.47613118285718,51.15518341079267,48.9671287902838,49.15575408935547,1196378
2015-02-10,49.26893238745637,50.17433155659938,48.43897643328981,49.382102966308594,820016
2015-02-11,49.9479770447544,50.55158030618919,49.79707910758936,49.87252807617188,841420
2015-02-12,50.17433152692978,51.192907030710245,49.04257968797647,49.193477630615234,1935440
2015-02-13,49.4952715940232,49.87252214848433,49.11802103956207,49.23119735717773,890437
2015-02-16,49.57071663876727,49.75934190110106,48.85394294445331,49.04256820678711,595032
2015-02-18,49.30664385572376,53.53184870351621,48.89167172036122,53.04142761230469,5809827
2015-02-19,54.927692473936766,56.43669495117253,54.70133979979636,55.267215728759766,7912905
2015-02-20,54.21090477601549,54.24863213488703,52.96597676628256,53.19232940673828,1932203
2015-02-23,53.56958776087194,54.77678858730421,53.19233714283763,53.94683837890625,1702947
2015-02-24,54.09773207674392,54.13545943814069,50.55157884815925,52.09830856323242,1635835
2015-02-25,52.70190048217773,53.79593052682584,52.13602465934178,52.70190048217773,1985731
2015-02-26,52.85281350443599,53.00371144799625,50.777935120350726,51.30608367919922,1323752
2015-02-27,51.60788537057402,52.02285759394342,50.62703146735985,51.72106170654297,1342031
2015-03-02,50.36296068648535,50.36296068648535,48.62760543143704,48.89168548583984,1394026
2015-03-03,49.04256820678711,49.683892947444775,48.66531768211952,49.04256820678711,1324283
2015-03-04,49.268932261637794,49.797080816224565,48.401254702198806,48.66532897949219,1117821
2015-03-05,48.89168149791382,48.96713046885138,47.156326384412445,47.72220230102539,889586
2015-03-09,47.45812204060944,47.45812204060944,46.55272011255107,46.6658935546875,681621
2015-03-10,46.40181941791696,47.759920874022185,46.40181941791696,47.04314422607422,876706
2015-03-11,47.30722123956748,47.38267020099177,46.51499563183893,46.6658935546875,581244
2015-03-12,46.77906893185583,47.08087052785482,46.32636941605069,46.7413444519043,591676
2015-03-13,46.92997422727486,47.005423194408415,45.1946220794608,45.38324737548828,766472
2015-03-16,45.79822132224325,45.79822132224325,44.36466795649222,44.66646957397461,567129
2015-03-17,44.89282509377017,45.87367615883561,43.8742495412395,44.55329895019531,1285635
2015-03-18,44.85510058590862,44.85510058590862,43.94969849618533,44.36467361450195,773453
2015-03-19,44.70419479319532,44.89282008768137,43.42154221505142,43.68561935424805,398763
2015-03-20,43.45926622489295,43.72334336121289,41.42211536918981,41.61074066162109,611852
2015-03-23,41.95026375787243,41.9879911187988,40.78078752399347,41.007137298583984,531744
2015-03-24,41.12031141317116,41.15803589387484,39.53586019806944,39.98855972290039,594786
2015-03-25,40.32809144687002,40.32809144687002,38.81908898209055,39.15861511230469,526721
2015-03-26,39.083156820434496,40.441258239253976,38.630457306892446,39.8376579284668,799602
2015-03-27,40.36581118522788,40.59216095268392,38.40410936301755,39.76221084594727,950294
2015-03-30,40.13946459778307,41.72391597369551,40.06401275052449,41.30894088745117,512992
2015-03-31,41.72391339966166,43.83651606327867,40.96941224278462,42.591590881347656,1198018
2015-04-01,44.25149459565316,45.27007001982173,44.17604275203733,45.04372024536133,2590422
2015-04-06,45.27006872769059,45.3832450507872,43.232915059305824,43.76106643676758,573668
2015-04-07,43.79879124229589,52.51327896118164,43.15746641518836,52.51327896118164,3872673
2015-04-08,53.56958536460579,54.24863759796982,50.77793321858268,51.19290542602539,3873793
2015-04-09,51.49470729250704,54.21091048193323,49.797079579567246,52.55101013183594,3503878
2015-04-10,52.362378936699926,53.07915269893128,51.57015045727645,51.871952056884766,1019986
2015-04-13,52.13603185687109,52.77735672667794,50.55158048546966,50.81565475463867,681697
2015-04-15,50.5515821994721,51.60788506835051,48.89168180293997,49.57072830200195,885442
2015-04-16,49.83480671568469,51.45697969555936,48.55215121791103,51.19290542602539,1351961
2015-04-17,51.8342360745792,51.94741241881997,50.24978452437234,50.891109466552734,1293243
2015-04-20,50.85338380350198,51.04200911007551,48.7407780673234,49.419830322265625,557213
2015-04-21,49.64618098756727,49.64618098756727,47.38267452191105,48.92940139770508,560137
2015-04-22,49.30665410937684,50.4761333155893,48.55215288121074,50.13660430908203,574188
2015-04-23,50.09887484086632,50.362949078013024,49.15574845363761,49.457550048828125,357624
2015-04-24,49.41981938914856,49.72162096417634,47.98626622505632,48.25034332275391,342935
2015-04-27,48.55214247529366,48.55214247529366,46.40181558716568,46.89224243164063,344541
2015-04-28,46.47727960751634,46.77908128320173,44.59102632996789,45.15690231323242,721797
2015-04-29,45.23234535759107,45.8359457131544,43.911968320586624,44.28921890258789,603114
2015-04-30,44.36466410729918,45.23234152363395,43.91196459854651,44.477840423583984,547555
2015-05-04,44.85509597097263,45.6473216386493,44.591018829618,45.38324737548828,306577
2015-05-05,45.42097473144531,45.79822534735733,44.89282329352974,45.42097473144531,255464
2015-05-06,45.34551880527533,45.76049674803156,44.06286912902584,44.28921890258789,295060
2015-05-07,44.28921951298264,44.28921951298264,42.4784155431426,42.70476531982422,318413
2015-05-08,43.23291520363741,45.64731945281333,43.23291520363741,44.326942443847656,455072
2015-05-11,44.89281840264043,45.00599472636145,44.06286828933119,44.704193115234375,213933
2015-05-12,45.11916592782358,45.11916592782358,43.38381394563677,43.64788818359375,177636
2015-05-13,43.98741572480966,48.21262382020789,43.761065959279655,45.49641799926758,1585066
2015-05-14,45.49642465940308,45.722774458068,44.44012463956883,45.34552383422852,291699
2015-05-15,45.27007388168126,46.36410124279399,44.96827223785921,45.23234939575195,305107
2015-05-18,45.57186983990653,46.25091913649654,45.1191674306531,45.49641799926758,380575
2015-05-19,45.60960099783247,46.06230059516231,44.89282423689868,45.34552383422852,391294
2015-05-20,45.27007675170898,45.79822822278438,44.96827508875334,45.27007675170898,252947
2015-05-21,45.64732180150113,46.62817276870458,45.27007120810029,46.10002136230469,733201
2015-05-22,45.11917276984672,45.11917276984672,42.93112093987489,43.34609603881836,804189
2015-05-25,43.761066080729165,44.02514032821481,42.28978828341079,42.44068908691406,428017
2015-05-26,42.96884145978618,42.96884145978618,42.17661582070399,42.591590881347656,250562
2015-05-27,42.93111485954152,42.93111485954152,41.7993631800618,41.91253662109375,292588
2015-05-28,42.214337335346606,42.25206181489982,41.61073702791527,42.13888549804688,179792
2015-05-29,42.214337335346606,42.40296261130598,41.61073702791527,42.13888549804688,295232
2015-06-01,41.79937081014585,42.78022186910145,41.79937081014585,42.10116958618164,221781
2015-06-02,41.874810137613125,42.176611722314654,41.30893432494268,41.6484603881836,248375
2015-06-03,41.53528656838946,41.83708817121289,39.15860973938018,40.36581039428711,338429
2015-06-04,39.61131102415749,40.66761380274577,39.23406044297504,39.91311264038086,296225
2015-06-05,39.72448373898014,41.08258513215184,39.30950583484459,40.47898483276367,331769
2015-06-08,40.629884474335896,41.00713503724781,39.23405854283916,39.79993438720703,242945
2015-06-09,39.762212141549625,41.76163851045255,39.23406074814739,41.195762634277344,631343
2015-06-10,41.4221191144177,42.74249628082017,40.81851582150725,41.23349380493164,979468
2015-06-11,41.4975689356243,41.79937058825185,40.06401540293428,40.21491622924805,278740
2015-06-12,40.214907598177184,40.40353287103749,39.724483615656354,40.10173416137695,179801
2015-06-15,40.51671597217777,40.969415551587865,40.10174087801956,40.32809066772461,166603
2015-06-16,40.78078477656405,42.06343725042186,40.51671053703157,41.34666061401367,765772
2015-06-17,41.4975642528482,42.21434093830884,40.856239411127056,41.195762634277344,457122
2015-06-18,41.497561469464365,41.98798834719901,41.27121170981505,41.53528594970703,378851
2015-06-19,42.78021428368434,43.383814606924616,42.10116212116817,42.66703796386719,842894
2015-06-22,42.817944517348295,43.15747064422593,42.40296941925063,42.78022003173828,367369
2015-06-23,42.78021712182593,43.30836851902251,42.36524205195489,42.51613998413086,507786
2015-06-24,42.70476509936691,42.89339039199343,41.42211541206141,41.79936599731445,518482
2015-06-25,41.72391330779329,43.15746665398065,41.57301250111144,42.21434020996094,688942
2015-06-26,42.21434494401471,42.62932005028134,41.79936983774808,41.98799514770508,310642
2015-06-29,41.42211119999308,41.42211119999308,39.87538165518224,40.47898483276367,495625
2015-06-30,40.59216602576273,41.723917882679125,40.59216602576273,41.23349380493164,481094
2015-07-01,41.72391895749149,42.516144702102025,41.49756915591618,42.10116958618164,530961
2015-07-02,42.25206977148835,45.08144944368624,42.02571997335129,44.62874984741211,2228868
2015-07-03,45.42097255135423,46.28864719938941,43.723344861231965,43.98741912841797,2753546
2015-07-06,43.38382814426826,44.66648103025939,43.08202644937825,44.10060501098633,574580
2015-07-07,44.59101855426585,44.81737121065596,43.53471862995086,44.02514266967773,501728
2015-07-08,43.61016926611081,44.66647210905696,42.553869301358354,42.81794357299805,1002753
2015-07-09,43.19518819286399,43.38381346881536,42.06343653715576,42.17661285400391,707555
2015-07-10,42.25206550461008,42.70476505516777,41.12031375002231,41.61074066162109,552163
2015-07-13,41.68618784677822,43.119741159302265,41.53528704363988,42.063438415527344,970284
2015-07-14,42.62931236500987,43.270637151967215,41.912535740756006,42.17661285400391,1115662
2015-07-15,42.516139936401096,42.93111788399984,42.10116486699592,42.36524200439453,577367
2015-07-16,42.55386540908987,43.08201390406117,41.91253771374933,42.44068908691406,1107093
2015-07-17,42.78021716418046,43.27064120062504,42.36524209389858,42.70476531982422,920353
2015-07-20,42.81793870899396,43.38381455096304,42.28978734751747,42.47841262817383,1049549
2015-07-21,42.5915897874148,43.119741159302265,41.874813131152784,42.063438415527344,627386
2015-07-22,41.83709718082538,42.32752129328447,41.79937269189684,42.02572250366211,499178
2015-07-23,42.25206572462935,43.572442778524014,41.8748151378023,42.51613998413086,900789
2015-07-24,42.62931710088798,43.08201666218634,41.53528980319108,41.723915100097656,684473
2015-07-27,41.723916927314846,41.987994081464976,40.89396673585728,41.271217346191406,381659
2015-07-28,41.459834581814285,41.61073537221607,40.02628139028708,40.13945770263672,507081
2015-07-29,40.59216409946297,41.27121633266594,40.21491349839325,40.93169021606445,435888
2015-07-30,41.12031742371839,41.3089427330015,40.70534231893431,40.81851577758789,397646
2015-07-31,41.12031839866453,42.06344496744124,40.81851674537843,40.96941757202149,759246
2015-08-03,40.96941011148706,41.72391122911368,40.96941011148706,41.53528594970703,670078
2015-08-04,41.64846341612766,42.553865357863934,41.610738934845614,42.2520637512207,835774
2015-08-05,42.62931531683063,43.1574667017044,42.28978922096938,42.4029655456543,800313
2015-08-06,42.629319297992126,44.25149808627288,42.32751765610936,43.34609603881836,1653184
2015-08-07,43.08202075197222,43.57244772176313,42.66704563502278,43.04429626464844,642351
2015-08-10,43.1197481174899,45.60960169738045,42.59159666037521,43.04429626464844,4202093
2015-08-11,43.00656176295402,43.23291151238356,41.5730085529116,41.6484603881836,744307
2015-08-12,41.610741450989146,42.138889977261066,40.66761497094128,40.78078842163086,743454
2015-08-13,41.120311357398734,41.34666111950721,39.61130910575108,39.79993438720703,734709
2015-08-14,39.79993645255065,40.59216210013806,39.76221196994049,40.44126129150391,459574
2015-08-17,40.66761016845703,41.0071333586247,40.47898489472243,40.66761016845703,415776
2015-08-18,42.18971678164768,42.93125727557026,42.15068896146899,42.81417083740234,442968
2015-08-19,41.60429324718268,43.00931570825809,41.33109551056291,42.69709014892578,1075296
2015-08-20,42.93126556108582,42.93126556108582,41.25304217082679,41.3701286315918,1198751
2015-08-21,40.979837365256536,40.979837365256536,40.082182593821976,40.27732467651367,543449
2015-08-24,39.34065517843207,39.34065517843207,35.00849744652529,35.750038146972656,756467
2015-08-25,35.828089324211646,36.569626892574455,32.35455948701733,34.03277969360352,1143695
2015-08-26,34.266953582523215,36.140315935796544,33.60346866307949,34.96946334838867,555601
2015-08-27,36.45254346087482,36.45254346087482,35.28169090631331,35.43780517578125,434122
2015-08-28,36.45254096648561,36.53059660706234,35.164602053546744,35.59391403198242,485782
2015-08-31,35.82809454528352,35.82809454528352,34.4230688943842,34.65724182128906,392027
2015-09-01,34.26695245858428,34.774320109907016,33.564439738128776,33.68152618408203,546188
2015-09-02,33.6034698321372,34.2279239716196,32.93998786724318,33.018043518066406,415232
2015-09-03,33.40832706164997,33.83763908788632,33.018042860047444,33.525413513183594,296585
2015-09-04,33.48638827410632,33.48638827410632,31.84719271423057,31.964279174804688,467854
2015-09-07,32.35456114716981,32.47164462193541,31.066622081322933,31.22273635864257,362396
2015-09-08,31.495932245709536,32.43261487652998,31.066620241726163,31.80816078186035,338370
2015-09-09,32.198448181152344,33.25221438511896,32.15942035464104,32.78387451171875,367186
2015-09-10,32.35456440014617,32.78387647271475,31.69107939923793,32.66679000854492,220664
2015-09-11,33.17415500509328,34.26695189043149,32.86192647281609,33.9547233581543,532585
2015-09-14,34.345006364115164,35.16460251136882,33.954722200886586,34.73529052734375,374633
2015-09-15,34.73529501573465,34.93043712256462,34.07181304356565,34.22792434692383,151182
2015-09-16,34.657239250156465,35.35974904585625,33.174158052069856,33.29124450683594,539747
2015-09-18,33.876673669733385,35.203637721124096,33.603472911551634,34.69626998901367,788810
2015-09-21,34.657237478934874,35.67197578372933,34.26695328650377,35.51586151123047,410805
2015-09-22,35.437808751025266,36.25740502637922,34.3840395590282,34.57918167114258,315797
2015-09-23,34.26695482342824,35.63294955820402,34.0327819153609,34.774322509765625,378576
2015-09-24,34.50112062493297,35.47683103300442,34.50112062493297,34.73529052734375,230259
2015-09-28,35.43780407112889,38.83327518246226,34.7352913692376,36.80379867553711,2271955
2015-09-29,36.21837769354142,40.62858770090725,34.93043854496464,39.57482147216797,2533212
2015-09-30,39.57481820630807,40.12121667811747,37.15505439618988,37.3111686706543,1147348
2015-10-01,37.77951530694192,40.00413426527498,37.62340101672169,38.482025146484375,1596621
2015-10-05,38.63813241174752,39.379672922246826,38.56007676964522,38.794246673583984,408607
2015-10-06,39.02841783562644,39.418702013982696,38.44299156809204,38.59910583496094,484907
2015-10-07,38.95035904507566,39.7699551579005,38.36493282482481,38.67715835571289,606227
2015-10-08,38.95036707129205,39.535793412177405,38.63813849843359,38.71619415283203,406112
2015-10-09,39.02842272569049,39.34065129854896,38.325909925575125,38.71619415283203,402117
2015-10-12,38.560074898241766,38.9893868642327,38.32590202803603,38.67715835571289,271838
2015-10-13,38.716194132799934,40.16024755948273,38.40396853773537,39.88704681396485,1310954
2015-10-14,39.73093163131192,41.87749467081512,39.41870308905863,40.1212158203125,2022927
2015-10-15,40.62857488069292,40.90177554175163,39.96509309086583,40.355377197265625,778462
2015-10-16,40.58955565606038,40.97983984506096,39.92607372581221,40.1212158203125,394961
2015-10-19,40.27732745916197,40.55052818038416,40.00412971557188,40.16024398803711,202500
2015-10-20,40.43344274012598,40.78469911752584,39.57481868659935,39.69190216064453,281411
2015-10-21,39.80898861232187,40.39441491544425,39.45773223492201,39.69190216064453,228863
2015-10-23,40.19927729238378,40.35539158613313,39.26259450752018,39.41870880126953,293108
2015-10-26,39.73093039554665,40.43344012731805,39.30161541889351,39.49675750732422,495522
2015-10-27,39.145503997802734,39.65287163942671,38.9503619100323,39.145503997802734,181558
2015-10-28,39.301620738774496,39.80899142842502,38.44299662450848,38.98939514160156,411734
2015-10-29,38.71618322558763,38.98938389413879,38.24784347611636,38.44298553466797,160336
2015-10-30,38.56007953335078,38.56007953335078,37.15505405375247,37.27214050292969,347084
2015-11-02,37.233116164764205,37.27214399226628,36.2964334165525,36.64768981933594,259891
2015-11-03,36.68671229755845,37.15505211455961,36.335455945991605,36.56962585449219,318634
2015-11-04,36.95991252677513,37.62339745295639,36.72574260244203,36.99894332885742,342937
2015-11-05,36.84282656243615,37.38922500069213,36.335455945991605,36.56962585449219,252037
2015-11-06,36.68671348305924,37.46728185503923,35.82808946493408,36.60865783691406,413452
2015-11-09,35.75003399106208,38.716193470405415,35.515864054361984,38.052711486816406,561510
2015-11-10,38.24784799223522,39.02841631860737,36.842825600291725,37.037967681884766,864345
2015-11-13,37.15505338940824,37.35019548279301,36.21837372326696,36.37448501586914,339458
2015-11-16,36.686714515916535,36.998943064551646,36.10128822044978,36.72574234008789,515488
2015-11-17,36.92088214076436,37.31116631345243,36.6476844109355,36.80379867553711,338361
2015-11-18,36.84282905342465,37.74048092630687,36.686714777991874,36.99894332885742,548451
2015-11-19,38.169793139987945,38.24784878318658,37.23311053344475,37.70145034790039,695686
2015-11-20,37.5453408092726,38.36494005417141,37.2331152195499,37.46728515625,549629
2015-11-23,37.85756374155331,39.18453048884546,37.27213749812722,38.755218505859375,951003
2015-11-24,38.8332726099728,39.18452893764965,38.16979075140787,38.67715835571289,949512
2015-11-26,38.91132924183912,39.730928353223135,38.44298944473266,39.02841567993164,749351
2015-11-27,39.22356508388936,39.49676285361972,38.48202445195104,38.98939514160156,704529
2015-11-30,39.06744439857389,39.45772856434912,38.63813241174752,38.794246673583984,299982
2015-12-01,38.872303544657655,41.52623714688768,38.872303544657655,40.66761016845703,3341868
2015-12-02,40.74567355184814,40.94081566370792,39.49676224936617,39.84801864624024,666375
2015-12-03,39.730938347412064,40.19927826232791,39.06745332737663,39.18453979492188,449551
2015-12-04,38.91133428697073,39.262590669159366,38.05271022173823,38.24785232543945,486791
2015-12-07,38.32590471130697,38.83327532876573,37.857564893369606,37.97465133666992,259190
2015-12-08,38.16979435300219,38.5600785366622,36.41351552653213,36.92088317871094,945588
2015-12-09,36.84282831680784,37.07699823645906,34.69626526101284,34.93043518066406,680460
2015-12-10,35.00849019033641,35.78905856004408,34.85237889850049,35.43780517578125,497695
2015-12-11,35.59391584182482,36.02323081972168,34.73529184129503,35.12557601928711,343363
2015-12-14,34.77431500131697,39.57481093806177,34.735287184276686,39.1064682006836,2383669
2015-12-15,39.02842171248558,41.21401273285832,38.75522395155109,40.94081497192383,2240306
2015-12-16,41.13596020100537,41.13596020100537,37.350201221132274,37.66242980957031,3627104
2015-12-17,37.81853495319376,38.59910325778958,37.66242069674824,38.40396118164063,738326
2015-12-18,38.01368203079597,38.36493840960518,37.389227900486354,37.62339782714844,459282
2015-12-21,37.58436942963934,38.0917371000711,37.31116870466951,37.8965950012207,292298
2015-12-22,37.85757064819336,38.44299699842316,37.70145635927226,37.85757064819336,475607
2015-12-23,38.16979633285089,38.79425046357064,38.013682055762914,38.20882415771485,592299
2015-12-24,38.325904846191406,38.75521982138219,38.01367929234497,38.325904846191406,402220
2015-12-28,38.325904846191406,38.59910555564299,38.169793558084166,38.325904846191406,283111
2015-12-29,38.521046933957415,39.14550399691421,38.247849202137786,38.325904846191406,737505
2015-12-30,38.56007992389133,38.87230549547269,37.70145290237031,37.8965950012207,395842
2015-12-31,38.052707048865344,38.87230322054528,37.81853713947564,38.56007766723633,754040
2016-01-01,38.9503619100323,39.57481599537131,38.40396346874868,39.145503997802734,1005551
2016-01-04,39.02841880573835,40.433441287218514,38.63813461768096,38.95036315917969,1449434
2016-01-05,39.37967397478506,39.57481606288842,38.521047000551086,38.91133117675781,2931635
2016-01-06,39.02842039038653,39.53579104651442,37.97465423089896,38.20882415771485,1743688
2016-01-07,37.54533628793789,37.58436708738127,36.41351456724642,36.56962585449219,756328
2016-01-08,36.68671348305924,37.15505331519442,36.37448494321444,36.60865783691406,1123901
2016-01-11,36.29642743605344,37.27213785100111,36.02322971092084,36.49156951904297,713751
2016-01-12,36.72574039930299,37.97465155021218,36.53059831112643,36.84282684326172,1107219
2016-01-13,38.56007752082697,38.87230307295044,35.984199594424766,36.56962585449219,3246626
2016-01-14,35.98420135109496,36.6086584410904,35.125577318799365,35.51586151123047,897243
2016-01-15,35.984201583456695,35.984201583456695,33.44735431627327,33.79861068725586,635660
2016-01-18,34.11083683038336,34.11083683038336,32.31553025565411,32.471641540527344,551365
2016-01-19,32.51066797395091,33.525406077530675,32.39358154838607,32.979007720947266,496781
2016-01-20,33.13512479540955,34.11083516643085,32.31552867927802,32.62775421142578,1347772
2016-01-21,33.174156143279845,33.408326061706,32.39358776343797,32.58872985839844,597559
2016-01-22,33.09609859054786,33.09609859054786,32.31553025565411,32.471641540527344,1581914
2016-01-25,32.97901859457615,33.13513288759176,32.58873435085335,32.66679000854492,342697
2016-01-27,33.01804095428398,33.09609957667833,32.62775677520821,32.822898864746094,324375
2016-01-28,32.97900701578461,33.25220469941901,32.78386496243677,32.90095138549805,327820
2016-01-29,33.05707320309091,33.36930177921251,32.78387543220879,33.1351318359375,412436
2016-02-01,33.29124552928004,33.91569969273556,33.213186897827896,33.408329010009766,378545
2016-02-02,33.525412509735105,33.68152678122989,32.39358776343797,32.58872985839844,353384
2016-02-03,32.27650452920796,32.4716466435989,31.613022531331723,31.69107818603516,299446
2016-02-04,31.925248491754225,32.31553268858431,31.33982219650909,31.613019943237305,250716
2016-02-05,31.80816429744405,32.393590634206824,31.61302218518979,32.23747634887695,249740
2016-02-08,32.23747157493796,33.40832407507589,32.23747157493796,32.705814361572266,337909
2016-02-09,32.12039962008888,32.58873959689527,31.144688853714776,31.88622665405273,1053668
2016-02-10,31.808167520209143,31.925253990477685,31.22274112413168,31.456911087036133,343039
2016-02-11,31.534969871090937,31.534969871090937,29.661604203996024,29.81771850585937,433141
2016-02-12,30.286052241023828,30.325080064101225,27.436979469525514,28.373659133911133,1238841
2016-02-15,28.41269091637128,29.856741263555765,28.41269091637128,29.31034278869629,517733
2016-02-16,29.622576156266888,30.36411685146939,29.271319724051743,29.544517517089844,496144
2016-02-17,29.583550652448046,29.583550652448046,28.29561129223127,28.646867752075195,635796
2016-02-18,28.95908641359862,29.46645706403216,28.84200294032082,29.31034278869629,331741
2016-02-19,29.661601628135536,31.53496713254442,29.58354597279866,31.37885284423828,1741422
2016-02-22,32.315530678486525,34.14986509843543,32.15941641393872,33.91569519042969,2820279
2016-02-23,34.18889747141953,34.26695610290064,32.08136206354708,32.23747634887695,1258189
2016-02-24,32.31553559644272,32.31553559644272,31.222738555932143,31.37885284423828,615754
2016-02-25,31.45690527986453,31.808161648193074,30.16896923283596,30.286052703857425,665567
2016-02-26,31.22273448614734,31.886216402925168,30.79342248248921,31.105648040771484,1281610
2016-02-29,31.37885262923268,32.31553537501904,29.81771571213287,29.934799194335938,1759300
2016-03-01,30.207990652018488,30.36410489124757,29.037138324247472,29.19325256347656,1296923
2016-03-02,29.661598191648345,30.129938024674185,28.685887724817807,28.95908546447754,2734787
2016-03-03,30.05188054730815,30.754393231674594,29.9347941073698,30.24702262878418,3602248
2016-03-04,30.40313680119959,30.48119244251058,29.54450985861944,29.661596298217773,1607241
2016-03-08,29.817717888770183,30.403144275417635,29.54451712175516,29.62257575988769,1506376
2016-03-09,29.778687884731845,30.09091348157239,29.66160142489641,29.934799194335938,898625
2016-03-10,30.05188172700389,30.2079959938394,29.38839981499296,29.466455459594727,1385893
2016-03-11,29.5445100912325,29.77868297227289,29.154225926341017,29.23228454589844,813094
2016-03-14,29.505478064303297,29.66159230353239,29.154221770445705,29.19325256347656,552721
2016-03-15,29.19325928362748,29.38840138317677,28.64686080936302,28.724916458129883,987021
2016-03-16,28.88102586302039,28.95908149862455,28.37365529869846,28.490741729736328,748607
2016-03-17,28.80297309953686,28.842000921230643,27.98337395580779,28.139488220214844,1340521
2016-03-18,28.37365812800947,28.45171674902896,28.022404755133497,28.139488220214844,916757
2016-03-21,28.29560602264633,29.466458685652388,28.17851956529281,29.15423011779785,1548035
2016-03-22,29.66159754873112,29.700625371032,29.19325772585657,29.466455459594727,837545
2016-03-23,29.58354770611388,29.661603366024075,29.15423264371012,29.349374771118164,834770
2016-03-28,29.46645703194364,29.505484856327065,28.49074653419716,28.724916458129883,609028
2016-03-29,28.88102408501837,29.349363825074207,28.529767791160783,29.19325256347656,715507
2016-03-30,30.36411422864428,30.36411422864428,29.66160142489641,29.934799194335938,1053572
2016-03-31,30.09091148078804,30.871479887436923,29.856741554319807,30.168970108032227,1246365
2016-04-01,30.32508364848947,31.066624285137323,30.090913704714463,30.793426513671875,906225
2016-04-04,31.02759241911531,32.23747278584372,31.02759241911531,31.80816078186035,1916040
2016-04-05,31.573990426061027,31.61301824812492,30.36411007628881,30.48119354248047,921197
2016-04-06,30.44217010919317,31.144682918150583,30.286055820799035,30.793426513671875,656132
2016-04-07,30.79342182953861,31.769132261541536,30.28605121384432,30.910505294799805,1466557
2016-04-08,30.83244806955708,31.33981865922275,30.520219556281,31.06661796569824,776973
2016-04-11,31.37885032091978,32.23747437110903,31.02759394488522,31.76913452148437,1803154
2016-04-12,32.31553019485962,33.17415417057468,32.31553019485962,32.705814361572266,2890303
2016-04-13,33.25221653161119,34.46210007498782,32.97901875076436,34.110843658447266,3871618
2016-04-18,34.227921785832045,34.38403605514128,33.25221132468938,34.03277969360352,966280
2016-04-20,34.26695361805038,35.828090402879425,34.07181151994675,35.55488967895508,2936192
2016-04-21,35.67197404109122,35.711001862901334,34.34500725612369,34.501121520996094,962287
2016-04-22,34.501122483857024,35.125576583142035,34.03277967616925,34.852378845214844,928802
2016-04-25,34.89140934403804,37.62339884336221,34.18889656744464,37.15505599975586,3707418
2016-04-26,37.07700160978644,37.85757006472931,36.530603095799954,37.54534149169922,1778258
2016-04-27,38.5210467983862,39.106473059623866,37.70145062817984,37.97465133666992,6842670
2016-04-28,37.779515033047225,37.779515033047225,36.56963152583612,36.68671798706055,1466390
2016-04-29,36.29643344696291,36.60866202250586,35.203636410194946,35.476837158203125,1356213
2016-05-02,35.43779876113159,36.60865110375535,34.813341796293734,36.14030838012695,1972755
2016-05-03,36.33545456530503,37.07699506207285,36.21837110431968,36.41351318359375,1402327
2016-05-04,36.33545771980937,36.33545771980937,35.28169159129823,35.51586151123047,953235
2016-05-05,35.671969348561205,35.789052798589616,35.203626615552935,35.32071304321289,688407
2016-05-06,35.281691548956935,35.43780582126844,34.852379533324346,34.93043518066406,574838
2016-05-09,35.12557301580408,35.90614130504417,35.12557301580408,35.78905487060547,577469
2016-05-10,35.9061385071285,36.45253686254589,35.867110691234004,36.14030838012695,567391
2016-05-11,35.8280967867018,36.41352318532351,35.3207260501766,35.750038146972656,708099
2016-05-12,36.06225916571171,37.23311171669175,35.789058450570494,36.92088317871094,1710015
2016-05-13,37.46728952369092,38.403972357309726,37.38923386156962,37.779518127441406,3206386
2016-05-16,37.7404803443744,38.2088231634512,37.07699840605572,37.27214050292969,1458753
2016-05-17,37.506310423652046,37.93562244124838,37.11602622990409,37.27214050292969,746725
2016-05-18,37.2721430460612,37.3892295032274,36.7647723685174,36.8818588256836,633295
2016-05-19,36.92088242023443,37.233110951801045,36.02323060283633,36.25740051269531,765015
2016-05-20,36.60865773034276,36.60865773034276,35.28169090631331,35.43780517578125,677099
2016-05-23,35.67197404109122,35.711001862901334,34.3840350779338,34.501121520996094,874543
2016-05-24,35.12558206314787,35.32072418572091,34.3450135728557,34.69626998901367,875777
2016-05-25,35.39877506244831,35.75003143116272,35.04752167136598,35.51586151123047,1312538
2016-05-26,35.59391715866386,35.828090056228184,35.359747238731615,35.51586151123047,689842
2016-05-27,34.34500654346863,34.57917644710227,33.4083239513022,33.60346603393555,1747431
2016-05-30,33.56444328937803,34.462098196309675,33.44735683103657,33.99375534057617,734995
2016-05-31,34.18890426415008,34.266962911140055,33.5644499763949,33.64250564575195,449656
2016-06-01,33.87667221101489,34.26695643935547,33.369301523119205,33.447357177734375,685096
2016-06-02,33.64249572782862,34.071810715627635,33.33027016481265,33.72055435180664,798315
2016-06-03,33.95472658841477,34.852381470885526,33.95472658841477,34.22792434692383,999903
2016-06-06,34.65724030256773,34.85238241468211,34.34501173213178,34.57918167114258,455642
2016-06-07,34.81334873202241,35.04752162930571,34.540150988701335,34.93043518066406,444643
2016-06-08,35.008495526024404,36.17934825903703,34.85238421039537,35.867122650146484,1103682
2016-06-09,36.140319484380086,36.84283229685672,35.71100742236988,36.10129165649414,1289787
2016-06-10,36.45253970303858,36.45253970303858,35.320715088114106,35.78905487060547,845740
2016-06-13,35.39877563454798,35.86711845961371,34.85238013841949,35.2426643371582,919031
2016-06-14,35.906149539432015,36.60866235190864,35.554893133193694,36.10129165649414,1849263
2016-06-15,36.25740526157474,36.49157520210456,35.78906240288276,36.02323532104492,1156061
2016-06-16,35.984203238608515,35.984203238608515,35.24266561619851,35.63294982910156,634714
2016-06-17,35.86711787994488,35.90614570366157,35.32071941501492,35.51586151123047,524408
2016-06-20,35.43780467688214,36.725740682188814,35.281690409612,36.29642868041992,1494333
2016-06-21,36.64768308319626,36.80379734214189,36.21837110431968,36.41351318359375,888517
2016-06-22,36.64769314924567,36.64769314924567,35.5158681830505,35.750038146972656,660130
2016-06-23,35.750033396077015,35.90614767715631,35.242665704609585,35.39877700805664,424780
2016-06-24,34.89141084351304,34.89141084351304,33.40832957480518,34.30598449707031,1005605
2016-06-27,34.30598290970474,35.82809193555309,34.30598290970474,35.63294982910156,1187348
2016-06-28,35.906147686878384,36.4915740078601,35.59391912463524,35.98420333862305,865219
2016-06-29,36.257399071526415,36.99893957129821,36.06225699146183,36.764766693115234,1268497
2016-06-30,36.95990989811292,39.61384345882068,36.80379861141523,38.2868766784668,7513535
2016-07-01,38.79424777555282,40.3163566608388,38.71618915360136,39.49675750732422,4775068
2016-07-04,39.3406493169362,39.73093352453425,38.6771643774402,38.83327865600586,1384773
2016-07-05,38.98939479224615,39.769963244632926,37.58437217347641,39.53579330444336,4047914
2016-07-07,39.80898589522891,42.03360450420362,39.45772954180344,41.21400833129883,4947923
2016-07-08,41.56526595046178,41.68235239771308,40.35538556527053,41.01886749267578,2122064
2016-07-11,41.56526554494665,41.87749408281595,40.277326548275774,40.394412994384766,1988881
2016-07-12,40.78469397570444,40.97983605214321,40.2382955661495,40.70663833618164,1114615
2016-07-13,41.05789485829711,41.05789485829711,39.41870248083975,39.80898666381836,1061794
2016-07-14,39.6138490460793,40.355389673010215,39.41870693255182,39.88704681396485,873961
2016-07-15,40.1992713699105,40.1992713699105,38.79424888843032,38.95036315917969,992605
2016-07-18,39.3406493169362,39.69190272166868,38.5600809017401,38.83327865600586,651782
2016-07-19,38.9503615574597,39.14550364346374,38.20882103511795,38.2868766784668,486594
2016-07-20,38.2868766784668,38.63813302880046,37.54533615612505,38.2868766784668,608652
2016-07-21,38.32591015101998,40.00413352914944,38.28688232359119,39.57482147216797,1808113
2016-07-22,40.55052783268673,40.745669927187016,39.92607372581221,40.1212158203125,1730500
2016-07-25,40.5505317865377,40.78470172724421,39.80899115960679,39.88704681396485,1072249
2016-07-26,39.926080474899095,40.043163964811775,39.02842549740574,39.18453979492188,1354447
2016-07-27,39.1845318866817,39.57481606288842,38.24784926825916,38.91133117675781,932290
2016-07-28,39.028412566603016,40.08217851484866,38.91132613785058,39.1064682006836,1228887
2016-07-29,39.418702366376166,39.45773018903429,38.442991911762896,38.63813400268555,719560
2016-08-01,38.63813302880046,39.14550364346374,38.09173459246276,38.2868766784668,766381
2016-08-02,38.44299086881509,38.56007731124495,37.5453360838712,37.70145034790039,886589
2016-08-03,37.38922620889405,37.77951039488404,36.41351574391906,36.60865783691406,950072
2016-08-04,36.80380096606273,36.95991226274817,36.374485967281416,36.72574234008789,452763
2016-08-05,36.95991229751738,37.584369395375056,36.84282882489316,37.3111686706543,651966
2016-08-08,38.16979853012511,38.48202412464241,37.9356256121967,38.36494064331055,870394
2016-08-09,38.28688201145696,38.67716623782785,37.85756995797546,38.36494064331055,792224
2016-08-10,39.106482302981725,39.34065524493237,37.93562950375912,38.13077163696289,1817861
2016-08-11,38.20883321067056,38.24786104478152,37.27215030384322,37.42826461791992,525023
2016-08-12,37.54534012399665,37.85756868565287,37.07700025914456,37.38922882080078,294135
2016-08-16,36.7647669810754,37.467279665863074,36.72573916028316,37.037967681884766,426177
2016-08-17,37.037970582207336,37.54533824750042,37.037970582207336,37.27214050292969,331612
2016-08-18,37.46727787565262,37.97464845460477,37.19408016552868,37.50630569458008,549455
2016-08-19,37.62339002793544,38.56007251804456,37.31116153868856,37.93561553955078,992210
2016-08-22,38.13076871395001,39.53579434741737,37.7795152832156,39.06745147705078,1738400
2016-08-23,39.22356089976704,39.65287291110375,38.36493687709361,38.95036315917969,1023718
2016-08-24,39.02842448307918,40.90179004931997,38.7942545317072,40.58956146240234,2866251
2016-08-25,40.97984050882274,41.13595478247801,39.37967590352847,39.61384582519531,1336010
2016-08-26,39.76995708802205,39.76995708802205,38.63813241174752,38.794246673583984,639916
2016-08-29,39.06744858503825,39.49676061786966,38.6771643774402,38.83327865600586,592767
2016-08-30,37.46728057805405,37.46728057805405,36.725740054420335,36.80379867553711,1743163
2016-08-31,36.76477952750215,38.36494752474727,36.76477952750215,37.42826461791992,1316952
2016-09-01,37.701455092950106,37.77951372360501,36.7257445420061,36.8818588256836,559624
2016-09-02,36.80380765078992,37.23311974991567,36.80380765078992,36.95991897583008,374528
2016-09-06,37.15506110976294,37.50631754636861,36.84283548204996,36.95991897583008,520660
2016-09-07,37.15505204885082,37.15505204885082,36.725740054420335,36.80379867553711,599000
2016-09-08,36.99894778118011,37.8965997620826,36.84283348696109,37.66242980957031,1060259
2016-09-09,37.74047347817937,38.56007251804456,37.389220149816055,37.93561553955078,1079115
2016-09-12,37.23311193897164,37.50630967811183,36.45254356699166,36.60865783691406,706550
2016-09-14,36.647688888983495,37.350198699083805,36.45254677879469,36.8818588256836,732138
2016-09-15,37.161571990156936,37.68103604387007,37.161571990156936,37.321407318115234,673098
2016-09-16,37.52120171936465,37.72099512250439,35.36343235573435,35.882896423339844,1529502
2016-09-19,36.00277083525679,36.522234905736376,35.802977431011634,36.20256423950195,599224
2016-09-20,36.242520539312224,36.562191189923055,35.92285293730666,36.12264633178711,460840
2016-09-21,36.28247731400576,36.28247731400576,35.7230552667034,35.96280670166016,644197
2016-09-22,36.24251079165504,36.92180997934984,36.24251079165504,36.64209747314453,599954
2016-09-23,36.761980185183184,37.12160886193313,36.562186814611536,36.68206405639648,582576
2016-09-26,36.96177213865543,37.48123610166763,36.282475924197726,36.482269287109375,768544
2016-09-27,36.48226523943229,37.08164526166652,36.48226523943229,36.64209747314453,483008
2016-09-28,37.16156137852265,37.32139666083933,36.56218135628841,36.64209747314453,1065565
2016-09-29,36.80193744064777,38.48020354572325,34.04478837764185,34.76404571533203,2989078
2016-09-30,35.08371249634018,36.28247256274901,34.88391915193871,35.92284393310547,1004744
2016-10-03,36.20255465251398,37.16156334865172,35.92284518008425,37.00172805786133,909966
2016-10-04,36.88186059774126,37.52119882881415,36.48227382224506,36.96177673339844,710650
2016-10-05,37.88082631669866,38.160535831097135,37.24148505760775,37.800907135009766,1791644
2016-10-06,38.04065523595109,38.2804097113185,36.76197892748064,37.24148178100586,1054285
2016-10-07,37.48124197305765,38.20049636304704,36.522233071133215,37.60111618041992,1045064
2016-10-10,37.720987683135874,37.96073910989848,37.16156565495326,37.24148178100586,583295
2016-10-13,37.16156052225861,37.16156052225861,35.88288439039684,36.162593841552734,691182
2016-10-14,36.362396240234375,36.76198301210509,35.363429310557606,36.362396240234375,797266
2016-10-17,36.52222862447946,38.12057558354985,36.162599948967646,37.12160873413086,1709479
2016-10-18,37.321405275829456,37.88082736876839,37.12161188896592,37.40132141113281,876636
2016-10-19,37.40132038071008,40.59801448245633,37.081652799698496,39.998634338378906,6343906
2016-10-20,40.15847437493684,40.4781450421397,38.91975587458524,39.27938461303711,2745429
2016-10-21,39.31933320963946,39.47916850472592,38.200489192638926,38.480201721191406,1432393
2016-10-24,38.71995582579605,40.15846748416455,38.48020439083545,39.3193359375,2368839
2016-10-25,39.319331517199295,40.59800772564295,38.83982565257951,39.59904098510742,2029037
2016-10-26,39.63900932242485,40.19843145189001,38.83983572279043,38.95971298217773,1600372
2016-10-27,39.07959092669568,39.39925854299055,38.280417313050414,38.68000411987305,932310
2016-10-28,38.75991958226913,39.3992578522556,38.60008425262118,38.95971298217773,823707
2016-11-01,39.03962080782034,41.39718303433603,39.03962080782034,40.398216247558594,3076067
2016-11-02,39.59905223163455,40.39822585103627,38.959713945834245,39.27938461303711,1456535
2016-11-03,39.47917463717141,40.11851286822333,38.20049512646243,38.44024658203125,1070224
2016-11-04,38.75991375745704,38.79987182171281,36.64210281724681,37.12160873413086,1185870
2016-11-07,37.64107158401226,37.9207841452604,37.241484823890666,37.481239318847656,523909
2016-11-08,37.32139879557689,38.20048832569482,36.96177015194515,37.28144073486328,565435
2016-11-09,34.28454312069901,36.442309053222914,32.7661123065627,35.80297088623047,1129484
2016-11-10,36.68206544753494,37.64107122376447,36.68206544753494,36.8818588256836,697172
2016-11-11,36.44231203343855,36.76198266737954,35.56322236300847,35.76301574707031,450091
2016-11-15,36.12264637510792,36.12264637510792,33.52533224374714,33.645206451416016,726060
2016-11-16,34.52429921734744,34.52429921734744,33.48537417452418,33.645206451416016,477528
2016-11-17,34.00482861051404,34.04478667202722,33.36549048048908,33.525325775146484,324200
2016-11-18,33.964872487450634,34.36445922259711,33.4853696247168,33.88495635986328,495123
2016-11-21,33.525327274183375,33.525327274183375,32.446441273458525,32.56631851196289,601226
2016-11-22,33.80503994788989,34.56425541646978,33.24561786322022,34.2845458984375,1326620
2016-11-23,34.684129588301936,34.923881017997054,33.88495612358166,34.76404571533203,606149
2016-11-24,34.60421180134207,35.52326254209404,34.20462505294642,34.96384048461914,621152
2016-11-25,35.12367046026704,35.52325714798656,34.604206546789854,35.20358657836914,659620
2016-11-28,35.24355744883745,35.563228134658644,34.963847885198106,35.40339279174805,328915
2016-11-29,35.6831030202001,36.28248322961933,35.48330961706036,35.882896423339844,570603
2016-11-30,37.16156528085311,37.72098730340411,36.64210132092616,37.361358642578125,1255656
2016-12-01,37.521202159508064,39.5590942857179,37.48124408813246,38.56012725830078,1964485
2016-12-02,37.960740406687805,38.91974919510405,37.64106979434742,38.60007858276367,872919
2016-12-05,38.12057460611543,39.87875682573299,38.12057460611543,39.439208984375,1171332
2016-12-06,39.63901042846909,39.91872302530915,38.40029192419296,38.56012725830078,887391
2016-12-07,38.6000785840133,39.63900350124583,37.641069795566,39.3193359375,1586585
2016-12-08,41.07752195098425,41.47710872852843,40.07855500712378,40.47814178466797,3973392
2016-12-09,40.67792951235533,40.717887574827806,39.51912740902485,39.67896270751953,681133
2016-12-12,39.71892961982572,39.71892961982572,38.28041771006616,38.56012725830078,556773
2016-12-13,38.64003765835399,39.639004537304245,38.08061864502583,38.91975021362305,1167051
2016-12-14,38.8398320703758,39.678966709965785,38.36032917512871,38.520164489746094,885535
2016-12-15,38.1605330147648,38.9597064810426,38.00069771178827,38.12057495117188,566586
2016-12-16,38.52016770489449,38.60008384457098,37.20153005999519,37.321407318115234,504377
2016-12-19,37.40131229411263,38.28040481118588,37.1615608980397,37.64106369018555,899793
2016-12-20,37.80090290400455,38.00069626295659,36.92181334405748,37.20152282714844,513769
2016-12-21,37.24147946974461,37.681027281569335,36.92181193676844,37.00172805786133,400785
2016-12-22,36.96177869008458,37.121614018465465,36.40235656505412,36.602149963378906,285070
2016-12-23,36.60214008462867,36.76197536987075,35.80296670702278,35.92284393310547,770609
2016-12-26,35.922850172315194,36.242517749715866,35.64313761240895,35.72305679321289,676376
2016-12-27,35.96280467040761,36.20255609182272,35.7230532489925,36.04272079467773,679166
2016-12-28,36.36239064044732,36.76197735078191,36.122639223967504,36.282474517822266,439862
2016-12-29,36.44231453864726,37.521200715911775,36.32244032913252,37.321407318115234,1047804
2016-12-30,37.72098730340411,37.88082260250508,37.28144251733002,37.361358642578125,678749
2017-01-02,37.64107791424362,38.60008690953635,37.28145220853871,38.32037734985352,986504
2017-01-03,38.52016258296521,38.64003677654058,37.8408632916185,38.1605339050293,597759
2017-01-04,38.36032787134403,40.91768367248796,38.20049256215911,40.518096923828125,5527778
2017-01-05,40.87772570276464,42.635904962088105,40.87772570276464,41.99656677246094,9128022
2017-01-06,42.19636356065572,43.954546010809125,40.91768707796517,43.59491729736328,8501625
2017-01-09,43.87462978076661,46.55185999448367,43.23528849217279,45.79264450073242,12214350
2017-01-10,46.03239187484326,46.47193973389833,44.95350888113792,45.47297286987305,4571514
2017-01-11,45.67276766841662,45.792641866678736,44.75371690538194,44.95351028442383,2605853
2017-01-12,44.95351697706999,45.11335231382066,43.75475652434812,43.8746337890625,1946533
2017-01-13,44.11437818677671,46.11231195385351,43.31520467994599,45.51293182373047,5911974
2017-01-16,45.87255736919943,47.51086233625552,45.79263819482792,47.1512336730957,5534494
2017-01-17,47.35102856251315,47.47090580363236,45.792639670987946,46.19222640991211,4831087
2017-01-18,46.23218637093194,47.23115325922871,46.0323929932726,46.551856994628906,3542084
2017-01-19,46.59181710430251,47.27111644730641,46.23218839901869,46.47194290161133,2612297
2017-01-20,46.59180840173246,46.99139509994389,44.833626319881226,44.99346160888672,1805723
2017-01-23,45.15330819144695,45.872565647566994,45.033430932558495,45.43301773071289,1019441
2017-01-24,45.55289498960134,45.832604528867286,45.0733920512582,45.43301773071289,1324075
2017-01-25,45.63280120586892,46.23218127275128,45.47296896025069,45.91251373291016,1372902
2017-01-27,46.15226372268965,46.43197319247624,45.59284173451189,45.71271896362305,1681505
2017-01-30,45.67276547847363,47.311070498341714,45.6328043656973,46.19222640991211,4290852
2017-01-31,46.35206133532834,46.591812766997,45.113343064536224,46.312103271484375,2614536
2017-02-01,46.55185858672986,47.51086744201442,45.1932629624605,45.59284973144531,5615227
2017-02-02,45.95247574516321,45.95247574516321,44.9135508162979,45.47297286987305,1751413
2017-02-03,45.59284871802241,49.38892293900017,45.073387759051634,48.190162658691406,6861510
2017-02-06,49.18912747804468,49.988300964442175,48.589747363246566,48.98933410644531,4749916
2017-02-07,49.66863005783369,50.62763573811437,48.58974409461087,49.14916610717773,3158473
2017-02-08,49.18912634340714,50.10817705100663,48.58974624243482,49.82846450805664,2521127
2017-02-09,50.2680109683549,50.98726524052784,49.18912498718834,50.34792709350586,3081525
2017-02-10,50.10818176519189,50.66760385511754,47.99037065640378,48.38995742797852,2004765
2017-02-13,48.42991911893837,49.42888612261784,47.950416176614375,48.82950592041016,2817107
2017-02-14,48.94937631307124,49.06925355613706,47.23115208835412,47.39098739624024,1273084
2017-02-15,47.59077866466741,47.63073672772091,45.393051662071805,45.55288696289063,1371318
2017-02-16,45.75268896275194,46.03239850552749,44.953515356415664,45.87256622314453,879799
2017-02-17,45.952479969909454,47.27111757109677,45.75268657873594,46.83156967163086,1450663
2017-02-20,46.831567590209815,48.19016319952824,46.63177420791608,47.630741119384766,1050750
2017-02-21,47.87049553525056,47.87049553525056,46.711693310205305,46.87152862548828,854657
2017-02-22,47.03136123625706,48.94937893647527,46.6717355849956,47.47090911865234,2134713
2017-02-23,47.550821418436165,47.67069865826071,46.6317707093942,46.75164794921875,633944
2017-02-27,46.67173334956825,47.43094573129422,46.35206273197472,46.51189804077149,930369
2017-02-28,46.51189490680302,47.71065506909896,46.35205960877595,47.43094253540039,1187376
2017-03-01,47.39099177663776,47.71066242195747,46.751653534603534,46.83156967163086,535124
2017-03-02,46.83157462094258,47.35103871233446,45.51293992900292,45.67277526855469,759168
2017-03-03,45.71272911468434,45.71272911468434,44.31417535797655,44.793678283691406,953220
2017-03-06,44.87359199181346,45.23321761789069,44.11437657828567,44.27421188354492,810331
2017-03-07,44.19428926833027,44.9135465617368,43.9944959144512,44.15433120727539,671586
2017-03-08,44.15433957841661,44.59388443056216,42.99553729650183,43.155372619628906,911576
2017-03-09,43.15537458083743,43.63487752340459,42.63591051921853,42.795745849609375,826881
2017-03-10,43.15537222779301,44.39409063572158,42.91562076958186,43.27524948120117,2160189
2017-03-14,44.15434057188632,49.02929822101446,43.8746310365744,48.46987915039063,10334794
2017-03-15,47.95040905660051,51.346896364776384,47.15123557232384,50.86739349365234,9107406
2017-03-16,51.147106720827736,52.10611253295915,50.38789124571942,50.587684631347656,3767779
2017-03-17,50.82743186372327,51.22701860179847,49.70859082627564,49.98830032348633,1669640
2017-03-20,49.98830547060917,53.70446068818524,48.90942238615923,53.384796142578125,5722274
2017-03-21,54.423709020500304,54.86325684311339,52.34585933503983,53.22494888305664,4966488
2017-03-22,52.82536162096436,55.302797993130056,52.42577491264056,54.223915100097656,4927247
2017-03-23,54.50363974884513,56.10198702707767,53.78438835140928,55.70240020751953,3960835
2017-03-24,56.10197536651384,56.901148839525206,54.663466773419216,54.94317626953125,3067035
2017-03-27,55.02309442123954,56.022061299247554,54.22392091883313,55.58251953125,1825443
2017-03-28,55.86222261607297,57.46056943714969,55.2628425581692,56.66139602661133,2904695
2017-03-29,57.22081615337954,57.5404867436193,56.74131331662458,57.02102279663086,2091416
2017-03-30,57.54049342138569,60.13780736054546,57.14090666151496,59.61834335327149,4724949
2017-03-31,60.73718784343941,68.24942019088579,60.65727171045585,65.33243560791016,25469426
2017-04-03,65.53223688893986,65.97178481915246,62.81504535946848,63.89392852783203,6185475
2017-04-05,63.69412162178198,65.77197747267047,63.29453489618182,65.37239074707031,3435257
2017-04-06,65.25251912214596,65.41235138724895,63.45437870229189,64.7330551147461,2331157
2017-04-07,64.13367491151101,67.45024623541121,63.614210904623725,66.17156982421875,5294626
2017-04-10,66.8508669183077,68.72892349195992,66.73098966951922,67.41028594970703,3409311
2017-04-11,67.65002920295436,68.32932537023416,66.85085580681127,67.25044250488281,1948390
2017-04-12,67.92974688012087,68.84879761617626,66.33139989470627,67.88978576660156,3185368
2017-04-13,67.5301627257109,68.0496267353507,66.45127968858831,66.77095031738281,1333709
2017-04-17,67.3303580199473,68.24940863669404,66.5311846309865,67.5301513671875,2397244
2017-04-18,67.88978912681105,68.24942087465527,63.893921465498806,65.05272674560547,1986316
2017-04-19,65.45230659015006,65.85189331402495,64.09370807064968,64.8129653930664,1224448
2017-04-20,65.17260637332875,69.76785435153911,64.73305847565923,69.28834533691406,5177751
2017-04-21,69.76785005205036,70.84673307404908,67.45024564729127,67.92974853515625,4725046
2017-04-24,68.9287047978689,70.16742598964177,67.3303580199473,67.5301513671875,3493031
2017-04-25,67.88980021082887,68.84881226444287,66.85087810759433,68.12955474853516,1956977
2017-04-26,68.3293384022403,69.20842808621887,66.33140453082976,67.45024871826172,2443348
2017-04-27,67.49019725074317,69.52809204259981,66.57115263599381,67.80986785888672,3728452
2017-04-28,67.65004044728397,68.80883962541552,67.17053754934024,67.41028594970703,1737172
2017-05-02,67.6899954654067,68.64900735850432,66.9307830517633,67.41028594970703,1887359
2017-05-03,67.76990222502516,68.52911446534961,67.1305611089139,67.37031555175781,2113594
2017-05-04,67.68999383273182,71.44611298664925,66.5711557969194,70.28730773925781,8207639
2017-05-05,70.3272679942225,70.88668700529257,68.08957975552237,69.04859161376953,4081087
2017-05-08,69.4881306221353,73.04445621400379,68.80883439359718,72.48503112792969,6798246
2017-05-09,73.00449510170932,73.6038752028682,71.12643867085345,72.48503112792969,3689287
2017-05-10,73.72376585877582,79.59769069962637,73.72376585877582,77.3600082397461,14338886
2017-05-11,77.36001220832797,78.15918586297097,75.20223968246518,76.64075469970703,3706853
2017-05-12,75.84156841335391,76.64074193489145,74.00346687493355,75.00243377685547,2570867
2017-05-15,77.75959833066355,79.75753244915735,76.44096059301542,76.92046356201172,5198971
2017-05-16,76.7206516747422,76.80056780079481,74.1233379461702,74.48296356201172,2195212
2017-05-17,74.24323649241155,74.3231526414009,72.48505072858924,72.92459869384766,2303011
2017-05-18,71.96557010988286,74.48296154709197,69.80779818157723,70.5670166015625,3179252
2017-05-19,71.32624267923933,73.36413776610183,69.60801824679592,70.52706909179688,2785935
2017-05-22,71.76578709995053,72.32520614506136,66.85086855683856,67.45024871826172,2095145
2017-05-23,67.72996434558114,67.72996434558114,63.29454831238441,63.89392852783203,2969830
2017-05-24,63.973838615168766,65.09267659370082,59.6183395519616,60.33759689331055,3007051
2017-05-25,61.01690471312562,64.41339260066214,60.53740176020969,63.89392852783203,2812622
2017-05-26,65.13264036012508,69.92768136823246,65.13264036012508,69.08854675292969,4488987
2017-05-29,69.80780412358777,71.84569899091738,67.72995423951657,69.08854675292969,2709671
2017-05-30,68.80883889385052,70.48710206741563,67.33036910040529,69.12850952148438,2290014
2017-05-31,69.44818596819168,71.6858683547042,68.8887607986556,70.52706909179688,2523800
2017-06-01,70.84672799774646,71.52602421498315,70.00759343120082,70.6868896484375,1398131
2017-06-02,71.04651702887362,71.32622650159489,69.92767304077931,70.76680755615234,1685213
2017-06-05,70.80676698837404,70.92664422622649,69.28833620239882,69.7678451538086,1175470
2017-06-06,69.687926125193,69.76784835223162,67.3303667605904,67.88978576660156,1449290
2017-06-07,68.00967747968201,69.00864455810628,67.41029723262746,68.12955474853516,1484606
2017-06-08,67.92975034022976,70.08751644156476,67.33037019016892,69.4881362915039,2864167
2017-06-09,69.96763851782613,70.48709638650406,68.96867169773843,69.7678451538086,1523737
2017-06-12,69.28834310118366,69.28834310118366,68.20946004751046,68.569091796875,1245604
2017-06-13,68.72892551157487,69.28834455941285,67.5301651828846,68.04962921142578,814806
2017-06-14,68.60904870742404,70.487105348531,68.16950690902601,68.68896484375,2589295
2017-06-15,68.72892662705976,69.12851340977524,67.92975306162884,68.40925598144531,1088032
2017-06-16,68.48916868652177,69.4481805753086,67.9697107727903,68.28937530517578,885148
2017-06-19,68.64900657263611,68.96867720000918,67.41028517801924,67.65003967285156,727416
2017-06-20,68.52913246298631,68.92871924119615,66.81090809724196,67.17053985595703,1263753
2017-06-21,67.17053654832236,68.08958121518077,66.61111142804978,67.09061431884766,987858
2017-06-22,67.37032633671797,67.45024246472303,65.13263816931764,65.49226379394531,944483
2017-06-23,65.77197779952203,66.25148065318318,63.29453521072181,63.81399917602539,1289662
2017-06-27,64.17362702973536,64.17362702973536,61.7761068084084,62.17569351196289,996778
2017-06-28,62.17569688544754,64.33346276283264,61.17673007236008,63.933876037597656,1456096
2017-06-29,60.57734431524355,61.45643380904708,59.85808705769194,60.05788040161133,7534846
2017-06-30,59.8980613585336,61.53636974517924,59.73822907080712,60.65727996826172,6082185
2017-07-03,60.897031114772574,61.45645634117752,60.537405402749634,61.05686950683594,7189418
2017-07-04,61.09682003261009,62.29558044735492,60.897026630152624,61.33657455444336,3064046
2017-07-05,61.41648239555294,63.29453890539187,61.17673400333241,62.33553314208984,3707365
2017-07-06,62.65521114975317,64.09371996431656,62.05583095271576,62.4953727722168,3728924
2017-07-07,62.295573838856754,62.81503784958206,61.45644529587907,61.69619369506836,1319579
2017-07-10,62.73511810233946,63.13470484184481,61.97590573616321,62.255615234375,308075
2017-07-11,62.73510923430658,62.854986458654686,61.09680139503667,61.216678619384766,1438990
2017-07-12,61.45645634117752,62.33554615728676,60.73719881992043,61.05686950683594,1479412
2017-07-13,61.25665183019382,62.21565762004953,60.73718782018443,60.93698120117188,1244936
2017-07-14,61.17673753466664,61.25665367001986,60.05789334809074,60.29764175415039,983048
2017-07-17,60.57735659306172,60.8171049960318,59.378596286580624,60.53739547729492,1672336
2017-07-18,60.29763655247294,62.73511810233946,59.93801092580203,62.255615234375,2591846
2017-07-19,62.974881807615255,63.33450748695344,62.33554049189108,62.4953727722168,1865727
2017-07-20,62.735126218497726,63.694132078495,61.93595263609648,62.89495849609375,2103446
2017-07-21,63.534293116328016,63.93387986548731,62.4554101130399,63.214622497558594,1747677
2017-07-24,63.65417042770353,66.57115491908719,62.97487417285773,66.13160705566406,6319557
2017-07-25,66.49123539243394,68.48916922149998,65.7320229762729,67.96971130371094,5161339
2017-07-26,68.32934555166113,71.28628555185449,67.6100880632541,69.80781555175781,8107222
2017-07-27,70.20739788226635,70.2873140209366,67.3703353276039,67.84983825683594,2610432
2017-07-28,67.92975368442389,70.0875198919861,66.49123881457542,69.60801696777344,3308910
2017-07-31,69.68792724609375,70.9666097327604,68.8088376094179,69.68792724609375,2726371
2017-08-01,69.72788632461258,71.08647880552054,68.688958358829,70.48709869384766,2401183
2017-08-02,73.5239653189855,80.95628164337572,73.5239653189855,77.39995574951172,32673995
2017-08-03,78.03930322374276,79.03827022328578,76.76062668376984,77.91942596435547,8751315
2017-08-04,77.9993247019922,85.0320532485462,76.80056457000295,83.35379028320312,21596563
2017-08-07,83.91320975681165,84.67242207287049,80.9163094083541,81.63556671142578,8242996
2017-08-08,81.515695191737,82.43474591579167,77.95937563451082,78.638671875,7877471
2017-08-09,77.67965840174898,81.51569347473817,75.68172473815245,78.59870910644531,8338961
2017-08-10,77.79953348433668,79.43784148195438,73.52395678220472,75.56185150146484,6392943
2017-08-11,72.32519828414627,76.92044568894009,72.08544380675143,74.20325469970703,5537321
2017-08-14,75.5218903904168,77.35999174885572,75.0423875438878,75.56185150146484,3480443
2017-08-16,75.12230516702081,76.84052932379352,73.92354497818536,75.08234405517578,4542031
2017-08-17,75.5218924839486,80.55668775509571,75.36206022974474,78.59870910644531,7634723
2017-08-18,77.7196273803711,80.15710913555476,76.80057658265216,77.7196273803711,6082315
2017-08-21,78.07925956350917,78.878433176635,75.04240349195749,75.32211303710938,2970554
2017-08-22,75.56185492893674,76.6407379068673,73.80366961563345,74.24321746826172,2911199
2017-08-23,74.76269783073818,77.47988337875553,74.76269783073818,76.64075469970703,4610245
2017-08-24,77.9993262086802,79.75751142788567,77.79953284948931,78.1991195678711,6034765
2017-08-28,78.31901276417267,80.1970695038714,77.67967144558087,77.91942596435547,3903929
2017-08-29,78.31900047388889,79.03825782013186,75.56185442670221,76.00139617919922,4609916
2017-08-30,76.7606319673457,77.91943132769363,76.52087743206836,76.64075469970703,2810319
2017-08-31,76.84053524674049,77.63970876756522,76.16123897348149,76.44094848632812,2223729
2017-09-01,76.80057478781815,77.439916048823,75.84156899352101,76.16123962402344,2312899
2017-09-04,75.92148688616814,76.5608281619884,74.00346915591761,74.76268768310547,3111719
2017-09-05,75.04239828937965,78.47884092925078,74.76268876361961,78.07925415039062,6995994
2017-09-06,78.47883671754398,82.63454265299247,78.19912720679505,81.1161117553711,13658143
2017-09-07,81.87533136478582,83.67347193148429,81.31591229403053,81.95525360107422,5969085
2017-09-08,82.51466798132121,82.63454523172886,78.71859366741056,79.4778060913086,3971227
2017-09-11,80.47675802111557,81.7953953354829,79.55771349938931,80.0771713256836,2705393
2017-09-12,80.63660993599112,81.19602896491266,79.63764302919542,79.99726867675781,2227286
2017-09-13,80.36088923084709,81.45176599580113,78.25995211882329,78.70438385009766,3010439
2017-09-14,79.39121769085439,80.23967591841843,77.6539022793865,78.13873291015625,2552162
2017-09-15,77.57310587840679,78.21955089337614,76.76505269217338,77.45189666748047,2806217
2017-09-18,78.3811645568334,79.31042701910684,76.92666625371348,77.65391540527344,3609551
2017-09-19,78.05794306216939,79.4720362559223,77.12868058756892,77.53270721435547,5609548
2017-09-20,77.69431504385913,78.46196310434895,76.52263422553254,76.72464752197266,2067393
2017-09-21,76.84586350565506,77.3306942268507,75.31056108440467,76.15901947021484,2442332
2017-09-22,75.7549897371661,75.7549897371661,73.20962084900594,73.6136474609375,2786595
2017-09-25,73.613636640691,73.6944407182088,69.49256703772413,71.14907836914062,2359704
2017-09-26,71.27029647203601,73.45204401605174,71.2298975072133,72.56318664550781,2058837
2017-09-27,75.55298358053327,76.11861842477889,69.97741457528852,70.86627197265625,3988253
2017-09-28,71.39149693677668,72.280354198259,70.7046529694929,71.18948364257812,2005351
2017-09-29,71.67429811383465,73.00758678714921,71.10866348392186,71.35108184814453,2011416
2017-10-03,72.15915785749306,72.56318448342536,69.93701141486535,70.58345031738281,2334583
2017-10-04,70.94708016512396,73.04801745169706,69.775399214854,71.10868835449219,3485000
2017-10-05,71.43188591456706,72.28033785943626,71.10866348392186,71.35108184814453,1807040
2017-10-06,71.9167348143208,75.5933793410356,71.67431638828987,74.54290771484375,5359197
2017-10-09,75.55296971858542,75.79538813018907,72.32075711030369,72.80558776855469,4688140
2017-10-10,73.04801269170119,75.8761989760539,72.07834512380616,75.06814575195312,5770558
2017-10-11,76.60343566830026,77.3306785199019,72.72477835663094,73.33081817626953,5856472
2017-10-12,74.94692977886582,75.35095635449314,72.92679690072929,73.492431640625,4228337
2017-10-13,73.61365205943869,74.6641237820644,72.19955882934262,72.52278137207031,3600595
2017-10-16,72.76518457932026,73.00759681187364,70.62384261784106,71.14907836914062,2630476
2017-10-17,71.35110665931342,72.56318657199739,70.74506670297141,71.06828308105469,2452756
2017-10-18,70.90667744966115,71.67432562273432,70.01782004795602,70.21983337402344,2632642
2017-10-19,70.21982882002656,70.94707797969612,70.0582144706794,70.58345031738281,769357
2017-10-23,70.90667625953411,71.43191213148509,69.6945963234737,70.3006362915039,2845768
2017-10-24,70.66424157412199,72.52276618181094,70.30062014281394,71.14907836914062,6550818
2017-10-25,71.6339208118857,73.93687130816501,70.34103686353212,73.57324981689453,5329121
2017-10-26,74.42169399755906,75.9569962179341,72.96720202427453,73.492431640625,8445148
2017-10-27,73.97728510117518,74.74493330153217,72.03795586900875,72.68439483642578,3431686
2017-10-30,73.12882440330436,74.21969513655,72.68439261774327,72.88640594482422,3159387
2017-10-31,73.33083034846308,73.4924385278764,72.11875050799262,72.96720886230469,2347014
2017-11-01,73.29041640149876,79.43162511949296,72.9267949590979,78.66397094726562,18988488
2017-11-02,78.58316919605616,81.45176035762738,76.76504960026053,77.08827209472656,13513291
2017-11-03,77.49230962755519,77.81553216771894,75.59338568090925,76.03781127929688,3922613
2017-11-06,75.14895967696971,79.71446222366961,74.98735147698079,78.94680786132812,7426856
2017-11-07,81.61338105000517,82.70425174193954,77.24989211731048,78.09835052490234,10442471
2017-11-08,78.13875447366668,78.74479447061329,75.22976372131447,75.59339141845703,4100297
2017-11-09,75.9569962975428,76.64384024383783,73.9772685408766,75.63377380371094,3093138
2017-11-10,75.67418239213578,76.36102636987881,74.26008931121208,74.66411590576172,2167628
2017-11-13,73.16921990931453,74.17928641184535,71.51270837918135,71.7147216796875,3010325
2017-11-14,72.23995631702327,72.92680029456247,71.229889830949,71.79552459716797,2104427
2017-11-15,71.79553050713987,71.83593563589149,69.6137891836083,69.93701171875,1922495
2017-11-16,70.30064404631314,75.31057253535454,69.93702249136714,73.73487091064453,4190058
2017-11-17,74.82571194379747,75.35094766453064,73.29040990048348,73.65403747558594,3101707
2017-11-20,73.69445475002222,75.47217561868082,72.72479330526815,74.74492645263672,2078662
2017-11-21,75.10854809831206,76.44183721114302,74.09848152267602,74.78533172607422,3648906
2017-11-22,75.22975181920467,75.22975181920467,73.69444950351544,73.85606384277344,1525424
2017-11-23,74.74492643229831,76.15901963507152,74.74492643229831,75.47217559814453,3056456
2017-11-24,75.47217677480518,77.00747922331531,75.14895423328349,75.39137268066406,2652622
2017-11-27,75.02774334621931,79.55284033232945,74.179291129112,78.25995635986328,7475299
2017-11-28,78.0983407512257,79.39122460079183,76.48223439802892,76.88626098632812,5292801
2017-11-29,76.88627211292153,77.57311617943549,74.78533478271997,75.14895629882812,2558867
2017-11-30,75.10853699507045,76.11860342138907,74.01766648763758,74.34088897705078,2940713
2017-12-01,74.86613673971924,75.7953992337224,73.73486092810482,73.89646911621094,2525023
2017-12-04,74.42170673922722,74.74492928805894,71.39150690322484,71.75513458251953,2209118
2017-12-05,71.63390434856164,72.32074821030528,70.70464210504707,71.4722900390625,2261423
2017-12-06,72.1591578431628,73.85606843875009,70.94707796560658,71.31069946289062,3230402
2017-12-07,71.75512783045637,72.48237079069845,71.18948688198758,71.59351348876953,2535572
2017-12-08,72.11874708582144,74.5429066517314,71.51270719434395,73.9368667602539,5918236
2017-12-11,76.36102398505363,77.12867202474092,74.54290436636188,74.82572174072266,10419269
2017-12-12,74.98734525823767,75.02774422240576,72.36117215398305,72.64398956298828,3198224
2017-12-13,72.96721094654819,73.41163653510786,70.9470778213941,71.27029418945312,2773502
2017-12-14,71.8359351634705,71.87633412699934,70.30063275536199,71.27029418945312,2689898
2017-12-15,72.36117843519611,73.85607586823521,72.03795586900875,72.68439483642578,2679602
2017-12-18,71.91673821231352,75.79539622233118,69.57338258813438,73.57324981689453,6663269
2017-12-19,74.30049236240687,75.39136915971582,73.85606678290779,74.90653228759766,3929898
2017-12-20,75.14894088897593,76.19941242114837,74.4216918409301,75.10853576660156,3943113
2017-12-21,75.51256668654392,76.68424748847299,75.14894522402317,76.11860656738281,3939917
2017-12-22,76.60344472880834,76.60344472880834,75.5933782432753,76.07820892333984,2919609
2017-12-26,76.36104386528034,77.29030647864307,75.63379459547654,75.87621307373047,3640723
2017-12-27,76.15900958556819,76.9670627376697,75.14894314544128,75.63377380371094,2911457
2017-12-28,75.83579661484339,79.10841475779723,75.27016180332505,77.53270721435547,12724839
2017-12-29,78.2599609358174,79.4316419207472,77.29029944100978,77.8963394165039,6735012
2018-01-01,78.21956384070633,80.60331866868438,77.97714537872724,78.34076690673828,7406873
2018-01-02,78.82559316576288,79.75484942605527,76.80546013911551,77.29029083251953,3955901
2018-01-03,78.46197130148973,82.78505506396147,78.46197130148973,81.5729751586914,20607582
2018-01-04,82.30021545432696,85.97685990290455,82.30021545432696,83.79511260986328,17250570
2018-01-05,84.48198037901437,84.72439268552901,82.09821929272793,83.5931167602539,5272376
2018-01-08,84.07794022576276,89.93632608600691,84.07794022576276,89.0878677368164,18124827
2018-01-09,89.20908159459482,89.28988568801789,85.65364599936558,86.5425033569336,6033644
2018-01-10,86.13846390550457,87.0677262539674,83.633500392442,84.27994537353516,5244870
2018-01-11,84.44157674777851,86.86573684580085,83.51231414387836,86.21929168701172,5493212
2018-01-12,87.47175165505392,88.48181807139403,84.1183299198135,85.77484130859375,6026330
2018-01-15,86.784916146401,90.01712899233806,85.89605884675967,89.16867065429688,10278591
2018-01-16,89.4514906884152,89.65350399725531,85.45162963936393,86.17887878417969,7979616
2018-01-17,85.97685654986158,85.97685654986158,81.81538158677743,84.80517578125,6096590
2018-01-18,85.2496108597082,86.62329880568296,81.41135823806256,82.38101959228516,4770183
2018-01-19,82.62343708556375,83.63350355360244,79.83565609975959,81.81538391113281,4985495
2018-01-22,81.89618677894923,82.13860519365979,79.27001400106263,79.75484466552734,4827506
2018-01-23,79.95686351836069,81.5325709936811,78.21955403025197,78.54277038574219,5148537
2018-01-24,78.5427684217458,78.70438276040647,76.60344567747092,77.37109375,3270553
2018-01-25,77.73471194395326,78.7851835235836,76.56303732163637,76.9670639038086,3678637
2018-01-29,77.53270177578544,78.62357852355468,77.12867517733955,77.3306884765625,2898457
2018-01-30,77.2902895940674,77.2902895940674,75.39136581243741,75.91659545898438,2328039
2018-01-31,75.75498517516934,79.79525105117837,75.35095858756844,78.98719787597656,4938945
2018-02-01,79.99726685033454,81.37095482521622,74.66411695997024,75.27015686035156,12394604
2018-02-02,74.70450558329166,74.70450558329166,70.01780136787046,70.46222686767578,5654788
2018-02-05,69.37135298054537,69.97739276691873,66.42195812053728,68.64410400390625,3985497
2018-02-06,64.64425659179688,66.01794457838987,62.098887755503526,64.64425659179688,5184009
2018-02-07,66.26036613569201,68.15929002976007,66.09875795256337,67.18962860107422,4410621
2018-02-08,67.71485562630197,70.462231371486,67.43203209521872,70.0986099243164,3436870
2018-02-09,67.87646071387144,71.7955170340026,67.06840761013488,70.42182922363281,3449902
2018-02-12,70.3006232094009,71.27028451182393,69.08854349889398,70.0986099243164,2734858
2018-02-14,70.62386092886112,71.43191424345918,69.73500351579477,70.05821990966797,2278528
2018-02-15,70.30063114511601,70.86626594122039,68.19969397606944,68.72492980957031,1664789
2018-02-16,68.92693087824277,69.37135637770707,66.58357568985237,66.98760223388672,2298554
2018-02-19,66.98760991190454,67.31083241717046,64.80586262507701,65.57351684570312,1870247
2018-02-20,65.89674348263966,66.90681002182815,65.12908921388228,65.81593322753906,1635452
2018-02-21,66.0583529871469,66.58358883104529,65.61392123501203,65.7755355834961,1265696
2018-02-22,65.45230314689157,66.78559203657872,64.96747250472062,65.9371337890625,1431030
2018-02-23,66.09876554865549,66.78560965332008,66.09876554865549,66.46238708496094,1330462
2018-02-26,66.98761196429501,68.8057316765439,66.98761196429501,68.19969177246094,3019991
2018-02-27,68.92693200757584,69.89659326316337,67.9572645870324,68.28048706054688,2319511
2018-02-28,67.47244141741055,67.7148598405815,66.74519231285433,66.82599639892578,1753354
2018-03-01,66.66438833460428,67.35123231475737,65.9775443544512,66.13915252685547,1173567
2018-03-05,66.90681002615237,67.31083664185388,65.61391992394203,66.54318237304688,2184821
2018-03-06,66.98760641049157,67.71485546808776,64.48264291428798,65.12908172607422,1520000
2018-03-07,65.04828093918546,65.57351673876646,61.654460051819264,61.97767639160156,2448248
2018-03-08,62.46251544194166,62.826136919544766,60.72519981181821,61.775665283203125,1917716
2018-03-09,62.22009173689032,63.35136736509775,60.725194661917314,60.927207946777344,1958962
2018-03-12,61.29083662190826,61.69486323927741,58.98788613589551,59.18989944458008,2186261
2018-03-13,59.311113410248495,61.25044256184239,59.18990418234437,60.523193359375,2227706
2018-03-14,60.44238744662131,62.05849399690576,59.67473313626186,61.73527145385742,2067729
2018-03-15,64.64425659179688,65.85633640289306,63.99781155989621,64.64425659179688,6339720
2018-03-16,65.2502971906754,65.29070231745729,62.54332015012171,62.82613754272461,2052291
2018-03-19,62.2605051126234,62.62412660758788,60.119162776275765,60.48278427124024,1394567
2018-03-20,60.19996051607743,61.12922288455177,59.18989406446539,59.71512985229492,1535811
2018-03-21,60.03835072638444,61.33123451649741,59.59391903370988,60.927207946777344,2059540
2018-03-22,63.51299119064447,64.2402404284868,61.41205374295594,61.61406707763672,4903983
2018-03-23,59.27070353506252,60.03835780703806,58.58385951852636,59.18989944458008,2247630
2018-03-26,59.10910193372125,59.634337827758216,57.775812714998985,59.31111526489258,2399858
2018-03-27,59.795925964277416,61.210018808027215,59.795925964277416,60.84639739990234,1738379
2018-03-28,59.87674717520618,60.40198304335727,58.98788979485058,59.14949798583984,1441581
2018-04-02,59.55351635349472,61.33123703215448,59.18989489181427,60.96760940551758,1554746
2018-04-03,60.64439362701425,63.068553167095466,60.36157008203957,62.704925537109375,2071088
2018-04-04,63.31096729883766,64.07862154159263,61.0888209878928,61.53325271606445,2518130
2018-04-05,62.62412058483132,63.23016046145872,62.38170216819778,62.86653900146485,1054327
2018-04-06,62.74533886353235,63.51298701891471,62.058494803723306,63.02815628051758,1698651
2018-04-09,63.35137059754146,63.91700535802806,62.94734400720632,63.43217468261719,1232009
2018-04-10,63.8362023005814,64.11901968537747,63.06855423256972,63.31096649169922,1152621
2018-04-11,64.36144790540607,64.36144790540607,63.43218535824913,63.795806884765625,1737581
2018-04-12,63.59379125885253,64.11902712870732,62.70493387561377,63.06856155395508,1239057
2018-04-13,64.48264832320746,66.42197108619621,63.917007379871805,66.058349609375,7369522
2018-04-16,65.45230111758875,67.1896165160468,65.16948376550393,66.86639404296875,3581420
2018-04-17,67.31084472865464,67.31084472865464,65.45231960715964,65.8967514038086,2589983
2018-04-18,65.93713810924832,66.05834731897167,64.5634501722676,64.80586242675781,1395082
2018-04-19,64.68466590451088,67.39164309149533,64.07862595974017,67.10882568359375,4161514
2018-04-20,66.66439701411724,68.07849028411367,65.89674884781643,66.74520111083984,4291986
2018-04-23,66.4219611031407,66.66437949455778,65.16948252070127,65.5331039428711,1433611
2018-04-24,65.7755355834961,68.60372194991828,65.33110383136122,65.7755355834961,3613158
2018-04-25,65.41190585848862,66.54318160234176,64.03821784699636,64.5634536743164,1833137
2018-04-26,64.6442554615162,66.90680686865191,64.24022886488173,65.45230865478516,3541783
2018-04-27,65.65432325033353,66.30076828370413,64.32103422210464,64.68466186523438,1574218
2018-04-30,65.04829406738281,65.77554330858112,64.72507149741047,65.04829406738281,1068159
2018-05-02,65.57352291822913,65.61392188203074,63.02815393035787,63.18976211547852,1293582
2018-05-03,62.62412838810813,62.98774989341105,60.68479930825915,61.45245361328125,1649352
2018-05-04,61.41204347325322,62.05848850211225,60.68479435702599,60.80600357055664,1310292
2018-05-07,61.04842016729269,62.17968968644375,60.96760991739061,61.97767639160156,1256665
2018-05-08,61.977683417007896,62.74533772339866,61.57365678152556,62.38171005249024,1127542
2018-05-09,62.38170157059739,63.10895064857471,60.92720957959914,61.12922286987305,1469063
2018-05-10,61.29084484023589,61.29084484023589,59.95755559114908,60.199974060058594,1236022
2018-05-11,60.523181681643,60.523181681643,59.47271012910179,59.75552749633789,909505
2018-05-14,60.24037289978263,60.6847984930765,59.02829301177861,59.43231964111328,953671
2018-05-15,59.31111043981689,60.44238623533633,57.897017236656886,58.70507049560547,1186998
2018-05-16,58.1798389811929,58.54346050884233,57.08896823328705,57.53339385986328,1155650
2018-05-17,57.61420044796786,58.34144345686869,57.37178200169613,57.57379531860352,1081619
2018-05-18,57.57379606974128,58.987889306541945,56.96775611111243,57.21017456054688,1362452
2018-05-21,56.96775410970052,57.57379404703776,53.81634520255547,54.54359436035156,1478940
2018-05-22,54.22036157629833,55.472846342644296,54.22036157629833,55.14962387084961,1083729
2018-05-23,55.27083857661207,57.37177560522039,54.86681198784292,56.07889175415039,1904262
2018-05-24,56.24050776724515,56.44252108980347,54.90721860536876,55.39205551147461,795605
2018-05-25,55.47285752027811,57.3313763189114,55.3920534272866,56.52332305908203,1094918
2018-05-28,58.05863146788375,60.92722330182937,57.775814030794486,60.199974060058594,3870784
2018-05-29,60.19996838057361,61.33124418715971,58.42225365947913,59.02829360961914,3577819
2018-05-30,58.17983986125708,59.4727239585157,57.7758131955539,58.86668395996094,1102853
2018-05-31,59.35150400615351,59.35150400615351,57.08895878583567,57.81620788574219,1253148
2018-06-01,57.89701130585555,58.462646063194725,56.563722332177214,56.7657356262207,863905
2018-06-04,57.12935786453102,57.33137116131502,54.624394217400805,54.98802185058594,1241306
2018-06-05,54.74560989323159,54.90721808376005,53.169908458228505,54.341583251953125,1367219
2018-06-06,54.62439139328605,59.71512867503109,54.058756657517165,58.38183975219727,5840134
2018-06-07,58.866674320039294,60.44238175722069,58.54345180741567,59.83634185791016,4122839
2018-06-08,58.9474717343181,60.11915243932918,58.70505950100806,59.67472076416016,1689573
2018-06-11,59.59391672317296,60.240361675644,58.74545849367421,58.98787689208984,960244
2018-06-12,58.66466633386844,60.80600873837749,58.34144379196868,60.038360595703125,1847240
2018-06-13,59.79594652406977,59.91715575677226,58.66467062710935,58.86668395996094,876619
2018-06-14,58.705071672648565,59.311111629011165,57.81621430297486,58.624267578125,1028413
2018-06-15,59.79594563611812,63.9978204310515,59.35151384446124,63.10896301269531,11758364
2018-06-18,63.02813973332083,63.02813973332083,60.76558866152703,61.00800704956055,2006034
2018-06-19,60.19996553690581,60.88680954829523,58.74546725929312,58.90708160400391,1512577
2018-06-20,59.149501392961625,59.59393319121818,58.260643961406174,58.86668395996094,1242391
2018-06-21,58.42224880758656,58.7858702814894,57.53338535590111,57.69499969482422,756432
2018-06-22,57.6950039423569,58.98788792414117,57.21017321980743,57.977821350097656,1289777
2018-06-25,57.97782318877437,61.41204964943348,57.8162149977851,59.14949798583984,2957719
2018-06-26,58.94747488578111,59.06868409139423,57.53338187185943,57.937408447265625,1087124
2018-06-27,57.85660126548375,58.54344517388506,55.35163786516108,56.886940002441406,1850399
2018-06-28,56.402128271354,58.50306582194354,55.59407489305356,56.11930465698242,1747600
2018-06-29,56.36171124141222,58.90708007885444,56.36171124141222,57.29097366333008,1402578
2018-07-02,57.49299321360189,57.69500653749722,55.35165074731993,56.402122497558594,1037733
2018-07-03,56.48292523537937,57.695005149593705,56.03849346751788,57.169769287109375,1151472
2018-07-04,57.33137321972647,59.27070217147333,56.72533330761539,57.61419677734375,3313743
2018-07-05,57.573789837602725,57.614194963120525,56.078892667793134,56.644527435302734,1019243
2018-07-06,56.64453445080059,58.22024206679918,56.2809129359318,57.048561096191406,1275368
2018-07-09,57.41218347330672,58.099027474041264,57.00815686523266,57.61419677734375,1215204
2018-07-10,57.816212138293416,59.18990018863386,57.77580701006581,58.099029541015625,2116956
2018-07-11,57.77581041845675,60.11916619988913,57.37178377217384,59.47272109985352,4043030
2018-07-12,60.401986847273626,61.16963505025255,59.55352837875359,59.87675094604492,3368827
2018-07-13,59.87672967785018,59.99793886815068,57.45257053166228,58.018211364746094,1025493
2018-07-16,57.49298767515748,57.81621019524464,55.87688123967846,56.200103759765625,869417
2018-07-17,56.15969650595048,56.36170980273447,53.77594206988197,54.98802185058594,2026509
2018-07-18,55.02842730913505,55.876885721802736,53.8971514805639,54.341583251953125,1333464
2018-07-19,54.543597669968975,54.62440176685893,52.88708594141658,53.493125915527344,1048809
2018-07-20,53.291098696096114,53.97794875297004,53.04868646863103,53.45271301269531,919641
2018-07-23,53.8971469802269,55.19003705632928,53.37191732238668,54.7052001953125,1565731
2018-07-24,55.23043138502104,58.42224501583311,54.98801913980454,57.00815200805664,2914001
2018-07-25,57.08896433133797,58.018226817876446,56.200106973980056,56.60413360595703,1416875
2018-07-26,56.80613427494489,57.45257304321424,55.99808119089137,56.6849250793457,916309
2018-07-27,56.76574250630477,58.42225418421542,56.64453328219666,57.12936401367188,1650315
2018-07-30,57.04856104762342,58.099032790728174,57.04856104762342,57.77581024169922,1326769
2018-07-31,57.57380017574434,58.09903607700583,57.21017864061746,57.45259094238281,918529
2018-08-01,57.735404259392745,58.3414442180216,56.64453356685225,57.21017456054688,1424024
2018-08-02,57.08895766281892,57.25056583074952,56.1596952848269,56.48291778564453,979953
2018-08-03,56.72533291886824,59.593924282517904,56.72533291886824,58.94747924804688,4622513
2018-08-06,58.90708159721867,59.31110821151378,57.97781915134854,58.179832458496094,1144371
2018-08-07,58.38184934791309,58.624267797347535,56.76574279156948,57.21017456054688,946060
2018-08-08,57.81621745354347,58.13943384925071,57.12936720027167,57.53339385986328,1630953
2018-08-09,58.17983602837014,58.947484176650455,56.96775611111243,57.21017456054688,1927408
2018-08-10,57.37178041190353,57.61419885145776,55.75567392142737,55.91728210449219,1331003
2018-08-13,55.71526194927498,55.91727523576976,54.543587353587824,54.8668098449707,955650
2018-08-14,54.78600770368199,55.8768782563971,54.78600770368199,55.31123733520508,938370
2018-08-16,54.94761587261887,55.67486496274776,54.78600770368199,55.31123733520508,855962
2018-08-17,55.75566970661122,56.88694539741783,55.4324471999584,56.36170959472656,1286035
2018-08-20,56.44251312275983,57.1293570895164,56.20010086888153,56.7657356262207,828425
2018-08-21,56.684928957417085,56.80613816130874,55.71526149124007,55.998085021972656,802917
2018-08-23,56.07889170072553,56.11929066059006,55.19003443927147,55.35164260864258,692235
2018-08-24,56.07889645251401,56.684936386442565,55.43245139034074,55.91728210449219,1634887
2018-08-27,55.95768182014341,58.30103723766056,55.351641944835,57.85660552978516,2899990
2018-08-28,61.816067892818126,62.22009448035288,59.39190836760957,59.59392166137695,10381483
2018-08-29,59.67472969839663,59.795938915676544,57.93741402393628,58.179832458496094,1511426
2018-08-30,58.17984049239808,59.10910306658765,57.85661792333765,58.4626579284668,1689441
2018-08-31,58.22023832225731,58.74546799551837,56.56372671671362,57.08896255493164,1582115
2018-09-03,57.371783645495526,58.13943180575513,56.92735186958269,57.048561096191406,1130945
2018-09-04,57.21016273970672,57.21016273970672,55.51324627419925,55.71525955200195,963748
2018-09-05,55.75566991238249,55.75566991238249,54.17996866344996,54.98802185058594,1004028
2018-09-06,55.3516404995669,55.43244458117356,54.62439143519448,54.8668098449707,756405
2018-09-07,55.10922202132219,56.40211198524741,54.78600569529713,55.553653717041016,901826
2018-09-10,55.39204711911567,55.67486449485664,54.78600724326082,55.028419494628906,631077
2018-09-11,56.07890005555152,56.321312345723584,54.54359755796545,54.94762420654297,1490906
2018-09-12,55.14962721307213,55.311235376285445,53.977952617384965,54.8668098449707,908371
2018-09-14,64.03821162290589,64.32102899014198,59.39190604774237,59.75552749633789,10076324
2018-09-17,59.7151430717168,59.7151430717168,58.30104972641546,58.4626579284668,1507543
2018-09-18,58.82931669701245,59.15524214631805,57.11821585879669,57.32191848754883,1421066
2018-09-19,57.44414692949043,57.60710656183474,55.855268756343165,56.0589714050293,1583795
2018-09-21,56.62932624670737,56.8330288591056,48.970106777231926,53.1663818359375,2146426
2018-09-24,53.77748927519064,54.38859710786326,51.33305794450016,51.61824035644531,1244690
2018-09-25,51.82194635562536,52.0663919912812,50.07010565237584,51.45528411865234,1250610
2018-09-26,52.06638921899365,52.47379444572049,51.33305856758323,52.0256462097168,1073063
2018-09-27,52.27009508485375,52.47379771089253,50.76269378721352,51.08861923217773,782705
2018-09-28,51.3330539296589,51.45527672993625,48.07381241031548,48.64418029785156,1452602
2018-10-01,48.52196272282511,48.56270262455313,45.87382870318535,47.666412353515625,1330404
2018-10-03,48.03307251297467,49.29602798006926,47.46270462543859,48.64418029785156,1200230
2018-10-04,48.19604048843825,48.4404830075064,46.85160197118053,47.78863525390625,882154
2018-10-05,47.259008174788846,49.21455458394431,46.85160293190273,47.7071533203125,1309343
2018-10-08,47.46271001698942,47.82937535121808,45.425683836002754,45.99605178833008,1054207
2018-10-09,46.19975260816746,46.64789772889005,44.61087162719179,45.42568206787109,962876
2018-10-10,45.629386184561966,48.1552973907624,45.4256835676666,47.666412353515625,1004914
2018-10-11,46.03679327614799,47.09604630509855,45.507165207545015,46.32197570800781,866037
2018-10-12,46.6478992690388,48.27752020420172,46.6478992690388,47.666412353515625,718427
2018-10-15,47.87012115539796,51.12936344682931,47.78864134141445,50.72195816040039,2036098
2018-10-16,51.21083522429067,52.2293482805276,50.803430001795896,51.74046325683594,1562061
2018-10-17,52.229351210884346,52.51453363932893,49.54047721320912,49.78491973876953,969912
2018-10-19,49.21454916774181,50.192319156457806,48.23677607077081,48.56269836425781,709021
2018-10-22,48.970110209325455,49.1330729323164,47.66641464190874,47.99234008789063,536224
2018-10-23,47.58493182881743,47.58493182881743,46.19975343327295,46.60715866088867,735085
2018-10-24,47.09604707417257,47.66641505546166,46.6071620092136,46.97382736206055,702676
2018-10-25,46.28123437296927,48.318260561112766,46.0367918520431,47.299747467041016,816965
2018-10-26,47.25900739570277,47.54418981771955,46.24049430527813,46.52567672729492,491823
2018-10-29,46.68863708075165,48.07381543528373,46.52567437287932,47.58493041992188,856293
2018-10-30,47.29974649570611,48.64418499557391,47.29974649570611,47.91085433959961,845383
2018-10-31,47.87010866052964,49.0108444080825,47.82936876417165,48.48121643066406,735349
2018-11-01,48.8071502487552,50.436771250606725,48.56270461187316,49.66270065307617,1055665
2018-11-02,50.3552884775467,51.98490948399324,50.273808670526535,50.436771392822266,1510771
2018-11-05,50.15158133174801,50.80342905392671,49.58121340924598,49.90713882446289,487053
2018-11-06,50.151588439941406,50.43677399574052,49.66270335607945,50.151588439941406,566215
2018-11-07,50.599731006862605,50.64047401862808,50.15158585174089,50.436771392822266,177973
2018-11-09,50.64047302178885,51.65898613076888,50.55899010811724,51.04787826538086,643717
2018-11-12,51.047878705633146,52.88120231760832,50.47751073803424,51.21083831787109,3110394
2018-11-13,51.25157973080428,51.98490728777087,50.51824906558243,50.88491439819336,779697
2018-11-14,50.96639839031417,51.53676638699926,49.3367773187885,49.74418258666992,861699
2018-11-15,49.66269333023782,49.94787572020911,48.92936274423317,49.173805236816406,560748
2018-11-16,49.3367788419304,49.98862666901364,48.481228374617686,48.76641082763672,857647
2018-11-19,48.76640425341593,48.84788716347634,47.91085390144033,48.27751922607422,512284
2018-11-20,47.95159477386704,48.27752020420172,47.42196983489224,47.666412353515625,696266
2018-11-21,47.62567473822486,48.847890498273806,47.62567473822486,47.99234008789063,1092810
2018-11-22,48.07381093176438,49.825654437834,48.07381093176438,49.37750625610352,1813678
2018-11-26,49.70343416209981,50.2738020610208,48.15529316620782,48.56269836425781,1073008
2018-11-27,48.64418178336336,49.17380668147756,48.15529367557906,48.31825637817383,967829
2018-11-28,48.48122445298878,48.56270425918746,47.34048851667514,47.46271133422852,668630
2018-11-29,47.503447943624565,47.78863346205701,46.72937740538671,47.21826553344727,849623
2018-11-30,47.34048851667514,48.2367819261374,47.09604598982375,47.46271133422852,742291
2018-12-03,47.584932886328815,49.7034388737094,47.46271007202578,49.21455383300781,956824
2018-12-04,50.92565590560206,51.9034291206407,50.31454803473484,50.68121337890625,3578324
2018-12-05,49.70343662674986,50.31454445412793,48.888626190245766,49.01084899902344,869091
2018-12-06,48.92937030564157,48.92937030564157,47.829377364899685,47.99234008789063,555315
2018-12-07,48.31826353595138,49.98862449141808,48.27752363133131,48.68492889404297,1495600
2018-12-10,46.85160179929417,47.99233769510083,46.56641937947013,47.01456451416016,622693
2018-12-11,46.97382895795689,48.48122721633917,46.56642368723135,47.95159912109375,769181
2018-12-12,48.562702614052846,50.681211694259744,48.2775201937631,50.23306655883789,1338117
2018-12-13,50.355285738417145,52.96267982855069,49.74417789424156,51.00713348388672,3320463
2018-12-14,50.5997336181908,51.00713889082762,49.947885803623,50.151588439941406,845737
2018-12-17,51.33306176177319,51.94416963988954,50.64047407654349,51.08861923217773,1235816
2018-12-18,51.41453836962652,52.88119967244735,51.04787615217652,52.0256462097168,2651952
2018-12-19,52.31082799017221,52.84045602179055,51.3737978450273,51.61824035644531,1152630
2018-12-20,51.29231678055998,55.69229120247123,51.12935407421028,54.63304138183594,5798599
2018-12-21,54.918227657062936,54.918227657062936,52.96268125956161,53.12564086914063,1632925
2018-12-24,52.96267717208223,53.32933937359259,51.170093630760746,51.29231643676758,1165353
2018-12-26,51.536763385423846,52.1886142626738,50.966395421957806,51.69972610473633,1374254
2018-12-27,52.14786838806365,52.63675341089968,51.33305794450016,51.61824035644531,812032
2018-12-28,52.14786804356856,52.71823286369097,51.98490533428138,52.10712814331055,1145979
2018-12-31,52.47379453534768,52.84045675342395,52.02564629857852,52.14786911010742,743758
2019-01-01,52.31083270068362,52.79972398405391,51.86269064627539,52.39231872558594,728982
2019-01-02,52.1478707960276,53.04416108203221,51.74046555543364,52.06639099121094,1001224
2019-01-03,52.10712900993048,52.51453112754142,50.64047081846341,50.84417343139648,720415
2019-01-04,50.925653769200544,51.57750151579526,50.35528582533445,51.129356384277344,829236
2019-01-07,51.984907286960166,52.22934980594521,51.25157973000502,51.4145393371582,557720
2019-01-08,51.41453889040516,51.5367617029633,51.0071336595517,51.25157928466797,366672
2019-01-09,51.86268983277618,51.86268983277618,50.721953883656845,51.08861923217773,742140
2019-01-10,51.21083570415028,55.244151174548,50.76269057685782,54.47007751464844,8239349
2019-01-11,54.38859598167411,54.51081878897992,53.00342074290223,53.492305755615234,1577237
2019-01-14,53.28860391966065,53.32934071167829,52.18861107101953,52.63675308227539,1024356
2019-01-15,53.81823095834255,55.08118338485119,53.6145283524692,54.63304138183594,3038549
2019-01-16,54.470075781041245,54.470075781041245,53.24786014100362,53.492305755615234,618284
2019-01-17,53.2071281410835,53.57379037951006,52.47379744771961,52.88120269775391,801016
2019-01-18,53.00342320548479,53.28860562477466,52.35157234724178,52.555274963378906,609583
2019-01-21,52.63675683319832,52.8812024687647,51.740466530306186,51.98490905761719,731481
2019-01-22,51.69972486618682,52.02564718874847,50.72195168199136,51.4145393371582,665574
2019-01-23,51.41454156888654,51.86268983277618,50.92565650969563,51.08861923217773,531200
2019-01-24,51.17009843229789,51.29232124977347,50.31454803473484,50.68121337890625,640765
2019-01-25,50.72195106091379,52.066389561252144,50.1108432168064,50.47750854492188,832301
2019-01-28,50.31454435984293,50.4775070684894,48.19603847220424,48.88862609863281,769318
2019-01-29,48.88862578722895,50.518246646803256,48.48122057233538,49.90713882446289,931748
2019-01-30,50.47750792824005,51.00713285504291,50.15158250539583,50.599727630615234,903785
2019-01-31,50.76269166924684,51.90342757077138,50.76269166924684,51.53676223754883,944163
2019-02-01,51.82194764138312,53.32934585463232,48.97011083169132,49.58121871948242,2900227
2019-02-04,49.70344088260117,49.947883412831736,48.15529967738192,48.52196502685547,734851
2019-02-05,48.07381522111333,48.31825772770526,46.56641717358386,46.81085968017578,818883
2019-02-06,46.5664191144179,47.42196947727554,45.34420342226262,46.11827087402344,863703
2019-02-07,46.03678745781206,46.97382065821997,45.996047559588895,46.36271286010742,724380
2019-02-08,46.32197518375923,46.93308305219011,45.79235022940567,46.03679275512695,472951
2019-02-11,45.79234891089883,46.03679142958184,44.36643059228346,44.57013320922852,486292
2019-02-12,44.20347107533992,44.97754169738867,44.08124825302757,44.1627311706543,589581
2019-02-14,44.40717022901991,44.40717022901991,43.225694436138056,43.6738395690918,925306
2019-02-15,43.30718109609391,43.42940081115788,42.37014773932584,43.0219955444336,831911
2019-02-18,43.18495425968164,43.26643406215253,41.92199867185143,42.24792098999024,549929
2019-02-19,42.12570342758032,42.6145884837667,41.63681526313855,41.79977798461914,695784
2019-02-20,41.922000885009766,42.24792322035475,41.55533553802319,41.922000885009766,588055
2019-02-21,42.04422020341779,43.42939866342979,41.922000494397984,42.94051361083984,826928
2019-02-22,43.79605916798777,44.48864676734232,43.34791406791983,43.55161666870117,2157578
2019-02-25,43.59235815761884,43.7145809658488,43.06273013296254,43.34791564941406,477417
2019-02-26,42.57385204076007,42.77755468210343,41.79978138200422,42.28866958618164,720001
2019-02-27,42.53310768060713,43.633100585381456,41.59607438523989,41.88125991821289,1222745
2019-02-28,42.12569658272772,43.307172236169045,42.003473784412975,42.85902404785156,704926
2019-03-01,43.2664374298271,47.74789529615876,43.18495762101416,45.95531463623047,4594134
2019-03-05,45.50716446720992,48.318261269725205,45.2219820399896,47.829376220703125,2757239
2019-03-06,48.48122445298878,48.76640688293951,47.01456618362507,47.46271133422852,2117769
2019-03-07,47.38122815093616,47.82937326959809,46.93307992401908,47.09604263305664,1011535
2019-03-08,46.973822819738416,47.34048502887405,46.240492184956864,46.44419479370117,748847
2019-03-11,46.40345837505728,48.52196442163847,46.19975575103004,48.114559173583984,1523288
2019-03-12,48.88862438040045,50.19231978724245,48.27751657564545,48.44047927856445,2269412
2019-03-13,48.8886248055151,49.21455021418722,47.87011178873353,48.07381439208984,879012
2019-03-14,48.27752065900095,48.27752065900095,46.77012252307688,47.299747467041016,757780
2019-03-15,47.50344686973429,48.277517390473065,46.93307895401862,47.17752456665039,999480
2019-03-18,47.46271406000346,47.74789650633216,46.28123815273853,46.77012634277344,564647
2019-03-19,46.81086198420614,48.60344563453641,46.60715936731078,47.666412353515625,1436601
2019-03-20,47.829379940350805,48.07382248387192,46.81086675213318,47.0553092956543,694963
2019-03-22,47.66641672316067,48.84789263111234,47.05530881645348,47.421974182128906,1205660
2019-03-25,46.36271276238368,46.933077552815845,46.036787360775314,46.2404899597168,817803
2019-03-26,47.177526786028864,47.58493201524067,46.607158843481294,47.381229400634766,1159191
2019-03-27,47.58493076016932,47.78863336940249,46.52567470555275,47.09604263305664,947709
2019-03-28,48.48122237135168,49.1738100190689,47.66641191132896,48.03307723999024,2410155
2019-04-01,47.66640918537722,48.60344240411828,47.50344648104116,48.07381439208984,941697
2019-04-02,48.07381829194693,48.84788886914629,47.666413052184666,48.19604110717773,903848
2019-04-03,48.52195846610381,50.396021755482806,48.27751596892481,48.56269836425781,5595708
2019-04-04,48.64418553626444,48.64418553626444,47.46270973662026,47.666412353515625,792245
2019-04-05,47.8701171875,48.236782536544695,47.66641456117021,47.8701171875,679657
2019-04-08,48.03308060203157,49.86640426540488,47.82937797276787,49.58121871948242,1857705
2019-04-09,49.66269663351219,49.66269663351219,48.4812208811442,48.88862609863281,865540
2019-04-10,48.68492743031418,50.681213779233374,48.52196470847795,49.66270065307617,2019180
2019-04-11,50.51824782903178,52.06638892515903,50.233065415234485,50.599727630615234,3752642
2019-04-12,50.35527661994646,50.436759516034535,49.37750362467228,49.54046630859375,906342
2019-04-15,50.3552867948686,50.9663946518652,49.78491884002072,50.51824951171875,2097477
2019-04-16,50.55898438131779,50.803426878134005,49.377508687075256,49.82565689086914,849118
2019-04-18,49.70343662674986,49.86639933570172,48.56270077234207,49.01084899902344,693271
2019-04-22,48.766403058422206,48.766403058422206,47.46270761195385,47.58493041992188,563487
2019-04-23,47.381231074390335,48.23678146430664,47.34048806342571,47.829376220703125,494913
2019-04-24,48.2367792355927,48.4812217488096,47.70715120007673,48.1552963256836,474949
2019-04-25,48.23678245442178,48.31826226151281,47.5849346729273,47.747894287109375,419061
2019-04-26,48.07381524757517,48.07381524757517,47.09604211241415,47.34048461914063,380171
2019-04-30,47.17752651107477,47.17752651107477,46.03679063262793,46.48493576049805,559949
2019-05-02,46.28123697973767,46.52567951443194,45.46642645858646,45.95531463623047,512238
2019-05-03,46.28123092651367,46.60715633564784,45.955308625634565,46.28123092651367,385298
2019-05-06,45.83308569022587,45.9553084953685,44.97753537899267,45.6293830871582,409846
2019-05-07,46.03678433784299,46.93307447103005,45.30345378650464,45.50715637207031,728324
2019-05-08,46.81086627542172,47.74789653408608,46.60716363985266,47.421974182128906,3781825
2019-05-09,47.259010226770215,47.259010226770215,45.87383171916207,45.95531463623047,721737
2019-05-10,45.91456825465171,46.24049368250006,45.507163023968886,45.588645935058594,616447
2019-05-13,45.42568077888663,45.629383383276256,44.4071677569385,44.610870361328125,591800
2019-05-14,44.48864976877177,45.344203236377375,43.75532222143798,44.8145751953125,515769
2019-05-15,44.85531437479115,45.38494240733368,44.081243830404055,44.28494644165039,452368
2019-05-16,44.65161229660088,44.65161229660088,43.71458213863448,44.040504455566406,447763
2019-05-17,43.79605994376962,45.50716057734045,43.75532004454272,44.610870361328125,869068
2019-05-20,46.118267254258406,46.77011805884912,45.14049726388232,46.36271286010742,922142
2019-05-21,46.64789891725948,46.729378720101074,45.71086564330501,46.11827087402344,465990
2019-05-22,46.11826883294746,46.68863675236128,45.54790402178874,46.15901184082031,480696
2019-05-23,46.770121373586,47.87011424484634,46.03679072057562,46.60715866088867,1069814
2019-05-24,47.01456485089607,49.49973616857252,46.36271709501859,49.09233093261719,1683991
2019-05-27,50.72194977675223,53.12563808278135,50.72194977675223,52.10712814331055,5228422
2019-05-28,53.04415266086479,54.429333988882455,52.96267286898367,53.85896301269531,2994480
2019-05-29,53.69600836228817,54.79600119501998,53.08490054226936,53.492305755615234,2409720
2019-05-30,53.85897224568089,54.47008011431534,53.0849047653482,53.655269622802734,1287123
2019-05-31,53.61452802642272,53.73674461599534,51.08861386400102,51.82194137573242,1273212
2019-06-03,52.02564843510597,52.10713134888988,50.681212994352464,51.69972610473633,815321
2019-06-04,51.53675897254605,52.84045439890527,51.04787396472511,51.82194137573242,1103929
2019-06-06,52.55527478774952,53.1663826341187,51.45528190758709,52.310829162597656,1632123
2019-06-07,53.32934474288517,53.32934474288517,52.27009482270246,52.88120269775391,1709430
2019-06-10,53.370083354824864,53.7367455630249,51.984904997247085,52.59601593017578,1289922
2019-06-11,52.47379079499213,52.79971619700027,51.53675759540995,52.27008819580078,731801
2019-06-12,51.94416702552967,52.392315266863925,51.65898460673082,51.90342712402344,652539
2019-06-13,51.61824186692899,51.86268749375529,50.23306655894137,50.762691497802734,938596
2019-06-14,50.64047934519842,50.64047934519842,49.70344592462855,49.98862838745117,467159
2019-06-17,49.9478744573357,50.02935735830653,48.23677394426127,48.48121643066406,662102
2019-06-18,48.56270207874481,48.64418498954032,47.09604387523337,47.381229400634766,735277
2019-06-19,47.584932827940754,47.9515950538894,45.62938645102336,46.52567672729492,799646
2019-06-20,46.6071576141991,47.42196805113176,45.38494195880011,47.09604263305664,672658
2019-06-21,47.13678378235013,48.39974247966755,46.60715884926223,47.91085433959961,652169
2019-06-24,47.91085190877223,49.54047274314037,47.584929606851645,48.84788513183594,712679
2019-06-25,49.17381118815851,49.41825681858112,48.48122352397528,48.72566604614258,506093
2019-06-26,48.72566338998634,49.49973392486572,48.60344368969284,48.88862609863281,591697
2019-06-27,49.05159058682293,50.27380628362954,48.88862787226433,49.4589958190918,697530
2019-06-28,49.4589957314674,49.82566106151082,48.97010758865774,49.33677291870117,486246
2019-07-01,50.0293629796642,51.69972378406434,49.94788006953785,50.84417343139648,1666303
2019-07-02,51.25157644298291,51.944164053730624,50.55898572398012,51.17009353637695,1366875
2019-07-03,51.5367597902959,53.533042860786274,51.5367597902959,52.47379302978516,2709229
2019-07-04,52.4737921971671,52.63675179427069,51.65898177862883,51.82194137573242,801985
2019-07-05,52.066390489696055,52.79972115900372,48.97010820440173,49.21455383300781,2105135
2019-07-08,48.7256610451519,48.7256610451519,45.99604746263801,46.2404899597168,977430
2019-07-09,46.036788423790576,46.810858939292935,45.30345780736622,46.28123092651367,588098
2019-07-10,46.32197518375923,47.17752868616675,45.75161032649468,46.03679275512695,766436
2019-07-11,46.5256712787343,46.56641428418416,45.87382359885063,46.19974899291992,372759
2019-07-12,46.32197125107137,46.64789666319925,45.62938363561848,45.91456604003906,501642
2019-07-15,45.54791533354294,46.03680046688002,44.44791912115069,44.73310470581055,571360
2019-07-16,44.77383635766625,45.09975868369407,44.121988597355305,44.855316162109375,380465
2019-07-17,45.059015304643125,47.584929454795294,44.89605260007604,46.28123092651367,1555474
2019-07-18,46.44419521149732,46.52567501242595,45.22197954803686,45.54790496826172,457232
2019-07-19,45.95531613322928,46.28123848735344,44.04050948119564,44.3256950378418,627984
2019-07-22,44.040504899055854,44.203467613290464,43.2664343376329,43.6738395690918,423634
2019-07-23,43.59235976610211,44.4886500320096,43.225694436138056,43.6738395690918,390628
2019-07-24,43.8367971096049,44.20346239629426,42.77754425447832,42.85902404785156,561567
2019-07-25,43.42939651720423,44.61087229554082,43.184954002989286,43.38865661621094,743095
2019-07-26,43.18495827277441,43.5923635394987,42.77755300605013,43.0219955444336,485142
2019-07-29,43.18495543473441,43.30717825002163,41.881259910195496,42.41088485717773,584278
2019-07-30,42.41088491940504,42.573847637275335,39.151642995020325,39.31460571289063,1117619
2019-07-31,39.11090642755681,40.65904771694984,38.09239323933919,40.33312225341797,1354707
2019-08-01,40.2516329116738,40.41459249660179,38.41830960694026,39.23311996459961,681317
2019-08-02,38.86645933282106,39.07016194661126,37.88868616497706,38.499794006347656,610575
2019-08-05,37.88868641830231,37.97016622106108,36.66647072738933,36.82943344116211,584440
2019-08-06,36.25906140978854,37.97016194088111,36.25906140978854,37.7257194519043,643453
2019-08-07,37.72572532948432,38.01091086793425,36.747952112987406,37.15535736083984,432306
2019-08-08,37.19610272201605,37.84795053810801,36.38129217483721,37.60350799560547,469321
2019-08-09,36.42202934648856,37.44054245400638,36.42202934648856,36.99239730834961,691687
2019-08-13,37.318317835927786,37.318317835927786,36.25906487690519,36.42202758789063,486747
2019-08-14,36.66646945890419,36.74794925884415,35.8516590264841,36.01462173461914,404352
2019-08-16,35.8516612298292,36.910914235423085,35.199813465483366,36.21832656860352,720578
2019-08-19,36.42202918922754,36.66647171232531,35.97388404550574,36.21832656860352,390589
2019-08-20,36.13684134167542,36.58498956495906,35.77017913463262,35.89239883422852,312117
2019-08-21,35.688693821559816,35.810916621174144,33.04056010145856,33.2442626953125,645459
2019-08-22,33.16278406664547,33.244263863748856,30.840572550138795,31.085018157958984,848865
2019-08-23,31.247979468191826,32.347975439025426,29.33317615681305,32.06278991699219,1017289
2019-08-26,32.91834572418857,32.91834572418857,31.370204517676395,32.38871765136719,656703
2019-08-27,32.47020338985074,34.2220475430974,32.47020338985074,34.01834487915039,900093
2019-08-28,34.01834163151171,34.30352409050953,32.633163027260096,33.12205123901367,595818
2019-08-29,34.22203749631769,34.58870280542925,32.87759906566033,33.162784576416016,1467218
2019-08-30,33.20352880877085,33.97759942719084,32.755383642818906,33.44797134399414,756162
2019-09-03,32.959083913965614,33.12204662853293,32.06279053797301,32.47019577026367,604651
2019-09-04,32.22575230190112,33.32574826158987,32.0627895921411,33.081302642822266,483130
2019-09-05,33.28500861776012,34.018339331685475,32.959086273547555,33.44797134399414,676884
2019-09-06,33.610928145222594,34.222035929681184,33.488705345028905,33.89611053466797,586290
2019-09-09,33.89611128674608,34.7924045887917,33.651668789190005,34.42573928833008,640011
2019-09-11,34.95537299219322,36.91091639990516,34.507224713936374,36.29980850219727,1953735
2019-09-12,36.38128920137042,36.91091414879673,35.933140950445065,36.09610366821289,787590
2019-09-13,36.17758322564492,38.05164653551167,35.2812899151834,37.64424133300781,2057947
2019-09-16,37.28793645170711,39.35948847680196,37.28793645170711,38.77945327758789,1393981
2019-09-17,38.36514047492914,38.6965900426053,36.37645255168421,36.625038146972656,903887
2019-09-18,36.91505707464537,37.03935146261243,36.12786665970832,36.45931625366211,481065
2019-09-19,36.50075048170402,36.58361446933122,35.42354393005371,36.04500961303711,533484
2019-09-20,35.83784973611091,37.992262559918295,35.54783371938444,36.2935905456543,1636876
2019-09-23,38.11656089650178,39.35949223008336,37.90940567423819,38.903751373291016,1993093
2019-09-24,39.110903836051925,41.26531673121178,38.07512779781399,40.72671508789063,2281308
2019-09-25,41.43103807499839,42.92255481351086,41.265313290510925,41.72105407714844,5253575
2019-09-26,41.555337974242185,43.66832056459024,40.643853118938665,43.00542449951172,3839350
2019-09-27,43.00541667693609,43.25400226100624,41.26531126657072,41.63819122314453,1067978
2019-09-30,41.51389432653248,41.51389432653248,39.359481847666586,39.89808654785156,863699
2019-10-01,41.80391763806068,42.01107282639504,39.40091618900721,40.188106536865234,2883448
2019-10-03,39.56664564056308,39.69094003260485,38.406575184632224,38.986610412597656,786242
2019-10-04,39.40091872626337,39.690937905169896,38.28228190159719,38.48943710327149,699354
2019-10-07,38.48943485304204,38.48943485304204,36.45931336313458,36.625038146972656,684956
2019-10-09,36.66646953858137,38.03369509083564,35.96214313950337,37.205074310302734,849768
2019-10-10,37.12221129831447,37.743676899829566,36.583609673563885,36.83219528198242,819652
2019-10-11,37.080782968955646,38.15798943977688,36.50074774284031,37.329368591308594,863017
2019-10-14,37.370801690943125,39.3180627215413,37.12221605070065,39.06947708129883,997752
2019-10-15,39.11090404467446,40.809576124258086,38.65516321760632,40.478126525878906,1424685
2019-10-16,40.560990277091406,40.80957589400442,38.77945422749586,39.35948944091797,752340
2019-10-17,39.566641908844375,40.06381310824547,39.193761928824856,39.81522750854492,591540
2019-10-18,39.85666093984379,42.5911122268875,39.81523053023899,42.25966262817383,2267232
2019-10-22,42.54967681940416,44.24835198830503,42.34252161938576,42.881126403808594,1194261
2019-10-23,42.9225551086661,44.1240558532906,42.50824472506713,43.3782958984375,1279253
2019-10-24,43.41972794480149,45.739865379507066,41.88677768261339,45.24269104003906,2708289
2019-10-25,45.40841741025994,45.44984781643236,43.17114070663801,43.3782958984375,995166
2019-10-27,43.585452771217874,43.79260797100682,43.21257594034778,43.41973114013672,156576
2019-10-29,43.41973129806872,44.49693770870186,42.67397131174096,43.709747314453125,965474
2019-10-30,48.88862381317542,49.80010536565632,46.81707195668493,47.024227142333984,4378907
2019-10-31,46.98279448348512,47.97713995908625,45.656999462371225,46.11274337768555,1748451
2019-11-01,46.11275104655235,47.14852709736496,44.579800594787095,45.15983581542969,1692105
2019-11-04,44.91124623260531,45.53271180825685,44.57979666121621,44.869815826416016,1057783
2019-11-05,44.911244285901695,44.99410509468864,43.41972760117612,43.58544921875,975292
2019-11-06,43.41973310300741,44.62123078734922,43.12971391362953,44.04119873046875,924060
2019-11-07,44.04119593575925,44.538367141804414,43.54402156877664,44.08262634277344,822660
2019-11-08,43.709746331789255,45.49128228077744,41.72105518691581,43.12971115112305,1661471
2019-11-11,42.50824832053136,43.41973313810741,42.259662701533394,43.08828353881836,947441
2019-11-13,42.83969990414025,43.41973514929428,41.92821504434454,42.34252548217773,737082
2019-11-14,41.34817693601077,41.34817693601077,40.063812237099874,40.6024169921875,974569
2019-11-15,40.10524386406021,40.60241502860706,39.64949994213223,39.85665512084961,608519
2019-11-18,39.93952199284162,41.38960834929691,39.93952199284162,41.18245315551758,907440
2019-11-19,41.34817890797181,41.76248930520224,40.478124545037936,40.80957412719727,568656
2019-11-20,41.05815900538684,42.42538455638134,40.68527902230312,41.88677978515625,1368050
2019-11-21,41.88677565148545,42.09393082598432,40.51955339635513,40.64384460449219,770828
2019-11-22,41.26531509324104,41.59676467669579,40.64384949496652,41.09959030151367,906331
2019-11-25,41.306742418289815,41.34817598383266,40.60241605718297,40.97529602050781,625195
2019-11-26,41.09959193290619,41.67962714650696,40.60242069892703,40.72671508789063,660554
2019-11-27,40.80957210186831,41.01672729020266,39.93952094305147,40.188106536865234,579484
2019-11-28,40.1881066147162,40.851002586482814,39.85665704836423,40.6024169921875,689649
2019-11-29,41.76248926031047,42.011074866194015,40.93386846674032,41.34817886352539,1220120
2019-12-02,41.09958985424554,41.09958985424554,39.566642659559065,39.69093704223633,812773
2019-12-03,39.73236852450111,40.10524852168426,38.90374771339968,39.19376373291016,506789
2019-12-04,39.02804085245061,39.8980952755249,38.86231921085331,39.40092086791992,506667
2019-12-05,39.400917808460896,39.60807300530973,39.11090179724751,39.27662658691406,305743
2019-12-06,39.359489469213045,39.48378385822771,37.78510862606948,38.40657424926758,582246
2019-12-09,38.4480046794054,38.65515987021914,37.78510554005154,37.86796951293945,463393
2019-12-10,38.28228195445488,38.696592358375526,37.53652196302272,37.95083236694336,690987
2019-12-11,37.90940091545895,38.28228090091325,36.37645372751482,36.956485748291016,612694
2019-12-12,37.039351548732114,37.57795318898732,36.62504113579537,37.28793716430664,599532
2019-12-13,37.37079606550325,38.28228082377005,37.28793525154146,38.03369522094727,654392
2019-12-16,37.99225782547969,38.24084656419572,37.41222586430794,37.49508666992188,456324
2019-12-17,37.53652085436425,38.19941684887083,37.45366004040247,38.03369522094727,583542
2019-12-18,38.03369824039625,38.15798947120625,37.370799032325465,37.74367904663086,550160
2019-12-19,37.61938206573585,37.78510368148547,37.28793251236219,37.53651809692383,427199
2019-12-20,37.66081819507098,37.82654299695217,37.20507736060096,37.329368591308594,418901
2019-12-23,37.24650777083684,37.57795421366154,37.12221337919152,37.329368591308594,388765
2019-12-24,37.37079701227735,37.41223058124538,36.625040184915534,36.70790100097656,468662
2019-12-26,36.62503843856153,39.02803676006438,36.21072805613649,38.28227996826172,2573360
2019-12-27,38.5308722240949,38.61373305052424,37.86797612984644,38.2408561706543,1158373
2019-12-30,38.3237169996335,39.3180627215413,37.70225131855836,39.06947708129883,1211822
2019-12-31,39.02804452832828,39.11090851786921,38.365148416690765,38.69659805297852,828777
2020-01-01,38.655161896798425,39.02803873106213,38.32371230974454,38.48943710327149,526148
2020-01-02,38.57229734996545,41.01672932581248,38.40657255888578,40.80957412719727,3219297
2020-01-03,40.02238273945435,41.72105469343386,39.85665795251887,40.76814270019531,2278926
2020-01-06,41.05815870662935,43.41972980835078,40.43669312632435,40.76814270019531,5655557
2020-01-07,41.76249044311013,42.67397207747734,40.60242003488135,41.67962646484375,2290568
2020-01-08,40.68527974365315,41.72105573672922,40.39526372996684,40.80957412719727,1610263
2020-01-09,41.59676666389295,44.33121479474581,41.47247227392514,43.08828353881836,6734487
2020-01-10,43.12971594624837,43.66832077980664,41.92821504434454,42.34252548217773,1508798
2020-01-13,42.30108852330198,44.28977958147072,42.30108852330198,43.87546920776367,3071090
2020-01-14,44.24834917628747,44.66265954999452,43.66831402091015,43.87546920776367,2052623
2020-01-15,43.709749515323225,49.634389813528834,43.33686950338412,45.86416244506836,8550350
2020-01-16,45.78130144591725,46.23704227608727,45.03554142495711,45.15983581542969,2492029
2020-01-17,45.15983475254918,45.86416118614969,44.57979954555828,44.70409393310547,1424599
2020-01-20,44.95267641760739,45.03553722957827,43.50259008155554,43.62688446044922,1015120
2020-01-21,43.4611580055696,44.70408910299711,43.08827804415389,43.58544921875,1767225
2020-01-22,43.916896927022485,44.869811992644046,43.62688094753963,44.33120727539063,3024207
2020-01-23,44.20692605542968,46.19561758348871,43.91690998968434,45.49129104614258,3117059
2020-01-24,44.70408693866399,46.81706906980401,44.4140678000764,46.651344299316406,3589805
2020-01-27,47.97714252487014,49.054348863989134,47.43853777484199,47.728553771972656,7486697
2020-01-28,47.81142313309891,48.0600087530825,46.15418145195814,46.52706146240234,1607148
2020-01-29,46.81707392199767,47.60426429269661,46.44419393998896,46.692779541015625,1010081
2020-01-30,46.23703937286007,46.60991935992698,45.40841858423914,45.7398681640625,839675
2020-01-31,45.57414241565198,45.9055919885044,44.37264166523367,44.6212272644043,953409
2020-02-03,40.51955967045474,40.51955967045474,38.32371321638418,38.6551628112793,2012330
2020-02-04,38.98660761750462,39.52521239648747,38.820882826976245,39.02803802490234,1272535
2020-02-05,39.11090087890625,39.98095205305468,38.6551600887273,39.11090087890625,990911
2020-02-06,39.19376856113805,39.85666465949297,39.110907734195415,39.235198974609375,754325
2020-02-07,39.193762755067326,39.27662673067263,38.36514196463911,38.61372756958008,870088
2020-02-10,38.65515691413961,39.19375847250439,37.3293618977569,37.49508666992188,1397042
2020-02-11,37.6608170601744,37.950833084023685,37.08078185153824,37.4122314453125,1090682
2020-02-12,37.95083310457895,37.992263513588775,35.87928104471178,36.45931625366211,1379393
2020-02-13,36.459320068359375,36.459320068359375,35.71355998440413,36.04500961303711,664536
2020-02-14,36.25216277321545,36.62504279392751,35.506402731791354,35.54783630371094,532560
2020-02-17,35.54783349873175,35.54783349873175,34.470623932577006,34.636348724365234,608431
2020-02-18,34.470622298927275,36.25215819457865,34.056311919560656,36.08643341064453,1330305
2020-02-19,36.376453332353925,36.74933015282018,35.6721237761609,35.96214294433594,733319
2020-02-20,35.92070657945392,36.04500095055484,35.29924104582366,35.4649658203125,827067
2020-02-24,35.29924197532375,35.83784671636072,34.88493160866062,35.09208679199219,888504
2020-02-25,35.257818996052514,35.87928467692631,34.42919808822079,35.34068298339844,1299057
2020-02-26,34.63634574820718,35.17495048500447,34.097744172347106,34.38776016235352,781824
2020-02-27,34.38776766927355,34.38776766927355,33.31056112145979,33.683441162109375,663579
2020-02-28,32.02620125980555,32.81338864038648,31.69475161255393,31.81904602050781,893941
2020-03-02,32.316217330447145,32.8548222169965,31.36330196530231,31.81904602050781,753381
2020-03-03,31.943329569894487,32.274779137274166,31.23900319038435,31.61188316345215,700101
2020-03-04,31.819038473556603,31.819038473556603,30.658968144263586,30.948984146118164,566785
2020-03-05,31.446168051621257,31.446168051621257,30.65897745768229,31.073287963867188,739801
2020-03-06,29.664625080157123,30.41038509149056,29.250314665180245,29.996074676513672,1040800
2020-03-09,29.167450861373577,29.2503116715134,27.468778966009005,28.048810958862305,1070806
2020-03-11,27.92451974365257,29.04315648522656,27.178759808645065,28.048810958862305,970540
2020-03-12,26.930177099656383,27.261626697565667,24.485745007653893,25.3972282409668,1405203
2020-03-13,22.579917504543587,30.244660143700585,20.715520646370265,28.545988082885746,3849523
2020-03-16,26.55729502387182,26.55729502387182,24.85862307899466,24.9829158782959,1372941
2020-03-17,25.52151887395046,25.562950860390984,23.201381369216303,23.947139739990234,1378927
2020-03-18,24.40288325869779,24.69289927511324,21.62700325503836,22.33133125305176,1307370
2020-03-19,20.715520578200337,23.11852064917782,20.67409016923145,22.289899826049805,1187840
2020-03-20,22.41418907291344,23.90570726589629,22.2070339000382,23.325672149658203,1358230
2020-03-23,20.71551979261005,22.37276137601885,18.68539822074677,19.51401901245117,1645182
2020-03-24,20.17691639109451,21.25412277728489,18.60253721878984,19.01684761047364,1299057
2020-03-25,18.60253781753917,20.301209845929428,18.22965782083459,19.389726638793945,1736162
2020-03-26,19.63831581331742,22.70421217179473,19.26543577895649,21.87559127807617,2736315
2020-03-27,22.78707256699444,23.82284859276691,21.254123732757417,21.668434143066406,1992817
2020-03-30,20.79838382055475,23.408539203227992,20.79838382055475,22.455625534057617,1531759
2020-03-31,22.78706992568741,24.81719133307246,22.372759563402187,23.491397857666016,2434586
2020-04-01,23.532832487833453,24.444315764642724,22.04131554794112,22.538488388061523,1321643
2020-04-03,22.538486636263627,23.739985860993777,21.917021029533583,22.828502655029297,1464129
2020-04-07,23.49139979445391,24.44431339018077,23.03565741008456,23.69855499267578,1675881
2020-04-08,23.367107650897523,26.59872693777361,23.284245253177136,25.645814895629883,3857155
2020-04-09,29.043160347093604,30.741832468330493,28.91886911535688,30.368955612182617,9843823
2020-04-13,29.996075596185644,30.32752204176664,27.34448822684909,28.58741950988769,2925372
2020-04-15,31.23900158133588,33.89058850098419,30.244656091350613,31.777603149414062,10552382
2020-04-16,31.86047464646981,32.730525970458984,31.65331941880868,32.31621551513672,2856455
2020-04-17,33.14483262168197,33.64200384663218,30.907555787530928,32.191917419433594,2837054
2020-04-20,32.523368876979454,32.81338491469207,30.824696739796103,31.15614318847656,2791957
2020-04-21,31.487587723935288,31.90189808872391,30.28608703386084,30.824691772460938,2806391
2020-04-22,30.65896813717848,33.310555202851646,29.498897808153536,32.23334884643555,3681250
2020-04-23,32.56479826308414,33.103403071528575,31.32186700753942,31.529022216796875,2886982
2020-04-24,30.658973693847656,33.14483642578125,30.36895763949724,32.31621551513672,5735964
2020-04-27,32.8548222169965,33.144838287638095,31.611890781210075,31.81904602050781,2694071
2020-04-28,31.694747864011664,32.97910956356838,31.28043743441674,32.64766311645508,3066808
2020-04-29,35.133523821518075,35.83785024991597,33.766298212348566,34.097747802734375,8115388
2020-04-30,34.18061044158121,34.30490483483477,32.48193831242956,32.64766311645508,2823356
2020-05-04,31.57044982910156,32.48193456563312,30.741829065493256,31.57044982910156,2555394
2020-05-05,32.06762215497868,33.06196764058599,31.44615662159125,31.69474220275879,3458958
2020-05-06,33.1448315717723,33.310556361818655,32.02619477059997,32.15048599243164,2614104
2020-05-07,31.653318405151367,32.02619843518798,31.529024008159887,31.653318405151367,814285
2020-05-08,31.90189708253189,31.90189708253189,30.866121203228904,30.99041557312012,1114971
2020-05-11,31.57044853251812,31.61188209774677,30.658966994358043,30.824691772460938,996425
2020-05-12,30.824694773776223,31.860470786598423,30.03750437184384,31.48759078979492,1909856
2020-05-13,33.10340118408203,33.72486677642048,31.94333081400861,33.10340118408203,4284373
2020-05-14,32.44050806600676,35.96214673540483,31.943333651411443,35.54783630371094,9912986
2020-05-15,33.973456415788974,34.09775081339261,32.52336986145652,32.97911071777344,4760756
2020-05-18,33.061973702374594,33.47628413392847,30.90755756173178,31.15614318847656,2463295
2020-05-19,31.446158611122733,32.39907059270987,30.700398659500312,31.57044982910156,2633384
2020-05-20,31.114712553921965,31.984763821745474,30.90755733963362,31.40473175048828,1312601
2020-05-21,31.44616139746895,32.274782234498765,31.44616139746895,31.529022216796875,1477310
2020-05-22,31.48758878545044,32.85481429971993,31.15613921807076,31.61188316345215,1508333
2020-05-26,31.860472589735096,31.901903000405223,31.07328214325184,31.40473175048828,1206262
2020-05-27,31.57045262646084,31.77760783571829,31.280436597875457,31.529022216796875,1385580
2020-05-28,31.65331175967372,32.274777292281435,31.52901738877732,32.02619171142578,1794313
2020-05-29,32.10905461384271,33.89059052130828,31.98476023483353,33.06196975708008,4204830
2020-06-01,38.11655427258726,38.28227905378596,36.9564839651336,37.57794952392578,15139696
2020-06-02,38.11655992902191,38.11655992902191,36.87362862698859,37.08078384399414,5332442
2020-06-03,37.28793614161829,37.28793614161829,36.12786575283738,36.2935905456543,2901474
2020-06-04,36.16930117392997,36.41788679541635,35.13352511695532,35.67212677001953,1951610
2020-06-05,35.71355618633079,37.992263448266776,35.71355618633079,36.99792098999024,4353323
2020-06-08,37.45365804391279,37.53651885345763,36.54217333423322,36.87362289428711,2353642
2020-06-09,37.08078384399414,38.0336991065948,36.37645737055036,37.08078384399414,3181485
2020-06-10,37.28793505804612,37.28793505804612,36.58360866021355,36.79076385498047,1231393
2020-06-11,36.29358993145929,38.779452298832354,36.29358993145929,38.19941711425781,6263940
2020-06-12,37.49509031911428,37.78510632792583,36.54217515712647,37.205074310302734,5687839
2020-06-15,37.24650783152788,38.69659431871021,37.03935261907326,38.157989501953125,5172659
2020-06-16,39.193764431628125,39.193764431628125,36.04500592549642,37.28793716430664,4203299
2020-06-17,36.666471439789206,38.44800747468508,36.666471439789206,37.4122314453125,3013007
2020-06-18,37.1636429638838,38.48943818854479,37.1636429638838,37.99226379394531,2310065
2020-06-19,38.116558009809125,39.31805884013193,38.03369719155415,38.6551628112793,4664698
2020-06-22,38.90374766346859,39.23519409092125,38.07512685343066,38.77945327758789,2735398
2020-06-23,39.3180572150979,40.89243482343594,38.98660763390176,39.980953216552734,5089958
2020-06-24,40.02238046068956,40.27096604647029,38.1994142300688,38.36513900756836,2559179
2020-06-25,37.70224414128434,39.64950164025048,37.70224414128434,38.82088088989258,2544742
2020-06-26,39.69093691767318,39.8566585461395,38.57229695990085,38.8623161315918,1784233
2020-06-29,38.5308657091615,40.6024176290089,38.36514092338624,39.11090087890625,4370752
2020-06-30,39.31805686805811,39.44234808920651,38.15798650504839,38.44800567626953,1433323
2020-07-01,38.862320961025866,39.27663140555306,38.36514653103053,38.903751373291016,1580594
2020-07-02,39.02804452832828,39.44235499321897,38.57230364913611,38.69659805297852,1396895
2020-07-03,38.86231606863909,39.11090167187333,38.32371129418369,38.44800567626953,1134040
2020-07-06,39.56664287860577,40.72671325355768,39.56664287860577,40.395263671875,4876182
2020-07-07,40.22953338449015,42.8396897910387,39.60806787444879,41.55532836914063,9673702
2020-07-08,41.928205146415806,42.79825938922335,41.431034002757535,41.55532836914063,4762766
2020-07-09,41.84534937835527,42.176798954638,41.51389980207253,41.88677978515625,1718780
2020-07-10,41.67962255587863,42.75682888481416,41.596761746321,41.80391693115234,3070871
2020-07-13,42.17680742129642,42.83970354599559,41.555341711715066,41.76249694824219,3718769
2020-07-14,41.43104155858357,41.43104155858357,39.52521427907625,39.77379989624024,2272701
2020-07-15,40.10524753963268,40.35383314468852,39.35948756352769,39.56664276123047,1481495
2020-07-16,39.60807486496197,39.60807486496197,37.82654198497909,38.6551628112793,1392537
2020-07-17,38.94517812176724,39.52521332172575,38.65516210225675,39.19376373291016,1294946
2020-07-20,39.15233524458628,39.93952568592423,39.02804085245061,39.40092086791992,1392962
2020-07-21,39.60807599985587,40.76814645429079,39.44235119765978,39.93952560424805,2614489
2020-07-22,40.18810343891354,40.43668901356477,39.27662194488002,39.52520751953125,1473446
2020-07-23,39.93952288226864,41.84535007529249,39.81522849885813,41.34817886352539,4944147
2020-07-24,40.68527879388476,42.218229124414215,40.60241798074799,41.18245315551758,4272986
2020-07-27,41.09958800290997,41.18245197460801,40.14667603541232,40.31240081787109,1609624
2020-07-28,40.22954637252638,40.64385684631334,39.856666313930496,40.105255126953125,1317556
2020-07-29,40.146679029904064,41.099591068478254,39.77379903179349,40.02238464355469,1691000
2020-07-30,40.60241874974435,40.93386833044379,39.27662674882156,39.56664276123047,1671379
2020-07-31,39.152338932170686,39.566649397061376,38.53087323483464,38.69659805297852,1387844
2020-08-03,38.40657605296985,39.06947527759656,38.28228481905566,38.7380256652832,756779
2020-08-04,38.7794476346405,39.89808746197662,38.7794476346405,39.52520751953125,1254240
2020-08-05,40.105249493083946,40.31240470087687,39.400919890025456,39.77379989624024,1071499
2020-08-06,39.98095413017542,40.478125352393256,39.898093313451625,40.14667892456055,1042835
2020-08-07,40.22954094816227,42.7568338653067,39.98095532959583,42.25966262817383,6842408
2020-08-10,42.88112463090872,43.41972939306319,42.425383841898125,42.963985443115234,3054922
2020-08-11,43.25400650544727,44.33121291608042,43.00542089698386,43.709747314453125,4260644
2020-08-12,41.845351212978,41.845351212978,39.9809543767562,41.26531600952149,4660948
2020-08-13,41.55533514363049,42.09393677690875,40.7267143284908,40.85100555419922,1761201
2020-08-14,40.85100250734771,41.886778449019495,40.10524572590642,40.188106536865234,1931729
2020-08-17,40.643849277668274,41.18245405766827,40.18810847355769,40.395263671875,1077687
2020-08-18,40.6024169921875,41.182452152834784,40.353831397892186,40.6024169921875,1336661
2020-08-19,40.851004534732816,41.265314931963246,40.76814371966172,40.80957412719727,1420104
2020-08-20,40.60242462158203,41.43104553222656,40.47813022061018,41.0167350769043,1451127
2020-08-21,41.84535017924093,41.969644562960205,41.14102376733168,41.22388458251953,2339743
2020-08-24,41.26531699297045,43.08828346402038,41.26531699297045,42.25966262817383,3698046
2020-08-25,43.21257582723222,43.4197310264789,42.01107503941399,42.59111022949219,3734674
2020-08-26,42.46681776634082,43.91690422665491,41.9282129595634,42.79826736450195,2485799
2020-08-27,42.922555588812365,43.0468499696574,41.09958924839709,41.59676361083984,1471663
2020-08-28,41.34817691715681,42.05250329416194,41.05815775649676,41.141021728515625,1327836
2020-08-31,41.30674498728269,41.59676415943352,39.0280378219455,39.27662658691406,1496599
2020-09-01,39.5252093813422,39.93951974558911,38.530863874962186,39.31805419921875,584016
2020-09-02,39.525212471129805,40.60241887019231,39.35948768028846,40.395263671875,614248
2020-09-03,40.18810663353389,40.76814179445277,39.85665706702672,40.063812255859375,597658
2020-09-04,39.11090584224675,40.4366979748228,39.02804185837464,39.44235229492188,707755
2020-09-07,39.60807321128292,39.69093718701584,38.86231639531144,39.02803802490234,448392
2020-09-08,38.90375226490276,39.69094275973314,38.15799218328704,38.2408561706543,789328
2020-09-09,38.116560863724665,38.15799127595419,37.03935434106784,37.66082000732422,575099
2020-09-10,38.73802191113669,39.69093708348616,38.19941713355873,39.1523323059082,1488360
2020-09-11,39.5666416690852,39.60807207529467,38.94517609313098,39.11090087890625,707901
2020-09-14,39.44235025957644,40.06381588232777,39.15233423333419,39.35948944091797,790524
2020-09-15,39.52521794856635,39.64950918821863,38.94518268070863,39.06947708129883,429788
2020-09-16,39.40091604733057,39.73236561184865,38.61372570230311,38.82088088989258,698202
2020-09-17,39.110907734195415,40.60242474572846,38.779458104548986,39.235198974609375,1906665
2020-09-18,39.48378172115283,39.52521212826941,38.69659134218803,38.8623161315918,547395
2020-09-21,39.0280374987252,39.35948707531333,37.03934952200866,37.205074310302734,806563
2020-09-22,37.28793298997272,37.495088173250345,35.79641630256126,36.16929626464844,1018628
2020-09-23,36.62503533630952,36.749326543946765,35.71355067561752,36.12786102294922,543214
2020-09-24,35.38210963843345,35.837850457146054,34.51205840981164,34.80207443237305,631270
2020-09-25,35.05065731120924,35.46496768879076,34.63634693362772,35.2578125,761855
2020-09-28,36.16930033612911,36.70790197671752,36.08643635692793,36.33502197265625,836131
2020-09-29,36.58361159671984,36.79076680811476,35.63069635992808,35.67212677001953,555070
2020-09-30,35.83784482491524,35.87927522720749,35.174948905427925,35.29924011230469,409386
2020-10-01,36.54217707168176,36.79076584761589,35.87928104471178,36.45931625366211,1136825
2020-10-05,36.83219538600562,37.28793619621632,36.58360977688502,36.70790100097656,606614
2020-10-06,36.91505917144096,38.07512965523424,36.45931832457137,37.37080001831055,887861
2020-10-07,38.94517423920909,39.73236456346565,38.19941431918977,39.31805419921875,3069139
2020-10-08,39.15233814766673,39.69094300560769,39.02804374631484,39.235198974609375,1143021
2020-10-09,39.60807123492005,39.73236561184865,38.19941532712416,38.82088088989258,1125346
2020-10-12,38.48943799401071,38.82088442779754,37.12221236694442,37.28793716430664,742227
2020-10-13,36.79076497797511,37.12221140315675,36.50074579988648,36.70790100097656,386663
2020-10-14,36.33501993226287,36.79076388993301,35.87927913553015,36.25215911865234,423861
2020-10-15,36.04499898937015,36.66646448918688,35.67211905729272,35.79641342163086,459177
2020-10-16,35.50640098070025,37.412231401251326,35.50640098070025,36.99792098999024,566758
2020-10-19,38.1165521948377,38.44800173916767,37.12220672278495,37.49508666992188,1788808
2020-10-20,36.87362876007786,37.70224963109085,36.70790395368771,37.37080001831055,539761
2020-10-21,37.74367318189937,38.116553138265495,36.54217250513617,37.12220764160156,661627
2020-10-22,36.956490309885,37.12221511953561,35.75499255202815,36.00357818603516,1092373
2020-10-23,36.21072972971459,36.66647053925799,35.672124943293994,36.2935905456543,876055
2020-10-26,36.33501495824317,36.41787892144759,35.630688656159,35.79641342163086,376452
2020-10-27,35.83784952329608,35.83784952329608,35.464969531906654,35.589263916015625,297540
2020-10-28,35.589263916015625,35.83784952329608,35.464969531906654,35.589263916015625,404745
2020-10-29,35.25781437952128,35.46496957935505,34.92636795634973,35.0506591796875,343052
2020-10-30,35.09208679199219,35.42353634969759,34.88493160866062,35.09208679199219,375378
2020-11-02,35.299242905570686,35.58926206644015,34.96779650006787,35.2578125,542730
2020-11-03,36.6250428415072,37.24650848985538,36.086438015230335,36.37645721435547,2766809
2020-11-04,36.21072864577186,36.21072864577186,35.50639908761795,35.83784866333008,347301
2020-11-05,36.08643229477504,36.293587478052665,35.71355233268786,36.16929626464844,382159
2020-11-06,36.25216282031073,36.6250428415072,36.169301998239405,36.37645721435547,584624
2020-11-09,36.66647427544405,36.873629497339216,36.37645822916596,36.41788864135742,746125
2020-11-10,36.58361256629292,36.95648942793599,36.417887760597246,36.66647338867188,724664
2020-11-11,37.28793512398106,37.660815107408354,36.95648554739292,37.205074310302734,1699677
2020-11-12,37.45366014006402,39.31805690760213,36.70790016867381,37.909400939941406,3034581
2020-11-13,37.74367901554273,37.82654299695217,37.1636437894274,37.329368591308594,635331
2020-11-14,37.61939048962051,38.90375226490276,37.45366567582391,38.2408561706543,1389918
2020-11-17,38.32371030054222,38.32371030054222,37.61938391615044,37.86796951293945,617213
2020-11-18,37.99226073086528,38.03369429777792,37.536519943262526,37.86796951293945,488177
2020-11-19,37.86797036802727,38.32371116592101,37.49509038395515,37.619384765625,719469
2020-11-20,37.8265410384669,38.61372827500467,37.28793625047393,38.07512664794922,915421
2020-11-23,38.77945414666832,38.90374853533457,38.32371332312143,38.53086853027344,1576276
2020-11-24,38.61373406343758,39.06947810356774,38.28228758808783,38.69659805297852,916581
2020-11-25,38.8208882775355,38.986613091332096,38.19942259650171,38.2408561706543,686362
2020-11-26,38.61373127043125,39.11090568890129,38.033699190289525,38.7380256652832,990785
2020-11-27,38.77945241957852,39.44234842075455,38.53086681425469,39.02803802490234,966732
2020-12-01,39.40091999739301,40.18811042133871,39.152334379551625,39.649505615234375,1294724
2020-12-02,39.85665984873471,40.80957504824645,39.690938214852274,40.02238464355469,1473263
2020-12-03,40.27096465820679,41.18244932256411,40.188103852782085,40.64384460449219,1606952
2020-12-04,41.14101819918245,41.76248371179283,40.85099906340204,41.306739807128906,2420361
2020-12-07,42.259657312535545,44.04119314988988,42.09393253402443,43.58544921875,5711724
2020-12-08,43.87547095225681,44.28978134243688,42.09393501010754,42.83969497680664,3031525
2020-12-09,43.0882805787272,43.54402137573779,42.42538458662657,42.83969497680664,2302410
2020-12-10,43.37830140162948,45.11840713006625,43.171146183549226,43.83404541015625,8668608
2020-12-11,44.33121099178856,45.24269257023543,43.916900608687726,44.45550537109375,2888358
2020-12-14,45.15983690654658,47.23138905822303,44.57980167188963,46.44419860839844,8579840
2020-12-15,46.73421114680023,47.56283188939642,45.69843521855498,47.024227142333984,4015116
2020-12-16,47.562832151290735,48.18429771165984,47.23138258805229,47.728553771972656,4433239
2020-12-17,47.93571342409101,47.93571342409101,45.65700615713714,46.36133575439453,3074787
2020-12-18,46.3613327209773,46.73421269972341,44.994107185887366,45.69843673706055,2262412
2020-12-21,45.90559568866821,46.73421652665184,42.46681794666109,43.50259399414063,3289327
2020-12-22,44.282243888108205,45.02685336836531,42.092221902131456,44.15084457397461,2257369
2020-12-23,44.282235874521,46.07805290969812,43.97563418865214,45.85905075073242,2117941
2020-12-24,46.34086043557174,46.77886477488071,45.59625105372175,45.990455627441406,1534183
2020-12-28,45.28965246090941,47.04166993837818,45.28965246090941,46.69126510620117,2418227
2020-12-29,46.82266379142411,48.74988352189443,45.8152524904464,48.13667678833008,5478350
2020-12-30,48.18047978256509,48.18047978256509,46.6474645167562,47.12926864624024,1561113
2020-12-31,47.041666287627095,47.91767495837729,46.38465978456445,46.954063415527344,1214334
2021-01-01,46.86646251507617,47.65487163238674,46.69126011770629,47.3482666015625,1306984
2021-01-04,48.53088048019197,48.88128193468721,47.34826679928756,47.61106872558594,3979622
2021-01-05,48.3556860332317,48.83749020095325,47.39207435608026,48.0928840637207,3452970
2021-01-06,48.3118815932641,49.012687891473085,47.216870708028814,47.5672721862793,2567170
2021-01-07,47.742472153417566,48.39947865094166,47.08546565589347,47.17306518554688,2009518
2021-01-08,47.78627413744962,49.49449177868385,47.6548748368673,48.049076080322266,5347183
2021-01-11,48.44328266601834,49.40689428528909,47.65487680484208,48.66228485107422,3939070
2021-01-12,49.49448863820301,53.26132515825567,49.27548647608707,51.509307861328125,18685860
2021-01-13,51.24650976998684,51.90351630549949,49.31928993080811,49.80109405517578,3919622
2021-01-14,49.932491552150914,50.41429562685644,47.78626975569061,48.00527191162109,3586723
2021-01-15,47.9176721515996,48.39947622394896,46.55985945981226,46.99786376953125,1998298
2021-01-18,47.479670027047135,48.18047628650934,46.516058496292246,46.91026306152344,2304101
2021-01-19,47.30446888587205,47.96147539817582,47.04166694929212,47.21686935424805,1222059
2021-01-20,47.30447052219815,47.52347270054165,46.25325939780769,46.34086227416992,1289521
2021-01-21,46.55986091563318,49.84489334124113,46.55986091563318,49.05648422241211,9567110
2021-01-22,49.45069201182307,49.888696363846826,47.69867460372807,48.049076080322266,2744414
2021-01-25,48.443280335538105,48.88128468457861,46.5160605314183,46.77886581420898,1377122
2021-01-27,46.7788655601631,47.12926703246776,46.03425616581327,46.29705810546875,1378700
2021-01-28,45.55245093598513,48.3994791194842,45.20204613056362,47.91767501831055,3739209
2021-01-29,48.18047876711245,48.31188140952414,46.95406524363002,47.30447006225586,1363101
2021-02-01,48.18047596200165,50.1952951975256,46.9978656159811,48.83748245239258,11617422
2021-02-02,49.18789505477347,49.713498993795454,47.74247920990048,48.0928840637207,2764610
2021-02-03,48.39947990188085,48.8374842448843,47.74247338737568,48.22427749633789,1631881
2021-02-04,48.224275726352815,49.62589157754482,48.005273562889165,48.83748245239258,3508389
2021-02-05,49.53829075546897,49.88869556818265,48.92508400407402,49.45069122314453,3009741
2021-02-08,49.84490164940512,49.84490164940512,47.830078752501365,48.0928840637207,2917684
2021-02-09,48.18047628650934,48.22427605115551,46.64746113193859,46.91026306152344,1558392
2021-02-10,46.910261880602725,47.56726835887925,46.51605732529526,46.822662353515625,1631999
2021-02-11,46.69126213938026,48.00527516398783,46.64746237356827,47.21686935424805,1605525
2021-02-12,47.08546605282303,47.74247255588568,46.77886435474361,46.954063415527344,1115469
2021-02-15,47.30447010734407,47.30447010734407,46.47226116859549,46.55986404418945,741840
2021-02-16,46.603661952252,47.26066845531464,46.516059080152246,46.954063415527344,800136
2021-02-17,47.71572032059805,47.98454059650366,47.26768538801028,47.67091751098633,999721
2021-02-18,48.298168909208535,50.98637860541898,47.93973958241965,49.68707656860352,5291955
2021-02-19,49.28384800770123,50.85197044430991,48.43258085846654,49.10463333129883,3489632
2021-02-22,49.10462876131699,49.2390406106685,47.58130928101958,47.71572113037109,1293891
2021-02-23,47.85013521620001,48.83581076339638,47.49170588000016,48.02934646606445,1144551
2021-02-24,48.11895298465959,51.52401782696872,48.11895298465959,50.58314514160156,5555178
2021-02-25,51.52402529690968,60.66393661499024,50.85197279303694,60.66393661499024,37329175
2021-02-26,64.3378256632808,72.40245527829794,63.71057259134116,68.01171112060547,67875774
2021-03-01,71.68559756382254,81.58717346191406,70.78952759427476,81.58717346191406,48524776
2021-03-02,87.5460311106256,89.74140658324293,75.00105184928479,80.73590087890625,45066101
2021-03-03,81.54236214654459,83.78253693079033,77.15161820212879,77.86847686767578,9170781
2021-03-04,76.16594116370801,82.25921919139297,75.2698712676644,78.5853271484375,11843052
2021-03-05,82.88646768119685,84.63380129232019,79.61581110269867,81.36315155029297,13170430
2021-03-08,81.81119467165432,82.21442344168427,78.45093213316586,79.07817840576172,4139956
2021-03-09,79.75022139066334,80.51187944114517,75.26987187433394,76.65878295898438,3749930
2021-03-10,77.46523338234448,78.22689820027011,75.26986505288994,75.9419174194336,3835759
2021-03-12,76.34516381487147,81.04953147196849,74.0153831043654,76.83800506591797,8655202
2021-03-15,76.88279539816237,77.42043593760658,74.37379709879558,75.26986694335938,3221259
2021-03-16,75.6731016859955,77.77887145817249,74.86664423061895,75.18026733398438,3476545
2021-03-17,74.8218354841007,75.6730991412477,69.71423986827732,70.07266235351562,2868831
2021-03-18,70.96872834073419,72.04401624678792,64.78585193592403,66.04034423828125,3743266
2021-03-19,65.86113848620279,65.86113848620279,61.60480640716248,64.38262176513672,4279242
2021-03-22,65.41310100313984,70.78952026367188,64.6066367467659,70.78952026367188,7820019
2021-03-23,72.08881438355209,75.62829427930188,71.68558569858563,73.25370788574219,7447406
2021-03-24,72.13362248738608,73.25370979309082,69.22139549255371,69.89344787597656,2313668
2021-03-25,68.86297271893515,69.40061330937338,65.50271048310744,66.3539810180664,2757975
2021-03-26,68.01170950813967,68.99738507042292,67.11563957216015,67.92210388183594,1925539
2021-03-30,68.81817864807536,73.0297049081923,66.21957428404782,70.52070617675781,3653029
2021-03-31,70.43108589978286,71.50637377673482,68.7285518886282,69.40060424804688,2508315
2021-04-01,70.11746904955989,72.35764377957778,69.35581100864796,70.8343276977539,1898593
2021-04-05,70.69991545878074,70.69991545878074,66.17475979438248,66.9812240600586,2874855
2021-04-06,67.42926627560986,68.86297688228204,66.62280192295945,67.33966064453125,2338279
2021-04-07,67.20524281531725,69.31100572290302,66.84681348634139,67.83248901367188,2142719
2021-04-08,69.26620441403279,76.43476344942161,69.13179256482512,72.71607208251953,14532582
2021-04-09,73.29852157177034,74.73223206437213,69.53502383766084,70.92393493652344,5107445
2021-04-12,66.44358362694749,67.8772940818441,63.66576833874701,64.29301452636719,4285909
2021-04-13,65.5923192893619,67.51887109861646,63.88979180982988,66.53319549560547,2865695
2021-04-15,64.42741496492846,67.877282058704,64.20339753239148,65.23387908935547,3568542
2021-04-16,65.8163363662163,66.75721256650728,64.56184388112341,64.96507263183594,2904097
2021-04-19,62.94892239961921,63.620974951928304,61.78402857436126,62.99372863769531,2225384
2021-04-20,64.29301448172444,64.96506689790972,62.41126908369982,63.88978576660156,2131236
2021-04-22,63.21773651780367,64.42742956025205,62.94891280327244,63.665771484375,1546371
2021-04-23,63.62095966214639,65.63711683453836,63.30733658040173,63.8001708984375,2488124
2021-04-26,64.875471680651,64.96507731655188,63.62097226862322,63.84498977661133,1356638
2021-04-27,64.3826301508828,67.65328712070111,64.02420077235294,65.18909454345703,6935337
2021-04-28,65.8163359640545,66.98122964906146,65.09948409644898,65.32350158691406,3148529
2021-04-29,65.81633397415196,67.42926259132354,64.20341219345144,65.99555206298828,6290041
2021-04-30,64.96507224625918,68.72856335214362,64.78586098844421,65.72673034667969,6163731
2021-05-03,64.51703725394549,66.26437094498468,64.33782599616192,65.32350158691406,3747043
2021-05-04,66.75721460412683,68.28053086050488,65.90595084376349,66.21957397460938,6043989
2021-05-05,67.02602187925585,70.52068853125918,66.57798699192519,68.86296081542969,11216066
2021-05-06,69.44541784624167,72.80568000009207,68.68375979199641,71.28236389160156,13495410
2021-05-07,71.77519645726375,72.35764325010048,69.08698680091325,69.66943359375,4871799
2021-05-10,70.1174694571025,72.22323234826446,69.53502265661837,70.8791275024414,5936016
2021-05-11,70.29667474108746,74.55300639194098,69.8038404412918,73.25370788574219,13229594
2021-05-12,74.28419903411778,78.85415433872706,73.97057592392841,75.67310333251953,25767390
2021-05-14,76.97240959512833,78.58533139324683,73.65694669879878,74.14978790283203,10334977
2021-05-17,74.86664211114191,76.07633509643122,73.25371357310902,73.92576599121094,5429622
2021-05-18,74.8218358820135,75.89711701638828,73.47773104580966,73.92576599121094,6622967
2021-05-19,73.74657095185441,74.91145796397404,71.77521265704294,72.4024658203125,4095660
2021-05-20,76.61398071650217,78.67494433586204,75.44908704704291,75.71791076660156,17095806
2021-05-21,76.12114027951243,76.56917525899507,73.8361659860337,74.19459533691406,6076127
2021-05-24,74.37379779719565,75.49388511341847,73.61213978945821,74.55300903320312,3041368
2021-05-25,75.09066380660161,77.86847925700715,74.55301637270864,77.24122619628906,7129712
2021-05-26,77.55485656748921,80.64629514686386,76.56917415762841,78.00289154052734,14473666
2021-05-27,78.58532469953055,79.43659517612681,74.14978158692506,75.00104522705078,11563212
2021-05-28,75.98673113469597,76.03153052833238,73.61214450489844,74.01537322998047,5368394
2021-05-31,74.91144276127088,75.53869579724423,73.97057346201709,74.3738021850586,3324941
2021-06-01,74.5530207029114,74.77703820122119,72.5816694523738,72.8056869506836,3139572
2021-06-02,72.76086794904478,73.88095524405145,72.49205110012537,73.29851531982422,1761240
2021-06-03,73.83616356571746,74.91144474664007,73.38812860092119,73.70175170898438,2781616
2021-06-04,73.74656116039222,74.37380740390896,73.65694869434299,73.88096618652344,2130899
2021-06-07,74.14977992202144,75.62829653851595,73.65693877103314,74.50820922851562,2950403
2021-06-08,74.5530086190334,75.49388469402183,73.97056868700955,74.50820922851562,2124442
2021-06-09,74.59782125173577,76.434767332463,73.56733947075392,74.0601806640625,4778333
2021-06-10,74.50821489685663,76.0763372501547,74.1945917934912,75.18026733398438,4357992
2021-06-11,75.58349031152778,75.89711339103378,74.23938553952739,74.50820922851562,2114805
2021-06-14,74.46340651434899,74.46340651434899,72.22323178866779,73.52253723144531,1781325
2021-06-15,73.9257679839779,74.95624975347299,72.71607496607972,73.65694427490234,2191848
2021-06-16,73.70175996118662,78.27171574650079,72.80568993126337,76.83800506591797,19702612
2021-06-17,76.92759285640359,78.764538726211,75.44907628271349,75.9419174194336,9089080
2021-06-18,76.16594527783352,76.3003571367945,72.22323615498084,74.14978790283203,4514236
2021-06-21,72.76086996763266,74.23938660535366,72.40244749246314,73.43292236328125,2439767
2021-06-22,73.61214769250618,75.40428759086801,73.61214769250618,73.7913589477539,2722379
2021-06-23,74.19459329335933,74.46341017176209,73.07450587550349,73.34332275390625,1878174
2021-06-24,73.5673357333837,73.79135320323961,72.35764276345597,72.71607208251953,1497615
2021-06-25,73.02969396155518,73.65694013215824,72.49205341011391,72.6712646484375,1871552
2021-06-28,73.07450663225309,73.07450663225309,72.04402482985998,72.22323608398438,1914542
2021-06-29,72.71607496607972,74.91144352313675,72.62646934187818,73.65694427490234,4658348
2021-06-30,73.92577005095724,75.53869867756656,73.34332322265547,74.91144561767578,5115614
2021-07-01,75.00105327234796,76.61398194256951,73.92577204984777,76.16594696044922,4861808
2021-07-02,76.97241046432681,77.64446293024967,75.09066492703703,75.35948181152344,7146897
2021-07-05,75.49388797156135,75.71790544328705,74.5082124632624,74.68742370605469,2464782
2021-07-06,74.46341099655167,74.82184034152988,73.61214728414069,73.7465591430664,1748890
2021-07-07,73.5225433273001,79.66062121728889,73.25371960334152,78.09249877929688,12631737
2021-07-08,78.63014018500029,78.63014018500029,74.59782530371822,75.04586029052734,7163490
2021-07-09,74.77703375937982,75.58349807268448,74.37380502096305,74.91144561767578,2472487
2021-07-12,75.67309470233006,75.98672461322235,74.10497249374976,74.4634017944336,2463687
2021-07-13,74.9562518492648,76.0763392742793,74.59782250596594,74.91144561767578,3430874
2021-07-14,74.59781363674882,75.67309470233006,74.23938433606499,74.4634017944336,2401353
2021-07-15,74.37380061293284,75.85231729361661,74.01537129087758,74.68742370605469,3213929
2021-07-16,76.16593349826664,77.24121453071295,74.68741695130038,75.09065246582031,4920183
2021-07-19,74.50821886535928,75.1802713382823,73.88096578874837,74.23939514160156,2090559
2021-07-20,73.65694948678131,74.239396340011,71.37197514384063,71.95442199707031,3120721
2021-07-22,72.7608799203838,73.65694990381942,71.73040490860998,71.99922180175781,2431582
2021-07-23,72.4920646512146,72.62647651903535,71.10315341118621,71.68560028076172,2335832
2021-07-26,71.73039745090036,74.82183583775212,71.4167675201284,73.52253723144531,4141367
2021-07-27,74.86663991848926,75.18026300379078,72.13362409699623,72.6712646484375,4195761
2021-07-28,72.71606918886759,74.14977957159837,70.87912327456009,72.17842864990234,3936862
2021-07-29,72.71608011549534,72.94009761009856,72.17843949574193,72.35765075683594,1697247
2021-07-30,72.58166631966982,78.76455037345445,72.3128425987122,75.35948181152344,20999046
2021-08-02,76.03153389865147,76.6139807335104,75.04585832083622,76.12113952636719,4996787
2021-08-03,76.16594696044922,77.2412281829494,75.35948262533844,76.16594696044922,3405350
2021-08-04,75.98673152296807,76.43476648044673,73.47773302649925,73.65694427490234,2829619
2021-08-05,73.74655582880564,73.8809608452199,71.73039854494186,72.44725036621094,2028227
2021-08-06,72.49205549033782,75.7179057280246,72.40244986860472,73.52253723144531,4846715
2021-08-09,73.56733287139409,74.10497341083828,72.31283372171069,72.58165740966797,1644841
2021-08-10,72.58166390674089,72.80568138793454,66.62279753969574,67.11563873291016,4638859
2021-08-11,67.42926222525988,67.74288533343199,63.88978873672833,66.75720977783203,3417480
2021-08-12,67.07083493093164,69.17659796311409,67.02603553495317,68.01171112060547,2314354
2021-08-13,68.6837619834091,69.80384940376322,68.01170953119663,68.32533264160156,2454225
2021-08-16,67.92209660062589,70.61030612038991,66.3987737708774,67.56366729736328,3808464
2021-08-17,67.47406884674258,67.5636744729572,65.637122745223,66.3987808227539,1186573
2021-08-18,66.62279665261092,66.98122598504244,65.59231488554686,65.90594482421875,1060936
2021-08-20,64.8754580486494,65.54751043139825,63.889782587911846,64.11380004882812,1539494
2021-08-23,65.00987335791206,65.23389083076982,61.828822508743485,62.008033752441406,1570010
2021-08-24,62.45607849249633,64.47223606438932,61.69442033263112,63.84498977661133,1934093
2021-08-25,64.42742958482863,64.83065832030823,63.71057090345262,64.06900024414062,924675
2021-08-26,64.06900506812082,64.78586380347163,63.66577630228071,63.9345932006836,793382
2021-08-27,63.88979615462333,65.59232374993488,63.71057804595193,64.8306655883789,2104849
2021-08-30,66.08515523835179,66.08515523835179,65.23389156647998,65.5027084350586,945697
2021-08-31,65.59232049794826,65.7267323636699,64.51703924511823,64.65145111083984,850730
2021-09-01,64.78584625909848,66.39876772214222,64.02418149537452,65.3682861328125,1636789
2021-09-02,65.32349269755993,68.77336021396303,65.14427462769346,67.56366729736328,5925655
2021-09-03,67.74288494566397,68.37013799488876,66.66760377052287,67.11563873291016,1481828
2021-09-06,67.38445722634904,67.83249219949357,66.75721099853516,67.20524597167969,778107
2021-09-07,67.20524674755032,67.38445800428863,65.9059480450195,66.08515930175781,861744
2021-09-08,66.12996271447415,66.62279706772622,65.50270966969293,65.95074462890625,684167
2021-09-09,66.71240393274061,67.29485075784227,66.21956957032465,66.3987808227539,1146096
2021-09-13,66.17475608109676,66.75720284231707,65.41309808710264,66.04034423828125,865444
2021-09-14,66.21957078512132,67.29485199236494,65.90594766938119,66.84681701660156,1292915
2021-09-15,67.20524438616786,68.01170868609607,66.98122690488063,67.51886749267578,965709
2021-09-16,67.5636781421352,69.17660001100451,67.5636781421352,67.74288940429688,1506926
2021-09-17,67.9669027893811,68.23572650283573,65.23389360612383,66.3539810180664,1652546
2021-09-20,64.69624534515616,67.74288443365715,64.69624534515616,65.54751586914062,1503711
2021-09-21,65.4131052380946,66.62279828273775,64.96507027071038,65.99555206298828,1171538
2021-09-22,66.48838644896853,67.47406884674258,66.08515771276718,66.3987808227539,958295
2021-09-23,66.98122886032694,67.38445760382739,66.12996514117212,66.44358825683594,908362
2021-09-24,66.71240063566206,77.95808049982244,66.39877754117532,73.92576599121094,42494244
2021-09-27,73.97057364593469,79.66061619489793,71.82000449926764,76.70358276367188,33040900
2021-09-28,77.28602207637178,78.67493303378161,74.5978126128458,75.53868865966797,6927100
2021-09-29,75.09066370756076,77.01720860940883,74.41861125255205,74.91144561767578,4329673
2021-09-30,75.31468034330175,75.62830345147512,73.74655796596387,74.10498046875,2598805
2021-10-01,73.56734263899834,73.88096575894163,71.595991453808,72.3128433227539,4306521
2021-10-04,72.94009207211447,75.8971186744814,72.67126836441253,74.01537322998047,4500253
2021-10-05,74.19459376754916,75.94192741598334,73.88096381936822,74.91144561767578,4170170
2021-10-06,75.13546387152527,75.7179107057871,73.38813020521096,73.7913589477539,2873704
2021-10-07,74.55301502090009,75.18026807024472,73.83616318282606,74.0601806640625,2380702
2021-10-08,74.73222445331614,77.55484575731245,72.13362060461365,75.53868865966797,7917447
2021-10-11,75.13546345470914,75.26987531363486,73.52254165701392,73.7465591430664,2253541
2021-10-12,73.925773217034,77.24122940248212,72.85049197755662,74.2842025756836,5693096
2021-10-13,75.18026768413866,75.71790826905075,74.01537405310334,74.41860961914062,2750921
2021-10-14,74.73223756487775,75.98673690191563,74.1049844781231,74.2842025756836,2199196
2021-10-18,75.0906532198066,75.49388190190527,74.41860085866203,74.77702331542969,2023947
2021-10-19,75.22507032054715,76.79319274873639,73.88096538209922,74.19459533691406,4957157
2021-10-20,75.04624319255572,75.50412144751131,73.30631141305861,73.71839904785156,2315140
2021-10-21,73.71839203422849,76.09935733613723,73.30630443864185,75.59569549560547,2644988
2021-10-22,75.96198794681352,75.96198794681352,73.26050945531543,73.48944854736328,1740024
2021-10-25,74.03890525761138,74.03890525761138,70.60481867806848,71.42900085449219,2087742
2021-10-26,71.61215784783761,73.44367090774821,71.56637421334055,71.93267822265625,2008365
2021-10-27,72.11581955963837,72.9400017519391,71.24585373739532,71.52057647705078,1472353
2021-10-28,71.56637087359745,71.61215450595793,70.0553712723505,70.3301010131836,1228902
2021-10-29,70.14695077158923,70.8795588108405,69.13961995761979,70.19274139404297,1391783
2021-11-01,70.42168542620531,71.33744204556645,70.19274627136502,70.97113800048828,890640
2021-11-02,71.3374347827955,74.35942712702104,70.97113077501027,72.84843444824219,3148989
2021-11-03,73.26051510820406,73.4436636013077,70.97112401107269,71.52057647705078,1170647
2021-11-04,71.97846322318091,72.29897661741448,71.74952408634721,72.02425384521484,198324
2021-11-08,72.39055404921821,74.17627642781333,71.9326757996638,73.21472930908203,1963417
2021-11-09,72.89421543631788,74.17627592369048,72.89421543631788,73.62682342529297,1040572
2021-11-10,73.26052164535865,75.4125480713575,72.75685276437969,74.2220687866211,1764140
2021-11-11,73.44366718742916,73.53524842511989,72.34476220181541,72.66527557373047,1501931
2021-11-12,73.21473793943296,73.80998113135284,72.43634622076934,73.26052856445312,1101821
2021-11-15,73.35209306744147,73.35209306744147,72.07003259082352,72.2073974609375,746829
2021-11-16,72.16161620107779,73.35209547897986,71.93267707225036,72.34476470947266,1116165
2021-11-17,71.79531915110674,72.57371086717492,71.2458665860391,71.38322448730469,993069
2021-11-18,71.33743342762193,71.65794680834489,68.54437328131968,69.50592041015625,1444692
2021-11-22,69.68907106758988,70.00958445820272,65.52238301628707,67.30810546875,1842683
2021-11-23,66.94180843746445,68.91068659464518,66.4381464815978,68.68174743652344,1010164
2021-11-24,69.4743992221794,71.19960100139431,69.24126365431974,69.70753479003906,1022829
2021-11-25,69.56765155596953,71.57261884895189,69.38114594883609,70.68670654296875,1389948
2021-11-26,69.75416066661943,70.22043177504673,67.60931072196077,67.88907623291016,1241006
2021-11-29,66.90991057843885,67.42281169357452,61.54779230908662,64.76506042480469,1640822
2021-11-30,65.83749120297293,67.04979915387631,64.67181321738653,65.1380844116211,1320782
2021-12-01,69.00813108152752,69.38114942923917,67.65594757514762,68.35535430908203,3615677
2021-12-02,68.35535251085646,68.6817408884929,67.56268587479694,68.26209259033203,849493
2021-12-03,68.07559131440662,69.75417038449086,68.07559131440662,68.54186248779297,1454825
2021-12-06,68.44860412053094,68.82162245191122,67.00316075445718,67.1430435180664,790192
2021-12-07,67.60931925646796,68.9148799478154,67.37618367282496,68.49523162841797,1067308
2021-12-08,68.91487794710805,69.70753748553541,68.7283652167684,68.86824798583984,932946
2021-12-09,68.96149624816142,69.6609029326853,68.6817378431915,69.05475616455078,896247
2021-12-10,69.0547558769667,70.4069392821885,68.86824315969746,69.5676498413086,1008163
2021-12-13,69.75416693165498,71.10635042164881,69.38114858846363,69.84741973876953,1276197
2021-12-14,69.42776985180913,70.87321323069679,69.10138147698278,70.26705932617188,1109170
2021-12-15,70.17380719674115,74.32361753391103,69.94067162465895,72.36528015136719,5074440
2021-12-16,72.78492127351876,76.09544180183595,70.91983688075449,74.4168701171875,11144913
2021-12-17,73.25119636925264,74.04385585648886,71.15297631288652,71.61924743652344,4469980
2021-12-20,70.64007473090324,70.64007473090324,65.51109240720729,67.00315856933594,3698642
2021-12-21,67.28292431453337,68.68173768026283,67.18967151309795,67.51605987548828,1632059
2021-12-22,67.98233596137037,68.8216254650383,67.84245319163685,68.35535430908203,1239166
2021-12-23,68.96149031304884,70.3136807222595,68.49521923016215,69.19462585449219,1582291
2021-12-24,69.42777076976026,69.61428349693631,67.2829277677337,67.74919891357422,1583204
2021-12-27,67.51606206017294,68.30872157012196,66.90990815912971,67.65594482421875,1215416
2021-12-28,68.07558590692885,69.19463378827287,68.07558590692885,68.6817398071289,1332345
2021-12-29,68.63510788499683,69.61428008922334,68.58848504153485,69.05475616455078,1084718
2021-12-30,69.00812674040841,72.0388890634669,68.86824397947454,70.64007568359375,4482330
2021-12-31,70.68670406978013,72.31865297666408,70.68670406978013,71.0597152709961,1510851
2022-01-03,70.82658590146089,73.39107726492664,70.73333309300877,71.99226379394531,1669171
2022-01-04,72.03889648022103,73.85735121538175,71.19960694294166,72.6916732788086,3137615
2022-01-05,72.36527468131526,75.62917244374974,72.17876908364056,73.53095245361328,5446285
2022-01-06,72.78492450592861,73.62420682815956,72.22539347146444,73.11131286621094,1903428
2022-01-07,72.8781786640294,73.6242081993211,71.71250084507415,72.17877197265625,1708697
2022-01-10,72.31865613681292,74.4634990964595,72.31865613681292,73.81072235107422,1730635
2022-01-11,73.76409997321353,76.4684742665631,73.2045759746976,75.34942626953125,5764500
2022-01-12,75.90894863223156,76.93474379319412,75.25616471908558,75.7690658569336,4330395
2022-01-13,76.18870579804448,78.24030320050339,75.20954061674821,77.21450805664062,7263906
2022-01-14,77.02799282566343,78.24030066578422,76.32858609822449,77.58751678466797,3995132
2022-01-17,77.77402467410658,79.68573200796334,77.49425915464818,78.28691864013672,7062579
2022-01-18,78.6133130566171,82.66987034561186,78.147041940302,78.7065658569336,23452883
2022-01-19,78.98632833086462,80.19863614169034,78.24029877513055,79.49922943115234,5945959
2022-01-20,79.96549997318671,80.38514115047644,78.38018095372225,78.93970489501953,3289875
2022-01-21,78.79981921672868,78.98632481868586,74.60337914009816,75.6758041381836,3525043
2022-01-24,76.00218986535512,76.37520817107637,70.68670213170792,71.43273162841797,3495452
2022-01-25,70.22044104643373,73.57759204741727,69.14801593250934,73.15794372558594,2660280
2022-01-27,72.1787675683362,73.67083366260708,71.5259837607142,72.92479705810547,1833589
2022-01-28,73.57758618498232,75.02302242794433,72.9714322893447,73.2511978149414,2186914
2022-01-31,74.32361564224155,75.11628225893266,73.95060442819026,74.27699279785156,1460347
2022-02-01,74.88315517389245,76.23533876480595,71.24623850712011,72.27203369140625,4635360
2022-02-02,72.87818125584124,73.20456963380971,72.132144579285,72.36528015136719,1068201
2022-02-03,72.69165865406295,73.29781248207634,72.08551194078161,72.22538757324219,1139121
2022-02-04,73.43770591820359,73.57758868575631,71.71250409100828,71.89900970458984,2122935
2022-02-07,72.03888764209563,74.13710767050618,72.03888764209563,72.5984115600586,2669419
2022-02-08,72.92480220026172,73.29782052881522,70.31368812985292,71.7125015258789,3063834
2022-02-09,72.2720238727557,72.87817775398986,71.80575275099599,72.13214111328125,951619
2022-02-10,72.17876911725418,73.15793417760102,71.52598529562378,72.50515747070312,1193927
2022-02-11,72.73829406555312,77.35437526612787,72.73829406555312,75.11627960205078,9673245
2022-02-14,72.73829717221467,73.53095667999095,69.05475804592517,69.70753479003906,3095692
2022-02-15,69.94066810116759,70.87321034251649,67.60931249779533,70.59344482421875,2508301
2022-02-16,71.1529831656865,72.27203112429842,68.54186177594752,70.54682922363281,1823384
2022-02-17,70.77995720827882,71.61924664449015,69.2412610943468,69.52102661132812,1459792
2022-02-18,68.54184981872682,69.61427474223836,68.44859702423281,68.72835540771484,936317
2022-02-21,68.58848626975161,68.68173907307813,66.21050065389466,66.5835189819336,1454254
2022-02-22,65.2779541015625,65.88410795545205,62.48032749720982,65.2779541015625,1998659
2022-02-23,65.74423614920002,68.49523325564901,65.41784774729254,68.07559204101562,1441010
2022-02-24,65.27795820093867,65.6043465689968,62.10731309394652,62.48033142089844,2478330
2022-02-25,63.785887118796346,65.79085424709481,63.785887118796346,65.2313232421875,1596966
2022-02-28,63.412876613420906,66.58352186703858,63.412876613420906,66.25713348388672,1464439
2022-03-02,65.65098193461492,67.79582504044585,65.23133361420881,67.46943664550781,1419181
2022-03-03,67.7491949381559,70.26705613205726,67.70256498041479,69.52102661132812,1948675
2022-03-04,69.00812472445013,69.42776588025984,67.14304027243796,67.42280578613281,1206071
2022-03-07,66.16386477863736,66.95653132286641,64.85831141934007,65.69759368896484,1302841
2022-03-08,65.69759969138958,68.3087208780122,65.55772404349393,68.1222152709961,1557394
2022-03-09,68.49522690148386,71.43273647561135,67.88908011762967,70.73332977294922,2540531
2022-03-10,71.66586851525034,72.08551678502921,69.94066682322399,70.50019073486328,2077160
2022-03-11,70.45357595835412,76.37521833771223,69.98730479281832,75.16291046142578,10102629
2022-03-14,76.09545425613985,78.7065756792568,75.1162890585211,75.7690658569336,7461036
2022-03-15,76.18869274584856,76.32857549485081,73.39106622473197,74.3236083984375,3015852
2022-03-16,74.88314608296837,75.34941721146821,73.43770273872572,73.71746826171875,1560179
2022-03-17,74.1371113170277,75.3960419730495,72.83155070107685,74.37024688720703,4809379
2022-03-21,74.5567423228106,78.33354089019495,74.09047124608325,76.23532104492188,6918141
2022-03-22,76.74823126625759,78.24029746752224,76.00219460825885,76.84148406982422,6123158
2022-03-23,77.26112853036352,78.98633037131096,76.04882780295353,76.56172180175781,5161899
2022-03-24,77.4010109110101,78.1004176361096,76.14208022877766,76.51509857177734,3886209
2022-03-25,76.7948554982591,77.30775659924231,74.97640089428768,75.90894317626953,3219551
2022-03-28,76.18869810093217,76.70159917841342,73.43770134103411,75.6758041381836,4207902
2022-03-29,75.81568824093519,87.3792065208405,75.81568824093519,85.51412200927734,65306362
2022-03-30,86.26016075523903,88.26512807682091,82.66987440621081,84.11531066894531,31317070
2022-03-31,83.83554946425188,86.02702232269652,82.94963006038178,83.41590118408203,11505341
2022-04-01,82.52998460975283,89.8504394488014,82.29684906000777,88.21849060058594,28348005
2022-04-04,89.89707794445509,95.58558447567032,89.52405960648149,94.41990661621094,38960073
2022-04-05,95.3524497323204,97.07765155636444,92.32168727139091,92.92784118652344,20676888
2022-04-06,92.32169216980864,98.66298296271916,91.20264420152252,97.40404510498048,29016861
2022-04-07,97.82368447500858,101.64710631720456,96.42487108532228,97.31078338623048,28499846
2022-04-08,97.82368408695842,99.22249747109586,96.51812350548356,97.26416015625,11701018
2022-04-11,97.63717581117952,100.43480270679764,97.21753462273006,98.10344696044922,8483858
2022-04-12,98.52309264428152,98.6163454487096,91.43577278675347,92.78795623779295,13122345
2022-04-13,95.07267628777534,98.28995120900478,94.7462879343924,96.00521850585938,13955676
2022-04-18,95.11931766980516,104.07172261578133,94.18677533970904,100.9010772705078,28539191
2022-04-19,102.02012527284892,105.05088763584877,95.63221217685738,97.87030792236328,19663621
2022-04-20,98.66297772389792,101.04095630892304,97.82368823488132,99.59552001953124,10657553
2022-04-21,100.43479649963422,103.41893593937156,98.52308917461744,102.29988098144533,10505866
2022-04-22,101.3673411553694,102.99929011583129,98.75622708747004,99.36238098144533,8168347
2022-04-25,97.17090436298488,97.35741709095886,92.32168727139091,92.92784118652344,10559879
2022-04-26,94.04687939173256,95.95859374650098,93.06771435114796,94.32664489746094,5756973
2022-04-27,93.67387392750192,97.63717881836234,91.9486720450152,95.21257019042967,13651804
2022-04-28,96.05185330838776,97.40403674693307,94.1867687781278,95.30581665039062,6714126
2022-04-29,95.86534268822189,96.51811939378445,92.88120332701418,93.44072723388672,4928422
2022-05-02,91.85540618568804,92.50818287614013,88.35837295526846,89.19766235351562,5957813
2022-05-04,89.52405450386527,90.68973229688434,84.58157781557132,85.88713836669922,7697307
2022-05-05,86.67979813066941,87.89210588532558,84.95459641422228,85.3742446899414,4127571
2022-05-06,83.83555334996524,85.60738512509577,81.83058600217892,84.67484283447266,6999946
2022-05-09,83.92879809899637,86.16690080458275,82.39010204423496,83.64903259277344,6596600
2022-05-10,83.55578455252645,86.0736529076806,79.12620884512135,80.38513946533203,4531408
2022-05-11,81.36431128708459,82.20360073476897,76.37521167408956,80.33851623535156,5122411
2022-05-12,79.07959685789808,79.5458680490066,75.81569852013845,76.46847534179688,4128261
2022-05-13,78.19367044317625,78.98632997534237,75.95556749991125,76.51509857177734,4074198
2022-05-16,76.93472607106044,78.93969308252535,75.53591286976842,78.14703369140625,2799921
2022-05-17,78.75319164666395,84.39507521108843,78.38018043143992,83.50916290283203,5033024
2022-05-18,84.16193682861329,88.87127796796337,82.15696959756129,87.42583465576172,8005047
2022-05-19,85.3276243974001,93.8603882600868,84.8613532258296,90.17684173583984,18326825
2022-05-20,92.32168115135538,95.58557896983764,91.66890443355196,94.55978393554688,8107508
2022-05-23,95.0726793241433,95.35244484439647,91.5756458946422,92.60144805908205,7077522
2022-05-24,92.78795298764176,96.89114027134832,91.94866354772158,93.06771850585938,9131579
2022-05-25,93.4407360890718,94.6530439311273,84.39507857898542,84.76809692382812,6258711
2022-05-26,85.51412066174547,87.09944674043224,81.03792217336952,86.44666290283203,5121900
2022-05-27,87.19270726906244,90.82962375456891,86.30679490740913,87.98536682128906,6551675
2022-05-30,89.01115500557144,90.8296166637286,88.59151383854511,90.08358001708984,2748668
2022-05-31,89.6173115472637,91.7621616338591,88.03199251959435,89.24429321289062,5345429
2022-06-01,89.01116013878342,90.59648632563224,87.37921110553896,88.87128448486328,2432696
2022-06-02,89.01115288537464,90.5498489857082,87.84547509947538,88.91790008544922,2428544
2022-06-03,89.8970793320139,90.50323325123536,86.53992846789993,86.81968688964844,2537709
2022-06-06,86.67980394430744,91.06275702341028,86.02702718016153,90.40997314453124,4843541
2022-06-07,89.47742467505883,93.48735913471002,87.89210572016378,88.45162963867188,7447006
2022-06-08,88.49826033375209,89.01115429885286,86.77305860617186,86.95956420898438,2861866
2022-06-09,86.4000481755061,87.42584331411167,84.76809910030936,84.9079818725586,2276745
2022-06-10,83.83555058767827,84.8613456506183,83.08951393386762,83.97543334960938,2060813
2022-06-13,81.87721674225908,82.01709239539804,78.4734359261264,79.07958984375,2386644
2022-06-14,78.14704966582808,80.10538712500389,77.21450734100786,77.68077850341797,2482843
2022-06-15,78.24030320050339,78.84645714020111,76.8414897003087,77.21450805664062,1809310
2022-06-16,78.14705018969498,80.1986404721592,74.4168808654085,75.16291046142578,5132434
2022-06-17,74.97639416311874,75.06964695999835,72.55178587058701,72.92479705810547,3080979
2022-06-20,72.92480037465654,73.62420705516053,65.83748076849595,67.00315856933594,4268364
2022-06-21,69.47440395293096,72.55179650412192,68.68174439117976,71.57262420654297,5242478
2022-06-22,71.80575995575455,72.03889554002649,69.94067528157912,70.54682922363281,1865811
2022-06-23,70.87321124690594,71.80575350015471,69.707533430345,70.64007568359375,1868838
2022-06-24,71.29284821114898,73.39106815723589,71.10634261738974,72.92479705810547,2141822
2022-06-27,74.4168714082334,75.44266641910363,73.48432919567274,74.51012420654297,2492713
2022-06-28,74.55675060123224,74.55675060123224,73.2045671744758,73.71746826171875,1661462
2022-06-29,72.36527594976627,74.27699037573743,72.31865310689662,73.62420654296875,1296356
2022-06-30,73.67084098184596,75.02302445777141,72.55179307864785,72.87818145751953,1413428
2022-07-01,72.69166240864507,73.39106906600112,70.96646074344666,72.97142791748047,1110880
2022-07-04,73.39107717486401,74.97640337553733,73.39107717486401,74.55675506591797,1529043
2022-07-05,74.92976892697867,75.81568833996806,73.25119713321891,73.71746826171875,1366090
2022-07-06,73.9506041316269,75.25615760503645,72.73829634662339,74.78988647460938,1735391
2022-07-07,75.16290022957102,76.37520794082715,74.97639463463886,76.00218963623047,1758302
2022-07-08,76.51510258203372,76.8881138298503,75.25616471908558,75.7690658569336,1486533
2022-07-11,75.3494190283686,78.42680428183289,75.02302353876209,77.96053314208984,2089406
2022-07-12,77.40100702526011,79.07958592712271,77.40100702526011,77.82064819335938,1723555
2022-07-13,78.1470520682286,78.33355769303289,76.6549786108602,77.35438537597656,892194
2022-07-14,77.63415055495042,77.68078051829424,75.06965909517729,75.7690658569336,1461393
2022-07-15,76.09544651979898,77.1678715350759,74.97639866065172,76.79485321044922,1282670
2022-07-18,77.3077484404514,78.61330892038829,76.93473014407913,77.91390228271484,1737165
2022-07-19,77.49425944287995,78.47343164989358,77.2145010371137,77.7740249633789,1392498
2022-07-20,78.47343024952959,81.31767978842713,78.28691753428103,79.73236083984375,3591828
2022-07-21,79.68573021738341,80.89803795481838,79.07958346339848,80.1986312866211,1691484
2022-07-22,80.66490235820122,82.48335684870695,80.291884045737,81.22442626953125,5411913
2022-07-25,80.6649142785253,81.03793264611261,79.26610073612314,79.96550750732422,1698464
2022-07-26,80.19863308872618,80.19863308872618,77.86727747568182,78.28691864013672,1578835
2022-07-27,78.61331487415622,80.80478774855744,77.4942599002879,80.38513946533203,2023103
2022-07-28,80.80478843641686,80.9912940429495,79.3593450842239,79.91886901855469,1507900
2022-07-29,80.57165769061191,82.29685955580393,79.82562099038837,81.7839584350586,3407572
2022-08-01,82.01708737300395,84.95459685950392,80.85140957000655,84.39507293701172,4862874
2022-08-02,83.74230375626001,84.06869214755197,82.29686030445278,82.85638427734375,2843568
2022-08-03,82.80975807747804,83.1827693011492,81.13117911202568,81.59745025634766,1477141
2022-08-04,82.01709093570835,88.3117513453253,81.92383813036433,87.70560455322266,13984568
2022-08-05,88.0319839712721,90.73635773945314,87.79884842426912,89.66393280029297,7539586
2022-08-08,89.99032797562448,90.0835807785594,87.28595400211512,88.59151458740234,3435491
2022-08-10,88.59151505731506,92.88120804767009,86.49329496385234,87.61234283447266,9475151
2022-08-11,87.65896606445312,89.71055604134527,84.53495114361321,87.65896606445312,6838636
2022-08-12,86.95956198040946,90.64310090205124,86.26015531568767,87.84547424316406,9764539
2022-08-16,88.49826536498624,88.96453651325831,87.3792103402934,87.79885864257812,2574290
2022-08-17,87.79885715248318,88.8712821982547,86.86631487176585,87.19270324707031,2592251
2022-08-18,87.37920469805226,89.9436958479546,87.00619349530712,87.42583465576172,3384369
2022-08-19,87.93874185084664,88.5915186158067,84.90797937188484,85.28099060058594,3090215
2022-08-22,85.23436873767486,85.32762154592595,82.25022907050746,82.76313018798828,2026495
2022-08-23,82.25021484644368,84.76808292219114,81.7839437710903,83.83554077148438,2165648
2022-08-24,84.06868435522503,91.2958867149051,84.06868435522503,90.50322723388672,10679995
2022-08-25,91.38914418161652,97.91694019458912,90.27009628242872,94.41990661621094,21847402
2022-08-26,95.4923311690726,100.71456652911728,95.25919559840337,97.96356964111328,16856977
2022-08-29,94.2800184194982,97.3574106371031,93.72049450213348,94.55978393554688,6318289
2022-08-30,95.95860477302004,96.98439988734336,91.80878723976976,92.50819396972656,7330137
2022-09-01,91.71553392691116,95.02606194303311,91.5756511587436,93.48736572265624,5226494
2022-09-02,94.32665573645416,94.83954973624924,92.32168835429802,92.50819396972656,3183446
2022-09-05,93.06771603912668,94.37326945025178,92.78795052832416,93.44072723388672,3415080
2022-09-06,93.81374768645608,96.70462720028038,92.88120544878804,94.60640716552734,8719689
2022-09-07,96.2849840171776,96.98439068074065,95.30581184229636,96.00521850585938,6206027
2022-09-08,96.61137170733556,98.52308608717716,95.63220665390864,96.47148895263672,6614179
2022-09-09,96.98439163665634,97.21752719347522,94.74628886824851,95.02605438232422,2830764
2022-09-12,95.35244012966407,96.70462347631891,94.93279898476634,95.86534118652344,3276372
2022-09-13,96.28499038073164,98.10344498028569,95.44570090604016,95.91197204589844,4762741
2022-09-14,94.74628627557549,96.2383523754404,93.53398568213068,95.86534118652344,2974627
2022-09-15,96.42488245766548,98.28996719721516,94.979438938621,95.49234008789062,3984143
2022-09-16,95.95860063229593,102.06674820817182,94.18676890324862,96.84451293945312,21818533
2022-09-19,97.63717136690042,98.98936190707296,96.05185237743775,97.26416015625,5377678
2022-09-20,98.15007871752562,99.59552215260813,97.5905547511087,98.19670867919922,3959655
2022-09-21,98.66297603990198,99.5488883597395,95.39907806089413,95.91197204589844,4093954
2022-09-22,95.81871748779189,97.6371720540758,95.53895196310226,96.79788970947266,2713983
2022-09-23,97.35742111049493,97.63717954190643,92.5081967039609,93.20760345458984,3011280
2022-09-26,93.02108903259118,93.02108903259118,86.44666335281572,87.47246551513672,3350773
2022-09-27,88.17186971182024,89.66393584028023,86.7264264255022,87.84547424316406,2602449
2022-09-28,87.61234727611033,87.61234727611033,84.39507914892312,85.32762145996094,1883520
2022-09-29,86.40005020395465,88.03199931746532,84.9079838659773,86.07366180419922,3413950
2022-09-30,85.8871344763741,88.21848995681168,85.32761058401553,87.65896606445312,2045863
2022-10-03,87.23933131696745,88.31174922477216,85.32761683702084,86.53992462158203,2308609
2022-10-04,87.98535852079303,88.82464795592149,87.33258180165568,88.45162963867188,1534096
2022-10-06,88.96453230953112,92.22843019321084,88.73139674641114,91.62227630615234,3943392
2022-10-07,91.76215297697078,92.974453555898,91.10936917471864,92.22842407226562,2850465
2022-10-10,91.3891324765233,91.66889797285448,90.54984310226186,91.062744140625,1344472
2022-10-11,91.7621527233198,93.16096600533768,88.91789620399052,89.66393280029297,1833660
2022-10-12,89.99032443809007,90.64310114770652,87.00619217308268,88.3583755493164,1255537
2022-10-13,88.12524694494299,88.59151809279983,86.0270267795872,86.26016235351562,1233985
2022-10-14,87.47246399188131,88.26512346418096,86.63317456220356,86.8663101196289,1575438
2022-10-17,86.44667014936906,88.54489036770067,85.84052333363766,86.4000473022461,1824537
2022-10-18,87.09944928115367,88.96453381773198,86.30678977605446,88.63814544677734,2894438
2022-10-19,88.59150786019842,92.04191110991324,87.89210121919686,90.68972778320312,3887107
2022-10-20,89.57068803570742,92.64807326323816,89.57068803570742,92.27505493164062,3281539
2022-10-21,92.7413237044759,93.95363147259604,91.90204137318182,92.60144805908205,2791453
2022-10-24,93.44073588878456,93.95363700118554,91.99529958837545,92.4615707397461,614487
2022-10-25,92.7413216566596,96.6580032800564,92.08854494345974,95.02605438232422,4098757
2022-10-27,95.8653443839186,97.91693445031794,95.49232606782802,96.6113739013672,4013556
2022-10-28,96.61137586762769,98.19670196459452,95.95859913723312,96.23835754394533,3326213
2022-10-31,97.03102159391314,97.26415715073205,94.3732705543918,95.02605438232422,1620926
2022-11-01,95.49233444990745,95.58558725843244,93.7205026289996,95.11931610107422,1985616
2022-11-02,95.1193117310684,97.63717301923292,94.60641063564498,94.83954620361328,3336613
2022-11-03,94.46652765032512,95.63220539963945,93.95362659473388,94.32664489746094,1196520
2022-11-04,94.83954453080484,95.81871674489396,94.04688503664036,94.69966888427734,1430766
2022-11-07,95.30582081817688,96.23836312408756,93.76713170521084,95.07268524169922,2260414
2022-11-09,95.72546937439893,99.03599030017816,95.49233379731308,97.12428283691406,4714577
2022-11-10,96.98438544577908,98.24331594929228,94.83953561406612,95.6322021484375,1782801
2022-11-11,96.70462812142094,96.79788803786218,93.4873602167139,94.65303802490234,1663021
2022-11-14,95.5855867378102,96.98440020226596,95.21256839100867,96.0984878540039,3121278
2022-11-15,96.4248758541096,96.4248758541096,94.55979124228826,95.07268524169922,1244478
2022-11-16,94.97942514706187,95.53894906473396,92.8812051197421,93.53398895263672,1306888
2022-11-17,93.58062197539178,94.4199115005657,91.90205003977732,92.18180847167967,1537755
2022-11-18,92.64807466100774,92.88121023243188,90.92287285541568,91.34251403808594,1228177
2022-11-21,91.76216108716758,96.93776643353544,91.38914275501683,96.37824249267578,4827035
2022-11-22,96.9843946335294,98.33657805896914,95.49232844672936,97.26416015625,4040911
2022-11-23,97.26416601941696,111.15904078099088,97.17090609639976,108.45467376708984,57361243
2022-11-24,109.34058108095262,115.91500692574314,106.49632431355067,113.77015686035156,32693165
2022-11-25,113.25725150803322,113.4903870666045,110.55288472039253,111.43879699707033,8538344
2022-11-28,112.55785199612386,119.73842481123752,112.37134638328963,114.9824676513672,19091859
2022-11-29,115.63523140925314,117.87333408528193,112.97748759416434,114.65605926513672,8718321
2022-11-30,114.42293194324176,114.6560675071968,110.4130045120547,111.62530517578124,4902101
2022-12-01,112.18483553936014,114.23642564380476,111.25229328920663,112.0915756225586,4178694
2022-12-02,112.09157717272234,117.1739367751848,111.9517015250511,115.26222229003906,6524631
2022-12-05,115.86837162471711,117.4070677211508,114.14316992890528,115.44873046875,3917724
2022-12-06,115.68187324080662,123.32871712799114,113.02412203813346,119.55191802978516,16953628
2022-12-07,119.924955285495,128.8773535604086,117.7334750093751,126.5459976196289,28278238
2022-12-08,127.19874649088932,130.46264409088465,124.49437988553606,126.68585968017578,12936583
2022-12-09,127.3386401933853,128.08467679891203,120.3912036526886,121.88326263427734,6165968
2022-12-12,122.11640260309416,127.66502604526126,119.13227030246748,126.77911376953124,9609673
2022-12-13,127.52515646681552,128.87733992349553,123.60848174663468,124.63426971435548,8436329
2022-12-14,124.96066930666704,128.36444304002478,122.90907907439116,126.96562957763672,8747489
2022-12-15,126.91754037406452,139.27277649868512,126.72524400472196,135.474853515625,29623758
2022-12-16,134.70567502400735,138.8400985287349,131.2442815112454,133.02305603027344,19432785
2022-12-19,133.55187803638853,134.3210782861504,127.25408675269476,128.07135009765625,7458523
2022-12-20,127.20600355130082,129.08091899348778,124.41765459895652,127.10984802246094,8690559
2022-12-21,127.638670681224,130.57123817726952,116.6295378015426,119.17749786376952,13190940
2022-12-22,120.18708206210002,121.533178848323,109.32216690943125,110.3317413330078,11680319
2022-12-23,108.88948552947464,112.78354953564428,101.67826132222469,102.97628021240234,9739381
2022-12-26,103.07243106122348,110.81248151099685,100.764845123864,109.0337142944336,11990968
2022-12-27,109.99520955247807,113.93734403945858,108.31259054767594,112.01435089111328,9630094
2022-12-28,112.01435945532285,131.9654148947902,110.57211448379506,128.64825439453125,47187926
2022-12-29,127.39829203935402,131.00390407820367,124.1772727494725,126.8213882446289,31665840
2022-12-30,127.3982985571684,136.051767893127,127.30214302937048,129.36936950683594,25946189
2023-01-02,129.80205196964718,130.47509671227184,125.57147244062796,127.1579360961914,9917240
2023-01-03,127.78289230201372,129.03284081656705,124.12921695816,125.52338409423828,6184561
2023-01-04,126.14835028208512,134.84989739780232,125.90797613342592,129.65782165527344,40374565
2023-01-05,130.33087308046777,132.39808499738297,126.532964269407,128.07135009765625,12007421
2023-01-06,128.74439146592286,129.60974722612565,124.2734380543346,125.71568298339844,8501914
2023-01-09,126.38872510792658,128.50401469320624,124.3215132868911,125.09071350097656,4834539
2023-01-10,125.2349323586137,125.66760289507968,119.32172679163624,119.94670104980467,6235768
2023-01-11,120.4274515819077,123.26386367493134,118.26408418822074,119.41787719726562,5426224
2023-01-12,119.94670104980467,122.11006840340838,118.0237078466014,119.94670104980467,6116314
2023-01-13,120.18707496547002,121.00434560810784,118.5525336801944,119.6582489013672,3679934
2023-01-16,120.3313030554805,120.7639735987707,117.5910391648228,118.26408386230467,3256912
2023-01-17,118.26408495221818,122.59081976754324,115.47574327077018,121.14857482910156,13340550
2023-01-18,120.95627113645511,124.89839826078986,120.619741469291,121.86968994140624,7635454
2023-01-19,121.00434613574726,123.21578392337274,119.94670133856664,120.6678237915039,4370863
2023-01-20,120.18707714643703,122.20621857536976,118.26408391209404,118.6967544555664,3612812
2023-01-23,119.36980420699078,120.52359719128484,117.92755930880476,118.79290771484376,2522448
2023-01-24,118.88905284333158,119.51402708356471,117.1102856485424,117.59103393554688,2272412
2023-01-25,117.20643756767458,117.4468117188242,113.55274753594584,114.22579956054688,2699430
2023-01-27,114.41809902107136,114.94692510206228,108.26451911919725,109.12986755371094,4474517
2023-01-30,108.16837087967151,112.11050559571434,107.25495201538692,108.69719696044922,3569023
2023-01-31,109.37024413620892,117.68719164094698,109.32216636936664,116.19686889648438,9925516
2023-02-01,118.21600215780194,119.7544025618729,107.35109515178068,108.88948822021484,10208155
2023-02-02,109.226006341136,112.68739244539732,108.8894840166005,110.8124771118164,4077633
2023-02-03,111.43745281493514,112.68739394204457,104.2262286121003,108.4087371826172,5386442
2023-02-06,108.6491152159438,110.379812020895,105.23579937003774,105.62039947509766,4735802
2023-02-07,105.86077596436314,106.7261243859714,103.84163453770188,105.23580169677734,3328858
2023-02-08,107.68762430710788,110.37981784904048,105.8127087824444,107.15879821777344,6453113
2023-02-09,107.49532783741232,108.07222435724276,105.7165531757823,106.29345703125,2466102
2023-02-10,106.10115062668224,107.63954375266852,105.4761763561024,106.24537658691406,1953698
2023-02-13,106.2453779740767,106.822274486899,102.39939144107844,103.12051391601562,2358732
2023-02-14,103.84163332030772,111.82205807454908,101.53404000161792,108.0722198486328,14713872
2023-02-15,107.879914287317,111.29323011048952,106.91841769888944,109.7548370361328,5739437
2023-02-16,110.09136130778032,110.33173545910736,108.12029033264388,108.50489044189452,1867942
2023-02-17,107.68761669318364,109.4183134671502,106.10114587298708,106.87034606933594,2042779
2023-02-20,106.91842095712718,107.6876211855646,104.3223830235157,105.09158325195312,2644407
2023-02-21,105.38002238569236,106.10114481169248,104.08200348601945,104.56275177001952,2036131
2023-02-22,103.84163813258525,104.32238645727314,100.76485178883765,101.14944458007812,2613279
2023-02-23,100.95714977772008,100.95714977772008,97.25538908633116,98.16880798339844,3832860
2023-02-24,98.16880737965894,99.65913013480044,95.66891753433153,96.58233642578124,4133622
2023-02-27,96.53425956982036,96.53425956982036,92.35175085022748,93.02479553222656,3593605
2023-02-28,93.45746636036664,95.62083370514954,93.36131816772588,93.74591827392578,3463826
2023-03-01,93.8420651189832,97.88035517263644,92.92864629855757,96.72655487060548,4277854
2023-03-02,96.72655413138344,98.07265080564711,94.4189608805938,95.14008331298828,2784584
2023-03-03,95.62084032736108,98.79378225370586,95.5246921280616,97.73613739013672,5109094
2023-03-06,98.26495409285712,101.72634788013016,98.07265769829183,99.27452850341795,5993584
2023-03-08,98.7937730864862,101.1975145241136,97.35152822390975,100.57254028320312,3779033
2023-03-09,100.95714530185762,102.35131246939036,99.27452621349332,100.091796875,3199199
2023-03-10,98.12073265387752,100.57254462471518,96.9188618831815,98.64955139160156,5769671
2023-03-13,99.03414738217307,99.4187474799108,94.56318683420004,95.14008331298828,3131755
2023-03-14,95.4766156726618,95.66891205912889,93.3613187433391,95.18816375732422,2482117
2023-03-15,96.14966018568737,97.44767913106676,93.74591868104518,94.61126708984376,4164036
2023-03-16,94.22666155701248,95.38045447855802,93.36131319803506,94.08243560791016,2584591
2023-03-17,94.7074104099654,95.95735886232109,94.22666213377266,95.09201049804688,2030095
2023-03-20,94.99587700826493,95.18817341424064,92.68828345836792,93.07288360595705,1954274
2023-03-21,93.74591827392578,94.370892529546,93.07287358980363,93.74591827392578,1766923
2023-03-22,93.79399137363254,96.91885516069536,93.79399137363254,94.80355834960938,2240751
2023-03-23,94.37088775634766,96.05350671718448,94.13051361908524,94.37088775634766,1977388
2023-03-24,94.65933619757864,94.80356215297188,90.86142760749875,91.58255004882812,1867075
2023-03-27,92.15944794973932,92.15944794973932,87.59233908453206,88.60191345214844,2422150
2023-03-28,89.27495230932229,90.04415247589954,86.05394036609842,87.35195922851562,2622041
2023-03-29,87.49619215524538,92.7363457841344,87.15966980639108,92.06330108642578,3821663
2023-03-31,92.97671456970508,93.93821113127652,91.05372144656216,91.67869567871094,2082809
2023-04-03,92.25559584370038,95.1400856439491,91.678699350778,94.03437042236328,2463439
2023-04-05,94.61126222185416,95.76505515046206,93.45746195760972,95.09201049804688,2157598
2023-04-06,95.33238983154295,96.63040878087509,94.61126737795436,95.33238983154295,1671562
2023-04-10,96.24580639420076,98.26494774933904,95.52468395767734,96.149658203125,3002353
2023-04-11,96.34195720814536,97.06307966430106,95.28431240624442,96.4861831665039,1569499
2023-04-12,96.82269835117032,105.38001899843944,95.95735733629436,103.07242584228516,24823226
2023-04-13,102.7839916730877,106.24537808941636,102.20709515963912,103.26473999023438,12483925
2023-04-17,103.0724409508842,104.41853776725792,101.53404773315889,102.06287384033205,3923354
2023-04-18,102.15901297813068,102.59168351060684,98.55340075537312,98.88992309570312,3096283
2023-04-19,98.88992837865015,101.58212191638758,98.45725782305963,99.27452850341795,3710463
2023-04-20,99.56297499284076,100.0917937168302,98.36110425336,98.74569702148438,1876493
2023-04-21,98.64955425489654,101.24559959633216,97.78420580775136,99.70719909667967,4546508
2023-04-24,99.70719455551772,101.14943945652696,98.6976275261934,100.62062072753906,2787668
2023-04-25,100.95714889954183,103.5531869369894,100.23602640740224,102.88014221191406,5831220
2023-04-26,103.3608837695089,107.35109609843592,103.2647355773158,105.0435028076172,11608777
2023-04-27,105.18772581029924,105.52424814134476,103.4089586299415,103.98585510253906,2326546
2023-04-28,104.13008640683042,106.2453760269585,104.13008640683042,104.80313110351562,2750921
2023-05-02,105.38003055965244,107.63954620258822,104.70698584410124,105.57233428955078,5092979
2023-05-03,105.3800180967702,108.1202817369158,104.80312164657686,106.05307006835938,5550689
2023-05-04,106.5338265180135,110.4759611221263,106.5338265180135,107.78376770019533,7963887
2023-05-05,107.78376954746334,108.55296977709436,105.28387980461808,105.6684799194336,3344725
2023-05-08,105.90885843289884,106.4376771938512,103.84163914937184,104.033935546875,2312019
2023-05-09,104.2743010042558,105.47617172738292,100.23601830880332,101.00521850585938,3271445
2023-05-10,101.4378890991211,101.82248919790388,98.93799946048811,101.4378890991211,2585388
2023-05-11,101.82249760251166,105.0435099413666,101.7744198353316,103.60126495361328,3541632
2023-05-12,103.84163104675936,104.08200519270092,102.15901202516837,102.73590850830078,1615034
2023-05-15,102.68783491721295,102.88013129378784,100.47638990841897,101.1013641357422,1709459
2023-05-16,101.58210767464186,103.21664880619689,101.34173354731692,101.72633361816406,2572111
2023-05-17,101.6782639692147,104.03392767065336,100.4283154731635,103.02436065673828,4441847
2023-05-18,103.55317594743651,104.99542077865785,100.71676404695586,101.1013641357422,3263885
2023-05-19,101.3898184484144,101.63019261006131,98.7937804368826,99.9956512451172,1763981
2023-05-22,100.38024395458784,100.76484405193536,98.64954718434248,100.28409576416016,1423755
2023-05-23,100.47639178047147,102.1109330187221,99.22644330253632,99.8514175415039,2115057
2023-05-24,99.94756841435122,100.62062043424248,99.41874968690476,99.89949798583984,1326098
2023-05-25,99.99564795400585,100.42831849647509,97.8322805703855,98.0726547241211,2053624
2023-05-26,98.45725483722543,98.74569942032596,97.73613237601867,98.0726547241211,1856215
2023-05-29,98.64954619959356,99.46681681352582,97.39960506523738,98.40917205810548,2061926
2023-05-30,98.07265221878224,98.50532275019862,97.59190392359214,97.88035583496094,1669098
2023-05-31,98.79376731679076,99.466811945765,97.25537435368088,98.60147094726562,2278702
2023-06-01,98.98607374026903,99.70719620268665,98.36110680801671,98.64955139160156,1399336
2023-06-02,98.7937674105746,99.80334169063062,98.69761922572076,99.03414154052734,1381907
2023-06-05,99.56297382188654,102.39938579944751,99.41874786771773,101.58211517333984,4271499
2023-06-06,102.25516081294838,104.61083185830024,101.53403837091682,104.17815399169922,6104864
2023-06-07,104.99542788459718,106.53382834385924,104.80313149500796,105.6684799194336,6836426
2023-06-08,106.24538101688508,106.72612934727825,103.69741339867394,104.3223876953125,3158060
2023-06-09,104.5146755993742,104.65890155389846,101.91863776048449,102.59168243408205,1682168
2023-06-12,102.68784358795244,103.64934022328669,101.7263469526182,103.40896606445312,1599518
2023-06-13,103.69740332007456,105.57232602776202,103.1205068468002,104.1300811767578,2602151
2023-06-14,105.18772923404704,107.92799306980558,104.3223808291662,106.34152221679688,11776690
2023-06-15,106.24537366842137,107.83184451611793,104.6589028207248,105.18772888183594,4011186
2023-06-16,105.71654748860576,105.95692163690696,104.6108322749298,105.0435028076172,1504162
2023-06-19,105.764622356557,106.5818929712758,103.55317731848343,104.41852569580078,1918474
2023-06-20,104.65890345814532,109.32216050169843,103.7454846222668,107.0626449584961,10459924
2023-06-21,107.68761444091795,109.61060755593437,106.82226607203329,107.68761444091795,3947995
2023-06-22,108.02413871428776,108.88948709875622,104.89927484611157,106.14922332763672,3082765
2023-06-23,105.86078088544308,106.14923281793394,103.7454911659682,104.3223876953125,1783686
2023-06-26,104.56275164795976,105.18772588355768,103.64933284368054,104.41852569580078,1530292
2023-06-27,104.80312139337713,107.06263676363,104.65889544726816,105.76461791992188,3584846
2023-06-28,106.24537635831958,106.72612466763324,105.28387973969224,105.95692443847656,2706619
2023-06-30,106.43766739083658,107.01457120148734,104.56275201313166,104.85120391845705,2151157
2023-07-03,105.28387969066992,106.82227281262996,104.61083499219902,105.52425384521484,2893692
2023-07-04,105.71654790275872,107.87991524594456,105.47617375351588,105.90885162353516,3042052
2023-07-05,106.19729600084584,112.7354757821688,105.57232908250324,111.77397918701172,16563651
2023-07-06,112.49509725798524,114.85076089024396,111.53360070022468,113.55274200439452,12579450
2023-07-07,112.92777728173796,113.74505529314764,110.66826164790685,111.87013244628906,4100930
2023-07-10,112.4470243395984,114.89884360175677,109.94713464886328,113.0719985961914,5834229
2023-07-11,113.16813880964682,114.65846136754662,111.87011995940564,112.35086822509766,3401818
2023-07-12,112.68739244539732,113.1200702932028,110.47595478728093,110.8124771118164,2261245
2023-07-13,111.00478009194453,113.12007702392556,106.7261231347607,108.0722198486328,3723582
2023-07-14,108.64911425643358,110.23558509102212,107.92799181667849,109.46638488769533,2195623
2023-07-17,109.85098761579545,110.86056198984528,109.37023931113112,109.80290985107422,1682020
2023-07-18,110.18751714094596,110.86056921270936,107.543401293021,108.36067199707033,2304174
2023-07-19,108.93756877118804,111.72590306973146,108.8894910064668,109.80290985107422,3754679
2023-07-20,109.802907225787,110.37981104610051,108.93756616659032,109.46638488769533,1571189
2023-07-21,109.41831679027123,109.99521328723534,108.36066465426065,109.081787109375,1600398
2023-07-24,109.51446504585482,109.99521334953668,108.45682024488212,108.79334259033205,1529561
2023-07-25,109.2740877723094,109.85098425311963,107.68761694835362,107.87991333007812,1425162
2023-07-26,108.12029633155292,112.01436073336252,107.87992216688905,111.05286407470705,6514555
2023-07-27,111.67782817426884,113.50467312605883,110.42787969787656,110.86055755615234,4846299
2023-07-28,110.66825861503582,110.9567105329974,109.70676200267992,110.23558807373048,1626010
2023-07-31,110.52403259277344,111.29323281647254,109.99521385766268,110.52403259277344,1518281
2023-08-01,110.81247528056598,113.21621660986244,110.81247528056598,112.06242370605467,4370393
2023-08-02,112.49509202774776,112.87969210009808,106.67803518949437,108.02413177490234,3668112
2023-08-03,108.45682219086054,108.74526677686286,106.00500286383668,107.54339599609376,2274269
2023-08-04,108.0722148536122,109.22600779181114,107.68761476233372,108.4087371826172,1671428
2023-08-07,108.26452232770124,113.45660575301764,107.73570356667553,111.48553466796876,5479154
2023-08-08,111.96627036696864,114.70654140429266,111.05285157828496,111.53359985351562,7829636
2023-08-09,111.48552643708182,111.5336042007334,109.70675921652506,110.04328155517578,2423182
2023-08-10,110.33173346581172,110.95670771509836,108.93756634755728,110.04328155517578,2225193
2023-08-11,110.09136130778032,110.8605615262816,108.21644586168424,108.50489044189452,2125683
2023-08-14,104.6589070187164,105.28388129719706,101.19752060757982,102.6878433227539,4891723
2023-08-16,102.59168309049774,105.28387647338702,102.11093479609872,103.7454833984375,2002256
2023-08-17,103.88971046566118,109.27408995342392,103.84163270145204,106.91841888427734,5914574
2023-08-18,107.35109340931685,108.21644178865172,104.32237774946316,104.70697784423828,2893826
2023-08-21,105.28387407311811,105.71654459395847,104.13008112711942,104.41852569580078,1378273
2023-08-22,104.80312469350764,108.40873678158702,104.65889874285716,107.25494384765624,2228231
2023-08-23,107.92798933057048,117.15835487968792,107.68761518952245,115.13921356201172,23406943
2023-08-24,116.34109018746986,120.1870766399482,115.71611592181472,116.966064453125,20563061
2023-08-25,116.05262858949848,119.61017016269376,113.45659088486212,118.21599578857422,10320722
2023-08-28,118.93712314812468,119.70632334079409,116.96605957481891,117.44680786132812,4322800
2023-08-29,116.34108671942953,125.47530427178144,113.93734525828428,120.90819549560548,28513633
2023-08-30,121.82161864555825,122.01392237066553,117.9275617415084,118.5525360107422,5633932
2023-08-31,118.93712295395308,119.65824538253962,115.81225909674473,116.86991119384766,3946688
2023-09-01,117.4948756500104,119.32172056484724,116.72568281025148,117.11028289794922,4698976
2023-09-04,117.83141359543202,120.57167749251803,117.68718763545128,118.9852066040039,4793090
2023-09-05,119.5620979619514,123.31193608186048,117.39873066226964,119.17749786376952,6518539
2023-09-06,119.85055296251772,128.1194222764602,119.5140306187876,126.2445068359375,29142048
2023-09-07,126.9175531395017,127.78289422421597,122.68696656772424,123.84076690673828,11569176
2023-09-08,124.41764990312448,125.7637538997083,121.14856744378562,121.43701934814452,5839428
2023-09-11,122.30235814498756,129.80203416429003,121.6293134946866,127.6867446899414,15884753
2023-09-12,128.6482448180416,128.93669672512988,117.92755652726534,118.60060119628906,10604536
2023-09-13,119.41787774492516,122.0139230306374,115.95649136627924,120.86012268066406,6136083
2023-09-14,121.43702268231466,124.99455714368796,121.38894491838929,123.36001586914062,5273205
2023-09-15,123.9849757145562,128.69631755632088,123.31193107181063,125.37914276123048,10408996
2023-09-18,126.34065312893358,129.5135949877818,125.47531201800884,127.2060089111328,11797906
2023-09-20,126.1483531977465,127.87905004234888,122.78311503873732,124.5618896484375,4421829
2023-09-21,123.84076356321044,124.99455653543669,121.62931847486722,121.9177703857422,3624963
2023-09-22,122.11007150091342,123.26386451784832,120.33130420995668,121.58124542236328,3418622
2023-09-25,122.44659190519518,124.89840386109152,122.2062177525208,122.83119201660156,3186661
2023-09-26,122.59081530688697,125.37914955124,122.11006701156582,122.92733764648438,3010060
2023-09-27,123.07156335796842,123.36001526884338,121.62931847486722,121.9177703857422,1677260
2023-09-28,122.20621150690523,123.6965267759383,119.85054786534256,120.28321838378906,2038409
2023-09-29,120.8601229528697,122.30236789185687,120.4755301709828,121.58124542236328,1797264
2023-10-03,121.5812478047856,121.91777749898668,119.99478420932216,120.47553253173828,1631667
2023-10-04,120.42745413061832,120.42745413061832,117.15836408828844,118.8890609741211,1997016
2023-10-05,119.5140327933278,121.24472230784524,118.21600648789337,119.12943267822266,1702893
2023-10-06,119.3698069474004,119.94670345279144,118.84098087167034,119.2736587524414,938389
2023-10-09,116.58145640659308,120.57166854660584,114.46616693594454,116.24493408203124,7100805
2023-10-10,117.20643108596452,118.02370168754936,116.14878634652317,117.11028289794922,2707051
2023-10-11,117.73524752211294,120.66781488178133,117.446802963618,118.21599578857422,2512887
2023-10-12,118.8409786064703,121.58124245657392,118.45637849832804,120.09092712402344,2949839
2023-10-13,119.7063290656738,128.02326895152623,119.22558075617312,125.28301239013672,15001212
2023-10-16,125.8599046513616,136.72481964730133,124.17728552676438,133.50381469726562,40539371
2023-10-17,134.1287744053742,137.63823109299102,130.6193177177574,135.09027099609375,21785258
2023-10-18,134.99412283334345,140.23429127566996,131.48466595426228,134.36915588378906,18432913
2023-10-19,133.35957512612083,139.80159939449416,132.0134857582603,137.68630981445312,13272366
2023-10-20,137.78247090077312,138.4074378457891,130.3789497363386,132.35000610351562,8238872
2023-10-23,132.2538571881331,133.45572791017855,117.9756271417241,119.17749786376952,10822530
2023-10-25,121.05242076779416,121.86969139284764,116.05263415542348,119.03327941894533,7266034
2023-10-26,118.26408589516647,118.55253781940954,113.07200260825124,116.72569274902344,4963156
2023-10-27,117.39873370266452,121.4370238347029,117.3506632739198,120.09092712402344,6002740
2023-10-30,119.7063241571008,121.38894317135724,117.7833309979506,119.46595001220705,3811431
2023-10-31,120.13900086151124,124.56189122350254,119.9947822356683,122.44659423828124,9697031
2023-11-01,123.0715657116906,124.6580292449333,120.95627611027572,121.53317260742188,3215684
2023-11-02,122.63889289002644,124.32151192117186,121.77354449259568,122.3504409790039,2487573
2023-11-03,123.11963904455672,125.61952133032676,122.59081299541988,123.31193542480467,3520181
2023-11-06,124.32150976019813,125.18685080695056,122.87926490142848,123.31193542480467,1981017
2023-11-07,123.79269155258709,123.93691017909008,121.86969828575076,123.167724609375,2029573
2023-11-08,123.74460704362328,125.95605211423478,123.5042328983671,125.33108520507812,4633794
2023-11-09,125.71568447502206,125.95605863271808,121.82162018609156,122.73504638671876,2889251
2023-11-10,122.73504638671876,124.32151729463996,122.11007210958164,122.73504638671876,1693222
2023-11-13,117.9756216553436,119.12942189623249,117.63909933594796,118.21599578857422,2725929
2023-11-15,118.36023287985245,122.11007117844387,118.36023287985245,120.42745208740234,4278393
2023-11-16,121.05242378318276,122.110068579341,120.0909271801958,120.52359771728516,2043237
2023-11-17,120.76396654107128,122.11006319300336,119.85054774277982,120.13899230957033,2666463
2023-11-20,120.28321527538056,121.05241543900368,118.74482228377072,119.0813446044922,1353624
2023-11-21,119.70632637181389,120.2832228631049,118.45637786098598,118.93712615966795,1858054
2023-11-22,119.41787635051526,119.7063282685497,116.34109012445391,117.25450897216795,2035115
2023-11-23,117.5910419775652,120.09093177382786,117.5910419775652,118.8890609741211,2453441
2023-11-24,119.32172883883416,120.61974780613905,118.45638041541856,118.84098052978516,2054972
2023-11-28,119.5140265931567,124.3695872062324,119.5140265931567,122.59081268310548,7347485
2023-11-29,123.2638550594891,125.23492592578096,123.07155868330106,123.69652557373048,4472308
2023-11-30,124.36958489729824,126.6290929922356,123.16771420703162,123.69652557373048,4683601
2023-12-01,124.5618826580898,128.45594667209383,124.12921213903896,126.0041275024414,7899793
2023-12-04,129.08091006808812,131.24427727593314,126.82138733805192,129.80203247070312,11828252
2023-12-05,130.57124060582763,134.1287750749957,129.1770734765788,130.52316284179688,11686801
2023-12-06,131.6288725036683,148.74351411597084,130.71545371072375,147.0128173828125,55203394
2023-12-07,147.15706139465007,149.4165696606992,144.4167901448132,147.20513916015625,19965121
2023-12-08,147.10897224895814,151.6280031027434,143.31106380815794,145.57057189941406,15251692
2023-12-11,146.29170319639485,150.33000069136733,145.8590326565832,147.4455108642578,10471897
2023-12-12,148.0704672731509,156.86815475236466,143.9360292137369,153.26254272460938,25087932
2023-12-13,154.0500329785174,159.11940505259142,153.55786034919308,156.8554229736328,11890872
2023-12-14,157.74133008521693,158.1842824543278,152.6719579344388,153.9023895263672,6716576
2023-12-15,154.78829497491765,159.3654945099293,153.55786337734278,154.73907470703125,11878483
2023-12-18,155.28045901670652,156.7569768520476,152.72115542748213,154.14846801757812,4753788
2023-12-19,154.6898560504143,155.47733528504813,151.0970017560389,152.7703857421875,3739274
2023-12-20,153.5578593084015,154.83751113995484,139.3832936879003,140.466064453125,7864492
2023-12-21,137.80834032178288,146.37214132351025,136.18417660452872,145.48623657226562,5957134
2023-12-22,145.97840437089772,150.99855616118148,145.87996383739707,149.57125854492188,7781528
2023-12-26,150.30952304176017,154.9359429088638,148.34083245831886,154.09925842285156,8002334
2023-12-27,154.54221624292148,155.6250021099154,150.80170099866342,153.1641387939453,4247766
2023-12-28,153.85316073125136,160.25140465465023,150.70325903448438,156.95384216308594,17990045
2023-12-29,157.74134128295515,161.38341604962326,155.6250048025707,157.00308227539062,9622739
2024-01-01,157.6921014870334,168.71676496431974,157.64288122197308,164.7301788330078,30315307
2024-01-02,165.3700132900865,173.78616875615475,164.13958164358286,167.38792419433594,27441070
2024-01-03,167.28947614725635,170.68546433522224,163.4997558580457,168.96286010742188,10542307
2024-01-04,171.62059528184287,173.63849096887213,167.92930070325363,168.8644256591797,10158400
2024-01-05,169.45504360627356,169.84879075267503,162.51542100251342,165.27157592773438,5465038
2024-01-08,165.8129598622066,165.91140039844066,160.98967398507796,161.53106689453125,4443993
2024-01-09,162.36774652732473,168.12617226707766,161.72792812064844,165.6160888671875,7844519
2024-01-10,165.7637503289373,166.3051432734512,161.72794342057156,163.30288696289062,3252551
2024-01-11,163.69662754820337,169.84878571658203,163.69662754820337,167.5355682373047,8069747
2024-01-12,168.3230425699416,169.20894731234296,165.66531332282068,166.15748596191406,3534291
2024-01-15,166.79730884785877,170.24251741369795,163.84427293428234,168.02774047851562,6359876
2024-01-16,167.6340060576945,172.16198538424732,165.2223630987796,169.1597442626953,10672334
2024-01-17,165.812959946787,172.75259719715174,164.8778349317545,168.81521606445312,10679684
2024-01-18,169.30738371884073,173.68771709595532,165.81295506252087,169.25816345214844,11945482
2024-01-19,170.34096168536945,178.16650402387083,170.34096168536945,174.52442932128906,20796114
2024-01-23,184.02335908482524,185.0569247001661,162.4169817847203,167.43714904785156,13036237
2024-01-24,168.2246098168387,176.29625348732756,163.40132373854743,175.0166015625,9708480
2024-01-25,175.26269014713037,182.59605989920647,174.03225847665053,179.34771728515625,13814164
2024-01-29,180.7257886513488,184.81081531206448,177.3790058867439,180.7749938964844,7970542
2024-01-30,181.6609239596972,181.90701027906283,174.47520043023718,175.75485229492188,5017506
2024-01-31,176.93606887925085,180.82422983673075,175.21346459252658,180.2828369140625,5514000
2024-02-01,181.7101496195882,184.41709921293577,170.39017859286207,171.17764282226562,11711449
2024-02-02,172.5065117233839,175.4595475874076,169.99642823498036,171.4729461669922,5247798
2024-02-05,171.4729443004114,172.4080693098561,158.97176228277704,164.33644104003906,5929702
2024-02-06,164.04114425757578,168.17540668524293,162.17089412690189,165.27157592773438,3440942
2024-02-07,166.1574834425207,169.504251329643,163.99192686732877,167.2894744873047,4073336
2024-02-08,167.33870401105716,169.0120880471842,163.00759062109094,163.745849609375,2815251
2024-02-09,163.89348038596574,164.9762661442299,154.09924837589276,159.11940002441406,3618200
2024-02-12,155.47733597908828,157.4460265645023,144.50189197337204,146.3229217529297,7115391
2024-02-13,147.06118002113573,148.63613848992296,140.46606959543382,145.48623657226562,4230933
2024-02-14,132.88661499677147,144.69875855204003,131.50853758995703,144.0097198486328,12519250
2024-02-15,142.73005871996205,154.19767467122008,142.73005871996205,148.04551696777344,7877002
2024-02-16,149.71893107262375,151.0477882594718,145.78154974284973,146.7166748046875,2640159
2024-02-19,147.553355497296,151.78604332097683,146.42136440232065,149.32518005371094,3227972
2024-02-20,149.66970434706383,152.27821335757224,146.22449583209652,146.81509399414062,2660450
2024-02-21,147.602576587006,152.22899655119625,145.6831062318536,148.34083557128906,4101586
2024-02-22,149.2267523823491,149.2267523823491,144.25580565019527,146.3229217529297,2263427
2024-02-23,147.6517873792792,148.78377840788707,146.17526950548643,146.9135284423828,1918716
2024-02-26,146.71666297060992,146.86430875060032,142.43475511188967,144.10813903808594,1871095
2024-02-27,144.10814402560877,146.56900724339522,142.77928689995434,143.66519165039062,1648622
2024-02-28,144.2065871789409,144.94484615767269,138.05442902284275,138.89112854003906,2080000
2024-02-29,138.30051494100474,143.41910750779155,136.38104460594934,139.38330078125,2877269
2024-03-01,140.71215535947914,142.48397987485976,139.87547087993624,140.51528930664062,1290954
2024-03-04,143.22224049098548,144.99406502681617,141.4504159551548,142.1886749267578,1692674
2024-03-05,142.23788930166788,142.9269279759625,139.58016011800757,139.97389221191406,1271619
2024-03-06,139.77702601463787,140.0231123280439,134.3631271197047,136.33181762695312,2041930
2024-03-07,136.82400209251003,141.69650851556187,136.82400209251003,138.4481658935547,3006807
2024-03-11,138.25130135017233,138.69425375351778,134.01861334282188,135.15061950683594,2226374
2024-03-12,135.54433071612934,135.6427712438633,128.9984411595441,130.13043212890625,2485065
2024-03-13,130.2288887098198,131.6561864184097,116.5464872735036,118.46595764160156,4907012
2024-03-14,119.10577496448133,126.93131667923876,117.08786420283532,125.65167236328124,3566705
2024-03-15,125.79933046077524,128.3094139421829,122.15724839932182,127.27584838867188,2809734
2024-03-18,127.86644451068678,129.34296241505922,123.5845515999568,124.02750396728516,2417762
2024-03-19,124.9626320369088,125.99619759932418,123.19081501414344,123.97828674316406,1969089
2024-03-20,124.51967739868164,125.84854201912648,121.222122226479,123.04315948486328,2121862
2024-03-21,124.32281721505689,129.0476777662546,124.32281721505689,127.07898712158205,2662693
2024-03-22,126.98054381622666,130.22888631318335,126.7344574910014,128.45706176757812,2154717
2024-03-26,128.2601887715198,129.53984059743556,125.0610667166887,125.65167236328124,1832812
2024-03-27,125.50402353486048,128.85079148782327,125.06107116166204,125.70088958740234,3642136
2024-03-28,126.48837301094396,129.1953226279097,125.6516809949645,126.2422866821289,2277400
2024-04-01,127.42349080372264,135.83964577414773,127.07897897494112,135.34747314453125,4409857
2024-04-02,134.8060724007886,139.6293729022115,133.87094746293508,137.90676879882812,4255678
2024-04-03,137.41460780318545,143.86205740443432,136.4302625181194,142.33633422851562,5908494
2024-04-04,143.12379246554076,144.74797113004416,139.77702464400303,141.9425811767578,2720052
2024-04-05,141.54885248605348,144.30502223934,139.58016195083692,143.46832275390625,2965777
2024-04-08,144.25579310758314,144.60030491812603,141.64726929676266,142.87770080566406,2032381
2024-04-09,143.61597922336793,147.0611879163746,142.28712202515896,143.4191131591797,4176555
2024-04-10,144.10813961386074,147.06117538479984,142.3363301672306,145.43701171875,2940467
2024-04-12,145.19093711188057,145.43702344596852,142.28712137362655,142.58242797851562,1543064
2024-04-15,138.30052272564194,139.72782049000122,133.72332282133706,137.31617736816406,2544759
2024-04-16,135.19983829146537,140.56451738391473,135.15061802054203,138.4481658935547,2148877
2024-04-18,138.79269762850845,141.15512051634548,136.23339365008633,136.67636108398438,1594394
2024-04-19,134.06783103813862,137.808346298804,132.19758091776484,136.28260803222656,2065488
2024-04-22,137.6114810259558,143.17302616837594,136.72556121128852,142.58242797851562,3610234
2024-04-23,143.41910872441176,143.46832899391632,140.90902517885374,141.54885864257812,1675420
2024-04-24,142.23789375706724,150.5063881474351,142.188673488808,149.6204833984375,11453462
2024-04-25,150.45719165261988,151.19545065970848,147.25806928856937,148.3900604248047,3462863
2024-04-26,149.12831075567948,152.47507871846716,147.65179282740542,149.6204833984375,5786171
2024-04-29,150.80169935700923,152.17979181090095,149.2267558638841,149.66970825195312,2503893
2024-04-30,150.50638760216052,151.09700077929722,147.84865834487942,148.29161071777344,1764726
2024-05-02,148.636150648242,152.77039819209023,146.76590045599966,150.7524871826172,4336764
2024-05-03,151.63839505704442,152.42587429369547,146.96275492558033,148.63613891601562,2067841
2024-05-06,149.37439395219852,149.4728344866576,143.22223604642429,143.9604949951172,2090539
2024-05-07,144.2065841220515,144.2558043902404,139.28485770150368,140.51528930664062,1505411
2024-05-08,140.46607264692724,144.20658782661826,139.18642074072804,143.36988830566406,2046281
2024-05-09,143.36988489494706,144.5018909857737,137.8083400371297,138.2020721435547,1375533
2024-05-10,138.8419101962131,139.4817286453531,136.08574030007614,138.2512969970703,2124696
2024-05-13,138.7434521863501,138.8911129775017,133.9693870040951,137.070068359375,1963890
2024-05-14,137.11930474568192,141.84416523968804,136.5286915514621,141.54885864257812,1762178
2024-05-15,142.3363422961855,145.73233071816563,142.23790175413242,143.4191131591797,2395334
2024-05-16,144.50189881462956,144.50189881462956,141.25355619092437,142.0902557373047,1121890
2024-05-17,142.73006018584877,148.34082506503333,141.84415547542042,146.0768280029297,3428441
2024-05-21,146.1260686950651,150.70328372520805,142.73008013716455,148.78379821777344,5210334
2024-05-22,150.30953550650648,151.5399672231935,145.68311525574683,146.6182403564453,2244999
2024-05-23,146.71667432645776,149.22675791999052,144.99407000029657,145.38780212402344,2099156
2024-05-24,145.48622506948274,159.41470378564912,144.25579355675018,154.7882843017578,25660475
2024-05-27,156.90463520695312,166.74808823172853,156.51090309392902,161.2357635498047,15230016
2024-05-28,162.4169775244165,163.8934955019112,152.72117013090096,154.64065551757812,7908035
2024-05-29,153.85317975988875,160.15298393258564,152.27822120675555,157.49525451660156,6869620
2024-05-30,156.8554404471259,157.29839285887877,153.36101138566488,154.3945770263672,2309815
2024-05-31,155.23125626293313,155.674208659521,149.7189314011062,151.6876220703125,3015661
2024-06-03,159.4639343097325,161.9740177611839,154.1976810884505,159.36549377441406,7695333
2024-06-04,155.0836037182349,155.23124950402962,130.9179238019387,137.2177276611328,6960856
2024-06-05,137.21772596177303,144.2558037225298,131.70540140822433,143.3206787109375,5217768
2024-06-06,145.58466461837307,151.09700433497764,144.7972003902159,147.99632263183594,3863271
2024-06-07,148.882232920554,152.86883455811278,146.76589644403066,152.03213500976562,3315043
2024-06-10,153.16414315297803,166.30514462229897,152.2388561166529,165.4684600830078,24131499
2024-06-11,166.35434910406994,167.2894740980089,160.55655611774844,161.29481506347656,6859835
2024-06-12,161.7771658942944,166.55123187746784,160.95030437690824,163.19461059570312,11218978
2024-06-13,163.28319752396175,168.70693453223612,161.5802693995094,164.9762725830078,12508176
2024-06-14,165.76373114534613,167.98836098354673,163.40130859530817,165.11407470703125,6114844
2024-06-18,166.30514027391106,172.4572985780652,162.90915189400152,170.65594482421875,20187995
2024-06-19,180.13518683984236,190.9629849558985,180.13518683984236,182.3204345703125,66224688
2024-06-20,183.3835304178685,218.78057861328125,181.4246778848066,218.78057861328125,143936858
2024-06-21,220.39491323148,224.1354284869593,203.0999736053161,204.537109375,56852352
2024-06-24,192.93168069178407,201.20017528489365,188.65962565267483,191.2484436035156,27353892
2024-06-25,192.1441922517413,194.0144572625944,185.3128337262456,186.2184295654297,17939140
2024-06-26,187.02559904830864,192.9316705972026,185.06674657742207,188.2265014648437,18469008
2024-06-27,188.7482017692356,188.7482017692356,179.88909451539925,182.4188690185547,7779409
2024-06-28,182.9897792600632,191.45515457037013,182.5369888480681,190.1656646728516,13017610
2024-07-01,190.9629798540609,198.64087586248587,189.09272987376616,193.916015625,17449096
2024-07-02,195.3925280652318,195.8847006800057,189.4864566879452,193.29586791992188,6071900
2024-07-03,193.8175872887332,200.21583186175783,192.53795039006235,195.00865173339844,13376694
2024-07-04,195.3531797254343,204.2516548508976,193.05965331676663,199.26101684570312,20229596
2024-07-05,199.7531771591672,203.7594695921084,198.59165695752588,200.74737548828125,9978075
2024-07-08,201.96796010179625,229.3524533753097,201.7907851585344,224.8146209716797,53584185
2024-07-09,231.2226996740856,239.88494111996792,223.45621603549787,227.1573638916016,48454569
2024-07-10,224.3322958169641,224.3322958169641,210.3053747945627,216.33941650390625,18043004
2024-07-11,217.2942300023693,223.9385609310941,217.04814367167577,219.02667236328125,10203932
2024-07-12,222.4817156956599,241.0661436421591,222.4817156956599,224.7850799560547,36448691
2024-07-15,227.38376136559543,233.58513967954963,220.98551699816525,229.13589477539065,15937399
2024-07-16,229.13588763949213,238.4084181546682,226.2025429802761,227.8660888671875,17196817
2024-07-18,228.36811739562407,230.1399420000909,218.1112408218832,221.0052185058593,10815655
2024-07-19,221.18237486617403,221.4579903348239,209.6655384349956,210.67941284179688,9322947
2024-07-22,210.55145624017987,238.2115655168375,207.46061256113,231.3506774902344,67093597
2024-07-23,232.699212068542,241.16458726203305,205.3344260196405,214.0950927734375,52974757
2024-07-24,214.14432739281847,219.0069956773238,212.1756367526085,213.25840759277344,11558475
2024-07-25,209.6655515994112,212.3232809396456,205.39349654718927,206.1219024658203,6913830
2024-07-26,207.20468239031248,214.43962623946123,206.95859606918384,210.1281890869141,9194806
2024-07-29,211.63424182797817,215.4731825322396,209.52774346360337,212.0771942138672,6329003
2024-07-30,212.61859015838985,218.80027759658665,210.16756489244912,216.4476928710937,12955580
2024-07-31,217.540305499684,221.083954493166,213.9474512584478,215.16802978515625,9632730
2024-08-01,215.5716171149788,217.9340397877241,211.73267651678847,212.9729461669922,6191879
2024-08-02,209.68523212005653,211.53579100086688,206.91922433434223,208.5236968994141,4700474
2024-08-05,203.83821852549235,204.20242146582345,192.26232365903053,193.4632110595703,6343329
2024-08-06,194.94958440825403,201.98764710536443,189.68333118739736,190.5101776123047,4987200
2024-08-07,194.703502866546,200.70800016987187,191.55360091825344,199.6645965576172,4431814
2024-08-08,199.8220865715789,203.0212086472322,196.08157160221623,196.72140502929688,3806269
2024-08-09,198.54244264586947,203.168862520192,197.5580973526129,200.11740112304688,4457426
2024-08-12,197.6368492167968,202.18451972137527,194.8511502001222,197.16436767578125,5718030
2024-08-13,193.42386104779047,195.1858326134568,186.90749964481884,187.8524627685547,5143582
2024-08-14,188.6989879436814,189.38802663851573,182.3105966631036,184.1414794921875,2678155
2024-08-16,187.0255975763789,191.1106243575805,186.1396928589837,189.1714630126953,5361987
2024-08-19,189.46678338905448,192.3410699271481,186.5334385348225,187.2323303222656,2776149
2024-08-20,188.44306401855573,189.6833336721637,185.3522204202704,187.2913818359375,2643118
2024-08-21,187.6260477660583,191.4551501686344,187.45871087678407,189.3584899902344,3940948
2024-08-22,190.61844795730107,204.2516354133386,189.48645694972376,199.5169372558593,17633000
2024-08-23,200.7079912922547,201.00329787245207,196.1800121355876,196.72140502929688,3366254
2024-08-26,198.227453971127,199.51694386313264,195.175977646293,196.08157348632807,3317203
2024-08-27,196.09142752027947,204.63553724015048,196.09142752027947,200.02880859375,7416177
2024-08-28,200.8064418980544,203.73978669667463,198.8377512912108,199.74334716796875,3219929
2024-08-29,200.2650414203584,200.2650414203584,194.9102007686172,195.8551788330078,2148826
2024-08-30,195.89455973289705,203.0704456369966,195.89455973289705,198.08966064453125,6135470
2024-09-02,198.8377482377689,202.28295674683923,195.992990955362,198.7491607666016,3909517
2024-09-03,199.14289296863032,201.2986115542316,197.06592380852103,197.7254333496093,2588546
2024-09-04,194.4180323572273,201.0525250031805,194.4180323572273,196.92811584472656,3331971
2024-09-05,198.0896450355152,200.6883159146372,195.0578598398868,196.00282287597656,2350834
2024-09-06,196.98717667774065,198.9460292323893,188.10839288391244,188.7777404785156,3069620
2024-09-09,189.4372414543415,189.63410750149697,181.11952704770988,184.0528717041016,2850295
2024-09-10,184.8108283743541,189.66364344913777,184.8009903286149,186.8385772705078,1694113
2024-09-11,186.97638050901827,190.9531437998375,185.4211131843827,188.078857421875,3812825
2024-09-12,189.1911611223874,190.1656683635071,185.2537799751164,186.2676544189453,1696690
2024-09-13,186.7893664950973,189.42741981925144,185.8837705837961,186.7106170654297,1718630
2024-09-16,187.61621280753664,187.61621280753664,184.61395675665568,185.42111206054688,1189077
2024-09-17,185.42112561943983,187.3209199229851,182.50747184415007,183.48196411132807,1386859
2024-09-18,182.596057487624,191.54375287239893,179.16068690184548,188.56118774414065,6812550
2024-09-19,191.35671876950028,191.8981116841196,180.29268729943487,183.9938201904297,4100303
2024-09-20,184.46631145734784,184.71239779334744,180.4797248300884,182.0448303222656,2241771
2024-09-23,184.3042652260124,188.68443800556884,183.03579958493287,185.9394073486328,2120337
2024-09-24,186.30606626581084,188.5357931227155,184.8394057227895,185.4339904785156,1638950
2024-09-25,184.8294929150993,186.4051781105255,182.4907564991556,183.71958923339844,1155987
2024-09-26,183.7790524385303,184.61148022806785,179.4187034369776,179.92410278320312,1678522
2024-09-27,180.5583273665605,183.97723894080883,180.1817615483415,181.23220825195312,1630821
2024-09-30,180.8556341118069,182.3322143216495,178.5862741782435,179.7259063720703,1117728
2024-10-01,179.74572028954256,187.59435705900728,179.7258962611736,184.383544921875,4582503
2024-10-03,181.351129600135,182.7385092425434,178.42771277565046,179.20068359375,1441631
2024-10-04,178.8736481615154,180.3601327722759,171.65924406032863,172.88807678222656,2537203
2024-10-07,173.9088032076368,174.16645510865152,161.72953025444147,162.51242065429688,2500704
2024-10-08,162.02682166385782,168.96374980848782,161.04573638259097,167.7844696044922,1752865
2024-10-09,168.56735757468127,172.2340165177739,168.56735757468127,169.46914672851562,1259797
2024-10-10,174.87005727151904,183.6403074527922,173.54211951939234,181.01419067382807,17555119
2024-10-11,180.94481403337176,180.94481403337176,176.8520366662275,178.1997833251953,2139999
2024-10-14,178.3285952543664,179.6069804479389,173.32409419561253,174.59255981445312,1464255
2024-10-15,174.77095885346395,175.69257209405413,172.670065350894,173.8790740966797,1023102
2024-10-16,173.27455954705894,178.1105791248694,172.4817647424218,173.74032592773438,2447954
2024-10-17,173.4331047841811,177.08985925627667,169.71689334852348,173.5421142578125,2687984
2024-10-18,171.63941425806505,172.38265653844465,167.58626998484107,170.9457244873047,1610101
2024-10-21,171.639428204719,172.283580639504,164.50430475756727,165.7430419921875,1180610
2024-10-22,165.6934787272508,166.11961217138796,152.39439845385692,154.97097778320312,2307719
2024-10-23,154.96106829834127,160.37187919376208,150.33314780330815,157.50791931152344,2425423
2024-10-24,158.11241968910397,159.60880878735824,154.44576059077045,156.17999267578125,1392086
2024-10-25,156.0808788578117,156.0808788578117,146.46828172384517,147.47909545898438,2426670
2024-10-28,148.30161484992428,152.5133214240532,146.59711121492543,151.57188415527344,1887735
2024-10-29,152.31512051101606,156.07098010580805,149.63945122854125,153.1772918701172,2104159
2024-10-30,153.17728930726952,161.02592612781973,152.6223223584481,159.03402709960938,3175220
2024-10-31,158.54845717624957,160.6889835660662,157.5871958991623,159.9358367919922,1218792
2024-11-01,160.4412349602287,161.5313297370369,160.19348752198172,160.9862823486328,325812
2024-11-04,160.9862780344132,161.0061020629067,154.79259224422108,156.63583374023438,1116572
2024-11-05,155.48627951157965,160.64934255608188,155.1889946955052,159.8862762451172,1526205
2024-11-06,160.73852863693148,166.6349144128194,159.96555786947337,166.13941955566406,2687559
2024-11-07,167.46736829353392,171.83762172925518,165.89168305182346,168.56736755371094,5055816
2024-11-08,168.9142048747181,169.36014725118795,162.52232382183948,163.1466522216797,1359233
2024-11-11,161.77906896891827,163.9096907812435,157.56736273236143,160.5205078125,1425028
2024-11-12,161.08537910617528,164.0286197312181,154.69349855167025,158.122314453125,972579
2024-11-13,156.1799873132736,157.03223908492578,150.38269135105432,151.10610961914062,1391908
2024-11-14,155.28808938642442,159.26196792536587,151.34395445131133,154.53494262695312,4362609
2024-11-18,153.60340284703906,155.38718732371686,150.04575346827514,151.0367431640625,1764259
2024-11-19,152.46378475059987,155.3079205999526,150.8781950431681,151.25477600097656,1328264
2024-11-21,150.77908128259696,151.02682871495173,147.2115273294701,149.12413024902344,1150462
2024-11-22,150.33313557132348,152.49350099628873,148.48989411091574,151.85926818847656,1298622
2024-11-25,154.46556054094492,163.51330139000902,154.45565608756002,159.3709716796875,3971160
2024-11-26,160.49078782455237,162.7304343488574,159.1034082158442,159.83673095703125,1863651
2024-11-27,160.48088029223493,165.35654797955763,159.08358113514456,163.8205108642578,3054294
2024-11-28,164.55384875963895,174.21599868990054,164.00880138033787,170.80699157714844,8689240
2024-11-29,171.19348452495043,178.87365532129408,169.11239993806475,177.4268035888672,10048073
2024-12-02,176.89167597384045,176.98086142505042,173.7799686652032,175.23672485351562,2845122
2024-12-03,175.40518757954828,179.87454595499625,174.6123927470184,177.55563354492188,3514231
2024-12-04,178.2295067615618,179.86463374710516,175.5637420017692,178.33851623535156,2399129
2024-12-05,178.97275559297168,182.93671460835264,176.00969078530514,178.6060791015625,5710496
2024-12-06,179.31959373175474,180.26103097783505,177.41689521046396,178.9132843017578,2627387
2024-12-09,178.8736457173445,180.0331018833382,176.2475289894061,177.17904663085938,1835318
2024-12-10,177.88266244714626,180.3601368544881,175.64303102657854,176.82229614257812,3390083
2024-12-11,177.089868643841,181.14301316874327,176.2277123838823,177.5457305908203,4478908
2024-12-12,176.39616774444153,179.46824188289395,174.59255922051454,176.89166259765625,2486425
2024-12-13,176.19797399181817,176.8817593131817,171.14392040710715,174.0673370361328,1509678
2024-12-16,173.91869934868683,176.46555023840037,173.91869934868683,174.87005615234375,1244249
2024-12-17,176.9808514756333,187.1880486741416,176.9808514756333,182.91688537597656,19258730
2024-12-18,183.3330978077744,186.2069619411048,180.3601286541348,185.11688232421875,5726153
2024-12-19,180.3601294208017,182.03490447054625,177.48626527525525,178.64572143554688,3760055
2024-12-20,178.72500123949516,180.48896172338635,167.5367188835361,168.53762817382812,3339653
2024-12-23,170.45023735995306,171.17365564501574,164.00880397135018,165.15835571289062,2035531
2024-12-24,165.48537827647203,169.98446493803326,164.38537908580992,169.37005615234375,2334995
2024-12-26,170.2520342405494,170.2520342405494,166.53582284904132,167.50698852539062,1165700
2024-12-27,168.27005965843793,168.9637494471568,165.74303281546614,166.74392700195312,1048125
2024-12-30,167.29889881409872,167.87365956908823,164.0286295765079,165.77276611328125,1686814
2024-12-31,166.4862803910429,173.91870362278587,164.78177678685887,172.23402404785156,4412772
2025-01-01,172.630406564221,179.71599214996294,171.81780285518295,178.64572143554688,7022303
2025-01-02,179.06193839990183,182.1934696049644,178.13040562562216,179.4583282470703,4220256
2025-01-03,179.36914855908648,181.10338065841464,177.39707347103817,179.0024871826172,1753910
2025-01-06,179.36914956179854,179.36914956179854,166.04034009099752,166.69439697265625,2022911
2025-01-07,167.47726797104565,182.73850409266683,167.47726797104565,179.33941650390625,9210166
2025-01-08,178.47726677599982,178.7150946473635,173.07636033712,173.97816467285156,2120300
2025-01-09,173.97814997366044,182.05472513213087,171.69887063073926,173.2448272705078,6186837
2025-01-10,172.7295232125406,172.73942766675916,164.8313333860802,166.57546997070312,2599535
2025-01-13,163.50340752891032,165.39618649664308,153.21692888171197,154.9214324951172,2517763
2025-01-14,156.57637618116146,162.145733583725,156.3880857144465,161.54122924804688,2176840
2025-01-15,162.02682229847906,164.70249156905564,159.8466478973168,160.68898010253906,1827827
2025-01-16,162.42321808787673,165.87187339251065,162.0268282263644,163.46376037597656,1550332
2025-01-17,162.92862751596837,172.2340206116063,162.4331326437378,168.19078063964844,7364019
2025-01-20,169.16195013305438,171.04483976236213,167.35835662093427,168.89437866210938,1734285
2025-01-21,169.25113331236133,174.81058643321427,166.58538357788524,168.18087768554688,4929063
2025-01-22,167.9727592420876,168.35924463195175,161.13493615332038,165.07907104492188,2293906
2025-01-23,164.91061194068234,171.243035992467,164.24665060657736,168.26014709472656,2316056
2025-01-24,168.37906854067592,170.09347653846314,162.77006304351858,164.66285705566406,1307924
2025-01-27,162.52231225898228,162.52231225898228,151.81962037864236,152.89979553222656,2405419
2025-01-28,154.49529267720766,155.87276779543933,146.02234259269167,151.10610961914062,2951840
2025-01-29,151.72053764502493,156.25925741934884,151.13584219697566,154.83224487304688,2310971
2025-01-30,155.7835848300798,160.98628098933736,155.5853899054164,156.4079132080078,2939687
2025-01-31,157.0024988624944,162.9979898753328,155.397100306023,161.71961975097656,3784887
2025-02-01,162.72051921505124,169.83583371441597,157.97368481162658,159.8070068359375,9287358
2025-02-03,157.08177327084837,159.0538482346858,152.76105753638112,154.67367553710938,1760990
2025-02-04,155.5853896703626,156.82412684926675,153.81152468354534,155.78358459472656,1562464
2025-02-05,157.12142714512302,160.03493941577938,156.57637976093503,156.82412719726562,1507277
2025-02-06,156.57638261865438,158.74665261992914,155.63494536767638,156.80430603027344,1112332
2025-02-07,156.77457121670295,156.97276613712117,153.107912264405,154.97097778320312,1283846
2025-02-10,154.97097646319162,155.6349377576539,148.26197185899392,149.03494262695312,1411124
2025-02-11,149.43133843990196,149.43133843990196,138.9466801431817,139.81874084472656,2273272
2025-02-12,139.18450343395315,140.02685074619447,131.16740021189503,138.8079376220703,3362799
2025-02-13,141.6025211407844,146.46828431759874,138.4313570463801,140.05657958984375,4075117
2025-02-14,140.81964517775722,141.50341538226075,131.6926232085481,133.59532165527344,2579609
2025-02-17,133.58542542546314,133.58542542546314,128.04579618200398,131.66290283203125,2360280
2025-02-18,132.297132587121,132.82235594873637,125.01335938378068,127.25299835205078,1712408
2025-02-19,127.411559229447,132.5944313804045,123.37822369461811,129.7106475830078,1840069
2025-02-20,129.72055707493965,133.22866938898954,128.35300145131202,132.38632202148438,1871803
2025-02-21,132.19802559342503,136.1322560806295,128.84849054645275,129.4034423828125,2229234
2025-02-24,127.83767364423778,128.45208243068768,125.02326647374096,126.40074157714844,1250700
2025-02-25,126.64849250788905,129.5620047792684,125.36020281438957,126.06380462646484,1586868
2025-02-27,126.10344626709818,126.6980386077007,120.64309060251874,121.4160614013672,1719940
2025-02-28,118.91876702669734,119.97912573025933,114.7070606945018,115.96561431884766,2294658
2025-03-03,117.62057292748192,117.82867986253837,109.80166459890496,113.77552795410156,3188755
2025-03-04,111.6845378750249,117.5809312166576,111.34760500098096,116.599853515625,2426034
2025-03-05,116.88723543579796,122.38723145245643,116.88723543579796,121.5944366455078,2094431
2025-03-06,123.7448902463549,124.66651099722978,121.85209623386874,123.00164794921876,1449923
2025-03-07,122.43678575277649,127.44128697840507,122.28813577921936,123.82416534423828,3473866
2025-03-10,124.5178648720806,125.65750460835696,118.12597638287072,118.70075225830078,2111314
2025-03-11,117.828682807967,118.52237260882896,114.95481102032842,117.1448974609375,1676576
2025-03-12,117.86832337132998,119.76110986368688,115.50976292577352,116.1539077758789,1474469
2025-03-13,117.18453915141448,118.1061599308876,114.28093885141,114.89535522460938,2331667
2025-03-17,115.43048765062464,116.13408945514244,112.9827417956583,113.71607208251952,1390716
2025-03-18,113.71607208251952,113.71607208251952,113.71607208251952,113.71607208251952,0
2025-03-19,117.92777622767856,122.38722995057398,117.58093133913924,121.396240234375,2914880
2025-03-20,122.63498425123584,125.23138017499568,120.71246167467652,122.28813934326172,2260601
2025-03-21,121.89174087196606,129.1755216799099,121.67372191436068,126.15299987792967,3510489
2025-03-24,126.89624064431904,132.19802673957523,126.89624064431904,130.95928955078125,3720703
2025-03-25,132.445770858021,134.16019397168418,125.88542370939837,126.34127807617188,3391166
2025-03-26,126.40074110473472,128.18452561503886,123.3782194513448,123.95299530029295,2147852
2025-03-27,122.98182551545696,127.83767676517938,122.38723318216786,127.21334838867188,3683129
2025-03-28,127.83767812330018,129.22505772883005,123.87371911172498,124.38903045654295,2006799
2025-04-01,124.16110331128397,127.27280287623424,123.63587996775873,126.08362579345705,1511632
2025-04-02,126.4899280472321,126.9457899746572,123.57641583279752,126.34127807617188,1281379
2025-04-03,124.88451889982768,129.4232611094858,124.8647024324774,128.70974731445312,1802259
2025-04-04,128.33317008050054,128.53136500231017,120.90074710286537,122.21876525878906,1895846
2025-04-07,111.9818404531035,117.7295839607978,111.08994817630244,116.163818359375,2417958
2025-04-08,118.62146919796844,121.89173837371916,117.64039146950392,121.42597198486328,1458278
2025-04-09,121.42596877948672,122.27822054071444,118.4728236576384,119.4142608642578,1366236
2025-04-11,121.24759319452372,126.54938679216534,120.90074829760356,123.77462005615234,3224933
2025-04-15,125.86560513795428,132.2971262365148,125.55839318672386,131.83135986328125,3861234
2025-04-16,132.49533300435778,134.18993221277233,131.35570078486967,132.3764190673828,2897654
2025-04-17,132.7133511207481,142.40523007612202,131.5043423648888,137.69802856445312,15032263
2025-04-21,138.68901222682166,142.30613388028578,137.10343770259246,141.28541564941406,5272874
2025-04-22,142.70252000991874,144.04036218353298,140.96828799590932,141.4142303466797,3242456
2025-04-23,142.2070323332248,143.20792655963592,137.69802584473982,140.74037170410156,2629099
2025-04-24,139.7394586953303,145.4277452833004,139.72955424153565,140.8691864013672,3938776
2025-04-25,141.01784433555122,141.95928157303138,133.5457731586463,134.71514892578125,3562699
2025-04-28,133.79352511271503,138.92686004995113,133.0602023511842,138.33226013183594,2785863
2025-04-29,138.73856417297628,140.6709911496963,136.76648913856258,137.22235107421875,1792186
2025-04-30,136.75658632078589,140.13586501768052,134.13046951604588,135.23046875,2257092
2025-05-02,135.29983185470442,138.23316822221165,133.71424217692154,136.26109313964844,1608159
2025-05-05,137.79712008957037,139.38269452850753,136.34036402847454,138.31243896484375,2328401
2025-05-06,139.26378022822675,140.5718938800909,132.50523839083672,133.3079376220703,4036510
2025-05-07,129.81965658947786,135.76559505922495,129.81965658947786,135.24037170410156,2312931
2025-05-08,135.76558943887957,140.54216707006404,134.6854142907048,135.90432739257812,3111658
2025-05-09,130.82054422798777,133.24848107842408,130.06739750325693,132.3665008544922,1944523
2025-05-12,136.7565804791556,142.70251876085803,136.7565804791556,141.84036254882812,4079903
2025-05-13,141.71153754686154,142.99982727609378,140.32415791310615,141.15658569335938,2219897
2025-05-14,141.71153100872058,144.28811034830952,141.01784122384765,143.7034149169922,3191283
2025-05-15,144.83314886242323,150.63044506646327,144.68450644541866,147.51873779296875,11371316
2025-05-16,148.30160194444258,150.372781901085,146.31962255262215,149.2628631591797,4918885
2025-05-19,149.6691803866739,151.32413145079025,147.04306360376842,148.68809509277344,3397593
2025-05-20,149.48089175516407,153.99980264092852,146.76558949065495,149.71873474121094,6418321
2025-05-21,149.62954977475448,150.62053953785855,147.36017474931603,148.7772979736328,2556271
2025-05-22,148.6484585420547,152.51331241562684,148.25206870113047,150.59080505371094,3001534
2025-05-23,151.5223299614363,153.25656206096164,149.30252255167832,150.541259765625,2869259
2025-05-26,151.59170417261936,153.4052172405074,150.7691808606502,152.43405151367188,3243225
2025-05-27,152.6124238377317,156.31873100317455,151.72053909759114,155.0304412841797,7414726
2025-05-28,149.83764773955266,152.60251762038638,149.83764773955266,151.3935089111328,3616498
2025-05-29,152.61241824093815,152.90971818384998,150.67999129396614,151.10610961914062,1571953
2025-05-30,151.10610572154843,152.40429981343144,146.884495029262,148.21241760253906,2110154
2025-06-02,148.21242951799053,150.13495211631437,146.75567332735562,148.96559143066406,1135500
2025-06-03,149.63945630287324,162.75024681650424,148.80702851944042,158.87548828125,34789578
2025-06-04,160.5403422296973,162.41331228419162,156.8637635413102,158.46917724609375,6815036
2025-06-05,159.54934635552706,164.2069950571731,159.50971341974383,160.07456970214844,8486134
2025-06-06,160.44123871659934,163.36467065340227,158.0925977858469,161.48178100585938,5604501
2025-06-09,162.27457697077807,163.81061415873177,160.15385943995108,162.62142944335938,4200232
2025-06-10,163.41420154650808,164.90068615167817,161.53132709514736,161.83853149414062,2531978
2025-06-11,162.52231557223902,164.99978989498658,160.73853103560015,162.47276306152344,4179609
2025-06-12,162.84935150002812,164.7024975400025,157.12143181164916,158.0430450439453,3020654
2025-06-13,153.603414602364,158.0133160618485,153.23675322567885,155.96197509765625,2688281
2025-06-16,155.96197392368666,157.7655674313957,150.77908656974566,157.01242065429688,2425792
2025-06-17,157.07188000142125,160.16376327367294,153.99980563741445,154.91152954101562,2436590
2025-06-18,153.7025098510147,156.70520745834176,152.41422020558556,154.88177490234375,1811741
2025-06-19,154.88178160991032,156.46737126084557,149.63945247780325,150.35296630859375,1653325
2025-06-20,150.13495064585993,153.10791996557992,149.2727943819584,151.58180236816406,1807479
2025-06-23,151.40341208675844,153.6034105311672,149.89710343984268,152.23583984375,1801199
2025-06-24,154.49529114585667,158.25115064885176,153.71241592120847,155.07998657226562,2896112
2025-06-25,156.36826377715994,159.2520475377947,155.93224099525074,156.6259307861328,2679027
2025-06-26,155.53583717183403,156.76466989707802,154.31692402165632,155.5754852294922,1677570
2025-06-27,156.57638332597338,157.95385849848262,155.337646116116,156.48719787597656,1794817
2025-06-30,157.07186915317894,159.1529535942659,156.58627875124452,157.69619750976562,1531528
2025-07-01,158.44935658578726,159.8962083295253,156.32863904448914,157.50791931152344,1335250
2025-07-02,157.96375181914024,158.30069980866415,154.94124533715882,156.04124450683594,1174585
2025-07-03,155.72412601458777,157.94394845983228,155.0898931904184,155.3772735595703,1284339
2025-07-04,155.48628949415783,156.45747036002962,153.10792008504757,154.8124237060547,1247282
2025-07-07,154.99079560740103,155.28809556578443,152.3151262245583,152.92955017089844,881742
2025-07-08,153.1079202632799,155.01061881704382,151.32413564371876,152.8304443359375,770832
2025-07-09,152.83044592992468,153.9899021644063,152.01782704758654,153.23675537109375,659097
2025-07-10,153.50430111106377,154.1583579533807,151.86917412657456,152.26556396484375,650686
2025-07-11,152.2160245646877,153.0187238054231,149.88719271204553,150.61061096191406,637337
2025-07-14,150.63044580902425,151.11603624247277,148.9655902451504,150.0160369873047,744189
2025-07-15,150.63044073757058,157.48808793554042,150.63044073757058,154.95115661621094,5937126
2025-07-16,155.6349392035008,156.08088155511192,153.90070718622178,155.38719177246094,1199311
2025-07-17,156.27907333591992,156.27907333591992,154.2079084831507,154.78268432617188,697081
2025-07-18,155.47637330312298,155.47637330312298,151.62142397807503,152.70159912109375,800812
2025-07-21,152.7115256894329,155.78358482487164,151.26467400896183,154.2178192138672,1346347
2025-07-22,155.1890047198051,155.68449960700588,151.6313399375125,152.62232971191406,751682
2025-07-23,153.1079157695788,153.84125362534832,151.27457869080678,152.6520538330078,868080
2025-07-24,153.15747063792116,158.36016688490736,152.91962765153244,155.76376342773438,3751105
2025-07-25,155.38719946829272,157.56737394515994,150.4818031150155,151.58180236816406,1787384
2025-07-28,151.1259410788498,152.97908712408136,147.86559136403065,148.86648559570312,1114195
2025-07-29,148.4502644040823,152.50340876591392,146.8646747894214,151.10610961914062,1391677
2025-07-30,152.61242568747835,156.576384796244,152.11693079888263,153.87098693847656,3934333
2025-07-31,151.7205342227541,153.50430364572205,150.63043946755968,150.99710083007812,1217946
2025-08-01,151.0664841812839,153.05836819144133,145.7746023957523,146.6763916015625,1562929
2025-08-04,147.55836670292854,149.24306136328536,146.19081113990111,148.79710388183594,929353
2025-08-05,150.13495072461117,153.56378199519386,149.2331464013768,152.20611572265625,3074750
2025-08-06,153.3061155652347,154.15836737879383,148.1827002297738,148.86648559570312,1822731
2025-08-07,148.21242190847286,148.75746928537015,140.37368949871322,143.5944061279297,2118617
2025-08-08,144.68449645892514,146.86467077856616,142.80162207407668,145.39801025390625,1722361
2025-08-11,145.47729503048876,146.71603218994235,143.75296746086022,146.1016082763672,871026
2025-08-12,146.5673711400291,147.94484622342637,143.59440202869948,144.2484588623047,1983268
2025-08-13,144.8826952720445,147.43945058594744,144.68450035061937,146.30972290039062,1857004
2025-08-14,146.66647602817315,147.15206642625975,142.80162223541134,143.83224487304688,781200
2025-08-18,145.67548521306438,146.32954204109282,143.67368179453914,144.67459106445312,696377
2025-08-19,144.78360596783327,149.98630206349642,144.3872010020484,147.97459411621094,3567000
2025-08-20,148.70791920842578,156.88358463178733,148.54935721958714,155.8826904296875,8206891
2025-08-21,156.32862567900256,159.03402333475995,154.39619878203297,156.34844970703125,5039620
2025-08-22,156.0808821481764,159.89619864920866,154.59439755628898,157.46826171875,4964621
2025-08-25,158.75655370995744,160.93672811900063,153.7025150964442,155.36737060546875,2972536
2025-08-26,154.32682682025725,154.49529326023895,149.94665401682315,150.5808868408203,1430753
2025-08-28,150.02593950989615,151.31422922514818,147.7565796076005,148.56918334960938,1068219
2025-08-29,149.14395007887072,151.026824463239,146.96377575978568,147.5880889892578,1311712
2025-09-01,147.9547761502624,153.286290847132,147.9547761502624,151.78990173339844,1852302
2025-09-02,152.4142191197487,158.53852821698575,151.11602503015138,155.72412109375,4536406
2025-09-03,155.83313700125333,160.63944330068776,155.24845668231694,159.95565795898438,4964157
2025-09-04,161.5313284776568,163.007908641766,157.89439792710277,159.22232055664062,4212389
2025-09-05,159.5493501636297,160.42142598470767,155.59529560720958,155.98178100585938,1894222
2025-09-08,155.9817773010953,156.71511514424805,152.87998973171176,153.50430297851562,1441231
2025-09-09,153.25655889690958,154.42593466581098,149.86737576407918,150.1448516845703,1500919
2025-09-10,150.82863221592703,152.52323128888463,150.13494243684906,150.9079132080078,1403558
2025-09-11,150.90792410387675,153.7025225716135,150.63044817221123,150.93765258789062,1335282
2025-09-12,151.5223183022109,152.09709413981122,150.3232292393073,150.82862854003906,892711
2025-09-15,151.6214353852509,154.38629020066705,151.22504552426855,152.20611572265625,1520480
2025-09-16,152.59259822719562,156.05115791550352,151.67098501335434,154.62413024902344,2151660
2025-09-17,155.27818597040022,156.47727509706274,152.1367502850738,153.27638244628906,1180783
2025-09-18,153.9997939012877,154.28718938328066,151.79979554944336,152.38449096679688,946395
2025-09-19,152.612422395936,153.5935076978649,151.72053766422147,152.64215087890625,793048
2025-09-22,152.33495021079102,152.99891154891947,150.18450420247245,150.53134155273438,928327
2025-09-23,150.6304443030007,151.12593918557636,148.97549320975446,150.02593994140625,947018
2025-09-24,149.7385630410036,151.42324265663171,148.80703022071518,149.27279663085938,1131250
2025-09-25,149.62954490819848,150.1151201986922,146.96378011274132,147.3502655029297,928278
2025-09-26,147.27098361691054,147.6971019403766,142.0088305972905,142.45477294921875,1502173
2025-09-29,143.69351918844083,145.79441269913727,141.9592870603045,143.6439666748047,1076261
2025-09-30,143.99081512413872,144.6845049317425,143.16829180894294,144.50613403320312,661269
2025-10-01,144.68449794460204,146.38900145885913,143.41603232301114,145.59620666503906,903590
2025-10-03,145.67548907531244,148.51962473748964,145.45747012685604,147.77638244628906,1423941
2025-10-06,148.54935240762276,148.96558139516716,146.51783558648577,147.46917724609375,662656
2025-10-07,147.65747785562175,148.390815739648,146.66648807135584,146.98361206054688,548551
2025-10-08,147.65747682750342,147.9845052685906,145.80433078264664,146.2601776123047,564866
2025-10-09,146.4583627497237,146.8151196505709,144.6944022736744,145.17999267578125,700905
2025-10-10,146.25,147.63999938964844,145.8000030517578,146.64999389648438,924960
2025-10-13,146.41000366210938,146.47999572753906,144.75,145.7100067138672,705718
2025-10-14,146.0,146.60000610351562,143.10000610351562,144.02999877929688,851683
2025-10-15,144.6999969482422,148.22000122070312,143.5500030517578,146.88999938964844,776291
2025-10-16,148.0,153.9499969482422,147.16000366210938,152.0500030517578,4952775
2025-10-17,151.61000061035156,151.61000061035156,148.50999450683594,149.0500030517578,860250
2025-10-20,149.0500030517578,149.3699951171875,146.99000549316406,147.99000549316406,613787
2025-10-21,148.69000244140625,149.99000549316406,148.52000427246094,149.08999633789062,210086
2025-10-23,149.67999267578125,149.72999572753906,148.0399932861328,148.4499969482422,456313
2025-10-24,148.00999450683594,148.99000549316406,147.27000427246094,147.86000061035156,595177
2025-10-27,149.0,149.0,147.32000732421875,147.72000122070312,485202
2025-10-28,147.8000030517578,152.58999633789062,147.52000427246094,150.25,3153756
2025-10-29,150.42999267578125,151.74000549316406,149.6999969482422,150.77000427246094,1047127
2025-10-30,150.97000122070312,153.6999969482422,150.39999389648438,151.52000427246094,1832066
2025-10-31,152.0,153.39999389648438,148.60000610351562,149.27999877929688,1328185
2025-11-03,149.19000244140625,153.5,148.80999755859375,152.00999450683594,1480057
2025-11-04,152.0,153.5,150.75,152.8699951171875,1221895
2025-11-05,152.8699951171875,152.8699951171875,152.8699951171875,152.8699951171875,0
2025-11-06,152.75,152.89999389648438,145.9199981689453,146.7100067138672,1162877
2025-11-07,145.3000030517578,149.39999389648438,144.1300048828125,148.83999633789062,967856
2025-11-10,149.89999389648438,149.89999389648438,146.27999877929688,146.67999267578125,614705
2025-11-11,147.1999969482422,148.5,146.32000732421875,147.99000549316406,687659
2025-11-12,148.5,152.5,148.5,150.4199981689453,1461687
2025-11-13,150.85000610351562,153.0,150.41000366210938,151.97000122070312,2367416
2025-11-14,152.0,152.1699981689453,149.7100067138672,150.27000427246094,752911
2025-11-17,153.0,153.60000610351562,151.39999389648438,151.80999755859375,1792731
2025-11-18,151.85000610351562,157.1999969482422,151.10000610351562,151.9499969482422,5351670
2025-11-19,151.75,151.91000366210938,149.49000549316406,149.91000366210938,1031502
2025-11-20,149.99000549316406,151.11000061035156,147.5,148.17999267578125,959436
2025-11-21,147.5,147.99000549316406,146.0,146.3699951171875,621339
2025-11-24,146.1999969482422,146.3699951171875,143.47000122070312,144.36000061035156,789206
2025-11-25,144.49000549316406,144.69000244140625,138.27000427246094,139.52000427246094,2015451
2025-11-26,140.5,141.89999389648438,140.0,141.16000366210938,870525
2025-11-27,141.89999389648438,142.8000030517578,141.50999450683594,142.5,551615
2025-11-28,142.0,142.27999877929688,141.0,141.35000610351562,435305
2025-12-01,141.85000610351562,142.99000549316406,139.0,139.8000030517578,1416520
2025-12-02,139.47000122070312,139.67999267578125,137.5500030517578,138.08999633789062,717577
2025-12-03,137.9600067138672,138.69000244140625,134.5,135.8300018310547,829651
2025-12-04,135.2100067138672,136.5399932861328,134.60000610351562,135.49000549316406,637033
2025-12-05,135.75,144.8000030517578,134.92999267578125,141.99000549316406,7041304
2025-12-08,142.36000061035156,142.36000061035156,134.5399932861328,136.7100067138672,1809164
2025-12-09,134.5,141.0,132.77999877929688,139.1699981689453,1793571
2025-12-10,138.75999450683594,142.8699951171875,138.4600067138672,140.25999450683594,1576199
2025-12-11,140.0,140.14999389648438,137.6999969482422,138.50999450683594,578767
2025-12-12,139.00999450683594,139.88999938964844,137.1999969482422,138.19000244140625,908510
2025-12-15,138.74000549316406,141.38999938964844,137.64999389648438,140.52000427246094,1121075
2025-12-16,141.0,145.60000610351562,140.3300018310547,142.0500030517578,3525902
2025-12-17,141.5,142.1199951171875,138.22000122070312,138.72999572753906,840624
2025-12-18,138.9199981689453,139.1199951171875,136.63999938964844,137.69000244140625,634549
2025-12-19,138.5,138.99000549316406,137.05999755859375,138.60000610351562,724170
2025-12-22,139.88999938964844,140.82000732421875,139.22000122070312,140.63999938964844,324678
2025-12-23,140.89999389648438,144.25,139.89999389648438,142.60000610351562,1991278
2025-12-24,142.6999969482422,143.5,140.8800048828125,141.17999267578125,581720
2025-12-26,141.24000549316406,144.36000061035156,140.39999389648438,141.88999938964844,1262187
2025-12-29,382.8999938964844,387.7000122070313,370.2999877929688,372.3500061035156,3203376
2025-12-30,143.6999969482422,148.75999450683594,142.3000030517578,145.47000122070312,5559161
2025-12-31,146.0,147.8000030517578,145.41000366210938,146.24000549316406,1550965
2026-01-01,147.0,147.19000244140625,145.00999450683594,146.07000732421875,595862
2026-01-02,147.0,149.8000030517578,146.39999389648438,149.19000244140625,2250214
2026-01-05,149.1999969482422,150.9499969482422,146.72000122070312,147.41000366210938,1509198
2026-01-06,147.5,147.86000061035156,143.39999389648438,144.02000427246094,1257917
2026-01-07,143.99000549316406,145.25999450683594,143.5,144.6999969482422,733921
2026-01-08,144.6999969482422,147.38999938964844,141.3000030517578,141.8000030517578,1924138
2026-01-09,141.39999389648438,142.3000030517578,136.5,137.47999572753906,1384790
2026-01-12,137.5,137.88999938964844,133.6999969482422,136.6999969482422,1394073
2026-01-13,137.5,139.41000366210938,136.3000030517578,137.49000549316406,809813
2026-01-14,137.49000549316406,141.14999389648438,137.1300048828125,137.9600067138672,1137048
2026-01-16,138.39999389648438,139.2100067138672,136.0,136.9600067138672,724863
2026-01-19,135.60000610351562,136.72999572753906,134.6999969482422,135.10000610351562,719078
2026-01-20,135.10000610351562,135.4499969482422,130.35000610351562,131.02000427246094,955647
2026-01-21,130.0500030517578,131.25,126.25,127.51000213623048,1704260
2026-01-22,128.77999877929688,131.36000061035156,128.77999877929688,131.00999450683594,874242
2026-01-23,131.89999389648438,132.77999877929688,127.79000091552734,128.6999969482422,883755
2026-01-27,128.8300018310547,131.5500030517578,126.12999725341795,130.3000030517578,1068899
2026-01-28,131.0,135.97000122070312,131.0,135.17999267578125,1361897
2026-01-29,136.0,136.0800018310547,133.5500030517578,135.25999450683594,1138380
2026-01-30,135.1300048828125,138.25,130.9600067138672,137.2899932861328,2791363
2026-02-02,135.1300048828125,138.17999267578125,130.8000030517578,135.0500030517578,1797771
2026-02-03,139.4499969482422,139.88999938964844,134.89999389648438,135.36000061035156,1086232
2026-02-04,134.9600067138672,136.97000122070312,134.30999755859375,136.4199981689453,967345
2026-02-05,135.9499969482422,136.3300018310547,134.0,134.72000122070312,673652
2026-02-06,134.0,134.25999450683594,132.0,132.97999572753906,768653
2026-02-09,134.0,137.89999389648438,133.39999389648438,137.0500030517578,1153966
2026-02-10,137.11000061035156,138.6999969482422,136.44000244140625,136.8000030517578,686296
2026-02-11,136.85000610351562,137.32000732421875,135.02999877929688,135.8800048828125,517379
2026-02-12,135.8000030517578,136.35000610351562,133.2100067138672,134.4199981689453,1650352
2026-02-13,132.60000610351562,133.08999633789062,129.8000030517578,130.5800018310547,1179504
2026-02-16,130.64999389648438,133.5800018310547,130.50999450683594,131.7100067138672,1175100
2026-02-17,131.7100067138672,136.64999389648438,131.1999969482422,136.05999755859375,1675296
2026-02-18,136.0,136.4499969482422,134.50999450683594,135.0399932861328,618291
2026-02-19,134.37275775048343,134.37275775048343,130.10539258002143,130.80999755859375,596374
2026-02-20,130.61000061035156,132.0,129.32000732421875,130.0,698103
2026-02-23,130.64999389648438,131.3000030517578,128.24000549316406,129.24000549316406,679882
2026-02-24,1218.9000244140625,1218.9000244140625,1195.300048828125,1199.0999755859375,42489
2026-02-25,1199.0,1213.4000244140625,1199.0,1210.5,45346
2026-02-26,129.0,129.63999938964844,127.3000030517578,127.87000274658205,500948
2026-02-27,127.44000244140624,127.44000244140624,125.51000213623048,126.77999877929688,622561
2026-03-02,121.13999938964844,124.13999938964844,120.0500030517578,121.51000213623048,1056416
2026-03-04,119.0,119.4800033569336,115.5,115.9499969482422,1200032
2026-03-05,116.5,116.9800033569336,111.75,114.20999908447266,2302314
2026-03-06,113.4000015258789,117.69000244140624,112.16999816894533,114.12000274658205,1335827
2026-03-09,110.0,111.48999786376952,108.45999908447266,109.9499969482422,1332379
2026-03-10,111.4000015258789,130.39999389648438,110.81999969482422,127.68000030517578,68573618
2026-03-11,128.8000030517578,130.6999969482422,121.1999969482422,123.0199966430664,24301442
2026-03-12,120.8000030517578,122.25,117.55999755859376,120.66999816894533,4982653
2026-03-13,119.0,127.4000015258789,118.8000030517578,121.4000015258789,11848956
2026-03-16,120.8000030517578,120.8000030517578,113.41000366210938,116.31999969482422,4356328
2026-03-17,116.6999969482422,119.23999786376952,114.43000030517578,117.4000015258789,2574232
2026-03-18,118.0,122.0,117.4499969482422,120.62999725341795,2293304
2026-03-19,118.0,119.08999633789062,115.3000030517578,115.70999908447266,1300560
2026-03-20,117.4000015258789,118.8000030517578,116.1999969482422,116.61000061035156,1290673
2026-03-23,115.0999984741211,115.3000030517578,109.5500030517578,110.04000091552734,2032306
2026-03-24,112.5,115.16999816894533,110.95999908447266,113.9800033569336,2188781
2026-03-25,115.0500030517578,117.1999969482422,114.1500015258789,115.23999786376952,1953536
2026-03-27,114.1999969482422,119.08999633789062,111.5999984741211,112.08000183105467,4581939
2026-03-30,110.5,113.01000213623048,106.0,106.66999816894533,2762799
2026-04-01,111.0,116.8000030517578,109.70999908447266,115.79000091552734,2622099
2026-04-02,112.41000366210938,115.4499969482422,110.41000366210938,114.93000030517578,2025924
2026-04-06,116.5999984741211,118.0,113.2300033569336,117.30999755859376,2552092
2026-04-07,116.98999786376952,119.6999969482422,115.62000274658205,117.61000061035156,1545495
2026-04-08,121.5199966430664,128.1300048828125,120.61000061035156,125.51000213623048,4987279
2026-04-09,125.8000030517578,131.42999267578125,125.8000030517578,127.86000061035156,6657544
2026-04-10,128.60000610351562,129.75999450683594,127.16000366210938,128.1999969482422,2034657
2026-04-13,124.8000030517578,127.81999969482422,122.58999633789062,126.20999908447266,1592130
2026-04-15,129.0,129.6999969482422,127.3000030517578,128.49000549316406,2082934
2026-04-16,129.3000030517578,130.88999938964844,127.5,128.7100067138672,1996112
2026-04-17,129.0,135.1999969482422,129.0,131.77000427246094,4759398
2026-04-20,131.77000427246094,133.38999938964844,129.17999267578125,130.33999633789062,1825509
2026-04-21,130.60000610351562,134.89999389648438,130.33999633789062,130.80999755859375,2598553
2026-04-22,131.39999389648438,133.5399932861328,130.5,132.77999877929688,1400056
2026-04-23,132.5,133.89999389648438,129.80999755859375,130.42999267578125,1031647
2026-04-24,130.6999969482422,131.55999755859375,127.30999755859376,128.10000610351562,843580
2026-04-27,129.89999389648438,131.57000732421875,128.60000610351562,130.8000030517578,875894
2026-04-28,131.0,132.83999633789062,129.67999267578125,130.25999450683594,1010544
2026-04-29,130.60000610351562,133.89999389648438,130.02999877929688,130.89999389648438,1608391
