Date,Open,High,Low,Close,Volume
2009-12-03,13.790843428687218,14.141457185356392,11.842983528258287,13.549307823181152,106560
2009-12-04,13.40127452340784,13.790846439947616,13.362316440094508,13.541519165039062,26780
2009-12-07,13.642805181328317,13.868756061947648,13.557098906214838,13.740198135375977,42460
2009-12-08,13.409063735597396,14.803731814617768,13.409063735597396,14.051857948303224,235200
2009-12-09,14.336243554516187,14.718023783105576,14.02458637669818,14.238850593566896,332910
2009-12-10,14.102500248665182,14.492072070528316,13.884339493426344,14.07912540435791,42080
2009-12-11,14.375202600241536,14.406367577076262,13.87654959599719,13.98952579498291,48930
2009-12-14,13.868759401784493,14.13756497079213,13.798636339095449,13.80642795562744,52220
2009-12-15,13.790845159064478,14.29728830630835,13.72072210171238,13.728513717651367,47870
2009-12-16,13.712931118229816,13.946673662784765,13.253236159319412,13.635016441345217,38550
2009-12-17,13.327252817627844,13.70513799294741,13.327252817627844,13.66228485107422,11910
2009-12-18,13.82200840243402,14.024585933133334,13.358418457973166,13.549307823181152,53410
2009-12-21,13.732409677043757,13.79084605734307,13.409064281958948,13.631121635437012,43660
2009-12-22,13.576580131164024,14.64011272676166,13.576580131164024,14.32845401763916,193250
2009-12-23,14.359619853652656,15.115388772124293,14.26612194779386,14.729713439941406,275480
2009-12-24,14.795938157140084,15.738702773298469,14.795938157140084,15.220571517944336,546670
2009-12-29,15.504959565778355,17.569690104586,15.349131715095885,16.89573097229004,2130710
2009-12-30,16.907422085434614,17.29699400919026,16.439935479708048,16.541223526000977,307820
2009-12-31,16.75159125391306,16.860670907456683,16.034778917557478,16.128276824951172,195890
2010-01-04,16.33085457033402,19.229270676743702,16.128278474773253,18.944883346557617,3415140
2010-01-05,19.081229248072013,19.377304689598567,18.01380319934921,18.12288284301757,836670
2010-01-06,18.309879776367296,19.08902359663825,18.130677054368714,18.492979049682617,388380
2010-01-07,18.695558436291343,18.85528287550933,17.998224292786357,18.18132209777832,171730
2010-01-08,17.85797357899259,18.582577454341685,17.85797357899259,18.14625740051269,112530
2010-01-11,18.38779270123524,18.543620558762555,17.764476812829695,17.881349563598633,209580
2010-01-12,17.70604097164439,18.231962377435355,16.67367496934518,17.21907615661621,673940
2010-01-13,17.296992572465246,17.842392328761715,17.25803449166625,17.5229434967041,149640
2010-01-14,17.826806217056596,18.543618440891485,17.495670757293695,18.29039764404297,242120
2010-01-15,18.61374765421812,18.9331965404874,18.006016351607823,18.566999435424805,295170
2010-01-18,18.691655836595807,18.691655836595807,17.92419887189447,17.986530303955078,91440
2010-01-19,17.99822210818988,18.1540499767987,17.53073553016569,17.60865020751953,45160
2010-01-20,18.130673420724243,18.130673420724243,16.91131317026963,17.152847290039062,109930
2010-01-21,17.29699278430217,18.27092252472237,16.36201963905925,16.80613136291504,167880
2010-01-22,16.74379797678377,17.59306473080782,15.898427773484777,17.429445266723633,157640
2010-01-25,17.141162485673252,17.6592937923176,16.7593822268242,17.17232894897461,86000
2010-01-27,17.063243980734164,17.990425250301318,16.050357928537007,16.233455657958984,343710
2010-01-28,17.141162241853184,17.141162241853184,14.842687619528826,15.150449752807615,215410
2010-01-29,14.88164675822016,15.972447772277905,14.49207486133533,15.79714012145996,217330
2010-02-01,15.738704904156574,16.75159122073844,15.427046204194012,16.011404037475586,113360
2010-02-02,16.01140270061249,17.063247009915933,16.01140270061249,16.291894912719727,176230
2010-02-03,16.615241136357497,17.452819779636656,16.615241136357497,16.856775283813477,263220
2010-02-04,17.051562374273082,17.296993089294247,16.284105249738026,16.697052001953125,246780
2010-02-05,15.61014307925374,15.894530336276125,15.2712160039118,15.493271827697754,256250
2010-02-06,16.128276250514748,16.128276250514748,15.668581318241127,15.789347648620604,7000
2010-02-08,16.030887039883694,16.116591862094438,15.294594773774548,15.9412841796875,53060
2010-02-09,15.816617561035246,16.093214722253244,15.34913249901353,15.789347648620604,26760
2010-02-10,16.050361725388033,16.050361725388033,15.699746439556495,15.734807968139648,38130
2010-02-11,16.186713776290606,16.186713776290606,14.289498848523586,15.668583869934082,78100
2010-02-15,15.742599578692596,15.8906373088931,15.310174555014006,15.341341018676758,16580
2010-02-16,15.582874512990651,15.590666128578992,15.037473310596493,15.376401901245115,56300
2010-02-17,15.816618359960364,15.972447712571327,15.512752757077712,15.614042282104492,41750
2010-02-18,16.038675204333522,16.510058356124063,13.79084653772837,15.758184432983398,161280
2010-02-19,15.037473520970051,15.734807521845743,15.037473520970051,15.504960060119627,22870
2010-02-22,15.58287473099435,15.8555753360065,15.154346270331502,15.504960060119627,60660
2010-02-23,15.282907641494951,15.42704884897467,15.193306270029233,15.228367805480955,21820
2010-02-24,14.807627178946168,15.279010304638172,14.807627178946168,15.240052223205566,15730
2010-02-25,15.56339757547826,15.894533093342094,15.282905334210833,15.345236778259276,68250
2010-02-26,15.279010187504388,15.972447684601304,14.803732000362183,15.41146469116211,37000
2010-03-02,15.349132158308729,15.738704025412009,15.349132158308729,15.551708221435549,34760
2010-03-03,15.855572907583124,16.167230057250173,15.855572907583124,16.003610610961914,92630
2010-03-04,16.482786691686346,16.739904071699165,16.050361669369615,16.252939224243164,204210
2010-03-05,16.28410676951794,17.047667414069632,16.28410676951794,16.42045783996582,222200
2010-03-08,16.87625613601725,17.429449057495223,16.673678551116794,17.10999870300293,264570
2010-03-09,16.83729507488672,17.29698995608871,16.829503459905496,17.04766273498535,136000
2010-03-10,17.059352930134782,17.141162668023004,16.362018910385594,16.455516815185547,91940
2010-03-11,16.36201801268689,16.7126332788268,16.167232083964425,16.49447250366211,74300
2010-03-12,16.673673480534188,16.673673480534188,16.167230415345486,16.373703002929688,23130
2010-03-15,19.24485122052204,19.24485122052204,15.894532203674316,15.894532203674316,81000
2010-03-16,16.284104689142232,16.502265482328305,15.754286681475216,16.128276824951172,21000
2010-03-17,16.35812515497055,16.35812515497055,15.520544954021416,15.567293167114258,188510
2010-03-18,15.430943106978209,16.050362483817565,15.185512395298767,15.240052223205566,181020
2010-03-19,15.282904569851862,15.282904569851862,14.80762640394124,14.936185836791992,283470
2010-03-22,14.569989090983112,14.784253330477227,14.492074416776488,14.519344329833984,168160
2010-03-23,14.585570421255076,14.71802491780173,14.125875491246028,14.184311866760254,185050
2010-03-25,14.18431194811322,15.240051375587935,14.125875572263835,14.897229194641112,440310
2010-03-26,14.905017104418798,15.504958060867745,14.492071928396928,14.59335994720459,842540
2010-03-29,14.803732418180257,15.193304323921842,14.729714291084951,14.82321071624756,148560
2010-03-30,15.033576364421492,15.115386088712633,14.733605889255443,14.753084182739258,87220
2010-03-31,14.86606336170505,15.037474459448086,14.67517248045356,14.80373191833496,97000
2010-04-01,15.107598549501477,16.848985503701602,14.959562290211633,16.556806564331055,3560950
2010-04-05,16.985332483694968,19.143560942488588,16.774964808951257,17.896930694580078,7785090
2010-04-06,18.18521263102672,18.259230741646203,17.242448056212286,17.390485763549805,3079030
2010-04-07,17.374905346681487,18.32546169007923,17.374905346681487,17.744998931884766,1423120
2010-04-08,17.296992190168986,18.231963817197787,17.296992190168986,17.554109573364258,948700
2010-04-09,17.569689868555816,18.056654681831738,17.374903943245446,17.62033462524414,1221390
2010-04-12,18.699449759346383,18.699449759346383,17.608648820604262,17.68656349182129,1137220
2010-04-13,17.951472317490396,18.25533789773844,17.632022019823534,17.682666778564453,912710
2010-04-15,17.95926376459861,20.881052977023472,17.807330963328333,20.035682678222656,12612260
2010-04-16,20.14086464883334,21.02129636312492,19.673378138423352,20.472000122070312,4448070
2010-04-19,19.86816498426249,21.22387488720973,19.36172186031476,20.72132682800293,5325400
2010-04-20,20.951174704378985,24.445634855720417,20.814825144244743,23.946983337402344,29754740
2010-04-21,23.374312429819334,24.698857395281934,22.77047632260209,23.826215744018555,12711080
2010-04-22,23.82621635787949,23.91971426389111,22.988636213125297,23.502872467041016,3615880
2010-04-23,23.60805414717497,25.462417035002204,22.828910426329607,25.18192481994629,10430950
2010-04-26,25.3611277998798,26.24156104639864,24.776770002775663,25.571496963500977,6408200
2010-04-27,25.40397831282011,26.525944097117023,24.605356370008515,25.80523681640625,4786470
2010-04-28,25.275425272039044,25.859783156025564,23.226277612743186,23.36652374267578,3244390
2010-04-29,23.452226493380387,24.679376972450488,23.00032319090496,23.756092071533203,2920010
2010-04-30,24.504074219878326,24.77677337341265,23.841801662511543,24.188520431518555,1537700
2010-05-03,23.382103656038097,24.733918511257148,23.382103656038097,23.63532447814941,1150790
2010-05-04,23.76388168198884,24.309282839621467,22.81722201412992,23.054861068725582,1270080
2010-05-05,22.591273401856085,22.906825665546087,20.958966314970763,22.112098693847656,1893930
2010-05-06,22.509458914717253,22.67307984920384,21.12647927362865,21.368013381958008,968760
2010-05-07,19.28380964076916,21.348540476803443,18.699451772867057,19.591571807861328,2394570
2010-05-10,20.257737643550293,23.1951099585288,20.242154411776163,22.81332969665528,5926100
2010-05-11,22.976947552814195,23.756091253429524,21.893938284510465,22.18611717224121,5797620
2010-05-12,22.43933910917597,22.965262025138703,20.966757916677807,21.71863174438477,2422330
2010-05-13,22.20559714817559,22.88734793781256,21.73811059520477,22.084829330444336,2842900
2010-05-14,21.745900911457746,22.361425158069714,21.03688025149883,21.26283264160156,1230960
2010-05-17,19.868165339703133,21.738110015631914,19.868165339703133,21.10310745239257,1410890
2010-05-18,21.11479620320823,22.11989088131233,20.736911003877857,21.192710876464844,1194080
2010-05-19,20.647309078789387,21.184918674684383,20.25773720937827,20.296693801879883,811230
2010-05-20,20.41356885813152,21.09921477188345,19.653903329724724,19.891542434692383,1187330
2010-05-21,19.089021979268697,19.634423201687312,18.8241129839338,19.373409271240234,718010
2010-05-24,20.086323920702903,20.87325918901008,19.73181361783121,19.90711975097656,934130
2010-05-25,19.478593763779365,19.634423108329106,17.998220934951885,18.267024993896484,1090290
2010-05-26,18.62153573972401,19.57988221676075,18.54362106578064,19.15914535522461,1096810
2010-05-27,18.804638152240805,19.985040681887867,18.309881598792607,19.291603088378903,1643190
2010-05-28,19.94622280114765,20.415498737923595,19.745103468010964,19.88706970214844,931420
2010-05-31,19.91467035397944,20.42732493351381,19.638625117514625,19.792421340942383,625880
2010-06-01,19.72538441590998,20.28536061535016,18.849927057225333,19.05104637145996,596870
2010-06-02,19.32314784995036,20.06846902632776,18.55416513464841,19.69778060913086,509850
2010-06-03,20.032978462773187,21.018853401928617,20.032978462773187,20.245927810668945,1385750
2010-06-04,20.301133774575263,20.723088070156784,20.127620350704312,20.26958656311035,741180
2010-06-07,19.63862829934169,19.91467358053104,19.094424916919927,19.63074111938477,545270
2010-06-08,19.78848122991609,19.95410749201709,19.10231163356375,19.200899124145508,222620
2010-06-09,19.45722565667912,19.559755976840943,18.45557647085124,18.573881149291992,928860
2010-06-10,18.84203910713577,19.2758249311914,18.6921872173821,18.98006248474121,858740
2010-06-11,19.125972918163185,19.32314789670095,18.47135204959084,18.54627799987793,469820
2010-06-14,18.92879592959729,19.5991910863023,18.672467882987107,19.303428649902344,1131540
2010-06-15,19.378356667762045,19.559757287144897,19.015555428996343,19.212730407714844,274220
2010-06-16,19.24427593780326,20.190716354549963,19.24427593780326,19.512434005737305,1054600
2010-06-17,19.338920528535976,22.769765149491448,19.338920528535976,22.079652786254883,10348740
2010-06-18,21.83909766504596,21.83909766504596,20.91237450670832,21.050397872924805,2092570
2010-06-21,21.29489900370197,22.16246926397721,21.074062472476665,21.47235679626465,2028000
2010-06-22,21.45263725037988,21.49207164248905,20.829563625640585,20.90843391418457,514340
2010-06-23,20.67971134762525,21.67347342670917,20.50619790689341,21.18842315673828,1005220
2010-06-24,21.318557586664628,21.92585533071469,21.137155477029616,21.2712345123291,782060
2010-06-25,21.21602400549484,21.594599542860177,20.84533564653196,21.00701904296875,303850
2010-06-28,20.979418081933524,22.39119015036508,20.979418081933524,21.81149673461914,1170920
2010-06-29,21.894310479284098,22.30049046633876,21.018853065924745,21.30672836303711,853870
2010-06-30,20.66393706586954,21.75234221772628,20.13156375436982,21.22785758972168,1993890
2010-07-01,21.14504080385332,21.689244076436857,20.9439230206841,21.13715362548828,372030
2010-07-02,21.27912066530392,21.823323959316248,20.91631947217937,21.074058532714844,612110
2010-07-05,21.294894479183984,21.43686068307062,20.82167430100369,20.955753326416016,222070
2010-07-06,21.24363274037435,22.067824248620774,21.15687676878183,21.476299285888672,1184110
2010-07-07,21.681361957266464,21.831215372518404,21.14110289996248,21.20419883728028,524950
2010-07-08,21.61037944949958,21.878537566747983,21.31461695291612,21.36588287353516,519340
2010-07-09,21.45263410366352,21.64980904393864,21.02279267369073,21.11349296569824,245470
2010-07-12,21.271232248278256,21.492068725362067,20.75069052059717,20.92814826965332,529320
2010-07-13,20.979414626366,21.515730721995688,20.924205881990964,21.141098022460938,457060
2010-07-14,21.21602741175993,21.4526382888456,20.84139465128524,20.967586517333984,298650
2010-07-15,20.74280401187485,21.29489447024092,20.58506495543132,20.644216537475582,573070
2010-07-16,20.868997745035976,21.01885114087872,20.51802654514361,20.60478401184082,241110
2010-07-19,20.42732503390803,20.892658047980564,20.3563419297732,20.458873748779297,148880
2010-07-20,20.5929518110678,21.255459748990795,20.5929518110678,20.924205780029297,582410
2010-07-21,21.074057614012624,21.57093931863581,20.987301661014083,21.23179817199707,1041560
2010-07-22,21.29489424017009,21.6024866755884,21.058284905898383,21.141098022460938,291890
2010-07-23,21.1805324100644,21.71684850569409,21.066170579958712,21.141098022460938,937370
2010-07-26,20.90449190576156,21.37376934760046,20.387894391570235,20.454933166503903,240370
2010-07-27,20.703373318394508,20.857169565210462,20.51408551428828,20.5614070892334,183380
2010-07-28,20.6599935629014,20.97941756276959,20.36423110150237,20.502254486083984,464660
2010-07-29,20.42732340416513,20.77435171843467,20.19071407881,20.31296157836914,196750
2010-07-30,20.478594690344647,20.537747789388654,20.198606564098053,20.277475357055664,236830
2010-08-02,20.49830749748698,20.900544573572915,20.36028563505207,20.470703125,450880
2010-08-03,20.50619774872621,20.663938333139004,20.159169365613497,20.22620964050293,162470
2010-08-04,20.040867164035763,20.900550296580818,20.032979983404736,20.565353393554688,411630
2010-08-05,20.58506838101324,21.910084498128683,20.42732779399446,21.27518081665039,3523380
2010-08-06,21.48812769168186,21.80755016246316,20.85322408307009,21.01885032653809,1061160
2010-08-09,21.200248721506,22.61990918102596,21.07011404437044,21.78388786315918,2818050
2010-08-10,22.00867456603732,22.00867456603732,21.01885520002684,21.081951141357425,433950
2010-08-11,21.28306685718952,21.45263745264389,20.71520197777928,20.85716819763184,363760
2010-08-12,20.7901274288457,21.33432921347597,20.70336996854573,20.81378746032715,257200
2010-08-13,20.979418297708804,21.216027673386527,20.49831086226162,20.56929397583008,269040
2010-08-16,20.510137366680464,20.82167414461112,20.27352803153024,20.387889862060547,156410
2010-08-17,20.56140539573951,20.58506693342612,20.19071699793644,20.336626052856445,125600
2010-08-18,20.352399826049805,20.813788515228488,20.20649077532564,20.352399826049805,321700
2010-08-19,20.56140820588311,21.014911295407103,20.46676505085298,20.628448486328125,329640
2010-08-20,20.42732624101726,20.916320820139333,20.42732624101726,20.60478401184082,189400
2010-08-23,20.427326531195654,20.89660392118708,20.427326531195654,20.59689712524414,225350
2010-08-24,20.59294907137216,21.452631840629973,20.51407880271704,20.675762176513672,517900
2010-08-25,20.5061971086595,20.817733925771524,19.599192537410847,19.71355438232422,442240
2010-08-26,19.91073098342163,20.03297851341745,19.331036036348497,19.405961990356445,178080
2010-08-27,19.323148613726847,20.190718852351164,18.968233037458702,19.10231208801269,327880
2010-08-30,19.528209205254672,19.559756418198774,18.84992682721164,18.924854278564453,171760
2010-08-31,19.007667074891696,19.09442303722592,18.47529376265036,18.617259979248047,103630
2010-09-01,18.88936288554786,20.03297681850719,18.692187913900497,19.70960998535156,549090
2010-09-02,19.73326990636072,20.190715742921792,19.449337489072622,19.70172119140625,120010
2010-09-03,19.92650411368658,20.49436905066649,19.638628807279066,20.277475357055664,508710
2010-09-06,20.214374266012488,20.742803167453687,19.591302235423104,20.36028480529785,761420
2010-09-07,20.3997263117616,21.25546663563585,20.3997263117616,20.809850692749023,656270
2010-09-08,20.66393981836192,21.61037887988696,20.58506952048671,21.030685424804688,768610
2010-09-09,21.322501455335846,22.063879774869243,21.101664944065607,21.294897079467773,1336660
2010-09-13,21.73656674708776,21.73656674708776,20.908432532899464,21.20025062561035,914510
2010-09-14,21.21602653819503,21.507846156620705,20.66393752304536,21.34221839904785,318840
2010-09-15,21.590660189299303,22.556817886763227,21.57094299227468,21.985010147094727,3523830
2010-09-16,22.091483902172744,23.81873706706195,21.846987359666944,22.84469223022461,7792950
2010-09-17,23.0063751376061,23.93704121962048,22.955109225135647,23.07735824584961,6730240
2010-09-20,23.262702113017724,23.73197796960981,22.95116531959477,23.01426124572754,1322560
2010-09-21,21.84698886902293,23.298196874272183,19.2994869277803,22.14669418334961,1320530
2010-09-22,22.37146978266273,22.39907415548473,21.298837566749143,21.56699562072754,615430
2010-09-23,21.48023797147309,22.28076772884206,21.373763325701177,21.653751373291016,854080
2010-09-24,21.846985986232173,22.241335902919936,21.531504849421527,21.63797950744629,412780
2010-09-27,21.84698694535281,22.067821945624644,21.32250081105597,21.44474983215332,305300
2010-09-28,21.38165448679878,22.08359690710468,21.338275752182003,21.42897605895996,604800
2010-09-29,21.78783625695964,21.78783625695964,21.21602848871726,21.34616470336914,264870
2010-09-30,21.452637827292712,21.996839673797275,20.98730476712748,21.0661735534668,1034260
2010-10-01,21.53150527979496,22.15457888269192,21.43686214032046,21.850929260253903,1519340
2010-10-04,21.96529301765515,22.012614591525008,21.38559809652799,21.49995994567871,255960
2010-10-05,21.499957150565,21.752340850827235,21.377708137608067,21.55910873413086,194020
2010-10-06,21.559111669375024,21.84698846502653,21.499960077755755,21.582773208618164,348220
2010-10-07,21.84698734678477,21.84698734678477,21.14504342842461,21.34221839904785,267910
2010-10-08,21.137159773708103,21.50784974306086,20.74280976670365,20.821680068969727,347650
2010-10-11,20.663938013509203,21.689247283355748,20.663938013509203,21.24757575988769,840180
2010-10-12,21.05828896545601,21.51179052762244,21.05828896545601,21.30672836303711,286990
2010-10-13,21.294896090703247,21.858816607525327,21.137155517930765,21.448692321777344,451110
2010-10-14,21.586718269730685,22.23739482517167,21.2988414644897,21.965293884277344,934870
2010-10-15,22.162468565630068,23.455935982972324,21.610378007126265,22.32415199279785,2917310
2010-10-18,22.430622290014405,22.588361344302417,21.57093940465446,22.20584297180176,504810
2010-10-19,22.55681512049789,22.67511979246303,21.846985584381542,22.08753776550293,357340
2010-10-20,22.05599594357123,22.30049252594302,21.38165779472718,21.48813247680664,1784570
2010-10-21,21.720797684987307,22.24133953978726,21.689248964417228,21.82332801818848,311670
2010-10-22,22.00078547492084,22.154581724539064,21.37376895425178,21.476299285888672,261330
2010-10-25,21.898249266701235,22.32020353552234,21.70107431849229,21.84698486328125,389000
2010-10-26,21.850929510954003,22.201900707156025,21.72868049137749,21.803607940673828,255250
2010-10-27,22.067821829581256,22.067821829581256,21.393483807024705,21.57488441467285,126390
2010-10-28,21.57882863420561,22.04416167158984,21.00307659356583,21.18053436279297,271370
2010-10-29,21.448689997334405,21.519673096956865,20.65210304937992,20.92814826965332,292580
2010-11-01,21.29489135556029,21.45263189325751,20.585061944573336,20.71519660949707,485120
2010-11-02,20.97942034243901,21.10955506044744,20.66788348078344,20.790132522583008,208730
2010-11-03,20.75069314240785,21.32644519034914,20.75069314240785,20.959699630737305,189020
2010-11-04,21.25940584681172,21.68924735455687,21.15293117927936,21.464468002319336,235170
2010-11-08,21.70896612352981,22.51738328261033,21.63009582657239,22.31232261657715,428030
2010-11-09,22.485833430141657,26.18483623440193,22.485833430141657,25.14375114440918,13438150
2010-11-10,25.42768752219244,29.548643526751857,25.28572129155896,29.09514045715332,18859180
2010-11-11,29.4500544448702,30.16777123495041,27.09184041537728,27.900259017944336,8485120
2010-11-12,27.80166920029403,29.52892075685748,26.902551869243165,27.963354110717773,7416290
2010-11-15,27.683367721246743,28.75994450323652,27.4467583321676,28.15658950805664,2538040
2010-11-16,27.998850158853724,28.5509407637164,25.33698764375143,25.61697578430176,1886330
2010-11-18,25.92456081282412,26.71326058937557,24.055343184819414,25.084596633911133,1757550
2010-11-19,25.23839467912051,26.73692556665373,24.339277350061018,24.867706298828125,3913310
2010-11-22,25.13586704205277,26.42144724615647,24.847990248250703,26.16511917114257,1909310
2010-11-23,25.86935559865686,27.103672842901183,24.686305772419644,26.20061111450196,1921040
2010-11-24,26.34652200118653,26.97354005292816,24.859823855241576,25.273889541625977,769260
2010-11-25,25.632744441083872,26.00343432346174,24.765174328366697,24.95840644836425,568950
2010-11-26,25.451348589743308,25.475008626257743,21.697136522994388,22.77765464782715,1290900
2010-11-29,22.87623777940496,25.230507240182508,22.39907474595968,25.08854103088379,1921110
2010-11-30,24.84404350416916,26.220323801898484,24.765173223925743,25.340925216674805,1179090
2010-12-01,25.569650517638188,26.78424914289647,25.24628366376049,26.153289794921875,1001340
2010-12-02,26.342575786312537,27.40731936389551,26.14540082686005,26.445104598999023,972850
2010-12-03,26.6541108555785,28.00278992962321,24.930803552681738,27.746461868286133,3164160
2010-12-06,29.97059656325195,29.97059656325195,27.691254306009903,28.0303955078125,4545660
2010-12-07,28.03039348829562,28.06588353751616,24.97812439630601,25.37641716003418,1921610
2010-12-08,25.39613378084625,26.090190436859263,23.83056421994206,24.49701499938965,1344370
2010-12-09,24.76517945374606,24.989958831172736,21.003080129985065,21.405317306518555,2159990
2010-12-10,21.59460330637692,23.266647810966656,20.58506836412717,22.679065704345703,1264550
2010-12-13,23.266645790811666,24.055345648127314,22.824974291926065,23.787187576293945,938110
2010-12-14,24.21309022250952,24.836162430501627,23.89760902398983,24.575891494750977,917830
2010-12-15,24.68630729568115,24.844047883976373,23.057643017512785,23.294252395629883,665290
2010-12-16,23.34157463295416,23.93704394156197,22.87229870116005,23.672828674316406,494890
2010-12-20,23.424384477123027,23.97647343017673,22.962994315509984,23.302135467529297,344500
2010-12-21,22.79737274615663,23.972535498862,22.6356893155169,23.459880828857425,375960
2010-12-22,23.50325474922068,24.66264448265675,23.345515683017688,23.92520904541016,991560
2010-12-23,23.99224829587559,24.41814541130152,23.503253751456405,23.69254302978516,320710
2010-12-24,23.81085030149375,24.20914308740572,23.30608134468741,23.720149993896484,429180
2010-12-27,23.73986536269962,25.3803609612846,23.72409100494266,24.24857711791992,1699360
2010-12-28,24.36293875972928,25.08854270795101,24.05928912605939,24.4378662109375,569650
2010-12-29,24.56405536464531,25.09642712211997,24.29589731521832,24.540393829345703,562530
2010-12-30,24.13421526391753,25.23839473260384,23.71620380960158,24.733627319335938,988990
2010-12-31,24.907141517317733,26.16906159411652,24.777006822673883,25.77865600585937,1382990
2011-01-03,26.57919079781232,27.072128301448853,26.18484079490309,26.68172264099121,990310
2011-01-04,26.80396317711056,27.202257418424743,25.97582898906548,26.12173652648925,339960
2011-01-05,26.1848338394814,26.3031370037385,25.001784145004688,25.10825729370117,452320
2011-01-06,25.37641977826912,26.011323465920043,24.85982228419534,25.23051071166992,601960
2011-01-07,25.392191589970857,25.396135931668024,24.146045879296,24.23280334472656,316430
2011-01-10,24.40237460851728,24.44180900062559,23.120737308763804,23.24692916870117,335840
2011-01-11,22.87229927074182,23.952818898194018,22.32020868661428,22.73822021484375,308340
2011-01-12,23.112851727506367,23.81873852706012,22.489778059701187,23.605789184570312,443160
2011-01-13,23.660996635575835,24.72179744318025,23.28242105044478,23.41650009155273,1014490
2011-01-14,23.1917190041993,23.897604207589826,22.77765039067639,22.87623786926269,272800
2011-01-17,22.915673675131394,23.42438542371773,22.08753795559712,22.347808837890625,234740
2011-01-18,22.58836374397368,23.18777582432767,22.438511852129395,22.631742477416992,397310
2011-01-19,22.83285912459836,23.05369409918424,22.43850923646592,22.564701080322266,266600
2011-01-20,22.24133680960178,24.055345898584463,22.24133680960178,23.07735824584961,599370
2011-01-21,23.179891816156587,23.321858052546485,22.639632753740205,22.77765464782715,177660
2011-01-24,22.56470173601726,24.37082349389768,22.56470173601726,24.00802230834961,1126210
2011-01-25,23.8305700200157,24.449699384072765,22.97482975932372,23.175949096679688,408610
2011-01-27,23.37706373175069,23.818736743318432,22.91173068678421,23.026092529296875,283610
2011-01-28,23.03003664348456,23.03003664348456,20.29719149284129,21.401371002197266,847270
2011-01-31,20.742804648351907,21.334329512897977,20.391833469413324,20.80590057373047,380510
2011-02-01,21.010962207592904,21.271233081630182,19.87523557778957,20.06846618652344,220610
2011-02-02,20.332686787414563,20.869001530265805,17.666879912757874,18.18742179870605,1461070
2011-02-03,18.376707774466407,19.14963484945666,18.34516055950344,18.932741165161133,691270
2011-02-04,18.696128893404094,19.31525812250155,17.828558803509893,18.07699966430664,344670
2011-02-07,18.013903585151283,18.534445333753204,17.03591601188932,17.197599411010742,347610
2011-02-08,17.24097992773742,17.81673048142195,16.010607026859415,16.452280044555664,382420
2011-02-09,16.326089454342593,16.641569131305697,14.61461051445127,15.07599925994873,430690
2011-02-10,15.044452859631086,15.296836614877522,14.275470071140584,14.815729141235352,376030
2011-02-11,14.6698172717899,17.509136986382387,14.59883416610067,17.13055992126465,842100
2011-02-14,16.957044518052047,17.97052357006401,16.957044518052047,17.670818328857422,317000
2011-02-15,17.670821096034143,17.800955792092733,16.874234048296962,17.158164978027344,606510
2011-02-16,17.162109299979292,17.86010886334406,16.80325092038419,17.469701766967773,237190
2011-02-17,17.49336526985513,18.282065226084303,17.355341874919556,18.002077102661133,259180
2011-02-18,17.82461820194207,18.45557752591364,17.03591829481477,17.095069885253906,274200
2011-02-21,17.181826630205087,17.19365664692776,16.65734199638296,17.028030395507812,90380
2011-02-22,16.779591709731157,16.834800467428764,16.404958919792747,16.669174194335938,122060
2011-02-23,16.570581812257693,17.11084071602236,16.404954083665558,16.468050003051758,103510
2011-02-24,16.519321888103512,16.56664346869353,14.82755996266965,15.458520889282228,416470
2011-02-25,15.616255991555525,15.773996558874485,15.127262940652717,15.237680435180664,95950
2011-02-28,14.985297733901728,16.71649373141564,14.054631633946254,15.923851013183594,1987400
2011-03-01,16.247220329178347,17.11479063155539,16.089479727173117,16.964937210083008,241290
2011-03-03,16.32608455163486,17.099009904167154,16.32608455163486,16.53508949279785,191330
2011-03-04,16.71649564435978,17.5327999939844,16.408903137059433,16.586360931396484,552590
2011-03-07,15.789774305945732,16.31820336427501,15.300779645748513,15.47035026550293,438220
2011-03-08,15.600484648601142,15.82920683859864,15.068111310603577,15.355986595153809,460430
2011-03-09,15.5176717914884,15.714846790131586,15.300779593846066,15.411198616027832,166080
2011-03-10,15.35598552279648,15.533443289736562,15.221906488255703,15.292889595031738,141480
2011-03-11,14.985299128915615,15.529502518492718,14.863050094464551,15.005016326904297,313340
2011-03-14,15.020790924052076,15.458519646206684,14.594892220012202,15.150925636291504,280440
2011-03-15,14.748688133267128,15.300777138269394,14.55151316626797,14.7841796875,207860
2011-03-16,14.965579790593486,15.30077662143952,14.8196707411538,14.878822326660156,319550
2011-03-17,14.630379598749812,15.679350194460266,14.630379598749812,15.016843795776367,937710
2011-03-18,15.182472738901328,15.217964293788668,14.827557190027925,14.949806213378906,193920
2011-03-21,14.98529659696686,15.198245909646094,14.788121641743611,14.981353759765623,130560
2011-03-22,14.985296448479032,15.497951026114528,14.914313344955984,15.072053909301758,179330
2011-03-23,15.024734003021218,15.931740182621738,15.024734003021218,15.632033348083496,1218730
2011-03-24,15.813433389923803,16.475941468024953,15.695128698332695,15.805547714233398,385650
2011-03-25,15.781882762926973,16.39706913228414,15.781882762926973,16.18806266784668,1662600
2011-03-28,16.097365795490962,16.69677793563946,15.182473977455302,15.6438627243042,1103750
2011-03-29,15.73850663624022,16.089477855327807,15.486122905854794,15.557106018066406,292480
2011-03-30,15.76216626489208,16.026379980517866,15.3402119847289,15.576821327209473,201430
2011-03-31,15.695128844406716,16.11708320108178,15.620202890044355,15.750337600708008,391550
2011-04-01,15.616259326642252,16.32609052684715,15.616259326642252,16.176237106323242,306510
2011-04-04,16.381295465968904,18.431915279247104,16.121024588027954,17.808841705322266,1439290
2011-04-05,17.745744531804863,20.06452223850515,17.430264929882302,19.52031898498535,1672790
2011-04-06,19.70961103769753,20.25381440971184,19.165407665683222,19.91073036193848,1197100
2011-04-07,20.03297335782887,23.144393632237104,20.00142615006438,22.53315162658692,3877720
2011-04-08,22.71456027379548,22.94328400468797,20.32085580187693,20.50620079040528,1464400
2011-04-11,20.427325301174857,20.49436556899068,19.50454643967416,19.614965438842773,322640
2011-04-13,19.244278550505182,21.44475214124235,19.16540825434753,21.1292724609375,1247710
2011-04-15,21.05829081653436,21.05829081653436,20.58112616837941,20.699432373046875,232210
2011-04-18,20.762522077184137,21.373764098958247,20.38788938502406,20.620555877685547,282040
2011-04-19,20.652106492049548,21.53150670138289,20.139451857126275,21.24757575988769,335930
2011-04-20,21.21602668783587,22.079654028025388,21.21602668783587,21.38954162597656,369500
2011-04-21,21.67347118726737,21.68530270777879,20.979415991728523,21.022794723510746,124960
2011-04-25,21.129269600577423,21.129269600577423,20.269586647922075,20.34845542907715,130380
2011-04-26,20.139449251271728,20.821674397028342,20.03297459786572,20.34056854248047,206490
2011-04-27,20.57323661289948,22.233451081474502,20.537746560787102,21.673473358154297,1529780
2011-04-28,21.91797464122952,22.320210334290923,20.916325238186094,21.1174430847168,646940
2011-04-29,21.13715733098955,22.067823480659627,20.52197235392512,21.582773208618164,413780
2011-05-02,21.531508113122573,21.6853058675766,20.8374528164519,21.1292724609375,117470
2011-05-03,20.8611133516824,21.290954865493383,20.13156502777485,20.265644073486328,166260
2011-05-04,20.12367668559596,20.25381288611833,19.484830212617283,19.63468360900879,121210
2011-05-05,19.83580003008588,20.021144967842744,18.84992526214597,18.95639991760254,114310
2011-05-06,19.015554635413643,19.204842426564703,17.99418822810382,18.3017807006836,275880
2011-05-09,18.530505969922768,19.153578147594,18.30178226255908,18.621206283569336,229640
2011-05-10,18.61331669771969,19.240333136515563,18.51472921680414,18.853870391845703,166270
2011-05-11,19.01555501396229,19.24427720203429,18.2189679368068,18.510786056518555,162590
2011-05-12,18.4437475366839,18.84992750808672,17.986301650028807,18.11249351501465,118860
2011-05-13,17.91532001900067,19.00766966285397,17.52885721249178,18.42797470092773,255050
2011-05-16,18.37670376800012,18.589653063794746,17.430264960566333,17.836444854736328,84000
2011-05-17,16.661283867476936,18.05728292415692,16.661283867476936,17.493362426757812,53750
2011-05-18,16.771701366095527,17.584062730737795,16.771701366095527,17.181825637817383,48410
2011-05-19,16.815082754422104,17.950811107761112,16.815082754422104,17.292245864868164,92240
2011-05-20,16.96099311846252,17.71420157074005,16.96099311846252,17.308021545410156,68040
2011-05-23,17.114787459089392,17.23309213650095,16.259047333972127,16.33003044128418,65610
2011-05-24,15.825264933826285,16.633682082521577,15.825264933826285,16.195953369140625,60050
2011-05-25,15.939628389269776,16.677064070064343,15.939628389269776,16.385244369506836,52600
2011-05-26,16.62185066002039,17.035917798329745,16.318201024106685,16.66522789001465,135640
2011-05-27,16.720438173892575,17.193656901719667,16.720438173892575,16.980709075927734,98140
2011-05-30,17.268585201424514,18.12432389710652,17.19365774585693,17.619556427001953,777510
2011-05-31,17.5485695010591,18.246568962856227,17.5485695010591,18.065168380737305,197330
2011-06-01,17.769409540443966,18.43980326148646,17.769409540443966,17.97841453552246,110690
2011-06-02,17.974468337530546,17.974468337530546,17.351394802105997,17.434207916259766,67210
2011-06-03,17.154218563451533,17.982352650991487,17.154218563451533,17.38294219970703,54200
2011-06-06,17.20943210537913,18.13615541891103,17.20943210537913,17.619556427001953,230950
2011-06-07,17.666877436596753,19.02738506322625,17.430268068628873,18.6882438659668,1232860
2011-06-08,18.877530809042696,19.003722666839145,18.108548141371745,18.22685432434082,189040
2011-06-09,18.06122853215928,18.613319098217847,17.98235823639009,18.092777252197266,132050
2011-06-10,18.404309656347024,18.404309656347024,17.903486592311246,18.073057174682617,83700
2011-06-13,17.903492299521496,18.53445175762514,17.66688137448812,17.935039520263672,116440
2011-06-14,17.91137192610836,18.613315778503,17.83250314873131,17.903486251831055,234040
2011-06-15,17.864049659677548,18.43191446225116,17.434208220762997,17.56434440612793,161970
2011-06-16,17.418436086418964,17.797013171208718,17.19365674149804,17.59589385986328,77360
2011-06-17,17.53279622489098,18.293891653623053,17.142390665602278,17.197599411010742,476690
2011-06-20,17.292244197941145,17.292244197941145,15.781884716045855,16.231443405151367,189200
2011-06-21,16.353694915771484,16.72044053464613,16.16834993513083,16.353694915771484,105560
2011-06-22,16.365524407504086,16.949162205855014,15.931740024939122,16.057931900024414,115580
2011-06-23,16.073701274663417,16.688887660701553,15.872583487409395,16.089475631713867,409840
2011-06-24,16.24721615580915,16.48382549371406,16.21172460469086,16.3615779876709,156850
2011-06-27,16.306371744442774,16.838745142016126,16.306371744442774,16.700721740722656,94060
2011-06-28,16.700720246208707,17.1818276800011,16.408902117498293,16.91366958618164,305570
2011-06-29,16.964935689040967,17.327736935068756,16.917614114412505,17.00042724609375,145110
2011-06-30,17.05169061296343,17.45392619364545,16.736209484414026,16.838741302490234,186270
2011-07-01,16.65339617532743,17.209429476786983,16.562695878417063,16.89000701904297,121620
2011-07-04,17.035913908706583,17.60772149502003,17.035913908706583,17.38294219970703,192040
2011-07-05,17.58011984123303,17.698424514251887,17.201542781516945,17.31590461730957,101480
2011-07-06,17.240978921406537,17.509136986382387,17.035916783229382,17.13055992126465,64320
2011-07-07,17.035919764633597,17.887715677648988,17.035919764633597,17.548574447631836,409480
2011-07-08,17.398717789717708,17.584062730737795,17.000425038360785,17.181825637817383,88380
2011-07-11,16.99648212834538,17.335623323744336,16.886064624476205,16.929443359375,66420
2011-07-12,16.661285530046545,16.878177703537045,16.32608867140902,16.39312744140625,54250
2011-07-13,16.94915667900634,17.03591412895944,15.931734829855424,16.44438934326172,96040
2011-07-14,16.310315046808476,16.744099413325948,16.310315046808476,16.637624740600586,84960
2011-07-15,16.424677024550398,16.696777965147884,16.369466764537528,16.507490158081055,49770
2011-07-18,16.404953881712565,16.878174023446178,16.326085111694763,16.791418075561523,56800
2011-07-19,16.617904668994356,17.54857068061335,16.617904668994356,17.414491653442383,169700
2011-07-20,17.469701702674417,17.66687666885432,16.996481482977522,17.079296112060547,51150
2011-07-21,17.11478523949047,17.2646371094257,16.732265377953638,16.86240005493164,12250
2011-07-22,16.665229160548137,17.114789392416387,16.661286322730117,16.99254035949707,40840
2011-07-25,17.110843385626165,17.114787727386215,16.748042168633255,16.807193756103516,53230
2011-07-26,16.826913548148955,16.953106930405557,16.412846354668293,16.62185287475586,222200
2011-07-27,17.35139634163863,18.64486358754024,17.35139634163863,18.06122589111328,5047320
2011-07-28,17.860110379725093,18.55416566025694,16.996482988585576,17.394777297973633,1406560
2011-07-29,17.33167857888074,17.808841601605966,16.84268403609608,16.968875885009766,273060
2011-08-01,16.57452607914201,17.035916251727123,16.148628962619725,16.215667724609375,203470
2011-08-02,16.073701871989957,16.318199902381426,15.300776399700544,15.588651657104492,315410
2011-08-03,15.383589648794858,15.773996729759654,15.221906242487844,15.47823429107666,109910
2011-08-04,15.478235346980515,15.979059957835016,15.304721912673513,15.383590698242188,105800
2011-08-05,14.985297595106292,14.985297595106292,13.88506091063797,14.358281135559082,273420
2011-08-08,14.015197131760736,14.354338318508589,13.4315594051141,13.853513717651367,207340
2011-08-09,13.407896603366993,14.046743020316285,13.092416984152864,13.37240505218506,180750
2011-08-10,13.723375973243794,14.66981631801597,13.573522592717683,14.196596145629885,420760
2011-08-11,13.892946882754735,14.34644987230114,13.56563724597143,13.88111686706543,72660
2011-08-12,14.141388118745184,14.571229584023556,13.76281256336025,13.896891593933104,361850
2011-08-16,13.794362671914048,14.19659984813017,13.250159256524483,13.407899856567385,81180
2011-08-17,13.5082579373439,13.769189180826077,12.143381398969492,12.49664306640625,180080
2011-08-18,12.845892252212003,12.845892252212003,11.440872787126317,11.565317153930664,181400
2011-08-19,11.32044068066903,11.95872089069232,11.031407670439798,11.838290214538574,109790
2011-08-22,11.88244736249786,12.199579845948286,11.264238592865285,11.89047622680664,68650
2011-08-23,12.179510528848509,12.597001590364677,11.73793287029648,12.49664306640625,77080
2011-08-24,12.21162452624587,13.006464572370543,12.21162452624587,12.512700080871582,60400
2011-08-25,12.324027427784213,12.685317972022636,12.051052111705244,12.155425071716309,31670
2011-08-26,12.059080628233376,12.36015620065455,10.706247385923993,10.870835304260254,295210
2011-08-29,11.649617351441476,11.721875609379564,11.119724480795163,11.525172233581545,90770
2011-08-30,11.882450206314893,11.914564905561358,11.099653359379392,11.256213188171388,206550
2011-09-02,11.328470569480835,11.47298709742536,10.786535121038511,11.099653244018556,263740
2011-09-05,11.32044205008337,11.637574594401013,11.155854128537229,11.529187202453612,200400
2011-09-06,11.64158933568266,11.6897617663824,11.167896957446912,11.388686180114746,145190
2011-09-07,11.55728775445936,12.544815242852854,11.34051297953898,12.203596115112305,580490
2011-09-08,11.870404527180083,12.436426466469232,11.649616109833842,12.163451194763184,165750
2011-09-09,12.28388362472899,12.765604085778788,12.127323804922373,12.13936710357666,369580
2011-09-12,11.80617705113801,11.922593309943574,11.392699644391248,11.432843208312988,108030
2011-09-13,11.52918504294672,11.866389688727686,11.481013388220669,11.60144329071045,56300
2011-09-14,11.641590345661534,11.717863048522076,11.28029976393115,11.553275108337402,68290
2011-09-15,11.665674116694776,11.882448886792128,11.521158368971284,11.762018203735352,59280
2011-09-16,11.685747076790596,12.039008753358534,11.56933081846578,11.693775177001951,59460
2011-09-19,11.621517936201409,11.838291960163216,11.252198519752758,11.388686180114746,117350
2011-09-20,11.468972258846456,11.80216253541317,11.468972258846456,11.633560180664062,74320
2011-09-21,11.481016015615252,11.882450136680998,11.481016015615252,11.794134140014648,62710
2011-09-22,11.621518458874805,11.63356099283524,11.09563919325688,11.183955192565918,140200
2011-09-23,10.963164410287252,11.32044125888316,10.846748926301313,10.910978317260742,87600
2011-09-26,10.987249039995408,11.240152125932054,10.445312980788763,10.80660343170166,83500
2011-09-27,10.85477892138802,11.641589425372011,10.7704773584327,10.890907287597656,249660
2011-09-28,10.991264034350234,10.991264034350234,10.557715287732997,10.593844413757324,130350
2011-09-29,10.437287240658168,10.718291434176589,10.316857309535887,10.638004302978516,95260
2011-09-30,10.517573634660284,10.822662874209104,10.328899119271806,10.40115737915039,53510
2011-10-03,10.236569670354108,10.393128726178883,10.148254442958685,10.164311408996582,20950
2011-10-04,9.959579938138427,10.40115760710491,9.875279143549037,10.120153427124023,137870
2011-10-05,9.987680201193202,10.356999608630598,9.658504357413632,9.843164443969728,108950
2011-10-07,10.039867131543684,10.348971578422,9.875279208540904,9.963594436645508,83310
2011-10-10,10.188397187026116,10.26065544800162,9.95155177091443,9.999723434448242,217940
2011-10-11,10.312842115355425,10.34495681232973,9.803020630922887,9.871264457702637,171540
2011-10-12,10.075995047356402,10.18438242719163,9.714704546913682,9.991693496704102,131800
2011-10-13,9.971623184226752,10.23656963107108,9.879293524257472,9.955565452575684,277430
2011-10-14,9.963593235044902,10.075995047356402,9.875278017591034,9.991693496704102,82940
2011-10-17,9.959579851271828,10.268684293419865,9.839149927001708,9.895350456237791,178030
2011-10-18,9.794991374497238,9.951551185966578,9.554130773961498,9.786962509155272,154450
2011-10-19,9.730762501913867,9.995708946926577,9.730762501913867,9.835135459899902,38120
2011-10-20,9.706675787886525,9.83513456583023,9.598288406868503,9.634417533874512,238630
2011-10-21,9.774920090965084,9.774920090965084,9.152696801842094,9.473844528198242,152660
2011-10-24,9.55412984708804,9.790975991975676,9.473843498481427,9.526029586791992,63940
2011-10-25,9.413629639326244,9.714705204349368,9.232983994042469,9.273127555847168,67180
2011-10-28,9.622375285145312,9.91542276565538,9.004167157488368,9.389543533325195,235340
2011-10-31,9.453772763962313,10.742376625189438,9.453772763962313,9.98366641998291,1694840
2011-11-01,10.10811016514838,10.421228254674116,9.570188441577557,9.622374534606934,417850
2011-11-02,9.55413137956288,9.907393820253906,9.55413137956288,9.738791465759276,242660
2011-11-03,9.714705086151236,9.867249700343391,9.47384448392832,9.5862455368042,127490
2011-11-04,9.83513587775772,9.955565806725645,9.65449021863102,9.831121444702148,148810
2011-11-08,9.68259154575052,9.995709676900455,9.68259154575052,9.81907844543457,160570
2011-11-09,9.734777558283865,9.867250789274754,9.349401164737577,9.48990249633789,122050
2011-11-11,9.329328926191382,9.634418951537722,9.0362822001774,9.116568565368652,207950
2011-11-14,9.546102116729196,9.546102116729196,8.992122691286136,9.052337646484377,73990
2011-11-15,8.951979412227326,9.032266532116022,8.45018682710977,8.546531677246094,99970
2011-11-16,8.602732623061092,8.602732623061092,7.948394631245356,8.028681755065918,147820
2011-11-17,8.028681636394428,8.546531969465747,7.988538075077506,8.020652770996094,201820
2011-11-18,7.86810725754691,8.257497996765238,7.7557054518410045,8.125024795532227,75750
2011-11-21,7.840007101778058,8.249469241967606,7.840007101778058,7.928322315216064,53410
2011-11-22,7.795849977995938,8.06882527888757,7.711548421814815,7.8078932762146,73720
2011-11-23,7.868107621351727,7.988537531432105,7.591117909357221,7.639290332794189,49870
2011-11-24,7.5469604724796815,7.82395020481208,7.506817676621878,7.554989337921143,140700
2011-11-25,7.924311180091976,7.924311180091976,7.494776699711875,7.538934707641602,51340
2011-11-28,7.667389647872341,7.948392991939632,7.627246094241413,7.912263870239258,78560
2011-11-29,7.972480929370977,7.972480929370977,7.62724738180998,7.675419807434082,39720
2011-11-30,7.466674280485031,7.659362461299863,7.466674280485031,7.579075336456299,14560
2011-12-01,7.627246259817871,7.763733885721213,7.229826678160946,7.619217395782471,62340
2011-12-02,7.567031702786285,7.747676558890409,7.567031702786285,7.715561866760254,17440
2011-12-05,7.599147994050328,7.787821754309396,7.406459800720877,7.683448791503906,30190
2011-12-07,7.627248464939733,7.827965529806568,7.627248464939733,7.755707263946533,54230
2011-12-08,7.819936740733633,7.819936740733633,7.554990273744957,7.599148273468018,55660
2011-12-09,7.546959460029734,7.679432659343113,7.406458162026641,7.550973892211914,50370
2011-12-12,7.627247403265139,7.627247403265139,6.988967164580025,7.221798896789551,80890
2011-12-13,6.988967655204938,7.277999933028438,6.844451133455795,7.005025386810303,82310
2011-12-14,7.105383781682152,7.265957266409622,6.9488239641074445,7.009038925170898,46020
2011-12-15,6.904665912823044,6.944808704972563,6.691905592327068,6.80029296875,43870
2011-12-16,6.69592136407504,7.093341058114407,6.639720831284069,6.808322429656982,50310
2011-12-19,6.74409238012311,6.74409238012311,5.876995193106798,6.410902500152588,103690
2011-12-20,6.302515199140954,6.414916638264853,6.073697888072242,6.166027545928955,47310
2011-12-21,6.061654948400849,6.50323260317769,6.061654948400849,6.157999038696289,93340
2011-12-22,6.4229460523820325,6.463089618344387,6.045598140253052,6.382802486419678,83960
2011-12-23,6.262372383692982,6.495204141125198,6.262372383692982,6.306529998779297,62960
2011-12-26,6.302515112502186,6.451045679297737,6.302515112502186,6.410902500152588,9370
2011-12-27,6.278428699101586,6.463088377982143,6.021510768491185,6.294486045837402,14320
2011-12-28,6.029540851061327,6.246315267195344,6.029540851061327,6.121870517730713,42500
2011-12-29,5.88100939383944,6.1820849679166265,5.860937995170872,6.061655044555664,49260
2011-12-30,6.029539459858632,6.334629039064276,6.029539459858632,6.174055576324463,44420
2012-01-02,6.109827076421812,6.1820849537048,5.957282073299565,6.170042037963867,16810
2012-01-03,6.2824430374640245,7.049182049311901,6.2824430374640245,6.896637439727783,136320
2012-01-04,6.896637836600913,6.940795831823487,6.583518968583578,6.627676963806152,35060
2012-01-05,6.631691597099359,6.968896306489143,6.443017077753415,6.711977958679199,44700
2012-01-06,6.984953106745486,6.984953106745486,6.46308908900134,6.836422920227051,24670
2012-01-09,6.744092611767753,7.868108557512236,6.7079634813099975,7.591118812561035,274280
2012-01-10,7.394415626544626,8.181226039042395,7.394415626544626,7.936351776123047,130760
2012-01-11,7.908251127620725,8.811477744272473,7.908251127620725,8.261512756347656,295290
2012-01-12,8.028683589782371,8.695064266480314,7.960439748642224,8.454203605651855,70770
2012-01-13,8.19326819874933,8.887748862111659,8.165167940159757,8.434128761291504,230190
2012-01-16,8.229398494761304,8.642875865506848,8.229398494761304,8.40602970123291,19830
2012-01-17,8.430114853385058,8.939936268756455,8.430114853385058,8.743233680725098,113000
2012-01-18,8.8917652894119,8.911837454104692,8.40603038896823,8.478288650512695,43900
2012-01-19,8.642876878417193,8.73119210916582,8.389972954063456,8.466245651245117,16750
2012-01-20,8.353842626274568,8.827534942534704,8.353842626274568,8.53850269317627,67090
2012-01-23,8.658933203041753,10.244598165589888,8.658933203041753,9.863235473632812,2735780
2012-01-24,9.875278392224544,9.875278392224544,9.128610768155514,9.562159538269045,1033110
2012-01-25,9.626389724719129,10.397143242597314,9.497930932685229,9.963594436645508,818220
2012-01-27,10.116139328887884,10.429257427651358,9.770905768020713,9.84717845916748,251060
2012-01-30,9.827105857522898,9.875278282857447,9.172768659808083,9.337356567382812,104720
2012-01-31,9.401586770960227,9.78696314428688,9.313271543491568,9.69463348388672,129010
2012-02-01,9.790977581512111,9.895350540752547,9.570189129906243,9.843164443969728,147360
2012-02-02,9.98767932784863,11.384670473801387,9.915421838392644,10.886892318725586,1660190
2012-02-03,10.766461698435366,11.23212516112972,10.51757300234428,10.85879135131836,314730
2012-02-06,11.400728849047654,11.834277667799435,10.999294729252492,11.204026222229004,1010170
2012-02-07,11.400728292013492,11.541230380211898,10.678147217957097,10.774491310119627,276360
2012-02-08,10.838718836155186,11.039435851639542,10.437284805186476,10.529614448547363,229310
2012-02-09,10.597858212649667,10.99929224165666,10.4372847541818,10.513557434082031,223600
2012-02-10,10.517572422452895,10.919006472688888,10.12416647130886,10.212482452392578,372250
2012-02-13,10.12818032436629,10.822661007788753,10.12818032436629,10.45334243774414,290970
2012-02-14,10.357001145075628,10.750407208473776,10.357001145075628,10.437288284301758,127600
2012-02-15,10.597858846168329,10.87886298954094,10.441299810512705,10.593844413757324,402190
2012-02-16,10.975207368682014,11.37664143259672,10.814633896251076,11.035422325134276,639170
2012-02-17,11.15986704493337,11.304383557806592,10.565744794170817,10.650046348571776,439220
2012-02-21,10.834705233709537,11.23212486292285,10.678146194658,10.82667636871338,148380
2012-02-22,10.838719546274875,10.967178322093147,10.039865864189656,10.192410469055176,178190
2012-02-23,10.116139095523195,10.5978595308447,10.075995534494387,10.344956398010254,75320
2012-02-24,10.136211110301964,10.51757381478126,9.975637622085603,10.104096412658691,85520
2012-02-27,10.007751854549946,10.007751854549946,9.513988114107647,9.578217506408691,106190
2012-02-28,9.770905292385928,10.116138836447586,9.3333420962949,10.051909446716309,60700
2012-02-29,10.116139536553732,10.356999381877817,9.823092064239829,9.931479454040527,108650
2012-03-01,9.658505556964444,10.023810576838118,9.562161451624949,9.666534423828123,115530
2012-03-02,9.698648100103194,9.935494287814162,9.690619234088462,9.823092460632324,57550
2012-03-05,9.750835483845028,9.81105045081908,9.586246784459506,9.722734451293944,50690
2012-03-06,9.714706004137906,9.827107067635072,9.5139889442646,9.570189476013184,40110
2012-03-07,9.39757164009463,9.554130684421986,9.39757164009463,9.518001556396484,27670
2012-03-09,10.031838112103816,10.031838112103816,9.313271468032502,9.895350456237791,66020
2012-03-12,9.794991034808984,10.224525361936276,9.794991034808984,10.148253440856934,83870
2012-03-13,10.340942265492062,10.340942265492062,9.799006090059944,10.01176643371582,80760
2012-03-14,10.02380938466081,10.228540871285675,9.971623287603396,10.007752418518066,41400
2012-03-15,10.433270566577098,11.079579613444375,10.276711536610357,10.48545742034912,631410
2012-03-16,10.43728614703857,10.59384519422823,10.075995625852954,10.248612403869627,106230
2012-03-19,10.43327228978582,10.59786021146694,10.084025047457503,10.164311408996582,170030
2012-03-20,9.899364446911544,10.328898794141503,9.634418012813162,9.794991493225098,50380
2012-03-21,9.95957944742149,11.039437351865642,9.69864744496689,10.882878303527832,481020
2012-03-22,11.96273575838302,12.33205515744896,10.935064686680969,11.384671211242676,8991980
2012-03-23,11.537214885410728,12.139365980258937,11.45291409965584,11.705817222595217,985810
2012-03-26,11.48101450980367,11.48101450980367,10.561730125609476,10.633988380432127,401000
2012-03-27,10.670118973833912,10.919008467343543,10.365028948040582,10.429258346557615,400530
2012-03-28,10.284741146467056,10.284741146467056,9.891335178395847,9.94753646850586,166220
2012-03-29,9.794991400035183,10.035852001198906,9.678575914972145,9.891335487365724,166510
2012-03-30,9.963593465590188,10.742375773488796,9.963593465590188,10.58983039855957,425370
2012-04-02,10.798576025775647,10.983236090926452,10.597858996427869,10.706246376037598,141090
2012-04-03,10.71828970424465,11.360583587463672,10.710260839285736,10.810619354248049,301320
2012-04-04,11.03943833598384,11.095638867951088,10.682162213035216,10.83872127532959,184430
2012-04-09,10.597858919133506,10.959149416189536,10.597858919133506,10.758432388305664,291060
2012-04-10,10.55771543742337,10.939078099454036,10.55771543742337,10.706246376037598,166810
2012-04-11,10.758432011983883,10.83871912659893,10.517572199488088,10.605887413024902,133700
2012-04-12,10.521586241805345,11.280297128417292,10.521586241805345,11.167895317077637,456070
2012-04-13,11.4167848104855,11.597429676968284,10.939078067638253,11.228110313415527,731750
2012-04-16,11.039435634331433,11.962733581114753,10.870833314016474,11.621515274047852,857080
2012-04-17,11.456929291865544,11.790119555814714,11.119724595136898,11.533201217651367,157490
2012-04-18,11.641588354959396,12.022951038374517,11.252197571832973,11.753990173339844,252600
2012-04-19,11.501086508149164,11.802162075198488,11.408756851349317,11.577359199523926,83190
2012-04-20,11.697788213869291,11.697788213869291,11.26423946153142,11.376641273498535,118140
2012-04-23,11.42481434239368,11.80617705113801,11.408757376229865,11.432843208312988,151140
2012-04-24,11.481014198436004,11.481014198436004,11.111694834883249,11.228110313415527,87360
2012-04-25,11.167897670888776,11.432844142475975,10.943094766503394,11.224098205566406,67570
2012-04-26,11.320441245165023,11.762018116057314,11.252197421643986,11.685746192932127,143210
2012-04-27,11.721877481901563,11.922594556826764,11.408758569375298,11.553275108337402,102660
2012-04-30,11.601443320537362,11.70180182809508,11.44086986157994,11.489042282104492,35130
2012-05-02,11.40072854333578,11.63356029594657,11.40072854333578,11.49305820465088,26610
2012-05-03,11.344527256760658,11.52115846734729,11.28431229755548,11.300369262695312,37550
2012-05-04,11.248183358647635,11.316427184411332,10.509544573561046,10.786534309387209,120630
2012-05-07,10.798576500244373,11.071551794659316,10.605888327366085,10.910978317260742,82630
2012-05-08,10.995279610420596,11.07958116847077,10.766462298916188,10.854778289794922,27730
2012-05-09,10.838720332102367,10.838720332102367,10.44531511121763,10.47341537475586,64790
2012-05-10,10.288753039267853,10.75843084789377,10.288753039267853,10.694201469421388,23390
2012-05-11,10.361014452735638,10.670118909790348,10.28474252100122,10.308828353881836,49450
2012-05-14,10.276712019232605,10.50954374182189,10.160295775100607,10.192410469055176,19200
2012-05-15,10.116138903435624,10.365027598873755,10.080009775763196,10.216497421264648,45880
2012-05-16,10.116140375221448,10.252628040580335,9.626390246930788,9.81907844543457,100150
2012-05-17,9.714705348769549,10.03585231663186,9.38954318242484,9.706676483154297,143070
2012-05-18,9.859219771829748,9.859219771829748,9.353412791404995,9.421656608581545,138200
2012-05-21,9.393555272828731,9.610329996336306,9.04430812807708,9.50194263458252,63620
2012-05-22,9.513985930002244,9.69061633544407,9.493913770969373,9.50194263458252,39550
2012-05-23,9.313269290949115,9.546100984939116,9.24502547896888,9.481871604919434,21280
2012-05-24,9.38552815487144,9.674561173306731,9.377500055439686,9.582231521606444,50270
2012-05-25,9.85922025382575,10.011765624701368,9.666532089674687,9.714704513549805,138710
2012-05-28,10.116141129834856,10.82266457705183,10.116141129834856,10.57779026031494,1010050
2012-05-29,10.517574581077968,10.742377480959718,10.260656215538267,10.445316314697266,186760
2012-05-30,10.356998733685504,10.497500811781082,10.15628169802745,10.216497421264648,49370
2012-05-31,10.116139460805124,10.33291347310857,10.03986676866374,10.132196426391602,67750
2012-06-01,10.039867250501278,10.196426309438236,9.835135761143436,9.971623420715332,16670
2012-06-04,9.875279310226023,10.180369327285424,9.875279310226023,10.01578140258789,44030
2012-06-05,10.244598138672789,11.593416157531994,9.995708666507683,10.272698402404783,738780
2012-06-06,10.27671410018248,10.549689436908908,9.99570989692296,10.365029335021973,190360
2012-06-07,10.517572638842775,10.517572638842775,10.28474091554258,10.296783447265623,100770
2012-06-08,10.308827085040976,10.344956212752429,10.059937623659264,10.17233943939209,58350
2012-06-11,10.429255932468005,10.517571909242294,10.276711337718684,10.312840461730955,52410
2012-06-12,10.316855739016033,10.43728565180544,10.200439493068188,10.26065444946289,15770
2012-06-13,10.272698259159906,10.429257306726374,10.116139211593438,10.160296440124512,37950
2012-06-14,10.035851687714851,10.180368197033856,9.883307078958463,9.94753646850586,27930
2012-06-15,10.352985623531078,10.352985623531078,9.95957963057184,10.17635440826416,68730
2012-06-18,10.236568424315404,10.348970235597838,9.883306792059429,9.91542148590088,42560
2012-06-19,9.927464933766467,10.276712931490287,9.927464933766467,10.17635440826416,24860
2012-06-20,10.116139032485949,10.348970766192505,9.93950782446468,10.180368423461914,37050
2012-06-21,10.236571191335887,10.336929732427416,9.963595837058946,10.12416934967041,29600
2012-06-22,10.035852287357503,10.21248350200393,9.999723157869036,10.11613941192627,21980
2012-06-25,10.035854109152831,10.629976488652702,10.035854109152831,10.12416934967041,147290
2012-06-26,10.136210609500766,10.3088273879329,10.075995650104028,10.160296440124512,28440
2012-06-27,10.035851431736,10.35699837128167,9.923449620057664,10.192410469055176,41190
2012-06-28,10.471992874175658,10.607672377225994,10.28286420261738,10.49255084991455,67060
2012-06-29,10.607671619726514,10.932480555346936,10.607671619726514,10.731017112731934,212550
2012-07-02,10.763909091486482,11.064048458096998,10.632341192928806,10.899588584899902,259960
2012-07-03,10.94070445516678,11.101052743854122,10.817358954155562,10.866697311401367,215850
2012-07-04,10.772132567454795,11.429972077724496,10.731017402011302,11.28195858001709,355860
2012-07-05,11.397081704754475,11.742447888311276,11.11750026568119,11.224398612976074,202090
2012-07-06,11.1010522446212,11.187393385660222,10.895477203054142,10.920145988464355,66690
2012-07-09,10.936592353983947,11.06816025494269,10.813246858680214,10.969484329223633,86470
2012-07-10,11.018822240844605,11.30662762124996,11.014711429993207,11.146279335021973,111230
2012-07-11,11.220287398204396,11.224398209393058,10.8995900152307,11.0147123336792,56460
2012-07-12,10.936594187064662,11.035270129322775,10.805026264053842,10.825583457946776,61920
2012-07-13,10.829694983859076,11.018823675918094,10.615896718239313,10.681680679321287,46960
2012-07-16,10.652898880990788,10.833805142067662,10.570668548444962,10.628230094909668,63890
2012-07-17,10.607671789103724,10.607671789103724,10.278752037583663,10.40209674835205,117540
2012-07-18,10.583002781353798,10.583002781353798,10.118403544071018,10.212967872619627,56100
2012-07-19,10.278755317445215,10.360985673667496,10.167744571807177,10.204748153686523,88700
2012-07-20,10.278753299852731,10.360983639934211,10.044397850089153,10.11018180847168,48150
2012-07-23,10.03206258622108,10.192411663325602,9.908717866177543,9.9950590133667,31100
2012-07-24,9.999171294094827,10.180077575539874,9.958056123192772,10.01150608062744,24360
2012-07-25,10.073179056848412,10.073179056848412,9.75248164537719,9.82237720489502,54960
2012-07-26,9.867603724684969,9.87171532034172,9.271435685969244,9.48934555053711,200530
2012-07-27,9.78537296680956,10.069066781494133,9.382446019940067,9.518125534057615,169650
2012-07-30,9.949833109117815,9.949833109117815,9.39889189159273,9.501679420471191,179460
2012-07-31,9.579797590539789,9.616801164494344,9.5057912268373,9.522236824035645,74320
2012-08-01,9.86349160750064,11.101053603307497,9.818264841874372,10.710460662841797,2208150
2012-08-02,10.842029504112425,10.842029504112425,10.36098381039672,10.46788215637207,141000
2012-08-03,10.439100960959708,10.439100960959708,10.138961571197994,10.286975860595703,85720
2012-08-06,10.27875272560346,10.517219757469196,10.151296411383823,10.249972343444824,49430
2012-08-07,10.163632209315267,11.265514821744963,9.986838289917827,10.698128700256348,402610
2012-08-08,10.772133296643998,11.236732580247532,10.718683342687346,10.813247680664062,396090
2012-08-09,10.813245998346146,11.101051346949657,10.706347675477224,10.784464836120604,134800
2012-08-10,10.772132480575348,10.891365596772632,10.570668249947728,10.640563011169434,39380
2012-08-13,10.58711593599394,10.706349851109762,10.41443284858228,10.591227531433104,38960
2012-08-14,10.533666837370395,11.179172425907542,10.278753407805883,10.735130310058594,372420
2012-08-16,10.60767399902553,11.010601758838678,10.418545298551503,10.677570343017578,74980
2012-08-17,10.447324133826084,10.874920620612231,10.447324133826084,10.62411880493164,181590
2012-08-21,10.665233163478325,10.78857787227721,10.566557239597904,10.731017112731934,21700
2012-08-22,10.607674156442672,10.809138431442316,10.566559766481982,10.61589813232422,38030
2012-08-23,10.624120590468142,10.772134904494148,10.360984729272335,10.517221450805664,159060
2012-08-24,10.95303794507998,10.98592992030639,10.27875206083528,10.295198440551758,139910
2012-08-27,10.4843292202544,10.599451548908862,10.286977329023928,10.303422927856444,28570
2012-08-28,10.673454600400124,10.673454600400124,9.867600903068622,9.970388412475586,173550
2012-08-29,9.916940358976063,9.933385954528502,9.629134986846196,9.690807342529297,55340
2012-08-30,9.760703963826414,9.760703963826414,9.538683302056878,9.616801261901855,50800
2012-08-31,9.616799990132392,9.867601786484975,9.374221383478114,9.670249938964844,42400
2012-09-03,9.563351786619975,10.106069813946574,9.559240191357608,9.620912551879885,128350
2012-09-04,9.620911849886074,9.781260916591988,9.579796684469006,9.653803825378418,20340
2012-09-05,9.596242904663086,9.867601894011887,9.551016145036105,9.596242904663086,47020
2012-09-06,9.546905648309536,9.826487859606209,8.732828586620961,9.304327011108398,235380
2012-09-07,9.497568304035507,9.538683474501058,9.230320872319428,9.386557579040527,23070
2012-09-10,9.859380379600784,10.122517008082283,9.744258839833885,9.851157188415527,274660
2012-09-11,10.114293042307471,10.443212822461126,9.867602815088928,10.151296615600586,237450
2012-09-12,10.278753066303477,10.397986978291776,9.916941303420508,10.02795124053955,79720
2012-09-13,10.114291679218589,10.360981873191044,9.703141617333332,9.84293270111084,135160
2012-09-14,9.95805525408464,10.114292733035196,9.703142628311868,9.756591796875,77730
2012-09-17,10.032063141474657,10.192412227454165,9.768927305907578,10.023839950561523,97940
2012-09-18,10.097847327395638,10.196523267951816,9.8758266571959,10.106070518493652,68780
2012-09-20,10.032062230625115,10.032062230625115,9.826487181701625,9.867602348327637,15330
2012-09-21,9.810043360742414,10.278754306157024,9.810043360742414,10.122517585754396,84310
2012-09-24,10.426765861167462,10.443211455919858,10.081399745095531,10.299308776855469,110110
2012-09-25,10.439100717651362,10.439100717651362,10.208856882781996,10.373316764831545,107790
2012-09-26,10.286975782836738,11.11749918052461,10.286975782836738,10.829693794250488,512360
2012-09-27,10.91192387956554,11.166836498885775,10.607672119669926,10.628230094909668,146070
2012-09-28,11.076382457749274,11.923351332849752,10.96948335169481,11.125720024108888,3877340
2012-10-01,11.179170576643765,11.397079610950376,11.014710706165232,11.109275817871094,344780
2012-10-03,11.02293233840877,11.265510924428096,10.813245724178175,10.850249290466309,105550
2012-10-04,10.739241423073931,11.397080984255226,10.739241423073931,11.138056755065918,262270
2012-10-05,11.121608504393937,11.39296747381751,10.77213159034082,10.932479858398438,124030
2012-10-08,11.08871850850738,11.175060441918571,10.936593402516475,11.06404972076416,73540
2012-10-09,10.936594021668444,11.26551382422118,10.936594021668444,11.11750030517578,94410
2012-10-10,11.018821859274508,11.059937024223863,10.694013703008324,10.788578033447266,66910
2012-10-11,10.726906891029907,11.1791721881979,10.443213083428962,10.88314437866211,80690
2012-10-12,10.689902696255238,11.1750599440968,10.558334788543611,10.829693794250488,41290
2012-10-15,10.72279299781078,11.01882074390937,10.694012620521448,10.850249290466309,374490
2012-10-16,10.780357100600678,10.965374989505015,10.611785594801928,10.677570343017578,21160
2012-10-17,10.698126226565227,10.698126226565227,10.20474577275857,10.319868087768556,134460
2012-10-18,10.332202396946952,10.916035611508091,10.286976416016469,10.43498992919922,309410
2012-10-19,10.607672068828848,10.829693495114515,10.369205046636774,10.496662139892578,73320
2012-10-22,10.38565216147105,10.443212927525376,10.340425397167436,10.365094184875488,65270
2012-10-23,10.134849236752222,10.673455617807557,9.682583995409784,10.525442123413086,68070
2012-10-25,10.648788238769024,10.837917706864616,10.443213173216702,10.739242553710938,142180
2012-10-29,11.051716217516352,11.347744841620273,10.936594671881906,11.010601043701172,292530
2012-10-30,10.854361263793402,11.183281777366837,10.768020128912015,10.928367614746094,129380
2012-10-31,10.93659401585921,10.977709187208127,10.743352945781288,10.82558250427246,59920
2012-11-01,10.78446737767782,10.92837007542881,10.78446737767782,10.846138954162598,28870
2012-11-02,10.973597786321976,10.985931789000787,10.7762451171875,10.7762451171875,355610
2012-11-05,10.854362264342562,11.67255085274368,10.796801502449052,11.50809097290039,1262160
2012-11-06,11.62732696861774,12.087814715058157,11.619103777093912,11.808233261108398,1283260
2012-11-07,11.763004363984829,11.874014292647765,11.434083820394443,11.565650939941406,199620
2012-11-08,11.388858982639777,12.49896386973977,11.228509897722462,12.157710075378418,1256720
2012-11-09,12.396175017175636,12.819659890841155,11.923352572022932,12.326278686523438,1939500
2012-11-12,12.646977467528863,12.827883735361151,11.512203070737126,11.684886932373049,833430
2012-11-15,11.598542166809851,12.120702901985045,11.598542166809851,11.902793884277344,306540
2012-11-16,11.758895658245368,11.96447075442376,11.557432158095354,11.676665306091309,236410
2012-11-19,11.902794331581283,11.902794331581283,11.35596479321534,11.561540603637695,218580
2012-11-20,11.82467496230183,11.82467496230183,11.306625830160606,11.40941333770752,183300
2012-11-21,11.36418987065859,11.499869388499064,10.8954789516109,10.981820106506348,159160
2012-11-22,11.101053964589452,11.688998800038924,10.833806525986963,11.54920768737793,940800
2012-11-23,11.660217476059552,11.915130107410564,11.142168238666926,11.212063789367676,807860
2012-11-26,11.347742068087118,11.693108188991992,11.224396576788797,11.397080421447754,372570
2012-11-27,11.512203216552734,11.758893442320186,11.273736181292406,11.512203216552734,258120
2012-11-29,11.55331849304307,11.800008721120015,11.224397927538266,11.318963050842283,156080
2012-11-30,11.49575771741311,11.63554882993158,11.306629026480277,11.368301391601562,220480
2012-12-03,11.397079467773438,11.594432094074936,11.347741899352943,11.397079467773438,85370
2012-12-04,11.491646943312228,11.59443448024988,11.27373708269,11.38063621520996,143790
2012-12-05,11.265513002896324,11.553318397302194,11.265513002896324,11.343631744384766,70420
2012-12-06,11.429972077724496,11.512202408611484,11.21617462899012,11.28195858001709,68650
2012-12-07,11.462863538849216,11.462863538849216,11.18328215163391,11.216174125671388,82240
2012-12-10,11.512204256924717,11.536873046468829,11.27784879573896,11.306629180908203,40310
2012-12-11,11.314850649820452,11.487533718756906,11.035268463522716,11.08871841430664,96240
2012-12-12,11.035267296311943,11.368298613962004,11.035267296311943,11.125720024108888,42290
2012-12-13,11.310739197109232,11.310739197109232,10.837916745137202,10.916034698486328,47930
2012-12-14,10.81324735903453,10.977708027049488,10.755686595753245,10.866697311401367,112170
2012-12-17,10.85436424396604,11.01060174646675,10.607673987106349,10.615897178649902,140340
2012-12-18,10.689903180304976,10.755687137139557,10.447324545399988,10.546000480651855,157360
2012-12-19,10.673457488134371,10.722795851049192,10.574781546511405,10.681680679321287,119850
2012-12-20,10.62000524837896,11.569761598534644,10.615893653972307,11.40941333770752,933430
2012-12-21,11.421750888722332,11.857569806753991,11.096941909745109,11.314851760864258,1509490
2012-12-24,11.347743357858446,11.503980056879511,11.183283468308217,11.294293403625488,97640
2012-12-26,11.347742344281484,11.503979029347535,11.105163734784464,11.162724494934082,109880
2012-12-27,11.70955506297814,11.70955506297814,10.96126198068569,11.043492317199709,198670
2012-12-28,10.944814642174594,11.166835260700026,10.907811075052608,10.932479858398438,185430
2012-12-31,11.010602346013506,11.142170281047658,10.776246079501329,10.837919235229492,75610
2013-01-01,10.940705241984444,11.228509863295365,10.879032094940223,10.97770881652832,251290
2013-01-02,11.101053813702832,11.142168984668992,10.936593914044863,10.961262702941896,448720
2013-01-03,10.994155589041087,11.800010340095822,10.994155589041087,11.610880851745604,1379450
2013-01-04,11.775338172704217,11.919240859164155,11.53275956003914,11.606766700744627,980090
2013-01-07,11.594433596755009,11.972691735230596,11.491646067649755,11.643771171569824,448340
2013-01-08,11.754781114675792,11.845233851998598,11.516314094273335,11.594432830810549,255260
2013-01-09,11.610879958999728,11.8287898173816,11.364189716044278,11.45464324951172,309890
2013-01-10,11.434084442989311,11.647882690333558,11.150391429150922,11.212063789367676,253160
2013-01-11,11.331296605923836,11.413526940110836,10.574780354547135,10.64878749847412,365260
2013-01-14,10.702239402127663,10.948928881250486,10.323981207477484,10.84203052520752,161170
2013-01-15,10.936593417696368,11.0558265454596,10.7310183564021,10.895478248596191,136040
2013-01-16,10.895478574470443,10.92425895843938,10.652899932151364,10.722795486450195,89110
2013-01-17,10.648787935550464,10.80502542007717,10.61589595736694,10.632342338562012,57810
2013-01-18,10.76802188889402,11.138056840963904,10.632342380328176,10.763910293579102,201670
2013-01-21,10.895478164030209,10.895478164030209,10.607672766769404,10.632342338562012,59890
2013-01-22,10.648787916316593,10.948927314724967,10.525443194402811,10.570669174194336,141710
2013-01-23,10.755686149775416,10.936592406566756,10.484327156691684,10.595337867736816,139810
2013-01-24,10.599450317698162,10.731018229902482,10.369205687133986,10.500774383544922,101480
2013-01-25,10.525442243326982,10.525442243326982,10.278752037583663,10.40209674835205,158660
2013-01-28,10.521332071297952,10.796802694527733,10.459659707573271,10.685791969299316,214580
2013-01-29,10.743353391955948,10.743353391955948,10.328092418285284,10.389764785766602,66710
2013-01-30,10.36509498835076,10.603562830104948,10.278753832576328,10.307534217834473,118680
2013-01-31,10.46377130855391,10.517220481354975,10.274641837597857,10.33631420135498,174000
2013-02-01,10.27875291925023,10.443212809116911,10.130738626266911,10.319868087768556,32170
2013-02-04,10.607673613235333,10.973597781959326,10.286976996406832,10.47610569000244,381410
2013-02-05,10.443212696394468,10.504885056402966,10.323979571605587,10.393875122070312,72630
2013-02-06,10.365094621682449,10.731018778438033,10.365094621682449,10.46788215637207,100160
2013-02-07,10.32397853381748,10.51721878487428,10.32397853381748,10.418542861938477,43800
2013-02-08,10.414432444976566,10.49255118687994,10.118404642688962,10.270529747009276,25430
2013-02-11,10.200633860556396,10.82147061169475,10.077289143040309,10.66112232208252,282590
2013-02-12,10.60767244201528,10.60767244201528,10.22119190624263,10.286975860595703,72200
2013-02-13,10.254084187759831,10.54600039583982,10.233526211285216,10.282864570617676,102650
2013-02-14,10.196522525242765,10.270529671320924,9.789484006019483,9.838822364807127,89600
2013-02-15,10.023837790767312,10.023837790767312,9.30021439887394,9.448227882385254,112350
2013-02-18,9.867601423582952,9.867601423582952,9.481120148248133,9.71136474609375,41720
2013-02-19,9.9087160636727,10.032060761278473,9.785370581860464,9.970388412475586,56460
2013-02-20,10.1019581299557,10.1019581299557,9.826487523449574,9.875825881958008,38010
2013-02-21,9.785372282277043,9.908717785523184,9.456452508700536,9.56335163116455,79360
2013-02-22,9.56335282325604,10.00739496503839,9.56335282325604,9.71547794342041,41610
2013-02-25,9.715478135310548,10.155409474280614,9.431785083712152,9.485234260559082,68910
2013-02-26,9.390669098561077,9.699031698248834,9.086418094307284,9.123421669006348,102830
2013-02-27,9.04530135642456,9.456451418080222,8.880841488603599,9.23854160308838,80190
2013-02-28,9.127531451289046,9.226207369482715,7.996868810369329,8.338123321533203,130060
2013-03-01,8.223002419090008,8.62592934941583,8.223002419090008,8.391573905944824,75550
2013-03-04,8.634152028759432,8.634152028759432,7.976311717345971,8.157217979431152,68260
2013-03-05,8.144885258226108,8.54370145489229,8.103770081304976,8.346348762512207,45810
2013-03-06,8.395684920322147,9.365999389580256,8.395684920322147,8.917845726013184,600400
2013-03-07,8.88084267608167,9.32488477067542,8.502584537412426,9.164536476135254,116620
2013-03-08,9.209762286414854,9.851156236992349,8.884954108033876,9.56335163116455,313860
2013-03-11,9.477009568646029,9.666139023976672,9.13164341909145,9.287880897521973,162040
2013-03-12,9.703143650064836,10.15540896972591,9.6373596891185,9.781262397766112,643690
2013-03-13,9.78537218634793,9.78537218634793,9.2220969815943,9.300215721130373,112110
2013-03-14,9.53868404238803,9.53868404238803,8.9712963814386,9.29610538482666,52180
2013-03-15,9.312549525553289,9.39889145357483,9.135754858648465,9.23031997680664,51650
2013-03-18,9.127533187936503,9.193317145915318,8.810947400034323,8.97951889038086,69010
2013-03-19,8.884955467252066,9.127534131451837,8.675268785441752,8.847951889038086,65550
2013-03-20,8.798613175308581,8.954850673633345,8.551922925042481,8.658822059631348,35660
2013-03-21,8.950736113845853,8.950736113845853,8.231223579630715,8.284672737121582,83570
2013-03-22,8.280562919208386,8.880842484315854,7.869412811454935,8.009203910827637,94690
2013-03-25,8.301120660900727,8.301120660900727,7.367809754424535,7.58983039855957,274880
2013-03-26,7.404813774668609,7.873524661748185,7.404813774668609,7.754291534423828,100200
2013-03-28,7.811851992987183,7.811851992987183,7.569273368363159,7.758402824401855,47200
2013-04-01,7.811851683026941,8.14077144020861,7.65972580520132,8.09965705871582,75090
2013-04-02,8.181887218323668,8.716382844009171,8.173664027726979,8.60948371887207,144870
2013-04-03,8.963072445930512,8.963072445930512,8.477915955290525,8.547811508178711,80310
2013-04-04,8.412130435935126,8.412130435935126,8.058541893016473,8.09965705871582,31990
2013-04-05,8.157217583060659,8.255893507346892,8.099656823278657,8.18599796295166,39300
2013-04-08,8.510807474847876,9.411225638864147,8.469692307566145,8.782166481018066,914500
2013-04-09,8.691711372318625,8.876729199268427,8.255892560644748,8.40390682220459,146130
2013-04-10,8.366905328329318,8.547811605669079,8.140772285602955,8.412131309509277,79150
2013-04-11,8.551921417531831,8.699935698441253,8.264116829793736,8.342235565185547,43700
2013-04-12,8.231224975116556,8.346346498216063,8.074987502043566,8.218890190124512,15260
2013-04-15,8.514917848084442,8.757496459949751,8.412130327267162,8.510807037353516,41200
2013-04-16,8.469689454034398,8.691710027824017,8.276448468177264,8.44502067565918,73760
2013-04-17,8.445023627009492,8.654709492788944,8.264117359220363,8.309343338012695,75000
2013-04-18,8.387462216815463,8.547811295454691,8.325789856203427,8.416242599487305,40720
2013-04-22,8.091431454053637,8.588922536353227,8.091431454053637,8.44502067565918,63860
2013-04-23,8.593038074781747,8.798613152093303,8.469693342077486,8.708160400390625,69090
2013-04-25,8.963071659712236,9.949832504331969,8.79861178034447,9.242653846740724,10208880
2013-04-26,9.127532709075304,9.71547670463958,8.987741609652582,9.094640731811523,276020
2013-04-29,9.012409353058864,9.44000500797943,8.387461073199225,8.732827186584473,212210
2013-04-30,8.757498737482823,8.757498737482823,8.387463723148166,8.506697654724121,93250
2013-05-02,8.531365730939758,9.03708023425092,8.362794229836037,8.658822059631348,460810
2013-05-03,8.880841316338094,9.045301180968956,8.72049226214232,8.794499397277832,377300
2013-05-06,8.806835504717721,8.83972748258699,8.424465771858344,8.465580940246582,243040
2013-05-07,8.473803534305375,8.83150367042979,8.473803534305375,8.593036651611328,110330
2013-05-08,8.59303674394782,8.757496623485247,8.362792912595424,8.568367958068848,75450
2013-05-09,8.473804960086786,8.757498002896451,8.473804960086786,8.658822059631348,117910
2013-05-10,8.593037773292103,8.827393227731767,8.593037773292103,8.712271690368652,47580
2013-05-13,8.576592123523453,8.790389599134269,8.432689418484516,8.519030570983887,75200
2013-05-14,8.50258459373497,8.671156079934,8.50258459373497,8.60948371887207,65410
2013-05-15,8.568367798819475,8.745162460113812,8.551921419068117,8.679378509521484,48870
2013-05-16,8.864396727400461,8.864396727400461,8.449134995241483,8.687602043151855,139280
2013-05-17,8.551923889188659,8.938405298704014,8.551923889188659,8.85206413269043,113590
2013-05-20,9.004186213815654,9.20564965037854,8.860283535068875,8.91373348236084,298460
2013-05-21,8.917846447877043,8.934292045121037,8.65470983411347,8.71638298034668,21440
2013-05-22,8.720494426146201,8.921958692544976,8.630041674204861,8.658822059631348,24700
2013-05-23,8.728716705734085,8.728716705734085,8.387462143509639,8.502584457397461,46500
2013-05-24,8.428577765818119,8.634152833277097,8.371016997875733,8.436800956726074,66660
2013-05-27,8.954849517269052,8.963071923324346,8.63004055978404,8.769831657409668,222400
2013-05-28,8.716382890127504,8.963072335680456,8.716382890127504,8.860284805297852,71950
2013-05-29,8.778056353304674,8.897289495726751,8.728717987477342,8.798613548278809,64490
2013-05-30,8.716381501887412,8.77805385345322,8.593036014549293,8.757495880126953,21500
2013-05-31,8.716381987747278,8.87261867270322,8.510806948264621,8.704047203063965,39710
2013-06-03,8.634153299292933,8.712272048721552,8.449135414911122,8.490250587463379,50720
2013-06-04,8.63415216959277,8.79861205407703,8.4285771179358,8.43268871307373,58610
2013-06-05,8.428578134245061,8.73282915327886,8.428578134245061,8.695825576782227,55570
2013-06-06,8.634150553021648,8.683488901232606,8.428575539854466,8.597146987915039,39000
2013-06-07,8.469691327739367,9.111085196831498,8.469691327739367,8.65059757232666,36260
2013-06-10,9.201540115414351,9.201540115414351,8.642376438387462,8.708160400390625,72270
2013-06-11,8.551922646419035,8.62181820198044,8.305233188396816,8.494361877441406,49480
2013-06-12,8.3216781882042,8.502584457397461,8.309343402506952,8.502584457397461,9430
2013-06-13,8.46969238845054,8.46969238845054,8.223002166610893,8.239448547363281,35880
2013-06-14,8.305232591481142,8.79038906580711,8.305232591481142,8.502584457397461,67410
2013-06-17,8.53547672206669,8.621817872230936,8.32990165877281,8.547811508178711,106790
2013-06-18,8.634151644691693,8.917845418309394,8.551921315345348,8.753385543823242,53150
2013-06-19,8.597147422099512,8.79861085107315,8.502583099476341,8.58070182800293,15780
2013-06-20,8.71226934431663,8.71226934431663,8.34223447462347,8.40390682220459,27510
2013-06-21,8.428577323083774,8.469692491257211,8.305232602770069,8.334012985229492,35900
2013-06-24,8.247670853798848,8.247670853798848,7.824186749231543,7.865301132202148,32920
2013-06-25,7.737844796218568,8.079099349600785,7.737844796218568,7.7995171546936035,46580
2013-06-26,8.1078799023137,8.1078799023137,7.536381499272337,7.684395790100098,30510
2013-06-27,8.140772994445815,8.140772994445815,7.610389686703719,7.663838863372803,16730
2013-06-28,7.667949361830694,8.099657446006429,7.663837766643505,7.840632438659668,26760
2013-07-01,7.898193568288909,8.095546225371837,7.873524780231031,7.914639949798584,53150
2013-07-02,7.894082757118124,8.050319460426865,7.894082757118124,7.914639949798584,26340
2013-07-03,7.877638124170237,7.885861316750337,7.643282625085034,7.729623794555664,20710
2013-07-04,7.778959953563143,7.840632311961215,7.655615236767,7.680284023284912,4310
2013-07-05,7.746067537642203,7.803628297656131,7.64739161295838,7.696729183197021,18720
2013-07-08,7.688507728539151,7.737845304879841,7.548716621896139,7.5774970054626465,26750
2013-07-09,7.495266544125432,8.185998875321083,7.462374565697383,8.054430961608887,116750
2013-07-10,8.058542560570825,8.214779262122828,7.943420243917448,8.173664093017578,31340
2013-07-11,8.28467528050202,8.383351221382947,8.054431418446523,8.107880592346191,25450
2013-07-12,8.223001309549236,8.223001309549236,7.968087923902343,7.996869087219238,47330
2013-07-15,8.099657047404085,8.099657047404085,7.939307979821221,7.984534740447998,72670
2013-07-16,8.305232063966125,8.38746161077173,7.865300812519581,7.918750762939453,87000
2013-07-17,7.976314082511017,8.054432843608353,7.688509400068778,7.729623794555664,29360
2013-07-18,7.762514859293141,7.811853224710689,7.72962287708368,7.741957664489746,9640
2013-07-19,7.988645599646918,7.992757194253072,7.704951845474147,7.733732223510742,18650
2013-07-22,7.795407312453475,7.811853696655152,7.565163423077322,7.676174163818359,21350
2013-07-23,7.659726560766007,7.725511302897987,7.4952666659526495,7.5774970054626465,21840
2013-07-24,7.532270167486818,7.894082716784707,7.524046976773995,7.783071994781494,42130
2013-07-25,7.647390909970802,7.889969496596912,7.519934616996455,7.778958797454834,26230
2013-07-26,7.647394586698204,7.795408139176715,7.544607027157117,7.556941032409668,20830
2013-07-29,7.647393031754358,7.704953802447349,7.28146886093077,7.396591186523437,25960
2013-07-30,7.400702238604508,7.454151409721291,6.714081499543491,6.849761009216309,95780
2013-07-31,6.825092366464632,6.825092366464632,6.167251996647563,6.34815788269043,127870
2013-08-01,6.413942135446543,6.578402029338684,6.167251902505016,6.253593444824219,29530
2013-08-02,7.203350242081703,7.302026176112143,5.9657882951141765,6.171363353729248,91730
2013-08-05,6.167251758452153,6.290596872041858,6.085021813426786,6.171363353729248,87270
2013-08-06,6.085020870892418,6.430386978607064,5.842442276564118,5.9534525871276855,55700
2013-08-07,6.002791306251426,6.191920358149849,5.986345318786489,6.05212926864624,31700
2013-08-08,6.011014742109056,6.331711727774708,6.002791943555225,6.200143814086914,34270
2013-08-12,6.167251327215111,7.186903358438435,6.097355780805078,7.145788192749023,288290
2013-08-13,7.071782252302261,7.318471692563242,6.927879556012285,7.1827921867370605,59590
2013-08-14,7.219795618744592,7.302025953364841,7.030666947007245,7.075892925262451,31340
2013-08-16,6.989551796329139,6.989551796329139,6.578401690662719,6.738749980926514,49840
2013-08-19,6.635961941385296,6.874428952864135,6.171362702958198,6.360491752624512,91620
2013-08-20,6.175474114235557,6.730526854308224,6.085020990883017,6.652408123016357,32920
2013-08-21,7.096450625688178,7.096450625688178,6.594847799744617,6.640073776245117,31360
2013-08-22,6.802340090764014,7.173842193708658,6.751098407349832,7.079899311065674,27700
2013-08-23,6.930443982693655,7.340378257789207,6.91763407108983,7.037197589874268,56180
2013-08-26,6.879201638891018,7.857064105264818,6.879201638891018,7.635016441345215,135890
2013-08-27,7.664910495831923,7.690531137430758,7.173843175983604,7.203734874725342,123820
2013-08-28,7.088439648742819,7.122600770312877,6.815150268949662,7.071358680725098,122580
2013-08-29,6.994496098142671,7.259245406631661,6.994496098142671,7.079899311065674,46120
2013-08-30,7.216543393084529,7.216543393084529,6.977415550640896,6.99876594543457,18990
2013-09-02,7.088439732926101,7.293406464780663,7.088439732926101,7.148221492767334,16930
2013-09-03,7.36599842637919,7.36599842637919,6.990226111398217,7.003036022186279,52570
2013-09-04,6.746828357123066,7.293406736317271,6.746828357123066,7.208003520965576,15640
2013-09-05,7.135410930732057,7.472752730659513,7.135410930732057,7.301947116851807,92110
2013-09-06,7.25924529215996,7.289136171872039,7.088439683472803,7.195193290710449,35730
2013-09-10,7.28486484256487,7.421509309120114,7.2592442087020785,7.344647407531738,44800
2013-09-11,7.344648027657547,7.857064820504259,7.344648027657547,7.733231067657471,74880
2013-09-12,7.600856296848804,7.946738561035457,7.430050692941092,7.592316627502441,93080
2013-09-13,7.686260203600732,7.921117828480134,7.549615708073411,7.699070930480957,40200
2013-09-16,7.8570642126112515,7.8570642126112515,7.656367752748802,7.690528869628906,30670
2013-09-17,7.515453485625205,7.686259080066963,7.472751883398436,7.523993968963623,31000
2013-09-18,7.451402389558879,7.699070735031161,7.447132147373876,7.579506397247314,15380
2013-09-19,7.613666461911564,7.908306615996523,7.523993831887836,7.694799423217773,14780
2013-09-20,7.694800512638388,7.758852516647358,7.515454412734022,7.566695690155029,35670
2013-09-23,7.515453479352116,8.062031381109517,7.515453479352116,7.925386905670166,59710
2013-09-24,7.720420150019619,7.904036468305156,7.515453437988687,7.77166223526001,21400
2013-09-25,7.857065441085956,8.02787105219242,7.673449103721982,7.76312255859375,19370
2013-09-26,7.771663257444098,7.946739115472566,7.750312046425126,7.869876384735107,13380
2013-09-27,8.087655685532319,8.087655685532319,7.780204692817784,7.848526954650879,28360
2013-09-30,8.027870726366448,8.070572331026291,7.857065122192445,7.938198089599609,54750
2013-10-01,7.94246768951416,8.14743439795529,7.788742250950662,7.94246768951416,56960
2013-10-03,7.942468230614425,8.437804883659174,7.938197988756152,8.241377830505371,148210
2013-10-04,8.245649551844869,8.318242047529763,7.861336674763567,8.040682792663574,91130
2013-10-07,7.989441185538014,8.215759171719165,7.989441185538014,8.019332885742188,39230
2013-10-08,8.271269007326055,8.343861485455696,8.057761814528911,8.096192359924316,14630
2013-10-09,8.262729216978007,8.454885217928666,8.198677216661121,8.215757369995117,72230
2013-10-10,8.796498448131096,8.796498448131096,8.275540261436761,8.356673240661621,22640
2013-10-11,8.390833569184025,9.052706438765028,8.284079959361161,8.856279373168945,70680
2013-10-14,9.13810956301026,10.538717328225443,9.13810956301026,9.87684440612793,1448340
2013-10-15,9.479722174898829,9.8170632045659,9.065517590864353,9.206432342529297,176980
2013-10-17,10.056190545144002,10.120243367868802,9.13810958818572,9.697498321533203,507880
2013-10-18,9.394317296533458,10.20564453652282,9.291833932852576,9.402857780456545,726350
2013-10-21,9.727389456779155,9.735929126778911,9.36442701166325,9.454099655151367,315130
2013-10-22,9.727389189081812,9.778630465531885,9.50534148589042,9.560853004455566,290820
2013-10-23,9.47972050683355,9.804250751256994,9.338805779964163,9.402857780456545,36490
2013-10-24,9.595011949647027,9.65052427008093,9.214969446762746,9.253400802612305,66570
2013-10-25,9.454098941194472,9.454098941194472,9.138108370034685,9.18080997467041,38970
2013-10-28,8.796496566130028,8.967302158639624,8.369482177623379,8.399373054504395,208980
2013-10-29,8.941682142920577,8.941682142920577,8.168785459756936,8.463425636291504,70720
2013-10-30,8.941681425987595,9.368695809843246,8.463424957704534,8.52320671081543,63990
2013-10-31,8.941682221365737,9.027084617054378,8.510397557572176,8.561638832092285,67490
2013-11-01,8.856277524078422,9.565121280146451,8.58725884185764,9.407126426696776,607290
2013-11-05,9.812790023924617,9.812790023924617,8.975842249941197,9.069785118103027,98820
2013-11-06,9.253403620959777,9.368697723624052,8.924602282753707,9.142379760742188,94230
2013-11-07,9.052706445595284,9.565123284452405,8.967303231886394,9.022814750671388,59430
2013-11-08,9.624906382994984,9.624906382994984,8.967303719302702,9.00146484375,63180
2013-11-11,9.138109129040547,9.138109129040547,8.497587449699406,8.57017993927002,149290
2013-11-12,9.129567900466494,9.129567900466494,8.309700185149056,8.463425636291504,53790
2013-11-13,8.796496490334679,8.796496490334679,8.44634482509077,8.48050594329834,13550
2013-11-14,8.373755013178057,8.753797676045695,8.373755013178057,8.493318557739258,39560
2013-11-18,8.369482258304394,9.12956735591558,8.369482258304394,8.497586250305176,45710
2013-11-19,8.373752679401498,9.38577635550341,8.373752679401498,8.830657958984375,442810
2013-11-20,9.197891031936468,9.197891031936468,8.647042037145313,8.740984916687012,54270
2013-11-21,8.629960336768445,9.1295672001943,8.582989308217504,8.659852027893066,38250
2013-11-22,8.958762393192629,8.958762393192629,8.540288454398778,8.698284149169922,7410
2013-11-25,8.647042830105747,8.86055006047873,8.625692432854628,8.723905563354492,16100
2013-11-26,8.548826394231837,9.308911319217566,8.548826394231837,8.7708740234375,124320
2013-11-27,8.64703959810953,8.860546748680136,8.56163641209523,8.60860824584961,94240
2013-11-28,8.553097443317021,8.877628436413968,8.553097443317021,8.72817325592041,47390
2013-11-29,8.958762132340853,8.958762132340853,8.736714443520144,8.805037498474121,83420
2013-12-02,9.001462867025268,9.22351053440367,8.779415199646865,9.082595825195312,85050
2013-12-03,9.257672885554816,9.257672885554816,8.881899734592047,8.97584342956543,152560
2013-12-04,9.223511443711708,9.308913837262295,8.843468063952647,8.971572875976562,119000
2013-12-05,8.894709885598015,9.283292922963147,8.894709885598015,9.091136932373049,168580
2013-12-06,8.967303193625225,9.223512019193311,8.796497581401635,9.048436164855955,27020
2013-12-09,9.223511621041856,9.223511621041856,9.010004411362488,9.125298500061035,32210
2013-12-10,9.283294459755195,9.283294459755195,8.945953452715235,9.03135585784912,71340
2013-12-11,9.377236301807123,9.377236301807123,8.894710364051303,8.920331001281738,7120
2013-12-12,8.88189934933127,8.941681920211764,8.60434014737692,8.873359680175781,34770
2013-12-13,8.61287942419204,9.368695014961451,8.540286952517034,8.621419906616211,58000
2013-12-16,8.881899906670784,8.881899906670784,8.463425956574797,8.634231567382812,14520
2013-12-17,8.711094141034323,8.928871596368353,8.540288533262157,8.617151260375977,20670
2013-12-18,8.625694011761743,8.796499664432496,8.557371750693443,8.719636917114258,24480
2013-12-19,8.582989846731557,8.70682360272764,8.582989846731557,8.600069999694824,7260
2013-12-20,8.540290063577663,8.967304566756546,8.536019820810012,8.668394088745117,74210
2013-12-23,8.591529748356987,8.967302047208616,8.591529748356987,8.907520294189453,27830
2013-12-24,8.967303158274273,9.565123205932812,8.881899945266454,9.270483016967772,247940
2013-12-26,9.15946018579165,9.701767912821566,9.15518994359892,9.368697166442873,128630
2013-12-27,9.479720659109914,9.560852814286344,8.950222049888415,9.074056625366213,133190
2013-12-30,9.078325686333248,9.30891302470418,9.065514961909477,9.167998313903809,70120
2013-12-31,9.078327911743097,9.257674025313394,8.950223079498326,8.992924690246582,22620
2014-01-01,9.052706457702836,9.223512070883654,9.052706457702836,9.159460067749023,26880
2014-01-02,9.261943422901886,9.97078732747511,9.261943422901886,9.33880615234375,572190
2014-01-03,9.308913387936355,9.466909070800057,9.116757400873569,9.296103477478027,75460
2014-01-06,9.22351090703313,9.65906577653364,9.22351090703313,9.419937133789062,66760
2014-01-07,9.718851074276532,9.718851074276532,9.24486467199727,9.330267906188965,55610
2014-01-08,9.223510240344776,9.560851157618536,9.13810704347116,9.257671356201172,35220
2014-01-09,9.180810795824517,9.646256617607277,8.980114294890795,9.150919914245604,83780
2014-01-10,9.133838783223608,9.223512240836747,8.941682770279037,8.997194290161133,27110
2014-01-13,8.933142285846277,9.522421865794556,8.933142285846277,8.997194290161133,16950
2014-01-14,9.138109227280813,9.270483481050764,8.90325160145037,8.958763122558594,7940
2014-01-15,8.886169880152702,9.095406848876223,8.886169880152702,8.920331001281738,13260
2014-01-16,9.11248858788205,9.125299314814152,8.924601998538432,8.958763122558594,12310
2014-01-17,9.09967747325061,9.13383859581531,8.715364640781381,8.856279373168945,33490
2014-01-20,8.79649803302049,8.975844138679374,8.604341200362596,8.903251647949219,39740
2014-01-21,8.967303142122168,9.048436112886918,8.881899929268178,8.93741226196289,37730
2014-01-22,8.881900456171804,9.052706892012583,8.864820301266995,8.890440940856934,5180
2014-01-23,8.877629803808336,8.945952042934822,8.796496839421133,8.830657958984375,21910
2014-01-24,8.881898945923357,8.881898945923357,8.544558002875583,8.591529846191406,59070
2014-01-27,8.62569099189755,8.62569099189755,8.301159958209006,8.38656234741211,36330
2014-01-28,8.792224627302263,8.792224627302263,8.318238486926885,8.459153175354004,14250
2014-01-29,8.839199410258864,8.839199410258864,8.288350380717887,8.484777450561523,33230
2014-01-30,8.369482959269728,8.40791432298175,8.160245987096157,8.245648384094238,30610
2014-01-31,8.36948158881591,8.55736813459098,8.296889115298173,8.335320472717285,27690
2014-02-03,8.326782478075138,8.454886498105479,8.211488371368532,8.232839584350586,22940
2014-02-04,8.202945674741912,8.395102467449332,8.198676247761993,8.228567123413086,5040
2014-02-05,8.202947767280934,8.446346704955516,8.198678339211902,8.356673240661621,16400
2014-02-06,8.31824026622923,8.399373229788925,8.198676756210023,8.37375259399414,38920
2014-02-07,8.284080685413516,8.621422512963246,8.202947706786984,8.25846004486084,72800
2014-02-10,8.343862603000813,8.540288855739421,8.241378420002375,8.442075729370117,61720
2014-02-11,8.706823463177685,8.711093704966398,8.279809057890455,8.390832901000977,42490
2014-02-12,8.454886375559067,8.625692819077823,8.326782357385484,8.356673240661621,18950
2014-02-13,8.369482605434195,8.45488499882173,8.224297640763497,8.266999244689941,25330
2014-02-14,8.279809863764186,8.279809863764186,8.117544732326527,8.19440746307373,41890
2014-02-17,8.202945464626886,8.284078421076863,8.079111723749268,8.087652206420898,12720
2014-02-18,8.087653851361596,8.228568586242996,8.070572882544253,8.19440746307373,79070
2014-02-19,8.143163888791685,8.305429805157592,8.130353978975878,8.284078598022461,27390
2014-02-20,8.198675764940287,8.454883720841671,8.138893202693431,8.249917030334473,17880
2014-02-21,8.407914805535054,8.70682443388166,8.211487733681745,8.57017993927002,30000
2014-02-24,8.536018543700353,9.095407231121849,8.536018543700353,8.856279373168945,89950
2014-02-25,8.805036768027106,9.223510659920574,8.805036768027106,8.933140754699707,115550
2014-02-26,9.167999432577076,9.167999432577076,8.830658459575094,8.97584342956543,11410
2014-02-28,8.881899347487154,8.881899347487154,8.48477663278496,8.514667510986328,61510
2014-03-03,8.711094723714426,8.860549945936564,8.587260955220955,8.681203842163086,8780
2014-03-04,9.266213678627071,9.266213678627071,8.694014263570908,8.84346866607666,17340
2014-03-05,8.796498052716862,9.103948171192462,8.715365077139035,8.890440940856934,36700
2014-03-06,8.843467312456658,9.031353865446388,8.7751450776359,8.933140754699707,85920
2014-03-07,9.138107980543497,9.206430219262431,8.907520628483425,9.078326225280762,79320
2014-03-10,9.138109071707238,9.2149718030604,8.676933498053689,8.941682815551758,245730
2014-03-11,8.881900500951735,9.05270693765367,8.732446090535717,9.00146484375,45740
2014-03-12,9.129569545132568,9.138110030504665,8.753797147881038,8.817849159240723,79210
2014-03-13,8.642772430327158,8.980114239114922,8.642772430327158,8.736715316772461,44930
2014-03-14,8.805036921038427,8.967302027941203,8.676932117674374,8.950221061706543,42810
2014-03-18,8.894712029109748,9.061247423980468,8.77087824726026,8.847740173339844,31670
2014-03-19,8.963031701989793,9.04843490342837,8.852007865905762,8.852007865905762,20780
2014-03-20,8.96303237417956,9.001463736262581,8.805037498474121,8.805037498474121,42170
2014-03-21,8.886169419842927,9.479719988603502,8.805037270405023,9.078326225280762,577630
2014-03-24,9.05270665339722,9.223512270270382,8.96303319549792,9.121028900146484,143330
2014-03-25,9.09967696914168,9.129567847921704,8.924601123888364,9.05697536468506,60570
2014-03-26,9.138108176628766,9.385776500915698,8.9203307306146,9.21924114227295,113700
2014-03-27,9.287563696392136,9.308914091747116,9.180810090686478,9.223511695861816,19430
2014-03-28,9.15945957958523,9.377236215743238,9.02708452376794,9.18080997467041,74140
2014-03-31,9.193620864561163,9.735928565382576,9.185080380588447,9.51388168334961,178990
2014-04-01,9.53523127830999,9.607823757053003,9.197890334362093,9.530961036682127,33860
2014-04-02,9.595012715060887,10.07753941501295,9.582202805065975,9.718847274780272,179560
2014-04-03,9.650525039923124,9.79998023409762,9.5480416876374,9.718847274780272,22950
2014-04-04,9.650525474039023,10.073269626658693,9.573662752750844,9.945165634155272,58990
2014-04-07,9.99213860237811,11.401286865646927,9.99213860237811,11.149348258972168,1969850
2014-04-09,10.876056652776615,11.67457395220891,10.807734412815764,11.456795692443848,1672190
2014-04-10,11.555011408536178,11.597713018718949,10.974272279233094,11.106646537780762,379330
2014-04-11,11.076753766887265,11.183507366914604,10.846165599884843,10.914487838745115,157930
2014-04-15,10.846165291420164,11.418364636450606,10.419150903455078,10.508824348449709,125620
2014-04-16,10.666819157780711,10.666819157780711,10.171482535597152,10.205643653869627,85430
2014-04-17,10.17575326621129,10.760763361015076,10.171483024413847,10.542985916137695,92060
2014-04-21,10.92302906132087,11.098104912054913,10.636929361310171,10.965730667114258,78010
2014-04-22,10.86324712677476,11.332963153999474,10.854706642860677,10.991351127624512,114160
2014-04-23,10.94010975981578,11.016971670991229,10.760763671475674,10.905948638916016,123010
2014-04-24,10.905948638916016,10.905948638916016,10.905948638916016,10.905948638916016,0
2014-04-25,10.961459722794595,11.10237444275869,10.773573158020694,10.858976364135742,136810
2014-04-28,10.84616470336914,10.965729018724408,10.705249995559306,10.84616470336914,38250
2014-04-29,10.927299176332754,12.622546146562764,10.846166207714909,11.8069486618042,1571440
2014-04-30,11.935053959255477,12.934267816982231,11.5592807948381,12.161370277404783,1445770
2014-05-02,12.298016201777653,12.554225042328325,12.169912188735044,12.456012725830078,214500
2014-05-05,12.507251374565728,12.874483181463896,12.29801361509217,12.571303367614746,300100
2014-05-06,12.776272679648343,12.776272679648343,11.969215610632842,12.084508895874023,106720
2014-05-07,12.127210843349934,12.298016469277163,11.7428979813973,11.909433364868164,125690
2014-05-08,11.785597932770388,13.203285650136827,11.61479233088263,12.532873153686523,565280
2014-05-09,12.725029438236902,13.023939859151108,12.430390073740028,12.759190559387209,247360
2014-05-12,12.652436530577727,13.04956005970138,12.46882101958028,12.502982139587402,310800
2014-05-13,12.716489403696691,14.834481297602364,12.127209062690955,14.04877471923828,2005250
2014-05-14,14.262282063545925,15.35116849226675,14.023153405552865,14.228121757507324,1123810
2014-05-15,14.035961123843824,14.685023126480536,13.766943258177712,13.826725006103516,243530
2014-05-16,13.587599712243192,14.928424828912528,13.587599712243192,14.428818702697754,614510
2014-05-19,14.266549515210858,16.2692462509128,13.976179623907186,16.064279556274414,940690
2014-05-20,15.970339259129876,16.47421638294481,15.372518445777375,15.46646213531494,302790
2014-05-21,15.547596753680311,17.22576374743976,15.287117666918682,16.66637420654297,575110
2014-05-22,18.353077567240053,18.353077567240053,15.910554830935483,16.17103385925293,308320
2014-05-23,16.05574261892801,17.678398827070065,15.726942926900849,17.30262565612793,523070
2014-05-26,17.422186820079883,19.37364245585876,16.311950055494005,17.046415328979492,678260
2014-05-27,17.080577075195787,18.592208537294,16.995173864033656,17.92606544494629,338030
2014-05-28,17.93460861636983,19.958658019804066,17.93460861636983,18.959444046020508,785960
2014-05-29,19.446235675218627,19.9757326056284,18.7929025520662,19.06192207336425,293770
2014-05-30,19.168675966870182,19.642662206838008,18.447022224381826,18.528154373168945,154940
2014-06-02,17.99012105086138,19.72806990750811,17.99012105086138,19.03203582763672,264700
2014-06-03,18.788632405523213,19.81346755194216,18.447021233027087,19.190025329589844,235130
2014-06-04,19.04911555909086,19.463320111720822,18.50680699264747,18.681882858276367,173100
2014-06-05,18.53242727492925,22.41825801212532,18.203625961946383,22.2858829498291,3170370
2014-06-06,23.221047643623507,23.827407417203407,22.30723692629551,22.53355407714844,1253300
2014-06-09,22.63176071271137,23.656595811651627,22.221827324707466,22.4524154663086,453630
2014-06-10,22.354201226171423,22.610410821039697,21.350718125829644,22.063831329345703,315610
2014-06-11,22.059562394478554,22.50365773234448,21.188452684571672,21.406230926513672,211960
2014-06-12,21.43612915017227,23.545580284722547,20.727285114762168,22.23464584350586,520230
2014-06-13,21.79054666710805,22.86235383921131,20.92370786262845,21.184186935424805,270500
2014-06-16,20.59063537663041,21.77346548809924,20.496691685148985,20.6888484954834,145100
2014-06-17,20.68884752189716,21.350719500630586,20.52231217042114,20.73154830932617,115050
2014-06-18,21.325097559410512,21.692330186987945,20.49669024829045,21.09451103210449,184320
2014-06-19,21.09451263148889,21.77773503999488,20.41128859405219,20.55220413208008,241120
2014-06-20,21.08597345103827,21.0945139352888,19.382185122931613,19.578611373901367,218960
2014-06-23,20.48388266038775,20.91089708897082,19.65120419886461,20.607715606689453,237580
2014-06-24,20.522313558940777,23.11001989498328,20.522313558940777,22.503660202026367,1369180
2014-06-25,22.48657644502557,23.38330596191868,22.29441965456832,22.64457130432129,539360
2014-06-26,22.465228682867885,23.48579287631901,22.448147715287185,22.66592597961425,330860
2014-06-27,22.50793215187531,23.05878120493666,22.50793215187531,22.845273971557617,207410
2014-06-30,22.998996816870665,23.485792992820205,22.63176415671765,22.73851776123047,217980
2014-07-01,22.88797086819225,23.233853113767903,22.4609564741668,22.9562931060791,189520
2014-07-02,22.725708464568587,25.023044922986298,22.725708464568587,24.489276885986328,1744550
2014-07-03,25.953932442008146,26.27846426984073,25.023041001066527,25.34330177307129,2087480
2014-07-04,25.450059947527016,26.210146757656293,24.698515250591896,25.21520233154297,456770
2014-07-07,25.79167080878988,25.79167080878988,24.25868902402319,24.5234375,268970
2014-07-08,24.38679246754083,24.72840365927404,22.290151843923105,22.7342472076416,340970
2014-07-09,23.05023925793063,23.314987754425584,21.393422775909272,22.384096145629883,412580
2014-07-10,22.563442071725216,23.48579315596592,21.53433738223012,22.7257080078125,428140
2014-07-11,22.964834031134487,23.460170672574044,20.906624742658853,21.33363914489746,661420
2014-07-14,20.92797637912128,22.50366065941884,20.92797637912128,21.83324813842773,122190
2014-07-15,21.931461912824933,22.6274959065634,21.71368363608668,22.507930755615234,114300
2014-07-16,22.473770815874627,23.81886534741386,22.473770815874627,23.605358123779297,249640
2014-07-17,23.314985462435267,24.865048182159427,22.396905484754903,24.378252029418945,544550
2014-07-18,24.16901454490475,25.70626737221576,23.76335216542291,25.514110565185547,569600
2014-07-21,25.79166831294201,25.96247308168548,24.33981881950461,24.946178436279297,298070
2014-07-22,25.001690865289103,25.79166842169933,24.65153921461837,25.19384765625,286040
2014-07-23,24.531975967855256,25.1938479178778,23.938426252113803,25.04439353942871,299600
2014-07-24,24.85223743194678,26.039336896172266,24.25441664380023,25.59524154663086,495230
2014-07-25,25.283525504121084,25.450060881037743,24.339823948972743,24.59176254272461,162980
2014-07-28,26.37241076497172,26.37241076497172,23.571197116425893,23.648059844970703,134940
2014-07-30,24.49781722389825,24.681433557845263,22.418257420253447,24.29285049438477,404360
2014-07-31,24.17328604587294,25.10844701871746,23.99821020267564,24.10069274902344,200250
2014-08-01,24.506353551802857,24.506353551802857,23.14417834693613,23.4046573638916,200930
2014-08-04,23.622438814179304,24.09642510569016,23.05877988074229,23.21250534057617,146600
2014-08-05,23.229584851582768,24.66435191916396,23.10147922380578,24.3099308013916,326770
2014-08-06,24.096422159802216,24.9675319064102,23.05877706171078,24.12204360961914,208760
2014-08-07,23.742000428972144,24.583219333839185,23.507142830400376,23.695030212402344,74560
2014-08-08,24.416683644588502,24.416683644588502,22.88797130304629,23.361957550048828,97740
2014-08-11,23.912805385016103,26.457810710049475,23.912805385016103,25.49702835083008,1567190
2014-08-12,25.74042879909705,29.78852694717064,25.24936319187673,28.69536781311035,4995740
2014-08-13,28.772233164016885,31.04394996264315,26.214417458858225,29.348705291748047,2377740
2014-08-14,29.37005425389389,31.51366868328723,28.69537062023707,30.58277702331543,2312150
2014-08-18,30.877413310280307,34.571088891346285,29.523778308757294,32.80324935913086,2983740
2014-08-19,33.1277797774387,33.307125053532495,31.86808527262024,32.132835388183594,770980
2014-08-20,31.859550489975,34.07575667510314,31.35994433219781,33.68717193603516,1569510
2014-08-21,33.742675058964416,34.36611892409712,31.757060787377284,32.03034973144531,1316210
2014-08-22,31.91078867456386,32.35061300086843,30.58277358294557,31.432531356811523,714930
2014-08-25,31.39837057768566,32.273751464032166,25.146879570960674,25.428709030151367,2753430
2014-08-26,22.63176175985419,25.168226548034166,22.362742248872348,24.16474342346192,4601180
2014-08-27,24.177694337480133,26.44785911067702,23.5648351150849,25.791841506958008,1627680
2014-08-28,25.53288942548397,27.44915031590756,25.31709421342059,25.783212661743164,1027960
2014-09-01,25.692577413670048,28.80866080176882,24.393490961850667,27.93684959411621,2752420
2014-09-02,28.049057988849786,28.20011396391244,25.66668053033412,26.09395408630371,1985580
2014-09-03,26.0162662075994,26.318379786944888,25.217824705259527,25.347301483154297,738960
2014-09-04,25.44225559666267,25.895425208534665,23.84968589265024,24.592021942138672,514600
2014-09-05,24.484122687904616,25.29119625821955,24.255380307480603,24.52728271484375,453140
2014-09-08,24.678338533509915,25.20487933405415,24.346013736968604,24.514333724975582,276150
2014-09-09,24.30285596667195,26.22343192560908,24.169062350248144,25.36888313293457,1042950
2014-09-10,25.049505265249607,25.532886014711583,24.39348771064363,24.587703704833984,412260
2014-09-11,24.514335984734167,25.265304053975008,24.47549278035297,24.69128799438477,364780
2014-09-12,24.445278256102625,25.023609416876216,24.005055881807507,24.36759185791016,179980
2014-09-15,24.17769418091673,24.76465738288477,23.564834962490085,24.29422378540039,324570
2014-09-16,24.095693904712093,24.850977138641543,22.63260100002099,22.990821838378903,313590
2014-09-17,21.76510208425665,23.819471482672608,21.66583649857724,22.39522361755371,237320
2014-09-18,22.192379101492648,23.305883200212943,21.31625105618028,22.56354713439941,259370
2014-09-19,22.356381080989618,23.18503545656457,21.85573631217501,22.045637130737305,151840
2014-09-22,21.847106626897467,22.615338695007,21.41983303253652,21.631311416625977,121870
2014-09-23,22.26143460010506,22.26143460010506,18.472069602113223,18.813026428222656,1365900
2014-09-24,18.81734221464022,20.70770877160546,17.522570916025888,18.47638702392578,3817960
2014-09-25,17.26361685425696,17.69520727561338,14.78197193145752,14.78197193145752,2455370
2014-09-26,14.078478110383903,16.22779806258554,13.487199734990204,14.596386909484863,4372090
2014-09-29,14.54459701232815,15.13587540759445,14.069846577868336,14.33743381500244,444950
2014-09-30,14.216588228639289,14.863973876241223,14.190693856422786,14.415121078491213,351650
2014-10-01,14.341748733046794,14.846710355006508,13.987844738272544,14.242483139038086,340110
2014-10-07,14.160481286978886,14.760391665588372,13.482883683274014,13.776365280151367,317550
2014-10-08,13.638255246858286,13.888577617338385,12.960658527965258,13.52172565460205,385100
2014-10-09,13.39225070789558,14.061216336774423,13.219613885479507,13.336143493652344,645530
2014-10-10,13.206665368853908,13.379301350675576,12.624018209911634,12.736231803894045,319720
2014-10-13,12.615388251974156,14.009425163269045,12.33053862995085,14.009425163269045,2949430
2014-10-14,14.242482572998718,15.010712924334925,14.03963456708501,14.57912254333496,1873300
2014-10-15,14.57912254333496,14.57912254333496,14.57912254333496,14.57912254333496,0
2014-10-16,14.367645280990908,14.50143725567874,13.465621249636987,13.65552043914795,335450
2014-10-17,13.526043650720425,14.579123668967917,13.478568441723072,13.720259666442873,584260
2014-10-20,13.65120425298512,14.17342907511397,13.65120425298512,13.875632286071776,226470
2014-10-21,14.156162742386044,15.261034599214996,14.156162742386044,14.98050022125244,2102600
2014-10-22,15.623572050880764,16.478120803833008,15.623572050880764,16.478120803833008,1462850
2014-10-27,18.98997568909457,19.024503707885746,18.700810940457995,19.024503707885746,1034030
2014-10-28,19.9740047454834,19.9740047454834,19.939478366907363,19.9740047454834,324800
2014-10-29,20.712024527192355,20.96666293527832,19.08924366150956,19.50788688659668,1352050
2014-10-30,19.50788495709777,19.50788495709777,18.55838581850176,18.66196823120117,421030
2014-10-31,18.55838590649244,19.07629467967187,18.16132355643305,18.58428192138672,370710
2014-11-03,19.42156772163594,19.5122013092041,19.42156772163594,19.5122013092041,154540
2014-11-05,20.19842821156848,20.487594604492188,19.86178826273141,20.487594604492188,1168660
2014-11-07,21.225618140058,21.29035736512865,19.46472834055976,20.13801002502441,881700
2014-11-10,19.943791152623977,20.51780715082111,19.132402420043945,19.132402420043945,415730
2014-11-11,18.9381822218097,19.40429887484305,18.29942879572027,18.787124633789062,446830
2014-11-12,18.61881135784482,19.128088209840765,18.321014546309648,18.588600158691406,265150
2014-11-13,18.4073280126555,19.5165150157638,18.308060789123992,19.48198699951172,820730
2014-11-14,19.680521761481565,19.848843401986205,18.661969791128755,18.804393768310547,341070
2014-11-17,18.80439311374333,19.33524909455446,18.14837552501121,18.79576110839844,248830
2014-11-18,18.977031082551267,18.977031082551267,18.38575102834862,18.480701446533203,205770
2014-11-19,18.644704327709604,18.8907107070891,18.342590739198425,18.41596031188965,159420
2014-11-20,18.55838781833018,19.326618229082403,18.55838781833018,18.90365982055664,470450
2014-11-21,18.743973343528857,18.851870955846483,18.226064475126872,18.31669807434082,152100
2014-11-24,18.31237954498597,18.8087091294248,18.31237954498597,18.41596031188965,85380
2014-11-25,18.23037951236024,18.428910704406803,17.496675491333008,17.496675491333008,92450
2014-11-26,17.00466376391745,17.16003493724515,16.624863720880423,16.706865310668945,368150
2014-11-27,16.659391168593533,17.38014809599293,15.960215081395864,16.534231185913086,151290
2014-11-28,16.301167312048914,17.160031165233196,16.275271298993175,16.655071258544922,196410
2014-12-01,16.508332515260772,17.246351691398445,16.31843333523541,16.603282928466797,81840
2014-12-02,16.54717534677844,16.745706527786087,15.873893756733398,16.42633056640625,120530
2014-12-03,16.486756542050454,17.246355056762695,16.486756542050454,17.246355056762695,122490
2014-12-04,18.07932096418134,18.10521697998047,18.04047776367597,18.10521697998047,69910
2014-12-05,18.989978268163064,20.27611750784952,18.23037986184672,18.480701446533203,1113740
2014-12-08,18.88208031611771,19.930845137386733,18.308064284242096,18.687864303588867,402040
2014-12-09,18.739651031915155,18.89934063680225,17.898051219285644,18.13542556762696,141420
2014-12-10,17.954159166584542,18.817339927408543,17.954159166584542,18.195850372314453,172890
2014-12-11,18.22174908912414,18.22174908912414,16.24938088995823,16.844974517822266,280830
2014-12-12,17.237720930764127,17.237720930764127,16.055164091742,16.249380111694336,243070
2014-12-15,16.141479775153798,17.24635001928711,15.386196661409183,16.331378936767578,250310
2014-12-16,16.227796779039988,16.486751981301623,15.627886445699694,15.740100860595703,147420
2014-12-17,15.623574660349025,17.17729962587873,14.328803306945296,15.537256240844728,257440
2014-12-18,15.718520340976935,17.090977836700798,15.718520340976935,16.840656280517578,383350
2014-12-19,17.263614045435563,17.272246050024663,16.232113369642633,16.3961181640625,177570
2014-12-22,16.573068894903315,17.134135979877424,16.236427326809725,16.69822883605957,121660
2014-12-23,16.486755420682393,16.74570903057902,16.240748997364527,16.3831729888916,493880
2014-12-24,16.48675568208472,16.8061316962619,16.055165227822744,16.25369644165039,189630
2014-12-26,16.378856250101954,17.20750904002033,15.994741051876035,16.240747451782227,719670
2014-12-29,16.387486779452754,18.72239060157767,16.387486779452754,17.22477149963379,1653360
2014-12-30,17.237718951757934,17.263614966907475,16.8536037821661,16.99171257019043,238640
2014-12-31,17.14708316259342,17.263612746196618,16.538540879145447,16.69822883605957,137520
2015-01-01,16.624861817472027,17.349933795533982,16.61622981221097,17.12982177734375,287330
2015-01-02,17.263613986560184,17.34993238577029,16.672335668508726,16.89676284790039,435930
2015-01-05,17.004663512277553,17.259301930511107,16.750025094043995,16.901081085205078,133560
2015-01-06,17.09529373081245,17.263613700975117,16.40906502034323,16.538541793823242,406410
2015-01-07,16.996029305718253,16.996029305718253,16.072426173311715,16.28822135925293,129400
2015-01-08,16.158743011546886,16.909710986795357,16.158743011546886,16.568754196166992,87840
2015-01-09,16.58170114908377,17.17729631794037,16.25369319379826,16.340011596679688,117400
2015-01-12,16.83202616171243,16.83202616171243,16.18464054010811,16.391803741455078,64590
2015-01-13,16.486755331702398,16.74570894020144,15.973161648358092,16.076744079589844,108400
2015-01-14,16.650758148566,16.650758148566,16.050846119462307,16.18032455444336,69800
2015-01-15,17.125507767609783,17.125507767609783,15.96884532581293,16.07242774963379,89660
2015-01-16,16.374536221976904,16.374536221976904,15.54156676890793,15.619253158569336,255790
2015-01-19,15.61925773979338,15.796209757837378,15.286932896854768,15.455254554748535,117950
2015-01-20,15.614940423408465,15.623572428764636,15.226508414314052,15.386198043823242,71090
2015-01-21,15.325773469125966,15.450935072823256,14.937343120033622,15.101347923278809,116790
2015-01-22,15.019346146753632,15.416410185574426,14.976187763710554,15.161771774291992,65110
2015-01-23,15.235140511233691,15.537254114968755,14.557543727375156,15.308511734008787,181430
2015-01-27,15.308512046018052,15.50704323528953,14.7129168318169,14.812182426452637,77100
2015-01-28,14.721548518158375,14.93302688802648,14.298590132035487,14.596386909484863,77570
2015-01-29,14.449645462768604,16.24937817084893,14.25542946601366,14.915763854980469,2069830
2015-01-30,15.46820123406141,15.796209239780564,14.894185166069333,15.040925979614258,161710
2015-02-02,15.485461541976054,15.53293674182232,14.868287236747506,15.109976768493652,150630
2015-02-03,15.109980185953498,15.343039412608656,14.868290599543847,15.03661060333252,95120
2015-02-04,14.971868649442351,16.974449256492843,14.933025452085229,16.434961318969727,1304070
2015-02-05,16.52559448287356,16.68528244738715,15.278298666024543,15.4681978225708,262870
2015-02-06,16.680966249267847,17.090975729343153,15.912734372895358,16.033580780029297,1784830
2015-02-09,16.046529208659347,16.14579479075133,15.191980520471075,15.498409271240234,248890
2015-02-10,15.360302030206604,15.761681224206006,15.360302030206604,15.481146812438965,218910
2015-02-11,15.166084276286592,16.119898532057523,14.98050029847224,15.826416969299316,252770
2015-02-12,15.778946659999589,16.08969064900294,14.328802556694514,14.747444152832031,1136940
2015-02-13,14.42375113881506,14.67407437428919,14.25111595753786,14.583440780639648,309460
2015-02-16,15.015029608359455,15.96021194112639,14.889868003918364,15.023661613464355,653100
2015-02-18,15.062505899278127,15.252405086118106,14.268379482622342,14.682705879211426,748060
2015-02-19,14.66975773448709,17.090978382311715,14.328800939296608,15.8566312789917,2843560
2015-02-20,15.960212944826852,16.227798534360033,15.40346092844776,15.671048164367676,580930
2015-02-23,15.545886764660931,16.14148199140687,14.941659532149195,15.02797794342041,722190
2015-02-24,15.062506266872331,15.343039051114944,14.760392644591471,15.019346237182615,152470
2015-02-25,15.187664307325896,15.235139510759192,14.518699572805575,14.661125183105469,147670
2015-02-26,14.825127413315291,15.079765777930673,14.415117910387318,14.622281074523926,180610
2015-02-27,14.820813266963826,15.105662843296232,14.436698103799005,14.74312686920166,223010
2015-03-02,14.89418230611077,15.01502872407569,14.46690878009489,14.617964744567873,310040
2015-03-03,14.756074810904686,15.364617193691554,14.59638682792298,14.738812446594238,281870
2015-03-04,14.924398733780864,15.183352348392926,14.510070645459866,14.691339492797852,153950
2015-03-05,14.756075905758635,14.85102632525116,14.337434316804902,14.397856712341309,149300
2015-03-09,14.587754110823438,14.587754110823438,13.638255795028716,13.806575775146484,205040
2015-03-10,14.151849956880474,14.156165136575744,13.167823524489853,13.349091529846191,208320
2015-03-11,13.46130461162517,13.603729408635662,12.64559820766204,12.85276222229004,369950
2015-03-12,12.926132572030946,13.28003656182445,12.447066973401846,12.615386962890623,362320
2015-03-13,12.74918096137465,12.85707856264616,12.097479350911511,12.20969295501709,258070
2015-03-16,12.21400901871314,12.21400901871314,11.493252957123063,11.627046585083008,274970
2015-03-17,11.614096316914926,11.998211467118708,10.927867590761997,11.199769973754885,1137540
2015-03-18,11.557990975717056,11.998212549229578,11.048714182256546,11.808313369750977,518800
2015-03-19,11.71767994999105,11.851472752113292,11.057347122308736,11.160928726196287,210930
2015-03-20,11.566621597304572,11.566621597304572,10.4531184746136,10.612807273864746,497940
2015-03-23,10.621440484516544,11.13503249088689,10.43154046949246,10.643019676208496,309990
2015-03-24,10.51785913221678,11.044399160012173,10.453119909217984,10.897658348083496,260720
2015-03-25,10.781127604923284,11.027133992324403,10.444487631929466,10.565332412719728,173680
2015-03-26,10.530805288691315,10.789759685788916,10.01289731768945,10.539437294006348,533620
2015-03-27,10.703440975542655,10.772495369718287,10.36680100973478,10.54806900024414,360870
2015-03-30,10.535121283571184,11.13503165823629,10.535121283571184,10.962395668029783,230230
2015-03-31,10.643019227130363,11.21271842497098,10.643019227130363,10.703441619873049,247020
2015-04-01,10.798392022433408,11.37240722240228,10.630071206399007,11.191139221191406,233050
2015-04-06,12.343486582046816,12.861394609140891,11.480305713696596,12.658547401428224,445470
2015-04-07,12.265798623844786,15.187664868749474,12.265798623844786,13.772048950195312,1050430
2015-04-08,13.379301502948532,14.138899831609052,12.973606323655323,13.25413990020752,351130
2015-04-09,13.318879427451392,13.595097008001623,12.990870638951328,13.09876823425293,143820
2015-04-10,13.042661177956004,14.17342835229478,13.034029995856724,13.629624366760254,282640
2015-04-13,13.789314417234404,15.39051449992068,13.651204789659728,13.832472801208496,409660
2015-04-15,13.897211996465812,14.113007208689236,13.379303157852236,13.659836769104004,273050
2015-04-16,13.65983595618174,13.65983595618174,13.128979963270764,13.172139167785645,117860
2015-04-17,13.629623668092895,13.629623668092895,12.956342930455536,13.18508529663086,233170
2015-04-20,13.258454376113113,13.318877580876189,12.706019291604155,12.770757675170898,143440
2015-04-21,12.52475258022176,13.008133327661293,12.429802173151169,12.77507495880127,157270
2015-04-22,12.908868457757498,13.888578837490446,12.714652453601332,13.116031646728516,146490
2015-04-23,13.284353783956512,13.50446500290475,12.602440934804363,12.749181747436523,74660
2015-04-24,12.602439454524994,12.852761842578207,11.09187312101928,11.765153884887695,136190
2015-04-27,11.834208711636368,12.356432696563276,11.221350315332767,11.480304718017578,75650
2015-04-28,11.825576792378294,11.825576792378294,11.329247997142168,11.614097595214844,86860
2015-04-29,11.52346345785766,12.084530621732185,11.480304255284238,11.803997039794922,55640
2015-04-30,11.540727129201429,11.834208731182729,11.523463941363715,11.704731941223145,49770
2015-05-04,11.911896340948436,12.78370922967956,11.242930663217876,12.567914009094238,145790
2015-05-05,12.796655238546007,12.796655238546007,12.170849650350126,12.22264003753662,60460
2015-05-06,12.42980237483651,12.494541589141749,11.661572040106524,11.734942436218262,52190
2015-05-07,11.65294180935485,11.739260226108923,11.264510580348372,11.415567398071287,42950
2015-05-08,11.963686696551694,11.963686696551694,11.402619454011909,11.7090482711792,49550
2015-05-11,12.080214925289662,12.248534914078885,11.652940537690863,11.795365333557127,107590
2015-05-12,11.65725553019998,11.782416304476053,11.350825951591316,11.411249160766602,19710
2015-05-13,11.307670306672224,11.808315171113618,11.307670306672224,11.488938331604004,60870
2015-05-14,11.808314084900491,11.808314084900491,11.419882050639243,11.50188446044922,30640
2015-05-15,12.02410801816531,12.257166390806924,11.488936056076938,11.734942436218262,117310
2015-05-18,12.058634672883764,12.252849837488752,11.760837099324192,11.873050689697266,73100
2015-05-19,12.080215378919585,12.416856192332729,11.911895383809698,12.10611057281494,109070
2015-05-20,12.084530064727682,12.300325244454962,11.855786877867184,11.993896484375,73480
2015-05-21,12.002529416277964,12.550649450284531,11.739259818389248,11.821261405944824,106610
2015-05-22,11.955053837205238,12.15358501657233,11.73925864753145,11.803997039794922,98180
2015-05-25,11.65294093977876,11.65294093977876,11.096188921967624,11.497568130493164,151460
2015-05-26,11.415565063654707,11.799680210954824,11.359457857280123,11.687466621398926,173430
2015-05-27,11.652941376837184,11.812630194947085,11.57525496928066,11.648625373840332,62010
2015-05-28,11.648625026628483,11.851472222273811,11.648625026628483,11.696100234985352,42530
2015-05-29,11.575255294060131,11.769471318400774,11.56662328782423,11.652941703796388,68680
2015-06-01,11.89462986458672,12.067265840660417,11.501882710321588,11.661571502685549,21870
2015-06-02,11.56662194720877,11.63567634270546,11.005554777999834,11.251561164855955,85980
2015-06-03,11.22135130101312,11.432830515210542,10.44448884791266,10.83292007446289,110680
2015-06-04,10.78976027819575,10.78976027819575,10.392697067030412,10.573965072631836,43140
2015-06-05,10.4444887020112,10.953764716306662,10.276167875075783,10.725022315979004,82800
2015-06-08,10.798392300301083,10.87607870613242,10.276167473986773,10.362485885620115,110060
2015-06-09,10.362486717086274,10.608493139828996,10.03016187578418,10.202797889709473,179910
2015-06-10,10.26753460779485,10.440170579560776,10.142373013768776,10.168268203735352,83460
2015-06-11,10.36248584034036,10.36248584034036,9.887736224818182,9.96542263031006,104870
2015-06-12,9.926579619007974,10.094899618691006,9.585622793483132,9.650362014770508,221610
2015-06-15,9.917948257425737,10.008582679200355,9.292142604268756,9.64604663848877,66920
2015-06-16,9.853209236838172,9.853209236838172,9.434566826588016,9.598570823669434,23680
2015-06-17,9.753942216250564,10.68617731992969,9.684887825103464,9.92226219177246,4814300
2015-06-18,9.982683739992886,9.982683739992886,9.525198231259584,9.607200622558594,576880
2015-06-19,9.62878062458997,9.75394222312814,9.4173014486537,9.512251853942873,192190
2015-06-22,9.54246346541792,9.797101852810142,9.387090666821091,9.438881874084473,226730
2015-06-23,9.58130831216052,9.710785117786966,9.494989892947254,9.555412292480469,1540760
2015-06-24,9.667625734018449,9.75394415167669,9.421619313843925,9.499305725097656,456310
2015-06-25,9.50362011892534,9.615833713601058,9.339615317786484,9.49067211151123,622210
2015-06-26,9.456144747353775,9.55541033285622,9.32666796828044,9.382774353027344,205450
2015-06-29,9.322352110676752,9.753942478548886,9.028870528812773,9.330984115600586,222520
2015-06-30,9.24035027515724,9.51656786405896,9.23603427243148,9.300772666931152,159720
2015-07-01,9.352564533941628,9.494989341130855,9.244666927792414,9.309405326843262,517090
2015-07-02,9.469094251810882,10.194166304935324,9.408671031921568,9.68057346343994,1135090
2015-07-03,9.680573261271729,9.79710287234601,9.542464458454832,9.61151885986328,236000
2015-07-06,9.581309806921752,9.667627416407806,9.425936957375844,9.641732215881348,172370
2015-07-07,9.58130761371114,9.79710282282001,9.58130761371114,9.650362014770508,294080
2015-07-08,9.658992661235578,9.667624666687097,9.23603427243148,9.300772666931152,322950
2015-07-09,9.482041437481564,9.482041437481564,9.27919423201505,9.29645824432373,200850
2015-07-10,9.451829677716452,9.5381480877459,9.322352885865646,9.369827270507812,440930
2015-07-13,9.482042661535791,9.482042661535791,9.32235464303315,9.32667064666748,445680
2015-07-14,9.365511612171476,9.45182919459552,9.257614016746428,9.322352409362791,295680
2015-07-15,9.32235205295366,9.400038450400547,9.257613662812355,9.30508804321289,154660
2015-07-16,9.296457562019782,9.45182954542747,9.25329835760912,9.274877548217772,102780
2015-07-17,9.261928790672725,9.374142383785344,9.028870422818278,9.132452011108398,332310
2015-07-20,9.110873475169983,9.236034261292628,9.106557472449431,9.141084671020508,280870
2015-07-21,9.149717453043031,9.266246243614937,8.998660637776142,9.02023983001709,168860
2015-07-22,9.063398628358678,9.145401036918928,8.847603422921567,8.88213062286377,290460
2015-07-23,8.864869229319483,8.951186835054637,8.744023593458014,8.787182807922363,318550
2015-07-24,8.804443728651362,9.822997305218546,8.756969345860972,8.981395721435547,1194470
2015-07-27,9.24466452025058,9.814363600643595,9.11087175396269,9.248980522155762,2297810
2015-07-28,9.343932081490712,9.36119609278266,8.946868876902977,8.99866008758545,471430
2015-07-29,9.063398380196896,9.391407182263416,8.955500780432649,9.01160717010498,303180
2015-07-30,9.063398960931748,9.23603496697748,8.998660561563774,9.046134948730469,427470
2015-07-31,9.046134006532588,9.29214121561752,8.933921231685414,9.110873222351074,591580
2015-08-03,9.106559587203884,9.494990867129566,9.106559587203884,9.223089218139648,818440
2015-08-04,9.236034777334478,11.065978050231934,9.197191573872578,11.065978050231934,5079290
2015-08-05,11.652941627916586,12.334854475437302,11.221351197253007,11.294721603393556,5447920
2015-08-06,11.294721220731615,11.46699085056764,10.791163322743468,10.95018196105957,1030640
2015-08-07,11.034108237803858,11.184292327206318,10.698402675757752,10.773494720458984,613600
2015-08-10,10.799996873660252,10.910426286100504,10.433371258059005,10.49079418182373,578770
2015-08-11,10.693984927463704,10.950181997837747,10.512880740999709,10.592390060424805,784890
2015-08-12,10.601224621301396,10.601224621301396,9.876807875115553,9.93423080444336,462550
2015-08-13,10.062331108839237,10.071164823936131,9.187729283502794,9.26723861694336,666610
2015-08-14,9.448341123108335,9.86355598776974,9.289323327554106,9.47042751312256,473700
2015-08-17,9.452758770177836,10.06232967821587,9.276071855713791,9.814967155456545,586390
2015-08-18,9.71778999574083,10.071163840400253,9.71778999574083,9.761961936950684,383960
2015-08-19,9.80613325122912,10.314108436392011,9.63386277577536,9.938648223876951,316480
2015-08-20,9.982818959428409,10.04907643776893,9.466009280357053,9.536684036254885,719420
2015-08-21,9.541101643258038,9.541101643258038,9.0993839823897,9.284905433654783,418690
2015-08-24,9.01104082002828,9.099384696135374,8.485396526461317,8.785764694213867,579800
2015-08-25,8.746012205790544,8.922700001875082,7.862576595407263,8.626749038696289,494240
2015-08-26,8.613494127117134,9.183310296854083,8.613494127117134,9.143555641174316,416160
2015-08-27,9.187726934049902,9.443923141561594,9.15680683284308,9.38208293914795,148390
2015-08-28,9.536684745275114,9.607359506427374,8.97570309143314,9.037543296813965,330860
2015-08-31,9.059629902956614,9.253985922029296,8.927114090744027,9.011040687561035,77510
2015-09-01,8.843188948203622,9.24073472732412,8.569323591359458,8.670918464660645,221610
2015-09-02,9.090548784520356,9.090548784520356,8.622328332992797,8.675333976745605,74590
2015-09-03,8.7018375705798,8.9668674722141,8.670916629046921,8.706254005432129,75420
2015-09-04,8.706254694907942,8.706254694907942,8.162942174017676,8.366132736206055,421030
2015-09-07,8.542819685046549,8.542819685046549,7.911163291029221,8.039261817932129,345640
2015-09-08,8.061347380323905,8.476562221021354,7.999507176872432,8.401470184326172,171400
2015-09-09,8.728341580176554,8.918280320038946,8.436807974693227,8.547237396240234,275010
2015-09-10,8.480980041964155,8.480980041964155,8.215949257682219,8.321961402893066,100160
2015-09-11,8.547236979968632,8.825518738009844,8.392635628830366,8.401470184326172,123790
2015-09-14,8.397052268139634,8.635579350823782,8.215948106793116,8.41472053527832,292040
2015-09-15,8.480980100104553,8.635580619695027,8.313126903821118,8.423556327819824,62000
2015-09-16,8.64883248112433,8.64883248112433,8.410305362640718,8.520734786987305,81480
2015-09-18,8.56932177586651,8.78576331150457,8.56932177586651,8.639996528625488,71930
2015-09-21,8.569322371812145,8.697420896664733,8.441224689469127,8.5958251953125,56250
2015-09-22,8.701838966091179,9.05521278661371,8.53840304753098,8.586992263793945,165890
2015-09-23,8.763678975111114,9.011040643861532,8.49423091651089,8.776930809020996,445250
2015-09-24,8.657669150258128,8.812270550577171,8.600245363777697,8.626749038696289,44730
2015-09-28,8.569320955952856,8.728339555700394,8.480977944711558,8.511898040771484,91180
2015-09-29,8.419138594717243,8.480979641720664,8.308709176687076,8.405887603759766,316380
2015-09-30,8.741592295200892,8.746008730089029,8.33521204222145,8.675333976745605,132120
2015-10-01,8.980120049218218,9.4969297482907,8.586991599008321,9.15680694580078,774560
2015-10-05,9.099383533289137,9.549935727340111,9.059628878372314,9.466009140014648,270530
2015-10-06,9.46159260633828,9.7001197120813,9.373248734575917,9.426255226135254,192610
2015-10-07,9.510182171447036,10.49521241819782,9.276071492383416,10.128586769104004,768540
2015-10-08,10.159507562714593,10.50404768771014,9.726624399201253,9.82380199432373,409870
2015-10-09,10.044659904102089,10.230181362700684,9.81496650916866,9.987236976623535,173760
2015-10-12,10.071163194226978,10.415703302546245,10.013740264095258,10.234599113464355,253460
2015-10-13,10.247849105455009,10.327357569226391,9.938646434920352,10.13741970062256,205390
2015-10-14,10.079997151583765,10.76466004946013,10.079997151583765,10.345027923583984,402820
2015-10-15,10.336192414526776,10.495211031561032,10.181591074911196,10.278769493103027,143860
2015-10-16,10.252267940840143,10.380366484845013,10.07116374190958,10.08883285522461,183800
2015-10-19,9.982818646127894,10.557051230403456,9.982818646127894,10.278769493103027,278640
2015-10-20,10.172759239002929,10.331777042859343,10.075580802886016,10.11533546447754,258360
2015-10-21,10.093249328806422,10.21692974211165,9.60735970400975,10.026991844177246,143690
2015-10-23,10.181592571459143,10.287605560070718,9.850304298949505,10.066746711730955,98070
2015-10-26,10.18159348481984,10.18159348481984,9.761962140836191,9.801716804504396,60520
2015-10-27,9.717788409784,9.845886934135743,9.66919919813202,9.775211334228516,105590
2015-10-28,9.775211753228128,10.04465980392468,9.717788826322266,9.854721069335938,123530
2015-10-29,9.872389757532478,9.916561691533408,9.761960343784931,9.775211334228516,156990
2015-10-30,9.81054896203736,10.353862331778396,9.717788656538636,9.845887184143066,155630
2015-11-02,9.960734453453536,9.960734453453536,9.49693117493723,9.70012092590332,76600
2015-11-03,9.717788769795808,9.788463529811738,9.541101869755986,9.68686866760254,82870
2015-11-04,9.775211759000303,9.978402327230198,9.70011972068854,9.788463592529297,71520
2015-11-05,9.784047192082385,9.850304680649868,9.541102786498382,9.589691162109377,52250
2015-11-06,9.633861618129709,9.673616273648898,9.364414427122409,9.404169082641602,140310
2015-11-09,9.187727949367131,9.26281999310036,8.843188677834405,9.05521297454834,136680
2015-11-10,9.05521322008362,9.05521322008362,8.617912780312453,8.666501998901367,210640
2015-11-13,8.82551980449381,8.82551980449381,8.613495502030762,8.666501998901367,94460
2015-11-16,8.657667377764037,8.785765076938901,8.401471136904627,8.63116455078125,88010
2015-11-17,8.613494744653336,8.644414847396709,8.436807841470062,8.4765625,421150
2015-11-18,8.39705297984874,8.560488045399318,8.348463766707415,8.370550155639648,127500
2015-11-19,8.4368082474437,8.551654950666578,8.215949397209622,8.32637882232666,556840
2015-11-20,8.436806778086101,8.560487173470781,8.295457273355321,8.344045639038086,354790
2015-11-23,8.35288090307108,8.436807494573427,8.304291690752422,8.366132736206055,375570
2015-11-24,8.436806778086101,8.441224055422627,8.304290985518866,8.344045639038086,183970
2015-11-26,8.374966467479009,9.011040136689306,8.317543542120731,8.728341102600098,429470
2015-11-27,8.825519561767578,9.099384910132557,8.66208448238836,8.825519561767578,382820
2015-11-30,9.086133220857032,9.24073458889618,8.706255718105352,9.059630393981934,247550
2015-12-01,9.187728248701385,9.34674689767246,8.87410907157475,8.997790336608887,481480
2015-12-02,9.019876260927456,9.227483294881385,8.966869761561705,9.046379089355469,192420
2015-12-03,9.099383000350317,9.267235322660822,9.028708249639632,9.121468544006348,451520
2015-12-04,9.18772866387782,9.8856426600521,9.03312812873615,9.377667427062988,1333750
2015-12-07,9.753127967793176,9.753127967793176,9.284907384783626,9.386502265930176,356170
2015-12-08,9.320241716720949,9.708952841866672,9.231897857933092,9.346744537353516,750770
2015-12-09,9.280489172447584,9.452758809452064,9.011041100201876,9.090550422668455,161540
2015-12-10,9.050794860957875,9.779628840205952,8.843187861568904,9.549936294555664,391400
2015-12-11,9.563188238579048,9.898893798774044,9.21864896450472,9.32024383544922,419470
2015-12-14,9.70895504895888,9.70895504895888,9.18772801714322,9.32024383544922,561570
2015-12-15,9.23631630861778,9.302573789872094,8.843187856333879,8.896193504333496,592910
2015-12-16,9.011039376278813,9.09054868353428,8.750425910279,8.900609970092773,445000
2015-12-17,9.09938463810561,9.09938463810561,8.90502861741526,8.980120658874512,517800
2015-12-18,9.07729887536942,9.130305372861269,8.834354464596883,8.869691848754883,284040
2015-12-21,9.143556634079353,9.342329091553468,8.843188466330401,9.08171558380127,995890
2015-12-22,9.011040495749867,9.426255350495534,9.011040495749867,9.200979232788086,328740
2015-12-23,9.231898277879305,9.45275709238603,9.231898277879305,9.293739318847656,231860
2015-12-24,9.293740011487271,9.761960497234192,9.293740011487271,9.580856323242188,533600
2015-12-28,9.717788274796566,9.894475165836411,9.48809489518999,9.572021484375,273610
2015-12-29,9.585275304269908,9.651532796832011,9.324661770017196,9.377667427062988,166020
2015-12-30,9.452757800832453,9.558769938639726,9.236316247495571,9.514598846435549,149810
2015-12-31,9.452757447685128,9.890057815744038,9.452757447685128,9.536684036254885,551570
2016-01-01,9.519015136801626,9.708953863423869,9.50134686869072,9.576438903808594,163670
2016-01-04,9.541102545461666,9.633862858610806,9.055212904059008,9.315826416015623,458100
2016-01-05,9.055212567053948,10.40686845091638,9.055212567053948,10.292021751403809,1390400
2016-01-06,10.380365572656876,10.954598224778726,9.98281982561024,10.12416934967041,2058030
2016-01-07,10.07116285611636,10.07116285611636,9.346746124109035,9.399752616882324,651570
2016-01-08,9.563187339199594,10.124168979498013,9.36441489419885,9.784046173095703,529460
2016-01-11,9.673616481681872,9.717788415709736,9.514598698694943,9.642696380615234,312690
2016-01-12,9.642695882480997,9.814965489529838,9.461591720581056,9.461591720581056,437840
2016-01-13,9.669201720439744,9.678036278046427,8.887361907463678,9.26723861694336,317760
2016-01-14,8.8343531600637,9.161224125884909,8.8343531600637,8.891776084899902,199400
2016-01-15,8.922698365683878,9.178894612014895,8.480980641491799,8.57374095916748,317410
2016-01-18,8.480981514922073,8.591410957342882,7.995091799768555,8.20711612701416,342080
2016-01-19,8.215948385398095,8.436807208432938,8.08343258607146,8.357297897338867,279020
2016-01-20,8.392635584651972,8.392635584651972,7.615212397814639,7.809568405151367,371010
2016-01-21,8.03926055488274,8.295456725927956,7.866990120164623,7.981836795806885,473910
2016-01-22,7.995091159882795,8.458894443925864,7.995091159882795,8.14969253540039,109840
2016-01-25,8.171777594831314,8.392636448745673,8.056930889694687,8.101102828979492,117220
2016-01-27,8.171777091745653,8.264537400274367,8.056930393679425,8.118770599365234,48930
2016-01-28,8.127605634094845,8.30429254825806,7.999507937267638,8.233617782592773,81760
2016-01-29,8.260120078621911,8.93594751827548,8.109936015919002,8.578156471252441,374590
2016-02-01,8.604659802883965,8.604659802883965,8.127604764433775,8.202696800231934,223550
2016-02-02,8.21594989876177,8.374967707731168,8.012759306037395,8.079017639160156,105680
2016-02-03,7.950918881774778,8.383802040913526,7.663802535101515,7.760980129241943,321920
2016-02-04,7.778648749983606,8.012758585257949,7.694722153418088,7.712390422821045,53980
2016-02-05,7.862573523277222,8.246868234343463,7.78306505711721,8.087849617004395,136470
2016-02-08,8.339629332671006,8.516317076665452,8.039262021401575,8.14527416229248,102880
2016-02-09,8.083432369699455,8.083432369699455,7.747727709080816,7.827236175537109,603700
2016-02-10,7.78748270241357,7.78748270241357,7.518035477554855,7.553372859954834,389940
2016-02-11,7.685887566623672,7.685887566623672,6.7361947103830655,6.9703049659729,269950
2016-02-12,7.001225388803127,7.403188409760346,6.842206754574914,6.917298793792725,346900
2016-02-15,7.2353359916774975,7.359017258440507,6.72294391742941,7.222084999084473,452240
2016-02-16,7.553372345332201,7.571040614073597,6.952636042951985,7.027728080749512,228050
2016-02-17,7.067482697689252,7.195581225989474,6.705274344234213,6.828955173492432,322150
2016-02-18,6.8333726865689535,7.195581473750501,6.8333726865689535,7.133740425109863,144610
2016-02-19,6.979139636760453,7.381102248913955,6.979139636760453,7.367851257324219,172640
2016-02-22,7.32809624815944,7.407605563945699,7.253004210195706,7.323678970336914,23710
2016-02-23,7.244169998445281,7.403188637566719,6.99680832620832,7.071900367736816,84020
2016-02-24,7.076316655818989,7.133739577185348,7.023310169357371,7.054230690002441,33850
2016-02-25,6.979139107088839,7.067482554772538,6.722942898178717,6.758280277252197,124450
2016-02-26,6.877544442101154,7.0233112491443705,6.6699374267698,6.714108943939209,206890
2016-02-29,6.674354309539323,6.979139759090063,6.674354309539323,6.912881851196289,129960
2016-03-01,6.731778033918551,7.266256919751538,6.731778033918551,7.124906539916992,208250
2016-03-02,7.023310736901034,7.597544209515204,7.023310736901034,7.239752292633057,389460
2016-03-03,7.244169977290237,8.08343342323984,7.244169977290237,7.862574577331543,845470
2016-03-04,7.950916922935027,8.480978388134485,7.646131538319865,8.330794334411621,579230
2016-03-08,8.480979279993441,8.958034311836224,8.427972790895549,8.494230270385742,1271460
2016-03-09,8.392635165913005,8.419137988429007,7.999506735639079,8.158524513244629,499140
2016-03-10,8.12760552011213,8.657667097677777,8.079017145967196,8.32637882232666,324000
2016-03-11,8.304292910817853,8.586992828331148,8.158526094955414,8.211532592773438,252720
2016-03-14,8.304292431797462,8.560488664368606,8.251286779546689,8.32637882232666,236720
2016-03-15,8.38822066928737,8.419140779558322,8.251288391297521,8.317545890808105,67640
2016-03-16,8.392635824371261,8.392635824371261,8.083433114890584,8.14527416229248,381570
2016-03-17,8.325879971947105,8.56066551375584,8.30781908193609,8.36651611328125,306720
2016-03-18,8.578724269873142,8.759328819106072,8.352968368034375,8.520028114318848,334550
2016-03-21,8.420696009492854,8.65096716123694,8.41618078755389,8.510998725891113,96340
2016-03-22,8.452303209495799,8.474879323217484,8.321365194672747,8.402637481689453,106540
2016-03-23,8.321363281973234,8.91284354647633,8.226545348517808,8.610330581665039,387990
2016-03-28,8.578725818413968,8.623877179170051,8.289758487479956,8.298788070678711,85540
2016-03-29,8.226546136658564,8.551635241147352,8.14075949958786,8.307818412780762,250020
2016-03-30,8.398120954702373,8.659997804869228,8.307818236221161,8.357484817504883,289780
2016-03-31,8.483907902385107,8.646451579470886,8.334908168171532,8.46584701538086,301850
2016-04-01,8.398120210746436,8.65999703771467,8.366514520434999,8.483907699584961,244100
2016-04-04,8.623877152513373,8.930905371277015,8.578725791896852,8.682573318481445,374300
2016-04-05,8.669027047355796,9.368870004414177,8.669027047355796,8.935419082641602,934630
2016-04-06,9.02120732589541,9.38241735342382,8.985086409261628,9.233418464660645,320270
2016-04-07,9.314689451576886,9.57205193956179,9.152145764817076,9.22890281677246,484800
2016-04-08,9.138600008956532,10.26737966709628,9.138600008956532,9.892624855041504,1539730
2016-04-11,9.924232030581088,9.933262475881284,9.34629731041911,9.40950870513916,435950
2016-04-12,9.481748438733842,9.653322555368076,9.260507745172909,9.314688682556152,299240
2016-04-13,9.30114483273903,9.9152003994732,9.30114483273903,9.594627380371094,574080
2016-04-18,9.603656036932724,9.910684193743778,9.53141421899958,9.833927154541016,386730
2016-04-20,9.84295772495965,10.466044543731895,9.75265587406444,10.10483455657959,705950
2016-04-21,10.113863983734342,10.384771231578826,9.770714917956717,9.833927154541016,255860
2016-04-22,9.861020072978006,11.27876717893638,9.721051623577235,10.858860969543455,3802230
2016-04-25,10.845316653195097,11.107193535440866,10.475077012212177,10.655681610107422,734220
2016-04-26,10.592467374404771,11.089130571645164,10.34413620637982,10.800163269042969,388860
2016-04-27,10.836283542539867,11.075585114132847,10.393802171238528,10.56537628173828,404300
2016-04-28,10.56537657427995,10.88143519749813,10.1454704375894,10.29898452758789,243750
2016-04-29,10.29898490881994,10.745981530529852,9.969381469759677,10.136441230773926,305440
2016-05-02,10.163534005653442,10.42992612263236,9.788779125000326,10.068716049194336,209430
2016-05-03,10.113865743055092,10.420893953274122,9.951322055026024,9.98744297027588,282940
2016-05-04,10.019047965474773,10.109349816713085,9.689443667942994,9.793292045593262,167360
2016-05-05,9.76168710497103,9.937776460433454,9.572052083245897,9.666869163513184,149320
2016-05-06,9.662352307251805,9.883592984981384,9.39596027747344,9.50432300567627,361650
2016-05-09,9.63977764037211,9.924229711327673,9.63977764037211,9.675898551940918,171860
2016-05-10,9.617202294448196,9.684929762547975,9.391446363957014,9.44562816619873,135060
2016-05-11,9.368870880655424,9.55399067012494,9.179235869346345,9.287598609924316,141460
2016-05-12,9.210842822029152,9.75265746028583,9.138600985087011,9.436598777770996,110800
2016-05-13,9.32823446087358,9.47271811057226,9.143114677048334,9.201810836791992,107150
2016-05-16,9.143115117100422,9.319204465996943,8.948964880527065,9.102478981018066,284810
2016-05-17,9.075389621545884,9.608173816559429,9.070874399074,9.332751274108888,322440
2016-05-18,9.301144275443004,9.513354534759388,9.21084156103277,9.287598609924316,83520
2016-05-19,9.25599311016254,9.368871074920618,9.043782846445938,9.134084701538086,167770
2016-05-20,9.125055292936803,9.301145523546936,8.894784976553124,8.957996368408203,77250
2016-05-23,8.980570444180875,9.36887091176763,8.854147677015336,9.079903602600098,143230
2016-05-24,9.079904282420628,9.179236587086438,8.953480644599127,8.99411678314209,34710
2016-05-25,9.030236712050034,9.120539423646726,8.944449222152222,8.962510108947754,63000
2016-05-26,9.070872906084473,9.391445898108977,8.957994946438017,9.025721549987791,225060
2016-05-27,9.0302373619069,9.797807882145204,9.0302373619069,9.36435604095459,517620
2016-05-30,9.274054675698704,10.285441210506418,9.210842425204692,9.879079818725586,813540
2016-05-31,9.84295842291133,10.457014841778868,9.675899513254487,9.811352729797363,373340
2016-06-01,9.811351990675991,9.93326039309515,9.662353119227184,9.689443588256836,256400
2016-06-02,9.752656605759883,9.820383214310118,9.391446591507709,9.603657722473145,152150
2016-06-03,9.617202587938444,10.09580579524257,9.590112116586123,9.802322387695312,259140
2016-06-06,9.752656305196508,9.84295816008366,9.594626982655836,9.62171745300293,72210
2016-06-07,9.57205138192642,9.752655946243983,9.301144104854824,9.576565742492676,187890
2016-06-08,9.617202656645638,10.00550314729539,9.481749437725782,9.626233100891112,165010
2016-06-09,9.617202849421297,11.323918092451436,9.572052349670017,10.583438873291016,4957630
2016-06-10,10.560861672391663,10.827253727148548,10.204167766260383,10.416378021240234,1132270
2016-06-13,10.294469833374023,10.6827702998739,10.140955735510842,10.294469833374023,411140
2016-06-14,10.380258330094147,11.048495725908918,10.371227885536776,10.502166748046877,642710
2016-06-15,10.438955384301648,10.998830030382154,10.438955384301648,10.669225692749023,1077960
2016-06-16,10.727922987307489,10.727922987307489,9.933261929596863,10.308016777038574,635330
2016-06-17,10.38477181224244,10.818222744077666,10.222227282209008,10.317045211791992,330010
2016-06-20,10.475075637504863,11.093646411766146,10.380257697809231,10.755012512207031,1644000
2016-06-21,10.836284757915296,10.994314082873002,10.65568018418815,10.723406791687012,441150
2016-06-22,10.800163881339536,10.800163881339536,10.438954732608666,10.515711784362791,153640
2016-06-23,10.565377857216978,10.62407488409178,10.217713501698745,10.280925750732422,132420
2016-06-24,10.384773998819066,10.384773998819066,9.933262085826932,10.091291427612305,509490
2016-06-27,10.195138036672128,10.69180126817648,10.113865761910802,10.538287162780762,285710
2016-06-28,10.800162631845684,10.800162631845684,10.384771728267372,10.56537628173828,243060
2016-06-29,10.57440833355982,12.028276286688396,10.56537788921472,11.558704376220703,3963020
2016-06-30,11.594825824684865,11.694158133469202,11.016890277926306,11.418736457824709,731750
2016-07-01,11.432280114504042,11.992154715459964,11.37809917377408,11.427764892578123,605900
2016-07-04,11.43227965869247,11.739307847889284,11.28779600758585,11.391643524169922,599000
2016-07-05,11.378097814048056,12.11857689759799,11.373582592661723,11.67158031463623,1125140
2016-07-07,11.653521000915315,11.90185304351599,11.387128931523804,11.5225830078125,402120
2016-07-08,11.649005846911344,11.72124767687742,11.039465514221408,11.202009201049805,305530
2016-07-11,11.730277779298143,12.055366865868406,11.65803595143598,11.95603370666504,1416520
2016-07-12,11.965065078793504,11.97409552327456,11.567734994723464,11.924428939819336,464230
2016-07-13,11.924426179084673,12.09148591854432,11.61288280614121,11.915395736694336,418750
2016-07-14,11.99667062364117,12.050852428661065,11.603855766711597,11.725763320922852,412400
2016-07-15,11.730277551042867,13.77111130141347,11.730277551042867,13.053207397460938,5494920
2016-07-18,13.107389478490797,13.89753522581456,13.057722898792337,13.138995170593262,2109060
2016-07-19,13.184146246157292,13.48214399558772,12.822936252684606,13.053207397460938,702070
2016-07-20,13.084814577010231,13.893021286545135,12.73715020940503,13.775628089904783,2557290
2016-07-21,13.90656535633659,14.267775371773332,13.5453562020904,13.653718948364258,1426820
2016-07-22,13.838837942649253,13.87495885597295,13.378295651879188,13.468598365783691,371750
2016-07-25,13.531809574585752,13.893019564362826,13.418931614253632,13.518264770507812,518600
2016-07-26,13.62662701453772,13.906563863735055,13.093842923315778,13.202205657958984,637240
2016-07-27,13.220268051026634,13.635659011762446,13.18414713536224,13.37378215789795,388730
2016-07-28,13.364751837985958,13.54535641798768,13.111905425983547,13.260904312133787,228150
2016-07-29,13.2383283266295,13.72596112784264,13.053208522727603,13.148026466369627,333040
2016-08-01,13.238327935821744,13.346690681648964,12.357880303029123,12.511393547058104,483710
2016-08-02,12.520423864327212,12.678453190003998,11.901853088848236,11.969579696655272,283130
2016-08-03,11.94248893520362,12.235971469353904,11.649005539862817,11.74833869934082,476440
2016-08-04,11.775429476086732,12.055367213006404,11.405189882334344,11.721247673034668,237080
2016-08-05,11.775428284757425,12.624270131297791,11.775428284757425,12.403029441833496,568380
2016-08-08,12.416576032799714,12.6423319606688,12.326273317175872,12.371424674987791,177990
2016-08-09,12.281122355488954,12.285636716027726,11.879276233489668,11.951518058776855,222380
2016-08-10,11.924428162887304,12.263062058148073,11.919912940940964,12.019246101379396,136650
2016-08-11,11.856702584162411,12.36239542933352,11.603856161576855,11.834126472473145,133140
2016-08-12,11.919911991685904,12.389484702424028,11.649004724813176,11.770913124084473,200260
2016-08-16,11.829611448120303,11.910882862073516,11.581279400604284,11.680612564086914,94070
2016-08-17,11.649004127658458,12.082455904673182,11.44582433381222,12.023758888244627,171140
2016-08-18,12.010215175640242,12.321758587914465,11.843155415090155,12.19081974029541,166830
2016-08-19,12.100518996065464,13.265419704102824,11.89733915071851,12.90872573852539,594570
2016-08-22,13.26090517768711,13.455054575617194,12.958392163492418,13.12545108795166,523680
2016-08-23,13.184146349993256,13.455052770743254,12.46172721854874,12.804876327514648,388860
2016-08-24,12.822936130064337,13.33766021513249,12.56105929636634,12.782299995422363,555670
2016-08-25,14.236167937811196,15.337857015347618,13.75304956893937,14.619953155517578,18591700
2016-08-26,14.70122677145552,15.008254973832948,14.276805382216692,14.6876802444458,3950990
2016-08-29,14.61995418053552,15.080496474072206,14.353562120226483,14.818618774414062,1708910
2016-08-30,14.967620294121271,16.597576819407298,14.904407180813545,16.249914169311523,7962520
2016-08-31,16.344729103064925,16.3582739072278,15.495886353777616,15.604249954223633,1136970
2016-09-01,15.622309368902888,16.146063047612046,15.085010885814167,15.274646759033203,1002300
2016-09-02,15.261099390199025,15.604249342849302,15.080495693039708,15.161767959594728,589200
2016-09-06,15.405583640469434,15.983519972213196,15.184343801364436,15.604249954223633,1346410
2016-09-07,15.62231029471528,15.8390375119182,15.288192469424605,15.34688949584961,455110
2016-09-08,15.34688696435676,15.848063619622907,15.19337288221607,15.455248832702637,1298380
2016-09-09,15.455251065432686,15.712612692909728,15.125647607828425,15.324312210083008,761520
2016-09-12,15.152737926071438,15.712611641498096,14.80958796414325,15.364947319030762,1614900
2016-09-14,15.265614106154665,16.254424297530704,15.265614106154665,15.82097339630127,2627820
2016-09-15,15.820975812066832,17.130359158096446,15.622309493549304,15.775823593139648,5311550
2016-09-16,15.974487305331936,16.606602765750047,15.811942788476184,16.07833480834961,2381770
2016-09-19,15.992547042334946,16.615633805214994,15.992547042334946,16.353757858276367,1156040
2016-09-20,16.48017944725707,17.613473221262037,16.43502895964152,17.170991897583008,3853330
2016-09-21,17.387720266507692,17.970170955688488,17.22969181086065,17.595417022705078,5141720
2016-09-22,17.703779918859922,18.86416528103972,17.703779918859922,18.45780563354492,5652490
2016-09-23,18.828046413705096,19.722039761385616,18.78289419066192,19.302133560180664,6033400
2016-09-26,19.33373695669807,20.04261041158267,19.324706513162987,19.7130069732666,3280630
2016-09-27,19.79879591082558,20.227732555639083,19.68591793705261,19.965856552124023,2219870
2016-09-28,20.07421841010524,20.19161246717365,18.85965203432008,19.613676071166992,1649550
2016-09-29,19.803311289723897,20.00197589643876,15.7261595732682,16.719484329223633,3807520
2016-09-30,16.493729764500845,18.2410821220973,16.493729764500845,17.961143493652344,2564390
2016-10-03,18.2907454301239,18.968013247501272,18.2907454301239,18.87771224975586,1732710
2016-10-04,19.1892555549398,19.31116397338634,18.45780676664177,18.67904663085937,1065960
2016-10-05,18.84610472315765,19.12604157818117,18.69259063058715,18.83707427978516,898540
2016-10-06,18.96801265175112,19.25698169155629,18.340411436274184,18.539077758789062,801860
2016-10-07,18.67904348311896,18.755801388041903,18.3223504548634,18.49843978881836,487740
2016-10-10,18.593255331223794,19.77621571847625,18.31783286846477,19.311159133911133,1703750
2016-10-13,19.306645381235192,20.123882425795145,19.13055604048681,19.564008712768555,3017220
2016-10-14,19.64979590268136,20.98175620357271,19.63173501532463,20.21418571472168,8370630
2016-10-17,20.430910734584668,21.08560324624645,20.22773006236122,20.66569709777832,3074360
2016-10-18,20.81018294245097,21.6499953279216,20.54379086020364,21.16687774658203,4306280
2016-10-19,21.31587521477337,22.29565687959339,21.08560491626958,21.929931640625,4692900
2016-10-20,22.069900975098488,22.57559379381319,21.94347647863397,22.09699058532715,2853180
2016-10-21,22.169232383318512,22.24147421445511,21.14881630321646,21.929931640625,2025480
2016-10-24,22.078930505286085,22.078930505286085,21.44681321627504,21.64999389648437,1835480
2016-10-25,21.853175749931435,22.12408218983409,21.43778392338207,21.76738739013672,1177240
2016-10-26,21.67708630371069,22.57559577333728,21.53711871224002,21.993144989013672,2137810
2016-10-27,21.91638684058553,22.810380147000007,21.853175453624075,22.48980712890625,2928930
2016-10-28,22.58010668908945,23.8398251543896,22.58010668908945,23.28446578979492,3787830
2016-11-01,25.311757802403616,26.747565786071057,24.92345729177413,25.97547912597656,11848270
2016-11-02,25.64587249298496,25.64587249298496,23.934642184297005,24.467426300048828,6292310
2016-11-03,24.381640147093787,25.27563341246817,23.298011007159428,23.53731346130371,4230780
2016-11-04,23.52376951991097,23.979797507687305,21.69063229117957,22.548503875732425,3406320
2016-11-07,23.48312914968489,24.37712407466513,23.302525453964947,23.686309814453125,2045070
2016-11-08,23.84434286049415,24.20103593455485,23.090317129757885,23.550859451293945,1164200
2016-11-09,18.981558284796623,22.846498556863835,18.981558284796623,22.327260971069336,3102220
2016-11-10,22.945834497084363,24.06558379639015,22.93680405244708,23.27092361450196,1277670
2016-11-11,22.756197890919097,23.451524829747395,22.15117194403506,22.435623168945312,1411960
2016-11-15,22.89165460171444,22.89165460171444,19.776221676569747,20.0606746673584,1606150
2016-11-16,21.03142224299616,21.30232865687228,19.95230750326257,20.20966911315918,1545340
2016-11-17,20.223216569627823,20.57991135146193,18.3584721104614,19.03573989868164,1369120
2016-11-18,19.14410256680813,19.866520816642748,18.97704194709933,19.564008712768555,1035570
2016-11-21,18.963497570763955,18.963497570763955,17.24775289693294,17.577356338500977,2454770
2016-11-22,17.78956828586299,18.00629377578937,16.714969557894584,17.130359649658203,1032810
2016-11-23,17.310963936522974,18.412652201103583,17.085208017539827,18.259138107299805,1126760
2016-11-24,19.053802317352723,20.76051672963797,18.828046369806795,19.965856552124023,4612270
2016-11-25,20.49864204508568,21.2075156282011,20.32255094786926,20.895971298217773,2345460
2016-11-28,20.85985038579877,21.6454801371073,20.566366958169663,21.342967987060547,1191840
2016-11-29,21.48293501525808,21.839628073817355,20.458002891633942,20.7785758972168,1018430
2016-11-30,21.491965655529345,23.207712245808903,21.491965655529345,21.984113693237305,3361240
2016-12-01,22.128594223325337,22.196321687368027,21.10366387598727,21.59581184387207,812270
2016-12-02,21.356510847570544,21.57323633585696,20.778576212140106,20.886938095092773,701820
2016-12-05,21.13075526794204,21.28878545659178,20.20064191382189,21.076574325561523,525900
2016-12-06,21.39714650775332,21.979597213391088,21.33393512370848,21.627418518066406,1251720
2016-12-07,21.821568300810245,21.821568300810245,20.96369510615273,21.10366439819336,725460
2016-12-08,21.39263388241545,21.93444849620739,21.311361604227592,21.70869255065918,863810
2016-12-09,21.7989942539257,21.7989942539257,21.230090010646464,21.342967987060547,386200
2016-12-12,21.221057986830303,21.528086197621743,20.963696357546468,21.076574325561523,412960
2016-12-13,21.230089417563185,21.77641839477361,20.95015252614332,21.10818099975586,769360
2016-12-14,21.04496430027581,21.311356318850724,20.50314982085793,20.65666389465332,269880
2016-12-15,20.23224912302249,21.401665028174826,20.23224912302249,20.61603355407715,491570
2016-12-16,20.58894327511643,21.004335145468392,20.408339536930587,20.60700416564941,397980
2016-12-19,20.81018339311612,20.814697754236548,19.956826183716043,20.19612693786621,388470
2016-12-20,20.381246477181936,20.408337810689883,19.514344473501662,19.694948196411133,402170
2016-12-21,19.857491007661658,19.857491007661658,19.256981141246992,19.40597915649414,223420
2016-12-22,19.32470560208841,21.61387039768772,18.069503290365965,20.44897079467773,4560440
2016-12-23,20.408335670117943,20.74245346976545,20.069701787502208,20.27288246154785,1137740
2016-12-26,20.047127958994466,20.047127958994466,19.05831584943199,19.12604331970215,546390
2016-12-27,19.13958702368244,19.84846048956838,18.534561076490125,19.44661521911621,473870
2016-12-28,19.55046432036329,19.988431400968548,19.37437496039492,19.442102432250977,421670
2016-12-29,19.392433862297946,19.767187793663144,19.279555902357192,19.586584091186523,437130
2016-12-30,19.51434293599905,20.223216410984925,19.51434293599905,19.88458251953125,492000
2017-01-02,19.902643779386803,20.841787560279936,19.902643779386803,20.719879150390625,782400
2017-01-03,20.986273272897414,21.67257157960396,20.828244794081964,21.198484420776367,1327110
2017-01-04,21.34296527072289,21.94347513318016,21.315873939774203,21.50099372863769,1061690
2017-01-05,21.478421680962587,22.115053412875447,21.478421680962587,21.993144989013672,967470
2017-01-06,23.027106028179915,23.153528804231485,22.10150701269989,22.2866268157959,1466330
2017-01-09,22.399503707885746,22.62977399923129,22.28662574259495,22.399503707885746,537770
2017-01-10,22.54398847435192,22.661380806179874,22.033779563879417,22.18277931213379,509740
2017-01-11,22.22341552611265,23.47861801498244,22.22341552611265,22.972925186157227,2514410
2017-01-12,23.09483373097165,23.29801270241001,22.6658970934374,22.995500564575195,821960
2017-01-13,23.036136408655764,23.60504062169168,22.76071388526605,23.42895126342773,1217140
2017-01-16,23.22125628632037,23.83982708391921,23.22125628632037,23.388315200805664,684460
2017-01-17,23.42443552431732,23.55988873636801,22.96389322544016,23.0406494140625,356920
2017-01-18,23.18965063084627,23.51473973839046,22.846500634576035,22.909713745117188,514060
2017-01-19,23.47861541344298,23.47861541344298,22.70201450629796,22.841983795166016,302870
2017-01-20,22.48528922294763,22.909711453652548,22.218897169217453,22.34532165527344,382480
2017-01-23,22.358866459272623,22.70201469883949,22.255018943056584,22.34532165527344,250880
2017-01-24,22.467232333210305,23.009046980525586,22.440142720392377,22.70201873779297,309450
2017-01-25,22.67944235429869,22.936803997510804,22.408535905353684,22.751684188842773,276650
2017-01-27,22.78329032893329,22.923259639638857,22.214386086081387,22.340808868408203,479330
2017-01-30,22.656865957891213,22.665896402050084,21.89832587235722,21.97056770324707,320840
2017-01-31,22.11053580325627,22.11505016389996,21.05399800738736,21.189451217651367,531090
2017-02-01,21.13527052779884,21.898324941796,20.64312253753128,21.627418518066406,466670
2017-02-02,21.938962235517188,22.182779063170933,21.744811990057475,21.84865951538086,415050
2017-02-03,21.94347555327468,21.94347555327468,21.591296856104574,21.753841400146484,297110
2017-02-06,21.85768811304944,22.53044151272929,21.686113131523545,22.304685592651367,504890
2017-02-07,22.327258345116253,22.643316942382057,22.096986367836266,22.236955642700195,372940
2017-02-08,22.160203081337805,22.31371546140052,21.50551053496341,21.86220359802246,501300
2017-02-09,22.03377885933897,23.18061941979425,21.87575039416568,22.75619888305664,2509270
2017-02-10,22.82392184107721,23.47861431550497,22.756196102441784,23.05870819091797,1471600
2017-02-13,23.76758334256056,23.93012788300723,22.89165097973029,23.18061828613281,1764160
2017-02-14,23.26640651666253,23.26640651666253,22.39498845453862,22.51238250732422,406440
2017-02-15,22.50786718913561,22.72910877467166,21.681601320141905,21.83511543273925,421920
2017-02-16,21.582267103558703,22.304687131063847,21.582267103558703,22.21889877319336,361120
2017-02-17,22.43110857627266,23.469585474318784,22.40401724554101,23.05419540405273,1876740
2017-02-20,23.207709572998183,23.478615991641647,22.692984621765994,23.013559341430664,1143010
2017-02-21,23.17610513493952,23.37476973786317,22.665896239108385,22.71556282043457,715960
2017-02-22,22.88713573621796,23.09934686318281,22.40853426332678,22.52592658996582,366760
2017-02-23,22.711046157710225,22.711046157710225,22.133111529492467,22.273080825805664,361970
2017-02-27,22.3814454931856,22.3814454931856,21.762874651780027,21.826086044311523,483080
2017-02-28,21.907354675706205,22.39950265002668,21.76738538529876,22.01571655273437,339720
2017-03-01,22.22792962590608,22.93680313908388,21.94347665949285,22.742652893066406,798730
2017-03-02,23.38831448966724,23.465072403100866,22.10602071171857,22.36338233947754,1255450
2017-03-03,22.39498611178066,22.75619695421337,22.12859406279605,22.467227935791016,374590
2017-03-06,22.30920151215582,22.69750199740496,22.033778994833472,22.11505126953125,341190
2017-03-07,22.273081487327296,22.89165227011229,22.124081742725195,22.57107925415039,590230
2017-03-08,22.34532433049832,22.729108750391127,21.988629521847106,22.209869384765625,474070
2017-03-09,22.124078875989515,22.652346871387664,21.5009920906848,22.25050163269043,1485120
2017-03-10,22.385958447399933,22.45820027481984,21.96153620422457,21.979597091674805,348950
2017-03-14,22.39498798047004,22.57559341675653,21.8892951702014,21.925416946411133,375600
2017-03-15,22.06086878304937,22.065383143602773,21.862202471079897,21.911869049072266,346850
2017-03-16,22.04732396611365,22.562047187949915,21.898324232223693,22.01571655273437,873730
2017-03-17,22.13311160024492,22.385958862088984,21.853174729104705,21.9434757232666,361150
2017-03-20,22.200837625995383,22.756198736908715,22.01571782981797,22.173748016357425,587340
2017-03-21,22.38596143603342,22.390475797308152,21.95250869126492,22.07441711425781,518120
2017-03-22,21.97508208483124,22.340807322894907,21.812539256961823,21.86672019958496,381470
2017-03-23,21.87574759276833,22.376925978681665,21.871231510123945,22.22792625427246,516600
2017-03-24,22.44465490277088,22.534957622286907,21.853175448584103,21.929931640625,540300
2017-03-27,22.0744144453478,22.49883669387075,21.85317459962848,21.92090034484864,494380
2017-03-28,21.94347654240432,22.16923248099852,21.71772060381011,21.78544807434082,377690
2017-03-29,21.62290574643184,22.20084045749944,21.59130004956916,21.78996467590332,638380
2017-03-30,21.853173368210268,22.03829315052361,21.67256794637146,21.74029541015625,278100
2017-03-31,21.925416557862857,22.12408115635252,21.537116082394885,21.9434757232666,3511600
2017-04-03,21.97508251426718,22.489807507579595,21.97508251426718,22.2866268157959,714330
2017-04-05,22.575594596924827,23.02710648886332,22.404019595721465,22.873592376708984,1036950
2017-04-06,22.75620201455984,24.18749400928853,22.706535426561828,23.623104095458984,4204000
2017-04-07,23.62310033252629,24.29133767737093,23.207710248858422,23.31155776977539,1669000
2017-04-10,23.428951037736063,23.889493359272127,23.428951037736063,23.550859451293945,718840
2017-04-11,23.47861787314727,24.652548077852177,23.47861787314727,24.155885696411133,2109100
2017-04-12,24.21909917079587,24.33197715106422,23.48313425717948,23.803709030151367,975020
2017-04-13,23.92561285947145,23.93012721996721,23.48312974612398,23.546342849731445,553290
2017-04-17,23.749520623544864,23.83530897015331,23.20770782701997,23.410886764526367,375140
2017-04-18,23.645674201576465,24.06558034387284,23.11740618394093,23.19416236877441,483940
2017-04-19,23.162558417396607,23.298011632931345,22.81037971253008,23.00452995300293,345820
2017-04-20,23.00001653545917,23.198682882157502,22.58462639669228,22.70201873779297,454840
2017-04-21,22.70201490495745,22.9277708263588,22.214383010368664,22.327260971069336,501530
2017-04-24,22.4672285536592,22.485289440753714,22.124080310768388,22.223413467407227,435140
2017-04-25,22.30468817316316,23.20771195794902,22.12408272725352,22.498838424682617,699850
2017-04-26,22.65235008714712,23.09031715986525,22.340807511458177,22.51238250732422,438880
2017-04-27,22.52592554829152,22.656864395996955,22.313714431140024,22.431108474731445,216890
2017-04-28,22.57559283629236,22.900681924296908,22.417564375390736,22.52141189575196,322240
2017-05-02,22.485289660962565,22.733620832610686,21.871233272783275,22.101505279541016,379150
2017-05-03,22.21438287757988,22.3453217245814,21.866718554014284,21.911869049072266,212990
2017-05-04,22.11053703781246,22.3949882785351,22.03377912353572,22.13762664794922,301770
2017-05-05,22.4762605835868,22.4762605835868,21.58678336116483,21.659025192260746,309900
2017-05-08,22.106020379388543,22.11053646254792,21.61387238026233,21.695144653320312,235360
2017-05-09,21.88929460738335,22.62977377683277,21.6274186261205,22.52141189575196,580260
2017-05-10,22.214379936145843,23.11740349678282,22.214379936145843,22.936798095703125,569870
2017-05-11,23.117408588518643,24.214582594141618,22.896167009585383,24.133310317993164,2447840
2017-05-12,24.37712575312372,24.715759643593373,23.64116094890296,23.74500846862793,2114430
2017-05-15,23.97527818711192,24.593850652465555,23.48313020908466,23.966249465942383,934370
2017-05-16,23.749522463490585,25.054393148133983,23.749522463490585,24.81960678100586,3053070
2017-05-17,25.01375663522853,25.07696801727354,24.426789865082608,24.73381805419922,1116120
2017-05-18,24.39067221174408,24.87830415145321,23.61407121910302,24.1784610748291,662860
2017-05-19,24.033975820793927,24.788001513837497,23.83982558546792,23.91206741333008,481800
2017-05-22,24.15137098068852,24.31391380908417,22.58010813810052,22.760713577270508,638160
2017-05-23,22.91874102598564,23.02710462914693,21.68159950652172,22.16923141479492,660460
2017-05-24,22.30468860683623,22.652351255043,21.812540565663788,21.902841567993164,392330
2017-05-25,22.02474920115936,22.525927669136337,21.95250736844797,22.413049697875977,305440
2017-05-26,22.36789801824217,23.090316307242773,22.30468663325225,22.77425765991211,314080
2017-05-29,23.45152342432896,23.45152342432896,22.589135912847272,22.71104431152344,221620
2017-05-30,22.819410444719235,22.819410444719235,22.22792927181151,22.2821102142334,206880
2017-05-31,22.3453248285944,22.44014191481589,21.98863001199215,22.047327041625977,301570
2017-06-01,22.128596103600515,22.738138164634872,21.95250674898429,22.57107925415039,470790
2017-06-02,22.57559521531508,22.90971478234948,22.21438603634628,22.277597427368164,299890
2017-06-05,22.268564775714925,23.812736231048707,22.268564775714925,23.58246421813965,886590
2017-06-06,23.559890298516848,24.137824960189867,22.31371653130796,23.243831634521484,794060
2017-06-07,23.29801314416771,23.46958814691091,22.34080840693416,22.584625244140625,839020
2017-06-08,22.74716712266632,22.75619756620809,22.2369582580326,22.327260971069336,369690
2017-06-09,22.33177515006588,22.936801083397143,21.947990775756608,22.720075607299805,390880
2017-06-12,23.01807325662533,23.01807325662533,22.245988428289,22.385957717895508,320970
2017-06-13,22.471744945866885,22.521411524869784,21.85768855525103,21.95702171325684,374880
2017-06-14,22.11505151637637,22.21438468042264,21.713206221652623,21.88929557800293,280760
2017-06-15,22.00668879858771,23.10837711614657,21.97508138381963,22.44013977050781,967240
2017-06-16,22.26856496561236,22.67041024846668,22.124081307111503,22.52592658996582,445200
2017-06-19,22.539471712814056,22.66589620757238,22.137626424288342,22.25953483581543,187190
2017-06-20,22.376927868657745,22.58462290593917,21.94799126739844,22.435623168945312,356160
2017-06-21,22.151176570497228,22.476263998632085,21.961540658568964,22.00669288635254,263680
2017-06-22,22.056355172078515,22.57559453534389,21.993143782960537,22.354352951049805,453670
2017-06-23,22.21438460939036,22.75619920423034,21.893811591296604,22.48980712890625,634730
2017-06-27,22.372412083527774,22.6658954783975,22.08344477174401,22.562047958374023,506060
2017-06-28,22.35886929614528,22.66589752320945,22.27308265596427,22.584625244140625,427850
2017-06-29,22.67041351169551,23.659225737220048,22.53044591621492,22.64332389831543,1081360
2017-06-30,22.65234545709864,22.972920133888127,22.39498387709381,22.566558837890625,163570
2017-07-03,22.51689642130426,23.08128625746756,22.31823181903197,22.75619888305664,265580
2017-07-04,22.57559231647898,23.06774029787346,22.399502971991403,22.516895294189453,315130
2017-07-05,22.521414236345663,23.085804115908587,22.521414236345663,22.65235137939453,454520
2017-07-06,22.57559548535605,23.02710739506317,22.57559548535605,22.94583511352539,305740
2017-07-07,23.099346125880768,23.857886169989147,22.86004539707336,23.699857711791992,1634580
2017-07-10,24.19651996783936,24.20103432846511,22.84649878644548,23.84434127807617,109710
2017-07-11,24.56224882853576,25.253061506299527,24.21006836413865,24.341007232666016,2705440
2017-07-12,24.381642545700966,24.788003943748468,24.20555318067412,24.4990348815918,694320
2017-07-13,24.65254724748128,24.833152683220764,23.844342314618803,23.939159393310547,698030
2017-07-14,24.18297565060229,24.18297565060229,23.30704154679864,23.7675838470459,625880
2017-07-17,23.686310725726045,24.01591416241701,23.48764613607669,23.75855255126953,269930
2017-07-18,23.573434517011226,23.81273698133712,23.316072886743523,23.465072631835938,329800
2017-07-19,23.47861475574434,25.51041795576068,23.33413111042254,25.302722930908203,3301340
2017-07-20,25.67296722129124,26.06578209679389,24.85121569110438,25.31175804138184,1620760
2017-07-21,25.393028630586333,26.350233324176767,25.311756355223064,26.12447738647461,3997940
2017-07-24,26.00708268956793,27.993735581046227,25.96193219209932,26.7611083984375,6162270
2017-07-25,26.86495531778377,27.397739443389124,26.201232341123653,26.422473907470703,1693820
2017-07-26,26.508258970996625,26.95525643793169,26.18768598694169,26.323139190673828,1127110
2017-07-27,26.38634916216701,26.449562261422628,25.37496368740901,25.51944732666016,719900
2017-07-28,25.28917830697015,26.9055915788487,25.28917830697015,26.070295333862305,1436150
2017-07-31,27.54222485813231,27.808616937950475,26.68886767499412,26.815290451049805,1932680
2017-08-01,26.910108181671923,27.31646957504658,26.639201734342944,26.84238243103028,760750
2017-08-02,26.982348435877064,27.04556154410826,26.36829374306096,26.47214126586914,548850
2017-08-03,26.35023253945154,26.639199855523707,26.00708255983004,26.07481002807617,686230
2017-08-04,26.26444476535293,26.81528980030992,25.659420510408182,25.85356903076172,1177850
2017-08-07,27.989221674070137,31.023380279541016,27.876343706187324,31.023380279541016,11018210
2017-08-08,32.048311977121045,32.87006338962354,30.1700210658228,31.041439056396484,9634030
2017-08-09,30.70280350346268,32.18376170952664,30.25129168723529,30.81568145751953,3236800
2017-08-10,30.567349974478017,33.321574934859726,30.544776449494424,31.68258476257324,7213440
2017-08-11,31.16786455941685,32.734611335896915,30.08875144061448,30.883413314819336,4792310
2017-08-14,31.19494960676296,32.653334283126874,31.19494960676296,32.391456604003906,2048150
2017-08-16,32.784140960176344,34.409648715303994,30.793348919496605,33.68364715576172,4087210
2017-08-17,33.8388974563884,34.24527443432025,32.51474614820613,32.674556732177734,1497810
2017-08-18,32.50104606542938,34.15395243687103,31.72025428714884,33.73844146728516,2631290
2017-08-21,34.23613872595555,35.43243790276884,33.94390922330757,34.80232620239258,2969840
2017-08-22,35.09455585944861,35.88904521334483,33.738442498599134,34.78406524658203,1972850
2017-08-23,35.03063331338302,35.52376610169754,34.204181804462735,34.56489562988281,986420
2017-08-24,34.41878021540396,35.06716001453485,34.07632749449486,34.825157165527344,1143970
2017-08-28,35.02606488829106,36.7565931059718,34.83429219510875,36.15844345092773,2529940
2017-08-29,36.32738715858381,36.43697454845189,34.79319853652628,34.98040771484375,1811110
2017-08-30,35.24980007293482,36.52829167500369,35.213274428802926,36.40501022338867,1810470
2017-08-31,36.59221126298547,42.555453007405376,36.40956913106692,40.97560501098633,10997620
2017-09-01,41.99839740736924,43.55998076233454,41.55092438124491,41.96186828613281,4912950
2017-09-04,42.409346014134606,43.27689365109814,41.64225173815551,42.32259368896485,2011510
2017-09-05,42.64678255229048,43.80655626703822,42.01210374340707,43.15817642211914,2000730
2017-09-06,42.8705112269594,44.610169807981706,42.28149217177342,43.20839691162109,2033480
2017-09-07,43.28603251296551,44.085088994602245,42.240409613247685,42.7563705444336,947510
2017-09-08,43.0029282017669,43.0029282017669,41.208475872092095,41.50070190429688,935870
2017-09-11,41.82488911098058,42.824852110875945,41.55092764738992,42.30889129638672,796650
2017-09-12,42.54632786627306,42.683310353493134,40.97561020954946,41.4459114074707,912640
2017-09-13,41.54636702313115,41.8248955409573,40.82036885882367,40.95734786987305,1037390
2017-09-14,41.06235804843215,41.35915105740683,39.74734105747208,39.84322738647461,777960
2017-09-15,39.47337842879155,44.153565163064656,38.41862526489558,43.19469833374024,6289690
2017-09-18,43.58281310869884,44.2722855340647,42.15364506587086,42.51436233520508,1518100
2017-09-19,42.82485362764716,44.107908675798896,42.55545568232168,42.81571960449219,1244910
2017-09-20,43.01205998457943,44.10334236718024,42.55545636060891,43.40473937988281,1869320
2017-09-21,43.41386969037817,43.87960381420993,41.19477598897221,42.46870040893555,1169590
2017-09-22,42.45501411226298,42.45501411226298,39.9528242708543,40.33180618286133,1167110
2017-09-25,40.272437066184224,40.61945678569134,37.80678035554326,39.13092803955078,620120
2017-09-26,39.52360944810124,40.72904276328889,38.82043943364023,39.94368743896485,549160
2017-09-27,40.26330984824551,40.82036685657401,36.642442777719616,38.199462890625,674520
2017-09-28,37.81134321219296,38.90262554359245,36.9848918063371,38.12183380126953,473540
2017-09-29,38.32730574201175,39.08526587574894,37.7382867039029,37.93918991088867,593370
2017-10-03,38.77934910020159,40.27244154012038,38.354707555775406,39.07157516479492,700450
2017-10-04,39.26790533867028,41.65594344030976,39.17658602202379,40.2085075378418,1610880
2017-10-05,40.50987387833956,41.441345684726606,40.18568572493575,40.56010055541992,624100
2017-10-06,40.85689263594209,42.37281648477912,40.65141892087253,41.29066467285156,882420
2017-10-09,41.5418015123521,42.327156862278166,41.27697055990701,41.865989685058594,719220
2017-10-10,41.77923156890286,43.3271175745702,41.77923156890286,42.450439453125,1215010
2017-10-11,42.45043956585559,44.7197601390676,42.01666403201949,42.35455322265625,2767810
2017-10-12,42.674172273568274,43.83394584200439,42.33171957167762,42.95726776123047,688940
2017-10-13,43.23122987337948,43.833946498387945,42.10798541239137,42.304325103759766,491830
2017-10-16,42.706140323489215,43.28146191805836,41.93447901319622,42.27693176269531,483160
2017-10-17,42.9207404479407,44.199231982386856,42.9207404479407,43.386474609375,1223360
2017-10-18,43.43214011021181,43.73806371730783,42.7426676285698,42.8796501159668,519060
2017-10-19,43.15817192320922,43.185570508815,42.482400527491215,42.64677810668945,171810
2017-10-23,42.738098409141074,42.91617354339344,41.65138304067677,41.83858871459961,405060
2017-10-24,41.99383551343841,43.82938053412831,41.27696796896179,42.52806091308594,1162230
2017-10-25,42.65590885408112,43.27232303727472,42.19017469982192,42.66504287719727,513060
2017-10-26,42.91161166112738,43.01206153579186,42.213005165025805,42.404781341552734,220010
2017-10-27,42.829416644041615,44.56450813545706,42.829416644041615,43.29515075683594,1164540
2017-10-30,43.37734316526529,44.153567912673765,42.920739552999336,43.06685256958008,454870
2017-10-31,43.28602691580236,47.34066602708848,42.83398679930051,45.91606140136719,6628750
2017-11-01,46.28134362329424,46.9205893938366,44.34534523227696,44.64670181274414,1916340
2017-11-02,44.72888853049805,45.46858762143499,44.03028557530656,45.03937911987305,964860
2017-11-03,45.46859052621427,46.82926739921957,45.322477503268544,46.381797790527344,1826770
2017-11-06,47.66941455858366,49.016393729244456,44.46862247999644,44.68779373168945,4183150
2017-11-07,44.92979365518433,45.5233762280881,42.19017213332686,42.61937713623047,1276750
2017-11-08,42.98922756675292,42.98922756675292,41.23586801570203,41.57375717163086,711270
2017-11-09,41.21304606350353,42.59198754163986,41.21304606350353,41.523536682128906,470550
2017-11-10,41.532661733596136,41.532661733596136,39.82039828737132,40.32722854614258,792400
2017-11-13,40.761001398446965,42.537192588160586,39.99847423075864,40.61032485961914,998940
2017-11-14,40.9071157392788,41.094324891472304,40.36832682385532,40.67881393432617,413310
2017-11-15,40.87972406280176,41.17195011893837,39.98934834232448,40.719913482666016,410210
2017-11-16,40.96647157449793,41.185639330411554,40.28613325192006,40.87514877319336,353260
2017-11-17,41.12172256281806,42.281496222479376,40.90711829537551,41.1445541381836,1623320
2017-11-20,41.4550472801804,41.71074421854577,40.322668655001806,41.53266906738281,497140
2017-11-21,41.27697178974632,42.14451944528178,40.91168746627576,41.07606506347656,599500
2017-11-22,41.31349127508459,41.35001691201794,40.36375504264387,40.95277404785156,545980
2017-11-23,40.95734217837126,45.28594590804671,40.91168251436642,44.57820892333984,3542630
2017-11-24,44.99372542288775,46.36353641349627,44.19923602374546,44.436668395996094,2508300
2017-11-27,44.46406107350681,44.92979873570776,43.23579965450675,43.87504196166992,699910
2017-11-28,44.16727090088873,44.90696655596811,43.37734508394048,43.687835693359375,709120
2017-11-29,43.74718491309193,44.007448796666615,42.92073360419151,43.13533782958984,444740
2017-11-30,42.747230400774576,43.77915203134437,42.42304226193798,43.47322845458984,729550
2017-12-01,43.82025506653599,43.82025506653599,42.190180092848216,42.65591430664063,480970
2017-12-04,42.86594811508121,43.32711876308312,42.012101544842885,42.1582145690918,323630
2017-12-05,42.03492719300935,42.03492719300935,40.363759793032486,41.38655090332031,419800
2017-12-06,41.27696811911323,41.73357174104234,40.11262748975033,40.35006332397461,496340
2017-12-07,40.48247933532964,43.05772351886098,40.48247933532964,42.40934371948242,1001760
2017-12-08,42.7746265608194,43.65130466080394,42.47326650441959,42.64677810668945,715720
2017-12-11,42.920741943359374,43.83394921875,42.51436498449929,42.80659103393555,357920
2017-12-12,42.57828575394177,43.17643535594467,41.331756391574594,41.60115432739258,435700
2017-12-13,41.642249449343126,43.00292979256435,41.18564582168099,41.66508102416992,569250
2017-12-14,41.82032800106624,41.97100804656757,40.9116876832171,41.62855529785156,254890
2017-12-15,42.09884871894708,43.07141657469744,42.00752939631168,42.22213363647461,507330
2017-12-18,42.19017736846497,43.28602680990744,40.36376279393064,42.53719711303711,593920
2017-12-19,42.87051454984558,44.19923278552083,42.46413759776006,43.87960815429688,885580
2017-12-20,43.87960843249284,45.19462912498027,43.126211741356784,44.22206115722656,1137080
2017-12-21,44.381875224320176,45.29508256213425,43.4686678865061,43.76546096801758,727740
2017-12-22,44.190096048534535,44.62843508846462,43.88873948266155,44.21749114990234,426800
2017-12-26,43.86590659284367,45.11243592181014,43.86590659284367,44.77911376953125,829210
2017-12-27,44.9297997525955,48.856590436773146,44.29512095925514,46.77447891235352,2825970
2017-12-28,47.29500350022102,47.79269977077959,45.6603617147662,46.00738143920898,1024430
2017-12-29,46.386357196956894,46.65575512746852,45.66035915846952,45.82930374145508,409400
2018-01-01,46.2996068375855,47.65115310768808,46.03477590722247,46.450286865234375,1116850
2018-01-02,46.83839545792686,47.194545688276605,44.85673413525048,45.64665985107422,732170
2018-01-03,46.06216915904894,47.21281216301363,45.934320710521526,46.57356643676758,867910
2018-01-04,46.84752575781194,48.73330073836664,46.61922397197114,47.69224166870117,1629580
2018-01-05,47.852062540986005,48.938777942718254,46.57357096421101,46.74251556396485,867970
2018-01-08,47.29500361864596,48.399983538843934,46.95255090492772,47.57353210449219,1257180
2018-01-09,47.76074190112697,55.523004082421714,47.49591094358123,54.007080078125,14364300
2018-01-10,55.130321505180895,55.96133997536673,53.42262489837009,53.88835906982422,5391770
2018-01-11,53.879230196207146,54.35409840580007,52.267419884155736,53.0025520324707,1460690
2018-01-12,55.70563908791056,57.98865708331672,53.97054401795826,55.93394088745117,9608640
2018-01-15,56.13484805727448,58.627899827554906,56.11658349512475,57.344844818115234,3984420
2018-01-16,57.04348963503226,57.27635845357737,53.97054578009601,54.281036376953125,2530720
2018-01-17,54.23537514916447,55.97960076498924,52.35417054325622,55.24446868896485,1420730
2018-01-18,55.70564496654336,56.3357567456721,52.50941943567612,53.23085403442383,1261290
2018-01-19,52.98428431135999,53.69658484149984,51.68752822327992,52.349605560302734,1331820
2018-01-22,52.769679823802726,55.23990706139869,52.737717709989525,54.701114654541016,1775720
2018-01-23,54.88375743595692,56.43621054549046,54.88375743595692,55.57779693603516,1931990
2018-01-24,55.43168020154944,55.43624721316304,53.07104032064728,54.0299072265625,1040930
2018-01-25,54.299302167627694,54.3358312936392,52.96602042069031,53.14866256713867,562640
2018-01-29,53.00711468593675,54.189719920338895,50.4547020205586,51.36334228515625,657340
2018-01-30,50.31771669678994,50.979794024984784,49.0894553481965,49.67847442626953,843360
2018-01-31,49.66933997657255,51.00262167736181,47.486775285262,49.85198211669922,698560
2018-02-01,50.043754496462725,51.28114985008593,48.3999822123865,49.50952911376953,655590
2018-02-02,48.39998213087129,48.85658573587951,45.02111475708865,45.26768112182617,918920
2018-02-05,44.56451138424904,48.308663054987846,42.098851207637445,47.65571975708008,2185360
2018-02-06,43.1262119318862,46.47768442423038,41.27696930031978,45.4822883605957,1236970
2018-02-07,49.313189647827656,50.591681143252,47.95707637513494,48.8200569152832,2389390
2018-02-08,48.86115219548006,51.12133862129956,48.86115219548006,50.58254623413086,1419730
2018-02-09,49.21273933915623,51.49119050777702,48.41368297601897,49.56888961791992,2012850
2018-02-12,49.54149105470484,50.68300006518191,47.88402122559139,48.15341567993164,2302720
2018-02-14,48.31779519264632,49.17164522080367,46.84753097084804,47.11236190795898,1524870
2018-02-15,47.66028661964191,48.49130510388643,47.03017485145956,47.29500579833984,834740
2018-02-16,47.89772376882574,48.10319401868462,45.6649321902925,46.08500671386719,1429660
2018-02-19,46.47311902713529,46.47311902713529,44.38187347013105,45.14896774291992,1119220
2018-02-20,44.93436478766287,46.2767770876396,44.843041971726514,45.50511932373047,474790
2018-02-21,45.82017372102865,45.89779550231189,44.19923291948504,44.81564712524414,644820
2018-02-22,44.56451416015625,45.18549538357198,44.29055267538091,44.56451416015625,456830
2018-02-23,44.59647699721019,46.01651460631247,44.59647699721019,45.47772216796875,760830
2018-02-26,45.88866732243511,47.03017645980912,45.706025163733386,45.92975997924805,622470
2018-02-27,46.2082881701134,46.56900547307943,45.2174590817437,45.34074401855469,560830
2018-02-28,44.92979789858233,45.50968297602153,44.74258873810881,45.1215705871582,301510
2018-03-01,45.18092641635626,45.7060212715548,43.88874083043044,44.23119354248047,576570
2018-03-05,44.19466835940829,44.28142416895473,42.199309125106296,42.49153518676758,973880
2018-03-06,43.09882029909058,43.69696999434603,41.58746326030767,42.21757507324219,506250
2018-03-07,41.82488569796122,42.00296080894421,39.747341575290136,40.12631988525391,1160360
2018-03-08,40.36375745617645,40.66511400964599,38.37296555451011,39.67885208129883,950350
2018-03-09,39.86606265149677,40.12632658667724,37.9894214143921,38.24055480957031,1113180
2018-03-12,38.628665342013406,39.51904448626322,36.54655396106345,38.231422424316406,1595480
2018-03-13,38.48255293587093,41.45961052000935,38.26794867486476,41.11259078979492,1829000
2018-03-14,41.27696680477813,43.1855700230127,41.149118352086376,41.3682861328125,1158390
2018-03-15,41.68334412002824,42.73809734804481,40.90255236224348,42.03492736816406,2291060
2018-03-16,42.281488862222766,44.464053316635386,42.18560253287592,43.454959869384766,1641320
2018-03-19,44.103336241219054,44.61473348313218,41.82945246050986,42.423038482666016,738420
2018-03-20,42.45957211908343,44.062251893952855,41.09432819125136,43.6239128112793,1487010
2018-03-21,43.65130706191975,44.04855348076824,41.46417521957813,41.77466583251953,633510
2018-03-22,42.09885082461558,42.09885082461558,39.92998370926004,40.28157043457031,679020
2018-03-23,38.04878076018471,38.902627306123065,37.73829015704098,38.5145149230957,975100
2018-03-26,38.17206643395343,38.87980352180571,37.15384219217424,38.34101104736328,1123610
2018-03-27,38.541911543554775,41.0943239951193,38.541911543554775,39.51904296875,796200
2018-03-28,38.90719618922372,39.7016855564563,38.17206404176741,38.60127258300781,831470
2018-04-02,39.03960696403719,40.33635948813725,38.89806096582302,40.07609558105469,693070
2018-04-03,40.08067275114346,40.70165406992781,39.45969143235912,40.33180618286133,971660
2018-04-04,40.71534501210522,41.35915780508461,39.35923166826291,39.63776016235352,818750
2018-04-05,40.37745643428412,43.06685135606125,40.25417499523409,41.69704055786133,1463080
2018-04-06,41.73357719321856,42.418482715589946,40.76557613416753,41.79293441772461,755320
2018-04-09,42.28149105582427,42.55545250868703,41.86598360709768,42.03036117553711,306590
2018-04-10,42.44587334814555,42.66960815312896,41.162818252885856,41.6057243347168,389980
2018-04-11,41.53723182964888,42.39564538034095,41.39568582233715,41.99383544921875,350820
2018-04-12,41.94817513620625,42.64677810598264,41.62398698935096,42.35911560058594,479140
2018-04-13,42.35911303994045,42.7380948514875,42.007529812342455,42.25866317749024,249710
2018-04-16,41.91621365454015,42.870513546957774,41.58289147958872,42.20387268066406,496190
2018-04-17,42.46414032189391,43.01206331970037,42.044065791334994,42.29976272583008,264750
2018-04-18,42.299759022705366,42.73809807929812,41.966440331363096,42.20387268066406,215100
2018-04-19,42.09885246784472,45.843004250662766,42.09885246784472,44.514286041259766,2250180
2018-04-20,44.74715654682441,45.88866564240666,44.29055290859151,45.404666900634766,1176360
2018-04-23,45.81560587201408,45.81560587201408,44.56451292006805,44.82021331787109,502420
2018-04-24,44.79281834951666,45.13527109451848,43.19470553950814,43.98006439208984,341880
2018-04-25,44.01659407625999,44.48232828254991,42.943576158439214,43.098819732666016,497360
2018-04-26,42.92073915181113,44.4868896665886,42.92073915181113,43.107948303222656,419470
2018-04-27,43.32711431739527,43.92526390472568,42.52805803598367,42.9253044128418,542530
2018-04-30,43.30428708080442,43.692402957527314,42.74266656045193,43.28602600097656,363700
2018-05-02,43.29515506827106,43.83394747870788,41.742702065011656,41.99383544921875,405510
2018-05-03,42.00753255436277,42.00753255436277,39.81583381025671,40.50530624389648,622730
2018-05-04,40.78840123133338,41.185644141685685,39.90715612654778,40.14458847045898,350240
2018-05-07,40.267869911134525,41.35001814139835,40.267869911134525,40.90711212158203,339420
2018-05-08,40.99843980632529,41.26327074424259,40.546403194093486,40.78840255737305,167040
2018-05-09,40.57836463358125,40.97560755024165,39.56470404804525,39.98934555053711,185600
2018-05-10,39.89346146251722,41.00300845211289,39.45968591237684,40.03500747680664,835550
2018-05-11,40.26787061938532,40.82036053019456,39.82953160296498,40.23590850830078,390080
2018-05-14,40.18112048981332,40.69251782287393,38.82044010407471,39.29074478149414,539780
2018-05-15,39.49621067360367,39.99847392764447,36.62874067571831,37.382137298583984,685930
2018-05-16,37.44149581780089,38.491685508573084,37.38213860292072,38.15836334228516,424900
2018-05-17,38.53734049358887,38.53734049358887,37.45062181009185,38.16292572021485,364470
2018-05-18,38.18575971297071,38.69259001286533,37.56021497937063,37.7702522277832,227610
2018-05-21,37.54195248056352,38.55561313608591,35.63334909336074,36.84334945678711,553020
2018-05-22,36.6607017417054,37.10817129788655,35.80228826808626,36.03059005737305,423420
2018-05-23,35.724666649612324,36.29085765289056,34.97583698319578,35.09455490112305,1775000
2018-05-24,35.10368296449133,35.60138269217849,35.03519521245044,35.240665435791016,396220
2018-05-25,35.25893652637961,35.61508683737583,34.026104507227764,34.57859802246094,1884650
2018-05-28,38.75651198926828,40.95734118348932,38.02137992073717,39.30900192260742,4246910
2018-05-29,39.26791157474842,39.90715734361732,38.35927134046423,39.01221466064453,774340
2018-05-30,38.81130782404991,39.87519509811654,38.48711967084683,39.318138122558594,598660
2018-05-31,39.71539205165346,39.90716477293274,38.17206928921877,38.36384201049805,379980
2018-06-01,38.61497123574472,38.71085758593635,37.17666901565129,37.373008728027344,1145150
2018-06-04,37.67436428684295,37.84787240201221,35.633345622543885,35.9438362121582,3133100
2018-06-05,35.98493302382878,35.9895000358006,33.97131271182955,34.30006790161133,470870
2018-06-06,33.33206627053326,36.02146147586424,33.26814203856619,35.1995735168457,534330
2018-06-07,35.61051564916584,39.08526950540332,35.61051564916584,37.884403228759766,1097910
2018-06-08,37.80678087821615,39.77017434100383,37.80678087821615,38.86153411865234,1158070
2018-06-11,39.1080981946148,40.45507739216696,38.53734370690474,38.73824691772461,690620
2018-06-12,38.90262028061319,39.56926451572068,38.47341532113821,38.989376068115234,486360
2018-06-13,39.15832737937222,39.788439120112784,38.44602336417727,38.59213638305664,240160
2018-06-14,38.3547049504826,39.17659287857949,38.181196825044026,38.77934646606445,327970
2018-06-15,38.80674060627037,38.966551176210366,37.295383742023496,37.63783645629883,282200
2018-06-18,37.4460625455751,37.706326460553306,36.73375855436445,37.10817337036133,170100
2018-06-19,36.9757644974348,36.9757644974348,35.61965112201581,35.98493194580078,396970
2018-06-20,35.674446271624845,36.69267406810656,35.674446271624845,36.30456161499024,233180
2018-06-21,36.7109256733117,36.97575656517903,35.70639578527965,35.94839859008789,202980
2018-06-22,36.23606822689534,38.14467174355202,36.167576978356,37.23146438598633,1104700
2018-06-25,37.25885112562689,37.77481539630387,36.9209654546092,37.27254867553711,390760
2018-06-26,37.32277554402216,37.564774883333016,36.08994727509149,36.45066452026367,312590
2018-06-27,36.45066915598097,37.09904548406705,34.97583787656474,35.49180221557617,586370
2018-06-28,35.52376344182024,36.80225150249603,34.729270625598794,34.884517669677734,234620
2018-06-29,34.97582971762959,36.78397927924188,34.97582971762959,36.16299819946289,255650
2018-07-02,36.163006424304015,36.5282907249977,35.15847982281029,35.47353744506836,214770
2018-07-03,35.79315995161682,35.93014244046933,34.93474634115473,35.33198928833008,338850
2018-07-04,35.32742332296278,35.61508234937769,34.03523424268198,34.84798812866211,242560
2018-07-05,35.06715534918661,35.11738202025984,34.70187110203745,34.82971954345703,113390
2018-07-06,34.85255582174673,38.08074333796062,34.51923363994064,36.67897033691406,797160
2018-07-09,36.72006051126503,37.619570156608674,36.09451581158001,36.82508087158203,219780
2018-07-10,36.99401897476165,37.52368077758696,36.54198242483916,37.030548095703125,272070
2018-07-11,37.02598542570051,37.258854244493655,36.35478103865292,36.68353271484375,236700
2018-07-12,36.89357065890072,37.97115538643198,36.44153060648448,36.77485275268555,500130
2018-07-13,36.72005914277225,37.20862483502895,35.341117861134734,35.55115509033203,236430
2018-07-16,35.870783396813536,35.870783396813536,34.07176729601961,34.33203125,203790
2018-07-17,33.788662544247416,35.15847318793312,33.788662544247416,34.569454193115234,315510
2018-07-18,34.55119880589557,35.06716318150607,33.48274789229812,33.91195297241211,206710
2018-07-19,33.706478559143115,34.14481760941872,32.875460123152244,33.03527069091797,287350
2018-07-20,32.42341831195794,33.217907495195526,31.9805123213113,32.564964294433594,250050
2018-07-23,31.962253864542166,33.69734903920386,31.962253864542166,33.546669006347656,209920
2018-07-24,33.797800571348944,35.42787545918329,33.70648123497876,35.10368728637695,501940
2018-07-25,35.34112556296311,36.88901176097405,35.19044551235081,35.989501953125,384640
2018-07-26,36.19953589397164,37.21776354036353,35.89817930411283,37.09447860717773,442050
2018-07-27,36.80225638762151,37.532821588355525,36.7976893753517,36.88444519042969,269860
2018-07-30,36.62874169301308,37.41410044975844,36.23606231464041,36.6880989074707,506530
2018-07-31,36.54655208073972,37.04881533740345,35.65160945455859,36.19496536254883,983750
2018-08-01,35.9986243328496,36.63787003727018,35.48266354502045,35.62877655029297,759160
2018-08-02,35.87077578087215,36.02602280803755,34.93474054114901,35.514625549316406,340770
2018-08-03,35.52376485594294,37.35017942985036,35.52376485594294,37.13100814819336,1043050
2018-08-06,37.34561568185687,37.58761507667185,36.68353825078701,36.94380569458008,242350
2018-08-07,36.94380358654493,38.90263021090594,36.94380358654493,38.61497116088867,1531120
2018-08-08,38.98938326731432,39.3090044114301,37.46432883166304,37.71089172363281,405880
2018-08-09,37.989419627759936,38.71085418033456,37.16753520544746,37.31364822387695,498640
2018-08-10,37.44150083609928,37.45519838878374,36.80682201524929,37.23603057861328,489850
2018-08-13,34.97583634770596,36.43697001152899,34.56489239589294,35.24979782104492,1348400
2018-08-14,35.15847905911943,35.59681812026496,34.336591142215816,34.482704162597656,364910
2018-08-16,34.40051496834281,35.06715931736848,34.08546084022427,34.523799896240234,398550
2018-08-17,34.546625147944184,35.15847221302579,33.98956827758122,34.24983215332031,379840
2018-08-20,34.56032450430646,37.80677608831571,34.35941782354028,36.28628540039063,3736430
2018-08-21,36.16300525188688,36.16300525188688,35.17217623416057,35.47809982299805,644220
2018-08-23,36.03316827090956,36.21356510476694,35.37633859229919,35.82039260864258,401510
2018-08-24,35.80189342194324,37.44396777923304,35.44572274553996,36.17656326293945,1046250
2018-08-27,36.46334774366836,38.39220845396727,36.35695814337309,38.00828552246094,1753830
2018-08-28,38.392209630251074,39.68736992095504,38.031415935719686,38.58185958862305,1533740
2018-08-29,38.48471889652858,39.77987916466365,38.392208961245146,38.57723236083984,857080
2018-08-30,38.392208601860446,40.2331859406014,38.392208601860446,39.7660026550293,1112520
2018-08-31,39.1646780108457,40.61248285386845,38.66049286227268,39.17393112182617,963410
2018-09-03,39.594852720827085,40.57547419296464,38.39683256458533,38.822383880615234,1006200
2018-09-04,38.85939173976116,39.224811978668725,36.92127791853864,37.20343780517578,645940
2018-09-05,36.81951922744511,37.1063057034055,35.19594393070277,36.61137008666992,844110
2018-09-06,36.65761975172303,37.76313002090389,36.634490504306456,37.52260208129883,584470
2018-09-07,37.5179727464684,38.28581500323067,36.68999586248922,37.59197998046875,1240970
2018-09-10,37.837145201615,39.30807587153178,37.82326553412994,38.3922119140625,948670
2018-09-11,38.39220901479636,38.94727568532687,36.82876852054744,37.356082916259766,524800
2018-09-12,37.68449998201982,37.68449998201982,36.0933035907231,37.25432205200195,386410
2018-09-14,37.37458575607554,38.39220916572457,37.37458575607554,37.952781677246094,351330
2018-09-17,37.74925738136924,38.39221099400688,36.84264655728328,38.23494338989258,339100
2018-09-18,38.39220862186412,38.76225541778236,36.652994327492856,36.99528884887695,487560
2018-09-19,37.24506569860923,37.86952009646337,36.36158419477992,36.63449096679688,362040
2018-09-21,36.81951759051744,37.54110853978242,29.326099449359383,33.61862564086914,1217980
2018-09-24,34.30321270826995,34.96929207579946,33.07280997202069,33.868408203125,803860
2018-09-25,33.67413634959955,34.92303829420482,32.8415327005105,33.46135711669922,476270
2018-09-26,33.729636772653734,34.14131199062583,32.545492642669096,33.36884307861328,698240
2018-09-27,33.66950024695702,33.70650562731934,31.73138668106497,32.226322174072266,432130
2018-09-28,32.10143566371648,33.12368554652976,29.9736755509861,31.17169570922852,731050
2018-10-01,31.315089411078453,31.338218659338533,28.81728411169929,30.043058395385746,643560
2018-10-03,30.056938790228337,31.916415349099235,29.802531169312765,31.12081718444824,455390
2018-10-04,30.3622243736621,31.060686044765784,29.42785953966132,29.79328155517578,377700
2018-10-05,30.0338091523226,30.0338091523226,28.771029468785187,29.27058982849121,279830
2018-10-08,28.70627180373644,29.973678042606,27.707149319950503,28.123449325561523,321050
2018-10-09,28.21595828887096,28.85428701963385,27.86441597837927,28.07256507873535,198630
2018-10-10,28.1234516005458,29.969053911377053,28.1234516005458,29.49724578857422,260680
2018-10-11,27.84591742394509,28.669267895620457,27.84591742394509,28.239089965820312,304290
2018-10-12,28.58600624287634,29.34922557138476,27.943052655164056,28.10957336425781,1512680
2018-10-15,28.331598876023484,28.331598876023484,27.2908462642512,27.65163993835449,695280
2018-10-16,28.10032032111351,29.080940058831708,28.01705997159355,28.692392349243164,551930
2018-10-17,29.30759455970603,29.46023736235352,27.61926179720144,27.85054016113281,468280
2018-10-19,27.795035209293506,28.10032259405577,27.30472441851787,27.503623962402344,197210
2018-10-22,27.40648735215134,28.10957382170348,27.10582475978207,27.249217987060547,237390
2018-10-23,27.18908348603203,27.37873167099379,25.98181016233068,26.13445472717285,420810
2018-10-24,26.324100992504228,26.73577616170453,26.134452821372165,26.34260368347168,169740
2018-10-25,26.3472314512303,26.467497191595207,25.718154003360134,25.949432373046875,165800
2018-10-26,25.625641826691087,27.16132992598739,25.625641826691087,26.601634979248047,247420
2018-10-29,26.851419158110428,27.52675159399105,26.37035971151848,26.610889434814453,196360
2018-10-30,26.61088913155029,27.19833641289335,26.53688012249604,26.92080307006836,142530
2018-10-31,27.10582209016084,27.980055741027787,26.80053473675952,27.748777389526367,166370
2018-11-01,27.97543387614389,28.55825640776939,27.68864916626456,28.12807846069336,173590
2018-11-02,28.30847440627728,29.64988796774509,28.30847440627728,29.43248748779297,841140
2018-11-05,29.41398408475609,29.41398408475609,27.998559780976613,28.16045570373535,617470
2018-11-06,28.15120368490441,28.66926674343485,28.030937943495765,28.15582847595215,163970
2018-11-07,28.474994659423828,29.145700546953112,28.22983837779951,28.474994659423828,114440
2018-11-09,28.63688742005737,29.18270450902905,27.966179800777184,28.28534507751465,139050
2018-11-12,27.97543193792405,28.67851840739542,27.86904409750926,27.993934631347656,212800
2018-11-13,27.910674141505208,28.35472819445685,27.910674141505208,28.14195251464844,199940
2018-11-14,28.20208194447238,28.632259807189,27.290844700834032,27.684017181396484,293420
2018-11-15,27.84128941917777,27.850540765677504,27.198335835814337,27.37873268127441,192550
2018-11-16,27.14282701902033,27.72102288809538,26.846791016376105,27.045690536499023,340960
2018-11-19,27.207587862052936,27.420363543321,26.60163788503582,26.832916259765625,231720
2018-11-20,26.814417179247457,26.962435208116915,26.199215813091083,26.370361328125,139240
2018-11-21,26.30097714341818,26.49062534074212,26.18071140003385,26.356483459472656,113490
2018-11-22,26.347229430365783,26.99943431227693,23.918806734917965,24.594139099121094,720630
2018-11-26,24.86704870887615,24.96881175281296,24.10383117289172,24.34898567199707,567960
2018-11-27,23.96043674270372,24.469250172168103,23.74303629325001,24.14546012878418,378780
2018-11-28,24.14546138135457,25.431368511328827,24.10845599641328,24.6912784576416,301750
2018-11-29,24.631147843486858,25.37586452070138,24.33048523912225,24.5155086517334,360260
2018-11-30,24.71903079581543,24.968811851274094,24.390615943923784,24.61726951599121,209850
2018-12-03,25.07982427289297,25.44986927164273,24.94568240943564,25.093700408935547,192260
2018-12-04,24.97806578025821,24.98269057160911,24.28423061969548,24.33973693847656,176030
2018-12-05,24.321234555123866,24.330484137272904,23.3174854986131,23.479379653930664,275380
2018-12-06,23.3082335161977,23.69678124287583,22.850303338210487,23.41462135314941,220460
2018-12-07,23.35911495063469,23.502508172685378,22.396996101740893,22.74391365051269,173500
2018-12-10,22.202722836702872,22.42937640871365,21.31923956107296,21.490385055541992,546580
2018-12-11,20.967697182804205,22.94281284498956,20.967697182804205,22.51726150512696,307830
2018-12-12,22.225850732585027,24.79304025532132,22.225850732585027,23.548763275146484,603350
2018-12-13,23.54413651357589,24.64502017873489,23.54413651357589,24.039072036743164,295200
2018-12-14,23.69677989520205,24.04369742555941,23.590392064300783,23.761537551879883,100770
2018-12-17,23.56263950266418,24.427621869656264,23.56263950266418,23.817047119140625,102980
2018-12-18,24.02519466546132,24.4507477523699,23.71065596433744,24.04369735717773,139950
2018-12-19,24.28422812544181,24.95493573133298,24.099204729156703,24.811542510986328,270120
2018-12-20,24.945684531920325,25.16308675915807,24.27960347749776,24.45537376403809,130020
2018-12-21,24.857796682096406,24.94105526088425,23.67365094976283,24.746782302856445,216420
2018-12-24,25.43599556504973,25.43599556504973,24.427621744323485,24.5617618560791,161720
2018-12-26,24.97343949731965,24.97343949731965,23.960439094112505,24.224096298217773,93510
2018-12-27,24.43224413472313,24.608016170340104,24.05294779148013,24.08070182800293,174970
2018-12-28,24.085328432168303,24.913305390052624,24.062200948914622,24.21484375,94210
2018-12-31,24.288852615143394,24.98268769583839,24.288852615143394,24.57101249694824,277110
2019-01-01,24.57101320249568,24.79304022295184,24.33973483562294,24.5617618560791,91170
2019-01-02,24.56638789694793,24.69590321503924,24.099204617523384,24.34898567199707,92370
2019-01-03,24.242598012441974,24.79766643822449,23.86792642802315,23.93268585205078,94180
2019-01-04,23.97894085210736,24.32123360724212,23.78929266419204,23.91880798339844,114070
2019-01-07,24.145463160490472,24.51550821460051,23.715285233676926,23.886430740356445,83650
2019-01-08,23.88642970489279,24.40911931370404,23.88642970489279,24.26572608947754,223420
2019-01-09,24.427623215994245,24.427623215994245,23.590394842250127,24.274978637695312,275610
2019-01-10,24.27960296445453,24.515506114833816,24.07145208793524,24.24259757995605,75930
2019-01-11,24.099206959937483,24.41837225984764,24.076079474389484,24.233348846435547,76050
2019-01-14,24.42299669791768,24.50625705629751,24.089957028912387,24.409120559692383,47880
2019-01-15,24.37211496129019,24.506256844689844,24.307357297445947,24.43687438964844,385330
2019-01-16,24.38136482238769,24.83004541527147,24.247222947162708,24.38136482238769,75290
2019-01-17,24.173214160712583,24.51550692051725,23.289730868685822,23.548763275146484,550010
2019-01-18,23.724537287021988,23.724537287021988,23.32211162446272,23.340614318847656,49750
2019-01-21,23.76153930741667,23.932686572154186,22.66528032455807,22.97056770324707,84870
2019-01-22,23.137090495312115,23.85867971195202,22.40624993127136,23.49325942993164,308520
2019-01-23,23.53488517721358,23.766163525121893,22.80404475085671,23.20646858215332,150870
2019-01-24,23.13246437919188,23.562642336683496,22.81330082810725,23.049205780029297,77110
2019-01-25,22.89655763569008,23.127835995646542,22.3877459495914,22.60514640808105,114400
2019-01-28,22.508008785104792,22.7624146153222,21.481132354048107,21.851179122924805,220190
2019-01-29,21.416373837512683,22.45712636296484,21.416373837512683,21.874305725097656,163200
2019-01-30,22.14721796342403,22.2906094284438,21.744792315397863,22.21660041809082,139410
2019-01-31,22.285984523076912,22.531139037768583,21.63840436242113,21.962194442749023,153160
2019-02-01,21.96682277644048,22.915063844891858,21.5181421246186,22.438629150390625,195870
2019-02-04,23.317484386388784,25.83379232973775,23.317484386388784,23.94656181335449,2340600
2019-02-05,23.81242008352488,24.36286195318269,23.326735873295764,23.59039306640625,418280
2019-02-06,23.83554778152009,23.85867702967901,22.95206449597462,23.160215377807617,196320
2019-02-07,23.00294614270159,24.55251225846573,23.00294614270159,23.41462135314941,362490
2019-02-08,23.63202565893979,23.63202565893979,22.586648125878103,22.730039596557617,145620
2019-02-11,22.96131500894617,23.502507282069185,22.44787677389817,22.91506004333496,245870
2019-02-12,22.76241667759016,24.237973802660907,22.76241667759016,24.071453094482425,371410
2019-02-14,22.94281377303508,23.502508773730938,22.57276873111785,23.03070068359375,138000
2019-02-15,22.85492687899576,23.104707924878817,22.04082784904194,22.25822830200196,253460
2019-02-18,22.549639953281417,22.66527913252901,21.85580487779584,21.94831657409668,180440
2019-02-19,22.147217849940382,22.17034533471081,21.84655525438292,21.962194442749023,3638350
2019-02-20,22.110211620460387,22.48025665623313,21.804924245383628,22.119462966918945,302090
2019-02-21,22.230479060794355,22.91506287048093,22.151843492137047,22.68378448486328,213130
2019-02-22,22.841052832467167,23.1278375236971,22.66528077322316,22.85492897033692,451200
2019-02-25,23.03532604360654,23.71990982919084,22.915062063705697,23.16946792602539,481570
2019-02-26,22.85030374982708,22.919686202385986,22.082459629049826,22.76241683959961,179450
2019-02-27,22.75779366477863,23.867928865186087,22.75779366477863,23.400747299194336,371520
2019-02-28,23.59039237348717,24.33048240881065,23.41462032840516,24.00206756591797,276350
2019-03-01,24.358238012485334,26.088201007456096,24.358238012485334,25.727405548095703,933980
2019-03-05,25.72740139712858,28.21595676667991,25.722776606831527,27.762651443481445,1057890
2019-03-06,28.19745952523243,28.49349556783109,26.68952527155275,27.59613609313965,481650
2019-03-07,27.475872050581216,30.408480193783763,26.73578018123913,29.293720245361328,1676390
2019-03-08,29.33534776985818,29.413983333650467,27.906049129102367,28.57213020324707,452620
2019-03-11,28.572129562658223,29.04393764129215,28.21596066708612,28.50737190246582,347120
2019-03-12,28.539752757167506,30.713769905857088,28.53512620138904,29.834911346435547,1328630
2019-03-13,30.11244212708013,30.510241193369808,29.60825699017097,29.770151138305664,384550
2019-03-14,29.511118448511805,30.41773096275194,29.511118448511805,29.677640914916992,189980
2019-03-15,29.66375979444329,29.969048909284503,28.67851529741741,28.93754768371582,451230
2019-03-18,29.15957725181412,29.15957725181412,26.657145364252703,27.855167388916016,693570
2019-03-19,28.01243639668365,28.715522842860874,27.47587065677392,27.88291931152344,313580
2019-03-20,27.93842687470545,28.493493532675146,27.290846754388973,27.670143127441406,329480
2019-03-22,28.178956534466124,28.49349526754081,26.837543010013725,27.35560607910156,264600
2019-03-25,27.105822613374183,27.267718521258463,26.592386145321942,26.93467712402344,144970
2019-03-26,26.652518293729656,27.4573677804726,26.652518293729656,26.897674560546875,191430
2019-03-27,27.216838069084066,27.383358774238737,26.46749666040193,26.897674560546875,416600
2019-03-28,26.735775859422937,27.71639553093229,26.735775859422937,27.397232055664062,306210
2019-04-01,29.215083766568927,30.02918285644915,29.20583241998332,29.376977920532227,491070
2019-04-02,29.50649273639066,30.038433654766227,29.03005812874114,29.358474731445312,277270
2019-04-03,29.64525854810472,29.932044985508416,28.82190991407332,28.91904640197754,212510
2019-04-04,29.316845298906784,29.316845298906784,28.51199583270645,28.72477149963379,132000
2019-04-05,28.8450387155936,29.36310177260833,28.61376034457635,29.18270492553711,91380
2019-04-08,29.09482032111304,29.44636267521391,28.424112679781054,28.590633392333984,114430
2019-04-09,28.40561039222737,28.83578831763228,27.93380228808927,27.998559951782227,121330
2019-04-10,28.077192399621232,28.308470752559607,27.8042838725734,27.98930549621582,84360
2019-04-11,28.072566530944552,28.11882326137171,27.71177285618196,27.78578186035156,64870
2019-04-12,27.87366698043768,28.169704761407385,27.452740438693144,27.591508865356445,123740
2019-04-15,27.92454840874605,28.155826766397286,27.61463625646004,27.725648880004883,150610
2019-04-16,28.02169080039874,28.400987221829464,27.47587365453227,27.77190971374512,312580
2019-04-18,27.96617752134888,27.98930500333269,27.22608751078437,27.30009651184082,105810
2019-04-22,27.323226330905808,27.429614168742187,26.652518708924017,26.84216690063477,221030
2019-04-23,26.883797086459683,27.124326801674723,26.347231341599645,26.439743041992188,123610
2019-04-24,26.09282361264257,26.62476452826384,25.92167812615701,26.231590270996094,209730
2019-04-25,25.99568831777205,26.70802609829984,25.264847844746782,25.83841896057129,236160
2019-04-26,26.26397023887337,26.643266611605966,25.90780134945103,26.31485176086425,97870
2019-04-30,26.27322024646287,26.550755325586973,25.59326309631345,25.843042373657227,99510
2019-05-02,26.07894804258745,26.25471832354648,25.6533949479448,25.96793365478516,163770
2019-05-03,25.95868327309958,26.15758280877032,25.537756718089994,25.662647247314453,171750
2019-05-06,25.87542228606729,25.87542228606729,25.274098902865664,25.389738082885746,73940
2019-05-07,25.80141163919724,25.80141163919724,25.08907567664368,25.227842330932617,101900
2019-05-08,25.04745029275902,25.04745029275902,24.23797592937641,24.38599395751953,136390
2019-05-09,24.11307938522858,24.84854455147289,24.11307938522858,24.41374015808105,164660
2019-05-10,24.506254642447992,25.16308609780096,24.145460968016017,24.39061546325684,157400
2019-05-13,24.057572546205392,24.32123148149568,23.243473552398,23.47012710571289,103600
2019-05-14,23.31285927457741,23.81241961207532,22.757790860513403,23.51175880432129,102210
2019-05-15,23.51638206866839,24.00206623775605,23.28972851535349,23.47012710571289,250440
2019-05-16,23.22497317409842,23.76153891457532,22.41087409922495,22.60977363586425,257170
2019-05-17,22.58664739669,23.54413974698756,22.56814470284029,23.141714096069336,191470
2019-05-20,23.84017302189792,25.491500319160178,23.84017302189792,24.66814994812012,243890
2019-05-21,24.97806552687385,24.97806552687385,24.06220333596349,24.233348846435547,138400
2019-05-22,24.335110777422383,24.603392773525723,24.15933871924256,24.49238014221192,65870
2019-05-23,24.96881266824835,25.25559735361375,24.1454622338861,24.520132064819336,493090
2019-05-24,24.60339046631874,26.273220451152184,24.237972010954795,26.02343940734864,485180
2019-05-27,25.74590715075164,26.49062375765784,23.881804120319376,25.77828598022461,747180
2019-05-28,25.574761395638987,27.00868651753615,25.255596130506618,26.28247261047364,697690
2019-05-29,25.99568978538812,26.80053754481411,25.94943305153296,26.148332595825195,173280
2019-05-30,26.17608678528912,26.31485345861733,24.987316068404635,25.255598068237305,248440
2019-05-31,25.496126944835886,25.61176612951885,24.575640022887296,24.81616973876953,130740
2019-06-03,24.71440591025821,24.97806310183873,24.46462485575649,24.75140953063965,135110
2019-06-04,24.75140853174675,24.978062093798773,24.56176035309661,24.66814994812012,66180
2019-06-06,24.894804694928165,24.94105966514651,24.07145422634636,24.154714584350582,240010
2019-06-07,24.27035213416516,24.51088184497583,23.37299095065728,23.65052604675293,162620
2019-06-10,24.05294913670338,24.473875676015133,22.66527899420126,22.91506004333496,354300
2019-06-11,23.039951553301947,23.039951553301947,22.489507910611888,22.80404663085937,164510
2019-06-12,22.80404603798096,23.57189012579527,22.702284759026966,22.873430252075195,172350
2019-06-13,22.859552735309148,23.22034818435252,22.14721671258607,22.83180046081543,191520
2019-06-14,22.669905876279287,22.91506215727333,22.32761486434648,22.693035125732425,76840
2019-06-17,22.69303449204224,22.69303449204224,22.02695165150552,22.07783317565918,114100
2019-06-18,22.503387558213365,22.503387558213365,21.814177194775027,21.87893486022949,100610
2019-06-19,21.892810575012888,22.295234430482072,20.35249583845413,20.81967735290528,384590
2019-06-20,21.000075660098226,21.550517518168576,20.83355495963624,21.33774185180664,88870
2019-06-21,21.09258657149284,25.463748103572595,20.42188071222497,20.82430458068848,499760
2019-06-24,20.477385468160968,21.078708829587217,20.477385468160968,20.85668182373047,142530
2019-06-25,20.778048762943545,20.90756585530583,20.546770383492184,20.78730010986328,85290
2019-06-26,20.722542360518943,21.744792369996787,20.597651824388336,21.60602569580078,211350
2019-06-27,21.56439513113034,22.156468969357807,21.351619450203795,21.647655487060547,163370
2019-06-28,21.80029889668833,21.80029889668833,21.092585909082523,21.370121002197266,91360
2019-07-01,21.37474254371218,21.64765103997213,20.86593093045432,21.09258270263672,78500
2019-07-02,21.11108823371645,21.245230104825783,20.902937358635388,21.20359992980957,163930
2019-07-03,21.231351774329536,21.643026926669364,21.203597739015045,21.36549186706543,65520
2019-07-04,21.296110801954164,21.555141423576377,20.93069058700709,21.15271759033203,74900
2019-07-05,21.092588328226373,21.40712707778973,20.44500989904787,20.643909454345703,83680
2019-07-08,20.59302838114375,20.64390991006606,19.052713432557283,19.857563018798828,261080
2019-07-09,19.797427896235355,20.09809047965634,19.353373854317468,19.48288917541504,183380
2019-07-10,19.35799871044392,19.977824807733537,19.25161087282508,19.40888023376465,134060
2019-07-11,19.13134811511853,19.88994092868087,18.78443054078108,19.20998191833496,171480
2019-07-12,19.057336700554483,19.30249119086772,18.691916478172026,18.78905296325684,162660
2019-07-15,18.60403213171276,18.91857084735438,18.51152043337453,18.64566230773925,75170
2019-07-16,18.530023094411977,18.83993525412668,18.229360516452868,18.303369522094727,261190
2019-07-17,18.49301956694377,18.57165513587619,18.13222584876249,18.18310737609864,152810
2019-07-18,18.095221038646653,18.27561790350633,17.720551169942446,17.785308837890625,360910
2019-07-19,17.674291609434963,17.868566346762993,16.781557010709548,17.063716888427734,163750
2019-07-22,16.91569869128755,17.054465350956143,16.342129360787,16.675168991088867,168300
2019-07-23,16.49477536745048,17.207113260775937,16.49477536745048,16.73067855834961,126980
2019-07-24,16.73067453713805,17.480017641213855,16.73067453713805,16.7584285736084,133310
2019-07-25,16.67979492663282,17.068342617978278,16.18948419853787,16.34212875366211,144780
2019-07-26,16.346755635424856,16.78155834572766,16.346755635424856,16.52252769470215,176260
2019-07-29,16.966579581228785,16.966579581228785,16.11547519849653,16.34212875366211,122700
2019-07-30,16.53178118964922,16.92495377291107,15.537283340908022,15.824068069458008,190940
2019-07-31,15.62979327008552,15.773184735719516,15.111728430881538,15.541906356811523,178850
2019-08-01,15.67142227322747,15.953582156650333,14.894326837231803,15.167235374450684,244760
2019-08-02,14.811067832869387,15.902702081021156,14.71855612693018,15.55115795135498,422830
2019-08-05,15.911953606077688,16.41151400051567,15.569660819627517,16.170984268188477,547150
2019-08-06,16.1709840903559,16.675171035080766,15.754684060321315,15.893450736999512,598230
2019-08-07,16.036839358021478,16.189483910429253,15.565033093975323,15.722302436828612,327370
2019-08-08,15.634419543289733,15.879575848040492,15.57428666500964,15.694552421569824,125160
2019-08-09,15.828691347389595,16.138603499383777,15.763933689630443,15.879572868347168,204860
2019-08-13,16.46701841905323,16.61966298262671,15.824064864758768,15.902700424194336,217610
2019-08-14,16.37911756420872,16.526804774769445,16.13614535106753,16.298126220703125,119340
2019-08-16,16.17902120481208,16.293361380011913,15.726427479766526,15.912230491638184,128930
2019-08-19,15.950341151521364,16.1694911642766,15.864586482638837,16.06944465637207,68640
2019-08-20,16.002746600419123,16.064680930320325,15.483455259036427,15.52156925201416,578180
2019-08-21,15.464399057009548,15.783597403783164,14.387704143327944,14.692608833312988,256220
2019-08-22,14.602089741162064,14.792655170163844,13.358649748995663,13.48728084564209,348400
2019-08-23,13.55874304337426,14.149497248312263,13.177612177628118,13.987516403198242,256480
2019-08-26,14.19713702800069,14.592560616986232,13.444402934196123,13.868412017822266,304230
2019-08-27,14.18760983659006,15.197607049688068,14.020864747924668,15.002277374267578,311550
2019-08-28,15.273833944785215,15.273833944785215,14.306713169130658,14.382939338684082,287720
2019-08-29,14.382939304153297,14.611617812264557,13.634969449276284,14.292420387268066,3248170
2019-08-30,14.292421633049646,14.95940112752109,14.292421633049646,14.67355251312256,168850
2019-09-03,14.463931309567265,14.664025253289298,14.073271921511791,14.301950454711914,460420
2019-09-04,14.683080601511469,14.683080601511469,14.178081972371151,14.321005821228027,257030
2019-09-05,14.206666636238376,14.697373428324934,14.206666636238376,14.306714057922363,313200
2019-09-06,14.621146924777264,14.654495761691708,14.301949486372704,14.497279167175291,417260
2019-09-09,14.749777711149852,15.616851087340008,14.48298611278849,15.169022560119627,998420
2019-09-11,15.340532625126308,16.083737372818998,15.202372115792285,15.42152214050293,1563050
2019-09-12,15.526332712796366,16.82217940608015,15.445341385778516,15.76453971862793,1511010
2019-09-13,15.840764236523286,16.28382936657394,15.311944447922505,15.678783416748049,835440
2019-09-16,15.597796074263949,16.00751061169351,14.959400295447288,15.683548927307127,1091020
2019-09-17,15.859822691862036,16.57920704109333,14.973692350148175,15.145201683044434,723730
2019-09-18,15.292888651928193,15.38817181527163,14.29241998026006,14.616381645202637,826840
2019-09-19,14.592561174114568,14.759306264467114,14.016100640501287,14.192374229431152,558300
2019-09-20,14.368647371874673,15.721663317997336,13.968459505630635,14.711665153503418,2235990
2019-09-23,14.9927472190026,16.43151852656042,14.926049554381969,16.221895217895508,1313200
2019-09-24,16.464868254151792,16.664961258893797,15.55015244245578,15.755010604858398,483850
2019-09-25,15.631144462085366,15.788360141755636,15.092796117107888,15.25477695465088,284670
2019-09-26,15.612086624499335,15.71689828355133,15.068974059588056,15.497746467590332,342410
2019-09-27,15.597796049403868,15.621616387287636,15.016570354688442,15.126145362854004,148050
2019-09-30,15.245249741919622,15.245249741919622,14.478222823499229,14.67355251312256,306820
2019-10-01,14.65449500648877,14.859353175477676,13.954166741313122,14.335297584533691,349440
2019-10-03,14.30194889216511,14.340061976867783,14.025628800898808,14.097090721130373,237560
2019-10-04,14.43534483258994,14.440109081961191,13.949403209661655,14.016100883483888,147340
2019-10-07,14.08756202460788,14.287655943654036,13.820770435442208,13.868412017822266,194310
2019-10-09,14.030392368694455,14.17331620221657,13.816005709723717,14.011335372924805,130420
2019-10-10,14.05897754126432,14.063741790405858,13.63496936323116,13.735015869140623,148040
2019-10-11,13.935111353046125,14.173318384722124,13.744545909442865,13.939875602722168,176800
2019-10-14,14.09232660893789,14.29242053274381,13.935110019425212,14.054213523864746,166280
2019-10-15,13.982749896159556,14.54968276252263,13.954165313015729,14.2971830368042,272950
2019-10-16,14.44963715442088,15.388172444365992,14.197137397319471,15.01657009124756,519600
2019-10-17,15.140437973181392,15.411992912126095,14.96416438490572,15.169022560119627,243060
2019-10-18,15.159494871179875,15.669257757459544,15.049919858158349,15.316712379455566,218180
2019-10-22,15.340531563391982,15.507275740788812,14.959399808243589,14.983221054077148,131310
2019-10-23,14.98322094344407,16.00274663171439,14.959399697786404,15.207135200500488,383210
2019-10-24,15.307182022254676,15.421520362234322,14.95939911861837,14.98798370361328,134150
2019-10-25,15.13567372282434,15.292889405317185,14.39723144225306,14.492514610290527,287820
2019-10-27,14.492514903338389,14.749778008341355,14.492514903338389,14.692608833312988,57990
2019-10-29,14.997513644395932,15.888407383397404,14.77836362387156,15.807417869567873,497190
2019-10-30,15.836000282685433,16.874581007602632,15.78835779790714,16.283828735351562,629810
2019-10-31,16.283831767892714,17.56538486040566,16.226662592887106,16.707839965820312,679710
2019-11-01,16.769774818552044,17.393876057027008,16.674491645673125,16.926990509033203,346210
2019-11-04,17.198547463422372,19.056563091825552,17.198547463422372,18.29906463623047,1873420
2019-11-05,18.389581034157025,18.56109037763134,17.684488480054537,18.01797866821289,482450
2019-11-06,18.075146470136264,18.961276799170587,17.69401563436214,18.62778663635254,907450
2019-11-07,18.527739660413825,19.05179613644737,18.12278849848461,18.19901466369629,898740
2019-11-08,18.170426952251265,18.67066121397772,17.78453283307295,17.894107818603516,663960
2019-11-11,17.913165714722712,18.67542920692113,17.8178843684012,18.02750587463379,606580
2019-11-13,18.132317178972595,18.2942980088511,17.02703686358109,17.150903701782227,385920
2019-11-14,17.322412671310683,17.322412671310683,16.769772525044864,16.86029052734375,155890
2019-11-15,17.341472484462976,17.341472484462976,16.674492074531553,16.812652587890625,164810
2019-11-18,16.483921878319393,17.817882386981065,16.483921878319393,17.665430068969727,467410
2019-11-19,17.52727041479124,17.81788322764135,16.893638961544266,16.988922119140625,193880
2019-11-20,17.13185073918292,17.379586291283104,16.931757687895605,17.093738555908203,202030
2019-11-21,17.117557032632003,17.179491368253064,16.545859806794265,16.70307731628418,140850
2019-11-22,16.760246750590603,16.993688621903818,16.598265897742994,16.812652587890625,111230
2019-11-25,16.812649900117016,18.008448198077716,16.812649900117016,17.851232528686523,935120
2019-11-26,17.85123214280823,18.58014493964985,17.24618617925257,17.350996017456055,922980
2019-11-27,17.53203495531927,17.97510012371142,17.341470444453144,17.622554779052734,281260
2019-11-28,17.808357162564914,18.275242699445787,17.470101816027224,17.822649002075195,333370
2019-11-29,17.95604326603781,18.07514676776435,17.532035090671368,17.57967758178711,181030
2019-12-02,17.813121424881057,18.14184828962759,17.374821361719565,17.55109405517578,231220
2019-12-03,17.608260494233946,17.62731748985247,16.869819179080018,17.027036666870117,193730
2019-12-04,17.04609351063036,17.6368477108992,16.70307664285761,17.47486686706543,277500
2019-12-05,17.279536999538607,17.627319021609654,16.969867154641296,17.141376495361328,120810
2019-12-06,17.289065731238175,17.289065731238175,16.57444468018824,16.67925453186035,133410
2019-12-09,16.674492166992064,16.865058518707855,15.8884082378837,16.017040252685547,267360
2019-12-10,16.088500071454,16.21713206213035,15.826472750020724,15.864584922790527,126190
2019-12-11,15.974161700223,16.064681528226533,15.583502344537504,15.907464027404783,147090
2019-12-12,16.14090580089045,16.645903445608276,15.945576146025523,16.40293312072754,149240
2019-12-13,16.76977368120712,17.017509186940465,16.5887358467529,16.69831085205078,216350
2019-12-16,17.11278901648136,17.11278901648136,16.631611703996395,16.779300689697266,158440
2019-12-17,16.750716472577793,17.72260148645992,16.68878214258402,17.355762481689453,453060
2019-12-18,17.43198998964556,18.85170362650757,17.293829480343046,18.280006408691406,1794350
2019-12-19,18.113261249716363,19.137550301795347,18.00844958380702,18.97080612182617,1485680
2019-12-20,19.00892022230737,20.409576794025966,18.885051558742813,19.51391792297364,3142320
2019-12-23,19.42816360450801,20.057029980099102,19.104201918006503,19.41387176513672,765220
2019-12-24,19.532974246799352,20.004624912403745,19.27571024737877,19.337644577026367,655090
2019-12-26,19.34241140685885,20.10467504442936,19.34241140685885,19.995100021362305,613040
2019-12-27,19.995097853594714,20.50486073134209,19.71401349711365,19.885522842407227,584640
2019-12-30,19.82835207420297,20.371463795549243,19.666371225961512,20.17613410949707,374960
2019-12-31,20.176134160538226,21.57679262163286,19.985569632191417,21.12419891357422,1585770
2020-01-01,21.3195286151711,22.181838694978406,21.3147652743436,21.69589614868164,930250
2020-01-02,22.01033043132809,24.75447467910352,22.01033043132809,23.62537384033203,2864320
2020-01-03,23.53485321573374,25.054613278871763,23.058439197742167,24.02079391479492,1907970
2020-01-06,24.201831383190434,24.201831383190434,22.45339283603719,22.586788177490234,964410
2020-01-07,23.1060819173244,23.76353382919792,23.1060819173244,23.391929626464844,726760
2020-01-08,22.677306585524825,23.6158427848491,22.677306585524825,23.058439254760746,655220
2020-01-09,23.630137247065004,24.67824856906497,23.630137247065004,24.54485321044922,871240
2020-01-10,24.76400140722657,24.768766565323293,23.20136394855924,23.35857963562012,920840
2020-01-13,23.37287444526412,23.91598618305621,23.26329942951444,23.391929626464844,447540
2020-01-14,23.43956893612188,24.568669596305067,23.43956893612188,24.392396926879883,726300
2020-01-15,24.106548292850853,25.249942649198616,23.5348529320522,25.097490310668945,1249630
2020-01-16,25.14037000200005,25.44051136672771,24.49244659380244,24.773530960083008,667270
2020-01-17,24.964091517353,24.964091517353,23.739707820541938,23.963621139526367,790990
2020-01-20,24.254235888727084,24.711592877875564,23.67777540340192,24.173246383666992,597770
2020-01-21,23.84452285454888,24.47338925556827,23.420514640552888,23.54914665222168,415650
2020-01-22,23.70636254903984,23.887400398590245,23.058440961603583,23.477684020996094,457280
2020-01-23,23.434801368262644,24.33522525351911,23.434801368262644,23.963621139526367,388200
2020-01-24,24.05890895556402,24.168483966385512,23.67301292994243,23.915985107421875,185620
2020-01-27,23.81117237329958,23.81117237329958,23.1632490188084,23.2680606842041,262080
2020-01-28,23.34428821027695,23.491977218515466,22.582026465054785,22.67254447937012,405510
2020-01-29,23.0441453597126,23.14895702440452,21.438630640603577,21.762592315673828,583650
2020-01-30,21.68636391369892,21.68636391369892,20.847874317228104,21.052732467651367,400210
2020-01-31,20.96221616845246,21.157545837327124,20.199954489277,20.328584671020508,309610
2020-02-03,19.26141874934739,19.99033160988612,18.91363673688854,19.43292808532715,444850
2020-02-04,19.58538097950829,20.47151136226193,19.58538097950829,20.209482192993164,486990
2020-02-05,20.295238534348982,21.32905800513584,20.295238534348982,21.0479736328125,427750
2020-02-06,21.22424237840076,22.1913639905572,21.22424237840076,21.87216567993164,622240
2020-02-07,22.0579709285132,22.74400834779899,22.04844242909252,22.191368103027344,415010
2020-02-10,21.92457036804435,22.10560817932101,21.26235526316065,21.41957092285156,486190
2020-02-11,21.59585167667678,21.910284904905254,21.162313107995686,21.27665328979492,285220
2020-02-12,21.6768379811956,21.68160132176613,20.25712441501771,20.504859924316406,329100
2020-02-13,19.347172877597067,20.08085087554249,19.30905888516475,19.60443687438965,447060
2020-02-14,19.604437551073165,20.052266073359405,19.43769155448901,19.58538055419922,255550
2020-02-17,20.00938954222876,20.00938954222876,19.05656146878929,19.16137313842773,202360
2020-02-18,19.24712691024411,19.428162927220367,18.94222041440861,19.02797508239746,272850
2020-02-19,19.30429744347812,19.81882367029447,19.24712826658193,19.409109115600582,216870
2020-02-20,19.49486025397769,19.54726608541987,19.08038057760579,19.337644577026367,191950
2020-02-24,19.04703302301937,19.05656152186534,18.199016616856465,18.365760803222656,142540
2020-02-25,18.208545914719647,18.48486512387681,17.80835803250464,17.941753387451172,199200
2020-02-26,17.727365932756417,18.570618998812428,17.641611260454088,18.38005447387696,235600
2020-02-27,18.67543035190868,18.67543035190868,17.512978954814553,17.68448829650879,278100
2020-02-28,17.341471029014983,17.341471029014983,16.207605154245666,16.474397659301758,255900
2020-03-02,17.279534819471273,17.598731305359223,16.21236673261629,16.417224884033203,216400
2020-03-03,16.445810643203433,16.741186798984224,15.72166118276095,16.331470489501953,248250
2020-03-04,16.264775419414335,16.264775419414335,15.373881652413491,15.664494514465332,396130
2020-03-05,16.13137908251147,16.38864309067016,15.350060376881602,15.55968189239502,576990
2020-03-06,15.14996604001796,15.816946419952062,14.530628154293629,15.116617202758787,513810
2020-03-09,14.673551913449776,14.76883508391786,13.696903505246402,14.092327117919922,465340
2020-03-11,14.482986574520776,14.75930668023346,14.144733043686138,14.259072303771973,526470
2020-03-12,13.792186187607156,13.792186187607156,11.815067285522405,12.115208625793455,1185760
2020-03-13,11.100447700975767,13.14902879027162,10.190496880833829,12.86318016052246,999920
2020-03-16,12.386764799153724,12.663084900633494,11.548275996014649,11.819831848144531,268530
2020-03-17,11.824596312874537,12.339123439094545,11.210022674547591,11.762662887573242,417410
2020-03-18,11.762662598387845,12.234312376770022,10.500165606715832,10.88606071472168,644140
2020-03-19,10.886059800370454,11.190964461709692,10.014222239251948,10.97657871246338,465010
2020-03-20,11.07662594569416,12.077095567687934,11.07662594569416,11.529219627380373,417190
2020-03-23,10.057100713600072,10.442995833041715,9.528280836399826,9.928468704223633,513100
2020-03-24,10.481107984270368,10.743135320402091,9.342478816759208,10.004693984985352,666190
2020-03-25,9.528281089225374,10.814599399745877,9.528281089225374,10.6097412109375,184080
2020-03-26,11.50063438965558,11.624502146457557,10.671674086769434,11.15761661529541,286550
2020-03-27,12.000870380017862,12.148558483621487,10.290543838452212,10.49063777923584,479010
2020-03-30,10.057100499041198,11.195729743919328,9.928468492409005,10.571627616882324,295670
2020-03-31,10.933701913167402,11.624501683730603,10.67167366197092,11.19572925567627,309890
2020-04-01,11.171909376977943,11.572097235231269,10.766957269377835,10.962286949157717,323020
2020-04-03,11.376767514922117,11.376767514922117,10.690731913011764,11.095684051513672,126690
2020-04-07,12.000868857461649,12.196198523839367,11.229077781302978,11.972283363342283,394940
2020-04-08,11.948463568023326,12.586858426597798,11.724549306073747,12.100915908813477,269460
2020-04-09,12.339122903204052,12.83459391884667,12.100915893842243,12.596386909484863,549470
2020-04-13,12.39152847242777,13.406289910898597,11.462520792205275,12.186670303344728,399030
2020-04-15,12.75360252900663,12.948932189127383,12.291480384443457,12.686903953552246,487250
2020-04-16,12.844121705123154,14.282892281765516,12.653556276455738,13.87794017791748,1003570
2020-04-17,14.673551737389127,14.673551737389127,13.920817607523473,14.149497032165527,578660
2020-04-20,14.297185345202935,14.482986528668222,13.92081782017692,13.987516403198242,352380
2020-04-21,13.720722746247228,13.720722746247228,12.820300582951733,13.068036079406738,282500
2020-04-22,13.006101439650866,13.068035766626023,12.543980200879776,12.867941856384276,192850
2020-04-23,12.972752842146914,13.530157251629612,12.972752842146914,13.082327842712402,152460
2020-04-24,13.00610143473165,13.25383692516346,12.577329029715097,12.672612190246582,126870
2020-04-27,12.958460940294389,13.04897894448035,12.672612363479974,12.720253944396973,89330
2020-04-28,12.67737751920552,13.05374412712598,12.672613269904293,12.825065612792969,111840
2020-04-29,13.034687953891236,14.18760992535311,12.777423945422925,13.816006660461426,1488580
2020-04-30,14.19237426344343,14.292420772682137,13.182376129017996,13.50157356262207,828180
2020-05-04,12.967988561791882,13.14902638798938,12.748838561191056,12.901290893554688,421600
2020-05-05,13.14902740527364,13.58256409973145,12.596387203356263,12.691669464111328,307980
2020-05-06,12.8536508923954,12.8536508923954,12.28671882532097,12.429642677307127,212760
2020-05-07,12.443935178675169,12.739311375893095,12.34865200678622,12.501104354858398,146630
2020-05-08,12.682141235846755,13.03945174024263,12.205727229985593,12.305773735046388,388680
2020-05-11,12.615444411597435,12.910821536133144,12.40105862435701,12.453463554382324,194360
2020-05-12,12.453461788704782,12.667848454236754,12.301009452632092,12.515396118164062,150330
2020-05-13,12.967989644445217,13.263366744575466,12.682141951742745,13.15855598449707,319670
2020-05-14,12.95846183595382,13.053744095685934,12.815537083324193,12.83935832977295,151790
2020-05-15,12.81553622942825,13.139497890044758,12.758367059135676,12.901290893554688,152120
2020-05-18,12.777423176019749,13.601619167705008,12.624970843301965,12.886998176574709,736680
2020-05-19,13.09661966327543,13.339590892139034,12.401055717212472,12.572564125061035,199750
2020-05-20,12.69643505077814,13.053745610792651,12.682143209937715,12.86318016052246,164880
2020-05-21,13.115678285032743,13.115678285032743,12.71549043592508,12.777423858642578,94860
2020-05-22,12.744073829289771,12.83459273895836,12.482046506555092,12.563036918640137,130960
2020-05-26,12.586858284368311,13.511101725824323,12.586858284368311,13.210960388183594,613020
2020-05-27,13.23954605404856,13.530157988386597,13.058508217555064,13.258602142333984,453550
2020-05-28,13.277659933243228,13.768365821701884,13.244310186546238,13.49680995941162,627190
2020-05-29,13.434875975967705,15.007041907571573,13.339592806730288,14.344826698303224,2683690
2020-06-01,14.530627033505128,15.878879528954055,14.454400866024372,15.369114875793455,2756400
2020-06-02,15.502513930064014,15.897936654356764,15.264306900348371,15.564446449279783,1056710
2020-06-03,15.702605701039728,15.72166269805592,14.463929972991489,14.897466659545898,927390
2020-06-04,15.030862070518465,16.574444305540414,15.030862070518465,16.431520462036133,2605190
2020-06-05,16.855529198779518,18.103733471360886,16.841235541802693,17.20807456970215,3423330
2020-06-08,17.370054483376663,17.474866147830326,16.44104679425389,16.531566619873047,1594360
2020-06-09,16.579206317753073,17.146140123133538,15.850293502121186,16.036094665527344,477050
2020-06-10,16.198076796640326,16.42675530980198,15.816945941370903,15.92175579071045,255250
2020-06-11,15.912229599001256,16.57920816189557,15.769303933675385,15.988455772399902,453460
2020-06-12,15.340532824666004,17.05562268343906,15.064212711091438,16.688783645629883,1027130
2020-06-15,16.812649775654435,17.289063755237446,15.94081132067748,16.302886962890625,525800
2020-06-16,16.493452612056995,17.636846969573607,15.797888589632416,16.51727294921875,1851760
2020-06-17,16.27429975027904,17.532032232703138,16.27429975027904,16.650667190551758,1032570
2020-06-18,16.769774074876914,17.532035789354158,16.65067056840389,17.16996192932129,1080570
2020-06-19,17.327178928463905,17.851235487161414,17.250952751228414,17.52250862121582,1042520
2020-06-22,16.6744932144009,16.946049101359673,16.00751275887465,16.0932674407959,1736420
2020-06-23,16.283832137410233,16.579208335246495,15.726426761986998,16.20284080505371,1264990
2020-06-24,16.479162304440564,16.95081302051905,16.207606437338693,16.255247116088867,948920
2020-06-25,16.13137924187094,17.11755613217962,16.102793746001378,16.583972930908203,1416900
2020-06-26,16.76501146419065,16.76501146419065,16.307654366012727,16.412466049194336,314920
2020-06-29,16.3362373907962,16.3362373907962,15.740719858183695,15.816946029663086,325000
2020-06-30,16.098030581859195,16.369586434783546,15.626379890404875,15.7454833984375,265840
2020-07-01,15.76930344860268,16.179019799533037,15.72166277320973,15.92175579071045,290730
2020-07-02,16.026567749854102,16.1885485934711,15.72642640075122,15.850295066833496,160600
2020-07-03,16.036097700780296,16.112323880127942,15.731192983389718,15.797890663146973,198680
2020-07-06,15.978927654131246,16.236191676994807,15.869352640846849,16.145671844482422,338420
2020-07-07,16.33623836332603,16.86505825454771,16.155200513769195,16.479162216186523,619770
2020-07-08,16.60779326691993,17.246188135599663,15.993218736107853,16.37434959411621,1152150
2020-07-09,16.54109517223217,17.2414225380382,16.44581200581546,16.69831085205078,1017680
2020-07-10,16.85552830097531,16.85552830097531,16.198076453695542,16.33623695373535,452760
2020-07-13,16.502979594949323,16.798355746856597,15.921753971224469,16.01227378845215,444670
2020-07-14,16.00750943286466,16.17901876107127,15.755010598213344,15.845528602600098,179280
2020-07-15,15.955106971278603,16.13137965690453,15.26430625101439,15.492984771728516,225700
2020-07-16,15.726425727062365,15.945577553656372,15.273833869833432,15.464398384094238,335440
2020-07-17,15.645434469207265,16.05515076428083,15.645434469207265,15.916990280151367,182660
2020-07-20,16.083737980656974,16.464870685275372,15.86458794766419,16.198078155517578,334140
2020-07-21,16.198078105078007,16.360058958823803,15.721664043163948,16.017040252685547,515450
2020-07-22,15.926519803823046,16.769772782764374,15.869350633985963,16.188547134399414,557640
2020-07-23,16.183787281365845,16.502983850558408,15.950343576718998,16.0932674407959,254200
2020-07-24,15.99798486755606,16.6268512758791,15.731192342028706,16.088502883911133,1031110
2020-07-27,15.916993847688916,15.997985183818582,15.578740297523414,15.702607154846191,144500
2020-07-28,15.654966880803531,15.940814600414935,15.654966880803531,15.783598899841309,229480
2020-07-29,15.878880927753666,17.098499714884227,15.831238433021786,16.20284080505371,1592940
2020-07-30,16.293358298148153,16.7173664448494,15.836001318608051,15.940811157226562,447040
2020-07-31,15.974161033896165,16.293359362836895,15.512040684056888,15.64067268371582,420740
2020-08-03,15.769305854133162,16.188550767570923,15.702608171458516,16.050390243530273,359770
2020-08-04,16.169491633361698,18.632553130164062,15.912229436626063,18.241893768310547,4445490
2020-08-05,18.47533302681148,19.86646275308541,18.19901387146344,19.642547607421875,9329100
2020-08-06,19.814059291120167,19.952219793973168,19.056560921784232,19.332881927490234,2289430
2020-08-07,19.304295536336387,19.44721937314456,18.48962803089217,18.80882453918457,1274200
2020-08-10,19.04703166844623,20.123728335590062,18.770712491065424,19.35193634033203,2159190
2020-08-11,19.53297570471597,22.1723099312306,19.53297570471597,20.60967063903809,4622950
2020-08-12,20.56679374989466,22.543912792394377,20.485804233405105,22.19613075256348,2426470
2020-08-13,22.40575274347017,23.558675717988127,22.40575274347017,22.80594062805176,2313460
2020-08-14,22.94886140177645,23.249002729256688,21.43862990108457,21.600610733032227,1605180
2020-08-17,21.800703813707287,22.57725914162313,21.73400614456884,21.97697830200196,771150
2020-08-18,22.391459264349496,23.125137301947188,22.20089292663896,22.358110427856445,1116150
2020-08-19,22.134193961802023,22.65825045123207,21.91504395838819,21.962684631347656,676410
2020-08-20,21.905516962768274,23.249004386973866,21.819762291659384,22.10561180114746,1296330
2020-08-21,22.35811059519626,24.96409592340967,22.29617626237049,24.04461669921875,6565840
2020-08-24,24.58296246092464,25.435743984426004,24.20183161218457,24.468624114990234,2749900
2020-08-25,24.65919036117797,27.13654377790421,24.30664498286859,26.226593017578125,3046000
2020-08-26,27.06031471880312,28.203709040779017,26.226590222430104,27.279464721679688,5428820
2020-08-27,27.23182558587777,28.36569147380869,26.39333770184396,26.62677955627441,3212980
2020-08-28,26.82210889917321,27.98456026834776,25.916923353736344,26.336166381835938,1499650
2020-08-31,26.5362624748152,26.66965782487404,22.47244946503711,23.87310791015625,2328160
2020-09-01,24.297116163576447,25.264236088135164,23.82070212115337,24.8068790435791,1101100
2020-09-02,25.82163728451829,26.393334406392785,25.15465700610221,25.86927795410156,1048170
2020-09-03,25.964565066263106,26.245649421326835,24.997445150859647,25.26900100708008,583060
2020-09-04,24.868812852147755,25.24994371455273,24.04938013494557,24.58772850036621,617680
2020-09-07,24.8688133779592,25.535791946926285,24.40192783446963,24.8068790435791,471620
2020-09-08,25.21659192249496,25.21659192249496,24.106546484867653,24.28758430480957,430910
2020-09-09,24.268531046269395,24.268531046269395,22.96792090820148,23.74447631835937,598860
2020-09-10,24.24522997191825,25.18353561152277,23.45763728094075,23.6812744140625,846910
2020-09-11,23.895188995245103,24.002144833124493,23.068701950252635,23.404157638549805,490190
2020-09-14,24.288985109112303,24.69736684593664,23.40415832175727,24.26467704772949,1022700
2020-09-15,24.629302753393805,25.11547138402107,24.40566562840593,24.891834259033203,365030
2020-09-16,24.935590710989697,25.290493605891072,24.327879893435373,24.634164810180664,252020
2020-09-17,24.40566559553649,24.454281716699285,23.53056243250323,23.68613624572754,423010
2020-09-18,24.143134827289803,24.18689007950653,23.35067941695852,23.50139236450196,363500
2020-09-21,23.80281549331489,23.80767821814506,21.17750602462368,21.717151641845703,542320
2020-09-22,21.29418481395852,22.16928794378962,20.127381259045737,21.30877113342285,727530
2020-09-23,21.58588783696792,22.431820211587347,20.93442180090432,21.877588272094727,357580
2020-09-24,21.391416723335297,21.619916540892955,19.36409471043861,19.6606559753418,1176590
2020-09-25,19.8988810932449,21.87758716148328,19.8988810932449,21.55185508728028,1229330
2020-09-28,22.072053727260524,22.3199988809028,21.692840983132584,21.901893615722656,371690
2020-09-29,22.033162256711,22.96174426976716,21.935928159381245,22.80130958557129,647220
2020-09-30,22.927713373588592,23.02008474909016,22.174152339839875,22.32486343383789,422680
2020-10-01,22.54850131245342,23.53056215600854,22.198459309518807,22.30055427551269,435050
2020-10-05,22.50474718540814,22.927713390342348,21.61505766840264,22.02343940734864,409730
2020-10-06,22.164429068592423,22.49988477308751,21.58588903645521,21.770631790161133,256820
2020-10-07,21.6150567031225,22.14984330537138,21.41086677006128,21.56644058227539,196980
2020-10-08,21.58588713935474,22.149842655737142,21.318492918779658,21.46920585632324,278700
2020-10-09,21.493512969386057,21.91161825450386,21.420588793466017,21.47406578063965,159720
2020-10-12,21.498375814230325,21.77549176436717,20.929557595022164,21.192089080810547,198840
2020-10-13,21.192088702595548,22.75268941595334,21.00248325110538,22.01857566833496,1054710
2020-10-14,21.644226889210493,23.336093441143035,21.26987683437516,22.815893173217773,1220540
2020-10-15,23.117316558852444,23.1319028779708,21.68798154251765,21.97482109069824,428170
2020-10-16,22.033160168391312,23.433326215306973,21.3768333191484,23.0638370513916,714130
2020-10-19,23.61807087454977,26.15100877071006,23.336092203555538,25.737764358520508,3554460
2020-10-20,25.450926458278627,26.25310542132007,24.804323159508662,25.54816055297852,1080830
2020-10-21,25.786384802141413,26.933743075545937,25.57733214107604,25.82527732849121,1385290
2020-10-22,25.82527532025089,26.00515903621224,25.08143796126193,25.212703704833984,483840
2020-10-23,25.290491077438897,26.199625850324,25.290491077438897,25.7329044342041,611010
2020-10-26,25.834999116975418,25.834999116975418,24.12854814635196,24.357046127319336,549880
2020-10-27,24.51261965464933,25.086298744764004,23.76392142829436,24.60985374450684,482790
2020-10-28,24.648749425432705,24.88697101086276,23.929220089784163,24.06048583984375,332270
2020-10-29,23.84170822472848,24.007005620385687,23.14648698898665,23.70557975769043,392200
2020-10-30,23.78822979680524,24.59040873034051,23.37012450318496,23.7639217376709,463620
2020-11-02,23.98756017445297,25.475236843458347,23.481944356342964,25.173810958862305,698260
2020-11-03,24.989069795882017,27.01153134163704,24.989069795882017,25.87875747680664,2370800
2020-11-04,26.24338156314797,27.03097419860324,25.713457699664577,26.84623146057129,1360000
2020-11-05,26.83650777635229,28.17347146049988,26.83164505165992,27.88176918029785,1602500
2020-11-06,28.178334634426854,28.78118457913034,27.225444521282657,27.638687133789062,1356120
2020-11-09,27.891493026507444,28.392247962929545,25.60163928648211,26.87540054321289,1304380
2020-11-10,26.94832796648695,27.20113588280281,25.766938018408137,25.88361930847168,649760
2020-11-11,25.912785440943736,26.54480423616949,25.65997755193624,26.340614318847656,393420
2020-11-12,26.45243467627495,27.11848516982172,26.45243467627495,26.773305892944336,382410
2020-11-13,26.90457312087506,27.906081205876745,26.73927570596384,27.45880508422852,663860
2020-11-14,27.8720474011828,28.14916336150699,27.86718467649721,28.02275848388672,329990
2020-11-17,28.29501622534407,30.62376453887612,28.29501622534407,29.797277450561523,4036390
2020-11-18,29.913954591639868,30.77447327148973,29.39861704143514,30.191070556640625,1596580
2020-11-19,30.035497218452207,31.49400310119353,29.46668081438444,30.56056022644043,1399130
2020-11-20,30.541112188995587,30.939770304185487,29.65628545971205,29.83130645751953,644040
2020-11-23,30.152177391337737,31.11479101583996,29.47154059603181,29.79241180419922,805150
2020-11-24,29.94312606059817,30.11328433963148,29.16525699275146,29.243043899536133,545750
2020-11-25,29.45695573198501,30.16676144731332,29.17983977662279,29.28193473815918,546360
2020-11-26,28.99995874489568,29.95284878908253,28.732564521885923,29.70976448059082,635270
2020-11-27,29.75352076944692,30.58000781810109,29.75352076944692,30.4779109954834,824700
2020-12-01,30.63348367353779,30.84253632675325,29.418062133720472,30.00146484375,647530
2020-12-02,30.00147101472416,32.28160347935483,29.80214191537775,31.926698684692383,2626910
2020-12-03,32.2815954863072,34.22626986850435,32.05309565293151,33.21503829956055,4173600
2020-12-04,33.33172041247709,34.615205311519965,32.733735068854,33.64286804199219,1774750
2020-12-07,33.642871065078,34.31378621520964,32.94764970652744,33.35603332519531,813000
2020-12-08,33.526188593756025,33.934572175551146,31.89266168492017,32.135746002197266,947680
2020-12-09,32.30104346917964,32.845549935708554,31.212023117777587,31.55234336853028,580750
2020-12-10,31.552344693568937,31.552344693568937,30.628623558694493,31.01269721984864,494410
2020-12-11,31.114792279272,32.47120320029719,31.027281777619656,31.173133850097656,595410
2020-12-14,31.73708757043745,32.57329820743927,31.30439778650524,32.07740783691406,657480
2020-12-15,32.33021474453562,32.45175690522936,31.459972428867733,32.21353530883789,438760
2020-12-16,32.10171008645801,33.14211052961584,31.766252586193502,32.05795669555664,571380
2020-12-17,32.2183926447828,32.631638936932625,30.87170720654865,31.35787582397461,475290
2020-12-18,31.5183150451312,31.5183150451312,30.302893397941244,31.022422790527344,444090
2020-12-21,30.10355887786563,31.50372682234352,27.63868421964176,28.51865005493164,886860
2020-12-22,27.49283419512789,29.65628485461983,27.49283419512789,29.29165840148925,1084730
2020-12-23,29.04857545602517,29.943125803666128,28.878417178451944,29.656286239624023,497850
2020-12-24,29.85561521409268,31.58637618831041,29.85561521409268,30.239688873291016,653710
2020-12-28,30.3952634336652,31.396771494388783,30.3952634336652,30.95921897888184,365700
2020-12-29,31.114793896508274,31.84404687845769,30.808507124805374,30.98352813720703,968150
2020-12-30,30.750167296263985,33.03029946532531,30.25913777284752,32.480926513671875,3707110
2020-12-31,32.74345223693261,33.545631114104246,32.38368853601612,32.621910095214844,1173320
2021-01-01,32.65594805926246,33.837338053500986,32.30104701397673,33.0108528137207,1568610
2021-01-04,33.24906825882485,37.3377477194766,33.1566950434419,36.48208999633789,5715060
2021-01-05,36.62794454139498,38.55317567159788,36.05426909158572,37.3037223815918,3374970
2021-01-06,37.43498621726442,38.00380265010458,35.796596524141805,36.700870513916016,1029440
2021-01-07,37.02659959775041,37.82391574561292,36.851578618056514,37.1384162902832,1023820
2021-01-08,37.31830232515591,37.79960819479152,36.26817638139965,36.45292282104492,849890
2021-01-11,36.754347278725135,36.99743159103042,35.49030959657208,35.61671447753906,692070
2021-01-12,35.66046596066211,37.10438729177674,35.53892381102852,35.77714538574219,610600
2021-01-13,36.00564404154027,36.51125981256062,35.19860612316859,35.58267974853516,628250
2021-01-14,35.76256256648925,36.35568887745514,35.5924042910086,36.18066787719727,683460
2021-01-15,36.55988128845019,38.89349231076509,36.55988128845019,37.62459182739258,2687590
2021-01-18,37.85308818644934,38.25174629738847,35.991061524123566,36.778656005859375,729830
2021-01-19,36.900200615052654,37.91143227911824,35.227779302111294,35.96189498901367,1431840
2021-01-20,35.95216781499984,37.14814587927049,35.87924548964252,36.44319915771485,566250
2021-01-21,36.5987687480215,36.75434253946967,34.78536208918859,35.06733703613281,582640
2021-01-22,35.154856312764224,35.44656049016765,32.91361838536225,33.2636604309082,997290
2021-01-25,33.54563429232688,33.83733471825181,31.124512967888407,31.30925941467285,1265140
2021-01-27,31.01755781863372,31.2898129155347,29.850754234599776,30.370954513549805,696960
2021-01-28,29.78755057069004,32.36424379933445,28.508926623698954,31.95586395263672,767070
2021-01-29,32.5684346233222,32.88444496629455,32.08226600618695,32.54412841796875,1370560
2021-02-01,32.772632543764885,34.42074407447206,31.960728028089687,34.14848709106445,576900
2021-02-02,34.32350563479757,34.99442073954259,33.54563654373388,34.06097412109375,775770
2021-02-03,34.22627494069697,37.434987405005806,34.22627494069697,36.27304458618164,1172650
2021-02-04,35.79173539258099,36.9488153810541,35.490309510749334,36.50154113769531,1058290
2021-02-05,36.65711589202886,37.216210565199184,35.48544769900057,36.355690002441406,951420
2021-02-08,36.54043524394432,36.80296303456028,35.80631958949069,36.462646484375,524220
2021-02-09,36.462640075286096,36.75434045405407,34.27488167076893,35.77228164672852,967290
2021-02-10,35.32015211354054,36.94881630075239,34.89718406532199,36.50640106201172,443580
2021-02-11,36.68627997958258,37.77529654174717,36.45778015738992,36.934226989746094,564840
2021-02-12,37.11411241614981,37.62945369982724,36.559880460013936,37.03632736206055,520960
2021-02-15,38.310089915240845,38.69902259767218,36.55987986219665,37.089805603027344,1433080
2021-02-16,37.12869860032332,38.31008848751438,35.60212944030488,36.12232971191406,1242680
2021-02-17,36.073712446762016,36.55502208220616,34.17765767382126,34.57145309448242,1050270
2021-02-18,34.751339573331286,36.1903984498063,34.64438186812491,35.47086715698242,893480
2021-02-19,35.48544906042002,35.684779989207314,34.5276962173976,35.21319580078125,1143010
2021-02-22,35.39307628734823,36.32165640356536,34.81453445458377,35.3104248046875,558210
2021-02-23,35.4854457779813,37.24051475546234,35.290977592296755,36.64738845825195,1263260
2021-02-24,36.82240953755237,37.30857814827485,35.6847767688644,36.79810333251953,466670
2021-02-25,36.93908966874237,39.66163292540179,36.486952749197066,38.10103225708008,2809210
2021-02-26,37.79474774572194,38.31008900877907,36.65711494733327,37.10438919067383,875050
2021-03-01,37.14815048238106,38.35870945255405,35.50489797616288,36.55988311767578,1149290
2021-03-02,36.929364599636514,37.71209630397989,36.36541098006604,36.69114303588867,624000
2021-03-03,36.94881573100809,38.31008937318783,36.80296365892731,37.46415328979492,847430
2021-03-04,36.618216676270535,37.40581109781659,36.618216676270535,36.934226989746094,441770
2021-03-05,36.82240780471843,37.28427018867319,35.30556418451595,35.94244384765625,877840
2021-03-08,36.12233187209614,37.04604933191853,35.99592698560066,36.321659088134766,662730
2021-03-09,36.07371066679266,36.65711524513368,34.53255700824787,34.90204620361328,1018440
2021-03-10,35.198608146934504,35.56809732953414,34.32350316424382,35.009002685546875,466510
2021-03-12,35.14026649502829,36.36541346788977,34.86315053602879,36.04454040527344,852280
2021-03-15,36.21469731471559,38.8934872904108,35.218053928402014,38.50455093383789,2814200
2021-03-16,39.277567473705965,41.1201471865182,39.0198986708973,40.5902214050293,4790100
2021-03-17,40.7312094518247,41.03263535418434,39.3261823311451,40.07488250732422,1392200
2021-03-18,40.5172928057192,42.46196737188776,40.19156070608734,40.78468704223633,2306690
2021-03-19,40.35199342399887,41.81049921040847,39.326177390823695,40.91595077514648,1089920
2021-03-22,41.12986809397086,42.199441376670265,40.50757279961541,41.20765686035156,592980
2021-03-23,41.47018490412901,43.53153882104439,41.358364489130686,41.56741714477539,2200420
2021-03-24,41.51880212829478,41.922322985132695,40.41519725083902,41.29030227661133,820050
2021-03-25,41.08125157160881,41.523666830475086,39.10254528333136,40.69717788696289,994870
2021-03-26,41.19792988644242,41.84939779868521,40.35199748378437,40.97429275512695,425140
2021-03-30,40.935393041328695,42.10219837769982,40.74092857624344,41.17361831665039,585510
2021-03-31,41.20279476236423,41.90773784985069,40.123499722024064,40.70204162597656,493250
2021-04-01,41.05207794971186,43.07453740574995,41.01804629593053,42.500858306884766,2366880
2021-04-05,42.57865194789252,45.01921697844636,41.62089909838871,43.73086929321289,1936520
2021-04-06,44.21703343029121,44.70806476312109,42.88006975779654,43.91561126708984,732930
2021-04-07,44.0954874199086,44.776124153639415,42.72935493739427,43.18149185180664,840410
2021-04-08,43.550984600978495,45.69984894857173,43.23497426535076,44.17814254760742,1667790
2021-04-09,44.21217546736576,45.50051934237615,43.6628025531735,43.939918518066406,919550
2021-04-12,43.2106660121348,43.21552873694824,40.3763057501476,40.55132675170898,816600
2021-04-13,40.808992363226565,42.782835638714026,40.45408766282429,42.5883674621582,531220
2021-04-15,43.17177965349483,43.2301175203944,41.34378440413207,42.71964263916016,727450
2021-04-16,43.13774241085904,43.55584400315175,41.742437164419655,42.01469039916992,385630
2021-04-19,41.89801616213924,42.16054768924781,36.55016078790513,41.022911071777344,1311500
2021-04-20,41.76188412093509,43.366238299984005,41.51879981721507,42.42793273925781,1393660
2021-04-22,42.272358762482895,46.16170760629215,41.86397891428553,45.66581726074219,1899810
2021-04-23,45.69984870724188,47.50353378026748,45.67067977798083,46.681907653808594,1389580
2021-04-26,47.64452976696548,48.13069843805696,45.7970873331488,46.03531265258789,674360
2021-04-27,46.030447770324834,48.480738202906174,46.030447770324834,47.362548828125,1079180
2021-04-28,47.40143944594001,48.81132915591008,46.18115519701991,48.41753005981445,1231630
2021-04-29,49.00580018892661,49.83228538977095,47.89247356292275,48.69465255737305,1650550
2021-04-30,48.32516439410421,50.95047583736985,48.02860122183839,49.623233795166016,1825860
2021-05-03,49.78366347015125,56.88172401575267,49.07871680171783,54.16404342651367,4932480
2021-05-04,54.95164261664697,56.53655347442233,53.347288276695465,53.82859420776367,2821570
2021-05-05,54.392543329764656,57.761691981250166,53.96471628371824,56.857418060302734,2666130
2021-05-06,57.46513150349711,59.69178475479171,56.39556198402083,57.26580429077149,2807890
2021-05-07,57.64987554845499,58.79237105764852,55.32599015046991,56.29346466064453,1632630
2021-05-10,57.36789451032132,58.145763524559065,56.40042003977475,56.8282470703125,1366090
2021-05-11,55.93855751610443,56.55599371068263,54.543256018275216,54.73772048950195,1539780
2021-05-12,55.03428402540224,56.58030032146211,54.256415007391126,54.946773529052734,1712650
2021-05-14,55.2336141226729,55.81215593501828,50.73655463944135,51.55331802368164,1428640
2021-05-17,52.20478464354804,53.62439982104229,49.783667013339766,52.82708358764648,1760790
2021-05-18,53.70704446277544,54.68424436236747,51.339402105987794,51.475528717041016,1056680
2021-05-19,51.71861776773576,52.70068048209857,50.4399956001144,50.70738983154297,1341490
2021-05-20,50.85323577699601,51.21299950921112,49.2245716781222,49.735050201416016,886720
2021-05-21,50.17260049635939,52.46731699433987,50.16774148072503,51.92766952514648,1803130
2021-05-24,53.9938886081727,53.9938886081727,51.8790557410686,52.90000915527344,2028420
2021-05-25,53.67301943790383,53.94527269362987,52.3603618638552,52.61803436279297,1092610
2021-05-26,52.88542310374027,53.86748581581296,50.36706944598253,51.140079498291016,1132990
2021-05-27,49.69129060785268,51.34426453802521,49.200259298631146,50.53236389160156,874510
2021-05-28,51.115770100215165,52.65206477061559,50.12884836245004,50.48374938964844,995660
2021-05-31,50.84351797101039,51.08173956936693,49.88576514337572,50.206634521484375,569860
2021-06-01,50.64904303004468,50.64904303004468,48.24251003238973,49.025238037109375,750180
2021-06-02,49.09330887664147,52.48676376689807,48.86480903178786,52.30202102661133,1750080
2021-06-03,52.506211986201016,52.78819068151345,51.54359646775153,51.87419128417969,885290
2021-06-04,52.02003861965242,52.31173902895627,51.33940185849547,51.869327545166016,1153250
2021-06-07,51.922808586442905,52.36522008897983,51.46094618539999,51.917945861816406,1154600
2021-06-08,51.63110388395667,53.12364133896653,51.63110388395667,52.57427215576172,1050370
2021-06-09,52.87569937445421,53.86748378981238,51.349130226772,52.48676300048828,1506830
2021-06-10,53.42993301239476,56.28860321258768,52.65206394865236,55.452392578125,6698630
2021-06-11,55.88022502873523,63.09496591243822,55.452394248907154,60.98013305664063,8140770
2021-06-14,62.02539815799357,70.68891976927418,59.944596899241766,69.25959014892578,14179730
2021-06-15,70.781290627391,72.69193724310479,65.92447065397043,66.3474349975586,5718800
2021-06-16,66.89680272844657,67.88858341432181,63.88741788946744,64.665283203125,2231230
2021-06-17,63.688093371418645,66.96487275441488,62.71575606803821,63.566551208496094,1433980
2021-06-18,63.77559989120195,65.92447185049251,59.565381314602014,61.266971588134766,1647610
2021-06-21,58.35482502197883,64.32984214645823,58.20411392081286,62.90050506591797,732540
2021-06-22,65.0201956464387,66.04114532470703,62.72547910526708,66.04114532470703,866620
2021-06-23,66.41063771988327,66.98431314156693,62.82271086231034,63.55196380615234,465620
2021-06-24,64.5631918846287,65.49663471106778,61.553807048733226,62.27333450317383,253270
2021-06-25,63.67350188460482,65.38481742699888,62.73033361738568,63.36235427856445,423590
2021-06-28,64.5631925920159,64.66042482989576,62.87618692967813,63.12413024902344,380610
2021-06-29,63.67836451446241,64.16939957413994,62.33168276253617,63.02204132080078,172390
2021-06-30,63.20191910778089,63.87769317689185,59.87166488124378,60.75162887573242,768210
2021-07-01,60.7516286068202,63.094961141153846,60.09043900542404,62.65254592895508,481340
2021-07-02,62.71574811814348,63.68808529826973,61.5878371375639,62.02052688598633,354900
2021-07-05,62.42405104723575,64.66042978145092,62.42405104723575,63.58113479614258,540460
2021-07-06,64.27149242721237,64.56319657720175,61.93788519150375,62.21986389160156,319760
2021-07-07,62.81298521270809,64.75765972343184,61.45171528070483,64.26663208007812,502140
2021-07-08,63.40610655115901,65.6327595812271,61.743410865302536,63.03662109375,401090
2021-07-09,62.71574951553464,64.46595944609652,62.22958091463902,62.96855926513672,322000
2021-07-12,64.36386423415378,64.36386423415378,61.75800009660455,62.45808410644531,271150
2021-07-13,63.66865159700932,63.66865159700932,61.93788862833599,62.934532165527344,207300
2021-07-14,62.93452996919662,63.68809285689758,61.85037596182263,62.43377685546875,246420
2021-07-15,63.19219655558157,63.68809063614452,62.4240492287,62.83729553222656,313850
2021-07-16,63.4839025064901,63.69781789706417,62.67200176015295,62.82757186889648,332350
2021-07-19,63.1970626583749,63.97979444661043,62.2393098672313,63.09982299804688,438590
2021-07-20,63.10469006461231,63.97979508792452,60.52799482532705,61.84064865112305,545500
2021-07-22,62.0059448288928,64.93267822265625,62.0059448288928,64.93267822265625,567270
2021-07-23,67.77190182860983,68.17542266845703,67.57743735033509,68.17542266845703,269510
2021-07-26,71.58347577184938,71.58347577184938,69.0359493369792,71.10702514648438,1765040
2021-07-27,71.36954823297152,74.6609115600586,71.27231600172297,74.6609115600586,1693820
2021-07-28,77.30081115545767,78.38983154296875,73.11975802499448,78.38983154296875,1623940
2021-07-29,82.30833701222585,82.30833701222585,78.71068529062727,79.49828338623047,1500070
2021-07-30,80.19837143121566,81.18042661193853,75.52629112668453,77.93768310546875,971490
2021-08-02,81.83190155029297,81.83190155029297,81.21932437226076,81.83190155029297,1189700
2021-08-03,82.59032371269637,83.91270289129227,77.98144006743829,79.08504486083984,1135590
2021-08-04,78.76905002779634,79.73166191771503,75.3561438856453,76.24097442626953,565780
2021-08-05,76.23124067488345,78.26342193435416,72.42939852686324,77.78211975097656,683940
2021-08-06,78.16618916619593,78.75931546874912,74.3837979427075,75.33182525634766,257720
2021-08-09,77.68002335353205,79.09477585170774,72.43912609902955,73.95111083984375,603480
2021-08-10,73.88790515326885,73.88790515326885,70.25622495056896,70.2902603149414,582140
2021-08-11,67.79135913091756,72.92529899309633,66.79957091033822,72.35162353515625,728920
2021-08-12,72.7308279578468,75.74507189490758,71.9529552045143,74.91858673095703,371690
2021-08-13,74.96720620035144,76.62018410223831,72.92529930352184,73.33367919921875,246760
2021-08-16,73.50869171773282,75.13249308080033,71.46678505691828,74.38379669189453,337170
2021-08-17,75.35613278693233,75.35613278693233,71.46678399792938,72.57038879394531,391810
2021-08-18,73.66555205181496,73.66555205181496,71.23459033283456,72.938720703125,209000
2021-08-20,69.29473114013672,70.71892879196031,69.29473114013672,69.29473114013672,281450
2021-08-23,65.83245849609375,69.04918952360177,65.83245849609375,65.83245849609375,337880
2021-08-24,62.79252388207364,66.79010798683379,62.54205992801225,66.50035858154297,615190
2021-08-25,67.28120271211556,68.55807525009638,66.98653751299774,67.44326782226562,109810
2021-08-26,66.30390783211146,67.37942613397871,65.02212687550426,65.39537048339844,157110
2021-08-27,65.51322417230806,68.54824863803869,64.72746282538063,67.6937255859375,197060
2021-08-30,68.65629377400994,71.07743124227481,67.79686236140807,70.75821685791016,417490
2021-08-31,70.75821844756996,73.6655513065647,69.7367219035479,71.39173889160156,270010
2021-09-01,72.62441119393111,72.62441119393111,68.95095044420569,70.87608337402344,197450
2021-09-02,70.71402515882448,71.11181796076798,69.14740314137465,70.4144515991211,145920
2021-09-03,70.63545044871832,70.91537567837321,68.85274150924623,70.0313949584961,161820
2021-09-06,69.05408892604363,71.49487482155064,66.69188141801853,69.42241668701172,147170
2021-09-07,67.89508930636106,69.70726323258144,66.90797352663648,68.05224609375,185190
2021-09-08,66.2989989190388,71.00377322304979,66.2989989190388,69.4764404296875,338460
2021-09-09,69.93316354749173,70.71893246118621,66.8981462929834,68.63665008544922,155580
2021-09-13,69.14739748225753,69.43223850699553,66.79009839318054,68.86255645751953,246590
2021-09-14,72.24626426593365,72.24626426593365,68.96568771412075,71.69131469726562,500940
2021-09-15,72.14312934501655,72.58512716392963,70.8957292647546,71.67658233642578,317670
2021-09-16,71.69130992038912,72.15785689691438,70.52248830964162,71.39665222167969,191580
2021-09-17,71.3966523956107,71.84846686298353,68.26340865093178,69.48625946044922,774910
2021-09-20,68.45984663501685,69.62376739518012,66.01415252685547,66.01415252685547,460110
2021-09-21,63.966259379875325,65.67529822324286,62.713943398084815,62.72867965698242,1904720
2021-09-22,63.03806939562937,65.8619155883789,61.38796071194636,65.8619155883789,505010
2021-09-23,69.1523208618164,69.1523208618164,67.9982314950494,69.1523208618164,330800
2021-09-24,71.30824777256208,71.30824777256208,65.70966921566327,67.26155853271484,448950
2021-09-27,69.24561873990122,69.24561873990122,63.917140825222894,65.41500854492188,562110
2021-09-28,66.68205863755493,66.68205863755493,64.1725184740492,65.23821258544922,413560
2021-09-29,64.44262524479645,68.49913892850554,64.44262524479645,68.39601135253906,1886450
2021-09-30,69.53045851058982,71.30825139834874,68.63173789508733,69.8594970703125,639360
2021-10-01,68.75451509019003,70.61088639813336,66.79010037332745,68.38127899169922,259240
2021-10-04,68.39601700862616,71.79936218261719,66.9865442401311,71.79936218261719,2719010
2021-10-05,72.68334260765452,75.28619353760403,72.68334260765452,74.78035736083984,1011410
2021-10-06,74.84419955191655,77.49616398095701,73.68519454077611,76.2487564086914,1078760
2021-10-07,76.60234563828757,78.47836518826716,75.13885885168509,75.53665161132812,478220
2021-10-08,77.27517174095622,77.27517174095622,75.13886760568828,75.9541015625,344830
2021-10-11,76.37644870218102,77.0050608319399,75.44826301889269,75.9295425415039,364290
2021-10-12,76.5041314369922,77.20149777033767,74.66740095768678,76.09160614013672,359780
2021-10-13,75.6987314499237,78.67481896511536,75.6987314499237,77.18677520751953,412840
2021-10-14,77.10328793468109,78.08549542429486,73.77360514438229,75.65453338623047,302970
2021-10-18,77.97744757858253,85.84493122241899,76.81353416736715,83.8510513305664,2994710
2021-10-19,85.0591564143427,86.1886963842042,77.15729995172495,79.07260131835938,1262940
2021-10-20,78.58149043981521,80.03025216722257,75.02590489567228,77.13273620605469,652220
2021-10-21,78.35067228804893,80.83566302837728,76.15053005493037,79.9958724975586,480530
2021-10-22,80.74235827141764,83.38940682143244,76.75950710496313,78.27701568603516,694840
2021-10-25,79.46057412813194,79.99096698311592,75.1585012466998,77.53053283691406,320480
2021-10-26,78.57658369026568,81.5624947697334,77.57473554541946,81.3120346069336,466870
2021-10-27,81.70983341655761,84.41090368102599,80.4968067164773,82.284423828125,674030
2021-10-28,82.70185525850133,82.70185525850133,79.0725994269435,81.70983123779297,457320
2021-10-29,81.5084744941421,81.52320700434993,79.0136670191087,80.88968658447266,574190
2021-11-01,88.39866132657522,92.32749071886748,83.97381992121916,87.58342742919922,3703930
2021-11-02,87.41645590525091,88.29552820394711,85.45204116580707,86.03153991699219,790410
2021-11-03,86.67980312322699,90.28450248579676,85.45695221148073,89.77375793457031,1416920
2021-11-04,90.70193723652407,92.26855912942584,89.87687918127497,90.43673706054688,364970
2021-11-08,90.95240436584405,91.20778038981908,86.59631691489791,87.29859161376953,571570
2021-11-09,87.70620626941049,88.39375593215397,85.45204212896662,86.20343017578125,424890
2021-11-10,86.23781257818375,89.32194320971101,85.22122432387464,85.50606536865234,722490
2021-11-11,87.1463537100984,87.75532502127436,84.97076782508212,85.38329315185547,342040
2021-11-12,86.43424055033825,87.22491770966393,79.68647384602512,80.3740234375,719400
2021-11-15,80.3838549881213,81.39553496732424,76.12107820556103,77.22115325927734,864410
2021-11-16,77.10327813625645,81.66071970940452,76.2438466920625,80.96826171875,756430
2021-11-17,81.41516696612109,83.29118660904025,79.06278365071113,79.45075225830078,495640
2021-11-18,79.55879410809426,82.7018545815724,78.57658677342643,82.04377746582031,746510
2021-11-22,82.80008287173682,82.80008287173682,75.73800960430276,76.49922180175781,587970
2021-11-23,77.10328299048984,79.75524004493285,75.53175260661072,78.57168579101562,692160
2021-11-24,79.0922536515588,79.64228740640841,77.61402669492861,78.1247787475586,303070
2021-11-25,80.08919176298207,82.11253659556806,79.55389053201503,81.80314636230469,816180
2021-11-26,81.03210757148487,81.03210757148487,76.61217443122206,78.01673126220703,720720
2021-11-29,76.61217831273903,77.59438572700492,72.87978714106953,75.46299743652344,471710
2021-11-30,75.43352992984654,78.41452543731378,75.43352992984654,77.33409881591797,623830
2021-12-01,77.10328240800249,77.7417187292187,75.25673515760052,76.4894027709961,296410
2021-12-02,75.73310364538055,77.59438334097493,75.67416610665639,76.78406524658203,150430
2021-12-03,76.94122333341265,78.47838046328926,76.4697679315706,77.18677520751953,143240
2021-12-06,77.18676523111786,78.38015108172921,72.06946573538002,74.21067810058594,350170
2021-12-07,75.60050348457032,76.80861436947455,74.39730093886898,76.5237808227539,379210
2021-12-08,76.61218134150167,77.8055598000624,75.82641238156546,76.4844970703125,287850
2021-12-09,76.51394857936928,76.95103051904427,74.10262790948235,74.39729309082031,393790
2021-12-10,74.65267059395474,76.54833117201022,73.76377409766887,74.78527069091797,236070
2021-12-13,75.62996096322289,77.20149112087216,74.66248618777301,75.16341400146484,254660
2021-12-14,74.70178160334693,76.01793587828917,74.45132142245353,75.31075286865234,132110
2021-12-15,76.38626921976503,81.6901908881184,75.4580834898268,78.72883605957031,2770880
2021-12-16,79.24449895950029,79.7356026943773,76.83809365606227,77.66805267333984,514420
2021-12-17,77.49615282406879,78.07565149938651,75.77729015208723,76.0670394897461,179140
2021-12-20,74.7459801285206,76.51395641019845,69.928254128008,74.93260192871094,818370
2021-12-21,75.14377033849205,80.07445541385424,74.95715603835657,75.74783325195312,336300
2021-12-22,76.11124966243621,78.27701878743446,75.69872435109781,76.88228607177734,279850
2021-12-23,77.55999645470442,77.85956998329542,73.31686118523419,74.71160125732422,631720
2021-12-24,75.40897245372376,76.53851242979934,72.78156473722066,73.66064453125,518050
2021-12-27,73.90127108827832,74.74596991930102,72.78647125953219,73.85216522216797,178550
2021-12-28,74.166486061849,76.1554576311169,74.166486061849,75.22726440429688,232880
2021-12-29,75.13886405766847,76.31750990817288,74.16648085631996,74.71651458740234,165560
2021-12-30,76.12107433724829,79.35744595736936,76.12107433724829,78.42926025390625,1417410
2021-12-31,79.36235924292019,79.94185799974188,78.04619745799425,78.96947479248047,372760
2022-01-03,79.74542325260313,80.60485474968166,77.10328288076006,77.24079132080078,593720
2022-01-04,78.07566962369779,78.39979988698951,75.13887138919144,75.55631256103516,396630
2022-01-05,76.90684310482439,76.90684310482439,74.33345699611121,74.97189331054688,861760
2022-01-06,74.97188772965569,76.06213847173375,74.544622442962,75.56121063232422,236880
2022-01-07,76.61216807843095,77.59437536148776,75.56120658530604,75.98846435546875,542020
2022-01-10,77.10328011721032,78.17388257539012,76.12107272718217,76.72512817382812,496380
2022-01-11,77.48633951806508,77.48633951806508,75.30092959885108,75.742919921875,322670
2022-01-12,76.58270464824815,79.95658433759961,75.87551419078738,79.34270477294922,1020730
2022-01-13,80.34456392450252,84.93147043323124,80.00078535838091,83.83631134033203,3070050
2022-01-14,84.86272022616232,86.1395853404559,82.80008620026676,83.40904998779297,689940
2022-01-17,84.37161779560213,84.86272149930919,82.01431851907869,82.74114990234375,537320
2022-01-18,82.80008308446376,84.22918909186102,80.06954034090464,80.50662231445312,555440
2022-01-19,80.83566657182807,83.8706836364181,79.85345923799612,82.31879425048828,578010
2022-01-20,82.37774353047699,84.76450799170635,81.78350471158552,82.6871337890625,598110
2022-01-21,82.50542096471553,83.48762835715262,81.53794608367318,82.07816314697266,396360
2022-01-24,82.01431585360173,82.02414002557798,75.8460547344941,76.58271026611328,529010
2022-01-25,76.11124901958246,80.16285452817635,74.89822228600254,79.3574447631836,528440
2022-01-27,79.26413105712051,80.52627111330469,77.20149709718065,79.9271240234375,277220
2022-01-28,82.45140179323533,84.07695387871036,80.45752192427271,80.74236297607422,518510
2022-01-31,81.22854682472865,82.3531784642959,79.5784381368174,80.89459991455078,267150
2022-02-01,81.03211042840903,87.80442714822074,81.03211042840903,85.76634979248047,1487730
2022-02-02,87.90756272925753,91.0113417253644,86.93026366377212,90.00457763671875,1517760
2022-02-03,90.55951692501728,93.11326209345418,88.64421554233716,92.44044494628906,1404820
2022-02-04,91.3649242738671,94.2919054700377,90.06841087339998,92.70564270019533,1263310
2022-02-07,87.12179761082888,87.12179761082888,82.5840039985304,84.25375366210938,1583130
2022-02-08,85.84492689796986,85.9480544768924,81.67054551413952,83.75773620605469,637600
2022-02-09,85.39311295794164,87.80934224018007,83.97873191715907,86.65033721923828,952520
2022-02-10,86.60122177662913,89.14514275464059,84.46983358805706,88.21695709228516,821150
2022-02-11,87.69146989739569,87.83880249675751,84.46983102921837,84.99531555175781,590710
2022-02-14,78.67481270406246,83.8805150183106,78.67481270406246,80.51154327392578,622740
2022-02-15,80.06463530335141,82.89830573966641,77.95288790274967,82.0339584350586,543620
2022-02-16,83.9885537656723,84.46492493654421,80.64904723046364,81.25801849365234,319810
2022-02-17,81.719648770536,82.16164657556577,79.06769191494705,79.72576904296875,241850
2022-02-18,79.8338132028143,80.87986644155309,78.77302745313392,79.65210723876953,194210
2022-02-21,78.77302509079549,79.24939624668133,75.88534062812813,76.4010009765625,260730
2022-02-22,74.35310108048964,75.9884773864617,72.84541653914637,74.89331817626953,495510
2022-02-23,74.64775737836554,77.98726381244293,74.64775737836554,77.19658660888672,316620
2022-02-24,73.66555630828833,76.99523885393113,71.4113920837302,75.17324829101562,682450
2022-02-25,74.87367453397037,80.04990431321491,74.87367453397037,79.19538116455078,635030
2022-02-28,78.3555957014919,83.5170928161951,75.36477601018467,82.93267822265625,827270
2022-03-02,83.9787327126848,91.18813143282284,83.00143365182399,89.51347351074219,1892730
2022-03-03,91.73816415947697,98.43681770712185,90.74122434033212,95.53439331054688,4337140
2022-03-04,96.25632091026556,98.0242971489335,88.50670546912475,89.66571044921875,2115580
2022-03-07,88.39866598772157,94.00216100241872,86.43425118799442,90.04877471923828,1270930
2022-03-08,90.38272131254098,94.42941848310956,90.36308046181952,93.30479431152344,1271520
2022-03-09,94.26244542770502,96.13845766601764,92.67618257407284,94.3311996459961,1300690
2022-03-10,94.72408706923238,97.53320092214416,89.69027398399562,95.09241485595705,1658810
2022-03-11,93.99724070107892,111.28409611181988,93.80080222790352,105.8573989868164,6863120
2022-03-14,108.90714489480068,111.33811400562271,104.76223630093249,108.67141723632812,2296520
2022-03-15,107.55170689884558,109.44736742064418,103.4313472858914,104.5952606201172,831960
2022-03-16,106.5007408850574,109.38843282762302,101.41290662578082,102.0857162475586,1045070
2022-03-17,103.88806954367756,107.55170630686044,100.67625476212966,106.54985809326172,1016280
2022-03-21,108.2736288959247,117.62915549578835,107.2668648535036,110.08088684082033,3332640
2022-03-22,110.84209788166824,115.40936355513276,108.2490710787298,114.78565979003906,1436750
2022-03-23,114.91335153668848,116.2344141269208,111.87341859141976,113.17975616455078,438700
2022-03-24,111.4707112003176,113.34673085507268,111.4707112003176,111.9618148803711,201670
2022-03-25,112.75740701742583,116.13619521293624,109.72238240277014,112.60025024414062,315040
2022-03-28,113.53826000085851,114.5843132282214,108.43569310932676,110.18402099609376,293300
2022-03-29,111.48054043704036,116.39157746069851,111.48054043704036,113.84766387939452,497150
2022-03-30,115.87100678390078,117.3737828888497,110.46886614884912,112.96858215332033,470220
2022-03-31,112.78687465200302,114.19143149777824,109.6143415340466,111.24971771240234,212240
2022-04-01,110.6456630897133,113.9262321488999,110.6456630897133,111.43634033203124,161640
2022-04-04,112.26630632263884,117.47200093076744,112.13370622836412,115.77769470214844,635930
2022-04-05,117.37378810258062,121.79372154577403,115.87101193087854,118.5868148803711,852030
2022-04-06,119.27925787070888,121.3615325675466,116.35227679592865,118.55733489990234,393640
2022-04-07,119.30382396234586,120.60525332591271,103.14160611585432,112.5216827392578,821610
2022-04-08,114.91826258064958,116.06253506883137,111.56893184352768,112.62480926513672,233630
2022-04-11,116.68623701652622,117.86488284754267,112.9538460622284,115.7678680419922,393860
2022-04-12,116.65676890839543,119.8145695773496,113.43512985450064,115.84645080566406,359520
2022-04-13,114.65798306603789,125.1332260349695,114.65798306603789,123.6255340576172,1215120
2022-04-18,125.13321678970418,133.58019842678618,124.83855158983324,127.02887725830078,3359760
2022-04-19,127.95216361666648,130.14248194656977,123.75813377560593,124.74034118652344,948910
2022-04-20,125.52118724704934,127.34809352849015,120.32530943517168,121.44011688232422,523490
2022-04-21,122.28481763772388,125.52610495811052,119.92751844959248,121.24858856201172,571030
2022-04-22,121.20437747464138,130.14246204869,120.6150546169238,128.6838836669922,1153180
2022-04-25,128.56603436335678,128.65934525992893,121.92139479355146,122.96253967285156,1264140
2022-04-26,124.74033675338757,125.72254412939849,120.41862280020996,121.44994354248048,1107530
2022-04-27,120.3204062025025,121.43029786404504,115.99869215445857,118.2184829711914,1320950
2022-04-28,117.96310610062166,121.59727794166956,117.4720024053704,120.44808959960938,915550
2022-04-29,121.52360960341572,121.52360960341572,117.26574140483328,118.40510559082033,359460
2022-05-02,117.76665753213716,120.8114986831456,116.676406822578,119.38238525390624,774940
2022-05-04,120.05028557768344,126.60651479992484,119.64266864950974,120.29583740234376,1778330
2022-05-05,120.5676255370404,122.54414398846733,116.73812103740082,117.98332977294922,736190
2022-05-06,116.21928469209742,118.46263738101322,109.41017915652088,115.34467315673828,1232000
2022-05-09,113.4768547801847,116.41198568526642,109.10381253074456,113.47191619873048,885190
2022-05-10,110.68503128212588,114.82583977586906,103.86604123981677,105.42255401611328,895840
2022-05-11,103.76721361067564,106.51457291704438,98.92474213421362,103.03590393066406,836220
2022-05-12,101.29657310145028,102.22059308724316,94.8926498454184,99.05816650390624,1028860
2022-05-13,99.71535593807104,101.88458460549792,93.88956366457808,94.87782287597656,1205980
2022-05-16,89.30403564840134,93.78579449619323,89.23980393096572,92.48129272460938,1155000
2022-05-17,92.51094083393028,99.32004586251308,92.51094083393028,98.02542877197266,966950
2022-05-18,98.0550813986919,101.79070005854706,98.0550813986919,100.24407196044922,597980
2022-05-19,96.97293510065016,99.81418033289852,95.77220377813504,98.79132843017578,455140
2022-05-20,100.77278888435482,118.54168455859576,99.59181947647234,102.84319305419922,587460
2022-05-23,95.95996942968232,96.85928894532772,82.27751922607422,82.27751922607422,6256540
2022-05-24,81.92668934894196,85.47453626479985,81.62032386926283,83.76979064941406,2599410
2022-05-25,83.013770332989,86.36396831824194,83.013770332989,85.42512512207031,1235480
2022-05-26,87.75741160707896,89.07673660848528,82.7172841358674,88.42942810058594,1259410
2022-05-27,89.40781709175336,90.40596106257172,86.2750370249239,87.46094512939453,661660
2022-05-30,86.96680458220226,88.74567405549305,86.96186600082217,87.85623931884766,333440
2022-05-31,87.84635101989542,90.91983743192084,87.16444982641406,89.90193176269531,496080
2022-06-01,91.58692744309327,91.80928426257594,89.04710151562952,89.76358795166016,464230
2022-06-02,90.69254104083588,91.31514914566812,86.98163055842208,87.26822662353516,545100
2022-06-03,88.43931603058401,88.69132695871845,86.51221355565944,87.08045959472656,253490
2022-06-06,86.93716493367246,87.60918150597759,85.12371016674912,86.77410125732422,219490
2022-06-07,86.75926927296005,86.75926927296005,84.27379818294614,86.2750244140625,307700
2022-06-08,86.47267408031371,87.46093321266015,85.48441494796727,87.06562805175781,227380
2022-06-09,87.09034392045712,90.1984158554737,86.30961823046276,88.55297088623047,381140
2022-06-10,86.00326065860251,88.73579681556078,86.00326065860251,87.43623352050781,174250
2022-06-13,85.17806303312976,85.9933738588521,83.20154462912959,83.94767761230469,240270
2022-06-14,84.96064744480263,84.96064744480263,80.54312746809546,81.51656341552734,405890
2022-06-15,82.3911780900059,83.11260313511997,81.5511516782853,82.30223083496094,167290
2022-06-16,83.90320996185208,84.03168094715198,77.08421978095734,78.18612670898438,367710
2022-06-17,76.78773520983815,78.78402297417095,75.44370212290691,76.49620056152344,262200
2022-06-20,76.03666623774598,76.41220202423632,69.17814488887787,70.50735473632812,675210
2022-06-21,71.15466205107253,76.09595802684146,71.15466205107253,75.81430053710938,278180
2022-06-22,75.30534236480452,78.85813512817987,73.22999970873235,77.52398681640625,316640
2022-06-23,76.78774138533154,77.98354172340416,75.11264224342196,75.86865997314453,212430
2022-06-24,76.095962224508,79.65369401535223,76.095962224508,79.05580139160156,170460
2022-06-27,81.43256253209164,82.99401393410128,79.65369289185033,80.3355941772461,394990
2022-06-28,79.65368497213002,82.01562370749816,78.96190659182845,81.63020324707031,211700
2022-06-29,81.23490718023417,82.75682732713041,80.28617920680918,80.83466339111328,154110
2022-06-30,81.99586669435739,81.99586669435739,79.31768517811072,80.26146697998047,311520
2022-07-01,79.35721215494067,81.47208611660557,79.164501923755,80.86924743652344,134130
2022-07-04,80.33558961219157,83.88343644774207,80.05393212690032,83.54743194580078,244180
2022-07-05,83.97238820963526,84.04650463616058,81.8031594954323,82.22811126708984,176940
2022-07-06,81.82786685657695,82.91495049625452,80.54312684798194,81.67962646484375,170840
2022-07-07,83.0137731883161,87.75247426492582,82.27751736653713,86.85810089111328,346020
2022-07-08,87.74753465014271,89.4374569653731,86.03290434712376,86.71480560302734,515200
2022-07-11,86.28490484668585,90.62336195589168,85.60301115336415,89.37321472167969,273570
2022-07-12,88.19719520608692,89.29910210528321,86.42326420804793,87.50540924072266,244240
2022-07-13,87.95507008300883,89.4078123345712,85.97855165417717,86.40350341796875,146160
2022-07-14,86.30467580692684,86.5715024674127,84.86675689366963,85.2620620727539,152970
2022-07-15,84.52086896243581,86.42326338446483,84.31333543675007,86.00325775146484,300960
2022-07-18,86.56161645654782,87.15951656760372,85.58324199645725,86.12184143066406,108820
2022-07-19,86.1465447913837,89.29909376437575,84.79263463644676,88.2021255493164,596390
2022-07-20,88.9433269334546,90.71725036662632,87.46093815123035,88.0094223022461,299590
2022-07-21,89.33862892878959,90.86054892901114,88.66661240323486,89.18050384521484,212700
2022-07-22,89.8969997462217,92.55048097988876,88.94333318177505,91.53751373291016,391490
2022-07-25,91.87845818879067,91.95257461218404,89.90193980689502,90.56407165527344,178930
2022-07-26,90.56407032065572,90.89513623996612,88.6468451057284,89.111328125,126570
2022-07-27,89.90193937653225,90.3170064251868,88.00942213014838,89.5461654663086,187570
2022-07-28,89.93158973515514,92.0069326056948,89.93158973515514,91.59186553955078,209420
2022-07-29,91.4139739971933,95.82654760940407,89.13603628950831,94.2700424194336,669380
2022-08-01,91.69069072423336,93.3608512460802,89.66970239584991,92.91613006591795,885390
2022-08-02,92.67895136887866,92.67895136887866,89.63511106570101,89.92170715332031,568670
2022-08-03,89.43745826624561,90.41583277038438,86.67527559122595,86.9223403930664,392150
2022-08-04,87.2534059094262,87.2534059094262,85.3855966195459,86.08232116699219,287560
2022-08-05,86.1761960100941,86.86798194818525,85.43994775903717,86.47761535644531,282060
2022-08-08,86.5715002739473,86.5863235580532,84.49615756111184,84.79757690429688,294630
2022-08-10,85.82042149380474,85.9785465778887,84.0761446865308,85.39547729492188,297110
2022-08-11,85.77102149377818,87.01128414226362,84.49616615231575,85.83031463623047,219580
2022-08-12,86.2602046380736,88.2515462477907,85.38559316790747,85.94395446777344,228460
2022-08-16,86.76915315651401,88.5035451858778,84.39238365577577,86.72962188720703,309360
2022-08-17,86.57151027445202,88.33061056320301,86.56162557063324,87.63883209228516,222170
2022-08-18,88.49861243816791,88.84450164263048,87.06563210565275,87.93035888671875,216550
2022-08-19,88.32072607606334,88.54802146631013,86.52209466099116,87.05574798583984,162450
2022-08-22,86.8679832859082,88.38001862242967,86.14161218662721,87.93035888671875,175560
2022-08-23,86.19102183485579,88.42943584198474,86.19102183485579,87.42634582519531,201440
2022-08-24,87.42141297401322,88.39978752734486,87.26823399554138,87.91554260253906,121540
2022-08-25,88.32072054165268,88.84449667050018,86.97668753111401,87.52022552490234,213850
2022-08-26,87.2682285346697,88.74567874584459,87.2682285346697,88.02424621582031,295090
2022-08-29,87.72776965831544,90.2774803140776,85.74631259100636,89.30899047851562,336060
2022-08-30,89.93159184144768,91.21633188368196,88.94333259044276,90.6332550048828,474440
2022-09-01,90.662894056973,90.662894056973,87.46093646041888,88.5628433227539,206570
2022-09-02,88.46402742980274,89.14098261302306,87.4609448798466,87.75247955322266,156040
2022-09-05,88.18236969150863,92.3676403699578,87.7771798097782,90.35653686523438,514270
2022-09-06,90.8111372719907,91.96246014460644,88.24660344198175,88.86426544189453,447500
2022-09-07,87.94517856661598,91.00878038600442,87.94517856661598,90.6875991821289,275300
2022-09-08,91.13231364184568,93.3904894123581,89.33862841671693,90.58877563476562,714710
2022-09-09,90.91984905002464,91.3151542495104,87.92047867148924,88.56779479980469,197730
2022-09-12,89.007571995644,90.03041640134981,87.67341597281595,88.32073211669922,256880
2022-09-13,89.70428624596778,89.93158918450413,88.15766569091592,88.7308578491211,182250
2022-09-14,87.46093944845569,90.70737454879132,87.18422807804072,89.81793975830078,249350
2022-09-15,90.59372335925876,90.90996601669316,88.36026288979954,89.61534881591797,269670
2022-09-16,89.23486165825352,91.1174942068653,87.75741899623159,89.78829193115234,434910
2022-09-19,90.77655082765976,90.77655082765976,88.25154830639025,88.65673065185547,185450
2022-09-20,89.10145593060888,90.2083014443976,87.08046007194085,87.74259948730469,168170
2022-09-21,87.78212144715506,88.87415119340295,84.76298925437492,85.62771606445312,229290
2022-09-22,84.99029515701476,87.34234944818775,84.8618241693683,85.81549072265625,179320
2022-09-23,85.58324755115518,86.72468575198131,83.60672909713395,84.05638885498047,204220
2022-09-26,83.1274259747186,83.13237209652893,79.12991905685058,79.61911010742188,295190
2022-09-27,80.14782654112157,81.21514837895226,79.06568141719491,79.77722930908203,212520
2022-09-28,79.06074119718276,80.54313009462994,78.66543598323288,79.97488403320312,111670
2022-09-29,80.37017723403994,82.618468444662,80.27135282100785,81.82786560058594,277280
2022-09-30,82.23798307309256,87.40164325944852,80.76547902343692,86.07243347167969,283460
2022-10-03,85.97854567067293,85.97854567067293,81.8525607216987,82.1786880493164,138830
2022-10-04,83.01377129950099,85.3361788695589,82.81612247900128,83.07801055908203,440050
2022-10-06,83.49801468965656,84.49615855685767,83.01376981024613,83.1620101928711,167980
2022-10-07,83.16694779427654,86.07737069756652,82.51470067415978,84.79757690429688,210050
2022-10-10,84.76299421107946,85.9785564298498,83.1620190202842,84.61476135253906,145120
2022-10-11,84.61969314000497,84.86181935587918,83.2163668998237,83.80438232421875,208790
2022-10-12,84.18980468695024,84.19968185040071,82.91494939863242,83.1373062133789,69140
2022-10-13,82.15892936030825,82.98412487404258,80.67159446313353,81.00760650634766,137970
2022-10-14,81.54620136868354,82.80129468392606,79.76733192181177,80.37017059326172,133340
2022-10-17,79.92052991393324,82.99401684815321,78.97180191909973,82.30223083496094,209430
2022-10-18,82.30222351543972,84.29356516506937,81.68456152635312,83.78955841064453,256820
2022-10-19,83.90320713110789,84.39239060695989,80.93842954725122,81.44244384765625,108380
2022-10-20,81.72903403020473,82.13422392729768,80.54312598863119,81.42267608642578,60960
2022-10-21,81.82292073183532,82.11445539368042,80.24664606144438,80.96807861328125,85950
2022-10-24,80.66666632381234,83.00884360705953,80.66666632381234,81.55115509033203,30890
2022-10-25,81.7339750893752,82.5690552803475,80.54312100000266,82.37139892578125,101910
2022-10-27,82.78646869324892,83.01377162354815,80.46900723553969,81.60549926757812,122420
2022-10-28,82.00575420958117,82.18364117254501,80.10829075802694,80.91866302490234,132610
2022-10-31,82.42082065330864,84.14038958907645,80.25653054358432,83.21636962890625,244840
2022-11-01,83.02860317809431,84.19968801739996,82.04034389366558,83.932861328125,181400
2022-11-02,84.18484951860141,84.18484951860141,82.3219865327544,82.75187683105469,142910
2022-11-03,82.99401343883,83.90814870253305,82.27258088353187,82.34175872802734,119420
2022-11-04,82.75188298679763,84.99028942485985,82.0057500207166,83.19165802001953,224400
2022-11-07,84.53075221612323,88.75555416056086,83.90814410992212,88.04400634765625,593330
2022-11-09,88.7456755462956,89.32380624987216,86.97669074586744,88.83955383300781,341850
2022-11-10,88.45414020742837,88.45414020742837,84.55051924099807,85.55854034423828,215310
2022-11-11,85.9686629414851,86.83833583509576,84.47145090465752,86.07243347167969,236540
2022-11-14,85.9785553299379,89.97112363164673,85.90443890161586,89.16075134277344,365060
2022-11-15,89.40780817438255,89.78829006537808,87.06563123086465,87.67340850830078,201440
2022-11-16,87.5597612902776,90.3565365616742,86.66538794436414,87.6240005493164,491640
2022-11-17,87.56965016221763,89.61534644777299,87.01622741128695,89.08662414550781,255480
2022-11-18,89.53628264096001,89.63510705369032,88.25155019582735,89.23486328125,177740
2022-11-21,93.68697434622284,96.8494007422882,90.46524727160548,91.27561950683594,1500730
2022-11-22,91.39420884865818,91.621504229216,89.83275759339233,90.4603042602539,233070
2022-11-23,90.89019989167888,91.89822095883832,90.6085424003756,91.35468292236328,189970
2022-11-24,91.79939077844062,92.00692429276174,90.72713051787208,91.3991470336914,194050
2022-11-25,91.85869385850545,92.15517464810011,91.32009437923412,91.92787170410156,393940
2022-11-28,92.38247633123407,92.92107580315444,90.70737723447168,91.18667602539062,102110
2022-11-29,91.88834671330277,92.29352907773608,91.18667602350776,91.89822387695312,167490
2022-11-30,91.52762006808972,95.66842836466284,91.52268148662048,95.17923736572266,464320
2022-12-01,95.83149981814202,99.91300776964806,94.2255785513159,98.9791030883789,751990
2022-12-02,99.90311639205416,104.65170203001708,99.4238176287628,103.3274383544922,839600
2022-12-05,106.21810602901256,106.21810602901256,98.88521676582008,100.45160675048828,668060
2022-12-06,100.02171836979896,101.38551342840049,99.320055202994,100.14031219482422,188710
2022-12-07,100.39725180410362,101.28668662126032,98.1489680821664,99.78947448730467,210960
2022-12-08,100.28854998426034,100.80244146637222,99.33487590654389,100.43678283691406,202340
2022-12-09,100.70361136383582,102.37376424123794,100.01182541797073,101.72645568847656,327120
2022-12-12,102.08717620262424,103.53497228068926,100.16995098269727,101.8549346923828,258620
2022-12-13,102.3539987717306,103.07543126105284,100.81725550828578,101.1680908203125,236810
2022-12-14,101.66222868990668,103.07543967629644,100.8024404540518,101.36080932617188,130730
2022-12-15,101.6276382827792,102.77896120490092,100.04148642109872,101.00009155273438,237550
2022-12-16,100.3379527648097,102.28482454463912,99.28051574985405,101.9043426513672,226000
2022-12-19,101.10879289365984,103.2879061649564,101.10879289365984,102.53682708740234,206280
2022-12-20,102.5368315772883,102.94202147233594,100.58008256458729,102.6406021118164,146250
2022-12-21,102.09705544361884,105.20513484700618,98.9247443193688,100.18477630615234,456280
2022-12-22,100.0810083584195,100.90621144600745,95.69314252824216,97.22000122070312,473410
2022-12-23,96.81974873411713,96.91363455838274,90.21323882448512,91.15702056884766,431500
2022-12-26,90.4257197296046,93.3904974256572,89.75370315023989,92.96554565429688,212680
2022-12-27,93.39049410929678,102.77895648007264,93.39049410929678,100.83208465576172,459860
2022-12-28,100.80243564040008,102.1612920031996,97.08164045744732,97.81295013427734,344640
2022-12-29,98.10448209993766,100.5948993700049,95.96984626541322,98.7567367553711,233420
2022-12-30,99.1965146821271,103.76721336611055,99.1965146821271,102.97166442871094,755660
2023-01-02,102.27494916283771,111.17916724633848,101.79070423442543,110.01795959472656,1413170
2023-01-03,110.8826753799417,112.26623971993952,109.3409934941316,110.41325378417967,810000
2023-01-04,109.89441844450376,110.41325602501011,104.9185373647307,105.60537719726562,406440
2023-01-05,105.94138818025776,110.58621116144502,104.56276984928328,109.37559509277344,485470
2023-01-06,109.2026402879235,109.79559429283526,106.39104169133394,107.98213958740234,445610
2023-01-09,109.69676835698608,111.17915711856696,107.2409437054482,107.88825225830078,211330
2023-01-10,107.91296018556764,109.17299214017396,105.15571618578336,106.82093048095705,215580
2023-01-11,107.03341564462312,109.06922723498916,106.85059010077556,107.77954864501952,304760
2023-01-12,108.3082692635102,108.67392034551372,105.74373540867632,106.19833374023438,144400
2023-01-13,106.7319986231702,108.93087393869288,106.33669341660196,107.5967254638672,134470
2023-01-16,108.67886472503132,110.18596150321392,106.03032978462788,107.10752868652344,297900
2023-01-17,107.02847891533466,107.73508065419053,103.76722040108692,104.55783081054688,291430
2023-01-18,104.45899199299885,111.67328700102834,104.45899199299885,110.44290161132812,561940
2023-01-19,110.58620542739666,114.58865064321644,109.10875521655096,114.04511260986328,695100
2023-01-20,115.00372313201066,115.8239725185881,109.49417369681434,110.2650146484375,473840
2023-01-23,110.48738562885896,111.4904681504688,106.24280647889536,109.05440521240234,422970
2023-01-24,110.45773064021466,111.08033877958816,106.9741228919771,109.6868896484375,331900
2023-01-25,109.4892395459352,109.49912424925373,106.29222037605462,108.23414611816406,197150
2023-01-27,108.21437710426372,109.98830047189576,102.2897607758644,105.22489166259766,269910
2023-01-30,104.75547211075086,106.03032734593356,99.36946264551254,103.91050720214844,253720
2023-01-31,104.39476448914932,109.6967730767074,104.31076336049054,108.23414611816406,181690
2023-02-01,108.77769432887334,110.05254965423224,103.7523969943865,107.40401458740234,303700
2023-02-02,105.85244155941244,110.1316056259055,105.25454143693898,106.54421997070312,368620
2023-02-03,107.0383502002885,107.63131174472646,103.59921244960836,104.602294921875,211990
2023-02-06,104.76041584783192,106.03527114575392,102.7888435304314,103.67333221435548,173850
2023-02-07,103.90556908674974,105.54608293684343,101.23232620803512,103.68321228027344,166910
2023-02-08,103.53003690465822,107.51272031281404,103.53003690465822,106.90988159179688,170210
2023-02-09,107.44847488054435,107.72024765552898,104.85429460443645,106.82587432861328,199600
2023-02-10,107.2014099129447,112.1081205191063,106.73692690553354,110.61090850830078,794170
2023-02-13,108.6195737332864,108.67886687333146,105.3187840407548,106.68257904052734,578500
2023-02-14,106.5343385157238,109.69182617258976,105.3731310080313,108.7529754638672,367850
2023-02-15,108.01178326096682,111.02597671987076,107.49789181443876,109.39534759521484,389180
2023-02-16,108.91603909541094,110.92715006776224,107.78448569575298,108.39720153808594,285310
2023-02-17,108.26379628023372,110.3341929307082,107.95249222551752,109.50405883789062,307020
2023-02-20,109.79066018399756,111.9252961966068,108.21438550834957,108.79745483398438,319060
2023-02-21,108.88640046130736,110.7690330569353,108.8715771762882,110.24031829833984,409740
2023-02-22,110.16125315349608,111.86106016725084,107.7746063040483,108.04637908935548,355090
2023-02-23,109.20264434400468,113.09638810258744,107.24094917952635,108.3132095336914,879110
2023-02-24,108.86169115758928,111.29280788900851,108.84686787274924,110.74432373046876,406290
2023-02-27,110.82338525274947,111.53493307777826,107.72025199123344,110.6010284423828,497590
2023-02-28,111.57447041697822,113.0865058574697,106.83082301873615,108.84193420410156,1717700
2023-03-01,108.00684929426671,111.27304626460558,107.37930258866837,110.80856323242188,354920
2023-03-02,110.98150864547036,111.77211146355246,109.20263911010213,109.73136138916016,164170
2023-03-03,109.69676799079204,111.74740275487244,108.81721793170904,109.89441680908205,168910
2023-03-06,110.19090141046628,112.63190285436072,109.20264220499124,112.11800384521484,369640
2023-03-08,111.67328652183218,117.5484870022951,111.67328652183218,114.69735717773438,913640
2023-03-09,116.11551139393738,120.50832300843324,116.100688109892,117.17788696289062,844310
2023-03-10,116.29341011252232,120.46880393052489,115.73010264232788,118.10686492919922,445570
2023-03-13,118.10686355598573,119.54972113760566,113.25450708193006,113.9215850830078,292570
2023-03-14,113.6399184845519,115.97221070097208,111.71775472354236,114.00557708740234,264740
2023-03-15,114.0055889357621,115.61644881662548,113.06674565387496,114.93455505371094,217540
2023-03-16,117.81037424291851,117.81037424291851,109.2520537883283,110.41325378417967,765940
2023-03-17,110.6850323765409,112.13777463285412,107.226125114774,107.5226058959961,283680
2023-03-20,108.18967992398484,108.2489806060832,97.1557644890607,103.39168548583984,808970
2023-03-21,104.16252237245666,105.5114940846472,102.0871795368206,103.77215576171876,223250
2023-03-22,104.2959377166007,104.52323310904984,99.82406335327008,100.7678451538086,207990
2023-03-23,101.26691839666108,104.06369365843317,99.84876889988756,101.59798431396484,280170
2023-03-24,101.68692720570289,101.94387670920408,97.8870769099486,99.89324188232422,239180
2023-03-27,100.06618335625808,102.97660642119432,97.79813028425816,100.26383972167967,235400
2023-03-28,98.23296569354854,103.27308609047886,95.54489947123388,101.18785858154295,706520
2023-03-29,101.09891956558737,104.26134600184837,100.86667804950667,103.69309997558594,174860
2023-03-31,103.1742635727952,107.73013915796228,99.96735970519988,105.5016098022461,510870
2023-04-03,106.02044520517347,111.67328900544872,104.49358655885916,110.66526794433594,298600
2023-04-05,111.2186880675006,111.95494386461696,108.27367241885426,109.18287658691406,152890
2023-04-06,109.69182701059914,110.0673627730658,106.23785856884017,108.29837799072266,185490
2023-04-10,108.29838037955604,111.77211076340735,108.29838037955604,110.25019073486328,157360
2023-04-11,110.79868586388947,113.65475454891566,109.68195560394112,112.16742706298828,201730
2023-04-12,112.1624774939616,114.39099921354943,111.27798131230112,112.5627212524414,204060
2023-04-13,112.68131617057716,114.04511875867864,111.25328185841532,113.23968505859376,151120
2023-04-17,114.63807113689263,116.06610542834132,111.1791638181071,112.54790496826172,473260
2023-04-18,113.25449811989768,113.25449811989768,109.60782695005656,112.1130599975586,238500
2023-04-19,112.5330758743903,113.34838668437854,110.68502848797932,111.16927337646484,140250
2023-04-20,111.16927617855322,112.54295587426256,108.83204526316564,109.3360595703125,277240
2023-04-21,109.30145956820408,109.59794032665287,106.741872010217,107.50777435302734,108840
2023-04-24,107.61154365438802,108.01178742390375,104.85429958238927,105.34349060058594,141540
2023-04-25,105.74373712865209,106.18845076419991,103.87592779563995,104.22181701660156,155520
2023-04-26,103.37685452306258,109.69676864217942,103.37685452306258,108.6640396118164,270380
2023-04-27,108.58003703775732,111.6732855060229,108.51085919788616,110.7047882080078,187130
2023-04-28,109.91912992606584,111.96977232566542,109.28664463023787,110.90245056152344,138070
2023-05-02,111.2730495114281,111.89071153186116,109.0049963819546,110.171142578125,179930
2023-05-03,110.6553845152488,112.05377219668216,110.00807594161354,111.40646362304688,133630
2023-05-04,111.40646543440796,114.14394016233912,111.40646543440796,113.5855712890625,251940
2023-05-05,113.55098644808614,114.05500076393066,109.14828979163435,109.7363052368164,218480
2023-05-08,109.99324650601756,112.21682959543988,108.96050996311236,111.32244873046876,158750
2023-05-09,111.3175200036842,111.83141902992116,108.81228675519284,110.0080795288086,186470
2023-05-10,109.20757978530088,112.4391915798707,109.20757978530088,111.79682159423828,167550
2023-05-11,112.16742492591578,114.03523430607804,110.19090642501858,112.770263671875,223990
2023-05-12,113.29404015820776,114.28723799311553,109.89442591522128,110.69985961914062,446830
2023-05-15,109.89441850466572,111.70293462521772,107.70048944444736,108.98522186279295,309430
2023-05-16,110.16125006560893,110.3292523137008,105.9562025031008,107.5028305053711,117280
2023-05-17,107.2804755052431,112.95802720437808,106.08468280312704,110.68502807617188,338860
2023-05-18,111.84129695757524,112.9234420373228,110.6850354503736,111.68811798095705,238440
2023-05-19,111.77212145133406,112.46390746126936,111.184105981826,112.3947296142578,121670
2023-05-22,112.6615511549244,112.6615511549244,110.20572638840562,110.6751480102539,178170
2023-05-23,110.48243359536193,112.65166220126764,110.47255643219805,112.2365951538086,205630
2023-05-24,112.5330744317431,117.69672708838328,112.03894484661352,116.3477554321289,511320
2023-05-25,116.02163272071614,117.60284594819012,114.68748429565434,116.33787536621094,286660
2023-05-26,115.33479238452048,117.5040210389454,111.19398390083788,112.11800384521484,405000
2023-05-29,116.61459039124664,117.098835307993,112.40955003681262,114.22794342041016,707560
2023-05-30,114.7319481588956,114.80112599836556,112.95802477977234,113.82769012451172,394170
2023-05-31,112.56766160558334,116.71340859775422,111.08033424194107,115.56703186035156,526420
2023-06-01,115.62632560195978,116.81223361784704,113.75851633003674,114.87030792236328,237430
2023-06-02,115.39902101892646,119.48053625384404,114.73688917852658,116.66893768310548,452580
2023-06-05,117.10872173248292,119.43112947406613,116.61459210491972,118.7195816040039,318170
2023-06-06,118.81840201620336,124.52065404669432,118.50215938688387,120.16737365722656,786940
2023-06-07,120.172319199744,124.52066125963154,120.172319199744,123.88817596435548,549500
2023-06-08,123.88817104230708,125.71644901194676,120.6713901352369,121.3434066772461,442410
2023-06-09,121.2643455153942,129.33842127461386,120.9629261613563,126.53176879882812,1668420
2023-06-12,128.24638772477397,137.2691830603379,127.1000035488076,135.96963500976562,2019450
2023-06-13,137.7336861304194,138.35629428016478,133.90912767830233,134.5366668701172,899840
2023-06-14,134.8973841876176,140.82693953652387,134.205605746173,139.74974060058594,1351470
2023-06-15,141.01966059270282,142.2994545089532,137.13579390772125,139.2902069091797,817030
2023-06-16,139.73985138673055,143.19875874857672,138.8504240969687,141.06906127929688,788660
2023-06-19,141.81520490521407,143.92020197075527,138.39582120416537,139.47796630859375,887820
2023-06-20,139.31984896782103,140.72317524458515,136.92331735377505,137.58544921875,328690
2023-06-21,138.35133045791275,140.9850494531026,136.5971765545698,137.38778686523438,453760
2023-06-22,137.59039810549385,138.66265093150028,135.02586418279236,135.5743408203125,226510
2023-06-23,136.92825756172246,136.92825756172246,132.42674377101693,133.16793823242188,362710
2023-06-26,133.40511268953688,140.53045296225807,131.65094358998675,139.4384307861328,430540
2023-06-27,140.3130345965185,146.2623591011759,137.92144918293425,145.42233276367188,1075700
2023-06-28,146.06472377118988,146.7565022473369,139.73492432507493,140.86647033691406,475650
2023-06-30,141.3457555696593,146.45999956644917,140.54033704826446,145.05172729492188,483720
2023-07-03,145.96589331292566,147.71511646888814,144.35504093325528,146.00543212890625,444520
2023-07-04,146.6280262585647,147.6459321224676,141.3210786885427,141.9930877685547,335750
2023-07-05,142.49709540831654,147.1517877613412,142.4921492868687,144.74044799804688,523260
2023-07-06,144.9776273587144,148.2141854145208,143.92512885634025,147.57180786132812,394220
2023-07-07,147.57179908751485,152.903461587718,147.25061786983383,151.633544921875,683440
2023-07-10,151.50014653609216,157.62735089019046,150.13634394115007,154.32656860351562,566370
2023-07-11,154.6675142943507,158.70949089138162,153.87690390118195,156.7626190185547,386350
2023-07-12,157.12333716535684,161.18508312005997,156.74779384021872,160.80953979492188,694200
2023-07-13,160.78977512172,162.54887536024754,158.34384255370344,160.08811950683594,453650
2023-07-14,160.9874190708056,162.86017449365414,155.7694116550647,156.83180236816406,368520
2023-07-17,159.06526711471002,159.87070080466458,154.7614023649116,157.8249969482422,546480
2023-07-18,160.26598322839817,172.8613411661177,160.19681292987855,170.79588317871094,1784310
2023-07-19,173.93361578424273,176.28567745953666,168.49819029098515,174.2103271484375,1041390
2023-07-20,174.21032371449914,177.10593089796987,172.9997002102814,175.6087188720703,383010
2023-07-21,176.30543560355594,176.30543560355594,172.13498056477766,174.2992706298828,572860
2023-07-24,176.300504338663,176.300504338663,173.43948973021614,174.9465789794922,265750
2023-07-25,176.0781432637355,177.88665944430934,173.4394929582016,177.33323669433594,396160
2023-07-26,179.58646740134606,186.66240706468145,178.54879220016224,185.4814300537109,726770
2023-07-27,187.6457201956944,192.18677253728188,184.2016361961585,190.8180389404297,600770
2023-07-28,191.71734000739733,192.5079503888052,184.3103420775404,185.585189819336,511560
2023-07-31,186.75133687220645,200.12248225819795,185.8174247167752,199.4109344482422,1374970
2023-08-01,201.4763983329712,202.59313605475745,191.88534098482228,194.3856506347656,806530
2023-08-02,196.1694456957848,198.1459640403268,184.14233337880387,186.08425903320312,1023260
2023-08-03,187.6407768415363,191.7074690377832,183.1145477183705,190.6500244140625,1022670
2023-08-04,191.5246353140551,199.0353961603161,188.01631215025145,194.19293212890625,700822
2023-08-07,191.6728719470009,191.6728719470009,184.85388938775463,185.74331665039065,496564
2023-08-08,187.719843658398,187.719843658398,171.11708505347994,176.79957580566406,918384
2023-08-09,176.79956569092977,197.05887938750385,176.79956569092977,188.6586761474609,1582784
2023-08-10,190.09166237702016,194.93412640542627,182.38323763251287,190.6351928710937,701912
2023-08-11,191.42580074639383,192.4140599294724,185.7927264187736,187.3739471435547,259523
2023-08-14,187.2751176366453,192.51289439122323,182.8279512547724,190.6351928710937,322583
2023-08-16,190.63519598936128,191.52463832806785,186.43509433777925,187.6210174560547,279350
2023-08-17,189.5975366890366,190.43754797515265,185.0021222852152,189.30105590820312,570669
2023-08-18,191.72227763208733,198.1459621919253,188.9551489596141,196.7624053955078,1160863
2023-08-21,198.39303764513195,210.2027322623764,198.34362166839588,199.9742584228516,1494076
2023-08-22,201.40722612051408,204.8167173131773,199.7271885119188,202.3460693359375,543739
2023-08-23,203.77905345534504,209.0168304736868,202.9884430428264,207.2379608154297,426698
2023-08-24,209.16505871658163,211.48747392471333,201.1601680503923,203.33433532714844,522823
2023-08-25,202.5931396691986,206.3485277131408,198.14597318865523,204.3720092773437,429272
2023-08-28,206.00262630112724,209.16505271103105,204.61906945918145,207.58384704589844,403984
2023-08-29,208.22620827239544,212.2286610069644,202.5931339065318,208.6215209960937,343852
2023-08-30,208.91798539652828,211.78394607696185,204.6684829704469,207.8803253173828,339682
2023-08-31,210.40037189965648,225.4219233929537,205.9038047262211,218.84999084472656,790910
2023-09-01,225.7184002272334,244.89063817793416,225.37251854738685,238.9116668701172,1751445
2023-09-04,240.9870053783344,252.9943482989487,239.2575518255095,242.07408142089844,954096
2023-09-05,245.2365155097124,246.1753738174874,238.0222353821945,239.40579223632807,405948
2023-09-06,242.0246756804118,242.568221264497,228.43611147647684,230.2149810791016,350261
2023-09-07,231.84562132598663,236.1939559049331,219.44296497697547,231.5985565185547,411467
2023-09-08,232.84182762736083,241.19667546983047,224.73562097457472,238.2127990722656,424272
2023-09-11,239.10796168104864,241.0972126606806,229.8579567671845,231.8969268798828,289515
2023-09-12,233.5878147642491,233.73700252493543,213.9439602967279,216.5797119140625,495284
2023-09-13,218.71814478372832,224.7356321877492,214.8391113440618,221.10525512695312,270090
2023-09-14,220.8068536073464,229.7087484989532,220.4587286232893,225.0340118408203,244925
2023-09-15,225.13349148331005,226.77461751302084,207.8767327202691,210.36329650878903,912653
2023-09-18,213.4466375437476,218.32029640415303,210.3632924349812,217.17648315429688,301589
2023-09-20,216.5797085838653,216.67917720731435,210.36329903783016,212.89959716796875,285470
2023-09-21,211.10926227169944,217.3256716436576,210.0151681515225,211.15899658203125,159674
2023-09-22,211.5568373471972,218.56895004262373,208.9708201956508,213.74501037597656,174517
2023-09-25,214.83911637931035,219.2651969915834,212.8498653017241,216.3310546875,175478
2023-09-26,216.33104709865904,222.3982687431728,214.8391088428062,221.2544403076172,156129
2023-09-27,221.2544478862454,223.7907460434272,218.81761835357324,223.4923553466797,168353
2023-09-28,224.7356287001321,225.6308007562424,215.83373351007285,217.4251403808593,198510
2023-09-29,217.82298114898887,221.8014830877832,216.28130861235,219.11599731445312,184643
2023-10-03,223.74100581350444,226.7746166594364,216.82836154279445,220.85659790039065,306961
2023-10-04,219.8122328437087,223.392890671151,212.40227599360944,215.78399658203125,214323
2023-10-05,217.6240598137296,220.011154914261,211.3579162038591,214.8888397216797,218035
2023-10-06,217.4251342830512,219.16572885931643,213.9439451305205,214.78936767578125,132023
2023-10-09,213.64556892922272,216.38078916296635,206.98158084963995,210.9600830078125,340440
2023-10-10,212.7503941337036,222.19933663927608,211.70604947188104,220.06089782714844,299842
2023-10-11,218.51922019414727,222.3982687658284,217.8229853767013,220.3592834472656,174851
2023-10-12,219.81223376049155,221.9009533646745,213.19798030854645,218.7181396484375,221578
2023-10-13,217.22620130402933,218.5192174785208,212.65093314854167,214.2423248291016,178289
2023-10-16,215.83373254543773,218.6684212786132,212.55146537459805,214.4909820556641,156238
2023-10-17,215.78399687094893,230.7531135204553,213.39690176731168,227.42111206054688,532784
2023-10-18,231.2006866990028,233.53806261645929,221.9009476914281,225.0340118408203,383525
2023-10-19,225.03402286105688,225.68052337535968,218.2208320097997,219.3149261474609,148541
2023-10-20,219.215462734082,221.5031045092341,213.94395951858587,215.43589782714844,110206
2023-10-23,215.2866780843506,218.22082016012016,200.4170304717989,203.5500946044922,331481
2023-10-25,203.8982190782426,212.6011918437773,192.11190131934924,208.67242431640625,391395
2023-10-26,206.48426222363847,208.8216230692048,195.9412257327864,202.95333862304688,337603
2023-10-27,202.0084538467484,215.8337428232388,202.0084538467484,212.99905395507807,253026
2023-10-30,198.92509729940625,206.78263257202056,192.01245320360795,204.1468811035156,587042
2023-10-31,206.88211244743007,207.1805031449701,198.9251081225289,202.00845336914065,244198
2023-11-01,202.0084542462104,202.90361116593576,198.47753052634883,200.4667816162109,222809
2023-11-02,200.51650745726025,203.3511810344837,197.9304750789833,199.77053833007807,173018
2023-11-03,201.85924129688627,222.1993296465725,201.80950698675008,214.4909820556641,569408
2023-11-06,214.8888473649992,216.87809841179063,207.87673438970324,209.07028198242188,213960
2023-11-07,209.8659829100102,212.25307806671023,205.3404337976846,207.4291534423828,288997
2023-11-08,209.7665110020449,218.8176090849056,209.0205418801646,216.28131103515625,270731
2023-11-09,216.2315749577665,216.2813092675082,209.8659779071252,213.0985107421875,137649
2023-11-10,214.8391096287703,222.2988009353248,208.92109089425983,214.341796875,221728
2023-11-13,214.6899286991341,216.8283675376229,205.68856453434896,213.64556884765625,187939
2023-11-15,220.5084677821669,221.1052491460254,211.8054947571181,219.3646545410156,276961
2023-11-16,218.27055991226425,232.7920980815649,214.29205796744543,229.8579559326172,533808
2023-11-17,229.75848568195173,239.70474047337825,224.78535828623853,232.046127319336,681625
2023-11-20,232.0461332966162,241.34587266008387,228.0676312775633,239.1576995849609,483234
2023-11-21,239.7047448908524,246.8163111270679,235.32839877268603,236.8700561523437,310222
2023-11-22,240.15232148071152,241.49507196267533,225.7799861882268,231.8969268798828,243288
2023-11-23,231.89693118011056,235.07974494796727,228.3162884564429,231.3498992919922,159000
2023-11-24,230.0568889166079,235.87543918107667,229.2611854545115,233.98565673828125,94948
2023-11-28,232.34451731638487,240.550177495224,228.16707817482444,236.2732849121093,162515
2023-11-29,235.6267844085453,242.68863181485395,232.9910327976621,237.16845703125,274514
2023-11-30,237.9641613658934,242.6886326991765,232.7423772606857,238.31228637695312,311568
2023-12-01,240.20205446304112,246.41846374003487,238.7101162365626,243.0367431640625,295740
2023-12-04,253.6295098920651,254.02735403294804,244.62814581936303,250.7451019287109,414460
2023-12-05,253.43058942271668,255.1214497973232,244.3297566689072,253.03273010253903,307342
2023-12-06,255.32039124450964,258.60264342345914,246.66713680391484,256.9615173339844,295675
2023-12-07,256.56366982160296,262.4319544285917,248.75585327293192,255.9668884277344,358876
2023-12-08,259.59725684344005,262.5811333588819,245.92115614766496,248.1093292236328,375355
2023-12-11,249.60126922610056,257.5085390119382,248.1093309579508,254.872787475586,185696
2023-12-12,255.8674084781544,255.8674084781544,239.8042128115597,241.9923858642578,380641
2023-12-13,243.18592258010364,263.3768070782547,239.6052648885803,258.20477294921875,444558
2023-12-14,258.55290634707484,260.5918764450103,250.99374660849213,257.1106872558594,358024
2023-12-15,256.6133973163088,263.5757763132629,252.585160718429,258.4534606933594,455773
2023-12-18,254.8230717217023,260.5918876269816,248.2088028724297,255.867416381836,355871
2023-12-19,256.61337794875936,260.5421607990893,250.14831222524413,256.31500244140625,337988
2023-12-20,255.71821793457755,257.6080002829293,234.73161415741825,239.45608520507807,511310
2023-12-21,236.7208645828538,249.45207378064907,232.74236265709155,247.263900756836,321358
2023-12-22,248.35798309199853,257.60800323181763,243.683246300368,249.1536865234375,863634
2023-12-26,249.00449256560967,251.2423998738323,242.14156771432573,243.8324279785156,327117
2023-12-27,245.22491885313465,251.1429375136446,243.08646493259363,249.1536865234375,688766
2023-12-28,250.5461672576221,254.1268252695097,243.28541296277544,247.9104156494141,558220
2023-12-29,243.68324061372087,253.13218259670188,242.8378028918999,251.888900756836,443088
2024-01-01,250.446705334802,255.61875492834625,248.85529845519727,253.4803161621093,275334
2024-01-02,252.58514658585443,253.9776314134024,244.5286890176493,248.8553009033203,287102
2024-01-03,249.1536881846823,251.1429391881528,245.9211553040427,247.8606719970703,172060
2024-01-04,248.55690436264888,254.62412593413544,247.8109352437012,250.6953582763672,349268
2024-01-05,252.43595281616783,253.629500370792,246.6671219292408,249.80018615722656,247534
2024-01-08,250.64561795077333,251.640243418832,245.7719592279981,248.9547576904297,186225
2024-01-09,249.4520849139365,252.53541493794603,242.1913155400092,244.2303009033203,287908
2024-01-10,244.6778802003805,248.45746024696217,242.6886291418409,244.4789581298828,330184
2024-01-11,245.12544618038729,254.52465391836765,244.4789456899705,252.3862152099609,414378
2024-01-12,253.2316683821444,261.98436098675467,244.6778826732609,246.12008666992188,798035
2024-01-15,248.60664536003773,248.6563796713282,241.9923917314928,247.31362915039065,347284
2024-01-16,252.58514486366448,260.7908204860721,246.66712612308376,251.04347229003903,1115084
2024-01-17,247.7612202777977,255.3700993483308,245.97089132685448,247.4628295898437,402174
2024-01-18,247.8606719344116,253.132190127632,241.24641842025645,243.3848571777344,482853
2024-01-19,245.5730345332315,256.61338386317345,243.6832521181298,254.4749450683593,701605
2024-01-23,250.8942835389343,253.62950367662336,234.2840406472332,237.36737060546875,495920
2024-01-24,239.65500886295453,241.8431819063545,228.1670814141289,235.4775848388672,583511
2024-01-25,235.52731728832265,238.6603814874451,228.46547029195145,230.50445556640625,424953
2024-01-29,232.0958635817964,243.68324444060696,232.0958635817964,242.3902282714844,556015
2024-01-30,243.6832470276688,246.12007646258928,238.46146316279007,242.2410430908203,533313
2024-01-31,243.2854137320629,251.44134014406183,243.23567941958868,249.05422973632807,670485
2024-02-01,249.55153489225668,251.88891091618936,240.1025925281745,243.2356719970703,417021
2024-02-02,245.37410486692568,251.64024847700568,237.3673666527557,245.97088623046875,1191782
2024-02-05,242.09184261558795,242.68862399119664,230.35527376071704,234.9305419921875,1062009
2024-02-06,236.0743669604342,237.6657586440164,228.81359782229748,231.2504272460937,556905
2024-02-07,232.84183840844003,237.61602872417507,229.758493250812,231.5985565185547,560350
2024-02-08,232.69262932038632,233.83645773489275,224.8350940548713,226.2772979736328,447689
2024-02-09,227.7195060444707,227.7195060444707,214.14287398921823,219.464111328125,627437
2024-02-12,220.9560565630356,221.0555251872631,212.5514738263676,215.187240600586,315960
2024-02-13,216.9775433398771,221.05551389641744,208.62269534206325,218.2208251953125,525211
2024-02-14,214.093147048212,224.78537158139795,212.8498651257485,223.4923553466797,303354
2024-02-15,224.2880477859764,226.77461150865904,218.37002916134773,224.73562622070312,410918
2024-02-16,224.8848409910467,229.7585000734064,221.60257366892748,227.32167053222656,650482
2024-02-19,228.61467994382,230.4547280344678,222.74638031849395,225.33241271972656,391356
2024-02-20,222.8955798284593,228.7141298767096,222.00040777557265,222.5474548339844,364763
2024-02-21,224.08912378232407,224.73562427390905,214.7893694693388,216.18185424804688,359769
2024-02-22,217.8229811438753,221.50309240181755,212.45200959734123,220.0111541748047,439291
2024-02-23,219.41438865986768,220.8068582719516,210.86060339483663,213.0985107421875,422086
2024-02-26,214.24231704379773,215.2866768074278,209.56758043830783,211.1092529296875,443758
2024-02-27,210.8606016988901,215.83372909744884,209.4681320980058,213.4963531494141,306936
2024-02-28,213.49636868883,213.49636868883,204.9923323597493,206.33506774902344,358677
2024-02-29,205.2907002936916,214.7893770004628,204.14688702177284,213.0487823486328,276970
2024-03-01,211.855224720512,217.82297752954048,211.855224720512,214.54071044921875,301863
2024-03-04,218.7678799215124,218.7678799215124,209.91571887098752,211.50711059570312,299170
2024-03-05,211.5071027429099,212.65093115363683,203.89822387393616,204.7933807373047,446514
2024-03-06,201.5111363394537,206.335061003392,197.08504063585767,201.6603240966797,604449
2024-03-07,203.2517268081088,208.8216204968993,199.0245684370105,207.57833862304688,590099
2024-03-11,208.2745733503696,210.6119493429517,197.9304742349345,199.5218811035156,464074
2024-03-12,198.92509616151148,199.91972164231905,191.067560933844,194.94659423828125,538839
2024-03-13,194.8471278665666,195.9412219787848,180.02721410233522,182.2651214599609,696327
2024-03-14,181.021841420856,196.5877244613327,179.2812467918093,194.3995513916016,527445
2024-03-15,192.758425440616,200.81488290566523,189.0783141163258,198.8753662109375,299753
2024-03-18,200.31757360239945,200.51651084776967,194.7476797979942,198.974838256836,344094
2024-03-19,198.7759212993697,201.41167292370807,194.3498254813495,196.88612365722656,287209
2024-03-20,197.7812968699984,198.5769851693045,188.68046397306463,189.9734802246093,255391
2024-03-21,190.9680939978822,197.58234743282577,190.9680939978822,194.5487518310547,357392
2024-03-22,204.89284816148816,224.38751357183705,200.5165021355472,215.9331970214844,6470067
2024-03-26,217.87271071016,219.86196163620247,206.0863929026461,208.92108154296875,605013
2024-03-27,209.96545237333825,211.7557661596479,204.1468870374892,205.88748168945312,617629
2024-03-28,205.7880174238352,210.21411320252813,199.1240293648779,201.75979614257807,473813
2024-04-01,201.908973826,209.5178527295188,201.908973826,205.9372100830078,354283
2024-04-02,207.5783411745847,209.86598288594885,203.89822981810195,205.63882446289065,531096
2024-04-03,206.53397582694785,221.403638964616,205.58908465184027,219.11599731445312,874805
2024-04-04,220.7571232883111,222.0004051441552,216.3807772264523,220.0111541748047,453856
2024-04-05,220.50847888910195,221.40365097997903,215.8834762049713,218.1213836669922,265435
2024-04-08,220.50846598196668,220.50846598196668,214.3915253478681,216.18185424804688,159471
2024-04-09,215.23694610289343,220.1106200225044,212.35253830436588,214.78936767578125,240688
2024-04-10,215.53535097450884,230.40499972709668,214.8391161335065,228.86334228515625,1268354
2024-04-12,229.7584991927067,232.2450630367836,223.64155820699,226.17784118652344,952845
2024-04-15,221.8014932923601,227.47085578062024,215.3861616562557,222.9950408935547,744095
2024-04-16,221.65228891798068,232.14557533629943,220.35927278995496,226.97352600097656,514435
2024-04-18,226.9735378532791,230.1066173090373,219.3149244782825,220.60794067382807,432401
2024-04-19,219.1657308436696,224.73562443208087,215.88346372049523,221.5528259277344,275860
2024-04-22,223.74099740487767,228.71412477629875,222.09987144302085,225.5313262939453,282983
2024-04-23,226.77461492736205,227.27192767939573,221.1549869000937,223.0447692871093,192796
2024-04-24,224.58643622576608,235.477582187022,223.8404671164091,232.046127319336,646225
2024-04-25,231.44935608911103,240.6993764852646,227.71951037911208,236.82034301757807,1265623
2024-04-26,236.72086307367687,237.7154885487764,229.75848474798053,230.9022979736328,416049
2024-04-29,232.34451971052263,235.67650598413488,229.9574094369221,232.5434417724609,253798
2024-04-30,233.58780503292405,241.09721542573283,231.89692953942048,238.90904235839844,703548
2024-05-02,244.28002473512,267.3553177323249,240.00313212217048,262.4816589355469,2643999
2024-05-03,268.54888665900944,282.4239246111495,263.6254782621696,266.0126037597656,2642585
2024-05-06,268.54888665900944,272.52738868358733,259.5972571037091,266.0126037597656,1097398
2024-05-07,265.01797385455944,274.51663513914525,260.1940341591195,262.9789733886719,971145
2024-05-08,263.52604649792704,276.4561783969062,262.68060872612745,271.5824890136719,873594
2024-05-09,274.7155741160266,277.997826111156,253.7289700812879,256.31500244140625,806352
2024-05-10,259.59726205310955,269.9911109319099,254.7733221856248,267.5045471191406,675018
2024-05-13,270.04081572579537,274.5166303510848,256.6133718499271,272.22900390625,788150
2024-05-14,272.5273641709522,273.47227045822393,262.7800472288891,264.4211730957031,432034
2024-05-15,265.66447620799903,271.4830414337211,262.58113109787985,265.2666320800781,536115
2024-05-16,264.8190442689946,268.54888996292414,260.59188581587455,261.63623046875,309572
2024-05-17,262.38220130205127,270.1402986076651,262.1832944092276,265.7142028808594,411967
2024-05-21,269.4937843563016,277.30157004535494,263.0784379067543,267.1066589355469,694916
2024-05-22,267.2061126165092,273.42252148230165,262.58111049107146,269.7921447753906,795515
2024-05-23,269.7921513428019,272.03005858896336,264.32171140774045,266.4104309082031,445362
2024-05-24,267.15641781835035,271.1349198548006,261.3875716533604,262.6806030273437,276587
2024-05-27,253.72896877665053,253.72896877665053,233.7369903406331,239.95339965820312,1440519
2024-05-28,241.6442606622131,248.65637342824576,231.7974743451668,233.9359130859375,506556
2024-05-29,232.7423774603891,237.41711448513465,228.61468752058624,230.2558135986328,444732
2024-05-30,229.06225476552888,231.0515057575408,214.24232576897168,218.966796875,831384
2024-05-31,220.95605468359287,228.16708975209943,217.5743339635576,222.7463836669922,498080
2024-06-03,233.73698567411395,233.7867199830177,224.38751231786148,227.96815490722656,511388
2024-06-04,228.76386033442984,228.76386033442984,199.91972142269736,212.6011962890625,690078
2024-06-05,213.3471787219317,226.7746235365988,201.7597972303575,224.6361846923828,441179
2024-06-06,228.66439459471368,228.7638632146497,214.78937201335515,216.9278259277344,1074926
2024-06-07,218.5192235434567,224.7853673500761,216.6294411275977,219.56358337402344,841254
2024-06-10,219.5635806941996,230.7531176491701,219.5635806941996,226.6453094482422,551605
2024-06-11,227.1724714063168,228.87328778850403,222.80606581319472,224.29800415039065,435102
2024-06-12,225.27272868330152,229.55956204059987,225.2627727154392,227.530517578125,277651
2024-06-13,228.3162871294748,237.21818234130825,227.4907461412033,235.78591918945312,582951
2024-06-14,237.7154836079366,241.0972040822748,233.8364504063852,234.7813415527344,446700
2024-06-18,236.1539242928944,237.96414998094792,228.7738049318358,230.37515258789065,366329
2024-06-19,230.37514615623488,231.53885613316035,224.8052526387312,226.3867034912109,359152
2024-06-20,226.3867177048221,233.3291996612998,225.53133914114056,228.59478759765625,375595
2024-06-21,230.7531274281091,232.0859220216888,223.93993634497176,225.1334991455078,352547
2024-06-24,224.7853664822049,233.34909277693887,223.2934282090929,232.74237060546875,367185
2024-06-25,233.7370003710608,236.2136234131018,229.76843902877903,232.19532775878903,467225
2024-06-26,232.24504736918,234.63214242774416,229.26117095758448,233.7767639160156,256294
2024-06-27,236.7208746145197,236.7208746145197,229.4601052569534,229.88780212402344,245580
2024-06-28,231.548820656351,233.7270529411221,228.26655345368687,231.3300018310547,314165
2024-07-01,228.7638636756904,233.46843801395715,228.68429181493727,230.5840301513672,222031
2024-07-02,231.9367124365956,239.79424746569765,229.977299074778,230.9918212890625,387838
2024-07-03,232.503652334518,235.2289316789212,229.7584914073184,234.453125,230450
2024-07-04,235.70635051966468,243.6832514070597,232.95124876777325,240.13243103027344,593408
2024-07-05,241.1966746460143,249.65099107690548,235.7262346024964,244.6679229736328,743460
2024-07-08,245.57302381495887,255.93703462459072,243.0864601263636,245.43377685546875,792166
2024-07-09,247.8109443905288,276.2472846119861,247.8109443905288,267.0867919921875,3878048
2024-07-10,268.4991544488776,275.51125178427355,253.132178985912,271.4432373046875,1615643
2024-07-11,269.5435204034603,288.44140559779885,266.6491564496894,279.2411193847656,2809438
2024-07-12,280.4844018550446,281.3298396334762,269.3545396510221,272.537353515625,1065409
2024-07-15,272.9252457161748,277.5005293314198,264.59027872413054,269.7424621582031,539399
2024-07-16,269.17549570188385,291.42526260088334,269.17549570188385,284.0550842285156,1896434
2024-07-18,294.4091455274135,297.3930220023535,273.7706665757452,278.4255065917969,1936876
2024-07-19,279.2809032945737,279.90752221760323,267.4945850214056,270.010986328125,590886
2024-07-22,267.5542563998692,277.5005112846227,264.7394796230508,272.13946533203125,545531
2024-07-23,271.53276540945734,272.0400341349005,251.19267667696224,268.09136962890625,545066
2024-07-24,269.2252501898397,274.5067096988629,268.5887055895355,271.0155944824219,261941
2024-07-25,268.64835697719104,282.4736455292112,266.8082937084891,271.8808898925781,615476
2024-07-26,275.51127880030685,279.4897810212499,271.6322452056,273.5717468261719,576907
2024-07-29,277.2021496748286,278.49515073323647,272.5373534717619,277.2419128417969,318310
2024-07-30,277.2319572879068,280.8722900075049,274.1187748325544,276.3666076660156,346064
2024-07-31,274.66582643716663,280.07659159890386,267.0569474139616,268.2206726074219,497823
2024-08-01,270.14029945387085,273.37283241961194,264.02335852787337,269.54351806640625,946078
2024-08-02,268.15105203896275,269.79217811160186,255.4198268965818,258.005859375,497337
2024-08-05,256.51390648014893,273.22363283828963,245.97088544647647,247.51255798339844,1610134
2024-08-06,251.68998620751407,259.69672453050464,243.68324788452364,246.07034301757807,483621
2024-08-07,249.3526145026865,281.9266154168864,244.0810962182213,275.9588623046875,2037507
2024-08-08,279.48975640955103,289.4360110860476,267.1066571958888,282.4736328125,975023
2024-08-09,288.0932559100642,289.1376308461077,274.4669054388353,275.859375,525433
2024-08-12,275.46152577046564,282.4736229306658,269.7424295315525,276.1577453613281,915622
2024-08-13,278.24646815665074,305.89704337806825,278.24646815665074,298.13897705078125,5687336
2024-08-14,306.2949244794623,334.1941566669291,304.3553926788104,324.69549560546875,9727850
2024-08-16,327.231790401124,337.0785768075276,313.6054088721754,335.3379821777344,4057594
2024-08-19,338.47107050935693,347.12432513994435,327.9280637134588,335.1390991210937,3089002
2024-08-20,334.1941636899129,335.1887891770853,324.1981896852552,328.4750671386719,1202566
2024-08-21,327.1820681323174,345.9307343964462,325.64038040570773,343.29498291015625,3318990
2024-08-22,347.91997516508934,354.8326342812998,342.3998159813244,345.6820678710937,1188438
2024-08-23,347.571891741145,349.36220549263646,338.3716059025489,345.333984375,1123871
2024-08-26,347.1243049429561,350.10818148974363,340.26139495605696,347.3232421875,575329
2024-08-27,350.1081763009657,366.9173411947032,345.4334243055225,347.6216125488281,2204653
2024-08-28,348.06918397807834,353.98718711878763,343.7425572544462,346.5274963378906,558433
2024-08-29,346.52751761301795,354.5839902217274,340.3111082472794,345.5826416015625,402794
2024-08-30,349.82201943386565,357.1037313890718,345.6325221405402,350.7696228027344,426835
2024-09-02,351.1686042720437,352.5152305341333,341.343288837971,343.7372741699219,427699
2024-09-03,345.7821276376687,351.5676251339047,341.6425235861013,344.68487548828125,621515
2024-09-04,342.9392497594469,357.55259635601976,340.44550876223985,354.360595703125,945431
2024-09-05,354.75958857154694,362.8891781433071,352.2658475715485,357.30322265625,739798
2024-09-06,357.30322911592526,358.9989547618766,346.2310127875229,354.9591064453125,545793
2024-09-09,356.0064756973255,363.08870655630176,347.9766414788008,353.1636047363281,661750
2024-09-10,353.1636083316731,369.0238263467506,352.1162492285685,367.4278259277344,718791
2024-09-11,369.0736640152025,376.0062760968225,362.3405633878981,367.02880859375,607996
2024-09-12,370.8691495704168,377.2531508872618,368.0761718251779,375.9065246582031,627712
2024-09-13,377.20327946480256,391.9662453063559,374.8591567005138,381.6421508789063,864178
2024-09-16,383.7369001195444,393.0136050157816,383.1383961556507,390.4700012207031,355043
2024-09-17,392.5148407007148,408.9735316068439,384.13587687310223,405.88128662109375,1191210
2024-09-18,412.36502562539073,425.4322351859251,406.9785508929834,422.240234375,983996
2024-09-19,425.7314610644512,426.6292321978898,397.95121004307146,412.7640075683594,912419
2024-09-20,414.8587551053745,420.8437336270423,409.4722805241084,417.1530151367188,506008
2024-09-23,417.3525121161661,435.5069598359446,417.00338226748266,431.6167297363281,769563
2024-09-24,431.6167253040706,445.83104969063936,427.92597626933326,441.3423156738281,750627
2024-09-25,450.12025709057593,465.4816957872603,448.9731423020149,452.3646240234375,1442436
2024-09-26,457.4518575226653,458.9979647742883,429.2226909902013,438.1004333496094,786648
2024-09-27,438.1004333496094,445.73127476131646,432.46455430717015,438.1004333496094,477541
2024-09-30,441.8909301757813,453.8608876523261,439.9457999093723,441.8909301757813,676769
2024-10-01,442.8884205657029,455.3571260996473,432.1154711608452,450.1202697753906,796892
2024-10-03,448.8733961290101,494.7582321777534,439.4470426338308,490.7183837890625,4154821
2024-10-04,493.7108752265222,498.000097742678,473.7110533368981,478.997802734375,1779914
2024-10-07,481.2920298959922,482.6885188167818,444.38466180034106,457.9007263183594,1331979
2024-10-08,455.8558642129529,484.5837489496843,442.8385481006285,478.84814453125,1029380
2024-10-09,483.68600651898623,517.0023807588213,480.693517267962,495.9552307128906,1945026
2024-10-10,501.7407020151585,506.7281841425458,491.8654934911668,497.0025939941406,793877
2024-10-11,496.10483951663394,503.735680871301,486.07998245439165,498.24945068359375,527842
2024-10-14,497.7507287695197,513.610946684455,495.356743376699,510.9176940917969,578799
2024-10-15,516.1046840618101,523.6856326771483,503.6359480807023,510.3690490722656,508375
2024-10-16,509.72068369241697,509.72068369241697,499.0973526352035,505.9800720214844,323782
2024-10-17,507.1271893375262,509.0224265052095,489.8705129206337,497.2021179199219,348954
2024-10-18,493.7607309255049,507.9251923527672,482.8880259691177,505.3316955566406,339099
2024-10-21,509.7206736743009,512.4637888457379,483.8855223297289,489.1722412109375,303927
2024-10-22,483.735913045119,487.1772575147096,459.3969754409256,461.8907165527344,568004
2024-10-23,458.8483506772589,474.8082933095113,451.017997735075,470.9679260253906,501716
2024-10-24,472.7634531045065,477.0028130031121,457.9007316952778,459.9456176757813,259487
2024-10-25,459.945606913952,464.4343408192128,444.2350382455394,461.2423400878906,581339
2024-10-28,458.8483550838704,467.5764487947049,447.6763829575322,464.1849670410156,340682
2024-10-29,464.6837042760174,485.23213621520927,460.8931996892916,475.75592041015625,416626
2024-10-30,479.44665216365473,480.7932784300653,411.1181468266019,436.304931640625,2090952
2024-10-31,436.30493821617847,454.85837815000593,431.1179749756645,453.0628967285156,1208992
2024-11-01,456.7536013647946,461.840839158665,450.17011895161977,454.3097534179688,83086
2024-11-04,449.8709027490081,449.8709027490081,427.92598066369067,431.6167297363281,470598
2024-11-05,428.9234639017319,446.5292697620214,427.52697499121706,444.1352844238281,370147
2024-11-06,446.7287854608121,460.4942241168562,443.58667777206017,450.5691528320313,505909
2024-11-07,449.8708880524329,470.61880153337,445.4819098669857,467.6263122558594,590068
2024-11-08,469.2223114750208,471.1674416771039,456.853361913204,461.2423400878906,537397
2024-11-11,456.9032186650979,468.2248090128063,454.1601035361506,458.69873046875,276802
2024-11-12,460.444358274422,463.8358400489102,443.187651767037,445.1327819824219,241095
2024-11-13,445.8809043321882,447.42701162264177,420.6941194677861,423.58685302734375,453415
2024-11-14,423.9359960223831,439.1976797027184,423.9359960223831,427.2277221679688,287222
2024-11-18,429.1728400385126,434.55931468521766,416.40489788031,421.6417541503906,349213
2024-11-19,427.3274572783977,427.3274572783977,406.13065850029096,409.2727661132813,335473
2024-11-21,408.8737662386982,422.9384714969983,401.9910472011564,416.005859375,494422
2024-11-22,412.9635314941406,420.8437473836922,408.12566760941615,412.9635314941406,216761
2024-11-25,423.9359722189989,443.8859003234224,423.9359722189989,438.1004333496094,595548
2024-11-26,444.2849024990649,449.4718960959525,429.0232193423834,430.4197082519531,341277
2024-11-27,428.97333357646846,437.9009389269622,424.98334780036856,431.5169677734375,152496
2024-11-28,438.0006788795927,446.8285281794048,429.97081452978114,431.267578125,316906
2024-11-29,431.7164288649348,453.7112427048773,423.1379841953324,445.8808898925781,620713
2024-12-02,444.6838848384661,458.8483459552949,437.8510588222887,456.2049865722656,313709
2024-12-03,457.8508454565296,474.0601618806442,456.20498249246975,460.5440979003906,409172
2024-12-04,463.6363332031927,491.2171341261583,456.50423974438695,478.997802734375,869909
2024-12-05,481.59125738928486,488.5737323001388,471.9155604203778,476.8531494140625,426947
2024-12-06,473.96040648035705,492.76321963355656,467.9255654609097,471.3170471191406,679517
2024-12-09,470.51908463598176,487.4765241776644,468.52409174872497,480.4940490722656,502887
2024-12-10,480.6935243917829,499.6958496821041,477.6012793649962,486.2795104980469,624142
2024-12-11,487.67599432657664,497.2021034155022,484.4341309570775,492.563720703125,908978
2024-12-12,493.66097396215787,496.35422648240655,475.805794067564,477.40179443359375,391370
2024-12-13,477.10252975304894,481.9403935213136,466.130069035456,476.9529113769531,302103
2024-12-16,481.4416405098528,483.7857631825807,471.5165694061728,480.7932739257813,306409
2024-12-17,482.7882578574364,484.1348840863893,473.36190469594027,475.75592041015625,178944
2024-12-18,475.4067932801863,482.1897566658342,466.828318098685,472.8631591796875,216096
2024-12-19,463.8358265561183,480.64364700450494,459.8458409513345,478.6985168457031,303556
2024-12-20,481.6910063746474,493.3118333681946,459.9455969903575,468.42431640625,619841
2024-12-23,465.8806899153292,476.6536694959348,457.9007185702175,472.4641723632813,326709
2024-12-24,471.81581951323886,483.6860211463728,471.516582755557,476.6037902832031,174430
2024-12-26,478.2496628118598,515.7056405850384,478.2496628118598,487.5263671875,2582388
2024-12-27,488.7233970385517,490.4690158231392,471.167453459608,477.1025390625,439471
2024-12-30,479.2471664257678,487.62613025260015,472.8631649946813,483.2371520996094,315766
2024-12-31,482.68852093988136,489.7208891023925,477.0526721454778,481.441650390625,393961
2025-01-01,481.49152484805006,503.9351938663027,479.1474022179088,481.1423950195313,558480
2025-01-02,482.4890359623478,489.0226254104333,475.9055534279958,477.9504089355469,352543
2025-01-03,479.4965489212775,485.2321534277943,475.9055556637449,479.9454040527344,259692
2025-01-06,484.3343859526024,492.9627545415978,462.33960155045855,466.7784729003906,661584
2025-01-07,466.7285860841052,488.7732638693028,463.9854708276959,483.5364074707031,369238
2025-01-08,488.6734790798329,493.01259449748414,471.9654144205858,477.2022705078125,287762
2025-01-09,477.2022812355643,482.3892747959886,467.127561305418,470.5190734863281,220293
2025-01-10,470.5190691836178,476.8032843956258,461.0927159244311,469.4716796875,325200
2025-01-13,458.8483491647256,479.3468882389842,423.03823408988734,429.8211975097656,752473
2025-01-14,430.8186915022384,437.1029371223957,416.9534975522524,422.4397277832031,866964
2025-01-15,423.9359845540878,434.60920857697846,422.53949563438,425.0830993652344,457037
2025-01-16,431.2675811471832,436.15530749283016,422.5394875152512,425.9309692382813,564633
2025-01-17,423.9359671369622,430.56931206392926,422.9384707436988,425.7813415527344,160161
2025-01-20,425.9309768547478,438.5991937292397,423.2377243094069,435.3573303222656,293581
2025-01-21,438.4495397799938,443.8859074522271,429.8710949102616,436.2550659179688,468535
2025-01-22,435.9059394684002,442.4894219879658,425.2327155017428,439.24755859375,317207
2025-01-23,440.5941769598507,453.8608670510262,437.202664809167,443.03802490234375,322315
2025-01-24,446.8285490129272,447.875908113783,427.0282383009535,430.1204833984375,217164
2025-01-27,424.1853659837967,433.9109563855416,406.0309183907359,426.1803588867188,374962
2025-01-28,422.9384977748485,431.8661032416135,399.59708676890574,422.7888793945313,567349
2025-01-29,423.0881085110215,454.35962796171486,422.9384901334074,448.6240234375,253614
2025-01-30,447.9756506954222,462.48921150722776,447.0779100008773,459.2972412109375,254085
2025-01-31,460.3445994916231,473.8108012102296,460.3445994916231,472.0153198242188,479835
2025-02-01,468.1250476609879,473.8107893091676,454.3596095375281,464.4841918945313,199172
2025-02-03,457.90071128616745,458.8483450447949,442.8385399648104,444.9332580566406,267398
2025-02-04,447.077923440682,463.9356074469697,445.9806712516198,449.7212829589844,370323
2025-02-05,453.5616422894831,465.2822254296368,451.9157488147339,458.8982238769531,236406
2025-02-06,466.8283385045796,479.795792351929,456.2548700485056,458.4992370605469,560420
2025-02-07,453.8608679886478,473.81079625188505,450.6688672900599,465.0827026367188,487485
2025-02-10,488.7732355576158,489.770731956713,457.002969158136,462.0403442382813,862833
2025-02-11,452.2150069727084,456.8533592259597,426.5294742214672,445.5317687988281,758034
2025-02-12,438.8485646568281,448.5741548072622,430.8187001653543,440.6939086914063,606055
2025-02-13,440.693897672785,462.6388184891807,440.693897672785,460.09521484375,648051
2025-02-14,458.8483589797368,467.02784190323706,439.8959267610086,456.9032287597656,433459
2025-02-17,456.90322975989545,483.9852823162465,442.2899130790709,479.4466552734375,613864
2025-02-18,483.1872724725872,483.78577642856897,465.23233644018666,470.7185668945313,533826
2025-02-19,470.6188134830764,486.7284055223284,462.98797171990094,481.0426635742188,747288
2025-02-20,482.1897628591333,499.546194461598,476.8531509292177,486.17974853515625,1170940
2025-02-21,484.7832773267885,499.24697593015975,481.9902994281251,488.4241333007813,683007
2025-02-24,488.4241258319055,488.4241258319055,449.97065024053865,473.6112976074219,610486
2025-02-25,466.8283376461976,485.5313960454843,466.8283376461976,474.1599426269531,397888
2025-02-27,475.80578966350174,481.69101242016126,453.9107311911957,465.5814514160156,442699
2025-02-28,457.8508574191528,459.3969646958412,440.4944257751585,452.41448974609375,614361
2025-03-03,458.2000042818988,458.24986692835137,435.9059523470796,448.27490234375,405432
2025-03-04,442.5392939920343,456.35462591394855,441.4420418087055,453.1127624511719,389310
2025-03-05,452.9132275831672,472.3145447113492,452.9132275831672,464.4841918945313,468097
2025-03-06,467.32708944574654,485.1822699126423,467.2772267994373,474.7085571289063,889349
2025-03-07,475.80578225355976,485.2819980426768,465.9305739931359,469.8706665039063,570471
2025-03-10,471.8158023187166,513.5610027586697,471.8158023187166,501.2918090820313,5921793
2025-03-11,489.1722547328193,533.6606026493967,481.7907870647824,526.1295166015625,4226707
2025-03-12,529.6706318549791,538.5982375438831,522.0397594159913,537.15185546875,2176263
2025-03-13,538.697938134222,548.1242916317477,532.2640739449679,539.6954345703125,2029635
2025-03-17,543.7352669170297,548.5232983748734,524.932484004442,536.50341796875,1417261
2025-03-18,536.50341796875,536.50341796875,536.50341796875,536.50341796875,0
2025-03-19,559.5456615845219,562.0394027798515,531.9648596112354,538.0994873046875,1162134
2025-03-20,540.0944400131427,548.3237853444799,526.9274753065333,540.3936767578125,838503
2025-03-21,541.2415165411758,551.465854532633,525.8302460306626,544.1841430664062,4636524
2025-03-24,548.4235119743497,554.5082765818238,530.6680881197452,533.5608520507812,832492
2025-03-25,533.959833693212,536.3039868633733,474.0103218295116,482.9378967285156,1875010
2025-03-26,477.80079052842177,488.6236328948058,462.738588329583,483.3368835449219,1399722
2025-03-27,484.78326006423424,509.5211591009186,481.0426484896645,505.2817993164063,1835751
2025-03-28,508.7232037386437,531.6656227307786,508.7232037386437,512.6134643554688,1177876
2025-04-01,514.7081467631716,538.5981979221569,513.7605129986689,526.7279663085938,974282
2025-04-02,525.8302449199099,542.7876835040672,517.1520141739011,535.3563232421875,1043430
2025-04-03,527.6755919855962,538.1493041138547,521.0422166180932,527.5758666992188,461307
2025-04-04,525.4811017548367,526.0297126092366,486.3293672791272,494.50885009765625,864244
2025-04-07,395.6070785075816,458.8483442080168,395.6070785075816,454.708740234375,2040016
2025-04-08,475.7060491692971,475.7060491692971,435.556817204282,437.9009399414063,1206153
2025-04-09,439.8959153760548,440.8934117828032,413.3625048683118,417.552001953125,1047409
2025-04-11,431.9658053621487,482.78825929728976,424.4845823358477,466.4791870117188,17316130
2025-04-15,476.3045500916565,503.2369539711847,472.7135568194842,484.38427734375,6847178
2025-04-16,485.6810110994832,490.0699893522338,476.9529172395683,484.8830261230469,1113872
2025-04-17,483.6361476555263,485.2820106682216,470.8183125085315,477.9005432128906,691021
2025-04-21,478.798273657289,491.6659711735937,478.4990369127229,487.5263671875,732775
2025-04-22,490.7682350369781,520.6931274172816,486.3792569094352,504.7331848144531,1941656
2025-04-23,508.7231850863464,522.9375093755237,495.2071204825814,498.5986022949219,1030381
2025-04-24,498.7482201941288,505.7306952768465,490.11988207300544,492.71337890625,610402
2025-04-25,497.1023567442559,497.75072334173655,465.0328523005536,476.05517578125,1050479
2025-04-28,469.8208221994839,495.3567370951645,469.8208221994839,472.6138000488281,854843
2025-04-29,476.4541546981269,484.3343702579863,458.7485934001934,461.6413269042969,716882
2025-04-30,464.6837090634827,468.5739389774018,448.9731405932452,450.8683776855469,824230
2025-05-02,447.87589628158327,458.1999904021443,438.4495428582068,441.69140625,518020
2025-05-05,432.5144631970765,446.728787490898,420.0956203217938,444.2350463867188,1833928
2025-05-06,444.8834084708111,449.2723866813912,435.9059405868709,440.24505615234375,717303
2025-05-07,427.4272088832144,442.8884031368663,427.4272088832144,432.2151794433594,556677
2025-05-08,433.8610704097482,438.5991782994093,411.1181342746706,417.00335693359375,610389
2025-05-09,400.4948277990953,423.93599455695016,400.4948277990953,420.3450012207031,894069
2025-05-12,438.29993066478966,443.53678698694114,430.4197148587396,441.7911682128906,763234
2025-05-13,443.53676478583577,450.5192395325321,435.00818280741214,446.3297729492188,781338
2025-05-14,446.9781447192675,454.0104821909762,443.1377774756444,450.8185119628906,722650
2025-05-15,452.96314769718265,457.85087425348354,447.0779246828132,453.661376953125,644424
2025-05-16,452.9631446253564,457.8508711485105,449.9207621841738,453.6115112304688,427823
2025-05-19,453.6115128050459,470.8183266497673,453.3122760450864,468.8233337402344,884682
2025-05-20,471.8158160673,477.6012832421836,463.83584454819135,465.2822265625,453565
2025-05-21,463.2373488172488,481.7907890166856,457.9007366808992,472.7634582519531,570964
2025-05-22,473.81080546813024,477.1524246054563,464.7335818435584,467.67620849609375,346844
2025-05-23,467.7260747778868,474.808305592395,465.9305933617807,468.2248229980469,347353
2025-05-26,448.87339762113305,450.3197796343824,433.5119585463338,443.237548828125,2197223
2025-05-27,441.89092183306695,447.4270148849794,427.02823100186026,429.0232238769531,1477870
2025-05-28,430.9184547731799,445.3322902632435,430.9184547731799,434.3099365234375,834680
2025-05-29,435.8560641324356,441.7412868038762,430.96830741976567,436.1054382324219,673962
2025-05-30,439.9956926091078,439.9956926091078,432.96332433313,436.0057067871094,370759
2025-06-02,431.91595264420266,435.5069458675858,430.0207155222206,432.8635864257813,278139
2025-06-03,438.7488109688889,442.339804206312,432.9134507632233,434.3598327636719,284561
2025-06-04,433.9109566563394,440.4445462410162,432.76384182467854,437.4520568847656,218142
2025-06-05,438.898431002575,452.8633810799297,437.950797213713,441.2425537109375,555850
2025-06-06,443.0879271038671,446.2798974203588,432.9134513248318,434.8585815429688,236114
2025-06-09,437.6515474414932,450.0703898530549,435.1578064304305,448.3746337890625,469178
2025-06-10,453.8608779846464,455.45687836909127,446.2300363441287,452.5142517089844,581404
2025-06-11,454.5591202960162,458.8483426267092,446.13026356477326,450.76861572265625,523324
2025-06-12,450.7686304663951,456.35461656061807,445.13278172716025,447.57666015625,403097
2025-06-13,439.49691828992286,452.5641271694472,438.8984143639191,447.8260192871094,280580
2025-06-16,446.9781598430282,450.51926002056274,440.3448146202404,448.1252746582031,244653
2025-06-17,447.6763777753299,455.70624216105074,445.9307590533699,448.9232482910156,355335
2025-06-18,448.92326950376406,452.1152703512194,444.9831767527228,448.7736511230469,172066
2025-06-19,449.3721285031688,458.3495961092254,436.2550569225542,439.0480346679688,442954
2025-06-20,438.8984183850595,446.3796414257139,426.87859887621113,430.2700805664063,435909
2025-06-23,428.9234774477048,433.3124557798647,419.69663520028325,429.1728515625,408042
2025-06-24,433.1628211779384,445.8809005562198,432.91344707248186,439.1976623535156,397234
2025-06-25,443.2375425940658,449.6713762714394,436.1553118874188,437.7513122558594,251237
2025-06-26,438.9981777483288,448.8733861555152,435.9557954219033,444.0355224609375,479795
2025-06-27,447.3771447385861,450.86838221146246,443.7362888908214,449.4718933105469,408723
2025-06-30,449.1227705940648,452.4643897450208,440.3946767735249,442.2400512695313,240697
2025-07-01,443.8858979755231,444.4345088190231,433.9607966196007,436.1054382324219,214546
2025-07-02,435.5069461179053,440.743802359673,427.6765930776938,430.4197082519531,267769
2025-07-03,431.6167220292082,435.8560819018085,429.3224619510957,432.96331787109375,163381
2025-07-04,434.708931851822,436.8535735284447,427.8761056618668,431.4172058105469,131563
2025-07-07,432.0157028778859,434.5094439122293,422.2402197585549,425.4322204589844,228350
2025-07-08,425.58182967838167,434.1104420970872,419.9459811502298,422.8387145996094,207509
2025-07-09,423.9359953696692,435.9059528859892,422.1405139186916,432.115478515625,469743
2025-07-10,428.1753522931247,442.7886692359769,421.7414879971653,440.3946838378906,660155
2025-07-11,439.8959298706478,465.83083730066335,439.5966931152332,451.566650390625,2328467
2025-07-14,452.0653975385949,456.105245932991,436.1553171879723,439.7961730957031,430222
2025-07-15,438.8984228774963,447.6763791585763,438.0505448359752,442.0904235839844,267139
2025-07-16,443.8859159852492,448.37464996712254,440.6440525538963,443.7362976074219,204202
2025-07-17,445.53178305132417,448.4744097536239,440.9931863828712,441.841064453125,147011
2025-07-18,441.8909301757813,445.4320304194554,435.9059514375088,441.8909301757813,146634
2025-07-21,441.8909018266351,455.75609559255423,438.44952709643655,446.3297729492188,391869
2025-07-22,448.7736313573635,454.3097547294768,444.13527911236434,447.4768981933594,178708
2025-07-23,448.12526875010167,454.3097587590717,443.9357715903252,450.9681396484375,237597
2025-07-24,454.0104855030877,459.29723474754417,445.9806515688024,448.4244995117188,200567
2025-07-25,446.9282703371565,448.3247897141324,432.4645718739322,434.9583129882813,195125
2025-07-28,437.80117828127055,438.4495448743756,428.22520643785833,429.9708251953125,171625
2025-07-29,429.92094937892745,447.7761288913487,428.5244605039825,444.9332580566406,245802
2025-07-30,444.8834177284255,452.5142595003304,441.9906841049736,445.7811584472656,203101
2025-07-31,443.93576031720175,453.8608616663757,435.0081858084688,446.379638671875,214624
2025-08-01,445.88089939952687,449.6713736161625,437.0031873565408,438.2001647949219,210761
2025-08-04,525.83026398098,525.83026398098,496.2544706723891,522.9375,15437164
2025-08-05,516.7031677167734,554.5083080088374,513.8104036217886,538.9473266601562,13400096
2025-08-06,537.6505478947881,606.2284239017764,531.266546720835,580.2935180664062,21118345
2025-08-07,585.5303941486086,605.4803223989871,551.6155161229652,555.1566162109375,9014586
2025-08-08,556.6029978934629,560.5929835414447,529.6207321254557,533.6107177734375,2079536
2025-08-11,538.5483435918476,568.3734501356795,536.5034272170664,555.2564086914062,2505073
2025-08-12,560.3934696757503,563.5854703568964,546.7776802399002,550.218994140625,873566
2025-08-13,552.5631788378869,574.5579637096774,538.6480909778226,556.60302734375,1570962
2025-08-14,560.2439188660445,563.3859962291214,547.0270905881159,552.7626953125,537088
2025-08-18,560.592993531586,586.5279007056452,558.1989777471942,579.7947998046875,2236602
2025-08-19,581.4406614274847,596.5028323393008,576.453179551738,589.0714721679688,1803108
2025-08-20,594.0589646236552,617.4502672139657,575.7549301666166,598.0489501953125,3210766
2025-08-21,601.3906361143532,605.9790954471025,592.3133818589032,597.6500244140625,1001198
2025-08-22,595.9500122070312,608.9500122070312,590.8499755859375,596.7999877929688,1060831
2025-08-25,604.7000122070312,606.5999755859375,592.0,593.7999877929688,743288
2025-08-26,593.9000244140625,600.0,581.5,592.9000244140625,813766
2025-08-28,591.0,597.9500122070312,582.4500122070312,585.0999755859375,600653
2025-08-29,590.0,605.0,588.0999755859375,598.3499755859375,1228206
2025-09-01,600.0,611.5999755859375,594.3499755859375,601.2000122070312,1283525
2025-09-02,601.4500122070312,609.9000244140625,569.5,576.7999877929688,1302242
2025-09-03,576.7999877929688,594.0,573.5999755859375,586.5,648878
2025-09-04,589.0499877929688,595.0,556.6500244140625,559.75,939926
2025-09-05,563.0,583.6500244140625,559.0999755859375,569.4000244140625,916144
2025-09-08,564.9000244140625,584.9500122070312,559.7999877929688,576.0999755859375,1074121
2025-09-09,577.9500122070312,588.7999877929688,568.9000244140625,584.4500122070312,849913
2025-09-10,585.0,592.2999877929688,580.0,581.5499877929688,561315
2025-09-11,584.4000244140625,587.7999877929688,578.2000122070312,584.4000244140625,362827
2025-09-12,585.0,602.3499755859375,579.9500122070312,589.9000244140625,1141940
2025-09-15,590.2000122070312,638.9000244140625,590.2000122070312,626.1500244140625,6069942
2025-09-16,639.75,639.75,605.7999877929688,617.7000122070312,2852077
2025-09-17,621.0,621.9500122070312,600.2000122070312,602.2999877929688,864942
2025-09-18,605.2000122070312,605.2999877929688,566.0,568.5999755859375,1977994
2025-09-19,570.5499877929688,578.5999755859375,565.0,573.6500244140625,1575707
2025-09-22,575.0,612.0,570.0,584.9000244140625,3345832
2025-09-23,585.0,592.0,580.2999877929688,585.1500244140625,993420
2025-09-24,585.3499755859375,589.5,577.5999755859375,580.1500244140625,493549
2025-09-25,583.0499877929688,594.6500244140625,580.9500122070312,583.7000122070312,632315
2025-09-26,582.0,583.7999877929688,559.9500122070312,566.4000244140625,891876
2025-09-29,572.0,575.5,551.25,553.5999755859375,697701
2025-09-30,558.0,559.7999877929688,536.4000244140625,539.4000244140625,589998
2025-10-01,542.9000244140625,552.6500244140625,540.1500244140625,550.75,517132
2025-10-03,552.9000244140625,579.3499755859375,550.0,577.5,1280325
2025-10-06,578.0,586.0,572.8499755859375,584.0499877929688,478787
2025-10-07,580.0,587.9000244140625,570.0,573.0499877929688,355359
2025-10-08,573.0499877929688,573.5,560.5,561.6500244140625,292694
2025-10-09,558.0,576.5999755859375,558.0,571.25,449908
2025-10-10,574.0999755859375,574.0999755859375,562.5,567.6500244140625,321781
2025-10-13,564.0999755859375,564.0999755859375,552.3499755859375,557.25,342656
2025-10-14,560.0,562.0,539.5499877929688,541.5999755859375,575923
2025-10-15,542.0,555.1500244140625,542.0,548.9000244140625,570758
2025-10-16,550.7999877929688,554.5,543.3499755859375,544.4000244140625,326637
2025-10-17,542.0499877929688,548.5,525.0,528.0499877929688,574121
2025-10-20,529.0999755859375,530.7999877929688,512.4000244140625,526.25,993894
2025-10-21,528.0499877929688,549.9000244140625,528.0499877929688,545.4500122070312,313767
2025-10-23,550.9500122070312,562.5,533.0,535.0499877929688,841403
2025-10-24,534.0,545.7000122070312,529.1500244140625,539.2000122070312,527072
2025-10-27,539.2000122070312,549.25,537.4500122070312,541.5999755859375,359890
2025-10-28,541.0,554.5999755859375,539.9500122070312,544.7000122070312,445836
2025-10-29,548.9000244140625,578.5,547.1500244140625,558.8499755859375,2057053
2025-10-30,562.9000244140625,562.9000244140625,532.75,535.3499755859375,854664
2025-10-31,537.9000244140625,539.9000244140625,527.6500244140625,529.5,395314
2025-11-03,531.0,549.0,527.0999755859375,546.1500244140625,975151
2025-11-04,547.5499877929688,549.5,534.0,535.7000122070312,415153
2025-11-05,535.7000122070312,535.7000122070312,535.7000122070312,535.7000122070312,0
2025-11-06,535.5,539.7000122070312,525.2000122070312,527.4000244140625,355054
2025-11-07,532.0,538.0,521.0,534.8499755859375,590476
2025-11-10,535.0,555.0,528.0,542.7000122070312,2667539
2025-11-11,541.0,544.5499877929688,525.5499877929688,527.5999755859375,766244
2025-11-12,529.9000244140625,532.0,521.5,525.5499877929688,483062
2025-11-13,528.0,531.5,512.9500122070312,514.25,532361
2025-11-14,509.2000122070313,525.0,508.0,518.0499877929688,613779
2025-11-17,513.0,525.7999877929688,512.1500244140625,521.6500244140625,410826
2025-11-18,519.5499877929688,520.9000244140625,506.0,509.1499938964844,392250
2025-11-19,508.1000061035156,510.2999877929688,500.6000061035156,503.9500122070313,405818
2025-11-20,506.6000061035156,513.0,501.4500122070313,504.3500061035156,367944
2025-11-21,502.8999938964844,508.1499938964844,488.0499877929688,490.0499877929688,350603
2025-11-24,486.0,488.6000061035156,470.0,472.75,731306
2025-11-25,473.0,509.9500122070313,471.75,489.0,1293440
2025-11-26,487.0,502.3999938964844,483.3500061035156,485.0,389786
2025-11-27,491.0,496.4500122070313,483.75,487.8500061035156,506576
2025-11-28,489.25,494.6499938964844,484.0,489.5,320097
2025-12-01,494.8999938964844,505.5,490.1000061035156,500.4500122070313,583162
2025-12-02,500.4500122070313,500.4500122070313,486.5,492.6000061035156,275663
2025-12-03,493.2999877929688,494.8999938964844,478.7000122070313,482.7999877929688,288436
2025-12-04,485.0,486.1499938964844,476.25,480.75,219151
2025-12-05,481.1499938964844,483.5,473.25,475.8500061035156,238498
2025-12-08,475.8500061035156,486.5,470.1000061035156,474.4500122070313,538458
2025-12-09,472.0499877929688,483.0,456.2000122070313,480.8999938964844,662449
2025-12-10,480.8999938964844,499.3999938964844,479.8999938964844,489.0,340672
2025-12-11,488.0,493.7999877929688,485.0,486.4500122070313,411313
2025-12-12,489.0,515.9500122070312,487.0,511.3999938964844,1062085
2025-12-15,511.0,522.5999755859375,502.5,520.5,810187
2025-12-16,520.0,521.7000122070312,505.1499938964844,507.3999938964844,368586
2025-12-17,509.0,509.0,498.25,505.7999877929688,271084
2025-12-18,118.52999877929688,118.94000244140624,115.5999984741211,117.1500015258789,14949216
2025-12-19,117.25,121.2300033569336,117.25,120.9800033569336,21230627
2025-12-22,516.9000244140625,520.0,513.1500244140625,514.5,61068
2025-12-23,511.2999877929688,534.5,511.2999877929688,530.25,1236066
2025-12-24,533.7999877929688,537.7000122070312,527.0,536.25,669969
2025-12-26,538.0,538.0,521.25,523.1500244140625,546053
2025-12-29,524.9500122070312,534.0,512.7000122070312,514.9500122070312,395660
2025-12-30,517.25,524.1500244140625,511.3999938964844,516.7000122070312,455062
2025-12-31,523.9500122070312,527.25,519.0,520.5499877929688,255477
2026-01-01,520.9500122070312,523.0,505.2000122070313,509.75,385878
2026-01-02,511.3500061035156,525.7999877929688,511.2999877929688,523.0,348758
2026-01-05,525.7999877929688,525.7999877929688,500.9500122070313,516.7000122070312,654610
2026-01-06,517.7000122070312,517.9000244140625,501.1000061035156,503.5,379771
2026-01-07,503.5,512.9000244140625,501.5499877929688,510.8999938964844,252159
2026-01-08,509.8999938964844,511.0499877929688,481.8500061035156,494.7999877929688,675866
2026-01-09,494.7999877929688,494.8500061035156,475.0,477.75,369205
2026-01-12,477.75,497.5499877929688,465.0,492.7999877929688,855725
2026-01-13,495.0499877929688,498.2999877929688,477.25,482.7000122070313,287857
2026-01-14,482.7000122070313,492.3999938964844,481.5499877929688,486.7999877929688,363703
2026-01-16,486.4500122070313,494.2999877929688,483.0499877929688,491.6499938964844,279079
2026-01-19,488.2000122070313,493.0,480.6000061035156,487.5499877929688,338479
2026-01-20,487.5499877929688,491.1000061035156,459.9500122070313,462.3999938964844,292933
2026-01-21,462.3999938964844,467.7999877929688,453.1000061035156,462.5,338485
2026-01-22,464.5,471.0,461.5,468.1000061035156,174055
2026-01-23,468.0,474.8999938964844,462.0499877929688,463.0,255745
2026-01-27,464.8999938964844,479.8999938964844,459.4500122070313,477.0,332552
2026-01-28,477.5,486.7000122070313,475.5,482.2999877929688,199462
2026-01-29,482.2000122070313,490.0499877929688,476.7999877929688,487.4500122070313,331262
2026-02-02,483.3500061035156,489.2999877929688,467.0,487.1499938964844,227421
2026-02-03,495.0,508.9500122070313,489.1499938964844,504.5,442044
2026-02-04,501.0499877929688,528.5499877929688,498.9500122070313,521.3499755859375,593585
2026-02-05,521.3499755859375,538.0,515.0499877929688,529.4500122070312,735193
2026-02-06,529.4500122070312,534.0,517.7000122070312,529.5499877929688,403186
2026-02-09,499.0,518.9500122070312,490.0,514.1500244140625,1290228
2026-02-10,515.7000122070312,522.8499755859375,509.0499877929688,510.75,432603
2026-02-11,510.1499938964844,512.0999755859375,495.3500061035156,502.6000061035156,324121
2026-02-12,510.0,512.0,498.0,499.0499877929688,346606
2026-02-13,496.3999938964844,506.6499938964844,490.2999877929688,502.5,243196
2026-02-16,497.5,506.5,492.6499938964844,504.6499938964844,215542
2026-02-17,508.0,516.9000244140625,501.2000122070313,512.2000122070312,359954
2026-02-18,515.0,519.25,508.6000061035156,510.7000122070313,191370
2026-02-19,511.9500122070313,517.9000244140625,504.5,510.6000061035156,177675
2026-02-20,507.0,516.2999877929688,504.0499877929688,512.0,123168
2026-02-23,512.0,522.5499877929688,507.3500061035156,511.6000061035156,376562
2026-02-24,511.25,521.0,508.25,519.3499755859375,395889
2026-02-25,519.3499755859375,535.0,515.0999755859375,532.2000122070312,614333
2026-02-26,536.0,536.7999877929688,516.7999877929688,518.9000244140625,311075
2026-02-27,518.9000244140625,561.0,515.9500122070312,551.5999755859375,6318959
2026-03-02,537.9500122070312,556.9000244140625,531.0999755859375,544.7000122070312,1029851
2026-03-04,534.9500122070312,542.5,516.0499877929688,521.4000244140625,550936
2026-03-05,522.0,545.5,522.0,542.6500244140625,764680
2026-03-06,545.7000122070312,562.0499877929688,545.25,553.5,927917
2026-03-09,545.0,545.2999877929688,522.3499755859375,539.6500244140625,582808
2026-03-10,550.4000244140625,557.0,542.5999755859375,544.8499755859375,390151
2026-03-11,544.8499755859375,556.9000244140625,540.5,544.3499755859375,349446
2026-03-12,541.9500122070312,555.0,530.0,550.5999755859375,407398
2026-03-13,546.0,548.0,525.2000122070312,530.3499755859375,416062
2026-03-16,531.9500122070312,531.9500122070312,499.0499877929688,505.3999938964844,737936
2026-03-17,513.0999755859375,524.5499877929688,502.2000122070313,522.3499755859375,407103
2026-03-18,528.0,534.5999755859375,523.4500122070312,526.9500122070312,423639
2026-03-19,519.0,522.1500244140625,507.0,509.6499938964844,296648
2026-03-20,520.5,525.5,506.2999877929688,508.75,462077
2026-03-23,501.0,504.4500122070313,477.7999877929688,485.7000122070313,514070
2026-03-24,494.0499877929688,516.0,485.7000122070313,512.7000122070312,514724
2026-03-25,514.0,526.3499755859375,512.7000122070312,517.9500122070312,360498
2026-03-27,112.5,112.5,109.1999969482422,109.37999725341795,24025560
2026-03-30,500.0,517.1500244140625,495.3999938964844,510.6499938964844,624224
2026-04-01,515.0,533.0499877929688,510.2000122070313,525.5,553719
2026-04-02,105.41999816894533,107.2300033569336,102.81999969482422,106.80999755859376,26717165
2026-04-06,517.9000244140625,526.3499755859375,514.0999755859375,524.9500122070312,264659
2026-04-07,520.5,532.5999755859375,519.4000244140625,528.0999755859375,382356
2026-04-08,545.0,554.4000244140625,536.9000244140625,541.5499877929688,376768
2026-04-09,118.0,118.38999938964844,115.5,116.9000015258789,27457815
2026-04-10,118.0,122.5500030517578,117.0,122.16000366210938,25370486
2026-04-13,550.9500122070312,594.2999877929688,543.1500244140625,579.0,4815587
2026-04-15,589.7999877929688,592.0,579.3499755859375,583.3499755859375,729122
2026-04-16,589.0,599.2000122070312,585.9500122070312,597.0999755859375,1476465
2026-04-17,600.0,604.0,591.8499755859375,595.5,853295
2026-04-20,598.0,598.2999877929688,582.0,583.9000244140625,523775
2026-04-21,585.5999755859375,590.0,572.0,573.9000244140625,316292
2026-04-22,575.9500122070312,593.2000122070312,574.5,591.7999877929688,632477
2026-04-23,591.7000122070312,598.3499755859375,585.0499877929688,586.5999755859375,485407
2026-04-24,586.5999755859375,594.4000244140625,580.0499877929688,581.4000244140625,211326
2026-04-27,588.4000244140625,615.0,587.0,612.7000122070312,2365740
2026-04-28,617.0,624.0,600.0,602.6500244140625,985070
2026-04-29,605.0499877929688,608.5,589.0999755859375,593.25,490987
2026-04-30,593.25,596.7000122070312,583.1500244140625,591.5499877929688,392600
2026-05-04,596.2000122070312,598.7000122070312,585.2000122070312,591.2999877929688,278065
2026-05-05,593.9500122070312,597.5999755859375,580.75,585.1500244140625,301059
2026-05-06,589.0,592.0,575.5999755859375,588.5999755859375,402377
2026-05-07,592.2000122070312,599.7000122070312,588.0,593.9500122070312,465672
2026-05-08,594.0499877929688,605.8499755859375,586.4000244140625,589.1500244140625,396437
