Date,Open,High,Low,Close,Volume
2005-01-03,12.78107315111039,13.070610748496737,12.284719978711763,12.367445945739746,181702.0
2005-01-04,12.4363839541027,12.73970942989694,12.284719901320951,12.388126373291016,64814.0
2005-01-05,12.408807556000047,12.526001902179877,9.913258559742005,11.609128952026367,234300.0
2005-01-06,11.512616317913182,11.912455616176269,10.69225590229451,10.96111297607422,186875.0
2005-01-07,10.926643756905614,11.443677360719276,10.919749817735298,11.174818992614746,94667.0
2005-01-10,11.919348644395493,12.38812467401694,11.119668794136668,11.174818992614746,102010.0
2005-01-11,11.174819326994292,11.581552546022309,9.04464136779303,10.595742225646973,92056.0
2005-01-12,11.00936936820818,11.00936936820818,9.740913452197834,9.94083309173584,90989.0
2005-01-13,9.927046946750028,10.89217693105001,9.927046946750028,10.382037162780762,54090.0
2005-01-14,10.602637608563658,10.609531548878865,10.216585497662534,10.292417526245115,45349.0
2005-01-17,10.533699303167202,10.540593243340304,9.975303297992404,10.147647857666016,72461.0
2005-01-18,10.195902299112465,10.313096631310254,9.734018909260508,9.892576217651367,38493.0
2005-01-19,9.816745970081572,10.13385998646488,9.802958747165247,9.961515426635742,30731.0
2005-01-20,9.899470673783153,10.016665019886794,9.865002289881607,9.975302696228027,56989.0
2005-01-24,9.968409146394798,10.126965822359304,9.816745753014867,10.002878189086914,65891.0
2005-01-25,9.858108953715186,10.18901019301482,9.802958747165247,9.961515426635742,45688.0
2005-01-27,10.06492170563134,10.61642372448051,10.06492170563134,10.4233980178833,82703.0
2005-01-28,10.54748619519656,11.236863711852868,10.54748619519656,10.86460018157959,164041.0
2005-01-31,11.305801901061216,11.581552910377924,11.030050891744509,11.140351295471191,139604.0
2005-02-01,11.443678139874446,11.443678139874446,10.781875055635693,11.057626724243164,88041.0
2005-02-02,11.40231486230274,11.40231486230274,10.774980213899283,10.88528060913086,86047.0
2005-02-03,11.043839205502431,11.216183757467634,11.043839205502431,11.119669914245604,51394.0
2005-02-04,11.402315564291108,11.402315564291108,11.03005072130258,11.13345718383789,100191.0
2005-02-07,11.27822832832483,11.374740860315946,11.036945683462417,11.112777709960938,97091.0
2005-02-08,11.036945437199073,11.223077871787089,10.92664502741757,11.064519882202148,70718.0
2005-02-09,11.098990422713012,11.443679558108542,11.098990422713012,11.285122871398926,161403.0
2005-02-10,11.374739634564683,11.567765992630864,11.05762631226077,11.188607215881348,343885.0
2005-02-11,11.581550888834508,12.463955279510056,11.347162243106384,12.146842002868652,564531.0
2005-02-14,12.14684325503132,12.50531888408298,11.650490158847663,11.726322174072266,234867.0
2005-02-15,11.78836716935529,11.981392218693864,11.45746595773099,11.574660301208496,99093.0
2005-02-16,11.58155274749874,11.802154866734162,11.326483560549695,11.44367790222168,72413.0
2005-02-17,11.305802001318511,11.512616246303423,11.202395536268329,11.292014122009276,48795.0
2005-02-18,11.340272045039493,11.485040837542792,11.167927493077702,11.181714057922363,61937.0
2005-02-21,11.47814583036287,11.705640565203057,11.22307665351284,11.278226852416992,78902.0
2005-02-22,11.33337715373343,11.533296133485845,11.27133301504505,11.36784553527832,54156.0
2005-02-23,11.505721424384117,11.58155212500109,11.271332753638324,11.395421028137209,51864.0
2005-02-24,11.395421978045343,11.512616323187416,11.098989145339836,11.20928955078125,40838.0
2005-02-25,11.436784069216923,11.436784069216923,10.961112758603324,11.00247573852539,54730.0
2005-02-28,11.098989093522006,11.305802024037972,10.892175505563769,11.009369850158691,75467.0
2005-03-01,11.030051231073072,11.250652045313002,10.919750823953107,10.96800708770752,59613.0
2005-03-02,11.5815522889476,11.5815522889476,10.899068741869277,11.278226852416992,95174.0
2005-03-03,11.44367783663075,11.829729242032132,11.388527635859123,11.650490760803224,199732.0
2005-03-04,11.719429790269306,12.360551748000873,11.5608731145615,12.022756576538086,399355.0
2005-03-07,11.815943440677891,12.270933005764308,11.815943440677891,11.905563354492188,142750.0
2005-03-08,11.788366311095222,11.99517922458212,11.650490158847663,11.726322174072266,81869.0
2005-03-09,11.836622892807764,11.836622892807764,11.3747394795285,11.429889678955078,62538.0
2005-03-10,11.305800199675655,11.485038657479436,11.305800199675655,11.457464218139648,42090.0
2005-03-11,11.609130076904286,12.064119626186844,11.5264041066326,11.616024017333984,94346.0
2005-03-14,11.719428307583769,12.877583786008852,11.636702352745786,12.270930290222168,631333.0
2005-03-15,12.401913026293329,12.677664029221477,12.153736466215747,12.29161262512207,373551.0
2005-03-16,12.36744596319259,14.752694036551093,12.346764142685249,14.725119590759276,2627910.0
2005-03-17,14.93193045905902,15.26972559104585,13.18091066111868,13.37393569946289,1652998.0
2005-03-18,13.442874093437872,14.311490731107687,12.994778553300174,14.090889930725098,1805461.0
2005-03-21,14.21497761853333,16.090085658693702,13.649686447454895,15.559264183044434,3127608.0
2005-03-22,15.552371447096094,15.552371447096094,13.373936493056648,13.739307403564451,1583712.0
2005-03-23,13.959906950959498,14.421790344648349,12.719026859050198,12.939627647399902,1242800.0
2005-03-24,13.084395228529557,13.435978195983315,12.429486862196873,12.684556007385254,846192.0
2005-03-28,12.891372171663749,13.422192357763116,12.760389952550373,12.994778633117676,534856.0
2005-03-29,13.167123839423995,13.167123839423995,11.691853602182244,11.857305526733398,629460.0
2005-03-30,12.077905765789044,12.643195650680225,11.60912840323016,12.353656768798828,783856.0
2005-03-31,12.877584971287009,12.953416993961184,12.40880758545496,12.71213436126709,610837.0
2005-04-01,12.822433757551082,13.208485150510397,12.519107005640816,13.043034553527832,610460.0
2005-04-04,13.153335804166217,13.153335804166217,12.415701351720967,12.457063674926758,288990.0
2005-04-05,12.539788721868804,12.615619423069372,12.057223498411403,12.126161575317385,213123.0
2005-04-06,12.367443880739076,12.808645458194889,12.201993289193148,12.484638214111328,335319.0
2005-04-07,12.650089137303764,12.684557518364498,12.188205730713891,12.312294006347656,349669.0
2005-04-08,12.49153248652464,12.84311418114086,12.284718255408942,12.374338150024414,476865.0
2005-04-11,12.408808739458784,12.408808739458784,11.88488110156214,12.036543846130373,215925.0
2005-04-12,12.133055520419326,12.395018634928585,12.071011382662103,12.18820571899414,174710.0
2005-04-13,12.332975186161818,12.33986912572936,11.95381771413862,12.02964973449707,121096.0
2005-04-15,11.926241113702678,11.926241113702678,10.650891968667176,11.416101455688477,120460.0
2005-04-18,11.305802249507389,11.305802249507389,10.89217572278431,11.092095375061035,153755.0
2005-04-19,11.42988949103516,11.512615446257158,10.843917809958995,10.954218864440918,144514.0
2005-04-20,11.512617914034706,11.512617914034706,10.733619713715346,10.933539390563965,142850.0
2005-04-21,10.96111280849775,11.229971193051629,10.692255738828404,11.078307151794434,147593.0
2005-04-22,11.347165538892371,11.395423121639892,11.098990259185683,11.216184616088867,103218.0
2005-04-25,11.395422512973738,11.63670383940031,11.064519966231588,11.464359283447266,138514.0
2005-04-26,11.443677245360767,12.091693057109184,11.37473916923699,11.726322174072266,234801.0
2005-04-27,11.47814733780888,11.795262009318346,11.326484599625433,11.409209251403809,55934.0
2005-04-28,11.719428207796762,11.719428207796762,11.305801066897637,11.478145599365234,55020.0
2005-04-29,11.581554690798065,11.581554690798065,10.754301535675191,10.933539390563965,73244.0
2005-05-02,11.223077730851829,11.236864295737936,10.423398455093402,10.588849067687988,99134.0
2005-05-03,10.76119305535435,11.08520098109454,10.581955229838863,10.740511894226074,110490.0
2005-05-04,10.871494392293968,11.271333690649668,10.768087269134355,11.085201263427734,104305.0
2005-05-05,11.581552807759488,11.581552807759488,10.96800665310558,11.050732612609863,140930.0
2005-05-06,11.167927794623996,11.25754638551471,10.919751212334914,10.995582580566406,92783.0
2005-05-09,11.22997266233103,11.512617648164587,11.030052332656965,11.285122871398926,130226.0
2005-05-10,11.416102078802684,11.891773382260777,11.257545415944822,11.650490760803224,410486.0
2005-05-11,11.815942756545011,12.33987038310329,11.581554046903552,11.940031051635742,985908.0
2005-05-12,12.10548021918665,12.684557983453583,12.029649515095754,12.539789199829102,1007281.0
2005-05-13,12.54668213369848,12.54668213369848,12.098585310085792,12.167523384094238,250328.0
2005-05-16,12.008967839789388,12.408807127984623,12.002073900265476,12.05033016204834,143732.0
2005-05-17,12.236463908822568,12.236463908822568,11.829730637085015,11.940031051635742,137709.0
2005-05-18,11.995180728083636,12.050330932918415,11.63670373921527,11.684961318969728,149166.0
2005-05-19,11.822835999395364,11.98139267159832,11.705641651487836,11.80215549468994,146792.0
2005-05-20,11.919348959342049,12.133055819730853,11.443677663097104,11.581552505493164,175358.0
2005-05-23,11.843519662263663,12.119270725290946,11.719431355180191,11.760793685913086,184190.0
2005-05-24,11.974500497337468,11.9951810028213,11.616023500258544,11.65738582611084,123922.0
2005-05-25,11.788366822563557,11.788366822563557,11.595340464018925,11.622916221618652,58500.0
2005-05-26,11.78836789016514,11.850412035499003,11.443678778259052,11.464359283447266,66403.0
2005-05-27,11.505723707670512,11.629812006794456,11.250653168928553,11.285122871398926,95678.0
2005-05-30,11.28512052800864,11.340270725624425,10.726723955346026,10.88528060913086,139851.0
2005-05-31,10.974899636604702,11.643595934382564,10.961111758740977,11.56776523590088,187430.0
2005-06-01,11.643597234143106,11.65049117384453,11.140351469900034,11.271333694458008,83847.0
2005-06-02,11.305802076821353,11.326483895923324,10.926644597477058,11.20928955078125,59084.0
2005-06-03,11.24375725790156,11.464358055511592,11.167926555525906,11.36784553527832,100441.0
2005-06-06,11.374740863066116,11.636704013484463,11.043839626258324,11.471253395080566,177178.0
2005-06-07,11.354057651696907,11.512615625433073,11.236863313657729,11.305801391601562,76311.0
2005-06-08,11.436783855424348,11.581552638839709,11.167926792004682,11.229970932006836,200403.0
2005-06-09,11.271333080771567,11.42988974061781,11.174819245091022,11.223076820373535,223892.0
2005-06-10,11.257546507947607,11.374740860315946,11.036945683462417,11.112777709960938,189276.0
2005-06-13,11.264439925556225,11.27133386536218,11.002476129910464,11.092095375061035,188749.0
2005-06-14,11.167927835768932,11.305802692638345,11.03694560409106,11.195502281188965,211008.0
2005-06-15,11.28512166827955,11.443678338085263,11.195501766295756,11.23686408996582,120559.0
2005-06-16,11.305802604355662,11.33337836444499,10.89217606465034,10.919751167297363,63904.0
2005-06-17,11.0231568373258,11.0231568373258,10.643998710383215,10.678467750549316,74144.0
2005-06-20,10.68536285842286,10.892176464590476,10.57506244378475,10.761194229125977,62307.0
2005-06-21,11.016263351461934,11.016263351461934,10.802556477027572,10.96800708770752,60126.0
2005-06-22,10.8301311328148,11.064519159571311,10.616423609738789,10.678467750549316,54724.0
2005-06-23,10.754299773273097,10.864600175880245,10.623317552095411,10.740511894226074,50587.0
2005-06-24,10.850812570683336,11.119669644463045,10.75430004468745,10.96111297607422,80690.0
2005-06-27,10.995581913789788,11.01626307524566,10.637105599638156,10.685361862182615,27533.0
2005-06-28,10.623318679651527,10.75430091473163,10.478549221503291,10.49923038482666,24329.0
2005-06-29,10.74051281087139,10.74051281087139,10.375142531692248,10.478549003601074,25000.0
2005-06-30,10.513018746412245,10.581956837234516,10.34067417679893,10.382037162780762,36675.0
2005-07-01,10.340674208984662,10.83013281450763,10.285523999132131,10.519912719726562,43484.0
2005-07-04,10.602635432839389,10.67846678841859,10.547485236519568,10.616422653198242,175743.0
2005-07-05,11.023158405416115,11.03005234591848,10.616425119969596,10.650894165039062,102486.0
2005-07-06,10.650893088516478,11.229971540780866,10.650893088516478,10.96800708770752,226663.0
2005-07-07,11.01626307524566,11.27822752175064,10.51301731601838,10.685361862182615,190980.0
2005-07-08,10.947325536924142,11.098988920048708,10.768087052998952,11.00247573852539,137732.0
2005-07-11,11.085201212620545,11.16792717374598,10.864600402798768,10.947325706481934,114252.0
2005-07-12,11.016262754272972,11.374739715422194,11.009369472283373,11.229970932006836,213550.0
2005-07-13,11.3402706582374,11.553977508368115,11.18171269051033,11.388526916503906,207841.0
2005-07-14,12.52586352284772,12.571356567703226,12.252902361319038,12.305977821350098,132764.0
2005-07-15,12.427294862901707,12.58652270573575,12.252903634338974,12.359054565429688,97284.0
2005-07-18,12.571358746769269,14.102972168966984,12.510700861048472,13.557049751281738,886916.0
2005-07-19,13.648036486624989,14.436590400027242,13.648036486624989,14.110553741455078,746525.0
2005-07-20,14.269776721803389,14.557902677381511,13.807259577752932,13.951322555541992,331048.0
2005-07-21,14.10296794755128,14.436586942253134,12.692670718936862,13.951322555541992,339237.0
2005-07-22,13.951325875397933,15.573926749699751,13.799681893501097,15.308547973632812,1411341.0
2005-07-25,15.467772445990787,17.439155534818532,15.467772445990787,16.43071746826172,2041791.0
2005-07-26,16.559617476785686,16.72642628854635,15.240307475956898,15.634584426879885,519669.0
2005-07-27,15.733152416545304,16.377643286703613,15.255471798779688,15.892378807067873,898322.0
2005-07-28,15.892378807067873,15.892378807067873,15.892378807067873,15.892378807067873,0.0
2005-07-29,15.657329346469645,16.68093229954493,15.482938128607348,15.824139595031738,747766.0
2005-08-01,15.748317331836514,17.848598759701808,15.528431614764196,17.423992156982422,1049956.0
2005-08-02,17.818267079436477,18.629566668257475,17.590800418603624,17.93958282470703,1116759.0
2005-08-03,18.19738173195247,19.01626385204241,17.287512066875657,17.742446899414062,991630.0
2005-08-04,17.931999775889434,18.17463125785261,17.469484055721267,17.719697952270508,450021.0
2005-08-05,17.13586748863292,19.167908609156186,17.13586748863292,18.83428955078125,1016571.0
2005-08-08,18.65231485680548,19.486361732399622,18.045734653556185,18.19738006591797,700290.0
2005-08-09,18.349024814543395,18.9101105060694,17.818267336673994,18.508251190185547,468099.0
2005-08-10,18.50067094320363,18.94802335509379,18.197381540108086,18.37177276611328,239942.0
2005-08-11,18.614404298093984,21.19994881087532,18.379355191349667,20.76776123046875,1298989.0
2005-08-12,20.96490320176511,23.86890243399126,20.73743647292788,22.860464096069336,2901333.0
2005-08-16,22.73156288416017,24.6574531916564,21.54115103172733,23.823406219482425,2436821.0
2005-08-17,23.959887863679448,24.99107191511408,23.383637229484595,23.56561088562012,695186.0
2005-08-18,23.73241444929368,24.76359971839552,23.368467217680468,23.58077049255371,876484.0
2005-08-19,23.93713717502103,24.03570712847224,22.784636072224096,23.103090286254883,390700.0
2005-08-22,23.277483879961903,24.17976965071128,22.92869999052264,23.535280227661133,415283.0
2005-08-23,23.580774727192107,24.263176270562063,22.033996545768733,22.32212257385254,419302.0
2005-08-24,22.42827248119388,22.670904001407795,21.23027826548919,21.68521308898925,388132.0
2005-08-25,21.91267792570096,23.800655909776665,21.89751309541976,22.996938705444336,632814.0
2005-08-26,23.35330418552504,24.11152836617452,23.141002340509807,23.808238983154297,457655.0
2005-08-29,23.959885790938703,23.959885790938703,22.830131869623862,23.18649673461914,249967.0
2005-08-30,23.35330636828984,23.777912990402733,22.777057209790023,22.95144844055176,189519.0
2005-08-31,23.156165830434585,24.56646318756768,22.89836950824472,23.42154312133789,410204.0
2005-09-01,23.56560932326548,25.15788051663435,23.56560932326548,24.528553009033203,891039.0
2005-09-02,24.7181085037836,25.0213993498308,23.58077361589831,23.891645431518555,380452.0
2005-09-05,24.240426558336576,24.86975257104053,22.89837085639055,23.103090286254883,416439.0
2005-09-06,23.656593101734373,24.111526416377245,23.27748104206682,23.39121437072754,281542.0
2005-09-08,23.504949994241382,23.85373242901321,23.13342031303744,23.33055877685547,224613.0
2005-09-09,23.201664857576308,24.111533188615724,23.201664857576308,23.474624633789062,192621.0
2005-09-12,23.504950917601462,24.725692379653783,23.504950917601462,24.194934844970703,390913.0
2005-09-13,24.414824316518928,26.79564828036423,24.270759840844057,25.59765243530273,1146977.0
2005-09-14,26.09807909018367,30.723249068476004,26.09807909018367,30.48061752319336,5811947.0
2005-09-15,31.23884499883175,34.77975146104082,31.23884499883175,32.34585189819336,8512142.0
2005-09-16,32.603645728929514,32.90693661359899,30.95071648151302,31.09477806091309,2575157.0
2005-09-19,31.55728912826601,32.90693011695675,30.65500340772204,31.71651840209961,2481149.0
2005-09-20,30.328968493768443,32.05771877234658,30.328968493768443,31.04928207397461,1174347.0
2005-09-21,31.35257413546197,31.39048766496833,27.917818928630584,29.767885208129883,1518413.0
2005-09-22,29.957435674435064,31.375316954405065,25.794786602212085,26.59092140197754,2123989.0
2005-09-23,25.173046648340296,29.039989315366544,25.173046648340296,28.47132110595703,1758345.0
2005-09-26,28.80493733729168,30.92038056208596,28.531976174764505,30.63225746154785,1720964.0
2005-09-27,30.92038578852648,31.7695990804628,29.874038345170177,30.42754173278809,1545748.0
2005-09-28,30.49578083329178,30.93554940250493,30.03326356932213,30.116668701171875,638691.0
2005-09-29,30.40479146520433,30.556436894666884,28.82010265673243,29.10822868347168,446142.0
2005-09-30,29.449429188005027,29.449429188005027,27.364312556984167,28.94900131225586,536400.0
2005-10-03,29.26745425565394,29.87403595636056,28.812520872519887,29.03998756408692,439681.0
2005-10-04,29.26744975800747,30.02567387497549,29.11580724853024,29.350854873657227,414808.0
2005-10-05,29.55558226243915,29.55558226243915,28.524396772745657,28.75186347961425,292229.0
2005-10-06,28.75186546929985,30.708085647015512,26.5605975982592,29.47976303100586,747841.0
2005-10-07,29.64656877477029,30.063594450898226,29.039989917306222,29.343280792236328,440085.0
2005-10-10,29.26745731007477,30.02568162269221,28.66087843846006,28.84285354614257,725675.0
2005-10-11,29.03998820748629,29.38118969859432,28.251434293013496,28.539560317993164,501890.0
2005-10-13,28.804937968812503,29.10064493723481,27.9026493404108,28.01638412475586,324563.0
2005-10-14,28.205941033870754,28.31209195989804,27.29607140844348,27.508373260498047,332700.0
2005-10-17,27.70551502302572,28.145283587691715,27.29607323039476,27.47804832458496,253440.0
2005-10-18,27.08377076191285,28.00880236732164,25.77962414433844,26.924541473388672,272322.0
2005-10-19,27.08377323175834,27.08377323175834,25.355019841129465,25.85544776916504,262525.0
2005-10-20,26.27246798330168,26.59850459955127,25.3550145625738,25.650724411010746,300516.0
2005-10-21,25.87060921396456,25.91610370778948,25.33227071948412,25.681053161621094,234266.0
2005-10-24,25.77962204924716,26.219393460790133,25.021397871328123,25.3322696685791,338908.0
2005-10-25,25.74929120346242,25.74929120346242,25.021396720318982,25.3398494720459,137403.0
2005-10-26,25.33985097680233,25.4763315620458,25.021398206164736,25.25644874572754,81874.0
2005-10-27,25.33984786856592,25.33984786856592,24.86974973949924,24.97590065002441,94589.0
2005-10-28,25.028980225649047,25.028980225649047,23.82340504653884,24.422401428222656,120179.0
2005-10-31,23.959886494717573,24.5664667600434,23.884063780777097,24.073619842529297,47812.0
2005-11-02,23.67176041599531,24.36932677947092,23.239572827595914,24.18735313415528,90785.0
2005-11-04,24.18735313415528,24.18735313415528,24.18735313415528,24.18735313415528,0.0
2005-11-07,23.80824022245768,25.59006742897397,23.80824022245768,25.31710624694824,233653.0
2005-11-08,25.324687954952005,26.43169452799475,24.80151143643511,25.036561965942383,345709.0
2005-11-09,25.15029597164682,26.158735571899022,24.73327322941456,25.60523223876953,281438.0
2005-11-10,25.32469032146669,26.08291454794897,25.32469032146669,25.75687789916992,173468.0
2005-11-11,25.77962444863473,26.90179598931132,25.77962444863473,26.37103843688965,289636.0
2005-11-14,26.64399737731449,28.96416442286549,26.56817611583197,28.49406623840332,1357364.0
2005-11-16,28.509229005342487,29.24470741115999,27.766169630114696,28.40307807922364,864259.0
2005-11-17,28.205943234854875,29.115812931281685,28.205943234854875,28.744281768798828,509921.0
2005-11-18,28.35758882352867,29.032407960297373,27.97847668894885,28.228689193725582,278160.0
2005-11-21,28.44099106352355,28.65329582571756,27.432554289587184,28.228689193725582,246049.0
2005-11-22,28.44857686668686,28.44857686668686,27.599366437166783,27.75100898742676,143780.0
2005-11-23,27.751004845472725,28.198357243721407,27.37189274161437,27.69792938232422,147079.0
2005-11-24,27.447720117594365,27.902653538632286,27.16717793770085,27.65244102478028,207560.0
2005-11-25,27.89507256831999,28.205944414255004,27.40980948124056,27.65244102478028,267181.0
2005-11-28,27.58420145045655,27.85716266724244,27.14442995843567,27.34156990051269,232847.0
2005-11-29,27.29607602436827,27.440137606567543,26.71224294009284,26.78048324584961,66657.0
2005-11-30,26.841140428249258,27.599364701449566,26.841140428249258,27.235414505004883,169023.0
2005-12-01,26.85630271203413,27.44771961952694,26.234559031446288,27.15959358215332,79231.0
2005-12-02,27.42497306110232,27.447721758191243,26.39379038562108,26.64400291442871,61785.0
2005-12-05,26.6439997658094,27.25057858923328,25.68105461820074,26.01467514038086,117742.0
2005-12-06,26.14356777463912,26.35586960644155,25.27161175659657,25.44600296020508,156207.0
2005-12-07,25.58248495694304,26.23455531833505,24.86975238075848,25.14271354675293,213426.0
2005-12-08,25.17304420471192,25.73412849712124,24.657451513505844,25.17304420471192,125264.0
2005-12-09,25.173046515461177,27.55387027683815,25.173046515461177,25.734130859375,589074.0
2005-12-12,25.931267457582702,26.08291287161216,25.203372941116168,25.62039566040039,238518.0
2005-12-13,25.779623325308368,26.219394758619515,24.90008335108192,25.226119995117188,239878.0
2005-12-14,25.21095596624135,25.9161047404482,25.21095596624135,25.42325782775879,174355.0
2005-12-15,25.324689480450235,25.779622844273213,24.642286542319983,24.79393196105957,118306.0
2005-12-16,25.01381777400976,25.931268367092738,24.8015130299639,25.718963623046875,140349.0
2005-12-19,25.94643383760192,27.250577534381744,25.627978159884098,27.007946014404297,347349.0
2005-12-20,27.296068726269272,28.81251698883979,27.22024747009896,28.30450820922852,1086800.0
2005-12-21,28.61538670952197,28.80494278687271,26.99278425778684,27.7965030670166,554600.0
2005-12-22,27.9026534612842,28.07704470194518,27.22025333161897,27.591781616210938,266138.0
2005-12-23,27.667607809172225,27.667607809172225,26.007094631237404,26.189069747924805,171044.0
2005-12-26,26.3862005627434,26.3862005627434,24.86975222129384,25.051727294921875,167580.0
2005-12-27,25.097219283159458,25.93126761932588,24.52097017712809,25.711381912231445,96823.0
2005-12-28,25.946432133105507,26.00708856291724,24.733271720518413,24.95315742492676,118599.0
2005-12-29,25.142713385538062,25.59006576196151,24.793930961179623,25.051727294921875,199864.0
2005-12-30,25.226120281554405,26.03741996990664,25.173044817261893,25.696218490600582,282677.0
2006-01-02,25.794790516709416,26.916962111157464,25.794790516709416,26.26488876342773,234447.0
2006-01-03,26.43927764892578,26.916959715723547,26.17390032981361,26.43927764892578,196503.0
2006-01-04,26.38620248588261,26.841138756912585,25.499081529827368,25.88577461242676,141786.0
2006-01-05,26.34829153614364,26.34829153614364,25.552156686911992,25.70380210876465,104149.0
2006-01-06,25.99192575972873,26.38620270764336,25.79478873196937,26.166316986083984,113786.0
2006-01-09,26.38620361658424,26.5378490467592,25.43842329348569,25.68863868713379,135262.0
2006-01-10,25.62797629938812,25.98434258390732,25.446004118813462,25.56731986999512,93030.0
2006-01-12,25.446006521775608,25.71138384867241,25.0213999063448,25.42325782775879,51708.0
2006-01-13,25.779625232367767,26.09807803806456,25.400513096597653,25.51424789428711,37053.0
2006-01-16,25.47633252334701,25.47633252334701,24.490641620147706,24.64986801147461,109380.0
2006-01-17,25.17304516305971,25.32469058843396,24.581628293339744,24.72569274902344,94155.0
2006-01-18,24.793933423187777,24.793933423187777,23.73241832180761,24.361745834350582,233696.0
2006-01-19,24.642288983728587,25.173046555703493,24.51339224508689,24.998655319213867,60861.0
2006-01-20,25.157876038602595,25.324686267291085,24.71810466929492,24.90007972717285,46764.0
2006-01-23,24.71810766071421,25.02139849641697,24.29350396160528,24.414819717407227,40089.0
2006-01-24,24.649870315079223,25.021401488625223,24.11153176510508,24.28592300415039,46640.0
2006-01-25,24.301084275091107,24.99106815991787,24.20251576848636,24.30866813659668,145568.0
2006-01-27,23.671758495899127,24.86217167918556,23.671758495899127,24.589210510253903,162228.0
2006-01-30,25.17304430557504,26.14357036707713,24.75602156929809,24.94557762145996,261075.0
2006-01-31,25.47633324441102,25.47633324441102,24.073619560817804,24.33899688720703,82209.0
2006-02-01,24.536136134500342,24.80151345359581,23.7399998386202,23.929555892944336,82247.0
2006-02-02,24.30108369263392,25.362598671107246,24.30108369263392,24.80909538269043,214299.0
2006-02-03,24.87733779061957,25.62039718185484,24.338996394226097,25.218536376953125,168593.0
2006-02-06,25.21853785109959,25.21853785109959,24.6574535131872,24.78635025024414,70348.0
2006-02-07,24.801514802051543,25.62797935953543,24.7332745030888,25.08205986022949,107328.0
2006-02-08,24.930412985212115,25.07447454471953,24.149441523565,24.46031188964844,88612.0
2006-02-10,24.528551103982,24.93799285599028,24.528551103982,24.687780380249023,89646.0
2006-02-13,25.00623388342325,25.35501632284544,24.71810787623302,24.983488082885746,142756.0
2006-02-14,25.02897860297108,25.627976392018617,24.900081882297783,25.051727294921875,162671.0
2006-02-15,25.6203972506106,27.038275741140296,24.869753995391413,26.302797317504883,443654.0
2006-02-16,26.38620097185613,26.681907940240364,25.47633137439991,25.711381912231445,171518.0
2006-02-17,25.59007022162547,27.26574523677757,25.3246928725819,26.05258750915528,572909.0
2006-02-20,25.483913920655954,26.00708753830257,25.17304213757976,25.49907875061035,112862.0
2006-02-21,25.69621844717432,25.87060967132583,25.17304477471978,25.218536376953125,84517.0
2006-02-22,24.91524885236432,25.476333167141465,24.7332737631094,25.044145584106445,57426.0
2006-02-23,25.03656321678855,25.61281233120204,24.793931706257,24.93041229248047,49635.0
2006-02-24,25.1427134682314,25.40050980282153,24.76360138162212,24.95315742492676,128827.0
2006-02-27,25.1578776305466,25.61281096543565,25.066891542047912,25.264028549194336,66179.0
2006-02-28,25.324689681016505,26.67432784445654,25.17304426107592,25.49149703979492,159460.0
2006-03-01,25.55215699425481,26.15873579656557,25.324690304937768,25.88577461242676,131322.0
2006-03-02,26.35586958212317,28.03912808241947,26.082911323941403,27.500789642333984,596927.0
2006-03-03,27.5993640899131,27.751006627276272,27.144427800635587,27.47804832458496,153645.0
2006-03-06,27.599360500137287,29.03998466448124,27.29606968006718,28.88075828552246,568243.0
2006-03-07,28.94141751978837,28.94141751978837,27.902651132799136,28.243852615356445,156754.0
2006-03-08,27.48563121585724,29.646569340697187,27.48563121585724,27.7965030670166,305740.0
2006-03-09,27.81924598720845,28.585054080069693,27.47046353521021,28.37274932861328,112041.0
2006-03-10,28.357584419508296,30.38962537666556,28.22868480972372,29.30536460876465,474519.0
2006-03-13,29.419095715388888,29.98776381385284,28.14527894343801,28.30450820922852,124994.0
2006-03-14,28.35758954715929,29.555582418956018,28.054298674797625,28.39550018310547,137412.0
2006-03-16,28.37275010783324,28.888342830336743,27.14442763005534,27.515958786010746,96330.0
2006-03-17,27.447718214658742,28.95658284066279,26.841139397863245,28.387914657592773,255660.0
2006-03-20,28.6608724207359,28.8125178298987,27.76616768831056,28.084623336791992,199959.0
2006-03-21,28.43340735207808,28.65329306310913,27.69034798703126,28.03154945373535,148118.0
2006-03-22,27.97847011845468,28.433403416155013,27.637268698981742,28.25901222229004,58710.0
2006-03-23,28.50923201661269,29.312950801598305,24.26317716899671,28.8125228881836,140055.0
2006-03-24,28.357587389305447,29.38876991359642,28.13770166819512,28.37274932861328,121578.0
2006-03-27,28.676039184960665,29.38876889598192,27.599362202839465,28.21352195739746,293357.0
2006-03-28,28.205941105540223,28.50922905318942,27.614524256692054,27.69792938232422,126058.0
2006-03-29,27.751004016855926,28.0088003554779,27.39464061669888,27.629688262939453,34883.0
2006-03-30,28.023968534142845,28.05429819934422,27.606945761010188,27.77375602722168,27868.0
2006-03-31,27.76617053977621,28.35758740700752,27.1444269015144,28.243852615356445,73144.0
2006-04-03,27.614526953014582,31.43597802721376,27.614526953014582,30.4123764038086,853679.0
2006-04-04,30.556432299393112,31.32982127018851,29.60107115452559,29.896778106689453,248205.0
2006-04-05,29.89678094389197,32.39133929832885,29.79821098635122,31.784757614135746,517631.0
2006-04-07,32.43683025635944,33.51351012128264,30.950711522844497,31.26158332824707,623131.0
2006-04-10,31.238832909949064,32.209358814098124,30.45027916663028,31.481464385986328,220347.0
2006-04-12,31.5421248417526,32.74012043870742,29.94985521512212,30.32138633728028,333164.0
2006-04-13,30.32138913695332,30.77632253159731,29.1309743992561,30.41995620727539,157585.0
2006-04-17,30.92037821024688,31.238833839771704,30.17731893121621,30.647417068481445,296815.0
2006-04-18,30.70807788541377,31.238835365616087,30.480611220297227,30.69291305541992,504021.0
2006-04-19,30.996203013752726,32.52023223106453,30.799063121677364,32.26243591308594,338913.0
2006-04-20,32.58847709066485,32.81594378141149,31.11752312426708,31.82267189025879,299254.0
2006-04-21,31.959153004224863,33.361866697027885,31.390484821889164,33.050994873046875,322579.0
2006-04-24,33.771302266714336,33.771302266714336,32.05013320454686,32.58089065551758,170761.0
2006-04-25,32.55056213628871,32.97516869040324,31.8605782935998,31.997058868408203,102593.0
2006-04-26,31.99705765970313,34.08975490705338,31.845412260933887,33.61207580566406,245964.0
2006-04-27,33.61208233473117,35.62137485843886,33.61208233473117,34.41579818725586,400773.0
2006-04-28,33.35428461305096,34.120089800360425,29.26745364957305,33.4073600769043,161026.0
2006-05-02,34.241407695639005,35.3332495961019,34.241407695639005,35.0602912902832,164551.0
2006-05-03,35.545547164581414,35.545547164581414,33.84712388180472,34.40062713623047,81080.0
2006-05-04,34.802489900663886,35.04512139907585,33.9684415940266,34.46128845214844,77647.0
2006-05-05,33.74097999897026,34.863151570949604,33.54384296151817,33.649993896484375,105874.0
2006-05-08,34.71149990353057,35.33324346156356,33.66515268190171,34.01393508911133,143366.0
2006-05-09,35.10577404670607,36.51607128708855,34.04426207857394,34.650840759277344,349979.0
2006-05-10,35.029958112114336,36.37959624303841,34.72666727954015,35.818511962890625,325977.0
2006-05-11,36.08389327683178,37.85055432931969,34.88589753684068,36.387184143066406,425432.0
2006-05-12,36.167302063366414,37.12266347144488,35.075457148538035,35.28017807006836,179348.0
2006-05-15,35.43940354881957,36.09147398950005,28.81252217574416,30.814233779907227,278348.0
2006-05-16,30.632259995676577,34.30964634782177,29.87403576699543,33.551422119140625,176868.0
2006-05-17,33.55142038382847,35.59862627386325,32.68704527062163,35.24225997924805,143668.0
2006-05-18,34.1200932170002,34.4233840914431,28.19836044185377,28.67604255676269,535897.0
2006-05-19,30.63225930055603,31.6937714611838,28.812520036057244,29.25987243652344,212336.0
2006-05-22,30.268312028288936,30.268312028288936,23.52770005265309,28.91109275817871,245953.0
2006-05-23,29.722389649787864,29.94985633460953,27.447717016779546,29.547998428344727,88139.0
2006-05-24,29.737553723645256,30.935546442469537,28.84284894605949,29.51008415222168,54415.0
2006-05-25,28.81252279138989,29.57074707537384,28.357589377957964,28.91109275817871,26803.0
2006-05-26,30.632259479461585,31.003787725512648,29.115811047654493,29.221961975097656,40272.0
2006-05-29,29.57074970610373,30.253152779356974,29.419104257336745,29.87404060363769,51857.0
2006-05-30,30.78390244604535,30.920383038238512,29.50250454422717,30.0711727142334,34851.0
2006-05-31,29.6465640971646,29.6465640971646,27.44771572423996,28.85801315307617,48139.0
2006-06-01,29.54041215236489,29.57074181250137,28.05429351442438,28.410659790039062,45143.0
2006-06-02,28.21352113957216,28.33483689308889,25.47633137768035,28.01638412475586,66889.0
2006-06-05,28.016388550920453,28.964168928878543,27.910237611372533,28.251436233520508,24626.0
2006-06-06,25.3322727862287,27.82683133276328,25.3322727862287,27.205087661743164,26579.0
2006-06-07,26.537845109332128,26.992778439962446,25.635559416877243,26.10565757751465,83398.0
2006-06-08,24.414816627779725,26.08291022826071,22.14014432504985,23.603515625,53324.0
2006-06-09,23.353305869306155,24.71810891439884,23.353305869306155,24.43756675720215,34928.0
2006-06-12,24.43756218010872,25.931264569484625,22.898368196267604,23.7399959564209,18717.0
2006-06-13,22.59508214694824,23.504951828464776,21.87476997476246,22.05674362182617,32233.0
2006-06-14,23.2016595919054,23.2016595919054,20.62369773640432,20.75259590148925,49254.0
2006-06-15,21.26818659127544,22.59507883894283,20.9648972239053,22.26146125793457,25065.0
2006-06-16,23.413966455834093,26.23456041651235,22.746729687980505,24.40723991394043,49647.0
2006-06-19,24.414817675915177,25.89335531464274,23.959882906599177,25.44600296020508,31047.0
2006-06-20,24.642286798367564,25.089639197479915,24.26317469377729,24.657451629638672,18127.0
2006-06-21,25.00623362874967,25.703801392885527,24.399654850628767,24.960739135742188,72108.0
2006-06-22,25.62798019000758,27.136847786013604,23.80824219982801,24.6726188659668,145700.0
2006-06-23,24.566466878310745,24.94557900364026,23.80824118145373,24.14944267272949,77338.0
2006-06-26,25.021398472617854,25.55215598839496,22.215968368420945,22.51167678833008,64198.0
2006-06-27,22.291793763624657,23.125840769127898,21.53356947611227,22.883209228515625,47092.0
2006-06-28,22.883208350867385,22.883208350867385,21.86718772887276,22.625411987304688,35461.0
2006-06-29,22.06432552201759,23.35330585346454,21.260608238061447,22.63299369812012,21609.0
2006-06-30,23.11067111360436,23.94471794506048,23.11067111360436,23.84614944458008,40160.0
2006-07-03,23.739999427975544,24.26317453379593,23.732417012389984,23.97504997253418,36964.0
2006-07-04,24.53613502698428,24.5512998577332,23.82340388996145,23.99779510498047,15755.0
2006-07-05,23.92197284523685,24.26317431248533,23.747581626953355,24.126693725585938,45732.0
2006-07-06,24.09636647445123,24.407236845882377,23.61110198535869,23.98263168334961,60087.0
2006-07-07,24.414821699987407,24.414821699987407,22.306957740915355,22.625411987304688,60747.0
2006-07-10,22.36761573086122,23.94472213810453,22.36761573086122,23.611103057861328,52330.0
2006-07-11,22.632995199045546,23.884064980197216,22.632995199045546,23.30023193359375,13391.0
2006-07-12,21.00281326323725,25.47633480722459,21.00281326323725,24.86217498779297,59340.0
2006-07-13,27.31197271972032,27.477500458548363,23.587612803394816,26.1367301940918,43985.0
2006-07-14,24.498012587722062,25.822229783007764,24.00970748709428,25.656702041625977,16864.0
2006-07-17,25.49117364208517,25.805676026872497,24.845618940260813,25.06080436706543,10848.0
2006-07-18,25.160120115801583,25.391858635436755,24.001430674804773,24.15868186950684,23993.0
2006-07-19,24.79595990201634,24.79595990201634,23.28966347899902,23.44691467285156,11960.0
2006-07-20,24.332483807156308,24.332483807156308,23.58761215992908,23.90211296081543,23695.0
2006-07-21,23.90211452216884,23.90211452216884,23.182072461630145,23.513126373291016,11945.0
2006-07-24,23.173791512510387,23.339319226178315,22.346156101349305,23.09930419921875,16061.0
2006-07-25,23.81935194630406,24.25799778209244,23.35587489687432,24.04281234741211,14521.0
2006-07-26,23.38069956081287,24.299375340740266,23.38069956081287,24.14212417602539,17828.0
2006-07-27,24.49801125507185,24.49801125507185,24.00142963652922,24.35731315612793,13872.0
2006-07-28,24.332483852647265,26.484336509785205,24.00142996199284,25.85533332824707,40099.0
2006-07-31,26.451232208939768,27.09679010406932,25.50772815895716,25.987756729125977,61238.0
2006-08-01,26.153283150256584,26.48433704763411,25.24288374852626,25.424962997436523,25930.0
2006-08-02,25.65670066865129,26.1532822876334,25.65670066865129,25.8884391784668,15983.0
2006-08-03,26.15328191316843,27.063681271835545,25.093907913080773,26.368467330932617,37239.0
2006-08-04,26.153284705704987,26.5671009180962,25.681532676561204,26.01258659362793,20053.0
2006-08-07,26.202942155082145,26.202942155082145,25.201503867939167,25.565662384033203,9457.0
2006-08-08,25.987756716341348,25.987756716341348,25.408412761506515,25.565662384033203,8102.0
2006-08-09,25.75601898521096,26.856774202483184,25.573938154093,26.6333122253418,34093.0
2006-08-10,26.500891250252625,27.038852474820978,26.252599632848497,26.699522018432617,24345.0
2006-08-11,26.980915082115,27.808550552820105,26.815390513716988,27.568538665771484,40449.0
2006-08-14,27.94096970664617,28.80171128011656,27.89131360325498,27.9989070892334,27192.0
2006-08-16,28.63618522375911,32.608837897936354,28.272026763403623,30.556299209594727,208314.0
2006-08-17,30.928740576881548,31.06944026646999,28.43755888342641,28.727230072021484,59475.0
2006-08-18,29.29002009043556,29.29002009043556,28.13133227482999,28.396175384521484,23783.0
2006-08-21,27.643030906953225,29.62935449605268,27.643030906953225,28.785165786743164,29658.0
2006-08-22,29.10793549401676,29.198975893138613,27.84993246470281,27.9989070892334,25271.0
2006-08-23,28.470666505446296,28.470666505446296,27.15472574730757,27.336803436279297,26171.0
2006-08-24,26.55055153218869,29.190707956495963,26.55055153218869,28.851377487182617,41813.0
2006-08-25,29.46382497804932,29.612799632965384,27.982359709773764,28.28030586242676,31078.0
2006-08-28,27.659578254137376,28.70240080341661,27.659578254137376,28.13960838317871,39117.0
2006-08-29,28.32169290102633,29.29830321879824,28.30513980919536,28.51204872131348,33858.0
2006-08-30,28.4872119016967,28.62791157599547,27.394733313171987,27.659576416015625,16386.0
2006-08-31,27.65958062082424,28.139610790939265,26.898157373691944,26.997472763061523,27955.0
2006-09-01,27.31197176221652,28.63618731205848,26.89815400824354,27.28714370727539,244830.0
2006-09-04,27.97407865562656,29.06655723911505,27.494051717877408,28.752058029174805,182015.0
2006-09-05,28.47066521605497,28.909311063175867,27.4112895267291,27.725791931152344,131913.0
2006-09-06,28.13960447316148,28.61963453550231,27.93269561674117,28.16443252563477,154322.0
2006-09-07,27.80855375326364,28.40445237104957,27.80855375326364,28.023740768432617,156380.0
2006-09-08,28.07339429683145,28.29685625792507,27.643026620479485,27.74234199523925,71520.0
2006-09-11,28.785162753515618,28.785162753515618,27.146444781245712,27.196104049682617,37558.0
2006-09-12,27.229209012491086,27.64302675944579,26.98091583857518,27.237483978271484,114494.0
2006-09-13,27.80855260728346,27.80855260728346,26.66641784649954,26.95608901977539,37251.0
2006-09-14,27.311972583812256,27.62647497030264,26.649864788973822,26.716073989868164,130297.0
2006-09-15,26.980918294994144,27.9740816095416,26.78228752639214,26.914709091186523,157955.0
2006-09-18,27.146443933492336,27.31197166593377,26.23604614083277,26.442955017089844,32827.0
2006-09-19,26.78228970715758,26.89815819113994,25.565664310984,25.67325782775879,63015.0
2006-09-20,25.49945055234696,26.153283386848177,25.32564784662253,25.44979286193848,62019.0
2006-09-21,25.987753074961347,26.23604465960553,25.491171484262345,25.59048843383789,45864.0
2006-09-22,25.590492034681265,25.75601978106883,25.03597613644938,25.251161575317383,28419.0
2006-09-25,25.557382558174258,25.722910283215928,25.17667100060355,25.242881774902344,76536.0
2006-09-26,25.57393935479971,25.63187359338836,24.994595390323624,25.085634231567383,153998.0
2006-09-27,25.16011914906592,25.6567007700098,24.61387983960448,24.96148681640625,108737.0
2006-09-28,24.99459429377193,26.145007205532124,24.812513462093367,25.838781356811523,244202.0
2006-09-29,26.30225786669837,26.79056137997373,25.82222931961301,25.95465087890625,61820.0
2006-10-03,26.153282335234643,26.865047797768007,26.07051846882208,26.31053352355957,44065.0
2006-10-04,26.48433573576657,26.649863465550887,26.070517989895222,26.50088882446289,31316.0
2006-10-05,26.649865052626915,26.881601993818244,26.41812653284607,26.53399658203125,22565.0
2006-10-06,26.81539246162145,27.31197251724522,26.58365236610856,26.84849548339844,44558.0
2006-10-09,26.964364593043506,27.21265459768141,26.52571565576521,26.782283782958984,28036.0
2006-10-10,26.980918599237924,27.31197409354652,26.608485114614723,26.774009704589844,31043.0
2006-10-11,26.84849700911637,27.12989323187513,25.855335262840995,25.962928771972656,20051.0
2006-10-12,25.987754759681906,26.39329597110932,25.987754759681906,26.120176315307617,17155.0
2006-10-13,26.64986308909093,26.64986308909093,24.82906440154209,25.31736946105957,38196.0
2006-10-16,25.971199986933865,26.293978889112363,25.507724572289828,25.59048843383789,22277.0
2006-10-17,26.053963848481924,26.136727710029987,25.333921883769325,25.59048843383789,37421.0
2006-10-18,25.532556037943824,25.7725695172214,25.342200247725494,25.408411026000977,35372.0
2006-10-19,25.49117456772048,26.153283961605545,25.160120660072725,25.441516876220703,42050.0
2006-10-20,25.78084652908843,25.805676163362808,25.32564761751802,25.424962997436523,25191.0
2006-10-23,25.491175480277526,25.491175480277526,24.84562073190161,25.085634231567383,38987.0
2006-10-26,25.65670030129642,27.31197128847684,25.65670030129642,26.368467330932617,198795.0
2006-10-27,26.368467330932617,26.931259719148265,26.236045778245337,26.368467330932617,73792.0
2006-10-30,26.50089070692121,26.81539310013381,25.946374824920667,26.07879638671875,44442.0
2006-10-31,25.656701518126667,27.146444845807896,25.656701518126667,26.716073989868164,148373.0
2006-11-01,26.65814117916941,28.12305652941556,26.65814117916941,27.750619888305664,302546.0
2006-11-02,28.123057300212523,28.81827133027904,27.92442652429595,28.114782333374023,183800.0
2006-11-03,28.156157869743605,29.48037330250447,28.156157869743605,29.091386795043945,172157.0
2006-11-06,29.29830098239072,29.6128002316346,28.96724548540017,29.14932632446289,61265.0
2006-11-07,29.381059606234096,29.46382189154915,27.80855092781765,28.752058029174805,58880.0
2006-11-08,28.95069433103465,29.223815607894885,27.808556262929027,28.305139541625977,67014.0
2006-11-09,28.53687332905232,28.55342641888128,27.659578511192084,28.23892402648925,45859.0
2006-11-10,27.97408031679661,28.47066352971168,27.56026255129021,28.17271423339844,48499.0
2006-11-13,28.61963914391143,29.75349897566177,28.61963914391143,29.39761543273925,179338.0
2006-11-14,29.629350962075986,30.62251421675798,29.480376316014738,29.836259841918945,208264.0
2006-11-15,30.043169640204106,30.854252095122423,29.629351867867463,30.5645809173584,241887.0
2006-11-16,30.788044477203915,30.953572226090124,30.109383548231754,30.142486572265625,71141.0
2006-11-17,30.4652661764664,30.4652661764664,28.71895463534516,29.02517890930176,42391.0
2006-11-20,29.116213616034287,29.54658440276948,27.808548168972155,27.9989070892334,53157.0
2006-11-21,28.15615981236617,28.801714485729537,28.15615981236617,28.47893714904785,31894.0
2006-11-22,28.73550761701567,29.61279928890726,28.30513674750056,29.39761543273925,63373.0
2006-11-23,29.215534195297145,30.440434426734942,29.215534195297145,30.1921443939209,59502.0
2006-11-24,29.75349402479526,30.622510585655164,29.71211288516928,30.41560173034668,62932.0
2006-11-27,30.622512430207767,30.72182780272812,28.98379457631756,29.43899345397949,16410.0
2006-11-28,28.718955893153414,29.46382603733421,28.553428142053487,28.743783950805664,34197.0
2006-11-29,28.80171413749231,29.41416578323164,28.470661839053296,28.752058029174805,21591.0
2006-11-30,29.248643605160613,29.248643605160613,28.967247361646017,29.04173469543457,11042.0
2006-12-01,29.46382489567676,31.19358335542927,28.801717074111497,29.496931076049805,18915.0
2006-12-04,28.156162200561653,30.44043496272243,28.156162200561653,29.02517890930176,12832.0
2006-12-05,29.46382308023136,29.46382308023136,28.619637632988,29.124492645263672,22799.0
2006-12-06,29.232086308356205,29.232086308356205,28.68584699154557,28.96724319458008,26480.0
2006-12-07,28.96724690794981,29.19898387291602,28.68585066884256,28.992074966430664,26891.0
2006-12-08,29.124489863009146,29.124489863009146,28.6858440921246,28.958965301513672,73933.0
2006-12-11,28.826549088423786,28.925864475121536,27.494055284610333,28.0402946472168,27755.0
2006-12-12,27.6430287163093,28.13960878493655,25.82222986937759,26.260875701904297,63851.0
2006-12-13,26.31880957334299,27.02230167752657,25.82222951159613,26.53399658203125,18577.0
2006-12-14,27.14644625914546,27.39473630048933,26.3188106832131,26.517444610595703,44835.0
2006-12-15,26.898152364645377,27.60164124054154,26.81539008177949,27.038848876953125,18087.0
2006-12-18,27.643031853940872,27.643031853940872,26.236050623558352,26.59193420410156,38279.0
2006-12-19,26.73262594716859,27.64302688904448,26.327084742682413,26.41812515258789,34466.0
2006-12-20,26.65814162621229,26.93126288666604,26.153284989184417,26.21949577331543,30914.0
2006-12-21,26.260875408025868,26.56709967501316,25.85533418127083,26.0539665222168,31386.0
2006-12-22,26.31881292533049,26.88988354196838,26.17811480229225,26.59193420410156,18953.0
2006-12-26,27.31197335949036,27.46094801220736,26.5091658595353,26.62503433227539,17620.0
2006-12-27,27.063681470755647,27.10506261430354,25.987754374026576,26.285703659057617,39457.0
2006-12-28,26.38502022374436,26.980917242064216,25.92154476505113,26.1367301940918,42225.0
2006-12-29,26.48433725007556,26.64986498932434,25.90499174129436,26.004308700561523,34798.0
2007-01-02,26.318810471022225,27.022302599200444,26.21949508672122,26.914709091186523,34899.0
2007-01-03,27.138171550322408,29.381063224680656,26.84022223500796,28.934139251708984,102222.0
2007-01-04,29.463824183621096,30.19214434833105,28.52032016604497,28.71895408630371,218309.0
2007-01-05,28.801714023779702,29.132769478090484,28.536870923202603,29.01690101623535,28151.0
2007-01-08,28.96724713166225,29.1079436737128,28.17271768234543,28.48721694946289,66185.0
2007-01-09,28.80171715463299,28.950691809549056,28.12305624098386,28.28030586242676,78134.0
2007-01-10,28.470667301191625,28.627916936330315,28.056849480867207,28.305139541625977,116656.0
2007-01-11,28.470662731592785,28.801715040410105,28.13960726559656,28.15616035461425,103206.0
2007-01-12,28.32169234873976,28.80171937375973,28.13961149932905,28.48721694946289,25556.0
2007-01-15,28.594801846551224,29.29829381629356,28.47065843342853,28.82654190063477,155605.0
2007-01-16,28.967243687619632,29.24863989544367,28.52859786493296,28.77688789367676,21120.0
2007-01-17,29.01690690326289,29.910751759761546,28.793444899843365,29.74522399902344,57005.0
2007-01-18,30.539756262850023,31.59912886772801,29.96041068561509,31.22669219970703,178729.0
2007-01-19,31.541189057884928,32.27778413950974,30.12593312641396,31.45842361450196,109815.0
2007-01-22,31.6156829622572,33.1054265244202,31.6156829622572,32.89851760864258,261830.0
2007-01-23,32.77436305897473,33.60199852164761,32.691600775578934,33.171630859375,175147.0
2007-01-24,33.51924418156322,33.759259280339464,32.36883112097433,33.163360595703125,87484.0
2007-01-25,33.750980419436985,34.71931576084633,32.60884550837287,32.90679168701172,56533.0
2007-01-29,32.90679058997888,33.73442620313627,32.60884442127285,33.03093719482422,224400.0
2007-01-31,33.23784436751179,33.51924058762096,32.78264543541203,33.262672424316406,90081.0
2007-02-01,33.56890074461056,35.07519726931944,33.56890074461056,34.835182189941406,228223.0
2007-02-02,35.489016183639045,38.07123842777347,33.974441487261984,34.711036682128906,138083.0
2007-02-05,35.008981110061114,35.09174655458475,34.30549219609408,34.942771911621094,75037.0
2007-02-06,35.07519475437945,35.902830286950696,34.52067730582364,35.397972106933594,53921.0
2007-02-07,33.10542517303541,35.34004200365117,33.10542517303541,34.868289947509766,54047.0
2007-02-08,35.25727360899223,35.57177600594389,33.784083321826685,34.164794921875,33912.0
2007-02-09,34.42964083497458,34.92622410569344,33.02266279421954,33.55234909057617,108438.0
2007-02-12,33.35371214714535,33.43647759673463,29.629352159462588,31.855693817138672,75860.0
2007-02-13,31.615677811531924,33.60200118508398,30.953570020347907,32.972999572753906,58178.0
2007-02-14,32.11226430341039,32.26951710590279,30.705282991839447,31.433603286743164,67074.0
2007-02-15,32.070880363125774,32.11226151280361,31.615681402310823,31.76465606689453,208568.0
2007-02-19,32.39365104659569,33.10541803959559,31.81430559946704,32.12053298950195,51699.0
2007-02-20,32.67504820666189,32.67504820666189,31.95500622670525,32.26123046875,40118.0
2007-02-21,31.6156744602623,33.502682254408185,31.6156744602623,33.17990493774414,49494.0
2007-02-22,32.77436412455477,33.35370959869757,32.31916523672073,33.0474853515625,17901.0
2007-02-23,32.608838778201466,32.898509929806245,31.45014785742484,32.269508361816406,61282.0
2007-02-26,31.78120684056308,32.44331465866249,31.53291364624407,32.21157455444336,5721.0
2007-02-27,32.029498041172616,33.055764407211,31.450152495348767,32.41020965576172,9906.0
2007-02-28,31.119093447791425,32.44331213829717,29.79487791446455,32.145362854003906,38443.0
2007-03-01,32.05432213772763,32.69160184366819,31.466701697754235,31.938453674316406,38095.0
2007-03-02,32.277783568758416,32.526073580159256,31.119092639316083,31.49980735778809,26271.0
2007-03-05,30.04317212693569,30.37422763507873,29.33968311860588,29.89419746398925,39082.0
2007-03-06,29.960405452971425,31.86396645384317,29.794877723074134,31.32600212097168,39360.0
2007-03-07,31.615674947545035,31.615674947545035,29.83625746007577,30.02661323547364,19194.0
2007-03-08,30.37422757899808,30.78804538482317,29.54659196734788,30.134212493896484,78168.0
2007-03-09,31.09426829911709,31.408770701616547,30.001789592728613,30.54802894592285,11721.0
2007-03-12,30.62251381191456,31.61567705346649,30.53975152394311,30.87080383300781,7472.0
2007-03-13,30.788040699207777,31.20185844205417,30.62251297063345,30.986671447753903,32260.0
2007-03-14,29.96040544131301,30.622513203465694,29.96040544131301,30.45698547363281,6828.0
2007-03-15,30.46526973974873,30.994956056279584,30.216976516342843,30.29146385192871,48508.0
2007-03-16,30.622511657111136,33.055758744091854,30.043166210540864,30.531471252441406,13979.0
2007-03-19,30.291458476876333,31.45014945656886,30.291458476876333,30.953569412231445,12432.0
2007-03-20,31.1853050652393,31.43359507721648,30.82114659148469,31.127370834350582,11612.0
2007-03-21,31.2763481821536,31.59912554140104,30.622515340141124,31.1439266204834,15817.0
2007-03-22,31.75637973064262,31.78121094759088,30.705282052312505,31.07771873474121,33380.0
2007-03-23,31.1108175194738,31.11909248503533,30.250075870851347,30.30801010131836,43744.0
2007-03-26,30.62251314931226,30.77148779018052,29.91074612231477,30.0679988861084,23017.0
2007-03-28,29.381059145889378,30.44870965849108,28.139605942541937,28.462383270263672,70110.0
2007-03-29,28.967245499231115,30.5397543749182,28.139609913538795,29.99351501464844,18288.0
2007-03-30,30.45698985325093,32.60884433615052,30.00179089863849,31.82258987426757,118561.0
2007-04-02,32.029492928705366,32.112255211821655,30.33284086739169,30.84597396850586,26729.0
2007-04-03,31.68188471491669,31.98811211134374,30.473537688971565,31.05288314819336,25973.0
2007-04-04,30.804596177718537,31.45015089634624,30.622515346442388,30.79631805419922,8689.0
2007-04-05,31.185302361069795,31.44187047359976,30.821143918892435,31.110815048217773,3782.0
2007-04-09,31.615679575665,32.11225965746709,31.491532976624896,31.632232666015625,6152.0
2007-04-10,31.88051726733939,32.112254178349964,31.284618745108062,31.59912109375,11515.0
2007-04-11,31.93845758929791,32.112260305719296,31.499811736278456,31.91362953186035,10096.0
2007-04-12,32.02949373966176,34.42963473976935,31.4501482716431,32.73298263549805,130002.0
2007-04-13,33.10542579770362,34.51240702554191,32.32744942804218,32.64194869995117,51534.0
2007-04-16,32.97299983588903,33.66821381147503,32.85713136615453,33.07231521606445,43787.0
2007-04-17,33.121967242059675,34.09857721223949,33.11368912050079,33.386810302734375,23468.0
2007-04-18,33.461306202953416,33.684768184748435,32.77436716737845,32.79092025756836,28933.0
2007-04-19,33.09714372904284,33.40336796795745,32.77436324474075,33.05575942993164,21889.0
2007-04-20,33.74269983426284,33.750974800133655,32.77436465407459,33.246116638183594,18047.0
2007-04-23,33.933060421632334,33.933060421632334,32.60884469244037,33.23784637451172,30021.0
2007-04-24,33.10542228028074,33.602002351613315,31.019780297761564,31.97983741760254,91098.0
2007-04-25,32.44331483021593,32.691604868668726,31.78120700861543,32.054325103759766,30347.0
2007-04-26,32.120533369343114,32.76608801845205,31.84741215184089,31.95500564575196,58989.0
2007-04-27,31.94672894541544,32.5922867804438,31.78120437163373,32.145362854003906,12982.0
2007-04-30,31.085995758613453,32.92334473156383,31.085995758613453,32.75782012939453,27172.0
2007-05-03,32.82403061996615,34.015824850870295,32.44331896863032,33.577178955078125,46676.0
2007-05-04,33.73441836288233,33.93305225303427,32.9398891166317,33.40336608886719,389617.0
2007-05-07,33.60200436485815,34.01582216815532,33.279226983435045,33.77581024169922,32080.0
2007-05-08,33.76753105655149,34.098586551658336,33.43647871862383,33.94133377075195,51710.0
2007-05-09,33.618554410161,33.88339752770325,33.27094900232894,33.337158203125,18311.0
2007-05-10,33.93305728975887,35.75385611723053,33.51923951793255,34.1234130859375,121399.0
2007-05-11,34.12341334725929,35.10829851516388,33.85029525749544,34.22272872924805,24831.0
2007-05-14,34.926220048712935,37.40912664235823,34.76069231103412,37.13600540161133,172545.0
2007-05-15,37.24359729417435,40.05755924149462,36.87943881277126,39.32096099853516,212226.0
2007-05-16,40.05756358153383,41.72938468511071,39.15544066749167,40.10721969604492,192937.0
2007-05-17,41.29901636813622,41.82870262986871,40.05756300825853,40.42999649047852,407567.0
2007-05-18,40.69483880445221,40.69483880445221,39.39545123310463,40.02445602416992,121472.0
2007-05-21,39.39544782066588,40.65345413664871,39.39544782066588,40.33895492553711,82218.0
2007-05-22,40.42171380505854,40.85208459982826,39.22991994374293,39.80098724365234,46421.0
2007-05-23,40.05756335512336,42.9873909103484,39.81754827907901,42.43287658691406,308433.0
2007-05-24,42.5404688740729,43.53362901629541,39.72650671863153,40.02445602416992,66851.0
2007-05-25,39.93340864744859,40.99278096500087,38.89886438197065,40.43826675415039,41651.0
2007-05-28,41.034176686502825,41.183148197605504,39.751338914387006,40.59552764892578,28273.0
2007-05-29,40.967958943421,41.464539001075714,40.71966891459365,40.77760314941406,15514.0
2007-05-30,40.396891789592345,41.54730468349474,40.38861366618323,40.769325256347656,32981.0
2007-05-31,41.05072431017084,42.04388765708352,40.57897227289369,41.25763320922852,24908.0
2007-06-01,42.04388741360445,42.87152300504225,40.22308848100544,40.421722412109375,54460.0
2007-06-04,40.40516775571068,41.37350300190292,40.388614665661855,41.12520980834961,44159.0
2007-06-05,41.125210815451815,41.125210815451815,40.55414340208854,40.74449920654297,5451.0
2007-06-06,40.56242046103384,41.36522802498736,40.56242046103384,41.083831787109375,19867.0
2007-06-07,40.55414117689399,43.864683313783296,40.55414117689399,41.4066047668457,105250.0
2007-06-08,40.55413907097836,41.1996937438518,40.14032132535613,40.54586410522461,20568.0
2007-06-11,40.89347832133594,40.89347832133594,40.388620057574585,40.5293197631836,25107.0
2007-06-12,40.63690282514053,41.05072058571091,39.39544954342936,39.62718963623047,17926.0
2007-06-13,40.22308569975993,41.05072123397045,39.2299255844505,40.77760314941406,20234.0
2007-06-14,40.71966671780929,41.8783545088866,39.90858431690152,41.4397087097168,23754.0
2007-06-15,41.5473087992646,42.3583913288587,40.38861766717055,40.827266693115234,13290.0
2007-06-18,41.71283246750161,41.71283246750161,38.02985368406971,38.92369842529297,56866.0
2007-06-19,39.718234282665954,39.718234282665954,39.06440139354324,39.46166610717773,6491.0
2007-06-20,40.057555358951184,40.47137306655532,39.39544450104173,39.80098724365234,19661.0
2007-06-21,40.55414153836752,40.670010009042784,40.05756147627953,40.50448226928711,15342.0
2007-06-22,40.37206402751524,40.7196726252936,40.30585482047797,40.41344833374024,9603.0
2007-06-25,39.90858876892031,41.54730684219637,39.89203567842105,41.10865783691406,26935.0
2007-06-26,41.3817724116363,41.55557509804228,40.719664684485856,40.83553314208984,4980.0
2007-06-27,39.72650626246144,41.0507218750052,39.5858097348945,39.974796295166016,21757.0
2007-06-28,38.73333987790606,40.55413856747328,38.73333987790606,40.38861083984375,33110.0
2007-06-29,40.38861668672752,40.885199941504304,40.38861668672752,40.47138214111328,5472.0
2007-07-02,40.55413501658286,40.88519044285495,40.38860730344682,40.48792266845703,4031.0
2007-07-03,40.471380735413575,41.54730634762405,40.38861528390253,41.01762008666992,11609.0
2007-07-04,40.71966840337108,42.043883978611206,40.71966840337108,41.83697509765625,13056.0
2007-07-05,41.5473090130759,42.5404723946705,40.42172405774732,40.71139526367188,44746.0
2007-07-06,40.88519429631059,41.53074896548871,40.8024288533526,41.0755500793457,27194.0
2007-07-09,40.57069468584567,42.66461159877705,40.57069468584567,41.348670959472656,37827.0
2007-07-10,41.19969411983431,41.9942265981357,41.05071947747648,41.4893684387207,20255.0
2007-07-11,40.73622389177798,43.8646853457634,40.719670801465256,43.334999084472656,110200.0
2007-07-12,47.60519726954804,50.1013491838931,46.89200809338829,49.45948028564453,329735.0
2007-07-13,50.70756149291992,51.65253143622866,48.85327494627787,50.70756149291992,108676.0
2007-07-16,47.23077745330235,52.46378265523612,47.23077745330235,50.58275604248047,87507.0
2007-07-17,50.76996282256528,51.00174693040256,48.68389224907733,50.413368225097656,170025.0
2007-07-18,50.10135869875037,50.50252683634244,49.05832154101101,49.92306137084961,24962.0
2007-07-19,49.92305924479145,51.70602564639115,49.92305924479145,51.59904861450195,22844.0
2007-07-20,49.92305798978085,52.49053049574777,49.92305798978085,51.68819427490234,54640.0
2007-07-23,51.52772562226019,52.19633798777586,50.101353936122095,50.75213623046875,256203.0
2007-07-24,51.34943087963715,51.34943087963715,50.10135644202634,50.53818130493164,174968.0
2007-07-25,50.63623899833039,51.33159812331845,47.60519852280803,50.413368225097656,286569.0
2007-07-26,50.81453354096124,52.062611163665984,49.59320272209563,50.038944244384766,57849.0
2007-07-27,49.71801503146624,49.92305574518824,48.35404691809289,48.853275299072266,177830.0
2007-07-30,47.78350134771613,48.84436860296756,46.35712949284711,48.184669494628906,12019.0
2007-07-31,47.9617978707382,48.40753949295832,46.82070040609104,47.66761016845703,31638.0
2007-08-01,48.14009434383754,48.14009434383754,46.53542521252402,46.81178283691406,10897.0
2007-08-02,47.4269099089778,48.64824101773894,47.4269099089778,48.20249938964844,67541.0
2007-08-03,48.719558460581965,49.03157622169735,46.93659205252024,47.54280090332031,12431.0
2007-08-06,47.42689987178112,48.14008564564305,46.53541680426922,47.50713348388672,17045.0
2007-08-07,48.14008874455025,49.20986917457679,47.97962151000935,48.75521087646485,28001.0
2007-08-08,49.20986772336153,49.38816502323096,47.5873687559523,48.72846603393555,56742.0
2007-08-09,49.2098731567843,49.28119004416352,46.73154755650947,47.40907669067383,99068.0
2007-08-10,46.35712303718305,46.69588758081534,45.28734259463887,46.143165588378906,23270.0
2007-08-13,46.35712158484751,48.140087799649336,45.4656384774466,45.81331634521485,18426.0
2007-08-14,47.77459099961159,47.77459099961159,43.50438510344623,44.40478515625,80922.0
2007-08-16,42.79118815461527,43.59352429280954,41.54311047314375,41.96210861206055,73837.0
2007-08-17,42.75553253283986,42.75553253283986,39.85821219538562,40.8655891418457,48003.0
2007-08-20,42.54157708991461,44.39586027717801,41.91753820353947,42.47025680541992,14284.0
2007-08-21,43.45088997649486,44.21756262444887,40.34852563975422,40.99039459228516,12192.0
2007-08-22,40.865589714851424,41.53420210979288,40.116743696487454,40.20589065551758,17125.0
2007-08-23,41.89971262668944,41.89971262668944,41.008229379313065,41.07063293457031,6750.0
2007-08-24,41.68575088594376,42.02451543749314,40.473336650179775,41.24000930786133,28030.0
2007-08-27,41.7214140622951,43.495467168394896,41.36482281434132,42.05126190185547,18604.0
2007-08-28,43.31716684624477,43.68267480552679,41.91753855820839,43.21018981933594,50445.0
2007-08-29,42.79119657245462,46.045111838780535,42.34545494149155,44.88618087768555,202364.0
2007-08-30,45.73308864360694,47.15946384034655,45.01990274560644,46.71372222900391,188724.0
2007-08-31,47.15945818390334,50.72539064693608,46.44626897070623,50.32422256469727,509267.0
2007-09-03,51.70602542993741,51.70602542993741,48.80870503946679,49.34359359741211,186408.0
2007-09-04,51.70602183299022,51.70602183299022,48.14008929278399,49.47731399536133,120843.0
2007-09-05,49.92305648596578,50.814539637500886,48.9424263795725,49.25444412231445,447855.0
2007-09-06,48.58583252518265,51.08198470871408,47.51605204631535,48.14009094238281,1410621.0
2007-09-07,49.03157456518452,49.03157456518452,45.91138345649096,46.75829315185547,207283.0
2007-09-10,45.9113850147274,48.5858346272358,45.9113850147274,47.0703125,76066.0
2007-09-11,48.14008509387963,48.14008509387963,44.88617057446109,45.55478286743164,117268.0
2007-09-12,46.35712839401168,46.981167341001886,45.46564515566531,45.73308944702149,84939.0
2007-09-13,46.490842673378815,46.71371343710405,45.95595079999547,46.1788215637207,40534.0
2007-09-14,46.62456321633212,46.802860507938526,45.510209394714536,45.55478286743164,64380.0
2007-09-17,46.13425815524767,46.35712896759186,43.77182618410375,44.35129165649414,83795.0
2007-09-18,44.574161529541016,45.287347433865946,43.77182526171382,44.574161529541016,293290.0
2007-09-19,45.68851404855428,46.357126449264825,44.17299192679599,45.15362548828125,100151.0
2007-09-20,45.911377327398014,46.35711885484849,44.61872621764408,46.1788215637207,51255.0
2007-09-21,46.17882357762205,49.8339063025602,45.46563778274621,46.62456512451172,184494.0
2007-09-24,47.15945758941851,48.94242379845909,46.53541873610668,47.78349304199219,186865.0
2007-09-25,46.49084549047551,51.2157052876041,46.49084549047551,50.19049835205078,282812.0
2007-09-26,50.81454092291519,57.67895864278844,50.01220470594222,53.2215461730957,966712.0
2007-09-27,54.38047586708643,57.94640871082981,54.11303158395339,56.47546005249024,747974.0
2007-09-28,56.96578088146927,56.96578088146927,52.59751160796954,52.86495590209961,237323.0
2007-10-01,56.0742906047241,63.4735965513224,53.04324658256777,62.76041412353516,2017810.0
2007-10-03,64.18678393049396,68.10931097543053,59.0607560471559,63.206153869628906,1309033.0
2007-10-04,63.29531117757161,67.26240894627912,61.512344665527344,66.86124420166016,1176212.0
2007-10-05,65.88060220637325,67.2623969253714,61.55691054767692,63.69646453857422,382298.0
2007-10-08,64.98913256580951,68.86708347909402,62.849571330435325,66.4155044555664,642488.0
2007-10-09,67.26241146776677,67.70815311248751,64.63253848450557,66.95039367675781,642389.0
2007-10-10,67.66358049237557,69.98143559773763,65.52401931762695,66.86124420166016,548804.0
2007-10-11,67.44070367017707,69.08994618659393,66.1480489832192,66.90581512451172,249713.0
2007-10-12,65.12285805233522,67.30698942569032,64.36509180304914,66.4600830078125,234143.0
2007-10-15,65.5240093098908,69.2236656176153,64.54337923833738,67.0395278930664,478913.0
2007-10-16,68.3767565908609,80.45635629541734,65.07827157413259,75.77606964111328,652713.0
2007-10-17,71.31864605692269,77.46988063962748,64.18678145123042,74.48341369628906,246631.0
2007-10-18,75.50861988602013,82.46219115834118,66.90581295230423,71.40779876708984,497034.0
2007-10-19,68.73334644775203,70.42716571771383,64.27593089599799,66.504638671875,240070.0
2007-10-22,65.16741647663744,70.87290995945493,62.4038200900861,66.59378814697266,100242.0
2007-10-23,69.3573910239442,71.31865121167462,66.72751167962775,67.57442474365234,259068.0
2007-10-24,68.59962491363889,69.40196110006555,65.96975237079903,67.57442474365234,245039.0
2007-10-25,68.4659055955326,69.00079410144781,66.23719781965558,66.504638671875,219237.0
2007-10-26,67.75271773970093,73.10161650862467,65.52400991931601,67.79729461669922,501582.0
2007-10-29,70.24886890120328,71.987258173661,69.75855049026593,71.4523696899414,303350.0
2007-10-30,72.83416316772623,76.57839609476763,71.31864468868213,73.19075775146484,335503.0
2007-10-31,75.41947728567585,80.23348792124602,73.19076928786347,78.8962631225586,459479.0
2007-11-01,78.89626013170486,85.44866003658498,64.18678790375988,80.3226318359375,599176.0
2007-11-02,80.94668213454406,86.38472862034013,75.82065342716267,79.56488037109375,666853.0
2007-11-05,80.23348367111954,86.47386573442884,78.45051736731688,84.33430480957031,690495.0
2007-11-06,86.91961589612458,97.70656173934816,85.62696791877316,88.92545318603516,1352756.0
2007-11-07,92.66968367222272,94.67552104003256,87.36536090905003,88.79173278808594,665469.0
2007-11-08,87.276210848809,93.60574051372748,86.51845145256478,88.16769409179688,348768.0
2007-11-12,91.37703209592584,91.59990290591593,76.57841167288113,88.92545318603516,253837.0
2007-11-13,91.37702143154904,98.01856807354416,89.23746054505159,92.6250991821289,384540.0
2007-11-14,96.19104179297162,106.04192739494968,94.49722229716102,102.6097183227539,1608900.0
2007-11-15,106.48765706120332,116.7842899239431,103.01087829854195,113.61952209472656,1099289.0
2007-11-16,113.218372116572,121.6874629441896,109.74158610072826,116.87345886230467,950351.0
2007-11-19,122.93552052836397,122.93552052836397,109.78615091177832,111.65826416015624,699237.0
2007-11-20,107.86946585660246,113.66410658443648,104.39268005960665,106.2647933959961,255485.0
2007-11-21,104.30353800836492,107.73574708680628,96.2801889307984,97.79570770263672,254783.0
2007-11-22,101.62908658114348,101.62908658114348,89.37119236631257,93.15999603271484,284924.0
2007-11-23,89.14831264602542,102.47598266601562,89.14831264602542,102.47598266601562,310867.0
2007-11-26,106.97797895433428,112.72804260253906,106.62138433085784,112.72804260253906,304206.0
2007-11-27,115.00131490132208,124.00529926113352,109.69699340747164,122.89094543457033,682992.0
2007-11-28,128.99761036481948,129.71079961248915,115.93738752886708,117.76493072509766,707349.0
2007-11-29,122.75723271975012,125.34254213625736,115.98196862773462,117.67578125,388619.0
2007-11-30,118.56726282564571,120.7959707734962,114.10984692994477,114.82303619384766,258731.0
2007-12-03,115.62536716192194,117.67578122198675,112.28230519538825,112.8617706298828,248175.0
2007-12-04,112.32687767140187,118.52268288586076,107.8694618907907,110.6776351928711,796995.0
2007-12-05,112.32688073546876,114.55558868656932,110.98965596480842,111.7919921875,955327.0
2007-12-06,114.10984613102106,115.89281247681826,108.76094709362944,109.47413635253906,619621.0
2007-12-07,112.77262950499184,112.77262950499184,105.19502198884616,106.71054077148438,338560.0
2007-12-10,106.97798502083091,111.79199570706376,106.086501812324,109.11754608154295,238661.0
2007-12-11,111.43540221057944,111.88114381942177,107.8694693398409,108.40435791015624,152195.0
2007-12-12,108.35978180284869,110.54391284409697,105.19501383551162,108.71636962890624,164749.0
2007-12-13,109.20668479131923,114.1544189453125,108.76094322074242,114.1544189453125,528685.0
2007-12-14,117.67578773783976,119.85991895632236,115.49165651935716,118.38897705078124,397917.0
2007-12-17,117.6757857883601,120.35023546536829,112.50518035888672,112.50518035888672,194351.0
2007-12-18,110.98965870237431,113.04007278855116,106.88883733149768,108.85009765625,161830.0
2007-12-19,112.90634625211796,114.28814110200422,103.94693756103516,103.94693756103516,329019.0
2007-12-20,106.88882880559078,109.16210670957145,98.776333670872,100.47014617919922,600091.0
2007-12-24,104.30354089648836,105.50704193115234,102.78802208268591,105.50704193115234,122870.0
2007-12-26,107.8694585462413,110.81135559082033,106.3985100239518,110.81135559082033,214144.0
2007-12-27,114.109847690931,116.38313253348952,112.3268813207602,115.13504791259766,399154.0
2007-12-28,114.55558728935809,119.01300313719304,114.1098457045746,116.07110595703124,356841.0
2007-12-31,118.47810726701626,121.91032289575648,114.64474053730048,120.35022735595705,552890.0
2008-01-01,123.02467865058196,125.96657586064316,121.3308660523714,122.6680908203125,343249.0
2008-01-02,125.69912236421432,128.81931334488633,122.13318981487492,127.83867645263672,616444.0
2008-01-03,131.49377479944175,134.25737821945924,125.07509834338192,130.5131378173828,843504.0
2008-01-04,134.5248000274854,137.06553241091785,128.7301596328775,130.60227966308594,789783.0
2008-01-07,132.83096522405393,132.83096522405393,126.59058430748765,129.35418701171875,242376.0
2008-01-08,130.86971611217243,131.9394930650827,122.89094543457033,122.89094543457033,118701.0
2008-01-09,116.82886440528846,122.48977399779253,116.78428752915244,119.32501983642578,146398.0
2008-01-10,122.1332041965502,122.1332041965502,113.39666570131553,113.57496643066406,143039.0
2008-01-11,117.76492687161917,117.76492687161917,108.09232947343376,113.35208129882812,158535.0
2008-01-14,113.17378909405964,115.89281556443132,109.65243318788502,110.8559341430664,118855.0
2008-01-15,112.32688427187249,114.19900445091872,108.22606287303604,109.11754608154295,98571.0
2008-01-16,106.75510910257074,109.0729639733124,103.67949490120849,106.93340301513672,133752.0
2008-01-17,111.43539695609093,112.23773317447016,106.08649790219856,108.49349975585938,146883.0
2008-01-18,107.15627778608626,109.65243346357138,104.30353427022644,105.28416442871094,88638.0
2008-01-21,105.19501140941304,105.19501140941304,100.02440643310548,100.02440643310548,148064.0
2008-01-22,95.0321044921875,95.0321044921875,95.0321044921875,95.0321044921875,29192.0
2008-01-23,90.3072509765625,93.4274421798784,90.3072509765625,90.3072509765625,106079.0
2008-01-24,90.93128012124592,94.4972126750203,85.80525207519531,85.80525207519531,521621.0
2008-01-25,88.70258158602662,90.03980643405717,81.57071572986368,86.60759735107422,476733.0
2008-01-28,87.36535054316953,87.36535054316953,82.28389920155549,84.64632415771484,410144.0
2008-01-29,86.42928319335293,88.25682625559979,83.79941078814525,86.1618423461914,70809.0
2008-01-30,87.98938421046117,89.46033276869203,84.69089927507522,84.82462310791016,88825.0
2008-01-31,85.4040859756233,86.02812144165613,80.90209348010667,84.7354736328125,63141.0
2008-02-01,87.09790341726699,88.65799897244868,83.79941839261645,88.2122573852539,143871.0
2008-02-04,92.58053265322498,92.58053265322498,86.91961546767686,87.9002456665039,330092.0
2008-02-05,89.14832365210023,89.14832365210023,86.11727928763337,87.63280487060547,674535.0
2008-02-06,84.86919082124784,88.61342402897954,83.26452527634267,87.27619934082031,68323.0
2008-02-07,84.78005530448247,88.70258294579817,82.90794184883649,83.35368347167969,127202.0
2008-02-08,87.18705902095687,87.18705902095687,79.2528572406895,80.41178131103516,119779.0
2008-02-11,83.35367176865752,83.57654254878761,76.40010070800781,76.40010070800781,175883.0
2008-02-12,79.34199323374237,80.14432935707543,72.61129333433448,72.70044708251953,590584.0
2008-02-13,73.10161507108698,76.35552978515625,73.10161507108698,76.35552978515625,1190406.0
2008-02-14,78.89627101985204,80.18891906738281,78.89627101985204,80.18891906738281,90741.0
2008-02-15,84.1560109686396,84.20058104538514,77.55903427887661,84.06686401367188,123167.0
2008-02-18,86.47386372091684,88.30140686035156,82.19474197083755,88.30140686035156,627561.0
2008-02-19,91.82276893842338,92.44680445333644,87.81109456732722,90.03980255126953,227909.0
2008-02-20,89.32661492181406,90.0843810914992,85.53781127929688,85.53781127929688,1117276.0
2008-02-21,87.36535318057221,87.72194781915567,81.25869465018476,82.19474792480469,1888047.0
2008-02-22,79.9660439670658,84.69090786318162,78.6733959886924,80.27806854248047,116244.0
2008-02-25,80.23348301015002,84.28973403847603,80.23348301015002,83.7994155883789,279976.0
2008-02-26,82.90792889682353,87.9893798828125,82.90792889682353,87.9893798828125,169030.0
2008-02-27,88.92545102675896,92.40223693847656,88.92545102675896,92.40223693847656,727873.0
2008-02-28,93.15998915830744,95.38869703290813,89.32660889340366,90.66383361816406,72267.0
2008-02-29,88.70258512201997,91.06501714134416,86.16185916977521,86.473876953125,36936.0
2008-03-03,82.15017700195312,85.04749735827855,82.15017700195312,82.15017700195312,70163.0
2008-03-04,82.90792702342777,82.90792702342777,78.04934692382812,78.04934692382812,121374.0
2008-03-05,78.45051481105132,79.83231637206383,74.48341763494669,75.64234161376953,75664.0
2008-03-07,73.1016179519035,73.1016179519035,71.89811706542969,71.89811706542969,556941.0
2008-03-10,68.33218249775284,71.31864958899679,57.54523810771236,67.0395278930664,1547342.0
2008-03-11,66.41550285433546,78.85169160781129,65.96976122444059,72.21014404296875,264512.0
2008-03-12,76.44468096951906,78.27222416809826,68.46590940815994,70.91748809814453,363261.0
2008-03-13,67.30698051842572,68.6442052969375,60.62085662586688,64.89997863769531,226798.0
2008-03-14,66.415494196009,66.8612357677943,62.938708575788375,63.785621643066406,198986.0
2008-03-17,61.95808921252312,68.55506697818085,58.92704463895305,60.085975646972656,6660990.0
2008-03-18,64.14220537057736,64.14220537057736,55.89599021894154,59.37277221679688,384005.0
2008-03-19,61.5123381129032,63.295304435016334,57.94640546867693,59.7739486694336,183161.0
2008-03-24,59.06077117575319,62.31468672158088,58.16928783725125,60.576290130615234,209694.0
2008-03-25,61.06660089249033,70.33802778974781,61.06660089249033,68.55506134033203,366287.0
2008-03-26,65.79146149183623,82.19474658440696,58.92703691584723,65.92517852783203,423640.0
2008-03-27,66.59379900068568,73.0124827655508,65.0782801292263,66.95039367675781,338607.0
2008-03-28,66.05889646704802,77.55902983777145,64.18678331401776,76.08808135986328,287652.0
2008-03-31,74.92916861472142,78.00478305456774,69.62483928612443,70.87291717529297,267463.0
2008-04-01,72.87875199069308,75.77607240622521,71.85354494490167,72.83417510986328,97518.0
2008-04-02,75.46404791122768,76.57840181776832,73.99309939429872,74.88458251953125,132402.0
2008-04-03,75.77606924854112,75.77606924854112,70.51631719922938,71.71981811523438,51598.0
2008-04-04,72.87875563504,74.7954459814558,69.7139873792271,70.15972900390625,64862.0
2008-04-07,71.76439526612938,74.21597398640088,70.2042997168657,73.5027847290039,70551.0
2008-04-08,72.65586927659491,75.3303184524205,71.7643862179864,73.19075775146484,988731.0
2008-04-09,73.14620222929607,77.46989456329943,73.10162534690824,74.92916870117188,128784.0
2008-04-10,76.6675573358481,78.3613768233309,74.4388492737595,75.15203857421875,64759.0
2008-04-11,77.113301091008,78.62881989474897,73.19077343244159,74.21598052978516,148824.0
2008-04-15,72.2101409618413,75.10746143253246,71.98727015640351,73.63651275634766,35701.0
2008-04-16,75.50862294981151,85.76067956385668,74.21597505384877,82.9079360961914,548580.0
2008-04-17,84.60176277821319,87.32078264173816,78.71797461945435,80.09976959228516,207241.0
2008-04-21,82.32846348907638,93.15998458862305,81.92729881191687,84.6908950805664,605180.0
2008-04-22,84.69089829945015,86.83045919573158,83.79941515945595,85.31493377685547,210459.0
2008-04-23,86.02813396077644,86.02813396077644,82.9970895386505,83.62113189697266,69339.0
2008-04-24,84.60175193288774,86.87502987476373,82.9079325948482,83.30909729003906,132934.0
2008-04-25,80.23347857852438,86.02811869808448,80.23347857852438,85.40408325195312,100739.0
2008-04-28,83.26453584469046,90.03980709768622,83.26453584469046,87.14248657226562,319435.0
2008-04-29,87.36534943344077,88.30140946938975,84.33430533769952,85.35951232910156,71599.0
2008-04-30,86.38471157838084,86.47385852584422,80.41177087766881,81.5707015991211,97293.0
2008-05-02,82.90793907104816,86.42929505293729,82.90793907104816,84.02229309082031,131470.0
2008-05-05,85.49323123636177,85.80524896320543,83.35367042139956,84.6908950805664,97698.0
2008-05-06,84.2451568123124,94.94295450276476,81.74900129728287,90.88670349121094,1442954.0
2008-05-07,91.82275950306833,94.18519108358817,85.22578318818368,89.72777557373047,1003756.0
2008-05-08,90.9312850840688,90.9312850840688,85.84983363819691,86.96418762207031,302797.0
2008-05-09,86.47386882583179,91.1987324204113,84.24516086640314,85.44866180419922,302883.0
2008-05-12,83.88856641456047,84.6909026419905,75.77607078493887,82.41761779785156,393033.0
2008-05-13,85.49323123636177,89.50490521386229,83.53196432203127,84.6908950805664,556871.0
2008-05-14,83.08622213065323,85.5823775291781,79.3419958343422,80.36720275878906,414297.0
2008-05-15,81.34784407061707,85.2257947290305,81.12497326494415,84.55718231201172,280753.0
2008-05-16,84.55718119408326,87.36535466873075,83.66569798317784,85.27037048339844,234358.0
2008-05-20,84.69089691675053,90.79755496571566,82.99707761812023,87.27619934082031,606788.0
2008-05-21,85.58239170893324,88.25684144983741,84.78005542636652,85.13665008544922,335597.0
2008-05-22,85.0474839412024,85.58237240846009,82.90792327069572,83.48738861083984,289622.0
2008-05-23,83.79941928002143,85.49323868959384,82.01645291236139,82.9079360961914,272627.0
2008-05-26,82.01645952894604,83.79942604044487,80.67923464532193,83.13081359863281,126758.0
2008-05-27,83.75483165902189,84.0222793004626,80.23347625508364,81.03581237792969,178614.0
2008-05-28,80.23348999023438,81.48156786148901,79.65402453556501,80.23348999023438,131624.0
2008-05-29,80.72380334122207,82.46219279302485,79.78774329703485,80.3226318359375,178250.0
2008-05-30,79.7877458433578,85.136645006041,78.89626264957725,82.68506622314453,152270.0
2008-06-02,83.44283690279804,86.4293046470042,80.27807521622772,80.50094604492188,185988.0
2008-06-03,80.01061574874386,85.04749709767883,75.82064750533355,82.9079360961914,162815.0
2008-06-04,82.1947526864213,84.11144302855057,75.33033440230516,76.75670623779297,198061.0
2008-06-05,77.51446093295552,81.16954746648375,76.75670157898392,80.41178131103516,92613.0
2008-06-06,81.88273183509074,81.88273183509074,79.34200603581239,79.9660415649414,55983.0
2008-06-09,76.93499971837431,77.5590352121341,73.23534323014383,75.50862121582031,1347109.0
2008-06-10,75.86520563302803,78.45050781918262,73.72564496857333,75.41946411132812,314691.0
2008-06-11,75.77607545653092,81.57071652085388,75.77607545653092,80.27806854248047,160421.0
2008-06-12,77.5590376170727,84.20058466943813,76.22181283057145,83.44282531738281,102908.0
2008-06-13,83.79941009323984,85.58237626543644,80.6792192918958,81.83815002441406,207588.0
2008-06-16,83.7548386009795,83.79941547873969,80.2334829051763,81.2586898803711,155268.0
2008-06-17,81.12496804502986,81.79358041902735,79.34200171436986,80.3226318359375,373679.0
2008-06-18,80.67923113905876,83.79942239858036,78.45052309654332,79.20828247070312,145879.0
2008-06-19,78.80710965134325,79.34199816632656,77.60360879226168,77.9156265258789,65699.0
2008-06-20,77.55903442382812,79.3865776107274,71.05120467687026,72.4330062866211,215761.0
2008-06-23,79.34201540440992,79.34201540440992,67.75273225545116,69.31282806396484,122691.0
2008-06-24,68.19846655619347,73.10162428245575,61.51234238401764,63.33988571166992,231340.0
2008-06-25,61.51233900558936,63.51817614707598,60.085967287494256,62.35924530029297,311377.0
2008-06-26,64.18679112748642,67.88644780971335,63.29530791738244,66.99496459960938,139655.0
2008-06-27,64.18678864247907,68.19846293263402,64.18678864247907,67.17325592041016,140867.0
2008-06-30,68.64420565864995,68.64420565864995,59.37277911848495,60.21969223022461,161026.0
2008-07-01,64.09764136843017,65.07827149643728,53.04324868545231,56.38631057739258,445671.0
2008-07-02,58.615029014348565,62.31468619836351,57.94641651608603,61.55692672729492,217891.0
2008-07-03,61.95807878679873,66.77208914635612,59.28362934276425,65.56858825683594,432134.0
2008-07-04,64.85541233146552,66.77210285344705,60.71001348194222,61.55692672729492,235836.0
2008-07-07,64.1867861207828,65.61315778539377,63.42902681159666,64.54338073730469,83325.0
2008-07-08,64.18678030750385,64.94453954806113,61.868925712250295,64.0976333618164,72659.0
2008-07-09,65.07828164214908,67.12869597612301,64.72168695778693,65.47944641113281,49219.0
2008-07-10,64.81083059600677,67.75272808887802,64.81083059600677,67.39613342285156,44642.0
2008-07-11,68.15388536175408,68.15388536175408,65.30114194940165,66.63836669921875,50229.0
2008-07-14,67.31603685070262,74.45424884851028,66.0510361217482,70.97550201416016,195688.0
2008-07-15,70.4785409650334,74.54461063609301,67.76782785099365,70.16229248046875,388190.0
2008-07-16,71.38210653912925,74.04763813975622,71.06585807877173,71.92424774169922,165680.0
2008-07-17,72.7374758720398,74.54461812973022,71.38211917877197,72.28569030761719,105207.0
2008-07-18,71.47246703107275,75.89996645289847,71.47246703107275,74.40907287597656,97678.0
2008-07-21,72.37603921002008,74.04764426185695,71.47246816646502,72.19532775878906,29287.0
2008-07-22,73.18924792938331,75.67406807513397,72.3760326847614,73.09889221191406,57683.0
2008-07-23,74.09282114019162,76.12585586659932,72.73746465591982,74.86085510253906,129015.0
2008-07-24,75.8999676586248,76.71318297656434,70.5237227069522,72.19532775878906,93949.0
2008-07-25,70.4785353497761,80.41781597602657,70.4785353497761,74.09281921386719,116845.0
2008-07-28,74.09282625979006,75.89996836368738,74.09282625979006,75.17710876464844,34280.0
2008-07-29,74.99639098904245,76.44210317153711,73.00853759982473,74.0024642944336,52357.0
2008-07-30,74.09282726343393,80.64371747879852,74.09282726343393,76.08068084716797,323033.0
2008-07-31,77.25532363659256,79.5142512283058,74.54461052653669,77.52639770507812,95445.0
2008-08-01,76.80353490857111,78.881750963577,75.89996390964674,77.93299865722656,70052.0
2008-08-04,79.15282292995686,79.15282292995686,74.58979324472804,76.26139831542969,151465.0
2008-08-05,76.89389202139756,78.61067832916527,75.9903210061198,76.66799926757812,37149.0
2008-08-06,78.61068250950053,78.88175658597886,75.44818378785396,76.1710433959961,55126.0
2008-08-07,75.94514797729424,77.61675300731876,73.18925357293226,75.44818115234375,30200.0
2008-08-08,74.99638802286462,75.89995896289913,74.09281708283011,75.49335479736328,23853.0
2008-08-11,76.71318384230581,77.70711062269326,75.89996851518877,76.26139831542969,31119.0
2008-08-12,75.899974382787,78.06854645817816,75.04158457284285,75.40300750732422,18314.0
2008-08-13,74.09282600105038,75.086752775983,72.73746942786043,74.22836303710938,24260.0
2008-08-14,73.91211211398442,75.99032132152934,72.33086283068512,74.54460906982422,46131.0
2008-08-18,75.80960852900672,75.80960852900672,72.28568023863342,72.6019287109375,27705.0
2008-08-19,72.1049687955167,77.66192494890191,72.1049687955167,72.6019287109375,142086.0
2008-08-20,73.821751964265,74.99639708573851,73.55068478571728,74.18318176269531,24073.0
2008-08-21,74.81568779455155,74.9060435233442,70.93032941316558,71.7887191772461,72992.0
2008-08-22,70.65924379722769,73.14406384870396,70.65924379722769,72.42121124267578,75866.0
2008-08-25,74.09282302978733,79.06246359885843,72.28568100467056,72.55675506591797,18365.0
2008-08-26,71.83390715775217,72.78265963241037,70.47855041892666,70.93033599853516,33894.0
2008-08-27,71.83391053130104,71.83391053130104,69.57498252717208,70.52373504638672,23109.0
2008-08-28,71.83390704933369,71.83390704933369,69.66533489174572,69.93640899658203,11192.0
2008-08-29,72.19534039070192,72.28569613212683,70.02676812799787,70.52373504638672,13372.0
2008-09-01,70.02675460867385,71.33692984064652,68.8521095158226,70.2978286743164,28389.0
2008-09-02,71.38212157814367,72.24051142191948,69.34908646990539,70.93033599853516,101503.0
2008-09-04,72.24049976374019,74.90603838948599,70.20746498359328,72.46639251708984,434444.0
2008-09-05,73.18925236734036,73.3699638132366,70.02675380825775,70.38818359375,26809.0
2008-09-08,72.10496990456338,72.69228555057603,70.0719351165817,70.38818359375,27937.0
2008-09-09,70.47854511363292,70.93033065923312,69.12318847683228,69.62015533447266,41228.0
2008-09-10,70.47853993704256,70.47853993704256,68.6713978873748,69.21353912353516,33265.0
2008-09-11,68.67140684266022,69.12319241399351,61.5783747514677,62.34640884399414,376832.0
2008-09-12,63.20479374342525,64.15354612672306,61.44283291010096,61.488014221191406,113569.0
2008-09-15,61.44282667928304,61.44282667928304,57.37675726668343,60.177825927734375,116584.0
2008-09-16,58.64176536595818,58.73212109659749,56.02140781521607,57.10569381713867,66695.0
2008-09-17,58.64176746480741,58.73212319868064,56.02140982027999,56.29248046875,28590.0
2008-09-18,56.29247591701502,56.29247591701502,49.69640791895949,54.84676361083984,69609.0
2008-09-19,55.16301563906797,59.18390777252564,53.31069555082462,58.4610481262207,47911.0
2008-09-22,62.30122358111748,62.30122358111748,56.47319283774256,58.68693923950195,85915.0
2008-09-23,57.10569264890661,57.55747818656118,54.440157287374674,55.16301345825195,24511.0
2008-09-24,57.82854966964221,57.82854966964221,54.34980235731786,55.07265853881836,21022.0
2008-09-25,55.02747966407723,55.56962092854248,53.80765664875526,54.16908645629883,10173.0
2008-09-26,54.66604873787966,54.8467636379534,47.25676540965655,50.64515686035156,364117.0
2008-09-29,51.5035555211681,51.9553410959152,43.59730796309405,44.771949768066406,232103.0
2008-09-30,41.56426871143047,48.43140738066592,41.1124831819584,48.02480316162109,415052.0
2008-10-01,47.21158900078813,55.07265809794489,46.48873282507432,52.54265975952149,66303.0
2008-10-03,53.31069148670543,54.34979956391511,46.53390867059881,49.696407318115234,188213.0
2008-10-06,51.50354816799256,51.50354816799256,45.35926591802308,48.29587173461914,56196.0
2008-10-07,49.78676625981576,49.78676625981576,43.41659069053211,45.63034057617188,108624.0
2008-10-08,43.32623669966226,45.1785568407635,36.50427530607704,42.78409194946289,70177.0
2008-10-10,42.46784110691237,42.91962665060292,34.83266472917192,36.36873626708984,72874.0
2008-10-13,37.04640967804255,38.71801458965337,33.070696041171274,34.38087463378906,108130.0
2008-10-14,37.046419071756965,41.067311587208025,36.14284787488485,39.84748840332031,399537.0
2008-10-15,38.76319961913545,38.8535553458509,35.329626854347666,36.00730514526367,36436.0
2008-10-16,36.00730600222536,36.00730600222536,31.670165526510463,33.83873748779297,95359.0
2008-10-17,35.23927341533714,36.5946300851578,31.2183812721658,31.579811096191406,356765.0
2008-10-20,33.34177595648052,33.34177595648052,29.094990971300703,30.224454879760746,80957.0
2008-10-21,32.88998989972143,32.9803456323027,30.76659571555891,31.579811096191406,47408.0
2008-10-22,28.91427596205324,31.62498933349573,26.65534815251783,27.64927673339844,125782.0
2008-10-23,26.655345674004625,28.55284520226284,26.20356015410624,27.46855926513672,120933.0
2008-10-24,25.299989953505253,29.81784530234548,24.39641888373721,25.525882720947266,187800.0
2008-10-27,27.1071315405834,27.1071315405834,20.420706105257825,24.034990310668945,312904.0
2008-10-29,26.79088235968788,28.46248921375197,25.61624063706179,27.016775131225582,154249.0
2008-10-31,28.462490993997328,32.43820540047043,27.107134279997453,31.17320442199707,109450.0
2008-11-03,33.432127794682586,36.14284085911631,32.52855677320468,34.109806060791016,65345.0
2008-11-04,35.96212587787065,35.96212587787065,30.40516617742456,32.031593322753906,85596.0
2008-11-05,32.07677644962389,34.742312083399355,30.359989852453136,31.03766822814941,51085.0
2008-11-06,29.81784593131141,30.721417020139032,28.23659652586308,28.823917388916016,57210.0
2008-11-07,28.010703753656177,29.366060386897605,27.558918209242368,28.823917388916016,83668.0
2008-11-10,27.73963239306468,31.173201751708984,27.73963239306468,30.49552345275879,36899.0
2008-11-11,29.81784528493881,30.721416354179382,28.010703146457672,28.91427421569824,27276.0
2008-11-12,29.682310020670908,29.682310020670908,26.881240917274823,27.378204345703125,29089.0
2008-11-14,28.05588007727852,28.733558356666165,24.66748868034029,26.429452896118164,50316.0
2008-11-17,25.435527117508503,27.107134062728456,21.143564224243164,21.143564224243164,449589.0
2008-11-18,21.91159948373909,23.13142083061165,20.10445725827607,22.001956939697266,81811.0
2008-11-19,22.408562142046947,23.40249067683513,20.78213488397542,21.324277877807617,34439.0
2008-11-20,19.33642117867764,21.414635740944576,18.97499308367364,19.69784927368164,138274.0
2008-11-21,20.059279749733832,20.55624318122864,17.89070766176519,18.071422576904297,140400.0
2008-11-24,18.97499128137113,19.42677678807044,17.935884960647698,18.11659812927246,57043.0
2008-11-25,18.97499334698618,19.607493814589105,16.264280011702443,17.07749366760254,127291.0
2008-11-26,17.619634568640382,17.619634568640382,16.264278063360354,16.580528259277344,82824.0
2008-11-27,16.580528259277344,16.580528259277344,16.580528259277344,16.580528259277344,0.0
2008-11-28,16.354635310854064,17.619634355817524,16.264277866908483,17.393741607666016,25320.0
2008-12-01,18.07142225617479,18.34249290064736,17.122673277095664,17.34856605529785,42603.0
2008-12-02,17.16785112346369,17.16785112346369,16.490172789642756,17.07749366760254,25419.0
2008-12-03,17.167851019263903,17.5292791170897,16.17392245767413,16.309457778930664,85651.0
2008-12-04,16.26428068675256,18.4328511003012,16.26428068675256,18.0262451171875,47666.0
2008-12-05,18.83945718326982,19.15570740294306,17.84552866005036,18.749099731445312,48438.0
2008-12-08,19.155707907315808,22.13749183205997,18.974992998908547,19.20088577270508,47042.0
2008-12-10,20.19481413909796,22.4989197215737,18.97499282696518,22.09231376647949,243676.0
2008-12-11,21.68570732824581,23.266956820930403,20.782136189568902,21.91160011291504,177619.0
2008-12-12,20.82731257546612,26.29391860961914,19.517135551646422,26.29391860961914,252216.0
2008-12-15,28.01070432242334,28.82391797419577,26.24873997406215,26.92641830444336,135303.0
2008-12-16,27.55892110043562,27.55892110043562,25.480708067477792,26.38427925109864,178538.0
2008-12-17,27.107132221616943,27.287847125797747,24.8482045364822,24.98373985290528,167428.0
2008-12-18,25.074097186063245,26.88123932559933,23.76391844552956,25.525882720947266,76795.0
2008-12-19,24.848203659057617,25.97766746174205,24.39641813798384,24.848203659057617,50121.0
2008-12-22,25.616241775687023,25.842134557265528,24.57713532511095,24.803028106689453,26134.0
2008-12-23,24.6223149905942,24.6223149905942,22.4085648800514,22.769994735717773,152484.0
2008-12-24,22.95070569222144,23.9446342511032,22.09231417765205,23.3121337890625,52951.0
2008-12-26,24.03499122107668,24.306061857380243,22.589277139465853,23.131420135498047,39370.0
2008-12-29,22.589274065210184,25.480701834927025,22.40855918331857,24.6223087310791,78900.0
2008-12-30,25.02891841444365,25.299989036175543,23.71873972141457,25.119274139404297,44982.0
2008-12-31,25.299989036175543,26.113202624796187,24.757846069286785,25.119274139404297,77672.0
2009-01-02,26.83605973767127,27.016772905961773,25.119273436649426,25.75177383422852,101861.0
2009-01-05,26.20356189205659,27.061955126166417,26.02284698274133,26.97159767150879,160709.0
2009-01-06,27.10713185160737,28.32695312961471,26.203560789887128,26.61016845703125,122154.0
2009-01-07,27.10712970243961,29.18534229025669,25.29998772227697,25.842130661010746,211033.0
2009-01-09,22.679633642618573,26.15838252105036,22.679633642618573,25.61623954772949,89773.0
2009-01-12,25.57105773854484,25.79695048084091,23.086237573288106,23.80909538269043,32353.0
2009-01-13,22.67963727180118,26.02284964931293,22.4085648800514,22.769994735717773,121546.0
2009-01-14,23.71874179179397,24.08016989346009,22.18267020543155,22.498920440673828,92737.0
2009-01-15,22.589277626011743,22.589277626011743,18.974993205849863,20.736957550048828,150637.0
2009-01-16,21.595347578368848,22.58927607014001,20.556241223827406,20.91766929626465,669976.0
2009-01-19,21.68570456468092,22.09231221463867,20.827311402958987,21.77606201171875,125593.0
2009-01-20,21.685705452201496,21.685705452201496,19.47195566458592,19.833385467529297,348592.0
2009-01-21,18.974995134314543,20.601422599314247,18.74910233509652,19.92374420166016,100368.0
2009-01-22,19.92374025649042,20.78213341291561,18.9749913770099,19.426776885986328,225181.0
2009-01-23,19.743028613451425,20.28517161082568,19.336420934564465,19.47195625305176,45834.0
2009-01-27,18.97499129394616,20.736955460611128,18.97499129394616,19.96891975402832,42742.0
2009-01-28,20.330347539865112,20.330347539865112,19.42677653809333,19.74302673339844,50007.0
2009-01-29,20.330350547046343,21.595349791955304,19.833387111933057,21.143564224243164,92652.0
2009-01-30,20.782135895291525,21.36945678242995,20.60142098074501,21.1887435913086,53252.0
2009-02-02,21.595347578368848,21.595347578368848,20.782133984528805,20.91766929626465,51533.0
2009-02-03,21.233919804120937,22.49891893712824,21.14356235388648,21.414634704589844,82961.0
2009-02-04,21.23392114919045,22.498920362329542,20.7821355928247,22.001956939697266,66417.0
2009-02-05,21.32427685321707,22.99588361912174,21.32427685321707,21.45981216430664,213728.0
2009-02-06,22.04713512684163,22.137492584114884,20.782135895291525,21.1887435913086,185819.0
2009-02-09,21.68570709228516,22.49892076356081,21.008028745651245,21.68570709228516,338838.0
2009-02-10,22.49891985608801,22.49891985608801,21.41463557926244,21.5501708984375,294109.0
2009-02-11,21.459811900524382,22.047132723643216,20.82731149198105,21.23391914367676,177535.0
2009-02-12,21.23391914367676,21.91159741421963,21.188741281677217,21.23391914367676,149775.0
2009-02-13,21.64052822298032,22.227849084844227,21.279098409440923,22.09231376647949,58932.0
2009-02-16,22.453740504788083,22.453740504788083,21.233919266093466,21.73088264465332,45972.0
2009-02-17,21.23391950593161,21.550169715598567,20.60141908659769,20.91766929626465,50911.0
2009-02-18,20.736958167082,21.143564142393803,20.33035046834503,20.37552833557129,115289.0
2009-02-19,20.601417748973613,21.55016831637331,20.23998970000344,21.36945343017578,70343.0
2009-02-20,21.18874082682339,21.23391868785311,19.788204730378126,20.239990234375,82465.0
2009-02-24,20.239992616119142,20.330350072236328,18.43285038747592,19.15570831298828,64792.0
2009-02-25,19.878563072149635,20.33034859651667,19.336420098224192,19.60749244689941,194402.0
2009-02-26,19.426777288733803,19.74302749625865,18.97499177039116,19.38159942626953,109171.0
2009-02-27,19.15570626997045,19.83338453343509,18.9749913770099,19.426776885986328,24204.0
2009-03-02,18.974991885098543,20.239990999420115,18.478028501287387,19.878562927246094,46882.0
2009-03-03,19.74302708695481,19.74302708695481,19.065348823490176,19.426776885986328,37207.0
2009-03-04,19.24606326279226,20.69177733158336,19.065350081334035,19.517135620117188,85446.0
2009-03-05,20.285170805617405,20.420706118724706,18.613564014827386,18.79427719116211,37351.0
2009-03-06,18.568387122875293,19.38160256638537,18.16178112454552,18.70392417907715,45880.0
2009-03-09,19.06534849890769,19.33641911030866,18.07142005139593,18.16177749633789,47208.0
2009-03-12,18.88463684755348,19.56231521569601,16.987137072069352,17.213029861450195,131117.0
2009-03-13,17.981065119334744,18.70392305646601,17.438922097342584,18.071422576904297,430911.0
2009-03-16,18.794278425452934,20.782135559660027,18.16177968160531,20.19481468200684,194477.0
2009-03-17,20.87249499243105,20.87249499243105,19.06535259868681,19.92374420166016,232013.0
2009-03-18,20.556243663363983,20.73695858274166,20.01410062865616,20.33035087585449,41914.0
2009-03-19,20.78213860856688,20.78213860856688,19.562317084683315,20.059282302856445,68797.0
2009-03-20,19.87856380348229,20.511064250235847,19.60749316825937,20.01409912109375,82524.0
2009-03-23,19.69784842416289,21.5049905446705,19.69784842416289,20.87249183654785,186822.0
2009-03-24,22.408560554540284,22.408560554540284,20.917668719690923,22.04713249206543,520187.0
2009-03-25,21.866419525940767,24.848203223375886,21.73088249325511,23.85427474975586,771227.0
2009-03-26,24.35124078207923,24.57713354731772,23.49284758480296,24.260883331298828,249450.0
2009-03-27,24.39641961227997,25.932491166126898,23.673563424249124,24.893383026123047,339416.0
2009-03-30,24.803027114332487,25.299990524551863,23.538026209364823,23.89945602416992,85163.0
2009-03-31,24.351240887146755,24.93856173461592,23.809097903550207,24.75784683227539,86772.0
2009-04-01,25.66141571680848,25.88730846382867,24.441594538214485,25.57105827331543,312431.0
2009-04-02,26.203560016284904,27.10713105132921,25.571059602383897,25.9324893951416,226985.0
2009-04-06,25.9324916981728,28.869097822863008,25.9324916981728,27.15231132507324,167339.0
2009-04-08,25.345167450203963,28.823916363065788,25.29998958674051,27.920345306396484,144654.0
2009-04-09,30.540700562301527,32.88998734207856,28.552845301869027,29.0498104095459,327024.0
2009-04-13,31.17320483063575,31.444275487619024,29.95338515078582,31.12802696228028,222819.0
2009-04-15,29.817841382113865,33.97426637785049,29.320878048448563,32.34783935546875,521479.0
2009-04-16,33.43213430205678,34.245349758414605,29.817849512645235,30.13409805297852,270461.0
2009-04-17,30.2696326748169,31.76052640918233,29.00463172160682,29.72749137878418,65382.0
2009-04-20,29.81784341924113,31.760522475295275,29.727487696710654,30.99248504638672,138767.0
2009-04-21,30.49552690633257,32.528562033421416,29.004633101060577,31.03766822814941,115519.0
2009-04-22,32.21231082870999,33.07070060916734,31.35391760140247,32.16712951660156,167041.0
2009-04-23,33.88391086747712,35.23926730217621,32.75444717189455,34.47123336791992,294220.0
2009-04-24,34.697128554372874,37.31748244483938,34.3356987675534,35.69105529785156,381357.0
2009-04-27,36.14283769253823,36.95605291936018,33.52248058108937,33.974266052246094,119949.0
2009-04-28,33.74837651986822,34.33569906685707,31.08284474452637,31.444271087646484,93966.0
2009-04-29,31.67016260147128,32.076770237513955,30.76659160886525,31.624984741210938,177333.0
2009-04-30,31.579811096191406,31.579811096191406,31.579811096191406,31.579811096191406,0.0
2009-05-04,32.52856071082552,32.88999054190815,30.81177418345848,31.218381881713867,192795.0
2009-05-05,31.62498708347752,33.43212920253338,31.62498708347752,32.88998794555664,144514.0
2009-05-06,33.341775456328314,33.56766823463176,30.811773581849547,31.579811096191406,105490.0
2009-05-07,32.52856283419436,34.742312938669365,32.21231429649102,34.29052734375,161521.0
2009-05-08,35.781413858314544,38.582486311143576,35.781413858314544,37.36266326904297,454029.0
2009-05-11,37.99516321281609,39.30534196777874,35.96212828344822,36.9108772277832,271869.0
2009-05-12,36.82051907310003,37.04641182814972,34.3356987675534,35.69105529785156,279499.0
2009-05-13,36.142840937026826,37.76926808982305,35.73623328711529,36.188018798828125,334811.0
2009-05-14,33.612842111796155,37.81444522148952,33.612842111796155,36.82051849365234,168001.0
2009-05-15,37.272304490555165,40.16373243737427,37.04641173606695,38.853553771972656,401491.0
2009-05-18,45.13338088989258,45.13338088989258,45.13338088989258,45.13338088989258,260.0
2009-05-19,44.27498452384393,49.65123333396646,36.323559421176704,44.00391387939453,351692.0
2009-05-20,44.003912661525256,50.55480304752373,44.003912661525256,49.33498001098633,504119.0
2009-05-21,50.64515747426273,57.73819239847477,50.59997961040917,51.59390640258789,820522.0
2009-05-22,51.59390542792792,53.31069179673218,46.9856944649165,49.15426635742188,395254.0
2009-05-25,50.59998163841116,52.99444643396891,49.51569562821802,51.32283782958984,187036.0
2009-05-26,52.31676537747112,53.76247768436099,48.9283739267761,50.64515686035156,252248.0
2009-05-27,52.40712304823969,52.54266009003555,48.52176806334367,49.38016128540039,110255.0
2009-05-28,50.50962357371748,50.50962357371748,47.61819549572622,48.02480316162109,131825.0
2009-05-29,49.65122945537785,50.59997836026278,48.47658778995604,49.696407318115234,163675.0
2009-06-01,49.696409281570304,51.955336976187134,48.16033775986083,48.92837524414063,393429.0
2009-06-02,49.606054806396735,51.95533828944003,48.74766157137508,51.32283782958984,614333.0
2009-06-03,53.22033684309109,53.85283382797175,51.322835547898926,52.67819213867188,764609.0
2009-06-04,51.503549432718565,56.47319016745456,50.41926349213344,51.77462005615234,1733480.0
2009-06-05,53.08479523873544,54.03354408129182,49.651226193514844,50.14818954467773,293429.0
2009-06-08,50.554795058518266,51.50354386133075,45.67551057712603,46.1724739074707,206234.0
2009-06-09,46.08212361899177,48.61212187340955,41.97087602470663,48.06998062133789,191826.0
2009-06-10,48.88319965514724,52.90409211163008,48.88319965514724,52.76855850219727,1326912.0
2009-06-11,53.5365905172086,54.214268878185926,50.05784297626517,53.03962707519531,961976.0
2009-06-12,54.12390969107147,54.12390969107147,49.7415878347342,50.37408828735352,369310.0
2009-06-15,50.59998146755717,53.31069476046201,49.87712527881924,50.32891082763672,188015.0
2009-06-16,49.018734777359775,53.40105346627298,48.5669492033749,53.03962707519531,234060.0
2009-06-17,53.67212159443308,54.84676326668599,47.7537284764684,49.15426635742188,433137.0
2009-06-18,49.154265917563954,50.50962247653888,45.81105238272247,47.12123107910156,204830.0
2009-06-19,47.43747365830475,49.83193799313042,45.178546341242615,48.431400299072266,475550.0
2009-06-22,49.51569012393003,49.51569012393003,46.62426223378342,47.39229965209961,113370.0
2009-06-23,46.80498261418816,48.74766187135779,45.63034086543802,47.66337585449219,136793.0
2009-06-24,49.15426861320648,49.60605415764091,44.45569826171833,44.68159103393555,1047549.0
2009-06-25,46.4887342250197,46.4887342250197,45.22373329428914,45.58516311645508,169591.0
2009-06-26,46.08212562561035,46.44355544062972,44.32016130937875,45.17855453491211,109567.0
2009-06-29,46.308015883839246,46.44355291882462,44.81712228640004,45.49480056762695,73608.0
2009-06-30,45.72069581059098,46.66944821330428,44.907483897072666,45.17855453491211,137798.0
2009-07-01,45.08819871329657,45.17855444344339,43.50694930777605,44.68159103393555,52336.0
2009-07-02,45.17855462002617,45.17855462002617,42.87444902377487,43.100341796875,100373.0
2009-07-03,43.100341144276754,44.95266116628113,42.46784069980328,44.22980499267578,61012.0
2009-07-06,45.0881982642136,45.0881982642136,41.69980671470407,42.15159225463867,77649.0
2009-07-07,44.72677073117089,44.72677073117089,41.56427179058305,42.37748718261719,26959.0
2009-07-08,42.4678426584808,43.2810580455748,38.04034278981396,40.34445190429688,63173.0
2009-07-09,41.56426870798492,41.74498360912877,38.94391125852411,39.12462615966797,138718.0
2009-07-10,39.03426926160053,39.57641050191931,36.41391189074322,37.72409057617188,339903.0
2009-07-13,36.32355815241719,37.04641432798342,33.92909340857577,34.832664489746094,110586.0
2009-07-14,36.8657013675147,36.9108792345869,35.28445189203558,36.142845153808594,104566.0
2009-07-15,36.32355684847979,39.26016275686553,36.32355684847979,39.21498489379883,263071.0
2009-07-16,41.1572351228964,42.45207089757083,39.44620541106716,40.78728103637695,839482.0
2009-07-17,42.35957738971919,42.35957738971919,39.954886594690414,41.11098861694336,153235.0
2009-07-20,42.54456083653337,42.54456083653337,40.13986967876948,40.92601776123047,147582.0
2009-07-21,40.92601896587171,45.04174361270117,40.2323576274671,43.931884765625,492078.0
2009-07-22,45.22671619871598,47.353943386975885,43.56192632880993,44.62554168701172,271348.0
2009-07-23,44.625544351549,46.56779461155058,44.625544351549,46.01286697387695,130907.0
2009-07-24,46.01286175565583,49.85112198673174,44.81051632495583,48.8799934387207,842620.0
2009-07-27,49.43492379174674,49.98985135806974,45.781640650380616,46.75276565551758,451293.0
2009-07-28,47.16896237510007,49.75863019202591,46.70652156750105,49.1574592590332,314242.0
2009-07-29,48.97248414426008,50.59102703411098,45.31920091582507,47.400184631347656,518299.0
2009-07-30,48.04760336294683,49.01872840881347,45.596665531248725,46.244083404541016,357651.0
2009-07-31,47.07647471749775,48.46379711355592,46.24407986860554,46.79900741577149,423615.0
2009-08-03,46.93774825502647,50.22107772290202,46.01286651601117,49.29619598388672,426119.0
2009-08-04,49.851116889566654,50.40604440756702,47.261445730516606,48.69501495361328,217807.0
2009-08-05,48.695021309434246,49.71238973460596,47.72389273396429,48.27882385253906,206337.0
2009-08-06,47.90886736345672,49.388680077071264,46.70652195924349,47.21520614624024,367835.0
2009-08-07,46.24408634421574,47.72389569597312,44.85676375388926,45.36544799804688,214019.0
2009-08-10,46.70652564018547,47.446430291232936,42.08211716095919,43.60817337036133,130828.0
2009-08-11,44.39432217212433,44.995496696129344,43.238220032225264,43.46944046020508,122608.0
2009-08-12,43.46943680870342,43.65441384117765,41.20347609921679,43.23821640014648,184924.0
2009-08-13,44.39432113461929,51.88586141482884,44.39432113461929,48.92624282836914,1630003.0
2009-08-14,49.57366091010876,53.45816500659087,49.20371032310431,51.74713516235352,2499317.0
2009-08-17,50.40605516911298,51.747134406764026,47.44643287557299,48.047607421875,719774.0
2009-08-18,48.32506092285095,49.481162858804325,47.261445730516606,48.69501495361328,321150.0
2009-08-19,49.1112133330752,50.63726943977793,46.89149952931346,47.770137786865234,272446.0
2009-08-20,49.24994741953336,49.24994741953336,47.77013820410054,48.09384536743164,156041.0
2009-08-21,48.87999632537844,52.02459550966453,48.3713120971349,51.2846908569336,864635.0
2009-08-24,51.97835739276523,52.25582122461225,50.08235042564262,50.45230102539063,304141.0
2009-08-25,49.94361715034277,52.024601198273714,49.29619918535766,49.98986053466797,371903.0
2009-08-26,51.05347384255828,54.10558294402854,51.00723046020072,51.74713516235352,1411968.0
2009-08-27,51.79337974536598,52.44079769781186,49.85112941617236,50.35981369018555,386497.0
2009-08-28,50.91474455379787,52.25582392656874,49.712398868195926,51.0534782409668,388339.0
2009-08-31,50.77600589663827,51.33093349615,49.94361096922703,50.17483139038086,344765.0
2009-09-01,50.40605982842805,54.29056422725685,50.08235259858573,50.4985466003418,928689.0
2009-09-02,50.31356801368985,51.42342327799314,49.06497554913289,49.29619598388672,258269.0
2009-09-03,49.52741942986924,52.903239393779856,49.52741942986924,52.024600982666016,1154675.0
2009-09-04,52.810741940913125,54.66050528074397,51.51590971991768,52.11708068847656,756541.0
2009-09-07,52.625772953952726,52.94948015499647,51.56215753084808,52.4407958984375,437654.0
2009-09-08,52.62577381745476,58.54501499405982,52.62577381745476,56.69525146484375,3936386.0
2009-09-09,57.71262612315798,66.59149005219271,57.25018522001776,62.70698928833008,10081360.0
2009-09-10,63.81684275016657,66.12904719763638,60.20980240085608,61.180931091308594,3001993.0
2009-09-11,61.967092720963386,64.74173866369308,59.37742035189985,64.14056396484375,2161600.0
2009-09-14,63.81683721848572,71.07715714295452,61.504632971439136,69.68983459472656,6188577.0
2009-09-15,71.21589336500934,74.22175899405194,69.92105752893346,71.30838012695312,3814250.0
2009-09-16,72.14077367170397,72.51072776845739,68.02505286807688,69.08866119384766,1277488.0
2009-09-17,70.56848171945258,70.56848171945258,66.77646082570085,67.28514862060547,732383.0
2009-09-18,67.65509599819403,67.65509599819403,63.72434887591815,64.32552337646484,783649.0
2009-09-22,64.74172830807747,69.36613747294014,63.81684647510493,67.70134735107422,892712.0
2009-09-23,68.44124788598823,68.626221409111,64.78796788215661,65.3428955078125,422580.0
2009-09-24,65.34290075939288,65.34290075939288,62.3370349011984,63.72435760498047,741505.0
2009-09-25,63.35439036137568,65.43537398638436,62.475755653331134,63.539363861083984,447744.0
2009-09-29,63.81683841281467,66.08279579481265,61.5046341224953,62.42951583862305,650155.0
2009-09-30,63.7243516524594,63.7243516524594,61.04219326443143,62.42951583862305,862787.0
2009-10-01,62.75323034877617,65.20416859369764,60.57975947357725,64.23303985595703,1833473.0
2009-10-05,63.724352812846384,63.81683957488579,61.13468113801712,61.82834243774414,815754.0
2009-10-06,62.42952202417297,62.79947615853682,58.822481562629775,61.2271728515625,569128.0
2009-10-07,62.429516227784376,64.64923377158533,61.68960802775488,62.75322341918945,979442.0
2009-10-08,63.539370192513296,64.74171922928645,61.96707411945988,64.37176513671875,596390.0
2009-10-09,64.92670701655587,65.11168763163714,63.5856310745892,64.18680572509766,518203.0
2009-10-12,64.74171975079705,64.74171975079705,62.013321526671305,62.8919563293457,413064.0
2009-10-13,63.12317657470703,63.12317657470703,63.12317657470703,63.12317657470703,0.0
2009-10-14,63.35440037614208,69.18115826974766,62.89195949748411,68.21002960205078,1864690.0
2009-10-15,69.36612631145276,72.00203770003051,66.59148125899466,70.29100799560547,1433788.0
2009-10-16,70.56848421662377,70.56848421662377,68.11754603348689,68.90369415283203,455336.0
2009-10-20,68.7649549903562,72.09452779625819,68.25627427428493,70.98467254638672,1266883.0
2009-10-21,71.26215379299803,72.37200925944518,68.5799948500803,69.22740936279297,838489.0
2009-10-22,69.1349109826891,69.55110494869855,66.59148616392797,67.10017395019531,934205.0
2009-10-23,67.74759193177462,68.90369418317009,64.64923930929238,65.2966537475586,288666.0
2009-10-26,65.66660670230263,67.79383762925863,62.98444811588056,65.8978271484375,334115.0
2009-10-27,65.20416297874452,66.45275192239912,58.729990768089046,61.68960952758789,542274.0
2009-10-28,62.05956383461752,64.51050187630082,58.40628375517722,59.88609313964844,1076465.0
2009-10-29,59.6548722174166,59.6548722174166,54.56802264848961,57.75886535644531,598503.0
2009-10-30,60.99594771820153,61.31966197110506,55.770368022274354,57.99008560180664,341164.0
2009-11-03,57.34266532706064,59.09994196608287,54.56802023058996,56.14031982421875,596658.0
2009-11-04,57.38891125290493,59.09994458853882,56.880227001608745,58.545013427734375,161931.0
2009-11-05,59.00745353138159,59.00745353138159,57.43515388840303,58.68374633789063,95207.0
2009-11-06,59.97858005921401,69.36613123030635,59.33116565691292,65.85157775878906,675321.0
2009-11-09,66.54524111453092,68.76495879332029,63.81684269153833,67.93256378173828,471284.0
2009-11-10,68.90369053079624,69.36613140684186,65.29665028638291,68.67247009277344,383921.0
2009-11-11,68.9036865619882,70.29100911021615,67.10017007180682,69.68983459472656,403952.0
2009-11-12,69.36613102505429,70.47598629894006,67.05392665755248,67.56261444091797,211577.0
2009-11-13,67.88632201475345,71.21589491102431,67.88632201475345,68.67247009277344,600860.0
2009-11-16,69.36612885573815,69.73608295422626,66.68397046205877,67.05392456054688,177655.0
2009-11-17,67.51636400353651,67.6088507621469,65.20415975684006,65.62035369873047,364641.0
2009-11-18,65.3891453804008,69.36614024354627,65.2041718289335,68.85745239257812,677890.0
2009-11-19,68.85743513147568,70.19851774044308,66.63772484514756,68.0250473022461,273837.0
2009-11-20,68.02505318704222,68.44124713766163,65.89782241295124,67.05392456054688,130725.0
2009-11-23,67.70133745437872,68.67246605955403,67.51636393733932,68.11753845214844,135293.0
2009-11-24,68.7649612308312,73.52810396833979,67.60885896717807,71.58585357666016,1359937.0
2009-11-25,72.14077884691294,73.06566062700156,68.85744570508311,69.18115997314453,403110.0
2009-11-26,69.08866524565293,69.82857348255276,66.40651376353884,67.28514862060547,212365.0
2009-11-27,67.05392821991039,67.05392821991039,63.1694276145135,65.71285247802734,265550.0
2009-11-30,67.51637020271077,68.90369287810894,66.40651488490745,67.47012329101562,181044.0
2009-12-01,67.8863255833096,70.1060433162692,67.51637145176831,68.90369415283203,160802.0
2009-12-02,68.90368828291791,71.95580078776352,68.44124742195874,70.66096496582031,562189.0
2009-12-03,71.4933639611934,75.37786458993887,69.59735350175337,71.21589660644531,1630140.0
2009-12-04,71.12340621669254,72.55696865975256,70.38349801258651,70.98467254638672,215578.0
2009-12-07,70.70719740430346,71.77081268424415,68.81119430694439,69.41236877441406,177099.0
2009-12-08,66.96143329850779,70.29100584849488,64.92668942175281,69.78231811523438,221101.0
2009-12-09,68.44124927099418,72.78819065893411,68.44124927099418,69.92105865478516,334265.0
2009-12-10,69.366138927513,71.63209664329635,69.366138927513,70.2447738647461,168242.0
2009-12-11,71.77082019017809,71.77082019017809,68.90368826426484,69.87481689453125,261936.0
2009-12-14,70.47599327946507,70.56848710835669,68.90369697634571,69.27365112304688,110227.0
2009-12-15,69.92105906086681,70.19852640906495,65.80533808575026,67.10017395019531,227908.0
2009-12-16,65.2041576443769,69.82856598794973,65.2041576443769,67.60884857177734,103154.0
2009-12-17,67.70134768607063,71.4008750362666,67.56262105546904,70.05979919433594,383026.0
2009-12-18,70.56848844490095,71.12341614731861,67.56262241249266,67.8863296508789,141703.0
2009-12-21,68.39500353865047,68.811204565696,66.68397368867537,66.96144104003906,109533.0
2009-12-22,67.28515187010476,69.3661359485616,66.26778328745017,67.19266510009766,155269.0
2009-12-23,67.28514829648154,75.10039637575703,66.5914869738374,73.71307373046875,4596307.0
2009-12-24,74.8229315283828,76.07152042192283,70.56847708625615,71.26213836669922,2316747.0
2009-12-29,72.97316603935371,73.11189970275584,70.75344859378156,72.32574462890625,508068.0
2009-12-30,72.78818082455687,74.54545731750973,70.61471042424348,73.48184204101562,1181024.0
2009-12-31,73.99054202914628,78.01377634072352,72.32575201097531,74.03678894042969,2645659.0
2010-01-04,75.28537502229271,76.3027435246978,69.92105810955645,75.23912811279297,1554662.0
2010-01-05,75.88654658190292,78.98489887684836,75.10039148903047,77.3663558959961,1860449.0
2010-01-06,77.73632354550948,81.29711731311583,77.73632354550948,79.21613311767578,1407247.0
2010-01-07,79.53982468599264,82.1757360695617,78.84616342419619,79.67855834960938,1800636.0
2010-01-08,80.69592730031026,85.96775010085287,79.90977927655038,84.85789489746094,2891349.0
2010-01-11,84.81163941155691,86.10647505539548,79.16986309513881,82.49943542480469,2489440.0
2010-01-12,81.38959952831975,83.79429083039882,79.53983590267612,79.9097900390625,1109006.0
2010-01-13,79.63231472163845,82.45320679160217,79.53982796084847,81.15837097167969,763149.0
2010-01-14,82.36070883062882,83.23934352308004,78.89240285050049,82.49943542480469,2193521.0
2010-01-15,84.16422951313311,84.76540399234146,79.86352846191892,83.51681518554688,2912992.0
2010-01-18,83.0543827153883,84.99663294973249,81.62081320207197,84.16423797607422,1002596.0
2010-01-19,84.16423506457826,85.50531071287251,76.21025382138109,83.00813293457031,1157917.0
2010-01-20,83.23935336057191,84.44170239829513,81.52832361941763,83.00813293457031,815213.0
2010-01-21,82.03700504500262,85.27409103752022,81.29710390905679,82.083251953125,1304065.0
2010-01-22,80.92715360985106,81.38959448762164,76.76518570991585,79.03114318847656,779532.0
2010-01-25,79.07738856318855,79.53982943197911,77.18137817863212,77.73631286621094,316617.0
2010-01-27,76.76518359401068,78.61494705410732,72.14077494376907,73.8055648803711,753270.0
2010-01-28,73.80555660606164,75.74780661016077,73.6205760470175,74.73043823242188,516409.0
2010-01-29,73.99053445840966,75.74781106305434,70.42974139885615,74.82292938232422,613766.0
2010-02-01,74.91541841422008,76.02527364228615,74.08302346502681,74.40673065185547,198779.0
2010-02-02,75.65532912942757,76.44147719690935,73.99053917546455,75.23912811279297,350271.0
2010-02-03,76.58021905452244,78.61495627681886,74.5454747759376,76.81143951416016,245283.0
2010-02-04,76.1640135109408,77.50509633168615,74.73045097932919,75.47035217285156,265358.0
2010-02-05,72.2332545602108,73.99053108473053,64.74171469913921,73.3431167602539,268997.0
2010-02-08,74.82292462660794,75.23911853396848,72.92691447910597,73.48184204101562,433385.0
2010-02-09,74.8691607386095,74.8691607386095,72.14076291250991,73.25061798095703,848612.0
2010-02-10,73.85179901123047,74.77668066962106,73.0656510128559,73.85179901123047,368361.0
2010-02-11,74.08302631396218,74.45298042297364,73.38936500567361,73.99053955078125,264110.0
2010-02-15,74.08302799302459,78.15250917180828,73.52810034507407,75.74781799316406,853291.0
2010-02-16,75.56282680587178,76.39522168916768,74.03677775216399,74.59170532226562,133392.0
2010-02-17,75.79405594646488,79.95602378612821,74.91542111393993,78.8461685180664,429018.0
2010-02-18,79.49357928803423,82.68442538662799,78.15250364562426,79.40109252929688,675138.0
2010-02-19,79.49357783123476,83.23935146989494,76.85766644594554,80.46470642089844,1457664.0
2010-02-22,81.3895862799781,81.85202711111434,78.61494129316067,79.49357604980469,292001.0
2010-02-23,79.26235961914062,80.27973514381844,77.2276226823599,79.26235961914062,142848.0
2010-02-24,452.1000061035156,467.0,412.4500122070313,456.2000122070313,25101888.0
2010-02-25,459.8999938964844,471.8999938964844,443.3500061035156,450.5499877929688,4774507.0
2010-02-26,446.6000061035156,468.7000122070313,423.1000061035156,439.3999938964844,1413376.0
2010-03-02,435.0,455.0,411.0,447.2000122070313,1551492.0
2010-03-03,455.0,461.0,442.5,447.2999877929688,532599.0
2010-03-04,454.6499938964844,460.0,444.0499877929688,457.8500061035156,460088.0
2010-03-05,460.0,467.8999938964844,435.1000061035156,439.3500061035156,570153.0
2010-03-08,450.0,460.7000122070313,437.0,457.3500061035156,588952.0
2010-03-09,454.0,474.0,454.0,468.6000061035156,1292675.0
2010-03-10,475.8999938964844,475.8999938964844,425.5,466.3999938964844,575971.0
2010-03-11,467.0499877929688,468.8999938964844,452.25,460.6499938964844,178488.0
2010-03-12,464.0,470.0,459.25,465.2000122070313,273198.0
2010-03-15,469.0,473.0,455.0,455.25,78056.0
2010-03-16,459.7000122070313,463.0,455.0,455.75,40975.0
2010-03-17,457.3999938964844,462.6000061035156,455.0,455.2999877929688,53174.0
2010-03-18,458.0,459.5,455.0,455.25,15746.0
2010-03-19,458.6000061035156,467.0,445.1499938964844,457.5499877929688,240950.0
2010-03-22,449.8999938964844,461.0,443.25,452.1499938964844,98074.0
2010-03-23,452.0,461.0,449.2000122070313,454.2000122070313,33786.0
2010-03-25,455.5,455.5,449.0,450.2000122070313,45966.0
2010-03-26,450.7999877929688,455.0,449.5,452.0,49553.0
2010-03-29,453.8500061035156,453.8500061035156,450.8999938964844,450.8999938964844,82973.0
2010-03-30,464.8999938964844,464.8999938964844,447.0,450.1499938964844,209576.0
2010-03-31,453.8500061035156,457.5,450.0,453.8500061035156,18034.0
2010-04-01,455.0,458.0,451.5,455.0499877929688,6002.0
2010-04-05,459.8999938964844,459.8999938964844,447.0,448.2999877929688,15929.0
2010-04-06,450.0,454.8999938964844,447.7999877929688,451.6499938964844,15234.0
2010-04-07,453.8999938964844,457.0,450.0,455.4500122070313,19090.0
2010-04-08,450.0499877929688,474.5,450.0499877929688,455.5499877929688,80842.0
2010-04-09,459.0,464.0,455.5,460.5499877929688,22120.0
2010-04-12,457.0499877929688,469.9500122070313,455.0,459.7999877929688,30027.0
2010-04-13,462.5,465.0,450.25,451.7000122070313,6858.0
2010-04-15,456.0,461.8999938964844,450.0,450.3999938964844,27902.0
2010-04-16,457.0,458.0,450.0,454.0,18719.0
2010-04-19,450.0499877929688,452.0,440.7000122070313,445.7999877929688,12260.0
2010-04-20,452.0,456.2999877929688,445.0,453.5,9212.0
2010-04-21,455.9500122070313,456.0,450.2000122070313,453.2999877929688,16220.0
2010-04-22,456.0,456.0,450.0,450.5,15587.0
2010-04-23,459.7999877929688,459.7999877929688,447.0,450.2999877929688,21251.0
2010-04-26,452.0,455.0,451.0,454.0499877929688,29607.0
2010-04-27,458.0,460.0,439.25,443.2999877929688,40614.0
2010-04-28,440.0,444.5,429.0,438.75,41130.0
2010-04-29,439.9500122070313,439.9500122070313,432.0,435.6000061035156,29373.0
2010-04-30,437.1000061035156,438.0,433.0,434.7999877929688,41832.0
2010-05-03,435.0,445.0,431.0,433.1000061035156,25227.0
2010-05-04,434.0,437.5,434.0,434.75,11761.0
2010-05-05,426.0,437.9500122070313,420.2999877929688,431.6499938964844,28710.0
2010-05-06,430.0,439.0,426.1499938964844,430.7000122070313,40367.0
2010-05-07,437.0,437.0,416.25,427.0,15922.0
2010-05-10,425.0,425.0,416.25,419.6000061035156,24211.0
2010-05-11,420.0,435.0,420.0,430.5,14555.0
2010-05-12,415.0,432.8999938964844,415.0,417.2000122070313,85656.0
2010-05-13,422.0,422.0,415.25,417.7000122070313,109339.0
2010-05-14,418.0,418.7999877929688,400.0,409.75,30343.0
2010-05-17,400.0,429.8999938964844,392.0,418.7000122070313,47927.0
2010-05-18,419.0,419.0,410.0,415.1499938964844,18820.0
2010-05-19,410.0,415.0,400.0,409.0499877929688,20752.0
2010-05-20,405.0,419.0,405.0,410.6000061035156,18699.0
2010-05-21,400.0,405.0,392.8500061035156,398.5,50300.0
2010-05-24,410.0,410.0,390.6000061035156,397.5499877929688,39042.0
2010-05-25,395.0,399.7000122070313,385.25,392.0,38155.0
2010-05-26,388.0,399.7000122070313,385.0,389.4500122070313,36178.0
2010-05-27,391.0,395.0,387.25,393.8999938964844,21164.0
2010-05-28,392.0,419.3999938964844,390.0,412.5499877929688,32489.0
2010-05-31,404.8999938964844,420.0,404.8999938964844,411.5,21465.0
2010-06-01,409.8999938964844,409.8999938964844,393.0499877929688,399.1000061035156,20270.0
2010-06-02,406.7999877929688,406.7999877929688,396.0,401.0,23553.0
2010-06-03,405.0,409.7999877929688,395.2000122070313,401.5,33897.0
2010-06-04,405.0,415.25,399.2999877929688,402.1000061035156,29341.0
2010-06-07,404.0,404.75,396.0,400.0,20500.0
2010-06-08,395.0,404.7000122070313,386.0,396.1000061035156,40544.0
2010-06-09,399.7000122070313,399.7000122070313,388.0,392.5499877929688,22722.0
2010-06-10,391.3500061035156,397.2000122070313,388.25,392.6499938964844,55512.0
2010-06-11,400.0,424.0,391.2000122070313,397.7999877929688,158561.0
2010-06-14,397.8999938964844,397.8999938964844,381.6499938964844,392.7999877929688,61578.0
2010-06-15,387.5,395.0499877929688,384.0,392.5499877929688,74973.0
2010-06-16,394.2000122070313,396.8999938964844,385.2000122070313,390.1000061035156,32611.0
2010-06-17,392.2000122070313,392.2000122070313,382.1000061035156,386.8500061035156,67548.0
2010-06-18,386.5,386.7000122070313,374.2999877929688,380.0,67101.0
2010-06-21,373.0,385.0,370.1000061035156,373.3999938964844,71072.0
2010-06-22,374.9500122070313,396.9500122070313,367.0,382.5,102862.0
2010-06-23,378.0,387.7999877929688,376.0,378.4500122070313,32388.0
2010-06-24,380.0,383.8500061035156,376.0,378.9500122070313,25383.0
2010-06-25,384.0,384.0,370.2999877929688,372.5499877929688,27296.0
2010-06-28,379.8999938964844,379.8999938964844,368.0,369.7000122070313,43288.0
2010-06-29,373.5,395.0,369.0,384.8500061035156,70677.0
2010-06-30,380.5,384.0,372.3999938964844,375.6000061035156,24920.0
2010-07-01,379.7999877929688,381.0,372.1000061035156,375.2000122070313,22960.0
2010-07-02,380.0,381.0,372.25,377.8999938964844,72337.0
2010-07-05,378.0,378.3999938964844,368.0,371.0,32964.0
2010-07-06,372.5,374.5,370.0,372.3999938964844,19740.0
2010-07-07,371.0,374.5,361.8999938964844,367.3999938964844,61627.0
2010-07-08,373.0,376.4500122070313,356.95001220703125,361.1000061035156,61821.0
2010-07-09,364.5,380.0,355.0,376.2999877929688,148526.0
2010-07-12,375.0,381.8500061035156,372.25,375.8999938964844,39313.0
2010-07-13,375.0,381.5,372.2999877929688,379.2999877929688,54443.0
2010-07-14,380.0,385.7999877929688,375.0499877929688,375.9500122070313,58005.0
2010-07-15,371.1499938964844,380.9500122070313,371.1499938964844,378.1000061035156,31761.0
2010-07-16,379.3999938964844,381.0,377.0499877929688,379.5499877929688,56600.0
2010-07-19,376.0,390.0,375.0,378.7999877929688,144469.0
2010-07-20,382.0,383.25,356.5,361.3500061035156,87990.0
2010-07-21,363.8999938964844,372.0,358.6499938964844,366.1000061035156,72558.0
2010-07-22,368.8500061035156,375.5,364.1000061035156,373.4500122070313,31898.0
2010-07-23,375.5,382.0,368.1499938964844,379.5499877929688,58930.0
2010-07-26,370.2000122070313,386.7999877929688,370.2000122070313,383.3500061035156,55083.0
2010-07-27,380.9500122070313,410.75,377.2000122070313,402.6000061035156,1000293.0
2010-07-28,410.0,424.0,405.0,415.0499877929688,779527.0
2010-07-29,417.7000122070313,429.3999938964844,410.7999877929688,423.6000061035156,204144.0
2010-07-30,422.5499877929688,430.0,411.2000122070313,425.5499877929688,183816.0
2010-08-02,432.0,432.0,415.6499938964844,420.6000061035156,269238.0
2010-08-03,423.0,423.0,401.5499877929688,407.5499877929688,120862.0
2010-08-04,403.5499877929688,409.9500122070313,396.1000061035156,404.7000122070313,139360.0
2010-08-05,406.0,415.8999938964844,396.25,399.4500122070313,163219.0
2010-08-06,403.0499877929688,405.6000061035156,395.5,398.3999938964844,202351.0
2010-08-09,400.7999877929688,406.2999877929688,391.2000122070313,397.5,90266.0
2010-08-10,399.0,431.0,398.0,415.1499938964844,754064.0
2010-08-11,411.9500122070313,432.0,405.0,406.5,331445.0
2010-08-12,406.0,416.7999877929688,400.0,406.7000122070313,231081.0
2010-08-13,411.8999938964844,460.0,401.25,445.7000122070313,1493870.0
2010-08-16,454.5499877929688,455.0,416.0,421.0,432689.0
2010-08-17,424.0,438.8999938964844,421.0,434.8999938964844,282237.0
2010-08-18,439.4500122070313,444.0499877929688,432.2999877929688,439.0499877929688,181862.0
2010-08-19,438.8999938964844,447.2999877929688,433.8500061035156,439.8999938964844,282594.0
2010-08-20,439.0,457.7999877929688,435.1000061035156,456.0499877929688,479751.0
2010-08-23,462.0,469.0,447.2000122070313,458.0,1178559.0
2010-08-24,457.0,463.0,436.0,442.0,215254.0
2010-08-25,444.4500122070313,444.4500122070313,428.5,432.1499938964844,393892.0
2010-08-26,431.6000061035156,449.0,424.0,426.4500122070313,124349.0
2010-08-27,430.0,444.0,423.1000061035156,433.75,125837.0
2010-08-30,440.0,456.8999938964844,433.0,438.0,163331.0
2010-08-31,438.0,439.6499938964844,426.1000061035156,428.3999938964844,51886.0
2010-09-01,438.5,444.7999877929688,430.0499877929688,441.3500061035156,217732.0
2010-09-02,447.0,465.0,431.25,457.0499877929688,262283.0
2010-09-03,459.9500122070313,475.0,447.25,466.2000122070313,238021.0
2010-09-06,463.0,469.0,451.0,461.4500122070313,101361.0
2010-09-07,454.0,464.7000122070313,441.3500061035156,445.7999877929688,80689.0
2010-09-08,446.7999877929688,452.7000122070313,435.25,438.0499877929688,73904.0
2010-09-09,443.0,443.8999938964844,428.0,431.0,98404.0
2010-09-13,438.7000122070313,444.75,432.1000061035156,442.8999938964844,100105.0
2010-09-14,444.7999877929688,449.0,436.0499877929688,438.2999877929688,109713.0
2010-09-15,434.0,457.9500122070313,434.0,442.2999877929688,121909.0
2010-09-16,444.7000122070313,450.0,438.7000122070313,442.1000061035156,70157.0
2010-09-17,442.0,455.0,442.0,453.7000122070313,219325.0
2010-09-20,459.0,460.0,446.0,454.5499877929688,370434.0
2010-09-21,450.0,457.8999938964844,436.25,440.5,459157.0
2010-09-22,437.0,444.7999877929688,430.8999938964844,432.6000061035156,261209.0
2010-09-23,435.0,435.0,422.0,427.0499877929688,253971.0
2010-09-24,425.0,430.0,416.6000061035156,423.7000122070313,291340.0
2010-09-27,428.8999938964844,433.0,424.3500061035156,429.6000061035156,374106.0
2010-09-28,427.5,429.3999938964844,418.0,420.7999877929688,312095.0
2010-09-29,424.8999938964844,427.8999938964844,415.0,417.3999938964844,288976.0
2010-09-30,417.8999938964844,421.0499877929688,401.25,406.6499938964844,303091.0
2010-10-01,408.7999877929688,417.3999938964844,406.25,410.3500061035156,388861.0
2010-10-04,416.7999877929688,427.9500122070313,408.3500061035156,409.8500061035156,235212.0
2010-10-05,412.2999877929688,418.7999877929688,409.1499938964844,409.9500122070313,59237.0
2010-10-06,414.7999877929688,419.0,410.0,412.1000061035156,198624.0
2010-10-07,414.8999938964844,437.0,410.2999877929688,419.8999938964844,657930.0
2010-10-08,419.8999938964844,434.0,416.0,429.9500122070313,231539.0
2010-10-11,433.8999938964844,455.1000061035156,425.5,435.1000061035156,279495.0
2010-10-12,426.0,436.3999938964844,355.54998779296875,426.4500122070313,196246.0
2010-10-13,426.0,438.7000122070313,423.0499877929688,434.0,221680.0
2010-10-14,438.0,440.0,427.0,435.3999938964844,181615.0
2010-10-15,432.6000061035156,439.8500061035156,429.1000061035156,436.1499938964844,317662.0
2010-10-18,442.0,442.0,428.8500061035156,433.5499877929688,433115.0
2010-10-19,430.0,434.2999877929688,426.0499877929688,429.9500122070313,357171.0
2010-10-20,426.6000061035156,448.0,426.5499877929688,432.3999938964844,404007.0
2010-10-21,434.9500122070313,442.6000061035156,430.5499877929688,439.7999877929688,360670.0
2010-10-22,437.0,449.0,436.2000122070313,445.6499938964844,391000.0
2010-10-25,449.8500061035156,452.0,441.3999938964844,446.0,358111.0
2010-10-26,442.5499877929688,448.5,432.3999938964844,435.7000122070313,479115.0
2010-10-27,436.0,440.0,429.0,431.0499877929688,304359.0
2010-10-28,437.8999938964844,439.7000122070313,429.3999938964844,431.8999938964844,372910.0
2010-10-29,433.8999938964844,434.7000122070313,410.0499877929688,419.5499877929688,627079.0
2010-11-01,430.0,439.0,421.0499877929688,431.2999877929688,581615.0
2010-11-02,431.5,433.7999877929688,412.0,416.0499877929688,459923.0
2010-11-03,419.8999938964844,419.9500122070313,403.0,414.3999938964844,470654.0
2010-11-04,419.5,430.7000122070313,415.0,422.6000061035156,416422.0
2010-11-08,424.8500061035156,434.0,414.6000061035156,418.75,636505.0
2010-11-09,427.8999938964844,428.5499877929688,416.75,418.25,371361.0
2010-11-10,418.0,424.6000061035156,411.0,413.75,495760.0
2010-11-11,423.7999877929688,424.7000122070313,413.0,415.5,419896.0
2010-11-12,415.5,415.5,396.0,401.0499877929688,573203.0
2010-11-15,401.1000061035156,402.8999938964844,396.3500061035156,399.25,327499.0
2010-11-16,404.8500061035156,405.8999938964844,384.0,395.1499938964844,371301.0
2010-11-18,390.0499877929688,394.8999938964844,365.0,373.7000122070313,513007.0
2010-11-19,370.0499877929688,373.7000122070313,356.3500061035156,360.1499938964844,380354.0
2010-11-22,362.0,362.0499877929688,331.6000061035156,337.29998779296875,497133.0
2010-11-23,335.1000061035156,340.0,292.0,313.0,672004.0
2010-11-24,314.95001220703125,324.6000061035156,251.1999969482422,258.8500061035156,1815666.0
2010-11-25,261.25,280.20001220703125,233.0,233.0,1586724.0
2010-11-26,211.8000030517578,211.8000030517578,209.6999969482422,209.6999969482422,59108.0
2010-11-29,188.75,213.4499969482422,188.75,197.9499969482422,2380901.0
2010-11-30,195.0,207.8500061035156,190.3500061035156,207.8500061035156,1857768.0
2010-12-01,218.25,218.25,218.25,218.25,63728.0
2010-12-02,229.1999969482422,229.1999969482422,229.1999969482422,229.1999969482422,24582.0
2010-12-03,240.6999969482422,240.6999969482422,230.0,240.3500061035156,1941562.0
2010-12-06,249.4499969482422,251.8500061035156,235.0,239.1000061035156,735807.0
2010-12-07,240.3000030517578,246.0,227.1499938964844,228.6499938964844,675289.0
2010-12-08,229.0,232.6999969482422,217.25,218.9499969482422,595036.0
2010-12-09,219.0,219.0500030517578,208.0,208.0,61918.0
2010-12-10,197.6000061035156,212.0,197.6000061035156,198.6000061035156,574544.0
2010-12-13,188.6999969482422,205.9499969482422,188.6999969482422,194.1000061035156,508584.0
2010-12-14,199.5,203.8500061035156,194.0,203.8500061035156,935490.0
2010-12-15,205.8000030517578,207.3999938964844,193.6999969482422,193.8000030517578,493493.0
2010-12-16,195.0,196.0,188.1999969482422,190.3500061035156,299506.0
2010-12-20,189.4499969482422,193.6499938964844,183.3000030517578,185.3999938964844,296004.0
2010-12-21,193.8000030517578,193.8000030517578,183.1000061035156,187.3000030517578,188001.0
2010-12-22,190.0,191.4499969482422,186.5,189.3999938964844,185914.0
2010-12-23,189.3500061035156,198.8999938964844,188.5500030517578,198.0,483371.0
2010-12-24,201.0,203.1999969482422,195.25,200.6999969482422,295534.0
2010-12-27,201.5,203.3000030517578,194.0500030517578,194.8000030517578,125379.0
2010-12-28,196.0,198.4499969482422,192.25,195.5,58840.0
2010-12-29,195.0500030517578,197.8999938964844,190.5,194.25,54470.0
2010-12-30,196.0,200.0,193.3999938964844,197.75,78250.0
2010-12-31,199.3999938964844,202.5500030517578,192.0,194.3000030517578,236125.0
2011-01-03,197.0,200.6499938964844,195.5500030517578,197.1499938964844,131374.0
2011-01-04,198.0,207.0500030517578,195.5,205.5,399365.0
2011-01-05,206.0,206.8000030517578,198.6000061035156,200.3500061035156,189155.0
2011-01-06,201.0,204.8500061035156,199.1000061035156,199.5500030517578,127214.0
2011-01-07,202.0,204.8000030517578,197.0,198.6499938964844,221066.0
2011-01-10,199.1999969482422,203.3500061035156,194.25,196.5,174617.0
2011-01-11,194.3000030517578,199.5,187.0,189.5,313786.0
2011-01-12,192.1999969482422,195.8999938964844,189.0,195.1999969482422,60661.0
2011-01-13,195.3999938964844,198.5,191.1000061035156,195.4499969482422,80800.0
2011-01-14,195.0,197.3999938964844,189.0,192.4499969482422,57563.0
2011-01-17,191.0,194.4499969482422,185.0,185.5500030517578,38835.0
2011-01-18,186.5,190.0,182.0,183.6000061035156,36550.0
2011-01-19,188.0,188.8000030517578,164.5,170.35000610351562,733724.0
2011-01-20,166.0500030517578,180.5,165.10000610351562,167.1999969482422,810349.0
2011-01-21,170.0,170.0,165.0,165.35000610351562,156019.0
2011-01-24,167.39999389648438,168.5,161.1999969482422,162.6999969482422,222789.0
2011-01-25,164.0,165.6999969482422,159.10000610351562,159.8000030517578,161411.0
2011-01-27,160.60000610351562,163.5,157.0,157.5500030517578,118603.0
2011-01-28,158.8000030517578,158.8000030517578,148.0,150.39999389648438,123203.0
2011-01-31,146.0,168.8000030517578,144.1999969482422,151.75,331294.0
2011-02-01,153.14999389648438,159.5,151.25,153.25,327604.0
2011-02-02,155.5,156.3000030517578,145.10000610351562,153.5,96652.0
2011-02-03,154.0,158.64999389648438,152.0,155.4499969482422,123734.0
2011-02-04,152.10000610351562,152.89999389648438,137.3000030517578,139.75,1128265.0
2011-02-07,140.0,144.0,135.0,137.5,1192634.0
2011-02-08,135.0,143.5,133.5500030517578,136.60000610351562,1412768.0
2011-02-09,130.0,138.89999389648438,109.3000030517578,130.10000610351562,8175452.0
2011-02-10,130.0,142.14999389648438,105.25,126.9000015258789,2480108.0
2011-02-11,125.0,152.3000030517578,116.0999984741211,142.4499969482422,2775059.0
2011-02-14,145.8000030517578,145.8000030517578,128.0,140.0500030517578,2212301.0
2011-02-15,137.4499969482422,142.8000030517578,130.60000610351562,137.75,695798.0
2011-02-16,137.0,144.60000610351562,136.1999969482422,141.39999389648438,516783.0
2011-02-17,142.0,143.0,136.25,137.35000610351562,509912.0
2011-02-18,127.0,138.0,126.3000030517578,130.0,1484183.0
2011-02-21,128.0,131.0,121.25,124.5,367074.0
2011-02-22,120.0999984741211,125.0,118.0999984741211,119.5999984741211,227950.0
2011-02-23,117.5999984741211,123.75,115.0500030517578,116.6999969482422,384402.0
2011-02-24,118.5,118.5,100.0,105.3499984741211,573914.0
2011-02-25,104.6999969482422,114.9000015258789,102.0,108.0,437282.0
2011-02-28,110.9000015258789,114.0,106.3000030517578,109.5500030517578,195274.0
2011-03-01,109.0,118.5999984741211,108.0999984741211,117.1999969482422,626911.0
2011-03-03,116.0500030517578,121.5500030517578,114.0,119.3000030517578,477652.0
2011-03-04,121.0,122.6999969482422,116.1999969482422,117.6999969482422,210654.0
2011-03-07,115.0,119.0,111.5500030517578,112.9000015258789,234821.0
2011-03-08,114.0,114.5,107.5500030517578,108.8499984741211,311700.0
2011-03-09,110.4499969482422,112.8000030517578,107.4000015258789,109.0999984741211,325529.0
2011-03-10,109.0,111.8000030517578,105.25,108.9499969482422,341437.0
2011-03-11,107.1999969482422,125.0,107.1999969482422,116.6500015258789,2124487.0
2011-03-14,117.1500015258789,117.4000015258789,111.5999984741211,115.0,439469.0
2011-03-15,107.0,112.8000030517578,105.5999984741211,110.8499984741211,245073.0
2011-03-16,112.4000015258789,115.4000015258789,111.0999984741211,112.4000015258789,407936.0
2011-03-17,111.0500030517578,113.0999984741211,109.5999984741211,112.1999969482422,188780.0
2011-03-18,113.9499969482422,114.1999969482422,111.5,112.5,133771.0
2011-03-21,113.3499984741211,113.8000030517578,108.0500030517578,109.4499969482422,234453.0
2011-03-22,110.0,110.9000015258789,105.5,108.4000015258789,271900.0
2011-03-23,106.0,107.9000015258789,96.0999984741211,98.0999984741211,1086888.0
2011-03-24,100.1500015258789,102.9000015258789,97.0,100.5500030517578,1060903.0
2011-03-25,101.9499969482422,103.0,95.5,96.75,843022.0
2011-03-28,98.9000015258789,98.9000015258789,82.19999694824219,83.55000305175781,2220214.0
2011-03-29,83.0,100.3000030517578,80.0,99.9000015258789,10056420.0
2011-03-30,104.3000030517578,119.9000015258789,102.0,118.6500015258789,8712761.0
2011-03-31,111.0,130.0,106.5,118.4000015258789,10113427.0
2011-04-01,119.0,120.5,110.6999969482422,116.8000030517578,2257231.0
2011-04-04,114.3499984741211,116.5,110.8000030517578,113.6500015258789,1825741.0
2011-04-05,114.0999984741211,122.4000015258789,112.0,117.4000015258789,2126861.0
2011-04-06,117.0,120.5,110.25,113.0999984741211,1635155.0
2011-04-07,113.0500030517578,122.0,111.4499969482422,112.6500015258789,509225.0
2011-04-08,113.0999984741211,114.6999969482422,110.1500015258789,110.6999969482422,547973.0
2011-04-11,110.6999969482422,115.4499969482422,109.0,114.0500030517578,1151048.0
2011-04-13,114.0,115.9000015258789,110.0,114.5999984741211,757571.0
2011-04-15,111.1500015258789,113.5500030517578,109.5999984741211,110.1500015258789,513513.0
2011-04-18,109.0,117.0,108.0,109.75,535221.0
2011-04-19,109.6500015258789,110.0,106.5,106.9000015258789,252491.0
2011-04-20,107.8000030517578,112.25,94.5999984741211,102.3000030517578,6414953.0
2011-04-21,102.3000030517578,108.5,102.3000030517578,105.8000030517578,1223678.0
2011-04-25,106.5500030517578,107.9499969482422,103.0500030517578,104.75,454770.0
2011-04-26,105.3000030517578,105.5,103.1500015258789,103.75,296646.0
2011-04-27,104.4499969482422,105.9499969482422,102.5,102.9499969482422,297608.0
2011-04-28,101.0999984741211,102.0,85.0,98.5,722457.0
2011-04-29,99.0,99.5999984741211,96.4000015258789,96.9499969482422,310253.0
2011-05-02,97.8000030517578,98.0,96.0,96.4000015258789,189280.0
2011-05-03,97.0,98.4000015258789,89.75,90.4000015258789,572732.0
2011-05-04,92.5,94.0,88.0,88.94999694824219,553824.0
2011-05-05,89.69999694824219,91.9499969482422,85.5,86.5,646725.0
2011-05-06,87.19999694824219,88.0,85.05000305175781,86.5,187631.0
2011-05-09,87.19999694824219,89.5,86.6500015258789,87.80000305175781,148499.0
2011-05-10,88.0,89.80000305175781,84.69999694824219,85.1500015258789,348925.0
2011-05-11,85.69999694824219,98.4000015258789,85.69999694824219,93.4499969482422,1147195.0
2011-05-12,87.5,93.9499969482422,85.5999984741211,88.5999984741211,887718.0
2011-05-13,87.5999984741211,90.5,86.3499984741211,86.9000015258789,529938.0
2011-05-16,86.44999694824219,87.8499984741211,85.0,86.44999694824219,180581.0
2011-05-17,86.1500015258789,87.5999984741211,83.0999984741211,84.44999694824219,260210.0
2011-05-18,85.0,85.80000305175781,82.0999984741211,82.94999694824219,291986.0
2011-05-19,83.5999984741211,84.5,80.0,82.1500015258789,181243.0
2011-05-20,80.0999984741211,83.9000015258789,80.0999984741211,81.44999694824219,181715.0
2011-05-23,81.75,86.75,74.0,75.5,1342626.0
2011-05-24,76.0,77.55000305175781,68.30000305175781,68.8499984741211,1701011.0
2011-05-25,69.55000305175781,78.5999984741211,65.5999984741211,76.5,2839132.0
2011-05-26,77.9000015258789,80.5999984741211,73.9000015258789,74.94999694824219,1289558.0
2011-05-27,76.0,77.0,74.55000305175781,75.6500015258789,582597.0
2011-05-30,76.0,80.69999694824219,74.05000305175781,76.9000015258789,844219.0
2011-05-31,77.5999984741211,79.4000015258789,76.0999984741211,76.94999694824219,470108.0
2011-06-01,77.44999694824219,80.0,76.6500015258789,78.0,603530.0
2011-06-02,76.25,78.19999694824219,70.5999984741211,74.19999694824219,666733.0
2011-06-03,75.0,76.5,74.19999694824219,74.9000015258789,364412.0
2011-06-06,76.0,76.0,72.6500015258789,73.80000305175781,172239.0
2011-06-07,73.69999694824219,76.69999694824219,73.44999694824219,75.6500015258789,433345.0
2011-06-08,75.6500015258789,81.8499984741211,75.4000015258789,80.55000305175781,4079646.0
2011-06-09,80.0,83.6500015258789,79.94999694824219,80.25,1420770.0
2011-06-10,80.25,81.4000015258789,78.19999694824219,78.6500015258789,376896.0
2011-06-13,78.5,79.4000015258789,76.0999984741211,76.44999694824219,336949.0
2011-06-14,76.5,77.80000305175781,71.6500015258789,74.75,1109199.0
2011-06-15,74.0,75.0,70.0,74.44999694824219,923771.0
2011-06-16,70.0,79.80000305175781,70.0,78.1500015258789,1044938.0
2011-06-17,78.19999694824219,81.0,77.19999694824219,78.1500015258789,881786.0
2011-06-20,78.94999694824219,79.44999694824219,73.0,74.5,503865.0
2011-06-21,75.05000305175781,76.9000015258789,71.3499984741211,72.1500015258789,216221.0
2011-06-22,72.69999694824219,75.5,71.30000305175781,72.25,368936.0
2011-06-23,71.94999694824219,73.9000015258789,70.69999694824219,72.80000305175781,333321.0
2011-06-24,71.0,73.80000305175781,70.0999984741211,70.9000015258789,642625.0
2011-06-27,70.9000015258789,71.8499984741211,67.80000305175781,69.94999694824219,369814.0
2011-06-28,70.0,71.6500015258789,69.19999694824219,69.69999694824219,316626.0
2011-06-29,69.5,70.9000015258789,67.4000015258789,69.94999694824219,410223.0
2011-06-30,70.0,71.3499984741211,69.1500015258789,70.55000305175781,370620.0
2011-07-01,70.9000015258789,71.19999694824219,68.5,69.44999694824219,374049.0
2011-07-04,70.30000305175781,71.3499984741211,70.0,70.19999694824219,354177.0
2011-07-05,70.19999694824219,70.75,69.19999694824219,69.8499984741211,380277.0
2011-07-06,69.8499984741211,71.05000305175781,69.80000305175781,70.25,323085.0
2011-07-07,68.0,77.69999694824219,68.0,76.4000015258789,1079611.0
2011-07-08,76.94999694824219,89.5,74.5,85.4000015258789,4473999.0
2011-07-11,83.0,84.0,75.5,80.19999694824219,2373627.0
2011-07-12,78.05000305175781,83.69999694824219,77.80000305175781,80.80000305175781,1376364.0
2011-07-13,81.55000305175781,85.25,81.19999694824219,82.3499984741211,791785.0
2011-07-14,82.0,85.25,80.9000015258789,82.55000305175781,665354.0
2011-07-15,83.0999984741211,85.0,80.1500015258789,82.05000305175781,946431.0
2011-07-18,82.19999694824219,83.9000015258789,81.3499984741211,82.0999984741211,282025.0
2011-07-19,82.5,82.94999694824219,81.4000015258789,82.19999694824219,207328.0
2011-07-20,82.5999984741211,87.25,82.0999984741211,83.4000015258789,675799.0
2011-07-21,83.30000305175781,85.0,82.5999984741211,83.05000305175781,247611.0
2011-07-22,83.80000305175781,85.5,82.5,83.30000305175781,341479.0
2011-07-25,84.0,84.80000305175781,82.5,83.1500015258789,283647.0
2011-07-26,84.0,84.4000015258789,76.0,81.44999694824219,326559.0
2011-07-27,81.5999984741211,82.4000015258789,80.25,81.1500015258789,328904.0
2011-07-28,81.0,82.3499984741211,78.3499984741211,79.1500015258789,214904.0
2011-07-29,80.0999984741211,80.0999984741211,76.9000015258789,78.44999694824219,234722.0
2011-08-01,79.55000305175781,80.0,74.19999694824219,74.6500015258789,244115.0
2011-08-02,74.0,75.5999984741211,72.8499984741211,74.3499984741211,197923.0
2011-08-03,73.5,77.4000015258789,71.5999984741211,75.0,511497.0
2011-08-04,75.5999984741211,76.0,73.0999984741211,75.0999984741211,154526.0
2011-08-05,71.94999694824219,74.0,70.5999984741211,72.8499984741211,273092.0
2011-08-08,69.30000305175781,74.75,68.5999984741211,71.19999694824219,1058109.0
2011-08-09,68.19999694824219,71.75,67.5999984741211,68.25,1106623.0
2011-08-10,70.0999984741211,71.5,67.5,68.1500015258789,434468.0
2011-08-11,68.1500015258789,70.0,68.0,68.3499984741211,345814.0
2011-08-12,69.44999694824219,70.25,67.75,68.4000015258789,90736.0
2011-08-16,68.9000015258789,69.5,67.0999984741211,67.9000015258789,154513.0
2011-08-17,67.8499984741211,69.4000015258789,67.0999984741211,68.19999694824219,96410.0
2011-08-18,68.1500015258789,69.5,66.05000305175781,66.55000305175781,136326.0
2011-08-19,64.05000305175781,66.80000305175781,64.05000305175781,65.9000015258789,157627.0
2011-08-22,65.19999694824219,68.30000305175781,65.0,66.4000015258789,110786.0
2011-08-23,67.75,67.75,65.25,65.5999984741211,130585.0
2011-08-24,65.55000305175781,70.0,61.59999847412109,63.400001525878906,482900.0
2011-08-25,64.05000305175781,64.6500015258789,61.0,61.5,1125440.0
2011-08-26,61.25,62.79999923706055,59.650001525878906,60.09999847412109,207382.0
2011-08-29,61.0,64.4000015258789,60.150001525878906,61.34999847412109,646824.0
2011-08-30,62.0,63.25,59.79999923706055,60.09999847412109,464532.0
2011-09-02,59.150001525878906,63.20000076293945,56.20000076293945,59.34999847412109,547017.0
2011-09-05,59.34999847412109,60.84999847412109,58.09999847412109,59.900001525878906,193691.0
2011-09-06,60.0,61.70000076293945,58.5,58.95000076293945,352439.0
2011-09-07,61.0,61.34999847412109,59.0,59.04999923706055,1270344.0
2011-09-08,59.900001525878906,60.400001525878906,58.70000076293945,59.0,487764.0
2011-09-09,59.09999847412109,60.20000076293945,57.900001525878906,58.150001525878906,612038.0
2011-09-12,57.79999923706055,57.79999923706055,55.79999923706055,56.45000076293945,226794.0
2011-09-13,57.54999923706055,58.75,56.5,56.84999847412109,225440.0
2011-09-14,57.650001525878906,57.650001525878906,55.79999923706055,56.04999923706055,224593.0
2011-09-15,57.70000076293945,61.79999923706055,56.400001525878906,59.09999847412109,1678499.0
2011-09-16,59.0,60.29999923706055,57.25,58.0,510360.0
2011-09-19,59.09999847412109,60.84999847412109,57.0,59.0,586844.0
2011-09-20,59.20000076293945,63.900001525878906,59.0,59.59999847412109,3137800.0
2011-09-21,61.0,61.5,59.29999923706055,59.95000076293945,918014.0
2011-09-22,59.0,59.29999923706055,56.0,56.400001525878906,515764.0
2011-09-23,56.0,56.70000076293945,54.29999923706055,55.75,417392.0
2011-09-26,56.0,56.650001525878906,51.5,52.95000076293945,469542.0
2011-09-27,54.20000076293945,56.25,52.20000076293945,52.84999847412109,593018.0
2011-09-28,53.59999847412109,56.0,52.04999923706055,52.45000076293945,260521.0
2011-09-29,52.45000076293945,52.59999847412109,51.70000076293945,51.95000076293945,163798.0
2011-09-30,51.79999923706055,52.29999923706055,49.5,49.75,363860.0
2011-10-03,50.95000076293945,50.95000076293945,45.400001525878906,49.59999847412109,269655.0
2011-10-04,49.29999923706055,50.900001525878906,48.09999847412109,48.79999923706055,169013.0
2011-10-05,48.650001525878906,54.79999923706055,48.650001525878906,50.70000076293945,738947.0
2011-10-07,51.25,52.75,51.0,51.25,258626.0
2011-10-10,51.25,52.400001525878906,50.79999923706055,52.0,201613.0
2011-10-11,52.20000076293945,52.84999847412109,51.70000076293945,52.150001525878906,263241.0
2011-10-12,52.04999923706055,54.04999923706055,51.95000076293945,53.75,207595.0
2011-10-13,54.0,54.45000076293945,52.09999847412109,53.34999847412109,145980.0
2011-10-14,53.54999923706055,55.0,53.45000076293945,54.34999847412109,159071.0
2011-10-17,53.0,59.0,50.29999923706055,57.900001525878906,1019626.0
2011-10-18,57.09999847412109,58.5,56.0,56.79999923706055,412322.0
2011-10-19,56.25,57.5,56.25,56.95000076293945,122051.0
2011-10-20,56.04999923706055,56.900001525878906,56.0,56.25,63763.0
2011-10-21,56.04999923706055,58.0,56.0,56.09999847412109,117691.0
2011-10-24,56.5,67.3499984741211,55.95000076293945,67.3499984741211,3495799.0
2011-10-25,69.30000305175781,70.80000305175781,63.54999923706055,66.05000305175781,2682067.0
2011-10-28,74.30000305175781,74.30000305175781,68.05000305175781,70.8499984741211,747929.0
2011-10-31,70.0,74.0,69.5,71.94999694824219,713199.0
2011-11-01,71.0,72.8499984741211,70.44999694824219,71.25,314252.0
2011-11-02,70.69999694824219,74.0,70.0,73.44999694824219,526763.0
2011-11-03,74.30000305175781,79.55000305175781,70.0,71.9000015258789,4171581.0
2011-11-04,72.75,73.0,69.55000305175781,70.75,522312.0
2011-11-08,70.69999694824219,72.1500015258789,69.0999984741211,70.4000015258789,334457.0
2011-11-09,71.0,71.5,68.19999694824219,68.75,274496.0
2011-11-11,68.1500015258789,69.0,64.0,65.0999984741211,315989.0
2011-11-14,65.0999984741211,65.9000015258789,61.0,61.400001525878906,156413.0
2011-11-15,61.900001525878906,61.900001525878906,56.0,56.5,249339.0
2011-11-16,56.0,64.5,52.09999847412109,63.0,1415786.0
2011-11-17,63.54999923706055,64.4000015258789,60.20000076293945,62.75,323991.0
2011-11-18,62.04999923706055,62.04999923706055,58.0,59.400001525878906,201749.0
2011-11-21,59.0,63.0,56.54999923706055,56.95000076293945,208566.0
2011-11-22,57.95000076293945,59.59999847412109,52.70000076293945,53.75,269028.0
2011-11-23,52.5,64.5,52.09999847412109,64.5,2617082.0
2011-11-24,74.30000305175781,77.4000015258789,61.59999847412109,65.4000015258789,4806716.0
2011-11-25,64.80000305175781,69.44999694824219,63.75,68.1500015258789,1886845.0
2011-11-28,65.9000015258789,74.0,65.9000015258789,71.0999984741211,1700363.0
2011-11-29,72.30000305175781,81.0,71.0999984741211,76.80000305175781,10524907.0
2011-11-30,75.0,77.0,71.5,72.19999694824219,1637387.0
2011-12-01,73.94999694824219,74.80000305175781,65.9000015258789,68.1500015258789,1205527.0
2011-12-02,68.69999694824219,71.80000305175781,65.0999984741211,69.75,1586513.0
2011-12-05,69.0,71.9000015258789,66.5999984741211,71.05000305175781,964298.0
2011-12-07,71.1500015258789,71.5,68.5,69.25,489264.0
2011-12-08,69.25,69.5,64.0999984741211,65.80000305175781,569358.0
2011-12-09,64.94999694824219,65.0,63.04999923706055,63.54999923706055,231732.0
2011-12-12,64.9000015258789,67.19999694824219,62.84999847412109,63.150001525878906,429143.0
2011-12-13,63.0,63.900001525878906,59.54999923706055,60.45000076293945,342557.0
2011-12-14,60.04999923706055,61.75,57.0,57.25,412836.0
2011-12-15,56.25,57.04999923706055,55.45000076293945,55.900001525878906,184932.0
2011-12-16,58.5,58.5,53.0,53.34999847412109,399230.0
2011-12-19,52.34999847412109,56.0,50.70000076293945,51.150001525878906,262007.0
2011-12-20,51.45000076293945,51.5,49.0,49.400001525878906,174713.0
2011-12-21,51.0,51.45000076293945,46.95000076293945,46.95000076293945,274108.0
2011-12-22,47.0,48.900001525878906,45.20000076293945,46.79999923706055,242792.0
2011-12-23,45.04999923706055,48.900001525878906,45.04999923706055,48.20000076293945,210247.0
2011-12-26,48.5,49.0,47.5,48.04999923706055,126785.0
2011-12-27,47.95000076293945,48.95000076293945,47.5,48.04999923706055,94024.0
2011-12-28,48.0,48.400001525878906,46.79999923706055,48.150001525878906,75578.0
2011-12-29,47.0,48.150001525878906,46.29999923706055,47.09999847412109,87463.0
2011-12-30,46.20000076293945,49.45000076293945,46.0,49.45000076293945,818758.0
2012-01-02,51.900001525878906,51.900001525878906,49.0,49.59999847412109,91783.0
2012-01-03,50.400001525878906,52.04999923706055,50.0,52.04999923706055,64932.0
2012-01-04,54.650001525878906,54.650001525878906,53.59999847412109,54.650001525878906,223272.0
2012-01-05,57.34999847412109,57.34999847412109,52.54999923706055,53.150001525878906,242353.0
2012-01-06,54.04999923706055,55.900001525878906,53.09999847412109,54.09999847412109,141130.0
2012-01-09,54.29999923706055,55.95000076293945,53.0,53.900001525878906,168862.0
2012-01-10,54.09999847412109,62.45000076293945,54.09999847412109,60.70000076293945,1757104.0
2012-01-11,64.0,67.0999984741211,58.84999847412109,59.900001525878906,453342.0
2012-01-12,59.29999923706055,64.0,59.0,60.84999847412109,472645.0
2012-01-13,61.54999923706055,62.59999847412109,60.5,61.0,233822.0
2012-01-16,60.5,62.25,58.5,60.34999847412109,255305.0
2012-01-17,60.84999847412109,66.25,60.5,63.25,874648.0
2012-01-18,64.0,65.6500015258789,62.5,63.04999923706055,352182.0
2012-01-19,64.0,66.0,63.20000076293945,64.9000015258789,523259.0
2012-01-20,65.55000305175781,66.5,63.0,64.1500015258789,449700.0
2012-01-23,64.69999694824219,66.80000305175781,60.20000076293945,61.54999923706055,826653.0
2012-01-24,62.25,63.900001525878906,60.5,61.400001525878906,505533.0
2012-01-25,62.0,63.79999923706055,60.70000076293945,61.04999923706055,485870.0
2012-01-27,61.95000076293945,62.84999847412109,60.70000076293945,61.59999847412109,300716.0
2012-01-30,61.5,63.79999923706055,59.84999847412109,61.0,392481.0
2012-01-31,61.25,62.29999923706055,61.04999923706055,62.0,173278.0
2012-02-01,62.25,63.75,61.09999847412109,62.79999923706055,401467.0
2012-02-02,63.25,64.80000305175781,57.400001525878906,62.04999923706055,2617249.0
2012-02-03,61.0,63.70000076293945,61.0,62.5,428717.0
2012-02-06,63.29999923706055,74.19999694824219,63.0,69.94999694824219,3528906.0
2012-02-07,70.3499984741211,74.94999694824219,68.0,70.0,2300913.0
2012-02-08,71.5,74.9000015258789,69.75,73.3499984741211,1198327.0
2012-02-09,73.4000015258789,76.30000305175781,73.3499984741211,75.0999984741211,760066.0
2012-02-10,74.55000305175781,80.94999694824219,74.5,77.80000305175781,1559192.0
2012-02-13,75.0,78.25,73.0,77.3499984741211,800799.0
2012-02-14,77.0,83.0,76.0999984741211,81.94999694824219,1194052.0
2012-02-15,82.0,84.94999694824219,81.0,82.75,999550.0
2012-02-16,83.0,98.25,81.0,95.0999984741211,2369368.0
2012-02-17,96.3000030517578,99.5,89.30000305175781,92.5999984741211,2689794.0
2012-02-21,93.1500015258789,98.3499984741211,91.0500030517578,97.0500030517578,1397001.0
2012-02-22,96.5,103.0,87.05000305175781,88.80000305175781,1469394.0
2012-02-23,87.3499984741211,89.25,74.30000305175781,84.5999984741211,1878621.0
2012-02-24,82.05000305175781,83.9000015258789,77.30000305175781,78.5999984741211,824646.0
2012-02-27,79.05000305175781,79.25,70.80000305175781,73.05000305175781,659569.0
2012-02-28,74.0999984741211,81.44999694824219,73.6500015258789,80.44999694824219,1000334.0
2012-02-29,81.55000305175781,85.5999984741211,80.55000305175781,81.5,768244.0
2012-03-01,81.5,81.6500015258789,77.05000305175781,77.9000015258789,561196.0
2012-03-02,79.4000015258789,80.6500015258789,77.0,77.5999984741211,333083.0
2012-03-05,77.0,78.0,75.0999984741211,76.69999694824219,354724.0
2012-03-06,76.5999984741211,80.25,70.25,71.80000305175781,574169.0
2012-03-07,71.0,74.0,69.5,73.30000305175781,328395.0
2012-03-09,76.19999694824219,77.0,74.30000305175781,76.25,307770.0
2012-03-12,77.6500015258789,82.80000305175781,77.6500015258789,82.0,744293.0
2012-03-13,82.0,85.0,81.1500015258789,83.55000305175781,657679.0
2012-03-14,85.5999984741211,85.80000305175781,81.44999694824219,84.30000305175781,556710.0
2012-03-15,84.0,95.4499969482422,80.0,91.8499984741211,3235921.0
2012-03-16,92.0999984741211,96.5999984741211,88.6500015258789,90.25,1606464.0
2012-03-19,91.4000015258789,94.4499969482422,90.3499984741211,93.0999984741211,696711.0
2012-03-20,93.5,95.8499984741211,91.6999969482422,92.5,626183.0
2012-03-21,92.5,93.5,90.05000305175781,92.25,431802.0
2012-03-22,92.0999984741211,98.5,91.9000015258789,92.5999984741211,1299000.0
2012-03-23,93.0,96.0,92.0500030517578,93.9499969482422,376272.0
2012-03-26,90.0,94.0,80.1500015258789,86.19999694824219,1159128.0
2012-03-27,87.55000305175781,88.80000305175781,80.75,81.55000305175781,567405.0
2012-03-28,79.5,83.4000015258789,79.30000305175781,80.3499984741211,451865.0
2012-03-29,77.19999694824219,82.0,76.94999694824219,81.25,269074.0
2012-03-30,81.0,87.9000015258789,79.05000305175781,85.25,618589.0
2012-04-02,86.80000305175781,90.3499984741211,85.1500015258789,88.9000015258789,373616.0
2012-04-03,90.5500030517578,90.9000015258789,87.0999984741211,88.5,269460.0
2012-04-04,88.0999984741211,88.4000015258789,85.0999984741211,87.5999984741211,202982.0
2012-04-09,87.0999984741211,87.0999984741211,83.5,83.9000015258789,186766.0
2012-04-10,85.0,86.0,83.19999694824219,84.94999694824219,176573.0
2012-04-11,83.4000015258789,87.0,83.05000305175781,84.44999694824219,310117.0
2012-04-12,84.9000015258789,86.69999694824219,83.0999984741211,85.25,248285.0
2012-04-13,85.25,87.3499984741211,82.55000305175781,83.69999694824219,301107.0
2012-04-16,84.4000015258789,86.3499984741211,83.6500015258789,85.55000305175781,177031.0
2012-04-17,85.8499984741211,89.44999694824219,85.0999984741211,88.75,403019.0
2012-04-18,88.9000015258789,91.5,87.55000305175781,88.5,361542.0
2012-04-19,88.0,89.0,85.0,86.75,143686.0
2012-04-20,86.94999694824219,88.0999984741211,84.0,84.9000015258789,151150.0
2012-04-23,85.0,85.8499984741211,80.3499984741211,80.80000305175781,236347.0
2012-04-24,81.4000015258789,82.3499984741211,79.0,79.44999694824219,237257.0
2012-04-25,79.4000015258789,80.1500015258789,74.0,75.55000305175781,494922.0
2012-04-26,75.9000015258789,77.25,75.44999694824219,75.8499984741211,243036.0
2012-04-27,75.80000305175781,77.4000015258789,73.0,74.25,285030.0
2012-04-30,79.8499984741211,79.8499984741211,72.55000305175781,73.75,351360.0
2012-05-02,74.0,75.4000015258789,73.25,73.69999694824219,158345.0
2012-05-03,73.1500015258789,73.9000015258789,71.19999694824219,72.1500015258789,179678.0
2012-05-04,71.55000305175781,74.0,70.0,72.94999694824219,284237.0
2012-05-07,72.0,75.0,69.5,73.6500015258789,300049.0
2012-05-08,74.05000305175781,75.0,72.0,72.25,174381.0
2012-05-09,72.0,73.0,70.0,71.0999984741211,210142.0
2012-05-10,71.0999984741211,72.55000305175781,69.30000305175781,69.8499984741211,153095.0
2012-05-11,69.9000015258789,70.25,68.0,69.55000305175781,135275.0
2012-05-14,68.5999984741211,71.0999984741211,68.0,70.0999984741211,150856.0
2012-05-15,69.5999984741211,77.75,68.30000305175781,71.75,1313007.0
2012-05-16,70.5999984741211,74.0,69.0,71.55000305175781,365395.0
2012-05-17,72.0,74.4000015258789,72.0,73.80000305175781,277845.0
2012-05-18,72.0,74.44999694824219,71.05000305175781,73.5999984741211,187235.0
2012-05-21,73.94999694824219,86.94999694824219,73.19999694824219,83.9000015258789,1579247.0
2012-05-22,85.0,85.44999694824219,81.0,82.9000015258789,522461.0
2012-05-23,83.0,88.5,81.4000015258789,86.5999984741211,661329.0
2012-05-24,87.5999984741211,92.75,84.44999694824219,90.0999984741211,825788.0
2012-05-25,90.05000305175781,92.0,87.5,89.4000015258789,403871.0
2012-05-28,88.5,93.3499984741211,88.05000305175781,91.1999969482422,522055.0
2012-05-29,91.1999969482422,92.6500015258789,89.5999984741211,91.3499984741211,336983.0
2012-05-30,90.3499984741211,91.0,88.5,88.94999694824219,131834.0
2012-05-31,87.0999984741211,89.0,86.55000305175781,88.0999984741211,108302.0
2012-06-01,87.6500015258789,90.5999984741211,85.0999984741211,86.30000305175781,173010.0
2012-06-04,85.25,91.9000015258789,81.0,90.5500030517578,369534.0
2012-06-05,91.0500030517578,92.5,86.0999984741211,87.75,243906.0
2012-06-06,88.4000015258789,90.5,88.4000015258789,89.25,179566.0
2012-06-07,90.0,93.4000015258789,89.5,91.1999969482422,393968.0
2012-06-08,90.0,90.9499969482422,88.55000305175781,89.8499984741211,158896.0
2012-06-11,90.25,90.25,84.5999984741211,85.80000305175781,248771.0
2012-06-12,85.80000305175781,87.80000305175781,84.55000305175781,85.3499984741211,177967.0
2012-06-13,85.8499984741211,90.0,85.25,86.75,280592.0
2012-06-14,86.9000015258789,88.0,84.55000305175781,85.19999694824219,122967.0
2012-06-15,82.25,85.94999694824219,82.0,84.44999694824219,40019.0
2012-06-18,84.5,86.44999694824219,80.55000305175781,82.44999694824219,24954.0
2012-06-19,82.9000015258789,84.9000015258789,81.0,82.55000305175781,16567.0
2012-06-20,82.5999984741211,82.8499984741211,81.5,82.44999694824219,10336.0
2012-06-21,81.0999984741211,83.69999694824219,81.0,83.05000305175781,10336.0
2012-06-22,83.69999694824219,84.0,82.05000305175781,82.94999694824219,9033.0
2012-06-25,82.0,84.5999984741211,82.0,82.5999984741211,17759.0
2012-06-26,82.55000305175781,83.5,82.55000305175781,83.3499984741211,14156.0
2012-06-27,83.0999984741211,83.9000015258789,80.5,80.69999694824219,47255.0
2012-06-28,80.69999694824219,81.69999694824219,78.4000015258789,80.25,20622.0
2012-06-29,80.30000305175781,82.75,78.0,81.3499984741211,46385.0
2012-07-02,81.19999694824219,81.5999984741211,80.0999984741211,81.0,22673.0
2012-07-03,80.5,82.9000015258789,80.1500015258789,81.5,15488.0
2012-07-04,81.75,82.80000305175781,81.5,82.55000305175781,30342.0
2012-07-05,82.5,85.0,82.5,84.30000305175781,143289.0
2012-07-06,83.6500015258789,84.5,83.1500015258789,83.75,26230.0
2012-07-09,83.9000015258789,85.0,82.19999694824219,83.05000305175781,20458.0
2012-07-10,82.55000305175781,83.69999694824219,81.0,82.4000015258789,18870.0
2012-07-11,82.5,83.19999694824219,81.05000305175781,81.8499984741211,12265.0
2012-07-12,82.0999984741211,82.9000015258789,80.0,81.80000305175781,23310.0
2012-07-13,80.5999984741211,84.3499984741211,80.5999984741211,83.6500015258789,37775.0
2012-07-16,82.0999984741211,83.0,81.55000305175781,81.80000305175781,9132.0
2012-07-17,82.0,83.4000015258789,79.69999694824219,80.0999984741211,22064.0
2012-07-18,80.0999984741211,83.9000015258789,76.75,80.75,59050.0
2012-07-19,81.25,81.69999694824219,80.5,81.4000015258789,22970.0
2012-07-20,80.5,81.9000015258789,78.75,79.19999694824219,189233.0
2012-07-23,80.0,82.0,78.55000305175781,79.9000015258789,56886.0
2012-07-24,80.4000015258789,80.9000015258789,78.5,78.80000305175781,14907.0
2012-07-25,78.0999984741211,79.0,77.0999984741211,78.1500015258789,11971.0
2012-07-26,78.9000015258789,79.4000015258789,76.0999984741211,77.5,16198.0
2012-07-27,78.9000015258789,79.5,76.0999984741211,77.9000015258789,22454.0
2012-07-30,77.0999984741211,79.5999984741211,76.0999984741211,78.44999694824219,13667.0
2012-07-31,77.0999984741211,80.1500015258789,77.0,78.0,10780.0
2012-08-01,78.9000015258789,80.4000015258789,77.75,79.05000305175781,6761.0
2012-08-02,78.25,80.0,78.0999984741211,79.5999984741211,2921.0
2012-08-03,80.0,80.0,77.0,79.1500015258789,19185.0
2012-08-06,79.0,80.30000305175781,79.0,79.75,25633.0
2012-08-07,80.19999694824219,80.19999694824219,78.0,78.6500015258789,9373.0
2012-08-08,79.4000015258789,79.5,77.5999984741211,78.5,24956.0
2012-08-09,78.9000015258789,78.9000015258789,77.19999694824219,77.5,1775.0
2012-08-10,77.0999984741211,79.5,77.0,77.25,4437.0
2012-08-13,77.25,78.19999694824219,74.0,77.8499984741211,19641.0
2012-08-14,78.0,79.0,76.05000305175781,78.05000305175781,13568.0
2012-08-16,76.1500015258789,79.80000305175781,76.1500015258789,79.0,12884.0
2012-08-17,79.5,79.9000015258789,77.1500015258789,78.94999694824219,6812.0
2012-08-21,80.0,80.0,78.19999694824219,78.3499984741211,22872.0
2012-08-22,78.75,79.5999984741211,76.5,77.0999984741211,51219.0
2012-08-23,77.9000015258789,79.44999694824219,75.5,76.4000015258789,12113.0
2012-08-24,75.6500015258789,80.19999694824219,75.30000305175781,77.75,20962.0
2012-08-27,77.0,77.5,75.1500015258789,75.94999694824219,6553.0
2012-08-28,75.0999984741211,77.9000015258789,72.30000305175781,75.75,64812.0
2012-08-29,76.0,76.0,74.0,74.5,31893.0
2012-08-30,74.19999694824219,76.5,74.0,76.05000305175781,33968.0
2012-08-31,79.44999694824219,79.44999694824219,72.25,74.9000015258789,57420.0
2012-09-03,75.1500015258789,75.94999694824219,72.3499984741211,72.9000015258789,30482.0
2012-09-04,71.80000305175781,73.4000015258789,71.80000305175781,72.55000305175781,19808.0
2012-09-05,72.0,73.94999694824219,70.5999984741211,71.5,14601.0
2012-09-06,71.5,73.69999694824219,68.19999694824219,69.5,14643.0
2012-09-07,70.4000015258789,74.0,70.25,72.0,26308.0
2012-09-10,77.80000305175781,77.9000015258789,73.0,73.1500015258789,69720.0
2012-09-11,72.0999984741211,74.0,72.05000305175781,72.69999694824219,31970.0
2012-09-12,73.0,73.0,71.3499984741211,72.0,15355.0
2012-09-13,71.5,73.4000015258789,70.3499984741211,70.75,12884.0
2012-09-14,72.94999694824219,73.9000015258789,71.0,72.44999694824219,46856.0
2012-09-17,73.0999984741211,74.19999694824219,72.0,73.30000305175781,109226.0
2012-09-18,73.19999694824219,73.9000015258789,73.0,73.3499984741211,107542.0
2012-09-20,70.1500015258789,73.75,70.1500015258789,73.30000305175781,41543.0
2012-09-21,71.0999984741211,73.80000305175781,71.0999984741211,72.05000305175781,136329.0
2012-09-24,72.05000305175781,73.9000015258789,71.69999694824219,72.1500015258789,178716.0
2012-09-25,72.25,73.80000305175781,71.5,72.44999694824219,406323.0
2012-09-26,73.19999694824219,73.6500015258789,70.0,70.80000305175781,356573.0
2012-09-27,71.30000305175781,73.5999984741211,71.25,72.55000305175781,265776.0
2012-09-28,73.4000015258789,73.5,70.80000305175781,71.30000305175781,184546.0
2012-10-01,71.94999694824219,73.6500015258789,71.0,73.19999694824219,315268.0
2012-10-03,73.9000015258789,74.0,72.0999984741211,73.25,225205.0
2012-10-04,73.55000305175781,80.55000305175781,72.6500015258789,80.55000305175781,3126079.0
2012-10-05,83.0,88.5999984741211,80.5,86.75,4119047.0
2012-10-08,87.69999694824219,95.4000015258789,84.5999984741211,94.5500030517578,4476301.0
2012-10-09,94.9499969482422,99.25,92.0500030517578,99.25,3635463.0
2012-10-10,100.6999969482422,103.5999984741211,94.3000030517578,94.3000030517578,2294670.0
2012-10-11,90.05000305175781,94.4499969482422,89.5999984741211,89.6500015258789,1528410.0
2012-10-12,93.0,94.0999984741211,92.8000030517578,94.0999984741211,855822.0
2012-10-15,98.8000030517578,98.8000030517578,98.8000030517578,98.8000030517578,153194.0
2012-10-16,103.6999969482422,103.6999969482422,103.6999969482422,103.6999969482422,340229.0
2012-10-17,108.8499984741211,108.8499984741211,100.3000030517578,107.5500030517578,6216083.0
2012-10-18,107.6999969482422,112.9000015258789,104.0,111.25,1818058.0
2012-10-19,116.8000030517578,116.8000030517578,112.5500030517578,116.8000030517578,1394944.0
2012-10-22,120.6999969482422,121.6999969482422,112.0999984741211,116.1999969482422,1126032.0
2012-10-23,118.1999969482422,119.3000030517578,110.4000015258789,110.4000015258789,754879.0
2012-10-25,107.0,112.4499969482422,104.9000015258789,105.8499984741211,726397.0
2012-10-29,103.0,105.5,95.9000015258789,97.3000030517578,863851.0
2012-10-30,96.0999984741211,101.4000015258789,92.5500030517578,93.4000015258789,986894.0
2012-10-31,93.0500030517578,98.0500030517578,90.6500015258789,98.0500030517578,911523.0
2012-11-01,100.0500030517578,102.9499969482422,96.5,100.75,1202317.0
2012-11-02,101.3000030517578,104.9000015258789,100.0500030517578,102.75,920360.0
2012-11-05,101.0,105.6999969482422,98.5500030517578,101.6500015258789,387682.0
2012-11-06,101.9499969482422,106.6999969482422,101.9000015258789,106.6999969482422,649473.0
2012-11-07,108.9000015258789,116.5,107.5,114.4000015258789,1799467.0
2012-11-08,113.4000015258789,123.0,111.9000015258789,117.5500030517578,2550311.0
2012-11-09,119.4000015258789,122.0,112.5500030517578,113.5500030517578,1401298.0
2012-11-12,114.6500015258789,124.9000015258789,112.1999969482422,124.9000015258789,3641262.0
2012-11-15,130.0,135.4499969482422,125.0500030517578,132.25,2142914.0
2012-11-16,132.6999969482422,134.5,121.0500030517578,123.5999984741211,1581241.0
2012-11-19,125.3499984741211,126.4499969482422,119.0,120.8000030517578,900123.0
2012-11-20,121.5500030517578,124.5500030517578,114.0,114.5500030517578,1163581.0
2012-11-21,115.9000015258789,126.0,115.9000015258789,125.3000030517578,4511053.0
2012-11-22,126.0,129.4499969482422,122.5,125.5,2034329.0
2012-11-23,125.8000030517578,132.0,124.5500030517578,128.35000610351562,2427966.0
2012-11-26,129.1999969482422,139.6999969482422,128.5,134.1999969482422,3342316.0
2012-11-27,135.0,138.8000030517578,134.0500030517578,135.0,2267492.0
2012-11-29,136.0500030517578,141.5,131.5,133.35000610351562,2355920.0
2012-11-30,134.75,135.64999389648438,131.0500030517578,132.25,957837.0
2012-12-03,133.4499969482422,141.5,132.25,139.5500030517578,2104716.0
2012-12-04,142.0,142.75,136.10000610351562,137.8000030517578,1497187.0
2012-12-05,138.9499969482422,140.8000030517578,134.5,137.75,1494970.0
2012-12-06,138.89999389648438,142.64999389648438,134.5500030517578,141.0,2129036.0
2012-12-07,141.85000610351562,141.85000610351562,132.5500030517578,135.1999969482422,1144297.0
2012-12-10,135.89999389648438,138.25,134.5,136.5,727201.0
2012-12-11,137.0500030517578,138.6999969482422,129.4499969482422,132.9499969482422,1039222.0
2012-12-12,133.5,136.5,131.1999969482422,134.60000610351562,814961.0
2012-12-13,135.5500030517578,135.8000030517578,128.3000030517578,130.39999389648438,949117.0
2012-12-14,131.9499969482422,137.6999969482422,130.89999389648438,136.35000610351562,1089349.0
2012-12-17,136.9499969482422,149.9499969482422,135.9499969482422,146.89999389648438,3794340.0
2012-12-18,148.0,149.0,140.60000610351562,146.64999389648438,2096508.0
2012-12-19,147.75,155.60000610351562,146.0,153.5500030517578,3120522.0
2012-12-20,155.0,164.39999389648438,150.10000610351562,158.4499969482422,5204010.0
2012-12-21,157.0,158.0,151.0,152.0500030517578,1768263.0
2012-12-24,153.5500030517578,157.8000030517578,152.5,153.1999969482422,837808.0
2012-12-26,155.6999969482422,161.1999969482422,153.6999969482422,160.0,1633156.0
2012-12-27,162.89999389648438,164.5,154.5,156.85000610351562,2434489.0
2012-12-28,157.64999389648438,160.89999389648438,153.5500030517578,155.8000030517578,1262226.0
2012-12-31,155.8000030517578,159.25,154.14999389648438,156.60000610351562,712553.0
2013-01-01,157.60000610351562,163.39999389648438,157.60000610351562,162.1999969482422,1090998.0
2013-01-02,163.89999389648438,163.89999389648438,157.1999969482422,158.6999969482422,955642.0
2013-01-03,159.64999389648438,162.4499969482422,157.5,161.14999389648438,1035381.0
2013-01-04,161.64999389648438,161.6999969482422,157.0,158.8000030517578,709016.0
2013-01-07,159.64999389648438,168.39999389648438,159.25,162.1999969482422,2040024.0
2013-01-08,161.10000610351562,163.5,158.0,161.14999389648438,1294073.0
2013-01-09,161.6999969482422,164.75,158.3000030517578,159.3000030517578,874665.0
2013-01-10,160.75,161.5,156.0,157.4499969482422,801828.0
2013-01-11,157.89999389648438,159.10000610351562,148.39999389648438,150.0500030517578,1454955.0
2013-01-14,150.89999389648438,156.35000610351562,146.0,154.9499969482422,1614098.0
2013-01-15,155.75,158.8000030517578,153.8000030517578,154.60000610351562,1084586.0
2013-01-16,154.5,158.39999389648438,152.6999969482422,156.1999969482422,1972069.0
2013-01-17,156.64999389648438,160.9499969482422,152.8000030517578,157.75,1235772.0
2013-01-18,157.10000610351562,159.89999389648438,156.14999389648438,158.9499969482422,1154323.0
2013-01-21,158.0,159.89999389648438,155.5,157.9499969482422,464174.0
2013-01-22,158.0,158.6999969482422,150.5500030517578,151.9499969482422,535561.0
2013-01-23,152.6999969482422,153.89999389648438,145.0,150.89999389648438,945222.0
2013-01-24,151.85000610351562,151.85000610351562,132.3000030517578,135.75,1718121.0
2013-01-25,130.0,144.5,130.0,142.6999969482422,1154138.0
2013-01-28,143.89999389648438,145.85000610351562,141.5,143.35000610351562,377635.0
2013-01-29,142.89999389648438,148.0,137.3000030517578,138.5,924739.0
2013-01-30,140.0,141.8000030517578,138.10000610351562,139.0500030517578,425773.0
2013-01-31,139.39999389648438,140.3000030517578,133.5500030517578,136.64999389648438,458038.0
2013-02-01,137.8000030517578,141.39999389648438,135.3000030517578,138.60000610351562,530205.0
2013-02-04,139.6999969482422,140.8000030517578,133.75,135.39999389648438,532688.0
2013-02-05,134.0,136.1999969482422,129.5,134.8000030517578,646503.0
2013-02-06,135.75,137.39999389648438,132.0,135.0500030517578,383886.0
2013-02-07,135.0500030517578,136.89999389648438,129.5,131.5,487956.0
2013-02-08,131.8000030517578,132.9499969482422,126.6999969482422,127.75,407222.0
2013-02-11,128.10000610351562,128.10000610351562,122.5,123.4499969482422,568722.0
2013-02-12,122.0999984741211,122.0999984741211,98.8000030517578,101.3000030517578,10185517.0
2013-02-13,102.4499969482422,108.9000015258789,81.25,83.30000305175781,10106548.0
2013-02-14,85.0,88.8499984741211,78.0,86.94999694824219,9071237.0
2013-02-15,86.5,89.69999694824219,83.30000305175781,88.1500015258789,3252932.0
2013-02-18,87.5,92.0,85.94999694824219,87.69999694824219,3374822.0
2013-02-19,88.5,91.0,87.0999984741211,90.0999984741211,1708606.0
2013-02-20,90.5999984741211,92.0999984741211,83.0,87.5,5246430.0
2013-02-21,85.0,87.69999694824219,83.6500015258789,84.9000015258789,1168329.0
2013-02-22,85.05000305175781,86.4000015258789,84.19999694824219,84.6500015258789,788468.0
2013-02-25,84.94999694824219,87.80000305175781,76.19999694824219,76.19999694824219,3009976.0
2013-02-26,76.19999694824219,76.19999694824219,69.5,70.3499984741211,2376741.0
2013-02-27,69.0999984741211,73.8499984741211,68.4000015258789,73.69999694824219,1435676.0
2013-02-28,74.94999694824219,77.25,70.05000305175781,70.80000305175781,1072106.0
2013-03-01,69.05000305175781,72.5,67.6500015258789,69.8499984741211,647110.0
2013-03-04,68.1500015258789,68.1500015258789,66.4000015258789,66.4000015258789,726283.0
2013-03-05,66.8499984741211,69.69999694824219,65.0,69.69999694824219,439185.0
2013-03-06,70.9000015258789,73.1500015258789,70.9000015258789,73.1500015258789,227677.0
2013-03-07,76.80000305175781,76.80000305175781,72.0999984741211,76.6500015258789,1380696.0
2013-03-08,77.69999694824219,79.80000305175781,75.19999694824219,78.6500015258789,1038645.0
2013-03-11,79.25,80.80000305175781,79.0,79.80000305175781,661641.0
2013-03-12,80.1500015258789,80.69999694824219,75.8499984741211,76.05000305175781,408146.0
2013-03-13,76.05000305175781,76.05000305175781,72.3499984741211,73.19999694824219,265446.0
2013-03-14,73.0,75.0,72.30000305175781,74.1500015258789,359088.0
2013-03-15,75.30000305175781,77.4000015258789,73.5,73.94999694824219,376670.0
2013-03-18,76.30000305175781,76.30000305175781,70.30000305175781,70.55000305175781,1178345.0
2013-03-19,72.69999694824219,72.69999694824219,67.05000305175781,67.05000305175781,453817.0
2013-03-20,66.94999694824219,67.4000015258789,63.70000076293945,63.70000076293945,489147.0
2013-03-21,63.70000076293945,64.5,60.54999923706055,60.54999923706055,605813.0
2013-03-22,59.45000076293945,60.0,57.54999923706055,57.70000076293945,356514.0
2013-03-25,58.25,60.54999923706055,57.150001525878906,58.54999923706055,680176.0
2013-03-26,58.09999847412109,58.54999923706055,55.650001525878906,56.79999923706055,271886.0
2013-03-28,56.45000076293945,59.59999847412109,55.25,59.59999847412109,247778.0
2013-04-01,60.34999847412109,62.54999923706055,60.34999847412109,62.54999923706055,100883.0
2013-04-02,65.4000015258789,65.6500015258789,64.0,65.6500015258789,521901.0
2013-04-03,67.4000015258789,67.5,62.400001525878906,62.79999923706055,484306.0
2013-04-04,62.0,64.19999694824219,60.79999923706055,61.84999847412109,526223.0
2013-04-05,62.0,64.9000015258789,61.34999847412109,62.5,376364.0
2013-04-08,63.0,63.95000076293945,60.25,60.95000076293945,133705.0
2013-04-09,61.0,62.0,57.95000076293945,58.0,283355.0
2013-04-10,58.0,60.900001525878906,57.54999923706055,60.59999847412109,377030.0
2013-04-11,62.0,62.79999923706055,59.0,59.5,295761.0
2013-04-12,59.0,59.20000076293945,57.54999923706055,58.20000076293945,140683.0
2013-04-15,58.25,60.900001525878906,58.09999847412109,59.54999923706055,263131.0
2013-04-16,60.0,62.5,59.0,62.5,410851.0
2013-04-17,63.75,64.5,59.400001525878906,61.5,603648.0
2013-04-18,62.79999923706055,63.400001525878906,61.5,62.5,284659.0
2013-04-22,63.84999847412109,65.5999984741211,62.09999847412109,65.5999984741211,381531.0
2013-04-23,67.3499984741211,67.3499984741211,64.25,65.0,408797.0
2013-04-25,66.44999694824219,68.25,64.5,67.5,906883.0
2013-04-26,67.4000015258789,67.5999984741211,64.1500015258789,64.1500015258789,273654.0
2013-04-29,63.09999847412109,66.1500015258789,63.0,64.94999694824219,153235.0
2013-04-30,65.6500015258789,66.75,63.0,64.05000305175781,246616.0
2013-05-02,65.0,66.5,63.95000076293945,64.9000015258789,186138.0
2013-05-03,64.80000305175781,66.19999694824219,63.5,64.8499984741211,188646.0
2013-05-06,64.8499984741211,65.8499984741211,64.5,65.1500015258789,134630.0
2013-05-07,65.5999984741211,67.94999694824219,65.1500015258789,67.3499984741211,305422.0
2013-05-08,68.5,73.5,67.6500015258789,72.44999694824219,944137.0
2013-05-09,73.69999694824219,74.19999694824219,70.0,70.6500015258789,546768.0
2013-05-10,70.6500015258789,71.4000015258789,68.9000015258789,69.4000015258789,168872.0
2013-05-13,77.69999694824219,77.69999694824219,71.1500015258789,72.05000305175781,1096716.0
2013-05-14,72.69999694824219,73.75,71.05000305175781,72.25,295757.0
2013-05-15,72.9000015258789,78.4000015258789,72.19999694824219,76.8499984741211,975335.0
2013-05-16,76.55000305175781,80.19999694824219,75.25,78.55000305175781,1067494.0
2013-05-17,80.4000015258789,81.4000015258789,76.5,77.55000305175781,955025.0
2013-05-20,77.25,78.05000305175781,74.0,74.55000305175781,822178.0
2013-05-21,74.94999694824219,76.44999694824219,73.5,75.69999694824219,300095.0
2013-05-22,76.25,77.80000305175781,73.69999694824219,74.69999694824219,261988.0
2013-05-23,74.0,74.0,67.75,71.5,495304.0
2013-05-24,73.5999984741211,78.19999694824219,71.30000305175781,75.80000305175781,469162.0
2013-05-27,76.19999694824219,78.5,76.19999694824219,77.94999694824219,361783.0
2013-05-28,78.0,79.0,76.0,76.80000305175781,286415.0
2013-05-29,77.94999694824219,77.94999694824219,73.44999694824219,73.94999694824219,129936.0
2013-05-30,74.69999694824219,75.5,71.55000305175781,74.44999694824219,194145.0
2013-05-31,74.8499984741211,74.8499984741211,70.44999694824219,71.1500015258789,205185.0
2013-06-03,71.30000305175781,75.9000015258789,71.19999694824219,75.25,176874.0
2013-06-04,74.0,79.4000015258789,74.0,76.69999694824219,449431.0
2013-06-05,76.0,76.44999694824219,73.69999694824219,74.75,540530.0
2013-06-06,74.0,76.44999694824219,73.9000015258789,74.6500015258789,217666.0
2013-06-07,75.0,75.75,72.5999984741211,73.30000305175781,147895.0
2013-06-10,75.30000305175781,75.6500015258789,72.9000015258789,73.19999694824219,213080.0
2013-06-11,73.19999694824219,73.55000305175781,69.25,70.19999694824219,173159.0
2013-06-12,69.0,71.80000305175781,69.0,70.4000015258789,123444.0
2013-06-13,70.0,71.4000015258789,68.69999694824219,69.0,105664.0
2013-06-14,69.19999694824219,71.4000015258789,69.0,69.80000305175781,132508.0
2013-06-17,69.0,70.80000305175781,68.19999694824219,70.44999694824219,360702.0
2013-06-18,71.0,71.0,67.0,68.25,194291.0
2013-06-19,66.55000305175781,70.05000305175781,66.55000305175781,69.75,164534.0
2013-06-20,68.5,70.0,66.0999984741211,66.69999694824219,189570.0
2013-06-21,66.5,67.3499984741211,64.0,65.44999694824219,342467.0
2013-06-24,65.0,66.94999694824219,60.09999847412109,61.400001525878906,252350.0
2013-06-25,61.34999847412109,63.5,55.29999923706055,58.95000076293945,395945.0
2013-06-26,59.20000076293945,59.79999923706055,53.09999847412109,54.04999923706055,611049.0
2013-06-27,54.0,55.0,51.34999847412109,51.34999847412109,270891.0
2013-06-28,48.79999923706055,53.900001525878906,48.79999923706055,52.70000076293945,736610.0
2013-07-01,53.0,55.29999923706055,52.09999847412109,55.29999923706055,201957.0
2013-07-02,55.45000076293945,58.04999923706055,55.09999847412109,58.04999923706055,589747.0
2013-07-03,58.900001525878906,58.900001525878906,55.150001525878906,55.150001525878906,207887.0
2013-07-04,55.09999847412109,57.0,53.04999923706055,54.84999847412109,131379.0
2013-07-05,55.5,56.5,53.150001525878906,53.95000076293945,89154.0
2013-07-08,54.0,54.04999923706055,51.29999923706055,53.59999847412109,215505.0
2013-07-09,54.95000076293945,55.0,54.0,54.95000076293945,160570.0
2013-07-10,54.29999923706055,55.0,52.75,53.5,179691.0
2013-07-11,53.70000076293945,55.5,52.5,53.650001525878906,148029.0
2013-07-12,53.84999847412109,55.0,52.0,52.75,253603.0
2013-07-15,52.150001525878906,55.34999847412109,52.150001525878906,55.34999847412109,274064.0
2013-07-16,55.45000076293945,56.0,53.95000076293945,55.150001525878906,401213.0
2013-07-17,55.09999847412109,57.900001525878906,54.650001525878906,57.900001525878906,547011.0
2013-07-18,58.0,60.75,58.0,60.54999923706055,579569.0
2013-07-19,61.900001525878906,61.900001525878906,57.54999923706055,57.70000076293945,272615.0
2013-07-22,57.04999923706055,59.5,57.0,58.45000076293945,75362.0
2013-07-23,59.75,60.59999847412109,57.95000076293945,59.20000076293945,141191.0
2013-07-24,58.95000076293945,58.95000076293945,56.25,56.34999847412109,347369.0
2013-07-25,55.0,56.650001525878906,54.5,55.04999923706055,66819.0
2013-07-26,54.0,55.900001525878906,53.79999923706055,54.45000076293945,84738.0
2013-07-29,54.25,55.70000076293945,53.79999923706055,54.45000076293945,88140.0
2013-07-30,54.04999923706055,54.900001525878906,53.5,54.09999847412109,124954.0
2013-07-31,54.0,54.5,51.79999923706055,53.54999923706055,89038.0
2013-08-01,53.150001525878906,55.25,53.150001525878906,53.75,139423.0
2013-08-02,53.400001525878906,54.25,52.0,52.650001525878906,106487.0
2013-08-05,52.0,53.29999923706055,51.45000076293945,51.59999847412109,141136.0
2013-08-06,51.400001525878906,52.0,49.54999923706055,50.45000076293945,206659.0
2013-08-07,50.04999923706055,52.0,49.79999923706055,51.0,215155.0
2013-08-08,50.29999923706055,53.54999923706055,50.29999923706055,53.54999923706055,439256.0
2013-08-12,54.29999923706055,55.29999923706055,52.0,53.59999847412109,262050.0
2013-08-13,53.25,56.25,53.25,56.25,278265.0
2013-08-14,57.95000076293945,59.04999923706055,56.25,59.04999923706055,128096.0
2013-08-16,60.0,61.0,56.400001525878906,56.900001525878906,303517.0
2013-08-19,56.0,56.70000076293945,54.09999847412109,56.0,77934.0
2013-08-20,53.5,58.0,53.5,57.400001525878906,144511.0
2013-08-21,60.25,60.25,57.09999847412109,58.0,258448.0
2013-08-22,57.79999923706055,59.70000076293945,56.400001525878906,58.45000076293945,306791.0
2013-08-23,57.59999847412109,61.34999847412109,57.59999847412109,59.04999923706055,245302.0
2013-08-26,59.0,60.84999847412109,57.5,57.79999923706055,54914.0
2013-08-27,57.04999923706055,58.29999923706055,56.25,56.59999847412109,32214.0
2013-08-28,56.25,56.5,54.150001525878906,55.400001525878906,64776.0
2013-08-29,55.04999923706055,56.79999923706055,54.0,54.650001525878906,99469.0
2013-08-30,54.0,56.20000076293945,53.54999923706055,54.400001525878906,37158.0
2013-09-02,54.0,56.70000076293945,54.0,55.95000076293945,51289.0
2013-09-03,56.0,56.79999923706055,55.04999923706055,55.34999847412109,562238.0
2013-09-04,55.0,56.20000076293945,54.25,55.400001525878906,88735.0
2013-09-05,55.5,58.150001525878906,55.5,58.150001525878906,104397.0
2013-09-06,58.5,59.5,56.09999847412109,56.79999923706055,168435.0
2013-09-10,57.95000076293945,59.0,56.5,57.0,143773.0
2013-09-11,57.04999923706055,58.45000076293945,56.09999847412109,56.95000076293945,205509.0
2013-09-12,56.54999923706055,61.45000076293945,56.54999923706055,58.0,340733.0
2013-09-13,57.5,60.20000076293945,57.5,58.95000076293945,176238.0
2013-09-16,59.95000076293945,59.95000076293945,56.79999923706055,57.09999847412109,142044.0
2013-09-17,56.95000076293945,57.150001525878906,55.79999923706055,56.20000076293945,50341.0
2013-09-18,55.95000076293945,56.95000076293945,55.84999847412109,56.09999847412109,36179.0
2013-09-19,57.04999923706055,59.900001525878906,57.0,59.20000076293945,244204.0
2013-09-20,59.0,59.650001525878906,54.79999923706055,56.150001525878906,247056.0
2013-09-23,56.150001525878906,56.95000076293945,55.29999923706055,56.150001525878906,53554.0
2013-09-24,56.0,58.0,54.95000076293945,56.59999847412109,113432.0
2013-09-25,56.04999923706055,58.0,56.0,56.25,71358.0
2013-09-26,56.0,57.0,56.0,56.45000076293945,23381.0
2013-09-27,56.45000076293945,56.95000076293945,56.0,56.04999923706055,48762.0
2013-09-30,56.0,58.25,55.900001525878906,57.04999923706055,167344.0
2013-10-01,56.0,57.45000076293945,56.0,56.75,39674.0
2013-10-03,56.75,59.0,56.75,58.34999847412109,188525.0
2013-10-04,58.04999923706055,61.5,57.59999847412109,58.59999847412109,171906.0
2013-10-07,58.95000076293945,58.95000076293945,56.04999923706055,56.79999923706055,72309.0
2013-10-08,57.45000076293945,62.45000076293945,57.400001525878906,61.650001525878906,471361.0
2013-10-09,62.54999923706055,66.19999694824219,60.09999847412109,65.05000305175781,898964.0
2013-10-10,65.55000305175781,66.94999694824219,62.54999923706055,62.95000076293945,463923.0
2013-10-11,63.900001525878906,65.75,62.20000076293945,63.54999923706055,239787.0
2013-10-14,63.04999923706055,64.30000305175781,61.29999923706055,61.59999847412109,153557.0
2013-10-15,62.29999923706055,63.150001525878906,60.0,60.34999847412109,209069.0
2013-10-17,60.79999923706055,62.29999923706055,59.150001525878906,60.150001525878906,123469.0
2013-10-18,59.95000076293945,64.80000305175781,59.54999923706055,64.0999984741211,321074.0
2013-10-21,66.0,70.5,64.6500015258789,68.19999694824219,2452169.0
2013-10-22,68.4000015258789,68.75,66.0999984741211,66.55000305175781,389485.0
2013-10-23,66.5999984741211,67.5,63.0,63.900001525878906,393375.0
2013-10-24,64.0,66.5,63.29999923706055,63.650001525878906,249747.0
2013-10-25,64.0,64.0,60.20000076293945,61.34999847412109,171987.0
2013-10-28,61.95000076293945,62.0,57.25,58.20000076293945,178290.0
2013-10-29,58.34999847412109,59.75,56.54999923706055,59.04999923706055,386854.0
2013-10-30,58.59999847412109,62.45000076293945,58.59999847412109,60.54999923706055,352154.0
2013-10-31,60.29999923706055,62.34999847412109,60.09999847412109,61.25,201617.0
2013-11-01,61.5,63.70000076293945,61.45000076293945,62.70000076293945,534835.0
2013-11-05,61.70000076293945,64.30000305175781,60.29999923706055,62.70000076293945,335033.0
2013-11-06,63.29999923706055,63.70000076293945,59.59999847412109,60.29999923706055,424955.0
2013-11-07,61.150001525878906,65.9000015258789,60.45000076293945,62.0,871327.0
2013-11-08,62.34999847412109,63.79999923706055,59.79999923706055,62.29999923706055,410229.0
2013-11-11,62.29999923706055,62.29999923706055,60.04999923706055,60.25,127016.0
2013-11-12,60.5,62.900001525878906,59.84999847412109,60.150001525878906,246454.0
2013-11-13,59.84999847412109,62.70000076293945,59.25,62.150001525878906,388617.0
2013-11-14,64.25,65.5999984741211,61.59999847412109,62.400001525878906,644211.0
2013-11-18,61.95000076293945,63.84999847412109,61.25,63.25,264110.0
2013-11-19,63.59999847412109,64.5,62.54999923706055,63.04999923706055,263785.0
2013-11-20,62.5,65.5,62.5,63.09999847412109,558222.0
2013-11-21,63.29999923706055,63.29999923706055,61.09999847412109,61.34999847412109,165630.0
2013-11-22,61.5,62.25,60.09999847412109,60.34999847412109,143684.0
2013-11-25,61.25,61.900001525878906,60.400001525878906,61.54999923706055,146557.0
2013-11-26,61.0,61.70000076293945,59.34999847412109,59.79999923706055,135906.0
2013-11-27,60.0,60.59999847412109,56.09999847412109,57.79999923706055,262271.0
2013-11-28,59.0,60.20000076293945,58.54999923706055,59.150001525878906,218457.0
2013-11-29,59.0,60.70000076293945,58.54999923706055,59.84999847412109,182976.0
2013-12-02,59.59999847412109,61.20000076293945,59.59999847412109,60.54999923706055,139407.0
2013-12-03,60.54999923706055,63.79999923706055,60.09999847412109,63.0,460359.0
2013-12-04,64.0,64.0,60.150001525878906,60.84999847412109,596662.0
2013-12-05,62.29999923706055,62.59999847412109,61.0,61.400001525878906,184745.0
2013-12-06,61.70000076293945,61.70000076293945,60.25,60.75,107648.0
2013-12-09,62.45000076293945,62.45000076293945,60.150001525878906,60.45000076293945,176736.0
2013-12-10,60.900001525878906,61.0,59.0,59.400001525878906,139479.0
2013-12-11,59.09999847412109,59.5,58.09999847412109,58.400001525878906,119304.0
2013-12-12,58.0,59.0,56.84999847412109,57.25,123212.0
2013-12-13,57.04999923706055,57.45000076293945,56.20000076293945,56.400001525878906,95294.0
2013-12-16,56.0,57.150001525878906,55.09999847412109,55.900001525878906,182344.0
2013-12-17,55.79999923706055,56.59999847412109,54.400001525878906,54.84999847412109,87153.0
2013-12-18,54.59999847412109,59.79999923706055,54.25,59.04999923706055,348150.0
2013-12-19,60.79999923706055,62.54999923706055,59.84999847412109,60.59999847412109,1330020.0
2013-12-20,60.5,60.900001525878906,59.0,60.20000076293945,602759.0
2013-12-23,60.79999923706055,62.25,59.04999923706055,59.900001525878906,671028.0
2013-12-24,60.04999923706055,62.0,59.04999923706055,59.400001525878906,581092.0
2013-12-26,59.900001525878906,62.5,58.70000076293945,60.84999847412109,1264853.0
2013-12-27,61.5,61.79999923706055,60.150001525878906,60.54999923706055,397949.0
2013-12-30,61.34999847412109,61.59999847412109,59.54999923706055,59.75,267147.0
2013-12-31,59.59999847412109,61.20000076293945,59.09999847412109,59.45000076293945,311224.0
2014-01-01,59.54999923706055,71.0,59.54999923706055,69.80000305175781,5531316.0
2014-01-02,68.75,69.5999984741211,61.70000076293945,62.29999923706055,3202553.0
2014-01-03,61.5,63.29999923706055,59.75,62.0,1094947.0
2014-01-06,61.95000076293945,64.0,60.650001525878906,61.54999923706055,659983.0
2014-01-07,61.04999923706055,62.45000076293945,59.400001525878906,59.75,586841.0
2014-01-08,60.150001525878906,61.0,58.59999847412109,60.04999923706055,722109.0
2014-01-09,62.59999847412109,65.1500015258789,60.54999923706055,61.20000076293945,3269189.0
2014-01-10,61.59999847412109,63.34999847412109,59.900001525878906,60.25,987903.0
2014-01-13,60.09999847412109,61.650001525878906,59.59999847412109,60.150001525878906,382961.0
2014-01-14,60.20000076293945,60.59999847412109,58.70000076293945,59.0,376965.0
2014-01-15,58.75,60.150001525878906,58.75,59.29999923706055,322723.0
2014-01-16,59.75,59.95000076293945,58.54999923706055,58.79999923706055,334407.0
2014-01-17,58.900001525878906,59.400001525878906,56.54999923706055,56.900001525878906,375109.0
2014-01-20,56.0,58.900001525878906,56.0,57.95000076293945,387377.0
2014-01-21,58.59999847412109,59.59999847412109,57.20000076293945,58.09999847412109,353825.0
2014-01-22,57.95000076293945,58.59999847412109,56.59999847412109,57.400001525878906,203253.0
2014-01-23,57.25,60.34999847412109,56.79999923706055,59.29999923706055,716730.0
2014-01-24,60.09999847412109,60.45000076293945,56.900001525878906,57.150001525878906,1199371.0
2014-01-27,56.59999847412109,56.59999847412109,53.95000076293945,54.25,490532.0
2014-01-28,54.29999923706055,55.59999847412109,53.20000076293945,54.20000076293945,593455.0
2014-01-29,54.900001525878906,55.5,54.0,54.25,183860.0
2014-01-30,53.75,53.84999847412109,52.20000076293945,53.0,178050.0
2014-01-31,53.09999847412109,54.0,52.20000076293945,52.95000076293945,262198.0
2014-02-03,52.25,52.84999847412109,50.5,50.75,286965.0
2014-02-04,50.25,51.0,49.04999923706055,50.5,300067.0
2014-02-05,50.400001525878906,51.70000076293945,50.0,50.95000076293945,402451.0
2014-02-06,50.900001525878906,51.650001525878906,50.34999847412109,50.84999847412109,318380.0
2014-02-07,50.900001525878906,52.95000076293945,50.900001525878906,51.54999923706055,331463.0
2014-02-10,51.5,51.900001525878906,51.0,51.400001525878906,146182.0
2014-02-11,51.0,51.70000076293945,50.54999923706055,50.75,400572.0
2014-02-12,50.84999847412109,53.75,50.5,50.84999847412109,542185.0
2014-02-13,50.59999847412109,51.09999847412109,48.0,48.25,257968.0
2014-02-14,48.29999923706055,48.900001525878906,47.75,48.29999923706055,177804.0
2014-02-17,48.54999923706055,49.29999923706055,48.09999847412109,48.45000076293945,114667.0
2014-02-18,48.34999847412109,49.59999847412109,48.09999847412109,49.20000076293945,126771.0
2014-02-19,49.20000076293945,51.09999847412109,48.0,50.5,361970.0
2014-02-20,50.650001525878906,50.650001525878906,48.900001525878906,49.20000076293945,203961.0
2014-02-21,49.84999847412109,50.25,49.04999923706055,49.79999923706055,156590.0
2014-02-24,49.29999923706055,50.0,49.0,49.20000076293945,145828.0
2014-02-25,49.25,49.84999847412109,48.29999923706055,48.75,83124.0
2014-02-26,48.84999847412109,49.150001525878906,47.70000076293945,48.5,159937.0
2014-02-28,48.75,49.5,48.29999923706055,48.84999847412109,168579.0
2014-03-03,48.400001525878906,51.20000076293945,48.09999847412109,49.70000076293945,513308.0
2014-03-04,49.5,51.5,49.400001525878906,51.0,455585.0
2014-03-05,51.04999923706055,53.09999847412109,51.0,52.70000076293945,428133.0
2014-03-06,52.75,55.900001525878906,52.20000076293945,54.59999847412109,789112.0
2014-03-07,54.59999847412109,57.5,53.150001525878906,57.0,842258.0
2014-03-10,57.900001525878906,58.34999847412109,56.5,57.650001525878906,1014469.0
2014-03-11,57.79999923706055,61.0,56.75,59.59999847412109,1144038.0
2014-03-12,59.0,59.5,57.54999923706055,57.95000076293945,270805.0
2014-03-13,58.09999847412109,58.54999923706055,53.5,56.400001525878906,263122.0
2014-03-14,55.79999923706055,56.400001525878906,54.900001525878906,55.54999923706055,133417.0
2014-03-18,54.5,56.70000076293945,54.5,55.09999847412109,179713.0
2014-03-19,56.70000076293945,56.70000076293945,54.0,54.54999923706055,152941.0
2014-03-20,54.09999847412109,59.04999923706055,54.09999847412109,56.650001525878906,420887.0
2014-03-21,56.70000076293945,57.900001525878906,55.400001525878906,56.95000076293945,168093.0
2014-03-24,57.45000076293945,58.0,55.29999923706055,55.79999923706055,82501.0
2014-03-25,55.400001525878906,56.29999923706055,54.0,54.20000076293945,215699.0
2014-03-26,54.25,55.59999847412109,53.20000076293945,53.84999847412109,254075.0
2014-03-27,53.5,55.20000076293945,53.5,54.400001525878906,195534.0
2014-03-28,55.0,56.900001525878906,54.95000076293945,56.650001525878906,315002.0
2014-03-31,57.04999923706055,61.95000076293945,56.5,60.45000076293945,539013.0
2014-04-01,60.59999847412109,61.34999847412109,57.95000076293945,59.45000076293945,437093.0
2014-04-02,59.5,60.900001525878906,59.0,59.84999847412109,408198.0
2014-04-03,60.0,62.400001525878906,58.29999923706055,60.79999923706055,616772.0
2014-04-04,60.20000076293945,63.75,60.20000076293945,62.5,780813.0
2014-04-07,62.84999847412109,65.4000015258789,61.79999923706055,64.8499984741211,933147.0
2014-04-09,66.0999984741211,69.5,66.0999984741211,67.69999694824219,1572279.0
2014-04-10,68.25,71.4000015258789,65.1500015258789,68.0999984741211,1583199.0
2014-04-11,67.5,74.6500015258789,66.5,70.75,2012592.0
2014-04-15,71.5999984741211,71.9000015258789,66.0999984741211,69.3499984741211,550361.0
2014-04-16,69.0,69.9000015258789,65.19999694824219,65.6500015258789,327771.0
2014-04-17,65.55000305175781,74.80000305175781,65.5,73.1500015258789,2475832.0
2014-04-21,73.55000305175781,75.8499984741211,72.5,72.94999694824219,604262.0
2014-04-22,73.1500015258789,74.0,70.5,71.0,272874.0
2014-04-23,70.1500015258789,73.19999694824219,69.9000015258789,72.55000305175781,457818.0
2014-04-24,72.55000305175781,72.55000305175781,72.55000305175781,72.55000305175781,0.0
2014-04-25,72.0999984741211,79.4000015258789,71.6500015258789,74.5999984741211,1692751.0
2014-04-28,73.0999984741211,73.25,70.30000305175781,70.9000015258789,749331.0
2014-04-29,71.0999984741211,74.19999694824219,67.6500015258789,72.4000015258789,643993.0
2014-04-30,73.1500015258789,73.44999694824219,67.6500015258789,69.19999694824219,340515.0
2014-05-02,69.5,70.4000015258789,67.0,68.30000305175781,323253.0
2014-05-05,67.5,68.75,64.30000305175781,64.75,330258.0
2014-05-06,65.3499984741211,65.80000305175781,63.29999923706055,63.75,192349.0
2014-05-07,63.29999923706055,64.44999694824219,61.0,61.400001525878906,240651.0
2014-05-08,62.0,62.34999847412109,58.5,58.79999923706055,302892.0
2014-05-09,58.20000076293945,63.09999847412109,58.0,62.400001525878906,387531.0
2014-05-12,62.400001525878906,63.400001525878906,59.20000076293945,59.900001525878906,693765.0
2014-05-13,60.900001525878906,63.20000076293945,60.75,61.09999847412109,678948.0
2014-05-14,61.650001525878906,65.25,60.59999847412109,63.549991607666016,962054.0
2014-05-15,64.0,64.6500015258789,60.900001525878906,61.29999923706055,349380.0
2014-05-16,62.79999923706055,65.5,61.0,62.75,798235.0
2014-05-19,63.400001525878906,69.4000015258789,62.5,68.19999694824219,1366556.0
2014-05-20,69.44999694824219,81.80000305175781,68.5,81.80000305175781,2173568.0
2014-05-21,83.30000305175781,86.4000015258789,76.5,81.44999694824219,2426069.0
2014-05-22,82.69999694824219,89.4000015258789,82.3499984741211,84.94999694824219,1420661.0
2014-05-23,85.80000305175781,89.94999694824219,85.0,87.3499984741211,995707.0
2014-05-26,90.25,94.9499969482422,73.0999984741211,78.25,1816135.0
2014-05-27,79.5,82.9000015258789,75.30000305175781,81.1500015258789,1079951.0
2014-05-28,83.0,83.25,79.30000305175781,80.05000305175781,489964.0
2014-05-29,80.94999694824219,80.94999694824219,76.30000305175781,77.0999984741211,384962.0
2014-05-30,78.0999984741211,81.5,77.1500015258789,79.0,502809.0
2014-06-02,79.19999694824219,82.69999694824219,79.0,81.80000305175781,520061.0
2014-06-03,82.0999984741211,87.9000015258789,80.05000305175781,86.4000015258789,1460741.0
2014-06-04,87.69999694824219,91.0,87.4000015258789,88.80000305175781,1317698.0
2014-06-05,89.5999984741211,90.0999984741211,86.3499984741211,87.4000015258789,602396.0
2014-06-06,88.5,91.0,86.80000305175781,87.44999694824219,943010.0
2014-06-09,88.30000305175781,104.9000015258789,88.30000305175781,100.3000030517578,4619577.0
2014-06-10,101.9499969482422,102.9000015258789,93.5500030517578,97.3499984741211,1915519.0
2014-06-11,98.3000030517578,102.9000015258789,94.0500030517578,97.9000015258789,1982625.0
2014-06-12,98.0,98.5999984741211,93.4499969482422,94.6500015258789,654919.0
2014-06-13,94.9000015258789,96.4000015258789,85.5,86.75,909165.0
2014-06-16,86.0,104.0999984741211,84.0999984741211,101.9499969482422,4896328.0
2014-06-17,103.0,106.6999969482422,100.1999969482422,102.0500030517578,2341562.0
2014-06-18,102.4499969482422,106.4499969482422,100.0,102.75,1997091.0
2014-06-19,103.8000030517578,116.25,103.0,107.5,3193534.0
2014-06-20,107.6500015258789,109.3000030517578,100.5,101.5,882860.0
2014-06-23,102.3000030517578,108.8000030517578,102.3000030517578,106.0500030517578,1213551.0
2014-06-24,106.5,112.0,105.3000030517578,110.3499984741211,1630275.0
2014-06-25,110.8499984741211,111.3499984741211,107.5999984741211,110.4000015258789,1147044.0
2014-06-26,109.5,110.8000030517578,102.1999969482422,103.1500015258789,1001169.0
2014-06-27,104.3000030517578,106.3000030517578,101.4499969482422,103.1500015258789,654807.0
2014-06-30,105.0,107.0,98.3000030517578,105.6500015258789,287934.0
2014-07-01,109.8000030517578,109.8000030517578,100.4000015258789,100.4000015258789,268670.0
2014-07-02,100.4499969482422,102.8499984741211,95.4000015258789,99.5500030517578,405302.0
2014-07-03,100.9000015258789,101.0,97.5999984741211,98.9000015258789,222270.0
2014-07-04,99.5,99.6999969482422,95.0,97.5500030517578,163240.0
2014-07-07,97.5500030517578,100.0,95.0,95.9499969482422,148834.0
2014-07-08,95.0999984741211,96.3000030517578,91.1999969482422,91.25,160936.0
2014-07-09,90.0,90.3000030517578,86.69999694824219,87.9000015258789,141428.0
2014-07-10,85.19999694824219,92.25,85.19999694824219,92.25,98400.0
2014-07-11,96.0,96.8499984741211,87.6500015258789,87.6500015258789,258582.0
2014-07-14,85.0,86.5,83.30000305175781,83.30000305175781,223792.0
2014-07-15,83.0,87.0,80.69999694824219,82.8499984741211,186149.0
2014-07-16,85.69999694824219,86.94999694824219,84.19999694824219,86.80000305175781,179731.0
2014-07-17,89.44999694824219,89.44999694824219,85.0999984741211,85.75,69699.0
2014-07-18,86.0,87.0,82.30000305175781,84.94999694824219,81744.0
2014-07-21,84.94999694824219,88.0,84.0,86.0999984741211,37473.0
2014-07-22,84.55000305175781,90.4000015258789,84.55000305175781,90.4000015258789,264073.0
2014-07-23,91.75,91.8000030517578,85.9000015258789,85.9000015258789,188969.0
2014-07-24,83.30000305175781,87.0,81.6500015258789,84.30000305175781,135152.0
2014-07-25,84.0,84.9000015258789,80.0999984741211,84.0,79349.0
2014-07-28,85.0,85.0,80.0,81.3499984741211,35253.0
2014-07-30,80.25,82.5,79.05000305175781,81.5999984741211,222798.0
2014-07-31,83.44999694824219,83.44999694824219,77.55000305175781,81.25,28632.0
2014-08-01,80.94999694824219,82.30000305175781,78.5,79.05000305175781,49873.0
2014-08-04,79.0999984741211,82.0,79.0999984741211,81.3499984741211,33505.0
2014-08-05,82.9000015258789,84.5,80.5,83.30000305175781,125467.0
2014-08-06,84.5,85.4000015258789,80.80000305175781,81.30000305175781,210109.0
2014-08-07,81.44999694824219,82.9000015258789,79.19999694824219,79.75,108825.0
2014-08-08,78.9000015258789,78.9000015258789,76.1500015258789,77.30000305175781,122895.0
2014-08-11,78.55000305175781,81.1500015258789,76.5,77.1500015258789,98297.0
2014-08-12,77.05000305175781,77.94999694824219,75.30000305175781,77.0999984741211,97169.0
2014-08-13,76.30000305175781,76.69999694824219,73.25,73.25,89118.0
2014-08-14,73.25,75.0,69.5999984741211,72.6500015258789,201232.0
2014-08-18,72.1500015258789,74.9000015258789,72.1500015258789,73.55000305175781,82981.0
2014-08-19,74.0999984741211,77.19999694824219,74.0,77.19999694824219,1040737.0
2014-08-20,77.69999694824219,81.05000305175781,76.0,81.05000305175781,318398.0
2014-08-21,83.05000305175781,83.44999694824219,77.0,77.44999694824219,265135.0
2014-08-22,76.69999694824219,77.94999694824219,74.30000305175781,75.1500015258789,170648.0
2014-08-25,74.55000305175781,76.5999984741211,73.0,74.4000015258789,230150.0
2014-08-26,73.0,76.75,73.0,75.75,114266.0
2014-08-27,78.0,78.0,76.30000305175781,77.3499984741211,92524.0
2014-08-28,77.6500015258789,80.9000015258789,77.5,80.3499984741211,875992.0
2014-09-01,80.5,84.3499984741211,80.25,84.3499984741211,407588.0
2014-09-02,84.75,87.0,82.0,82.4000015258789,267785.0
2014-09-03,83.6500015258789,84.5,80.0999984741211,82.1500015258789,199986.0
2014-09-04,80.75,81.80000305175781,78.05000305175781,78.05000305175781,80040.0
2014-09-05,75.44999694824219,79.75,73.05000305175781,74.9000015258789,530858.0
2014-09-08,75.94999694824219,79.05000305175781,75.94999694824219,76.5999984741211,90851.0
2014-09-09,77.55000305175781,77.69999694824219,75.0999984741211,75.5,58823.0
2014-09-10,75.44999694824219,77.05000305175781,74.44999694824219,74.69999694824219,203143.0
2014-09-11,77.0,78.30000305175781,75.30000305175781,75.8499984741211,320769.0
2014-09-12,76.0999984741211,76.4000015258789,74.4000015258789,75.05000305175781,92597.0
2014-09-15,75.44999694824219,78.80000305175781,74.05000305175781,75.05000305175781,330151.0
2014-09-16,75.69999694824219,77.0,71.05000305175781,71.94999694824219,201223.0
2014-09-17,72.8499984741211,73.8499984741211,70.05000305175781,71.9000015258789,115882.0
2014-09-18,72.25,79.0,71.4000015258789,75.69999694824219,446109.0
2014-09-19,76.0,77.0,74.05000305175781,74.75,210148.0
2014-09-22,73.5999984741211,80.75,73.5999984741211,76.94999694824219,595541.0
2014-09-23,77.55000305175781,78.4000015258789,72.80000305175781,73.3499984741211,197539.0
2014-09-24,73.94999694824219,73.94999694824219,69.0,70.3499984741211,138817.0
2014-09-25,70.80000305175781,71.5999984741211,63.34999847412109,66.80000305175781,244053.0
2014-09-26,65.05000305175781,68.9000015258789,65.0,68.0,408613.0
2014-09-29,68.5,69.5,67.05000305175781,68.1500015258789,106237.0
2014-09-30,68.19999694824219,68.75,65.9000015258789,67.80000305175781,169988.0
2014-10-01,67.0999984741211,68.5,65.19999694824219,65.69999694824219,284505.0
2014-10-07,65.9000015258789,67.0,62.59999847412109,63.70000076293945,190466.0
2014-10-08,63.75,66.3499984741211,62.54999923706055,62.900001525878906,211748.0
2014-10-09,64.05000305175781,68.69999694824219,62.54999923706055,67.9000015258789,761444.0
2014-10-10,68.0999984741211,68.0999984741211,60.20000076293945,63.20000076293945,1211489.0
2014-10-13,62.04999923706055,64.8499984741211,62.04999923706055,62.400001525878906,350381.0
2014-10-14,62.5,63.09999847412109,60.5,61.150001525878906,163298.0
2014-10-15,61.150001525878906,61.150001525878906,61.150001525878906,61.150001525878906,0.0
2014-10-16,61.0,63.34999847412109,59.79999923706055,60.150001525878906,344768.0
2014-10-17,62.0,62.5,59.09999847412109,60.95000076293945,223170.0
2014-10-20,62.0,62.900001525878906,59.84999847412109,60.09999847412109,161142.0
2014-10-21,60.09999847412109,61.150001525878906,60.09999847412109,60.34999847412109,89591.0
2014-10-22,61.09999847412109,61.70000076293945,59.09999847412109,60.45000076293945,204559.0
2014-10-27,61.900001525878906,62.70000076293945,60.09999847412109,60.45000076293945,112474.0
2014-10-28,60.20000076293945,61.0,59.29999923706055,59.84999847412109,91453.0
2014-10-29,61.0,63.900001525878906,60.20000076293945,62.54999923706055,306747.0
2014-10-30,63.150001525878906,64.94999694824219,63.09999847412109,64.05000305175781,356581.0
2014-10-31,64.5,68.3499984741211,63.09999847412109,67.8499984741211,1259467.0
2014-11-03,68.5,72.5999984741211,64.0,70.75,544263.0
2014-11-05,71.5,73.75,69.55000305175781,70.05000305175781,260107.0
2014-11-07,70.8499984741211,71.5,67.3499984741211,68.5999984741211,151945.0
2014-11-10,68.5999984741211,69.9000015258789,67.30000305175781,67.69999694824219,137279.0
2014-11-11,69.0,70.80000305175781,67.0,69.55000305175781,203474.0
2014-11-12,70.19999694824219,70.75,68.4000015258789,69.05000305175781,105784.0
2014-11-13,69.69999694824219,70.69999694824219,68.19999694824219,68.8499984741211,152743.0
2014-11-14,68.8499984741211,76.9000015258789,68.69999694824219,73.6500015258789,1330308.0
2014-11-17,73.55000305175781,75.9000015258789,71.19999694824219,74.19999694824219,547567.0
2014-11-18,74.0,74.44999694824219,72.0,72.80000305175781,156944.0
2014-11-19,73.69999694824219,75.0,68.05000305175781,68.75,502614.0
2014-11-20,68.25,69.1500015258789,66.5,67.3499984741211,180347.0
2014-11-21,67.4000015258789,69.0,67.05000305175781,67.30000305175781,112657.0
2014-11-24,68.0999984741211,68.1500015258789,64.25,65.0,394689.0
2014-11-25,64.69999694824219,65.8499984741211,60.5,62.59999847412109,219596.0
2014-11-26,61.5,65.80000305175781,61.5,64.5999984741211,197299.0
2014-11-27,64.0,65.5999984741211,63.95000076293945,64.5,339895.0
2014-11-28,64.75,66.25,63.59999847412109,64.4000015258789,106892.0
2014-12-01,64.5,66.6500015258789,64.5,66.05000305175781,247920.0
2014-12-02,66.9000015258789,66.9000015258789,63.79999923706055,65.6500015258789,196202.0
2014-12-03,65.0,67.8499984741211,65.0,67.05000305175781,200968.0
2014-12-04,66.4000015258789,68.80000305175781,65.1500015258789,66.94999694824219,163767.0
2014-12-05,67.0999984741211,67.94999694824219,65.30000305175781,66.0,159425.0
2014-12-08,66.0999984741211,67.94999694824219,65.94999694824219,66.94999694824219,170503.0
2014-12-09,66.30000305175781,67.0,63.04999923706055,63.54999923706055,74112.0
2014-12-10,63.0,66.44999694824219,62.95000076293945,65.80000305175781,134246.0
2014-12-11,66.0999984741211,66.0999984741211,63.79999923706055,64.0999984741211,68607.0
2014-12-12,64.0999984741211,64.8499984741211,61.45000076293945,61.79999923706055,66422.0
2014-12-15,62.25,62.25,59.5,60.20000076293945,101245.0
2014-12-16,60.20000076293945,60.54999923706055,57.0,57.70000076293945,239426.0
2014-12-17,59.45000076293945,59.45000076293945,50.650001525878906,56.45000076293945,369560.0
2014-12-18,57.20000076293945,61.650001525878906,57.20000076293945,58.75,147623.0
2014-12-19,59.20000076293945,60.95000076293945,55.150001525878906,55.70000076293945,256608.0
2014-12-22,56.0,57.59999847412109,55.54999923706055,55.900001525878906,182723.0
2014-12-23,55.29999923706055,56.650001525878906,53.79999923706055,54.29999923706055,133932.0
2014-12-24,54.29999923706055,57.09999847412109,53.70000076293945,54.09999847412109,248697.0
2014-12-26,54.59999847412109,61.75,54.5,58.95000076293945,1177908.0
2014-12-29,59.400001525878906,60.29999923706055,57.54999923706055,58.150001525878906,197404.0
2014-12-30,58.900001525878906,60.400001525878906,57.400001525878906,58.29999923706055,133140.0
2014-12-31,59.95000076293945,69.94999694824219,58.04999923706055,69.94999694824219,3697584.0
2015-01-01,76.5,82.0,74.3499984741211,76.69999694824219,5967851.0
2015-01-02,74.8499984741211,78.19999694824219,73.69999694824219,77.4000015258789,1456785.0
2015-01-05,77.94999694824219,81.0,75.30000305175781,76.0,626790.0
2015-01-06,75.0,75.05000305175781,68.80000305175781,69.4000015258789,678690.0
2015-01-07,70.0,72.5,67.75,68.75,365499.0
2015-01-08,71.80000305175781,71.80000305175781,68.80000305175781,69.25,211344.0
2015-01-09,71.0999984741211,72.0,68.0,68.4000015258789,306110.0
2015-01-12,68.94999694824219,68.94999694824219,66.55000305175781,66.94999694824219,148450.0
2015-01-13,66.6500015258789,67.69999694824219,64.0999984741211,65.1500015258789,175451.0
2015-01-14,64.80000305175781,67.69999694824219,64.5,64.94999694824219,232108.0
2015-01-15,67.0,71.4000015258789,66.0999984741211,67.6500015258789,1417105.0
2015-01-16,67.30000305175781,70.55000305175781,66.0999984741211,67.19999694824219,871253.0
2015-01-19,66.8499984741211,68.9000015258789,65.80000305175781,66.3499984741211,215414.0
2015-01-20,66.5,67.9000015258789,66.30000305175781,67.0999984741211,216856.0
2015-01-21,67.0,73.80000305175781,66.94999694824219,72.1500015258789,1943079.0
2015-01-22,73.5,79.3499984741211,73.0,79.3499984741211,4190990.0
2015-01-23,83.30000305175781,87.25,80.80000305175781,83.69999694824219,3720467.0
2015-01-27,84.0,88.0,81.6500015258789,83.30000305175781,1007152.0
2015-01-28,84.55000305175781,86.0999984741211,78.5,79.55000305175781,664843.0
2015-01-29,79.0999984741211,85.94999694824219,78.4000015258789,84.9000015258789,1349093.0
2015-01-30,85.8499984741211,93.3499984741211,85.80000305175781,90.9499969482422,2868413.0
2015-02-02,91.0,95.8000030517578,89.25,93.4000015258789,1344532.0
2015-02-03,95.3000030517578,97.4000015258789,89.0,89.44999694824219,1386385.0
2015-02-04,90.1500015258789,98.3499984741211,87.5999984741211,94.8000030517578,2115188.0
2015-02-05,95.3499984741211,95.3499984741211,90.0999984741211,90.0999984741211,734281.0
2015-02-06,89.0999984741211,94.3000030517578,86.5999984741211,90.9000015258789,888543.0
2015-02-09,90.9499969482422,92.5,86.4000015258789,86.5999984741211,366904.0
2015-02-10,84.05000305175781,87.9000015258789,82.30000305175781,83.5999984741211,530822.0
2015-02-11,84.0,85.75,82.05000305175781,85.05000305175781,309997.0
2015-02-12,86.19999694824219,87.55000305175781,84.44999694824219,86.3499984741211,364993.0
2015-02-13,86.05000305175781,87.5,83.4000015258789,84.0999984741211,274464.0
2015-02-16,87.9000015258789,88.30000305175781,86.4000015258789,87.69999694824219,2241127.0
2015-02-18,89.80000305175781,90.6500015258789,85.0,85.44999694824219,874017.0
2015-02-19,86.0,86.6500015258789,84.3499984741211,85.8499984741211,262763.0
2015-02-20,86.0999984741211,88.4000015258789,84.8499984741211,85.5999984741211,413697.0
2015-02-23,86.44999694824219,86.94999694824219,81.5,81.9000015258789,410431.0
2015-02-24,82.0,84.9000015258789,81.0,83.6500015258789,345977.0
2015-02-25,83.6500015258789,84.8499984741211,81.5999984741211,82.4000015258789,260735.0
2015-02-26,82.0,83.0,78.55000305175781,79.55000305175781,265688.0
2015-02-27,80.0999984741211,82.69999694824219,80.0999984741211,81.69999694824219,576115.0
2015-03-02,82.80000305175781,82.80000305175781,79.5,79.9000015258789,376890.0
2015-03-03,80.6500015258789,80.6500015258789,75.94999694824219,76.5,549186.0
2015-03-04,78.0999984741211,80.0,72.69999694824219,74.05000305175781,1306468.0
2015-03-05,74.0,74.0,70.5,70.9000015258789,651326.0
2015-03-09,71.0,74.44999694824219,70.05000305175781,71.05000305175781,384108.0
2015-03-10,71.80000305175781,72.9000015258789,70.05000305175781,70.6500015258789,198441.0
2015-03-11,71.69999694824219,72.5,69.1500015258789,70.44999694824219,239844.0
2015-03-12,71.0999984741211,72.69999694824219,70.55000305175781,71.6500015258789,228514.0
2015-03-13,72.69999694824219,72.9000015258789,68.55000305175781,69.05000305175781,222819.0
2015-03-16,69.75,69.80000305175781,66.4000015258789,67.3499984741211,383466.0
2015-03-17,68.0,70.4000015258789,66.5999984741211,68.8499984741211,305487.0
2015-03-18,70.25,72.0,68.19999694824219,70.05000305175781,477064.0
2015-03-19,71.19999694824219,72.25,67.75,68.5999984741211,323639.0
2015-03-20,69.19999694824219,70.0,65.0,65.6500015258789,237179.0
2015-03-23,66.0,67.0999984741211,62.900001525878906,63.400001525878906,184445.0
2015-03-24,63.5,66.0,63.09999847412109,63.70000076293945,205479.0
2015-03-25,65.0999984741211,66.5,64.5,65.0,490065.0
2015-03-26,64.5,65.3499984741211,63.0,64.1500015258789,145921.0
2015-03-27,64.30000305175781,65.6500015258789,63.79999923706055,64.5999984741211,305840.0
2015-03-30,66.0,66.9000015258789,64.5999984741211,66.0,339584.0
2015-03-31,66.5,67.4000015258789,65.25,66.80000305175781,267986.0
2015-04-01,67.0,67.1500015258789,65.80000305175781,66.30000305175781,212297.0
2015-04-06,66.3499984741211,72.9000015258789,66.3499984741211,72.9000015258789,1036197.0
2015-04-07,73.9000015258789,74.4000015258789,69.4000015258789,70.25,1124820.0
2015-04-08,70.69999694824219,76.0,70.0999984741211,71.0,1207798.0
2015-04-09,71.8499984741211,73.44999694824219,68.0999984741211,72.0999984741211,759239.0
2015-04-10,73.30000305175781,73.5,70.5,71.25,1407340.0
2015-04-13,71.8499984741211,73.5,70.9000015258789,71.25,651153.0
2015-04-15,72.5,74.19999694824219,71.5,72.44999694824219,1250595.0
2015-04-16,73.0999984741211,73.0999984741211,68.69999694824219,69.69999694824219,467944.0
2015-04-17,70.0,70.6500015258789,67.5999984741211,68.0,473720.0
2015-04-20,68.5,68.80000305175781,63.5,64.0,478558.0
2015-04-21,64.44999694824219,70.0,62.650001525878906,65.6500015258789,1049288.0
2015-04-22,67.4000015258789,69.25,64.19999694824219,65.30000305175781,781540.0
2015-04-23,66.1500015258789,68.5999984741211,65.25,67.69999694824219,804243.0
2015-04-24,67.44999694824219,68.4000015258789,63.04999923706055,63.400001525878906,867563.0
2015-04-27,63.5,64.0,59.29999923706055,59.70000076293945,417626.0
2015-04-28,59.79999923706055,61.400001525878906,58.400001525878906,60.54999923706055,297041.0
2015-04-29,61.09999847412109,63.0,60.29999923706055,61.5,236542.0
2015-04-30,61.5,64.75,60.900001525878906,63.75,429303.0
2015-05-04,64.69999694824219,66.55000305175781,64.0,66.1500015258789,446095.0
2015-05-05,65.80000305175781,69.94999694824219,64.55000305175781,67.0999984741211,1155351.0
2015-05-06,66.19999694824219,68.44999694824219,63.5,65.1500015258789,468190.0
2015-05-07,64.94999694824219,65.69999694824219,62.04999923706055,63.25,257588.0
2015-05-08,64.25,67.1500015258789,64.25,65.6500015258789,281373.0
2015-05-11,66.30000305175781,67.4000015258789,65.0999984741211,66.0999984741211,111926.0
2015-05-12,65.55000305175781,66.0999984741211,62.5,63.0,110738.0
2015-05-13,63.5,67.55000305175781,63.150001525878906,67.25,343551.0
2015-05-14,66.3499984741211,67.5999984741211,66.3499984741211,66.69999694824219,180102.0
2015-05-15,67.30000305175781,67.75,64.94999694824219,65.3499984741211,191056.0
2015-05-18,66.05000305175781,66.6500015258789,65.0999984741211,66.0999984741211,376777.0
2015-05-19,66.30000305175781,69.3499984741211,66.0,68.80000305175781,275164.0
2015-05-20,69.0999984741211,70.4000015258789,67.5,69.55000305175781,354269.0
2015-05-21,70.0,70.0,68.19999694824219,69.5,236550.0
2015-05-22,69.94999694824219,70.69999694824219,68.5,69.55000305175781,315069.0
2015-05-25,69.55000305175781,70.55000305175781,68.5,69.75,197717.0
2015-05-26,70.0999984741211,70.4000015258789,69.0,69.94999694824219,111276.0
2015-05-27,66.0,66.9000015258789,61.79999923706055,66.0999984741211,556821.0
2015-05-28,65.55000305175781,66.8499984741211,64.69999694824219,66.1500015258789,182204.0
2015-05-29,67.3499984741211,69.30000305175781,66.3499984741211,67.44999694824219,130916.0
2015-06-01,67.30000305175781,69.4000015258789,66.1500015258789,67.0,76558.0
2015-06-02,67.19999694824219,68.5,64.9000015258789,67.1500015258789,135330.0
2015-06-03,66.3499984741211,67.0999984741211,55.59999847412109,62.650001525878906,388928.0
2015-06-04,63.150001525878906,65.3499984741211,60.59999847412109,62.650001525878906,234063.0
2015-06-05,62.900001525878906,66.0,60.95000076293945,63.54999923706055,184596.0
2015-06-08,63.0,64.25,61.59999847412109,61.75,100848.0
2015-06-09,61.400001525878906,63.0,61.0,62.09999847412109,80492.0
2015-06-10,67.0999984741211,67.0999984741211,63.20000076293945,63.79999923706055,576934.0
2015-06-11,64.1500015258789,64.44999694824219,60.25,60.95000076293945,93424.0
2015-06-12,60.29999923706055,61.900001525878906,58.400001525878906,59.84999847412109,170509.0
2015-06-15,59.900001525878906,61.34999847412109,58.5,60.09999847412109,76497.0
2015-06-16,60.5,61.0,58.5,60.34999847412109,84290.0
2015-06-17,60.900001525878906,62.75,59.5,61.20000076293945,138133.0
2015-06-18,60.45000076293945,62.20000076293945,60.400001525878906,60.900001525878906,86590.0
2015-06-19,65.9000015258789,66.9000015258789,64.0999984741211,64.94999694824219,1168912.0
2015-06-22,65.05000305175781,67.9000015258789,63.150001525878906,66.4000015258789,610800.0
2015-06-23,66.75,66.80000305175781,64.0999984741211,64.55000305175781,224884.0
2015-06-24,64.94999694824219,65.5,62.650001525878906,63.09999847412109,130799.0
2015-06-25,63.34999847412109,64.5,60.04999923706055,62.70000076293945,153213.0
2015-06-26,62.79999923706055,65.5,61.09999847412109,63.09999847412109,334007.0
2015-06-29,59.650001525878906,61.20000076293945,58.5,59.04999923706055,407895.0
2015-06-30,59.79999923706055,61.59999847412109,59.0,59.45000076293945,313700.0
2015-07-01,60.0,63.900001525878906,59.59999847412109,63.20000076293945,373011.0
2015-07-02,63.04999923706055,68.0,63.0,65.69999694824219,1163861.0
2015-07-03,66.30000305175781,68.9000015258789,64.5999984741211,65.1500015258789,502949.0
2015-07-06,63.20000076293945,66.25,62.70000076293945,64.75,205339.0
2015-07-07,65.0,67.0999984741211,64.0,64.5,307488.0
2015-07-08,64.19999694824219,65.30000305175781,63.20000076293945,63.900001525878906,149526.0
2015-07-09,64.9000015258789,65.5999984741211,62.79999923706055,63.400001525878906,146117.0
2015-07-10,64.8499984741211,64.8499984741211,62.95000076293945,63.20000076293945,104485.0
2015-07-13,63.5,64.3499984741211,63.04999923706055,63.54999923706055,109645.0
2015-07-14,63.54999923706055,64.80000305175781,62.400001525878906,62.70000076293945,197123.0
2015-07-15,63.20000076293945,64.69999694824219,63.20000076293945,63.900001525878906,203945.0
2015-07-16,64.3499984741211,65.4000015258789,63.70000076293945,64.3499984741211,362583.0
2015-07-17,64.75,65.5,64.0,64.0999984741211,242097.0
2015-07-20,64.75,64.75,63.29999923706055,63.84999847412109,186574.0
2015-07-21,63.900001525878906,64.9000015258789,60.400001525878906,60.84999847412109,337961.0
2015-07-22,61.20000076293945,61.75,60.0,60.75,252143.0
2015-07-23,61.400001525878906,61.900001525878906,60.5,60.84999847412109,138477.0
2015-07-24,61.20000076293945,61.75,60.20000076293945,60.5,69428.0
2015-07-27,60.5,61.59999847412109,60.0,60.34999847412109,81313.0
2015-07-28,60.45000076293945,61.25,60.20000076293945,60.59999847412109,134326.0
2015-07-29,60.59999847412109,61.400001525878906,60.0,60.59999847412109,181197.0
2015-07-30,61.0,62.5,60.59999847412109,61.95000076293945,211739.0
2015-07-31,61.20000076293945,63.0,61.20000076293945,61.84999847412109,132337.0
2015-08-03,62.150001525878906,65.5,61.0,64.94999694824219,766185.0
2015-08-04,67.0999984741211,67.25,64.75,65.25,1346490.0
2015-08-05,65.25,71.44999694824219,65.0,68.30000305175781,1652122.0
2015-08-06,68.6500015258789,68.69999694824219,65.5999984741211,66.0999984741211,435859.0
2015-08-07,66.0,66.5,64.55000305175781,65.05000305175781,204612.0
2015-08-10,66.0,69.5,65.9000015258789,66.4000015258789,455199.0
2015-08-11,66.5,67.44999694824219,62.150001525878906,62.59999847412109,238583.0
2015-08-12,62.29999923706055,62.400001525878906,58.650001525878906,58.95000076293945,339719.0
2015-08-13,59.95000076293945,60.70000076293945,57.54999923706055,58.150001525878906,199284.0
2015-08-14,58.20000076293945,61.400001525878906,58.20000076293945,60.45000076293945,390525.0
2015-08-17,60.5,60.70000076293945,58.29999923706055,59.20000076293945,149738.0
2015-08-18,59.650001525878906,60.5,58.59999847412109,58.900001525878906,157227.0
2015-08-19,58.75,59.20000076293945,57.0,57.20000076293945,313255.0
2015-08-20,57.09999847412109,58.150001525878906,55.75,55.95000076293945,227801.0
2015-08-21,55.09999847412109,58.5,54.20000076293945,57.79999923706055,201587.0
2015-08-24,54.95000076293945,56.79999923706055,50.04999923706055,50.75,287557.0
2015-08-25,50.29999923706055,55.59999847412109,47.0,54.79999923706055,292775.0
2015-08-26,53.09999847412109,55.900001525878906,52.95000076293945,54.29999923706055,206529.0
2015-08-27,55.900001525878906,57.34999847412109,54.650001525878906,56.34999847412109,274578.0
2015-08-28,56.04999923706055,58.34999847412109,55.09999847412109,55.59999847412109,190227.0
2015-08-31,55.20000076293945,55.59999847412109,53.75,54.900001525878906,99773.0
2015-09-01,53.5,55.0,52.650001525878906,53.150001525878906,131836.0
2015-09-02,53.75,54.75,52.150001525878906,52.95000076293945,109340.0
2015-09-03,53.34999847412109,57.0,53.09999847412109,55.150001525878906,206426.0
2015-09-04,54.150001525878906,54.95000076293945,51.650001525878906,52.34999847412109,179279.0
2015-09-07,51.34999847412109,53.95000076293945,51.34999847412109,53.150001525878906,103364.0
2015-09-08,55.400001525878906,55.400001525878906,53.70000076293945,54.150001525878906,197425.0
2015-09-09,54.54999923706055,55.79999923706055,54.54999923706055,55.25,125901.0
2015-09-10,53.70000076293945,56.0,53.09999847412109,55.20000076293945,116029.0
2015-09-11,56.20000076293945,56.59999847412109,52.20000076293945,53.54999923706055,225462.0
2015-09-14,53.900001525878906,54.70000076293945,53.20000076293945,53.95000076293945,138893.0
2015-09-15,53.95000076293945,55.09999847412109,53.0,54.45000076293945,154116.0
2015-09-16,54.20000076293945,55.0,53.09999847412109,53.34999847412109,77118.0
2015-09-18,54.29999923706055,55.79999923706055,53.29999923706055,54.150001525878906,195063.0
2015-09-21,53.54999923706055,55.59999847412109,53.29999923706055,55.09999847412109,139556.0
2015-09-22,55.400001525878906,55.95000076293945,53.79999923706055,54.09999847412109,101257.0
2015-09-23,53.20000076293945,55.54999923706055,53.20000076293945,55.09999847412109,109221.0
2015-09-24,55.0,56.79999923706055,54.400001525878906,55.400001525878906,110420.0
2015-09-28,55.5,58.0,54.25,56.900001525878906,200450.0
2015-09-29,56.34999847412109,62.0,54.84999847412109,58.84999847412109,437429.0
2015-09-30,59.0,61.29999923706055,58.79999923706055,60.34999847412109,363285.0
2015-10-01,60.900001525878906,61.20000076293945,60.0,60.20000076293945,124489.0
2015-10-05,60.650001525878906,61.400001525878906,59.20000076293945,59.95000076293945,385405.0
2015-10-06,60.20000076293945,61.5,59.09999847412109,60.650001525878906,457117.0
2015-10-07,61.0,64.94999694824219,60.5,63.25,602425.0
2015-10-08,63.650001525878906,65.94999694824219,63.150001525878906,63.59999847412109,181944.0
2015-10-09,64.0,65.0,63.150001525878906,63.75,152881.0
2015-10-12,63.95000076293945,64.44999694824219,62.04999923706055,63.0,81995.0
2015-10-13,63.45000076293945,73.75,62.150001525878906,70.0999984741211,1540468.0
2015-10-14,70.30000305175781,70.5999984741211,65.6500015258789,66.3499984741211,476980.0
2015-10-15,67.0,69.0,65.4000015258789,66.30000305175781,379153.0
2015-10-16,66.69999694824219,66.9000015258789,65.19999694824219,65.25,148727.0
2015-10-19,65.94999694824219,68.0,65.19999694824219,66.94999694824219,234605.0
2015-10-20,67.19999694824219,69.0,66.9000015258789,67.4000015258789,509597.0
2015-10-21,68.0,68.19999694824219,65.0,65.75,200035.0
2015-10-23,66.44999694824219,69.0,66.44999694824219,68.80000305175781,601351.0
2015-10-26,69.19999694824219,69.19999694824219,63.20000076293945,64.6500015258789,854214.0
2015-10-27,63.900001525878906,64.3499984741211,62.70000076293945,63.75,250205.0
2015-10-28,64.0,64.75,62.0,62.5,165143.0
2015-10-29,62.45000076293945,64.80000305175781,62.45000076293945,62.900001525878906,118330.0
2015-10-30,62.650001525878906,63.650001525878906,61.54999923706055,61.79999923706055,101721.0
2015-11-02,61.70000076293945,62.45000076293945,60.75,61.20000076293945,98166.0
2015-11-03,61.79999923706055,64.30000305175781,61.400001525878906,62.0,198568.0
2015-11-04,62.29999923706055,63.400001525878906,60.20000076293945,61.29999923706055,118030.0
2015-11-05,61.29999923706055,61.900001525878906,60.25,60.5,68376.0
2015-11-06,60.84999847412109,61.25,59.400001525878906,59.59999847412109,58456.0
2015-11-09,57.70000076293945,61.45000076293945,57.150001525878906,60.0,109359.0
2015-11-10,60.25,60.84999847412109,59.20000076293945,59.45000076293945,81884.0
2015-11-13,60.75,60.75,59.5,59.650001525878906,62708.0
2015-11-16,58.20000076293945,60.09999847412109,58.20000076293945,59.0,94200.0
2015-11-17,59.45000076293945,60.400001525878906,47.20000076293945,50.150001525878906,3164384.0
2015-11-18,52.29999923706055,55.34999847412109,51.45000076293945,54.5,1855696.0
2015-11-19,55.0,55.79999923706055,52.5,54.54999923706055,384749.0
2015-11-20,55.09999847412109,55.5,53.75,54.09999847412109,190323.0
2015-11-23,54.400001525878906,55.0,53.5,53.70000076293945,123025.0
2015-11-24,53.70000076293945,54.0,52.70000076293945,52.95000076293945,160151.0
2015-11-26,53.150001525878906,54.0,52.650001525878906,53.59999847412109,168587.0
2015-11-27,53.900001525878906,54.0,53.150001525878906,53.54999923706055,174701.0
2015-11-30,53.5,53.95000076293945,53.150001525878906,53.45000076293945,122590.0
2015-12-01,53.70000076293945,53.95000076293945,53.150001525878906,53.29999923706055,131005.0
2015-12-02,53.5,55.29999923706055,53.29999923706055,54.45000076293945,176093.0
2015-12-03,54.45000076293945,55.5,54.09999847412109,54.900001525878906,222601.0
2015-12-04,54.5,55.29999923706055,54.09999847412109,55.0,141117.0
2015-12-07,56.0,56.400001525878906,55.75,56.09999847412109,241420.0
2015-12-08,56.0,56.400001525878906,51.70000076293945,52.400001525878906,203959.0
2015-12-09,52.5,55.900001525878906,52.09999847412109,52.70000076293945,283324.0
2015-12-10,53.150001525878906,54.09999847412109,52.20000076293945,53.0,103334.0
2015-12-11,53.20000076293945,53.650001525878906,50.84999847412109,51.45000076293945,126469.0
2015-12-14,51.45000076293945,53.400001525878906,50.900001525878906,51.84999847412109,85049.0
2015-12-15,52.09999847412109,52.79999923706055,51.5,51.95000076293945,61653.0
2015-12-16,52.29999923706055,53.95000076293945,51.900001525878906,52.09999847412109,156831.0
2015-12-17,52.34999847412109,53.5,52.25,52.59999847412109,105776.0
2015-12-18,52.900001525878906,53.34999847412109,51.75,52.04999923706055,95496.0
2015-12-21,52.900001525878906,54.25,52.5,53.400001525878906,151634.0
2015-12-22,53.900001525878906,54.75,53.09999847412109,53.75,697305.0
2015-12-23,54.09999847412109,54.54999923706055,53.20000076293945,53.34999847412109,141536.0
2015-12-24,53.79999923706055,59.34999847412109,53.5,56.150001525878906,662089.0
2015-12-28,56.150001525878906,56.900001525878906,55.25,55.59999847412109,161990.0
2015-12-29,55.650001525878906,56.75,54.09999847412109,54.79999923706055,115020.0
2015-12-30,55.09999847412109,56.650001525878906,54.09999847412109,54.400001525878906,120717.0
2015-12-31,54.54999923706055,57.0,54.04999923706055,56.20000076293945,230518.0
2016-01-01,56.150001525878906,58.25,55.400001525878906,56.34999847412109,280377.0
2016-01-04,57.5,59.400001525878906,56.09999847412109,57.70000076293945,620025.0
2016-01-05,58.29999923706055,59.29999923706055,57.5,58.0,191200.0
2016-01-06,58.45000076293945,58.75,56.09999847412109,56.34999847412109,134691.0
2016-01-07,55.70000076293945,55.75,53.09999847412109,53.59999847412109,187779.0
2016-01-08,54.25,54.900001525878906,53.0,54.150001525878906,136174.0
2016-01-11,53.150001525878906,54.900001525878906,52.04999923706055,53.95000076293945,110324.0
2016-01-12,54.0,54.75,53.09999847412109,53.29999923706055,87353.0
2016-01-13,54.5,54.70000076293945,50.150001525878906,52.29999923706055,169371.0
2016-01-14,51.0,52.54999923706055,50.59999847412109,51.650001525878906,113872.0
2016-01-15,51.54999923706055,52.54999923706055,49.0,50.0,115951.0
2016-01-18,50.0,51.400001525878906,47.59999847412109,50.29999923706055,347248.0
2016-01-19,50.70000076293945,53.45000076293945,49.75,52.650001525878906,184038.0
2016-01-20,50.29999923706055,51.84999847412109,48.34999847412109,48.5,148741.0
2016-01-21,49.79999923706055,50.34999847412109,48.0,48.400001525878906,84327.0
2016-01-22,49.09999847412109,50.79999923706055,49.09999847412109,49.900001525878906,117387.0
2016-01-25,50.45000076293945,51.25,50.09999847412109,50.34999847412109,61189.0
2016-01-27,50.150001525878906,51.25,49.25,49.900001525878906,44660.0
2016-01-28,49.29999923706055,50.79999923706055,49.29999923706055,50.04999923706055,34064.0
2016-01-29,49.34999847412109,51.150001525878906,49.34999847412109,50.650001525878906,103793.0
2016-02-01,51.04999923706055,52.0,50.79999923706055,51.09999847412109,59561.0
2016-02-02,51.45000076293945,52.54999923706055,50.09999847412109,50.45000076293945,146893.0
2016-02-03,49.0,50.0,47.84999847412109,48.25,74179.0
2016-02-04,49.900001525878906,49.900001525878906,47.79999923706055,48.150001525878906,69823.0
2016-02-05,47.79999923706055,48.59999847412109,45.0,47.45000076293945,157352.0
2016-02-08,47.29999923706055,49.45000076293945,46.45000076293945,47.150001525878906,185507.0
2016-02-09,46.25,47.79999923706055,46.25,46.650001525878906,69366.0
2016-02-10,46.70000076293945,47.45000076293945,45.0,46.70000076293945,137558.0
2016-02-11,46.70000076293945,46.70000076293945,43.5,43.900001525878906,186583.0
2016-02-12,43.79999923706055,45.150001525878906,38.25,39.900001525878906,270386.0
2016-02-15,40.20000076293945,42.25,39.0,39.84999847412109,409038.0
2016-02-16,40.75,41.45000076293945,38.84999847412109,39.20000076293945,398476.0
2016-02-17,39.34999847412109,40.5,36.79999923706055,39.20000076293945,330681.0
2016-02-18,40.20000076293945,40.59999847412109,39.25,39.84999847412109,188145.0
2016-02-19,39.650001525878906,40.25,38.84999847412109,39.650001525878906,111573.0
2016-02-22,39.5,41.400001525878906,39.20000076293945,40.84999847412109,188259.0
2016-02-23,41.900001525878906,41.900001525878906,39.09999847412109,39.59999847412109,147248.0
2016-02-24,38.5,40.0,38.25,38.75,88719.0
2016-02-25,37.70000076293945,39.150001525878906,37.59999847412109,38.59999847412109,54425.0
2016-02-26,39.900001525878906,39.900001525878906,35.79999923706055,37.09999847412109,303603.0
2016-02-29,36.54999923706055,38.70000076293945,36.25,37.25,244067.0
2016-03-01,38.0,38.09999847412109,36.95000076293945,37.54999923706055,231053.0
2016-03-02,38.59999847412109,40.79999923706055,38.25,39.54999923706055,247290.0
2016-03-03,40.29999923706055,40.29999923706055,38.75,38.900001525878906,219862.0
2016-03-04,39.29999923706055,41.29999923706055,38.54999923706055,39.650001525878906,260835.0
2016-03-08,40.79999923706055,43.34999847412109,39.25,42.75,447198.0
2016-03-09,43.900001525878906,45.20000076293945,43.5,44.0,912188.0
2016-03-10,44.20000076293945,44.5,42.29999923706055,42.79999923706055,169061.0
2016-03-11,43.09999847412109,45.70000076293945,43.09999847412109,44.29999923706055,410426.0
2016-03-14,45.34999847412109,45.5,44.45000076293945,45.20000076293945,269505.0
2016-03-15,44.84999847412109,45.45000076293945,43.75,43.900001525878906,81714.0
2016-03-16,44.25,44.70000076293945,41.59999847412109,43.20000076293945,229417.0
2016-03-17,44.34999847412109,44.45000076293945,41.59999847412109,43.25,233219.0
2016-03-18,44.0,44.25,43.45000076293945,43.84999847412109,257755.0
2016-03-21,44.0,44.95000076293945,43.59999847412109,43.84999847412109,195791.0
2016-03-22,43.650001525878906,46.34999847412109,43.59999847412109,46.0,598459.0
2016-03-23,46.5,46.79999923706055,45.29999923706055,46.150001525878906,149780.0
2016-03-28,45.09999847412109,45.79999923706055,44.09999847412109,44.25,91321.0
2016-03-29,44.29999923706055,45.0,41.0,41.84999847412109,298069.0
2016-03-30,42.25,44.0,42.25,42.95000076293945,144460.0
2016-03-31,42.650001525878906,43.70000076293945,40.20000076293945,42.75,168370.0
2016-04-01,42.70000076293945,44.75,42.70000076293945,44.150001525878906,107637.0
2016-04-04,44.79999923706055,45.70000076293945,44.5,44.95000076293945,211429.0
2016-04-05,44.54999923706055,45.29999923706055,43.34999847412109,43.75,138091.0
2016-04-06,43.150001525878906,44.79999923706055,43.150001525878906,43.79999923706055,61309.0
2016-04-07,43.34999847412109,44.400001525878906,43.150001525878906,43.650001525878906,43161.0
2016-04-08,43.34999847412109,49.0,42.5,47.79999923706055,518998.0
2016-04-11,48.0,48.75,45.75,46.79999923706055,222697.0
2016-04-12,47.400001525878906,48.84999847412109,46.59999847412109,47.25,212449.0
2016-04-13,47.400001525878906,49.79999923706055,47.09999847412109,47.79999923706055,368611.0
2016-04-18,47.79999923706055,50.70000076293945,46.29999923706055,50.150001525878906,548102.0
2016-04-20,50.400001525878906,50.5,48.34999847412109,48.75,256094.0
2016-04-21,49.20000076293945,49.650001525878906,47.09999847412109,47.79999923706055,140080.0
2016-04-22,48.0,48.5,46.75,46.900001525878906,80460.0
2016-04-25,47.5,47.79999923706055,46.70000076293945,47.04999923706055,56825.0
2016-04-26,47.34999847412109,48.29999923706055,46.25,47.150001525878906,77784.0
2016-04-27,47.0,47.5,46.400001525878906,46.75,71899.0
2016-04-28,48.0,53.20000076293945,48.0,50.09999847412109,2344120.0
2016-04-29,50.20000076293945,52.0,48.25,50.900001525878906,800444.0
2016-05-02,50.25,52.70000076293945,49.09999847412109,49.650001525878906,553968.0
2016-05-03,49.79999923706055,51.900001525878906,49.79999923706055,50.59999847412109,687343.0
2016-05-04,50.59999847412109,51.20000076293945,48.5,48.900001525878906,228567.0
2016-05-05,49.5,51.70000076293945,48.900001525878906,49.20000076293945,510544.0
2016-05-06,49.25,50.75,48.59999847412109,49.84999847412109,363764.0
2016-05-09,50.5,50.900001525878906,49.45000076293945,49.79999923706055,237009.0
2016-05-10,50.09999847412109,50.29999923706055,48.59999847412109,49.0,155634.0
2016-05-11,47.150001525878906,48.900001525878906,46.5,47.150001525878906,219102.0
2016-05-12,47.54999923706055,49.29999923706055,47.0,48.34999847412109,213342.0
2016-05-13,48.0,48.70000076293945,47.25,47.650001525878906,142416.0
2016-05-16,47.25,48.09999847412109,45.59999847412109,46.900001525878906,151974.0
2016-05-17,47.29999923706055,53.20000076293945,47.29999923706055,49.650001525878906,1474436.0
2016-05-18,48.650001525878906,50.900001525878906,48.650001525878906,50.0,414711.0
2016-05-19,50.34999847412109,51.79999923706055,48.29999923706055,48.650001525878906,521614.0
2016-05-20,48.70000076293945,49.09999847412109,47.04999923706055,47.70000076293945,199086.0
2016-05-23,48.5,52.29999923706055,46.54999923706055,51.75,1525768.0
2016-05-24,52.09999847412109,53.400001525878906,50.20000076293945,52.95000076293945,809636.0
2016-05-25,53.25,54.400001525878906,52.54999923706055,54.0,695627.0
2016-05-26,55.70000076293945,56.45000076293945,53.25,54.04999923706055,3227721.0
2016-05-27,54.45000076293945,54.95000076293945,52.25,52.75,954922.0
2016-05-30,53.45000076293945,53.45000076293945,50.09999847412109,50.650001525878906,375495.0
2016-05-31,50.04999923706055,50.900001525878906,46.900001525878906,49.34999847412109,416324.0
2016-06-01,49.95000076293945,50.900001525878906,48.20000076293945,49.70000076293945,543569.0
2016-06-02,49.09999847412109,50.0,48.29999923706055,48.650001525878906,357805.0
2016-06-03,48.70000076293945,52.09999847412109,48.70000076293945,49.70000076293945,1334266.0
2016-06-06,50.04999923706055,50.95000076293945,49.400001525878906,49.59999847412109,463694.0
2016-06-07,49.95000076293945,50.5,49.0,49.45000076293945,292103.0
2016-06-08,49.5,50.20000076293945,48.54999923706055,49.400001525878906,318792.0
2016-06-09,49.70000076293945,50.25,48.54999923706055,48.84999847412109,270890.0
2016-06-10,48.59999847412109,49.34999847412109,47.70000076293945,47.900001525878906,332416.0
2016-06-13,47.59999847412109,47.59999847412109,46.54999923706055,46.900001525878906,279295.0
2016-06-14,47.0,48.5,47.0,47.34999847412109,340869.0
2016-06-15,47.59999847412109,48.150001525878906,47.09999847412109,47.34999847412109,164761.0
2016-06-16,47.29999923706055,47.70000076293945,46.400001525878906,46.650001525878906,230572.0
2016-06-17,47.09999847412109,49.95000076293945,47.09999847412109,48.400001525878906,889818.0
2016-06-20,47.70000076293945,49.900001525878906,47.70000076293945,49.150001525878906,607608.0
2016-06-21,49.400001525878906,49.400001525878906,48.04999923706055,48.29999923706055,204439.0
2016-06-22,48.650001525878906,53.70000076293945,47.650001525878906,51.54999923706055,1735578.0
2016-06-23,52.20000076293945,52.45000076293945,48.900001525878906,49.34999847412109,846555.0
2016-06-24,47.0,47.150001525878906,41.59999847412109,46.79999923706055,505535.0
2016-06-27,46.95000076293945,47.900001525878906,46.95000076293945,47.59999847412109,193761.0
2016-06-28,47.5,49.0,47.09999847412109,47.70000076293945,322958.0
2016-06-29,48.0,49.70000076293945,48.0,48.75,397484.0
2016-06-30,49.34999847412109,52.59999847412109,49.09999847412109,51.34999847412109,1241540.0
2016-07-01,51.70000076293945,53.25,50.25,52.34999847412109,707745.0
2016-07-04,52.900001525878906,62.400001525878906,52.29999923706055,58.900001525878906,4445596.0
2016-07-05,59.0,59.400001525878906,56.150001525878906,56.75,1029579.0
2016-07-07,57.0,60.5,56.650001525878906,57.900001525878906,1285523.0
2016-07-08,58.0,58.0,55.0,55.75,444058.0
2016-07-11,56.70000076293945,58.04999923706055,55.79999923706055,56.400001525878906,423166.0
2016-07-12,56.900001525878906,57.59999847412109,54.59999847412109,56.400001525878906,688681.0
2016-07-13,56.95000076293945,57.400001525878906,54.900001525878906,55.34999847412109,561248.0
2016-07-14,55.5,56.59999847412109,54.5,55.650001525878906,405844.0
2016-07-15,56.29999923706055,56.29999923706055,53.5,54.04999923706055,243575.0
2016-07-18,54.400001525878906,56.29999923706055,54.09999847412109,54.20000076293945,378776.0
2016-07-19,54.5,54.650001525878906,53.20000076293945,53.75,159163.0
2016-07-20,53.75,58.150001525878906,53.75,56.20000076293945,1139778.0
2016-07-21,56.09999847412109,59.5,55.09999847412109,56.650001525878906,1019351.0
2016-07-22,56.650001525878906,59.150001525878906,56.20000076293945,57.45000076293945,560214.0
2016-07-25,57.5,58.29999923706055,56.79999923706055,57.09999847412109,334640.0
2016-07-26,57.5,57.59999847412109,55.0,55.34999847412109,260133.0
2016-07-27,55.34999847412109,56.900001525878906,54.5,55.79999923706055,369943.0
2016-07-28,55.900001525878906,56.650001525878906,54.79999923706055,55.20000076293945,222666.0
2016-07-29,55.400001525878906,55.84999847412109,54.20000076293945,54.45000076293945,175586.0
2016-08-01,54.70000076293945,56.0,53.59999847412109,54.04999923706055,352275.0
2016-08-02,54.29999923706055,55.150001525878906,53.09999847412109,53.25,245066.0
2016-08-03,53.25,53.59999847412109,51.09999847412109,51.59999847412109,182345.0
2016-08-04,51.70000076293945,53.75,51.70000076293945,52.75,209412.0
2016-08-05,52.59999847412109,54.95000076293945,51.5,53.70000076293945,350518.0
2016-08-08,53.70000076293945,54.59999847412109,53.150001525878906,53.5,259874.0
2016-08-09,53.79999923706055,53.79999923706055,52.0,52.70000076293945,197093.0
2016-08-10,52.29999923706055,53.54999923706055,51.5,51.650001525878906,143677.0
2016-08-11,52.0,54.29999923706055,48.70000076293945,53.70000076293945,422692.0
2016-08-12,55.0,55.0,52.20000076293945,53.0,578990.0
2016-08-16,52.70000076293945,53.0,51.84999847412109,52.04999923706055,115412.0
2016-08-17,52.54999923706055,52.900001525878906,49.75,49.95000076293945,280675.0
2016-08-18,49.95000076293945,51.25,49.95000076293945,51.0,318768.0
2016-08-19,51.04999923706055,52.29999923706055,51.04999923706055,51.45000076293945,249559.0
2016-08-22,53.0,53.5,52.04999923706055,52.34999847412109,324147.0
2016-08-23,52.400001525878906,52.900001525878906,50.29999923706055,51.0,210521.0
2016-08-24,51.0,52.29999923706055,50.900001525878906,51.400001525878906,211054.0
2016-08-25,51.54999923706055,51.95000076293945,50.400001525878906,50.650001525878906,207788.0
2016-08-26,50.900001525878906,51.20000076293945,49.5,50.150001525878906,188852.0
2016-08-29,50.150001525878906,50.150001525878906,48.400001525878906,48.95000076293945,132504.0
2016-08-30,49.400001525878906,49.95000076293945,48.59999847412109,48.84999847412109,329333.0
2016-08-31,49.79999923706055,51.45000076293945,49.25,49.59999847412109,1010896.0
2016-09-01,49.70000076293945,50.45000076293945,49.0,49.29999923706055,262725.0
2016-09-02,48.75,51.34999847412109,48.70000076293945,50.04999923706055,895341.0
2016-09-06,50.09999847412109,50.34999847412109,49.0,49.29999923706055,300535.0
2016-09-07,49.34999847412109,51.20000076293945,48.900001525878906,49.900001525878906,704948.0
2016-09-08,49.900001525878906,52.400001525878906,49.900001525878906,51.900001525878906,1464041.0
2016-09-09,51.84999847412109,52.70000076293945,50.150001525878906,51.84999847412109,1150641.0
2016-09-12,50.900001525878906,50.900001525878906,48.5,48.70000076293945,934707.0
2016-09-14,48.70000076293945,50.0,48.70000076293945,49.400001525878906,415705.0
2016-09-15,47.5,48.79999923706055,45.5,47.54999923706055,679947.0
2016-09-16,47.79999923706055,49.150001525878906,46.59999847412109,47.04999923706055,428225.0
2016-09-19,47.09999847412109,48.70000076293945,46.5,47.95000076293945,634582.0
2016-09-20,48.29999923706055,48.400001525878906,46.900001525878906,47.150001525878906,180203.0
2016-09-21,47.59999847412109,47.900001525878906,47.0,47.25,110806.0
2016-09-22,47.84999847412109,48.29999923706055,47.20000076293945,47.79999923706055,243261.0
2016-09-23,48.04999923706055,48.400001525878906,47.0,47.25,499626.0
2016-09-26,47.29999923706055,47.900001525878906,46.650001525878906,47.0,220320.0
2016-09-27,47.04999923706055,47.54999923706055,46.20000076293945,46.59999847412109,156686.0
2016-09-28,46.70000076293945,47.900001525878906,46.70000076293945,47.400001525878906,369809.0
2016-09-29,47.5,48.150001525878906,42.95000076293945,43.900001525878906,678082.0
2016-09-30,43.5,45.45000076293945,43.5,44.59999847412109,498347.0
2016-10-03,44.650001525878906,46.29999923706055,44.650001525878906,45.70000076293945,400696.0
2016-10-04,45.75,46.70000076293945,45.70000076293945,46.45000076293945,312467.0
2016-10-05,46.5,48.0,46.09999847412109,47.150001525878906,466139.0
2016-10-06,47.59999847412109,52.34999847412109,47.09999847412109,48.70000076293945,4757728.0
2016-10-07,49.25,50.0,47.09999847412109,49.29999923706055,2543263.0
2016-10-10,49.59999847412109,49.900001525878906,48.5,48.95000076293945,279816.0
2016-10-13,49.400001525878906,49.400001525878906,46.5,47.150001525878906,467923.0
2016-10-14,47.59999847412109,47.900001525878906,46.79999923706055,47.20000076293945,361373.0
2016-10-17,47.400001525878906,49.09999847412109,45.70000076293945,48.45000076293945,435167.0
2016-10-18,48.75,48.84999847412109,47.650001525878906,48.29999923706055,286734.0
2016-10-19,48.79999923706055,48.79999923706055,47.09999847412109,47.54999923706055,194440.0
2016-10-20,47.900001525878906,48.29999923706055,47.54999923706055,47.84999847412109,198179.0
2016-10-21,47.900001525878906,48.25,47.25,47.59999847412109,217645.0
2016-10-24,48.0,48.75,47.59999847412109,48.09999847412109,393978.0
2016-10-25,48.29999923706055,48.34999847412109,47.5,47.75,185130.0
2016-10-26,47.79999923706055,49.84999847412109,47.400001525878906,48.59999847412109,716496.0
2016-10-27,48.5,48.79999923706055,47.0,47.79999923706055,190770.0
2016-10-28,48.25,48.29999923706055,47.5,48.04999923706055,198204.0
2016-11-01,48.09999847412109,48.45000076293945,47.54999923706055,48.150001525878906,202070.0
2016-11-02,48.0,48.0,46.900001525878906,47.45000076293945,245779.0
2016-11-03,47.5,47.75,46.150001525878906,46.400001525878906,214114.0
2016-11-04,46.5,47.04999923706055,44.29999923706055,44.900001525878906,314191.0
2016-11-07,45.650001525878906,46.900001525878906,45.400001525878906,45.84999847412109,293176.0
2016-11-08,45.54999923706055,46.400001525878906,45.29999923706055,45.59999847412109,126691.0
2016-11-09,38.20000076293945,42.0,36.5,40.150001525878906,654491.0
2016-11-10,41.79999923706055,44.150001525878906,41.29999923706055,42.5,483660.0
2016-11-11,41.0,41.59999847412109,39.0,39.79999923706055,237136.0
2016-11-15,39.0,46.20000076293945,38.09999847412109,39.25,282962.0
2016-11-16,40.20000076293945,41.20000076293945,39.0,39.20000076293945,183754.0
2016-11-17,38.0,40.54999923706055,38.0,39.84999847412109,118388.0
2016-11-18,39.0,40.0,38.84999847412109,39.5,180145.0
2016-11-21,40.5,40.5,37.20000076293945,37.95000076293945,137944.0
2016-11-22,37.54999923706055,38.95000076293945,36.0,37.09999847412109,255711.0
2016-11-23,37.29999923706055,38.400001525878906,37.29999923706055,38.09999847412109,240655.0
2016-11-24,38.09999847412109,38.900001525878906,37.54999923706055,38.20000076293945,83344.0
2016-11-25,38.29999923706055,39.59999847412109,38.0,38.84999847412109,183092.0
2016-11-28,38.900001525878906,40.5,38.20000076293945,39.84999847412109,168874.0
2016-11-29,39.900001525878906,41.400001525878906,39.20000076293945,40.5,193342.0
2016-11-30,40.54999923706055,41.34999847412109,40.5,41.0,128636.0
2016-12-01,41.09999847412109,41.79999923706055,40.09999847412109,40.650001525878906,139352.0
2016-12-02,40.0,41.29999923706055,39.20000076293945,39.95000076293945,122730.0
2016-12-05,39.95000076293945,40.400001525878906,39.20000076293945,40.04999923706055,145293.0
2016-12-06,41.20000076293945,41.79999923706055,40.400001525878906,40.900001525878906,277641.0
2016-12-07,41.0,41.45000076293945,40.04999923706055,40.25,134029.0
2016-12-08,40.29999923706055,41.0,40.150001525878906,40.29999923706055,130886.0
2016-12-09,40.59999847412109,41.45000076293945,40.29999923706055,41.0,158019.0
2016-12-12,39.09999847412109,40.20000076293945,39.09999847412109,39.650001525878906,135426.0
2016-12-13,39.650001525878906,41.70000076293945,39.25,41.0,177580.0
2016-12-14,41.150001525878906,41.29999923706055,39.59999847412109,40.09999847412109,177561.0
2016-12-15,40.0,40.34999847412109,39.34999847412109,39.59999847412109,124927.0
2016-12-16,39.79999923706055,39.900001525878906,39.09999847412109,39.54999923706055,112595.0
2016-12-19,39.5,39.79999923706055,39.04999923706055,39.45000076293945,68009.0
2016-12-20,39.29999923706055,39.79999923706055,38.54999923706055,38.79999923706055,94527.0
2016-12-21,39.04999923706055,39.04999923706055,38.25,38.45000076293945,165364.0
2016-12-22,38.34999847412109,38.650001525878906,37.5,38.04999923706055,105231.0
2016-12-23,37.84999847412109,38.20000076293945,37.04999923706055,37.70000076293945,97667.0
2016-12-26,37.20000076293945,37.59999847412109,36.04999923706055,36.34999847412109,78227.0
2016-12-27,36.09999847412109,36.34999847412109,35.0,35.650001525878906,154739.0
2016-12-28,35.54999923706055,36.29999923706055,35.54999923706055,35.95000076293945,120229.0
2016-12-29,36.0,36.150001525878906,35.650001525878906,35.849998474121094,59189.0
2016-12-30,36.150001525878906,37.20000076293945,35.95000076293945,36.150001525878906,317193.0
2017-01-02,36.59999847412109,38.400001525878906,36.59999847412109,37.59999847412109,329035.0
2017-01-03,37.45000076293945,38.900001525878906,37.45000076293945,38.04999923706055,244006.0
2017-01-04,38.25,39.0,37.59999847412109,38.5,188570.0
2017-01-05,38.75,39.900001525878906,38.75,39.400001525878906,225449.0
2017-01-06,39.84999847412109,39.84999847412109,38.09999847412109,38.400001525878906,125570.0
2017-01-09,38.25,38.75,37.70000076293945,38.0,124922.0
2017-01-10,38.25,38.650001525878906,37.84999847412109,38.400001525878906,85330.0
2017-01-11,38.400001525878906,38.75,38.29999923706055,38.54999923706055,89593.0
2017-01-12,38.59999847412109,38.650001525878906,38.25,38.400001525878906,44361.0
2017-01-13,38.650001525878906,38.84999847412109,38.0,38.54999923706055,68121.0
2017-01-16,38.54999923706055,41.650001525878906,38.5,40.54999923706055,423739.0
2017-01-17,40.0,42.45000076293945,39.5,41.70000076293945,458402.0
2017-01-18,42.400001525878906,43.0,41.5,41.79999923706055,736317.0
2017-01-19,41.79999923706055,42.79999923706055,40.59999847412109,41.70000076293945,210680.0
2017-01-20,41.5,42.0,40.04999923706055,40.34999847412109,116677.0
2017-01-23,40.5,40.900001525878906,40.09999847412109,40.54999923706055,92735.0
2017-01-24,40.54999923706055,41.20000076293945,40.25,40.70000076293945,111544.0
2017-01-25,40.95000076293945,41.5,40.70000076293945,41.09999847412109,121149.0
2017-01-27,41.0,41.54999923706055,40.79999923706055,40.900001525878906,103032.0
2017-01-30,40.54999923706055,41.25,40.25,40.70000076293945,61488.0
2017-01-31,40.54999923706055,40.900001525878906,39.59999847412109,39.900001525878906,87045.0
2017-02-01,39.70000076293945,42.20000076293945,39.70000076293945,41.84999847412109,462392.0
2017-02-02,41.25,42.0,40.75,41.29999923706055,170249.0
2017-02-03,41.400001525878906,43.79999923706055,41.400001525878906,42.75,431701.0
2017-02-06,42.59999847412109,44.900001525878906,42.59999847412109,44.0,576797.0
2017-02-07,44.29999923706055,45.59999847412109,42.54999923706055,43.09999847412109,647275.0
2017-02-08,43.25,44.20000076293945,42.400001525878906,43.29999923706055,406788.0
2017-02-09,43.29999923706055,44.04999923706055,42.5,43.20000076293945,485843.0
2017-02-10,43.5,43.75,42.5,42.650001525878906,239578.0
2017-02-13,42.20000076293945,42.900001525878906,41.25,41.5,154075.0
2017-02-14,41.79999923706055,43.400001525878906,41.0,41.34999847412109,164959.0
2017-02-15,41.900001525878906,41.900001525878906,39.95000076293945,40.09999847412109,99204.0
2017-02-16,40.0,41.0,40.0,40.54999923706055,75140.0
2017-02-17,41.900001525878906,42.04999923706055,40.79999923706055,41.150001525878906,230677.0
2017-02-20,41.70000076293945,42.20000076293945,41.09999847412109,41.29999923706055,162441.0
2017-02-21,41.75,41.900001525878906,40.84999847412109,41.59999847412109,103778.0
2017-02-22,41.5,42.25,41.04999923706055,41.400001525878906,119513.0
2017-02-23,41.59999847412109,41.79999923706055,40.900001525878906,41.0,90439.0
2017-02-27,40.900001525878906,41.5,40.59999847412109,40.84999847412109,62042.0
2017-02-28,40.900001525878906,41.900001525878906,40.75,41.45000076293945,165182.0
2017-03-01,41.75,43.29999923706055,41.20000076293945,42.650001525878906,647273.0
2017-03-02,43.09999847412109,43.5,41.04999923706055,41.29999923706055,329909.0
2017-03-03,41.29999923706055,41.70000076293945,40.70000076293945,41.150001525878906,61256.0
2017-03-06,41.20000076293945,42.79999923706055,41.04999923706055,42.54999923706055,184698.0
2017-03-07,43.70000076293945,44.0,42.0,42.34999847412109,415771.0
2017-03-08,42.59999847412109,42.650001525878906,41.04999923706055,41.25,220404.0
2017-03-09,41.29999923706055,42.34999847412109,41.09999847412109,41.5,154303.0
2017-03-10,41.900001525878906,41.900001525878906,40.5,40.70000076293945,159739.0
2017-03-14,41.70000076293945,42.79999923706055,41.09999847412109,41.79999923706055,203753.0
2017-03-15,41.5,42.79999923706055,41.5,41.70000076293945,198719.0
2017-03-16,42.04999923706055,42.5,41.75,42.25,158960.0
2017-03-17,42.34999847412109,42.45000076293945,41.59999847412109,41.900001525878906,130244.0
2017-03-20,41.95000076293945,42.25,41.59999847412109,41.95000076293945,176190.0
2017-03-21,41.79999923706055,43.75,40.75,42.900001525878906,966270.0
2017-03-22,42.29999923706055,43.900001525878906,41.79999923706055,42.09999847412109,565674.0
2017-03-23,42.34999847412109,42.95000076293945,41.59999847412109,41.900001525878906,214991.0
2017-03-24,42.09999847412109,42.34999847412109,41.29999923706055,41.400001525878906,193222.0
2017-03-27,41.400001525878906,42.150001525878906,41.04999923706055,41.29999923706055,154441.0
2017-03-28,41.5,42.900001525878906,41.400001525878906,41.70000076293945,305280.0
2017-03-29,41.59999847412109,42.09999847412109,41.0,41.29999923706055,393882.0
2017-03-30,41.59999847412109,42.79999923706055,41.54999923706055,42.0,317203.0
2017-03-31,42.150001525878906,42.5,41.54999923706055,41.70000076293945,189768.0
2017-04-03,42.0,42.75,41.45000076293945,41.84999847412109,317547.0
2017-04-05,42.29999923706055,46.59999847412109,42.09999847412109,44.95000076293945,1688513.0
2017-04-06,45.0,47.09999847412109,44.54999923706055,45.900001525878906,889520.0
2017-04-07,45.20000076293945,46.0,43.900001525878906,44.20000076293945,383024.0
2017-04-10,44.70000076293945,46.0,44.09999847412109,45.5,348048.0
2017-04-11,46.5,46.650001525878906,44.79999923706055,45.400001525878906,456091.0
2017-04-12,45.150001525878906,46.95000076293945,44.04999923706055,45.5,491790.0
2017-04-13,45.400001525878906,46.5,45.0,45.25,414443.0
2017-04-17,45.84999847412109,52.900001525878906,45.20000076293945,51.45000076293945,5032254.0
2017-04-18,52.900001525878906,53.95000076293945,47.09999847412109,47.650001525878906,1969202.0
2017-04-19,47.25,50.95000076293945,46.0,49.95000076293945,1311152.0
2017-04-20,50.75,51.400001525878906,50.0,50.25,749695.0
2017-04-21,50.650001525878906,52.900001525878906,49.5,50.54999923706055,1888193.0
2017-04-24,52.5,53.45000076293945,52.0,52.29999923706055,1399555.0
2017-04-25,52.45000076293945,52.900001525878906,50.5,51.0,645702.0
2017-04-26,51.150001525878906,51.59999847412109,48.09999847412109,48.84999847412109,570651.0
2017-04-27,49.09999847412109,49.54999923706055,47.650001525878906,47.84999847412109,494055.0
2017-04-28,47.900001525878906,48.29999923706055,47.0,47.09999847412109,386838.0
2017-05-02,47.59999847412109,49.400001525878906,47.34999847412109,48.29999923706055,493684.0
2017-05-03,48.5,50.29999923706055,48.09999847412109,48.25,681773.0
2017-05-04,48.25,48.79999923706055,47.09999847412109,47.650001525878906,292433.0
2017-05-05,47.900001525878906,48.0,46.09999847412109,46.34999847412109,383840.0
2017-05-08,46.20000076293945,49.79999923706055,46.20000076293945,49.400001525878906,854515.0
2017-05-09,49.95000076293945,52.09999847412109,49.5,50.400001525878906,1481772.0
2017-05-10,51.0,51.0,49.20000076293945,49.400001525878906,393567.0
2017-05-11,49.70000076293945,50.29999923706055,48.09999847412109,48.45000076293945,674073.0
2017-05-12,48.650001525878906,49.400001525878906,47.34999847412109,48.95000076293945,539857.0
2017-05-15,49.04999923706055,49.400001525878906,48.150001525878906,48.79999923706055,372900.0
2017-05-16,49.09999847412109,49.5,48.25,49.04999923706055,450109.0
2017-05-17,49.0,49.75,48.04999923706055,48.29999923706055,444013.0
2017-05-18,47.70000076293945,47.84999847412109,46.400001525878906,46.54999923706055,334304.0
2017-05-19,46.95000076293945,47.45000076293945,44.79999923706055,45.25,400223.0
2017-05-22,45.79999923706055,46.150001525878906,44.0,44.45000076293945,254548.0
2017-05-23,44.59999847412109,45.0,42.0,42.400001525878906,360831.0
2017-05-24,42.5,43.20000076293945,39.84999847412109,40.45000076293945,313768.0
2017-05-25,40.84999847412109,42.45000076293945,40.70000076293945,42.150001525878906,198451.0
2017-05-26,42.0,43.29999923706055,42.0,43.0,231505.0
2017-05-29,43.45000076293945,43.54999923706055,40.5,41.04999923706055,172690.0
2017-05-30,41.650001525878906,41.650001525878906,39.900001525878906,40.650001525878906,210978.0
2017-05-31,40.84999847412109,41.95000076293945,40.650001525878906,41.0,292727.0
2017-06-01,41.29999923706055,41.79999923706055,41.09999847412109,41.45000076293945,122151.0
2017-06-02,41.79999923706055,42.34999847412109,41.150001525878906,41.29999923706055,199289.0
2017-06-05,41.900001525878906,45.400001525878906,41.25,44.95000076293945,742561.0
2017-06-06,45.900001525878906,46.70000076293945,43.79999923706055,44.29999923706055,1245359.0
2017-06-07,44.5,45.34999847412109,44.04999923706055,44.59999847412109,281061.0
2017-06-08,45.0,45.150001525878906,43.400001525878906,43.79999923706055,303489.0
2017-06-09,44.5,44.95000076293945,43.400001525878906,44.0,295786.0
2017-06-12,43.84999847412109,44.70000076293945,42.400001525878906,42.75,316117.0
2017-06-13,42.29999923706055,43.45000076293945,42.09999847412109,42.25,176796.0
2017-06-14,42.5,42.70000076293945,41.84999847412109,42.29999923706055,167498.0
2017-06-15,42.45000076293945,44.25,42.20000076293945,43.650001525878906,415364.0
2017-06-16,43.900001525878906,45.400001525878906,42.29999923706055,42.650001525878906,989107.0
2017-06-19,43.0,43.25,41.0,41.09999847412109,381168.0
2017-06-20,41.400001525878906,43.0,41.0,42.75,340700.0
2017-06-21,42.5,43.59999847412109,41.29999923706055,41.45000076293945,837433.0
2017-06-22,42.0,42.45000076293945,41.09999847412109,41.34999847412109,282954.0
2017-06-23,42.400001525878906,42.900001525878906,40.45000076293945,40.75,1151741.0
2017-06-27,41.25,41.25,38.20000076293945,39.54999923706055,404510.0
2017-06-28,39.20000076293945,40.0,38.70000076293945,39.400001525878906,235682.0
2017-06-29,39.900001525878906,40.25,38.79999923706055,39.0,282531.0
2017-06-30,39.5,39.5,38.5,38.70000076293945,254193.0
2017-07-03,39.09999847412109,43.70000076293945,39.04999923706055,40.0,2398422.0
2017-07-04,40.45000076293945,40.75,39.29999923706055,39.54999923706055,420422.0
2017-07-05,39.45000076293945,41.70000076293945,39.400001525878906,41.09999847412109,590906.0
2017-07-06,43.29999923706055,43.29999923706055,39.84999847412109,40.400001525878906,3412473.0
2017-07-07,40.20000076293945,41.09999847412109,39.79999923706055,39.900001525878906,1611057.0
2017-07-10,41.0,41.0,40.04999923706055,40.25,106213.0
2017-07-11,40.34999847412109,40.59999847412109,39.75,39.95000076293945,402012.0
2017-07-12,41.400001525878906,42.0,39.79999923706055,40.0,2801318.0
2017-07-13,40.34999847412109,40.34999847412109,38.75,39.29999923706055,1027178.0
2017-07-14,39.54999923706055,39.84999847412109,38.75,39.34999847412109,586619.0
2017-07-17,39.29999923706055,39.79999923706055,38.95000076293945,39.29999923706055,417061.0
2017-07-18,39.04999923706055,39.45000076293945,38.25,38.59999847412109,478782.0
2017-07-19,38.75,39.400001525878906,38.70000076293945,38.900001525878906,437788.0
2017-07-20,39.04999923706055,39.25,38.84999847412109,38.95000076293945,381599.0
2017-07-21,39.150001525878906,39.29999923706055,38.29999923706055,38.5,501401.0
2017-07-24,38.54999923706055,39.20000076293945,38.25,38.54999923706055,1597492.0
2017-07-25,39.59999847412109,42.45000076293945,38.650001525878906,41.34999847412109,18935627.0
2017-07-26,41.70000076293945,43.79999923706055,40.54999923706055,42.900001525878906,8224634.0
2017-07-27,43.650001525878906,44.79999923706055,42.09999847412109,43.09999847412109,4528078.0
2017-07-28,43.20000076293945,44.900001525878906,42.75,44.45000076293945,3204914.0
2017-07-31,44.70000076293945,45.25,43.54999923706055,44.34999847412109,2014881.0
2017-08-01,44.59999847412109,44.59999847412109,42.400001525878906,42.650001525878906,1521258.0
2017-08-02,42.79999923706055,43.400001525878906,42.20000076293945,42.54999923706055,1108143.0
2017-08-03,42.650001525878906,42.650001525878906,39.59999847412109,40.25,1324562.0
2017-08-04,40.45000076293945,41.09999847412109,39.5,40.34999847412109,758634.0
2017-08-07,40.54999923706055,41.59999847412109,40.5,40.84999847412109,641849.0
2017-08-08,40.900001525878906,40.900001525878906,37.650001525878906,38.25,1201926.0
2017-08-09,38.25,38.54999923706055,36.5,36.79999923706055,959071.0
2017-08-10,36.70000076293945,37.79999923706055,32.70000076293945,34.20000076293945,1160575.0
2017-08-11,33.20000076293945,35.20000076293945,32.150001525878906,34.70000076293945,770110.0
2017-08-14,35.400001525878906,37.0,35.099998474121094,36.70000076293945,547744.0
2017-08-16,36.150001525878906,37.45000076293945,36.0,37.0,423475.0
2017-08-17,36.84999847412109,37.900001525878906,36.84999847412109,37.34999847412109,386884.0
2017-08-18,37.0,37.0,36.25,36.70000076293945,327945.0
2017-08-21,36.70000076293945,37.34999847412109,35.900001525878906,36.09999847412109,314388.0
2017-08-22,36.20000076293945,36.70000076293945,35.0,35.099998474121094,293060.0
2017-08-23,35.599998474121094,36.45000076293945,35.400001525878906,36.04999923706055,308986.0
2017-08-24,36.09999847412109,37.09999847412109,36.09999847412109,36.5,281988.0
2017-08-28,36.900001525878906,37.5,36.79999923706055,37.09999847412109,264747.0
2017-08-29,36.900001525878906,36.900001525878906,35.75,36.04999923706055,204244.0
2017-08-30,36.25,37.0,36.25,36.84999847412109,204441.0
2017-08-31,37.0,37.20000076293945,36.59999847412109,36.900001525878906,186541.0
2017-09-01,37.04999923706055,41.09999847412109,37.0,39.29999923706055,1420410.0
2017-09-04,38.95000076293945,41.20000076293945,38.5,39.75,1405453.0
2017-09-05,40.09999847412109,41.79999923706055,39.650001525878906,40.75,1180876.0
2017-09-06,40.84999847412109,41.95000076293945,40.79999923706055,41.09999847412109,1345412.0
2017-09-07,41.5,42.400001525878906,41.20000076293945,41.34999847412109,742675.0
2017-09-08,41.34999847412109,42.150001525878906,38.0,39.04999923706055,976172.0
2017-09-11,39.5,39.95000076293945,37.5,38.0,706526.0
2017-09-12,38.34999847412109,41.0,38.25,38.79999923706055,907899.0
2017-09-13,38.79999923706055,39.25,38.400001525878906,38.54999923706055,335457.0
2017-09-14,38.650001525878906,39.20000076293945,38.20000076293945,38.34999847412109,304256.0
2017-09-15,38.0,39.0,37.59999847412109,37.84999847412109,305719.0
2017-09-18,38.5,38.79999923706055,37.75,38.0,356129.0
2017-09-19,39.09999847412109,39.59999847412109,38.150001525878906,38.5,696415.0
2017-09-20,38.45000076293945,39.0,38.04999923706055,38.20000076293945,278316.0
2017-09-21,38.29999923706055,38.59999847412109,37.20000076293945,37.900001525878906,429115.0
2017-09-22,37.34999847412109,37.79999923706055,36.09999847412109,36.29999923706055,464307.0
2017-09-25,36.79999923706055,37.0,35.0,35.25,622483.0
2017-09-26,35.54999923706055,36.5,35.20000076293945,36.09999847412109,335483.0
2017-09-27,36.20000076293945,36.70000076293945,34.849998474121094,34.95000076293945,331367.0
2017-09-28,35.04999923706055,35.599998474121094,34.54999923706055,35.349998474121094,265610.0
2017-09-29,35.599998474121094,36.29999923706055,35.349998474121094,35.599998474121094,267525.0
2017-10-03,35.95000076293945,36.34999847412109,34.900001525878906,35.04999923706055,260557.0
2017-10-04,35.29999923706055,35.70000076293945,34.95000076293945,35.20000076293945,185589.0
2017-10-05,35.25,36.59999847412109,35.150001525878906,35.70000076293945,404780.0
2017-10-06,35.70000076293945,36.25,35.54999923706055,35.79999923706055,241906.0
2017-10-09,35.900001525878906,37.400001525878906,35.70000076293945,36.29999923706055,548219.0
2017-10-10,36.400001525878906,37.09999847412109,36.150001525878906,36.29999923706055,272347.0
2017-10-11,36.5,36.75,35.0,35.150001525878906,408742.0
2017-10-12,35.400001525878906,35.70000076293945,32.599998474121094,34.099998474121094,1860301.0
2017-10-13,34.0,36.400001525878906,33.5,34.400001525878906,1561545.0
2017-10-16,34.400001525878906,35.0,34.0,34.150001525878906,253358.0
2017-10-17,34.599998474121094,40.95000076293945,34.400001525878906,36.59999847412109,6297247.0
2017-10-18,36.79999923706055,38.400001525878906,35.54999923706055,36.25,1719994.0
2017-10-19,36.25,37.29999923706055,36.150001525878906,36.75,375550.0
2017-10-23,37.0,37.29999923706055,36.20000076293945,36.54999923706055,311248.0
2017-10-24,36.650001525878906,37.75,36.400001525878906,36.900001525878906,661626.0
2017-10-25,37.29999923706055,37.5,36.5,36.54999923706055,409188.0
2017-10-26,36.79999923706055,37.25,36.20000076293945,36.70000076293945,509798.0
2017-10-27,36.650001525878906,37.0,36.400001525878906,36.5,305849.0
2017-10-30,36.29999923706055,38.20000076293945,36.29999923706055,37.45000076293945,850759.0
2017-10-31,37.70000076293945,38.70000076293945,36.79999923706055,38.0,631893.0
2017-11-01,38.150001525878906,39.150001525878906,37.70000076293945,37.84999847412109,634377.0
2017-11-02,38.20000076293945,38.20000076293945,37.29999923706055,37.45000076293945,254242.0
2017-11-03,37.5,38.29999923706055,37.20000076293945,37.75,380034.0
2017-11-06,37.84999847412109,38.25,37.29999923706055,37.400001525878906,358840.0
2017-11-07,37.59999847412109,37.79999923706055,36.20000076293945,36.59999847412109,312369.0
2017-11-08,36.70000076293945,36.95000076293945,35.400001525878906,35.95000076293945,209610.0
2017-11-09,36.0,36.70000076293945,35.650001525878906,36.04999923706055,209694.0
2017-11-10,36.09999847412109,36.25,35.150001525878906,35.25,243972.0
2017-11-13,35.04999923706055,35.349998474121094,34.5,34.650001525878906,180272.0
2017-11-14,34.79999923706055,36.0,34.75,34.95000076293945,216999.0
2017-11-15,35.0,35.0,33.70000076293945,33.95000076293945,218285.0
2017-11-16,33.95000076293945,35.099998474121094,33.95000076293945,34.650001525878906,254186.0
2017-11-17,35.099998474121094,37.20000076293945,34.75,35.70000076293945,753074.0
2017-11-20,35.849998474121094,37.0,35.70000076293945,36.400001525878906,314873.0
2017-11-21,36.400001525878906,37.04999923706055,35.599998474121094,35.75,352807.0
2017-11-22,35.79999923706055,36.20000076293945,35.25,35.5,176379.0
2017-11-23,35.5,37.20000076293945,35.400001525878906,36.70000076293945,579046.0
2017-11-24,36.70000076293945,37.29999923706055,35.25,36.0,1227551.0
2017-11-27,35.5,36.25,35.20000076293945,35.849998474121094,238240.0
2017-11-28,36.0,36.5,35.599998474121094,35.75,249314.0
2017-11-29,36.0,39.20000076293945,35.79999923706055,37.70000076293945,2175085.0
2017-11-30,37.25,38.29999923706055,36.70000076293945,37.59999847412109,646380.0
2017-12-01,37.650001525878906,39.20000076293945,36.59999847412109,36.84999847412109,775411.0
2017-12-04,36.5,37.25,36.150001525878906,36.45000076293945,286956.0
2017-12-05,36.09999847412109,36.34999847412109,35.650001525878906,36.0,165128.0
2017-12-06,35.79999923706055,36.45000076293945,35.75,36.0,178579.0
2017-12-07,35.650001525878906,36.20000076293945,35.45000076293945,35.5,430487.0
2017-12-08,35.75,37.79999923706055,35.599998474121094,36.150001525878906,603183.0
2017-12-11,36.150001525878906,37.400001525878906,35.95000076293945,36.09999847412109,325823.0
2017-12-12,36.20000076293945,36.5,35.5,35.75,226767.0
2017-12-13,35.75,36.04999923706055,34.900001525878906,35.20000076293945,205297.0
2017-12-14,35.25,35.54999923706055,34.5,34.849998474121094,232959.0
2017-12-15,35.20000076293945,35.54999923706055,34.75,35.0,117166.0
2017-12-18,35.25,35.45000076293945,34.25,34.900001525878906,240644.0
2017-12-19,34.95000076293945,35.5,34.45000076293945,34.75,313360.0
2017-12-20,35.0,36.70000076293945,34.95000076293945,36.34999847412109,872347.0
2017-12-21,36.54999923706055,43.59999847412109,36.29999923706055,43.59999847412109,4096801.0
2017-12-22,52.29999923706055,52.29999923706055,52.29999923706055,52.29999923706055,1521040.0
2017-12-26,56.900001525878906,56.900001525878906,52.04999923706055,55.34999847412109,11317673.0
2017-12-27,54.70000076293945,56.5,50.650001525878906,52.34999847412109,5018049.0
2017-12-28,51.59999847412109,54.70000076293945,51.0,52.650001525878906,1444189.0
2017-12-29,53.09999847412109,57.900001525878906,52.5,57.900001525878906,2202712.0
2018-01-01,61.0,63.650001525878906,60.09999847412109,63.650001525878906,2226298.0
2018-01-02,70.0,70.0,65.05000305175781,70.0,6024870.0
2018-01-03,72.44999694824219,72.44999694824219,66.5,67.8499984741211,3838377.0
2018-01-04,67.5999984741211,71.19999694824219,67.4000015258789,71.19999694824219,1003890.0
2018-01-05,74.69999694824219,74.75,73.0,74.75,3051403.0
2018-01-08,78.44999694824219,78.44999694824219,78.44999694824219,78.44999694824219,285036.0
2018-01-09,82.3499984741211,82.3499984741211,79.0,82.3499984741211,4127915.0
2018-01-10,85.44999694824219,85.44999694824219,80.0999984741211,83.69999694824219,2517981.0
2018-01-11,84.4000015258789,86.0,80.19999694824219,82.19999694824219,1231250.0
2018-01-12,83.0,83.05000305175781,78.0999984741211,78.25,2051473.0
2018-01-15,79.0,80.4000015258789,74.3499984741211,74.69999694824219,1286308.0
2018-01-16,73.0,76.1500015258789,71.30000305175781,72.05000305175781,2275122.0
2018-01-17,72.9000015258789,74.0999984741211,68.44999694824219,71.5,1269810.0
2018-01-18,72.94999694824219,73.30000305175781,67.94999694824219,68.4000015258789,1170128.0
2018-01-19,68.4000015258789,71.80000305175781,65.30000305175781,71.69999694824219,1535193.0
2018-01-22,73.80000305175781,73.80000305175781,69.30000305175781,70.19999694824219,590211.0
2018-01-23,70.19999694824219,72.44999694824219,67.0,68.0,712798.0
2018-01-24,68.05000305175781,69.0,65.1500015258789,65.69999694824219,550851.0
2018-01-25,65.25,68.94999694824219,63.70000076293945,68.94999694824219,630852.0
2018-01-29,68.0999984741211,69.69999694824219,66.0,66.19999694824219,346136.0
2018-01-30,63.59999847412109,65.8499984741211,62.900001525878906,62.95000076293945,784671.0
2018-01-31,62.84999847412109,63.400001525878906,59.84999847412109,61.09999847412109,933027.0
2018-02-01,62.900001525878906,64.1500015258789,58.59999847412109,61.95000076293945,1157190.0
2018-02-02,59.29999923706055,60.400001525878906,58.900001525878906,58.900001525878906,493169.0
2018-02-05,56.0,57.25,56.0,56.0,582756.0
2018-02-06,53.20000076293945,54.900001525878906,53.20000076293945,53.20000076293945,1656085.0
2018-02-07,54.70000076293945,54.70000076293945,50.54999923706055,50.84999847412109,2997424.0
2018-02-08,49.59999847412109,53.34999847412109,48.79999923706055,53.34999847412109,607644.0
2018-02-09,52.70000076293945,56.0,51.25,56.0,1248095.0
2018-02-12,58.5,58.79999923706055,57.59999847412109,58.79999923706055,252795.0
2018-02-14,61.20000076293945,61.70000076293945,56.0,57.25,2232214.0
2018-02-15,60.09999847412109,60.09999847412109,55.650001525878906,56.25,924476.0
2018-02-16,56.5,57.59999847412109,53.45000076293945,55.09999847412109,824643.0
2018-02-19,55.45000076293945,55.75,52.34999847412109,52.400001525878906,443173.0
2018-02-20,52.5,54.400001525878906,50.95000076293945,52.29999923706055,506109.0
2018-02-21,54.0,54.900001525878906,53.54999923706055,54.900001525878906,779611.0
2018-02-22,55.20000076293945,57.29999923706055,53.45000076293945,55.5,588997.0
2018-02-23,56.75,58.25,55.5,58.150001525878906,950026.0
2018-02-26,58.0,60.20000076293945,56.400001525878906,58.95000076293945,779375.0
2018-02-27,58.25,58.79999923706055,56.59999847412109,57.20000076293945,340109.0
2018-02-28,56.09999847412109,58.5,54.79999923706055,58.09999847412109,359916.0
2018-03-01,58.0,58.5,56.29999923706055,56.75,216916.0
2018-03-05,56.29999923706055,56.29999923706055,54.900001525878906,55.650001525878906,154262.0
2018-03-06,57.400001525878906,58.34999847412109,53.0,53.95000076293945,401467.0
2018-03-07,53.95000076293945,54.150001525878906,51.29999923706055,51.400001525878906,399834.0
2018-03-08,53.0,53.5,49.5,51.900001525878906,358505.0
2018-03-09,52.79999923706055,54.20000076293945,51.650001525878906,52.20000076293945,411068.0
2018-03-12,52.75,54.79999923706055,52.04999923706055,53.84999847412109,1184818.0
2018-03-13,54.0,56.5,52.59999847412109,55.5,730598.0
2018-03-14,55.0,56.45000076293945,54.5,55.70000076293945,559513.0
2018-03-15,56.0,58.45000076293945,55.650001525878906,58.45000076293945,1237847.0
2018-03-16,58.400001525878906,60.650001525878906,56.25,56.70000076293945,851071.0
2018-03-19,58.95000076293945,59.09999847412109,53.900001525878906,53.900001525878906,459779.0
2018-03-20,51.25,53.650001525878906,51.25,51.25,710345.0
2018-03-21,50.79999923706055,52.25,48.70000076293945,48.70000076293945,843636.0
2018-03-22,48.0,48.34999847412109,46.29999923706055,46.29999923706055,1150103.0
2018-03-23,44.0,46.0,44.0,44.150001525878906,698108.0
2018-03-26,45.0,46.34999847412109,43.29999923706055,45.79999923706055,889662.0
2018-03-27,46.900001525878906,47.400001525878906,45.79999923706055,46.45000076293945,447528.0
2018-03-28,46.0,48.5,44.5,46.04999923706055,774270.0
2018-04-02,47.75,48.34999847412109,47.09999847412109,48.34999847412109,81078.0
2018-04-03,49.79999923706055,50.75,49.04999923706055,50.75,1011826.0
2018-04-04,51.900001525878906,53.25,49.45000076293945,52.5,1175199.0
2018-04-05,54.0,55.09999847412109,53.34999847412109,55.09999847412109,669566.0
2018-04-06,57.400001525878906,58.5,54.20000076293945,55.75,1652210.0
2018-04-09,56.5,57.75,54.25,55.04999923706055,612570.0
2018-04-10,56.5,57.0,52.54999923706055,53.84999847412109,838915.0
2018-04-11,54.0,61.0,53.5,58.59999847412109,1824301.0
2018-04-12,58.34999847412109,59.79999923706055,56.04999923706055,57.5,584823.0
2018-04-13,57.29999923706055,59.400001525878906,56.09999847412109,56.45000076293945,303573.0
2018-04-16,55.75,66.4000015258789,54.29999923706055,63.84999847412109,4175847.0
2018-04-17,65.0,67.75,64.19999694824219,65.30000305175781,3207781.0
2018-04-18,65.5,65.69999694824219,59.5,60.04999923706055,1156622.0
2018-04-19,60.400001525878906,60.75,57.59999847412109,58.59999847412109,1157835.0
2018-04-20,58.04999923706055,60.20000076293945,56.25,57.34999847412109,790291.0
2018-04-23,57.150001525878906,60.400001525878906,56.900001525878906,58.54999923706055,710501.0
2018-04-24,59.0,61.400001525878906,59.0,59.95000076293945,1066745.0
2018-04-25,60.45000076293945,71.9000015258789,59.900001525878906,67.55000305175781,12993113.0
2018-04-26,69.30000305175781,72.5,68.0,68.8499984741211,6109517.0
2018-04-27,69.19999694824219,69.30000305175781,64.5,65.6500015258789,1336393.0
2018-04-30,64.55000305175781,68.80000305175781,62.75,64.69999694824219,1491224.0
2018-05-02,65.0,65.75,63.09999847412109,63.5,791678.0
2018-05-03,63.09999847412109,69.94999694824219,60.79999923706055,62.900001525878906,3512889.0
2018-05-04,63.45000076293945,65.44999694824219,62.59999847412109,64.25,1306995.0
2018-05-07,64.69999694824219,64.9000015258789,63.09999847412109,63.900001525878906,645269.0
2018-05-08,64.1500015258789,64.69999694824219,62.59999847412109,62.900001525878906,395561.0
2018-05-09,63.34999847412109,63.5,62.0,62.25,283741.0
2018-05-10,62.59999847412109,64.0,60.400001525878906,61.20000076293945,573956.0
2018-05-11,61.84999847412109,62.04999923706055,58.29999923706055,58.70000076293945,364792.0
2018-05-14,58.45000076293945,59.0,55.54999923706055,56.25,503377.0
2018-05-15,56.20000076293945,58.25,50.09999847412109,51.09999847412109,2013764.0
2018-05-16,50.900001525878906,53.70000076293945,49.650001525878906,52.70000076293945,993875.0
2018-05-17,53.0,56.20000076293945,52.20000076293945,54.45000076293945,682778.0
2018-05-18,54.5,54.5,50.5,50.900001525878906,534528.0
2018-05-21,50.900001525878906,51.84999847412109,47.29999923706055,47.70000076293945,534991.0
2018-05-22,46.34999847412109,50.0,46.34999847412109,48.84999847412109,396256.0
2018-05-23,48.59999847412109,50.79999923706055,48.09999847412109,49.29999923706055,513427.0
2018-05-24,49.84999847412109,50.79999923706055,48.70000076293945,49.5,268118.0
2018-05-25,49.400001525878906,51.900001525878906,49.20000076293945,51.45000076293945,394563.0
2018-05-28,52.0,54.400001525878906,51.650001525878906,53.79999923706055,333620.0
2018-05-29,51.59999847412109,51.59999847412109,48.79999923706055,50.45000076293945,484026.0
2018-05-30,50.900001525878906,51.29999923706055,49.25,50.59999847412109,290176.0
2018-05-31,51.09999847412109,51.09999847412109,49.0,49.25,198334.0
2018-06-01,49.04999923706055,50.400001525878906,47.59999847412109,48.34999847412109,309415.0
2018-06-04,49.25,49.5,45.400001525878906,46.29999923706055,395767.0
2018-06-05,46.900001525878906,46.900001525878906,39.59999847412109,40.20000076293945,819848.0
2018-06-06,39.0,43.84999847412109,37.70000076293945,41.650001525878906,715866.0
2018-06-07,42.75,44.70000076293945,42.09999847412109,44.25,758883.0
2018-06-08,43.84999847412109,43.84999847412109,42.59999847412109,43.25,260829.0
2018-06-11,43.150001525878906,43.900001525878906,42.400001525878906,42.59999847412109,443681.0
2018-06-12,42.59999847412109,43.84999847412109,42.59999847412109,43.09999847412109,354909.0
2018-06-13,43.20000076293945,47.20000076293945,43.20000076293945,45.04999923706055,1169538.0
2018-06-14,45.29999923706055,45.650001525878906,43.400001525878906,44.54999923706055,334053.0
2018-06-15,44.900001525878906,44.900001525878906,43.0,43.650001525878906,324924.0
2018-06-18,43.650001525878906,43.650001525878906,42.20000076293945,42.54999923706055,160447.0
2018-06-19,42.34999847412109,42.45000076293945,40.59999847412109,41.34999847412109,196557.0
2018-06-20,41.09999847412109,41.84999847412109,40.75,41.20000076293945,331454.0
2018-06-21,41.79999923706055,41.79999923706055,40.20000076293945,40.29999923706055,198892.0
2018-06-22,40.84999847412109,40.84999847412109,39.45000076293945,40.29999923706055,227881.0
2018-06-25,40.29999923706055,40.70000076293945,39.70000076293945,40.20000076293945,133580.0
2018-06-26,39.20000076293945,40.400001525878906,38.25,38.45000076293945,188553.0
2018-06-27,38.5,38.900001525878906,35.400001525878906,37.54999923706055,337290.0
2018-06-28,36.84999847412109,39.75,36.0,38.79999923706055,278362.0
2018-06-29,39.09999847412109,43.0,39.0,41.900001525878906,336582.0
2018-07-02,41.900001525878906,42.54999923706055,39.29999923706055,39.95000076293945,259857.0
2018-07-03,39.400001525878906,40.70000076293945,38.75,39.45000076293945,178431.0
2018-07-04,39.45000076293945,39.54999923706055,37.0,37.29999923706055,373191.0
2018-07-05,36.54999923706055,39.150001525878906,36.54999923706055,37.34999847412109,405036.0
2018-07-06,37.0,38.70000076293945,36.95000076293945,38.04999923706055,306787.0
2018-07-09,39.0,39.400001525878906,37.70000076293945,39.04999923706055,238885.0
2018-07-10,39.29999923706055,40.59999847412109,39.09999847412109,39.79999923706055,376816.0
2018-07-11,39.900001525878906,39.900001525878906,38.34999847412109,38.54999923706055,334429.0
2018-07-12,38.900001525878906,39.150001525878906,38.04999923706055,38.150001525878906,192221.0
2018-07-13,38.20000076293945,38.34999847412109,36.150001525878906,36.95000076293945,342704.0
2018-07-16,37.59999847412109,37.59999847412109,35.25,35.650001525878906,507669.0
2018-07-17,35.70000076293945,36.79999923706055,35.349998474121094,36.0,278475.0
2018-07-18,36.400001525878906,36.5,34.75,34.95000076293945,264673.0
2018-07-19,35.20000076293945,35.45000076293945,33.54999923706055,33.79999923706055,216081.0
2018-07-20,33.849998474121094,33.849998474121094,32.54999923706055,32.75,164686.0
2018-07-23,33.0,33.400001525878906,31.39999961853028,31.75,395016.0
2018-07-24,32.150001525878906,35.70000076293945,31.89999961853028,34.150001525878906,682173.0
2018-07-25,34.5,35.70000076293945,33.849998474121094,34.650001525878906,414304.0
2018-07-26,34.099998474121094,35.650001525878906,34.099998474121094,34.95000076293945,405473.0
2018-07-27,34.54999923706055,35.70000076293945,33.5,34.150001525878906,405335.0
2018-07-30,34.849998474121094,34.849998474121094,33.54999923706055,33.95000076293945,218636.0
2018-07-31,33.900001525878906,36.70000076293945,33.75,35.45000076293945,1824384.0
2018-08-01,35.45000076293945,35.900001525878906,34.29999923706055,34.5,320501.0
2018-08-02,34.5,34.5,33.70000076293945,34.0,260546.0
2018-08-03,34.099998474121094,34.70000076293945,33.54999923706055,33.75,313220.0
2018-08-06,34.599998474121094,34.650001525878906,33.400001525878906,33.599998474121094,280288.0
2018-08-07,34.0,34.20000076293945,33.29999923706055,33.349998474121094,204383.0
2018-08-08,33.45000076293945,34.79999923706055,33.04999923706055,33.20000076293945,455109.0
2018-08-09,33.79999923706055,34.099998474121094,32.900001525878906,33.150001525878906,543629.0
2018-08-10,33.29999923706055,33.400001525878906,32.0,32.29999923706055,328932.0
2018-08-13,32.0,32.0,30.549999237060547,30.850000381469727,363584.0
2018-08-14,30.850000381469727,31.75,30.0,30.950000762939453,457275.0
2018-08-16,31.049999237060547,32.150001525878906,30.049999237060547,30.850000381469727,851399.0
2018-08-17,31.25,31.950000762939453,30.950000762939453,31.25,623721.0
2018-08-20,31.5,33.25,31.200000762939453,31.450000762939453,2094748.0
2018-08-21,31.549999237060547,32.25,30.75,30.950000762939453,931733.0
2018-08-23,31.0,31.25,29.25,29.450000762939453,797458.0
2018-08-24,29.5,29.799999237060547,28.450000762939453,28.799999237060547,649904.0
2018-08-27,28.600000381469727,30.299999237060547,28.350000381469727,29.0,973830.0
2018-08-28,29.25,29.549999237060547,28.549999237060547,29.0,639520.0
2018-08-29,30.600000381469727,30.89999961853028,29.25,29.549999237060547,2662633.0
2018-08-30,29.600000381469727,29.799999237060547,28.64999961853028,29.0,541997.0
2018-08-31,29.049999237060547,29.549999237060547,28.450000762939453,28.950000762939453,640193.0
2018-09-03,28.5,29.450000762939453,28.14999961853028,28.25,1152130.0
2018-09-04,28.450000762939453,29.0,26.89999961853028,27.100000381469727,956430.0
2018-09-05,27.0,27.14999961853028,25.0,25.299999237060547,1152262.0
2018-09-06,25.600000381469727,26.89999961853028,25.450000762939453,26.450000762939453,907790.0
2018-09-07,26.200000762939453,27.64999961853028,26.049999237060547,27.450000762939453,590717.0
2018-09-10,27.39999961853028,27.799999237060547,26.850000381469727,27.549999237060547,372088.0
2018-09-11,27.549999237060547,27.549999237060547,26.0,26.299999237060547,377864.0
2018-09-12,26.700000762939453,28.0,25.25,26.600000381469727,455510.0
2018-09-14,26.950000762939453,28.799999237060547,26.549999237060547,27.799999237060547,556000.0
2018-09-17,27.600000381469727,28.299999237060547,26.75,27.14999961853028,571554.0
2018-09-18,27.100000381469727,27.75,25.600000381469727,25.75,474330.0
2018-09-19,25.64999961853028,26.39999961853028,24.600000381469727,24.89999961853028,671157.0
2018-09-21,24.89999961853028,25.39999961853028,20.25,22.75,1091222.0
2018-09-24,23.600000381469727,23.600000381469727,21.299999237060547,22.100000381469727,624145.0
2018-09-25,22.0,25.049999237060547,20.600000381469727,22.850000381469727,783228.0
2018-09-26,23.14999961853028,24.25,22.39999961853028,23.100000381469727,383768.0
2018-09-27,23.350000381469727,23.64999961853028,22.39999961853028,23.0,452248.0
2018-09-28,23.450000762939453,24.25,21.0,21.39999961853028,645662.0
2018-10-01,21.39999961853028,21.39999961853028,19.25,20.64999961853028,816513.0
2018-10-03,20.700000762939453,22.200000762939453,19.89999961853028,21.200000762939453,911524.0
2018-10-04,20.64999961853028,22.39999961853028,20.600000381469727,21.75,612514.0
2018-10-05,21.5,22.0,20.549999237060547,20.799999237060547,393397.0
2018-10-08,21.100000381469727,21.100000381469727,18.850000381469727,19.75,439177.0
2018-10-09,19.950000762939453,20.350000381469727,19.049999237060547,19.600000381469727,215400.0
2018-10-10,19.549999237060547,20.350000381469727,19.350000381469727,20.049999237060547,478546.0
2018-10-11,19.5,20.14999961853028,19.299999237060547,19.850000381469727,349280.0
2018-10-12,20.39999961853028,20.64999961853028,20.0,20.14999961853028,312280.0
2018-10-15,20.39999961853028,21.799999237060547,20.350000381469727,21.14999961853028,806522.0
2018-10-16,21.450000762939453,21.850000381469727,20.950000762939453,21.100000381469727,335275.0
2018-10-17,21.450000762939453,21.75,19.89999961853028,20.049999237060547,371239.0
2018-10-19,20.299999237060547,20.299999237060547,19.5,19.799999237060547,327220.0
2018-10-22,20.25,20.25,15.850000381469728,16.799999237060547,2280642.0
2018-10-23,16.700000762939453,17.75,16.350000381469727,16.950000762939453,659116.0
2018-10-24,17.399999618530273,17.600000381469727,16.600000381469727,17.299999237060547,399087.0
2018-10-25,16.950000762939453,17.5,16.299999237060547,16.75,327192.0
2018-10-26,17.350000381469727,17.350000381469727,16.399999618530273,16.75,357116.0
2018-10-29,16.5,17.399999618530273,16.0,17.25,427126.0
2018-10-30,17.25,17.799999237060547,16.899999618530273,17.350000381469727,269157.0
2018-10-31,17.299999237060547,20.799999237060547,17.149999618530273,20.299999237060547,1496433.0
2018-11-01,20.299999237060547,20.39999961853028,19.049999237060547,19.75,687739.0
2018-11-02,20.100000381469727,23.700000762939453,20.0,23.450000762939453,1698165.0
2018-11-05,23.5,25.0,23.39999961853028,23.950000762939453,781695.0
2018-11-06,24.100000381469727,24.5,22.39999961853028,22.89999961853028,454237.0
2018-11-07,22.850000381469727,23.450000762939453,22.5,22.89999961853028,62643.0
2018-11-09,23.0,23.450000762939453,22.5,22.700000762939453,347709.0
2018-11-12,22.89999961853028,23.700000762939453,22.450000762939453,22.850000381469727,377348.0
2018-11-13,22.5,22.850000381469727,20.950000762939453,21.64999961853028,451745.0
2018-11-14,22.200000762939453,22.39999961853028,21.0,21.64999961853028,476139.0
2018-11-15,21.350000381469727,21.850000381469727,21.0,21.25,361947.0
2018-11-16,21.450000762939453,21.5,20.5,20.75,271247.0
2018-11-19,21.299999237060547,21.299999237060547,20.450000762939453,20.799999237060547,305698.0
2018-11-20,20.5,20.5,20.0,20.25,238899.0
2018-11-21,20.299999237060547,23.200000762939453,20.0,22.350000381469727,799234.0
2018-11-22,22.600000381469727,23.89999961853028,22.200000762939453,22.799999237060547,784562.0
2018-11-26,23.25,23.5,21.700000762939453,21.950000762939453,464569.0
2018-11-27,22.049999237060547,22.75,21.75,22.049999237060547,367377.0
2018-11-28,22.14999961853028,22.450000762939453,21.100000381469727,21.350000381469727,299017.0
2018-11-29,21.64999961853028,21.64999961853028,20.600000381469727,20.89999961853028,271174.0
2018-11-30,20.89999961853028,21.450000762939453,20.75,21.14999961853028,170429.0
2018-12-03,21.64999961853028,25.350000381469727,21.299999237060547,25.200000762939453,2322473.0
2018-12-04,26.0,27.799999237060547,25.0,26.049999237060547,2293278.0
2018-12-05,26.0,27.200000762939453,24.14999961853028,24.450000762939453,893535.0
2018-12-06,24.39999961853028,24.39999961853028,22.549999237060547,23.39999961853028,341922.0
2018-12-07,23.799999237060547,24.100000381469727,22.75,23.299999237060547,178070.0
2018-12-10,22.799999237060547,22.799999237060547,21.0,21.25,275296.0
2018-12-11,21.0,23.5,20.299999237060547,22.850000381469727,526754.0
2018-12-12,23.100000381469727,26.5,22.850000381469727,25.700000762939453,1441445.0
2018-12-13,26.0,26.75,24.799999237060547,25.100000381469727,873780.0
2018-12-14,25.0,26.39999961853028,24.549999237060547,25.049999237060547,418361.0
2018-12-17,25.100000381469727,25.5,24.600000381469727,24.850000381469727,300966.0
2018-12-18,25.0,25.39999961853028,24.5,24.950000762939453,259061.0
2018-12-19,25.39999961853028,27.549999237060547,25.14999961853028,27.200000762939453,1806919.0
2018-12-20,28.600000381469727,29.299999237060547,27.39999961853028,28.5,2569847.0
2018-12-21,28.64999961853028,29.0,27.200000762939453,27.799999237060547,796634.0
2018-12-24,27.39999961853028,27.64999961853028,26.14999961853028,26.350000381469727,366344.0
2018-12-26,26.200000762939453,26.5,25.39999961853028,25.799999237060547,499873.0
2018-12-27,26.39999961853028,27.700000762939453,25.75,26.950000762939453,539904.0
2018-12-28,29.700000762939453,29.799999237060547,28.450000762939453,28.799999237060547,2348333.0
2018-12-31,29.0,29.200000762939453,28.14999961853028,28.299999237060547,436615.0
2019-01-01,28.5,32.79999923706055,27.799999237060547,31.049999237060547,3130843.0
2019-01-02,30.950000762939453,33.29999923706055,30.5,31.200000762939453,2550927.0
2019-01-03,31.450000762939453,32.5,31.14999961853028,31.350000381469727,1380797.0
2019-01-04,31.450000762939453,31.600000381469727,30.049999237060547,30.64999961853028,835329.0
2019-01-07,32.04999923706055,34.599998474121094,31.549999237060547,33.29999923706055,3475776.0
2019-01-08,32.45000076293945,32.45000076293945,31.64999961853028,31.64999961853028,212235.0
2019-01-09,30.100000381469727,30.89999961853028,30.100000381469727,30.100000381469727,254297.0
2019-01-10,28.600000381469727,30.0,28.600000381469727,29.100000381469727,373701.0
2019-01-11,28.600000381469727,29.200000762939453,27.64999961853028,27.64999961853028,141126.0
2019-01-14,27.799999237060547,28.299999237060547,26.299999237060547,28.0,226476.0
2019-01-15,27.5,28.450000762939453,26.700000762939453,27.299999237060547,120773.0
2019-01-16,28.600000381469727,28.600000381469727,27.64999961853028,27.89999961853028,136178.0
2019-01-17,28.100000381469727,28.39999961853028,27.100000381469727,27.450000762939453,113483.0
2019-01-18,27.14999961853028,27.89999961853028,26.5,26.700000762939453,137141.0
2019-01-21,26.700000762939453,27.5,26.0,26.14999961853028,100491.0
2019-01-22,26.0,26.5,25.100000381469727,25.450000762939453,82840.0
2019-01-23,25.700000762939453,26.700000762939453,25.700000762939453,26.700000762939453,58449.0
2019-01-24,26.75,28.0,26.200000762939453,27.049999237060547,87380.0
2019-01-25,27.5,27.89999961853028,26.100000381469727,26.299999237060547,94644.0
2019-01-28,25.549999237060547,26.0,25.0,25.0,83404.0
2019-01-29,24.5,25.5,24.100000381469727,25.100000381469727,71410.0
2019-01-30,25.0,25.200000762939453,24.100000381469727,24.350000381469727,56177.0
2019-01-31,25.549999237060547,25.549999237060547,24.75,25.549999237060547,108321.0
2019-02-01,26.0,26.700000762939453,25.350000381469727,25.549999237060547,131392.0
2019-02-04,26.799999237060547,26.799999237060547,24.350000381469727,24.600000381469727,112951.0
2019-02-05,24.89999961853028,24.89999961853028,23.39999961853028,23.39999961853028,90330.0
2019-02-06,24.39999961853028,24.39999961853028,22.25,22.89999961853028,91495.0
2019-02-07,23.850000381469727,23.89999961853028,22.0,22.549999237060547,82884.0
2019-02-08,23.200000762939453,23.5,22.600000381469727,23.0,129963.0
2019-02-11,23.0,23.299999237060547,21.89999961853028,22.14999961853028,93853.0
2019-02-12,21.64999961853028,22.549999237060547,21.5,21.64999961853028,59826.0
2019-02-14,22.600000381469727,23.5,21.549999237060547,21.950000762939453,94002.0
2019-02-15,22.0,22.5,20.89999961853028,21.049999237060547,156418.0
2019-02-18,21.950000762939453,22.0,20.5,20.89999961853028,170226.0
2019-02-19,21.89999961853028,21.89999961853028,21.5,21.799999237060547,128471.0
2019-02-20,21.200000762939453,22.5,21.100000381469727,21.25,87145.0
2019-02-21,21.0,22.0,20.600000381469727,21.299999237060547,139578.0
2019-02-22,22.0,22.350000381469727,21.75,22.350000381469727,259524.0
2019-02-25,23.39999961853028,23.450000762939453,21.64999961853028,21.850000381469727,382248.0
2019-02-26,21.600000381469727,21.600000381469727,20.799999237060547,20.799999237060547,170349.0
2019-02-27,20.799999237060547,21.39999961853028,20.0,20.049999237060547,259968.0
2019-02-28,20.600000381469727,20.600000381469727,19.600000381469727,20.39999961853028,96260.0
2019-03-01,20.100000381469727,21.200000762939453,19.89999961853028,20.5,171050.0
2019-03-05,21.14999961853028,21.5,20.299999237060547,21.39999961853028,432417.0
2019-03-06,20.75,22.0,20.75,21.5,442637.0
2019-03-07,21.799999237060547,21.799999237060547,21.100000381469727,21.14999961853028,119347.0
2019-03-08,21.14999961853028,21.5,20.39999961853028,20.64999961853028,156532.0
2019-03-11,20.299999237060547,21.100000381469727,20.0,20.850000381469727,126072.0
2019-03-12,20.850000381469727,21.700000762939453,20.75,21.39999961853028,403862.0
2019-03-13,21.049999237060547,21.950000762939453,20.75,21.049999237060547,236245.0
2019-03-14,21.39999961853028,21.5,20.39999961853028,20.950000762939453,166470.0
2019-03-15,20.75,21.200000762939453,20.5,20.75,123180.0
2019-03-18,21.0,21.100000381469727,20.100000381469727,20.25,191041.0
2019-03-19,20.299999237060547,20.700000762939453,20.100000381469727,20.299999237060547,103641.0
2019-03-20,20.799999237060547,21.0,20.100000381469727,20.350000381469727,81585.0
2019-03-22,21.350000381469727,21.350000381469727,21.0,21.299999237060547,533848.0
2019-03-25,20.5,20.950000762939453,20.25,20.549999237060547,242862.0
2019-03-26,20.950000762939453,21.049999237060547,20.200000762939453,20.39999961853028,162741.0
2019-03-27,20.5,20.700000762939453,19.5,19.799999237060547,216591.0
2019-03-28,20.200000762939453,20.350000381469727,19.799999237060547,20.100000381469727,293606.0
2019-04-01,20.0,20.0,19.100000381469727,19.799999237060547,179010.0
2019-04-02,19.5,20.75,19.5,20.049999237060547,1127570.0
2019-04-03,20.14999961853028,20.450000762939453,19.350000381469727,19.450000762939453,354032.0
2019-04-04,19.799999237060547,19.850000381469727,18.5,18.5,642685.0
2019-04-05,19.299999237060547,19.450000762939453,18.700000762939453,18.850000381469727,632403.0
2019-04-08,18.5,19.350000381469727,18.39999961853028,18.549999237060547,398943.0
2019-04-09,18.600000381469727,18.950000762939453,18.100000381469727,18.549999237060547,249614.0
2019-04-10,18.549999237060547,18.799999237060547,17.649999618530273,18.049999237060547,513988.0
2019-04-11,18.25,18.549999237060547,17.5,17.649999618530273,327140.0
2019-04-12,17.75,17.799999237060547,17.049999237060547,17.5,325556.0
2019-04-15,17.649999618530273,18.200000762939453,17.299999237060547,18.0,449577.0
2019-04-16,18.200000762939453,18.299999237060547,17.5,17.649999618530273,234357.0
2019-04-18,18.0,18.0,17.049999237060547,17.100000381469727,289467.0
2019-04-22,17.399999618530273,17.399999618530273,16.350000381469727,16.450000762939453,329925.0
2019-04-23,16.700000762939453,16.700000762939453,15.850000381469728,15.949999809265137,430454.0
2019-04-24,16.450000762939453,16.450000762939453,15.899999618530272,16.0,367565.0
2019-04-25,16.200000762939453,16.200000762939453,15.649999618530272,15.899999618530272,266167.0
2019-04-26,16.0,16.100000381469727,15.649999618530272,15.850000381469728,180783.0
2019-04-30,15.850000381469728,15.850000381469728,14.300000190734863,14.649999618530272,504876.0
2019-05-02,14.649999618530272,14.949999809265137,14.0,14.600000381469728,192231.0
2019-05-03,14.850000381469728,14.949999809265137,14.399999618530272,14.649999618530272,212340.0
2019-05-06,14.5,14.550000190734863,14.199999809265137,14.25,190129.0
2019-05-07,14.25,14.350000381469728,12.850000381469728,12.850000381469728,891706.0
2019-05-08,12.850000381469728,12.850000381469728,11.75,12.699999809265137,429937.0
2019-05-09,12.75,12.800000190734863,11.850000381469728,12.350000381469728,359892.0
2019-05-10,12.449999809265137,12.949999809265137,12.350000381469728,12.949999809265137,324541.0
2019-05-13,12.949999809265137,13.550000190734863,12.949999809265137,13.5,261815.0
2019-05-14,13.550000190734863,13.600000381469728,12.850000381469728,12.850000381469728,235820.0
2019-05-15,12.699999809265137,13.449999809265137,12.300000190734863,12.699999809265137,395654.0
2019-05-16,12.600000381469728,12.800000190734863,12.25,12.449999809265137,167670.0
2019-05-17,12.800000190734863,13.050000190734863,12.100000381469728,13.0,243739.0
2019-05-20,13.600000381469728,13.600000381469728,13.300000190734863,13.550000190734863,361361.0
2019-05-21,13.449999809265137,14.149999618530272,13.449999809265137,13.899999618530272,220621.0
2019-05-22,14.300000190734863,14.350000381469728,13.449999809265137,13.699999809265137,606857.0
2019-05-23,14.350000381469728,14.350000381469728,13.600000381469728,13.850000381469728,269823.0
2019-05-24,13.75,14.199999809265137,13.399999618530272,14.149999618530272,238596.0
2019-05-27,14.699999809265137,14.850000381469728,14.300000190734863,14.850000381469728,206907.0
2019-05-28,15.550000190734863,15.550000190734863,15.550000190734863,15.550000190734863,127444.0
2019-05-29,16.299999237060547,16.299999237060547,15.300000190734863,16.149999618530273,866225.0
2019-05-30,16.399999618530273,16.600000381469727,15.5,15.600000381469728,285027.0
2019-05-31,15.75,15.75,14.850000381469728,14.850000381469728,206959.0
2019-06-03,14.800000190734863,14.800000190734863,14.25,14.550000190734863,119041.0
2019-06-04,14.449999809265137,15.100000381469728,14.449999809265137,14.75,90732.0
2019-06-06,14.75,14.949999809265137,14.050000190734863,14.050000190734863,187263.0
2019-06-07,14.100000381469728,14.399999618530272,13.399999618530272,14.0,222055.0
2019-06-10,14.5,15.399999618530272,14.5,15.0,1839248.0
2019-06-11,15.350000381469728,15.350000381469728,13.800000190734863,14.75,186805.0
2019-06-12,14.550000190734863,14.899999618530272,13.600000381469728,13.800000190734863,296900.0
2019-06-13,13.850000381469728,14.350000381469728,13.449999809265137,13.699999809265137,252571.0
2019-06-14,13.800000190734863,13.949999809265137,13.199999809265137,13.5,138570.0
2019-06-17,13.449999809265137,13.699999809265137,12.899999618530272,13.300000190734863,152420.0
2019-06-18,13.100000381469728,13.699999809265137,12.5,12.949999809265137,173577.0
2019-06-19,13.149999618530272,13.850000381469728,12.25,13.0,518916.0
2019-06-20,13.0,13.800000190734863,12.800000190734863,13.5,238524.0
2019-06-21,13.800000190734863,13.899999618530272,13.100000381469728,13.399999618530272,213814.0
2019-06-24,13.5,14.199999809265137,13.149999618530272,13.25,444289.0
2019-06-25,13.5,13.5,13.100000381469728,13.199999809265137,106025.0
2019-06-26,13.149999618530272,13.350000381469728,12.899999618530272,13.100000381469728,98778.0
2019-06-27,13.25,13.850000381469728,13.050000190734863,13.350000381469728,397335.0
2019-06-28,13.100000381469728,13.399999618530272,13.0,13.050000190734863,140426.0
2019-07-01,13.100000381469728,13.5,13.0,13.050000190734863,130876.0
2019-07-02,13.100000381469728,13.399999618530272,11.75,11.75,539391.0
2019-07-03,11.699999809265137,11.850000381469728,10.699999809265137,11.350000381469728,1020230.0
2019-07-04,11.449999809265137,12.149999618530272,11.300000190734863,11.699999809265137,159935.0
2019-07-05,12.100000381469728,12.850000381469728,11.850000381469728,12.449999809265137,429855.0
2019-07-08,12.699999809265137,12.75,11.25,11.25,510413.0
2019-07-09,11.600000381469728,11.600000381469728,11.0,11.449999809265137,98589.0
2019-07-10,11.25,11.5,10.800000190734863,10.949999809265137,165049.0
2019-07-11,11.199999809265137,11.5,10.899999618530272,11.25,191268.0
2019-07-12,11.199999809265137,11.449999809265137,11.100000381469728,11.149999618530272,109150.0
2019-07-15,11.149999618530272,11.350000381469728,10.949999809265137,11.149999618530272,73867.0
2019-07-16,10.850000381469728,11.350000381469728,10.699999809265137,10.75,122050.0
2019-07-17,10.800000190734863,10.949999809265137,9.699999809265137,10.350000381469728,284741.0
2019-07-18,10.350000381469728,10.75,9.800000190734863,10.050000190734863,314815.0
2019-07-19,10.5,10.5,9.800000190734863,10.0,221295.0
2019-07-22,10.149999618530272,10.199999809265137,9.0,9.050000190734863,595091.0
2019-07-23,9.149999618530272,9.5,9.0,9.350000381469728,282270.0
2019-07-24,9.449999809265137,9.449999809265137,8.949999809265137,9.25,585348.0
2019-07-25,9.050000190734863,9.300000190734863,9.0,9.050000190734863,370339.0
2019-07-26,9.149999618530272,9.199999809265137,8.899999618530273,8.949999809265137,133118.0
2019-07-29,9.199999809265137,9.199999809265137,8.550000190734863,8.550000190734863,390900.0
2019-07-30,8.399999618530273,8.399999618530273,8.149999618530273,8.199999809265137,397774.0
2019-07-31,8.0,8.0,7.800000190734863,7.849999904632568,311997.0
2019-08-01,8.149999618530273,8.149999618530273,7.550000190734863,7.849999904632568,264044.0
2019-08-02,7.949999809265137,8.199999809265137,7.550000190734863,7.699999809265137,285558.0
2019-08-05,7.800000190734863,8.050000190734863,7.349999904632568,8.0,500267.0
2019-08-06,8.0,8.350000381469727,7.800000190734863,8.050000190734863,298278.0
2019-08-07,8.25,8.449999809265137,7.699999809265137,7.75,150550.0
2019-08-08,8.0,8.0,7.550000190734863,7.75,67638.0
2019-08-09,8.100000381469727,8.100000381469727,7.400000095367432,7.550000190734863,298639.0
2019-08-13,7.5,7.800000190734863,7.449999809265137,7.599999904632568,112888.0
2019-08-14,7.699999809265137,7.800000190734863,7.25,7.400000095367432,229627.0
2019-08-16,7.349999904632568,7.550000190734863,7.150000095367432,7.199999809265137,273426.0
2019-08-19,7.099999904632568,7.5,7.0,7.199999809265137,357797.0
2019-08-20,7.199999809265137,7.300000190734863,7.0,7.099999904632568,101078.0
2019-08-21,7.199999809265137,7.199999809265137,6.75,6.75,170318.0
2019-08-22,6.449999809265137,6.699999809265137,6.449999809265137,6.449999809265137,117755.0
2019-08-23,6.349999904632568,6.400000095367432,6.150000095367432,6.25,271334.0
2019-08-26,6.5,6.5,6.050000190734863,6.349999904632568,228693.0
2019-08-27,6.5,6.650000095367432,6.25,6.650000095367432,702642.0
2019-08-28,6.900000095367432,6.949999809265137,6.349999904632568,6.349999904632568,306778.0
2019-08-29,6.199999809265137,6.349999904632568,6.050000190734863,6.150000095367432,88889.0
2019-08-30,6.050000190734863,6.199999809265137,5.900000095367432,6.050000190734863,6251609.0
2019-09-03,6.099999904632568,6.150000095367432,5.75,6.0,128292.0
2019-09-04,6.099999904632568,6.300000190734863,5.949999809265137,6.300000190734863,514651.0
2019-09-05,6.5,6.599999904632568,6.25,6.599999904632568,491713.0
2019-09-06,6.800000190734863,6.900000095367432,6.599999904632568,6.900000095367432,267567.0
2019-09-09,7.199999809265137,7.199999809265137,7.0,7.199999809265137,52335.0
2019-09-11,7.550000190734863,7.550000190734863,7.550000190734863,7.550000190734863,21444.0
2019-09-12,7.900000095367432,7.900000095367432,7.900000095367432,7.900000095367432,41542.0
2019-09-13,8.25,8.25,8.25,8.25,38417.0
2019-09-16,8.649999618530273,8.649999618530273,8.300000190734863,8.649999618530273,298824.0
2019-09-17,9.050000190734863,9.050000190734863,9.050000190734863,9.050000190734863,64800.0
2019-09-18,9.5,9.5,8.600000381469727,9.100000381469728,1196595.0
2019-09-19,9.300000190734863,9.5,8.699999809265137,9.100000381469728,287311.0
2019-09-20,9.0,9.25,8.75,8.850000381469727,190122.0
2019-09-23,9.199999809265137,9.199999809265137,8.600000381469727,8.699999809265137,112922.0
2019-09-24,8.550000190734863,8.800000190734863,8.300000190734863,8.300000190734863,88537.0
2019-09-25,8.300000190734863,8.550000190734863,7.900000095367432,8.350000381469727,172069.0
2019-09-26,8.350000381469727,8.699999809265137,8.149999618530273,8.199999809265137,112151.0
2019-09-27,8.199999809265137,8.449999809265137,7.849999904632568,8.100000381469727,83547.0
2019-09-30,8.100000381469727,8.149999618530273,7.75,7.800000190734863,84148.0
2019-10-01,7.699999809265137,7.949999809265137,7.449999809265137,7.5,88934.0
2019-10-03,7.650000095367432,7.699999809265137,7.400000095367432,7.449999809265137,158469.0
2019-10-04,7.650000095367432,7.699999809265137,7.099999904632568,7.099999904632568,135027.0
2019-10-07,7.300000190734863,7.400000095367432,6.75,6.75,125117.0
2019-10-09,6.599999904632568,6.849999904632568,6.449999809265137,6.5,141360.0
2019-10-10,6.599999904632568,6.599999904632568,6.199999809265137,6.25,106647.0
2019-10-11,6.099999904632568,6.449999809265137,6.050000190734863,6.349999904632568,131032.0
2019-10-14,6.599999904632568,6.599999904632568,6.050000190734863,6.199999809265137,201546.0
2019-10-15,6.050000190734863,6.300000190734863,5.949999809265137,6.199999809265137,148177.0
2019-10-16,6.349999904632568,6.5,6.300000190734863,6.449999809265137,340773.0
2019-10-17,6.75,6.75,6.199999809265137,6.300000190734863,151331.0
2019-10-18,6.349999904632568,6.599999904632568,6.150000095367432,6.5,170003.0
2019-10-22,6.75,6.75,6.400000095367432,6.400000095367432,134928.0
2019-10-23,6.349999904632568,6.699999809265137,6.300000190734863,6.550000190734863,254737.0
2019-10-24,6.599999904632568,6.800000190734863,6.449999809265137,6.550000190734863,77617.0
2019-10-25,6.599999904632568,6.75,6.449999809265137,6.599999904632568,98149.0
2019-10-27,6.599999904632568,6.900000095367432,6.599999904632568,6.900000095367432,28448.0
2019-10-29,6.75,7.199999809265137,6.75,7.199999809265137,332940.0
2019-10-30,7.449999809265137,7.550000190734863,7.199999809265137,7.550000190734863,531854.0
2019-10-31,7.800000190734863,7.900000095367432,7.800000190734863,7.900000095367432,397302.0
2019-11-01,8.199999809265137,8.25,7.650000095367432,7.849999904632568,527264.0
2019-11-04,7.849999904632568,8.149999618530273,7.650000095367432,8.0,316420.0
2019-11-05,8.0,8.0,7.599999904632568,7.75,210250.0
2019-11-06,7.949999809265137,8.100000381469727,7.599999904632568,8.050000190734863,480415.0
2019-11-07,8.449999809265137,8.449999809265137,8.399999618530273,8.449999809265137,368782.0
2019-11-08,8.850000381469727,8.850000381469727,8.75,8.850000381469727,504260.0
2019-11-11,9.25,9.25,8.699999809265137,9.199999809265137,596101.0
2019-11-13,9.25,9.300000190734863,8.75,8.75,433985.0
2019-11-14,8.350000381469727,8.350000381469727,8.350000381469727,8.350000381469727,217812.0
2019-11-15,7.949999809265137,7.949999809265137,7.949999809265137,7.949999809265137,58272.0
2019-11-18,7.599999904632568,7.800000190734863,7.599999904632568,7.599999904632568,146134.0
2019-11-19,7.849999904632568,7.949999809265137,7.699999809265137,7.949999809265137,588618.0
2019-11-20,8.300000190734863,8.300000190734863,8.300000190734863,8.300000190734863,112087.0
2019-11-21,8.699999809265137,8.699999809265137,8.699999809265137,8.699999809265137,324502.0
2019-11-22,9.100000381469728,9.100000381469728,9.100000381469728,9.100000381469728,160440.0
2019-11-25,9.399999618530272,9.550000190734863,8.649999618530273,9.550000190734863,662206.0
2019-11-26,9.800000190734863,10.0,9.75,10.0,178971.0
2019-11-27,10.5,10.5,10.5,10.5,84377.0
2019-11-28,11.0,11.0,11.0,11.0,42290.0
2019-11-29,11.550000190734863,11.550000190734863,11.550000190734863,11.550000190734863,44676.0
2019-12-02,12.100000381469728,12.100000381469728,11.0,12.050000190734863,1292016.0
2019-12-03,12.100000381469728,12.5,11.449999809265137,11.5,509930.0
2019-12-04,11.5,12.0,11.0,11.399999618530272,377989.0
2019-12-05,11.149999618530272,11.800000190734863,10.899999618530272,10.899999618530272,261516.0
2019-12-06,10.550000190734863,10.850000381469728,10.399999618530272,10.399999618530272,160676.0
2019-12-09,10.050000190734863,10.199999809265137,9.899999618530272,9.899999618530272,179010.0
2019-12-10,9.449999809265137,9.649999618530272,9.449999809265137,9.449999809265137,77517.0
2019-12-11,9.0,9.550000190734863,9.0,9.0,53143.0
2019-12-12,9.0,9.449999809265137,8.550000190734863,8.899999618530273,115518.0
2019-12-13,9.300000190734863,9.300000190734863,8.800000190734863,9.300000190734863,94878.0
2019-12-16,9.75,9.75,9.699999809265137,9.75,27586.0
2019-12-17,10.199999809265137,10.199999809265137,10.199999809265137,10.199999809265137,23525.0
2019-12-18,10.699999809265137,10.699999809265137,10.350000381469728,10.649999618530272,135713.0
2019-12-19,10.649999618530272,11.149999618530272,10.199999809265137,10.75,92718.0
2019-12-20,11.100000381469728,11.25,10.5,11.25,104778.0
2019-12-23,11.699999809265137,11.800000190734863,10.75,11.600000381469728,169415.0
2019-12-24,11.949999809265137,11.949999809265137,11.050000190734863,11.100000381469728,84954.0
2019-12-26,11.149999618530272,11.199999809265137,10.800000190734863,11.0,89330.0
2019-12-27,11.5,11.550000190734863,10.75,10.850000381469728,33763.0
2019-12-30,10.850000381469728,11.350000381469728,10.550000190734863,11.300000190734863,138522.0
2019-12-31,11.600000381469728,11.600000381469728,10.75,10.949999809265137,124519.0
2020-01-01,10.949999809265137,11.0,10.5,10.800000190734863,22403.0
2020-01-02,11.0,11.149999618530272,10.550000190734863,10.949999809265137,45270.0
2020-01-03,10.75,11.449999809265137,10.75,11.25,95552.0
2020-01-06,10.800000190734863,11.0,10.699999809265137,10.699999809265137,36488.0
2020-01-07,11.199999809265137,11.199999809265137,10.5,10.850000381469728,44633.0
2020-01-08,10.600000381469728,10.699999809265137,10.350000381469728,10.550000190734863,39696.0
2020-01-09,10.550000190734863,11.0,10.300000190734863,10.600000381469728,30887.0
2020-01-10,10.949999809265137,11.100000381469728,10.949999809265137,11.100000381469728,106168.0
2020-01-13,11.5,11.649999618530272,10.800000190734863,11.100000381469728,45980.0
2020-01-14,11.149999618530272,11.149999618530272,10.800000190734863,10.850000381469728,45227.0
2020-01-15,11.199999809265137,11.199999809265137,10.649999618530272,10.949999809265137,88365.0
2020-01-16,10.850000381469728,11.25,10.850000381469728,10.850000381469728,46031.0
2020-01-17,10.5,11.100000381469728,10.5,10.75,39997.0
2020-01-20,10.800000190734863,11.25,10.800000190734863,11.25,227387.0
2020-01-21,11.399999618530272,11.800000190734863,11.399999618530272,11.800000190734863,127693.0
2020-01-22,12.300000190734863,12.350000381469728,11.550000190734863,11.949999809265137,183907.0
2020-01-23,12.350000381469728,12.350000381469728,11.449999809265137,11.899999618530272,137260.0
2020-01-24,12.0,12.25,11.5,11.850000381469728,87369.0
2020-01-27,12.0,12.100000381469728,11.449999809265137,11.600000381469728,36254.0
2020-01-28,11.5,11.949999809265137,11.050000190734863,11.100000381469728,83408.0
2020-01-29,11.100000381469728,11.100000381469728,10.550000190734863,10.600000381469728,81765.0
2020-01-30,11.0,11.0,10.100000381469728,10.25,121829.0
2020-01-31,10.25,10.449999809265137,9.75,10.0,198069.0
2020-02-03,9.949999809265137,9.949999809265137,9.5,9.5,59873.0
2020-02-04,9.199999809265137,9.699999809265137,9.050000190734863,9.25,147075.0
2020-02-05,9.050000190734863,9.600000381469728,8.949999809265137,9.25,103754.0
2020-02-06,9.100000381469728,9.449999809265137,8.899999618530273,9.199999809265137,131462.0
2020-02-07,9.449999809265137,9.649999618530272,9.199999809265137,9.649999618530272,110849.0
2020-02-10,10.050000190734863,10.050000190734863,9.350000381469728,9.649999618530272,30533.0
2020-02-11,9.550000190734863,9.75,9.399999618530272,9.449999809265137,68233.0
2020-02-12,9.350000381469728,9.550000190734863,9.0,9.199999809265137,45681.0
2020-02-13,9.050000190734863,9.5,9.050000190734863,9.199999809265137,29799.0
2020-02-14,9.050000190734863,9.5,9.050000190734863,9.350000381469728,35759.0
2020-02-17,9.0,9.350000381469728,9.0,9.0,59581.0
2020-02-18,9.0,9.300000190734863,8.550000190734863,8.550000190734863,60970.0
2020-02-19,8.550000190734863,8.949999809265137,8.199999809265137,8.449999809265137,51807.0
2020-02-20,8.449999809265137,8.75,8.100000381469727,8.300000190734863,69281.0
2020-02-24,8.300000190734863,8.600000381469727,7.900000095367432,8.25,93653.0
2020-02-25,8.399999618530273,8.649999618530273,8.149999618530273,8.5,56317.0
2020-02-26,8.5,8.699999809265137,8.100000381469727,8.100000381469727,61697.0
2020-02-27,7.75,8.25,7.699999809265137,7.849999904632568,99969.0
2020-02-28,7.849999904632568,8.199999809265137,7.5,7.599999904632568,99229.0
2020-03-02,7.949999809265137,7.949999809265137,7.650000095367432,7.949999809265137,45765.0
2020-03-03,8.25,8.300000190734863,8.0,8.300000190734863,118219.0
2020-03-04,8.399999618530273,8.699999809265137,8.149999618530273,8.350000381469727,121746.0
2020-03-05,8.300000190734863,8.699999809265137,8.100000381469727,8.25,176892.0
2020-03-06,7.949999809265137,8.199999809265137,7.849999904632568,8.050000190734863,431312.0
2020-03-09,8.0,8.449999809265137,7.650000095367432,7.800000190734863,364704.0
2020-03-11,7.949999809265137,8.0,7.449999809265137,7.449999809265137,1256645.0
2020-03-12,7.5,7.5,7.099999904632568,7.099999904632568,222105.0
2020-03-13,6.75,7.349999904632568,6.75,6.75,249949.0
2020-03-16,6.449999809265137,6.699999809265137,6.449999809265137,6.449999809265137,170280.0
2020-03-17,6.449999809265137,6.449999809265137,6.150000095367432,6.150000095367432,413053.0
2020-03-18,5.849999904632568,6.0,5.849999904632568,5.849999904632568,194782.0
2020-03-19,5.599999904632568,5.900000095367432,5.599999904632568,5.599999904632568,304211.0
2020-03-20,5.849999904632568,5.849999904632568,5.349999904632568,5.650000095367432,507760.0
2020-03-23,5.400000095367432,5.800000190734863,5.400000095367432,5.400000095367432,19891.0
2020-03-24,5.599999904632568,5.599999904632568,5.150000095367432,5.150000095367432,60772.0
2020-03-25,5.400000095367432,5.400000095367432,4.900000095367432,5.300000190734863,213082.0
2020-03-26,5.5,5.550000190734863,5.050000190734863,5.099999904632568,201429.0
2020-03-27,5.349999904632568,5.349999904632568,4.900000095367432,5.050000190734863,147589.0
2020-03-30,5.199999809265137,5.300000190734863,5.0,5.199999809265137,244272.0
2020-03-31,5.449999809265137,5.449999809265137,4.949999809265137,5.050000190734863,332972.0
2020-04-01,5.150000095367432,5.150000095367432,4.800000190734863,4.849999904632568,259241.0
2020-04-03,4.949999809265137,5.0,4.650000095367432,4.650000095367432,414735.0
2020-04-07,4.699999809265137,4.849999904632568,4.449999809265137,4.449999809265137,542271.0
2020-04-08,4.599999904632568,4.599999904632568,4.25,4.25,335675.0
2020-04-09,4.150000095367432,4.25,4.050000190734863,4.050000190734863,1406056.0
2020-04-13,3.849999904632568,3.900000095367432,3.849999904632568,3.849999904632568,839383.0
2020-04-15,3.849999904632568,4.0,3.700000047683716,4.0,1574168.0
2020-04-16,4.199999809265137,4.199999809265137,3.900000095367432,4.0,1234465.0
2020-04-17,4.150000095367432,4.150000095367432,3.799999952316284,3.950000047683716,1388112.0
2020-04-20,4.0,4.099999904632568,3.900000095367432,3.950000047683716,1229988.0
2020-04-21,3.950000047683716,4.0,3.799999952316284,3.799999952316284,959256.0
2020-04-22,3.650000095367432,3.950000047683716,3.650000095367432,3.950000047683716,875659.0
2020-04-23,4.099999904632568,4.099999904632568,4.0,4.099999904632568,612747.0
2020-04-24,4.300000190734863,4.300000190734863,3.950000047683716,4.0,836499.0
2020-04-27,4.150000095367432,4.150000095367432,4.050000190734863,4.099999904632568,498774.0
2020-04-28,4.150000095367432,4.199999809265137,4.050000190734863,4.099999904632568,222686.0
2020-04-29,4.150000095367432,4.150000095367432,3.950000047683716,4.099999904632568,599330.0
2020-04-30,4.199999809265137,4.199999809265137,4.099999904632568,4.199999809265137,531154.0
2020-05-04,4.199999809265137,4.400000095367432,4.0,4.400000095367432,723088.0
2020-05-05,4.599999904632568,4.599999904632568,4.550000190734863,4.599999904632568,206490.0
2020-05-06,4.800000190734863,4.800000190734863,4.800000190734863,4.800000190734863,114124.0
2020-05-07,5.0,5.0,5.0,5.0,61774.0
2020-05-08,5.25,5.25,5.25,5.25,73070.0
2020-05-11,5.5,5.5,5.5,5.5,74364.0
2020-05-12,5.75,5.75,5.75,5.75,90544.0
2020-05-13,6.0,6.0,6.0,6.0,44493.0
2020-05-14,6.300000190734863,6.300000190734863,5.699999809265137,6.300000190734863,1885366.0
2020-05-15,6.599999904632568,6.599999904632568,6.599999904632568,6.599999904632568,112358.0
2020-05-18,6.900000095367432,6.900000095367432,6.900000095367432,6.900000095367432,156693.0
2020-05-19,7.199999809265137,7.199999809265137,7.199999809265137,7.199999809265137,138173.0
2020-05-20,7.550000190734863,7.550000190734863,7.550000190734863,7.550000190734863,191959.0
2020-05-21,7.900000095367432,7.900000095367432,7.900000095367432,7.900000095367432,33626.0
2020-05-22,8.25,8.25,7.550000190734863,7.599999904632568,1957926.0
2020-05-26,7.349999904632568,7.449999809265137,7.25,7.25,593436.0
2020-05-27,6.900000095367432,7.0,6.900000095367432,6.900000095367432,277861.0
2020-05-28,6.599999904632568,6.699999809265137,6.599999904632568,6.599999904632568,221972.0
2020-05-29,6.300000190734863,6.849999904632568,6.300000190734863,6.5,857163.0
2020-06-01,6.650000095367432,6.800000190734863,6.550000190734863,6.800000190734863,112717.0
2020-06-02,7.099999904632568,7.099999904632568,7.099999904632568,7.099999904632568,64778.0
2020-06-03,7.449999809265137,7.449999809265137,7.25,7.449999809265137,340585.0
2020-06-04,7.800000190734863,7.800000190734863,7.75,7.800000190734863,379278.0
2020-06-05,8.100000381469727,8.149999618530273,7.449999809265137,8.149999618530273,242317.0
2020-06-08,8.550000190734863,8.550000190734863,8.550000190734863,8.550000190734863,70608.0
2020-06-09,8.949999809265137,8.949999809265137,8.949999809265137,8.949999809265137,204652.0
2020-06-10,9.350000381469728,9.350000381469728,8.550000190734863,8.550000190734863,451165.0
2020-06-11,8.149999618530273,8.399999618530273,8.149999618530273,8.149999618530273,217007.0
2020-06-12,7.75,7.849999904632568,7.75,7.75,390897.0
2020-06-15,7.75,8.100000381469727,7.400000095367432,8.100000381469727,421332.0
2020-06-16,8.5,8.5,7.75,8.5,438143.0
2020-06-17,8.300000190734863,8.399999618530273,8.100000381469727,8.100000381469727,358677.0
2020-06-18,7.75,8.5,7.75,8.350000381469727,501365.0
2020-06-19,8.699999809265137,8.699999809265137,7.949999809265137,8.100000381469727,617986.0
2020-06-22,8.5,8.5,7.800000190734863,7.949999809265137,1161339.0
2020-06-23,8.0,8.25,7.849999904632568,8.050000190734863,579750.0
2020-06-24,8.25,8.25,7.699999809265137,7.800000190734863,631446.0
2020-06-25,7.699999809265137,8.100000381469727,7.449999809265137,7.900000095367432,429986.0
2020-06-26,8.100000381469727,8.100000381469727,7.599999904632568,7.849999904632568,299904.0
2020-06-29,8.0,8.0,7.5,7.5,418403.0
2020-06-30,7.5,7.800000190734863,7.300000190734863,7.349999904632568,286966.0
2020-07-01,7.400000095367432,7.5,7.0,7.0,723324.0
2020-07-02,7.099999904632568,7.150000095367432,6.800000190734863,6.949999809265137,428782.0
2020-07-03,7.099999904632568,7.150000095367432,6.800000190734863,6.949999809265137,393470.0
2020-07-06,7.0,7.199999809265137,6.849999904632568,7.050000190734863,338581.0
2020-07-07,7.25,7.25,6.849999904632568,7.050000190734863,401225.0
2020-07-08,7.050000190734863,7.050000190734863,6.849999904632568,6.900000095367432,308939.0
2020-07-09,6.900000095367432,7.0,6.800000190734863,6.900000095367432,173921.0
2020-07-10,6.949999809265137,7.0,6.650000095367432,6.800000190734863,255975.0
2020-07-13,6.699999809265137,6.849999904632568,6.5,6.599999904632568,440766.0
2020-07-14,6.5,6.599999904632568,6.300000190734863,6.300000190734863,255612.0
2020-07-15,6.400000095367432,6.599999904632568,6.300000190734863,6.599999904632568,559027.0
2020-07-16,6.900000095367432,6.900000095367432,6.300000190734863,6.349999904632568,447528.0
2020-07-17,6.349999904632568,6.449999809265137,6.199999809265137,6.349999904632568,244380.0
2020-07-20,6.650000095367432,6.650000095367432,6.400000095367432,6.650000095367432,262979.0
2020-07-21,6.900000095367432,6.949999809265137,6.75,6.949999809265137,306543.0
2020-07-22,7.199999809265137,7.25,6.900000095367432,7.099999904632568,525995.0
2020-07-23,7.199999809265137,7.400000095367432,7.0,7.050000190734863,313315.0
2020-07-24,7.050000190734863,7.400000095367432,7.0,7.400000095367432,666690.0
2020-07-27,7.5,7.650000095367432,7.099999904632568,7.300000190734863,410028.0
2020-07-28,7.300000190734863,7.400000095367432,6.949999809265137,7.050000190734863,255016.0
2020-07-29,7.150000095367432,7.150000095367432,7.0,7.0,150100.0
2020-07-30,7.099999904632568,7.099999904632568,6.650000095367432,6.75,316762.0
2020-07-31,6.650000095367432,6.949999809265137,6.449999809265137,6.650000095367432,280287.0
2020-08-03,6.849999904632568,6.849999904632568,6.400000095367432,6.650000095367432,137445.0
2020-08-04,6.900000095367432,6.900000095367432,6.449999809265137,6.699999809265137,202114.0
2020-08-05,6.699999809265137,6.800000190734863,6.599999904632568,6.699999809265137,209457.0
2020-08-06,6.800000190734863,6.800000190734863,6.699999809265137,6.75,137035.0
2020-08-07,6.800000190734863,7.400000095367432,6.699999809265137,7.300000190734863,539474.0
2020-08-10,7.599999904632568,7.599999904632568,6.900000095367432,7.400000095367432,546318.0
2020-08-11,7.5,7.550000190734863,7.150000095367432,7.349999904632568,299326.0
2020-08-12,7.349999904632568,7.699999809265137,7.300000190734863,7.5,281811.0
2020-08-13,7.650000095367432,7.800000190734863,7.400000095367432,7.449999809265137,293471.0
2020-08-14,7.599999904632568,7.599999904632568,7.199999809265137,7.25,307850.0
2020-08-17,7.5,7.599999904632568,7.199999809265137,7.25,330800.0
2020-08-18,7.25,7.349999904632568,7.150000095367432,7.25,326571.0
2020-08-19,7.300000190734863,7.349999904632568,7.150000095367432,7.300000190734863,234081.0
2020-08-20,7.300000190734863,7.550000190734863,7.199999809265137,7.449999809265137,516555.0
2020-08-21,7.449999809265137,7.5,7.349999904632568,7.449999809265137,161504.0
2020-08-24,7.349999904632568,7.550000190734863,7.199999809265137,7.449999809265137,547482.0
2020-08-25,7.5,7.5,7.25,7.25,225756.0
2020-08-26,7.349999904632568,7.400000095367432,6.949999809265137,7.300000190734863,499598.0
2020-08-27,7.599999904632568,8.0,7.400000095367432,8.0,2438781.0
2020-08-28,8.449999809265137,8.449999809265137,7.599999904632568,7.650000095367432,1851001.0
2020-08-31,7.5,7.75,6.900000095367432,7.050000190734863,942948.0
2020-09-01,6.650000095367432,7.150000095367432,6.650000095367432,6.900000095367432,232648.0
2020-09-02,7.199999809265137,7.199999809265137,6.849999904632568,7.0,235051.0
2020-09-03,7.0,7.099999904632568,6.949999809265137,7.0,121169.0
2020-09-04,7.0,7.099999904632568,6.650000095367432,7.0,144965.0
2020-09-07,6.949999809265137,7.050000190734863,6.800000190734863,6.900000095367432,271559.0
2020-09-08,6.949999809265137,6.949999809265137,6.75,6.800000190734863,201853.0
2020-09-09,6.449999809265137,7.099999904632568,6.449999809265137,6.75,287223.0
2020-09-10,6.75,6.900000095367432,6.75,6.800000190734863,199118.0
2020-09-11,6.900000095367432,6.900000095367432,6.75,6.849999904632568,73958.0
2020-09-14,6.849999904632568,7.050000190734863,6.849999904632568,6.949999809265137,163156.0
2020-09-15,7.150000095367432,7.150000095367432,6.900000095367432,6.949999809265137,120367.0
2020-09-16,7.050000190734863,7.050000190734863,6.800000190734863,6.800000190734863,169887.0
2020-09-17,6.800000190734863,6.949999809265137,6.650000095367432,6.75,117514.0
2020-09-18,6.75,6.849999904632568,6.75,6.800000190734863,98993.0
2020-09-21,7.0,7.0,6.550000190734863,6.599999904632568,99107.0
2020-09-22,6.800000190734863,6.900000095367432,6.400000095367432,6.699999809265137,209734.0
2020-09-23,6.75,6.75,6.550000190734863,6.650000095367432,103551.0
2020-09-24,6.650000095367432,6.650000095367432,6.349999904632568,6.400000095367432,115815.0
2020-09-25,6.150000095367432,6.75,6.150000095367432,6.650000095367432,104081.0
2020-09-28,6.800000190734863,6.900000095367432,6.650000095367432,6.75,160280.0
2020-09-29,6.75,6.75,6.199999809265137,6.650000095367432,131915.0
2020-09-30,6.699999809265137,6.699999809265137,6.449999809265137,6.550000190734863,87439.0
2020-10-01,6.599999904632568,6.650000095367432,6.449999809265137,6.599999904632568,68842.0
2020-10-05,6.800000190734863,6.800000190734863,6.5,6.650000095367432,212717.0
2020-10-06,6.650000095367432,7.050000190734863,6.550000190734863,6.650000095367432,289145.0
2020-10-07,6.650000095367432,6.699999809265137,6.449999809265137,6.5,140627.0
2020-10-08,6.550000190734863,6.849999904632568,6.550000190734863,6.75,172127.0
2020-10-09,6.900000095367432,6.900000095367432,6.599999904632568,6.699999809265137,80848.0
2020-10-12,6.699999809265137,6.75,6.5,6.550000190734863,137659.0
2020-10-13,6.550000190734863,6.599999904632568,6.300000190734863,6.400000095367432,129829.0
2020-10-14,6.400000095367432,6.5,6.199999809265137,6.349999904632568,110295.0
2020-10-15,6.400000095367432,7.599999904632568,6.349999904632568,6.550000190734863,320904.0
2020-10-16,6.550000190734863,6.75,6.099999904632568,6.5,160129.0
2020-10-19,7.099999904632568,7.349999904632568,6.699999809265137,7.199999809265137,740101.0
2020-10-20,7.449999809265137,7.599999904632568,7.050000190734863,7.300000190734863,636326.0
2020-10-21,7.449999809265137,7.449999809265137,6.900000095367432,7.099999904632568,298915.0
2020-10-22,7.25,7.25,6.599999904632568,6.949999809265137,174637.0
2020-10-23,6.75,7.300000190734863,6.75,6.900000095367432,459840.0
2020-10-26,7.099999904632568,7.150000095367432,6.599999904632568,6.699999809265137,215550.0
2020-10-27,6.75,6.75,6.550000190734863,6.699999809265137,180312.0
2020-10-28,6.75,7.0,6.550000190734863,6.849999904632568,249672.0
2020-10-29,6.900000095367432,7.199999809265137,6.400000095367432,6.800000190734863,274913.0
2020-10-30,6.800000190734863,6.849999904632568,6.449999809265137,6.75,185231.0
2020-11-02,6.949999809265137,6.949999809265137,6.550000190734863,6.650000095367432,87803.0
2020-11-03,6.550000190734863,6.75,6.550000190734863,6.550000190734863,141601.0
2020-11-04,6.650000095367432,7.0,6.599999904632568,6.699999809265137,117149.0
2020-11-05,6.699999809265137,6.849999904632568,6.599999904632568,6.75,104846.0
2020-11-06,6.800000190734863,6.900000095367432,6.699999809265137,6.849999904632568,172426.0
2020-11-09,6.849999904632568,6.900000095367432,6.599999904632568,6.650000095367432,196673.0
2020-11-10,6.800000190734863,6.800000190734863,6.599999904632568,6.650000095367432,161813.0
2020-11-11,6.699999809265137,6.75,6.599999904632568,6.699999809265137,129723.0
2020-11-12,6.699999809265137,6.75,6.599999904632568,6.650000095367432,111664.0
2020-11-13,6.699999809265137,6.75,6.650000095367432,6.699999809265137,124717.0
2020-11-14,6.75,7.099999904632568,6.75,6.949999809265137,91116.0
2020-11-17,6.800000190734863,8.300000190734863,6.800000190734863,8.300000190734863,2163621.0
2020-11-18,8.350000381469727,8.600000381469727,7.5,7.650000095367432,1454357.0
2020-11-19,7.75,8.300000190734863,7.400000095367432,7.599999904632568,1438846.0
2020-11-20,7.650000095367432,7.949999809265137,7.650000095367432,7.75,707934.0
2020-11-23,7.949999809265137,8.0,7.650000095367432,7.849999904632568,553056.0
2020-11-24,7.949999809265137,9.300000190734863,7.699999809265137,8.949999809265137,2081866.0
2020-11-25,9.949999809265137,10.699999809265137,9.5,10.699999809265137,3717267.0
2020-11-26,12.0,12.800000190734863,11.5,12.800000190734863,832008.0
2020-11-27,14.050000190734863,14.050000190734863,14.050000190734863,14.050000190734863,298722.0
2020-12-01,15.449999809265137,15.449999809265137,15.449999809265137,15.449999809265137,276380.0
2020-12-02,16.950000762939453,16.950000762939453,16.950000762939453,16.950000762939453,102296.0
2020-12-03,17.75,17.75,17.75,17.75,218408.0
2020-12-04,16.899999618530273,16.899999618530273,16.899999618530273,16.899999618530273,740275.0
2020-12-07,16.100000381469727,16.100000381469727,16.100000381469727,16.100000381469727,341966.0
2020-12-08,15.300000190734863,16.700000762939453,15.300000190734863,15.300000190734863,1462033.0
2020-12-09,14.550000190734863,14.550000190734863,14.550000190734863,14.550000190734863,139858.0
2020-12-10,13.850000381469728,13.850000381469728,13.850000381469728,13.850000381469728,145370.0
2020-12-11,13.199999809265137,14.5,13.199999809265137,14.5,1288719.0
2020-12-14,14.949999809265137,15.0,13.800000190734863,13.800000190734863,553167.0
2020-12-15,13.149999618530272,13.149999618530272,13.149999618530272,13.149999618530272,279719.0
2020-12-16,12.5,13.800000190734863,12.5,13.800000190734863,736046.0
2020-12-17,13.75,13.949999809265137,13.149999618530272,13.300000190734863,426778.0
2020-12-18,13.149999618530272,13.399999618530272,12.649999618530272,13.050000190734863,289879.0
2020-12-21,13.0,13.399999618530272,12.399999618530272,12.399999618530272,240078.0
2020-12-22,11.800000190734863,12.449999809265137,11.800000190734863,12.050000190734863,281535.0
2020-12-23,12.449999809265137,12.649999618530272,12.050000190734863,12.649999618530272,237691.0
2020-12-24,13.199999809265137,13.25,13.0,13.25,369247.0
2020-12-28,13.800000190734863,13.899999618530272,13.149999618530272,13.899999618530272,554258.0
2020-12-29,13.949999809265137,14.0,13.25,13.350000381469728,262344.0
2020-12-30,13.949999809265137,13.949999809265137,13.0,13.600000381469728,405153.0
2020-12-31,13.949999809265137,14.25,13.5,14.25,523781.0
2021-01-01,14.5,14.949999809265137,14.300000190734863,14.949999809265137,286389.0
2021-01-04,15.399999618530272,15.649999618530272,15.100000381469728,15.649999618530272,550015.0
2021-01-05,16.299999237060547,16.299999237060547,14.899999618530272,15.399999618530272,390813.0
2021-01-06,15.699999809265137,15.699999809265137,14.800000190734863,15.149999618530272,266856.0
2021-01-07,15.899999618530272,15.899999618530272,15.800000190734863,15.899999618530272,558685.0
2021-01-08,16.549999237060547,16.649999618530273,15.149999618530272,16.600000381469727,565623.0
2021-01-11,17.299999237060547,17.399999618530273,16.649999618530273,17.25,629144.0
2021-01-12,17.600000381469727,18.100000381469727,16.700000762939453,18.0,765314.0
2021-01-13,18.100000381469727,18.5,17.100000381469727,17.149999618530273,416583.0
2021-01-14,17.399999618530273,17.399999618530273,16.299999237060547,17.0,202088.0
2021-01-15,17.200000762939453,17.200000762939453,16.25,16.350000381469727,296673.0
2021-01-18,16.100000381469727,17.149999618530273,16.049999237060547,17.149999618530273,315843.0
2021-01-19,18.0,18.0,18.0,18.0,211824.0
2021-01-20,18.25,18.89999961853028,17.950000762939453,18.89999961853028,316876.0
2021-01-21,19.799999237060547,19.799999237060547,18.5,19.450000762939453,658332.0
2021-01-22,18.549999237060547,19.950000762939453,18.5,18.549999237060547,495066.0
2021-01-25,18.549999237060547,19.299999237060547,17.700000762939453,18.14999961853028,261322.0
2021-01-27,18.299999237060547,18.89999961853028,17.25,18.0,346200.0
2021-01-28,17.5,18.89999961853028,17.25,18.89999961853028,276385.0
2021-01-29,19.200000762939453,19.75,18.5,18.64999961853028,221122.0
2021-02-01,19.350000381469727,19.549999237060547,18.0,19.549999237060547,326858.0
2021-02-02,19.700000762939453,20.25,19.0,19.799999237060547,322312.0
2021-02-03,19.200000762939453,20.0,18.850000381469727,18.950000762939453,211374.0
2021-02-04,18.950000762939453,19.700000762939453,18.799999237060547,19.25,256080.0
2021-02-05,19.14999961853028,19.850000381469727,18.299999237060547,18.950000762939453,251048.0
2021-02-08,18.950000762939453,19.0,18.100000381469727,18.75,138429.0
2021-02-09,18.89999961853028,19.600000381469727,18.25,18.64999961853028,256009.0
2021-02-10,18.64999961853028,19.299999237060547,18.14999961853028,18.350000381469727,128227.0
2021-02-11,18.600000381469727,18.75,18.100000381469727,18.299999237060547,93407.0
2021-02-12,18.14999961853028,18.64999961853028,18.049999237060547,18.100000381469727,90421.0
2021-02-15,18.100000381469727,18.799999237060547,18.100000381469727,18.25,139554.0
2021-02-16,18.299999237060547,19.14999961853028,18.299999237060547,19.14999961853028,269458.0
2021-02-17,20.100000381469727,20.100000381469727,19.25,20.100000381469727,425836.0
2021-02-18,20.549999237060547,21.100000381469727,20.450000762939453,21.100000381469727,332598.0
2021-02-19,22.14999961853028,22.14999961853028,21.700000762939453,22.14999961853028,239729.0
2021-02-22,23.25,23.25,23.25,23.25,141850.0
2021-02-23,24.39999961853028,24.39999961853028,22.200000762939453,24.39999961853028,1094450.0
2021-02-24,25.600000381469727,25.600000381469727,25.299999237060547,25.600000381469727,355945.0
2021-02-25,26.850000381469727,26.850000381469727,26.850000381469727,26.850000381469727,174063.0
2021-02-26,28.14999961853028,28.14999961853028,25.600000381469727,28.14999961853028,995202.0
2021-03-01,29.549999237060547,29.549999237060547,29.549999237060547,29.549999237060547,367582.0
2021-03-02,31.0,31.0,28.100000381469727,31.0,2022935.0
2021-03-03,30.799999237060547,31.350000381469727,29.450000762939453,29.450000762939453,680750.0
2021-03-04,28.0,28.75,28.0,28.0,401752.0
2021-03-05,26.600000381469727,26.600000381469727,26.600000381469727,26.600000381469727,277142.0
2021-03-08,26.600000381469727,27.89999961853028,25.299999237060547,27.89999961853028,567725.0
2021-03-09,29.0,29.25,28.5,29.25,214242.0
2021-03-10,30.5,30.700000762939453,30.0,30.700000762939453,544017.0
2021-03-12,30.75,31.5,29.200000762939453,30.0,391071.0
2021-03-15,30.600000381469727,30.700000762939453,28.5,28.5,146241.0
2021-03-16,27.200000762939453,27.950000762939453,27.100000381469727,27.100000381469727,162975.0
2021-03-17,25.75,27.850000381469727,25.75,26.64999961853028,656827.0
2021-03-18,26.89999961853028,27.0,25.350000381469727,25.39999961853028,317860.0
2021-03-19,24.200000762939453,26.0,24.14999961853028,25.350000381469727,528209.0
2021-03-22,25.350000381469727,26.600000381469727,24.14999961853028,26.600000381469727,280780.0
2021-03-23,27.89999961853028,27.89999961853028,26.100000381469727,26.75,227118.0
2021-03-24,26.049999237060547,27.100000381469727,25.450000762939453,25.600000381469727,313869.0
2021-03-25,24.39999961853028,25.5,24.350000381469727,24.850000381469727,222163.0
2021-03-26,24.39999961853028,26.049999237060547,24.39999961853028,25.700000762939453,392259.0
2021-03-30,26.25,26.950000762939453,24.89999961853028,25.25,255543.0
2021-03-31,25.950000762939453,25.950000762939453,24.0,24.200000762939453,433202.0
2021-04-01,24.200000762939453,25.39999961853028,24.200000762939453,24.549999237060547,411916.0
2021-04-05,24.549999237060547,25.299999237060547,23.350000381469727,23.39999961853028,426901.0
2021-04-06,22.549999237060547,24.299999237060547,22.25,22.350000381469727,438615.0
2021-04-07,21.700000762939453,23.299999237060547,21.25,21.5,500288.0
2021-04-08,21.799999237060547,22.549999237060547,20.850000381469727,22.549999237060547,1099759.0
2021-04-09,23.25,23.64999961853028,23.14999961853028,23.350000381469727,344311.0
2021-04-12,22.850000381469727,23.14999961853028,22.200000762939453,22.200000762939453,142385.0
2021-04-13,21.14999961853028,22.299999237060547,21.100000381469727,21.39999961853028,229752.0
2021-04-15,21.5,21.75,20.350000381469727,20.350000381469727,187630.0
2021-04-16,20.350000381469727,21.350000381469727,19.350000381469727,20.5,405448.0
2021-04-19,20.450000762939453,20.450000762939453,19.5,19.5,116649.0
2021-04-20,18.600000381469727,19.950000762939453,18.549999237060547,18.549999237060547,401010.0
2021-04-22,18.049999237060547,18.549999237060547,17.649999618530273,17.649999618530273,309964.0
2021-04-23,17.649999618530273,18.0,16.899999618530273,17.450000762939453,263128.0
2021-04-26,17.5,18.299999237060547,16.75,17.149999618530273,383396.0
2021-04-27,17.0,17.700000762939453,16.850000381469727,17.5,107882.0
2021-04-28,17.899999618530273,18.350000381469727,16.75,18.350000381469727,192506.0
2021-04-29,19.25,19.25,19.0,19.25,194374.0
2021-04-30,20.200000762939453,20.200000762939453,20.200000762939453,20.200000762939453,82137.0
2021-05-03,21.200000762939453,21.200000762939453,21.200000762939453,21.200000762939453,86941.0
2021-05-04,22.25,22.25,21.200000762939453,21.700000762939453,660549.0
2021-05-05,22.0,22.0,20.64999961853028,20.64999961853028,217789.0
2021-05-06,21.0,21.25,19.64999961853028,19.75,260846.0
2021-05-07,19.89999961853028,20.700000762939453,19.600000381469727,20.700000762939453,219907.0
2021-05-10,20.700000762939453,20.89999961853028,19.700000762939453,19.950000762939453,654830.0
2021-05-11,19.950000762939453,20.89999961853028,19.549999237060547,20.75,368459.0
2021-05-12,21.0,21.299999237060547,20.299999237060547,20.799999237060547,218658.0
2021-05-14,21.25,21.64999961853028,19.799999237060547,19.950000762939453,321068.0
2021-05-17,20.049999237060547,20.5,19.700000762939453,19.850000381469727,117738.0
2021-05-18,19.850000381469727,20.14999961853028,19.700000762939453,19.850000381469727,137296.0
2021-05-19,19.700000762939453,20.299999237060547,19.549999237060547,19.799999237060547,136298.0
2021-05-20,19.549999237060547,19.950000762939453,18.950000762939453,19.299999237060547,222482.0
2021-05-21,19.700000762939453,20.25,19.350000381469727,20.25,335731.0
2021-05-24,20.700000762939453,21.25,20.25,21.25,489017.0
2021-05-25,22.200000762939453,22.299999237060547,21.25,21.549999237060547,728566.0
2021-05-26,22.0,22.049999237060547,21.25,21.350000381469727,252633.0
2021-05-27,21.700000762939453,21.950000762939453,21.200000762939453,21.75,190366.0
2021-05-28,22.600000381469727,22.600000381469727,20.700000762939453,20.700000762939453,570588.0
2021-05-31,19.700000762939453,20.549999237060547,19.700000762939453,19.75,661609.0
2021-06-01,20.299999237060547,20.39999961853028,19.200000762939453,19.89999961853028,321676.0
2021-06-02,20.600000381469727,20.600000381469727,18.950000762939453,20.100000381469727,327620.0
2021-06-03,20.100000381469727,21.100000381469727,20.0,21.100000381469727,432716.0
2021-06-04,22.14999961853028,22.14999961853028,20.100000381469727,20.75,1781564.0
2021-06-07,21.5,22.799999237060547,21.0,22.700000762939453,1002637.0
2021-06-08,23.799999237060547,24.950000762939453,22.850000381469727,24.799999237060547,2390117.0
2021-06-09,25.89999961853028,26.25,25.0,25.549999237060547,1339735.0
2021-06-10,26.25,28.100000381469727,26.100000381469727,28.100000381469727,731008.0
2021-06-11,29.39999961853028,29.5,26.700000762939453,27.049999237060547,2816410.0
2021-06-14,27.5,28.0,25.700000762939453,26.549999237060547,1518724.0
2021-06-15,26.89999961853028,27.299999237060547,25.299999237060547,26.049999237060547,725881.0
2021-06-16,26.89999961853028,27.0,25.0,25.14999961853028,599750.0
2021-06-17,24.5,25.100000381469727,24.100000381469727,24.549999237060547,427047.0
2021-06-18,24.600000381469727,25.450000762939453,23.350000381469727,23.950000762939453,656236.0
2021-06-21,23.600000381469727,25.100000381469727,23.100000381469727,25.100000381469727,573398.0
2021-06-22,25.450000762939453,26.350000381469727,25.14999961853028,25.549999237060547,1017360.0
2021-06-23,25.5,25.850000381469727,24.299999237060547,24.450000762939453,697439.0
2021-06-24,24.950000762939453,25.0,23.850000381469727,24.200000762939453,418542.0
2021-06-25,24.100000381469727,24.89999961853028,23.39999961853028,24.350000381469727,410555.0
2021-06-28,24.549999237060547,25.549999237060547,24.39999961853028,25.549999237060547,559984.0
2021-06-29,25.89999961853028,25.89999961853028,24.5,24.700000762939453,568945.0
2021-06-30,25.049999237060547,25.39999961853028,23.75,24.450000762939453,268671.0
2021-07-01,24.600000381469727,25.450000762939453,24.299999237060547,24.600000381469727,367269.0
2021-07-02,25.0,25.0,24.299999237060547,24.39999961853028,168777.0
2021-07-05,24.39999961853028,25.200000762939453,24.350000381469727,24.89999961853028,397303.0
2021-07-06,25.950000762939453,25.950000762939453,24.5,24.75,362043.0
2021-07-07,24.89999961853028,25.600000381469727,23.89999961853028,25.049999237060547,395227.0
2021-07-08,25.299999237060547,25.700000762939453,24.549999237060547,25.14999961853028,422765.0
2021-07-09,25.5,26.39999961853028,24.549999237060547,25.600000381469727,719204.0
2021-07-12,26.5,26.850000381469727,25.799999237060547,26.850000381469727,955055.0
2021-07-13,28.0,28.14999961853028,27.200000762939453,28.14999961853028,455398.0
2021-07-14,29.549999237060547,29.549999237060547,28.5,29.549999237060547,776612.0
2021-07-15,31.0,31.0,28.100000381469727,29.600000381469727,2890022.0
2021-07-16,29.0,31.0,28.64999961853028,30.350000381469727,1250150.0
2021-07-19,30.0,31.549999237060547,28.950000762939453,29.200000762939453,1315218.0
2021-07-20,29.799999237060547,29.799999237060547,27.75,27.75,1018059.0
2021-07-22,28.200000762939453,28.950000762939453,27.5,28.39999961853028,1011121.0
2021-07-23,28.64999961853028,29.0,27.0,27.049999237060547,872300.0
2021-07-26,26.200000762939453,28.0,26.200000762939453,27.350000381469727,446564.0
2021-07-27,28.0,28.0,26.39999961853028,26.89999961853028,503118.0
2021-07-28,27.450000762939453,27.5,25.64999961853028,25.89999961853028,899717.0
2021-07-29,26.200000762939453,27.14999961853028,26.049999237060547,26.700000762939453,912632.0
2021-07-30,26.700000762939453,27.14999961853028,25.450000762939453,25.64999961853028,739359.0
2021-08-02,25.600000381469727,26.89999961853028,25.549999237060547,26.75,1649168.0
2021-08-03,27.0,28.049999237060547,26.450000762939453,26.799999237060547,2527884.0
2021-08-04,26.799999237060547,27.25,25.64999961853028,25.850000381469727,527724.0
2021-08-05,25.450000762939453,26.200000762939453,24.600000381469727,24.950000762939453,707399.0
2021-08-06,25.049999237060547,26.299999237060547,24.549999237060547,24.950000762939453,608615.0
2021-08-09,25.450000762939453,25.799999237060547,22.799999237060547,23.799999237060547,551384.0
2021-08-10,23.799999237060547,24.450000762939453,22.200000762939453,22.75,371418.0
2021-08-11,22.5,24.299999237060547,21.14999961853028,23.450000762939453,774233.0
2021-08-12,23.450000762939453,24.5,23.0,23.89999961853028,285423.0
2021-08-13,23.600000381469727,24.5,22.950000762939453,23.299999237060547,231705.0
2021-08-16,23.5,24.299999237060547,22.200000762939453,24.100000381469727,320998.0
2021-08-17,24.25,24.5,23.0,23.100000381469727,197255.0
2021-08-18,23.0,23.600000381469727,21.600000381469727,22.39999961853028,223324.0
2021-08-20,22.39999961853028,22.75,21.100000381469727,21.299999237060547,306871.0
2021-08-23,21.700000762939453,22.350000381469727,19.5,20.450000762939453,246202.0
2021-08-24,20.0,22.25,20.0,22.0,198346.0
2021-08-25,22.950000762939453,23.049999237060547,22.25,22.700000762939453,119046.0
2021-08-26,23.5,23.5,20.450000762939453,20.75,699115.0
2021-08-27,20.64999961853028,21.5,20.64999961853028,21.350000381469727,124948.0
2021-08-30,22.0,23.450000762939453,21.39999961853028,23.450000762939453,402972.0
2021-08-31,24.799999237060547,24.799999237060547,22.200000762939453,22.64999961853028,577392.0
2021-09-01,22.950000762939453,24.0,22.64999961853028,23.200000762939453,266782.0
2021-09-02,23.600000381469727,25.5,23.200000762939453,24.600000381469727,663551.0
2021-09-03,24.700000762939453,25.450000762939453,24.0,24.450000762939453,183680.0
2021-09-06,24.5,26.25,24.450000762939453,25.14999961853028,614355.0
2021-09-07,25.049999237060547,27.600000381469727,25.049999237060547,26.100000381469727,1130181.0
2021-09-08,26.5,27.799999237060547,25.64999961853028,26.14999961853028,1127154.0
2021-09-09,26.0,27.39999961853028,25.950000762939453,26.89999961853028,626466.0
2021-09-13,27.0,29.549999237060547,26.0,29.549999237060547,3285728.0
2021-09-14,30.0,32.5,28.39999961853028,30.049999237060547,4064964.0
2021-09-15,30.0,30.950000762939453,28.549999237060547,28.64999961853028,1333661.0
2021-09-16,28.100000381469727,29.450000762939453,27.549999237060547,28.799999237060547,687269.0
2021-09-17,28.549999237060547,29.25,27.39999961853028,27.39999961853028,502695.0
2021-09-20,27.75,27.75,26.049999237060547,26.049999237060547,524820.0
2021-09-21,25.600000381469727,26.799999237060547,25.25,25.799999237060547,445031.0
2021-09-22,26.049999237060547,27.049999237060547,25.600000381469727,27.049999237060547,952989.0
2021-09-23,27.5,28.39999961853028,27.14999961853028,28.39999961853028,1447645.0
2021-09-24,28.950000762939453,29.299999237060547,27.299999237060547,27.549999237060547,672956.0
2021-09-27,28.0,28.799999237060547,27.75,28.0,643709.0
2021-09-28,28.39999961853028,28.39999961853028,26.600000381469727,27.0,466965.0
2021-09-29,27.14999961853028,27.799999237060547,25.700000762939453,26.049999237060547,791167.0
2021-09-30,26.299999237060547,27.350000381469727,26.299999237060547,27.350000381469727,646431.0
2021-10-01,28.0,28.39999961853028,27.5,27.799999237060547,580102.0
2021-10-04,28.5,29.14999961853028,27.75,29.14999961853028,688568.0
2021-10-05,29.14999961853028,30.299999237060547,28.64999961853028,28.950000762939453,948178.0
2021-10-06,28.89999961853028,30.350000381469727,28.75,30.350000381469727,2333903.0
2021-10-07,31.75,31.850000381469727,29.14999961853028,30.950000762939453,6117930.0
2021-10-08,30.5,32.45000076293945,30.0,32.45000076293945,2998839.0
2021-10-11,33.400001525878906,34.04999923706055,33.150001525878906,34.04999923706055,1947281.0
2021-10-12,34.900001525878906,35.75,33.75,35.75,3030522.0
2021-10-13,37.5,37.5,37.5,37.5,585318.0
2021-10-14,39.34999847412109,39.34999847412109,37.29999923706055,39.34999847412109,4821112.0
2021-10-18,41.29999923706055,41.29999923706055,41.29999923706055,41.29999923706055,807342.0
2021-10-19,43.34999847412109,43.34999847412109,39.25,42.400001525878906,7072065.0
2021-10-20,42.0,44.5,40.29999923706055,44.5,4080460.0
2021-10-21,46.70000076293945,46.70000076293945,44.5,46.70000076293945,4021515.0
2021-10-22,47.900001525878906,48.04999923706055,44.400001525878906,44.400001525878906,1441136.0
2021-10-25,42.20000076293945,43.5,42.20000076293945,42.20000076293945,726310.0
2021-10-26,40.09999847412109,42.20000076293945,40.09999847412109,40.09999847412109,3006989.0
2021-10-27,39.20000076293945,41.84999847412109,38.20000076293945,38.59999847412109,975081.0
2021-10-28,37.70000076293945,38.5,36.70000076293945,36.70000076293945,768673.0
2021-10-29,37.400001525878906,38.45000076293945,35.25,35.900001525878906,861645.0
2021-11-01,36.0,37.650001525878906,35.849998474121094,37.650001525878906,534970.0
2021-11-02,39.150001525878906,39.5,39.150001525878906,39.5,468641.0
2021-11-03,40.5,41.45000076293945,39.25,40.09999847412109,1595169.0
2021-11-04,40.95000076293945,42.09999847412109,40.650001525878906,42.09999847412109,320096.0
2021-11-08,44.20000076293945,44.20000076293945,43.150001525878906,44.20000076293945,1094337.0
2021-11-09,46.400001525878906,46.400001525878906,46.400001525878906,46.400001525878906,251590.0
2021-11-10,48.70000076293945,48.70000076293945,45.54999923706055,48.70000076293945,4745890.0
2021-11-11,50.45000076293945,50.45000076293945,46.29999923706055,46.54999923706055,3080960.0
2021-11-12,46.70000076293945,48.84999847412109,45.95000076293945,48.75,2038040.0
2021-11-15,47.75,47.900001525878906,46.34999847412109,46.34999847412109,714627.0
2021-11-16,44.04999923706055,46.5,44.04999923706055,44.04999923706055,2337092.0
2021-11-17,44.0,44.95000076293945,41.84999847412109,41.84999847412109,888531.0
2021-11-18,41.84999847412109,43.400001525878906,39.84999847412109,40.29999923706055,880173.0
2021-11-22,41.150001525878906,41.150001525878906,38.29999923706055,38.29999923706055,917970.0
2021-11-23,36.75,40.20000076293945,36.5,40.20000076293945,831258.0
2021-11-24,41.5,42.20000076293945,40.75,41.25,1397992.0
2021-11-25,41.34999847412109,42.400001525878906,40.04999923706055,40.650001525878906,644359.0
2021-11-26,40.5,40.5,38.650001525878906,38.75,684692.0
2021-11-29,38.75,40.400001525878906,36.84999847412109,36.84999847412109,630434.0
2021-11-30,36.20000076293945,38.650001525878906,36.20000076293945,38.650001525878906,743689.0
2021-12-01,40.54999923706055,40.54999923706055,37.84999847412109,39.54999923706055,1060475.0
2021-12-02,39.0,41.5,38.79999923706055,41.5,667169.0
2021-12-03,42.20000076293945,43.54999923706055,41.0,42.5,1295055.0
2021-12-06,42.70000076293945,44.59999847412109,41.95000076293945,44.29999923706055,1831842.0
2021-12-07,45.0,46.34999847412109,43.900001525878906,44.25,634870.0
2021-12-08,44.900001525878906,46.400001525878906,43.75,45.900001525878906,883021.0
2021-12-09,46.45000076293945,47.0,45.20000076293945,46.45000076293945,941328.0
2021-12-10,46.400001525878906,46.400001525878906,44.25,45.09999847412109,623280.0
2021-12-13,45.09999847412109,45.84999847412109,44.150001525878906,44.59999847412109,563132.0
2021-12-14,43.5,44.5,43.0,43.34999847412109,301555.0
2021-12-15,45.5,45.5,41.20000076293945,41.20000076293945,350639.0
2021-12-16,40.09999847412109,42.400001525878906,39.150001525878906,39.650001525878906,296167.0
2021-12-17,37.75,41.29999923706055,37.75,39.150001525878906,251227.0
2021-12-20,38.29999923706055,38.29999923706055,37.20000076293945,37.59999847412109,270390.0
2021-12-21,37.84999847412109,39.45000076293945,36.5,39.45000076293945,157874.0
2021-12-22,41.400001525878906,41.400001525878906,41.400001525878906,41.400001525878906,71200.0
2021-12-23,43.45000076293945,43.45000076293945,41.400001525878906,43.34999847412109,579462.0
2021-12-24,43.34999847412109,45.5,41.5,45.29999923706055,998059.0
2021-12-27,46.79999923706055,47.5,45.29999923706055,46.20000076293945,676638.0
2021-12-28,47.0,47.5,44.400001525878906,44.79999923706055,358613.0
2021-12-29,45.900001525878906,45.900001525878906,43.0,43.59999847412109,300014.0
2021-12-30,43.09999847412109,45.0,43.09999847412109,44.400001525878906,141789.0
2021-12-31,46.59999847412109,46.59999847412109,44.5,46.59999847412109,653445.0
2022-01-03,48.84999847412109,48.900001525878906,48.79999923706055,48.900001525878906,363392.0
2022-01-04,51.29999923706055,51.29999923706055,51.29999923706055,51.29999923706055,328964.0
2022-01-05,53.84999847412109,53.84999847412109,53.84999847412109,53.84999847412109,108044.0
2022-01-06,56.5,56.5,56.5,56.5,272543.0
2022-01-07,59.29999923706055,59.29999923706055,59.29999923706055,59.29999923706055,157827.0
2022-01-10,62.25,62.25,56.70000076293945,62.25,2315225.0
2022-01-11,64.9000015258789,65.3499984741211,62.25,65.30000305175781,1472898.0
2022-01-12,66.0999984741211,66.8499984741211,62.04999923706055,62.04999923706055,1043486.0
2022-01-13,59.04999923706055,65.1500015258789,58.95000076293945,65.1500015258789,1219545.0
2022-01-14,64.80000305175781,68.4000015258789,61.900001525878906,68.4000015258789,811860.0
2022-01-17,69.0,71.80000305175781,67.0999984741211,71.80000305175781,975707.0
2022-01-18,72.0,75.3499984741211,71.80000305175781,74.4000015258789,1285954.0
2022-01-19,76.0,78.0,74.4000015258789,77.55000305175781,781531.0
2022-01-20,78.9000015258789,79.0,75.0,78.05000305175781,635058.0
2022-01-21,76.5999984741211,77.05000305175781,74.1500015258789,74.1500015258789,585052.0
2022-01-24,70.44999694824219,77.8499984741211,70.44999694824219,74.6500015258789,2115190.0
2022-01-25,74.6500015258789,77.80000305175781,71.55000305175781,76.30000305175781,1922710.0
2022-01-27,72.6500015258789,76.0,72.6500015258789,74.9000015258789,916310.0
2022-01-28,76.0,78.5999984741211,74.19999694824219,78.5999984741211,1054871.0
2022-01-31,82.5,82.5,80.55000305175781,82.5,1301612.0
2022-02-01,85.94999694824219,86.5999984741211,84.1500015258789,86.5999984741211,1345773.0
2022-02-02,90.9000015258789,90.9000015258789,90.9000015258789,90.9000015258789,89118.0
2022-02-03,95.4000015258789,95.4000015258789,95.4000015258789,95.4000015258789,114491.0
2022-02-04,100.1500015258789,100.1500015258789,100.1500015258789,100.1500015258789,119182.0
2022-02-07,95.1500015258789,105.1500015258789,95.1500015258789,105.1500015258789,4748276.0
2022-02-08,110.4000015258789,110.4000015258789,102.5999984741211,110.4000015258789,1964998.0
2022-02-09,115.9000015258789,115.9000015258789,106.0,115.9000015258789,1461210.0
2022-02-10,121.6500015258789,121.6500015258789,121.6500015258789,121.6500015258789,167483.0
2022-02-11,125.9499969482422,127.6999969482422,117.0,127.6999969482422,1975834.0
2022-02-14,131.0,134.0500030517578,121.3499984741211,121.3499984741211,1595883.0
2022-02-15,115.3000030517578,127.1999969482422,115.3000030517578,125.6500015258789,1103476.0
2022-02-16,125.0,125.0,119.4000015258789,119.4000015258789,643506.0
2022-02-17,113.4499969482422,116.0,113.4499969482422,113.4499969482422,181712.0
2022-02-18,107.8000030517578,107.8000030517578,107.8000030517578,107.8000030517578,48798.0
2022-02-21,102.4499969482422,102.4499969482422,102.4499969482422,102.4499969482422,44118.0
2022-02-22,97.3499984741211,97.3499984741211,97.3499984741211,97.3499984741211,34669.0
2022-02-23,92.5,102.1999969482422,92.5,93.9000015258789,1365541.0
2022-02-24,89.25,89.25,89.25,89.25,71132.0
2022-02-25,84.80000305175781,93.6999969482422,84.80000305175781,92.0,1391511.0
2022-02-28,87.4000015258789,96.3499984741211,87.4000015258789,94.9499969482422,901400.0
2022-03-02,99.6500015258789,99.6500015258789,99.6500015258789,99.6500015258789,114732.0
2022-03-03,104.5999984741211,104.5999984741211,104.5999984741211,104.5999984741211,34871.0
2022-03-04,109.8000030517578,109.8000030517578,101.1500015258789,109.8000030517578,1399518.0
2022-03-07,106.1999969482422,107.3000030517578,104.3499984741211,104.3499984741211,167397.0
2022-03-08,99.1500015258789,109.0,99.1500015258789,102.9000015258789,473361.0
2022-03-09,102.9000015258789,105.5999984741211,99.0,101.75,272412.0
2022-03-10,105.0,106.8000030517578,98.5,101.6500015258789,463513.0
2022-03-11,99.9000015258789,106.6999969482422,98.9000015258789,106.6999969482422,498575.0
2022-03-14,112.0,112.0,112.0,112.0,367931.0
2022-03-15,116.0,116.0,106.4000015258789,106.4000015258789,421925.0
2022-03-16,106.4000015258789,110.0,101.5999984741211,104.6500015258789,260540.0
2022-03-17,106.0,108.4000015258789,101.75,105.5999984741211,190810.0
2022-03-21,106.0,107.75,101.0,101.5500030517578,206954.0
2022-03-22,99.1999969482422,102.6999969482422,98.0,98.5999984741211,159980.0
2022-03-23,98.0,103.5,98.0,98.75,552678.0
2022-03-24,98.0,99.8000030517578,95.8499984741211,96.75,207026.0
2022-03-25,96.6999969482422,96.6999969482422,91.9499969482422,93.75,296345.0
2022-03-28,93.0,98.0999984741211,90.05000305175781,90.9000015258789,223036.0
2022-03-29,91.0,95.4000015258789,89.44999694824219,95.4000015258789,808805.0
2022-03-30,98.8000030517578,100.1500015258789,96.0,100.1500015258789,352053.0
2022-03-31,105.1500015258789,105.1500015258789,101.0999984741211,105.1500015258789,404635.0
2022-04-01,109.75,109.75,101.3499984741211,105.4499969482422,473426.0
2022-04-04,106.4000015258789,106.4000015258789,100.5999984741211,102.6999969482422,452497.0
2022-04-05,102.0,104.6999969482422,99.4000015258789,103.0500030517578,473887.0
2022-04-06,100.0,103.4000015258789,98.3000030517578,102.25,308978.0
2022-04-07,98.0999984741211,103.9000015258789,97.1500015258789,97.1500015258789,750505.0
2022-04-08,97.0,102.0,92.3000030517578,102.0,665553.0
2022-04-11,99.5,106.9000015258789,99.5,104.6500015258789,582986.0
2022-04-12,103.0500030517578,104.5,101.0,101.3000030517578,199666.0
2022-04-13,101.9000015258789,104.4000015258789,100.5500030517578,102.5500030517578,158774.0
2022-04-18,102.0,102.0,98.0,98.9499969482422,171726.0
2022-04-19,98.9499969482422,100.8000030517578,94.25,95.3000030517578,268840.0
2022-04-20,93.6500015258789,97.3000030517578,93.5,93.9499969482422,205601.0
2022-04-21,95.3000030517578,98.5999984741211,93.5,98.5999984741211,233209.0
2022-04-22,97.9000015258789,102.0,96.0999984741211,96.4499969482422,303406.0
2022-04-25,94.0999984741211,94.5500030517578,91.8000030517578,93.4000015258789,238753.0
2022-04-26,94.6999969482422,94.9000015258789,92.0,92.25,137287.0
2022-04-27,93.5,95.0,90.0,93.4000015258789,256896.0
2022-04-28,93.0,94.6999969482422,89.55000305175781,90.1500015258789,451105.0
2022-04-29,86.0999984741211,92.5,86.0999984741211,88.69999694824219,111554.0
2022-05-02,84.30000305175781,87.0,84.30000305175781,84.30000305175781,487983.0
2022-05-04,80.25,83.80000305175781,80.0999984741211,80.0999984741211,219098.0
2022-05-05,79.0,80.0,76.0999984741211,78.05000305175781,538070.0
2022-05-06,74.55000305175781,75.94999694824219,74.1500015258789,74.19999694824219,316463.0
2022-05-09,71.05000305175781,72.69999694824219,70.5,70.5,175652.0
2022-05-10,67.19999694824219,71.75,67.0,67.0,229376.0
2022-05-11,67.0,67.0,63.650001525878906,63.650001525878906,315718.0
2022-05-12,60.5,62.25,60.5,60.5,71579.0
2022-05-13,57.5,63.5,57.5,62.84999847412109,285818.0
2022-05-16,64.55000305175781,65.94999694824219,60.59999847412109,63.25,379528.0
2022-05-17,65.0,66.4000015258789,63.5,66.4000015258789,157723.0
2022-05-18,68.9000015258789,69.69999694824219,67.05000305175781,69.5999984741211,459036.0
2022-05-19,66.5999984741211,69.30000305175781,66.1500015258789,66.1500015258789,369004.0
2022-05-20,63.900001525878906,69.44999694824219,63.900001525878906,67.0999984741211,164769.0
2022-05-23,68.4000015258789,70.44999694824219,67.1500015258789,70.0999984741211,141905.0
2022-05-24,70.3499984741211,71.9000015258789,66.5999984741211,66.94999694824219,77324.0
2022-05-25,68.25,68.25,63.650001525878906,63.650001525878906,85019.0
2022-05-26,64.8499984741211,66.0,60.5,65.19999694824219,99032.0
2022-05-27,65.0,65.0,62.20000076293945,63.84999847412109,76271.0
2022-05-30,67.0,67.0,65.30000305175781,67.0,304615.0
2022-05-31,70.3499984741211,70.3499984741211,70.3499984741211,70.3499984741211,125487.0
2022-06-01,73.8499984741211,73.8499984741211,71.0999984741211,73.8499984741211,449698.0
2022-06-02,77.5,77.5,75.5,77.5,450560.0
2022-06-03,81.3499984741211,81.3499984741211,78.19999694824219,80.4000015258789,445569.0
2022-06-06,76.5,80.4000015258789,76.5,78.25,251607.0
2022-06-07,77.9000015258789,78.5,74.69999694824219,77.19999694824219,99841.0
2022-06-08,75.55000305175781,81.05000305175781,75.55000305175781,81.05000305175781,297817.0
2022-06-09,79.8499984741211,85.0999984741211,78.1500015258789,83.80000305175781,415869.0
2022-06-10,81.25,84.5,80.0,81.25,160377.0
2022-06-13,78.0,79.5,77.19999694824219,77.19999694824219,161140.0
2022-06-14,73.3499984741211,76.80000305175781,73.3499984741211,73.44999694824219,517825.0
2022-06-15,73.0,75.0,71.0999984741211,72.1500015258789,158354.0
2022-06-16,73.5,74.5,68.55000305175781,68.75,228353.0
2022-06-17,69.0,69.0,65.6500015258789,66.75,249259.0
2022-06-20,65.4000015258789,65.4000015258789,63.45000076293945,63.45000076293945,200796.0
2022-06-21,63.0,66.44999694824219,60.29999923706055,60.75,130863.0
2022-06-22,61.59999847412109,63.0,60.20000076293945,60.75,142566.0
2022-06-23,61.75,61.75,57.75,57.84999847412109,122232.0
2022-06-24,57.400001525878906,60.70000076293945,56.150001525878906,60.70000076293945,128197.0
2022-06-27,61.45000076293945,63.45000076293945,59.54999923706055,60.34999847412109,91667.0
2022-06-28,60.34999847412109,60.34999847412109,57.34999847412109,58.29999923706055,247321.0
2022-06-29,57.400001525878906,61.0,55.400001525878906,55.400001525878906,195951.0
2022-06-30,53.29999923706055,56.79999923706055,53.29999923706055,54.34999847412109,76023.0
2022-07-01,53.900001525878906,54.0,51.650001525878906,53.45000076293945,90194.0
2022-07-04,53.45000076293945,55.79999923706055,51.04999923706055,52.04999923706055,118434.0
2022-07-05,53.0,54.650001525878906,52.25,54.650001525878906,61678.0
2022-07-06,56.0,57.34999847412109,55.5,57.34999847412109,245372.0
2022-07-07,59.70000076293945,60.20000076293945,59.09999847412109,60.20000076293945,76372.0
2022-07-08,63.20000076293945,63.20000076293945,63.20000076293945,63.20000076293945,91233.0
2022-07-11,63.5,64.55000305175781,60.04999923706055,64.05000305175781,183061.0
2022-07-12,63.900001525878906,63.900001525878906,61.34999847412109,62.650001525878906,76097.0
2022-07-13,62.650001525878906,63.0,59.54999923706055,59.54999923706055,119374.0
2022-07-14,58.0,58.900001525878906,56.59999847412109,57.650001525878906,227356.0
2022-07-15,57.59999847412109,58.45000076293945,54.79999923706055,55.04999923706055,133467.0
2022-07-18,54.09999847412109,57.79999923706055,54.0,57.79999923706055,152408.0
2022-07-19,57.900001525878906,60.650001525878906,56.400001525878906,60.650001525878906,211062.0
2022-07-20,61.900001525878906,63.650001525878906,61.5,63.400001525878906,365988.0
2022-07-21,66.5,66.5,61.25,62.0,151370.0
2022-07-22,61.09999847412109,63.400001525878906,60.09999847412109,60.95000076293945,113172.0
2022-07-25,60.900001525878906,60.900001525878906,58.20000076293945,58.84999847412109,90840.0
2022-07-26,58.79999923706055,58.79999923706055,55.95000076293945,57.09999847412109,143304.0
2022-07-27,57.09999847412109,59.95000076293945,56.09999847412109,59.95000076293945,90537.0
2022-07-28,62.900001525878906,62.900001525878906,62.59999847412109,62.900001525878906,325799.0
2022-07-29,62.900001525878906,66.0,60.34999847412109,63.34999847412109,650231.0
2022-08-01,63.75,64.75,61.04999923706055,62.34999847412109,115540.0
2022-08-02,62.34999847412109,64.0,59.29999923706055,60.59999847412109,339914.0
2022-08-03,60.95000076293945,61.0,58.650001525878906,59.20000076293945,147378.0
2022-08-04,60.29999923706055,60.95000076293945,56.95000076293945,58.04999923706055,230040.0
2022-08-05,57.59999847412109,59.0,57.400001525878906,58.45000076293945,102402.0
2022-08-08,59.400001525878906,59.900001525878906,56.0,57.95000076293945,186267.0
2022-08-10,58.0,58.650001525878906,55.09999847412109,55.900001525878906,238671.0
2022-08-11,55.900001525878906,58.650001525878906,55.0,58.650001525878906,181232.0
2022-08-12,60.0,61.54999923706055,58.5,61.5,304180.0
2022-08-16,62.09999847412109,62.79999923706055,60.0,61.59999847412109,192135.0
2022-08-17,61.400001525878906,62.45000076293945,58.650001525878906,58.95000076293945,195806.0
2022-08-18,58.95000076293945,59.79999923706055,56.5,56.79999923706055,318775.0
2022-08-19,57.5,57.5,54.0,54.79999923706055,708515.0
2022-08-22,54.650001525878906,56.79999923706055,52.09999847412109,53.04999923706055,268778.0
2022-08-23,53.45000076293945,54.0,52.5,53.25,226183.0
2022-08-24,54.75,55.70000076293945,53.0,54.59999847412109,204620.0
2022-08-25,54.79999923706055,57.29999923706055,53.95000076293945,57.29999923706055,273811.0
2022-08-26,60.150001525878906,60.150001525878906,60.150001525878906,60.150001525878906,521277.0
2022-08-29,63.150001525878906,63.150001525878906,57.650001525878906,63.150001525878906,708659.0
2022-08-30,66.30000305175781,66.30000305175781,66.30000305175781,66.30000305175781,171470.0
2022-09-01,69.5999984741211,69.5999984741211,69.5999984741211,69.5999984741211,191300.0
2022-09-02,73.05000305175781,73.05000305175781,73.05000305175781,73.05000305175781,269425.0
2022-09-05,76.69999694824219,76.69999694824219,76.69999694824219,76.69999694824219,194451.0
2022-09-06,80.5,80.5,74.0999984741211,80.5,2056447.0
2022-09-07,84.5,84.5,80.5,84.5,1344319.0
2022-09-08,88.69999694824219,88.69999694824219,86.0999984741211,88.69999694824219,909051.0
2022-09-09,91.0,91.0,84.30000305175781,85.3499984741211,740942.0
2022-09-12,89.5999984741211,89.5999984741211,89.5999984741211,89.5999984741211,79318.0
2022-09-13,94.0500030517578,94.0500030517578,94.0500030517578,94.0500030517578,197765.0
2022-09-14,98.75,98.75,98.75,98.75,195974.0
2022-09-15,103.6500015258789,103.6500015258789,103.6500015258789,103.6500015258789,115588.0
2022-09-16,106.5,108.8000030517578,103.6500015258789,108.8000030517578,7391627.0
2022-09-19,114.1999969482422,114.1999969482422,114.1999969482422,114.1999969482422,64901.0
2022-09-20,119.9000015258789,119.9000015258789,119.9000015258789,119.9000015258789,63944.0
2022-09-21,125.0,125.8499984741211,113.9499969482422,125.8499984741211,12053775.0
2022-09-22,129.0,132.10000610351562,125.8499984741211,132.10000610351562,2417100.0
2022-09-23,138.6999969482422,138.6999969482422,125.5,125.5,7698475.0
2022-09-26,119.25,119.25,119.25,119.25,203096.0
2022-09-27,113.3000030517578,117.0,113.3000030517578,113.3000030517578,1585535.0
2022-09-28,107.6500015258789,107.6500015258789,107.6500015258789,107.6500015258789,185020.0
2022-09-29,106.6999969482422,113.0,102.3000030517578,103.0500030517578,7319840.0
2022-09-30,102.25,108.1999969482422,98.6500015258789,108.1999969482422,2513869.0
2022-10-03,110.0,113.5999984741211,106.1999969482422,112.0999984741211,2786651.0
2022-10-04,117.4499969482422,117.4499969482422,106.5,106.5,2273446.0
2022-10-06,106.5,111.75,103.0,107.3000030517578,1556777.0
2022-10-07,106.0,110.5500030517578,104.8000030517578,107.8000030517578,928469.0
2022-10-10,108.0,113.1500015258789,105.0,113.1500015258789,821746.0
2022-10-11,118.8000030517578,118.8000030517578,115.5,118.8000030517578,1174569.0
2022-10-12,119.6999969482422,121.3499984741211,112.9000015258789,113.5500030517578,2355962.0
2022-10-13,113.9000015258789,116.8000030517578,109.0,110.1999969482422,679776.0
2022-10-14,114.4000015258789,114.4000015258789,104.9000015258789,105.6500015258789,700388.0
2022-10-17,105.6500015258789,109.5999984741211,102.3000030517578,106.8499984741211,703388.0
2022-10-18,108.9499969482422,110.9499969482422,106.0,106.3499984741211,458628.0
2022-10-19,107.25,108.4499969482422,103.5,103.8499984741211,402201.0
2022-10-20,104.5,104.5,99.3000030517578,99.6999969482422,697842.0
2022-10-21,99.0,103.0,99.0,99.8499984741211,436837.0
2022-10-24,100.0,104.0,99.0500030517578,100.25,164371.0
2022-10-25,101.0,101.9000015258789,95.3000030517578,95.6999969482422,587365.0
2022-10-27,97.6500015258789,100.4499969482422,95.8000030517578,100.4499969482422,411841.0
2022-10-28,105.4499969482422,105.4499969482422,105.4499969482422,105.4499969482422,192284.0
2022-10-31,105.0,109.4000015258789,101.5500030517578,103.0999984741211,1201587.0
2022-11-01,103.0,105.75,101.5,102.8000030517578,411097.0
2022-11-02,103.5,104.5500030517578,100.25,101.0,287898.0
2022-11-03,100.9499969482422,103.0,100.0,101.5500030517578,259704.0
2022-11-04,102.4499969482422,102.5,98.3000030517578,99.3000030517578,318505.0
2022-11-07,100.8000030517578,102.0999984741211,98.3499984741211,99.3000030517578,289012.0
2022-11-09,100.9499969482422,104.25,98.1999969482422,104.25,392951.0
2022-11-10,108.8000030517578,108.9000015258789,102.0999984741211,105.8499984741211,1048770.0
2022-11-11,106.0,111.0999984741211,102.25,108.3000030517578,1124463.0
2022-11-14,112.0,112.0,105.0500030517578,105.8000030517578,713825.0
2022-11-15,106.3499984741211,108.5,103.25,103.9499969482422,391638.0
2022-11-16,102.9000015258789,105.0,101.4000015258789,101.6999969482422,260235.0
2022-11-17,101.6999969482422,104.9000015258789,100.8000030517578,102.1500015258789,257973.0
2022-11-18,103.4499969482422,103.4499969482422,99.0,99.6999969482422,227690.0
2022-11-21,99.9000015258789,101.0,96.6999969482422,97.3000030517578,259345.0
2022-11-22,98.8000030517578,100.8000030517578,96.6999969482422,97.0,276018.0
2022-11-23,97.3000030517578,98.1500015258789,94.6500015258789,95.6999969482422,227278.0
2022-11-24,96.1999969482422,99.8000030517578,95.1500015258789,96.0,324739.0
2022-11-25,96.0,99.5999984741211,95.4499969482422,97.4499969482422,280436.0
2022-11-28,97.8000030517578,99.0,96.5500030517578,97.3499984741211,145206.0
2022-11-29,98.0,98.8000030517578,96.3000030517578,96.4499969482422,149792.0
2022-11-30,98.9499969482422,101.25,97.0999984741211,101.25,266794.0
2022-12-01,106.3000030517578,106.3000030517578,106.3000030517578,106.3000030517578,677167.0
2022-12-02,108.0,108.0,102.6999969482422,105.3499984741211,966385.0
2022-12-05,105.0,108.0,102.3000030517578,102.9000015258789,289760.0
2022-12-06,102.9000015258789,104.9499969482422,101.0,101.6500015258789,248002.0
2022-12-07,100.0,103.6500015258789,100.0,101.3000030517578,228718.0
2022-12-08,101.8499984741211,103.5999984741211,100.9000015258789,101.3000030517578,109040.0
2022-12-09,102.0,102.6999969482422,98.4000015258789,100.0999984741211,302074.0
2022-12-12,100.3499984741211,101.5,97.6500015258789,100.1999969482422,287918.0
2022-12-13,102.0,102.0,99.5500030517578,100.0999984741211,146620.0
2022-12-14,100.3499984741211,100.3499984741211,97.6500015258789,98.9499969482422,336988.0
2022-12-15,99.0,103.8499984741211,98.6999969482422,102.25,883370.0
2022-12-16,101.5,101.9499969482422,99.4000015258789,99.8000030517578,372297.0
2022-12-19,100.0,102.0,99.6999969482422,100.9000015258789,170312.0
2022-12-20,101.5,105.9000015258789,100.5,101.1500015258789,462593.0
2022-12-21,102.8000030517578,103.0,96.0999984741211,96.1999969482422,560974.0
2022-12-22,96.5,97.9000015258789,91.4000015258789,91.5,510928.0
2022-12-23,87.69999694824219,88.94999694824219,86.94999694824219,86.94999694824219,327320.0
2022-12-26,85.94999694824219,91.25,83.0999984741211,91.1500015258789,701431.0
2022-12-27,91.6999969482422,93.6999969482422,87.5999984741211,88.6500015258789,374306.0
2022-12-28,89.80000305175781,93.0500030517578,87.75,93.0500030517578,315955.0
2022-12-29,93.0,97.6999969482422,90.3499984741211,94.3000030517578,1088141.0
2022-12-30,94.8499984741211,96.1999969482422,93.0999984741211,93.6500015258789,227340.0
2023-01-02,95.0,95.0,92.75,93.3000030517578,194780.0
2023-01-03,94.0,94.6500015258789,92.5,93.1999969482422,167035.0
2023-01-04,94.0,94.0,90.1500015258789,91.4000015258789,191894.0
2023-01-05,92.0,92.8499984741211,88.80000305175781,89.19999694824219,208570.0
2023-01-06,90.6500015258789,91.4499969482422,88.0,88.5,203019.0
2023-01-09,89.44999694824219,90.5,88.0,89.0999984741211,132094.0
2023-01-10,90.0,90.9000015258789,86.1500015258789,87.3499984741211,367553.0
2023-01-11,88.9000015258789,88.9000015258789,84.75,85.0,347830.0
2023-01-12,89.25,89.25,88.0,89.25,569702.0
2023-01-13,93.5500030517578,93.6999969482422,91.1500015258789,93.6999969482422,200644.0
2023-01-16,98.3499984741211,98.3499984741211,94.3000030517578,96.0500030517578,1580142.0
2023-01-17,96.25,97.9000015258789,91.75,92.4000015258789,438633.0
2023-01-18,94.4000015258789,97.0,91.0999984741211,94.4499969482422,808422.0
2023-01-19,94.3499984741211,95.3000030517578,92.6999969482422,93.0500030517578,195540.0
2023-01-20,93.1999969482422,94.0500030517578,92.5,92.8499984741211,123746.0
2023-01-23,93.0500030517578,93.75,91.5999984741211,92.3000030517578,114555.0
2023-01-24,92.3000030517578,93.0,87.69999694824219,87.69999694824219,531744.0
2023-01-25,86.0,90.0,83.3499984741211,85.05000305175781,474181.0
2023-01-27,85.0,87.0,80.80000305175781,80.80000305175781,419282.0
2023-01-30,77.8499984741211,80.0,76.80000305175781,76.80000305175781,508212.0
2023-01-31,76.80000305175781,77.5999984741211,73.69999694824219,75.0999984741211,707827.0
2023-02-01,75.55000305175781,78.8499984741211,73.55000305175781,74.4000015258789,851375.0
2023-02-02,73.55000305175781,76.9000015258789,71.55000305175781,74.3499984741211,331822.0
2023-02-03,73.5,74.9000015258789,70.6500015258789,70.80000305175781,514610.0
2023-02-06,70.80000305175781,73.0,67.4000015258789,69.5999984741211,550586.0
2023-02-07,71.5999984741211,72.6500015258789,69.0,70.3499984741211,389923.0
2023-02-08,70.5,71.9000015258789,69.19999694824219,70.05000305175781,306952.0
2023-02-09,70.6500015258789,72.80000305175781,68.69999694824219,71.3499984741211,823972.0
2023-02-10,71.30000305175781,71.30000305175781,68.5999984741211,69.0,199319.0
2023-02-13,68.80000305175781,69.80000305175781,65.55000305175781,66.3499984741211,422802.0
2023-02-14,65.75,65.75,63.04999923706055,63.04999923706055,289840.0
2023-02-15,59.900001525878906,66.19999694824219,59.900001525878906,66.19999694824219,683649.0
2023-02-16,68.9000015258789,69.5,68.0,69.5,420570.0
2023-02-17,71.0,72.44999694824219,69.05000305175781,69.80000305175781,436148.0
2023-02-20,70.25,70.5,66.3499984741211,66.3499984741211,266491.0
2023-02-21,65.3499984741211,66.0,63.04999923706055,63.04999923706055,522092.0
2023-02-22,62.0,62.54999923706055,59.900001525878906,60.95000076293945,622788.0
2023-02-23,60.95000076293945,62.0,59.650001525878906,60.150001525878906,277567.0
2023-02-24,60.0,61.95000076293945,57.150001525878906,57.650001525878906,367074.0
2023-02-27,58.5,58.59999847412109,55.09999847412109,56.79999923706055,248138.0
2023-02-28,56.79999923706055,59.59999847412109,56.04999923706055,59.59999847412109,134472.0
2023-03-01,61.20000076293945,62.54999923706055,60.79999923706055,62.54999923706055,78457.0
2023-03-02,65.6500015258789,65.6500015258789,63.59999847412109,65.6500015258789,578197.0
2023-03-03,67.19999694824219,68.9000015258789,67.0,68.9000015258789,155228.0
2023-03-06,72.30000305175781,72.30000305175781,72.30000305175781,72.30000305175781,47454.0
2023-03-08,75.9000015258789,75.9000015258789,70.5,73.30000305175781,1076147.0
2023-03-09,74.8499984741211,74.8499984741211,69.6500015258789,69.6500015258789,525486.0
2023-03-10,67.30000305175781,68.9000015258789,66.19999694824219,67.4000015258789,281095.0
2023-03-13,68.6500015258789,68.6500015258789,64.05000305175781,64.05000305175781,305461.0
2023-03-14,64.0999984741211,67.25,61.70000076293945,67.25,380189.0
2023-03-15,69.3499984741211,70.5999984741211,68.30000305175781,70.30000305175781,488496.0
2023-03-16,69.0,72.6500015258789,67.1500015258789,69.94999694824219,571458.0
2023-03-17,70.5,72.6500015258789,67.5,69.5999984741211,466236.0
2023-03-20,68.4000015258789,69.44999694824219,66.19999694824219,68.30000305175781,328986.0
2023-03-21,68.80000305175781,69.75,66.0,66.3499984741211,513575.0
2023-03-22,67.44999694824219,68.25,64.5,65.05000305175781,252100.0
2023-03-23,65.1500015258789,66.5999984741211,63.84999847412109,64.55000305175781,163312.0
2023-03-24,64.8499984741211,65.5999984741211,61.70000076293945,62.0,381785.0
2023-03-27,62.0,62.34999847412109,59.650001525878906,60.20000076293945,347786.0
2023-03-28,60.5,62.20000076293945,57.5,58.54999923706055,645264.0
2023-03-29,57.29999923706055,61.45000076293945,57.29999923706055,61.45000076293945,444705.0
2023-03-31,63.79999923706055,64.5,62.34999847412109,64.5,279452.0
2023-04-03,65.0,67.30000305175781,62.59999847412109,66.44999694824219,781632.0
2023-04-05,66.44999694824219,69.75,65.55000305175781,69.75,297625.0
2023-04-06,73.19999694824219,73.19999694824219,70.1500015258789,73.19999694824219,1898056.0
2023-04-10,74.0,75.19999694824219,69.55000305175781,69.55000305175781,1311914.0
2023-04-11,71.25,81.3499984741211,70.25,78.5999984741211,3713794.0
2023-04-12,79.30000305175781,79.30000305175781,75.30000305175781,76.75,770084.0
2023-04-13,76.9000015258789,92.0999984741211,76.55000305175781,86.69999694824219,4280003.0
2023-04-17,87.0999984741211,93.4000015258789,86.80000305175781,90.5999984741211,1548474.0
2023-04-18,91.4499969482422,93.8499984741211,85.80000305175781,88.19999694824219,847186.0
2023-04-19,88.30000305175781,92.4000015258789,88.30000305175781,90.3499984741211,895006.0
2023-04-20,91.0,91.8000030517578,88.0,88.80000305175781,292235.0
2023-04-21,88.6500015258789,88.9000015258789,75.80000305175781,80.4000015258789,773620.0
2023-04-24,77.0,81.9000015258789,75.80000305175781,77.30000305175781,980269.0
2023-04-25,77.9000015258789,90.25,77.75,88.8499984741211,1901461.0
2023-04-26,89.4000015258789,92.0,85.80000305175781,87.69999694824219,902966.0
2023-04-27,87.75,90.4000015258789,87.0999984741211,87.8499984741211,330910.0
2023-04-28,88.0,89.9000015258789,87.25,88.05000305175781,357686.0
2023-05-02,88.0,92.4499969482422,87.0999984741211,88.6500015258789,749826.0
2023-05-03,87.55000305175781,89.80000305175781,87.19999694824219,87.9000015258789,342500.0
2023-05-04,88.69999694824219,89.94999694824219,87.5,88.1500015258789,267333.0
2023-05-05,88.19999694824219,89.30000305175781,84.80000305175781,85.4000015258789,347300.0
2023-05-08,86.0,89.44999694824219,83.0,83.69999694824219,571244.0
2023-05-09,83.5,85.4000015258789,82.05000305175781,82.55000305175781,209558.0
2023-05-10,82.9000015258789,83.30000305175781,80.5999984741211,81.05000305175781,282807.0
2023-05-11,81.3499984741211,83.8499984741211,80.69999694824219,81.3499984741211,265038.0
2023-05-12,80.80000305175781,83.55000305175781,80.80000305175781,81.69999694824219,234088.0
2023-05-15,82.6500015258789,86.19999694824219,80.30000305175781,82.9000015258789,657279.0
2023-05-16,83.4000015258789,85.44999694824219,82.1500015258789,82.69999694824219,255480.0
2023-05-17,83.25,83.69999694824219,78.69999694824219,79.5,476486.0
2023-05-18,80.55000305175781,81.25,77.69999694824219,78.8499984741211,344804.0
2023-05-19,79.8499984741211,81.9000015258789,78.19999694824219,80.69999694824219,525569.0
2023-05-22,80.5,83.5,79.5999984741211,80.8499984741211,464994.0
2023-05-23,81.0,82.4000015258789,79.80000305175781,80.19999694824219,276099.0
2023-05-24,80.0,80.9000015258789,77.30000305175781,78.44999694824219,256362.0
2023-05-25,78.44999694824219,79.9000015258789,76.4000015258789,77.55000305175781,240213.0
2023-05-26,77.44999694824219,78.69999694824219,76.30000305175781,77.05000305175781,387888.0
2023-05-29,77.30000305175781,87.1500015258789,77.1500015258789,85.75,1862143.0
2023-05-30,86.5999984741211,93.6999969482422,84.5,88.5,3320296.0
2023-05-31,86.94999694824219,87.0,80.80000305175781,82.30000305175781,1704471.0
2023-06-01,82.80000305175781,84.0999984741211,80.4000015258789,81.25,605716.0
2023-06-02,81.25,82.69999694824219,80.3499984741211,80.6500015258789,579705.0
2023-06-05,81.0,86.4000015258789,80.5,80.94999694824219,1208926.0
2023-06-06,81.0999984741211,83.55000305175781,79.5999984741211,80.25,581035.0
2023-06-07,80.8499984741211,81.5999984741211,79.4000015258789,79.94999694824219,408247.0
2023-06-08,80.69999694824219,80.94999694824219,78.5,78.8499984741211,437684.0
2023-06-09,79.75,79.8499984741211,77.5,77.9000015258789,268228.0
2023-06-12,78.1500015258789,80.0,77.25,77.6500015258789,373614.0
2023-06-13,78.0,81.05000305175781,77.5,78.9000015258789,436946.0
2023-06-14,79.44999694824219,80.4000015258789,77.9000015258789,78.44999694824219,286934.0
2023-06-15,78.4000015258789,80.0999984741211,77.0999984741211,77.5,415491.0
2023-06-16,78.3499984741211,80.0,77.69999694824219,78.5999984741211,792824.0
2023-06-19,78.30000305175781,80.0999984741211,78.0,78.44999694824219,453304.0
2023-06-20,78.4000015258789,78.9000015258789,76.3499984741211,77.4000015258789,466869.0
2023-06-21,77.5,78.5,76.0,76.3499984741211,248810.0
2023-06-22,76.9000015258789,77.55000305175781,75.0,75.4000015258789,253828.0
2023-06-23,75.69999694824219,76.30000305175781,72.0,72.9000015258789,481149.0
2023-06-26,73.44999694824219,73.5,71.0,72.4000015258789,263797.0
2023-06-27,72.4000015258789,73.94999694824219,72.4000015258789,72.9000015258789,162835.0
2023-06-28,74.3499984741211,77.19999694824219,73.19999694824219,74.75,722878.0
2023-06-30,75.0999984741211,75.69999694824219,72.75,73.0999984741211,317623.0
2023-07-03,73.0999984741211,76.4000015258789,72.9000015258789,75.44999694824219,662798.0
2023-07-04,75.69999694824219,77.1500015258789,72.80000305175781,73.05000305175781,802194.0
2023-07-05,72.9000015258789,74.25,69.1500015258789,71.94999694824219,1355781.0
2023-07-06,71.5,80.4000015258789,70.05000305175781,78.05000305175781,3402486.0
2023-07-07,78.3499984741211,80.80000305175781,76.80000305175781,78.05000305175781,918813.0
2023-07-10,78.69999694824219,80.75,78.0,79.0,806480.0
2023-07-11,79.94999694824219,79.94999694824219,77.5,78.19999694824219,435618.0
2023-07-12,80.5,81.1500015258789,76.05000305175781,77.05000305175781,571102.0
2023-07-13,77.6500015258789,79.4000015258789,70.94999694824219,71.69999694824219,1393917.0
2023-07-14,71.8499984741211,76.0,71.8499984741211,75.1500015258789,827197.0
2023-07-17,76.80000305175781,77.5999984741211,72.94999694824219,73.80000305175781,685687.0
2023-07-18,74.75,75.30000305175781,73.0,75.0999984741211,525339.0
2023-07-19,75.80000305175781,77.0,75.19999694824219,76.0999984741211,846981.0
2023-07-20,76.80000305175781,77.4000015258789,73.80000305175781,74.19999694824219,453676.0
2023-07-21,74.25,76.25,73.30000305175781,75.80000305175781,565856.0
2023-07-24,76.0,76.69999694824219,75.0,75.1500015258789,259274.0
2023-07-25,76.25,76.9000015258789,74.4000015258789,76.1500015258789,372303.0
2023-07-26,76.69999694824219,78.0,76.0,76.9000015258789,302286.0
2023-07-27,77.1500015258789,78.0,75.69999694824219,76.8499984741211,500458.0
2023-07-28,77.1500015258789,82.0,75.0999984741211,79.80000305175781,1848330.0
2023-07-31,80.1500015258789,86.0,80.1500015258789,85.30000305175781,4527356.0
2023-08-01,86.1500015258789,88.0,84.05000305175781,85.3499984741211,2949467.0
2023-08-02,85.0,85.69999694824219,78.30000305175781,80.05000305175781,2043159.0
2023-08-03,80.0,86.0,79.75,85.3499984741211,2510710.0
2023-08-04,86.25,87.5,84.30000305175781,85.80000305175781,1322335.0
2023-08-07,86.5999984741211,102.4000015258789,86.55000305175781,98.0,17896239.0
2023-08-08,97.5500030517578,102.0,94.25,95.4000015258789,5934911.0
2023-08-09,96.4000015258789,100.25,95.5999984741211,98.3499984741211,3554118.0
2023-08-10,98.6500015258789,102.0,97.3000030517578,98.6500015258789,2384769.0
2023-08-11,98.8000030517578,99.8000030517578,94.0500030517578,95.3000030517578,1320364.0
2023-08-14,99.8000030517578,108.0,95.0500030517578,104.0500030517578,16205487.0
2023-08-16,104.5,123.75,104.0999984741211,120.8000030517578,15184315.0
2023-08-17,120.25,140.0,117.5999984741211,134.4499969482422,26961923.0
2023-08-18,133.0,141.89999389648438,132.0,136.39999389648438,11708974.0
2023-08-21,136.89999389648438,146.6999969482422,136.6999969482422,141.14999389648438,7011633.0
2023-08-22,141.8000030517578,144.6999969482422,137.0,139.85000610351562,3882263.0
2023-08-23,140.10000610351562,152.75,139.89999389648438,148.25,7176854.0
2023-08-24,149.5,159.9499969482422,147.4499969482422,158.10000610351562,5480901.0
2023-08-25,157.0,162.8000030517578,148.1999969482422,158.25,4305606.0
2023-08-28,158.9499969482422,160.8000030517578,155.0,157.8000030517578,1918979.0
2023-08-29,158.0,159.64999389648438,145.1999969482422,147.5500030517578,2322225.0
2023-08-30,150.0,155.9499969482422,146.25,151.10000610351562,2494751.0
2023-08-31,151.60000610351562,158.0,148.10000610351562,151.1999969482422,2213108.0
2023-09-01,151.1999969482422,154.6999969482422,149.0,150.14999389648438,1028624.0
2023-09-04,151.3000030517578,155.0,148.25,150.6999969482422,1449399.0
2023-09-05,150.0,151.8000030517578,141.60000610351562,145.60000610351562,2010027.0
2023-09-06,146.60000610351562,153.89999389648438,146.60000610351562,150.6999969482422,2738767.0
2023-09-07,151.85000610351562,165.75,149.25,160.89999389648438,9272328.0
2023-09-08,162.85000610351562,165.0,156.0,159.75,3108793.0
2023-09-11,160.25,166.0,158.25,160.6999969482422,2912328.0
2023-09-12,160.75,162.10000610351562,144.64999389648438,144.89999389648438,2910226.0
2023-09-13,144.89999389648438,152.35000610351562,140.0500030517578,149.9499969482422,1897517.0
2023-09-14,153.0,164.0,151.60000610351562,161.89999389648438,3441162.0
2023-09-15,163.10000610351562,164.1999969482422,157.5,163.3000030517578,2085570.0
2023-09-18,165.0,174.39999389648438,164.3000030517578,171.89999389648438,5485977.0
2023-09-20,171.4499969482422,179.64999389648438,168.0,172.75,2958746.0
2023-09-21,173.0,178.0,160.6999969482422,162.3000030517578,2404321.0
2023-09-22,163.14999389648438,166.6999969482422,157.0,160.75,1618639.0
2023-09-25,161.9499969482422,166.89999389648438,159.5500030517578,164.85000610351562,1211386.0
2023-09-26,166.0,169.1999969482422,162.60000610351562,164.85000610351562,947280.0
2023-09-27,164.10000610351562,169.64999389648438,156.5500030517578,165.89999389648438,1892975.0
2023-09-28,167.0,174.0,164.0500030517578,165.9499969482422,2033192.0
2023-09-29,167.0,169.25,161.25,162.3000030517578,1110162.0
2023-10-03,160.10000610351562,166.10000610351562,160.0,163.0,878656.0
2023-10-04,161.89999389648438,164.6999969482422,157.3000030517578,163.10000610351562,1090070.0
2023-10-05,164.39999389648438,166.5,159.3000030517578,165.14999389648438,889054.0
2023-10-06,166.39999389648438,169.0,164.25,167.8000030517578,907512.0
2023-10-09,165.0,165.0,158.39999389648438,159.3000030517578,742259.0
2023-10-10,161.0,171.0,160.1999969482422,170.25,2173501.0
2023-10-11,169.9499969482422,176.0,169.89999389648438,172.0,1592272.0
2023-10-12,173.39999389648438,181.9499969482422,172.35000610351562,176.9499969482422,2838742.0
2023-10-13,175.0,180.0,171.4499969482422,172.9499969482422,988137.0
2023-10-16,174.0,175.5,167.64999389648438,170.35000610351562,747246.0
2023-10-17,171.6999969482422,172.9499969482422,168.0500030517578,169.5,742590.0
2023-10-18,169.0,169.5,162.6999969482422,164.64999389648438,721920.0
2023-10-19,165.0,166.6999969482422,160.1999969482422,163.3000030517578,755668.0
2023-10-20,164.0,166.0,156.89999389648438,158.8000030517578,817346.0
2023-10-23,158.0500030517578,159.6999969482422,142.9499969482422,143.60000610351562,2063250.0
2023-10-25,146.5,149.5,135.5500030517578,141.35000610351562,1708405.0
2023-10-26,140.0,151.0500030517578,136.5500030517578,148.8000030517578,2013945.0
2023-10-27,150.8000030517578,163.64999389648438,147.5,162.64999389648438,4697192.0
2023-10-30,163.75,172.0,163.75,167.5,3288558.0
2023-10-31,167.10000610351562,173.8000030517578,164.64999389648438,171.0,1717632.0
2023-11-01,170.0,175.89999389648438,169.25,173.9499969482422,2303018.0
2023-11-02,175.0,177.89999389648438,171.10000610351562,176.4499969482422,1855044.0
2023-11-03,177.10000610351562,180.10000610351562,175.10000610351562,177.1999969482422,1622882.0
2023-11-06,180.0,182.5,175.85000610351562,180.75,2337558.0
2023-11-07,182.3000030517578,193.0,180.0,183.6499938964844,5341264.0
2023-11-08,185.6499938964844,191.4499969482422,183.8000030517578,185.3500061035156,1611235.0
2023-11-09,185.25,187.6999969482422,177.8000030517578,179.5,863394.0
2023-11-10,179.5,192.6999969482422,177.5500030517578,187.0,2693312.0
2023-11-13,193.1999969482422,193.25,187.8000030517578,189.3500061035156,1200247.0
2023-11-15,193.6999969482422,201.8999938964844,186.4499969482422,198.5500030517578,5598359.0
2023-11-16,199.8999938964844,207.25,196.75,199.75,14881772.0
2023-11-17,204.0500030517578,214.5,200.0500030517578,212.5500030517578,14338847.0
2023-11-20,213.9499969482422,215.3500061035156,207.8000030517578,211.8999938964844,2794295.0
2023-11-21,212.5500030517578,222.5,212.3999938964844,217.3999938964844,5574106.0
2023-11-22,218.3999938964844,220.6999969482422,214.3500061035156,216.3500061035156,9067080.0
2023-11-23,217.8500061035156,219.9499969482422,212.6999969482422,214.3500061035156,1502404.0
2023-11-24,216.1999969482422,216.1999969482422,201.4499969482422,204.3999938964844,2548303.0
2023-11-28,205.8999938964844,211.3999938964844,204.1000061035156,206.5500030517578,3307779.0
2023-11-29,212.0500030517578,214.6499938964844,208.1000061035156,212.1999969482422,2778694.0
2023-11-30,212.0500030517578,212.8000030517578,206.3000030517578,208.9499969482422,1154334.0
2023-12-01,209.9499969482422,210.4499969482422,201.0,203.0500030517578,1300072.0
2023-12-04,207.0,210.3999938964844,205.0,206.8999938964844,1306249.0
2023-12-05,207.1000061035156,209.6999969482422,198.0,203.3000030517578,1915512.0
2023-12-06,203.0,213.6999969482422,200.6000061035156,211.5500030517578,2892860.0
2023-12-07,211.8999938964844,216.3500061035156,207.6499938964844,209.75,1890683.0
2023-12-08,210.1999969482422,218.8999938964844,205.25,207.5,2252198.0
2023-12-11,208.8999938964844,211.3500061035156,205.1999969482422,207.6999969482422,2231601.0
2023-12-12,208.8000030517578,209.1000061035156,193.25,196.8999938964844,3881569.0
2023-12-13,196.0,204.0,193.5500030517578,199.8999938964844,1594210.0
2023-12-14,202.6999969482422,206.6999969482422,199.9499969482422,200.75,1767446.0
2023-12-15,202.0,203.3000030517578,196.5,201.5,1340157.0
2023-12-18,201.5,208.8000030517578,199.4499969482422,203.8500061035156,2104437.0
2023-12-19,206.0,206.0500030517578,198.25,200.1499938964844,1094712.0
2023-12-20,197.5500030517578,201.4499969482422,180.25,184.1000061035156,2191094.0
2023-12-21,182.0,191.1499938964844,180.0500030517578,189.1999969482422,1214572.0
2023-12-22,191.3000030517578,194.8000030517578,188.6999969482422,191.8500061035156,1130843.0
2023-12-26,193.8000030517578,195.8999938964844,185.5,187.5500030517578,998657.0
2023-12-27,189.0500030517578,191.3000030517578,182.25,183.3000030517578,1165700.0
2023-12-28,184.25,185.9499969482422,177.10000610351562,179.64999389648438,3370192.0
2023-12-29,179.0,188.5,177.5500030517578,185.6000061035156,2171178.0
2024-01-01,185.8999938964844,189.6000061035156,182.6499938964844,186.1000061035156,1092731.0
2024-01-02,187.1499938964844,189.6999969482422,181.9499969482422,185.6999969482422,1245544.0
2024-01-03,185.1000061035156,187.3999938964844,178.0500030517578,179.0,1363761.0
2024-01-04,180.5500030517578,188.8500061035156,179.35000610351562,185.9499969482422,2309107.0
2024-01-05,187.0,198.3000030517578,186.9499969482422,196.5500030517578,4831277.0
2024-01-08,198.4499969482422,204.8999938964844,194.5500030517578,196.4499969482422,3618911.0
2024-01-09,199.5,205.3500061035156,197.1999969482422,200.25,4128111.0
2024-01-10,201.1000061035156,204.0,195.25,200.1999969482422,2432407.0
2024-01-11,201.0500030517578,204.5,198.1000061035156,202.4499969482422,2174477.0
2024-01-12,204.5,222.6499938964844,202.0,222.6499938964844,10368431.0
2024-01-15,242.0,244.8999938964844,231.0,244.8999938964844,13408941.0
2024-01-16,245.0,250.3999938964844,226.4499969482422,233.4499969482422,9279031.0
2024-01-17,233.0,240.75,221.1499938964844,226.8000030517578,6217153.0
2024-01-18,228.0,240.9499969482422,223.6000061035156,237.9499969482422,5449687.0
2024-01-19,242.0,251.5500030517578,237.0,247.6000061035156,5505748.0
2024-01-23,254.0,258.0,231.6999969482422,239.1000061035156,3879850.0
2024-01-24,235.0,251.6999969482422,229.1999969482422,248.8999938964844,2855421.0
2024-01-25,249.0,256.79998779296875,246.25,249.3999938964844,2476777.0
2024-01-29,251.1000061035156,255.1999969482422,241.1000061035156,244.3000030517578,1732715.0
2024-01-30,246.6999969482422,252.8000030517578,240.5500030517578,242.6999969482422,1983205.0
2024-01-31,243.0500030517578,254.0,243.0500030517578,252.5500030517578,2275360.0
2024-02-01,260.0,260.0,245.0,251.3500061035156,2698082.0
2024-02-02,254.0,270.0,251.25,264.1499938964844,5130772.0
2024-02-05,271.5,284.3999938964844,267.54998779296875,273.04998779296875,7276649.0
2024-02-06,281.5,282.0,270.6499938964844,273.79998779296875,1544629.0
2024-02-07,276.70001220703125,279.1499938964844,268.3500061035156,271.45001220703125,1516835.0
2024-02-08,272.0,277.3999938964844,264.0,267.1499938964844,1995412.0
2024-02-09,267.95001220703125,284.79998779296875,257.6499938964844,275.3999938964844,4216850.0
2024-02-12,275.3999938964844,277.8999938964844,253.3000030517578,256.79998779296875,2372766.0
2024-02-13,259.25,263.70001220703125,244.3000030517578,262.20001220703125,2441100.0
2024-02-14,253.0,269.70001220703125,253.0,267.6000061035156,1727068.0
2024-02-15,270.0,272.79998779296875,266.95001220703125,268.6000061035156,956387.0
2024-02-16,270.25,273.70001220703125,264.0,266.79998779296875,954436.0
2024-02-19,269.3999938964844,272.0,262.0,270.54998779296875,1489203.0
2024-02-20,272.0,274.79998779296875,266.70001220703125,270.3999938964844,1211003.0
2024-02-21,272.04998779296875,274.0,260.0,263.8500061035156,1947940.0
2024-02-22,264.8500061035156,274.20001220703125,262.8500061035156,270.54998779296875,1471532.0
2024-02-23,272.5,279.79998779296875,270.3500061035156,275.8500061035156,2182305.0
2024-02-26,278.5,281.0,271.54998779296875,274.0,1725493.0
2024-02-27,276.5,276.79998779296875,266.1000061035156,275.0,1758246.0
2024-02-28,275.20001220703125,277.0,261.29998779296875,265.95001220703125,2240315.0
2024-02-29,262.0,273.25,256.1000061035156,268.1499938964844,4779896.0
2024-03-01,269.75,271.0,262.04998779296875,268.25,1586022.0
2024-03-04,271.29998779296875,273.3999938964844,264.0,268.1000061035156,1799897.0
2024-03-05,266.95001220703125,273.1000061035156,261.1000061035156,272.0,4281091.0
2024-03-06,272.04998779296875,276.29998779296875,260.0,273.54998779296875,5578225.0
2024-03-07,269.8500061035156,284.8999938964844,268.1499938964844,282.70001220703125,10592115.0
2024-03-11,282.5,282.5,264.0,267.3500061035156,7330437.0
2024-03-12,266.8999938964844,268.6499938964844,242.1499938964844,250.5,6083336.0
2024-03-13,250.5,250.5,225.4499969482422,225.4499969482422,5321211.0
2024-03-14,215.6000061035156,236.8999938964844,214.0,232.8000030517578,6925680.0
2024-03-15,230.9499969482422,232.6999969482422,213.5500030517578,219.5500030517578,4576817.0
2024-03-18,220.1499938964844,226.0,212.1000061035156,215.1000061035156,2946066.0
2024-03-19,214.8999938964844,214.8999938964844,204.3500061035156,204.3500061035156,1952771.0
2024-03-20,195.0500030517578,213.8999938964844,195.0500030517578,205.8999938964844,18246771.0
2024-03-21,210.0,211.5,201.6999969482422,204.25,12453638.0
2024-03-22,205.1499938964844,210.5,196.6999969482422,198.6999969482422,13487517.0
2024-03-26,200.3999938964844,208.6000061035156,190.6000061035156,199.0500030517578,11174446.0
2024-03-27,201.1499938964844,207.0,195.75,198.5,8528692.0
2024-03-28,202.1999969482422,203.3500061035156,194.0,196.3500061035156,5199068.0
2024-04-01,200.4499969482422,206.1499938964844,199.5,206.1499938964844,4973620.0
2024-04-02,208.8999938964844,212.0,204.1000061035156,205.6999969482422,8240835.0
2024-04-03,204.75,215.5,204.1000061035156,209.1000061035156,7148002.0
2024-04-04,211.0,217.3999938964844,203.6499938964844,213.1999969482422,11117076.0
2024-04-05,215.0,231.9499969482422,211.3999938964844,229.6000061035156,18393243.0
2024-04-08,231.0,232.5,220.1000061035156,221.5500030517578,6764789.0
2024-04-09,223.3500061035156,226.6000061035156,213.1999969482422,214.8000030517578,7509126.0
2024-04-10,215.8999938964844,228.0,213.1999969482422,225.3500061035156,6751509.0
2024-04-12,223.8999938964844,228.6999969482422,219.3999938964844,220.9499969482422,4258375.0
2024-04-15,216.5,218.1000061035156,208.5,210.75,3711831.0
2024-04-16,208.9499969482422,212.3500061035156,207.5,209.25,2404649.0
2024-04-18,211.3999938964844,218.0,208.5500030517578,209.8999938964844,3482240.0
2024-04-19,206.1999969482422,208.0,202.6499938964844,206.1499938964844,3426367.0
2024-04-22,210.0,216.8000030517578,207.0500030517578,215.1499938964844,4303969.0
2024-04-23,217.6499938964844,223.8000030517578,216.1999969482422,221.5,5790073.0
2024-04-24,223.3999938964844,223.5,216.8999938964844,217.8500061035156,4220716.0
2024-04-25,218.0,226.3000030517578,217.0,221.3500061035156,6755522.0
2024-04-26,222.6000061035156,235.6499938964844,220.8999938964844,231.8000030517578,10799203.0
2024-04-29,235.0,235.9499969482422,225.1499938964844,234.5,8951152.0
2024-04-30,234.8999938964844,242.4499969482422,230.1999969482422,235.8999938964844,8510700.0
2024-05-02,237.5,239.0,233.0,234.3999938964844,3540774.0
2024-05-03,235.8500061035156,238.6999969482422,223.9499969482422,228.6499938964844,4295325.0
2024-05-06,229.3999938964844,230.1999969482422,213.6499938964844,214.25,4522382.0
2024-05-07,214.25,218.75,204.1000061035156,204.8000030517578,5236458.0
2024-05-08,204.75,209.3000030517578,200.8999938964844,204.3500061035156,3568068.0
2024-05-09,205.3999938964844,206.8500061035156,191.0,193.0,3849678.0
2024-05-10,195.0,209.3000030517578,193.3000030517578,207.5,5592136.0
2024-05-13,205.8999938964844,205.8999938964844,198.0,199.9499969482422,2803892.0
2024-05-14,201.1999969482422,211.1499938964844,201.1999969482422,209.1499938964844,3161431.0
2024-05-15,210.0,215.0,208.4499969482422,210.3000030517578,3121796.0
2024-05-16,212.0,213.8999938964844,207.5,210.3500061035156,1574962.0
2024-05-17,211.3999938964844,214.6999969482422,209.1000061035156,210.3000030517578,1610495.0
2024-05-21,208.9499969482422,220.75,206.5500030517578,215.1999969482422,5925006.0
2024-05-22,216.3999938964844,216.5,210.0,213.1000061035156,2797359.0
2024-05-23,214.3000030517578,216.5500030517578,209.3999938964844,210.75,2433914.0
2024-05-24,210.0,212.6999969482422,204.3999938964844,205.6499938964844,2534933.0
2024-05-27,206.1499938964844,209.1499938964844,199.5500030517578,203.25,2269187.0
2024-05-28,203.25,205.0,197.0,198.0500030517578,1702598.0
2024-05-29,196.9499969482422,201.3999938964844,196.0,199.6499938964844,1740106.0
2024-05-30,197.0,197.8999938964844,186.4499969482422,188.1000061035156,3156920.0
2024-05-31,190.6999969482422,205.0,181.5,203.4499969482422,6338421.0
2024-06-03,213.8999938964844,214.0,199.25,203.9499969482422,4856635.0
2024-06-04,200.0,200.0,163.1999969482422,164.3000030517578,9475030.0
2024-06-05,164.0,180.0,156.8000030517578,177.35000610351562,5347017.0
2024-06-06,179.10000610351562,198.9499969482422,179.10000610351562,191.25,4579093.0
2024-06-07,198.9499969482422,201.0,195.4499969482422,197.5500030517578,3962058.0
2024-06-10,198.0500030517578,199.08999633789065,191.8500061035156,192.9900054931641,2769747.0
2024-06-11,195.0,200.75,190.3600006103516,198.8300018310547,3071637.0
2024-06-12,199.0500030517578,206.5500030517578,197.42999267578125,205.2899932861328,4342092.0
2024-06-13,207.0,207.2899932861328,200.6000061035156,201.69000244140625,1701350.0
2024-06-14,202.25,206.8999938964844,201.6999969482422,202.3000030517578,2506782.0
2024-06-18,203.1999969482422,204.8699951171875,197.13999938964844,198.27999877929688,2591213.0
2024-06-19,199.8500061035156,199.8500061035156,191.6499938964844,192.5500030517578,2591869.0
2024-06-20,193.8999938964844,205.8000030517578,192.5,198.1600036621093,5129345.0
2024-06-21,200.1999969482422,204.1000061035156,196.6000061035156,200.8099975585937,2367961.0
2024-06-24,200.0,200.0399932861328,195.0,196.0399932861328,2163110.0
2024-06-25,196.5,198.6999969482422,193.0,193.19000244140625,1746309.0
2024-06-26,193.8000030517578,197.67999267578125,191.3000030517578,192.3999938964844,3521326.0
2024-06-27,193.009994506836,193.8999938964844,184.9900054931641,187.9100036621093,2478349.0
2024-06-28,188.5,194.0,185.1499938964844,186.0500030517578,2614719.0
2024-07-01,187.4499969482422,206.47000122070312,185.3999938964844,203.1300048828125,8334947.0
2024-07-02,203.0,207.4499969482422,198.75,200.47000122070312,4476212.0
2024-07-03,201.5399932861328,209.6999969482422,200.6000061035156,204.0200042724609,4785330.0
2024-07-04,205.5,207.42999267578125,200.009994506836,200.97999572753903,2215688.0
2024-07-05,200.7899932861328,225.0,199.8800048828125,219.19000244140625,17008906.0
2024-07-08,222.0,228.9499969482422,215.4100036621093,225.8300018310547,9394752.0
2024-07-09,224.4100036621093,225.27999877929688,217.0500030517578,218.2899932861328,4005188.0
2024-07-10,218.8999938964844,220.5,202.6000061035156,205.5399932861328,6776868.0
2024-07-11,206.9499969482422,213.8999938964844,205.3000030517578,212.4100036621093,3793967.0
2024-07-12,213.8999938964844,218.5,205.8099975585937,207.77999877929688,3764777.0
2024-07-15,209.8000030517578,212.7700042724609,206.1000061035156,207.13999938964844,2426178.0
2024-07-16,207.4900054931641,210.3999938964844,201.97999572753903,202.759994506836,2438759.0
2024-07-18,203.0,211.6999969482422,201.9499969482422,207.07000732421875,3915439.0
2024-07-19,207.0,207.75,195.0,195.6600036621093,3608330.0
2024-07-22,194.6999969482422,198.8699951171875,191.25,192.19000244140625,2925020.0
2024-07-23,193.69000244140625,195.3999938964844,181.0,190.75,3353286.0
2024-07-24,189.9900054931641,204.8999938964844,189.0500030517578,201.8500061035156,4626831.0
2024-07-25,198.1000061035156,209.38999938964844,196.5500030517578,205.7700042724609,4489672.0
2024-07-26,206.5,209.5,203.1499938964844,204.4100036621093,3487138.0
2024-07-29,213.0,217.8000030517578,208.3500061035156,211.97999572753903,8742286.0
2024-07-30,213.8699951171875,223.8000030517578,211.0599975585937,214.8500061035156,8936147.0
2024-07-31,216.4900054931641,217.7899932861328,209.97999572753903,210.7899932861328,2601097.0
2024-08-01,211.19000244140625,212.3000030517578,205.0,207.38999938964844,3335276.0
2024-08-02,202.5,218.5,200.259994506836,213.69000244140625,6808804.0
2024-08-05,204.6000061035156,208.32000732421875,196.82000732421875,199.3999938964844,5675791.0
2024-08-06,202.9900054931641,208.3000030517578,196.0,197.02999877929688,3495224.0
2024-08-07,205.5,208.0,198.7400054931641,206.8999938964844,3621823.0
2024-08-08,208.0,209.8999938964844,200.5,201.259994506836,2540668.0
2024-08-09,205.0,206.3300018310547,201.8000030517578,203.1699981689453,1793656.0
2024-08-12,200.1499938964844,203.7899932861328,198.2899932861328,202.3500061035156,1989923.0
2024-08-13,204.25,208.0,200.1499938964844,201.8999938964844,3889863.0
2024-08-14,203.5,203.94000244140625,190.9100036621093,192.5500030517578,2643106.0
2024-08-16,198.0,200.0,194.5,198.6000061035156,1922059.0
2024-08-19,199.8000030517578,202.9900054931641,197.5,200.0,2055080.0
2024-08-20,199.97000122070312,205.3000030517578,198.4499969482422,200.3999938964844,2176485.0
2024-08-21,200.8000030517578,212.0,200.1999969482422,206.22999572753903,4741267.0
2024-08-22,205.88999938964844,210.6999969482422,204.3999938964844,207.2100067138672,2779768.0
2024-08-23,209.25,209.3000030517578,202.8999938964844,207.38999938964844,2991154.0
2024-08-26,207.0500030517578,208.8300018310547,203.009994506836,203.83999633789065,1523155.0
2024-08-27,204.1499938964844,205.0,200.509994506836,201.1600036621093,1960857.0
2024-08-28,201.1600036621093,203.6999969482422,197.1199951171875,198.83999633789065,1901103.0
2024-08-29,200.009994506836,200.2700042724609,192.5500030517578,193.69000244140625,1879127.0
2024-08-30,195.4499969482422,199.8500061035156,194.82000732421875,196.72000122070312,1807343.0
2024-09-02,196.72000122070312,197.3300018310547,192.7100067138672,193.1600036621093,1187645.0
2024-09-03,193.88999938964844,195.9900054931641,192.25,193.0599975585937,1058319.0
2024-09-04,191.1000061035156,194.83999633789065,190.9199981689453,191.75,1197242.0
2024-09-05,192.5,195.0,192.0,192.33999633789065,1396170.0
2024-09-06,192.3999938964844,193.4900054931641,186.259994506836,187.3699951171875,1607255.0
2024-09-09,187.8500061035156,193.009994506836,183.6199951171875,190.44000244140625,1449466.0
2024-09-10,192.0,199.83999633789065,191.5,199.1199951171875,3195346.0
2024-09-11,199.5,199.5,191.8999938964844,192.7700042724609,1417649.0
2024-09-12,193.0,194.4199981689453,188.9499969482422,192.509994506836,1096893.0
2024-09-13,193.5,194.1499938964844,190.4499969482422,192.33999633789065,1239858.0
2024-09-16,193.5,195.0,188.0,188.6499938964844,1127795.0
2024-09-17,189.02999877929688,191.3099975585937,186.0,189.7100067138672,1980558.0
2024-09-18,190.0,191.0,185.0,186.22999572753903,1967365.0
2024-09-19,188.1999969482422,189.4900054931641,178.60000610351562,185.67999267578125,2767369.0
2024-09-20,185.67999267578125,197.0,183.1999969482422,195.4199981689453,4832514.0
2024-09-23,196.75,201.8999938964844,194.5500030517578,197.8099975585937,2654998.0
2024-09-24,198.42999267578125,199.8999938964844,193.9499969482422,195.0500030517578,1304463.0
2024-09-25,194.0399932861328,194.3999938964844,188.6000061035156,189.72000122070312,1527746.0
2024-09-26,190.0,194.8999938964844,187.8000030517578,188.6999969482422,1704959.0
2024-09-27,190.5,195.0,188.6999969482422,193.9600067138672,2626998.0
2024-09-30,187.0,192.5,187.0,190.1199951171875,1262164.0
2024-10-01,191.0500030517578,194.0,187.5,188.1699981689453,1671986.0
2024-10-03,187.1000061035156,187.5,182.009994506836,182.509994506836,1453928.0
2024-10-04,182.25,187.25,180.1999969482422,183.25,1241278.0
2024-10-07,183.4499969482422,184.77999877929688,166.0,170.49000549316406,3319597.0
2024-10-08,171.6999969482422,173.5,168.9499969482422,170.82000732421875,2637208.0
2024-10-09,173.25,176.99000549316406,173.25,174.77999877929688,1886936.0
2024-10-10,175.75,196.8000030517578,175.4499969482422,192.08999633789065,9640096.0
2024-10-11,192.5,205.8999938964844,190.1000061035156,202.22999572753903,11988022.0
2024-10-14,202.22999572753903,204.1000061035156,192.3999938964844,194.0599975585937,4259885.0
2024-10-15,193.9900054931641,196.0,190.1000061035156,190.8699951171875,1694734.0
2024-10-16,190.1100006103516,191.7400054931641,185.4100036621093,186.5500030517578,2083708.0
2024-10-17,187.3000030517578,187.8000030517578,178.0,178.4199981689453,2461552.0
2024-10-18,178.00999450683594,179.1699981689453,172.9199981689453,177.7100067138672,2059053.0
2024-10-21,179.25999450683594,180.6499938964844,172.0,172.52000427246094,1458320.0
2024-10-22,171.10000610351562,172.5,162.9499969482422,164.0800018310547,1838188.0
2024-10-23,163.0,174.0,161.00999450683594,170.39999389648438,2350815.0
2024-10-24,170.88999938964844,171.7899932861328,165.35000610351562,167.2899932861328,1452284.0
2024-10-25,167.2899932861328,168.0,156.8000030517578,158.3800048828125,2086871.0
2024-10-28,161.35000610351562,161.5399932861328,156.1199951171875,158.4600067138672,2400449.0
2024-10-29,159.0,163.38999938964844,157.25,160.52000427246094,1221466.0
2024-10-30,159.3000030517578,170.89999389648438,159.3000030517578,163.11000061035156,2394410.0
2024-10-31,162.91000366210938,165.6999969482422,162.30999755859375,164.00999450683594,1036793.0
2024-11-01,164.89999389648438,166.52999877929688,164.88999938964844,165.89999389648438,441416.0
2024-11-04,165.89999389648438,166.0500030517578,160.0,161.47000122070312,1169027.0
2024-11-05,161.14999389648438,164.5,160.25,163.74000549316406,1168281.0
2024-11-06,162.60000610351562,179.39999389648438,162.60000610351562,176.3000030517578,4621556.0
2024-11-07,176.2100067138672,176.77000427246094,172.0,172.5800018310547,1646585.0
2024-11-08,171.24000549316406,172.17999267578125,165.10000610351562,165.8300018310547,999273.0
2024-11-11,164.52000427246094,168.63999938964844,162.0,164.1999969482422,1528530.0
2024-11-12,164.16000366210938,166.8000030517578,160.5,161.8300018310547,773430.0
2024-11-13,161.39999389648438,161.39999389648438,150.91000366210938,152.41000366210938,1711553.0
2024-11-14,152.6999969482422,164.0,152.6999969482422,160.30999755859375,2568668.0
2024-11-18,158.0,160.82000732421875,152.11000061035156,154.89999389648438,1598283.0
2024-11-19,153.99000549316406,162.6999969482422,153.80999755859375,154.9199981689453,1903289.0
2024-11-21,154.9199981689453,160.75,154.25,157.36000061035156,2262209.0
2024-11-22,157.10000610351562,161.57000732421875,155.86000061035156,160.1300048828125,1568311.0
2024-11-25,168.58999633789062,168.60000610351562,159.5,164.0,2829892.0
2024-11-26,163.0,165.6999969482422,161.8000030517578,162.3800048828125,825332.0
2024-11-27,161.16000366210938,172.39999389648438,161.0,170.32000732421875,2997289.0
2024-11-28,169.91000366210938,174.1999969482422,168.25,173.49000549316406,2275833.0
2024-11-29,174.0,174.0500030517578,171.63999938964844,172.9600067138672,1140690.0
2024-12-02,172.0,173.85000610351562,170.30999755859375,172.4600067138672,788131.0
2024-12-03,172.0,179.8000030517578,172.0,178.41000366210938,2794338.0
2024-12-04,179.10000610351562,184.5,177.89999389648438,183.6000061035156,3092760.0
2024-12-05,183.63999938964844,187.1999969482422,178.60000610351562,181.3600006103516,2990353.0
2024-12-06,182.1999969482422,183.0,177.10000610351562,177.86000061035156,2516406.0
2024-12-09,177.0,182.1000061035156,176.5500030517578,179.16000366210938,1750045.0
2024-12-10,177.5,180.3500061035156,174.66000366210938,178.63999938964844,1720478.0
2024-12-11,178.1999969482422,179.58999633789062,174.02000427246094,174.8000030517578,1380621.0
2024-12-12,173.75999450683594,179.8000030517578,173.4499969482422,174.9199981689453,2664342.0
2024-12-13,174.9199981689453,174.99000549316406,169.1199951171875,171.61000061035156,1221002.0
2024-12-16,170.5,182.5,170.5,178.8300018310547,3442235.0
2024-12-17,178.5,187.1999969482422,178.5,181.4900054931641,6452438.0
2024-12-18,182.0,189.0,180.10000610351562,183.3600006103516,5522717.0
2024-12-19,180.8999938964844,191.8000030517578,178.05999755859375,190.25,6318336.0
2024-12-20,192.17999267578125,193.32000732421875,180.3000030517578,181.08999633789065,5062841.0
2024-12-23,183.0,183.7899932861328,175.75,176.75999450683594,2443787.0
2024-12-24,178.0500030517578,182.0,176.60000610351562,178.50999450683594,1498552.0
2024-12-26,178.60000610351562,179.3000030517578,175.25,176.02999877929688,1295782.0
2024-12-27,176.41000366210938,178.25,173.39999389648438,174.5399932861328,1332300.0
2024-12-30,175.0,175.6999969482422,171.0,171.61000061035156,1482162.0
2024-12-31,171.25,173.9499969482422,168.08999633789062,173.02000427246094,1406056.0
2025-01-01,173.0,184.5,172.25999450683594,181.8000030517578,2151144.0
2025-01-02,181.8999938964844,185.4900054931641,180.42999267578125,181.0800018310547,1807770.0
2025-01-03,180.7100067138672,184.1499938964844,176.99000549316406,177.60000610351562,1375724.0
2025-01-06,178.0,178.14999389648438,165.0,166.16000366210938,2341849.0
2025-01-07,167.89999389648438,171.5,166.11000061035156,169.38999938964844,2744121.0
2025-01-08,170.0,172.32000732421875,165.64999389648438,167.8300018310547,1681214.0
2025-01-09,169.0,170.5,159.88999938964844,162.19000244140625,1479859.0
2025-01-10,163.5,164.64999389648438,156.2100067138672,158.3300018310547,1892224.0
2025-01-13,156.0,157.24000549316406,149.25,150.75,2367890.0
2025-01-14,151.0,157.5500030517578,150.00999450683594,156.5,1314714.0
2025-01-15,156.3800048828125,162.69000244140625,155.10000610351562,157.74000549316406,1417885.0
2025-01-16,160.25,167.0500030517578,160.17999267578125,164.6300048828125,1837965.0
2025-01-17,164.14999389648438,169.3000030517578,163.4199981689453,167.60000610351562,1232179.0
2025-01-20,166.5,183.0,166.25,177.75999450683594,4956380.0
2025-01-21,177.89999389648438,179.14999389648438,170.47000122070312,171.1300048828125,1979437.0
2025-01-22,171.60000610351562,172.10000610351562,164.5,167.5800018310547,1355621.0
2025-01-23,166.8000030517578,174.52999877929688,165.6699981689453,168.6300048828125,1132004.0
2025-01-24,168.35000610351562,170.1699981689453,163.10000610351562,164.55999755859375,786199.0
2025-01-27,164.0,164.44000244140625,153.3000030517578,154.6199951171875,2174400.0
2025-01-28,154.99000549316406,162.39999389648438,150.11000061035156,156.55999755859375,2618083.0
2025-01-29,157.5500030517578,161.9199981689453,156.89999389648438,158.60000610351562,1184776.0
2025-01-30,159.85000610351562,162.0,156.10000610351562,157.2899932861328,1092760.0
2025-01-31,157.4499969482422,159.17999267578125,155.11000061035156,156.44000244140625,1205778.0
2025-02-01,157.39999389648438,159.89999389648438,154.7899932861328,156.0800018310547,1358223.0
2025-02-03,154.10000610351562,156.24000549316406,151.57000732421875,152.3000030517578,1226822.0
2025-02-04,153.52000427246094,162.66000366210938,153.52000427246094,157.75,1769413.0
2025-02-05,158.5500030517578,161.83999633789062,158.13999938964844,159.22999572753906,1009650.0
2025-02-06,160.3000030517578,163.30999755859375,155.64999389648438,156.4499969482422,1702028.0
2025-02-07,156.8000030517578,157.38999938964844,151.69000244140625,152.6699981689453,1283440.0
2025-02-10,152.97999572753906,153.77999877929688,150.0500030517578,150.24000549316406,883297.0
2025-02-11,151.05999755859375,151.3300018310547,142.0,143.02000427246094,2877323.0
2025-02-12,143.39999389648438,143.75,131.5,137.83999633789062,2305941.0
2025-02-13,137.83999633789062,146.0,137.83999633789062,139.24000549316406,2076392.0
2025-02-14,140.5,141.0,127.5999984741211,132.22000122070312,5185434.0
2025-02-17,131.89999389648438,132.8000030517578,126.52999877929688,130.19000244140625,3314939.0
2025-02-18,131.0,131.4600067138672,121.47000122070312,125.5500030517578,2542725.0
2025-02-19,124.3000030517578,136.39999389648438,124.0,134.0,2931703.0
2025-02-20,134.0,137.10000610351562,132.0,134.3800048828125,2323966.0
2025-02-21,133.99000549316406,138.0800018310547,129.22999572753906,130.14999389648438,2016375.0
2025-02-24,130.10000610351562,130.4600067138672,126.18000030517578,128.1300048828125,2219886.0
2025-02-25,128.47999572753906,131.64999389648438,124.0,125.16999816894533,2752910.0
2025-02-27,125.3499984741211,126.73999786376952,117.58999633789062,118.6500015258789,3070429.0
2025-02-28,116.9800033569336,125.38999938964844,115.1999969482422,123.4499969482422,6831427.0
2025-03-03,123.0,126.25,115.11000061035156,119.58000183105467,3253845.0
2025-03-04,117.0500030517578,123.56999969482422,117.0500030517578,121.23999786376952,2957147.0
2025-03-05,121.98999786376952,129.0,121.9800033569336,125.77999877929688,3415820.0
2025-03-06,127.04000091552734,130.7899932861328,126.0500030517578,128.25999450683594,3187554.0
2025-03-07,128.4499969482422,135.5,128.25999450683594,133.82000732421875,4043529.0
2025-03-10,134.0,135.75,125.04000091552734,126.16999816894533,5528380.0
2025-03-11,125.61000061035156,125.9000015258789,120.4000015258789,123.1500015258789,3787815.0
2025-03-12,123.5,126.87000274658205,119.54000091552734,121.87999725341795,5186531.0
2025-03-13,122.9499969482422,123.25,117.0999984741211,117.79000091552734,3022958.0
2025-03-17,121.25,123.33999633789062,116.1500015258789,117.44000244140624,4272134.0
2025-03-18,117.44000244140624,117.44000244140624,117.44000244140624,117.44000244140624,0.0
2025-03-19,122.75,128.52999877929688,122.75,127.23999786376952,2877291.0
2025-03-20,128.24000549316406,131.36000061035156,126.5,127.0,3970973.0
2025-03-21,127.6999969482422,152.39999389648438,127.25,151.61000061035156,24093400.0
2025-03-24,153.60000610351562,157.0800018310547,149.0,151.72000122070312,7935850.0
2025-03-25,151.0500030517578,153.4199981689453,145.61000061035156,147.5800018310547,3591969.0
2025-03-26,147.05999755859375,150.67999267578125,143.02000427246094,143.7100067138672,3705822.0
2025-03-27,143.6999969482422,156.8000030517578,143.6999969482422,154.44000244140625,5791423.0
2025-03-28,155.0,157.25999450683594,150.0,150.6300048828125,3317904.0
2025-04-01,151.0,154.44000244140625,150.0,153.1199951171875,1154804.0
2025-04-02,154.77999877929688,174.8000030517578,149.69000244140625,171.16000366210938,31521094.0
2025-04-03,170.0,177.99000549316406,169.1999969482422,174.9600067138672,8030115.0
2025-04-04,173.6999969482422,174.9199981689453,166.61000061035156,169.80999755859375,3993341.0
2025-04-07,157.10000610351562,165.50999450683594,151.80999755859375,163.44000244140625,5495112.0
2025-04-08,166.97999572753906,170.38999938964844,161.10000610351562,168.32000732421875,2458455.0
2025-04-09,167.0,167.63999938964844,160.4199981689453,164.44000244140625,1604620.0
2025-04-11,168.8000030517578,177.4499969482422,166.22000122070312,174.47999572753906,3701403.0
2025-04-15,179.5500030517578,198.5,176.3300018310547,192.22000122070312,9406483.0
2025-04-16,192.0,198.0,188.3600006103516,192.3000030517578,3703123.0
2025-04-17,191.8000030517578,195.69000244140625,189.009994506836,190.009994506836,2035485.0
2025-04-21,190.0500030517578,196.0,182.4499969482422,186.0399932861328,3788658.0
2025-04-22,186.9499969482422,193.8000030517578,185.1000061035156,186.17999267578125,1497694.0
2025-04-23,187.5,189.38999938964844,182.009994506836,186.3699951171875,1333911.0
2025-04-24,186.8000030517578,194.19000244140625,183.2100067138672,190.1600036621093,2987012.0
2025-04-25,190.0200042724609,192.17999267578125,175.10000610351562,177.35000610351562,3154296.0
2025-04-28,178.64999389648438,180.1999969482422,174.00999450683594,177.3300018310547,1212580.0
2025-04-29,178.0,184.7899932861328,175.10000610351562,176.02000427246094,1553473.0
2025-04-30,175.91000366210938,181.3999938964844,172.64999389648438,174.13999938964844,1616296.0
2025-05-02,175.0,177.69000244140625,172.10000610351562,175.0,800797.0
2025-05-05,176.0,178.0,172.39999389648438,175.92999267578125,1175215.0
2025-05-06,177.0,177.58999633789062,167.0,167.9499969482422,1633975.0
2025-05-07,163.5,173.99000549316406,163.5,172.1199951171875,1032699.0
2025-05-08,172.75,177.52000427246094,165.0,168.17999267578125,1352819.0
2025-05-09,160.5,167.2899932861328,160.5,166.07000732421875,1184915.0
2025-05-12,178.39999389648438,178.39999389648438,174.2100067138672,175.80999755859375,1418834.0
2025-05-13,176.0,180.9900054931641,175.39999389648438,177.8699951171875,1501756.0
2025-05-14,183.75,185.1999969482422,180.5399932861328,183.8300018310547,2121620.0
2025-05-15,185.75,191.0,184.25,187.3999938964844,2984594.0
2025-05-16,189.1000061035156,192.6999969482422,186.0,191.0500030517578,2127873.0
2025-05-19,191.0500030517578,191.0500030517578,185.0,185.92999267578125,1345539.0
2025-05-20,186.9900054931641,196.7700042724609,182.7700042724609,188.47999572753903,5138800.0
2025-05-21,189.0,192.75,186.1499938964844,191.97000122070312,2029967.0
2025-05-22,192.8999938964844,192.8999938964844,187.3999938964844,188.5,1232009.0
2025-05-23,189.8000030517578,194.3000030517578,186.5200042724609,189.33999633789065,2613310.0
2025-05-26,190.7899932861328,197.8000030517578,187.259994506836,188.8800048828125,7738987.0
2025-05-27,189.58999633789065,191.8999938964844,186.63999938964844,189.47000122070312,1611698.0
2025-05-28,190.0,192.4199981689453,188.88999938964844,191.0,1760730.0
2025-05-29,191.5,191.8999938964844,189.1000061035156,189.9100036621093,1106390.0
2025-05-30,191.9499969482422,198.8999938964844,190.7100067138672,192.6199951171875,6405510.0
2025-06-02,192.0,206.8999938964844,188.5500030517578,203.1499938964844,10241859.0
2025-06-03,204.6000061035156,209.8999938964844,201.57000732421875,205.7400054931641,6402659.0
2025-06-04,205.8000030517578,211.0,201.1600036621093,209.5800018310547,4566667.0
2025-06-05,211.0,217.8999938964844,210.6000061035156,215.1199951171875,8679105.0
2025-06-06,217.0,222.3999938964844,213.0200042724609,218.8800048828125,9215011.0
2025-06-09,221.0,222.38999938964844,213.0,217.52999877929688,4549078.0
2025-06-10,218.0,226.25,213.0,225.3000030517578,6806286.0
2025-06-11,226.6999969482422,235.8000030517578,223.4900054931641,227.6000061035156,9054301.0
2025-06-12,227.009994506836,232.1999969482422,221.0,224.0500030517578,4523956.0
2025-06-13,218.009994506836,244.8999938964844,217.1100006103516,239.92999267578125,21432767.0
2025-06-16,241.0,242.88999938964844,228.1499938964844,232.6100006103516,6029715.0
2025-06-17,233.6000061035156,234.6999969482422,221.0500030517578,223.58999633789065,5446512.0
2025-06-18,223.5,227.8500061035156,217.3500061035156,221.42999267578125,4569097.0
2025-06-19,222.0,224.6300048828125,211.0,212.02999877929688,3658840.0
2025-06-20,211.94000244140625,217.38999938964844,204.6000061035156,206.1699981689453,7879491.0
2025-06-23,204.9499969482422,218.3999938964844,204.9499969482422,215.77999877929688,6101367.0
2025-06-24,219.0,222.25,213.13999938964844,216.32000732421875,4094456.0
2025-06-25,217.8000030517578,230.0,217.2700042724609,226.63999938964844,6501546.0
2025-06-26,228.69000244140625,235.0,222.6499938964844,232.6699981689453,6465701.0
2025-06-27,233.4499969482422,235.3999938964844,227.009994506836,227.8500061035156,3052323.0
2025-06-30,236.6999969482422,236.6999969482422,229.3300018310547,234.47999572753903,5207020.0
2025-07-01,234.77999877929688,236.3999938964844,226.0,229.6600036621093,3264952.0
2025-07-02,230.0,233.3999938964844,225.0,225.83999633789065,3368861.0
2025-07-03,226.0,231.0,222.47000122070312,229.25,2967152.0
2025-07-04,231.0,234.4499969482422,227.5,230.5399932861328,3323202.0
2025-07-07,230.5399932861328,240.8999938964844,230.1000061035156,235.3800048828125,6554869.0
2025-07-08,236.42999267578125,248.0,233.4600067138672,246.6499938964844,9481367.0
2025-07-09,251.0,252.6699981689453,237.1000061035156,238.5599975585937,9204394.0
2025-07-10,240.1199951171875,245.1199951171875,239.5,242.3300018310547,3771202.0
2025-07-11,243.38999938964844,246.8999938964844,238.5,241.2899932861328,3301622.0
2025-07-14,241.5,249.8000030517578,235.9499969482422,248.3500061035156,5212617.0
2025-07-15,245.5,248.6499938964844,238.57000732421875,240.3600006103516,4816084.0
2025-07-16,240.0,244.19000244140625,238.1000061035156,240.22999572753903,2692800.0
2025-07-17,240.6499938964844,242.3500061035156,232.009994506836,235.2700042724609,3294459.0
2025-07-18,204.0,209.3999938964844,193.8000030517578,199.47000122070312,3033709.0
2025-07-21,200.0,200.0,192.0,194.2700042724609,1150371.0
2025-07-22,201.9600067138672,201.9600067138672,195.0,195.9199981689453,1471685.0
2025-07-23,198.63999938964844,198.63999938964844,193.0,193.8000030517578,320900.0
2025-07-24,196.0,196.0,185.6000061035156,188.6699981689453,717213.0
2025-07-25,189.0,191.4499969482422,184.0,184.6499938964844,685433.0
2025-07-28,185.8999938964844,187.5,176.89999389648438,178.11000061035156,545544.0
2025-07-29,186.8999938964844,187.009994506836,178.0,185.27999877929688,714369.0
2025-07-30,185.27999877929688,189.8999938964844,184.0,184.3699951171875,404445.0
2025-07-31,180.6000061035156,187.0,180.6000061035156,185.3000030517578,1106512.0
2025-08-01,187.0,188.2899932861328,178.7899932861328,180.3999938964844,779538.0
2025-08-04,182.0,182.9900054931641,177.25999450683594,180.47999572753903,838969.0
2025-08-05,180.5500030517578,186.009994506836,180.47999572753903,182.57000732421875,551104.0
2025-08-06,182.6000061035156,182.9100036621093,173.10000610351562,178.10000610351562,862781.0
2025-08-07,175.91000366210938,182.75,172.41000366210938,181.3999938964844,881941.0
2025-08-08,182.0,182.0,175.0500030517578,177.7100067138672,362276.0
2025-08-11,176.60000610351562,178.0800018310547,171.72000122070312,177.4600067138672,894754.0
2025-08-12,177.97999572753906,187.3999938964844,176.4600067138672,185.58999633789065,1159998.0
2025-08-13,185.0,187.0500030517578,176.32000732421875,177.2100067138672,1367329.0
2025-08-14,177.2100067138672,184.1999969482422,177.1999969482422,180.9100036621093,832244.0
2025-08-18,185.0,185.0,180.6100006103516,183.1300048828125,756880.0
2025-08-19,183.3000030517578,183.5,179.0,179.80999755859375,725175.0
2025-08-20,180.5,182.07000732421875,174.99000549316406,176.60000610351562,697054.0
2025-08-21,178.0,183.8999938964844,178.0,179.36000061035156,1454963.0
2025-08-22,180.0,181.1499938964844,174.60000610351562,176.2100067138672,531177.0
2025-08-25,176.5,177.36000061035156,173.8800048828125,174.6199951171875,485196.0
2025-08-26,174.75,174.75999450683594,168.11000061035156,169.3000030517578,684815.0
2025-08-28,167.52000427246094,173.89999389648438,167.52000427246094,170.10000610351562,784913.0
2025-08-29,170.6300048828125,172.41000366210938,165.63999938964844,168.94000244140625,861332.0
2025-09-01,169.10000610351562,172.25999450683594,167.75,170.1999969482422,490582.0
2025-09-02,172.8000030517578,175.52999877929688,168.99000549316406,170.30999755859375,1082278.0
2025-09-03,171.13999938964844,184.8000030517578,170.35000610351562,180.1600036621093,3318889.0
2025-09-04,180.8500061035156,181.4499969482422,174.1999969482422,175.50999450683594,997824.0
2025-09-05,175.50999450683594,175.8000030517578,171.0,173.02999877929688,751574.0
2025-09-08,172.8000030517578,175.8000030517578,172.3800048828125,174.2100067138672,430260.0
2025-09-09,174.6999969482422,174.6999969482422,170.39999389648438,173.1199951171875,674920.0
2025-09-10,175.0,176.9499969482422,172.1999969482422,173.00999450683594,485880.0
2025-09-11,173.99000549316406,176.0,170.00999450683594,171.25,633446.0
2025-09-12,171.6999969482422,173.5500030517578,168.00999450683594,168.9600067138672,781673.0
2025-09-15,168.9600067138672,172.89999389648438,167.1699981689453,167.8800048828125,1013418.0
2025-09-16,168.47999572753906,169.8000030517578,166.66000366210938,167.57000732421875,514273.0
2025-09-17,168.0,174.35000610351562,167.6999969482422,169.66000366210938,1106749.0
2025-09-18,171.35000610351562,171.6999969482422,167.0,167.4499969482422,635495.0
2025-09-19,168.64999389648438,176.5,167.11000061035156,175.3699951171875,2613867.0
2025-09-22,175.77999877929688,183.8999938964844,172.6999969482422,179.74000549316406,3745940.0
2025-09-23,180.5,180.8500061035156,176.50999450683594,177.44000244140625,804732.0
2025-09-24,178.0399932861328,178.0399932861328,171.0,171.77000427246094,734229.0
2025-09-25,171.6300048828125,172.6199951171875,167.50999450683594,168.55999755859375,923765.0
2025-09-26,168.32000732421875,171.67999267578125,164.00999450683594,165.24000549316406,1022970.0
2025-09-29,165.99000549316406,168.9600067138672,161.0,161.7899932861328,874578.0
2025-09-30,162.72999572753906,165.24000549316406,157.10000610351562,161.74000549316406,745648.0
2025-10-01,161.74000549316406,164.39999389648438,161.0,163.2100067138672,841678.0
2025-10-03,164.0,164.60000610351562,159.85000610351562,161.91000366210938,824681.0
2025-10-06,162.60000610351562,163.39999389648438,160.00999450683594,162.33999633789062,615283.0
2025-10-07,163.5,163.5,158.10000610351562,159.52999877929688,759314.0
2025-10-08,159.99000549316406,160.5800018310547,152.0,153.91000366210938,1651022.0
2025-10-09,155.0,157.14999389648438,153.50999450683594,154.3000030517578,774344.0
2025-10-10,154.8800048828125,160.89999389648438,154.00999450683594,160.17999267578125,1340194.0
2025-10-13,158.85000610351562,159.10000610351562,154.6699981689453,155.27000427246094,664400.0
2025-10-14,155.60000610351562,161.1999969482422,151.74000549316406,153.8800048828125,1029672.0
2025-10-15,153.85000610351562,156.32000732421875,152.8000030517578,154.55999755859375,902393.0
2025-10-16,155.5800018310547,157.10000610351562,154.0,154.83999633789062,476789.0
2025-10-17,155.88999938964844,155.88999938964844,151.0500030517578,151.8800048828125,674518.0
2025-10-20,153.44000244140625,153.5,150.24000549316406,152.1699981689453,711442.0
2025-10-21,153.35000610351562,153.3800048828125,151.89999389648438,152.33999633789062,122815.0
2025-10-23,153.5,155.25999450683594,151.10000610351562,151.8800048828125,910519.0
2025-10-24,151.8800048828125,152.88999938964844,149.6999969482422,150.25,627758.0
2025-10-27,150.66000366210938,158.0,150.44000244140625,156.88999938964844,1873973.0
2025-10-28,157.99000549316406,158.0,150.02999877929688,151.83999633789062,1375655.0
2025-10-29,152.8000030517578,152.80999755859375,151.0,151.7899932861328,487628.0
2025-10-30,151.5,152.35000610351562,149.72000122070312,150.77999877929688,438829.0
2025-10-31,151.58999633789062,152.0,148.00999450683594,148.8800048828125,578889.0
2025-11-03,149.47000122070312,153.02000427246094,147.97999572753906,151.0800018310547,993037.0
2025-11-04,151.42999267578125,151.86000061035156,147.10000610351562,147.6699981689453,624117.0
2025-11-05,147.6699981689453,147.6699981689453,147.6699981689453,147.6699981689453,0.0
2025-11-06,147.6999969482422,148.50999450683594,142.60000610351562,143.91000366210938,1220481.0
2025-11-07,143.49000549316406,146.39999389648438,142.1999969482422,145.74000549316406,497191.0
2025-11-10,144.5,146.36000061035156,141.99000549316406,142.60000610351562,779491.0
2025-11-11,142.75999450683594,143.50999450683594,141.0,142.5399932861328,472619.0
2025-11-12,144.0,145.7899932861328,142.94000244140625,143.60000610351562,522780.0
2025-11-13,144.25,157.1999969482422,142.41000366210938,152.72999572753906,10253856.0
2025-11-14,150.0,153.6999969482422,145.0,146.3000030517578,1541188.0
2025-11-17,146.91000366210938,150.7100067138672,140.10000610351562,141.1999969482422,1868025.0
2025-11-18,140.85000610351562,143.8000030517578,136.72999572753906,142.97999572753906,2152210.0
2025-11-19,142.97999572753906,143.1300048828125,140.0,140.9199981689453,798026.0
2025-11-20,141.07000732421875,143.39999389648438,139.5,140.41000366210938,982873.0
2025-11-21,139.0,140.64999389648438,135.0,135.97999572753906,1078740.0
2025-11-24,135.85000610351562,136.00999450683594,130.67999267578125,131.8300018310547,1466613.0
2025-11-25,131.75,135.0,129.82000732421875,134.02999877929688,1006304.0
2025-11-26,135.0,137.39999389648438,133.25,135.52000427246094,905254.0
2025-11-27,136.6999969482422,137.66000366210938,134.0,134.91000366210938,629785.0
2025-11-28,134.60000610351562,134.60000610351562,131.5,131.7899932861328,352189.0
2025-12-01,132.83999633789062,134.50999450683594,129.22000122070312,129.8699951171875,486641.0
2025-12-02,130.32000732421875,130.4600067138672,126.4000015258789,127.05999755859376,1104033.0
2025-12-03,128.0800018310547,128.13999938964844,124.38999938964844,126.45999908447266,668331.0
2025-12-04,127.0,127.0,121.9000015258789,122.22000122070312,1069561.0
2025-12-05,123.08000183105467,123.08000183105467,119.75,120.41000366210938,814213.0
2025-12-08,120.9499969482422,120.9499969482422,114.63999938964844,116.16000366210938,1592910.0
2025-12-09,116.0,119.88999938964844,112.6999969482422,117.31999969482422,3000455.0
2025-12-10,118.0,127.4499969482422,117.83999633789062,120.45999908447266,9989307.0
2025-12-11,121.1999969482422,121.38999938964844,115.1999969482422,117.41999816894533,3074877.0
2025-12-12,118.0,122.4000015258789,118.0,119.48999786376952,1374848.0
2025-12-15,119.0,121.9000015258789,117.9499969482422,120.98999786376952,1347818.0
2025-12-16,121.0,121.04000091552734,117.3000030517578,118.0,587203.0
2025-12-17,118.0,118.5,115.08000183105467,116.12000274658205,862696.0
2025-12-18,455.1000061035156,463.7000122070313,445.5,447.6000061035156,299685.0
2025-12-19,448.2999877929688,453.7999877929688,439.2000122070313,452.1000061035156,307463.0
2025-12-22,454.7000122070313,457.7000122070313,451.0,452.25,80379.0
2025-12-23,121.0,126.0,120.61000061035156,124.04000091552734,1624941.0
2025-12-24,124.0,125.2300033569336,119.91999816894533,121.02999877929688,761890.0
2025-12-26,453.0,454.8999938964844,441.1000061035156,442.8500061035156,421653.0
2025-12-29,441.1499938964844,454.0,440.0,450.6499938964844,466580.0
2025-12-30,450.6499938964844,454.0,442.0,450.8999938964844,897924.0
2025-12-31,450.1499938964844,459.7999877929688,448.0499877929688,454.0,738010.0
2026-01-01,118.4000015258789,119.5,116.93000030517578,117.69999694824219,404477.0
2026-01-02,118.27999877929688,121.38999938964844,118.0999984741211,120.55000305175781,965401.0
