{
  "100000": {
    "median": 0.0001906102530680767,
    "p90": 0.011288819964756305,
    "p10": 0.0,
    "sample": [
      0.00012237658765375473,
      0.00012237944490882602,
      0.0,
      0.0,
      0.007427696981981513,
      0.00030036811894033834,
      0.005462072816363362,
      0.0021575679867071314,
      0.0,
      0.0002999252572102301,
      0.011233645603392198,
      0.0019390905917405117,
      0.0054330182246255234,
      0.01343688894482641,
      0.0,
      0.010496275379991222,
      0.0,
      0.0024673332217343214,
      0.0,
      0.014263658983063844,
      0.0,
      0.009780461930886884,
      0.011428945029883605,
      0.004550123630948102,
      0.0,
      0.011237896678681187,
      0.0,
      0.00025884106122732735,
      0.006601832038583645,
      0.006732463554254705,
      0.0,
      0.006523001744753232,
      0.002772765533794322,
      0.010284161035110526,
      0.011192831499123286,
      0.004057375440877336,
      0.02062154711678174,
      0.00499161512165081,
      0.0,
      0.0,
      0.0,
      0.01062260282540798,
      0.0,
      0.01662209168612877,
      0.0,
      0.0,
      0.0035625944063707726,
      0.012537030115392,
      0.010881148108595999,
      0.001110093145347804,
      0.0,
      0.013647026094443326,
      0.0,
      0.0018516564968853737,
      0.0006594632893803562,
      0.0,
      0.0,
      0.006554451739279559,
      0.005879229038478544,
      0.0005798117529544329,
      0.007241454151190386,
      0.0032797134792149477,
      0.011493390234934396,
      0.0,
      0.0,
      0.0,
      0.009735713935625261,
      0.014233033890196471,
      0.0070236984903721275,
      0.0,
      0.022646698183449637,
      0.0,
      0.007033577564520083,
      0.002975971409537967,
      0.00149635899280415,
      0.0,
      0.005143897675844767,
      0.0,
      0.012394452335320228,
      0.0009611940583874788,
      0.004279179517896049,
      0.004839027429866481,
      0.0,
      0.0,
      0.0,
      0.0074807578969804615,
      0.0,
      0.0,
      0.005098287340903334,
      0.014497090918387872,
      0.0,
      0.0,
      0.0,
      0.003228306046468228,
      0.005190835705542704,
      0.0,
      0.0,
      0.0,
      0.0,
      0.0,
      0.00632954331677866,
      0.0,
      0.0,
      0.0,
      0.014162374637462286,
      0.0,
      0.01141760580914093,
      0.0,
      0.0,
      0.003018755592658367,
      0.0027483146865888764,
      0.0,
      0.004746924057169122,
      0.004414331163537589,
      0.0008338439172747537,
      0.0,
      0.0,
      0.0,
      0.00045520379216205584,
      0.00012173564428490765,
      0.0,
      0.0002671555171412419,
      0.006258472579929835,
      0.0003468150567244615,
      0.007001121282613203,
      0.0,
      0.0,
      0.0,
      0.0,
      0.0014585836400306078,
      0.01429172151591213,
      0.004952900530947566,
      0.0,
      0.0,
      0.0,
      0.011871095987865569,
      0.0,
      0.0,
      0.008505071386294269,
      0.008435443295313419,
      0.010625089113001234,
      0.007524581463262146,
      0.0,
      0.003174344134594695,
      0.0,
      0.0,
      0.0,
      0.0004886412077847616,
      0.01100968223501979,
      0.0,
      0.0,
      0.015177962748198881,
      8.158548248624098e-05,
      0.014888658948768188,
      0.0,
      0.005725674156728417,
      0.02657418926174357,
      0.009347292522936135,
      0.0,
      0.005195117247406812,
      0.0,
      0.0,
      0.0,
      0.0,
      0.0029701754370215945,
      0.003907366915408737,
      0.0,
      0.0,
      0.0015061717972175382,
      0.0,
      0.0015373290287467763,
      0.0,
      0.0,
      0.011274510426491347,
      0.0,
      0.006895530619890716,
      0.0,
      0.0,
      0.016687678884351194,
      0.004223283213611635,
      0.0,
      0.0,
      0.0,
      0.008239823305529765,
      0.0,
      6.329374395354934e-05,
      0.005320102706019147,
      0.0,
      0.0,
      0.0,
      0.0,
      0.0,
      0.0,
      0.0,
      0.0,
      0.0,
      0.0060735288897202505,
      0.0,
      0.0035929514634541484,
      0.0
    ],
    "low_data": false
  },
  "250000": {
    "median": 0.0003685890246045541,
    "p90": 0.011439812702953514,
    "p10": 0.0,