{
  "100000": {
    "median": 0.0,
    "p90": 0.01101179546648478,
    "p10": 0.0,
    "sample": [
      0.0001445790538318446,
      0.00012491697103695593,
      0.0,
      0.0,
      0.0,
      0.0,
      0.019914918746975898,
      0.0,
      0.0,
      0.012205669266002488,
      0.0,
      0.0,
      0.00860007187846343,
      0.0,
      0.004793726393471623,
      0.0,
      0.0,
      0.005320201277331226,
      0.0,
      0.0060525286291619575,
      0.015429255394610887,
      0.00292731329848932,
      0.0,
      0.0,
      0.0018295922293774098,
      0.002756301443116866,
      0.007599696758779952,
      0.00695210763403357,
      0.0,
      0.0,
      0.014630252937404543,
      0.008420580026121893,
      0.0,
      0.009173684499750045,
      0.0,
      0.007302913216935986,
      0.0026823592705719226,
      0.0,
      0.014478876430364112,
      0.0,
      0.006488197820327411,
      0.0,
      0.0,
      0.005494629380956672,
      0.0,
      0.0,
      0.00262568084085407,
      0.0,
      0.009988908547314853,
      0.0,
      0.0,
      0.0,
      0.0,
      0.0015086250895064701,
      0.0,
      0.0,
      0.0,
      0.0,
      0.0,
      0.0,
      0.0,
      0.019551504483229985,
      0.0,
      0.0,
      0.004243737325652659,
      0.002794260243197318,
      0.005654046821887904,
      0.0,
      0.005877827041961204,
      0.0,
      0.0,
      0.0234813719577587,
      0.01720667921312214,
      0.009172407962600252,
      0.0,
      0.021234653903081834,
      0.0,
      0.0,
      0.00024354674750501478,
      0.000689219430080875,
      0.0,
      0.0,
      0.0005599885946802512,
      0.005031157491408502,
      0.0011078414577300366,
      0.00467688070797856,
      0.016392224549466525,
      0.00023219794719683674,
      0.0,
      0.0023605859493836677,
      0.0,
      0.0,
      0.011010878674181655,
      0.0,
      0.0,
      0.0,
      0.0001217259690701457,
      0.0,
      0.015770672174535285,
      0.0,
      0.0,
      0.009942775136972632,
      0.0,
      0.0,
      0.013623215253336231,
      0.0,
      0.0013784557679411649,
      0.0,
      0.0,
      0.0,
      0.0,
      0.0,
      0.0,
      0.005779682235443191,
      0.004839894684438888,
      0.0,
      0.0012050476073905123,
      0.0,
      0.008750526922477863,
      0.008856785424711825,
      0.0,
      0.0,
      0.0,
      0.004972258349760445,
      0.00785134234535866,
      0.008017447825549986,
      0.0,
      0.0110200465972129,
      0.002461445839972181,
      0.0,
      0.013699588475004916,
      0.0,
      0.008245706187186367,
      0.006291621274687559,
      0.00966055078785702,
      0.0,
      0.008694752878022686,
      0.0,
      0.0,
      0.0,
      0.0024192765340234853,
      0.0,
      0.0,
      0.0,
      0.0,
      0.007292813654350172,
      0.0,
      0.01628941229738963,
      0.0,
      0.0048640812074705305,
      0.013588741161128166,
      0.0,
      0.0,
      0.000565460380889185,
      0.0,
      0.005236842229916593,
      0.012568080939334576,
      0.0,
      0.0030926813850610368,
      0.008418420060565692,
      0.0,
      0.0017579629663780428,
      0.0076080926005297625,
      0.0,
      0.001011952574103376,
      0.007184520251068212,
      0.016518836367399488,
      0.009409518487035338,
      0.0,
      0.002142538130145841,
      0.006811901639102296,
      0.009053523371743437,
      0.0,
      0.0,
      0.010171785562796057,
      0.0,
      0.006034371298312894,
      0.0,
      0.0,
      0.0036843979985254193,
      0.0,
      0.006213733896720072,
      0.011640470505702558,
      0.0,
      0.01109052514296061,
      0.004550445960988654,
      0.0,
      0.0,
      0.0015727339060216425,
      0.0,
      0.006060443808697927,
      0.005096538538713086,
      0.001875354242624993,
      0.0,
      0.0,
      0.005399490101683004,
      0.0,
      0.008891269448141961,
      0.0,
      0.0
    ],
    "low_data": false
  },
  "250000": {
    "median": 0.0,
    "p90": 0.011173240985948395,
    "p10": 0.0,
    "sample": [
      0.0003298005579754338,
      0.00028494920707189663,
      0.0,
      0.0,
      0.0,
      0.0,
      0.020036382756573178,
      0.0,
      0.0,
      0.012394241784581993,
      0.0,
      0.0,
      0.008730730561693672,
      0.0,
      0.005081896895911403,
      0.0,
      0.0,
      0.005477155543320525,
      0.0,
      0.006200451571309463,
      0.015603512041970467,
      0.0030859230397539098,
      0.0,
      0.0,
      0.001953426181445615,
      0.0029835634276810753,
      0.007733354629897179,
      0.007073445127877332,
      0.0,
      0.0,
      0.014774845653293508,
      0.008563390309990844,
      0.0,
      0.009330283034153475,
      0.0,
      0.007461299841218974,
      0.002791077260504134,
      0.0,
      0.014592770412117205,
      0.0,
      0.006605523248444773,
      0.0,
      0.0,
      0.005695484583145729,
      0.0,
      0.0,
      0.0027730539279425754,
      0.0,
      0.010119854644821848,
      0.0,
      0.0,
      0.0,
      0.0,
      0.0017096478901336585,
      0.0,
      0.0,
      0.00012772212890565146,
      0.0,
      0.0,
      0.0,
      0.0,
      0.019683605804495578,
      0.0,
      0.0,
      0.0043996570918577345,
      0.0030489215215334,
      0.005832882668800796,
      0.0,
      0.006018457868002202,
      0.0,
      0.0,
      0.02378984126945847,
      0.017445127574789065,
      0.009311433778430772,
      6.146626885957334e-05,
      0.021508797328297566,
      0.0,
      0.0,
      0.0003932838580356705,
      0.000865346533151952,
      0.0,
      0.0,
      0.0007346728559935844,
      0.005184843185243674,
      0.0014215459540255547,
      0.004867514431643064,
      0.01653365344254883,
      0.0004458243778331038,
      0.0,
      0.0025549230220916126,
      0.0,
      0.0,
      0.011163339151469711,
      0.0,
      0.0,
      0.0,
      0.0002551455871998951,
      0.0,
      0.015943683483033995,
      0.0,
      0.0,
      0.010153358366949345,
      0.0,
      0.0,
      0.013764871441484094,
      0.0,
      0.0015049956414789883,
      0.0,
      0.0,
      0.0,
      0.0,
      0.0,
      0.00026269087365317974,
      0.006121673927176533,
      0.004978176073070331,
      0.0,
      0.0015008690862643964,
      0.0,
      0.008888740692579002,
      0.008988177932828583,
      0.0,
      0.0,
      0.0,
      0.00510299016839034,
      0.00815128427418563,
      0.008190737343128264,
      0.0,
      0.011306183792552759,
      0.002611780728920877,
      0.0,
      0.013964043200531443,
      0.0,
      0.008363665361072848,
      0.006483630436628564,
      0.009800795244598634,
      0.0,
      0.008809695336349871,
      0.0,
      0.0,
      0.0,
      0.0025710801169092734,
      0.0,
      0.0,
      0.0,
      0.0,
      0.007548683293792713,
      0.0,
      0.01644608662449184,
      0.0,
      0.004984412646757291,
      0.013753544716600168,
      0.0,
      0.0,
      0.0007294830390240695,
      0.0,
      0.005474065117668448,
      0.012844831945284955,
      0.0,
      0.0033764195756638767,
      0.008578133603952409,
      0.0,
      0.001977782348982012,
      0.0077543982378703484,
      0.0,
      0.0011638694681384587,
      0.007532947906942988,
      0.016695489814985007,
      0.009542630162026123,
      0.0,
      0.0023245810846277033,
      0.007010523445996797,
      0.009220500978509943,
      0.0,
      0.0,
      0.010351475563029346,
      0.0,
      0.006364184401643156,
      0.0,
      0.0,
      0.003819004896369685,
      0.0,
      0.00641019431209404,
      0.011997155164880204,
      0.0,
      0.011262357496256549,
      0.004690621620918673,
      0.0,
      0.0,
      0.0017750775999364355,
      0.0,
      0.006212089435473717,
      0.00525684037018709,
      0.0021141589581410835,
      0.0,
      0.0,
      0.0055440663918686585,
      0.0,
      0.00915562946330017,
      0.0,
      0.0
    ],