{
  "100000": {
    "median": 0.0,
    "p90": 0.011559446993280778,
    "p10": 0.0,
    "sample": [
      0.00018075525004442868,
      0.00010105937334454431,
      0.0,
      0.0072663993192556035,
      0.0,
      0.0,
      0.0,
      0.006968918076060785,
      0.0024646755807524318,
      0.0,
      0.006116914888391343,
      0.0,
      0.004319399814705471,
      0.02171554179196715,
      0.0,
      0.0011944625049028904,
      0.0,
      0.0,
      0.018657014756069647,
      0.0,
      0.0,
      0.0006145781523090867,
      0.009103657688328541,
      0.0,
      0.0009505660197051813,
      0.008651310889082305,
      0.0,
      0.0,
      0.013245236825563913,
      0.003110937234247835,
      0.0,
      0.0,
      0.0,
      0.0,
      0.0,
      0.0007526412653677147,
      0.010127220176336533,
      0.005788560288432511,
      0.0,
      0.0,
      0.0046049413525220155,
      0.0,
      0.0,
      0.007728503905562355,
      0.0,
      0.0,
      0.0020505684305406812,
      0.0,
      0.0006491632724499484,
      0.0,
      0.0,
      0.020927846238522282,
      0.01858662601332153,
      0.0,
      0.002391313001107425,
      0.011079085671897138,
      0.012483437322823072,
      0.00972156073750608,
      0.0,
      0.01983305713333248,
      0.0,
      0.0,
      0.00669505754004663,
      0.00984311680356676,
      0.0028696307104851483,
      0.005293563597656483,
      0.0,
      0.0007825230366892863,
      0.0,
      0.0,
      3.859432557443467e-05,
      0.0027399032919758343,
      0.0024754370002652553,
      0.0,
      0.005855445338105909,
      0.0004523973033375721,
      0.0,
      0.0,
      0.0,
      0.0,
      0.0,
      0.00736974047487032,
      0.0023567092295357,
      0.0,
      0.0003030425856090233,
      0.0,
      0.0010143607683552177,
      0.0,
      0.0,
      0.010779883162084121,
      0.0,
      0.012827597163937552,
      0.0,
      0.005912572224276031,
      0.011407776070870745,
      0.0,
      0.00018088723366472938,
      0.008864394203189567,
      0.0,
      0.0020331701643681007,
      0.0,
      0.0,
      0.009325075882667141,
      0.0,
      0.0,
      0.003716958345799605,
      0.0,
      0.0,
      0.0,
      0.007842018008978657,
      0.0029432749875334765,
      0.0,
      0.0,
      0.0029925157853474974,
      0.0,
      0.005052983412193424,
      0.0,
      0.004399584561542998,
      0.002969332717960129,
      0.0,
      0.0056460179987678745,
      0.0,
      0.0,
      0.015272816391821736,
      0.002129608667495511,
      0.008512139737488935,
      0.00297610398609901,
      0.0,
      0.0,
      0.0,
      0.0,
      0.0,
      0.0,
      0.01151678658667631,
      0.0,
      0.00013895460872703018,
      0.018868297905393485,
      0.013884029826003572,
      0.012589235780689196,
      0.0,
      0.005595534904521421,
      0.0,
      0.003080212099461671,
      0.001134623359753451,
      0.0,
      0.0,
      0.0026157697423607553,
      0.00927892746462854,
      0.001549436305385464,
      0.014588647298702908,
      0.0037242115416978236,
      0.0058113120037643195,
      0.00451240954114664,
      0.0,
      0.011943390652721025,
      0.0,
      0.0,
      0.00033234841853447563,
      0.018527999162937566,
      0.01368302840892634,
      0.0,
      0.0,
      0.0031974525760592874,
      0.0023098893609283535,
      0.008760484312425463,
      0.0,
      0.0,
      0.0,
      0.0,
      0.0,
      0.0,
      0.0019159120352883197,
      0.008599665625632646,
      0.0,
      0.0,
      0.0,
      0.0,
      0.0,
      0.0,
      0.0,
      0.0,
      0.0,
      0.0,
      0.0035057778216475823,
      0.0,
      0.009709753545470491,
      0.0015454849308409345,
      0.010421125075892438,
      0.00662727984219875,
      0.009044043079484011,
      0.0,
      0.012346233455021787,
      0.0,
      0.0,
      0.0,
      0.0,
      0.016537438390682037,
      0.013685900773605939,
      0.018886192146173555,
      0.006475006584240492
    ],
    "low_data": false
  },
  "250000": {
    "median": 2.6570466525135592e-05,
    "p90": 0.011669896602557718,
    "p10": 0.0,