{
  "100000": {
    "median": 6.360719541377541e-05,
    "p90": 0.010579633320396584,
    "p10": 0.0,
    "sample": [
      0.000170634877401198,
      0.0001082191220809976,
      0.0037772812039082405,
      0.0,
      0.004677571777731464,
      0.00503716493843464,
      0.0191529479147453,
      0.0,
      0.0,
      0.012706453807433876,
      0.0,
      0.0,
      0.017526107339045364,
      0.0,
      0.01697299964985035,
      0.010566598126747876,
      0.023012982225391405,
      0.004100890971662808,
      0.005592637478474574,
      0.0,
      0.011708598705213074,
      0.0001890087130751906,
      0.008746162475884507,
      0.0,
      0.0024517796593005337,
      0.0,
      0.006044432972221487,
      0.0,
      0.0,
      0.010066079144004158,
      0.0020473437827868953,
      0.013620129802359136,
      0.0,
      0.0,
      0.0014940938117113578,
      0.0,
      0.0,
      0.016633086286364417,
      0.0,
      0.0,
      0.005745064424303872,
      0.006173802746863183,
      0.0,
      0.0,
      0.0,
      0.0,
      0.002354290939041116,
      0.0,
      0.007609393002736964,
      0.0022664443270055115,
      0.0,
      0.0,
      0.0,
      0.009570065503176711,
      0.015467089573040485,
      0.0,
      0.005237365147565336,
      0.004878569349131763,
      0.0,
      0.0,
      0.0,
      0.0,
      0.0,
      0.003654345804945672,
      0.008010927766915886,
      0.0018625022367839534,
      0.013621176027718136,
      0.0,
      0.0,
      0.0,
      0.005678436867591555,
      0.011308109247044645,
      0.005214288134937961,
      0.013976353212095382,
      0.004159227278880186,
      0.0,
      0.012670514135638392,
      0.011315518400954173,
      0.003967865488330788,
      0.0,
      0.0,
      0.006205093825564618,
      0.0041519289015977245,
      0.0,
      0.007692424177957736,
      0.007333167329608432,
      0.00834897692304093,
      0.0013340731063959902,
      0.02204192218665097,
      0.0,
      0.0,
      0.014313557216540656,
      0.0,
      0.006792611698561968,
      0.005196296826562361,
      0.002993127510870681,
      0.005093760227989736,
      0.0,
      0.002820024617109426,
      0.007054699621651121,
      0.0,
      0.0,
      0.0014515840248466032,
      0.003057649527844964,
      0.005812511006057231,
      0.001151667551360467,
      0.0002618050401973376,
      0.006691431682823224,
      0.002006146675798759,
      0.0,
      0.006591590332621723,
      0.010268777424105764,
      0.004629572179665771,
      0.005880744595386403,
      0.0,
      0.0,
      0.004701475523831215,
      0.0,
      0.0,
      0.004360264093826552,
      0.0,
      0.01407398433754555,
      0.0,
      0.0,
      0.0,
      0.0,
      0.0,
      0.005292800986022157,
      0.002307753518744656,
      0.0,
      0.00984068979301379,
      0.00533910968833355,
      0.0,
      0.006635421392437626,
      0.0,
      1.8995268746553227e-05,
      0.0,
      0.0,
      0.0,
      0.0,
      0.010044341696783015,
      0.0,
      0.0,
      0.0,
      0.0,
      0.0,
      0.0010713788551477846,
      0.005347093136645394,
      0.0,
      0.0,
      0.0,
      0.0,
      0.0,
      0.0012624871276875572,
      0.0,
      0.0,
      0.0,
      0.0,
      0.007227424941655348,
      0.0,
      0.0,
      0.0,
      0.005942119984997879,
      0.01069695006323496,
      0.0,
      0.0,
      0.003623814552356421,
      0.007008258038418704,
      0.0,
      0.0,
      0.002858669394586414,
      0.0,
      0.0,
      0.01503019562803509,
      0.005115071585438272,
      0.0,
      0.008811489214454085,
      0.0,
      0.0015905813937476376,
      0.0,
      0.0005057515931570242,
      0.010148873417673726,
      0.0,
      0.0,
      0.0,
      0.004100108318601013,
      0.0,
      0.00019334680621947492,
      0.0,
      0.0,
      0.0,
      0.0037690806647243205,
      0.0,
      0.0,
      0.01134396927701184,
      0.005218102152447837,
      0.0,
      0.0012778114911326979,
      0.007283569024844354,
      0.0
    ],
    "low_data": false
  },
  "250000": {
    "median": 0.0002463555202877005,
    "p90": 0.010715432153093958,
    "p10": 0.0,