{
  "100000": {
    "median": 6.273370724912234e-05,
    "p90": 0.010776441493685117,
    "p10": 0.0,
    "sample": [
      0.00021810680469589507,
      0.00015387031484531612,
      0.012500449679798646,
      0.0,
      0.006473763628125323,
      0.0,
      0.0,
      0.015300163305019354,
      0.0,
      0.005648946768190949,
      0.016482745169899515,
      0.0,
      0.0,
      0.0032284771654073206,
      0.0067623494066920975,
      0.0,
      0.01075753968843429,
      0.0,
      0.0,
      0.008599246336347215,
      0.0,
      0.0,
      0.0,
      0.004947005162150592,
      0.0,
      0.0,
      0.0012929862061713821,
      0.0,
      0.0,
      0.01098023053447336,
      0.0,
      0.0001778425379571879,
      0.004772247731482625,
      0.0,
      0.00869013283875717,
      0.0,
      0.0033623566624939685,
      0.005100239635078754,
      0.0,
      0.0014662335534405386,
      0.0,
      0.0,
      0.0,
      0.0025348745129898436,
      0.0,
      0.001202384379446752,
      0.0031344201616970843,
      0.01892012759786625,
      0.00712508613459872,
      0.0005308477350995597,
      0.0,
      0.00908454568577829,
      0.0,
      0.008744845987770547,
      0.011977062348855835,
      0.005799370373279183,
      0.0025443714924240374,
      0.0,
      0.0,
      0.0042226770361113355,
      0.0,
      0.007539381442690105,
      0.005620160266097606,
      0.0014298113585154832,
      0.0002870277925761022,
      0.004856611009706267,
      0.0,
      0.0,
      0.0,
      0.0,
      0.0,
      0.0,
      0.000148416318463162,
      0.0,
      0.0,
      0.01378073731440939,
      0.004219829856174522,
      0.01437873177747327,
      0.0,
      0.0,
      0.0,
      0.0,
      0.010329181413179967,
      0.006838948340163265,
      0.0019585316147970543,
      0.0,
      0.003946513780351384,
      0.008841688195338917,
      0.01287928119185073,
      0.012061394282051075,
      0.0,
      0.0,
      0.0009219075969314782,
      0.0,
      0.005337470104807948,
      0.0,
      0.00768222996118138,
      0.00488560600930716,
      0.0,
      0.0,
      0.0,
      0.0033882985370142673,
      0.004099664952948806,
      0.0,
      0.0011359761074001067,
      0.0,
      0.016220401804621722,
      0.015293944070018842,
      0.0,
      0.006798604015287559,
      0.0,
      0.0,
      0.0,
      0.0,
      0.0019175115484745871,
      0.0,
      0.012376335324998359,
      0.010699308111741601,
      0.0,
      0.0,
      0.00029779627363727627,
      0.0,
      0.002552283278826132,
      0.0,
      0.0,
      0.0,
      0.0,
      0.0029582022107113495,
      0.0,
      0.0,
      0.0,
      0.0,
      0.0,
      0.0,
      0.0,
      0.012287674524804367,
      0.0,
      0.006712547522551513,
      0.009145908943828338,
      0.010626375519716638,
      0.003684182088041464,
      0.00843356061342977,
      0.0,
      0.010064415475376554,
      0.0,
      0.0,
      0.0,
      0.00012546741449824468,
      0.0037590696682075517,
      0.0,
      0.004515192090797906,
      0.018954821790359795,
      0.002922045126820199,
      0.0017487334326995007,
      0.0,
      0.0,
      0.0,
      0.0,
      0.0,
      0.0,
      0.0,
      0.0,
      0.0,
      0.0035188214490081975,
      0.006753324769422501,
      0.01630746761133816,
      0.014515387799823833,
      0.0006238650482894627,
      0.0,
      0.002259569285540412,
      0.0,
      0.0,
      0.0,
      0.0,
      0.0046817279555257,
      0.0,
      0.006354691624055578,
      0.011212245541254827,
      0.0004220261748583405,
      0.0035599109966659827,
      0.0,
      0.0,
      0.003242514771019987,
      0.01094655774094256,
      0.007238789463253438,
      0.0,
      0.009006474623636346,
      0.0,
      0.0,
      0.0062619474217230605,
      0.008493565423421445,
      0.0,
      0.003966364852422609,
      0.008358755686066205,
      0.0,
      0.0,
      0.0026822235741878137,
      0.007134746143004534,
      0.01006234281742895,
      0.01097956374465263
    ],
    "low_data": false
  },
  "250000": {
    "median": 0.00020743994955449524,
    "p90": 0.01104750073211097,
    "p10": 0.0,