{
  "100000": {
    "median": 0.002130316169573189,
    "p90": 0.01131759004424794,
    "p10": 0.0,
    "sample": [
      0.0001179678128185029,
      0.00012817716438766235,
      0.006234365797818874,
      0.0015496760608580855,
      0.00511391325479291,
      0.011740654311428064,
      0.0,
      0.0,
      0.0,
      0.00230139832186431,
      0.0002358345622684704,
      0.006303289135282639,
      0.0,
      0.0,
      0.014024694866567801,
      0.00012868279396374184,
      0.0,
      0.0007461695090291804,
      0.0,
      0.009439944192754506,
      0.0,
      0.0017783696662575994,
      0.005885554861230111,
      0.0,
      0.0,
      0.0,
      0.0,
      0.0007560947029689877,
      0.0,
      0.0,
      0.00020063918142247677,
      0.003911931255308003,
      0.0,
      0.0015724055982948028,
      0.0,
      0.0,
      0.0013304956308603578,
      0.00449747308084983,
      0.001577116540394885,
      0.006585923739169428,
      0.0,
      0.0,
      0.0,
      0.004128495282695304,
      0.0,
      0.0,
      0.0,
      0.0,
      0.0031475459744322422,
      0.0074521108902838775,
      0.0,
      0.014953002138093821,
      0.0,
      0.006131616382046947,
      0.01779063821612474,
      0.0,
      0.0,
      0.005877627661736758,
      0.005621664102969658,
      0.0049969401305990785,
      0.0016156806920520348,
      0.007728783668636677,
      0.0,
      0.013432753473557423,
      0.0,
      0.005756458792844874,
      0.008418713806884586,
      0.0,
      0.0071706766778261025,
      0.0,
      0.0,
      0.0,
      0.0,
      0.0,
      0.007964494808884445,
      0.00020003064712526675,
      0.0,
      0.005936995102387498,
      0.008035202486555922,
      0.00943894200781345,
      0.0,
      0.0033861845028430077,
      0.00562695947341854,
      0.0011122204594663395,
      0.010351714430042317,
      0.0,
      0.005041937971104875,
      0.0020428446662459493,
      0.0032069817469919143,
      0.006167737305320093,
      0.008367058254882381,
      0.015201117427875293,
      0.0,
      0.0045531266646535885,
      0.008616247125231388,
      0.009007120794431014,
      0.006242914166128832,
      0.003294762797528718,
      0.0,
      0.005261316552524401,
      0.004886618456441185,
      0.000191013976387601,
      0.014090384230773915,
      0.0,
      0.0,
      0.0,
      0.003680268023963446,
      0.0031404297313683085,
      0.006967728397135442,
      0.010744712959626071,
      0.0029277197340410264,
      0.012481932192330743,
      0.006805420099194212,
      0.0004217013848337287,
      0.006917638350484686,
      0.0,
      0.0008578520276233906,
      0.0,
      0.0,
      0.0,
      0.0,
      0.0004720803020465365,
      0.016139537135331714,
      0.021634469574771532,
      0.0008195563207213962,
      0.005665308989797462,
      0.0,
      0.0,
      0.014298183296791611,
      0.02271462282574612,
      0.005570949080772679,
      0.0054819135890116855,
      0.004638202742751309,
      0.0,
      0.0,
      0.005766929087781203,
      0.0,
      0.0,
      0.0,
      0.010940981092118569,
      0.0,
      0.0012199703969512279,
      0.0,
      0.0,
      0.002560466331501424,
      0.020234922181121225,
      0.0,
      0.008945156319309876,
      0.0,
      0.0,
      0.008596260997518125,
      0.011270582903450151,
      0.0023811588305485284,
      0.019638803408457323,
      0.0018742030933281268,
      0.004074151018843226,
      0.008210868251136254,
      0.0,
      0.0,
      0.0,
      0.008891838898724823,
      0.0054842125195083535,
      0.01105636399247043,
      0.004859910502940291,
      0.002736855316677556,
      0.0030213615248391008,
      0.004603709734835471,
      0.016326241494627077,
      0.0,
      0.0,
      0.012835494941786716,
      0.003300547612060172,
      0.01933013914587274,
      0.007903732354682226,
      0.002903551137746739,
      0.012278889388276962,
      0.0,
      0.00850079224626324,
      0.0,
      0.0030418688185645773,
      0.0,
      0.004159239323033459,
      0.001327284814162008,
      0.005202351780263395,
      0.0033150173448325735,
      0.0,
      0.004767979649051167,
      0.0,
      0.0,
      0.0034049205719400913,
      0.0005448938463091022,
      0.002217787672900429,
      0.0,
      0.011742551934696557,
      0.00942540881518466,
      0.013326078202585386,
      0.007672116992406763,
      0.007739726933114559,
      0.0,
      0.010536006719278037
    ],
    "low_data": false
  },
  "250000": {
    "median": 0.0022127821217583854,
    "p90": 0.011476952848839287,
    "p10": 0.0,