{
  "100000": {
    "median": 0.0,
    "p90": 0.012229122974391188,
    "p10": 0.0,
    "sample": [
      0.00010841487716199417,
      0.0002045993302096093,
      0.01679644860827949,
      0.0,
      0.010637052248961495,
      0.0,
      0.0027275937833681546,
      0.004774696700280326,
      0.0,
      0.004390378554323442,
      0.013827003509327284,
      0.0,
      0.0,
      0.01198395917856902,
      0.008902937858192872,
      0.004072301708476338,
      0.0,
      0.01736276785126825,
      0.014289520770958568,
      0.0,
      0.0,
      0.0,
      0.002029893134763218,
      0.0,
      5.62620183358549e-05,
      0.0,
      0.0,
      0.002906417553350814,
      0.0,
      0.008340502425918352,
      0.004795608553114721,
      0.0,
      0.0069860631709339985,
      0.0005432915490588017,
      0.013803265590506647,
      0.0,
      0.013373269043791918,
      0.0,
      0.0,
      0.0003322717562856324,
      0.006057828805786123,
      0.0,
      0.0,
      0.004748847857021943,
      0.0034751775002029393,
      0.0,
      0.0,
      0.005482813259977753,
      0.00928808957936383,
      0.0,
      0.007155672949749423,
      0.0,
      0.0,
      0.0009916874899775743,
      0.0014724199742054535,
      0.0,
      0.004015479548835033,
      0.0,
      0.0,
      0.0,
      0.001460516870409884,
      0.003933971220851832,
      0.0,
      0.0,
      0.0032118983465218237,
      0.0,
      0.0,
      0.0,
      0.0,
      0.0,
      0.0,
      0.0,
      0.0,
      0.0,
      0.011417168692912266,
      0.0,
      0.0,
      0.013830709065240924,
      0.0,
      0.01306795780287547,
      0.005796909759034633,
      0.0,
      0.008123291355641757,
      0.0060438692694273705,
      0.0,
      0.0048787461511332125,
      0.0017721768166585156,
      0.004112841017410228,
      0.0,
      0.0004411611056398119,
      0.017577810080485458,
      0.0,
      0.012135919104559606,
      0.0,
      0.01445620310774963,
      0.0,
      0.0,
      0.008914653278978746,
      0.001906554482762008,
      0.0,
      0.000514807725319737,
      0.011769497767209867,
      0.007689395244816667,
      0.01850270360125702,
      0.00042637881605001884,
      0.013262399109413623,
      0.0,
      0.0,
      0.005495718428279197,
      0.005083911938779078,
      0.0,
      0.0,
      0.008907152699823383,
      0.007793775597912192,
      0.0,
      0.0,
      0.0,
      0.0,
      0.004221071060056498,
      0.0011616343165693013,
      0.0,
      0.015887600259885032,
      0.013154623293406723,
      0.0,
      0.006563393196557734,
      0.0029993413126436076,
      0.0,
      0.0,
      0.002302672415640932,
      0.009916997619447842,
      0.0,
      0.0,
      0.010734249012400592,
      0.0029181987132890124,
      0.0,
      0.0,
      0.0,
      0.0,
      0.001695925636171035,
      0.0,
      0.0,
      0.0,
      0.0,
      0.0,
      0.0,
      0.0,
      0.0,
      0.0008864467665265968,
      0.013570572445930157,
      0.0,
      0.008129897128531268,
      0.006939762978281738,
      0.0035346913626688463,
      0.0,
      0.003665676310797307,
      0.0,
      0.013639731765700729,
      0.004050234851885396,
      0.0,
      0.0105488491579481,
      0.006784318573196302,
      0.005008446991580872,
      0.0,
      0.0,
      0.0008637115436104843,
      0.006260809508854164,
      0.0,
      0.0,
      0.0,
      0.013088307197864057,
      0.0,
      0.0,
      0.0,
      0.0007704048908016414,
      0.0,
      0.0,
      0.0043599833061560445,
      0.0035540951463970036,
      0.0,
      0.01661504287266838,
      0.004169000080964576,
      0.0,
      0.017144595430735578,
      0.0,
      0.0015290651408584126,
      0.0,
      0.019277562445701925,
      0.0,
      0.0,
      0.0,
      0.0,
      0.00025812937015987607,
      0.0,
      0.010251025557008644,
      0.0,
      0.0,
      0.0075786761081642,
      0.0,
      0.0,
      0.004375902923136388
    ],
    "low_data": false
  },
  "250000": {
    "median": 0.0,
    "p90": 0.012386135561082303,
    "p10": 0.0,
    "sample": [
      0.000247306134832295,
      0.00046671334108334636,
      0.017052037007285466,
      0.0,
      0.010784686091259344,
      0.0,
      0.002897660902829996,
      0.004982945560930094,
      0.0,
      0.004506373276167748,
      0.01397017438337245,
      0.0,
      0.0,
      0.01217646747776392,
      0.009143086170245366,
      0.004185195871725835,
      0.0,
      0.0175403620895677,
      0.014491218391514267,
      0.0,
      0.0,
      0.0,
      0.0022546579817605363,
      0.0,
      0.0003117924285616021,
      0.0,
      0.0,
      0.0031373946939325472,
      0.0,
      0.008468756769114735,
      0.004994941464987752,
      0.0,
      0.007139676399812576,
      0.000665279014811434,
      0.013925484056830185,
      0.0,
      0.013514935212048617,
      0.0,
      0.0,
      0.0004999430756706626,
      0.006196676375405678,
      0.0,
      0.0,
      0.004901540649729572,
      0.0036104994124408554,
      0.0,
      0.0,
      0.005714077869573935,
      0.009402898604418817,
      0.0,
      0.007264040876814838,
      0.0,
      0.0,
      0.0011198023287410568,
      0.0016011283529958078,
      0.0,
      0.004175074495210973,
      0.0,
      0.0,
      0.0,
      0.0016740657464435706,
      0.00403662851917706,
      6.920570638368258e-05,
      0.0,
      0.003327837524072936,
      0.0,
      0.0,
      0.0,
      0.0,
      0.0,
      0.0,
      0.0,
      0.0,
      0.0,
      0.011664768653975354,
      0.0,
      0.0,
      0.013958456355058995,
      0.0,
      0.013270945477781087,
      0.005925261524044137,
      0.0,
      0.0083762752784658,
      0.006232524917971032,
      0.0,
      0.005107727103443476,
      0.0019133144613611257,
      0.004390693382245876,
      0.0,
      0.0005475253052872593,
      0.017841063177961552,
      0.0,
      0.012291881116176809,
      0.0,
      0.014582741697146077,
      0.0,
      0.0,
      0.009032202903454028,
      0.0020496917443861935,
      0.0,
      0.0006713633362198725,
      0.011888504244028698,
      0.007814475016018441,
      0.018644177026913296,
      0.0005538695286719723,
      0.013374524275025444,
      0.0,
      0.0,
      0.005627939909893084,
      0.0052631458842295155,
      0.0,
      0.0,
      0.00902164492920196,
      0.007927194234271854,
      0.0,
      0.0,
      0.0,
      0.0,
      0.00436053296773222,
      0.001363404137090656,
      0.0,
      0.01602044856375078,
      0.013318974075460815,
      0.0,
      0.00674500487738563,
      0.00309534494077567,
      0.0,
      0.0,
      0.0024743542299538205,
      0.010092693762538758,
      0.0,
      0.0,
      0.010956002780425054,
      0.0030571803960254998,
      0.0,
      0.0,
      0.0,
      0.0,
      0.0019204648977555051,
      0.0,
      0.0,
      0.0,
      0.0,
      0.0,
      0.0,
      0.0,
      0.0,
      0.001012522700956068,
      0.013671551754162879,
      0.0,
      0.008226405656148194,
      0.007116891137751993,
      0.0036286647148145042,
      0.0,
      0.0037779865651133056,
      0.0,
      0.013786735835997684,
      0.0042290744671922955,
      0.0,
      0.010680836633293125,
      0.00688133526984662,
      0.00523489144624168,
      0.0,
      0.0,
      0.0009599213332802534,
      0.006498135866180183,
      0.0,
      0.0,
      0.0,
      0.013234425565231807,
      0.0,
      0.0,
      0.0,
      0.0009726681677671139,
      0.0,
      0.0,
      0.00447666857778861,
      0.0036823774359119477,
      0.0,
      0.01672273031528822,
      0.004267591848165342,
      0.0,
      0.017244170187335733,
      0.0,
      0.0017429885592299063,
      0.0,
      0.019373734374356553,
      0.00013380326045824448,
      0.0,
      0.0,
      0.0,
      0.0003523312205522259,
      0.0,
      0.010445285626986206,
      0.0,
      0.0,
      0.007731429319782785,
      0.0,
      0.0,
      0.004479254891018662
    ],