{
  "100000": {
    "median": 0.0,
    "p90": 0.01183543284004312,
    "p10": 0.0,
    "sample": [
      8.380717626227183e-05,
      8.978362935208023e-05,
      0.022767581946362588,
      0.00027342830891893013,
      0.002729931941919237,
      0.005013050751857762,
      0.009996649285382384,
      0.0,
      0.005181441671806097,
      0.01521637941928551,
      0.0,
      0.0013230955847434787,
      0.0,
      0.0019998154255469287,
      0.009424515572761133,
      0.004138033906227871,
      0.0,
      0.0,
      0.0,
      0.0,
      0.0,
      0.004083027935142585,
      0.006708639254817041,
      0.0,
      0.0,
      0.0,
      0.004066034333470764,
      0.0,
      0.0,
      0.0,
      0.004370948958120176,
      0.004744358288912452,
      0.0,
      0.0,
      0.0,
      0.0,
      0.0,
      0.0017884805239361831,
      0.0,
      0.0,
      0.012635063317353989,
      0.0,
      0.0,
      0.0,
      0.0,
      0.0028811072474235287,
      0.0,
      0.0,
      0.007823763449999728,
      0.010161290139816365,
      0.0,
      0.0,
      0.0,
      0.0,
      0.008321484291153597,
      0.003976734534948353,
      0.00692732718838535,
      0.0,
      0.0071363214647776705,
      0.002711985885342599,
      0.006187600395643287,
      0.0,
      0.014615285991317173,
      0.011818784855352397,
      0.0,
      0.0032099655905176053,
      0.005487505358515229,
      0.007720539129900919,
      0.01116887080543625,
      0.0,
      0.0011167559932654604,
      0.0,
      0.01954672110080316,
      0.0,
      0.004075094116103923,
      0.013442654768467956,
      0.011192092032985467,
      0.0,
      0.013611564120076114,
      0.0,
      0.0,
      0.0021847673210652328,
      0.0,
      0.0,
      0.0,
      0.0,
      0.0021241670254738723,
      0.0,
      0.0,
      0.0,
      0.0,
      0.007499554259121397,
      0.0,
      0.008297773144679338,
      0.0033246448268549784,
      0.0,
      0.0,
      0.0,
      0.008103793389551911,
      0.005406385445438228,
      0.0011045693414177967,
      0.006863568729289841,
      0.0,
      0.0,
      0.0,
      0.0,
      0.0,
      0.007912990774649117,
      0.0,
      0.004108869314558624,
      0.0,
      0.003866283437425979,
      0.008400443152044666,
      0.0,
      0.0,
      0.0,
      0.0026253308379454525,
      0.0,
      0.0,
      0.0,
      0.0,
      0.0,
      0.005345489344469398,
      0.0,
      0.012264701714887333,
      0.0,
      0.0025996456051523165,
      0.0,
      0.0,
      0.025710894352770807,
      0.00912453158591949,
      0.00042333952840699384,
      0.0,
      0.0,
      0.011443403779514022,
      0.006896500146297859,
      0.0,
      0.011316503948198697,
      0.0,
      0.007262900027573048,
      0.01381508480596958,
      4.490318278509714e-05,
      0.0,
      0.008014414476013424,
      0.0,
      0.0007842013510227382,
      0.008170076803526539,
      0.0029621913096178343,
      0.0,
      0.01809343694510742,
      0.011585212348072693,
      0.008113619252549763,
      0.01980018970229385,
      0.0035643641595580157,
      0.007286554850817036,
      0.013276602477878806,
      0.0,
      0.007679243094724284,
      0.0,
      0.005358012755669187,
      0.0036158512206216804,
      0.0,
      0.0008384728584592558,
      0.0153562501700196,
      0.0,
      0.0,
      0.01014639414084382,
      0.0,
      0.0,
      0.0,
      0.0,
      0.01185644767431815,
      0.0,
      0.0,
      0.0,
      0.009503543135723033,
      0.004565747538582328,
      0.0,
      0.0,
      0.022378296316087256,
      0.0054653030375450915,
      0.0021899615676598053,
      0.0010516736541283506,
      0.0,
      0.0,
      0.003957681180352759,
      0.0,
      0.0,
      0.0,
      0.022678722325301128,
      0.02846811522217476,
      0.0,
      0.0,
      0.011833097858457006,
      0.0,
      0.0,
      0.01439958165245683,
      0.015352376187991595,
      0.00031542708619592964,
      0.008674504294882554
    ],
    "low_data": false
  },
  "250000": {
    "median": 8.467009206321067e-05,
    "p90": 0.011924663449779719,
    "p10": 0.0,