{
  "100000": {
    "median": 0.0009287277094633072,
    "p90": 0.01274939765620251,
    "p10": 0.0,
    "sample": [
      0.0001253362636730365,
      0.00011396413760355047,
      0.00993079885273791,
      0.0036662955938007533,
      0.007182462410526187,
      0.0,
      0.0,
      0.005674499305811914,
      0.0016274724646669092,
      0.0,
      0.01104519822665543,
      0.0013906900955223225,
      0.003549485763660725,
      0.0014855758589374531,
      0.012915497921383,
      0.0072501295128388965,
      0.0,
      0.008835151568496204,
      0.00983999735498031,
      0.0,
      0.004746303467456039,
      0.00558103556106726,
      0.005999497974341842,
      0.0,
      0.0,
      0.0006849672072356647,
      0.007172790262093132,
      0.0018209820990321957,
      0.005038386199741662,
      0.002521696971895375,
      0.0,
      0.0015118841493261886,
      0.0008358102077685947,
      0.0,
      0.006657458233582391,
      0.009612559144505775,
      0.006693311964843346,
      0.0063077573472791705,
      0.0,
      0.0012449026608372658,
      0.011287000542946773,
      0.0,
      0.0,
      0.0,
      0.0,
      0.0,
      0.0,
      0.004957340568388874,
      0.0015450780353782573,
      0.0,
      0.015432273970290813,
      0.004563294264661801,
      0.0,
      0.003370309602334205,
      0.0,
      0.005612291583190213,
      0.0,
      0.006497701215084918,
      0.002951015555415544,
      0.0026766285340720157,
      0.026695918724124777,
      0.00737711780775641,
      0.0,
      0.0,
      0.0,
      0.013850594976493944,
      0.0,
      0.006365409196667679,
      0.001378386615948269,
      0.003698159585166047,
      0.0,
      0.0017670866610852622,
      0.0,
      0.018945725705258116,
      0.004021972596286328,
      0.014928219937322362,
      0.017922790249535817,
      0.0,
      0.0,
      0.0,
      0.027213810288760194,
      0.011242448549936557,
      0.0,
      0.022951968582910928,
      0.0,
      0.0,
      0.0,
      0.0,
      0.00189280740592964,
      0.0,
      0.0007512815511166236,
      0.012739029967396811,
      0.0,
      0.0,
      0.011483264107845411,
      0.019687328363034138,
      0.0,
      0.0,
      0.0,
      0.006330395986931303,
      0.0009595307205783708,
      0.0,
      0.006716828367611407,
      0.0,
      0.008397461074984678,
      0.0,
      0.0,
      0.0,
      0.0,
      0.0,
      0.0,
      0.0,
      0.0009830069817588869,
      0.0,
      0.0,
      0.0122344981786813,
      0.020687085704912546,
      0.0,
      0.0,
      0.0,
      0.0,
      0.0013416301902560122,
      0.0,
      0.0,
      0.0025205229210273237,
      0.0,
      0.0025117566254927873,
      0.011538989735559248,
      0.000933300411401398,
      0.0,
      0.0,
      0.0009788667614039656,
      0.0,
      0.005008814549849381,
      0.01553466764625666,
      0.028860948610894707,
      0.0,
      0.0,
      0.0,
      0.0,
      0.007703799522889606,
      0.0,
      0.019625300148686523,
      0.007360958436722435,
      0.0,
      0.0,
      0.005976888591410348,
      0.0009241550075252163,
      0.02394211422580435,
      0.0,
      0.018261281344289206,
      0.006392709208317635,
      0.01021996081416111,
      0.0,
      0.0,
      0.013694315515018606,
      0.0,
      0.0,
      0.002635183552252934,
      0.0014191340766963015,
      0.0013382724138314317,
      0.017616261249375792,
      0.0,
      0.0016659309530773346,
      0.0,
      0.0037081288199463536,
      0.0003492207589663028,
      8.836198100592584e-05,
      0.00458926093134666,
      0.0,
      0.004688021348135974,
      0.0,
      0.007671710070684365,
      0.0,
      0.0036207367286449155,
      0.0,
      0.00021930803250417454,
      0.0,
      0.0,
      0.0,
      0.01077941836606718,
      0.010842059953423243,
      0.0007152494687171266,
      0.0,
      0.0,
      0.0,
      0.0,
      0.0,
      0.006578686866479088,
      0.013360792559455617,
      0.004590292779857419,
      0.0036288987124445224,
      0.0,
      0.004762249787989843,
      0.012842706855453799,
      0.00885282018306985,
      0.012163205530992848,
      0.012200086706953559,
      0.0003889883548339092,
      0.0
    ],
    "low_data": false
  },
  "250000": {
    "median": 0.0010677829552862305,
    "p90": 0.012848931474139333,
    "p10": 0.0,