{
  "100000": {
    "median": 0.0,
    "p90": 0.010796199895306707,
    "p10": 0.0,
    "sample": [
      0.00013395267859553735,
      0.0002224792512209394,
      0.0,
      0.0028177120835976106,
      0.0012240027556961292,
      0.0032032443910999984,
      0.0,
      0.014419389699415603,
      0.0,
      0.0,
      0.0,
      0.0,
      0.008815237184689797,
      0.0,
      0.02019610473059377,
      0.0,
      0.0,
      0.010743298595355588,
      0.0,
      0.0,
      0.0,
      0.0,
      0.0,
      0.006817336732948104,
      0.0031852635947012863,
      0.013747440891693392,
      0.0,
      0.0,
      0.004466163667301254,
      0.0,
      0.007738731652728503,
      0.024688045972396187,
      0.0,
      0.0038005609114264483,
      0.0,
      0.010089936383603624,
      0.0,
      0.002595349921316448,
      0.0,
      9.200688108221996e-05,
      0.0,
      0.007020736869802167,
      0.0,
      0.0,
      0.0,
      0.0,
      0.0,
      0.004900465840388594,
      0.0,
      0.0,
      0.0054749110153698,
      0.017191243536705533,
      0.0026106684817689104,
      0.0,
      0.006451735203848298,
      0.0,
      0.008771332027966013,
      0.0,
      0.0,
      0.0,
      0.0001377758208055097,
      0.005027709579661959,
      0.005515902261069535,
      0.0006443929493257567,
      0.0,
      0.00021604814931953538,
      0.0057355682143968734,
      0.0,
      0.0,
      0.010094479483862863,
      0.009886541330426163,
      0.0,
      0.004575409528169912,
      0.018696087992076095,
      0.0,
      0.0,
      0.013583242884548957,
      0.004229081282217038,
      0.01275221000786104,
      0.0,
      0.0,
      0.0,
      0.0,
      0.006395619484289462,
      0.008731854295090853,
      0.0,
      0.0,
      0.005139227485644462,
      0.0,
      0.0,
      0.00417004643161431,
      0.001399662040787668,
      0.0,
      0.0017492489891232723,
      0.0,
      0.0,
      0.009831101286775472,
      0.0016350782019388503,
      0.00892027900939248,
      0.016616108626487384,
      0.0,
      0.0051499011780429226,
      0.0,
      0.010663433384321542,
      0.0,
      0.0,
      0.0,
      0.0,
      0.0,
      0.0,
      0.0,
      0.0007027964696434607,
      0.0,
      0.015407361322671754,
      0.0,
      0.0,
      0.001518347765662343,
      0.001994745403732753,
      0.00022152470546830383,
      0.0009095937950552172,
      0.0,
      0.0,
      0.0,
      0.0,
      0.0016030656731229208,
      0.0,
      0.0,
      0.0,
      0.0,
      0.012919061110241646,
      0.0,
      0.0,
      0.010798560934676382,
      0.015939122510612136,
      0.010115766449092475,
      0.0,
      0.0,
      0.0,
      0.0,
      0.0,
      0.0,
      0.0,
      0.0,
      0.0022511243253125054,
      0.0013543487202349125,
      0.0,
      0.008728086338363507,
      0.0013601249451619835,
      0.0,
      0.0052749179193116134,
      0.0,
      0.0,
      0.0,
      0.0,
      0.010795937557598966,
      0.01073818473764345,
      0.015468461395164694,
      0.0009178703366004259,
      0.0,
      0.0020226230672724553,
      0.0017516794294634194,
      0.012473428273346266,
      0.014341275394546302,
      0.008960752545752163,
      0.0,
      0.0,
      0.0,
      0.0009602364840594218,
      0.0,
      0.0,
      0.0007755229429044296,
      0.0,
      0.0,
      0.023651180564028235,
      0.005991496511034272,
      0.0,
      0.00829540674367862,
      0.00749529452979236,
      0.025411660260802563,
      0.00018499759364500994,
      0.00941342830869451,
      0.0,
      0.0,
      0.008848552883636595,
      0.0,
      0.0,
      0.01677693660452809,
      0.0052322479711938595,
      0.0,
      0.0017687058016029138,
      0.0,
      0.0,
      0.006088609331917891,
      0.0,
      0.005831941284675056,
      0.0022651086788941176,
      0.0,
      0.0,
      0.001437885275684934,
      0.015364279636780909
    ],
    "low_data": false
  },
  "250000": {
    "median": 0.0,
    "p90": 0.01092007443415032,
    "p10": 0.0,
    "sample": [
      0.0003055606394719794,
      0.000507499386985623,
      0.0,
      0.002957858032113103,
      0.0014154934811404691,
      0.003329698089574231,
      7.089114063733425e-05,
      0.01454860914809488,
      0.0,
      0.0,
      0.0,
      0.0,
      0.008937473123562675,
      0.0,
      0.020359333884979774,
      0.0,
      0.0,
      0.010915354657772935,
      0.0,
      0.0,
      0.0,
      0.0,
      0.0,
      0.0070427239531432855,
      0.0032997269833774778,
      0.013907733944171136,
      0.0,
      0.0,
      0.004677580975262691,
      0.0,
      0.00786422256410278,
      0.024824431498578936,
      0.0,
      0.003936655372550368,
      0.0,
      0.01019780873670811,
      0.0,
      0.002714535038923837,
      0.0,
      0.0003329245690307575,
      0.0,
      0.0071403454083490804,
      0.0,
      0.0,
      0.0,
      0.0,
      0.0,
      0.004998038190691885,
      0.0,
      0.0,
      0.005590586596946262,
      0.017356070309890254,
      0.0027352525916604555,
      0.0,
      0.00665305110933515,
      0.0,
      0.00893055065467569,
      0.0,
      0.0,
      0.0,
      0.0003076027257104906,
      0.005148824054314027,
      0.005635828365593248,
      0.0008567941077642822,
      0.0,
      0.00033546960850518637,
      0.005836186864211537,
      0.0,
      0.0,
      0.010277091934356736,
      0.009981294194508187,
      0.0,
      0.0046851497222292,
      0.01888863479134703,
      0.0,
      0.0,
      0.013682430054105238,
      0.004393809405102878,
      0.012867073981643997,
      0.0,
      0.0,
      0.0,
      0.0,
      0.006637851135083337,
      0.008824335874565468,
      0.0,
      0.0,
      0.005244083960477091,
      0.0,
      0.0,
      0.004321408067523583,
      0.0015258607059329245,
      0.0,
      0.0018877684875104497,
      0.0,
      0.0,
      0.009993741019613695,
      0.0018181382057547394,
      0.009110508773890762,
      0.016704393869837585,
      0.0,
      0.0053690706397517066,
      0.0,
      0.0107955199015556,
      0.0,
      0.0,
      0.0,
      0.0,
      0.0,
      0.0,
      0.0,
      0.0008303564223062209,
      0.0,
      0.01560508258621667,
      0.0,
      0.0,
      0.0016017949256635845,
      0.0020878197600808553,
      0.00030560204023173833,
      0.001061076259991535,
      0.0,
      0.0,
      0.0,
      0.0,
      0.0018056908137016924,
      0.0,
      0.0,
      0.0,
      0.0,
      0.012999301458669819,
      0.0,
      0.0,
      0.010898935884713629,
      0.016063061382972525,
      0.010264126170397932,
      0.0,
      0.0,
      0.0,
      0.0,
      0.0,
      0.0,
      0.0,
      0.0,
      0.0023717552528175643,
      0.0014726610957477857,
      0.0,
      0.008808514932332857,
      0.0015070979268813549,
      0.0,
      0.005375837492741546,
      0.0,
      0.0,
      0.0,
      0.0,
      0.010941613795514659,
      0.010917681171776505,
      0.015546553934143233,
      0.0010653679565048504,
      0.0,
      0.002149194134159817,
      0.0018529167802195216,
      0.01262134222436958,
      0.014422339319446394,
      0.009074714792932688,
      0.0,
      0.0,
      0.0,
      0.0011008979176639513,
      0.0,
      0.0,
      0.0008838992611681722,
      0.0,
      0.0,
      0.023752090581152054,
      0.006078404742778923,
      0.0,
      0.008434846697572058,
      0.007615025277430516,
      0.025493789101474106,
      0.0003628005981122919,
      0.00954140128434284,
      0.0,
      0.0,
      0.009029813612937605,
      0.0,
      0.0,
      0.016888616009094675,
      0.005311128850991114,
      0.0,
      0.0018751208678109816,
      0.0,
      0.0,
      0.006227448286769134,
      0.0,
      0.005982784469973609,
      0.00235915400665039,
      0.0,
      0.0,
      0.001569611501568128,
      0.015504732492392839
    ],
    "low_data": false
  },
  "500000": {
    "median": 0.0,
    "p90": 0.011182061375219772,
    "p10": 0.0,