{
  "100000": {
    "median": 0.00045571550525485736,
    "p90": 0.011301657075635092,
    "p10": 0.0,
    "sample": [
      0.00011757455108241409,
      9.863150816957311e-05,
      0.0,
      0.0007156920452809697,
      0.0,
      0.0,
      0.0,
      0.008108999238258764,
      0.014235083443005739,
      0.0,
      0.003248001598235732,
      0.009892414351314138,
      0.0,
      0.004400638112241766,
      0.003189394037984543,
      0.008135693811185958,
      0.0,
      0.0,
      0.0,
      0.0,
      0.0,
      0.0,
      0.0,
      0.0,
      0.0,
      0.0,
      0.013127483925169556,
      0.0027059436814481394,
      0.0,
      0.0,
      0.0075949481311419825,
      0.0068726242291290525,
      0.004192936815242938,
      0.0,
      0.0,
      0.008461146312710633,
      0.012235935513858664,
      0.001313674553856586,
      0.00715635791355306,
      0.007720233942370666,
      0.010790982252568825,
      0.0,
      0.007537314603761894,
      0.02517014838153652,
      0.0007104717970578712,
      0.0038494797823640874,
      0.017928831998864303,
      0.0,
      0.0003952050959584833,
      0.0,
      0.0,
      0.0,
      0.0,
      0.0,
      0.0,
      0.0,
      0.0024066310478956104,
      0.004487559945153604,
      0.008468194176705095,
      0.006362191111697251,
      0.0,
      0.006211509341571443,
      0.0063799211343950205,
      0.0002494146661630005,
      0.0019121617409930862,
      0.0,
      0.007818987612634557,
      0.007525751428761513,
      0.0021716867017398294,
      0.0011157747543959248,
      0.01279463659056148,
      0.0,
      0.005010238559606569,
      0.0009835937622740504,
      0.016783214453141865,
      0.0,
      0.00014989405898483413,
      0.0,
      0.0011221145818446025,
      0.0,
      0.0,
      0.0,
      0.016274949654361742,
      0.011134317734951094,
      0.0,
      0.027833938197902423,
      0.0,
      0.0,
      0.0,
      0.0,
      0.0,
      0.009724743315799951,
      0.004101336122206296,
      0.01356590927287866,
      0.0038220219154719228,
      0.01664368230785742,
      0.004015913054440896,
      0.00655604642800343,
      0.0,
      0.0,
      0.0,
      0.0,
      0.003561493643738808,
      0.0023415229968782986,
      0.0,
      0.0,
      0.0,
      0.0,
      0.0,
      0.020141006064764197,
      0.0,
      0.005099431158450163,
      0.0,
      0.009439931443737008,
      0.0,
      0.015565495094201048,
      0.0,
      0.0,
      0.0,
      0.0013361671956898435,
      0.0,
      0.0,
      0.0018403257537483325,
      0.008351129460244537,
      0.0,
      0.00715181515666178,
      0.004793165458797769,
      0.004569163981819075,
      0.0,
      0.0043970763267457,
      0.012369791855784167,
      0.011642858594878298,
      0.001480905752632048,
      0.0,
      0.01092495273202893,
      0.0,
      0.007801504088231641,
      0.0,
      0.0,
      0.006674691771243535,
      0.0,
      0.005903074285487103,
      0.005157240750742711,
      0.016807308594877397,
      0.008905300215837667,
      0.0,
      0.00879487556912594,
      0.0,
      0.0030719479763976496,
      0.0,
      0.0,
      0.0014953615930447548,
      0.0,
      0.010817847443136441,
      0.021202673389210464,
      0.0,
      0.0,
      0.0030437351343180763,
      0.0,
      0.0020426802594290644,
      0.0,
      0.0002733064373000361,
      0.00028543236612563747,
      0.003229925895590523,
      0.0004164498027398469,
      0.0,
      0.0,
      0.0025142078302578057,
      0.0,
      0.001562333702162591,
      0.0004982728531448221,
      0.0034139821938879954,
      0.007054191574386683,
      0.0,
      0.009076281099034723,
      0.0036030188121313252,
      0.00896221188238489,
      0.0,
      0.0004949812077698678,
      0.01199822588847413,
      0.0,
      0.0,
      0.0,
      0.0031622452502526595,
      0.006752239001169726,
      0.008296291248904861,
      0.0027894838658914915,
      0.0,
      0.011263745795719182,
      0.00027938074912587063,
      0.022307499014416844,
      0.00292021079961746,
      0.0,
      0.0,
      0.007020457684110765,
      0.0,
      0.0,
      0.0,
      0.021772782625843652,
      0.0
    ],
    "low_data": false
  },
  "250000": {
    "median": 0.0005919009928358501,
    "p90": 0.011493621429594375,
    "p10": 0.0,