{
  "100000": {
    "median": 0.0006621979081160706,
    "p90": 0.010789002412813681,
    "p10": 0.0,
    "sample": [
      0.00010866798274292902,
      0.00010013028859471683,
      0.0,
      0.0006779977993130464,
      0.0013019380092727548,
      0.0020949496816541763,
      0.0,
      0.0,
      0.0,
      0.0,
      0.011302656324760994,
      0.0,
      0.0047136991057733345,
      0.0,
      0.0018777243127161827,
      0.016045256594968468,
      0.0,
      0.0,
      0.0,
      0.006948534829424266,
      0.001312736103521778,
      0.0,
      0.0,
      0.0,
      0.00046586052348172294,
      0.010242945851662697,
      0.0024776009351962676,
      0.0,
      0.006161104867702478,
      0.017249064108456162,
      0.002793556046697253,
      0.009633470578675071,
      0.011040244976759237,
      0.0,
      0.010576915740347045,
      0.013486452869456196,
      0.00649001776353644,
      0.0,
      0.00020113486936902293,
      0.008997056146364786,
      0.0046412571069239334,
      0.0,
      0.015940783433950913,
      0.0,
      0.0026472861638217513,
      0.024489922554590343,
      0.0013115444125146218,
      0.0,
      0.0,
      0.007249471459219356,
      0.0,
      0.004951215203379993,
      0.0,
      0.0,
      0.00980116485473679,
      0.002554642551088967,
      0.006659598823819493,
      0.0,
      0.006898999540378964,
      0.006420611029309076,
      0.014556685009219826,
      0.0038428541543956995,
      0.012825600230021019,
      0.0049507540800032635,
      0.008421370066219031,
      0.0015672888120348636,
      0.010290804844234789,
      0.0,
      0.0,
      0.0011715268392555789,
      0.002648142719863045,
      0.0,
      0.001036526042316863,
      0.0026791629365707633,
      0.013945074307816056,
      0.019741671936609414,
      0.0,
      0.010198350808213396,
      0.007105723031497971,
      0.0,
      0.0,
      0.010443635789280719,
      0.0009476810671698986,
      0.002093042022203417,
      0.0,
      0.0,
      0.0015756519083490834,
      0.010761086572375289,
      0.0,
      0.0,
      0.024545639940733586,
      0.0,
      0.0,
      0.0,
      0.007381748321055192,
      0.0,
      0.004057366962292061,
      0.00967549880788723,
      0.0,
      0.007814341016885584,
      0.008238803599887509,
      0.0,
      0.0,
      0.0,
      0.02271023172034564,
      0.0,
      0.011061051511701336,
      0.0,
      0.008561300283458468,
      0.0,
      0.0035382023500904742,
      0.0046148765647346735,
      0.002783491174757927,
      0.0,
      0.00406322909955439,
      0.0,
      0.0,
      0.002205600927247265,
      0.0,
      0.0,
      0.0,
      0.0,
      0.012898628032096272,
      0.0,
      0.0,
      0.0,
      0.0,
      0.010492969282839694,
      0.010256987159432308,
      0.007337194742925133,
      0.0039366962065114286,
      0.0006463980169190948,
      0.0014104459931825037,
      0.0,
      0.0,
      0.0005231999677934313,
      0.0062472846345208565,
      0.008883651521759756,
      0.0020264432173091275,
      0.007880831103468619,
      0.01510222728645439,
      0.0,
      0.0009923721485173246,
      0.0028834343567699016,
      0.0,
      0.0,
      0.0,
      0.007554260403845371,
      0.0,
      0.0016707481327030715,
      0.0,
      0.005556963339007492,
      0.0,
      0.0004032128124763592,
      0.0008050152051502582,
      0.003993158982216915,
      0.002936950226336663,
      0.0,
      0.0,
      0.0021712805977141805,
      0.0005629892216908723,
      0.0,
      0.0,
      0.0,
      0.0,
      0.0,
      0.0,
      0.0,
      0.0,
      0.0,
      0.0,
      0.019269306669076273,
      0.014547266466687456,
      0.0,
      0.004768767323397284,
      0.0,
      0.003462939262075809,
      0.005126132831778544,
      0.0,
      0.0,
      0.0,
      0.006800037005609003,
      0.0005307548923769262,
      0.0032544775539313023,
      0.0,
      0.0,
      0.0,
      0.0,
      0.013413003794958613,
      0.0,
      0.001147459411071275,
      0.0,
      0.01850675137581712,
      0.003148967329744554,
      0.0,
      0.0,
      0.0048696828184455615,
      0.007057546115550553,
      0.0,
      0.002024750106005369
    ],
    "low_data": false
  },
  "250000": {
    "median": 0.0008125162976398511,
    "p90": 0.010942798403489332,
    "p10": 0.0,