{
  "100000": {
    "median": 0.001070716593239513,
    "p90": 0.01134221326244759,
    "p10": 0.0,
    "sample": [
      0.00013156851695037239,
      8.715902121611415e-05,
      0.0,
      0.0,
      0.0,
      0.012311745403203397,
      0.009205538855146739,
      0.0029429205328776985,
      0.0,
      0.00937617216887034,
      0.006737192244439447,
      0.002370936355348706,
      0.01321151534551573,
      0.0076394140112660824,
      0.003539577849206814,
      0.001479429698382293,
      0.0030164917982326385,
      0.0013931388258817587,
      0.0,
      0.0,
      0.0,
      0.0,
      0.0,
      0.0,
      0.006553638848717535,
      0.008174960004303799,
      0.00572607201221842,
      0.01109746763413556,
      0.0022188903560883297,
      0.0,
      0.0033344087175515387,
      0.0,
      0.007244042249492765,
      0.0,
      0.0,
      0.003125814462680412,
      0.0,
      0.001485011771688456,
      0.0,
      0.0043785104557907475,
      0.00809041631766863,
      0.003639673357017139,
      0.00732763669564315,
      0.0,
      0.0,
      0.009484184641669982,
      0.0,
      0.012617235296399451,
      0.015250591561100472,
      0.0,
      0.0,
      0.0,
      0.0,
      0.0,
      0.00517086004924707,
      0.0,
      0.0,
      0.0,
      0.006019902965242578,
      0.011285393983455703,
      0.0,
      0.0,
      0.0,
      0.009156198120365912,
      0.014383620756608982,
      0.009945652183602561,
      0.01066923288319963,
      0.005308239686097244,
      0.0,
      0.0,
      0.014452903794714386,
      0.0,
      0.010247289042469621,
      0.01487365900415789,
      0.0,
      0.01406369708480492,
      0.002837865637574824,
      0.01078455968738781,
      0.015949995033262873,
      0.019432662862288022,
      0.009290455627130725,
      0.009382912872416606,
      0.0,
      0.0033019840504546778,
      0.0,
      0.008128322882116375,
      0.0,
      0.0,
      0.00651851253225919,
      0.0,
      0.020658973318478414,
      0.00592310861779327,
      0.0,
      0.006796603783735033,
      0.0063249684931883125,
      0.0015931329352286685,
      0.009287551638170135,
      0.0,
      0.0035383771968327937,
      0.007082383199039962,
      0.0,
      0.0007482943605972673,
      0.0,
      0.004001881607516643,
      0.007492582879082186,
      0.010382520573037408,
      0.0,
      0.0,
      0.01397078001701245,
      0.004107648951952924,
      0.0,
      0.00802871924985311,
      0.007269360175903656,
      0.006987916222248906,
      0.006065709552948834,
      0.0,
      0.0,
      0.0,
      0.0,
      0.0,
      0.00215629630644299,
      0.00597030433963779,
      0.0,
      0.0,
      0.0,
      0.0,
      0.0,
      0.00459545944177055,
      0.0,
      0.010465200002797992,
      0.0017592794603469302,
      0.0,
      0.010448832757926555,
      0.0,
      0.0,
      0.0,
      0.0,
      0.0,
      0.0034520425945634395,
      0.00752432593602592,
      0.0,
      0.002094075321320334,
      0.010645605387913948,
      0.0,
      0.0,
      0.006769667483324206,
      0.0003936393185702996,
      0.0029970572165000406,
      0.0,
      0.002415661791354641,
      0.0,
      0.007204393311882847,
      0.010801930878361676,
      0.010785113887336573,
      0.0004943817713169616,
      0.0,
      0.011853586773374595,
      0.0,
      0.018093901891328854,
      0.0,
      0.005604664347909159,
      0.0,
      0.0,
      0.003089805755283124,
      0.01805478203523659,
      0.0,
      0.006587774005232467,
      0.004224539971506318,
      0.01853151353956183,
      0.016214465271850567,
      0.007338341923957517,
      0.0,
      0.0,
      0.0,
      0.0,
      0.0,
      0.0,
      0.0,
      0.0,
      0.0,
      0.0,
      0.011257371088740774,
      0.0,
      0.0,
      0.0,
      0.0,
      0.010367439707826458,
      0.0,
      0.019639931860368293,
      0.005175583223032394,
      0.0003340624714670044,
      0.013275696831699392,
      0.00014003469930993318,
      0.0,
      0.00814722245373647,
      0.0,
      0.01460143391347769,
      0.010102798363373152,
      0.0,
      0.0
    ],
    "low_data": false
  },
  "250000": {
    "median": 0.0011974942962071165,
    "p90": 0.011574015938858997,
    "p10": 0.0,