{
  "100000": {
    "median": 0.00048612427579089354,
    "p90": 0.010225491984168994,
    "p10": 0.0,
    "sample": [
      0.0001427921473768198,
      0.00018260648742001177,
      0.0,
      0.035017963964959896,
      0.0,
      0.005158826305698682,
      0.008914855636905366,
      0.0,
      0.0,
      0.00459378787039738,
      0.004075524551838736,
      0.010585474662033082,
      0.006357311630171408,
      0.006798619486814317,
      0.0,
      0.007601383739115869,
      0.0,
      0.0037233582044872656,
      0.0,
      0.007311722126786467,
      0.0,
      0.0,
      0.0018942815366663167,
      0.0,
      0.0066695675892778404,
      0.01014465761716659,
      0.0,
      0.00373830697380137,
      0.0,
      0.0,
      0.012669712950110731,
      0.0,
      0.0,
      0.0,
      0.0006565183379809534,
      0.007022301353296725,
      0.0,
      0.013513917230997513,
      0.0060718367490085355,
      0.009308629560997294,
      0.0,
      0.016752897330653545,
      0.001216789384369496,
      0.0014285682911293392,
      0.006477171119752835,
      0.007676713322804382,
      0.0,
      0.0,
      0.010185493908850766,
      0.0,
      0.0,
      0.0,
      0.0,
      0.0,
      0.0,
      0.0002829792165646324,
      0.0,
      0.007926820303336081,
      0.005314254638437653,
      0.0,
      0.0,
      0.00911576562237543,
      0.0,
      0.009808200060263722,
      0.0009310727134869255,
      0.0,
      0.01537512179742519,
      0.004050207312571181,
      0.008725088979241995,
      0.00393976180856427,
      0.0,
      0.002281512167338437,
      0.001503458340800434,
      0.0,
      0.0,
      0.006636979441863343,
      0.009015563894682353,
      0.007524379278174338,
      0.004212342573455723,
      0.0013801175568550032,
      0.007739478917432035,
      0.00400131827114606,
      0.004259489809720901,
      0.0,
      0.0037794525522902743,
      0.0020534050904594823,
      0.0,
      0.0,
      0.0,
      0.0,
      0.0,
      0.0,
      0.0,
      0.0,
      0.0035345102069070664,
      0.0,
      0.0,
      0.0,
      0.0,
      0.002237909744452402,
      0.0,
      0.0,
      0.0039575113598408,
      0.00740684787979492,
      0.00021642722361394227,
      0.005255397572693286,
      0.0,
      0.0033280875068496594,
      0.005949262220327191,
      0.0,
      0.0,
      0.0,
      0.0,
      0.015342247515027252,
      0.0,
      0.0015654946605438956,
      0.0,
      0.0,
      0.0,
      0.004181260241909218,
      0.0092144577507491,
      0.009883227704319516,
      0.0,
      0.019561299300063093,
      0.0,
      0.0,
      0.0,
      0.0,
      0.0,
      0.016332750129407964,
      0.023160833099323156,
      0.007382346867899429,
      0.0,
      0.01074034852904272,
      0.009503553832755926,
      0.002059001163502824,
      0.0,
      0.003791815874155922,
      0.0,
      0.0024509864193441944,
      0.0,
      0.0,
      0.0,
      0.006365144551003251,
      0.0,
      0.016192716145548864,
      0.0,
      0.01812997886531941,
      0.020368356199248292,
      0.001919439288997402,
      0.0,
      0.010743939429033265,
      0.0,
      0.0,
      0.005660124069371118,
      0.002628658317848725,
      0.008983658832912177,
      0.0,
      0.013231384261026257,
      0.002461312643493602,
      0.002259930127510709,
      0.00714452609775479,
      0.004093348420815287,
      0.0,
      0.004269464286241582,
      0.003390923982157485,
      0.0,
      0.01254503069842384,
      0.00933486957759275,
      0.002434763075293363,
      0.012355450091504471,
      0.0,
      0.004742554319883815,
      0.0,
      0.0003157302136008337,
      0.0,
      0.0032776546633183903,
      0.0,
      0.0,
      0.0,
      0.00866911490040171,
      0.0030269935794157506,
      0.0007496884946436036,
      0.0,
      0.008485472611068844,
      0.005347454276869398,
      0.01092224288112457,
      0.0,
      0.0,
      0.0,
      0.00030643075834343135,
      0.0,
      0.0,
      0.0037383898119455034,
      0.0,
      0.0,
      0.0018817313827649924,
      0.0001459993758102307,
      0.01126003587151979,
      0.0
    ],
    "low_data": false
  },
  "250000": {
    "median": 0.0006430615980951048,
    "p90": 0.010423737105467696,
    "p10": 0.0,