{
  "100000": {
    "median": 0.00010105383031070757,
    "p90": 0.010988789659998154,
    "p10": 0.0,
    "sample": [
      0.00017334366716516682,
      0.00012677944572478327,
      0.00461657251263221,
      0.005096834986435793,
      0.001917058131300785,
      0.0,
      0.0,
      0.00801327406712853,
      0.01038637923518208,
      0.0,
      0.012239885411310322,
      0.0023473886315375832,
      0.0,
      0.003289163876615202,
      0.0,
      0.0,
      0.004340160316693514,
      0.007045991174284577,
      0.006710773950459847,
      0.0028713325876651157,
      0.00029013468505072567,
      0.006926082401456777,
      0.0,
      0.0,
      0.0,
      0.016868725248955968,
      0.002638541891083964,
      0.0,
      0.010625368385795756,
      0.0,
      0.0,
      0.002291020808377069,
      0.015964281028499044,
      0.013505559429132492,
      0.0,
      0.0,
      0.0,
      0.0009604022868100077,
      0.012513662593354017,
      0.0,
      0.0,
      0.0,
      0.0,
      0.0,
      0.0035429654293070508,
      0.006272726231191683,
      0.011922334740743386,
      0.0,
      0.007381244579433211,
      0.0,
      0.007163692792537671,
      0.0,
      0.0,
      0.0009741479672811512,
      0.004225400417262614,
      0.0,
      0.009677765215763568,
      0.0,
      0.0012869121158174117,
      0.0013513721512255275,
      0.002616824577458885,
      0.0041344075815593065,
      0.010919447865170576,
      0.0,
      0.0,
      0.0,
      0.0,
      0.0,
      0.0,
      0.0027732584082660046,
      0.001440335615908063,
      0.0,
      0.0,
      0.0,
      0.008728847553996692,
      0.0,
      0.0,
      0.0,
      0.00569350409927865,
      0.0,
      0.013655445963782483,
      0.0,
      0.0,
      0.015657357882392933,
      0.004361214489638153,
      0.0,
      0.008852973331921655,
      0.008845700550527842,
      0.0,
      0.0,
      0.0029529161021902848,
      0.0,
      0.0,
      0.0,
      0.0,
      0.009305824842835951,
      0.005809738581363806,
      0.002889487353209831,
      0.0,
      0.005621093625171692,
      0.0,
      0.0019151418673957127,
      0.0,
      0.0004298722183871793,
      0.012124067018936122,
      0.004000599301667169,
      0.0,
      0.000730553135530323,
      0.0011950735649121848,
      0.01692506809811307,
      0.0,
      0.0,
      0.004528622646385632,
      0.004321734840341797,
      0.0,
      0.0,
      0.0,
      0.0035405390068234165,
      0.0,
      0.0046927585898497775,
      5.816624232754357e-05,
      0.0016578323438187026,
      0.0,
      0.0,
      0.010655109225100236,
      0.0,
      0.0,
      0.007003502988820201,
      0.019560703241295326,
      0.0,
      0.0013523912817289914,
      0.008472339460677297,
      0.0,
      0.010353116574731612,
      0.010478725250196087,
      0.0,
      0.011009214881305225,
      0.008399489001762923,
      0.012799898840041493,
      0.0,
      0.0,
      0.0,
      0.0,
      0.0,
      0.003493284613950776,
      0.0007222521609688367,
      0.007926049239956868,
      0.000845748720457287,
      0.0,
      7.532821489663187e-05,
      0.0,
      0.0,
      0.022013228835590447,
      0.0,
      0.012281911240130441,
      0.0,
      0.0,
      0.003575750360366725,
      0.010878060964776145,
      0.011849288023788453,
      0.0,
      0.0,
      0.0051448817104929765,
      0.004773700313877712,
      0.0031636433537878053,
      0.016122182324673138,
      0.01001340682787548,
      0.0,
      0.0,
      0.0017751029511467477,
      0.0031719657117972814,
      0.0,
      0.005479231356570835,
      0.0017456225238691569,
      0.0,
      0.011369810319502707,
      0.0,
      0.0,
      0.0,
      0.0,
      0.010413971674951181,
      0.0,
      0.0,
      0.0005968499372708633,
      0.0,
      0.0027112828001650043,
      0.0,
      0.0,
      0.012863376650193093,
      0.0,
      0.0,
      0.002225891882692055,
      0.010986520190964034,
      0.0,
      0.0,
      0.0,
      0.0,
      0.0,
      0.013970589151645075,
      0.00472043517196517
    ],
    "low_data": false
  },
  "250000": {
    "median": 0.00024947570621357344,
    "p90": 0.011125694994890334,
    "p10": 0.0,