{
  "100000": {
    "median": 0.00015413489104696478,
    "p90": 0.01140627802129075,
    "p10": 0.0,
    "sample": [
      0.00018230867549482018,
      0.00012596110659910938,
      0.0,
      0.003320513299486599,
      0.0,
      0.0,
      0.0,
      0.0,
      0.0,
      0.0013200144377965815,
      0.0074441063906966615,
      0.0,
      0.0,
      0.004954529987205342,
      0.01645547873121622,
      0.0,
      0.015360464374859325,
      0.0034847653627203858,
      0.0,
      0.018722586675598438,
      0.0,
      0.008726400953040841,
      0.0,
      0.00686895231777555,
      0.0,
      0.001038682575839224,
      0.0020209808492118284,
      0.0,
      0.003267868047633195,
      0.003162338890028672,
      0.0,
      0.0,
      0.005845130834907454,
      0.009850694464032108,
      0.0,
      0.002394147560262938,
      0.0,
      0.0,
      0.006676539923379722,
      0.004479468807865588,
      0.0,
      0.00207409169505653,
      0.0,
      0.01605080496452821,
      0.0018212170656335405,
      0.0027800645940143586,
      0.002264197612230845,
      0.008126273926163188,
      0.0,
      0.0033882332488629854,
      0.0,
      0.01140292893949375,
      0.0,
      0.0,
      0.0,
      0.001214530530090884,
      0.009111753072771813,
      0.002908370291541061,
      0.0,
      0.01436365451080122,
      0.012205130877862276,
      0.0,
      0.0,
      0.0,
      0.0,
      0.00656769913129346,
      0.00040692555695415417,
      0.005810836819430643,
      0.0,
      0.013398738056152533,
      0.007101217776003113,
      0.0,
      0.017304282028814424,
      0.014134466489244246,
      0.0,
      0.0,
      0.010054628352893669,
      0.0,
      0.001238043272630809,
      0.0,
      0.0023959776296905828,
      0.00274496636633488,
      0.0,
      0.0,
      0.0,
      0.005210085329030195,
      0.0,
      0.00032309382850227145,
      0.0,
      0.008569791194316848,
      0.0,
      0.0,
      0.0,
      0.0,
      0.00932827839344261,
      0.003898787031715881,
      0.0,
      0.011280404968372211,
      0.0,
      0.0019152555802426727,
      0.0,
      0.0,
      0.0,
      0.002757588046345877,
      0.0,
      0.0,
      0.0,
      0.002623200726443301,
      0.008179875862025157,
      0.0,
      0.0,
      0.0,
      0.0050693114020881795,
      0.0,
      0.007024133598154999,
      0.0,
      0.008325114218773792,
      0.0,
      0.0,
      0.011232836173297135,
      0.0115810113358474,
      0.007648696154120807,
      0.0,
      0.0,
      0.011436419757463755,
      0.01005963674397749,
      0.0,
      0.005255493861992127,
      0.0,
      0.0,
      0.0025229512436626663,
      0.014424348632371676,
      0.002657353778853941,
      0.0,
      0.0019422818496490717,
      0.0,
      0.003779748517451857,
      0.004713123332335395,
      0.0,
      0.007794617475596363,
      0.0,
      0.0,
      0.011291069090198724,
      0.0,
      0.003636981515129561,
      0.003484091837089255,
      0.005794579533604131,
      0.015953405726169604,
      0.0,
      0.0,
      0.0,
      0.009075588665623191,
      0.0037251688394939336,
      0.0,
      0.0013584479519715583,
      0.0,
      0.007913358888156119,
      0.007636129590877567,
      0.0020109315328435086,
      0.0,
      0.001321022631540013,
      0.0,
      0.0024547902220007334,
      0.0,
      0.0,
      0.0,
      0.002991146763556324,
      0.008849974157263569,
      0.027127418603805194,
      0.0,
      0.0,
      0.0,
      0.018574589267468782,
      0.010549741077627647,
      0.01570170396786454,
      0.0,
      0.0,
      0.0,
      0.015387178735469022,
      0.0006394397008950237,
      0.0,
      0.0,
      0.00464185196506211,
      0.012123209006062055,
      0.0,
      0.0,
      0.0,
      0.006827183078367331,
      0.0,
      0.0,
      0.006251617414372124,
      0.005670111251039207,
      0.01767971035296392,
      0.0,
      0.0,
      0.008531361665109026,
      0.0,
      0.0,
      0.016922898397064533,
      0.010952617588788323
    ],
    "low_data": false
  },
  "250000": {
    "median": 0.00035159846273371566,
    "p90": 0.011530881109230935,
    "p10": 0.0,