{
  "100000": {
    "median": 0.0006759971939719477,
    "p90": 0.010069722449782516,
    "p10": 0.0,
    "sample": [
      0.0001004376471222564,
      0.00010681142569395898,
      0.000821374607227561,
      0.0,
      0.0009079999004568229,
      0.0,
      0.0,
      0.0,
      0.0016110296916093283,
      0.0,
      0.0053861559578165736,
      0.004320900472234519,
      0.0015087389179070496,
      0.012064884452780035,
      0.007914321818295952,
      0.0,
      0.01140527923629422,
      0.0,
      0.0,
      0.028026378834131588,
      0.0012693656766112715,
      0.0,
      0.0,
      0.0019923731164496017,
      0.026746666338696153,
      0.0,
      0.010060066062954561,
      0.005739101739129677,
      0.0,
      0.004128358577072757,
      0.005889958666519851,
      0.011899648061947444,
      0.002472099353747792,
      0.010533796055107805,
      0.0,
      0.0,
      0.0,
      0.0004193426651185421,
      0.001517595363535911,
      0.001368905021452756,
      0.0,
      0.0,
      0.015480191224784532,
      0.0,
      0.00331664966462222,
      0.011368553618110884,
      0.006506307668231243,
      0.015350354299015025,
      0.0,
      0.001064123775665071,
      0.0,
      0.0,
      0.0009133500829561485,
      0.005303070831684174,
      0.0,
      0.006076286023939259,
      0.0,
      0.0,
      0.0019778095961943314,
      0.0,
      0.00462628992037426,
      0.0,
      0.005386832875209546,
      0.0,
      0.000398304982273818,
      0.004461269970695895,
      0.0,
      0.007364407587146899,
      0.005766326670074803,
      0.0037874741469447327,
      0.0,
      0.010367284095720046,
      0.0,
      0.0,
      0.0,
      0.0,
      0.0,
      0.0024531780503149352,
      0.004771051257341984,
      0.004607783957734867,
      0.0,
      0.0,
      0.012267694537950954,
      0.00514349751845937,
      0.006967542797980277,
      0.0,
      0.0,
      0.0,
      0.0170507886969115,
      0.006538754010376417,
      0.001239142576102568,
      0.0014511550374933335,
      0.0,
      0.0,
      0.0008249472568060128,
      0.0,
      0.004435230360557016,
      0.0,
      0.0,
      0.0012665574318900296,
      0.011376186799085032,
      0.003676343329570292,
      0.0,
      0.0,
      0.0051205246366025255,
      0.0005306197807163343,
      0.008890695096664595,
      0.0002462657252045912,
      0.009930825481682247,
      0.0021110135476954885,
      0.0,
      0.0010551984954113864,
      0.004039730458378491,
      0.01652071567796983,
      0.0,
      0.0,
      0.006351519597152165,
      0.0,
      0.0021303057034327915,
      0.0,
      0.006065537655653142,
      0.004923120534408997,
      0.0,
      0.00015516560741214602,
      0.002518929111920309,
      0.009211657564338083,
      0.005296980177094511,
      0.0,
      0.0,
      0.00465094251647007,
      0.0,
      0.0,
      0.0,
      0.009704104508719376,
      0.004146344074418725,
      0.0,
      0.01231361788432679,
      0.0,
      0.006136094862574498,
      0.0,
      0.0,
      0.0,
      0.001506291911929937,
      0.0,
      0.006699282372911747,
      0.009203382175285584,
      0.003753364329976152,
      0.0,
      0.01052938321281744,
      0.0,
      0.00178202937819087,
      0.0,
      0.0,
      0.0,
      0.003013637696311731,
      0.0,
      0.001948563548102987,
      0.014041122269541626,
      0.005884412423054413,
      0.0,
      0.0,
      0.0,
      0.0,
      0.007954104391811859,
      0.01832817812214472,
      0.0,
      0.010156629931234113,
      0.0,
      0.0,
      0.0,
      0.0,
      0.0,
      0.0030432453101943064,
      0.0,
      0.0,
      0.0,
      0.0008802755420895678,
      0.00362936780391568,
      0.0,
      0.008170109856724608,
      0.003519623116977536,
      0.0,
      0.0,
      0.007236448056541136,
      0.0024086286356361634,
      0.017036906445791068,
      0.0,
      0.0,
      0.005175155937688926,
      0.004564313835751574,
      0.00286828022054254,
      0.0,
      0.0,
      0.0,
      0.0,
      0.002343774588500112,
      0.001433476518689151,
      0.005852119586243773,
      0.0,
      0.0
    ],
    "low_data": false
  },
  "250000": {
    "median": 0.000850968690371646,
    "p90": 0.010269264723091073,
    "p10": 0.0,