{
  "100000": {
    "median": 0.0007614700110605875,
    "p90": 0.011795239817241699,
    "p10": 0.0,
    "sample": [
      0.0001332771719865114,
      0.0001496832855917576,
      0.007906292954874935,
      0.0,
      0.0,
      0.0,
      0.0073701424776667825,
      0.0008669005271590385,
      0.017198387659169204,
      0.0,
      0.008890308578216858,
      0.0,
      0.0,
      0.0,
      0.0030006464057223082,
      0.004384036024449185,
      0.0,
      0.0,
      0.0,
      0.008919963342194488,
      0.0032234826000069735,
      0.004397258201613636,
      0.0,
      0.0,
      0.004085458208676329,
      0.014222268893503925,
      0.00042186899396934167,
      0.0,
      0.012745369725281968,
      0.0,
      0.0032380821329610113,
      0.0,
      0.013331904496447692,
      0.008392601853920982,
      0.0,
      0.008564690772378257,
      0.0001430214190206159,
      0.009160096950649704,
      0.006761097020515928,
      0.009967188022155113,
      0.0033944450443435855,
      0.0,
      0.0,
      0.0,
      0.004234778899062587,
      0.0006560394949621367,
      0.016124534311651378,
      0.0,
      0.007186131102944704,
      0.01951602354848157,
      0.0,
      0.0,
      0.008860807665549652,
      0.0,
      0.0015506400518750872,
      0.0032438542148681003,
      0.0,
      0.004895946037729506,
      0.016999166617467688,
      0.0029460091436810496,
      0.0014717401891905066,
      0.0,
      0.0,
      0.0,
      0.00012453200126937193,
      0.003955669388828877,
      0.0,
      0.0,
      0.0,
      0.0,
      0.010605381314598735,
      0.017214266673080673,
      0.0,
      0.006437017851604711,
      0.014319030105459218,
      0.008089685345500933,
      0.0013357987102274765,
      0.0,
      0.0,
      0.0,
      0.006527194660742718,
      0.004327205512974444,
      0.004894565977459882,
      0.014113912801638035,
      0.0,
      0.013380029605110616,
      0.0,
      0.0,
      0.005318608542654278,
      0.0,
      0.0,
      0.0,
      0.0,
      0.0,
      0.0033452582656637907,
      0.0,
      0.0,
      0.0,
      0.0,
      0.0,
      0.0005514851820720861,
      0.005613012263617364,
      0.0,
      0.0,
      0.00389869116934161,
      0.024250079730223317,
      0.0,
      0.0011550898431172151,
      0.0,
      0.0,
      0.005266158459765778,
      0.007023283740239613,
      0.002070430128589224,
      0.0,
      0.0012489186163751646,
      0.0012304645496071134,
      0.006000279790610298,
      0.0,
      0.01176553073196661,
      0.0,
      0.006453758998729506,
      0.0,
      0.006010481851146125,
      0.0,
      0.0,
      0.0,
      0.0,
      0.0,
      0.0,
      0.004380406011587831,
      0.0,
      0.004971749488423447,
      0.0,
      0.0,
      0.01420759796063547,
      0.01551335295385622,
      0.010571731635314646,
      0.001995699231775881,
      0.0025193823891464877,
      0.0,
      0.016803848297292343,
      0.008402332534837968,
      0.0,
      0.00796619347555789,
      0.0,
      0.0028801484785682297,
      0.0,
      0.002727374511632446,
      0.005585906969434825,
      0.0,
      0.006494232956754933,
      0.010758361788379972,
      0.0,
      0.012109585007053886,
      0.00306132000665457,
      0.020307340830271733,
      0.0,
      0.004253144408683438,
      0.0,
      0.005093305084741955,
      0.011000666612137795,
      0.0,
      0.002287876250842774,
      0.008555205698833793,
      0.0,
      0.0022562612673444156,
      0.005074057018169269,
      0.003997377326698247,
      0.014245248639831867,
      0.0,
      0.00419026512951179,
      0.0,
      0.0,
      0.0,
      0.008793079932152541,
      0.008326567308021114,
      0.0,
      0.0,
      0.0,
      0.0,
      0.003989082208961201,
      0.00019440081197107112,
      0.0010090109737920696,
      0.012062621584717504,
      0.029618008003465094,
      0.008066548964579031,
      0.0019038522480575824,
      0.0,
      0.0,
      0.0,
      0.0,
      0.0076329876527772254,
      0.0,
      0.0,
      0.0,
      0.007978075188768278,
      0.007212452505538945,
      0.0037495067575848183,
      0.003369804667982386,
      0.0
    ],
    "low_data": false
  },
  "250000": {
    "median": 0.0008626461657529479,
    "p90": 0.011879498560044926,
    "p10": 0.0,