{
  "100000": {
    "median": 0.0,
    "p90": 0.011117560324282004,
    "p10": 0.0,
    "sample": [
      0.0001135200417322993,
      9.711281903831078e-05,
      0.0,
      0.0,
      0.0,
      0.0,
      0.0,
      0.0001348869719639206,
      0.0,
      0.0,
      0.007581632017985661,
      0.008352500869692693,
      0.0,
      0.0,
      0.01615015504309366,
      0.0,
      0.0,
      0.0,
      1.4853525954019312e-05,
      0.005035893549195699,
      0.0,
      0.0070720607023350935,
      0.0,
      0.0,
      0.0,
      0.0,
      0.0,
      0.0,
      0.0,
      0.0,
      0.0,
      0.0,
      0.0,
      0.006314878846470976,
      0.007800395957262532,
      0.015188671812744909,
      0.0,
      0.0010277684793838287,
      0.0,
      0.010908084860777332,
      0.005040515423457219,
      0.009575287489934442,
      0.006300556454525952,
      0.0138606477030247,
      0.012110225812138494,
      0.004711731368220662,
      0.0,
      0.00392772747398359,
      0.005424349026762981,
      0.006824675635812804,
      0.0,
      0.006419840143646246,
      0.0,
      0.027896372764982264,
      0.018134955036693344,
      0.0,
      0.0,
      0.0014374266535532969,
      0.0,
      0.0,
      0.01233336028496229,
      0.0,
      0.0,
      0.006433180508975173,
      0.0,
      0.012693316037485532,
      0.0,
      0.0,
      0.0,
      0.006930038376109065,
      0.0009885749113801496,
      0.0,
      0.0,
      0.01287650387370272,
      0.0,
      0.016685103075054764,
      0.0,
      0.0,
      0.0,
      0.0,
      0.0,
      0.0,
      0.0,
      0.0,
      0.0,
      0.0,
      0.01453669268633175,
      0.003909173670174742,
      0.0,
      0.001178627980180231,
      0.006995322162403766,
      0.0070955189987899295,
      0.0,
      0.014955783526947201,
      0.0,
      0.0,
      0.0,
      0.0,
      0.0,
      0.005292571925016753,
      0.0025646861000356556,
      0.009072263613837098,
      0.0,
      0.0,
      0.0045757463314602745,
      0.0,
      0.012894722470332595,
      0.0,
      0.0,
      0.0028885639294509813,
      0.0,
      0.0,
      0.007035211149955672,
      0.0,
      0.005936412419984798,
      0.002077312478311981,
      0.002405424305590548,
      0.0017528922232172132,
      0.0,
      0.010631990892951228,
      0.013417254101093583,
      0.011385903084982387,
      0.0,
      0.0,
      0.0,
      0.0,
      0.0,
      0.0,
      0.0,
      0.0,
      0.0,
      0.001099887819515911,
      0.0,
      0.004917049132654314,
      0.0,
      0.0,
      0.0,
      0.006511032604205527,
      0.00817393888722114,
      0.002174226039481757,
      0.0,
      0.0021683455546511804,
      0.0,
      0.0028782311183447795,
      0.0,
      0.0,
      0.0,
      0.0,
      0.0022662259643894964,
      0.0,
      0.0008346503933995559,
      0.0,
      0.007304266712254707,
      0.0,
      0.0069074010484443844,
      0.0,
      0.0068573367342640796,
      3.3944713792016134e-05,
      0.015326792109385819,
      0.0,
      0.0,
      0.0,
      0.0,
      0.0,
      0.0,
      0.00047834289317652014,
      0.011245080860812919,
      0.0,
      0.008341387172215466,
      0.0,
      0.008999055611381146,
      0.005177865930746448,
      0.0,
      0.00957677963222543,
      0.0,
      0.00154259317200121,
      0.0,
      0.02040394787252889,
      0.011667984145325987,
      0.0,
      0.001293051361048167,
      0.0,
      0.0,
      0.0,
      0.01110339137577857,
      0.0058608074969619065,
      0.00853866939733671,
      0.003613375431453916,
      0.0,
      0.006979355173970526,
      0.005290994508004838,
      0.0,
      0.006331952440016354,
      0.0,
      0.0,
      0.0,
      0.0,
      0.00645908406109044,
      0.005022039718531866,
      0.014451162280087504
    ],
    "low_data": false
  },
  "250000": {
    "median": 0.0,
    "p90": 0.011415009362534166,
    "p10": 0.0,
    "sample": [
      0.0002589515708703623,
      0.00022152491012047179,
      0.0,
      0.0,
      0.0,
      0.0,
      0.0,
      0.00035955322928671356,
      0.0,
      0.0,
      0.007709443365969165,
      0.008478281768319251,
      0.0,
      0.0,
      0.016301176880036506,
      0.0,
      0.0,
      0.0,
      0.00018515404818788086,
      0.005210499298324308,
      0.0,
      0.007281740898581428,
      0.0,
      0.0,
      0.0,
      0.0,
      0.0,
      0.0,
      0.0,
      0.0,
      0.0,
      0.0,
      0.0,
      0.006504633416730839,
      0.007946689065297177,
      0.01537692388598953,
      0.0,
      0.0012487969279828732,
      0.0,
      0.011100085941356511,
      0.005206045310835165,
      0.009791292327925423,
      0.006541431255375674,
      0.014014989324672463,
      0.012214312313108627,
      0.004823572991595589,
      0.0,
      0.004146584454269061,
      0.005651431900822771,
      0.006928809775085414,
      0.0,
      0.006542512173257344,
      0.0,
      0.02816058503159345,
      0.01826957305858018,
      0.0,
      0.0,
      0.0015934489284266066,
      0.0,
      0.0,
      0.012463415802300001,
      0.0,
      0.0,
      0.006632439445528943,
      0.0,
      0.012868107119284914,
      0.0,
      0.0,
      0.0,
      0.007083029825498599,
      0.0011358466921015122,
      0.0,
      0.0,
      0.013124589483100888,
      0.0,
      0.01681208191732947,
      0.0,
      0.0,
      0.0,
      0.0,
      0.0,
      0.0,
      0.0,
      0.0,
      0.0,
      0.0,
      0.014776802389489597,
      0.004128306412114903,
      0.0,
      0.0014047063616141298,
      0.007141010195071939,
      0.007297136101334678,
      0.0,
      0.015087193113917242,
      0.0,
      0.0,
      0.0,
      0.0,
      0.0,
      0.005464055205630689,
      0.002717215576025378,
      0.009391959404276435,
      0.0,
      0.0,
      0.004770904723797795,
      0.0,
      0.013030582956533447,
      0.0,
      0.0,
      0.0030397006365119905,
      0.0,
      0.0,
      0.007168119980982712,
      0.0,
      0.00612332333897146,
      0.002261511855544956,
      0.0027179560969030655,
      0.0019913709809537467,
      0.0,
      0.010784846019536035,
      0.013702120046985573,
      0.011588769120322558,
      0.0,
      0.0,
      0.0,
      0.0,
      0.0,
      0.0,
      0.0,
      0.0,
      0.0,
      0.0013947447370367965,
      0.0,
      0.005144142919561163,
      0.0,
      0.0,
      0.00014865301535745576,
      0.00667441911961611,
      0.00832745187282929,
      0.0023470373692919674,
      0.0,
      0.0024211003399683003,
      0.0,
      0.0030262241725357705,
      0.00014008644124484073,
      0.0,
      0.0,
      0.0,
      0.0024132770933017003,
      0.0,
      0.0011529636617664337,
      0.0,
      0.007465118989732507,
      0.0,
      0.007045300682858118,
      0.0,
      0.006995814606661747,
      0.00016685036995335247,
      0.0154986661406898,
      0.0,
      0.0,
      0.0,
      0.0,
      0.0,
      0.0,
      0.0006391282823954027,
      0.011612982859871999,
      0.0,
      0.008686536054627981,
      0.0,
      0.009141342921143322,
      0.005326091647238953,
      0.0,
      0.0097608057532891,
      0.0,
      0.0017420352232512925,
      0.0,
      0.020555003323683,
      0.012004087350630676,
      0.0,
      0.0014931959087545659,
      0.0,
      0.0,
      0.0,
      0.011395702722779903,
      0.006085417381975238,
      0.008803974713304212,
      0.0038436076625994434,
      0.0,
      0.007296889730321706,
      0.005441343114938462,
      0.0,
      0.00650790846757561,
      0.0,
      0.0,
      0.0,
      0.0,
      0.006687994027363216,
      0.0051824420360365485,
      0.014687756605160758
    ],
    "low_data": false
  },
  "500000": {
    "median": 0.0,
    "p90": 0.011851987742627045,
    "p10": 0.0,