{
  "100000": {
    "median": 0.0,
    "p90": 0.011220300376979436,
    "p10": 0.0,
    "sample": [
      0.0001663729076978599,
      0.0001069292357144275,
      0.0,
      0.0002094841863002518,
      0.0010895707403372197,
      0.0006108576620330367,
      0.014334329127756373,
      0.0,
      0.0,
      0.0039197750262440325,
      0.0,
      0.012119004130907874,
      0.0009123885575040777,
      0.0,
      0.0010244589950761573,
      0.005232279912718105,
      0.010629254932007623,
      0.0019659629179859554,
      0.0,
      0.008144114613658751,
      0.0,
      0.0,
      0.016889948014876796,
      0.007139583953185778,
      0.0,
      0.0,
      0.0037903335146957052,
      0.0,
      0.0,
      0.011579874947565643,
      0.014429619654563037,
      0.012480819521627324,
      0.0071375220018106275,
      0.0,
      0.0,
      0.0,
      0.02582955450012106,
      0.0,
      0.0011087571647548015,
      0.0,
      0.0,
      0.00743104990533925,
      0.0,
      0.0,
      0.0,
      0.0,
      0.0,
      0.01078528781333298,
      0.0,
      0.01801165845287472,
      0.0,
      0.01958236018501744,
      0.0,
      0.0,
      0.0,
      0.0,
      0.013239403006376074,
      0.008455692730237073,
      0.0,
      0.01119334589785401,
      0.0,
      0.0,
      0.0,
      0.0,
      0.007908109033042943,
      0.0029281781131284407,
      0.0,
      0.0,
      0.004135110664766527,
      0.0,
      0.0,
      0.014149889316735139,
      0.0,
      0.004281935390550907,
      0.019140559021203797,
      0.00879170693674441,
      0.0,
      0.0,
      0.006476666937544009,
      0.007597652538850412,
      0.0018692416935708236,
      0.009189151776865506,
      0.003496808998466606,
      0.0,
      0.0,
      0.0,
      0.0,
      0.0,
      0.0,
      0.003709274288280967,
      0.01387530474364359,
      0.011462890689108277,
      0.006849868149032833,
      0.0057708816227688454,
      0.0,
      0.0,
      0.0,
      0.01287256802014676,
      0.0,
      0.0,
      0.012724840698682164,
      0.0,
      0.0,
      0.0,
      0.008894338295109683,
      0.010850005367410752,
      0.003415891343050146,
      0.0015812774530270916,
      0.007804629342577147,
      0.0,
      0.0005299995149361948,
      0.0,
      0.013722172412809996,
      0.0,
      0.0,
      0.0,
      0.0,
      0.0,
      0.017465395035211703,
      0.002962721383119602,
      0.0,
      0.0006985777464456937,
      0.004095648598770456,
      9.240902077836009e-05,
      0.0,
      0.010410438078455505,
      0.007734958655445285,
      0.0,
      0.0,
      0.003761921236723408,
      0.008197920031909518,
      0.00495360736398319,
      0.016544098366232877,
      0.010492648969069077,
      0.0,
      0.0,
      0.0,
      0.0,
      0.0,
      0.0,
      0.0,
      0.0036980016561746864,
      0.003502592637440668,
      0.0,
      0.00157684619198614,
      0.0,
      0.007487791607852488,
      0.006270454431498883,
      0.0023518864405994992,
      0.0,
      0.0,
      0.0,
      0.0,
      0.0,
      0.005990594427298783,
      0.0,
      0.010086454196836254,
      0.0,
      0.00026479251124658827,
      0.0014856635107983504,
      0.0,
      0.009085184829742764,
      0.0,
      0.003218102243367124,
      0.0,
      0.0,
      0.0,
      0.0,
      0.0,
      0.0,
      0.017343128338721415,
      0.0,
      0.009936826959184209,
      0.009096851405391265,
      0.0,
      0.0,
      0.005018127102432849,
      0.0,
      0.0,
      0.0,
      0.004069968754021417,
      0.0,
      0.0,
      0.0005871563527668892,
      0.005626529883126901,
      0.0,
      0.0,
      0.003874157772073924,
      0.006898664418065561,
      0.0007068294234678633,
      0.009228788178025898,
      0.003081905810568548,
      0.0,
      0.002932335004939328,
      0.0,
      0.005647223208854489,
      0.0030073336977152498,
      0.0,
      0.0,
      0.0
    ],
    "low_data": false
  },
  "250000": {
    "median": 0.0,
    "p90": 0.01134432165605326,
    "p10": 0.0,
    "sample": [
      0.0003795147107171347,
      0.00024391722499111712,
      0.0,
      0.000409166350478563,
      0.0012116592394752215,
      0.0008968547250899464,
      0.01452040325478317,
      0.0,
      0.0,
      0.0041684574545944085,
      0.0,
      0.012356725606967446,
      0.0010952885180809985,
      0.0,
      0.0011480050021421414,
      0.005354475255755005,
      0.010760932861794036,
      0.0021177544268449824,
      0.0,
      0.008299874332934316,
      0.0,
      0.0,
      0.017107390959870687,
      0.007258337335129865,
      0.0,
      0.0,
      0.003924893549165334,
      0.0,
      0.0,
      0.011834632238268661,
      0.014621559998852798,
      0.012594647946121662,
      0.007308889191994943,
      0.0,
      0.0,
      0.0,
      0.026085678059291947,
      0.0001071626191075289,
      0.0012308563729283364,
      0.0,
      0.0,
      0.007618794580092797,
      0.0,
      0.0,
      0.0,
      0.0,
      0.0,
      0.011053843419075702,
      0.0,
      0.01829821727093606,
      0.0,
      0.019731622483447092,
      0.0,
      0.0,
      0.0,
      0.0,
      0.013455918847559733,
      0.00859046454911471,
      0.0,
      0.011318450013793196,
      0.0,
      0.0,
      0.0,
      0.0,
      0.008035974715523529,
      0.003040905495024816,
      0.0,
      0.0,
      0.004350207292669899,
      0.0,
      0.0,
      0.014274792298013586,
      0.0001087074868047548,
      0.004439497922042624,
      0.01926560796639224,
      0.008987195475750664,
      0.0,
      0.0,
      0.006605720585498126,
      0.007853832049090285,
      0.002036222205899473,
      0.0094888463650144,
      0.0036502296118677007,
      0.0,
      0.0,
      0.0,
      0.0,
      0.0,
      0.0,
      0.003863962593442963,
      0.014116820607655175,
      0.011577166436393845,
      0.007115800304399022,
      0.00592853984643754,
      0.0,
      0.0,
      0.0,
      0.01300219218094623,
      0.0,
      0.0,
      0.012850314746327344,
      0.0,
      0.0,
      0.0,
      0.009020259259640149,
      0.011158859972725583,
      0.0035344652224620237,
      0.0017148616082725016,
      0.00795860026093716,
      0.0,
      0.0007370880823184686,
      0.0,
      0.013843940780658802,
      0.0,
      0.0,
      0.0,
      0.0,
      0.0,
      0.017604353619954494,
      0.003072244336214959,
      0.0,
      0.0008223575005356612,
      0.0042037683279408855,
      0.00024374738595029852,
      0.0,
      0.010581256198273355,
      0.007890439075490582,
      0.0,
      0.0,
      0.003861017267142432,
      0.008366508816798167,
      0.0052128690945818235,
      0.01664627481252842,
      0.010601789126265736,
      0.0,
      0.0,
      0.0,
      0.0,
      0.0,
      0.0,
      0.0,
      0.003814357975841587,
      0.003615093809456397,
      0.0,
      0.0017378197377271116,
      0.0,
      0.007684462050693309,
      0.006524411955712991,
      0.0025524654670031014,
      0.0,
      8.991235756158173e-05,
      0.0,
      0.0,
      0.0,
      0.006097731708603753,
      0.0,
      0.010303007993097609,
      0.0,
      0.00038919930144797835,
      0.0016659899640728338,
      0.0,
      0.009289963556245768,
      0.0,
      0.0033237422910881815,
      0.0,
      0.0,
      0.0,
      0.0,
      0.0,
      0.0,
      0.017505228809766706,
      0.0,
      0.010030509799642234,
      0.009192460641716107,
      0.0,
      0.0,
      0.005119404607246297,
      0.0,
      0.0,
      0.0,
      0.004209166050884819,
      0.0,
      0.0,
      0.0007702970947780759,
      0.005740781824007065,
      0.0,
      0.0,
      0.004041781196603056,
      0.007127180657100503,
      0.0008298828967044491,
      0.00934738164063617,
      0.0033057319798127384,
      0.0,
      0.003123577884389955,
      0.0,
      0.005791570565773991,
      0.0031485409848169108,
      0.0,
      0.0,
      0.0
    ],
    "low_data": false
  },