{
  "100000": {
    "median": 0.0001270352138463013,
    "p90": 0.011087608535866789,
    "p10": 0.0,
    "sample": [
      0.00010072140405570864,
      0.00011773142706380297,
      0.00917941823282505,
      0.008311053954384756,
      0.0,
      0.008385100158663365,
      0.01692024708867367,
      0.007622556418976196,
      0.0,
      0.0028023836600984493,
      0.0,
      0.0028945198534972793,
      0.00395254539920626,
      0.0,
      0.002993515630406331,
      0.002395674219933212,
      0.0,
      0.0,
      0.012904136119428802,
      0.0,
      0.006134453201143279,
      0.0,
      0.0023095084386045126,
      0.012697551217422633,
      0.0028216089573120575,
      0.0,
      0.011549419230257442,
      0.0,
      0.0009959888314021149,
      0.0,
      0.0020449119289044394,
      0.0,
      0.0015278330879432323,
      0.015186282824966008,
      0.0063457216336679,
      0.009264705966670039,
      0.0,
      0.0,
      0.0,
      0.0,
      0.013260972420691885,
      0.010559201499504558,
      0.0,
      0.0,
      0.0,
      0.0,
      0.0,
      0.007031549358298204,
      0.00540887924212097,
      0.0,
      0.009109339151982122,
      0.012212187574738107,
      0.000403052952714937,
      0.0,
      0.0,
      0.01526894237180831,
      0.007982890487305428,
      0.0012678687115537616,
      0.0,
      0.0,
      0.0,
      0.0,
      0.010778076624058735,
      0.0,
      0.0,
      0.004532683708145237,
      0.0,
      0.0,
      0.0,
      0.011057206969145132,
      0.0,
      0.010587378448441305,
      0.0,
      0.0,
      0.0,
      0.0,
      0.010690069125302858,
      0.0,
      0.0,
      0.0,
      0.0,
      0.011361222636361714,
      0.0,
      0.0,
      0.0,
      0.002707903685424763,
      0.006559750115966873,
      0.008048546446684212,
      0.0,
      0.00413873273111592,
      0.0024485079911616228,
      0.0,
      0.00617034275601453,
      0.0,
      0.0,
      0.0,
      0.0,
      0.0,
      0.0033661875060275095,
      0.002617700689633822,
      0.0,
      0.0,
      0.0,
      0.00302254584129556,
      0.009889647215407738,
      0.0,
      0.01697980544066853,
      0.01906637753799086,
      0.0,
      0.015218770720346903,
      0.001957544348467267,
      2.431565810878299e-05,
      0.0,
      0.0,
      0.003687489721944938,
      0.006236265861034968,
      0.00434493677371526,
      0.0,
      0.0,
      0.0,
      0.0,
      0.0,
      0.0,
      0.0010781001439154826,
      0.0,
      0.0,
      0.0,
      0.008357683030402204,
      0.0,
      0.0006923095525094083,
      0.010363772235537241,
      0.00658405442463564,
      0.007224348481872008,
      0.009206691263980542,
      0.0,
      0.01091442038623836,
      0.0050221427059023655,
      0.002193745140275715,
      0.003308669197779182,
      0.011602861824882956,
      0.007535254903534597,
      0.002291454088178236,
      0.0002599257596436085,
      0.015421949460781386,
      0.0,
      0.0001363390006287996,
      0.013338346456652512,
      0.0,
      0.0008473937112978546,
      0.0,
      0.0005909986690869967,
      0.0,
      0.0,
      0.014191337252137138,
      0.0075882491159802,
      0.0026713577544402126,
      0.008824951656743074,
      0.009265331411173907,
      0.001133616075426682,
      0.02570811672339729,
      0.0,
      0.0,
      0.003825351505237561,
      0.004012651782762068,
      0.0,
      0.007661128366862522,
      0.0,
      0.0009415661344613574,
      0.0,
      0.0,
      0.0,
      0.015737753684363476,
      0.005930779903556528,
      0.0,
      0.010505570606735884,
      0.00045238929702337013,
      0.0,
      0.0,
      0.011532813044004518,
      0.006547177241430009,
      0.0022928032996024695,
      0.0,
      0.008308418706810348,
      0.0,
      0.0,
      0.0,
      0.009315185763170563,
      0.0,
      0.00433783068056718,
      0.0,
      0.0,
      0.0,
      0.013630442449871483,
      0.0,
      0.0026863975058744544,
      0.0,
      0.0019364248026510454,
      0.0,
      0.009880707843774112,
      0.0
    ],
    "low_data": false
  },
  "250000": {
    "median": 0.00026445735676842183,
    "p90": 0.011224896899730948,
    "p10": 0.0,