{
  "100000": {
    "median": 0.0001397668273430615,
    "p90": 0.01233061878786988,
    "p10": 0.0,
    "sample": [
      0.00013090203190836686,
      0.00015842800393689146,
      0.00030370075289910977,
      0.0,
      0.005446377122832886,
      0.0,
      0.0,
      0.0009133030662368871,
      0.0,
      0.0017764996429986309,
      0.0,
      0.0,
      0.0,
      0.0009067457340092833,
      0.00281213686464372,
      0.0,
      0.0,
      0.0,
      0.0020501469292399633,
      0.0,
      0.0,
      0.0,
      0.01253153857821165,
      0.004066952008493638,
      0.0002807142637306685,
      0.0,
      0.0,
      0.0,
      0.004963717826642681,
      0.001756575235955754,
      0.0,
      0.012733999418564793,
      0.0,
      0.0,
      0.01956508391060677,
      0.0,
      0.0007621245668592506,
      0.004569149815209404,
      0.0012723197375691718,
      0.0,
      0.005869115113677015,
      0.0,
      0.007583140159335966,
      0.0003310070641990809,
      0.0004721924401346856,
      0.012308294366720797,
      0.012921885703913494,
      0.0,
      0.0,
      0.0,
      0.0,
      0.0,
      0.0,
      0.0,
      0.0075267705209726855,
      0.0,
      0.0006341670644203127,
      0.0053195788083183326,
      0.00432588815939328,
      0.0,
      0.0014179693849883006,
      0.0,
      0.012280793246325231,
      0.0,
      0.004792166998358894,
      0.0,
      0.0,
      0.01317762182337726,
      0.0,
      0.0,
      0.008983911330225112,
      0.021841753451796467,
      0.004319298857730699,
      0.0160603674596838,
      0.0,
      0.004587899854978731,
      0.0041493281042375195,
      0.0,
      0.0045392972895293565,
      0.0,
      0.0013662550149554512,
      0.0,
      0.004999707764472528,
      0.010381424440756409,
      0.0,
      0.0,
      0.0,
      0.014004339343339339,
      0.0009031225624671928,
      0.0008503041284828424,
      0.005418645756718486,
      0.0,
      0.0,
      0.0,
      0.0,
      0.021881039833812826,
      0.014716484837844797,
      0.0018258463977801412,
      0.0,
      0.018875809486009643,
      0.003224851246316222,
      0.0,
      0.0008763621207671332,
      0.0,
      0.007518727936347533,
      0.0020287871660311075,
      0.0,
      0.010237746924885549,
      0.007384510990314775,
      0.0,
      0.009051526128875243,
      0.007177426928455753,
      0.005504463749258405,
      0.011435940710067394,
      0.0,
      0.0,
      0.0,
      0.0,
      0.0,
      0.013416028062429306,
      0.0,
      0.0,
      0.0,
      0.013790736207463902,
      0.011321037121505725,
      0.0008654024953713504,
      0.0026582894105804796,
      0.011462514275628655,
      0.0,
      0.0,
      0.0025900539786717436,
      0.00763295524103705,
      0.0,
      0.0006924918651836145,
      0.006351400501881449,
      0.0,
      0.0,
      0.008573259055491346,
      0.007964825334328303,
      0.0,
      0.013530408662397402,
      0.0,
      0.0,
      0.00014260535096917825,
      0.01850150785334031,
      0.009697513653442865,
      0.0,
      0.0,
      0.014423274752337468,
      0.0,
      0.0,
      0.016040371707643376,
      0.019325283152268308,
      0.009576026789774107,
      0.001873399215809322,
      0.009533405783674027,
      0.0,
      0.0,
      0.0,
      0.0001369283037169448,
      0.0,
      0.0,
      0.0,
      0.0,
      0.0,
      0.0032756382321916366,
      0.010562708151276782,
      0.0,
      0.0010184161592323839,
      0.00191454758423432,
      0.0,
      0.01969952813499141,
      0.0005077442283560931,
      0.0,
      0.0,
      0.0,
      0.0,
      0.00019251137134059128,
      0.0,
      0.0,
      0.0011010596762055657,
      0.0,
      0.02287386976026848,
      0.0,
      0.006021370005714008,
      0.005428112735065832,
      0.0,
      0.008715230147122928,
      0.0,
      0.005854458903560001,
      0.002864859615190617,
      0.0019815170136635047,
      0.0,
      0.0,
      0.009419776075029687,
      0.004742874692196345,
      0.0,
      0.0,
      0.00606139931336637,
      0.0
    ],
    "low_data": false
  },
  "250000": {
    "median": 0.0003227624563614296,
    "p90": 0.012454920783501897,
    "p10": 0.0,