{
  "100000": {
    "median": 0.0,
    "p90": 0.011210270321907927,
    "p10": 0.0,
    "sample": [
      0.00013374660919089965,
      0.00011442495858538292,
      0.0,
      0.0005206204833085135,
      0.0065184993699237736,
      0.0,
      0.0,
      0.0059201941939,
      0.004597825735713235,
      0.0021014467365723386,
      0.0,
      0.0,
      0.003159224473574191,
      0.0,
      0.009139687437559213,
      0.0,
      0.0011054298322847817,
      0.002245815442204073,
      0.0032019352063395673,
      0.005928054841987109,
      0.0,
      0.003402706010109525,
      0.002058636911420603,
      0.0038884610803332563,
      0.0034069058523440218,
      0.0033492033050650785,
      0.0,
      0.0,
      0.006903410534696144,
      0.0,
      0.0,
      0.011835355030631465,
      0.008931999116991596,
      0.0,
      0.0,
      0.0021758736715764486,
      0.0,
      0.0,
      0.0,
      0.007673035864761545,
      0.0,
      0.009001650599705209,
      0.0,
      0.005191530903461623,
      0.012266213761524664,
      0.0,
      0.010849627250750763,
      0.0,
      0.01774562788228674,
      0.0,
      0.0003417400842284871,
      0.010785018641946195,
      0.01120567498325713,
      0.00110135233834898,
      0.013756929281886484,
      0.006282396726514254,
      0.022042225251473296,
      0.0,
      0.008512104163200985,
      0.0,
      0.0,
      0.0001540168964152807,
      0.0,
      0.010266900968739476,
      0.0,
      0.0,
      0.0031801143282395457,
      0.00851061361627514,
      0.0,
      0.021072230714782418,
      0.01228608947449501,
      0.00531981015317638,
      0.0,
      0.0,
      0.0,
      0.002029283650398326,
      0.001948439988592653,
      0.0,
      0.0,
      0.011251628369765093,
      0.0,
      0.0,
      0.005026391476702638,
      0.007071433737300662,
      0.015574565311018652,
      0.004464578863049197,
      0.007371786162181368,
      0.0,
      0.007610526056960005,
      0.0,
      0.007694678568426065,
      0.0,
      0.0,
      0.0,
      0.0,
      0.0,
      0.0,
      0.015299555588320355,
      0.0034870605688884873,
      0.0,
      0.0,
      0.004242455513389411,
      0.0,
      0.0,
      0.010860227406333025,
      0.008718249205941473,
      0.0,
      0.00521868917896448,
      0.0,
      0.011759213786576473,
      0.013551466723230234,
      0.01250409400565816,
      0.002092261787853419,
      0.0,
      0.0,
      0.011990322084630614,
      0.0,
      0.0,
      0.008664863034189407,
      0.000315452681253286,
      0.0,
      0.0,
      0.0,
      0.0,
      0.0,
      0.004748925520553184,
      0.0033724526269906722,
      0.006995226086070144,
      0.0,
      0.004108697128212874,
      0.0,
      0.0011991314803860827,
      0.0,
      0.0,
      0.001506455431954971,
      0.00019761957387642658,
      0.0,
      0.008507697010720792,
      0.025789340409399664,
      0.0,
      0.0,
      0.0,
      0.0,
      0.015927892364596182,
      0.0,
      0.017567457172528028,
      0.00957155878587267,
      0.0,
      0.0,
      0.0,
      0.0018268521862264435,
      0.0,
      0.00738938691547371,
      0.0,
      0.0,
      0.004468245175615893,
      0.0,
      0.0,
      0.0,
      0.0044118057043931545,
      0.0,
      0.0,
      0.0,
      0.0,
      0.0,
      0.0,
      0.006865723756837082,
      0.0,
      0.0,
      0.0,
      0.010168669796240308,
      0.0,
      0.0034881017931867905,
      0.0,
      0.011779309695309607,
      0.0,
      0.0,
      0.0031549703609676056,
      0.01587114122343858,
      0.0,
      0.006271729639034313,
      0.0,
      0.0,
      0.0,
      0.0,
      0.007339157251253623,
      0.002286176894714998,
      0.0,
      0.0,
      0.0,
      0.001726116668708251,
      0.014888437263671802,
      0.0,
      0.0,
      0.0004550771045889515,
      0.008964734208116965,
      0.004577338818817387,
      0.0020054157509581403,
      0.0,
      0.0
    ],
    "low_data": false
  },
  "250000": {
    "median": 0.0,
    "p90": 0.011370447882854878,
    "p10": 0.0,
    "sample": [
      0.00030509057273112066,
      0.00026101578470465306,
      0.0,
      0.0006796961784836916,
      0.0066699195124886035,
      0.0,
      0.0,
      0.0060372445508091,
      0.0048108830829856454,
      0.0022637217785265317,
      0.0,
      0.0,
      0.0033039076015039665,
      0.0,
      0.00923825565962844,
      0.0,
      0.0013435792010494366,
      0.0023355962702099023,
      0.0033526148888090813,
      0.006077224457240866,
      0.0,
      0.0036317126885951688,
      0.002224542184084826,
      0.004033708436645551,
      0.0035410097807003975,
      0.0035118432606958414,
      0.0,
      0.0,
      0.007032963536592414,
      0.0,
      0.0,
      0.011920781636943364,
      0.009090324173448825,
      0.0,
      0.0,
      0.0022901667404726014,
      0.0,
      0.0,
      0.0,
      0.007832643351380479,
      0.0,
      0.009147999491478754,
      0.0,
      0.005326751156052162,
      0.012426387942599426,
      0.0,
      0.01098200431916672,
      0.0,
      0.017859851509728263,
      0.0,
      0.0004334838162558843,
      0.01087716397401482,
      0.011371323245367541,
      0.0012091368589972145,
      0.01386046612324951,
      0.006440195030992644,
      0.022169359959003664,
      0.0,
      0.008754268009713646,
      0.0,
      0.0,
      0.00029518993813296563,
      0.0,
      0.010362366277289505,
      0.0,
      0.0,
      0.0033223695203764337,
      0.008684748464938892,
      0.0,
      0.02124841300710502,
      0.01245816249672607,
      0.005568445225330679,
      0.0,
      0.0,
      0.0,
      0.002131893650796379,
      0.002116957627824695,
      0.0,
      0.0,
      0.011370350620353471,
      0.0,
      0.0,
      0.005199892651655692,
      0.007200071449306543,
      0.01572888520020364,
      0.004675308135259259,
      0.00762945878073769,
      0.0,
      0.007738103246914346,
      0.0,
      0.00793205083995949,
      0.0,
      0.0,
      0.0,
      0.0,
      0.0,
      0.0,
      0.015485769452660881,
      0.003598406063947922,
      0.0,
      0.0,
      0.004441950563917806,
      0.0,
      0.0,
      0.011011435383411509,
      0.008831488602392565,
      0.0,
      0.005328535220628529,
      0.0,
      0.011892050388238186,
      0.013723665668696226,
      0.012651268598703268,
      0.0022290174656517266,
      0.0,
      0.0,
      0.012159732789546674,
      0.0,
      0.0,
      0.008800902456031085,
      0.0004581324702296979,
      0.0,
      0.0,
      0.0,
      0.0,
      0.0,
      0.0048589323158914535,
      0.003482327904873855,
      0.00712780975650505,
      0.0,
      0.004295419496831469,
      0.0,
      0.0013333977599573632,
      0.0,
      0.0,
      0.001613148200337597,
      0.00033437976203483106,
      0.0,
      0.00862000694700985,
      0.025922882700387714,
      0.0,
      0.0,
      0.0,
      0.0,
      0.016076925519179695,
      0.0,
      0.017669698229194404,
      0.00971793211024336,
      0.0,
      0.0,
      0.0,
      0.0019405061671268421,
      0.0,
      0.007534368597255116,
      0.0,
      0.0,
      0.004681967884550267,
      0.0,
      0.0,
      0.0,
      0.004558666176045558,
      0.0,
      0.0,
      0.0,
      0.0,
      0.0,
      0.0,
      0.006947050273103073,
      0.0,
      0.0,
      0.0,
      0.010304851126007293,
      0.0,
      0.0036245273971518784,
      0.0,
      0.011898124394778211,
      0.0,
      0.0,
      0.003241410030290745,
      0.016021805202936515,
      0.0,
      0.006457722372124333,
      0.0,
      0.0,
      0.0,
      0.0,
      0.007448076698457816,
      0.0024092050451059413,
      0.0,
      0.0,
      0.0,
      0.001829693203121722,
      0.015056076891481527,
      0.0,
      0.0,
      0.0006110498517603081,
      0.00906449926886027,
      0.004660664642957919,
      0.0021673095395196755,
      0.0,
      0.0
    ],
    "low_data": false
  },