{
  "100000": {
    "median": 0.0012270661165342562,
    "p90": 0.009918440002649345,
    "p10": 0.0,
    "sample": [
      0.0001535823792902948,
      0.00014976267843825532,
      0.0023607804926309905,
      0.0,
      0.00023589714595429422,
      0.0009183175843877494,
      0.0,
      0.00364073661296504,
      0.006146934836279432,
      0.0006309688287657892,
      0.0,
      0.0,
      0.0,
      0.002877019594097081,
      0.0,
      0.00014662731981805185,
      0.0,
      0.0045718195572918355,
      0.0,
      0.0076977366058701546,
      0.020647086480202945,
      0.0,
      0.0,
      0.011484245372118763,
      0.0,
      0.0008426848350110091,
      0.0063731516801153075,
      0.0,
      0.0,
      0.008262874424044959,
      0.0,
      0.022008906005394922,
      0.0074529343528106345,
      0.00362799300973205,
      0.013282944622527377,
      0.0055790714373113075,
      0.004681027793291371,
      0.0031647456056871893,
      0.009899717705813677,
      0.006631090445598145,
      0.002012821988037521,
      0.0,
      0.0025866663281271314,
      0.0,
      0.0,
      0.008216273964356612,
      0.0046096618324639165,
      0.0,
      1.5710232356429274e-05,
      0.0037285286402077076,
      0.0,
      0.0,
      0.009881398407560386,
      0.0031067591646035475,
      0.002292378487512222,
      0.004512636017595478,
      0.009177443295604201,
      0.0015218498334980146,
      0.0026317909553584887,
      0.0022233347636449177,
      0.0,
      0.004206757406081816,
      0.0011816760735563832,
      0.009110063381358112,
      0.00714235803263248,
      0.0012724561595121291,
      0.005022406599237839,
      0.0,
      0.015087278594612388,
      0.004271907098384456,
      0.0,
      0.008014551833133361,
      0.0,
      0.0,
      0.0,
      0.0,
      0.0,
      0.0,
      0.008271728825448554,
      0.0,
      0.0035133842662086858,
      0.004588088528822435,
      0.015607276746428228,
      0.0032075211394099485,
      0.0,
      0.0,
      0.0017168000066041574,
      0.0,
      0.008373549220473866,
      0.002097369780054553,
      0.009771117537453734,
      0.0,
      0.003975535048833768,
      0.0,
      0.0,
      0.0,
      0.0,
      0.0017730849642171357,
      0.0,
      0.004415832376536669,
      0.004199951205306728,
      0.0,
      0.0,
      0.0,
      0.004060601216488076,
      0.0,
      0.0009087713317513576,
      0.0,
      0.01169560841973226,
      0.0026343389905594565,
      0.0,
      0.0004610887765222885,
      0.0,
      0.0,
      0.0,
      0.0,
      0.012571015368040249,
      0.0,
      0.0,
      0.0,
      0.0037131925542010233,
      0.014273220005037052,
      0.005674544550477694,
      0.012097627224366227,
      0.009429780411763521,
      0.0036705975788793458,
      0.010086940674170366,
      0.00046838464434651437,
      0.0033353679775776843,
      0.0,
      0.008536234763992323,
      0.0,
      0.0,
      0.0009156012092065832,
      0.0,
      0.0013540066964328685,
      0.0,
      0.0,
      0.0016297918545228874,
      0.0026671191565882375,
      0.0,
      0.008311884572463043,
      0.0,
      0.0,
      2.8640008721640953e-05,
      0.0,
      0.0045302557729975925,
      0.0053265538494813094,
      0.003269554973525922,
      0.016282999891832177,
      0.0,
      0.0185667094836628,
      0.004980883629432017,
      0.0031514109989285192,
      0.0,
      0.0,
      0.0,
      0.007209210893040093,
      0.0,
      0.01171950018728566,
      0.0,
      0.0015086832155696017,
      0.006315267701841272,
      0.0,
      0.018745397309126843,
      0.0004320026643582221,
      0.0022001535640553166,
      0.0,
      0.0,
      0.003643202523137048,
      0.0,
      0.01462806890394945,
      0.002953351073106391,
      0.0009709429201235064,
      0.002450930169231707,
      0.0,
      0.00010405589403770812,
      0.0005270803150133976,
      0.014128180641728275,
      0.005479818389447353,
      0.014179124079293323,
      0.019681626158520944,
      0.0021690178137082237,
      0.018422254159142,
      0.0,
      0.0,
      0.0,
      0.0013932735402607508,
      0.006799943033893765,
      0.0,
      8.769846050521499e-05,
      0.0019926332194708136,
      0.009827762206839077,
      0.0005830315587137926,
      0.0,
      0.007471103585859912,
      0.0,
      0.0,
      0.0033248899758784025,
      0.003426795098321893
    ],
    "low_data": false
  },
  "250000": {
    "median": 0.0013885512412336477,
    "p90": 0.010081202199812074,
    "p10": 0.0,