{
  "100000": {
    "median": 0.0015845117978022878,
    "p90": 0.012813212540511407,
    "p10": 0.0,
    "sample": [
      8.744385099116685e-05,
      8.910083719234188e-05,
      0.0032066566910321764,
      0.0,
      0.012864841010282058,
      0.0026612625292216706,
      0.013403819492908095,
      0.0,
      0.0,
      0.0,
      0.0,
      0.008751450249195488,
      0.0,
      0.002670268474128295,
      0.0,
      0.009953224854866868,
      0.0,
      0.008296278211760641,
      0.0,
      0.014257702871478942,
      0.0,
      0.00583183383621362,
      0.012154182081386918,
      0.006407792910705092,
      0.004740310590533531,
      0.0,
      0.012347026238875684,
      0.003033248726868342,
      0.01492024297015196,
      0.0,
      0.004236808213329264,
      0.00016801481938949004,
      0.0,
      0.0,
      0.016751602418034216,
      0.0,
      0.0015480209125913454,
      0.0016425422074108195,
      0.0,
      0.0,
      0.009710373183304633,
      0.0024026011045638327,
      0.024957710741970104,
      0.0,
      0.009234067758286349,
      0.0,
      0.0,
      0.00674273686367991,
      0.00643351008633889,
      0.005388542675080245,
      0.0,
      0.0041070856513075,
      0.0039043740410252903,
      0.0,
      0.009416953170732403,
      0.006466186658519857,
      0.0007932799276320756,
      0.0,
      0.0,
      0.001594221143750176,
      0.0,
      0.0,
      0.0,
      0.016757758481967446,
      0.0,
      0.0,
      0.016117912210030214,
      0.0,
      0.0,
      0.002383702253544377,
      0.0,
      0.0086245217654881,
      0.0,
      0.0,
      0.019737304705767417,
      0.0,
      0.007946409048140897,
      0.0,
      0.0,
      0.011841366581157853,
      0.0,
      0.01367755548084524,
      0.0,
      0.009650290282649479,
      0.012757113013865192,
      0.0,
      0.0,
      0.0,
      0.004811786490115808,
      0.016317647115211994,
      0.0,
      0.0,
      0.007404010770743625,
      0.006351895522489875,
      0.0,
      0.0,
      0.011072239411698156,
      0.008017453376771365,
      0.0015748024518543995,
      0.0,
      0.0,
      0.004531756166366558,
      0.0003965349579958625,
      0.0,
      0.012147195269072006,
      0.004944527673762604,
      0.001563474043771458,
      0.001367798086437114,
      0.0,
      0.0,
      0.0004376264499885485,
      0.012807476043870225,
      0.013038544311994006,
      0.001715270418887496,
      0.0,
      0.004148030641872802,
      0.0070703048417680115,
      0.0,
      0.0,
      0.0,
      0.0035483145817634034,
      0.0,
      0.01305295613522247,
      0.0,
      0.005773571875710849,
      0.0,
      0.0,
      0.0,
      0.0011879301195921188,
      0.006573895332819452,
      0.003195180898341289,
      0.010254251148039989,
      0.01706932728600908,
      0.0,
      0.03475238021142844,
      0.009417454183584317,
      0.0,
      0.0,
      0.013054319418106973,
      0.0,
      0.002224775069295789,
      0.0,
      0.0036526261275436843,
      0.0,
      0.0034019052043117266,
      0.006539955612892067,
      0.006872953760945361,
      0.0,
      0.00560353446167362,
      0.0037362469649636363,
      0.004160492081983407,
      0.0001809251856288082,
      0.00334816538102272,
      0.016915528223977898,
      0.008145325582386837,
      0.0,
      0.0,
      0.0,
      0.0,
      0.012007263366473406,
      0.0059827175313060515,
      0.0,
      0.009750244116398509,
      0.00011714568773476333,
      0.008487957744961512,
      0.005021347937796345,
      0.005214799119993579,
      0.0,
      0.003682887338166757,
      0.010924812832741278,
      0.001140540589365655,
      0.0006037630911328816,
      0.0019476672245392005,
      0.0032720335377825613,
      0.0,
      0.004156019383592545,
      0.010721163880483532,
      0.013443164903063043,
      0.013494269656947755,
      0.005389945372118575,
      0.0,
      0.00801682541214473,
      0.0011963698286047001,
      0.015996805622245747,
      0.0,
      0.0,
      0.0,
      0.0,
      0.003337803173540905,
      0.0,
      0.008895063392510841,
      0.006126650611258921,
      0.002376999233688532,
      4.2745419239504005e-05,
      0.012793372455117132,
      0.0011062455452923263,
      0.0,
      0.0,
      0.0035719460252682305,
      0.005608217642371818
    ],
    "low_data": false
  },
  "250000": {
    "median": 0.0017079575262350414,
    "p90": 0.012976140753289575,
    "p10": 0.0,