{
  "100000": {
    "median": 0.0004841968388930824,
    "p90": 0.011634898458876886,
    "p10": 0.0,
    "sample": [
      9.213396919841027e-05,
      0.00014862014351617344,
      0.0002506360648161925,
      0.0,
      0.010857480372036463,
      0.011383722034735245,
      0.007659829800038051,
      0.014962338555397435,
      0.0,
      0.0,
      0.002366479162325682,
      0.0,
      0.0,
      0.015866535330504094,
      0.0,
      0.0,
      0.005090181182164161,
      0.016596893497852393,
      0.0,
      0.0,
      0.0,
      0.0009425816306918322,
      0.00014609960308615085,
      0.0,
      0.0,
      0.0,
      0.003675100451768862,
      0.0074271583243474175,
      0.0,
      0.0,
      0.0,
      0.0,
      0.0035176005232470282,
      0.0072867270363725515,
      0.007654385194458374,
      0.0053649635264373585,
      0.00672463135091282,
      0.01190764381793771,
      0.004373602092199306,
      0.009795791871164987,
      0.0,
      0.0,
      0.0,
      0.0051727323575472516,
      0.0,
      0.003734245765810094,
      0.0,
      0.0,
      0.0,
      0.0017791435482632741,
      0.009501275044436704,
      0.025483850135378953,
      0.0,
      0.005574749605603527,
      0.0,
      0.019369289832166244,
      0.0,
      0.001013641413312955,
      0.00033195201001585435,
      0.0,
      0.0,
      0.0,
      0.008474179554700064,
      0.0,
      0.007851523374829888,
      0.004180173274701735,
      0.0,
      0.0,
      0.010824188818000874,
      0.0021608291643389387,
      0.0,
      0.0035123947357947522,
      0.007891410607389415,
      0.005136903571143138,
      0.0,
      0.0031297863265325916,
      0.0,
      0.003734225313478616,
      0.0,
      0.013227101613992024,
      0.008140068739925168,
      0.007214232359621262,
      0.0,
      0.013570671442019646,
      0.009259027847071576,
      0.0,
      0.0002581448411566225,
      0.020097844753311306,
      0.0018168807092890128,
      0.005740363981300118,
      0.005355806815830559,
      0.0,
      0.00587448985919786,
      0.01160459341898124,
      0.016941680007420495,
      0.003984199742178948,
      0.0,
      0.004041277635399026,
      0.00962455791031965,
      0.007917276403989882,
      0.0,
      0.0,
      0.0,
      0.0,
      0.004597354097196162,
      0.0,
      0.0,
      0.0,
      0.0004725516898529941,
      0.0,
      0.007564273051451053,
      0.003869884810701397,
      0.016727179019583056,
      0.01233246987153929,
      0.0,
      0.0,
      0.0,
      0.0004958419879331707,
      0.0,
      0.004975664884612556,
      0.0,
      0.015641442199071893,
      0.01159089696856721,
      0.0,
      0.005143127479277008,
      0.0,
      0.002916263756082108,
      0.009145278882096479,
      0.0,
      0.009841175031084826,
      0.0,
      0.0,
      0.0,
      0.0,
      0.0,
      0.00257000065830408,
      0.0,
      0.0,
      0.001306297612349739,
      0.0,
      0.005961902657360768,
      0.00013495145012996592,
      0.00719856422146887,
      0.0,
      0.0,
      0.0015530391437176237,
      0.0,
      0.004606639046049779,
      0.0,
      0.0,
      0.0064808930396239636,
      0.002868223893563313,
      0.012228415776851144,
      0.0031126187478039188,
      0.005773074096685736,
      0.014011514963640307,
      0.007528852739489344,
      0.005957911992768801,
      0.0,
      0.007799409316113241,
      9.93151640117618e-05,
      0.0,
      0.0025376694753819944,
      0.0,
      0.0012797354087151426,
      0.0,
      0.0,
      0.0010697794727816757,
      0.000821837516201602,
      0.0,
      0.0,
      0.0053103874177894755,
      0.0,
      0.002566947786883417,
      0.0,
      0.007718456099497342,
      0.0,
      0.0,
      0.0,
      0.0,
      0.02077328293807667,
      0.015955116533719036,
      0.0009758536640540914,
      0.0,
      0.0,
      0.01081655003312907,
      0.008919959996375666,
      0.018042774502362746,
      0.0,
      0.0,
      0.0,
      0.0035094344197301925,
      0.0,
      0.012871463030194716,
      0.0,
      0.0032842397573962577,
      0.012753783914886622,
      0.0,
      0.0006554093273787547,
      0.004778685738384361
    ],
    "low_data": false
  },
  "250000": {
    "median": 0.0007110036212603961,
    "p90": 0.01190868462662965,
    "p10": 0.0,