{
  "100000": {
    "median": 0.0,
    "p90": 0.010478608427516923,
    "p10": 0.0,
    "sample": [
      0.00020853232235585898,
      0.00016671037643539927,
      0.0,
      0.002498270653274949,
      0.017197720924366385,
      0.007221931755836126,
      0.0,
      0.0,
      0.0,
      0.0,
      0.0,
      0.002907317325922741,
      0.0,
      0.0024480212097008104,
      0.0,
      0.014509171441195182,
      0.003449956997626785,
      0.0,
      0.004750961726838486,
      0.00045995650550906774,
      0.004885314006204603,
      0.0,
      0.0,
      0.0,
      0.0,
      0.004334983500252026,
      0.0,
      0.0048948589792428485,
      0.0,
      0.0034323663949586154,
      0.0,
      0.011936385190899054,
      0.0,
      0.004864205746674135,
      0.0,
      0.012457635878195268,
      0.009555779467064006,
      0.011392439096353665,
      0.0,
      0.0,
      0.0,
      0.0,
      0.0,
      0.00018361906248689087,
      0.0,
      0.0,
      0.0,
      0.0,
      0.00789628109531828,
      0.01624654594613653,
      0.0014006464121377534,
      0.005303545666745211,
      0.0,
      0.011028143644756893,
      0.005398029184093629,
      0.0,
      0.0,
      0.0,
      0.0,
      0.0,
      0.0,
      0.006848106727068204,
      0.0,
      0.0022117014717853646,
      0.007634529604673959,
      0.0,
      0.0065328571517145,
      0.0,
      0.0,
      0.0,
      0.0024089338843032225,
      0.010529834577135017,
      0.0,
      0.009031834545364673,
      0.0,
      0.010258878675365552,
      0.0,
      0.002862135561866362,
      0.0,
      0.0,
      0.0,
      0.0,
      0.0,
      0.0023639769728252573,
      0.0,
      0.0060737700621359796,
      0.0,
      0.007350667032825673,
      0.0,
      0.0,
      0.007234920273255199,
      0.0,
      0.009056756341993644,
      0.01109038607698068,
      0.0,
      0.0,
      0.0,
      0.0,
      0.004122142302988782,
      0.0,
      0.0,
      0.00895467266799645,
      0.004637251973691338,
      0.0,
      0.0,
      0.014531886971746632,
      0.022525758547616057,
      0.0,
      0.0,
      0.0,
      0.0,
      0.0,
      0.0,
      0.016559039078414866,
      0.0,
      0.0014373133939108848,
      0.0,
      0.0,
      0.0008994089616460281,
      0.0006377935737867046,
      0.0,
      0.0053110291536843995,
      0.0,
      0.0,
      0.0023790193881692207,
      0.0010620812996554516,
      0.007260071135095992,
      0.0,
      0.0,
      0.0,
      0.0003797830531855941,
      0.0,
      0.0,
      0.009104927019316207,
      0.010314669627208548,
      0.0,
      0.017542269511985602,
      0.0,
      0.004142786877752619,
      0.006656999273408708,
      0.012253342547107337,
      0.0,
      0.0,
      0.02000966276825833,
      0.0,
      0.0,
      0.0,
      0.005628562946712521,
      0.005903718915233862,
      0.0,
      0.010472916633114913,
      0.0,
      0.0,
      0.0,
      0.008820764285511845,
      0.0,
      0.0,
      0.01517081031629561,
      0.006930134384184104,
      0.0,
      0.0,
      0.003557008789781534,
      0.0,
      0.017465939578050194,
      0.0,
      0.0074821323171849205,
      0.003699182014435359,
      0.0,
      0.0056676971318158,
      0.0,
      0.0,
      0.0,
      0.005693565442104424,
      0.0,
      0.0,
      0.0,
      0.0036694224145814606,
      0.003756253288367664,
      0.012442418396297757,
      0.006172766053972099,
      0.0029764732404800468,
      0.011210177313929601,
      0.0,
      0.002849003540300447,
      0.0,
      0.0,
      0.0,
      0.0,
      0.0,
      0.004148770522246407,
      0.004887626917724325,
      0.0054313906894481465,
      0.004342368392987181,
      0.01164109058347534,
      0.0,
      0.006918247198154034,
      0.00199918915330325,
      7.485190699975382e-05,
      0.0024787210480115424,
      0.00674918333871745
    ],
    "low_data": false
  },
  "250000": {
    "median": 0.0,
    "p90": 0.010565710881118441,
    "p10": 0.0,
    "sample": [
      0.0004756849242412689,
      0.00038028451363802805,
      0.0,
      0.0026149094642174604,
      0.017309834839616754,
      0.007355787614333764,
      0.0,
      0.0,
      0.0,
      0.0,
      0.0,
      0.003059822564418162,
      0.0,
      0.002592866946626295,
      0.0,
      0.014615543098629597,
      0.003579243717882613,
      0.0,
      0.004970175923117123,
      0.0006500030378252795,
      0.00506464541881988,
      0.0,
      0.0,
      0.0,
      0.0,
      0.00457106082291622,
      0.0,
      0.005034942898128999,
      0.0,
      0.0035515717406649034,
      0.0,
      0.012078676540124893,
      0.0,
      0.0050162620503351055,
      0.0,
      0.012570414180361304,
      0.009665672473221722,
      0.01151675853915596,
      0.0,
      0.0,
      0.0,
      0.0,
      0.0,
      0.0003486807686053744,
      0.0,
      0.0,
      0.0,
      0.0,
      0.008021251224802668,
      0.016356849567016527,
      0.0015535302222559322,
      0.005458182071525572,
      0.0,
      0.011190235617413601,
      0.005505611104304047,
      0.0,
      0.0,
      0.0,
      0.0,
      0.0,
      0.0,
      0.006950913770486087,
      0.0,
      0.0023273705353943877,
      0.007747512327534268,
      0.0,
      0.006744770066221269,
      0.0,
      0.0,
      0.0,
      0.0025730192386782453,
      0.010621883645502785,
      0.0,
      0.009252889227575473,
      0.0,
      0.010389369046340378,
      0.0,
      0.003087832352020649,
      0.0,
      0.0,
      0.0,
      0.0,
      0.0,
      0.0024940218078086523,
      0.0,
      0.006262594616765424,
      0.0,
      0.00749977478867259,
      0.0,
      0.0,
      0.007385759754472903,
      0.0,
      0.009160157846587424,
      0.01118860245095843,
      0.0,
      0.0,
      0.0,
      0.0,
      0.004303801040522735,
      0.0,
      0.0,
      0.009161158992198468,
      0.004883403905753641,
      0.0,
      0.0,
      0.014730539966373276,
      0.02265033528070541,
      0.0,
      0.0,
      0.0,
      0.0,
      0.0,
      0.0,
      0.01669927796577258,
      0.0,
      0.0016088660655389087,
      0.0,
      0.0,
      0.0009894579779538134,
      0.0007639699397604691,
      0.0,
      0.0055311338418068835,
      0.0,
      0.0,
      0.0024872663549876392,
      0.0012293701046773929,
      0.007374474679881958,
      0.0,
      0.0,
      0.0,
      0.0004925903069276855,
      0.0,
      0.0,
      0.009303596112517352,
      0.010418508540316002,
      0.0,
      0.01765113069204074,
      0.0,
      0.004272980882060774,
      0.0067904575330752955,
      0.012397508328751899,
      0.0,
      0.0,
      0.02012117480117134,
      0.0,
      0.0,
      0.0,
      0.005761062981417682,
      0.006000805769018895,
      0.0,
      0.010559469462853514,
      0.0,
      0.0,
      0.0,
      0.008967324449861133,
      0.0,
      0.0,
      0.015278069677143884,
      0.007115738366911557,
      0.0,
      0.0,
      0.0036716927355236214,
      0.0,
      0.01757079855447578,
      0.0,
      0.007568949765501229,
      0.003782522796628452,
      0.0,
      0.005755136597230179,
      0.0,
      0.0,
      0.0,
      0.00578575545727833,
      0.0,
      0.0,
      0.0,
      0.003810558599985495,
      0.00390848029968039,
      0.012580671787330616,
      0.006267331276412348,
      0.0031395793874016524,
      0.011319667619921488,
      0.0,
      0.0029319748364298828,
      0.0,
      0.0,
      0.0,
      0.0,
      0.0,
      0.0042945779623297905,
      0.005024701043960627,
      0.005596892316705064,
      0.004422747250285831,
      0.011843461795692895,
      0.0,
      0.007021105755195288,
      0.0020804811515494986,
      0.000184046684657332,
      0.0026933670084570076,
      0.006839845888099222
    ],
    "low_data": false
  },
  "500000": {
    "median": 0.0,
    "p90": 0.010700031087119697,
    "p10": 0.0,