{
  "100000": {
    "median": 0.0,
    "p90": 0.011907676691949835,
    "p10": 0.0,
    "sample": [
      0.00010627403818949054,
      0.00015313576864050093,
      0.014011058962605752,
      0.0,
      0.008357821241762639,
      0.0,
      0.0,
      0.0,
      0.0026228230564755268,
      0.008845129169390547,
      0.0,
      0.0008405551920298571,
      0.005102190319560113,
      0.0,
      0.0,
      0.008472796668915036,
      0.010640511531849734,
      0.0,
      0.0,
      0.0,
      0.0035214310125222105,
      0.0,
      0.0,
      0.0006546611142674644,
      0.0,
      0.0,
      0.0,
      0.014112854805443383,
      0.020240367121962442,
      0.0,
      0.0050792974120020835,
      0.010348648726412443,
      0.0,
      0.0,
      0.0,
      0.011767611315535916,
      0.0,
      0.0023722313775519075,
      0.0067623806789029765,
      0.017195583360566476,
      0.0,
      0.0053726737051483535,
      0.0,
      0.0,
      0.0037177252085014846,
      0.0,
      0.0,
      0.0,
      0.0014668634633428254,
      0.0006320298348080976,
      0.0069122874212044156,
      0.0,
      0.0034877807585561985,
      0.0,
      0.0,
      0.0,
      0.0,
      0.00450831529180584,
      0.004750348726272919,
      0.0,
      0.0,
      0.0,
      0.019113310027432523,
      0.005279900614532188,
      0.014189616941643909,
      0.015577761774460493,
      0.0008545661833579616,
      0.0,
      0.0,
      0.007238214645984817,
      0.0,
      0.003157515296072628,
      0.0,
      0.0026692700861274425,
      0.009812835286506472,
      0.0012237737546633674,
      0.0,
      0.021388578264870037,
      0.0,
      0.0,
      0.0,
      0.0,
      0.017931808014665963,
      0.025786679410289625,
      0.000494687323314717,
      0.0,
      0.0,
      0.0015129816885632733,
      0.0,
      0.0007640090140329846,
      0.03190575307697654,
      0.0,
      0.0054664374333071464,
      0.0028499111750695267,
      0.0,
      0.0,
      0.007844744104177244,
      0.0,
      0.006539382664261776,
      0.0,
      0.018872496747054858,
      0.005000377094951017,
      0.0,
      0.0007585155600740442,
      0.0,
      0.0,
      0.0044589828958752215,
      0.011727881923177298,
      0.0,
      0.0,
      0.010059737714589463,
      0.0,
      0.0,
      0.0027806847280871954,
      0.013168265079675183,
      0.005779344618194808,
      0.004645886306538734,
      0.0,
      0.001995140743693807,
      0.0033220314007754203,
      0.0022419647828150727,
      0.0,
      0.0,
      0.005024322154657315,
      0.0,
      0.0,
      0.0,
      0.0,
      0.0,
      0.006891232890236697,
      0.0,
      0.0,
      0.0032741006636378195,
      0.0,
      0.003891275696905175,
      0.0,
      0.004848953608448629,
      0.0,
      0.007265118664652233,
      0.0,
      0.0068265367953532574,
      0.0,
      0.018038472054100165,
      0.0,
      0.00014637628193896738,
      0.002001686123207323,
      0.0,
      0.0,
      0.0,
      0.0,
      0.0,
      0.011369186311202768,
      0.0,
      0.0,
      0.0,
      0.022808839855635945,
      0.008170544998220388,
      0.0,
      0.0,
      0.0,
      0.03518639430726627,
      0.0,
      0.0025622238905492773,
      0.014744723289099653,
      0.0034451642208815536,
      0.0,
      0.006173289575975651,
      0.02020904195731567,
      0.0,
      0.0,
      0.003506091419882405,
      0.008528061967297393,
      0.0,
      0.0,
      0.0,
      0.020068555702317782,
      0.0,
      0.0,
      0.0,
      0.0,
      0.0,
      0.0,
      0.014505908473873737,
      0.0,
      0.002336069263407287,
      0.0005482669711329394,
      0.0,
      0.004660028723547884,
      0.001955085155478184,
      0.0038076947499740194,
      0.0,
      0.0023971587602887017,
      0.003894349214070449,
      0.004350285417146601,
      0.0037791466719608187,
      0.0,
      0.0020167951360919676,
      0.0,
      0.0,
      0.00947556348525752
    ],
    "low_data": false
  },
  "250000": {
    "median": 0.0,
    "p90": 0.012041025021050668,
    "p10": 0.0,
    "sample": [
      0.00024242264812412745,
      0.0003493193557787014,
      0.014153934049579856,
      0.0,
      0.008468698031599912,
      0.0,
      0.0,
      0.0,
      0.002735526077202298,
      0.008961016950324228,
      0.0,
      0.0010701644028955006,
      0.005252510169981837,
      0.0,
      0.0,
      0.008582440768649889,
      0.010748119086420597,
      0.0,
      0.0,
      0.0,
      0.0036267984250674228,
      0.0,
      0.0,
      0.0008377766781471248,
      0.0,
      0.0,
      0.0,
      0.014365666856847394,
      0.02035521310531823,
      0.0,
      0.005247961041061707,
      0.01052000320414616,
      0.0,
      0.0,
      0.0,
      0.011895073852958496,
      0.0,
      0.0025045568204790127,
      0.0068725048691715635,
      0.01739831103765863,
      0.0,
      0.005483876582848548,
      1.021636730655633e-05,
      0.0,
      0.003832442067973057,
      0.0,
      0.0,
      0.0,
      0.0016251400415731756,
      0.0007869042995685288,
      0.007190393641580691,
      0.0,
      0.0036030678814713206,
      0.0,
      0.0,
      0.0,
      0.0,
      0.00467147692313173,
      0.004903503268823075,
      0.0,
      0.0,
      0.0,
      0.019280260715590376,
      0.005432150617719352,
      0.014369350233710674,
      0.015818768733242686,
      0.0009993772359022965,
      0.0,
      0.0,
      0.007399845817012221,
      0.0,
      0.0032766224575917994,
      0.0,
      0.0027791538512130006,
      0.009977372829402977,
      0.0013850367748895036,
      0.0,
      0.02157982744939172,
      0.0,
      0.0,
      0.0,
      0.0,
      0.018035531113952036,
      0.025884687882980196,
      0.0006147887448150124,
      0.0,
      0.0,
      0.0016404272544193804,
      0.0,
      0.0008770995784249634,
      0.03200897577502249,
      0.0,
      0.005567611615323489,
      0.0029617409357811787,
      0.0,
      0.0,
      0.007941829351671972,
      0.0,
      0.006700143216158097,
      0.0,
      0.019026765459253532,
      0.005132708296476639,
      0.0,
      0.0008957792816954189,
      0.0,
      0.0,
      0.004587789748909675,
      0.011867681400195432,
      0.0,
      0.0,
      0.010285351760143002,
      0.0,
      0.0,
      0.002980040229978573,
      0.013354585533880298,
      0.006015034361673229,
      0.004762242236907856,
      0.0,
      0.0021791805244493773,
      0.003513820886506193,
      0.002392877744232435,
      0.0,
      0.0,
      0.005158495205466117,
      0.0,
      0.0,
      0.00014689079426477754,
      0.0,
      0.0,
      0.007041840593033558,
      0.0,
      0.0,
      0.003411003543105349,
      0.0,
      0.004131187477405834,
      0.0,
      0.004980487451146132,
      0.0,
      0.0074154346604754125,
      0.0,
      0.007098872838432728,
      0.0,
      0.01815326892685528,
      0.0,
      0.0004129806649489137,
      0.0021211066464902756,
      0.0,
      0.0,
      0.0,
      0.0,
      0.0,
      0.011536677035246332,
      0.0,
      0.0,
      0.0,
      0.022939685851081026,
      0.008427990704187205,
      0.0,
      0.0,
      0.0,
      0.03538483278657895,
      0.0,
      0.002774741545691759,
      0.015030804217115501,
      0.00365342788068818,
      0.0,
      0.0063031860766075394,
      0.020347784989173823,
      0.0,
      0.0,
      0.0036543376815699443,
      0.008678402891516055,
      0.0,
      0.0,
      0.0,
      0.020301762214011587,
      0.0,
      0.0,
      0.0,
      0.0,
      0.0,
      0.0,
      0.014748735199820605,
      0.0,
      0.0025153050899676655,
      0.0006796097867101936,
      0.0,
      0.004816558187327773,
      0.0021806837518595296,
      0.0039925948903126235,
      0.0,
      0.002556408940506227,
      0.004184777798491655,
      0.004480887083540376,
      0.003934809064402691,
      0.0,
      0.002240896989951769,
      0.0,
      0.0,
      0.009710030422282086
    ],