{
  "100000": {
    "median": 0.0,
    "p90": 0.011336775772819595,
    "p10": 0.0,
    "sample": [
      0.00011944248809514269,
      0.00017031253172591755,
      0.00066265709242613,
      0.0,
      0.0,
      0.0,
      0.0,
      0.0025211909936402404,
      0.018031551626566313,
      0.014018673613477903,
      0.0,
      0.0026267194165674407,
      0.013230191196490645,
      0.006811615756637111,
      0.013733529285127383,
      0.0,
      0.0,
      0.0036508741961514277,
      0.009563586983523747,
      0.003197928307357481,
      0.0,
      0.005357820934822466,
      0.0,
      0.0,
      0.004154407845419385,
      0.0005602497449192991,
      0.0,
      0.0,
      0.0,
      0.0,
      0.0,
      0.010567536202544633,
      0.0,
      0.0,
      0.025009469990553704,
      0.0,
      0.0,
      0.0013791696302156242,
      0.0,
      0.0,
      0.0,
      0.0,
      0.0,
      0.0016733570129570789,
      0.0,
      0.0,
      0.0029635468861006252,
      0.004829725562772218,
      0.0,
      0.007643683563266226,
      0.01131015464836407,
      0.013569715460872179,
      0.0,
      0.0,
      0.0,
      0.00479960239898393,
      0.005185094149954107,
      0.0,
      0.00268613783023566,
      0.0,
      0.0058221655582052214,
      0.0,
      0.0,
      0.010264209171469665,
      0.004379019234698284,
      0.0023023776308313836,
      0.0024392276468752174,
      0.01769231818480316,
      0.0025467201879068235,
      0.0,
      0.0030420674614440924,
      0.0,
      0.0,
      0.015285521217732303,
      0.0,
      0.006845963008357826,
      0.01862326365539114,
      0.013215570173539685,
      0.0,
      0.00406919711073279,
      0.005329663147714234,
      0.0,
      0.0,
      0.0,
      0.004884757001241732,
      0.0,
      0.005647412311950776,
      0.0013616901867866834,
      0.006467667017345312,
      0.0,
      0.0,
      0.01106964393992417,
      0.0,
      0.002242274909170035,
      0.0,
      0.0,
      0.0,
      0.0,
      0.013271801487151501,
      0.0,
      0.0,
      0.004012123781408085,
      0.0,
      0.0,
      0.0,
      0.010088119176161989,
      0.0,
      0.014850990713586292,
      0.0,
      0.0,
      0.0,
      0.0,
      0.0014620157818820692,
      0.0,
      0.0,
      0.0023005830773128863,
      0.0,
      0.0023714193296852197,
      0.0,
      0.0,
      0.011576365892919343,
      0.003470175524020385,
      0.0,
      0.0018386970198353463,
      0.0,
      0.0,
      0.005368650102338996,
      0.0,
      0.0020268228898645724,
      0.0,
      0.012107232181632167,
      0.0,
      0.007824957986056197,
      0.009054087005391578,
      0.0,
      0.011684471544107204,
      0.0,
      0.0,
      0.0,
      0.0,
      0.0,
      0.012748094271888047,
      0.0,
      0.0025034124383712295,
      0.004611433481706459,
      0.0,
      0.0,
      0.0,
      0.0,
      0.0,
      0.0,
      0.0,
      0.0,
      0.0,
      0.0,
      0.0,
      0.0,
      0.007088602826756852,
      0.0010677248123078162,
      0.0,
      0.0,
      0.0013463087611820417,
      0.008131523657337946,
      0.014008690914485462,
      0.0,
      0.0001777723897391835,
      0.005340805872700658,
      0.008432385127836874,
      0.0,
      0.01179842083484817,
      0.0,
      0.0,
      0.010029825647186567,
      0.00446036408533107,
      0.006796065875218121,
      0.006919949311094036,
      0.0006757245711638927,
      0.0,
      0.007649877303902337,
      0.00018283328937399122,
      0.007318432894012526,
      0.011727731759387227,
      0.0,
      0.0,
      0.0,
      0.0,
      0.0,
      0.014469724684194264,
      0.0,
      0.0,
      0.0,
      0.0018603487437226854,
      0.0,
      0.008544135225780005,
      0.0,
      0.010299909105196433,
      0.0021063273409265303,
      0.0,
      0.0,
      0.0014707464040599931
    ],
    "low_data": false
  },
  "250000": {
    "median": 0.0,
    "p90": 0.01148998400987084,
    "p10": 0.0,
    "sample": [
      0.0002724613156312948,
      0.0003885014219192843,
      0.0009327372419437913,
      0.0,
      0.0,
      0.0,
      0.0,
      0.0026771529141666954,
      0.018219048481954093,
      0.014200687253644775,
      0.0,
      0.0027738651173362947,
      0.013360030994747992,
      0.006973724185325219,
      0.013838041738341703,
      0.0,
      0.0,
      0.0038262267716208795,
      0.009676919213319079,
      0.0032962476128522854,
      0.0,
      0.005480067118437431,
      0.0,
      0.0,
      0.004255310615930151,
      0.0006659804990824466,
      0.0,
      0.0,
      0.0,
      0.0,
      0.0,
      0.010693763093808041,
      0.0,
      0.0,
      0.025115566448462377,
      0.0,
      0.0,
      0.001485234644391324,
      0.0,
      0.0,
      0.0,
      0.0,
      0.0,
      0.001831380397508273,
      7.132794247363352e-06,
      0.0,
      0.0030899140759563424,
      0.004961536668251244,
      0.0,
      0.0077367798937066435,
      0.0114680381792809,
      0.013753986372414605,
      0.0,
      0.0,
      0.0,
      0.0049208772552491835,
      0.005373580368027303,
      0.0,
      0.0028596991786507273,
      0.0,
      0.005921179908515812,
      0.0,
      0.0,
      0.010354986251756813,
      0.004540495363212585,
      0.002384384462952956,
      0.0025884450506561563,
      0.017814790711962736,
      0.0027174178625068404,
      0.0,
      0.0031475178530756833,
      0.0,
      0.0,
      0.015500253899775789,
      0.0,
      0.006940866942700679,
      0.018787797755500678,
      0.013325273893361817,
      0.0,
      0.004235695178557348,
      0.005444733585461165,
      0.0,
      0.0,
      0.0,
      0.005027606258028662,
      0.0,
      0.005776193480606914,
      0.0014483327050240796,
      0.006585902122081206,
      0.0,
      0.0,
      0.011202169515903119,
      0.0,
      0.0023912932143957434,
      0.0,
      0.0,
      0.0,
      0.0,
      0.01343415978946205,
      8.253458521950718e-06,
      0.0,
      0.004148362097215824,
      0.0,
      0.0,
      0.0,
      0.010183295974472676,
      0.0,
      0.014950233160273746,
      0.0,
      0.0,
      0.0,
      0.0,
      0.0015875308815585065,
      0.0,
      0.0,
      0.0024586715300033697,
      0.0,
      0.0024696101276510175,
      0.0,
      0.0,
      0.011687496485180303,
      0.0036614886094121124,
      0.0,
      0.002002271729039397,
      0.0,
      0.0,
      0.005475725339816292,
      0.00013867719211727494,
      0.0021740347586427533,
      0.0,
      0.01220390912813804,
      0.0,
      0.007921463663580302,
      0.009161487535498704,
      0.0,
      0.01180659224983376,
      0.0,
      0.0,
      0.0,
      0.0,
      0.0,
      0.012988604431940585,
      0.0,
      0.0026324769097002053,
      0.004829580328617295,
      0.0,
      0.0,
      0.0,
      0.0,
      0.0,
      0.0,
      0.0,
      0.0,
      0.0,
      0.0,
      0.0,
      0.0,
      0.007205699959058745,
      0.0011906791223053764,
      0.0,
      0.0,
      0.0015261801549612054,
      0.008246944341487171,
      0.014195398878692606,
      0.0,
      0.0003464510279178361,
      0.005436984266932689,
      0.008561202715163743,
      0.0,
      0.011990872082098777,
      0.0,
      0.0,
      0.01013790072153365,
      0.004635243670006846,
      0.00689586049722753,
      0.007058052665293802,
      0.0008831574015801719,
      0.0,
      0.007800806841742662,
      0.00028544652821763057,
      0.007485766378999582,
      0.011824458377972592,
      0.0,
      0.0,
      0.0,
      0.0,
      9.222374175791643e-06,
      0.01467484781063783,
      0.0,
      0.0,
      0.0,
      0.001981420887659077,
      0.0,
      0.008643912784250779,
      0.0,
      0.01041290521804027,
      0.00227235207082354,
      0.0,
      0.0,
      0.0016038281980195691
    ],
    "low_data": false
  },
  "500000": {
    "median": 0.0,
    "p90": 0.011726245574395283,
    "p10": 0.0,