{
  "100000": {
    "median": 5.518818946801074e-05,
    "p90": 0.010515787970292578,
    "p10": 0.0,
    "sample": [
      0.00016338533120469913,
      9.312644939756136e-05,
      0.0,
      0.004241753468684148,
      0.003171447124282308,
      0.0,
      0.0,
      0.0016027154435220253,
      0.006978535529957824,
      0.0,
      0.0,
      0.0045605375444701035,
      0.0,
      0.00508695818801989,
      0.0,
      0.009892412640857193,
      0.001896759930250509,
      0.0,
      0.020579099908700743,
      0.0,
      0.0,
      0.0,
      0.0,
      0.0,
      0.001713067762603884,
      0.0,
      1.7249929538460117e-05,
      0.0023664899389285584,
      0.004939451594139506,
      0.0038604187344267417,
      0.0,
      0.0,
      0.005459010916141722,
      0.002403242924929533,
      0.004686070529804262,
      0.009164315568724856,
      0.006451893506708945,
      0.0046036248319926585,
      0.008447524587411248,
      0.0,
      0.0,
      0.0,
      0.0024601811609824688,
      0.0,
      0.00951469023668785,
      0.0,
      0.0,
      0.0,
      0.01013044807805051,
      0.0013277509165568974,
      0.0,
      0.01053769469159991,
      0.01155689685112139,
      0.0,
      0.0,
      0.0009255966227343686,
      0.0,
      0.0,
      0.0,
      0.0,
      0.00717023347597547,
      0.0,
      0.0,
      0.006423385135682944,
      0.0,
      0.004737702333522774,
      0.0032815289667240473,
      0.0,
      0.0008900115463250419,
      0.0,
      0.0,
      0.0,
      0.0,
      0.0,
      0.0,
      0.004090109980692148,
      0.01640185178099233,
      0.0,
      0.0,
      0.0,
      0.0,
      0.015097200011619169,
      0.016524378624928067,
      0.0,
      0.0,
      0.0,
      0.005778580221977459,
      0.0,
      0.004830928483538616,
      0.0,
      0.0,
      0.013784114876993695,
      0.0,
      0.0,
      0.008287667221760792,
      0.016405539323952816,
      0.0,
      0.0,
      0.011499433233491434,
      0.0020707573034791987,
      0.0034218071224477774,
      0.00013311233884279666,
      0.0,
      0.0,
      0.0,
      0.0,
      0.0,
      0.0,
      0.0,
      0.013106790048150673,
      0.0,
      0.0028532177002581947,
      0.0015305844224690714,
      0.003234366755899361,
      0.00244516244727904,
      0.0044375799710999414,
      0.0,
      0.010353707738801345,
      0.00657771641762362,
      0.006577803711374917,
      0.0014517750357271521,
      0.0,
      0.0,
      0.00029429456181231494,
      0.0,
      0.010513353890147318,
      0.019963372023411606,
      0.007816330656532653,
      0.009845635397730899,
      0.0,
      0.004101692105403896,
      0.0,
      0.0,
      0.001396035807096571,
      0.0,
      0.00475094085359637,
      0.0028892991455516217,
      0.0,
      0.0,
      0.0061796082716248325,
      0.0,
      0.0,
      0.01823957921024725,
      0.0022951909260551595,
      0.004648215477968178,
      0.01070830131209598,
      0.00589816349773111,
      0.016099322877298976,
      0.003344702940391071,
      0.0,
      0.0,
      0.0,
      0.01937244986953872,
      0.0005746113806930975,
      0.0004150052546467728,
      0.0,
      0.0,
      0.0,
      0.0,
      0.0,
      0.0,
      0.0036744409014269524,
      0.003244580430995739,
      0.0,
      0.004112600304121067,
      0.0041645523587900135,
      0.0,
      0.016206902153536075,
      0.014972968186717301,
      0.010306112577393315,
      0.0005749184192196136,
      0.0,
      0.0,
      0.008995673586983373,
      0.0,
      0.0,
      0.00969661317031606,
      0.0,
      0.0,
      0.00944686374718957,
      0.006747500212812251,
      0.0,
      0.01331189190238681,
      0.011601116800554838,
      0.006874097341582216,
      0.0017707857418435375,
      0.0,
      0.0,
      0.01684063793349727,
      0.0011519211220763388,
      0.0,
      0.0,
      0.00902403755975978,
      0.004073637008890824,
      0.005130226141602705,
      0.0,
      0.008758733661368137,
      0.0,
      0.005234385430275381,
      0.0
    ],
    "low_data": false
  },
  "250000": {
    "median": 0.00022805275479201303,
    "p90": 0.01066287649291033,
    "p10": 0.0,