{
  "100000": {
    "median": 3.957328176472562e-05,
    "p90": 0.012283292847981662,
    "p10": 0.0,
    "sample": [
      9.458271824205167e-05,
      0.00015323830086369484,
      0.0,
      0.0,
      0.004025992029585042,
      0.0,
      0.0,
      0.0019585440857610996,
      0.0,
      0.0026994824830334245,
      0.004605724517566125,
      0.0,
      0.0,
      0.0,
      0.004304253593373516,
      0.0,
      0.0,
      0.016058352207828974,
      0.008643299792370912,
      0.008991390216617035,
      0.0,
      0.008134970453843022,
      0.0,
      0.0,
      0.0024609912632360515,
      0.0,
      0.021436027107944414,
      0.0050399538967795315,
      0.0008938656338433157,
      0.0,
      0.0029278875907410525,
      0.0,
      0.0,
      0.004971426823297563,
      0.005068205392635143,
      0.0,
      0.0,
      0.0,
      0.0,
      0.011693520269508062,
      0.0,
      0.012234926294603793,
      0.0,
      0.0,
      0.0004643901194778478,
      0.022397370403083386,
      0.0,
      0.005910465829033699,
      0.0,
      0.0,
      0.011540721179864275,
      0.016047815503429715,
      0.0,
      0.0,
      0.0,
      0.0002656032587637599,
      0.0,
      0.0169201405383994,
      0.025353598979976192,
      0.0,
      0.010982026970037764,
      0.004714924751022,
      0.010326292732919622,
      0.0,
      0.0,
      0.0,
      0.005699659596005225,
      0.0,
      0.0,
      0.0029608830496392104,
      0.0,
      0.0,
      0.01147119519792026,
      0.0,
      0.00962892218661844,
      0.013796220182509741,
      0.0,
      0.003342319604148391,
      0.019105923551039815,
      0.017399367769810464,
      0.015285615556679207,
      0.016629633967152564,
      0.0,
      0.0,
      0.0,
      0.007852165484194998,
      0.0012983112713900362,
      0.0,
      0.004000293666677112,
      0.0,
      0.005991183093144987,
      0.0,
      0.0,
      0.009498173053953545,
      0.0,
      0.0035170509869836344,
      0.0,
      0.0024614413988464394,
      0.0,
      0.0,
      0.0,
      0.006366975446780307,
      0.0,
      0.0,
      0.0036439981727632974,
      0.00653744185451282,
      0.0,
      0.0,
      0.0,
      0.0006489481644724937,
      0.00035037182206481394,
      0.02132789282254743,
      0.0014087594962765167,
      0.0,
      0.0,
      0.003943452256874079,
      0.0,
      0.006072647917344124,
      0.00984072036162323,
      0.011704700730858945,
      0.0,
      0.0,
      0.0,
      0.0,
      0.014058708633937758,
      0.007866939143740188,
      0.0038793611463203933,
      0.009967227207331515,
      0.00014167908894675705,
      0.0,
      0.01762632496488586,
      0.018393604811328484,
      0.0,
      0.0,
      0.0031364466089520656,
      0.0,
      0.0,
      0.01637373071265774,
      0.0,
      0.005891562610576629,
      0.0,
      0.0,
      0.0,
      0.006508989181792448,
      0.008817621182503834,
      0.00022265918701814055,
      0.0,
      0.0,
      0.0027290407667170274,
      0.0,
      0.0,
      0.0,
      0.0,
      0.0,
      0.0296877495349956,
      0.000278725869031014,
      0.0,
      0.012718591828382501,
      0.0,
      0.006093624829319081,
      0.0,
      0.0,
      0.00014908700706862894,
      0.0,
      0.006552470093565054,
      0.0014849546168758838,
      0.0026018782929937683,
      0.0,
      0.013097105835770615,
      7.914656352945124e-05,
      0.001033678983406592,
      0.0,
      0.0070894797807383786,
      0.0,
      0.010881508032618285,
      0.0,
      0.0066186377919114255,
      0.0029870193609796408,
      0.0,
      0.0,
      0.0015558850728317791,
      0.0,
      0.003664640245914525,
      0.0,
      0.007630194163883275,
      0.0026420844191910957,
      0.003615510223916803,
      0.013509404594993472,
      0.0,
      0.0008029452812210824,
      0.009115630436516692,
      0.0,
      0.0,
      0.001157460065584004,
      0.0001459906617463953,
      0.0,
      0.0,
      0.0,
      0.005853189515064803,
      0.005705688709722382
    ],
    "low_data": false
  },
  "250000": {
    "median": 0.00010787673741226028,
    "p90": 0.012442549725724393,
    "p10": 0.0,