{
  "100000": {
    "median": 0.0013189483029078242,
    "p90": 0.012154855960698992,
    "p10": 0.0,
    "sample": [
      0.00018887863594651156,
      9.061306761480966e-05,
      0.003065153282574763,
      0.00599191206480096,
      0.0,
      0.011802820482645386,
      0.0,
      0.0007020358469786231,
      0.00598580991081572,
      0.008800149428410668,
      0.0028508366278928512,
      0.007346339087704201,
      0.006437444174015472,
      0.0039329586921677635,
      0.008676697837094946,
      0.0,
      0.0047109395524312665,
      0.0,
      0.0,
      0.004348181021970033,
      0.0,
      0.0,
      0.0,
      0.006598519430642349,
      0.0,
      0.010215680858768329,
      0.02213978617203844,
      0.0,
      0.0025715825677091325,
      0.0,
      0.0,
      0.010802474053715524,
      0.0,
      0.00133797928488208,
      0.004574999452419967,
      0.0,
      0.0,
      0.0,
      0.003294369293316687,
      0.0,
      0.002721555502078453,
      0.0,
      0.0024965020476630916,
      0.017304418346485072,
      0.00945924896404347,
      0.0026540168882462404,
      0.0032120626407182227,
      0.0,
      0.0,
      0.002917423369546865,
      0.002920095278017859,
      0.0010491134877359347,
      0.011883968479513196,
      0.0012721280494591089,
      0.009576318910753686,
      0.0,
      0.0058874824449644024,
      0.002170766481976343,
      0.012269797987417976,
      0.0012059363840534302,
      0.0,
      0.008860570337199208,
      0.0,
      0.00047498190560488175,
      0.009703308139289248,
      0.0,
      0.0,
      0.0,
      0.0,
      0.011830613673094341,
      0.0,
      0.0017822337649279567,
      0.02010617599813171,
      0.0,
      0.008551023557968895,
      0.0,
      0.0028840045832299816,
      0.0,
      0.00983030488343459,
      0.0,
      0.0,
      0.01055028166578731,
      0.0039022627384942624,
      0.0,
      0.0,
      0.0005085534156634532,
      0.006868560877051969,
      0.019414888037161866,
      0.0,
      0.021030349267852327,
      0.0,
      0.01492170852612878,
      0.0,
      0.012142084624396882,
      0.00450455217202302,
      0.0,
      0.0,
      0.014175094081930314,
      0.0,
      0.014646853547933911,
      0.0,
      0.0,
      0.00563713721222451,
      0.014993745419665463,
      0.0,
      0.001554408094439301,
      0.0,
      0.0,
      0.00405592367700533,
      0.0,
      0.0,
      0.017966845419507035,
      0.0,
      0.0,
      0.0,
      0.011334610904773465,
      0.0,
      0.0,
      0.0,
      0.005210004294619494,
      0.010047151572567787,
      0.0,
      0.002528963519648314,
      0.0,
      0.0,
      0.017016757336666823,
      0.00781351973864922,
      0.002329270385661017,
      0.0,
      0.0,
      0.006112654558776351,
      0.011185536253133989,
      0.0099041173998516,
      0.0,
      0.0022845002404631187,
      0.0,
      0.015167725508541698,
      0.01729514556839436,
      0.0,
      0.0,
      0.0027128778374576074,
      0.0003603860861439785,
      0.0,
      0.010741224657131057,
      0.0,
      0.0014938231508526258,
      0.0015937057595282057,
      0.013480119728804174,
      0.0024205887968763687,
      0.0,
      0.0,
      0.0,
      0.0,
      0.018240570149486372,
      0.0012999173209335682,
      0.01283398246803643,
      0.0,
      0.0,
      0.010357421024948871,
      0.0036097445209605393,
      0.0,
      0.0,
      0.005857882701474467,
      0.0,
      0.01892508835913518,
      0.0031315458136841673,
      0.005382163499608187,
      0.0,
      0.0,
      0.001602360447988191,
      0.0,
      0.004644663589727082,
      0.0,
      0.0023860230215949,
      0.0,
      0.0,
      0.0,
      0.013045336313442929,
      0.002820566198932103,
      0.006109598850867211,
      0.0,
      0.007368769321378923,
      0.005447709627402918,
      0.0019523024318968412,
      0.0,
      0.009771283933232854,
      0.001011547772471194,
      0.003918473953916293,
      0.0,
      0.0035695704919490277,
      0.0,
      0.004629485519674654,
      0.014194352867095356,
      0.0,
      0.0022293796811625774,
      0.0,
      0.0024206871874893395,
      0.0,
      0.000937111774490499,
      0.0098763083054603
    ],
    "low_data": false
  },
  "250000": {
    "median": 0.0014158155712499457,
    "p90": 0.012244023760095802,
    "p10": 0.0,