{
  "100000": {
    "median": 0.0005644149441217622,
    "p90": 0.011989951445543509,
    "p10": 0.0,
    "sample": [
      0.0001794867347515705,
      8.736414332245837e-05,
      0.0,
      0.0,
      0.0,
      0.0,
      0.007728764158123031,
      0.0,
      0.0,
      0.014941142282296491,
      0.0,
      5.9244923881344655e-05,
      0.003031957192913781,
      0.0,
      0.0,
      0.007448407622848995,
      0.0,
      0.0,
      0.004080228299304228,
      0.014812209647647533,
      0.003212860033765737,
      0.012133855721841953,
      0.0,
      0.0,
      0.01207036939784594,
      0.0,
      0.0011168083856580016,
      0.0028815809242111997,
      0.0005360478505844368,
      0.0,
      0.0041116050035707105,
      0.0200597096938883,
      0.012038298974340327,
      0.0,
      0.0,
      0.001979730011418937,
      0.0,
      0.0,
      0.0,
      0.0,
      0.0,
      0.0026799314972064843,
      0.0074265879667163165,
      5.259597530218711e-05,
      0.0,
      0.0,
      0.0030686789361503643,
      0.004352733423168264,
      0.006807851064980992,
      0.0,
      0.003468724615780643,
      0.0030592957587913844,
      0.0,
      0.012225068562297844,
      0.0014729094403605988,
      0.0,
      0.0,
      0.0,
      0.0,
      0.0,
      0.0062292674909969785,
      0.0,
      0.008817827278293743,
      0.014440774660006128,
      0.0021316438172158084,
      0.0,
      0.008892623399677602,
      0.012130520626803165,
      0.007107838671473324,
      0.005547017624963829,
      0.0002650664113613331,
      0.009484575637677345,
      0.016912556446960374,
      0.0,
      0.0,
      0.0,
      0.0,
      0.008505498874244503,
      0.004253676646389279,
      0.0,
      0.0038259411019544135,
      0.006697072133456248,
      0.014789539380289539,
      0.0,
      0.0,
      0.0,
      0.008028664708100297,
      0.0006587864372464857,
      0.005148054647727095,
      0.0,
      0.0,
      0.0,
      0.0,
      0.0,
      0.0,
      0.0004216634245758535,
      0.0,
      0.0,
      0.0,
      0.0,
      0.0023806622826366146,
      0.0,
      0.016761508450381633,
      0.0,
      0.003967464961598505,
      0.024454001589003158,
      0.015695199195458698,
      0.00493572735918392,
      0.020659577292199815,
      0.003078571441169613,
      0.0020990219780795643,
      0.004577370347828172,
      0.019641894526465302,
      0.00027454098591974405,
      0.0,
      0.0,
      0.0029966425645994565,
      0.0,
      0.0,
      0.009756060131158274,
      0.0083814780626953,
      0.0,
      0.0,
      0.0,
      0.0119705637463458,
      0.0,
      0.002173659937670853,
      0.0025296679900166197,
      0.0,
      0.0034657748461995614,
      0.010747226916069821,
      0.0,
      0.007864211986616894,
      0.0035188472455122567,
      0.0,
      0.00456053449613374,
      0.0,
      0.00551668373953228,
      0.011984579497899418,
      0.005248481908659651,
      0.0,
      0.0,
      0.007526929963417637,
      0.005225890536766187,
      0.001710016314242599,
      0.0008325072036491821,
      0.003258729954501814,
      0.0,
      0.0,
      0.005100491069444012,
      0.0,
      0.007979728656233788,
      0.0,
      0.007812636744755942,
      0.0,
      0.01891689469011834,
      0.0,
      0.008401512332393946,
      0.015143802686229444,
      0.0,
      0.005313460337152865,
      0.01166742169370696,
      0.004009006421316713,
      0.0035240212806568047,
      0.0,
      0.0,
      0.0,
      0.0,
      0.0,
      0.0,
      0.0,
      0.0,
      0.006094125744220033,
      0.0009053877658847631,
      0.005848187197334254,
      0.0026841222952753508,
      0.007788543195180361,
      0.0017385124767953194,
      0.005263863974246242,
      0.005116893893973646,
      0.006987879325205209,
      0.0,
      0.004413571823541843,
      0.006909785580561139,
      0.0,
      0.006181950990051037,
      0.0,
      0.0,
      0.021574541138721183,
      0.007791394065197151,
      0.0,
      0.0,
      0.0,
      0.0,
      0.015471356510572944,
      0.0,
      0.0,
      0.0005927820376590876,
      0.010225160238926027,
      0.00903615063108004
    ],
    "low_data": false
  },
  "250000": {
    "median": 0.000753627713512752,
    "p90": 0.012154087934564298,
    "p10": 0.0,