{
  "100000": {
    "median": 0.0,
    "p90": 0.010315401991574791,
    "p10": 0.0,
    "sample": [
      0.0001165511109210444,
      0.00012933330708744575,
      0.0034813131169743514,
      0.0,
      0.007594594724539098,
      0.0,
      0.0,
      0.020432080424097658,
      0.006395239936728978,
      0.0,
      0.0,
      0.0,
      0.0070673523871289026,
      0.0,
      0.0013048062829670894,
      0.0014790403966172196,
      0.0,
      0.0,
      0.003979634371377529,
      0.02817544428345297,
      0.0,
      0.0,
      0.0,
      0.009538768338332554,
      0.004227855811314501,
      0.002233636997893072,
      0.0,
      0.008426455579381981,
      0.0,
      0.010561897772548713,
      0.0,
      0.0,
      0.0,
      0.0010950746653924468,
      0.0,
      0.0,
      0.003735176132193848,
      0.0,
      0.010290669127009216,
      0.01010982406865614,
      0.0,
      0.0,
      0.011267093521970086,
      0.0,
      0.010841142813864826,
      4.9127819223446586e-05,
      0.022204517300767307,
      0.01263976431698127,
      0.008950767193790355,
      0.0,
      0.009886910999975495,
      0.0,
      0.0,
      0.0,
      0.0,
      0.0,
      0.01489272122288881,
      0.0,
      0.0064997399653263874,
      0.0,
      0.0019161092870800928,
      0.0,
      0.0017414184122580703,
      0.0029377978345020237,
      0.0,
      0.0,
      0.0,
      0.005183468242225433,
      0.014249339469059501,
      0.0,
      0.0,
      0.0,
      0.011604605842491638,
      0.0,
      0.011559904893982823,
      0.0070059136528080315,
      0.0,
      0.0024287296229982035,
      0.0,
      0.0,
      0.0,
      0.0,
      0.0,
      0.01011430031126415,
      0.0,
      0.013835239109695524,
      0.0,
      0.0,
      0.003800822102435994,
      0.00019141924544669386,
      0.0,
      0.0,
      0.00828938503888976,
      0.011772146965478661,
      0.015114779655494839,
      0.013369942715512747,
      0.008055528701680458,
      0.001315417568511347,
      0.0,
      0.0,
      0.0,
      0.0012588992941161155,
      0.009170618643589794,
      0.017548939050155584,
      0.0,
      0.0,
      0.009708456047340917,
      0.0015607002635452004,
      0.0012589563222583971,
      0.0,
      0.0,
      0.0,
      0.007074909870975233,
      0.0,
      0.0,
      0.0,
      0.01151065809032999,
      0.0,
      0.006862449231038157,
      0.0,
      3.277788114860764e-05,
      0.0010189151663614771,
      0.01525460221632951,
      0.0,
      0.0,
      0.0,
      0.0,
      0.0034159579201883607,
      0.0,
      0.0,
      0.008126474377676917,
      0.0,
      0.006910408061540101,
      0.002763789590045563,
      0.005120361521731794,
      0.0,
      0.0,
      0.0,
      0.0,
      0.0037454141982898744,
      0.0,
      0.008787774412110556,
      0.007227108562747596,
      0.00604677643390848,
      0.010301332432497316,
      0.0,
      0.0,
      0.0008319881757019281,
      0.0,
      0.0,
      0.0,
      0.0,
      0.002398622046778447,
      0.0,
      0.0,
      0.000440053450304944,
      0.0,
      0.014094964706719275,
      0.0032604111086835426,
      0.009653552476912658,
      0.004812934797955877,
      0.0003111966099688764,
      0.0055398215833729935,
      0.0019363986199834877,
      0.009639796682061517,
      0.00845498051349303,
      0.0,
      0.0,
      0.0023465497941439215,
      0.0,
      0.0014456513096199155,
      0.0,
      0.000401118499181481,
      0.0,
      0.0,
      0.0,
      0.0,
      0.0,
      0.0,
      0.010442028023272078,
      0.0,
      0.0026893787352796315,
      0.00989233992632822,
      0.0022013658625886093,
      0.005984861605758535,
      0.007591879078759249,
      0.0,
      0.0,
      0.0,
      0.0,
      0.0,
      0.0,
      0.0,
      0.007174531334717113,
      0.0,
      0.002140909382105094,
      0.010021483964997824,
      0.010233912949817583,
      0.0007701143794421211,
      0.0
    ],
    "low_data": false
  },
  "250000": {
    "median": 0.0,
    "p90": 0.010558545032966899,
    "p10": 0.0,
    "sample": [
      0.0002658657695956697,
      0.0002950233502832126,
      0.003652281979928607,
      0.0,
      0.007836925094504262,
      0.0,
      0.0,
      0.020597001292181553,
      0.006522398896383666,
      0.0,
      0.0,
      0.0,
      0.007176220521019604,
      0.0,
      0.0015018562318249802,
      0.0016766282214357546,
      0.0,
      0.0,
      0.004152636800873175,
      0.028397802024321312,
      0.0,
      0.0,
      0.0,
      0.009640080769107561,
      0.004356580655689087,
      0.002385491086743031,
      0.0,
      0.00867526002343623,
      0.0,
      0.01078385807905247,
      0.0,
      0.0,
      0.0,
      0.001217881677423384,
      0.0,
      0.0,
      0.0038696240877387567,
      0.0,
      0.010396879492374425,
      0.01027165926700428,
      0.0,
      0.0,
      0.011354531536785726,
      0.0,
      0.010981976887818923,
      0.00022540570410062462,
      0.022320871915949555,
      0.012829759699428709,
      0.009048155448223301,
      0.0,
      0.0099773766129324,
      0.0,
      0.0,
      0.0,
      0.0,
      0.0,
      0.015009447368677525,
      0.0,
      0.006596557234576859,
      0.0,
      0.0020259998250587237,
      0.0,
      0.0018423331365841704,
      0.003036735883291843,
      0.0,
      0.0,
      0.0,
      0.005326382404187393,
      0.014397524868642366,
      0.0,
      0.0,
      0.0,
      0.011734464413076661,
      0.0,
      0.01180352357003155,
      0.007142408902654903,
      0.0,
      0.0025605919525945762,
      0.0,
      0.0,
      0.0,
      0.0,
      0.0,
      0.010265140485900062,
      0.0,
      0.01394016635919752,
      0.0,
      0.0,
      0.0039264667765420555,
      0.0003159027235908588,
      0.0,
      0.0,
      0.008400211773573632,
      0.01190707782668011,
      0.015222117150847729,
      0.0135947494429578,
      0.008185867811054078,
      0.0015836355524182682,
      0.0,
      0.0,
      0.0,
      0.0014853162684308034,
      0.009363741649015642,
      0.017687332949495597,
      0.0,
      0.0,
      0.009890006307039364,
      0.001779411451294058,
      0.0014236920199240974,
      0.0,
      0.0,
      0.0,
      0.007321721832091885,
      0.0,
      0.0,
      0.0,
      0.011647770039096863,
      0.0,
      0.006991155922714198,
      0.0,
      0.0001714409023629446,
      0.0012691971004980562,
      0.015526335184685975,
      0.0,
      0.0,
      0.0,
      0.0,
      0.003582460218082776,
      0.0,
      0.0,
      0.008325470576683933,
      0.0,
      0.007067998461691141,
      0.003051494441397006,
      0.005356321753683586,
      0.0,
      0.0,
      0.0,
      0.0,
      0.0038803809214719653,
      0.0,
      0.00895148365471563,
      0.007494729548049309,
      0.006188402872685266,
      0.010555864866088636,
      0.0,
      0.0,
      0.0010743766818374827,
      0.0,
      0.0,
      0.0,
      0.0,
      0.0025500807007482118,
      0.0,
      0.0,
      0.0007207298691594587,
      0.0,
      0.014350576138784378,
      0.0035134331828764694,
      0.009808685648864033,
      0.005017853381433986,
      0.000625847628817176,
      0.005784096489999759,
      0.00206798941085718,
      0.009830749484690437,
      0.008774193433814559,
      0.0,
      0.0,
      0.002652721250477796,
      0.0,
      0.001592165651121205,
      0.0,
      0.0006439235121372254,
      0.0,
      0.0,
      0.0,
      0.0,
      0.0,
      0.0,
      0.010582666534871261,
      0.0,
      0.0029897004769606056,
      0.010210579013814662,
      0.002341238826699541,
      0.006154273630478976,
      0.007764108355963962,
      0.0,
      0.0,
      0.0,
      0.0,
      0.0,
      0.0,
      0.0,
      0.007314352859661142,
      0.0,
      0.0023080491622576756,
      0.010264142164879043,
      0.010449453605300738,
      0.0009131357432539862,
      0.0
    ],
    "low_data": false
  },