{
  "100000": {
    "median": 5.4345388187802875e-05,
    "p90": 0.011908053441259132,
    "p10": 0.0,
    "sample": [
      0.00012865366601524328,
      0.00013442471303009725,
      0.0,
      0.0025785106836932817,
      0.0,
      0.0,
      0.0019030086308497885,
      0.0,
      0.0006678072343746563,
      0.0,
      0.0,
      0.00547021894584183,
      0.0,
      0.0,
      0.0,
      0.0,
      0.0,
      0.0,
      0.0,
      0.0,
      0.0,
      0.001551803838350704,
      0.0,
      0.008104080317246763,
      0.008966925656106432,
      0.0,
      0.019163318506903677,
      0.0,
      0.014238550205076807,
      0.0,
      0.0,
      0.015531798551330673,
      0.00616754184072496,
      0.010668996633412843,
      0.00425411635999266,
      0.01569622879733365,
      0.0,
      0.0,
      0.0,
      0.005023789005710793,
      0.00022053228892000154,
      0.008401101468294852,
      0.010388832311058582,
      0.003396605873905698,
      0.0024406663321717404,
      0.0,
      0.0,
      0.005176909379892547,
      0.0,
      0.0012010341169119035,
      0.0,
      0.008862124351054237,
      0.0008871272059815293,
      0.0012724107303493594,
      0.005700871199651376,
      0.0,
      0.0,
      0.007941391411556423,
      0.005683606466981625,
      0.0,
      0.007174328197274867,
      0.0033613777804527103,
      0.0,
      0.0005293734654168461,
      0.0,
      9.618107773542744e-05,
      0.008347469606193933,
      0.0,
      0.0,
      0.002987323530844701,
      0.0,
      0.0,
      0.006113325105834651,
      0.012570456661839577,
      0.0,
      0.0,
      0.0,
      0.0,
      0.020263848957942476,
      0.002276910389254822,
      0.0,
      0.009985367702771808,
      0.007935188906640748,
      0.0,
      0.025161292344838125,
      0.014417953691614187,
      0.006848540268750553,
      0.0,
      0.0,
      0.0,
      0.010943609669208678,
      0.011834453083416865,
      0.0,
      0.0,
      0.0,
      0.0,
      0.0008527746787020487,
      0.0,
      0.019868589286351112,
      0.0,
      0.00954034067995971,
      0.003393498185868849,
      0.0,
      0.012720041173868069,
      0.004236763113840446,
      0.02456281459975322,
      0.0,
      0.0,
      0.005063584102575112,
      0.010420702292114073,
      0.0014057104265395328,
      0.008140486858470842,
      0.014758028924934042,
      0.0,
      0.0039780485322554165,
      0.014785431791118984,
      0.0,
      0.0,
      0.017479050221528687,
      0.0,
      0.001676910877881084,
      0.0018349674210962478,
      0.0,
      0.0005517476668449785,
      0.0,
      0.0,
      0.0,
      0.0,
      0.0,
      0.01600478042653029,
      0.005515886746599175,
      0.0,
      0.005886615642966047,
      0.001973719532612514,
      0.0,
      0.0,
      0.003916987090406139,
      0.0,
      0.0011831415960117265,
      0.01666017935305161,
      0.0,
      0.00427963890944489,
      0.0,
      0.0,
      0.0,
      0.0049198652114058605,
      0.0,
      1.2509698640178314e-05,
      0.014199532855465644,
      0.0,
      0.007551526862198272,
      0.0,
      0.0,
      0.0,
      0.0,
      0.0,
      0.0,
      0.0,
      0.0,
      0.0,
      0.0,
      0.0018334090797229765,
      0.009200077697701077,
      0.001353076180438999,
      0.0,
      0.00422549456442367,
      0.008276399082899889,
      0.008923942078784058,
      0.0006728840789326357,
      0.0033567119285755334,
      0.013554252460085518,
      0.0,
      0.013835365903518167,
      0.0,
      0.0,
      0.010144548379989134,
      0.0,
      0.0,
      0.00502154757385387,
      0.002283220329322437,
      0.003107443996999676,
      0.0,
      0.004236042375779184,
      0.0017296189842649714,
      0.009495945960811308,
      0.0,
      0.0,
      0.0,
      0.00666965577690149,
      0.0,
      0.0029033254802162353,
      0.001085760256675663,
      0.0002220795677747238,
      0.017162122916342417,
      0.0,
      0.010757140581311572,
      0.0,
      0.002854726475089125,
      0.0,
      0.0
    ],
    "low_data": false
  },
  "250000": {
    "median": 0.00019102278531911128,
    "p90": 0.012039607892488376,
    "p10": 0.0,