{
  "100000": {
    "median": 0.0006002138805334653,
    "p90": 0.01336890405156824,
    "p10": 0.0,
    "sample": [
      0.0001393496716812632,
      0.0001273139114321601,
      0.006856970099881644,
      0.002717347442988897,
      0.002309196453353962,
      0.004616646430392051,
      0.0,
      0.0038107586317704676,
      0.0014155711127612465,
      0.002343522486512534,
      0.0,
      0.0,
      0.01082960190923559,
      0.011380711470991255,
      0.0,
      0.003690078342187525,
      0.0,
      0.0038690404847098498,
      0.0,
      0.0014311628700699624,
      0.0,
      0.0,
      0.0,
      0.0,
      0.0005041168450794554,
      0.0,
      0.0,
      0.0,
      0.0,
      0.002484640977129431,
      0.007553080963068566,
      0.0,
      0.005284292821734696,
      0.0,
      0.005050531547806695,
      0.005690296093462296,
      0.0,
      0.002420932891340839,
      0.007632552489292043,
      0.0,
      0.01740385913188994,
      0.0,
      0.004603423343103378,
      0.0036993555022670935,
      0.02067701255230208,
      0.0,
      0.0,
      0.0,
      0.002471807381037049,
      0.004281302292638635,
      0.002282837770375345,
      0.0,
      0.015318946117262977,
      0.010063445597191278,
      0.0,
      0.0,
      0.0,
      0.0,
      0.006405965998226398,
      0.002713350154307931,
      0.01809154467819355,
      0.0,
      0.0,
      0.0,
      0.010980359286748932,
      0.0,
      0.015472520982583943,
      0.008530130645263756,
      0.013604230887007681,
      0.0,
      0.000300942430404231,
      0.0,
      0.0,
      0.003278806431231315,
      0.0005447017096242917,
      0.0,
      0.00310951442804386,
      0.0014060409108069723,
      0.0,
      0.0031508081884259204,
      0.014328465193417564,
      0.0035692317385093764,
      0.002826572759675108,
      0.021572038642890305,
      0.013638059724115826,
      0.0,
      0.0,
      0.0,
      0.0,
      0.005797761686521855,
      0.0,
      0.00021115670751961635,
      0.005642647256068787,
      0.008739072275832769,
      0.0,
      0.004818736950561382,
      0.009624512919322616,
      0.00625181317460645,
      0.0,
      0.0,
      0.014801403015452247,
      0.004426238577279336,
      0.005115656006901019,
      0.0156344265274426,
      0.0,
      0.03243538634960911,
      0.003699583810212254,
      0.0019419410601513385,
      0.013355107777729988,
      0.013835445845346682,
      0.0,
      0.0,
      0.0,
      0.0,
      0.009651518378573608,
      0.018653603243481778,
      0.0033024976125755083,
      0.01349307051611252,
      0.0,
      0.002440476466867163,
      0.003481689814885854,
      0.005784048000119881,
      0.007832085803215835,
      0.0095167193265493,
      0.008864396363762149,
      0.0030733042419115062,
      0.0,
      0.0,
      0.004489187084608001,
      0.0,
      0.0,
      0.0,
      0.0,
      0.0036281675727487654,
      0.0017201513972529352,
      0.011458686422034015,
      0.0010300420803454862,
      0.0,
      0.0,
      0.0,
      0.0018039871167609535,
      0.0,
      0.0028463067724398216,
      0.012426393549135125,
      0.0,
      0.0,
      0.0,
      0.008515234278398202,
      0.0,
      0.0,
      0.0,
      0.0,
      0.00399258733463692,
      0.0,
      0.006901457168445675,
      0.0,
      0.0,
      0.013625455550611504,
      0.0,
      0.0,
      0.0,
      0.0006557260514426389,
      0.003470522190809556,
      0.0,
      0.0,
      0.0,
      0.009353890323012362,
      0.0,
      0.01757631398041796,
      0.010194198878883188,
      0.0,
      0.0,
      0.0,
      0.008789755384912432,
      0.0,
      0.0,
      0.0067082696940838835,
      0.01456403208701495,
      0.0,
      0.0,
      0.0,
      0.004136417505846401,
      0.0,
      0.007048656830745271,
      0.0003455634479569647,
      0.004615650895455967,
      0.010695030239309398,
      0.015344476140326035,
      0.0075317222356606406,
      0.007679087494408504,
      0.0,
      0.018773864384319883,
      0.0,
      0.0,
      0.0,
      0.002275498668457506,
      0.001446368331368466,
      0.0,
      0.0,
      0.0
    ],
    "low_data": false
  },
  "250000": {
    "median": 0.0007692614829461867,
    "p90": 0.013558182455142374,
    "p10": 0.0,