{
  "100000": {
    "median": 0.00033176635089029555,
    "p90": 0.010604394079955694,
    "p10": 0.0,
    "sample": [
      0.00011505481942603663,
      0.0001683853573658742,
      0.0,
      0.004159996741698489,
      0.0105871301004285,
      0.01979558551620139,
      0.0,
      0.0,
      0.0002324712236413783,
      0.0,
      0.0,
      0.008842671473190554,
      0.0,
      0.0,
      0.0,
      0.0,
      0.0,
      0.001234628530444034,
      0.0,
      0.006581823975935269,
      0.006432896607030604,
      0.012244981329938155,
      0.0035205030167782124,
      0.0,
      0.007849511671280928,
      0.0,
      0.01803883599972459,
      0.007293363592976684,
      0.0,
      0.00799890763241387,
      0.0,
      0.006601474247265356,
      0.00019592859782338156,
      0.013729093103750777,
      0.0,
      0.0,
      0.0012503477641600787,
      0.0,
      0.007983701105845153,
      0.0,
      0.0,
      0.0067994480758988935,
      0.0,
      0.008858243867836886,
      0.004599996671405574,
      0.002656751570705623,
      0.0,
      0.0,
      0.00020786405410640972,
      0.005609708662920027,
      0.016827372925167436,
      0.0,
      0.0,
      0.0,
      0.0015290136775167754,
      0.0,
      0.0019948457855762745,
      0.017938332965527944,
      0.02346789259263729,
      0.004754568000244219,
      0.01565576967566196,
      0.0,
      0.009195562917935877,
      0.008200512150751581,
      0.0,
      0.0030086335383456776,
      0.0,
      0.013255810415766895,
      0.0,
      0.0,
      0.0,
      0.0,
      0.0,
      0.009397129438154201,
      0.0,
      0.00032402710873487164,
      0.0018594004958282385,
      0.016435347671210212,
      0.00994160915731298,
      0.0,
      0.0,
      0.005231353859809774,
      0.015672422359421175,
      0.0,
      0.0016590455292552933,
      0.022571929305100893,
      0.007840119998569624,
      0.0,
      0.0,
      0.0,
      0.0,
      0.004300614046400656,
      0.00841513209499175,
      0.0,
      0.0,
      0.015185806545621166,
      0.009304533620757742,
      0.010837523614214835,
      0.0,
      0.006162685717379827,
      0.000854627247398695,
      0.0,
      0.005673603714973847,
      0.004896931628237058,
      0.0,
      0.00787446709168186,
      0.0,
      0.00502578709732857,
      0.00875921932870256,
      0.008624721544403123,
      0.008765773464337406,
      0.0006330941525179047,
      0.0026260019146816626,
      0.0025644895742677897,
      0.0,
      0.0,
      0.0016116214398331496,
      0.008663589570771065,
      0.009813702338912381,
      0.005088629579682706,
      0.003007243173714121,
      0.0,
      0.0,
      0.010759769895700452,
      0.011905454519223833,
      0.0009021690959914856,
      0.003829365539022891,
      0.0,
      0.0,
      0.0,
      0.0,
      0.0072401673374364265,
      0.01217823718428797,
      0.005152743130977229,
      0.0,
      0.0,
      0.009467428997463721,
      0.003577859617124023,
      0.0,
      0.003476010153197678,
      0.0,
      0.019418282796437827,
      0.0,
      0.02011509301652825,
      0.0,
      0.0,
      0.0,
      0.0,
      0.0005586990206554328,
      0.005680089402762551,
      0.0,
      0.0067748014741499845,
      0.00801748616626497,
      0.0,
      0.001093874235624875,
      0.0,
      0.003404787851493205,
      0.0,
      0.0073955006372897645,
      0.0,
      0.0,
      0.004606037329890448,
      0.009211969146041702,
      0.004750012754243326,
      0.0,
      0.0,
      0.004964905656454073,
      0.0,
      0.0,
      0.0,
      0.0011660375556230872,
      0.0,
      0.0,
      0.0010467984990065007,
      0.0,
      0.00033950559304571945,
      0.0026473034580961068,
      0.0,
      0.0,
      0.0,
      0.00832871953328432,
      0.0,
      0.009564681933530801,
      0.0025442906418433097,
      0.008650712043102138,
      0.0,
      0.0006360353486646852,
      0.004874196401370387,
      0.0,
      0.018508840148866706,
      0.0,
      0.0,
      0.0,
      0.0,
      0.0,
      0.0,
      0.0,
      0.0,
      0.00378107142472354,
      0.009097023204679417
    ],
    "low_data": false
  },
  "250000": {
    "median": 0.0005480548387764141,
    "p90": 0.010742846890410482,
    "p10": 0.0,