{
  "100000": {
    "median": 0.0,
    "p90": 0.010281557510230738,
    "p10": 0.0,
    "sample": [
      0.00021215705377925918,
      0.0001890475352166401,
      0.0,
      0.0004484567739736407,
      0.0,
      0.0017532409031835213,
      0.000748673127654388,
      0.0,
      0.015236924722059243,
      0.007325855736794088,
      0.012320388280967995,
      0.0,
      0.0,
      0.017913146571517633,
      0.0,
      0.005839667099540328,
      0.0,
      0.0,
      0.0,
      0.008157164358350812,
      0.0,
      0.0,
      0.0006862270650258553,
      0.0,
      0.0,
      0.013003166663918422,
      0.0,
      0.004706807722619763,
      0.0,
      0.0020615509435732843,
      0.006606091794376241,
      0.0064678795326672004,
      0.01458005248036917,
      0.0,
      0.008701808014892324,
      0.001194086855681065,
      0.012281687251736251,
      0.0,
      0.0,
      0.0018274361744104624,
      0.008251496169617395,
      0.0,
      0.0,
      0.0,
      0.0,
      0.008621663125147755,
      0.0,
      0.0,
      0.004619518977731172,
      0.0,
      0.0,
      0.0,
      0.0,
      0.008055415129041617,
      0.0,
      0.010447930120141394,
      0.0,
      0.013235401376424509,
      0.0025032634151193993,
      0.0026655274231422075,
      0.0,
      0.0,
      0.0028421374252422327,
      0.00019990906707146618,
      0.0027627236395488066,
      0.014501130216071434,
      0.0,
      0.0,
      0.00048232015241400747,
      0.0,
      0.0,
      0.0,
      0.0,
      0.0,
      0.005569216648997828,
      0.0,
      0.0,
      0.012039236141880244,
      0.0018816696979286171,
      0.00042319926502152396,
      0.0,
      0.0012000226809379096,
      0.00994910436442114,
      0.0071906529321529794,
      0.0,
      0.00857251353096251,
      0.008419537086350482,
      0.002332589154855078,
      0.008337026079028257,
      0.0,
      0.002956734626369452,
      0.0,
      0.0,
      0.0,
      0.0,
      0.0,
      0.0014555369420958207,
      0.014332840185759477,
      0.002302854802748641,
      0.01026358615267769,
      0.01195858033929691,
      0.0,
      0.0,
      0.0,
      0.0,
      0.0,
      0.017767987177272286,
      0.0013961418258082213,
      0.0029080028014023982,
      0.0,
      0.0,
      0.0071476046934932196,
      0.0,
      0.012931447386448278,
      0.0,
      0.006016717739226042,
      0.0,
      0.0,
      0.0,
      0.0,
      0.0,
      0.007451055251123562,
      0.007316371638410352,
      0.0,
      0.0004789782355890389,
      0.009536061142419994,
      0.006788805363269109,
      0.003150164124214387,
      0.00226064717366755,
      0.00027685496986729996,
      0.005615985166879286,
      0.0,
      0.008978794983585807,
      0.0,
      0.0,
      0.0,
      0.006372654139376127,
      0.0,
      0.0,
      0.0061810819852072645,
      0.0006409274139734348,
      0.0,
      0.0,
      0.0011438544757617717,
      0.0,
      0.0,
      0.0,
      0.002777105867691316,
      0.0,
      0.0,
      0.0,
      0.002792831438786253,
      0.0,
      0.0,
      0.0,
      0.004666264943388001,
      0.016483120513750105,
      0.0,
      0.0032760769843676275,
      0.0,
      0.004166910299212871,
      0.002632504051798505,
      0.016544482233109,
      0.0,
      0.0,
      0.0039188862874578855,
      0.0,
      0.017604678152721532,
      0.005479319716631659,
      0.0,
      0.0,
      0.0,
      0.004454123310387103,
      0.0,
      0.006371921420424855,
      0.0,
      0.009704130430038344,
      0.004715985644139868,
      0.004267886539678663,
      0.0,
      0.0,
      0.02244653310813571,
      0.0,
      0.009646684085142033,
      0.0,
      0.0,
      0.000756093469996754,
      0.002425255994326649,
      0.010443299728208174,
      0.0,
      0.0,
      0.0,
      0.0,
      0.0,
      0.0,
      0.01278089594780472,
      0.004778095323228733,
      0.0,
      0.005701441473283617,
      0.0029230828298714667
    ],
    "low_data": false
  },
  "250000": {
    "median": 0.0,
    "p90": 0.010434155065347327,
    "p10": 0.0,
    "sample": [
      0.00048395333113884645,
      0.0004312380040254198,
      0.0,
      0.0006434456023378352,
      0.0,
      0.0019100580043349238,
      0.0010281697187432056,
      0.0,
      0.015439363860102898,
      0.007517269891661388,
      0.012446623378829725,
      0.0,
      0.0,
      0.018132799500880595,
      0.0,
      0.006051407292887647,
      0.0,
      0.0,
      0.0,
      0.00829721041175564,
      0.0,
      0.0,
      0.0009550329555647081,
      0.0,
      0.0,
      0.01315405365401256,
      0.0,
      0.004880453884518737,
      0.0,
      0.002192845312128072,
      0.006732184990704217,
      0.00671620162550261,
      0.014746862253030313,
      0.0,
      0.008884127520815016,
      0.001372831390533161,
      0.012470404355946464,
      0.0,
      0.0,
      0.001959075561949256,
      0.008369967134317804,
      0.0,
      0.0,
      0.0,
      0.0,
      0.008736072712516904,
      0.0,
      0.0,
      0.004733688290180358,
      0.0,
      0.0,
      0.0,
      0.0,
      0.008322327261129778,
      0.0,
      0.010565519032551828,
      0.0,
      0.013359820061716194,
      0.002735615566525897,
      0.00295522092639486,
      0.0,
      0.0,
      0.003029599144297149,
      0.00035801213720454384,
      0.002875988932273579,
      0.0146510293317953,
      0.0,
      0.0,
      0.0006924384066379042,
      0.0,
      0.0,
      0.0,
      0.0,
      0.0,
      0.005813199629025847,
      0.0,
      0.0,
      0.012154981627036538,
      0.002074396631259361,
      0.0005244693076646638,
      0.0,
      0.0013604586723505846,
      0.010048409901870696,
      0.007317148873463046,
      0.0,
      0.008694505689604304,
      0.00865831121024576,
      0.002505312144274442,
      0.008554521712570536,
      0.0,
      0.0031087786533821184,
      0.0,
      0.0,
      0.0,
      0.0,
      0.0,
      0.0016156689147040996,
      0.01459136640654041,
      0.0024091407766617385,
      0.010419559068991273,
      0.012117134988376676,
      0.0,
      0.0,
      0.0,
      0.0,
      0.0,
      0.017943072225633783,
      0.0016409213272392856,
      0.0030975288488397615,
      0.0,
      0.0,
      0.007263315080947287,
      0.0,
      0.013028665003380688,
      0.0,
      0.0061740482608919805,
      0.0,
      0.0,
      0.0,
      0.0,
      0.0,
      0.0075794356906790355,
      0.007493326633457004,
      0.0,
      0.0007317884607172332,
      0.009657801236975792,
      0.007050670193297742,
      0.0033135334786932253,
      0.0023881598787934923,
      0.0004219618005844739,
      0.005752430683596757,
      0.0,
      0.009123759569926566,
      0.0,
      0.0,
      0.0,
      0.006522776138694815,
      0.0,
      0.0,
      0.006340334853373879,
      0.0008320113431666979,
      0.0,
      0.0,
      0.0013201996960239138,
      0.0,
      0.0,
      0.0,
      0.002903867901975398,
      0.0,
      0.0,
      0.0,
      0.003044897756899138,
      0.0,
      0.0,
      0.0,
      0.0048048234704579,
      0.01659611507217254,
      0.0,
      0.0034051313021841475,
      0.0,
      0.004271266929769467,
      0.002830191884546285,
      0.016672538773994654,
      0.0,
      0.0,
      0.004148538844951822,
      0.0,
      0.017749114824741598,
      0.005658705943673946,
      0.0,
      0.0,
      0.0,
      0.00457957480408843,
      0.0,
      0.0065177505111194125,
      0.0,
      0.009821144819716214,
      0.0049073077494607474,
      0.004529244425051668,
      0.0,
      0.0,
      0.022695112516591308,
      0.0,
      0.00981992154161473,
      0.0,
      0.0,
      0.0008992865484147561,
      0.0025967014790564858,
      0.01059687864270163,
      0.0,
      0.0,
      0.0,
      0.0,
      0.0,
      0.0,
      0.012961471240928502,
      0.004929214657273543,
      0.0,
      0.00590941670020412,
      0.0031113679267580382
    ],