{
  "100000": {
    "median": 0.0008285935414541255,
    "p90": 0.010751092255409914,
    "p10": 0.0,
    "sample": [
      0.00011699310033354584,
      9.079018526712117e-05,
      0.0,
      0.0,
      0.0011551497044271196,
      0.0,
      0.019113283932980764,
      0.0,
      0.0,
      0.0,
      0.0009024938232057154,
      0.003657010388785502,
      0.010353563999753639,
      0.0,
      0.016657677673240192,
      0.008022610622883569,
      0.0,
      0.0,
      0.006115559621903541,
      0.0,
      0.003395605260276804,
      0.0010996313497493061,
      0.0047702258012574834,
      0.0,
      0.014367255890500868,
      0.0010966727147469805,
      0.0,
      0.003898525021774867,
      0.0,
      0.01008771739831979,
      0.0,
      0.0,
      0.005327362925804368,
      0.009600039597150186,
      0.013972834800761879,
      0.005382947452000833,
      0.005668476171348681,
      0.0,
      0.006012503886010505,
      0.0024688339679786765,
      0.0,
      0.0017544706074346722,
      0.0,
      0.0073791942986508145,
      0.005342331438759796,
      0.0,
      0.0,
      0.0,
      0.004474938432371409,
      0.0,
      0.001856533673286597,
      0.005454772971617813,
      0.01190477670186647,
      0.0,
      0.0027196767266382247,
      0.004703438765071472,
      0.0,
      0.0,
      0.0,
      0.0,
      0.006187536700906067,
      0.009749098256878008,
      0.0,
      0.0,
      0.0,
      0.0,
      0.0,
      0.0044372283548357256,
      0.01038425413299675,
      0.007812001126201251,
      0.0,
      0.0,
      0.0,
      0.0,
      0.004117922984065775,
      0.0,
      0.0023873834545524897,
      0.00768985497537622,
      0.0,
      0.004633252808323858,
      0.0,
      0.0025234523149170354,
      0.0,
      0.0,
      0.021006109972314856,
      0.0,
      0.002547980029612123,
      0.004288558073641888,
      0.0,
      0.004451118379149814,
      0.0054569602901766625,
      0.014969945224128766,
      0.00041401596293785445,
      0.0,
      0.024602464963555937,
      0.0,
      0.014412680205316315,
      0.007914972163090506,
      0.0,
      0.005219899366098924,
      0.0,
      0.006120372796679863,
      0.006489174989257174,
      0.00023175276950076535,
      0.0,
      0.0029811087579365804,
      0.0,
      0.0,
      0.0041326098816965775,
      0.0,
      0.0,
      0.0,
      0.004986682555963851,
      0.016659625302201837,
      0.009163024618123114,
      0.0,
      0.0,
      0.006645947872428578,
      0.011135485550845446,
      0.000629183963250777,
      0.0045492257888412515,
      0.0,
      0.00544713082362819,
      0.0,
      0.0018590313649601642,
      0.00250995782781274,
      0.01578371020809918,
      0.0019443668738755148,
      0.003943074433501271,
      0.00517593530971287,
      0.018193711817581375,
      0.0024792326238307506,
      0.007921011030731062,
      0.0,
      0.0066050248215551235,
      0.00012628761989847299,
      0.015643051265243766,
      0.0,
      0.012848230927671438,
      0.0,
      0.0,
      0.0007546932597025358,
      0.0,
      0.012774909497550302,
      0.0,
      0.002405090508359149,
      0.01446919285692944,
      0.004182085193748457,
      0.0,
      0.0,
      0.0005764671264571938,
      0.0,
      0.003587743594941452,
      0.01158322341161129,
      0.0068309339048318405,
      0.007745514700115177,
      0.0,
      0.00438727511386683,
      0.0036126908543311197,
      0.0,
      0.0,
      0.003639890588863844,
      0.013907743360399941,
      0.0,
      0.013154194893481377,
      0.0018103342640805261,
      0.005996197654335273,
      0.0007301890299333117,
      0.002764838028290803,
      0.0,
      0.0,
      0.0,
      0.0,
      0.0002834559118027159,
      0.005130195454159984,
      0.0,
      0.0058750703679414885,
      0.004192080828566936,
      0.0,
      0.0,
      0.0,
      0.0,
      0.003377201521533293,
      0.0,
      0.0018187317079043593,
      0.0,
      0.0,
      0.0,
      0.010708381889250412,
      0.0049825092844737765,
      0.007197230993594752,
      0.010512282121776448,
      0.0,
      0.0,
      0.0,
      0.0,
      0.0,
      0.004053540894260577,
      0.0,
      0.0
    ],
    "low_data": false
  },
  "250000": {
    "median": 0.0009832379118985923,
    "p90": 0.010950174543933372,
    "p10": 0.0,