{
  "100000": {
    "median": 0.0,
    "p90": 0.00959104905525861,
    "p10": 0.0,
    "sample": [
      8.634088427165834e-05,
      0.0001367211063042237,
      0.0,
      0.0,
      8.563565036625102e-05,
      0.00911791003752706,
      0.0,
      0.003519744212780017,
      0.0,
      0.0,
      0.011500810953067413,
      0.0,
      0.0,
      0.0,
      0.00172003764942891,
      0.004793749125794701,
      0.001605862235283674,
      0.0,
      0.0,
      0.0,
      0.0014813212701008129,
      0.0,
      0.0,
      3.1216476386850006e-05,
      0.016118792790186406,
      0.012660454117984282,
      0.0,
      0.0,
      0.0,
      0.0017705070539360823,
      0.001405869327454972,
      0.0015017298402878365,
      0.0,
      0.0023553515260398557,
      0.0012002936911060143,
      0.004193563569992559,
      0.0,
      0.002299785276728216,
      0.003990322576290919,
      0.0014611209260693,
      0.0008583179591421462,
      0.002023381206533759,
      0.0010841432644717753,
      0.0,
      0.0,
      0.0,
      0.0,
      0.012275842984103776,
      0.0064471433736385565,
      0.004552840706794492,
      0.00040709308599419866,
      0.0039391342403759496,
      0.0,
      0.00733710127993619,
      0.0,
      0.0,
      0.0008219547477292986,
      0.0,
      0.0031009734727445526,
      0.0,
      0.00031808119984831683,
      0.0,
      0.009118848966362213,
      0.0,
      0.0,
      0.00680351355707243,
      0.0,
      0.0,
      0.0,
      0.0,
      0.0014013036747459989,
      0.0145252595660796,
      0.005107285878213497,
      0.0033762496194165875,
      0.015352694566326189,
      0.0,
      0.010269612569479142,
      0.004772974427531083,
      0.0,
      0.0,
      0.0,
      0.0041809135220526325,
      0.011170678845571049,
      0.0,
      0.012607192959742405,
      0.0023007223428860423,
      0.010026320676599127,
      0.0,
      0.0,
      0.0007130039871028708,
      0.0,
      0.0,
      0.0,
      0.0,
      0.0,
      0.0,
      0.0,
      0.0029610736124859086,
      0.0,
      0.0,
      0.005343988142732093,
      0.0,
      0.0008668376329202757,
      0.008422323103754677,
      0.0007052181608135896,
      0.0063558959712930714,
      0.007803256152711895,
      0.0,
      0.0,
      0.003091046169199596,
      0.0,
      0.0,
      0.0,
      0.0,
      0.0,
      0.0009221844412928801,
      0.0014762474606272802,
      0.006424153626010557,
      0.009014170998325011,
      0.0,
      0.00020282200196008806,
      0.0,
      0.0,
      0.007306817263076062,
      0.0,
      0.0,
      0.018124423455024446,
      0.005460299338997522,
      0.015636076138318595,
      0.0,
      0.0256231252656586,
      0.015387573969500662,
      0.0003475781358594552,
      0.0,
      0.003620008861332728,
      0.0,
      0.0,
      0.0,
      0.0,
      0.0,
      0.012438815039150291,
      0.0,
      0.014357204099943404,
      0.0,
      0.0005343341072464909,
      0.0,
      0.0,
      0.0,
      0.0,
      0.0,
      0.0011071550678180898,
      0.0,
      0.007098014903035643,
      0.001586340725572745,
      0.0,
      0.0,
      0.0,
      0.003710182114286594,
      0.0,
      0.0,
      0.0,
      0.0,
      0.0029510469291032966,
      0.007371834958552251,
      0.004279888595817781,
      0.0,
      0.0,
      0.0,
      0.009542685541776333,
      0.003833092002785034,
      0.0,
      0.004823968934498434,
      0.0,
      0.0,
      0.004132541125857565,
      0.0,
      0.007481867818822663,
      0.005746935530883108,
      0.011400597843054198,
      0.0,
      0.01347360662978446,
      0.0026934882830372884,
      0.0005891325094235583,
      0.0,
      0.008503145187033549,
      0.0,
      0.00440340805283764,
      0.0,
      0.027705753416498096,
      0.008176065535066295,
      0.0,
      0.0010852039786331856,
      0.0,
      0.005496964075578927,
      0.011873157666019351,
      0.004843061820386216,
      0.0,
      0.0,
      0.0,
      0.0
    ],
    "low_data": false
  },
  "250000": {
    "median": 0.0,
    "p90": 0.009771262457607071,
    "p10": 0.0,