{
  "100000": {
    "median": 0.0,
    "p90": 0.01080483633568112,
    "p10": 0.0,
    "sample": [
      0.00019260226447592285,
      0.00011696382691951501,
      0.014053417863572157,
      0.005544315917839754,
      0.005394862158797268,
      0.005466625691059169,
      0.0,
      0.003454800883781115,
      0.0,
      0.0,
      0.0,
      0.010349611197109334,
      0.0027914805267916097,
      0.0,
      0.0,
      0.0,
      0.0,
      0.018652964917757062,
      0.013104495571598037,
      0.0,
      0.009120409304547952,
      0.0,
      0.007669018696667244,
      0.0,
      0.0,
      0.004198572317431246,
      0.0007047349252967248,
      0.0,
      0.0,
      0.00095600233717395,
      0.0,
      0.0,
      0.0,
      0.009668362805200833,
      0.0,
      0.0,
      0.0,
      0.006354783350832765,
      0.013526168219154127,
      0.00846648160450254,
      0.0,
      0.0,
      0.0,
      0.0,
      0.018776053067879037,
      0.0010473015772236025,
      0.005539618028406524,
      0.007060514179272797,
      0.0,
      0.0,
      0.0,
      0.007054467447597697,
      0.0,
      0.0007870055288971666,
      0.015298307708904654,
      0.0,
      0.0013187132500513845,
      0.0004993580125643442,
      0.0,
      0.0,
      0.0,
      0.0,
      0.0,
      0.008063518458534931,
      0.0,
      0.0,
      0.002484117920682683,
      0.0,
      0.0,
      0.0,
      0.0,
      0.0030952917837627687,
      0.0,
      0.004476728940492324,
      0.01124874859216928,
      0.010151145120894003,
      0.0,
      0.0003913011801577488,
      0.0,
      0.005621528000170525,
      0.005260886686324431,
      0.012598134800425135,
      0.0018930419086661057,
      0.0,
      0.0,
      0.0,
      0.011511101476548978,
      0.0,
      0.0013781108884972277,
      0.015874170838031835,
      0.017569846194898382,
      0.010749692369185982,
      0.0,
      0.003093522751098894,
      0.00020240607040280167,
      0.0,
      0.0,
      0.0,
      0.0,
      0.0063116481658998065,
      0.01076449851857126,
      0.011167876689669884,
      0.0022794450510358775,
      0.0,
      0.009371517960197775,
      0.0,
      0.015925919567503184,
      0.005775362900132697,
      0.0,
      0.0,
      0.0,
      0.0008410918040211622,
      0.0034231622063145887,
      0.0,
      0.011687252935934034,
      0.015051729630665357,
      0.0,
      0.0,
      0.0,
      0.0,
      0.0,
      0.0,
      0.0,
      0.0,
      0.0,
      0.005060055048913706,
      0.0,
      0.00036636017148914546,
      0.0,
      0.0,
      0.0,
      0.0,
      0.00011039643290389407,
      0.0,
      0.02321581461379645,
      0.0012851859135148695,
      0.0,
      0.0,
      0.008328898102252506,
      0.009341626165267767,
      0.0073479226003563426,
      0.0,
      0.0,
      0.0124495707315377,
      0.0,
      0.0,
      0.0,
      0.0,
      0.013603406297394394,
      0.0,
      0.002463608431275872,
      0.0237933893917417,
      0.0,
      0.0,
      0.0,
      0.0,
      0.00481275300582228,
      0.0012117576918522805,
      0.001490312717530931,
      0.0,
      0.0,
      0.0006763955851824462,
      0.0031947387158913786,
      0.0,
      0.00013944878793631233,
      0.008152482465966069,
      0.0,
      0.0,
      0.008896753952064016,
      0.006816380328083661,
      0.0,
      0.0,
      0.0,
      0.0,
      0.0,
      0.0,
      0.0,
      0.0,
      0.0,
      0.006635197419131216,
      0.009136389985110831,
      0.0025507518755811635,
      0.0,
      0.0,
      0.00547779559847989,
      0.003032479863940431,
      0.00022178741361856457,
      0.002025360392827639,
      0.0,
      0.0,
      0.0,
      0.003318991512409736,
      0.002516156390453232,
      0.01520079481121579,
      0.0,
      0.0,
      0.0006791599942672163,
      0.0026093323379474376,
      0.0033493912436803747,
      0.0
    ],
    "low_data": false
  },
  "250000": {
    "median": 0.0,
    "p90": 0.010961808929573113,
    "p10": 0.0,
    "sample": [
      0.00043934672836751275,
      0.0002668072197087636,
      0.014211291678660917,
      0.005661308205544114,
      0.005570059353583097,
      0.005676227119354823,
      0.0,
      0.003579776613127776,
      0.0,
      0.0,
      0.0,
      0.010458962608967672,
      0.002935586685877342,
      0.0,
      0.0,
      0.0,
      0.0,
      0.01891760607703141,
      0.013315627221865387,
      0.0,
      0.009321370730418584,
      0.0,
      0.00792230046086247,
      0.0,
      0.0,
      0.004357234799925064,
      0.0009999616875091951,
      0.0,
      0.0,
      0.0010898458204632382,
      0.0,
      0.0,
      0.0,
      0.009819974571075274,
      0.0,
      0.0,
      0.0,
      0.006514736519795344,
      0.013652044589924396,
      0.008666802027419403,
      0.0,
      0.0,
      0.0,
      0.0,
      0.01896464131140458,
      0.0013241156906815652,
      0.005770420716086811,
      0.007301973233064191,
      0.0,
      0.0,
      0.0,
      0.007284010425370231,
      0.0,
      0.000977953081032103,
      0.015430730432458748,
      0.0,
      0.001453797745622825,
      0.0006412463133331611,
      0.0,
      0.0,
      0.0,
      0.0,
      0.0,
      0.008200158330922074,
      0.0,
      0.0,
      0.0026980861031631323,
      0.0,
      0.0,
      0.0,
      0.0,
      0.003266305300560049,
      0.0,
      0.004578167461308714,
      0.011372192403515764,
      0.01032220418442769,
      0.0,
      0.0005113667834690228,
      0.0,
      0.005874058155068736,
      0.005514679706530761,
      0.012726845773886797,
      0.002144519144022195,
      0.0,
      0.0,
      0.0,
      0.011615561176143813,
      0.0,
      0.001531247955612273,
      0.016044631757697766,
      0.017712277648369173,
      0.010923259595328512,
      0.0,
      0.0032457444744994485,
      0.00029965452169739275,
      0.0,
      0.0,
      0.0,
      0.0,
      0.006418144104153817,
      0.010865974562744539,
      0.011308752937774544,
      0.002376483808950453,
      0.0,
      0.009521015191464059,
      0.0,
      0.016044962855475117,
      0.005900883608926123,
      0.0,
      0.0,
      0.0,
      0.0009316556230785082,
      0.003543897248285156,
      0.0,
      0.011825435623333136,
      0.015203360739306187,
      0.0,
      0.0,
      0.0,
      0.0,
      0.0,
      0.0,
      0.0,
      0.0,
      0.0,
      0.005162618454218399,
      0.0,
      0.0005842520041133025,
      0.0,
      0.0,
      0.0,
      0.0,
      0.00026919609024690086,
      0.0,
      0.023343788789314018,
      0.0014241178988091392,
      0.0,
      0.0,
      0.00844753341645837,
      0.009538337216052715,
      0.007497406889404703,
      0.0,
      0.0,
      0.012594246384334668,
      0.0,
      0.0,
      0.0,
      0.0,
      0.013693647063897895,
      0.0,
      0.0025625782869842916,
      0.02396481559523945,
      0.0,
      0.0,
      0.0,
      0.0,
      0.004884282068969696,
      0.001282132134010975,
      0.001602661903117416,
      0.0,
      0.0,
      0.0008080736273585363,
      0.003264477520288508,
      0.0,
      0.0002393806350877494,
      0.008286733708153086,
      0.0,
      0.0,
      0.008977097918401294,
      0.006941990667860532,
      0.0,
      0.0,
      0.0,
      0.0,
      0.0,
      0.0,
      0.0,
      0.0,
      0.0,
      0.0067694218181244105,
      0.009290723829983043,
      0.0026228737826695693,
      0.0,
      0.0,
      0.0056624973487944315,
      0.0031206308101201052,
      0.00036231712894574077,
      0.002191461387307147,
      0.0,
      0.0,
      0.0,
      0.003405894271005261,
      0.0026045035284102632,
      0.015364100112792448,
      0.0,
      0.0,
      0.0007829142249570726,
      0.0026801747355509713,
      0.0034470471257941715,
      0.0
    ],
    "low_data": false
  },
  "500000": {
    "median": 0.0,
    "p90": 0.011224424719763548,
    "p10": 0.0,