{
  "100000": {
    "median": 0.002164638913149472,
    "p90": 0.011399035546356313,
    "p10": 0.0,
    "sample": [
      0.00019163473444231744,
      9.16809449519191e-05,
      0.007526251817427032,
      0.0,
      0.008140086936871873,
      0.0011510377388410902,
      0.002930331094326375,
      0.0028884455291328416,
      0.002464787855116795,
      0.0,
      0.0,
      0.001045617385612066,
      0.0038308808110720585,
      0.012768288395460818,
      0.0,
      0.0,
      0.0,
      0.007723563420831579,
      0.007039297042256216,
      0.0026760813656535607,
      0.0,
      0.0002568602014806007,
      0.007820011612025375,
      0.0,
      0.01119528218824151,
      0.006586648517211122,
      0.0,
      0.008580368084728729,
      0.0025888158976375085,
      0.0,
      0.005703870273968738,
      0.001755742064606844,
      0.0,
      0.0,
      0.01159274120271453,
      0.0,
      0.0,
      0.013693645447646981,
      0.0,
      0.0,
      0.008383455467918915,
      0.008207088865096024,
      0.003440833861610325,
      0.006424159073272574,
      0.0036604112331430566,
      0.0023593201482605504,
      0.0,
      0.0,
      0.0,
      0.0,
      0.0017597449195087206,
      0.01920405365036897,
      0.007307231429659587,
      0.003464684706400004,
      0.0,
      0.0036456375837219624,
      0.0,
      0.005298733010277121,
      0.0024285366924874717,
      0.010543967113003727,
      0.0,
      0.0,
      0.0,
      0.0,
      0.0,
      0.0027013192373969044,
      0.00619569754573295,
      0.0,
      0.008940141964608368,
      0.00023279091968564662,
      0.002076812801205188,
      0.0031980522470434324,
      0.007573643679910523,
      0.004141636682306995,
      0.007070221771104826,
      0.012311899678330839,
      0.0,
      0.007886222882141032,
      0.0,
      0.0,
      0.005607221622316447,
      0.006641282114103106,
      0.0,
      0.008899555579612008,
      0.010890428548482408,
      0.004706364014624873,
      0.0,
      0.0049790269365920445,
      0.0022524650250937556,
      0.0,
      0.0,
      0.005817869995144582,
      0.0,
      0.0059971532946097245,
      0.003985912829684441,
      0.0,
      0.0,
      0.013565426531865847,
      0.0,
      0.0,
      0.004629783403414628,
      0.00962668178224627,
      0.0,
      0.010386874998106388,
      0.0,
      0.013080840818697988,
      0.0,
      0.0013266894542222725,
      0.007306889253365692,
      0.0,
      0.008234945221345557,
      0.008640312940977838,
      0.0,
      0.0,
      0.0,
      0.015871735544451662,
      0.021377207006190974,
      0.005193516349432972,
      0.00014579791137757175,
      0.013354444633219364,
      0.0025496991809911746,
      0.00529740218728628,
      0.014158155569826095,
      0.0,
      0.0020622439600620304,
      0.0,
      0.01054534643732702,
      0.011068861834922976,
      0.003768133375259364,
      0.0,
      0.020517534839280722,
      0.0,
      0.0,
      0.008307675178198155,
      0.0,
      0.011405682520692928,
      0.0,
      0.0,
      0.0,
      0.015683445506510137,
      0.0,
      0.01264125957275933,
      0.007548747638290022,
      0.004864646288729749,
      0.0,
      0.0032472403637353775,
      0.005636839088309727,
      0.005058858764434744,
      0.0,
      0.00488423974690868,
      0.005564552673895663,
      0.0011357366333154147,
      0.0,
      0.0102380474338524,
      0.0,
      0.0,
      0.005308909758584194,
      0.0,
      0.014349502449016786,
      0.0,
      0.0030377552235645176,
      0.004445118272548617,
      0.007364216958777028,
      0.0,
      0.001680172458953186,
      0.0,
      0.003244736456816607,
      0.01513087586198171,
      0.0,
      0.0012067732562942698,
      0.0,
      0.007400759726176872,
      0.0,
      0.012797458959444636,
      0.0,
      0.022549681999107063,
      0.0,
      0.0,
      0.0005633090090284502,
      0.011398296993652244,
      0.0022586181964968327,
      0.0,
      0.0,
      0.0,
      0.002018767595692676,
      0.0,
      0.0,
      0.0039847765203712675,
      0.012330272363399113,
      0.0,
      0.004362733487586364,
      0.005599259981141923,
      0.0,
      0.008797651460129336,
      0.010513173934545593,
      0.0,
      0.0,
      0.005575170012155459,
      0.0,
      0.0
    ],
    "low_data": false
  },
  "250000": {
    "median": 0.0023083986924538223,
    "p90": 0.011480777507547862,
    "p10": 0.0,