{
  "100000": {
    "median": 0.0,
    "p90": 0.008064059531232981,
    "p10": 0.0,
    "sample": [
      0.00010273894285924965,
      0.00020781831187715994,
      0.0,
      0.005786985853790954,
      0.012045193185189339,
      0.0003316204169179766,
      0.0,
      0.0,
      0.0,
      0.0,
      0.0,
      0.005160726043915319,
      0.0023821678389749196,
      0.0,
      0.0,
      0.0,
      0.0,
      0.00830502991012296,
      0.014020620137605837,
      0.0,
      0.0,
      0.008209470791039817,
      0.00477351720864296,
      0.016849119912986366,
      0.0,
      0.0,
      0.0,
      0.0,
      0.004641033644998548,
      0.009189835059293956,
      0.006687354167387045,
      0.0,
      0.0,
      0.00027876222137818857,
      0.005761950945749598,
      0.0,
      0.0001156895235212978,
      0.0,
      0.0,
      0.0072825752644481495,
      0.0009818793142480629,
      0.0,
      0.0051888309547004135,
      0.0,
      0.012816667518053375,
      0.0022412043169649145,
      0.008047902724587778,
      0.0,
      0.0,
      0.0,
      0.0013151386064497578,
      0.013701413153387808,
      0.0,
      0.003362286263620107,
      0.0,
      0.0005690839952233299,
      0.006666798972198942,
      0.0,
      0.0,
      0.02314746615679048,
      0.0,
      0.009193625483781552,
      0.004634752224190208,
      0.0061543007933605905,
      0.0,
      0.0,
      0.0,
      0.0,
      0.0,
      0.0,
      0.0009917730139088045,
      0.0,
      0.0,
      0.0,
      0.003384403598457056,
      0.0,
      0.00375700849299151,
      0.0,
      0.004261964280374841,
      1.8711946821866926e-05,
      0.009336165867002246,
      0.0,
      0.0,
      0.0,
      0.0,
      0.0,
      0.0,
      0.0017096445724812898,
      0.0,
      0.0,
      0.004269470384475063,
      0.0,
      0.0,
      0.0,
      0.000373537745802684,
      0.0,
      0.0,
      0.005754288537882689,
      0.00822758557111391,
      0.0,
      0.0,
      0.004160713836812241,
      0.0,
      0.01858922943208145,
      0.006245885429660586,
      0.0,
      0.0,
      0.0,
      0.0,
      0.0,
      0.0,
      0.0020697211723954764,
      0.0,
      0.008034391748514039,
      0.0,
      0.0,
      0.0,
      0.006864855104672604,
      0.00920907473801807,
      0.01514832360018644,
      0.0057506428757363405,
      0.0,
      0.0,
      0.0,
      0.0,
      0.0,
      0.011089977200487577,
      0.00044490525126637885,
      0.0,
      0.0,
      0.001237113571161466,
      0.0070371133725333395,
      0.0015498641713619613,
      0.0171440315414382,
      0.0019046236167032406,
      0.0,
      0.0,
      0.0,
      0.0,
      0.0,
      0.0,
      0.0052005431949672465,
      0.010661251182586836,
      0.0,
      0.0,
      0.0,
      0.0,
      0.0,
      0.0,
      0.0,
      0.0,
      0.0,
      0.00831029987699862,
      0.007519392409592746,
      0.00729611657994309,
      0.0,
      0.0,
      0.0,
      0.0,
      0.0,
      0.0029028425573973554,
      0.0,
      0.000686117394236693,
      0.0010467774377945084,
      0.0,
      0.004922174919429359,
      0.0,
      0.0,
      3.546762018513231e-05,
      0.0,
      0.0025373756362906978,
      0.0,
      0.0,
      0.0028748864073508892,
      0.0,
      0.0,
      0.0031425301975706627,
      0.0,
      0.0,
      0.0,
      0.0,
      0.0,
      0.0,
      0.009288402433632149,
      0.004437276777937375,
      0.005050914330452614,
      0.004244262740560317,
      1.8201077670513112e-05,
      0.0,
      0.0,
      0.0,
      0.0,
      0.0023652119050397097,
      0.0,
      0.0,
      0.0,
      0.0,
      0.0,
      0.0,
      0.0
    ],
    "low_data": false
  },
  "250000": {
    "median": 0.0,
    "p90": 0.008219949557963232,
    "p10": 0.0,
    "sample": [
      0.00023435871091116302,
      0.00047405618862546436,
      0.0,
      0.005925212538078006,
      0.012161840770458147,
      0.00046681802278997615,
      0.0,
      0.0,
      0.0,
      0.0,
      0.0,
      0.005351890318564636,
      0.002488996975013714,
      0.0,
      0.0,
      0.0,
      0.0,
      0.008446571733802246,
      0.014201754576973067,
      0.0,
      0.0,
      0.008339539087463942,
      0.004878176493147527,
      0.016988689502855692,
      0.0,
      0.0,
      0.0,
      0.0,
      0.004874014482762165,
      0.009369334236816101,
      0.00680013943793382,
      0.0,
      0.0,
      0.0004136500009508067,
      0.005861313667783822,
      0.0,
      0.00034243833361407173,
      0.0,
      0.0,
      0.007449609535207994,
      0.00109313026141919,
      0.0,
      0.005285307471469942,
      0.0,
      0.01294179124970107,
      0.0023387901882753297,
      0.008145782459029883,
      0.0,
      0.0,
      0.0,
      0.001498550747938202,
      0.01383156448466661,
      0.0,
      0.003588794299347632,
      0.0,
      0.000788386066636262,
      0.006808396437274427,
      0.0,
      0.0,
      0.023294982173137087,
      0.0,
      0.009329187899517371,
      0.0047689408763349345,
      0.006269070235487751,
      0.0,
      0.0,
      0.0,
      0.0,
      0.0,
      0.0,
      0.0012244124205559286,
      0.0,
      0.0,
      0.0,
      0.0034994515997467746,
      0.0,
      0.0038863339176857213,
      0.0,
      0.0043699302288195815,
      0.00015081064353140509,
      0.00948803421549287,
      0.0,
      0.0,
      0.0,
      0.0,
      0.0,
      0.0,
      0.0018907553945450989,
      0.0,
      0.0,
      0.004432890840004763,
      0.0,
      0.0,
      0.0,
      0.0005380238794198565,
      0.0,
      0.0,
      0.005998490458821807,
      0.008387461690360948,
      0.0,
      0.0,
      0.004270009134136838,
      0.0,
      0.01877584735256332,
      0.00638586163080023,
      0.0,
      0.0,
      0.0,
      0.0,
      0.0,
      0.0,
      0.002210594717693059,
      0.0,
      0.008206661832463154,
      0.0,
      0.0,
      0.0,
      0.007007502985184451,
      0.009407617508457547,
      0.01529054329913818,
      0.005873535324950964,
      0.0,
      0.0,
      0.0,
      0.0,
      0.0,
      0.011261556719553586,
      0.000659375280614765,
      0.0,
      0.0,
      0.0013625774434889465,
      0.0071641654138926356,
      0.0017047231044559406,
      0.017392119001884778,
      0.002010351902312404,
      0.0,
      0.0,
      0.0,
      0.0,
      0.0,
      0.0,
      0.005300814633138719,
      0.010883982516007596,
      0.0,
      0.0,
      0.0,
      0.0,
      0.0,
      0.0,
      0.0,
      0.0,
      0.0,
      0.008524833901118635,
      0.007770293749683651,
      0.007494490304264288,
      0.0,
      0.0,
      0.0,
      0.0,
      0.0,
      0.0030854499268239627,
      0.0,
      0.0007868263910919761,
      0.0012044697653161402,
      0.0,
      0.005046235515271683,
      0.0,
      0.0,
      0.00021325706153308327,
      0.0,
      0.002700510658147589,
      0.0,
      0.0,
      0.0030585385271649284,
      0.0,
      0.0,
      0.003280197690620028,
      0.0,
      0.0,
      0.0,
      0.0,
      0.0,
      0.0,
      0.009491019852479748,
      0.004638231402847584,
      0.005169008953052227,
      0.004449797490979978,
      0.00025219091436875265,
      0.0,
      0.0,
      0.0,
      0.0,
      0.0025304279581954293,
      0.0,
      0.0,
      0.0,
      0.0,
      0.0,
      0.0,
      0.0
    ],
    "low_data": false
  },
  "500000": {
    "median": 0.0,
    "p90": 0.008479098375834281,
    "p10": 0.0,