{
  "100000": {
    "median": 0.0008802811033283087,
    "p90": 0.012430479156956624,
    "p10": 0.0,
    "sample": [
      0.00014669121134626683,
      0.00012580175048823174,
      0.0,
      0.0,
      0.0,
      0.011562735314408842,
      0.0,
      0.0,
      0.0012442311649637793,
      0.0,
      0.0,
      0.0,
      0.003037020973525362,
      0.0,
      0.00603695946468059,
      0.005630107525092843,
      0.0046673231040855155,
      0.0014909622600069573,
      0.0,
      0.013608772970725642,
      0.0,
      0.024659484319192834,
      0.0036505752280026897,
      0.0,
      0.0,
      0.0,
      0.002645932328445276,
      0.0,
      0.0,
      0.0,
      0.020716358987654587,
      0.0033895639902153853,
      0.010682379830169349,
      0.011375945657743127,
      0.0011165147133655308,
      0.009393291241590112,
      0.006027307614924291,
      0.0,
      0.0,
      0.01245471458908892,
      0.0,
      0.015820483048330097,
      0.020774836282547744,
      0.007256498877883117,
      0.005312832858797153,
      0.005784520149881096,
      0.0,
      0.0,
      0.0028140666351529247,
      0.006007588480295609,
      0.001560410477854381,
      0.014060162309954036,
      0.0023030678142929805,
      0.009451347536513607,
      0.0,
      0.0006197085159354004,
      0.0,
      0.004949762603193257,
      0.0,
      0.004384517783987587,
      0.0064559505952698085,
      0.0,
      0.010925280172688411,
      0.0,
      0.018771622049608944,
      0.0,
      0.0,
      0.011479775293761879,
      0.023120162472767703,
      0.0,
      0.0,
      0.009212784879938965,
      0.013700530590676345,
      0.0,
      0.006912026521468753,
      0.0,
      0.0,
      0.0,
      0.01280649035913658,
      0.0,
      0.0071703644474760166,
      0.0,
      0.0,
      0.002261212906196079,
      0.00304764411734776,
      0.010477343677962,
      0.0,
      0.0,
      0.0044455345862634485,
      0.0005013456373138373,
      0.0,
      0.0,
      0.00016452640833655198,
      0.005462444670502,
      0.01833348811362222,
      0.012996002191536266,
      0.006183131814423322,
      0.012132598449300801,
      0.0027509611413055923,
      0.0,
      0.005144694840219021,
      0.0,
      0.0,
      0.0,
      0.0,
      0.0007722355671206929,
      0.0018126328605314365,
      0.0,
      0.007952887291952164,
      0.013509161842222511,
      0.013210514285973756,
      0.0,
      0.021062367559124783,
      0.00428081451151363,
      0.0,
      0.00030326051120415607,
      0.0,
      0.003624365212996899,
      0.0,
      0.004379666025926277,
      0.005468133447497407,
      0.0031722958519724296,
      0.0016920916751689765,
      0.0,
      0.00037048254447270157,
      0.0,
      0.011187892093095633,
      0.0,
      0.0,
      0.004909112814784203,
      0.0,
      0.007993734729735755,
      0.0,
      0.00029746161908996793,
      0.007544774638383576,
      0.003002587297539724,
      0.0,
      0.0,
      0.003255877447844644,
      0.0,
      0.0020832776638895828,
      0.0,
      0.0,
      0.010173513132244724,
      0.01104004402888228,
      0.0,
      0.0,
      0.0,
      0.0,
      0.027844188722229712,
      0.0,
      0.007247096600339387,
      0.004495584192827535,
      0.011844350085963717,
      0.003576433516197072,
      0.0,
      0.006347433321702254,
      0.0016040524502743399,
      0.0,
      0.023124168262975656,
      8.82761068699659e-05,
      0.011721938266401536,
      0.0,
      0.0,
      0.011574895297346477,
      3.588393910550583e-05,
      0.008124692237800806,
      0.0,
      0.015718478776402152,
      0.0,
      0.0,
      0.0013153005954139366,
      0.0,
      0.0,
      0.01057342797334294,
      0.007066036186181048,
      0.002017436062476671,
      0.0,
      0.005672362469881748,
      0.0013259730165381164,
      0.0,
      0.004770501845856916,
      0.008761540981380427,
      0.0,
      0.0,
      0.0,
      0.012778830769081477,
      0.011596747858880423,
      0.0,
      0.0,
      0.0,
      0.0,
      0.0,
      0.004075551659024145,
      0.0009883266395359245,
      0.0063934599400107825,
      0.004893632424167155,
      0.012427786331164148,
      0.0,
      0.0
    ],
    "low_data": false
  },
  "250000": {
    "median": 0.001028605511053314,
    "p90": 0.012539569408530741,
    "p10": 0.0,