{
  "100000": {
    "median": 0.0009661249704815994,
    "p90": 0.01294704806309629,
    "p10": 0.0,
    "sample": [
      8.596369884791627e-05,
      0.00018325106473657173,
      0.0072021173285678995,
      0.01080522569341806,
      0.005546992888111968,
      0.0,
      0.0010291603089000708,
      0.0014910211253831118,
      0.00736958222551484,
      0.0015665091463462361,
      0.0009914781326449845,
      0.0,
      0.0,
      0.006382587174328583,
      0.0,
      0.008536155246802252,
      0.013168386376617266,
      0.0009407718083182143,
      0.017614796767238903,
      0.0,
      0.014609523174959907,
      0.00970884356049263,
      0.007698912755545545,
      0.009271831565064993,
      0.012922454917149516,
      0.008600571515180979,
      0.0,
      0.0,
      0.0022279763887972557,
      0.009257822674927354,
      0.016583698169547724,
      0.0031406750840812553,
      0.0,
      0.0,
      0.001355605058550933,
      0.004942659306710039,
      0.0,
      0.016972001918213513,
      0.0,
      0.0038498973187948184,
      0.0027573914432192305,
      0.005800712355924061,
      0.0,
      0.0,
      0.0,
      0.0,
      0.0029573797642469513,
      0.0,
      0.0,
      0.0,
      0.0,
      0.0,
      0.0,
      0.0014310732339651135,
      0.0,
      0.02079266038532089,
      0.0,
      0.0008420684374452471,
      0.009349865751533203,
      0.0,
      0.005157908380770144,
      0.0,
      0.0,
      0.00784646486813281,
      0.013398402151750068,
      0.0022417211162686313,
      0.007690011897086939,
      0.0,
      0.0,
      0.015455224108594606,
      0.0,
      0.0,
      0.0,
      0.0,
      0.006430841400211797,
      0.0043254479987145595,
      0.0,
      0.0,
      0.0,
      0.0,
      0.008028307636154376,
      0.0028047476795565523,
      0.0,
      0.015031642060912714,
      0.0,
      0.0,
      0.006544672987258137,
      0.004777576495142198,
      0.0,
      0.01401364386115976,
      0.0070692921175284544,
      0.0015249269707240806,
      0.0,
      0.0,
      0.007741709477061116,
      0.0,
      0.0,
      0.01072169728463149,
      0.0,
      0.0,
      0.005932890368428951,
      0.004173868839454073,
      0.0,
      0.0,
      0.0,
      0.006909824444520174,
      0.004200092888212548,
      0.0033840351343235103,
      0.009073387014195224,
      0.0,
      0.006738291854513551,
      0.0,
      0.0019721510484749056,
      0.013890257578510456,
      0.010674367175625267,
      0.01633766252084817,
      0.0010871221857311375,
      0.0,
      0.0,
      0.0,
      0.0,
      0.015693426710604585,
      0.0,
      0.0,
      0.0,
      0.0027494427120194815,
      0.0,
      0.002436005928230466,
      0.0,
      0.0,
      0.009576736589877973,
      0.0,
      0.0,
      0.017349832025612005,
      0.0016563103399150976,
      0.013771389764423637,
      0.0,
      0.0,
      0.0017831456450337268,
      0.010112770828827456,
      0.016881786370571413,
      0.0,
      0.0,
      0.0,
      0.009281783659573644,
      0.023066288011547184,
      0.0062527165934108415,
      0.010045470080039863,
      0.0,
      0.0,
      0.0037320183648826403,
      0.0,
      0.0,
      0.013992174525788718,
      0.0,
      0.013723474282298557,
      0.0,
      0.004545414003972994,
      0.005814774391915553,
      0.004939586577944251,
      0.003604555786180179,
      0.007905436134866908,
      0.0,
      0.007069032063897093,
      0.0,
      0.0,
      0.004332533026781835,
      0.0,
      0.011719726285206707,
      0.00013450733683735707,
      0.007577858782771696,
      0.005151124388276505,
      0.0,
      0.0,
      0.003999274779507831,
      0.0,
      0.01091445486183133,
      0.00687300242422246,
      0.0,
      0.006141331909915552,
      0.0,
      0.005331953494944011,
      0.008328166577205297,
      0.0002870226868944286,
      0.0014973350291412751,
      0.0024036398057726213,
      0.0,
      0.0,
      0.0,
      0.0,
      0.0,
      0.016003052768074483,
      0.0,
      0.0,
      0.008369047388406759,
      0.0,
      0.0,
      0.0,
      0.0,
      0.005998882161941866
    ],
    "low_data": false
  },
  "250000": {
    "median": 0.0011440561136734835,
    "p90": 0.013153806302811922,
    "p10": 0.0,