{
  "100000": {
    "median": 0.0,
    "p90": 0.011065367850153232,
    "p10": 0.0,
    "sample": [
      8.688927495259784e-05,
      0.00020015650710821206,
      0.0,
      0.0018327530463970662,
      0.013475027779613806,
      0.0,
      0.0,
      0.0,
      0.00879935306185856,
      0.008653952034788508,
      0.004611014875423372,
      0.005675066874393688,
      0.015586349021823213,
      0.0,
      0.0,
      0.0055360279825983315,
      0.0,
      0.0,
      0.0029395013357696224,
      0.0,
      0.0012025275909423273,
      0.006872783718204322,
      0.010563756136048968,
      0.005023549387438495,
      0.005732607719505387,
      0.0,
      0.0,
      0.0,
      0.0033754818793710483,
      0.0007429874252794807,
      0.0,
      0.005464954599042002,
      0.0,
      0.0023507422101281977,
      0.010318275411895124,
      0.0,
      0.0,
      0.012909778409835225,
      0.0,
      0.007823578880569938,
      0.0,
      0.0,
      0.0,
      0.006816213264683005,
      0.0,
      0.0,
      0.006813418839751847,
      0.0,
      0.006153875182305997,
      0.0037845833631088783,
      0.0009066006751028387,
      0.0,
      0.0,
      0.0,
      0.0,
      0.0,
      0.0,
      0.0,
      0.0025733610555216868,
      0.0,
      0.006730885573815059,
      0.0,
      0.0,
      0.010655603778623832,
      0.006738300107836202,
      0.00806335218167236,
      0.02101191496779724,
      0.01242760462942749,
      0.0065240061683167275,
      0.0,
      0.00816963686405926,
      0.0,
      0.0,
      0.0,
      0.0,
      0.014564939885222884,
      0.006737262346910807,
      0.0,
      0.0,
      0.0,
      0.010983257362741734,
      0.0,
      0.005001411389517332,
      0.0,
      0.0,
      0.0,
      0.0038569353279346874,
      0.019616012342300437,
      0.0021037291034221427,
      0.0,
      0.0,
      0.018714963582807925,
      0.0,
      0.01201926332846261,
      0.008916676896918252,
      0.0,
      0.001055189784348541,
      0.0,
      0.0028961039092046522,
      0.0035753770892890963,
      0.0,
      0.0,
      0.005321146964315711,
      0.0067781881391019245,
      0.0004944534225102006,
      0.005466494493345156,
      0.0,
      0.017225118158192707,
      0.00279477352312655,
      0.0,
      0.0,
      0.0,
      0.0,
      0.0,
      0.0,
      0.0032797122110430964,
      0.005097717809518278,
      0.0007561645912389739,
      0.0,
      0.006369104558447551,
      0.005296170016691095,
      0.0,
      0.0,
      0.0038309486620988977,
      0.0,
      0.0,
      0.0032560908561406776,
      0.0,
      0.0013942374554753141,
      0.0,
      0.0,
      0.0,
      0.0,
      0.0,
      0.0,
      0.0,
      0.0007383642124090885,
      0.0038453802841667242,
      0.0,
      0.0,
      0.010956890882094334,
      0.0,
      0.0,
      0.005498907379322063,
      0.004480489522781299,
      0.000388357572686502,
      0.0,
      0.01934118277100254,
      0.00919283481982059,
      0.0,
      0.015972182444632763,
      0.003237469924970901,
      0.022853281321638056,
      0.0,
      0.0,
      0.0,
      0.0,
      0.0034521290048451073,
      0.006952234595448621,
      0.0,
      0.0,
      0.0,
      0.0,
      0.0,
      0.001938155146292172,
      0.005250052541324179,
      0.0,
      0.0,
      0.003799557714566481,
      0.010519609728340623,
      0.018912999599414265,
      0.0,
      0.0041525605644556285,
      0.0,
      0.0,
      0.0005216698584016279,
      0.0,
      0.0,
      0.0,
      0.0,
      0.0,
      0.0,
      0.02200717714608454,
      0.0,
      0.017667147893695584,
      0.0,
      0.0009727040006032045,
      0.0,
      0.0,
      0.0,
      0.0044580976136638795,
      0.01990442301305829,
      0.0010238616744835515,
      0.016066810137843706,
      0.013013995019617704,
      0.005525184597228388,
      0.0,
      0.0,
      0.0,
      0.011804362236856753
    ],
    "low_data": false
  },
  "250000": {
    "median": 0.0,
    "p90": 0.011334698422593962,
    "p10": 0.0,
    "sample": [
      0.00019820389331622483,
      0.0004565787780260231,
      0.0,
      0.0020965010623429305,
      0.013716337574694397,
      0.0,
      0.0,
      0.0,
      0.008927314087062207,
      0.008828860807953306,
      0.004734280190514086,
      0.005801691510351721,
      0.01570681453571718,
      0.0,
      0.0,
      0.0056986519963179265,
      0.0,
      0.0,
      0.0030568487587094503,
      0.0,
      0.0013467702966275322,
      0.007053556456112408,
      0.010673486938692904,
      0.005174422184701788,
      0.005953158458649765,
      0.0,
      0.0,
      0.0,
      0.0035273756962576194,
      0.000915870128919963,
      0.0,
      0.005589610861074552,
      0.0,
      0.002508982902443973,
      0.010518997335229941,
      0.0,
      0.0,
      0.013061809834682183,
      0.0,
      0.008120663681859583,
      0.0,
      0.0,
      0.0,
      0.0070025327100994034,
      0.0,
      0.0,
      0.006938735540592623,
      0.0,
      0.00633742828309866,
      0.004061447633002385,
      0.0011778461985882675,
      0.0,
      0.0,
      0.0,
      0.0,
      0.00011235527947124234,
      0.0,
      0.0,
      0.0027106995887160915,
      0.0,
      0.006865970728203961,
      0.0,
      0.0,
      0.010844695317660016,
      0.006938815870963191,
      0.00820088114437338,
      0.021269755190792022,
      0.012612901865334265,
      0.006669524939780613,
      0.0,
      0.008381493354191862,
      0.0,
      0.0,
      0.0,
      0.0,
      0.01469881304174778,
      0.0068534209179455675,
      0.0,
      0.0,
      0.0,
      0.011272116123236186,
      0.0,
      0.005141463786665609,
      0.0,
      0.0,
      0.0,
      0.003998217482138985,
      0.01977206200051529,
      0.0022665473598878034,
      0.0,
      0.0,
      0.0188869792086495,
      0.0,
      0.012252125014577363,
      0.00920994917921178,
      0.0,
      0.001320099892781574,
      0.0,
      0.003046902435814539,
      0.003709886682914977,
      0.0,
      0.0,
      0.005623275443770724,
      0.00691321369798943,
      0.0006696434790570563,
      0.005597732327668173,
      0.0,
      0.01740120196173009,
      0.0029645216739017937,
      0.0,
      0.0,
      0.0,
      0.0,
      0.0,
      0.0,
      0.0034738924930802382,
      0.005211768594903491,
      0.0008789346260249463,
      0.0,
      0.00659153351959197,
      0.005410184684749033,
      0.0,
      0.0,
      0.004034557912288851,
      0.0,
      0.0,
      0.003394453731808586,
      0.0,
      0.0016840282485753096,
      0.0,
      0.0,
      0.0,
      0.0,
      0.0,
      0.0,
      0.0,
      0.0009849811155341075,
      0.003987976902747757,
      0.0,
      0.0,
      0.011102455231191353,
      0.0,
      0.0,
      0.005649576322797318,
      0.004726516316823722,
      0.0005125482164431178,
      0.0,
      0.01954912950445227,
      0.009301947655003875,
      0.0,
      0.016082486786757205,
      0.0033365227572426993,
      0.02306806569244334,
      0.0,
      0.0,
      0.0,
      5.945548107021397e-05,
      0.003593694133694095,
      0.007056062800720221,
      0.0,
      0.0,
      0.0,
      0.0,
      0.0,
      0.002092775114650223,
      0.005377807513458835,
      0.0,
      0.0,
      0.003923525131592581,
      0.010632873392334158,
      0.019105837615564975,
      0.0,
      0.004262380770266947,
      0.0,
      0.0,
      0.0006644402733663212,
      0.0,
      0.0,
      0.0,
      0.0,
      0.0,
      0.0,
      0.022179313991615882,
      0.0,
      0.01778714846152784,
      0.0,
      0.0011017154502225672,
      0.0,
      0.0,
      0.0,
      0.004585466532908845,
      0.020057560334839287,
      0.0012385119594935613,
      0.01619218358931372,
      0.013140860463626117,
      0.005696602659116706,
      0.0,
      0.0,
      0.0,
      0.011897939116813989
    ],
    "low_data": false
  },
  "500000": {
    "median": 0.0,
    "p90": 0.011750031590338904,