{
  "100000": {
    "median": 0.00011329937863592647,
    "p90": 0.009298554321832634,
    "p10": 0.0,
    "sample": [
      0.00010753683617200423,
      0.00011906192109984871,
      0.0,
      0.0,
      0.014690988871942302,
      0.0,
      0.0,
      0.003992138406531354,
      0.0,
      0.0010393440073960193,
      0.0051805088619148116,
      0.0,
      0.0004743393908662323,
      0.0,
      0.011785108280016719,
      0.0,
      0.0,
      0.005882541243732732,
      0.0,
      0.0,
      0.004432714039930133,
      0.004672257743083245,
      0.006327947403939188,
      0.0,
      0.002781863564223625,
      0.013652790808308848,
      0.0,
      0.0,
      0.0,
      0.004675205181185058,
      0.0,
      0.00586693826918918,
      0.008328020029778721,
      0.0,
      0.0010114382806201716,
      0.0,
      0.009691104843993298,
      0.006139757447707936,
      0.0033212245976218403,
      0.005090117038201639,
      0.0007814907675005488,
      0.0,
      0.0,
      0.0,
      0.0,
      0.0,
      0.0,
      0.0074192546531499926,
      0.008906338409906386,
      0.00246955328797104,
      0.0,
      0.004632361233409518,
      0.001059010287609562,
      0.0021161487771410607,
      0.00014643472907935678,
      0.0,
      0.0005719494656450697,
      0.0,
      0.0,
      0.0,
      0.0,
      0.0,
      0.0,
      0.0026015947887079666,
      0.011318278157508863,
      0.0,
      0.012950853177030798,
      0.0006310262904246746,
      0.0,
      0.006347406385460292,
      0.0,
      0.008945203505120408,
      0.0,
      0.0,
      0.0012472686338537934,
      0.020401025369003636,
      0.006794757304979235,
      0.019429032028111425,
      0.0,
      0.0,
      0.008329625524030332,
      0.0,
      0.0033494489747450938,
      0.002764648381401727,
      0.0070350958190571865,
      0.013140491865601732,
      0.0,
      0.014619222047131833,
      0.00679621321931616,
      0.0,
      0.004548520438531209,
      0.00022629333360418412,
      0.012529009330498483,
      0.0,
      0.0031371741818869863,
      0.004342542742176107,
      0.012636728471022696,
      0.006485849631410861,
      0.004648815377072202,
      0.004149851271299995,
      0.0,
      0.0,
      0.0,
      0.003852390314491649,
      0.0,
      0.0,
      0.0012724893229408135,
      0.0,
      0.0059899050395314955,
      0.0,
      0.0,
      0.0,
      0.0,
      0.0046901661754698044,
      0.007232715298822334,
      0.0,
      0.0,
      0.0,
      0.0027416054296517797,
      0.004085601052796169,
      0.0,
      0.0,
      0.0,
      0.0009129032267123825,
      0.0010509991210147904,
      0.0026560013140632397,
      0.015535713736420138,
      0.00821585777571595,
      0.0002529346314246425,
      0.0,
      0.004652985118458429,
      0.0,
      0.011538678647430014,
      0.004657665302271063,
      0.0028902793882409203,
      0.011185779880463818,
      0.0,
      0.013183188866544017,
      0.00019881061792810035,
      0.0,
      0.005444923518870847,
      0.0,
      0.003005371654500797,
      0.0,
      0.0,
      0.0,
      0.002263152235292757,
      0.0012480598051914553,
      0.0,
      0.0,
      0.0074378700434765835,
      0.0,
      0.0,
      0.0044400404974036314,
      0.0010968763048645335,
      0.006200068992441176,
      0.011277892280147767,
      0.005440087486193831,
      4.563481452246207e-05,
      0.003887845720340257,
      0.0,
      0.00781040947169529,
      0.0,
      0.009295594401414002,
      0.0,
      0.0,
      0.0,
      0.0,
      0.0,
      0.0,
      0.0,
      0.0,
      0.005089447999348953,
      0.0,
      0.0,
      0.0,
      0.006956892724361348,
      0.00036130888395634027,
      0.0,
      0.0033982880074222696,
      0.006971046598059605,
      0.0,
      0.0,
      3.3047191860899486e-05,
      0.0,
      0.0,
      0.009325193605600319,
      0.0,
      0.003023508503964546,
      0.0,
      0.0,
      0.0,
      0.0,
      0.004719957675294956,
      0.01266453023631332,
      0.0014890897775092977,
      0.0,
      0.017412777864069234,
      0.0,
      0.0
    ],
    "low_data": false
  },
  "250000": {
    "median": 0.00025844821433025807,
    "p90": 0.00941658895497268,
    "p10": 0.0,