{
  "100000": {
    "median": 0.0,
    "p90": 0.010996774618840984,
    "p10": 0.0,
    "sample": [
      0.00014125570960078096,
      0.00014005361710951449,
      0.0,
      0.002943475476151634,
      0.008203323724058234,
      0.014732738440097249,
      0.0,
      0.0,
      3.98269240912243e-05,
      0.0,
      0.00539646537219537,
      0.014209901225328904,
      0.0,
      0.0081284572770944,
      0.013763232015239222,
      0.0,
      0.012636198872523522,
      0.0,
      0.009821019275465451,
      0.0,
      0.003397227491360592,
      0.005748569832799322,
      0.0033144000228871647,
      0.014663368340920153,
      0.012157983378270142,
      0.0,
      0.0,
      0.005989805228254244,
      0.0012797656791182967,
      0.0,
      0.006458597232415541,
      0.0,
      0.005893764110352298,
      0.0,
      0.008954999874455211,
      0.0,
      0.0,
      0.0,
      0.0,
      0.0,
      0.010692591509179228,
      0.0,
      0.010447284454267848,
      0.0,
      0.002246572872358357,
      0.00430636106000861,
      0.0,
      0.004295038189080781,
      0.0002730326975680978,
      0.0,
      0.0,
      0.0,
      0.003946516962745841,
      0.007718105126432578,
      0.0,
      0.00017261416869796824,
      0.01573202622284211,
      0.0,
      0.009700925628836808,
      0.002033058463575506,
      0.0006091804609132606,
      0.0,
      0.0,
      0.006519504033881728,
      0.006365498889086482,
      0.0,
      0.0,
      0.0,
      0.0,
      0.014585679191182751,
      0.0,
      0.0030542797487286555,
      0.0005667548114828947,
      0.014232422027299355,
      0.00028095126407123145,
      0.006623365358203238,
      0.0007443224987748886,
      0.011950984473574202,
      0.0,
      0.0,
      0.0,
      0.0,
      0.0011977405468193117,
      0.0,
      0.0012898136451293556,
      0.0,
      3.563891689660499e-05,
      0.0,
      0.0,
      0.0003092398985983288,
      0.008073616950314907,
      0.008736449231439005,
      0.0,
      0.0,
      0.0,
      0.0,
      0.0,
      0.0,
      0.00680243503507726,
      0.0,
      0.0,
      0.0003971664024468535,
      0.0,
      0.006819782483333958,
      0.0,
      0.011666174923214156,
      0.0,
      0.0,
      0.01647300125421994,
      0.0,
      0.008762907772799856,
      0.0033683937076442695,
      0.000911744691773331,
      0.0,
      0.0,
      0.0,
      0.0,
      0.0,
      0.0,
      0.0,
      0.010339922225468855,
      0.0181142921525197,
      0.0,
      0.00181394060720628,
      0.0,
      0.0,
      0.012895159975227286,
      0.0,
      0.00013442121680248056,
      0.0,
      0.006915868535521106,
      0.0008137941934729259,
      0.0,
      0.0,
      0.0,
      0.0,
      0.0,
      0.01565611829706314,
      0.001640296589653285,
      0.0,
      0.0,
      0.0,
      0.0,
      0.0,
      0.0069210833529333845,
      0.0031287123057082665,
      0.004164428949102773,
      0.009647635713402677,
      0.0,
      0.0,
      0.0071346233663873194,
      0.0016168403166177357,
      0.0,
      0.005950138277214905,
      0.0,
      0.0011837368249362867,
      0.0,
      0.0,
      0.008321840245198282,
      0.008078904338084881,
      0.011034333317777496,
      0.009860473269431621,
      0.0,
      0.0,
      0.0,
      0.005174239659779954,
      0.0,
      0.0,
      0.0,
      0.0,
      0.002932172737678103,
      0.005212598736862422,
      0.0,
      0.002817945815830949,
      0.006944969831870904,
      0.0021311591395139764,
      0.00396906758501205,
      0.0036075806566743464,
      0.0,
      0.016130916531024823,
      0.010944757041325165,
      0.0,
      0.0,
      0.0,
      0.0,
      0.0,
      0.0,
      0.010974454949967604,
      0.018206874981017345,
      0.011017519819012991,
      0.0,
      0.0,
      0.013964429934549563,
      0.00023722692297067493,
      0.0,
      0.002230406691792757,
      0.0,
      0.010030308464765894,
      0.010994469596599651,
      0.007347328657289596
    ],
    "low_data": false
  },
  "250000": {
    "median": 3.979492630702962e-05,
    "p90": 0.01127040463827446,
    "p10": 0.0,