{
  "100000": {
    "median": 0.0,
    "p90": 0.012054309918527724,
    "p10": 0.0,
    "sample": [
      0.00013254313467877038,
      0.00018852143614521319,
      0.004239240713717881,
      0.00041681757031000624,
      0.0,
      0.0,
      0.0,
      0.0,
      0.007524494480887407,
      0.0,
      0.0017480214555555945,
      0.0020786480956349186,
      0.0,
      0.003569160453352031,
      0.0,
      0.0,
      0.0016538254914279234,
      0.008153355844803482,
      0.0,
      0.005997124142135013,
      0.0014859977251766888,
      0.00722545381741956,
      0.01204388675690432,
      0.0,
      0.0,
      0.0,
      0.0,
      0.0,
      0.0,
      0.0,
      0.001199648738617943,
      0.0,
      0.013588960430335691,
      0.0,
      0.008063561430937349,
      0.005502088290356617,
      0.0099701382381852,
      0.008201218354644416,
      0.002410138384045145,
      0.014869875377969678,
      0.0003465832980842269,
      0.0013743827233957382,
      0.009831817348405318,
      0.001439999156694099,
      0.0,
      0.0,
      0.0,
      0.0,
      0.0,
      0.0,
      0.0074468362041653765,
      0.0,
      0.0,
      0.0,
      0.0,
      0.001989817149701776,
      0.0,
      0.011478934411432638,
      0.005731826368610328,
      0.004265263130034594,
      0.003043085398433182,
      0.0026884301609070506,
      0.0005549396936496847,
      0.007362371931384261,
      0.0,
      0.00631823267828694,
      0.0,
      0.0,
      0.001329673622493085,
      0.0,
      0.003687477032426618,
      0.0031988498018544844,
      0.0030628184080966465,
      0.0,
      0.01810913952092229,
      0.0,
      0.006427375716077851,
      0.0,
      0.0,
      0.0009160066654585415,
      0.0,
      0.0,
      0.003928933537445231,
      0.0,
      0.0,
      0.00760225004776691,
      0.0,
      0.0015180731498471234,
      0.013220684010364666,
      0.0,
      0.0,
      0.009835189538778533,
      0.0,
      0.012148118373138351,
      0.0,
      0.0,
      0.0,
      0.0,
      0.011903805685622406,
      0.01825250154917895,
      0.006704664663255055,
      0.0,
      0.007098345104589447,
      0.0,
      0.0,
      0.010608271253750138,
      0.008767382805163565,
      0.005327791713915989,
      0.0,
      0.0,
      0.005653964454313227,
      0.0,
      0.004885176045756215,
      0.0,
      0.004596481957375563,
      0.0031822754893875696,
      0.0,
      0.0,
      0.0,
      0.0008074852424156236,
      0.0,
      0.0,
      0.0,
      0.0030424824378872616,
      0.02145597452682218,
      0.019114802109810505,
      0.0,
      0.0,
      0.0,
      0.008349158150122998,
      0.0,
      0.009632667420669393,
      0.0022121260988175024,
      0.0,
      0.013492633233892095,
      0.0,
      0.009705909105765393,
      0.007571844366709775,
      0.0,
      0.003574775303926239,
      0.004689721084987456,
      0.0,
      0.0,
      0.0,
      0.0,
      0.0,
      0.0,
      0.0,
      0.0,
      0.0,
      0.0,
      0.0064631373718409355,
      0.00038666587596373906,
      0.0,
      0.0,
      0.0,
      0.007799101026148969,
      0.0,
      0.021455481556282446,
      0.0,
      0.0,
      0.019564713358562736,
      0.006132172767728895,
      0.0,
      0.0,
      0.0029828749268535535,
      0.018681929006244182,
      0.0,
      0.0029831585550919868,
      0.014284474840875312,
      0.0069569441014783314,
      0.012534378550489061,
      0.0,
      0.015847889601424345,
      0.00407850978647338,
      0.0,
      0.014108179180370823,
      0.0,
      0.007237142385717396,
      0.0,
      0.020224798521213335,
      0.015170353816884675,
      0.0,
      0.008478116433173862,
      0.02029842250411032,
      0.00037299705585167574,
      0.0,
      0.0,
      0.00968677803753256,
      0.007750239475683143,
      0.0,
      0.0,
      0.0,
      0.011871114047779258,
      0.004153866361350201,
      0.0,
      0.01239069840782081,
      0.0,
      0.0,
      0.0044381556013739585
    ],
    "low_data": false
  },
  "250000": {
    "median": 1.1610413279189088e-07,
    "p90": 0.01224679904140566,
    "p10": 0.0,