{
  "100000": {
    "median": 0.0004179030480703283,
    "p90": 0.012200317921405222,
    "p10": 0.0,
    "sample": [
      0.0001771677637915681,
      0.0002112420843693065,
      0.0,
      0.007678301225281348,
      0.0,
      0.0,
      0.003521899414994016,
      0.01227366145944272,
      0.0032732277795563237,
      0.0,
      0.0,
      0.0029816150143696317,
      0.0,
      0.00977901401590677,
      0.00023612783735587996,
      0.0,
      0.0,
      0.0077761161716207,
      0.0,
      6.690429885983344e-05,
      0.01883976956157553,
      0.0035139760270470046,
      0.0,
      0.0011883639327394178,
      0.004988749775247708,
      0.0020416653217945014,
      0.0,
      0.009360952754846863,
      0.0,
      0.004615765998475817,
      0.008137071246582351,
      0.00885676066773684,
      0.0,
      0.0004293854508514698,
      0.00689461563478501,
      0.0,
      0.0,
      0.0,
      0.004912106462360192,
      0.00528221184771456,
      0.0,
      0.005179332437450036,
      0.0009991264436262628,
      0.009440756115400564,
      0.0,
      0.0,
      0.0024780374337425738,
      0.004607707497875988,
      0.0,
      0.0,
      0.008409344626214225,
      0.014652557291962135,
      0.011747640082195086,
      0.0,
      0.0004678955981914011,
      0.004396582061557722,
      0.005145115300393244,
      0.006117533767432016,
      0.005030690547379668,
      0.01446559769467378,
      0.006049216474730586,
      0.0,
      0.0,
      0.006241552069577472,
      0.0,
      0.0,
      0.0023436542484721874,
      0.0,
      0.013736627974630695,
      0.0,
      0.0,
      0.0076191270997948615,
      0.0,
      0.0,
      0.00014027430061544746,
      0.002562645998641346,
      0.009970896922518768,
      0.0126422997728391,
      0.00036421066753376965,
      0.006997780726469898,
      0.0,
      0.00793978522787133,
      0.0,
      5.272881343516851e-05,
      0.0012455654602329083,
      0.0,
      0.0,
      0.019463953400892315,
      0.008268176096741003,
      0.013653268514337706,
      0.0,
      0.01020382817219965,
      0.0039026984036784514,
      0.004891268589395131,
      0.0029028368769621737,
      0.0,
      0.02985380498913676,
      0.0004411089046211153,
      0.0,
      0.012386352562481632,
      0.0,
      0.0,
      0.0,
      0.0,
      0.008245254872252025,
      0.017212193456505036,
      0.0,
      0.0,
      0.0,
      0.00590795499069062,
      0.0,
      0.01335097107921733,
      0.0,
      0.0,
      0.010335376359041724,
      0.00741931371582912,
      0.0,
      0.0039951666651407034,
      0.0,
      0.008726494537759349,
      0.012192168639401056,
      0.0,
      0.022794799257205123,
      0.004103056347843259,
      0.0,
      0.0,
      0.0,
      0.019600771762498644,
      0.007546558965277504,
      0.006321769092713884,
      0.002919137578711016,
      0.0,
      0.0,
      0.0,
      0.003129360027584068,
      0.0,
      0.0,
      0.0,
      0.0,
      0.01449774208118071,
      0.004024988894811645,
      0.0,
      0.0,
      0.0,
      0.0038579436061304735,
      0.00797278799137194,
      0.0,
      0.0002781742978876451,
      0.0037048475062948344,
      0.009846325385373908,
      0.0,
      0.0,
      0.0,
      0.0,
      0.03042032397070216,
      0.001214788738677908,
      0.007615976302576231,
      0.0,
      0.0,
      0.0,
      0.0,
      0.007995232066969086,
      0.017772946562491718,
      0.00917719636995383,
      0.00447358487698833,
      0.0,
      0.0,
      0.008214745830507415,
      0.01158063702532512,
      0.013326404223607815,
      0.002399546604084768,
      0.0,
      0.009802028451243915,
      0.0,
      0.0,
      0.0011986729320627599,
      0.0,
      0.0,
      0.0,
      0.018829426668669578,
      0.0,
      0.005670332192812095,
      0.0,
      0.0,
      0.013895602803560156,
      0.0,
      0.0,
      0.0,
      0.0,
      0.0014683439354209729,
      0.003793641034777632,
      0.0018859614579601605,
      0.0,
      0.002604392692037939,
      0.0004064206452891868,
      0.0,
      0.0038756287169448293,
      0.009941748268608944,
      0.0,
      0.007951008191801693
    ],
    "low_data": false
  },
  "250000": {
    "median": 0.0006301963001945957,
    "p90": 0.012407806488907507,
    "p10": 0.0,