{
  "100000": {
    "median": 0.00023997520871633536,
    "p90": 0.013280771184516904,
    "p10": 0.0,
    "sample": [
      0.00013132898079606343,
      9.961726564648654e-05,
      0.0,
      0.0,
      0.0,
      0.0021172128845605032,
      0.0206648169077347,
      0.0,
      0.0,
      0.0007428787382778799,
      0.0,
      0.0,
      0.005809870151856508,
      0.0030297009778405435,
      0.002632303191723661,
      0.0,
      0.007052790306607076,
      0.0,
      0.0038013167989861705,
      0.0,
      0.0,
      0.0027276929491957883,
      0.0010912081190893037,
      0.008019020646999896,
      0.009502937262531657,
      0.0,
      0.0,
      0.008889766434838653,
      0.0,
      0.0,
      0.0,
      0.0,
      0.0,
      0.0,
      0.0061109020530708035,
      0.0061292299189913925,
      0.0,
      0.0,
      0.0,
      0.0,
      0.0,
      0.011648153281888673,
      0.006215496926863939,
      0.0,
      0.0,
      0.0,
      0.0,
      0.009716832466304753,
      0.016253304708611367,
      0.0,
      0.0,
      0.005199771481606256,
      0.017908636566521523,
      0.00790342673004839,
      0.0,
      0.0,
      0.008125650174861684,
      0.0,
      0.0022016452198753557,
      0.0,
      0.0,
      0.00260508603355421,
      0.004348388056703605,
      0.0006547654019562839,
      0.005530291040052608,
      0.0013617874730860726,
      0.0,
      0.0,
      0.0,
      0.0,
      0.014805328422104113,
      0.009475511231932054,
      0.0,
      0.0,
      0.0012258476682931664,
      0.0,
      0.0,
      0.0,
      0.0,
      0.0,
      0.017896089761731484,
      0.0,
      0.0,
      0.012606032409372074,
      0.007405784768458077,
      0.0049354499457622235,
      0.0,
      0.011141501343241047,
      0.0,
      0.02469356947949697,
      0.007160281464596788,
      0.0,
      0.013599090633770057,
      0.0030854536589236437,
      0.013251820480216702,
      0.0,
      0.0024702786566274996,
      0.0,
      0.013541327523218724,
      0.0,
      0.0,
      0.013759149923539911,
      0.0,
      0.0,
      0.0,
      0.0,
      0.0036827694030390082,
      0.003864436856744991,
      0.0,
      0.0,
      0.0069332635877568,
      0.0,
      0.005421776213391947,
      0.015553784497061565,
      0.02175096305704033,
      0.0,
      0.004997659514260654,
      0.003182168400780614,
      0.0,
      0.0015878734151858536,
      0.004619619584256931,
      0.001634950283174846,
      0.01030514655866575,
      0.0,
      0.005702255875199413,
      0.0,
      0.0070176667487055,
      0.0,
      0.009754539380353968,
      0.0,
      0.00844934985203724,
      0.0,
      0.021053327773358423,
      0.0,
      0.0,
      0.0003486214366366073,
      0.0013518694662437631,
      0.0,
      0.006005726983003431,
      0.0027112776653262683,
      0.010074494194749536,
      0.006969482961179316,
      0.0,
      0.00969837649683542,
      0.0,
      0.014167422243097782,
      0.012278641094714318,
      0.0072244280710451435,
      0.007844236719271053,
      0.017539863122726554,
      0.0,
      0.0,
      0.001307553421909035,
      0.0,
      0.0,
      0.01767218390437669,
      0.018264376517960014,
      0.0,
      0.007711741979076268,
      0.012487855798685533,
      0.007122132769245613,
      0.0,
      0.008684854666183971,
      0.002958484970813069,
      0.0008753159842204187,
      0.014711391048422957,
      0.0,
      0.008663151867958858,
      0.0,
      0.0,
      0.0,
      0.0,
      0.007408056880259948,
      0.018763392319326992,
      0.003933785752217202,
      0.012102344112302656,
      0.00611995444591697,
      0.0,
      0.0013524212795407626,
      0.0,
      0.0050264957486687205,
      0.0,
      0.0,
      0.0,
      0.0,
      0.0,
      0.015435370930855709,
      0.0,
      0.0009008364952415356,
      0.0016816497575097844,
      0.0,
      0.0,
      0.025273137785169066,
      0.0033857473568917377,
      0.0,
      0.004199791131644038,
      0.0,
      0.011364882300185371,
      0.0,
      0.012083945296927677
    ],
    "low_data": false
  },
  "250000": {
    "median": 0.0004624324067150063,
    "p90": 0.013392183297249614,
    "p10": 0.0,