{
  "100000": {
    "median": 3.9266139157803044e-05,
    "p90": 0.010839346374152996,
    "p10": 0.0,
    "sample": [
      0.0001835946904242718,
      0.00013770941119953307,
      0.0008474980781108797,
      0.0015153778401751027,
      0.0,
      0.01524043498678956,
      0.00041448298265758484,
      0.0,
      0.0,
      0.01867727257334798,
      0.005124059218516139,
      0.018051890799413904,
      0.0,
      0.0023608238183869304,
      0.0,
      0.004963813268348992,
      0.011918870659847152,
      0.0,
      0.0,
      0.010838360574581676,
      0.0028631789267508532,
      0.001635149096792323,
      0.006617921987477922,
      0.00945314600266777,
      0.007494934887913691,
      0.002223197003100088,
      0.0035247154926773823,
      0.0,
      0.005680909301094956,
      0.0,
      0.0010272830194559695,
      0.010012799640972802,
      0.007376763523467229,
      0.004829587303748689,
      0.0,
      0.0038838059302889463,
      0.0,
      0.0,
      0.0,
      0.0,
      0.005172531957254667,
      0.0,
      0.00033618719171052695,
      0.0,
      0.00027290330707793736,
      0.0,
      0.0023422218162732467,
      0.0021072394355564515,
      0.002278722989845439,
      0.014637674475316937,
      0.0,
      0.00434181744758848,
      6.726169963830746e-05,
      0.0030347958279634845,
      0.010848218570294877,
      0.0,
      0.0050848556658334145,
      0.0,
      0.0,
      0.0,
      0.0,
      0.0,
      0.006810035599439446,
      0.0,
      0.0011697302490072576,
      0.0,
      0.00186244353656427,
      0.0,
      0.0036520821918783536,
      0.0,
      0.0,
      0.0,
      0.007048787650329819,
      0.0,
      0.0016834318328697306,
      0.0022432363244313616,
      0.01080623935693895,
      0.0029378427470330634,
      0.00370392254771475,
      0.0,
      0.0,
      0.00016698783283646028,
      0.002508791364065128,
      0.009724135588710317,
      0.0,
      0.012156346055737429,
      0.013912550716884922,
      0.018827556334180148,
      0.0,
      0.005021722715403562,
      0.0,
      0.0,
      0.0005192444427739784,
      0.0,
      0.005961413378094485,
      0.012281279527359787,
      0.007580065511855472,
      0.0,
      0.0047798329791891095,
      0.0,
      0.0,
      1.127057867729863e-05,
      0.0,
      0.007494007547492417,
      0.006325553647858655,
      0.0,
      0.009370424650389063,
      0.0,
      0.0,
      0.006050304666418699,
      0.011834180540433618,
      0.0,
      0.0017674757716798699,
      0.0,
      0.0,
      0.004585010219887663,
      0.0,
      0.009878108928970617,
      0.0,
      0.0,
      0.0,
      0.004226071870103545,
      0.0,
      0.0030638996983756587,
      0.0,
      0.0008804694866934006,
      0.0,
      0.0,
      0.006993333106570014,
      0.0,
      0.0,
      0.0,
      0.0,
      0.006085424792577332,
      0.006799862870025649,
      0.0,
      0.017607005195921194,
      0.0,
      0.0,
      0.0007776080143663564,
      0.0,
      0.0,
      0.0,
      0.0,
      0.009228139539848145,
      0.0008032265858162436,
      0.0,
      0.0,
      4.5432428705011765e-06,
      0.0,
      0.0045333516023079645,
      0.004172225918806475,
      0.01213600441397707,
      0.0,
      0.0030444379476693632,
      0.005823289958761863,
      0.0009567196388120232,
      0.004339582873707671,
      0.0,
      0.0062829473140993694,
      0.0031078857313618907,
      0.0,
      0.01228097392479824,
      0.018048333092013088,
      0.013635987105476758,
      0.0,
      0.0007112422304269855,
      0.0,
      0.0018096519814459703,
      0.0,
      0.0,
      0.0,
      0.0,
      0.000711815597635889,
      0.0,
      0.0,
      0.0,
      0.0,
      0.0,
      0.00925332614657761,
      0.0,
      0.016827480835922587,
      0.0,
      0.0,
      0.015920059503635186,
      0.0,
      0.0,
      0.0,
      0.0,
      0.0,
      0.002811235302962169,
      0.012808650057205308,
      0.0,
      0.0,
      0.016768424753188745,
      0.0,
      0.0,
      0.0,
      0.0,
      0.007431815202793644
    ],
    "low_data": false
  },
  "250000": {
    "median": 0.00021880991085077947,
    "p90": 0.011073409379374795,
    "p10": 0.0,