{
  "100000": {
    "median": 0.0,
    "p90": 0.010833543817164412,
    "p10": 0.0,
    "sample": [
      9.17967524961855e-05,
      0.0001537643613792878,
      0.010110764272824745,
      0.005227659865348515,
      0.004310616583406802,
      0.0013556095179405774,
      0.0,
      0.009597322977973635,
      0.006313800452863375,
      0.009256533300166151,
      0.0,
      0.01211561560932252,
      0.0,
      0.0,
      0.0,
      0.0,
      0.0,
      0.0,
      0.0,
      0.0,
      0.01609257977917729,
      0.0,
      0.0,
      0.0,
      0.0,
      0.0034694870840299105,
      0.004420907758370021,
      0.0,
      0.008697284773667302,
      0.005502775103314108,
      0.006149143359055612,
      0.0,
      0.0,
      0.0,
      0.0,
      0.007624912767017336,
      0.006747409131871493,
      0.018849128841945367,
      0.008529388523983352,
      0.0,
      0.0,
      0.0006672961118013641,
      0.0,
      0.0,
      0.0,
      0.0012799067177870903,
      0.0,
      0.0,
      0.009980310045374816,
      0.0,
      0.017438121637972894,
      0.0032638313232183865,
      0.0,
      0.0,
      0.0,
      0.0,
      0.0,
      0.010807276365610907,
      0.0,
      0.0,
      0.0,
      0.006672594810566654,
      0.0,
      0.009705453339752184,
      0.01054002896287135,
      0.0,
      0.0,
      0.007906863348630356,
      0.0,
      0.003054547400113781,
      0.0,
      0.0,
      0.006356947195484792,
      0.0048873118891490305,
      0.0,
      0.0,
      0.005630660108963045,
      0.0,
      0.0,
      0.01288993576209245,
      0.0,
      0.0002614666632353892,
      0.0,
      0.005736454190075644,
      0.0014375579460996141,
      0.008183942150497461,
      0.0,
      0.0,
      0.003064738457709144,
      0.0,
      0.0,
      0.0,
      0.0,
      0.005169485830773297,
      0.009306970271849836,
      0.0,
      0.0,
      0.0,
      0.011982225237027076,
      0.01572917562305314,
      0.012153626539642396,
      0.0,
      2.1365429322867645e-05,
      0.0009306961959763408,
      7.135694561591512e-05,
      0.0,
      0.0,
      0.0008849714344922501,
      0.02035813246802368,
      0.00025465842471185233,
      0.0,
      0.0,
      0.0,
      0.0,
      0.0,
      0.0,
      0.0,
      0.0,
      0.0022687571570031164,
      0.0,
      0.0,
      0.00019908782423536033,
      0.0,
      0.011069950881145965,
      0.0,
      0.016286278061111024,
      0.0,
      0.0,
      0.0014946194313772674,
      0.0,
      0.0,
      3.9928024645204444e-05,
      0.0015502151689819918,
      0.0,
      0.0,
      0.0,
      0.004150636378613587,
      0.0,
      0.0024104166619699405,
      0.0,
      0.0,
      0.0,
      0.0,
      0.0,
      0.0,
      0.009861228002445406,
      0.005887179375740926,
      0.0,
      0.0,
      0.0027848870320779117,
      0.0,
      0.0,
      0.009757979075049083,
      0.0025881806554194416,
      0.0,
      0.004532442158609164,
      0.014212094260657015,
      0.0054724114494857255,
      0.0,
      0.005061204093599692,
      0.007525661965702665,
      0.004769997012733297,
      0.0,
      0.008957796220633881,
      0.013056414859500853,
      0.0,
      0.0,
      0.0018350494401365236,
      0.0,
      0.0,
      0.019368390262657176,
      0.031533949164227706,
      0.01696370599232966,
      0.0019535972601215095,
      0.0,
      0.0,
      0.011907882540008297,
      0.0,
      0.0,
      0.0,
      0.003924359076606951,
      0.007764484630530767,
      0.0,
      0.0,
      0.012456024873886681,
      0.0009475083053434801,
      0.015841792430902005,
      0.02257154620827741,
      0.0,
      0.005629313000681663,
      0.00045803273686503127,
      0.0,
      0.0,
      0.00029822364587973773,
      0.007222195774776574,
      0.0,
      0.00422195613082718,
      0.0008860986266998279,
      0.00223866189971498,
      0.006403455410214468
    ],
    "low_data": false
  },
  "250000": {
    "median": 0.0,
    "p90": 0.010964153987607696,
    "p10": 0.0,
    "sample": [
      0.00020939838372981912,
      0.0003507532442327809,
      0.010216689036982926,
      0.005346060383982153,
      0.00453774275548065,
      0.0014900395116568149,
      0.0,
      0.009740833126339584,
      0.006470787140194899,
      0.009442805824861183,
      0.0,
      0.012237683207842319,
      0.0,
      0.0,
      0.0,
      0.0,
      0.0,
      0.0,
      0.0,
      0.0,
      0.016214050169390412,
      0.0,
      0.0,
      0.0,
      0.0,
      0.003579660713703548,
      0.004546322186508806,
      0.0,
      0.008877522180931022,
      0.005674667699088271,
      0.006252106862782257,
      0.0,
      0.0,
      0.0,
      0.0,
      0.007777904904216915,
      0.006889709668388277,
      0.018992835748828308,
      0.008658432423148949,
      0.0,
      0.0,
      0.0007622974686917292,
      0.0,
      0.0,
      0.0,
      0.0015228375587898974,
      0.0,
      0.0,
      0.010102698147406485,
      0.0,
      0.017576836365237318,
      0.003367892708637926,
      0.0,
      0.0,
      0.0,
      0.0,
      0.0,
      0.010937308572596404,
      0.0,
      0.0,
      0.0,
      0.006901718353884853,
      0.0,
      0.009817929086146572,
      0.010655743452205792,
      0.0,
      0.0,
      0.008014833797769709,
      0.0,
      0.003235266719560657,
      0.0,
      0.0,
      0.006545757253095849,
      0.005038949683193275,
      0.0,
      0.0,
      0.005817939705290846,
      0.0,
      0.0,
      0.013159300526252192,
      0.0,
      0.0003706356327122753,
      0.0,
      0.005916369573620336,
      0.0015614860790269009,
      0.0083602052025116,
      0.0,
      0.0,
      0.003342471748527277,
      0.0,
      0.0,
      0.0,
      0.0,
      0.005312137149159146,
      0.00943913183907128,
      0.0,
      0.0,
      0.0,
      0.012083529416387538,
      0.015846969254010437,
      0.012331895819672565,
      0.0,
      0.00023492878375356847,
      0.0011277524716182476,
      0.000249262459627383,
      0.0,
      0.0,
      0.0009949721640934905,
      0.020507564842062842,
      0.00045584474728587674,
      0.0,
      0.0,
      0.0,
      0.0,
      0.0,
      0.0,
      0.0,
      0.0,
      0.0024145010339479346,
      0.0,
      0.0,
      0.00034206107191831706,
      0.0,
      0.011205762722709347,
      1.7018106356240755e-05,
      0.016485422300364042,
      0.0,
      0.0,
      0.0015985067243564984,
      0.0,
      0.0,
      0.00020207090243329153,
      0.001693281093887689,
      0.0,
      0.0,
      0.0,
      0.00426847242870907,
      0.0,
      0.0026902346642696173,
      0.0,
      0.0,
      0.0,
      0.0,
      0.0,
      0.0,
      0.010035155451979999,
      0.006081582716948159,
      0.0,
      0.0,
      0.0029538014077524887,
      0.0,
      0.0,
      0.009913745625949221,
      0.0027002667409261956,
      0.0,
      0.004657853528232148,
      0.014449317372921992,
      0.005669265862603562,
      0.0,
      0.005273788742001708,
      0.007705664467978631,
      0.004904817790833532,
      0.0,
      0.00909726332308308,
      0.013333495126141657,
      0.0,
      0.0,
      0.0020799510450405017,
      0.0,
      0.00012012434137758472,
      0.019621505478832717,
      0.03167639902296218,
      0.01707788840800566,
      0.00206377940493812,
      0.0,
      0.0,
      0.012125994054185869,
      0.0,
      0.0,
      0.0,
      0.004032743372882137,
      0.007931514630542709,
      0.0,
      0.0,
      0.012728908764371957,
      0.001057956767896078,
      0.01611445186663407,
      0.022765048285334828,
      0.0,
      0.005878068436626171,
      0.0006137612942156427,
      0.0,
      0.0,
      0.000506138206928491,
      0.007342973580855091,
      0.0,
      0.004415208758600026,
      0.0010208832419503877,
      0.002362031700581919,
      0.006539818639652622
    ],
    "low_data": false
  },
  "500000": {
    "median": 0.0,
    "p90": 0.011165567200145436,
    "p10": 0.0,