{
  "100000": {
    "median": 0.00043869029046962127,
    "p90": 0.012516918243062381,
    "p10": 0.0,
    "sample": [
      0.00014114764441569192,
      0.00018482853430592302,
      0.010185689999745487,
      0.01905816466741905,
      0.0,
      0.012147278380531807,
      0.0,
      0.0,
      0.00801113561122254,
      0.010974348085533853,
      0.0,
      0.015357306847720279,
      0.019067370328317696,
      0.013050463450959492,
      0.0,
      0.0026384543653112124,
      0.0,
      0.0,
      0.009543124120638867,
      0.0,
      0.006297964940868641,
      0.0,
      0.0,
      0.004911657138771953,
      0.0,
      0.0,
      0.0,
      0.0,
      0.0045771041592534215,
      0.0009316479143729207,
      0.0,
      0.0,
      0.0,
      0.00071023844512151,
      0.0,
      0.0,
      0.0037937637207861555,
      0.001438924341713205,
      0.021700890473607515,
      0.015192332447206847,
      0.002352366102405657,
      0.0,
      0.033007501732421146,
      0.007800555646010064,
      0.009835586240783829,
      0.007738063625396174,
      0.0,
      0.0,
      0.0007736895284653052,
      0.0,
      0.006679572650184168,
      0.0,
      0.0,
      0.0,
      0.0,
      0.019632099849651564,
      0.0,
      0.01006358063697507,
      0.00558467880739602,
      0.034994622331278806,
      0.0,
      0.0,
      0.005558692419365308,
      6.800078724219556e-06,
      0.0,
      0.0,
      0.0,
      0.0,
      0.007445621173740578,
      0.0,
      0.00894139194688067,
      0.0,
      0.0021423643938061065,
      0.0,
      0.0013204545506341242,
      0.0023086258929784923,
      0.0,
      0.0,
      0.014928308015779221,
      0.0,
      0.009504769791086531,
      0.002529245653989316,
      0.0009304533506602033,
      0.002844433366205005,
      0.0,
      0.0043205671731977825,
      0.0006588058516446228,
      0.008448396938416983,
      0.004484300121295815,
      0.0,
      0.004875778194967035,
      0.007681409326646141,
      0.0020330540015629063,
      0.0,
      0.0,
      0.009770183738677867,
      0.0009903827411671038,
      0.0,
      0.015372943698967993,
      0.0,
      0.010139129579096606,
      0.01081455859720492,
      0.01102534607373989,
      0.0,
      0.0,
      0.0,
      0.004018476344860131,
      0.0,
      0.00036704459331761234,
      0.0,
      0.0,
      0.0006695807380645448,
      0.014359021787447284,
      0.0,
      0.0,
      0.010467257663201814,
      0.006156376339554938,
      0.007629068580833214,
      0.011582072308377702,
      0.016410175625814875,
      0.013657655179492917,
      0.0,
      0.0,
      0.008861165279299657,
      0.0,
      0.0,
      0.0,
      0.0,
      0.0015599423412923834,
      0.017431133018638627,
      0.0,
      0.0,
      0.0,
      0.012701388153866441,
      0.0,
      0.0,
      0.013788217374191563,
      0.0,
      0.0,
      0.006741181426938413,
      0.0,
      0.0011410221361465751,
      0.011152093881288955,
      0.0,
      0.003099853327695528,
      0.0,
      0.0019119554554575368,
      0.0,
      0.0,
      0.0,
      0.0,
      0.0004133430895436479,
      0.007520733419585869,
      0.0,
      0.004393284921500579,
      0.0,
      0.0,
      0.0,
      0.0043090112049905035,
      0.0,
      0.007897399783700722,
      0.0,
      0.005468749503233925,
      0.0,
      0.0,
      0.002185869892377412,
      0.0,
      0.0017152458956731964,
      0.008022121942755322,
      0.0,
      0.01536113729336312,
      0.013213760317534998,
      0.0,
      0.008829018454031778,
      0.0,
      0.0004640374913955946,
      0.0,
      0.012958606528064206,
      0.0,
      0.0033305613223998773,
      0.0,
      0.005292152766676017,
      0.005359673581026895,
      0.012496421586306376,
      0.006010528906679854,
      0.01179226090453871,
      0.0,
      0.0,
      0.0,
      0.00284559897491395,
      0.0,
      0.00293873523637072,
      0.0049332129930962695,
      0.011684834352194464,
      0.003417329262072312,
      0.00437375525741579,
      0.0025650328986252966,
      0.0007101487318846467,
      0.00015880530678451777,
      0.0
    ],
    "low_data": false
  },
  "250000": {
    "median": 0.0006766619907758475,
    "p90": 0.012820109682902717,
    "p10": 0.0,