{
  "100000": {
    "median": 0.00073239830686889,
    "p90": 0.01262085347502823,
    "p10": 0.0,
    "sample": [
      0.00015786340101638246,
      8.525308242819847e-05,
      0.00459647827093451,
      0.0,
      0.013559438732510323,
      0.0,
      0.0,
      0.0,
      0.008030086584934778,
      0.0,
      0.0,
      0.0,
      0.0,
      0.001651450654233066,
      0.0,
      0.007729929019561956,
      0.0,
      0.000755309096723125,
      0.009876528034163674,
      0.0,
      0.005441347986421807,
      0.005291273354912814,
      0.0,
      0.0,
      0.0121657072897862,
      0.011280350285853837,
      0.002290452622263023,
      0.0,
      0.0,
      0.0,
      0.0021422226007470867,
      0.0,
      0.009433893558343575,
      0.01494035062413636,
      0.012970140346115535,
      0.011914065733624664,
      0.015290155354127337,
      0.002343516808818601,
      0.0,
      0.004338329328870656,
      0.009709097428139536,
      0.026402828118120093,
      0.0,
      0.0,
      0.008835365881981519,
      0.007290456010638477,
      0.0017188596052068648,
      0.013274712044888424,
      0.0,
      0.010671413960442697,
      0.008197331419171245,
      0.0,
      0.0,
      0.018089299509983014,
      0.0,
      0.0,
      0.0,
      0.014639311391900544,
      0.0,
      0.0,
      0.001340570747450798,
      0.003292312123996761,
      0.0,
      0.006782022236958404,
      0.0,
      0.0,
      0.007696055216661328,
      0.007491459740046219,
      0.0,
      0.0,
      0.004460163674091175,
      0.02292206088147898,
      0.02252974555738564,
      0.004448507608726706,
      0.0,
      0.0,
      0.006836712969045844,
      0.0,
      0.01256783690111002,
      0.0012794587587872017,
      0.0,
      0.0,
      0.0,
      0.012782143706643528,
      0.009395706564480476,
      0.016341596340723793,
      0.0,
      0.0,
      0.0,
      0.0049864279034060694,
      0.0,
      0.0,
      0.0,
      0.0,
      0.0,
      0.012333842614553064,
      0.011800264128291556,
      0.014956822923568024,
      0.0,
      0.0,
      0.0003914782732196817,
      0.008965593481015641,
      0.0,
      0.0,
      0.0014355550022886235,
      0.011036597019652093,
      0.009233471359827734,
      0.0,
      0.00014218955119955614,
      0.0,
      0.0018453476454073476,
      0.001992689463190661,
      0.0,
      0.012486959621287787,
      0.006416286633788383,
      0.0,
      0.0,
      0.00027869855406526916,
      0.0,
      0.002423288485738419,
      0.003615382626048769,
      0.002190531834969764,
      0.004364547422709447,
      0.0,
      0.0,
      0.0,
      0.0009094726057962052,
      0.011346269206298778,
      0.010784439589086214,
      0.0,
      0.0,
      0.009935776666153593,
      0.005611966269357336,
      0.0,
      0.017611905658848327,
      0.011241357206253381,
      0.0010854995639667851,
      0.0030303049304345776,
      0.002141122658495024,
      0.0014537272366965638,
      0.0,
      0.0,
      0.0069032697437056995,
      0.00010974810889153105,
      0.0,
      0.0,
      0.0031512052389352564,
      0.0,
      0.0,
      0.0,
      0.0,
      0.01034818957261194,
      0.0,
      0.0075066591475167884,
      0.0,
      0.0,
      0.012602932338182087,
      0.022209510368143587,
      0.0,
      0.0,
      0.016639510402094153,
      0.012082941083940521,
      0.0,
      0.0,
      0.0023814212586770185,
      0.003996020179492268,
      0.0034048297649128534,
      0.0,
      0.012134865759232437,
      0.0136409441885419,
      0.0,
      0.0,
      0.0,
      0.009582112475115987,
      0.0,
      0.014119331864556982,
      0.00786786011200389,
      0.007851016144190998,
      0.0,
      3.5689723329262145e-06,
      0.007071343868939006,
      0.006300246728519827,
      0.010191434848990988,
      0.0,
      0.0,
      0.00774161599952349,
      0.0,
      0.0,
      0.0,
      0.004444756825774196,
      0.015214141659229416,
      0.008161337181945755,
      0.0,
      0.011618052339975402,
      0.0,
      0.000709487517014655,
      0.0,
      0.012940584923093182,
      0.009180217488306261,
      0.005057390959595162
    ],
    "low_data": false
  },
  "250000": {
    "median": 0.0009028376880385538,
    "p90": 0.01279800296250586,
    "p10": 0.0,