{
  "100000": {
    "median": 0.00011779287088849993,
    "p90": 0.013350279688141798,
    "p10": 0.0,
    "sample": [
      8.873758882221557e-05,
      0.00013420500875147216,
      0.0029560464166751817,
      0.0,
      0.0,
      0.0,
      0.0,
      0.003226350520670978,
      0.0,
      0.0,
      0.000923091450626264,
      0.021287395396780675,
      0.0,
      0.014690674847208934,
      0.0,
      0.002288834580421491,
      0.009490560971976581,
      0.007826344402791499,
      0.009913530014603189,
      0.0,
      0.012934393289820949,
      0.0,
      0.0,
      0.009544531612409302,
      0.0,
      0.0067422017760155935,
      0.0,
      0.0029252671562014537,
      0.0,
      0.0,
      0.0,
      0.0007156717352884287,
      0.01041926518976833,
      0.0050600070585640885,
      0.0030700209460711456,
      0.006584020645886384,
      0.0,
      0.0,
      0.0,
      0.0,
      0.0,
      0.004542577202623147,
      0.019025081180277317,
      0.004639507015689839,
      0.0,
      0.0,
      0.005930807010488975,
      0.0,
      0.0,
      0.02458011244698897,
      0.0,
      0.017687807840222402,
      0.009551819544598569,
      0.0062862851731669,
      0.0,
      0.0,
      0.02293619611276886,
      0.012172246705642176,
      0.0,
      0.0,
      0.0,
      0.00898264084925512,
      0.0,
      0.0,
      0.0,
      0.006129125677119096,
      0.0,
      0.0076768424801197345,
      0.013339526584534057,
      0.0,
      0.011878275277003024,
      0.0,
      0.0015430688112354023,
      0.0,
      0.0034073671813300197,
      0.00010138073302552772,
      0.0,
      0.0,
      0.007228192943814934,
      0.0043511931197812576,
      0.014585826634202199,
      0.010537027953194007,
      0.0,
      7.83514594334316e-05,
      0.0,
      0.0,
      0.0007971245449131226,
      0.0,
      0.0,
      0.0,
      0.018804985200429395,
      0.010448690478655872,
      0.016598745960346883,
      0.0,
      0.0033701666206200145,
      0.0,
      0.0,
      0.005332400118308872,
      0.0,
      0.005309447544780805,
      0.021366024473534372,
      0.019931065033517423,
      0.00830304119025611,
      0.014835056615526223,
      0.007318757291574228,
      0.0,
      0.0,
      0.01281742237297855,
      0.0,
      0.0,
      0.0,
      0.01660905323110107,
      0.009316042598148336,
      0.0,
      0.0,
      0.0,
      0.0,
      0.013447057620611477,
      0.006800747498974282,
      0.003344232694280934,
      0.012836627558650731,
      0.0,
      0.006990004264339978,
      0.0,
      0.011246347077351674,
      0.0017423337014109569,
      0.01037898947309361,
      0.004681372241039799,
      0.0011068388963828267,
      0.01831187118314201,
      0.0003801915609313298,
      0.0060931908882655315,
      0.0,
      0.0,
      0.005631086913937196,
      0.0,
      0.007587370011662498,
      0.00630166294343913,
      0.0,
      0.0,
      0.0,
      0.0011240062466078354,
      0.0,
      0.005871574988202878,
      0.0,
      0.0,
      0.0,
      0.007676332980864007,
      0.0014145694599958544,
      0.0,
      0.0012436354298118386,
      0.017647601137362138,
      0.0,
      0.0,
      0.0,
      0.007776271067139031,
      0.0,
      0.0,
      0.0,
      0.006150542620406033,
      0.0038329409850925734,
      0.0,
      0.016828670378496155,
      0.0,
      0.0,
      0.0,
      0.0006815962335554065,
      0.008271401774586698,
      0.0,
      0.0036056723140997643,
      0.0,
      0.003819525856075195,
      0.01439063607537426,
      0.0,
      0.03042765729579642,
      0.0018189695326391586,
      0.0,
      0.003592676138111345,
      0.0,
      0.0,
      0.0,
      0.0,
      0.004514909991745344,
      0.006952161873658231,
      0.0048232666306538795,
      0.008243320691128564,
      0.018449775177948328,
      0.004337364572293883,
      0.0,
      0.0,
      0.001443365886133927,
      0.0,
      0.006457137296656316,
      0.003941952028166528,
      0.00858245005251655,
      0.0,
      0.0,
      0.0,
      0.0,
      0.01035610953476334
    ],
    "low_data": false
  },
  "250000": {
    "median": 0.00031538936416561006,
    "p90": 0.013571977060352576,
    "p10": 0.0,