{
  "100000": {
    "median": 0.00046464950015643995,
    "p90": 0.01410988982522096,
    "p10": 0.0,
    "sample": [
      8.80785592257884e-05,
      0.00013624902969060383,
      0.004025028872877971,
      0.00018925362217294658,
      0.0,
      0.003258754934557838,
      0.005147006641805581,
      0.008936769945579928,
      0.026214548279392853,
      0.0,
      0.0,
      0.010775982535929814,
      0.00636259012110628,
      0.0,
      0.0,
      0.01957754327644264,
      0.0055398799692578365,
      0.0018262953720246727,
      0.007587248520117412,
      0.0005142210012057418,
      0.0,
      0.01364653030158165,
      0.0,
      0.012903615714002415,
      0.01777163409604674,
      0.00845872496535805,
      0.002034720398277546,
      0.005214973040697809,
      0.0,
      0.0,
      0.007301679334226761,
      0.0,
      0.0,
      0.0,
      0.009677949464202132,
      0.006291700654016672,
      0.0007658570324422067,
      0.0,
      0.0016848154713773498,
      0.0033410150667050292,
      0.003601455455999342,
      0.0,
      0.0015392192982984687,
      0.0,
      0.00041974489657579754,
      0.0,
      0.008051227477134644,
      0.0005095541037370824,
      0.005261332430623018,
      0.0,
      0.0014443595989694796,
      0.0037959716880039554,
      0.0,
      0.0,
      0.0035169596523785605,
      0.001354818832715297,
      0.002543254364924456,
      0.0009264206288398345,
      0.0,
      0.023409296400423236,
      0.01736861589030547,
      0.0,
      0.0075217508503581205,
      0.0,
      0.0,
      0.009070673941824784,
      0.005492445159862242,
      0.008862645563556218,
      0.011426880377113695,
      0.02056285904969454,
      0.0,
      0.005191095175376478,
      0.0,
      0.0,
      0.0,
      0.01642722857993931,
      0.005976367086601918,
      0.015431624711087062,
      0.0,
      0.014005771604422616,
      0.004986769510381807,
      0.010110102355916434,
      0.0,
      6.97207478589352e-05,
      0.0,
      0.006079574943278842,
      0.019237769047032,
      0.005109715798463324,
      0.0,
      0.0,
      0.0,
      0.0,
      0.0,
      0.005309112262313361,
      0.0,
      0.0,
      0.0,
      0.0,
      0.0,
      0.004617957471109761,
      0.019223006201052793,
      0.0,
      0.021321967894635977,
      0.0014028190216138034,
      0.008923788699421335,
      0.0123253116820224,
      0.0,
      0.00941146125535473,
      0.0,
      0.01854893333769108,
      0.013290554213137582,
      0.01545543661855248,
      0.0036617073327815585,
      0.0173972111810067,
      0.0,
      0.0,
      0.0,
      0.0,
      0.0,
      0.01409498525894963,
      0.026614229950889925,
      0.0,
      0.0,
      0.0,
      0.01510647166476655,
      0.007931282507278155,
      0.00625090683392476,
      0.0011621090307648717,
      0.0,
      0.0,
      0.0,
      0.0,
      0.0,
      0.00580672247863782,
      0.0,
      0.0,
      0.0035426432567475905,
      0.0013014775817250246,
      0.0,
      0.0010364147775436617,
      0.014244030921662933,
      0.0,
      0.0,
      0.0,
      0.0,
      0.0,
      0.0,
      0.009162683714496645,
      0.0,
      0.0056316294217991026,
      0.0,
      0.011583920808720274,
      0.0,
      0.0,
      0.010126411146833193,
      0.0,
      0.0,
      0.0,
      0.0,
      0.0,
      0.005312832146968973,
      0.011452613444753545,
      0.0,
      0.0,
      0.008453499971908881,
      0.0,
      0.0,
      0.017083452826234278,
      0.0,
      0.0,
      0.0,
      0.008550512778113117,
      0.010510541666882953,
      0.0038264625728306723,
      0.0,
      0.0,
      0.00821610396518117,
      0.004535512407296133,
      0.008671216609873456,
      0.01314265025298987,
      0.014519082289628582,
      0.0,
      0.0,
      0.0,
      0.003567656010719771,
      0.00977340208763133,
      0.0,
      0.0,
      0.0,
      0.002723505025708592,
      0.0,
      0.0,
      0.0,
      0.0,
      0.004243401572567997,
      0.01633718946974593,
      0.0,
      0.0044967359086764995,
      0.0,
      0.0015260319519323955
    ],
    "low_data": false
  },
  "250000": {
    "median": 0.0006826362345429529,
    "p90": 0.01427844620777931,
    "p10": 0.0,