{
  "100000": {
    "median": 0.00019131755001648612,
    "p90": 0.01039627345553511,
    "p10": 0.0,
    "sample": [
      0.00011039584481793864,
      8.498472419387373e-05,
      0.0,
      0.0,
      0.001865952468614076,
      0.007108346916941656,
      0.012944680535695554,
      0.013019300403504252,
      0.010148637695551688,
      0.0,
      0.0,
      0.0037389409067146257,
      0.0072705642272735535,
      0.004408384470353228,
      0.00703834728173579,
      0.005902647001318505,
      0.014891982648262936,
      7.155779836000844e-05,
      0.0,
      0.0,
      0.0,
      0.005935196088180764,
      0.0007012703294473253,
      0.008266169745047373,
      0.0,
      0.0031384336363702047,
      0.0,
      0.0,
      0.0039267687355616565,
      0.0,
      0.0,
      0.0,
      0.0,
      0.009592236129059899,
      0.02897209346302404,
      0.01267971074563349,
      0.0048743354747781175,
      0.010530529348983183,
      0.0,
      0.0,
      0.0,
      0.0,
      0.0063425796416397345,
      0.0,
      0.0,
      0.014632168697649684,
      0.005280154274745882,
      0.0,
      0.007501152315377398,
      0.0,
      0.0054898547114428,
      0.0,
      0.0,
      0.004699282603733469,
      0.0,
      0.003613405847943275,
      0.002698245522892647,
      0.0018514322008016805,
      0.0,
      0.0,
      0.009437419129489586,
      0.0,
      0.00711719964535186,
      0.00225498355041488,
      0.0,
      0.0010523225902174572,
      0.014765893078765236,
      0.0059210662994103125,
      0.0026203657693456856,
      0.0,
      0.000993785290049364,
      0.007461321980969955,
      0.0,
      0.003262557243607611,
      0.0,
      0.001848924316815521,
      0.0,
      0.007151456561909767,
      0.0,
      0.0031696494087650935,
      0.0,
      0.0,
      0.0,
      0.00021524135769174056,
      0.0,
      0.007199988311869166,
      0.0,
      0.009531088493283235,
      0.0,
      0.006235841187300793,
      0.0,
      0.0,
      0.0,
      0.0,
      0.0,
      0.0,
      0.013321135887575752,
      0.0,
      0.0,
      0.008259697982945326,
      0.007649484093079416,
      0.016213561806879294,
      0.0,
      0.0,
      0.0,
      0.005965507010345066,
      0.0,
      0.010381356134040882,
      0.0064335391278822875,
      0.0,
      0.0,
      0.010094759636985915,
      0.0,
      0.0,
      0.004256966812826584,
      0.0,
      0.0,
      0.010970303816346158,
      0.007780721917756021,
      0.009483382089034239,
      0.007281064220827413,
      0.002446776974972934,
      0.0,
      0.0,
      0.011520191421417466,
      0.0,
      0.0,
      0.015029258732050509,
      0.00709435079733048,
      0.0025772905285903255,
      0.004222584181237648,
      0.0001673937423412317,
      0.003081670002323724,
      0.0037135221821356225,
      0.011827064215406007,
      0.0,
      0.0,
      0.0,
      0.004621405602163708,
      0.0,
      0.005437529465208371,
      0.0026457770488080077,
      0.008262511138000412,
      0.0025825118887024046,
      0.00838746546267481,
      0.0,
      0.0,
      0.0,
      0.0,
      0.003589578422014851,
      0.006886176206324811,
      0.0022083776844739663,
      0.006167069034620502,
      0.0005793696032265747,
      0.00630094011222333,
      0.0,
      0.0,
      0.0,
      0.0,
      0.0,
      0.0,
      0.0,
      0.004355519224073086,
      0.003578196502037287,
      0.0,
      0.0,
      0.0034467092962280916,
      0.004975417172048838,
      0.006458560421141974,
      0.0009607102218335912,
      0.013102224790575247,
      0.011306216326231536,
      0.0,
      0.00469869179358004,
      0.0009350032599520577,
      0.0036098266839822736,
      0.006362243479043553,
      0.0,
      0.02573777904652224,
      0.0,
      0.0,
      0.010776223432140799,
      0.016199074618072903,
      0.0,
      0.0,
      0.006759878688242622,
      0.003754446974246992,
      0.0022795967759607723,
      0.0,
      0.0,
      0.00012303262216860035,
      0.0,
      0.0,
      0.0,
      0.0,
      0.0,
      0.0,
      0.0,
      0.0,
      0.01098422171177984
    ],
    "low_data": false
  },
  "250000": {
    "median": 0.000415940037900683,
    "p90": 0.01052575649166748,
    "p10": 0.0,