{
  "100000": {
    "median": 0.0,
    "p90": 0.009566744668663373,
    "p10": 0.0,
    "sample": [
      9.432445265850427e-05,
      0.00011608862890883795,
      0.0,
      0.010754764510147428,
      0.010091171006483497,
      0.0,
      0.0033730358024576215,
      0.0,
      0.010696052079418086,
      0.0070225034689293435,
      0.0,
      0.0,
      0.0,
      0.0,
      0.005360231616250627,
      0.009449455429547686,
      0.0,
      0.0045200991651192166,
      0.0,
      0.003015400667438958,
      0.0027939447666247164,
      0.0,
      0.0,
      0.0,
      0.0015398684604092504,
      0.0,
      0.0,
      0.00858281692068978,
      0.0,
      0.0047489483611302665,
      0.0,
      0.0,
      0.0,
      0.009508475075572252,
      0.0,
      0.0024424785949723276,
      0.008747239248724592,
      0.004847122287288204,
      0.0,
      0.0,
      0.0037810908508597737,
      0.013549468662838748,
      0.0,
      0.011488898365081268,
      0.002578971572942881,
      0.0,
      0.000651510570485369,
      0.0,
      0.0,
      0.0,
      0.001110665655800684,
      0.0,
      0.0,
      0.0,
      0.0,
      0.00352435856424836,
      0.015698123371890006,
      0.0024508873834796986,
      0.0,
      0.0,
      0.0,
      0.0,
      0.006347268811363261,
      0.0,
      0.003917347683667277,
      0.006420649635678967,
      0.008288927060768598,
      0.0,
      0.008710421452057679,
      0.005645458919037257,
      0.005954571159565299,
      0.004165736582681885,
      0.007929970973983153,
      0.010490306621848898,
      0.0,
      0.003868357490110868,
      0.00935185584747755,
      0.007975477426123714,
      0.005793072245884923,
      0.004483952342967779,
      0.012912906391527089,
      0.0,
      0.0,
      0.0015176974361126084,
      0.0,
      0.0,
      0.011022494840511033,
      0.0,
      0.0,
      0.014694533007860562,
      0.0,
      0.0,
      0.0,
      0.009270964921428133,
      0.0,
      0.007871004767639784,
      0.0,
      0.006464184892970641,
      0.0,
      0.012075494888408967,
      0.0012346510371326943,
      0.0,
      0.0,
      0.0,
      0.0,
      0.006256803374680776,
      0.0,
      0.0,
      0.0,
      0.00034008833775101954,
      0.01631322577992125,
      0.01622699957331466,
      0.007903007937207107,
      0.0017873384909321683,
      0.008534985092261908,
      0.0,
      0.003032726131216566,
      0.0,
      0.0,
      0.0058926527660739195,
      0.0,
      0.0,
      0.0,
      0.0,
      0.0,
      0.0,
      0.006675313996464413,
      0.0,
      0.0,
      0.003364391874974538,
      0.0,
      0.0,
      0.0,
      0.00787111494227435,
      0.0,
      0.00933190510548879,
      0.0,
      0.00242208372651017,
      0.0025283985976483135,
      0.008842175452917262,
      0.0,
      0.0076071303878745365,
      0.0,
      0.003900815812300504,
      0.013698868984462176,
      0.003677162974668079,
      0.0,
      0.0,
      0.0,
      0.0019948758352400873,
      0.0,
      0.0058483144256277755,
      0.0054094884768402,
      0.00024497290508244685,
      0.0,
      0.005598789512005408,
      0.0,
      0.002910201385136564,
      0.0,
      0.013252097697056892,
      0.006551392087812311,
      0.0022745112973092756,
      0.005036641233797425,
      0.0012654089197447484,
      0.0030817206641532507,
      0.0,
      0.0,
      0.01667150357973745,
      0.0,
      0.0034099781750916544,
      0.0006853062896788087,
      0.0,
      0.005524689144355295,
      0.0,
      0.0,
      0.0,
      0.00635848874327438,
      0.0,
      0.0,
      0.0,
      0.0,
      0.0,
      0.0,
      0.0,
      0.0011006921730914916,
      0.0,
      0.011550033413186445,
      0.01872450170618006,
      0.002205348592444171,
      0.0,
      0.0,
      0.0,
      0.0,
      0.0,
      0.0,
      0.0,
      0.0024454165802922905,
      0.016248839719702993,
      0.01666693340907835,
      0.0015971128261272247
    ],
    "low_data": false
  },
  "250000": {
    "median": 0.0,
    "p90": 0.00981399372424037,
    "p10": 0.0,