{
  "100000": {
    "median": 2.8495347040794123e-05,
    "p90": 0.012440979024039744,
    "p10": 0.0,
    "sample": [
      0.00019944327406908377,
      0.0001045083859718585,
      0.004849025620557145,
      0.003905948479813478,
      0.0,
      0.00748834382019686,
      0.0,
      0.0,
      0.0,
      0.0,
      0.0,
      0.0,
      0.0023789668341433062,
      0.0,
      0.0,
      0.0027078107408455214,
      0.0,
      0.013924100887144613,
      0.0,
      0.002413467935573853,
      0.007685598908428283,
      0.0,
      0.0013512535475415218,
      0.0,
      0.03026804137322073,
      0.0012629547173767374,
      0.009774956345857597,
      0.0,
      0.0,
      0.004383589917999842,
      0.009656805037266094,
      0.004504457994812502,
      0.0,
      0.008772064532763494,
      0.02407599526045162,
      0.0,
      0.004120738436983932,
      0.0,
      0.019289833470376418,
      0.0,
      0.02000179714352493,
      0.0,
      0.0,
      0.0,
      0.0,
      0.0,
      0.0,
      0.0,
      0.0,
      0.01474039230535832,
      0.026109723841366794,
      0.0,
      0.008179088742555074,
      0.0,
      0.015870130299608678,
      0.0,
      0.0,
      0.0,
      0.0,
      0.00910338703610871,
      0.0,
      0.0,
      0.0,
      0.020413280294369163,
      0.0,
      0.0,
      0.006275541977654796,
      0.00508276139922116,
      0.015566685240693497,
      0.009674255278711612,
      0.0,
      0.0,
      0.0048357795178724464,
      0.0,
      0.0013187920237000988,
      0.0014239042994878563,
      0.004766519793116807,
      7.615073117658295e-05,
      0.0,
      0.012416761828584573,
      0.005983940951013858,
      0.0,
      0.008414640531512701,
      0.0,
      0.0,
      0.0,
      0.0,
      0.0,
      0.0,
      0.01664215421893372,
      0.0030216356771710752,
      0.0,
      0.003588360814599824,
      0.0,
      0.0,
      0.002920309427592142,
      0.008899051460938782,
      0.01840302107250353,
      0.0,
      0.007392404293993647,
      0.015799460902429167,
      0.0,
      0.010351232551002277,
      0.0032185461137032904,
      0.0,
      0.0,
      0.0,
      0.0009079886594461847,
      0.007210471123781819,
      0.0,
      5.6990694081588246e-05,
      0.0,
      0.0,
      0.0,
      0.0,
      0.0018916720796398829,
      0.0,
      0.009960445183139514,
      0.0,
      0.011846395200096081,
      0.007089690492183611,
      0.0,
      0.0005929676861827031,
      0.005276124015682592,
      0.002476348032033185,
      0.0,
      0.0006170631222137417,
      0.01313786706696233,
      0.0,
      0.0,
      0.0,
      0.0,
      0.0,
      0.0,
      0.0,
      0.002650145526707686,
      0.0,
      0.0,
      0.0,
      0.0,
      0.003085152415854907,
      0.0,
      0.0021037184920237317,
      0.0,
      0.00904866576616086,
      0.0,
      0.0,
      0.005247639980896729,
      0.006500602394018178,
      0.0,
      0.005479732164101647,
      0.009234752275230284,
      0.0041629281108700395,
      0.0,
      0.0,
      0.0,
      0.013956426610269423,
      0.0008028314352782134,
      0.0007061892243789566,
      0.0,
      0.006513258772206886,
      0.00559012284915252,
      0.005831695453454367,
      0.0,
      0.006791047990409574,
      0.0,
      0.0006173779686984473,
      0.018813228542444965,
      0.0,
      0.023890135843324094,
      0.011303850882887571,
      0.0,
      0.003765200758055847,
      0.0,
      0.0046431614575407785,
      0.0,
      0.011293380899168861,
      0.007092384239356264,
      0.006293770998978514,
      0.0,
      0.00869969245697238,
      0.002547627868446325,
      0.0013469423315838672,
      0.0,
      0.0,
      0.012658933783136301,
      0.00805931811204524,
      0.0028693834414486646,
      0.0022566950868932963,
      0.0,
      0.0,
      0.0,
      0.019525534121601483,
      0.0008896927037221981,
      0.0,
      0.002106665309629823,
      0.0,
      0.025858558820979264,
      0.012341246297509656,
      0.010656766988049167
    ],
    "low_data": false
  },
  "250000": {
    "median": 8.115789014201074e-05,
    "p90": 0.012554727755381204,
    "p10": 0.0,