{
  "100000": {
    "median": 0.0005231478617333814,
    "p90": 0.01127349364656142,
    "p10": 0.0,
    "sample": [
      0.00017398087730432815,
      9.785688670243695e-05,
      0.0,
      0.0,
      0.0029435573557418716,
      0.0065021940130664604,
      0.0011984518320015335,
      0.004386333053991757,
      0.0,
      0.0,
      0.001126592552621508,
      0.006310741509124262,
      0.004934964707831983,
      0.0,
      0.0,
      0.0008877077097100461,
      0.007067398389602183,
      0.0,
      0.0,
      0.004427172750204651,
      0.006395500000521574,
      0.0007585566184218782,
      0.010474315314094493,
      0.005113287632022735,
      0.0,
      0.006679999893725291,
      0.004219900253738447,
      0.0,
      0.003372668244786634,
      0.0014180046783523763,
      0.003975240550374577,
      0.0035125739728281563,
      0.018253022847337902,
      0.002185390404749116,
      0.007274100758454133,
      0.0026632556030270343,
      0.00021847731386078596,
      0.018288292434348492,
      0.0127665609822347,
      0.003861111181020488,
      0.0,
      0.0025845882767822712,
      0.010561066298924426,
      0.006487098986016064,
      0.0,
      0.0,
      0.0,
      0.0,
      0.00872167927656278,
      0.0,
      0.0038351216351809243,
      0.0,
      0.010048287444601608,
      0.0,
      0.0020177545174796547,
      0.0,
      0.0,
      0.0,
      0.0,
      0.005229165336480042,
      0.01414642175630667,
      0.0,
      0.0,
      0.0031179101996972537,
      0.0,
      0.00046150432371140366,
      0.0,
      0.003517672466469434,
      0.0024185051670856097,
      0.0,
      0.007759801593684895,
      0.0,
      0.0,
      0.0,
      0.0,
      0.0023470707511963084,
      0.012698527693440195,
      0.0,
      0.0004328040918913488,
      0.0,
      0.0,
      0.004406241815424713,
      0.003717988112838837,
      0.0,
      0.011634782498820067,
      0.002479925787904258,
      0.0,
      0.0,
      0.0,
      0.0,
      0.0,
      0.005632865813273101,
      0.0,
      0.0,
      0.0,
      0.017712438901688908,
      0.012146066820492138,
      0.007478919532549207,
      0.00022741720716223685,
      0.013478977736443784,
      0.0,
      0.003271681431583877,
      0.001980864387607303,
      0.0,
      6.66192191249311e-05,
      0.007850342459273825,
      0.0,
      0.005105058401034604,
      0.0,
      0.0,
      0.0,
      0.0,
      0.0,
      0.0,
      0.007050156236800109,
      0.0,
      0.010859413325424045,
      0.0,
      0.0,
      0.0,
      0.0,
      0.0,
      0.0045275440812212854,
      0.0005969958682357421,
      0.007243635317509211,
      0.0,
      0.007727772790397478,
      0.0,
      0.010356826744455969,
      0.00940991236715436,
      0.0036880738615962245,
      0.0005847913997553592,
      0.011625580136231025,
      0.0,
      0.0062066183817199964,
      0.0020681529451953068,
      0.003283937447187394,
      0.01586365520297062,
      0.004907271966398953,
      0.008606331513982214,
      0.0,
      0.0,
      0.0,
      0.0,
      0.0,
      0.012851292011194873,
      0.0,
      0.0,
      0.0,
      0.0,
      0.005810390400774809,
      0.010334760008836064,
      0.00508834326838278,
      0.012498888027076605,
      0.0,
      0.011264776371655644,
      0.008205386138071409,
      0.002045503245496112,
      0.013121507670787732,
      0.011351949120713401,
      0.0,
      0.007774411540639962,
      0.0,
      0.0020560732997618137,
      0.005928992655434391,
      0.0,
      0.0,
      0.0,
      0.0,
      0.0,
      0.001117233211383641,
      0.0,
      0.0,
      0.025807245300761485,
      0.0,
      0.004934845085323523,
      0.0,
      0.014368305266610608,
      0.0,
      0.01161618729747331,
      0.0,
      0.004252319351985534,
      0.011121461867293266,
      0.0,
      0.0,
      0.0,
      0.00215800909695786,
      0.006260242445603342,
      0.0,
      0.0,
      0.0,
      0.008022547482479839,
      0.005152199101554129,
      0.01685074938549755,
      0.009357542831975983,
      0.0,
      0.0083472557427386,
      0.0,
      0.013536063058179908,
      0.0
    ],
    "low_data": false
  },
  "250000": {
    "median": 0.0006813609380336462,
    "p90": 0.0114781847460947,
    "p10": 0.0,