{
  "100000": {
    "median": 0.0,
    "p90": 0.009946415526282743,
    "p10": 0.0,
    "sample": [
      9.035583483749125e-05,
      0.00017494728419002942,
      0.0011579136338572213,
      0.0,
      0.0,
      0.01689576734802995,
      0.009371995127922273,
      0.01415043014904574,
      0.013212293800951113,
      0.009313855648287768,
      0.01027874413353362,
      0.0,
      0.0,
      0.0,
      0.0,
      0.0,
      0.0,
      0.0,
      0.0,
      0.0025506078391578676,
      0.0022727322949687894,
      0.0,
      0.0,
      0.013865074586235388,
      0.0014946838874356318,
      0.009462568929682412,
      0.005460401141218618,
      0.0,
      0.009513754173617071,
      0.00941759503313314,
      0.012412396471482233,
      0.0,
      0.0,
      0.001604589720758313,
      0.0,
      0.0,
      0.0,
      0.0,
      0.0,
      0.0,
      0.0001930747264921401,
      0.009579370756247072,
      0.009270622117659116,
      0.0,
      0.0007004557616312255,
      0.0,
      0.008080380707392195,
      0.0006684172165295228,
      0.006019346456737125,
      0.0003089623083670207,
      0.00098722799640982,
      0.0009573449481129162,
      0.008651012804590638,
      0.00018529429103474954,
      0.0,
      0.0,
      0.0001311922023770272,
      0.0,
      0.006563369025590688,
      0.0,
      0.0,
      0.007646001397663723,
      0.005859625194392578,
      0.014141261518569589,
      0.0,
      0.0,
      0.0,
      0.008866261391234708,
      0.0,
      0.006354928853266106,
      0.0,
      0.0,
      0.00837262544893224,
      0.0,
      0.005409722627066157,
      0.0,
      0.0,
      0.0,
      0.0004887192490623636,
      0.0,
      0.0,
      0.0,
      0.010338942204648004,
      0.0,
      0.015780398990633472,
      0.0,
      0.0,
      0.007339565705316397,
      0.0007332686645923834,
      0.005262821871063167,
      0.009514519228727095,
      0.0,
      0.0,
      0.0,
      0.0,
      0.0,
      0.009484383239909994,
      0.0,
      0.0,
      0.0,
      0.0,
      0.010041526035702601,
      0.004559571414664496,
      0.0,
      0.009386022679716307,
      0.0,
      0.00993584769190276,
      0.008716076392923405,
      0.0,
      0.0,
      0.0,
      0.005263693366148504,
      0.0,
      0.01100944141347757,
      0.0,
      0.011989591227840482,
      0.0,
      0.004015523344969482,
      0.006169789364005413,
      0.004968192416261561,
      0.002025375901532725,
      0.006036006587450857,
      0.0,
      0.0,
      0.0,
      0.0012684386009160927,
      0.0074777043118101905,
      0.0076348812163042285,
      0.0,
      0.0,
      0.012304500401136285,
      0.0,
      0.0,
      0.0009665639806142511,
      0.0,
      0.0,
      0.0,
      0.0,
      0.0,
      0.0,
      0.0,
      0.0,
      0.008366960899315969,
      0.0,
      0.005979905587971205,
      0.004516931066732835,
      0.0020589623928925654,
      0.0,
      0.010749239072322635,
      0.0,
      0.0,
      0.0026080403590054623,
      0.0012860982708287512,
      0.007603574943404376,
      0.00028498499134588587,
      0.004691809467987046,
      0.0038860553538403396,
      0.0,
      0.0,
      0.005834485731661711,
      0.0,
      0.0,
      0.0,
      0.0,
      0.0041207917570523075,
      0.0,
      0.0,
      0.0,
      0.013652923224238873,
      0.006484500737130728,
      0.0,
      0.0014436635310194255,
      0.005642771270134417,
      0.0,
      0.0,
      0.004093922372787572,
      0.008371342899828363,
      0.0,
      0.0007179860701757646,
      0.0,
      0.0,
      0.0,
      0.0020840129520009907,
      0.014863016305310105,
      5.210809374819605e-05,
      0.0011930686732148895,
      0.0012908079069511684,
      0.007728311351612169,
      0.0,
      0.011420173505162699,
      0.010312330626189014,
      0.013793392584861867,
      0.018551422188832156,
      0.0,
      0.0,
      0.007005538060698526,
      0.0020990639599520137,
      0.0,
      0.008201690966345149,
      0.0
    ],
    "low_data": false
  },
  "250000": {
    "median": 0.0,
    "p90": 0.010053674495897388,
    "p10": 0.0,