{
  "100000": {
    "median": 4.346227900672319e-05,
    "p90": 0.0117689316198548,
    "p10": 0.0,
    "sample": [
      8.692455801344639e-05,
      0.0001902792397196267,
      0.005959034956900939,
      0.0,
      0.0,
      0.0,
      0.00851068166902849,
      0.0017600900406803952,
      0.0038978809244137563,
      0.0,
      0.005680410042883033,
      0.025873990707381875,
      0.03906388232315072,
      0.0,
      0.0,
      0.03004149047012821,
      0.005011970412436773,
      0.0,
      0.0,
      0.0,
      0.0,
      0.0,
      0.0,
      0.020165688304394417,
      0.0,
      0.0,
      0.0,
      0.002538181052773019,
      0.0,
      0.004646221713859211,
      0.0,
      0.0,
      0.008432315761405976,
      0.0,
      0.002058884281352587,
      0.008522405051461478,
      0.0,
      0.0,
      0.0,
      0.0,
      0.0016753580495469215,
      0.0,
      0.0,
      0.00371912040286843,
      0.0,
      0.0014613998392508964,
      0.0,
      0.015863714596635606,
      0.01889116680701552,
      0.0,
      0.002183596177241446,
      0.0,
      0.0,
      0.00014722954001663836,
      0.0,
      0.0001054110553425112,
      0.001769893644000044,
      0.0026455843846206885,
      0.00016854699348550192,
      0.0,
      0.005381129865613358,
      0.0,
      0.002334729414341413,
      0.004003976636973623,
      0.0,
      0.0,
      0.005562719362744054,
      0.009418031791891185,
      0.0,
      0.00679065726518339,
      0.018705381464437485,
      0.011625880002962916,
      0.0,
      0.008017194226782872,
      0.004704058939833741,
      0.0,
      0.0,
      0.010736320662756179,
      0.0,
      0.003101472344315451,
      0.0,
      0.011669096315742202,
      0.0,
      0.0027049765236045885,
      0.0,
      0.015890895970090378,
      0.0,
      0.010276338344120903,
      0.0037654358353779466,
      0.0,
      0.0102497920132601,
      0.018472153211976757,
      0.0054534753137728325,
      0.0,
      0.0,
      0.0075583383979889816,
      0.000157199506952738,
      0.0,
      0.00026865580957126096,
      0.0,
      0.0,
      0.0,
      0.0,
      0.0,
      0.0,
      0.0,
      0.00043737287774254683,
      0.0062489220856984445,
      0.007199282469131975,
      0.0,
      0.0,
      0.0,
      0.0,
      0.0,
      0.0,
      0.009287829742357706,
      0.008872573492514614,
      0.006949062275870099,
      0.008796297176179729,
      0.0,
      0.00020861420177019862,
      0.0,
      0.0,
      0.0,
      0.0,
      0.016512289828479656,
      0.0006913448665065325,
      0.0,
      0.0,
      0.0,
      0.0,
      0.008469639501978897,
      0.0,
      0.004412506177784053,
      0.011387692308542738,
      0.020465612268936804,
      0.0,
      0.008559797751504268,
      0.0,
      0.003616414612084983,
      0.01412738433549376,
      0.015049324489412354,
      0.0019372597390034736,
      0.0013193169968955577,
      0.0,
      0.0,
      0.0,
      0.0,
      0.0039025351868799425,
      0.0,
      0.0,
      0.0,
      0.0,
      0.0,
      0.006455580139071859,
      0.0,
      0.005369914851478753,
      0.0,
      0.0010768910519064249,
      0.005098621525228313,
      0.005783621923086583,
      0.004958817437727619,
      0.0005731246769341887,
      0.011241001317148119,
      0.0004039482267667973,
      0.005802388515612116,
      0.0001254018115960198,
      0.0,
      0.00389770889911224,
      0.0025594684638870213,
      0.0032819749198613017,
      0.0,
      0.006324597382192363,
      0.0,
      0.0,
      0.0,
      0.0,
      0.0,
      0.00965861288336346,
      0.012667449356868227,
      0.00841408211564303,
      0.0,
      0.0,
      0.0015695138809123175,
      0.0,
      0.015463951050272253,
      0.01022755543775456,
      0.004001072903892246,
      0.0,
      0.0001750652953892644,
      0.026647334586220567,
      0.021999935648444807,
      0.012734258162632045,
      0.0,
      0.0,
      0.023004528653052247,
      0.018457092017373923,
      0.0,
      0.0,
      0.0
    ],
    "low_data": false
  },
  "250000": {
    "median": 9.914218890913885e-05,
    "p90": 0.011888222143017376,
    "p10": 0.0,