{
  "100000": {
    "median": 0.00036621671968097095,
    "p90": 0.012158991063368594,
    "p10": 0.0,
    "sample": [
      8.320932844703047e-05,
      0.00021323500974612447,
      0.0,
      0.001127866419365136,
      0.0,
      0.01370865475748636,
      0.0,
      0.0029185415488544157,
      0.0030124181482897574,
      0.006073757308900403,
      0.008200115903347559,
      0.0,
      0.0,
      0.0,
      0.01742936133862339,
      0.0,
      0.003817687442597358,
      0.00821611584434694,
      0.0,
      0.01147135037151799,
      0.01101229969282926,
      0.0024534056742747832,
      0.0011260638207893127,
      0.0,
      0.0019743531600585817,
      0.0,
      0.0,
      0.001728728463669816,
      0.005582910286333145,
      0.008794757292184908,
      0.0,
      0.002936629313052489,
      0.001064269842740535,
      0.0,
      0.0,
      0.0,
      0.0002687864773662198,
      0.0,
      0.0025816117032830947,
      0.0,
      0.0004636469619957221,
      0.0,
      0.0,
      0.002996149639514886,
      0.009031053129476576,
      0.0006796389104936884,
      6.79638559563256e-05,
      0.0,
      0.0,
      0.002970738479210959,
      0.0,
      0.0,
      0.01462786649652495,
      0.0,
      0.0,
      0.0,
      0.0,
      0.0,
      0.017422797773344188,
      0.007035037767876352,
      0.012158854616540347,
      0.0,
      0.013229386238168182,
      0.0,
      0.0,
      0.0,
      0.02118623302005256,
      0.0,
      0.006839933568352558,
      0.0,
      0.004626388016844504,
      0.0,
      0.005167345894738002,
      0.006771456982019827,
      0.0,
      0.0054477305899674824,
      0.004449215166496088,
      0.0,
      0.0,
      0.0,
      0.01800160369013211,
      0.0015062257655246668,
      0.0,
      0.0,
      0.0,
      0.0037074085404895565,
      0.004552502440250384,
      0.02370916916578798,
      0.0017333778780012558,
      0.01331849122883143,
      0.01855064029174648,
      0.0,
      0.0073090286295650385,
      0.004646101626014054,
      0.007845452311177115,
      0.020543574707895106,
      0.008284476187044124,
      0.0,
      0.011357332647439527,
      0.002568022027074087,
      0.0,
      0.0,
      0.01232007241661976,
      0.0,
      0.0023555530405743293,
      0.014326973331220974,
      0.005698740018806042,
      0.0,
      0.0,
      0.0021192892135451402,
      0.008765958298856695,
      0.0016652316346271656,
      0.007596785290172644,
      0.0,
      0.0,
      0.0,
      0.005417904244908954,
      0.0,
      0.002676422105312482,
      0.0,
      0.006882884182244409,
      0.012342124489694609,
      0.0,
      0.008808611070145004,
      0.0,
      0.0,
      0.0015537224299864052,
      0.0,
      0.0,
      0.011015329185046227,
      0.0070955970427314455,
      0.0,
      0.00023859470512637863,
      0.012893234403325078,
      0.0,
      0.0,
      0.0,
      0.014889532995966188,
      0.0,
      0.0,
      0.0,
      0.004379365051079486,
      0.011874559679574745,
      0.0,
      0.014205284908869065,
      0.0,
      0.0,
      0.002722675986638083,
      0.0,
      0.0,
      0.0,
      0.00400951573816424,
      0.0,
      0.0015799524078070853,
      0.0020346869445246113,
      0.004229150240312699,
      0.0,
      0.016099680098672874,
      0.0,
      0.011835545857529512,
      0.0,
      0.007409391115649089,
      0.0,
      0.006263396169198512,
      0.00819508545119365,
      0.0029184046038476788,
      0.01042550043828557,
      0.0,
      0.001775580088221573,
      0.011029006111061692,
      0.003832550206183208,
      0.0,
      0.009194270458845629,
      0.007271961913095144,
      0.007022586783695009,
      0.002165599290111479,
      0.0,
      0.0,
      0.005080430724750597,
      0.0,
      0.0,
      0.00327972523335425,
      0.006391739864411627,
      0.0,
      0.0,
      0.007767970618229727,
      0.0,
      0.0,
      0.0,
      0.0,
      0.001820843395233036,
      0.003483298256041885,
      0.012478634333193177,
      0.0,
      0.0,
      0.0,
      0.01216021908482282,
      0.0,
      0.0,
      0.0
    ],
    "low_data": false
  },
  "250000": {
    "median": 0.0005513298740258542,
    "p90": 0.01226284128359091,
    "p10": 0.0,