{
  "100000": {
    "median": 0.00036395859898208724,
    "p90": 0.009696055734145006,
    "p10": 0.0,
    "sample": [
      0.0001320430947567181,
      8.984514970623109e-05,
      0.0,
      0.0,
      0.0,
      0.0013530484611489041,
      0.007429612688665814,
      0.008408636002498948,
      0.0,
      0.0020374621582817777,
      0.023643549188134647,
      0.0,
      0.0,
      0.0,
      0.0,
      0.0,
      0.004178851701818764,
      0.0,
      0.0,
      0.01598014296344535,
      0.006992857873795826,
      0.0,
      0.0,
      0.0,
      0.0,
      0.0,
      0.0,
      0.003167774782059154,
      0.0,
      0.0,
      0.0,
      0.0,
      0.015618903806880089,
      0.0003495629515411549,
      0.0,
      0.007761248917728612,
      0.0,
      0.0008663993779604202,
      0.003360758121944917,
      0.0006772029086574236,
      0.0,
      0.0,
      0.0,
      0.0,
      0.004012608700076422,
      0.0,
      0.0,
      0.0,
      0.0,
      0.0,
      0.0015582299749121995,
      0.01323054298768005,
      0.0,
      0.0,
      0.0,
      0.0,
      0.0,
      0.0037532884485591504,
      0.0,
      0.002447087072246009,
      0.0,
      0.006795771982554572,
      0.0,
      0.011541466912228373,
      0.0021673098519235903,
      0.003836233757192102,
      0.00265761927303297,
      0.002339735159937455,
      0.0,
      0.0,
      0.0,
      0.0,
      0.015932061043659688,
      0.01834664420359336,
      0.010941631609045455,
      0.0014887715798906727,
      0.0,
      0.004588909679527364,
      0.007858630620871509,
      0.007664230098996725,
      0.013439631068271223,
      0.011641941674715712,
      0.0,
      0.0,
      0.01815690989718142,
      0.0,
      0.0,
      0.0,
      0.0,
      0.0033781664681574934,
      0.0,
      0.004484806621309209,
      8.377001643461205e-05,
      0.012049345936841963,
      0.00942149028042768,
      0.0,
      0.0,
      0.0,
      0.0,
      0.015959132443475077,
      0.007568412013002356,
      0.0001944044307118411,
      0.0,
      0.0,
      0.004640217240313079,
      0.0,
      0.009461665372996392,
      0.0,
      0.007601269269659309,
      0.004549622121155989,
      0.0,
      0.0070630563629768255,
      0.010123482575364069,
      0.008211515881744997,
      0.0015768758619697605,
      0.0,
      0.007629552197898944,
      0.0,
      0.001483756889747649,
      0.004826705021073117,
      0.0,
      0.003080869348538723,
      0.009021709108707796,
      0.0,
      0.0024537313996032288,
      0.009645884736744093,
      0.00298857320205488,
      0.0046931317925016725,
      0.0010407556817002266,
      0.0,
      0.005512934518027982,
      0.0003783542464230196,
      0.0015951406532341717,
      0.007956873801199539,
      0.0,
      0.008526637931113853,
      0.004809178700200969,
      0.009198451483439729,
      0.0,
      0.001899492457193837,
      0.0,
      0.004331285139932004,
      0.0,
      0.01264252749986557,
      0.000877828864452098,
      0.016582869549442325,
      0.0,
      0.0,
      0.0,
      0.0005218393014944171,
      0.00894367239639748,
      0.0,
      0.0,
      0.0,
      0.0,
      0.007795725744499112,
      0.0010371860166545894,
      0.0,
      0.002380040615307024,
      0.011552671403749269,
      0.0,
      0.0,
      0.0,
      0.0,
      0.0,
      0.004007244663775455,
      0.0,
      0.0,
      0.0,
      0.008648941088658449,
      0.009648563862898446,
      0.0,
      0.004168515918494598,
      0.003959418375798079,
      0.0006737472532102396,
      0.0,
      8.346209951523445e-05,
      0.008121674143378608,
      0.004665204865995693,
      0.0,
      0.005056768410501304,
      0.0,
      0.005064867433525847,
      0.001905907608337149,
      0.006218024245780073,
      0.0008643110034038688,
      0.01250138146487684,
      0.0,
      0.0,
      0.010718290498791683,
      0.0034301400251098724,
      0.010875543070800209,
      0.0014181728943739353,
      0.003139140319388887,
      0.008085010514623892,
      0.005313748235318461,
      0.0,
      0.0,
      0.009211280624836834,
      0.0017536746477126762
    ],
    "low_data": false
  },
  "250000": {
    "median": 0.0004914078073820705,
    "p90": 0.009961824906863908,
    "p10": 0.0,