{
  "100000": {
    "median": 0.0,
    "p90": 0.010238308178422306,
    "p10": 0.0,
    "sample": [
      9.86545506473435e-05,
      8.719117069315544e-05,
      0.0,
      0.0011351788909136568,
      0.0,
      0.0032021659138492045,
      0.0018331382421665594,
      0.009496427710169546,
      0.0,
      0.007450126852433959,
      0.0,
      0.015822712895279603,
      0.0,
      0.0,
      0.0024136309335026805,
      0.007974840671652555,
      0.014288533839690212,
      0.0,
      0.005225119638195831,
      0.0,
      0.0,
      0.008468625652653055,
      0.0,
      0.0,
      0.0,
      0.0,
      0.008281188058058673,
      0.0,
      0.0,
      0.0,
      0.010741753557113399,
      0.0,
      0.00686947597740589,
      0.004055447822946531,
      0.0,
      0.0,
      0.0,
      0.005913758587143041,
      0.0012533582619414022,
      0.007126797489310307,
      0.0,
      0.003899741673228398,
      0.005040813101482172,
      0.0,
      0.0,
      0.0,
      0.0,
      0.0,
      0.0,
      0.0,
      0.0,
      0.0,
      0.0,
      0.0,
      0.0,
      0.008343108747313492,
      0.0,
      0.0157792036121154,
      0.01001822591743393,
      0.011857705363481817,
      0.0,
      0.0,
      0.0,
      0.0038402745819383936,
      0.0,
      0.0,
      0.0,
      0.0,
      0.0,
      0.004130723156302708,
      0.0,
      0.0,
      0.005042599754490607,
      0.0,
      0.0,
      0.00025230996411695683,
      0.0,
      0.0,
      0.018925974758521126,
      0.0,
      0.00928340490929091,
      0.0,
      0.012562509452072598,
      0.0,
      0.0,
      0.00651372309187027,
      0.0032111078772889853,
      0.0,
      0.00358106950768772,
      0.008327712813963752,
      0.0,
      0.0,
      0.0023985119063976547,
      0.0,
      0.0,
      0.0,
      0.00787383232867694,
      0.006600608457474145,
      0.013928596766502373,
      0.0,
      0.009994584983620292,
      0.011321203312142212,
      0.010182369803012188,
      0.005552990827612318,
      0.0,
      0.0,
      0.001824652947927521,
      0.0,
      0.0,
      0.011833399457171486,
      0.006431409889049304,
      0.00922430335327838,
      0.004325617032360742,
      0.004303187401143084,
      0.01297738655158016,
      0.0,
      0.013828493870091132,
      0.0,
      0.004976431196106859,
      0.0035508431998332204,
      0.004038497804160071,
      0.005404881609755448,
      0.01723257734069692,
      0.0,
      0.005130445474381294,
      0.004621173341614502,
      0.0012645790315466002,
      0.0,
      0.0005565399368699941,
      0.007422310318767538,
      0.0,
      0.0,
      0.0006873911088323828,
      0.003641313921513633,
      0.0,
      0.0011038848359096675,
      0.0,
      0.000593336092209778,
      0.004800583241712372,
      0.0,
      0.0022635907406416593,
      0.0059080892867705995,
      0.006643590472053099,
      0.005548270513000686,
      0.0,
      0.0,
      0.012876848293977646,
      0.007729266267303885,
      0.0,
      0.011338857769298575,
      0.008837874437184779,
      0.00802238780840943,
      0.0,
      0.0,
      0.014789693655696507,
      0.0048271641836975234,
      0.009403812599657137,
      0.0,
      0.018522871711674122,
      0.0,
      0.0,
      0.01337480502112238,
      0.010990593454749772,
      0.01607430968490648,
      0.0,
      0.009506034383949393,
      0.0062188607261212565,
      0.0,
      0.0,
      0.00035764295519104966,
      0.0,
      0.0,
      0.0,
      0.009268479080264373,
      0.0,
      0.0,
      0.0,
      0.006694428552214564,
      0.0016358645488359896,
      0.0,
      0.009807762108564173,
      0.0,
      0.0,
      0.0,
      0.0,
      0.009945856713725438,
      0.0052207667067365815,
      0.0,
      0.0,
      0.005827326073120582,
      0.0,
      0.00411922674638623,
      0.0,
      0.0009587393731428543,
      0.0,
      0.0,
      0.0006665980617788201,
      0.0008951802638972232,
      0.0,
      0.0
    ],
    "low_data": false
  },
  "250000": {
    "median": 5.235971464383115e-05,
    "p90": 0.010398583712626912,
    "p10": 0.0,