{
  "100000": {
    "median": 0.0,
    "p90": 0.00892478137784971,
    "p10": 0.0,
    "sample": [
      8.715020603844429e-05,
      0.00014470642103078397,
      0.0,
      0.0,
      0.00033003635495115844,
      0.0,
      0.0,
      0.000247590112522857,
      0.005393758833020612,
      0.0,
      0.0,
      0.0,
      0.0,
      0.0,
      0.008848146277223039,
      0.014880736077215984,
      0.0041709772421226875,
      0.0,
      0.0,
      0.0,
      0.0027251816107466127,
      0.0,
      0.006721343050488598,
      4.075102297134679e-05,
      0.002875185510623152,
      0.0,
      0.02125318874444566,
      0.0007230770021169041,
      0.0,
      0.0,
      0.010082934999412528,
      0.01567865938559175,
      0.0,
      0.0,
      0.0,
      0.0,
      0.0,
      0.013093864777238368,
      0.0,
      0.0012413295120646305,
      0.005474828384863465,
      0.0,
      0.009652025142728506,
      0.0,
      0.003644458268161799,
      0.0033173583615797335,
      0.007029450468896002,
      0.006559425081653437,
      0.0,
      0.0,
      0.008262115510591106,
      0.0,
      0.0,
      0.0,
      0.009086160671031967,
      0.0013207624093602756,
      0.020137205350235467,
      0.0,
      0.0,
      0.012008011205608822,
      0.006715479640728926,
      0.0,
      0.005266079426131692,
      0.007132118364424826,
      0.006348657599973398,
      0.004415572051015992,
      0.004655146927485829,
      0.014191235182249665,
      0.005278488352464162,
      0.0,
      0.0,
      0.0010146994686930707,
      0.0,
      0.029464291297037194,
      0.005945592345652737,
      0.005814776309747539,
      0.0,
      0.0,
      0.0,
      0.008600904479601936,
      0.005163655989800972,
      0.006414658152876008,
      0.0,
      0.0,
      0.0,
      0.008123872541489666,
      0.02396654596962289,
      0.0,
      0.0,
      0.0029525848898753894,
      0.0,
      0.0,
      0.0,
      0.00032748144432864085,
      0.0,
      0.0,
      0.0053960349305683915,
      0.0,
      0.007314482996868235,
      0.008773456074590024,
      0.002647226575295802,
      0.006569946166767605,
      0.005991502811857378,
      0.0046384478639163364,
      0.0,
      0.0011663343760441778,
      0.007649651385037232,
      0.0,
      0.0,
      0.00942765127780354,
      0.008906850345273904,
      0.004492499045034961,
      0.0,
      0.0,
      0.0,
      0.0,
      0.0,
      0.0,
      0.0,
      0.0,
      0.0,
      0.01017196209976117,
      0.001194757808016294,
      0.0,
      0.0021792561842122,
      0.0,
      0.0057094323910933205,
      0.0,
      0.0,
      0.0,
      0.0,
      0.007507292799689237,
      0.0011861427733949863,
      0.0063797193996951405,
      0.0,
      0.006618773460365013,
      0.0,
      0.0,
      0.01621636856167499,
      0.005386337220962917,
      0.007887144693489874,
      0.0,
      0.0,
      0.0,
      0.002449436242255274,
      0.0,
      0.0,
      0.0,
      0.0,
      0.0,
      0.0025579539917523057,
      0.0,
      0.0,
      0.0020344365166870717,
      0.0,
      0.010321632430546554,
      0.0,
      0.00820543358946102,
      0.0,
      0.013426072008809546,
      0.0,
      0.0,
      0.0,
      0.001871147527849862,
      0.0,
      0.006819844236428785,
      0.0,
      0.008557044951047043,
      0.0,
      0.0,
      0.0040496491219138685,
      0.0064083045715312556,
      0.0,
      0.008581331808853504,
      0.006364811369638522,
      0.006593679145533176,
      0.0,
      0.0,
      0.0,
      0.003082746759028869,
      0.00030353014710430984,
      0.0,
      0.0,
      0.003241705473271674,
      0.007469352816795325,
      0.0,
      0.00818249644975044,
      0.0,
      0.003552004991551779,
      0.0022175570132834874,
      0.0,
      0.009100756436295706,
      0.016622769201192777,
      0.00910731440854129,
      0.0,
      0.0,
      0.0,
      0.0042847633699355766,
      0.0,
      0.0052698081661727994
    ],
    "low_data": false
  },
  "250000": {
    "median": 0.0,
    "p90": 0.009073111935717318,
    "p10": 0.0,