{
  "100000": {
    "median": 0.0,
    "p90": 0.010163019203525725,
    "p10": 0.0,
    "sample": [
      0.00014815671170047482,
      0.000134712473586036,
      0.0,
      0.0,
      0.0,
      0.006692260585194259,
      0.0,
      0.0,
      0.0061368470460055995,
      0.0,
      0.0,
      0.009193683739333108,
      0.0006448506361441391,
      0.0,
      0.0035689163901003245,
      0.0,
      0.0,
      0.0,
      0.0,
      0.0,
      0.0031717645483922,
      0.0,
      0.009576548193749786,
      0.0,
      0.01277083419771305,
      0.009189121232105702,
      0.0,
      0.0,
      0.0,
      0.0,
      0.0,
      0.0,
      0.0,
      0.004230821300776624,
      0.01984652994243109,
      0.0,
      0.0,
      0.0030314364702971625,
      0.0,
      0.0,
      0.0,
      0.0,
      0.0,
      0.0,
      0.016410973172308264,
      0.00588725833606437,
      0.008308269243301159,
      0.00015396244365501873,
      0.0039880741479213855,
      0.0,
      0.0017262579247586556,
      0.0,
      0.0,
      0.0,
      0.006441735660942113,
      0.0005449456936406307,
      0.008728585447487095,
      0.002536404399760893,
      0.01476308010693552,
      0.002919173605240618,
      0.0,
      0.014154425582488923,
      0.0,
      0.004344365411758357,
      0.0,
      0.0,
      0.002323441480332892,
      0.007860823403207408,
      0.0,
      0.00289159339761163,
      0.0,
      0.009861701145762304,
      0.0,
      0.0028217769856540213,
      0.006116750627446355,
      0.0,
      0.0,
      0.0,
      0.003406340682028442,
      0.0,
      0.013276661416251176,
      0.0,
      0.0,
      0.0,
      0.0,
      0.004837833714999599,
      0.0,
      0.0,
      0.008745373983589202,
      0.0,
      0.0,
      0.0,
      0.0,
      0.005973498318680267,
      0.0,
      0.010936097639892364,
      0.0,
      0.0,
      0.008178945465029187,
      0.004700382363274894,
      0.0,
      0.0007614415404329175,
      0.0,
      0.0,
      0.0,
      0.0,
      0.007315843113957347,
      0.018325375606123934,
      0.0,
      0.0,
      0.00018867958958894134,
      0.0,
      0.0,
      0.0064111039248167506,
      0.0,
      0.00460085272961274,
      0.0,
      0.0,
      0.0,
      0.0,
      0.0031579565095696664,
      0.0,
      0.014602311129641542,
      0.008885539839881452,
      0.004836920733467746,
      0.0,
      0.01103632217993578,
      0.00682756353096699,
      0.007399419027753163,
      0.0,
      0.0,
      0.009242818481313484,
      0.004304964820783317,
      0.004028442412027988,
      0.00591421373776916,
      0.0,
      0.0,
      0.0,
      0.0,
      0.008589024530310605,
      0.0,
      0.0,
      0.0,
      0.007928017771933025,
      0.0,
      0.011209928607724386,
      0.008172900532394202,
      0.00012039424731646842,
      0.0,
      0.002929061200686493,
      0.0,
      0.010993016827876491,
      0.009832948111662198,
      0.0013731684381910196,
      0.0013073951517786904,
      0.012060418887289499,
      0.0019699787578180412,
      0.0,
      0.0,
      0.011572975717317009,
      0.007696073076563356,
      0.0,
      0.0012788332735037232,
      0.0,
      0.002769821361382162,
      0.003699444444978056,
      0.0,
      0.010077121599484993,
      0.011836981317180032,
      0.0,
      0.0,
      0.0011082944416431536,
      0.0,
      0.005479127135594156,
      0.00691603190192734,
      0.006149205228190235,
      0.017847677560582538,
      0.0,
      0.0,
      0.0032465221369195286,
      0.0,
      0.0,
      0.0018250171930431441,
      0.0,
      0.004376267894346225,
      0.0,
      0.0,
      0.0,
      0.0016359420849189083,
      0.019166691361785927,
      0.005251216083750305,
      0.00800573231780528,
      0.018117358366506506,
      0.01534101362362398,
      0.0,
      0.0068826623113710005,
      0.0,
      0.0,
      0.0014156868000993674,
      0.013740336368819118
    ],
    "low_data": false
  },
  "250000": {
    "median": 0.0,
    "p90": 0.01036794079969284,
    "p10": 0.0,
    "sample": [
      0.00033796158497103007,
      0.0003072938145424488,
      0.0,
      0.0,
      0.0,
      0.006807513900622701,
      0.0,
      0.0,
      0.006320644525692027,
      0.0,
      0.0,
      0.009321811486956847,
      0.0008180229383583245,
      0.0,
      0.0037368047988003746,
      0.0,
      0.0,
      0.0,
      0.0,
      0.0,
      0.003322096042029384,
      0.0,
      0.0098615670695417,
      0.0,
      0.012892362952944606,
      0.009347602390049297,
      0.0,
      0.0,
      0.0,
      0.0,
      0.0,
      0.0,
      0.0,
      0.004370335930446946,
      0.019956356074865317,
      0.0,
      0.0,
      0.0032847596695491604,
      0.0,
      0.0,
      5.6147656912819486e-05,
      0.0,
      0.0,
      0.0,
      0.016675218655008622,
      0.006032305327290999,
      0.008569638632033527,
      0.0003196701698694891,
      0.004282946154418521,
      0.0,
      0.001988910105007104,
      0.0,
      0.0,
      0.0,
      0.006630031469819761,
      0.0007385515561749087,
      0.00888602663994202,
      0.002798380264899261,
      0.014874098715020326,
      0.003039571908660671,
      0.0,
      0.014270158376623768,
      0.0,
      0.00450000170426679,
      0.0,
      0.0,
      0.002447322745238819,
      0.008117913827399254,
      0.0,
      0.003109913583129132,
      0.0,
      0.009972322829092176,
      0.0,
      0.002951607332287,
      0.006296078459851304,
      0.0,
      0.0,
      0.0,
      0.0035555403809161114,
      0.0,
      0.013530057374128743,
      4.1839823252944064e-05,
      0.0,
      0.0,
      0.0,
      0.005012307225071768,
      0.0,
      0.0,
      0.008855765515803441,
      0.0,
      0.0,
      0.0,
      0.0,
      0.006162430037135294,
      0.0,
      0.011046068339905455,
      0.0,
      0.0,
      0.008356003841288977,
      0.004905093112019096,
      0.0,
      0.0008849451819058586,
      0.0,
      0.0,
      0.0,
      0.0,
      0.007496651261538468,
      0.01854925782516698,
      0.0,
      0.0,
      0.000354685686708566,
      0.0,
      0.0,
      0.006609683301220204,
      0.0,
      0.004760020868893225,
      0.0,
      0.0,
      0.0,
      0.0,
      0.0032611666261056953,
      0.0,
      0.014706366098646522,
      0.009022147182896924,
      0.005021016348788873,
      0.0,
      0.011169784358392986,
      0.006951022360658946,
      0.00760268049691999,
      0.0,
      0.0,
      0.009364813459210695,
      0.004431896791385754,
      0.004154867661540031,
      0.006044116384956168,
      0.0,
      0.0,
      0.0,
      0.0,
      0.008701527365778092,
      0.0,
      0.00015355415383818088,
      0.0,
      0.008158247251011096,
      0.0,
      0.01139222316233811,
      0.008272162424382157,
      0.0003058062521556203,
      0.0,
      0.0031200372066856174,
      0.0,
      0.011122970106669107,
      0.009983973631474267,
      0.0016324686924744402,
      0.0014565628782709154,
      0.01222130055646738,
      0.00208994911357572,
      0.0,
      0.0,
      0.011680588089523549,
      0.007848731835919826,
      0.0,
      0.0013941282237808184,
      0.0,
      0.0029228891317332603,
      0.0038170577062424105,
      0.0,
      0.010292593295224776,
      0.012077870799354561,
      0.0,
      0.0,
      0.0012343153018179289,
      0.0,
      0.005645411549096074,
      0.007051917049116866,
      0.006276336162196113,
      0.018136463401150122,
      0.0,
      0.0,
      0.0033757975440860803,
      0.0,
      0.0,
      0.0019620254208084125,
      0.0,
      0.004536468498360569,
      0.0,
      0.0,
      0.0,
      0.0018060416011032704,
      0.01933009781333759,
      0.005456060205345804,
      0.008207687403422434,
      0.018262633252807338,
      0.015476072223011152,
      0.0,
      0.007119777749847042,
      0.0,
      0.0,
      0.0015605293142453756,
      0.013852448692651658
    ],
    "low_data": false
  },