{
  "100000": {
    "median": 0.0,
    "p90": 0.010895854921378501,
    "p10": 0.0,
    "sample": [
      0.00012781179484775085,
      0.00016403031006229242,
      0.0,
      0.0,
      0.006044144347642683,
      0.0020019600433374652,
      0.0,
      0.0009121286411471404,
      0.0,
      0.004697772884493115,
      0.0,
      0.0,
      0.0,
      0.0016687337649084252,
      0.0,
      0.0,
      0.0,
      0.0,
      0.0,
      0.0037861138344868093,
      0.011530599361853282,
      0.013967474238742264,
      0.0027911206757627663,
      0.008704759892390938,
      0.02416388682919662,
      0.0,
      0.0029649585204133545,
      0.011131084587342039,
      0.0,
      0.008456459436922827,
      0.0,
      0.0013434460991810283,
      0.0027491727706466696,
      0.0,
      0.005237101625446809,
      0.0,
      0.0005189032169419553,
      0.0023578385390844014,
      0.0,
      0.0052220429358690165,
      0.0,
      0.0,
      0.0011002412272356342,
      0.0,
      0.0,
      0.01565513054098937,
      0.004147277157570014,
      0.0,
      0.0018485455477289547,
      0.008809851413932963,
      0.0,
      0.0,
      0.0,
      0.00536390966335998,
      0.0,
      0.008466158498322579,
      0.01616055200591507,
      0.0,
      0.0,
      0.0,
      0.0018874854589884043,
      0.0,
      0.0,
      0.01418293129742853,
      0.007342095424278128,
      0.01473038467253447,
      0.009516617578275662,
      0.0,
      0.006774091207092303,
      0.0,
      0.012517031040970095,
      0.0,
      0.0,
      0.0035641983905711047,
      0.0077173837950967735,
      0.0,
      0.004493209331059905,
      0.006099494930029753,
      0.008123752334565798,
      0.003210401107223372,
      0.013413564060099933,
      0.0,
      0.0,
      0.005800601431738044,
      0.0,
      0.005698534339253367,
      0.0017383018873037336,
      0.0,
      0.02107358082544468,
      0.004443027910944336,
      0.01591144293598068,
      0.0,
      0.0,
      0.015005865750814007,
      0.01580263398634164,
      0.0,
      0.0,
      0.0,
      0.0,
      0.0,
      0.0,
      0.0,
      0.0,
      0.0,
      0.0002886007101559017,
      0.0,
      0.014488368481899645,
      0.005887111656580419,
      0.0,
      0.01486465835404323,
      0.0,
      0.0,
      0.0,
      0.006184610901911139,
      0.0,
      0.0,
      0.0,
      0.00230338621037811,
      0.0009287318222297759,
      0.0,
      0.0,
      0.0,
      0.009900748259922692,
      0.0046922668477811045,
      0.0,
      0.0,
      0.00555673874431932,
      0.0,
      0.010869718291826999,
      0.0,
      0.01801609899444765,
      0.03156175006575615,
      0.0037764859298591424,
      0.0,
      0.0028139439570848746,
      0.0,
      0.01245322412082291,
      0.0,
      0.0023583625946439124,
      0.0,
      0.0017726228156440867,
      0.0,
      0.006934500422178878,
      0.0050509750146928555,
      0.0037288698173533743,
      0.0,
      0.0,
      0.0,
      0.0,
      0.002220761016888076,
      0.0,
      0.00477973274764198,
      0.01227697590932469,
      0.0,
      0.0,
      0.0,
      0.0,
      0.0,
      0.0,
      0.0,
      0.0051665104195898065,
      0.0,
      0.0,
      0.006804336634099893,
      0.0,
      0.0,
      0.005048474039453193,
      0.0,
      0.0,
      0.004273032822572931,
      0.0,
      0.0008041041250580401,
      0.0,
      0.0005059059199844674,
      0.006449043931111975,
      0.0009887813131915918,
      0.0,
      0.0,
      0.0,
      0.00808168388978924,
      0.0,
      0.0,
      0.00745139219226202,
      0.0007101951609366752,
      0.0,
      0.0,
      0.006592473205944904,
      0.0006519490840211929,
      0.006401054891632912,
      0.0,
      0.0,
      0.0030044335100975856,
      0.008215168658379304,
      0.0,
      0.004041464014530941,
      0.0,
      0.0,
      0.0,
      0.006035296405333524,
      0.0
    ],
    "low_data": false
  },
  "250000": {
    "median": 0.0,
    "p90": 0.01101848958734987,
    "p10": 0.0,
    "sample": [
      0.0002915526152609635,
      0.0003741709905388255,
      0.0,
      0.0,
      0.006215520894633401,
      0.002118239726343315,
      0.0,
      0.0010393682792999791,
      0.0,
      0.0048161593261565536,
      0.0,
      0.0,
      0.0,
      0.0017905981760392576,
      0.0,
      0.0001691171210573236,
      0.0,
      0.0,
      0.0,
      0.00398969067314736,
      0.011674177366693692,
      0.014124736219199201,
      0.002910980937939877,
      0.00888559914242336,
      0.02432341709622394,
      0.0,
      0.003123560780018142,
      0.011259845832617828,
      0.0,
      0.008578042399867569,
      0.0,
      0.0015211924783635929,
      0.002887937222773593,
      0.0,
      0.005352338470546937,
      0.0,
      0.0007041689924421563,
      0.002508873385338421,
      0.0,
      0.005441785476450428,
      0.0,
      0.0,
      0.0013680168089681274,
      0.0,
      0.0,
      0.01582898393346278,
      0.00433609915186231,
      0.0,
      0.002019188397814978,
      0.008940230529831686,
      0.0,
      0.0,
      0.0,
      0.005497183183905712,
      0.0,
      0.00858061457963059,
      0.016434404620098875,
      0.0,
      0.0,
      0.0,
      0.0020418981582867885,
      0.0,
      0.0,
      0.014378761677762513,
      0.0074761181302035965,
      0.01486655973014804,
      0.009660386074962625,
      0.0,
      0.0070085863282473,
      0.0,
      0.01280400694503154,
      0.0,
      0.0,
      0.0038963153663718816,
      0.007880263798357722,
      0.0,
      0.004633748815294549,
      0.006382921730323556,
      0.008296604475186434,
      0.003434627857873883,
      0.013565624850826278,
      0.0,
      0.0,
      0.005962991171115434,
      0.0,
      0.0060185235596151325,
      0.0018842475362102211,
      0.0,
      0.021277840361340852,
      0.004573960843648301,
      0.016105679889379432,
      0.0,
      0.0,
      0.015164646103528188,
      0.01602756371232058,
      0.0,
      0.0,
      0.0,
      0.0,
      0.0,
      0.0,
      0.0,
      0.0,
      0.0,
      0.000427708961097265,
      0.0,
      0.014776004006160479,
      0.00604486162508731,
      0.0,
      0.015047526128863162,
      0.0,
      0.0,
      0.0,
      0.006523281509642674,
      0.0,
      0.0,
      0.0,
      0.0024423666147335723,
      0.0011072812960511201,
      0.0,
      0.0,
      0.0,
      0.010164503548707779,
      0.0048544904680504946,
      0.0,
      0.0,
      0.005711262802401423,
      0.0,
      0.010991672226764542,
      0.0,
      0.018136298526030232,
      0.03169912676847157,
      0.0039451062737808395,
      0.0,
      0.003005338085297458,
      0.0,
      0.012567276766785575,
      0.0,
      0.002522432551147656,
      0.0,
      0.001897135461385555,
      0.0,
      0.007095945487105,
      0.005198186600751055,
      0.003919694891284731,
      0.0,
      0.0,
      0.0,
      0.0,
      0.00232367476376733,
      0.0,
      0.004919104582039304,
      0.012409669528462395,
      0.0,
      0.0,
      0.0,
      0.0,
      0.0,
      0.0,
      0.0,
      0.0052658147479592654,
      0.0,
      0.0,
      0.0069734708267287625,
      0.0,
      0.0,
      0.005329017362913857,
      0.0,
      0.0,
      0.004529738466198152,
      0.0,
      0.001001317130197864,
      0.0,
      0.0006704110117686082,
      0.006591037239904568,
      0.0011528940630663757,
      0.0,
      0.0,
      0.0,
      0.008333986818579114,
      0.0,
      0.0,
      0.007713658983139244,
      0.0008211664842617293,
      0.0,
      0.0,
      0.0067305147511138195,
      0.0007851306575394393,
      0.006530095785658697,
      0.0,
      0.0,
      0.0031659860684055225,
      0.008380916442192455,
      0.0,
      0.004170206774024974,
      0.0,
      0.0,
      0.0,
      0.0062249409215487765,
      0.0
    ],
    "low_data": false
  },
  "500000": {
    "median": 0.0,
    "p90": 0.011207603819097321,
    "p10": 0.0,