{
  "100000": {
    "median": 0.0008644764210962964,
    "p90": 0.013291810250820595,
    "p10": 0.0,
    "sample": [
      0.00010896298960319411,
      0.0001370898211095683,
      0.007008297686064762,
      0.0,
      0.013762349431363348,
      0.0,
      0.0,
      0.0,
      0.006571188722312854,
      0.0,
      0.005451055559992595,
      0.0,
      0.0,
      0.01802549790712097,
      0.01953821385187026,
      0.0017469003385937138,
      0.001600776071354807,
      0.0,
      0.013239528119649182,
      0.009981285304692684,
      0.0031040737949870213,
      0.0,
      0.0,
      0.01770230950661035,
      0.004310577267406387,
      0.0,
      2.672358315240704e-05,
      0.0,
      0.016461230847492816,
      0.0,
      0.0015182775505152685,
      0.0,
      0.012093056839876803,
      0.0034480994609175954,
      0.023639503455627348,
      0.003716621350638727,
      0.0051531895312067555,
      0.0,
      0.0061760509754267105,
      0.0,
      0.0,
      0.0,
      0.0,
      0.012512845290521251,
      0.01137199937082822,
      0.002754762952800589,
      0.0,
      0.02439007182079653,
      0.01613463132447129,
      0.0,
      0.0,
      0.00696708601247573,
      0.006436972030047174,
      0.001612561076842903,
      0.0,
      0.0,
      0.0,
      0.0,
      0.0,
      0.010007414901988825,
      0.0,
      0.002393767395120302,
      0.0,
      0.0,
      0.0,
      0.0,
      0.0,
      0.004674325439480104,
      0.0,
      0.01038052333959089,
      0.004127815010099715,
      0.00825045746541751,
      0.0,
      0.012801933232576921,
      0.0,
      0.005084753868755635,
      0.0,
      0.0,
      0.0,
      0.0,
      0.003203774697571476,
      0.0,
      0.0031283401283527987,
      0.001656093278458223,
      0.0,
      0.0,
      0.004728427397422413,
      0.0,
      0.0,
      0.0004690218041438654,
      0.0,
      0.0,
      0.005761120406673508,
      0.00750543442404648,
      0.004001680605729211,
      0.0,
      0.0025724195628545558,
      0.0,
      0.0,
      0.0006641083563192356,
      0.0,
      0.0,
      0.00653828691555652,
      0.011608134121013792,
      0.0,
      0.006147314524361524,
      0.015054486873511883,
      0.005656313649159734,
      0.007392194780534663,
      0.007618515725267677,
      0.011276793283893987,
      0.0,
      0.016907733970760022,
      0.005593116498922997,
      0.0026611167390945675,
      0.01194220319704121,
      0.005125522795462509,
      0.0,
      0.0,
      0.007374330536354921,
      0.0,
      0.008765278263811557,
      0.005958866649068618,
      0.0,
      0.004821013114055068,
      0.005265841803637053,
      0.0,
      0.019110429081815282,
      0.008648935302850248,
      0.020818689407767786,
      0.004647714924579061,
      0.0,
      0.0,
      0.0,
      0.015054272958006352,
      0.0,
      0.009125650157493342,
      0.0036129037975085676,
      0.0,
      0.013217255846441163,
      0.006749243830227101,
      0.0,
      0.0,
      0.0,
      0.0,
      0.004389869793149933,
      0.0,
      0.0,
      0.0,
      0.005438187425169146,
      0.015784420717490668,
      0.021502779376183535,
      0.008739698386974288,
      0.0,
      0.006513204926557929,
      0.0,
      0.006211879432206833,
      0.008272065510954718,
      0.00010370631871168181,
      0.0,
      0.0,
      0.014340919434406692,
      0.0,
      0.0,
      0.0,
      0.00452596242883246,
      0.0,
      0.0,
      0.012658924807775699,
      0.021911584987969756,
      0.015176336319766974,
      0.0,
      0.009045802014830687,
      0.008077372555000123,
      0.02665931419046656,
      0.0,
      0.0,
      0.0,
      0.0,
      0.0,
      0.0,
      0.003998296661310205,
      0.0004517703365540461,
      0.0,
      0.0,
      0.007381954507682254,
      0.008397707405022874,
      0.0,
      0.001064844485873357,
      0.003823001426315559,
      0.008650499347622234,
      0.0,
      0.005933404108071317,
      0.0,
      0.019352793017769796,
      0.005048743475501925,
      0.0,
      0.006878354669501436,
      0.004526802399398078,
      0.0027454869088464973
    ],
    "low_data": false
  },
  "250000": {
    "median": 0.001004888439331577,
    "p90": 0.013544041435631045,
    "p10": 0.0,