{
  "100000": {
    "median": 0.0,
    "p90": 0.010101300752613982,
    "p10": 0.0,
    "sample": [
      0.0001399678426970792,
      9.061459653034689e-05,
      0.009302094648902928,
      0.0,
      0.01728874852162848,
      0.009095109287908354,
      0.0,
      0.0,
      0.00815376205104759,
      0.0,
      0.0,
      0.0,
      0.0,
      0.002004150896757094,
      0.0,
      0.0067625692004601055,
      0.0013145348986402718,
      0.006318625231355293,
      0.0,
      0.00731498847791565,
      0.006541765644550968,
      0.0,
      0.002612521452914701,
      0.0,
      0.0,
      0.0,
      0.005630529228601636,
      0.002244155844949214,
      0.0,
      0.003348044409137879,
      0.0020521896965152663,
      0.0,
      0.0,
      0.0,
      0.010286092699072385,
      0.01029973738804741,
      0.0009169326248400123,
      0.007303850208986326,
      0.0,
      0.0,
      0.0034600672944617513,
      0.0,
      0.0,
      0.0,
      0.0,
      0.0,
      0.0,
      0.011883891690371604,
      0.0,
      0.0,
      0.00424734892834016,
      0.0,
      0.0,
      0.0,
      0.0,
      0.0,
      0.0,
      0.0,
      0.0,
      0.0,
      0.0019577777930523867,
      0.008137575218529168,
      0.0,
      0.00651923322142422,
      0.0,
      0.0017660655191564215,
      0.004894385240062012,
      0.0,
      0.008887180314588185,
      0.0038177720839462125,
      0.008423907488790523,
      0.0,
      0.0,
      0.0053636555859912895,
      0.0,
      0.0,
      0.0,
      0.0,
      0.0012757238351685553,
      0.0,
      0.005066214989967468,
      0.016936460784551386,
      0.0,
      0.0,
      0.0031027067589668865,
      0.0,
      0.0,
      0.010810921150930602,
      0.0,
      0.019866879753743037,
      0.0,
      0.007606055319454848,
      0.0,
      0.0,
      0.015425959092307097,
      0.002637844806184382,
      0.0,
      0.0015432173415849356,
      0.0033197740611739437,
      0.003106118457381579,
      0.0037388500136368175,
      0.010267847952969906,
      0.0025866889364268178,
      0.007295843952432779,
      0.0104062025525032,
      0.0,
      0.010076309435560643,
      0.0,
      0.0,
      0.0,
      0.0,
      0.0,
      0.0,
      0.0,
      0.012883321552896376,
      0.0,
      0.0,
      0.0006108270687570456,
      0.0018154422494690839,
      0.004435412487300578,
      0.01329249987428527,
      0.0,
      0.007512454948693127,
      0.01179741819380303,
      0.0022875484382856148,
      0.0015731883974328459,
      0.011102186685428839,
      0.006975008733673159,
      0.0,
      0.0,
      0.0,
      0.011749164471522276,
      0.006034820475674957,
      0.0,
      0.004837679938075658,
      0.005709034491555708,
      0.003618428649262139,
      0.01410832541871355,
      0.0,
      0.010538795826214425,
      0.0009891953501727966,
      0.006883097946395087,
      0.020865129467265014,
      0.00041395421465254705,
      0.002441389881701879,
      0.0,
      0.0,
      0.0,
      0.0,
      0.0,
      0.0,
      0.0,
      0.00818290003945454,
      0.001854819707525244,
      0.006934829104721729,
      0.0,
      0.0034783198471278424,
      0.0,
      0.0004250767100791894,
      0.0,
      0.0,
      0.0003697699038617203,
      0.00758461426331685,
      0.004942726737532526,
      0.0,
      0.0013035852208660278,
      0.002166643907924792,
      0.0,
      0.0,
      0.0,
      0.0,
      0.0007725910620414365,
      0.0,
      0.0,
      0.0,
      0.0,
      0.011409510867486835,
      0.0,
      0.0,
      0.0,
      0.0,
      0.0,
      0.0027207938803033792,
      0.0,
      0.00328908988372438,
      0.0008923592507944196,
      0.0072647552739527966,
      0.0,
      0.0,
      0.00962443953909441,
      0.019238243263431695,
      0.010082795508129992,
      0.0,
      0.004158118257872054,
      0.0,
      0.0045155616268772,
      0.0022789240019717226,
      0.0,
      0.0,
      0.001335688332542444
    ],
    "low_data": false
  },
  "250000": {
    "median": 0.0,
    "p90": 0.010320439156762149,
    "p10": 0.0,
    "sample": [
      0.0003192818834864105,
      0.0002067017573042443,
      0.009455646754321088,
      0.0,
      0.01740363859564624,
      0.009200398881265184,
      0.0,
      0.0,
      0.008350907964034043,
      0.0,
      0.0,
      0.0,
      0.0,
      0.0021060442636166516,
      0.0,
      0.00692308898558598,
      0.0014814390677654477,
      0.006546212514988487,
      0.0,
      0.007430503626229181,
      0.006686080895245499,
      0.0,
      0.002803084327464016,
      0.0,
      0.0,
      0.0,
      0.005771174452985384,
      0.0024138244766358247,
      0.0,
      0.003549308414536081,
      0.0022308568245301115,
      0.0,
      0.0,
      0.0,
      0.010404379167699434,
      0.010583799195431254,
      0.0010755258395415846,
      0.007443465763404661,
      0.0,
      0.0,
      0.0035778418609390093,
      0.0,
      0.0,
      0.0,
      0.0,
      0.0,
      0.0,
      0.012085767642997337,
      0.0,
      0.0,
      0.004438250485208453,
      0.0,
      0.0,
      0.0,
      0.0,
      0.0,
      0.0,
      0.0,
      0.0,
      0.0,
      0.002065369435800772,
      0.008390287563769385,
      0.0,
      0.006632242445541313,
      4.555580565475598e-05,
      0.0020124723185822938,
      0.005032039150980995,
      0.0,
      0.009017547380650763,
      0.003983504995016796,
      0.008604950376786848,
      0.0,
      0.0,
      0.005549799503142191,
      0.0,
      0.0,
      0.0,
      0.0,
      0.0015263752553273493,
      0.0,
      0.005166848458790428,
      0.017041413467965255,
      0.0,
      0.0,
      0.00322212557933343,
      0.0,
      0.0,
      0.010984623685367923,
      0.0,
      0.019987451552911754,
      0.0,
      0.007725628347410077,
      0.0,
      0.0,
      0.015640192018337287,
      0.002774976104946605,
      0.0,
      0.0016865243494286382,
      0.0035824897990663295,
      0.0033235189351617815,
      0.0038542691450374287,
      0.010401607709071265,
      0.002700457718145784,
      0.007408007659675499,
      0.010530403807360299,
      0.0,
      0.010311420428727803,
      0.0,
      0.0,
      0.0,
      0.0,
      0.0,
      0.0,
      0.0,
      0.013016681385115768,
      0.0,
      0.0,
      0.0008243634399428251,
      0.0019440366705518292,
      0.0045528413629559,
      0.013423009429885611,
      0.0,
      0.007627297208324147,
      0.011950416331859523,
      0.0025790580210656427,
      0.001771395849756888,
      0.011334673339742992,
      0.007107924492025778,
      0.0,
      0.0,
      0.0,
      0.012034925573750117,
      0.006193602933962292,
      0.0,
      0.005073891565507406,
      0.005833062193428626,
      0.003789741529690012,
      0.01424096036253317,
      0.0,
      0.010662869172894671,
      0.001110510417536299,
      0.007006744626106791,
      0.020985692232079647,
      0.0005501800175276774,
      0.002549294640739704,
      0.0,
      0.0,
      0.0,
      0.0,
      0.0,
      0.0,
      0.0,
      0.00831509935451603,
      0.001985886915136206,
      0.007127665625527099,
      0.0,
      0.003621805209601383,
      0.0,
      0.0005656261041185327,
      0.0,
      0.0,
      0.0005868816752918682,
      0.007742546371077424,
      0.005168646325935801,
      0.0,
      0.0014329202357715113,
      0.0023809908149171367,
      0.0,
      0.0,
      0.0,
      0.0,
      0.0009694422436989253,
      0.0,
      0.0,
      0.0,
      0.0,
      0.011530622631411304,
      0.0,
      0.0,
      0.0,
      0.0,
      0.0,
      0.0028491590219576514,
      0.0,
      0.0034523658991242765,
      0.001032442194241332,
      0.007493133457270674,
      0.0,
      0.0,
      0.00980994726900016,
      0.019361463608701966,
      0.010234049959585396,
      0.0,
      0.004367548498546269,
      0.0,
      0.004670803298521991,
      0.0025156026682503045,
      0.0,
      0.0,
      0.0014982533924597936
    ],