{
  "100000": {
    "median": 9.976637835382386e-05,
    "p90": 0.012229690042094494,
    "p10": 0.0,
    "sample": [
      0.0001162191644745049,
      0.0001432746407453616,
      0.002064226761241908,
      0.0033840793462116777,
      0.006030233016588918,
      0.0004697103757606532,
      0.0,
      0.0,
      0.01067007135153162,
      0.0,
      0.011443614478928648,
      0.013657776460757541,
      0.0,
      0.0,
      0.0170250780883826,
      0.004101706977946486,
      0.0,
      0.0,
      0.0,
      0.0,
      0.005641201537499185,
      0.0,
      0.005363306085430136,
      0.0006081410629374559,
      0.0,
      0.0,
      0.0,
      0.003870720749300932,
      0.002298198093256085,
      0.013785494064303723,
      0.0,
      0.00952965990750075,
      0.0,
      0.0,
      0.01863569040847821,
      0.0,
      0.002785082854429842,
      0.0,
      0.01691787130214297,
      0.0,
      0.0,
      0.014031037264887525,
      0.0016090373634596216,
      0.0,
      0.0,
      0.0,
      0.004337058064899675,
      0.0,
      0.0,
      0.0,
      0.003979824320743352,
      0.0,
      0.006792505759573128,
      0.00216571572086569,
      0.011759498079435967,
      0.0,
      0.020247018115019978,
      0.005374272145841063,
      0.01498126598933192,
      0.0,
      0.0,
      0.0,
      0.010354303864838203,
      0.0,
      0.005380516462369634,
      0.0,
      8.331359223314282e-05,
      0.0,
      0.0,
      0.0,
      0.02026831906909683,
      0.0042000395486127525,
      0.007310824609301744,
      0.024034616431099786,
      0.0,
      0.0,
      0.012889124532965849,
      0.006635488927035876,
      0.0014542676839791719,
      0.0,
      0.0,
      0.0,
      0.005160223026853532,
      0.009915983503062288,
      0.0,
      0.0,
      0.0,
      0.0,
      0.0,
      0.011035332663641383,
      0.007982173497308972,
      0.0,
      0.007898278213153493,
      0.006664723271598097,
      0.007525588812451645,
      0.0,
      0.0,
      0.0002322108717849041,
      0.011903333623610141,
      0.002771315311931211,
      0.009708495412783607,
      0.0,
      0.0,
      0.0,
      0.0026835651833474255,
      0.007199843892838502,
      0.0,
      0.005599917149267039,
      0.0,
      0.012405851426121656,
      0.005230990064984151,
      0.0,
      0.0030226282128430226,
      0.0,
      0.006434396868069564,
      0.0,
      0.0,
      0.0,
      0.0,
      0.0,
      0.011407902070114809,
      0.0007811546504309988,
      0.020099807823673495,
      0.008132765312499167,
      0.012144890228911204,
      0.008737174283657372,
      0.021581681860314485,
      0.012210116554980367,
      0.0,
      0.00023818609935340534,
      0.0012467527144899458,
      0.0011781374233709677,
      0.0,
      0.002021100988663406,
      0.006018377510596959,
      0.012943974511309854,
      0.0,
      0.0,
      0.002247480324796412,
      0.0,
      0.0,
      0.0,
      0.0014666101559591524,
      0.015377638505813526,
      0.007443399062514224,
      0.0,
      0.0,
      0.0,
      0.0009809452315047605,
      0.00461477820033908,
      0.0,
      0.0,
      0.02213455719088806,
      0.0,
      0.008991303206256471,
      0.0,
      0.0,
      0.0,
      0.0,
      0.0,
      0.0,
      0.0,
      0.0,
      0.0,
      0.0060889951459037975,
      0.0,
      0.006083359138636606,
      0.0,
      0.0,
      0.0,
      0.006868610478794093,
      0.0016805038643395971,
      0.022428733359801986,
      0.008183791798728923,
      0.0,
      0.004350741397626947,
      0.0,
      0.0,
      0.0,
      0.0,
      0.0,
      0.002785340668438537,
      0.01350756952672541,
      0.006830006883401371,
      0.0,
      0.00033514579330470146,
      0.0077914479916408015,
      0.011667878395946712,
      0.0,
      0.0,
      0.001921451465239863,
      0.0,
      0.004134816668362541,
      0.014907906750406142,
      0.011216709043540017,
      0.006962034173492227,
      0.0,
      0.0,
      0.002640960422807677,
      0.006453703776725824
    ],
    "low_data": false
  },
  "250000": {
    "median": 0.0002890600425985763,
    "p90": 0.012413438673112231,
    "p10": 0.0,