{
  "100000": {
    "median": 0.0,
    "p90": 0.01066782420739634,
    "p10": 0.0,
    "sample": [
      0.00015067251290041742,
      0.0001402587245522708,
      0.017200499234775533,
      0.004604397227692104,
      0.0028054795792493755,
      0.0,
      0.004573810237896039,
      0.002004003107895899,
      0.0005404362704224017,
      0.0,
      0.0,
      0.010607444785311143,
      0.001241973703958805,
      0.01854614814738647,
      0.0,
      0.0,
      0.0,
      0.0033896815747944146,
      0.009953088537275506,
      0.013187667038936163,
      0.0,
      0.0,
      0.004309694186843756,
      0.0,
      0.0,
      0.016355838102756468,
      0.005643564295955019,
      0.0,
      0.00830055744714732,
      0.005883999612009141,
      0.0,
      0.0,
      0.0024882546141281056,
      0.0035104114795162238,
      0.0,
      0.008034099834985962,
      0.00024016706186621019,
      0.006709258529495622,
      0.0,
      0.005090868573426194,
      0.0,
      0.0,
      0.009799760582727822,
      0.0,
      0.0,
      0.0,
      0.0,
      0.003190492858832952,
      0.00188301790316366,
      0.0022724018673621867,
      0.0,
      0.0,
      0.0,
      0.0,
      0.0,
      0.0,
      0.004480983317794924,
      0.0,
      0.006074711898084794,
      0.0,
      0.0,
      0.0,
      0.00920369555580163,
      0.0,
      0.0,
      0.0,
      0.00034809044541538904,
      0.021728386835264808,
      0.0,
      0.0,
      0.005478347842944169,
      0.0,
      0.0012963466841014182,
      0.004330824274937551,
      0.010555821280861967,
      0.0,
      0.009097073090016238,
      0.015355162843455656,
      0.0,
      0.0,
      0.0,
      0.0,
      0.0,
      0.011759666249823601,
      0.0,
      0.0018875811471554256,
      0.01577012751495332,
      0.0,
      0.0,
      0.0,
      0.0,
      0.005846297099746136,
      0.02229583532519468,
      0.005526295198056739,
      0.0,
      0.01822904639351435,
      0.0,
      0.028870894299668284,
      0.00012343767013378058,
      0.0,
      0.0,
      0.01121123900616315,
      0.0027293946920843126,
      0.007971106720832597,
      0.004957802648821686,
      0.013256548050135016,
      0.014050240616053858,
      0.0,
      0.0,
      0.0,
      0.008003180121710009,
      0.0043898415103534,
      0.010172960491203246,
      0.0,
      0.0,
      0.0,
      0.0,
      0.0,
      0.0,
      0.008509127697268944,
      0.0,
      0.0,
      0.014857530379717513,
      0.0,
      0.000438934798117931,
      0.0,
      0.0,
      0.005298476736167965,
      0.0,
      0.0,
      0.0066512374293108785,
      0.00041579551480460644,
      0.0009524537142055427,
      0.002119941851702657,
      0.0,
      0.0,
      0.0,
      0.0014059352289915907,
      0.011218971984714261,
      0.013053010136573515,
      0.0,
      0.0,
      0.002831146918290901,
      0.0,
      0.0,
      0.0,
      0.011932843683078653,
      0.0,
      0.0,
      0.0,
      0.0,
      0.0,
      0.0,
      0.0068280148840547525,
      0.0,
      0.0,
      0.003232863182965559,
      0.005092319008355372,
      0.0021734909809633966,
      0.0029196920144983008,
      0.0,
      0.01548088654489297,
      0.0025034231039038285,
      0.002748678879321345,
      0.0,
      0.0,
      0.0,
      0.003996078926855401,
      0.006267323036422482,
      0.0,
      0.0,
      0.0,
      0.008090809737961927,
      0.0,
      0.0,
      0.0014603230247313618,
      0.003620072326791497,
      0.0019444997037195249,
      0.007145719666004538,
      0.0,
      0.008124000371859763,
      0.0,
      0.0,
      0.0,
      0.0,
      0.0,
      0.0,
      0.0,
      0.0,
      0.003215964385844517,
      0.0023896865060958404,
      0.0,
      0.013339671295002067,
      0.006792973219062291,
      0.0,
      0.0,
      0.0036978089593162123,
      0.0,
      0.0,
      0.0
    ],
    "low_data": false
  },
  "250000": {
    "median": 0.0,
    "p90": 0.01084324563677244,
    "p10": 0.0,
    "sample": [
      0.0003437004013313955,
      0.0003199454166580876,
      0.017316790395450872,
      0.004714488309060818,
      0.0029604972421297653,
      0.0,
      0.004682360243652374,
      0.0021503522722874555,
      0.0006778390084867501,
      0.0,
      0.0,
      0.010792308361879535,
      0.0013577368225754522,
      0.018724608315797465,
      0.0,
      0.0,
      9.52496212851249e-05,
      0.003658788450441586,
      0.010079767053130195,
      0.013360512222700871,
      0.0,
      0.0,
      0.004549266057744248,
      1.1058986381554115e-05,
      0.0,
      0.016587628700823278,
      0.005756510097907807,
      0.0,
      0.008496635111441013,
      0.005996668210677119,
      0.0,
      0.0,
      0.0026974354007258798,
      0.0036768650839822496,
      0.0,
      0.008164708853138296,
      0.00045024282118569275,
      0.006950963898502756,
      0.0,
      0.005244004765854748,
      0.0,
      0.0,
      0.0100101210434528,
      0.0,
      0.0,
      0.0,
      0.0,
      0.0033185004408799357,
      0.0020364119963836723,
      0.0024506842054010914,
      0.0,
      0.0,
      0.0,
      0.0,
      0.0,
      0.0,
      0.004663920592358729,
      0.0,
      0.006292007678576002,
      0.0,
      5.571768586136387e-05,
      0.0,
      0.009339762017712876,
      0.0,
      0.0,
      0.0,
      0.0004918266701629699,
      0.021854152268290537,
      0.0,
      0.0,
      0.0056893996162855585,
      0.0,
      0.001419522556722892,
      0.004447522993674796,
      0.010655468272918578,
      0.0,
      0.00923030959844233,
      0.015484022330663231,
      0.0,
      0.0,
      0.0,
      0.0,
      0.0,
      0.011997332522634767,
      0.0,
      0.0020013872237707583,
      0.015942564431874456,
      0.0,
      0.0,
      0.0,
      0.0,
      0.005971608099907432,
      0.02240218156423187,
      0.0056144986071158896,
      0.0,
      0.01834089227764,
      0.0,
      0.028984048860535374,
      0.00022830275589859437,
      0.0,
      0.0,
      0.011301681110808608,
      0.0028482069496292193,
      0.008194640900032434,
      0.005079335993285325,
      0.0133705969374438,
      0.014142920855866242,
      0.0,
      0.0,
      0.0,
      0.008102540142046595,
      0.0044905223813493135,
      0.010400373304816454,
      0.0,
      0.0,
      0.0,
      0.0,
      0.0,
      0.0,
      0.008688099486353396,
      0.0,
      0.0,
      0.014985208280892986,
      0.0,
      0.0005661840642244847,
      0.0,
      0.0,
      0.005451501136277678,
      0.0,
      0.0,
      0.006774489254180185,
      0.0005391491338870105,
      0.0010666045365433849,
      0.0022188762221463073,
      0.0,
      0.0,
      0.0,
      0.0015392848512887345,
      0.011410124386337206,
      0.013156983544848556,
      0.0,
      0.0,
      0.0029330863856584263,
      0.0,
      0.0,
      0.0,
      0.012043578389536047,
      0.0,
      0.0,
      0.0,
      0.0,
      0.0,
      0.0,
      0.006957804540951711,
      0.0,
      0.0,
      0.003367412969516201,
      0.005203249556756324,
      0.0023579408985313585,
      0.0030417111062443544,
      0.0,
      0.015737714281359724,
      0.0026326680977778304,
      0.0028877821734964552,
      0.0,
      0.0,
      0.0,
      0.0041324385520775594,
      0.006400812920103635,
      0.0,
      0.0,
      0.0,
      0.008323586255418338,
      0.0,
      0.0,
      0.0016710935967614669,
      0.0037451750345868905,
      0.00206077168754357,
      0.00732056660963829,
      0.0,
      0.008374873865456852,
      0.0,
      0.0,
      0.0,
      0.0,
      0.0,
      0.0,
      0.0,
      0.0,
      0.0033385811756510837,
      0.0025328331872808674,
      0.0,
      0.01355603383112002,
      0.00690834504440337,
      0.0,
      0.0,
      0.003867510980610333,
      0.0,
      0.0,
      0.0
    ],
    "low_data": false
  },
  "500000": {
    "median": 0.0,
    "p90": 0.011113762040806574,
    "p10": 0.0,