{
  "100000": {
    "median": 0.0001540921600731704,
    "p90": 0.010428682816790649,
    "p10": 0.0,
    "sample": [
      8.919114519875025e-05,
      0.00021899317494759055,
      0.0,
      0.0,
      0.0,
      0.00815799501301707,
      0.0,
      0.0,
      0.010497169564534323,
      0.0,
      0.0009462170327493399,
      0.0,
      0.0,
      0.004788230297176415,
      0.0,
      0.0,
      0.0,
      0.009172972811308171,
      0.012918670174919626,
      0.0,
      0.011897437564449945,
      0.0,
      3.4896468636446e-05,
      0.0,
      0.0034262674030159025,
      0.007393263631182101,
      0.0038122928905496194,
      0.005264408600989061,
      0.0,
      0.0,
      0.0005695170893005043,
      0.001603440095413476,
      0.018964584725703507,
      0.014538942969244326,
      0.0,
      0.001186415243619986,
      0.0010699374289558335,
      0.0,
      0.008616335303018094,
      0.002362136976102643,
      0.0,
      0.006961619454231108,
      0.0,
      0.0063839864222365135,
      0.0,
      0.0047636898455844495,
      0.016581292858842144,
      0.0,
      0.0008635301241633685,
      0.010041244246912506,
      0.005846341695300449,
      0.0023544173703025154,
      0.0,
      0.0068490105190499775,
      0.006136801715305805,
      0.0,
      0.0,
      0.0,
      0.0031534642933298937,
      0.0023156733486535716,
      0.0034458781910646375,
      0.010796279497706302,
      0.004140886782240514,
      0.0034527036265412023,
      0.003251942096567233,
      0.0,
      0.005638478877863689,
      0.0,
      0.0,
      0.0,
      0.0,
      0.0,
      0.0,
      0.002637446860545048,
      0.0,
      0.0,
      0.0,
      0.0018584438067028018,
      0.010016894310550847,
      0.008342061530941773,
      0.0,
      0.003914118511083411,
      0.0,
      0.0,
      0.0,
      0.0,
      0.016377073651065537,
      0.0,
      0.0,
      0.00965944538443614,
      0.0,
      0.0003477836018514521,
      0.011554828665298821,
      0.0027774853761443575,
      0.0,
      0.0,
      0.010421073178152463,
      0.0,
      1.9358656779994973e-05,
      0.0031021856958475128,
      0.0,
      0.008121274469832806,
      0.0038884419854348503,
      0.0,
      0.0,
      0.010112242002455113,
      0.011754477906949523,
      0.0018698607245219833,
      0.0,
      0.0,
      0.017082065282692533,
      0.0,
      0.0,
      0.0,
      0.0,
      0.0,
      0.0,
      0.015338142039355372,
      0.01215837309843241,
      0.0037579085674986864,
      0.01767884194788312,
      0.001539374246388983,
      0.0,
      0.02075986820093943,
      0.0,
      0.0025575199141620966,
      0.0,
      0.0,
      0.0032343416768546808,
      0.0,
      0.0,
      0.0,
      0.0002841556380773721,
      0.0,
      0.001679325801607367,
      0.00442252616730529,
      0.006805552363394251,
      0.0,
      0.0,
      0.006986553264968225,
      0.005745291890860969,
      0.012974473321889128,
      0.0,
      0.0,
      0.005318428364853596,
      0.005763581517830387,
      0.0,
      0.004712028655462182,
      0.0,
      0.007019348708878192,
      0.00680095710851,
      0.0,
      0.0,
      0.0008424047736333721,
      0.0,
      0.002950501271542654,
      0.0,
      0.0,
      0.010706662568460736,
      0.00887869898663234,
      0.0,
      0.012427135904835,
      0.009579331820300005,
      0.00603029172458728,
      0.0002674109399278756,
      0.0,
      0.007108257120687475,
      0.00210400737398656,
      0.005525474469901063,
      8.877043961083617e-05,
      0.00784907648569105,
      0.002381697372439912,
      0.004196108484929707,
      0.0,
      0.0,
      0.0028379235272626316,
      0.002330791411680478,
      0.004678751809467258,
      0.006449160891138807,
      0.005391175654287957,
      0.0,
      0.005503063856932908,
      0.0,
      0.022044399894501257,
      0.0,
      0.0,
      0.0,
      0.0,
      0.0,
      0.006822234336436843,
      0.0,
      0.011403282152330605,
      0.0,
      0.0,
      0.0,
      0.0,
      0.0,
      0.006304161148065086,
      0.0,
      0.0
    ],
    "low_data": false
  },
  "250000": {
    "median": 0.00035583886015840894,
    "p90": 0.010567068002050017,
    "p10": 0.0,