{
  "100000": {
    "median": 0.001321059453593179,
    "p90": 0.011808942827843574,
    "p10": 0.0,
    "sample": [
      8.657094248456845e-05,
      0.00011405856962166787,
      0.0007024865415226607,
      0.0,
      0.0,
      0.0,
      0.01110283964988453,
      0.014202787636076375,
      0.006011909893458854,
      0.005921592112324826,
      0.0026609556745803916,
      0.012948148689346392,
      0.0,
      0.0,
      0.0009930247392140712,
      0.0021083293411625283,
      0.001799012595936919,
      0.011657142350577566,
      0.0039204720056263765,
      0.0,
      0.0,
      0.00020330111161891357,
      0.007709164082247246,
      0.0,
      0.0,
      0.009873611080677094,
      0.010908460190364382,
      0.0,
      0.012635600119113024,
      0.010136798694979982,
      0.0014697492626898024,
      0.005625128294196444,
      0.0,
      0.012073518769232084,
      0.0,
      0.0,
      0.0,
      0.002104305261130075,
      0.014254411860870137,
      0.0,
      0.0,
      0.011808402164145594,
      0.0,
      0.0,
      0.0,
      0.002722242672180574,
      0.0,
      0.00619075573021385,
      0.0,
      0.008261927864052488,
      0.00026742526298085715,
      0.001579504577554282,
      0.008462420519763461,
      0.0,
      0.002804269542478989,
      0.0,
      0.007032773945510911,
      0.0,
      0.0,
      0.009117921871004717,
      0.006415437351748136,
      0.013418483271966578,
      0.0,
      0.0002304073609346309,
      0.00225572185895565,
      0.004480237535124333,
      0.0,
      0.0,
      0.0,
      0.0,
      0.0,
      0.0,
      0.0032350851842686146,
      0.0,
      0.007868866132671251,
      0.0101287416915522,
      0.0016932240869832586,
      0.014882683244998765,
      0.009251770278800694,
      0.0,
      0.012473512746137639,
      0.0,
      0.015002004079650829,
      0.0,
      0.007775035148043386,
      0.006942299063973463,
      0.0016006800965977807,
      0.003376571500934986,
      0.0,
      0.012051188889408227,
      0.0,
      0.0,
      0.0,
      0.011813808801125395,
      0.0,
      0.018698278075364047,
      0.0,
      0.0003609200425413767,
      0.0,
      0.01156505119201081,
      0.009660790050732629,
      0.0,
      0.0,
      0.010863157085733455,
      0.007320567858768433,
      0.0013252585893732355,
      0.004954788508447915,
      0.0,
      0.006228605061760922,
      0.0,
      0.007204262642565125,
      0.0055133054156045495,
      0.0,
      0.0,
      0.0,
      0.0,
      0.0,
      0.0,
      0.0,
      0.01128571783975789,
      0.0023548819308771615,
      0.0,
      0.004710015540394007,
      0.0038013496483533054,
      0.0013168603178131222,
      0.0,
      0.0,
      0.004488585416095576,
      0.0070168623090342015,
      0.0,
      0.0006043872077548816,
      0.0,
      0.0,
      0.0,
      0.0,
      0.0,
      0.012176685511297818,
      0.009864725446770096,
      0.0,
      0.004501656603229877,
      0.0054607507352353955,
      0.0,
      0.0023814928745239383,
      0.0,
      0.0,
      0.012262557661442353,
      0.013528774376853084,
      0.0167884660900973,
      0.00047284447925564503,
      0.005572511180862878,
      0.0010675838654027909,
      0.0023915421156324636,
      0.007202189943951397,
      0.009295944612759567,
      0.0036657385146863656,
      0.0,
      0.0,
      0.0,
      0.0,
      0.0,
      0.023265514650596914,
      0.002570811845474697,
      0.012620917778086988,
      0.0031563355658661757,
      0.010884052217816497,
      0.00011715385155234472,
      0.0010506745629015497,
      0.0,
      0.0,
      0.00243668639805344,
      0.0,
      0.007714265500393578,
      0.0,
      0.0,
      0.0,
      0.0009092660837838898,
      0.012295508594852,
      0.011384993100199633,
      0.0032040565963969833,
      0.0,
      0.0059264983666537365,
      0.0021375256268637067,
      0.002141049311961472,
      0.007548889683759866,
      0.0,
      0.015974169594058077,
      0.0,
      0.0,
      0.0040653003166449065,
      0.0039878400199445455,
      0.0025406363445887458,
      0.008235284793353915,
      0.0033932191750202694,
      0.0035712872845113097,
      0.003974873094907358,
      0.004764777144236244,
      0.0,
      0.004732658282058684,
      0.0,
      0.0
    ],
    "low_data": false
  },
  "250000": {
    "median": 0.0014730128967955995,
    "p90": 0.01197543359334679,
    "p10": 0.0,