{
  "100000": {
    "median": 0.0010111368488916993,
    "p90": 0.012258433561388787,
    "p10": 0.0,
    "sample": [
      0.00019592512365609554,
      0.00020210502403888466,
      0.002073455433203285,
      0.0,
      0.010151132582479266,
      0.0030847871751204427,
      0.007895152591815982,
      0.001826456291846331,
      0.025445245397342966,
      0.003930015731660902,
      0.0,
      0.0,
      0.0,
      0.002612239618366208,
      0.0,
      0.0,
      0.008916086320797408,
      0.0,
      0.005437466475940689,
      0.0,
      0.0,
      0.0012971037189748124,
      0.012277968173504511,
      0.0,
      0.024008407100701994,
      0.0,
      0.0,
      0.0,
      0.0,
      0.0,
      0.0,
      0.000845071705187544,
      0.012839019233801962,
      0.003688239635530385,
      0.008923544402534482,
      0.013666169730492275,
      0.013538495780025916,
      0.007560657998664552,
      0.0,
      0.008816104443585705,
      0.003027119802804065,
      0.013943031406262825,
      0.0022124152902751916,
      0.0,
      0.005178489470709556,
      0.00750062919719631,
      0.01029323018249292,
      0.0,
      0.0,
      0.0,
      0.0034755716326158436,
      0.010957108859239777,
      0.001741971947315132,
      0.0,
      0.005873335680101331,
      0.0,
      0.008535545867832542,
      0.009919154225631416,
      0.00671032870360994,
      0.009500117108878037,
      0.0015682095500180872,
      0.009425215514897643,
      0.0,
      0.0,
      0.001010128161276864,
      0.002374842764570221,
      0.0,
      0.0015062273130495925,
      0.0007162232760014857,
      0.0,
      0.0,
      0.011853418329880412,
      0.008641602067726323,
      0.0,
      0.0,
      0.0,
      0.0128018771499495,
      0.0,
      0.0,
      0.008386793320847383,
      0.001892093773556673,
      0.0,
      0.0,
      0.0,
      0.0,
      0.0,
      0.009736819009862653,
      0.0,
      0.0038218609715152123,
      0.0,
      0.013027923647640964,
      0.008241475870227298,
      0.014246851658860178,
      0.0,
      0.007254272133442635,
      0.011646839161986954,
      0.0,
      0.0015254961953243469,
      0.0,
      0.0,
      0.0,
      0.0,
      0.0007322814598358805,
      0.0046647701511783836,
      0.002279359424056209,
      0.013913388711665899,
      0.0,
      0.0,
      0.0,
      0.004989136175040847,
      0.0,
      0.0,
      0.0,
      0.004442522781101122,
      0.005832565127816451,
      0.0,
      0.0,
      0.0,
      0.021674700260711124,
      0.00888377800536192,
      0.016155943882277788,
      0.0017683925199529164,
      0.0,
      0.0,
      0.004006620153703313,
      0.0,
      0.0067293735870671955,
      0.0,
      0.0,
      0.0,
      0.0,
      0.0,
      0.005540429279940218,
      0.00984924140660076,
      0.00437403035640746,
      0.000701027977222639,
      0.0,
      0.015134087627717292,
      0.0007860308813466203,
      0.01960568863861757,
      0.0,
      0.0013516878564131824,
      0.0,
      0.0008319582183372707,
      0.0001373029437444087,
      0.01502897655693134,
      0.0,
      0.006285745183867791,
      0.0,
      0.008651335948946865,
      0.002793521933548826,
      0.0055472205378924305,
      0.0,
      0.007577562712658474,
      0.0,
      0.01585605387824909,
      0.0,
      0.0,
      0.0034282134204763792,
      0.008417031180918896,
      0.0,
      0.0,
      0.012047827075357108,
      0.0,
      0.005703475671867111,
      0.0,
      0.012256263048931484,
      0.0,
      0.0,
      0.0,
      0.005718527910973699,
      0.01335314854765379,
      0.010707236576979426,
      0.006932342411947461,
      0.0,
      0.0017211724023871015,
      0.0,
      0.0,
      0.003342102239006147,
      0.0,
      0.004353337156576485,
      0.0,
      0.0,
      0.00817805048618328,
      0.0,
      0.017327287237120122,
      0.0010121455365065346,
      0.002657594435066933,
      0.00315759881513251,
      0.0009012018926689491,
      0.009179212030012473,
      0.006313966839388655,
      0.01901928481551194,
      0.012113585954619427,
      0.0,
      0.006522949972114891,
      0.004796173936990172,
      0.003482508625382389,
      0.0,
      0.0
    ],
    "low_data": false
  },
  "250000": {
    "median": 0.00114441587878647,
    "p90": 0.012383355934413524,
    "p10": 0.0,