{
  "100000": {
    "median": 6.675973385727405e-05,
    "p90": 0.009885211337046914,
    "p10": 0.0,
    "sample": [
      0.00015466455661702333,
      0.00010118978394334383,
      0.006949948482903802,
      0.0,
      0.0,
      0.0,
      0.015837121988351098,
      0.0098506557875783,
      0.005516008916171421,
      0.015697799023894485,
      0.0,
      0.0,
      0.0,
      0.008971017797389175,
      0.0,
      0.0071172973909916365,
      0.0,
      0.0,
      0.0,
      0.00892123823980477,
      0.0009487789819999627,
      0.002104092791019494,
      0.0,
      0.0038726528320997275,
      0.0,
      0.004587900587667983,
      0.006902270453436114,
      0.0,
      0.0,
      0.0,
      0.009101682581167498,
      0.0007643842056304,
      0.003861344709381499,
      0.0,
      0.009034462454957103,
      0.0,
      0.0,
      0.0,
      0.0035061796045001725,
      0.0,
      3.232968377120426e-05,
      0.006734030736078693,
      0.002168910652312074,
      0.019383964268582275,
      0.0,
      0.00411819532285379,
      0.005187671550480111,
      0.0,
      0.012051206808954286,
      0.0,
      0.0,
      0.0,
      0.0,
      0.0,
      0.0,
      0.0,
      0.0,
      0.0,
      0.004327512775339058,
      0.0026887089966774404,
      0.0059721754320134525,
      0.0,
      0.0060258838073159815,
      0.005453943663908021,
      0.0,
      0.010425068852083753,
      0.0,
      0.0,
      0.0,
      0.007772902685002002,
      0.006878961898536594,
      0.0,
      0.0023139883373898746,
      0.0,
      0.0,
      0.006439868288838758,
      0.0,
      0.0,
      0.0,
      0.0037606768229792305,
      0.0023861140812155173,
      0.017012378470413387,
      0.0008444718346748844,
      0.0033871100226570464,
      0.0,
      0.01271125518749403,
      0.0017663484337934366,
      0.0,
      0.0,
      0.006515788240871905,
      0.0012277560512847611,
      0.015477187707376551,
      0.016847452438285185,
      0.0,
      0.0,
      0.0,
      0.010216310147317416,
      0.0,
      0.0,
      0.0007844089870759666,
      0.003999127319351275,
      0.0,
      0.0,
      0.02073884847407037,
      0.008773265890065962,
      0.0,
      0.0,
      0.0,
      0.0,
      0.002688926012619278,
      0.013603420812882659,
      0.01524196626379093,
      0.007745095362815325,
      0.0,
      0.0,
      0.004584573445653682,
      0.0,
      0.0,
      0.020743265259441264,
      0.004417050136132177,
      0.0,
      0.013941590366307547,
      0.0,
      0.0,
      0.002508738898424283,
      0.005050240623921808,
      0.000808853970594576,
      0.0030837532259957432,
      0.006504432471056352,
      0.005826344987000181,
      0.0,
      0.0,
      0.010196211282264472,
      0.014793395893237513,
      0.0,
      0.003642010357012714,
      0.004094572959397272,
      0.011450333465184336,
      0.0,
      0.0,
      0.00020535634691593325,
      0.0025855527441242146,
      0.0,
      0.0,
      0.0,
      0.0013996963025617287,
      0.0,
      0.0011619950938002396,
      0.0024277806446539054,
      0.0,
      0.00036538506760275616,
      0.0014275600319338317,
      0.0,
      0.0008560986117292587,
      0.0038241134409403893,
      0.004907350600580493,
      0.0,
      0.0,
      0.0066054062651025635,
      0.000638114258738814,
      0.008217456359893292,
      0.007024582585560091,
      0.0,
      0.019233826672429788,
      0.0,
      0.0,
      0.013782667369048316,
      0.0,
      0.0012252586582067264,
      0.0,
      0.0,
      0.0,
      0.0,
      0.0049382245754515264,
      0.0010166355441502833,
      0.0,
      0.0008541479058707121,
      0.0,
      0.0,
      0.0,
      0.005789743215801451,
      0.006353729645014757,
      0.008780680755904423,
      0.0027213301137406867,
      0.002750665603501201,
      0.004039170317519127,
      0.0,
      0.0,
      0.0,
      0.0,
      0.0,
      0.0,
      0.0056498149373171306,
      0.0,
      0.0,
      0.0019563071709254483,
      0.0,
      0.0,
      0.0052844300327656345,
      0.0
    ],
    "low_data": false
  },
  "250000": {
    "median": 0.00020109436903284722,
    "p90": 0.010127715406944533,
    "p10": 0.0,