{
  "100000": {
    "median": 0.0,
    "p90": 0.009521176381563315,
    "p10": 0.0,
    "sample": [
      0.00013242059965852372,
      0.00016440387673883017,
      0.001425079848850834,
      0.0,
      0.0011410816614896367,
      0.008883211685722462,
      0.0023676633526082155,
      0.0,
      0.003250410503255014,
      0.0,
      0.0,
      0.0,
      0.0,
      0.0,
      0.007479360622718385,
      0.0010623707322663066,
      0.00016068618197910236,
      0.001608543234860228,
      0.005439183635356327,
      0.0,
      0.0,
      0.0,
      0.0,
      0.0,
      0.0,
      0.0,
      0.0,
      0.0,
      0.0,
      0.006958770770701235,
      0.0,
      0.0023539641883705085,
      0.0,
      0.0011354459626332237,
      0.004673592475752163,
      0.0,
      0.0027036191417978885,
      0.0,
      0.00027742299410541354,
      0.0026106631167820424,
      0.0,
      0.0,
      0.0,
      0.00456665765007107,
      0.005556544367852719,
      0.0,
      0.019539402797709295,
      0.0,
      0.013789930318201072,
      0.0,
      0.017119797851148106,
      0.01801412305510934,
      0.0,
      0.0,
      0.001098794570967986,
      0.0013351698203151194,
      0.011752326364026218,
      0.0,
      0.0,
      0.0,
      0.0,
      0.0,
      0.0028903837041111945,
      0.002064129545984668,
      0.0009066713388453541,
      0.00848654731070306,
      0.0,
      0.006522788963363613,
      0.004421432708829836,
      0.01122887220627246,
      0.0028674139752225187,
      0.0,
      0.009494993196125045,
      0.0039047459232633016,
      0.0035194118689033903,
      0.0,
      0.0,
      0.0036327768402412267,
      0.0,
      0.0,
      0.0004010414940710809,
      0.0,
      0.0,
      0.0,
      0.01131871656349612,
      0.0,
      0.0,
      0.0,
      0.0,
      0.0016543376964766525,
      0.0066883938768663295,
      0.0,
      0.0,
      0.0002491892588420016,
      0.005557460175198749,
      0.0014899548781785587,
      0.009077766667724002,
      0.0,
      0.008326199463047567,
      0.01055852290756968,
      0.0,
      0.0,
      0.0,
      0.0,
      0.0,
      0.0003942409780479416,
      0.0003300501894017298,
      0.0,
      0.006246064584072288,
      0.0,
      0.0,
      0.0,
      0.005329512045795999,
      0.009756825050507761,
      0.0,
      0.0,
      0.0,
      0.013654519759363888,
      0.0,
      0.017123757452500443,
      0.010082559990224794,
      0.0,
      0.0,
      0.0,
      0.001223365959061531,
      0.0,
      0.0011483760540792222,
      0.0,
      0.0,
      0.0,
      0.0,
      0.004670920607791731,
      0.012614958270920476,
      0.00997044482845194,
      0.0,
      0.0,
      0.0005054986266867151,
      0.017377989521492637,
      0.0005839844862458715,
      0.007845465934520506,
      0.0,
      0.007940769120739146,
      0.021242863061646435,
      0.01799099618173344,
      0.0034823679210218297,
      0.0,
      0.0009597592117611903,
      0.0,
      0.0,
      0.007337227145818518,
      0.0,
      0.0035182017595940724,
      0.003403202331391546,
      0.00699571250403347,
      0.0015851866954610212,
      0.005424933901576747,
      0.005353805157110484,
      0.0050630660687676745,
      0.0008150998982945372,
      0.0,
      0.0,
      0.0,
      0.0,
      0.0,
      0.0,
      0.005787972276536753,
      0.004141207506223513,
      0.006447965153094109,
      0.0,
      0.0018869391576971236,
      0.007584998316473637,
      0.01102658936842651,
      0.0013700756896762722,
      0.0,
      0.003724890733823198,
      0.012676912172170792,
      0.0,
      0.0,
      0.0017892995626928151,
      0.0010459389831500856,
      0.0,
      0.0,
      0.0,
      0.0019340955366439882,
      0.0,
      0.0,
      0.0,
      0.0,
      0.0,
      0.0,
      0.0077442222648046385,
      0.0,
      0.0,
      9.736403958208408e-05,
      0.004227204581587972,
      0.0,
      0.0,
      0.0,
      0.014382588438226533,
      0.0045482863999750656
    ],
    "low_data": false
  },
  "250000": {
    "median": 0.00010341913104802388,
    "p90": 0.009651160936029411,
    "p10": 0.0,