{
  "100000": {
    "median": 0.0,
    "p90": 0.010397375476825742,
    "p10": 0.0,
    "sample": [
      0.00016551490849942395,
      9.175518003677298e-05,
      0.02549431097208481,
      0.007083975022597912,
      0.0,
      0.0,
      0.0,
      0.01330573324300642,
      0.0,
      0.01045907154787659,
      0.009248099551662661,
      0.011726824639513059,
      0.00043460190077662035,
      0.012234640996305323,
      0.0,
      0.011612209818462848,
      0.0,
      0.0,
      0.0,
      0.0,
      0.005812142518854957,
      0.0,
      0.0,
      0.0,
      0.003619515305372885,
      0.0047286631020653155,
      8.974115253704552e-05,
      0.009633390320803868,
      0.0,
      0.0,
      0.009996341436862807,
      0.0,
      0.0,
      0.004662015174819442,
      0.0,
      0.0,
      0.0,
      0.005887922720659235,
      0.0,
      0.0027330943860314682,
      0.007716612607191658,
      0.0,
      0.0030818161878437946,
      0.005383153234957489,
      0.0,
      0.0008674127406198435,
      0.0,
      0.0,
      0.01253933527257321,
      0.0,
      0.007867389820243851,
      0.0,
      0.004266859634465733,
      0.00918162418826421,
      0.012745501461675923,
      0.0007230443811963665,
      0.0056287708278309895,
      0.0,
      0.0,
      0.0,
      0.004326752180059164,
      0.002850203717235592,
      0.000789451213935195,
      0.009743646733094326,
      0.010433067882542148,
      0.0,
      0.0,
      0.0,
      0.0024385280696816026,
      0.010393409653968365,
      0.0044421965337738895,
      0.0,
      0.006269018693991597,
      0.0,
      0.0,
      0.0,
      0.0,
      0.0,
      0.0032356244241628757,
      0.0024616266696096947,
      0.0,
      0.0,
      0.0,
      0.007360484693395042,
      0.0,
      0.0038952480791091164,
      0.008531044702264077,
      0.0,
      0.013772539408790052,
      0.0,
      0.0,
      0.0013167186866575597,
      0.0029792317461947685,
      0.0020646497673289235,
      0.009129410510408753,
      0.0058928400024731865,
      0.017554924270576526,
      0.004948010489444823,
      0.0,
      0.0,
      0.008767817671048853,
      0.0,
      0.009323617031270822,
      0.0,
      0.0,
      0.005078467579377956,
      0.0,
      0.0072590164087426206,
      0.0070190808141468546,
      0.011744637283760836,
      0.009161399601761166,
      0.0,
      0.0,
      0.003931587246626961,
      0.0,
      0.02043577275020574,
      0.0,
      0.010313628560631656,
      0.017426099546678443,
      0.0,
      0.007460892645980554,
      0.0,
      0.004688637097677715,
      0.020762021910924428,
      0.0054534356222961265,
      0.007257320717149864,
      0.0,
      0.008754341648878273,
      0.0,
      0.0,
      0.0,
      0.006544902104741013,
      0.004752537925687497,
      0.021533956444878193,
      0.006157407412799193,
      0.0,
      0.01296050012831028,
      0.0,
      0.0,
      0.0018155983619019401,
      0.0,
      0.019075547495202308,
      0.0004178207784357198,
      0.004269797693055108,
      0.0,
      0.0,
      0.0069326625841647374,
      0.0,
      0.0,
      0.0,
      0.01400966003842903,
      0.0,
      0.00182010582264642,
      0.0,
      0.0,
      0.005868758253424563,
      0.0,
      0.006211386284044143,
      0.0,
      0.0,
      0.0,
      0.0,
      0.0038784401980867943,
      0.0,
      0.0,
      0.0,
      0.0,
      0.0054834581274471605,
      0.0,
      0.0,
      0.003092496779708103,
      0.008949798939036063,
      0.0,
      0.0,
      0.0,
      0.0034197158787708324,
      0.0,
      0.0,
      0.0,
      0.0019155190541786007,
      0.0,
      0.0,
      0.002323741352123465,
      0.0,
      0.0,
      0.0030941647770952267,
      0.0,
      0.0,
      0.0,
      0.001927551594098667,
      0.003575771016736597,
      0.0,
      0.0,
      0.0,
      0.0,
      0.014513386449530407,
      0.0,
      0.0,
      0.0,
      0.0
    ],
    "low_data": false
  },
  "250000": {
    "median": 8.335498606216503e-06,
    "p90": 0.010613292418728583,
    "p10": 0.0,