{
  "100000": {
    "median": 0.00048770067072721344,
    "p90": 0.01053687333397662,
    "p10": 0.0,
    "sample": [
      0.0001639413126400253,
      0.00016184041244560922,
      0.02282098619654625,
      0.002760046960065728,
      0.0,
      0.006366853682234485,
      0.0,
      0.0013105348110932,
      0.0,
      0.008203942596143727,
      6.415627596860168e-05,
      0.0,
      0.0,
      0.0,
      0.0027633247065022076,
      0.009791028233206225,
      0.012577419047439814,
      0.0,
      0.004190236951107536,
      0.008776099634805721,
      0.004995576012342596,
      0.0,
      0.0,
      0.0,
      0.02995951698337941,
      0.0,
      0.0,
      0.0,
      0.0,
      0.006608630004812513,
      0.009625773027911661,
      0.0,
      0.005040489660782197,
      0.0,
      0.0,
      0.00393934736161845,
      0.0,
      0.0,
      0.0,
      0.003401058810658874,
      0.01186903557691253,
      0.0003104806029165465,
      0.008377894943370873,
      0.0,
      0.0088593858956892,
      0.00015479429441351048,
      0.0,
      0.00645282042964715,
      0.0,
      0.007412984508302407,
      0.0,
      0.019941531698076664,
      0.0,
      0.0,
      0.0,
      0.0016237457348246343,
      0.009788755422166378,
      0.0,
      0.003725348492491951,
      0.01005691751808586,
      0.0,
      0.0,
      0.0,
      0.0019916375471158597,
      0.0,
      0.009462411998566901,
      0.009453710616413974,
      0.0,
      0.006121067503031537,
      0.007128303544706343,
      0.015296755729287364,
      0.0004362566298293793,
      0.0,
      0.00794445063553692,
      0.0003721178568498897,
      0.008729421616806307,
      0.007257543470095604,
      0.0,
      0.008502919286788145,
      0.0066282897618558595,
      0.0,
      0.0,
      0.0015750093364487907,
      0.0023984564926072863,
      0.006904095607551412,
      0.011674705240758513,
      0.0,
      0.0,
      0.00959391840245885,
      0.0,
      0.01066275922647714,
      0.00191528892869934,
      0.0,
      0.004694010801602672,
      0.0,
      0.0033484639977698354,
      0.009497736084617972,
      0.0025285012835823046,
      0.0,
      0.0019717880126034057,
      0.006197999877718636,
      0.0,
      0.004180908759232957,
      0.0,
      0.0,
      0.0,
      0.0,
      0.0,
      0.006408942137620473,
      0.02253499470275273,
      0.0006950382267540117,
      0.012600865624620332,
      0.0,
      0.0,
      0.0016042795506424374,
      0.008551932716565281,
      0.00817389973462509,
      0.0,
      0.0,
      0.008419362451175073,
      0.004940147970386788,
      0.017509727318760708,
      0.011505412766592567,
      0.011226041648623987,
      0.0106968158501824,
      0.003723508671534454,
      0.0028992652713082283,
      0.0,
      0.0012710997611996737,
      0.0,
      0.0006905414520723444,
      0.0,
      0.0,
      0.005321790791991455,
      0.0014023861046279832,
      0.0,
      0.0,
      0.0,
      0.0,
      0.019218969853780965,
      0.00828997782641286,
      0.00927365457486064,
      0.0008359831455590022,
      0.006673589685719622,
      0.004012093545686733,
      0.0,
      0.0,
      0.0009663636391010986,
      0.01107143514285109,
      0.007452717909750263,
      0.01290766301017394,
      0.0,
      0.0050705049449160855,
      0.0,
      0.0005391447116250476,
      0.0,
      0.0,
      0.0,
      0.01238910870927838,
      0.0,
      0.0,
      0.007458579527529282,
      0.0,
      0.009366647356389295,
      0.0,
      0.0,
      0.001747234091754308,
      0.0,
      0.0,
      9.169014378922349e-05,
      0.007231613193540984,
      0.01409064260502949,
      0.009182339126716333,
      0.0,
      0.0,
      0.0,
      0.0021950115702271617,
      0.003952379356542539,
      0.0,
      0.003286377318346711,
      0.0058173701320168554,
      0.0,
      0.0,
      0.0008867178449288544,
      0.0,
      0.0,
      0.0034917166458394372,
      0.0,
      0.0,
      0.00850374206699232,
      0.0,
      0.0,
      0.0,
      0.016910146221191823,
      0.0,
      0.0,
      0.0,
      0.0,
      0.0016209965653718337,
      0.010522886012587674
    ],
    "low_data": false
  },
  "250000": {
    "median": 0.0006587974225237566,
    "p90": 0.010636980467139902,
    "p10": 0.0,