{
  "100000": {
    "median": 0.0003090411884088115,
    "p90": 0.009590613462440051,
    "p10": 0.0,
    "sample": [
      0.00010409309480379868,
      0.00012925688062160454,
      0.017957386068735984,
      0.0038516264405141264,
      0.0,
      0.0023290973376401637,
      0.005914389565794193,
      0.0,
      0.0031236321889203645,
      0.0,
      0.0,
      0.00289209197528674,
      0.003197156656780858,
      0.0,
      0.0,
      0.0006190366483009096,
      0.00958781839931095,
      0.0,
      0.004608849851183186,
      0.003067500998975266,
      0.004400080146143131,
      0.0,
      0.009161899313157095,
      0.00736831244974369,
      0.0,
      0.0,
      0.0,
      0.0,
      0.00459070948084826,
      0.0,
      0.0006470728243914371,
      0.0016938816083405437,
      0.0,
      0.007473838581727163,
      0.0007603461576938276,
      0.005604523531966699,
      0.0,
      0.0,
      0.0,
      0.0,
      0.0011983287375353876,
      0.0,
      0.0,
      0.014095750675500953,
      0.0,
      0.0,
      2.2735275452844146e-05,
      0.0,
      0.0019505699892797801,
      0.0,
      0.011178813393839368,
      0.008448785345256678,
      0.004575467191457878,
      0.02423778822168094,
      0.0008801392568215096,
      0.012765322494319043,
      0.0,
      0.0014020569134203015,
      0.0,
      0.02970859915766154,
      0.0,
      0.0,
      0.006037198716499221,
      0.0,
      0.0025378637170457826,
      0.0,
      0.0,
      0.0,
      0.0008233313856558338,
      0.0,
      0.0,
      0.0,
      0.0,
      0.007785449114489972,
      0.0,
      0.01954267730007611,
      0.007809699217672673,
      0.014090694821958795,
      0.0009126949442873082,
      0.0,
      0.003326300511413023,
      0.0056740776727210816,
      0.0,
      0.0,
      0.0,
      0.0,
      0.0,
      0.0,
      0.011349132411572656,
      0.006770485559318685,
      0.0,
      0.006006920110806293,
      0.0033143369998307943,
      0.006541765468604134,
      0.0,
      0.0,
      0.0,
      0.0,
      0.006608426602496059,
      0.00032220217142134706,
      0.001572023965574013,
      0.002876645760088509,
      0.003531585824029274,
      0.0007488466022867839,
      0.013735334152996223,
      0.0,
      0.010568388483202637,
      0.0013226015244723966,
      0.0,
      0.011708612585499701,
      0.0022612606493209787,
      0.0027812267139134587,
      0.0,
      0.0029413623681951435,
      0.0,
      0.006831304464855813,
      0.0,
      0.0,
      0.010909886212355944,
      0.0015039254684426336,
      0.0,
      0.0031951646437772025,
      0.0,
      0.002730073029238506,
      0.0,
      0.0,
      0.0,
      0.0051924435208609504,
      0.012338737445856666,
      0.0,
      0.0,
      0.000295880205396276,
      0.009534144878087009,
      0.0,
      0.008283013296561727,
      0.0022555849661848046,
      0.0003378037920092397,
      0.0,
      0.0,
      0.0,
      0.004566409246570588,
      0.005741210610028591,
      0.005589962404649514,
      0.0,
      0.0,
      0.0,
      0.00023066754147033915,
      0.0016301717464019337,
      0.0006913961616126651,
      0.0,
      0.007877879713816396,
      0.004074182080071599,
      0.0,
      0.011670971727626133,
      0.005948628010353877,
      0.0011045183536384131,
      0.0,
      0.0023981441270030384,
      0.0,
      0.0005044738817811881,
      0.006230045376829662,
      0.009615769030601956,
      0.0,
      0.004632832026142597,
      0.0,
      0.0035701528781841674,
      0.0,
      0.012963629984189162,
      0.002760924088288817,
      0.0,
      0.0,
      0.014117043105073182,
      0.0,
      0.0,
      0.0009052193403126338,
      0.019660814133151298,
      0.0086427812887872,
      0.0,
      0.004199845900856235,
      0.0,
      0.0,
      0.0,
      0.01052506581605937,
      0.004333908433925423,
      0.0,
      0.0,
      0.0,
      0.0,
      0.0,
      0.004132128694212185,
      0.0,
      0.006063413110594037,
      0.0,
      0.0,
      0.0,
      0.0,
      0.0013710549783265468,
      0.0,
      0.005706245744250788,
      0.0004005863178475891
    ],
    "low_data": false
  },
  "250000": {
    "median": 0.00041717802277539,
    "p90": 0.009756302677044299,
    "p10": 0.0,