{
  "100000": {
    "median": 6.164422149176077e-05,
    "p90": 0.01191810004452128,
    "p10": 0.0,
    "sample": [
      0.0001528979884051834,
      0.00010659339193849108,
      0.008715028687014714,
      0.006313089766954627,
      0.0,
      0.0,
      0.02321178688958225,
      0.0,
      0.012372677546841826,
      0.0,
      0.00395430621213049,
      0.0197545980763045,
      0.003934571857661799,
      0.0,
      0.0,
      0.0,
      0.01246390873210691,
      0.001235647622378844,
      0.010801356673066035,
      0.009413527125190535,
      0.0,
      0.0,
      0.0015354960034813432,
      0.008899220668439985,
      0.0,
      0.009618093662880535,
      0.005874015601853213,
      0.004397233220422745,
      0.0,
      0.0,
      0.0,
      0.0033229520532489986,
      0.0,
      0.01091424356429119,
      0.004456479486617594,
      0.009488890631543392,
      0.0,
      0.0,
      0.0020021117925347466,
      0.0,
      0.0,
      0.0,
      0.0026193455083338008,
      0.007942662793077003,
      0.0,
      0.0,
      0.005035738097243553,
      0.00098796558565901,
      0.0,
      0.004013727876755929,
      0.0,
      0.0036223694109430308,
      0.01668763505194237,
      0.0,
      0.001847846358910467,
      0.0,
      0.0,
      0.0004554564892980964,
      0.005723461909252085,
      0.005357713060557161,
      0.0036925999239623333,
      0.0,
      0.0,
      0.010482226670385128,
      0.0,
      0.0009240704204197598,
      0.0,
      0.0007978682155981205,
      0.0,
      0.0,
      0.0,
      0.0,
      0.003613776551206499,
      0.0,
      0.0028747383044492865,
      0.0,
      0.006846156363788572,
      0.004997188892740383,
      0.005767132454491348,
      0.00011561763313374256,
      0.008647044244768226,
      0.0,
      0.0,
      0.010938495350129933,
      0.0,
      0.0039956032682313255,
      0.0,
      0.00857629038912779,
      0.007007275103418098,
      0.0,
      0.0,
      0.0,
      0.0,
      0.0,
      0.008856351110648029,
      0.0,
      0.00022145237735606455,
      0.0007757200883930718,
      0.0,
      0.0,
      0.0,
      2.177992386500335e-05,
      0.0,
      0.0,
      0.0,
      0.013769717965637324,
      0.0,
      0.014419436659881867,
      0.0,
      0.0,
      0.00901915519473203,
      0.0021314832889115596,
      0.0,
      0.0037284913115125605,
      0.0028610059412415003,
      0.0,
      0.006084150481942939,
      0.00010150851911851818,
      0.013671903604453186,
      0.0070045293660173855,
      0.0,
      0.0,
      0.0,
      0.0024596281652844417,
      0.0,
      0.007533377245365361,
      0.0,
      0.0,
      0.012695031107145316,
      0.0,
      0.00430212245265978,
      0.0,
      0.004436419282742618,
      0.0025575850874913304,
      0.0,
      0.0021304929919646214,
      0.0,
      0.0,
      0.003153174342662469,
      0.0027940071171304905,
      0.0,
      0.0,
      0.0,
      0.0,
      0.008465425558284462,
      0.016417581656893016,
      0.0013209404482831643,
      0.0,
      0.0,
      0.01619681933125936,
      0.0,
      0.0,
      0.0,
      0.0,
      0.0,
      0.0,
      0.0,
      0.0,
      0.003517236073639622,
      0.011867591433152334,
      0.008081844761619134,
      0.0,
      0.0011321240771573684,
      0.0,
      0.008878033773642706,
      0.001007479466451438,
      0.0,
      0.0,
      0.0,
      0.0,
      0.030604551321454284,
      0.0038628654306952915,
      0.0,
      0.013213716147184527,
      0.013211380574557206,
      0.007221159078308241,
      0.0003557636842495445,
      0.0038187674574870125,
      0.01390563124544315,
      0.000887924876159558,
      0.0,
      0.020657880506854655,
      0.0014960924457215782,
      0.0,
      0.0,
      0.0,
      0.013742652220935798,
      0.014219792422885569,
      0.0006727766196044742,
      0.004391228544030537,
      0.0029330390551555,
      0.030689215356149446,
      0.0,
      0.0,
      0.016323047418460683,
      0.0,
      0.0,
      0.007170447008540274,
      0.0,
      0.0
    ],
    "low_data": false
  },
  "250000": {
    "median": 0.00016304720603948703,
    "p90": 0.01200123574953237,
    "p10": 0.0,