{
  "100000": {
    "median": 0.0001107797051646894,
    "p90": 0.009674268674903988,
    "p10": 0.0,
    "sample": [
      0.00012606948399399901,
      9.548992633537977e-05,
      0.0,
      0.0003540066659757791,
      0.0,
      0.0,
      0.0,
      0.0,
      0.0021514012960030734,
      0.0,
      0.007179447100900403,
      0.0,
      0.0,
      0.0,
      0.0,
      0.005256961977798225,
      0.0,
      0.0,
      0.010949731924961651,
      0.0,
      0.005694438767602662,
      0.0,
      0.0,
      0.017363753105868598,
      0.0010821316996971124,
      0.0,
      0.0,
      0.0,
      0.00016890542833628857,
      0.0,
      0.0,
      0.0,
      0.0,
      0.010734182954410696,
      0.0,
      0.0,
      0.005366202293082751,
      0.0010932918722650602,
      0.003852039627464063,
      0.0,
      0.0,
      0.0,
      0.0,
      0.00599680432833744,
      0.0,
      0.0,
      0.0066943960020302735,
      0.0,
      0.0,
      0.0,
      0.014946752000555452,
      0.008829248560962974,
      0.0,
      0.0,
      0.0,
      0.006295264050432313,
      0.0,
      0.0,
      0.0,
      0.01871372983762849,
      0.005023501228652789,
      0.005763586371724976,
      0.00526364132528298,
      0.01021276914540815,
      0.012709106619959649,
      0.007386737033251948,
      0.0,
      0.001746556603968182,
      0.0,
      0.0057761624761872386,
      0.030667491224428682,
      0.0,
      0.0,
      0.007642233482802092,
      0.004885155978916628,
      0.0,
      0.0,
      0.0052710803931213645,
      0.011339140015252429,
      0.0,
      0.0035934105014665085,
      0.000518491652819583,
      0.0061903889986844995,
      0.0023552829281904,
      0.00037089820716465916,
      0.0,
      0.021617567188051516,
      0.004074100745413159,
      0.0,
      0.001130627062873932,
      0.0,
      0.0032341638263167667,
      0.007796894032434049,
      0.012292620243613054,
      2.9232962969474825e-05,
      0.0,
      0.0,
      0.0,
      0.0,
      0.003793784310912601,
      0.004519240766757417,
      0.008920568948826892,
      0.0,
      0.009144476279224732,
      0.0,
      0.0,
      0.0,
      0.004259274114542053,
      0.0,
      0.0029316645424810016,
      0.002510619184441909,
      0.0,
      0.0,
      5.740141548466222e-06,
      0.0,
      0.0,
      0.0,
      0.00043018538152086896,
      0.00012828211115408864,
      0.0012874198210975733,
      0.0,
      0.005242165971247327,
      0.011165977693087751,
      0.0,
      0.0,
      0.007902752241132486,
      0.005998073943293342,
      0.009874569752566948,
      0.00118466319223101,
      0.008001704186447654,
      0.011926870182760849,
      0.0,
      0.012447565606286168,
      0.0018922174717462751,
      0.007824619290950392,
      0.0,
      0.00181226852566587,
      0.000987082476134651,
      0.0,
      0.004966263449322175,
      0.009652012999608106,
      0.014669853473219807,
      0.0,
      0.0018484351194648664,
      0.011658646834379309,
      0.004571964328914369,
      0.001834118047466507,
      0.012311484921393636,
      0.006412213431311353,
      0.008943340350306066,
      0.0,
      0.0,
      0.0,
      0.0103077933472831,
      0.0012245368021315474,
      0.004825155744781916,
      0.0,
      0.0,
      0.0,
      0.0,
      0.0033246420995261005,
      0.0,
      0.002247222051638645,
      0.0,
      0.003588305484856869,
      0.00921407605311134,
      0.004932898581033891,
      0.009448950473730592,
      0.0,
      0.0,
      0.0,
      0.0011595780967464677,
      0.0,
      0.0016739166426251119,
      0.0,
      0.0,
      0.00043334870205502117,
      0.0,
      0.0,
      0.0,
      0.0,
      0.003070329413586028,
      0.0,
      0.0,
      0.006018629348612594,
      0.010508329769126946,
      0.0,
      0.00962545636643556,
      0.007808716046851418,
      0.0,
      0.0064034357379135175,
      0.0,
      0.007129340419751725,
      0.0,
      0.0039055866209051666,
      0.004537191128807149,
      0.0,
      0.004959834499286186,
      0.0,
      0.006770210600695203
    ],
    "low_data": false
  },
  "250000": {
    "median": 0.00024122574453975217,
    "p90": 0.00983743073280665,
    "p10": 0.0,