{
  "100000": {
    "median": 1.948434339574649e-05,
    "p90": 0.008329424651182905,
    "p10": 0.0,
    "sample": [
      0.00014692689392262448,
      0.00011129524849037023,
      0.0,
      0.0033043132521907593,
      0.005832897415339386,
      0.0,
      0.0,
      0.0,
      0.005388235349599207,
      0.0,
      0.007012174734886996,
      0.0,
      0.0,
      0.0,
      0.0,
      0.0,
      0.002227316113003404,
      0.0,
      0.01269296157208283,
      0.0,
      0.001729043296226749,
      0.0,
      0.010133833294806337,
      0.0061860565770754895,
      0.00736377865519293,
      0.0,
      0.0,
      0.001092710306513417,
      0.00815904685433219,
      0.0017622668675841165,
      0.0,
      0.005673200270118838,
      0.0,
      0.010971360745764332,
      0.007710743636492546,
      0.0,
      0.0,
      0.02440404839034948,
      0.006601860650723831,
      0.014689993352613288,
      0.0,
      0.00021684906185240858,
      0.010805439848968623,
      0.0,
      0.0019076265634825169,
      0.004487927461638743,
      0.0,
      0.001983809383323886,
      0.0,
      0.006175912582506759,
      0.005474673941605082,
      0.0,
      0.0,
      0.0,
      0.0,
      0.007952652880137719,
      0.0074092020630566165,
      0.0,
      0.0004950281099522304,
      1.8081891193116894e-06,
      0.014246887943315812,
      0.0,
      0.0,
      0.0,
      0.0016388212952460931,
      3.716049767218129e-05,
      0.01877370678721646,
      0.0,
      0.0,
      0.0,
      0.005993436348146782,
      0.0,
      0.0,
      0.004932773631281367,
      0.0,
      0.0026452828428962546,
      0.0020255785041290823,
      0.006244372088640479,
      0.0,
      0.006473848540996643,
      0.0,
      0.0001265272131491893,
      0.0010140604100352772,
      0.0,
      0.0025814196591372454,
      0.004783899474749843,
      0.00796217868850561,
      0.004744650759534805,
      0.00030667956692699024,
      0.0,
      0.0,
      0.00878934802276716,
      0.011169407145226325,
      0.0035123692192452114,
      0.0,
      0.0032577240408225576,
      0.0,
      0.0,
      0.006052667024385327,
      0.0,
      0.0,
      0.004206570941064939,
      0.0040726017349015315,
      0.004176709114743121,
      0.0,
      0.0,
      0.007497850204058024,
      0.001892571250448229,
      0.0,
      0.000604672503774002,
      0.002563891683927586,
      0.0015941524186830337,
      0.0,
      0.00957771431558472,
      0.00035483287491384224,
      0.0,
      0.0,
      0.0,
      0.0,
      0.0,
      0.003965793918108525,
      0.0,
      0.0,
      0.006938328470951622,
      0.007836628891987982,
      0.01334426747795958,
      0.0048443961206354295,
      0.0,
      0.0,
      0.0,
      0.0025204571719874063,
      0.017581965482003088,
      0.0,
      0.0,
      0.0019242742109590294,
      0.00703966427865161,
      0.016316273556320298,
      0.004482583271801559,
      0.0,
      0.0,
      0.0047333027116952826,
      0.0,
      0.0,
      0.0,
      0.0001368356186256238,
      0.0,
      0.0,
      0.004581815028878982,
      0.0022571378244688866,
      0.006353846550216879,
      0.0,
      0.0038393276946454124,
      0.010799354527854486,
      0.0,
      0.0058919392119281926,
      0.013016994066100315,
      0.008278322054340212,
      0.0,
      0.001701551097162504,
      0.007676436398236189,
      0.006942102296886368,
      0.0,
      0.0,
      0.013747589738296593,
      0.0,
      0.0,
      0.0,
      0.0008288074409196122,
      0.0,
      0.0,
      0.00895197090685907,
      0.0,
      0.0,
      0.0,
      0.007949341423948684,
      0.004808788779450395,
      0.0022323872532689372,
      0.004307530048107126,
      0.0036031837567815548,
      0.006508321893578761,
      0.0,
      0.0,
      0.0,
      0.006707600089672804,
      0.0,
      0.0,
      0.0,
      0.0,
      0.0,
      0.010376028395931674,
      0.0,
      0.0018004649097623187,
      0.0,
      0.0,
      0.0,
      0.0,
      0.01887391154395638,
      0.0,
      0.0,
      0.0
    ],
    "low_data": false
  },
  "250000": {
    "median": 0.00021124093029678537,
    "p90": 0.008445935461396804,
    "p10": 0.0,