{
  "100000": {
    "median": 2.983560704450922e-05,
    "p90": 0.010268456370888796,
    "p10": 0.0,
    "sample": [
      0.00013510451529856325,
      9.232941008388955e-05,
      0.00012143976891280664,
      0.0007791582710144,
      0.0,
      0.005214342858445146,
      0.0,
      0.0,
      0.0,
      0.0,
      0.0033140587937436163,
      0.0013482310014112091,
      0.0,
      0.0,
      0.01066111247814765,
      0.0,
      0.0,
      0.013672081655152006,
      0.0,
      0.0,
      0.0,
      0.0,
      0.0057659674164265194,
      0.0,
      0.012968796520972124,
      0.008857166493416443,
      0.0,
      0.0,
      0.009237462834175767,
      0.0015365921159555549,
      0.016676557269297846,
      0.0052247548509005365,
      0.0,
      0.004448807916850205,
      0.007024823023255783,
      0.0,
      0.0,
      0.0,
      0.0,
      0.0,
      0.0,
      0.010155513137171696,
      0.0011802971840073914,
      0.004889433888558393,
      0.008882840765171771,
      0.0,
      0.0,
      0.0,
      0.0,
      0.0,
      0.0005317796327582187,
      0.010204763380896584,
      0.0,
      0.0,
      0.0006440333344490989,
      0.010665726220676814,
      0.013994439663148698,
      0.0,
      0.0077006667420607975,
      0.0,
      0.011276423326176302,
      0.0046759618733961655,
      0.0,
      0.0,
      0.0031893605895748976,
      0.0,
      0.0017139077726484632,
      0.0011457670059154177,
      0.011800137768016304,
      0.00043983415578909604,
      0.0,
      0.0,
      0.008447370096285517,
      0.0,
      0.0,
      0.004394281984728753,
      0.005469285879849068,
      0.0,
      0.0053941499978411005,
      0.0,
      0.0,
      0.0,
      0.001579233515518698,
      0.0007263323351905488,
      0.00974292825026928,
      0.010903680915291892,
      0.0020265655300143784,
      0.003516503686847745,
      0.0,
      0.0017724599128123273,
      0.0,
      0.003269502685212081,
      0.0,
      0.007036696109909327,
      0.0003260153194010502,
      0.02433020189496995,
      0.002754722377677707,
      0.0,
      0.0,
      0.021893135376413093,
      0.0,
      0.01705781408628793,
      0.006623828686264994,
      0.0,
      0.00410237194745617,
      0.012305934947004653,
      0.0,
      0.0,
      0.002100648112201772,
      0.0,
      0.0022629630684102096,
      0.0,
      0.0,
      0.0,
      0.008646652846410922,
      0.008026311525388703,
      0.0,
      0.0,
      0.004307776424230529,
      0.0,
      0.002812650576674329,
      0.0,
      0.0,
      0.0,
      0.0,
      0.0,
      0.0,
      0.007946783822990907,
      0.0,
      0.0,
      0.0052599509144475995,
      0.010224827914526703,
      0.0,
      0.015316387414069248,
      0.0,
      0.0031878950711653185,
      0.008613809378558051,
      0.0,
      0.002663665639334253,
      0.017263950602803026,
      0.002864320491137961,
      0.004015769816486263,
      0.008497273590900415,
      0.008699008700172718,
      0.0,
      0.012297148192357037,
      0.0,
      0.00919629293846197,
      0.0,
      5.967121408901844e-05,
      0.0,
      0.0,
      0.0,
      0.0,
      0.012876329428163639,
      0.0008824179219627948,
      0.0026994480313992284,
      0.0,
      0.0014325752081800274,
      0.0,
      0.0,
      0.0,
      0.0,
      0.005587412752199176,
      0.0,
      0.007899101618002004,
      0.0,
      0.0,
      0.0,
      0.0,
      0.0,
      0.0,
      0.00039881935390147124,
      0.002108346469999219,
      0.0,
      0.0,
      0.0,
      0.0052680534058347495,
      0.0,
      0.0,
      0.0015785379553446824,
      0.0,
      0.00859586638603037,
      0.00879417519888557,
      0.01306805525105292,
      0.0,
      0.0029821939076619605,
      0.008827227937523838,
      0.017425844178352357,
      0.0037432827038540654,
      0.0,
      0.0006878041325701101,
      0.0033616322757396813,
      0.0,
      0.008876727698127196,
      0.0,
      0.00021982952072918354,
      0.01794375274982963,
      0.0041969184787249815,
      0.0
    ],
    "low_data": false
  },
  "250000": {
    "median": 0.00017743703363373698,
    "p90": 0.010510781463844177,
    "p10": 0.0,