{
  "100000": {
    "median": 0.0001506969953219359,
    "p90": 0.014747655157067741,
    "p10": 0.0,
    "sample": [
      0.00012109865867741647,
      0.00013200357060201809,
      0.0,
      0.0,
      0.04497327527574804,
      0.01501925371966654,
      0.01794491554464763,
      0.018781553067547606,
      0.013634112903617015,
      0.0,
      0.0,
      0.015546871066719013,
      0.0,
      0.0,
      0.0,
      0.0039494627117779985,
      0.0023022727890047645,
      0.0,
      0.009296723580044653,
      0.010132399174287236,
      0.0,
      0.01808857415340605,
      0.0,
      0.0,
      0.0,
      0.012819592416980705,
      0.01474176231453851,
      0.018667637994116807,
      0.003050078943147097,
      0.005123749916783258,
      0.00509858232908623,
      0.013306599662676468,
      0.0,
      0.004458449409243726,
      0.0,
      0.00908583199239447,
      0.012880911969803304,
      0.0061760371126057265,
      0.0007988368360051757,
      0.009468755940933332,
      0.014800690739830815,
      0.009997315998947124,
      0.005353601913578612,
      0.0035307987722595054,
      0.005223322045773857,
      0.0,
      0.00453307561857607,
      6.294725624449016e-05,
      0.003770789428084701,
      0.0,
      0.0,
      0.01603776883635155,
      0.0,
      0.008805418136451925,
      0.0,
      0.0,
      0.006818826078771806,
      0.0,
      0.0,
      0.009939809433966747,
      0.0,
      0.005467686021206331,
      0.0,
      0.0,
      0.0,
      0.006211292846289725,
      0.0,
      0.009492254428179631,
      0.011902623644514927,
      0.0,
      0.0,
      0.0,
      0.0017146640350628344,
      0.014344068730572538,
      0.01726861479170424,
      0.0,
      0.013030761147971786,
      0.0,
      0.0,
      0.0,
      0.002839383207392817,
      0.0,
      0.0,
      0.0012355560427810739,
      0.0,
      0.0,
      6.447876560503593e-05,
      0.0,
      0.014364654676160323,
      0.0,
      0.0,
      0.0003138998526138012,
      0.0,
      0.002043831654107178,
      0.0014100126278984218,
      3.8576427146592305e-05,
      0.000638280116536803,
      0.0072159501169751315,
      0.0,
      0.0,
      0.0,
      0.0,
      0.005509236554435966,
      0.0036660015376479005,
      0.0,
      0.0,
      0.0,
      0.0013927430624795648,
      0.0,
      0.0,
      0.0,
      0.0,
      0.010207592113749483,
      0.002227185330993905,
      0.0,
      0.0,
      0.004812352816989186,
      0.002003042680355104,
      0.009445108002792779,
      0.01576241312733129,
      0.0011497199250793833,
      0.0,
      0.0,
      0.0,
      0.0,
      0.0,
      0.014180757646131264,
      0.015350873713715763,
      0.015545598818825597,
      0.0,
      0.008732533833505758,
      0.0,
      0.0021225526614799227,
      0.003455850756813874,
      0.003108652929484027,
      0.023648130616221223,
      0.0,
      0.009791716607650939,
      0.011732882133793475,
      0.0,
      0.0,
      0.01024645348112048,
      0.014538636666303801,
      0.01054336454116963,
      0.0,
      0.013578354128703021,
      0.0,
      0.0,
      0.009464039371823633,
      0.007729116745591022,
      0.02318031949060906,
      0.005903546146365382,
      0.0,
      0.0,
      0.0,
      0.0,
      0.0,
      0.01792828597707823,
      0.02389576068928525,
      0.013227390986311729,
      0.009387094637716916,
      0.0,
      0.0014006074334887834,
      0.008407423793315097,
      0.0,
      0.0,
      0.0,
      0.021055678050036938,
      0.0,
      0.0,
      0.023408656395381724,
      0.0,
      0.0,
      0.0,
      0.0024950166072110853,
      0.005071962209912756,
      0.01617370316568897,
      0.0,
      0.0,
      0.007247642722230414,
      0.00310090415966092,
      0.0,
      0.002683229054613524,
      0.010427207903916463,
      0.0,
      0.005764675716693896,
      0.00016939042004185368,
      0.0,
      0.0,
      0.0006560193187929458,
      0.008082815165165298,
      0.0,
      0.0,
      0.0,
      0.004799166895445048,
      0.0,
      0.0,
      0.011126198461914124,
      0.0,
      0.0
    ],
    "low_data": false
  },
  "250000": {
    "median": 0.00028867686649225433,
    "p90": 0.014930866774274947,
    "p10": 0.0,