{
  "100000": {
    "median": 0.0002660839289760354,
    "p90": 0.010887936793902592,
    "p10": 0.0,
    "sample": [
      9.264212005364084e-05,
      0.00017213071379405318,
      0.002341580692748493,
      0.004467885343118748,
      0.00014842983028698304,
      0.0,
      0.0,
      0.0051549828046946735,
      0.006248837605938783,
      0.0011125971079395532,
      0.007022991414912257,
      0.010182561613525596,
      0.00190787665430625,
      0.001099355172662381,
      0.006548973454482479,
      0.01416597944314227,
      0.0,
      0.001365197547366328,
      0.0035237596759937224,
      0.0,
      0.0,
      0.0,
      0.009048036399965344,
      0.0069538692202745,
      0.008981926595989228,
      0.0,
      0.015105275417740238,
      0.0,
      0.0,
      0.006874262691659169,
      0.0,
      0.0,
      0.0,
      0.0,
      0.0,
      0.0,
      0.011336041128337809,
      0.0,
      0.0031581879519357843,
      0.0,
      0.00539598165465113,
      0.006352792389490563,
      0.00991092990604967,
      0.0,
      0.0,
      0.00326501791421532,
      0.004450247431544964,
      0.0,
      0.00421716298531596,
      0.0,
      0.010358900809934506,
      0.0,
      0.009881303626937626,
      0.007513599082050068,
      0.0016563768297449505,
      0.0,
      0.0,
      0.0,
      0.0056421568278792215,
      0.0,
      0.0,
      0.00025031247322324215,
      0.007873264680259813,
      0.0,
      0.00030145344424769183,
      0.0,
      0.0,
      0.0012746191292007003,
      0.0,
      0.008340443856606811,
      0.0,
      0.003468805834152262,
      6.549213689064606e-07,
      0.013916884784529649,
      0.0002818553847288287,
      0.008301780584976238,
      0.0,
      0.005130205445651694,
      0.014335549147755389,
      0.008367056538008335,
      0.0,
      0.016787276860775708,
      0.0,
      0.006773683163407004,
      0.0,
      0.00014478270349403018,
      0.0,
      0.0,
      0.0043370317273311665,
      0.0,
      0.0,
      0.0,
      0.0027467590711259073,
      0.004066787615211115,
      0.0008284808046102434,
      0.0,
      0.0,
      0.0,
      0.0016547392079916028,
      0.012966242067646665,
      0.0,
      0.019894228112043333,
      0.0,
      0.0,
      0.0,
      0.0,
      0.018486468482248528,
      0.0,
      0.021708404324158076,
      0.0,
      0.0,
      0.0,
      0.010041149548495915,
      0.0,
      0.00048779473007459854,
      0.0,
      0.00537791360984366,
      0.0036241715789033855,
      0.003578754748341029,
      0.0,
      0.005973968021043818,
      0.0,
      0.0038162057853587143,
      0.0,
      0.0018839091751026524,
      0.018166977190797375,
      0.0,
      0.008589201344737847,
      0.0,
      0.018107675731762335,
      0.0,
      0.0,
      0.0,
      0.0,
      0.0,
      0.0,
      0.0,
      0.0,
      0.0041819052475493895,
      0.0,
      0.015372659108502846,
      0.005999665453664383,
      0.0042348585717585175,
      0.009835573859065971,
      0.009087471947767328,
      0.005312062009452317,
      0.0,
      0.006258127814574979,
      0.01446974103025727,
      0.0018529546121837245,
      0.0,
      0.0,
      0.0,
      0.0003861067667438286,
      0.010245278949602855,
      0.010838147423409793,
      0.0,
      0.005484517510952151,
      0.0008879537003473772,
      0.006558398017535177,
      0.005338039906457984,
      0.0,
      0.0013943561394077735,
      0.0010762369364661372,
      0.008306863429207867,
      0.0,
      0.0,
      0.0,
      1.699113320086821e-05,
      0.0,
      0.00439424182153502,
      0.002796724205297725,
      0.0,
      0.010122855986832024,
      0.0,
      0.0,
      0.0,
      0.0,
      0.0052816521327209535,
      0.0,
      0.013000615163787175,
      0.0,
      0.0014625925167611367,
      0.0,
      0.0,
      0.0,
      0.0,
      0.025876396514566732,
      0.009054259954225171,
      0.014063922387447182,
      0.00575424702060031,
      0.02075021651580287,
      0.012784370371412317,
      0.0003912259974824759,
      0.004816932147599013,
      0.0,
      0.01724845923700479,
      0.0,
      0.0,
      0.002104217060529629
    ],
    "low_data": false
  },
  "250000": {
    "median": 0.0004159904030957718,
    "p90": 0.011050742339166787,
    "p10": 0.0,