{
  "100000": {
    "median": 0.0,
    "p90": 0.010211581037734783,
    "p10": 0.0,
    "sample": [
      0.0001417559863571488,
      0.00013259460727245876,
      0.0,
      0.00045477608566523077,
      0.0,
      0.0,
      0.0019122348543132851,
      0.0,
      0.0,
      0.006437742994654895,
      0.0037581307444544266,
      0.0,
      0.026066885142804253,
      0.0,
      0.0009793503617768608,
      0.00265256891253792,
      0.0070157426179100115,
      0.009539537786795888,
      0.005069032298656183,
      0.0,
      0.0,
      0.0,
      0.00016484239840351702,
      0.0,
      0.0,
      0.0,
      0.009897565336291731,
      0.0,
      0.0,
      0.003823989464828638,
      0.0022078836548273645,
      0.008162014207769545,
      0.0,
      0.016087083769132888,
      0.006522936069054447,
      0.012803138688463953,
      0.0013034923562343305,
      0.007334931847195492,
      0.0,
      0.013622095333457212,
      0.0,
      0.002029217064515159,
      0.0,
      0.01558492961310394,
      0.0016266378575787235,
      0.006194348532243448,
      0.0,
      0.004571136884810403,
      0.0,
      0.0030037406807706243,
      0.007381287456414293,
      0.0,
      0.0017517516808945525,
      0.0,
      0.0,
      0.0,
      0.004074585656408153,
      0.0,
      0.0034127257858514617,
      0.012609546771092392,
      0.005687750552439877,
      0.00506686362426342,
      0.0,
      0.002045066170148027,
      0.006717471175719007,
      0.0,
      0.0,
      0.002545152614575248,
      0.008103228398340065,
      0.0,
      0.0,
      0.003189192461846029,
      0.008649847349122216,
      0.004590195300604665,
      0.0,
      0.00026741948874271147,
      0.0,
      0.0,
      0.0,
      0.0,
      0.001321518349706332,
      0.0,
      0.0,
      0.0,
      0.0,
      0.0,
      0.0,
      0.002615788527588118,
      0.0,
      0.0023697555357752908,
      0.014584098354005825,
      0.0034551731069350227,
      0.0,
      0.0,
      0.0,
      0.006099869782308657,
      0.0,
      0.0,
      0.0002646400137010437,
      0.0,
      0.0,
      0.0,
      0.014809989852786754,
      0.006219402611053028,
      0.0,
      0.008321442516483599,
      0.0021975903350935117,
      0.0,
      0.0,
      0.0,
      0.004049142731546121,
      0.0,
      0.005048304761388679,
      0.007935053280827126,
      0.0,
      0.0,
      0.0,
      0.0,
      0.00137027670140754,
      0.0,
      0.0,
      0.011654933876883239,
      0.0005338693216798313,
      0.0013187921762394096,
      0.0006360634963508559,
      0.0,
      0.0,
      0.0021382334391156633,
      0.0,
      0.012941739719906734,
      0.0,
      0.0010868179659851017,
      0.005395987931758724,
      0.0027710007941258038,
      0.0,
      0.0,
      0.016736618641803487,
      0.0038835361481911277,
      0.0,
      0.0,
      0.011556816592912625,
      0.0,
      0.0,
      0.0,
      0.0,
      0.0,
      0.0,
      0.00940346608829154,
      0.00814518635570845,
      0.0,
      0.0,
      0.0016032182922714286,
      0.0,
      0.02077586900499848,
      0.0,
      0.010146417044512671,
      0.0,
      0.0,
      0.0,
      0.0,
      0.0013314038117695727,
      0.0,
      0.0,
      0.0,
      0.0022979475070692866,
      0.0,
      0.002898985689656,
      0.0,
      0.0011750661438313013,
      0.0018663758829938846,
      0.010926944343598574,
      0.0,
      0.0,
      0.0,
      0.0,
      0.005567487077331929,
      0.0,
      0.0,
      0.0,
      0.0,
      0.010798056976733826,
      0.015269188766693025,
      0.022668465530406284,
      0.011474167483302568,
      0.0,
      0.0,
      0.0034327563992768346,
      0.0,
      0.0,
      0.007004138249443361,
      0.0,
      0.0,
      0.016031666429212957,
      0.0,
      0.0,
      0.0031782362286995394,
      0.004019618444665434,
      0.0,
      0.0,
      0.014470215734088073
    ],
    "low_data": false
  },
  "250000": {
    "median": 0.0,
    "p90": 0.010430855569506839,
    "p10": 0.0,
    "sample": [
      0.0003233608337990684,
      0.00030246273096966834,
      0.00014245681516610623,
      0.000569485739698426,
      0.0,
      0.0,
      0.0021300177421296838,
      0.0,
      0.0,
      0.006612335118439103,
      0.004020673385476926,
      0.0,
      0.026233758474302593,
      0.0,
      0.001101503640504061,
      0.002909832556828981,
      0.007200513074558016,
      0.009717606850266347,
      0.005204216554231979,
      0.0,
      0.0,
      0.0,
      0.00042457422313049145,
      0.0,
      0.0,
      0.0,
      0.0100217070759185,
      0.0,
      0.0,
      0.003980363495156525,
      0.002352910047015585,
      0.008286637382859688,
      0.0,
      0.016252716132432368,
      0.006675489993146464,
      0.013112121231982783,
      0.0015400531183273293,
      0.007457625550213012,
      0.0,
      0.013762866139763033,
      0.0,
      0.002280155640952268,
      0.0,
      0.01570083569212189,
      0.0018017226945951756,
      0.006381518226263873,
      0.0,
      0.004720021055774456,
      0.0,
      0.0031379963266070527,
      0.007666495298188165,
      0.0,
      0.0019190370344895778,
      0.0,
      0.0,
      0.0,
      0.0043038094953930205,
      0.0,
      0.003671179294319986,
      0.012874814145929621,
      0.005839561762604544,
      0.005242988643551866,
      0.0,
      0.0021698916039176726,
      0.00692646479781061,
      0.0,
      0.0,
      0.002741567324932573,
      0.008226176767734168,
      0.0,
      0.0,
      0.00336362785925932,
      0.008778225805671143,
      0.004870487236916474,
      0.0,
      0.0004150166676212095,
      0.0,
      0.0,
      0.0,
      0.0,
      0.0014598984911706509,
      0.0,
      0.0,
      0.0,
      0.0,
      0.0,
      0.0,
      0.0027679866544962376,
      0.0,
      0.002587104330058182,
      0.01474007511957225,
      0.003690778856869145,
      0.0,
      0.0,
      0.0,
      0.006222930088681313,
      0.0,
      0.0,
      0.0003913906405962549,
      0.0,
      0.0,
      0.0,
      0.014928669938325052,
      0.006338606324937043,
      0.0,
      0.00846827269626644,
      0.0023271204860782282,
      0.0,
      0.0,
      0.0,
      0.004244377101830406,
      0.0,
      0.005294195572531593,
      0.008069136465673076,
      0.0,
      0.0,
      0.0,
      0.0,
      0.0014964460901622492,
      0.0,
      0.0,
      0.011920671837073892,
      0.0007978341475477872,
      0.0015850752030871454,
      0.0007516522488903764,
      0.0,
      0.0,
      0.0023766865283930847,
      0.0,
      0.013077540240624779,
      0.0,
      0.0012027904239743507,
      0.005521441293365365,
      0.0029726057268386953,
      0.0,
      0.0,
      0.016869100134971317,
      0.004058508099321876,
      0.0,
      0.0,
      0.011681793688229233,
      0.0,
      0.0,
      0.0,
      0.0,
      0.00011534160454015877,
      0.0,
      0.009534371042425046,
      0.008293071830570124,
      0.0,
      0.0,
      0.0017250351073595754,
      0.0,
      0.020950280857869145,
      0.0,
      0.01037520242777359,
      0.0,
      0.0,
      0.0,
      0.0,
      0.001445547020269935,
      0.0,
      0.0,
      0.0,
      0.0024400298323093714,
      0.0,
      0.003034951396493463,
      0.0,
      0.0012936252480906772,
      0.001992754541968134,
      0.011110824511373423,
      0.0,
      0.0,
      0.0,
      0.0,
      0.005713128153781011,
      0.0,
      0.0,
      0.0,
      0.0,
      0.010931733845106121,
      0.01539459489712898,
      0.022819662981543812,
      0.011678635988967763,
      0.0,
      0.0,
      0.003575858219268373,
      0.0,
      0.0,
      0.007138620501564109,
      0.0,
      0.0,
      0.01620072839502065,
      0.0,
      0.0,
      0.0034287594243165727,
      0.004177184285908653,
      0.0,
      0.0,
      0.014646807351549045
    ],
    "low_data": false
  },
  "500000": {
    "median": 0.0,
    "p90": 0.010768997597206715,
    "p10": 0.0,