{
  "100000": {
    "median": 0.00015913824349928602,
    "p90": 0.009801469040089425,
    "p10": 0.0,
    "sample": [
      0.0001661140237876285,
      0.00015216246321094354,
      0.0,
      0.0019851021350229675,
      0.0,
      0.0,
      0.0,
      0.009552691078466407,
      0.009792836079800638,
      0.0,
      0.004358954730581239,
      0.01854521340356774,
      0.0021702352495821167,
      0.013082059206660376,
      0.0008741030223880976,
      0.0,
      0.001897707078376821,
      0.005535956665586505,
      0.011093120926246747,
      0.0031011015794583734,
      0.0032134489985251166,
      0.011866702607273901,
      0.0,
      0.0,
      0.0011420357855970826,
      0.005171055194944167,
      0.015859777665225897,
      0.0,
      0.0052320615360572035,
      0.014013139802919754,
      0.0015204323368631005,
      0.0,
      0.020475231222954873,
      0.0,
      0.0,
      0.005113263254588444,
      0.0,
      0.0,
      0.0,
      0.0,
      0.002607196454880281,
      0.0010811206813324734,
      0.0004024989060431272,
      0.0,
      0.0024735056234654338,
      0.0037921959931160247,
      0.004143419841221871,
      0.000735031901208681,
      0.0,
      0.0020860178018222825,
      0.004478807117584099,
      0.0,
      0.0024390608015592515,
      0.006055474638509641,
      0.013030450079374468,
      0.0,
      0.0006685931689111509,
      0.013092675318855823,
      0.0,
      0.0,
      0.005928072743282327,
      0.0,
      0.011961128468486912,
      0.0,
      0.010661123627829077,
      0.0024571781471178005,
      0.0,
      0.006852408612476398,
      0.00080860342685357,
      0.0,
      0.0007493619300646309,
      0.0,
      0.0,
      0.0,
      0.000943045577328674,
      0.0,
      0.001484914405715214,
      0.0,
      0.0,
      0.0,
      0.005467644616552531,
      0.0,
      0.0,
      0.007386879759041686,
      0.0,
      0.0,
      0.016121380985667746,
      0.0007630993697507333,
      0.0,
      0.008285910487168558,
      0.01744091046012438,
      0.0006406562944674707,
      0.006470920966844211,
      0.0,
      0.003969084773100041,
      0.008868175513069714,
      0.0,
      0.008566314414800014,
      0.0,
      0.007056153076226541,
      0.0,
      0.0071449618012173486,
      0.0,
      0.0,
      0.0,
      0.0,
      0.0,
      0.0049671581372360074,
      0.003001969175702501,
      0.0,
      0.0,
      0.005551496018202114,
      0.0029866555090684098,
      0.0,
      0.004643807990931534,
      0.006299704592571188,
      0.006686057780240319,
      0.0,
      0.007944885220620179,
      0.0,
      0.0,
      0.0,
      0.003350907855360864,
      0.005645975937163316,
      0.0004935077507038742,
      0.0019538965614784,
      0.010501898144005036,
      0.004841302143411897,
      0.009686597639709192,
      0.0033598093963001095,
      0.0,
      0.0018969961567267418,
      0.0,
      0.0,
      0.0011991199036853583,
      0.0,
      0.0,
      0.0,
      0.0,
      0.004220412354283048,
      0.006886201834976249,
      0.0021777498078991322,
      0.0,
      0.0,
      0.0,
      0.0,
      0.0,
      0.009904557778236378,
      0.0013694125830672286,
      0.0,
      0.022697028732835182,
      0.0,
      0.0,
      0.0030734332812896847,
      0.0041817380805158726,
      0.015144940234539812,
      0.0029435246524193424,
      0.0,
      0.0,
      0.008195088036201352,
      0.0,
      0.0003728132040581194,
      0.0,
      0.0,
      0.0,
      0.0,
      0.0,
      0.019781635924850507,
      0.0,
      0.0,
      0.0,
      0.00987916568268852,
      0.01252988610051702,
      0.0,
      0.0,
      0.0,
      0.004187222018672778,
      0.0,
      0.0,
      0.0,
      0.007888902745097537,
      0.0,
      0.0037870554003640094,
      0.0030926939755108076,
      0.0,
      0.0,
      0.0,
      0.0,
      0.005220526531689587,
      0.0,
      0.0,
      0.0,
      3.0342781916251943e-05,
      0.0,
      0.0,
      0.0,
      0.003236224326265348,
      0.0,
      0.0005844083975792319,
      0.0071969099066184865
    ],
    "low_data": false
  },
  "250000": {
    "median": 0.0003630116542492895,
    "p90": 0.009936358590818345,
    "p10": 0.0,