{
  "100000": {
    "median": 0.00035709828155006606,
    "p90": 0.010256870460782113,
    "p10": 0.0,
    "sample": [
      0.00011128010716527959,
      9.689600492761119e-05,
      0.005435843012785062,
      0.0004072334206211618,
      0.001600586191885299,
      0.006558010488214539,
      0.029723108211372813,
      0.008082646804834951,
      0.0,
      0.0,
      0.007500404642673607,
      0.008426778234616754,
      0.0,
      0.0034043183619674776,
      0.002196528384560929,
      0.0,
      0.009222076633493198,
      0.0,
      0.0,
      0.011004454329617485,
      0.0,
      0.006253400016681906,
      0.012303868216318304,
      0.0,
      0.006642529056719016,
      0.0,
      0.0,
      0.0023508160116226984,
      0.0,
      0.0004294571974619143,
      0.0,
      0.0,
      0.0,
      0.0051945689960985865,
      0.0,
      0.0,
      0.005263736781260706,
      0.004989204387371559,
      0.0,
      0.0,
      0.0,
      0.0,
      0.0020724937565251983,
      0.003957423915072735,
      0.004518084113911242,
      0.0076550323220881235,
      0.0,
      0.0,
      0.0,
      0.008131868585122742,
      0.0,
      0.0,
      0.0,
      0.0035846566855250632,
      0.0,
      0.0,
      0.0,
      0.0,
      0.0,
      0.010318959707268333,
      0.0,
      0.0,
      0.003974694686591957,
      0.0059572619188318085,
      0.0006068072718324122,
      0.005261216523707251,
      0.0010199482032171737,
      0.007248022661917988,
      0.0017264122244707177,
      0.0023368634212703075,
      0.0004991724431054661,
      0.01473507552991381,
      0.0,
      0.0,
      0.002191983572550954,
      0.0,
      0.0,
      0.004982727896664599,
      0.0,
      0.0,
      0.008514452930328672,
      0.007490788359701768,
      0.00022038321440220692,
      0.013901217147723167,
      0.0,
      0.0,
      0.0038074553916059247,
      0.0006530247864593719,
      0.010660513366870766,
      0.0006411978958820356,
      0.0033022379420900574,
      0.0,
      0.009202361319717847,
      0.0,
      0.002301786118884575,
      0.011106365551275015,
      0.0,
      0.0,
      0.004236001114219596,
      0.004884053322698373,
      0.012642668233003813,
      0.0,
      2.9650906902015225e-05,
      0.0,
      0.004501677821275708,
      0.0,
      0.0,
      0.0,
      0.0,
      0.0,
      0.0,
      0.013219715634076111,
      0.009066489008043776,
      0.028717507593013027,
      0.007107544466153225,
      0.0,
      0.013439341874899176,
      0.006682134422591031,
      0.0,
      0.0,
      0.004014994464616904,
      0.0,
      0.0,
      0.0025089608515635625,
      0.0028252479128928784,
      0.008877126125927282,
      0.019455329698896837,
      0.0,
      0.0,
      0.004275764020453129,
      0.001409717161057656,
      0.0009262065217636024,
      0.0,
      0.007785056922552295,
      0.0,
      0.0,
      0.0023486765579563856,
      0.010774122629596334,
      0.0,
      0.005286029357878705,
      0.0036835333377559397,
      0.0048523691804493625,
      0.0,
      0.00697089030195698,
      0.00471594871042839,
      0.0,
      0.0,
      0.0,
      0.00030696314247897024,
      0.0,
      0.001252714365547634,
      0.0,
      0.0,
      0.016238821227851946,
      0.0,
      0.0,
      0.0,
      0.0,
      0.0,
      0.003121711731699204,
      0.004547209109137189,
      0.011670438320267337,
      0.0,
      0.0,
      0.010249971655616977,
      0.0,
      0.004913268199366506,
      0.0,
      0.013302699108205413,
      0.0,
      0.0,
      0.016567875983808773,
      0.0,
      0.0,
      0.0,
      0.0,
      0.008593219822056769,
      0.0,
      0.0070232877873385394,
      0.0,
      0.020071758537423205,
      0.0,
      0.005117376964219141,
      0.010112539940484137,
      0.004775592846611313,
      0.007421048183272449,
      0.0025668655911237938,
      0.0016643305344064881,
      0.0,
      0.0,
      0.0,
      0.0,
      0.009866028231331652,
      0.0038642008304134202,
      0.0,
      0.0,
      0.004711755847259517,
      0.002766787101894655,
      0.013485394798115696,
      0.009838604137215233
    ],
    "low_data": false
  },
  "250000": {
    "median": 0.0005159983057295169,
    "p90": 0.010403639217998016,
    "p10": 0.0,