{
  "100000": {
    "median": 0.0,
    "p90": 0.011945303846769778,
    "p10": 0.0,
    "sample": [
      9.728020407758829e-05,
      0.0002017910802907273,
      0.0,
      0.008504604776596083,
      0.0,
      0.0,
      0.0,
      0.0,
      0.0,
      0.004727781034486488,
      0.0,
      0.0,
      0.017316482414237312,
      0.0066818721881544306,
      0.0,
      0.0008398947173140004,
      0.004994411418503697,
      0.024641790428910442,
      0.0,
      0.014534466370699328,
      0.0,
      0.0,
      0.0,
      0.004946013994519274,
      0.012138327708501562,
      0.004447283187095642,
      0.0,
      0.0,
      0.0,
      0.0,
      0.0,
      0.0,
      0.006115130271412322,
      0.009411400593161997,
      0.0,
      0.0007519458054186034,
      0.0,
      0.0,
      0.0,
      0.0,
      0.0,
      0.0,
      0.0,
      0.020785759113023963,
      0.01885783916708859,
      0.01109850177517878,
      0.0,
      0.0,
      0.005453441307408654,
      0.0,
      0.021405365995581422,
      0.0,
      0.0,
      0.0,
      0.0,
      0.008961263750576282,
      0.0,
      0.01461344999045085,
      0.004986696746997112,
      0.0,
      0.0,
      0.0,
      0.002912528332644525,
      0.0,
      0.0,
      0.0,
      0.013013992615601508,
      0.00584404916310582,
      0.0,
      0.0,
      0.0,
      0.0,
      0.012758294087614487,
      0.0,
      0.003056837150329545,
      0.011279036465994985,
      0.009107458089797533,
      0.0,
      0.012114367661303624,
      0.010954747842876877,
      0.0,
      0.0,
      0.005312671481693244,
      0.0,
      0.0,
      0.01342740677392203,
      0.002367357358084361,
      0.0,
      0.0,
      0.016803139948170096,
      0.009423075331646052,
      0.010883350470781334,
      0.0,
      0.0025729221550389635,
      0.002680103955280879,
      0.01192651897848824,
      0.0,
      0.0,
      0.0,
      0.0,
      0.00961433611450539,
      0.0005954241049783508,
      0.004823025449708064,
      0.0,
      0.0,
      0.0063303870750767,
      0.012860606293951839,
      0.0008725493928988652,
      0.0,
      0.00519052389996737,
      0.009286232823142025,
      0.01008857612657882,
      0.0,
      0.004646618225315983,
      0.002778093426815994,
      0.0077194523329196935,
      0.005190702036562614,
      0.005342604658623357,
      0.00035213895400985196,
      0.0,
      0.0,
      0.0,
      0.0,
      0.0,
      0.006977364715756452,
      0.0,
      0.0,
      0.0,
      0.011097781321645642,
      0.0,
      0.0,
      0.007901783844413842,
      0.017746935289288113,
      0.0,
      0.011911954733842128,
      0.0020122524835561287,
      0.0,
      0.0014997518823152243,
      0.0,
      0.0,
      0.0,
      0.0,
      0.0,
      0.008817141875519158,
      0.004341151780514697,
      0.0,
      0.0030257023101944603,
      0.0,
      0.0,
      0.008965829253403527,
      0.0,
      0.0,
      0.015567328127054766,
      0.0,
      0.007850289152717226,
      0.0,
      0.0,
      0.0,
      0.0,
      0.006276436993100799,
      0.01237709293833141,
      0.0038275573427971007,
      0.0,
      0.009303875161276518,
      0.00908283089501376,
      0.0033293357707088844,
      0.0,
      0.019973760453922,
      0.03121271177682396,
      0.0,
      0.005171880340198463,
      0.0,
      0.0,
      0.0,
      0.006381603744520765,
      0.008709373738491111,
      0.0,
      0.0033697965353037557,
      0.0,
      0.0,
      0.0,
      0.0,
      0.0038014412629690433,
      0.004345848766045092,
      0.017581301939473895,
      0.001472222112907112,
      0.010384294421661928,
      0.0015030817587880273,
      0.0,
      0.001151775367618321,
      0.0,
      0.004574956348547103,
      0.0059316500134303516,
      0.0,
      0.0,
      0.0,
      0.0,
      0.0,
      0.0,
      0.00463260162300121
    ],
    "low_data": false
  },
  "250000": {
    "median": 0.0,
    "p90": 0.012260746841244008,
    "p10": 0.0,
    "sample": [
      0.0002219067336134839,
      0.00046030741736455554,
      0.0,
      0.008625795210469148,
      0.0,
      0.0,
      0.0,
      0.0,
      0.0,
      0.0049672972763225975,
      0.0,
      0.0,
      0.017439165263634652,
      0.006816105567845985,
      0.0,
      0.0011583374643359214,
      0.005141659670582063,
      0.024831696626491526,
      0.0,
      0.014799090785757488,
      0.0,
      0.0,
      0.0,
      0.00514861813854986,
      0.01226041925032599,
      0.004574824707422814,
      0.0,
      0.0,
      0.0,
      0.0,
      0.0,
      0.0,
      0.006250128600801002,
      0.009709155840734094,
      0.0,
      0.0008722958485713365,
      0.0,
      0.0,
      0.0,
      0.0,
      0.0,
      0.0,
      0.0,
      0.021102423404173645,
      0.018990874241096113,
      0.011266198673054223,
      0.0,
      0.0,
      0.005798037291523374,
      0.0,
      0.02173316562717869,
      4.384727646752375e-05,
      0.0,
      0.0,
      0.0,
      0.009128844615580391,
      0.0,
      0.01485912712969068,
      0.005286079811988636,
      0.0,
      0.0,
      0.0,
      0.0031751183547316024,
      0.0,
      0.0,
      0.0,
      0.013196315611828524,
      0.006085099971913726,
      0.0,
      0.0,
      0.0,
      0.0,
      0.012915778627600084,
      0.0,
      0.0032697078747730584,
      0.011512008632250575,
      0.009279424946291208,
      0.0,
      0.0122779203949239,
      0.011117148072431277,
      0.0,
      0.0,
      0.005524862713240645,
      0.00010642829178425598,
      0.0,
      0.013618050262350712,
      0.0026701710468691004,
      0.0,
      0.0,
      0.01698178577766972,
      0.009577555484660457,
      0.011256549333150909,
      0.0,
      0.0027306349696625642,
      0.0028289033586917705,
      0.01226369515950617,
      0.0,
      0.0,
      0.0,
      0.0,
      0.009778894977589221,
      0.0009389361057401473,
      0.005041407299422322,
      0.0,
      0.0,
      0.0065058717216246835,
      0.013144495156407185,
      0.0011046696608862116,
      0.0,
      0.005366338156475374,
      0.009534765141660274,
      0.010336773383277001,
      0.0,
      0.0049118700413395494,
      0.0029562774337067157,
      0.007888731478346666,
      0.005346292694723129,
      0.005550240451248697,
      0.0006174125733390109,
      0.0,
      0.0,
      0.0,
      0.0,
      0.0,
      0.007302956870825867,
      0.0,
      0.0,
      0.0,
      0.01134273029611405,
      0.0,
      0.0,
      0.00819882113901111,
      0.017917995723264718,
      0.0,
      0.012207820207840685,
      0.002455058512007852,
      0.0,
      0.0016868309903936276,
      0.0,
      0.0,
      0.0,
      0.0,
      0.0,
      0.00904678000764395,
      0.004735883113695112,
      0.0,
      0.0032173376018585337,
      0.0,
      0.0,
      0.009187674795189149,
      0.0,
      0.0,
      0.015779423981587357,
      0.0,
      0.008119586265777344,
      0.0,
      0.0,
      0.0,
      0.0,
      0.00645077486049302,
      0.01253206122167168,
      0.004174962622331277,
      0.0,
      0.009627100324343676,
      0.009404938311489796,
      0.0035827753976494835,
      0.0,
      0.020125549101591325,
      0.03153318921186772,
      0.0,
      0.005331566557526244,
      0.0,
      0.0,
      0.0,
      0.006530113822184823,
      0.008937366813502864,
      0.0,
      0.003582418291726131,
      0.0,
      0.0,
      0.0,
      0.0,
      0.004089798039906336,
      0.004560803063272482,
      0.017827846082240913,
      0.001634016620509239,
      0.01056479052222214,
      0.00178294408385175,
      0.0,
      0.00140561246145415,
      0.0,
      0.004870993189252971,
      0.006272912668299792,
      0.0,
      0.0,
      0.0,
      0.0,
      0.0,
      0.0,
      0.004885023897848094
    ],
    "low_data": false
  },
  "500000": {
    "median": 2.0380596025980542e-05,
    "p90": 0.012543528004589143,
    "p10": 0.0,