{
  "100000": {
    "median": 0.0,
    "p90": 0.008374764946878865,
    "p10": 0.0,
    "sample": [
      0.00017654713781059365,
      9.299847493262637e-05,
      0.0,
      0.010691231059518854,
      0.0,
      0.005093257150634246,
      0.006336038515941607,
      0.0,
      0.01476269844088239,
      0.0018050734110735972,
      0.00642683900040214,
      0.0,
      0.0,
      0.0,
      0.0,
      0.0034711061068373886,
      0.0,
      0.005822053744452826,
      0.0,
      0.0,
      0.015346643970107585,
      0.022022474036508106,
      0.0003671816710882744,
      0.007392725179681269,
      0.0,
      0.0,
      0.0,
      0.02192314494043137,
      0.0,
      0.0,
      0.006859158404817909,
      0.0,
      0.0,
      0.004806268431276724,
      0.0,
      0.0,
      0.0,
      0.0,
      0.0,
      0.0025544810791255598,
      0.0,
      0.0,
      0.0,
      0.0,
      0.0,
      0.0,
      0.0027913883054752685,
      0.0010526994981798685,
      0.0,
      0.0031468356216963612,
      0.0,
      0.01646126859547875,
      0.0024926318535653364,
      0.0,
      0.0,
      0.0,
      0.006459788942384089,
      0.0,
      0.004863254795613175,
      0.0,
      0.0,
      0.0,
      0.0033492497910141677,
      0.0013729429622990359,
      0.0,
      0.0,
      0.004274079259843247,
      0.0,
      0.0,
      0.0,
      0.003986110391212069,
      0.012207893228168265,
      0.0034155977112488513,
      0.004985607125552526,
      0.0,
      0.0019712795858486576,
      0.0,
      0.003760040569842136,
      0.0,
      0.004778006269312807,
      0.008659885951143682,
      0.0,
      0.0,
      0.012880190114090112,
      0.0,
      0.0037883349609101795,
      0.001577223868143055,
      0.0,
      0.0,
      0.002900287475400376,
      0.0,
      0.00020653337344723514,
      0.0,
      0.0,
      0.015683918171101326,
      0.0,
      0.0,
      0.006436657724484322,
      0.0,
      0.0,
      0.0,
      0.0,
      0.0,
      0.0,
      0.0,
      0.0,
      0.0,
      0.007775332583777197,
      0.0,
      0.0,
      0.009224953855875179,
      0.004977422567691476,
      0.001004790952890112,
      0.0,
      0.0,
      0.0017524138176122585,
      0.01750372336334049,
      0.0,
      0.0,
      0.007085111241313313,
      0.0,
      0.005989631930207519,
      0.0,
      0.005542019132539729,
      0.0039584674608492305,
      0.0,
      0.010262643173905753,
      0.003702575284939469,
      0.0,
      0.00545035696593251,
      0.007696909452047382,
      0.0,
      0.0,
      0.0,
      0.0,
      0.0027320141792761777,
      0.012296086548303713,
      0.0018334813443351072,
      0.0017048451913422736,
      0.0023495080412658134,
      0.0013375276106570866,
      0.010302729165704806,
      0.0,
      0.007733028170993448,
      0.0,
      0.0,
      0.002741813166673765,
      0.0,
      6.365421169392385e-05,
      0.004643335723916422,
      0.008934573727068983,
      0.002566514482706937,
      0.006241763683249837,
      0.007186390592514567,
      0.0,
      0.0,
      0.01138284666534948,
      0.0,
      0.0,
      0.0,
      0.0,
      0.0,
      0.0,
      0.0,
      0.004102591810674714,
      0.00820619666942992,
      0.0,
      0.0,
      0.0,
      0.00039537978036788594,
      0.0,
      0.00175458880130963,
      0.0,
      0.001444018123410503,
      0.035882192346935925,
      0.0,
      0.0,
      0.0,
      0.0023076468649274244,
      0.0,
      0.0030931912924557175,
      0.0,
      0.0,
      0.0,
      0.0,
      0.008343084835293887,
      0.00948534085909635,
      0.0,
      0.0,
      0.0009067571242433179,
      0.0,
      0.0,
      0.009207921886280527,
      0.0,
      0.0,
      0.0,
      0.0013282983356696176,
      0.008119914598709801,
      0.002588665061283023,
      0.0
    ],
    "low_data": false
  },
  "250000": {
    "median": 0.0,
    "p90": 0.008591052129572056,
    "p10": 0.0,
    "sample": [
      0.0004027232369816149,
      0.00021213964340447962,
      0.0,
      0.010819535435312451,
      0.0,
      0.005210725025147434,
      0.006490729641314098,
      0.0,
      0.015043243345857521,
      0.0019634692252415258,
      0.006561296326716236,
      0.0,
      0.0,
      0.0,
      0.0,
      0.0036444316444860726,
      0.0,
      0.005939206643649078,
      0.0,
      0.0,
      0.015460366035359881,
      0.022264672005036883,
      0.0006222581695205765,
      0.007518318808741891,
      0.0,
      0.0,
      0.0,
      0.02204822603069154,
      0.0,
      0.0,
      0.007133049807534751,
      0.0,
      0.0,
      0.005018796484082914,
      0.0,
      0.0,
      0.0,
      0.0,
      0.0,
      0.002701915026059014,
      0.0,
      0.0,
      0.0,
      0.0,
      0.0,
      0.0,
      0.0030650879185303674,
      0.0011737588366485907,
      0.0,
      0.003337666371241992,
      0.0,
      0.01660726346181254,
      0.002710889981626783,
      0.0,
      0.0,
      0.0,
      0.006607890451908174,
      0.0,
      0.005145223979263527,
      0.0,
      0.0,
      0.0,
      0.003610182111696642,
      0.001500818560118146,
      0.0,
      0.0,
      0.004433008464283355,
      0.0,
      0.0,
      0.0,
      0.00408948697345609,
      0.012315279905115984,
      0.003651566105118498,
      0.005199089895818975,
      0.0,
      0.0020776094174032264,
      0.0,
      0.003913284705266082,
      0.0,
      0.004878098216645933,
      0.008774103113888803,
      0.0,
      0.0,
      0.013005056407135113,
      0.0,
      0.003964071135735156,
      0.0017697122166293858,
      0.0,
      0.0,
      0.0030249589696337135,
      0.0,
      0.00031113152819072035,
      0.0,
      0.0,
      0.015905235734642025,
      0.0,
      0.0,
      0.006635063254683132,
      0.0,
      0.0,
      0.0,
      0.0,
      0.0,
      0.0,
      0.0,
      0.0,
      0.0,
      0.00790424160897667,
      0.0,
      0.0,
      0.00946381826767469,
      0.005072458805297583,
      0.0011567451436768723,
      0.0,
      0.0,
      0.0018681816997154332,
      0.017676363709720606,
      0.0,
      0.0,
      0.00733580206752351,
      0.0,
      0.0062157740923927006,
      0.0,
      0.00564321218802784,
      0.004103591845463344,
      0.0,
      0.010360332445499311,
      0.003895939246084056,
      0.0,
      0.005548994217405597,
      0.007814194405162653,
      0.0,
      0.0,
      0.0,
      0.0,
      0.0029448414742505244,
      0.012495954157631155,
      0.00205841476766383,
      0.0019373920603268215,
      0.0024844734765659703,
      0.001480861132195141,
      0.010403681999749873,
      7.5060190218610235e-06,
      0.00791887286645527,
      0.0,
      0.0,
      0.0029179721769457944,
      0.0,
      0.00019829324476795788,
      0.004795146455441782,
      0.009040983217242395,
      0.0028302485912206875,
      0.006451810353233396,
      0.0072931553957472596,
      0.0,
      0.0,
      0.011553174064526784,
      0.0,
      0.0,
      0.0,
      0.0,
      0.0,
      0.0,
      0.0,
      0.004223418376846693,
      0.0083146082516343,
      0.0,
      0.0,
      0.0,
      0.0006567608454118395,
      0.0,
      0.001878370046011976,
      0.0,
      0.0015910396702177626,
      0.036003597015519036,
      0.0,
      0.0,
      0.0,
      0.0024151527853143676,
      0.0,
      0.0031990498520829778,
      0.0,
      0.0,
      0.0,
      0.0,
      0.00857071313131464,
      0.00965771577171847,
      0.0,
      0.0,
      0.0010923661648763819,
      0.0,
      0.0,
      0.00933650421332091,
      0.0,
      0.0,
      0.0,
      0.0014444179389112933,
      0.008245652510642233,
      0.0027043669248488543,
      0.0
    ],
    "low_data": false
  },
  "500000": {
    "median": 0.0,
    "p90": 0.008924587382983956,
    "p10": 0.0,