{
  "100000": {
    "median": 0.0,
    "p90": 0.010235716538758197,
    "p10": 0.0,
    "sample": [
      0.00015346186974080588,
      0.00011154327375650904,
      0.0010522019808852925,
      0.0,
      0.0,
      0.0,
      0.002667371997340541,
      0.0018830861308742333,
      0.0,
      0.012420876752305455,
      0.008059519347260891,
      0.003643312795544648,
      0.0,
      0.0,
      0.0,
      0.012802887526169314,
      0.014583633116568934,
      0.0,
      0.0,
      0.0,
      0.0038645916819418273,
      0.0,
      0.022828788883367746,
      0.008910760836310008,
      0.006349815161013748,
      0.0,
      0.005903274099972389,
      0.0009493061427256548,
      0.010598777412434921,
      0.009997426742446544,
      0.0,
      0.0,
      0.006161909046826096,
      0.0009369679948333611,
      0.0,
      0.0,
      0.0,
      0.0,
      0.015674425496719872,
      0.0019072026129406852,
      7.2860770688413e-05,
      0.0,
      0.0,
      0.00679592196426717,
      0.0021473737015628757,
      0.0,
      0.0058228763192932215,
      0.0,
      0.0,
      0.0,
      0.0,
      0.0007276562133989103,
      0.0,
      0.0,
      0.0,
      0.0,
      0.0054222303289030395,
      0.0,
      0.004397801575715228,
      0.0006197171826029835,
      0.0,
      0.0,
      0.0024238795847434866,
      0.0,
      0.003233499829851739,
      0.0,
      0.0,
      0.004378242358395199,
      0.0,
      0.0,
      0.0,
      0.0,
      0.0,
      0.0,
      0.0,
      0.0010160361517302994,
      0.01622320796950222,
      1.1726442060207832e-05,
      0.010228875879542326,
      0.0,
      0.0007485050483469413,
      0.01768238863324726,
      0.0,
      0.0,
      0.0,
      0.01386148668399747,
      0.0005145868360796118,
      0.00032906506798325777,
      0.0,
      0.0,
      0.0,
      0.0,
      0.004063470707748612,
      0.0,
      0.0,
      0.005519062886995536,
      0.0,
      0.0,
      0.0,
      0.0,
      0.012195658918799715,
      0.014109623746583859,
      0.0,
      0.0011926195315251173,
      0.005969019344377078,
      0.00021952724405937063,
      0.0,
      0.010840609828876056,
      0.0024325640977374023,
      0.00038526242449940745,
      0.0,
      0.0,
      0.010297282471701042,
      0.0,
      0.0,
      0.0,
      0.0,
      0.0,
      0.0,
      0.002993609674342968,
      0.0044025132769348095,
      0.0,
      0.0,
      0.0,
      0.0031553632924549947,
      0.0,
      0.0,
      0.00514378297039579,
      0.00798496477961788,
      0.0,
      0.007646130743241096,
      0.010171487178179232,
      0.0,
      0.0,
      0.003974988635520986,
      0.0,
      0.0,
      0.0,
      0.010678253763889934,
      0.0,
      0.0,
      0.0,
      0.007936454103975508,
      0.0,
      0.016629560978508286,
      0.014580429017477576,
      0.0015906841423803143,
      0.0021674396257529652,
      0.0,
      0.006577907726888059,
      0.004973344531302001,
      0.0,
      0.004840412857399623,
      0.00047167365309603936,
      0.005142803471524965,
      0.0015172519031511876,
      0.012256538361476154,
      0.00010946902997480918,
      0.0,
      0.0,
      0.0,
      0.0,
      0.0,
      0.022843081182344793,
      0.008806255689266412,
      0.0,
      0.008983998061588618,
      0.0,
      0.009150206087081867,
      0.003606550136036697,
      0.00406404916577438,
      0.0,
      0.0,
      0.007366218177867703,
      0.0,
      0.0,
      0.004262726707134783,
      0.0,
      0.007966633707595754,
      0.0,
      0.0,
      0.0,
      0.008227109760755072,
      0.0064634016874631885,
      0.007901878947684468,
      0.010405603875051095,
      0.0,
      0.0007469253069993117,
      0.0,
      0.0012170390282602844,
      0.004335196684218235,
      0.005147285847673936,
      0.0,
      0.0,
      0.0,
      0.006114965110583087,
      0.009072260200995143,
      0.0,
      0.00158075562993734,
      0.012365331821406806
    ],
    "low_data": false
  },
  "250000": {
    "median": 0.0,
    "p90": 0.01034481552339165,
    "p10": 0.0,
    "sample": [
      0.0003500632278817936,
      0.0002544423479634132,
      0.001244714999759412,
      0.0,
      0.0,
      0.0,
      0.002799697148903366,
      0.001996129354950312,
      0.0,
      0.012604674440968352,
      0.008164356460917198,
      0.003804991243968279,
      0.0,
      0.0,
      0.0,
      0.012935363345643942,
      0.014775019982932732,
      0.0,
      0.0,
      0.0,
      0.004050085715837695,
      0.0,
      0.02303334595783958,
      0.009065129845968842,
      0.006546863731305431,
      0.00015934084419914045,
      0.006073752539601674,
      0.0011970616445670205,
      0.010848457885193334,
      0.010107076640315899,
      0.0,
      0.0,
      0.006269914129855957,
      0.0010430884133210137,
      0.0,
      0.0,
      0.0,
      0.0,
      0.01590036587822982,
      0.002168462192635781,
      0.00018565735456824126,
      0.0,
      0.0,
      0.007001499895698471,
      0.002256111910943265,
      0.0,
      0.006060379612408958,
      0.0,
      0.0,
      0.0,
      0.0,
      0.0009640374010747685,
      0.0,
      0.0,
      0.0,
      0.0,
      0.005553058753563334,
      0.0,
      0.004624807509610327,
      0.0008105910294816623,
      0.0,
      0.0,
      0.002569054565808579,
      0.0,
      0.0033369608300967413,
      0.0,
      0.0,
      0.004579625071733935,
      0.0,
      0.0,
      0.0,
      0.0,
      0.0,
      0.0,
      0.0,
      0.001148187826365843,
      0.016309101333731382,
      9.329925909686586e-05,
      0.010336516033428384,
      0.0,
      0.0009413875188838548,
      0.017826181289573684,
      0.0,
      0.0,
      0.0,
      0.013957066362126421,
      0.0006322108985027606,
      0.0004802389250672545,
      0.0,
      0.0,
      0.0,
      0.0,
      0.004162311026541854,
      0.0,
      0.0,
      0.005716440128635023,
      0.0,
      0.0,
      0.0,
      0.0,
      0.012278813107815896,
      0.014306558312880772,
      0.0,
      0.001283801132172218,
      0.006152860387712934,
      0.0004131796980603459,
      0.0,
      0.010945362154830647,
      0.0025221499170245748,
      0.0004664580703648641,
      0.0,
      0.0,
      0.010419510933061042,
      0.0,
      0.0,
      0.0,
      0.0,
      0.0,
      0.0,
      0.0031237030997205216,
      0.004494702759948828,
      0.0,
      0.0,
      0.0,
      0.003290850459643479,
      0.0,
      0.0,
      0.005233890494250288,
      0.008089538200385776,
      0.0,
      0.007723451924286751,
      0.01026755225346911,
      0.0,
      0.0,
      0.004128288372165921,
      0.0,
      0.0,
      0.0,
      0.010786136533962392,
      0.0,
      0.0,
      0.0,
      0.00805107002983664,
      0.0,
      0.01680360987788128,
      0.01469205320033128,
      0.0016960053174570073,
      0.0022471982606588094,
      0.0,
      0.006660699186270491,
      0.005053091730943674,
      0.0,
      0.00493135440111334,
      0.0005640632524478371,
      0.005232728571821502,
      0.0015888234737575673,
      0.012329353322419155,
      0.00029146102990994233,
      0.0,
      0.0,
      0.00011412327154350184,
      0.0,
      0.0,
      0.022919422982590403,
      0.008916936314545354,
      0.0,
      0.009112678810983581,
      0.0,
      0.009225127137512066,
      0.003752876716319524,
      0.004175690360311845,
      0.0,
      0.0,
      0.007525698245405937,
      0.0,
      0.0,
      0.004324113249677455,
      0.0,
      0.008103062831400606,
      0.0,
      0.0,
      0.0,
      0.0082938825737806,
      0.006567959130219471,
      0.007972497464014771,
      0.010465825628998148,
      0.0,
      0.0008273072158491566,
      0.0,
      0.0012895161870155564,
      0.004445441411946476,
      0.0052181862873700744,
      0.0,
      0.0,
      0.0,
      0.006241296612767672,
      0.009144855295666596,
      0.0,
      0.0016970768861807436,
      0.012437575990353415
    ],