{
  "100000": {
    "median": 0.0006889612502076483,
    "p90": 0.01303357940884965,
    "p10": 0.0,
    "sample": [
      0.0001986798893581678,
      0.00010208903383341138,
      0.024178220297095553,
      0.028406856578608877,
      0.013025845033334333,
      0.0015179057764767097,
      0.0,
      0.0019565569215550687,
      0.000732838217663262,
      0.0003565313045515603,
      0.0,
      0.0,
      0.0008082491582104533,
      0.0,
      0.0,
      0.0,
      0.0,
      0.011141001467677712,
      0.006805085344910373,
      0.014064433252874155,
      0.011921287288420776,
      0.0,
      0.0,
      0.015389167141211553,
      0.004431617636083969,
      0.008322984396998955,
      0.0,
      0.010457369520249142,
      0.0,
      0.0038392153067538766,
      0.0,
      0.011820665449148072,
      0.011511545671646221,
      0.0,
      0.0,
      0.013030254997868574,
      0.0056656407334907686,
      0.0,
      0.0,
      0.0,
      0.0,
      0.003368817420192319,
      0.0003188830345501807,
      0.0,
      0.0,
      0.014578237977521061,
      0.009259357347626994,
      0.01901467878738272,
      0.0,
      0.0023202814747695726,
      0.0,
      0.0,
      0.0,
      0.0031620426617631602,
      0.0,
      0.0,
      0.03834484028737795,
      0.0,
      0.019369454854644527,
      0.0015756150957652885,
      0.0,
      0.0,
      0.008686716689645657,
      0.00622422759067062,
      0.0,
      0.0064844899072798836,
      0.0,
      0.0,
      0.0030679604884224975,
      0.0,
      0.01024849576315583,
      0.0,
      0.0,
      0.0,
      0.0006450842827520348,
      0.0,
      0.0,
      0.0,
      0.012623436193343593,
      0.002815147481811864,
      0.0,
      0.012725286878739264,
      0.0,
      0.0,
      0.013956188443751067,
      0.0006132498718897963,
      0.0026092238006037395,
      0.0,
      0.0,
      0.004135150297670885,
      0.024534370716406448,
      0.005058682132709922,
      0.0,
      0.013063499107679337,
      0.006876526298913903,
      0.0,
      0.016463976299704804,
      0.0,
      0.014945521093603338,
      0.0,
      0.0,
      0.014752592779407964,
      0.014031853278923766,
      0.002225128494286458,
      0.010513918907348188,
      0.005099386204219635,
      0.003592159804637342,
      0.0,
      0.0005714367151294004,
      0.0,
      9.403058883832412e-07,
      0.01354878035431987,
      0.0,
      0.0,
      0.0044829469799249995,
      0.0,
      0.0,
      0.0,
      0.00933510828129445,
      0.018673778490312504,
      0.007904917344151162,
      0.008319093735455314,
      0.0,
      0.015627627686676606,
      0.00923566930665929,
      0.003798746839960542,
      0.0014260590927392426,
      0.003632329711952395,
      0.0009425502165190634,
      0.006152199161797235,
      0.004297688238125081,
      0.0021674481508434907,
      0.00846015880421049,
      0.0014481301529236305,
      0.0,
      0.0011783345957894803,
      0.0,
      0.001845792236917363,
      0.010041193897202115,
      0.0,
      0.004033400154654992,
      0.0,
      0.0,
      0.0,
      0.0,
      0.0008590251278164461,
      0.00031822455946041136,
      0.0,
      0.004522073594037343,
      0.0016706469865374572,
      0.0,
      0.0,
      0.0,
      0.0,
      0.0026548247167413035,
      0.0,
      0.0,
      0.0,
      0.006827316311976631,
      0.012452067381166781,
      0.01041277870019343,
      0.0,
      0.0,
      0.004558723133152784,
      0.001231151068732194,
      0.008756448774232735,
      0.0,
      0.0,
      0.00402486059246178,
      0.0024429012559088826,
      0.005145926895202608,
      0.0,
      0.0,
      0.0,
      0.0003069051514412055,
      0.0,
      0.005968563398648722,
      0.0,
      0.003061491693400588,
      0.007007784595675354,
      0.010840478676871606,
      0.01258696853853629,
      0.0,
      0.0,
      0.0,
      0.0,
      0.0004138889043480986,
      0.0,
      0.0036783817987293254,
      0.009104408772897442,
      0.0,
      0.005879044244860437,
      0.01263130717671346,
      0.004487811969887671,
      0.0,
      0.015523495931807135,
      0.005282766643231109,
      0.01333528504694443,
      0.0,
      0.006748581315757436
    ],
    "low_data": false
  },
  "250000": {
    "median": 0.0008356795018667926,
    "p90": 0.013187683343156063,
    "p10": 0.0,