{
  "100000": {
    "median": 0.0,
    "p90": 0.011395288065215428,
    "p10": 0.0,
    "sample": [
      0.0001158751379788251,
      8.393369894967055e-05,
      0.008623933559610707,
      0.0,
      0.006022423856309904,
      0.0,
      0.0,
      0.0,
      0.0,
      0.0,
      0.0,
      0.0068566732494972,
      0.0,
      0.006540663421608446,
      0.002554365640799579,
      0.0012120919250552466,
      0.007905284910556896,
      0.0,
      0.0,
      0.0,
      0.012689663512966893,
      0.018869520462985248,
      0.0006186460290204263,
      0.0,
      0.0,
      0.002335130201992504,
      0.0,
      0.012339563762240222,
      0.0,
      0.0,
      0.001341807822227391,
      0.0,
      0.0,
      0.011684196843831087,
      0.0,
      0.0133552978492502,
      0.015742871645776223,
      0.0,
      0.027735152190295098,
      0.013844289320062216,
      0.0,
      0.0,
      0.0,
      0.010803202952349673,
      0.0007193825960920944,
      0.0,
      0.0,
      0.006971457744613111,
      0.001144110768124027,
      0.0,
      0.0006136452734177434,
      0.0,
      0.0,
      0.0,
      0.002959904519929581,
      0.0018001777209612525,
      0.0016225228861225889,
      0.0,
      0.0,
      0.00063265765288807,
      0.0,
      0.0,
      0.01422713650222613,
      0.008713506546844909,
      0.005656992904768618,
      0.0,
      0.0,
      0.003422486460284284,
      0.0,
      0.0,
      0.0,
      0.0,
      0.0042591998564640975,
      0.0,
      0.0056017595212570935,
      0.0,
      0.0,
      0.003500735398630599,
      0.0,
      0.014798094219655661,
      0.003924763976050398,
      0.0,
      0.0014688490427872884,
      0.0,
      0.0,
      0.006776455899060227,
      0.005458294482699059,
      0.005764407813608808,
      0.007103433832536789,
      0.0,
      0.0,
      0.0076943156565616394,
      0.010316071057882053,
      0.00929299243170551,
      0.006536263912322153,
      0.008668640921453155,
      0.022277765161034496,
      0.003935374676434986,
      0.0,
      0.011363187089813691,
      0.007882822861516954,
      0.004278631912865392,
      0.0,
      0.003486499745708145,
      0.0031538983935580087,
      0.004533847440509903,
      0.010973224738714291,
      0.0,
      0.00909494694581167,
      0.0,
      0.0028303034412096723,
      0.009271298981121919,
      0.003338182476858612,
      0.01853996186030537,
      0.0,
      0.014485890728792451,
      0.0,
      0.0,
      0.007206484134493687,
      0.0,
      0.0,
      0.0,
      0.0,
      0.02594872832877066,
      0.0,
      0.0,
      0.0,
      0.01106692277599946,
      0.002776293723488523,
      0.0,
      0.0,
      0.0,
      0.0,
      0.0,
      0.0038695918287315846,
      0.0,
      0.0,
      0.0,
      0.0,
      0.0,
      0.0,
      0.0,
      0.004539647324266496,
      0.0,
      0.007291881460746309,
      0.0,
      0.020091111313371893,
      0.0,
      0.0,
      0.007185883480564283,
      0.004398500222505967,
      0.0,
      0.0,
      0.0,
      0.0,
      0.0,
      0.0,
      0.0,
      0.0,
      0.0,
      0.0,
      0.0,
      0.0,
      0.01408770898263646,
      0.0,
      0.0,
      0.0,
      0.0,
      0.013416407683069986,
      0.0,
      0.007173215280491793,
      0.0,
      0.0,
      0.0,
      0.005186277998977207,
      0.0,
      0.01110971764344286,
      0.0,
      0.0,
      0.0,
      0.0038475088407767966,
      0.0,
      0.010693981963800222,
      0.0,
      0.011116818710099988,
      0.012913589070771673,
      0.021333850027067336,
      0.005829130512265241,
      0.014520715566536745,
      0.008539039517230864,
      0.0,
      0.004659119093750073,
      0.0032393174044175995,
      0.0,
      0.0,
      0.008833509439448068,
      0.0,
      0.009849859022786697,
      0.0029681153726112473,
      0.00207005474721521
    ],
    "low_data": false
  },
  "250000": {
    "median": 0.0,
    "p90": 0.01151061719377344,
    "p10": 0.0,
    "sample": [
      0.00026432380174063375,
      0.0001914619027645511,
      0.008790956595173085,
      0.0,
      0.0062390551539055926,
      0.0,
      0.0,
      0.0,
      0.0,
      0.0,
      0.0,
      0.0070009998842924534,
      0.0,
      0.006646664267822988,
      0.00269581164848829,
      0.0013469315658097478,
      0.008027782811229175,
      0.0,
      0.0,
      0.0,
      0.012858266486592202,
      0.018984101757591826,
      0.0008130943401766916,
      0.0,
      0.0,
      0.0024473982368532457,
      0.0,
      0.012518964362038679,
      0.0,
      0.0,
      0.001458574577973984,
      0.0,
      0.0,
      0.011894772781641073,
      0.0,
      0.013569168958132153,
      0.015942011890452884,
      0.0,
      0.027910022776261187,
      0.014100643153264378,
      0.0,
      0.0,
      0.0,
      0.011010078042433875,
      0.0008136319930462351,
      0.0,
      0.0,
      0.007098346136348381,
      0.0012807525683906362,
      0.0,
      0.0007325807517142571,
      0.0,
      0.0,
      0.0,
      0.00316808061862227,
      0.0018934490657859695,
      0.0018403640982413696,
      0.0,
      0.0,
      0.0008321045717699393,
      0.0,
      0.0,
      0.014355714430671117,
      0.008808400049112928,
      0.005761520733478484,
      0.0,
      0.0,
      0.0035176498732455105,
      0.0,
      0.0,
      0.0,
      0.0,
      0.004359497463926482,
      0.0,
      0.005698734405602692,
      0.0,
      0.0,
      0.003595164135636061,
      0.0,
      0.014954380789003732,
      0.004044122865774047,
      0.0,
      0.0015712270975868632,
      0.0,
      0.0,
      0.0068841450129091515,
      0.005595466099428994,
      0.005951317225644074,
      0.007250811924752889,
      0.0,
      0.0,
      0.007913934697570933,
      0.010551022649906443,
      0.009415880774953114,
      0.006635785085439289,
      0.008834043179790217,
      0.022391364189163886,
      0.004101594384005798,
      0.0,
      0.01146793323956593,
      0.008035978197872027,
      0.004448557882474246,
      0.0,
      0.0036065901317316007,
      0.0033610144213222313,
      0.004640346204675535,
      0.011075122974793102,
      0.0,
      0.009181053213307339,
      0.0,
      0.002937112582270232,
      0.009369064487314624,
      0.0034301475630676807,
      0.018751320332370754,
      0.0,
      0.014597780306665462,
      0.0,
      0.0,
      0.007320753435122956,
      0.0,
      0.0,
      0.0,
      0.0,
      0.026056790997041557,
      0.0,
      0.0,
      0.0,
      0.011171879141086388,
      0.0029778430722109638,
      0.0,
      0.0,
      0.0,
      0.0,
      0.0,
      0.003971937843679716,
      0.0,
      0.0,
      0.0,
      0.0,
      0.0,
      0.0,
      0.0,
      0.0047045156887591715,
      0.0,
      0.007447500780015504,
      0.0,
      0.02018123654477277,
      0.0,
      0.0,
      0.007295509889823795,
      0.004513993226215965,
      0.0,
      8.924284573175902e-05,
      0.0,
      0.0,
      0.0,
      0.0,
      0.0,
      0.0,
      0.0,
      0.0,
      0.0,
      0.0,
      0.014232592572687287,
      0.0,
      0.0,
      0.0,
      8.113560289962702e-05,
      0.013535037350550883,
      0.0,
      0.007291197491575106,
      0.0,
      0.0,
      0.0,
      0.005304253733068551,
      0.0,
      0.01124389985635461,
      0.0,
      0.0,
      0.0,
      0.004045854722788157,
      0.0,
      0.01080256702164737,
      0.0,
      0.011237195364863495,
      0.013012424096416288,
      0.021492044956757227,
      0.006032938278147732,
      0.014732625555311907,
      0.008795004735279487,
      0.0,
      0.00477711946136776,
      0.003404456428156372,
      0.0,
      0.0,
      0.0089414972479166,
      0.0,
      0.009967792332853111,
      0.0031913954344978757,
      0.0021782120834475806
    ],
    "low_data": false
  },
  "500000": {
    "median": 0.0,
    "p90": 0.011688465597180389,
    "p10": 0.0,