{
  "100000": {
    "median": 0.0,
    "p90": 0.011236281840803662,
    "p10": 0.0,
    "sample": [
      0.00012127362608777639,
      0.0001923623622983537,
      0.0,
      0.016197941558102908,
      0.013851231316507647,
      0.013612527553069487,
      0.0,
      0.0010787517524833297,
      0.0,
      0.006989618064261455,
      0.0,
      0.0033011166431115924,
      0.00692236752639185,
      0.00613462448436961,
      0.0,
      0.0,
      0.0,
      0.0,
      0.00036767814420260914,
      0.0,
      0.006971793781089942,
      0.011844042117409012,
      0.013160476837481465,
      0.0,
      0.005091047089648857,
      0.0,
      0.008798341288502197,
      0.0,
      0.0,
      0.0,
      0.0,
      0.012246022661315737,
      0.0,
      0.009318239777620052,
      0.0,
      0.0,
      0.009166276725968052,
      0.0,
      0.005155784073775557,
      0.0,
      0.00694466545783401,
      0.0,
      0.0,
      0.0,
      0.0,
      0.0017064473781037656,
      0.0,
      0.002623750419050864,
      0.0,
      0.0,
      0.007797920004329471,
      0.0,
      0.0,
      0.01363769955030133,
      0.0,
      0.0,
      0.009059386485120982,
      0.017086005988247405,
      0.0,
      0.0,
      0.0044247642859634746,
      0.000255972686695454,
      0.0,
      0.0,
      0.0020087773636066337,
      0.0,
      0.010975087645169135,
      0.0,
      0.010567979863161962,
      0.0,
      0.0019243248380680469,
      0.0,
      0.0,
      0.0,
      0.011715117402569346,
      0.0,
      6.387181173455381e-05,
      0.0,
      0.0,
      0.0,
      0.0,
      0.002471525684661949,
      0.006901898132718609,
      0.0055096495908384365,
      0.005412664829136153,
      0.0,
      6.969182433666041e-05,
      0.0,
      0.0013124243236455582,
      0.0,
      0.0,
      0.0,
      0.0,
      0.005482026106664429,
      0.0,
      0.016933497279791404,
      0.0,
      0.0,
      0.011232641307999006,
      0.0,
      0.0,
      0.0,
      0.022713575799544958,
      0.007752539658691466,
      0.011000883534345309,
      0.0,
      0.0,
      0.0,
      0.00840534904851391,
      0.002271217835044817,
      0.0,
      0.004971201475675068,
      0.012901812499389658,
      0.000672073301243037,
      0.0,
      0.0002498909399792994,
      0.0,
      0.0,
      0.003291594610982571,
      0.0,
      0.0,
      0.0,
      0.005448712311175538,
      0.00440982956289895,
      0.007858801884512979,
      0.0,
      0.0,
      0.0,
      0.0,
      0.0,
      0.0,
      0.017501873507495224,
      0.0,
      0.0,
      0.0027664898927209297,
      0.0,
      0.0018968918876059331,
      0.0,
      0.0,
      0.0007495612815642068,
      0.011001697281002141,
      0.0,
      0.0,
      0.0,
      0.027535894893971055,
      0.0023217656926770133,
      0.006593809440683791,
      0.0,
      0.0,
      0.009726334311707198,
      0.0016705396666356958,
      0.001468372376258504,
      0.0,
      0.014253707732118027,
      0.0,
      0.0,
      0.0,
      0.0,
      0.0037359573986760963,
      0.0,
      0.0,
      0.0002816549357299091,
      0.0,
      0.0,
      0.0,
      0.008178321585688415,
      0.0,
      0.0,
      0.010163861162820696,
      0.0012321650213127614,
      0.0,
      0.0,
      0.007554030436367762,
      0.0,
      0.005699270484602631,
      0.01126904663604556,
      0.015276904269794785,
      0.003369886930087827,
      0.0011598788447013013,
      0.0,
      0.0,
      0.0,
      0.0,
      0.009998580653644715,
      0.0,
      0.0004902067558711868,
      0.009462377322018649,
      0.0,
      0.004451010865443849,
      0.0,
      0.00022486272487272943,
      0.005464612386881897,
      0.0,
      0.011583048561619173,
      0.0,
      0.0,
      0.004780551575414578,
      0.0,
      0.014293223740910393,
      0.012412966456750772
    ],
    "low_data": false
  },
  "250000": {
    "median": 0.0,
    "p90": 0.01138185366322487,
    "p10": 0.0,
    "sample": [
      0.0002766383406960943,
      0.00043879948538919143,
      0.0,
      0.01643491606511514,
      0.014031966896745452,
      0.013746963654882125,
      0.0,
      0.001198193272504335,
      0.0,
      0.0071143556309303715,
      0.0,
      0.003450226274930453,
      0.0071361505251175536,
      0.006245736649128957,
      0.0,
      0.0,
      0.0,
      0.0,
      0.0004975958377736609,
      0.0,
      0.0071295487877192434,
      0.01197816001934298,
      0.013361685140169695,
      0.0,
      0.005198955842656091,
      0.0,
      0.008915774400359507,
      0.0,
      0.0,
      0.0,
      0.0,
      0.012371763441100157,
      0.0,
      0.009426523139937436,
      0.0,
      0.0,
      0.009317894952000385,
      0.0,
      0.005309011225501418,
      0.0,
      0.007088867907476572,
      0.0,
      0.0,
      0.0,
      0.0,
      0.001883255191237411,
      0.0,
      0.0027326924181793576,
      0.0,
      0.0,
      0.007992266265118123,
      0.0,
      0.0,
      0.013742341188074015,
      0.0,
      0.0,
      0.009220926201561577,
      0.017298730437226493,
      0.0,
      0.0,
      0.00463188549146114,
      0.00043276361989845724,
      0.0,
      0.0,
      0.0021803105685407878,
      0.0,
      0.011121374757933582,
      0.0,
      0.010707842820508044,
      0.0,
      0.002168973753685747,
      0.0,
      0.0,
      0.0,
      0.0118382263508957,
      0.0,
      0.00018891333507145707,
      0.0,
      0.0,
      0.0,
      0.0,
      0.0025809620266925596,
      0.00703324217122616,
      0.005667840730162129,
      0.005586181847661688,
      0.0,
      0.00019949070438764633,
      0.0,
      0.0014312245196794963,
      0.0,
      0.0,
      0.0,
      0.0,
      0.0056052652668015035,
      0.0,
      0.017084247021745873,
      0.0,
      0.0,
      0.011384267126790953,
      0.0,
      0.0,
      0.0,
      0.02288254665862635,
      0.007870436875211488,
      0.011256735230927932,
      0.0,
      0.0,
      0.0,
      0.00856021743950337,
      0.0024427313910751125,
      0.0,
      0.005125657060671808,
      0.013014244500774317,
      0.0008297172939427707,
      0.0,
      0.000404125111985099,
      0.0,
      0.0,
      0.0034517126791892908,
      0.0,
      0.0,
      0.0,
      0.005586940553459418,
      0.004547622130764674,
      0.008064872190975968,
      0.0,
      0.0,
      0.0,
      0.0,
      0.0,
      0.0,
      0.01767124738326526,
      0.0,
      0.0,
      0.00290734707482906,
      0.0,
      0.002115998508867838,
      0.0,
      0.0,
      0.000896947476206232,
      0.011170336642375992,
      0.0,
      0.0,
      0.0,
      0.02769071978080685,
      0.0024319709715896294,
      0.006749465129419887,
      0.0,
      0.0,
      0.009964673648213088,
      0.001792133776119143,
      0.0016255782882988355,
      0.0,
      0.0144449212304644,
      0.0,
      0.0,
      0.0,
      0.0,
      0.003978276742289436,
      0.0,
      0.0,
      0.0004930288491977029,
      0.0,
      0.0,
      0.0,
      0.008341030274070961,
      0.0,
      0.0,
      0.010275329964910629,
      0.0014626117044354951,
      0.0,
      0.0,
      0.00769246406483902,
      0.0,
      0.0058079657377291816,
      0.011381585500606417,
      0.015469949414691124,
      0.0036148434662632008,
      0.001304115190931608,
      0.0,
      0.0,
      0.0,
      0.0,
      0.010101499726172074,
      0.0,
      0.0007077768487848735,
      0.009583614166613406,
      0.0,
      0.004575048683525637,
      0.0,
      0.00036897686960921203,
      0.005718097294494224,
      0.0,
      0.011720922186465295,
      5.426888916627517e-05,
      0.0,
      0.0049834141065936005,
      0.0,
      0.0144397970285592,
      0.012586465994876672
    ],
    "low_data": false
  },
  "500000": {
    "median": 0.0,
    "p90": 0.011621407877648303,
    "p10": 0.0,