{
  "100000": {
    "median": 0.0002575749623791063,
    "p90": 0.012163863667534167,
    "p10": 0.0,
    "sample": [
      0.00018510310598091626,
      0.00015187715737331053,
      0.0015914025658675635,
      0.0,
      0.001348760692333137,
      0.0,
      0.0,
      0.0,
      0.0,
      0.010319856568242402,
      0.0,
      0.0015311806248096695,
      0.0,
      0.009764843722100168,
      0.0,
      0.004866503922608909,
      0.0,
      0.00022362385739784554,
      0.0,
      0.0066744924162904454,
      0.013847441781443055,
      0.0,
      0.0,
      0.003092911382824937,
      0.012183533613910594,
      0.0,
      0.0,
      0.007800080270570084,
      0.009394134158490618,
      0.002558319668672632,
      0.0,
      0.0,
      0.0,
      0.0,
      0.019342338498268184,
      0.006628071977429168,
      0.001636217129305625,
      0.0,
      0.0,
      0.0004768753141261488,
      0.0,
      0.0,
      0.015318824324473325,
      0.003132616296138498,
      0.01407288455046041,
      0.0,
      0.0,
      0.012161678117936786,
      0.0058723785831837245,
      0.007209917196193012,
      0.0,
      0.005052853641168258,
      0.0,
      0.0,
      0.0,
      0.0,
      0.0,
      0.008870920488637914,
      0.006224878107834382,
      0.0,
      0.01617647710743391,
      0.005492399813808896,
      0.0,
      0.009170431340937575,
      0.007543719236863942,
      0.0,
      0.012425986148972475,
      7.716528135384613e-05,
      0.010055382676690585,
      0.0,
      0.0027458949494482583,
      0.0,
      0.0,
      0.0,
      0.010268987926266168,
      0.0,
      0.0,
      0.0006447267072795201,
      0.0,
      0.0,
      0.003385088993781793,
      0.0,
      0.011649071209139989,
      0.0,
      0.0,
      0.006920256977341803,
      0.0,
      0.0,
      0.0,
      0.006684243528792729,
      0.00518497023885643,
      0.005497811803630875,
      0.0,
      0.011878733629495054,
      0.007049547786540216,
      0.0,
      0.001195478722233099,
      0.0,
      0.0,
      0.0,
      0.0,
      0.0008631324324553835,
      0.003018580024464874,
      0.0,
      0.0,
      0.008343639913113272,
      0.0007948155397713177,
      0.0004475749300458005,
      0.0050718513905340205,
      0.004184007001783135,
      0.003074340572231202,
      0.0041572173586283245,
      0.0,
      0.0,
      0.0042196584957656805,
      0.0031923623028844513,
      0.0,
      0.0001033613610222017,
      0.0,
      0.0,
      0.014079668448850472,
      0.01205172762089593,
      0.009520260044854102,
      0.004545654671171891,
      0.0,
      0.0,
      0.0,
      0.0,
      0.0,
      0.001265478169364773,
      0.0,
      0.0,
      0.0008338698301412061,
      0.018666138255664454,
      0.0,
      0.0,
      0.0,
      0.0,
      0.0,
      0.008829121937305702,
      0.0,
      0.02099247156564413,
      0.020197170833359576,
      0.00941603891871857,
      0.0,
      0.011425672670785892,
      0.012238855508016067,
      0.018137391660861955,
      0.0010182438650380582,
      0.013082140477345183,
      0.0,
      0.0,
      0.0009450432028211212,
      0.0,
      0.0,
      0.0,
      0.0,
      0.003781979152685506,
      0.001540161643358995,
      0.02377391619363736,
      0.0,
      0.0,
      0.0,
      0.001389658311708425,
      0.017445493970606168,
      0.004401312811094173,
      0.033332861653367324,
      0.008963075455888581,
      0.016509437610891922,
      0.0,
      0.0,
      0.0,
      0.0,
      0.015243297666776654,
      0.002944198691692129,
      0.0,
      0.011158122785234566,
      0.006492913022668648,
      0.00943921892031941,
      0.008850595299475381,
      0.0018159083741041472,
      0.006178067097364725,
      0.009487214036726328,
      0.002399422035759145,
      0.0,
      0.008783951589735613,
      0.0015128541430246046,
      0.0,
      0.0005622076067679224,
      0.000291526067360367,
      0.0,
      6.767430364059859e-05,
      0.0,
      0.00924088858574433,
      0.008038806688591037,
      0.01965548787634381,
      0.0,
      0.00011971251192935429,
      0.0004278399382199665,
      0.0026303531891067114
    ],
    "low_data": false
  },
  "250000": {
    "median": 0.0004280155844343747,
    "p90": 0.012272317074062492,
    "p10": 0.0,