{
  "100000": {
    "median": 0.0,
    "p90": 0.011168592942406113,
    "p10": 0.0,
    "sample": [
      0.0002018478922789583,
      0.00012380784364426215,
      0.0043750004730579075,
      0.0006485772212722425,
      0.022126132734946975,
      0.008958221510159793,
      0.0,
      0.001538960851748632,
      0.01096761804900865,
      0.0,
      0.01368797754360285,
      0.0,
      0.0,
      0.0,
      0.0,
      0.00455462455521792,
      0.0027623496745479105,
      0.0,
      0.0,
      0.002000130239701593,
      0.0,
      0.0024286494315781215,
      0.0,
      0.0,
      0.0,
      0.0,
      0.003878997843870676,
      0.0022821415594468323,
      0.0,
      0.0,
      0.013864904495573534,
      0.023198134371668705,
      0.005529247843783273,
      0.0,
      0.0,
      0.005563760947225196,
      0.0009783759042120395,
      0.0,
      0.0,
      0.014738158483658831,
      0.0,
      0.0,
      0.0,
      0.008167641750305604,
      0.0,
      0.0,
      0.0,
      0.0040027590022717816,
      0.002999000237850013,
      0.0,
      0.0,
      0.0,
      0.0016869341801715205,
      0.0017381793678361407,
      0.00033068085052761164,
      0.0,
      0.0,
      0.0,
      0.0010431587763180298,
      0.003486040385193465,
      0.0,
      0.0,
      0.0,
      0.0009021239818341076,
      0.0,
      0.011162689380508418,
      0.013017923867266473,
      0.00725953560447167,
      0.0,
      0.008019454913154533,
      0.004192189683234603,
      0.009533342631077572,
      0.0031597945673579883,
      0.006299313045379628,
      0.0,
      0.002886736423963015,
      0.0,
      0.0,
      0.0,
      0.0,
      0.0,
      0.013504674155702265,
      0.0,
      0.0014372919971128452,
      0.0016440442418863932,
      0.007839693849996514,
      0.0028270009955542372,
      0.0,
      0.0,
      0.0,
      0.0,
      0.0,
      0.0,
      0.0,
      0.016137835465581226,
      0.0,
      0.002287283798870543,
      0.0,
      0.0,
      0.0,
      0.0,
      0.0013530937751811667,
      0.011032906456613112,
      0.0,
      0.0,
      0.0,
      0.0012635352144843403,
      0.007972723504406818,
      0.0,
      0.0,
      0.0,
      0.007728713294318776,
      0.0,
      0.011130589115950353,
      0.014422956423260231,
      0.0009098612030100058,
      0.0,
      0.0,
      0.010266262219783601,
      0.0,
      0.0009181497945751795,
      0.0,
      0.024825756655486263,
      0.00522868110833346,
      0.001968875955175366,
      0.02407233467098735,
      0.01820846634213749,
      0.0039753918889793,
      0.007427963872814295,
      0.0,
      0.0,
      0.0,
      0.0,
      0.0,
      0.006634141787906507,
      0.024712123546322105,
      0.01566156072345711,
      0.0,
      0.0,
      0.0,
      0.0,
      0.00512062877907104,
      0.0,
      0.0,
      0.005247260255634251,
      0.0,
      0.0,
      0.0,
      0.0,
      0.0,
      0.0,
      0.0,
      0.0030557812091357296,
      0.0,
      0.01123219995890564,
      0.010868465988734161,
      0.0,
      0.004266425915427873,
      0.0,
      0.0,
      0.012698860725237354,
      0.0,
      0.0,
      0.018692925643289397,
      0.0,
      0.0,
      0.011221724999485361,
      0.0010572378029225923,
      0.0,
      0.0,
      0.0,
      0.0,
      0.0,
      0.0023980686370378606,
      0.00038651645229835166,
      0.0019025428860317726,
      0.008826103819427292,
      0.0010922705343875791,
      0.0,
      0.005176766442774962,
      0.0,
      8.185374967360849e-05,
      0.0017972188041129075,
      0.0,
      0.0028232573517574648,
      0.01831903574235672,
      0.009512840398403194,
      0.013283790524645548,
      0.0,
      0.006338667423475653,
      0.0040161475174387,
      0.0,
      0.0034131186005820656,
      0.0,
      0.0,
      0.0,
      0.0,
      0.0027263952374573003,
      0.010459053240839027,
      0.0
    ],
    "low_data": false
  },
  "250000": {
    "median": 0.0,
    "p90": 0.011315605961638274,
    "p10": 0.0,
    "sample": [
      0.00046043701169320615,
      0.0002824191667701964,
      0.004553717700075563,
      0.000777059445418422,
      0.022259487952172786,
      0.009186019016663225,
      6.260637839989255e-05,
      0.001657562793092673,
      0.011099631559579461,
      0.0,
      0.013838332754501347,
      0.0,
      0.0,
      0.0,
      0.0,
      0.004732909226380268,
      0.003023475403494128,
      0.0,
      0.0,
      0.0021521125070643504,
      0.0,
      0.0026426296497992587,
      0.0,
      0.0,
      0.0,
      0.0,
      0.00409619075438668,
      0.0024657860700093757,
      0.0,
      0.0,
      0.014111101621732885,
      0.02334362443093597,
      0.005719574713096125,
      0.0,
      0.0,
      0.005694362753956359,
      0.001091639369590072,
      0.0,
      0.0,
      0.01496198503040132,
      0.0,
      0.0,
      0.0,
      0.008297479571643058,
      0.0,
      0.0,
      0.0,
      0.004259930940031804,
      0.0031080976580481526,
      0.0,
      0.0,
      0.0,
      0.0019185457620254957,
      0.0020069833788631903,
      0.0005251496035058873,
      0.0,
      0.0,
      0.0,
      0.0011850433607181988,
      0.00375375197288465,
      0.0,
      0.0,
      0.0,
      0.0010802001143281254,
      0.0,
      0.011346495315262405,
      0.013135402506847393,
      0.007486150067694244,
      0.0,
      0.008203250605804801,
      0.0043089943705109214,
      0.009638133586561026,
      0.003342334310678086,
      0.006506294840887817,
      0.0,
      0.003009672153800172,
      0.0,
      0.0,
      0.0,
      0.0,
      0.0,
      0.013676179971952845,
      0.0,
      0.0016598582618365318,
      0.001772876010467616,
      0.008010151119547702,
      0.0029158353048461946,
      0.0,
      0.0,
      0.0,
      0.0,
      0.0,
      0.0,
      0.0,
      0.01629223496529705,
      0.0,
      0.0024386107063300577,
      0.0,
      0.0,
      0.0,
      0.0,
      0.0014894222667730511,
      0.011158584694700146,
      0.0,
      0.0,
      0.0,
      0.001352444994571776,
      0.008065790565483684,
      0.0,
      0.0,
      0.0,
      0.007931051406451893,
      0.0,
      0.011231047866492108,
      0.014514742379890868,
      0.001045815864265599,
      0.0,
      0.0,
      0.010369029713517703,
      0.0,
      0.0010224073353488467,
      0.0,
      0.024934266416324458,
      0.005365543079614899,
      0.0020786208691522673,
      0.02418998579576204,
      0.018369112635723713,
      0.004071787034921347,
      0.007555527802258188,
      0.0,
      0.0,
      0.0,
      0.0,
      0.0,
      0.0068534921757050565,
      0.02484291481419322,
      0.015760242927739164,
      0.0,
      0.0,
      0.0,
      0.0,
      0.00520547289739556,
      0.0,
      0.0,
      0.005337655119209338,
      0.0,
      0.0,
      0.0,
      0.0,
      0.0,
      0.0,
      0.0,
      0.003178930764127165,
      0.0,
      0.011321393123408248,
      0.010975337611258832,
      0.0,
      0.004406010352287994,
      0.0,
      0.0,
      0.012898638303001466,
      0.0,
      0.0,
      0.01890270506697235,
      0.0,
      0.0,
      0.011314962943663832,
      0.001213519363026147,
      0.0,
      0.0,
      0.0,
      0.0,
      0.0,
      0.0025152349467337026,
      0.00047393366363971507,
      0.0019923542156580197,
      0.008950407369159983,
      0.0012196613977935146,
      0.0,
      0.0052715706706163695,
      0.0,
      0.00022805580029260057,
      0.0018973628532576116,
      0.0,
      0.0030245799296762196,
      0.018453114749709423,
      0.009629555908158574,
      0.013461469681922605,
      0.0,
      0.006513398419590291,
      0.004158975783748892,
      0.0,
      0.003515683848743419,
      0.0,
      0.0,
      0.0,
      0.0,
      0.0028303442871888147,
      0.010664257591003246,
      0.0
    ],
    "low_data": false
  },
  "500000": {
    "median": 0.0,
    "p90": 0.011458763930095772,
    "p10": 0.0,