{
  "100000": {
    "median": 0.0,
    "p90": 0.009125734998484904,
    "p10": 0.0,
    "sample": [
      9.452938379960819e-05,
      0.00016613282730430727,
      0.0036688884420348054,
      0.0,
      0.0,
      0.0,
      0.0,
      0.007167482256779918,
      0.0,
      0.0,
      0.0,
      0.0,
      0.0007292457036218694,
      0.0,
      0.000517571083363712,
      0.0,
      0.0,
      0.0,
      0.0049410809412999135,
      0.0004999634243410577,
      0.0,
      0.0,
      0.0,
      0.0,
      0.0,
      0.005587882542236637,
      0.0,
      0.0,
      0.004836691068702539,
      0.0004215683220498655,
      0.002779746586212631,
      0.0,
      0.0,
      0.0009135644538830304,
      0.009782317868932291,
      0.0016842156222941114,
      0.0012478078800857834,
      0.0,
      0.0,
      0.009688442555299848,
      0.0006600864778774405,
      0.000625652828903979,
      0.008622168513181403,
      0.0,
      0.0036208438409153164,
      0.011733585480061743,
      0.0,
      0.005959601278764267,
      0.0005515975360708542,
      0.0,
      0.0,
      0.0,
      0.0011199331623462229,
      0.0,
      0.015588558335889353,
      0.010774691563040735,
      0.0,
      0.0019860363466053968,
      0.0,
      0.010353815739374352,
      0.004567141425552714,
      0.008778867556976797,
      0.0,
      0.009321131513682916,
      0.0,
      0.0,
      0.0,
      0.0,
      0.0056467527664929296,
      0.004172571477447181,
      0.0,
      0.0,
      0.0012692472032303913,
      0.0,
      0.007557264130917265,
      0.005268695058591099,
      0.003964984381939442,
      0.0,
      0.0,
      0.00019560058247734602,
      0.0,
      0.0,
      0.0,
      0.001798785528000281,
      0.0,
      0.008972140380083864,
      0.005781891493328281,
      0.0046975742649137215,
      0.0,
      0.0,
      0.015743832886270192,
      0.0,
      0.007390435322467037,
      0.000949934715606245,
      0.0,
      0.004605622401920117,
      0.0,
      0.013158852204977407,
      0.0,
      0.0004767153789632896,
      0.0008199020298962256,
      0.009104024274574015,
      0.0,
      0.0069737512403711035,
      0.006518723491634653,
      0.0,
      0.007749417822405507,
      0.0,
      0.0051874159751703845,
      0.014050734879424692,
      0.0,
      0.0,
      0.0017174221919222868,
      0.0,
      0.0,
      1.3404930406109113e-05,
      1.6285199928914106e-05,
      0.009736464548090679,
      0.004303299017971444,
      0.0,
      0.006759505522390246,
      0.0,
      0.0,
      0.0,
      0.0,
      0.0,
      0.0057238807203066466,
      0.006785260116389778,
      0.0,
      0.0,
      0.0,
      0.0,
      0.00572802795865031,
      2.3285759745428385e-05,
      0.009502264572191502,
      0.0,
      0.004853879910933001,
      0.0,
      0.0051783095821240875,
      0.0,
      0.0,
      0.002178347580925249,
      0.004373120252155226,
      0.0,
      0.004175646224741568,
      0.0,
      0.0,
      0.004890707930588459,
      0.0,
      0.0,
      0.008180311586738665,
      0.0,
      0.002929344105066241,
      0.00978921404659257,
      0.0,
      0.0007454705447613883,
      0.0058925187108326196,
      0.0,
      0.007720879661498585,
      0.009958992703998701,
      0.0,
      0.00199995839661605,
      0.0,
      0.0,
      0.0,
      0.011874401631107584,
      0.0,
      0.0,
      0.0,
      0.008280140997797947,
      0.0,
      0.0,
      0.0,
      0.0,
      0.00299041144640156,
      0.0,
      0.010843934733173504,
      0.0011175107824623258,
      0.0,
      0.0,
      0.0,
      0.0,
      0.0,
      0.0,
      0.006755895827776104,
      0.002097951980198272,
      0.0022020614772292513,
      0.0,
      0.0012587032551048352,
      0.009509015541072731,
      0.008068645616910718,
      0.00861833513398545,
      0.0,
      0.012390638121431338,
      0.010595228731665577,
      0.0,
      0.0,
      0.00382409347596618,
      0.0008445757857528967,
      0.021439089307679647
    ],
    "low_data": false
  },
  "250000": {
    "median": 0.0,
    "p90": 0.009257170386169111,
    "p10": 0.0,