{
  "100000": {
    "median": 0.0,
    "p90": 0.010847171495995215,
    "p10": 0.0,
    "sample": [
      0.00010482372908617558,
      0.0001033597026643594,
      0.0,
      0.0,
      0.015970017477385256,
      0.004466957646587989,
      0.002355999802300448,
      0.0,
      0.0,
      0.0,
      0.0,
      0.0,
      0.0,
      0.010833217974218226,
      0.0,
      0.0006834466033616689,
      0.012236823308753492,
      0.0,
      0.00968413227089354,
      0.003052167716836315,
      0.0,
      0.0,
      0.0,
      0.004372954274226393,
      0.0037043345262045514,
      0.0,
      0.0,
      0.0018920972859226305,
      0.01097275319198812,
      0.0,
      0.0,
      0.007229101005523114,
      0.0006764913879291798,
      0.0,
      0.0028629925063350325,
      0.0050332079674637095,
      0.0,
      0.01469007119563042,
      0.0,
      0.0,
      0.003599985425903765,
      0.004357992993002302,
      0.005582304543700884,
      0.0,
      0.0,
      0.0,
      0.0,
      0.00444126975623874,
      0.0,
      0.0,
      0.010422272163644913,
      0.0,
      0.0,
      0.004049295311789745,
      0.0,
      0.0,
      0.0,
      0.004851846629011514,
      0.004290760739536487,
      0.0066876064276790445,
      0.0,
      0.002253945344887893,
      0.0,
      0.0,
      0.0,
      0.0,
      0.0007990194382483135,
      0.0,
      0.0036915160251561763,
      0.0,
      0.0,
      0.003966713781404259,
      0.004792725488081274,
      0.0,
      0.0,
      0.0,
      0.0,
      0.01279678728299934,
      0.0,
      0.0,
      0.012108509441657029,
      0.0,
      0.0,
      0.0,
      0.0009686238956276439,
      0.009611040773500765,
      0.0,
      0.0,
      0.002847732152978685,
      0.021154878068798743,
      0.011345382946471583,
      0.015902805491728945,
      0.0,
      0.0,
      0.014060913468744954,
      0.007773904569091395,
      0.0,
      0.0016769890986895698,
      0.0,
      0.0021386943119889885,
      0.0022493777367038072,
      0.0013459544016878515,
      0.007110688660726245,
      0.0,
      0.007649213700224366,
      0.007183807437004813,
      0.0,
      0.0,
      0.005585581439691772,
      0.0,
      0.0,
      0.0009190311985527632,
      0.0,
      0.0016831577668404893,
      0.0061812438621761355,
      0.0017771120064801983,
      0.008736377311018935,
      0.007230859893812904,
      0.0,
      0.0,
      0.0,
      0.005502725015092915,
      0.007131660901758355,
      0.009860217395234235,
      0.012612157189004877,
      0.0011951138380929143,
      0.013023756741578567,
      0.006958357931483692,
      0.00507805791645978,
      0.021967741940639798,
      0.0,
      0.026301582875701553,
      0.00012668665703616667,
      0.0,
      0.0,
      0.0,
      0.0,
      0.0,
      0.0,
      0.0,
      0.0,
      0.0029781397521680348,
      0.0,
      0.0,
      0.006686365879188822,
      0.0,
      0.014143956427753837,
      0.009251844350708709,
      0.01870255896277443,
      0.0,
      0.0,
      0.0,
      0.01163019903607078,
      0.0049305204507287875,
      0.0,
      0.0,
      0.0,
      0.0,
      0.0,
      0.0,
      0.003933653440238201,
      0.0,
      0.0,
      0.01860161338096758,
      0.007112365625892412,
      0.0,
      0.0005625965810340311,
      0.0030426769393701735,
      0.0077742283661429365,
      0.0,
      0.005220772171058619,
      0.003181159033457651,
      0.0,
      0.01118402447254528,
      0.0,
      0.0,
      0.00658736386682921,
      0.0,
      0.0,
      0.0,
      0.00855161804887832,
      0.0,
      0.0,
      0.010176922636424564,
      0.0004067046025382353,
      0.0,
      0.0,
      0.0,
      0.004077008545076636,
      0.028548152622185012,
      0.0,
      0.0,
      0.0012290881305009526,
      0.0,
      0.0019415904909699134,
      0.0007752579691504445,
      0.0,
      0.0,
      0.005970839682612758,
      0.0024113246663706157
    ],
    "low_data": false
  },
  "250000": {
    "median": 0.0,
    "p90": 0.011002856029666868,
    "p10": 0.0,
    "sample": [
      0.0002391143352058092,
      0.0002357747315909776,
      0.0,
      0.00014777059013426993,
      0.01608211706479352,
      0.004582294982670537,
      0.0024681579743030036,
      0.0,
      0.0,
      0.0,
      0.0,
      0.0,
      0.0,
      0.010982350230571047,
      0.0,
      0.0008831732564724214,
      0.012356027952248695,
      0.0,
      0.009802914751046238,
      0.0031747294544740667,
      0.0,
      0.0,
      0.0,
      0.00460126569977383,
      0.00395660640776981,
      0.0,
      0.0,
      0.002122881135431383,
      0.011187408221529267,
      0.0,
      0.0,
      0.007362785043365955,
      0.000996089072919087,
      0.0,
      0.003150060128562482,
      0.00526652506188406,
      0.0,
      0.014836353718462342,
      0.0,
      0.0,
      0.00373179032513722,
      0.004515067508200689,
      0.005722332851849621,
      0.0,
      0.0,
      3.187908745620586e-05,
      0.0,
      0.004592252513099178,
      0.0,
      0.0,
      0.010555891175481717,
      0.0,
      0.0,
      0.004260467479185755,
      0.0,
      0.0,
      0.0,
      0.004989909916911613,
      0.0044066092824334635,
      0.006921769647911614,
      0.0,
      0.002454239421200124,
      0.0,
      0.0,
      0.0,
      0.0,
      0.0009974799146069,
      0.0,
      0.003811374331376288,
      0.0,
      0.0,
      0.004113491831419775,
      0.0049684311620079805,
      0.0,
      0.0,
      0.0,
      0.0,
      0.012982516378882999,
      0.0,
      0.0,
      0.012228059812004238,
      0.0,
      0.0,
      0.0,
      0.0012272877597097908,
      0.009778996611316844,
      0.0,
      0.0,
      0.002975796241187206,
      0.02142834147806344,
      0.011564472021823514,
      0.01602723114039941,
      0.0,
      0.0,
      0.014278864580632983,
      0.007951150858936978,
      0.0,
      0.0018154574523197055,
      0.0,
      0.0023762532688175126,
      0.002401858470951793,
      0.001470559023315568,
      0.007407317393863655,
      0.0,
      0.007768587120048972,
      0.007449661451791812,
      0.0,
      0.0,
      0.005752320398169446,
      0.0,
      0.0,
      0.001099535382770325,
      0.0,
      0.0018821128970266947,
      0.006300192076249036,
      0.002013843501790758,
      0.008982669364555641,
      0.00736142035374738,
      0.0,
      0.0,
      0.0,
      0.005800568124504935,
      0.00735438227295942,
      0.010059300810010515,
      0.012758003141738191,
      0.0013766660464377479,
      0.01317356539296481,
      0.007132854021772822,
      0.005223727660879088,
      0.022178888310822546,
      0.0,
      0.026425293990520245,
      0.00024195493904633777,
      0.0,
      0.0,
      0.0,
      0.0,
      0.0,
      0.0,
      0.0,
      0.0,
      0.003110128389458506,
      0.0,
      0.0,
      0.006803050964854301,
      0.0,
      0.014314193324279908,
      0.009362382980091039,
      0.018840271517176196,
      0.0,
      0.0,
      0.0,
      0.011745992800016621,
      0.005114231000283709,
      0.0,
      0.0,
      0.0,
      0.0,
      0.0,
      0.0,
      0.004104023674096894,
      0.0,
      0.0,
      0.01872769515217458,
      0.007273387764496111,
      0.0,
      0.0007333395133568602,
      0.0031711277070809807,
      0.008038357333230562,
      0.0,
      0.005514931307709869,
      0.0033178938663153286,
      0.0,
      0.011338728445722816,
      0.0,
      0.0,
      0.006836957850738605,
      0.0,
      0.0,
      0.0,
      0.008721680037460327,
      0.0,
      0.0,
      0.010461085537156878,
      0.0006408517955117939,
      0.0,
      0.0,
      0.0,
      0.004242426739788306,
      0.028700875854704124,
      0.0,
      0.0,
      0.0014334784101767513,
      0.0,
      0.00209783803673638,
      0.0010374615080763314,
      0.0,
      0.0,
      0.006196855184347065,
      0.002698620408729504
    ],
    "low_data": false
  },