{
  "100000": {
    "median": 0.00023119993509785518,
    "p90": 0.009887544940407535,
    "p10": 0.0,
    "sample": [
      0.00021814808329127897,
      0.00010088089515537255,
      0.0,
      0.0,
      0.0005048498606697553,
      0.018243803558032994,
      0.004365224366696502,
      0.002950626672947008,
      0.0,
      0.008882963632718554,
      0.008914788575285043,
      0.0,
      0.003852479372230425,
      0.0,
      0.006866044668100302,
      0.0,
      0.0,
      0.0012664453327794513,
      0.0005047396487323732,
      0.0,
      0.004409374841370946,
      0.008091795203754071,
      0.0,
      0.0,
      0.0,
      0.0,
      0.0071152759901197266,
      0.0,
      0.0010359110493728275,
      0.009573073707099207,
      0.0,
      0.0,
      0.007468335072416571,
      0.004769395326079098,
      0.0,
      0.0,
      0.0011946282306552185,
      0.0,
      0.0010367422712997854,
      0.00027543276696748663,
      0.004557190256074398,
      0.007337189310814142,
      0.005655472150325965,
      0.0,
      0.0,
      0.02150663760411259,
      0.0,
      0.0038645752125100862,
      0.006979198015212124,
      0.00303106866203953,
      0.0023161934504481,
      0.0,
      0.0,
      0.0,
      0.0,
      0.0,
      0.0,
      0.0018557118116405437,
      0.0,
      0.0006013227538021278,
      0.0,
      0.015977405349386575,
      0.017105394864271133,
      0.006678586683936969,
      0.0,
      0.0004017324684628301,
      0.0,
      0.0,
      0.0,
      0.009418382482264029,
      0.0,
      0.0,
      0.0,
      0.0,
      0.0,
      0.0027423009904880636,
      0.0,
      0.0,
      0.011288430785907288,
      0.0,
      0.002477645137105357,
      0.005762369829035085,
      0.0011128777816688173,
      0.0011209822153041503,
      0.009964840624054663,
      0.0,
      0.0,
      0.002605305514150584,
      0.007836234831772903,
      0.0,
      0.0,
      0.0,
      0.0,
      0.01775042737720571,
      0.002791587138369502,
      0.01097348279828075,
      0.0,
      0.00032516686068559863,
      0.0013034701912937052,
      0.0,
      0.0031918040105421517,
      0.0,
      0.0,
      0.0,
      0.0,
      0.0,
      0.00397440638037511,
      0.008758152952859418,
      0.0002442517869044314,
      0.0,
      0.013311929935372759,
      0.006560077916897356,
      0.0010246764250964428,
      0.0,
      0.0013630964613955065,
      0.011829463881957037,
      0.0,
      0.0,
      0.005652417961663616,
      0.0026873643780172094,
      0.0,
      0.0,
      0.0,
      0.0,
      0.0,
      0.005892856200739963,
      0.01721189360491421,
      0.018178179607349968,
      0.0,
      0.006699981383786457,
      0.010681707962692506,
      0.022067538827449606,
      0.0,
      0.0010697502617115695,
      0.0,
      0.007953320218505916,
      0.0019787940081033672,
      0.002121177263584608,
      0.003528307434775671,
      0.0,
      0.0,
      0.0,
      0.0,
      0.0003936611743009235,
      0.0,
      0.0,
      0.013176131995312033,
      0.0077217640784317705,
      0.0076628917065357845,
      0.0,
      0.0,
      0.002664016367773401,
      0.006163360708095448,
      0.0,
      0.0,
      0.003918023257253485,
      0.0010923271152735278,
      0.0005017657427429391,
      0.0013956553311357967,
      0.0067513036433503575,
      0.0,
      0.0,
      0.004362073488623113,
      0.0,
      0.0,
      0.0077927142658011294,
      0.01022017759945614,
      0.0008669301339900319,
      0.0,
      0.0,
      0.0,
      0.0,
      0.004787929899046817,
      0.0,
      0.0,
      0.005338717053396939,
      0.00997634913021944,
      0.0032093903080757935,
      0.0034519088584122537,
      0.0005952080339773372,
      0.001230089744438142,
      0.0,
      0.0018556539690919006,
      0.0,
      0.011842558561517414,
      0.014582081989860775,
      0.0,
      0.00489615111374858,
      0.0,
      0.0,
      0.0,
      0.005224485584671393,
      0.020915753696559805,
      0.0,
      0.0,
      0.00987895653111341,
      0.0,
      0.0,
      0.0,
      0.0
    ],
    "low_data": false
  },
  "250000": {
    "median": 0.0004002488343983267,
    "p90": 0.01005332222521718,
    "p10": 0.0,