{
  "100000": {
    "median": 0.0010792881293747998,
    "p90": 0.010047078028629045,
    "p10": 0.0,
    "sample": [
      0.00019326132981268163,
      9.475111108731986e-05,
      0.016965327711317507,
      0.0,
      0.0,
      0.0,
      0.007227323815825084,
      0.0,
      0.001447403360959529,
      0.005449689157178049,
      0.008719262924240549,
      0.007093011332250512,
      0.0,
      0.0073268833257451324,
      0.0,
      0.0,
      0.02124603055084799,
      0.0015918351484171145,
      0.0,
      0.0,
      0.0036027787305959146,
      0.013104784869503144,
      0.0,
      0.0,
      0.0,
      0.0,
      0.0003905937475187292,
      0.005188844472198331,
      0.010006720915347593,
      0.0,
      0.0,
      0.0,
      0.0,
      0.01103099737972657,
      0.011551842687969919,
      0.007960367765387649,
      0.0,
      0.0030389109023937137,
      0.0063741468209052845,
      0.011793554472810712,
      0.002405418651146504,
      0.0047186415209142475,
      0.002811221528993664,
      0.0,
      0.0,
      0.0,
      0.0,
      0.0,
      0.0012114245291588912,
      0.0,
      0.0,
      9.575377971032139e-05,
      0.003565118396254561,
      0.0,
      0.005474449483066314,
      0.0,
      0.0,
      0.0022475708906495914,
      0.0,
      0.015204911836642455,
      0.0036650999893748757,
      0.0,
      0.006123136059910508,
      0.010801634674258547,
      0.003960821632723191,
      0.0,
      0.000852910830356061,
      0.0052213934301655,
      0.006022496942749507,
      0.0,
      0.0,
      0.0,
      0.0,
      0.003242584423459151,
      0.0043726214965889455,
      0.0,
      0.0038791482362740197,
      0.0015690487149141181,
      0.0,
      0.0,
      0.005275643978957096,
      0.0,
      0.0,
      0.007944788353911023,
      0.008262416651643912,
      0.0009391847579505124,
      0.0,
      0.004789691683989598,
      0.0018670830110310895,
      0.0,
      0.0,
      0.0,
      0.011409021708729013,
      0.006754805397580048,
      0.002361006426450041,
      0.0,
      0.005691769826538567,
      0.010807240376827492,
      0.005584242481371551,
      0.005589445153984874,
      0.0,
      0.023886393236507843,
      0.031469902984297915,
      0.0,
      0.0,
      0.0,
      0.0,
      0.005711330097221189,
      0.01484046418707048,
      0.004408664683934647,
      0.00481538331948067,
      0.0,
      0.008840973239972766,
      0.0,
      0.004550916010738019,
      0.0,
      0.0,
      0.001420976498034576,
      0.0,
      0.0,
      0.0,
      0.005114896989437977,
      0.0,
      0.0,
      0.0016838801964929931,
      0.0,
      0.0,
      0.009972930935033465,
      0.007446796985442043,
      0.002931715487369207,
      0.008494210250246107,
      0.0,
      0.007921096380167827,
      0.003558898180128404,
      0.01073368697247231,
      0.007018685247624785,
      0.013282478510310704,
      0.0,
      0.008144436298647185,
      0.0,
      0.007062422527634551,
      0.007406598145261217,
      0.014766236471805281,
      0.0013509262975074617,
      0.0,
      0.0,
      0.0,
      0.008578286998070807,
      0.004896133351804671,
      0.0,
      0.0,
      0.007195912545506824,
      0.008816599555441822,
      0.0,
      0.0,
      0.004709379399263762,
      0.004288617251957925,
      0.005413690268561904,
      0.0050001875441826995,
      0.008037308256230441,
      0.0,
      0.005232542616579674,
      0.00048758890157093017,
      0.0,
      0.0070047652371185935,
      0.006289683160597693,
      0.0035944690006622345,
      0.007094397996692752,
      0.0,
      0.0031045894125624326,
      0.0,
      0.0,
      0.010410292048162137,
      0.0,
      0.0,
      0.0,
      0.0,
      0.00020835097224690296,
      0.009400243776702613,
      0.0,
      0.0,
      0.00014820113052789973,
      0.0,
      0.0,
      0.0005082713648828559,
      0.012989918846690615,
      0.004634659453904172,
      0.0022605230214565977,
      0.0,
      0.0046077090584174234,
      0.0,
      0.0035619775826197554,
      0.0,
      0.0032027970812526724,
      0.013779508361565622,
      0.002747093565472059,
      0.0,
      0.010507220993881069,
      0.0009471517295907086,
      0.0
    ],
    "low_data": false
  },
  "250000": {
    "median": 0.001231105693628055,
    "p90": 0.010189288129784028,
    "p10": 0.0,