{
  "100000": {
    "median": 0.0,
    "p90": 0.008726290756993355,
    "p10": 0.0,
    "sample": [
      0.00012032654443716665,
      0.00012207128523635392,
      0.0,
      0.004937806998350856,
      0.00974662852372314,
      0.0,
      0.011051286834495935,
      0.005273831111332196,
      0.003411556591960493,
      0.0,
      0.0019585599974076898,
      0.0,
      0.0,
      0.0,
      0.008441230871630595,
      0.0006574304042656484,
      0.005127913302706363,
      0.008679433533236476,
      0.0015534797688306942,
      0.0,
      0.0005266750362019406,
      0.0025492674137663086,
      0.00328241841685596,
      0.0,
      0.004321748279499328,
      0.0020195498206039713,
      0.0,
      0.003655418199030087,
      0.0011679998847103556,
      0.0,
      0.005549809222543106,
      0.0,
      0.0,
      0.008713049826693327,
      0.006132404374389839,
      0.015108443989046335,
      0.00830208615608463,
      0.007406203600589672,
      0.0,
      0.0020107970021644227,
      0.0,
      0.007841830761606826,
      0.0,
      0.0,
      0.0013109727122324248,
      0.0,
      0.007756682884562896,
      0.0,
      0.0,
      0.0,
      0.0,
      0.0,
      0.0,
      0.009434888198928364,
      0.0008245372673347194,
      0.0,
      0.0,
      0.009343850535629191,
      0.0,
      0.0,
      0.0030924540880373757,
      0.0,
      0.0014480622099916143,
      0.0,
      0.0031541903493186273,
      0.0,
      0.003215179304504987,
      0.0,
      0.0,
      0.01620751534561609,
      0.003605210494784433,
      0.0,
      0.0,
      0.013103177870523296,
      0.0,
      0.008845459129693617,
      0.0,
      0.005089503396462656,
      0.0,
      0.0,
      0.0,
      0.0,
      0.0,
      0.0017379504110921168,
      0.0,
      0.009646569778590401,
      0.0,
      0.0,
      0.0,
      0.0,
      0.0,
      0.0,
      0.0019248371315479826,
      0.0004956981289560248,
      0.0068755319148839115,
      0.0,
      0.019880674450394462,
      0.0,
      0.0019692608315049673,
      0.0,
      0.013845923959123046,
      0.008119996494997013,
      0.006654016475527595,
      0.00021175315963237822,
      0.0,
      0.002297892278107835,
      0.0,
      0.003846245955184436,
      0.0,
      0.004962824383309211,
      0.01749413294302081,
      0.0,
      0.005524148946637897,
      0.0021642053871653703,
      0.0,
      0.016359108978875696,
      0.0,
      0.0011503653242227849,
      0.0,
      0.001011924693664362,
      0.0,
      0.00691887796730609,
      0.0,
      0.0023365280639711223,
      0.014221876302280641,
      0.0,
      0.0,
      0.0,
      0.0021467097739283694,
      0.0,
      0.0026864420837903573,
      0.0,
      0.0,
      0.0,
      0.0,
      0.000634669600967423,
      0.0,
      0.0,
      0.004449820176966361,
      0.0,
      0.0,
      0.013909880370340546,
      0.0,
      0.0036813029913163775,
      0.0,
      0.0,
      0.008282192685635186,
      0.007831335286798937,
      0.0,
      0.0,
      0.0,
      0.0,
      0.0,
      0.0015102533887166433,
      0.007141808573345427,
      0.007242699873483735,
      0.0,
      0.0,
      0.007609914029595031,
      0.0,
      0.0,
      0.004208839760591361,
      0.0,
      0.0,
      0.0034140564112531235,
      0.002038975123460652,
      0.0036237897540900097,
      0.0075451798410295454,
      0.006231328789035357,
      0.0,
      0.0,
      0.0,
      0.004892456138090283,
      0.0,
      2.0067989772685106e-05,
      0.014561837080155488,
      0.0019208327364065355,
      0.0023967591493227183,
      0.0,
      0.0,
      0.008191315885991663,
      0.008349858561840902,
      0.01288340498498511,
      0.0,
      0.004531717938979345,
      0.0,
      0.0,
      0.0,
      0.0,
      0.0,
      0.012755806153226504,
      0.0026996765484812975,
      0.008872671062433375,
      0.0,
      0.0,
      0.0,
      0.007592951364857027,
      0.0,
      0.00822993579576595,
      0.011909256030732663
    ],
    "low_data": false
  },
  "250000": {
    "median": 0.0,
    "p90": 0.008856425043041434,
    "p10": 0.0,