{
  "100000": {
    "median": 0.0006964546182149162,
    "p90": 0.011137782900782624,
    "p10": 0.0,
    "sample": [
      8.878150148527846e-05,
      9.84750769273364e-05,
      0.0,
      0.0,
      0.0,
      0.0,
      0.0,
      0.005789122137627299,
      0.0155054772788564,
      0.007082784339728694,
      0.0071327314619840845,
      0.011108962147621174,
      0.0,
      0.0,
      0.0006361107258355066,
      0.0,
      0.0025397496794889226,
      0.017002156237444797,
      0.0,
      0.0,
      0.0,
      0.0,
      0.00019071039194893595,
      0.0,
      0.0,
      0.003310409874122392,
      0.01184882473598916,
      0.0,
      0.017923193558377327,
      0.0037134819563359213,
      0.0016608940845224283,
      0.0,
      0.008372141748718297,
      0.0022581491906706816,
      0.0,
      0.0,
      0.0007889299072364232,
      0.008101450115908316,
      0.0,
      0.0010585853980481686,
      0.011773578081531018,
      0.004079511783436707,
      0.0,
      0.0,
      0.01465553200551509,
      0.0027034197915375294,
      0.0,
      0.0195791748898698,
      0.0,
      0.0,
      0.0,
      0.0,
      0.018053472353150864,
      0.006591839754653894,
      0.0,
      0.006414692798372298,
      0.0,
      9.458283916814205e-05,
      0.0,
      0.006546721092442875,
      0.00868772492739837,
      0.003664152162592815,
      0.009071537285336733,
      0.0,
      0.01875382038627386,
      0.010301458704338996,
      0.008415910441373521,
      0.010433257367751872,
      0.016296422183767544,
      0.0,
      0.004999811081481016,
      0.0006472945909185038,
      0.0045920388384871015,
      0.01139716967923569,
      0.0,
      0.006820524930595709,
      0.0,
      0.0,
      0.0,
      0.0,
      0.0,
      0.012862055253319654,
      0.010836946242790437,
      0.0,
      0.0,
      0.02014206451144178,
      0.0,
      0.0,
      0.009895155339698479,
      0.0,
      0.0,
      0.0,
      0.0006948549237290809,
      0.0,
      0.0,
      0.0,
      0.0,
      0.012922753981581409,
      0.010016078477379654,
      0.0037135904877091835,
      0.0,
      0.008042338575442419,
      0.0011647792096095672,
      0.0012247851053097452,
      0.0,
      0.01064447837798696,
      0.001936482815777224,
      0.009925778083327364,
      0.0,
      0.0,
      0.0051882355555805835,
      0.0,
      0.0,
      0.0030382176310501893,
      0.0029727989795658412,
      0.0,
      0.0,
      0.0006129230638062995,
      0.007108924176721118,
      0.004147858665018885,
      0.0,
      0.0,
      0.0024947112969112024,
      0.0,
      0.003906360365421505,
      0.009442849413873206,
      0.0,
      0.0,
      0.009862275384411697,
      0.001027738022762809,
      0.0022360428702640094,
      0.0,
      0.0038767987336337435,
      0.013125019278414245,
      0.008220367832623471,
      0.008181025187140022,
      0.008019036715370709,
      0.0,
      0.0,
      0.0,
      0.0,
      0.0175685239466364,
      0.0006868116713618414,
      0.0,
      0.0,
      0.0013558960061943017,
      0.0,
      0.011397410620758514,
      0.0006980543127007515,
      0.002608328445933801,
      0.005392841562593333,
      0.0,
      0.0,
      0.0022557314240827177,
      0.0,
      0.0,
      0.00263288681839637,
      0.008696717162414939,
      0.0,
      0.0,
      0.0,
      0.004284066320716458,
      0.010202516251617263,
      0.004721491138122282,
      0.004010117524506992,
      0.004548067953637539,
      0.0,
      0.008860207771191612,
      0.0,
      0.0,
      0.016601857825695794,
      0.010710692817592484,
      0.0,
      0.0011567357252306812,
      0.0027416766453952504,
      0.0,
      0.0036747734175261015,
      0.0037728085485025336,
      0.0,
      0.0,
      0.005333557014069022,
      0.0,
      0.004173905434634056,
      0.0,
      0.010363198308484452,
      0.005566196428999207,
      0.0,
      0.0,
      0.002226900416132402,
      0.008789157563417046,
      0.00576075669996087,
      0.01280776487124184,
      0.0002269360983036003,
      0.010687691911862827,
      0.0,
      0.000309798676376186,
      0.0,
      0.008251854311432105,
      0.011420280248469902,
      0.0011015305781050286
    ],
    "low_data": false
  },
  "250000": {
    "median": 0.0009137526352109576,
    "p90": 0.01125592770389055,
    "p10": 0.0,