{
  "100000": {
    "median": 0.0,
    "p90": 0.010369383143571418,
    "p10": 0.0,
    "sample": [
      0.00013745216894564094,
      8.180279318231699e-05,
      0.0,
      0.0,
      0.0,
      0.0014166440505219602,
      0.0020479858417117615,
      0.0074348589875788285,
      0.0,
      0.0,
      0.005888614362340508,
      0.0,
      0.003629731276894687,
      0.019085672522273306,
      0.011691182356179997,
      0.0,
      0.004657093202146328,
      0.0,
      0.0,
      0.0,
      5.786096941046816e-05,
      0.0,
      0.0,
      0.0,
      0.0,
      0.0,
      0.0006881383390912095,
      0.023166463110790833,
      0.0,
      0.0,
      0.0,
      0.0021407677284601204,
      0.0,
      0.0,
      0.006938953855425551,
      0.0,
      0.007412104697774037,
      0.0,
      0.0,
      0.0,
      0.0,
      0.01221869394841736,
      0.0058488057213381,
      0.012445099742450222,
      0.005588423692450216,
      0.0,
      0.00679121937938208,
      0.023864544700737553,
      0.0027021306524809647,
      0.0218047616828314,
      0.0,
      0.0,
      0.006948264814018746,
      0.018408844009928555,
      0.0,
      0.006792753023898666,
      0.0,
      0.0,
      0.0,
      0.014926037118049922,
      0.003571959825326698,
      0.0,
      0.0,
      0.010139073310615398,
      0.0,
      0.0,
      0.0052830867346600535,
      0.005713111856742455,
      0.0,
      0.0,
      0.0,
      0.0,
      0.016451253575135296,
      0.0,
      0.0,
      0.0,
      0.0014172882180782643,
      0.0072139506915807035,
      0.010018162901313197,
      0.0032537686849133133,
      0.007406535323886186,
      0.0030426094109755678,
      0.0046033071591387205,
      0.0,
      0.003479148545569721,
      0.0,
      0.0034034766592763574,
      0.008294457434655737,
      0.0,
      0.010363120184565072,
      0.0,
      0.0,
      0.0006713590605263549,
      0.0,
      0.0,
      0.0018668513846446739,
      0.006093522430442269,
      0.0031163363595686205,
      0.005564949957170989,
      0.0,
      0.014342384609641271,
      0.02190486681484353,
      0.002186668268536562,
      0.0,
      0.009696260155096436,
      0.01042574977462854,
      0.008435371966653584,
      0.0,
      0.008493282680146935,
      0.0,
      0.0,
      0.0,
      0.0,
      0.018701257946644043,
      0.0,
      0.0,
      0.013252712502237664,
      0.0,
      0.00015761208270752703,
      0.008900524444463232,
      0.0,
      0.0,
      0.0,
      0.0009991658312988806,
      0.0011213607794591895,
      0.0008074013657724209,
      0.016834924422831802,
      0.0,
      0.004586644856603829,
      0.002062189041720668,
      0.0,
      0.0,
      0.0,
      0.008548895669380595,
      0.0019439179368044748,
      0.0,
      0.0,
      0.003051439225913518,
      0.0,
      0.0027357156170416817,
      0.0,
      0.006423556204249851,
      0.012564909156223006,
      0.005112497284515595,
      0.0,
      0.0,
      0.0,
      0.0,
      0.0,
      0.0,
      0.007706704984657337,
      0.008693042748834992,
      0.00892158261653587,
      0.006810736356446464,
      0.0,
      0.012785758982940357,
      0.0,
      0.0,
      0.001829642743991756,
      0.001431204220210141,
      0.0,
      0.0,
      0.0,
      0.006588785625064241,
      0.0,
      0.0042430338870952395,
      0.0,
      0.0,
      0.004364019391703163,
      0.003590767407100658,
      0.0,
      0.0006288273045826876,
      0.0039209400440355195,
      0.0004890185132406593,
      0.0021325964927498275,
      0.0,
      0.0,
      0.0,
      0.0,
      0.019997033479013562,
      0.0,
      0.0,
      0.0006836106246494083,
      0.0038194032484333094,
      0.0007496812358280184,
      0.0,
      0.0,
      0.0006245882368072239,
      0.0,
      0.008914149907463803,
      0.0,
      0.0,
      0.0,
      0.0,
      0.0,
      0.020199686487956562,
      0.0,
      0.0,
      0.0,
      0.008991179421631088
    ],
    "low_data": false
  },
  "250000": {
    "median": 0.0,
    "p90": 0.010474386852235949,
    "p10": 0.0,
    "sample": [
      0.00031354335784995513,
      0.00018660107477847472,
      0.0,
      0.0,
      0.0,
      0.0015773138960828198,
      0.002193202150955807,
      0.007608367446873334,
      0.0,
      0.0,
      0.006022412701223173,
      0.0,
      0.0038316241147219924,
      0.019190533793845208,
      0.011801946649879453,
      0.0,
      0.004828555227277395,
      0.0,
      0.0,
      0.0,
      0.000205072291339088,
      0.0,
      0.0,
      0.0,
      0.0,
      0.0,
      0.0007958218914438285,
      0.023293165565473787,
      0.0,
      0.0,
      0.0,
      0.002280821781054307,
      0.0,
      0.0,
      0.007091157093364639,
      0.0,
      0.007598157382270114,
      0.0,
      0.0,
      0.0,
      0.0,
      0.012431856473968453,
      0.006067555624650202,
      0.012571156277793935,
      0.005832548992010301,
      0.0,
      0.006904866218035538,
      0.024085401309573047,
      0.0028065025643115343,
      0.021928647805518824,
      0.0,
      0.0,
      0.007140933691721848,
      0.018631095149302394,
      0.0,
      0.006921682960773925,
      0.0,
      5.3995336110072216e-05,
      0.0,
      0.015123158798385892,
      0.0037812226332916126,
      4.8280229194004045e-05,
      0.0,
      0.010326651578057002,
      0.0,
      0.0,
      0.0054123015060152215,
      0.005848719171217076,
      0.0,
      0.0,
      0.0,
      0.0,
      0.016592479701523107,
      0.0,
      0.0,
      0.0,
      0.00162477375564928,
      0.00734672413201944,
      0.010129661121130255,
      0.0034986721676376342,
      0.007561500266412456,
      0.0031988932295759416,
      0.004857817747173706,
      0.0,
      0.00361475152056501,
      0.0,
      0.003510499520771614,
      0.008416155698182609,
      0.0,
      0.01046612712323319,
      0.0,
      0.0,
      0.0008555215578847968,
      0.0,
      0.0,
      0.001995325084914795,
      0.006343995453079476,
      0.0032394549512801823,
      0.005698894509944162,
      0.0,
      0.014473157396480923,
      0.02213067475580182,
      0.002304841613989502,
      0.0,
      0.00994261806544449,
      0.010548724413260787,
      0.008560987045243204,
      0.0,
      0.008681154716724208,
      0.0,
      0.0,
      0.0,
      0.0,
      0.018837362329386067,
      0.0,
      0.0,
      0.013497621063552656,
      0.0,
      0.00039747070311262555,
      0.009059593253816663,
      0.0,
      0.0,
      0.0,
      0.0011419643389265306,
      0.0012427706376187601,
      0.001021925438572123,
      0.016933302268487167,
      0.0,
      0.004834976603399878,
      0.0021607481815347058,
      0.0,
      0.0,
      0.0,
      0.008737124843293562,
      0.0020577397286033125,
      0.0,
      0.0,
      0.0032359103050181004,
      0.0,
      0.002837044797701151,
      0.0,
      0.0065684361861891825,
      0.01271370827509568,
      0.005220133453408975,
      0.0,
      0.0,
      0.0,
      0.0,
      0.0,
      0.0,
      0.007811725436906921,
      0.008860566114198096,
      0.009018592365617806,
      0.006934268225498958,
      0.0,
      0.01299603010157483,
      0.0,
      0.0,
      0.0020721952935152913,
      0.0015679825171494052,
      0.0,
      0.0,
      0.0,
      0.006818344780193137,
      0.0,
      0.004368291589658477,
      0.0,
      0.0,
      0.004607465872238563,
      0.0037192557264340395,
      0.0,
      0.0007267736629280907,
      0.004160851374737594,
      0.0005911639537758047,
      0.0023449682923766544,
      0.0,
      0.0,
      0.0,
      0.0,
      0.02011232737404757,
      0.0,
      0.0,
      0.0008889884440049405,
      0.0040355438882858355,
      0.0008649747242105394,
      0.0,
      0.0,
      0.0007313933547386745,
      0.0,
      0.009102761688163137,
      0.0,
      0.0,
      0.0,
      0.0,
      0.0,
      0.020312918418777512,
      0.0,
      0.0,
      0.0,
      0.009123604594510698
    ],