{
  "100000": {
    "median": 0.0003833169143942901,
    "p90": 0.012282598435035959,
    "p10": 0.0,
    "sample": [
      8.333125632745116e-05,
      0.000103002606077967,
      0.0,
      0.00048675405732897983,
      0.0,
      0.0,
      0.0,
      0.0,
      0.0010019091366043418,
      0.014530301479995542,
      0.014749850443281766,
      0.0049426883850259545,
      0.0010839244302510843,
      0.007274589406161916,
      0.0,
      0.0,
      0.0,
      0.007886523326307522,
      0.0,
      0.0,
      0.0,
      0.02683100505840488,
      0.007657419407929215,
      0.009281430246910003,
      0.0,
      0.0018748159389459312,
      0.00514531106224817,
      0.0,
      0.0,
      0.0,
      0.020773233795728326,
      0.0,
      0.017097913456537606,
      0.00029969681743889935,
      0.0016045680172434016,
      0.003990165605872583,
      0.0,
      0.0,
      0.0,
      0.0053260031481240575,
      0.0,
      0.003060840998686307,
      0.0,
      0.0,
      0.0,
      0.0,
      0.0,
      0.012466274927229138,
      0.02425477279437425,
      0.0,
      0.005675514172442239,
      0.02130255191105389,
      0.009844205824583455,
      0.01791021189833553,
      0.0019423663031803331,
      0.003490705683418112,
      0.013247966475442357,
      0.0,
      0.024055557469579613,
      0.0,
      0.005286682972316638,
      0.015277215564380385,
      0.004248312713752643,
      0.0,
      0.0,
      0.011898364945243626,
      0.0,
      0.005364725852084392,
      0.0,
      0.0,
      0.0,
      0.016966532933795023,
      0.0,
      0.0,
      0.0,
      0.00036811262960715827,
      0.0,
      0.0038631978336508134,
      0.0014375321850784138,
      0.004379197576835086,
      0.0,
      0.0,
      0.0,
      0.0,
      0.0,
      0.0,
      0.0,
      0.0,
      0.0003985211991814219,
      0.0,
      0.005982868609651996,
      0.0023769538516508703,
      0.0,
      0.0,
      0.0036156403788912906,
      0.012262189935903384,
      0.0,
      0.011675909055048568,
      0.0,
      0.004997400395698358,
      0.0,
      0.0,
      0.006866166003422892,
      0.0071738316985786536,
      0.012681910186257377,
      0.0,
      0.0,
      0.0,
      0.0031163756335923936,
      0.0,
      0.0050698587845779824,
      0.0,
      0.0,
      0.002074554177833354,
      0.008663461841439016,
      0.007046924687442042,
      0.0036134448175897745,
      0.0,
      0.0,
      0.0,
      0.0,
      0.013224351651080891,
      0.014439482886994036,
      0.004069348365692951,
      0.0,
      0.007504118362915085,
      0.0,
      0.0,
      0.0074817151171612025,
      0.0,
      0.006329151669012509,
      0.012939321458705416,
      0.002881355209924468,
      0.0,
      0.0,
      0.006821785054113544,
      0.0,
      0.0,
      0.0006686462102596769,
      0.0,
      0.0,
      0.0006650185637780574,
      0.0018778787144353233,
      0.006405090024939132,
      0.005724249502343064,
      0.0014446764385832385,
      0.0,
      0.0,
      0.0,
      0.014052607294574861,
      0.0025555028633676103,
      0.0010217601600023703,
      0.0050046233931101,
      0.0,
      0.0,
      0.0,
      0.00570343334156515,
      0.00786816342187029,
      0.0023978662162726545,
      0.0,
      0.0,
      0.0,
      0.0,
      0.0,
      0.002129007709575613,
      0.0,
      0.00814137695875289,
      0.004272658862451391,
      0.0,
      0.010980542166408237,
      0.0,
      0.004754293770160978,
      8.769589035218195e-05,
      0.00041971372718877534,
      0.0166887629395909,
      0.0022519617227940245,
      0.0,
      0.0,
      0.0,
      0.0,
      0.0017442384672453884,
      0.009091420742802767,
      0.0,
      0.002809716817546979,
      0.004872133051708697,
      0.0,
      0.007303756340958388,
      0.018866109480384093,
      0.0,
      0.004280178966234628,
      0.008191549387710346,
      0.00242490949516833,
      0.005053619345535255,
      0.008025709908054925,
      0.0031307216836934126,
      0.0025887550683394104,
      0.011862524981357609,
      0.004034041100197247,
      0.0,
      0.0007565191649277814
    ],
    "low_data": false
  },
  "250000": {
    "median": 0.0005095692887972709,
    "p90": 0.012551790051263438,
    "p10": 0.0,