{
  "100000": {
    "median": 0.0003055975084983322,
    "p90": 0.009826572678865525,
    "p10": 0.0,
    "sample": [
      0.00013852770997695423,
      9.17444337345429e-05,
      0.010903729315239578,
      0.0,
      0.007221503901345949,
      0.0,
      0.0036715564885989203,
      0.0003477937718088974,
      0.0,
      0.0,
      0.0009714767362555825,
      0.0032655417639873376,
      0.0,
      0.0,
      0.0,
      0.0,
      0.0,
      0.0,
      0.0,
      0.0,
      0.013756305556151826,
      0.008948235195043591,
      0.0,
      0.0,
      0.0008229421051691128,
      0.0,
      0.0056519108229758745,
      0.004758234144663215,
      0.005321947112297474,
      0.0,
      0.005137381525157763,
      0.007056396717994982,
      0.003408528789109209,
      0.0040443509483454,
      0.006369360020349858,
      0.00823999630081371,
      0.007176795194699535,
      0.0,
      0.0,
      0.0,
      0.009494587067443237,
      0.0047255110024181715,
      0.0,
      0.0,
      0.0,
      0.0021580010197487067,
      0.009041898305834208,
      0.005847193047959238,
      0.003321546613941155,
      0.010697417746520037,
      0.005797943912146229,
      0.0,
      0.002961612039023783,
      0.005927772241551925,
      0.01187155390284005,
      0.0,
      0.003570606787818109,
      0.0,
      0.0,
      0.0,
      5.989346629347225e-05,
      0.0,
      0.0,
      0.0,
      0.001817643948988259,
      0.0,
      0.0033085074625794136,
      0.0,
      0.0015904079840721994,
      0.00035725991175453826,
      0.010172520723828021,
      0.0,
      0.0,
      0.011715822728678087,
      0.01140203739019502,
      0.0037595848234932543,
      0.0,
      0.007076547435263587,
      0.005636936773775953,
      0.0,
      0.0,
      0.005784963710521494,
      0.013759970878066808,
      0.018065293268284967,
      0.005698918568945815,
      0.0072462651012118115,
      0.007513716299758119,
      0.0,
      0.0066545318802225155,
      0.004822658777995832,
      0.0,
      0.0006256469305795109,
      0.010472549179967518,
      0.00956115408614678,
      0.0,
      0.005334143273214207,
      0.0,
      0.0094984656056206,
      0.0,
      0.017775091716299873,
      0.0,
      0.0,
      0.0,
      0.0,
      0.006812543118945773,
      0.014693122634986918,
      0.0,
      0.003309130110953217,
      0.010692438177073106,
      0.0002634012451877671,
      0.0,
      0.0,
      0.0,
      0.0,
      0.0133252532508922,
      0.0,
      0.0,
      0.0,
      0.008996993326013534,
      0.0,
      0.008232389864493315,
      0.0010213123278774848,
      0.0,
      0.0,
      0.012107378075816964,
      0.0,
      0.0,
      0.0,
      0.0001396080244611968,
      0.0,
      0.0,
      0.0,
      0.006982823883044319,
      0.005908648961980518,
      0.0,
      0.0,
      0.0,
      0.009788134007203029,
      0.0,
      0.0016456882562027983,
      0.0,
      0.0,
      0.007948717377966279,
      0.0050806256561463405,
      0.0,
      0.0,
      0.003623689492411854,
      0.00865648847258412,
      0.005689545500431948,
      0.0,
      0.0,
      0.0022682362308249085,
      0.0,
      0.0,
      0.004881815082623236,
      0.007600787902361408,
      0.0,
      0.0009865319293035793,
      0.0,
      0.0,
      0.0,
      0.00726264422087765,
      0.007319447274823527,
      0.0,
      0.0012685823649124632,
      0.002592756050426126,
      0.0,
      0.006694943751603388,
      0.0,
      0.0,
      0.004685705833410665,
      0.004737866442616595,
      0.0,
      0.003969694209426095,
      0.0035250888527288463,
      0.00611693838342314,
      0.0,
      0.0,
      0.0033184816871795345,
      0.0,
      0.004447383090758141,
      0.017076769217390007,
      0.0004438875905738985,
      0.014576703231397025,
      0.0,
      0.015612915092053037,
      0.001735429399763378,
      0.004264875275379418,
      0.009374827847134662,
      0.0,
      0.0,
      0.0,
      0.0,
      0.0,
      0.013806243024525815,
      0.01402328658305348,
      0.008361765476991677,
      0.009133959779874821,
      0.0,
      0.0
    ],
    "low_data": false
  },
  "250000": {
    "median": 0.0004392287453644023,
    "p90": 0.009949894658654479,
    "p10": 0.0,