{
  "100000": {
    "median": 2.1877538469976487e-05,
    "p90": 0.010610220230058842,
    "p10": 0.0,
    "sample": [
      0.0001624619595529269,
      0.00017510844160583148,
      0.0,
      0.014902358414964609,
      0.0,
      0.0,
      0.00853211805854322,
      0.0029576504524942084,
      0.0,
      0.0,
      0.0,
      0.003923334820666613,
      0.018338871762439625,
      0.0,
      0.0,
      0.0007881094305182166,
      0.0,
      0.0,
      0.012786273940745439,
      0.0,
      0.009818307469791824,
      0.0,
      0.0,
      0.0,
      0.0,
      0.005145780943353266,
      0.005817577509744315,
      0.005878674785112552,
      0.0,
      0.0,
      0.0,
      0.0,
      0.0,
      0.0,
      0.003898445705646159,
      0.0,
      0.0,
      0.0,
      0.0,
      0.009177937434258107,
      0.016864682308031516,
      0.010574809661485671,
      0.0,
      0.0,
      0.0,
      0.0075621367517157935,
      0.0,
      0.0017236025461217505,
      0.0002081310301151619,
      0.007152729168202917,
      0.004232530186668983,
      0.0,
      0.0,
      0.004560825529436638,
      0.0,
      0.0026017809234948654,
      0.0,
      0.007191664965342403,
      0.0,
      0.0,
      0.007291246014778402,
      0.0,
      0.026467373287499596,
      0.0,
      0.0013530342303709635,
      4.3755076939952975e-05,
      0.006522303932607637,
      0.018439199940316394,
      0.015412006308608344,
      0.0010622901839000792,
      0.0,
      0.02380766544245847,
      0.0,
      0.003489771280213774,
      0.0,
      0.010498606324831681,
      6.858716641801717e-05,
      0.004902128292339395,
      0.0,
      0.01644181846071506,
      0.0,
      0.0,
      0.0,
      0.0,
      0.0,
      0.0,
      0.0,
      0.0,
      0.0,
      0.0,
      0.0035674167378751957,
      0.0,
      0.005567227288212833,
      0.00868416277778968,
      0.0,
      0.0,
      0.0,
      0.0,
      0.003428197692811087,
      0.0,
      0.0,
      0.0039992731348571465,
      0.011968785146330157,
      0.0,
      0.0,
      0.010030430623334422,
      0.012510520073556542,
      0.0022618416646472106,
      0.0,
      0.0004123979316687743,
      0.0034180375353648905,
      0.0,
      0.0,
      0.003025360398228352,
      0.005369086835222354,
      0.0,
      0.02670918046909592,
      0.002911369988379698,
      0.002118430740877476,
      0.0009644535168415845,
      0.0,
      0.015046561166394168,
      0.0,
      0.0,
      0.0044169377214846785,
      0.02177428206850239,
      0.009268696042196913,
      0.011218837004832014,
      0.0,
      0.0,
      4.415374959228991e-05,
      0.0024476993997269614,
      0.0,
      0.003353680819365544,
      0.0,
      0.0,
      0.0020705360921126114,
      0.0,
      0.0,
      0.006535406619678851,
      0.0,
      0.00045360635507183495,
      0.00027904338921999725,
      0.0,
      0.0018730731618331314,
      0.0,
      0.0,
      0.008795231266845997,
      0.0028047390134857634,
      0.0,
      0.0,
      0.0037458283690225878,
      0.0,
      0.0,
      0.006577840807606137,
      0.0,
      0.0006456067156327599,
      0.012427790450827387,
      0.007645052102420414,
      0.0,
      0.009947052525421671,
      0.005226465032830247,
      0.007470117914951248,
      0.0,
      0.0037482896873495208,
      0.0,
      0.0,
      0.005828851948826507,
      0.009394863597350601,
      0.0,
      0.012871781660669612,
      0.010928915347217393,
      0.004415386629120051,
      0.015231595311106991,
      0.0,
      0.00031071405477658216,
      0.00039383646327742505,
      0.002475739035010754,
      0.0,
      0.0,
      0.007087073067802844,
      0.0,
      0.010229929399142842,
      0.008042023031337825,
      0.008429611502074838,
      0.007380571717286134,
      0.0,
      0.008097595542425312,
      0.004788872818994042,
      0.008140007340386307,
      0.0,
      0.009749369720591579,
      0.0,
      0.01202663421789454,
      0.004373822392330881,
      0.0,
      0.0,
      0.0,
      0.0,
      0.0
    ],
    "low_data": false
  },
  "250000": {
    "median": 0.0001237876659268456,
    "p90": 0.010748891958663517,
    "p10": 0.0,