{
  "100000": {
    "median": 0.00011375797985981186,
    "p90": 0.010988195278322035,
    "p10": 0.0,
    "sample": [
      0.00017553099342147157,
      0.0001349209022454714,
      0.0,
      0.02621481456711826,
      0.0,
      0.0,
      0.005761553751839573,
      0.0,
      0.0013678118629607602,
      0.012872678809115067,
      0.0,
      0.0,
      0.0,
      0.004494879551376603,
      0.0,
      0.011814776461432168,
      0.0,
      0.0,
      0.0,
      0.0,
      0.0,
      0.0,
      0.008064779063341548,
      0.0013198228293779819,
      0.0013663344736875038,
      0.0,
      0.0,
      0.0,
      0.01443385284658517,
      0.0,
      0.0,
      0.0,
      0.0,
      0.0,
      0.012318361732827934,
      0.0,
      0.0018790038587162888,
      0.017762211768313288,
      0.004385711042980796,
      0.00422177687047319,
      0.0007178924435438862,
      0.014804361919982087,
      0.0,
      0.0,
      0.0,
      0.0,
      0.0,
      0.010915457737649719,
      0.011483061874212745,
      0.0,
      0.007938799765130292,
      0.0,
      0.0020288270201099376,
      0.0010278921523686772,
      0.011034311334605777,
      9.259505747415231e-05,
      0.0,
      0.0,
      0.0,
      0.0,
      0.011086578560895087,
      0.0,
      0.0,
      0.003678378330993534,
      0.0,
      0.004350279720525871,
      0.0008136617512617271,
      0.0,
      0.007988590589962187,
      0.009615075526063829,
      0.0020687455910828245,
      0.0,
      0.0,
      0.0035998882208766354,
      0.0,
      0.0,
      0.0011618276475498547,
      0.004130206646916031,
      0.0,
      0.00614613882315607,
      0.0,
      0.0,
      0.0012335045834002084,
      0.0,
      0.007904594975490727,
      0.0,
      0.0005285782060869043,
      0.0,
      0.0010524250426339112,
      0.0,
      0.010983071272068287,
      0.0,
      0.005693622951660076,
      0.013125192450794224,
      0.004255101585339703,
      0.010517009459074496,
      0.0,
      0.0011119557332198364,
      0.003196951453569496,
      0.0,
      0.0,
      0.0,
      0.0,
      0.023629605499457886,
      0.007826148881478161,
      0.001569326714777956,
      0.0,
      0.0001981436822375437,
      0.00019706290637376962,
      0.012367666936463469,
      0.0,
      0.0,
      0.007399591167460516,
      0.002864629710612105,
      0.0023468491216505198,
      0.0033859086308925244,
      0.004203006050308855,
      0.0002846157001430953,
      0.0,
      0.0,
      0.0,
      0.005637202733572409,
      0.0,
      0.0,
      0.0035016747198919206,
      0.006079450750313556,
      0.005063300564061357,
      0.0034113185195520255,
      0.0,
      0.00830087388318671,
      0.0,
      0.0,
      0.001952413099140063,
      0.0,
      0.0013908089117336282,
      0.001588663929146398,
      0.0017357424436896115,
      0.0,
      0.0,
      0.016144544302188805,
      0.00427540736154133,
      0.0013516965218533029,
      0.0031419292328952004,
      0.004668740082572914,
      0.0039042125189223944,
      0.011784650594986646,
      0.007951412283636147,
      0.0,
      0.0,
      0.0,
      0.0,
      0.0,
      0.005559869473854583,
      0.004087186229686956,
      0.012659622831751262,
      0.0010688137481046954,
      0.0008140478590525251,
      0.0,
      0.008815138126854008,
      0.0,
      0.0,
      0.01213521760064097,
      0.007239696374592098,
      0.008254542910842298,
      0.0,
      0.004272261799748759,
      0.00725397341365391,
      0.0,
      0.005488561905295624,
      0.0,
      0.0,
      0.0,
      0.0,
      0.0,
      0.000274476762091809,
      0.0,
      0.008102205102764931,
      0.0,
      0.015027695381353871,
      0.01296672731801532,
      0.008017390543187211,
      0.0,
      0.0,
      0.0004900084132119206,
      0.008164050748680155,
      0.0,
      0.014529871532051293,
      0.007379378539783894,
      0.0,
      0.0,
      0.0,
      0.0,
      0.0,
      0.0,
      0.0,
      0.0,
      0.009548614598897318,
      0.0,
      0.0,
      0.0016731415491344711
    ],
    "low_data": false
  },
  "250000": {
    "median": 0.00025208218053822184,
    "p90": 0.011100097549476523,
    "p10": 0.0,