{
  "100000": {
    "median": 0.0,
    "p90": 0.008695170714594802,
    "p10": 0.0,
    "sample": [
      0.00012255597300382475,
      8.713605629386824e-05,
      0.016451034268775432,
      0.0,
      0.0025487799051270633,
      0.0,
      0.003963338666436109,
      0.0,
      0.002917483061242527,
      0.0026320666770162523,
      0.0,
      0.008684742654050927,
      0.0,
      0.0,
      0.0,
      0.0,
      0.0,
      0.0010163937156877133,
      0.0030547089656987663,
      0.0022436008360908945,
      0.0,
      0.0,
      0.0,
      0.0,
      0.0018881647822076497,
      0.0024946932268159125,
      0.0,
      0.0017166289047089328,
      0.005583491471470996,
      0.0,
      0.0012946634156635983,
      0.0,
      0.0,
      0.0,
      0.0013473477817886174,
      0.0,
      0.005566490398391923,
      0.008627517784394127,
      0.0049828184577220755,
      0.0,
      0.0,
      0.0,
      0.024461586370112854,
      0.0,
      0.0,
      0.0,
      0.02216703766022143,
      0.0,
      0.0,
      0.009237128529699953,
      0.0,
      0.0,
      0.00029352564441776594,
      0.0030099981587555957,
      0.00401610874841855,
      0.0,
      0.0,
      0.0,
      0.00760370450596733,
      0.0,
      0.003945511222264289,
      0.0,
      0.0,
      0.0,
      0.0,
      0.0,
      0.0,
      0.0,
      0.0,
      0.0017716530425691767,
      0.0003804431725526351,
      0.0,
      0.002306056504969415,
      0.0,
      0.0,
      0.0,
      0.0,
      0.0,
      0.0,
      0.0,
      0.0,
      0.0,
      0.0,
      0.008614334811113573,
      0.0,
      0.0,
      0.0024002823755201936,
      0.0,
      0.00012035505923557068,
      0.0028726731301068177,
      0.008789023259489685,
      0.004750332788224635,
      0.0076045740515870205,
      0.0,
      0.0035279475568645844,
      0.0,
      0.0,
      0.00389923318166426,
      0.0,
      0.0,
      0.0,
      0.0,
      0.008549280245961433,
      0.005821993750602022,
      0.0,
      0.0,
      0.0,
      0.02244712820424567,
      0.00039359892145423523,
      0.0,
      0.0038629136589255412,
      0.002650043726707146,
      0.0,
      0.002197068310181944,
      0.0,
      0.0,
      0.0,
      0.000770628600349507,
      0.0,
      0.0,
      0.0,
      0.0,
      0.025922501898007603,
      0.0,
      0.015021055415755366,
      0.001234233955826612,
      0.011771642966525005,
      0.004269658370458195,
      0.003744906361762386,
      0.006188497065008784,
      0.0,
      0.0,
      0.010538397943369835,
      0.003572132604316338,
      0.003603341097098405,
      0.0,
      0.0024889660154533955,
      0.0,
      0.006857607642036506,
      0.0,
      0.0,
      0.004034732858954015,
      0.0,
      0.0,
      0.0016045660777326777,
      0.0,
      0.0,
      0.0,
      0.0,
      0.001739926983849383,
      0.005330872724692291,
      0.0,
      0.009862907931741874,
      0.006137175147303056,
      0.01616885467592542,
      0.014751052659321745,
      0.007459432658914418,
      0.005603937553022197,
      0.0,
      0.013054251057798229,
      0.0,
      0.0,
      0.0,
      0.0,
      0.0,
      0.0,
      0.0012276292727062452,
      0.0,
      0.0,
      0.0,
      0.0,
      0.004758664455670936,
      0.0034641955909603477,
      0.004112620988489668,
      0.0,
      0.008629416196973133,
      0.006716201300327017,
      0.0,
      0.001843613893145347,
      0.0,
      0.010829264141607222,
      0.010498206042355355,
      0.000403851849193864,
      0.0,
      0.007278501023694868,
      0.0013563796462039389,
      0.003205211470048312,
      0.008970983422856233,
      0.02398261532885001,
      0.009167472372898918,
      0.0010139978978778571,
      0.0,
      0.0,
      0.0,
      0.0,
      0.016909173255695895,
      0.005692523988767342,
      0.0,
      0.0,
      0.0
    ],
    "low_data": false
  },
  "250000": {
    "median": 0.0,
    "p90": 0.008881746420305134,
    "p10": 0.0,
    "sample": [
      0.00027956351358401975,
      0.0001987668284156865,
      0.016621235044667476,
      0.0,
      0.0026598550146481157,
      0.0,
      0.004074927350615157,
      0.0,
      0.0030330964193708352,
      0.0027924796954248233,
      0.0,
      0.008889382614181152,
      0.0,
      0.0,
      0.0,
      0.0,
      0.0,
      0.0013053084913702594,
      0.0032510011212040996,
      0.0023662893326710597,
      0.0,
      0.0,
      0.0,
      0.0,
      0.002024000653926051,
      0.0027201313184402245,
      0.0,
      0.0018438792695623892,
      0.005703367119229152,
      0.0,
      0.0015596212812967617,
      0.0,
      0.0,
      0.0,
      0.0015610427194011592,
      0.0,
      0.005693867193475188,
      0.008862791114573785,
      0.005088256558039878,
      0.0,
      0.0,
      0.0,
      0.024634719843971763,
      0.0,
      0.0,
      0.0,
      0.02242853915019287,
      0.0,
      0.0,
      0.009374053089113111,
      0.0,
      0.0,
      0.0003970530116601996,
      0.003192568078967747,
      0.004237095150068676,
      0.0,
      0.0,
      0.0,
      0.00776804735747478,
      0.0,
      0.004129174195071665,
      0.0,
      0.0,
      0.0,
      0.0,
      0.0,
      0.0,
      0.0,
      0.0,
      0.001954267232889489,
      0.00047029473393696156,
      0.0,
      0.0024059092257536743,
      0.0,
      0.0,
      0.0,
      0.0,
      0.0,
      0.0,
      0.0,
      0.0,
      0.0,
      0.0,
      0.008748464108628376,
      0.0,
      0.0,
      0.002490647072161668,
      0.0,
      0.0002064788574910903,
      0.002953391153096133,
      0.008880897954318909,
      0.004864212831693206,
      0.007726035773635093,
      0.0,
      0.0036428905377214383,
      0.0,
      0.0,
      0.004010821663809198,
      0.0,
      0.0,
      0.0,
      0.0,
      0.008704142970556602,
      0.005935084468176903,
      0.0,
      0.0,
      0.0,
      0.02254978830938563,
      0.000481576926611536,
      0.0,
      0.0039857817281169165,
      0.002777657172742216,
      0.0,
      0.002292049377429057,
      0.0,
      0.0,
      0.0,
      0.0008941437003672072,
      2.6492221883839593e-05,
      0.0,
      0.0,
      0.0,
      0.026018049747087074,
      0.0,
      0.015102112572596083,
      0.0014416247647676004,
      0.011870594694640814,
      0.004372172273718573,
      0.0038765162877913723,
      0.006284912249081561,
      0.0,
      0.0,
      0.010723308517671391,
      0.00374788095322448,
      0.003757691997525068,
      0.0,
      0.0026463039510740394,
      0.0,
      0.006971445606211865,
      0.0,
      0.0,
      0.004119119756780451,
      0.0,
      0.0,
      0.0017010962741156833,
      0.0,
      0.0,
      0.0,
      0.0,
      0.0018521527796772244,
      0.005545022740508525,
      0.0,
      0.010002139197674367,
      0.0062985289363709845,
      0.016357302777076123,
      0.014913812066310941,
      0.007592388461181096,
      0.005705597848460121,
      0.0,
      0.013165849096568287,
      0.0,
      0.0,
      0.0,
      0.0,
      0.0,
      0.0,
      0.0013179840007663218,
      0.0,
      0.0,
      0.0,
      0.0,
      0.0049405056391411475,
      0.0035551134237524493,
      0.004232683457529163,
      0.0,
      0.008763788022357992,
      0.006857599178262006,
      0.0,
      0.0019865186950584505,
      0.0,
      0.010954388898259568,
      0.010616045490062124,
      0.000569164364644352,
      0.0,
      0.007408767230813987,
      0.0014470242704344525,
      0.0032966282430136004,
      0.009078064080089135,
      0.02415443402110933,
      0.009362212999025007,
      0.0011140542162636172,
      0.0,
      0.0,
      0.0,
      0.0,
      0.017000811866157185,
      0.005830529203748771,
      0.0,
      0.0,
      0.0
    ],
    "low_data": false
  },
  "500000": {
    "median": 0.0,
    "p90": 0.009207021555775552,
    "p10": 0.0,