{
  "100000": {
    "median": 0.0,
    "p90": 0.010629733793230412,
    "p10": 0.0,
    "sample": [
      8.386483069643244e-05,
      0.00013503026738331418,
      0.001720762750423588,
      0.0,
      0.0,
      0.010433126057567915,
      0.0,
      0.0,
      0.0,
      0.003203567098678872,
      0.0,
      0.0,
      0.0,
      0.005342781186058253,
      0.011483399823605201,
      0.01396123385118001,
      0.005662666628213658,
      0.0,
      0.0,
      0.0,
      0.0,
      0.0031867370275131543,
      0.0026439236927121197,
      0.0,
      0.0,
      0.0,
      0.0,
      0.0009216566725718468,
      0.0,
      0.0,
      0.0016468069107232267,
      0.0,
      0.0,
      0.0,
      0.001735945938486587,
      0.003951594307138544,
      0.010593130795994865,
      0.02018563276561077,
      0.009675241732214526,
      0.01292762488344735,
      0.005896017896326346,
      0.002620089223564143,
      0.0025088869618051183,
      0.0,
      0.0007114598721789531,
      0.0,
      0.007365890277325155,
      0.0,
      0.0,
      0.0,
      0.0,
      0.004943276504558437,
      0.0,
      0.002056386280894018,
      0.0032535885797158387,
      0.0,
      0.006890179179653856,
      0.013605842486617425,
      0.0,
      0.004275736024291383,
      0.004584740399536366,
      0.011047635091707409,
      0.0,
      0.0,
      0.0011251924584510377,
      0.010959160768350358,
      0.01390314724710361,
      0.005575133813670691,
      0.006873698040705456,
      0.0,
      0.0017518832863026219,
      0.0,
      0.0018182467055775032,
      0.0,
      0.0,
      0.0,
      0.0,
      0.00891074325136436,
      0.0017735147295985967,
      0.00318925917285056,
      0.006736690909398588,
      0.0011206628747085882,
      0.0,
      0.0,
      0.0017930182714658042,
      0.004570920099056525,
      0.0,
      0.0011915024518078022,
      0.0,
      0.0035268757962702625,
      0.0073943727893712955,
      0.0,
      0.0,
      0.0,
      0.010079620108566336,
      0.006430821629653937,
      0.007970263249735262,
      0.0020717401611552123,
      0.007255720613910555,
      0.0005460750883607762,
      0.0,
      0.0,
      0.006787388940147775,
      0.0,
      0.0019678668033350703,
      0.003525192701944759,
      0.0179620972099813,
      0.0008302148428347442,
      0.0,
      0.0,
      0.021249784849650087,
      0.01654688002980777,
      0.0,
      0.005021918578644068,
      0.0,
      0.0,
      0.0078442205286841,
      0.0,
      0.0,
      0.0,
      0.0,
      0.0,
      0.0,
      0.003980687051661817,
      0.0,
      0.0,
      0.009731384750163805,
      0.0013245746384420018,
      0.0,
      0.0,
      0.0,
      0.006480386964530407,
      0.0,
      0.0,
      0.0,
      0.012122923369389424,
      0.0,
      0.02184483894234377,
      0.027525803944909884,
      0.0,
      0.0,
      0.0,
      0.0,
      0.0,
      0.0,
      0.009241344091365167,
      0.0,
      0.0,
      0.0015914057165259934,
      0.0,
      0.025284401303422428,
      0.015575311836209327,
      0.0,
      0.0016830929952095699,
      0.0,
      0.0,
      0.0,
      0.00625031871919152,
      0.0014852101022569254,
      0.005802654781325454,
      0.00027674349297559814,
      0.0,
      0.007798646378093963,
      0.011544647923834243,
      0.0,
      0.0,
      0.007463335786056199,
      0.0,
      0.012906311349986986,
      0.0,
      0.0,
      0.0,
      0.006479214372603797,
      0.0,
      0.0,
      0.0,
      0.0,
      0.0,
      0.003985594594638243,
      0.005608556962741247,
      0.0,
      0.004699039452750675,
      0.0015112795515080822,
      0.0,
      0.009771388109706045,
      0.0,
      0.0,
      0.007856514681908342,
      0.0,
      0.0063117498077527555,
      0.017117418945229064,
      0.004104197259365626,
      0.0,
      0.0,
      0.005786766493700324,
      0.0,
      0.017049868886514614,
      0.0021611437436861976,
      0.005257074155192135,
      0.006352263826885632
    ],
    "low_data": false
  },
  "250000": {
    "median": 0.00013981226941055017,
    "p90": 0.010797808365681697,
    "p10": 0.0,