{
  "100000": {
    "median": 0.0013167662246624324,
    "p90": 0.010331848055429372,
    "p10": 0.0,
    "sample": [
      0.00012563240116932262,
      0.0001009591203434621,
      0.0019157495220282113,
      0.007252210214939787,
      0.0,
      0.0,
      0.0,
      0.0,
      0.0,
      0.0,
      0.0,
      0.0,
      0.0,
      0.004245112265022562,
      0.0,
      0.0,
      0.003793703724787443,
      0.0,
      0.0,
      0.004670710798092284,
      0.012181659668898101,
      0.0,
      0.0,
      0.00026660409739013137,
      0.0011250089868835465,
      0.0,
      0.007167535711779095,
      0.0014142888749380832,
      0.00419872280862389,
      0.006309242404630117,
      0.0,
      0.008285672252183848,
      0.0,
      0.006050392520004112,
      0.0,
      0.012056205456528895,
      0.012588184945809442,
      0.004969089143145226,
      0.0007836687462148243,
      0.0,
      0.0,
      0.009137278792124113,
      0.009634263609780399,
      0.009394415094045365,
      0.005395961554568429,
      0.0,
      0.0,
      0.002397585661659333,
      0.015000482459942757,
      0.005707021185166576,
      0.008478467854802968,
      0.006235307570296286,
      0.0007682428638271821,
      0.0,
      0.01102698790686483,
      0.0,
      0.0,
      0.0,
      0.0022283209430615765,
      0.0,
      0.0,
      0.0,
      0.0,
      0.00011500981105076597,
      0.0,
      0.0,
      0.002610244552521699,
      0.001680711248143944,
      0.0015287431436040839,
      0.010677780583287746,
      0.011989279944795865,
      0.0,
      0.0019095117439671423,
      0.0034267602957587127,
      0.004305444858300364,
      0.0,
      0.0,
      0.0,
      0.0,
      0.004091797176370686,
      0.0,
      0.008713375603949646,
      0.006211399558588368,
      0.00761897383334902,
      0.0030186375222432246,
      0.01424600032288553,
      0.0,
      0.0,
      0.00332997853370521,
      0.0,
      0.0,
      0.0,
      0.005796578382013864,
      0.0,
      0.008688966100556968,
      0.0,
      0.02655064970098966,
      0.005969828781857761,
      0.0,
      0.0,
      0.0,
      0.011548533187833188,
      0.00030444285285974624,
      0.0036168761599207635,
      0.0,
      0.0,
      0.0,
      0.0,
      0.0056516897833666065,
      0.005161770537517256,
      0.013502436645938393,
      0.0,
      0.006058754614368087,
      0.0,
      0.0,
      0.002526167731221855,
      0.005074921801145529,
      0.010956784095677189,
      0.0,
      0.0,
      0.005295217181795295,
      0.009505521011256624,
      0.004139587680191014,
      0.001679169920765244,
      0.008197813376441399,
      0.0,
      0.0,
      0.009059192663328566,
      0.011548287296138585,
      0.0,
      0.0,
      0.0,
      0.007662613526181488,
      0.010018512212992103,
      0.0009116451330149831,
      0.003749690500999215,
      0.002414292196685533,
      0.0,
      0.0024752345099837247,
      0.0,
      0.005216753046741268,
      0.010158671470179782,
      0.0016025294346562876,
      0.0008114721706886736,
      0.007741291248246512,
      0.0,
      0.0012745501772487558,
      0.006512431488799366,
      0.0034660274828104236,
      0.0,
      0.0,
      0.010592273409224574,
      0.0,
      0.0029683943895019963,
      0.0008017243372998751,
      0.008779736309243481,
      0.0,
      0.0,
      0.0,
      0.001951244775983605,
      0.0,
      0.010302911905007685,
      0.002213482116978426,
      0.009562537313467503,
      0.0,
      0.0,
      0.0,
      0.008040610953547635,
      0.006599942833405149,
      0.004108876173061598,
      0.0,
      0.002248303594332693,
      0.0013798047285511431,
      0.0,
      0.0032043434376441437,
      0.014040980327059168,
      0.0024314674504502766,
      0.017374981793237775,
      0.0,
      0.003793300791839442,
      0.0,
      0.003920911846536227,
      0.0,
      0.0,
      0.0,
      0.00701397255401728,
      0.0019203560662235425,
      0.0,
      0.0,
      0.0,
      0.002948415342016053,
      0.011093285425719015,
      0.0,
      0.015363888908360258,
      0.009947393581525452,
      0.000803015721987879,
      0.002576723583525297,
      0.0013589822720761087,
      0.01225550608596259,
      0.013122698765598184
    ],
    "low_data": false
  },
  "250000": {
    "median": 0.0015431909219309177,
    "p90": 0.010494983435991315,
    "p10": 0.0,