{
  "100000": {
    "median": 0.0005019020213966516,
    "p90": 0.011083055485631947,
    "p10": 0.0,
    "sample": [
      0.00013311431515421925,
      0.00017109458516179985,
      0.0119278732978342,
      0.0,
      0.001333587135927757,
      0.006942727505757524,
      0.0053309105752153965,
      0.0,
      0.0,
      0.0,
      0.011763809759630178,
      0.007405003196699585,
      0.0,
      0.013354752265548088,
      0.0027531846608065563,
      0.0,
      0.0009744116317895145,
      0.008032145062099993,
      0.0034018221157113854,
      5.178329565812232e-06,
      0.0,
      0.010293851255178793,
      0.021024819871615676,
      0.0021461858395773366,
      0.013446038605803332,
      0.0,
      0.010024466826425335,
      0.0,
      0.007553621059518483,
      0.0,
      0.005292177287889161,
      0.009625134194789386,
      0.0,
      0.001909050925524846,
      0.0016258619259754232,
      0.010640291562494809,
      0.02454231435777354,
      0.0,
      0.0215460099010032,
      0.003377071648802551,
      2.478791821907375e-05,
      0.0045487780521866255,
      0.006872636078634045,
      0.0,
      0.0,
      0.005588414404553895,
      0.004799572681787206,
      0.0,
      0.0,
      0.0,
      0.0,
      0.0,
      0.0,
      4.768072180226663e-05,
      0.0,
      0.0030565994253207314,
      0.014242543990281915,
      0.002941546706398227,
      0.0036271586676143806,
      0.0,
      0.00964804000113341,
      0.0,
      0.0,
      0.0,
      0.0,
      0.008511816078083588,
      0.0,
      0.0,
      0.0022753850761538974,
      0.0019474555989422216,
      0.0,
      0.0,
      0.0,
      0.0,
      0.0,
      0.0,
      0.0,
      0.011437702409055504,
      0.008367672145356917,
      0.00813416319438402,
      0.007312060549953022,
      0.004400451147131768,
      0.0005779615438266776,
      0.008320701631775897,
      0.011043650271918221,
      0.004477878977313936,
      0.006328586343296604,
      0.0,
      0.010862611512161433,
      0.0,
      0.005040558109599069,
      0.0038520255886112472,
      0.0,
      0.008482384117644926,
      0.0,
      0.0,
      0.01420210656521837,
      0.011471247030707432,
      0.0,
      0.0011370797723343849,
      0.0069075757724238,
      0.0,
      0.0,
      0.0,
      0.0,
      0.0,
      0.0,
      0.0005777996293845782,
      0.0004793130671967218,
      0.0,
      0.0013824587176085713,
      0.005121404475120104,
      0.0032742902266840474,
      0.0021542542302510326,
      0.020771255600436404,
      0.0,
      0.0,
      0.011982492851176599,
      0.0,
      0.0,
      0.004829993794411498,
      0.0,
      0.014373024835653631,
      0.0,
      0.0,
      0.0,
      0.0,
      0.0,
      0.0,
      0.0,
      0.01992866482133059,
      0.0,
      0.0,
      0.0038797341526569267,
      0.0009729157093123997,
      0.0,
      0.0,
      0.0008621981251016542,
      0.0010680049536588082,
      0.008373308461062802,
      0.003967104098219887,
      0.0,
      0.0,
      0.0,
      0.0,
      0.0,
      0.009988986308115332,
      0.0,
      0.0,
      0.004186120854320286,
      0.0,
      0.0,
      0.0,
      0.0008680028644562868,
      0.0,
      0.0,
      0.002875812449157228,
      0.002175542606092033,
      0.0,
      0.008360760189823001,
      0.0008201579179099026,
      0.004039529495087231,
      0.006898539526089079,
      0.0,
      0.0,
      0.0192431086965322,
      0.0,
      0.010760439774202848,
      0.010945179412390442,
      0.0,
      0.0006579956866049536,
      0.0005244909755965815,
      0.0,
      0.01551662476535164,
      0.0,
      0.0,
      0.0022639768948806292,
      0.017892496413091652,
      0.0,
      0.016557242697442385,
      0.005603913076956753,
      0.009880250521828095,
      0.0006733591835099951,
      0.01096037072941258,
      0.0,
      0.0,
      0.0031569390523367253,
      0.0,
      0.0012753754600689283,
      0.001557961524671187,
      0.00352483853337899,
      0.0,
      0.0,
      0.015700396453548853,
      0.0,
      0.0,
      0.007623333948450692,
      0.005870314516652981,
      0.0,
      0.0
    ],
    "low_data": false
  },
  "250000": {
    "median": 0.000702428560200001,
    "p90": 0.011275357962015124,
    "p10": 0.0,