{
  "100000": {
    "median": 0.00018898507802385508,
    "p90": 0.012161342232711132,
    "p10": 0.0,
    "sample": [
      0.00016738528567871268,
      9.96400661858247e-05,
      0.003488837641655451,
      0.0,
      0.0,
      0.008301370286565486,
      0.003872835847643483,
      0.0,
      0.0,
      0.0,
      0.0,
      0.012368135508118955,
      0.0032520585078382623,
      0.0,
      0.006619951545353975,
      0.0,
      0.02470515832594435,
      0.00359511551042803,
      0.0,
      0.0026403118743573315,
      0.01546646788602589,
      0.0009076374367445686,
      0.006417840125166035,
      0.004845247550619283,
      0.005912223724156657,
      0.012612689206442889,
      0.0,
      0.0,
      0.006177587594367341,
      0.0,
      0.0003630204411159038,
      0.00778382127420173,
      0.007942951622179598,
      0.012732439140153425,
      0.0,
      0.0,
      0.0,
      0.0,
      0.004890099574823926,
      0.007241400090479974,
      0.0,
      0.0021165941581306365,
      0.015568462734643886,
      0.0,
      0.009125376325058554,
      0.010046317373604738,
      0.0,
      0.0,
      0.023633606199139044,
      0.0,
      0.0,
      0.0,
      0.0,
      0.0,
      0.0,
      0.0,
      0.0,
      0.012349930586539076,
      9.930373712207354e-05,
      0.0,
      0.009128368196395054,
      0.0,
      0.0,
      0.0,
      0.004606557117045884,
      0.0,
      0.006574228005584804,
      0.010356906500527605,
      0.000428381382635572,
      0.0037270039497242806,
      0.0,
      0.0,
      0.0058487181452710636,
      0.0056384530805736015,
      0.0,
      0.0,
      0.014767173182370376,
      0.014926419529139943,
      0.0071753670246478855,
      0.0,
      0.0022971890318597967,
      0.0037701406464580455,
      0.014364993470564899,
      0.0,
      0.012140387971174695,
      0.0,
      0.0018342202559816767,
      0.016782039058524566,
      0.008420038933224395,
      0.0,
      0.0,
      0.0,
      0.0,
      0.006385608970888299,
      0.007749255731920846,
      0.008415984987477965,
      0.002931032663079696,
      0.0,
      0.01134139850406086,
      0.008904908609503298,
      0.0048095684729832985,
      0.0,
      0.008978228325882387,
      0.0,
      0.008364175928946829,
      0.018321727788809288,
      0.0,
      0.004235044541598908,
      0.0,
      0.021377007966360873,
      0.0,
      0.0,
      0.0,
      0.0,
      0.005500593202343162,
      0.0,
      0.0006690190906963018,
      0.0,
      0.010244088493249788,
      0.013377372739606,
      0.004110745171464272,
      0.0028169894432807136,
      0.0,
      0.012612012600672151,
      0.0002105848703689975,
      0.0,
      0.01145912135300526,
      0.0,
      0.0,
      0.0,
      0.0,
      0.0,
      0.004322899374117969,
      0.0,
      0.0,
      0.0010087260890278421,
      0.0,
      0.0,
      0.0,
      0.0,
      0.0,
      0.0,
      0.0028493000605182015,
      0.0,
      0.0018065007326497583,
      0.0,
      0.00351845707301329,
      0.0012062304259047674,
      0.0,
      0.004927536202627499,
      0.005200279823166253,
      0.0,
      0.011269073836680396,
      0.0,
      0.004645780168085005,
      0.008139168911555996,
      0.011737312422007248,
      0.0006640013112294639,
      0.0037434545216521392,
      0.0,
      0.0,
      0.0031016638990213133,
      0.0032160155661389907,
      0.0,
      0.006059360850750512,
      0.0010268996632833882,
      0.0,
      0.0,
      0.021319551999175092,
      0.0,
      0.0,
      0.0,
      0.003636498596554604,
      0.0,
      0.0,
      0.015204859291622042,
      0.0,
      0.0049255808478837655,
      0.008593810390329248,
      0.0,
      0.002620058363675304,
      0.012570467032217748,
      0.0,
      0.012532659506901772,
      0.0,
      0.0011842692497345576,
      0.0,
      0.0,
      0.0,
      0.004308181421602604,
      0.0,
      0.0,
      0.0029575758983676316,
      0.004331673785507304,
      0.00540785562480963,
      0.00030541587556603294,
      0.00784485750476014,
      0.0,
      5.685977317905895e-06,
      0.0
    ],
    "low_data": false
  },
  "250000": {
    "median": 0.0004136907865876123,
    "p90": 0.012311297413415318,
    "p10": 0.0,