{
  "100000": {
    "median": 0.0,
    "p90": 0.00899386750564373,
    "p10": 0.0,
    "sample": [
      9.920301421329609e-05,
      0.00012729220802796837,
      0.0016049253967139472,
      0.0,
      0.0011189881162588483,
      0.0,
      0.0,
      0.0,
      0.0,
      0.0,
      0.004983639574234337,
      0.0,
      0.0,
      0.0010902274835597925,
      0.0027685290400069097,
      0.0,
      0.005487647347862455,
      0.0014009721077315406,
      0.0,
      0.0,
      0.0029587279551439058,
      0.00017325350397358756,
      0.0,
      0.0,
      0.013104691374964039,
      0.003320535435610001,
      0.01729348310491595,
      0.003196324594572679,
      0.003425614285933355,
      0.0,
      0.0,
      0.003731907692721858,
      0.0,
      0.0,
      0.0,
      0.0,
      0.001155395060185401,
      0.0,
      0.0076178189910895465,
      0.005972509948609381,
      0.0,
      0.009411790280031295,
      0.0025225810087962787,
      0.0,
      0.0,
      0.0,
      0.01363019045112983,
      0.0,
      0.0015925478642403118,
      0.0,
      0.04123822064393956,
      0.0,
      0.0011354555765776633,
      0.0,
      0.0,
      0.0021764319686664625,
      0.004654566298405441,
      0.0020897179966174167,
      0.0,
      0.0,
      0.02048889614491648,
      0.005215832478755934,
      0.0,
      0.00890366301407077,
      0.008007892183954906,
      0.0,
      0.0007416354139806595,
      0.0,
      0.0012050452428775719,
      0.0,
      0.0,
      0.0,
      0.0,
      0.0,
      0.0,
      0.013963824057420623,
      0.0,
      0.0,
      0.0,
      0.014429113039957989,
      0.0,
      0.0,
      0.002614044287009646,
      0.0,
      0.0,
      0.009945113556448148,
      0.004197713847645251,
      0.008000111645636819,
      0.007073383733848945,
      0.00021232768288398574,
      0.0,
      0.0,
      0.0,
      0.0,
      0.006817313301498305,
      0.0,
      0.0,
      0.0,
      0.0,
      0.0,
      0.013336394407217417,
      0.0,
      0.0,
      0.010041549278776726,
      0.0,
      0.0,
      0.0,
      0.0,
      0.010056578106278243,
      4.715392928154443e-05,
      0.0,
      0.0,
      0.0008059258998301986,
      0.0,
      0.00018056969539737887,
      0.0,
      0.007023826170817954,
      0.007433956985901572,
      0.0,
      0.0,
      0.010176116972863926,
      0.0,
      0.0,
      0.0,
      0.005394813199295778,
      0.0,
      0.007942019477019904,
      0.0,
      0.0,
      0.002565095754606882,
      0.0,
      0.010988983784081778,
      0.0,
      0.0,
      0.0010296171502492618,
      0.002976962844943424,
      0.001358160231412112,
      0.0,
      0.0,
      0.0,
      0.0026329656121391438,
      0.0013113649347691937,
      0.0,
      0.0,
      0.011607346849796979,
      0.0,
      0.000694190723579924,
      0.0,
      0.005171870218173966,
      0.012009758497669092,
      0.0,
      0.0,
      0.0,
      0.0059690634160149,
      0.0,
      0.003164763643646668,
      0.0,
      0.0011660508216747223,
      0.0,
      0.0,
      0.009649925236056916,
      0.0029515062922959613,
      0.0020407992332409793,
      0.0,
      0.0,
      0.0,
      0.0,
      0.0028122348621287684,
      0.0,
      0.0,
      0.005521077688724844,
      0.0,
      0.004953565132148013,
      0.0,
      0.0,
      0.008802666649535384,
      0.005988513001637239,
      0.0,
      0.0,
      0.0007972399939701006,
      0.0,
      0.0041701382403971365,
      0.0012910490426821224,
      0.0,
      0.0036202812981053333,
      0.0,
      0.0,
      0.0,
      0.01301681241593353,
      0.005250644248467978,
      0.0,
      0.0,
      0.011927344750502179,
      0.0,
      0.0,
      0.01749524062438787,
      0.0,
      0.0,
      0.006523267721908401,
      0.008947431641822892
    ],
    "low_data": false
  },
  "250000": {
    "median": 0.0,
    "p90": 0.009144949747222474,
    "p10": 0.0,
    "sample": [
      0.0002262928728143588,
      0.0002903673811724886,
      0.0017101363987227919,
      0.0,
      0.0012948884428314795,
      0.0,
      0.0,
      0.0,
      0.0,
      0.0,
      0.005166571086956783,
      0.0,
      0.0,
      0.001207743850895054,
      0.002979685558987823,
      0.0,
      0.005600919352238914,
      0.001509679642050808,
      0.0,
      0.0,
      0.003120226687295004,
      0.0002857740799563972,
      0.0,
      0.0,
      0.013359220720865522,
      0.003432334669919261,
      0.017413862308231772,
      0.0033222979024740643,
      0.00364041305196005,
      0.0,
      0.0,
      0.003943823577552545,
      0.0,
      0.0,
      0.0,
      0.0,
      0.0012885007432717097,
      0.0,
      0.0077183944882780325,
      0.006169407302487997,
      0.0,
      0.0095637567396459,
      0.0026801829534190804,
      0.0,
      0.0,
      0.0,
      0.013801666738590535,
      0.0,
      0.0017248722800765318,
      0.0,
      0.0413948107346133,
      0.0,
      0.0013897470664753387,
      0.0,
      0.0,
      0.002379986458143482,
      0.004826341052083551,
      0.0023252600790879463,
      0.0,
      0.0,
      0.020673548516718515,
      0.00538974547893921,
      0.0,
      0.009098415636953208,
      0.00819563381371294,
      0.0,
      0.0008667413935776875,
      0.0,
      0.0013112446249602023,
      0.0,
      0.0,
      0.0,
      0.0,
      0.0,
      0.0,
      0.01419042422593028,
      0.0,
      0.0,
      0.0,
      0.01457865560246407,
      0.0,
      0.0,
      0.00273470466652869,
      0.0,
      0.0,
      0.010045309913072096,
      0.004348055006992753,
      0.008098919795916199,
      0.007181098130778079,
      0.00032334816449210754,
      0.0,
      0.0,
      0.0,
      0.0,
      0.0069595807782618715,
      0.0,
      0.0,
      0.0,
      0.0,
      0.0,
      0.01346550025412483,
      0.0,
      0.0,
      0.010169457210735174,
      0.0,
      0.0,
      0.0,
      0.0,
      0.010141889571900339,
      0.0001422650954596123,
      0.0,
      0.0,
      0.0008806033072753378,
      0.0,
      0.00028520138736040656,
      0.0,
      0.007098111870776482,
      0.007559581930486954,
      0.0,
      0.0,
      0.010246180103019214,
      0.0,
      0.0,
      0.0,
      0.005460144822725185,
      0.0,
      0.008052363337822279,
      0.0,
      0.0,
      0.002646616964941146,
      0.0,
      0.011058841766425631,
      0.0,
      0.0,
      0.00114961398706927,
      0.0030436640105198035,
      0.0014354689259821827,
      0.0,
      0.0,
      0.0,
      0.0027070211881094902,
      0.0014406071310800338,
      0.0,
      0.0,
      0.011705396564086453,
      0.0,
      0.0007545117008080159,
      0.0,
      0.0052521188762804025,
      0.01213852703840948,
      0.0,
      0.0,
      0.0,
      0.006046831581672572,
      0.0,
      0.003324606275973214,
      0.0,
      0.0012889973709405444,
      0.0,
      0.0,
      0.00972317857627833,
      0.0030279541775559337,
      0.002120473088401272,
      0.0,
      0.0,
      0.0,
      0.0,
      0.0029322884484546115,
      0.0,
      0.0,
      0.005604886626404805,
      0.0,
      0.005060857402696565,
      0.0,
      0.0,
      0.008878631289112312,
      0.006067810750501291,
      0.0,
      0.0,
      0.0008567592264402334,
      0.0,
      0.004241717723018919,
      0.001353482688012345,
      0.0,
      0.0036999458365318803,
      0.0,
      0.0,
      0.0,
      0.013088111936544869,
      0.00536906810242167,
      0.0,
      0.0,
      0.012017220785423109,
      0.0,
      0.0,
      0.017593051973092244,
      0.0,
      0.0,
      0.0065955838096154115,
      0.0090268621129167
    ],
    "low_data": false
  },
  "500000": {
    "median": 0.0,
    "p90": 0.009438678646243917,
    "p10": 0.0,