{
  "100000": {
    "median": 0.0,
    "p90": 0.009942591368174134,
    "p10": 0.0,
    "sample": [
      8.741676742983723e-05,
      9.141481275191985e-05,
      0.0,
      0.00030641557853445015,
      0.018547553196320482,
      0.0,
      0.0,
      0.0,
      0.0,
      0.004416982989625372,
      0.0,
      0.010059528706764973,
      0.0,
      0.0,
      0.015361475650998468,
      0.005761867269401333,
      0.0,
      0.0,
      0.0012983925416970021,
      0.01616736179163399,
      0.0,
      0.0,
      0.0,
      0.0,
      2.395900793504221e-06,
      0.0,
      0.00037441844668169316,
      0.0,
      0.0,
      0.0,
      0.0043914850353991095,
      0.0016470248018548024,
      0.002520256909759487,
      0.0,
      0.00377681893738879,
      0.0,
      0.0036330282854290605,
      0.0031198269540501948,
      0.0,
      0.002224071060264274,
      0.0,
      0.0037270173739692783,
      0.004960115809783501,
      0.0,
      0.0,
      0.0,
      0.0,
      0.01827722834573411,
      0.0,
      0.0,
      0.0,
      0.015308842742198597,
      0.010958172054209812,
      0.0,
      0.017460554790729138,
      0.0,
      0.0,
      0.0,
      0.0,
      0.0,
      0.0,
      0.0,
      0.0,
      0.016280313478759273,
      0.002803852043796723,
      0.0,
      0.007324609577724018,
      0.0,
      0.0,
      0.0,
      0.007500345960677086,
      0.0018113210429773132,
      0.0,
      0.0,
      0.012760299476952485,
      0.0,
      0.0,
      0.0018206765263981252,
      0.0,
      0.006237665667936773,
      0.018043129177394753,
      0.007148707155599074,
      0.0,
      0.0,
      0.0,
      0.0,
      0.0007090212273794133,
      0.0,
      0.009093423856031202,
      0.00992959833055293,
      0.0,
      0.0025220927036984234,
      0.006950144250311177,
      0.0012906721478369056,
      0.0,
      0.002201440477072898,
      0.0,
      0.0016868020361073504,
      0.008211133039834707,
      0.0,
      0.008471915274993823,
      0.0,
      0.0020535978356750408,
      0.022294072598199512,
      0.0,
      0.0,
      0.0,
      0.02079521763149833,
      0.0,
      0.0,
      0.0,
      0.003146739578221049,
      0.0,
      0.0,
      0.0,
      0.0039494043185877665,
      0.0,
      0.0,
      0.005656288414679325,
      0.0,
      0.0025760300172304952,
      0.0030479190454611614,
      0.0,
      0.0012875597539536703,
      0.0,
      0.0034664486053957895,
      0.0,
      0.0,
      0.0,
      0.003972998956647763,
      0.006953334713715981,
      0.0,
      0.002593610874841209,
      0.002386132250107283,
      0.004649540375915542,
      0.009865066107232442,
      0.0,
      0.0022794650769921375,
      0.0,
      0.0018156596698719904,
      0.0,
      0.0,
      0.008367718564959908,
      6.299164586215408e-05,
      0.0,
      0.0,
      0.00020826695890258556,
      0.0,
      0.011303535514642015,
      0.0094507959112467,
      0.0,
      0.0,
      0.0,
      0.0006026096637880343,
      0.010566483017316863,
      0.0,
      0.0,
      0.008773220338785753,
      0.0,
      0.0,
      0.007907602283500329,
      0.01813086439800619,
      0.006384370890693249,
      0.007678769958603491,
      0.0,
      0.0,
      0.0071127149434650995,
      0.007127944104756712,
      0.008279243283910208,
      0.0,
      0.0,
      0.0,
      0.0,
      0.006847712263039859,
      0.01603071641765341,
      0.007859946013768142,
      0.0,
      0.0,
      0.0,
      0.0,
      0.0,
      0.010318043518593265,
      0.0,
      0.011377468501202784,
      0.0,
      0.00022200767496341646,
      0.0,
      0.0,
      0.0,
      0.004575897303734377,
      0.0,
      0.0,
      0.0001483411026211817,
      0.01605445306241009,
      0.0,
      0.004808461987012078,
      0.007139982842877159,
      0.0,
      0.0,
      0.0
    ],
    "low_data": false
  },
  "250000": {
    "median": 0.0,
    "p90": 0.010090326649672875,
    "p10": 0.0,
    "sample": [
      0.00019940716106982162,
      0.00020852713760229703,
      0.0,
      0.0004170163219667515,
      0.018779104173797752,
      0.0,
      0.0,
      0.0,
      0.0,
      0.004617710912111003,
      0.0,
      0.01030261415444116,
      0.0,
      0.0,
      0.015580692427520533,
      0.005877732366114145,
      0.0,
      0.0,
      0.0014199398871150267,
      0.01639213070972264,
      0.0,
      0.0,
      0.0,
      0.0,
      0.00015770197226516681,
      6.523549560133912e-05,
      0.0006658064448781354,
      0.0,
      0.0,
      0.0,
      0.004642828021473834,
      0.001793736374862527,
      0.002691684701688293,
      0.0,
      0.0039725440361563944,
      0.0,
      0.003806669691762813,
      0.0032494160054673767,
      0.0,
      0.0024428880675357824,
      0.0,
      0.003936041154892433,
      0.005131923903372242,
      0.0,
      0.0,
      0.0,
      0.0,
      0.018397737684956523,
      0.0,
      0.0,
      0.0,
      0.015463646313247445,
      0.011117930051774394,
      0.0,
      0.017616948980081308,
      0.00012875067454801435,
      0.0,
      0.0,
      0.0,
      0.0,
      0.0,
      0.0,
      0.0,
      0.016401225300213075,
      0.0029332863486097537,
      0.0,
      0.007560138962654254,
      0.0,
      0.0,
      0.0,
      0.007629019023905688,
      0.0019406090358144376,
      0.0,
      0.0,
      0.012990580167928633,
      0.0,
      0.0,
      0.0021223768403265393,
      0.0,
      0.006448511587757135,
      0.018188155059218857,
      0.00734097089366675,
      0.0,
      0.0,
      0.0,
      0.0,
      0.0008869308271937943,
      0.0,
      0.009331537905632178,
      0.010062239146593877,
      0.0,
      0.0026669110765504627,
      0.007088808322326157,
      0.0015675985186351313,
      0.0,
      0.0023561926797664515,
      0.0,
      0.0019413710167309763,
      0.008373707017834919,
      0.0,
      0.008652114864248817,
      0.0,
      0.0022437317028686987,
      0.02243970624252248,
      0.0,
      0.0,
      0.0,
      0.020950046239742705,
      0.0,
      0.0,
      0.0,
      0.0034081261397347776,
      0.0,
      0.0,
      0.0,
      0.004156567886648309,
      0.0,
      0.0,
      0.005797108537410118,
      0.0,
      0.00270527330909832,
      0.0032759862995230798,
      0.0,
      0.0014277454627044741,
      0.0,
      0.0036984397871021916,
      0.0,
      0.0,
      0.0,
      0.0041779646172929825,
      0.007165598774115176,
      0.0,
      0.002702038046554881,
      0.002560474485231868,
      0.004750190252051712,
      0.010066739149143068,
      0.0,
      0.00243864448500076,
      0.0,
      0.001918552768891838,
      0.0,
      0.0,
      0.008525486574953575,
      0.00025846495640997674,
      0.0,
      0.0,
      0.0003091209831874664,
      0.0,
      0.011404833980541972,
      0.00957840550703931,
      0.0,
      0.0,
      0.0,
      0.0008145753334952348,
      0.01069365141027825,
      0.0,
      0.0,
      0.008896413707877977,
      0.0,
      0.0,
      0.008109045742705588,
      0.01828563957086822,
      0.00661348240991527,
      0.007819291827508153,
      0.0,
      0.0,
      0.0072135061195113944,
      0.007365241529208234,
      0.008380577728736379,
      0.0,
      0.0,
      0.0,
      0.0,
      0.007053818967208935,
      0.01620526076159377,
      0.007953686796395886,
      0.0,
      0.0,
      0.0,
      0.0,
      0.0,
      0.010535701674029195,
      0.0,
      0.011563470678285651,
      0.0,
      0.0003381838715144432,
      0.0,
      0.0,
      0.0,
      0.004673802128177486,
      0.0,
      0.0,
      0.00025929808899729167,
      0.01615398288422876,
      0.0,
      0.00494633513947031,
      0.007287272855314107,
      0.0,
      0.0,
      0.0
    ],
    "low_data": false
  },
  "500000": {
    "median": 0.0,
    "p90": 0.010407711702316183,
    "p10": 0.0,