{
  "100000": {
    "median": 0.0014789811010480556,
    "p90": 0.01221011896015634,
    "p10": 0.0,
    "sample": [
      0.00016953840395803537,
      0.00012304688969948864,
      0.02258850254745962,
      0.0007651773783765497,
      0.0,
      0.014946660279742613,
      0.0,
      0.010269393748138924,
      0.0001472766510114205,
      0.006053185701927005,
      0.004784778408956034,
      0.0,
      0.0,
      0.0,
      0.010149434235631612,
      0.0,
      0.009108664648214776,
      0.0152879758710729,
      0.0,
      0.00505060594782919,
      0.012200913549605608,
      0.0,
      0.0,
      0.0,
      0.013483060542629382,
      0.0,
      0.0,
      0.0,
      0.0027872720136420596,
      0.0,
      0.013436030831117399,
      0.009931332076688693,
      0.0,
      0.0,
      0.009408259393107115,
      0.007388796415023463,
      0.013250107625947537,
      0.0,
      0.0,
      0.0,
      0.006105211684539369,
      0.0058835433749617186,
      0.0032938844091586024,
      0.013505539366728284,
      0.0,
      0.0,
      0.0,
      0.0,
      0.0012543568080709043,
      0.0,
      0.018227158026403005,
      0.012004621396626404,
      0.0,
      0.0,
      0.01656907152344246,
      0.001974688756817298,
      0.0,
      0.0,
      0.0018535783498389797,
      0.003574992371202005,
      0.0,
      0.0,
      0.0024478349772427124,
      0.0,
      0.016422949083214948,
      0.011720104691119644,
      0.0,
      0.0012740114202885,
      0.0,
      0.0,
      0.0,
      0.0,
      0.0,
      0.003288209167779092,
      0.004767232865433417,
      0.004151816147348279,
      0.0,
      0.0,
      0.00247473247484657,
      0.007959980930310624,
      0.01441080132107206,
      0.010225232181323884,
      0.0,
      0.005406699229113599,
      0.006964532717996427,
      0.0018262843830940284,
      0.003495524937963692,
      0.0,
      0.007169042156268967,
      0.006880286878947861,
      0.003621110605998435,
      0.009640979033976104,
      0.0,
      0.0,
      0.008083068122290985,
      0.0,
      0.007924120899422047,
      0.0,
      0.0015954051103064546,
      0.007826636939025943,
      0.0,
      0.0,
      0.009564641991082838,
      0.0,
      0.0,
      0.0,
      0.0,
      0.009782793096878203,
      0.0,
      0.0,
      0.006778708938673678,
      0.0,
      0.0003435702858924446,
      0.0024421943359711267,
      0.0,
      0.008094415763133847,
      0.003581835853797399,
      0.0,
      0.0,
      0.0061909462807131785,
      0.010399809455951824,
      0.001050538905486258,
      0.0022042874710234486,
      0.010984485714722101,
      0.009470004357211351,
      0.0,
      0.009071012910828968,
      0.008840529722226795,
      0.0,
      0.016829798845078365,
      0.012880018637722843,
      0.0020852876444235175,
      0.0026948172179228863,
      0.0066544666578845346,
      0.0,
      0.0,
      0.0,
      0.0021691382079175583,
      0.0,
      0.0,
      0.0,
      0.011150051255233545,
      0.0,
      0.002121683250184906,
      0.0006311986560270214,
      0.0032817923058635623,
      0.0,
      0.0,
      0.0,
      0.014253828004563577,
      0.021585977064281364,
      0.0,
      0.018092666444081147,
      0.00466024856184034,
      0.009826567253369965,
      0.0,
      0.008759956392692777,
      0.0038035516760006236,
      0.01116628090806789,
      0.007265412900488399,
      0.0,
      0.009411301979855048,
      0.0,
      0.009926980865272762,
      0.004889961961261774,
      0.0,
      0.0,
      0.0013625570917896567,
      0.0,
      0.003812043692390615,
      0.0,
      0.00852118096377447,
      0.009885863996650425,
      0.0,
      0.011452679741619655,
      0.0,
      0.0002749981868959751,
      0.0,
      0.01229296765511293,
      0.0,
      0.005420988983489555,
      0.004292992844995374,
      0.016274142923240354,
      0.003297607110269962,
      0.002122735080486867,
      0.014809972141463082,
      0.0,
      0.0,
      0.006750159431944021,
      0.0,
      0.009543713431410718,
      0.0,
      0.010704336710592776,
      0.0,
      0.0,
      0.005956991487145044,
      0.01548936597156712,
      0.0,
      0.0,
      0.011523633869693116
    ],
    "low_data": false
  },
  "250000": {
    "median": 0.0016647498538957676,
    "p90": 0.012427800836334456,
    "p10": 0.0,