{
  "100000": {
    "median": 9.94832072277145e-05,
    "p90": 0.011630164328324291,
    "p10": 0.0,
    "sample": [
      0.00011078621086934437,
      0.000158024864118775,
      0.007238538000408003,
      0.016192001793791887,
      0.0,
      0.0,
      0.0,
      0.004629097024986673,
      0.0,
      0.0,
      0.004256072541104628,
      0.0037429542274396202,
      0.0,
      0.0,
      0.013364187710639842,
      0.0,
      0.01060769627244141,
      0.0051472078831188645,
      0.0,
      0.011586938051231914,
      0.01457027612517149,
      0.007907770113841027,
      0.0,
      0.01387010395162247,
      0.0059731019133437355,
      0.0,
      0.0,
      0.0,
      0.0,
      0.0,
      0.0006862122360292398,
      0.021866274430667017,
      0.0,
      0.010669451792057581,
      0.0,
      0.0,
      0.00798456087584983,
      0.00905605876867049,
      0.006665486422888495,
      0.002589507346158589,
      0.0,
      0.0,
      0.005254099584458686,
      0.001047127127520276,
      0.0,
      0.01045405462714119,
      0.0,
      0.0,
      0.006961044954244713,
      0.009083664254033593,
      0.001238337389537652,
      0.0006136773171757765,
      0.0,
      0.0,
      0.0,
      0.0,
      0.0,
      0.0006860480837890457,
      0.0,
      0.0007661151823553288,
      0.0,
      0.008565567771968938,
      0.0,
      0.0,
      0.0034691389447729466,
      0.0,
      0.0,
      0.0005177306420763064,
      0.0,
      0.007170383138505494,
      0.003937665091093382,
      0.008727134841388805,
      0.00028309395610359245,
      0.0,
      0.0,
      0.003160623758904727,
      0.006599845534231237,
      0.00950506679408944,
      0.00981140425120999,
      0.0,
      0.0,
      0.006932891620788147,
      0.0,
      0.013329670006557902,
      0.0,
      0.0,
      0.016046213743229478,
      0.0,
      0.004135606201732518,
      0.0,
      0.004216838921499021,
      0.0069346980717280935,
      0.0,
      0.0,
      0.0055276199438515534,
      0.0,
      0.0,
      0.0,
      0.0,
      0.0,
      0.0,
      0.0,
      0.00820462613830439,
      0.0,
      0.01950642917210021,
      0.0036880090571964016,
      0.005267496746046186,
      0.0,
      0.0,
      0.0,
      0.023625284457459775,
      0.0,
      0.0034765961910196456,
      0.010470811920499281,
      0.0,
      0.004880289325099979,
      0.0,
      0.0,
      0.015118381348819857,
      0.0,
      0.0,
      0.0,
      0.0011708821774982113,
      0.0,
      0.012167545130287574,
      0.005508652674841072,
      0.0037047148433482524,
      0.008078496422101277,
      0.0052158977751992856,
      0.0,
      0.012540785238494796,
      0.0,
      0.0,
      0.0,
      0.006126775335078311,
      0.0,
      0.0,
      0.0010801923360525367,
      0.0014159540510384615,
      0.0,
      0.0,
      8.818020358608464e-05,
      0.0029682135424045067,
      0.0004014356828452232,
      0.005752629788362921,
      0.0063943450023351694,
      0.0,
      0.0007595476523496443,
      0.0,
      0.0,
      0.01017919552496421,
      0.0,
      0.0,
      0.005562054356001808,
      0.0,
      0.0,
      8.762567133168626e-05,
      0.0,
      0.0,
      0.0,
      0.0,
      0.012705114797288941,
      0.009478649276823837,
      0.0,
      0.0,
      0.00939226391491179,
      0.0035551981340405437,
      0.0,
      0.01322104294304181,
      0.0,
      0.024753091190045748,
      0.011952406578397757,
      0.0026559531629633815,
      0.002662751090136474,
      0.0,
      0.020057784438334707,
      0.0,
      0.014338805017952707,
      0.010482552614123588,
      0.0,
      0.0,
      0.0,
      0.011594359633871686,
      0.01111881932244643,
      0.0,
      0.023214057191450956,
      0.005324283927817401,
      0.0,
      0.002083081907643084,
      0.009566940095378363,
      0.0,
      0.0,
      0.01527975406332983,
      0.00921692570913065,
      0.01016085287805276,
      0.006945889382234267,
      0.003606980897128282,
      0.0036126674532628543,
      0.0,
      0.006373865267275652
    ],
    "low_data": false
  },
  "250000": {
    "median": 0.0002423419613603376,
    "p90": 0.011737458925090335,
    "p10": 0.0,