{
  "100000": {
    "median": 0.0007059621926709494,
    "p90": 0.00997463434309025,
    "p10": 0.0,
    "sample": [
      0.00020972381946517617,
      0.00012750768524729493,
      0.0016806238345063746,
      0.0004299972323486129,
      0.0006556093917205472,
      0.005737099189750272,
      0.0,
      0.0,
      0.0,
      0.0,
      0.0,
      0.00769107421190415,
      0.0,
      0.0,
      0.0,
      0.0,
      0.0054764252107175684,
      0.0,
      0.004300378521729681,
      0.014893202220162025,
      0.0,
      0.0,
      0.0,
      0.012917547549598144,
      0.0038138934281209914,
      0.006907798681625872,
      0.0,
      0.0,
      0.0,
      0.0053882858365764934,
      0.0,
      0.0,
      0.0019127639760370759,
      0.005954416340070593,
      0.003685187312548103,
      0.001714348926768126,
      0.0,
      0.0,
      0.0,
      0.0,
      0.0,
      0.004834481181494665,
      0.0009115826631074945,
      0.0032401621457448988,
      0.010232854930374381,
      0.00886912245721326,
      9.943318831090555e-05,
      0.0004611047501197228,
      0.0025156732799274896,
      0.0009398175663421503,
      0.01729719019507058,
      0.002242065203969445,
      0.006078792406148188,
      0.009625970950976738,
      0.0,
      0.0034173284902136013,
      0.0012711269087064415,
      0.0057601488188851096,
      0.0006685091428866696,
      0.0,
      0.001167367423861274,
      0.0015300539783635902,
      0.0,
      0.0,
      0.0039342477939024395,
      0.0,
      0.00700952451592265,
      0.005328310663758669,
      0.0,
      0.0,
      0.007674138992037633,
      0.005377595527586371,
      0.0019707691977059938,
      0.010107753594761371,
      0.008332130792153346,
      0.0,
      0.0,
      0.01199127715613305,
      0.00696469645080882,
      0.015245311517283623,
      0.0,
      0.0,
      0.0,
      0.0,
      0.0,
      0.0,
      0.0,
      0.0024009192196658277,
      0.00306497152372735,
      0.0,
      0.006492045107133794,
      0.0,
      0.01051454804186444,
      0.012090892884691807,
      0.0,
      0.009462117281081489,
      0.0,
      0.006598671231919909,
      0.0,
      0.0,
      0.0018347005453093596,
      0.008735653790635562,
      0.01740970959619634,
      3.866522045035481e-05,
      0.014648838217862023,
      0.0,
      0.0,
      0.0007434152424552293,
      0.006246596200230501,
      0.0015835156685265188,
      0.009865310807610073,
      0.0,
      0.0,
      0.0,
      0.0065867990394771975,
      0.010405971618897723,
      0.00938535705438544,
      0.0,
      0.0,
      0.020098048988775687,
      0.0,
      0.0,
      0.008099574076683106,
      0.0,
      0.005776373893738763,
      0.0059009061537693515,
      0.0,
      0.0,
      0.008623931629063561,
      0.015720389111211465,
      0.0,
      0.0,
      0.016887410345802992,
      0.0063449174703071425,
      0.0,
      0.005957577743245902,
      0.0,
      0.008855339488134755,
      0.0062552236516092204,
      0.009460173490162394,
      0.0,
      0.006892684729702843,
      0.006711410348889546,
      0.009246883679577989,
      0.0016176475008892693,
      0.0,
      0.00919784097086367,
      0.0,
      0.00017265492395025794,
      0.0,
      0.0,
      0.0,
      0.0,
      0.0,
      0.0029573806920420304,
      0.0,
      0.0017857407693656056,
      0.001130617326495434,
      0.0,
      0.0051710692723002435,
      0.008978988960577578,
      0.0,
      0.0,
      0.002039464284450854,
      0.005867912513166609,
      0.0,
      0.0,
      0.0,
      0.0,
      0.00398070386715578,
      0.008791694350011295,
      0.0,
      0.011128926396549417,
      0.009959843315126794,
      0.014403714600490048,
      0.00015621563238894852,
      0.0008860966248007381,
      0.0,
      0.0,
      0.0,
      0.0,
      0.025187520244361144,
      0.0,
      0.0,
      0.0,
      0.008040732957450624,
      0.009318519526901587,
      0.0,
      0.01361620577464258,
      0.00598434903790217,
      0.0,
      0.0,
      0.00789951809214424,
      0.011662331748423578,
      0.004835080764520894,
      0.0,
      0.007970114440260837,
      0.0013930115594589785,
      0.00010341346564483014,
      0.00724452270245905
    ],
    "low_data": false
  },
  "250000": {
    "median": 0.0008370326434566895,
    "p90": 0.010091615831832289,
    "p10": 0.0,