{
  "100000": {
    "median": 0.0,
    "p90": 0.010589354002886457,
    "p10": 0.0,
    "sample": [
      0.00012336941156602932,
      0.00013358145100899436,
      0.002191323560253542,
      0.0020150060961749245,
      0.0,
      0.0,
      0.0,
      0.0,
      0.025501299957305996,
      0.0,
      0.012115756342976155,
      0.0,
      0.0,
      0.007873878891939686,
      0.0,
      0.003926166752282624,
      0.0,
      0.0,
      0.0,
      0.012622589424500572,
      0.0,
      0.010170359413534667,
      0.0011584359541797267,
      0.0,
      0.0,
      0.0,
      0.0,
      0.0,
      0.0,
      0.0014798027220918717,
      0.00477455663080159,
      0.0045275480000185105,
      0.0,
      0.0,
      0.002572185327067087,
      0.0,
      0.0018767006917312402,
      0.0,
      0.002707571991729061,
      0.010565817451333262,
      0.0,
      0.0006046324156672939,
      0.004727151958627881,
      0.0,
      0.0,
      0.0,
      0.0024062584932297375,
      0.0061137209979307775,
      0.0,
      0.003338599570145051,
      0.0070910972251107636,
      0.0,
      0.0,
      0.0003370907981408095,
      0.0,
      0.0,
      0.00519050236983059,
      0.0,
      0.001431850495103491,
      0.005380980744250133,
      0.013956800431388895,
      0.0,
      0.0030616958101726903,
      0.008562378573426776,
      0.0,
      0.008609300661326673,
      0.007441951551374525,
      0.0034700565071215657,
      0.0,
      0.0,
      0.0,
      0.0,
      0.0073885841032405464,
      0.0,
      0.014477887166578081,
      0.012929546822961706,
      0.01940442797165063,
      0.004482315993593849,
      0.0,
      0.0,
      0.0,
      0.0,
      0.002297048683978066,
      0.011800568508478933,
      0.002978628030010394,
      0.0,
      0.0,
      0.0,
      0.0,
      0.0041627349088000165,
      0.0,
      0.012384289114872786,
      0.003990228511520803,
      0.009633817227365967,
      0.0,
      0.004356926884166542,
      0.0075564324676615354,
      0.01285443559066098,
      0.01087552089171883,
      0.0,
      0.0,
      0.007326090233222853,
      0.005106746230358816,
      0.0,
      0.0,
      0.0,
      0.0,
      0.0029907589094200797,
      0.002465061957583415,
      0.0,
      0.0,
      0.0035391474466432917,
      0.0,
      0.005288556595434055,
      0.0,
      0.0,
      0.0,
      0.0,
      0.005024859112199141,
      0.009268338668140742,
      0.012296165618381817,
      0.0,
      0.01327393195843609,
      0.0,
      0.0,
      0.009021104122314386,
      0.0034470024759324226,
      0.0,
      0.00588609212782228,
      0.0014051039450555622,
      0.0,
      0.0,
      0.0,
      1.3311123500635034e-05,
      0.0,
      0.0028887597125283808,
      0.0,
      0.0,
      0.0,
      0.008125402822235393,
      0.0,
      0.00012459814035582637,
      0.005741347520524712,
      0.0,
      0.0,
      0.0,
      0.0,
      0.0,
      0.007138933256651806,
      0.0,
      0.016410657772571655,
      0.007408461413651001,
      0.005263022890224539,
      0.0,
      0.0019039822628021444,
      0.0,
      0.004521230644229565,
      0.0,
      0.005490906711303122,
      0.0,
      0.007146404496405678,
      0.0,
      0.005431090400598408,
      0.0012863232379896035,
      0.0,
      0.0005992973210641326,
      0.0,
      0.004673854102962568,
      0.010801182966865221,
      0.0037357094110281623,
      0.0,
      0.0,
      0.0,
      0.0,
      0.006087329615002829,
      0.013151495505924753,
      0.0,
      0.0021569220912614267,
      0.00987927175044144,
      0.009007344883527784,
      0.00762066637250591,
      0.011550185614090267,
      0.0,
      0.0002361568307983972,
      0.0,
      0.027719244475552105,
      0.0069605546349212,
      0.0,
      0.0,
      0.006022700310577905,
      0.013061520192219223,
      0.0,
      0.022958495298698273,
      0.0,
      0.0,
      0.0,
      0.0008180824899253414,
      0.0,
      0.010070056384482176,
      0.0
    ],
    "low_data": false
  },
  "250000": {
    "median": 9.994825968653298e-05,
    "p90": 0.010714996033246502,
    "p10": 0.0,