{
  "100000": {
    "median": 0.0005790618767712756,
    "p90": 0.012656575383270764,
    "p10": 0.0,
    "sample": [
      0.00013323163089251131,
      9.577915575812719e-05,
      0.0007166645435184331,
      0.0,
      0.01183243692014369,
      0.006526304642162904,
      0.010281444682406445,
      0.0,
      0.0021234808258418273,
      0.0,
      0.0,
      0.010255918034045438,
      0.0024286603355089162,
      0.0037098175421926578,
      0.014711922312493046,
      0.0,
      0.0,
      0.0,
      0.006470041642087474,
      0.010201475163495196,
      0.0,
      0.0,
      0.002196701936924757,
      0.0008592951301385414,
      0.005046257441737207,
      0.0023837809612762845,
      0.0,
      0.00885244813580635,
      0.0,
      0.006100938404642904,
      0.0,
      0.010040980879046273,
      0.005777873691032755,
      0.0,
      0.0,
      0.00339089169999977,
      0.020439462167173354,
      0.007646649548830777,
      0.0009918311857571823,
      0.0,
      0.0,
      0.0,
      0.004128669823429819,
      0.0,
      0.0,
      0.021514223687351394,
      0.01684219556678915,
      0.0,
      0.003170400426759009,
      0.0,
      0.0033500120411298607,
      0.011962292637574541,
      0.004978146518991544,
      0.008142706916519825,
      0.01988205001112851,
      0.0,
      0.0,
      0.019314842071289216,
      0.0,
      0.0025728923480054498,
      0.0020794190797924963,
      0.016844156466498394,
      0.0,
      0.008086455238667592,
      0.0,
      0.0,
      0.0011436012687602067,
      0.008016939745440427,
      0.007193438830004192,
      0.0,
      0.007092939404309067,
      0.0,
      0.012608665368301434,
      0.012006410049164308,
      0.0006530166133939951,
      0.015837916371385406,
      0.0,
      0.0,
      0.0,
      0.0,
      0.000505107140148556,
      0.003092379865197124,
      0.013087765517994765,
      0.0,
      0.001978546149210798,
      0.0,
      0.010217805416393302,
      0.0,
      0.0,
      0.0,
      0.006536543955753452,
      0.001358677145111182,
      0.0023368692006135367,
      0.0,
      0.017903341157275463,
      0.005035436589750905,
      0.00304737264251546,
      0.017976935448208293,
      0.0,
      0.0,
      0.013255869802358055,
      0.018980364052612206,
      0.019215134577311818,
      0.0,
      0.0,
      0.022762815763333943,
      0.0008395423579199333,
      0.0029306422586678174,
      0.015212711077154823,
      0.008535220865985918,
      0.0,
      0.0,
      0.0,
      0.0103370522318752,
      0.0,
      0.013831431443992598,
      0.0,
      0.0,
      0.0,
      0.0,
      0.0019002632298653426,
      0.006695047270287771,
      0.0,
      0.0,
      0.0,
      0.00020503252256359993,
      0.0,
      0.005514886303976654,
      0.0,
      0.0,
      0.0015558434357368827,
      0.0009529140783282087,
      0.005368416180622917,
      0.0,
      0.009392717560438735,
      0.0,
      0.005592623514865113,
      0.0,
      0.0,
      0.0,
      0.0,
      0.008710452107028541,
      0.0,
      0.004792295720825093,
      0.0,
      0.0,
      0.00658423773859218,
      0.0,
      0.00810530884771025,
      0.009753650254785027,
      0.0,
      0.0,
      0.00495101746862584,
      0.0,
      0.0,
      0.007293831847544887,
      0.00850584600707213,
      0.0,
      0.0,
      0.00015078754009241178,
      0.0,
      0.0,
      0.004649725265173564,
      0.0,
      0.0,
      0.0,
      0.0,
      0.0,
      0.0,
      0.005694161427881176,
      0.0,
      0.0,
      0.012317187920511856,
      0.011092475063247441,
      0.014722457397969355,
      0.0,
      0.00019939901020575026,
      0.004426818918065742,
      0.0,
      0.005369314713510131,
      0.008749177721257207,
      0.00455193052095145,
      0.012232250684657914,
      0.0,
      0.0,
      0.004753255856353744,
      0.01392383127475799,
      0.0,
      0.0,
      0.0,
      0.008775472530183187,
      0.0,
      0.005056541280806648,
      0.004058555350678998,
      0.0,
      0.004549429168568473,
      0.013812224134048288,
      0.0021213893546927452,
      0.0,
      0.0
    ],
    "low_data": false
  },
  "250000": {
    "median": 0.0007602459055912015,
    "p90": 0.012774959850878499,
    "p10": 0.0,