{
  "100000": {
    "median": 0.0,
    "p90": 0.011823751457806,
    "p10": 0.0,
    "sample": [
      8.915608332554869e-05,
      0.00011360587245077126,
      2.4001336602522306e-05,
      0.0,
      0.011818013451945579,
      0.0053786351540705615,
      0.013092267290866315,
      0.0,
      0.0,
      0.0,
      0.0,
      0.006947698098235688,
      0.0024865643497732483,
      0.01094635534402625,
      0.0,
      0.0,
      0.012749464424363149,
      0.00594826723426087,
      0.0,
      0.013854174075138658,
      0.0,
      0.01349432856689666,
      0.010276671651972035,
      0.0,
      0.0,
      0.003926405652188051,
      0.013269251505829322,
      0.003770794965962557,
      0.011022095947664306,
      0.006868425514466397,
      0.007563498536879561,
      0.0001268453290476833,
      0.0,
      0.014631387159310885,
      0.007054092068545324,
      0.005200577697767722,
      0.0,
      0.0,
      0.0,
      0.010943854785612129,
      0.0022406650210995338,
      0.0,
      0.017336269640173162,
      0.00043137968217386505,
      0.0029606556513269607,
      0.008221936718530618,
      0.0020646967204104583,
      0.0,
      0.0038252586113103676,
      0.0,
      0.0,
      0.0,
      0.0,
      0.0063057462855109275,
      0.009043535839630048,
      0.0,
      0.0,
      0.0,
      0.011875393510549793,
      0.0,
      0.0,
      0.0,
      0.02307834718649893,
      0.010438308226914014,
      0.0,
      0.002865900428328425,
      0.0,
      0.0,
      0.0,
      0.005590757508146031,
      0.0,
      0.0,
      0.0,
      0.030726834462158147,
      0.0,
      0.0,
      0.0,
      0.0,
      0.0,
      0.0,
      0.0,
      0.0,
      0.0,
      0.0,
      0.002476402177175255,
      0.0,
      0.0,
      0.0,
      0.005776997392922698,
      0.0,
      0.0,
      0.0,
      0.0,
      0.008438210863345811,
      0.0,
      0.0,
      0.007474485913951341,
      0.0,
      0.0,
      0.0,
      0.00698318840682757,
      0.01523539425034852,
      0.005356125172802944,
      0.0,
      0.0015672637933482427,
      0.0,
      0.010565718457304623,
      0.0016159310581108275,
      0.006941855669298589,
      0.010780813454853752,
      0.0,
      0.0,
      0.009222190498916809,
      0.0,
      0.0,
      0.013275253802156144,
      0.0020372219950888885,
      0.00483595937110695,
      0.002193030375661648,
      0.007633717800148067,
      0.0,
      0.0,
      0.003589425707964453,
      0.026238251095237614,
      0.004271274506472175,
      0.0,
      0.006106638995283045,
      0.0,
      0.0,
      0.0011086589659889499,
      0.0,
      0.007611732949832705,
      0.00042945685656659683,
      0.005944957937538098,
      0.0,
      0.008302644384829277,
      0.0,
      0.0,
      0.031028747922466505,
      0.0015122203760642686,
      0.0,
      0.0,
      0.0,
      0.0,
      0.0,
      0.0,
      7.19190284195262e-05,
      0.0191647326611704,
      0.014494333797285581,
      0.012290753274138451,
      0.0011959455491815437,
      0.0,
      0.0039926723607317405,
      0.014200394221527106,
      0.005010651094900336,
      0.0,
      0.0,
      0.005056092687739628,
      0.00884751475951219,
      0.0,
      0.007432945239908915,
      0.0021073189013286974,
      0.0,
      0.0,
      0.0,
      0.0,
      0.0,
      0.0,
      0.0,
      0.0,
      0.0030687221506231154,
      0.0,
      0.0,
      0.0,
      0.007330296717102194,
      0.008781671387177902,
      0.0,
      0.0,
      0.0006889554473940264,
      0.0,
      0.0,
      0.0,
      0.0,
      0.0027948291277662576,
      0.007498546754818252,
      0.007851246853887902,
      0.004941216934003939,
      0.0,
      0.0,
      0.0013283675139284068,
      0.0,
      0.0,
      0.024814287664800896,
      0.0069766182009355195,
      0.0,
      0.011968663022863528,
      0.0,
      0.0029142685385661615,
      0.0,
      0.0007391462698156809
    ],
    "low_data": false
  },
  "250000": {
    "median": 0.0,
    "p90": 0.012021716925757714,
    "p10": 0.0,
    "sample": [
      0.000203374729937497,
      0.00025914736008113146,
      0.00023888548385261657,
      0.0,
      0.012057856864374545,
      0.005521654866997111,
      0.013287978191122481,
      0.0,
      0.0,
      0.0,
      0.0,
      0.007185868330997738,
      0.0026034250373531548,
      0.011063885653630786,
      0.0,
      0.0,
      0.012972091306253188,
      0.00606624915880815,
      0.0,
      0.01394919297649265,
      0.0,
      0.01360880633122058,
      0.0104853986698048,
      0.0,
      0.0,
      0.004048596602165387,
      0.013396940942524202,
      0.0039019886658203193,
      0.011220585463287466,
      0.007013365342148352,
      0.007667524267598824,
      0.00025047066061447315,
      0.0,
      0.014715925220333704,
      0.007192912797076264,
      0.005339482564198511,
      0.0,
      0.0,
      0.0,
      0.011036071686495248,
      0.0023952047419270803,
      0.0,
      0.017534345255238462,
      0.000566307817537278,
      0.0031413197023348453,
      0.008370691533429751,
      0.0022386175593610237,
      0.0,
      0.0039748906483417,
      0.0,
      0.0,
      0.0,
      0.0,
      0.006406652045088761,
      0.009218659705360425,
      0.0,
      0.0,
      0.0,
      0.01201770137702251,
      0.0,
      0.0,
      0.0,
      0.023213535568600688,
      0.010543297859988133,
      0.0,
      0.0029673775379410977,
      0.0,
      0.0,
      0.0,
      0.005684883472348507,
      0.0,
      0.0,
      0.0,
      0.030890328681767935,
      0.0,
      0.0,
      0.0,
      0.0,
      0.0,
      0.0,
      0.0,
      0.0,
      0.0,
      0.0,
      0.0025668942971587443,
      0.0,
      0.0,
      0.0,
      0.005945208163266498,
      0.0,
      0.0,
      0.0,
      0.0,
      0.008580999915229133,
      0.0,
      0.0,
      0.007571885265424893,
      0.0,
      0.0,
      0.0,
      0.007067796179477839,
      0.015348314848502263,
      0.005437276567940781,
      0.0,
      0.0016624593277954631,
      0.0,
      0.010756206627804852,
      0.0017135132212512624,
      0.007084593173261384,
      0.01091038927410425,
      0.0,
      0.0,
      0.009350142362261546,
      0.0,
      0.0,
      0.013375121404376727,
      0.0021230365743503173,
      0.0049315171490997905,
      0.002374612147704412,
      0.007780362141478749,
      0.0,
      0.0,
      0.003676067234951784,
      0.02639691893530593,
      0.004373375227314129,
      0.0,
      0.006273547925489437,
      0.0,
      0.0,
      0.00118507557002575,
      0.0,
      0.007782156321922945,
      0.0005025892693930514,
      0.006015677585780718,
      0.0,
      0.008407063044276016,
      0.0,
      0.0,
      0.031132768681350592,
      0.001591731367055235,
      0.0,
      0.0,
      0.0,
      0.0,
      0.0,
      0.0,
      0.00016614188480575668,
      0.019262611059196348,
      0.01459223412038431,
      0.012393259711219589,
      0.0012841465717737697,
      0.0,
      0.004078490878297413,
      0.014292791090804342,
      0.00518138341306097,
      0.0,
      0.0,
      0.00515249561435348,
      0.008924820996038625,
      0.0,
      0.0076144542437103285,
      0.002195960730732728,
      0.0,
      0.0,
      0.0,
      0.0,
      0.0,
      0.0,
      0.0,
      0.0,
      0.00314022634933869,
      0.0,
      0.0,
      0.0,
      0.007412185569289314,
      0.008849761993120169,
      0.0,
      0.0,
      0.0008382990165801765,
      0.0,
      0.0,
      0.0,
      0.0,
      0.0028625892776627617,
      0.007583709506663095,
      0.007975769616069849,
      0.005004353743990629,
      0.0,
      0.0,
      0.0013964358195292785,
      0.0,
      0.0,
      0.024892730241957532,
      0.007043235263922926,
      0.0,
      0.012077675473047994,
      0.0,
      0.0030581322209034235,
      0.0,
      0.0008417811189681418
    ],
    "low_data": false
  },
  "500000": {
    "median": 0.0,
    "p90": 0.012238016483209624,