{
  "100000": {
    "median": 0.00043923973708452396,
    "p90": 0.010164645802505524,
    "p10": 0.0,
    "sample": [
      9.076037219561407e-05,
      0.0001473112954882167,
      0.00954362337550884,
      0.0014980619188129528,
      0.004649789563445004,
      0.0015733192892130345,
      0.0,
      0.0026213356291553557,
      0.0023718875385155824,
      0.0,
      0.0007821403023116104,
      0.0,
      0.01122445261921098,
      0.0,
      0.0,
      0.00127676581504398,
      0.0,
      0.0,
      0.0,
      0.016133924366383775,
      0.0,
      0.009419360351773072,
      0.0028100757060900124,
      0.008700986828512534,
      0.010038431463319106,
      0.0013470397538889623,
      0.0,
      0.008281593528461313,
      0.0,
      0.0,
      0.0,
      0.014279962021344334,
      0.0,
      0.0025563463804447128,
      0.0,
      0.0031854093293005813,
      0.0,
      0.006548431764519357,
      0.0,
      0.012484560444162974,
      0.0,
      0.0,
      0.0,
      0.005971628890479557,
      0.011571000544814412,
      0.004844178765656898,
      0.01926988655705988,
      0.012906802279981857,
      0.0,
      0.006702624357521591,
      0.0,
      0.0,
      0.0,
      0.0,
      0.01148154457541943,
      0.008433926251158155,
      0.0,
      0.0,
      0.012145146348669889,
      0.0026939037226049174,
      0.006678687313760552,
      0.0,
      0.0,
      5.6163179879112294e-05,
      0.01835872467795577,
      0.0,
      0.0021988708970222142,
      0.006489106526418034,
      0.006064443269095634,
      0.0,
      0.0,
      0.0,
      0.0,
      0.0,
      0.004264818196968587,
      0.008759128980221022,
      0.0,
      0.004851639319453567,
      0.004924331577375778,
      0.015633174164944728,
      0.0029139241663247643,
      0.007712974934589485,
      0.003052374790428523,
      0.0,
      0.005888829836236748,
      0.005341439320629442,
      0.0,
      0.0,
      0.0,
      0.0006269923129574632,
      0.010124855339514276,
      0.0,
      0.0,
      0.0,
      0.007982144072921563,
      0.0,
      0.0011930387618807404,
      0.0,
      0.0,
      0.0141352627161439,
      0.0,
      0.0,
      0.0,
      0.0,
      0.005553975000672499,
      0.0,
      0.0,
      0.0,
      0.0,
      0.0,
      0.0,
      0.0034370636682142133,
      0.0017976936324417777,
      5.874065743850308e-05,
      0.0,
      0.0,
      0.008182614795957076,
      0.0,
      0.0,
      0.0,
      0.0,
      0.0014944223202788516,
      0.0,
      0.0,
      0.0020439757317851207,
      0.009368675691885363,
      0.0,
      0.0,
      0.0012841064962751626,
      0.00584613497823626,
      0.0017328024393423866,
      0.0,
      0.004605221487385358,
      0.0,
      0.0,
      0.004238554722574213,
      0.007779980317450102,
      0.013698378806833217,
      0.009493904769694292,
      0.004903365546817044,
      0.011780970268433956,
      0.008969544752747858,
      0.004261642282057749,
      0.009939114400703547,
      0.0002928394032105695,
      0.0023866397048824786,
      0.0,
      0.0,
      0.0,
      0.0,
      0.011384457715219691,
      0.0,
      0.01175371888825587,
      0.0032717912059123714,
      0.0,
      0.010522759969426766,
      0.0,
      0.0,
      0.010994530021270037,
      0.008433612585207854,
      0.0,
      0.002714638127219506,
      0.009587799410835002,
      0.0034378077242660046,
      0.004710115527029541,
      0.0018899415597444986,
      0.0,
      0.0,
      0.0,
      0.0,
      0.00155350928859107,
      0.0,
      0.010051500492620042,
      0.00245147795623886,
      0.0036016525027415197,
      0.005837476182965625,
      0.0,
      0.0,
      0.0,
      0.004991979452742792,
      0.0,
      0.0,
      0.003347492214638746,
      0.0,
      0.0005856400709584785,
      0.0010861606192488738,
      0.0,
      0.0117753549165846,
      0.007527334931831205,
      0.0038963736788142885,
      0.0,
      0.009714619489854399,
      0.0,
      0.0,
      0.012818652759822361,
      0.0014550361661242385,
      0.00696367296775088,
      0.0,
      0.00756609708283892,
      0.0
    ],
    "low_data": false
  },
  "250000": {
    "median": 0.0005417124225784063,
    "p90": 0.010305429221241265,
    "p10": 0.0,