{
  "100000": {
    "median": 0.0007508667530499856,
    "p90": 0.01052772314282268,
    "p10": 0.0,
    "sample": [
      0.00014821900568169266,
      8.490028278000338e-05,
      0.0,
      0.0,
      0.0015910131130627426,
      0.00044843575241922074,
      0.0,
      0.0006231794646164887,
      0.0,
      0.0,
      0.0,
      0.020587138757796646,
      0.0076415797325926,
      0.019684140552990316,
      0.0,
      0.0,
      0.0040482670867552535,
      0.0,
      0.0,
      0.0032149590623889524,
      0.0,
      0.010307189245234239,
      0.007193967318268517,
      0.0,
      0.007487931180636441,
      0.0,
      0.006779326108723709,
      0.0,
      0.013033334262425556,
      0.00014057569015174328,
      0.00029163469696227157,
      0.003081302128837301,
      0.0289356442975253,
      0.0033207647649847105,
      0.0018588346501428703,
      0.013521712785180525,
      0.0,
      0.008955979828291095,
      0.0,
      0.009443723738720551,
      0.0,
      0.0,
      0.0,
      0.01790464257988754,
      0.0,
      0.016129899070248706,
      0.0031842976198899705,
      0.007950781829876909,
      0.0,
      0.009653102923237613,
      0.011118274586767724,
      0.010763051299713083,
      0.0,
      0.004927011526387299,
      0.004200567700890057,
      0.0,
      0.01663696912750434,
      0.008897308334434882,
      0.0002880198117958387,
      0.0,
      0.0,
      0.0,
      0.0,
      0.011294264818709864,
      0.001456506110226368,
      0.0014286051674140873,
      0.009422775660338096,
      0.006841420173935167,
      0.0,
      0.0,
      0.005877574893752393,
      0.0018386274120858305,
      0.0010796933583750185,
      0.0007169975841558675,
      0.011487731335791595,
      0.0013740168783176157,
      0.0,
      0.0,
      0.0,
      0.0,
      0.01708282785572851,
      0.015162846985848353,
      0.008466262449757215,
      0.0,
      0.0,
      0.0005386375507186546,
      0.01258209389954774,
      0.0007847359219441039,
      0.00014933484918195635,
      0.0,
      0.0040831058850236985,
      0.010764494258890377,
      0.0,
      0.009184697540189574,
      0.0,
      0.0,
      0.0,
      0.0,
      0.0,
      0.0014353979371427399,
      0.0,
      0.013551183022746029,
      0.00022853630106887875,
      0.002725206764128761,
      0.005866261445932109,
      0.0049303670375321984,
      0.001146637391847824,
      0.0,
      0.0,
      0.008738384564948999,
      0.0,
      0.00436770052357118,
      0.0026623573350313253,
      0.0,
      0.019900165638340142,
      0.0,
      0.0016819646835929372,
      0.00916950812761114,
      0.0,
      0.0027989808807959886,
      0.01252914600880655,
      0.0019493271474551768,
      0.0,
      0.0024644371768773867,
      0.0055556297530122865,
      0.000526638462413596,
      0.0,
      0.0005425511964608201,
      0.0016682391973814712,
      0.0,
      0.0,
      0.0,
      0.0036156517020139514,
      0.0031462749227158357,
      0.0,
      0.0,
      0.0,
      0.009492325050771222,
      0.002871177332512811,
      0.0012752573193461141,
      0.0,
      0.0074319246728937,
      0.0,
      0.005726143598243268,
      0.010529074152345844,
      0.0,
      0.0,
      0.009018857307217359,
      0.008246286049805308,
      0.007008521839025584,
      0.0,
      0.0,
      0.0,
      0.0,
      0.0,
      0.0023106172936292655,
      0.0028834854332324663,
      0.002051946201947516,
      0.004615665446348294,
      0.0,
      0.0,
      0.009504347154043049,
      0.005578517598840484,
      0.0037740307124661887,
      0.0,
      0.0,
      0.0024692227320620244,
      0.0,
      0.0059866214130904535,
      0.005437950407582661,
      0.0,
      0.0,
      0.0,
      0.0,
      0.0020290874653515617,
      0.0,
      0.004285691391117802,
      0.0,
      0.0,
      0.0,
      0.0,
      0.0009485692730915665,
      0.0010588000642139613,
      0.01052757303065344,
      0.0,
      0.0,
      0.009244043138414433,
      0.003524013070934475,
      0.0,
      0.0,
      0.0019389659574200865,
      0.005007279949452997,
      0.0011558016943144526,
      0.00794690192259797,
      0.00683173679563751,
      0.009223412709450849,
      0.0,
      0.006391291219842497,
      0.0,
      0.0
    ],
    "low_data": false
  },
  "250000": {
    "median": 0.0009459781446982294,
    "p90": 0.010702891262356967,
    "p10": 0.0,