{
  "100000": {
    "median": 0.0,
    "p90": 0.010605456209054624,
    "p10": 0.0,
    "sample": [
      0.00020001616399495977,
      0.0002096506007526446,
      0.0,
      0.008727076530375496,
      0.0,
      0.0,
      0.0,
      0.0027157273536924376,
      0.0,
      0.0040053613719699815,
      0.0033169269147526868,
      0.0,
      0.0,
      0.0,
      0.0,
      0.0,
      0.0,
      0.005239485553510162,
      0.013987055025248496,
      0.0,
      0.0,
      0.0,
      0.0,
      0.0,
      0.0,
      0.01727376275576188,
      0.0023189597000653752,
      0.0,
      0.0,
      0.0,
      0.015606963308438805,
      0.0,
      0.0,
      0.008981721288725538,
      0.0,
      0.0,
      0.010775520574527003,
      0.00048737659271575406,
      0.013797407893004984,
      0.0,
      0.017555184530182077,
      0.0014789339963035826,
      0.004300508898019751,
      0.0,
      0.002816392658135723,
      0.001386029002700626,
      0.00608507308643311,
      0.0,
      0.0,
      0.0002810788191930642,
      0.0023396258302861048,
      0.0,
      0.013991596069675738,
      0.0,
      0.0,
      0.0,
      0.0,
      0.0,
      0.0,
      0.0,
      0.009356750230113743,
      0.0,
      0.0,
      0.009752248334587764,
      0.009185645958286286,
      0.0010505187071597009,
      0.0049002309030936895,
      0.0,
      0.0,
      0.0,
      0.0,
      0.0008113813007402027,
      0.006378446491364526,
      0.0009345141538562018,
      0.0,
      0.0,
      0.0,
      0.0012600060525764928,
      0.0,
      0.0,
      0.004049216501126183,
      0.01060260040841427,
      0.004332846293890157,
      0.0,
      0.0002813712604229358,
      0.0,
      0.006079340298977118,
      0.00415302078481369,
      0.005965043463959563,
      0.0,
      0.0,
      0.0005612050895202723,
      0.0,
      0.0071115283656927744,
      0.0,
      0.0023787992338963533,
      0.0005621268379300368,
      0.02259411834143485,
      0.004126488621190214,
      0.0,
      0.0,
      0.010631158414817803,
      0.0,
      0.0,
      0.0,
      0.0,
      0.012109345919046827,
      0.0,
      0.008396965222157207,
      0.0005260702296565985,
      0.012479116478470267,
      0.0,
      0.0,
      0.0,
      0.006415338210406652,
      0.0,
      0.0,
      0.0,
      0.011829574195854101,
      0.0,
      0.0032563292151730323,
      0.011793093147440122,
      0.0,
      0.0,
      0.004912309352083113,
      0.0,
      0.0,
      0.0,
      0.0022766825438793495,
      0.00177473047222888,
      0.004166369358720718,
      0.0,
      0.0,
      0.0,
      0.001446790598991324,
      0.0014120465572393629,
      0.00350053315582887,
      0.009262263878597025,
      0.008185575072038714,
      0.0,
      0.006145428265898509,
      0.009450613134648424,
      0.0,
      0.0,
      0.0,
      0.008986897547133492,
      0.0002106697347523144,
      0.0,
      0.0011951763927681215,
      0.00698325727000205,
      0.0,
      0.0,
      0.01549832609608748,
      0.009359528758081867,
      0.0,
      0.0,
      0.0,
      0.0,
      0.0,
      0.0,
      0.0,
      0.0,
      0.02222216215308205,
      0.011344249047756542,
      0.017438824248066524,
      0.0,
      0.0,
      0.0016925406399562798,
      0.006591232097374773,
      0.007503359623080501,
      0.0,
      0.018887947156022156,
      0.0,
      0.0,
      0.0,
      0.0,
      0.0055399103508643474,
      0.0,
      0.0,
      0.015164616408530595,
      0.0005174586987152293,
      0.0,
      0.011282950296013327,
      0.0,
      0.0014134465461555267,
      0.006977276042453144,
      0.004101114331523745,
      0.0,
      0.006614765589944553,
      0.004064348747603595,
      0.007978984553773268,
      0.0,
      0.0,
      0.0,
      0.0,
      0.00081717940743495,
      0.0,
      0.005635979176519034,
      0.008735680588337688,
      0.0039352545658094045
    ],
    "low_data": false
  },
  "250000": {
    "median": 0.0,
    "p90": 0.010754650059428248,
    "p10": 0.0,
    "sample": [
      0.00045625864010955533,
      0.0004782358389793105,
      0.0,
      0.008847567842334713,
      0.0,
      0.0,
      0.0,
      0.0029426425974986244,
      0.0,
      0.0041161420832966766,
      0.003529483933652539,
      0.0,
      0.0,
      0.0,
      0.0,
      4.940973862966496e-06,
      0.0,
      0.0053706020972295754,
      0.014121138620919934,
      0.0,
      0.0,
      0.0,
      0.0,
      0.0,
      0.0,
      0.017470136761432713,
      0.0024772051271146124,
      0.0,
      0.0,
      0.0,
      0.015726914234063933,
      0.0,
      0.0,
      0.009167104013947285,
      0.0,
      0.0,
      0.010905905986754477,
      0.0006653057024963724,
      0.014049614561784007,
      0.0,
      0.017684002846915636,
      0.0016128773631127814,
      0.0045148777108721715,
      0.0,
      0.0030250957519473124,
      0.0016188343195122144,
      0.006329553349939864,
      0.0,
      0.0,
      0.000406356636423823,
      0.002488355113081522,
      0.0,
      0.014231952419709499,
      0.0,
      0.0,
      8.419219379955989e-05,
      0.0,
      0.0,
      0.0,
      0.0,
      0.00950622151356949,
      0.0,
      0.0,
      0.009885459365513095,
      0.009303328491176209,
      0.001237300391125727,
      0.005074305020289758,
      0.0,
      0.0,
      0.0,
      0.0,
      0.0009291529637242393,
      0.006610550271533427,
      0.0010421492590136584,
      0.0,
      0.0,
      0.0,
      0.0015157104152601793,
      0.0,
      0.0,
      0.004179826607165995,
      0.010752722413431701,
      0.004509322127421265,
      0.0,
      0.00039235397844617056,
      0.0,
      0.006194932302752583,
      0.004257161234203917,
      0.006193469333315148,
      0.0,
      0.0,
      0.0007663917406967224,
      0.0,
      0.007349359106226673,
      0.0,
      0.0026300902747017525,
      0.0007464900020800055,
      0.022745966251459436,
      0.004259910719684207,
      0.0,
      0.0,
      0.010771998873397174,
      0.0,
      0.0,
      0.0,
      0.0,
      0.012225739561385002,
      0.0,
      0.008531448500775755,
      0.0006296405451103447,
      0.012597235845041656,
      0.0,
      0.0,
      0.0,
      0.006548104734769258,
      0.0,
      0.0,
      0.0,
      0.012072051865138246,
      0.0,
      0.0034266596346368503,
      0.012016173580654094,
      0.0,
      0.0,
      0.005026266093227355,
      0.0,
      0.0,
      0.0,
      0.0023823022713532083,
      0.001915542127356121,
      0.004251432695907498,
      0.0,
      0.0,
      0.0,
      0.0015766111314829256,
      0.0014937012106219936,
      0.0036061530311994852,
      0.00943529112856968,
      0.008398214705259935,
      0.0,
      0.006270059411231816,
      0.009613600462288378,
      0.0,
      0.0,
      0.0,
      0.009075821610824783,
      0.0003035661500845172,
      0.0,
      0.0014236185943185462,
      0.007075344804063874,
      0.0,
      0.0,
      0.015669235982005956,
      0.009491268228248553,
      0.00011691065048607881,
      0.0,
      0.0,
      0.0,
      0.0,
      0.0,
      0.0,
      0.0,
      0.022315448062380287,
      0.011438255338951485,
      0.017558141414567043,
      0.0,
      0.0,
      0.0018176827689331358,
      0.006708684783662254,
      0.007588101893689125,
      0.0,
      0.018962759083395946,
      0.0,
      0.0,
      0.0,
      0.0,
      0.005625283891284682,
      0.0,
      0.0,
      0.015296385927418608,
      0.0005907087078728324,
      0.0,
      0.011383476286414826,
      0.0,
      0.0015008943743448242,
      0.007049269536944116,
      0.0041728112063196595,
      0.0,
      0.0067164282540941355,
      0.004158874088427341,
      0.008072900499389498,
      0.0,
      0.0,
      0.0,
      0.0,
      0.0009587020993563886,
      0.0,
      0.005815637272525581,
      0.008916543876984942,
      0.004008633931199292
    ],
    "low_data": false
  },
  "500000": {
    "median": 0.0,
    "p90": 0.010984721060734197,