{
  "100000": {
    "median": 0.00016482946545337242,
    "p90": 0.010240166013904008,
    "p10": 0.0,
    "sample": [
      0.0002028245968348128,
      0.00012683433407193208,
      0.0,
      0.0,
      0.0,
      0.0071329104288491455,
      0.009872142342878823,
      0.0042122684908025435,
      0.004327379806519382,
      0.0,
      0.0,
      0.0,
      0.0,
      0.0016947605295305236,
      0.0,
      0.0,
      0.002025846010582643,
      0.0,
      0.0072512712026371,
      0.0,
      0.0,
      0.0,
      0.0,
      0.008422162366613096,
      0.010232511577895717,
      0.0,
      0.0,
      0.0022439114840046652,
      0.00025421260809540094,
      0.007866898895858421,
      0.0,
      0.001650108041984102,
      0.0,
      0.0067138794465057845,
      0.0,
      0.0,
      0.0025193517471167677,
      0.0006685893916065231,
      0.020393956598237017,
      0.00655396683962096,
      0.0,
      0.010747681985287449,
      0.0,
      0.0,
      0.0,
      0.0,
      0.0,
      0.0,
      0.0,
      0.007996788012996624,
      0.005137502309529203,
      0.0,
      0.0,
      0.0,
      0.0,
      0.015017589578653153,
      0.0,
      0.0022781090201166557,
      0.008611474609982338,
      0.0,
      0.007227319732077192,
      0.0,
      0.0,
      0.011990200228975626,
      0.0,
      0.0,
      0.024863402081219947,
      0.005293174836672337,
      0.0,
      0.009597870017355344,
      0.005835059604719841,
      0.0,
      0.0009911635808756427,
      0.011657663409533782,
      0.0,
      0.006773381482355595,
      0.0,
      0.010035723940847762,
      0.007314232308607844,
      0.0023426333959576124,
      0.0,
      0.005640930853928902,
      0.0018201959136502112,
      0.0,
      0.0,
      0.0,
      0.005684036467942212,
      0.0,
      0.0,
      0.0,
      0.008164738023682064,
      0.002153195582272496,
      0.0011106425690190925,
      0.0085158878224375,
      0.0,
      0.0,
      0.004076497159391384,
      0.005617469746094762,
      0.0,
      0.002803855885943591,
      0.004369047412366968,
      0.0,
      0.011523631749070817,
      0.0,
      0.004108747603881416,
      0.0,
      0.007529348685640059,
      0.0,
      0.0,
      0.0,
      0.008417172409678136,
      0.003917587851697877,
      0.0,
      0.00365143635778836,
      0.0,
      0.0,
      0.01773837047591358,
      0.002820754839463018,
      0.015563649120977904,
      0.006152833404101852,
      0.004543330913032279,
      0.010921444814067767,
      0.004278218779915713,
      0.008587471009432116,
      0.007427514711362056,
      0.0,
      0.01291943624829413,
      0.0008349165562625305,
      0.0,
      0.00281253188766912,
      0.0023375019616225356,
      0.0072164850064593,
      0.0,
      0.0076967853812347775,
      0.0,
      0.0019990753660008667,
      0.0,
      0.0,
      0.0,
      0.004372173206710194,
      0.0,
      0.006394186524226748,
      0.009393267773420253,
      0.008699271901382205,
      0.0,
      0.0077234259404007615,
      0.00458166226064714,
      0.0,
      0.0,
      0.000946073670023161,
      0.0,
      0.0,
      0.0,
      0.007183172694247641,
      0.0036450742837132884,
      0.0005731206958470237,
      0.002017160142066324,
      0.010736254791010919,
      0.021984832946154793,
      0.0,
      0.0,
      0.006581213597495739,
      0.0,
      0.0,
      0.0013345759015894402,
      0.0,
      0.03312954561975665,
      0.0,
      0.00364745038294033,
      0.013249263379780656,
      0.01030905593797864,
      0.0,
      0.0,
      0.0,
      0.0,
      0.0,
      0.0005974417574182727,
      0.0,
      0.0048316500792051865,
      0.0014954286134736838,
      0.013306610078755478,
      0.0,
      0.0,
      0.015911108046535474,
      0.0,
      0.0,
      0.0,
      0.0,
      0.0,
      0.0,
      0.0,
      0.0,
      0.01395119629447152,
      0.0,
      0.0025482562129897127,
      0.010104566957328318,
      0.0,
      0.004240158743659785,
      0.018748050659085257,
      0.0026989876684187734
    ],
    "low_data": false
  },
  "250000": {
    "median": 0.000348959082289808,
    "p90": 0.010429670834052874,
    "p10": 0.0,