{
  "100000": {
    "median": 1.9224411899776336e-05,
    "p90": 0.01041873850948762,
    "p10": 0.0,
    "sample": [
      0.00015080290431663547,
      0.0001929690175536504,
      0.012964374663654868,
      0.007793941882332186,
      0.0010063087984014804,
      0.0,
      0.013816681214426054,
      0.001853586248223211,
      0.006596180110674328,
      0.0025049329736745443,
      0.00033244717658671355,
      0.0,
      0.0,
      0.033468400104253344,
      0.007854724647561692,
      0.0,
      0.002236029056099773,
      0.0,
      0.015868231093025296,
      0.0,
      0.009733848866528255,
      0.0011886052654287828,
      0.0,
      0.0069225023484491026,
      0.0003549530087496701,
      0.008834299408976374,
      0.01633342599888176,
      0.011547987804610497,
      0.0,
      0.009712640185705864,
      0.0,
      0.0,
      0.0,
      0.011938956999591254,
      0.0,
      0.0,
      0.0,
      0.0013451681168225637,
      0.0,
      0.0,
      0.005824191995346911,
      0.0,
      0.0,
      0.0,
      0.0,
      0.0,
      0.010417788088929583,
      0.003510673966212012,
      0.0,
      0.0,
      0.0,
      0.0,
      0.008397331704778271,
      0.0,
      0.0024811308486865358,
      0.0009789941866459938,
      0.006961203414047038,
      0.00817382941043839,
      0.004619250881371819,
      0.0,
      0.0016334032725394787,
      0.00562689817132576,
      0.006937572878332381,
      0.007744239908879861,
      0.0,
      3.844882379955267e-05,
      0.010878070767010785,
      0.0,
      0.003975060647275594,
      0.004530715136252228,
      0.0,
      0.0,
      0.0,
      0.0,
      0.001560796232991767,
      0.0,
      0.012394256497425832,
      0.0,
      0.0001639303073066715,
      0.0,
      0.0,
      0.010336091609580891,
      0.004412473074561906,
      0.0,
      0.003298244707652691,
      0.0,
      0.0,
      0.0,
      0.0,
      0.006981833977662905,
      0.0,
      0.0,
      0.0,
      0.0,
      0.0,
      0.005526418120395158,
      0.0058005221067509456,
      0.0005307406751217034,
      0.0,
      0.0014974962579824302,
      0.012737453097382669,
      0.007346600144399653,
      0.0,
      0.0,
      0.008982160914408613,
      0.0,
      0.0,
      0.0,
      0.010427292294509964,
      0.005902440200310337,
      0.0057669561417914164,
      0.013200708634121873,
      0.0,
      0.0,
      0.0,
      0.00764821668180242,
      0.0,
      0.01642347075564311,
      0.010444212093645716,
      0.0,
      0.010137558437365485,
      0.0,
      0.0,
      0.004228757075358926,
      0.0,
      0.007420841504832398,
      0.0,
      0.0,
      0.004914898129652033,
      0.0,
      0.008151386986719177,
      0.0024815518013026586,
      0.0,
      0.0,
      0.0018524532218755503,
      0.0003432660316979579,
      0.0,
      0.0,
      0.005436259098911978,
      0.0003411732236177082,
      0.0,
      0.006126458840849349,
      0.0,
      0.0,
      0.003847601738432866,
      0.0,
      0.002798957379025051,
      0.0,
      0.0,
      0.006809980517634175,
      0.009228427493461464,
      0.0,
      0.01275695122241055,
      0.0,
      0.014594740869621165,
      0.0,
      0.0010995362873769143,
      0.0,
      0.0,
      0.0,
      0.0,
      0.008739965699399072,
      0.0,
      0.0,
      0.009849812825406406,
      0.009012606541863111,
      0.010233745018941948,
      0.00904772818163564,
      0.0,
      0.0,
      0.0,
      0.0029870059649794757,
      0.0,
      0.0012206063628228637,
      0.022570926077329086,
      0.011532595029977496,
      0.0,
      0.0,
      0.0,
      0.0,
      0.0,
      0.0,
      0.0,
      0.0014691116557832568,
      0.006188172987848694,
      0.017972145278330364,
      0.002507310142781903,
      0.008663631635538505,
      0.0,
      0.0,
      0.009111016451663874,
      0.002721196842636835,
      0.0,
      0.0,
      0.0,
      0.011469625937991952,
      0.00616318302459865,
      0.0,
      0.0096162380025442,
      0.003087838540326038
    ],
    "low_data": false
  },
  "250000": {
    "median": 0.0002125252941011533,
    "p90": 0.010604360214823274,
    "p10": 0.0,