{
  "100000": {
    "median": 0.0012303228233623243,
    "p90": 0.010867124462187499,
    "p10": 0.0,
    "sample": [
      8.530466220209261e-05,
      0.00013746475407478464,
      0.0,
      0.003712655440246517,
      0.010618109101844008,
      0.009681249828034671,
      0.0022727939307744622,
      0.0038553855600789587,
      0.0,
      0.005201856905821423,
      0.012209704845874424,
      0.012176017227207623,
      0.0,
      0.0,
      0.009281419898913183,
      0.004456794828840083,
      0.0,
      0.005090994694640525,
      0.0,
      0.0,
      0.001398214745741108,
      0.0031461035071685068,
      0.0,
      0.003180318424804296,
      0.012964189741162585,
      0.00870330878159763,
      0.0,
      0.005722423804682628,
      0.0,
      0.0,
      0.0022243074378364663,
      0.0,
      0.008108926045410634,
      0.008067657690873541,
      0.0,
      0.0,
      0.0028516928584608027,
      0.0033789278375183415,
      0.0,
      0.0,
      0.0,
      0.0,
      0.008804873777697553,
      0.0,
      0.0,
      0.015760052722636846,
      0.0,
      0.0015729317404780002,
      0.014456717532243236,
      0.0,
      0.0,
      0.0,
      0.0,
      0.0112369045669515,
      0.002588789892876129,
      0.0066914680970826534,
      0.0004911012662901339,
      0.004339883126985125,
      0.004911799720259074,
      0.0,
      0.0027899335066588226,
      0.0,
      0.003658713959096635,
      0.0,
      0.0,
      0.0,
      0.0,
      0.009310612387487932,
      0.0,
      0.0026257826007864676,
      0.0,
      0.0023265448903713646,
      0.0,
      0.0,
      0.0,
      0.0,
      0.0,
      0.014850164491632166,
      0.004920378054535822,
      0.0,
      0.0,
      0.00016285997689012658,
      0.0015999087437326988,
      0.0,
      0.010392451048585782,
      0.0,
      0.009547771232731775,
      0.0032892550529519168,
      0.0,
      0.017170780716625488,
      0.0026264336008591316,
      0.0,
      0.0,
      0.008976535561504103,
      0.0,
      0.0,
      0.018901299739895128,
      0.004117850416927704,
      0.0,
      0.011122441361754873,
      0.005802641246178356,
      0.0,
      0.0045839698413763395,
      0.006021723680651755,
      0.0022450844137469794,
      0.018673871706919105,
      0.0057991270778613435,
      0.01023325529047302,
      0.00024387470770046097,
      0.0,
      0.0,
      0.0,
      0.0,
      0.0,
      0.006470085941674728,
      0.0020938652596882517,
      0.011355649971476154,
      0.012256935619520418,
      0.003333572399564849,
      0.0,
      0.009603735162661773,
      0.0,
      0.004338318663196959,
      0.0,
      0.0,
      0.008281581440345593,
      0.0013186828241977325,
      0.002947148159857721,
      0.0,
      0.0,
      0.0041282281775652015,
      0.0,
      0.010838755917791126,
      0.002297055901822645,
      0.0,
      0.0,
      0.0,
      0.008660907660259664,
      0.0,
      0.004617347513824886,
      0.0,
      0.0,
      0.001967434265803533,
      0.004783968447334471,
      0.011867604993541805,
      0.0,
      0.0,
      0.013453903065943068,
      0.0011419628225269162,
      0.0,
      0.0035340754220208027,
      0.00023484697450541645,
      0.0,
      0.0,
      0.0,
      0.007138413977451786,
      0.0020573124479097956,
      0.00789687294665362,
      0.005721984875964361,
      0.0,
      0.0,
      0.0,
      0.00559380322840892,
      8.237933642498742e-05,
      0.0016093841834102591,
      0.0,
      0.001391555619091962,
      0.002727067658588382,
      0.0,
      0.007941690549719884,
      0.00752413073067289,
      0.0,
      0.0,
      0.001112242566084262,
      0.0,
      0.007235816478478387,
      0.0,
      0.0,
      0.005322096410836629,
      0.0024134078226680446,
      0.011590991444739298,
      0.011496534611732553,
      0.0,
      0.0,
      0.010507166761133568,
      0.008620362785996335,
      0.0,
      0.02785124276629614,
      0.006307063684015594,
      0.0,
      0.0,
      0.004024384752710519,
      0.01473233513882544,
      0.0,
      0.004887621358790495,
      0.012915549229075124,
      0.0,
      0.0,
      0.005812486004459736,
      0.004000462735114966
    ],
    "low_data": false
  },
  "250000": {
    "median": 0.0015462108107344673,
    "p90": 0.011039889724896937,
    "p10": 0.0,