{
  "100000": {
    "median": 0.0006777787218517938,
    "p90": 0.012463523253634659,
    "p10": 0.0,
    "sample": [
      0.00014364046698063933,
      0.0001678376737352126,
      0.0,
      0.0,
      0.00168035701211683,
      0.0032074601725105597,
      0.0,
      0.004105780381382689,
      0.0,
      0.011537053185434288,
      0.0016185415044455847,
      0.0,
      0.009998035032114857,
      0.0,
      0.015523973619526522,
      0.0,
      0.005872299719166603,
      0.00855852084813443,
      0.0,
      0.008368172807088854,
      0.012897035901649683,
      0.0,
      0.002180643369340394,
      0.00288348579670893,
      0.0013966518296304816,
      0.002090684421456022,
      0.0,
      0.0013492444613591311,
      0.0,
      0.0,
      0.00432230045595621,
      0.0,
      0.007793250580626354,
      0.0,
      0.001585437821384203,
      0.0,
      0.010590032983155782,
      0.00516432457075146,
      0.0,
      0.007681823025034206,
      0.0029704339298818297,
      0.012175491730720937,
      0.005160829203413408,
      0.007849380739203781,
      0.00036259657065657166,
      0.0,
      0.0,
      0.0,
      0.005258979219184903,
      0.0,
      0.020399627276992183,
      0.022306996277931035,
      0.009455392569258498,
      0.0,
      0.008422946701817757,
      0.0,
      0.0,
      0.01705136619452879,
      0.003925388940576994,
      0.007447866213200373,
      0.0,
      0.010442564743163458,
      0.0016163272045974727,
      0.0005838558348539945,
      0.011014347383256982,
      0.008530386910838766,
      0.00167319550073499,
      0.005960783700602519,
      0.0037621337446013692,
      0.009429361261892956,
      0.0018165737718530575,
      0.003525322254528426,
      0.0,
      0.0007224665398349486,
      0.0,
      0.004112572298823446,
      0.0,
      0.004080474628171477,
      0.0,
      0.0,
      0.004909592233145957,
      0.015656858223029948,
      0.0194903747907316,
      0.0,
      0.00016515021695231243,
      0.0,
      0.0,
      0.009673613225948683,
      0.009231973611715034,
      0.0069110295737106146,
      0.0007384349219304471,
      0.0,
      0.01671402395426625,
      0.0,
      0.007754235049918602,
      0.011058793044101792,
      0.0026697320071381505,
      0.0,
      0.0,
      0.008589872635986187,
      0.021332989502094054,
      0.0,
      0.0,
      0.0,
      0.0,
      0.0137566044786967,
      0.00036406197148009553,
      0.0,
      0.019157197921627594,
      0.0,
      0.013828133531457546,
      0.009433593707353848,
      0.006513137139224528,
      0.0037371871636820374,
      0.007374579151931156,
      0.0,
      0.0,
      0.0005290069557391974,
      0.0,
      0.0,
      0.0,
      0.012415355181632993,
      0.0,
      0.0066420979221853355,
      0.0,
      0.007032235726356628,
      0.0,
      0.0,
      0.0,
      0.0,
      0.0,
      0.0,
      0.0,
      0.0,
      0.0,
      0.0,
      0.0,
      0.0,
      0.0,
      0.0,
      0.0,
      0.0,
      0.012008429353552931,
      0.005553339054823517,
      0.0,
      0.00271294007027072,
      0.0,
      0.0001713453944790506,
      0.007171583461716193,
      0.0,
      0.00712382915250682,
      0.01502956349401236,
      0.011707124399972508,
      0.0,
      0.0,
      0.014512486325751769,
      0.0,
      0.004243880068837271,
      0.0027585838132422025,
      0.0006330909038686391,
      0.0,
      0.0,
      0.007773039367087764,
      0.0,
      0.0,
      0.0002765162694427979,
      0.0,
      0.004620572061654825,
      0.0,
      0.009481763668198072,
      0.0,
      0.0,
      0.004003587453984855,
      0.0,
      0.0030870957137820983,
      0.0,
      0.01204675914371408,
      0.0,
      0.021590323323121895,
      0.02661123330284991,
      0.009549187281758773,
      0.0191039323898451,
      0.010745297033218965,
      0.006538790981568667,
      0.0,
      0.016378302548590996,
      1.2251349643399725e-06,
      0.0,
      0.028347919813747652,
      0.026891421364569918,
      0.0,
      0.004983541279525988,
      0.0,
      0.0,
      0.002104621804355534,
      0.0026545755994584674,
      0.001911354326731349,
      0.0,
      0.005800822423707255,
      0.0
    ],
    "low_data": false
  },
  "250000": {
    "median": 0.0008464065687649157,
    "p90": 0.012581022935399104,
    "p10": 0.0,