{
  "100000": {
    "median": 0.000147938134395099,
    "p90": 0.011305700080012207,
    "p10": 0.0,
    "sample": [
      8.162555782342045e-05,
      0.00011236028504226761,
      0.0,
      0.003316414414433491,
      0.01688279387808693,
      0.0004303467585475348,
      0.0,
      0.0,
      0.010252343139368236,
      0.0,
      0.0,
      0.0065962429390989405,
      0.0023737222985402103,
      0.004134028380215198,
      0.0,
      0.0,
      0.00783458215803273,
      0.0029498410312890993,
      0.0,
      0.008701514670312199,
      0.011050742236262677,
      0.0,
      0.0038683591532198787,
      0.0,
      0.005262168707582689,
      0.010221357332557012,
      0.0,
      0.005905297824006982,
      0.008220186865405293,
      0.0,
      0.0,
      0.015815346951897867,
      0.0,
      0.009015459558905582,
      0.011578786080157156,
      0.0,
      0.00026360779362616583,
      0.0,
      0.0,
      0.01335260060124527,
      0.0,
      0.0,
      0.0,
      0.0021081062703001887,
      0.011957768852720192,
      0.007837432462711118,
      0.01936046333760465,
      4.756267484574873e-05,
      0.0,
      0.0029979742769860925,
      0.0,
      0.0,
      0.0,
      0.008801440794034228,
      0.0,
      0.011203810133859758,
      0.0040807269300963565,
      0.0,
      0.0025708540475031212,
      0.0,
      0.006204436197633199,
      0.0,
      0.006411376191490402,
      0.00043314304788888674,
      0.006141602610250005,
      0.0,
      0.0,
      0.006811202377470677,
      0.0,
      0.0,
      0.0039258882940615214,
      0.0,
      0.0,
      0.0,
      0.0,
      0.005400172343237766,
      0.0,
      0.0,
      0.0,
      0.0,
      0.00231511808831852,
      0.004155039959793886,
      0.0,
      0.0032678169350591926,
      0.0,
      0.0,
      0.00571730201744954,
      0.005882095688962857,
      0.0,
      0.008106381169498562,
      0.012134171784953064,
      0.0,
      0.0,
      0.0,
      0.013072324938167663,
      0.0,
      0.0043053758618295645,
      0.007187706347623406,
      0.0,
      0.0,
      0.0,
      0.0,
      0.013590980482173248,
      0.0,
      0.0,
      0.0,
      0.020257141174892364,
      0.0,
      0.00016240295155166496,
      0.0011501566010576113,
      0.0,
      0.00393637932997563,
      0.0,
      0.007492618694219306,
      0.0,
      0.005497453781191758,
      0.0,
      0.006291027902163222,
      0.0007159257878733179,
      0.0,
      0.007701389038008368,
      0.002536774092411258,
      0.0,
      0.0006215156137081658,
      0.017862301846754854,
      0.003389995238975997,
      0.0,
      0.0,
      0.0,
      0.0,
      0.0032754196323940966,
      0.0,
      0.0,
      0.0,
      0.0,
      0.0,
      0.0022767393165681596,
      0.007207540896482435,
      0.015645247371836854,
      0.0,
      0.01656713448647647,
      0.0,
      0.0,
      0.005362714181239808,
      0.008030061779153415,
      0.00013347331723853302,
      0.0,
      0.0,
      0.007518782042864662,
      0.021314367147150647,
      0.02701015608371667,
      0.011275357191107215,
      0.0,
      0.0059548181731971786,
      0.0014836825436256283,
      0.0008367753108750319,
      0.0,
      0.004170085591678152,
      0.004274726628921791,
      0.0,
      0.008829074244981309,
      0.0,
      0.006633731993137355,
      0.0,
      0.007200100175980844,
      0.010566373675932376,
      0.0,
      0.005648344966156968,
      0.02299395613439453,
      0.0,
      0.0,
      0.0,
      0.0,
      0.0015826561051741727,
      0.0014225435763167696,
      0.0,
      0.0,
      0.005281000679710316,
      0.03029816735489973,
      0.0,
      0.0035774912484339907,
      0.011007664497689367,
      0.0,
      0.005527171379756131,
      0.00879227978607263,
      0.003855097704438314,
      0.0,
      0.0,
      0.0,
      0.01255037518430516,
      0.002026596565259849,
      0.010766050295124173,
      0.0,
      0.01860587042630459,
      0.0015840425038250313,
      0.014928154101481433,
      0.0,
      0.00674302952805009,
      0.007292119092297778,
      0.0
    ],
    "low_data": false
  },
  "250000": {
    "median": 0.0002855683141233356,
    "p90": 0.011418016118169685,
    "p10": 0.0,