{
  "100000": {
    "median": 0.0006746917318502534,
    "p90": 0.012717561395618866,
    "p10": 0.0,
    "sample": [
      0.00012463890696358808,
      9.582202191763728e-05,
      0.0002593785613827537,
      0.009568758561970463,
      0.0,
      0.005985315263656127,
      0.014630207134437419,
      0.0,
      0.0,
      0.0,
      0.0,
      0.0,
      0.0,
      0.0,
      0.012694482988053974,
      0.007124153748274182,
      0.02129238242037841,
      0.006700575938480982,
      0.0,
      0.0,
      0.0,
      0.0012375584674204116,
      0.0,
      0.00679709692025968,
      0.00715121235835237,
      0.009965115172552294,
      0.008065267878397949,
      0.008412593517130943,
      0.023345133354495198,
      0.01336948202568392,
      0.01196713464388205,
      0.0,
      0.0006473813453819915,
      0.0027272174375558246,
      0.0,
      0.0,
      0.0,
      0.0,
      0.011981249506244416,
      0.006165921409877711,
      0.0,
      0.0,
      0.01862344366650347,
      0.0031624407408835853,
      0.0,
      0.0,
      0.010165207288510732,
      0.0032818616483889277,
      5.146761699439993e-05,
      0.011244215921262722,
      0.0,
      0.0004885304957000926,
      0.0,
      0.0,
      0.0,
      0.009041556906911084,
      0.0,
      0.0,
      0.0,
      0.004062699225806478,
      0.0003315630680010894,
      0.00015419516450875916,
      0.019821199915894143,
      0.014595553684962856,
      0.0,
      0.011192295794666251,
      0.0,
      0.007980986704389204,
      0.0,
      0.0059619508579332155,
      0.004313799758613102,
      0.008925245924285575,
      0.0,
      0.010476845903778719,
      0.001658967954874353,
      0.0,
      0.003048289691774951,
      0.0,
      0.0,
      0.010319335043819636,
      0.0,
      0.002328573775490622,
      0.018372820563155864,
      0.008928167806669166,
      0.006486055559948658,
      0.0,
      0.01051400321123509,
      0.0007279425654139679,
      0.0,
      0.002725490887279761,
      0.004486058030286236,
      0.0,
      0.0037127836282657917,
      0.0,
      0.006874538221414387,
      0.0,
      0.0,
      0.003057993812077613,
      0.0,
      0.006524777604064781,
      0.004832306306727353,
      0.0,
      0.007684815524718418,
      0.0,
      0.006456416252505024,
      0.011774591106372018,
      0.0037140706230549673,
      0.005875579424120285,
      0.0,
      0.0,
      0.011238736437832549,
      0.015338039860269709,
      0.0,
      0.0007020021183185154,
      0.00846737080085658,
      0.008909325256777522,
      0.007873409150496866,
      0.0,
      0.0,
      0.0,
      0.0,
      0.0,
      0.0005945086955515789,
      0.0,
      0.0,
      0.0028531637910864105,
      0.0013858914487980922,
      0.0,
      0.012448793094387409,
      0.0,
      0.004355023991147298,
      0.005662179701412856,
      0.0,
      0.01158162030441304,
      0.0,
      0.0,
      0.020762543416526502,
      0.0010286577529688454,
      0.007550723170614936,
      0.0,
      0.0028926606817813016,
      0.0,
      0.0035153336721090475,
      0.016276424243591287,
      0.0,
      0.0,
      0.0,
      0.0037750145576822217,
      0.0016528984998048335,
      0.0,
      0.0045503886637216166,
      0.014635166670968374,
      0.003005678348675782,
      0.005143529452513156,
      0.0,
      0.0,
      0.0,
      0.0,
      0.0,
      0.01292526706370291,
      0.0,
      0.023396757303135934,
      0.011816827060006472,
      0.016206018476429267,
      0.0,
      0.008914369510102533,
      0.0,
      0.0,
      0.002057129804017481,
      0.013934446146856407,
      0.0020027217429043616,
      0.008611612865254662,
      0.013651230310698361,
      0.0,
      0.0032088808378279085,
      0.0,
      0.0,
      0.0,
      0.014403528445630908,
      0.0,
      0.026432067458392258,
      0.007003129211385908,
      0.012533589080704302,
      0.0,
      0.0,
      0.008722674651569543,
      0.0055976091903335275,
      0.0,
      0.006075009911711358,
      0.0,
      0.010691543088827495,
      0.01197393619786948,
      0.0,
      0.0,
      0.0,
      0.0,
      0.0,
      0.0,
      0.0,
      0.012965118759468564
    ],
    "low_data": false
  },
  "250000": {
    "median": 0.000847439690765053,
    "p90": 0.012850688126993894,
    "p10": 0.0,