{
  "100000": {
    "median": 0.0,
    "p90": 0.010669354364906448,
    "p10": 0.0,
    "sample": [
      0.00013972813665575308,
      9.871492848867667e-05,
      0.0,
      0.003493633410744239,
      0.0,
      0.0,
      0.0030509113289187784,
      0.0,
      0.00034461702083294905,
      0.0,
      3.9450545937750136e-05,
      0.0,
      0.0,
      0.0,
      0.009962399130652118,
      0.009818437067709873,
      0.0,
      0.004790848932916432,
      0.00500244799287775,
      0.0,
      0.004498853887216454,
      0.007359482546967092,
      0.0,
      0.0,
      0.0,
      0.017651744603596288,
      0.00048240304985983193,
      0.01210521467656041,
      0.0021540543627539205,
      0.0,
      0.001906457650916562,
      0.004296344889669776,
      0.0014528717125972734,
      0.0,
      0.0,
      0.0,
      0.0,
      0.0,
      0.0,
      0.0,
      0.007599768236986273,
      0.0026118556930432467,
      0.0,
      0.002563260066607427,
      0.0,
      0.0,
      0.0,
      0.003996797762443404,
      0.0,
      0.009327653521211557,
      0.0,
      0.00859152611955678,
      0.008408143371938273,
      0.00928272963109344,
      0.002236102029591593,
      0.0,
      0.002748846665299466,
      0.0,
      0.0,
      0.0,
      0.003545178815839586,
      0.007452631554902389,
      0.0005308899312746325,
      0.012535084758942786,
      0.0,
      0.014386047016248337,
      0.01736845569665062,
      0.0,
      0.0014417356053861674,
      0.011283407389548571,
      0.0012896241492654915,
      0.0,
      0.004236405607041021,
      0.0,
      0.0,
      0.0,
      0.003429715390594378,
      0.0,
      0.0,
      0.0025134540107642016,
      0.0022885700481620874,
      0.0,
      0.0,
      0.01063126485860643,
      0.0,
      0.0,
      0.0,
      0.007512037513189786,
      0.004197100773927151,
      0.0,
      0.0,
      0.01562882522172582,
      0.0,
      0.0,
      0.0,
      0.00750922057607956,
      0.0,
      0.0,
      0.0,
      0.0,
      0.0024094646473843528,
      0.0,
      0.0,
      0.000411239491774549,
      0.0,
      0.017499174185297502,
      0.008588399974435236,
      0.0,
      0.016437656389514565,
      0.0,
      0.0,
      0.0,
      0.01583369758626556,
      0.009363451338767535,
      0.0,
      0.0,
      0.0,
      0.0,
      0.01639170160129163,
      0.0,
      0.00535621741536145,
      0.0,
      0.0,
      0.0,
      0.0001724312346164668,
      0.0,
      0.0,
      0.0,
      0.01584874905385415,
      0.003329548138980776,
      0.0,
      0.0,
      0.0,
      0.01017314390371163,
      0.005977339289822412,
      0.0,
      0.00087586249791472,
      0.0,
      0.0,
      0.010076415818809475,
      0.006057879767267529,
      0.01852675536096288,
      0.0,
      0.0030665543767945053,
      0.0,
      0.0002289982876420072,
      0.0,
      0.0,
      0.0,
      0.007079479386906167,
      0.0035007366982116135,
      0.0,
      0.0,
      0.0,
      0.0,
      0.007203821826225657,
      0.0,
      0.0022588049391157917,
      0.005190777105324913,
      0.0,
      0.011143180215213377,
      0.0,
      0.0,
      0.0,
      0.010197867844033509,
      0.0,
      0.0,
      0.011012159921606628,
      0.0,
      0.0,
      0.005497193554519714,
      0.006260933540968819,
      0.0,
      0.0,
      0.0013209912776857347,
      0.007960568090801787,
      0.0,
      0.0,
      0.0,
      0.019113769038935323,
      0.01420029333809565,
      0.017393605965148617,
      0.0,
      0.0,
      0.0,
      0.005861765507325908,
      0.0,
      0.018206368784727447,
      0.0,
      0.00856032751876787,
      0.0,
      0.0020836022132557424,
      0.0,
      0.0,
      0.00195564159966226,
      0.00588510810939902,
      0.0,
      0.005498643152538389,
      0.0144706544723058,
      0.0009727809691580006
    ],
    "low_data": false
  },
  "250000": {
    "median": 0.0,
    "p90": 0.01083111407727355,
    "p10": 0.0,
    "sample": [
      0.0003187350879162072,
      0.00022517949615257383,
      0.0,
      0.003695959775009252,
      0.0,
      0.0,
      0.0032745131638766832,
      0.0,
      0.0004557268201885265,
      0.0,
      0.000232910105748132,
      0.0,
      0.0,
      0.0,
      0.010074636891527584,
      0.009959814944227747,
      0.0,
      0.0050246956304160146,
      0.005100592593016395,
      0.0,
      0.004603121313221875,
      0.007522725005771051,
      0.0,
      0.0,
      0.0,
      0.017848932769057836,
      0.0005841161148049674,
      0.012297660284174103,
      0.0023829328309204678,
      0.0,
      0.0020999168756623424,
      0.004448395652222811,
      0.0016324099324456216,
      0.0,
      0.0,
      0.0,
      0.0,
      0.0,
      0.0,
      0.0,
      0.007756731601820083,
      0.002718344152400332,
      0.0,
      0.0026651975422716354,
      0.0,
      0.0,
      3.0937192381616096e-05,
      0.004169755448219428,
      0.0,
      0.009462243424491543,
      0.0,
      0.008684250333567747,
      0.008526975262087209,
      0.00943053396843627,
      0.0023663528011753396,
      0.0,
      0.002912548758658768,
      0.0,
      0.0,
      0.0,
      0.0036751416946847015,
      0.007690347186303688,
      0.0006267779936959493,
      0.012734583806874035,
      0.0,
      0.014539997456017613,
      0.01758425245732861,
      0.0,
      0.0016319772911549046,
      0.011488551564249399,
      0.001519212828437037,
      0.0,
      0.004377485162288166,
      0.0,
      0.0,
      0.0,
      0.0036103089619741024,
      0.0,
      0.0,
      0.002669957902733591,
      0.002489967341288863,
      0.0,
      0.0,
      0.010794989315527944,
      0.0,
      0.0,
      0.0,
      0.007668158079291375,
      0.004359243193608882,
      0.0,
      0.0,
      0.015774605328406143,
      0.0,
      0.0,
      0.0,
      0.0076195375438641725,
      0.0,
      0.0,
      0.0,
      0.0,
      0.002538584952439671,
      0.0,
      0.00018868574320827217,
      0.0006974171616865514,
      0.0,
      0.01766934283487551,
      0.008791801319737301,
      0.0,
      0.016681321286807767,
      0.0,
      0.0,
      0.0,
      0.01601482648028641,
      0.009538297415454217,
      0.0,
      0.0,
      0.0,
      0.0,
      0.016594776753427905,
      0.0,
      0.0054728698648041805,
      0.0,
      0.0,
      0.0,
      0.00029781679147095297,
      0.0,
      0.0,
      0.0,
      0.016049393800523094,
      0.0035564703420138104,
      0.0,
      0.0,
      0.0,
      0.010388101540641357,
      0.006105460772573103,
      0.0,
      0.0010870189869456506,
      0.0,
      0.0,
      0.010357751533213883,
      0.006200782506100363,
      0.01880812284705046,
      0.0,
      0.0032114913352695425,
      0.0,
      0.0004599126865192771,
      0.0,
      0.0,
      0.0,
      0.007211403780928359,
      0.0036394643606565582,
      0.0,
      0.0,
      0.0,
      0.0,
      0.007337737298708161,
      0.0,
      0.0024774140572785108,
      0.005316835790853167,
      0.0,
      0.01128029405540454,
      0.0,
      0.0,
      0.0,
      0.010319073833995019,
      0.0,
      0.0,
      0.01115623693298402,
      0.0,
      0.0,
      0.005613536748108926,
      0.006401435007735429,
      0.0,
      0.0,
      0.001478106318538895,
      0.008149137186205527,
      0.0,
      0.0,
      0.0,
      0.01926767356521482,
      0.014393961427942147,
      0.017572169254260757,
      0.0,
      0.0,
      0.0,
      0.006091517543754432,
      0.0,
      0.018382764584084166,
      0.0,
      0.008770394364647051,
      0.0,
      0.0022787840899671967,
      0.0,
      0.0,
      0.0020677948038947693,
      0.00599708538108186,
      0.0,
      0.005653194241119007,
      0.014628234982278209,
      0.0012204013904067532
    ],
    "low_data": false
  },
  "500000": {
    "median": 0.0,
    "p90": 0.011080562824001786,
    "p10": 0.0,