{
  "100000": {
    "median": 1.3871000956136452e-05,
    "p90": 0.010674871196262191,
    "p10": 0.0,
    "sample": [
      0.00016918160551822076,
      8.617683214167754e-05,
      0.0,
      0.0,
      0.0011531083985428995,
      0.0,
      0.0031972687982131306,
      0.0,
      0.0,
      0.005134352322850712,
      0.009176312509494657,
      0.0,
      0.0011050007658575558,
      0.007210820961532483,
      0.0,
      0.0,
      0.0,
      0.0,
      0.0011395233321158551,
      0.00017216017502441567,
      0.006588580945907061,
      0.0,
      0.0,
      0.0,
      0.0,
      0.009890018149602161,
      0.01928498523209681,
      0.0,
      0.0,
      0.0,
      0.0,
      0.0,
      0.0,
      0.0,
      0.0,
      0.006462775220546872,
      0.0,
      0.0055978281585743325,
      0.0005064296423323402,
      0.009547321039918922,
      0.02400577272290818,
      0.0,
      0.005479513700700629,
      0.0,
      0.009033342973235887,
      0.0,
      0.016810438493637326,
      0.0,
      0.0,
      0.009679107090123474,
      0.0,
      0.0,
      0.00995795050479995,
      0.015126642893309436,
      0.0051642038772615785,
      0.002817698291376176,
      0.0,
      0.0,
      0.005339917917152768,
      0.0,
      0.016762727908664,
      0.017571099637285474,
      0.0,
      2.7742001912272905e-05,
      0.0,
      0.0016880490757668694,
      0.008159095215254313,
      0.0,
      0.006632717283354638,
      8.699121158054355e-05,
      0.0,
      0.0001636729085562073,
      0.0,
      0.014234739097587757,
      0.0,
      0.001142843562003388,
      0.010122332131685322,
      0.011933946856599082,
      0.0,
      0.0,
      0.006121171120767396,
      0.0164640974351087,
      0.004190628078392882,
      0.0,
      0.0,
      0.008510043975527301,
      0.008245105250301643,
      0.0,
      0.0,
      0.0,
      0.0042666084120895524,
      0.0,
      0.006781961931023122,
      0.0,
      0.006994100873587402,
      0.013259488547541668,
      0.0,
      0.0,
      0.011327528301524179,
      0.010713068735721141,
      0.005640409047490919,
      0.0,
      0.0063074178859989,
      0.00490343062127486,
      0.002304594025514377,
      0.004685506931296072,
      0.0,
      0.0,
      0.0013297022866623385,
      0.0016065481101595193,
      0.0,
      0.007458631061412582,
      0.006401906796276421,
      0.003942625683720865,
      0.0,
      0.008563453910540898,
      0.010670627025211196,
      0.0031558335529387723,
      0.0009872597623784712,
      0.0,
      0.0,
      0.0,
      0.0,
      0.0,
      0.0,
      0.0,
      0.015320646106209597,
      0.0,
      0.0,
      0.002969946096148797,
      0.01793797044036734,
      0.0,
      0.0,
      0.0,
      0.010034405327072952,
      0.0,
      0.005938369520316314,
      0.0,
      0.0003948902530126599,
      0.0015456361126426077,
      0.0,
      0.0,
      0.0,
      0.0,
      0.0,
      0.004275001560351044,
      0.019597867848090384,
      0.002983399909001563,
      0.004789129963622932,
      0.0,
      0.0,
      0.0076692261560131255,
      0.0020096704227967653,
      0.0,
      0.0,
      0.006348310417466189,
      0.008882387036501758,
      0.00871316333018732,
      0.0,
      0.0,
      0.01329357850384693,
      0.0009256300111477932,
      0.0,
      0.0,
      0.012180085036602104,
      0.004894847728023634,
      0.0,
      0.001964875416930831,
      0.0,
      0.004240053377185007,
      0.0,
      0.02297698800616679,
      0.0,
      0.0,
      0.0,
      0.0037110839946144208,
      0.015464762191078944,
      0.0,
      0.001281039351217056,
      0.0,
      0.0,
      0.006313890847111284,
      0.0,
      0.0,
      0.0,
      0.0,
      0.004505847777512093,
      0.0,
      0.010120194125549058,
      0.0036453433237670476,
      0.0,
      0.004059087721128022,
      0.003724931271425146,
      0.0032627796107302614,
      0.009507767754156151,
      0.0,
      0.0015478716850034196,
      0.0,
      0.0,
      0.01571765998067428
    ],
    "low_data": false
  },
  "250000": {
    "median": 7.147973480771348e-05,
    "p90": 0.010820843546639173,
    "p10": 0.0,