{
  "100000": {
    "median": 0.0,
    "p90": 0.013646480142454826,
    "p10": 0.0,
    "sample": [
      0.00014171306609978603,
      0.00013066853366625,
      0.0,
      0.007235530879102696,
      0.01506647614274613,
      7.679187887400073e-05,
      0.0,
      0.014717132559954842,
      0.0,
      0.0,
      0.005870204694050786,
      0.029239164678391875,
      0.0,
      0.0,
      0.0,
      0.0,
      0.013638686068945166,
      0.0031269168089817756,
      0.0,
      0.009318084765021162,
      0.0,
      0.0,
      0.0,
      0.0,
      0.0,
      0.0,
      0.0,
      0.007726896046926821,
      0.0025602632274870987,
      0.011863078148256654,
      0.0,
      0.005812405608265864,
      0.0,
      0.0,
      0.0,
      0.004482231169866605,
      0.0,
      0.001726207160090863,
      0.005033158643788673,
      0.00037168296674864346,
      0.0,
      0.0,
      0.011341457239192314,
      0.0018362271599474552,
      0.0,
      0.01564434639924594,
      0.015061438640095851,
      0.0,
      0.0007598072832299985,
      0.0,
      0.005584373452244947,
      0.002379298747525373,
      0.009763576104400826,
      0.0,
      0.0109790851878793,
      0.0,
      0.007585903468678202,
      0.0,
      0.0047731191528753705,
      0.0,
      0.0,
      0.0,
      0.0,
      0.0,
      0.0,
      0.0,
      0.021500674581197747,
      0.0035566554230697213,
      0.0,
      0.009896268725350137,
      0.01103867581617879,
      0.014427027542035974,
      0.0,
      0.004863803548670027,
      0.009564607982772642,
      0.015607708725019548,
      0.0,
      0.004444904629040006,
      0.019916741206918217,
      0.00396115714840221,
      0.02556884857522518,
      0.0,
      0.008769890960271462,
      0.003921957177796778,
      0.0,
      0.006008466100369406,
      0.0,
      0.0,
      0.0,
      0.013542077101059813,
      0.0,
      0.0,
      0.0026611897554626096,
      0.010122291678269854,
      0.014644680309640019,
      0.013716626804041773,
      0.0,
      0.0062705110415124735,
      0.0,
      0.0,
      0.003076293632181001,
      0.0,
      0.0038434981040441794,
      0.004548699956316682,
      0.005597939291140114,
      0.004070243483462234,
      0.0,
      0.0,
      0.0033053224759186407,
      0.0,
      0.0,
      0.0,
      0.012488953989729955,
      0.0037146880375579314,
      0.0,
      0.0,
      0.0,
      0.0,
      0.0,
      0.0,
      0.0032836669770908576,
      0.0,
      0.0,
      0.00770652077150141,
      0.0,
      0.0,
      0.0,
      0.005069029697774939,
      0.0004829421619020191,
      0.01825536680973949,
      0.010071408573568025,
      0.0,
      0.0,
      0.0,
      0.003660433680054895,
      0.0,
      0.0,
      0.013224584642907471,
      0.017741481644373547,
      0.0,
      0.0,
      0.02273952486088234,
      0.0,
      0.0,
      0.0,
      0.0,
      0.017154516161295274,
      0.006500683634276649,
      0.0,
      0.01315574869940204,
      0.0007374405261757443,
      0.0,
      0.0,
      0.0,
      0.0013858906334731531,
      0.0,
      0.01468539185974741,
      0.00245483279149733,
      0.009666906555527849,
      0.0,
      0.0,
      0.010706615828367898,
      0.013619277374141307,
      0.00506909071655804,
      0.0,
      0.0004945803069562685,
      0.0,
      0.02798015069555206,
      0.0,
      0.008845161967398681,
      0.014390443441692042,
      0.007630911668908029,
      0.0,
      0.0,
      0.009724683398875025,
      0.0021200747670471766,
      0.01615095579972529,
      0.0024630554495206963,
      0.00202239250589346,
      0.0,
      0.0,
      0.0008687656110927963,
      0.0,
      0.006182341754242215,
      0.0,
      0.0,
      0.0,
      0.0003116060981119718,
      0.0038371752876465016,
      0.00030855073633907776,
      0.0,
      0.0,
      0.001578271257736413,
      0.004757657678929131,
      0.006695088157782554,
      0.0,
      0.0,
      0.012759084761701525,
      0.0,
      0.0
    ],
    "low_data": false
  },
  "250000": {
    "median": 3.238444757225189e-05,
    "p90": 0.013791725912146295,
    "p10": 0.0,