{
  "100000": {
    "median": 0.0,
    "p90": 0.01175710998531078,
    "p10": 0.0,
    "sample": [
      0.00013991684912090932,
      8.91443981071455e-05,
      0.0008476731258726512,
      0.0030519859107388083,
      0.0,
      0.0,
      0.0,
      0.0,
      0.0,
      0.000792492987584193,
      0.0,
      0.0,
      0.002236125076715415,
      0.0,
      0.0,
      0.011067524930164644,
      0.0,
      0.0,
      0.013981508859534687,
      0.0,
      0.008189235929955452,
      0.0,
      0.0,
      0.0,
      0.004492175940215159,
      0.0024398286470870383,
      0.0,
      0.0,
      0.004539511237206261,
      0.0,
      0.0,
      0.0,
      0.0,
      0.0,
      0.016854156901004003,
      0.0,
      0.0006987483712624654,
      0.00549139828757144,
      0.0,
      0.01658720618539412,
      0.0,
      0.0034142544780871795,
      0.01234495655351001,
      0.0,
      0.0,
      0.004052941291041673,
      0.0,
      0.0,
      0.0,
      0.007889748284635623,
      0.0,
      0.010225493284158846,
      0.0,
      0.0,
      0.0012791496911677093,
      0.008326786214476826,
      0.01819352403925377,
      0.0,
      0.012179582896381654,
      0.02360463038506476,
      0.0,
      0.0,
      0.0,
      0.0010711671064319534,
      0.0011041948139424644,
      0.009410068131726868,
      0.0,
      0.0,
      0.0,
      0.005020251524779752,
      0.009513777441603501,
      0.0,
      0.0,
      0.0,
      0.0,
      0.005075981074529988,
      0.0,
      0.0,
      0.0004993445057991186,
      0.003392061667223655,
      0.0,
      0.007824866594084757,
      0.008416638463920049,
      0.00010653205721596926,
      0.002713219820917033,
      0.008224272557613814,
      0.0053829516779261575,
      0.015569291392852787,
      0.009263032801446006,
      0.00824892648761882,
      0.0003745417900877722,
      0.006732460540432051,
      0.0,
      0.0,
      0.0,
      0.0,
      0.0030580765801777538,
      0.0,
      0.0015765460402818255,
      0.0025499858533115367,
      0.0,
      0.0014392195797696319,
      0.0,
      0.003759078019241837,
      0.016429381772288792,
      0.0,
      0.007390117231933967,
      0.008822462295417647,
      0.003676138196364819,
      0.0,
      0.009901534921032958,
      0.004397990876201982,
      0.011752542532288022,
      0.0026895217692990323,
      0.0,
      0.0,
      0.0,
      0.0,
      0.004140471982123918,
      0.012402790087289051,
      0.0,
      0.0,
      0.0,
      0.0,
      0.010037627050069779,
      0.0,
      0.0,
      0.017592782610084904,
      0.0037566725155461353,
      0.009781941784397017,
      0.0033518969591305593,
      0.0,
      0.0,
      0.011798217062515609,
      0.0,
      0.0,
      0.0068141258597978075,
      0.0,
      0.0,
      0.003597411090754237,
      0.0020826675206769805,
      0.0,
      0.0,
      0.0,
      0.008953935434263519,
      0.0,
      0.01169844383005908,
      0.00024289560174074797,
      0.005228913446566046,
      0.0,
      0.005890183681258844,
      0.0,
      0.0014213324571523895,
      0.0,
      0.0,
      0.0022629824177640622,
      0.002425000474526658,
      0.0,
      0.0,
      0.0,
      0.0,
      0.0,
      0.0,
      0.0,
      0.0,
      0.0,
      0.00984546514710476,
      0.006728104372035878,
      0.019626849835164523,
      0.019057029139665397,
      0.016553640324566615,
      0.0,
      0.0,
      0.0,
      0.009145107034417017,
      0.009424637249268368,
      0.0,
      0.0,
      0.013618401529275717,
      0.008421529182479123,
      0.008815791634202541,
      0.018742469289551308,
      0.0,
      0.0,
      0.001788258074298239,
      0.00994593199366745,
      0.0,
      0.004315709303215493,
      0.0,
      0.010124075267791185,
      0.0,
      0.0,
      0.019378976900219353,
      0.0,
      0.012511898897930198,
      0.003290432183462516,
      0.0,
      0.0,
      0.004813518763859419,
      0.0258594789201989
    ],
    "low_data": false
  },
  "250000": {
    "median": 0.0,
    "p90": 0.01198910406859188,
    "p10": 0.0,
    "sample": [
      0.0003191655615889554,
      0.0002033480746824839,
      0.0010007121755609067,
      0.0031928943312725428,
      0.0,
      0.0,
      0.0,
      0.0,
      0.0,
      0.0010587029978686366,
      0.0,
      0.0,
      0.0024630007027141984,
      0.0,
      0.0,
      0.011229465401863894,
      0.0,
      0.0,
      0.014085057855536159,
      0.0,
      0.008304425376564808,
      0.0,
      0.0,
      0.0,
      0.004608232794168278,
      0.0026126557773482745,
      0.0,
      0.0,
      0.0046743766892182945,
      0.0,
      0.0,
      0.0,
      0.0,
      0.0,
      0.016970690891784677,
      0.0,
      0.000806997950222937,
      0.005603764620227258,
      0.0,
      0.016712036925569107,
      0.0,
      0.003609249408900922,
      0.012537100936896547,
      0.0,
      0.0,
      0.004252190736481757,
      0.0,
      0.0,
      0.0,
      0.008062919560594094,
      0.0,
      0.010511846034468057,
      0.0,
      0.0,
      0.0014168812957211137,
      0.008484436570840064,
      0.0184478477802233,
      0.0,
      0.012320298218963775,
      0.023777369914419554,
      0.0,
      0.0,
      0.0,
      0.0012040992846289414,
      0.0012121662163367855,
      0.009537587571625594,
      0.0,
      0.0,
      0.0,
      0.00512372802234617,
      0.00964645471717396,
      0.0,
      0.0,
      0.0,
      0.0,
      0.005204459657870693,
      0.0,
      0.0,
      0.0006203565097615789,
      0.003603141495695783,
      0.0,
      0.007970847634913509,
      0.008600843718696287,
      0.00021938153347060636,
      0.0028629540366471072,
      0.008469040170241629,
      0.00555332836062256,
      0.015705989162180363,
      0.00944847123325806,
      0.00840541459249581,
      0.0005929835812246522,
      0.0068678866920778335,
      0.0,
      0.0,
      0.0,
      0.0,
      0.0032016152612420338,
      0.0,
      0.001707587589598798,
      0.0027863114511171836,
      0.0001922285116435625,
      0.0015544872821471436,
      0.0,
      0.0038890217085873276,
      0.016630946783294426,
      0.0,
      0.007507228964260464,
      0.008956700078806314,
      0.003931620645454449,
      0.0,
      0.010095166627294247,
      0.004532421612638425,
      0.012061997782654814,
      0.0028660575336124615,
      0.0,
      0.0,
      0.0,
      0.0,
      0.004287040399084986,
      0.012570088755922155,
      0.0,
      0.0,
      0.0,
      0.0,
      0.010145073735946135,
      0.0,
      0.0,
      0.017701600705505912,
      0.0038716224378148407,
      0.009939633723943424,
      0.0034574350532751825,
      0.0,
      0.0,
      0.011981004767029334,
      0.0,
      0.0,
      0.007055062424629813,
      0.0,
      0.0,
      0.0037100583778466104,
      0.002247534123715908,
      0.0,
      0.0,
      0.0,
      0.009060045788239223,
      0.0,
      0.011840652666449972,
      0.00034516731892585985,
      0.005334251718117339,
      0.0,
      0.005998607994374944,
      0.0,
      0.0015508085581292892,
      0.0,
      0.0,
      0.0024979025909519365,
      0.0025569573370845893,
      0.0,
      0.0,
      0.0,
      0.0,
      0.0,
      0.0,
      0.0,
      0.0,
      0.0,
      0.009949033576817914,
      0.0069476344193657785,
      0.01983647385728739,
      0.019215510834371338,
      0.016739588509991597,
      0.0,
      0.0,
      0.0,
      0.009252714349120473,
      0.00953533101302094,
      0.0,
      0.0,
      0.013814646216469823,
      0.008549866407929558,
      0.00897474002190701,
      0.018982422393468045,
      0.0,
      0.0,
      0.001998368803399604,
      0.010058107877845598,
      0.0,
      0.004429445270732095,
      0.0,
      0.010248726281565227,
      0.0,
      0.0,
      0.019539512678111073,
      0.0,
      0.01262179451105428,
      0.0034050253857160475,
      0.0,
      0.0,
      0.0049106708970161,
      0.026033120760211238
    ],