{
  "100000": {
    "median": 0.001122112863317704,
    "p90": 0.011722327321555393,
    "p10": 0.0,
    "sample": [
      9.48627913311044e-05,
      8.301006373877701e-05,
      0.00635685298242627,
      0.0017313358178922356,
      0.0,
      0.0,
      0.0002543106733057487,
      0.0,
      0.007314392632663454,
      0.0027955243208235797,
      0.0,
      0.0,
      0.0,
      0.0,
      0.0,
      0.004135320271890669,
      0.0,
      0.0016912482047562523,
      0.0,
      0.0024145753805281233,
      0.0,
      0.0,
      0.0,
      0.0,
      0.010200818521769652,
      0.0027046482258545673,
      0.0,
      0.0,
      0.0,
      0.0,
      0.0006602919153500394,
      0.0,
      0.003855355284654959,
      0.002194590923850079,
      0.012937125145042796,
      0.0,
      0.0,
      0.007630809744615821,
      0.004107675822912597,
      0.007590282822515521,
      0.001365188450070465,
      0.0,
      0.0,
      0.0017891507443996524,
      0.0016787019267629506,
      0.0,
      0.020655939973890036,
      0.005951686406751028,
      0.007558382003354483,
      0.0,
      0.0067693466299668294,
      0.020036518202705363,
      0.009051985374923686,
      0.0,
      0.008870451753232011,
      0.018924798513046907,
      0.004244981594429326,
      0.00473970066370401,
      0.0,
      0.0,
      0.011707000922884247,
      0.0,
      0.0043588278716684345,
      0.0,
      0.005110774306244697,
      0.02184724765775398,
      0.006423450136148492,
      0.0,
      0.0,
      0.005306643829262079,
      0.002240969197465879,
      0.0,
      0.0,
      0.008690244153083684,
      0.0,
      0.012084725857205212,
      0.0,
      0.009568364532072769,
      0.0026251202511479482,
      0.0,
      0.0,
      0.0,
      0.0,
      0.006187047188470502,
      0.017077289343021055,
      0.007806203427345949,
      0.0,
      0.0,
      0.01993631487281625,
      0.00994373131624343,
      0.0038998695175478703,
      0.0,
      0.0,
      0.0,
      0.0,
      0.007850169695809176,
      0.012922438308233525,
      0.0,
      0.000998124294120756,
      0.007829792868649463,
      0.0035467397016045823,
      0.010887854938890426,
      0.0023493149499431,
      0.009135877226424302,
      0.0007814036042097912,
      0.0,
      0.008942346590136502,
      0.0017185564445843403,
      0.0024388018628921106,
      0.0,
      0.0034106835134167335,
      0.016029250972743315,
      0.008641401456379672,
      0.0038555995799082797,
      0.010456910079633458,
      0.0075683531186790986,
      0.01215777418995936,
      0.0032652230316400125,
      0.007018507526534782,
      0.009956821175194912,
      0.008610839577584087,
      0.0,
      0.0,
      0.0,
      0.0,
      0.00026680535553893635,
      0.0,
      0.0,
      0.00680858451260249,
      0.0,
      0.0,
      0.0050018051809507585,
      0.011102203003830854,
      0.0,
      0.0,
      0.014486638999374345,
      0.0,
      0.008342441793349612,
      0.0003437342261507774,
      0.02751966948283087,
      0.0,
      0.0,
      0.0,
      0.0,
      0.0,
      0.0,
      0.0,
      0.0,
      0.0,
      0.0,
      0.0,
      0.0020329052096559734,
      0.002117988470744938,
      0.007306836595547929,
      0.0,
      0.0067728426561834395,
      0.0,
      0.0027990263244795665,
      0.00221439449656383,
      0.012797326612578633,
      0.0010749952558271533,
      0.0,
      0.0,
      0.0,
      0.001790387992695666,
      0.012679140060616415,
      0.0,
      0.0057843401557859005,
      0.0,
      0.0,
      0.0,
      0.0,
      0.0,
      0.007944355691013162,
      0.004415675856729572,
      0.0,
      0.0027200860634153685,
      0.005347744522533778,
      0.0,
      0.002508612022256715,
      0.0,
      0.0,
      0.0,
      0.0029077103960386697,
      0.0011692304708082546,
      0.016894157161512224,
      0.0,
      0.009574638034153465,
      0.0,
      0.016644121648805386,
      0.011860264909595722,
      0.004503256629513582,
      0.0078011570954077,
      0.0020921134069046624,
      0.0,
      0.01224762696886167,
      0.00753844766936094,
      0.003092921221629143,
      0.0,
      0.016949817665316523
    ],
    "low_data": false
  },
  "250000": {
    "median": 0.0013604664938768733,
    "p90": 0.011920365243256192,
    "p10": 0.0,