{
  "100000": {
    "median": 0.0002910056668323697,
    "p90": 0.012878330724076407,
    "p10": 0.0,
    "sample": [
      9.722946567335037e-05,
      0.0001320169943230555,
      0.0,
      0.0,
      0.003928195496443977,
      0.0,
      0.0,
      0.028097761629061118,
      0.00420344612723391,
      0.0,
      0.0031836254985583064,
      0.004246574307373459,
      0.009537495746471624,
      0.0,
      0.0036309435805430288,
      0.002115584070026477,
      0.0018260007688432277,
      0.0,
      0.0,
      0.004588337586721256,
      0.014581024282475956,
      0.003130748640920031,
      0.0,
      0.00845667610614829,
      0.010188295008555111,
      0.0,
      0.0020591696207320526,
      0.009218350212098478,
      0.0,
      0.006987817447873378,
      0.00818898740884257,
      0.0,
      0.001851458612993456,
      0.0,
      0.0014391549971503324,
      0.0,
      0.0,
      0.0,
      0.014949193851287278,
      0.0,
      0.0,
      0.007959302211616595,
      0.003016335456161418,
      0.009575932887976774,
      0.00220915812442427,
      0.0,
      0.019064836122332965,
      0.00528055292715301,
      0.0,
      0.023067101277053127,
      0.0005856986870277037,
      0.012369688950946561,
      0.00044999433934168393,
      0.0,
      0.0,
      0.0,
      0.0,
      0.0,
      0.0,
      0.0,
      0.0,
      0.0,
      0.0,
      0.0,
      0.0,
      0.005668048748444204,
      0.0,
      0.0,
      0.0,
      0.0,
      0.0,
      0.0,
      0.0,
      0.002662424391735156,
      0.005839384191568202,
      0.0015608614586796212,
      0.004502296588869775,
      0.014856662419614749,
      0.00060090374271853,
      0.0014561957670304456,
      0.001326415678173067,
      0.0,
      0.0,
      0.0,
      0.0,
      0.005125027621695094,
      0.0,
      0.0,
      0.0,
      0.0,
      0.0,
      0.0,
      0.018806745587971314,
      0.0,
      0.002719338418028881,
      0.0,
      0.0,
      0.011703808136730382,
      0.0,
      0.0,
      0.0,
      0.018183586121014225,
      0.0013611148774752232,
      0.0009883241296751333,
      0.0,
      0.0,
      0.018846780967797468,
      0.0,
      0.0,
      0.0,
      0.0,
      0.0,
      0.0136845396704889,
      0.0026859805305694496,
      0.0,
      0.009205944651237502,
      0.013116001778764302,
      0.0,
      0.003872949415980196,
      0.010775582048533896,
      0.00750246069000558,
      0.0,
      0.0,
      0.001691643690811381,
      0.002008750569056822,
      0.0,
      0.015275119919332569,
      0.01902298639476569,
      0.005023197480504892,
      0.0,
      0.0,
      0.0,
      0.005057596427959925,
      0.0,
      0.005329072687335461,
      0.0,
      0.0017217481213275565,
      0.005813996154915409,
      0.004469790372239849,
      0.000648559117289916,
      0.0,
      0.0015360373135263213,
      0.011171763947028599,
      0.0,
      0.0,
      0.001495759161945158,
      0.008578586435860984,
      0.002477565714223598,
      0.0,
      0.005816868957788983,
      0.0022014241915871355,
      0.002774094818903988,
      0.0,
      0.013858829056684105,
      0.0,
      0.005354388383670484,
      0.0013462326654275498,
      0.00939891744339054,
      0.0007857228194202867,
      0.008230999739305158,
      0.0,
      0.0,
      0.012851922829111087,
      0.0,
      0.01703051246944026,
      0.017401998742280305,
      0.0,
      0.0026228997904953386,
      0.0,
      0.0,
      0.0,
      0.009313598646276504,
      0.0,
      0.014751758447448868,
      0.006581227888282338,
      0.018485344047704508,
      0.003576978863744328,
      0.006154661765245323,
      0.014881822334286518,
      0.0,
      0.0,
      0.0026666788847742534,
      0.006276936199567005,
      0.005243267768217732,
      0.0,
      0.00926170349405669,
      0.004496754659920065,
      0.0,
      0.0,
      0.0,
      0.0,
      0.0,
      0.0,
      0.0,
      0.0036697118694280907,
      0.0,
      0.00224193622310163,
      0.020704519733529932,
      0.0,
      0.0026352039589591673
    ],
    "low_data": false
  },
  "250000": {
    "median": 0.00044502296063531364,
    "p90": 0.013021020350652194,
    "p10": 0.0,