{
  "100000": {
    "median": 0.0014302062521221654,
    "p90": 0.014596237614655993,
    "p10": 0.0,
    "sample": [
      0.0002015831457589667,
      0.0001696230151500206,
      0.00048377880241568883,
      0.0,
      0.006466611904100104,
      0.0246258226945751,
      0.0,
      0.0,
      0.0,
      0.004894948154369251,
      0.0,
      0.0,
      0.005622765514152068,
      0.009517549230665301,
      0.004648110745430732,
      0.005380390557437116,
      0.0,
      0.0,
      0.0029680403494802723,
      0.0,
      0.0,
      0.0,
      0.009111614906975908,
      0.0,
      0.0007042145661749537,
      0.0,
      0.0,
      0.0,
      0.008481263657993093,
      0.018879642710528485,
      0.013188942253241293,
      0.0025347198602387543,
      0.0,
      0.0,
      0.0,
      0.01053791169492899,
      0.0008523416565309665,
      0.0,
      0.0074754691516396195,
      0.004830609786222906,
      0.0005522899503367733,
      0.016474296142637308,
      0.0008294954579559223,
      0.014173372080150813,
      0.0033513935110206193,
      0.0,
      0.001419580294360692,
      0.01593734415311084,
      0.0,
      0.008799344018021541,
      0.0,
      0.008186467995080873,
      0.012909919039062242,
      0.0,
      0.0,
      0.0,
      0.0038616358856315308,
      0.0,
      0.0,
      0.017110541046816502,
      0.010203226576496504,
      0.012840748950419695,
      0.013987904955876379,
      0.0,
      0.0,
      0.0,
      0.0022291733008663055,
      0.0,
      0.0019512279153380441,
      0.0,
      0.0,
      0.0,
      0.0,
      0.0,
      0.0,
      0.0033947697694310403,
      0.011895088550149823,
      0.0,
      0.008109609234602437,
      0.0,
      0.0034627897782770786,
      0.011394672954816155,
      0.016098501002174116,
      0.0,
      0.0025690833966385855,
      0.015016041792240935,
      0.013390967419061813,
      0.019868536736128165,
      0.016338673302368534,
      0.0005331473825032275,
      0.011248998915726477,
      0.0,
      0.0,
      0.010031446510416249,
      0.0,
      0.020799936084873447,
      0.0,
      0.0002421876216845638,
      0.0,
      0.007945661692189668,
      0.0,
      0.005051398485049633,
      0.0,
      0.011757642162996136,
      0.0,
      0.0,
      0.0,
      0.0,
      0.0,
      0.003948133297488485,
      0.0,
      0.00935992824030306,
      0.009494567793785495,
      0.008456941870240962,
      0.0,
      0.0,
      0.0030881844450468474,
      0.012316422700198454,
      0.007927733479365262,
      0.006566264059500534,
      0.0,
      0.0057800159822590635,
      0.004059570489108547,
      0.011449694707904254,
      0.0,
      0.0059103680372476885,
      0.0,
      0.0,
      0.0,
      0.01248171495861954,
      0.0,
      0.0,
      0.005943570459952289,
      0.0062749230857764475,
      0.010316842621906285,
      0.0010567762166944974,
      0.0,
      0.0,
      0.003490436105923403,
      0.008539076916477331,
      0.003655325320896939,
      0.0020790047015647028,
      0.0,
      0.0,
      0.003026351591466966,
      0.022423925701476694,
      0.0,
      0.01000227552580335,
      0.0,
      0.0,
      0.0026779704677398334,
      0.010935235820790945,
      0.0,
      0.021699441953350166,
      0.01828740398472644,
      0.002854756814877678,
      0.015671906939778456,
      0.006884789093925497,
      0.01833904526534698,
      0.01796396882479205,
      0.008643089377386486,
      0.0014408322098836386,
      0.0,
      0.0,
      0.0003047508272224531,
      0.0,
      0.00927380096866544,
      0.00032841681310039056,
      0.0,
      0.007183226233201643,
      0.0003631008675071672,
      0.010888166185005127,
      0.0,
      0.006932846496956275,
      0.0,
      0.0,
      0.0026559193006984246,
      0.010842787386271405,
      0.01829708478145818,
      0.002713088823527231,
      0.0,
      0.005672808464792767,
      0.006199930179091773,
      0.010073657488457429,
      0.0,
      0.012316024366940547,
      0.001186935868304513,
      0.005042665976226367,
      0.0,
      0.020530052567631685,
      0.0,
      0.0007613375967777116,
      0.01670317336706264,
      0.0,
      0.0,
      0.0023991184987791417,
      0.014549592706035445,
      0.02319794366632841,
      0.0,
      0.007597241729454942
    ],
    "low_data": false
  },
  "250000": {
    "median": 0.0015871414584573145,
    "p90": 0.014742786587990437,
    "p10": 0.0,