{
  "100000": {
    "median": 0.0,
    "p90": 0.00954445481833613,
    "p10": 0.0,
    "sample": [
      0.0001237033505571849,
      8.39801266938304e-05,
      0.0,
      0.002633887105343083,
      0.0,
      0.0008606625743684989,
      0.00041922921407246984,
      0.0,
      0.0,
      0.0,
      0.0,
      0.0,
      0.007954276062224454,
      0.0,
      0.0,
      0.0,
      0.0025198250083258707,
      0.006057692276251414,
      0.0,
      0.0023136009725411195,
      0.0,
      0.0,
      0.0029618565213187066,
      0.0,
      0.001763002121301229,
      0.005254550217672096,
      0.019650860849839715,
      0.0,
      0.0,
      0.0,
      0.00680920054234607,
      0.0,
      0.0,
      0.001937347190717799,
      0.005210718924211047,
      0.008453476160504559,
      0.0007936842804185686,
      0.005789486062866496,
      0.0,
      0.0,
      0.0004187325746980178,
      0.0,
      0.0,
      0.0,
      0.0,
      0.007990403663209281,
      1.3831372106058758e-05,
      0.0,
      0.0,
      0.0,
      0.0,
      0.0,
      0.007601705964004877,
      0.0,
      0.00826936702299797,
      0.0,
      0.0027751169483034906,
      0.020773468075615118,
      0.0,
      0.010036288650371919,
      0.0,
      0.007129701595631312,
      0.0,
      0.020412482403957714,
      0.000121086256010191,
      0.002647116797362567,
      0.0,
      0.007887789621688693,
      0.009189342327559863,
      0.0,
      0.0031457777968837003,
      0.0009238591226120698,
      0.0,
      0.0005736329768696993,
      0.0,
      0.009489806614776603,
      0.0,
      0.0055847675270150115,
      0.005147707761841794,
      0.008475487232722892,
      0.0,
      0.0,
      0.0038767104521294196,
      0.0,
      0.004263824519024742,
      0.0017855234484087119,
      0.014346365050494796,
      0.00472941074659863,
      0.013012531040415932,
      0.0021406995686266196,
      0.0,
      0.0,
      0.0,
      0.0,
      0.005334942247902056,
      0.009286541865183556,
      0.0,
      0.0,
      0.0,
      0.008248363037802011,
      0.0,
      0.0,
      0.0013510900002208232,
      0.0,
      0.0033961763367252994,
      0.0026108634214009356,
      0.0,
      0.014704445846218559,
      0.0,
      0.0022186329353046583,
      0.013149960707518844,
      0.004758372242611032,
      0.0,
      0.009051544482459067,
      0.0,
      0.0,
      0.002765184101331283,
      1.1749180747837703e-05,
      0.004722920990363137,
      0.007588433073087957,
      0.00829711461166277,
      0.0,
      0.012017165793912743,
      0.0002049984757744126,
      0.0,
      0.0,
      0.0,
      0.0,
      0.0,
      0.0030356808084922113,
      0.00028198473443122383,
      0.0,
      0.0037856029840203677,
      0.013008650204636176,
      0.012774190698319308,
      0.001009959817768705,
      0.0009176093013176543,
      0.0,
      0.0,
      0.005211574384666768,
      0.0,
      0.010464652945757852,
      0.0,
      0.0,
      0.010909461878817962,
      0.0,
      0.008679065491903845,
      0.00551544301439175,
      0.0,
      0.006361098508695346,
      0.011451509577462745,
      0.004889866477083172,
      0.0,
      0.006988756230245382,
      0.0,
      0.013165066407311169,
      0.0,
      0.0,
      0.0,
      0.0,
      0.0,
      0.0,
      0.0,
      0.0042295155461024424,
      0.010872487722689074,
      0.0,
      0.004799083883060505,
      0.0,
      0.0,
      0.0,
      0.0,
      0.0020795488945343373,
      0.005979525595264618,
      0.01489697747905065,
      0.0,
      0.0,
      0.005811319716892039,
      0.0,
      0.0,
      0.0,
      0.0,
      0.0,
      0.0,
      0.001013858497191103,
      0.007871584563484735,
      0.0,
      0.0,
      0.001101708104206278,
      0.0041987476069654615,
      0.0,
      0.00733052039676546,
      0.0,
      0.01436848983222403,
      0.0008797115547994853,
      0.010996952533760072,
      0.006058102162861616,
      0.0,
      0.0,
      0.0,
      0.01822614687887848
    ],
    "low_data": false
  },
  "250000": {
    "median": 1.0603147909874053e-05,
    "p90": 0.009649426298342697,
    "p10": 0.0,