{
  "100000": {
    "median": 0.00012679606728551926,
    "p90": 0.011702081775575692,
    "p10": 0.0,
    "sample": [
      0.00010783192483746927,
      0.00013503752403600381,
      0.00491420369161381,
      0.0,
      0.0,
      0.0,
      0.021532747869842772,
      0.005349569844159865,
      0.0,
      0.0,
      0.0,
      0.009334626296461035,
      0.00920734540400818,
      0.01292512055564793,
      0.009726105123620633,
      0.0,
      0.0,
      0.0,
      0.011610061608851146,
      0.005097897871977078,
      0.0,
      0.009520132073994596,
      0.003915458610615779,
      0.0,
      0.0,
      0.004159733161848105,
      0.0033966610826832227,
      0.0,
      0.004839256865470502,
      0.0,
      0.015221290648033306,
      0.0,
      0.028530269467440014,
      0.01973569438156646,
      0.0,
      0.0047915243880670266,
      0.012749262919892606,
      0.0,
      0.002175122025604694,
      0.014283046061992318,
      0.010390224029478529,
      0.007701842438854887,
      0.0,
      0.01139717587009118,
      0.002314760667230357,
      0.0,
      0.0,
      0.012450761410038874,
      0.0,
      0.0,
      0.013954400192569822,
      0.0027560033458986265,
      0.008260686124097427,
      0.0,
      0.0,
      0.009231773696985475,
      0.00035022797388855725,
      0.010522888283590692,
      0.008853145098802567,
      0.0,
      0.0012933062335564595,
      0.001740111970898414,
      0.0,
      0.001928095371309715,
      0.010545691880148875,
      0.0,
      0.0,
      0.0,
      0.005410594784020552,
      0.0,
      0.0002486648628757169,
      0.0,
      0.012292182918610306,
      0.005742087023300603,
      0.0,
      0.0017336832527699404,
      0.0,
      0.0023095483439274714,
      0.0,
      0.0,
      0.008721033467353326,
      0.017252651589077114,
      0.0,
      0.010269575566497297,
      0.0023863948145339416,
      0.007847277923063077,
      0.0,
      0.0,
      0.0,
      0.0,
      0.01060565852557294,
      0.02817316385075123,
      0.001939604267773405,
      0.010143306350402068,
      0.0,
      0.005087760036489054,
      0.0,
      0.00720310258760372,
      0.0,
      0.0006814988863632424,
      0.00046869836925351115,
      0.010914920616537453,
      0.0,
      0.00796303821853453,
      0.0026046344111319425,
      0.0,
      0.0017023424747353933,
      0.0005603876766730343,
      0.0,
      0.009864914563339095,
      0.009442133493987806,
      0.004910421708472236,
      0.013082629035740272,
      0.005064791366929563,
      0.0,
      0.011702332832558057,
      0.0006277166177298932,
      0.013758304308253509,
      0.0,
      0.0,
      0.0,
      0.0,
      0.0,
      0.0,
      0.0,
      0.0,
      0.0,
      0.0,
      0.0,
      0.0,
      0.017005318883940048,
      0.0,
      0.0,
      0.0,
      0.011991294268935629,
      0.003298179598873418,
      0.0,
      0.003144502218467935,
      0.0,
      0.0,
      0.012716435185263554,
      0.0,
      0.0,
      0.0027469214931923644,
      0.0017777434920833437,
      0.005600362746641363,
      0.0,
      0.0061958439108270565,
      0.0,
      0.0,
      0.0,
      0.0,
      0.0,
      0.0,
      0.0,
      0.0,
      0.0,
      0.0,
      0.0,
      0.005584173627445281,
      0.0,
      0.00011855461053503468,
      0.0,
      0.0,
      0.0,
      0.015373042479447105,
      0.01170205388035543,
      0.0004034631841155472,
      0.0,
      0.0,
      0.0,
      0.004017367042868316,
      0.0,
      0.0,
      0.0,
      0.0,
      0.010195618245178605,
      0.014632022351246684,
      0.006179637654649914,
      0.010826684877156425,
      0.0,
      0.000598582289629848,
      0.0021535177922865968,
      0.004170077256630825,
      0.0,
      0.0049950500195435395,
      0.0,
      0.010503969352343531,
      0.0,
      0.0020359892041866483,
      0.0,
      0.0007916563983777571,
      0.0,
      0.007717995627002409,
      0.0017699236557676917,
      0.0,
      0.00449194694215958,
      0.0009514301353225292,
      0.01147856403745744,
      0.0
    ],
    "low_data": false
  },
  "250000": {
    "median": 0.00031727945679724555,
    "p90": 0.01191475846637015,
    "p10": 0.0,