{
  "100000": {
    "median": 0.0008741974286719144,
    "p90": 0.010751766021616557,
    "p10": 0.0,
    "sample": [
      8.947728039622867e-05,
      0.00010694828000821203,
      0.006811189432948261,
      0.0,
      0.00886815564308221,
      8.046970590550934e-05,
      0.008622000082829708,
      0.01026646792245908,
      0.0,
      0.0,
      0.011534340709721664,
      0.0,
      0.0,
      0.005101701891713839,
      0.0024542653198984642,
      0.0005527882601654704,
      0.0018430277042557682,
      0.0,
      0.000612784598433921,
      0.0013430864976735311,
      0.0,
      0.009637319730974097,
      0.0,
      0.00890403423205211,
      0.010137071964940438,
      0.0,
      0.0,
      0.0,
      0.0,
      0.0,
      0.012164858976491685,
      0.003585887118933772,
      0.002129670667295246,
      0.0,
      0.01382211093938557,
      0.0,
      0.007039202247700446,
      0.0025348809319184814,
      0.0033649240002321537,
      0.0007934976695892943,
      0.0,
      0.009170070628619268,
      0.002321958693995901,
      0.0016824679832972101,
      0.0,
      0.0,
      0.0,
      0.009804817348240355,
      0.0173979778964375,
      0.006169121960925197,
      0.0,
      0.006892940474511028,
      0.0,
      0.004170096253583055,
      0.015252814486350035,
      0.023527828256099063,
      0.0,
      0.0,
      0.0,
      0.0,
      0.0,
      0.004796058691044612,
      0.0,
      0.003488341419370781,
      0.004743994417379049,
      0.0,
      0.0,
      0.0023393295425205136,
      0.0,
      0.0,
      0.010117149150618706,
      0.0,
      0.0090311319835324,
      0.0,
      0.0019003142177285365,
      0.013703893630568238,
      0.0,
      0.0,
      0.013034003703637897,
      0.0,
      0.0,
      0.0,
      0.0,
      0.001326991989364115,
      0.0,
      0.001460211526864139,
      0.0,
      0.005536226700536364,
      0.001586392158045829,
      0.007607801143101753,
      0.003916770641012537,
      0.0014664310322020468,
      0.0,
      0.0066740656775995085,
      0.0,
      0.0,
      0.011877917800843105,
      0.004898385255138543,
      0.0,
      0.0018473255636630862,
      0.0009548971877545346,
      0.001046390523332285,
      0.0,
      0.0016060639549061375,
      0.009370372323040752,
      0.0038529752117888007,
      0.0013665104842569358,
      0.0,
      0.0017502637470607457,
      0.0,
      0.005310869780203793,
      0.012809406382172804,
      0.0023095323838108763,
      0.0,
      0.0,
      0.0,
      0.004494684715777068,
      0.007244157781758189,
      0.0,
      0.001841471186741045,
      0.0,
      0.006054229540917719,
      0.0,
      0.006151084710335629,
      0.003974379457611143,
      0.012413035455972823,
      0.0,
      0.013422593372014773,
      0.0036347182705178615,
      0.003455927392053814,
      0.006890209467032081,
      0.0,
      0.00687383485972966,
      0.0,
      0.0,
      0.0,
      0.0,
      0.0,
      0.002694004663452781,
      0.006625361327797013,
      0.012718014809899973,
      0.0,
      0.0,
      0.0035583869674779365,
      0.0,
      0.005571864957957571,
      0.010664813278493772,
      0.0,
      0.0,
      0.0,
      0.0012394341786220306,
      0.0,
      0.005251294303493482,
      0.0,
      0.0,
      0.005091707402936526,
      0.006112041891902902,
      0.002447280948525807,
      0.0,
      0.0,
      0.004982604897681962,
      0.015125005201256514,
      0.015896193384839382,
      0.0,
      0.01717928766825382,
      0.0007478877794409015,
      0.0,
      0.007858967885917419,
      0.0,
      0.0,
      0.0,
      0.0,
      0.0,
      0.006744466104302114,
      0.0,
      0.0,
      0.004578296473135787,
      0.007774953789592477,
      0.0,
      0.004094252911635824,
      0.014474747587078824,
      0.0,
      0.0007153226500023845,
      0.0,
      0.0,
      0.002797432601402561,
      0.024655278012739392,
      0.0,
      0.0018243950820063031,
      0.0006269021271604841,
      0.0,
      0.0,
      0.008350398070153012,
      0.0,
      0.0,
      0.0,
      0.0024274589007822344,
      0.011946956868227328,
      0.014206455490956034,
      0.009976005923441769
    ],
    "low_data": false
  },
  "250000": {
    "median": 0.0010391387834532055,
    "p90": 0.011032173138007998,
    "p10": 0.0,