{
  "100000": {
    "median": 5.519622506150769e-05,
    "p90": 0.00989859483425177,
    "p10": 0.0,
    "sample": [
      0.00013432780169039943,
      0.00011039245012301538,
      0.0,
      0.012095200213504726,
      0.005386788852238346,
      0.0043227358222621285,
      0.008219792643830439,
      0.0,
      0.0,
      0.0,
      0.0,
      0.0014548283948682987,
      0.0,
      0.0,
      0.0008001953077352773,
      0.010330642047988848,
      0.0017994299631211427,
      0.0,
      0.006804672366943748,
      0.005002301660536726,
      0.008446711118515526,
      0.0,
      0.0,
      0.009575646649927739,
      0.003943407186420656,
      0.008604748778631084,
      0.008879320377136337,
      0.0,
      0.0,
      0.0,
      0.0,
      0.013350997239962777,
      0.01193590615070682,
      0.0,
      0.00279208511995559,
      0.0,
      0.0,
      0.0,
      0.0,
      0.0,
      0.008067146898550754,
      0.002618733798974469,
      0.019023463173850272,
      0.0,
      0.0,
      0.0,
      0.0,
      0.0,
      0.0,
      0.0,
      0.009071742835921229,
      0.015071667929053088,
      0.005672167110742946,
      0.0,
      0.005741578599268092,
      0.0,
      0.0,
      0.0,
      0.0011326078205296688,
      0.0,
      0.009017534446859862,
      0.0058031259190104165,
      0.0039967828786543706,
      0.003161919529145301,
      0.002321835704694385,
      0.0018406724669071599,
      0.0034868302214574507,
      0.0040695763301013795,
      0.0,
      0.0,
      0.0,
      0.0,
      0.00047435283331083444,
      0.007273116492019279,
      0.00500957876470128,
      0.0,
      0.0,
      0.003514424098102544,
      0.005661620713474862,
      0.007244999140218914,
      0.0,
      0.0,
      0.010668291387095649,
      0.005335214135869112,
      0.008532602266250543,
      0.0,
      0.0,
      0.0,
      0.0,
      0.0,
      0.016342243172972122,
      0.0008827424468791367,
      0.006685924895818806,
      0.0014488027544833975,
      0.0,
      0.0,
      0.0,
      0.0,
      0.008363017855136766,
      0.0,
      0.0,
      0.004960288053129364,
      0.006265771180417013,
      0.01205880718595433,
      0.005373319887754956,
      0.006258577884225335,
      0.0029579634708297438,
      0.0,
      0.0,
      0.0,
      0.0,
      0.009044962442544718,
      0.0032357285148740585,
      0.014596791438849054,
      0.004381568876045458,
      0.0,
      0.010579576906692588,
      0.0002685130680790876,
      0.0,
      0.008589781161530202,
      0.0,
      0.019251490207366273,
      0.00575269541721191,
      0.008025714227484783,
      0.0,
      0.0,
      0.0,
      0.0,
      0.005087130818468057,
      0.00915906685791699,
      0.004089143594834484,
      0.0,
      0.017870770111508255,
      0.0,
      0.0,
      0.0,
      0.003927845708287653,
      0.009451310805415364,
      0.0,
      0.0,
      0.008267983274669285,
      0.0018348222710888478,
      0.007423405800901915,
      0.010217484722630803,
      0.009827066872337266,
      0.0,
      0.0,
      0.0,
      0.0,
      0.016632158763929136,
      0.000655173665778374,
      0.005317759218759856,
      0.002770814247379749,
      0.0,
      0.0,
      0.001575649718878831,
      0.009887662625491846,
      0.016483000858141687,
      0.0,
      0.001152886972162249,
      0.0,
      0.002505555616712686,
      0.0,
      0.0,
      0.0,
      0.008192551810352418,
      0.0,
      0.0,
      0.0025581528409953196,
      0.011095708628910921,
      0.0,
      0.0,
      0.009996984713091087,
      0.005610115504405584,
      0.0,
      0.0025465551104348104,
      0.0064886182208591225,
      0.0,
      0.0,
      0.0,
      0.0,
      0.0,
      0.0,
      0.011234355184628574,
      0.0,
      0.009781078926091818,
      0.0,
      0.0,
      0.0,
      0.0009853032878278762,
      0.003283851996127043,
      0.0024063687118304846,
      0.0,
      0.013729307956396711,
      0.0,
      0.00025470448318491625,
      0.0,
      0.0,
      0.0,
      0.0
    ],
    "low_data": false
  },
  "250000": {
    "median": 0.00017618064553005016,
    "p90": 0.010020459053137016,
    "p10": 0.0,