{
  "100000": {
    "median": 7.128806305120805e-05,
    "p90": 0.008985173084709343,
    "p10": 0.0,
    "sample": [
      0.00013259080870190286,
      8.983697026003387e-05,
      0.007390045453759243,
      0.003853558631203106,
      0.0,
      0.001261470445042646,
      0.0,
      0.00290503500550448,
      0.0,
      0.0,
      0.005799166314575174,
      0.0007583807408468867,
      0.0022569130142630484,
      0.005596734350360613,
      0.0,
      0.007174087693106075,
      0.0,
      0.0033280226946326872,
      0.006167443940372846,
      0.0,
      0.0,
      0.007244544856580684,
      0.005097966835154673,
      0.0,
      0.012180495578475765,
      0.00032802522711974263,
      0.0007543601299721252,
      0.009174850510860835,
      0.0,
      0.0,
      0.0,
      0.008390921576009732,
      0.009525344627330507,
      0.0,
      0.0024084053740855357,
      0.0,
      0.0,
      0.0,
      0.0005181305016994224,
      0.0,
      0.0043574662122844035,
      0.0,
      0.0,
      0.0,
      0.0,
      0.0,
      0.01242270734309979,
      0.00020628166780308103,
      0.0,
      0.009017164052547653,
      0.0,
      0.0,
      0.0031159668032662824,
      0.006819232813578751,
      0.0012395389876844697,
      0.0016722057334746408,
      0.0,
      0.001861418487902322,
      0.0,
      0.0038556437057398153,
      0.0,
      0.0022703584833237713,
      0.007281906998959661,
      0.008535300001932594,
      0.003431964020272624,
      0.0008066809554285494,
      0.0,
      0.0,
      0.0004931619759641428,
      0.0,
      0.0,
      0.003238836726931235,
      0.001706111121763013,
      0.004081081428470421,
      0.0012792198049520072,
      0.0,
      0.0,
      0.0,
      0.0,
      0.015072499216147579,
      0.02669550710666317,
      0.0,
      0.0254503358792319,
      0.0,
      0.0,
      0.0,
      0.0,
      0.0,
      0.0010300696122393302,
      0.0,
      0.0031661293230648814,
      0.023820889501725694,
      0.0,
      0.021580528225838856,
      0.0,
      0.0028175913601967435,
      0.0,
      0.008072830835302641,
      0.0,
      0.010599063993308528,
      0.0,
      0.00872294478845812,
      0.018621122364491052,
      0.0,
      0.004231323447402235,
      0.0,
      0.0004694369969844874,
      0.0,
      0.0,
      0.008947595253348286,
      0.011174847915523232,
      0.004744814234824689,
      0.0,
      0.0,
      0.008292028753784883,
      0.0,
      0.0,
      0.004812563587196363,
      0.008789522366668037,
      0.018382553952080136,
      0.005892923456411649,
      0.0,
      0.022450146237570117,
      0.0,
      0.0,
      0.0,
      0.005712556821900716,
      0.0,
      0.005274578611232786,
      0.0012963467588931262,
      0.023806673731140537,
      0.0042204928712686095,
      0.007938854078896888,
      0.0,
      0.0,
      0.0,
      0.008981618532727309,
      0.004191366703352545,
      0.0,
      0.020435444164140254,
      0.0,
      7.82880971809954e-05,
      0.0016616465410932398,
      0.0023937248931308734,
      0.0,
      0.01655851515623723,
      6.42880289214207e-05,
      0.0,
      0.0,
      0.0,
      0.0,
      0.0,
      0.0,
      0.0018560407950378014,
      0.007521131936684243,
      0.0,
      0.0,
      0.008921850300454668,
      0.008822802295340664,
      0.0,
      0.0,
      0.0,
      0.0,
      0.00400189643230586,
      0.0,
      0.0,
      0.0,
      0.0,
      0.006217655814225801,
      0.002985567009374326,
      0.0029154154036786367,
      0.0,
      0.01066556157554435,
      0.002459325625309679,
      0.0,
      0.0,
      0.0,
      0.0022709854065936868,
      0.0041134464047897145,
      0.0031969020063935738,
      0.0,
      0.0,
      0.0,
      0.017591356938489816,
      0.0,
      0.0053449338222140135,
      0.0026654454699853837,
      0.006664800688007566,
      0.0,
      0.0,
      0.0,
      0.004099033301123643,
      0.0,
      0.0,
      0.0004847266301996699,
      0.00841382766747028,
      0.0,
      0.0,
      0.0,
      0.007709020501243207
    ],
    "low_data": false
  },
  "250000": {
    "median": 0.00020029429330696726,
    "p90": 0.009161791508041937,
    "p10": 0.0,