{
  "100000": {
    "median": 0.0,
    "p90": 0.010625956628121038,
    "p10": 0.0,
    "sample": [
      0.00010914212213674024,
      0.0001872276495887165,
      0.0,
      0.0049541739211020125,
      0.0024070387992409284,
      0.0,
      0.01261487760102117,
      0.0,
      0.0,
      0.0,
      0.021588046247758886,
      0.0,
      0.0016158611064573621,
      0.0,
      0.00027542589579800455,
      0.0,
      0.0,
      0.0,
      0.0,
      0.004760944818630983,
      0.012481280197144808,
      0.013222613961901357,
      0.005141479708171249,
      0.0,
      0.007596163603052321,
      0.0,
      0.0,
      0.008021615500097612,
      0.0,
      0.0,
      0.0,
      0.0,
      0.001423455506874379,
      0.0021542913111702784,
      0.0014750029633271954,
      0.0,
      0.005615871774178462,
      0.009369895894695779,
      0.0,
      0.006691605213538579,
      0.0,
      0.0,
      0.01061852781956164,
      0.0,
      0.0,
      0.010715697073279079,
      0.001567900877734671,
      0.0,
      0.0,
      0.0,
      0.0,
      0.006779224386544939,
      0.0,
      0.009055950056953869,
      0.0,
      0.0,
      0.0,
      0.006183473000773342,
      0.0032574216973440557,
      0.008815979211521226,
      0.0,
      0.006836202401640622,
      0.0,
      0.0025316000372247495,
      0.0,
      0.0057883850404318385,
      0.0,
      0.0,
      0.0,
      0.0,
      0.0,
      0.0047567559161396065,
      0.0,
      0.016606304769155325,
      0.0,
      0.0,
      0.01736306487839435,
      0.01730921495420664,
      0.0060066944424342445,
      0.006733383505256572,
      0.0,
      0.006147904323181417,
      0.011255026597327475,
      0.002686285808057263,
      0.005400859127512322,
      0.0,
      0.00441747306705632,
      0.0,
      0.0004223337279948397,
      0.00820776145027581,
      0.007684757743600558,
      0.0,
      0.006865995269114111,
      0.0,
      0.0037862921686000147,
      0.0052003343750303315,
      0.008953322478229622,
      0.0,
      0.0,
      0.0,
      0.0,
      0.0,
      0.0006677647649436986,
      0.006344289588975357,
      0.001950256576182159,
      0.0025262554271518103,
      0.004563185206450417,
      0.0,
      0.0002209736965734897,
      0.0,
      0.003088422184930413,
      0.001698510257294175,
      0.0008946870749836655,
      0.0,
      0.01604993457342259,
      3.038524496829594e-05,
      0.004654667309599432,
      0.001355218171143384,
      0.01636885504913982,
      0.0,
      0.0,
      0.0,
      0.0,
      0.0,
      0.0,
      0.0,
      0.0,
      0.005751374310216158,
      0.0,
      0.006702707606890452,
      0.010328506716646533,
      0.0,
      0.006439053631777915,
      0.005835826058802758,
      0.0,
      0.0,
      0.03412404249017713,
      0.0,
      0.0,
      0.0,
      0.0,
      0.0,
      0.0,
      0.0,
      0.0,
      0.0007227369557666062,
      0.0,
      0.0056823515148193915,
      0.0,
      0.01122728798682613,
      0.0,
      0.0,
      0.0,
      0.00013136777906196418,
      0.01081208615594715,
      0.0,
      0.006525214885002477,
      0.007198369429592852,
      0.01633573460251857,
      0.015101644989745774,
      0.0,
      0.0,
      0.001353408071980069,
      0.0,
      0.0,
      0.0,
      0.0015334694964819482,
      0.0,
      0.007359882122579802,
      0.012389760781644431,
      0.006395756057836696,
      0.0,
      0.00024039777446807943,
      0.0,
      0.0023520363691579027,
      0.01088427909417951,
      0.0,
      0.010692815905155627,
      0.0,
      0.0,
      0.00953872369363283,
      0.0,
      0.0,
      0.0,
      0.0,
      0.0,
      0.0,
      0.002337525215389053,
      0.006123588959608052,
      0.0,
      0.0,
      0.012708228030232555,
      0.0,
      0.0,
      0.0,
      0.0,
      0.0,
      0.0,
      0.007224399325583475,
      0.008439218135296312
    ],
    "low_data": false
  },
  "250000": {
    "median": 0.0,
    "p90": 0.01077861757095855,
    "p10": 0.0,
    "sample": [
      0.00024896505977404376,
      0.000427086646829247,
      0.0,
      0.005180359563827085,
      0.002541549848589439,
      0.0,
      0.012722967642758203,
      0.0,
      0.0,
      0.0,
      0.021755825629721618,
      0.0,
      0.001799675382341687,
      0.0,
      0.0005140371521971114,
      0.0,
      0.0,
      0.0,
      0.0,
      0.004926664623308632,
      0.012681063743796708,
      0.013355607537489243,
      0.00530775759443732,
      0.0,
      0.007845218130302176,
      0.0,
      0.0,
      0.008161736904654814,
      0.0,
      0.0,
      0.0,
      0.0,
      0.0015582989488280154,
      0.0022691176382626257,
      0.0016868245664398325,
      0.0,
      0.005828592320635047,
      0.00952545187483077,
      0.0,
      0.00694460817023502,
      0.0,
      0.0,
      0.010772971494489582,
      0.0,
      0.0,
      0.010863276048106172,
      0.0017638619047926388,
      0.0,
      0.0,
      0.0,
      0.0,
      0.00701744285645297,
      0.0,
      0.009240122050490823,
      9.845366611891033e-05,
      0.0,
      0.0,
      0.006354093610113036,
      0.003364372612143742,
      0.008996489552081943,
      0.0,
      0.006962321914175915,
      0.0,
      0.0026584029740458017,
      0.0,
      0.005891594011321809,
      0.0,
      0.0,
      0.0,
      0.0,
      0.0,
      0.004883426892503263,
      0.0,
      0.01680054580713034,
      0.0,
      0.0,
      0.017485806404605318,
      0.017418131996854436,
      0.006192601135227876,
      0.0069357635830458566,
      0.0,
      0.006303817283085367,
      0.011358164463224428,
      0.0027879784919070095,
      0.005576883927185549,
      0.0,
      0.004519191000946343,
      0.0,
      0.0005175569971480647,
      0.00835455184595024,
      0.007891135611105634,
      0.0,
      0.007052866947336507,
      5.894096072789912e-05,
      0.0039475707541655495,
      0.005294403085624316,
      0.009064144241539675,
      0.0,
      0.0,
      0.0,
      0.0,
      0.0,
      0.000825370335976881,
      0.006450604366296682,
      0.0020529553762014467,
      0.0026430608139973184,
      0.004709434502521222,
      0.0,
      0.00038922919870673466,
      0.0,
      0.003242183616424864,
      0.0018525679518164343,
      0.0011029510438955049,
      3.023947173297879e-05,
      0.016199855998700333,
      0.0001259523389802677,
      0.004899873048940598,
      0.0014568838170664997,
      0.016543911678421865,
      0.0,
      0.0,
      0.0,
      0.0,
      0.0,
      0.0,
      0.0,
      0.0,
      0.0059116485804531745,
      0.0,
      0.006828911455420948,
      0.010600361382843135,
      0.0,
      0.006567052444472702,
      0.005973426777434836,
      0.0,
      0.0,
      0.03433249906025075,
      0.0,
      0.0,
      0.0,
      0.0,
      0.0,
      0.0,
      0.0,
      0.0,
      0.0008250489962191363,
      0.0,
      0.005909056938773318,
      0.0,
      0.011360928688028864,
      0.0,
      0.0,
      0.0,
      0.0002328333013964501,
      0.010985695595028626,
      0.0,
      0.006703979583022006,
      0.007341093031011095,
      0.016444742816926566,
      0.015238125434546192,
      0.0,
      0.0,
      0.0014732392162574608,
      0.0,
      0.0,
      0.0,
      0.001668050670277209,
      0.0,
      0.007498821669375853,
      0.012587567444375449,
      0.006502807424175984,
      0.0,
      0.00039632816330437696,
      0.0,
      0.0024499030382628528,
      0.011017856853279821,
      0.0,
      0.010829432259179261,
      0.0,
      0.0,
      0.0096392103807136,
      0.0,
      0.0,
      0.0,
      0.0,
      0.0,
      0.0,
      0.0024305328583895777,
      0.006228577838564409,
      0.0,
      0.0,
      0.012828237487709207,
      0.0,
      0.0,
      0.0,
      0.0,
      0.0,
      0.0,
      0.0074169415879926735,
      0.008627470238394944
    ],
    "low_data": false
  },
  "500000": {
    "median": 0.0,
    "p90": 0.011021639004671343,
    "p10": 0.0,