{
  "100000": {
    "median": 0.0004133184202174302,
    "p90": 0.011813985087726528,
    "p10": 0.0,
    "sample": [
      8.12900851640362e-05,
      9.083390411723235e-05,
      0.006195086558721497,
      0.0,
      0.0,
      0.0,
      0.0,
      0.0,
      0.001297577654094071,
      0.005002211746337684,
      0.004194856337978135,
      0.00015067081854834786,
      0.0,
      0.0,
      0.0,
      0.002015074809343478,
      0.0,
      0.011429455126185362,
      0.0,
      0.003151505879264709,
      0.001166816884373748,
      0.0006069619227832199,
      0.0,
      0.004657240103603312,
      0.009688423930391526,
      0.007195970340656471,
      0.003985504256660473,
      0.011340125017722132,
      0.006153596163517541,
      0.006349210333386435,
      0.004496550893024421,
      0.0023583908512713574,
      0.006081315279111454,
      0.0,
      0.003285460904024197,
      0.0,
      0.0,
      0.006533054549519126,
      0.0021327433748220058,
      0.0,
      0.014365388609379349,
      0.0,
      0.0023428012025857696,
      0.007917951115201681,
      0.0020961690979081423,
      0.017103434243518217,
      0.0,
      0.002918866243927314,
      0.013186103156557515,
      0.0,
      0.0017391630398593681,
      0.0019508204616467471,
      0.0,
      0.0017700158824729972,
      0.006449780584163053,
      0.0,
      0.0,
      0.01177480850126319,
      0.0,
      0.008938195375320732,
      0.0,
      0.015223693681580245,
      0.0,
      0.0042922328151369414,
      0.0,
      0.0,
      0.004204766023943674,
      0.00428106028627059,
      0.0008925292496816512,
      0.0,
      0.0023875589497088056,
      0.00033456828967168793,
      0.023793350931264914,
      0.00918270277994964,
      0.013159429144624429,
      0.0,
      0.0,
      0.0,
      0.0,
      0.011188046126848684,
      0.005252650787613775,
      0.0,
      0.0,
      0.0,
      0.010066331290977996,
      0.0,
      0.005560650877382031,
      0.011442209141664337,
      0.0,
      0.0,
      0.0,
      0.0,
      0.0,
      0.0,
      0.010526281142996884,
      0.0,
      0.0,
      0.0124133410274524,
      0.000261038627026955,
      0.006092058900975961,
      0.012812489816512253,
      0.0,
      0.0,
      0.0,
      0.007442517477317492,
      0.015379389322027067,
      0.0,
      0.007478549102961259,
      0.013599590048316111,
      0.0,
      0.0,
      0.0058567855062106955,
      0.0,
      0.0,
      0.0,
      0.0,
      0.0,
      0.0,
      0.0,
      0.0,
      0.0,
      0.0,
      0.0,
      0.0045939839720833325,
      0.029368511929847855,
      0.0,
      0.0023263251505165864,
      0.0022475013555364335,
      0.0,
      0.0,
      0.01876924723882811,
      0.0,
      0.0028472310808330603,
      0.007545067981118643,
      0.0,
      0.0,
      0.0063397376178904764,
      0.023638012866062375,
      0.0,
      0.0,
      0.00863152533280472,
      0.011762311369317026,
      0.0,
      0.010467904363017295,
      0.006644956791172798,
      0.0004920685507631725,
      0.0,
      0.015124691571463022,
      0.0,
      0.012129625193696593,
      0.0029731858836188367,
      0.016229927249051257,
      0.0046318360871362135,
      0.006769960894412023,
      0.0,
      0.0,
      0.0,
      0.0074437741503363426,
      0.0,
      0.011369208172134278,
      0.0026760006225799195,
      0.0,
      0.0,
      0.0067677000560752085,
      0.007107007182357849,
      0.01600600529037467,
      0.0,
      0.009377221405115998,
      0.0,
      0.0003203037242875377,
      0.0,
      0.0,
      0.0,
      0.0015554773745726869,
      0.004583760758074986,
      0.0,
      0.0212292552535715,
      0.004790401635885523,
      0.0,
      0.0,
      0.015497230249522034,
      0.0,
      3.3296344917879076e-06,
      0.007132364410054535,
      0.0,
      0.0009147595034913077,
      0.0,
      0.005369846794731715,
      0.005246255381237325,
      0.0,
      0.0073236760004456985,
      0.0,
      0.0015670692687440168,
      0.004580959613628761,
      0.014492467515663313,
      0.011778913964840968,
      0.0,
      0.00417891396505207,
      0.0,
      0.0
    ],
    "low_data": false
  },
  "250000": {
    "median": 0.0006317862008165135,
    "p90": 0.01199107897267097,
    "p10": 0.0,