{
  "100000": {
    "median": 0.0,
    "p90": 0.010787834310732594,
    "p10": 0.0,
    "sample": [
      0.00010502253618799389,
      0.0001531159183471401,
      0.0,
      0.003282948563862173,
      0.0,
      0.0,
      0.0001628009625524002,
      0.0,
      0.0,
      0.0,
      0.0,
      0.0032883217982765736,
      0.0033550369725765155,
      0.0,
      0.0,
      0.0009274363193032884,
      0.0,
      0.01343081636832025,
      0.009278836895407637,
      0.015214433979391748,
      0.0047277999345498155,
      0.0,
      0.0,
      0.0,
      0.0,
      0.0,
      0.004203301599096667,
      0.0,
      0.00985718694509513,
      0.0,
      0.0,
      0.0014678765643475213,
      0.0,
      0.007214570584184917,
      0.0,
      0.005365625968686575,
      0.00295884987493211,
      0.012961840597752216,
      0.0,
      0.0035496201609672767,
      0.0,
      0.0,
      0.0,
      0.0,
      0.0,
      0.00012777081761210552,
      0.0034195430930665394,
      0.0,
      0.01135451503756725,
      0.0,
      0.0033705663446081924,
      0.0034984437795272105,
      0.0,
      0.010648700969561707,
      0.010786157584779027,
      0.00796609993396855,
      0.0,
      0.013830579171217048,
      0.0005358908478382306,
      0.0005267554449071543,
      0.0,
      0.01209874894754553,
      0.0,
      0.0,
      0.0,
      0.0,
      0.0,
      0.0,
      0.0,
      0.01130137227439009,
      0.0,
      0.003250734567867626,
      0.0059025879371624014,
      0.0005511343626740071,
      0.0,
      0.0,
      0.0,
      0.0,
      0.0,
      0.0,
      0.011068749998347702,
      0.004753960730991169,
      0.0,
      0.009222027822227795,
      3.531558956434797e-05,
      0.0,
      0.0,
      0.0,
      0.005704600936821603,
      0.0,
      0.000888382887951691,
      0.0,
      0.0,
      0.002679423173787407,
      0.0,
      0.0,
      0.004227538058069137,
      0.0,
      0.004369003612552568,
      0.0,
      0.012159857261250679,
      0.0,
      0.002065865353072214,
      0.0,
      0.0,
      0.0,
      0.0,
      0.00414819911406518,
      0.005823501008728796,
      0.0011938282473385354,
      0.0,
      0.0,
      7.69768521395396e-05,
      0.005116020889327677,
      0.00748237317081367,
      0.003341913846773678,
      0.00982304495934776,
      0.0,
      0.013388654704140017,
      0.00560203162708324,
      0.001482370530645748,
      0.004795711187474757,
      0.007433580110631096,
      0.0,
      0.0023265477927145355,
      0.0,
      0.0032637872967184924,
      0.004683585090483982,
      0.019534977070763952,
      0.001024505507252751,
      0.005958922185336387,
      0.0075330083812369004,
      0.01765018939620029,
      0.0005805825163789142,
      0.01787587938405712,
      0.0,
      0.013071043615554308,
      0.0,
      0.0002643827407783755,
      0.002149916312099677,
      0.0012069270516336158,
      0.0,
      0.0,
      0.009540941334720552,
      0.003954540084755398,
      0.0,
      0.010283104862247757,
      0.024535116929540426,
      0.004972885545598908,
      0.001064694868917914,
      0.0045370947194633615,
      0.0,
      0.018739460264196695,
      0.0,
      0.0,
      0.0,
      0.006822073917413811,
      0.0012822351657761678,
      0.0,
      0.0,
      0.0,
      0.0,
      0.0,
      0.02002085309420156,
      0.0,
      0.0,
      0.0020850974303874784,
      0.0,
      0.0,
      0.012219317889241813,
      0.0,
      0.0028100652324298185,
      0.0,
      0.0,
      0.0,
      0.002358347444078284,
      0.0,
      0.0,
      0.006612591849597458,
      0.00673423234062178,
      0.0,
      0.0,
      0.0,
      0.0,
      0.006062682168883156,
      0.0,
      0.002363256889470561,
      0.0,
      0.0,
      0.0,
      0.017674264229864404,
      0.0,
      0.008889565975328624,
      0.0108029248443147,
      0.0,
      0.0,
      0.0,
      0.0,
      0.0,
      0.0
    ],
    "low_data": false
  },
  "250000": {
    "median": 0.0,
    "p90": 0.01091932770650414,
    "p10": 0.0,
    "sample": [
      0.00023956783584349781,
      0.0003492740750990118,
      0.0,
      0.0035255921178724845,
      0.0,
      0.0,
      0.0002864562559980538,
      0.0,
      0.0,
      0.0,
      0.0,
      0.003400714164829423,
      0.0034623156780480566,
      0.0,
      0.0,
      0.0011556001444244129,
      0.0,
      0.013631940588029752,
      0.009408873047486747,
      0.015408653995500165,
      0.004965979780799001,
      0.0,
      0.0,
      0.0,
      0.0,
      9.472757283218768e-05,
      0.004428987855498807,
      0.0,
      0.010055828242921366,
      0.0,
      0.0,
      0.0017257605579417555,
      0.0,
      0.0073418858618047155,
      0.0,
      0.005553272329269648,
      0.0030845556215983914,
      0.0131242384378356,
      0.0,
      0.0036917145798302563,
      0.0,
      0.0,
      0.0,
      0.0,
      0.0,
      0.00030520602869068604,
      0.003588997882067153,
      0.0,
      0.011549843107689906,
      0.0,
      0.003472894856599468,
      0.00367761833528341,
      0.0,
      0.01077701180696493,
      0.010913752075707304,
      0.008110223885944921,
      0.0,
      0.014032823349650392,
      0.0006922375403978062,
      0.0006260133499542583,
      0.0,
      0.012313364919391275,
      0.0,
      0.0,
      0.0,
      0.0,
      0.0,
      0.0,
      0.0,
      0.011463557925703933,
      0.0,
      0.003455956517090428,
      0.006000293878564053,
      0.0007229056963482246,
      0.0,
      0.0,
      0.0,
      0.0,
      0.0,
      0.0,
      0.011160768036607073,
      0.004894023162407135,
      0.0,
      0.009325469149696956,
      0.0001297543292506156,
      0.0,
      0.0,
      0.0,
      0.005789394533597054,
      0.0,
      0.0009819743607476475,
      0.0,
      0.0,
      0.0027716158258456153,
      0.0,
      0.0,
      0.0044342798666476045,
      0.0,
      0.004533678366949604,
      0.0,
      0.012264504689210014,
      0.0,
      0.002275867519215656,
      0.0,
      0.0,
      0.0,
      0.0,
      0.004234753995873464,
      0.006008039427251845,
      0.001316645947050079,
      0.0,
      0.0,
      0.00020633899278181257,
      0.005220529143683656,
      0.007683396325790573,
      0.003445803126057295,
      0.010034846465910376,
      0.0,
      0.013538354890085615,
      0.0057272286436469005,
      0.0015724457218364697,
      0.00488543358507863,
      0.007509684486393056,
      0.0,
      0.002435922053208013,
      0.0,
      0.0033697980192606922,
      0.004826138424802378,
      0.019728954204400843,
      0.0011171903609973723,
      0.006086161897513221,
      0.0076129086336181205,
      0.017767259375772976,
      0.0007519886407587968,
      0.018007048344369468,
      0.0,
      0.013166231850995242,
      0.0,
      0.0004347586812384946,
      0.002246533013003015,
      0.00129047740976168,
      0.0,
      0.0,
      0.009615776365018395,
      0.004059026055048087,
      0.0,
      0.010386981697300712,
      0.02462018778781664,
      0.005095330849181421,
      0.0011443090264942855,
      0.004655922028698064,
      0.0,
      0.018821678291273857,
      0.0,
      0.0,
      0.0,
      0.006959456515868763,
      0.0013650165519696958,
      0.0,
      0.0,
      0.0,
      0.0,
      0.0,
      0.020153558771994873,
      0.0,
      0.0,
      0.0021810272801660057,
      0.0,
      0.0,
      0.01237304061264935,
      0.0,
      0.002905806465205927,
      0.0,
      0.0,
      0.0,
      0.002433981527589092,
      0.0,
      0.0,
      0.0067465193884598176,
      0.006876184914547025,
      0.0,
      0.0,
      0.0,
      0.0,
      0.006146832147481812,
      0.0,
      0.002449938885600151,
      0.0,
      0.0,
      0.0,
      0.017748113711257715,
      0.0,
      0.009057024804614924,
      0.010969508383675669,
      0.0,
      0.0,
      0.0,
      0.0,
      0.0,
      0.0
    ],
    "low_data": false
  },