{
  "100000": {
    "median": 0.0004272617669707941,
    "p90": 0.011048625294603709,
    "p10": 0.0,
    "sample": [
      8.92335166726689e-05,
      0.00014582204909439856,
      0.01338361947654682,
      0.006304736126187424,
      0.0,
      0.0,
      0.01262540178639362,
      0.0,
      0.0,
      0.007975418002983055,
      0.0,
      0.0,
      0.0,
      0.013615364698845455,
      0.0,
      0.0012594421032874684,
      0.0,
      0.001953366606499931,
      0.010517347892712869,
      0.0007094343409173152,
      0.007876168732308952,
      0.0,
      0.0014387990821028058,
      0.0,
      0.007895801368562804,
      0.008410278205730547,
      0.008204206167181323,
      0.0,
      0.0038268209771278963,
      0.0,
      0.0,
      0.00822556399015568,
      0.004827627869126355,
      0.015165977781897329,
      0.0,
      0.0,
      0.00023348330566980575,
      0.0,
      0.006486148979681249,
      0.0,
      0.0,
      0.00037799489218940145,
      0.005153619300484198,
      0.0,
      0.0018409912548749882,
      0.003423481811477778,
      0.0026028576902514013,
      0.0,
      0.0,
      0.002800103480085365,
      0.0,
      0.01647660318344869,
      0.0,
      0.0,
      0.012532300453227225,
      0.006519885295988733,
      0.00481546607196051,
      0.0,
      0.0,
      0.0,
      0.0,
      0.004867580991339274,
      0.0,
      0.016910773236640222,
      0.0,
      0.0,
      0.0,
      0.002969295922507301,
      0.0041423865282135845,
      0.0,
      0.0,
      0.0,
      0.003948956116170328,
      0.01668925376481511,
      0.005183584579742896,
      0.0,
      0.0,
      0.005491099101615892,
      0.003511798468919352,
      0.0,
      0.0002169146582648396,
      0.0,
      0.0,
      0.0,
      0.003442201980090284,
      0.011330133912258074,
      0.0,
      0.0,
      0.003821934182105994,
      0.000506629075618758,
      0.0024872857937705273,
      0.0,
      0.0,
      0.018617962257913782,
      0.006175461657698436,
      0.0,
      0.003574027569851539,
      0.0,
      0.0031096290924071575,
      0.009546014391257138,
      0.0012281493152725572,
      0.0,
      0.0,
      0.004631149145898279,
      0.0011289155523462838,
      0.0,
      0.013596491564851524,
      0.011965762695940053,
      0.0,
      0.0020494361646955068,
      0.0,
      0.0,
      0.004318877987261221,
      0.0070594656946628784,
      0.0,
      0.005119754309619785,
      0.010965440371836901,
      0.0,
      0.005075705127930692,
      0.0051756855502960155,
      0.0,
      0.0012942797280994325,
      0.0,
      0.0,
      0.017695567682325344,
      0.0,
      0.0015272782441223941,
      0.0,
      0.0013747851538407102,
      0.005019954309696735,
      0.002019093106994484,
      0.0,
      0.002266518491680663,
      0.012123861037391905,
      0.002828055354048008,
      0.0,
      0.0,
      0.0028322803803239095,
      0.009808658211137494,
      0.0,
      0.0,
      0.0,
      0.0,
      0.0015872923504371263,
      0.001797631371305205,
      0.0004765286417521868,
      0.0,
      0.008135257280214355,
      0.002996538213201951,
      0.0,
      0.003550146438007206,
      0.00483010414845131,
      0.0,
      0.0,
      0.0,
      0.005863046765965861,
      0.016428681730629797,
      0.011017346559308782,
      0.009885767190750802,
      0.02061162111744621,
      0.0,
      0.015294346010988365,
      0.0,
      0.0,
      0.0,
      0.004182959791283412,
      0.0,
      0.0,
      0.0,
      0.0,
      0.0,
      0.007438566632996691,
      0.004230747633033053,
      0.0,
      0.0,
      0.0,
      0.0,
      0.016787732070442683,
      0.0,
      0.008794935476478765,
      0.01089497324228026,
      0.01826302583861728,
      0.006469807606552083,
      0.0009491293512870056,
      0.0006209927811356255,
      0.012029707582680592,
      0.010022769633056249,
      0.006183953123579894,
      0.0,
      0.00757326715625264,
      0.004819616429693364,
      0.0,
      0.0,
      0.0,
      0.0,
      0.0,
      0.0,
      0.0077067834588288395,
      0.009342863938745971,
      0.0
    ],
    "low_data": false
  },
  "250000": {
    "median": 0.0005687447972593331,
    "p90": 0.011202670732968226,
    "p10": 0.0,