{
  "100000": {
    "median": 0.0,
    "p90": 0.010321549822469045,
    "p10": 0.0,
    "sample": [
      7.833625637962424e-05,
      0.00011632552222251498,
      0.0,
      0.0,
      0.007077675390491307,
      0.0005344325924132882,
      0.0,
      0.0068893990971224854,
      0.0,
      0.0,
      0.0,
      0.0,
      0.0,
      0.0,
      0.0,
      0.01509559443705905,
      0.0097035376539513,
      0.0,
      0.005468287104389849,
      0.0,
      0.0,
      0.0,
      0.0023773627685937915,
      0.0,
      0.00036053868643913967,
      0.0017166169022155011,
      0.0069239189930507304,
      0.0,
      0.02332103580830457,
      0.0,
      0.015336914996040832,
      0.0,
      0.0037252196867491247,
      0.003130819480894372,
      0.0,
      0.008285016249504448,
      0.0,
      0.0,
      0.0020244433003394034,
      0.0,
      0.0,
      0.0,
      0.012872201385598159,
      0.008069146134198147,
      0.0016294152750970846,
      0.0,
      0.0,
      0.0032009301379906803,
      0.0033976468299353807,
      0.0,
      0.02307031654582172,
      0.0,
      0.0,
      0.0,
      0.004692122072071525,
      0.0,
      0.005579835973457091,
      0.0,
      0.006149700116482504,
      0.0,
      0.0,
      0.0,
      0.012571065198061384,
      0.0,
      0.016699033151145487,
      0.005195765035026543,
      0.0,
      0.0,
      0.0,
      0.0,
      0.0,
      0.0,
      0.0,
      0.004171530638873559,
      0.0,
      0.0,
      0.011201793854706292,
      0.002234281009308315,
      0.0023075873875119963,
      0.0,
      0.0,
      0.0,
      0.0,
      0.0,
      0.0,
      0.0,
      0.011618511741212102,
      0.012899797619024825,
      0.0,
      0.0007766256648559379,
      0.0,
      0.018103648466929186,
      0.000900759083466126,
      0.0,
      0.002142782274804898,
      0.007482365425673706,
      0.006555999897069592,
      0.0035794827282277846,
      0.0,
      0.016477382824625273,
      0.0,
      0.007821330671625472,
      0.0012984013359398276,
      0.009823951755199253,
      0.0,
      0.00536597063942125,
      0.012382862470039706,
      0.0,
      0.0,
      0.0,
      0.005238772495875184,
      0.0,
      0.0,
      0.009929677490574171,
      0.0,
      0.0,
      3.202280753196002e-05,
      0.0010651500079753705,
      0.0,
      0.0,
      0.0,
      0.0,
      0.0,
      0.0,
      0.011247154757523482,
      0.0,
      0.002732176114473517,
      0.009121133259864902,
      0.008570606954000816,
      0.0,
      0.0230094574383111,
      0.0,
      0.002237944681319534,
      0.003977521531351964,
      0.0,
      0.0,
      0.008898887724942281,
      0.0168700679164922,
      0.004911172325990117,
      0.008132551484835708,
      0.0,
      0.014106413638180866,
      0.007330342616016701,
      0.003217623836577523,
      0.0,
      0.0,
      0.005359758440457694,
      0.0008769523506913614,
      0.002559571011169122,
      0.0006196115466734035,
      0.0,
      0.004482669560950741,
      0.0,
      0.0006103144317105752,
      0.0004984572970843876,
      0.010045750601298005,
      0.0,
      0.0,
      0.0004555176652749823,
      0.0004175534585956587,
      0.0,
      0.0023388614042793667,
      0.006711683203351842,
      0.0,
      0.00984103786897065,
      0.0031831139379047777,
      0.008951752707507542,
      0.01627195577599332,
      0.0,
      0.008520170748855176,
      0.006776523663996356,
      0.0,
      0.0,
      0.0,
      0.0,
      0.0,
      0.0,
      0.01949328073288019,
      0.005095628116428256,
      0.0,
      0.010223744929998247,
      0.0,
      0.0,
      0.0,
      0.0,
      0.0,
      0.0011896926338777162,
      0.013700325413069828,
      0.006738271270206372,
      0.006863533249572556,
      0.0,
      0.0011163198906803823,
      0.0,
      0.0,
      0.00529158728928841,
      0.0009141822112132733,
      0.0008327283699173343,
      0.0,
      0.0033917417265675897,
      0.005741308101789744
    ],
    "low_data": false
  },
  "250000": {
    "median": 0.0,
    "p90": 0.01045690884941576,
    "p10": 0.0,