{
  "100000": {
    "median": 0.00010106169281338782,
    "p90": 0.010591880787066054,
    "p10": 0.0,
    "sample": [
      0.0001033859762021024,
      0.00017861262765026111,
      0.0,
      0.019541165137053805,
      0.014393161844324124,
      0.0,
      0.0,
      0.0002129605553782008,
      0.0070841191254094465,
      0.0,
      0.0,
      0.0,
      0.0,
      0.0,
      0.0,
      0.013431513168285001,
      0.0,
      0.0,
      0.0,
      0.02191008559752023,
      0.0,
      0.0058071353266640246,
      0.0,
      0.0,
      0.00018423702188199827,
      0.0,
      0.0,
      0.0,
      0.004464046157621831,
      0.004619888533504806,
      0.0010213725123482582,
      0.00948635121374057,
      0.0,
      5.485227832604825e-05,
      0.0,
      0.011057795625883339,
      0.002475520325552664,
      0.0,
      0.0009516001119012042,
      0.0007420934850984474,
      0.0,
      0.0,
      0.0,
      0.011133436855612262,
      0.0005305059900737503,
      0.005529630071543307,
      0.0,
      0.003396656482710384,
      0.005149305498877503,
      0.01066451779505454,
      0.003391077850791855,
      0.0,
      0.0025953284330080006,
      0.0,
      0.008695667854446245,
      0.0,
      0.0008625601168392746,
      0.003559836181101901,
      0.0,
      0.009070527146393994,
      0.0,
      0.0045367271527378805,
      0.0,
      0.012913926958362885,
      0.0,
      0.0,
      0.0,
      0.0,
      0.021474086777849823,
      0.008085023908773876,
      0.0,
      0.0,
      0.007428136062664566,
      0.0,
      2.8829964341801445e-05,
      0.0,
      0.0,
      0.0,
      0.0018164836993309634,
      0.007645276558602625,
      0.0,
      0.009472469241089382,
      0.0,
      0.0,
      0.004441931242831228,
      0.0,
      0.0,
      0.004523908955537132,
      0.0,
      0.0,
      0.0034342902377412447,
      0.0,
      0.0014762661814000755,
      0.0025683100486898645,
      0.0,
      0.0,
      0.0,
      0.008423501938448102,
      0.0,
      0.0,
      0.006201838277647782,
      0.008839092996951148,
      0.0031860146215512667,
      0.0,
      0.0,
      0.026422593809905106,
      0.0,
      0.004959048368274335,
      0.0,
      0.0,
      0.005407635128356702,
      0.021830752475969956,
      9.873740942467326e-05,
      0.0013638550643580729,
      0.0077474840277639,
      0.012559154154020978,
      0.0,
      0.0,
      0.0,
      0.0049785287495141845,
      0.0,
      0.0,
      0.0001644044753520201,
      0.0,
      0.0,
      0.0,
      0.0,
      0.007817350038246799,
      0.0,
      0.005725317405282728,
      0.015665580487181884,
      0.0023433361426903423,
      0.00039586464343074315,
      0.005025823919176547,
      0.0,
      0.0048511599102976,
      0.005999158666618258,
      0.0,
      0.0020801927342394017,
      0.0,
      0.0007348917335981719,
      0.0071829167172651545,
      0.007680983114757389,
      0.0,
      0.0,
      0.0,
      0.0,
      0.015058455619906035,
      0.0,
      0.0002898022380902291,
      0.0,
      0.011088556271725376,
      0.008050934635698762,
      0.0,
      0.0,
      0.01194005132116648,
      0.0,
      0.0,
      0.0,
      0.0003788125227185319,
      0.01086994885647155,
      0.0021798456300082887,
      0.009164887703678024,
      0.0,
      0.001203107387881967,
      0.006782213444803375,
      0.005469363020264026,
      0.0,
      0.007119116707411708,
      0.010399222411985118,
      0.008188257280224749,
      0.0,
      0.010583810008400668,
      0.0,
      0.008284937362916328,
      0.0,
      0.007453594160476633,
      0.0,
      0.0,
      0.0,
      0.0,
      0.0,
      0.0,
      0.0,
      0.011319817788195179,
      0.0,
      0.004925495510599047,
      0.002831406399503798,
      0.0127282770442531,
      0.0003862146431512179,
      0.007267602037602031,
      0.00662944455563452,
      0.0,
      0.003774330945011574,
      0.01305766782109785,
      0.0019701441115732516,
      0.005271256189583796,
      0.004604081744268725,
      0.0016165318309429302,
      0.009720820378099692
    ],
    "low_data": false
  },
  "250000": {
    "median": 0.0002635011860613721,
    "p90": 0.010698368134268546,
    "p10": 0.0,