{
  "100000": {
    "median": 0.00012030026341997637,
    "p90": 0.012090528511376682,
    "p10": 0.0,
    "sample": [
      7.873891089135699e-05,
      9.404567107106238e-05,
      1.7807098935085087e-05,
      0.00014655485576889034,
      0.013446196554885813,
      0.0,
      0.0,
      0.0,
      0.0,
      0.0,
      0.0,
      0.0,
      0.000653901829934978,
      0.004259956963134882,
      0.0,
      0.010660295664750997,
      0.0,
      0.0015189455838140057,
      0.0,
      0.0,
      0.004564890799651709,
      0.0,
      0.013527192352046033,
      0.005535805060519022,
      0.0,
      0.005139489464624759,
      0.0002424588340683666,
      0.0,
      0.016210774549566143,
      0.0,
      0.002637757604614491,
      0.0,
      0.0008155882792922025,
      0.008886577426745208,
      0.0,
      0.0,
      0.001685188457838752,
      0.002989838081416519,
      0.010557637333639378,
      0.0,
      0.0034120731506049854,
      0.004277728146494658,
      0.0,
      0.0064627142891009876,
      0.0,
      0.0,
      0.00674712233557023,
      0.0,
      0.0,
      0.0,
      0.0,
      0.0023779941271343556,
      0.008406562533372325,
      0.010932743765194904,
      0.014342714861279637,
      0.0009514524706264813,
      0.0,
      0.005424189696905159,
      0.0,
      0.0018455832726602007,
      0.015082262885932804,
      0.0,
      0.0003543345039465915,
      0.0,
      0.005555614644910739,
      0.0,
      0.0,
      0.004917697632239561,
      0.0,
      0.0,
      0.003576426148088027,
      0.0,
      0.005375280782794144,
      0.004800571150148617,
      0.0024428086999252257,
      0.0025698747656661765,
      0.0,
      0.0,
      0.0,
      0.0,
      0.004576148695244705,
      0.0,
      0.0,
      0.0037969057537601096,
      0.0,
      0.0,
      0.0,
      0.004481105206362112,
      0.0,
      0.0028909636531848026,
      0.005046032788141473,
      0.0,
      0.0,
      0.009622792427200356,
      0.008796255980800078,
      0.0,
      0.0,
      0.0,
      0.0045603500687461515,
      0.0002830639546561379,
      0.007754709090056083,
      0.004621895179933435,
      0.005289511950108687,
      0.0,
      0.0,
      0.01683739876530901,
      0.0,
      0.010475914927159708,
      0.007937606638357252,
      0.0,
      0.0,
      0.012062946049459691,
      0.0,
      0.0,
      0.0,
      0.0,
      0.0,
      0.0,
      0.00856999309525769,
      0.0063144238339519505,
      0.012346349395914398,
      0.0,
      0.007789443344731489,
      0.021477198393324223,
      0.014768285089543693,
      0.010028044192089363,
      9.283015169587471e-05,
      0.004397267527986008,
      0.0,
      0.022177600770798497,
      0.00024031347108147095,
      0.0,
      0.0017361137919890937,
      0.0,
      0.0,
      0.0,
      0.011740363270066225,
      0.010443089034115161,
      0.0,
      0.0,
      0.006793185435716811,
      0.0,
      0.0,
      0.01290574123845879,
      0.0,
      0.0031473800501819085,
      0.014685348192823765,
      0.006287514584523069,
      0.0,
      0.0001704599445992657,
      0.0,
      0.0,
      0.011013614398393113,
      0.0,
      0.01344214944732769,
      0.0,
      0.0,
      0.005680033943801156,
      0.0,
      0.012338770668629621,
      0.0,
      0.0,
      0.0,
      0.006565012924815838,
      0.01375129963458313,
      0.009424802242683225,
      0.0,
      0.007769952225054299,
      0.018717750767425424,
      0.0038127070450159894,
      0.0,
      0.007257137066714287,
      0.009117412233985654,
      0.012847722669195673,
      0.0,
      0.009597366765506044,
      0.012647464461726031,
      0.0045435047120028285,
      0.0,
      0.0,
      0.016487187211999595,
      0.005308624482524923,
      0.01030810565990935,
      0.0,
      0.0,
      0.0008360755665377406,
      0.003691010022431739,
      0.0,
      0.014748567573388318,
      0.007129183778249811,
      0.0,
      0.0016352248923213253,
      0.0,
      0.0,
      0.0,
      0.0018830197363032583,
      0.0,
      0.0,
      0.008681203947460681,
      0.00869431980415711
    ],
    "low_data": false
  },
  "250000": {
    "median": 0.0002721704126840349,
    "p90": 0.01231795546556858,
    "p10": 0.0,