{
  "100000": {
    "median": 0.0008542799318612599,
    "p90": 0.012732996987255088,
    "p10": 0.0,
    "sample": [
      0.00016384900810859397,
      0.00018299658878785514,
      0.013439637568821945,
      0.0,
      0.0,
      0.009366752708804346,
      0.002481035565596503,
      0.019139790674963394,
      0.0,
      0.0019534570896529435,
      0.0,
      0.0,
      0.0,
      0.0010275542773745684,
      0.009913810340424304,
      0.0,
      0.013838886461781703,
      0.0,
      0.020320048951746425,
      0.02940164074412742,
      0.0,
      0.004833425090596265,
      0.0,
      0.01178688800157071,
      0.006697626052324364,
      0.0,
      0.0010950845771878952,
      0.0,
      0.013729504345958616,
      0.0,
      0.000456198432838078,
      0.0,
      0.011042007384904434,
      0.0,
      0.0,
      0.009195980554016383,
      0.008913802771668632,
      0.011899544011014214,
      0.0,
      0.006806915452368767,
      0.0,
      0.0016864574610265793,
      0.013623682480986317,
      0.0,
      0.0029474558459423603,
      0.0,
      0.004671600882769588,
      0.0,
      0.0017688013389435282,
      0.0009894317577263884,
      0.0,
      0.012448448779868589,
      0.021860977025439196,
      0.0,
      0.0,
      0.0018971908834995378,
      0.0,
      0.006873403684212131,
      0.0,
      0.013726752676254811,
      0.0,
      0.0,
      0.003935318196890554,
      0.0,
      0.005074102179960447,
      0.00541706331721867,
      0.011616621243645915,
      0.009108578269668263,
      0.0,
      0.01484112394389526,
      0.00047485017112843555,
      0.003604230603678007,
      0.0,
      0.0,
      0.0,
      0.0,
      0.0020074945243588145,
      0.0,
      0.003985707309312739,
      0.0,
      0.0,
      0.0023382517496817606,
      0.0,
      0.0,
      0.00821649969564188,
      0.0,
      0.013073121897105999,
      0.012877152186212406,
      0.0,
      0.0,
      0.0,
      0.005404103398536595,
      0.0008225471809399468,
      0.0,
      0.008820866948743601,
      0.006890885480263954,
      0.0,
      0.0010025974807784496,
      0.0,
      0.0017550144738546604,
      0.005306057612628505,
      0.0,
      0.0,
      0.0,
      0.0031475571115775467,
      0.0,
      0.016156545901092067,
      0.008940577022554025,
      0.00490563815416667,
      0.006492715818386781,
      0.020850633022768433,
      0.006670017540989601,
      0.0,
      0.0,
      0.004887400513691638,
      0.009098010404600539,
      0.002132948995897999,
      0.0,
      0.0,
      0.005213200814983505,
      0.0113632792471306,
      0.0,
      0.0007062637778822282,
      0.013139109286264031,
      0.0,
      0.0007061431928466848,
      0.0035819237952648053,
      0.0,
      0.0027677065360989716,
      0.005984463019137811,
      0.0,
      0.01267479643515327,
      0.0,
      0.0,
      0.0,
      0.0,
      0.0,
      0.0,
      0.0,
      0.019312780429281626,
      0.016669628171098086,
      0.0008860126827825729,
      0.007775467978026077,
      0.01264971649222802,
      0.008648638309371532,
      0.0,
      0.019232539262580138,
      0.0,
      0.01799970441441682,
      0.0,
      0.003014238015913591,
      0.007200419285911908,
      0.0026790443588087824,
      0.007434116372261122,
      0.0,
      0.0,
      0.004315867670179651,
      0.0,
      0.0,
      0.0,
      0.0021970855880896877,
      0.006067423658017512,
      0.0,
      0.001134649532011414,
      0.003001579783602181,
      0.012148668052641708,
      0.0,
      0.0,
      0.0,
      0.001741722471036788,
      0.0,
      0.0,
      0.0,
      0.0,
      0.0025156073039349193,
      0.008429715581720147,
      0.0,
      0.0,
      0.002220407266136429,
      0.0,
      0.0010577704688286955,
      0.0025739857265669767,
      0.0011988441223390904,
      0.008898812142146575,
      0.0,
      0.005517980853997702,
      0.010372868039524401,
      0.0,
      0.012716979742926498,
      0.0,
      0.0,
      0.017890024465692232,
      0.0,
      0.003618551189033524,
      0.007933338869804137,
      0.0,
      0.008502155508905892,
      0.0,
      0.0,
      0.0
    ],
    "low_data": false
  },
  "250000": {
    "median": 0.00108332002201575,
    "p90": 0.012970973396991404,
    "p10": 0.0,