{
  "100000": {
    "median": 0.0006200990954796212,
    "p90": 0.012669458469741256,
    "p10": 0.0,
    "sample": [
      8.125210941396239e-05,
      0.00014052088185879718,
      0.0,
      0.02047286785079798,
      0.04003809475713987,
      0.0,
      0.0,
      0.0,
      0.010118146402139748,
      0.0,
      0.0014852007210490493,
      0.02877353335232754,
      0.010041204002023494,
      0.0,
      0.0,
      0.0031833512612955447,
      0.0,
      0.0011078088579900185,
      0.008139374036279751,
      0.006051787267317622,
      0.0,
      0.0,
      0.0,
      0.0143617588237113,
      0.0,
      0.0,
      0.0,
      0.0,
      0.0074364245614971835,
      0.0016409304971092057,
      0.0,
      0.0,
      0.0,
      0.0066150911533870834,
      0.0,
      0.013720198625448743,
      0.0,
      0.0044650518738141454,
      0.0,
      0.0,
      0.0010348189104920327,
      0.0,
      0.010170290962539208,
      0.0,
      0.0038715163228420285,
      0.00039107430318946284,
      0.014160996484199214,
      0.0,
      0.0,
      0.0038955960656755096,
      0.02276785535895083,
      0.0065755725001562584,
      0.0,
      0.0,
      0.0,
      0.0,
      0.0,
      0.0,
      0.0,
      0.00832340165735071,
      0.0,
      0.009977144519835363,
      0.0,
      0.0005507732005678165,
      0.0,
      0.010291826861465759,
      0.0,
      0.01390983825086935,
      0.0,
      0.0017188794398229706,
      0.0,
      0.0,
      0.0,
      0.007392505695184959,
      0.0,
      0.013486534245117811,
      0.002771077432441256,
      0.012263140015012738,
      0.0,
      0.0006792314821341433,
      0.0,
      0.006716503537707055,
      0.0,
      0.008858811848976151,
      0.0,
      0.003465483956266979,
      0.0,
      0.0030667974763757076,
      0.0,
      0.0,
      0.0023952698662655517,
      0.0,
      0.0,
      0.010724531453797117,
      0.010735236537868696,
      0.002347315277888941,
      0.011804054685259989,
      0.007017537826986565,
      0.01165628356608394,
      0.0,
      0.004845643610420277,
      0.0,
      0.00624858909183138,
      0.0,
      0.0,
      0.0,
      0.0,
      0.005747434312602004,
      0.0,
      0.0035635306815638545,
      0.005114065529762774,
      0.009726584597983312,
      0.0033933898254900853,
      0.008073573091926299,
      0.0,
      0.0,
      0.010000640461482722,
      0.0041781468696609515,
      0.0,
      0.0,
      0.00325515779263136,
      0.020037885282157355,
      0.015362485971232112,
      0.0,
      0.00043738338826069644,
      0.0011830598270748001,
      0.009523400994457844,
      0.02073660476584402,
      0.0,
      0.002078270155753903,
      0.0,
      0.0,
      0.00904769337035407,
      0.006702520702572667,
      0.0,
      0.005113346983048801,
      0.013285198123180554,
      0.010918849072617117,
      0.0,
      0.002284031721615073,
      0.009930101380509697,
      0.0014841224146742394,
      0.0014357837413633032,
      0.0,
      0.00245483711511416,
      0.0035551835910164293,
      0.0,
      0.0,
      0.003589329310566862,
      0.0,
      0.003607559644143957,
      0.0,
      0.0063413393555197175,
      0.0,
      0.009185005415797398,
      0.0,
      0.0,
      0.010906675359950348,
      0.0,
      0.0035091268161361482,
      0.005319793947403799,
      0.011583086433398662,
      0.0,
      0.003598081689593984,
      0.0,
      0.0,
      0.0,
      0.004358144499858888,
      0.016041137363630862,
      0.003200239698134073,
      0.0,
      0.0,
      0.0027416382066693884,
      0.004530485842589893,
      0.0034601531263036287,
      0.0,
      0.0,
      0.006824777464739086,
      0.0,
      0.012601042952692449,
      0.020821718238198082,
      0.0,
      0.027111239946822182,
      0.02369428663812336,
      0.02864802957588827,
      0.0,
      0.0,
      0.002450555525630091,
      0.0029857795471296927,
      0.017383312712618414,
      0.015645989475374995,
      0.004872520411537812,
      0.0,
      0.0,
      0.0008951423094774118,
      0.010181699676767918,
      0.0005609667088250991,
      0.0,
      0.0,
      0.0
    ],
    "low_data": false
  },
  "250000": {
    "median": 0.0008294015260808944,
    "p90": 0.012809857239280622,
    "p10": 0.0,