{
  "100000": {
    "median": 0.0002708910318953787,
    "p90": 0.01053747733198741,
    "p10": 0.0,
    "sample": [
      0.00020362752412356102,
      0.00010620146073635974,
      0.0,
      0.0,
      0.008881860230204803,
      0.0,
      0.0,
      0.006085060715012553,
      0.0,
      0.0028484914407932893,
      0.0,
      0.005213533732418957,
      0.001936166976818051,
      0.0,
      0.0016236899778171736,
      0.0,
      0.00036082692051876686,
      0.0062661574697741905,
      0.0024407613305515983,
      0.009876719844993722,
      0.0,
      0.0,
      0.0,
      0.0,
      0.009789037668552441,
      0.0031272060839486015,
      0.0,
      0.0,
      0.009490827264653539,
      0.0,
      0.005648949378962071,
      0.0001446015671822209,
      0.013921273457702636,
      0.0003265966664021911,
      0.010076848353206914,
      0.0,
      0.005163948174890783,
      0.0,
      0.010452851746158044,
      0.0,
      0.0,
      0.00472845508252211,
      0.0,
      0.006338917966498131,
      0.0,
      0.0,
      2.9759841713262333e-05,
      0.0,
      0.006296645660442371,
      0.01629450756236906,
      0.0,
      0.0,
      0.0060227625087682654,
      0.0,
      0.0005622605503772576,
      0.009979361875494185,
      0.005783276985682814,
      0.0,
      0.0,
      0.0025093403082459068,
      0.0,
      0.0038817493722671207,
      0.0,
      0.0,
      0.0,
      0.01664006945405128,
      0.0,
      0.0,
      0.005196383679202128,
      0.0,
      0.0,
      0.0018665115481555725,
      0.0003861558518343265,
      0.00980372478113251,
      0.003900066635503152,
      0.0,
      0.0,
      0.008472813555662515,
      0.0,
      0.0,
      0.0,
      0.004480123372450036,
      0.008325148567319236,
      0.0,
      0.0010789455403072325,
      0.0,
      0.0,
      0.014437169700936614,
      0.0,
      0.0037602388600070005,
      0.0002151853973885663,
      0.010014984753625672,
      0.0,
      0.005975460737072207,
      0.006247245100196615,
      0.005680308994470152,
      0.0,
      0.0016499222327827714,
      0.0,
      0.0,
      0.008294468735999249,
      0.014767133527217225,
      0.0014932863492995798,
      0.0030609722357566563,
      0.005900965283463068,
      0.0,
      0.0,
      0.0,
      0.003375648921649203,
      0.0,
      0.011299107604451753,
      0.0031375762888398366,
      0.021594755545831096,
      0.01631161608771918,
      0.0,
      0.0,
      0.0,
      0.0,
      0.005664020937841495,
      0.01842213753148497,
      0.0,
      0.011954377056773593,
      0.006544823797943187,
      0.0024572225318395167,
      0.0,
      0.0,
      0.0023210006956274542,
      0.006296724170560832,
      0.0006055430938172023,
      0.0,
      0.012017487627097175,
      0.004254328599936866,
      0.00966968320839885,
      0.01465648733048192,
      0.0,
      0.0,
      0.0,
      0.003705300462562691,
      0.0017645355663949331,
      0.0,
      0.0,
      0.000853743413271059,
      0.0,
      0.005807197396159741,
      0.016129788471067847,
      0.0,
      0.017235018168594345,
      0.0,
      0.0,
      0.0,
      0.0037803782607701343,
      0.004229226670109794,
      0.013408210215796901,
      0.0,
      0.008868213725270437,
      0.00464314773759657,
      0.0,
      0.0,
      0.013150589718150387,
      0.007951098734149743,
      0.0,
      0.0,
      0.0015276985623447388,
      0.0028467796658623494,
      0.009069106208476835,
      0.0,
      0.0016404816263724436,
      0.0,
      0.0,
      0.005539880349553225,
      0.0060201382611174605,
      0.0,
      0.001547757866327851,
      0.0007464801094548884,
      0.0,
      0.01929643520408334,
      0.0,
      0.0018425880517711503,
      0.0,
      0.0,
      0.00017823961773640338,
      0.008010457752013669,
      0.012274754555847646,
      0.0,
      0.0,
      0.010411267520426998,
      0.0,
      0.0,
      0.009683980548950942,
      0.012458790430204432,
      0.0089859331915196,
      0.0,
      0.0,
      0.004889692447870507,
      0.0,
      0.012285323995340014,
      0.0,
      0.0,
      0.001000221691662456,
      0.0
    ],
    "low_data": false
  },
  "250000": {
    "median": 0.0004489059003163645,
    "p90": 0.010786731431726433,
    "p10": 0.0,