{
  "100000": {
    "median": 0.0010624588117226239,
    "p90": 0.01206127176916001,
    "p10": 0.0,
    "sample": [
      0.00019454178513442948,
      0.00012340457281615692,
      0.0,
      0.0,
      0.0019238270917768469,
      0.00228300194530141,
      0.005741449287106007,
      0.009805427988523822,
      0.011244778344854066,
      0.0,
      0.0,
      0.0,
      0.005588180888354682,
      0.0,
      0.0035988412257939167,
      0.0,
      0.0,
      0.008052770765570223,
      0.007889990576044077,
      0.0,
      0.002920701483972183,
      0.002900951211919842,
      0.008791699687311716,
      0.009784412174017846,
      0.0,
      0.0,
      0.0,
      0.0,
      0.006439974646741871,
      0.0,
      0.0,
      0.001066917262544277,
      0.0009179905874519727,
      0.011459768996616567,
      0.00032568315025918975,
      0.0,
      0.0054844934034706735,
      0.006293315341281169,
      0.009952997303581684,
      0.0,
      0.0,
      0.0,
      0.0,
      0.018263258491464793,
      0.00611521310162856,
      0.0,
      0.013302133161290908,
      0.0,
      0.016821819755070213,
      0.008594073300361672,
      0.014965493879881296,
      0.0,
      0.003960319845033575,
      0.005423179562173453,
      0.0,
      0.0,
      0.0,
      0.0,
      0.0,
      0.014858989932451752,
      0.005439960649927363,
      0.0,
      0.01750855931200173,
      0.0,
      0.0,
      0.0024471422789698765,
      0.014435399867603593,
      0.016219457576366923,
      0.013288377156364726,
      0.0,
      0.001468003174506249,
      0.0,
      0.003211593246768894,
      0.010714216575728637,
      0.01275092664983163,
      0.006026771197596804,
      0.0,
      0.019259662825737836,
      0.0,
      0.0,
      0.0,
      0.0,
      0.0,
      0.0,
      0.0014277130518995811,
      0.012037600771150818,
      0.004513245621890008,
      0.0002055621269922447,
      0.0,
      0.0035525669884923085,
      0.0010907597394345834,
      0.0,
      0.00807768726752871,
      0.010004080486977937,
      0.0,
      0.004779367281776629,
      0.0,
      0.0,
      0.0148229367286854,
      0.011663237870326842,
      0.0,
      0.0,
      0.0,
      0.0,
      0.0008873933329224065,
      0.0017778353166857282,
      0.0,
      0.008663409105405993,
      0.0017345291056400235,
      0.0,
      0.0034950481118567194,
      0.0,
      0.003459372247028445,
      0.0,
      0.012274310751242757,
      0.006256935068772135,
      0.008496098452502961,
      0.00041736144153770624,
      7.595858189250839e-05,
      0.006446008846884427,
      0.0,
      0.0028058836586004245,
      0.007411442297717981,
      0.0,
      0.0011410962916806782,
      0.00022442934252114464,
      0.0,
      0.004364967616596738,
      0.0003031495303987238,
      0.005846860785614896,
      0.00969615350062572,
      0.0010580003609009707,
      0.0,
      0.0,
      0.0008969381482838587,
      0.0,
      0.004628886369946442,
      0.0,
      0.0,
      0.000791804040287469,
      0.0,
      0.006510167856178862,
      0.0,
      0.0,
      0.01547478568701927,
      0.0005255876635391348,
      0.003861363433201936,
      0.0,
      0.006678187171627069,
      0.0039006782612032455,
      0.0030509753772151125,
      0.0,
      0.0023819690449860213,
      0.0006858605625476891,
      0.0,
      0.01706038846365214,
      0.0,
      0.0,
      0.007833553639995341,
      0.0,
      0.00997869124366344,
      0.003648062664813462,
      0.0,
      0.006387397138209362,
      0.012333325249975146,
      0.001639106426642078,
      0.007157941835433122,
      0.0,
      0.006008849800083694,
      0.015797441535500407,
      0.0005004898089561024,
      0.003979301057385675,
      0.0031585670829617166,
      0.0,
      0.0,
      0.010917983925802654,
      0.011248222047276973,
      0.004662719624621847,
      0.0,
      0.010292100412288369,
      0.0,
      0.010172845750168356,
      0.015547393794432221,
      0.0,
      0.0,
      0.007294568558038865,
      0.010914681963499142,
      0.0,
      0.0,
      0.0,
      0.0162088580485963,
      0.0016178208148623563,
      0.0,
      0.006581953683446024,
      0.017016596565703916,
      0.006291562157357048,
      0.0,
      0.004887235447496465,
      0.0,
      0.00970070589250036
    ],
    "low_data": false
  },
  "250000": {
    "median": 0.001175585420285764,
    "p90": 0.012241577940482489,
    "p10": 0.0,