{
  "100000": {
    "median": 0.0,
    "p90": 0.011625303757148925,
    "p10": 0.0,
    "sample": [
      0.00016613558771711847,
      9.465414062983112e-05,
      0.0013737902980717996,
      0.0,
      0.00530697031201051,
      0.0,
      0.0,
      0.011596594424594228,
      0.004244096917601704,
      0.00970822937819843,
      0.005556809963693006,
      0.0,
      0.0009861653827591237,
      0.0020718213972433248,
      0.01889829931495469,
      0.0,
      0.00813514820596469,
      0.0027269898566733212,
      0.013656333281581104,
      0.004792483018160616,
      0.009965066673064184,
      0.008238324892837398,
      0.00969469658814605,
      0.0,
      0.014989435414633642,
      0.001783935760231437,
      0.0,
      0.0,
      0.0,
      0.0,
      0.0,
      0.0,
      0.0034170143590773164,
      0.0,
      0.0,
      0.0,
      0.0,
      0.0,
      0.0,
      0.010178915258382841,
      0.0,
      0.0,
      0.0,
      0.0,
      0.0,
      0.008417629257958175,
      0.003815494252550741,
      0.0,
      0.006232603190640404,
      0.005415017690405681,
      0.0030930298109740602,
      0.006670523119616162,
      0.005514134438277023,
      0.0,
      0.0,
      0.01087603292188094,
      0.0,
      0.0005487999262853365,
      0.0029180450096601886,
      0.0,
      0.0,
      0.010091317461899481,
      0.0,
      0.0,
      0.0,
      0.0,
      0.0,
      0.007192331864493775,
      0.0008244108409032865,
      0.0,
      0.013257521164642204,
      0.02595899525279509,
      0.005045277732267564,
      0.011603310059905165,
      0.0,
      0.0,
      0.004842765689783248,
      0.003766292271385973,
      0.003944340620719931,
      0.0,
      0.001958358298280921,
      0.011823247032342776,
      0.0,
      0.0,
      0.0,
      0.0014573995745476428,
      0.0,
      0.0,
      0.00046499383096190174,
      0.0,
      0.0,
      0.0,
      0.01365628817524861,
      0.025917604515589193,
      0.0,
      0.010053622908069616,
      0.0,
      0.0,
      0.0,
      0.01145351703262567,
      0.006431254382039228,
      0.0,
      0.01702701739508385,
      0.004131847778853746,
      0.0,
      0.0,
      0.019642465892207115,
      0.0022984324779971124,
      0.01040459161006709,
      0.006781894934338684,
      0.00941292763657396,
      0.0,
      0.0,
      0.00390743216903433,
      0.0,
      0.0,
      0.0,
      0.021345050657320914,
      0.0,
      0.020879337491442804,
      0.01424610513039379,
      0.0,
      0.008414668306873532,
      0.000824031512346078,
      0.007708638138259774,
      0.0028510200852607526,
      0.0,
      0.0,
      0.0058222934487807436,
      0.0,
      0.0,
      0.0009334723676834526,
      0.01805981383069006,
      0.016000722180107566,
      0.0,
      0.0036329993823781396,
      0.0,
      0.0,
      0.003375633721423049,
      0.0,
      0.0057709353623881235,
      0.0008479553652717388,
      0.0,
      0.0,
      0.0,
      0.0003357980559665279,
      0.0011419476964110759,
      0.0,
      0.0,
      0.004674461976693937,
      0.0,
      0.0,
      0.0,
      0.008901467017473097,
      0.0,
      0.000496059419642755,
      0.0,
      0.0,
      0.0,
      0.0,
      0.013169350441740125,
      0.0,
      0.0,
      0.015366948018788538,
      0.005309391237168836,
      0.004322190368899293,
      0.017214204586600685,
      0.0,
      0.00919359693818204,
      0.0033348937487005154,
      0.0,
      0.0,
      0.0,
      0.0008371738590800407,
      0.0013768917594489294,
      0.0,
      0.0045335387168320244,
      0.0,
      0.0016009308996223284,
      0.012790788150092113,
      0.010238055207026673,
      0.010965850782232722,
      0.0,
      0.007695101250706567,
      0.0,
      0.0,
      0.0,
      0.001428035271256053,
      0.0,
      0.003439634430288533,
      0.0,
      0.0,
      0.0,
      0.0,
      0.0,
      0.0010978013303707915,
      0.014766535747794678,
      0.0,
      0.004664337059445604,
      0.0
    ],
    "low_data": false
  },
  "250000": {
    "median": 0.0,
    "p90": 0.011829230021627177,
    "p10": 0.0,