{
  "100000": {
    "median": 0.00011119725717886737,
    "p90": 0.009161392605445141,
    "p10": 0.0,
    "sample": [
      0.0001028011468009634,
      0.00011959336755677135,
      0.009147480852058099,
      0.0,
      0.007033412239163105,
      0.0,
      0.0,
      0.000851430527228954,
      0.0007698327180410277,
      0.0,
      0.0,
      0.006714069077230428,
      0.0,
      0.0,
      0.0016208680019829242,
      0.005362242582585757,
      0.0017706032023328169,
      0.007286164921163207,
      0.012476361923687061,
      0.0,
      0.0,
      0.009935528971145371,
      0.0,
      0.0,
      0.0,
      0.0019454792444964727,
      0.0,
      0.0,
      0.0017957010277513494,
      0.009437027623096351,
      0.0011288333044304109,
      0.0,
      0.0,
      0.003089789475982984,
      0.0,
      0.005836484267332024,
      0.0,
      0.005632417611457908,
      0.0,
      0.006086110203154031,
      0.0014666850169463017,
      0.010971775580461387,
      0.002863156612678314,
      0.0,
      0.0,
      0.0034061095447896583,
      0.00804087965347442,
      0.00953802792290994,
      0.0,
      0.010358319249884134,
      0.0,
      0.0,
      0.005160103997575666,
      0.0,
      0.000707782394574546,
      0.0024698932188970055,
      0.0074494168664383485,
      0.0,
      0.0,
      0.005035339709768683,
      0.0,
      0.010722877201698972,
      0.0037826632263224086,
      0.0,
      0.0,
      0.00045638282561519293,
      0.007494509258100987,
      0.0,
      0.0,
      0.01058271211838794,
      0.0,
      0.0023187265683482436,
      0.0,
      0.0004196164075344683,
      0.0,
      0.00928659838592852,
      0.005986835804771213,
      0.004250355141299206,
      0.0,
      0.0020364130088596404,
      0.0,
      0.00164124765122862,
      0.004530354121388071,
      0.0,
      0.0,
      0.002472622853217972,
      0.0042871618837515175,
      0.0,
      0.0018512095906213191,
      0.0,
      0.0,
      0.0018878096997313554,
      0.0,
      0.0035300764059056832,
      0.0,
      0.019311173954654624,
      0.004679206845615383,
      0.008377319177519304,
      0.0,
      0.0,
      0.0,
      0.0,
      0.0,
      0.0,
      0.0,
      0.023096344941373786,
      0.0017446605912195075,
      0.0,
      0.0,
      0.02221857147145569,
      0.0,
      0.014007432057021136,
      0.0,
      0.00786719674526648,
      0.0,
      0.0,
      0.0,
      0.0,
      0.0,
      0.0,
      0.001417660249779859,
      0.0,
      0.003667823294949172,
      0.0,
      0.0,
      0.008278543928718515,
      0.008614390087337456,
      0.00400469461741415,
      0.0,
      0.005522277640756553,
      0.0,
      0.0,
      0.008121799736276289,
      0.006994522411141648,
      0.0,
      0.0,
      0.023995746409811416,
      0.0005209673091043099,
      0.0,
      0.0,
      0.0088576308132722,
      0.0,
      0.011477563929493326,
      0.008045180750151452,
      0.0010644657592720893,
      0.01164948416461375,
      0.0037188344190178402,
      0.0014015592926654627,
      0.0054530119507009405,
      0.00017216890127324996,
      0.0,
      0.006630689731044195,
      0.0,
      0.0027970403248033875,
      0.0008632054141197155,
      0.005301764840052101,
      0.0,
      0.0005167646924978815,
      0.0,
      0.004134112863785106,
      0.005262115034296558,
      0.0,
      0.0,
      0.0011517538984480709,
      0.004028467755219996,
      0.0,
      0.0,
      0.0,
      0.0,
      0.0,
      0.0,
      0.0,
      0.006773847512603015,
      0.0,
      0.007263130697210339,
      0.000133642645208977,
      0.011304046763047342,
      0.016665648184088413,
      0.01459426243552412,
      0.0018106298930585542,
      0.007041306337061966,
      0.012148212312459805,
      0.0,
      0.0,
      0.00912466852356178,
      0.007265322454315901,
      0.004558281176624323,
      0.0,
      0.0,
      0.0015579160543838272,
      0.0,
      0.0,
      0.0,
      0.0,
      0.0,
      0.0,
      0.0,
      0.0,
      0.0027624974707010624,
      0.0
    ],
    "low_data": false
  },
  "250000": {
    "median": 0.00024039769951842766,
    "p90": 0.009348528410931646,
    "p10": 0.0,