{
  "100000": {
    "median": 0.0,
    "p90": 0.012921198803037364,
    "p10": 0.0,
    "sample": [
      8.340789315934107e-05,
      0.00015275384544448733,
      0.0,
      0.009824349386831062,
      0.013626276551208408,
      0.0,
      0.0011435339715072461,
      0.013070350492868898,
      0.01963266433583396,
      0.010614235065971932,
      0.012234817159878125,
      0.0,
      0.0,
      0.020635862806392125,
      0.01594545927528811,
      0.0,
      0.0,
      0.0,
      0.006722485756362493,
      0.007642363320053717,
      0.0,
      0.0,
      0.002732647401736553,
      0.0,
      0.007105701485782016,
      0.005619000047423445,
      0.01366661558487108,
      0.0,
      0.0,
      0.014771198541266909,
      0.0,
      0.0,
      0.0,
      0.0108887058002746,
      0.0,
      0.0,
      0.0,
      0.0,
      0.0,
      0.001951693088742081,
      0.005360987127539524,
      0.0,
      0.0005579547288233184,
      0.02134850556492081,
      0.010742665232538754,
      0.004813395753798266,
      0.017873156332570465,
      0.0028437098567607347,
      0.0,
      0.0,
      0.0,
      0.0030589411787083653,
      0.01205259556702542,
      0.0,
      0.0,
      0.005681457020879453,
      0.010091482526938885,
      0.0,
      0.007683594183999016,
      0.010542703830150898,
      0.0,
      0.019016903215680808,
      0.0,
      0.013415502179405323,
      0.0,
      0.0,
      0.010580672672456961,
      0.0,
      0.0,
      2.4250263771628664e-05,
      0.0,
      0.006041023910167295,
      0.005867905786819319,
      0.0,
      0.0003931727714365555,
      0.0,
      0.0068698833382036355,
      0.0,
      0.0,
      0.0,
      0.0021203198448039224,
      0.0,
      0.0055749828367058,
      0.0,
      0.0015907749988198776,
      0.0058673243824896165,
      0.01037673299171434,
      0.0009563138385533296,
      0.0,
      0.001119886622685324,
      0.00278682855041721,
      0.0,
      0.002476483176759322,
      0.0,
      0.0022316987498381975,
      0.013448355222950795,
      0.0,
      0.0008471490085200214,
      0.0,
      0.0,
      0.014309224854634747,
      0.007742029173034174,
      0.003331999904079876,
      0.0,
      0.0013569140917248413,
      0.0027692897560336774,
      0.0,
      0.02485030900445613,
      0.0030814026878770015,
      0.0,
      0.0,
      0.008227823429021935,
      0.0,
      0.012904626393056083,
      0.0,
      0.0,
      0.0,
      0.027162684364701664,
      0.0,
      0.0,
      0.0,
      0.0,
      0.01246976776909878,
      0.0,
      0.01730703931396392,
      0.0,
      0.0,
      0.0,
      0.0,
      0.0,
      0.0,
      0.00011303901347417493,
      0.008052779643970177,
      0.004900179126229623,
      0.0023095150404834996,
      0.0,
      0.017520624991816,
      0.0016871779364259936,
      0.0007134938112269358,
      0.005413013114714841,
      0.0,
      0.0,
      0.0,
      0.007819874002334977,
      0.0,
      0.005863413837875108,
      0.0,
      0.0,
      0.0042798461837072425,
      0.0,
      0.0,
      0.0,
      0.0034582250525593675,
      0.007900742422218946,
      0.015316246578351697,
      0.009794178372020065,
      0.0,
      0.004744399308739607,
      0.01258729506121014,
      0.009280963169031011,
      0.0,
      0.0,
      0.010579871112434575,
      0.003981510470577836,
      0.004355343859553097,
      0.0,
      0.0,
      0.0,
      0.01328722484252509,
      0.0,
      0.00878662716369509,
      0.0006322816019152036,
      0.0,
      0.0,
      0.0,
      0.0,
      0.0,
      0.0,
      0.00986810348505707,
      0.007618713079516165,
      0.0,
      0.0,
      0.001876852757661515,
      0.0,
      0.0,
      0.0,
      0.0072470275151155245,
      0.0,
      0.0051927200938297864,
      0.0,
      0.0,
      0.0,
      0.0,
      0.0022102608035645573,
      0.003134767305681085,
      0.0,
      0.020878633550943194,
      0.0,
      0.0,
      0.0
    ],
    "low_data": false
  },
  "250000": {
    "median": 0.0,
    "p90": 0.01308428759949407,
    "p10": 0.0,
    "sample": [
      0.00019026248252737717,
      0.00034844814739954337,
      0.0,
      0.009993428905768029,
      0.013809468255181208,
      0.0,
      0.0013451898032774121,
      0.013270131598994254,
      0.019766952487314454,
      0.010884368987391492,
      0.012347781555887961,
      0.0,
      0.0,
      0.02080965098851478,
      0.016163922424953688,
      0.0,
      0.0,
      0.0,
      0.006856819409333048,
      0.007776101259093216,
      0.0,
      0.0,
      0.0029516883477586427,
      0.0,
      0.007229280681406362,
      0.005833314389853612,
      0.013855296189019784,
      0.0,
      0.0,
      0.0149759869225765,
      0.0,
      0.0,
      0.0,
      0.011140758207699619,
      0.0,
      0.0,
      0.0,
      0.0,
      0.0,
      0.0020654555448003592,
      0.005478765609069458,
      0.0,
      0.0007212556675379,
      0.021502979454160184,
      0.010894243336240046,
      0.005049312285278783,
      0.017992171571480198,
      0.003032208310616893,
      0.0,
      0.0,
      0.0,
      0.003196183570862917,
      0.01229043333113812,
      0.0,
      0.0,
      0.005846605158144245,
      0.010218664868989076,
      0.0,
      0.007818926975604502,
      0.010703094786854868,
      0.0,
      0.01914395745534941,
      0.0,
      0.013559613398562041,
      0.0,
      0.0,
      0.010774221415582977,
      0.0,
      0.0,
      0.00019227626171555912,
      0.0,
      0.006186571654062679,
      0.006108849485209751,
      0.0,
      0.0005908390053076427,
      0.0,
      0.007061297427979142,
      0.0,
      0.0,
      0.0,
      0.0022447205828935684,
      0.0,
      0.005735071676568141,
      0.0,
      0.0017988116514786278,
      0.005991659941433505,
      0.01050655850779785,
      0.0010852753165421036,
      0.0,
      0.0012602588560813295,
      0.0029244437318148584,
      0.0,
      0.0025886639552406845,
      0.0,
      0.002445675538642134,
      0.013683162751472945,
      0.0,
      0.0009556402126496638,
      0.0,
      0.0,
      0.014414531989246174,
      0.007868956005494735,
      0.003442975237761323,
      0.0,
      0.0015278131043543583,
      0.002925962954903145,
      0.0,
      0.024972230346002478,
      0.0032904268817556333,
      0.0,
      0.0,
      0.008435736287255816,
      0.0,
      0.013063638266216274,
      0.0,
      0.0,
      0.0,
      0.027305546695852178,
      0.0,
      0.0,
      0.0,
      0.0,
      0.012677224870980932,
      0.0,
      0.017415450808803377,
      0.0,
      6.527666068101317e-05,
      0.0,
      0.0,
      0.0,
      0.0,
      0.0002011989841999777,
      0.008142566559630068,
      0.00502106496695752,
      0.0023967794675815363,
      0.0,
      0.017618372255329702,
      0.0017742184522635286,
      0.0008663947919878308,
      0.005528981133988603,
      0.0,
      0.0,
      0.0,
      0.007917562199514727,
      0.0,
      0.005964385860551711,
      0.0,
      0.0,
      0.004370049605656494,
      0.0,
      0.0,
      0.0,
      0.0035398358813103848,
      0.008050474866059771,
      0.015429089115216581,
      0.009948845196973283,
      0.0,
      0.004850140192259844,
      0.01279521526874216,
      0.009374905200566733,
      0.0,
      0.0,
      0.010705811562224417,
      0.004079447355328317,
      0.004436226590306917,
      0.0,
      0.0,
      0.0,
      0.013400159659298335,
      0.0,
      0.008988277664821707,
      0.00073712929356402,
      0.0,
      0.0,
      0.0,
      0.0,
      0.0,
      0.0,
      0.010087874235571101,
      0.007734763190251478,
      0.0,
      0.0,
      0.0019936305007896217,
      0.0,
      0.0,
      0.0,
      0.007344600249296902,
      0.0,
      0.005281112469546274,
      0.0001155212330241946,
      0.0,
      0.0,
      0.0,
      0.0023501688075658342,
      0.003229913084299796,
      0.0,
      0.02098362098401514,
      0.0,
      0.0,
      0.0
    ],