{
  "100000": {
    "median": 0.0,
    "p90": 0.011997943632947256,
    "p10": 0.0,
    "sample": [
      0.00014344202268857937,
      0.0002109004689403363,
      0.0006281764234520821,
      0.0008963094055944872,
      0.0,
      0.0020020941852034067,
      0.0,
      0.0,
      0.0,
      0.0,
      0.008827455545774,
      0.0,
      0.0,
      0.0,
      0.010321780331782522,
      0.0,
      0.0,
      0.0013026197315920136,
      0.0,
      0.0,
      0.0,
      0.010858726150087702,
      0.0,
      0.00446829138358959,
      0.008468707702118161,
      0.00890315035528483,
      0.0,
      0.0,
      0.007122170898514594,
      0.013294479557088727,
      0.0,
      0.0,
      0.0,
      0.0,
      0.0,
      0.003051942427655897,
      0.007392159178073574,
      0.0,
      0.0,
      0.0,
      0.01114716303075687,
      0.0,
      0.019669573710109387,
      0.0,
      0.0,
      0.003656147233080595,
      0.0,
      0.0,
      0.0,
      0.0,
      0.013653804277287029,
      0.0177132747008702,
      0.0,
      0.0,
      0.009669764176304975,
      0.0,
      0.0,
      0.007642565360945502,
      0.0,
      0.0070298272218835035,
      0.003370676918001156,
      0.0,
      0.002659078613213978,
      0.010204630696815233,
      0.005317951731382368,
      0.014106882652476211,
      0.006577645925270059,
      0.006343238324837196,
      0.014567012673214828,
      0.0,
      0.012419386740326117,
      0.00830061881066533,
      0.004306162952001038,
      0.0,
      0.0028105139701988676,
      0.0,
      0.002669220773889462,
      0.004156368478008442,
      0.003812126266523539,
      0.018510606897442633,
      0.0,
      0.0,
      0.0,
      0.003924390577619233,
      0.0018697864478968407,
      0.0,
      0.010481773496155769,
      0.0,
      0.0018276708674873395,
      0.005055501784138594,
      0.0,
      0.00962805276258033,
      0.0006085259318871334,
      0.0,
      0.00023293553480111548,
      0.015262141707049497,
      0.0,
      0.0,
      0.0,
      0.0,
      0.0023555450174395534,
      0.0023196947759123385,
      0.002711354913830962,
      0.00609972488992448,
      0.0,
      0.0,
      0.0,
      0.002231573916623519,
      0.020459240312528354,
      0.029225031951709845,
      0.0,
      0.0,
      0.01043099161578369,
      0.0,
      0.0,
      0.0,
      0.0,
      0.0,
      0.0,
      0.0,
      0.010584538156471934,
      0.0,
      0.0,
      0.0,
      0.012024671182819233,
      0.0,
      0.0,
      0.007585514740060004,
      0.0,
      0.0020327157575266946,
      0.0074068270306546615,
      0.0,
      0.0,
      0.005570001298791007,
      0.0,
      0.0,
      0.01326943200609523,
      0.0,
      0.004487916124844705,
      0.012638001519517578,
      0.0,
      0.0,
      0.003545567124935837,
      0.0,
      0.00662026404454154,
      0.016656858977185635,
      0.0,
      0.011994973905183703,
      0.0,
      0.0,
      0.0,
      0.010420452387826445,
      0.008121985838981646,
      0.007834537286048519,
      0.0,
      0.0,
      0.007597100711436716,
      0.007196483718655384,
      0.0,
      0.000167374777350625,
      0.0,
      0.0,
      0.005420561513871949,
      0.0,
      0.009481220280007146,
      0.0,
      0.0,
      0.0,
      0.0214774707535471,
      0.0,
      0.005226843974403491,
      0.0,
      0.005288931016185955,
      0.01706727241500942,
      0.007711350963403111,
      0.0,
      0.00014675860910794952,
      0.0,
      0.0,
      0.0031392196230885894,
      0.0,
      0.0,
      0.007762312103592942,
      0.0012366362885151522,
      0.0,
      0.0,
      0.003422108954331258,
      0.0025755491535531237,
      0.01720871627383586,
      0.017534261009286546,
      0.0,
      0.003383632775647886,
      0.00677834577216841,
      0.0,
      0.0,
      0.006808741057392832,
      0.020305367585365174,
      0.005395196166136767,
      0.0,
      0.004027019144439848
    ],
    "low_data": false
  },
  "250000": {
    "median": 0.0,
    "p90": 0.012250198459487528,
    "p10": 0.0,
    "sample": [
      0.0003272068661815973,
      0.00048108692435282446,
      0.0008014549119831178,
      0.0010751628731658362,
      0.0,
      0.0022095479100547894,
      0.0,
      0.0,
      0.0,
      0.0,
      0.008988043943171962,
      0.0,
      0.0,
      0.0,
      0.010442512402002656,
      0.0,
      0.0,
      0.0015181813047402026,
      0.0,
      0.0,
      0.0,
      0.011039215201582622,
      0.0,
      0.004565196789887009,
      0.008601252007717471,
      0.009052280941411793,
      0.0,
      0.0,
      0.007252165052948705,
      0.013400319553443047,
      0.0,
      0.0,
      0.0,
      0.0,
      0.0,
      0.0032171436611325922,
      0.007606332045498159,
      0.0,
      0.0,
      0.0,
      0.01140834684700338,
      0.0,
      0.019798498208844346,
      0.0,
      0.0,
      0.003881008454776244,
      0.0,
      0.0,
      0.0,
      0.0,
      0.013787531202105904,
      0.017832071929053464,
      0.0,
      0.0,
      0.009831679053359662,
      0.0,
      0.0,
      0.007799168932655516,
      0.0,
      0.007168536212969199,
      0.00354233090518558,
      0.0,
      0.0027752256118729617,
      0.010317557434873725,
      0.005511862479044572,
      0.014319345721652312,
      0.006708748179109142,
      0.006513969526973546,
      0.014765709217100915,
      0.0,
      0.01263938340729062,
      0.00857266469473282,
      0.004439435629981522,
      0.0,
      0.0030355358614033777,
      0.0,
      0.0027806058961563494,
      0.0042742625403537115,
      0.0039588040400528116,
      0.018737592825045342,
      0.0,
      0.0,
      0.0,
      0.004149907496035249,
      0.0021620300383948365,
      0.0,
      0.010625338468436638,
      0.0,
      0.0021072201358730107,
      0.005205795190761151,
      0.0,
      0.009877086355280087,
      0.0008430173767790174,
      0.0,
      0.00038048011405446026,
      0.015460545783038824,
      0.0,
      0.0,
      0.0,
      0.0,
      0.0024782881268092206,
      0.0025353673729707,
      0.0029017202227391947,
      0.006226486098767726,
      0.0,
      0.0,
      0.0,
      0.002366405978316796,
      0.0205736525021384,
      0.029364643226707038,
      0.0,
      0.0,
      0.01054845661154732,
      0.0,
      0.0,
      0.0,
      0.0,
      0.0,
      0.0,
      0.0,
      0.010742138161362838,
      0.0,
      0.0,
      0.0,
      0.012335175504352485,
      0.0,
      0.0,
      0.007711430689898308,
      0.0,
      0.002193261552833143,
      0.007531575832609254,
      0.0,
      0.0,
      0.005769012557647576,
      0.0,
      0.0,
      0.01340119242003224,
      0.0,
      0.00463535035617028,
      0.012960566875938644,
      0.0,
      0.0,
      0.0037804895846147517,
      0.0,
      0.006872830464189659,
      0.01685097615833496,
      0.0,
      0.012240756565613645,
      0.0,
      0.0,
      0.0,
      0.010623032063220792,
      0.008256501430004894,
      0.007995510690963234,
      0.0,
      0.0,
      0.0077497412058135364,
      0.007340901096477524,
      0.0,
      0.0003104887271233819,
      0.0,
      0.0,
      0.00555943954196338,
      0.0,
      0.009604471671142444,
      0.0,
      0.0,
      0.0,
      0.021613213658668702,
      0.0,
      0.0054572161708512056,
      0.0,
      0.005565922107745175,
      0.01725942641359099,
      0.007912256241721772,
      0.0,
      0.00027906134321662655,
      0.0,
      0.0,
      0.0032739528789634616,
      0.0,
      0.0,
      0.007899445356838062,
      0.0015641657388540727,
      0.0,
      0.0,
      0.003578577345331076,
      0.0027719424081026085,
      0.01733613119995507,
      0.017755812924644402,
      0.0,
      0.003696698240754574,
      0.007037820705611656,
      0.0,
      0.0,
      0.006955222451925984,
      0.020495303021229774,
      0.005535325923228525,
      0.0,
      0.0041880215807002805
    ],
    "low_data": false
  },