{
  "100000": {
    "median": 0.00027142788730117175,
    "p90": 0.010020762041970029,
    "p10": 0.0,
    "sample": [
      8.478358964753271e-05,
      9.819262454449564e-05,
      0.0007770163575149655,
      0.0,
      0.0025871901202349184,
      0.0002634383025151765,
      0.006338039959429967,
      0.0011792086223141164,
      0.010235020070456789,
      0.0,
      0.004422424411254121,
      0.0,
      0.0,
      0.0,
      0.0,
      0.0048332137125205645,
      0.0,
      0.011880849980939412,
      0.005695702956861442,
      0.00401199426719632,
      0.00044945500051780474,
      0.0,
      0.000259562011665289,
      0.01449236842794278,
      0.0,
      0.005342940190776467,
      0.030383421957565056,
      0.0,
      0.0,
      0.0,
      0.0033041472792470668,
      0.006295835364717352,
      0.0,
      0.00013065050618834938,
      0.0,
      0.0,
      0.00197187406875172,
      0.0,
      0.005165536550701136,
      0.00470894136746087,
      0.0,
      0.0006192500476303821,
      0.0,
      0.009124560757225838,
      1.9144959895995065e-05,
      0.0,
      0.0,
      0.006444313809804513,
      0.013368314961349178,
      0.0017843310501048809,
      0.0,
      0.0,
      0.0,
      0.0,
      0.0,
      0.0062660756982727455,
      0.0,
      0.004859500878847974,
      0.0,
      0.005238146987244288,
      0.0,
      0.0,
      0.0025289029338857317,
      0.0042959322481624035,
      0.0,
      0.004075495196467609,
      0.0,
      0.0,
      0.0,
      0.0,
      0.0,
      0.0,
      0.0021455941581135845,
      0.0,
      0.0,
      0.0020834608763016047,
      0.0012146497083752692,
      0.0,
      0.005522969967232867,
      0.0,
      0.0,
      0.005721858595024263,
      0.002992765157602808,
      0.0014731664273773194,
      0.006587315745134822,
      0.0,
      0.006942808361208321,
      0.005430550392555549,
      0.0,
      0.011119583859726528,
      0.0,
      0.0,
      0.0045927074552105825,
      0.0,
      0.0013671607871664111,
      0.0009388594618632965,
      0.006050151592669712,
      0.0,
      0.005511663998418605,
      0.0001318722261778373,
      0.0,
      0.001997640939021883,
      0.018971183743655144,
      0.0,
      0.0,
      0.0,
      0.0076731942156602305,
      0.013633030423929098,
      0.0,
      0.0008635609283696483,
      0.013617704645182084,
      0.0030701151175677463,
      0.0018086261311798279,
      0.0014671692718694843,
      0.008610031436684438,
      0.004910063147073421,
      0.005444810070283469,
      0.0,
      0.0,
      0.011587092205432097,
      0.0,
      0.009783379473520884,
      0.0010634286792425682,
      0.0,
      0.016225347192341883,
      0.03650581917574556,
      0.004693050619610166,
      0.0,
      0.0,
      0.010215806387219977,
      0.0,
      0.0,
      0.000246309157227067,
      0.0,
      0.01936977974639517,
      0.005246459668389632,
      0.013101441613290883,
      0.0,
      0.0,
      0.0,
      0.006469767513129629,
      0.010391940221606185,
      0.0008258600139904158,
      0.0,
      0.0,
      0.0,
      0.0,
      0.0,
      0.005332913433994569,
      0.003825264863849023,
      0.0,
      0.0018783600289508807,
      0.009084020522959662,
      0.0,
      0.0,
      0.0046603135830864,
      0.0,
      0.001515323695458351,
      0.007799460695221498,
      0.014236496882622119,
      0.002722850450173377,
      0.003730750906746655,
      0.0,
      0.006355694253393635,
      0.002714166183674125,
      0.008260727548756085,
      0.0,
      0.0021294612432686717,
      0.010177408431323023,
      0.0182921973799268,
      0.011447191366350702,
      0.0023659430607578407,
      0.0,
      0.0041113194339888375,
      0.0,
      0.004094829829054888,
      0.0,
      0.0,
      0.008290548063032173,
      0.0,
      0.0,
      0.0062755009449590865,
      0.008804347313940045,
      0.0,
      0.0,
      0.010003356887597474,
      0.0034588897871911817,
      0.007888441539715692,
      0.0,
      0.0,
      0.0,
      0.009202836223759189,
      0.0,
      0.0017418731793925229,
      0.0,
      0.000279417472087167,
      0.0,
      0.0,
      0.0,
      0.0
    ],
    "low_data": false
  },
  "250000": {
    "median": 0.0004577615210860026,
    "p90": 0.010115188370841232,
    "p10": 0.0,