{
  "100000": {
    "median": 0.0006440732213365123,
    "p90": 0.011779787091929478,
    "p10": 0.0,
    "sample": [
      0.00015106281780451094,
      9.840200334985481e-05,
      0.0,
      0.0009031467561474928,
      0.0,
      0.0,
      0.010603054093111507,
      0.0,
      0.0,
      0.0,
      0.00017937681255913952,
      0.0008030160468246645,
      0.0,
      0.006576413045418797,
      0.0127063354930727,
      0.006461390564730349,
      0.0,
      0.016010378049737317,
      0.0,
      0.0,
      0.0,
      0.0,
      0.0,
      0.010000745221933973,
      0.0018862669169295015,
      0.0,
      0.0,
      0.011746010762320954,
      0.0,
      0.0,
      0.00014079899166249732,
      0.007856743079183796,
      0.007130572584015657,
      0.0,
      0.0056179780812723405,
      0.003994917418732699,
      0.0020725938990825924,
      0.012194112144458943,
      0.010011382204308321,
      0.0,
      0.008993945682462385,
      0.0,
      8.732375779415711e-05,
      0.0041173524310219424,
      0.0012996058873362192,
      0.023670002793684555,
      0.0,
      0.017549943808484236,
      0.0,
      0.0008999707422682251,
      0.0,
      0.0,
      0.0,
      0.005036538883668205,
      0.005553049332518066,
      0.0,
      0.0,
      0.011008291054363297,
      0.013048635813921393,
      0.0,
      0.0,
      0.019634797886313164,
      0.0,
      0.010196237778857191,
      0.0,
      0.006289522590620191,
      0.0067532320675174045,
      0.007107731955813017,
      0.0006458272217141538,
      0.002970261242069565,
      0.014800621815084836,
      0.012343403977003144,
      0.0015785951846316532,
      0.0,
      0.009136915339568456,
      0.006514170463030128,
      0.0,
      0.0,
      0.02163939288553851,
      0.0,
      0.0009966805037335612,
      0.0034952842277180493,
      0.0,
      0.0,
      0.0,
      0.0,
      0.0,
      0.0015405871501106595,
      0.0024551561590245886,
      0.00369560899293016,
      0.022822945909898668,
      0.0,
      0.0007341426032828965,
      0.0,
      0.0,
      0.0,
      0.003140307106798299,
      0.005722371199692034,
      0.0,
      0.0044542114363296855,
      0.0028122985965855847,
      0.0,
      0.0,
      0.003608343640963479,
      0.0,
      0.002684170166647562,
      0.0,
      0.0,
      0.0,
      0.0,
      0.0,
      0.007559745145475261,
      0.00169944279338458,
      0.008729843505820043,
      0.001699280224185288,
      0.0007692078693523991,
      0.008540285872364939,
      0.018055441030521015,
      0.015030690966780913,
      0.002856599944206237,
      0.0,
      0.0,
      0.0,
      0.000914248495370869,
      0.007973006129969632,
      0.00019588174354394757,
      0.0,
      0.0019146067132601635,
      0.0,
      0.003970414448200589,
      0.0035389120174091062,
      0.0,
      0.002023751378636721,
      0.0034402740796681186,
      0.007946606821439717,
      0.0,
      0.0031405471678771484,
      0.0,
      0.0,
      0.0,
      0.008422926682330332,
      0.0036707356844385215,
      0.0007721246640655843,
      0.0,
      0.004828140665259391,
      0.0,
      0.0,
      0.0,
      0.0,
      0.010604918398645819,
      0.0,
      0.0010840023584225966,
      0.0,
      0.0,
      0.0,
      0.002258534174495161,
      0.0,
      0.005434232199598313,
      0.0035085889801285877,
      0.0026953422750476755,
      0.0,
      0.0,
      0.0,
      0.006312059034717195,
      0.002475320357960234,
      0.0,
      0.0022969632600038153,
      0.0,
      0.00015981082175209704,
      0.006325009266920392,
      0.0,
      0.0,
      0.0,
      0.0,
      0.0068117339823403796,
      0.0008076286158850172,
      0.0,
      0.004249415428993272,
      0.0,
      0.015645799541805203,
      0.005687307530740222,
      0.0,
      0.01904949566975338,
      0.0,
      0.00017854479900367398,
      0.0006423192209588706,
      0.0,
      0.001009443384457927,
      0.0,
      0.004761342036105398,
      0.02444624455786581,
      0.006069359237094376,
      0.0,
      0.007019741672549763,
      0.03327467481080219,
      0.0,
      0.013361091085217252,
      0.025914316490169034,
      0.012083774058406218,
      0.0
    ],
    "low_data": false
  },
  "250000": {
    "median": 0.0007625574651677963,
    "p90": 0.011901350263325528,
    "p10": 0.0,