{
  "100000": {
    "median": 9.066555441083156e-05,
    "p90": 0.01079953331549344,
    "p10": 0.0,
    "sample": [
      0.00014725788482169885,
      9.87247444153769e-05,
      0.004310612094587366,
      0.0,
      0.0010126210384043231,
      0.0,
      0.00782221421524364,
      0.0,
      0.0035362849198259014,
      0.0025597457931484384,
      0.002532822415872589,
      0.0,
      0.0009270810169824589,
      0.0,
      0.0,
      0.0023779623186363187,
      0.0,
      0.002018499834685604,
      0.0,
      0.0,
      0.0,
      0.0035800239351924325,
      0.0,
      0.0010432899786356894,
      0.0,
      0.0,
      0.0,
      0.006685125356960473,
      0.002513339075756891,
      0.0,
      0.0,
      0.0015067221593355628,
      0.008180007830188348,
      0.0,
      0.0,
      0.0,
      0.005104298016858131,
      0.016804408302059922,
      0.0,
      0.0,
      0.007752449042260534,
      0.0,
      0.009048679495975575,
      0.0,
      0.005496553441386363,
      0.0,
      0.009875519874874339,
      0.0,
      0.0,
      0.0,
      0.008735437179388504,
      0.0,
      0.009930398200423338,
      0.010961924355072934,
      0.011350208943569633,
      0.01079905050972182,
      0.01129230920276049,
      0.0,
      0.0,
      0.0,
      0.01155830021549206,
      0.0,
      0.0,
      0.002326822287682636,
      0.0,
      0.01461451820435297,
      0.010867254006297018,
      0.007166344348032608,
      0.0,
      0.0,
      0.007660523582608059,
      0.0,
      0.0016007433970293382,
      0.0,
      0.020799124365879027,
      0.0,
      0.0,
      0.0,
      0.009001136435625456,
      0.0,
      0.0,
      0.0,
      0.004423250430628286,
      0.0,
      0.0014743162822747117,
      0.0,
      0.0,
      0.0,
      0.0,
      0.005430252730768073,
      0.010295494715548982,
      0.0,
      0.0,
      0.0,
      0.014058872674570058,
      0.0,
      0.0029114967095226793,
      0.0,
      0.004360921334270268,
      0.008866776840868352,
      0.0012342241896352198,
      0.016121662126654356,
      0.00670658133664796,
      0.0027455087014879804,
      0.012542470132766124,
      0.0,
      0.012566402602821538,
      0.0,
      0.0032158384955718318,
      0.007814573533764893,
      0.0,
      0.0,
      0.004244997250830642,
      0.004758967195587032,
      0.0,
      0.010487609617705689,
      0.0,
      0.001501703301065739,
      0.00016903495780946586,
      0.002542055911975917,
      0.0,
      0.00063608356977974,
      0.0,
      0.005395690239012645,
      0.0006961095348281439,
      0.02882287692120149,
      0.0,
      0.005679947284672928,
      0.0,
      0.0,
      0.0,
      0.013156758671558664,
      0.0,
      0.006274951118656944,
      0.0,
      0.005053646564588736,
      0.0024049136500652758,
      0.0,
      0.0,
      0.0,
      0.0,
      0.013975996685346858,
      0.006031419670288948,
      0.0042966505512686696,
      0.001872087303085766,
      0.00035210450916165295,
      0.0013464490526283188,
      0.0,
      0.0,
      0.0,
      0.010803878567438028,
      0.0,
      0.0,
      0.010114520310599596,
      0.0,
      0.0,
      0.01019036292298417,
      0.010227998266333567,
      0.0,
      0.0,
      0.0021103070614848824,
      0.0,
      0.012556560385012001,
      0.010376498414108046,
      0.0,
      0.0,
      0.0,
      0.004846556470662789,
      0.0,
      0.0,
      0.0062903407163619985,
      0.012186189992927051,
      0.0016486325796114141,
      0.003716776105546386,
      0.0,
      0.0,
      0.00675385564232577,
      0.008650737469939235,
      0.010239333384817903,
      0.0,
      0.007038326746550534,
      0.0007852386584418639,
      0.0,
      0.0,
      0.0,
      0.0014807881499562462,
      0.006731365028325476,
      0.0,
      0.0,
      0.0005717085012754072,
      0.019758122185071995,
      0.0,
      0.0,
      8.260636440628622e-05,
      0.007109980328708031,
      0.011820308686744503,
      0.0,
      0.0,
      0.009093277668959348,
      0.0048402011802493195
    ],
    "low_data": false
  },
  "250000": {
    "median": 0.0002368071155493324,
    "p90": 0.010924117621591201,
    "p10": 0.0,