{
  "100000": {
    "median": 0.0005274885151679432,
    "p90": 0.010651546411690966,
    "p10": 0.0,
    "sample": [
      0.00012778505138906317,
      8.803217710597699e-05,
      0.0,
      0.0,
      0.021157483986874573,
      0.0036613229613606337,
      0.001600944537752645,
      0.0,
      0.002854808956661722,
      0.001955311063786273,
      0.0,
      0.0010125732081673632,
      0.0014054306997693586,
      0.003002954234198475,
      0.0,
      0.0,
      0.0033850326163378268,
      0.0,
      0.0,
      0.0,
      0.0002318900668923209,
      0.005566674534392619,
      0.0,
      0.00403201880384916,
      0.0108802678048847,
      0.003339150015891839,
      0.0,
      0.0,
      0.0,
      0.0007337621597463017,
      0.002834986468356025,
      0.0015586868032814634,
      0.005033200207678873,
      0.0,
      0.0,
      0.0,
      0.0,
      0.009094247571365635,
      0.0,
      0.005130520400706595,
      0.003341307985008026,
      0.0,
      0.005235452143292795,
      0.0,
      0.009830238378803504,
      0.0,
      0.0,
      0.0,
      0.0,
      0.0020724811412478725,
      0.0038547702843727406,
      0.003205279458571985,
      0.0,
      0.0160651333270453,
      0.004731578562329161,
      0.014697057587906081,
      0.009514491405867806,
      0.02298251709488875,
      0.0,
      0.0035760548844184547,
      0.010108780645608165,
      0.013032190095646561,
      0.0045419799572467695,
      0.0,
      0.004105307172097832,
      0.0,
      0.004386293904693215,
      0.0,
      0.006650183860056253,
      0.007038085064483031,
      0.0,
      0.0,
      0.0,
      0.003327896033531572,
      0.0,
      0.010477424641983804,
      0.0,
      0.0070402678557042195,
      0.0,
      0.0,
      0.0,
      0.0,
      0.008826878612416359,
      0.0,
      0.008249673089085082,
      0.0,
      0.0,
      0.024811827097762137,
      0.013072489225988195,
      0.005557773400617934,
      0.004437076509477667,
      0.0,
      0.00036770410699730896,
      0.0002810555582768813,
      0.0,
      0.0021445965339505378,
      0.008511186981888989,
      0.011236784288516894,
      0.0,
      0.0,
      0.0,
      0.0,
      0.0,
      0.0033300268191725772,
      0.0009740577365288786,
      0.0,
      0.0,
      0.00774522959780906,
      0.0,
      0.0,
      0.010050862778219798,
      0.0,
      0.0034701741828244625,
      0.0,
      0.0058116253022784115,
      0.0103609579505285,
      0.0006872729233385776,
      0.00034056065935876535,
      0.0,
      0.011511535602015083,
      0.0033236232755340946,
      0.004694472170486895,
      0.0,
      0.016480580468179733,
      0.00010262566916516782,
      0.007697413025760625,
      0.019392476619317596,
      0.0,
      0.0,
      0.0046408435454632175,
      0.0,
      0.005958692462727285,
      0.003702257189415346,
      0.0,
      0.0,
      0.0008785030056488099,
      0.00860811891934818,
      0.0,
      0.011779811325824174,
      0.0,
      0.0,
      0.0,
      0.00023491257445712064,
      0.0,
      0.0,
      0.0020713064061297637,
      0.0,
      0.006661919952809426,
      0.0022196415207754658,
      0.004267206666727121,
      0.007881469322684506,
      4.409400422544784e-05,
      0.0,
      0.0021967573718063324,
      0.0066696951057791725,
      0.0,
      0.0,
      0.0,
      0.0014561683774318944,
      0.0,
      0.008978427360065369,
      0.00353646519682644,
      0.003766776890536649,
      0.0,
      0.013584040948391586,
      0.0,
      0.0,
      0.0,
      0.007817270875810087,
      0.02810174348587352,
      0.02694180598134385,
      0.0,
      0.020117089098972266,
      0.0,
      0.0052968679721167216,
      0.0,
      0.013707013274382344,
      0.0,
      0.010120571934762625,
      0.0015410241548551877,
      0.0010003765477225187,
      0.0,
      0.0,
      0.006993642656220783,
      0.0038501026414444212,
      0.0,
      0.0,
      0.0,
      0.0,
      0.0,
      0.005308533790280681,
      0.011798483398273558,
      0.005623189922560877,
      0.0,
      0.01062613292355833,
      0.001453552871786712,
      0.008591602589135201,
      0.0,
      0.0,
      0.013270627485391663
    ],
    "low_data": false
  },
  "250000": {
    "median": 0.0007031605385198801,
    "p90": 0.010771092167041463,
    "p10": 0.0,