{
  "100000": {
    "median": 0.0007715645815976036,
    "p90": 0.012296336156198536,
    "p10": 0.0,
    "sample": [
      0.00014250277760870098,
      0.00010115166778967167,
      0.0,
      0.005320380027323405,
      0.0015549642023964729,
      0.0,
      0.00771084940893045,
      0.003598939513693215,
      0.0,
      0.0021168418999928944,
      0.0010661519358983495,
      0.0,
      0.0,
      0.0,
      0.01609818889671919,
      0.0,
      0.0,
      0.010379833469740725,
      0.0019821585630952587,
      0.001078398662918971,
      0.0073227384346462995,
      0.0,
      0.0,
      0.010650776874343433,
      0.0006303583958371975,
      0.0,
      0.008805081062211065,
      0.005253446512667434,
      0.0,
      0.004700116572554652,
      0.0,
      0.013907763002528516,
      0.013456373819474239,
      0.0,
      0.0,
      0.012132239885832471,
      0.0,
      0.0,
      0.0036783570881818257,
      0.0,
      0.003434857244965193,
      0.016761094752524946,
      0.006625715498630865,
      0.005052774264856765,
      0.0025614545342418043,
      0.0,
      0.018698181791329153,
      0.0,
      0.016869304515124542,
      0.0012953131285864893,
      0.0,
      0.0,
      0.0004901479763416778,
      0.0,
      0.0,
      0.0,
      0.0,
      0.0,
      0.0072077978651191804,
      0.007417392142469893,
      0.0009287939222882145,
      0.0,
      0.0,
      0.0,
      0.0,
      0.0,
      0.011760250365071067,
      0.0,
      0.0,
      0.0,
      0.005473550674605914,
      0.0019695401741647504,
      0.002210231951199221,
      0.011202297859075182,
      0.0,
      0.002375966703095004,
      0.006494817913013343,
      0.0,
      0.0,
      0.0,
      0.002700471507382716,
      0.0036598213558700953,
      0.0,
      0.0037495209992830653,
      0.0,
      0.0,
      0.009913689716972407,
      0.0,
      0.001325682988123085,
      0.0022083717468244354,
      0.0,
      0.003553081435668926,
      0.0,
      0.0,
      0.0,
      0.013501479433815005,
      0.009092050123029716,
      0.0,
      0.005748771671408403,
      0.0,
      0.00705549796649992,
      0.007395530516561564,
      0.0,
      0.0,
      0.0023972174593013544,
      0.0,
      0.0004602912970877089,
      0.0,
      0.004873818478490804,
      0.011554033199270071,
      0.0015884050195836407,
      0.0002000934583278367,
      0.002457457143947132,
      0.003799784863242059,
      0.00545245873708982,
      0.0,
      0.0,
      0.0,
      0.009631559861758579,
      0.0,
      0.00573952718078565,
      0.0,
      0.0042002449333886725,
      0.0,
      0.0,
      0.0,
      0.0,
      0.0,
      0.0029211143377125934,
      0.006823421809817348,
      0.01905926355381746,
      0.0008046807371695355,
      0.0050517956001876925,
      0.007329317513868192,
      0.0,
      0.0,
      0.0,
      0.01290307090202736,
      0.003356246765864708,
      0.009425458541459385,
      0.011258777489388956,
      0.0036191955537014414,
      0.0,
      0.014615489226699474,
      0.0028161096240427214,
      0.006812832958881214,
      0.007111189346861125,
      0.012660124503440486,
      0.006416127742464711,
      0.003628038562054297,
      0.0,
      0.0,
      0.027020411047582578,
      0.000552841392005564,
      0.015474806613068003,
      0.0,
      0.02012132292878192,
      0.0,
      0.0,
      0.0,
      0.0,
      0.0,
      0.0,
      0.0,
      0.028539999089732267,
      0.0012180421729095102,
      0.003615788705993107,
      0.0,
      0.0,
      0.005260351145050396,
      0.0022281252678635413,
      0.005054753716873346,
      0.0,
      0.007101334253143795,
      0.0,
      0.0037714182698034135,
      0.010872596721425794,
      0.0,
      0.009504690838377069,
      0.0037229663456683905,
      0.0,
      0.025525439108929453,
      0.015687373108467795,
      0.012255915228727212,
      0.0,
      0.013879363822418726,
      0.0,
      0.013346051624335794,
      0.0,
      0.015140190715592685,
      0.0,
      0.0007384484260256716,
      0.008027960437486572,
      0.0,
      0.0,
      0.0,
      0.0,
      0.006019337252185701,
      0.0043826648157377045,
      0.0
    ],
    "low_data": false
  },
  "250000": {
    "median": 0.0009368968384813447,
    "p90": 0.012435528870761974,
    "p10": 0.0,