{
  "100000": {
    "median": 0.0,
    "p90": 0.008797389518910601,
    "p10": 0.0,
    "sample": [
      9.600462817916115e-05,
      0.00015399966245440008,
      0.0,
      0.003278576591248878,
      0.0,
      0.005116661834921361,
      0.0,
      0.0010695883174187122,
      0.0,
      0.0011412740171916774,
      0.0,
      0.005186768665369941,
      0.002303768543537458,
      0.0,
      0.0,
      0.0029970893656386887,
      0.0,
      0.0,
      0.0,
      0.0,
      0.015257212180553465,
      0.0,
      0.0058411621047087785,
      0.0,
      0.0,
      0.0,
      0.0,
      0.0,
      0.00424470310054411,
      0.007508704284880837,
      0.0014457751327680319,
      0.004776951209408827,
      0.00387893886029858,
      0.0,
      0.009716176310282208,
      0.0,
      0.008395811386147993,
      0.0005101780196454704,
      0.0,
      0.008100717091084274,
      0.0005146790550658777,
      0.0,
      0.0,
      0.0,
      0.0,
      0.0,
      0.006149341536468441,
      0.016913400122570706,
      0.0,
      0.0025177908952396517,
      0.0,
      0.008191997075454607,
      0.0,
      0.0019319034428681523,
      0.0009247077119985704,
      0.0,
      0.004378244319369076,
      0.013160996712243724,
      0.0,
      0.0,
      0.0029181343891052495,
      0.0,
      0.0,
      0.0,
      0.0,
      0.0,
      0.0,
      0.0,
      0.0009605400867511951,
      0.0005874529297921314,
      0.0,
      0.0,
      0.0,
      0.010502007966421454,
      0.0,
      0.00047801619393201503,
      0.005481106570893132,
      0.006990015714336899,
      0.004985809402771906,
      0.0,
      0.024968205346644626,
      0.0,
      0.0017844706600477628,
      0.01864273868045243,
      0.000679089018066098,
      0.0,
      0.0,
      0.007559667226330016,
      0.0,
      0.0,
      0.0,
      0.0,
      0.0,
      0.003110214861447495,
      0.007909156177756503,
      0.0,
      0.0,
      0.0,
      0.0017259895091218266,
      0.011721773824584105,
      0.0,
      0.0,
      0.0,
      0.0044711014249210704,
      0.0002783240278305295,
      0.0034180865821831254,
      0.0031543628982357475,
      0.0058509679886997665,
      0.0,
      0.0,
      0.004602708851101876,
      0.0,
      0.0,
      0.0,
      0.007490117783835263,
      0.0010955442393055183,
      0.0,
      0.002589533591833834,
      0.007705269627397724,
      0.007683874479369418,
      0.0010233560809953756,
      0.0005155665906421929,
      0.0,
      0.0,
      0.0,
      0.009616664453648976,
      0.0,
      0.0,
      0.0,
      0.0,
      0.0,
      0.001132753711736364,
      0.0,
      0.0029643664885508143,
      0.0,
      0.008007761073402087,
      0.0,
      0.003325861979267819,
      0.0,
      0.006694026139237018,
      0.0,
      0.0,
      0.005255088646127504,
      0.010218473808692181,
      0.0,
      0.0,
      0.0,
      0.012847090781951578,
      0.0,
      0.0,
      0.008757723902013572,
      0.0,
      0.0,
      0.00722107206196391,
      0.0,
      0.0022405205584626452,
      0.0,
      0.020590956057222665,
      0.0018939448331489765,
      0.009620877310938216,
      0.0037404817525197183,
      0.0,
      0.010739659508576886,
      0.0,
      0.014477666404577528,
      0.002321196612900527,
      0.0,
      0.0016045957348286147,
      0.0013517100696014209,
      0.0098759196140517,
      0.0,
      0.00014950831778348423,
      0.009154380070983894,
      0.012205108898660319,
      0.0,
      0.0009942244915600476,
      0.0054192091406862035,
      0.010271551917377036,
      0.004660846220529703,
      0.0030441334548956256,
      0.0,
      0.012774445115915406,
      0.0,
      0.0,
      0.0005472719094513317,
      0.0,
      0.0,
      0.0,
      0.0,
      0.0,
      0.00615401226917941,
      0.0,
      0.00021556295402502977,
      0.003556674591038021,
      0.0,
      0.0015835830620495948,
      0.00292525739379089,
      0.0,
      0.00043280755109400117,
      0.0
    ],
    "low_data": false
  },
  "250000": {
    "median": 6.528807107861759e-05,
    "p90": 0.008972736494013983,
    "p10": 0.0,