{
  "100000": {
    "median": 0.00012466612593831428,
    "p90": 0.010325454059039445,
    "p10": 0.0,
    "sample": [
      0.00010447019239624655,
      9.303196391392368e-05,
      0.0,
      0.0,
      0.006962814373061493,
      0.0,
      0.010959436367139568,
      0.0,
      0.00526865209629514,
      0.0,
      0.025021582806926436,
      0.019635285366996054,
      0.0,
      0.006273264305403413,
      0.0,
      0.0,
      0.0,
      0.0,
      0.0,
      0.0,
      0.0,
      0.0,
      0.0,
      0.009136255245683114,
      0.0007159081219542226,
      0.0010215309128144897,
      0.011067514844513154,
      0.0,
      0.0,
      0.0030639424244264498,
      0.008773003526687287,
      0.017198386011613873,
      0.0,
      0.006653208811365645,
      0.0,
      0.0,
      0.007752907718516069,
      0.011089779890505061,
      0.0,
      0.0,
      0.0,
      0.00917900551553062,
      0.007463584618399853,
      0.0,
      0.0,
      0.009709208934998657,
      0.0,
      0.0,
      0.0,
      0.006304517396898305,
      0.006239016129330869,
      0.009929373937704803,
      0.007326321615606399,
      0.0015084319553913823,
      0.011413730844950488,
      0.014653507008081556,
      0.00941811206178478,
      0.00031475313851541845,
      0.0,
      0.014906825800643564,
      0.002934192154400679,
      0.0,
      0.0,
      0.0,
      0.0,
      0.023227786675920615,
      0.0020407549749855043,
      0.00548153616083278,
      0.002230409886654037,
      0.0,
      0.02504128798610056,
      0.004361309143245509,
      0.0,
      0.000261121675551726,
      0.013646224957958879,
      0.0,
      0.0,
      0.0027118353585576117,
      0.004543254094721131,
      0.0,
      0.0,
      0.004676818383757228,
      0.0,
      0.0,
      0.0,
      0.0,
      0.003972202537895934,
      0.0,
      0.0005097989054739401,
      0.0,
      0.0,
      0.0007351734620472077,
      0.0,
      0.007798408329125161,
      0.0,
      0.0026526882320934355,
      0.005240246145402174,
      0.0016527714713460038,
      0.0,
      0.0,
      0.0,
      0.0,
      0.0,
      0.0,
      0.0018947794335033613,
      0.0,
      0.006932539544009867,
      0.0,
      0.0,
      0.004911195066861412,
      0.0,
      0.0048920016440455565,
      0.0,
      0.0,
      0.0,
      0.003095973256964984,
      0.0,
      0.004024806619427804,
      0.01367165385210019,
      0.00045904482524812394,
      0.007580590302787656,
      0.0,
      0.0,
      0.0,
      0.002426627475573868,
      0.012293016651559945,
      0.0,
      0.006447397531115899,
      0.0,
      0.0,
      0.013700246450881718,
      0.0,
      0.02045326595356879,
      0.009587756676149216,
      0.015240182654713646,
      0.0030047011466604783,
      0.0,
      0.0065259525737029625,
      0.0,
      0.0,
      0.0,
      0.0,
      0.0,
      0.010147033647450057,
      0.0041216218002934684,
      0.0,
      0.000144862059480382,
      0.00455288906724109,
      0.0,
      0.004289291999295475,
      0.0052490437212638985,
      0.0034912092332535618,
      0.002484315542675782,
      0.019511173955962215,
      0.004378638192165078,
      0.0070397298435740385,
      0.0013876577064084455,
      0.0018025746677423717,
      0.005146333289837906,
      0.009555814174112437,
      0.005600666272642566,
      0.0,
      0.0036144408922172038,
      0.0,
      0.014239441166796846,
      0.0036283282815855757,
      0.003881880896994523,
      0.004697682697978076,
      0.004006456939010647,
      0.0,
      0.004586422389464307,
      0.0,
      0.010080854461744256,
      0.0,
      0.0,
      0.009753318637547134,
      0.007443300555295902,
      0.0,
      0.0,
      0.0,
      0.0,
      0.010255011580361658,
      0.0,
      0.00758597584132357,
      0.0,
      0.026883390243210962,
      0.0,
      0.0025460372244517464,
      0.0,
      0.004996005722029436,
      0.0,
      0.009970315139374037,
      0.0,
      0.00789522255781602,
      0.0,
      0.00736979710205519,
      0.0,
      0.0,
      0.0,
      0.0
    ],
    "low_data": false
  },
  "250000": {
    "median": 0.00027089116226266434,
    "p90": 0.010426780890779192,
    "p10": 0.0,