{
  "100000": {
    "median": 0.0,
    "p90": 0.010589589360475294,
    "p10": 0.0,
    "sample": [
      9.273374734038655e-05,
      9.139644943761103e-05,
      0.004190115943389211,
      0.0,
      0.0006510073698939008,
      0.002049447315937341,
      0.0,
      0.0,
      0.0007834870416712185,
      0.0,
      0.0,
      0.001162256223527255,
      0.0,
      0.0,
      0.00297224000898716,
      0.0,
      0.0,
      0.0,
      0.013586303225562946,
      0.014692257791992182,
      0.0043164372368806984,
      0.0,
      0.0,
      0.0033730529905719574,
      0.0,
      0.0,
      0.00897782021604051,
      0.007116559797087256,
      0.015312683476164194,
      0.024129318708910465,
      0.015421302304320273,
      0.0,
      0.0,
      0.0017640100963195729,
      0.00656148082549372,
      0.0,
      0.0026864787790228124,
      0.0,
      0.001240802737807293,
      0.0,
      0.003305308049335162,
      0.005181791374753747,
      0.010116815409733684,
      0.0,
      0.0,
      0.002267520211152639,
      0.0,
      0.0,
      0.0,
      0.01208353211565388,
      0.0,
      0.0,
      0.008054093893126293,
      0.0,
      0.0,
      0.0,
      0.0,
      0.0026134240071560783,
      0.013684303475764511,
      0.0,
      0.00033362294228280246,
      0.0,
      0.0,
      0.0,
      0.0,
      0.008400172870584281,
      0.0007447824098323562,
      0.0,
      0.0,
      0.006820930421897396,
      0.006269031051020594,
      0.0,
      0.0,
      0.014558229036176054,
      0.0,
      0.0011670006570227481,
      0.011935330381497692,
      0.00025146498299317456,
      0.0,
      0.0,
      0.0,
      0.007567011214535888,
      0.0,
      0.0034406659251718617,
      0.002180581572180018,
      0.0,
      0.0015091465820681192,
      0.00931125063811679,
      0.0,
      0.01796056515946935,
      0.0007244993749447808,
      0.001974096864811557,
      0.0,
      0.004374875757676286,
      0.0,
      0.008857404597677095,
      0.0,
      0.0,
      0.0,
      0.002777585322640225,
      0.0022321701544621704,
      0.0,
      0.01440460506881002,
      0.0,
      0.0,
      0.00786281861549477,
      0.0,
      0.0,
      0.0,
      0.0,
      0.005471432991427884,
      0.00209566489092703,
      0.0,
      0.011616019650104684,
      0.008971836588559313,
      0.004089524182372381,
      0.008473259923890879,
      0.0,
      0.005211182005239584,
      0.0,
      0.0,
      0.016279788164783423,
      0.01058321787299627,
      0.0,
      0.0,
      0.0,
      0.0,
      0.0,
      0.0012507873981935425,
      0.0,
      0.0029751372297337933,
      0.017476188406670284,
      0.0,
      0.0,
      0.0,
      0.010269593166611081,
      0.0,
      0.0,
      0.002474922901918793,
      0.0019652251924407093,
      0.0,
      0.00011269806226412974,
      0.0,
      0.0,
      0.0021223555053264563,
      0.00030274745396185706,
      0.0,
      0.012501713740384827,
      0.0,
      0.0,
      0.0,
      0.0,
      0.006513518490752905,
      0.0,
      0.01064693274778651,
      0.0,
      0.0,
      0.0,
      0.0,
      0.0005781743440890208,
      0.0,
      0.0,
      0.007605194060517718,
      0.0,
      0.0,
      0.0,
      0.0,
      0.013143384995934926,
      0.007761308201377607,
      0.006011412305911282,
      0.0012102309060948145,
      0.009530316807937455,
      0.009309986487368081,
      0.00011539653870545323,
      0.0,
      0.0,
      0.0,
      0.010577003394911846,
      0.010885196102153362,
      0.0,
      0.0,
      0.0,
      0.003953002083929548,
      0.0,
      0.0,
      0.0,
      0.0,
      0.01365930470788671,
      0.0,
      0.0,
      0.0,
      0.0,
      0.0,
      0.0,
      0.008661138146109242,
      0.0,
      0.0,
      0.0,
      0.014261702664902703,
      0.00012556568258063598
    ],
    "low_data": false
  },
  "250000": {
    "median": 0.0,
    "p90": 0.010736746544527772,
    "p10": 0.0,
    "sample": [
      0.00021153577095326182,
      0.00020848524888367003,
      0.004302609918836473,
      0.0,
      0.0009339255712991926,
      0.002213995509772999,
      0.0,
      0.0,
      0.0009327778737525889,
      0.0,
      0.0,
      0.0013895370424315606,
      0.0,
      0.0,
      0.0031483398961688305,
      0.0,
      0.0,
      0.0,
      0.013691822551247033,
      0.01487341501376079,
      0.004432392745667061,
      0.0,
      0.0,
      0.0035330613991372568,
      0.0,
      0.0,
      0.009210625475331021,
      0.007263892341230189,
      0.015526367666132052,
      0.024254794187284066,
      0.015555988356630468,
      0.0,
      0.0,
      0.0019181938905064155,
      0.006696616358644184,
      0.0,
      0.0028559963309463757,
      0.0,
      0.0014441405101791702,
      0.0,
      0.0034495949992210976,
      0.005288983336869768,
      0.010298386271597754,
      0.0,
      0.0,
      0.0024135969520026465,
      0.0,
      0.0,
      5.284396817408421e-05,
      0.012316978708612467,
      0.0,
      0.0,
      0.008172807808095102,
      0.0,
      0.0,
      0.0,
      0.0,
      0.002730649177349782,
      0.013802347727257119,
      0.0,
      0.00045999367099322605,
      0.0,
      0.0,
      0.0,
      0.0,
      0.0086353616694542,
      0.0008620610385635793,
      0.0,
      0.0,
      0.006954837014809728,
      0.006403503670573901,
      0.0,
      0.0,
      0.014664300568635753,
      0.0,
      0.0014033601043045073,
      0.01219653281515232,
      0.0003526608485266941,
      0.0,
      0.0,
      0.0,
      0.00767876010128748,
      0.0,
      0.003579386734302094,
      0.0023346472561265124,
      0.0,
      0.0017680219434845713,
      0.009475708489302877,
      0.0001646867969415131,
      0.01814824244379661,
      0.0008881596965838318,
      0.002212779246307055,
      0.0,
      0.004483180583040119,
      0.0,
      0.009052535454360166,
      0.0,
      0.0,
      0.0,
      0.002988629114519625,
      0.002357704927720505,
      0.0,
      0.01459875517874881,
      0.0,
      0.0,
      0.00807516818304429,
      0.0,
      0.0,
      0.0,
      0.0,
      0.005585344252702822,
      0.0022352203459689926,
      0.0,
      0.011749959867023242,
      0.00910341138225169,
      0.004214299577601308,
      0.008650359803173462,
      0.0,
      0.0053159181962453535,
      0.0,
      0.0,
      0.016531347848020878,
      0.0107315999880168,
      0.0,
      0.0,
      0.0,
      0.0,
      0.0,
      0.0013806448045595796,
      0.0,
      0.003277601803117429,
      0.017606522744099604,
      0.0,
      0.0,
      0.0,
      0.010381200333891432,
      0.0,
      0.0,
      0.002745706354478216,
      0.0020847278724293035,
      0.0,
      0.00031148535903577904,
      0.0,
      0.0,
      0.002258479366328915,
      0.0004508936125049562,
      0.0,
      0.012635518511409094,
      0.0,
      0.0,
      0.0,
      0.0,
      0.0067060668943740055,
      0.0,
      0.010783065553126527,
      1.0820166309643745e-05,
      0.0,
      0.0,
      0.0,
      0.0008381265379499069,
      0.0,
      0.0,
      0.007848619545754219,
      0.0,
      0.0,
      0.0,
      0.0,
      0.01329700301965611,
      0.007900930002509047,
      0.0061355134767631814,
      0.0013438437698322305,
      0.009640056468607317,
      0.009570270930122452,
      0.0002794666834116436,
      0.0,
      0.0,
      0.0,
      0.010726751572801455,
      0.011037744220811904,
      0.0,
      0.0,
      0.0,
      0.004100176907967117,
      0.0,
      0.0,
      0.0,
      0.0,
      0.013775332381565827,
      0.0,
      0.0,
      0.0,
      0.0,
      0.0,
      0.0,
      0.008917474385690193,
      0.0,
      0.0,
      0.0,
      0.014456950498337446,
      0.0002569744982427433
    ],
    "low_data": false
  },
  "500000": {
    "median": 0.0,
    "p90": 0.01096367681410343,
    "p10": 0.0,