{
  "100000": {
    "median": 0.0,
    "p90": 0.010061665918090937,
    "p10": 0.0,
    "sample": [
      9.148831215869846e-05,
      8.691516409666927e-05,
      0.005307901942783684,
      0.0,
      0.0,
      0.0015173086359355071,
      0.0,
      0.017265413549912997,
      0.0,
      0.01101563038814515,
      0.014284643704137885,
      0.00383388102082871,
      0.0,
      0.0,
      0.003640147979251691,
      0.004728647565590845,
      0.004351313068491499,
      0.0,
      0.0,
      0.004123157470326572,
      0.0,
      0.0039060007801686157,
      0.0,
      0.004322672492606393,
      0.0,
      0.0,
      0.00013443825964015287,
      0.009925354352996078,
      0.006346603581348188,
      0.006475523774196992,
      0.0034061148791934203,
      0.0,
      0.0,
      0.0,
      0.0,
      0.008050958528348669,
      0.01603386765846858,
      0.009655428004079272,
      0.006507726274748233,
      0.002445585400769015,
      0.014698754388585877,
      0.0,
      0.010738628955598118,
      0.0,
      0.0,
      0.0,
      0.0,
      0.0,
      0.0,
      0.0,
      0.0,
      0.00024724779294810575,
      0.0,
      0.01978317898188079,
      0.0,
      0.0,
      0.0,
      0.006023425014184589,
      0.009030847376885412,
      0.012871047962581633,
      0.0,
      0.0,
      0.009470970617486174,
      0.0,
      0.0017396331077292114,
      0.0,
      0.008568282373124975,
      0.0012575961393985536,
      0.002920433282065032,
      0.0,
      0.0,
      0.0,
      0.0,
      0.000692157736337908,
      0.0,
      0.0,
      0.0,
      0.004300938013919602,
      0.009177812344665364,
      0.008015914992282247,
      0.004259520707527665,
      0.003501717297706949,
      0.0,
      0.0,
      0.009346421581808421,
      0.0,
      0.0,
      0.0,
      0.0,
      0.0073106927648580846,
      0.0,
      0.007006851433651076,
      0.0,
      0.0,
      0.0,
      0.0017452920904552775,
      0.0,
      0.0,
      0.012915032816110556,
      0.0,
      0.0,
      0.006985019091820138,
      0.0,
      0.0,
      0.005889277044315566,
      0.0036590535633305677,
      0.0016079067431359311,
      0.006947504360455898,
      0.016771074056160233,
      0.0,
      0.0,
      0.014190296571530061,
      0.0,
      0.015430492679753407,
      0.0046581729017488,
      0.020360718237797323,
      0.018452475872987883,
      0.0,
      0.0,
      0.0,
      0.0,
      0.0013960211121038341,
      0.0005517969634086737,
      0.012187564373653557,
      0.00689402636400735,
      0.0,
      0.0,
      0.016679172714691888,
      0.0,
      0.0,
      0.0,
      0.0,
      0.0032541767560770713,
      0.0,
      0.019906088452989253,
      0.0,
      0.0,
      0.012772869814417435,
      0.0,
      0.0,
      0.0,
      0.0,
      0.007873303239454137,
      0.0,
      0.0,
      0.003469362629757191,
      0.0,
      0.0,
      0.0,
      0.0,
      0.0,
      0.0,
      0.012988064968437067,
      0.0,
      0.0,
      0.0,
      0.0,
      0.0,
      0.0,
      0.0037488843256026977,
      0.0,
      0.0,
      0.0,
      0.004659801549864708,
      0.0052141959335708365,
      0.0,
      0.005622123325774806,
      0.0,
      0.009997233866786234,
      0.0026215368430936607,
      0.0,
      0.0,
      0.0,
      0.002248145675293912,
      0.0,
      0.004706610164577895,
      0.007188614074307672,
      0.0,
      0.002121244815074686,
      0.0021483660256152526,
      0.0,
      0.002439652924748145,
      0.008184901869446187,
      0.0,
      0.0,
      0.0,
      0.005654806344591164,
      0.0,
      0.0106415543798333,
      0.004652170241610916,
      0.0,
      0.008929345217546528,
      0.0,
      0.0,
      0.0,
      0.003893508811045111,
      0.0001738521573879039,
      0.0004417549255776777,
      0.0,
      0.0
    ],
    "low_data": false
  },
  "250000": {
    "median": 0.0,
    "p90": 0.010242455653757209,
    "p10": 0.0,
    "sample": [
      0.0002086947977489365,
      0.00019826294927166216,
      0.005454843817403302,
      0.0,
      0.0,
      0.0017570958695445917,
      0.0,
      0.017412039995586708,
      0.0,
      0.011190409843839145,
      0.014506893137117349,
      0.0040710471069007655,
      0.0,
      0.0,
      0.0037676150209449127,
      0.004964956916413156,
      0.004546219614853742,
      0.0,
      0.0,
      0.004257615928522804,
      0.0,
      0.0040025566960067,
      0.0,
      0.004459904536495332,
      0.0,
      0.0,
      0.00031996926603528004,
      0.010163237295318608,
      0.006441507926404154,
      0.006572671210060598,
      0.0035879343818894555,
      0.0,
      0.0,
      0.00010267792843276155,
      0.0,
      0.00818831485602534,
      0.016123437765809972,
      0.009820806375991371,
      0.006637604423070828,
      0.0026481687266222387,
      0.014789012561485314,
      0.0,
      0.010853642615184525,
      0.0,
      0.0,
      0.00013273805456734427,
      0.0,
      0.0,
      0.0,
      0.0,
      0.0,
      0.0003962035310785515,
      0.0,
      0.01992329365652301,
      0.0,
      0.0,
      0.0,
      0.006213459969695477,
      0.009177315069413631,
      0.012959310249425815,
      0.0,
      0.0,
      0.009583731506581053,
      0.0,
      0.0018900806852160125,
      0.0,
      0.008644499954993565,
      0.001355666148132991,
      0.0030671977690174554,
      0.0,
      0.0,
      0.0,
      0.0,
      0.0007697599313778467,
      0.0,
      0.0,
      0.0,
      0.004454518392750091,
      0.009262710510314964,
      0.008166193048723628,
      0.004379370615277897,
      0.003656528904050019,
      0.0,
      0.0,
      0.009466162924377403,
      0.0,
      0.0,
      0.0,
      0.0,
      0.007390585217926432,
      0.0,
      0.0070990422815172035,
      0.0,
      0.0,
      0.0,
      0.0018667775948244725,
      0.0,
      0.0,
      0.013015120581031662,
      0.0,
      0.0,
      0.007080555177934463,
      0.0,
      0.0,
      0.005970136409342141,
      0.0038341839175603607,
      0.0017097154933055749,
      0.007055633594442775,
      0.016984936052346876,
      0.0,
      0.0,
      0.014345310266520162,
      0.0,
      0.01553674698978901,
      0.004769876579679305,
      0.0205762182924963,
      0.01855751155722828,
      0.0,
      0.0,
      0.0,
      0.0,
      0.0015983488612931656,
      0.0006732421642899625,
      0.012321457227498398,
      0.006989211661143916,
      0.0,
      0.0,
      0.01678179869359949,
      0.0,
      0.0,
      0.0,
      0.0,
      0.003365457830924095,
      0.0,
      0.020039818248009433,
      0.0,
      0.0,
      0.01288062915114036,
      0.0,
      0.0,
      0.0,
      0.0,
      0.008031307438377622,
      0.0,
      0.0,
      0.0036736515988834324,
      0.0,
      0.0,
      0.0,
      0.0,
      0.0,
      0.0,
      0.013101729315582697,
      0.0,
      0.0,
      0.0,
      0.0,
      0.0,
      0.0,
      0.003960167276283076,
      0.0,
      0.0,
      0.0,
      0.004780250627036025,
      0.005324434306292647,
      0.0,
      0.005770016551156804,
      0.0,
      0.010187225522900831,
      0.002740157998572238,
      0.0,
      0.0,
      0.0,
      0.0023837124470812957,
      0.0,
      0.00492101988862188,
      0.007280628304095231,
      0.0,
      0.002291852752993546,
      0.0023423875000523533,
      0.0,
      0.0025865974545965903,
      0.008392187448584524,
      0.0,
      0.0,
      0.0,
      0.005837081917578785,
      0.0,
      0.01073952683146464,
      0.004764889390037568,
      1.0898881940667838e-05,
      0.009109088462857611,
      0.0,
      0.0,
      0.0,
      0.004012536555763434,
      0.00033457148310271135,
      0.0005748226806146815,
      0.0,
      0.0
    ],
    "low_data": false
  },
  "500000": {
    "median": 0.0,
    "p90": 0.010566128683920295,
    "p10": 0.0,