{
  "100000": {
    "median": 0.0,
    "p90": 0.01299455294941487,
    "p10": 0.0,
    "sample": [
      0.00015149233701276606,
      0.00010851337245407383,
      0.03322698221875658,
      0.0,
      0.010038914165979462,
      0.0,
      0.0,
      0.01887035226711616,
      0.0,
      0.0,
      0.01068318594557377,
      0.013456202104574544,
      0.01365286215163158,
      0.00024374943428886138,
      0.0,
      0.0,
      0.012943258598841578,
      0.019336610678016113,
      0.018011331960859005,
      0.0,
      0.00815790710156051,
      0.0,
      0.0,
      0.0006579530938190958,
      0.0,
      0.0,
      0.011997067810595596,
      0.0,
      0.0,
      0.0,
      0.0,
      0.0,
      0.012214187558875399,
      0.006061737411729014,
      0.0,
      0.0,
      0.0,
      0.0,
      0.0031722195389024227,
      0.01999102793468833,
      0.0,
      0.00020192122884152066,
      0.0,
      0.0010464311951968463,
      0.0,
      0.0,
      0.006065412999544781,
      0.0,
      0.0,
      0.0022309242227962238,
      0.0,
      0.0005818803679821673,
      0.0,
      0.0,
      0.0060896213296639965,
      0.020685928598435918,
      0.0008483105269992756,
      0.0008646676492070115,
      0.0029396308460000187,
      0.0,
      0.011900895850904435,
      0.007933995145201057,
      0.003656332430406238,
      0.0,
      0.01045259850747703,
      0.0,
      0.0048045691454415744,
      0.002364057202823693,
      0.0,
      0.0,
      0.004632974737446743,
      0.0,
      0.010721567115365371,
      0.014855024422647772,
      0.009002257256998448,
      0.0057683318223323,
      0.0,
      0.01189366175601666,
      0.0,
      0.0,
      0.009560977855731114,
      0.005022432444684106,
      0.0,
      0.0034116844618751114,
      0.0,
      0.0,
      0.0,
      0.008394819588751646,
      0.015800831365790295,
      0.02382066555111434,
      0.0,
      0.010683523466089652,
      0.0,
      0.007635535258075595,
      0.01595961790772779,
      0.017173606472786665,
      0.0,
      0.0,
      0.0,
      0.0,
      0.0,
      0.016735843932362687,
      0.007356010275587842,
      0.0,
      0.0,
      0.0,
      0.0,
      0.003651838542907571,
      0.0,
      0.0061805516698735935,
      0.0073203892059223626,
      0.01553572701619723,
      0.005076679228593896,
      0.0,
      0.0,
      0.0,
      0.0,
      0.0,
      0.0032964935252928493,
      0.0,
      0.0,
      0.000670635569966094,
      0.019325685606296286,
      0.0,
      0.0,
      0.0,
      0.0,
      0.008116269648035973,
      0.0077973575917946744,
      0.00599445651490639,
      0.0,
      0.014766428673999245,
      0.0,
      0.0,
      0.0202090599612289,
      0.0,
      0.006552528569914155,
      0.0059588946883926686,
      0.0007685593845650975,
      0.0,
      0.0,
      0.006114373542524111,
      0.004577274110858266,
      0.010727320239915027,
      0.011077379902176231,
      0.005871519329818396,
      0.0,
      0.0,
      0.0,
      0.0,
      0.004126833918357181,
      0.0,
      0.0,
      0.0,
      0.0,
      0.0,
      0.0,
      0.0,
      0.0,
      0.0,
      0.0,
      0.0,
      0.0,
      0.00071732781376731,
      0.0,
      0.0008852522460013923,
      0.0046663703207544946,
      0.0,
      0.0,
      0.0,
      0.0006639296406693715,
      0.005313476824808351,
      0.0,
      0.007115145696754399,
      0.00902564730070457,
      0.001014695871250032,
      0.0,
      0.0,
      0.0,
      0.0,
      0.007023882068131607,
      0.0,
      0.0031000702629065662,
      0.0,
      0.0,
      0.0,
      0.0,
      0.0,
      0.0,
      0.0,
      0.0,
      0.01616032709449662,
      0.006764614959439434,
      0.0,
      0.0,
      0.0,
      0.014251034189731147,
      0.00423500224713449,
      0.004761842811045498,
      0.009098747658151317
    ],
    "low_data": false
  },
  "250000": {
    "median": 0.0,
    "p90": 0.01313848281698725,
    "p10": 0.0,
    "sample": [
      0.0003455705093624576,
      0.0002475308133138931,
      0.03335085101685211,
      0.0,
      0.010153240090533899,
      0.0,
      0.0,
      0.01901865605056005,
      0.0,
      0.0,
      0.010811509188431635,
      0.013716670339913854,
      0.013801875579091821,
      0.0003765855641914942,
      0.0,
      0.0,
      0.013074239758884299,
      0.019609085254009843,
      0.018232876529473113,
      0.0,
      0.008367066838127015,
      0.0,
      0.0,
      0.000848772586029031,
      0.0,
      0.0,
      0.012123364847249643,
      0.0,
      0.0,
      0.0,
      0.0,
      0.0,
      0.012372152493045713,
      0.006349620603767162,
      0.0,
      0.0,
      0.0,
      0.0,
      0.0034171635562089517,
      0.0201654899994658,
      0.0,
      0.00040315762176844686,
      0.0,
      0.0012208278825686753,
      0.0,
      0.0,
      0.006216852274094384,
      0.0,
      0.0,
      0.0023657717000747304,
      0.0,
      0.0007260224834567658,
      0.0,
      0.0,
      0.006227011826889959,
      0.020927481142618175,
      0.001048763276919592,
      0.000999824731343421,
      0.003147658534378033,
      0.0,
      0.012115003580022694,
      0.008161424881261392,
      0.003844722859674091,
      0.0,
      0.010700145952614627,
      0.0,
      0.004964365197626936,
      0.002498120655766076,
      0.0,
      0.0,
      0.004789704315432795,
      0.0,
      0.011000083642951906,
      0.015046052476889157,
      0.009155128722153126,
      0.0059496930990909,
      0.0,
      0.012126565660621574,
      0.0,
      0.0,
      0.009831207249380554,
      0.00520113617052697,
      0.0,
      0.0037094107840539773,
      0.0,
      0.0,
      0.0,
      0.008562762550764155,
      0.015964997007305637,
      0.02405772611597679,
      0.0,
      0.010930735974301947,
      0.0,
      0.007868847827178034,
      0.016195054775786703,
      0.017307173290063777,
      0.0,
      0.0,
      0.0,
      0.0,
      0.0,
      0.0168999326446477,
      0.007505835612354569,
      0.0,
      0.0,
      0.0,
      0.0,
      0.003916821975622134,
      0.0,
      0.006386010878282354,
      0.0075571782204230985,
      0.015656530868847444,
      0.005385318010540606,
      0.0,
      0.0,
      0.0,
      0.0,
      0.0,
      0.003585717790363852,
      0.0,
      0.0,
      0.000944950482291672,
      0.01950224711956863,
      0.0,
      0.0,
      0.0,
      0.0,
      0.008395313023312595,
      0.008019996457471534,
      0.00626125457691817,
      0.0,
      0.014997861687542871,
      0.0,
      0.0,
      0.020470417427441545,
      0.0,
      0.0066908142424508335,
      0.006104642557108929,
      0.0009078899553533412,
      0.0,
      0.0,
      0.006258144852313098,
      0.004760660367342661,
      0.010987123416416384,
      0.011240729286739826,
      0.006057121922047713,
      0.0,
      0.0,
      0.0,
      0.0,
      0.004371998406523161,
      0.0,
      0.0,
      0.0,
      0.0,
      4.84226385595597e-05,
      0.0,
      0.0,
      0.0,
      0.0,
      0.0,
      0.0,
      0.0,
      0.0009603147932047383,
      0.0,
      0.0010534421716770685,
      0.004813008447852252,
      0.0,
      0.0,
      0.0,
      0.0007879394463324087,
      0.005464707032026382,
      0.0,
      0.007285977794800705,
      0.009270932206923014,
      0.0011884488507716041,
      0.0,
      0.0,
      0.0,
      0.0,
      0.00727048904525132,
      0.0,
      0.003219922967429322,
      0.0,
      0.0,
      0.0,
      0.0,
      0.0,
      0.0,
      0.0,
      0.0,
      0.016310195633073187,
      0.0069979871789962655,
      0.0,
      0.0,
      0.0,
      0.014381210262409325,
      0.0044126486534957305,
      0.0050496339246068455,
      0.009344707035445172
    ],
    "low_data": false
  },
  "500000": {
    "median": 0.0,
    "p90": 0.01335176940028882,
    "p10": 0.0,