{
  "100000": {
    "median": 0.0,
    "p90": 0.011934332643850352,
    "p10": 0.0,
    "sample": [
      0.00010527551785535739,
      0.0001870543378071003,
      0.015996714107608584,
      0.0,
      0.0,
      0.01191578019512219,
      0.005013011457303839,
      0.0,
      0.0,
      0.0,
      0.0,
      0.0,
      0.0,
      0.0,
      0.0,
      0.0,
      0.0,
      0.005211178222467381,
      0.0,
      0.0,
      0.0,
      0.0,
      0.0,
      0.003691544398426697,
      0.0,
      0.0,
      0.002636696507558511,
      0.0,
      0.0,
      0.0,
      0.0,
      0.0,
      0.0036455148093271854,
      0.011721843691533815,
      0.0009570948157490454,
      0.0,
      0.025142050646494843,
      0.0028068989544699306,
      0.0008485536306765885,
      0.000660225020388292,
      0.00339577343027593,
      0.0,
      0.000884877636183042,
      0.018393236123386295,
      0.0,
      0.03273202132119044,
      0.0,
      0.004495815892256725,
      0.00186769070127319,
      0.004115006872546428,
      0.0,
      0.0,
      0.0,
      0.0,
      0.0,
      0.0,
      0.006329818932148188,
      0.0,
      0.0,
      0.003935260208152393,
      0.003358963853385902,
      0.0034012663765113256,
      0.0,
      0.0,
      0.0,
      0.0,
      0.006005302577777323,
      0.0,
      0.0,
      0.0,
      0.015065463321536986,
      0.0,
      0.0029699669760286807,
      0.0026898615248830953,
      0.006674688977482713,
      0.014205647320009096,
      0.0,
      0.0,
      0.0008690548242106278,
      0.0063877102084052406,
      0.0,
      0.0018182434062629796,
      0.011522465780437863,
      0.0,
      0.008343748550411683,
      0.0,
      0.0,
      0.0,
      0.0,
      0.0,
      0.013940741100776328,
      0.003496489612421602,
      0.006096570141989598,
      0.0,
      0.010365565825831608,
      0.021706253510025288,
      0.0,
      0.0007754902023736378,
      0.0,
      0.0,
      0.01807079732644718,
      0.0,
      0.0030984986122832127,
      0.00816721241163243,
      0.006081145686566274,
      0.0,
      0.0010948541546449645,
      0.016574195813944672,
      0.0,
      0.01718345201335981,
      0.0,
      0.0012450931492449793,
      0.002359666591321075,
      0.002695318104182811,
      0.009086572612406542,
      0.0105199884776109,
      0.0,
      0.0007117290767730052,
      0.0,
      0.0036068385357704955,
      0.0,
      0.0,
      0.0,
      0.0,
      0.0021499285602274527,
      0.0,
      0.008387096085942488,
      0.0,
      0.001974796007185379,
      0.0,
      0.0,
      0.0,
      0.0018269073796124383,
      0.01516944451231241,
      0.0006993056375514866,
      0.01622354574028291,
      0.0,
      0.00412736075085485,
      0.017084236732556032,
      0.0,
      0.0018239503963978926,
      0.0,
      0.004086025685146156,
      0.012101304682403826,
      0.0,
      0.01583615855265927,
      0.00047517625976480467,
      0.003458656826790258,
      0.010462125025514668,
      0.03669688490456682,
      0.0,
      0.020740956349819532,
      0.0,
      0.0,
      3.735732213915521e-05,
      0.0,
      0.0,
      0.0,
      0.0,
      0.011523665133223192,
      0.002724764974212152,
      0.0,
      0.021007680816835385,
      0.0,
      0.0,
      0.0,
      0.0,
      0.0005985928546982662,
      0.0,
      0.00411482948630019,
      0.003861390149294141,
      0.011145834694967306,
      0.0,
      0.0,
      0.0,
      0.0,
      0.0,
      0.0,
      0.0,
      0.0,
      0.0035025543647178533,
      0.0,
      0.011468685825511658,
      0.0,
      0.0,
      0.0,
      0.004581560111462563,
      0.0,
      0.012249487423470132,
      0.0,
      0.008772184315274607,
      0.0,
      0.008168446658007871,
      0.0,
      0.0073367202614733115,
      4.8452353658696515e-05,
      0.0,
      0.0,
      0.0,
      0.0
    ],
    "low_data": false
  },
  "250000": {
    "median": 0.0,
    "p90": 0.012144873338412267,
    "p10": 0.0,
    "sample": [
      0.0002401449145616299,
      0.00042669130379188546,
      0.0161183097741173,
      0.0,
      0.0,
      0.012129892691950259,
      0.005170761291222257,
      0.0,
      0.0,
      0.0,
      0.0,
      0.0,
      0.0,
      0.0,
      0.0,
      0.0,
      0.0,
      0.0053461529624043574,
      0.0,
      0.0,
      0.0,
      0.0,
      0.0,
      0.003798600755321766,
      0.0,
      0.0,
      0.00273833703916152,
      0.0,
      0.0,
      0.0,
      0.0,
      0.0,
      0.0038055678032806713,
      0.011887367158339643,
      0.0012099739824505613,
      0.0,
      0.025308953099182966,
      0.002954047738035607,
      0.0009608328589989764,
      0.0008470158964292657,
      0.0036007951416922607,
      0.0,
      0.0009980491739872458,
      0.018535966333856596,
      0.0,
      0.03291509621049657,
      0.0,
      0.004615133186654041,
      0.001990228148207017,
      0.004264867881335179,
      0.0,
      0.0,
      0.0,
      0.0,
      0.0,
      0.0,
      0.006459928708423433,
      0.0,
      0.0,
      0.0040782854764985325,
      0.0035680611145117295,
      0.003520340672824943,
      0.0,
      0.0,
      0.0,
      0.0,
      0.006123211555866565,
      0.0,
      0.0,
      0.0,
      0.015218945867315191,
      6.254223917866576e-05,
      0.003142804714938038,
      0.0027929582379929772,
      0.00692758469828534,
      0.01435581083407821,
      0.0,
      0.0,
      0.0009894211520514993,
      0.006497216618890523,
      0.0,
      0.0019225521119478205,
      0.011767768286812755,
      0.0,
      0.008453240522674751,
      0.0,
      0.0,
      0.0,
      0.0,
      0.0,
      0.014050176627931303,
      0.00361099484661136,
      0.006223594535220204,
      0.0,
      0.010598620285013863,
      0.0218685045314347,
      0.0,
      0.0008981927947476533,
      0.0,
      0.0,
      0.018216005869264588,
      0.0,
      0.0032859798502516695,
      0.008338887254605814,
      0.006272054767477817,
      0.0,
      0.001225028505980309,
      0.01669985681580706,
      0.0,
      0.0173047055578239,
      0.0,
      0.0014733936567890768,
      0.002512812759342132,
      0.0028176177628166797,
      0.009296032799467568,
      0.010717097150276165,
      0.0,
      0.000861819056036926,
      0.0,
      0.003791264267602097,
      0.0,
      0.0,
      0.0,
      0.0,
      0.0023435227987348684,
      0.0,
      0.008495881771218973,
      0.0,
      0.002104971498947961,
      0.0,
      0.0,
      0.0,
      0.001967903531579114,
      0.015378822742662335,
      0.0008333040451734587,
      0.016332551574542508,
      0.0,
      0.0042427088340351105,
      0.017349986066280663,
      0.0,
      0.001957638722734894,
      0.0,
      0.004206071270662582,
      0.012279699156570345,
      0.0,
      0.015958873464203823,
      0.000653073952263742,
      0.003596411764398369,
      0.010618159246972403,
      0.03681214716539706,
      0.0,
      0.020973302788775287,
      0.0,
      0.0,
      0.00017350197962283178,
      0.0,
      0.0,
      0.0,
      0.0,
      0.011728404879621842,
      0.0028946652176148804,
      0.0,
      0.02118965911024927,
      0.0,
      0.0,
      0.0,
      0.0,
      0.0007211030505497667,
      0.0,
      0.004274821873761101,
      0.003978617542156804,
      0.011279862382855936,
      0.0,
      0.0,
      0.0,
      0.0,
      0.0,
      0.0,
      0.0,
      0.0,
      0.0036401263644680985,
      0.0,
      0.011700006268891944,
      0.0,
      0.0,
      0.0,
      0.004795472984336344,
      0.0,
      0.012412099939459542,
      0.0,
      0.00902560764185677,
      0.0,
      0.00844123332710298,
      0.0,
      0.007467375710760599,
      0.0002106813900708427,
      0.0,
      0.0,
      0.0,
      0.0
    ],
    "low_data": false
  },
  "500000": {
    "median": 0.0,
    "p90": 0.01246954696465224,
    "p10": 0.0,