{
  "100000": {
    "median": 8.781778847287124e-05,
    "p90": 0.012453913015652943,
    "p10": 0.0,
    "sample": [
      8.693552528142967e-05,
      0.00017543884129473883,
      0.0,
      0.00024588016956099656,
      0.007023074674489395,
      0.00834780303612163,
      0.0004413636614202985,
      0.0,
      0.0,
      0.0,
      0.004324918224781814,
      0.020897199297921113,
      0.020323528690168673,
      0.0,
      0.0,
      0.011308579882085881,
      0.0,
      0.007489535670497753,
      0.0,
      0.0,
      0.0,
      0.003294754596194621,
      0.005097797532863005,
      0.0,
      0.02605731658220557,
      0.0,
      0.0,
      0.0013766513292226073,
      0.0015378191963993785,
      0.007548545976568122,
      0.0,
      0.014634725218753085,
      0.0,
      0.0,
      0.006958221453217544,
      0.005651601604391461,
      0.0037813977206130455,
      0.0,
      0.0,
      0.010998956149380176,
      0.0032037659546341186,
      0.0030446023003292983,
      0.0,
      0.005437351399245238,
      0.006698735405051053,
      0.018140548830199044,
      8.870005166431282e-05,
      0.0,
      0.0,
      0.01851505914457684,
      0.00209084188570096,
      0.0,
      0.0,
      0.0008262480003683793,
      0.0,
      0.0,
      0.0,
      0.0023440782289933875,
      0.0058134657939769565,
      0.0,
      0.03240979736444241,
      0.0,
      0.0,
      0.0,
      0.0,
      0.00652663622653373,
      0.012434521385501498,
      0.0,
      0.0,
      0.007281644954964359,
      0.0,
      0.0043411030637445875,
      0.0057996118283696035,
      0.013960338439299495,
      0.01886486948802306,
      0.016498538807165904,
      0.0,
      0.0,
      0.0,
      0.0,
      0.0,
      0.0,
      0.0029497759785570895,
      0.0,
      0.006217217288294462,
      0.011002662104881203,
      0.012118141873693873,
      0.0,
      0.0,
      0.0,
      0.0,
      0.0,
      0.0,
      0.0,
      0.0034166300126654598,
      0.0,
      0.005123785991041125,
      0.01170001439063867,
      0.0,
      0.0,
      0.0,
      0.0,
      0.0,
      0.0,
      0.001523333127186701,
      0.0,
      0.0020726348810070037,
      0.0,
      0.0,
      0.0,
      0.012452418053454662,
      0.006851170548032862,
      0.0024419047544361134,
      0.0,
      0.0,
      0.0,
      0.0,
      0.00477975843527818,
      0.013898654397033802,
      0.0,
      0.028932427017596955,
      0.0,
      0.003366379188724444,
      0.0,
      0.0,
      0.012467367675437463,
      0.0,
      0.0,
      0.0,
      0.009892086199358406,
      0.0,
      0.0014111853009482552,
      0.0,
      0.00470256825370416,
      0.0,
      0.0,
      0.022048940116710818,
      0.0,
      0.014448253586891677,
      0.0,
      0.0,
      0.01377252442909047,
      0.013136312226241108,
      0.0,
      0.0,
      0.0,
      0.0,
      0.007506081369248552,
      0.0,
      0.012033484814130899,
      0.003824386829249814,
      0.009572867863940572,
      0.013813269734006326,
      0.0,
      0.0012531404043119334,
      0.0031791027695618258,
      0.0,
      0.006540571682908778,
      0.001709392942374435,
      0.006015810674984853,
      0.0001766868856514645,
      0.0025312521233413323,
      0.0,
      0.005373684104484926,
      0.0,
      0.005358080049807874,
      0.0,
      0.0015229523889470375,
      0.007251774660662552,
      0.010719828936142366,
      0.0,
      0.008002863964451556,
      0.0029134857871164653,
      0.0,
      0.0,
      0.0,
      0.002737101256519222,
      0.005482836487132821,
      0.0033670814055400925,
      0.021446002309402648,
      0.0,
      0.009305674757726411,
      0.0006741660388703173,
      0.006036847796639135,
      0.010397569655520647,
      0.010629009856376425,
      0.0,
      0.0,
      0.006278930992802311,
      0.0,
      0.0,
      0.013834577607627768,
      0.011783545888198854,
      0.007436413618181853,
      0.0,
      0.0,
      0.011162484543819481,
      0.010663996511044589,
      0.0,
      0.00901389872976969
    ],
    "low_data": false
  },
  "250000": {
    "median": 0.00021900942890672404,
    "p90": 0.012666537545026894,
    "p10": 0.0,