{
  "100000": {
    "median": 0.0011363456354362353,
    "p90": 0.010537653984095629,
    "p10": 0.0,
    "sample": [
      0.00020693750583852873,
      8.201147186275179e-05,
      0.0,
      0.017128335326616638,
      0.0,
      0.0,
      0.0,
      0.0,
      0.0,
      0.0,
      0.0,
      0.0016719780598529895,
      0.0,
      0.03083735205884681,
      0.0011137421910225487,
      0.0,
      0.0,
      0.0,
      0.0,
      0.0031602879100382187,
      0.00846921506722647,
      0.0,
      0.0,
      0.009552434404763341,
      0.0,
      0.0,
      0.0,
      0.02723047315794735,
      0.0,
      0.01454953580859844,
      0.0,
      0.009890362499603617,
      0.012198828059188706,
      0.016990755573009334,
      0.006876717271905362,
      0.0,
      0.0,
      0.0,
      0.0,
      0.0,
      0.00953814427091632,
      0.0,
      0.004054226609590618,
      0.0,
      0.0,
      0.020568952133943098,
      0.0,
      0.0,
      0.0,
      0.00017087431302411174,
      0.0,
      0.0,
      0.0,
      0.0,
      0.014559194770993837,
      0.006713122391587244,
      0.0,
      0.0009495967917394526,
      0.0,
      0.010859926088471857,
      0.0,
      0.02561983457790897,
      0.0,
      0.0,
      0.018407889777119477,
      0.0,
      0.0,
      0.0,
      0.00473759748488116,
      0.0065182363351232,
      0.0024520508262944264,
      0.002646775226535884,
      0.0,
      0.004550257395002517,
      0.0,
      0.0,
      0.008523272476019035,
      0.0,
      0.0,
      0.006671386261498953,
      0.0,
      0.007296467013187112,
      0.005759402580018343,
      0.0,
      0.001953249842658046,
      0.0028523091533885383,
      0.0,
      0.005804401374689815,
      0.009897731892413017,
      0.0,
      0.008310647893168484,
      0.0004277607200939259,
      0.0,
      0.007686194226793203,
      0.009408965805709003,
      0.005886091128452252,
      0.0,
      0.004538613192391587,
      0.0,
      0.00606999744140075,
      0.0008698880160406213,
      0.0018992024568229276,
      0.00841349448902672,
      0.0034558501027818524,
      0.007377068672790711,
      0.002478257055444878,
      0.0,
      0.0021108240703211914,
      0.006404764009155226,
      0.0,
      0.008229222486156281,
      0.0018682594594547288,
      0.0020192403693328267,
      0.0,
      0.006461853110763883,
      0.016368696286648596,
      0.002660976287226721,
      0.004212667107701409,
      0.0018497597247398127,
      0.0,
      0.0,
      0.005535098169608247,
      0.0,
      0.0,
      0.007825056626707906,
      0.006398075460962425,
      0.0,
      0.0,
      0.0,
      0.00940673457118091,
      0.00436311151965648,
      0.003726277807340912,
      0.015641383165465778,
      0.0013755901204338102,
      0.011112161701080375,
      0.0,
      0.003211324379688908,
      0.0,
      0.007698983012331862,
      0.0029890168407243093,
      0.005167831984679448,
      0.0,
      0.0,
      0.0,
      0.0059629124676257115,
      0.0,
      0.0023295791506017923,
      0.0,
      0.0,
      0.0,
      0.0011960242629490846,
      0.006657595074025016,
      0.0,
      0.0,
      0.004047040646520137,
      0.0015827317946947618,
      0.006474930758225627,
      0.0,
      0.006664905852207543,
      0.006153038590224051,
      0.0,
      0.0033526354068298425,
      0.0037713031514466228,
      0.002087169809889633,
      0.001158949079849922,
      0.0013846006395696565,
      0.010516293924675478,
      0.002568242706742261,
      0.0014457285147271833,
      0.0,
      0.0,
      0.0,
      0.0,
      0.014488726627248752,
      0.0,
      0.0,
      0.0,
      0.0,
      0.005989054579993568,
      0.0,
      0.016386159781388014,
      0.01458848033908472,
      0.00016592536413748883,
      0.0,
      0.007534010332946779,
      0.007845392522909436,
      0.006458550034043555,
      0.0020800814327961653,
      0.0,
      0.0,
      0.005062511756512743,
      0.012224591336715761,
      0.010729894518877008,
      0.0015845899563562812,
      0.0,
      0.0022393382688285553,
      0.007885046253157323,
      0.01227647324993314,
      0.0,
      0.004824713864372188
    ],
    "low_data": false
  },
  "250000": {
    "median": 0.001295163417002441,
    "p90": 0.010675057922293552,
    "p10": 0.0,