{
  "100000": {
    "median": 0.0,
    "p90": 0.011178723141931347,
    "p10": 0.0,
    "sample": [
      0.000197752590990672,
      0.00011336452048280863,
      0.0,
      0.0,
      0.0,
      0.01120338368451897,
      0.0,
      0.006587631027624953,
      0.0,
      0.0,
      0.0,
      0.01321091604427619,
      0.0,
      0.016543561971527395,
      0.0,
      0.0,
      0.0,
      0.0,
      0.018954580570619637,
      0.0,
      0.011993042236170526,
      0.0,
      0.0,
      0.0,
      0.003098612711759278,
      0.013998485658505257,
      0.003200700157439429,
      0.0,
      0.007721019567730484,
      0.004432494838986245,
      0.0,
      0.002367313300227015,
      0.0,
      0.007304704743889279,
      0.0,
      0.0,
      0.0,
      0.003642569093252027,
      0.004345230959005307,
      0.0,
      0.0,
      0.006988799248311029,
      0.008413571340786274,
      0.0,
      0.012329987651007625,
      0.0,
      0.006245406757568942,
      0.013888515924146628,
      0.0,
      0.013775154020467468,
      0.0,
      0.0006406569451880418,
      0.0,
      0.0,
      0.0022232439056357797,
      0.007465416238857056,
      0.004769031789477254,
      0.009792573911111851,
      0.0,
      0.0020745893437785637,
      0.006930696796972909,
      0.009744944006097702,
      0.0,
      0.004319502450221695,
      0.0003695956428631723,
      0.011148304673825906,
      0.00737025224254522,
      0.0,
      0.003963169885422023,
      0.0,
      0.0,
      0.009473612301084752,
      0.0,
      0.0,
      0.0,
      0.0,
      0.0,
      0.004813986906080295,
      0.0,
      0.0,
      0.0,
      0.0,
      0.0,
      0.0,
      0.0,
      0.0,
      0.005929579206317207,
      0.014172168871038407,
      0.006109612404787705,
      0.0,
      0.0,
      0.0,
      0.01823751013325391,
      0.0,
      0.00957776038694151,
      0.0117144250779479,
      0.0,
      0.0,
      0.002929815562479242,
      0.004852958246367608,
      0.0,
      0.0,
      0.0029998286079086457,
      0.0,
      0.0107166455354434,
      0.008055356957417374,
      0.0,
      0.007891117177472484,
      0.0,
      0.003621100423419848,
      0.0,
      0.0032183918101936397,
      0.0078050768362700855,
      0.009669162877114326,
      0.0,
      0.0,
      0.0,
      0.0014229131054800713,
      0.0,
      0.0031653557071063257,
      0.011000369455410726,
      0.008799841642519192,
      0.003349612416761567,
      0.003652295799680739,
      0.008921846397444838,
      0.0012357901748162423,
      0.00018239980311889666,
      0.0,
      0.0044652397168642175,
      0.004696129862867328,
      0.0,
      0.0,
      0.0,
      0.007769889415308904,
      0.0,
      0.008064251694340078,
      0.004466815814478536,
      0.0,
      0.0,
      0.0,
      0.011048383598972642,
      0.0,
      0.0,
      0.0,
      0.0,
      0.0,
      0.0020044372879496545,
      0.0,
      0.0,
      0.0,
      0.0,
      0.005854391342053717,
      0.014656318691173557,
      0.0,
      0.0,
      0.0,
      0.0,
      0.0,
      0.0,
      0.0,
      0.0198382540129139,
      0.0,
      0.0,
      0.04151222005186546,
      0.0022792178133439205,
      0.0,
      0.0,
      0.0,
      0.006602582970329519,
      0.008523711312535738,
      0.008727082765797606,
      0.0,
      0.0,
      0.0018658872400421332,
      0.018554713287491597,
      0.0,
      0.0016023674836137054,
      0.0,
      0.011175983081643833,
      0.0,
      0.0,
      0.0,
      0.007822858848794887,
      0.0,
      0.0,
      0.0,
      0.0,
      0.0,
      0.012037155589446596,
      0.0,
      0.0076320570561714774,
      0.0,
      0.0016993565796633368,
      0.0,
      0.0,
      0.013728031771257376,
      0.01189837408508178,
      0.0,
      0.011909595948324749,
      0.002711484460819355
    ],
    "low_data": false
  },
  "250000": {
    "median": 0.0,
    "p90": 0.01135659362429124,
    "p10": 0.0,
    "sample": [
      0.0004510951837163457,
      0.0002585968099731254,
      0.0,
      0.0,
      0.0,
      0.011469711736625905,
      0.0,
      0.006694960879585644,
      0.0,
      0.0,
      0.0,
      0.013323195148489965,
      0.0,
      0.016708698660975758,
      0.0,
      0.0,
      0.0,
      0.00011201497246367038,
      0.019109512857733164,
      0.0,
      0.012166064372281031,
      0.0,
      3.0042193794080374e-05,
      0.0,
      0.0032131788107905364,
      0.014245722645207133,
      0.003454560206010686,
      0.0,
      0.007835384659583344,
      0.004534627426437444,
      0.0,
      0.002486572672567051,
      0.0,
      0.0074314812103189595,
      0.0,
      0.0,
      0.0,
      0.0038800384094106067,
      0.00450030055182182,
      0.0,
      0.0,
      0.0071081945402406395,
      0.008642082882353248,
      0.0,
      0.012480470682372008,
      0.0,
      0.006343802950635409,
      0.014015092477049376,
      0.0,
      0.013886151371546543,
      0.0,
      0.0007515022332889706,
      0.0,
      0.0,
      0.0024381006602352696,
      0.007579438612984856,
      0.004879101889039032,
      0.009913459260629675,
      0.0,
      0.0022487051969448703,
      0.007118544452441321,
      0.0098663383931296,
      0.0,
      0.004463494812481134,
      0.0004975336467882726,
      0.011248017078080914,
      0.007498875813173333,
      0.0,
      0.004108483931681074,
      0.0,
      0.0,
      0.009609219497991792,
      0.0,
      0.0,
      0.0,
      0.0,
      0.0,
      0.004923124230887585,
      0.0,
      0.0,
      0.0,
      0.0,
      0.0,
      0.0,
      0.0,
      0.0,
      0.006115674584955031,
      0.014335623660517311,
      0.0063082485218078285,
      0.0,
      0.0,
      0.0,
      0.01840656600927282,
      0.0,
      0.00973954281784651,
      0.011924450576648135,
      0.0,
      0.0,
      0.003056908956174505,
      0.004977541541565707,
      0.0,
      0.0,
      0.0031165179712302777,
      0.0,
      0.010843256676079195,
      0.008177963317448094,
      0.0,
      0.008174001629326596,
      0.0,
      0.0037990130996570326,
      0.0,
      0.003340533211251249,
      0.008044232482401468,
      0.009857929804413454,
      0.0,
      0.0,
      0.0,
      0.0017360779474924633,
      2.3864847007968226e-05,
      0.0032910660615448318,
      0.011147106174780616,
      0.008966084981833973,
      0.0035109526406716103,
      0.003802201935558153,
      0.00908322678237676,
      0.001531667426898974,
      0.0004527346578468416,
      0.0,
      0.004617258408552441,
      0.0049564268835643075,
      0.0,
      0.0,
      0.0,
      0.008084511891150654,
      0.0,
      0.008196267217429448,
      0.004662343004671898,
      0.0,
      0.0,
      0.0,
      0.011181161187017265,
      0.0,
      0.0,
      0.0,
      0.0,
      0.0,
      0.002220544162055931,
      0.0,
      0.0,
      0.0,
      0.0,
      0.006085036957763879,
      0.014991044849397972,
      0.0,
      0.0,
      0.0,
      0.0,
      0.0,
      0.0,
      0.0,
      0.020029068257653708,
      0.0,
      0.0,
      0.04168739959399066,
      0.002477588003972487,
      0.0,
      0.0,
      0.0,
      0.006862552132996229,
      0.00874017534093094,
      0.008886131927093616,
      0.0,
      0.0,
      0.002022854249154425,
      0.0187353115479268,
      0.0,
      0.0019093608235051956,
      0.0,
      0.011344024945142944,
      0.0,
      0.0,
      0.0,
      0.008060419941732282,
      0.0,
      0.0,
      0.0,
      0.0,
      0.0,
      0.012253452673104044,
      0.0,
      0.007791310362580486,
      0.0,
      0.001937976435248945,
      0.0,
      0.0,
      0.014098498452915373,
      0.012210211818791998,
      0.0,
      0.012087149331295512,
      0.002860259767889938
    ],
    "low_data": false
  },
  "500000": {
    "median": 0.0,
    "p90": 0.011630886699219124,
    "p10": 0.0,