{
  "100000": {
    "median": 0.002038392004949325,
    "p90": 0.01292596696287633,
    "p10": 0.0,
    "sample": [
      9.293130867123276e-05,
      0.00014225932677276826,
      0.009627267296535857,
      0.007299673525238461,
      0.0003209129281804931,
      0.0015682698873840518,
      0.0,
      0.0,
      0.0023899969270298753,
      0.011261801541548908,
      0.0009879572412457393,
      0.0,
      0.0,
      0.00598145658438769,
      0.0,
      0.006635367093673177,
      0.0,
      0.010406616117368473,
      0.0025907593783499184,
      0.0064645504599201665,
      0.0064868951551506435,
      0.01076067012251558,
      0.002035254878460598,
      0.0,
      0.007102485777275321,
      0.0,
      0.0,
      0.008649054195424014,
      0.0032959454344386203,
      0.0,
      0.0,
      1.2322077348626278e-05,
      0.014341055811290178,
      0.0,
      0.0,
      0.0,
      0.0,
      0.0005116805639246435,
      0.0,
      0.015363291323572219,
      0.0035195670062120312,
      0.022296265437013317,
      0.012726263459662625,
      0.0,
      9.880299866536204e-09,
      0.0,
      0.0,
      0.014906755337395187,
      0.0,
      0.005412847475158124,
      0.00835644236058361,
      0.006519288982514915,
      0.013782425044163563,
      0.01914865387238373,
      0.001632992084254675,
      0.014718234214270775,
      0.005196076219892368,
      0.0,
      0.0,
      0.003547789981137168,
      0.0064483243320685385,
      0.0,
      0.0,
      0.0025748124142905074,
      0.012861873500679587,
      0.0,
      0.01164329922096329,
      0.0,
      0.005691826782202168,
      0.0005191498490912862,
      0.0,
      0.002105214095292074,
      0.0,
      0.0045696196784622955,
      0.0,
      0.005570911818538335,
      0.0,
      0.003959167390535868,
      0.0,
      0.0,
      0.014608637831192194,
      0.01685060233673372,
      0.015120875847350917,
      0.0020415291314380517,
      0.0,
      0.0,
      0.0,
      0.002971258458498785,
      0.0079202945512311,
      0.0,
      0.002564034441945137,
      0.006479143517068117,
      0.0,
      0.003213327402015993,
      0.01121429135717497,
      0.001186603562676745,
      0.004438204359512292,
      0.006774800741393305,
      0.0017662794636531616,
      0.0,
      0.00513591176947918,
      0.0,
      0.0,
      0.0,
      0.007213362220757232,
      0.0051793264131657175,
      0.013376810698226157,
      0.0009591584040774159,
      0.015376035276276328,
      0.017805701042708195,
      0.006582001620060325,
      0.0,
      0.005422781759015149,
      0.020889231015219212,
      0.025696287682547305,
      0.0068574443475850275,
      0.0065222276597602805,
      0.01069110208428377,
      0.007014334358096227,
      0.008571624674299451,
      0.0,
      0.008079693354867091,
      0.012316583885422564,
      0.007776291894684549,
      0.01624298024687617,
      0.0,
      0.01287587321450413,
      0.0038735009678112953,
      0.010592658392155587,
      0.0,
      0.000555180260463409,
      0.0,
      0.0,
      0.0007345546477666388,
      0.007851214326950075,
      0.004990842538255202,
      0.003113195736844418,
      0.004971435304953395,
      0.028546110421558166,
      0.0,
      0.0,
      0.0011165995785744657,
      0.0,
      0.0,
      0.002876043752577617,
      0.0,
      0.0,
      0.02181128344285092,
      8.74842650149422e-05,
      0.0,
      0.0,
      0.0,
      0.02056152214740236,
      0.0,
      0.004807386398280105,
      0.0,
      0.0034110595539098873,
      0.0029274532703720164,
      0.0,
      0.0003915554107129113,
      0.007847002525515458,
      0.0,
      0.009366355043224826,
      0.0031712134403729967,
      0.004371233936267096,
      0.0,
      0.0,
      0.007081424877644591,
      0.0,
      0.0,
      0.008098993784834783,
      0.0,
      0.015324758979565133,
      0.008272691449551681,
      0.0031834254392475035,
      0.010990641532081336,
      0.009887011601930425,
      0.0,
      0.0,
      0.011014155302457434,
      0.0013102240389074463,
      0.006928465285227316,
      0.0,
      0.0,
      0.0,
      0.0,
      0.0002779437630121968,
      0.0,
      0.0,
      0.011696983320757259,
      0.007941922955991299,
      0.0036883535216068962,
      0.0,
      0.0,
      0.007663494495932255,
      0.0,
      0.0,
      0.0,
      0.0,
      0.00632213459933229
    ],
    "low_data": false
  },
  "250000": {
    "median": 0.002189931543444752,
    "p90": 0.013078980629699784,
    "p10": 0.0,