{
  "100000": {
    "median": 0.0,
    "p90": 0.012752423936990916,
    "p10": 0.0,
    "sample": [
      0.00010448244716841149,
      0.00012503760749681727,
      0.0,
      0.004278779219001006,
      0.012016431899287689,
      0.00968846041631804,
      0.0,
      0.0,
      0.0,
      0.0,
      0.0,
      0.0,
      0.0016253293437265056,
      0.0,
      0.0,
      0.012810879560008624,
      0.002124363025877221,
      0.0,
      0.008046976769436937,
      0.026835528218497915,
      0.024099035153366016,
      0.0,
      0.006669644070061659,
      0.0,
      0.00668081373264999,
      0.007873620632277251,
      0.0,
      0.0,
      0.0008550158589751618,
      0.013980593013025473,
      0.004590895310809226,
      0.012972820468908122,
      0.0,
      0.0019173365295433835,
      0.0,
      0.0,
      0.0,
      0.014951928848613176,
      0.018280959603264556,
      0.0049109682668242866,
      0.0,
      0.009376340541432472,
      0.001177076442619788,
      0.0,
      0.00037674477155808336,
      0.0,
      0.0030151714538254,
      0.015432787858932578,
      0.009924492999842596,
      0.0008261513780220175,
      0.0022080587125250495,
      0.018444306343247847,
      0.005517599078846912,
      0.0,
      0.008669181963567226,
      0.0,
      0.0,
      0.001239820799369292,
      0.0,
      0.012745928867766727,
      0.0,
      0.0,
      0.006682244246010525,
      0.002152429280390771,
      0.0,
      0.0,
      0.022722003251968274,
      0.0,
      0.0,
      0.006482332731089232,
      0.009577332524566304,
      0.007915407105729806,
      0.008135662039714957,
      0.0,
      0.003869106011786219,
      0.008662582948462236,
      0.0,
      0.0,
      0.0003147932211076054,
      0.0,
      0.0,
      0.004942573727520833,
      0.0,
      0.0024876904042088477,
      0.0019779185636627783,
      0.009231105217382428,
      0.0005777999460978691,
      0.0,
      0.013484034036731629,
      0.009779471306234647,
      0.0026841450618195636,
      0.00466849013690675,
      0.0,
      0.0009027301654598754,
      0.002202737519008007,
      0.0,
      0.0,
      0.0029187367330965816,
      0.0011445298422031762,
      0.0,
      0.008454279195131203,
      0.0,
      0.0,
      0.0023574850320589717,
      0.0,
      0.0,
      0.005316209886814039,
      0.0009420795116600923,
      0.0,
      0.0,
      0.0,
      0.0,
      0.0,
      0.0026143523167014037,
      0.0,
      0.001679073352908469,
      0.0013420102137067362,
      0.0037903717444741246,
      0.0,
      0.0,
      0.0,
      0.0,
      0.0,
      0.0018900501364622904,
      0.011634852416500424,
      0.0,
      0.004467907306528243,
      0.0,
      0.0,
      0.00463714112502897,
      0.022262837604672257,
      0.0,
      0.012863053414502007,
      0.0,
      0.0,
      0.00044194780008441744,
      0.0024319274278112586,
      0.0,
      0.0,
      0.0,
      0.006314372678724398,
      0.015927219741936276,
      0.0,
      0.019647070342242348,
      0.0,
      0.0007984876800293021,
      0.0,
      0.0,
      0.0,
      0.0001416449907367222,
      0.0,
      0.0,
      0.0,
      0.0,
      0.0,
      0.015479806795210374,
      0.0,
      0.0,
      0.005311711809703885,
      0.03344798696006183,
      0.0,
      0.0,
      0.025614997982403926,
      0.008329959897205374,
      0.00626070188558702,
      0.009273468533541655,
      0.0,
      0.0,
      0.0,
      0.0054694094791532255,
      0.0,
      0.0,
      0.0,
      0.0,
      0.0007191625253103606,
      0.012953484875783275,
      0.0,
      0.0,
      0.0,
      0.011113115240959438,
      0.009097269655766668,
      0.0,
      0.0,
      0.0,
      0.005730943814260553,
      0.0,
      0.005404061846029268,
      0.00897737355779617,
      0.0011644820645310763,
      0.0,
      0.00060469643553769,
      0.0051130043311547625,
      0.0,
      0.0,
      0.0,
      0.0,
      0.0,
      0.0,
      0.0,
      0.014432107497846378
    ],
    "low_data": false
  },
  "250000": {
    "median": 1.3076915379897717e-05,
    "p90": 0.012871596900678727,
    "p10": 0.0,