{
  "100000": {
    "median": 0.0008028089867029768,
    "p90": 0.013562480288420895,
    "p10": 0.0,
    "sample": [
      0.00015383327729422768,
      9.686481705336858e-05,
      0.008755950855965988,
      0.022431181728871704,
      0.0,
      0.0,
      0.0,
      0.0,
      0.0024692867330871598,
      0.0,
      0.0035791868876894456,
      0.010062566074073895,
      0.012547479939460503,
      0.014998358137395838,
      0.008316979501261618,
      0.0,
      0.0,
      0.016108462416631334,
      0.011974531828636609,
      0.005094774083858188,
      0.0,
      0.00775335746010013,
      0.0017726832457794015,
      0.0,
      0.013787850202573664,
      0.0,
      0.007525309860150805,
      0.0,
      0.0,
      0.0,
      0.0,
      0.01109303127211482,
      0.00043354758741092757,
      0.008237323034958555,
      0.007602186712496541,
      0.0,
      0.0,
      0.005819466265961635,
      0.0,
      0.02266465567594836,
      0.0,
      0.0,
      0.009765040895406495,
      0.0,
      0.00917480824902473,
      0.0,
      0.0,
      0.0074278819478575675,
      0.0,
      0.0039598548879295255,
      0.0,
      0.018215136662429715,
      0.021549962972608413,
      0.008495261972801059,
      0.019210542968872108,
      0.0009927588101992998,
      0.0,
      0.009742166704817848,
      0.0,
      0.0028723710733241647,
      0.0,
      0.0,
      0.004132925384594854,
      0.00708529245442158,
      0.0012703024113333516,
      0.016553434049866998,
      0.001939543280284502,
      0.0,
      0.0,
      0.01321409200133007,
      0.0,
      0.011839606994500837,
      0.0,
      0.0016461020159644962,
      0.009572114175666972,
      0.0,
      0.013457759652387406,
      0.0,
      0.0,
      0.020088256264674458,
      0.006658622397869863,
      0.0,
      0.017759562752181688,
      0.0,
      0.0,
      0.0005707650752137267,
      0.0001163440795742417,
      0.0016039812715797862,
      0.0015261468840280336,
      0.0032752048822512906,
      0.0015588427908916497,
      0.0025242770931601967,
      0.0,
      0.0,
      0.002407288745090573,
      0.001301278457453236,
      0.004546769182146446,
      0.0,
      0.0,
      0.01360929515961844,
      0.0,
      0.0,
      0.006308585832113385,
      0.0007304376518726595,
      0.005028773348019388,
      0.02542207809537326,
      0.0,
      0.013557278636065612,
      0.0,
      0.00018043168332174608,
      0.0016302686924499691,
      0.0007873001726349195,
      0.0013980284596980784,
      0.012206094718593278,
      0.0,
      0.000518501677714022,
      0.005335937580992155,
      0.0,
      0.01855109673134891,
      0.0,
      0.0,
      0.0,
      0.011296405241779904,
      4.844897918512237e-05,
      0.0,
      0.0,
      0.000699510837073785,
      0.00652856500433859,
      0.017294261127748584,
      0.0,
      0.0001449297635173718,
      0.0001231562880777525,
      0.0,
      0.013012549948160224,
      0.010846109862037094,
      0.0,
      0.0,
      0.003375134224985108,
      0.0,
      0.004890418603777435,
      0.0031924613527169973,
      0.0,
      0.0006808231241328331,
      0.0008879501219300322,
      0.0030122557066061813,
      0.008516696730786703,
      0.0,
      0.00031706665241560474,
      0.0,
      0.0,
      0.0023680103523302967,
      0.0,
      0.0,
      0.0,
      0.024476424988998994,
      0.0,
      0.009448585017897826,
      0.0,
      0.0,
      0.0012595310199748373,
      0.007057814788201126,
      0.0003670398195408512,
      0.012156186652029376,
      0.0009960646940794968,
      0.0,
      0.022118213512620968,
      0.0,
      0.0011121735771592726,
      0.0,
      0.013104722476435697,
      0.0,
      0.018319098257097936,
      0.0,
      0.0,
      0.023280176568734313,
      0.00615042659609392,
      0.0,
      0.0,
      0.002722100336302232,
      0.0,
      0.0,
      0.0,
      0.0,
      0.002077449427248959,
      0.0031720845124583903,
      0.0,
      0.0013962077576407355,
      0.0,
      0.011206370031846807,
      0.002932937425955963,
      0.014714880981456,
      0.002162373185012843,
      0.0008183178007710343,
      0.001888284732244282,
      0.00762871806841985,
      0.0021465209163295364,
      0.0,
      0.0006811739612499838,
      0.009878874853958696,
      0.010636553991027604
    ],
    "low_data": false
  },
  "250000": {
    "median": 0.0009105889196585908,
    "p90": 0.013713965644401168,
    "p10": 0.0,