{
  "100000": {
    "median": 3.2541587841770004e-05,
    "p90": 0.01136953135823114,
    "p10": 0.0,
    "sample": [
      9.511331985520246e-05,
      0.00010802458330646135,
      0.003927429626204662,
      0.0044204722675561395,
      0.0,
      0.015825531662149638,
      0.0,
      0.0,
      0.010455582351799794,
      0.0,
      0.007426328820840627,
      0.0,
      0.008618977064073899,
      0.006719438269151356,
      0.00917932154518372,
      0.0,
      0.0,
      0.0,
      0.0028108641766375416,
      0.0031201973748908166,
      0.0,
      0.0,
      0.0,
      0.0030981591386955503,
      0.014588731135203585,
      0.0,
      0.002639037513073781,
      0.0,
      0.0,
      0.0,
      0.0,
      0.003008458149728049,
      0.0026903084956768123,
      0.0,
      0.0,
      0.0,
      0.0,
      0.0052045835302178016,
      0.002715200469281484,
      0.0039484972708771614,
      0.0,
      0.002390556396789725,
      0.002928492627767615,
      0.0,
      0.0,
      0.004787564973842707,
      0.0,
      0.0,
      0.011150361872157932,
      0.008687507030554823,
      0.0,
      0.018287736694612273,
      0.0,
      0.002424797998168136,
      0.006306631880714608,
      0.008946216201349201,
      0.0,
      0.0003123129983845385,
      0.0,
      0.0,
      0.009640062436562786,
      0.02162728807362017,
      0.0,
      0.0,
      0.006318376122092253,
      0.0024016256578673102,
      0.008857577851459528,
      0.0008586222572305024,
      0.0,
      0.0,
      0.011354324748433864,
      0.0,
      0.0,
      0.0,
      0.009130696293661051,
      0.0,
      0.0019531207324252557,
      0.004131554167531255,
      0.0,
      0.0,
      0.006695881871527258,
      0.005438186512671581,
      0.0,
      0.011898279039658,
      0.0,
      0.01373106920475758,
      0.0,
      0.0,
      0.0,
      0.0,
      0.0,
      0.0,
      0.011506390846406618,
      0.006676735829479743,
      0.0,
      0.001795887900684822,
      0.014855538367024168,
      0.0,
      0.009902473807805753,
      0.0,
      0.02027106212152953,
      0.006368558492801242,
      0.0,
      0.0,
      0.0028821852473591473,
      0.0,
      0.013051015742806532,
      0.0,
      0.008761769087384052,
      0.017781460302238535,
      0.0,
      0.005790200161245359,
      0.004915135268795871,
      0.004353400059361814,
      0.007815384088885841,
      0.0,
      0.006303474157329683,
      0.0,
      0.0,
      0.0024879670632738686,
      0.0,
      0.0,
      0.0,
      0.0,
      0.0018196022330798582,
      0.0,
      0.0,
      0.006760562637542411,
      0.005417783584684148,
      0.00514551526834451,
      0.0,
      0.0007907663549817305,
      0.013449776572895679,
      0.0005718467192862119,
      0.009530230501955029,
      0.0,
      0.0,
      6.508317568354001e-05,
      0.0015532683339741233,
      0.0,
      0.00979436410841074,
      0.0,
      0.020078388978948425,
      0.0,
      0.010152693594593108,
      0.0,
      0.0,
      0.0,
      0.0,
      0.004336532447179069,
      0.01172642709460689,
      0.015386221377091372,
      0.0006563895553595428,
      0.0,
      0.0,
      0.008231725299030906,
      0.0060443885809584276,
      0.003089816094188331,
      0.0,
      0.0,
      0.0,
      0.0117099972074762,
      0.0,
      0.0035589298220591865,
      0.0,
      0.0,
      0.0,
      0.0,
      0.004425907902949736,
      0.015111510003089046,
      0.0,
      0.002426588560684002,
      0.0,
      0.0,
      0.015211524769970189,
      0.010713531329525537,
      0.012346989055123686,
      0.0,
      0.0,
      0.004140838614619028,
      0.0,
      0.0,
      0.0006907794518455362,
      0.0,
      0.0,
      0.006402109602311734,
      0.0,
      0.002161515363960008,
      0.0,
      0.0,
      0.0,
      0.0,
      0.004792038449055584,
      0.0034234112143922647,
      0.004377820289667796,
      0.001278322387711833,
      0.001647764689554308,
      0.0,
      0.013853842690152862,
      0.002070589684394734
    ],
    "low_data": false
  },
  "250000": {
    "median": 0.00010721522477803117,
    "p90": 0.011559987002756612,
    "p10": 0.0,