{
  "100000": {
    "median": 3.41631939572707e-05,
    "p90": 0.009944322338896108,
    "p10": 0.0,
    "sample": [
      0.00010142964319118812,
      0.00011017638705795548,
      0.017530477218411764,
      0.0,
      0.0,
      0.0,
      0.00420798363133277,
      0.0018733858984307436,
      0.0,
      0.0,
      0.0,
      0.0033136624684619513,
      0.0,
      0.006800578919941138,
      0.0,
      0.0,
      0.0,
      0.006117332323188527,
      0.00893796166228832,
      0.0,
      0.010141267679983435,
      0.0,
      0.007500998412720767,
      0.0020308649510508764,
      0.0,
      0.004080317134212476,
      0.0033760171575808614,
      0.00024159744719655867,
      0.0,
      0.0,
      0.013530019709499535,
      0.0,
      0.003854002417164348,
      0.0,
      0.0,
      0.007308050364109359,
      0.0032795013223103414,
      0.0,
      0.0,
      0.012302954762907265,
      0.0,
      0.0,
      0.0,
      0.015680613680665256,
      0.02515600029491898,
      0.001977965944537838,
      0.0006446198576506453,
      0.007405879711847211,
      0.0056890315634617085,
      0.0,
      0.007128841521210036,
      0.0,
      0.0,
      0.009882943764474733,
      0.0,
      0.0,
      0.0,
      0.00992243952321974,
      0.0,
      0.011136440216996127,
      0.00041327359542305865,
      0.003139718650598953,
      0.0,
      0.0,
      0.003541517280967331,
      0.0028680577614197678,
      0.0,
      0.0007916149797077216,
      0.0,
      0.00021806430348336349,
      0.01606524581847368,
      0.0,
      0.020607734388928184,
      0.008042028148164761,
      0.0,
      0.0,
      0.0,
      0.0013723719171080588,
      0.009032154905519287,
      0.0,
      0.007315450539821193,
      0.0,
      0.009675664271315804,
      0.0006730221570250202,
      0.0,
      0.013559691012233564,
      0.0006111759041691812,
      0.005348338725185079,
      0.0,
      0.0,
      0.015169350910621634,
      0.009060951114143921,
      0.0,
      0.0007874690067803552,
      0.0,
      0.0,
      0.0,
      0.0,
      0.011955836055776117,
      0.0,
      0.0007116957513827937,
      0.007937109352834152,
      0.0,
      0.0,
      0.008869735956901312,
      0.0,
      0.009676601114155501,
      0.018240648045336073,
      0.006872314062396612,
      0.007285321655577189,
      0.0,
      0.0,
      0.0026875947409933008,
      0.0070302235446301565,
      0.010675775720119806,
      0.0,
      0.0021380432785125625,
      0.0,
      0.0027654709774043926,
      0.0,
      0.0,
      0.0,
      0.0,
      0.0,
      0.004946209921516304,
      0.004556334860886515,
      0.0,
      0.0,
      0.00351581603686121,
      0.0,
      0.007459065053692648,
      0.006807983234470851,
      0.0,
      0.0,
      0.0,
      0.003943977559711017,
      0.0,
      0.00043054442899586123,
      0.0,
      0.007312328222623502,
      0.0,
      0.0006469273074449025,
      0.02135132892428269,
      0.0032982882339122376,
      0.001407538967129399,
      0.0,
      0.0,
      0.0,
      0.0013353023302032905,
      0.0,
      0.0,
      0.0017218393246379532,
      0.016213004249620966,
      0.0,
      0.0,
      0.0,
      0.0,
      0.003465263408626816,
      0.004812873483478435,
      0.0,
      0.0,
      0.0013035668478401019,
      0.0,
      0.0020321797324897566,
      0.005072249857281025,
      0.0,
      0.0,
      0.0,
      0.021188522143788805,
      0.00023808611715404437,
      0.0,
      0.014517908129974574,
      0.000986893935416373,
      0.005087437131795496,
      0.007595288718797598,
      0.0,
      0.008362999840574231,
      0.0027988045452663024,
      0.012649952103874292,
      0.0,
      0.0033144924129434477,
      0.0,
      0.0,
      0.0,
      0.0,
      0.0,
      4.798686323778606e-05,
      0.0035441960061611023,
      0.012419686948755306,
      0.0024688608882359364,
      0.0013746620577027285,
      0.0,
      0.0,
      0.0,
      0.0,
      0.008515834961183515,
      0.0,
      0.007759017369260035,
      2.033952467675534e-05,
      0.0
    ],
    "low_data": false
  },
  "250000": {
    "median": 0.00019226647516790526,
    "p90": 0.010111398874869072,
    "p10": 0.0,