{
  "100000": {
    "median": 9.98369429248529e-05,
    "p90": 0.010440661654165897,
    "p10": 0.0,
    "sample": [
      0.00012023004951475668,
      0.00017817258501359235,
      0.0006683193756818419,
      0.000911909923391551,
      0.0,
      0.0,
      0.00012813597861056862,
      0.0002643745815995835,
      0.0,
      0.0046040259972672855,
      0.0,
      0.0020678575781745917,
      0.0,
      0.0,
      0.0009603683472508513,
      0.010603669534608388,
      0.011878690632338483,
      0.0005107153477814434,
      0.007722299005024102,
      0.00317638946672032,
      0.0,
      0.010438825323216891,
      0.002934562718307732,
      0.0,
      0.0004374960239476674,
      0.002039868852510413,
      0.0,
      0.009260763541731344,
      0.0,
      0.0,
      0.014521047415748282,
      0.0,
      0.00998007538708371,
      0.0,
      0.006674249193009385,
      0.0,
      0.0,
      0.005557836100438762,
      0.0020093460488100068,
      0.0,
      0.0,
      0.0,
      0.0,
      0.0,
      0.0,
      0.0,
      0.0,
      0.0007069474367979896,
      0.0,
      0.0,
      0.0,
      0.0007446023729341837,
      0.0,
      0.0005168246955659394,
      0.0018966179247207947,
      0.00420570030666813,
      0.01288064142633524,
      0.0022446625238366547,
      0.0,
      0.0,
      0.0004787324178216046,
      0.019626769253024434,
      0.0,
      0.002266528638713158,
      0.0007389770172986386,
      0.0,
      0.0,
      0.007118180620267233,
      0.0,
      0.0,
      0.002205380402600796,
      0.0,
      0.0,
      0.0012568323185443513,
      0.0020707811696900717,
      0.004262437244803737,
      0.0,
      0.003787493844757878,
      0.0011926074925453368,
      0.009415345279534445,
      0.005976833560868816,
      0.0,
      0.0,
      0.0,
      0.0,
      0.006906897109494919,
      0.0026934429304627,
      0.0,
      0.0,
      0.005562515662750458,
      0.0,
      0.0,
      0.0,
      0.0006912648549264774,
      0.0,
      0.009960465442486027,
      0.004528390357180525,
      0.0,
      0.0,
      0.0,
      0.0,
      0.017547483691304242,
      0.0014214037251071537,
      0.019829798347292794,
      0.00710446794701443,
      0.0,
      0.0010216803838848983,
      0.0,
      0.0,
      0.00902790883953687,
      0.019640748825252102,
      0.015235378707637508,
      0.006194282258827482,
      0.0,
      0.0,
      0.0,
      0.0,
      0.0,
      0.0,
      0.0,
      0.010553648714238684,
      0.0,
      0.01165110327405518,
      0.0,
      0.0,
      0.0034038131247079617,
      0.0018412429853889908,
      0.0,
      0.010457188632706947,
      0.0033870388003640803,
      7.944383633494911e-05,
      0.0,
      0.0,
      0.007614887074395623,
      0.005647652818627631,
      0.0006766071410154997,
      0.0,
      0.0,
      0.001975145754751304,
      0.0,
      0.003234365688255214,
      0.0,
      0.0,
      0.0,
      0.0,
      0.0025165021349544733,
      0.0,
      0.0,
      0.0,
      0.0,
      0.0,
      0.0,
      0.0,
      0.00034751374143881234,
      0.01231449287497931,
      0.0,
      0.013639018798449639,
      0.0,
      0.0020381981729668272,
      0.0016602326197063613,
      0.0015941598188999374,
      0.005501589166519495,
      0.0,
      0.0059876333629062676,
      0.0022307677542524125,
      0.0015188164343671376,
      0.0009894121766376275,
      0.00687403221573959,
      0.0,
      0.0,
      0.0036748851007830196,
      0.009119802896366425,
      0.0,
      0.0,
      0.0,
      0.004225249493721274,
      0.0,
      0.00590340318843269,
      0.0,
      0.0,
      0.011073480570900312,
      0.0,
      0.018541165463551872,
      0.0009274828370653087,
      0.0,
      0.0027579853568568975,
      0.004324951571385396,
      0.011637036753894133,
      0.0,
      0.0,
      0.0,
      0.009234217680651254,
      0.010235525512720223,
      0.005851792438421717,
      0.0,
      0.013877867282506378,
      0.01434827159245853,
      0.0097125414739857,
      0.011629756356043696,
      0.0
    ],
    "low_data": false
  },
  "250000": {
    "median": 0.00026589823607202346,
    "p90": 0.010581370243238953,
    "p10": 0.0,