{
  "100000": {
    "median": 0.0012255762663982359,
    "p90": 0.013417813445147423,
    "p10": 0.0,
    "sample": [
      0.00015832321562999317,
      0.0001130828237918838,
      0.013707135538880918,
      0.006000339140437581,
      0.01054151173522149,
      0.017693280850085404,
      0.0,
      0.0,
      0.0,
      0.01809325983241833,
      0.002277894508480886,
      0.022571651970199193,
      0.0009654037765209391,
      0.0,
      0.0,
      0.0,
      0.0077386412833324,
      0.0,
      0.0,
      0.0,
      0.0019218111684776904,
      0.0,
      0.0,
      0.0,
      0.0,
      0.0,
      0.014842004559857402,
      0.0,
      0.0068277535441811435,
      0.0072854400569137955,
      0.0,
      0.0003810311423468292,
      0.008771526278167885,
      0.01296979630172591,
      0.0073491541467782095,
      0.0,
      0.0040822955775445665,
      0.0012830561654922946,
      0.014396940722626395,
      0.02321991321055282,
      0.0164691757286503,
      0.01319895520424351,
      0.0,
      0.008827341174598042,
      0.01781043925152791,
      0.0018132228803438037,
      0.020952103702259653,
      0.012780886388143585,
      0.009170418487377433,
      0.0011605380602412432,
      0.00234628395099624,
      0.0,
      0.0063046568926377,
      0.0,
      0.0,
      0.008581110060695903,
      0.006367664758667422,
      4.235678098191077e-05,
      0.0005172649870095118,
      0.008127962761598105,
      0.0,
      0.015279471784589866,
      0.006109934096918957,
      0.0021985920552003184,
      0.0,
      0.016328745444913993,
      0.0,
      0.0,
      0.003257654947591095,
      0.007086185694753755,
      0.013409596061694005,
      0.010204990605195006,
      0.008050301881343988,
      0.013632309795194492,
      0.002586046164707002,
      0.0069652650168187625,
      0.009230036420247823,
      0.0,
      0.0,
      0.0,
      0.0,
      0.00043932392484650383,
      0.0017214497335123803,
      0.013118043185121013,
      0.0,
      0.0,
      3.721476343672573e-05,
      0.009146316533080793,
      0.0,
      0.007831093104439335,
      0.013491769896228186,
      0.0,
      0.010298342312321206,
      0.014563978475321615,
      0.015254963835106872,
      0.0011071695029159123,
      0.0,
      0.005907211017435916,
      0.001476313752173824,
      0.0026278865310785378,
      0.0,
      0.007999462705362942,
      0.005982010977921116,
      0.007374326385864646,
      0.0,
      0.0,
      0.003363800833010008,
      0.00022725479501709212,
      0.009301631484507215,
      0.005882574433478678,
      0.0,
      0.0,
      0.0,
      0.013050619602732585,
      0.0,
      0.0,
      0.00013956408218596892,
      0.0,
      0.014744591698961144,
      0.0019339099150448033,
      0.0,
      0.0,
      0.01444745824668531,
      0.0,
      0.0,
      0.005581320239297671,
      0.0,
      0.0,
      0.002812760095065464,
      0.008044845993743338,
      0.011929976509577967,
      0.0,
      0.0,
      0.010043524261977438,
      0.0013901829590462981,
      0.009026285060671596,
      0.0,
      0.005557608519832116,
      0.005298620861953862,
      0.0,
      0.008265882379784713,
      0.0,
      0.015924443019407944,
      0.0,
      0.0,
      0.0,
      0.0,
      0.0,
      0.00010667594833551287,
      0.0028651131841527337,
      0.0,
      0.0014179058352339867,
      0.0,
      0.0,
      0.0,
      0.005295392605838415,
      0.005088071145456374,
      0.0,
      0.0,
      0.0,
      0.005841561663527905,
      0.0,
      0.000558702794698659,
      0.0,
      0.0068224012422028225,
      0.0,
      0.0,
      0.009419138949039509,
      0.002845962284195531,
      0.004002338507680209,
      0.0,
      0.0,
      0.0,
      0.006829406621382494,
      0.009009112660250123,
      0.0,
      0.014101174183714014,
      0.0,
      0.0,
      0.004764159786041869,
      0.005310869469180439,
      0.005436017641955994,
      0.0,
      0.0,
      0.0,
      0.00257488211849992,
      0.001955020580584692,
      0.00331464462979104,
      0.0018808202745174327,
      0.01000168027577241,
      0.0007129026997254699,
      0.0025511445099157455,
      0.0011680963673041773,
      0.004156536964094475,
      0.0,
      0.0,
      0.0,
      0.0011377851343685353,
      0.0,
      0.0019789535698378027
    ],
    "low_data": false
  },
  "250000": {
    "median": 0.0014353149442192853,
    "p90": 0.013532374792019346,
    "p10": 0.0,