{
  "100000": {
    "median": 0.0003662769155503876,
    "p90": 0.010385705360696188,
    "p10": 0.0,
    "sample": [
      0.00010612843903907033,
      0.00010150010930310135,
      0.0,
      0.03952490652020218,
      0.032242010864845724,
      0.01992714965264467,
      0.0,
      0.0,
      0.0,
      0.0,
      0.006667953997253297,
      0.0,
      0.0,
      0.0,
      0.0,
      0.0,
      0.0022113269231574134,
      0.008238243869593011,
      0.0,
      0.0,
      0.006669476580691434,
      0.004277068405783026,
      0.0,
      0.012355159481929806,
      0.0,
      0.0,
      0.0004173291966759097,
      0.002581009747600742,
      0.0,
      0.0,
      0.010360110478881536,
      0.003761017091338572,
      0.0,
      0.0,
      0.0003980710471000396,
      0.009851741939252532,
      0.0006942485461477964,
      0.0034268485306722146,
      0.0,
      0.0038893208996168124,
      0.002569258929255219,
      0.011953418394806379,
      0.007813356656648592,
      0.0,
      0.00750370887386342,
      0.0,
      0.0,
      0.0,
      0.0029694901980584893,
      0.0,
      0.0,
      0.01211613756927797,
      0.0,
      0.0017894415644859366,
      0.007006036268975926,
      0.0,
      0.006681725612602512,
      0.0,
      0.015226423714097307,
      0.0,
      0.004798692735222017,
      0.0012181629998304967,
      0.00093862937984789,
      0.0,
      0.0,
      0.0,
      0.0,
      0.003574007604489533,
      0.00012023604003033107,
      0.0,
      0.012582589542189892,
      0.0,
      0.0,
      0.0019188763966530883,
      0.0,
      0.0,
      0.0,
      0.014518724130917255,
      0.0,
      0.0,
      0.0,
      0.009873802679176858,
      0.0,
      0.0011863335210038177,
      0.002147145634451883,
      0.0014797364580477169,
      0.00871815601888093,
      0.0,
      0.001322040240708911,
      0.0023225714277110977,
      0.0,
      0.007622389364991083,
      0.0,
      0.004222454501021508,
      0.0,
      0.014546800236724819,
      0.0,
      0.0004195197956572571,
      0.0,
      0.0,
      0.004655938633162228,
      0.0,
      0.006217556482709677,
      0.0,
      0.0,
      0.0,
      0.0010098919711091455,
      0.008222869401324289,
      8.474372079329561e-05,
      0.0,
      0.0,
      0.0,
      0.0,
      0.003408927510282869,
      0.00011505382076549752,
      0.0014029400218492272,
      0.0,
      0.007115240967872185,
      0.0,
      0.0,
      0.0046845654502795705,
      0.003033590305914207,
      0.0,
      0.001462541887800168,
      0.0008893964883938863,
      0.0018583109388346074,
      0.01047176493374326,
      0.0008647727701918625,
      0.0,
      0.0067641609529908,
      0.0,
      0.0,
      0.0,
      0.002985147373671281,
      0.004806853665910179,
      0.0,
      0.010376143185913182,
      0.010494525496995484,
      0.007143061634066853,
      0.0,
      0.0054646453435829405,
      0.0032044872130370353,
      0.01117411914131594,
      8.749182508215538e-06,
      0.007402378600736085,
      0.00033448278400073563,
      0.0010908033824536616,
      0.0034613047442977217,
      0.0,
      0.011043823268749668,
      0.004304168576790697,
      0.0,
      0.001522735150268539,
      0.0,
      0.0027231300540486053,
      0.0011834436297580577,
      0.0,
      0.008480732083266012,
      0.0,
      0.004906761827601417,
      0.011777223172443745,
      0.0,
      0.0072738070429591494,
      0.0019856468241269847,
      0.00832878441203871,
      0.008066710421991427,
      0.01189090621979355,
      0.00019335559348197863,
      0.0,
      0.001992524103959431,
      0.0,
      0.0,
      0.01167805302682045,
      0.0,
      0.0,
      0.0,
      0.0,
      0.019052404854312425,
      0.0,
      0.003080616335388555,
      0.0,
      0.0008008059117219185,
      0.012380057184192762,
      0.0,
      0.0,
      0.0,
      0.003261425855331166,
      0.0053026943656957985,
      0.0024495037508448178,
      0.0051506608640471884,
      0.0050336861904109005,
      0.02197813588046011,
      0.0018259970526968137,
      0.010235439328000837,
      0.0,
      0.0,
      0.0,
      0.0055843667920575605,
      0.0,
      0.0
    ],
    "low_data": false
  },
  "250000": {
    "median": 0.0005063636249279977,
    "p90": 0.0105458293875335,
    "p10": 0.0,