{
  "100000": {
    "median": 0.0,
    "p90": 0.011501237751864896,
    "p10": 0.0,
    "sample": [
      0.00013927772113885375,
      0.00013445645347064884,
      0.0014221427722992547,
      0.0,
      0.011095987129433188,
      0.0007710285470351654,
      0.0,
      0.0,
      0.0,
      0.0,
      0.003405105003555008,
      0.0,
      0.0,
      0.00963396730240426,
      0.0026197327191658216,
      0.001033331599178111,
      0.0013472837190819098,
      0.0,
      0.018555048563369234,
      0.007110289535392504,
      0.0,
      0.0,
      0.0,
      0.009130244028296673,
      0.0013789185086275975,
      0.006813275077730723,
      0.0,
      0.0,
      0.007900009526335643,
      0.0028345823058174317,
      0.014779382013375319,
      0.0,
      0.007495352047307259,
      0.0012329524926404213,
      0.0022716915086426134,
      0.005047928462509586,
      0.0,
      0.013695278885057257,
      0.004294540959862206,
      0.014413353147147106,
      0.005891845295011683,
      0.0,
      0.0,
      0.00976795141243362,
      0.012940364386508002,
      0.0,
      0.020164557914529372,
      0.015115961847835563,
      0.005850190223244049,
      0.0,
      0.004666046894523728,
      0.0,
      0.0,
      0.0,
      0.0,
      0.0,
      0.0,
      0.0,
      0.009965933736568757,
      0.0,
      0.014751126016490992,
      0.0,
      0.0,
      0.0,
      0.002102058166400057,
      0.0,
      0.00042728733470863856,
      0.0,
      0.0016086952289585245,
      0.004245448216713704,
      0.0,
      0.0,
      0.0,
      0.0,
      0.0,
      0.0,
      0.004986654374155429,
      0.003380891178140763,
      0.0,
      0.009012617365470604,
      0.0015871444745860265,
      0.004798855921742853,
      0.0,
      0.0035686312811308574,
      0.0,
      0.0,
      0.0,
      0.0,
      0.0,
      0.011381152448241384,
      0.0,
      0.0,
      0.007146412250958615,
      0.020179765605832286,
      0.0023063594831947832,
      0.015032961535974302,
      0.0,
      0.004445634271668183,
      0.0,
      0.0,
      0.006433393938459977,
      0.0,
      0.0,
      0.0009659353025596678,
      0.0,
      0.0032765126662502265,
      0.0,
      0.0,
      0.01834306235133254,
      0.0,
      0.0006604292584711851,
      0.0,
      0.0,
      0.0,
      0.005993239165089416,
      0.00024975899783016625,
      0.0,
      0.0033186820962398523,
      0.0,
      0.0,
      0.0028551544174558125,
      0.004194107287993203,
      0.0,
      0.006816658722198544,
      0.00047191767386692393,
      0.00011863272487659401,
      0.0,
      0.0,
      0.019782384199122822,
      0.0011810349964352198,
      0.0,
      0.0,
      0.005951709139170992,
      0.0,
      0.021254822599180205,
      0.0037506747111167903,
      0.0,
      0.005848167448129096,
      0.007177392537673338,
      0.007758629417872217,
      0.00533271842085945,
      0.01011575259126433,
      0.0,
      0.002591353981093751,
      0.017806484168770002,
      0.0,
      0.006822646440238635,
      0.004975733758987335,
      0.0,
      0.009161984541965559,
      0.0,
      0.0,
      0.0,
      0.0,
      0.0,
      0.0,
      0.0,
      0.0,
      0.0,
      0.008686160671933535,
      0.0,
      0.0,
      0.014549266708786236,
      0.0,
      0.007204223826285314,
      0.0,
      0.008957470349048684,
      0.002189916615743235,
      0.0,
      0.0,
      0.006800511800055597,
      0.0,
      0.0,
      0.0043592313045984895,
      0.0,
      0.004468222407541511,
      0.013731921415541639,
      0.009331490760441513,
      0.0,
      0.0,
      0.033069271082128364,
      0.018825955243512143,
      0.012582005484476575,
      0.0,
      0.000536538374028565,
      0.0,
      0.0009392005295059122,
      0.0,
      0.008197839893417214,
      0.0,
      0.0021180216937456723,
      0.0,
      0.021627083805488244,
      0.0010194799911756303,
      0.0,
      0.0,
      0.0030890214912714675,
      0.00744871284485366,
      0.0,
      0.0
    ],
    "low_data": false
  },
  "250000": {
    "median": 0.00010780972489155101,
    "p90": 0.011624866852047078,
    "p10": 0.0,