{
  "100000": {
    "median": 0.0003300280859991441,
    "p90": 0.012098411213971986,
    "p10": 0.0,
    "sample": [
      0.00010411870309515101,
      0.00015631379641203576,
      0.002606670356338961,
      0.0,
      0.0,
      0.01686109200431672,
      0.007848259789242322,
      0.0,
      0.0,
      0.0,
      0.00766406670386055,
      0.0,
      0.0,
      0.006895553851113122,
      0.007753563744191798,
      0.0,
      0.0,
      0.0,
      0.011910333703356136,
      0.0,
      0.011986060906014543,
      0.0,
      0.0033501452415116238,
      0.0,
      0.00300721006829133,
      0.0,
      0.005131951090214705,
      0.0,
      0.005027136233103423,
      0.0,
      0.004027035756697282,
      0.011255688026959275,
      0.016947823351954026,
      0.0,
      0.00017158108319365403,
      0.0,
      0.01078804605766828,
      0.0004942081520308781,
      0.015644196454498365,
      0.007346250064077215,
      0.0,
      0.0009714338614431116,
      0.006123226497214838,
      0.0,
      0.012378251624887227,
      0.015616081736611232,
      0.0,
      0.002220019362095543,
      0.012067317834981406,
      0.0014788632029411428,
      0.0029048301877682673,
      0.01588286672891354,
      0.013249916392483683,
      0.0,
      0.0032545248609576888,
      0.0,
      0.0,
      0.0,
      0.013156188473781784,
      0.0019253565683528537,
      0.011503413879924776,
      0.004976889723813428,
      0.0,
      0.0,
      0.0011489581166059808,
      0.006678334255864867,
      0.0,
      0.0,
      0.0,
      0.006526041432136752,
      0.004098633798596866,
      0.004927086812632673,
      0.00509821858080847,
      0.0,
      0.0017488241201814726,
      0.0,
      0.0,
      0.015454780460490085,
      0.0,
      0.015180693200056768,
      0.010049875719839575,
      0.00033695878577444686,
      0.009505940009584372,
      0.007538271367760322,
      0.003101519810499644,
      0.0,
      0.0,
      0.0,
      0.01343427723499835,
      0.0,
      0.0009137633102473218,
      0.004326270514848069,
      0.011271769539509686,
      0.00041652651587420735,
      0.0053884455237819045,
      0.0,
      0.0,
      0.0,
      0.004814159843481307,
      0.003697933375445129,
      0.007287543323899819,
      0.012897194717890715,
      0.0,
      0.0,
      0.006514792034565234,
      0.0,
      0.0,
      0.0,
      0.0011715445316123744,
      0.00756343805568096,
      0.0,
      0.0,
      0.002075415652702931,
      0.0,
      0.0,
      0.0,
      0.005766565128879539,
      0.0,
      0.0,
      0.0,
      0.00050974933320822,
      0.0,
      0.0,
      0.004253853568729996,
      0.026204993772532225,
      0.0,
      0.0,
      0.0,
      0.0,
      0.0215555001347931,
      0.005820192270857041,
      0.0,
      0.006342994600040369,
      0.02527741416408059,
      0.0,
      0.0,
      0.0028670669250075932,
      0.02406633784440381,
      0.0,
      0.02652937388146795,
      0.0,
      0.005295756022427536,
      0.0,
      0.0,
      0.0,
      0.00532138986780498,
      0.0,
      0.000969898820538927,
      0.0,
      0.0,
      0.0,
      0.0076680926815049805,
      0.01017532676016958,
      0.0,
      0.0,
      0.0,
      0.0,
      0.004228407350866176,
      0.0,
      0.008011967876743149,
      0.005473365175997266,
      0.0,
      0.0,
      0.0,
      0.0,
      0.016947300056144574,
      0.011501311717672547,
      0.006431527540771045,
      0.0105700291641317,
      0.0,
      0.0030216687996034858,
      0.0003230973862238413,
      0.0008498734495944957,
      0.0,
      0.0,
      0.0015313532601775226,
      0.0,
      0.0,
      0.0,
      0.0009060072809191544,
      0.0005525716056581054,
      0.011758818679856604,
      0.0014993582254586725,
      0.0,
      0.0,
      0.008451533635234364,
      0.0,
      0.0,
      0.0,
      0.0,
      0.0,
      0.004851206873549191,
      0.0012701512856231867,
      0.002359471618484416,
      0.005861561163530082,
      0.0,
      0.018111490114593346,
      0.01036911624111051,
      0.013403071880795198,
      0.0
    ],
    "low_data": false
  },
  "250000": {
    "median": 0.0004950341585547361,
    "p90": 0.01220913224976654,
    "p10": 0.0,