{
  "100000": {
    "median": 0.0027042269128087553,
    "p90": 0.012399136838768567,
    "p10": 0.0,
    "sample": [
      8.069743805082973e-05,
      0.00010177209970339482,
      0.0023043356537953367,
      0.005407180110322271,
      0.0008407797998427566,
      0.0033302231214231114,
      0.010695392847654703,
      0.008799083699397286,
      0.006137283157181572,
      0.0005655964989318276,
      0.0011116526708064994,
      0.001410994031032703,
      0.0,
      0.013961579376239569,
      0.009366999381887986,
      0.0,
      0.0093710646690011,
      0.0,
      0.0,
      0.0028184052299649043,
      0.0072393449546758575,
      0.004623236145188368,
      0.0,
      0.00686055334156345,
      0.0035187687261685877,
      0.002741826701734578,
      0.0008867020231321022,
      0.008325123069156946,
      0.0,
      0.00513809664833299,
      0.001540940518507141,
      0.0,
      0.0,
      0.0,
      0.004877608416451965,
      0.0,
      0.0,
      0.005991011014948282,
      0.011538648787113739,
      0.00555675584257965,
      0.017461391451467773,
      0.0,
      0.0,
      0.0,
      0.0,
      0.00369809499476861,
      0.0,
      0.014847934214250132,
      0.005266700349169363,
      0.014513426086377713,
      0.013875417121924454,
      0.002316319326635623,
      0.003756171376873895,
      0.006175874218988262,
      0.0,
      0.0,
      0.002585151113893933,
      0.00740273499865384,
      0.0016935943830358297,
      0.0,
      0.01011647854215481,
      0.0,
      0.0,
      0.002666627123882933,
      0.0008146476795839697,
      0.0,
      0.0,
      0.0,
      0.0036101051730363033,
      0.006052568586411795,
      0.0,
      0.003709256529702424,
      0.005457794529651429,
      0.012852841257445163,
      0.008186253441612048,
      0.003320679916447509,
      0.0011704206063875087,
      0.007116508863373879,
      0.0067646980782852025,
      0.0,
      0.02762829412388858,
      0.0,
      0.0007217301924516749,
      5.878411311976983e-05,
      0.0,
      0.005012304958292781,
      0.0,
      0.007933639802250706,
      0.008628656875931033,
      0.0,
      0.007150745577147487,
      0.012765565019661147,
      0.004742276022522608,
      0.0,
      0.0,
      0.008462542763052104,
      0.0,
      0.0054793847916695506,
      0.011221814118813787,
      0.0,
      0.0,
      0.0,
      0.0033199926598729986,
      0.0,
      0.005865907578520593,
      0.0020644783712033747,
      0.0,
      0.0,
      0.008176651570079942,
      0.0,
      0.0044586048660823045,
      0.001992323817499239,
      0.0,
      0.002946615679521595,
      0.0021551571888028223,
      0.011119739362692423,
      0.0036422345326634037,
      0.010229675430927645,
      0.00507912681169518,
      0.0,
      0.004416341953116794,
      0.004966651986667048,
      0.014845223396940306,
      0.002865824956663913,
      0.0,
      0.0,
      0.019463509625616836,
      0.0,
      0.0056680726481669105,
      0.0,
      0.01417833891661666,
      0.005628766902975319,
      0.0,
      0.012358422596447172,
      0.0,
      0.009952744435796005,
      0.02622548661772601,
      0.008576610625788138,
      0.0,
      0.0,
      0.0,
      0.032448057636838175,
      0.011550102536222679,
      0.0,
      0.00624575527836236,
      0.002210370874866878,
      0.00025301561875709156,
      0.0,
      0.006178631744804446,
      0.0,
      0.0,
      0.009322545380118695,
      0.002941373699072193,
      0.014194296907556818,
      0.0078213341626025,
      0.0,
      0.0,
      0.010096546260344813,
      0.0,
      0.0,
      0.005385116842908082,
      0.0,
      0.006979836953896857,
      0.005117459940242555,
      0.00016839650296413878,
      0.0021871762931791106,
      0.0,
      0.021697390107499756,
      0.0,
      0.002790127530035344,
      0.0,
      0.004702801234233606,
      0.001124536370375577,
      0.00033714072666299116,
      0.0,
      0.006129006351021898,
      0.00281788177261138,
      0.006093579840519581,
      0.012983236363630603,
      0.0,
      0.0,
      0.017256837924936354,
      0.0,
      0.0057937661210215015,
      0.0058421938560801676,
      0.022938377936395544,
      0.007148458535923494,
      0.0,
      0.0,
      0.013350582289331375,
      0.008851877925497242,
      0.0,
      0.0,
      0.0,
      0.010782645522662887,
      0.0,
      0.014236152309625202,
      0.003769080872465246,
      0.010082492572768512,
      0.0
    ],
    "low_data": false
  },
  "250000": {
    "median": 0.002833619550459055,
    "p90": 0.012515442232029713,
    "p10": 0.0,