{
  "100000": {
    "median": 0.00015568814189932743,
    "p90": 0.013288931881531473,
    "p10": 0.0,
    "sample": [
      0.00015215530811348325,
      0.00017751338885311642,
      0.0,
      0.0011791701249366459,
      0.0,
      0.007481328955287707,
      0.012865388414828599,
      0.0,
      0.0,
      0.0,
      0.0031201905127207254,
      0.018868480430832595,
      0.0,
      0.014912001795301453,
      0.00467833040055252,
      0.0,
      0.0,
      0.0,
      0.013284808120512947,
      0.0019442401559614433,
      0.015204409395800908,
      0.0,
      0.0,
      0.013419025096305345,
      0.0,
      0.007549604292875819,
      0.0035002364528601486,
      0.008902136835820909,
      0.006533295142911213,
      0.014669676316859503,
      0.029612022468001983,
      0.015567168924732339,
      0.0,
      0.02073662257227783,
      0.0,
      0.0,
      0.0,
      0.0,
      0.0,
      0.0013558498082882544,
      0.002078012081408914,
      0.001732476898814263,
      0.008402265209946757,
      0.001220009930916012,
      0.0074640769110533665,
      0.0,
      0.0043758927825693706,
      0.0,
      0.0040036913590323,
      0.0013564200707751226,
      0.0003147651021273589,
      0.006774898557997869,
      0.0,
      0.0007151930268139946,
      0.005959312486579306,
      0.009054871326487059,
      0.0,
      0.0,
      0.014329832547733491,
      0.0,
      0.009125008199138113,
      0.01981272706117858,
      0.0035317276163288284,
      0.0,
      0.0193184297688132,
      0.0,
      0.0055490449705848,
      0.013326045730698203,
      0.01791004047081924,
      0.0,
      0.004541623680372281,
      0.0,
      0.0,
      0.021719598380157842,
      0.0,
      6.64220929101987e-05,
      0.0,
      0.0,
      0.0,
      0.0,
      0.0,
      0.0,
      0.0,
      0.0,
      0.006059287051286674,
      0.0046291865867678925,
      0.0,
      0.0,
      0.015152811252250879,
      0.006363837423868231,
      0.0,
      0.0,
      0.008826648654906018,
      0.0,
      0.0,
      0.0031862344142002527,
      0.002730967853754759,
      0.0,
      0.004551367276071675,
      0.0,
      0.003060047742251864,
      0.01463682939665883,
      0.0022708802038082297,
      0.0,
      0.009307082940553773,
      0.001630890341538781,
      0.008317645594876182,
      0.013552364204877538,
      0.00043876096935534665,
      0.0,
      0.006482397777153992,
      0.0001592209756851716,
      0.012118290575254605,
      0.0012002155044860319,
      0.000320735361628482,
      0.003988019515280915,
      0.0,
      0.0,
      0.0,
      0.0,
      0.0,
      0.006356122937286081,
      0.0014076371060636962,
      0.006595582414849047,
      0.013023054539596186,
      0.0,
      0.0,
      0.0,
      0.0025833780944552465,
      0.0,
      0.0,
      0.008790694440995802,
      0.0,
      0.003973374359908647,
      0.006621967306886497,
      0.012697889821686372,
      0.0,
      0.0,
      0.005040054655790612,
      0.0,
      0.00755107815486717,
      0.0,
      0.001144719725069711,
      0.0,
      0.0,
      0.0,
      0.007302329233369725,
      0.014048095688292524,
      0.008113360765969035,
      0.0,
      0.0,
      0.010831266634149283,
      0.0,
      0.0,
      0.0,
      0.0,
      0.006975013495067648,
      0.0,
      0.007642926207842142,
      0.0,
      0.002945753828650644,
      0.02007528923392977,
      0.013160975432714044,
      0.0,
      0.005057427157252941,
      0.006219979806099611,
      0.0,
      0.004831886687253457,
      0.0,
      0.0,
      0.0,
      0.0,
      0.0,
      0.0,
      0.0,
      0.00727368294793512,
      0.03278641860750924,
      0.0,
      0.0,
      0.009676519728200321,
      0.0,
      0.0,
      0.0047384638889964355,
      0.0,
      0.0064408662499216285,
      0.0,
      0.0,
      0.0013610051958257046,
      0.0,
      0.0,
      0.0,
      0.0,
      0.0009667630476630342,
      0.0020628557162217,
      0.0,
      0.0,
      0.0,
      0.0001375849664060518,
      0.008084225395835051,
      0.012172506393537556
    ],
    "low_data": false
  },
  "250000": {
    "median": 0.000330995279163504,
    "p90": 0.013427690775586613,
    "p10": 0.0,