{
  "100000": {
    "median": 0.0005459127387582204,
    "p90": 0.008578956693511212,
    "p10": 0.0,
    "sample": [
      0.00010035996749764177,
      0.00011959192219113684,
      0.0058061280276650125,
      0.0,
      0.00636365505487519,
      0.0,
      0.0,
      0.002131166269037404,
      0.0,
      0.0,
      0.00138349245276751,
      0.022981978111413094,
      0.0017670278056973593,
      0.0,
      0.0,
      0.008284119393758053,
      0.014613888030391948,
      0.0018323166921773398,
      0.0,
      0.0026310061975645515,
      0.0026269994042766092,
      0.01522034347887329,
      0.008333399905778766,
      0.0,
      0.008107809794047006,
      0.0,
      0.0,
      0.0,
      0.0028364302726038766,
      2.0448614399298153e-05,
      0.0006237350989935133,
      0.005067727834557446,
      0.0,
      0.005850471951627737,
      0.0,
      0.0,
      0.009180523610431238,
      0.0032737078084304557,
      0.0,
      0.0,
      0.008906118767183944,
      0.0002726248552988893,
      0.0015800391210984276,
      0.0,
      0.0,
      0.005323776515968208,
      0.0,
      0.00035638309809436503,
      0.0,
      0.0,
      0.0,
      0.013165590324500548,
      0.0,
      0.004295935819302925,
      0.0,
      0.0,
      0.0,
      0.007612501840812717,
      0.0,
      0.0,
      0.0,
      0.0,
      0.0009256238704027894,
      0.0004680903785229274,
      0.0,
      0.009135010185139517,
      0.0029825421487194768,
      0.0,
      0.0,
      0.0007138707257234849,
      0.0,
      0.018459978824600303,
      0.00957796079618984,
      0.0,
      0.0,
      0.0,
      0.012019883424649035,
      0.0,
      0.0,
      0.010046471216088605,
      0.0,
      0.0,
      0.002997689001063085,
      0.0037687485407968658,
      0.008542605351992022,
      0.0,
      0.02226177431180913,
      0.007773920093175641,
      0.016988309445819572,
      0.036104365485963824,
      0.008141104176640428,
      0.002100587154024461,
      0.0,
      0.00012896423976820276,
      0.0,
      0.0,
      0.00460761341923832,
      0.003863520726247248,
      0.0,
      8.149411337348615e-05,
      0.007738739155244991,
      0.0020992784047233347,
      0.0017894282276888736,
      0.0,
      0.0,
      0.003496847711334729,
      0.00022535809385897348,
      0.0,
      0.0015139002244228096,
      0.0,
      0.0001431740486074137,
      0.0063595847948719935,
      0.0,
      0.0,
      0.00507433743616876,
      0.0014967566063471456,
      0.0,
      0.0038323369820542023,
      0.003121473301047781,
      0.0017446893850555215,
      0.012638750482749126,
      0.0,
      0.005866267903698006,
      0.0018877668111771328,
      0.006325683945636002,
      0.0028935231744316235,
      0.005323635007374995,
      0.0,
      0.000759776474628965,
      0.0,
      0.0,
      0.0,
      0.0,
      0.00667669723652025,
      0.0,
      0.0026701448086325105,
      0.005883124916590122,
      0.0,
      0.006856065408521282,
      0.0,
      0.0,
      0.006026273867185988,
      0.0,
      0.007395615446791903,
      0.000374993478293608,
      0.0,
      0.0025046552525325033,
      0.0,
      0.0,
      0.0,
      0.007516473902635385,
      0.010485908038806493,
      0.0,
      0.0,
      0.0043488292315997466,
      0.0,
      0.0,
      0.0,
      0.0010749552389384173,
      0.0,
      0.005699326291170278,
      0.011906054907881552,
      0.0,
      0.007091391667859323,
      0.0,
      0.0,
      0.004482544236314543,
      0.005451007080227921,
      0.009353592346487116,
      0.0,
      0.005975721662710813,
      0.010540493696917777,
      0.004794339827787733,
      0.0,
      0.00610013456432499,
      0.007202067948927065,
      0.0024420269453215068,
      0.0,
      0.002201078749034287,
      0.0,
      0.002227678443021273,
      0.0,
      0.006780960567945396,
      0.008439046059420165,
      0.008234991481411711,
      0.006668519786722902,
      0.0,
      0.007149070446259438,
      0.0,
      0.0,
      0.003269119165244451,
      0.0071428647455251005,
      0.007000722471018116,
      0.004492145152672376,
      0.006928591583358845,
      0.0,
      0.003967698292963285,
      0.0,
      0.011160130934344828,
      0.0
    ],
    "low_data": false
  },
  "250000": {
    "median": 0.0006648770429447175,
    "p90": 0.008813663502754601,
    "p10": 0.0,