{
  "100000": {
    "median": 0.0008004813409428466,
    "p90": 0.01193263338218177,
    "p10": 0.0,
    "sample": [
      9.65803990972444e-05,
      0.0001671848784498106,
      0.0,
      0.008154964066075368,
      0.0,
      0.008380611360510297,
      0.0,
      0.010246306727121643,
      0.0021444032891479586,
      0.0010489497270388469,
      0.0,
      0.0,
      0.0,
      0.0202884742621796,
      0.0,
      0.0,
      0.0030170625087245716,
      0.015268478085086717,
      0.0,
      0.0027621042321925525,
      0.004721569998307748,
      0.008276277919603744,
      0.018341100428874053,
      0.0,
      0.0,
      0.002897154589455935,
      0.0,
      0.0,
      0.0007261383059701366,
      0.0,
      0.008152812921232334,
      0.0031467889040390946,
      0.0,
      0.008629904847575486,
      0.0,
      0.008384827552178358,
      0.0,
      0.0,
      0.0028746663192501815,
      0.007630493775077852,
      0.02611300333828988,
      0.012310151695584965,
      0.014983816390131648,
      0.004575841369313628,
      0.0,
      0.0035785667229891465,
      0.016051114742516852,
      0.014200322691972841,
      0.0,
      0.0,
      0.0,
      0.012329831974054205,
      0.0,
      0.0007796693015967326,
      0.0,
      0.0,
      0.0,
      0.0,
      0.011979331043025586,
      0.005456499765991887,
      0.003210561551237882,
      0.0,
      0.0,
      0.00334724056315616,
      0.021471783155080398,
      0.008245887610883131,
      0.005745400515599385,
      0.0,
      0.0,
      0.0,
      0.0,
      0.0026641211037991314,
      0.0,
      0.002669670548149916,
      0.007783146575046675,
      0.0010654102183219854,
      0.0,
      0.0,
      0.0,
      0.004028157201972482,
      0.011760504406207298,
      0.0023367693722255592,
      0.0,
      0.000560117922177733,
      0.0,
      0.014758974414776532,
      0.0,
      0.003154459839046316,
      0.0016100152487809626,
      0.008291868610580351,
      0.005295618437040875,
      0.0007114102645008845,
      0.0038445525724972573,
      0.0,
      0.0,
      0.01122442408357966,
      0.0,
      0.0,
      0.01838820961907132,
      0.0,
      0.0,
      0.00993831583649319,
      0.0,
      0.007090884768346651,
      0.0,
      0.006030739410615276,
      0.010405394783747303,
      0.0034662183509378774,
      0.0005471886063592031,
      0.009024126055437166,
      0.0,
      0.004020176883728891,
      0.0,
      0.0,
      0.0021418353151891898,
      0.0,
      0.0,
      0.0,
      0.0,
      0.0,
      0.005867343845788566,
      0.0,
      0.0,
      0.0,
      0.009365920580496285,
      0.0,
      0.0,
      0.006651871718279193,
      0.0002979174937599372,
      0.0,
      0.012854524705101787,
      0.0,
      0.014888417863318026,
      0.0,
      0.0,
      0.0003586430794902889,
      0.0,
      0.0,
      0.006229967679847738,
      0.011664902495147768,
      0.0,
      0.0,
      0.0007118513431599508,
      0.00019070648084050133,
      0.009857718750772673,
      0.0,
      0.0,
      0.0,
      0.0,
      0.020503276961155243,
      0.011927444753199125,
      0.0018425497569017524,
      0.0,
      0.001983131976257364,
      0.0,
      0.009311526399409895,
      0.006642716268362539,
      0.00738780810830086,
      0.0,
      0.0081431135954317,
      0.0008185865275645912,
      0.0,
      0.00297022085432016,
      0.007280056321263538,
      0.0,
      0.0007823761543211019,
      0.00740579735344486,
      0.0,
      0.0,
      0.0,
      0.009756271275065119,
      0.007017210108393547,
      0.006396016082389464,
      0.0,
      0.01262546554955552,
      0.013288186924101504,
      0.009427622345737663,
      0.009213832423779687,
      0.0,
      0.002228528256127957,
      0.004461736188325683,
      0.006929745702782107,
      0.005740554086396087,
      0.002426177102314958,
      0.004668673866290834,
      0.0,
      0.0,
      0.0,
      0.011525005094716625,
      0.0,
      0.017464861120982604,
      0.008688195594291152,
      0.0037172595349691533,
      0.01854368042307517,
      0.0016136100360583322,
      0.002896489622211717,
      0.009998236614655702,
      0.002539901397593904,
      0.0,
      0.006797259473585004
    ],
    "low_data": false
  },
  "250000": {
    "median": 0.0009429957663982271,
    "p90": 0.012027879504325894,
    "p10": 0.0,