{
  "100000": {
    "median": 0.0,
    "p90": 0.013511662648297323,
    "p10": 0.0,
    "sample": [
      0.00010377812779429469,
      8.717920633363267e-05,
      0.0,
      0.0003207248488999242,
      0.02432747056241308,
      0.0,
      0.01102561084784254,
      0.017190724669442034,
      0.0027482438942201736,
      0.0,
      0.010134444931836658,
      0.0,
      0.003602945760325836,
      0.009721325429520474,
      0.0,
      0.018771525545487545,
      0.0,
      0.013541068556622784,
      0.013830750435646253,
      0.0,
      0.01166453112817915,
      0.0,
      0.0,
      0.008910775148739919,
      0.009790307528267202,
      0.011930008789549178,
      0.0,
      0.00955830953463971,
      0.0010517972503428122,
      0.011405416085127188,
      0.0,
      0.005624267566613959,
      0.0,
      0.0008815102187119641,
      0.0005045889404472391,
      0.0,
      0.0,
      0.004363375279329317,
      0.0,
      0.0017838861204855186,
      0.0,
      0.0,
      0.0028628104902668613,
      0.0029095368135294104,
      0.0016265526744250417,
      0.0,
      0.0014668443483671157,
      0.00802596526281265,
      0.00032532635492121137,
      0.0,
      0.0,
      0.007221093964077921,
      0.004565694742883543,
      0.014335289691221232,
      0.0,
      0.0,
      0.0,
      0.006691955981085327,
      0.0,
      0.0,
      0.014604650388374083,
      0.005174896967201555,
      0.0,
      0.0,
      0.0,
      0.0025407309096553577,
      0.0,
      0.0,
      0.0,
      0.0,
      0.0,
      0.0,
      0.004371743829035339,
      0.0,
      0.008405059471402382,
      0.012371883762604794,
      0.008521111440142691,
      0.0,
      0.0,
      0.019057126381811975,
      0.001893648505826526,
      0.0,
      0.0,
      0.0019358976229793595,
      0.0,
      0.0,
      0.0,
      0.0,
      0.0,
      0.0,
      0.003141001415344347,
      0.0,
      0.004939180475491674,
      0.0023381474161948586,
      0.005356717938097239,
      0.0,
      0.015013442043565566,
      0.0013467789335750875,
      0.0,
      0.0,
      0.0,
      0.01350839532515005,
      0.00529585372464675,
      0.0067963677132952625,
      0.006986629330617156,
      0.004938559465172161,
      0.0,
      0.0,
      0.0,
      0.0,
      0.0,
      0.0,
      0.0,
      0.0,
      0.00012214448041054194,
      0.0,
      0.0072996248821409595,
      0.0,
      0.0,
      0.001510424959389112,
      0.0,
      0.013944770161271328,
      0.007956712645454849,
      0.0,
      0.0,
      0.0,
      0.0019755355396514898,
      0.018655260737981454,
      0.0,
      0.02328786075915824,
      0.01820785668310838,
      0.01226846938708939,
      0.0,
      0.0,
      0.0,
      0.0,
      0.0,
      0.006016980437779193,
      0.0,
      0.0,
      0.0,
      0.005883586305847833,
      0.003867013225636153,
      0.0,
      0.0,
      0.0,
      0.0,
      0.017938233903733267,
      0.01804465974035711,
      0.0,
      0.0025713983820346243,
      0.0,
      0.0,
      0.0,
      0.0,
      0.0,
      0.0,
      0.007911523481448825,
      0.0,
      0.008433338826864043,
      0.0,
      0.0,
      0.0,
      0.0,
      0.0,
      0.015540351033907204,
      0.0037016578340603535,
      0.008056124057096686,
      0.00821174872232277,
      0.0007997822677839317,
      0.015086689792171417,
      0.007940560264666845,
      0.0,
      0.0006781017105328643,
      0.0,
      0.0003710025009631056,
      0.0017358103887887132,
      0.0,
      0.0,
      0.001836722952680815,
      0.0,
      0.022014272549639523,
      0.0,
      0.015428478226012931,
      0.0,
      0.0,
      0.009201831821149377,
      0.017201461373769336,
      0.004241323584832218,
      0.0,
      0.0,
      0.0,
      0.0,
      0.004140327948708459,
      0.0,
      0.0,
      0.0,
      0.0,
      0.0,
      0.00805180273596788
    ],
    "low_data": false
  },
  "250000": {
    "median": 0.0,
    "p90": 0.013629197044422316,
    "p10": 0.0,
    "sample": [
      0.00023672920485433223,
      0.00019886525835289943,
      0.0,
      0.00045115242650562636,
      0.024530832363100153,
      0.0,
      0.011176045625538849,
      0.017342130276811255,
      0.002957914561008636,
      0.0,
      0.010274401799847826,
      0.0,
      0.0037392868453967497,
      0.009917851879728856,
      0.0,
      0.01892602921209566,
      0.0,
      0.01366800102354995,
      0.014000543732550642,
      0.0,
      0.011779476827769248,
      0.0,
      0.0,
      0.009027114236342643,
      0.009945855050388103,
      0.012036484113708251,
      0.0,
      0.009694863999316078,
      0.00120131235056163,
      0.011600714445097228,
      0.0,
      0.00575402219690241,
      0.0,
      0.0011240080067653172,
      0.0006948072729780859,
      0.0,
      0.0,
      0.004506784955752622,
      0.0,
      0.001985336996737458,
      0.0,
      0.0,
      0.003042222762650422,
      0.0031325674767736862,
      0.0018173779829772259,
      0.0,
      0.0016021768471082365,
      0.00812921679269158,
      0.0004785557864502553,
      0.0,
      0.0,
      0.007434777545765249,
      0.0047200902218028275,
      0.014488204845535995,
      0.0,
      0.0,
      0.0,
      0.006863603436126598,
      0.0,
      0.0,
      0.01481433338258949,
      0.005323392555968275,
      0.0,
      0.0,
      0.0,
      0.0027970753393123265,
      0.0,
      0.0,
      0.0,
      0.0,
      0.0,
      0.0,
      0.004507419235251184,
      0.0,
      0.008667140249106108,
      0.012543280230365822,
      0.0086363999220897,
      0.0,
      0.0,
      0.01921018083659133,
      0.0020628476889640542,
      0.0,
      0.0,
      0.0021449424007638387,
      0.0,
      0.0,
      0.0,
      0.0,
      0.0,
      0.0,
      0.003360588077260213,
      0.0,
      0.005234842663092797,
      0.0024688700894080436,
      0.005527767289395889,
      0.0,
      0.015205867906934407,
      0.0015918663198999897,
      0.0,
      0.0,
      0.0,
      0.013624885491185913,
      0.0055219510094678525,
      0.006943504257810474,
      0.007122530827726958,
      0.005105163596202379,
      0.0,
      0.0,
      0.0,
      0.0,
      0.0,
      0.0,
      0.0,
      0.0,
      0.0002609017091350033,
      0.0,
      0.007466832405066703,
      0.0,
      0.0,
      0.0016743459301551426,
      0.0,
      0.01420529991025866,
      0.008145073841699579,
      0.0,
      0.0,
      0.0,
      0.0020820804297675857,
      0.018816837778268824,
      0.0,
      0.02340427170373214,
      0.018484104242480284,
      0.012398408547918174,
      0.0,
      0.0,
      0.0,
      0.0,
      0.0,
      0.006136404998229819,
      0.0,
      0.0,
      0.0,
      0.006096455057286291,
      0.0040198173181654195,
      0.0,
      0.0,
      0.0,
      0.0,
      0.018095637748357728,
      0.018237207425198673,
      0.0,
      0.002796010320332288,
      0.0,
      0.0,
      0.0,
      0.0,
      0.0,
      0.0,
      0.008119871596142322,
      0.0,
      0.008691965419380403,
      0.0,
      0.0,
      0.0,
      0.0,
      0.0,
      0.01564676596024837,
      0.00393428290345221,
      0.008165339319516723,
      0.00846631633543748,
      0.0009447716506644358,
      0.015206281408624019,
      0.008067354610433982,
      0.0,
      0.0008787578176507533,
      0.0,
      0.0005316155596173482,
      0.001861919712687615,
      0.0,
      0.0,
      0.0019463209691744582,
      0.0,
      0.022250069438181516,
      0.0,
      0.01553981297676171,
      0.0,
      0.0,
      0.009313349721753563,
      0.01741044056126538,
      0.004424600761003445,
      0.0,
      0.0,
      0.0,
      0.0,
      0.0042488056442581135,
      0.0,
      0.0,
      0.0,
      0.0,
      0.0,
      0.008151687877464519
    ],
    "low_data": false
  },
  "500000": {
    "median": 0.0,
    "p90": 0.013810446178596732,
    "p10": 0.0,