{
  "100000": {
    "median": 0.0007534096570204207,
    "p90": 0.011578004240122125,
    "p10": 0.0,
    "sample": [
      0.00012111243409977403,
      0.00010194315310168748,
      0.01266105797815776,
      0.0,
      0.011450756187139376,
      0.0,
      0.0,
      0.01848103783016832,
      0.007839168304547315,
      0.0,
      0.0,
      0.0,
      0.0,
      0.00041912512838622424,
      0.0,
      0.004337064957018495,
      0.00593040053204735,
      0.002551725327065385,
      0.0,
      0.004977919137476653,
      0.0004500528860527835,
      0.009897222159781933,
      0.0,
      0.0014369185448920533,
      0.023653245212841536,
      0.0,
      0.006108873411994897,
      0.0,
      0.011367030737696113,
      0.0,
      0.0024593105613318453,
      0.006595989143461381,
      0.0,
      0.004329857538616331,
      0.0,
      0.0,
      0.014009036713410843,
      0.0,
      0.007609327500166048,
      0.006245650357749738,
      0.0,
      0.009290992091401254,
      0.015706212282146425,
      0.0,
      0.0,
      0.0,
      0.003827869379000153,
      0.004783939141373632,
      0.0,
      0.012124701645122736,
      0.0009860102655733236,
      0.008177563656325729,
      0.0017379269015680857,
      0.007083580993290728,
      0.00038077910496768486,
      0.0,
      0.0025839822035208238,
      0.006203039295440115,
      0.0011156777903774471,
      0.0,
      0.0,
      0.012071330305196467,
      0.0016233848694783097,
      0.0,
      0.0,
      0.02820846395218499,
      0.0,
      0.005817844971386061,
      0.019338662345228404,
      0.0025351069213311065,
      0.0009145711987869874,
      0.011620994582362132,
      0.00732282677849921,
      0.007562323930534106,
      0.0010554643479562481,
      0.010853731059530905,
      0.0,
      0.010521397741685144,
      0.0011926598833729726,
      0.0,
      0.0,
      0.0,
      0.005115945874359512,
      0.0,
      0.005100859843353019,
      0.008182803485457371,
      0.006078271652647629,
      0.0,
      0.005935832447636747,
      0.01157322753542879,
      0.0,
      0.0,
      0.014817451830896854,
      0.0049895057951045005,
      0.0017083426395999451,
      0.0,
      0.014903438242279231,
      0.0,
      0.0,
      0.0,
      0.0,
      0.0,
      0.0,
      0.0,
      0.0,
      0.004834353978359158,
      0.0037793969922675606,
      0.0015156429704663594,
      0.0,
      0.025927720585905128,
      0.0010493152460924718,
      0.0,
      0.0066919996325094265,
      0.006694029681929959,
      0.0,
      0.0,
      0.0,
      0.0,
      0.0,
      0.0,
      0.0,
      0.0,
      0.0,
      0.0,
      0.001685868131979645,
      0.007043306905097357,
      0.0,
      0.0,
      0.0037032148598737775,
      0.0,
      0.01820661898363773,
      0.005596298488899086,
      0.00828977770713656,
      0.0,
      0.0013765290162964115,
      0.0,
      0.0,
      0.004482833093301063,
      0.0,
      0.0007531906764481145,
      0.0,
      0.013390614172244361,
      0.0,
      0.0,
      0.006610878967647155,
      0.007432641997662547,
      0.021894801264755834,
      0.0,
      0.0037964188413403825,
      0.0028353436981250037,
      0.0,
      0.011193610231586522,
      0.0009377975063501421,
      0.0,
      0.003831986643072158,
      0.0,
      0.025987676420743584,
      0.0070068882080137635,
      0.0,
      0.0,
      0.0001543821391462526,
      0.0025078284102714424,
      0.0,
      0.0,
      0.011412899915346655,
      0.002282672094208642,
      0.000753628637592727,
      0.004238864664570746,
      0.0001761429845504291,
      0.0,
      0.001035652952552212,
      0.0,
      0.0,
      0.00840285881258682,
      0.0036126594799401933,
      0.006495356918490678,
      0.0,
      0.0,
      0.008187021918075485,
      0.007900148715960623,
      0.010230158220331279,
      0.0,
      0.0,
      0.0,
      0.0,
      0.00637458079195529,
      0.0,
      0.0,
      0.003425930603687828,
      0.0,
      0.0,
      0.014832314457104156,
      0.00922693808587108,
      0.0,
      0.021498671402633035,
      0.0,
      0.006167821091694474,
      0.0,
      0.0,
      0.012132934166773761
    ],
    "low_data": false
  },
  "250000": {
    "median": 0.0008501125816470986,
    "p90": 0.0117023056869869,
    "p10": 0.0,