{
  "100000": {
    "median": 0.0,
    "p90": 0.011263561882459961,
    "p10": 0.0,
    "sample": [
      0.00010996816820558953,
      0.00011391803586791078,
      0.002377339051776496,
      0.0,
      0.0,
      0.0,
      0.0,
      0.0,
      0.0,
      0.009645549707906324,
      0.0038222064524407453,
      0.0,
      0.0,
      0.0,
      0.0,
      0.0,
      0.0,
      0.012904615691595013,
      0.0,
      0.020574809844078387,
      0.0,
      0.0,
      0.011263258373276776,
      0.0,
      0.0,
      0.0,
      0.0,
      0.0,
      0.0,
      0.010484345560616488,
      0.0,
      0.011191279656178648,
      0.011088010107596816,
      0.0010440434504977154,
      0.0020272346413357954,
      0.0,
      0.0,
      0.0,
      0.0,
      0.005162375350231228,
      0.0,
      0.0,
      0.0021651662100847947,
      0.0,
      0.001620756980153366,
      0.0,
      0.004987447452687363,
      0.007695199631469764,
      0.0,
      0.0064281965697168455,
      0.0009543740995445313,
      0.0,
      0.005768275250387635,
      0.0020479582298047277,
      0.0,
      0.0007207670207985382,
      0.0,
      0.007252071827946503,
      0.0064885196701034665,
      0.0,
      0.0,
      0.0,
      0.0,
      0.002406176075448942,
      0.0,
      0.0,
      0.002177412953765201,
      0.005772533658247484,
      0.027200950565889993,
      0.008245402891676225,
      0.0,
      0.0,
      0.006928732397492596,
      0.0,
      0.013681886713106634,
      0.0,
      0.015082038766698398,
      0.022817022625697656,
      0.0,
      0.0011600040864302337,
      0.005213075022299711,
      0.0,
      0.0027892296288996176,
      0.0,
      0.005308062161201056,
      0.0033682284196449716,
      0.0,
      0.013050919159920812,
      0.003651569831692398,
      0.0,
      0.0,
      0.006578057989981897,
      0.004753606601657865,
      0.009295024113883723,
      0.0,
      0.006663138777712237,
      0.007991468786129153,
      0.0005686259660981415,
      0.0,
      0.0,
      0.0,
      0.0,
      0.0,
      0.017043514135603836,
      0.007258465055772531,
      0.003982010772398439,
      0.012926660709517318,
      0.013298416212119144,
      0.0,
      0.0,
      0.0019301833046019414,
      0.006192753107267092,
      0.0030685805892459134,
      0.002143854632543089,
      0.0,
      0.002660585727811619,
      0.0,
      0.0,
      0.0,
      0.0,
      0.0009165618050169366,
      0.0,
      0.0,
      0.0,
      0.0,
      0.0,
      0.012565512227982883,
      0.0,
      0.0,
      0.0,
      0.007714412253323028,
      0.0011321360378471286,
      0.00665333036865059,
      0.0,
      0.0,
      0.011266293465108636,
      0.009267819226511119,
      0.0,
      0.0022927248186815586,
      0.0,
      0.0,
      0.009237280025740572,
      0.005303613830604844,
      0.0,
      0.0,
      0.0,
      0.0,
      0.0,
      0.0021089875132339216,
      0.0,
      0.0,
      0.007607702934467559,
      0.003889410484926097,
      0.0,
      0.010415291672663935,
      0.0006798481537761026,
      0.011869409138161762,
      0.010936238632099042,
      0.0,
      0.0,
      0.0,
      0.011193471244323485,
      0.0,
      0.0017963110076694205,
      0.0,
      0.0,
      0.012058307624375156,
      0.0,
      0.0,
      0.0,
      0.007035416256115553,
      0.0,
      0.01334615191856355,
      0.007792760879818228,
      0.019365667978988085,
      0.0,
      0.0015576830325655972,
      0.0,
      0.0,
      0.0034978375097958233,
      0.0,
      0.0004549802869700875,
      0.008761343156877488,
      0.009408142760363846,
      0.0,
      0.01209862876344167,
      0.0,
      0.0,
      0.0019148303483713105,
      0.0,
      0.004120668857528189,
      0.00141330794737617,
      0.0005026434343744158,
      0.01218046665940138,
      0.0,
      0.0,
      0.0,
      0.014372996231337943,
      0.0073906091895543655,
      0.0118374366144823
    ],
    "low_data": false
  },
  "250000": {
    "median": 0.0,
    "p90": 0.011458257246948959,
    "p10": 0.0,
    "sample": [
      0.0002508493607650903,
      0.00025985943881192655,
      0.0025482769554030253,
      0.0,
      0.0,
      0.0,
      0.0,
      0.0,
      0.0,
      0.009754222615320506,
      0.003960068070663821,
      0.0,
      0.0,
      0.0,
      0.0,
      0.0,
      0.0,
      0.013050739268064755,
      1.4220672451623284e-05,
      0.020795974027649978,
      0.0,
      0.0,
      0.011456402849135785,
      0.0,
      0.0,
      0.0,
      0.0,
      0.0,
      0.0,
      0.010634565350614118,
      0.0,
      0.011366732874775964,
      0.011199718661438337,
      0.0012147551558865585,
      0.0021914386042238445,
      0.0,
      0.0,
      0.0,
      0.0,
      0.00529283865892458,
      0.0,
      0.0,
      0.0022708782886873002,
      0.0,
      0.0018472014257511584,
      0.0,
      0.005127757348118088,
      0.007892068365044769,
      0.0,
      0.006655517044835507,
      0.0010843221979015968,
      0.0,
      0.0060038292358779895,
      0.0021855505363857232,
      0.0,
      0.0008981533565077492,
      0.0,
      0.007502258235569119,
      0.006613937624989071,
      0.0,
      0.0,
      0.0,
      0.0,
      0.0025699915693545936,
      0.0,
      0.0,
      0.0023924068440646052,
      0.005925032616261726,
      0.027417188569450558,
      0.008346670309228277,
      0.0,
      0.0,
      0.007137188101430443,
      0.0,
      0.013852617604404914,
      0.0,
      0.015203488731784549,
      0.02291353392664809,
      0.0,
      0.0012600810755559987,
      0.0053199737370164075,
      0.0,
      0.0029359313153175686,
      0.0,
      0.0054900156815181605,
      0.0035103307961000313,
      0.0,
      0.01318346265910852,
      0.003916361569269529,
      0.0,
      0.0,
      0.006748027853618801,
      0.0048800432636179015,
      0.009407136458125409,
      0.0,
      0.006783063130878523,
      0.008152401371855501,
      0.0007203913875872313,
      0.0,
      0.0,
      0.0,
      0.0,
      0.0,
      0.017232284081594468,
      0.007495420553236956,
      0.0041474944476579964,
      0.013075194452025707,
      0.013455647773011028,
      0.0,
      0.0,
      0.002113931854646037,
      0.00631400745562314,
      0.0033698342657722145,
      0.0022993777908736565,
      0.0,
      0.00295009621342356,
      0.0,
      0.0,
      0.0,
      0.0,
      0.0010614024039614952,
      0.0,
      0.0,
      0.0,
      0.0,
      0.0,
      0.012752091775018033,
      0.0,
      0.0,
      0.0,
      0.007931296727090613,
      0.0013745027010138426,
      0.006873764650260114,
      0.0,
      0.0,
      0.01147494682726752,
      0.009399666033157464,
      0.0,
      0.0024020882885918446,
      0.0,
      0.0,
      0.009403248851288586,
      0.005417730683158346,
      0.0,
      0.0,
      0.0,
      0.0,
      0.0,
      0.0022709101050929856,
      0.0,
      0.0,
      0.0077123411088718796,
      0.0040270032060988606,
      0.0,
      0.010545772038367606,
      0.0007801766258504026,
      0.012023503323602256,
      0.011143312748119952,
      0.0,
      0.0,
      0.0,
      0.011366028608783264,
      0.0,
      0.0019364144850439443,
      0.0,
      0.0,
      0.012242538360152802,
      0.0,
      0.0,
      0.0,
      0.007151577105347724,
      0.0,
      0.013459564793846688,
      0.007998640161842461,
      0.01955946564604917,
      0.0,
      0.0016924444360016846,
      0.0,
      0.0,
      0.0036133378928181526,
      0.0,
      0.000577768310652453,
      0.008965856885707628,
      0.009587709024296207,
      0.0,
      0.012244231811760676,
      0.0,
      0.0,
      0.0020229614896348875,
      0.0,
      0.00423724228337399,
      0.001527234336570401,
      0.0006405624720557204,
      0.01238367492444749,
      0.0,
      0.0,
      0.0,
      0.014531155869090808,
      0.007535037292785455,
      0.011970959560432296
    ],
    "low_data": false
  },
  "500000": {
    "median": 0.0,