{
  "100000": {
    "median": 0.00033290555620562733,
    "p90": 0.010744538624437392,
    "p10": 0.0,
    "sample": [
      0.00010178873221463857,
      0.000208044725980627,
      0.008451907462907872,
      0.0,
      0.0,
      0.025923491411825407,
      0.0020508504570835996,
      0.006330827247397328,
      0.0,
      0.006217063259180077,
      0.01914057610587488,
      0.0,
      0.009374666006203097,
      0.006477454827432306,
      0.0,
      0.004538394611368508,
      0.0023234518112944975,
      0.0,
      0.0,
      0.0,
      0.0,
      0.0019660046606968765,
      0.01151110872685684,
      0.0,
      0.0,
      0.0,
      0.011258799237930803,
      0.001134738730554722,
      0.0010784540410845843,
      0.0,
      0.0,
      0.0021252121116361765,
      0.00588123368842433,
      0.0,
      0.011619784040964826,
      0.0,
      0.0,
      1.5113679205446852e-05,
      0.0,
      0.0,
      0.0,
      0.0,
      0.0,
      0.0024157034988624895,
      0.0,
      0.0,
      0.01468433420288927,
      0.001953565479042596,
      0.0,
      0.0,
      0.0,
      0.012450237419970617,
      0.010731853663653233,
      0.0025411034588020713,
      0.008433384690361449,
      0.0017793067560256538,
      0.0,
      0.0017482353017552587,
      0.0,
      0.0,
      0.0,
      0.014906443934180733,
      0.0,
      0.0017574274605951761,
      0.0,
      0.002184894022628069,
      0.0,
      0.013972215343130553,
      0.006643564151435514,
      0.013198758321806179,
      0.0,
      0.0,
      0.001652030890478984,
      0.010306590607745277,
      0.007501906126178467,
      0.0,
      0.0,
      0.0,
      0.0,
      0.0,
      0.0,
      0.0,
      0.010858703271494834,
      0.0,
      0.0,
      0.009100809134976972,
      0.0,
      0.005766770233603968,
      0.0,
      0.0,
      0.0,
      0.004815208561673879,
      0.0004640930663627424,
      0.012884826837379222,
      0.0004170097805857813,
      0.0,
      0.0,
      0.004685887237296689,
      0.009143566786699885,
      0.0015771069405940146,
      0.013045702696055015,
      0.007041139682394465,
      0.006214080017993335,
      0.0,
      0.0,
      0.0,
      0.0,
      0.0,
      0.0010561809421668125,
      0.007494495886111126,
      0.000945822886048641,
      0.0,
      0.005536919296059969,
      0.014044953768774621,
      0.005832044292700695,
      0.0,
      0.0,
      0.004007899932637096,
      0.0,
      0.008177279942072862,
      0.005380415397657562,
      0.00040134126858479144,
      0.0,
      0.015921325398262177,
      0.007929296022084253,
      0.0,
      0.0020679703878670286,
      0.0,
      0.0,
      0.008218531845204288,
      0.006489380347121521,
      0.0,
      0.00826032451590992,
      0.0029942864130456685,
      0.0,
      0.0,
      0.009418977870370444,
      0.0,
      0.0,
      0.014575425043496069,
      0.003834892292377505,
      0.0,
      0.012567693685186593,
      0.0,
      0.0,
      0.0010158360313526605,
      0.00026446984382646316,
      0.0,
      0.00909655605789281,
      0.0,
      0.0,
      0.0,
      0.009268798209253502,
      0.003009604580269558,
      0.0,
      0.005765908300186807,
      0.0,
      0.0,
      0.008650601376804018,
      0.0,
      0.0,
      0.0022029046139907015,
      0.0067627377000453615,
      0.0,
      0.0,
      0.008936474233723336,
      0.0,
      0.0,
      0.0,
      0.0019653532327702943,
      0.006025279226590924,
      0.005436809709281292,
      0.005668314957933737,
      0.009369801562297275,
      0.016987963927628417,
      0.009806116754114337,
      0.0,
      0.006358484988149175,
      0.0038755566388622054,
      9.49177323987436e-06,
      0.005230951734609166,
      0.0026790747730882523,
      0.007324536963572162,
      0.0076492104916835515,
      0.0062139555133624005,
      0.0057662798607059935,
      0.0,
      0.0,
      0.0,
      0.0,
      0.002749961020970265,
      0.013564510214871707,
      0.0,
      0.0010246217862888887,
      0.009048536011130903,
      0.0044811071153163405,
      0.0,
      0.0,
      0.0,
      0.025991504381964084
    ],
    "low_data": false
  },
  "250000": {
    "median": 0.0005383110941246422,
    "p90": 0.010892708987626334,
    "p10": 0.0,