{
  "100000": {
    "median": 0.0005321211505923423,
    "p90": 0.01273420087782072,
    "p10": 0.0,
    "sample": [
      0.00011494237710216538,
      0.00011824275176512221,
      0.0,
      0.0,
      0.0031879965347686905,
      0.016107962819765596,
      0.0,
      0.0,
      0.0,
      0.0,
      0.010269029335095657,
      0.021513390752825993,
      0.010476449435153521,
      0.0,
      0.002174125625808268,
      0.0,
      0.012700758519273726,
      0.0,
      0.0,
      0.0030066006532528887,
      0.009533499769046688,
      0.006266591066402407,
      0.0021386619922974057,
      0.0,
      0.00779908303917733,
      0.0,
      0.0020829988994637413,
      0.009517119982999213,
      0.0,
      0.0,
      0.0,
      0.0020384949709067535,
      0.004173039693453273,
      0.0008522135050427508,
      0.006686584209561807,
      0.02316104894330482,
      0.011514346458661295,
      0.0,
      0.0036758781051024416,
      0.0,
      0.0,
      0.00581857097455111,
      0.00540865708428561,
      0.004049091820135749,
      0.0,
      0.0,
      0.0043651184889934285,
      0.0,
      0.0022888927220633126,
      0.01616503973052409,
      0.012674005093600518,
      0.0,
      0.007611281013550641,
      0.0,
      0.0,
      0.0,
      0.001063864102748139,
      0.0,
      0.0,
      0.0055426808393332005,
      0.007536794988105912,
      0.0,
      0.00987619177522547,
      0.017688923129247906,
      0.0,
      0.008550479586816274,
      0.0,
      0.0,
      0.004753247369273766,
      0.0053832797273188696,
      0.0,
      0.013489444544650162,
      0.0,
      0.00037922000281760996,
      0.0,
      0.0,
      0.0,
      0.0,
      0.0,
      0.0030004512460120756,
      0.0,
      0.0,
      0.0,
      0.0,
      0.0,
      0.006695920813914579,
      0.0,
      0.002219295929778031,
      0.019003554662061394,
      0.002708149399718872,
      0.0,
      0.013070206681423063,
      0.02244002193194807,
      0.0,
      0.0,
      0.0,
      0.0,
      0.002961261035606652,
      0.010292523490171,
      0.0,
      0.014552450250871853,
      0.0,
      0.0,
      0.01901746706117308,
      0.0021608441443504212,
      0.012681090680758181,
      0.0,
      0.0,
      0.0,
      0.0,
      0.0,
      0.0,
      0.0,
      0.01166180710738187,
      0.0007185474861776925,
      0.0,
      0.017966369320386515,
      0.0015007780379725944,
      0.016338183085033642,
      0.01607243701400248,
      0.0,
      0.006246725263572571,
      0.01362382148960114,
      0.0,
      0.005333869810170499,
      0.004984319046940231,
      0.0,
      0.0,
      0.01605968469016465,
      0.0,
      0.0,
      0.0026246267005520245,
      0.006009621920925403,
      0.0,
      0.0,
      0.0,
      0.0,
      0.017179561577187835,
      0.0,
      0.0029272629849833665,
      0.016889488157521657,
      0.0,
      0.0005363855810102683,
      0.0021089225123449335,
      0.009934252752799553,
      0.0,
      0.0,
      0.0,
      0.004692415976649849,
      0.008027551369278433,
      0.01758490806010227,
      0.000570710810557561,
      0.0,
      0.0010996832178899322,
      0.0,
      0.0008927674750504229,
      0.0,
      0.005801535059665353,
      0.0076850290713611005,
      0.0,
      0.0,
      0.013035182104743687,
      0.0,
      0.0006822012430292709,
      0.001876486315439682,
      0.0,
      0.0023755175451877285,
      0.005625681119171672,
      0.0005278567201744162,
      0.0011177403868548549,
      0.001725756809798256,
      0.0,
      0.003270338507681179,
      0.005648547136218375,
      0.004217628685937579,
      0.0,
      0.004006527917800436,
      0.0032029896297609273,
      0.0,
      0.00806985433842309,
      0.009052490569110134,
      0.0030448122164318967,
      0.0,
      0.00436976316865552,
      0.012172587114076157,
      0.0,
      0.0,
      0.0,
      0.0,
      0.0,
      0.004648564239722267,
      0.004339075444809326,
      0.0,
      0.002694436354976101,
      0.005820271371049244,
      0.0,
      0.0,
      0.009040684001335326,
      0.0,
      0.0
    ],
    "low_data": false
  },
  "250000": {
    "median": 0.0006383428138671617,
    "p90": 0.012869134349485131,
    "p10": 0.0,