{
  "100000": {
    "median": 0.0,
    "p90": 0.009414595065396263,
    "p10": 0.0,
    "sample": [
      0.0002160630824797787,
      0.00013358723311846584,
      0.0007839366049308544,
      0.0006172025823482522,
      0.0,
      0.014682399687426715,
      0.009840006277663153,
      0.0,
      0.0,
      0.0007295364837093553,
      0.0,
      0.0,
      0.0,
      0.0071119988400199854,
      0.0003462155624742911,
      0.0,
      0.0,
      0.0,
      0.01489109378452365,
      0.00452894900459316,
      0.0,
      0.009107679529645907,
      0.008489571845559919,
      0.011551684462061106,
      0.013160457333408614,
      0.0,
      0.013391079639982574,
      0.0,
      0.0014262165293942293,
      0.011513733733153383,
      0.0,
      0.0,
      0.008059828023580707,
      0.0,
      0.0031261417678106126,
      0.0,
      0.0,
      0.0,
      0.0,
      0.0,
      0.005414762571717593,
      0.003514189184546435,
      0.00854802535217413,
      0.0,
      0.0,
      0.0,
      0.0,
      0.0,
      0.008562131020136629,
      0.0,
      0.012554437945579328,
      0.0,
      0.0,
      0.0,
      0.004566711221055696,
      0.0,
      0.0,
      0.0,
      0.0,
      0.0,
      0.009458306436331849,
      0.0,
      0.005316704956711057,
      0.0,
      0.0009995446226671026,
      0.002187377754369703,
      0.0,
      0.0,
      0.0,
      0.0,
      0.0,
      0.0,
      0.0065665244197664,
      0.009303724781175892,
      0.0,
      0.0008210946374979667,
      0.0,
      0.0,
      0.013233959549040818,
      0.0,
      0.0,
      0.0,
      0.00394255695791474,
      0.0005707956367134507,
      0.008974294807558068,
      0.0,
      0.008689969169275216,
      0.0,
      0.00796161968387493,
      0.0,
      0.003612907901097705,
      0.0,
      0.0,
      0.00916343634648261,
      0.005843728293312158,
      0.005165495785308312,
      0.0016924001894330683,
      0.003529167017561825,
      0.0,
      0.0,
      0.00671491679971509,
      0.004458018166116097,
      0.004024789653097641,
      0.0,
      0.008244801379774304,
      0.0,
      3.567737448961845e-05,
      0.004593728775572151,
      0.004562068947351645,
      0.0053987089609967625,
      0.009472157387043541,
      0.0003644166980171715,
      0.0,
      0.0006784827970163108,
      0.0,
      0.00735080668576024,
      0.0,
      0.0012021513113086896,
      0.006066156816844786,
      0.0029708775502739052,
      0.00940973824640342,
      0.0,
      0.0,
      0.0,
      0.0005423583091092752,
      0.0007395304824790735,
      0.01730573354816859,
      0.0,
      0.0,
      0.0022894303814367705,
      0.0011820918863187074,
      0.0,
      0.0,
      0.0,
      0.0,
      0.0028577401965284863,
      0.0,
      0.0,
      0.0,
      0.0,
      0.0,
      0.0,
      0.0,
      0.0,
      0.0,
      0.0,
      0.0,
      0.0,
      0.0,
      0.009549540871747038,
      0.0,
      0.004377129880702511,
      0.012747019791538364,
      0.0,
      0.0,
      0.018094709583884698,
      0.0,
      0.0,
      0.0,
      0.0044133045124471245,
      0.007169273565820768,
      0.0,
      0.0,
      0.0061870255979288545,
      0.0060474952491348455,
      0.0,
      0.009588806266460899,
      0.0021906632628202896,
      0.013230970009546372,
      0.0,
      0.0,
      0.0050191265267943205,
      0.0,
      0.0,
      0.0,
      0.0,
      0.0,
      0.0,
      0.0006987768522514446,
      0.0008690743398616105,
      0.0,
      0.0,
      0.0,
      0.0,
      0.0,
      0.013785184896473485,
      0.0026373989759309376,
      0.009220407026312548,
      0.0,
      0.007015582324293194,
      0.01508685902224616,
      0.0035770369373976873,
      0.0009842793152963331,
      0.018749675362857255,
      0.007182882654484127,
      0.0008774393040185308,
      0.00631020317195404,
      0.0,
      0.0032060798340545027,
      0.0007061204945105458
    ],
    "low_data": false
  },
  "250000": {
    "median": 0.0,
    "p90": 0.0095876253387738,
    "p10": 0.0,
    "sample": [
      0.0004928634077423197,
      0.0003047270185631861,
      0.0009388527637477643,
      0.0008596217638041131,
      0.0,
      0.01493766455878286,
      0.010123499325150002,
      0.0,
      0.0,
      0.0009726066337877555,
      0.0,
      0.0,
      0.0,
      0.007248540225641083,
      0.0005529098952604748,
      0.0,
      3.2157165408165243e-06,
      0.0,
      0.015016090482820639,
      0.004664345001339984,
      0.0,
      0.00931740222758741,
      0.008667858203429815,
      0.011769024535531582,
      0.013447879154528485,
      6.981994853874217e-05,
      0.013533627188838958,
      0.0,
      0.0015943374241294207,
      0.011705299336479754,
      0.0,
      0.0,
      0.008245473246998203,
      0.0,
      0.0032891285983394462,
      0.0,
      0.0,
      0.0,
      0.0,
      0.0,
      0.005537625598155411,
      0.003806203197143965,
      0.008714171758159472,
      0.0,
      0.0,
      0.0,
      0.0,
      0.0,
      0.008822459497324464,
      0.0,
      0.012692561140423015,
      0.0,
      0.0,
      0.0,
      0.004689470606557383,
      0.0,
      0.0,
      0.0,
      0.0,
      0.0,
      0.00960111761666643,
      0.0,
      0.005495501025583028,
      0.0,
      0.0012597842672029214,
      0.0023298902367556605,
      0.0,
      0.0,
      0.0,
      0.0,
      0.0,
      0.0,
      0.006791462482829117,
      0.00947113076301765,
      0.0,
      0.0009924204441962678,
      0.0,
      0.0,
      0.013383295908149098,
      0.0,
      0.0,
      0.0,
      0.004155391708068533,
      0.0008674870174520899,
      0.009166342558536255,
      0.0,
      0.008997132547358634,
      0.0,
      0.00808623243489274,
      0.0,
      0.0037700257514151707,
      0.0,
      0.0,
      0.009334357811670132,
      0.006048587604318162,
      0.005289732342795281,
      0.0018727880953441807,
      0.0036869021515214795,
      0.0,
      0.0,
      0.006845564850998213,
      0.004579149302938612,
      0.004177866047807782,
      0.0,
      0.008416017180351294,
      0.0,
      0.00017379513798713536,
      0.0047119740105520695,
      0.0048824223731448535,
      0.005558954934184018,
      0.009783937625721054,
      0.0005805363440853854,
      0.0,
      0.000948461504263629,
      0.0,
      0.0075816982670080125,
      0.0,
      0.0013986523939016622,
      0.006218317904926565,
      0.00310157896378708,
      0.00958612619678573,
      0.0,
      0.0,
      0.0,
      0.0006876669603766298,
      0.0009073656058148367,
      0.017474065509001803,
      0.0,
      0.0,
      0.0025072799814250908,
      0.0014082795499049353,
      0.0,
      0.0,
      0.0,
      0.0,
      0.002995326376859888,
      0.0,
      0.0,
      0.0,
      8.162231224780004e-05,
      0.0,
      0.0,
      0.0,
      0.0,
      0.0,
      0.0,
      0.0,
      0.0,
      0.0,
      0.00978328341242673,
      0.0,
      0.004704215853517275,
      0.012903330705756038,
      0.0,
      0.0,
      0.018423241126062796,
      0.0,
      0.0,
      0.0,
      0.0045521024660531,
      0.007343969830975257,
      0.0,
      0.0,
      0.00636014984000149,
      0.006201546223523519,
      0.0,
      0.009726624535224498,
      0.0024915655975028257,
      0.013478340902018432,
      0.0,
      0.0,
      0.005341721531782566,
      0.0,
      0.0,
      0.0,
      0.0,
      0.0,
      0.0,
      0.0008187257104261215,
      0.001028642861849031,
      0.0,
      0.0,
      0.0,
      0.0,
      0.0,
      0.013911926305910632,
      0.002871835972138798,
      0.009509753156887363,
      0.0,
      0.00720938146792354,
      0.015330606386304025,
      0.0038747281591865615,
      0.0011054469150389272,
      0.018890742538651313,
      0.007356770830749011,
      0.0010396342275478393,
      0.0065007750519722575,
      0.0,
      0.003330042942678676,
      0.000939461087618714
    ],
    "low_data": false
  },