{
  "100000": {
    "median": 0.0,
    "p90": 0.0117499739845916,
    "p10": 0.0,
    "sample": [
      0.00019994403421554706,
      0.00021990965137654047,
      0.004353863095252278,
      0.0,
      0.006409014502460225,
      0.0033095394635430974,
      0.0008333978487945681,
      0.0015914571444219168,
      0.0,
      0.004845018213877379,
      0.0,
      0.0,
      0.008183053259763004,
      0.0,
      0.01383120909610646,
      0.0,
      4.709097491989095e-05,
      0.004030171906434409,
      0.0,
      0.010717170487746073,
      0.0,
      0.011920873761597672,
      0.0,
      0.012103979163387698,
      0.0,
      0.0005395427550932781,
      0.0,
      0.0,
      0.0,
      0.002189776862351999,
      0.01109979100288119,
      0.0005063602550347572,
      0.0,
      0.003352776823227865,
      0.002170538834106051,
      0.0,
      0.0005670460466479598,
      0.0,
      0.0,
      0.004002170842778398,
      0.0,
      0.0,
      0.0,
      0.0051191540226029056,
      0.011741731621894638,
      0.0,
      0.004208026846938539,
      0.0,
      0.0,
      0.0,
      0.0,
      0.0,
      0.012498080302618828,
      0.0,
      0.004287293813529498,
      0.0,
      0.00801370705429473,
      0.0,
      0.0021539848348849076,
      0.016482443611256385,
      0.0,
      0.0099121726145148,
      0.00330059978116573,
      0.0,
      0.003809255867984141,
      0.0030819252110466768,
      0.0,
      0.0,
      0.0,
      0.0,
      0.0,
      0.0,
      0.0,
      0.0,
      0.0,
      0.0003546349880866495,
      0.0,
      0.0,
      0.0,
      0.0,
      0.005913973373734218,
      0.0,
      0.006585507728903625,
      0.0,
      0.00946716310345232,
      0.0,
      0.0,
      0.0,
      0.011418647302639128,
      0.006062626845132092,
      0.0,
      0.0,
      0.004970394804012965,
      0.02033295871230082,
      0.015203166582458343,
      0.0,
      0.0,
      0.0,
      0.0,
      0.0,
      0.0,
      0.0067798207662654,
      0.013282248137523989,
      0.006742767406009301,
      0.0,
      0.0,
      0.0,
      0.0,
      0.0,
      0.006367616097278848,
      0.0,
      0.0,
      0.0,
      0.0,
      0.006044809453365928,
      0.00038060838270724946,
      0.014189135392603261,
      0.001667738950019337,
      0.018234469120097352,
      0.010358709292323656,
      0.011824155248864252,
      0.01020855638702609,
      0.0049735330308324,
      0.005835902787497937,
      0.006491660213356615,
      0.0,
      0.0,
      0.0,
      0.014525140626640497,
      0.010287953315747821,
      0.006411106325021689,
      0.0,
      0.009603030162062307,
      0.011924366493100299,
      0.0016007005665152573,
      0.004236424673688332,
      0.0,
      0.0,
      0.0,
      0.0,
      0.0,
      0.007322167338661408,
      0.0,
      0.0,
      0.00011775481287677891,
      0.01117544843861874,
      0.002924196132239757,
      0.0,
      0.0025731984886604767,
      0.0,
      0.0,
      0.002415722741956202,
      0.00812182161067079,
      0.010478576180385448,
      0.0012750673247555078,
      0.0,
      0.013098451789056637,
      0.0,
      0.01482093655856243,
      0.0,
      0.0,
      0.0,
      0.0,
      0.016565485859606162,
      0.0026340126068152307,
      0.0,
      0.010988484602116183,
      0.0,
      0.0057813186785229025,
      0.0024379117755071837,
      0.0,
      0.0022290750981308013,
      0.0,
      0.0,
      0.010365072174092204,
      0.002857490960259548,
      0.006722862950779543,
      0.0,
      0.014389935967493732,
      0.0,
      0.0,
      0.0,
      0.008743463101746379,
      0.0,
      0.0,
      0.0,
      0.01135948194196415,
      0.010160731241663029,
      0.011908537743205862,
      0.01274229421771661,
      0.006927527045463077,
      0.0,
      0.0005298061909174286,
      0.0,
      0.0,
      0.002593796255629054,
      0.0,
      0.003088858868962523,
      0.02595335704486673,
      0.0
    ],
    "low_data": false
  },
  "250000": {
    "median": 0.0,
    "p90": 0.011926979613081376,
    "p10": 0.0,
    "sample": [
      0.00045609410423200973,
      0.0005016378500617337,
      0.004497425377357961,
      0.0,
      0.006587467688717923,
      0.0034235922594430617,
      0.0009774647866044076,
      0.0017229083461822354,
      0.0,
      0.004955716460565196,
      0.0,
      0.0,
      0.00829446725752335,
      0.0,
      0.013988613106385583,
      0.0,
      0.0002522268036299468,
      0.004152098362330337,
      0.0,
      0.010960362262972015,
      0.0,
      0.012062206767620697,
      0.0,
      0.012242754812086268,
      0.0,
      0.0007430005514553627,
      0.0,
      0.0,
      0.0,
      0.0022929835670426704,
      0.011204763964229418,
      0.0007466829779989298,
      0.0,
      0.003577368537710097,
      0.002289335743476485,
      0.0,
      0.0007952128555052977,
      0.0,
      0.0,
      0.004102498079812808,
      0.0,
      0.0,
      0.0,
      0.005298121933169529,
      0.011932368282299398,
      0.0,
      0.004306514843265001,
      0.0,
      0.0,
      0.0,
      0.0,
      0.0,
      0.012601450835420653,
      0.0,
      0.004467493451254817,
      0.0,
      0.008142456069220323,
      0.0,
      0.002272953930148785,
      0.016609332457314187,
      0.0,
      0.010118895167308843,
      0.003436465122768651,
      0.0,
      0.003940244751816985,
      0.00324028063424669,
      0.0,
      0.0,
      0.0,
      0.0,
      0.0,
      0.0,
      0.0,
      0.0,
      0.0,
      0.0004894519997654172,
      0.0,
      0.0,
      0.0,
      0.0,
      0.0060155337561219645,
      0.0,
      0.006720026998112173,
      0.0,
      0.009657886421888416,
      0.0,
      0.0,
      0.0,
      0.011522103693841022,
      0.006179138711777704,
      0.0,
      0.0,
      0.00509338737769365,
      0.020422372558302617,
      0.01530154920898899,
      0.0,
      0.0,
      0.0,
      0.0,
      0.0,
      0.0,
      0.006905583704363743,
      0.013396046730832853,
      0.00683368807387662,
      0.0,
      0.0,
      0.0,
      0.0,
      0.0,
      0.0065666065879942895,
      0.0,
      0.0,
      0.0,
      0.0,
      0.00613984599737183,
      0.0005683530156007294,
      0.014290385880103895,
      0.0017907987803970349,
      0.018421267337832975,
      0.0104862033208322,
      0.011926380872057152,
      0.010303499426296176,
      0.005073096652413109,
      0.005928480426481411,
      0.006637623046660681,
      0.0,
      0.0,
      0.0,
      0.014678166939799595,
      0.010420875198930835,
      0.006620525063139865,
      0.0,
      0.009727270598032058,
      0.012103884995300915,
      0.001730994230185742,
      0.00434448365365147,
      0.0,
      0.0,
      0.0,
      0.0,
      0.0,
      0.007415865200228927,
      0.0,
      0.0,
      0.0003228246774036701,
      0.011353852846228427,
      0.0030263804798497706,
      0.0,
      0.0027117622343694253,
      0.0,
      0.0,
      0.002503433591900387,
      0.008213435738927986,
      0.010690875894590394,
      0.0013949449744116139,
      0.0,
      0.013235954662690303,
      0.0,
      0.015061949583894393,
      0.0,
      0.0,
      0.0,
      0.0,
      0.01668025717481201,
      0.002802918374320889,
      0.0,
      0.01114909878960899,
      0.0,
      0.005889339276580537,
      0.0025513470125001986,
      0.0,
      0.0023754357272005354,
      0.0,
      0.0,
      0.010475488556375081,
      0.002969931280314309,
      0.006878039223396278,
      0.0,
      0.01453258074207715,
      0.0,
      0.0,
      0.0,
      0.008949199655971015,
      0.0,
      0.0,
      0.0,
      0.011442623325109546,
      0.010287110944604785,
      0.012029015035652504,
      0.01282185111662156,
      0.0070518707695886055,
      0.0,
      0.0006615913500794316,
      0.0,
      0.0,
      0.0027711596318852204,
      0.0,
      0.0031990170076837575,
      0.026043168921717978,
      0.0
    ],
    "low_data": false
  },