{
  "100000": {
    "median": 0.0,
    "p90": 0.01046169250522589,
    "p10": 0.0,
    "sample": [
      9.047932022274033e-05,
      0.00015233601889478319,
      0.0,
      0.0,
      0.006111779578870163,
      0.0,
      0.0,
      0.0,
      0.0,
      0.008721058360943827,
      0.0,
      0.0,
      0.0,
      0.0,
      0.0,
      0.007062382681070909,
      0.016854308589318648,
      0.0,
      0.0,
      0.0,
      0.0,
      0.0,
      0.0,
      0.004075457875271119,
      0.0,
      0.006391350266799063,
      0.0,
      0.0,
      0.0,
      0.005686748355348742,
      0.0,
      0.01742675058347663,
      0.0,
      0.005750735730863949,
      0.008580045298324693,
      0.018262622355824012,
      0.0,
      0.005663315986957525,
      0.0,
      0.0,
      0.0018465938896722904,
      0.0,
      0.004017120910401706,
      0.0009878720774057323,
      0.0,
      0.011844094687748656,
      0.006017129906821137,
      0.013898796491489673,
      0.0,
      0.0021838950017757253,
      0.025790469838173517,
      0.0012319709416511789,
      0.0,
      0.0014380681584980329,
      0.00972627253184602,
      0.0,
      0.009441924415425738,
      0.0,
      0.00682305056029647,
      0.0,
      0.0,
      0.008596986814252278,
      0.007081968155274163,
      0.0011726662358172383,
      0.0,
      0.007684605416303612,
      0.0,
      0.0,
      0.0,
      0.003948311261693548,
      0.0,
      0.0,
      0.006009890155737379,
      0.008559837561672242,
      0.004180493099581312,
      0.002819380323463122,
      0.0,
      0.004903911829119155,
      0.00045167024876298,
      0.022023616216030793,
      0.0,
      0.0,
      0.0,
      0.0,
      0.0,
      0.006050188651496337,
      0.0,
      0.0,
      0.0,
      0.0,
      0.0,
      0.0,
      0.0,
      0.0,
      0.0,
      0.0,
      0.0,
      0.0,
      0.0,
      0.0,
      0.017321798353331294,
      0.0,
      0.0,
      0.009705681155853213,
      0.0,
      0.0,
      0.0,
      0.0,
      0.0,
      0.0034194636898625297,
      0.0,
      0.005611888607031936,
      0.0,
      0.0,
      0.0071002462465466825,
      0.0,
      0.01333122194705171,
      0.0,
      0.0,
      0.0,
      0.0,
      0.0,
      0.0,
      0.0,
      0.0012500540795655785,
      0.00046656401983538847,
      0.006864320403844308,
      0.0,
      0.0007609547507301268,
      0.015761899328187414,
      0.0,
      0.0,
      0.010343732096870064,
      0.0,
      0.01376215732412309,
      0.006624308656625887,
      0.016420420928283653,
      0.0,
      0.0,
      0.0,
      0.0,
      0.0,
      0.0,
      0.0,
      0.004655262417339796,
      0.0,
      0.0,
      0.0011556733545862925,
      0.0,
      0.005746059941252839,
      0.004013061646349939,
      0.004202244409619502,
      0.0,
      0.0,
      0.0,
      0.0,
      0.011523336180428395,
      0.014049878444172494,
      0.004388617303167408,
      0.0,
      0.0,
      0.003339867601408064,
      0.009019496117445899,
      0.0033861161772628925,
      0.0,
      0.0,
      0.012311764160062404,
      0.0,
      0.0,
      0.005508836632148718,
      0.0,
      0.0028198733322681705,
      0.0033271809694993717,
      0.006126563804202084,
      0.0,
      0.0,
      0.0,
      0.02048994087124796,
      0.0,
      0.005215566064040114,
      0.003004095146787546,
      0.010086188127260297,
      0.0,
      0.005834853158073441,
      0.0,
      0.013154844746957951,
      0.0,
      0.013193950776458642,
      0.0,
      0.0,
      0.0011203311042454396,
      0.0,
      0.0,
      0.012881023507177914,
      0.0,
      0.013028818648364335,
      0.00918823001287131,
      0.0,
      0.0,
      0.0
    ],
    "low_data": false
  },
  "250000": {
    "median": 0.0,
    "p90": 0.010582874777462389,
    "p10": 0.0,
    "sample": [
      0.0002063931773229326,
      0.00034749503956284635,
      0.0,
      0.0,
      0.006222465913456026,
      0.0,
      0.0,
      0.0,
      0.0,
      0.008898217561637814,
      0.0,
      0.0,
      0.0,
      0.0,
      0.0,
      0.007183189565457328,
      0.0169552986732005,
      0.0,
      0.0,
      0.0,
      0.0,
      0.0,
      0.0,
      0.004316934141540573,
      0.0,
      0.006550775311682093,
      0.0,
      0.0,
      0.0,
      0.005842733679962747,
      0.0,
      0.017596013570741302,
      0.0,
      0.005897478232933963,
      0.00868399239922946,
      0.018488754519790023,
      0.0,
      0.005782544220399407,
      0.0,
      0.0,
      0.0019979448714337166,
      0.0,
      0.00414467164799761,
      0.0011182420484655842,
      0.0,
      0.011998097429843408,
      0.0062063199181792116,
      0.014037358598702759,
      0.0,
      0.0023077371833242896,
      0.02593363118469293,
      0.0013481361776321189,
      0.0,
      0.0015972838568537352,
      0.00992944670234824,
      0.0,
      0.009654167452438168,
      0.0,
      0.007012446117550192,
      0.0,
      0.0,
      0.008822367936430417,
      0.0072713193038841896,
      0.0013925105247401663,
      0.0,
      0.007854776956214579,
      0.0,
      0.0,
      0.0,
      0.004067717428866324,
      0.0,
      0.0,
      0.0061322093447990665,
      0.0088390028753593,
      0.004463601857669969,
      0.0029788068626272327,
      3.0071786739991355e-05,
      0.005022393122546397,
      0.0005800628431047513,
      0.022154899279054875,
      0.0,
      0.0,
      0.0,
      0.0,
      0.0,
      0.006305245731344625,
      0.0,
      0.0,
      0.0,
      0.0,
      0.0,
      0.0,
      0.0,
      0.0,
      0.0,
      0.0,
      0.0,
      0.0,
      0.0,
      0.0,
      0.01750198473953169,
      0.0,
      0.0,
      0.009910307928271012,
      0.0,
      0.0,
      0.0,
      5.490554087205174e-05,
      0.0,
      0.003648263496792657,
      0.0,
      0.005722579053178476,
      0.0,
      0.0,
      0.007242056630389962,
      0.0,
      0.013470086217656668,
      0.0,
      0.0,
      0.0,
      0.0,
      0.0,
      0.0,
      0.0,
      0.0013680489394044609,
      0.0005868756103128028,
      0.006997373325437432,
      0.0,
      0.0009155305686054405,
      0.015880033192526465,
      0.0,
      0.0,
      0.010463222777996307,
      0.0,
      0.013886950532526443,
      0.006748755994874518,
      0.016532261313819036,
      0.0,
      0.0,
      0.0,
      0.0,
      0.0,
      0.0,
      0.0,
      0.004821891126896501,
      0.0,
      0.0,
      0.0013554233434866524,
      0.0,
      0.005925390295895516,
      0.004190934126435451,
      0.004393375641350841,
      0.0,
      0.0,
      0.0,
      0.0,
      0.011659742772657189,
      0.014199272802326336,
      0.00459707646684707,
      0.0,
      0.0,
      0.0034716315779133138,
      0.009137328400631653,
      0.0035823737149702035,
      0.0,
      0.0,
      0.012470542584042515,
      0.0,
      0.0,
      0.005636401617400411,
      0.0,
      0.0030035092671021947,
      0.003482015333871568,
      0.0062284363053963605,
      0.0,
      0.0,
      0.0,
      0.020743425713048595,
      0.0,
      0.005320567801444263,
      0.0031625280623866258,
      0.01018936999806678,
      0.0,
      0.006050211742868843,
      0.0,
      0.013263284827980937,
      0.0,
      0.013455376058419385,
      0.0,
      0.0,
      0.001281886562446231,
      0.0,
      0.0,
      0.013031190781979635,
      0.0,
      0.013233063840795787,
      0.009401550151259047,
      0.0,
      0.0,
      0.0
    ],
    "low_data": false
  },
  "500000": {
    "median": 0.0,
    "p90": 0.010769749280963437,
    "p10": 0.0,