{
  "100000": {
    "median": 0.0012541328578397448,
    "p90": 0.01064252874138793,
    "p10": 0.0,
    "sample": [
      0.00017287715501188602,
      0.0001465776371397373,
      0.004619454075468014,
      0.0002166912173384734,
      0.00451433495359889,
      0.0,
      0.018074465466933882,
      0.014335389438143076,
      0.0,
      0.002192623191456322,
      0.006066292568865075,
      0.0,
      0.0,
      0.0,
      0.006793519519968822,
      0.01612170632628588,
      0.0031890131621135813,
      0.0,
      0.0,
      0.008607546825913396,
      0.0,
      0.0,
      0.0014630366529672322,
      0.0,
      0.0021144286883552606,
      0.0,
      0.0061399680507065275,
      0.0,
      0.0,
      0.005969824876724582,
      0.0015559496713187678,
      0.0,
      0.0,
      0.016947687305245075,
      0.0032855199454988066,
      0.0,
      0.0,
      0.003161751724993053,
      0.0017755244312277622,
      0.0066474020557754365,
      0.012240930749893736,
      0.0013758270497787133,
      0.0009066378206062538,
      0.0055596210406212996,
      0.0,
      0.005409945737386004,
      0.010455181747185413,
      0.0066537291689643735,
      0.005438818190418382,
      0.002409378737382452,
      0.00245673148766623,
      0.002574986542627572,
      0.005604185347485062,
      0.006488119834402213,
      0.003798257679461831,
      4.144504635585669e-05,
      0.0,
      0.0,
      0.004868514223433682,
      0.0,
      0.0,
      0.00022732190547841528,
      0.0,
      0.0184202670970724,
      0.010208792304887204,
      0.0,
      0.0,
      0.01187321797894755,
      0.0,
      0.0,
      0.0,
      0.013966891448056433,
      0.0,
      0.0,
      0.0,
      0.0,
      0.0,
      0.003411379269472205,
      0.010673493341931056,
      0.007606036812735487,
      0.003791145118757548,
      0.0,
      0.003943578521655853,
      0.0,
      0.01181456979805596,
      0.0,
      0.0,
      0.0,
      0.0,
      0.0,
      0.010639088230216472,
      0.0,
      0.005319436890160757,
      0.004568475842032543,
      0.0,
      0.0,
      0.0002001224595522559,
      0.004878039522238206,
      0.008425381012869639,
      0.0,
      0.0069363380091684,
      0.0,
      0.011007110728606434,
      0.0,
      0.0,
      0.0,
      0.0036694090883702016,
      0.0,
      0.0027827542436332045,
      0.0011324386659007765,
      0.006746733338897869,
      0.006532090043899473,
      0.0005952915605989568,
      0.0,
      0.007505330000295715,
      0.0,
      0.008372233854964701,
      0.00793757137356448,
      0.010140838297223571,
      0.0,
      0.0,
      0.0003746021859741796,
      0.0,
      0.0011168749084447063,
      0.0,
      0.0009896906861646831,
      0.0017645578098268175,
      0.003427539081450861,
      0.007053750516005387,
      0.0,
      0.007667751011546046,
      0.0,
      0.00612003595428434,
      0.0,
      0.0,
      0.0,
      0.0,
      0.0,
      0.0029711005560036645,
      0.0033725368019329152,
      0.005188816100784079,
      0.0,
      0.0039077819974720545,
      0.0015117475476499242,
      0.0,
      0.010388230596209382,
      0.0,
      0.009274428871102997,
      0.0,
      0.0,
      0.0,
      0.007741565723804074,
      0.012069081476773097,
      0.00818086876755305,
      0.0,
      0.0018164606578888304,
      0.0028039950806536427,
      0.0,
      4.365495535629247e-05,
      0.000516921751902658,
      0.005056301147443508,
      0.008053863696437418,
      0.0,
      0.0008452401611164727,
      0.0,
      0.005447921737066042,
      0.0,
      0.0026937703529564994,
      0.0025948151532750336,
      0.02173897670991259,
      0.01062032261535588,
      0.0,
      0.0146661475878596,
      0.0,
      0.0,
      0.019397848117342163,
      0.015794850666371,
      0.009301935105846726,
      0.024788203289821648,
      0.0031508493034961556,
      0.0030079063363882504,
      0.009709080166244,
      0.014727072851107236,
      0.008299275822028006,
      0.0,
      0.0,
      0.0,
      0.0,
      0.0,
      0.0,
      0.004373228812088962,
      0.0010854848881919378,
      0.007149354626731396,
      0.0045729432801246885,
      0.013202988807565541,
      0.014085393640165724,
      0.0,
      0.0,
      0.003959600448196132,
      0.007919581436761058
    ],
    "low_data": false
  },
  "250000": {
    "median": 0.0014155235724020475,
    "p90": 0.010765393578343793,
    "p10": 0.0,