{
  "100000": {
    "median": 0.0013068089622273733,
    "p90": 0.012919205472913356,
    "p10": 0.0,
    "sample": [
      0.00017656643448987145,
      0.00012336911015466966,
      0.003910279509197545,
      0.00011714413517706698,
      0.0,
      0.010793157234943743,
      0.0,
      0.0,
      0.0,
      0.0,
      0.01083883764696756,
      0.009618400671500625,
      0.009762416826552931,
      0.002856301141516262,
      0.0,
      0.006863747335757017,
      0.014157461905150924,
      0.0,
      0.0131433351954272,
      0.0013164332564179035,
      0.0,
      0.0,
      0.0,
      0.0,
      0.005104626116916043,
      0.002896626048611453,
      0.0019872326355260647,
      0.005201910095334697,
      0.008849138223912867,
      0.01589389349338896,
      0.0,
      0.016392401967145274,
      0.004680029068919657,
      0.0,
      0.004735975640151872,
      0.01642176605503675,
      0.0,
      0.01289430217041182,
      0.010045286044771728,
      0.0,
      0.0,
      0.0,
      0.0,
      0.007207703955649149,
      0.007593624490613135,
      0.0,
      0.007610406964927415,
      0.021762769103630338,
      0.0017211962091910058,
      0.0,
      0.0,
      0.013445547257546918,
      0.0,
      0.0,
      0.007379548968218841,
      0.0073656385978422565,
      0.01410524584871725,
      0.002286011109545839,
      0.0077001629728985594,
      0.0,
      0.0,
      0.015069291144810005,
      0.00536983160898834,
      0.0,
      0.013788517475074816,
      0.008300760371180537,
      0.005932748469573629,
      0.005691931028421885,
      0.0,
      0.002954195599041482,
      0.012426639259504301,
      0.0,
      0.0021403464498257314,
      0.0,
      0.0,
      0.024936360023110535,
      0.0,
      0.002878708105536024,
      0.02052474830690696,
      0.017550494264902402,
      0.0,
      0.0,
      0.0,
      0.008360546559316845,
      0.004869941778988019,
      0.0,
      0.0,
      0.0,
      0.009847995559651481,
      0.013262147254920899,
      0.0,
      0.0013285904463007487,
      0.012133562805776665,
      0.014063869719004732,
      0.0051322733733446734,
      0.0,
      0.009521966743365036,
      0.0,
      0.0,
      0.0047345228357444456,
      0.0,
      0.006467468478037338,
      0.003996880813355122,
      0.0,
      0.0,
      0.0035911662251506085,
      0.0,
      0.0,
      0.004770980845827145,
      0.0,
      0.006974532326147705,
      0.0,
      0.0002101239308905413,
      0.0,
      0.0,
      0.0,
      0.002756230181420326,
      0.0017104497742639552,
      0.00028160642002046193,
      0.0,
      0.007554974477771093,
      0.010760912020381855,
      0.006547145442862645,
      0.004330499617922708,
      0.01119842155312702,
      0.004733232096133532,
      0.005499805336758269,
      0.0029860248715152765,
      0.0,
      0.0036671304818553666,
      0.0,
      0.0007486874596287184,
      0.0,
      0.0005406435940817729,
      0.0,
      0.0,
      0.0,
      0.0,
      0.0,
      0.018866585143350295,
      0.0,
      0.010006581821642171,
      0.0,
      0.005372376199336993,
      0.0,
      0.01805435485504642,
      0.0,
      0.011143121911758478,
      0.0,
      0.0,
      0.006810822143648828,
      0.0,
      0.0011717604303761967,
      0.0,
      0.0009136372762193243,
      0.014073482366994159,
      0.0,
      0.0,
      0.006435745412180785,
      0.00655516558184376,
      0.007937265263938283,
      0.0,
      0.011750320659076507,
      0.0006500276855535931,
      0.010846692871352323,
      0.002379467201582435,
      0.0,
      0.0013482414830503116,
      0.0,
      0.002659348335604687,
      0.0,
      0.0012971846680368433,
      0.00727920069041056,
      0.0049283537387331275,
      0.006158775763834642,
      0.0,
      0.002309782427647102,
      0.0015941187417614965,
      0.02102443523144491,
      0.0,
      0.019371666982375375,
      0.006768361196492426,
      0.0,
      0.0,
      0.0,
      0.0031767601929135135,
      0.0,
      0.0,
      0.0,
      0.004278461184694834,
      0.0075899863570437695,
      0.0,
      0.0,
      0.0,
      0.0,
      0.0,
      0.005823858081857605,
      0.0,
      0.0,
      0.00339590104516027
    ],
    "low_data": false
  },
  "250000": {
    "median": 0.001428903741663684,
    "p90": 0.01307372922487263,
    "p10": 0.0,