{
  "100000": {
    "median": 0.0006752601098246112,
    "p90": 0.00951221700670472,
    "p10": 0.0,
    "sample": [
      0.00015583309726467778,
      0.00012144532046072057,
      0.0,
      0.005610376387295013,
      0.0,
      0.0,
      0.004411714539871172,
      0.0019241969943215214,
      0.0,
      0.0,
      0.0019820178507668094,
      0.0,
      0.008485589111182391,
      0.010912962856871988,
      0.005311921734161344,
      0.0035880946567002983,
      0.003332278484280339,
      0.0,
      0.00507234674326695,
      0.0,
      0.0,
      0.00037960050495813586,
      0.0009427683383739702,
      0.0022250587060504852,
      0.0,
      0.0,
      0.004172199302073898,
      0.015153929094265474,
      0.0,
      0.0016623860864678364,
      0.0009585238486819639,
      0.0020420471107037105,
      0.0,
      0.0,
      0.0077154596573382386,
      0.0,
      0.0006719001157015182,
      0.0,
      0.0,
      0.00739308201595401,
      0.003609745464247813,
      0.0,
      0.0,
      0.004717517109687154,
      0.0033282979666092675,
      0.0,
      0.0,
      0.004402950198887889,
      0.0035807671340332297,
      0.0037122844470488716,
      0.010207690685443284,
      0.0,
      0.002611975716957443,
      0.013747161555610714,
      0.015159965111179455,
      0.0,
      0.0,
      0.0,
      0.016030064113856473,
      0.0,
      0.0,
      0.0,
      0.013635998340360361,
      0.0,
      0.0,
      0.0,
      0.0034571011487048945,
      0.01870216932213175,
      0.0,
      0.001034298178215642,
      0.0,
      0.009213110151944422,
      0.0,
      0.001306594562629413,
      0.00785964532160108,
      0.0013548407417142685,
      0.0,
      0.0,
      0.0,
      0.004883353566080764,
      0.0,
      0.006629050943794605,
      0.008661612487971123,
      0.0,
      0.0,
      0.002310741399444915,
      0.0,
      0.0023884256227902417,
      0.0,
      0.006129251591002387,
      0.004901331902590514,
      0.0012384419444394163,
      0.009547358945598194,
      0.0,
      0.0033180139757489437,
      0.0,
      0.0,
      0.0,
      0.0013307657306347684,
      0.0,
      0.013954355796204215,
      0.0074980032873412155,
      0.00571740455751003,
      0.003136833770359509,
      0.0029055034336363233,
      0.008134429541900148,
      0.0,
      0.0,
      0.001151370140591261,
      0.0,
      0.0,
      0.003913385533321676,
      0.0018889753794502366,
      0.0,
      0.0,
      0.0009409074451827678,
      0.0,
      0.004401631627725581,
      0.002067139616163665,
      0.0020955399856125655,
      0.0,
      0.0,
      0.001752687057108709,
      0.012472987681564088,
      0.00808985702946763,
      0.0,
      0.0006786201039477042,
      0.0,
      0.009508312346827667,
      0.0,
      0.008682612151118298,
      0.011290922389445282,
      0.0,
      0.0,
      0.017817511438808418,
      0.0,
      0.012991954601295253,
      0.0,
      0.0016452408449471167,
      0.0,
      0.0,
      0.010226129072042327,
      0.001990284871756206,
      0.0,
      0.0,
      0.0,
      0.0,
      0.00326085701175769,
      0.0,
      0.008766945393543087,
      0.0,
      0.0,
      0.004058680753882749,
      0.00409948054114605,
      0.0018013848573556516,
      0.0016598111466974584,
      0.006046497170879249,
      0.0,
      0.0,
      0.0,
      0.0,
      6.057486648917927e-05,
      0.0039386951907381985,
      0.0016390116926345269,
      0.003787498274788154,
      0.009849782163848452,
      0.0,
      0.0,
      0.0,
      0.006499336680717046,
      0.0,
      0.0,
      0.0,
      0.002499889836096936,
      0.0,
      0.006074332155907654,
      0.0,
      0.0,
      6.2736669622305064e-06,
      0.0,
      0.0,
      0.008938328816692686,
      0.0,
      0.008066164113364192,
      0.0,
      0.002077019882594044,
      0.004334582656955044,
      0.005218699782426394,
      0.0,
      0.0,
      0.005715475604823871,
      0.007637487878911969,
      0.017970757265279823,
      0.0,
      0.004328683345652822,
      0.0,
      0.013774455674096575,
      0.0,
      0.01224902495416464,
      0.02450894496649665
    ],
    "low_data": false
  },
  "250000": {
    "median": 0.0008251393204765803,
    "p90": 0.009669432791298858,
    "p10": 0.0,