{
  "100000": {
    "median": 0.0009374456858683571,
    "p90": 0.012567938017138722,
    "p10": 0.0,
    "sample": [
      9.457381509081698e-05,
      0.00015455594437177489,
      0.006414221332198691,
      0.0049762496815446465,
      0.0,
      0.0,
      0.011789873196122746,
      0.0,
      0.0,
      0.005493731461487563,
      0.0,
      0.0,
      0.0,
      0.0,
      0.013528655002540132,
      0.0,
      0.012212151957609512,
      0.0,
      0.0,
      0.016820095246040553,
      0.004612044001213984,
      0.013024642123593291,
      0.0025079738852486835,
      0.0,
      0.0,
      0.007754280946471457,
      0.0,
      0.0,
      0.010956310154152092,
      0.0,
      0.0,
      0.0,
      0.0022354780337178765,
      0.012086261301263408,
      0.0,
      0.0,
      0.0,
      0.02029287372961006,
      0.0021435327361172497,
      0.0,
      0.010608693521683402,
      0.003939052989704067,
      0.0,
      0.0,
      6.70492706307181e-05,
      0.007145860303926087,
      0.005906081620178185,
      0.0011893116466794606,
      0.0,
      0.0,
      0.0,
      0.0,
      0.00908453071852441,
      0.0007311577980412863,
      0.0,
      0.0,
      0.0,
      0.0,
      0.0,
      0.02381094336383862,
      0.0,
      0.007883198462735577,
      0.0,
      0.0,
      0.0030764727761878664,
      0.0,
      0.0,
      0.0010394343805839054,
      0.0018874121716479471,
      0.0,
      0.0,
      0.0,
      0.0,
      0.012731962004753024,
      0.0012378882837330244,
      0.0042500194242759155,
      0.0004436272051694471,
      0.0,
      0.0,
      0.005052217436644496,
      0.0,
      0.0,
      0.003840491239455333,
      0.0,
      0.0,
      0.0,
      0.005970887612016626,
      0.0,
      0.0,
      0.0,
      0.0010262474993928067,
      0.0053304732401599966,
      0.007502230503993309,
      0.0,
      0.0,
      0.0,
      0.011600231182578203,
      0.0,
      0.0043229126131631625,
      0.0141373899419423,
      0.0019890347240864863,
      0.002362571067533706,
      0.0,
      0.004636621544667017,
      0.008120614160906418,
      0.007668236180704182,
      0.0008505644477366055,
      0.003921805350931892,
      0.0074152054542942995,
      0.001936703274909637,
      0.0,
      0.011893722371459541,
      0.002595858860438508,
      0.012549713129626022,
      0.0,
      0.0009702997890933026,
      0.0,
      0.0011231062537466663,
      0.004732264476757612,
      0.0,
      0.003106899014302556,
      0.008168811380324702,
      0.008293696225166979,
      0.0,
      0.009839150294907431,
      0.0032605243379034243,
      0.0,
      0.0,
      0.013868140402943457,
      0.0,
      0.0,
      0.01606236603665825,
      0.0,
      0.0074359943856815115,
      0.0,
      0.01426234901618073,
      0.0008269045310133659,
      0.011320322710349696,
      0.008089284788654439,
      0.0,
      0.008064996879026566,
      0.014477026064046383,
      0.024340200311658847,
      0.0,
      0.008290121465346424,
      0.0,
      0.012107674179956706,
      0.008496704269832149,
      0.0,
      0.0,
      0.005237556586253059,
      0.015611428660964944,
      0.0018515272606235383,
      0.0,
      0.00623268581883911,
      0.005645643238718631,
      0.0,
      0.008628255436219876,
      0.0014629989155067057,
      0.01794688701974098,
      0.0032855640967611424,
      0.008607768596852118,
      0.0,
      0.0,
      0.0008978341407142524,
      0.0,
      0.01712699368204952,
      0.002235534071762804,
      0.013203132840462806,
      0.02010879428094894,
      0.0015926652414779896,
      0.00895213004252668,
      0.011478806951599453,
      0.002814600233326264,
      0.0,
      0.01322228355618002,
      0.00237831613714614,
      0.0,
      0.0,
      0.004577460801654723,
      0.0,
      0.0009045915826434115,
      0.0124021803921696,
      0.0,
      0.0,
      0.0014269760548358606,
      0.0026474710773810336,
      0.0,
      0.0,
      0.0024428564862316367,
      0.0,
      0.012307443830358405,
      0.0,
      0.0,
      0.0,
      0.015038879056741386,
      0.0,
      0.01925727569451155,
      0.0014611823059108167,
      0.008477730558122289
    ],
    "low_data": false
  },
  "250000": {
    "median": 0.0011715529591553432,
    "p90": 0.012859226487444968,
    "p10": 0.0,