{
  "100000": {
    "median": 0.00032565743804097744,
    "p90": 0.009803178529166887,
    "p10": 0.0,
    "sample": [
      0.00015126798184678515,
      0.00012121785982598308,
      0.0037527328567962853,
      0.0,
      0.01611477199960237,
      0.0,
      0.0,
      0.0,
      0.0,
      0.0,
      0.003003667333161399,
      0.0,
      0.00907472127570227,
      0.0,
      0.008531214683168389,
      0.0,
      0.0,
      0.0,
      0.0,
      0.0,
      0.015881394317157568,
      0.007241258977332315,
      0.0,
      0.0,
      0.005464898443483408,
      0.00911269233624438,
      0.00530979935902544,
      0.0,
      0.0020119593244818266,
      0.0035758133290302104,
      0.006252248758666576,
      0.001090842681235968,
      0.0,
      0.0,
      0.000549029400450308,
      0.0,
      0.007726715033579144,
      0.0,
      0.0,
      0.008857693504817223,
      0.0,
      0.003133832978085329,
      0.0,
      0.0,
      0.0,
      0.0009216953374682968,
      0.0,
      0.0,
      0.001674837852812931,
      0.0,
      0.0035670227997570488,
      0.0,
      0.0,
      0.0,
      0.0,
      0.0,
      0.00415821222245336,
      0.008729758266315406,
      0.0,
      0.0,
      0.0,
      0.0004864484277751464,
      0.0,
      0.004904061069914468,
      0.00214296345988266,
      0.003225056916459909,
      0.009344509867372596,
      0.008606014423249412,
      0.0,
      0.0,
      0.004002949304285844,
      0.0,
      0.0,
      0.0060069308468657994,
      0.012175896968753054,
      4.845652918877082e-05,
      0.0005879382797270188,
      0.0,
      0.0,
      0.0024358716256530073,
      9.829232302120154e-05,
      0.0,
      0.008299029171142943,
      0.007034919183264187,
      0.005321388125718226,
      0.0,
      0.008576089085552775,
      0.0039801703469618714,
      0.0022817632579179526,
      0.008177214326187456,
      0.00041551881355767747,
      0.007562453361006051,
      0.008448165967156702,
      0.0,
      0.0,
      0.021123292560550518,
      0.0,
      0.01112890937688393,
      0.0,
      0.01761008424322553,
      0.0,
      0.00614984293741738,
      0.004593209301518269,
      0.0004425287502329468,
      0.007615647466826821,
      0.0,
      0.0019656216580030772,
      0.0,
      0.0,
      0.0,
      0.0,
      0.0,
      0.005052503448088668,
      0.0,
      0.0010560805567079352,
      0.0,
      0.0032165682604255053,
      0.0,
      0.009636055259560404,
      0.0,
      0.0,
      0.0021187228097708528,
      0.0,
      0.0037100502908811697,
      0.010428167586954478,
      0.0,
      0.0,
      0.0,
      0.0,
      0.0,
      0.02276377593808248,
      0.009612919110316425,
      0.0,
      0.018013303631896113,
      0.01495932953531137,
      0.0,
      0.008158697544952406,
      0.0019215127963641825,
      0.0037894169063774435,
      0.0010547267841576004,
      0.010136249125866303,
      0.007462115921210013,
      0.0,
      0.004085885129619179,
      0.0022487335603453276,
      0.0,
      0.002840089560392684,
      0.01753561109128848,
      0.0052230937184548866,
      0.0012822835596133988,
      0.00037356133788547016,
      0.0,
      0.007160709867739057,
      0.0,
      0.0,
      0.009414829223077053,
      0.0,
      0.0,
      0.00027775353819648477,
      0.0024739464141463456,
      0.0011720452468180391,
      0.0,
      0.0073215522332959046,
      0.00317375598885198,
      0.0,
      0.008882452137331298,
      0.0,
      0.0,
      0.004033546958467551,
      0.0,
      0.0,
      0.0,
      0.0008807388873356053,
      0.0,
      0.012201425502779046,
      0.0,
      0.008410583837175481,
      0.0,
      0.0,
      0.011841215559097059,
      0.006170165301204608,
      0.0,
      0.010135362474231396,
      0.0,
      0.0,
      0.008205867881807561,
      0.0,
      0.0044550251646162855,
      0.021058285092009073,
      0.015746624820007354,
      0.007433620368071603,
      0.019051991724606813,
      0.005274478790665237,
      0.0,
      0.016447162210883007,
      0.0,
      0.0,
      0.009788264218975667,
      0.0,
      0.009937407320887862
    ],
    "low_data": false
  },
  "250000": {
    "median": 0.00045991300800546093,
    "p90": 0.009915750897732086,
    "p10": 0.0,