{
  "100000": {
    "median": 0.00018014926884650032,
    "p90": 0.01124826314238666,
    "p10": 0.0,
    "sample": [
      0.00017070155505575168,
      8.042313820329885e-05,
      0.014860775693202988,
      0.006530426566886291,
      0.0,
      0.0,
      0.006960847858462203,
      0.03385846837893351,
      0.0008293592365854383,
      0.005308314910965572,
      0.00331722700366517,
      0.008058397208706205,
      0.0,
      0.006470478728173593,
      0.0,
      0.0,
      0.003956259513356871,
      0.0019103921423507173,
      0.0,
      0.007030101407231893,
      0.00808011638297403,
      0.000783439107586056,
      0.0,
      0.0011779908428936683,
      0.0025556695705811474,
      0.0,
      0.007201694491986032,
      0.0,
      0.0,
      0.0,
      0.0,
      0.0,
      0.009945896658404622,
      0.0,
      0.0,
      0.0001210130443185765,
      0.0,
      0.0,
      0.010948198258442315,
      0.0028078738786288873,
      0.0,
      0.005717927444528448,
      0.000915470083426517,
      0.012558612459015137,
      0.0,
      0.008996490429635344,
      0.0,
      0.014463772624994594,
      0.0037352048444803517,
      0.006170574046399646,
      0.0,
      0.011829968225344942,
      0.03363267740947874,
      0.01018645490745596,
      0.019124186172201425,
      0.0,
      0.007179865676927816,
      0.0,
      0.004650155801479734,
      0.01809920834939401,
      0.009208610490769613,
      0.010926940475576479,
      0.00018959698263724896,
      0.0,
      0.0,
      0.0,
      0.012409345423138492,
      0.0,
      0.0,
      0.010207075029393293,
      0.0006053162063156118,
      0.0014368923135724535,
      0.00037750919038954185,
      0.005194539972965495,
      0.003980637806285632,
      0.0,
      0.0032223513786958985,
      0.0,
      7.603570555544851e-05,
      0.003567524014136661,
      0.0,
      0.0,
      0.01195746907104934,
      0.0,
      0.0,
      0.0,
      0.0,
      0.0,
      0.0,
      0.0,
      0.012107737431769242,
      0.0,
      0.006539944422640181,
      0.0,
      0.010326195476900063,
      0.0,
      0.007237523522081479,
      0.0,
      0.0,
      0.017048433732260067,
      0.002928023767589552,
      0.0170408658246486,
      0.0,
      0.013255523012126541,
      0.011622289087003596,
      0.021524455551528963,
      0.0077604582000913485,
      0.00743763433267218,
      0.00574681671988015,
      0.0,
      0.0,
      0.003269005151139086,
      0.00821795194888871,
      0.006507196566985087,
      0.0,
      0.005035180073005725,
      0.0009453220596236413,
      0.0,
      0.001046569227746586,
      0.016199435678649236,
      0.00866178012350633,
      0.0,
      0.0,
      0.0,
      0.0011132464090035717,
      0.0062677687663768335,
      0.0,
      2.1687265149428032e-05,
      0.0,
      0.0060663717732435275,
      0.0027710271409459295,
      0.0,
      0.0,
      0.004381935410033804,
      0.010406163377171576,
      0.0013282186898690034,
      0.004033841411421885,
      0.0,
      0.0,
      0.010898814867640922,
      0.005609682691761544,
      0.0,
      0.0016574282688226597,
      0.0,
      0.0,
      0.011406996168129116,
      0.0,
      0.0,
      0.0,
      0.0,
      0.0019047383855037596,
      0.014783884359011103,
      0.0,
      0.004039593738142145,
      0.002138087146198255,
      0.004630740900000092,
      2.809939512945222e-05,
      0.0,
      0.0,
      0.0049907211065969535,
      0.0,
      0.007487740430418088,
      0.0,
      0.0,
      0.0,
      0.0,
      0.0011948521200486983,
      0.011230626139526387,
      0.017022920871181225,
      0.009112181541105645,
      0.0,
      0.0,
      0.0,
      0.0039357376730684585,
      0.010140975933696308,
      0.006940854517644144,
      0.0,
      0.0,
      0.0,
      0.0,
      0.0,
      0.0027342002332928455,
      0.0,
      0.0013188180886809914,
      0.0,
      0.0,
      0.0,
      0.0,
      0.001880157303097468,
      0.0,
      0.0,
      0.0,
      0.0,
      0.0,
      0.0,
      0.0,
      0.01113698607406769,
      0.00014903697760478162,
      0.0015062151478123724,
      0.0012932506883938633
    ],
    "low_data": false
  },
  "250000": {
    "median": 0.00033618966065844167,
    "p90": 0.01133612356491005,
    "p10": 0.0,