{
  "100000": {
    "median": 3.841525762175576e-05,
    "p90": 0.010351441429658503,
    "p10": 0.0,
    "sample": [
      0.00010078274297686007,
      0.00020526420553531184,
      0.01463505577920194,
      0.013212253388132126,
      0.0,
      0.00792478162067287,
      0.0011737928485232114,
      0.009744862438629901,
      0.009630546839484435,
      0.008682257222603648,
      0.0,
      0.0,
      0.0,
      0.0006054734479416818,
      0.012903157354118188,
      0.0,
      0.0,
      0.0,
      0.0,
      0.0010290095970482166,
      0.007188697656961132,
      0.0,
      0.0,
      0.0,
      0.004336882214218176,
      0.0,
      0.0,
      0.0,
      0.004200540636639852,
      0.0,
      0.0,
      0.008310214357274496,
      0.0,
      0.003071288244339131,
      0.0,
      0.0,
      0.0,
      0.0,
      0.0,
      0.0017643254383645174,
      0.008723313891120143,
      0.00057113156354936,
      0.0,
      0.0035617393413577454,
      0.00023790082156282632,
      0.007706254616721074,
      0.008993717969627875,
      0.0,
      0.0,
      0.0,
      0.0,
      0.0003166868596537248,
      0.017321428517438824,
      0.0,
      0.018116368863795515,
      0.0,
      0.0013754747565320655,
      0.004876165861710703,
      0.0,
      0.004741304061182275,
      0.008189430971618132,
      0.0,
      0.0,
      0.0,
      0.0,
      7.683051524351152e-05,
      0.004401601598516767,
      0.004005597817868869,
      0.0,
      0.0004024412513683515,
      0.011916530320066055,
      0.0,
      0.005672290614709172,
      0.0,
      0.004122935993658176,
      0.0,
      0.002987209394406807,
      0.0,
      0.0,
      0.0,
      0.0006075695919749603,
      0.001118534803080918,
      0.0,
      0.01276942002211651,
      0.011735502155751124,
      0.0,
      0.0,
      0.0,
      0.0,
      0.0,
      0.0,
      0.0,
      0.017657859055125163,
      0.009434274971508684,
      0.0,
      0.0,
      0.0,
      0.003786887319041202,
      0.0,
      0.0,
      0.0037121085307932223,
      0.0027151022447650342,
      0.007101376404020477,
      0.01010608336144993,
      0.0,
      0.0,
      0.0,
      0.002245989347175853,
      0.0,
      0.0066782619061849175,
      0.0,
      0.0,
      0.001997460480335087,
      0.01671811321685771,
      0.00724348861939357,
      0.0,
      0.0,
      0.0,
      0.0,
      0.0,
      0.000931752339369605,
      0.0,
      0.0004757226144771104,
      0.009833620607947326,
      0.0,
      0.003815054950902726,
      0.007759819731974642,
      0.0,
      0.004684229045433911,
      0.008279420581931143,
      0.0,
      0.00871991525713698,
      0.010872285114583852,
      0.0,
      0.013968254552840708,
      0.0,
      0.01741999185641817,
      0.0,
      0.0,
      0.0026689011335050508,
      0.0041252763502012514,
      0.0038089205947522773,
      0.0,
      0.0028089825602293323,
      0.0,
      0.006841086909555036,
      0.0,
      0.005811656732385409,
      0.012987084395056303,
      0.014605495551536056,
      0.0,
      0.0,
      0.003961957558896555,
      0.01537116691068378,
      0.0,
      0.0,
      0.01207208833966889,
      0.0,
      0.006223535325827756,
      0.007755838799842703,
      0.009589664059697843,
      0.012828823242626635,
      0.010293569909111245,
      0.011541676556244483,
      0.0,
      0.0012416375024507256,
      0.012936306322162019,
      0.004137889020821938,
      0.0,
      0.0,
      0.0008686268689288685,
      0.004550009589090345,
      0.0,
      0.0,
      0.0,
      0.0,
      0.0006370937717685799,
      0.0014473453501207508,
      0.0,
      0.0,
      0.0,
      0.0,
      0.0,
      0.0,
      8.885198699514648e-05,
      0.0,
      0.005949211193237162,
      0.0010202478253100845,
      0.0,
      0.008811081723765372,
      0.0,
      0.005418430839673757,
      0.003278656835687223,
      0.007108341913365046,
      0.0,
      0.0,
      0.008213365608180201,
      0.00492353355370893,
      0.0,
      0.003586538095872943
    ],
    "low_data": false
  },
  "250000": {
    "median": 0.00017375773757014024,
    "p90": 0.010526930443627057,
    "p10": 0.0,