{
  "100000": {
    "median": 0.0,
    "p90": 0.011398222814908102,
    "p10": 0.0,
    "sample": [
      0.00011004856954907874,
      0.0001565852236113655,
      0.012076218138710067,
      0.021381984126105643,
      0.0,
      0.011533959569940142,
      0.0,
      0.0,
      0.0,
      0.0,
      0.0,
      0.0,
      0.0,
      0.010712029468420663,
      0.004798204971382778,
      0.0034023707913177323,
      0.010944672925920836,
      0.0,
      0.006804124865502025,
      0.02267040337515695,
      0.0,
      0.0,
      0.005565352198506106,
      0.0,
      0.00860867007372156,
      0.0,
      0.006547550716325143,
      0.003970368667557308,
      0.006447341377209967,
      0.0,
      0.0,
      0.0,
      0.0,
      0.0,
      0.0,
      0.009919912517965254,
      0.0,
      0.005346669809282043,
      0.0,
      0.0,
      0.0,
      0.0,
      0.019958163747060505,
      0.00403822838952396,
      0.012038965892613614,
      0.003271836563543254,
      0.0,
      0.0,
      0.0008206202118144238,
      0.00249425711645362,
      0.022450811308387737,
      0.0,
      0.0,
      0.0,
      0.0,
      0.003100186078873953,
      0.0,
      0.0,
      0.0032734079632571514,
      0.008501452813203421,
      0.009982720758637416,
      0.0,
      0.0,
      0.002077718346226035,
      0.0,
      0.0,
      0.0,
      0.0,
      0.009233662536406931,
      0.0,
      0.005231894560835008,
      0.0,
      0.0,
      0.0,
      0.012146491208731012,
      0.005201369966003638,
      0.012376336021188195,
      0.003140132051794647,
      0.0,
      0.003374834218254179,
      0.0004071116351360165,
      0.0033549993397418354,
      0.0,
      0.0,
      0.003020271572253648,
      0.0,
      0.0,
      0.0,
      0.0,
      0.008523183911797119,
      0.0,
      0.0,
      0.0,
      0.0,
      0.005448652170218653,
      0.0015924615940039587,
      0.0,
      0.024201953241857355,
      0.0,
      0.002189745557869886,
      0.018522029080725498,
      0.0,
      0.0,
      0.011789703740307082,
      0.009376358736066735,
      0.011228824843056491,
      0.0005060579989753261,
      0.0,
      0.0008465942606999909,
      0.0,
      0.015503896057858822,
      0.0,
      0.01222081807735205,
      0.0,
      0.004847979299242631,
      0.01498167753726162,
      0.0022692863182421316,
      0.0021771784178580677,
      0.0001285520460279646,
      0.0,
      0.000978816712770324,
      0.01095142593584814,
      0.0,
      0.0,
      0.006831613926702498,
      0.004709339268035334,
      0.004134500007390508,
      0.004801466150303358,
      0.0,
      0.0,
      0.0,
      0.005878043817749042,
      0.0,
      0.0,
      0.0,
      0.0040890967324617,
      0.013157055940395347,
      0.011037190631243438,
      0.010050942442885926,
      0.0,
      0.0034076570012522675,
      0.007756147615314445,
      0.002301994222401457,
      0.01133246570576639,
      0.0,
      0.0012910223815708081,
      0.0004019565419032745,
      0.0,
      0.003203832625432706,
      0.0010340032209135016,
      0.0,
      0.0,
      0.012146628139944316,
      0.0,
      0.016207597729964322,
      0.0,
      0.015823249651421244,
      0.0,
      0.0,
      0.0,
      0.005947450847813033,
      0.0,
      0.0019903813968517843,
      0.0,
      0.0011820257204433384,
      0.0,
      0.005691201177926924,
      0.007983023487283308,
      0.0,
      0.0,
      0.0,
      0.0,
      0.0,
      0.0,
      0.0007549305174722475,
      0.0,
      0.0,
      0.0,
      0.006871844148111501,
      0.011238010565124844,
      0.0,
      0.0,
      0.011383140953237877,
      0.00295577797618896,
      0.013019585409332951,
      0.011164401965562483,
      0.0,
      0.0,
      0.0,
      0.0,
      0.00445351911260315,
      0.0,
      0.0012343155513495942,
      0.0,
      0.0,
      0.002930333135698965,
      0.0,
      0.0,
      6.015718471538122e-05,
      0.006874426732966947
    ],
    "low_data": false
  },
  "250000": {
    "median": 0.0,
    "p90": 0.011555046922897954,
    "p10": 0.0,
    "sample": [
      0.000251032764980583,
      0.00035718793801071285,
      0.012200394543681051,
      0.02149536715238788,
      0.0,
      0.011758426650808264,
      0.0,
      0.0,
      0.0,
      0.0,
      0.0,
      0.0,
      0.0,
      0.010841655287115498,
      0.004911068688761646,
      0.00352111889742975,
      0.011118089083671638,
      0.0,
      0.00705261595656749,
      0.022795945657591098,
      0.0,
      0.0,
      0.005712582099388885,
      0.0,
      0.008809880977829013,
      0.0,
      0.006676322836209472,
      0.004099765697782052,
      0.006604179958804906,
      0.0,
      0.0,
      0.0,
      0.0,
      0.0,
      0.0,
      0.010036434247244487,
      0.0,
      0.005518173756601293,
      0.0,
      0.0,
      0.0,
      0.0,
      0.020105784189093454,
      0.004217673027332102,
      0.012200123949416474,
      0.0035319614215831114,
      0.0,
      0.0,
      0.0010130201011872043,
      0.0028325967687975024,
      0.022800486205308838,
      0.0,
      0.0,
      0.0,
      0.0,
      0.0033441024682887453,
      0.0,
      0.0,
      0.0034464540048999405,
      0.008659447083897154,
      0.010131208746187186,
      0.0,
      0.0,
      0.0022419807965942335,
      0.0,
      0.0,
      0.0,
      0.0,
      0.009546905671375247,
      0.0,
      0.005415052228000877,
      8.512562988848176e-05,
      0.0,
      0.0,
      0.012370146797022896,
      0.005483020803410997,
      0.01255918092187491,
      0.003287259682138367,
      0.0,
      0.003545506650071217,
      0.0006948780869275086,
      0.003617776105431137,
      0.0,
      0.0,
      0.003160572452222103,
      0.0,
      0.0,
      0.0,
      0.0,
      0.008837888776904784,
      0.0,
      0.0,
      0.0,
      0.0,
      0.005780659315137766,
      0.0018542451275175612,
      0.0,
      0.024498286261832813,
      0.0,
      0.002381271877491178,
      0.01874233818034633,
      0.0,
      0.0,
      0.01191043555769381,
      0.009496646659440576,
      0.011401464101951832,
      0.0006406504943311837,
      0.0,
      0.0011617249457778226,
      0.0,
      0.015746105446618378,
      0.0,
      0.012373294771317381,
      0.0,
      0.0050915974255839715,
      0.015202297561086934,
      0.0024865484119392395,
      0.002440805515896982,
      0.0003044709000640723,
      0.0,
      0.00118533852076869,
      0.0111611494137062,
      0.0,
      0.0,
      0.006970271743409132,
      0.004871753979599458,
      0.004420429668865623,
      0.005115817000888226,
      0.0,
      0.0,
      0.0,
      0.006028656209251674,
      0.0,
      0.0,
      0.0,
      0.004238088440411919,
      0.013466768213770238,
      0.011286057002394006,
      0.010254299422996665,
      0.0,
      0.0035279346115516725,
      0.007883873798368825,
      0.0025670917539281275,
      0.011523821323512033,
      0.0,
      0.00156393984480284,
      0.0006078212113999528,
      0.0,
      0.0033452141522040367,
      0.0012124070579963037,
      0.0,
      0.0,
      0.012383860891851619,
      0.0,
      0.016326501861941393,
      0.0,
      0.015980268303633024,
      0.0,
      0.0,
      0.0,
      0.006059711315341711,
      0.0,
      0.002163319703442012,
      0.0,
      0.001309362137694143,
      0.0,
      0.005916634879590432,
      0.008113955093895859,
      0.0,
      0.0,
      0.0,
      0.0,
      0.0,
      0.0,
      0.0008470402961394225,
      0.0,
      0.0,
      0.0,
      0.007028393375901724,
      0.011346803147161254,
      0.0,
      0.0,
      0.011532449175352365,
      0.003074355353551378,
      0.013183898622089572,
      0.011327693195013595,
      0.0,
      0.0,
      0.0,
      0.0,
      0.004658175183027947,
      0.0,
      0.0013917459992640055,
      0.0,
      0.0,
      0.003069790467027904,
      0.0,
      0.0,
      0.00020272286197615749,
      0.0070831141676611685
    ],