{
  "100000": {
    "median": 0.0,
    "p90": 0.011804631033401913,
    "p10": 0.0,
    "sample": [
      9.01543918303524e-05,
      0.00017956794675096094,
      0.005221854965533599,
      0.0,
      0.007737418757787731,
      0.0050587889191214585,
      0.008686741979562014,
      0.0004407243345087309,
      0.0004177710672227643,
      0.002129403392465184,
      0.013831382173278594,
      0.0,
      0.0009102697223890211,
      0.005449654599948427,
      0.0,
      0.005801339787580411,
      0.00454329285826644,
      0.004713110979174114,
      0.0,
      0.009192070138905816,
      0.00033995339445483136,
      0.0,
      0.0,
      0.0,
      0.006663333347783276,
      0.0,
      0.011302029085544608,
      0.01855006603290885,
      0.0,
      0.0,
      0.00752008841560418,
      0.002442115147712701,
      0.0036756162063545637,
      0.0,
      0.0,
      0.0,
      0.0006231101353888994,
      0.0,
      0.0005039360966445038,
      0.0,
      0.0,
      0.0,
      0.0,
      0.0,
      0.0,
      0.0,
      0.0,
      0.0,
      7.267714891921143e-06,
      0.0,
      0.020886574214449897,
      0.011795693572602956,
      0.02419941346443077,
      0.006954885928598498,
      0.0,
      0.0,
      0.0,
      0.0,
      0.018746132929804083,
      0.011681171874022926,
      0.0,
      0.0,
      0.0,
      0.0013820919727180689,
      0.0,
      0.0,
      0.0,
      0.0,
      0.004362443455140539,
      0.0,
      0.02485283882691051,
      0.008292555229854913,
      0.0050917996005921855,
      0.0,
      0.0,
      0.0,
      0.012811777884897369,
      0.0,
      0.0,
      0.0,
      0.0,
      0.010570394187022696,
      0.00018666808621436114,
      0.01767941336728318,
      0.0,
      0.0026320460139339355,
      0.0,
      0.0,
      0.0,
      0.0,
      0.0,
      0.0,
      0.012563603498484545,
      0.0,
      0.0,
      0.00489599366177936,
      0.012754065548002425,
      0.011885068180592526,
      0.0014749386041235015,
      0.009367473432060475,
      0.0,
      0.0,
      0.0,
      0.01199560867888087,
      0.0,
      0.0,
      0.0037529412269405597,
      0.013757356395266152,
      0.001322593017506599,
      0.0,
      0.0,
      0.0,
      0.0,
      0.0,
      0.0,
      0.0,
      0.0,
      0.0020413778665482147,
      0.014959433519255829,
      0.012338854707534097,
      0.009419857248071912,
      0.0,
      0.01355426296528057,
      0.005015881169683881,
      0.0010217635053172483,
      0.011217826277848869,
      0.0026310997315469537,
      0.0,
      0.0,
      0.0,
      0.0,
      0.0077060686034997085,
      0.009134661202988583,
      0.0,
      0.0,
      0.0,
      0.004509019397641525,
      0.003970779834325425,
      0.0,
      0.012634296388091897,
      0.0,
      0.0,
      0.0,
      0.0,
      0.0002659335823596799,
      0.0,
      0.005846850167714381,
      0.010267780673573278,
      0.0,
      0.0,
      0.0,
      0.008832047993303269,
      0.004100187032701089,
      0.0,
      0.0,
      0.0,
      0.0022795606240563144,
      0.0,
      0.005563813867058752,
      0.0,
      0.0038239656295801644,
      0.0030745001649899327,
      0.0,
      0.004235841163598425,
      0.0,
      0.00784748291506104,
      0.0061920787719672785,
      0.0,
      0.0,
      0.0012615314977100695,
      0.0,
      0.0030544683431402305,
      0.003598973204989912,
      0.0006355064929991601,
      0.0,
      0.0,
      0.004234039781050608,
      0.0,
      0.01537466322656827,
      0.0,
      0.0,
      0.016056201623500188,
      0.013276366142755429,
      0.0,
      0.0,
      0.0,
      0.0,
      0.0,
      0.0,
      0.0,
      0.0009662764657599506,
      0.002959910404031104,
      0.009571462263392002,
      0.008035900943529808,
      0.0,
      0.0,
      0.002127528460544802,
      0.001779178242839299,
      0.0,
      0.0
    ],
    "low_data": false
  },
  "250000": {
    "median": 0.0,
    "p90": 0.011910432865395811,
    "p10": 0.0,
    "sample": [
      0.00020565198029423825,
      0.00040961403096363263,
      0.005472291916720634,
      0.0,
      0.007894314134134679,
      0.005190073679529201,
      0.008841770306624561,
      0.0007134054281654531,
      0.0005700779679749013,
      0.0022840382517926023,
      0.013954253101297952,
      0.0,
      0.001167841494311891,
      0.005572939132587681,
      0.0,
      0.005929262151106269,
      0.00465867490730284,
      0.004966294031641836,
      0.0,
      0.009309668960652866,
      0.0004679687585759811,
      0.0,
      0.0,
      0.0,
      0.006847676387000931,
      0.0,
      0.011502365450219201,
      0.01875420687813496,
      0.0,
      0.0,
      0.007629748274403602,
      0.002565758600033764,
      0.003929090978245549,
      0.0,
      0.0,
      0.0,
      0.0007531308761901974,
      0.0,
      0.0006359405693512675,
      0.0,
      0.0,
      0.0,
      0.0,
      0.0,
      0.0,
      0.0,
      0.0,
      0.0,
      0.00022956153539502604,
      0.0,
      0.02114455893610672,
      0.01189823307487292,
      0.02429704984839226,
      0.007132493473849928,
      0.0,
      0.0,
      0.0,
      0.0,
      0.01895419357795648,
      0.01185807592715496,
      0.0,
      0.0,
      0.0,
      0.0014794809863505197,
      0.0,
      0.0,
      0.0,
      0.0,
      0.0044892063433077094,
      0.0,
      0.024985112975491164,
      0.008507855980006663,
      0.0052494520715256395,
      0.0,
      0.0,
      0.0,
      0.012919327314364518,
      0.0,
      0.0,
      0.0,
      0.0,
      0.010744968615075018,
      0.0002955412876029709,
      0.01783164683229919,
      0.0,
      0.0028125598106522216,
      0.0,
      0.0,
      0.0,
      0.0,
      0.0,
      0.0,
      0.012675024293208607,
      0.0,
      0.0,
      0.00508719062849219,
      0.012854401557511906,
      0.012020230980101836,
      0.001647983506358964,
      0.00952430649726472,
      0.0,
      0.0,
      0.0,
      0.012152315075532653,
      0.0,
      0.0,
      0.0038954614190876997,
      0.01392259136510535,
      0.0014125547433325146,
      0.0,
      0.0,
      0.0,
      0.0,
      0.0,
      0.0,
      0.0,
      0.0,
      0.0021568691391834283,
      0.015084100196730591,
      0.012482360351291716,
      0.009580194129353502,
      0.0,
      0.013697356225199077,
      0.005117272891873387,
      0.001149116122030815,
      0.011319277804823719,
      0.0027632991439393703,
      0.0,
      0.0,
      0.0,
      0.0,
      0.007874608636373905,
      0.009288062192090406,
      0.0,
      0.0,
      0.0,
      0.0046903779636149,
      0.004167831006322906,
      0.0,
      0.012818468153502276,
      0.0,
      0.0,
      0.0,
      0.0,
      0.0003709037840139176,
      0.0,
      0.0060346742687895335,
      0.010374091818751279,
      0.0,
      0.0,
      0.0,
      0.00893650056240006,
      0.004218122954478441,
      0.0,
      0.0,
      0.0,
      0.0024989859437117437,
      0.0,
      0.005799565391608206,
      0.0,
      0.003981376941283077,
      0.0032030974308978628,
      0.0,
      0.00433884410553402,
      0.0,
      0.00804483074160991,
      0.00636893166510933,
      0.0,
      0.0,
      0.0013620568531549143,
      0.0,
      0.0031846236547745125,
      0.0036965391298431367,
      0.0007941216708017919,
      0.0,
      0.0,
      0.004354555056691093,
      0.0,
      0.015524837606208663,
      0.0,
      0.0,
      0.016145767195713655,
      0.013398145897426425,
      0.0,
      0.0,
      0.0,
      0.0,
      0.0,
      0.0,
      0.0,
      0.0010875201751434636,
      0.003049935255196889,
      0.009743579620391024,
      0.008146517187657878,
      0.0,
      0.0,
      0.002212342600117743,
      0.0018965399608732946,
      0.0,
      0.0
    ],
    "low_data": false
  },
  "500000": {
    "median": 0.0,
    "p90": 0.012140657286926704,
    "p10": 0.0,