{
  "100000": {
    "median": 0.00011755128664259056,
    "p90": 0.01309136215601486,
    "p10": 0.0,
    "sample": [
      9.29922822599799e-05,
      0.00014211029102520123,
      0.01579791019267948,
      0.00585012231360719,
      0.0030278658485109883,
      0.0011638738970388574,
      0.009497367925370632,
      0.0,
      0.0,
      0.003110798464094463,
      0.0,
      0.0,
      0.0010008029423468298,
      0.0,
      0.010179355930807038,
      0.0,
      0.0,
      0.0,
      0.0,
      0.0,
      0.0,
      0.0,
      0.0,
      0.0005313321588870442,
      0.004803247291988906,
      0.0,
      0.0,
      0.0010846278375200346,
      0.0,
      0.009551097942141379,
      0.0,
      0.0,
      0.03009155252009881,
      0.007251540386793847,
      0.0,
      0.016008733247589765,
      0.014458807288089574,
      0.0001804767451080508,
      0.015267277317625531,
      0.018840952248794583,
      0.007560311636363678,
      0.008841848273200923,
      0.0,
      0.0,
      0.0,
      0.0,
      0.009867622588050443,
      0.0,
      0.0123880055568028,
      0.002926199422631428,
      0.0,
      0.005439678542026917,
      0.0,
      0.016070464456693818,
      0.014667612772042695,
      0.0,
      0.009899341211778904,
      0.0,
      0.016322804052743327,
      0.004314466075001646,
      0.006019504753305316,
      0.003110651077897375,
      0.0,
      0.0061989389563295045,
      0.0019883228517540677,
      0.0,
      0.0015339215488159533,
      0.009024239904153936,
      0.002896692649405223,
      0.0,
      0.0,
      0.005411649321397524,
      0.010477693374165951,
      0.008610902463202487,
      0.0055728391915114365,
      0.0,
      0.0,
      0.01297678353414898,
      0.0,
      0.014868756063963477,
      0.017613757629641187,
      0.008128799517189724,
      0.004547849735339787,
      0.0,
      0.0,
      0.0,
      0.012593874489030035,
      0.0013926512448452911,
      0.0,
      0.0,
      0.0,
      0.0,
      0.0,
      0.0,
      0.0,
      0.009808386543785878,
      0.0,
      0.024517284023562694,
      0.0,
      0.00565611871692652,
      0.0003875418077122306,
      0.0,
      0.0070504185762167776,
      0.0,
      0.020033336705456973,
      0.010490351246598443,
      0.003130869209802327,
      0.0,
      0.019739195962831173,
      0.0,
      0.0,
      0.0,
      0.00029873425183747794,
      0.0,
      0.0,
      0.0,
      0.0,
      0.009462924920298611,
      0.020759469021923844,
      0.0008877281057682637,
      0.0,
      0.0,
      0.0067279071835685145,
      0.0,
      0.0,
      0.0,
      0.00215063230988527,
      0.0,
      0.014308204780884154,
      0.0,
      0.0005050455974558746,
      0.015806202322454964,
      0.007939164620859075,
      0.01024983935783648,
      0.005872803462321823,
      0.011841610048516409,
      0.0028136365249001034,
      0.0,
      0.0,
      0.0,
      0.028261357400819056,
      0.0,
      0.01412256975280783,
      0.0,
      0.0017149382192913978,
      0.009431277507503505,
      0.0,
      0.0,
      0.0,
      0.0,
      0.02166174432358298,
      0.00024252593305633976,
      0.0,
      0.00029077251025198234,
      0.007570730458580435,
      0.0,
      0.0,
      0.0,
      0.0,
      0.0006632741123701185,
      0.0053512239207682425,
      0.0,
      0.0,
      0.002015581506850324,
      0.004310578309701677,
      0.0013445752879449604,
      0.006082490782216263,
      0.0,
      0.0,
      0.007674269357292074,
      0.0,
      0.0,
      0.0,
      0.002265102803694484,
      0.0,
      0.0,
      0.0,
      0.0075822457640068045,
      0.0,
      0.004066176829469961,
      0.0,
      0.005587317816769159,
      0.008208967330896787,
      0.0034709083782907208,
      0.0,
      0.012655468749270909,
      0.002186114794811322,
      0.0,
      0.00962954738945493,
      0.0,
      0.0,
      0.0,
      0.007926220362228217,
      0.009147451941748912,
      0.0,
      0.01179240970612451,
      0.0,
      0.0,
      0.0,
      0.00403221071377253
    ],
    "low_data": false
  },
  "250000": {
    "median": 0.0002489211853820744,
    "p90": 0.013242012233218895,
    "p10": 0.0,