{
  "100000": {
    "median": 0.0,
    "p90": 0.010509289068223994,
    "p10": 0.0,
    "sample": [
      0.00015076187272701768,
      9.984624890143273e-05,
      0.0,
      0.0,
      0.007918049838682285,
      0.0,
      0.0,
      0.0,
      0.0,
      0.0,
      0.008718606772052419,
      0.006546219649450028,
      0.0,
      0.0,
      0.0031089515005506777,
      0.007954015651777039,
      0.0,
      0.004910364664587352,
      0.011061586267780442,
      0.0,
      0.003298291798423498,
      0.0,
      0.0,
      0.0,
      0.0,
      0.017631408031856848,
      0.0,
      0.009642523012139546,
      0.016515755251363163,
      0.0,
      0.0,
      0.022852165365870286,
      0.0,
      0.009071558286653188,
      0.0,
      0.0,
      0.0,
      0.0,
      0.0016508547712429191,
      0.0,
      0.012901144706727678,
      0.0070480253211977215,
      0.0,
      0.009001212917852053,
      0.009121450096769764,
      0.005609955694742598,
      0.0,
      0.0,
      0.0058239813099582325,
      0.00913996114008465,
      0.0,
      0.0,
      0.005110880533932082,
      0.004015780483508495,
      0.005190452548019229,
      0.012485235963483264,
      0.01592410037413188,
      0.0,
      0.00760981564508946,
      0.0,
      0.009910470540845956,
      0.0,
      0.0,
      0.0,
      0.0,
      0.0,
      0.0,
      0.0,
      0.0019268062189977636,
      0.004657215842343276,
      0.006611026111413365,
      0.017701329925276604,
      0.001564611525414932,
      0.0,
      0.0,
      0.00121316302156141,
      0.006412184934813185,
      0.004692657713007682,
      0.020736468536674522,
      0.0026315255336685733,
      0.0,
      0.0,
      0.006506837417202396,
      0.0,
      0.00013445745348282,
      0.0,
      0.0,
      0.0,
      0.0,
      0.009992890207483974,
      0.0,
      0.009578966830747675,
      0.007308713866824128,
      0.009920821133130826,
      0.0,
      0.005041996609656631,
      0.011304508798647405,
      0.0,
      0.00445234683282624,
      0.00222740479425571,
      0.0,
      0.0,
      0.0,
      0.008665658944779591,
      0.0,
      0.0,
      0.0,
      0.02203014989574433,
      0.0,
      0.0,
      0.0,
      0.0,
      0.01622092788470904,
      0.02553527847969585,
      0.0,
      0.0,
      0.004088345176449687,
      0.003224989377797096,
      0.0,
      0.010777162538387114,
      0.0,
      0.0,
      0.0,
      0.011496513688752341,
      0.0,
      0.0,
      0.00908928431820844,
      0.0,
      0.0,
      0.008545436434941866,
      0.012918941836536108,
      0.0,
      0.0,
      0.0,
      0.006992081893926224,
      0.0,
      0.006386530706196534,
      0.0,
      0.0,
      0.006824735556834185,
      0.016809602956457514,
      0.003621112220593535,
      0.012633377386682292,
      0.0,
      0.0031966986563711905,
      0.002346789672562918,
      0.0,
      0.00581515614801796,
      0.004712454840635265,
      0.0,
      0.0,
      0.0,
      0.0,
      0.012140564482156611,
      0.0,
      0.0,
      0.0,
      0.0010960799838167765,
      0.0,
      0.00829401013304892,
      0.0,
      0.0004106446230356518,
      0.006166271485706054,
      0.0,
      0.0,
      0.0,
      0.002966389254996168,
      0.0,
      0.0014873570898983359,
      0.0,
      0.0,
      0.0,
      0.0,
      0.001553155354449506,
      0.0017247323768331646,
      0.0,
      0.02236491088576421,
      0.003415831061424962,
      0.0020252679444629994,
      0.0,
      0.010479525349316982,
      0.0,
      0.0,
      0.008326544227450265,
      0.0,
      0.01020341081854239,
      0.010022551723855522,
      0.006940257891574667,
      0.0038640999276691877,
      0.0,
      0.004976636390669126,
      0.004799782913472718,
      0.001645667703621505,
      0.0,
      0.0,
      0.009297187451119807,
      0.0025214545746520926,
      0.005695373349684645,
      0.003665966211374547,
      0.002404193822560324
    ],
    "low_data": false
  },
  "250000": {
    "median": 0.0,
    "p90": 0.010594801328307134,
    "p10": 0.0,
    "sample": [
      0.0003439042408219183,
      0.00022776016114855517,
      0.0,
      0.0,
      0.008030283090518248,
      0.0,
      0.0,
      0.0,
      0.0,
      0.0,
      0.008891740398860027,
      0.006694698472084102,
      0.0,
      0.0,
      0.0032372589953682572,
      0.008121716914875099,
      0.0,
      0.0050622546327090965,
      0.01116146524761295,
      0.0,
      0.0033969412322705527,
      0.0,
      0.0,
      0.0,
      0.0,
      0.017765635107687534,
      0.0,
      0.009780040459640229,
      0.016664978677174848,
      0.0,
      0.0,
      0.02295922861051876,
      0.0,
      0.00921555637196529,
      0.0,
      0.0,
      0.0,
      0.0,
      0.001876310400398265,
      0.0,
      0.012996371613377643,
      0.007158063612673271,
      0.0,
      0.009131366382799783,
      0.009337529673433964,
      0.005833125149950175,
      0.0,
      0.0,
      0.006004647943905256,
      0.00930879299395478,
      0.0,
      0.0,
      0.005247457805305952,
      0.004244782212226315,
      0.005287022695197719,
      0.012601342264014997,
      0.016020865655867,
      0.0,
      0.007720086829686258,
      0.0,
      0.010003700400009906,
      8.231119332798264e-05,
      0.0,
      0.0,
      0.0,
      0.0,
      0.0,
      0.0,
      0.002024608281381207,
      0.004743549007731713,
      0.00671910968824292,
      0.017885152854357544,
      0.0016440990109389778,
      0.0,
      0.0,
      0.0013159099887606934,
      0.006557040656127661,
      0.004836315769633888,
      0.02086582355224417,
      0.00279714323375193,
      0.0,
      0.0,
      0.006677132707351679,
      0.0,
      0.00025654174628130444,
      0.0,
      0.0,
      0.0,
      0.0,
      0.010107639969483202,
      0.0,
      0.009662622168774131,
      0.007474289023665702,
      0.010130941494382966,
      0.0,
      0.00514215445542715,
      0.011409654946915315,
      0.0,
      0.004558303859444958,
      0.0023734487676207927,
      0.0,
      0.0,
      0.0,
      0.008758820987300946,
      0.0,
      0.0,
      0.0,
      0.022132434180069306,
      0.0,
      0.0,
      0.0,
      0.0,
      0.016349560905985685,
      0.02569531750651144,
      4.418668332482076e-05,
      0.0,
      0.004237831513506057,
      0.003316880820864234,
      0.0,
      0.010867715860776676,
      0.0,
      0.0,
      0.0,
      0.011588707562635482,
      0.0,
      0.0,
      0.009185814574545181,
      0.0,
      0.0,
      0.00864187353200989,
      0.013026500819430985,
      0.0,
      0.0,
      0.0,
      0.007082727936263279,
      0.0,
      0.006523858566973034,
      0.0,
      0.0,
      0.007010610384856512,
      0.016921791617899834,
      0.0037645047644513903,
      0.012807623792193025,
      0.0,
      0.0033136609517749626,
      0.0025032051289551704,
      0.0,
      0.005934957881473098,
      0.004944647680676666,
      0.0,
      0.0,
      0.0,
      0.0,
      0.012260366323682928,
      0.0,
      0.0,
      0.0,
      0.0012258615254819628,
      0.0,
      0.00843998969529084,
      0.0,
      0.0005487357290607648,
      0.0062782994022501405,
      0.0,
      0.0,
      0.0,
      0.0031204617109051205,
      0.0,
      0.0016278283133052702,
      0.0,
      0.0,
      0.0,
      0.0,
      0.0016547701001519814,
      0.0018258270983572645,
      0.0,
      0.022465502815471,
      0.0035379622724564623,
      0.0021296720689987355,
      0.0,
      0.010564477491366076,
      0.0,
      0.0,
      0.008427946184925594,
      0.0,
      0.010409058885954501,
      0.010216147808717853,
      0.007130218847656836,
      0.003976517075235755,
      0.0,
      0.005186955640590621,
      0.004887555403116678,
      0.0017929709008189716,
      0.0,
      0.0,
      0.009380832116499793,
      0.002653372114130351,
      0.005777402002721038,
      0.0038022941150518703,
      0.002492127488607794
    ],