{
  "100000": {
    "median": 0.0,
    "p90": 0.00974995889827986,
    "p10": 0.0,
    "sample": [
      0.00012282156537780857,
      8.914369610709721e-05,
      0.0028883247205734215,
      0.016154280966123865,
      0.008741833585523757,
      0.0,
      0.0,
      0.004199650884978613,
      0.0,
      0.008493172423396448,
      0.003973865074312936,
      0.0,
      0.0,
      0.0,
      0.001196206141561512,
      0.0033874695193413973,
      0.0,
      0.0,
      0.005500982469089102,
      0.0,
      0.0,
      0.0,
      0.0,
      0.004133554764802724,
      0.0,
      0.0,
      0.009989357698300378,
      0.005268278485654696,
      0.013153811554071766,
      0.010869292881593386,
      0.0,
      0.0,
      0.011911553152322939,
      0.0003581986196631175,
      0.0,
      0.0,
      0.0,
      0.0,
      0.003324985379626731,
      0.0,
      0.0,
      0.0,
      0.0,
      0.012644893879105355,
      0.002300901290815724,
      0.003860673014986911,
      0.00046465729123268607,
      0.0,
      0.0012612814318576006,
      0.0,
      0.00922238072264716,
      0.0,
      0.0,
      0.0,
      0.0,
      0.0030587444111991467,
      0.001083724855781897,
      0.005990153809228948,
      0.005215874707434005,
      0.003658340082490167,
      0.008954627082968538,
      0.0008501812747526724,
      0.0026828539434388867,
      0.0033142761239320193,
      0.0,
      0.0,
      0.005159536913811746,
      0.0,
      0.0,
      0.0,
      0.0022847514231206893,
      0.012216487179610179,
      0.0,
      0.0,
      0.006137527970086047,
      0.010976294098435879,
      0.0104447901342299,
      0.00020897579354328417,
      0.0031505853221130294,
      0.0,
      0.0,
      0.0,
      0.0024934858523028964,
      0.0032585091687023443,
      0.0,
      0.0,
      0.008612774078881178,
      0.009337593645471851,
      0.0,
      0.0,
      0.0,
      0.0,
      0.0,
      0.004436680731488438,
      0.0,
      0.0,
      0.0,
      0.005771293518514848,
      0.0026073896780832826,
      0.0,
      0.0,
      0.0,
      0.0,
      0.006878454421764472,
      0.012737276875745948,
      0.0,
      0.014165991037308846,
      0.0,
      0.0,
      0.0,
      0.0018966158891799976,
      0.0,
      0.0,
      0.0,
      0.0,
      0.00037632863636982114,
      0.0,
      0.01774170738284399,
      0.0,
      0.002351705082847608,
      0.00019934761200616523,
      0.007163310534902876,
      0.0,
      0.006203196307476208,
      0.0,
      0.008137835229162938,
      0.022717245411937537,
      0.0,
      0.0,
      0.0,
      0.0,
      0.011854260540305916,
      0.0,
      0.0,
      0.0,
      0.0,
      0.0,
      0.003906396131560136,
      0.002460142845093378,
      0.0,
      0.006263153713470089,
      0.0011392870067194149,
      0.0008850385141651746,
      0.0,
      0.0,
      0.0008260619760537365,
      0.0,
      0.0002811367733185066,
      0.0,
      0.009793839190204174,
      0.0,
      0.008056934602570048,
      0.012760369767699672,
      0.0,
      0.0,
      0.0,
      0.0014154764841442925,
      0.000264249684622885,
      0.003263666426206484,
      0.007266917487549805,
      0.0,
      0.02046329594271224,
      0.003908046353497055,
      0.009745083310288269,
      0.0,
      0.0,
      0.026873092895525683,
      0.010209745441055672,
      0.007147067668077224,
      0.0018846328434965454,
      0.007451771966188361,
      0.0,
      7.843576879943052e-05,
      0.0,
      0.0006721260201615743,
      0.0,
      0.0,
      0.0,
      0.0,
      0.012523242564464852,
      0.0,
      0.0,
      0.007380377826655558,
      0.0006189165279347447,
      0.0,
      0.004778888897802659,
      0.005168900413518062,
      0.0,
      0.0015451603520615386,
      0.00232199218605566,
      0.0,
      0.0,
      0.0,
      0.0,
      0.0024960799156279684,
      0.0,
      0.004227514921886918,
      0.0035933049823895684,
      0.0019173996799392453,
      0.0
    ],
    "low_data": false
  },
  "250000": {
    "median": 0.0,
    "p90": 0.009869717772537374,
    "p10": 0.0,
    "sample": [
      0.0002801693586965196,
      0.00020334647334396708,
      0.003005360494682106,
      0.016380875862467472,
      0.008886128432845785,
      0.0,
      0.0,
      0.004396858120937718,
      0.0,
      0.00862976742663705,
      0.0041408884721507964,
      0.0,
      0.0,
      0.0,
      0.001367952197417457,
      0.0034991067163680353,
      0.0,
      0.0,
      0.005682986999705731,
      0.0,
      0.0,
      0.0,
      0.0,
      0.004245463801568073,
      0.0,
      0.0,
      0.01013132783461537,
      0.005414064151885856,
      0.01340249028098786,
      0.011008113315038094,
      0.0,
      0.0,
      0.012118222945252492,
      0.0005768715560373623,
      0.0,
      0.0,
      0.0,
      0.0,
      0.0034541479519858503,
      0.0,
      0.0,
      0.0,
      0.0,
      0.012827925694482196,
      0.002487632068796753,
      0.0040212214093142675,
      0.0005802851437370392,
      0.0,
      0.001408512758164074,
      0.0,
      0.00934176078170577,
      0.0,
      0.0,
      0.0,
      0.0,
      0.0031518807440644686,
      0.0012759147062038898,
      0.006125754824024159,
      0.005341212571427623,
      0.0037634483803876324,
      0.009081957517171418,
      0.0010056007709555378,
      0.002810099383503296,
      0.0035241466336420352,
      0.0,
      0.0,
      0.005248966857570822,
      0.0,
      0.0,
      0.0,
      0.002368678401316788,
      0.012298322993982758,
      0.0,
      0.0,
      0.006313581958258045,
      0.011100315979893772,
      0.010536798759308555,
      0.000400288286252604,
      0.0033114907166395496,
      0.0,
      0.0,
      0.0,
      0.002682263645098429,
      0.00337379606368644,
      0.0,
      0.0,
      0.008709963525202336,
      0.009433523039719236,
      0.0,
      0.0,
      0.0,
      0.0,
      0.0,
      0.004675333849061848,
      0.0,
      0.0,
      0.0,
      0.005904591039075114,
      0.0027316340502622134,
      0.0,
      0.0,
      0.0,
      0.0,
      0.007095510751592134,
      0.012849480235104257,
      0.0,
      0.014263548679694578,
      0.0,
      0.0,
      0.0,
      0.0020002535231226654,
      0.0,
      0.0,
      0.0,
      0.0,
      0.0005619343313666794,
      0.0,
      0.017862679943484658,
      0.0,
      0.0024474661099963906,
      0.00037876074620698304,
      0.007334978545231973,
      0.0,
      0.006344525711080271,
      0.0,
      0.008251213262488972,
      0.022900085657582798,
      0.0,
      0.0,
      0.0,
      0.0,
      0.012054737497321272,
      0.0,
      0.0,
      0.0,
      0.0,
      0.0,
      0.004017583652043553,
      0.0025539575392303157,
      0.0,
      0.0064153881422130705,
      0.0013363097703056642,
      0.0010302293879854401,
      0.0,
      0.0,
      0.0010034771460231337,
      0.0,
      0.00047720384439131917,
      0.0,
      0.009910917920230073,
      0.0,
      0.008187460385210293,
      0.012849440830611944,
      0.0,
      0.0,
      0.0,
      0.0015278590919816067,
      0.00044146570921837006,
      0.0034179530721348953,
      0.007368193221954045,
      0.0,
      0.02057895249929969,
      0.004033687829984481,
      0.009865139978349298,
      0.0,
      0.0,
      0.026992140292061137,
      0.010312095605779316,
      0.007249298403203121,
      0.002039081526352847,
      0.007555981560097555,
      0.0,
      0.00021640593885545545,
      0.0,
      0.0008857133801058342,
      0.0,
      0.0,
      0.0,
      0.0,
      0.012650788595862278,
      0.0,
      0.0,
      0.007489541849065591,
      0.0007591934962697894,
      0.0,
      0.004878944259229104,
      0.005296749527733601,
      0.0,
      0.0016597736973764606,
      0.0024367621132086862,
      0.0,
      0.0,
      0.0,
      0.0,
      0.0027323765440568338,
      0.0,
      0.004374368658734935,
      0.0037100441363620523,
      0.00201145334816227,
      0.0
    ],