{
  "100000": {
    "median": 0.0,
    "p90": 0.009004676566681523,
    "p10": 0.0,
    "sample": [
      0.00016543366561326658,
      9.933077976475289e-05,
      0.007996744643906437,
      0.0,
      0.0,
      0.0,
      0.006987824963622068,
      0.006375569327086953,
      0.020053715189515185,
      0.0,
      0.00045438417705697824,
      0.0,
      0.0,
      0.0,
      0.008806605501399202,
      0.005750811672902845,
      0.007033251008974585,
      0.011724555076090892,
      0.0017037560265051445,
      0.0,
      0.013079361627187109,
      0.0187084891230465,
      0.0,
      0.0,
      0.011104011548718876,
      0.0,
      0.0,
      0.0,
      0.0,
      0.0011245366958300225,
      0.0,
      0.0,
      0.0030375801624725265,
      0.0,
      0.0,
      0.010759914600878034,
      0.00014837237937685965,
      0.0,
      0.003108857241616083,
      0.0,
      0.0008178664521561069,
      0.0004655130861271313,
      0.0,
      0.0,
      0.006684433280397212,
      0.00082285804247287,
      0.0,
      0.00021821112611160646,
      0.0013891752503277569,
      0.0,
      0.0,
      0.0057334388363176995,
      0.002591490051987,
      0.0,
      0.008414736187996385,
      0.0,
      0.0,
      0.0,
      0.0022534276285890017,
      0.002049656176864573,
      0.0,
      0.0,
      0.0,
      0.002363378870700461,
      3.808488046802731e-05,
      0.0,
      0.0,
      9.06780053705004e-05,
      0.0,
      0.0043539078074321,
      0.015756808087719846,
      0.0040384163883496835,
      0.0,
      0.0018830677352151388,
      0.0,
      0.001592298601536747,
      0.0,
      0.0,
      0.0,
      0.013373371682913629,
      0.0020943409610718754,
      0.012753487805330284,
      0.0,
      0.01361996281290268,
      0.0,
      0.0,
      0.0,
      0.0,
      0.000638591627297949,
      0.005282604564052946,
      0.00674128795889583,
      0.0024506964440497133,
      0.0,
      0.014214559173806054,
      0.004376230294676198,
      0.0,
      0.0,
      0.0076703197938032585,
      0.01811523569499055,
      0.013754432998501775,
      0.0,
      0.0,
      0.0,
      0.0010627104351941747,
      0.0,
      0.0,
      0.0,
      0.001360696140570429,
      0.008977577329961618,
      0.0,
      0.0,
      0.0021873388768418713,
      0.0,
      0.004122242560366292,
      0.0,
      0.0,
      0.0020783490229138567,
      0.00848222125908675,
      0.0,
      0.0,
      0.007146308264621654,
      0.0043025776988746605,
      0.003988861469194086,
      0.006966768752984397,
      0.0,
      0.0,
      0.0003053149606957762,
      0.007798023968603766,
      0.0,
      0.0,
      0.0024108709901146234,
      0.0,
      0.0,
      0.0,
      0.0008924784319139681,
      0.0,
      0.005724734728210108,
      0.01763757037168033,
      0.0,
      0.005087821613347767,
      0.0,
      0.0031108142618937575,
      0.0,
      0.009248569697160675,
      0.0,
      0.0,
      0.0,
      0.0,
      0.0,
      0.0,
      0.004190940277793409,
      0.013880619867601347,
      0.0,
      0.006150534237640783,
      0.0,
      0.013392283079459564,
      0.001718176898244721,
      0.007817401080749076,
      0.0,
      0.0016924472304464728,
      0.0,
      0.0024027530131319258,
      0.0,
      0.0037847725743268053,
      0.0,
      0.0,
      0.0011858541173538483,
      0.006955985423472113,
      0.005305930395713426,
      0.01868419011689949,
      0.0012933836765701044,
      0.00408116548753038,
      0.0,
      0.005857781385003196,
      0.0,
      0.0,
      0.010889033691975008,
      0.0,
      0.0,
      0.008484098290551977,
      0.0023941967611400645,
      0.0,
      0.0,
      0.0,
      0.0,
      0.0,
      0.0,
      0.0,
      0.007501655485884525,
      0.0,
      0.0,
      0.0,
      0.005312002271957229,
      0.008509660402200556,
      0.001679031360702227,
      0.0,
      0.008922369166734853,
      0.01961598116180989,
      0.006953224764399621,
      0.0
    ],
    "low_data": false
  },
  "250000": {
    "median": 0.0,
    "p90": 0.0091324074112194,
    "p10": 0.0,