{
  "100000": {
    "median": 0.0,
    "p90": 0.010176226053544825,
    "p10": 0.0,
    "sample": [
      0.00012236307329119961,
      0.0001059611580190187,
      0.0004345560565579378,
      0.007377388620986077,
      0.004537763458774722,
      0.0,
      0.0,
      0.0,
      0.000500169981752816,
      0.0,
      0.0,
      0.014786393235833115,
      0.005482380264101797,
      0.0,
      0.006907825603344465,
      0.0,
      0.0009392170933273417,
      0.007581918525263615,
      0.006379476507263122,
      0.007661590112332188,
      0.005383080183167041,
      0.0,
      0.004904655692540205,
      0.00865520320815609,
      0.0,
      0.0,
      0.0,
      0.015263678426861244,
      0.0,
      0.0,
      0.001512013352553694,
      0.0,
      0.0,
      0.0,
      0.0,
      0.0030916843367326165,
      0.0,
      0.0,
      0.008097997432569243,
      0.0,
      0.0,
      0.008266569627487865,
      0.0,
      0.005053957984262081,
      0.0,
      0.0,
      0.0,
      0.0,
      0.005151751735942908,
      0.0,
      0.0023161450993512724,
      0.0022289623413383986,
      0.011849143368250378,
      0.007518417544219035,
      0.006734795648480894,
      0.0,
      0.0,
      0.0,
      0.0,
      0.01295727080271146,
      0.0,
      0.003394612438016097,
      0.014454368096143413,
      0.0,
      0.00933665792153618,
      0.020648721614507197,
      0.0,
      0.0,
      0.0,
      0.0,
      0.0,
      0.013681033974401126,
      0.0,
      0.0,
      0.01585309742012141,
      0.0,
      0.011086250121080644,
      0.015196864857185285,
      0.008671541878696471,
      0.008767542718480709,
      0.0,
      0.018817765817703672,
      0.006131266770294104,
      0.0,
      0.0,
      0.0,
      0.0002383420686936757,
      0.0,
      0.0,
      0.0,
      0.002728136538395631,
      0.009259246370510113,
      0.0022188574021356966,
      0.006225235970293899,
      0.0,
      0.0,
      1.0945562203316884e-06,
      0.007929427742886845,
      0.0028167711661361925,
      0.007342951843399072,
      0.0,
      0.0,
      0.0,
      0.0021974011053243507,
      0.015987621408663364,
      0.0,
      0.013074539379823618,
      0.004399351232098712,
      0.01722358395250039,
      0.0,
      0.0,
      0.0,
      0.0,
      0.0,
      0.006127184075787961,
      0.0,
      0.0,
      0.012096372862009614,
      0.004382962891814099,
      0.0011849075064795029,
      0.0,
      0.0,
      0.0,
      0.0,
      0.0,
      0.0,
      0.0020877200292512615,
      0.0055904710836101,
      0.002531799474275989,
      0.0017958196214297793,
      0.0,
      0.0,
      0.0,
      0.0012277869404675736,
      0.0,
      0.0,
      0.003726314707058632,
      0.0,
      0.007482095979100275,
      0.0,
      0.0,
      0.0045133374661102,
      0.0,
      0.0,
      0.00041246669923850716,
      0.0025722346971334695,
      0.0,
      0.0,
      0.003929751219858722,
      0.0,
      0.006949990906305227,
      0.0015514707606760407,
      0.0,
      0.002989828274789353,
      0.0011984965081076535,
      0.010498739723635053,
      0.004847944718646243,
      0.0,
      0.0,
      0.0,
      0.0,
      0.011737364057835504,
      0.008336379619445963,
      0.0,
      0.01014039120131258,
      0.00047946339102555017,
      0.0,
      0.007725462898556324,
      0.0009294636912176268,
      0.0,
      0.005299283518647746,
      0.003038736367328227,
      0.0,
      0.0011463289617985072,
      0.0,
      0.0,
      0.01065098081314519,
      0.0,
      0.0,
      0.00307558398461111,
      0.0,
      0.0,
      0.011304939212770926,
      0.00332153572343311,
      0.008670426161181344,
      0.0,
      0.0,
      0.008823433550740575,
      0.002188240254356813,
      0.0,
      0.008780980219580011,
      0.0,
      0.013878663758486632,
      7.95358372953103e-05,
      0.0009633909757888423,
      0.0,
      0.0024835362523754445,
      0.009120409028405553,
      0.0,
      0.0
    ],
    "low_data": false
  },
  "250000": {
    "median": 0.0,
    "p90": 0.010287894676340918,
    "p10": 0.0,