{
  "100000": {
    "median": 0.0001571113460150542,
    "p90": 0.012575787731712564,
    "p10": 0.0,
    "sample": [
      0.00014110578933843734,
      0.00013154832503902618,
      0.010073600614425963,
      0.010064199364738647,
      0.0,
      0.0,
      0.0,
      0.0,
      0.0,
      0.0,
      0.003872713166483001,
      0.0048522383883838165,
      0.029562561395404894,
      0.00206216669967084,
      0.0,
      0.0,
      0.0,
      0.0034719807904453645,
      0.0,
      0.012199240280251784,
      0.023949551835962233,
      0.0,
      0.006461001842824055,
      0.0,
      0.026040157184488252,
      0.0,
      0.0,
      0.013669552041511641,
      0.014410997940794642,
      0.014186283751749034,
      0.020917638756966308,
      0.007886048725555525,
      0.008664988562679648,
      0.0041757947022994886,
      0.017429032689390368,
      0.0,
      0.0,
      0.0,
      0.00718357013028347,
      0.005951523743996299,
      0.0,
      0.007333114907493782,
      0.0,
      0.008217073023451501,
      0.0,
      0.0,
      0.0011857907511877287,
      0.0,
      0.0,
      0.000303374038369039,
      0.0,
      0.0,
      0.0,
      0.005618023868058973,
      0.0,
      0.0,
      0.004294689863872475,
      0.008025658381302588,
      0.0,
      0.0,
      0.0,
      0.0,
      0.009206881478277166,
      0.0,
      0.0,
      0.0031567041622059637,
      0.0,
      0.0,
      0.005408083737102341,
      0.0043983379766702945,
      0.0,
      0.007892143577732583,
      0.0001735702248218462,
      0.008890205416540531,
      0.0,
      0.0004935441633176596,
      0.0,
      0.007131844900875061,
      0.0,
      0.0066677646604457325,
      0.0,
      0.0,
      0.0025533602560515864,
      0.0,
      0.005634557618144728,
      0.0,
      0.0,
      0.013494113354778941,
      0.003393934964475422,
      0.003056586169410088,
      0.0,
      0.007010203539815365,
      0.0,
      0.021051075376143518,
      0.00030192999806279836,
      0.012473751551371861,
      0.0,
      0.016863067360005354,
      0.017552190157413636,
      0.0,
      0.012397612326472946,
      0.00540775947898688,
      0.0,
      0.00023403053367713686,
      0.010860172162806813,
      0.007418419558839869,
      0.008303214474138097,
      0.0,
      0.004808851335659951,
      0.008316965673476775,
      0.0,
      0.00011384973234252697,
      0.01214718180726239,
      0.0,
      0.007467245997579804,
      0.0045074416928257265,
      0.0,
      0.0,
      0.0,
      0.010956752895850734,
      0.010685923248635914,
      0.0,
      0.0,
      0.0,
      0.0,
      0.0,
      0.00710075555610077,
      9.00471869004413e-05,
      0.0,
      0.01938065970676217,
      0.0,
      0.0140156559470339,
      0.0,
      0.0,
      0.010289661019152027,
      0.0,
      0.0,
      0.006320953387044766,
      0.0,
      0.0011649312880412498,
      0.006899469337076588,
      0.00400988010637544,
      0.0,
      0.0,
      0.01855116061104015,
      0.004045523708338884,
      0.023530845843828863,
      0.0,
      0.0,
      0.0030075829404666693,
      0.00900490237826352,
      0.0,
      0.0,
      0.018626255277070947,
      0.007354753812291699,
      0.015672513682601762,
      0.0,
      0.0,
      0.0,
      0.0,
      0.002144562425184046,
      0.0,
      0.007651668372701423,
      0.0022132266920986887,
      0.0009970795293579467,
      0.0,
      0.019869277719342958,
      0.0,
      0.002702016810143188,
      0.016582014467536772,
      0.00847452903090803,
      0.0,
      0.007267143376169141,
      0.0,
      0.0,
      0.004912763047993714,
      0.004068084873373507,
      0.010806891212003988,
      0.0,
      0.004450103292237894,
      0.0,
      0.0,
      0.0,
      0.0,
      0.0,
      0.011956518971246121,
      0.0,
      0.0,
      0.010444393249513352,
      0.008714950423864444,
      0.0,
      0.007658838170018809,
      0.0,
      0.0034186714579369087,
      0.004980205573342026,
      0.0012943816076177088,
      0.0,
      0.0001731169026916711,
      0.009856736011175635,
      0.0
    ],
    "low_data": false
  },
  "250000": {
    "median": 0.0003001070940130585,
    "p90": 0.012720846504014395,
    "p10": 0.0,