{
  "100000": {
    "median": 2.3649596166623294e-05,
    "p90": 0.013239316776636778,
    "p10": 0.0,
    "sample": [
      0.00010786510007293704,
      0.00014502543937301474,
      0.004947147631429729,
      0.0,
      0.0,
      0.0036699010262433588,
      0.0,
      0.0,
      0.005802364233139029,
      0.011254387656428107,
      0.0,
      0.0,
      0.017081761503963653,
      0.0,
      0.0,
      0.0,
      0.006607915137393295,
      0.0,
      0.01651651223198428,
      0.0,
      0.0005186799289033107,
      0.001155595892260765,
      0.018126620027306587,
      0.0,
      0.0,
      0.01207701781583556,
      0.01201617340525608,
      0.0043140936006609495,
      0.01666958803080337,
      0.0,
      0.0,
      0.0044582231653424965,
      0.009083527854643935,
      0.007815011002824064,
      0.013302005399866937,
      0.006274598969286786,
      0.0,
      0.0014705991841329846,
      0.0,
      0.0,
      0.00405076889220563,
      0.001990986249894467,
      0.0,
      0.0,
      0.0,
      0.00697660820748397,
      0.0024777684057130465,
      0.011197540591783928,
      0.0,
      0.0,
      0.0,
      0.0,
      0.0007693200222579255,
      0.006812100165780159,
      0.0,
      0.0,
      0.0,
      0.0,
      0.0,
      0.002918310998079996,
      0.0,
      0.002366700822056636,
      0.0,
      0.011864206386129738,
      0.0,
      0.008500950026703254,
      4.275196594776615e-05,
      0.010570873565444311,
      0.0034130479918693295,
      0.0,
      0.007733494308454848,
      0.014573072179533112,
      0.0,
      0.0,
      0.020071326829552334,
      0.0156834966268645,
      0.005521193387238352,
      0.0,
      0.004505744379355673,
      0.0,
      0.01801791110101925,
      0.016606515103980903,
      0.0,
      0.0,
      0.0,
      0.0,
      0.0,
      0.0,
      0.0,
      0.0,
      0.0031410740685267006,
      0.0017385742823184485,
      0.0,
      0.0,
      0.0,
      0.00304534102502144,
      0.005669585394597834,
      0.0,
      0.0,
      0.0,
      0.0,
      0.012532359621325782,
      0.0,
      0.009770329909007232,
      0.0,
      0.013244101384137279,
      0.0,
      0.00034473543891855416,
      0.013649890493913866,
      0.0,
      0.0010723702769595991,
      0.011752792374040671,
      0.0,
      0.007231873394665971,
      0.0,
      0.008047677246291024,
      0.0,
      0.0,
      0.018957819310495682,
      0.01339485871794069,
      0.0,
      0.005262656773104059,
      0.0,
      0.0,
      0.02243458306203411,
      0.0,
      0.0,
      0.0005391910399607006,
      0.0,
      0.0047825783300043025,
      0.009392585162753393,
      0.016125685303810124,
      0.0,
      0.0055340329171201085,
      0.0,
      0.0,
      0.002166536831451781,
      0.0,
      0.004481093992058773,
      0.0044458655423338855,
      0.0,
      0.015316029706071686,
      0.018102182945564208,
      0.005627745216450009,
      0.005420413024776733,
      0.004314777080486924,
      0.007014301446457035,
      0.0,
      0.003948668977692479,
      0.010504908790773228,
      0.013238785153581168,
      0.0,
      0.0,
      0.0,
      0.007654860935085319,
      0.0,
      0.0,
      0.0,
      0.0,
      0.0032753664770859493,
      0.0,
      4.547226385480439e-06,
      0.007973282999155827,
      0.0,
      0.0032298162906029375,
      0.0,
      0.0028836037378745755,
      0.0,
      0.020739571037092452,
      0.017165625556936112,
      0.0,
      0.004743742710585848,
      0.0,
      0.0017429003106468654,
      0.00974896167300995,
      0.008966291955832786,
      0.0,
      0.0061921293782394434,
      0.0,
      0.0,
      0.0,
      0.003785414403006881,
      0.0,
      0.009016016103393636,
      0.0,
      0.0,
      0.004980631945450923,
      0.006517336293714966,
      0.0,
      0.00038315745503074655,
      0.0,
      0.013156599473500893,
      0.0,
      0.004200378909755371,
      0.0,
      0.012756602942564317,
      0.0,
      0.0,
      0.006246253549587379,
      0.004475480626086639
    ],
    "low_data": false
  },
  "250000": {
    "median": 0.00019121699419240022,
    "p90": 0.013339117953948777,
    "p10": 0.0,