{
  "100000": {
    "median": 0.00023225937168973838,
    "p90": 0.012960121745871947,
    "p10": 0.0,
    "sample": [
      0.00013684954515409125,
      0.00014428036290956708,
      0.0,
      0.017539688007659763,
      0.0,
      0.0,
      0.0,
      0.0003005691194021995,
      0.0013929895809052294,
      0.011444713223872773,
      0.0,
      0.002552635226526213,
      0.013416084333589918,
      0.0,
      0.0061444001238761745,
      0.0,
      0.0,
      0.0,
      0.0031525411406866572,
      0.001302278631070705,
      0.0,
      0.007264044580043635,
      0.0,
      0.0,
      0.0017548595111947644,
      0.0,
      0.0055963963074465535,
      0.0,
      0.0,
      0.003467008525140224,
      0.0,
      0.0,
      0.012239834362343487,
      0.0,
      0.0,
      0.001925612105617856,
      0.0,
      0.015243340217201497,
      0.0,
      0.0,
      0.005032080437658319,
      0.0,
      0.0036349796085330954,
      0.0,
      0.00032999774469822697,
      0.01170386999233295,
      0.0,
      0.002890039547698714,
      0.006814852251226571,
      0.015261981149819241,
      0.002712396732566202,
      0.013874352411777363,
      0.009510245737616083,
      0.0,
      0.007416780059306503,
      0.0,
      0.00016394962397727728,
      0.014072800754382527,
      0.0029821230226903905,
      0.0,
      0.0,
      0.0,
      0.00034314572501823793,
      0.004840072273097432,
      0.020962973920437833,
      0.0,
      0.000588287088473731,
      0.001038570508919705,
      0.0046742170405569845,
      0.0,
      0.0,
      0.00014581944772877872,
      0.0,
      0.0072397663754217795,
      0.0,
      0.0006802144539719866,
      0.016500844408256624,
      0.0,
      0.0,
      0.00041645927646075174,
      0.0,
      0.00324618611957263,
      0.0122815442052454,
      0.008510274102227024,
      0.0,
      0.001112668052566683,
      0.0,
      0.0,
      0.0,
      0.012863174043739744,
      0.009793699723440933,
      0.0,
      0.0,
      0.0,
      0.0,
      0.0016411299698814747,
      0.0,
      0.009137176265164372,
      0.00938133317787713,
      0.0,
      0.0,
      0.0,
      0.0,
      0.0,
      0.006139310015856527,
      0.004215984574435646,
      0.0,
      0.009231219870333533,
      0.0065104734767792,
      0.0,
      0.0,
      0.0,
      0.0,
      0.0,
      0.0,
      0.010325417879655973,
      0.0,
      0.0031533708551006265,
      0.0008196342461848076,
      0.00417496098056154,
      0.006664258642308225,
      0.0,
      0.0,
      0.0,
      0.008871323682736939,
      0.01294996423741534,
      0.0,
      0.0,
      0.015607508306708715,
      0.0019574331629496834,
      0.0,
      0.0051438802514983326,
      0.0,
      0.0,
      0.0,
      0.0,
      0.002736933661433193,
      0.015129383098731648,
      0.0,
      0.0128890927705753,
      0.0038368188267872004,
      0.0,
      0.023444143665581098,
      0.00923788279898847,
      0.0,
      0.0,
      0.0,
      0.0,
      0.0,
      0.011232365260139727,
      0.0,
      0.0,
      0.0,
      0.008366430664697857,
      0.0,
      0.003768789882421156,
      0.019260679119090678,
      0.001378416428184402,
      0.004333764973225727,
      0.0,
      0.003064442376243988,
      0.013750185790231035,
      0.0,
      0.0075171753936584375,
      0.0,
      0.0,
      0.004712110173849443,
      0.013051539321981415,
      0.014597339209938104,
      0.0,
      0.004659567281837226,
      0.0,
      0.0,
      0.0023105425266873128,
      0.004207295360617195,
      0.0,
      0.016420043631341242,
      0.025643182369299633,
      0.0,
      0.01097569841777669,
      0.0005784975256859052,
      0.01014536791152087,
      0.0,
      0.01091598153932436,
      0.0,
      0.0,
      0.0066790361143508215,
      0.00694718328277118,
      0.0,
      0.0005831841999012193,
      0.001999942168621943,
      0.00843159530171721,
      0.013571833414653704,
      0.0003246289029633761,
      0.007783001654385526,
      0.015586716862857453,
      0.0008534597525851305,
      0.0,
      0.017844584957855698,
      0.0
    ],
    "low_data": false
  },
  "250000": {
    "median": 0.0004114644902206879,
    "p90": 0.013127828755388695,
    "p10": 0.0,