{
  "100000": {
    "median": 0.0,
    "p90": 0.010764566398032365,
    "p10": 0.0,
    "sample": [
      8.127408861959159e-05,
      0.00016857272061846193,
      0.0,
      0.0,
      0.005194748416523193,
      0.0024895860494392507,
      0.0,
      0.0,
      0.005619934024377683,
      0.0,
      0.004509676906795491,
      0.000283472394145607,
      0.0,
      0.0,
      0.003829221027735957,
      0.0032879464107891843,
      0.0,
      0.003348964544572238,
      0.0017276173805349671,
      0.01408671506587451,
      0.00420645413632302,
      0.0063975590450539915,
      0.008058458503406751,
      0.0,
      0.0,
      0.012839595987752273,
      0.005792719230502993,
      0.003329505268586163,
      0.0032159428731873413,
      0.0,
      0.007229124318962923,
      0.0,
      0.001080348108162122,
      0.0,
      0.005966200680270447,
      0.0038632432982581098,
      0.0,
      0.007778849340712143,
      0.0,
      0.0,
      0.0,
      0.0,
      0.0,
      0.011875041541569431,
      0.01627755648685952,
      0.009083478299526252,
      0.0,
      0.010581671905954132,
      0.0,
      0.004122709071188506,
      0.0029564291251820626,
      0.0,
      0.003457474606965099,
      0.0,
      0.008893851785434455,
      0.0,
      0.006098742110959884,
      0.0,
      0.0,
      0.012114601386949458,
      0.004940744866807669,
      0.0,
      0.0,
      0.0,
      0.0067663008543421485,
      0.010166466613573623,
      0.0021351890668406142,
      0.004807649372693156,
      0.0,
      0.0,
      0.0005216095181874856,
      0.0,
      0.0,
      0.02328671611796732,
      0.013969963448664854,
      0.0,
      0.0,
      0.0,
      0.0,
      0.0,
      0.0120968951548108,
      0.0,
      0.004290562197532631,
      0.004897100891804768,
      0.0,
      0.0,
      0.0,
      0.0,
      0.004299759402612165,
      0.0005951238146868136,
      0.007956340277196319,
      0.0,
      0.009592188779313799,
      0.0,
      0.0,
      0.0,
      0.001998757290728179,
      0.0,
      0.011581413434608173,
      0.0,
      0.0,
      0.0016052281819035517,
      0.004437838890719817,
      0.02096023542013245,
      0.009029802608349588,
      0.010758957739367865,
      0.0,
      0.0,
      0.007009603796630366,
      0.0,
      0.0,
      0.0,
      0.0,
      0.0,
      0.0,
      0.013553744605517943,
      0.0,
      0.0,
      0.0034791334805174706,
      0.0035057243898207503,
      0.0,
      0.01110758408129916,
      0.0025357010755938628,
      0.0,
      0.0,
      0.015461277320939467,
      0.016180561867896813,
      0.0,
      0.0017311991810578951,
      0.0,
      0.0049897683406774735,
      0.015075443164447122,
      0.0,
      0.0016824694885753388,
      0.012774631360346062,
      0.009629573180647492,
      0.013861861420555344,
      0.0,
      0.0015976997604503548,
      0.0005052468959801535,
      0.008852511172431327,
      0.0,
      0.0,
      0.0,
      0.0,
      0.010815044326012864,
      0.0,
      0.0,
      0.0,
      0.0,
      0.0012637792555711914,
      0.0,
      0.006625120984559505,
      0.020131234548390955,
      0.0,
      0.0,
      0.0,
      0.0,
      0.005400439662112542,
      0.0,
      0.0,
      0.0,
      0.0,
      0.0,
      0.0017727522896861699,
      0.002618392264878537,
      0.0,
      0.013643216868384695,
      0.0,
      0.0,
      0.0,
      0.004838537079815,
      0.0022837992363601805,
      0.0,
      0.0048707624130304664,
      0.0012184306910549287,
      0.0,
      0.0,
      0.010586832024015185,
      0.0,
      0.004371308464360138,
      0.0032447428933404738,
      0.0,
      0.006329172018327948,
      0.0,
      0.0,
      0.0074181073818074044,
      0.0009703836481596434,
      0.0029125168742556644,
      0.0,
      0.00013827538846652358,
      0.001912519331980749,
      0.00374111434142568,
      0.0,
      0.0,
      0.0,
      0.0002728637542767448,
      0.0,
      0.003628918892648371,
      0.000363610144155036
    ],
    "low_data": false
  },
  "250000": {
    "median": 8.269547339311572e-05,
    "p90": 0.01096688093445825,
    "p10": 0.0,