{
  "100000": {
    "median": 0.0014236933100296083,
    "p90": 0.012509387989639603,
    "p10": 0.0,
    "sample": [
      0.00011900148274675111,
      0.00016342935316793973,
      0.0,
      0.008805510544875468,
      0.0,
      0.008693552392353551,
      0.006161886225761682,
      0.0,
      0.0,
      0.006341137717208946,
      0.004937366372563018,
      0.0,
      0.009021860620662348,
      0.0,
      0.0,
      0.0,
      0.0,
      0.012508345199776684,
      0.0,
      0.0,
      0.0025181612236178912,
      0.0,
      0.0,
      0.0,
      0.0,
      0.0,
      0.011726256010988374,
      0.010764968540307602,
      0.0025433764134428394,
      0.02208497546503936,
      0.0,
      0.0,
      0.0,
      0.0,
      0.000760280085929515,
      0.0016817399652848213,
      0.0,
      0.0,
      0.0,
      0.008973734758467298,
      0.010566530159592203,
      0.014438491398575877,
      0.0018447740039286185,
      0.005555815772775676,
      0.013454630805198894,
      0.006019501660285475,
      0.0,
      0.002943803221458194,
      0.0,
      0.0,
      0.0,
      0.016548947955879387,
      0.011609527418794759,
      0.0,
      0.005150761732170714,
      0.005209594232159691,
      0.010298510788475353,
      0.008228371757779619,
      0.004586363826957245,
      0.0,
      0.009715928988254813,
      0.016856479118619885,
      0.024792578311427536,
      0.03321840025192293,
      0.009708622746154883,
      0.0,
      0.00584659104566369,
      0.0,
      0.0,
      0.009112944736134547,
      0.0017538086693059923,
      0.000801301482809031,
      0.0,
      0.0,
      0.002488682040510768,
      0.0,
      0.008431601510140566,
      0.0,
      0.0,
      0.0107425467604899,
      0.0,
      0.0,
      0.0011582513943442247,
      0.012518773098405872,
      0.0024325120024554464,
      0.0,
      0.0014463659566295076,
      0.004093598032438589,
      0.005112933927357788,
      0.016042175174065233,
      0.0040999532560786235,
      0.008968355182144365,
      0.0,
      0.0,
      0.005924292038127081,
      0.0,
      0.014783709553733225,
      0.0012546166322772686,
      0.0,
      0.006874076056154031,
      0.006846388819999359,
      0.0014973735398155705,
      0.0,
      0.002690711649471431,
      0.0,
      0.004213039562400342,
      0.0,
      0.0013311044545707622,
      0.011691759844176301,
      0.006538854077433058,
      0.010198302210404494,
      0.0,
      0.0,
      0.014722851462072436,
      0.0,
      0.010171350282783218,
      0.008758827095869491,
      0.0,
      0.005494689197428244,
      0.0,
      0.01181414174141454,
      0.0017295884911634747,
      0.001401020663429709,
      0.0,
      0.0015876774034343233,
      0.000981737703811517,
      0.00859548185966554,
      0.0,
      0.025807092676725728,
      0.00036736901221621934,
      0.0,
      0.010742780163772404,
      0.005714361127102948,
      0.0017913341452655376,
      0.02043691578139477,
      0.0,
      0.017887847785655723,
      0.0018790298507297997,
      0.0018007399847123585,
      0.0,
      0.0,
      0.022271640857601038,
      0.0,
      0.0,
      0.006485048318948673,
      0.0,
      0.010192255425321718,
      0.0,
      0.01013922325353929,
      0.0,
      0.0,
      0.005099461492182822,
      0.0,
      0.0,
      0.005949471568637606,
      0.01318022000385432,
      0.0,
      0.0,
      0.0,
      0.009454598293426915,
      0.0,
      0.011178653732161738,
      0.0,
      0.0,
      0.017160915412531594,
      0.0008684931686366425,
      0.0,
      0.0,
      0.0,
      0.01706117476505264,
      0.005329815205689743,
      0.0,
      0.016230775095821565,
      0.0,
      0.011490856580177428,
      0.0020482683499767865,
      0.01065649307394912,
      0.010229133661974114,
      0.0,
      0.0030145990621433904,
      0.0,
      0.010638027180484127,
      0.0,
      0.0026115640589135093,
      0.0,
      0.0003843877974276769,
      0.011492136705331599,
      0.006513092368231172,
      0.00026619288758098457,
      0.0,
      0.002104425755057613,
      0.0,
      0.006692078759111302,
      0.0,
      0.0,
      0.0,
      0.022925905579019926,
      0.0,
      0.0020011741394268716,
      0.0019231075345581086
    ],
    "low_data": false
  },
  "250000": {
    "median": 0.0016163937595771523,
    "p90": 0.012621363204872461,
    "p10": 0.0,