{
  "100000": {
    "median": 4.2263168381315034e-05,
    "p90": 0.010608257682973654,
    "p10": 0.0,
    "sample": [
      0.00015161068104284665,
      8.561322013207128e-05,
      0.0,
      0.0004424331741046054,
      0.0024222906669477636,
      0.003973054220031863,
      0.0,
      0.0,
      0.0,
      0.009066280993824114,
      0.012040925699465724,
      0.0,
      0.000568305512002132,
      0.0007764643584724168,
      0.006840064032137721,
      0.013379317351371588,
      0.0,
      0.0,
      0.0022404872843247168,
      0.010001793050239205,
      0.0,
      0.0,
      0.0,
      0.0,
      0.0024618355661255122,
      0.0,
      0.0,
      0.0,
      0.0030491325016475087,
      0.005816607333978673,
      0.0038733760550236887,
      0.0,
      0.004490798047291629,
      0.0,
      0.002210472749684598,
      0.0,
      0.0,
      0.003912749519829476,
      0.0,
      0.0,
      0.0,
      0.010474880953682939,
      0.010595340712377116,
      0.0,
      0.0,
      0.02254960633940582,
      0.014450871518214819,
      0.0,
      0.0,
      0.0,
      0.005864374577911772,
      0.01749853654111486,
      0.018367875573917985,
      0.002128346200118036,
      0.008366339308210348,
      0.0,
      0.0,
      8.452633676263007e-05,
      0.0,
      0.0,
      0.0,
      0.0,
      0.0,
      0.00826722251255314,
      0.0,
      0.0058816895094593695,
      0.0,
      0.009746229365958956,
      0.0,
      0.0,
      0.016500737174967667,
      0.01144943238618942,
      0.009814670200815476,
      0.008038408672791809,
      0.0066291736291416905,
      0.0,
      0.0041072124422046295,
      0.0,
      0.0,
      0.0,
      0.0,
      0.0005773975332696653,
      0.0,
      0.0,
      0.002393390592865174,
      0.0,
      0.006967692725841184,
      0.0,
      0.0,
      0.0034232558561174717,
      0.01077976058905767,
      0.017539528188733337,
      0.0034645510916669797,
      0.0018805825409005483,
      0.0,
      0.0,
      0.0,
      0.0014221803706918532,
      0.006126968039806479,
      0.004524776430359107,
      0.00802411562104685,
      0.0023475627617442936,
      0.0,
      0.0,
      0.0,
      0.002950577986733695,
      0.0,
      0.0,
      0.0,
      0.002009216279616552,
      0.0,
      0.0,
      0.0028253732056803967,
      0.012042631133832032,
      0.006360754434740257,
      0.016294954685188382,
      0.0,
      0.0,
      0.0,
      0.0,
      0.010325038606615109,
      0.010108059475539498,
      0.0,
      0.0,
      0.0,
      0.0,
      0.010132562473231743,
      0.006818304220187697,
      0.0,
      0.0,
      0.013937275366252158,
      0.0,
      0.0020753814710708115,
      0.001660990922607944,
      0.011534760314843117,
      0.000843233265634356,
      0.020310207929244956,
      0.0,
      0.0011724137689978031,
      0.009845704668677626,
      0.0,
      0.010864660822076476,
      0.0,
      0.006109444977827624,
      0.002981876837111895,
      0.008038043778256008,
      0.0,
      0.005661719532057299,
      0.007412654653789423,
      0.0,
      0.01545123174721509,
      0.0,
      0.01618288167349185,
      0.0,
      0.0,
      0.0,
      0.006634859994334695,
      0.0,
      0.003957369239691105,
      0.0027848559469159963,
      0.0,
      0.010724510418342513,
      0.0021586051665640382,
      0.0,
      0.0,
      0.0046957243840224224,
      0.002397988792795429,
      0.0,
      0.0,
      0.0,
      0.0,
      0.002197931156792524,
      0.005466478937977505,
      0.0027991473973186885,
      0.0011406665967576611,
      0.00603153946144029,
      0.0005225367384223602,
      0.0,
      0.0,
      0.006098938852309656,
      0.0028470925196991364,
      0.0,
      0.0,
      0.0,
      0.0,
      0.0,
      0.006436858473211826,
      0.0,
      0.004501860737298638,
      0.0,
      0.0,
      0.001721126497061804,
      0.0,
      0.007746861416983025,
      0.0,
      0.0,
      0.018000700472224438,
      0.0,
      0.001323827837958843,
      0.007413279208657886
    ],
    "low_data": false
  },
  "250000": {
    "median": 9.764653669151251e-05,
    "p90": 0.01074185950109334,
    "p10": 0.0,