{
  "100000": {
    "median": 0.0,
    "p90": 0.010122251483840555,
    "p10": 0.0,
    "sample": [
      8.872919028406296e-05,
      0.00012742735526681255,
      0.0,
      0.01375132798448328,
      0.0035492689090778563,
      0.0,
      0.0,
      0.0,
      0.0,
      0.0005119581764256324,
      0.004333048795770168,
      0.0,
      0.0,
      0.0,
      0.014046203891125491,
      0.0,
      0.0,
      0.00657120279144473,
      0.0,
      0.0,
      0.0,
      0.014280524300983186,
      0.0,
      0.0,
      0.0,
      0.0036803277457951524,
      0.0,
      0.0,
      0.014257783509997842,
      0.006315138860786925,
      0.008536167577821462,
      0.0,
      0.002047761256624993,
      0.006207649653921621,
      0.0019305082137435075,
      0.00920639716796136,
      0.00975768631133519,
      0.0,
      0.0,
      0.00037942567800847203,
      0.0,
      0.015009750859614682,
      0.013625624982915389,
      0.0008746894159560943,
      0.00667457369023635,
      0.004387590803630585,
      0.003480048404155867,
      5.7135125243245856e-05,
      0.0,
      0.0,
      0.0008007495444276064,
      0.001970175545049047,
      0.0,
      0.0,
      0.0,
      0.0,
      0.0,
      0.0,
      0.008975709877929608,
      0.001610505337536348,
      0.009792458712071708,
      0.00038132622168283065,
      0.0,
      0.0,
      0.0029406311735496508,
      0.010057520134155793,
      0.012546043611759546,
      0.0038932527818801355,
      0.004644759916363394,
      0.0,
      0.0,
      0.017124664090288684,
      0.0,
      0.0,
      0.0,
      0.01534081158709979,
      0.0009612518764018842,
      0.0,
      0.0020307692421795798,
      0.0034079478698300896,
      0.0,
      0.0,
      0.0,
      0.0034611233197446925,
      3.5803124527568266e-06,
      0.0,
      0.0,
      0.005911683579397344,
      0.007573609339796915,
      0.0,
      0.006000805970876946,
      0.0,
      0.006527495960218672,
      0.009195456211655526,
      0.0,
      0.0,
      0.0,
      0.007007849193150513,
      0.0,
      0.0,
      0.005224256763346115,
      0.011705470243643983,
      0.008499933831465663,
      0.0,
      0.0,
      0.0,
      0.0,
      0.0039880006713892665,
      0.0,
      0.015743761390644,
      0.0,
      0.0,
      0.0,
      0.005751137781470252,
      0.0026350666617509398,
      0.010704833631003456,
      0.0,
      0.0,
      0.0017549510938230045,
      0.0,
      0.0,
      0.004603846174660362,
      0.0010078536063983811,
      0.0,
      0.0,
      0.0042894818897586525,
      0.0,
      0.0,
      0.008629110986528419,
      0.003405269268889062,
      0.0,
      0.012940644080199282,
      0.005060497612267266,
      0.004006247447435782,
      0.011666584502751421,
      0.0,
      0.0,
      0.009024400471363615,
      0.0,
      0.0,
      0.0,
      0.0,
      0.02980747644143835,
      0.0,
      0.0,
      0.0,
      0.0,
      0.006378656498622852,
      0.0,
      0.0068820329266680485,
      0.020027201542357997,
      0.0,
      0.008110043629961244,
      0.001748007183093213,
      0.0,
      0.004184886876185586,
      0.0,
      9.139586808099915e-05,
      0.013085974482620031,
      0.0,
      0.004826594689300022,
      0.0,
      0.0,
      0.012732721164352003,
      0.0044813996364554305,
      0.0,
      0.0,
      0.0,
      0.0,
      0.003925920094003682,
      0.0,
      0.016730245674035173,
      0.0039504643969703376,
      0.009614487826396616,
      0.006237032205947214,
      0.0,
      0.0,
      0.004572622583041349,
      0.0,
      0.006496945304090472,
      0.0,
      0.0,
      0.0,
      0.0,
      0.0,
      0.0024182226444488314,
      0.0038942066044417656,
      0.0,
      0.0,
      0.016791410796217713,
      0.006515538635069294,
      0.0023862204857276817,
      0.0,
      0.0,
      0.0,
      0.003011344186358765,
      0.0,
      0.00985449239464159,
      0.003665735044754412,
      0.006896581003853849
    ],
    "low_data": false
  },
  "250000": {
    "median": 0.0,
    "p90": 0.010315006984895148,
    "p10": 0.0,
    "sample": [
      0.00020240094044623658,
      0.0002906756667339053,
      0.0,
      0.013878782803533237,
      0.003696911733823835,
      0.0,
      0.0,
      0.0,
      0.0,
      0.0007276336725548778,
      0.004444260346523647,
      0.0,
      0.0,
      0.0,
      0.014168510363477896,
      0.0,
      0.0,
      0.006717043675386921,
      0.0,
      0.0,
      0.0,
      0.014394251111787146,
      0.0,
      0.0,
      0.0,
      0.0038407527985580684,
      0.0,
      0.0,
      0.014491046613486783,
      0.006420764836578512,
      0.008682978923459551,
      0.0,
      0.0021877382106265013,
      0.006470276557631028,
      0.0020735191717069406,
      0.009330095483774118,
      0.00999385037423231,
      0.0,
      0.0,
      0.0005998400980871417,
      0.0,
      0.015129657508823736,
      0.013827187946417081,
      0.0011120220966812362,
      0.006847942578232409,
      0.004603264783574905,
      0.0035958707280108262,
      0.00033320751537962436,
      0.0,
      0.0,
      0.0009495541001169707,
      0.0021490643442297398,
      0.0,
      0.0,
      0.0,
      0.0,
      0.0,
      0.0,
      0.009110749769495895,
      0.0017383965502085316,
      0.009954250946809075,
      0.0004969780984438902,
      0.0,
      0.0,
      0.0030703484952371543,
      0.010238095770668806,
      0.012698935365967353,
      0.004112394683188414,
      0.004925906096058956,
      0.0,
      0.0,
      0.017283927416080088,
      0.0,
      0.0,
      0.0,
      0.01554543142407965,
      0.001110012852291257,
      0.0,
      0.0021919649957626995,
      0.0036315940293906975,
      0.0,
      0.0,
      0.0,
      0.0036881965774235035,
      0.0001656447692182236,
      0.0,
      0.0,
      0.0061224950478511,
      0.007809270964480871,
      0.0,
      0.006294160055235792,
      0.0,
      0.006648151366133917,
      0.00931951156710389,
      0.0,
      0.0,
      0.0,
      0.007130030411894723,
      0.0,
      0.0,
      0.00550902764486699,
      0.01189617078189675,
      0.00865584386855775,
      0.0,
      0.0,
      0.0,
      0.0,
      0.004121065309699935,
      0.0,
      0.01595948883136865,
      0.0,
      0.0,
      0.0,
      0.005891671091407419,
      0.0027671375134934325,
      0.011007207912932273,
      0.0,
      0.0,
      0.0019014444805021415,
      0.0,
      0.0,
      0.004783488907211308,
      0.0011563544459328148,
      0.0,
      0.0,
      0.004464609002242355,
      0.0,
      2.1008764835255933e-05,
      0.00888186704424087,
      0.0035884189002724507,
      0.0,
      0.013121592180493063,
      0.005250307588672726,
      0.004205304079852177,
      0.011827822898962174,
      0.0,
      0.0,
      0.009170111933401302,
      0.0,
      0.0,
      0.0,
      0.0,
      0.029942567731725635,
      0.0,
      0.0,
      0.0,
      0.0,
      0.006553641047907199,
      0.0,
      0.007185434577501702,
      0.02017822331236393,
      0.0,
      0.008336226283536323,
      0.0019819660470081738,
      0.0,
      0.004379175803670893,
      0.0,
      0.00023605426248689306,
      0.013243843881563001,
      0.0,
      0.004961705795646201,
      0.0,
      0.0,
      0.012946133781856327,
      0.004700755774613207,
      0.0,
      0.0,
      0.0,
      0.0,
      0.004087863216715207,
      0.0,
      0.016853870701380523,
      0.004128905577151571,
      0.009742564703704881,
      0.006434202791938969,
      0.0,
      0.0,
      0.0047648767174156914,
      0.0,
      0.006816613051827548,
      0.0,
      0.0,
      0.0,
      0.0,
      0.0,
      0.0027390172668238905,
      0.004138503900728497,
      0.0,
      0.0,
      0.017010890934366432,
      0.006697473711955354,
      0.00251054273144016,
      0.0,
      0.0,
      0.0,
      0.003168543834521692,
      0.0,
      0.009984911473442618,
      0.0038650909955331735,
      0.0071666705559882485
    ],