{
  "100000": {
    "median": 0.00048232421855259243,
    "p90": 0.01308911839671392,
    "p10": 0.0,
    "sample": [
      0.000105992401759563,
      9.392780532606936e-05,
      0.005280907486820438,
      0.0,
      0.0,
      0.003797298227074137,
      0.00626310352510561,
      0.0,
      0.0015480377927077173,
      0.0,
      0.0,
      0.0049923985706545335,
      0.020485502954611788,
      0.010532304009645145,
      0.0037723925341626814,
      0.005378907062468754,
      0.0,
      0.01305452873781238,
      0.0,
      0.0,
      0.00267213586650554,
      0.01021273659322603,
      5.389033059010077e-06,
      0.005406303391090212,
      0.0,
      0.0,
      0.0,
      0.0,
      0.0,
      0.0,
      0.013481180832975696,
      0.0014876600899673476,
      0.002816413676285466,
      0.0,
      0.0,
      0.0,
      0.012121226151100485,
      0.00990768050618626,
      0.006645583683422228,
      0.0,
      0.0,
      0.004403264118283587,
      0.015353207336089851,
      0.00353115434410867,
      0.011633452219255084,
      0.007637848447628543,
      0.020555851576485682,
      0.0,
      0.009566157317882323,
      0.0016861993279855755,
      0.0,
      0.0,
      0.003051199644195387,
      0.004765699241845909,
      0.0,
      0.0,
      0.0062868875941591825,
      0.0024886400335943333,
      0.0,
      0.015528125551746768,
      0.0002463306995951781,
      0.007411703845129058,
      0.0,
      0.00014377135645784003,
      0.0033448817394660575,
      0.0,
      0.0,
      0.0022146726966995266,
      0.01766857003430846,
      0.0,
      0.0,
      0.0,
      0.0,
      0.0026936334648874887,
      0.0,
      0.013886931770268078,
      0.005889018522929083,
      0.0,
      0.00043309521189176367,
      0.005685770108308572,
      0.014664012537947385,
      0.0,
      0.0072089471407617385,
      0.0,
      0.0,
      0.014163752285986493,
      0.0,
      0.0,
      0.0,
      0.0,
      0.00932320901881999,
      0.0018048073673817245,
      0.016046652290403505,
      0.0,
      0.0,
      0.0019133487344716157,
      0.0,
      0.001630269297450045,
      0.008159953247447178,
      0.0,
      0.02234341082090068,
      0.01820104652386329,
      0.013086595366856723,
      0.018762312587581653,
      0.012969355510807828,
      0.008306774953504301,
      0.008257551433669208,
      0.0,
      0.014330341270392575,
      0.003312760615290159,
      0.018361076830919015,
      0.0,
      0.0012158560728031877,
      0.0,
      0.0,
      0.013111825665428692,
      0.0,
      0.0005457535880052761,
      0.0063519079230562984,
      0.0,
      0.005329153472326905,
      0.0,
      0.0,
      0.0006934224085822963,
      0.0011192685936730641,
      0.003511375240328019,
      0.0,
      0.01746447591368135,
      0.0,
      0.012548222403467322,
      0.0,
      0.0021102475165783487,
      0.005786578512870008,
      0.0,
      0.003217466223069202,
      0.006046074148615418,
      0.0,
      0.009145871647712772,
      0.0,
      0.0,
      0.007818824818848692,
      0.0,
      0.0,
      0.0,
      0.0,
      0.0,
      0.013992060535024348,
      0.0,
      0.0,
      0.0,
      0.01200742019187294,
      0.0,
      0.0,
      0.0034057536482456087,
      0.006044269852956699,
      0.0,
      0.009964208199402197,
      0.011594072253713235,
      0.0066808794102773935,
      0.0,
      0.008550357759923953,
      0.0,
      0.015121828708857107,
      0.0019551427996179057,
      0.00013016148681591308,
      0.004374059976266936,
      0.0034674608669335305,
      0.0,
      0.004246019847443574,
      0.0,
      0.0,
      0.0,
      0.006681645733586558,
      0.0013817020701974842,
      0.0021356813279171283,
      0.0,
      0.009005075190990775,
      0.011265394970089507,
      0.0,
      0.0083824805046172,
      0.001279141511810179,
      0.0,
      0.005973300454342325,
      0.0,
      0.0005315532252134212,
      0.0,
      0.0,
      0.0,
      0.015958450642590553,
      0.0,
      0.0,
      0.0,
      0.0,
      0.0,
      0.0,
      0.0,
      0.0,
      0.010078731051346235,
      0.0035554714374692632,
      0.0
    ],
    "low_data": false
  },
  "250000": {
    "median": 0.0006166279969722403,
    "p90": 0.01330000248115816,
    "p10": 0.0,