{
  "100000": {
    "median": 0.0006838605442722712,
    "p90": 0.011464483436032544,
    "p10": 0.0,
    "sample": [
      8.914534991314329e-05,
      0.00017092335379830336,
      0.0,
      0.005489398200660296,
      0.0,
      0.003228511572376385,
      0.0,
      0.010273179403512427,
      0.012855156669443226,
      0.012645468681084746,
      0.005175416725862684,
      0.0,
      0.0,
      0.011232950576294583,
      0.0002949865369347896,
      0.0,
      0.004705990087188098,
      0.004386326645229438,
      0.013408920466321389,
      0.0,
      0.0,
      0.0,
      0.002720548018145212,
      0.0,
      0.004012070236306301,
      0.0,
      0.0022616256241901793,
      0.007381559765762365,
      0.0032526322867240565,
      0.0,
      0.008291577851434922,
      0.0025501125953581536,
      0.010005328868262334,
      0.0,
      0.0,
      0.008244597554563861,
      0.013729258671562891,
      0.0,
      0.02196517174641253,
      0.005780595533018097,
      0.0,
      0.0,
      0.010764489867981104,
      0.0,
      0.009416697108302207,
      0.0,
      0.011438235263188084,
      0.0,
      0.022828759276007676,
      0.014784689819102435,
      0.0,
      0.000628166538340079,
      0.00382810791376205,
      0.009941293415342547,
      0.0,
      0.0,
      0.0,
      0.0049820040001344774,
      0.0,
      0.0,
      0.01999524248848284,
      0.008523169430993875,
      0.008751936102450387,
      0.011609880138046813,
      0.0,
      0.0037407168763813193,
      0.0,
      0.010371740490495447,
      0.0039633175463978315,
      0.0,
      0.010761408454354705,
      0.0,
      0.009059823304095835,
      0.004592903879038865,
      0.0,
      0.0006757460108106504,
      0.0191312850497771,
      0.01394618994898477,
      0.0,
      0.0,
      0.009259620336272548,
      0.0,
      0.020225475976470973,
      0.0009022039068102357,
      0.0,
      0.0,
      0.012913770426962403,
      0.00719265711274179,
      0.006158632354545473,
      0.002360008085421296,
      0.0,
      0.015456827559761743,
      0.0013909029044949569,
      0.0004770912669259796,
      0.0,
      0.0,
      0.006766342530553479,
      0.0,
      0.0,
      0.0,
      0.0,
      0.004269806471864137,
      0.0035870587017455343,
      0.0,
      0.0,
      0.000797470986930911,
      0.012793769263541083,
      0.011346413064454936,
      0.0,
      0.005195626199061572,
      0.00012783451940091045,
      0.0,
      0.008548579372079276,
      0.0,
      0.0,
      0.0,
      0.0,
      0.0,
      0.0,
      0.005730349402402267,
      0.01420636514230529,
      0.012280725239108744,
      0.007244237906087115,
      0.00730343223316002,
      0.004064499838048612,
      0.0,
      0.0,
      0.0006919750777338922,
      0.006849648638273734,
      0.00043334441827303925,
      0.007864279028051356,
      0.0,
      0.008351185725021339,
      0.01387014408104681,
      0.0,
      0.0,
      0.0,
      0.0,
      0.0040197208665151045,
      0.0,
      0.0,
      0.009658151237740926,
      0.010539234257275107,
      0.0,
      0.0,
      0.004100309454207102,
      0.004086174132711443,
      0.006770677783654781,
      0.0,
      0.0,
      0.0,
      0.0,
      0.010687013731074202,
      0.0052826307867919545,
      0.005288304694360825,
      0.0,
      0.0,
      0.013918490019626712,
      0.0030513055922304013,
      0.008490939528739045,
      0.0,
      0.0,
      0.0,
      0.0004930765963380272,
      0.0,
      0.0,
      0.0,
      0.0,
      0.0041513125287813025,
      0.0,
      0.0008854083545138464,
      0.01069637941612114,
      0.0,
      0.008505185645007407,
      0.0,
      0.006645554990879915,
      0.0021879497001523807,
      0.0,
      0.0,
      0.0,
      0.006736681873508011,
      0.005278088971773411,
      0.007311802558311175,
      0.00661622943201184,
      0.011457510590563942,
      0.0030089340269025574,
      0.0,
      0.00012043381908291172,
      0.0,
      0.011527239045249972,
      0.0035116657747567715,
      0.0,
      0.004760129960034167,
      0.004593956187141022,
      0.0,
      0.00607163700100862,
      0.0006657216733236814,
      0.006313921108404274,
      0.0,
      0.0
    ],
    "low_data": false
  },
  "250000": {
    "median": 0.000806596989203141,
    "p90": 0.011572617399704246,
    "p10": 0.0,