{
  "100000": {
    "median": 0.0013092885416726738,
    "p90": 0.011863185090563276,
    "p10": 0.0,
    "sample": [
      0.00012778369322122944,
      9.987457293875255e-05,
      0.007430406108956931,
      0.004838095117176004,
      0.005264201165770833,
      0.0,
      0.0019476104317247746,
      0.0,
      0.0,
      0.001987378912532748,
      0.005118234123733637,
      0.0,
      0.0,
      0.0,
      0.0075013283352494825,
      0.002344528562771364,
      0.008032340979101571,
      0.0064908568141344,
      0.002179915372257913,
      0.0,
      0.0,
      0.0,
      0.0,
      0.009619900059242648,
      0.011753290616038489,
      0.0,
      0.0080837347154042,
      0.0,
      0.01663271094651637,
      0.020054787318514764,
      0.0045377692750498315,
      0.000656444458899285,
      0.006901096260918697,
      0.01543987337574698,
      0.010453004770957088,
      0.017361669390903393,
      0.0,
      0.011716151691761633,
      0.010033700812378393,
      0.0007972913244924472,
      0.00212236072492987,
      0.007517196604859971,
      0.007314685253274333,
      0.0,
      0.0,
      0.0,
      0.012665211183308935,
      0.0,
      0.015698173244701432,
      0.007081185322351872,
      0.0,
      0.0023996494186838994,
      0.00544528606841403,
      0.0006361766482630088,
      0.0008105638570062257,
      0.0,
      0.0,
      0.0,
      0.0,
      0.007532333207205343,
      0.0,
      0.002445252979934538,
      0.002486141050319868,
      0.0,
      0.0,
      0.0,
      0.0032887631705112268,
      0.004115390622058127,
      0.0,
      0.006148119486635638,
      0.0,
      0.0,
      0.0,
      0.0,
      0.0,
      0.0018005319449373172,
      0.0036905357597472517,
      0.0,
      0.009916657864172602,
      0.011764012696416396,
      0.007788388369937391,
      0.0,
      0.008090357684198581,
      0.019812216202465722,
      0.018794866540173864,
      0.004609355408899118,
      0.001142194452962724,
      0.0,
      0.010370208241331514,
      0.011812480685027237,
      0.006490215161547483,
      0.0,
      0.0,
      0.0,
      0.0017799149406519063,
      0.008659311188675549,
      0.0,
      0.0,
      0.0,
      0.00230422423312428,
      0.0005474587245301248,
      0.006528173666138507,
      0.013867610032926176,
      0.012319524740387652,
      0.0,
      0.0,
      0.014660200289179436,
      0.0,
      0.00023510776918291964,
      0.00781944137838126,
      0.009731079272181257,
      0.0,
      0.0,
      0.0,
      0.011045808662743727,
      0.0,
      0.008711280594717569,
      0.010662420970197517,
      0.007271120243425286,
      0.021929687843310765,
      0.0,
      0.0,
      0.0,
      0.005069002820371388,
      0.0038244277497617466,
      0.0,
      0.005447927209762067,
      0.0,
      0.0007053933328130764,
      0.003239534621763188,
      0.009975867186426195,
      0.0018504307026725886,
      0.0,
      0.0,
      0.0,
      0.005685627359189602,
      0.0,
      0.0,
      0.0,
      0.0,
      0.0,
      0.0,
      0.017351816304058,
      0.006409935117979506,
      0.0,
      0.01558072602614956,
      0.011103318494543683,
      0.0,
      0.0,
      0.0037040677353760206,
      0.010440860729838946,
      0.0,
      0.0,
      0.0,
      0.0,
      0.0,
      0.0,
      0.0,
      0.0,
      0.018417427055490557,
      0.00687662750567378,
      0.0,
      0.015599271910355938,
      0.0,
      0.0014763826303826235,
      0.0,
      0.008178355673092792,
      0.014455651020350967,
      0.014939921579967392,
      0.026792215061044476,
      0.0,
      0.0,
      0.0,
      0.0,
      0.0,
      0.00700162615578545,
      0.020246676877283345,
      0.007503859065410707,
      0.0,
      0.0,
      0.0,
      0.0035395442514691774,
      0.0,
      0.008845896126638083,
      0.0021548720424341243,
      0.00858699150147888,
      0.0,
      0.007298678436650728,
      0.007225890509284432,
      0.0,
      0.009648508221445974,
      0.004515773716399407,
      0.0,
      0.010707207674758273,
      0.0,
      0.002838783588135431,
      0.005851581301778179,
      0.0,
      0.010211480260426958,
      0.0017114452279144864
    ],
    "low_data": false
  },
  "250000": {
    "median": 0.001433066992770948,
    "p90": 0.012048574931174004,
    "p10": 0.0,