{
  "100000": {
    "median": 1.1352547089684742e-05,
    "p90": 0.011288969758015131,
    "p10": 0.0,
    "sample": [
      0.0001590518125749952,
      0.0001469648753791335,
      0.011310096868770525,
      0.0,
      0.02330760738911487,
      0.0,
      0.0,
      0.0,
      0.012634295659408863,
      0.00046758492416684483,
      0.0,
      0.0,
      0.0,
      0.0,
      0.0,
      0.0,
      0.0006099310172936749,
      0.0,
      0.0,
      0.001945618499241589,
      0.0,
      0.0,
      0.0,
      0.0,
      0.0,
      0.007967373334983036,
      0.0,
      0.0,
      0.004114611749553472,
      0.007148142569822197,
      0.008421180680633678,
      0.0,
      2.2705094179369483e-05,
      0.0,
      0.0,
      0.00953505813887985,
      0.0013332239888287213,
      0.0,
      0.0,
      0.0037828269457100172,
      0.0,
      0.02216653817341617,
      0.00741521899357162,
      0.0,
      0.0,
      0.0,
      0.0,
      0.0,
      0.0,
      0.013486990055979538,
      0.0,
      0.0020074396550252478,
      0.0032721237307602145,
      0.009538692479002952,
      0.0,
      0.006144312202044967,
      0.0,
      0.0,
      0.0,
      0.002129693414237418,
      0.007926774979877354,
      0.005434297807254585,
      0.0,
      0.009504800406806768,
      0.0,
      0.0,
      0.004341111450597368,
      0.00326057326073599,
      0.004133903403252612,
      0.003178236367239343,
      0.004473803024064348,
      0.0,
      0.0,
      0.00660624677561039,
      0.014607347623590058,
      0.011286721262675084,
      0.0,
      0.01250205206107626,
      0.0,
      0.004535703784140459,
      0.0038830355641614666,
      0.00018782494273412106,
      0.0,
      0.0,
      0.007493426840527548,
      0.0,
      0.009845729299792697,
      0.0,
      0.0017609313104747862,
      0.0,
      0.0,
      0.015985055569209573,
      0.0,
      0.017787566234269823,
      0.004931651925495665,
      0.013365659710405878,
      0.0,
      0.0,
      0.009834609894553417,
      0.02392100350421617,
      0.008071068252445038,
      0.017788064225140482,
      0.013137398335838825,
      0.006011912825980201,
      0.0,
      0.0,
      0.002949423932082496,
      0.0015042725934644456,
      0.0,
      0.004728549399977468,
      0.0,
      0.002086622730745008,
      0.00487849478629105,
      0.0,
      0.003186108636203057,
      0.0,
      0.01081162153376079,
      0.0033949121266770017,
      0.006090977176950938,
      0.0017284517618022866,
      0.0,
      0.011309206216075559,
      0.0,
      0.0,
      0.006689563165868985,
      0.004109534548164241,
      0.00653589375511879,
      0.015389314950951477,
      0.0038070618900177006,
      0.009161868257734258,
      0.0011438151879044113,
      0.0,
      0.0,
      0.0,
      0.0,
      0.001329676533415208,
      0.00527500635035871,
      0.0,
      0.0,
      0.008577771863671351,
      0.0026065362253339954,
      0.009782352755271267,
      0.0007100045698881268,
      0.006927372045612048,
      0.006381686636007388,
      0.0,
      0.0,
      0.004015516753930836,
      0.0,
      0.0,
      0.0,
      0.0026132704878443743,
      0.0,
      0.0,
      0.0056905600542370115,
      0.0,
      0.0,
      0.0,
      0.0,
      0.0006448501616593179,
      0.0,
      0.0,
      0.0,
      0.0029099317614615164,
      0.0,
      0.0012309669939607794,
      0.0,
      0.0,
      0.0,
      0.0,
      0.0,
      0.0,
      0.0019973107274692476,
      0.016642736143127078,
      0.007702287147894995,
      0.0,
      0.0012674355770991542,
      0.00865462744864175,
      0.0,
      0.012840130223617697,
      0.0,
      0.0032077715506625935,
      0.012772189248029725,
      0.0011002895050519906,
      0.0,
      0.00024778557907756307,
      0.0,
      0.0,
      0.012942882681515226,
      0.0,
      0.0037650928130692047,
      0.0,
      0.0,
      0.006327596463919989,
      0.0,
      6.353208433496539e-05,
      0.0,
      0.0,
      0.019921061741050582,
      0.007235985660591987
    ],
    "low_data": false
  },
  "250000": {
    "median": 0.00010749552968068755,
    "p90": 0.01142408073343712,
    "p10": 0.0,