{
  "100000": {
    "median": 0.0005346866230666155,
    "p90": 0.013357311803476468,
    "p10": 0.0,
    "sample": [
      0.00014203701850164233,
      8.553531736160141e-05,
      0.0,
      0.01495302571279205,
      0.0,
      0.011684173363016958,
      0.013495064202494366,
      0.0,
      0.004389763387420872,
      0.014607609916844235,
      0.00907025444723118,
      0.0002404714546175871,
      0.0,
      0.014292865163495311,
      0.0,
      0.015182806855889555,
      0.007080545592463603,
      0.0,
      0.0,
      0.0,
      0.00233242139253461,
      0.0003368915308125856,
      0.0,
      0.0012554475502650408,
      0.0,
      0.005672494336942649,
      0.0,
      0.0,
      0.0,
      0.0,
      0.00400283261319805,
      0.006889219767755714,
      0.02090334379785712,
      0.007140656676978891,
      0.00915270509200719,
      0.0,
      0.005783061129415723,
      0.0,
      0.015092189421359679,
      0.012428127970016403,
      0.009056902461033802,
      0.011867107218848497,
      0.01366590156524313,
      0.0,
      0.0,
      0.0009720301771115026,
      0.0,
      0.0,
      0.009570197171635545,
      0.007346055266086028,
      0.0,
      0.005194130479814658,
      0.0,
      0.0016610258031501156,
      0.0,
      0.0,
      0.0018771181015170225,
      0.0,
      0.0,
      0.007861059643915138,
      0.004107287123148189,
      0.016089475881361937,
      0.0,
      0.023858526251956433,
      0.014250365935383176,
      0.0,
      0.0003785080438097586,
      0.0,
      0.0,
      0.005857526211837684,
      0.0014309792822109987,
      0.0,
      0.002847047175010711,
      0.014329168232189835,
      0.0,
      0.0,
      0.0,
      0.0,
      0.0,
      0.006746172743920332,
      0.0052094540549763035,
      0.000860301762060674,
      0.007243724025327105,
      0.015434975751836333,
      0.011697508991295904,
      0.0,
      0.011250372865903193,
      0.0,
      0.005022631642940268,
      0.003345390915943019,
      0.01146861885920488,
      0.0,
      0.0,
      0.0,
      0.0,
      0.0,
      0.0,
      0.0,
      0.0,
      0.0,
      0.010889774982871503,
      0.027318000331655393,
      0.0,
      0.008925854110246097,
      0.01315295084900186,
      0.0,
      0.010773729426739407,
      0.0021300568495937634,
      0.0,
      0.0,
      0.0,
      0.0011105045191564097,
      0.0,
      0.026976134450784887,
      0.01249516715298665,
      0.0,
      0.0,
      0.0,
      0.0,
      8.55089548416351e-06,
      0.0,
      0.0,
      0.00038759422328618853,
      0.007257449417735993,
      0.0,
      0.0,
      0.0,
      0.0,
      0.006027667082498903,
      0.0,
      0.005586853936166764,
      0.0,
      0.0020087605700882874,
      0.0,
      0.013377847702542666,
      0.0,
      0.0,
      0.0010629220343297973,
      0.0,
      0.001404075100561085,
      0.008605412288474034,
      0.009767041415264088,
      0.0,
      0.009949523390014727,
      0.0,
      0.0,
      0.01084771923452062,
      0.016401717649101193,
      0.0,
      0.004057828881446309,
      0.007977005972874695,
      0.00010539136495409988,
      0.0019918738235099234,
      0.0006817790228470424,
      0.007184923313009515,
      0.007428192219072695,
      0.00037944096464324493,
      0.020765530220143043,
      0.0,
      0.01546694646553538,
      0.0,
      0.0,
      0.011972755063322696,
      0.00862737575966826,
      0.007246425687654186,
      0.0,
      0.0,
      0.01269565330357052,
      0.004982164115639198,
      0.0038045510579377854,
      0.0,
      0.003526654972463521,
      0.00022088452981735293,
      0.007317197169045152,
      0.009816472778186034,
      0.015623858926465216,
      0.007044531422805934,
      0.0001146526277663571,
      0.00493214867539346,
      0.0,
      0.0,
      0.0,
      0.0,
      0.00765291210586645,
      0.0,
      0.013355030036913558,
      0.0,
      0.0,
      0.0,
      0.0,
      0.0021084988547565393,
      0.0010057873042273635,
      0.0026760949872173113,
      0.0013075384373907662,
      0.0010062855275373762,
      0.0036110408449267785,
      0.012137436319669575,
      0.005865946980079169,
      0.013105234825067442,
      0.0
    ],
    "low_data": false
  },
  "250000": {
    "median": 0.0007758723423608343,
    "p90": 0.013527881491835377,
    "p10": 0.0,