{
  "100000": {
    "median": 0.00012806390815012423,
    "p90": 0.012563739640193078,
    "p10": 0.0,
    "sample": [
      0.0001485103434926569,
      0.00013145640655613287,
      0.0,
      0.0,
      0.0,
      0.0006074739574289597,
      0.0014876624726146818,
      0.0,
      0.01223471969627783,
      0.002546854562791755,
      0.0,
      0.0,
      0.002592228540250219,
      0.010738635038682947,
      0.007481671170388385,
      0.003308751356886518,
      0.015011600620112251,
      0.004316425452422262,
      0.0,
      0.0,
      0.0,
      0.0,
      0.0,
      0.003394819726791973,
      0.007967481387405275,
      0.0,
      0.0,
      0.015332019360415911,
      0.006110987370171912,
      0.0,
      0.0048083716026331704,
      0.009217228406767268,
      0.0021415999820053335,
      0.002341839025186809,
      0.0,
      0.0,
      0.0,
      0.00022812078781004689,
      0.013010207430262245,
      0.0023592808248813495,
      0.0,
      0.0,
      0.0,
      0.006164763443036894,
      0.0019014834961818927,
      0.0,
      0.0,
      0.0001246714097441156,
      0.010781855311189876,
      0.00969648419572138,
      0.011256572888840799,
      0.00017356484903885812,
      0.0,
      0.0,
      0.007189006063740923,
      0.0,
      0.0,
      0.0,
      0.008179336336259791,
      0.0016533661433887259,
      0.0,
      0.0,
      0.0,
      0.015728208249805618,
      0.0,
      0.0,
      0.010228958400759339,
      0.0,
      0.0,
      0.0006945228876148662,
      0.0,
      0.0,
      0.0066818996825279515,
      0.0,
      0.0,
      0.003831510443978606,
      0.014513176255011468,
      0.007363255336166471,
      0.0020754840787321135,
      0.0013137207422846226,
      0.0036950921595063557,
      0.0,
      0.0,
      0.0,
      0.0,
      0.0,
      0.0,
      0.0,
      0.0,
      0.0023411923357618465,
      0.0,
      0.0,
      0.004620296824419974,
      0.0,
      0.00211006776288805,
      0.002183505212802875,
      0.0,
      0.0,
      0.012825105544237325,
      0.002775238915023877,
      0.0007057931438059406,
      0.0,
      0.0,
      0.0,
      0.0,
      0.0,
      0.0,
      0.0,
      0.005155997129737339,
      0.007458840578781844,
      0.0,
      0.019930016761402238,
      0.0006102457870929722,
      0.014179489223874188,
      0.026679762346370928,
      0.0,
      0.0,
      0.0174687466678912,
      0.026891224789001644,
      0.0,
      0.027106911249272683,
      0.0,
      0.008573167175454845,
      0.004765769024202397,
      0.0003963662780739472,
      0.0018949273024877337,
      0.00541887310174108,
      0.0020762901195739026,
      0.00301574611251565,
      0.010891373552335055,
      0.014343375701908436,
      0.0,
      0.0,
      0.0,
      0.0,
      0.013691241034982269,
      0.012799032855082425,
      0.0,
      0.009216479401373849,
      0.0,
      0.0,
      0.0,
      0.0034880869821827636,
      0.0005059844584200846,
      0.0003892671480926383,
      0.0,
      0.0016573859618053265,
      0.0030471896253535477,
      0.0,
      0.004614680092563992,
      0.0,
      0.0,
      0.014627022709427768,
      0.012188594704701043,
      0.0,
      0.0,
      0.01471650219549438,
      0.018212720683825318,
      0.006822714181766292,
      0.0016033237294014013,
      0.008926010648661088,
      0.01253759594964982,
      0.0,
      0.0,
      0.0011349557171711874,
      0.0,
      0.0035837954958126595,
      0.00690001831327831,
      0.003027460312781318,
      0.0,
      0.008791734574761453,
      0.0,
      0.0,
      0.0107742205850118,
      0.0,
      6.911677180232041e-05,
      0.0,
      0.0004666447976751603,
      0.010593386089709281,
      0.006376060531991666,
      0.0,
      0.0101646733305528,
      0.0008856281952037998,
      0.01520110324996323,
      0.0021947120292211708,
      0.0,
      0.0011428902258655337,
      0.0,
      0.0,
      0.01667457875904893,
      0.0,
      0.0,
      0.0021886894964176437,
      0.0,
      0.0,
      0.0,
      0.0,
      0.0,
      0.0,
      0.0
    ],
    "low_data": false
  },
  "250000": {
    "median": 0.00030190657842284495,
    "p90": 0.012804337139402286,
    "p10": 0.0,