{
  "100000": {
    "median": 0.0002550342995463014,
    "p90": 0.01237236665700072,
    "p10": 0.0,
    "sample": [
      0.0001358678838488859,
      0.00010816031871590728,
      0.0003247792474822268,
      0.0006419748683127997,
      0.0,
      0.005126489654617768,
      0.0034993353159821455,
      0.0,
      0.0,
      0.0,
      0.01229750840690381,
      0.0005096376134568034,
      0.002848919449309997,
      0.0006069449102479529,
      0.0109659447454464,
      0.0,
      0.007880264518164676,
      0.0002778022106995988,
      0.0,
      0.009137529151577506,
      0.0,
      0.0018675578202792214,
      0.0018659929704268783,
      0.0,
      0.0,
      0.0,
      0.014063507744942458,
      0.0004730277413808923,
      0.005340885398442041,
      0.003181490849920869,
      0.001742478715431128,
      0.0,
      0.005802727256001172,
      0.00606779003519549,
      0.0,
      0.0,
      0.006847690363643128,
      0.0,
      0.0,
      0.0,
      0.0,
      0.005682487575681765,
      0.013167112886477362,
      0.0,
      0.001866728837334282,
      0.0,
      0.0,
      0.0,
      0.004161096964994623,
      0.0,
      0.0009029273476546046,
      0.0,
      0.0,
      0.0043211170527171355,
      0.01292452485845151,
      0.0,
      0.0,
      0.0,
      0.0,
      0.0,
      0.0,
      0.0,
      0.012385142372154894,
      0.0,
      0.0,
      0.022657246245756973,
      0.0,
      0.0072733934155648616,
      0.015289801528106628,
      0.0,
      0.014670576059691859,
      0.018116588501441468,
      0.0,
      0.0,
      0.0,
      0.004431711299798297,
      0.0,
      0.004717054482614772,
      0.009971547130039492,
      0.0,
      0.0,
      0.0,
      0.0,
      0.0,
      0.0,
      0.0,
      0.0,
      0.007061630778129516,
      0.0,
      0.00729996996893558,
      0.011072205920196957,
      0.0,
      0.0033229983605734454,
      0.007335382125366882,
      0.0,
      0.0038096416248484047,
      0.0,
      0.0,
      0.0,
      0.0002897515543088378,
      0.006452176369137416,
      0.0,
      0.010674441124543901,
      0.0,
      0.0,
      0.0013211866724423885,
      0.010621131552826296,
      0.002973956331352153,
      0.0,
      0.004603942522101616,
      0.006662929574385471,
      0.00775147736919374,
      0.0,
      0.014862687955571477,
      0.00538759185651154,
      0.005816935242379631,
      0.0,
      0.012517632333333037,
      0.0,
      0.013310858404900448,
      0.0,
      0.0024642793666706784,
      0.008401745477066075,
      0.0,
      0.0,
      0.0,
      0.0,
      0.0,
      0.014833131396784749,
      0.010484275863433343,
      0.0,
      0.014889386719582372,
      0.0,
      0.01600252886970021,
      0.0,
      0.0,
      0.011404146416256365,
      0.0,
      0.0,
      0.007066450984591303,
      0.0021587477186014825,
      0.00825843826045164,
      0.0,
      0.006691408148985297,
      0.0051026662170087335,
      0.00755894807264291,
      0.00521716217171958,
      0.0,
      0.0,
      0.0,
      0.0,
      0.0046092747847805825,
      0.007650677083525888,
      0.008293196016588842,
      0.005868477147363748,
      0.0,
      0.013861806069055092,
      0.0,
      0.0039041096200526015,
      0.0,
      0.0,
      0.014173826446910575,
      0.0,
      0.0010744250930941753,
      0.0,
      0.000909612754794807,
      0.004881396075196506,
      0.0,
      0.0,
      0.0,
      0.0014129883383656155,
      0.0,
      0.0029948807351981932,
      0.02194336069084964,
      0.0,
      0.013807663434884597,
      0.0,
      0.002613008377762088,
      0.012893810788877106,
      0.0,
      0.012370947133094702,
      0.0,
      0.001220085904279587,
      0.0107553827856535,
      0.009436348218338874,
      0.01724571047028481,
      0.0,
      0.00023226638839300397,
      0.009163529576748214,
      0.0,
      0.011678811959331412,
      0.0,
      0.0,
      0.0005366816820843433,
      0.005517325585978076,
      0.004015010439883489,
      6.72689650253405e-05,
      0.0,
      0.0061342349716643685,
      0.004555850456409418
    ],
    "low_data": false
  },
  "250000": {
    "median": 0.0004069161279399604,
    "p90": 0.012498526085589842,
    "p10": 0.0,