{
  "100000": {
    "median": 0.0,
    "p90": 0.010346433623826526,
    "p10": 0.0,
    "sample": [
      8.936855950445076e-05,
      0.00010929021004438803,
      0.0,
      0.0,
      0.007132039793368594,
      0.0,
      0.0,
      0.0,
      0.0022931861134401488,
      0.001867491981562514,
      0.00972273909030362,
      0.0,
      0.0,
      0.0,
      0.0,
      0.0,
      0.008919447106944929,
      0.0,
      0.0,
      0.0,
      0.003241771534058073,
      0.006887562088175711,
      0.022354601925790286,
      0.006650968492012395,
      0.0075154357926925,
      0.0,
      0.0,
      0.0,
      0.0,
      0.0,
      0.006813818225726355,
      0.0,
      0.0,
      0.001340067908602142,
      0.0,
      0.009596712044647265,
      0.006815177913574013,
      0.0,
      0.0,
      0.0,
      0.008230931445378956,
      0.0090327600029445,
      0.0,
      0.0,
      0.0,
      0.0,
      0.0,
      0.007257293734165174,
      0.020757010140258412,
      0.00876533396355048,
      0.009599185317044932,
      0.0,
      0.0051470580950438065,
      0.0,
      0.010343001486071665,
      0.0,
      0.0,
      0.008906239027820052,
      0.0,
      0.0,
      0.0,
      0.0,
      0.0,
      0.0008617669992045648,
      0.008548544471204263,
      0.0,
      0.005400724272325565,
      0.009299644717005813,
      0.0,
      0.0022064079521463757,
      0.0,
      0.006271995290763787,
      0.0,
      0.016307403934105288,
      0.0032929897071767244,
      0.0,
      0.0021610176740105907,
      0.0011359025612124882,
      0.0,
      0.017992252424495155,
      0.0,
      0.007020822945246435,
      0.006653516350057004,
      0.01945167869319223,
      0.025459318799981763,
      0.0,
      0.0,
      0.01336528395519167,
      0.0,
      0.0,
      0.0,
      0.0,
      0.0,
      0.012219521858135836,
      0.0,
      0.0,
      0.01220969688585421,
      0.015923444565339895,
      0.0,
      0.004872665353153581,
      0.010377322863620274,
      0.00029343759496019175,
      0.0008945259926003371,
      0.0,
      0.0,
      0.0,
      0.010276191126661723,
      6.299768175774574e-05,
      0.0,
      0.009707338976899715,
      0.0002275290253110776,
      0.004871531134509246,
      0.005110097585334816,
      0.01229595269711679,
      0.0037454885139783928,
      0.0027088071164310776,
      0.0,
      0.008478034287457116,
      0.0,
      0.005388524213117119,
      0.016982874690919077,
      0.005703547218269885,
      0.005243710491172199,
      0.014873502389390985,
      0.00468019216102808,
      0.0,
      0.00883096833119867,
      0.0,
      0.0003684905509890035,
      0.0,
      0.0,
      0.00015849994058840113,
      0.0,
      0.0,
      0.0043001278444348215,
      0.0,
      0.0,
      0.0,
      0.0007882364610243841,
      0.0,
      0.0060215150548294264,
      0.006543680358404154,
      0.0,
      0.0138840745938094,
      0.0,
      0.0,
      0.0,
      0.0,
      0.0,
      0.005152928819771824,
      0.0,
      0.0,
      0.0,
      0.0011663257744626574,
      0.0,
      0.0007079972972020864,
      0.0,
      0.0,
      0.0,
      0.0,
      0.013216990257971555,
      0.007292592067331102,
      0.0,
      0.007707150523239259,
      0.0,
      0.0,
      6.810329147342623e-05,
      0.0,
      0.0,
      0.00499690050022093,
      0.0,
      0.013658252518208869,
      0.0,
      0.0053571081456905804,
      0.006144251180968493,
      0.004619883264845455,
      0.0,
      0.004469331034278692,
      0.0,
      0.0,
      0.0,
      0.007329189435177445,
      0.009619560253474855,
      0.01325407438701315,
      0.0012510803855300997,
      0.0,
      0.0,
      0.0,
      0.0,
      0.01490146214320437,
      0.0,
      0.0,
      0.001874160428583833,
      0.004136763341616283,
      0.0,
      0.0,
      0.011223207195569913,
      0.0,
      0.00807791222523172,
      0.0005323224904171586
    ],
    "low_data": false
  },
  "250000": {
    "median": 0.0,
    "p90": 0.010657026869019327,
    "p10": 0.0,
    "sample": [
      0.00020385941122777495,
      0.00024930286440948184,
      0.0,
      0.0,
      0.0072489685047340095,
      0.0,
      0.0,
      0.0,
      0.0024445632439594033,
      0.002005661146986781,
      0.009893155106278988,
      0.0,
      0.0,
      0.0,
      0.0,
      0.0,
      0.009149526633980352,
      0.0,
      0.0,
      0.0,
      0.003385915479549199,
      0.007108357767719762,
      0.022566735382114705,
      0.0068250094879448355,
      0.007705938559134681,
      0.0,
      0.0,
      0.0,
      0.0,
      0.0,
      0.006962732572398553,
      0.0,
      0.0,
      0.001451253704609487,
      0.0,
      0.009781934109376672,
      0.0070177281186929175,
      0.0,
      0.0,
      0.0,
      0.008340568503093145,
      0.009161537162859654,
      0.0,
      0.0,
      0.0,
      0.0,
      0.0,
      0.007435193540300335,
      0.020904409454215112,
      0.008953303947052215,
      0.009860925163747453,
      0.0,
      0.005356658217078131,
      0.0,
      0.01065506413364798,
      0.0,
      0.0,
      0.009064817001142936,
      0.0,
      0.0,
      0.0,
      0.0,
      0.0,
      0.0010926018627578655,
      0.008732375493647384,
      0.0,
      0.005563914790531812,
      0.009563700498995811,
      0.0,
      0.0023728060235751578,
      0.0,
      0.0064016416514220045,
      0.0,
      0.016475511439976765,
      0.0034518366929855077,
      0.0,
      0.0023880311765453566,
      0.0013021235885795242,
      0.0,
      0.018233936319630745,
      0.0,
      0.0071683886907055756,
      0.006779535208797516,
      0.019754275651733932,
      0.02564699250304929,
      0.0,
      0.0,
      0.013633167183944665,
      0.0,
      0.0,
      0.0,
      0.0,
      0.0,
      0.012420391912890577,
      0.0,
      0.0,
      0.012332801392259599,
      0.016184451036074656,
      0.0,
      0.005030939116712351,
      0.01067469148736145,
      0.0005404022605382415,
      0.0010369068814269295,
      0.0,
      0.0,
      0.0,
      0.010550051170067966,
      0.0003261414807085336,
      0.0,
      0.009852104191063195,
      0.0005204306104415161,
      0.005053888345745455,
      0.005432087913090754,
      0.01249677292207975,
      0.004040514314367414,
      0.002836618259624486,
      0.0,
      0.00879511579476096,
      0.0,
      0.005586836105462048,
      0.017169960667223975,
      0.005830970096390415,
      0.005370328116800953,
      0.015018671632648837,
      0.004834692674514356,
      0.0,
      0.009031044177208894,
      0.0,
      0.0005381081688748714,
      0.0,
      0.0,
      0.0003094214181552071,
      0.0,
      0.0,
      0.004442627022183214,
      0.0,
      0.0,
      0.0,
      0.0011152361912861197,
      0.0,
      0.006149291960541932,
      0.006749223871523479,
      0.0,
      0.01408248601514389,
      0.0,
      0.0,
      0.0,
      0.0,
      0.0,
      0.005283261128213886,
      0.0,
      0.0,
      0.0,
      0.0015119068065707424,
      0.0,
      0.0009014200999483994,
      0.0,
      0.0,
      0.0,
      0.0,
      0.013374994491342376,
      0.0074317241623574025,
      0.0,
      0.007882244723389801,
      0.0,
      0.0,
      0.00022360079911871026,
      0.0,
      0.0,
      0.005184246000932875,
      0.0,
      0.013852146399426378,
      0.0,
      0.00555781555213897,
      0.006328776134680529,
      0.004954398167761165,
      0.0,
      0.004707296871219234,
      0.0,
      0.0,
      0.0,
      0.007491438400780523,
      0.009768719023703569,
      0.01354423527620055,
      0.0014080669569690777,
      0.0,
      0.0,
      0.0,
      0.0,
      0.015035355729815267,
      0.0,
      0.0,
      0.002002007289222864,
      0.004314608856845272,
      0.0,
      0.0,
      0.011361853457101608,
      0.0,
      0.008237501925739209,
      0.0007093910186601671
    ],
    "low_data": false
  },
  "500000": {
    "median": 2.9606596846381753e-05,