{
  "100000": {
    "median": 0.001143077527047,
    "p90": 0.013735959132869858,
    "p10": 0.0,
    "sample": [
      8.847463416014423e-05,
      0.0001593213773486304,
      0.005838453490464392,
      0.0,
      0.013359275091061844,
      0.0,
      0.0,
      0.008858404987290973,
      0.0,
      0.005531897139704427,
      0.003371277137589999,
      0.0,
      0.0,
      0.0,
      0.0,
      0.014952843502917607,
      0.0,
      0.004068392464025847,
      0.0,
      0.006221265796197282,
      0.0,
      0.0,
      0.0,
      0.0,
      0.0,
      3.8207192915973285e-05,
      0.0054322434858522384,
      0.0,
      0.0,
      0.01659723441312465,
      0.0,
      0.007837491024118213,
      0.0,
      0.0,
      0.0,
      0.0,
      0.003661421241211791,
      0.007089594366141941,
      0.009772639419441882,
      0.0,
      0.013417762407854403,
      0.01750980008797204,
      0.010391109133171868,
      0.001395218493581405,
      0.006942482201251386,
      0.0,
      0.0,
      0.0009195616944028456,
      0.015583054941501062,
      0.003283624486934287,
      0.023013076353298096,
      0.0024858198772460005,
      0.0,
      0.013731859175710869,
      0.006091694321452004,
      0.0,
      0.005060173218205588,
      0.0,
      0.013790404619183627,
      0.0,
      0.001052330136948227,
      0.014716853799965835,
      0.0028863806420681135,
      0.0,
      0.0,
      0.0,
      0.009021091470425966,
      0.0042813400500779294,
      0.003918190141752179,
      0.0,
      0.0,
      0.0,
      0.0009618125595166498,
      0.0,
      0.00703226549631098,
      0.0,
      0.007248436336965942,
      0.0,
      0.015471965705221347,
      0.0031476240629475846,
      0.0007937098602867977,
      0.0,
      0.0,
      0.0,
      0.0012162783839585179,
      0.0089434956054616,
      0.005360263532814158,
      0.00898367669646706,
      0.0,
      0.0,
      0.002329774360118916,
      0.0039751010735134245,
      0.0,
      0.0,
      0.0,
      0.01390225366055263,
      0.008357793745794111,
      0.007263867998384448,
      0.0,
      0.00906903337433683,
      0.0,
      0.0043176167985209055,
      0.0,
      0.0014320242410758343,
      0.016373694879660686,
      0.005570344710476629,
      0.003923523059425842,
      0.011984630400020494,
      0.0,
      0.00795318747900732,
      0.0,
      0.004345652610082176,
      0.00974104553076859,
      0.013386174462343881,
      0.014647220059130729,
      0.0,
      0.0,
      0.009274325949423335,
      0.007679346549472351,
      0.0,
      0.009317735881455035,
      0.000697556602008012,
      0.0,
      0.0002762712755162762,
      0.003941472132655386,
      0.0,
      0.00021706184842048778,
      0.013772858747300772,
      0.0,
      0.0,
      0.015336526957523309,
      0.005038931266178213,
      0.0,
      0.0,
      0.006318099297855458,
      0.01180180153740145,
      0.0,
      0.0,
      0.014434480179591324,
      0.0,
      0.0,
      0.005342658115456803,
      0.004711242419766169,
      0.012416339406897786,
      0.0,
      0.004962134018029975,
      0.0013973595596057024,
      0.0,
      0.0016463896294990758,
      0.0,
      0.0,
      0.012542853353812113,
      0.0037485872989527196,
      0.01628997709629942,
      0.0,
      0.003276940062522061,
      0.0011068023359086725,
      0.0,
      0.007446460073797698,
      0.006422409588214015,
      0.0021585471831663677,
      0.0,
      0.0,
      0.0011793527181853274,
      0.0,
      0.007236379340581626,
      0.0,
      0.01645151603061699,
      0.004861173269628853,
      0.0012583995096230624,
      0.0,
      0.0,
      0.016093100735389138,
      0.00544360264177914,
      0.006291309555404577,
      0.007629466546839672,
      0.0,
      0.0,
      0.0,
      0.0,
      0.005928012037505524,
      0.0,
      0.0013557539511548419,
      0.006487009809643139,
      0.019652309691467893,
      0.0,
      0.0,
      0.0,
      0.015933775321763998,
      0.025953292371121837,
      0.002885611498130991,
      0.006140372278112252,
      0.00743310988101613,
      0.0,
      0.003530616539818467,
      0.0,
      0.005852869012033007,
      0.0,
      0.0,
      0.0
    ],
    "low_data": false
  },
  "250000": {
    "median": 0.0013463171729298676,
    "p90": 0.013943099599987054,
    "p10": 0.0,