{
  "100000": {
    "median": 7.985923843890108e-05,
    "p90": 0.011128840523212164,
    "p10": 0.0,
    "sample": [
      8.091181365866659e-05,
      0.00013184306500334844,
      0.005956746144851965,
      0.00526177494319298,
      0.0,
      0.002582254021341313,
      0.008167105614243825,
      0.001213174344343686,
      0.0061844356823449196,
      0.009443598828734542,
      0.004772710787441021,
      0.0,
      0.002264833250320131,
      0.02413205389387432,
      0.007078692529030882,
      0.011007047214210579,
      0.001200437717277078,
      0.004998784191340254,
      0.0,
      0.0067355297338038325,
      0.003565594004627687,
      0.002877167389809013,
      0.004241146878334405,
      0.0,
      7.880666321913557e-05,
      0.0,
      0.01687530073582047,
      0.00808150012806456,
      0.0,
      0.0,
      0.0,
      0.0,
      0.012511289194315713,
      0.011924742625283511,
      0.0,
      0.0,
      0.0,
      0.003001940934140472,
      0.0013826674521892023,
      0.0013589459150250213,
      0.001282276503373116,
      0.0,
      0.008445147939427043,
      0.009601902156908817,
      0.006157837205167398,
      0.0,
      0.001694253225016801,
      0.0,
      0.0,
      0.004916748839974164,
      0.002754813305616004,
      0.007019980289741221,
      0.001836773356748524,
      0.0,
      0.0,
      0.0,
      0.008321520775743309,
      0.0,
      0.0,
      0.006944235121703393,
      0.0,
      0.0,
      0.0,
      0.0,
      0.016785801655688253,
      0.0,
      0.00817480941074044,
      0.0,
      0.0,
      0.0,
      0.006553363228641234,
      0.0,
      0.0,
      0.01655393995060308,
      0.01147644892903987,
      0.0,
      0.008037507894312691,
      0.0,
      0.005230951642527892,
      0.016716919905587515,
      0.0,
      0.0,
      0.0,
      0.0,
      0.007210661655115547,
      0.0,
      0.0,
      0.0,
      0.0,
      0.006561552087011989,
      0.0,
      0.013042832137447486,
      0.0,
      0.0,
      0.028095349219919016,
      0.0,
      0.005607609793488195,
      0.0,
      0.0,
      0.0,
      0.0,
      0.01132322813516791,
      0.004600472325044172,
      0.0,
      0.0,
      0.007101206292084291,
      0.0021285642338051618,
      0.0,
      0.0026816149094705402,
      0.00030923933735993827,
      0.011111058780367038,
      0.0,
      0.0,
      0.006108964878147685,
      0.0,
      0.0,
      0.0,
      0.0023936225910317446,
      0.0,
      0.006857755093096602,
      0.002330362751667684,
      0.001081316281595663,
      0.000846563721998293,
      0.0,
      0.004125978555208818,
      0.020043463882943854,
      0.00451553524942952,
      0.0,
      0.0,
      0.005719250891963064,
      0.0,
      0.0,
      0.0,
      0.0006680922012313127,
      0.0,
      0.0053081744135846775,
      0.0,
      0.0,
      0.0,
      0.00407051382095571,
      0.0,
      0.0006864021643034889,
      0.00925649199789811,
      0.0057329189138301765,
      0.0,
      0.0019102699110543659,
      0.005344131296568594,
      0.0,
      0.0,
      0.0,
      0.002455235204899404,
      0.0037693951635956457,
      0.004792686058762777,
      0.014911095746539914,
      0.014922014165348992,
      0.0,
      0.0026287053846237936,
      0.0,
      0.0,
      0.013983580151297914,
      0.0,
      0.0,
      0.0,
      0.01328068907466043,
      0.0,
      0.0,
      0.013166463068085695,
      0.0010853800535707528,
      0.0020836414397954594,
      0.0,
      0.010421909316326942,
      0.0,
      0.0,
      0.0,
      0.0,
      0.005604111614543402,
      0.0,
      0.0,
      0.004771286074959892,
      0.0013105176047393224,
      0.016766458508068283,
      0.0,
      0.0,
      0.011288876208818297,
      0.0,
      0.0,
      0.006139975627788405,
      0.0,
      0.0,
      0.0,
      0.006746446641644258,
      0.0034101551866330014,
      0.00657019130400596,
      0.0,
      0.0019418588304009011,
      0.0,
      0.014162562913705764,
      0.0,
      0.00012878370315194627,
      0.0
    ],
    "low_data": false
  },
  "250000": {
    "median": 0.00021176784845789836,
    "p90": 0.011362345793374744,
    "p10": 0.0,