{
  "100000": {
    "median": 0.0005487707236586051,
    "p90": 0.01112042749604521,
    "p10": 0.0,
    "sample": [
      9.666878037848616e-05,
      0.00013177904254903973,
      0.002481150128155487,
      0.0,
      0.0,
      0.01248540822141975,
      0.0,
      0.0016429977270154697,
      0.0,
      0.0,
      0.0,
      0.004259002105106566,
      0.0,
      0.0,
      0.015454459144078262,
      0.0062443321713411245,
      0.0,
      0.0,
      0.0,
      0.022273010209741227,
      0.0,
      0.0,
      0.0,
      0.024281889906666063,
      0.0,
      0.0022655748851598445,
      0.0,
      0.0025097903497833546,
      0.0,
      0.005510497648579859,
      0.0,
      0.0009176427031092421,
      0.0,
      0.019405887366225276,
      0.0,
      0.0,
      0.0018571407149228693,
      0.0,
      0.0024762375531701213,
      0.0,
      0.0,
      0.012845036226557317,
      0.015025216059609707,
      0.006956496245041464,
      0.0023659656938161164,
      0.0,
      0.0011535522181154538,
      0.01403918849578105,
      0.002719699889221734,
      0.0,
      0.003561730388135583,
      0.005924603880436832,
      0.004055349725140161,
      0.0018653252082944745,
      0.003197563571487932,
      0.004304403516274881,
      0.0,
      0.0,
      0.0,
      0.0,
      0.01902897832123835,
      0.0010883840868321684,
      0.011027412495853917,
      0.009915048281060084,
      0.0002730642198749661,
      0.0011091867807027944,
      0.0,
      0.005076971398277099,
      0.0,
      0.0,
      0.001741877058845573,
      0.004427454068959734,
      0.0,
      0.003965396098222839,
      0.0,
      0.0002168307093273184,
      0.0,
      0.0,
      0.009696405058648359,
      0.007846586700161622,
      0.0,
      0.011957562497766907,
      0.0,
      0.006711059826794976,
      0.01644101831063373,
      0.0005631618132694511,
      0.0068705585708373615,
      0.0028735828399320553,
      0.006632811094429565,
      0.002656536888330181,
      0.0,
      0.0,
      0.0,
      0.0,
      0.005479713519429204,
      0.0,
      0.0,
      0.010268274917795544,
      0.0,
      0.004143410392856358,
      0.01069668608538221,
      0.013870433725417729,
      0.0,
      0.0,
      0.0,
      0.0,
      0.010899302338145858,
      0.003245507604806465,
      0.004361466436772054,
      0.005216510285487931,
      0.0,
      0.003025409348877735,
      0.009887669400632803,
      0.0,
      0.0,
      0.017530656990776116,
      0.009179455857672734,
      0.0,
      0.0011725233495957072,
      0.007809601726103726,
      0.0,
      0.0,
      0.00432940232131549,
      0.0,
      0.0,
      0.008074345435963888,
      0.010543675366554749,
      0.0,
      0.014554910143641447,
      0.009485307144163908,
      0.0,
      0.0,
      0.0,
      0.0,
      0.0,
      0.003586572586914956,
      0.0,
      0.0,
      0.003339398496268528,
      0.008118747820669694,
      0.003625138951479643,
      0.0,
      0.0,
      0.0,
      0.0,
      0.0012039299847506338,
      0.0003590797096460659,
      0.0,
      0.0,
      0.00038656771640578445,
      0.0035060410546291546,
      0.007124443984191548,
      0.008870380126015934,
      0.002753132200309421,
      0.0,
      0.0,
      0.002232932599650216,
      0.0007320428044464708,
      0.006064983427381085,
      0.004670438702789698,
      0.0022992310870177416,
      0.006808545159054347,
      0.0,
      0.0,
      0.0,
      0.002522908627535235,
      0.0,
      0.0,
      0.012215941588556326,
      0.0,
      0.003610467619252216,
      0.006500935137765052,
      0.0,
      0.0009761546132559309,
      0.0,
      0.007436363636113917,
      0.0,
      0.006465070846862203,
      0.0,
      0.0,
      0.0024447985990919017,
      0.006154823916563843,
      0.0007803930278622687,
      0.0068190284400999794,
      0.01340142964343863,
      0.0,
      0.0,
      0.005041246492391327,
      0.0,
      0.006205585765052219,
      0.0,
      0.0,
      0.0,
      0.01858729587667347,
      0.01645092877669831,
      0.0,
      0.013664481227472401,
      0.0,
      0.017523997711607828,
      0.0005343796340477591
    ],
    "low_data": false
  },
  "250000": {
    "median": 0.0006593446100088405,
    "p90": 0.011220077803326145,
    "p10": 0.0,