{
  "100000": {
    "median": 0.0012551176180036292,
    "p90": 0.010772089357975167,
    "p10": 0.0,
    "sample": [
      0.00012101187833697878,
      0.00010850266114769501,
      0.0,
      0.005143412851992544,
      0.0,
      0.001833807837377762,
      0.006368683098181675,
      0.010867432427842163,
      0.006883855221420623,
      0.0023805492628078003,
      0.0,
      0.010572599138958421,
      0.0028271195388114333,
      0.007564197405263013,
      0.003873658084115713,
      0.0,
      0.014942983601291955,
      0.007431303405762742,
      0.0024118222066316043,
      0.01068966478427859,
      0.004820660756062796,
      0.0,
      0.0015514690749273703,
      0.005683413109448215,
      0.0,
      0.014459488183363702,
      0.0,
      0.0012678070228742573,
      0.0,
      0.00581198194790516,
      0.012166452269850258,
      0.006860700845021503,
      0.005394187180015524,
      0.0068555917429059185,
      0.008652903371841124,
      0.007450794971053049,
      0.012328331949542068,
      0.0,
      0.0,
      0.003576036882106938,
      0.003923393846756913,
      0.0,
      0.0,
      0.0,
      0.017713876030523188,
      0.0,
      0.0,
      0.0037843472640405485,
      0.005828673727129192,
      0.0006459761272281308,
      0.0,
      0.0,
      0.010805140774615874,
      0.008206551001100529,
      0.01877013049098179,
      0.0,
      0.0,
      0.0,
      0.0,
      0.00822137433400121,
      0.0,
      0.010749188175573698,
      0.0,
      0.0,
      0.0025203900561649602,
      0.00426318016168303,
      0.006889849083987327,
      0.006070105216665869,
      0.0,
      0.01312950329063735,
      0.0,
      0.005868227097166093,
      0.0,
      0.010768416978348423,
      0.0,
      0.0,
      0.0035929040627854045,
      0.007042544369686077,
      0.010600844330026185,
      0.007167179319646485,
      0.0,
      0.0,
      0.0,
      0.0,
      0.0,
      0.02216204723867283,
      0.0,
      0.0010006149164478255,
      0.0,
      0.006329326729764784,
      0.008272317404582247,
      0.0,
      0.0,
      0.0,
      0.0036951525470061033,
      0.01490569590672966,
      0.02218290406383144,
      0.006000064202361758,
      0.0,
      0.013206069775324542,
      0.0,
      0.0,
      0.01547630802842038,
      0.0012424282131330011,
      0.00153892088624323,
      0.0036162359884500364,
      0.008897712911400237,
      0.0,
      0.0,
      0.0,
      0.0009620509551013613,
      0.005937408452006032,
      0.0033573910962117685,
      0.0062106183768842705,
      0.008986717783074555,
      0.0,
      0.011379018768832823,
      0.0,
      0.0,
      0.000197722070519404,
      0.0008749855699287064,
      0.0,
      0.0036772403412040962,
      0.01623882729565382,
      0.0,
      0.007532146575452465,
      0.0,
      0.0075913422334687244,
      0.006297970317504302,
      0.0,
      0.0019009681480603373,
      0.013431518521060108,
      0.0,
      0.011467033692437666,
      0.005141693587042711,
      0.002073445632459912,
      0.0,
      0.0,
      0.0,
      0.0,
      0.00715874826808927,
      0.004746814328199264,
      0.008098234939193406,
      0.0,
      0.006150989006732468,
      0.006433992689431998,
      0.0004837252128455584,
      0.0,
      0.0,
      0.0,
      0.0016829813112196436,
      0.0,
      0.0008332225595705769,
      0.0,
      0.010453078069385169,
      0.0,
      0.003384457927521962,
      0.0,
      0.0045457618863832755,
      0.0,
      0.0,
      0.0,
      0.002496446477518563,
      0.010337141494137135,
      0.0,
      0.0,
      0.0,
      0.014559142955179927,
      0.009550435702838998,
      0.0034742097654811197,
      0.0,
      0.002484152957927713,
      0.0003697034888709027,
      0.007650083465072331,
      0.0,
      0.0,
      0.0,
      0.008335832845390466,
      0.007978633021062545,
      0.0,
      0.0,
      0.0009465933233379212,
      0.011234454321144473,
      0.0,
      0.0,
      0.0,
      0.005437339379323601,
      0.0028251484500558905,
      0.0010612031829171456,
      0.00265766118658716,
      0.0,
      0.007372455863290895,
      0.0057387068988953675,
      0.0,
      0.0,
      0.0,
      0.0,
      0.0,
      0.0,
      0.006000180146348323
    ],
    "low_data": false
  },
  "250000": {
    "median": 0.0013628575100308403,
    "p90": 0.01094593285488435,
    "p10": 0.0,