{
  "100000": {
    "median": 4.2878366816960065e-05,
    "p90": 0.010429824477774097,
    "p10": 0.0,
    "sample": [
      0.00017148391009378814,
      8.575673363392013e-05,
      0.0,
      0.0,
      0.0,
      0.00826216176205339,
      0.01720566329155482,
      0.0,
      0.0,
      0.0,
      0.0,
      0.0,
      0.0,
      0.0,
      0.0,
      0.0004241881102861911,
      0.0,
      0.011753512700690085,
      0.0,
      0.0,
      0.006305474514129418,
      0.006372688039346722,
      0.0,
      0.015963136193064706,
      0.0121674832892604,
      0.007605808247809596,
      0.0024253422714736283,
      0.011737595893332033,
      0.0,
      0.0014230765031802632,
      0.0,
      0.0,
      0.0,
      0.0,
      0.0,
      0.0,
      0.0,
      0.00835613118813911,
      0.0,
      0.007233533119103268,
      0.0,
      0.004626093129748054,
      0.0,
      0.0018592692985517577,
      0.0018198087550973443,
      0.0,
      0.0,
      0.013895781060023468,
      0.0036744343010652204,
      0.0,
      0.010909795006323055,
      0.0,
      0.0,
      0.0,
      0.0,
      0.008451341275426301,
      0.0011657106764830288,
      0.01100062551281666,
      0.0,
      0.0,
      0.0,
      0.0,
      0.005172942116958514,
      0.0005137550370297298,
      0.0,
      0.003141787468769501,
      0.0,
      0.010391113938024358,
      0.008067716793744857,
      0.00045000017014686544,
      0.0,
      0.00684782048077326,
      0.0007501510901304837,
      0.0,
      0.009737975728314975,
      0.0,
      0.0,
      0.00010550868970658861,
      0.01005645135590077,
      0.0,
      0.0013088463235167045,
      0.0,
      0.0,
      0.009702571875789113,
      0.0,
      0.0007191194397875762,
      0.0026237022737548308,
      0.0,
      0.022937275608771443,
      0.013666015727659327,
      0.009996642311911025,
      0.008114108580088444,
      0.0,
      0.016236399011399887,
      0.0,
      0.0007801239865264152,
      0.018085170681417385,
      0.0,
      0.018656186601239456,
      0.006169005676751397,
      0.0,
      0.0038080149316802904,
      0.0,
      0.0,
      0.0,
      0.00712178250445087,
      0.0,
      0.0,
      0.00016901426582142582,
      0.0,
      0.0,
      0.0011757117139715762,
      0.006557810396211672,
      0.0,
      0.006862334482822226,
      0.0,
      0.010295880822849154,
      0.009472361030538206,
      0.00028263363966894424,
      0.01077821933552177,
      0.005524911562320931,
      0.003320684392750144,
      0.0025030576697201907,
      0.004153802257421598,
      0.0,
      0.0,
      0.0,
      0.007265905629978091,
      0.0,
      0.0,
      0.007201115908502958,
      0.0,
      0.0,
      0.0,
      0.0,
      0.0,
      0.0012415553845920137,
      0.0,
      0.004649644128762385,
      0.0009385334320937838,
      0.006299855995066985,
      0.0,
      0.0,
      0.0,
      0.008425845684088553,
      0.009379394798553315,
      0.0012575690985483683,
      0.0,
      0.0,
      0.005975246537865224,
      0.0,
      0.0,
      0.0007702996768415246,
      0.0,
      0.006995399741407701,
      0.007928172080172888,
      0.0,
      0.0057504713425124455,
      0.01569579374215872,
      0.009473950739317076,
      0.01098242268606528,
      0.0,
      0.003943052909446337,
      0.0,
      0.0,
      0.014775104061681435,
      0.010937217392374342,
      0.0012919084113208411,
      0.0011515126019616467,
      0.0,
      0.0,
      0.0,
      0.0,
      0.0036659623318809407,
      0.0,
      0.0035784914534177964,
      0.0,
      0.0,
      0.0,
      0.0,
      0.0,
      0.0,
      0.006776734220432795,
      0.007916416856572937,
      0.0036352277892673277,
      0.015722068917320597,
      0.002418316326113058,
      0.002835499739273898,
      0.0,
      0.0,
      0.0,
      0.004322597767817965,
      0.0,
      0.0007613140256682077,
      0.0,
      0.0034522246377461947,
      0.0036724160650819597,
      0.012315422398664648,
      0.005677055950051244,
      0.0023283482319218117
    ],
    "low_data": false
  },
  "250000": {
    "median": 0.00017715459065930018,
    "p90": 0.010618428014375873,
    "p10": 0.0,