{
  "100000": {
    "median": 0.0008081289431713318,
    "p90": 0.010473509779294954,
    "p10": 0.0,
    "sample": [
      0.0001269655944519712,
      0.00010313752793846356,
      0.0,
      0.005367462339998915,
      0.0,
      0.0,
      0.00012407548488917256,
      0.0,
      0.0023392572051237214,
      0.0,
      0.02240996152667915,
      0.010987717228477705,
      0.000560683312067105,
      0.014466680582535613,
      0.0,
      0.006182801599760124,
      0.0,
      0.0,
      0.004173401575384398,
      0.0077836756907301305,
      0.0,
      0.0,
      0.011254628666492626,
      0.0,
      0.023665764179898,
      0.0,
      0.0,
      0.010128553784210572,
      0.002077582198947432,
      0.0,
      0.021641347529149688,
      0.0,
      0.0,
      0.004139406594449884,
      0.0,
      0.0,
      0.0,
      0.009078606066348197,
      0.0,
      0.0,
      0.0072819100392400565,
      0.0,
      0.0,
      0.0027659064583923677,
      0.0008895703636710437,
      0.0029883494245325007,
      0.0,
      0.002214021047948973,
      0.013359700339731863,
      0.005667697274606756,
      0.003464180236334226,
      0.0,
      0.0,
      0.0,
      0.008847696660808976,
      0.007257615424023794,
      0.0,
      0.0012189272019286846,
      0.0,
      0.005775920558651037,
      0.01881448846563493,
      0.0,
      0.0032470304347321306,
      0.0,
      0.0,
      0.0,
      0.005973176469672399,
      0.0,
      0.0,
      0.000775506823864611,
      0.013319435392629371,
      0.00462435418826755,
      0.008868901234256816,
      0.0,
      0.013648584534535923,
      0.0,
      0.0,
      0.005116769450833316,
      0.0034338355448144515,
      0.0,
      0.0,
      0.012869018211412462,
      0.0014515500787036857,
      0.0,
      0.004252206296779182,
      0.0,
      0.0,
      0.02097745474936661,
      0.00980408978594843,
      0.0,
      0.005130207193462157,
      0.0,
      0.0052014324021505106,
      0.0,
      0.009193725269077942,
      0.0010745457069256691,
      0.0,
      0.0,
      0.024289362563450805,
      0.009117000904801404,
      0.0,
      0.007452414627231972,
      0.0008375467325284713,
      0.01466487405316794,
      0.0,
      0.0,
      0.0,
      0.0,
      0.0,
      0.0030670441921023454,
      0.0015172357073617707,
      0.0,
      0.004915826656683698,
      0.003986002578374876,
      0.0,
      0.0,
      0.0,
      0.0017283063416776193,
      0.002835017465514162,
      0.012291323382431713,
      0.0,
      0.005276139624267504,
      0.0,
      0.0,
      0.004188476217328912,
      0.0053543690143410105,
      0.006134922887003907,
      0.0,
      0.0,
      0.0,
      0.0020435644739958,
      0.0020057263047364195,
      0.003321009401020147,
      0.0,
      0.0,
      0.0,
      0.01908274877773606,
      0.017830422146787924,
      0.009288181739659148,
      0.02345516876824053,
      0.0009187851316991994,
      0.0,
      0.0034957001897513375,
      0.0,
      0.020367087464343542,
      0.001313941837650821,
      0.0,
      0.0,
      0.010416375618274652,
      0.0,
      0.0028999148579939363,
      0.00022800202767807786,
      0.006263500737106368,
      0.008901647915229724,
      0.00337053550104088,
      0.0,
      0.0,
      0.002266340300538681,
      0.008017960850409898,
      0.0006364046522133581,
      0.0,
      0.0,
      0.0,
      0.0,
      0.007642409576163578,
      0.0046408038203679365,
      0.0020484840369426162,
      0.0,
      0.0002465732788806529,
      0.0,
      0.004471642376663701,
      0.009808489042334534,
      0.00802652192512178,
      0.0071798414541377285,
      0.004587965836596234,
      0.006086476504390809,
      0.0027576991370020553,
      0.0,
      0.0001848709699862916,
      0.008602255829350048,
      0.0,
      0.0,
      0.011463983255871954,
      0.0,
      0.0,
      0.006727799331456763,
      0.006385423933906711,
      0.0007787111538141923,
      0.0033858415030632847,
      0.007755177596608445,
      0.006302891136938386,
      0.0,
      0.002052477966402441,
      0.0025752324063237214,
      0.0,
      0.0,
      0.010127263606912938,
      0.0,
      0.0,
      0.005969489504015079
    ],
    "low_data": false
  },
  "250000": {
    "median": 0.0009660958253303586,
    "p90": 0.010601506357865937,
    "p10": 0.0,