{
  "100000": {
    "median": 0.00012296464695115664,
    "p90": 0.009721890341535656,
    "p10": 0.0,
    "sample": [
      0.00017779442322700054,
      0.00011194078587995652,
      0.00944443536337606,
      0.00034810346618038314,
      0.0031038808779612704,
      0.005577025618372471,
      0.0,
      0.0,
      0.008745029997515138,
      0.0,
      0.004312906326517032,
      0.0,
      0.0,
      0.0,
      0.0,
      0.0028220023283968593,
      0.0023779562205837666,
      0.0020914704298370104,
      0.003842923186600952,
      0.0009824415204229835,
      0.006924132037161906,
      0.0,
      0.004632001641024569,
      0.0,
      0.0,
      0.0,
      0.004434752604258859,
      0.0,
      0.0,
      0.0,
      0.00877111637602747,
      0.0,
      0.0,
      0.0028977865331672363,
      0.0028812916690992194,
      0.008354629866033317,
      0.010117121934591005,
      0.0,
      0.0,
      0.0,
      0.0009591075034201824,
      0.0031055678222476975,
      0.009714781010444018,
      0.0,
      0.002627754660715812,
      0.0025424999398144274,
      0.0,
      0.0,
      0.0,
      0.012871926011452338,
      0.00637147629303866,
      0.015118968302900687,
      0.011761648459213,
      0.008949541044652605,
      0.0,
      0.007597577592641858,
      0.0,
      0.005765003377919422,
      0.006460972464049186,
      0.01059103180218312,
      0.0,
      0.0,
      0.0,
      0.011409762722449642,
      0.0,
      0.0016839266445294028,
      0.0041510814184088606,
      0.02131350182920853,
      0.004757507703489564,
      0.0,
      0.008383034867636047,
      0.0,
      0.01179984418370189,
      0.013394307331070303,
      0.0,
      0.0,
      0.0,
      0.0,
      0.0,
      0.009246702131966107,
      0.01572975412684117,
      0.0059867483784065475,
      0.014416531276905483,
      0.004620047882714293,
      0.0038800995883046217,
      0.0,
      0.0,
      0.006313552710767419,
      0.021534077078975877,
      0.0,
      0.0,
      0.006630266847705451,
      0.013540876102630692,
      0.004321029396989681,
      0.0,
      0.0,
      0.01370006978053039,
      0.0,
      0.0,
      0.0006498633775668043,
      0.0030120152987425093,
      0.0,
      0.007125172318449954,
      0.0,
      0.013532596649001695,
      0.0,
      0.0,
      0.0,
      0.0,
      0.0,
      0.0,
      1.2536943286939298e-05,
      0.0028882099325988736,
      0.0,
      0.0,
      0.0006389833547341477,
      0.011773110597369307,
      0.0002074410459780086,
      0.0,
      0.0,
      0.0,
      0.0015954378266007443,
      0.0,
      5.9356853157121385e-05,
      0.0025148589092379697,
      0.0,
      0.014487382242052434,
      0.00013398850802235675,
      0.0035685157736948183,
      0.005735465978377516,
      0.0,
      0.0,
      0.002761376752515363,
      0.0,
      0.0,
      0.0,
      0.0,
      0.0,
      0.003019390492542621,
      0.0,
      0.0,
      0.0,
      0.0007692079255688899,
      0.0,
      0.0,
      0.0,
      0.0,
      0.007686125370973471,
      0.0,
      0.0,
      0.0,
      0.0,
      0.002697223201015629,
      0.0,
      0.0039501851069954535,
      0.005251040566682625,
      0.0,
      0.023077541222459162,
      0.0,
      0.0062340451549569706,
      0.0003865680873303837,
      0.0,
      0.005044166056821731,
      0.012267958373354633,
      0.0,
      0.0,
      0.0033260051182677766,
      0.0011652376697138507,
      0.002740342059831172,
      0.008056531260538057,
      0.0016988096373891843,
      0.0,
      0.0,
      0.0,
      0.0,
      0.006855300123671236,
      0.0074204063108941586,
      0.0,
      0.0,
      0.0028527932391870974,
      0.0,
      0.0,
      0.005320654793495094,
      0.0,
      0.0,
      0.0022348773867689113,
      0.0,
      0.0024162918763812468,
      0.004511672510231373,
      0.00947614665019674,
      0.0,
      0.0,
      0.009438791692018927,
      0.0053932998602883725,
      0.0,
      0.007904494591843532,
      0.003489952432336371,
      0.0033891372666704543,
      0.002828948414688083,
      0.00978587432136041
    ],
    "low_data": false
  },
  "250000": {
    "median": 0.0003610583444277954,
    "p90": 0.009881694800754718,
    "p10": 0.0,