{
  "100000": {
    "median": 0.00015405125410431262,
    "p90": 0.012360954988973655,
    "p10": 0.0,
    "sample": [
      0.00015789608375959736,
      0.00015020642444902785,
      0.005045148093967693,
      0.0,
      0.014400700033468243,
      0.0,
      0.0,
      0.0,
      0.0,
      0.0,
      0.0026110349204810706,
      0.004855940976253458,
      0.005591595303117332,
      0.0,
      0.0002637071144556474,
      0.0,
      0.00893891095715315,
      0.007676623626638439,
      0.0,
      0.0019193972980703032,
      0.013605652242362579,
      0.013237281081584638,
      0.0,
      0.0,
      0.0016262689321084292,
      0.007343929334626881,
      0.0026501117243498897,
      0.01145716469570958,
      0.0,
      0.003071763522105442,
      0.0,
      0.0015825907435724497,
      0.0,
      0.007089299185235345,
      0.003876939902377717,
      0.0,
      0.0,
      0.01872264520851437,
      0.011086958404281208,
      0.0,
      0.010188899130169194,
      0.006742854258661146,
      0.002746986132272781,
      0.0,
      0.00729670157182604,
      0.00980991625039907,
      0.0,
      0.0,
      0.0061234214634695045,
      0.0,
      0.0,
      0.009256640059199886,
      0.0,
      0.0,
      0.0,
      0.0,
      0.0,
      0.0,
      0.0047053724547001415,
      0.006275672134490899,
      0.015969995217752313,
      0.0,
      0.016407305781309594,
      0.005914568202228978,
      0.0,
      0.0004921015787141009,
      0.013835530386275493,
      0.0,
      0.0,
      0.011318688748807915,
      0.0,
      0.0011751096522056856,
      0.019575022481856445,
      0.0,
      0.013396967565950057,
      0.0002355492338370728,
      0.0,
      0.0,
      0.00266331114377958,
      0.0017036278016436452,
      0.0,
      0.008582560384853478,
      0.0,
      0.0,
      0.0023956828655691174,
      0.0036222301291089424,
      0.0,
      0.0,
      0.0,
      0.010395459795475476,
      0.0,
      0.0037131624646923505,
      0.0,
      0.0,
      0.0,
      0.0012178979187968569,
      0.0,
      0.0,
      0.0,
      0.0,
      0.0,
      0.007679513524588254,
      0.0,
      0.0,
      0.0,
      0.0,
      0.0,
      0.0,
      0.027601302835579173,
      0.0,
      0.001405193888336962,
      0.0,
      0.0,
      0.012356471763037226,
      0.0,
      0.0,
      0.0,
      0.01880555077474702,
      0.0,
      0.0,
      0.008924872766729203,
      0.0011973711030335997,
      0.0,
      0.012455507960816068,
      0.028438362567969645,
      0.0061788927506023885,
      0.0,
      0.015296372571974443,
      0.002240484708406736,
      0.0,
      0.0,
      0.0012496573730353905,
      0.005480437888242819,
      0.0,
      0.0016608855660495882,
      0.018542952314831503,
      0.0,
      0.016241947459399973,
      0.0064345084711490376,
      0.0,
      0.012401304022401525,
      0.004739829612417369,
      0.0,
      0.0,
      0.0,
      0.0,
      0.01034030428265182,
      9.206923918821677e-05,
      0.0,
      0.0,
      0.0,
      0.01696446464773166,
      0.001722633904141778,
      0.006604719595455816,
      0.0,
      0.004563859867115292,
      0.0,
      0.0017494649375511923,
      0.004724209474895673,
      0.008112029812540004,
      0.007520731046414057,
      0.0004080530143902132,
      0.0,
      0.0,
      0.0,
      0.010731293694050811,
      0.0071622857194015,
      0.0004224349080453633,
      0.013787458330378786,
      0.008224795123286307,
      0.009241166122147251,
      0.0,
      0.005238986885745382,
      0.0052539970508789545,
      4.1930762922893073e-05,
      0.0,
      0.004522310980228429,
      0.0017954061294700812,
      0.0,
      0.0,
      0.0018015912853625304,
      0.011022462241612768,
      0.0,
      0.012279716706087934,
      0.0,
      0.0,
      0.0008957334376967455,
      0.001930444901299522,
      0.004991114679881441,
      0.007857778665468312,
      0.011777419599382746,
      0.0,
      0.0,
      0.004099398336027112,
      0.0,
      0.018563798190021012,
      0.0,
      0.0,
      0.0,
      0.002322730328214183
    ],
    "low_data": false
  },
  "250000": {
    "median": 0.00035140767776436506,
    "p90": 0.01251688056875752,
    "p10": 0.0,