{
  "100000": {
    "median": 0.0,
    "p90": 0.010537861790683195,
    "p10": 0.0,
    "sample": [
      0.00010542222553519322,
      8.533904105719656e-05,
      0.0006439144490406677,
      0.0003000021090828934,
      0.00018359872946397104,
      0.0,
      0.0,
      0.005950279315605854,
      0.0,
      0.0,
      0.005009246867922583,
      0.007276914082003758,
      0.0,
      0.0,
      0.0004421772763440071,
      0.0036951312584440794,
      0.0034671220476097686,
      0.0002800528752848761,
      0.0,
      0.0,
      0.0014026507577950226,
      0.0,
      0.0,
      0.004709065596045719,
      0.0043745476185584895,
      0.0032205850660835577,
      0.003127877539152003,
      0.015380456929830618,
      0.0034787620002761717,
      0.0,
      0.008089818591044838,
      0.0,
      0.0014823038615492377,
      0.011295206457006853,
      0.0,
      0.0,
      0.007145232303365621,
      0.012365838815343696,
      0.0,
      0.0,
      0.0,
      0.0,
      0.0,
      0.0,
      0.00024784854195312653,
      0.01796182941982452,
      0.0026676092214331674,
      0.0,
      0.0,
      0.0,
      0.004836064003419216,
      0.005486074721616746,
      0.0036686130752083723,
      0.0,
      0.007318887798654101,
      0.0,
      0.023686571570500806,
      0.0009915308053086774,
      0.00215203801872751,
      0.00018908178639665134,
      0.008892466388077235,
      0.005756039143902849,
      0.0016576905317710671,
      0.0,
      0.0,
      0.0,
      0.0,
      0.007370031545529179,
      0.0,
      0.0,
      0.0,
      0.011218869033630263,
      0.0005499686733874163,
      0.005398181126087791,
      0.0,
      0.0,
      0.023696213533171456,
      0.021891118619600542,
      0.007389006884222686,
      0.0,
      0.0,
      0.0,
      0.0,
      0.0,
      0.0,
      0.0,
      0.0,
      0.0,
      0.0076260359390996,
      0.0093123956050687,
      0.0,
      0.0,
      0.0,
      0.0,
      0.004001022549236756,
      0.0013344071143996065,
      0.00024255808292560047,
      0.0010119051117740134,
      0.003419161471869196,
      0.0,
      0.0,
      0.010513613977228727,
      0.023131329716597863,
      0.0,
      0.0,
      0.0,
      0.005389099988464168,
      0.0,
      0.011672797060350614,
      0.0033358535637732175,
      0.0,
      0.0,
      0.0,
      0.0,
      0.0,
      0.0,
      0.004606157388202462,
      0.0013135435460524141,
      0.0,
      0.0,
      0.0,
      0.0,
      0.0,
      0.006655129481490243,
      0.0,
      0.0,
      0.010756092111773424,
      0.0038550344730434653,
      0.0,
      0.01436097375608892,
      0.0,
      0.0,
      0.003496307702548228,
      0.0069452802177619585,
      0.0009213103257664342,
      0.010473096562907083,
      0.0,
      0.011351493664287924,
      0.0,
      0.021646010626745302,
      0.005856351853787742,
      0.013747463996938184,
      0.0005204693517368371,
      0.009778257943937904,
      0.0,
      0.0014859289607342804,
      0.0,
      0.0035266204611634835,
      0.0,
      0.0016834391499373786,
      0.00030113073933971227,
      0.0,
      0.0,
      0.0,
      0.0,
      0.01683079032175837,
      0.0,
      0.0,
      0.017382987805554372,
      0.003957783165540274,
      0.0,
      0.0,
      0.008899576773430486,
      0.0010243277784173174,
      0.0,
      0.01036882355794469,
      0.0,
      0.007510187488139864,
      0.000602331092431835,
      0.0,
      0.0,
      0.0,
      0.0,
      0.0,
      0.0,
      0.011878296601528922,
      0.0,
      0.0,
      0.0,
      0.0,
      0.007307954963565107,
      0.01335193224116241,
      0.0,
      0.0,
      0.0,
      0.0,
      0.0,
      0.0029316484947072377,
      0.012543873647409826,
      0.0,
      0.0,
      0.0,
      0.00035516186426194776,
      0.0,
      0.0032502251704549802,
      0.0,
      0.0058403985622210285,
      0.0,
      0.004509198278400302,
      0.0
    ],
    "low_data": false
  },
  "250000": {
    "median": 0.0,
    "p90": 0.010715327328168135,
    "p10": 0.0,
    "sample": [
      0.00024047957074720307,
      0.00019466764107120454,
      0.0008470268552287987,
      0.00045268984374452123,
      0.00029876668439398474,
      0.0,
      0.0,
      0.00618695556538893,
      0.0,
      0.0,
      0.00522103745087628,
      0.0073926768728223005,
      0.0,
      0.0,
      0.0005675289020835423,
      0.003808359859169464,
      0.0036111456893214884,
      0.0005002998697856828,
      0.0,
      0.0,
      0.0015077500598629867,
      0.0,
      0.0,
      0.004816433461029246,
      0.004550758629761999,
      0.0033640204245247466,
      0.0032919809068616395,
      0.015473200607926327,
      0.0036662485147360567,
      0.0,
      0.008201476118468703,
      0.0,
      0.0016142397015946658,
      0.011386428043036495,
      0.0,
      0.0,
      0.007253175988127213,
      0.012477251812997693,
      0.0,
      0.0,
      0.0,
      0.0,
      0.0,
      0.0,
      0.0003969341979427493,
      0.018076113361603176,
      0.0028861295466125854,
      0.0,
      0.0,
      0.0,
      0.005023508980337579,
      0.005582149347144379,
      0.0038256431346641697,
      0.0,
      0.007454714400957048,
      0.0,
      0.023826932112677633,
      0.0011353951654774702,
      0.0022773612610919084,
      0.0003824473145762087,
      0.009077775084661285,
      0.005901283937419751,
      0.0018674084363649486,
      0.0,
      0.0,
      0.0,
      0.0,
      0.007484562021675485,
      0.0,
      0.0,
      0.0,
      0.01133359647106629,
      0.0007253655585183102,
      0.005625303612775581,
      0.0,
      0.0,
      0.023838356704098188,
      0.022016191956985322,
      0.007561330825207331,
      0.0,
      0.0,
      0.0,
      0.0,
      0.0,
      0.0,
      0.0,
      0.0,
      0.0,
      0.0077207996134807414,
      0.00943533740057887,
      0.0,
      0.0,
      0.0,
      0.0,
      0.004130731597324944,
      0.001490140598016661,
      0.00033514034390088124,
      0.0011436353030747197,
      0.003592043856724704,
      0.0,
      0.0,
      0.010626487547099408,
      0.023224659118970998,
      0.0,
      0.0,
      0.0,
      0.005519933851582975,
      0.0,
      0.011765787200768978,
      0.00342472964279263,
      0.0,
      0.0,
      0.0,
      0.0,
      4.896207209115761e-05,
      0.0,
      0.004802225150793042,
      0.0014435366576970752,
      0.0,
      0.0,
      0.0,
      0.0,
      0.0,
      0.006751829685479236,
      0.0,
      0.0,
      0.010855271252995694,
      0.003990515781896401,
      0.0,
      0.014470926388378337,
      0.0,
      0.0,
      0.003599993635587476,
      0.007060800710456757,
      0.0011032426236269035,
      0.010699778003187296,
      0.0,
      0.011449984392556917,
      0.0,
      0.02186432283446818,
      0.0060237721837768255,
      0.01385351847287391,
      0.0006891040367784633,
      0.009957171040922736,
      0.0,
      0.001636925958327062,
      0.0,
      0.003634200050340848,
      0.0,
      0.001822218757121443,
      0.0003998189620505221,
      0.0,
      0.0,
      0.0,
      0.0,
      0.01693187075193538,
      0.0,
      0.0,
      0.017493487911861366,
      0.0040428029027418325,
      0.0,
      0.0,
      0.009016982754589311,
      0.0011874932884767438,
      0.0,
      0.010510836980474201,
      0.0,
      0.0076433787339260624,
      0.0006863477864997367,
      0.0,
      0.0,
      0.0,
      0.0,
      0.0,
      0.0,
      0.012084645896161324,
      0.0,
      0.0,
      0.0,
      0.0,
      0.007518846702384309,
      0.013455732344354345,
      0.0,
      0.0,
      0.0,
      0.0,
      0.0,
      0.0030584487289006413,
      0.012685966140331791,
      0.0,
      0.0,
      0.0,
      0.0004597203863869941,
      0.0,
      0.003441851357623279,
      0.0,
      0.006005052808844145,
      0.0,
      0.004643555920236059,
      0.0
    ],
    "low_data": false
  },
  "500000": {
    "median": 0.0,