{
  "100000": {
    "median": 0.0,
    "p90": 0.009782124153413866,
    "p10": 0.0,
    "sample": [
      0.000125401384555349,
      0.00010555604299938131,
      0.0008028585817424701,
      0.0,
      0.0,
      0.00011441809292301423,
      0.009182822468917433,
      0.0,
      0.0,
      0.0,
      0.0,
      0.0,
      0.0,
      0.0,
      0.0,
      0.0,
      0.0,
      0.0,
      0.0,
      0.006971374992157185,
      0.010906780499927224,
      0.0001146929486764543,
      0.005220840413278165,
      0.0,
      0.0,
      0.0,
      0.006303799630576536,
      0.0,
      0.010819226086419683,
      0.0,
      0.0,
      0.00976431519251856,
      0.004520968094236773,
      0.014658284031988744,
      0.0,
      0.006622151162958167,
      0.0,
      0.0,
      0.0065447639599940915,
      0.015699988725594277,
      0.0,
      0.0,
      0.0,
      0.003776523811511589,
      0.0,
      0.0,
      0.0,
      0.0,
      0.004612414277475074,
      0.014382872685303758,
      0.0,
      0.0,
      0.0,
      0.008856614215881279,
      0.00839593955993778,
      0.0,
      0.0,
      0.006637451688567641,
      0.0,
      0.009517536137781236,
      0.0070194519855374966,
      0.0005327437406112293,
      0.0,
      0.0,
      0.002208830870748944,
      0.0,
      0.010871171073977644,
      0.0,
      0.0,
      0.010517155630183284,
      0.0,
      0.0,
      0.0,
      0.0,
      0.00189777745370078,
      0.0,
      0.00695958534748858,
      0.007467714656021657,
      0.0,
      0.0,
      0.0,
      0.0,
      0.0,
      0.004078323631960356,
      0.008202995774100826,
      0.0,
      0.0,
      0.00030496482750201555,
      0.0004498041033098156,
      0.0,
      0.0031937139820412816,
      0.0,
      0.0,
      0.0009380266934896397,
      0.002515665869827082,
      0.0,
      0.0,
      0.006832852544781701,
      0.008901976161848483,
      0.0,
      0.0,
      0.0,
      0.0,
      0.01252667740739966,
      0.0023002754247357453,
      0.0022905964339324804,
      0.0,
      0.0,
      0.004240027906000534,
      0.008069991755724964,
      0.008169285219967636,
      0.0,
      0.0007681406184034563,
      0.016028323673591936,
      0.02038357334020451,
      0.002731305657138542,
      0.0,
      0.0,
      0.004359796421724484,
      0.004603780989111495,
      0.007314661064407912,
      0.012690756790985377,
      0.009063359813010341,
      0.013631186584590699,
      0.013523134373354936,
      0.0,
      0.0,
      0.0,
      0.0,
      0.0,
      0.0,
      0.007963419095710442,
      0.0,
      0.00020347135563313616,
      0.0,
      0.0009639981248612538,
      0.007894505180942991,
      0.00015977111150938076,
      0.0,
      0.0006572275729694566,
      0.0,
      0.00465181377724899,
      0.0,
      0.0,
      0.0,
      0.0,
      0.0,
      0.0,
      0.0,
      0.0007727731414974048,
      0.0037255324743606594,
      0.017694186429006033,
      0.0,
      0.0,
      0.0,
      0.0,
      0.0,
      0.0,
      0.0,
      0.0,
      0.011373866379520033,
      0.004911083989116014,
      0.011611588855342445,
      0.0,
      0.029343237744893457,
      0.0,
      0.0009934401712806426,
      0.009942404801471648,
      0.002877934924624812,
      0.0,
      0.0025688147781447648,
      0.0,
      0.0,
      0.010399606156442493,
      0.0,
      0.0,
      0.006464245652559829,
      0.0,
      0.0,
      0.006787542872657989,
      0.00488428030656934,
      0.0,
      0.009410508842971555,
      0.0,
      0.0,
      0.001328415402076244,
      0.0033826219201607906,
      0.0,
      0.0,
      0.0,
      0.0,
      0.0004268397566591265,
      0.009082099660842159,
      0.0,
      0.0,
      0.0,
      0.0,
      0.0,
      0.014135660678214774,
      0.0
    ],
    "low_data": false
  },
  "250000": {
    "median": 0.0,
    "p90": 0.009896432241880491,
    "p10": 0.0,
    "sample": [
      0.00028605420703159125,
      0.0002407848229478947,
      0.0009905909987785576,
      0.0,
      0.0,
      0.0002483844778172229,
      0.00933164025906822,
      0.0,
      0.0,
      0.0,
      0.0,
      0.0,
      0.0,
      0.0,
      0.0,
      0.0,
      0.0,
      8.630788306072094e-05,
      0.0,
      0.007074522357731738,
      0.011065823232367555,
      0.00022599144297282914,
      0.005373115610518384,
      0.0,
      0.0,
      0.0,
      0.006471775138575761,
      0.0,
      0.01094073842476506,
      0.0,
      0.0,
      0.009875704672332208,
      0.0046366763409692235,
      0.014762239087261314,
      0.0,
      0.006833633207738404,
      0.0,
      0.0,
      0.006811406856668226,
      0.015813537694319993,
      0.0,
      0.0,
      0.0,
      0.0039005474027964276,
      0.0,
      0.0,
      0.0,
      0.0,
      0.00476680645705555,
      0.01459269387475768,
      0.0,
      0.0,
      0.0,
      0.008956903468625212,
      0.008637631525525123,
      0.0,
      0.0,
      0.006737265461787798,
      0.0,
      0.009628471584870563,
      0.007194866263683398,
      0.0007556870422024975,
      0.0,
      0.0,
      0.0023149730031455573,
      0.0,
      0.011054153039892014,
      0.0,
      0.0,
      0.010745524515423616,
      0.0,
      0.0,
      0.0,
      0.0,
      0.0020013657778698616,
      0.0,
      0.007059181132247785,
      0.007679485935807998,
      0.0,
      0.0,
      0.0,
      0.0,
      0.0,
      0.004187057917600841,
      0.008315903372122443,
      0.0,
      0.0,
      0.00042228958958652967,
      0.0005744972272497054,
      0.0,
      0.003316582731094383,
      0.0,
      0.0,
      0.0010667250631050894,
      0.0026934895215287727,
      0.0,
      0.0,
      0.006919071488408598,
      0.0090423965423757,
      0.0,
      0.0,
      0.0,
      0.0,
      0.012621823644252399,
      0.0024879230476389375,
      0.002459710362226441,
      0.0,
      0.0,
      0.004448089473851789,
      0.00815636989252472,
      0.008365228089173242,
      0.0,
      0.0008658744968056248,
      0.016113787787357437,
      0.020501627709029552,
      0.0028903115679837672,
      0.0,
      0.0,
      0.004493122057771355,
      0.004718869459294214,
      0.0074190663187669575,
      0.012845409890545246,
      0.009157455301308454,
      0.01381509416540282,
      0.013678597216680192,
      0.0,
      0.0,
      0.0,
      0.0,
      0.0,
      0.0,
      0.008142158637786934,
      0.0,
      0.00028943367330338653,
      0.0,
      0.0010664953371018083,
      0.007978548709721828,
      0.00032439253087387856,
      0.0,
      0.0008619670331756062,
      0.0,
      0.004790346380027354,
      0.0,
      0.0,
      0.0,
      0.0,
      0.0,
      0.0,
      0.0,
      0.0009639299946322252,
      0.0038682071318479378,
      0.01790084156359342,
      0.0,
      0.0,
      0.0,
      0.0,
      0.0,
      0.0,
      0.0,
      0.0,
      0.011486434095849629,
      0.005013862134469273,
      0.011827443103921685,
      0.0,
      0.029537815282001115,
      0.0,
      0.0012128027967970366,
      0.010082980367815056,
      0.003029954007523964,
      0.0,
      0.0027756862311367238,
      0.0,
      0.0,
      0.010518162562121661,
      0.0,
      0.0,
      0.00657446748545807,
      0.0,
      0.0,
      0.006932421771369233,
      0.005020329243222802,
      0.0,
      0.009556513602011395,
      0.0,
      0.0,
      0.001520547187403538,
      0.0034748281647351545,
      0.0,
      0.0,
      0.0,
      0.0,
      0.0005200744718202392,
      0.009226985796245696,
      0.0,
      0.0,
      0.0,
      0.0,
      0.0,
      0.014356758009466297,
      0.0
    ],
    "low_data": false
  },
  "500000": {
    "median": 0.0,
    "p90": 0.010072706105079439,
    "p10": 0.0,