{
  "100000": {
    "median": 5.239798060868286e-05,
    "p90": 0.010674295313449635,
    "p10": 0.0,
    "sample": [
      0.00012571134635318247,
      7.954230667728528e-05,
      0.0,
      0.0,
      0.0,
      0.006408322524294587,
      0.007677515124855764,
      0.0,
      0.004590145766598588,
      0.008526627749701917,
      0.017961674106342362,
      0.005022586709451898,
      0.0007518683121330111,
      0.0,
      0.0,
      0.0,
      0.0030190767689681278,
      0.0,
      0.006041973605124073,
      0.0,
      0.0,
      0.0,
      0.008219620648705942,
      0.011162971891960232,
      0.009783952040193594,
      0.0,
      0.0,
      0.0010843184470827833,
      0.01510797647197103,
      0.0,
      0.0016815377542449587,
      0.005816024066888397,
      0.013613123067055217,
      0.0,
      0.010649080999006686,
      0.002006440693713937,
      0.0,
      0.0,
      0.012687926216538681,
      0.0,
      0.0,
      0.0,
      0.010901224143436188,
      0.011718346523382139,
      0.0008105155620274529,
      0.0,
      0.0,
      0.0,
      0.0,
      0.0,
      0.0,
      0.0034478189996570026,
      0.0,
      0.0,
      0.01362231092672792,
      0.00021185962904543933,
      0.0016894978701995883,
      0.0,
      0.012837139801266597,
      0.0,
      0.0,
      0.004568795786675802,
      0.008395018591477628,
      0.0,
      0.005530951684896374,
      0.005824975905890652,
      0.0020919023902341827,
      0.0,
      0.005914067067383412,
      0.0,
      0.012100074073241695,
      0.0,
      0.0,
      0.005194593504347388,
      0.0,
      0.01909324094478863,
      0.007554253323671725,
      0.0,
      0.007883352107762446,
      0.007483425235843168,
      0.007781097905382649,
      0.0,
      0.0,
      0.0,
      0.0,
      0.0012787370765599253,
      0.0,
      0.0,
      0.0,
      0.0,
      0.0,
      0.009026549952986974,
      0.00042298078813240644,
      0.0,
      0.0,
      0.004526380635561941,
      0.007676537924250343,
      0.0,
      0.0023898373886981203,
      0.005721783878928938,
      0.0,
      0.015823094722696333,
      0.01628449686168622,
      0.0,
      0.007863704688459431,
      0.005441309026659845,
      0.0040567502831849655,
      0.0,
      0.0,
      0.0,
      0.009112489176009948,
      0.0,
      0.0,
      0.011044037421276826,
      0.0,
      0.008966223421697589,
      0.0,
      0.0,
      0.010053415659850464,
      0.0,
      0.0,
      0.0,
      0.01096807700600899,
      0.0,
      0.007951452445316979,
      0.0,
      0.0,
      0.017862523787301042,
      0.0,
      0.0,
      0.0,
      0.0,
      0.008467534938910275,
      0.0,
      0.00920039579198222,
      0.0,
      0.002868475642814821,
      0.005539189435239424,
      0.0,
      0.002354240480127244,
      0.009336714642711193,
      0.009707243638893909,
      0.005772148671066013,
      0.01141588016509324,
      0.0,
      0.0,
      0.00012429820083919392,
      0.0,
      0.0,
      0.007502230185179069,
      0.0023128240370710244,
      0.004623505283749704,
      0.008193115781025516,
      0.0,
      0.0007245138649463568,
      0.002474584501775104,
      0.0041861274785832256,
      0.0035029732433795053,
      0.008003661073091467,
      0.0009181103899526177,
      0.003492721164046604,
      0.0,
      0.007200854577296167,
      0.0,
      0.0,
      0.0,
      0.006951242968044401,
      0.0,
      0.0,
      0.0,
      0.0039461852096720675,
      0.002188952784919404,
      0.0,
      0.003916294095138466,
      0.0,
      0.007837561871625934,
      0.001386636177995126,
      0.0,
      0.015371702704997464,
      0.0,
      0.0,
      0.007477019188540236,
      0.0,
      0.004268748489356456,
      0.004785629072073881,
      0.005264339024323675,
      0.0,
      2.525365454008043e-05,
      0.012539210167287474,
      0.011609000101294757,
      0.0,
      0.0,
      0.0,
      0.0,
      0.004107127055683371,
      0.0,
      0.007647523654685073,
      0.0,
      0.0,
      0.003813555170634276
    ],
    "low_data": false
  },
  "250000": {
    "median": 0.0001588071218290406,
    "p90": 0.01082060700246526,
    "p10": 0.0,