{
  "100000": {
    "median": 1.8521903325520573e-05,
    "p90": 0.013144894982763698,
    "p10": 0.0,
    "sample": [
      0.00011014345783983867,
      8.612796918035215e-05,
      0.011828807654515794,
      0.0,
      0.0,
      0.0,
      0.023715064740658702,
      0.0,
      0.028663316333700974,
      0.004927398066700922,
      0.0,
      0.00893782432296994,
      0.004946244227143904,
      0.0,
      0.018626585446957552,
      0.0,
      0.0,
      0.0,
      0.0,
      0.014249587158426337,
      0.010854095071810673,
      0.0,
      0.0018516835412043036,
      0.0,
      0.008106363936595822,
      0.0,
      0.0,
      0.0,
      0.006954222132932682,
      0.0,
      0.006361597738275828,
      0.0,
      0.0005510040314683462,
      0.0,
      0.001485357258272913,
      0.0,
      0.011897743020688334,
      0.0,
      0.0,
      0.0012882692725939718,
      0.0,
      0.0,
      0.0006261115099195355,
      0.0010729283208952747,
      0.000997598204465832,
      0.014747448576219329,
      0.0,
      0.007910212756092173,
      0.013145632133018779,
      3.704380665104115e-05,
      0.0,
      0.0,
      0.0,
      0.002279260844415845,
      0.0,
      0.005220523877990934,
      0.0,
      0.0012305672543174379,
      0.0015084449571272326,
      0.0,
      0.014924371347212084,
      0.0,
      0.0,
      0.002989180460200521,
      0.00589544252486857,
      0.0035174256560217307,
      0.0,
      0.006075180902300034,
      0.005998195143728156,
      0.0,
      0.0,
      0.019295449709022514,
      0.0,
      0.0,
      0.011150502675974191,
      0.0,
      0.0,
      0.008748315320103926,
      0.0,
      0.0,
      0.011831080936589933,
      0.0,
      0.02041113893943331,
      0.013144474714722788,
      0.0,
      0.0,
      0.002595595613694895,
      0.0,
      0.0027590595002105413,
      0.0069113178688358316,
      0.003562601569957244,
      0.010185337236072317,
      0.011814065149593905,
      0.005615081689596513,
      0.0,
      0.0,
      0.0,
      0.00608318609660543,
      0.013144813077179799,
      0.0,
      0.0,
      0.0,
      0.005123639067660378,
      0.0,
      0.0,
      0.004189184077874109,
      0.0038276894397450702,
      0.0,
      0.0,
      0.0,
      0.0,
      0.0,
      0.010105922606677387,
      0.006932063950179273,
      0.0,
      0.0,
      0.0,
      0.0043328120692396645,
      0.007126218424418449,
      0.0012231776691846556,
      0.0,
      0.0,
      0.019286673292854346,
      0.0,
      0.0,
      0.01683573953546226,
      0.0016874601748699477,
      0.0,
      0.0073585083726609565,
      0.0,
      0.002950989091244504,
      0.0,
      0.0,
      0.005344377241093009,
      0.010472023616076648,
      0.0,
      0.0029234713769236706,
      0.01837966581990882,
      0.0,
      0.0,
      0.0,
      0.0,
      0.0,
      0.014100313868457235,
      0.0,
      0.0,
      0.001149569649273193,
      0.0,
      0.007200264431484773,
      0.008878754391856442,
      0.0,
      0.011245092363596713,
      0.0,
      0.0020807053013198592,
      0.0,
      0.009175508630276184,
      0.0,
      0.022365081832278085,
      0.0056123622346139585,
      0.0,
      0.003630241130117837,
      0.0036116283283971376,
      0.0,
      0.0021296329009769643,
      0.014108452662320085,
      0.0,
      0.0,
      0.0,
      0.004660924357876623,
      0.0,
      0.00421645848001311,
      0.0,
      0.0015960513541516093,
      0.0,
      0.0,
      0.005526225736661204,
      0.0,
      0.0005983728351934593,
      0.01952600957329018,
      0.0,
      0.013412600554873274,
      0.005121513050335846,
      0.0007563935149143139,
      0.0,
      0.0,
      0.014397225189644354,
      0.021510947959897688,
      0.002353238872837072,
      0.007798108349437741,
      0.0,
      0.014679747074785122,
      0.0073398619166196895,
      0.0,
      0.0019369883096462567,
      0.006665760686745572,
      0.0045229229314047385,
      0.0,
      0.0,
      0.0,
      0.005095551989008459
    ],
    "low_data": false
  },
  "250000": {
    "median": 0.00016024393006529563,
    "p90": 0.013354168841375118,
    "p10": 0.0,