{
  "100000": {
    "median": 4.085096323802212e-05,
    "p90": 0.011728507705291002,
    "p10": 0.0,
    "sample": [
      0.00016433279794985346,
      0.00010143422112590096,
      0.0009349082597142667,
      0.0015292337177038985,
      0.003009763924302822,
      0.003887919584855773,
      0.015877394868465455,
      0.0,
      0.0034688077304587334,
      0.0046018711240792464,
      0.008989145048790103,
      0.001116887201301671,
      0.0,
      0.00787561673201939,
      0.0026575831455156714,
      0.0,
      0.00644054574049619,
      0.02055651713973302,
      0.0,
      0.0,
      0.004689549665153917,
      0.0,
      0.0013058805153299028,
      0.0,
      0.0,
      0.0,
      0.0,
      0.002573906498314083,
      0.0,
      0.005005399257556314,
      0.0,
      0.008705216124084383,
      0.012336354969422024,
      0.0,
      0.0,
      0.0014146268648528573,
      0.003788043949191722,
      0.011442090793692178,
      0.005266510180047375,
      0.0,
      0.013771354941587335,
      0.0,
      0.0,
      0.0,
      0.01310260185609891,
      0.0005244292585602751,
      0.0,
      0.0,
      0.006110915695851993,
      0.010092454175371746,
      0.0,
      0.002799312348498126,
      0.014796628390478865,
      0.0009346796878373846,
      0.0,
      0.00566808767448982,
      0.0,
      0.0,
      0.0,
      0.0,
      0.010393326522799182,
      0.0,
      0.0022749510566099753,
      0.0,
      0.0,
      0.0,
      0.0,
      0.005881373882617148,
      0.008531699440988697,
      0.00786181098844084,
      0.0,
      0.015169837424520374,
      0.0015633502887836064,
      0.0,
      0.01482787281694956,
      0.001240814048584725,
      0.00043222321298732295,
      0.01044964510050303,
      0.019155668840972327,
      0.011114888056163333,
      0.0,
      0.0,
      0.0,
      0.0,
      0.0,
      0.0019268892478555462,
      0.007775862559798926,
      0.0,
      0.0,
      0.0,
      0.011178291002915322,
      0.0,
      0.020337061552337228,
      0.0,
      0.003510904202302065,
      0.0,
      0.0,
      0.0,
      0.003272689745866577,
      0.0,
      0.000740341122533527,
      0.0,
      0.0031265535316898504,
      0.0,
      0.029498812041168183,
      0.0,
      0.0,
      0.0011910828631976104,
      0.0,
      0.005258309046208419,
      0.0,
      0.0,
      0.0,
      0.0007449119955900001,
      0.00801549559180989,
      0.0,
      8.170192647604423e-05,
      0.0,
      0.0,
      0.00237888125242948,
      0.007002583028790994,
      0.004382158425958087,
      0.0,
      0.017659649958606877,
      0.0,
      0.008664748334485533,
      0.011650262301038529,
      0.0,
      0.0,
      0.017883545707487694,
      0.0,
      0.009356942707566967,
      0.0,
      0.010410703937589177,
      0.0,
      0.0,
      0.01166096912038756,
      0.00625026209414275,
      0.0,
      0.0,
      0.003962863001861565,
      0.0,
      0.0,
      0.0,
      0.0,
      0.0,
      0.00036578009825624945,
      0.0,
      0.008705117635076977,
      0.0,
      0.0,
      0.008257121072203909,
      0.005457542676107317,
      0.016006441642381346,
      0.0,
      0.0,
      0.0,
      0.0,
      0.0,
      0.0,
      0.0,
      0.008344604779355438,
      0.0,
      0.009069856531033742,
      0.0,
      0.011503683373803168,
      0.0,
      0.0037258415363083768,
      0.015826584276129863,
      0.0029269818007973936,
      0.0,
      0.0,
      0.0,
      0.006965653450591976,
      0.0,
      0.009854876555546652,
      0.015201786334403219,
      0.0,
      0.0,
      0.008514568291407941,
      0.024688462719576997,
      0.0,
      0.0015181320713246683,
      0.010767433823039924,
      0.0,
      0.0177909392582139,
      0.0,
      0.0,
      0.007391086224246997,
      0.0,
      0.004590979789434187,
      0.004749619850830185,
      0.0,
      0.0,
      0.008667334073502373,
      0.02106821493005782,
      0.0012310670631572797,
      0.022800178249524582,
      0.0,
      0.0017461053486783602
    ],
    "low_data": false
  },
  "250000": {
    "median": 0.00018643085587273153,
    "p90": 0.011946274752820625,
    "p10": 0.0,