{
  "100000": {
    "median": 3.5231993980128906e-05,
    "p90": 0.011384702531306395,
    "p10": 0.0,
    "sample": [
      8.097599310704582e-05,
      9.187880412416826e-05,
      0.0019060763186311462,
      0.005065691118543384,
      0.0,
      0.00730553733809595,
      0.023269426470691437,
      0.0,
      0.007080442062912822,
      0.0002760472273839512,
      0.0,
      0.0,
      0.0,
      0.0011389306359378202,
      0.0,
      0.0,
      0.0,
      0.0,
      0.0,
      0.006854062276063342,
      0.0,
      0.0,
      0.0,
      0.0022321301704574343,
      0.004514244832600027,
      0.0,
      0.0007562819891199432,
      0.0,
      0.0,
      0.0,
      0.009214205505611247,
      0.00947378828461659,
      0.0,
      0.012795992638371015,
      0.0,
      0.0023317708564639765,
      0.0,
      0.015377731289858552,
      0.0,
      0.005418995449954458,
      0.0,
      0.008190840619814684,
      0.0,
      0.0,
      0.0,
      0.0,
      0.013997661769665081,
      0.0,
      0.00310015194417962,
      0.0,
      0.0060512861924267225,
      0.002804912053644598,
      0.00963499603462416,
      0.012551764657674871,
      0.0,
      0.0,
      0.0007935409040431384,
      0.028918459774440148,
      0.0,
      0.0,
      0.00694044423035091,
      0.0,
      0.0,
      0.0,
      0.005308973394197479,
      0.0,
      0.0005781790945300573,
      0.0,
      0.0,
      0.0,
      0.011203368954343292,
      0.011272514138257923,
      0.006378094237842159,
      0.006597301106690288,
      0.0,
      0.0,
      0.0005131498465451176,
      0.0030119928783257414,
      0.012388601719163379,
      0.0,
      0.008841762088716365,
      0.009755033795061676,
      0.00045450106543320665,
      0.00477539903023509,
      0.0,
      0.01345414519089312,
      0.0,
      0.0,
      0.0,
      0.0,
      0.0,
      0.002190143711865109,
      0.013990112960802046,
      0.0,
      0.0,
      0.01765394048590738,
      0.001396822027688311,
      0.0024765822309354554,
      0.0018410289033114918,
      0.0023971012545153975,
      0.0,
      0.0020114324971134607,
      0.003741056204344695,
      0.0,
      0.0,
      0.0032232763419624776,
      0.009325647352612241,
      0.0,
      0.002697876396527901,
      0.004547908468166404,
      0.00256553351518486,
      0.0,
      0.0,
      0.0,
      0.0011656157249500334,
      0.0,
      0.0036868012698353884,
      0.0,
      0.0,
      0.0,
      0.0028589641177945947,
      0.0,
      0.005139394126695236,
      0.0,
      0.0036241467418819625,
      0.0,
      0.003549084169595173,
      0.0,
      0.013324979755496303,
      0.0,
      9.846294625810014e-05,
      0.0,
      0.006790369826861652,
      9.4111679904636e-05,
      0.0,
      0.0,
      0.0017349531166345282,
      0.0,
      0.0,
      0.019990952881831208,
      0.0,
      0.0,
      0.0,
      0.0,
      0.0012941737479654318,
      0.0014613408624303808,
      0.007974757809014594,
      0.0,
      0.0,
      0.001625133501683728,
      0.011451907763204646,
      0.0,
      0.01320059978807178,
      0.0,
      0.0,
      0.0030002729203001195,
      0.0,
      0.010049139118768067,
      0.004518022092149056,
      0.004494605678353241,
      0.0,
      0.009026933810643817,
      0.0,
      0.0,
      0.007883996683470848,
      0.0,
      0.01192098244025468,
      0.0015184072191433853,
      0.0,
      0.0,
      0.0,
      0.0,
      0.0,
      0.0,
      0.0,
      0.00736665337214115,
      0.02314598958815985,
      0.0013562381885506578,
      0.0,
      0.0,
      0.010162912941193574,
      0.017210776320728583,
      0.0,
      0.0,
      0.0034453460638523654,
      0.011152044322397003,
      0.005086632482501738,
      0.013672855482092457,
      0.0038100512434895285,
      0.014209360556721642,
      0.013444280442359628,
      0.0016537938421988237,
      0.0037603718055235994,
      0.0,
      0.0,
      0.007266169074678904,
      0.0,
      0.0,
      0.0113772352833177,
      7.046398796025781e-05
    ],
    "low_data": false
  },
  "250000": {
    "median": 9.235752690835642e-05,
    "p90": 0.011529072055827948,
    "p10": 0.0,