{
  "100000": {
    "median": 0.0009894396795199394,
    "p90": 0.010555834454835876,
    "p10": 0.0,
    "sample": [
      0.0001081204014869414,
      0.00014780085225946722,
      0.0,
      0.0018743973004985925,
      0.0,
      0.0,
      0.0,
      0.001600678389234494,
      0.0018558996331499431,
      0.0,
      0.0,
      0.0,
      0.0,
      0.0018799297547712561,
      0.0,
      0.0015878540917462801,
      0.0,
      0.004403430381485637,
      0.009179080294559572,
      0.0,
      0.0,
      0.0,
      0.013316336285511167,
      0.003832801453531343,
      0.0020871667585810522,
      0.005299126810809194,
      0.0,
      0.0,
      0.00810582747691445,
      0.0,
      0.0,
      0.0031884893884555872,
      0.0019479319823171308,
      0.0,
      0.0,
      0.011678916119545028,
      0.0,
      0.0060674077608072335,
      0.024703826847732792,
      0.007390474359690273,
      0.0,
      0.0,
      0.0007219875189561668,
      0.0199809944207151,
      0.0,
      0.0105442564076831,
      0.0058287162339358866,
      0.007091900233717101,
      0.011122352455135797,
      0.003083271039633665,
      0.01731185404440822,
      0.002664160733432364,
      0.0,
      0.0,
      0.0,
      0.0,
      0.0036991298741688317,
      0.00504194589991602,
      0.0,
      0.010660277689997825,
      0.0,
      0.0046418173855813346,
      0.022866417959506048,
      0.006971984476037745,
      0.0020999431406417564,
      0.0,
      0.017262234675030644,
      0.0,
      0.003024849572203333,
      0.01033137367206501,
      0.023823523941850052,
      0.0026205316833001337,
      0.004043612974802381,
      0.011902713582479359,
      0.0,
      0.0,
      0.009402746657678844,
      0.008300360872005282,
      0.0,
      0.0,
      0.0,
      0.011293209915641842,
      0.0012398109358001937,
      0.0,
      0.0030039394559000262,
      0.0059611306902346665,
      0.0011483017901300835,
      0.0,
      0.0007423267549908221,
      0.0009656669788241836,
      0.0011535099323313688,
      0.0,
      0.0064691099569267755,
      0.002121540209836448,
      0.0015758131631330766,
      0.0,
      0.0,
      0.008934165295561701,
      0.0,
      0.0,
      0.001583516209394069,
      0.0,
      0.0,
      0.0,
      0.007592520204859496,
      0.0,
      0.004550951053143811,
      0.0,
      0.007264263654753241,
      0.0,
      0.009771343904934046,
      0.005112646197778428,
      0.0,
      0.0,
      0.0,
      0.0,
      0.005965689160840636,
      0.0,
      0.004494793746927779,
      0.0,
      0.0015233044410607663,
      0.0,
      0.0,
      0.0,
      0.0010132123802156954,
      0.0,
      0.012875602160218666,
      0.0,
      0.005582520558556014,
      0.0015545618253951189,
      0.0,
      0.008498815950525833,
      0.0,
      0.0,
      0.0,
      0.0,
      0.01570298583277201,
      0.0,
      0.0,
      0.023136072762660394,
      0.0,
      0.0,
      0.012873935144903785,
      0.0,
      0.007645011583268226,
      0.0,
      0.0,
      0.0004228850027908063,
      0.0012129403682040523,
      0.0,
      0.0019898068093900673,
      0.011914932329978095,
      0.0,
      0.00468909395763218,
      0.0,
      0.007153667191037021,
      0.0,
      0.00494173696696534,
      0.00412576933999775,
      0.002906880912996595,
      0.006062096738921877,
      0.0044132693660508615,
      0.0017061048048744236,
      0.0,
      0.0,
      0.010173846077778811,
      0.0,
      0.004823124762371801,
      0.0034159356528334086,
      0.0,
      0.0,
      0.002690228153602815,
      0.0,
      0.0,
      0.0,
      0.011831992947430202,
      0.003390382008566967,
      0.008747797022685447,
      0.01075544815646104,
      0.0,
      0.010660036879210862,
      0.003215939583729315,
      0.0,
      0.006571319279505594,
      0.0,
      0.009170800806348604,
      0.004199142081290345,
      0.005923440143962253,
      0.009251938263113445,
      0.0,
      0.002111187461382339,
      0.00836861525222325,
      0.0,
      0.006731106199947269,
      0.0,
      0.0,
      0.0,
      0.008385585847657116,
      0.0,
      0.0
    ],
    "low_data": false
  },
  "250000": {
    "median": 0.0011135441478223095,
    "p90": 0.010765934189721509,
    "p10": 0.0,