{
  "100000": {
    "median": 0.0,
    "p90": 0.011554842104626815,
    "p10": 0.0,
    "sample": [
      0.0001065354417640726,
      7.912397085220652e-05,
      0.0,
      0.0,
      0.0,
      0.024532747176372036,
      0.0,
      0.0,
      0.01691425230288377,
      0.0,
      0.000501234360244008,
      0.0,
      0.0,
      0.0,
      0.0,
      0.0,
      0.008951033810066122,
      0.00018180989788393897,
      0.0,
      0.0,
      0.0,
      0.0,
      0.0,
      0.0,
      0.0,
      0.014703523702231555,
      0.009457921091978525,
      0.0,
      0.0,
      0.004758820089385276,
      0.008319115756819283,
      0.004273502294542109,
      0.0,
      0.000396860976936482,
      0.0,
      0.005521307291018572,
      0.0027978425141341363,
      0.0,
      0.011129040741322057,
      0.0120538299166273,
      0.0036540473933556242,
      0.0023444610592463846,
      0.0,
      0.00491174381217482,
      0.01340096429989221,
      0.0,
      0.008764587835993388,
      0.0,
      0.0,
      0.0,
      0.0,
      0.0,
      0.0,
      0.004135718245380303,
      0.0,
      0.004182921917587403,
      0.0,
      0.018723217309673863,
      0.013027722093707768,
      0.012123747064398047,
      0.0,
      0.0,
      0.0003956500794132855,
      0.009629910644797146,
      0.0,
      0.011688431965602685,
      0.011098267578699769,
      0.0007883148936724223,
      0.0014698004798119296,
      0.0,
      0.011539998786740608,
      0.00019897964261290704,
      0.007066001765691469,
      0.0038237268199680977,
      0.0,
      0.0,
      0.0,
      0.003713164436121524,
      0.010060062234871216,
      0.0,
      0.0018586499954665024,
      0.0,
      0.0,
      0.009622528441162457,
      0.007597643483805615,
      0.0,
      0.0,
      0.0,
      0.0,
      0.010561290316064573,
      0.0,
      0.0,
      0.0011421899321808781,
      0.011897408139107099,
      0.009832790201031,
      0.003478728928942061,
      2.0607929357802007e-05,
      0.0,
      0.00706569062185471,
      0.021086025834918268,
      0.0,
      0.006521586884859801,
      0.0,
      0.00010898508734403873,
      0.002321579603368858,
      0.0,
      0.00909373535518914,
      0.019652055207713095,
      0.0,
      0.011336595786137924,
      0.018163998508949,
      0.0014908322563923473,
      0.0,
      0.0007612639341707422,
      0.0,
      0.0,
      0.0,
      0.0,
      0.0,
      0.01641800269680327,
      0.0005380814459554245,
      0.0,
      0.0,
      0.0005457950592324575,
      0.010204505651902345,
      0.01887903331442008,
      0.006672813332271556,
      0.010608462037938611,
      0.008049894008386757,
      0.0,
      0.007154802382597906,
      0.0,
      0.0,
      0.0,
      0.004558429902766476,
      0.0,
      0.0,
      0.010133994706705975,
      0.0,
      0.0,
      0.0,
      0.0,
      0.0,
      0.012174985771989272,
      0.0007629357183795123,
      0.0,
      0.0,
      0.0,
      0.0,
      0.0,
      0.0,
      0.0,
      0.002755024817838561,
      0.0,
      0.007360173298439419,
      0.0,
      0.010663091349011779,
      0.0,
      0.0007526252543210703,
      0.0,
      0.0005179717738935899,
      0.01248831948442681,
      0.0,
      0.0,
      0.0,
      0.0,
      0.004749019282635357,
      0.00959943106778407,
      0.0,
      0.0,
      0.0,
      0.0,
      0.007523429558260817,
      0.003589600746398875,
      0.0029410607806876726,
      0.006131497057545142,
      0.0,
      0.0,
      0.0,
      0.0,
      0.0,
      0.0140741634914801,
      0.0,
      0.0018786862557303523,
      0.0,
      0.0,
      0.009582988673482591,
      0.0,
      0.004811330366684538,
      0.0025529808175301944,
      0.0021577788398249647,
      0.014644263873863366,
      0.0032533696273843644,
      0.008346753166743277,
      0.018520039667851977,
      0.0009331291108722841,
      0.0,
      0.002192597362945067,
      0.011434307526522705,
      0.0
    ],
    "low_data": false
  },
  "250000": {
    "median": 1.8330438384785933e-05,
    "p90": 0.011813843442146952,
    "p10": 0.0,