{
  "100000": {
    "median": 0.0002560504934426226,
    "p90": 0.01144588738684997,
    "p10": 0.0,
    "sample": [
      0.0001098451013332426,
      9.569577410828755e-05,
      0.00016068871554370017,
      0.0056105004756983575,
      0.008264863966625811,
      0.006614498646236973,
      0.011129862487932888,
      0.008493673808435308,
      0.00024335092742372636,
      0.0029538473256661714,
      0.0,
      0.0,
      0.005207629857939662,
      0.0005247048219234681,
      0.0,
      0.0,
      0.0005938114840855546,
      0.0027009898367469525,
      0.0,
      0.016750414874380747,
      0.0,
      0.011091923358524212,
      0.0003116121256434312,
      0.004920401953831367,
      0.0,
      0.0,
      0.0,
      0.0105871754642271,
      0.0,
      0.007969863459104757,
      0.006936516865026525,
      0.0006475708288251053,
      0.004913835909451009,
      0.0,
      0.0,
      0.003146541249812386,
      0.0009831676757557477,
      0.0,
      0.0008204102960808465,
      0.007281245123241418,
      0.0,
      0.0023211289596398866,
      0.0008747430804066632,
      0.006354902819848283,
      3.3189780322770616e-05,
      0.004274234552656273,
      0.0005547099587975467,
      0.0,
      0.011234991477032873,
      0.0,
      0.006012445099194311,
      0.0,
      0.0,
      0.008078906408641626,
      0.0,
      0.008006595342222752,
      0.0,
      0.00877539135435193,
      0.0,
      0.001460015327747826,
      0.0,
      0.0,
      0.008760145151463611,
      0.0,
      0.0,
      0.008466252634811851,
      0.004428214596384601,
      0.005482210830652751,
      0.0,
      0.0,
      0.0,
      0.0002687500594615188,
      0.008793228532460656,
      0.011876157183500432,
      0.0,
      0.014011931292827112,
      0.004704700302572708,
      0.0,
      0.015075080880458417,
      0.009554929930827604,
      0.00559214774552954,
      0.0,
      0.0,
      0.0,
      0.0,
      0.0,
      0.0,
      0.0,
      0.0,
      0.0,
      0.0016880373649658794,
      0.0,
      0.0,
      0.01731591431412654,
      0.0,
      0.0,
      0.0,
      0.0020466415876538575,
      0.0,
      0.0,
      0.0,
      0.0,
      0.015561131151352412,
      0.0,
      0.0,
      0.0,
      0.017231347705905894,
      0.005285986822361873,
      0.0,
      0.0,
      0.0,
      0.005551661745887756,
      0.003914044244667524,
      0.012124794528304091,
      0.0,
      0.017480086358597116,
      0.00105168299736331,
      0.0,
      0.017145926865027996,
      0.010418901135960109,
      0.0,
      0.004597531033758989,
      0.002319286196495174,
      0.002666571972911049,
      0.0,
      0.0,
      0.0,
      0.0,
      0.014908885250503963,
      0.008330197245390735,
      0.0030544580788837003,
      0.0,
      0.0,
      0.0048416820281774004,
      0.02318530742411808,
      0.015452692675844492,
      0.012464414663260969,
      0.0,
      0.001354246704804194,
      0.0,
      0.0,
      0.011398079631666589,
      0.0,
      0.003647439923954104,
      0.0,
      0.013151835151508882,
      0.0,
      0.0,
      0.00927456012030817,
      0.006516861917114918,
      0.0015924757399397096,
      0.00016131163137067354,
      0.004758550489924676,
      0.004072672438098126,
      0.0,
      0.0077571108796122565,
      0.0,
      0.0,
      0.00450413864448097,
      0.0,
      0.0,
      0.006812356479542256,
      0.0,
      0.01944513092212342,
      0.0014236423690228864,
      0.0,
      0.00973296353316388,
      0.0,
      0.0,
      0.014994649663023624,
      0.0125894569669556,
      0.007313625204942547,
      0.0028897000335304244,
      0.0016062639801336764,
      0.0,
      0.0014488045904828043,
      0.0024254672105162804,
      0.0,
      0.015701115314953606,
      0.0,
      0.0,
      0.010399989193624986,
      0.0,
      0.0,
      0.0,
      0.0,
      0.0,
      0.0009557178323465045,
      0.0,
      0.014363240283697913,
      0.0059057420078401915,
      0.0,
      0.0,
      0.004321799791019106,
      0.0,
      0.0027528269138491985,
      0.0,
      0.0,
      0.01095264446331378,
      0.005877780699710621
    ],
    "low_data": false
  },
  "250000": {
    "median": 0.0003924459205946777,
    "p90": 0.011565899987359206,
    "p10": 0.0,