{
  "100000": {
    "median": 0.00022470058846301994,
    "p90": 0.011008318135955951,
    "p10": 0.0,
    "sample": [
      0.00018096334425934165,
      0.00010526432922547592,
      0.010561800407283906,
      0.0,
      0.0,
      0.0017734444158155863,
      0.0,
      0.0,
      0.0,
      0.0,
      0.0,
      0.0071374734236230655,
      0.0,
      0.0,
      0.0119647385356868,
      0.0,
      0.0,
      0.012280569505461884,
      0.0,
      0.0,
      0.0033998862084698286,
      0.0,
      0.0004064243927377776,
      0.0,
      0.003221396705002281,
      0.0,
      0.0,
      0.00118190966477404,
      0.004639491978040238,
      0.0,
      0.005903513444089426,
      0.015469236104070286,
      0.0,
      0.0,
      0.0,
      0.004054867577203922,
      0.004198414009114978,
      0.0037983822507677793,
      0.0007205658971888639,
      0.0007993859716479081,
      0.011325290518245979,
      0.0,
      0.0,
      0.0,
      0.0012519302383579899,
      0.0,
      0.0,
      0.0,
      0.007243253087630755,
      0.003048591415555657,
      0.0,
      0.0006623017317835097,
      0.014160331922901424,
      0.010932963496390202,
      0.0,
      0.008070588666233478,
      0.010515125129375415,
      0.0,
      0.0,
      0.01078061686213959,
      0.0,
      0.0,
      0.0,
      0.0003080100050941501,
      0.005970752029405743,
      0.008076406716496601,
      0.0,
      0.0033696119826598673,
      0.011949495206643354,
      0.0,
      0.006935613646797772,
      0.0071963405330858505,
      0.012707512054137893,
      0.018614229380086392,
      0.0,
      0.01519756088738868,
      0.0,
      0.0024257375332721854,
      0.0,
      0.007133993609469982,
      0.010676701900248957,
      0.0005439345632477572,
      0.01343246145834161,
      0.0036404220653563878,
      0.0,
      0.0,
      0.0051611060535317835,
      0.0,
      0.010993279470641234,
      0.0072120180720915625,
      0.0036356322336313245,
      0.0,
      0.01146979997139161,
      0.0,
      0.0027854225772969347,
      0.010535495910546842,
      0.0010351729796238328,
      0.00046414211858075233,
      0.007870921375345183,
      0.004354207139294902,
      0.0,
      0.005403897187999372,
      0.0,
      0.0,
      0.004950876842422847,
      0.00026843783266669824,
      0.0,
      0.0,
      0.016232245089082754,
      0.0,
      0.0,
      0.019386419489812203,
      0.007321621546018034,
      0.009239158963909658,
      0.0006304646150667793,
      0.0,
      0.00044589016282058227,
      0.0001782369082178926,
      0.0,
      0.0,
      0.0,
      0.002104049154666405,
      0.0,
      0.0,
      0.0,
      0.0,
      0.0,
      0.0,
      0.00028080079331826947,
      0.003361441706778002,
      0.004792074987262734,
      0.0,
      0.0,
      0.018928869947864496,
      0.0,
      0.0,
      0.0,
      0.005652863532033724,
      0.0008188626649182392,
      0.0,
      0.0,
      0.0,
      0.003207576531567287,
      0.0033627942480518127,
      0.0,
      0.0,
      0.005182505446191954,
      0.004732991997459807,
      0.0,
      0.002898821114531808,
      0.0,
      0.0,
      0.0,
      0.0017220975166011285,
      0.01617583717722132,
      0.0014294855537064029,
      0.0,
      0.01060810898648318,
      0.0,
      0.0,
      0.0,
      0.011143666123788408,
      0.0,
      0.0,
      0.0,
      0.01150116398149386,
      0.0,
      0.02732215868938335,
      0.0,
      0.0,
      0.017108972416622188,
      0.0038686168773440282,
      0.010063463393806125,
      0.00236660335811825,
      0.0007947328908942614,
      0.006206667955464472,
      0.0,
      0.0,
      0.0008276852817710672,
      0.0,
      0.0008092145836274885,
      0.0,
      0.00394495377337144,
      0.0050089674208836045,
      0.0018231556649087848,
      0.0,
      0.006801891110615601,
      0.012640851660404384,
      0.0,
      0.007089652595815956,
      0.002312773057139037,
      0.001761438101335592,
      0.004955233825068628,
      2.846210966348722e-05,
      0.0,
      0.0,
      0.007752646771927323,
      0.0,
      0.0,
      0.0
    ],
    "low_data": false
  },
  "250000": {
    "median": 0.0004256156184621467,
    "p90": 0.011262432946348199,
    "p10": 0.0,