{
  "100000": {
    "median": 0.0,
    "p90": 0.009774686502156606,
    "p10": 0.0,
    "sample": [
      9.122665703250418e-05,
      0.0001645570643454323,
      0.0,
      0.009443097529034524,
      0.0,
      0.0259113705086153,
      0.0,
      0.0,
      0.00830693111479832,
      0.0013075882020997286,
      0.0,
      0.0,
      0.004172378459732894,
      0.0,
      0.0099268010703045,
      0.0,
      0.0,
      0.002874257613035055,
      0.005621836633494001,
      0.0,
      0.011992001070373811,
      0.00844416957632655,
      0.003152809769516896,
      0.007174258231746656,
      0.0,
      0.0024888692557148077,
      0.0,
      0.0,
      0.006391264163556833,
      0.0,
      0.0,
      0.005364706921913895,
      0.008342684234065152,
      0.01023182610433274,
      0.005872248176280248,
      0.0021417556331763407,
      0.0,
      0.0,
      0.0112753087028002,
      0.006651897038885882,
      0.0,
      0.0051692653038467136,
      0.0,
      0.005329512778841153,
      0.0,
      0.0,
      0.0,
      0.000696249130821665,
      0.0,
      0.0,
      0.0,
      0.006321700827149915,
      0.014327594497589961,
      0.0,
      0.0002905140839896069,
      0.0,
      0.0027565303654068845,
      0.0,
      0.001180005113759007,
      0.0034707665020592667,
      0.0,
      0.0,
      0.0,
      0.0,
      0.010113097108920848,
      0.0,
      0.0,
      0.012742635797640586,
      0.0,
      0.008255629355054339,
      0.011317916858350933,
      0.0,
      0.004996543253498443,
      0.0,
      0.0,
      0.0,
      0.0,
      0.0,
      0.009859174728285364,
      0.006878827748882326,
      0.0,
      0.0,
      0.0,
      0.0,
      0.0,
      0.0012288955910036523,
      0.0,
      0.0,
      0.0,
      0.0,
      0.0,
      0.0,
      0.0,
      0.0,
      0.0,
      0.005853912079838077,
      0.0,
      0.0009571609312409615,
      0.011135999685433062,
      0.0,
      0.005718297588034003,
      0.003639986699056714,
      0.0,
      0.005311605151925134,
      0.0,
      0.0,
      0.0030792517858937124,
      0.0,
      0.0,
      0.0,
      0.0,
      0.005025146209706296,
      0.003967332317650316,
      0.003205169929033394,
      0.0,
      0.00831495267143291,
      0.005358325135067214,
      0.009300826165051929,
      0.0059152462984585165,
      0.0,
      0.0,
      0.011903529743055917,
      0.0,
      0.016991365037812872,
      0.0,
      0.0,
      0.0,
      0.0,
      0.0,
      0.0,
      0.009765298921475632,
      0.0,
      0.016587778107211855,
      0.0,
      0.008709283250345343,
      0.0,
      0.003781105818674872,
      0.0,
      0.0,
      0.009731246517566062,
      0.0003576327443817359,
      0.004982715596692316,
      0.0,
      0.0008841607921356435,
      0.0,
      0.0,
      0.010842842391159464,
      0.0,
      0.0,
      0.0,
      0.00873351975756004,
      0.0005539691350882744,
      0.006054535961561237,
      0.0,
      0.0,
      0.0,
      0.004458965813092365,
      0.0,
      0.0,
      0.0,
      0.00899697037231789,
      0.01117971612578334,
      0.0,
      0.004446122844904306,
      0.007003690959427312,
      0.0019241479560897375,
      0.0,
      0.0,
      0.006707795907438245,
      0.00034521731234496536,
      0.0,
      0.0020478484222633013,
      0.01646635370489881,
      0.0023463524567456312,
      0.00807540914762744,
      0.004076656472193417,
      0.006441783271057919,
      0.0,
      0.0,
      0.0,
      0.0,
      0.0,
      0.0,
      0.008060875519035539,
      0.0034809086800878294,
      0.013336175869320477,
      0.0,
      0.0,
      0.0,
      0.0009025720108221148,
      0.0064362386628479765,
      0.011767909858312083,
      0.0,
      0.022819031399787873,
      0.0,
      0.0,
      0.0021890484797867297,
      0.0017156325221734927,
      0.0,
      0.0
    ],
    "low_data": false
  },
  "250000": {
    "median": 0.0,
    "p90": 0.009888678452511146,
    "p10": 0.0,
    "sample": [
      0.0002080979339271801,
      0.0003753725743913351,
      0.0,
      0.00957226379002743,
      0.0,
      0.026067666997093328,
      0.0,
      0.0,
      0.008439499111396843,
      0.0014266986594029998,
      0.0,
      0.0,
      0.004326592769715768,
      0.0,
      0.010058735109693557,
      0.0,
      0.0,
      0.003027156082299817,
      0.00582004181631807,
      0.0,
      0.012260536020168114,
      0.008722349529348151,
      0.0032673312911930793,
      0.00744356815912018,
      0.0,
      0.0026462030963858695,
      0.0,
      0.0,
      0.006624284768505549,
      0.0,
      0.0,
      0.005505084714889184,
      0.008474511477780746,
      0.010353756238654347,
      0.0060264803700470415,
      0.002388595230554728,
      0.0,
      0.0,
      0.011459631842470355,
      0.006782184639750599,
      0.0,
      0.0053993374178963405,
      0.0,
      0.005476883189013613,
      0.0,
      0.0,
      0.0,
      0.0008012370889292775,
      0.0,
      0.0,
      0.0,
      0.006560425347948658,
      0.014506005899932513,
      0.0,
      0.00043082075335013504,
      0.0,
      0.002973884518967094,
      0.0,
      0.0013054081609553602,
      0.0035700650568358163,
      0.0,
      0.0,
      0.0,
      0.0,
      0.010266382340036585,
      0.0,
      0.0,
      0.012842326909416456,
      0.0,
      0.008363183491229671,
      0.01142016255200459,
      0.0,
      0.005100016161657152,
      0.0,
      0.0,
      0.0,
      0.0,
      0.0,
      0.010013708091669264,
      0.006972948138044907,
      0.0,
      0.0,
      0.0,
      0.0,
      0.0,
      0.0013532990857798564,
      0.0,
      0.0,
      0.0,
      0.0,
      0.0,
      0.0,
      0.0,
      0.0,
      0.0,
      0.006034414926496549,
      0.0,
      0.0010937216721343369,
      0.011260516362758358,
      0.0,
      0.005846413291602711,
      0.0037328876768521805,
      0.0,
      0.00545397761722893,
      0.0,
      0.0,
      0.0031548942426890972,
      0.0,
      0.0,
      0.0,
      0.0,
      0.005100491214882011,
      0.0040877845376683635,
      0.0033586994521906926,
      0.0,
      0.008437126701699984,
      0.005490447324570366,
      0.009433744014948483,
      0.005997212909547845,
      0.0,
      0.0,
      0.012056007801195307,
      0.0,
      0.017153652266573987,
      0.0,
      0.0,
      0.0,
      0.0,
      0.0,
      0.0,
      0.009874786270382468,
      0.0,
      0.016765967993444965,
      0.0,
      0.008788938297213842,
      0.0,
      0.003853142207001129,
      0.0,
      0.0,
      0.009835751124969965,
      0.0005100539436217369,
      0.005054755906317729,
      0.0,
      0.0010255049974782038,
      0.0,
      0.0,
      0.010934276251704983,
      0.0,
      0.0,
      0.0,
      0.008867709759018334,
      0.0006723832374542747,
      0.006146760711221207,
      0.0,
      0.0,
      0.0,
      0.004638368017187935,
      0.0,
      0.0,
      0.0,
      0.009080898685102878,
      0.011286848503944671,
      0.0,
      0.004583207921491049,
      0.007106075105614805,
      0.002027830454044138,
      0.0,
      0.0,
      0.006842163658541743,
      0.0004697180523222422,
      0.0,
      0.00213930358085518,
      0.016560037322401747,
      0.0024958939769209373,
      0.008253340365013403,
      0.004173902364450372,
      0.00653611630086988,
      0.0,
      0.0,
      0.0,
      0.0,
      0.0,
      0.0,
      0.00814762610897133,
      0.003553515491437975,
      0.013484527946003985,
      0.0,
      0.0,
      0.0,
      0.0009920947678744092,
      0.0065836070785486546,
      0.01187123956183027,
      0.0,
      0.022955046913322934,
      0.0,
      0.0,
      0.0023031750747871745,
      0.0019078493154982387,
      0.0,
      0.0
    ],
    "low_data": false
  },
  "500000": {
    "median": 0.0,
    "p90": 0.01006446480089755,
    "p10": 0.0,