{
  "100000": {
    "median": 0.0006659784241214929,
    "p90": 0.011200551063140341,
    "p10": 0.0,
    "sample": [
      9.675892395321393e-05,
      8.880642566919033e-05,
      0.005740586712469826,
      0.0,
      0.012667011910540898,
      0.0,
      0.0,
      0.0015398294662482982,
      0.0052960073507089265,
      0.0,
      0.0,
      0.0,
      0.010131018795774244,
      0.014914282044236433,
      0.0,
      0.0,
      0.004723408879292191,
      0.0,
      0.0,
      0.00044705250295564797,
      0.009137999609414395,
      0.001771769960764472,
      0.0,
      0.002697547256753567,
      0.0025511186214893854,
      0.014863811650402535,
      0.013433702973242905,
      0.00020881127340937605,
      0.0033718809231978258,
      0.004570863014001704,
      0.007514609328020126,
      0.016868547293472962,
      0.011925325075187548,
      0.0022767332467072124,
      0.01775593302294011,
      0.0,
      0.006823197240932103,
      0.0,
      0.0009480540374523238,
      0.0,
      0.0040950058120402776,
      0.0,
      0.026807405547347393,
      0.00514162506125836,
      0.01591852520272294,
      0.0,
      0.0028091917848615403,
      0.0022363299445055302,
      0.01677632274888173,
      0.0075173275113492154,
      0.010353973103304425,
      0.0,
      0.003273851952408466,
      0.0030129688805229306,
      0.010026870915722384,
      0.0,
      0.0049563605289505465,
      0.0,
      0.0,
      0.001249474057532566,
      0.008509923961831267,
      0.0007251310016534396,
      0.0,
      0.0,
      0.015709192505710415,
      0.0005685697493205842,
      0.0,
      0.008623343049184173,
      0.00856704656190975,
      0.0,
      0.003953325372732942,
      0.0,
      0.0,
      0.0,
      0.003301382601972514,
      0.0,
      0.0,
      0.014047556590665313,
      0.00641991076221776,
      0.0,
      0.0,
      0.0,
      0.010980554478579664,
      0.0013509408705823195,
      0.0,
      0.007430878460675855,
      0.0,
      0.013945378542755904,
      0.0002696190836883565,
      0.0068873048758146165,
      0.004555602405969614,
      0.006649777639877177,
      0.0027502413173426284,
      0.006239773447012794,
      0.0,
      0.0,
      0.008879192224405004,
      0.0010224562541025532,
      0.0,
      0.005347774952229024,
      0.004028966859820562,
      0.0,
      0.01068162472079117,
      0.0,
      0.006774942522049719,
      0.0006068258465895464,
      0.0,
      0.0,
      0.00015693188618745577,
      0.003534040687915082,
      0.007072774515988591,
      0.013017649253674605,
      0.013014076589787385,
      0.01115444027500239,
      0.0,
      0.004599742244728929,
      0.0,
      0.0060203881151500846,
      0.008862229116626773,
      0.007198474940325655,
      0.0,
      0.0,
      0.003836645398183772,
      0.0,
      0.000885216387336354,
      0.0005779742585611552,
      0.0,
      0.005938567447849282,
      0.03406121927722379,
      0.0,
      0.02514019545257451,
      0.0,
      0.0,
      0.005126373589133213,
      0.0037680450141434536,
      0.0,
      0.01771880931633513,
      0.0,
      0.006407167947113957,
      0.0029307612051740857,
      0.0,
      0.0,
      0.0,
      0.0,
      0.0,
      0.009291982725750578,
      0.0,
      0.0,
      0.0034743417815652385,
      0.0,
      0.0,
      0.0,
      0.0,
      0.0,
      0.0,
      0.0,
      0.0,
      0.0037135432266683435,
      0.009388224417804191,
      0.009584943867564573,
      0.0,
      0.0,
      0.0,
      0.002075959404638703,
      0.0,
      0.0,
      0.0,
      0.0,
      0.011615548156381935,
      0.0,
      0.0,
      0.002942182311595787,
      0.017780567951034776,
      0.008082919377289109,
      0.0,
      0.0,
      0.007006547100774826,
      0.0,
      0.0,
      0.0012792399782084374,
      0.0,
      0.0,
      0.009406376328892773,
      0.007476919841630532,
      0.006318108133022623,
      0.0036489748625317493,
      0.0,
      0.0003073295189395935,
      0.0060536214904863125,
      0.0,
      0.0,
      0.0,
      0.004727885585048005,
      0.0030294247480359155,
      0.004263128415561141,
      0.0,
      0.0064295355501936,
      0.0,
      0.0,
      0.0
    ],
    "low_data": false
  },
  "250000": {
    "median": 0.0008713501930092867,
    "p90": 0.011363394250787369,
    "p10": 0.0,