{
  "100000": {
    "median": 0.0,
    "p90": 0.01060841464334702,
    "p10": 0.0,
    "sample": [
      9.531782016928906e-05,
      0.00013348401321584705,
      1.8760117519373427e-05,
      0.0,
      0.0035671622753060735,
      0.0,
      0.0,
      0.0,
      0.0,
      0.0,
      0.0,
      0.02401150373953905,
      0.01649668921982915,
      0.0,
      0.027198271464779492,
      0.0,
      0.0,
      0.019156804984359375,
      0.0,
      0.0029673294090020418,
      0.019872044360513458,
      0.008677529203618119,
      0.0005889551421482844,
      0.010381508017506,
      0.0,
      0.007475609923303672,
      0.0,
      0.013866191177366103,
      0.006252923783967999,
      0.0,
      0.010590568699031236,
      0.0042552021718975114,
      0.0,
      0.017319924234978894,
      0.0027684234212499536,
      0.0,
      0.0,
      0.0,
      0.02133280443482616,
      0.0,
      0.005812318098165949,
      0.0012256492279484228,
      0.015476413014171415,
      0.008533086997963579,
      0.020310485583372517,
      0.0,
      0.0,
      0.0,
      0.010777371709944495,
      0.0,
      0.0,
      0.0,
      0.0,
      0.013943999319906673,
      0.0016296366270996925,
      0.0,
      0.0,
      0.007515779309550226,
      0.0,
      0.0,
      0.0,
      0.006011853470070663,
      0.006566760291230938,
      0.0,
      0.0,
      0.001239057429758617,
      0.01076902814218908,
      0.003954599923638775,
      0.0,
      0.0,
      0.0008693912788707683,
      0.0,
      0.0,
      0.0,
      0.0,
      0.0,
      0.0,
      0.0,
      0.0,
      0.0026214431971383393,
      0.002868558558602263,
      0.0008316967047054505,
      0.0,
      0.00903428435041417,
      0.0,
      0.0,
      0.003946544995786602,
      0.0,
      0.0018144486712035948,
      0.0,
      0.009514650573002803,
      0.0069622303957428,
      0.0008959463280856132,
      0.0003794601267123581,
      0.005202245085017451,
      0.0,
      0.0072532534956847245,
      0.0022681934554624104,
      0.0,
      0.0,
      0.0,
      0.0023865680458555224,
      0.004207374148815001,
      0.0,
      0.0,
      0.0,
      0.0,
      0.0,
      0.009113672936179073,
      0.0,
      0.0,
      0.004529644294628611,
      0.0,
      0.006748761711758132,
      0.011352867672648015,
      0.0,
      0.007757497963618504,
      0.0,
      0.0,
      0.0,
      0.0,
      0.0,
      0.015345489805235991,
      0.009447124165399936,
      0.0,
      0.0,
      0.0,
      0.0018783824236640345,
      0.0,
      0.016061278723458958,
      0.0,
      0.0,
      0.0026644214745475373,
      0.019433071172397665,
      0.003678393031662278,
      0.002119081881307091,
      0.002964214799593004,
      0.009194997200989088,
      0.008642516492114382,
      0.0,
      0.0013802939386401982,
      0.0,
      0.00034049381646589455,
      0.0,
      0.0028480836333798897,
      0.0,
      0.001995814328335218,
      0.0004126674783592496,
      0.0,
      6.098135427133078e-05,
      0.008423411108740486,
      0.0,
      0.0,
      0.0,
      0.009008038363471929,
      0.002447478405939451,
      0.0,
      0.0,
      0.010133900929394972,
      0.017482789987789977,
      0.0,
      0.007498406600125267,
      0.005240662079372843,
      0.0,
      0.0,
      0.007740546369375678,
      0.0,
      0.012569537737234623,
      0.004275397314756156,
      0.0,
      0.0,
      0.0,
      0.0,
      0.005164711876007197,
      0.0,
      0.0,
      0.01670556072918017,
      0.0,
      0.0,
      0.006899824122426485,
      0.0,
      0.0,
      0.0006795623529368712,
      0.0025114952750910336,
      0.0038311436220110897,
      0.0,
      0.0,
      0.0,
      0.0,
      0.004622915935243658,
      0.003040871885618485,
      0.005177347701654735,
      0.0,
      0.0,
      0.002121185363761776,
      0.009651164738266238,
      0.0,
      0.006310782922299707,
      0.0,
      0.00862359968884452
    ],
    "low_data": false
  },
  "250000": {
    "median": 0.0,
    "p90": 0.010787207309911001,
    "p10": 0.0,
    "sample": [
      0.0002174303223300636,
      0.0003044915627307151,
      0.0002846198324389622,
      0.0,
      0.0037594483611911663,
      0.0,
      0.0,
      0.0,
      0.0,
      0.0,
      0.0,
      0.02411611157418596,
      0.016622030729999567,
      0.0,
      0.027405113450617333,
      0.0,
      0.0,
      0.019392631109012775,
      0.0,
      0.0032415937507263006,
      0.020145263345854987,
      0.0087871180499789,
      0.0007642125392943999,
      0.010498004605052026,
      0.0,
      0.007682514760775665,
      0.0,
      0.014088433210895214,
      0.006461022407762578,
      0.0,
      0.010762626480802085,
      0.004363218940498853,
      0.0,
      0.01752865378732973,
      0.002881479117614747,
      0.0,
      0.0,
      0.0,
      0.02145466950061052,
      0.0,
      0.005914638421576465,
      0.001340339475526734,
      0.015631406540495642,
      0.00868313433255593,
      0.02051908565714877,
      0.0,
      0.0,
      0.0,
      0.011008434771891267,
      0.0,
      0.0,
      0.0,
      0.0,
      0.014068351796423876,
      0.0017559128787699623,
      0.0,
      0.0,
      0.007653343258797021,
      0.0,
      0.0,
      0.0,
      0.006143361858739665,
      0.006665083035669245,
      0.0,
      0.0,
      0.0013882612903950002,
      0.011011039952365959,
      0.00417826511914385,
      0.0,
      0.0,
      0.0010903796739080798,
      0.0,
      0.0,
      0.0,
      0.0,
      0.0,
      0.0,
      0.0,
      0.0,
      0.002816933249613551,
      0.0029666007500421293,
      0.0010314377900819344,
      0.0,
      0.009149875842616995,
      0.0,
      0.0,
      0.004149028377724325,
      0.0,
      0.0019186646646368265,
      0.0,
      0.009609919059204884,
      0.007103524963009842,
      0.0010080936383945328,
      0.0004893615715674069,
      0.005359431237169532,
      0.0,
      0.007412817999928094,
      0.002377494478291835,
      0.0,
      0.0,
      0.0,
      0.0025078764773311195,
      0.004342384780285717,
      0.0,
      0.0,
      0.0,
      0.0,
      0.0,
      0.00924181607900949,
      0.0,
      0.0,
      0.00467631988438133,
      0.0,
      0.0068732073360540605,
      0.011542968069863291,
      0.0,
      0.007868850237045205,
      0.0,
      0.0,
      0.0,
      0.0,
      0.0,
      0.015456083206766497,
      0.009668027006076139,
      0.0,
      0.0,
      0.0,
      0.002005512998759649,
      0.0,
      0.01616749900763668,
      0.0,
      0.0,
      0.0028237229993673357,
      0.01953368292271331,
      0.003825191130637525,
      0.0022356956062697807,
      0.0030861336485497213,
      0.009306574065390564,
      0.008761695467036394,
      0.0,
      0.001487832099421574,
      0.0,
      0.000505169802497904,
      0.0,
      0.0030629470487889892,
      2.9814698671715964e-05,
      0.002110334864138379,
      0.0006294031164674563,
      0.0,
      0.00019716829150160308,
      0.008617144761430853,
      0.0,
      0.0,
      0.0,
      0.009145044343511462,
      0.0026777240755536617,
      0.0,
      0.0,
      0.010285924716735896,
      0.017704816412620197,
      0.0,
      0.0076311412130585605,
      0.0054121790932482846,
      0.0,
      0.0,
      0.007945406860509352,
      0.0,
      0.012716985284830786,
      0.004418402290504527,
      0.0,
      0.0,
      0.0,
      0.0,
      0.00533743396288261,
      0.0,
      0.0,
      0.01682135053214487,
      0.0,
      0.0,
      0.007091868753528068,
      7.245580756208952e-05,
      0.0,
      0.0008214487975386118,
      0.0026173980737705317,
      0.003933997895678775,
      0.0,
      0.0,
      0.0,
      0.0,
      0.004741051158554823,
      0.0031990041353352817,
      0.0052796850584753575,
      0.0,
      0.0,
      0.002314559875932941,
      0.009742407458457069,
      0.0,
      0.0064429549220760465,
      0.0,
      0.008720116198869615
    ],
    "low_data": false
  },