{
  "100000": {
    "median": 0.00017670065721280638,
    "p90": 0.012829380595088067,
    "p10": 0.0,
    "sample": [
      0.00015422464965710725,
      0.00010603049106671049,
      0.00045074145625801526,
      0.0006769185346890782,
      0.0011213169725619798,
      0.0,
      0.0,
      0.0023397380043751114,
      0.0,
      0.0,
      0.0,
      0.0,
      0.0,
      0.0,
      0.005897293653365788,
      0.00637077880752595,
      0.005703935602418434,
      0.0,
      0.009594520061011599,
      0.0,
      0.0,
      0.0,
      0.002085129015369737,
      0.012602042847831492,
      0.0,
      0.0,
      0.0,
      0.0,
      0.010560564995737298,
      0.0016838087785054105,
      0.0,
      0.0,
      0.0,
      0.006719969550799059,
      0.0,
      0.016943344391785322,
      0.005518258829458821,
      0.0,
      0.0,
      0.0,
      0.0030167828645624476,
      0.0,
      0.005311021934056607,
      0.0,
      0.0,
      0.0040210659380892555,
      0.015173926815187196,
      0.011688119223210846,
      0.002265370800257425,
      0.0,
      0.0003933876720419457,
      0.0,
      0.006122898207286911,
      0.0,
      0.00389253880305427,
      0.0,
      0.0004804848986229781,
      0.002455801957475451,
      0.0,
      0.007072088572459933,
      0.010906040687333625,
      0.0,
      0.010558792875609183,
      0.0025565289017981424,
      0.008053448593240767,
      0.006436893644726245,
      0.012859426095785428,
      0.02008198274330428,
      0.0,
      0.014116405489341876,
      0.0007720251605246167,
      0.021666351061464636,
      0.009247525616390284,
      0.006316477839402164,
      0.01588436663955733,
      0.0,
      0.012784377818547011,
      0.0,
      0.0,
      0.0,
      0.007876371724513373,
      0.0,
      0.00015799809255755086,
      0.0,
      0.0030303809534961423,
      0.004329960671160293,
      0.007285296370844183,
      0.020178421727042817,
      0.0024320241171596198,
      0.0,
      0.0,
      0.007788460012376498,
      0.015823217968045516,
      0.0,
      0.0,
      0.006770278132108534,
      0.0,
      0.0014832779564476926,
      0.0,
      0.0,
      0.007744756976327224,
      0.0,
      0.0,
      0.0,
      0.0,
      0.012474248701855841,
      0.0,
      0.0,
      0.000283206150803499,
      0.0,
      0.019029711279552036,
      0.0047578917852601965,
      0.0,
      0.0,
      0.017017575699767237,
      0.02492408970516403,
      0.0007822129612458943,
      0.0002155786734135318,
      0.024042917761843537,
      0.0,
      0.008669694634882189,
      0.0,
      0.0,
      0.0,
      0.002674554451741228,
      0.0,
      0.005301662161723682,
      0.002577705535341527,
      0.017124596491819983,
      0.0,
      0.0,
      0.0,
      0.008150106905432138,
      0.0,
      0.0,
      0.0036967335080067888,
      0.004278124262096897,
      0.0,
      0.015875807965907696,
      0.009040844699064098,
      0.00314310005154008,
      0.023734726765803654,
      0.013974613646565624,
      0.0013073149125070976,
      0.0,
      0.0,
      0.0,
      0.006062548210908849,
      0.008130794851918947,
      0.0,
      0.0058029071282087565,
      0.003950921046288899,
      0.0,
      0.0,
      0.0015021754950243656,
      0.00019540322186806187,
      0.0009575859905262518,
      0.004807031548149608,
      0.004775949715540383,
      0.005568766823284078,
      0.0034546488904704784,
      0.0,
      0.012826042206121694,
      0.0,
      0.0,
      0.003295757850581974,
      0.013186320835112111,
      0.0,
      0.013708276553026345,
      0.0,
      0.0,
      0.0,
      0.019785294742732547,
      0.0,
      0.0002734532399564168,
      0.0,
      0.0067322496954483465,
      0.0,
      0.0,
      0.0,
      0.0,
      0.0,
      0.0,
      0.0,
      0.0,
      0.0,
      0.0,
      0.0,
      0.0,
      0.004179786494023103,
      0.0,
      0.0024704055617672436,
      0.0,
      0.0,
      0.007128517552447076,
      0.008815292255604611,
      0.011049670465959857,
      0.005013211701183566,
      0.0,
      0.008186056015533624
    ],
    "low_data": false
  },
  "250000": {
    "median": 0.0003503214637727061,
    "p90": 0.013040296740456083,
    "p10": 0.0,