{
  "100000": {
    "median": 0.000700185248614563,
    "p90": 0.01242624552012072,
    "p10": 0.0,
    "sample": [
      0.00013831172303543834,
      8.689608076336105e-05,
      0.023749686827670105,
      0.0,
      0.0,
      0.0067940226403587125,
      0.0,
      0.01823922162198524,
      0.0,
      0.0034833087314921074,
      0.0019300768959785394,
      0.0026838640631306004,
      0.001140427935857343,
      0.00674599222927739,
      0.007511048213715787,
      0.006366577350854385,
      0.009348960816443532,
      0.005106683336028659,
      0.007869364150416626,
      0.0,
      0.0,
      0.011621720678964286,
      0.0007282401847381624,
      0.0,
      0.0,
      0.0,
      0.002364096840193376,
      0.0,
      0.0,
      0.00990035070767599,
      0.0,
      0.0,
      0.004835406709922706,
      0.0,
      0.0038079883048181963,
      0.010016866719043156,
      0.009034599397927615,
      0.0,
      0.013432329959783754,
      0.0,
      0.0,
      0.012393418872283476,
      0.0,
      0.003793673481968178,
      0.0010691368321428146,
      0.0037846697603280623,
      0.01584291990814059,
      0.004046144272263401,
      0.0,
      0.0,
      0.01002955589095993,
      0.008504285246088072,
      0.008160226817933248,
      0.006601401458801072,
      0.0,
      0.009046183298961277,
      0.0077830879772047366,
      0.006651058008473502,
      0.003792006404248244,
      0.007816459991850896,
      0.0,
      0.005069236205022731,
      0.0094341023277396,
      0.0,
      0.0,
      0.017622302111286823,
      0.008055203889909763,
      0.0,
      0.002968271202563408,
      0.0,
      0.0,
      0.010939985569397981,
      0.0,
      0.0,
      0.0,
      0.0,
      0.013690189585849928,
      0.005855562664247136,
      0.000594485498641117,
      0.014753948751019449,
      0.002087911999449182,
      0.01996458381961287,
      0.00405546908401959,
      0.0,
      0.007615168270443479,
      0.0,
      0.0,
      0.017320148103911408,
      0.0022046569550898086,
      0.002911129325455676,
      0.009729089556050188,
      0.004254503486765643,
      0.01613540079463223,
      0.0,
      0.0,
      0.0031862065352465606,
      0.0,
      0.008928414745325186,
      0.0007545748477964022,
      0.004173641200977174,
      0.0,
      0.0,
      0.0,
      0.0,
      0.0,
      0.015571631976297778,
      0.009499789596204273,
      0.0,
      0.0,
      0.0,
      0.0017013507503926997,
      0.0,
      0.0,
      0.004263322147567595,
      0.017460283939658677,
      0.0,
      0.0,
      0.0,
      0.01694276031929922,
      0.013650808346814572,
      0.003982866491030599,
      0.012045259826075575,
      0.00044745410675159017,
      0.0,
      0.0,
      0.0,
      0.0,
      0.0,
      0.003858832114935297,
      0.014431265306943192,
      0.0,
      0.0,
      0.021909547170464155,
      0.01064529471796415,
      0.013888269780375648,
      0.0,
      0.0,
      0.0,
      0.0,
      0.005877562189934855,
      0.0,
      0.012259382735529786,
      0.0,
      0.0,
      0.0,
      0.0,
      0.014638867336351745,
      0.0,
      0.009321480000319687,
      0.019943516603385895,
      0.0,
      0.0,
      0.01272168535065593,
      0.0,
      0.004680348084685398,
      0.010458626859992302,
      0.0,
      0.0,
      0.010040501606341614,
      0.0,
      0.0017464001311789,
      0.003106282652081474,
      0.0,
      0.008085645232386347,
      0.0,
      0.004321699928068438,
      0.005098969028194549,
      0.0,
      0.0,
      0.0,
      0.0,
      0.011870411610298915,
      0.0,
      0.0,
      0.007738500134242155,
      0.0,
      0.008776862040779161,
      0.006391677210382332,
      0.0025194233601207295,
      0.0,
      0.0006014244323465918,
      0.0,
      0.0,
      0.003654918805396072,
      0.009872845715577729,
      0.0003664123289387279,
      0.008353240598402877,
      0.0,
      0.007953377803868235,
      0.0006721303124909636,
      0.0,
      0.0016495165729254028,
      0.0,
      0.0,
      0.0,
      0.006329099079527866,
      0.0,
      0.0,
      0.006003144012311584,
      0.0
    ],
    "low_data": false
  },
  "250000": {
    "median": 0.0008203500835261609,
    "p90": 0.01259900593424953,
    "p10": 0.0,