{
  "100000": {
    "median": 0.0006365171369210761,
    "p90": 0.010652875376342397,
    "p10": 0.0,
    "sample": [
      0.00011834224471324207,
      0.00015954434145729296,
      0.0,
      0.0020139760976033714,
      0.0,
      0.0,
      0.000665256672734979,
      0.0,
      0.006316777237915235,
      0.0,
      0.0,
      0.0,
      0.0,
      0.007039469390632403,
      0.0,
      0.005451044318330629,
      0.0020393705591662662,
      0.0,
      0.0,
      0.00015110667641466769,
      0.0,
      0.0,
      0.0,
      0.0,
      0.019677904830874785,
      0.0,
      0.008108926771293847,
      0.009908550310131537,
      0.005758258973520853,
      0.0,
      0.003864360688048633,
      0.0015357359222883892,
      0.0,
      0.0,
      0.0,
      0.006170728003859805,
      0.0,
      0.011938089683770556,
      0.0007698587585172213,
      0.0003456897133132362,
      0.0011896944745045488,
      0.0,
      0.0,
      0.006469332423715789,
      0.004934164348591467,
      0.02034831607679154,
      0.0027004897938041235,
      0.006742153673557729,
      0.022050194078708535,
      0.0,
      0.007218321894335375,
      0.003176645115128179,
      0.004264379507218476,
      0.0,
      0.009453532076228953,
      0.00558403500648791,
      0.0,
      0.0,
      0.0,
      0.0032143007563996424,
      0.007862636964110664,
      0.0023979010331991067,
      0.0026219788757899454,
      0.0,
      0.0,
      0.0024800373863804134,
      0.0,
      0.0067693113316471525,
      0.0,
      0.0011454373914864273,
      0.0,
      0.0,
      0.0,
      0.0,
      0.0,
      0.0,
      0.0027083970024973387,
      0.007947821331102214,
      0.010269966967278847,
      0.0034987597043032886,
      0.0,
      0.00019450502487398496,
      0.0,
      0.0007380331541793814,
      0.0,
      0.013734653976102226,
      0.0,
      0.0,
      0.0,
      0.015974128208053117,
      0.0006578282514728507,
      0.0,
      0.0,
      0.0,
      0.008962814189498297,
      0.023762471407353037,
      0.0,
      0.0,
      0.006028384442122573,
      0.009698010476231195,
      0.0,
      0.010179331135676784,
      0.011055673146664512,
      0.0018662355299948355,
      0.0,
      0.004304901875034996,
      0.012369186823590273,
      0.008277481889743126,
      0.0,
      0.007605028925158201,
      0.0022211918777870396,
      0.00169451265040252,
      0.01335687182938818,
      0.0,
      0.007918685422394055,
      0.0,
      0.0,
      0.0,
      0.014244482696835323,
      0.002322311430867015,
      0.009499597780794497,
      0.0,
      0.005823504502104631,
      0.0,
      0.004460328129537881,
      0.0018984068662546761,
      0.0,
      0.0059479838772195206,
      0.0,
      0.015939462397503414,
      0.0019411586235356245,
      0.0035276229209664136,
      0.003366817091285011,
      0.0,
      0.02198813831465901,
      0.00383610973843886,
      4.3525050525958865e-05,
      0.008078618340334628,
      0.0014209209610438502,
      0.009291733485553188,
      0.009987003584502562,
      0.0,
      0.009820360179336489,
      0.0,
      0.0004462778335403843,
      0.014853950180364362,
      0.0,
      0.003348863020710158,
      0.0,
      0.010296340673647908,
      0.0,
      0.0,
      0.0018143263451265458,
      0.0,
      0.004770918836713842,
      0.0,
      0.0,
      0.0,
      0.0035013316066109,
      0.0,
      0.000296797205966844,
      0.0,
      0.0,
      0.00038307501085922604,
      0.0,
      0.0,
      0.0,
      0.004373796603673124,
      0.0,
      0.0,
      0.0,
      0.0,
      0.00906019469341068,
      0.009822665845148256,
      0.0026251876017326743,
      0.0,
      0.0,
      0.011689113998910046,
      0.008928996252385265,
      0.011082715177104904,
      0.005394637378692743,
      0.004306072164406957,
      0.002673725091865824,
      0.0037816325715483647,
      0.016376414498948562,
      0.0,
      0.0,
      0.010608120068528832,
      0.0006152060223693014,
      0.0,
      0.0024342679279031267,
      0.013839045828203467,
      0.0,
      0.0,
      0.0,
      0.01652736138968946,
      0.00019607137533376483,
      0.01492803754326875,
      0.002184388562062073,
      0.0008527091141124999
    ],
    "low_data": false
  },
  "250000": {
    "median": 0.0007743810535303149,
    "p90": 0.010745774414230694,
    "p10": 0.0,