{
  "100000": {
    "median": 0.0018367987387133476,
    "p90": 0.010731536908224242,
    "p10": 0.0,
    "sample": [
      0.00011828116988692032,
      8.22918120666079e-05,
      0.0067731449893205144,
      0.015382410079633342,
      0.0,
      0.008221146503645737,
      0.0,
      0.0,
      0.0,
      0.0,
      0.005634011281625131,
      0.005232470618309884,
      0.0,
      0.0022509314286598913,
      0.005957404592565072,
      0.0,
      0.014939358697070082,
      0.004477177964618373,
      0.007021973685271676,
      0.0,
      0.0,
      0.0,
      0.005709852968803283,
      0.0,
      0.008479273658276387,
      0.005823590726367186,
      0.002126148344052082,
      0.006527647812473166,
      0.006044780495231918,
      0.007701250438836988,
      0.0,
      0.0,
      0.008769815164411755,
      0.0032002480104172206,
      0.0,
      0.0069563246511630894,
      0.0039625807249518965,
      0.0,
      0.0,
      0.010416406602559007,
      0.007052024214265068,
      0.0,
      0.0030731570391915987,
      0.0,
      0.005627283249255534,
      0.0,
      0.007990836164161599,
      0.009454416330321857,
      0.008864997786780507,
      0.006568660512781291,
      0.007165178266760846,
      0.002945088066946321,
      0.00022916238643154604,
      0.0,
      0.0,
      0.0,
      0.0,
      0.0,
      0.006535213688981148,
      0.011621973556239671,
      0.011053555668237111,
      0.0,
      0.0,
      0.010646970418351146,
      0.006683183431144133,
      0.008671993132769062,
      0.003349942354181971,
      0.0,
      0.004512965312834579,
      0.0,
      0.008226861446578868,
      0.01764468075846276,
      0.0,
      0.002527228314860907,
      0.0,
      0.005171878192957753,
      0.0,
      0.0,
      0.005629674900087254,
      0.001067758736066648,
      0.003911099510935609,
      0.0037894102293487965,
      0.0,
      7.942064370678126e-06,
      0.011131141409735834,
      0.0,
      0.005981185850054068,
      0.0,
      0.003736267410731993,
      0.010099659656883987,
      0.0014566724904646077,
      0.009876664803277164,
      0.010830452368479357,
      0.00876187664095547,
      0.0,
      0.0,
      0.0016699368144328652,
      0.003282292613945219,
      0.003192342093404547,
      0.0,
      0.0,
      0.0,
      0.0,
      0.0,
      0.0,
      0.0,
      0.0006057173294828358,
      0.0,
      0.0051738933447411295,
      0.004816530643081059,
      0.00801009616542965,
      0.00768842808906284,
      0.004731755586173593,
      0.0001785995742624147,
      0.0,
      0.0024772401353141326,
      0.0018250820632196164,
      0.0025853884858664895,
      0.0,
      0.0,
      0.0,
      0.0,
      0.0,
      0.0027600038335508247,
      0.0,
      0.0011069141123304356,
      0.002172337941297129,
      0.0067843652181248,
      0.010813432237309191,
      0.0,
      0.0,
      0.0,
      0.004641806049905152,
      0.0,
      0.0012792231328389923,
      0.0018485154142070788,
      0.0,
      0.0,
      0.0,
      0.00040340699201717536,
      0.016392514524303934,
      0.0,
      0.01420842794676049,
      0.011334835290632912,
      0.0005674519531124627,
      0.003565610340542691,
      0.01100142849617028,
      0.0010293227889995663,
      0.0,
      0.0,
      0.004112284545780471,
      0.009163999676157155,
      0.005621628604034671,
      0.0015259960731131034,
      0.0,
      0.0,
      0.002692298649231241,
      0.0,
      0.002545150212888314,
      0.0006814854258304887,
      0.00964225434570248,
      0.0,
      0.0066265062622959114,
      0.010722437427214803,
      0.004894317732548878,
      0.0,
      0.012902788427953097,
      0.006101558724039153,
      0.0,
      0.0,
      0.012202306783019062,
      0.021109355933131384,
      0.0,
      0.0,
      0.007408424365169915,
      0.01842228347931643,
      0.0,
      0.008277233600833078,
      0.01791031808846444,
      0.01801526938026055,
      0.0023344405863636587,
      0.012910588026948642,
      0.021538696618671485,
      0.0016545180045378536,
      0.009132357992117923,
      0.0,
      0.0,
      0.0,
      0.005157955096716973,
      0.0006520521867233056,
      0.0,
      0.009694033173003313,
      0.0,
      0.008581449440466318,
      0.0003704051718333282,
      0.0,
      0.008546327573624064,
      0.0017472016746443802,
      0.0,
      0.005590452779894197
    ],
    "low_data": false
  },
  "250000": {
    "median": 0.001967237146666397,
    "p90": 0.010896429736114233,
    "p10": 0.0,