{
  "100000": {
    "median": 0.0,
    "p90": 0.00821368383086899,
    "p10": 0.0,
    "sample": [
      0.00013762776507042078,
      9.214864936709011e-05,
      0.002341966784317823,
      0.011849046466828998,
      0.0,
      0.0025356518384527433,
      0.0,
      0.0,
      0.0,
      0.0014999657055743325,
      0.013655304182289697,
      0.0,
      0.0,
      0.0008142262882200404,
      0.006843742246324171,
      0.0,
      0.0,
      0.0,
      0.0,
      0.0,
      0.011829102543142924,
      0.0,
      0.0,
      0.014196110649269207,
      0.0041918990110706555,
      0.0,
      0.0,
      0.0,
      0.0,
      0.0,
      0.0,
      0.0,
      0.0,
      0.004778877675532959,
      0.0,
      0.0,
      0.0007918998521482948,
      0.0,
      0.0,
      0.0,
      0.001883541167920859,
      0.0,
      0.0,
      0.0046107429211486,
      0.007485847186743062,
      0.0,
      0.0,
      0.0,
      0.0,
      0.0,
      0.0,
      0.0015758034564832557,
      0.0,
      0.0011927662504122318,
      0.0,
      0.0,
      0.0,
      0.0,
      0.012862838583134015,
      0.0,
      0.0,
      0.0,
      0.011362642705135968,
      0.0,
      0.005447047420515533,
      0.0032508956195457803,
      0.0036239653056069753,
      0.0,
      0.0006820912792950768,
      0.0,
      0.0,
      0.0022774611920685878,
      0.00015941701123084698,
      0.0034801010094102345,
      0.0034410393444584087,
      0.012679043772148693,
      0.0,
      0.0,
      0.0015577763896630144,
      0.0,
      0.0008648132430223573,
      0.015817853544411738,
      0.0,
      0.0,
      0.004642036669300608,
      0.0006562872564058713,
      0.0,
      0.0,
      0.0003577834160937524,
      0.007895880823977157,
      0.0,
      0.0,
      0.0,
      0.0,
      0.008200116738147415,
      0.0,
      0.0,
      0.0022434999184020614,
      0.0,
      0.0,
      0.004451934591482277,
      0.0,
      0.0,
      0.0,
      0.014217791814974984,
      0.0,
      0.0,
      0.004045201497259672,
      0.005437093686925898,
      0.0007053878564193711,
      0.007010824305586434,
      0.0065312684237760895,
      0.0,
      0.0,
      0.0,
      0.009735620836169964,
      0.007067104128017227,
      0.0,
      0.004500284613246174,
      0.002198356108451166,
      0.005569407825611418,
      0.0,
      0.010645909663967338,
      0.0,
      0.0,
      0.008335787665363168,
      0.007676221135972023,
      0.0,
      0.0,
      0.0,
      0.0,
      0.0010605134821331861,
      0.0019002427368875587,
      0.005137535568379008,
      0.010416842298791173,
      0.012886869796211774,
      0.00709276458075281,
      0.0,
      0.0,
      0.012998587810154142,
      0.004060822121240622,
      0.0,
      0.0,
      0.0,
      0.0012373166532678467,
      0.0,
      0.0,
      0.0,
      0.007145045252871403,
      0.0,
      0.0,
      0.0,
      0.0,
      0.0033379576134085712,
      0.0,
      0.01968457384073257,
      0.009881462270437976,
      0.002911845205104211,
      0.012714096180825233,
      0.00996840733620756,
      0.0,
      0.004310312898907094,
      0.0,
      0.0,
      0.0025994511523545327,
      0.0,
      0.003923683625917633,
      0.0032626232179388663,
      0.007655731262319068,
      0.00012469970782456787,
      0.0,
      0.007289941500215897,
      0.0,
      0.0,
      0.003178311957325498,
      0.0,
      0.0,
      0.0,
      0.0,
      0.0,
      0.0,
      0.0,
      0.009706775404523825,
      0.0009306643398352455,
      0.0,
      0.0,
      0.005092973218186806,
      0.0,
      0.0,
      0.0,
      0.0,
      0.0,
      0.0,
      0.0,
      0.0,
      0.0,
      0.00533858990912707,
      0.0,
      0.0014235746811787785,
      0.0
    ],
    "low_data": false
  },
  "250000": {
    "median": 0.0,
    "p90": 0.008408056975759266,
    "p10": 0.0,
    "sample": [
      0.000313943911722704,
      0.0002102010987932967,
      0.0024716843879046962,
      0.01202309607072494,
      0.0,
      0.002672758913948366,
      0.0,
      0.0,
      0.0,
      0.0016106378883432595,
      0.013783480957528946,
      0.0,
      0.0,
      0.000926950330111892,
      0.006951247364000637,
      0.0,
      0.0,
      0.0,
      0.0,
      0.0,
      0.011956572197865003,
      0.0,
      0.0,
      0.014350406531545347,
      0.00430877716434569,
      0.0,
      0.0,
      0.0,
      0.0,
      0.0,
      0.0,
      0.0,
      0.0,
      0.004922987215203627,
      0.0,
      0.0,
      0.0009360684967743985,
      0.0001386265062585855,
      0.0,
      0.0,
      0.002105655501979541,
      0.0,
      0.0,
      0.0048007893119160275,
      0.007649250521626926,
      0.0,
      0.0,
      0.0,
      0.0,
      0.0,
      0.0,
      0.0016958348527004326,
      0.0,
      0.0014395070270252892,
      0.0,
      0.0,
      0.0,
      0.0,
      0.012972525405512168,
      0.0,
      0.0,
      0.0,
      0.011497791307406064,
      2.7322787745442072e-05,
      0.005571857024678726,
      0.0033892108690235026,
      0.0038006303445691043,
      0.0,
      0.0007964820748966605,
      0.0,
      0.0,
      0.0024114154740012385,
      0.0003278829291171689,
      0.0037463079946324167,
      0.0036018167365070635,
      0.012930320524082096,
      0.0,
      0.0,
      0.001819548076331058,
      0.0,
      0.0010071764609195755,
      0.015932415378825,
      0.0,
      0.0,
      0.00475237278419511,
      0.000915070903388918,
      0.0,
      0.0,
      0.000533330642536462,
      0.008029622063197838,
      0.0,
      0.0,
      0.0,
      0.0,
      0.00839696518461359,
      0.0,
      0.0,
      0.0023705155330442573,
      0.0,
      0.0,
      0.004664645125265142,
      0.0,
      0.0,
      0.0,
      0.014448356897762946,
      0.0,
      0.0,
      0.00418306836550808,
      0.00570188241883103,
      0.0010015698099751964,
      0.0071495465843759935,
      0.0066816299305094435,
      0.0,
      0.0,
      0.0,
      0.009945512374666631,
      0.0073496583200518455,
      0.0,
      0.0047935910729397955,
      0.0023544817696951946,
      0.005894758837671104,
      0.0,
      0.01085880860738698,
      0.0,
      0.0,
      0.00850788309607035,
      0.007862666871314474,
      0.0,
      0.0,
      0.0,
      0.0,
      0.0014303427179488764,
      0.0022180671207457994,
      0.005381030664751284,
      0.010660253834623712,
      0.013119614190694465,
      0.007273212809906148,
      0.0,
      0.0,
      0.01329572687331218,
      0.004299466914621436,
      0.0,
      0.0,
      0.0,
      0.0013903250777969893,
      0.0,
      0.0,
      0.0,
      0.007312551834179001,
      0.0,
      0.0,
      0.0,
      0.0,
      0.0035727120368951697,
      0.0,
      0.01985499556078385,
      0.010042357901452508,
      0.0032689039865339167,
      0.01303570899602708,
      0.01015580705869557,
      0.0,
      0.0045133593041658355,
      0.0,
      0.0,
      0.0027882542909942413,
      0.0,
      0.00410197493808385,
      0.003445247049962159,
      0.007819899160933654,
      0.0005005005860575465,
      0.0,
      0.007522829935029862,
      0.0,
      0.0,
      0.003374165634978773,
      0.0,
      0.0,
      0.0,
      0.0,
      0.0,
      0.0,
      0.0,
      0.0099288077320232,
      0.0010957484173623336,
      0.0,
      0.0,
      0.005275882585368856,
      0.0,
      0.0,
      0.0,
      0.0,
      0.0,
      0.0,
      0.0,
      0.0,
      0.0,
      0.005493968307853406,
      5.76542414786193e-06,
      0.0017299846747783091,
      0.0
    ],
    "low_data": false
  },
  "500000": {
    "median": 0.0,
    "p90": 0.008707798714174758,
    "p10": 0.0,