{
  "100000": {
    "median": 0.0005594380337056077,
    "p90": 0.011429400896938125,
    "p10": 0.0,
    "sample": [
      8.103789944372144e-05,
      0.00012160418529370556,
      0.005682393369239083,
      0.0016037558983932746,
      0.012199905391964274,
      0.006803014411227987,
      0.0,
      0.0,
      0.0,
      0.008728321475879963,
      0.0,
      0.0025589426785840017,
      0.0,
      0.0,
      0.0031840266020548374,
      0.0,
      0.0,
      0.0,
      0.0,
      0.0,
      0.0009099992906102515,
      0.005441720676508846,
      0.01923559008890857,
      0.0,
      0.009956305890482518,
      0.008540978563555035,
      0.016297728402226715,
      0.0,
      0.0,
      0.019153323614762865,
      0.0,
      0.011413745613035644,
      0.006542449379311038,
      0.002897369304234478,
      0.0,
      0.0,
      0.0016146889128935112,
      0.0172298690981394,
      0.0018783442557597954,
      0.010554001628209254,
      0.004326529898044461,
      0.003513745755054723,
      0.00378348686454423,
      0.0050468069286082,
      0.00889937165064087,
      0.0,
      0.005212147649376921,
      0.0,
      0.0019281242388161735,
      0.00021520850935483011,
      0.0011610729943457086,
      0.0,
      0.007913276550852137,
      0.012708720381891053,
      0.002455887786375912,
      0.0,
      0.0,
      0.0,
      0.0,
      0.0033522018246152706,
      0.00522394719443234,
      0.0047318365268055555,
      0.016958958779161683,
      0.0015763847076711941,
      0.0,
      0.0,
      0.0,
      0.0,
      0.0,
      0.0038777861584939535,
      0.0,
      0.0,
      0.007583376869054421,
      0.010060883007914107,
      0.00588502487349795,
      0.01137556402412262,
      0.0048096727582641365,
      0.027399701325033797,
      0.0,
      0.0,
      0.0,
      0.011983613323208766,
      0.0,
      0.0026542935204204466,
      0.0,
      0.0,
      0.011041066965996419,
      0.0035184331617583524,
      0.0007635016346238157,
      0.000977714931337211,
      0.0,
      0.0,
      0.004336160730528937,
      0.004453053146903741,
      0.0,
      0.0,
      0.0,
      0.00013586547148986342,
      0.0,
      0.00481387207126208,
      0.0,
      0.0,
      0.0,
      0.016584613401648834,
      0.007790722046070814,
      0.0,
      0.0008827767780187983,
      0.0,
      0.016160030123227535,
      0.017060625454068504,
      0.003940752011607941,
      0.0019176712926751648,
      0.0,
      0.0,
      0.02117467016503278,
      0.0,
      0.002440425999073368,
      0.009096359740636195,
      0.0028900964428576243,
      0.0,
      0.0,
      0.0,
      0.0,
      0.003782227025799405,
      0.003788834620911106,
      0.0,
      0.0,
      0.0,
      0.009652993224552072,
      0.0,
      0.007996839692024797,
      0.00010062359903500911,
      0.0,
      0.002783334493599728,
      0.0,
      0.0,
      0.01487424941136342,
      0.0,
      0.008504596903515339,
      0.006884504423452292,
      0.003475814854100307,
      0.01059110798438844,
      0.0,
      0.005089598176259989,
      0.002158725881123773,
      0.0,
      0.0,
      0.012885208433593202,
      0.0,
      0.0,
      0.006989851695193372,
      0.0010225264724925815,
      0.01608655465651434,
      0.0,
      0.0,
      0.002991961106001009,
      0.0,
      0.0,
      0.0,
      0.00958505497974667,
      0.001733701752159222,
      0.0,
      0.012523196534777964,
      0.0,
      0.0,
      0.0,
      0.0,
      0.0,
      0.0,
      0.0,
      0.0,
      0.0,
      0.006972705492789841,
      0.0,
      0.011570298452060465,
      0.021997883831347494,
      0.010268484039795701,
      0.0,
      0.0,
      0.0,
      0.0,
      0.004268176632169339,
      0.006388987922664843,
      0.001169415018758541,
      0.018186628650641613,
      0.001477447163372168,
      0.00726857107286542,
      0.009685483851017343,
      0.0,
      0.0,
      0.0,
      0.0003553744327873997,
      0.005556187922554182,
      0.0,
      0.0,
      0.00339102102406728,
      7.143474200402384e-05,
      0.00977321045752356,
      0.0012774920043685583,
      0.002588840639808733
    ],
    "low_data": false
  },
  "250000": {
    "median": 0.0006819860568357906,
    "p90": 0.011574504481612846,
    "p10": 0.0,