{
  "100000": {
    "median": 0.0007975001213258444,
    "p90": 0.013535635532690061,
    "p10": 0.0,
    "sample": [
      0.00016237097588035613,
      0.0001579377658767904,
      0.0,
      0.002481147279952076,
      0.0,
      0.0,
      0.009060139747728716,
      0.004208124647420658,
      0.0,
      0.0,
      0.011999123776657876,
      0.00101206098052799,
      0.0,
      0.0,
      0.0,
      0.0025724237740035833,
      0.013242265682573856,
      0.0020308948482778803,
      0.0,
      0.0,
      0.0,
      0.009992635982198317,
      0.004890537760409527,
      0.0032582687569749883,
      0.0058398312814196985,
      0.004114751734855656,
      0.0,
      0.0,
      0.0,
      0.002176265744460748,
      0.014750502164504384,
      0.0,
      0.0,
      0.012300934755760488,
      0.0,
      0.0,
      0.004938233057205595,
      0.008129762133171941,
      0.005359211806631464,
      0.013129877837463565,
      0.0,
      0.0,
      0.01699486867948348,
      0.004539431852897742,
      0.00019945140264350202,
      0.0,
      0.0026621123506567522,
      0.006263756358184836,
      0.0087489509476481,
      0.000743225425215641,
      0.0037484441461217693,
      0.0,
      0.01376583075743214,
      0.017172927199506943,
      0.009602711830764577,
      0.016587214383882325,
      0.0,
      0.007564608842941636,
      0.0,
      0.004553514237954295,
      0.0,
      0.009732936001629786,
      0.0009958975336531162,
      0.002961258939750423,
      0.0,
      0.021311867939717892,
      0.014471309777270989,
      0.011926779585071894,
      0.0,
      0.008308227809443585,
      0.004506906553157448,
      0.0,
      0.00011658420187394122,
      0.0,
      0.014774550659561939,
      0.0,
      0.00579046137964035,
      0.004165936598127302,
      0.007833636509107964,
      0.0,
      0.016508976222250935,
      0.0,
      0.0095171136942961,
      0.0,
      0.01745361662799,
      0.00725075739668344,
      0.00628684178622573,
      0.0,
      0.0,
      0.0,
      0.002503144161994036,
      0.003976151453644595,
      0.0,
      0.0,
      0.0026111092905404458,
      0.0,
      0.0,
      0.0,
      0.016274700607769192,
      0.002126908295193604,
      0.0,
      0.0,
      0.0,
      0.0,
      0.010641229421675582,
      0.0,
      0.0010550097950251269,
      0.0,
      0.0,
      0.014534712478580047,
      0.0,
      0.0,
      0.0,
      0.0076563433223733315,
      0.0009445706496163123,
      0.0,
      0.0020158857944017066,
      0.0008327175151271929,
      0.00722410646511214,
      0.0,
      0.0,
      0.0031642589007224373,
      0.002405923867656813,
      0.00316292646650045,
      0.0,
      0.0,
      0.0007986388035675883,
      0.0,
      0.005927116346318064,
      0.017275263121540544,
      0.0,
      0.013911971385796971,
      0.003214433889667378,
      0.009366632599243573,
      0.0,
      0.0007963614390841004,
      0.007677065531283825,
      0.0,
      0.0,
      0.0,
      0.0068290461525656295,
      0.0,
      0.0,
      0.0,
      0.0,
      0.015177886801084473,
      0.0,
      0.001202175569254938,
      0.004965540458939832,
      0.0,
      0.0,
      0.0049878948071296935,
      0.0,
      0.005490438668422989,
      0.0,
      0.0,
      0.0050744267132821095,
      0.0,
      0.0,
      0.010205506390681001,
      0.0,
      0.0015523640808180366,
      0.008031283574829122,
      0.01516442519573829,
      0.012579990887280968,
      0.0,
      0.012328895697034388,
      0.0,
      0.0,
      0.011973843968618789,
      0.013510058285496498,
      0.009123100789768602,
      0.020706002589285823,
      0.0,
      0.0,
      0.006295069872656296,
      0.014049685197571637,
      0.0,
      0.017502067998549014,
      0.0,
      0.0,
      0.0,
      0.0007487904794242335,
      0.0013114586007290541,
      0.002621764302864081,
      0.0,
      0.004947215475214081,
      0.0,
      0.0,
      0.0,
      0.003937600442792897,
      0.0,
      0.0,
      0.00012318928068693211,
      0.007852503587655482,
      0.0,
      0.0016734386974743007,
      0.0,
      0.014746228075691295,
      0.009993833749696384
    ],
    "low_data": false
  },
  "250000": {
    "median": 0.0010101361692240957,
    "p90": 0.013843313810541949,
    "p10": 0.0,