{
  "100000": {
    "median": 0.0,
    "p90": 0.008625800790861534,
    "p10": 0.0,
    "sample": [
      0.00011982504156653567,
      0.00011917331477747486,
      0.0,
      0.01293481285372827,
      0.0,
      0.005585953044016879,
      0.0,
      0.0,
      0.008002758522195412,
      0.020238617118080924,
      0.0,
      0.01696847360021294,
      0.0035536851084843066,
      0.0,
      0.0,
      0.0,
      0.0,
      0.0,
      0.00795925178588258,
      0.0,
      0.0035970889869527526,
      0.0034763880814202967,
      0.0,
      0.0005830784357462868,
      0.0,
      0.0,
      0.0,
      0.0,
      0.0,
      0.0011001709288664789,
      0.0,
      0.0,
      0.0,
      0.006348525313506013,
      0.0,
      0.0,
      0.0,
      0.0,
      0.004402992359577742,
      0.009706988077363117,
      0.0,
      0.0,
      0.0,
      0.0,
      0.0012717458045729566,
      0.003798451444970155,
      0.0,
      0.0028414857759045033,
      0.0003304995931623411,
      0.0,
      0.0,
      0.0,
      0.0,
      0.011865257588757725,
      0.0,
      0.0,
      0.0025562443905880992,
      0.004714390443742376,
      0.0,
      0.0,
      0.0,
      0.0,
      0.0,
      0.009741844748408144,
      0.0016813307389269094,
      0.0037886390659150637,
      0.0,
      0.008488358297718854,
      0.0,
      0.0,
      0.0,
      0.0,
      0.015411731113514723,
      0.0,
      0.0046346226916651025,
      0.0,
      0.004163308208509648,
      0.0,
      0.003796448944696976,
      0.0,
      0.0,
      0.0,
      0.0037826788956707323,
      0.0,
      0.0,
      0.0,
      0.0,
      0.00017283956309760125,
      0.0021878885532691248,
      0.005935215229667582,
      0.0,
      0.0019433556431100584,
      0.0,
      0.0,
      0.0,
      0.0,
      0.0,
      0.0018468675649020241,
      0.0,
      0.008598550838744029,
      0.0,
      0.0,
      0.0,
      0.0,
      0.0,
      0.006046574706628895,
      0.01154855894482899,
      0.0,
      0.002386815645308499,
      0.0,
      0.00581538623735493,
      0.0,
      0.0,
      0.004862081113607139,
      0.0,
      0.001034330421790674,
      0.00550083882172046,
      0.006190526512581076,
      0.01182025176327939,
      0.0,
      0.0,
      0.0,
      0.0,
      0.015345805361622349,
      0.011243837335324044,
      0.0035103553516753895,
      0.0054773508032374294,
      0.0,
      0.0,
      0.0,
      0.0019163894294647976,
      0.01033215429417957,
      0.0030493210864297416,
      0.0,
      0.012752174886215897,
      0.0,
      0.012533832668564508,
      0.0,
      0.00519822213746417,
      0.0,
      0.0017281127832705862,
      0.0,
      0.0009067057688496348,
      0.014750442863519021,
      0.0,
      0.0038017051663177723,
      0.008581884784030595,
      0.0009535728144303506,
      0.0,
      0.0,
      0.0,
      0.0012826386413730803,
      0.002603532594595933,
      0.0035479998644466606,
      0.0,
      0.0,
      0.0,
      0.0038930881260229727,
      0.0,
      0.0004390642387997651,
      0.0,
      0.0,
      0.0,
      0.0,
      0.008871050359919095,
      0.0,
      0.00469044152909591,
      0.013381584195315276,
      0.0012518141864271163,
      0.0,
      0.0064364804555976885,
      0.0007940091085242639,
      0.013469488810788771,
      0.005049394924420873,
      0.0018767666700117253,
      0.005712472981107266,
      0.0058409326263519894,
      0.0,
      0.0,
      0.0,
      0.008153591526024686,
      0.0,
      0.0,
      0.0032722029960092973,
      0.0,
      0.005436944750363407,
      0.0,
      0.016151905797848688,
      0.0,
      0.0,
      0.0063091697682613685,
      0.004365634112567071,
      0.0,
      0.0,
      0.0,
      0.011914853679305875,
      0.004542513963176522,
      0.00032351311211779876,
      0.006277279439080073,
      0.0
    ],
    "low_data": false
  },
  "250000": {
    "median": 0.0,
    "p90": 0.008803595516973557,
    "p10": 0.0,
    "sample": [
      0.00027333396173719325,
      0.00027184730199649685,
      0.00018504940357334,
      0.013202685409047513,
      0.0,
      0.005827165166649061,
      0.0001646387956244336,
      0.0,
      0.008219186117928838,
      0.02034379640478482,
      0.0,
      0.017095019491312154,
      0.0037301791201509935,
      0.0,
      0.0,
      0.0,
      0.0,
      0.0,
      0.00807169312476389,
      0.0,
      0.0037302196960892976,
      0.0035814116005721897,
      0.0,
      0.0007767265432006777,
      0.0,
      0.0,
      0.0,
      0.0,
      0.0,
      0.0013577309172436648,
      0.0,
      0.0,
      0.0,
      0.006448561534787453,
      5.52355443411744e-05,
      0.0,
      0.0,
      0.0,
      0.00454411626209942,
      0.009845401864962012,
      0.0,
      0.0,
      0.0,
      0.0,
      0.0013715054594156753,
      0.0040281387689556246,
      0.0,
      0.0029411803623136884,
      0.00044604433212010284,
      0.0,
      0.0,
      0.0,
      0.0,
      0.012046109358716374,
      0.0,
      0.0,
      0.002668492238761992,
      0.004862609511624841,
      0.0,
      0.0,
      0.0,
      0.0,
      0.0,
      0.009855521714397124,
      0.0017968475223129774,
      0.003916392273365194,
      0.0,
      0.00860928018357021,
      0.0,
      0.0,
      0.0,
      0.0,
      0.015524645155707605,
      0.0,
      0.004745155266755356,
      0.0,
      0.004318704226011103,
      0.0,
      0.003940900029067552,
      0.0,
      0.0,
      0.0,
      0.003887110581458842,
      0.0,
      0.0,
      0.0,
      0.0,
      0.0002806159251411009,
      0.002292349570406795,
      0.006070306906687886,
      0.0,
      0.002081887228389639,
      0.0,
      0.0,
      0.0,
      0.0,
      0.0,
      0.002065219807156735,
      0.0,
      0.008719228230923848,
      0.0,
      0.0,
      0.0,
      0.0,
      0.0,
      0.0062006352550118705,
      0.011650213495411519,
      0.0,
      0.002472676154529035,
      0.0,
      0.005969169658148761,
      0.0,
      0.0,
      0.004999979640314014,
      0.0,
      0.0011532811096631188,
      0.00560199321590013,
      0.006308429905291042,
      0.011983609428607203,
      0.0,
      0.0,
      0.0,
      0.0,
      0.015477629194108212,
      0.01141554778137033,
      0.0036334542998132146,
      0.00561104972721689,
      0.0,
      0.0,
      0.0,
      0.0020592403003054215,
      0.010421660566569738,
      0.0031502454216601923,
      0.0,
      0.012856052612142708,
      0.0,
      0.012770429532347138,
      0.0,
      0.005356290766156759,
      0.0,
      0.001847324139230839,
      0.0,
      0.0010472322807984584,
      0.014875639354225628,
      0.0,
      0.004005960542590546,
      0.008777148508453294,
      0.0010631536730773875,
      0.0,
      0.0,
      0.0,
      0.0014223980689696517,
      0.002735433021450678,
      0.003770903858063218,
      0.0,
      0.0,
      0.0,
      0.004085915173864167,
      0.0,
      0.0006209484096552672,
      0.0,
      0.0,
      0.0,
      0.0,
      0.009041618593655933,
      0.0,
      0.004977549450178629,
      0.013594043308284407,
      0.0015484405965734706,
      0.0,
      0.006740815620706271,
      0.0009599708388314282,
      0.013611937932653195,
      0.0053496748607792695,
      0.0020172020022208403,
      0.005862183977774832,
      0.006131310451813392,
      0.0,
      0.0,
      0.0,
      0.008421191647423143,
      0.0,
      0.0,
      0.0034347459801908273,
      0.0,
      0.005712294157249873,
      0.0,
      0.01631400828435664,
      0.0,
      0.0,
      0.006453989326611774,
      0.004499137574192987,
      0.0,
      0.0,
      0.0,
      0.012071830532685181,
      0.004753972183317029,
      0.0005417779478632601,
      0.006528135730608159,
      0.0
    ],
    "low_data": false
  },
  "500000": {
    "median": 0.0,
    "p90": 0.009100902335308182,
    "p10": 0.0,