{
  "100000": {
    "median": 0.00023505794978158806,
    "p90": 0.012855898998751338,
    "p10": 0.0,
    "sample": [
      0.00010480030823296292,
      0.000184972454687887,
      0.009440405498037142,
      0.0,
      0.0,
      0.011976498630833575,
      0.01246266921738029,
      0.0,
      0.022299835758150064,
      0.004372967745592674,
      0.0,
      0.014876665756576835,
      0.019099537983966693,
      0.0,
      0.0,
      0.004297259960434696,
      0.0016710492725736882,
      0.0,
      0.0,
      0.0,
      0.0,
      0.0,
      0.008191025331665845,
      0.012981478514027775,
      0.003919487697916016,
      0.0,
      0.0,
      0.0007195961943445074,
      0.0020094658989903047,
      0.011229516009999501,
      0.0,
      0.00266306160092986,
      0.0,
      0.009718943326219379,
      0.005948929332457691,
      0.0042093482115817754,
      0.0,
      0.0,
      0.0,
      0.0027712025664491124,
      0.0006018217022838248,
      0.0,
      0.019660365134276343,
      0.007211086244668551,
      0.005668189216875283,
      0.01178334858553958,
      0.0,
      0.0,
      0.0,
      0.0,
      0.017590792531791025,
      0.0173674367546067,
      0.0,
      0.02458452020875218,
      0.01762879209114146,
      0.003830666841055998,
      0.001957277215889888,
      0.003629247855923836,
      0.009358965588226789,
      0.0,
      0.003434709769602464,
      0.0,
      0.0,
      0.0,
      0.0,
      0.003328159760965229,
      0.0,
      0.0,
      0.013410501396274175,
      0.0,
      0.007116856361884809,
      0.0,
      0.0,
      0.0034442873232028016,
      0.0,
      0.0003409896776298806,
      0.005131666716219493,
      0.0,
      0.004030422791953841,
      0.007011267372796889,
      0.0,
      0.0,
      0.005781199020015433,
      0.005433034961908308,
      0.0010402146683365482,
      0.0,
      0.0026188942636490996,
      0.0,
      0.01217812434228683,
      0.006687821816258109,
      0.0,
      0.0,
      0.004453029432286139,
      0.00634819027056983,
      0.0,
      0.0,
      0.0,
      0.00047313376184194363,
      0.009076033717484498,
      0.0,
      0.0,
      0.0,
      0.0007712455003099034,
      0.0009052472338456409,
      0.004524252461643718,
      0.0,
      0.01626349503960853,
      0.0,
      0.008440680124381825,
      0.0,
      0.011257519398122674,
      0.0,
      0.0,
      0.0,
      0.023068649890585817,
      0.02073011045470005,
      0.0,
      0.010964003905787048,
      0.0,
      0.006135944133289811,
      0.0,
      0.0,
      0.01142714561117724,
      0.0,
      0.002918349382058232,
      0.0,
      0.0,
      0.0,
      0.0,
      0.008605831859566449,
      0.0,
      0.002553808410270591,
      5.9772698806015884e-05,
      0.0,
      0.0,
      0.0,
      0.024549483554719698,
      0.004095797024599202,
      0.009693406932664874,
      0.023331517718586322,
      0.004846312392758381,
      0.0,
      0.0,
      0.0,
      0.0021813548705678317,
      0.014622553721970943,
      0.0016428390732303399,
      0.0,
      0.0,
      0.0,
      0.0,
      0.0017360912371759511,
      0.016987588518380472,
      0.0,
      0.0032519410579818723,
      0.00028514344487528913,
      0.0,
      0.001175292165548938,
      0.004477893734000087,
      0.0013762058586989363,
      0.01348458141022756,
      0.0,
      0.01775159387083665,
      0.0,
      0.0004556887856852221,
      0.0,
      0.011517682817706992,
      0.009020429986724572,
      0.012841945719276179,
      0.0,
      0.0,
      0.00046410990364449776,
      0.006950621173833934,
      0.0,
      0.0,
      0.0,
      0.0,
      0.0,
      0.0,
      0.005228628160615417,
      0.004359449149250244,
      0.009049071685450903,
      0.0,
      0.0,
      0.0,
      0.0,
      0.0,
      0.006303586788277345,
      0.00012067998446424516,
      0.0,
      0.0057304851191651955,
      0.009023289279528748,
      0.0,
      0.0,
      0.005236023058003989,
      0.010470588150891398,
      0.0041325211027429445,
      0.0,
      0.001161464535828356,
      0.0170665418622227
    ],
    "low_data": false
  },
  "250000": {
    "median": 0.0004123711906899748,
    "p90": 0.01307236114375315,
    "p10": 0.0,