{
  "100000": {
    "median": 0.00013189381528452084,
    "p90": 0.011439716281158656,
    "p10": 0.0,
    "sample": [
      9.693803402085719e-05,
      9.997969023112738e-05,
      0.0018110889286413183,
      0.0,
      0.012807726949931469,
      0.0,
      0.0,
      0.0,
      0.00834621703346294,
      0.0,
      0.0,
      0.00849732090128425,
      0.0,
      0.0022549386822558215,
      0.0,
      0.005279500007821174,
      0.0,
      0.0,
      0.009264044475576137,
      0.0007782719207645786,
      0.0012309749565741304,
      0.0007431844449184555,
      0.0008678758643422496,
      0.0,
      0.014636513992642257,
      0.0,
      0.0,
      0.0,
      0.0,
      0.0,
      0.0,
      0.0,
      0.0,
      0.01782167900233051,
      0.0004136492799274547,
      0.0,
      0.0,
      0.011836046094959547,
      0.0,
      0.0,
      0.00017735334961218756,
      0.0005909961466970773,
      0.0,
      0.0,
      0.0,
      0.0,
      0.0,
      0.0,
      0.0,
      0.0,
      0.0294589030828328,
      0.005091515972262661,
      0.01249658462310079,
      0.005202164960514071,
      0.0,
      0.003892126578473847,
      0.0,
      0.0,
      0.011106616462068092,
      0.0033770065297537436,
      0.0,
      0.004241011057181491,
      0.00027139366921789094,
      0.008786432077008303,
      0.0007858913539526286,
      0.0,
      0.01383101273784,
      0.0,
      0.0,
      0.0,
      0.0,
      0.007897247901405422,
      0.0,
      0.006263898021323306,
      0.011679104280085824,
      0.0,
      0.006238334820485688,
      0.0,
      0.0,
      0.0,
      0.0,
      0.0,
      0.0,
      0.0,
      0.019408762779235828,
      0.0,
      0.014545420878049858,
      0.0,
      0.0,
      0.0,
      0.006857879204688391,
      0.01352783063856489,
      0.0,
      0.0,
      0.0,
      0.002519462611294532,
      0.0,
      0.011176615042298695,
      0.005853111953057697,
      0.0,
      0.005730663025801163,
      0.0,
      0.007033692162626861,
      0.002347643973241866,
      0.0,
      0.002810721264842962,
      0.01236964905168184,
      0.012366593270166589,
      0.0,
      0.0,
      0.0,
      0.0,
      0.0001638079403379143,
      0.022522321521465417,
      0.0,
      0.0,
      0.001403533696892066,
      0.005170185433577767,
      0.0,
      0.001464446021776906,
      0.0008102642244046293,
      0.0,
      0.0010698254467615227,
      0.008327664465113335,
      0.007178845821568918,
      0.0008540093157063841,
      0.0,
      0.0,
      0.008273984530867553,
      0.006176165732186643,
      0.004442073208923543,
      0.005065249131990873,
      0.010354582966166391,
      0.0,
      0.0,
      0.00968307755146465,
      0.0041716156391812,
      0.004025110558335514,
      0.002263208966514934,
      0.003888335974223026,
      0.0,
      0.0007547367280597195,
      0.0,
      0.011413117614611194,
      0.0029067356745988617,
      0.004049323049780313,
      0.0,
      0.004190790926811826,
      0.0,
      0.006640328982541193,
      0.001467639372292832,
      0.0,
      0.009569256097625791,
      0.0,
      0.006214400909922106,
      0.0,
      0.0,
      0.010403681377179496,
      0.001956495560359014,
      0.0,
      0.017415813335694287,
      0.0,
      0.0,
      0.0,
      0.0,
      0.011680530617723624,
      0.0,
      0.0129025972825863,
      0.0,
      0.0,
      0.004253872265785619,
      0.00568908720342091,
      0.0,
      0.0014492212051634267,
      0.0024577990313678338,
      0.0,
      0.0,
      0.011099334946613953,
      0.012689048334688735,
      0.0046511322243322694,
      0.003428738788555417,
      0.009942876753612015,
      0.0,
      0.009697797347346809,
      0.005569066262774982,
      0.012257914462503551,
      0.010163127728888641,
      0.0,
      0.0,
      0.004451016386307796,
      0.0,
      0.005382907383756071,
      0.0029326810650924058,
      0.0,
      0.0,
      0.017123426595986768,
      0.0008914146440895183,
      0.0028082504154501734,
      0.0005600854599544142,
      0.0
    ],
    "low_data": false
  },
  "250000": {
    "median": 0.0002732596110353715,
    "p90": 0.011579078357475058,
    "p10": 0.0,