{
  "100000": {
    "median": 0.0,
    "p90": 0.009993755775680766,
    "p10": 0.0,
    "sample": [
      0.0002211156399229876,
      8.607730291960388e-05,
      0.0,
      0.0,
      0.0,
      0.00874146284715115,
      0.00032405338234551694,
      0.005932683077058577,
      0.009045304905447978,
      0.0,
      0.0,
      0.0,
      0.0017664350751204925,
      0.0,
      0.0035528609294627465,
      0.0,
      0.0,
      0.0,
      0.006571639631839177,
      0.0,
      0.00958931791053495,
      0.0012115619710968575,
      0.0062776522524575565,
      0.013145079077377131,
      0.0,
      0.0,
      0.0,
      0.0,
      0.004940723176515889,
      0.0,
      0.01034614148647512,
      0.0,
      0.0,
      0.006906945097148788,
      0.010316512291595177,
      0.0,
      0.004287812293906155,
      0.009201758281057383,
      0.0019873051372330886,
      0.004781952084070058,
      0.0007268896626985867,
      0.010552274621241104,
      0.0,
      0.0,
      0.0,
      0.0,
      0.006030611447788578,
      0.0,
      0.0016195472536895813,
      0.0,
      0.0,
      0.012907617323851766,
      0.011532587911598304,
      0.0,
      0.0,
      0.007022465930198903,
      0.0,
      0.003574894808530474,
      0.005491373878706257,
      0.0,
      0.0,
      0.0,
      0.01535179887435444,
      0.0,
      0.0,
      0.0,
      0.0,
      0.0009308169449939252,
      0.00997021381061238,
      0.008885551857766037,
      0.01066169780275067,
      0.0,
      0.015733801405720137,
      0.005421550900076652,
      0.0,
      0.0,
      0.012093940474637565,
      0.0,
      0.005037717277566941,
      0.0036257697745437413,
      0.008605544498804931,
      0.0,
      0.001770320878131517,
      0.0,
      0.0,
      0.0,
      0.0,
      0.01233762383326738,
      0.0010741712651146352,
      0.0,
      0.0,
      0.006428357305754033,
      0.005413702002212735,
      0.006778216343843114,
      0.000336758437500722,
      0.0,
      0.0,
      0.00768740287188264,
      0.0015521798888754141,
      0.0,
      0.0,
      0.00896450160716659,
      0.0,
      0.011399231923330524,
      0.005253314267341235,
      0.003086103015465132,
      0.003877799083577042,
      0.0,
      0.0053638974889198485,
      0.0,
      0.0,
      0.0,
      0.011735022704757158,
      0.005317000031410688,
      0.0,
      0.0016302595882266913,
      0.0,
      0.003044062598312583,
      0.001856626225014411,
      0.0,
      0.0013931671944742814,
      0.00605672891990207,
      0.0,
      0.0,
      0.0,
      0.01532946205590062,
      0.0,
      0.0,
      0.0,
      0.0,
      0.007802620552330125,
      0.001468983427143267,
      0.0,
      0.0,
      0.0,
      0.012223753685414509,
      0.005277035020835806,
      0.0,
      0.0,
      0.0019258989511173052,
      0.0,
      0.0,
      0.0,
      0.0,
      0.0018527924186310075,
      0.0,
      0.0028455439960401465,
      0.002576727382541136,
      0.0,
      0.0023434590768013994,
      0.0,
      0.006160178840900616,
      0.003713799436249755,
      0.0,
      0.0,
      0.005489558394657141,
      0.00416144111446794,
      0.0,
      0.0023645166891873644,
      0.004761508734544448,
      0.0034538415738104406,
      0.0,
      0.0,
      0.006245048732836045,
      0.0,
      0.0,
      0.0007433852103693025,
      0.0,
      0.010761136802419165,
      0.0,
      0.006915724221677218,
      0.0024834617843149326,
      0.0016609662991670616,
      0.0,
      0.0,
      0.0,
      0.0009358457985634797,
      0.0,
      5.719171152297824e-05,
      0.0,
      0.012295164980541508,
      0.0015497822932380699,
      0.0,
      1.7603373509111187e-06,
      0.0,
      0.0,
      0.023826984738018732,
      0.00822509342896291,
      0.0,
      0.0,
      0.016005563759928815,
      0.0,
      0.0017743515033881538,
      0.010205633461296253,
      0.0,
      0.0,
      0.009076245456875555,
      0.0,
      0.006651707940167955,
      0.0
    ],
    "low_data": false
  },
  "250000": {
    "median": 1.9599282517870914e-05,
    "p90": 0.010119446058665176,
    "p10": 0.0,