{
  "100000": {
    "median": 0.001119863653374094,
    "p90": 0.012634701454378412,
    "p10": 0.0,
    "sample": [
      0.00010324529311698634,
      9.759903014145595e-05,
      0.0,
      0.0,
      0.0,
      0.0,
      0.0016492923304341994,
      0.020945814445714153,
      0.002216476373821808,
      0.0,
      0.0010170489121339441,
      0.005247937686446347,
      0.0,
      0.005500090558170723,
      0.0,
      0.0,
      0.0055296580186080056,
      0.00482941310869258,
      0.011139668029396189,
      0.0,
      0.015288430384850966,
      0.0,
      0.0,
      0.0,
      0.0,
      0.004133992986972038,
      0.004155299746350754,
      0.007405091644751135,
      0.0,
      0.017928422262468532,
      0.014251443565025085,
      0.007751882978298406,
      0.0,
      0.0002647405776881279,
      0.007109427650592262,
      0.016423347267305707,
      0.0,
      0.0,
      0.01600104690797068,
      0.013222507745295917,
      0.004567804819492909,
      0.0,
      0.016237512596783212,
      0.012632393751973945,
      0.0,
      0.0,
      0.01138132785599981,
      0.0,
      0.0,
      0.010333990282141195,
      0.007611278089129448,
      0.0,
      0.002504627710938943,
      0.0,
      0.00787706067812106,
      0.0,
      0.010579851269066784,
      0.0,
      0.00041909893504928915,
      0.0,
      0.014254441048083663,
      0.0,
      0.003976747410829799,
      0.00839040742447101,
      0.0,
      0.0,
      0.0031436629553432006,
      0.0,
      0.001222678394614244,
      0.0,
      0.011626085796907912,
      0.0,
      0.0022453362734474605,
      0.0,
      0.011482210548061917,
      0.0,
      0.0,
      0.007955421459471656,
      0.017416875448658383,
      0.0,
      0.004495257668097933,
      0.012800983077364929,
      0.001828258726991557,
      0.0,
      0.0,
      0.016543802065752025,
      0.0,
      0.006944775091618218,
      0.0009466496690668653,
      0.0021394736742240666,
      0.004743641426551737,
      0.0,
      0.0032585600681185687,
      0.006744480217177322,
      0.0,
      0.007246801402971684,
      0.005145712314496701,
      0.004536294050621493,
      0.0,
      0.009440668044126788,
      0.0,
      0.00045280844353155466,
      0.003674332091089173,
      0.0,
      0.0,
      0.005814736782367575,
      0.0,
      0.003443407719683737,
      0.0,
      0.0019208634807573364,
      0.0,
      0.0,
      0.0,
      0.0037439147882526395,
      0.0048592312048488205,
      0.008118049213838057,
      0.006644366478347367,
      0.007406428647466535,
      0.0,
      0.00254073312097352,
      0.0,
      0.0,
      0.0,
      0.0,
      0.0,
      0.0,
      0.01781645044410658,
      0.0,
      0.007075973549782644,
      0.007917903091901365,
      0.0,
      0.0,
      0.017157220043321517,
      0.0,
      0.015093320365170367,
      0.004360032743383168,
      0.0,
      0.0028570867717124765,
      0.0,
      0.0,
      0.00837916774965702,
      0.0,
      0.0,
      0.0,
      0.013270489758959291,
      0.0,
      0.022764514439188765,
      0.002724961774360997,
      0.0,
      0.012655470776018614,
      0.0,
      0.0,
      0.0,
      0.0,
      0.0009818991428215361,
      0.0,
      0.0,
      0.0051737983946475476,
      0.004594713143057424,
      0.0031805837804473433,
      0.0,
      0.028947099754725227,
      0.009166478057161278,
      0.0027978096537612704,
      0.00972806083622819,
      0.0,
      0.0,
      0.0,
      0.010752033895274604,
      0.0,
      0.006059214879457022,
      0.004850525637086402,
      0.005540883846400004,
      0.00674347733983157,
      7.501990305044748e-05,
      0.016219558365163866,
      0.0018331391407291411,
      0.0,
      0.0,
      0.00835900839340236,
      0.0,
      0.005758274588088996,
      0.009862415766591541,
      0.0022331944229765535,
      0.0,
      0.0,
      0.003932204308034091,
      0.0018199768642795878,
      0.0,
      0.0086340516159973,
      0.0,
      0.0,
      0.0,
      0.007002815437710328,
      0.003929438007327805,
      0.008301131001969192,
      0.0033888394420841165,
      0.0019069338026599359,
      0.0,
      0.0037570879322989816
    ],
    "low_data": false
  },
  "250000": {
    "median": 0.0012441122245058502,
    "p90": 0.012774332979813873,
    "p10": 0.0,