{
  "100000": {
    "median": 0.00012332617367489024,
    "p90": 0.010319539803444718,
    "p10": 0.0,
    "sample": [
      0.00011509925702931571,
      0.00011195597490368203,
      0.0,
      0.0,
      0.0,
      0.004154673174813738,
      0.004938666214207541,
      0.0,
      0.004118107794917405,
      0.003584258758453774,
      0.008240790089499156,
      0.0013948961090370627,
      0.0068146478014179685,
      0.0,
      0.0027387454822091627,
      0.0014637071679544926,
      0.0009478547691014303,
      0.0,
      0.0,
      0.0,
      0.003670262925441198,
      0.0,
      0.0,
      0.003529123712623006,
      0.0,
      0.0006850968132470192,
      0.010907459068531312,
      0.004346077147692404,
      0.016806160087797558,
      0.0,
      0.0,
      0.015059427388723108,
      0.011539621025211697,
      0.0,
      0.0,
      0.0,
      0.01644050478657301,
      0.0023148094449289822,
      0.006375235323933561,
      0.0,
      0.0,
      0.011933086606459501,
      0.002417431310856893,
      0.006758358281975512,
      0.007103961017130268,
      0.0,
      0.002464590011634215,
      0.00783323615621794,
      0.010254215440657322,
      0.0,
      0.0,
      0.00377336380082194,
      0.0,
      0.00017571444859141696,
      0.003969820062226203,
      0.0006939581083805432,
      0.0,
      0.0013321829411799106,
      0.0,
      0.0024481713049999587,
      0.0,
      0.007399331102904978,
      0.0,
      0.003871655630232321,
      0.0,
      0.011149501075356191,
      0.005751104233165263,
      0.02021339770833592,
      0.0,
      0.0,
      0.0,
      0.014176032073109466,
      0.006592994669778386,
      0.0,
      0.01436459585891195,
      0.014783064564439452,
      0.0,
      0.010127350351156736,
      0.0,
      0.0017462872970791425,
      0.0,
      0.0,
      0.0,
      0.0,
      0.0,
      0.002627622784761905,
      0.0,
      0.007850598514240366,
      0.01627951423750001,
      0.0,
      0.0,
      0.0006128865544665483,
      0.0,
      0.0008069755839139338,
      0.006439336734073987,
      0.00886435014300592,
      0.0,
      0.0,
      0.0,
      0.0,
      0.0,
      0.0,
      0.0,
      0.0,
      0.0,
      0.0,
      0.004907284797928653,
      0.0009943694935535083,
      0.0028974994319426193,
      0.0,
      0.0,
      0.0,
      0.00017542201515195695,
      0.0064968413251456575,
      0.0001619850126409155,
      0.0003704622916497609,
      0.0,
      0.0,
      0.0,
      0.003389848715054938,
      0.00494741944764357,
      0.013691781358531323,
      0.014932125058795861,
      0.0,
      0.0,
      0.0,
      0.0,
      0.0005093402742232594,
      0.0,
      0.0,
      0.0005356780765099537,
      0.006397183047637233,
      0.024849939331659493,
      0.0,
      0.01007009232086598,
      0.0,
      0.0,
      0.0,
      0.0,
      0.0023542747348025326,
      0.0024774457262966816,
      0.0001946700389287737,
      0.0,
      0.009559708624943512,
      0.0,
      0.023070686453946467,
      0.0,
      0.014834015154199444,
      0.007616842377347812,
      0.0,
      0.0036476904725502397,
      0.004611468770524561,
      0.0,
      0.005991718327998042,
      0.0,
      0.012534268605661812,
      0.006008512811394655,
      0.0003924945390443339,
      0.0,
      0.00557560040259603,
      2.0671933653619633e-05,
      0.005327415995970606,
      0.0,
      0.017617619392878096,
      0.0017329632519813224,
      0.0043507870257623845,
      0.0018551103072044581,
      0.0,
      0.0,
      0.0,
      0.0,
      0.006835746847349201,
      0.00254911443996253,
      0.0,
      6.9457257092999134e-06,
      0.006941081311105166,
      0.0,
      0.0,
      0.0023596934567393316,
      0.0,
      0.0,
      0.0,
      0.0,
      0.0024452388490704153,
      0.0,
      0.00013155309032046478,
      0.0,
      0.0,
      0.0,
      0.005445283908460159,
      0.0029473881626838256,
      0.00022632999876801637,
      0.016931495136977344,
      0.007362672230008519,
      0.0,
      0.002435951506085702,
      0.002477899267101638,
      0.0,
      0.0,
      0.0
    ],
    "low_data": false
  },
  "250000": {
    "median": 0.0002589688485229618,
    "p90": 0.010431584635263306,
    "p10": 0.0,