{
  "100000": {
    "median": 0.0003876007389724199,
    "p90": 0.011327716524473523,
    "p10": 0.0,
    "sample": [
      0.00011595910714029942,
      0.0001247277291348724,
      0.0,
      0.0,
      0.01389296951386604,
      0.002892922571405161,
      0.012665477915027605,
      0.050396180754052416,
      0.0,
      0.0,
      0.027544463963458866,
      0.0,
      0.0,
      5.713261502252033e-05,
      0.037445617147852245,
      0.01825209281770609,
      0.01582256276871424,
      0.0,
      0.0,
      0.006977694201438159,
      0.004246283935953756,
      0.0007263545322771483,
      0.0010291340573674518,
      0.0,
      0.0002289653719864432,
      0.004044771338138274,
      0.0034973850165304094,
      0.0091900955975037,
      0.0,
      0.01246105108475831,
      0.0,
      0.0,
      0.0020509122143354853,
      0.002496525255787708,
      0.0,
      0.0,
      0.005024465248143028,
      0.004024305420025178,
      0.0,
      0.0027183700174375925,
      0.0,
      0.003055173742948047,
      0.0,
      0.0,
      0.004173890874905075,
      0.0,
      0.0,
      0.0,
      0.0,
      0.010365675869937604,
      0.0,
      0.0,
      0.005232328998928308,
      0.00033746800935161047,
      0.003179004816360184,
      0.0,
      0.00016924426144905206,
      0.0,
      0.0,
      0.01711255189310241,
      0.0,
      0.0,
      0.0003930240175007904,
      0.0007494943628899903,
      0.0,
      0.0,
      0.0014036346380278586,
      0.00038217746044404946,
      0.006001569272021228,
      0.0,
      0.0,
      0.0028612856042292394,
      0.004308402294114103,
      0.0,
      0.0021940720790812316,
      0.007074464845218384,
      0.0,
      0.0,
      0.010622742754199572,
      0.00535623152843428,
      0.0,
      0.0,
      0.0,
      0.0,
      0.0031382414282860164,
      0.0,
      0.0027493147220461365,
      0.006764404963533453,
      0.0,
      0.002135783383300875,
      0.002793797228282966,
      0.004249964916391287,
      0.0,
      0.0,
      0.003236934815580035,
      0.0,
      0.0,
      0.004552588099312859,
      0.0,
      0.002037674441471928,
      0.0015000013337252613,
      0.004940637155612265,
      0.005065966140630691,
      0.0003688251937281926,
      0.005303665665360473,
      0.003907469444162112,
      0.0,
      0.008104266151652627,
      0.0,
      0.0,
      0.0,
      0.013716080554077387,
      0.0,
      0.0,
      0.0,
      0.015276968297255136,
      0.0,
      0.011052701042731823,
      0.00039330615862030597,
      0.009962782294951218,
      0.009887732072538551,
      0.0,
      0.008426365925553209,
      0.008814391763195328,
      0.008237073962653855,
      7.663685871572508e-05,
      0.0,
      0.002706767805044432,
      0.0,
      0.0,
      0.008168265919783702,
      0.002728164675421347,
      0.012573271935713188,
      0.020808799684596275,
      0.0,
      0.006808352653377979,
      0.0033230816200764323,
      0.0,
      0.0,
      0.010930748340158692,
      0.0,
      0.0037223679731317803,
      0.005604863646270003,
      0.004081870801699371,
      0.0,
      0.006222397251802113,
      0.005750430236050058,
      0.0064636292087807655,
      0.013772388559465566,
      0.0,
      0.006156869838318654,
      0.0,
      0.0,
      0.0023839506900428815,
      0.0,
      0.0,
      0.004422903592018786,
      0.0,
      0.003075376890151845,
      0.0,
      0.0,
      0.0,
      0.0,
      0.0052727333227017585,
      0.0011078614899418622,
      0.004155829060309325,
      0.004424997399850293,
      0.009628872991488126,
      0.009656796580134755,
      0.00818418317455541,
      0.01012951167779429,
      0.0,
      0.0,
      0.0,
      0.00045835870453696974,
      0.0,
      0.0,
      0.0009069831992251969,
      0.016554499620175057,
      0.0,
      0.0048135903569021775,
      0.0,
      0.0,
      0.01623173752143322,
      0.0,
      0.0,
      0.0,
      0.0,
      0.0,
      0.0,
      0.011673487140667268,
      0.0,
      0.011506174572107133,
      0.023949965542355893,
      0.011307887852514235,
      0.0026704860656038957,
      0.01668582897430658,
      0.0,
      0.0009629020771118654,
      0.0
    ],
    "low_data": false
  },
  "250000": {
    "median": 0.0005530711758459723,
    "p90": 0.01151962478188865,
    "p10": 0.0,