{
  "100000": {
    "median": 0.0004118386675479495,
    "p90": 0.012578704606465822,
    "p10": 0.0,
    "sample": [
      0.0001681790181907632,
      0.00014419631784858269,
      0.0,
      0.014275244825250798,
      0.0005718733928190186,
      0.0,
      0.0059740199027726835,
      0.008091065375284699,
      0.0021065668682150275,
      0.002998805141359701,
      0.0037145441823313763,
      0.0,
      0.0,
      0.0,
      0.017263442752375915,
      0.009487117710350927,
      0.02110486966055412,
      0.007640213479629849,
      0.0,
      0.0,
      0.0,
      0.0,
      0.0,
      0.0,
      0.0,
      0.011210220359284569,
      0.002778006520269943,
      0.01775772540675213,
      0.0,
      0.003806716520501059,
      0.0073407974729395266,
      0.0,
      0.0002846923318927941,
      0.0017619463160404233,
      0.0029034397645099456,
      0.0,
      0.0051855210963879135,
      0.00014564081147014113,
      0.005841785418323124,
      0.009585885522433633,
      0.0,
      0.0,
      0.0,
      0.0,
      0.004142049999620204,
      0.023592115676014113,
      0.005711679992586986,
      0.0,
      0.0,
      0.0,
      0.004293579815848385,
      0.019192316332212703,
      0.01696039034980057,
      0.0012126371046189558,
      0.0,
      0.0,
      0.0,
      0.009135418827318439,
      0.0,
      0.011372191913455955,
      0.0,
      0.0,
      0.0,
      0.0,
      0.001509955642232448,
      0.0,
      0.0,
      0.0,
      0.012134232544695941,
      0.0040368278828286025,
      0.0018922685995270455,
      0.000592463009910959,
      0.006142441664774212,
      0.0,
      0.0,
      0.00015321160204214768,
      0.0,
      0.0,
      0.0,
      0.0,
      0.0,
      0.0,
      0.0,
      0.0,
      0.007337522582823309,
      0.0,
      0.00045276374319103537,
      0.005168245899625062,
      0.0,
      0.013386906707048986,
      0.0,
      0.0,
      0.012965352627459209,
      0.009630403781887396,
      0.0034104582893118573,
      0.012342428355556153,
      0.0,
      0.008461064083368768,
      0.0,
      0.0,
      0.0,
      0.004835980910092129,
      0.010508678061196859,
      0.008660512405113594,
      0.011210936995141555,
      0.0,
      0.0,
      0.0,
      0.0,
      0.0,
      0.017650232596292958,
      0.00604198347313065,
      0.02637513909962531,
      0.01030708276697314,
      0.0,
      0.0016218803088941449,
      0.01937961777636048,
      0.0,
      0.0,
      0.005323182090800949,
      8.68958565626204e-05,
      0.0077864565333356185,
      0.013840175436978009,
      0.001652181581726823,
      0.0,
      0.005802825141896612,
      0.0071170483989524795,
      0.013603825475976137,
      0.003955453692482602,
      0.0030453589984251695,
      0.0,
      0.0,
      0.004732101227181162,
      0.0,
      0.009016649337202308,
      0.0,
      0.005629948880482787,
      0.004076993084841172,
      0.0,
      0.005716298440287126,
      0.01256204774599693,
      0.0,
      0.007736944853124842,
      0.010398792586899783,
      0.0,
      0.003222903320148149,
      0.010822876954495568,
      0.0,
      0.0,
      0.011359982412309996,
      0.0,
      0.0,
      0.010661563609698367,
      0.013932279142299378,
      0.0,
      0.019750558797704192,
      0.0,
      0.006113856103633347,
      0.007624753016823468,
      0.0,
      0.00038922280516077306,
      0.02511788854558939,
      0.0,
      0.015684826806702887,
      0.0,
      0.001686627667021527,
      0.0,
      0.010807258195503445,
      0.0,
      0.007359586416493937,
      0.01585565092832191,
      0.011638463579334972,
      0.0,
      0.009805497343564883,
      0.00148693377386805,
      0.006787400013691513,
      0.0,
      0.0004344545299351259,
      0.005164467812814728,
      0.00855961246491113,
      0.0,
      0.0,
      0.012728616350685845,
      0.0027151144401098715,
      0.0,
      0.0033635007353479897,
      0.0,
      0.0010566447522485937,
      0.0,
      0.0,
      0.005930479098183478,
      0.0,
      0.0,
      0.0,
      0.0,
      0.0,
      0.01183806228140469,
      0.0,
      0.0068425008936618395,
      0.0
    ],
    "low_data": false
  },
  "250000": {
    "median": 0.0005237975998189622,
    "p90": 0.012674307231963925,
    "p10": 0.0,