{
  "100000": {
    "median": 4.036851341348625e-05,
    "p90": 0.011021278561195644,
    "p10": 0.0,
    "sample": [
      0.00011510459022280806,
      8.07370268269725e-05,
      0.0,
      0.004633916085712099,
      0.0,
      0.013639347740672717,
      0.0,
      0.0,
      0.0,
      0.0,
      0.005949523559428528,
      0.0,
      0.0007222099351191253,
      0.0015649250629326378,
      0.0024032300507501056,
      0.001276887245256582,
      0.0011723144771402848,
      0.002817076254623382,
      0.005241965903105891,
      0.007670531805876375,
      0.00612676438162408,
      0.00010733442689868678,
      0.001603476061503071,
      0.011494183373463068,
      0.0,
      0.0,
      0.0,
      0.0,
      0.007488543154892113,
      0.007271507284970963,
      0.00655398162441366,
      0.003901151522894616,
      0.005590453672595197,
      0.00457461739882315,
      0.002403218342217196,
      0.012253804235058405,
      0.0,
      0.00641121715637434,
      0.0028810067156855796,
      0.0028762314648012486,
      0.0016842236758062596,
      0.0,
      0.0,
      0.0,
      0.0,
      0.0,
      0.0,
      0.0,
      0.006285152847984784,
      0.0,
      0.0,
      0.0,
      0.0019065558223796835,
      0.0,
      0.009025958623641075,
      0.0,
      0.0,
      0.007368908568635907,
      0.0,
      0.006837678997231045,
      0.0,
      0.009838942546086596,
      0.0,
      0.0,
      0.0,
      0.0,
      0.0,
      0.014342825770307798,
      0.014449625809634334,
      0.0,
      0.006027727629961257,
      0.008348949926232753,
      0.0,
      0.005734581475033844,
      0.006427439685400428,
      0.0008243544562156356,
      0.014228447572569308,
      0.0004894873103982111,
      0.015521103107080578,
      0.008717031269291046,
      0.007957960257908,
      0.0,
      0.0,
      0.0,
      0.004115546185940632,
      0.0,
      0.003515080374929666,
      0.0,
      0.0,
      0.0,
      0.0013554893285813191,
      0.00650750305601133,
      0.0,
      0.01169494708222849,
      0.0,
      0.0,
      0.0,
      0.001493811042818541,
      0.022398518578529248,
      0.0,
      0.0,
      0.009121197712453778,
      0.007098415854297375,
      0.0,
      0.010992572697572126,
      0.0,
      0.00929133622492585,
      0.005216859659440833,
      0.0,
      0.0,
      0.013872230650255597,
      0.02103616205078004,
      0.0035673879832740646,
      0.0,
      0.0,
      0.004220947233945925,
      0.0,
      0.015361709484551444,
      0.009971384469116485,
      0.0,
      0.0,
      0.0,
      0.010344191519298525,
      0.0,
      0.0,
      0.008877545605966616,
      0.0,
      0.0004322646405869766,
      0.0,
      0.0,
      0.0,
      0.0,
      0.0,
      0.0022849578465199073,
      0.0,
      0.005649130529962779,
      0.020967984771218105,
      0.017364025455219242,
      0.0,
      0.0,
      0.0,
      0.00540284964132367,
      0.008415059695744033,
      0.015440468111072633,
      0.0,
      0.0,
      0.00217042938093179,
      0.004239131206701102,
      0.0007193613721615277,
      0.00819951317483548,
      0.009573265033661653,
      0.006475086884491036,
      0.007650278087733426,
      0.0,
      0.0,
      0.0,
      0.0,
      0.00252074800096538,
      0.01503620039343638,
      0.00873015429835342,
      0.0,
      0.0024466737325656907,
      0.0,
      0.0,
      0.01484965007223472,
      0.005201300174754984,
      0.015136825773479325,
      0.0010700144441169032,
      0.0,
      0.018487830741613365,
      0.004137639154331655,
      0.0,
      0.0,
      0.0,
      0.0,
      0.0,
      0.0,
      0.0,
      0.0,
      0.008353463197471232,
      0.0,
      0.004118842084269713,
      0.005143011141922134,
      0.009951671620897025,
      0.0,
      0.0,
      0.0,
      0.0,
      0.004732147243689525,
      0.001716154952668877,
      0.0,
      0.0,
      0.0,
      0.0,
      0.0,
      0.010872318312852465,
      0.011279631333807322,
      0.0,
      0.0,
      0.0
    ],
    "low_data": false
  },
  "250000": {
    "median": 9.20849728612219e-05,
    "p90": 0.011162385758461953,
    "p10": 0.0,