{
  "100000": {
    "median": 0.00011698785083207694,
    "p90": 0.009638175032261664,
    "p10": 0.0,
    "sample": [
      0.00011684367121828972,
      0.00011713203044586415,
      0.0,
      0.006604902363237643,
      0.0015359823757472527,
      0.001368866034183949,
      0.0,
      0.010789441088746235,
      0.0,
      0.002715173221905332,
      0.0,
      0.011688108446881436,
      0.009220856331872918,
      0.0017527383102007284,
      0.0,
      0.004386572296059125,
      0.0,
      0.004428178571935501,
      0.0,
      0.007819293606147103,
      0.012030285289550956,
      0.0,
      0.0,
      0.0053035591488846635,
      0.0,
      0.0005599527784631007,
      0.009163991826816506,
      0.002333681942255322,
      0.006013495097174952,
      0.00010738044461447433,
      0.0,
      0.0,
      0.0018914193528918337,
      0.0,
      0.0,
      0.006904229827869977,
      0.0,
      0.013663123295066765,
      0.0,
      0.0,
      0.009424974905162793,
      0.0002979252333739456,
      0.0024048896162638927,
      0.0,
      0.0,
      0.013050368446369713,
      0.009609090503142575,
      0.0,
      2.763313485850777e-06,
      0.0,
      0.0,
      0.0,
      0.0022569219971793086,
      0.007465637804142002,
      0.0,
      0.008485392034359454,
      0.0,
      0.009786490209923523,
      0.003659572227573557,
      0.010185476726172663,
      0.0033089459078047253,
      0.0,
      0.007186477551922094,
      0.0054056110218095475,
      0.005704263773932206,
      0.007447756306548233,
      0.0071315699936738254,
      0.0,
      0.0,
      0.0,
      0.007677880568558593,
      0.0,
      0.0,
      0.0,
      0.0003072561512264195,
      0.004090473531403959,
      0.004851336194604758,
      0.008454041354100909,
      0.007374680682642293,
      0.0,
      0.0,
      0.0018266829052761087,
      0.003076407489398113,
      0.0,
      0.0,
      0.0016345486815195428,
      0.0,
      0.0,
      0.0,
      0.008640700412680133,
      0.004543350411775938,
      0.0,
      0.0016050860471866057,
      0.0,
      0.0,
      0.009766510680343402,
      0.0,
      0.018598518008426622,
      0.004486267633560501,
      0.0052306162260933615,
      0.0,
      0.0,
      0.0,
      0.010637043788041235,
      0.0,
      0.0,
      0.0,
      0.0,
      0.0,
      0.0,
      0.0,
      0.004788693175842096,
      0.0,
      0.0024618183324912526,
      0.00022453631033544908,
      0.0,
      0.0,
      0.0043918356804764766,
      0.009349278882139291,
      0.000596682326620311,
      0.0,
      0.0,
      0.0,
      0.004541849977780446,
      0.0,
      0.0,
      0.0,
      6.233519721494665e-05,
      0.0010438504173670912,
      0.0,
      0.0,
      0.0,
      0.001187626740781099,
      0.0,
      0.0,
      0.0003199882558332773,
      0.0,
      0.009506133131316437,
      0.0,
      0.01284288552774529,
      0.00882094292630526,
      0.0007154635872169159,
      0.007077549222511686,
      0.0,
      0.00809498380469811,
      0.006923733321865762,
      0.0,
      0.014458998507969657,
      0.0023694688432404614,
      0.0,
      0.018216137822215348,
      0.0004558182509291851,
      0.007298634560024287,
      0.0019083452508073966,
      0.004023863216995658,
      0.0,
      0.004200190642467175,
      0.0,
      0.0,
      0.004308292116697509,
      0.0,
      0.00585568846296156,
      0.0,
      0.0,
      0.0,
      0.0,
      0.0,
      0.0020213447266651642,
      0.007159703346114913,
      0.0,
      0.0,
      0.0,
      0.0,
      0.012069314285643649,
      0.00804862649679398,
      0.0,
      0.011034229565311611,
      0.0,
      0.011349864110114863,
      0.01487461598163124,
      0.0,
      0.0076617838896217505,
      0.0,
      0.0,
      0.0,
      0.0,
      0.0022810796937031605,
      0.0,
      0.0,
      0.004493156355097667,
      0.004536584272867567,
      0.00460655560031437,
      0.020007784596020275,
      0.00962391551580814,
      0.009929406031598231,
      0.01248118905794537,
      0.0,
      0.0003182684892325991,
      0.00948862522006034,
      0.0
    ],
    "low_data": false
  },
  "250000": {
    "median": 0.0002668620208681133,
    "p90": 0.00975993892113115,
    "p10": 0.0,