{
  "100000": {
    "median": 0.0,
    "p90": 0.010176456339451297,
    "p10": 0.0,
    "sample": [
      8.418798333091362e-05,
      0.00010845633900717191,
      0.0,
      0.0,
      0.014221818707606377,
      0.0,
      0.0,
      0.0,
      0.0019414902858851067,
      0.015840737349134867,
      0.005500355996823766,
      0.0,
      0.0,
      0.0,
      0.0,
      0.0013737262822827835,
      0.0,
      0.006212095812001023,
      0.0,
      0.004137704703141985,
      0.010217821830795105,
      0.0,
      0.00036787745987395935,
      0.0005673098624229289,
      0.0001993833464051582,
      0.0,
      0.0,
      0.0,
      0.0023656501133078544,
      0.0,
      0.0009309472521505849,
      0.008995216189822785,
      0.005768463730545506,
      0.0,
      0.0,
      0.0,
      3.0017311948507506e-05,
      0.0,
      0.0,
      0.0,
      0.0,
      0.0,
      0.003449280347944931,
      0.0,
      0.009000736369542716,
      0.0,
      0.0,
      0.0,
      0.005341922365084404,
      0.014110829201132722,
      0.004542801463228182,
      0.012834626168441481,
      0.01227511247728087,
      0.003069674247618767,
      0.0,
      0.0,
      0.0,
      0.0,
      0.016452640660528026,
      0.0,
      0.0,
      0.0,
      0.010290617700601933,
      0.0,
      0.0,
      0.0,
      0.0,
      0.00503563938000593,
      0.0,
      0.002985786320152369,
      0.0,
      0.006828785928680666,
      0.0,
      0.0,
      0.0,
      0.0,
      0.0018318984461616651,
      8.424933312175834e-05,
      0.0,
      0.0,
      0.0,
      0.0,
      0.004966996484520939,
      0.0,
      0.0060906158782295305,
      0.007098731181869663,
      0.0,
      0.01016767213790502,
      0.0,
      0.0,
      0.006954724609554258,
      0.0,
      0.005918049018272559,
      0.0,
      0.0,
      0.005307551594057546,
      0.006762702668260651,
      0.0010277045860228736,
      0.0,
      0.0,
      0.010936172302561043,
      0.0,
      0.0,
      0.0,
      0.005216287983920774,
      0.002455593937825074,
      0.0,
      0.0010255028905253956,
      0.007900508702375767,
      0.0,
      0.015722706471787085,
      0.0,
      0.0,
      0.0,
      0.003715219388460873,
      0.005293958317536078,
      0.01304562808727868,
      0.0,
      0.0,
      0.012439813449493728,
      0.003372834115425138,
      0.0,
      0.0,
      0.0,
      0.018631824182003938,
      0.0,
      0.0,
      0.00427716456066484,
      0.0,
      0.014887008767787533,
      0.0,
      0.0,
      0.0,
      0.0,
      0.005179752031782268,
      0.0,
      0.004157223918678216,
      0.0,
      0.0015626330271924693,
      0.0,
      0.0,
      0.0,
      0.0,
      0.00623470400797578,
      0.0,
      0.01611576841559305,
      0.013994566177398658,
      0.0,
      0.0,
      0.007552692516597014,
      0.0,
      0.006778813415306804,
      0.006098260361627007,
      0.0,
      0.009468039807766048,
      0.0,
      0.014512935651058505,
      0.0021798654963110873,
      0.015017241354995436,
      0.00232598427588866,
      0.0,
      0.0075526553002499205,
      0.0,
      0.0,
      0.0003276263594067879,
      0.0,
      0.006781137664313929,
      0.0,
      0.0014439433635576842,
      0.007677895339697064,
      0.0,
      0.0,
      0.0,
      0.0,
      0.00817036532232812,
      0.0,
      0.0,
      0.0,
      0.004002348973740717,
      0.007728055298354451,
      0.0,
      0.0,
      0.004687802524590412,
      0.019151391592150742,
      0.0,
      0.0,
      0.0,
      0.01017186017374643,
      0.0,
      0.0,
      0.0013943830915330718,
      0.0,
      0.0007128650895866519,
      0.004206455831308674,
      0.0,
      0.005483975980004888,
      0.0055645882757959795,
      0.004759938145602227,
      0.0,
      0.010235025867317636
    ],
    "low_data": false
  },
  "250000": {
    "median": 0.0,
    "p90": 0.010356119440055718,
    "p10": 0.0,
    "sample": [
      0.00019204195311483174,
      0.0002474007138139102,
      0.0,
      0.0,
      0.01435100144626724,
      0.0,
      0.0,
      0.0,
      0.0022031486737124776,
      0.015989189902742566,
      0.005639133270403397,
      0.0,
      0.0,
      0.0,
      0.0,
      0.001477799761749034,
      0.0,
      0.00633567058311645,
      0.0,
      0.004426534824306955,
      0.010353587920966068,
      0.0,
      0.0005170536307455608,
      0.000806998743699841,
      0.0004631457009150124,
      0.0,
      0.0,
      0.0,
      0.002597251772654624,
      0.0,
      0.0010567533229715671,
      0.009219619474422076,
      0.005898187007542192,
      0.0,
      0.0,
      0.0,
      0.0001939353615725113,
      0.0,
      0.0,
      0.0,
      0.0,
      0.0,
      0.0036281693696324758,
      0.0,
      0.009230250126765413,
      0.0,
      0.0,
      0.0,
      0.005462137183336032,
      0.014345314400056887,
      0.004665120030491321,
      0.013125058929341809,
      0.012409417457760611,
      0.0032757861135341636,
      0.0,
      0.0,
      0.0,
      0.0,
      0.01658086298062358,
      0.0,
      0.0,
      0.0,
      0.010480941067131854,
      0.0,
      0.0,
      0.0,
      0.0,
      0.00518227625405517,
      0.0,
      0.003150878379817921,
      0.0,
      0.006950458014984728,
      0.0,
      0.0,
      0.0,
      0.0,
      0.00209536680384671,
      0.00021906238110625323,
      0.0,
      0.0,
      0.0,
      0.0,
      0.005070905314072349,
      0.0,
      0.006259754411670778,
      0.007345828541345975,
      0.0,
      0.010318336336758641,
      0.0,
      0.0,
      0.007066804130468102,
      0.0,
      0.006039865697525273,
      0.0,
      0.0,
      0.005419221162057007,
      0.00694280028941399,
      0.0012046210824391596,
      0.0,
      0.0,
      0.011053027778383899,
      0.0,
      0.0,
      0.0,
      0.005375847165426076,
      0.0025925271440188614,
      0.0,
      0.0011802620053577193,
      0.008143687626571078,
      0.0,
      0.01591776676281668,
      0.0,
      0.0,
      0.0,
      0.0038569243327857563,
      0.005442646455568097,
      0.013175292466353239,
      0.0,
      0.0,
      0.012730732525954781,
      0.003643208858369216,
      0.0,
      0.0,
      0.0,
      0.01882547914087398,
      0.0,
      0.0,
      0.0044569272411268505,
      0.0,
      0.015081727690083965,
      0.0,
      0.0,
      9.156440119883409e-05,
      0.0,
      0.0053626551962078755,
      0.0,
      0.004425098991904568,
      0.0,
      0.0016857719393737795,
      0.00019953006082106504,
      0.0,
      0.0,
      0.0,
      0.006420847631095703,
      0.0,
      0.016293964667248365,
      0.014187868701890037,
      0.0,
      0.0,
      0.007716831730923029,
      0.0,
      0.006938767963226335,
      0.006283210139938714,
      0.0,
      0.009609463261608284,
      0.0,
      0.014812587076636533,
      0.002357486867990489,
      0.015267705228017287,
      0.002472606145718173,
      0.0,
      0.007740125404950242,
      0.0,
      0.0,
      0.00046584855684649864,
      0.0,
      0.007058782888642176,
      0.0,
      0.00171094185407485,
      0.007850858965325792,
      0.0,
      0.0,
      0.0,
      0.0,
      0.00832585371650217,
      0.0,
      0.0,
      0.0,
      0.004151921770620581,
      0.00803842501134141,
      0.0,
      0.0,
      0.004862876848608871,
      0.019277349199550986,
      0.0,
      0.0,
      0.0,
      0.010378903111862568,
      0.0,
      0.0,
      0.0016274304403646434,
      1.83871445153337e-05,
      0.0008404843188936138,
      0.004408984937282455,
      0.0,
      0.005633498124716899,
      0.005714792334820901,
      0.004903352122299179,
      0.0,
      0.010478122925389655
    ],
    "low_data": false
  },
  "500000": {
    "median": 0.0,
    "p90": 0.010576475130349679,
    "p10": 0.0,