{
  "100000": {
    "median": 0.00021358791912572258,
    "p90": 0.01051354530920165,
    "p10": 0.0,
    "sample": [
      0.00012166611121995359,
      0.00018063920264824054,
      0.005085833060812277,
      0.0029511926265954396,
      0.0,
      0.005565015329767966,
      0.0,
      0.0,
      0.0,
      0.0027732779477933397,
      0.0,
      0.007992889359965803,
      0.0,
      0.0,
      0.014251046242558277,
      0.0036655405360869016,
      0.004381707449760256,
      0.0,
      0.0,
      0.0008915538673801495,
      0.0,
      0.0018713761280295695,
      0.0,
      0.0,
      0.0,
      0.0,
      0.0,
      0.004470281403420562,
      0.008105979941339983,
      0.00433160696720144,
      0.018647693244368303,
      0.003575744246694917,
      0.0,
      0.0,
      0.004027931650586076,
      0.0,
      0.007889297580734067,
      0.0,
      0.0008769694565980552,
      0.0016912702243885671,
      0.007024013600593365,
      0.004056759261970442,
      0.0,
      0.0,
      0.0,
      0.0,
      0.0,
      0.004994943277308443,
      0.022739640330776474,
      0.006325418040877477,
      0.0,
      0.0002806813587384339,
      0.014232138773737519,
      0.011028713049431819,
      0.002381241064966037,
      0.0025573588165581076,
      0.0,
      0.0,
      0.0,
      0.0051753412518899585,
      0.01071209483370256,
      0.0,
      0.0,
      0.0,
      0.0055603574159385485,
      0.0012185860389516557,
      0.003536801852631103,
      0.0,
      0.004723272077340014,
      0.0,
      0.0023046721688611965,
      0.0,
      0.0,
      0.0055142284053839846,
      0.0,
      0.0019453884528657702,
      0.0,
      0.003994383601967891,
      0.0,
      0.0,
      0.0,
      0.0,
      0.002327195363461025,
      0.0,
      0.0023817309154356525,
      0.0,
      0.008788478901687604,
      0.006709807112424991,
      0.0,
      0.005362876823639526,
      0.009754143200453112,
      0.0,
      0.011283577253913143,
      0.007676734770992833,
      0.008009813924818573,
      0.0001937807636235238,
      0.0,
      0.0,
      0.019315747614905277,
      0.0,
      0.011309994453836033,
      0.0043850044410988975,
      0.0,
      0.0,
      0.0,
      0.0,
      0.0013038781008159104,
      0.0211241491053485,
      0.0,
      0.008966565810255725,
      0.0,
      0.008871504179960034,
      0.005849850516968862,
      0.001031729756721919,
      0.0079021999306325,
      0.0,
      0.014648396891668183,
      0.003475269116792318,
      0.0029401397100018464,
      0.006497827049325683,
      0.0,
      0.0028540237590317726,
      0.007893150463123399,
      0.0,
      0.0004761317667498537,
      0.0,
      0.003470504950863818,
      0.0,
      0.015784954366683087,
      0.009026458097572916,
      0.0,
      0.005081203412088886,
      0.0,
      0.0070877545300508426,
      0.0,
      0.0074908255007327,
      0.0,
      0.004163041760062899,
      0.0024382422198243833,
      0.0,
      0.0,
      0.0,
      0.0,
      0.0,
      0.0,
      0.0,
      0.0,
      0.0,
      0.0,
      0.0,
      0.0,
      0.013857607370250708,
      0.009176223979584149,
      0.0011515938971205105,
      0.0,
      0.0,
      0.0,
      0.0028556353983134482,
      0.0,
      0.007956272761494307,
      0.0025139010644582337,
      0.012913486570709983,
      0.0,
      0.0,
      0.003765571932544827,
      0.0,
      0.01269684029677726,
      0.0,
      0.0,
      0.0,
      0.002247439892331618,
      0.012497675723597999,
      0.013518627426371789,
      0.0,
      0.007093704902189709,
      0.0,
      0.019511670182311144,
      0.0,
      0.0,
      0.0,
      0.0,
      0.0031146497534836736,
      0.006915984230426244,
      0.008469517816450582,
      0.0028905853993135603,
      0.005546112111789463,
      0.00721283941968522,
      0.004959293259562173,
      0.0,
      0.0,
      0.021509349915179887,
      0.0,
      0.0,
      0.00023339507462792134,
      0.0033376708300026808,
      0.031341918621128985,
      0.010491484250923772,
      0.0,
      0.005992126119050426,
      0.0
    ],
    "low_data": false
  },
  "250000": {
    "median": 0.00042525429809389453,
    "p90": 0.01070464989388352,
    "p10": 0.0,