{
  "100000": {
    "median": 0.0,
    "p90": 0.010890465835284985,
    "p10": 0.0,
    "sample": [
      0.00020740619822216794,
      0.0001759473840643751,
      0.0016646793845184957,
      0.0,
      0.007421598207214678,
      0.007287215094898534,
      0.010370363258024996,
      0.01615452089562739,
      0.0,
      0.0,
      0.0,
      0.006316507740402444,
      0.0,
      0.0,
      0.008127946909854413,
      0.00783306651378706,
      0.0,
      0.005782902053315692,
      0.0029139578698622252,
      0.0,
      0.006634515192923117,
      0.0,
      0.005034003014098107,
      0.01756522117183351,
      0.0,
      0.0,
      0.0,
      0.0,
      0.0007987539279219849,
      0.007130078258927403,
      0.0,
      0.0,
      0.0032151467208061516,
      0.0,
      0.0,
      0.011236420852297327,
      0.0,
      0.003627928288730865,
      0.0020955197058516893,
      0.001874713110283112,
      0.0,
      0.01268141314167912,
      0.0,
      0.009184793738147446,
      0.0014992344985984148,
      0.0022400134079131845,
      0.0,
      0.0,
      0.0,
      0.012440754284174672,
      0.01412525956337017,
      0.0,
      0.0,
      0.0,
      0.0026124297628215215,
      0.0,
      0.005603144838553472,
      0.00773262069186431,
      0.0028509800604190195,
      0.0,
      0.0,
      0.003156762748812785,
      0.0,
      0.010852026388950282,
      0.0,
      0.0028325132241656414,
      0.0,
      0.0,
      0.0,
      0.029117387881052212,
      0.0003440412004964414,
      0.0006172980880414381,
      0.002590556355740916,
      0.006580540896219506,
      0.0,
      0.0035520362756292397,
      0.0,
      0.0,
      0.0024965306826880067,
      0.010732166999794669,
      0.006212208826577736,
      0.0,
      0.0,
      0.0,
      0.0030841643492578834,
      0.0015826784834538107,
      0.0,
      0.012250284347230668,
      0.0,
      0.0,
      0.0,
      0.0,
      0.0,
      0.0,
      0.0,
      0.0,
      0.009948262937820912,
      0.0,
      0.0,
      0.0,
      0.00880678265646268,
      0.003992070417115606,
      0.0,
      0.0,
      0.012071998724794737,
      0.0,
      0.009919661864901742,
      0.0,
      0.0037138004319067185,
      0.0,
      0.0,
      0.0068533226066686825,
      0.0,
      0.011271790275499087,
      0.0,
      0.0,
      0.0,
      0.0,
      0.0,
      0.004735277704364093,
      0.007824729140281764,
      0.0,
      0.0007812314669800417,
      0.0004676794463213568,
      0.0,
      0.005162230368325795,
      0.0,
      0.0,
      0.0,
      0.005627008852923728,
      0.0,
      0.0,
      0.009008540079055114,
      0.0,
      0.005037178967866915,
      0.005352410193163471,
      0.0,
      0.0,
      0.0021191161403772744,
      0.0,
      0.0,
      0.02209144156523885,
      0.009628541600440483,
      0.0,
      0.0,
      0.0,
      0.009831180385479392,
      0.0177654301311855,
      0.014459740901906801,
      0.0,
      0.0029507377779507704,
      0.0,
      0.0027134067705045194,
      0.0,
      0.0,
      0.011865969344825075,
      0.0,
      0.01194265405893488,
      0.0013033771884701651,
      0.0,
      0.0,
      0.0,
      0.0,
      0.009040785256729227,
      0.0036907532419844,
      0.0,
      0.012804564389461716,
      0.005600314281193068,
      0.00565950961268897,
      0.0,
      0.012000004638532832,
      0.0,
      0.0020876425600627837,
      0.008025399660061813,
      0.0016869578238946552,
      0.0032715813638814306,
      0.0,
      0.001954436599767029,
      0.0,
      0.002168915788795049,
      0.0,
      0.0006314378095639379,
      0.00497768038211447,
      4.72412672043789e-05,
      0.0,
      0.0,
      0.004125171088459502,
      0.0015546483276100685,
      0.013734582697826665,
      0.015977546632005526,
      0.0,
      0.016764662704198633,
      0.0,
      0.0,
      0.00045217044158041395,
      0.0,
      0.003417745259617127,
      0.004559963458257481,
      0.0,
      0.0
    ],
    "low_data": false
  },
  "250000": {
    "median": 0.0,
    "p90": 0.011082261792278662,
    "p10": 0.0,