{
  "100000": {
    "median": 0.0,
    "p90": 0.012122631714887753,
    "p10": 0.0,
    "sample": [
      0.00014568727525553706,
      0.00017544955412527618,
      0.0,
      0.005685545624742126,
      0.0,
      0.0,
      0.0,
      0.006152846879814772,
      0.001756510135767747,
      0.0016519735344489314,
      0.0013424581872039359,
      0.011261212169135951,
      0.02521294424576774,
      0.006068427515893942,
      0.009378701626617504,
      0.0,
      0.0,
      0.0037848950000222096,
      0.0,
      0.0,
      0.0,
      0.0,
      0.010134848997391106,
      0.0001047599283588092,
      0.0,
      0.0,
      0.0,
      0.004931250479673448,
      0.012640937444744874,
      0.01904840648519055,
      0.0,
      0.0,
      0.0,
      0.01194040701804007,
      0.0,
      0.0,
      0.007444190491046968,
      0.01429706178738694,
      0.0,
      0.0,
      0.0064158797238714135,
      0.004511259658819912,
      0.015620065482299203,
      0.015266893428178429,
      0.004974291081928504,
      0.0,
      0.0,
      0.0,
      0.0,
      0.004974675767547413,
      0.0,
      0.004365292464525541,
      0.0,
      0.0,
      0.0,
      0.007528376952884542,
      0.00042413609177161595,
      0.0,
      0.0,
      0.0011149968935044773,
      0.009450772655006164,
      0.002565584022353551,
      0.00985311573008414,
      0.0,
      0.0,
      0.0,
      0.0,
      0.011208623284724531,
      0.01969027594939382,
      0.0,
      0.0,
      0.0,
      0.007172520421223064,
      0.0,
      0.0,
      0.008633898045717202,
      0.0,
      0.01533398332123163,
      0.01740466009039173,
      0.0,
      0.0046481138381106344,
      0.0,
      0.0027775333567815405,
      0.0,
      0.015381124513810338,
      0.0,
      0.012315231527256134,
      0.0,
      0.0,
      0.0,
      0.00444317476098443,
      0.005363050141787902,
      0.0,
      0.0,
      0.0,
      0.0065218706851615784,
      0.0,
      0.012101231735735712,
      0.007613145897861132,
      0.003320012188299649,
      0.008013481829004456,
      0.011861497538325464,
      0.0,
      0.004514973852288709,
      0.0,
      0.00819560531757964,
      0.0019290796972224467,
      0.0,
      0.0,
      0.013765954211863565,
      0.0,
      0.003132590399755124,
      0.006484352285667847,
      0.004097647117739103,
      0.0,
      0.004147122409345714,
      0.004839739245905777,
      0.0,
      0.002791569760898989,
      0.00319358579733617,
      0.01450130725611818,
      0.0001913165508347383,
      0.015029182761923072,
      0.0,
      0.0,
      0.003972253343077419,
      0.00671658289671758,
      0.0,
      0.0,
      0.020729029620193334,
      0.002030652433276111,
      0.0,
      0.0032622253732017426,
      0.008244314272425826,
      0.004304020368863382,
      0.013404958801343842,
      0.0,
      0.0,
      0.0010628557960653388,
      0.015499645496569518,
      0.009873140721530801,
      0.0,
      0.0,
      0.0,
      0.0,
      0.0,
      0.0013799086795208385,
      0.0013306416111837274,
      0.0,
      0.0,
      0.00981273953500402,
      0.0,
      0.0,
      0.0,
      0.0,
      0.0,
      0.0,
      0.0,
      0.0,
      0.0,
      0.003341729722771461,
      0.0,
      0.0,
      0.0,
      0.0,
      0.01461629437661274,
      0.0,
      0.0,
      0.010383841669985608,
      0.0,
      0.01296451381506251,
      0.0,
      0.0,
      0.008111978481774095,
      0.0029800449136948,
      0.004003514462634754,
      0.006024642160153246,
      0.0,
      0.0,
      0.0,
      0.0,
      0.005360620233331454,
      0.004147489068890892,
      0.0,
      0.0,
      0.0,
      0.0,
      0.0,
      0.006184375281696451,
      0.0,
      0.0,
      0.018468446472952822,
      0.010884254013707234,
      0.0,
      0.0,
      0.0,
      0.0,
      0.0032042017088437006,
      0.00677289458405261,
      0.0029524800448323062
    ],
    "low_data": false
  },
  "250000": {
    "median": 0.0,
    "p90": 0.012224608640505235,
    "p10": 0.0,
    "sample": [
      0.0003323285316632351,
      0.00040021952913287315,
      0.0,
      0.0058887832781126205,
      0.0,
      0.0,
      0.0,
      0.006361208603106324,
      0.0019000173747018426,
      0.0018410884441551097,
      0.0015131943656110601,
      0.011359586345357756,
      0.02543089643397209,
      0.006184223568110685,
      0.00949850875109657,
      0.0,
      0.00011728811594223162,
      0.00388592792757244,
      0.0,
      0.0,
      0.0,
      0.0,
      0.010280354098956154,
      0.00027257058042607106,
      0.0,
      0.0,
      0.0,
      0.005030426528241915,
      0.01287398290964432,
      0.019191060763107576,
      0.0,
      0.0,
      0.0,
      0.012136342950311373,
      0.0,
      0.0,
      0.00762530266768772,
      0.014474677184302719,
      0.0,
      0.0,
      0.00655674000500499,
      0.004706516393421836,
      0.015799795179274254,
      0.015437185276860806,
      0.005178071958891587,
      0.0,
      0.0,
      0.0,
      0.0,
      0.005098785379201538,
      0.0,
      0.00453942619368879,
      0.0,
      0.0,
      0.0,
      0.007678599748940848,
      0.0005241571053952547,
      0.0,
      0.0,
      0.001226685578548489,
      0.009556692684654268,
      0.0027038804862556777,
      0.009991152422277303,
      0.0,
      0.0,
      0.0,
      0.0,
      0.011378566683870068,
      0.01978705281440201,
      0.0,
      0.0,
      0.0,
      0.007285126175123717,
      0.0,
      0.0,
      0.008735940821016079,
      0.0,
      0.015540599703272555,
      0.01751278689733793,
      0.0,
      0.00474855541871091,
      0.0,
      0.003001444810665205,
      0.0,
      0.015501115730229878,
      0.0,
      0.012432066128295748,
      0.0,
      0.0,
      0.0,
      0.00466615223724206,
      0.0054617919128917836,
      0.0,
      0.0,
      0.0,
      0.00661970492396842,
      0.0,
      0.012201557808528513,
      0.007711375406748123,
      0.003423362866044214,
      0.00825731093795596,
      0.011956359993110975,
      0.0,
      0.004738223431547125,
      0.0,
      0.008337087674871601,
      0.002115871978112398,
      0.0,
      0.00022422940029820485,
      0.013889586329729161,
      0.0,
      0.003240878909160385,
      0.006619858704915124,
      0.004203809516599794,
      0.0,
      0.004267616499979145,
      0.005007805805848283,
      0.0,
      0.002905690389116952,
      0.0033247273360408826,
      0.014596561906611972,
      0.0003197442953595602,
      0.015147462720324833,
      0.0,
      0.0,
      0.004182849996936777,
      0.0068668926866697465,
      0.0,
      0.0,
      0.02091051680301954,
      0.002176323971312647,
      0.0,
      0.0034063410518619707,
      0.008420166507060588,
      0.004563818360707898,
      0.01352562228041212,
      0.0,
      0.0,
      0.0012271358215286327,
      0.01563257471807723,
      0.010125425411340008,
      0.0,
      0.0,
      0.0,
      0.0,
      0.0,
      0.0015363641530908374,
      0.0015737761908666181,
      0.0,
      0.0,
      0.009987995446726197,
      0.0,
      0.0,
      0.0,
      0.0,
      0.0,
      0.0,
      0.0,
      0.0,
      0.0,
      0.003455731833862252,
      0.0,
      0.0,
      0.00021131142632025744,
      0.0,
      0.014833922896504023,
      0.0,
      0.0,
      0.010517248556146027,
      0.0,
      0.013170836914366804,
      0.0,
      0.0,
      0.008310173322020276,
      0.0031736942532375368,
      0.004099120369635518,
      0.006232304695690209,
      0.0,
      0.0,
      0.0,
      0.0,
      0.005467984755141236,
      0.004281082008892653,
      0.0,
      0.0,
      0.0,
      0.0,
      0.0,
      0.006309592121127722,
      0.0,
      0.0,
      0.018560736217151142,
      0.010983102561188195,
      0.0,
      0.0,
      0.0,
      0.0,
      0.0032995154281521793,
      0.006965372918735172,
      0.003049574470312049
    ],
    "low_data": false
  },