{
  "100000": {
    "median": 1.7092602490672883e-05,
    "p90": 0.010576094472592059,
    "p10": 0.0,
    "sample": [
      8.488139474313635e-05,
      0.00010644231359395722,
      0.0010324371715566207,
      0.006966957745035926,
      0.0,
      0.0,
      0.004389239380853142,
      0.0,
      0.0,
      0.0,
      0.005305566364881534,
      0.0012837447202830705,
      0.016944151794254868,
      0.011427782069011717,
      0.0027143139064731933,
      5.0509897215879676e-05,
      0.00589492506334701,
      0.01213522741028073,
      0.006873761640293688,
      0.0,
      0.0,
      0.005551695760120971,
      0.0,
      0.009359307696076681,
      0.0,
      0.0031637444593861155,
      0.0050445292563388025,
      0.008189522702259814,
      0.0,
      0.0,
      0.0,
      0.0,
      0.0,
      0.0,
      0.0,
      0.0,
      0.000944424329557547,
      3.4185204981345766e-05,
      0.0,
      0.006038153194108264,
      0.004863296118385362,
      0.0,
      0.0020381176335470814,
      0.0,
      0.0,
      0.01887983803373223,
      0.0,
      0.006025988599199584,
      0.0010124578137978846,
      0.0,
      0.0031094597105945005,
      0.0,
      0.0164221197733011,
      0.002965335254282894,
      0.0,
      0.00020253909690190442,
      0.0,
      0.007231469712667924,
      0.0,
      0.006612317581584722,
      0.0025729840316979285,
      0.0,
      0.0,
      0.0,
      0.0,
      0.0,
      0.0,
      0.0024152932515441984,
      0.012827891334687,
      0.005701750936927269,
      0.0,
      0.004948667885265136,
      0.0,
      0.0,
      0.0,
      0.0,
      0.0,
      0.0,
      0.0,
      0.0,
      0.0,
      0.0,
      0.004794506892139456,
      0.0,
      0.0,
      0.00413404703089878,
      0.0,
      0.020989190846643087,
      0.010565121977811176,
      0.008342141264186824,
      0.004066832225538773,
      0.0,
      0.0,
      0.0,
      0.014370078112779,
      0.009860965487479256,
      0.008276965454156383,
      0.0007405545577885182,
      0.0018536897044797909,
      0.0,
      0.0,
      0.005540082381845295,
      0.0,
      0.0132231411890007,
      0.0,
      0.00895843350767224,
      0.0,
      0.0,
      0.00014516587767436187,
      0.01747012006080835,
      0.0,
      0.0,
      0.007891978898461627,
      0.013089917826193084,
      0.007856505159969213,
      0.0,
      0.0,
      0.0029937367775660605,
      0.006160029913218926,
      0.0,
      0.007793545028940402,
      0.010629760275288499,
      0.0,
      0.0,
      0.017479545745966857,
      0.0,
      0.011428166450053278,
      0.0,
      0.0,
      0.007384410558608671,
      0.0,
      0.001099150305595345,
      0.0024721411280932515,
      0.0026357337149542043,
      0.0,
      0.0,
      0.0,
      0.0,
      0.0,
      0.0,
      0.0015732231919280697,
      0.0,
      0.005263077678359282,
      0.016945200051791655,
      0.006011106092088377,
      0.0,
      0.0,
      0.0028682588438102654,
      0.0,
      0.0027490479137273253,
      0.00011627125166344903,
      0.0018534761008550753,
      0.004354567733169188,
      0.006271140127113614,
      0.013490148922562428,
      0.004317430704016854,
      0.0,
      0.0164209798963558,
      0.0,
      0.0,
      0.00033451414141981634,
      0.0,
      0.0,
      0.0,
      0.0,
      0.019224503667459623,
      0.00736024227162841,
      0.0,
      0.0,
      0.0,
      0.0,
      0.0,
      0.007479748665938861,
      0.010167810891987462,
      0.0,
      0.0,
      0.0,
      0.009164043840354553,
      0.0,
      0.004466224051424013,
      0.010570131605625787,
      0.00039508636825096835,
      0.005072501376061446,
      0.0,
      0.004932243697461656,
      0.005408220417282327,
      0.005136838009726989,
      0.005786218111290219,
      0.005268349989331362,
      0.014851689324706242,
      0.009827384341915633,
      0.01134023793690704,
      0.008051996632280066,
      0.0,
      0.0,
      0.0,
      0.0044181157389909876,
      0.0,
      0.0,
      0.0
    ],
    "low_data": false
  },
  "250000": {
    "median": 9.025661957089058e-05,
    "p90": 0.010676919897390634,
    "p10": 0.0,