{
  "100000": {
    "median": 0.0007073530633300096,
    "p90": 0.011884233388894836,
    "p10": 0.0,
    "sample": [
      0.0001997856102442906,
      8.692298308419552e-05,
      0.0,
      0.0005930800306405761,
      0.0,
      0.006972888183396812,
      0.010924828285564086,
      0.014965537715975292,
      0.00011788688832059512,
      0.011196833571800903,
      0.0,
      0.012423464505128167,
      0.021071312109183157,
      0.0008991564996399956,
      0.0,
      0.0,
      0.0008240326638904072,
      0.0,
      0.0167965633640249,
      0.0,
      0.0054719045145106065,
      0.0,
      0.0,
      0.002728054687382049,
      0.0,
      0.01176399995937133,
      0.005063241049019002,
      0.0024155936071670533,
      0.0,
      0.008792954816944736,
      0.0,
      0.0,
      0.006470836757914986,
      0.0016873272402216871,
      0.0,
      0.0,
      0.0,
      0.0,
      0.0019038680458002837,
      0.0,
      0.0,
      0.006549974055969271,
      0.002465631843666393,
      0.007456394798448893,
      0.0,
      0.00577912604016347,
      0.0006802788723152878,
      0.0,
      0.0002750482129136345,
      0.003010417317865821,
      0.0,
      0.0,
      0.0,
      0.0124327735192157,
      0.0,
      0.003093663736331169,
      0.0,
      0.0003220082841486214,
      0.0014520177485953779,
      0.0,
      0.0046273174127601895,
      0.0,
      0.0,
      0.0,
      0.0,
      0.004017683397318936,
      0.00037192691543524504,
      0.0,
      0.01062131571199221,
      0.0,
      0.0,
      0.0,
      0.0,
      0.0,
      0.0,
      0.0,
      0.0,
      0.009763892040550523,
      0.023344002989239134,
      0.009134270050499485,
      0.0015627896879859939,
      0.0,
      0.0,
      0.0,
      0.0,
      0.0,
      0.0,
      0.003336998148753425,
      0.002099071392455038,
      0.0019329841783043177,
      0.006019672773624926,
      0.0,
      0.007896785728002667,
      0.0,
      0.010696154786075166,
      0.005648972389127709,
      0.00729688681572732,
      0.0,
      0.008305039965211728,
      0.0021777605578004555,
      0.0,
      0.00891676353736651,
      0.019127746042195654,
      0.007531936392484699,
      0.007696089881299419,
      0.013032891901575451,
      0.0,
      0.0,
      0.008263937629886099,
      0.0,
      0.001516525109462863,
      0.0007197269668438988,
      0.01404442511314531,
      0.0054145557339017915,
      0.0051055974526347985,
      0.004437158015111966,
      0.008873745925684939,
      0.00831735662232504,
      0.0,
      0.0,
      0.0013630535803416347,
      0.02026067847788676,
      0.0022845408544440904,
      0.007911066466832881,
      0.004051770940740938,
      0.0,
      0.007426143831883043,
      0.0053126366384629595,
      0.0,
      0.0,
      0.0,
      0.0,
      0.015765398639391855,
      0.0038152120576145834,
      0.0,
      0.0,
      0.0,
      0.0071827751640064046,
      0.008598286432125568,
      0.0016311924278414524,
      0.005739929753089709,
      0.002692216117279704,
      0.006881343525332153,
      0.0156121016534553,
      0.0,
      0.0,
      0.0,
      0.0018793266071273438,
      0.0,
      0.01529646077538411,
      0.0006605231831900285,
      0.0,
      0.0023105642015359175,
      0.003664952789606901,
      0.0006949791598161205,
      0.0,
      0.0,
      0.010615199602247893,
      0.004762699518606953,
      0.001450091619541302,
      0.006079254583380209,
      0.0,
      0.011836935377139349,
      0.00901776181625319,
      0.007436411760724192,
      0.0,
      0.009583068771028463,
      0.0,
      0.0,
      0.01979614262685435,
      0.011525090597790364,
      0.0,
      0.012230983302180422,
      0.0,
      0.0,
      0.006711639987137542,
      0.003107200146688542,
      0.0,
      0.009320402088729066,
      0.012417691601062262,
      0.020290942942328454,
      0.0,
      0.0,
      0.0,
      0.0,
      0.0,
      0.0017225787895056592,
      0.010238962083915762,
      0.0,
      0.011845705620751995,
      0.023525527953163986,
      0.0,
      0.0,
      0.0,
      0.0,
      0.020970125545339183,
      0.0,
      0.0,
      0.015289541437445722,
      0.0020129094015004507
    ],
    "low_data": false
  },
  "250000": {
    "median": 0.0008924354067959167,
    "p90": 0.012125248632336922,
    "p10": 0.0,