{
  "100000": {
    "median": 0.00011754408986863862,
    "p90": 0.009636106994137297,
    "p10": 0.0,
    "sample": [
      0.00017186140774624723,
      8.634945575951508e-05,
      0.0,
      0.007802616981360002,
      0.0,
      0.006801049812747377,
      0.0,
      0.004926778990852956,
      0.0,
      0.0029829456772681446,
      0.0,
      0.002612543595487562,
      0.009453148527645673,
      0.0,
      0.003969982498061292,
      0.009237198205977404,
      0.0041748071822395585,
      0.0,
      0.00019247011919448434,
      0.005263060169629727,
      0.005925033172807493,
      0.006910572913721444,
      0.015843285001738493,
      0.005435738865511421,
      0.0012902407475662552,
      0.011811689274131284,
      0.009859082419110987,
      0.0,
      0.0,
      0.0,
      0.007950714054594545,
      0.00826114025448444,
      0.00048696644125353114,
      0.0032552363397833424,
      0.011899127336680422,
      0.0,
      0.001535610309862857,
      3.5843685669300664e-05,
      0.01140897607388446,
      0.013056222622594977,
      0.0,
      0.005682166092604876,
      0.0,
      0.0111855353237286,
      0.0034658702692734384,
      0.01166103138818955,
      0.0013133226712222117,
      0.005650241173411501,
      0.007941216276140153,
      0.0,
      0.007083136927711745,
      0.006164277704791096,
      0.0,
      0.0,
      0.00567939117921784,
      0.0,
      0.0,
      0.0,
      0.0,
      0.008259729880507017,
      0.0,
      0.0,
      0.006795014204811803,
      0.0,
      0.0,
      0.0,
      0.0,
      0.0009176471522602953,
      0.001999297784847236,
      0.004584499977878841,
      0.0,
      0.0,
      0.0,
      0.0,
      0.0036530201280992715,
      0.0,
      0.0,
      0.0,
      0.0035712213734460786,
      0.0011427010068229392,
      0.0,
      0.008044409439217566,
      0.008816533903087106,
      0.023575054212032723,
      0.0,
      0.0,
      0.0005718534307587241,
      0.0,
      0.0019012207876510586,
      0.0,
      0.0018539738058364025,
      0.0,
      0.0,
      0.0,
      0.0,
      0.009526867963859749,
      0.0,
      0.0,
      0.0,
      0.0015897207659735571,
      0.0,
      0.004958536355389302,
      0.0,
      0.0,
      0.0,
      0.009627207982928192,
      0.0,
      0.0,
      0.019473931955891994,
      0.0023806985601425353,
      0.00284879488193361,
      0.0066689147363794676,
      0.007865117936490876,
      0.0,
      0.0040119509832609035,
      0.0,
      0.0,
      0.007722498346542965,
      0.0,
      0.0,
      0.00014873872397776216,
      0.0,
      0.0,
      0.010178488263806107,
      0.007155983762900218,
      0.014837048200392791,
      0.0,
      0.0,
      0.0,
      0.0,
      0.0063252051468245685,
      0.011235140246869543,
      0.0,
      0.0026954921797395152,
      0.0117379872081345,
      0.0,
      0.00824357375118488,
      0.014744354457191444,
      0.0,
      0.006959713972285013,
      0.00047665153599660547,
      0.0,
      0.006161310727316793,
      0.0,
      0.0,
      0.0,
      0.0,
      0.0,
      0.0,
      0.010299155751714265,
      0.01198634208093984,
      0.0,
      0.008555708528968734,
      0.0,
      0.0007151987247339008,
      0.0,
      0.0,
      0.005209832955831623,
      0.004796784928707523,
      0.0,
      0.0,
      0.00016078132997506125,
      0.0,
      0.0,
      0.0,
      0.0047413756252759455,
      0.005224434578147821,
      0.0,
      0.00207168688006489,
      0.0027342510278419033,
      0.0,
      0.0,
      0.0,
      0.005876172331950649,
      0.008025522609725506,
      0.0,
      0.0,
      0.0025564745647184478,
      0.0,
      0.0019106800450894774,
      0.0,
      0.001116702135004522,
      0.0,
      0.0029072235223963523,
      0.0,
      0.005079080626120513,
      0.0024636395460248973,
      0.0,
      0.0,
      0.0,
      0.014816487253090569,
      0.004598170670015787,
      0.0,
      0.0065808199753525,
      0.0,
      0.00971619809501924,
      0.0,
      0.011897214266970607,
      0.0,
      0.0013240845954813206
    ],
    "low_data": false
  },
  "250000": {
    "median": 0.00025885795141019534,
    "p90": 0.009897450845623702,
    "p10": 0.0,