{
  "100000": {
    "median": 0.00013865275085087143,
    "p90": 0.01162992415323581,
    "p10": 0.0,
    "sample": [
      0.00015506623586137775,
      0.0001222392658403651,
      0.0,
      0.016407275709945587,
      0.019793055046875743,
      0.0031148717962630784,
      0.01339361700414723,
      0.0,
      0.023676768845837703,
      0.009315092869739545,
      0.0,
      0.0,
      0.00213012024297557,
      0.0,
      0.01714565505359684,
      0.002458185561214334,
      0.009709742089700633,
      0.0004451756289490678,
      0.0,
      0.0,
      0.003328090591212361,
      0.0,
      0.0,
      0.010920238280807917,
      0.0,
      0.0023930156105353073,
      0.0,
      0.00571403998206836,
      0.0,
      0.009306493209981793,
      0.0,
      0.0,
      0.0,
      0.0,
      0.0,
      0.0,
      0.013284626706145887,
      0.0,
      0.0,
      0.0,
      0.0,
      0.0,
      0.006146311957116232,
      0.0048004613944319955,
      0.0038405208643671122,
      0.0,
      0.009497931845589806,
      0.0008491020022529993,
      0.0,
      0.002229703942418319,
      0.01464879639641376,
      0.0,
      0.0035467560791592116,
      0.004404226601030573,
      0.01125465160039777,
      0.00905203383244039,
      0.0,
      0.0020848520975711203,
      0.0,
      0.0,
      0.0,
      0.007409431314613276,
      0.011957890790410828,
      0.0,
      0.011426364564470281,
      0.0,
      0.0,
      0.0,
      0.0043496951903930535,
      0.0,
      0.0,
      0.013832155205827432,
      0.010262001099012992,
      0.017785915031810227,
      0.0,
      0.0011445967401174798,
      0.0,
      0.0037505062880300983,
      0.0,
      0.005576358527633761,
      0.0,
      0.0,
      0.0,
      0.0,
      0.0,
      0.0010302283911749123,
      0.009619690872932527,
      0.0,
      0.003191135726956265,
      0.009538459683782623,
      0.0,
      0.0,
      0.0,
      0.01095900153464665,
      0.010100413427205489,
      0.012772016584045297,
      0.0,
      0.005524616804701529,
      0.0,
      0.0031717835645686566,
      0.0036325903706550815,
      0.005030466040829209,
      0.0,
      0.00573110053608496,
      0.0,
      0.0,
      0.013075842534962257,
      0.004003505387031874,
      0.0,
      0.01611501237574123,
      0.008762561256568832,
      0.0010472010330892828,
      0.0023752533355037493,
      0.001261540110412657,
      0.0,
      0.0008149660237206121,
      0.0029209980035094464,
      0.0,
      0.0,
      0.005202658258053181,
      0.0,
      0.0,
      0.0,
      0.0023440459348966617,
      0.0,
      0.0,
      0.0030483680165572136,
      0.0,
      0.0,
      0.005945247984417053,
      0.0,
      0.0005250570850423662,
      0.0,
      0.006255735229913167,
      0.00036367291597651366,
      0.0,
      0.0,
      0.0,
      0.009324351880852276,
      0.002349354226658373,
      0.0,
      0.0009947250603606498,
      0.022980665379479303,
      0.003793023911239436,
      0.0026971323563117246,
      0.0,
      0.004314314014168651,
      0.008853086240044088,
      0.0001580664478359296,
      0.0,
      0.0,
      0.012227533621283794,
      0.0,
      0.0,
      0.005232337367155563,
      0.015888483983978414,
      0.0,
      0.0,
      0.016757917181254366,
      0.0,
      0.0,
      0.0,
      0.0,
      0.0,
      0.006006844546704293,
      0.0,
      0.0,
      0.0,
      0.013730860806072932,
      0.01159348341577192,
      0.0,
      0.00279631917464416,
      0.0,
      0.009459816907108546,
      0.0,
      0.008686334532495833,
      0.0,
      0.0,
      0.015722597042770403,
      0.0,
      0.0019648744088391276,
      0.0,
      0.005468719291342325,
      0.009731902912936899,
      0.011375118841276583,
      0.011299848196321537,
      0.00505600231214474,
      0.0,
      0.004507146717161783,
      0.01137922258022181,
      0.0,
      0.0,
      0.005139086235168578,
      0.0,
      0.0,
      0.0,
      0.006881166273514427,
      0.01885060203527522,
      0.0,
      0.005484101071960483
    ],
    "low_data": false
  },
  "250000": {
    "median": 0.00027290933918702894,
    "p90": 0.011849535101764853,
    "p10": 0.0,