{
  "100000": {
    "median": 0.0,
    "p90": 0.014568954978227265,
    "p10": 0.0,
    "sample": [
      0.00012201462726311203,
      0.0001905393779919017,
      0.005852009165279927,
      0.0,
      0.01646128802551731,
      0.0,
      0.0,
      0.013364513206125818,
      0.0,
      0.0,
      0.0,
      0.0010707539671537748,
      0.0,
      0.0,
      0.0,
      0.0,
      0.001225249548744574,
      0.0,
      0.0,
      0.0,
      0.0,
      0.011923613195334455,
      0.0,
      0.006408075609931313,
      0.0,
      0.0,
      0.0013301287821705513,
      0.010032298539406011,
      0.0,
      0.01716509071297699,
      0.005840292840314284,
      0.0,
      0.001532109036383105,
      0.0,
      0.01756218139411418,
      0.0,
      0.0,
      0.006888461985847849,
      0.012249645883287167,
      0.01661992664310805,
      0.003538996081074081,
      0.007439907635271978,
      0.0,
      0.0,
      0.003022715496665435,
      0.011217919101315157,
      0.013165250653817077,
      0.0,
      0.0,
      0.0,
      0.0006533394610742118,
      0.0,
      0.010471239750577776,
      0.002369872647618353,
      0.0,
      0.01593223508317143,
      0.013489545688401482,
      0.0,
      0.0,
      0.010845980293316473,
      0.0,
      0.0,
      0.0,
      0.0,
      0.01487489171914433,
      0.015248886259503444,
      0.0,
      0.016226370007555172,
      0.008329329346289889,
      0.00942816882624173,
      0.001736964148740773,
      0.003492653635905519,
      0.0,
      0.0,
      0.0,
      0.018244319470759864,
      0.0,
      0.00936061578484247,
      0.0017227022885900074,
      0.0,
      0.0,
      0.015599954629707171,
      0.0,
      0.0,
      0.0,
      0.0,
      0.008805053133639155,
      0.0,
      0.02232231373722629,
      0.013852847325689964,
      0.007320106006761941,
      0.0,
      0.0,
      0.0,
      0.0,
      0.008754659786673512,
      0.0,
      0.0,
      0.0,
      0.0,
      0.0037976424588727817,
      0.00775865529469405,
      0.0,
      0.0,
      0.0,
      0.0,
      0.010724283695980339,
      0.0,
      0.0,
      0.007248917450389669,
      0.0,
      0.0,
      0.0,
      0.0025792194538680957,
      0.0,
      0.016959361564831563,
      0.0,
      0.014804045321690686,
      0.0,
      0.0,
      0.014896792879069308,
      0.0,
      0.0007387941742307535,
      0.0,
      0.026311387541800884,
      0.003567932350160439,
      0.0,
      0.0013798544586075463,
      0.0,
      0.012090629469154306,
      0.009523608721506621,
      0.0,
      0.005340306912422204,
      0.0,
      0.004717169058875235,
      0.0,
      0.01975477200655696,
      0.0,
      0.009144115843943758,
      0.0020374174286812746,
      0.01456006757758115,
      0.007119962988976453,
      0.0,
      0.01229708210765603,
      0.013451014345268556,
      0.003526958991098935,
      0.0,
      0.009128323538847,
      0.0,
      0.0,
      0.0030170968226218052,
      0.003152242681188188,
      0.0,
      0.0,
      0.0,
      0.005767198732357902,
      0.0035513387967590483,
      0.0,
      0.0,
      0.0,
      0.0,
      0.0,
      0.006507731030303534,
      0.0033111898999232106,
      0.0,
      0.030149693300016007,
      0.011325183496722256,
      0.00972284867031896,
      0.006369621587729333,
      0.016589350091599585,
      0.0013084912752508407,
      0.0023348786378208385,
      0.004291012565541845,
      0.006213046507794805,
      0.0,
      0.017527416834089732,
      0.008871398360515632,
      0.0,
      0.0003705497104996569,
      0.006300840130166427,
      0.0,
      0.014150944512072508,
      0.0005320649982582123,
      0.0,
      0.0,
      0.0,
      0.0,
      0.006344504909605929,
      0.0,
      0.0,
      0.00585450112644419,
      0.0013786503142526642,
      0.0,
      0.0019806046503474334,
      0.0,
      0.014648941584042301,
      0.0015736780226947575,
      0.0,
      0.0012342554611066926,
      0.0
    ],
    "low_data": false
  },
  "250000": {
    "median": 0.0,
    "p90": 0.014665709423890215,
    "p10": 0.0,
    "sample": [
      0.00027832864502863185,
      0.00043464105977003087,
      0.005954907522395494,
      0.0,
      0.016580000300081412,
      0.0,
      0.0,
      0.013532370696796303,
      0.0,
      0.0,
      0.0,
      0.001172784234302156,
      0.0,
      0.0,
      0.0,
      0.0,
      0.001439601450235593,
      0.0,
      0.0,
      0.0,
      0.0,
      0.012044278375913028,
      0.0,
      0.006604358068951408,
      0.0,
      0.0,
      0.0015566151440132186,
      0.010230911605378451,
      0.0,
      0.017333917923355827,
      0.005953358660291122,
      0.0,
      0.0016403178334632599,
      0.0,
      0.017670552587520948,
      0.0,
      0.0,
      0.007000122622097541,
      0.012374803424639825,
      0.016749666589894976,
      0.0036604524873213758,
      0.007651564746206472,
      0.0,
      0.0,
      0.0031387611406900866,
      0.011413480889773397,
      0.013262720067805926,
      0.0,
      0.0,
      0.0,
      0.0007869781266931596,
      0.0,
      0.01055538932686576,
      0.0024685355060312746,
      0.0,
      0.01607507864049742,
      0.013630014938041163,
      0.0,
      0.0,
      0.010932830548256861,
      0.0,
      0.0,
      0.0,
      0.0,
      0.015011876695608524,
      0.01536983064314382,
      0.0,
      0.016318115502077565,
      0.008456234207494907,
      0.009520562734938565,
      0.001823731545999282,
      0.003582013845096401,
      0.0,
      0.0,
      0.0,
      0.01834457645540418,
      0.0,
      0.009555887948583,
      0.0018462947896862824,
      0.0,
      0.0,
      0.015789253892647414,
      0.0,
      0.0,
      0.0,
      0.0,
      0.008886519725548811,
      0.0,
      0.02247091012271831,
      0.014009008358377237,
      0.007492221135839278,
      0.0,
      0.0,
      0.0,
      0.0,
      0.008831460402712899,
      0.0,
      0.0,
      0.0,
      0.0,
      0.0038793307014277243,
      0.007875365567065301,
      0.0,
      0.0,
      0.0,
      0.0,
      0.01090160519416891,
      0.0,
      0.0,
      0.007440535193447765,
      0.0,
      0.0,
      0.0,
      0.0026797516908842736,
      0.0,
      0.017046458338052184,
      0.0,
      0.014921481697372096,
      0.0,
      0.0,
      0.015012752382986523,
      0.0,
      0.0008141851253888235,
      0.0,
      0.026424861320130964,
      0.003750527306271803,
      0.0,
      0.0015190723268669122,
      0.0,
      0.012215281327914438,
      0.009704149150688287,
      0.0,
      0.00543467731700243,
      0.0,
      0.004837116296016675,
      0.0,
      0.019836892863035856,
      0.0,
      0.009240083554922708,
      0.0021801086852165094,
      0.014654722529622678,
      0.007204632613917048,
      0.0,
      0.012372612807642507,
      0.013574149893657884,
      0.0036240938523654878,
      0.0,
      0.009209859603376024,
      0.0,
      0.0,
      0.003094210228880988,
      0.00327654076229513,
      0.0,
      0.0,
      0.0,
      0.005844264350700463,
      0.0037023799554291507,
      0.0,
      0.0,
      0.0,
      0.0,
      0.0,
      0.006671069377188617,
      0.0034147726224757705,
      0.0,
      0.030280506179159856,
      0.011425548534742785,
      0.00981464080413498,
      0.006455950943373015,
      0.016777672292938396,
      0.0013930723887000075,
      0.0024168493640796696,
      0.004385888385823675,
      0.0063914744256779645,
      0.0,
      0.01760265484185576,
      0.008961638883218742,
      0.0,
      0.0005246576744727354,
      0.006411907468680631,
      0.0,
      0.01423211351547039,
      0.0006915227831528704,
      0.0,
      0.0,
      0.0,
      0.0,
      0.006419621226570159,
      0.0,
      0.0,
      0.0059803884792560755,
      0.0014745302704016407,
      0.0,
      0.002060373532072324,
      0.0,
      0.014764591472298059,
      0.0016580789582635806,
      0.0,
      0.001340183142066107,
      0.0
    ],