{
  "100000": {
    "median": 0.0009594025931611335,
    "p90": 0.014220893345257637,
    "p10": 0.0,
    "sample": [
      0.00016294629276768422,
      0.0001421203838508401,
      0.0,
      0.008851058709227718,
      0.017358279033896248,
      0.011786408841043946,
      0.009082121839868585,
      0.01928294181727641,
      0.019784053432110805,
      0.0,
      0.01536170430242448,
      0.005006304029048317,
      0.0031570344381838286,
      0.016229827336077765,
      0.0,
      0.02125519423535058,
      0.009564205896931879,
      0.0009763685900663321,
      0.0,
      0.012834135003502558,
      0.0,
      0.0,
      0.0,
      0.0,
      0.015288837820277226,
      0.0,
      0.0,
      0.008597497937325364,
      0.0012064481112931535,
      0.0,
      0.007896559198166968,
      0.005777115058144813,
      0.02138052301625168,
      0.0,
      0.007435845123147975,
      0.006729273135787956,
      0.006515109950196043,
      0.012818127187158525,
      0.0,
      0.011374678723470507,
      0.0,
      0.009768261557327792,
      0.0,
      0.007831296806143884,
      0.009802290933115519,
      0.0059638400090989245,
      0.014215188219536812,
      0.0,
      0.02148146163092178,
      0.0019187793949228796,
      0.0,
      0.0,
      0.0,
      0.0062675089970663025,
      0.0,
      0.0,
      0.003108413980796352,
      0.0,
      0.0,
      0.0,
      0.0017754413648424525,
      0.009622571051685664,
      0.0,
      0.004780017388376951,
      0.0,
      0.0,
      0.0,
      0.0,
      0.0027104679304448816,
      0.0,
      0.0,
      0.0016444388335604165,
      0.0,
      0.0023112162845435,
      0.008389443230198034,
      0.0,
      0.003908980979869544,
      0.015544993709982661,
      0.0,
      0.0,
      0.010256269411678162,
      0.008635434818214337,
      0.0,
      0.0006119929919503658,
      0.0,
      0.0,
      0.0,
      0.004117949329714949,
      0.004858426964695676,
      0.007845017357865114,
      0.006801832399181017,
      0.0,
      0.0,
      0.005127606884761845,
      0.0,
      0.006147882769482055,
      0.0,
      0.01516178839227222,
      0.00429032475584057,
      0.006349893244000328,
      0.0,
      0.00827642360408577,
      5.5310985648072225e-05,
      0.0,
      0.025109580059834116,
      0.00951895462037595,
      0.013892939220311491,
      0.0,
      0.005840289767584471,
      0.00297745389626016,
      0.0,
      0.0,
      0.004447900026477731,
      0.0,
      0.0,
      0.0,
      0.0,
      0.006888925319789055,
      0.0012564544579044881,
      0.0016580983316230962,
      0.0004045831892515221,
      0.006795316153987527,
      0.0,
      0.0,
      0.0,
      0.006198450072824617,
      0.006994051204211142,
      0.0,
      0.014272239476745052,
      0.004664436575065586,
      0.003324952177858543,
      0.0,
      0.01651253507462569,
      0.0,
      0.0,
      0.0,
      0.0,
      0.0,
      0.0,
      0.008917331569814429,
      0.0,
      0.014192559731457076,
      0.005768229778771063,
      0.0,
      0.0,
      0.0,
      0.0001387940340963743,
      0.0,
      0.0021735946508275495,
      0.002960535084702442,
      0.0004871170248295249,
      0.0,
      0.012696232799796696,
      0.0,
      0.0038208260056798006,
      0.005614091730752556,
      0.0007134246544227502,
      0.01731416382794389,
      0.0,
      0.0010432196765444118,
      0.0013742265546259655,
      0.0,
      0.0063416678743070986,
      0.0,
      0.0,
      0.017158360302600414,
      0.006837259149367615,
      0.0,
      0.0,
      0.0,
      0.00269502133888265,
      0.0,
      0.012725333994132462,
      0.0026596536234585882,
      0.03110952055469001,
      0.0,
      0.011176426422311384,
      0.0,
      0.0,
      0.011522442479962163,
      0.01581053610463948,
      0.0,
      0.010495522328827254,
      0.0,
      0.0,
      0.0012913579233022516,
      0.0,
      0.007179067504473944,
      0.0,
      0.00640715676817153,
      0.009915956590483409,
      0.0,
      0.0,
      0.0009424365962559349,
      0.016446852082953226,
      0.003916912108660531,
      0.0,
      0.022407570431958606,
      0.0,
      0.0
    ],
    "low_data": false
  },
  "250000": {
    "median": 0.0011407657726830518,
    "p90": 0.014361124214381304,
    "p10": 0.0,