{
  "100000": {
    "median": 0.00022413999015123226,
    "p90": 0.012695759361122234,
    "p10": 0.0,
    "sample": [
      0.00018411766627632982,
      9.96077878077751e-05,
      0.0023759390611886337,
      0.0,
      0.00247803982481873,
      0.007230829021159383,
      0.0,
      0.0,
      0.0,
      0.0,
      0.005107024154622844,
      0.007440260938541317,
      0.011088331068348299,
      0.0,
      0.022702955958431068,
      0.0,
      0.016441292055084444,
      0.0006667995337148933,
      0.0,
      0.0,
      0.0,
      0.005115535734574493,
      0.00713853098337313,
      0.00930104825666721,
      0.0,
      0.0,
      0.014766513279760165,
      0.0,
      0.0,
      0.005244082747367875,
      0.0,
      0.0,
      0.007688839254877649,
      0.013863072858636251,
      0.01000356532407217,
      0.0,
      0.01772686348381278,
      1.8792599120917e-06,
      0.006684126742862909,
      0.011820304907825319,
      0.0,
      0.012230302040035222,
      0.008345971657815211,
      0.0,
      0.0,
      0.0,
      0.007967812089272714,
      0.0,
      0.0,
      0.007736637860500575,
      0.013917750545467913,
      0.0016918331688566613,
      0.0,
      0.0,
      0.011719486636181473,
      0.0,
      0.013015601129697291,
      0.011830117868791751,
      0.0,
      0.0005768592575564398,
      0.0,
      0.0,
      0.0,
      0.00290687663650494,
      0.00010678369424610416,
      0.005066457854902326,
      0.004788952362389494,
      0.0,
      0.0,
      0.0,
      0.004908167084725778,
      0.0,
      0.0,
      0.01258377015930426,
      0.005571142932954467,
      0.0030915312714225505,
      0.0,
      0.0013162284964636877,
      0.006804372629758136,
      0.0063940241258778,
      0.002369365018415661,
      0.0,
      0.0011263473635587905,
      0.0,
      0.0,
      0.004347270237836063,
      0.005192674786948305,
      0.0,
      0.0037477383697494962,
      0.0,
      0.0008811197521780941,
      0.0,
      0.006373502802502373,
      0.0,
      0.0036234276254866566,
      0.0029871122013426926,
      0.0,
      0.004402802215632083,
      0.007651999694394098,
      0.0032385132915834255,
      0.0,
      0.0,
      0.0,
      0.0,
      0.006473979956026916,
      0.017446067174985105,
      0.01828047765386713,
      0.0,
      0.006079708107161172,
      0.015118802670785582,
      0.02013405076326837,
      0.014201060293351941,
      0.0,
      0.0,
      0.0,
      0.0,
      0.014976871129515224,
      0.0018823230654605335,
      0.008279037152956189,
      0.0,
      0.0,
      0.0,
      0.0,
      0.006492826137526114,
      0.005532402676705215,
      0.0,
      0.0,
      0.004605832525001202,
      0.014758760774462318,
      0.0054362596829455115,
      0.006941130141697625,
      0.0005749030872796636,
      0.0,
      0.0,
      0.009267473156403873,
      0.0,
      0.010907694311693196,
      0.0,
      0.015940331123828817,
      0.0014023946249690283,
      0.014520215185961693,
      0.0024938931727863023,
      0.0,
      0.0,
      0.0,
      0.0,
      0.011344236745497118,
      0.00011117414776979528,
      0.0,
      0.015647081147147152,
      0.0,
      4.8923933076006046e-05,
      0.0,
      0.0,
      0.0,
      0.011002616934577398,
      0.0,
      0.0023624122975047773,
      0.0,
      0.004374216432259423,
      0.005579392283914189,
      0.0,
      0.0,
      0.0017578451309371878,
      0.0,
      0.0,
      0.0,
      0.012660221386836118,
      0.005379707504003684,
      0.0,
      0.0002641623140261347,
      0.004615588049994858,
      0.0,
      0.02131058947283816,
      0.00219651886352837,
      0.0,
      0.006014553376975423,
      0.013136472964927483,
      0.0,
      0.011572935524020675,
      0.0,
      0.009793935869533152,
      0.004391096980926645,
      0.010513697547862244,
      0.0,
      0.0,
      0.0,
      0.0,
      0.0,
      0.01906683056076058,
      0.0,
      0.007888128236743269,
      0.0009981397037537052,
      0.007119412075754161,
      0.0014556317687585284,
      0.0,
      0.0,
      0.0,
      0.010243005178374044,
      0.0
    ],
    "low_data": false
  },
  "250000": {
    "median": 0.0004530805767895341,
    "p90": 0.012933301686016686,
    "p10": 0.0,