{
  "100000": {
    "median": 0.0,
    "p90": 0.010941152635803714,
    "p10": 0.0,
    "sample": [
      0.0001678571579490975,
      0.00013488809177628134,
      0.0010428298472867326,
      0.0010770250255493963,
      0.0,
      0.0,
      0.0,
      0.007515153065190536,
      0.0,
      0.0,
      0.005783960601994828,
      0.0,
      0.001870049999920009,
      0.0,
      0.0041741304410165235,
      0.0,
      0.008614392292635234,
      0.00453940657146174,
      0.011193104376290034,
      0.0,
      0.003977164431340618,
      0.0,
      0.005133568821430678,
      0.0,
      0.012405075334626836,
      0.01569082418202937,
      0.018518852535702394,
      0.00297450731576764,
      0.0,
      0.0006435817298777833,
      0.0076302681314137965,
      0.0,
      0.0,
      0.01882136611976521,
      0.0,
      0.0,
      0.0,
      0.0,
      0.005155643287458791,
      0.0,
      0.006888590610600793,
      0.003472564342877059,
      0.0034336822026319255,
      1.4361992997157666e-05,
      0.0,
      0.0,
      0.003967029206694828,
      0.0,
      0.012734380352529698,
      0.0,
      0.0,
      0.00015762924990537708,
      0.0,
      0.0,
      0.00848423002637759,
      0.005526642357495543,
      0.0,
      0.0,
      0.0,
      0.009617746762884639,
      0.01070029496016224,
      0.0057873463733674035,
      0.0005271949517615575,
      0.0,
      0.0,
      0.0,
      0.0,
      0.0,
      0.0,
      0.0020598558101802594,
      0.0,
      0.0,
      0.0,
      0.0,
      0.0,
      0.008509229286925364,
      0.0,
      0.018255146461212738,
      0.0,
      0.0,
      0.002899102316431296,
      0.0077594560501322045,
      0.0,
      0.003589546814210188,
      0.0,
      0.00889247874140878,
      0.0,
      0.0,
      0.008920880886623213,
      0.0,
      0.0020785405635718856,
      0.0,
      0.001182509097872239,
      0.0,
      0.0,
      0.0,
      0.007247501531353916,
      0.004633738220798084,
      0.0,
      0.0,
      0.008604303273908572,
      0.0,
      0.006271002587996479,
      0.0,
      0.010803197325596455,
      0.010290195566919657,
      0.0,
      0.0,
      0.0071317703374020585,
      0.0,
      0.0,
      0.0,
      0.025472934866627543,
      0.002006798315155403,
      0.008564025275951731,
      0.0,
      0.011065871325301485,
      0.0,
      0.011930163675631331,
      0.0,
      0.0014398375331794117,
      0.0,
      0.005503795314723942,
      0.0,
      0.004323553981856526,
      0.0031738728025754188,
      0.0,
      0.0010003969849724553,
      0.0,
      0.0,
      0.011551479490936503,
      0.0050066850877136864,
      0.005058553496631844,
      0.009654637240071155,
      0.00808862208975223,
      0.003924853937688061,
      0.0,
      0.0,
      0.026335136592062467,
      0.0,
      0.0,
      0.0,
      0.00908806393352596,
      0.01766018512488149,
      0.0013609373509530604,
      0.020561313860438583,
      0.0048347854005414,
      0.0,
      0.00249380578776737,
      0.0,
      0.0,
      7.125378132865526e-05,
      0.0,
      8.864420460088663e-06,
      0.019581194074893976,
      0.0016752759403066014,
      0.0,
      0.0,
      0.013567554467739619,
      0.0,
      0.0,
      0.0056990972702862614,
      0.0,
      0.0,
      0.0,
      0.020333770791087405,
      0.006594035538719845,
      0.014572267518943935,
      0.0,
      0.0,
      0.0,
      0.010018671497494651,
      0.002375227994651189,
      0.004682281271621285,
      0.0,
      0.007873654794482593,
      0.010927295003637295,
      0.0,
      0.0015041468548321877,
      0.0,
      0.0,
      0.018119383297625292,
      0.007324514824548406,
      0.004534184905179525,
      0.0,
      0.0,
      0.0,
      0.010175253107003172,
      0.0,
      0.018924341358559586,
      0.0,
      0.0,
      0.004972581264145389,
      0.0,
      0.0,
      0.007644054765819715,
      0.0,
      0.006348178775315852,
      0.0,
      4.277536733840109e-05
    ],
    "low_data": false
  },
  "250000": {
    "median": 4.104382759944646e-05,
    "p90": 0.011083971976821814,
    "p10": 0.0,