{
  "100000": {
    "median": 0.0006579953528828587,
    "p90": 0.011489842852645872,
    "p10": 0.0,
    "sample": [
      0.00020851563300670683,
      9.621453987032028e-05,
      0.016745034524725644,
      0.0,
      0.010153386426087166,
      0.004937333151605348,
      0.0,
      0.0,
      0.004318526422659822,
      0.01948212539707283,
      0.001208398684442567,
      0.0124825636699676,
      0.008091096252419527,
      0.001022422358444661,
      0.005602483466091826,
      0.0040634044604295465,
      0.0,
      0.0,
      0.014152507204689434,
      0.0,
      0.0,
      0.0,
      0.00034893060470852675,
      0.0,
      0.0,
      0.013265889815917694,
      0.010502664314737552,
      0.012732206369704973,
      0.0,
      0.0,
      0.0,
      0.0,
      0.0,
      0.0,
      0.0036457703268475542,
      0.0,
      0.003611553147692914,
      0.0033897135547906587,
      0.00496424014284336,
      0.011890569066734726,
      0.006378979178963139,
      0.003434655586832679,
      0.0,
      0.014617041843379664,
      0.007878270482669059,
      0.02023400011180154,
      0.0030265784715578846,
      0.0015534654627466528,
      0.0,
      0.0,
      0.007882697784934176,
      0.0037175029354068064,
      0.0,
      0.0006377300975144864,
      0.012556073503954148,
      0.010157526798280293,
      0.003990454592842883,
      0.0,
      0.0,
      0.0,
      0.0,
      0.0,
      0.0,
      0.0,
      0.01120855108086894,
      0.004218791976480509,
      0.014532717598868903,
      0.008075534525127612,
      0.0006749773581260009,
      0.0010531822086263327,
      0.0,
      0.012818990613973673,
      0.0,
      0.0,
      0.0,
      0.002318679840332058,
      0.005978163538876519,
      0.0,
      0.0,
      0.0,
      0.003508429542752124,
      0.0,
      0.01132601570643179,
      0.0,
      0.0,
      0.0,
      0.0,
      0.0033551273042497763,
      0.004432636923460499,
      0.01277459730860703,
      0.0,
      0.0,
      0.001953190023174821,
      0.0026877057069975927,
      0.0,
      0.006217163147596532,
      0.002662391922094731,
      0.010377105650557022,
      0.0015610029759174247,
      0.0,
      0.0035356250171383655,
      0.0,
      0.0,
      0.006970247726438961,
      0.0,
      0.0024119409573111713,
      0.005780161485527549,
      0.0,
      0.0039007930442755564,
      0.011445317717747113,
      0.0,
      0.013312850825524178,
      0.0,
      0.0,
      0.0,
      0.0,
      0.0,
      0.0,
      0.0,
      0.0,
      0.0,
      0.0016628580860547013,
      0.0,
      0.0,
      0.01082569480840634,
      0.0,
      0.0017212855321642865,
      0.0,
      0.0034662888329907715,
      0.0,
      0.0,
      0.0,
      0.008108630038425825,
      0.006414357905229767,
      0.0,
      0.0,
      0.0,
      0.0,
      0.008766831852216253,
      0.0027985484223060826,
      0.0,
      0.006617896921195516,
      0.014285266432859782,
      0.016251220701657482,
      0.0014950223781937902,
      0.004136889531291772,
      0.010944884367109277,
      0.0,
      0.00012812219300873952,
      0.0009960981238613974,
      0.0,
      0.0,
      0.0,
      0.009139081902098957,
      0.0,
      0.0014096926634797062,
      0.004267544063710676,
      0.001382854632077329,
      0.0030484963624737224,
      0.0,
      0.00775559524203769,
      0.0,
      0.002712385760097084,
      0.0,
      0.0028938035685545987,
      0.005331650993329917,
      0.013303542042973291,
      0.01374712681084131,
      0.011118131992918234,
      0.0,
      0.0,
      0.0,
      0.00010583636228551407,
      0.0,
      0.0038536301133139574,
      0.0,
      0.005354401356699404,
      0.0062419521477520565,
      0.004631430086803065,
      0.001890524420460292,
      0.0,
      0.0,
      0.006568302657239373,
      0.0,
      0.008423374202674935,
      0.0,
      0.001367215588943989,
      6.194145838368253e-05,
      0.0,
      0.0,
      0.007342855227373663,
      0.0,
      0.0006410133476397164,
      0.0138963362913543,
      0.0029142854446432354,
      0.010152364276920798,
      0.022644223486152717,
      0.0,
      0.007316533189713283,
      0.0
    ],
    "low_data": false
  },
  "250000": {
    "median": 0.000889280192862766,
    "p90": 0.01160856173813308,
    "p10": 0.0,