{
  "100000": {
    "median": 0.0005387361450474452,
    "p90": 0.01103243391895567,
    "p10": 0.0,
    "sample": [
      0.00010934088009054483,
      8.593602580255893e-05,
      0.01036600520395483,
      0.0,
      0.007739469873368966,
      0.009290789937098134,
      0.0,
      0.011766579176769341,
      0.0,
      0.0,
      0.007086238862979568,
      0.002185615252667918,
      0.0,
      0.002060675570043008,
      0.0,
      0.0016491009162754471,
      0.0,
      0.008955350700268185,
      0.0,
      0.0,
      0.0035435322564027374,
      0.007542410288223289,
      0.0,
      0.0,
      0.0,
      0.0106048046676865,
      0.009113654383772145,
      0.0,
      0.0008126755783451758,
      0.00017122972460444089,
      0.0,
      0.003333255038591628,
      0.009441594868810516,
      0.0,
      0.010407169103087489,
      0.0,
      0.008866189722774606,
      0.0,
      0.009509739158083386,
      0.0,
      0.0023102389673146343,
      0.0022502674338193084,
      0.0,
      0.0,
      0.005912235882336631,
      0.002745965392521814,
      0.015869801544818308,
      0.009383758888140602,
      0.008134451512923966,
      0.0,
      0.0,
      0.0,
      0.011174347433437527,
      0.0002774770615541444,
      0.004250814906998133,
      0.0,
      0.0019665987711611553,
      0.0018804518192733026,
      0.005938778217644208,
      0.0,
      0.0,
      0.011199984255607661,
      0.0,
      0.0072182518424334695,
      0.0038192754495558127,
      0.0,
      0.005433045438114333,
      0.007973809324266196,
      0.007704395059415197,
      0.014372154859100358,
      0.0010106172436049432,
      0.0,
      0.0022442968912010793,
      0.002044374611871532,
      0.011064521500285973,
      0.019401882527393378,
      0.012249255013886044,
      0.0,
      0.0,
      0.015322080996612622,
      0.0,
      0.0,
      0.009967006444475582,
      0.020853169042760238,
      0.0,
      0.0,
      0.0035257136492071457,
      0.013188750580645043,
      0.0,
      0.0038766886810628386,
      0.0,
      0.0,
      0.0,
      0.0,
      0.0,
      0.01468341801704267,
      0.005423756193771156,
      0.0,
      0.0003407483890970253,
      0.0,
      0.0031199975470556206,
      0.004712970265341297,
      0.0,
      0.0,
      0.001968667599047508,
      0.0,
      0.0024049939755097856,
      0.0,
      0.0010426833833163352,
      0.0,
      0.0,
      0.0,
      0.014223810605302967,
      4.7319283889140594e-05,
      0.006898191532583643,
      0.012032760406277989,
      0.0,
      0.0,
      0.0,
      0.0,
      0.013169098947146178,
      0.0,
      0.0,
      0.0,
      0.011028868632141193,
      0.0,
      0.0032249305826798744,
      0.0,
      0.0,
      0.009840867212677207,
      0.004270748086816872,
      0.0,
      0.0046587869087475935,
      0.0,
      0.011961381168662247,
      0.007588493464875745,
      0.009135933208039272,
      0.0,
      0.015926443714809356,
      0.0018581936874499346,
      0.0,
      0.005948220110633447,
      0.0,
      0.0,
      0.009554777039520608,
      0.0,
      0.020007104833182597,
      0.004665583711274542,
      0.0060917432810894375,
      0.014498154047205048,
      0.000535200885758265,
      0.005972304854997268,
      0.010392274862833067,
      0.0,
      0.0,
      0.0,
      0.0,
      0.006728128714278283,
      0.015483259865669216,
      0.0017746317223047605,
      0.0036784410222943545,
      0.0,
      0.0,
      0.0,
      0.0036241066772216227,
      0.004065963934571964,
      0.0,
      0.0,
      0.0,
      0.010155841123403491,
      0.010419763027305337,
      0.0,
      0.0,
      0.0,
      0.0,
      0.0010476761962853371,
      0.0,
      0.0,
      0.0,
      0.007112324065741762,
      0.002340005408970301,
      0.0,
      0.006784050262280739,
      0.0,
      0.0,
      0.0005422714043366255,
      0.00603240367465597,
      0.003315561178538223,
      0.007247695552143456,
      0.009217419599107782,
      0.008695987753224877,
      0.0007787915031899962,
      0.0,
      0.0,
      0.0,
      0.005742436701363652,
      0.0,
      0.0,
      0.007321956848017526,
      0.0
    ],
    "low_data": false
  },
  "250000": {
    "median": 0.0006694103413728934,
    "p90": 0.011122189337540524,
    "p10": 0.0,