{
  "100000": {
    "median": 0.000603527758827165,
    "p90": 0.013770544911435006,
    "p10": 0.0,
    "sample": [
      0.0001268937390588525,
      0.0001963304198324908,
      0.004691707808565054,
      0.00808211971157201,
      0.0,
      0.0008120595808242699,
      0.0015981667992594386,
      0.002173462782514584,
      0.0,
      0.014962003887331246,
      0.0,
      0.0,
      0.008455506945155502,
      0.009275166961522752,
      0.0015372879879939996,
      0.0,
      0.0026454822607663627,
      0.0,
      0.006200848848045768,
      0.01662740669046178,
      0.008667084252298245,
      0.006787768851428977,
      0.0,
      0.0,
      0.0,
      0.0,
      0.013724959597825636,
      0.0,
      0.00811463141061271,
      0.005315521414536936,
      0.0,
      0.0,
      0.009490298173138772,
      0.0005686459596737409,
      0.00038998983132191407,
      0.001996624107687575,
      0.0063313411871750574,
      0.0045159621967984205,
      0.015475318272847111,
      0.013156721653408572,
      0.006235453553494249,
      0.0023526201920688345,
      0.010060762416509337,
      0.0,
      0.0030565617704557714,
      0.002040360512090416,
      0.03755507780857392,
      0.0,
      0.0,
      0.018758226486665554,
      0.0,
      0.0,
      0.0,
      0.025586965925529177,
      0.0,
      0.0,
      0.023147068366998428,
      0.0,
      0.0,
      0.0,
      0.0,
      0.001265662904603802,
      0.0,
      0.0,
      0.0010159576863666903,
      0.015862092724855798,
      0.0,
      0.018785487843592505,
      0.0,
      0.012109347831865368,
      0.0,
      0.0,
      0.0,
      0.0,
      0.0,
      0.005578860660227603,
      0.010561368917801904,
      0.0,
      0.0,
      0.015225875547933313,
      0.0,
      0.018122668030057663,
      0.0039027547625115674,
      0.0,
      0.0,
      0.0,
      0.005420737778168256,
      0.0,
      0.0,
      0.017670323244199853,
      0.0,
      0.0,
      0.0,
      0.0,
      0.0,
      0.0,
      0.0,
      0.022280250717202663,
      0.005847180392512021,
      0.0,
      0.0,
      0.0032720199796785012,
      0.004346572931875379,
      0.007178364956410688,
      0.009346993071010135,
      0.005149537879531546,
      0.0030905390551468617,
      0.0019154223797490243,
      0.003715122410497532,
      0.0,
      0.00811594255069669,
      0.01648204327184196,
      0.0006384095579805892,
      0.0,
      0.014377895557584237,
      0.003563071808573525,
      0.0,
      0.0,
      0.0,
      0.00809229097351395,
      0.006775548192364634,
      0.0,
      0.0,
      0.0,
      0.0,
      0.0,
      0.0,
      0.0,
      0.007300056321852921,
      0.0097014484307396,
      0.0038842615723294633,
      0.0,
      0.0,
      0.0,
      0.0,
      0.002280846488473826,
      0.014854238262304342,
      0.014180812733919369,
      0.003064566196888358,
      0.0,
      0.011333103783930994,
      0.0,
      0.0,
      0.0,
      0.00683785442701206,
      0.0,
      0.0,
      0.006585393783756448,
      0.0057787029139696276,
      0.0,
      0.00426676631410627,
      0.00159704637595249,
      0.002969281171646907,
      0.004132102931647206,
      0.00496395159636739,
      0.012341503831062778,
      0.0009989090442157345,
      0.0,
      0.0,
      0.0,
      0.003218411402479844,
      0.008055874668685294,
      0.0,
      0.0068505875371886,
      0.011888340485536187,
      0.007339625698527512,
      0.0,
      0.0,
      0.027876339209211155,
      0.0,
      0.005671981574946981,
      0.0,
      0.0,
      0.0,
      0.0009497969778702345,
      0.0,
      0.0020130398261610895,
      0.00041558366354957647,
      0.0009045296053038292,
      0.0,
      0.0,
      0.0,
      0.004964915832018852,
      0.0,
      0.009650751342745264,
      0.0,
      0.009792571863047762,
      0.010461769546177384,
      0.006045385441949823,
      0.0,
      0.0014694945127615524,
      0.002246351470834743,
      0.011542057982653698,
      0.012876893660544654,
      0.0,
      0.022562320059403944,
      0.0,
      0.021715704440328668,
      0.0,
      0.0
    ],
    "low_data": false
  },
  "250000": {
    "median": 0.0008111741477656232,
    "p90": 0.013956679947021605,
    "p10": 0.0,