{
  "100000": {
    "median": 0.0,
    "p90": 0.011495038723343846,
    "p10": 0.0,
    "sample": [
      0.00011505428726495884,
      9.537070619963572e-05,
      0.0,
      0.0,
      0.0,
      0.0,
      0.0005983564501439017,
      0.0,
      0.0,
      0.010721717559416635,
      0.005410401045893869,
      0.0,
      0.0,
      0.015876160215702935,
      0.0,
      0.0,
      0.0022428434708810065,
      0.0009294195186405339,
      0.006507526876876829,
      0.007457638467174876,
      0.0,
      0.0,
      0.0,
      7.226890240539582e-05,
      0.0,
      0.01618555243107957,
      0.013335793619172618,
      0.0034989508448280476,
      0.0,
      0.00580300877300744,
      0.007156632930982855,
      0.01766439749180139,
      0.0,
      0.0,
      0.0,
      0.0,
      0.01747887406304145,
      0.0,
      0.0003718027363499509,
      0.0,
      0.0,
      0.0015458463229872546,
      0.004532739588225288,
      0.0,
      0.0,
      0.0,
      0.0,
      0.0,
      0.0021005688406810666,
      2.1048316188566695e-05,
      0.0,
      0.0026647111813581643,
      0.0030589883289351364,
      0.003265583733111656,
      0.00626369850424634,
      0.0,
      0.0,
      0.0,
      0.012070757855320132,
      0.005303184408008742,
      0.0020970830992998327,
      0.0012084071384695755,
      0.0,
      0.0,
      0.0,
      0.0,
      0.0,
      0.005920196371371636,
      0.004191567827200361,
      0.0,
      0.009093801955753586,
      0.007030215097027386,
      0.0,
      0.0,
      0.006660257928377881,
      0.002104093231728935,
      0.01147990758124263,
      0.004749153603843147,
      0.0,
      0.0009281587411841632,
      0.0,
      0.0,
      0.005701545318088933,
      0.003175104512213307,
      0.0005870085967053973,
      0.0,
      0.02501813606377197,
      0.0,
      0.0,
      0.0,
      0.00671782769685761,
      0.0,
      0.0,
      0.013005320651806995,
      0.0,
      0.011674933991523615,
      0.0,
      0.00740438322234401,
      0.0,
      0.0009893321836794435,
      0.007792379981156445,
      0.0017883769907228097,
      0.0,
      0.009617640952957708,
      0.0,
      0.0,
      0.012970793843793871,
      0.008529235596026561,
      0.013786012897619654,
      0.0,
      0.0,
      0.0,
      0.0,
      0.0073934779169747555,
      0.016575097290576844,
      0.0,
      0.0,
      0.0,
      0.0,
      0.0,
      0.0054679514057858975,
      0.004918164607969811,
      0.0034514694764389503,
      0.006750068358372179,
      0.0,
      0.0,
      0.007476258389313104,
      0.0,
      0.01613322218976219,
      0.0028240745376473704,
      0.0,
      0.0008758945888873652,
      0.005110133733247939,
      0.014472470329451264,
      0.0,
      0.0,
      0.0,
      0.0013917437503773095,
      0.01055027443805626,
      0.0,
      0.004783157390870365,
      0.008124316455712037,
      0.0028376590183567213,
      0.0,
      0.0022926106082803623,
      0.00998097727282046,
      0.0,
      0.022309508118983138,
      0.0,
      0.003936672736444065,
      0.0,
      0.009870791297001615,
      0.0,
      0.0,
      0.005469468388532887,
      0.00146674075790988,
      0.0,
      0.003691837768106841,
      0.011324149905092385,
      0.0,
      0.0,
      0.0,
      0.0,
      0.0,
      0.011854080621831159,
      0.0,
      0.00788129197954681,
      0.004704024776030916,
      0.0,
      0.0,
      0.0,
      0.005447265583810199,
      0.0,
      0.0116312190022548,
      0.004534301215874843,
      0.004116035175038076,
      0.0,
      0.0,
      0.0,
      0.011204917623135706,
      0.006887125984347902,
      0.0,
      0.013182445876533855,
      0.013417381505630216,
      0.0,
      0.010405250454858728,
      0.009342392002141101,
      0.006253781675345263,
      0.0,
      0.0020493542515007557,
      0.0,
      0.0,
      0.027020464891678427,
      0.0052071967784894785,
      0.0,
      0.0,
      0.0,
      0.0,
      0.003913355334239707,
      0.0
    ],
    "low_data": false
  },
  "250000": {
    "median": 0.0,
    "p90": 0.011595538045751865,
    "p10": 0.0,