{
  "100000": {
    "median": 0.0007030033509418808,
    "p90": 0.011880779429519409,
    "p10": 0.0,
    "sample": [
      0.00020471078668793868,
      9.397361414309199e-05,
      0.008018662452383954,
      0.0,
      0.0,
      0.013907151647936303,
      0.0015547457176311754,
      0.01689533502072973,
      0.00040265956614824166,
      0.01491426065319541,
      0.0,
      0.0,
      0.0,
      0.0,
      0.01699012611834642,
      0.0,
      0.0,
      0.0,
      0.010971204637240373,
      0.012213203745390654,
      0.0,
      0.0,
      0.0002332991475951251,
      0.011969572400536116,
      0.001494894116676916,
      0.0,
      0.008463498498013608,
      0.003096614793419489,
      0.005443560649705011,
      0.002727478005192374,
      0.0,
      0.006393922588056599,
      0.002806104725819967,
      0.0012016971997386586,
      0.002664546936574472,
      0.00252265531215425,
      0.0,
      0.0003776865896195963,
      0.0013597477397078853,
      0.0004593303051786406,
      0.0,
      0.008987381822637011,
      0.0,
      0.009392354918715548,
      0.0,
      0.0,
      0.010319977040612136,
      0.0,
      0.0,
      0.0,
      0.0,
      0.0,
      0.017867590215734797,
      0.0,
      0.00945619164478942,
      0.010450604478464302,
      0.007333683495148789,
      0.004429112532680519,
      0.0,
      0.0,
      0.007663163991446689,
      0.0,
      0.0,
      0.0,
      0.0015689490787204918,
      0.0,
      0.008332245092951222,
      0.0,
      4.83089262120985e-07,
      0.0026114672149734333,
      0.0,
      0.006053867580360509,
      0.0,
      0.0,
      0.003612088755669493,
      0.0,
      0.0,
      0.013497430978040726,
      0.0,
      0.0,
      0.010293046434580337,
      0.0017670247835969576,
      0.0,
      0.0,
      0.0,
      0.0019199800920192617,
      0.0012724430821448947,
      0.0,
      0.009136181870482735,
      0.0,
      0.003969498040015268,
      0.008279369297813848,
      0.0,
      0.01230155103485933,
      0.01006607443628274,
      0.010870903246924666,
      0.0,
      0.011875471694370822,
      0.0,
      0.0,
      0.0,
      0.009987083142889212,
      0.0,
      0.0019136826551243657,
      0.010704489257490813,
      0.0,
      0.0,
      0.0,
      0.0,
      0.0,
      0.0,
      0.0,
      0.0,
      0.0014829472458642468,
      0.0,
      0.004915962574301048,
      0.0,
      0.0,
      0.005406762944919659,
      0.0003877515390968734,
      0.0,
      0.0,
      0.0,
      0.009851886813974947,
      0.0108099543627084,
      0.003543715265646668,
      0.008634688562178743,
      0.0,
      0.008809298461591375,
      0.017726053583002596,
      0.0,
      0.006947145391200838,
      0.0,
      0.0006396015387814501,
      0.006957600285191395,
      0.002612167258680887,
      0.010804516289162765,
      0.005185639430733869,
      0.0063388847356876535,
      0.015421053690354765,
      0.011928549045856704,
      0.014322896464273925,
      0.004150625827121749,
      0.0,
      0.0,
      0.009908611056488012,
      0.007717558576770609,
      0.007824331750491274,
      0.00846933405149786,
      0.0,
      0.0,
      0.003676251301150281,
      0.005049793330084567,
      0.0075033378417054064,
      0.003085010415601263,
      0.0062226799676642,
      0.006868036823063649,
      0.0034752570973067606,
      0.0007664051631023116,
      0.015097406467290912,
      0.0,
      0.0,
      0.015971350992665403,
      0.0,
      0.0,
      0.0054285126591119585,
      0.0011830772833573318,
      0.006605803918565804,
      0.011087222320422623,
      0.010562244169756834,
      0.013672277673309056,
      0.0,
      0.006890800379607704,
      0.0,
      0.0,
      0.0,
      0.003676010874088919,
      0.0,
      0.009676069988242785,
      0.0,
      0.0006303336624186622,
      0.0,
      0.0,
      0.0,
      0.012226738281870925,
      0.0,
      0.017582074466881162,
      0.0026835732489377735,
      0.0,
      0.029937032474026862,
      0.0,
      0.0,
      0.0,
      0.0052541176207807645,
      0.012429490673067966,
      0.0028660989728199874,
      0.0,
      0.0052332556292402415,
      0.0,
      0.006327807585428741
    ],
    "low_data": false
  },
  "250000": {
    "median": 0.0008261867977696907,
    "p90": 0.012008979452346956,
    "p10": 0.0,