{
  "100000": {
    "median": 0.0007026519016196949,
    "p90": 0.012518830809092362,
    "p10": 0.0,
    "sample": [
      0.00018293978522300637,
      0.00011082641402953528,
      0.020352851315222072,
      0.0018177023926901172,
      0.0023477576105862532,
      0.0,
      0.000950920194911839,
      0.0033014425085341583,
      0.00037127754110692206,
      0.0,
      0.017046235297432027,
      0.0,
      0.006494582829666061,
      0.0,
      0.010286255422346496,
      0.0019821379240960225,
      0.010345201064953482,
      0.0,
      0.0015239648048550915,
      0.006012021537803747,
      0.01331629913791232,
      0.0,
      0.0007218558759971134,
      0.0,
      0.00236456759309762,
      0.001995811252004437,
      0.0037212303672796068,
      0.014602036849464685,
      0.008220536339290459,
      0.018360022203775885,
      0.0063387692134483625,
      0.006292934727679252,
      0.0017652578679065853,
      0.010339003802175199,
      0.0,
      0.0014572991577374683,
      0.0,
      0.0,
      0.0,
      0.010552198599928723,
      0.0,
      0.005280135183727595,
      0.0,
      0.006857673387138832,
      0.0,
      0.0,
      0.00702796679151189,
      0.006160421355340691,
      0.0,
      0.0,
      0.0,
      0.00458759289815428,
      0.0,
      0.0,
      0.00852425732304933,
      0.0,
      0.0,
      0.00296315953035784,
      0.007360005547078572,
      0.006979178892099871,
      0.0006204560739925285,
      0.0,
      0.00176220948474381,
      0.0,
      0.0,
      0.0,
      0.0,
      0.002872281975706429,
      0.0,
      0.0,
      0.011846115282729918,
      0.0,
      0.00015930350767636944,
      0.0,
      0.0,
      0.010140345982233841,
      0.014558059914427704,
      0.008621547123495816,
      0.011015104045483826,
      0.0054827903054084975,
      0.0,
      0.01388394385621437,
      0.01107703996449098,
      0.006600275113303123,
      0.002689684083499723,
      0.0,
      0.002419421295536419,
      0.0,
      0.003764971786284994,
      0.002720442713542754,
      0.005539609056889004,
      0.0,
      0.010335705520262455,
      0.00019698471960885594,
      0.0,
      0.006508337968990023,
      0.0,
      0.0,
      0.0,
      0.0,
      0.01457999735517291,
      0.004173329596552553,
      0.0,
      0.0,
      0.009953405370626662,
      0.0,
      0.0,
      0.0,
      0.0,
      0.0005020471862401425,
      0.005931825690773956,
      0.0,
      0.003435948783380977,
      0.00811908429048908,
      0.010582045809533681,
      0.0,
      0.0,
      0.01978498332030582,
      0.0035175369504155196,
      0.0064002293966368955,
      0.015481578702684018,
      0.0,
      0.007684083645899784,
      0.0,
      0.0,
      0.007770275096383017,
      0.0,
      0.0,
      0.012490161966359327,
      0.0,
      0.006114059347064525,
      0.0,
      0.005909856330804094,
      0.0035566724721111946,
      0.018098414285097196,
      0.018025244230086227,
      0.002142968363923261,
      0.00025561799425272093,
      0.010858381425169678,
      0.0,
      0.002547115288913145,
      0.00037856831707577625,
      0.0006834479272422765,
      0.01005353661403607,
      0.005378496951388022,
      0.010852706874074112,
      0.0,
      0.005768502235639976,
      0.0013938103797750824,
      0.0,
      0.0,
      0.014507882590880308,
      0.0,
      0.0,
      0.0,
      0.0,
      0.0,
      0.01302425155622004,
      0.01436133223140534,
      0.006742852019359834,
      0.0,
      0.0,
      0.0,
      0.0,
      0.004523708641642772,
      0.00896259432336777,
      0.0,
      0.0,
      0.0028532921977823347,
      0.007114349363338619,
      0.0,
      0.011377551233944438,
      0.0,
      6.863968113486951e-05,
      0.0,
      0.0,
      0.0,
      0.0,
      0.0,
      0.0,
      0.022095377387696718,
      0.030331479999407215,
      0.0009384345407326422,
      0.0,
      0.0008552791410754416,
      0.010619366174240695,
      0.000546049715588616,
      0.0,
      0.0,
      0.0,
      0.003123058909562453,
      0.0,
      0.0,
      0.013961322385652895,
      0.007290570924019409,
      0.01789898880304184,
      0.0,
      0.012776850393689696,
      0.0,
      0.01049203264221407
    ],
    "low_data": false
  },
  "250000": {
    "median": 0.0009179918128785726,
    "p90": 0.012721329903071305,
    "p10": 0.0,