{
  "100000": {
    "median": 0.0,
    "p90": 0.010462950257707793,
    "p10": 0.0,
    "sample": [
      0.0001766161182741102,
      9.268056786096176e-05,
      0.0,
      0.009271321805879564,
      0.00373440205250692,
      0.0019041550045873976,
      0.0,
      0.013772163014876113,
      0.018555963641930528,
      0.0,
      0.0,
      0.006267642765356119,
      0.0,
      0.0,
      0.007734344835118608,
      0.011485389965131626,
      0.0,
      0.0,
      0.0,
      0.0,
      0.0,
      0.011212427687188243,
      0.0,
      0.0,
      0.0008666152243842027,
      0.004640550493168286,
      0.0,
      0.007948439909278342,
      0.0025288265460081984,
      0.0,
      0.0,
      0.0010129186022272711,
      0.005488560450151683,
      0.0,
      0.0,
      0.0,
      0.006499890114922705,
      0.0,
      0.0010393621711506547,
      0.0,
      0.0,
      0.0,
      0.01242980856449729,
      0.0015684361495156452,
      0.0,
      0.005674811017179647,
      0.0,
      0.0,
      0.0016208077739727762,
      0.0,
      0.0,
      0.0016826280860391927,
      0.0,
      0.0,
      0.0,
      0.0,
      0.004083038770129102,
      0.013209640991065023,
      0.0,
      0.0,
      0.008158758708086473,
      0.004859733440863447,
      0.013215808881553905,
      0.0023852326460625335,
      0.0,
      0.0,
      0.0,
      0.0003927528530140048,
      0.0,
      0.005018004566226178,
      0.0,
      0.0,
      0.00046036531028296427,
      0.0,
      0.0,
      0.0008042168851220085,
      0.0017872928828825646,
      0.0,
      0.0036447499246813823,
      0.0,
      0.0001147806122595997,
      0.0042058297849166615,
      0.0,
      0.019828575538308395,
      0.009267671098774853,
      0.0,
      0.019033467837266546,
      0.01068046368650442,
      0.0,
      0.0015580292373382704,
      0.02604788597991276,
      0.013418779693294214,
      0.009395388110623494,
      0.01683133427727143,
      0.0011674959418838849,
      0.01848306833571181,
      0.002193601869347043,
      0.0033033329657648908,
      0.0078120660979300385,
      0.0,
      0.010438782098952614,
      0.0,
      0.0,
      0.0017245386625163637,
      0.0,
      0.0,
      0.003455864737662275,
      0.0,
      0.003206041521489851,
      0.0,
      0.002923407143976781,
      0.0013709173193074875,
      0.0,
      0.013220924931954564,
      0.0037917320077905567,
      0.0,
      0.0,
      0.0,
      0.0,
      0.0,
      0.0,
      0.0,
      0.0,
      0.007803719409080807,
      0.0009476869644684208,
      0.00481606822888138,
      0.0,
      0.0,
      0.007031750981654986,
      0.0,
      0.0,
      0.004648762149672973,
      0.0,
      0.0,
      0.0,
      0.0030693772809773086,
      0.0008279771089972673,
      0.002918706078117675,
      0.007093943630338225,
      0.003807560314341568,
      0.0,
      0.01173879274251855,
      0.0,
      0.0,
      0.0,
      0.0012306226639958349,
      0.0,
      0.00046523590511055035,
      0.0007456928072425684,
      0.0,
      0.009801179600483259,
      0.0044935798261915155,
      0.0,
      0.0026474551366976852,
      0.0008253794307282625,
      0.0,
      0.0,
      0.00042745333043327964,
      0.0,
      0.0062914822373776845,
      0.0,
      0.014794305419557834,
      0.0,
      0.00493350577707795,
      0.0,
      0.0,
      0.013485158372404701,
      0.0,
      0.008100933232321582,
      0.0,
      0.00798384187326156,
      0.0009018357970393644,
      0.0,
      0.00029755277011677,
      0.0,
      0.006466948164093102,
      0.007957208611325367,
      0.0,
      0.005621253468415977,
      0.0,
      0.0,
      0.012500065881748302,
      0.0,
      0.0,
      0.0,
      0.0,
      0.007727553929942354,
      0.009996050514052262,
      0.008183293147442402,
      0.0,
      0.011082903150945636,
      0.00412588141390176,
      0.007084075984698259,
      0.008274762912111343,
      0.0,
      0.0,
      0.0,
      0.0,
      0.0,
      0.0
    ],
    "low_data": false
  },
  "250000": {
    "median": 6.394042499970406e-05,
    "p90": 0.010588420021562387,
    "p10": 0.0,