{
  "100000": {
    "median": 0.00041578021483433775,
    "p90": 0.012326526330981347,
    "p10": 0.0,
    "sample": [
      9.515294691211557e-05,
      0.00015628137577651492,
      0.0,
      0.007601023817288046,
      0.0,
      0.012914471810053585,
      0.014867454213185322,
      0.000946531699096214,
      0.0,
      0.00236448506689844,
      0.0,
      0.0031463120433635862,
      0.0,
      0.008150033712131192,
      0.0,
      0.0,
      0.0007707669267412456,
      0.0,
      0.0,
      0.012571916842809356,
      0.0,
      0.007041818071570348,
      0.004535881243048865,
      0.0,
      0.0,
      0.0,
      0.0,
      0.007359016473744922,
      0.013444633850643217,
      0.0,
      0.0,
      0.005302207340943713,
      0.0011750957797624576,
      0.0,
      0.0,
      0.0048900325793727354,
      0.015839661919134235,
      0.0,
      0.0,
      0.0030452536300429735,
      0.009438251073180786,
      0.009788463952400442,
      0.014337500118586316,
      0.0016246513815743428,
      0.0,
      0.0,
      0.012818877239922245,
      0.0,
      0.0,
      0.0,
      0.0,
      0.011170997791330517,
      0.0,
      0.0,
      0.0,
      0.010439821182953772,
      0.014449024743904314,
      0.007007968099789246,
      0.01633630542269599,
      0.0,
      0.0,
      0.011681349692077308,
      0.006150914152336239,
      0.019360540521067678,
      0.0,
      0.0,
      0.011274137650091888,
      0.010624890217660238,
      0.0,
      0.0,
      0.0009455728658507733,
      0.012043155743379257,
      0.0,
      0.003986669202119785,
      0.0,
      0.011969124954360357,
      0.0,
      0.006689615780976824,
      0.012527591301841706,
      0.0,
      0.0,
      0.0075439115676690606,
      0.004373456184539385,
      0.0006550358714567532,
      0.002070623327731925,
      0.006750077590276606,
      0.007912759056873324,
      0.0,
      0.0,
      0.0,
      0.0,
      0.0,
      0.0,
      0.0,
      0.009344460006662529,
      0.0007442952227089506,
      0.0,
      0.0,
      0.009864646357728414,
      0.0,
      0.0,
      0.004409765830834436,
      0.0,
      0.0,
      0.0033571566957515536,
      0.0,
      0.003987643772160194,
      0.0,
      0.0,
      0.004694873459058182,
      0.00043047458764249247,
      0.0,
      0.003483191882543877,
      0.0,
      0.0,
      0.0024118816221824035,
      0.0,
      0.010444618442731693,
      0.002204018663048746,
      0.004794513688437854,
      0.0014744956443163053,
      0.0025350090227455936,
      0.009623029460226052,
      0.0033640605601509294,
      0.0,
      0.00024791083692999384,
      0.000401085842026183,
      0.0,
      0.012326668518733137,
      0.0050807995694237915,
      0.005365795206046889,
      0.012659001521561394,
      0.0,
      0.012532908778214055,
      0.0,
      0.012583672053505099,
      0.0,
      0.006323746337848949,
      0.0,
      0.0,
      0.0,
      0.008053092023978123,
      0.0,
      0.0,
      0.015809358366007192,
      0.0,
      0.0,
      0.0,
      0.0031954027698475524,
      0.0,
      0.0021003351148683354,
      0.0,
      0.0,
      0.017970157245142098,
      0.00275426881069264,
      0.0016642420522676113,
      0.004398238618468975,
      0.0,
      0.0,
      0.0029691595845662594,
      0.0,
      0.011026877895562417,
      0.0,
      0.0,
      0.0,
      0.004370301187280925,
      0.017129052151248544,
      0.0,
      0.0,
      0.0,
      0.0004623947667921788,
      0.0,
      0.001257017022719703,
      0.0014911882936001187,
      0.010680841673709047,
      0.0,
      0.0,
      0.0,
      0.0027840899748366532,
      0.005337036603873758,
      0.004497979010279549,
      0.0,
      0.005030879089165161,
      0.0,
      0.0140735911590452,
      0.0014724924776788595,
      0.0066162033476049745,
      0.008034420898974992,
      0.005146012581039758,
      0.0,
      0.0,
      0.01232651053234226,
      0.00203082268409335,
      0.001319974777885698,
      0.0,
      0.003211119140203605,
      0.0026392173620469785,
      0.0,
      0.013527139241988489,
      0.0
    ],
    "low_data": false
  },
  "250000": {
    "median": 0.0005717671989869464,
    "p90": 0.012455429340862162,
    "p10": 0.0,