{
  "100000": {
    "median": 0.0015321979751533568,
    "p90": 0.012128825666928916,
    "p10": 0.0,
    "sample": [
      8.367132014629471e-05,
      8.713087454066366e-05,
      0.0,
      0.0,
      0.0067350967967243595,
      0.0006451711425766287,
      0.0,
      0.0019496822261876085,
      0.0,
      0.0,
      0.0,
      0.0,
      0.0022810131515752564,
      0.016897130205431158,
      0.0013370870323659563,
      0.0056439073424091974,
      0.006064818827725125,
      0.007098693135882097,
      0.0,
      0.005900172336988314,
      0.0,
      0.012095543564892388,
      0.0,
      0.007020521552434038,
      0.007808154646846986,
      0.002006786150345031,
      0.0,
      0.0,
      0.001655104731901288,
      0.0060197778684218,
      0.0,
      0.0,
      0.0,
      0.0,
      0.004020869067658951,
      0.0026765551875923494,
      0.013653923102275624,
      0.0,
      0.0,
      0.0,
      0.0,
      0.012452627290090845,
      0.0,
      0.0,
      0.0034213610622389765,
      0.0,
      0.0,
      0.004108984493982475,
      0.0,
      0.0,
      0.0,
      0.0,
      0.0,
      0.00030229441255141137,
      0.007486439887897338,
      0.015703067619333724,
      0.016946077837707112,
      0.0,
      0.0,
      0.002106661037294102,
      0.010136050116497698,
      0.018907870752100972,
      0.0,
      0.0020151556031400824,
      0.0045345744998830555,
      0.013354773582863083,
      0.013762238757516147,
      0.0,
      0.010942593872836888,
      0.0027442611648215032,
      0.008900485731908714,
      0.0,
      0.0,
      0.0,
      0.0,
      0.0,
      0.00379935032907539,
      0.006319053817820636,
      0.0,
      0.02800688801857589,
      0.012850827219818884,
      0.007466763686862437,
      0.009640852047541918,
      0.013975278355880161,
      0.012895069130024257,
      0.0,
      0.008693762152243175,
      0.0019186800834614854,
      0.0,
      0.007717108587739383,
      0.004286814506821884,
      0.0019456841425916512,
      0.004134353446799752,
      0.007109800482810756,
      0.001983331946072846,
      0.011800828622665165,
      0.00317769490572245,
      0.022642805345355906,
      0.010513859272606051,
      0.0,
      0.005913152839285343,
      0.00417082257408503,
      0.0015468171721393943,
      0.001517578778167319,
      0.0,
      0.0,
      0.0,
      0.0024889348110239875,
      0.0,
      0.0,
      0.0,
      0.0,
      4.526035252494984e-05,
      0.0,
      0.004403061166265647,
      0.00348747057175626,
      0.0022310003663355018,
      0.0008934625565346879,
      0.004625779553778731,
      0.0,
      0.0014331179652466264,
      0.001733559342673787,
      0.0024568473920205717,
      0.0,
      0.009274616812207004,
      0.0,
      0.011830760416244758,
      0.0,
      0.0,
      0.001594524058430814,
      0.0005482329435743792,
      0.002832433570937086,
      0.0007164547078761059,
      0.0,
      0.0,
      0.0,
      0.003450399668388783,
      0.0,
      0.00906762984163972,
      0.014629300761349221,
      0.007461275948984299,
      0.0,
      0.01637334243612875,
      0.012428364585257675,
      0.0,
      0.0,
      0.016394523363941853,
      0.0,
      0.0,
      0.012604786910674891,
      0.007547859802964782,
      0.0028124747738565562,
      0.005989491350125026,
      0.012842030668721999,
      0.0,
      0.006490195207570101,
      0.0,
      0.004602929965818569,
      0.0,
      0.005445886184095529,
      0.009841803787957851,
      0.0,
      0.0007627160922301634,
      0.0,
      0.00038446335172716517,
      0.0,
      0.0,
      0.0,
      0.0060672094454254765,
      0.0,
      0.0069761353674905715,
      0.0,
      0.004793697336308869,
      0.008948442750439869,
      0.004038334015016613,
      0.0017438808850950805,
      0.0,
      0.006996016548601207,
      0.0024907961212120226,
      0.004697268805594697,
      0.0010784293533707711,
      0.0,
      0.0,
      0.004723783084901034,
      0.0,
      0.0003649472480026072,
      0.00729623491032672,
      0.0,
      0.0,
      0.011946321725277154,
      0.0,
      0.0,
      0.0,
      0.0023491026822612324,
      0.013929686655950024,
      0.008823828976732895,
      0.004593537540827628,
      0.0,
      0.006605556086544589,
      0.0
    ],
    "low_data": false
  },
  "250000": {
    "median": 0.0016375986009927869,
    "p90": 0.012314039454255033,
    "p10": 0.0,