{
  "100000": {
    "median": 8.635325361939895e-05,
    "p90": 0.011518610103997549,
    "p10": 0.0,
    "sample": [
      8.161888105864771e-05,
      0.0002147553354549859,
      0.0005051518491771375,
      0.0,
      0.0007696474129466601,
      0.0025305882084177126,
      0.0,
      0.00484954527381349,
      0.0,
      0.0,
      0.007656390262058129,
      0.004859463292406995,
      0.0037933455971033087,
      0.0062999480825777525,
      0.0,
      0.0,
      0.0,
      0.0,
      0.002173690395800236,
      0.0,
      0.014846754108492274,
      0.0,
      0.0,
      0.005303710204958504,
      0.00043397339099078043,
      0.0,
      0.0,
      0.0,
      0.0,
      0.007910880158335729,
      0.0057276517535017335,
      0.006647586657529292,
      0.0064903302272208896,
      0.00566393483215976,
      0.00654564502918556,
      0.0016571387072416527,
      0.009090046543532068,
      0.0,
      0.00205391321195834,
      0.0,
      9.108762618015019e-05,
      0.0,
      0.003947977186932508,
      0.0,
      0.0,
      0.0,
      0.0,
      0.010040149483448358,
      0.0,
      0.008627435641831185,
      0.007477514175219082,
      0.00783414910419445,
      0.0012055469640179536,
      0.0034426228320285847,
      0.0,
      0.0,
      0.0,
      0.01883324488501583,
      0.0,
      0.00988002854935842,
      0.007520857528964482,
      0.0,
      0.0,
      0.006563781863369968,
      0.0,
      0.0,
      0.01093257310754487,
      0.0,
      0.0,
      0.0,
      0.0,
      0.003972991250457324,
      0.0007503118638691302,
      0.0,
      0.0,
      0.0,
      0.0031568092849789033,
      0.014854580883304176,
      0.0,
      0.0,
      0.0,
      0.0005664416210215711,
      0.0,
      0.0,
      0.0,
      0.0013946679137068407,
      0.0,
      0.0,
      0.0,
      0.0,
      0.014496313144542803,
      0.0,
      0.0,
      0.0,
      0.0,
      0.023758557912235797,
      0.0,
      0.0,
      0.0,
      0.015494801946587623,
      0.009317251236039341,
      0.012225541359997816,
      0.0,
      0.0,
      2.5764561910931826e-05,
      0.0014730111020089705,
      0.0,
      0.010105051581618325,
      0.00343775639836037,
      0.011494488830672087,
      0.0,
      0.0007526310107859163,
      0.0,
      0.010831143314330103,
      0.004114791484605783,
      0.00999188187299464,
      0.012201782169034647,
      0.0,
      0.0,
      0.0,
      0.0,
      0.0,
      0.003581456201510532,
      0.0,
      0.000413538483901455,
      0.0020627855716978455,
      9.809895534535081e-05,
      0.0026125253766204623,
      0.0,
      0.006903565772755311,
      0.0,
      0.006498965769498663,
      0.0,
      0.0,
      0.0017049372437435365,
      0.0,
      0.0,
      0.00014395970427111748,
      0.0,
      0.0010977748719898563,
      0.003268528743800122,
      0.006871079749636073,
      0.0,
      0.0,
      0.0010005795307545756,
      0.0,
      0.008135639374205885,
      0.006351566775522748,
      0.0,
      0.008983245336461406,
      0.005536534088818712,
      0.01681788705121127,
      0.0,
      0.0,
      0.003093296652245151,
      0.014381262322726799,
      0.0,
      0.0002448193792870739,
      0.0,
      0.0,
      0.003995568965934854,
      0.007513398054044905,
      0.01688566352620647,
      0.0036545348853743707,
      0.013381853820093567,
      0.014220942582318069,
      0.013278005603031552,
      0.016131754657052695,
      0.025933559981451665,
      0.0,
      0.005589664647563915,
      0.010846002460095901,
      0.00592429259761296,
      0.002914828450722473,
      0.0,
      0.0,
      0.01239212263504138,
      0.017163153135917927,
      0.0,
      0.0,
      0.0,
      0.0018260399234062156,
      0.0027782829847682994,
      0.010551806361010089,
      0.0,
      0.004357439035569457,
      0.0,
      0.0,
      0.0,
      0.0,
      0.010315746594343223,
      0.0,
      0.008454207535007108,
      0.0,
      0.012485113171051375,
      0.0,
      0.011735701563926717,
      0.0020514086407077497,
      0.0,
      0.0
    ],
    "low_data": false
  },
  "250000": {
    "median": 0.00022377559375814557,
    "p90": 0.011675068289688586,
    "p10": 0.0,