{
  "100000": {
    "median": 0.0,
    "p90": 0.01058873190711232,
    "p10": 0.0,
    "sample": [
      0.00014480916778466545,
      0.0001285455553872563,
      0.01864153828306948,
      0.0,
      0.004907920647026615,
      0.0,
      0.0,
      0.013668307782984399,
      0.019215368886516062,
      0.005264358875334509,
      0.0,
      0.0,
      0.0,
      0.007266029284504028,
      0.0,
      0.0,
      0.0,
      0.0,
      0.008358719470049349,
      0.004572186238253404,
      0.0,
      0.0032157860764436145,
      0.003030756554348452,
      0.01803337072449908,
      0.003321472420279368,
      0.0,
      0.004126546951001507,
      0.0,
      0.0,
      0.0,
      0.010822557309949528,
      0.0,
      0.011930607686063677,
      0.005556369336235596,
      0.0,
      0.009083211065514055,
      0.0,
      0.008403019081527262,
      0.0,
      0.005386557709705731,
      0.006928365913510711,
      0.0,
      0.0013297491961550855,
      0.013146447253266247,
      0.016128039037930163,
      0.00777982227451497,
      0.000793066723977411,
      0.0004892684912353748,
      0.0,
      0.0,
      0.0,
      0.0,
      0.0,
      0.008124434089887823,
      0.0,
      0.007246190113403517,
      0.0,
      0.0,
      0.0,
      0.0,
      0.008531320949756633,
      0.002630329066294573,
      0.007002077726505636,
      0.00635596791928581,
      0.008890978465646977,
      0.0,
      0.0,
      0.0,
      0.0,
      0.003095952557105673,
      0.011112092495580494,
      0.0,
      0.0,
      0.0,
      0.01361273820574092,
      0.0,
      0.0023084379468768105,
      0.0,
      0.0,
      0.003162258149271134,
      0.0009023689183592351,
      0.0,
      0.005966691394705077,
      0.01112988823988478,
      0.01584994061932585,
      0.0,
      0.005813560019230383,
      0.0033995651683485294,
      0.0,
      0.0,
      0.0,
      0.0,
      0.0,
      0.0005878649509372064,
      0.0,
      0.0,
      0.0,
      0.006015599429442889,
      0.009851274476878771,
      0.0027816030961889926,
      0.0,
      0.0,
      0.0,
      0.011745256503081216,
      0.0,
      0.0,
      0.0,
      0.0,
      0.0023635478035696532,
      0.0,
      0.0,
      0.0,
      0.005075529467286355,
      0.0,
      0.0,
      0.022981111166222198,
      0.008190469934647225,
      0.00806381628034353,
      0.0,
      0.009038512037102583,
      0.0,
      0.0,
      0.002358933857259132,
      0.0,
      0.0,
      0.018894580428460643,
      0.0,
      0.0,
      0.0,
      0.0,
      0.018505744649541866,
      0.0,
      0.014607705118052336,
      0.0,
      0.010563184333005323,
      0.0,
      0.0,
      0.0033038764556190055,
      0.0,
      0.0,
      0.0,
      0.0036019130889317634,
      0.0,
      0.0,
      0.007316179483995346,
      0.006433585686850028,
      0.0,
      0.0070854976640983645,
      0.0,
      0.0,
      0.0,
      0.0,
      0.0,
      0.0,
      0.0021509946606820055,
      0.004517512961343171,
      0.004434838941148712,
      0.009472100465535411,
      0.0,
      0.0,
      0.004261544361190505,
      0.0,
      0.008275698565137402,
      0.0,
      0.0,
      0.0,
      0.0,
      0.0,
      0.0,
      0.0,
      0.0,
      0.010451783542811025,
      0.006561787380105577,
      0.0,
      0.0017097421285556232,
      0.0005130657601000552,
      0.003380018459482414,
      0.011629248146141222,
      0.0,
      0.011264304891712484,
      0.0,
      0.0,
      0.00734254512696243,
      0.0034112435887960523,
      0.0,
      0.0,
      0.0,
      0.0,
      0.0,
      0.010818660074075302,
      0.0,
      0.0,
      0.0,
      0.005064246200382337,
      0.0,
      0.0,
      0.0,
      0.0,
      0.0,
      0.0009422267214974627
    ],
    "low_data": false
  },
  "250000": {
    "median": 0.0,
    "p90": 0.01078692873642523,
    "p10": 0.0,
    "sample": [
      0.0003303254729477404,
      0.0002932264029150915,
      0.018759832516683343,
      0.0,
      0.0050207990543156165,
      0.0,
      0.0,
      0.013887749119330255,
      0.01934090344184561,
      0.0054588950208422785,
      0.0,
      0.0,
      0.0,
      0.007480998692394934,
      0.0,
      0.0,
      0.0,
      0.0,
      0.008508122747752204,
      0.004698431609281939,
      0.0,
      0.003383619850952687,
      0.0032340196704453593,
      0.018212057804494905,
      0.0034811834949414976,
      0.0,
      0.0042631755435550926,
      0.0001297341133442765,
      0.0,
      0.0,
      0.011083385753889057,
      0.0,
      0.012102756045951344,
      0.005690900013822543,
      0.0,
      0.009240666559541765,
      0.0,
      0.008611715645773762,
      0.0,
      0.005513766602005275,
      0.007053610370487367,
      0.0,
      0.0015224275697156863,
      0.013381869893644071,
      0.01629484789814626,
      0.008034912028358413,
      0.0010354917157876856,
      0.0006151880869656441,
      0.0,
      0.0,
      0.0,
      0.0,
      0.0,
      0.008260577630676834,
      0.0,
      0.007451778097240669,
      0.0,
      0.0,
      0.0,
      0.0,
      0.008671626023446889,
      0.0027481682240285657,
      0.007114646475267036,
      0.006551927849533733,
      0.009072387351399322,
      0.0,
      0.0,
      0.0,
      0.0,
      0.003264924411403464,
      0.011237782137418837,
      0.0,
      0.0,
      0.0,
      0.01371935299629532,
      0.0,
      0.0024478974664671072,
      0.0,
      0.0,
      0.0033281550354828087,
      0.0010280855918956586,
      0.0,
      0.006110163288039074,
      0.011248548912487458,
      0.01608499926010108,
      0.0,
      0.005968352697499651,
      0.003562296375323828,
      0.0,
      0.0,
      0.0,
      0.0,
      0.0,
      0.0007064470581743787,
      0.00010175505456067984,
      0.0,
      0.0,
      0.006243275896858746,
      0.010122919287936289,
      0.0029406093025918993,
      0.0,
      0.0,
      0.0,
      0.011978976050510593,
      0.0,
      0.0,
      0.0,
      0.0,
      0.002521194603929067,
      0.0,
      0.0,
      0.0,
      0.005319558011461402,
      0.0,
      0.0,
      0.02325842339178888,
      0.008303834774712844,
      0.008310464530380984,
      0.0,
      0.009149495342976875,
      0.0,
      0.0,
      0.0025273915133418963,
      0.0,
      0.0,
      0.019131952320731786,
      0.0,
      0.0,
      0.0,
      0.0,
      0.01869979056372151,
      0.0,
      0.014777429799867636,
      0.0,
      0.010769486060800228,
      0.0,
      0.0,
      0.0034477284383331226,
      0.0,
      0.0,
      0.0,
      0.003787823900807747,
      0.0,
      0.0,
      0.007547377871364681,
      0.006557502396638094,
      0.0,
      0.00721753163900891,
      0.0,
      0.0,
      0.0,
      0.0,
      0.0,
      0.0,
      0.002315999848446581,
      0.004810591614313149,
      0.004552190479645433,
      0.009616005784334854,
      0.0,
      0.0,
      0.004437838658711232,
      0.0,
      0.00839854442714522,
      0.0,
      0.0,
      0.0,
      0.0,
      0.0,
      0.0,
      0.0,
      0.0,
      0.0106625449077987,
      0.006856703640603775,
      0.0,
      0.0018291913049237785,
      0.0006716782521379942,
      0.0035449565639272566,
      0.01178433589009791,
      0.0,
      0.011466730477705857,
      0.0,
      0.0,
      0.007508476091315263,
      0.0036768897191494882,
      0.0,
      0.0,
      0.0,
      0.0,
      0.0,
      0.010943912817050256,
      0.0,
      0.0,
      0.0,
      0.005295640883334067,
      0.0,
      0.0,
      0.0,
      0.0,
      0.0,
      0.0011995880015397105
    ],
    "low_data": false
  },
  "500000": {
    "median": 0.0,
    "p90": 0.011092566957179575,
    "p10": 0.0,