{
  "100000": {
    "median": 0.0,
    "p90": 0.009577130004508997,
    "p10": 0.0,
    "sample": [
      9.064149011288768e-05,
      0.00014228564441753092,
      0.0,
      0.0011656057170254886,
      0.0,
      0.0033013474697018066,
      0.00041505152393049214,
      0.00190618508698594,
      0.0033202528524030337,
      0.0009636650050717341,
      0.0044735409051894545,
      0.0,
      0.0,
      0.0008788731803749845,
      0.008775556333317466,
      0.0025603430355506875,
      0.00212542536153764,
      0.0,
      0.0,
      0.0,
      0.006471799644315164,
      0.0008290304236464637,
      0.0,
      0.0,
      0.0011999795324432155,
      0.0020761032019078547,
      0.0,
      0.0,
      0.0004103608595882953,
      0.0,
      0.0,
      0.015505246888804126,
      0.0,
      0.005288369024690453,
      0.0,
      0.0022249797401308045,
      0.0,
      0.010018490021328784,
      0.005346470923200437,
      0.008813689110823945,
      0.0,
      0.0,
      0.0033543586747125983,
      0.0,
      0.00848748693403494,
      0.0,
      0.0009727115291089723,
      0.0,
      0.0,
      0.0009200671999206541,
      0.0024072315901911886,
      0.0,
      0.0,
      0.0,
      0.0,
      0.0,
      0.006667152304465276,
      0.00039363285362115113,
      0.005762769258988047,
      0.0032804543092130895,
      0.004335505114685587,
      0.00557859372996545,
      0.013544356964320029,
      0.002932767961537164,
      0.0,
      0.0,
      0.0,
      0.017752493183223875,
      0.00859540159212316,
      0.005225734593390994,
      0.0073546953685093164,
      0.0,
      0.0,
      0.000628803339222019,
      0.0,
      0.0,
      0.0,
      0.0,
      0.0,
      0.0,
      0.0064763664722195715,
      0.0,
      0.008888151387140355,
      0.01008541464056795,
      0.0,
      0.0035068276843275153,
      0.010615429907081681,
      0.0,
      0.0,
      0.0,
      0.0,
      0.006396739737863711,
      0.0,
      0.0,
      0.004525262571693491,
      0.0,
      0.0,
      0.0,
      0.0,
      0.008961680354459177,
      0.0,
      0.0009603462656072445,
      0.0,
      0.010033262639326275,
      0.014265825723839146,
      0.0,
      0.0030433347968825838,
      0.0,
      0.0,
      0.0,
      0.0018541746157323903,
      0.0,
      0.0,
      0.012588364706507305,
      0.0016196152868239299,
      0.007444455541805002,
      0.0,
      0.0,
      0.012915801458970434,
      0.0,
      0.012747867927132506,
      0.0,
      0.0,
      0.0028240356813719267,
      0.009372027841407306,
      0.0,
      0.0,
      0.0,
      0.0035896716870236264,
      0.001410255416999728,
      0.0033542974448342823,
      0.0,
      0.003113224478591283,
      0.0013272858516923548,
      0.0,
      0.0,
      0.012810502379315058,
      0.0,
      0.01052416556252382,
      0.00226721557404724,
      0.0028582416540903254,
      0.0,
      0.003048334143463744,
      0.0,
      0.002123545091224873,
      0.0,
      0.0,
      0.0,
      0.0019577134262382823,
      0.0,
      0.0,
      0.008909891452786842,
      0.005135940788218181,
      0.0,
      0.004531596418666408,
      0.0,
      0.0,
      0.0,
      0.005609540642583383,
      0.0,
      0.0,
      0.0,
      0.0,
      0.009528090002640134,
      0.013299819116774067,
      0.0,
      0.0012358052989868604,
      0.0,
      0.006195415740005257,
      0.0,
      0.0022178370887588252,
      0.014294701882474612,
      0.004395267658988994,
      0.014229519108244904,
      0.004763598752310299,
      0.011334240086041338,
      0.0026808047899247946,
      0.0,
      0.0028747003507356593,
      0.00020670161204898826,
      0.0065072116983811885,
      0.0,
      0.011512039384171897,
      0.00758487258894328,
      0.011004907950061097,
      0.0,
      0.0,
      0.0,
      0.0,
      0.010129323562660535,
      0.0,
      0.0,
      0.0,
      0.0,
      0.0,
      0.0,
      0.0,
      0.0,
      0.0034930772959383366,
      0.0003646827655007681
    ],
    "low_data": false
  },
  "250000": {
    "median": 0.0,
    "p90": 0.009720552882919837,
    "p10": 0.0,