{
  "100000": {
    "median": 0.0009924092346725115,
    "p90": 0.01238173337254439,
    "p10": 0.0,
    "sample": [
      9.528930363760836e-05,
      0.00017870737887051724,
      0.018735416330389523,
      0.023656590293922697,
      0.0,
      0.0,
      0.0,
      0.0,
      0.0006166683527814411,
      0.0,
      0.0,
      0.0,
      0.0,
      0.0,
      0.0,
      0.0013860987646478937,
      0.008784883567607753,
      7.362276184309755e-05,
      0.004325536638594663,
      0.0,
      0.015981081663269784,
      0.0,
      0.008605228658155065,
      0.016842943690695125,
      0.021203074878429654,
      0.0,
      0.004468019789233679,
      0.022343115517025593,
      0.00853844204161375,
      0.003189808737920529,
      0.03321325287392796,
      0.0012552308610314083,
      0.01049303427923288,
      0.0047103282443333085,
      0.0,
      0.006228611163437941,
      0.013740538851677853,
      0.0,
      0.0035847949190710537,
      0.0,
      0.0,
      0.0,
      0.01882473018892703,
      0.004327264003544802,
      0.0025000789689576287,
      0.0,
      0.0,
      0.0,
      0.003403334551483862,
      0.0,
      0.0104047782704149,
      0.0,
      0.0,
      0.0,
      0.0005871076213697367,
      0.0049313638588043,
      0.009281857544219002,
      0.0,
      0.0,
      0.0,
      0.0052351827031191355,
      0.0,
      0.01239252154950967,
      0.0,
      0.0,
      0.0023634838610664716,
      0.00880634375528378,
      0.000846258026260954,
      0.0,
      0.00312860491476211,
      0.003662450043122216,
      0.0038866561334142237,
      0.0,
      0.0,
      0.0,
      0.00543148847563122,
      0.0,
      0.0,
      0.0,
      0.008971789807784023,
      0.0,
      0.009589342697249007,
      0.0,
      0.0,
      0.01127627130348252,
      0.006733196414967766,
      0.01213802005672915,
      0.0,
      0.0,
      0.0,
      0.0,
      0.004827001858662113,
      0.001720076941528728,
      0.0,
      0.0,
      0.005261169163365547,
      0.021631057458777483,
      0.004171037959840109,
      0.022740208822114742,
      0.004431388068897304,
      0.0,
      0.0,
      0.00015788703207027564,
      0.007509476227301369,
      0.016899315805994415,
      0.0,
      0.009271145839491391,
      0.0,
      0.004849993466691656,
      0.0,
      0.0,
      0.007891427952902165,
      0.0,
      0.0,
      0.0036820457671204484,
      0.0,
      0.0,
      0.0,
      0.0,
      0.0,
      0.0,
      0.002605506678541086,
      0.0,
      0.012380534686214915,
      0.0,
      0.006477688961600202,
      0.003847815856028956,
      0.0,
      0.0,
      0.0,
      0.004348607381291218,
      0.0,
      0.009389328608495146,
      0.0037830955455558342,
      0.0024750728375068495,
      0.0011385604430840693,
      0.00480795739683628,
      0.0,
      0.00927480713682639,
      0.0007470350014313994,
      0.011573410960127664,
      0.012526446994883781,
      0.0,
      0.0,
      0.011951378952185078,
      0.009039764938588928,
      0.002776165945677977,
      0.0,
      0.005319769078961457,
      0.004968268822302831,
      0.0,
      0.0,
      0.013498212716418663,
      0.0,
      0.0026351291392824635,
      0.002915059245731302,
      0.006842989257724264,
      0.0,
      0.012403431312351443,
      0.01879802970560758,
      0.0,
      0.0,
      0.0,
      0.008783108235397232,
      0.0,
      0.010746704268408073,
      0.0,
      0.0,
      0.010771104150130117,
      0.010923628633025623,
      0.023940600463289205,
      0.003399274212580527,
      0.010267335187557708,
      0.0015326527296996711,
      0.01663949321389962,
      0.0013479063010977247,
      0.0,
      0.0,
      0.0,
      0.0,
      0.0,
      0.004606973527003958,
      0.0,
      0.0,
      0.0,
      0.008476508411074057,
      0.003790994655495377,
      0.0,
      0.007216406669259322,
      0.0028273207222039363,
      0.0037015791245692668,
      0.005089339748776708,
      0.009923593454343554,
      0.0,
      0.004982359909061214,
      0.004849443567010754,
      0.0022057379943010444,
      0.006668770899628872,
      0.012683301780651983,
      0.0
    ],
    "low_data": false
  },
  "250000": {
    "median": 0.0012188117016683716,
    "p90": 0.012608180450175189,
    "p10": 0.0,