{
  "100000": {
    "median": 0.0,
    "p90": 0.011456689924300732,
    "p10": 0.0,
    "sample": [
      9.096843767730033e-05,
      8.731906308083882e-05,
      0.005445806278576765,
      0.0,
      0.007720365332106333,
      0.0,
      0.003979959911906916,
      0.0,
      0.013304977314048779,
      0.0007303512441586304,
      0.015384616720745228,
      0.005625626369094915,
      0.007405743633023218,
      0.006541423178902835,
      0.0029468654862875596,
      0.0,
      0.0,
      0.017735746953128365,
      0.010757831384196559,
      0.0,
      0.0003708597203675955,
      0.0,
      0.0,
      0.0,
      0.0,
      0.010998468020160052,
      0.0014486497963615208,
      0.014584513723499065,
      0.040002084159892703,
      0.0,
      0.0,
      0.003307661207619458,
      0.0,
      0.005923912936661263,
      0.0022168504281944203,
      0.010404668670833212,
      0.0,
      0.0,
      0.019329595666252548,
      0.0055883992133519845,
      0.0,
      0.006114246084141996,
      0.0,
      0.005437528651173402,
      0.0,
      0.0,
      0.0005368473912134155,
      0.007134657787628723,
      0.0,
      0.010307433514214677,
      0.007146270495057329,
      0.0,
      0.0,
      0.0,
      0.015542194589836272,
      0.0,
      0.0,
      0.008761570863192032,
      0.0,
      0.012549063089508634,
      0.007419047709736468,
      0.0042606251086417584,
      0.0,
      0.0,
      0.0018938022387122657,
      0.0,
      0.0054404832484530406,
      0.005850424481336453,
      0.0,
      0.01882244273815693,
      0.0,
      0.011073744441798244,
      0.008704214351661294,
      0.0,
      0.0,
      0.0016788097652708433,
      0.0,
      0.0049706039022528225,
      0.0,
      0.0,
      0.0,
      0.011482276851932585,
      0.0,
      0.006427661506476578,
      0.010125485283433985,
      0.0,
      0.0,
      0.01423489323380906,
      0.0,
      0.01672717669655786,
      0.0075442976188295815,
      0.007965927512827299,
      0.004788273519699708,
      0.007212066681288502,
      0.0,
      0.03175894962863762,
      0.004353919980489862,
      0.0,
      0.0,
      0.003924529231656084,
      0.0,
      0.0,
      0.0020999500471467598,
      0.0007445759006700767,
      0.014121812507750147,
      0.0,
      0.008778526560885102,
      0.0,
      0.0,
      0.0,
      0.0065043132858099185,
      0.006207122745433521,
      0.0017429313739098285,
      0.0,
      0.0,
      0.0,
      0.0,
      0.0,
      0.006952484972239004,
      0.0,
      0.008265387599258461,
      0.0,
      0.00407887038316503,
      0.027265512537163465,
      0.0,
      0.00960397705524747,
      0.00832187342398397,
      0.00405955856524796,
      0.0,
      0.0,
      0.0,
      0.005159201447360109,
      0.010918392329440016,
      0.009054026680029473,
      0.0,
      0.0,
      0.0,
      0.0,
      0.010342521989741144,
      0.005819840810250464,
      0.0,
      0.0076262352049636965,
      0.007745088660224587,
      0.0,
      0.0,
      0.0,
      0.0,
      0.01329340078146166,
      0.0,
      0.006570025099832804,
      0.0,
      0.0,
      0.0,
      0.002254039817628183,
      0.010778988754326807,
      0.0,
      0.010360761587763797,
      0.0,
      0.018419528384908478,
      0.0,
      0.0,
      0.0,
      0.016563512394348723,
      0.009387863288291097,
      0.0,
      0.0,
      0.0,
      0.0,
      0.0,
      0.011453846932341638,
      0.0,
      0.0,
      0.0034219251543661025,
      0.0,
      0.0,
      0.00849064331479954,
      0.011038270239894976,
      0.0,
      0.00382433336245513,
      0.0,
      0.007111741305150077,
      0.0,
      0.008043640351680885,
      0.0,
      0.0,
      0.0,
      0.0,
      0.003895436595056285,
      0.004274650213775219,
      0.0,
      0.0,
      0.0,
      0.028637682326281753,
      0.0,
      0.0,
      0.0,
      0.012610055572922784,
      0.0,
      0.001659028566266881,
      4.02315435474214e-05
    ],
    "low_data": false
  },
  "250000": {
    "median": 4.619336705175487e-05,
    "p90": 0.01160490963164782,
    "p10": 0.0,