{
  "100000": {
    "median": 0.00011577693163928766,
    "p90": 0.011116265119688102,
    "p10": 0.0,
    "sample": [
      9.783239580200766e-05,
      8.176838123188256e-05,
      0.0,
      0.0,
      0.00961771449994881,
      0.0,
      0.009575722285349203,
      0.0033994246369038906,
      0.0,
      0.0,
      0.014828649537786162,
      0.0,
      0.00558524720040109,
      0.0,
      0.010735974574403746,
      0.0,
      0.0029881357687152727,
      0.00013372146747656766,
      9.671953067308373e-05,
      0.0017146190744862081,
      0.008776947725767216,
      0.0002920647625420682,
      0.0077440800863283555,
      0.0,
      0.0,
      0.0038409572621381687,
      0.0,
      0.004818464021730763,
      0.0,
      0.009117745003951579,
      0.0035074562398455726,
      0.0,
      0.011610448764567138,
      0.0002356169756945396,
      0.0,
      0.001611646718046044,
      0.0,
      0.0,
      0.005561501026455976,
      0.0,
      0.0,
      0.0,
      0.0,
      0.0,
      0.0,
      0.0,
      0.01483795119186855,
      0.01218662254516063,
      0.01644959240582457,
      0.016595524210228706,
      0.0,
      0.004619100413377476,
      0.0011094743701349028,
      0.0,
      0.0,
      0.0013942876921747068,
      0.0,
      0.0,
      0.0030463617637296113,
      0.0014948845776027282,
      0.0015713733358137247,
      0.0034524386691895358,
      0.0,
      0.0,
      0.0,
      0.00839773962336636,
      0.0035555516618855925,
      0.0,
      0.003769081349153513,
      0.011010169446801844,
      0.0,
      0.0004195708958964711,
      0.0017932149982479565,
      0.0,
      0.0,
      0.010462396832647915,
      0.01350836284480774,
      0.009977795393183247,
      0.0,
      0.016211559071826916,
      0.013560244663320526,
      0.001982966659871424,
      0.0,
      0.006418176932086877,
      0.007292119203551499,
      0.0,
      0.0,
      0.0,
      0.012890108675012649,
      0.0,
      0.007036718870292442,
      0.0,
      0.0,
      0.0,
      0.0,
      0.010930148042589996,
      0.0,
      0.0,
      7.428954924594146e-05,
      0.0,
      0.00868116454835588,
      0.0,
      0.0,
      0.013747592240020532,
      0.006132146511179699,
      0.0020793259302797277,
      0.0013234991695242756,
      0.0,
      0.008594511163677676,
      0.008893626644997215,
      0.005060593515838048,
      0.010286028281399932,
      0.0,
      0.0025768246394581532,
      0.0037335757192399313,
      0.0,
      0.0,
      0.0,
      0.000436487331934876,
      0.0,
      0.0,
      0.009013801748295023,
      0.0,
      0.01358828277731109,
      0.0,
      0.014862385204811491,
      0.006110815000387137,
      0.0,
      0.0,
      0.01916547027663454,
      0.00179329372886734,
      0.005527915521239155,
      0.0,
      0.0,
      0.0,
      0.002864235940638625,
      0.011744470597816676,
      0.003460066663525855,
      0.006649695191256894,
      0.008400184652588733,
      0.0003587371262486975,
      0.003498666080701291,
      0.0,
      0.0,
      0.0,
      0.0,
      0.0,
      0.0,
      0.005829310773692561,
      0.008508898853478821,
      0.002857244646104989,
      0.008722056749488623,
      8.825052720341003e-06,
      0.008461013130005973,
      0.0,
      0.0,
      0.0,
      0.009892997012384056,
      0.003952856978876291,
      0.0,
      0.0075399731967978265,
      0.0,
      0.012626643477033466,
      0.00799994524119343,
      0.0,
      0.0,
      0.0,
      0.0,
      0.0,
      0.0,
      0.010796169086513773,
      0.0,
      0.019411081346911073,
      0.0,
      0.003959329243357428,
      0.012398880151156495,
      0.0,
      0.008610405477216077,
      0.01252392231932405,
      0.0035997727567067465,
      0.0,
      0.0,
      0.0,
      0.0,
      0.0019320742573838878,
      0.0,
      0.0,
      0.0036744082994375786,
      0.0,
      0.0,
      0.007306870321468343,
      0.0,
      0.01073013078116436,
      0.011061355825812656,
      0.005155687253056342,
      0.013327634513134387,
      0.003387856938596514,
      0.0,
      0.0,
      0.0019900645044514894
    ],
    "low_data": false
  },
  "250000": {
    "median": 0.00024643030953741703,
    "p90": 0.011349804832820842,
    "p10": 0.0,