{
  "100000": {
    "median": 4.3158869066397835e-05,
    "p90": 0.011525959674419552,
    "p10": 0.0,
    "sample": [
      0.00016050339376906376,
      0.0001730414914384485,
      0.0003276243654809208,
      0.0,
      0.003295612536642417,
      0.01576379675259557,
      0.0020043262045448033,
      0.0064847502016235565,
      0.00871949503671109,
      0.0013220326066138194,
      0.008266143595644341,
      0.0,
      0.0018292160402489288,
      0.0,
      0.0,
      0.0,
      0.0005067918105789845,
      0.008612695313834452,
      0.016859199833984543,
      0.0005371846056663782,
      0.008848164374714447,
      0.0,
      0.0,
      0.0,
      0.0004407096013577857,
      0.0,
      0.0,
      0.0039061005598646967,
      0.002980875126184804,
      0.0003266454450698025,
      0.0,
      0.0,
      0.0,
      0.0,
      0.0,
      0.011197614262324757,
      0.0,
      0.003989762086584764,
      0.001349548072608848,
      0.014133469342972672,
      0.0,
      0.0,
      0.008285172069136808,
      0.0003606071410673349,
      0.0,
      0.0,
      0.0,
      0.0,
      0.0,
      0.009803271251558873,
      0.010431916562652088,
      0.0052531302384023,
      0.001371819918092041,
      0.0,
      0.01296082084120073,
      2.524865271325596e-06,
      0.005102395076846658,
      0.0061537446332426875,
      0.002514794230989669,
      0.0,
      0.0,
      0.0,
      0.0,
      0.0,
      0.0,
      0.0,
      0.0,
      0.0,
      0.001559918836849913,
      0.0,
      0.01261706556949553,
      0.0,
      0.0,
      0.001510431823086861,
      0.0,
      0.0,
      0.005031499574122373,
      0.0022449724202502335,
      0.0,
      0.0011297122061809067,
      0.0,
      0.009509732517474287,
      0.007237667531670142,
      0.002462862149620986,
      0.0,
      0.0,
      0.012798658723966256,
      0.007553116619391396,
      0.0,
      8.379287286147007e-05,
      0.0,
      0.0,
      0.0,
      0.007451624742852596,
      0.01004944712639424,
      0.0007739963446955374,
      0.0,
      0.0,
      0.0017784950390896817,
      0.0,
      0.0,
      0.0017594384204078016,
      0.0009402101741623568,
      0.0,
      0.011030166632738704,
      0.01212190671534237,
      0.01558266153220912,
      0.0,
      0.0,
      0.006360196742105061,
      0.0,
      0.0035370864032182895,
      0.0,
      0.0,
      0.0,
      0.0,
      0.008366310482646942,
      0.0,
      0.0,
      0.009869320743958302,
      0.0,
      0.0029827748801617357,
      0.0,
      0.01569947115487473,
      0.0,
      0.0007984531540225792,
      0.012395594019350527,
      0.0,
      0.004247228261661842,
      0.0,
      0.0,
      0.0,
      0.007337787822572369,
      0.0,
      0.013434041696355974,
      0.0,
      0.0,
      0.0,
      0.0,
      0.0,
      0.025149183607937678,
      0.003425634690557924,
      0.0009285103321239356,
      0.0,
      0.011816768540939873,
      0.0,
      0.008056805485324663,
      0.004312127670736708,
      0.0,
      0.007248236273482111,
      0.0,
      0.021689138023901003,
      0.0,
      0.0,
      0.0019675292963371844,
      0.0030979402794098798,
      0.0012463973509808442,
      0.005552190833295901,
      0.007907253855891727,
      0.0,
      0.0,
      0.0,
      0.0,
      0.0,
      0.00045476147847233866,
      0.0,
      0.016981902944384928,
      0.010367977831479507,
      0.008203750639621143,
      0.0,
      0.0,
      0.02489628644274463,
      0.0,
      0.0,
      0.0,
      0.0,
      0.0022816370893563058,
      0.0047063781248632905,
      0.017338330982374427,
      0.025239664971099723,
      0.0,
      0.0,
      0.0,
      0.0015482019214402337,
      0.012429035095589583,
      0.007005457259486879,
      0.0,
      0.011493647578139518,
      0.00188074417243754,
      0.008355698518370137,
      0.003998201699789955,
      0.011966987723699056,
      0.0,
      0.006498437171982805,
      0.009871627541876597,
      0.0,
      0.005273394305163401,
      0.005652080812599921,
      0.0,
      0.0
    ],
    "low_data": false
  },
  "250000": {
    "median": 0.00025208789606280627,
    "p90": 0.01166091431467325,
    "p10": 0.0,