{
  "100000": {
    "median": 0.0004852595273201517,
    "p90": 0.010580191822560477,
    "p10": 0.0,
    "sample": [
      0.00014728974324725125,
      8.883433083190637e-05,
      0.0035800988786397173,
      0.0,
      0.0,
      0.0,
      0.0,
      0.0025771853418250484,
      0.0,
      0.0,
      0.0,
      0.0,
      0.0012851263983612953,
      0.00871119064943448,
      0.0017073196025427682,
      0.0,
      0.014249213152610378,
      0.0,
      0.0,
      0.003135684114722833,
      0.0,
      0.011148016835265763,
      0.0,
      0.0,
      0.0018956405588495188,
      0.0,
      0.0,
      0.0,
      0.003809321272182925,
      0.0,
      0.010552823888567651,
      0.0035059671953002187,
      0.0,
      0.0,
      0.0,
      0.0012852622231753065,
      0.0,
      0.008238700967217237,
      0.004899593094171299,
      0.0032855153283354722,
      0.0,
      0.0020435588242188,
      0.014560564301881167,
      0.008681823938741126,
      0.0,
      0.0,
      0.01149909931307673,
      0.00047017392022344925,
      0.003770870338896841,
      0.0,
      0.0,
      0.0,
      0.0,
      0.006884042431251867,
      0.007775990132945954,
      0.0017563726018260243,
      0.0,
      0.0,
      0.018433078579426148,
      0.0014928412421804267,
      0.0,
      0.0,
      0.0047246280184360945,
      0.00483194898032032,
      0.0,
      0.0037735047672475502,
      0.0,
      0.0,
      0.0,
      0.0033531554725761536,
      0.006640204188880136,
      0.0,
      0.001794084704881662,
      0.004042608489996426,
      0.003342604124251312,
      0.004360521397909573,
      0.0,
      0.0,
      0.0,
      0.013103614630904708,
      0.0,
      0.0,
      0.00025273068520047167,
      0.008330267913625723,
      0.0009773789981401557,
      0.0010961135754447623,
      0.009314015037004568,
      0.0068255095323392035,
      0.0026945127746947272,
      0.0002788486962899802,
      0.0,
      0.0,
      0.0,
      0.008290722059832714,
      0.003363411528641202,
      0.0014540920759004694,
      0.013659941709481914,
      0.0,
      0.011225670481941764,
      0.0,
      0.0,
      0.0054570890886567,
      0.011834368984104476,
      0.0,
      0.0,
      0.004331599378341561,
      0.0,
      0.0026935737942156415,
      0.002205753498266206,
      0.0,
      0.013238992771530619,
      0.0,
      0.002528591429695622,
      0.0,
      0.009215256691543496,
      0.0005003451344168542,
      0.01357708792420816,
      0.0009267186723131836,
      0.013269827084859652,
      0.0,
      0.0,
      0.00690324935282142,
      0.0,
      0.0037231804932291437,
      0.005477342549753368,
      0.003195248518296804,
      0.004408356859834967,
      0.0,
      0.0,
      0.0009240176488090308,
      0.013314236513697283,
      0.0,
      0.001554081801919476,
      0.0,
      0.003075593992525115,
      0.0,
      0.0,
      0.001244661068446548,
      0.0,
      0.0,
      0.0013796414882318823,
      0.011135315194690586,
      0.007479435179892494,
      0.000967553492886399,
      0.001354790889284621,
      0.0,
      0.0,
      0.00420348425061403,
      0.006427222737857204,
      0.0,
      0.015093471968846446,
      0.0,
      0.0,
      0.012612261458575002,
      0.007720577179938258,
      0.0,
      0.0,
      0.0,
      0.011304321703693285,
      0.010826503228495921,
      0.0,
      0.001322885528886575,
      0.0,
      0.009792364986235846,
      0.0,
      0.0,
      0.0020739139747884775,
      0.003118959383645843,
      0.0040081234453537415,
      0.011741294895482495,
      0.0,
      0.0,
      0.0,
      0.0,
      0.0,
      0.0,
      0.0031615320980954292,
      0.0,
      0.0016399445650673655,
      0.0,
      0.0,
      0.004581031664490547,
      0.009866912467441572,
      0.0037409463774458855,
      0.0016456348671718077,
      0.009178412879907442,
      0.0,
      0.0010085609938747342,
      0.0,
      0.0,
      0.0062583736948221185,
      0.01125135391123872,
      0.007133356150293848,
      0.006146534656792922,
      0.0,
      0.0,
      0.0003042454353920587,
      0.0,
      0.0,
      0.0008726594187174022
    ],
    "low_data": false
  },
  "250000": {
    "median": 0.0006537507345086269,
    "p90": 0.010682473570275484,
    "p10": 0.0,