{
  "100000": {
    "median": 0.0005147020436042096,
    "p90": 0.010937931868415783,
    "p10": 0.0,
    "sample": [
      9.686446847232616e-05,
      0.00010284292308510289,
      0.0005529073919803991,
      0.0,
      0.0,
      0.0,
      0.0,
      0.0,
      0.0,
      0.0,
      0.005363958366721017,
      0.01177588359237705,
      0.0,
      0.001666766811661428,
      0.0,
      0.0,
      0.0046961199688940955,
      0.009482879155356722,
      0.0,
      0.0,
      0.0019396431337542414,
      0.0,
      0.01171187835686122,
      0.0,
      0.0,
      0.0,
      0.0009628974056883307,
      0.0010090808605134071,
      0.0,
      0.0,
      0.0,
      0.011825083645117508,
      0.007860513725370197,
      0.012087296265387973,
      0.004815172322008523,
      0.0009478744026577236,
      0.0,
      0.0,
      0.008345548941984604,
      0.0,
      0.0,
      0.0,
      0.0,
      0.0037955094274025572,
      0.0,
      0.014032177349185585,
      0.0,
      0.006461805182198456,
      0.0162274574912877,
      0.0,
      0.0,
      0.005679537978038725,
      0.0,
      0.0,
      0.0,
      0.0,
      0.0,
      0.009395889676169477,
      0.0,
      0.0003042706601953951,
      0.0,
      0.0,
      0.0,
      0.0,
      0.0019894543176886244,
      0.0,
      0.0,
      0.0033146367028244993,
      0.00011202286446409549,
      0.0,
      0.0,
      0.002464569818976099,
      0.005910642018685528,
      0.003981186970552974,
      0.021255605976987068,
      0.0,
      0.0,
      0.010518145997755569,
      0.0016217700463146808,
      0.00795125504067179,
      0.01603016600187497,
      0.002792335559908149,
      0.0,
      0.005134659460265628,
      0.0009277848014844702,
      0.004914368664821117,
      0.008136214723374495,
      0.0,
      0.0,
      0.0,
      0.0,
      0.0010853912238807256,
      0.0037401066914252144,
      0.00030216667435583705,
      0.013613164764813564,
      0.0,
      0.0,
      0.0,
      0.0,
      0.006645099571685449,
      0.017071494683094286,
      0.0005744606946691059,
      0.0032533263505958015,
      0.0,
      0.004700563213835622,
      0.013774747639342336,
      0.0,
      0.0,
      0.013394141658295966,
      0.006715505976606282,
      0.0203363932050974,
      0.006770531623863527,
      0.004909467955581647,
      0.002773346162643399,
      0.013342167191853525,
      0.0,
      0.005464752731523644,
      0.0018505485126238867,
      0.0005339670346912253,
      0.0007745127382906297,
      0.009350448148076219,
      0.008595806798939948,
      0.0,
      0.00398538842908044,
      0.0,
      0.0024751933892012343,
      0.0010292993658606935,
      0.0,
      0.010807089409469924,
      0.0,
      0.015448748733302724,
      0.0007312991115844858,
      0.0,
      0.0,
      0.00890275060815705,
      0.0016878668527798687,
      0.0,
      0.008944837194350934,
      0.0,
      0.0,
      0.0029218964190352434,
      0.0,
      0.0007343923731477665,
      0.000308726126717095,
      0.0,
      0.014923818696595379,
      0.0,
      0.008735165522387199,
      0.0,
      0.01836015978457547,
      0.0,
      0.0,
      0.0,
      0.0,
      0.0,
      0.0,
      0.006419378499769535,
      0.0,
      0.0,
      0.005619402140579957,
      0.0004954370525171938,
      0.0025748689574429896,
      0.0,
      0.007257973181527866,
      0.0,
      0.0,
      0.00012809407597668765,
      0.0037828234111417164,
      0.006640951786901508,
      0.0,
      0.005040154194733144,
      0.002509021364261969,
      0.00567013095025761,
      0.0,
      0.0,
      0.004955296497395836,
      0.0017554936761616654,
      0.014389842864636576,
      0.009992834820282173,
      0.005622803209682725,
      0.003975306536193607,
      0.012096314730559627,
      0.0028979094954318064,
      0.0,
      0.0,
      0.011292628455092369,
      0.004775339536636018,
      0.006762909991968054,
      0.003340733620024328,
      0.0,
      0.010898521136562832,
      0.0,
      0.0007851204556357086,
      0.0,
      0.0,
      0.0036619388036024988,
      0.0,
      0.0006516877231540788,
      0.006107235870999628,
      0.0036537360035916633
    ],
    "low_data": false
  },
  "250000": {
    "median": 0.000649446076294786,
    "p90": 0.011053167740709554,
    "p10": 0.0,