{
  "100000": {
    "median": 0.0006468808441425361,
    "p90": 0.009742112742796051,
    "p10": 0.0,
    "sample": [
      9.555428984993103e-05,
      0.00010770616242937772,
      0.0005074810399859152,
      0.00886756202470714,
      0.0021239183876100155,
      0.004421377969911031,
      0.0,
      0.00211818925574127,
      0.0,
      0.0,
      0.0027810091412371484,
      0.01688180787643118,
      0.0,
      0.0,
      0.0,
      0.0,
      0.0029401774316920194,
      0.0,
      0.002710899139827884,
      0.0022170774181309526,
      0.0,
      0.0,
      0.005847590251355024,
      0.0017105454502225476,
      0.0,
      0.0,
      0.0,
      0.00143898793343907,
      0.0003644933908023203,
      0.0008765815185149947,
      0.004555548258990089,
      0.00177539116145926,
      0.0,
      0.003165241395551671,
      0.0,
      0.002099689844037453,
      0.0021590329100605182,
      0.006582069868641626,
      0.016729752351896165,
      0.006563639768120983,
      0.0015749464073916471,
      0.0,
      0.0040111679895648315,
      0.0,
      0.005509760653514034,
      0.0,
      0.005040699995527866,
      0.00028351540645855336,
      0.0,
      0.0,
      0.0073952160443544815,
      0.010654864089675389,
      0.007701926274352774,
      0.0,
      0.0,
      0.004339584481614303,
      0.0023335879278429048,
      0.0,
      0.0,
      0.0018882854007765523,
      0.00018813201184360849,
      0.0,
      0.008525496738640531,
      0.0030071761339681403,
      0.0,
      0.005301506374409649,
      0.014881905259041804,
      0.0008088514984558313,
      0.0006547746387741523,
      0.0,
      0.002390582114939285,
      0.0,
      0.004569057701725919,
      0.0,
      0.01509675657102162,
      0.00018741361811836892,
      0.0,
      0.012954347288447635,
      0.0033759787017632616,
      0.0,
      0.0,
      0.007802550905883867,
      0.0,
      0.0,
      0.0,
      0.0,
      0.0,
      0.0,
      0.0,
      0.0,
      0.0,
      0.0037861130511324175,
      0.004524388696220638,
      0.007354908750510034,
      0.0,
      0.0,
      0.01082642978272113,
      0.0,
      0.0,
      0.0,
      0.018436943484383198,
      0.0,
      0.018486970296212275,
      0.016528235747868103,
      0.0,
      0.008919293895739191,
      0.008875516987449133,
      0.013132981437138733,
      0.006771581982927547,
      0.0023040201827076454,
      0.0,
      0.0,
      0.007289934564362325,
      0.006283559285268171,
      0.0,
      0.004338669163584862,
      0.008303605173327053,
      0.01005930344574231,
      0.002881581507073505,
      0.00853687040642539,
      0.002762580506602584,
      0.0005877781930325288,
      0.0,
      0.004929285920139048,
      0.0006389870495109198,
      0.013742904532682072,
      0.0,
      0.0,
      0.0002913174799801787,
      0.010683791852338214,
      0.007041918962943814,
      0.0,
      0.0,
      0.017295534199576426,
      0.011434816038766069,
      0.0,
      0.0,
      0.0,
      0.0025087822442807824,
      0.0,
      0.004331032931488002,
      0.002459790103949346,
      0.0,
      0.0,
      0.007176636745092706,
      0.01282430174932366,
      0.0,
      0.0,
      0.0,
      0.005297656004027231,
      0.0045605410350230595,
      0.0,
      0.0,
      0.0,
      0.0,
      0.0059989616443328255,
      0.0,
      0.0003917314681532256,
      0.0,
      0.0013147341564195116,
      0.0,
      0.00970686933135758,
      0.0,
      0.008900000778702288,
      0.0014419769900576383,
      0.0,
      0.0050956168911585565,
      0.0,
      0.0,
      0.0,
      0.002305405881479746,
      0.008519541591262248,
      0.0,
      0.002878738469190775,
      0.0,
      0.0029324982372778015,
      0.004790368864864379,
      0.0,
      0.0,
      0.013492965669440636,
      0.00694304528979757,
      0.003444950424940732,
      0.005158043425225951,
      0.0,
      0.011459745826413863,
      0.0033961799308856616,
      0.0006340388274776539,
      0.0011935236262734805,
      0.0,
      0.0009670832295343144,
      0.00855047485487732,
      0.0037579557755495468,
      0.0,
      0.008059434475960924,
      0.0,
      0.0,
      0.0,
      0.014461806736903306,
      0.0,
      0.00945547200548244
    ],
    "low_data": false
  },
  "250000": {
    "median": 0.0008805969008025893,
    "p90": 0.00990187243461124,
    "p10": 0.0,