{
  "100000": {
    "median": 0.0,
    "p90": 0.011639589137830019,
    "p10": 0.0,
    "sample": [
      9.35828184223696e-05,
      0.0001073740864689765,
      0.004973819004076828,
      0.0077529104531100165,
      0.0,
      0.003653301325567271,
      0.0,
      0.005081357790835008,
      0.0,
      0.002863149406163273,
      0.0,
      0.0,
      0.0,
      0.014400327945640631,
      0.013485267718955129,
      0.011512560619857403,
      0.0024588060565805324,
      0.0,
      0.0,
      0.00882028879317971,
      0.0,
      0.0027932211354580526,
      0.0,
      0.0,
      0.01384282680358849,
      0.0,
      0.0,
      0.006260448301134465,
      0.0,
      0.014162789976018676,
      0.0,
      0.003504700196895828,
      0.0,
      0.004186976013107501,
      0.0,
      0.002635302192385275,
      0.0,
      0.003418183126297352,
      0.003216174591248188,
      4.17031864169377e-05,
      0.0020543690317666925,
      0.0,
      0.0,
      0.0,
      0.0,
      0.005885061903371578,
      0.0,
      0.0,
      0.0,
      0.0,
      0.0,
      0.0,
      0.0,
      0.0,
      0.0,
      0.0,
      0.01747044126600904,
      0.0050425787079460905,
      0.005282287487985805,
      0.0,
      0.0,
      0.0,
      0.0,
      0.0006091658685184968,
      0.0,
      0.01888673441441217,
      0.0,
      0.000947476817997545,
      0.0,
      0.0,
      0.0,
      0.006182728592106352,
      0.012977856363694584,
      0.0024695843110227643,
      0.003972307844237016,
      0.0,
      0.0018507494589158767,
      0.004380251859787134,
      0.0,
      0.0,
      0.0,
      0.0,
      0.0,
      0.005483649214754853,
      0.0,
      0.0,
      0.0,
      0.0,
      0.0,
      0.005272392319514874,
      0.01894485912624056,
      0.0,
      0.0,
      0.0,
      0.0,
      0.0022566025286749366,
      0.006263671477737565,
      0.0,
      0.0,
      0.0,
      0.026279538726023965,
      0.004299520451367522,
      0.010686103976385817,
      0.0,
      0.01562187455016572,
      0.01771398360993104,
      0.005035551636763895,
      0.0,
      0.002911816530003495,
      0.0,
      0.0,
      0.0,
      0.0,
      0.013918469153627565,
      0.0013483205561156972,
      0.014226990973943143,
      0.0,
      0.002855450272705319,
      0.0,
      0.008584717181040948,
      0.0,
      0.0,
      0.008605370744576676,
      0.012993156143225834,
      0.0,
      0.0,
      0.009657692950705662,
      0.0,
      0.0,
      0.0010534653030672319,
      0.0,
      0.006408226799376968,
      0.01463122155898995,
      0.006829172897010666,
      0.0,
      0.0,
      0.003687835698924949,
      4.161406040717251e-05,
      0.0036395854243841366,
      0.01660950955069245,
      0.010030224355120885,
      0.0,
      0.005906321598302125,
      0.0,
      0.0,
      0.005466168820341934,
      0.0,
      0.015304297089130933,
      0.0,
      0.0,
      0.0,
      0.007452883373929942,
      0.008063513915318865,
      0.0,
      0.0,
      0.0,
      0.0,
      0.0018118996422011031,
      0.012782845799583626,
      0.0016903623301467085,
      0.0,
      0.0,
      0.0,
      0.0010127220114992254,
      0.0010145213558453415,
      0.00016822634728382997,
      0.0,
      0.005437946454051552,
      0.004341291516940861,
      0.006127835410432892,
      0.0007769853397927311,
      0.0,
      0.0035800015984063316,
      0.0083480382914515,
      0.013618266031815098,
      0.0017594393375238327,
      0.003597341541031604,
      0.0,
      0.0006531351674802313,
      0.005176374802813667,
      0.003982761932005077,
      0.0038045156196876866,
      0.0,
      0.0,
      0.006060228647296763,
      0.0,
      0.0,
      0.0,
      0.0,
      0.004836317584634299,
      0.0,
      0.017004319712160303,
      0.0,
      0.0,
      0.0,
      0.0,
      0.0,
      0.0,
      0.0,
      0.0
    ],
    "low_data": false
  },
  "250000": {
    "median": 0.0,
    "p90": 0.011807578052223535,
    "p10": 0.0,
    "sample": [
      0.00021347259450534082,
      0.00024493197798041734,
      0.005109364488242004,
      0.007902297537628361,
      0.0,
      0.0037752627965292876,
      0.0,
      0.005183138191742987,
      0.0,
      0.0030300502098559016,
      0.0,
      0.0,
      0.0,
      0.014550866321499394,
      0.013683251295392385,
      0.0116906414829641,
      0.0025576736120658853,
      0.0,
      0.0,
      0.008983984843518223,
      0.0,
      0.002985120322782404,
      0.0,
      0.0,
      0.0139547064233564,
      0.0,
      0.0,
      0.006392338230459232,
      0.0,
      0.01436577754448236,
      0.0,
      0.0036134503882097164,
      0.0,
      0.004292264131619712,
      0.0,
      0.002748434716513913,
      0.0,
      0.003586389744039981,
      0.003333000701781785,
      0.0002511114880104419,
      0.0022031517124606525,
      0.0,
      0.0,
      0.0,
      0.0,
      0.00601270231579247,
      0.0,
      0.0,
      0.0,
      0.0,
      0.0,
      0.0,
      0.0,
      0.0,
      0.0,
      0.0,
      0.017610728081436884,
      0.005193278735359803,
      0.005492921699996529,
      0.0,
      0.0,
      0.0,
      0.0,
      0.0007607802875316701,
      0.0,
      0.019080190434021576,
      0.0,
      0.0010460336054878081,
      0.0,
      0.0,
      0.0,
      0.006282643794143633,
      0.013111123721926412,
      0.0026268270158908797,
      0.004073927216924029,
      0.0,
      0.0021007458119986343,
      0.004487919253628486,
      0.0,
      0.0,
      0.0,
      0.0,
      0.0,
      0.0055840161008997476,
      0.0,
      0.0,
      0.0,
      0.0,
      0.0,
      0.005362683985387446,
      0.019067536795012337,
      0.0,
      0.0,
      0.0,
      0.0,
      0.0024006906819649476,
      0.006372336582118321,
      0.0,
      0.0,
      0.0,
      0.026390051187513707,
      0.004393673544864912,
      0.010842332336315496,
      0.0,
      0.015821946436635485,
      0.017891649434351856,
      0.005129257439944008,
      0.0,
      0.003007996883094761,
      0.0,
      0.0,
      0.0,
      0.0,
      0.014085485421986689,
      0.00145586985248279,
      0.014398811347335682,
      0.0,
      0.0029708644916706687,
      0.0,
      0.00870184781325505,
      0.0,
      0.0,
      0.008750616947355556,
      0.013080171518334585,
      0.0,
      0.0,
      0.009749140727997612,
      0.0,
      0.0,
      0.0011602595417869333,
      0.0,
      0.006533968878911161,
      0.01473584871275077,
      0.006949865753167182,
      0.0,
      0.0,
      0.0038111488537441386,
      0.00019178299997558448,
      0.0037587167728593265,
      0.01683854720749891,
      0.010117727962824041,
      0.0,
      0.00604338174779233,
      0.0,
      0.0,
      0.005584199013111243,
      0.0,
      0.015385579211280954,
      0.0,
      0.0,
      0.0,
      0.007562384374701597,
      0.008147438487325784,
      0.0,
      0.0,
      0.0,
      0.0,
      0.0019295925084259317,
      0.01286000717555853,
      0.0017709948907211465,
      0.0,
      0.0,
      0.0,
      0.0011206645271058051,
      0.0012117597273904632,
      0.00025332122892647135,
      0.0,
      0.0055288308500588594,
      0.004469007794455993,
      0.006269104025020362,
      0.0009276514334873218,
      0.0,
      0.003783192330382198,
      0.008498235631315455,
      0.013722833363903005,
      0.0019107723827654778,
      0.0037809108560381997,
      0.0,
      0.0007702496562767237,
      0.005287598110581683,
      0.004116520704313949,
      0.00388831212428238,
      0.0,
      0.0,
      0.0062308622703962525,
      0.0,
      0.0,
      0.0,
      0.0,
      0.004974502061377445,
      0.0,
      0.017112424303122587,
      0.0,
      0.0,
      0.0,
      0.0,
      0.0,
      0.0,
      0.0,
      0.0
    ],
    "low_data": false
  },
  "500000": {
    "median": 0.0,
    "p90": 0.01206663281651862,
    "p10": 0.0,