{
  "100000": {
    "median": 0.0006226261340084905,
    "p90": 0.011125857561118302,
    "p10": 0.0,
    "sample": [
      8.629900847706534e-05,
      0.00018922949700400359,
      0.00016185013172357473,
      0.0,
      0.0,
      0.003770044508980993,
      0.018577023124939158,
      0.0,
      0.002111398116056364,
      0.014636339246309747,
      0.0,
      0.0,
      0.008239439490717398,
      0.010875611702553465,
      0.0007345704384616041,
      0.0018236988298945482,
      0.012821387765284433,
      0.0044477538699970965,
      0.012901200952600918,
      0.0,
      0.009707032306588866,
      0.00880345926911479,
      0.0003069691835459819,
      0.0,
      0.009101576337926144,
      0.005607056106621038,
      0.0,
      0.002843145079111049,
      0.011394949752256904,
      0.00869422136452074,
      0.001691394297455105,
      0.0,
      0.0,
      0.021907337964497543,
      0.029012368996550467,
      0.0,
      0.020167431830778276,
      0.013074284490380101,
      0.009105677227555684,
      0.0,
      0.0,
      0.0,
      0.005550281843662219,
      0.004262136108608315,
      0.0,
      0.0,
      0.005564600657732021,
      0.0,
      0.009592255802915301,
      0.003322420362843725,
      0.0017365991830413925,
      0.0008879547654452467,
      0.0,
      0.007053261302586143,
      0.0,
      0.0,
      0.0,
      0.0,
      0.0031726102027909604,
      0.005044461663126074,
      0.0,
      0.0,
      0.0,
      0.00926457288568107,
      0.0002221865887169648,
      0.0,
      0.0,
      0.0,
      0.0,
      0.010716946726709113,
      0.0,
      0.01104452772296027,
      0.0023347758553877054,
      0.005644460094701282,
      0.0045320406710661525,
      0.00043625865233576307,
      0.007376818271028175,
      0.003866044443428115,
      0.0,
      0.0,
      0.0,
      0.0005106818295553769,
      0.0,
      0.0,
      0.0,
      0.0011099635464142696,
      0.001737442663915857,
      0.0,
      0.0,
      0.0,
      0.0,
      0.0,
      0.0,
      0.007328681206419373,
      0.004440535469730174,
      0.003641336126358643,
      0.009431189216968732,
      0.010013557262803965,
      0.0,
      0.0,
      0.005772081747277893,
      0.0,
      0.00732530773373511,
      0.013174038074438617,
      0.011886175117078289,
      0.0,
      0.009489139366430466,
      0.0,
      0.009534148849237213,
      0.0,
      0.01279656147761492,
      0.0,
      0.0,
      0.00271637305203713,
      0.01334730690327023,
      0.0,
      0.00909439718281836,
      0.0,
      0.0,
      0.0,
      0.0,
      0.0,
      0.0,
      0.006157466802374004,
      0.01761793107296345,
      0.012548107171072069,
      0.0,
      0.0,
      0.006926390668454385,
      0.0,
      0.0,
      0.004084203540656744,
      0.0,
      0.0,
      0.009686155788706045,
      0.0,
      0.0,
      0.010315801682880883,
      0.0028561648354824727,
      0.0,
      0.006372261969485849,
      0.0,
      0.01621149154158918,
      0.0,
      0.0018761451823240767,
      0.0013394110725082435,
      0.001708366926836077,
      0.00034726106448484305,
      0.0002809464779904427,
      0.008323873453008591,
      0.0,
      0.0,
      0.003388615466487203,
      0.0,
      0.006375802701196368,
      0.0,
      0.0181242271457625,
      0.0,
      0.004504668942195038,
      0.0,
      0.00024290476161096446,
      0.0,
      0.0008727088850987534,
      0.0019178688753649603,
      0.0011385971611254622,
      0.0,
      0.006597264884559626,
      0.0,
      0.0,
      0.007986405547255264,
      0.0,
      0.0,
      0.007007332355143311,
      0.008919653933793428,
      0.0,
      0.0,
      0.0048443248404701515,
      0.0,
      0.0,
      0.012216860262945791,
      0.024640111997031807,
      0.0,
      0.003924041385958603,
      0.004148621285179657,
      0.009575141779805086,
      0.0021358084590966924,
      0.008606654641249526,
      0.0,
      0.0035485111685203373,
      0.003897887057094213,
      0.017049443961415098,
      0.0,
      0.0,
      0.0,
      0.00987370045512347,
      0.01109595842876957,
      0.007947951613924285,
      0.005320904479457496,
      0.0014214402707844926,
      0.0
    ],
    "low_data": false
  },
  "250000": {
    "median": 0.0008359291997068149,
    "p90": 0.011298345209614064,
    "p10": 0.0,