{
  "100000": {
    "median": 0.0004672491720186986,
    "p90": 0.010585858257251566,
    "p10": 0.0,
    "sample": [
      0.00015547957162730135,
      0.00012120351263929501,
      0.00013298286521921818,
      0.0005853275217794797,
      0.0,
      0.0,
      0.0,
      0.0008740531354363864,
      0.00023758445985524616,
      0.0,
      0.00600765869768541,
      0.0019280123138769214,
      0.007765656667990909,
      0.000881396694431733,
      0.0,
      0.00318803278020737,
      0.0041798430703153784,
      0.0,
      0.0,
      0.00128033403609991,
      0.00045464086889220566,
      0.0,
      0.0,
      0.0,
      0.007137776953711207,
      0.0024028278867843484,
      0.010023988180145113,
      0.0,
      0.01075906729339381,
      0.0,
      0.0,
      0.0,
      0.0,
      0.0,
      0.012468471898498519,
      0.00035783957858923673,
      0.0,
      0.006407913842910687,
      0.003831703824549766,
      0.0044526805383522505,
      0.0005051769233247374,
      0.0,
      0.0,
      0.003908011609752251,
      0.0003548976072582636,
      0.0,
      0.0,
      0.0,
      0.00041529197219682264,
      0.0,
      0.0,
      0.0027898430674900446,
      0.007159575917968925,
      0.006711763892257715,
      0.0,
      0.0,
      0.008004296872704184,
      0.005418201425624377,
      0.008530594997259777,
      0.0,
      0.0,
      0.0,
      0.0009575837066469273,
      0.0059540889252689974,
      0.007185480693639081,
      0.0015930756927687467,
      0.004440477883857496,
      0.0008635264122537483,
      0.0,
      0.007031499685822297,
      0.0,
      0.0,
      0.00011957739471056282,
      0.0047612126401015325,
      0.005193739139478433,
      0.0,
      0.0,
      0.0,
      0.0009069671684680909,
      0.005343482641388728,
      0.0027241876907331893,
      0.018493274994157382,
      0.002636899893437094,
      0.0019026410153055297,
      0.0037950714419594284,
      0.0,
      0.0036211211588922255,
      0.0,
      0.004537706039391715,
      0.0016164132222414238,
      4.415386811633767e-05,
      0.002718169594431317,
      0.008643673829270183,
      0.021041055191359147,
      0.0,
      0.01059551962583714,
      0.0,
      0.0003091481141920157,
      0.022398514010874237,
      0.0,
      0.010121102860554853,
      0.0,
      0.0009476440203608207,
      0.0,
      0.01649998693390361,
      0.0053102697782754634,
      0.0,
      0.004780223494527773,
      0.0016243244138158311,
      0.019822438430530352,
      0.0,
      0.0,
      0.008024670868609116,
      0.0066658334805864165,
      0.0,
      0.0,
      0.007391697081570862,
      0.019698157795614412,
      0.0017598667318230164,
      0.006778760629359062,
      0.0,
      0.0,
      0.00014720108295698928,
      0.0,
      0.0,
      0.0,
      0.0006861809936212965,
      1.537586936321343e-05,
      0.0,
      0.0,
      0.0,
      0.0,
      0.0,
      0.0,
      0.0010170852923277525,
      0.0015753855091025302,
      0.001859736398840408,
      0.016382980312656076,
      0.012068915787382969,
      0.0,
      0.010584784771853168,
      0.0,
      0.0,
      0.0,
      0.0007079885590599913,
      0.007726832121873973,
      0.0,
      0.0,
      0.013155149586917084,
      0.0,
      0.0,
      0.009925910615020064,
      0.00746735712420375,
      0.003426630143258243,
      0.004396682947214748,
      0.0,
      0.0,
      0.0,
      0.005636203140163522,
      0.0013149846100161376,
      0.0004798574751451915,
      0.0,
      0.0,
      0.003696696868032395,
      0.0,
      5.600879513199704e-05,
      0.0,
      0.0025720117478242534,
      0.0,
      0.0,
      0.004707351507433532,
      0.005712227812766812,
      0.00303489537128365,
      0.0,
      0.001827266463570442,
      0.0,
      0.0,
      0.0,
      0.0016478398311896671,
      0.013058028359622527,
      0.0010490508579858223,
      0.010635009215576492,
      0.0,
      0.0,
      0.0,
      0.0,
      0.01417123852007166,
      0.007960496943175497,
      0.016721806409009925,
      0.002709235897860688,
      0.0,
      0.0,
      0.007942852913947028,
      0.0,
      0.01522464948118613,
      0.01691037786958353,
      0.0067900280259052155,
      0.010907928362487936,
      0.02302468754331122,
      0.007219218160109692
    ],
    "low_data": false
  },
  "250000": {
    "median": 0.0006043631266012411,
    "p90": 0.010662351318936744,
    "p10": 0.0,