{
  "100000": {
    "median": 0.0,
    "p90": 0.010859215698862099,
    "p10": 0.0,
    "sample": [
      0.00017501587100107158,
      0.000100860132303792,
      0.008883386027029377,
      0.0,
      0.009772124475914575,
      0.000798809612245573,
      0.0038685010352379886,
      0.0,
      0.0013727539951234754,
      0.00424871746665237,
      0.009860040125599817,
      0.0,
      0.0,
      0.0,
      0.007697390815180675,
      0.0,
      0.0,
      0.0,
      0.0,
      0.0,
      0.010828551203009287,
      0.0,
      0.007863049420594622,
      0.0,
      0.004849500617434703,
      0.010825058249074945,
      0.0,
      0.001922999633065302,
      0.0,
      0.008753039067795199,
      0.01823757050696257,
      0.0,
      0.0,
      0.022121830493166218,
      0.0,
      0.009315212804345361,
      0.001159622349746295,
      0.011178127786250595,
      0.0,
      0.008892482420882536,
      0.0,
      0.0,
      0.0,
      0.0,
      0.0,
      0.0,
      0.0,
      0.0,
      0.004013221908369087,
      0.028613244347119034,
      0.0,
      0.0,
      0.0,
      0.016930290176503396,
      0.0,
      0.0,
      0.03360789191079152,
      0.0,
      0.0,
      0.0006515134906681915,
      0.0,
      0.01234021686272022,
      0.006738938350806084,
      0.0,
      0.0,
      0.013689320099603462,
      0.0074608958005346225,
      0.0,
      0.0,
      0.0,
      0.021753311711083766,
      0.0,
      0.003328581018799173,
      0.0,
      0.007807986402677358,
      0.003187879048941683,
      0.0,
      0.0,
      0.006495841078293094,
      0.0,
      0.003981780900836333,
      0.0,
      0.0,
      0.006580941779918238,
      0.008674846507730283,
      0.007938605766488466,
      0.0,
      0.00025634551982979585,
      0.00011498769120093689,
      0.0,
      0.0007639009817925399,
      0.0002999068121940661,
      0.0,
      0.0,
      0.0,
      0.0,
      0.0,
      0.010183670987269109,
      0.0,
      0.0,
      0.0,
      0.00784892599563084,
      0.0,
      0.0,
      0.0,
      0.0,
      0.0,
      0.0,
      0.015613480801365757,
      0.0034791407869758525,
      0.0,
      0.009512787959176447,
      0.0022563033911763776,
      0.0031401460270702743,
      0.0027610093659505503,
      0.008266204638370245,
      0.0,
      0.0,
      0.00038297884922368033,
      0.0,
      0.000480959801069646,
      0.0014061550498213806,
      0.0195173630270196,
      0.0,
      0.0,
      0.0,
      0.0,
      0.0016269493402857852,
      0.0,
      0.0,
      0.0,
      0.013527722200226383,
      0.0,
      0.0,
      0.0,
      0.011054413721615926,
      0.00040581589591044036,
      0.0,
      0.0,
      0.0,
      0.0,
      0.0,
      0.01083752702966723,
      0.01930707980122398,
      0.005404715623577138,
      0.005686397736303288,
      0.005630766434494535,
      0.0,
      0.019623196091998894,
      0.007171313325560188,
      0.0,
      0.0068476156548374556,
      0.017777039919201636,
      0.0,
      0.0,
      0.0,
      0.0030704837686838277,
      0.011963303626591915,
      0.0,
      0.0003224663350266143,
      0.0,
      0.001000593374105933,
      0.0,
      0.0,
      0.0,
      0.015924071572682462,
      0.013088868944017827,
      0.0,
      0.002854297838930768,
      0.0,
      0.0,
      0.0,
      0.008659503689587586,
      0.0,
      0.0125676690393141,
      0.0,
      0.0,
      0.007442802905423782,
      0.0008530897572412787,
      0.0,
      0.0,
      0.0,
      0.004065191980677966,
      0.007972780426164443,
      0.008057853891311044,
      0.006303024594963027,
      0.004411636051571808,
      0.0,
      0.0005075762747904237,
      0.0,
      0.0,
      0.0,
      0.003639023691927453,
      0.0,
      0.0024737933581449535,
      0.0,
      0.0,
      0.0,
      0.0011399556550404017,
      0.0
    ],
    "low_data": false
  },
  "250000": {
    "median": 0.0,
    "p90": 0.011068766874873829,
    "p10": 0.0,
    "sample": [
      0.00039923025072388895,
      0.0002300729395418142,
      0.009106721283067429,
      0.0,
      0.009964649834766158,
      0.0009025329680524634,
      0.004007161598846876,
      0.0,
      0.001537400252031199,
      0.004356848969645906,
      0.009993210749176149,
      0.0,
      0.0,
      0.0,
      0.007905052249664786,
      0.0,
      0.0,
      0.0,
      0.0,
      0.0,
      0.011038573118101542,
      0.0,
      0.008092866610540627,
      0.0,
      0.005010875029454503,
      0.010955217735615506,
      0.0,
      0.0021335254867856424,
      0.0,
      0.0088996158610835,
      0.018351020873041753,
      0.0,
      0.0,
      0.022271462038024804,
      0.0,
      0.009508201591568288,
      0.001295782869235499,
      0.01140189695962332,
      0.0,
      0.009166292412969054,
      0.0,
      0.0,
      0.00014393120116297622,
      0.0,
      0.0,
      0.0,
      0.0,
      0.0,
      0.004282965283243232,
      0.028735197048512368,
      0.0,
      0.0,
      0.0,
      0.017159707797489234,
      0.0,
      0.0,
      0.033725249199235516,
      0.0,
      0.0,
      0.0007814007945726858,
      0.0,
      0.0126064652882346,
      0.00689965960422322,
      0.0,
      0.0,
      0.01382835449901803,
      0.007624260303130749,
      0.0,
      0.0,
      0.0,
      0.021883639006316697,
      0.0,
      0.0034550826357533353,
      0.0,
      0.008039981343481965,
      0.003435835476060154,
      0.0,
      0.0,
      0.00668819451296197,
      0.0,
      0.00411717509522762,
      0.0,
      0.0,
      0.006797220460200066,
      0.008840305201961869,
      0.008066794482595677,
      0.0,
      0.00038148870751875477,
      0.0004306327777962092,
      0.0,
      0.0009346402496824824,
      0.0005208933806943697,
      0.0,
      0.0,
      0.0,
      0.0,
      0.0,
      0.010328565960681354,
      0.0,
      0.0,
      0.0,
      0.008171598939868553,
      0.0,
      0.0,
      0.0,
      0.0,
      0.0,
      0.0,
      0.015750894029605642,
      0.0036947261716575677,
      0.0,
      0.009783258236812462,
      0.0024146158704765118,
      0.00328530873597984,
      0.0029906042309155176,
      0.008462917716802286,
      0.0,
      0.0,
      0.0005477968374589312,
      0.0,
      0.0006227196960143979,
      0.0015601709410742294,
      0.019674585671318887,
      0.0,
      0.0,
      0.0,
      0.0,
      0.001799641020828981,
      0.0,
      0.0,
      0.0,
      0.013681674365434496,
      0.0,
      0.0,
      0.0,
      0.011340510685824434,
      0.0006008277871507241,
      0.0,
      0.0,
      0.0,
      0.0,
      0.0,
      0.010984532435849624,
      0.019531235117413556,
      0.005673496786157019,
      0.006036565724127394,
      0.005831723683409768,
      0.0,
      0.01995196787378397,
      0.007434556209099312,
      0.0,
      0.007030305997359118,
      0.017981988864592874,
      0.0,
      0.0,
      0.0,
      0.003229094683423398,
      0.012126543768745222,
      0.0,
      0.0005066540568877944,
      0.0,
      0.0012507418943236172,
      0.0,
      0.0,
      0.0,
      0.01623258647862071,
      0.013296566658141221,
      0.0,
      0.003049782434272947,
      0.0,
      0.0,
      0.0,
      0.008939504035845503,
      0.0,
      0.012776350946849943,
      0.0,
      0.0,
      0.007611783183881134,
      0.0010315771011244058,
      0.0,
      0.0,
      0.0,
      0.004240709454880871,
      0.00828562331399644,
      0.00830591057659677,
      0.006470042427499019,
      0.004570405190364476,
      0.0,
      0.0006891854176135058,
      0.0,
      0.0,
      0.0,
      0.0038140299036893387,
      0.0,
      0.002636002685528713,
      0.0,
      0.0001895868823750436,
      0.0,
      0.0013426332506302572,
      0.0
    ],
    "low_data": false
  },
  "500000": {
    "median": 0.0,
    "p90": 0.011400899078580409,
    "p10": 0.0,