{
  "100000": {
    "median": 0.0006986700270357011,
    "p90": 0.011131145208331047,
    "p10": 0.0,
    "sample": [
      0.0001692459809425356,
      8.251438064136287e-05,
      0.011712367974670129,
      0.0,
      0.024612070479536577,
      0.009226287153622836,
      0.007972799638268852,
      0.0012641205653603656,
      0.0,
      0.014404985888782564,
      0.0,
      0.002515082175434602,
      0.012933795809055255,
      0.0,
      0.00249149803591035,
      0.0,
      0.0029414539885735326,
      0.00246971871656259,
      0.0,
      0.0,
      0.0,
      0.0,
      0.0026596035726752414,
      0.0,
      0.013134655675615078,
      0.001747182275463034,
      0.0,
      0.006702008085149774,
      0.0,
      0.0018432063105841589,
      0.015875675659366737,
      0.0044211827884065346,
      0.009656841460207849,
      0.004401864207051599,
      0.0,
      0.0019696387663996778,
      0.0006009027815189608,
      0.002010536110293066,
      0.0,
      0.0,
      0.0,
      0.00408478435910985,
      0.0,
      0.0,
      0.004397266121751144,
      0.001891791034189199,
      0.0,
      0.0,
      0.005481375281528444,
      0.0,
      0.0183570308572929,
      0.0,
      0.0030921483734982227,
      0.0,
      0.0,
      0.006704788027031312,
      0.0,
      0.005315814435110573,
      0.00552936070981127,
      0.010032980866202785,
      0.0,
      0.008725481979922593,
      0.0005245073948854724,
      0.0,
      0.004096686312237745,
      0.0,
      0.004175649077397895,
      0.005093101139119569,
      0.006485266025022333,
      0.0045358649523331174,
      0.0,
      0.0,
      0.005439868702776515,
      0.0,
      0.005169621518346901,
      0.00191990040993402,
      0.0029040207628124614,
      0.009973564330093946,
      0.00048486059584554797,
      0.008958602520960344,
      0.003794445967670876,
      0.009349115738977608,
      0.0,
      0.0,
      0.0,
      0.013765770628703718,
      0.0013545265583043778,
      0.006218929580696763,
      0.0,
      0.012550350038728932,
      0.0,
      0.0,
      0.0,
      0.01428667115783401,
      0.004271513806084511,
      0.006136164127635753,
      0.0,
      0.0,
      0.0,
      0.0,
      0.014534136861127497,
      0.007707326979085897,
      0.0,
      0.011066564900960042,
      0.0,
      0.0,
      0.00016344766102486944,
      0.00782958669606099,
      0.006808500954250618,
      0.0,
      0.0010997663662634359,
      0.0,
      0.016133572767074517,
      0.0,
      0.0,
      0.0,
      0.0,
      0.0012846864740294103,
      0.0019257324793434177,
      0.0,
      0.0007964372725524414,
      0.006445595169125221,
      0.0048832554336349955,
      0.013002379039574546,
      0.0,
      0.01085928543260297,
      0.0,
      0.0,
      0.009853848608835121,
      0.004962954234162392,
      0.0,
      0.0,
      0.009854273185271736,
      0.0,
      0.009103069166300317,
      0.0032433777632262578,
      0.017692492079577685,
      0.00866774144970252,
      0.0,
      0.004543934974711466,
      0.009849225556366633,
      0.0,
      0.0,
      0.0,
      0.0,
      0.0,
      0.00763900972062403,
      0.0,
      0.0,
      0.0,
      0.0,
      0.0,
      0.0,
      0.003048908928603302,
      0.006516152718852794,
      0.0,
      0.0,
      0.010387146710250244,
      0.0051144923835062485,
      0.005543897111823553,
      0.0,
      0.0022437372859608895,
      0.0048698614717095105,
      0.0,
      0.0,
      0.0,
      0.0,
      0.012856924989364936,
      0.0,
      0.0,
      0.005209451386818302,
      0.01747895720375513,
      0.006377059465299487,
      0.0019985036190517257,
      0.007690220478913197,
      0.00010475493257056041,
      0.014584122790225754,
      0.01674114056383046,
      0.013145926287122007,
      0.0,
      0.0,
      0.0,
      0.000798558347180041,
      0.006533581720115101,
      0.018043724417228464,
      0.0,
      0.0,
      0.0,
      0.0,
      0.0,
      0.0,
      0.0,
      0.0037561126009674987,
      0.0,
      0.0,
      0.00410540628800374,
      0.0,
      0.0,
      0.001652823077540428,
      0.005565866376425329
    ],
    "low_data": false
  },
  "250000": {
    "median": 0.0008684325450224347,
    "p90": 0.011421068805476463,
    "p10": 0.0,