{
  "100000": {
    "median": 0.0,
    "p90": 0.00934439076952208,
    "p10": 0.0,
    "sample": [
      0.00015140212286755242,
      0.0001264461383056055,
      0.0019005214839877239,
      0.0,
      0.0,
      0.0,
      0.0,
      0.00585376474688162,
      0.0,
      0.0,
      0.0,
      0.0,
      0.0,
      0.008018534746234264,
      0.0,
      0.00103040577207392,
      0.007489382249479958,
      0.0,
      0.003116341598237549,
      0.01266876976272474,
      0.0,
      0.0,
      0.004644403418751854,
      0.005929673129196671,
      0.0018800979131243956,
      0.001099812977470031,
      0.006045732066494648,
      0.0,
      0.0,
      0.0,
      0.0,
      0.00957336060661685,
      0.0,
      0.013456732919095037,
      0.00411218833015437,
      0.0,
      0.007802364005845544,
      0.011884994278302275,
      0.010908876871436114,
      0.0014706921069414256,
      0.008510390262188664,
      0.0,
      0.0,
      0.009336479779172744,
      0.0,
      0.021326632735857984,
      0.0,
      0.0002378479856449705,
      0.0,
      0.009567799404295474,
      0.0,
      0.0,
      0.00363442413949226,
      0.008581210431573194,
      0.008536751973931063,
      0.003252452872633563,
      0.003892079170448361,
      0.0016049959944611238,
      0.005575721111982695,
      0.002090273426483195,
      0.0,
      0.0,
      0.0025138422538038734,
      0.0,
      0.0,
      0.0009962695979529874,
      0.0,
      0.0,
      0.0010306612289259585,
      0.0,
      0.0,
      0.009044265312857366,
      0.0,
      0.0,
      0.005182729896965096,
      0.0,
      0.0,
      0.0,
      0.0,
      0.006389797284842087,
      0.0,
      0.0,
      0.0,
      0.0,
      0.0,
      0.0,
      0.0,
      0.0,
      0.0,
      0.003130535581185888,
      0.0,
      0.0,
      0.0021437478485109747,
      0.0,
      0.0,
      0.0,
      0.0,
      0.0,
      0.0,
      0.0,
      0.0,
      0.00033977954192300486,
      0.0,
      0.0,
      0.0,
      0.0,
      0.0,
      0.009415589682666117,
      0.0,
      0.0,
      0.0,
      0.006753184264016909,
      0.0,
      0.0,
      0.016928606704127106,
      0.0,
      0.0,
      0.002048484011850035,
      0.0,
      0.001207915759337503,
      0.014028657963625875,
      0.002762699839217106,
      0.0,
      0.0,
      0.0,
      0.009542748783755486,
      0.0,
      0.0,
      0.0,
      0.011480756552202636,
      0.0,
      0.017480726027882636,
      0.0,
      0.007764264576540577,
      0.005244959536915084,
      0.006153332467793236,
      0.007012829299328633,
      0.0,
      0.0,
      0.0006897354050909658,
      0.0,
      0.00033519408618809304,
      0.0,
      0.0044397273181128565,
      0.0,
      0.0,
      0.0,
      0.0,
      0.0,
      0.0,
      0.00023983806946649078,
      0.009512780414401909,
      0.0,
      0.0018102895256930298,
      0.006527921048173367,
      0.0,
      0.0,
      0.0049476225140436805,
      0.00819747534265362,
      0.011561222805068003,
      0.0,
      0.0,
      0.0,
      0.00888991036959828,
      0.00032004421157489277,
      0.0011307861135041938,
      0.006967855105157839,
      0.0,
      0.012743318513100245,
      0.00821971076694415,
      0.0073912535071163615,
      0.0,
      0.0012257995531617639,
      0.0012150499792603568,
      0.0031486099463695323,
      0.010879576807029907,
      0.0048539434684669045,
      0.007491061552101227,
      0.007446193165360319,
      0.0,
      0.00482630926725582,
      0.0,
      0.0,
      0.015768149695803736,
      0.0026513578022520365,
      0.00739128407255873,
      0.0,
      0.0024888853150114446,
      0.0,
      0.0,
      0.0,
      0.0,
      0.004681941997090945,
      0.003998524338394423,
      0.0007197393453912287,
      0.002770354592041863,
      0.012610240579415333,
      0.0011331368672661585,
      0.013734628930814988,
      0.0004850826803548202
    ],
    "low_data": false
  },
  "250000": {
    "median": 0.0,
    "p90": 0.009509248720637981,
    "p10": 0.0,
    "sample": [
      0.0003453647210781924,
      0.00028843740404837533,
      0.00203813585041911,
      0.0,
      0.0,
      0.0,
      0.0,
      0.005960359397282033,
      0.0,
      0.0,
      0.0,
      0.0,
      0.0,
      0.008165446316763527,
      0.0,
      0.0012229988102288505,
      0.007642087268123926,
      0.0,
      0.0032725467767797103,
      0.01280946848451801,
      0.0,
      0.0,
      0.004757249731073119,
      0.00613348082199471,
      0.0020599554170756297,
      0.0012193793387463296,
      0.006165994383452537,
      0.0,
      0.0,
      0.0,
      0.0,
      0.00973978571519955,
      0.0,
      0.013547874936621246,
      0.004199633294590483,
      0.0,
      0.008000140586091551,
      0.01199138884952354,
      0.011102799897570013,
      0.0015934894324753559,
      0.008616141672642595,
      0.0,
      0.0,
      0.009505244921869115,
      0.0,
      0.021460538402720178,
      0.0,
      0.0003339832409564211,
      0.0,
      0.009672900588407666,
      0.0,
      0.0,
      0.003841916859930932,
      0.00876876259517555,
      0.008656511892835539,
      0.003352674826897724,
      0.0040183064111677,
      0.0017000310205542814,
      0.00572772431403642,
      0.0022604899110649744,
      0.0,
      0.0,
      0.002620386818986173,
      0.0,
      0.0,
      0.0010924338177523585,
      0.0,
      0.0,
      0.0011720806901892554,
      0.0,
      0.0,
      0.009147055294092056,
      0.0,
      0.0,
      0.005277093790651855,
      0.0,
      0.0,
      0.0,
      0.0,
      0.006529070024610489,
      0.0,
      0.0,
      0.0,
      0.0,
      0.0,
      0.0,
      0.0,
      0.0,
      0.0,
      0.0032339224475910287,
      0.0,
      0.0,
      0.0022293289380616098,
      0.0,
      0.0,
      0.0,
      0.0,
      0.0,
      0.0,
      0.0,
      0.0,
      0.0004413886397599589,
      0.0,
      0.0,
      0.0,
      0.0,
      0.0,
      0.009545282909557772,
      0.0,
      0.0,
      0.0,
      0.006971550349305418,
      0.0,
      0.0,
      0.01705824055436804,
      0.0,
      0.0,
      0.0022111911362647607,
      0.0,
      0.001321174701143607,
      0.014129499282033867,
      0.0029163584675757403,
      0.0,
      0.0,
      0.0,
      0.009628455077284014,
      0.0,
      0.0,
      0.0,
      0.01157976856238374,
      0.0,
      0.01763987239502315,
      0.0,
      0.007857296221412093,
      0.005415343733050089,
      0.006317472319415335,
      0.007139037551184431,
      0.0,
      0.0,
      0.0008636635838215791,
      0.0,
      0.0005012289949669073,
      0.0,
      0.004565274824150064,
      0.0,
      0.0,
      0.0,
      0.0,
      0.0,
      0.0,
      0.0004757087559257496,
      0.009610555360520266,
      0.0,
      0.00200169762262813,
      0.00666592420435202,
      0.0,
      0.0,
      0.005153610482143676,
      0.008296935175493866,
      0.011662289909776163,
      0.0,
      0.0,
      0.0,
      0.00901782525550596,
      0.00042926867039983115,
      0.0012620380238861277,
      0.0071430166473526015,
      0.0,
      0.012846001369531646,
      0.008346118480858322,
      0.007542620047882001,
      0.0,
      0.0013366975104766778,
      0.0013612042297062716,
      0.0032736233665687777,
      0.011037209954544576,
      0.004987526555368327,
      0.00769986104768433,
      0.007560212462638911,
      0.0,
      0.004944038790128082,
      0.0,
      0.0,
      0.015887272954717906,
      0.002745054364110522,
      0.0075035005525268764,
      0.0,
      0.002575908854500499,
      0.0,
      0.0,
      0.0,
      0.0,
      0.004854590453063599,
      0.004121471787048166,
      0.0008351913634331131,
      0.00286361510372217,
      0.012724712391878086,
      0.0013766639782757436,
      0.01387841116394452,
      0.0006727184806346218
    ],
    "low_data": false
  },
  "500000": {
    "median": 0.0,
    "p90": 0.009746816124986162,
    "p10": 0.0,