{
  "100000": {
    "median": 0.00025676259453714435,
    "p90": 0.010484858219549522,
    "p10": 0.0,
    "sample": [
      0.00013255583347880512,
      9.048250288413895e-05,
      0.002060952582032673,
      0.0,
      0.010126099616968455,
      0.0,
      0.0,
      0.01087594367095929,
      0.005101996257915478,
      0.0004158949203522663,
      0.0,
      0.006264253638784552,
      0.006085121746135738,
      0.0170967456266742,
      0.004249922101549016,
      0.010046220284541947,
      0.008355846364301799,
      0.0,
      0.0,
      0.015652984956963364,
      0.005911745260716204,
      0.0,
      0.0,
      0.0019483370061321747,
      0.0,
      0.004342277649215309,
      0.0,
      0.0,
      0.0047235265290007065,
      0.0,
      0.008955604734991488,
      0.010394916277597388,
      0.006255996328332247,
      0.0,
      0.0,
      0.0,
      0.0153120095392244,
      0.0,
      0.0,
      0.0017617914263389012,
      0.0002681358445841334,
      0.0,
      0.0,
      0.016976648685714024,
      0.011155073616734741,
      0.013723823141228927,
      0.0,
      0.008339739473704921,
      0.016118763446285093,
      0.0,
      0.0,
      0.0035312516920146864,
      0.0034504463956542882,
      0.0,
      0.005229715744105535,
      0.000141228863367979,
      0.006339553309882641,
      0.0004754590168156411,
      0.00042032654756818936,
      0.0,
      0.0,
      0.011620515779286042,
      0.0,
      0.0,
      0.01599022586106695,
      0.013929298812834596,
      0.0,
      0.0,
      0.0,
      0.0,
      0.0064182274488906975,
      0.0,
      0.0,
      0.008781245419803583,
      0.011766692343773701,
      0.003094593848329613,
      0.0017745868968505676,
      0.011015908691389971,
      0.0,
      0.007077471343918872,
      0.0,
      0.0018159112371859167,
      0.009827237041944908,
      0.0,
      0.0,
      0.0,
      0.011353210812001026,
      0.004086437645205814,
      0.0,
      0.0020044703943630816,
      0.0,
      0.0097896401032666,
      0.0013628374631611585,
      0.00861838746385797,
      0.0022480840394915073,
      0.00011417686959764128,
      0.0,
      0.0,
      0.0,
      0.0,
      0.0,
      0.012261339764228952,
      0.0027006288413316732,
      0.0,
      0.0,
      0.0012923966456652072,
      0.0032800321694892304,
      0.00034870943353053363,
      0.0,
      0.007365847090757293,
      0.007277969854722459,
      0.013152225567630921,
      0.009610918032065279,
      0.014522053011634386,
      0.004001759076103065,
      0.006329154452595184,
      0.0017950090164196486,
      0.0,
      0.0,
      0.0,
      0.0,
      0.009071334089269967,
      0.0,
      0.010441404280503995,
      0.0037328864804385053,
      0.0,
      0.0,
      0.005699621045610249,
      0.0,
      0.010151721699627518,
      0.0,
      0.0,
      0.0,
      0.0,
      0.009187697795120032,
      0.0,
      0.0,
      0.006762905814109047,
      0.015475178222452105,
      0.00954463196349343,
      0.0,
      0.002568837336182269,
      0.0029120788493820454,
      0.0,
      0.0,
      0.0,
      0.0,
      0.0,
      0.0,
      0.0,
      0.007080208766416511,
      0.00658517164710612,
      0.0,
      0.0,
      0.004466851472612836,
      0.005408647093156653,
      0.0,
      0.009106747717636544,
      0.004432336137188451,
      0.0018610817570528923,
      0.0,
      0.0,
      0.0,
      0.0022201692646261787,
      0.012643599176383405,
      0.0008042432406728764,
      0.0018936677476316614,
      0.003200361268875117,
      0.0,
      0.0,
      0.00850184743730436,
      0.0,
      2.3977735286572315e-05,
      0.0,
      0.0,
      0.0,
      0.0011278246563766218,
      0.0,
      0.0,
      0.0,
      0.005345649052964963,
      0.0,
      0.0,
      0.0,
      0.0,
      0.0026915629713816676,
      0.0,
      0.014261554417654577,
      0.0,
      0.0005721733586687004,
      0.005230550428474792,
      0.0024571804082564558,
      0.005130115063420523,
      0.0,
      0.0017619054487018177,
      0.0,
      0.00024538934449015525,
      0.0087012916481181,
      0.0,
      0.008904390211145311
    ],
    "low_data": false
  },
  "250000": {
    "median": 0.0003972952185408076,
    "p90": 0.010660063969424441,
    "p10": 0.0,