{
  "100000": {
    "median": 0.000322252717619076,
    "p90": 0.012734160246546862,
    "p10": 0.0,
    "sample": [
      8.981837315515505e-05,
      9.800057451630784e-05,
      0.005491391792562686,
      0.004766009725228906,
      0.0005836474939619874,
      0.024291779225622867,
      0.0012293324843932253,
      0.007870833021589684,
      0.00019769829311430995,
      0.005753025944089962,
      0.0,
      0.0,
      0.0,
      0.0037722406977304898,
      0.0077330602160124145,
      0.0,
      0.01440818425110142,
      0.0,
      0.0,
      0.008298123625702574,
      0.0,
      0.0010084910579747307,
      0.016814122852757525,
      0.0,
      0.007180847667240517,
      0.0013510604866715003,
      0.0,
      0.0,
      0.0017788500354357498,
      0.0,
      0.002281020447310155,
      0.0,
      0.0,
      0.0,
      0.006862109495289528,
      0.014982499004244877,
      0.0,
      0.0,
      0.0,
      0.0,
      0.005462353088797371,
      0.004513924863118672,
      0.0,
      0.00280390434378576,
      0.0,
      0.017865694438702538,
      0.001447115714766461,
      0.0,
      0.004390683192553333,
      0.0,
      0.0,
      0.0,
      0.007390304278987495,
      0.005961365288242822,
      0.00555444416735885,
      0.0,
      0.0,
      0.00017021725225603262,
      0.0,
      0.006704158224750208,
      0.0,
      0.0,
      0.0,
      0.008413728428575108,
      0.0,
      0.0,
      0.0,
      0.010248194880446378,
      0.003082029664705348,
      0.0,
      0.0,
      0.0017236176207242977,
      0.008913857991822956,
      0.0,
      0.0032935914944005433,
      0.014166263756404127,
      0.001073180564446533,
      0.0,
      0.0,
      0.0,
      0.0,
      0.0,
      0.023968209508132915,
      0.0,
      0.0,
      0.0,
      0.0,
      0.0,
      0.00038320959039460546,
      0.0,
      0.0,
      0.0,
      0.0,
      0.006546367738416585,
      0.0,
      0.0,
      0.00993269737865892,
      0.0,
      0.000277673813596408,
      0.0,
      0.0035355166454227446,
      0.001245804688764023,
      0.006943907148281581,
      0.0,
      0.00718999657989079,
      0.010672623290968982,
      0.007340399031453675,
      0.0,
      0.0049920272619025765,
      0.0020958323730394853,
      0.00969019063715597,
      0.0008131421382875136,
      0.0,
      0.0025793169861558227,
      0.0,
      0.004263927774354167,
      0.002114110514292125,
      0.001950855837858201,
      0.0,
      0.005338711442010019,
      0.0006721273553117152,
      0.0031288947793410796,
      0.0,
      0.002172737794835906,
      0.007404357938351422,
      0.0,
      0.004521065213343031,
      0.0,
      0.0,
      0.0,
      0.0,
      0.0,
      0.012754868255480853,
      0.030323185910524863,
      0.014406784721526272,
      1.9941105237577432e-07,
      0.0,
      0.002662382501614321,
      0.008579263570469247,
      0.01738703784683523,
      0.02438001505764264,
      0.011212558526680775,
      0.012455730213602186,
      0.004841702138198378,
      0.0005734916075811666,
      0.03435540589047431,
      0.0,
      0.0,
      0.0012639845989524964,
      0.011736163307019012,
      0.0032207063691931347,
      0.0,
      0.022753834471313863,
      0.0013453314090483167,
      0.0,
      0.0,
      0.0,
      0.0034438195642815255,
      0.0,
      0.016067956820911063,
      0.00010985817800354306,
      0.014827794220465514,
      0.0,
      0.014480826199194791,
      0.0,
      0.0,
      0.0,
      0.01216390192521708,
      0.0,
      0.0,
      0.0063867405737461766,
      0.0,
      0.009294861887643167,
      0.0,
      0.0,
      0.0,
      0.001021280602319311,
      0.0005149017408716236,
      0.0,
      0.0,
      0.021873526928645,
      0.0,
      0.010439273060043872,
      0.0027261707207817194,
      0.0,
      0.007046048004140772,
      0.005221145624641938,
      0.005110922552470611,
      0.0,
      0.011679217086909343,
      0.0,
      0.0,
      0.000366831621641744,
      0.0107091674077877,
      0.01523305051060457,
      0.0,
      0.0,
      0.0015196881444506155,
      0.013667090984467582,
      0.012731859356665308
    ],
    "low_data": false
  },
  "250000": {
    "median": 0.000503142580654039,
    "p90": 0.012886178825778343,
    "p10": 0.0,