{
  "100000": {
    "median": 0.0007273899467286472,
    "p90": 0.009447665293440115,
    "p10": 0.0,
    "sample": [
      0.00012821041369066128,
      0.00014191155332746183,
      0.0005405260307355734,
      0.002959554598396587,
      0.00022494851599409377,
      0.0,
      0.0,
      0.0,
      0.0026956700599222194,
      0.004496637247408097,
      0.0014531476652567335,
      0.0,
      0.01496363049733385,
      0.0,
      0.009188172161806013,
      0.0,
      0.008041020253993,
      0.0,
      0.0,
      0.002393295255780742,
      0.0,
      0.0,
      0.0,
      0.0,
      0.0,
      0.0019177213498537406,
      0.0059777441213059584,
      0.0,
      0.008249003599129785,
      0.0006242400787205167,
      0.0,
      0.0,
      0.0062287229279933,
      0.0,
      0.0,
      0.004070612750420096,
      0.0,
      0.0009537334130546903,
      0.0,
      0.0,
      0.003441480001472499,
      0.0035147437016021855,
      0.0,
      0.001388769460570512,
      0.0,
      0.0,
      0.009759085606630772,
      0.0,
      0.0,
      0.0016653119975243327,
      0.0,
      0.008285870241950976,
      0.0022064549848539268,
      0.0009483898135052315,
      0.004967776023190946,
      0.006058604455912799,
      0.014609557833595403,
      0.0,
      0.0045188443768006325,
      0.0,
      0.012892080654082353,
      0.005217341630680673,
      8.880855711628459e-05,
      0.0,
      0.01518854851786744,
      0.012192335332449239,
      0.0,
      0.0,
      0.0,
      0.0,
      0.0,
      0.0,
      0.0,
      0.0,
      0.0,
      0.0,
      0.0,
      0.004987454651097152,
      0.0,
      0.0,
      0.006455170384239765,
      0.0,
      0.0,
      0.007161802629059693,
      0.0,
      0.010382954939459689,
      0.0,
      0.0,
      0.006176010563267307,
      0.01998374370108728,
      0.0,
      0.0,
      0.00978026319318745,
      0.003056028899656764,
      0.0,
      0.003752389058815463,
      0.006945360204288461,
      0.004726267080219899,
      0.0010333389286196334,
      0.0,
      0.007992961894041528,
      0.0026011777593147396,
      0.0,
      0.0007734387117404836,
      0.006034141774742152,
      0.0013646362612295781,
      0.005392044481989901,
      0.001237277301313986,
      0.0,
      0.0,
      0.003836984103286223,
      0.0,
      0.0,
      0.002293420275644911,
      0.0,
      0.013725140482809968,
      0.0027078771834703756,
      0.0,
      0.0,
      0.0,
      0.02175734566282233,
      0.0,
      0.0009270262248578425,
      0.010351341383883246,
      0.0020907269415088524,
      0.004156963595689783,
      0.0,
      0.011805860318869325,
      0.0015364215009802478,
      0.0006813411817168108,
      0.0,
      0.0,
      0.017715697158158943,
      0.0,
      0.010107209089935797,
      0.003447062390609521,
      0.0,
      0.0034243366134024764,
      0.0,
      0.0019072121349913622,
      0.005547234300461738,
      0.0035176184911148885,
      0.0,
      0.005393657150033904,
      0.004247793021395727,
      0.0,
      0.0,
      0.0,
      0.0017249216129959514,
      0.001577218078259811,
      0.0,
      0.0,
      0.0,
      0.0054581300893671095,
      0.0029483855465584977,
      0.0,
      0.006297638951751975,
      0.0014160864084487945,
      0.0,
      0.0,
      0.002395063587168128,
      0.0,
      0.004848285811711023,
      0.004345035446016682,
      0.012731328590746641,
      0.0051023378763437105,
      0.0,
      0.01776920207527511,
      0.007405746092408263,
      0.0,
      0.0,
      0.0,
      0.0,
      0.007640787538888808,
      0.0,
      0.0024477727331524606,
      0.007939329357271882,
      0.0023496801916165974,
      0.011728609637039348,
      0.0,
      0.0,
      0.008012194124581887,
      0.0,
      0.0,
      0.0021260627970080092,
      0.0,
      0.0,
      0.0,
      0.004576568361774602,
      0.0019028888770337127,
      0.005916758958841288,
      0.0,
      0.00571918920665921,
      0.009413063036418933,
      0.0022712195681241524,
      0.00448067781912973,
      0.006355421503054441,
      0.001254435529818813,
      0.013393462337585831,
      0.02018021776057387
    ],
    "low_data": false
  },
  "250000": {
    "median": 0.0008842554488526272,
    "p90": 0.009628962590179504,
    "p10": 0.0,