{
  "100000": {
    "median": 0.00013462405927861844,
    "p90": 0.009928245665301613,
    "p10": 0.0,
    "sample": [
      0.0001333579865815389,
      0.00014791845263485178,
      0.0013113651754640796,
      0.0,
      0.0,
      0.0,
      0.009896664094958667,
      0.004063808873578947,
      0.002452013698796013,
      0.0,
      0.00775479722227545,
      0.0,
      0.0,
      0.0,
      0.0,
      0.0,
      0.0,
      0.0,
      0.00014588062577031697,
      0.000135890131975698,
      0.007599228449842247,
      0.0,
      0.0,
      0.0,
      0.01447679299844135,
      0.0,
      0.0,
      0.0,
      0.007255431360046013,
      0.0066847912086108775,
      0.015238457974090068,
      0.0,
      0.00622456620157144,
      0.0,
      0.002828421632174892,
      0.004893874367873219,
      0.023901996837172486,
      0.020414645574999744,
      0.0,
      0.009683652062037043,
      0.024669789102269656,
      0.0,
      0.0,
      0.012442431749608495,
      0.00836662635303212,
      0.005708893053216446,
      0.0,
      0.0,
      0.014402221979251137,
      0.0029859487938821666,
      0.001006967228956652,
      0.004701454101042924,
      0.0,
      0.0,
      0.0,
      0.0056220627406380905,
      0.0,
      0.0,
      0.005253767583844536,
      0.0,
      0.0007610449747642368,
      0.0,
      0.0,
      0.0,
      0.0,
      0.0087128084968047,
      0.0,
      0.00837513454157978,
      0.0,
      0.0,
      0.013422297154380466,
      0.018476452404387517,
      0.00849414705484441,
      0.0,
      0.005933915222660226,
      0.00690258869162614,
      0.007486558157844232,
      0.0025204757439239787,
      0.0,
      0.0,
      0.014816224511130889,
      0.0,
      0.0,
      0.00821526590242084,
      0.0,
      0.0,
      0.0,
      0.0,
      0.016104428255305895,
      0.008497705860356116,
      0.0,
      0.005260512537169747,
      0.010304133253686782,
      0.0,
      0.012415697628315842,
      0.0,
      0.001468714098858331,
      0.0057352133194809645,
      0.0,
      0.00835014099601715,
      0.0002261369195751428,
      0.008101950523570739,
      0.0006323328429712852,
      0.0,
      0.011336704519683924,
      0.0,
      0.0,
      0.0033578383128874127,
      0.0,
      0.0,
      0.0,
      0.004389486011282079,
      0.008298786827332372,
      0.0,
      0.0008802362966158328,
      0.0,
      0.0,
      0.002052649223371268,
      0.0006654428765330556,
      0.0,
      0.010212479798388147,
      0.0,
      0.0,
      0.004904089361245251,
      0.0,
      0.0,
      0.004832330789955021,
      0.004104134227576989,
      0.0,
      0.002248593519020856,
      0.0,
      0.0,
      0.00025487660369248263,
      0.014307559054133279,
      0.0,
      0.0,
      0.010745883900707113,
      0.009012698950613062,
      0.0,
      0.0,
      0.0,
      0.0,
      0.001449596553498441,
      0.0,
      0.006044172276886284,
      0.010296235540013257,
      0.006852918180507563,
      0.007854130795157947,
      0.0,
      0.008868853324777548,
      0.0,
      0.0,
      0.0,
      0.0,
      0.001565381321285901,
      0.005139535289634566,
      0.0,
      0.0,
      0.009077322933157364,
      0.0,
      0.0,
      0.0,
      0.003938202475345311,
      0.0,
      0.008524212434192999,
      0.0027457570763430583,
      0.0054483346367275864,
      0.007836490103517472,
      0.0,
      0.0019213168371032098,
      0.0,
      0.006144210990109977,
      0.0,
      0.004416293089670789,
      6.810571252974979e-05,
      0.004156379621051055,
      0.013731153317193302,
      0.009423710955787363,
      0.0013352873440801623,
      0.0027722705633556124,
      0.0,
      0.0,
      0.004693444127189918,
      0.009638187296444396,
      0.0026417649187038066,
      0.0031147588685412945,
      0.016283933979466036,
      0.0040428588362836785,
      0.0,
      0.0,
      0.004215052155103619,
      0.0,
      0.006445647964404619,
      0.0,
      0.008463762456125092,
      0.0006771717512807136,
      0.0,
      0.0,
      0.0,
      0.0
    ],
    "low_data": false
  },
  "250000": {
    "median": 0.00028248395461650253,
    "p90": 0.010141644975894511,
    "p10": 0.0,