{
  "100000": {
    "median": 0.00017837400740673367,
    "p90": 0.011698380240363548,
    "p10": 0.0,
    "sample": [
      0.0001778829968804834,
      0.00017886501793298396,
      0.0,
      0.0015884456531354194,
      0.0,
      0.007681188184703132,
      0.0027085093073601157,
      0.0,
      0.0,
      0.018118971028668315,
      0.0,
      0.0092366231529213,
      0.0,
      0.002614900859489515,
      0.0007424861212657187,
      0.008398513234094884,
      0.0,
      0.0,
      0.0,
      0.008203776983715612,
      0.0,
      0.0015399333239313738,
      0.016666631795022247,
      0.011682515755036807,
      0.0,
      0.0,
      0.0,
      0.0,
      0.0008832962610909098,
      0.0,
      0.0,
      0.0,
      0.0,
      0.011051117680872026,
      0.008240684562505972,
      0.0026555341075619253,
      0.0023223785808143146,
      0.0,
      0.011841160608304233,
      0.0,
      0.0003237582628546177,
      0.0,
      0.0,
      0.0014947493582849452,
      0.0,
      0.002934905384759014,
      0.009437508271920653,
      0.0,
      0.0015314688253407563,
      0.0012903739990709517,
      0.0028026766845490286,
      0.003866692274716583,
      0.0018332856096428347,
      0.0013897121917527768,
      0.0,
      0.0008492116827068057,
      0.003170801581163953,
      0.004972794564191588,
      0.0017435999521318761,
      0.0,
      0.006262874372549338,
      0.0,
      0.003600263106165799,
      0.0,
      0.0,
      0.0,
      0.002079711155823488,
      0.0,
      0.0,
      0.0,
      0.01049917499681398,
      0.0,
      0.0,
      0.0,
      0.009025345407551377,
      0.0,
      0.0,
      0.0016553694077806116,
      0.0,
      0.0,
      0.004362276699993175,
      0.0,
      0.0038220109191679378,
      0.0,
      0.02456181419308661,
      0.0,
      0.0,
      0.007776781713324685,
      0.012295983708825066,
      0.0,
      0.0,
      0.0033534916944895294,
      0.0,
      0.0,
      0.0,
      0.007469073580198854,
      0.0,
      0.002931981899651442,
      0.0,
      0.0,
      0.016989261668088954,
      0.002931637391731327,
      0.010081464851567603,
      0.0016961331211536007,
      0.0005063746409524855,
      0.004322533732544748,
      0.0,
      0.0,
      0.01916237741641485,
      0.0,
      0.0,
      0.015955124975485242,
      0.0015081628408764112,
      0.004692636879215629,
      0.00870734174346073,
      0.0037402821670393183,
      0.0,
      0.0,
      0.016119124852665236,
      0.0,
      0.00574233469655684,
      0.0017909149713242539,
      0.0,
      0.0,
      0.0,
      0.0,
      0.0,
      0.0,
      0.013859271584894098,
      0.0021266694909600524,
      0.0,
      0.0,
      0.0,
      0.0031431319739378756,
      0.003622925712680697,
      0.0,
      0.0,
      0.00016049452856202104,
      0.0009041158448568123,
      2.034813721752264e-05,
      0.0,
      0.006766358692503056,
      0.0018767232737310663,
      0.0061225840937013335,
      0.0,
      0.0,
      0.002973914953433821,
      0.0,
      0.005542242427063754,
      0.0,
      0.010012199140416964,
      0.0,
      0.0,
      0.0,
      0.01695658601517132,
      0.0,
      0.010679797591586567,
      0.0,
      0.0005491286134626516,
      0.0,
      0.013801956996524088,
      0.005984266445917528,
      0.0,
      0.0,
      0.0,
      0.0,
      0.000731990230883759,
      0.009133109308891224,
      0.021613266576742285,
      0.011954129149552005,
      0.0,
      0.0,
      0.0,
      0.008337186032330038,
      0.0,
      0.00750203574301562,
      0.005542875931805389,
      0.01399736668192847,
      0.013921605256352478,
      0.004376455797521308,
      0.002420742586536622,
      0.02006130336979297,
      0.010529603390964084,
      0.0,
      0.013813003710151088,
      0.0,
      0.0,
      0.015308195150531565,
      0.0,
      0.007285939373965084,
      0.010195834872453938,
      0.0013792253266302747,
      0.012874385794085898,
      0.0,
      0.0,
      0.0,
      0.008283145043466424,
      0.0,
      0.00029092738573184985,
      0.009221265213727086
    ],
    "low_data": false
  },
  "250000": {
    "median": 0.00040133578627826136,
    "p90": 0.011800515899204438,
    "p10": 0.0,