{
  "100000": {
    "median": 0.0005664765223611071,
    "p90": 0.012038326267603455,
    "p10": 0.0,
    "sample": [
      0.00013079065407620687,
      0.00020355418524088393,
      0.0,
      0.011609178173219168,
      0.015240644272219874,
      0.0062215841343283935,
      0.004241930723982025,
      0.007536789374478524,
      0.0,
      0.0,
      0.0011597374484489994,
      0.0018495483553288468,
      0.004923304967603215,
      0.0,
      0.0,
      0.01632612543335121,
      0.0020627016210616783,
      0.02251235574003053,
      0.0037754883131038775,
      0.0,
      0.0028724168029486243,
      0.0017538797763133889,
      0.0,
      0.0,
      0.003029781727043009,
      0.0011801013330284388,
      0.006389126244117851,
      0.0,
      0.006442261321303096,
      0.0,
      0.0,
      0.012560150002015612,
      0.002337648897710086,
      0.0,
      0.007270119695575668,
      0.0,
      0.0,
      0.005862030045877833,
      0.0,
      0.0,
      0.0,
      0.00470702437553344,
      0.0,
      0.0,
      0.012623117412423977,
      0.0006547614789991421,
      0.0,
      0.00264982383610978,
      0.013878885496018234,
      0.0,
      0.0,
      0.005308716978545741,
      0.0,
      0.015870077499502193,
      0.012280157322588464,
      0.0,
      0.0,
      0.004472463988796537,
      0.0,
      0.0,
      0.0065128244635847,
      0.012364470005729501,
      0.007894873987527903,
      0.0,
      0.0,
      0.01116885093131716,
      0.007299964588358092,
      0.0,
      0.0,
      0.0,
      0.0,
      0.012612432288380819,
      0.0,
      0.0,
      0.011885606802748328,
      0.0027697549044993584,
      0.0,
      0.0007592723683148232,
      0.0,
      0.0,
      0.0,
      0.007637118514233895,
      0.0019780357338106897,
      0.0,
      0.0,
      0.0016742257488802255,
      0.0,
      0.013311904770695611,
      0.0,
      0.0006428068665724788,
      0.010409864232463898,
      0.0014915643247997554,
      0.0,
      0.0,
      0.005745878841508465,
      0.004004939088153878,
      0.0005380165424474809,
      0.0,
      0.0,
      0.006159952254284074,
      0.0,
      0.009423268602327672,
      0.0,
      0.0,
      0.0,
      0.0,
      0.00956520821280319,
      0.0,
      0.0,
      0.0,
      0.0,
      0.012844948652196259,
      0.009545751453665676,
      0.0,
      0.0,
      0.007163442141614463,
      0.0,
      0.0,
      0.01071580577402411,
      0.003133960563379206,
      0.002761830876480768,
      0.0,
      0.0053417731378570445,
      0.0,
      0.0,
      0.0036745430127069875,
      0.012635266235353207,
      0.014602389213875761,
      0.0,
      0.0,
      0.016357806536745564,
      0.0,
      0.0004949497803087867,
      0.0,
      0.009331730163594197,
      0.0005949365022747331,
      0.0,
      0.0,
      0.007148722613484734,
      0.005343379041334366,
      0.0013390803720052646,
      0.003024692372072331,
      0.0,
      0.0,
      0.0,
      0.0,
      0.01033534380431263,
      0.0,
      0.0,
      0.009642996430746195,
      0.015788480662559164,
      0.0,
      0.007522576523319188,
      0.011738152418970367,
      0.007262195547833168,
      0.005681337376355798,
      0.007857385406856104,
      0.011057766069539664,
      0.013713733399940954,
      0.004043257142357922,
      0.0,
      0.005073939378931072,
      0.0,
      0.0120114561503829,
      0.005291703362194815,
      0.016347036127036103,
      0.0006470822228065881,
      0.005281383963548318,
      0.0,
      0.0038226597714403877,
      0.0,
      0.0047693124966276135,
      0.0026490370841194735,
      0.004111064340189238,
      0.0,
      0.0,
      0.014790565699360676,
      0.00584836501082024,
      0.0,
      0.0,
      0.0,
      0.007653564877764249,
      0.002823961943180345,
      0.004934512082560854,
      0.0,
      0.0,
      0.0,
      0.0,
      0.0004149938335370094,
      0.004048487689635205,
      0.0035410007592183586,
      0.0,
      0.014828362675553472,
      0.0015232738712525143,
      0.0,
      0.0,
      0.0,
      0.0,
      0.0,
      0.007672515032274824
    ],
    "low_data": false
  },
  "250000": {
    "median": 0.0007115632965679567,
    "p90": 0.012170673649827593,
    "p10": 0.0,