{
  "100000": {
    "median": 0.0001671518934664265,
    "p90": 0.011393006023918762,
    "p10": 0.0,
    "sample": [
      0.00017659744157881932,
      0.0001577063453540337,
      0.0006286755746540273,
      0.0,
      0.00033258881840553115,
      0.0,
      0.0,
      0.020588468363671005,
      0.0,
      0.0037507454467795784,
      0.0,
      0.0007334410459642087,
      0.0,
      0.0,
      0.0003236813511035765,
      0.007711912994720579,
      0.008139495745245013,
      0.0,
      0.0,
      0.002402151730746756,
      0.0032663450056292275,
      0.00577368943777219,
      0.006871600199721457,
      0.007330401707192749,
      0.0,
      0.0,
      0.0,
      0.0,
      0.001966158233101851,
      0.0,
      0.0,
      0.014996860397989583,
      0.004152419453008597,
      0.005052053818465959,
      0.0,
      0.0,
      0.0,
      0.0,
      0.0,
      0.0,
      0.006349551158879007,
      0.011737838430376216,
      0.0,
      0.0,
      0.0,
      0.01941862082044458,
      0.0,
      0.006398881719378486,
      0.0,
      0.00107831471203736,
      0.008863054294147507,
      0.00200256369569428,
      0.0,
      0.0,
      0.0029608426343173235,
      0.00821225399948309,
      0.011380019579464069,
      0.0,
      0.0,
      0.0,
      0.0,
      0.00851595121423397,
      0.0,
      0.0,
      0.00297393968276769,
      0.0,
      0.004194777724286859,
      0.0012156235433726753,
      0.0,
      0.007402666487393533,
      0.007142625083055471,
      0.00011902247869098307,
      0.003816877875865199,
      0.0,
      0.0,
      0.0,
      0.0,
      0.0014952402796954683,
      0.0,
      0.010139655817185312,
      0.002697441476482167,
      0.011730302572118823,
      0.0,
      0.0,
      0.016795125696215652,
      0.0012808552856113406,
      0.006445708931356692,
      0.0,
      0.0,
      0.006222537251025019,
      0.0,
      0.001212008650792289,
      0.0,
      0.006278463390148308,
      0.005588336189412102,
      0.011948518437247785,
      0.0003956747893296079,
      0.0,
      0.0,
      0.00020169137503583495,
      0.003352179867632928,
      0.01050936688956943,
      0.0,
      0.0055448824947948215,
      0.0,
      0.017996812504943026,
      0.0,
      0.010623955598471086,
      0.0,
      0.005285083374370439,
      0.0002412071453010566,
      0.011509884024011,
      0.004369369143401092,
      0.007844090043345572,
      0.013168032476751195,
      0.0,
      0.0,
      0.015898783906601634,
      0.0,
      0.00871489240878574,
      0.0,
      0.0,
      0.002999483239894453,
      0.0,
      0.005920307588521623,
      0.006049789820684567,
      0.011728715489127928,
      0.018042645644809688,
      0.0026758234335306254,
      0.0,
      0.011892796858637844,
      0.0,
      0.0,
      0.0019859651607714557,
      0.0,
      0.0,
      0.008308331571019262,
      0.0,
      0.0,
      0.0,
      0.006079037189830628,
      0.014292865608355245,
      0.0,
      0.0015832761722639485,
      0.012492064284200868,
      0.0,
      0.0,
      0.0,
      0.005272508961498811,
      0.0,
      0.0,
      0.0,
      0.013175461655582888,
      0.0,
      0.0,
      0.0,
      0.004511224487177048,
      0.010195986088447745,
      0.010662161712651783,
      0.013003987104310584,
      0.0,
      0.0,
      0.016274345866593695,
      0.0,
      0.009419521667157447,
      0.0,
      0.0023922717750087482,
      0.009626649209107933,
      0.0017783684305849332,
      0.0023654526908936284,
      0.0,
      0.012629744685940992,
      0.0,
      0.0,
      0.005294745986660478,
      0.0,
      0.0009115735919307315,
      0.0,
      0.0,
      0.003526734422446498,
      0.0,
      0.0,
      0.001248702042472613,
      0.004920586986326246,
      0.0,
      0.0,
      0.0,
      0.005218608511688321,
      0.0,
      0.0,
      0.0006414378939347963,
      0.00929931182257573,
      0.0,
      0.0,
      0.011348986219897245,
      0.0,
      0.0010901002995750515,
      0.00298982230751601,
      0.0030703349037599676,
      0.0
    ],
    "low_data": false
  },
  "250000": {
    "median": 0.00032994810329029406,
    "p90": 0.011582075836266532,
    "p10": 0.0,