{
  "100000": {
    "median": 0.0013003037583017999,
    "p90": 0.01264821841702805,
    "p10": 0.0,
    "sample": [
      8.126266354005889e-05,
      7.941625925936312e-05,
      0.0,
      0.0,
      0.003758054747213339,
      0.0041621652532978295,
      0.001513941161333608,
      0.0,
      0.0,
      0.01637647773700768,
      0.0,
      0.0034331149301483465,
      0.01601479355826292,
      0.0071152607846837424,
      0.012775933476486137,
      0.004829894261509952,
      0.0008073258477689506,
      0.0,
      0.0018317117261364146,
      0.0,
      0.0,
      0.0029948240009710493,
      0.0,
      0.0,
      0.0,
      0.0008870319311608866,
      0.0,
      0.005644707505645197,
      0.011054059723675149,
      0.003242184373412094,
      0.006763386835880333,
      0.0,
      0.001313997611322834,
      0.0,
      0.0014098638703475825,
      0.009287679012124652,
      0.013301361795792624,
      0.004970338956793489,
      0.011360550535206078,
      0.0,
      0.007225123714942931,
      0.0,
      0.0,
      0.012236630090770594,
      0.0,
      0.0,
      0.0223806115857414,
      0.0,
      0.0,
      0.0,
      0.002328091014947764,
      0.005952900795951464,
      0.0,
      0.0,
      0.002755073410607327,
      0.012338607313189066,
      0.010527246684164576,
      0.0,
      0.0,
      0.0,
      0.0022459266161296365,
      0.0059616729568868106,
      0.01616599106198344,
      0.002309201972280606,
      0.0,
      0.008986844183646007,
      0.00209742433508864,
      0.0012866099052807655,
      0.012634027854866042,
      0.009380384580935238,
      0.0031193188604850606,
      0.003723271429698967,
      0.0,
      0.0,
      0.00347610318389936,
      0.0,
      0.00016992205552673133,
      0.0,
      0.005320851033267842,
      0.0,
      0.00013223233488033104,
      0.0,
      0.0007867403000335463,
      0.0,
      0.0018051721799492218,
      0.0,
      0.003779304995723484,
      0.0,
      0.003267957081870481,
      0.00555815673857795,
      0.0,
      0.0,
      0.0009027869885614737,
      0.0002221825545211976,
      0.0032104921943214466,
      0.0076509611721725,
      0.011883580396691826,
      0.0,
      0.001057878938846077,
      0.0,
      0.002196378063746175,
      0.0,
      0.0020889766104057114,
      0.0,
      0.0006351810545501206,
      0.01014642620009448,
      0.0,
      0.0020698460978375477,
      0.0,
      0.011650865677096865,
      0.0027879761599027063,
      0.014067651496373361,
      0.013707788146232849,
      0.0,
      0.00182131233607547,
      0.012465732726140035,
      0.0,
      0.006308387258158388,
      0.017597174946704895,
      0.008246008120377082,
      0.0,
      0.008407995940109252,
      0.008850783744608029,
      0.005496117373974636,
      0.0,
      0.012134209274885694,
      0.0,
      0.0,
      0.0,
      0.0,
      0.013198234574577639,
      0.011215194284462309,
      0.002126966274720302,
      0.0022289365112432543,
      0.0016403721089133512,
      0.012191397906861424,
      0.012871075505655905,
      0.0,
      0.0046724956318521344,
      0.0,
      0.0,
      0.0,
      0.0,
      0.0,
      0.013847543306347736,
      0.0,
      0.0,
      0.01258410445103588,
      0.009489653151679116,
      0.0,
      0.0,
      0.0,
      7.848073869672271e-05,
      0.0,
      0.018026387193643207,
      0.0060311014207412575,
      0.013357269668116283,
      0.0,
      0.002136802988620998,
      0.0015510530426106502,
      0.0,
      0.013206248463529498,
      0.0018735793337207492,
      0.0,
      0.0,
      0.00644626554116988,
      0.0,
      0.0,
      0.0,
      0.001344230488730621,
      0.0,
      0.0,
      0.0,
      0.0,
      0.0,
      0.007324110084628356,
      0.0,
      0.000409344428116155,
      0.005861054605803114,
      0.0,
      0.0,
      0.0,
      0.011505145896538295,
      0.025138549701336894,
      0.0014361822718885228,
      0.0,
      0.01792224127419566,
      0.0016569325568335552,
      0.03331905704817509,
      0.0010076927041247773,
      0.0,
      0.00539372502553593,
      0.01516505829139443,
      0.02867467978847321,
      0.009190552096446276,
      0.0,
      0.0,
      0.0023688147698838844,
      0.011106582659541097,
      0.0062142123982953865
    ],
    "low_data": false
  },
  "250000": {
    "median": 0.001480487678535154,
    "p90": 0.012790692172650003,
    "p10": 0.0,