{
  "100000": {
    "median": 7.746288155854438e-05,
    "p90": 0.01112873917508779,
    "p10": 0.0,
    "sample": [
      0.00010556540127493268,
      0.000108360003432826,
      0.0013173747900577363,
      0.0039227424579591766,
      0.0,
      0.0,
      0.0,
      0.0063789213122456044,
      0.0005608436504429182,
      0.0002985351401551601,
      0.003854701698115477,
      0.0,
      0.0,
      0.0017429517636184577,
      0.01576621461840721,
      0.0007779459171871192,
      0.0,
      0.005180927165265179,
      0.00431780292997088,
      0.0021350816168679465,
      0.00022647616413905627,
      0.010932865262034505,
      0.0,
      0.002886661724144933,
      0.019566927180479265,
      0.0,
      0.02296815341833759,
      0.01610301337541665,
      0.0,
      0.009465318740528738,
      0.0011505571542906475,
      0.02519390498107279,
      0.004928880354956233,
      0.0,
      0.0034141259689626363,
      0.004093882596496574,
      0.014387475192102202,
      0.0,
      0.000601317656260158,
      7.88555844540267e-06,
      0.0,
      0.0,
      0.005942547723239579,
      0.0,
      0.01857560713582229,
      0.0,
      0.0,
      0.0,
      0.00346991258502888,
      0.0010317411382910692,
      0.002360306890469187,
      0.0,
      0.013907199489245438,
      0.0,
      0.0,
      0.0014896166169434256,
      0.005388711457932964,
      0.0023904438752613637,
      0.0,
      0.0,
      0.0,
      0.0,
      0.0,
      0.001668180414964151,
      0.0,
      0.003494455681136265,
      0.0027193885164485034,
      0.009639788755005036,
      0.014161978004183076,
      0.0,
      0.0,
      0.0,
      0.0,
      0.003488582360054633,
      0.0,
      0.022723883784457534,
      0.0029319753700447326,
      0.0,
      0.01939886635426698,
      0.00210770627643873,
      0.004084751942258008,
      0.006937535259455741,
      0.0022282681353777865,
      0.0,
      0.01648659204580849,
      0.008936872871554738,
      0.0,
      0.0,
      0.0,
      0.0,
      0.0,
      0.010980127486927197,
      0.0,
      0.004845671876698253,
      0.009652087150947732,
      0.0,
      0.0022265577713182255,
      0.0,
      0.009538130213868925,
      0.0,
      0.00613092101495204,
      0.0,
      0.0,
      0.0,
      0.013120408559807135,
      0.0,
      0.0,
      0.0,
      0.0,
      0.0,
      0.0,
      0.01363390361226514,
      0.0038790092106061745,
      0.007739968124697559,
      0.0,
      0.0,
      0.0,
      0.0,
      0.0,
      0.0012117916320436436,
      0.0,
      0.0,
      0.019505235906650188,
      0.0014636160195381543,
      0.0046488044912349515,
      0.005409062502581623,
      0.0,
      0.003012779298676396,
      0.0,
      0.0,
      0.0,
      0.00621671293251126,
      0.0,
      0.01986448558650522,
      0.0,
      0.00594720884364384,
      0.01461789992624878,
      0.0,
      0.0,
      0.0,
      0.0,
      0.0,
      0.0,
      0.0,
      4.936036184215609e-05,
      0.0,
      0.005321263196941789,
      0.019221111114711486,
      0.004940986511239621,
      0.004974767032067889,
      0.0037031868117794863,
      0.01032778214425896,
      0.0,
      0.0,
      0.0,
      0.00983041912133937,
      0.006878744228521708,
      0.0,
      0.0017801334018132066,
      0.0,
      0.00069405141900627,
      0.0,
      0.0,
      0.002270170227606062,
      0.0,
      0.0,
      0.004489401601803198,
      0.012466244368533216,
      0.0,
      0.0,
      0.002090536807802921,
      0.0,
      0.001505172546808417,
      0.0,
      0.0027734540483966468,
      0.0026411521144974067,
      0.001540387050157562,
      0.00029891895020968775,
      0.0,
      0.0017470023860656346,
      0.0,
      0.0028380762466187082,
      0.0,
      0.012510450124854312,
      0.0,
      0.0,
      0.0,
      0.0,
      0.0,
      0.0,
      0.0,
      0.005037377323988247,
      0.007330044683830469,
      0.009086221927723882,
      0.0022201704645148225,
      0.0,
      0.006835156670143618,
      0.0011483161326195548,
      0.0,
      0.0
    ],
    "low_data": false
  },
  "250000": {
    "median": 0.0002439935660382623,
    "p90": 0.01128675172248925,
    "p10": 0.0,