{
  "100000": {
    "median": 0.0012565914115168176,
    "p90": 0.01173448880269466,
    "p10": 0.0,
    "sample": [
      8.026936825608374e-05,
      0.00019197982630640503,
      0.004731969881827239,
      0.0,
      0.0005707697099835929,
      0.006811246404272011,
      0.0,
      0.0,
      0.0,
      0.0030757541012417754,
      0.0,
      0.010989632625312122,
      0.0018768779671759388,
      0.005485537545556994,
      0.0008077559860896805,
      0.022170515403017954,
      0.0,
      0.009240013458325183,
      0.006240184914938231,
      0.0,
      0.0023386661856194695,
      0.006385633442600976,
      0.004796482791147785,
      0.0025405341598538525,
      0.0,
      0.005176544996983151,
      0.0005702849288549216,
      0.0,
      0.005814729926304952,
      0.0,
      0.004666271197783069,
      0.0017110492515070882,
      0.011625426255766088,
      0.0018127470957618372,
      0.0,
      0.0061331114658927785,
      0.016040302713410236,
      0.0,
      0.03042943629344094,
      0.0006235272263275322,
      0.0,
      0.0033364184957367614,
      0.0,
      0.0,
      0.003077983541391247,
      0.00911849374297885,
      0.0,
      0.002844541999233492,
      0.0,
      0.0017670204521635618,
      0.003974851625125941,
      0.0,
      0.019421177647486337,
      0.024557137740744684,
      0.0,
      0.0,
      0.0,
      0.0,
      0.0,
      0.0,
      0.0,
      0.0016340800535073093,
      0.003752704264057434,
      0.009087642059471665,
      0.0,
      0.021499256381143573,
      0.002891565438992309,
      0.006313570117059021,
      0.0,
      0.0,
      0.0,
      0.0,
      0.009683401474330408,
      0.008910497794346934,
      0.0014390715753426825,
      0.0,
      0.0,
      0.0,
      0.020213199165292576,
      0.009472075225656323,
      0.016605211996466366,
      0.0048020299323092075,
      0.0,
      0.014950796508618185,
      0.0,
      0.0,
      0.0,
      0.00278089082915359,
      0.0,
      0.007318953826816276,
      0.0,
      0.01939857674246454,
      0.0,
      0.0,
      0.0,
      0.002303595541257993,
      0.005154448927141685,
      0.0,
      0.0,
      0.006517848974338099,
      0.0,
      0.016622232723808354,
      0.0,
      0.0,
      0.0,
      0.004742375962316973,
      0.009220586750174765,
      0.0,
      0.0016797884001062025,
      0.0,
      0.0,
      0.019763961118883892,
      0.004497157139555919,
      0.0014069826627215237,
      0.016449768248423882,
      0.0022324889508961907,
      0.011716931394937947,
      0.0,
      0.0,
      0.00014862400576844953,
      0.0,
      0.011892505472505093,
      0.0,
      0.004089487784068201,
      0.0,
      0.006433244085008609,
      0.0,
      0.0016287698925599847,
      0.0,
      0.0004051622936256917,
      0.0,
      0.014250161147591804,
      0.0037839026384833816,
      0.0011062001603121114,
      0.0,
      0.003163963894260986,
      0.0,
      0.0,
      0.0033523395344948427,
      0.0,
      0.015642821546416764,
      0.0,
      0.007264134224191772,
      0.0,
      0.001512614603692535,
      0.0,
      0.00669026350296815,
      5.646189794244837e-05,
      0.0,
      0.005468779553050922,
      0.007447281914806774,
      0.007017661448742491,
      0.005677231397457228,
      0.004552128570239257,
      0.007260220160278973,
      0.008605596476849737,
      0.003075618986056346,
      0.00038305696506435205,
      0.00998841138560757,
      0.00034219795854967895,
      0.0,
      0.0,
      0.0083140990801319,
      0.017713354935971867,
      0.0,
      0.0,
      0.0,
      0.01293388011068145,
      0.012074696768480572,
      0.0,
      0.005896739608237015,
      0.009064629652285749,
      0.0,
      0.0,
      0.0,
      0.0,
      0.0,
      0.0043644256107383565,
      0.0,
      0.0,
      0.0,
      0.0,
      0.0035474538058391128,
      0.0,
      0.009939544756480543,
      0.011080779393317813,
      0.0,
      0.007147681956845598,
      0.00479968886981386,
      0.010613086978309247,
      0.008056964103668105,
      0.0,
      0.0,
      0.005259870781299726,
      0.0,
      0.012849891918688714,
      0.007591361015455776,
      0.0,
      0.007246025614851188,
      0.0034821174978181355
    ],
    "low_data": false
  },
  "250000": {
    "median": 0.0013549647524084283,
    "p90": 0.011839300575684228,
    "p10": 0.0,