{
  "100000": {
    "median": 0.0009391842102688954,
    "p90": 0.012207805817854243,
    "p10": 0.0,
    "sample": [
      9.012792716513206e-05,
      0.00011364833795928296,
      0.0,
      0.0,
      0.0,
      0.0,
      0.0,
      0.0,
      0.0069798124718995,
      0.0,
      0.0,
      0.0,
      0.012263494806953917,
      0.0,
      0.0021124329286343426,
      0.0036785791841976116,
      0.0,
      0.001930778559124396,
      0.0,
      0.0,
      0.0075877016517195564,
      0.002242276784424027,
      0.0,
      0.009841455759179111,
      0.0,
      0.009419260264986448,
      0.0,
      0.006672195519416324,
      0.0,
      0.009134570621752814,
      0.0,
      0.0021843487750883455,
      0.010530356025937045,
      0.005514463598914955,
      0.008863647188718312,
      0.0,
      0.009955221666407237,
      0.0035473958079682666,
      0.01728216750825271,
      0.005284619466003046,
      0.013011225638821513,
      0.016864446670862676,
      0.009004301339782961,
      0.0017151456565608317,
      0.0,
      0.0005485788034005455,
      0.004324363220007514,
      0.0,
      0.0,
      0.014722882122963405,
      0.007246105202801378,
      0.011972194325019865,
      0.0,
      0.0,
      0.0,
      0.0,
      0.0,
      0.010495297947133816,
      0.0,
      0.003805655664592415,
      0.0015513925732562833,
      0.0,
      0.0,
      0.006315480458070048,
      0.0,
      0.010105690735327239,
      0.0,
      0.0,
      0.0,
      0.0,
      0.012788639983503288,
      0.012423949056871187,
      0.0,
      0.012075730401213082,
      0.0037350280195596474,
      0.0009111263384312363,
      0.0,
      0.0,
      0.006815264284855372,
      0.0,
      0.004874467371255365,
      0.0,
      0.0,
      0.004609224424084759,
      0.001288342982534531,
      0.007881589451874733,
      0.0,
      0.018558591856968624,
      0.0,
      0.0,
      0.0,
      0.0,
      0.0,
      0.00028632682423516346,
      0.0,
      0.007136394140167127,
      0.0,
      0.012032727864282307,
      0.005276725317172507,
      0.0,
      0.0,
      0.0,
      0.008092804819238618,
      0.0,
      0.010925884474443297,
      0.0,
      0.012150312693833477,
      0.02587469527947635,
      0.002743033753661787,
      0.010674477321683992,
      0.0009672420821065545,
      0.0,
      0.006066289506152697,
      0.0,
      0.000854700995098064,
      0.0,
      0.0004499681588262442,
      0.00786854807105189,
      0.0,
      0.004115282678510214,
      0.010703706683431024,
      0.0015024157938143593,
      0.005344686290995633,
      0.0,
      0.0,
      0.008189879751713283,
      0.0017456136652158,
      0.0,
      0.010652314895064196,
      0.01061505960408606,
      0.0,
      0.006299775892818306,
      0.01739691045059628,
      0.012201618152398725,
      0.0025831228288600867,
      0.0,
      0.006364868397227609,
      0.0,
      6.287179542063612e-05,
      0.0,
      0.0,
      0.0,
      0.0,
      0.0,
      0.013648205396560103,
      0.006354981087803006,
      0.008039694035185072,
      0.011313521301208735,
      0.0,
      0.004107641877806286,
      0.0031917527192797837,
      0.007952753269952624,
      0.00011452488223674742,
      0.0,
      0.0035881931752597095,
      0.005242539348142225,
      0.0,
      0.0,
      0.0,
      0.0,
      0.0,
      0.01202680126314713,
      0.0,
      0.0013317336278287264,
      0.0038627485368184756,
      0.0,
      0.012849732415821232,
      0.0,
      0.012092778274217458,
      0.01339806690637012,
      0.021658453780294906,
      0.002836963493700252,
      0.012086776497248906,
      0.0,
      0.0,
      0.0008345790477653269,
      0.0,
      0.006186071623352155,
      0.007820054216323535,
      8.934681580900613e-05,
      0.0003423695545854201,
      0.009856705227098502,
      0.0,
      0.005663996071263435,
      0.0,
      0.02426689718026652,
      0.0,
      0.0,
      0.005077199477825625,
      0.015321550801894136,
      0.0,
      0.008352235145399997,
      0.0022549034534245656,
      0.036349786226931614,
      0.0011020201831499995,
      0.014068756154636614,
      0.014617749313061772,
      0.00457776509087614,
      0.01459882559262969,
      0.0
    ],
    "low_data": false
  },
  "250000": {
    "median": 0.0010462658953264569,
    "p90": 0.012298436212008225,
    "p10": 0.0,