{
  "100000": {
    "median": 0.0003993917124295496,
    "p90": 0.01263553906635195,
    "p10": 0.0,
    "sample": [
      8.230486129195814e-05,
      0.0001308590719428379,
      0.0061574690921985305,
      0.0,
      0.004158772203254494,
      0.0,
      0.0,
      0.006695753932420312,
      0.0,
      0.01234433990381286,
      0.002388273716909181,
      0.0,
      0.0,
      0.0029954833525388616,
      0.0,
      0.007179977710686563,
      0.0,
      0.0026469068733210826,
      0.0,
      0.017322559026909025,
      0.0005864700942152985,
      0.0042251870648393084,
      0.0,
      0.0,
      0.02431972556629783,
      0.009415040493328586,
      0.007775422261429408,
      0.0042757200009521405,
      0.0017243824240202519,
      0.0,
      0.0,
      0.018740648168555737,
      0.0026414924345829027,
      0.0,
      0.012160358632081876,
      0.004700241923699991,
      0.0010278775846138048,
      0.004657211874387698,
      0.0,
      0.0,
      0.0,
      0.004174991114607146,
      0.015231542329034432,
      0.01378634811867746,
      0.0,
      0.00030765335084582957,
      0.0,
      0.01611013220465014,
      0.0,
      0.002746915775503777,
      0.01124112767288419,
      0.0,
      0.01892375896319326,
      0.0,
      0.002997247900175946,
      0.0,
      0.0026511382640839504,
      0.0,
      0.014182553128543282,
      0.00444634946984354,
      0.010230694847812121,
      0.0007300727309108202,
      0.0,
      0.0,
      0.00095568037229845,
      0.0,
      0.0,
      0.0,
      0.012813395550833852,
      0.0,
      0.0044162340148988545,
      0.0,
      0.0,
      0.0,
      0.0,
      0.0,
      0.0,
      0.0034731981270970103,
      0.00990147681582299,
      0.0,
      0.0,
      0.02851587526114446,
      0.009483272972951245,
      0.0,
      0.0,
      0.0017899874584086713,
      0.0023662043220115934,
      0.005466882723727085,
      0.0,
      0.002565942334565333,
      0.010375024366876338,
      0.0,
      0.0,
      0.0,
      0.007013979362317222,
      0.0,
      0.0024878557172549527,
      0.0,
      0.0,
      0.0019313038955285908,
      0.0,
      0.007618589004604252,
      0.0,
      0.00876450080874191,
      0.0,
      0.0,
      0.004785636136155333,
      0.003086918015337594,
      0.019474324311272426,
      0.0,
      0.013542076451648451,
      0.0,
      0.004034254895049568,
      0.0,
      0.0,
      0.0,
      0.0,
      0.0,
      0.004936169858912376,
      0.006997557531731277,
      0.0,
      0.002004687127361441,
      0.0032009958384175844,
      0.0,
      0.0014766169655709835,
      0.005926575326201286,
      0.0,
      0.0,
      0.0,
      0.0,
      0.0,
      0.006256339685413856,
      0.0,
      0.0,
      0.0,
      0.0,
      0.0,
      0.0,
      0.0016225097762390174,
      0.0,
      0.00836766212549811,
      0.0,
      0.0,
      0.0,
      0.002007534740582389,
      0.0051216235929270265,
      0.0,
      0.0004911300740132697,
      0.003225126075473121,
      0.0,
      0.0,
      0.01261577723474285,
      0.007634205491498382,
      0.0072780634257618325,
      0.007127068681277606,
      0.0,
      0.010399092513033892,
      0.005288066276736087,
      0.0014756125673944668,
      0.01801777772472866,
      0.011657967573802453,
      0.0,
      0.0,
      0.0,
      0.0,
      0.019898100772120682,
      0.014826467440904835,
      0.0026506425137807987,
      0.002760776859834952,
      0.0,
      0.00948496069965897,
      0.0,
      0.008155967950043613,
      0.0,
      0.0,
      0.0,
      0.015945910324454558,
      0.0,
      0.013137886943174918,
      0.00390652853849994,
      0.0,
      0.0,
      0.01694222914488719,
      0.00946132389590554,
      0.0,
      0.013205004832168129,
      0.0012616871574627198,
      0.0022385669751865504,
      0.008391892641015202,
      0.010734991847982493,
      0.0,
      0.0,
      0.0,
      0.0027041249072743286,
      0.0021974823163700688,
      0.0,
      0.010457870027787586,
      0.0,
      0.0011568165176916911,
      0.013110049038372278
    ],
    "low_data": false
  },
  "250000": {
    "median": 0.0005376210258778086,
    "p90": 0.012774886030050487,
    "p10": 0.0,