{
  "100000": {
    "median": 0.0004001943557461388,
    "p90": 0.010990138856478331,
    "p10": 0.0,
    "sample": [
      0.00016165495742616798,
      8.768258190225733e-05,
      0.0,
      0.0,
      0.014539114340612155,
      0.0,
      0.004324387405945589,
      0.005513643465462758,
      0.0,
      0.004938710552430889,
      0.0,
      0.0,
      0.02669207411746657,
      0.0,
      0.008411825860241844,
      0.0,
      0.013704756747490799,
      0.011056150211598732,
      0.0,
      0.0,
      0.0072778858885322335,
      0.008080404550312439,
      0.0,
      0.008859212098929054,
      0.0131731779895582,
      0.00024154269620350774,
      0.007386786724306294,
      0.0,
      0.007782076933720032,
      0.023303197357133338,
      0.004775955032738521,
      0.009812025984904032,
      0.016513474303899715,
      0.0,
      0.0,
      0.0,
      0.0,
      0.0013571512644084639,
      0.021770501774452708,
      0.0,
      0.0,
      0.0,
      0.0,
      0.004982773928415274,
      0.008328071587663568,
      0.005460017651508628,
      0.0009557585998662495,
      0.0,
      0.00038174890991926467,
      0.009526346310673645,
      0.003026897079603645,
      0.0,
      0.003941206077940185,
      0.006264930664794624,
      0.007522501137178107,
      0.005443530091986744,
      0.0,
      0.0,
      0.010894309071407933,
      0.0,
      0.011261254219871595,
      0.0,
      0.0006591890665778587,
      0.008497804882421106,
      0.005928594441979542,
      0.004549677359308493,
      0.0,
      0.0,
      0.0043438346273730576,
      0.0,
      0.0,
      0.0,
      0.007317015109254546,
      0.013122899796896658,
      0.0011969677423419413,
      0.0,
      0.0,
      0.008549317357138644,
      0.0020386456644377908,
      0.0009641350160366173,
      0.00311442261801329,
      0.0,
      0.0,
      0.0,
      0.0,
      0.005077136539825316,
      0.0,
      0.0,
      0.0021838958930069196,
      0.010982804261464954,
      0.0,
      0.0,
      0.002375141030261129,
      0.005940126164408866,
      0.0,
      0.0002882009017535308,
      0.0,
      0.006515437087040506,
      0.008107269668376089,
      0.006145278945368898,
      0.0029189399957020145,
      0.0,
      0.0,
      0.008113700875725516,
      0.0,
      0.0,
      0.0,
      0.006949169740522101,
      0.005578212048057993,
      0.0,
      0.0,
      0.00027185582625251535,
      0.0,
      0.009081145643150936,
      0.0053713599148725874,
      0.0011314678612002528,
      0.0,
      0.000418639801573013,
      0.006560009377193262,
      0.0,
      0.0,
      0.005930080066378552,
      0.0,
      0.0063065862230849345,
      0.005677397263937184,
      0.0,
      0.005168133223773417,
      0.005063439045957721,
      0.00945553224917827,
      0.0016861820419655687,
      0.005768346142598686,
      0.0,
      0.008819024339823848,
      0.015767908332615523,
      0.0,
      0.020596851671456282,
      0.01207309262241724,
      0.00944784515532393,
      0.021235412102059918,
      0.0,
      0.0034771713838717593,
      0.009771165114934999,
      0.012820260948557672,
      0.0,
      0.0,
      0.0,
      0.0,
      0.0,
      0.0,
      0.0,
      0.009914295102050245,
      0.004909157703105313,
      0.009789869373532541,
      0.0,
      0.0,
      0.02067405001831665,
      0.0006213597483586864,
      0.010209023961104197,
      0.0,
      0.0,
      0.0,
      0.0,
      0.005094958383419425,
      0.0,
      0.009445386200077278,
      0.004285367666026456,
      0.0,
      0.0,
      0.0035956420578315404,
      0.0,
      0.0,
      0.010223542935458532,
      0.002577789409168847,
      0.0,
      0.0,
      0.0,
      0.0,
      0.018584985688972926,
      0.000920762207475029,
      0.003499474263272374,
      0.0,
      0.0,
      0.014423676919135068,
      0.0,
      0.010817018684320452,
      0.0,
      0.0,
      0.01310397895156356,
      0.015692314331654123,
      0.00047899102828924053,
      0.0,
      0.008049546668433792,
      0.0,
      0.0,
      0.0,
      0.0,
      0.0,
      0.0,
      0.0010106188299029684,
      0.0
    ],
    "low_data": false
  },
  "250000": {
    "median": 0.0005964694853245947,
    "p90": 0.011176829399102778,
    "p10": 0.0,