{
  "100000": {
    "median": 0.0002321910045443202,
    "p90": 0.010890677085578431,
    "p10": 0.0,
    "sample": [
      0.00010393644936262307,
      0.000210588402704433,
      0.0,
      0.00902313402993686,
      0.0,
      0.00710125823677047,
      0.0,
      0.0045413260750798035,
      0.020964614291525636,
      0.0,
      0.001192235497949547,
      0.010888445979028343,
      0.01634318707641811,
      0.03113459311641041,
      0.023343196363083657,
      0.0,
      0.0,
      0.0006143925195602441,
      0.0,
      0.014507244054856363,
      0.0028907334253273193,
      0.01186042057517134,
      0.00161394753117361,
      0.0036531280989643635,
      0.0,
      0.0,
      0.003944211248227296,
      0.001931351907154475,
      0.0,
      0.007746162854706617,
      0.0030056803899037787,
      0.0,
      0.0193293145578741,
      0.007621179336391773,
      0.0,
      0.0026537741947709023,
      0.008515956985553158,
      0.006569641326611761,
      0.004973950144115948,
      0.0044577812414806975,
      0.002445749275680937,
      0.005270416874534903,
      0.0019255420184093601,
      0.006412479180099134,
      0.0,
      0.006525136000014604,
      0.0,
      0.0,
      0.009294079113379905,
      0.00790496039329855,
      0.008979251289282444,
      0.00453653808225958,
      0.0014607452119184342,
      0.0,
      0.0,
      0.0,
      0.0014397571120867616,
      0.0014212092647740598,
      0.0,
      0.0016363718134493495,
      0.0,
      0.0,
      0.011747144451559062,
      0.0,
      0.0,
      0.0,
      0.0,
      0.0,
      0.0009894045631931225,
      0.01685354885334221,
      0.0,
      0.0,
      0.012310424606601181,
      0.006315966024684982,
      0.0,
      0.0,
      0.0,
      0.0,
      0.0,
      0.0,
      0.0042925417930976695,
      0.004385324202621958,
      0.0,
      0.0,
      0.0,
      0.0022227842296321963,
      0.006958201902928909,
      0.010831294288731915,
      0.009694375243842914,
      0.0,
      0.0033275308193808036,
      0.0,
      0.0,
      0.0,
      0.0,
      0.014358557597092148,
      0.0,
      0.0,
      0.0,
      0.008622692821041425,
      0.005177251961802929,
      0.0,
      0.0,
      0.0,
      0.000117014290845106,
      0.0,
      0.0,
      0.0026486528695074296,
      0.0,
      0.0007752029180155602,
      0.0014335385849547268,
      0.0,
      0.0,
      0.023325276913744114,
      0.010910757044529222,
      0.0,
      0.00822908600189201,
      0.011173343552210295,
      0.004576519293682023,
      0.002614687008203452,
      0.0,
      0.0,
      0.0,
      0.001603825673439338,
      0.0,
      0.0,
      0.014394390919484823,
      0.015209758175184543,
      0.005148466465147781,
      0.0002537936063842074,
      0.0018493342561589044,
      0.013503189186013915,
      0.009726452343082195,
      0.008938092042165292,
      0.010441764793662755,
      0.0,
      0.0009920282327953644,
      0.0,
      0.0,
      0.0029962355918830893,
      0.012375738203743615,
      0.002156310669140316,
      0.002076714756499408,
      0.011251341294385842,
      0.0,
      0.0020065637984423078,
      0.004056538797652533,
      0.00802309917082051,
      0.0,
      0.0,
      0.0,
      0.0,
      0.008694936095504105,
      0.0,
      0.0,
      0.0,
      0.0,
      0.005557482535113601,
      0.0,
      0.0,
      0.0,
      0.0009324593555365929,
      0.0,
      0.0,
      0.0,
      0.0065773079687929,
      0.0007118722981552792,
      0.0063277382347574065,
      0.0015648004117493558,
      0.0,
      0.0,
      0.0,
      0.0009281175394331445,
      0.0029512031892171458,
      0.0014922566003941985,
      0.0,
      4.204766845803798e-05,
      0.0,
      0.0,
      0.0,
      0.012162519481613966,
      0.007944761924489938,
      0.0,
      0.0,
      2.276696833896616e-05,
      0.0,
      0.0012109091602831093,
      0.0,
      0.007436130271333029,
      0.0020035247920201335,
      0.0013785873263037663,
      0.0,
      0.0,
      0.0,
      0.0,
      0.0,
      0.00456728027530503,
      0.0,
      0.0,
      0.005393832340780786
    ],
    "low_data": false
  },
  "250000": {
    "median": 0.00047433782585803205,
    "p90": 0.011020361760167328,
    "p10": 0.0,