{
  "100000": {
    "median": 0.00019745740356300387,
    "p90": 0.010927262610955007,
    "p10": 0.0,
    "sample": [
      0.0001311309865713037,
      0.00012674831062764542,
      0.0,
      0.013923207510217474,
      0.0,
      0.0,
      0.01091727727940236,
      0.002217499589015339,
      0.004753062334590052,
      0.0,
      0.0,
      0.011838069338960231,
      0.0,
      0.0,
      0.0,
      0.0,
      0.005028796481816665,
      0.0,
      0.002712683839958312,
      0.0,
      0.0030809089256614176,
      0.0,
      0.0055830771645807055,
      0.012537912588451602,
      0.0,
      0.008996095360831369,
      0.0,
      0.00029764507139960365,
      0.011825023499619869,
      0.0,
      0.00046964626752424136,
      0.0,
      0.0,
      0.0007417038153424744,
      0.0,
      0.0017904287757898349,
      0.01189984858420497,
      0.0,
      0.006773461006177858,
      0.0007782586504426681,
      0.018874720154705503,
      0.0,
      0.0,
      0.0,
      0.0,
      0.0,
      0.0,
      0.0,
      0.0013623125458719783,
      0.0,
      0.0,
      0.0,
      0.0,
      0.0,
      0.0,
      0.0208348551823836,
      0.005731694759404223,
      0.0,
      0.014502931718438255,
      0.0037218179470296744,
      0.0,
      0.005203139206906665,
      0.0,
      0.0004794909366136538,
      0.0,
      0.0,
      0.005154484252741393,
      0.0,
      0.018822925759513564,
      0.003822119553347087,
      0.0,
      0.0,
      0.0,
      0.0,
      0.0027239431444158304,
      0.0035052996664596235,
      0.012356918558223674,
      0.005655309278908306,
      0.0,
      0.0035875357918321053,
      0.0,
      0.006984909853035233,
      0.0,
      0.0023273934961553534,
      0.010049439402553843,
      0.0,
      0.0074294904755541616,
      0.0,
      0.0,
      0.0,
      0.0,
      0.0,
      0.0,
      0.01390640890862857,
      0.0,
      0.007804849338768344,
      0.01787609887248904,
      0.0,
      0.0019514284023790327,
      0.0,
      0.014066978085585073,
      0.0,
      0.01359752671792489,
      0.005522001017822958,
      0.004422111507866744,
      0.0,
      0.002379145843804013,
      0.011504840911243451,
      0.00924203780478358,
      0.0,
      0.0005696683394801544,
      0.0,
      0.0,
      0.0,
      0.0,
      0.0,
      0.0,
      0.0,
      0.014863753910541365,
      0.0004394592889636871,
      0.0,
      0.009251921060078681,
      0.0,
      0.0,
      0.0,
      0.008501453753455184,
      0.0027993169075904247,
      0.0057596211099069285,
      0.005751004787449538,
      0.006151673383701648,
      0.0,
      0.005830736543833327,
      0.011017130594928844,
      0.0,
      0.000263783820554704,
      0.0,
      0.007864615270619128,
      0.0,
      0.00659739832980751,
      0.0,
      0.0005431929138509192,
      0.003717312829010602,
      0.0,
      0.0,
      0.007068970160022242,
      0.008683643485844215,
      0.009231240336504614,
      0.009083705770677797,
      0.0,
      0.007166146625687123,
      0.0026169758645975907,
      0.0011133607270519999,
      0.006979183277195673,
      0.0,
      0.0,
      0.0025859240009215374,
      0.0,
      0.0,
      0.009847631824297957,
      0.008500556513856046,
      0.017700433712360703,
      0.00416223715800043,
      0.0035168326284058743,
      0.0,
      0.0,
      0.0,
      0.0003615193413031873,
      0.0,
      0.0,
      0.0,
      0.010640634218233873,
      0.0,
      0.0,
      0.009345412262916063,
      0.0,
      0.0013954232843123738,
      0.007913312310891433,
      0.0,
      0.0,
      0.006063060579284402,
      0.005856355934002162,
      0.010755300324676028,
      0.0012671013566264882,
      0.015312323438246388,
      0.0015156407591719176,
      0.0,
      0.0006403597490368448,
      0.008452888020943579,
      0.00715504225916704,
      0.0009473767486521605,
      0.0,
      0.00667880556383071,
      0.0,
      0.0,
      0.001840835683881697,
      0.0,
      0.0004948053630539699,
      0.006682967289084271,
      0.0,
      0.01368376281352031
    ],
    "low_data": false
  },
  "250000": {
    "median": 0.00038332696670465515,
    "p90": 0.011089859130399438,
    "p10": 0.0,