{
  "100000": {
    "median": 0.0,
    "p90": 0.009977173489382945,
    "p10": 0.0,
    "sample": [
      9.044336884211421e-05,
      9.049240879333031e-05,
      0.0014104452958028373,
      0.0,
      0.0008204450997559809,
      0.006397222109688706,
      0.009212636365233198,
      0.009782364107223433,
      0.00013370282923271242,
      0.02025997403280548,
      0.002414355208450235,
      0.002508055072124543,
      0.007768315884674604,
      0.0,
      0.0,
      0.0,
      0.009201022468378598,
      0.011455298107138277,
      0.0,
      0.0,
      0.0,
      0.0,
      0.00598075508781899,
      0.0,
      0.0,
      0.0,
      0.0005635824125226985,
      0.0,
      0.0,
      0.0,
      0.00251547832818047,
      0.014869660198529564,
      0.002582942154813046,
      0.0005912406080761906,
      0.007043224457857657,
      0.003204614347234179,
      0.0,
      0.0,
      0.0,
      0.0,
      0.02255865157753339,
      0.01003771374492086,
      0.004135425467662512,
      0.002577832654969987,
      0.0,
      0.0,
      0.009620928391219497,
      0.013107780327887774,
      0.0,
      0.0,
      0.0,
      0.0061874438965810775,
      0.010231707332591121,
      0.00018947666033998712,
      0.002764143025148094,
      0.014281818646866605,
      0.0,
      0.0,
      0.0,
      0.0,
      0.0,
      0.01663899838454515,
      0.0,
      0.013827940860165124,
      0.009970446794323178,
      0.01577843268815236,
      0.0,
      0.005370274498712645,
      0.002072772077091977,
      8.753322892023657e-05,
      0.005705502811565511,
      0.014833284349446273,
      0.0035133525496889645,
      0.0,
      0.0,
      0.0034924644168174957,
      0.0,
      0.0,
      0.00804259188579168,
      0.004663639202605903,
      0.006354363425280214,
      0.0,
      0.0,
      0.0,
      0.0,
      0.006611776626578617,
      0.0,
      0.0,
      0.005231322307402899,
      0.0,
      0.0,
      0.0,
      0.0011927947887919814,
      0.0017015814611342772,
      0.0023214942110251265,
      0.0,
      0.007768357341255585,
      0.0015506398534938402,
      0.0022302105004120857,
      0.0007429188066142088,
      0.0022274884782931496,
      0.0,
      0.0,
      0.0057090444151707016,
      0.0,
      0.0,
      0.0,
      0.004133909434022406,
      0.0011572203342901345,
      0.0,
      0.0,
      0.0,
      0.0,
      0.0035663832337386433,
      0.014731070027099507,
      0.004061893839471143,
      0.001956589468909325,
      0.0,
      0.0,
      0.002405453328865799,
      0.007669210417843978,
      0.0022108182139751516,
      0.0,
      0.0,
      0.0,
      0.0,
      0.0,
      0.003939242708643562,
      0.0,
      0.0,
      0.0,
      0.005956092060735516,
      0.006908336356149624,
      0.0060352703907238965,
      0.0,
      0.007573998512805064,
      0.0016323936817969303,
      0.0,
      0.005081257590367295,
      0.0,
      0.005507747600643485,
      0.007616659748114334,
      0.0008254030687609926,
      0.022505270782893626,
      0.0,
      0.0,
      0.0011585933735288202,
      0.0,
      0.004655451159581178,
      0.0,
      0.0,
      0.0,
      0.0,
      0.0,
      0.0,
      0.0,
      0.0,
      0.0,
      0.0,
      0.0,
      0.0,
      0.0006466598208285105,
      0.0,
      0.00840187142990844,
      0.0,
      0.011488929721489615,
      0.0,
      0.0,
      0.0,
      0.0,
      0.01643991095468893,
      0.0,
      0.0,
      0.0025828926822257818,
      0.0,
      0.0,
      0.0035852505017116387,
      0.010466858397404898,
      0.0,
      0.0,
      0.006920832472856977,
      0.004340680118492359,
      0.0,
      0.0,
      0.0,
      0.0,
      0.007874683153371214,
      0.005212635678127906,
      0.00990757199582864,
      0.0008723466978259124,
      0.008742343532008756,
      0.0,
      0.0,
      0.0,
      0.014989488125840209,
      0.012883414820690355,
      0.0,
      0.0,
      0.0,
      0.017291558342994996
    ],
    "low_data": false
  },
  "250000": {
    "median": 0.0,
    "p90": 0.01015590924224032,
    "p10": 0.0,
    "sample": [
      0.0002063111683107262,
      0.00020642303377702652,
      0.001612385358573007,
      0.0,
      0.0009344237206176719,
      0.00652620408220632,
      0.009366782527724259,
      0.009917522414545639,
      0.000394604540956812,
      0.020502437038102676,
      0.002570746469696329,
      0.0027106208010776846,
      0.007902501107041207,
      0.0,
      0.0,
      0.0,
      0.009361592437408401,
      0.01164038788790932,
      0.0,
      0.0,
      0.0,
      0.0,
      0.006112838916815295,
      0.0,
      0.0,
      0.0,
      0.0007388801762799738,
      0.0,
      0.0,
      0.0,
      0.0026474952877020234,
      0.014974831198785933,
      0.0027167017837272035,
      0.0007515954568002,
      0.007256127170103957,
      0.003306355160383241,
      0.0,
      0.0,
      0.0,
      0.0,
      0.02273878697059104,
      0.010154790855548218,
      0.0042387835632272395,
      0.0027752699576967786,
      0.0,
      0.0,
      0.009738094972257659,
      0.013342798377649675,
      0.0,
      0.0,
      0.0,
      0.00631268899888876,
      0.010367639689048618,
      0.00028343605285516857,
      0.0029401913097412205,
      0.014389098082755722,
      0.0,
      0.0,
      0.0,
      0.0,
      0.0,
      0.01688689923240627,
      0.0,
      0.013931995974338572,
      0.010137905830887658,
      0.015876205353955373,
      0.0,
      0.005500849696214226,
      0.0022619488304412867,
      0.00020639899560478194,
      0.005926188779958328,
      0.014939616560533435,
      0.0036211190449819378,
      0.0,
      0.0,
      0.0036776784144193896,
      0.0,
      0.0,
      0.008145073574595702,
      0.0048819839302339,
      0.006588799065231321,
      0.0,
      0.0,
      0.0,
      0.0,
      0.006799969238335826,
      0.0,
      0.0,
      0.005389047648163052,
      0.0,
      0.0,
      0.0,
      0.0013573638297842273,
      0.0018200041215954415,
      0.002507803201579853,
      0.0,
      0.007957033430757198,
      0.0017758115986895881,
      0.002381565047624464,
      0.0009390530451002703,
      0.0023517616640555193,
      0.0,
      0.0,
      0.005956092120960351,
      0.0,
      0.0,
      0.0,
      0.004416768239867006,
      0.0013502339015171241,
      0.0,
      0.0,
      0.0,
      0.0,
      0.0038426806701054033,
      0.014865712065766644,
      0.00429148293040813,
      0.0021745727551315194,
      0.0,
      0.0,
      0.002588194132131403,
      0.00786548275637496,
      0.0023910107714595415,
      0.0,
      0.0,
      0.0,
      0.0,
      0.0,
      0.004207851393903557,
      0.0,
      0.0,
      0.0,
      0.006078559844850381,
      0.007044846986000654,
      0.006248945910111805,
      0.0,
      0.007775757918008539,
      0.0018841141240753011,
      0.0,
      0.005232746885920916,
      0.0,
      0.00569652588828585,
      0.00788331761692355,
      0.0009486437006891087,
      0.02273977453823226,
      0.0,
      0.0,
      0.0013395963915936887,
      0.0,
      0.004928020738127575,
      0.0,
      0.0,
      0.0,
      0.0,
      0.0,
      0.0,
      0.0,
      0.0,
      0.0,
      0.0,
      0.0,
      0.0,
      0.0007770300022578556,
      0.0,
      0.008522770292719951,
      0.0,
      0.011618561201230228,
      0.0,
      0.0,
      0.0,
      0.0,
      0.016696947065505355,
      0.0,
      0.0,
      0.002712840217393183,
      0.0,
      0.0,
      0.003715012279224244,
      0.010625051086958872,
      0.0,
      0.0,
      0.007034919273066449,
      0.004473938047022295,
      0.0,
      0.0,
      0.0,
      0.0,
      0.008127745856827379,
      0.005362229872382744,
      0.01016597472246923,
      0.0010243866138443202,
      0.008916158674807332,
      0.0,
      0.0,
      0.0,
      0.01521418876965113,
      0.013163310399454531,
      0.0,
      0.0,
      0.0,
      0.017506108121871543
    ],
    "low_data": false
  },