{
  "100000": {
    "median": 0.0,
    "p90": 0.009463280286767949,
    "p10": 0.0,
    "sample": [
      0.00018827920000635243,
      0.0001247593889293503,
      0.003328030206580207,
      0.015055658361797368,
      0.006707349957243934,
      0.006584048865163305,
      0.012789159070360413,
      0.00965304815378102,
      0.0,
      0.0006195376438043083,
      0.0,
      0.004638276524422631,
      0.0,
      0.005551608404006306,
      0.005477581014275382,
      0.0,
      0.0,
      0.0,
      0.0,
      0.008775125003863602,
      0.0073890620739774805,
      0.004195934623412642,
      0.009217929648769692,
      0.005279722544554228,
      0.0002930160430073267,
      0.0,
      0.000142079981150082,
      0.0,
      0.0,
      0.0,
      0.0,
      0.0,
      0.0057102774406195085,
      0.0,
      0.0,
      0.013900517811445719,
      0.0,
      0.0,
      0.00010930817645317419,
      0.0008992099184112114,
      0.0,
      0.0,
      0.0,
      0.009442194968210943,
      0.006841786002111138,
      0.0,
      0.0,
      0.003491954555710869,
      0.0029651237405969523,
      0.006015365710250029,
      0.007059090389156991,
      0.0,
      0.0,
      0.0,
      0.003686649102605765,
      0.001762596403851832,
      0.003454686871225391,
      0.0,
      0.0,
      0.0,
      0.0,
      0.0,
      0.002549841570251682,
      0.0031754737425133167,
      0.0024497875131082023,
      0.0004811074435159412,
      0.0,
      0.003481167954562171,
      0.005514255559544748,
      0.0,
      0.0,
      0.005589470985433252,
      0.0,
      0.008515320359040533,
      0.0,
      0.0024615774689349707,
      0.018321544344623252,
      0.0,
      0.0006144299862100017,
      0.0,
      0.0,
      0.0,
      0.0,
      0.0,
      0.0,
      0.0,
      0.0,
      0.0,
      0.02451477734335032,
      0.0,
      0.008584163293749357,
      0.0,
      0.0,
      0.012358785990357227,
      0.0,
      0.004246608883529771,
      0.0036735611818494635,
      0.01201451481440677,
      0.008843015948438287,
      0.004207058119467242,
      0.010938902473614556,
      0.0,
      0.0014467929647398732,
      0.0,
      0.007079483998189174,
      0.00772407589885659,
      0.0,
      0.0,
      0.0,
      0.008031880275534758,
      0.0,
      0.0007310132545275645,
      0.0,
      0.0,
      0.005372625020249724,
      0.005865061311823101,
      0.003366230293997718,
      0.0,
      0.0,
      0.008672330506875346,
      0.0041285349636066716,
      0.0,
      0.0051443854849167565,
      0.0,
      0.0,
      0.0114600281530189,
      0.0,
      0.0,
      0.0,
      0.0,
      0.0,
      0.0,
      0.003665319718612233,
      0.0,
      0.003921841521993702,
      0.015286858430218972,
      9.78128052251157e-05,
      0.010825123457225697,
      0.0036900707799570535,
      0.00478764109452382,
      0.0,
      0.005800716977557474,
      0.0,
      0.015428688288931923,
      0.004842414837044184,
      0.0,
      0.0033501420620065106,
      0.0056673904331539775,
      0.009408758350945417,
      0.008851113405929208,
      0.0047554620276373,
      0.0,
      0.007661971608377481,
      0.0033707424288633337,
      0.0,
      0.0,
      0.01784162361763661,
      0.0026600933501268425,
      0.0,
      0.0022760903880284775,
      0.007466529983022254,
      0.006420123860889095,
      0.0,
      0.0,
      0.001395795474412681,
      0.0009962669323963598,
      0.0,
      0.0,
      0.00562423985620605,
      0.013662824233649985,
      0.00021926826425287262,
      0.0,
      0.0,
      0.0,
      0.0,
      0.0,
      0.009946436990036387,
      0.0,
      0.0,
      0.0,
      0.0,
      0.007975478485242481,
      0.0,
      0.016324475022167544,
      0.0,
      0.0,
      0.0,
      0.0,
      0.0041445193808211725,
      0.01532511405892632,
      0.01554167908542799,
      0.0,
      0.0,
      0.007385449584726068,
      0.018590123724779493,
      0.0,
      0.0,
      0.0,
      0.0,
      0.0
    ],
    "low_data": false
  },
  "250000": {
    "median": 0.0,
    "p90": 0.009635244552122491,
    "p10": 0.0,