{
  "100000": {
    "median": 0.00014841039615328023,
    "p90": 0.01126314736409282,
    "p10": 0.0,
    "sample": [
      0.00011366382786666824,
      0.00015728753372578315,
      0.0,
      0.0022140747511672095,
      0.0040924285244864295,
      0.0031991016480380366,
      0.002881428755342649,
      0.005786434249353909,
      0.004581964196186907,
      0.0,
      0.0,
      0.0016259374064643858,
      0.0,
      0.0,
      0.0023253991954104315,
      0.0,
      0.00331129451035255,
      0.0,
      0.0,
      0.005446833947539684,
      0.0,
      0.0,
      0.007181119838763971,
      0.0,
      0.0,
      0.0,
      0.0,
      0.022541361587583388,
      0.0,
      0.0,
      0.0,
      0.016642375841144738,
      0.0,
      0.0,
      0.0,
      0.01728927044201019,
      0.007546223161403519,
      0.004931372935156079,
      0.008395501475261476,
      0.01124912525485812,
      0.020339318224368262,
      0.0,
      0.0,
      0.0,
      0.014985256626589824,
      0.0,
      0.007577702732340893,
      0.0,
      0.0,
      0.007739329504488721,
      0.0,
      0.00689355004127574,
      0.0,
      0.0,
      0.0,
      0.0,
      0.001329998149552148,
      0.0,
      0.014358739048574863,
      0.0,
      0.0,
      0.0,
      0.01236472137045462,
      0.0,
      0.024436267161209026,
      0.0,
      0.0,
      0.0050680152920392855,
      0.01138934634720513,
      0.0,
      0.0,
      0.003641312397601929,
      0.001379611924061731,
      0.004689614475187257,
      0.0028205493062666894,
      0.0,
      0.005887349021358966,
      0.0028419865582261948,
      0.004395787213053883,
      0.002400030867057425,
      0.0,
      0.0,
      0.0,
      0.014813037483827238,
      0.007175567709181309,
      0.00019453385174506547,
      0.008701659005360123,
      0.0,
      0.008386801286477704,
      0.0007790710370801028,
      0.0,
      0.007859140872875032,
      0.0,
      0.0027347326576083256,
      0.0,
      0.012371291495564166,
      0.003916267903146821,
      0.007428004857702411,
      0.0,
      0.0,
      0.0,
      0.0028833031642246576,
      0.0063461063322685415,
      0.0007384460952130316,
      0.005466707064227182,
      0.0006665380143067467,
      0.0,
      0.009223074025195807,
      0.014014328750933138,
      0.01306579877051839,
      0.0,
      0.007929771391305676,
      0.0,
      0.0,
      0.0,
      0.003789854797505597,
      0.0,
      0.003943020814232167,
      0.006055914052327474,
      0.0,
      0.007964811977765046,
      0.008034460364081931,
      0.0,
      0.0,
      0.007457203371695274,
      0.0,
      0.006992583651843591,
      0.0029721378790339456,
      0.0022482987441549245,
      0.0,
      0.003666452432255519,
      0.0,
      0.0,
      0.006773610489593915,
      0.00011803223992146663,
      0.005005086374543804,
      0.0,
      0.0,
      0.023066649745171235,
      0.012425000276902447,
      0.0,
      0.0,
      0.0,
      0.0,
      0.0,
      0.0,
      0.012675373092501063,
      0.0,
      0.0,
      0.01627201142993635,
      0.0,
      0.006696851972611642,
      0.008829803244018398,
      0.004052881674161832,
      0.0,
      0.0,
      0.0,
      0.0,
      0.015527978258121623,
      0.0049142972087338034,
      0.01888218536995219,
      0.0,
      0.014256344057072122,
      0.0,
      0.0,
      0.0,
      0.0006348962639940852,
      0.0,
      0.00460396781368115,
      0.0,
      0.0,
      0.006243612356808679,
      0.00226175124530752,
      0.004505607091677634,
      0.0,
      0.0,
      0.007629400531512306,
      0.0,
      0.005602533480822088,
      0.0,
      0.0012064790410173968,
      0.0,
      0.004080278085196317,
      0.009074157351854876,
      0.0,
      0.00023204487407777762,
      0.0,
      0.00013953325858077735,
      0.0005509575365851137,
      0.0,
      0.00866588115897507,
      0.0,
      0.0,
      0.0042783212668516,
      0.008251615134285763,
      0.005138166146805428,
      0.0033354634126442264,
      0.0038831021159665656,
      0.004135966173754719,
      0.0
    ],
    "low_data": false
  },
  "250000": {
    "median": 0.0002872707314943442,
    "p90": 0.011384382982323098,
    "p10": 0.0,