{
  "100000": {
    "median": 0.0006986604119793351,
    "p90": 0.010848125984648006,
    "p10": 0.0,
    "sample": [
      0.00016062625072336606,
      0.00010601854860125123,
      0.0038494029721882882,
      0.009332746577740747,
      0.0040163820210508345,
      0.003675143841769371,
      0.003120947168003454,
      0.0021997081501515287,
      0.012329166470541483,
      0.003464898635297859,
      0.015783401250787355,
      0.0,
      0.0,
      0.008428675863272542,
      0.0,
      0.0,
      0.008582988081225417,
      0.0,
      0.003084522227859499,
      0.0,
      0.005339803695412386,
      0.0064073483839540805,
      0.0014046411779102632,
      0.0,
      0.0,
      0.0,
      0.0,
      0.0,
      0.0,
      0.0,
      0.013600275273482234,
      0.00039459528010756006,
      0.0,
      0.0,
      0.0,
      0.0024150072755030894,
      0.0,
      0.0036488658043389256,
      0.0065476413439806095,
      0.0,
      0.0,
      0.0035504692543722287,
      0.012030649974361911,
      0.0,
      0.025225520062001548,
      0.0,
      0.0,
      0.02358654457504538,
      0.0,
      0.0018239426879625021,
      0.0,
      0.0,
      0.007630010335474882,
      0.015554025423488186,
      0.0013266971954270946,
      0.0,
      0.0,
      0.003733763552897557,
      0.006280214134050042,
      0.0,
      0.0,
      0.009643769551006652,
      0.0,
      0.0,
      0.0,
      0.004412302523707128,
      0.00581267682730787,
      0.00212946687460266,
      0.0002941375986339371,
      0.0,
      0.0015144072040527059,
      0.0,
      0.00864147355324198,
      0.003578765653645221,
      0.0,
      0.0,
      0.00233953885008047,
      0.0,
      0.015342778239939575,
      0.0,
      0.0009295733190973709,
      0.0,
      0.0,
      0.00453896673375654,
      0.0,
      0.0036907884381380406,
      0.0,
      0.0,
      0.0,
      0.02431617647062041,
      0.0,
      0.00021091922804018106,
      0.009972952759447542,
      0.014654728219912738,
      0.006311612151049172,
      0.0,
      0.0,
      0.0,
      0.001894772217782862,
      0.010866341929032283,
      0.0027906474280454826,
      0.019429951628628005,
      0.0,
      0.0004677475048612994,
      0.007499751703826207,
      0.008246477120051953,
      0.0,
      0.0,
      0.0,
      0.0027961181245641864,
      0.0,
      0.0,
      0.0,
      0.0065581521832798,
      0.0,
      0.0,
      0.0,
      9.742242486341789e-05,
      0.006107109117524371,
      0.0,
      0.0010310646228804934,
      0.004355791847014746,
      0.0,
      0.0,
      0.0,
      0.0053758088366227886,
      0.007098862942035295,
      0.012724316803875046,
      0.0,
      0.0,
      0.02540381712981086,
      0.007316511231859693,
      0.006299484458575877,
      0.010143880004421256,
      0.004442434014878913,
      0.018949970116633144,
      0.002202001950238349,
      0.0,
      0.0,
      0.0,
      0.002896890405950583,
      0.00430407813292795,
      0.015452565519358741,
      0.01977170078582476,
      0.0,
      0.0011462286542168923,
      0.0,
      0.0010881856265680442,
      0.0,
      0.009316137569946599,
      0.0036531464086791733,
      0.0,
      0.0,
      0.0,
      0.005652106408201903,
      0.0,
      0.00816574593522208,
      0.007039821876508744,
      0.0033655086264309077,
      0.0,
      0.004722667635842759,
      0.008988046879554698,
      0.00532089239414287,
      0.023604548912199236,
      0.0,
      0.013012736245216892,
      0.006443959887492133,
      0.0,
      0.0,
      0.0,
      0.007091604586989947,
      0.01084610199082753,
      0.0,
      0.0,
      0.005765650457228686,
      0.003726360354104756,
      0.0014649819261626218,
      0.0,
      0.0,
      0.0,
      0.0,
      0.009823091279778122,
      0.0042718433693327545,
      0.0,
      0.0,
      0.007208738908547895,
      0.006659144311237662,
      0.007821774779156285,
      0.0,
      0.005011000602192474,
      0.0051743050689489235,
      0.016753024013708734,
      0.009286626207163362,
      0.0,
      0.003118905595304643,
      0.0,
      0.0,
      0.0,
      0.002113058285074236,
      0.0
    ],
    "low_data": false
  },
  "250000": {
    "median": 0.0008856025569014171,
    "p90": 0.010994984427569012,
    "p10": 0.0,