{
  "100000": {
    "median": 0.0010949393149352646,
    "p90": 0.012657545734729764,
    "p10": 0.0,
    "sample": [
      0.0002018713866839861,
      9.073765036375604e-05,
      0.00033997739395406673,
      0.0018424437848001832,
      0.0,
      0.0033864100617097804,
      0.005672929422562255,
      0.0029507428727039223,
      0.0,
      0.0,
      0.012650092948642014,
      0.0,
      0.0,
      0.0016766133043088348,
      0.002111078156447765,
      0.0008248425499029311,
      0.008902206576881615,
      0.009736650090383443,
      0.0,
      0.0,
      0.0,
      0.0,
      0.006660493366519818,
      0.0036114688237329027,
      0.0,
      0.014559634020510007,
      0.0,
      0.0034484844869191985,
      0.0,
      0.005251563017488663,
      0.0,
      0.0,
      0.016091147387853843,
      0.004112903131265627,
      0.012724620809519515,
      0.0,
      0.013653072938795427,
      0.0,
      0.01636102235513348,
      0.01487277307883209,
      0.0,
      0.0,
      0.010504680574096923,
      0.012396541148342464,
      0.003910801844018704,
      0.0,
      0.0,
      0.0,
      0.0,
      0.0,
      0.0,
      0.017563418885776977,
      0.0,
      0.011601418677156632,
      0.0006822820924610116,
      0.009437194405958374,
      0.004402335394967436,
      0.0,
      0.0,
      0.007163882637790729,
      0.004342987164430907,
      0.0,
      0.007811682569902143,
      0.002909821578565343,
      0.0030362159677791876,
      0.0002779097145439235,
      0.005030126992704554,
      0.0,
      0.0,
      0.0,
      0.0,
      0.010852981261973229,
      0.018600627045331754,
      0.0,
      0.00314229747631818,
      0.0,
      0.0,
      0.0,
      0.0,
      0.019493383021300426,
      0.011491670710683388,
      0.0,
      0.013076500424416772,
      0.0014341433596121256,
      0.0,
      0.008667877587330399,
      0.0031131853204975518,
      0.0,
      0.0015703147854697476,
      0.0008984655245635602,
      0.0038440807925206543,
      0.0,
      0.010402381378542267,
      0.0,
      0.013805068270783306,
      0.0,
      0.006412777607288226,
      5.773881564430787e-05,
      0.0,
      0.001752528597737107,
      0.002385949209716535,
      0.013330264579672011,
      0.0,
      0.0,
      0.0,
      0.012424429783704435,
      0.0,
      0.0023942410519029954,
      0.005231043261081495,
      0.00117100731390901,
      0.0,
      0.009481308390944873,
      0.017930287432562742,
      0.0,
      0.0003624107289558991,
      0.0,
      0.0014509771209759317,
      0.0,
      0.02707948033850628,
      0.010853078135507763,
      0.007041510781600702,
      0.0,
      0.0032070827941571315,
      0.0,
      0.012104648535766925,
      0.0,
      0.0067013965154378305,
      0.0015007843708466596,
      0.0,
      0.0,
      0.0,
      0.0,
      0.028036738504283412,
      5.560708119534759e-05,
      0.0,
      0.006891233932816507,
      0.009167303801581872,
      0.0,
      0.0,
      0.0,
      0.001018871315961519,
      0.0024130767150989238,
      0.016846702052540984,
      0.0,
      0.003297711684384426,
      0.0,
      0.004607534203860707,
      0.010438709276846286,
      0.0014060584486013637,
      0.0,
      0.007830229195449895,
      0.0,
      0.007448624469644105,
      0.0,
      0.0,
      0.004785333078121607,
      0.001945729760124246,
      0.0,
      0.008385012778296185,
      0.0,
      0.0,
      0.0034517475823999063,
      0.006992212512965206,
      0.007970253320611815,
      0.0208141924720949,
      0.016561846120999885,
      0.0,
      0.0027631448346133887,
      0.0013833656607003565,
      0.0,
      0.0,
      0.0,
      0.003845352892833765,
      0.0038470320679219383,
      0.0,
      0.0014918728746801866,
      0.0,
      0.0,
      0.0,
      0.0,
      0.0012643341919529535,
      0.00024707899129390847,
      0.01222489645307773,
      0.0,
      0.0018112550722079808,
      0.01428498806137165,
      0.012374511304382123,
      0.017101341562401735,
      0.012409674742374978,
      0.010233946171594375,
      0.0,
      0.011135017893644161,
      0.004217657125201915,
      0.011988335053828595,
      0.0,
      0.0,
      0.0,
      0.0,
      0.0,
      0.011795375206684883
    ],
    "low_data": false
  },
  "250000": {
    "median": 0.0012393681617805243,
    "p90": 0.012802640771022406,
    "p10": 0.0,