{
  "100000": {
    "median": 0.0,
    "p90": 0.010854786661087556,
    "p10": 0.0,
    "sample": [
      0.00012052235851866308,
      8.282326448208503e-05,
      0.0,
      0.0,
      0.0077028266059477385,
      0.0,
      0.0,
      0.0,
      0.004024127861785145,
      0.008518025768282035,
      0.0,
      0.014411766730745018,
      0.0,
      0.006287507980698981,
      0.011769349432348569,
      0.0,
      0.0020475236434213786,
      0.012845225863115777,
      0.0,
      0.0,
      0.0,
      0.0,
      0.011585264087244546,
      0.007150946317115624,
      0.0018375521283061265,
      0.0,
      0.014184122958575308,
      0.0,
      0.009856717696402601,
      0.009999994636281019,
      0.0,
      0.0,
      0.008879854198917578,
      0.0,
      0.007369483286395691,
      0.00810629775897358,
      0.0,
      0.0,
      0.0,
      0.0,
      0.0,
      0.0,
      0.013170466832220888,
      0.009471582648290592,
      0.0,
      0.0026745179724226484,
      0.0,
      0.0,
      0.0,
      0.015810850691704043,
      0.0,
      0.0,
      0.0,
      0.011329510868487698,
      0.01282675685919167,
      0.009205018927956738,
      0.0,
      0.0,
      0.0,
      0.005013115806388598,
      0.013026195586206987,
      0.0,
      0.0,
      0.0,
      0.008901948922167245,
      0.0,
      0.0,
      0.02497708925528062,
      0.007870659691139094,
      0.0,
      0.0,
      0.0026608115213300524,
      0.010049294837719646,
      0.0,
      0.0029731827695615286,
      0.0,
      0.002124099521363333,
      0.010318294338558388,
      0.008558839376776912,
      0.002871176017304382,
      0.0,
      0.013440324888212016,
      0.004036710484735198,
      0.00845053528366474,
      0.0,
      0.007430767488541993,
      0.0,
      0.01346057899337992,
      0.0,
      0.0,
      0.0,
      0.0,
      7.757148498134795e-05,
      0.00822632181695143,
      0.007112357174328969,
      0.0036363198626107956,
      0.0015250048458919198,
      0.02414618164085376,
      0.0,
      0.0,
      0.0,
      0.0034641921701780124,
      0.006325935703100022,
      0.0,
      0.01579187318513511,
      0.0,
      0.0060041533539510255,
      0.0,
      0.0,
      0.0,
      0.007904147009054098,
      0.0019204228580208512,
      0.0,
      0.006085656188564144,
      0.006619085460343692,
      0.0,
      0.0,
      0.008362223315100776,
      0.0,
      0.0,
      0.0,
      0.0014305365032216857,
      0.012426057620545853,
      0.0,
      0.0,
      0.0,
      0.006165783656403476,
      0.0,
      0.0,
      0.010129449420117028,
      0.011301548395367516,
      0.0,
      0.0,
      0.0,
      0.01476024265989437,
      0.0014939853642845695,
      0.0,
      0.0025315191775837375,
      0.0023745313512686314,
      0.0021408345371643797,
      0.0019816132830770177,
      0.0,
      0.0,
      0.008502356129082315,
      0.001900665997546344,
      0.0,
      0.007475451141479508,
      0.009179049845304058,
      0.0010525173779539195,
      0.00013113080412151428,
      0.01854937105917678,
      0.0,
      0.0,
      0.0001915095428608094,
      0.0,
      0.0055786061860586,
      0.0,
      0.0,
      0.0,
      0.005081527549865536,
      0.0,
      0.0,
      0.005321423268913178,
      0.002550259395784132,
      0.0,
      0.0,
      0.002325559452902205,
      0.0033775104614372476,
      0.004565438972780019,
      0.0,
      0.0,
      0.0045591298188743315,
      0.0,
      0.008581740220504275,
      0.0,
      0.0,
      0.0,
      0.010142415393970433,
      0.0073225021787859884,
      0.0,
      0.0,
      0.0,
      0.0,
      0.0,
      0.0,
      0.0,
      0.0,
      0.006476223655307649,
      0.010805146468389787,
      0.0,
      0.0015067980546797201,
      0.015540408525558198,
      0.0,
      0.0,
      0.0071876439492035375,
      0.0,
      0.0,
      0.0,
      0.0,
      0.0
    ],
    "low_data": false
  },
  "250000": {
    "median": 0.0,
    "p90": 0.011061474395659873,
    "p10": 0.0,
    "sample": [
      0.00027492461760194133,
      0.000188928880882759,
      0.0,
      0.0,
      0.007849052366952937,
      0.0,
      0.0,
      0.0,
      0.004160123148126831,
      0.008678131325957971,
      0.0,
      0.014554284602587269,
      0.0,
      0.006431097318923524,
      0.011986169051417434,
      0.0,
      0.0022056629911701288,
      0.012942492897864578,
      0.0,
      0.0,
      0.0,
      0.0,
      0.011719929552814421,
      0.007398536445150556,
      0.0019484708577376308,
      0.0,
      0.014324051727217903,
      0.0,
      0.0100318156513842,
      0.010117662265581192,
      0.0,
      0.0,
      0.00900803488565603,
      1.937587936671166e-05,
      0.007483521057187222,
      0.00824551283139969,
      0.0,
      0.0,
      0.0,
      0.0,
      0.0,
      0.0,
      0.013345066029142497,
      0.009580886638919994,
      0.0,
      0.0028186250790208545,
      0.0,
      0.0,
      0.0,
      0.015931047148253615,
      0.0,
      0.0,
      0.0,
      0.011529506671387727,
      0.013006395144284505,
      0.009355406299742497,
      0.0,
      0.0,
      0.0,
      0.005163706838282218,
      0.013146092913547123,
      0.0,
      0.0,
      0.0,
      0.009082711737147232,
      0.0,
      0.0,
      0.02513083712113529,
      0.008107402824619709,
      0.0,
      0.0,
      0.0027724788995885387,
      0.010293344739802101,
      0.0,
      0.003255279110169315,
      0.0,
      0.002359224970330444,
      0.010444432215718997,
      0.008721576150179723,
      0.0029970028406611183,
      0.0,
      0.013583900192524093,
      0.004289631653564631,
      0.008704098745131643,
      0.0,
      0.00759052352012108,
      0.0,
      0.013658435103160529,
      0.0,
      0.0,
      0.0,
      0.0,
      0.0002885998756661224,
      0.008411630570484406,
      0.007219892507712542,
      0.003746645286393636,
      0.0017158688545397653,
      0.024268534173357673,
      0.0,
      0.0,
      0.0,
      0.0037367550619191296,
      0.006515286099373342,
      0.0,
      0.015970622258654116,
      0.0,
      0.0061454579593895895,
      0.0,
      0.0,
      0.0,
      0.008015382440846701,
      0.0020656024462963976,
      0.0,
      0.006204461250954901,
      0.006743596668251769,
      0.0,
      0.0,
      0.008489359943940573,
      0.0,
      0.0,
      0.0,
      0.0015392923915570561,
      0.01254842349709573,
      0.0,
      0.0,
      0.0,
      0.006295397842006408,
      0.0,
      0.0,
      0.010326508761337781,
      0.011430190646324659,
      0.0,
      0.0,
      0.0,
      0.015000202638174854,
      0.0016251911518807703,
      0.0,
      0.0027538568240519073,
      0.002589936757976757,
      0.0023039975438379446,
      0.002077996839070443,
      0.0,
      0.0,
      0.00861535583692644,
      0.002004732043344054,
      0.0,
      0.007599356301312256,
      0.00929033824347212,
      0.0012417355701225745,
      0.0002806452661207466,
      0.018679380965658462,
      0.0,
      0.0,
      0.0002902402495250369,
      0.0,
      0.005690362958624389,
      0.0,
      0.0,
      6.31806976783052e-05,
      0.005207219587709008,
      0.0,
      0.0,
      0.005548065133218048,
      0.0026873296993784345,
      0.0,
      0.0,
      0.002443335314220295,
      0.003633227935956425,
      0.004692781020126145,
      0.0,
      0.0,
      0.004769882685732688,
      0.0,
      0.008753283812650023,
      0.0,
      0.0,
      0.0,
      0.010439456159292896,
      0.007530884402840214,
      0.0,
      0.0,
      0.0,
      0.0,
      0.0,
      0.0,
      0.0,
      0.0,
      0.006710149666319586,
      0.011020505923363788,
      0.0,
      0.0016542603196441044,
      0.015649728860068404,
      0.0,
      0.0,
      0.007416248896741154,
      0.0,
      0.0,
      0.0,
      0.0,
      0.0
    ],
    "low_data": false
  },
  "500000": {
    "median": 0.0,
    "p90": 0.011380206393873094,
    "p10": 0.0,