{
  "100000": {
    "median": 0.0,
    "p90": 0.012207580017313651,
    "p10": 0.0,
    "sample": [
      0.0001239101186018866,
      0.00016065492977088147,
      0.0,
      0.0,
      0.010237775619769967,
      0.00964499829785178,
      0.0217830735428036,
      0.0,
      0.0,
      0.0,
      0.0,
      0.0,
      0.0,
      0.001856166380030389,
      0.0,
      0.00384592350702071,
      0.0,
      0.003583877039726044,
      0.0,
      0.0,
      0.0,
      0.0,
      0.0,
      0.011326889174662298,
      0.0038070331856373896,
      0.0,
      0.004762554425683955,
      0.0,
      0.0,
      0.0041671028015060904,
      0.0,
      0.011132451642613311,
      0.008884478901174763,
      0.01121351619656185,
      0.011976295513334694,
      0.019170232816097244,
      0.001206086020895121,
      0.005601909763863182,
      0.0,
      0.0,
      0.004948378102624261,
      0.00035912611546449233,
      0.0,
      0.010458728679143336,
      0.0,
      0.0,
      0.0,
      5.27075093363588e-06,
      0.0,
      0.0,
      0.003276778797244473,
      0.0013774978828287885,
      0.0,
      0.020465104589916145,
      0.004429543169169339,
      0.0029892494043347894,
      0.0027305658836600916,
      0.0006650212048411528,
      0.0,
      0.00950215529607324,
      0.0,
      0.0,
      0.0,
      0.015165301243970987,
      0.006328291286490134,
      0.0,
      0.0,
      0.008935992490159585,
      0.0,
      0.0018057486244993234,
      0.0052920067731773,
      0.0,
      0.0005480923981261126,
      0.017465250569002423,
      0.006772359865943022,
      0.0,
      0.01208298479513012,
      0.0008290906098311239,
      0.0009897099316839347,
      0.0,
      0.0,
      0.0,
      0.0,
      0.017398634095335205,
      0.009425586462678584,
      0.0029532621543001646,
      0.014332778498018584,
      0.0,
      0.0024072836929213484,
      0.002594581277004825,
      1.471319815398353e-06,
      0.010515624852026667,
      0.01574430235282557,
      0.0031004440844431104,
      0.0,
      0.0,
      0.0,
      0.0,
      0.00040918657017234377,
      0.0,
      0.0,
      0.0,
      0.007765779126323923,
      0.005343897436463653,
      0.0,
      0.0,
      0.0049433098379617684,
      0.0,
      0.0,
      0.0,
      0.0,
      0.015725987266937316,
      0.014605914382784267,
      0.0,
      0.0,
      0.0035798453509847277,
      0.013328937016965504,
      0.017940430123167986,
      0.0,
      0.01538774119288732,
      0.01765606352820145,
      0.0014239682904519267,
      0.0,
      0.00629285110699646,
      0.0,
      0.014957555042685018,
      0.0,
      0.003540366998022815,
      0.01356381124897761,
      0.0,
      0.0023013210195373004,
      0.0,
      0.005004213161687939,
      0.0,
      0.022124895298051218,
      0.0,
      0.0,
      0.0,
      0.004266696389862905,
      0.013478617408566124,
      0.0,
      0.014230512012777956,
      0.0,
      0.0,
      0.009033026690384326,
      0.0,
      0.0,
      0.0,
      0.0,
      0.0,
      0.009919182672195785,
      0.0,
      0.0,
      0.004295859858660298,
      0.0,
      0.0,
      0.005766109229893249,
      0.0,
      0.0,
      0.0,
      0.003270677628113147,
      0.0,
      0.0,
      0.0,
      0.008968407326113589,
      0.0,
      0.00020570339779977303,
      0.0068684674655685885,
      0.0,
      0.0,
      0.0,
      0.008110314043740218,
      0.0,
      0.0,
      0.0,
      0.015687061913081793,
      0.003076377921502193,
      0.0016957495294320937,
      0.0,
      0.004760818275165798,
      0.0,
      0.0,
      0.0,
      0.0,
      0.0,
      0.0007336861683001723,
      0.008017085911338085,
      0.0011344930193817424,
      0.0,
      0.0,
      0.008045526892123058,
      0.0,
      0.0014928949771410415,
      0.001504785325878491,
      0.0,
      0.0,
      0.008172629157793604,
      0.004478151971535519,
      0.006978807851156004,
      0.0
    ],
    "low_data": false
  },
  "250000": {
    "median": 0.0,
    "p90": 0.01237887099603439,
    "p10": 0.0,
    "sample": [
      0.0002826524670802863,
      0.0003664713807130387,
      0.0,
      0.0,
      0.010383252110211877,
      0.009773935609594268,
      0.02192005090461808,
      0.0,
      0.0,
      0.0,
      0.0,
      0.0,
      0.0,
      0.002131914718346779,
      0.0,
      0.004101488337408568,
      0.0,
      0.0038252139069714984,
      0.0,
      0.0,
      0.0,
      0.0,
      0.0,
      0.011526380083319658,
      0.003997499343882927,
      0.0,
      0.004888056118135507,
      0.0,
      0.0,
      0.004303274102339458,
      0.0,
      0.011319404133472755,
      0.00905912139548127,
      0.011449446837099673,
      0.012111595764297963,
      0.019401047491524673,
      0.001339005439045038,
      0.005774090110944458,
      0.0,
      0.0,
      0.005129459650808424,
      0.0005070340487402324,
      0.0,
      0.010704585720885736,
      0.0,
      0.0,
      0.0,
      0.00016534992758639882,
      0.0,
      0.0,
      0.003430336963001135,
      0.0015226688917880926,
      0.0,
      0.020648177072872198,
      0.0045809078666259155,
      0.0031568925679538477,
      0.0028788786813768214,
      0.0008657453542799465,
      0.0,
      0.0096385652841181,
      0.0,
      0.0,
      0.0,
      0.015411849695422322,
      0.006475387251671029,
      0.0,
      0.0,
      0.009084699859836926,
      0.0,
      0.0019493135136062424,
      0.005471157795348014,
      0.0,
      0.0007738906665769816,
      0.0176378608749483,
      0.006937174221229762,
      0.0,
      0.012244211616698853,
      0.0010954313974740298,
      0.0011207625421188203,
      0.0,
      0.0,
      0.0,
      0.0,
      0.01762639345944168,
      0.009569199021105187,
      0.0030758576408214723,
      0.014545383339855805,
      0.0,
      0.002603371860436506,
      0.0028544725235065673,
      0.00023410016803652236,
      0.01069363818610495,
      0.015907433692731204,
      0.003285876569532573,
      0.0,
      0.0,
      0.0,
      0.0,
      0.0005622591364335608,
      0.0,
      0.0,
      0.0,
      0.007889084605623941,
      0.00556433757878733,
      0.0,
      0.0,
      0.005110848689552518,
      0.0,
      0.0,
      0.0,
      0.0,
      0.015889275193013353,
      0.01473202218945618,
      0.0,
      0.0,
      0.003731800769225679,
      0.013590805410054302,
      0.018115621131331135,
      0.00014038251333565202,
      0.015554260165364684,
      0.017829142406402543,
      0.0015350770149906714,
      0.0,
      0.006451500819106628,
      0.0,
      0.015109151812346856,
      0.0,
      0.0037322982954553123,
      0.013707052733742914,
      0.0,
      0.0024859879871164184,
      0.0,
      0.005215623885733637,
      0.0,
      0.022242665839858726,
      0.0,
      0.0,
      0.0,
      0.0044167596289827245,
      0.013674602409447881,
      0.0,
      0.014339759846386555,
      0.0,
      0.0,
      0.009157666038837055,
      0.0,
      0.0,
      0.0,
      0.0,
      0.0,
      0.010136085519046597,
      0.0,
      0.0,
      0.00445106401704821,
      0.0,
      0.0,
      0.00588882578210158,
      0.0,
      0.0,
      0.0,
      0.003548140656968491,
      0.0,
      0.0,
      0.0,
      0.009128264805532813,
      0.0,
      0.0004214753611914557,
      0.006990573615279662,
      0.0,
      0.0,
      0.0,
      0.008247688424415532,
      0.0,
      0.0,
      0.0,
      0.015878125784851302,
      0.0031886448923989156,
      0.0018152340381187636,
      0.0,
      0.004929590149656173,
      0.0,
      0.0,
      0.0,
      0.0,
      0.0,
      0.0009366653020742387,
      0.008142379312062914,
      0.0012506825446295378,
      0.0,
      0.0,
      0.00824632496491691,
      0.0,
      0.0016227610845275667,
      0.0017477702867692902,
      0.0,
      0.0,
      0.008430901862110629,
      0.004650788989892608,
      0.0071117217612038566,
      0.0
    ],
    "low_data": false
  },