{
  "100000": {
    "median": 0.00022297279608159913,
    "p90": 0.009838981848914404,
    "p10": 0.0,
    "sample": [
      8.630556678562797e-05,
      0.00010122081560847896,
      0.0,
      0.0,
      0.0011641828544952596,
      0.012304121175264675,
      0.0,
      0.0,
      0.007564729253490173,
      0.0,
      0.003197725069849211,
      0.008070261466547508,
      0.0,
      0.0,
      0.007294913490519536,
      0.0,
      0.0,
      0.007016606933528521,
      0.0,
      0.007194823045622676,
      0.0,
      0.0,
      0.011050229724276835,
      0.0,
      0.00442183693923537,
      0.0,
      0.014003261718490553,
      0.0,
      0.0,
      0.0,
      0.0020712618352710477,
      0.01666899469303965,
      0.0018078577857706874,
      0.00025706252913728153,
      0.013594585904634,
      0.0,
      0.005948857425230657,
      0.0,
      0.0,
      0.0,
      0.0,
      0.0034672021442683377,
      0.0028545951777438974,
      0.0002749513917028111,
      0.004148299169382167,
      0.004308946498471408,
      0.0,
      0.0028843517547996033,
      0.007942800080839566,
      0.0,
      0.006418022253073016,
      0.0,
      0.0,
      0.0023679578106069825,
      0.0,
      0.0,
      0.0,
      0.007369213081561146,
      0.0,
      0.0,
      0.005110711898231014,
      0.002838346103399683,
      0.0,
      0.008924363280009175,
      0.009793266470578557,
      0.0,
      0.0,
      0.0011985619150806709,
      0.01605236066055584,
      0.0007878446106975041,
      0.0,
      0.002678191069643038,
      0.00792445336474667,
      0.00810274432161518,
      0.010777892573118966,
      0.0037308905067536453,
      0.0,
      0.008163483013935345,
      0.0009467118947712604,
      0.0,
      0.0,
      0.004788923006835622,
      0.0,
      0.0,
      0.005518418074737927,
      0.007171368724735457,
      0.0,
      0.0,
      0.0,
      0.0,
      0.011017080247213975,
      0.0,
      0.0,
      0.0,
      0.0,
      0.006543848603563514,
      0.00581462581145199,
      0.005325110510149058,
      0.003541657168136435,
      0.0,
      0.0,
      0.0056984114613949375,
      0.009214132471524202,
      0.0,
      0.018220883067486877,
      0.0,
      0.00028672515892937974,
      0.0,
      0.008035436401304278,
      0.0024263994916717234,
      0.006407288230044609,
      0.0015960868834436908,
      0.002539351011511886,
      0.0,
      0.029768570123507664,
      0.0,
      0.0,
      0.0,
      0.004319678876955677,
      0.0,
      0.010250420253937057,
      0.0,
      0.00546139265486145,
      0.0,
      0.022889844993673688,
      0.009236591543460687,
      0.01136765770725644,
      0.004421752045494103,
      0.0,
      0.012764408226467922,
      0.00012454506862074363,
      0.016946669977548415,
      0.00811770148788957,
      0.0,
      0.0,
      0.0,
      0.0,
      0.0,
      0.0026253464873859803,
      0.0,
      0.0,
      0.005486573321738555,
      0.01367259240365967,
      0.004783848714237067,
      0.0,
      0.0,
      0.009639479953164484,
      0.0,
      0.00018888306302591672,
      0.0002796072009475895,
      0.0007213229143371097,
      0.0006366238325316545,
      0.010489845825151157,
      0.0005851418721215562,
      0.0,
      0.000557030579619188,
      0.014831625948128747,
      0.0,
      0.006548148073754541,
      0.018046018211479352,
      0.0,
      0.0,
      0.0,
      0.012055107944850272,
      0.0,
      0.0,
      0.0018164079362985668,
      0.0,
      0.0,
      0.0016097101642901417,
      0.0031285070443162364,
      0.0,
      0.0,
      0.0,
      0.004748346972486648,
      0.0,
      0.0001466129427162731,
      0.0038739705551515857,
      0.0,
      0.002723678770495378,
      0.0,
      0.0,
      0.004591885630536874,
      0.001954784764123406,
      0.0008950997796278343,
      0.0063972020949038385,
      0.0,
      0.0,
      0.002832175978381273,
      0.005061765339201341,
      0.002687346026355478,
      0.0,
      0.0031494358588382365,
      0.0,
      0.0057382031767811955,
      0.0,
      0.002803777437508494,
      0.0,
      0.0,
      0.0
    ],
    "low_data": false
  },
  "250000": {
    "median": 0.00037175892998372656,
    "p90": 0.010002012372656674,
    "p10": 0.0,