{
  "100000": {
    "median": 0.0,
    "p90": 0.009917943691897923,
    "p10": 0.0,
    "sample": [
      9.10327854611095e-05,
      9.358930044819355e-05,
      0.0,
      0.0,
      0.0254985702280364,
      0.019964606641274203,
      0.0009805483780495354,
      0.004365210905983542,
      0.0,
      0.002132163135021928,
      0.0,
      0.00526654332886028,
      0.0,
      0.015832117166604206,
      0.0,
      0.0,
      0.0,
      0.0,
      0.0,
      0.0073705499276447385,
      0.014170465633817055,
      0.001818093412371401,
      0.0,
      0.006262093841961814,
      0.013081109255610335,
      0.013539618958033007,
      0.0,
      0.01571498784698398,
      0.0,
      0.007203289436933403,
      0.0,
      0.0,
      0.0,
      0.011638439574427875,
      0.0,
      0.0009795407139115953,
      0.0,
      0.0,
      0.0,
      0.0,
      0.005460558045122254,
      0.00033227411786905916,
      0.0013822229102316594,
      0.0002796378441746405,
      0.009385247321034936,
      0.0,
      0.0,
      0.0011700381752944617,
      0.0,
      0.0013486530163473133,
      0.004244302930279914,
      0.0,
      0.0,
      0.008796225652335832,
      0.0,
      0.0,
      0.008809736129654326,
      0.0,
      0.0,
      0.0,
      0.0,
      0.0,
      0.0,
      0.0052177473819263725,
      0.0,
      0.0,
      0.018197161262347137,
      0.0,
      0.006260782869782645,
      0.0,
      0.0,
      0.001335497039552108,
      0.0,
      0.0,
      0.0,
      0.0,
      0.0,
      0.009572452096052307,
      0.006326229279120243,
      0.005035713305910648,
      0.0,
      0.0040434718705573925,
      0.0,
      0.0018323632497793802,
      0.010171323724422147,
      0.002065776138952291,
      0.01463591507521819,
      0.005254477277723953,
      0.00511590629002497,
      0.00467003374329781,
      0.0001158758532648892,
      0.017114979862851813,
      0.0,
      0.0052217493251219245,
      0.0009165285825572726,
      0.0,
      0.0,
      0.005144812421613611,
      0.005591512767900974,
      0.003936775880857997,
      0.004024217914370501,
      0.0,
      0.002649987053264276,
      0.0,
      0.006691077859517793,
      0.0,
      0.0,
      0.004188917834444284,
      0.004349453379209139,
      0.0,
      0.0,
      0.0,
      0.0,
      0.0016164964316092937,
      0.00597222551316252,
      0.0,
      0.0014278908228591268,
      0.0,
      0.0,
      0.01278263204649317,
      0.002854368536534473,
      0.0,
      0.01505986232456529,
      0.0,
      0.0,
      0.007844859952002273,
      0.0,
      0.005163536013924934,
      0.0,
      0.0,
      0.0,
      0.0,
      0.0,
      0.0,
      0.009093640359304545,
      0.0,
      0.0,
      0.004774871901631357,
      0.0,
      0.0,
      0.015850425286660218,
      0.004006494670671253,
      0.0,
      0.0,
      0.013619816033949196,
      0.0,
      0.009458336766708443,
      0.0,
      0.0,
      0.012110720612236415,
      0.0032265079439350417,
      0.004629174608269117,
      0.0,
      0.0,
      0.0,
      0.0021658476803389343,
      0.0005943303423492266,
      0.0,
      0.0,
      0.0,
      0.0,
      0.001225876322660402,
      0.0,
      0.0019669566883639303,
      0.0,
      0.006511368082673212,
      0.0,
      0.0,
      0.0,
      0.0,
      0.007437662924373304,
      0.013555829917867607,
      0.010056417072120573,
      0.0,
      0.0,
      0.008302804654685652,
      0.0,
      0.009525487730592103,
      0.013732153038857635,
      0.0,
      0.0,
      0.0017087694852578788,
      0.0022863478323619734,
      0.007789416769595985,
      0.0005087909251557689,
      0.0017919301484599231,
      0.0004991534731505242,
      0.009902557760762074,
      0.0,
      0.0005140063647591608,
      0.003445460555140869,
      0.0,
      0.0,
      0.0017628401535460035,
      0.0027722846337877487,
      0.0,
      0.008357809829041635,
      0.0,
      0.0014995060795919678,
      0.0
    ],
    "low_data": false
  },
  "250000": {
    "median": 0.0,
    "p90": 0.010084520283673562,
    "p10": 0.0,
    "sample": [
      0.0002076556917715778,
      0.00021348738071175793,
      0.0,
      0.0,
      0.02563947528124211,
      0.02008789764475771,
      0.0010875201137333236,
      0.00449526823829139,
      0.0,
      0.0022480216147170748,
      0.0,
      0.005501896957676533,
      0.0,
      0.016050511740388598,
      0.0,
      0.0,
      0.0,
      0.0,
      0.0,
      0.007548261100290391,
      0.014288208521611126,
      0.001957885474651156,
      0.0,
      0.006417668206500606,
      0.013217611539304262,
      0.013807785630103285,
      0.0,
      0.015839592294905728,
      0.0,
      0.007391673075966231,
      0.0,
      0.0,
      0.0,
      0.01181831833575419,
      0.0,
      0.0011992650435648934,
      0.0,
      0.0,
      0.0,
      0.0,
      0.005717579492457505,
      0.000532624530837745,
      0.0015225133542022735,
      0.00044349283389406163,
      0.009554905443490911,
      0.0,
      0.0,
      0.0013169209143633035,
      0.0,
      0.001488195268842932,
      0.004484848979834949,
      0.0,
      0.0,
      0.008919089840136394,
      0.0,
      0.0,
      0.009028186060274229,
      0.0,
      0.0,
      0.0,
      0.0,
      0.0,
      0.0,
      0.005490686871607091,
      0.0,
      0.0,
      0.018326900577648787,
      0.0,
      0.006556665891996158,
      0.0,
      0.0,
      0.0014765167233713298,
      0.0,
      0.0,
      0.0,
      0.0,
      0.0,
      0.009723717752210882,
      0.006487189809999148,
      0.0053396412936157715,
      0.0,
      0.004250864294104709,
      0.0,
      0.0020645063790195465,
      0.010294546323776153,
      0.002211671183417163,
      0.014778088563984985,
      0.0053928388998785,
      0.0053416709862393885,
      0.004824467960805563,
      0.0003054756208525641,
      0.017254601695966553,
      0.0,
      0.005432291446289144,
      0.001054281359730571,
      0.0,
      0.0,
      0.0053081040381971365,
      0.005755296507307903,
      0.004058334503426406,
      0.004174546184086167,
      0.0,
      0.002778048429826975,
      0.0,
      0.0068114517282492305,
      0.0,
      0.0,
      0.004385678106101925,
      0.004542318760072199,
      0.0,
      0.0,
      0.0,
      0.0,
      0.0018617599842018233,
      0.006150161243048117,
      0.0,
      0.001609826269703478,
      0.0,
      0.0,
      0.012922996196803285,
      0.0030358062355186543,
      0.0,
      0.015204516047390499,
      0.0,
      0.0,
      0.007986453172044685,
      0.0,
      0.005348872230280311,
      0.0,
      0.0,
      0.0,
      0.0,
      0.0,
      0.0,
      0.009231919533794677,
      0.0,
      0.0,
      0.0049070019452595705,
      0.0,
      0.0,
      0.016012415729109934,
      0.00418660699871501,
      0.0,
      0.0,
      0.013922365044467215,
      0.0,
      0.009693985109789978,
      0.0,
      0.0,
      0.012279451693154574,
      0.003442560530034009,
      0.004913347490996652,
      0.0,
      0.0,
      0.0,
      0.0023232095304145826,
      0.0008791800862734912,
      0.0,
      0.0,
      0.0,
      0.0,
      0.001359169302830994,
      0.0,
      0.0021220517556517853,
      0.0,
      0.006655205393246362,
      0.0,
      0.0,
      0.0,
      0.0,
      0.007612876596131115,
      0.013722956992684695,
      0.010188549154473646,
      0.0,
      0.0,
      0.008435339429290188,
      0.0,
      0.00973725783864976,
      0.013864644422251418,
      0.0,
      0.0,
      0.0018513585614497363,
      0.0024792148008738633,
      0.007922458681276563,
      0.0006863907697719346,
      0.0019408950058165278,
      0.0006876273277435418,
      0.01007296152025133,
      0.0,
      0.0006808268162022338,
      0.0037050956866959478,
      0.0,
      0.0,
      0.00198808063325725,
      0.002912903831458661,
      0.0,
      0.008517402717574351,
      0.0,
      0.001723365131751507,
      0.0
    ],