{
  "100000": {
    "median": 0.0,
    "p90": 0.012449564092514754,
    "p10": 0.0,
    "sample": [
      0.00017248135972119298,
      7.891490110724706e-05,
      0.0,
      0.0,
      0.007135750897504131,
      0.005582973615202322,
      0.0,
      0.008849606913031336,
      0.01070609754700839,
      0.0,
      0.005483013559390378,
      0.0,
      0.0,
      0.0008417634266510161,
      0.006265561921418974,
      0.011968415763055427,
      0.0,
      0.0,
      0.0056289211542285495,
      0.012610258126266769,
      0.006044338156620106,
      0.028591021170158375,
      0.0,
      0.012286401436968814,
      0.006160871131023467,
      0.0,
      0.008714984315052975,
      0.011635093883259721,
      0.0018523187678522388,
      0.021899373308214662,
      0.01381554242133514,
      0.0016210259081588139,
      0.0,
      0.0,
      0.0,
      0.0,
      0.008294957334016,
      0.0,
      0.012848280322422785,
      0.0,
      0.016075461505393875,
      0.005534780384170615,
      6.514553748941065e-05,
      0.0,
      0.007434970218899269,
      0.008688566629405037,
      0.0,
      0.001538480609889106,
      0.004956282740282079,
      0.0,
      0.011175972689331994,
      0.011170669462416127,
      0.0,
      0.0,
      0.002743694779377868,
      0.012483018811989443,
      0.00030838950514446153,
      0.0,
      0.005437168275993235,
      0.0,
      0.0,
      0.0006199984721063159,
      0.0,
      0.0,
      0.012237090894217095,
      0.0,
      0.0,
      0.0,
      0.0,
      0.0,
      0.0,
      0.0,
      0.0015064266449067725,
      0.008107402412622438,
      0.0,
      0.0007416131290651449,
      0.011816827760778727,
      0.0,
      0.0,
      0.012445846901462011,
      0.0,
      0.0036798080545973914,
      0.0,
      0.0,
      0.0,
      0.0,
      0.0,
      0.00916683863070916,
      0.007717473717162259,
      0.0,
      0.014688649073346872,
      0.0,
      0.016216943657159193,
      0.0,
      0.008503200293856802,
      0.0,
      0.0,
      0.005133747027898753,
      0.0034605532316635667,
      0.0,
      0.008361326315417389,
      0.0,
      0.03080008816735799,
      0.0,
      0.008373044607122626,
      0.002689197085443075,
      0.0,
      0.00011234720006828708,
      0.0,
      0.0,
      0.0,
      0.004693049245510236,
      0.007241053737168564,
      0.0,
      0.0,
      0.0,
      0.005348326078207711,
      0.0,
      0.0,
      0.0,
      0.016621692652251066,
      0.0,
      0.004507552884161856,
      0.011317868461705119,
      0.0,
      0.0,
      0.007712696829953508,
      0.0021778936909873287,
      0.006685706498644738,
      0.0,
      0.005209189778966939,
      0.004064450027906719,
      0.0,
      0.005463794719177972,
      0.013156310673214959,
      0.001826369178927126,
      0.0,
      0.0,
      0.0,
      0.0,
      0.0032123312237316687,
      0.013480738424681978,
      0.00296201308523329,
      0.0,
      0.0,
      0.0,
      0.0,
      0.0,
      0.004182209327134034,
      0.013646525998603228,
      0.0009650935767092132,
      0.013185949259229031,
      0.0,
      0.0,
      0.0019210673483108084,
      0.0139713848753621,
      0.0,
      0.0,
      0.0049060927656171,
      0.013802303620547235,
      0.003002738136811819,
      0.0,
      0.012772508724423743,
      0.0,
      0.0,
      0.006764375380807791,
      0.0,
      0.0023653152116277516,
      0.0,
      0.0,
      0.0,
      0.004950892251022312,
      0.011217126231455985,
      0.0,
      0.005282137306671437,
      0.005916454587069836,
      0.012131106616797819,
      0.0,
      0.01121207073830456,
      0.0,
      0.008602147441502866,
      0.0,
      0.0,
      0.0,
      0.0,
      0.002175727413145136,
      0.0,
      0.0,
      0.0,
      0.0,
      0.0,
      0.0,
      0.0,
      0.0016613212940100887,
      0.0,
      0.01934907678274046,
      0.0,
      0.0,
      0.0,
      0.015045020448245437
    ],
    "low_data": false
  },
  "250000": {
    "median": 0.0,
    "p90": 0.012585725671917585,
    "p10": 0.0,
    "sample": [
      0.0003934487546347585,
      0.00018001347863305637,
      0.0,
      0.0,
      0.007293768768534266,
      0.0056984794666235395,
      0.0,
      0.009007918445640873,
      0.010804195645623056,
      0.0,
      0.00561071180249633,
      0.0,
      0.0,
      0.0010251625579673078,
      0.006431462450565278,
      0.012179312620266891,
      0.0,
      0.0,
      0.005742150386427395,
      0.012871042050198029,
      0.0061597370824147376,
      0.028701795793064092,
      0.0,
      0.012432653045694745,
      0.006268910582695445,
      0.0,
      0.008874229267269025,
      0.01176611418044597,
      0.001984385386467946,
      0.022140397048782717,
      0.013995974315952139,
      0.0017520770590761729,
      0.0,
      0.0,
      0.0,
      0.0,
      0.008471434577510102,
      0.0,
      0.01297955543704124,
      0.0,
      0.01624464206570553,
      0.005661100291767035,
      0.0002323193732084536,
      0.0,
      0.007633157345529622,
      0.008808904848756634,
      0.0,
      0.001725610575812994,
      0.005126451446019673,
      0.0,
      0.011279936747101704,
      0.011367714271513563,
      0.0,
      0.0,
      0.002846762483556497,
      0.012571644770616109,
      0.0004965565291063656,
      0.0,
      0.005554110107274717,
      0.0,
      0.0,
      0.0007156559662043718,
      0.0,
      0.0,
      0.012480212099111682,
      0.0,
      0.0,
      0.0,
      0.0,
      0.0,
      0.0,
      0.0,
      0.0016282296263167816,
      0.008333950606019411,
      0.0,
      0.0008621881618061199,
      0.012020341197864564,
      0.0,
      0.0,
      0.012712453783630869,
      0.0,
      0.0038085600458044044,
      0.0,
      0.0,
      0.0,
      0.0,
      0.0,
      0.009307986640645265,
      0.007871957769665608,
      0.0,
      0.014881319108491324,
      0.0,
      0.01634666973405253,
      0.0,
      0.008778994857362967,
      0.0,
      0.0,
      0.005282205227900979,
      0.0035870262931628227,
      0.0,
      0.008473014345446546,
      0.0,
      0.030933978216560888,
      0.0,
      0.008516921332742408,
      0.002890565580989457,
      0.0,
      0.0003350270166663573,
      0.0,
      0.0,
      0.0,
      0.0048071000684224265,
      0.007347205967746837,
      0.0,
      0.0,
      0.0,
      0.005594576112161934,
      0.0,
      0.0,
      0.0,
      0.016755931888115198,
      0.0,
      0.004647380107679293,
      0.011451311834955697,
      8.221751295022281e-05,
      0.0,
      0.00782198492883885,
      0.002309074209830039,
      0.0069160094045939,
      0.0,
      0.005337196166916314,
      0.004167333424919983,
      0.0,
      0.005696684220704944,
      0.013301944473860237,
      0.0019321131229618242,
      0.0,
      0.0,
      0.0,
      0.0,
      0.0033686022757994584,
      0.013587887243170357,
      0.0032397149176620027,
      0.0,
      0.0,
      0.0,
      0.0,
      0.0,
      0.00431088208294684,
      0.013764431863457915,
      0.0011096473077725094,
      0.013357917648894272,
      0.0,
      0.0,
      0.0021654584051994086,
      0.014155286157088373,
      0.0,
      0.0,
      0.00512353912622632,
      0.013959405108697462,
      0.0031405902454617347,
      0.0,
      0.012870062059450786,
      0.0,
      0.0,
      0.006885041539826833,
      0.0,
      0.0025022192310070624,
      0.0,
      0.0,
      0.0,
      0.0050717120081987055,
      0.011367619314910244,
      0.0,
      0.0054430780734617485,
      0.006115961171703131,
      0.012234252888075343,
      0.0,
      0.011328663652523788,
      0.0,
      0.008749230668460731,
      0.0,
      8.861913344158879e-05,
      0.0,
      0.0,
      0.0022762591411026895,
      0.0,
      0.0,
      0.0,
      0.0,
      0.0,
      0.0,
      0.0,
      0.0018315480540753138,
      0.0,
      0.019477316773337305,
      0.0,
      0.0,
      0.0,
      0.0151712196467836
    ],