{
  "100000": {
    "median": 0.00014546434525000793,
    "p90": 0.01046834409276225,
    "p10": 0.0,
    "sample": [
      8.636792689632213e-05,
      9.12256409946466e-05,
      0.0,
      0.0,
      0.001499666070519686,
      0.0,
      0.00853707939260623,
      0.008339337630976254,
      0.00010836095805717291,
      0.007171106195807909,
      0.013240771827213102,
      0.008414320468423954,
      0.0013784893941622255,
      0.005539039413480272,
      0.0012612073110516953,
      0.003947660618005512,
      0.0,
      0.010458046403497488,
      0.00213381890584409,
      0.009469188583781249,
      0.0,
      0.0,
      0.0,
      0.0,
      0.008595085874308272,
      0.0,
      0.0,
      0.010723625504192442,
      0.008240243662870133,
      4.6987881699607086e-05,
      0.009320443432558381,
      0.0012409561735618852,
      0.014776917946931659,
      0.01041661933740122,
      0.0,
      0.0,
      0.01720325227810264,
      0.01226807554325579,
      0.006270093889097916,
      0.005943040535791161,
      0.001551682604031803,
      0.0033881312816127027,
      0.0,
      0.0,
      0.0,
      0.0030939727676398093,
      0.0,
      0.0,
      0.014607366709568729,
      0.0,
      0.0,
      0.0,
      0.0,
      0.0,
      0.0,
      0.0,
      0.0,
      0.0003710368231597026,
      0.0,
      0.0,
      0.0,
      0.0,
      0.020288567114292378,
      0.016790448295923785,
      0.0,
      0.010720118703496385,
      0.0,
      0.0017906631912268816,
      0.0072463154903392194,
      0.006378476029828206,
      0.0,
      0.0,
      0.011403891695274164,
      0.010126637902029289,
      0.0,
      0.00032942550639339407,
      0.006076287635137818,
      0.025910512303094844,
      0.0,
      0.0,
      0.0,
      0.00018256773244284296,
      0.0,
      0.008339266944129117,
      0.0,
      0.00034961015587565633,
      0.0,
      0.0,
      0.00835357110658789,
      0.0011189009223889425,
      0.0,
      0.007976882966068095,
      0.0,
      0.012309738941238477,
      0.0,
      0.0,
      0.0,
      0.00657390200759244,
      0.0,
      0.0037816455182282617,
      0.0,
      0.0,
      0.0,
      0.00988854253654908,
      0.005442252915135193,
      0.006427735046145861,
      0.0,
      0.008890688677101535,
      0.0029239861302987726,
      0.0,
      0.0,
      0.0,
      0.006870271162417633,
      0.003139892432942015,
      0.0008461227166911663,
      0.0,
      0.014326974075911577,
      0.0,
      0.0,
      0.0002903014530242662,
      0.0,
      0.014122615729520676,
      0.0029897340481473715,
      0.006440185709671973,
      0.004197800450882315,
      0.0018756709649696945,
      0.010561023296145116,
      0.0001866500437379953,
      0.0,
      0.01168161082201937,
      0.0,
      0.0005123826632477196,
      0.002697612561984264,
      0.0,
      0.004030652840413434,
      0.0026443512215576807,
      0.004443319569176619,
      0.0,
      0.0,
      0.0,
      0.0,
      0.0005833313011360797,
      0.0,
      0.008319857678759575,
      0.0014194934127873247,
      0.0,
      0.0,
      0.0,
      0.0,
      0.0,
      0.011939874743182713,
      0.0,
      0.0013440740241363936,
      0.0005658492549847384,
      0.0,
      0.0,
      0.0,
      0.005042814574989632,
      0.0,
      0.007155206013007325,
      0.0010457524329134083,
      0.007066895191302988,
      0.007329703058460093,
      0.009071834891585587,
      0.0002733840221746156,
      0.0,
      0.0,
      0.013675048943416418,
      0.0,
      0.010447253276853407,
      0.0,
      0.010007676131386098,
      0.004987599387928627,
      0.0025552995291232153,
      0.0,
      0.0,
      0.0004121961382177388,
      0.0013687461569419602,
      0.011527204695861116,
      0.0013642702791373722,
      0.0,
      0.007122493784865019,
      0.0004948731460814276,
      0.0,
      0.0,
      0.004002994846774901,
      0.0,
      0.0,
      0.00010684251356527168,
      0.0,
      0.0,
      0.0,
      0.014273494866132384,
      0.0,
      0.0,
      0.010007744292195631,
      0.0,
      0.0,
      0.0,
      0.006505796133387623
    ],
    "low_data": false
  },
  "250000": {
    "median": 0.0002666420333176621,
    "p90": 0.01067946578670983,
    "p10": 0.0,