{
  "100000": {
    "median": 0.0010906501739431373,
    "p90": 0.011414202040107773,
    "p10": 0.0,
    "sample": [
      0.00012046859132143089,
      0.0001817309425306819,
      0.0,
      0.0152487902992042,
      0.0018549890352296049,
      0.005041190529977973,
      0.0006546334494041957,
      0.0007399059626238317,
      0.005432406839711988,
      0.0014310035683342706,
      0.0,
      0.014111973791183964,
      0.003032912534560242,
      0.0,
      0.0,
      0.006140001883345124,
      0.0048196516012003945,
      0.0,
      0.007588168846558626,
      0.0,
      0.014206994765454475,
      0.008645029463122702,
      0.0,
      0.001161250870013176,
      0.0,
      0.0,
      0.0,
      0.005153850539809897,
      0.0,
      0.008715814542072084,
      0.0,
      0.0,
      0.007334193384645488,
      0.013293141176271603,
      0.0011634117883154067,
      0.0,
      0.0,
      0.012645695010759846,
      0.0,
      0.003820278776222677,
      1.7383498584778653e-05,
      0.00834383234426541,
      0.0039149536361547475,
      0.0,
      0.010156477517122252,
      0.0072939482177379585,
      0.007205779333381988,
      0.005568649969417815,
      0.008306718787536103,
      0.009763937410398119,
      0.0,
      0.0050705989591426585,
      0.0,
      0.0,
      0.0015395829671070054,
      0.0014548306042938713,
      0.0,
      0.0,
      0.016594024017205257,
      0.0,
      0.00902423791862308,
      0.0,
      0.004287773375232641,
      0.0034951517732029072,
      0.0028342680870957334,
      0.005257142559042479,
      0.0,
      0.0035961393610248007,
      0.002603911069541019,
      0.007652647402177725,
      0.0029474650823839584,
      0.00837941171113205,
      0.0,
      0.0,
      0.0,
      0.006203693834623212,
      0.0,
      0.0006799363413666433,
      0.0,
      0.01698145734983799,
      0.0,
      0.0005076621972125595,
      0.01662775387533078,
      0.0,
      0.0,
      0.0,
      0.0,
      0.003111431997676496,
      0.003148305285725454,
      0.00012533612821490016,
      0.0008035260624109793,
      0.015500091528473285,
      0.0029738442071513653,
      0.0,
      0.003748687958067723,
      0.01330995128454687,
      0.006690519387496232,
      0.005562210807999379,
      0.0,
      0.002036723761759004,
      0.015267040521444581,
      0.007055718325887707,
      0.0,
      0.0,
      0.000657473810071509,
      0.005632301204381439,
      0.0,
      0.013366676382149223,
      0.0015241135176558415,
      0.020659534576691892,
      0.0,
      0.002765091194149664,
      0.006072589301824481,
      0.0,
      0.0,
      0.0,
      0.006594399067102756,
      0.0,
      0.00477352543459338,
      0.0,
      0.010485913679093309,
      0.002101846156578533,
      0.0,
      0.006729189417248904,
      0.0,
      0.0,
      0.0,
      0.0003295223102274702,
      0.0155945120473158,
      0.0,
      0.0,
      0.003597615734786489,
      0.0,
      0.0,
      0.0,
      0.0,
      0.0,
      0.008931646465860943,
      0.0004607139423145346,
      0.0055352663080093355,
      0.0,
      0.01747532045054927,
      0.0,
      0.0027278226955252272,
      0.0,
      0.0,
      0.0,
      0.007123506965868563,
      0.0010200494778730986,
      0.006393899683512555,
      0.013201358713906373,
      0.002223776702490475,
      0.0026393529925378373,
      0.0023894020922675336,
      0.0074689981512771255,
      0.0001491940573515181,
      0.0,
      0.0,
      0.019520535537296057,
      0.0,
      0.0018411190667435035,
      0.012679350823153817,
      0.0,
      0.009962131406490467,
      0.01167782235574553,
      0.009489978203339558,
      0.007053426511352841,
      0.0,
      0.0,
      0.0089352454148378,
      0.0,
      0.0,
      0.0,
      0.005542580312507569,
      0.011384910893925801,
      0.008059698751931993,
      0.0,
      0.0,
      0.0,
      0.0,
      0.005596718917571561,
      0.009665672444824382,
      0.023526911065504422,
      0.0,
      0.0,
      0.0,
      0.0,
      0.0,
      0.0,
      0.0,
      0.0,
      0.0018665809255433534,
      0.0,
      0.005979837365054883,
      0.0,
      0.0,
      0.006298554254014719,
      0.005779109478181588,
      0.004848890908116535,
      0.009434829217039711
    ],
    "low_data": false
  },
  "250000": {
    "median": 0.0011845104927757496,
    "p90": 0.011512053503423108,
    "p10": 0.0,