{
  "100000": {
    "median": 0.00014012213031884478,
    "p90": 0.011061792870307306,
    "p10": 0.0,
    "sample": [
      0.00010731127848037799,
      0.00010341415639318364,
      0.00398590770820586,
      0.005562932387105223,
      0.0,
      0.0,
      0.0,
      0.0102783705730754,
      0.00024854200646181105,
      0.0,
      0.0,
      0.0,
      0.011932447779513338,
      0.01657743712311855,
      0.012584692418735785,
      0.0,
      0.0038811659217748012,
      0.008377291485486667,
      0.0,
      0.0,
      0.0,
      0.02586689396213062,
      0.0,
      4.017965638636378e-05,
      0.009782963381955065,
      0.0,
      0.0,
      0.0,
      0.007248672602415743,
      0.0,
      0.0,
      0.0060407611968370505,
      0.021763564929133276,
      0.007016820616557578,
      0.0,
      0.0,
      0.0,
      0.0,
      0.0,
      0.0026827825634028126,
      0.0031960373115830555,
      0.0,
      0.0,
      0.0020051675809347625,
      0.014376119418846041,
      0.00042413016001348054,
      0.004012473375545915,
      0.0,
      0.0,
      0.0034535759458434036,
      0.0,
      0.0,
      0.0009834729454613167,
      0.002197689058977353,
      0.0,
      0.003172006875543579,
      0.00026304647853904245,
      0.018023552870549416,
      0.003258804467173989,
      0.00434797184041411,
      0.0038961209393262542,
      0.0,
      0.0,
      0.007053357010685526,
      0.0,
      0.0,
      0.0,
      0.010860763091284283,
      0.008234451242119354,
      0.000604859487272548,
      0.0030223502133938577,
      0.00973723752121518,
      0.0,
      0.0038663036878723946,
      0.00442102732669054,
      0.0,
      0.0,
      0.0,
      0.0,
      0.0,
      0.0010017453201526625,
      0.0,
      0.0,
      0.0,
      0.0,
      0.0,
      0.0,
      0.0035379151448443075,
      0.014851423979237603,
      0.0009678799485673911,
      0.0076011615896068386,
      0.0008349196351428479,
      0.0,
      0.0,
      0.0015610309863650514,
      0.0,
      0.0,
      0.017499514480127622,
      0.009679750974180331,
      0.0018864079213766543,
      0.0,
      0.020301275448906145,
      0.00746760655306431,
      0.0,
      0.0,
      0.01318753063887964,
      0.0,
      0.0,
      0.0,
      0.00729170125926927,
      0.00556636331529838,
      1.1518472472942843e-06,
      0.001190090475518638,
      0.0,
      4.0546660628787177e-05,
      0.0,
      0.0022178625857771513,
      0.0014236536366670867,
      0.0,
      0.00446192696477995,
      0.0,
      0.006050498076944048,
      0.00145608192182397,
      0.00499817910910251,
      0.0,
      0.0,
      0.014087881373994754,
      0.00017293298215731158,
      0.0008758918918873638,
      0.007561133144974718,
      0.0003006167269210355,
      0.011487994518669525,
      0.0005935099021752396,
      0.0,
      0.010361204480889586,
      0.0,
      0.012083119083900595,
      0.0,
      0.0,
      0.004416303250066211,
      0.0,
      0.005448129532984687,
      0.01728525076968822,
      0.0,
      0.0,
      0.0008399288172034109,
      0.0,
      0.003993333697372578,
      0.0,
      0.0017303817892989513,
      0.011193948696755232,
      0.0004282643075930318,
      0.0,
      0.00494899754763039,
      0.0,
      0.01677341145530084,
      0.0,
      0.0278033378710576,
      0.0,
      0.007695984443359824,
      0.0,
      0.0,
      0.0,
      0.0,
      0.0022386175694635844,
      0.0029938660422522303,
      0.0,
      0.004765787151692487,
      0.013131386287287494,
      0.0,
      0.005860575627650425,
      0.003922192952949792,
      0.0,
      0.0,
      0.0,
      0.01999089126426815,
      0.0,
      0.0,
      0.006654329106926448,
      0.0,
      0.00031572773847333497,
      0.011047108889590871,
      0.010644537156514982,
      0.009398621497408641,
      0.0,
      0.0018663961864584455,
      0.0,
      0.0,
      0.0,
      0.0,
      0.0,
      0.0,
      0.009413195358673323,
      0.006965625323116734,
      0.005815496960932136,
      0.0,
      0.0025408526736681912,
      0.0,
      0.004088767517991898,
      0.003764877100158256
    ],
    "low_data": false
  },
  "250000": {
    "median": 0.00026095994659519096,
    "p90": 0.011182929711367353,
    "p10": 0.0,