{
  "100000": {
    "median": 0.0,
    "p90": 0.010385544983220571,
    "p10": 0.0,
    "sample": [
      8.905189744382714e-05,
      9.021785643310447e-05,
      0.0027162942982495463,
      0.0,
      0.0,
      0.0,
      0.0,
      0.006711307420530754,
      0.0,
      0.007350608393419026,
      0.006995663316683691,
      0.0016693441597300145,
      0.008647160237246872,
      0.0,
      0.0,
      0.0,
      0.008293087097020748,
      0.010830039467292524,
      0.009579438364339265,
      0.0,
      0.0,
      0.0,
      0.0,
      0.0,
      0.0026062763294855433,
      0.0,
      0.0,
      0.0,
      0.0,
      0.0,
      0.013569148418531844,
      0.0,
      0.0035842744116937044,
      0.0,
      0.0,
      0.014753247369515898,
      0.0010278479933323714,
      0.0,
      0.002403320820519014,
      0.012573172473548595,
      0.0,
      0.003803763350122419,
      0.004065781365639368,
      0.0095829361730776,
      0.0,
      0.009007266307123788,
      0.0017828825453532387,
      0.013181487674900336,
      0.0025408991472917427,
      0.0,
      0.007809135589153603,
      0.0006826782803983889,
      0.0,
      0.0,
      0.0049693144705860465,
      0.0,
      0.0,
      0.0,
      0.0,
      0.0,
      0.0,
      0.0,
      0.0,
      0.010382339716604886,
      0.0,
      0.0,
      0.010886926212594196,
      0.0,
      0.0,
      0.016234715869344784,
      0.0,
      0.0,
      0.0,
      0.0,
      0.01997134344197578,
      0.0010602458391108674,
      0.0,
      0.0,
      0.001962237958248138,
      0.0,
      0.010414392382761735,
      0.009326673303488102,
      0.004822186963450735,
      0.0,
      0.0,
      0.009715979175365584,
      0.0,
      0.0,
      0.0,
      0.011656677279934772,
      0.0,
      0.00956043584425128,
      0.0006679017451164969,
      0.0,
      0.0,
      0.01529903848003364,
      0.0,
      0.0,
      0.0,
      0.0,
      0.0,
      0.0,
      0.005763864526820101,
      0.0031829206191778363,
      0.0,
      0.0,
      0.0,
      0.004963131409916497,
      0.0,
      0.005294828963527237,
      0.0034509829964602507,
      0.0,
      0.007424864514619022,
      0.0,
      0.008094289844070533,
      0.0,
      0.008315997445403912,
      0.005628757275003572,
      0.0020401120331215374,
      0.0,
      0.0,
      0.008959338610088538,
      0.0,
      0.0,
      0.0,
      0.0063862337716180054,
      0.0,
      0.0,
      0.00011591549070816917,
      0.0,
      0.0,
      0.0,
      0.0,
      0.005636018800836547,
      0.0,
      0.025839350182907065,
      0.012713408396317282,
      0.0,
      0.018661566683676523,
      0.0006718173155944694,
      0.008552255077191496,
      0.0065268592687791754,
      0.013437654900368003,
      0.011478060812547267,
      0.007845415396695699,
      0.0,
      0.0027619217921691737,
      0.001324784798218009,
      0.002062950573884682,
      0.001410748248578551,
      0.003926841771300294,
      0.0037976236250885907,
      0.0,
      0.0,
      0.0007061976090627218,
      0.0011024106007919837,
      0.005045178883467117,
      0.0,
      0.01156265993698746,
      0.006679631132551348,
      0.0,
      0.0046512997128795,
      0.012884442465690137,
      0.0,
      0.0,
      0.0,
      0.0,
      0.0,
      0.015701703127386987,
      0.0,
      0.0,
      0.005667231069420272,
      0.0,
      0.003062390390480366,
      0.0,
      0.018055620001860416,
      0.0,
      0.0,
      0.009816356013496175,
      0.004001503668348996,
      0.009543707882616435,
      0.0,
      0.0017574222366291878,
      0.0,
      0.0,
      0.0,
      0.0026043949486400293,
      0.002549645180000505,
      0.0003764021348947907,
      0.0052625606116129195,
      0.0,
      0.006076766498887692,
      0.0,
      0.0,
      0.009540793974977485,
      0.004034118432175474,
      0.0,
      0.0075115344783245235,
      0.0,
      0.0
    ],
    "low_data": false
  },
  "250000": {
    "median": 0.0,
    "p90": 0.010508853420219478,
    "p10": 0.0,
    "sample": [
      0.00020313707060155405,
      0.00020579674996069124,
      0.002823447067087215,
      0.0,
      0.0,
      0.0,
      0.0,
      0.006825299922211396,
      0.0,
      0.007464591741841666,
      0.007117241773663053,
      0.0018440885182571805,
      0.008829885023029954,
      0.0,
      0.0,
      0.0,
      0.008412846887523046,
      0.010964393839246687,
      0.009684027915551037,
      0.0,
      0.0,
      0.0,
      0.0,
      0.0,
      0.0027299172010346873,
      0.0,
      0.0,
      0.00014043416854953722,
      0.0,
      0.0,
      0.01380170647979974,
      0.0,
      0.003710321304533345,
      0.0,
      1.0949878350837274e-05,
      0.014940715210417807,
      0.001153649384456763,
      0.0,
      0.0025650999770433923,
      0.012751375419551115,
      0.0,
      0.003956132132976927,
      0.004272729938466106,
      0.009707006757281712,
      0.0,
      0.00916616847204851,
      0.0019200342174873358,
      0.013347981017643404,
      0.002630703724666337,
      0.0,
      0.007979174174437413,
      0.0007711458204139695,
      0.0,
      0.0,
      0.005057006195484355,
      0.0,
      0.0,
      0.0,
      0.0,
      0.0,
      0.0,
      0.0,
      0.0,
      0.010548116737671094,
      0.0,
      0.0,
      0.010979715965770761,
      0.0,
      0.0,
      0.016430581511314747,
      0.0,
      0.0,
      0.0,
      0.0,
      0.020099911181555352,
      0.0011954094892177945,
      0.0,
      0.0,
      0.002090109514999354,
      0.0,
      0.01050449082939152,
      0.009423933994733832,
      0.004957120291031934,
      0.0,
      0.0,
      0.009901339065184514,
      0.0,
      0.0,
      0.0,
      0.011758156274072638,
      0.0,
      0.009645615515583243,
      0.0007650992245579926,
      0.0,
      0.0,
      0.015397599254804118,
      0.0,
      0.0,
      0.0,
      0.0,
      0.0,
      0.0,
      0.005847418382255369,
      0.0032653603685067084,
      0.0,
      0.0,
      0.0,
      0.0050423945384492205,
      0.0,
      0.005405424871903928,
      0.0036314339549238326,
      0.0,
      0.007569787332349296,
      0.0,
      0.008197181240355766,
      0.0,
      0.008417841121364414,
      0.005811620448385644,
      0.002137756371903562,
      0.0,
      0.0,
      0.009093240195798439,
      0.0,
      2.2001725871493834e-05,
      0.0,
      0.006492506167426166,
      0.0,
      0.0,
      0.00020499169047360517,
      0.0,
      0.0,
      0.0,
      0.0,
      0.005725897558509833,
      0.0,
      0.02597839897497548,
      0.012861303397560532,
      0.0,
      0.01876486165630161,
      0.0007584598244769928,
      0.008626641570352438,
      0.006618525859970867,
      0.013533787284562181,
      0.011558725737301875,
      0.007937896602693223,
      0.0,
      0.002849789208895095,
      0.0014100073531509896,
      0.002222576493951872,
      0.0015178292648001584,
      0.004011799543908235,
      0.00387996995955105,
      0.0,
      0.0,
      0.0007862015081586844,
      0.0011898871012128304,
      0.0051752356862945345,
      0.0,
      0.011646524913841752,
      0.0067714276620494335,
      0.0,
      0.004747873704700774,
      0.012983703482705713,
      0.0,
      0.0,
      0.0,
      0.0,
      0.0,
      0.015902523559456008,
      0.0,
      0.0,
      0.005744477517759748,
      0.0,
      0.003224972791348718,
      0.0,
      0.018187239333483048,
      0.0,
      0.0,
      0.009972200523517362,
      0.0040846845534589,
      0.009675074375350423,
      0.0,
      0.0019129307381306117,
      0.0,
      0.0,
      0.0,
      0.002716273289099647,
      0.0027082717929057887,
      0.00048067701067617467,
      0.005361155214183292,
      0.0,
      0.006245790344778028,
      0.0,
      0.0,
      0.009721754261419288,
      0.004118396675791978,
      0.0,
      0.007648242209750241,
      0.0,
      0.0
    ],
    "low_data": false
  },