{
  "100000": {
    "median": 0.001169802933879752,
    "p90": 0.013520191546654552,
    "p10": 0.0,
    "sample": [
      8.124853171982124e-05,
      7.836980711811657e-05,
      0.0005859947606150298,
      0.004981537746894512,
      0.005609094869696031,
      0.0,
      0.00263637640693195,
      0.0,
      0.0019277109860256479,
      0.017919250917280232,
      0.0,
      0.003793988339114864,
      0.0,
      0.015206416826170521,
      0.005717496243908184,
      0.017249324790971285,
      0.01530866025197644,
      0.010358635287297933,
      0.0,
      0.0,
      0.0,
      0.0,
      0.0,
      0.014877183075104047,
      0.0,
      0.015143336237518632,
      0.001062221072116427,
      0.002064438220924463,
      0.0,
      0.010089366933320697,
      0.003926845158073268,
      0.013503565841466761,
      0.0,
      0.0,
      0.01904607313246029,
      0.0,
      0.004569828465491374,
      0.0,
      0.0,
      0.0,
      0.0,
      0.0,
      0.0,
      0.0073202009913894035,
      0.0061857107590173035,
      0.0,
      0.0003609103865447364,
      0.012522703046246749,
      0.013811478448881488,
      0.0,
      0.0012501502197703128,
      0.0,
      0.0,
      0.0023708351600851794,
      0.0,
      0.002586982245833157,
      0.01214639500561483,
      0.0,
      0.0,
      0.0070325249498655994,
      0.014544860374814068,
      0.0,
      0.0,
      0.0,
      0.006481141809671695,
      0.0003591650292526739,
      0.0,
      0.0,
      0.0,
      0.0,
      0.0,
      0.008874404484505523,
      0.012696004178903878,
      0.01946458448494409,
      0.0,
      0.0037259245832134196,
      0.0045703285039006,
      0.0,
      0.004217216476259378,
      0.006512122530438882,
      0.012960125830730073,
      0.0,
      0.007836560795582178,
      0.0,
      0.0,
      0.0,
      0.0,
      0.00583371542568292,
      0.007968749947063052,
      0.005966382389246834,
      0.0073311200784259185,
      0.0072902979642050295,
      0.0075123841920978025,
      0.0033024279147777936,
      0.0,
      0.0010752869810302448,
      0.0,
      0.0,
      0.007689457487258413,
      0.0,
      0.005430583619699898,
      0.002222230914468348,
      0.0126293972201104,
      0.0,
      0.0,
      0.0002862100512833382,
      0.003262893360613225,
      0.0,
      0.0013461285970630043,
      0.0,
      0.0,
      0.013669822893344683,
      0.0072162492414231914,
      0.0,
      0.010400867939363729,
      0.0,
      0.0022782936097386986,
      0.014388940344343078,
      0.0075216293048606855,
      0.003143921451850833,
      0.01685535619723155,
      0.016440233102531066,
      0.0008080186258096811,
      0.0,
      0.0,
      0.0128231150047615,
      0.004916026988373154,
      0.004874659235146768,
      0.0,
      0.0,
      0.0,
      0.0,
      0.0019014639825144844,
      0.008116315979081997,
      0.0,
      0.002829368764294256,
      0.0,
      0.0,
      0.003787734653355294,
      0.0,
      0.0,
      0.0,
      0.015297060634178327,
      0.0,
      0.013030568397583564,
      0.0,
      0.0,
      0.009234668385884659,
      0.0034069302949259897,
      0.0,
      0.0,
      0.002536700068288546,
      0.003739005976007217,
      5.2083194807118613e-05,
      0.018281496384952876,
      0.004278048594735537,
      0.009275603199540771,
      0.0001152661999833525,
      0.0,
      0.005145017743945611,
      0.0033176631770727846,
      0.0,
      0.0,
      0.014063242488899222,
      0.0,
      0.002151923025408053,
      0.01374410466587224,
      0.0,
      0.006999976094875192,
      0.0,
      0.0,
      0.0,
      0.014716060791850625,
      0.0010894556479891908,
      0.0,
      0.01256197255192525,
      0.009032212469767771,
      0.005824548364473279,
      0.0,
      0.010316647246818602,
      0.0,
      0.00564588349294134,
      0.0032750967988260187,
      0.001805738738713554,
      0.007181629076693387,
      0.0,
      0.0,
      0.011178772019777895,
      0.0,
      0.003182384447121095,
      0.0,
      4.116091911051821e-05,
      0.008412606528733765,
      0.0,
      0.005467033868479007,
      0.0,
      0.007353377177470975,
      0.004650317146189054,
      0.012926397864230138,
      0.03084534767578797
    ],
    "low_data": false
  },
  "250000": {
    "median": 0.0013157499600787272,
    "p90": 0.013707320841127567,
    "p10": 0.0,