{
  "100000": {
    "median": 4.8919748324583943e-05,
    "p90": 0.010947976726726835,
    "p10": 0.0,
    "sample": [
      8.784221885479517e-05,
      0.00011150524225747284,
      0.0,
      0.0,
      0.0,
      0.0,
      0.01798017789934055,
      0.0,
      0.017649395004278687,
      0.007581007224405499,
      0.0,
      0.00132200967082718,
      0.0,
      0.0,
      0.0,
      0.002110361986445772,
      0.0,
      0.0,
      0.002535180754643505,
      0.007568927573734372,
      0.0012595842297074527,
      0.0,
      0.011101493750558585,
      0.0,
      0.0074596715084132275,
      0.005353833288113913,
      0.0,
      0.0,
      0.0,
      2.1512465847132875e-05,
      0.0,
      0.0,
      0.0,
      0.0006613843160666276,
      0.0,
      0.005649223175922359,
      0.011806131555754575,
      0.0,
      0.0,
      0.0,
      0.00350703310160845,
      0.0,
      0.013209132067293024,
      0.0007953619720175499,
      0.0,
      0.0006627405575765152,
      0.0,
      0.0,
      0.0,
      0.014760940564400166,
      0.0,
      0.0056837301496039504,
      0.00350338829466823,
      0.018074021385891842,
      0.000692839046686979,
      0.007568155852438579,
      0.0,
      0.0,
      0.0,
      0.0,
      0.010623373722960116,
      0.0072963384401212705,
      0.002817878356778112,
      0.0021781241163397113,
      0.006305856105585989,
      0.0008517459671344347,
      0.009328647433062281,
      0.0017422398465052349,
      0.011579026230282865,
      0.0,
      0.0,
      0.0,
      0.0,
      0.0,
      0.0,
      0.0,
      0.0,
      0.007994367616962072,
      0.0,
      0.004503116971632081,
      0.003412289673998395,
      0.0,
      0.017398730312001193,
      0.0,
      0.0008120091110489109,
      0.0,
      0.0,
      0.0,
      0.008879893687388766,
      0.0,
      0.0,
      0.0044320918513621604,
      0.0,
      0.0064606625623153495,
      0.0,
      0.0,
      0.008336553388471465,
      0.002111595491253028,
      0.00896750478446925,
      0.0052734212410543,
      0.0,
      0.003674185137939556,
      0.0,
      0.0,
      0.00750840294039125,
      0.012539714895269137,
      0.012778700800719453,
      0.0,
      0.0,
      0.0,
      0.0,
      7.632703080203501e-05,
      0.005148635676858286,
      0.0,
      0.007280240487184837,
      0.009213075522139917,
      0.010930919279634419,
      0.0,
      0.01039165842710851,
      0.002360515786123337,
      0.010795640126141546,
      0.0008837756608144402,
      0.005960825572938527,
      0.0,
      0.0,
      0.005121256885574203,
      0.0,
      0.009146383057245721,
      0.0,
      0.0,
      0.0004460360972636997,
      0.0,
      0.0,
      0.010387856144913393,
      0.005983649256248768,
      0.0,
      0.003753736350718035,
      0.0,
      0.0,
      0.009189984424491433,
      0.008649350292182523,
      0.018948099514620093,
      0.0011630845435620647,
      0.0,
      0.020534840077601133,
      0.0,
      0.0,
      0.011801292329424288,
      0.0,
      0.0,
      0.005293114670751921,
      0.0,
      0.013180238655606849,
      0.0,
      0.023416401386679518,
      0.0,
      0.0012140057067485297,
      0.0,
      0.0,
      0.02006280831847636,
      0.010487559472188334,
      0.010726137852385707,
      0.0,
      0.0,
      0.0,
      0.0,
      0.0,
      0.003230346344905099,
      0.0,
      0.01252162674106543,
      0.00012205840750520002,
      0.0,
      0.0,
      0.0019974433232792144,
      0.00694712824411297,
      0.0,
      0.0,
      0.004042355903516828,
      0.0,
      0.010465770074325125,
      0.00898392949093237,
      0.0,
      0.013356851323656455,
      0.002422580357536002,
      0.0,
      0.004541724152239477,
      0.0049151588211364455,
      0.0,
      0.009570815725976812,
      0.009010690591619306,
      0.0064985241388383136,
      0.008928568920958436,
      0.0,
      0.004467392604938206,
      0.000748897452272148,
      0.0,
      0.001770358557284527,
      0.012887677516893242,
      0.0,
      0.0
    ],
    "low_data": false
  },
  "250000": {
    "median": 0.00020729856940665786,
    "p90": 0.011073507717751263,
    "p10": 0.0,