{
  "100000": {
    "median": 0.00012461987657911427,
    "p90": 0.011334764983813824,
    "p10": 0.0,
    "sample": [
      8.604754578513268e-05,
      0.00016319220737309587,
      0.0,
      0.0,
      0.0024466938648307706,
      0.0,
      0.0,
      0.0,
      0.008534626611919945,
      0.0038451669713803756,
      0.010058825146018203,
      0.0036669483742286877,
      0.0006305740849452288,
      0.0,
      0.0,
      0.0012894585551599144,
      0.0020041204399024776,
      0.012260836180239562,
      0.000835018997292122,
      0.004988547457088429,
      0.0052042479730082455,
      0.0,
      0.0,
      0.003311825796315122,
      0.0,
      0.0,
      0.0024611479504703473,
      0.011132922831399538,
      0.0,
      0.004358471137651722,
      0.0,
      0.0,
      0.0009655314211930593,
      0.0,
      0.0,
      0.0,
      0.0,
      0.0011758335382586688,
      0.0,
      0.011315247694038142,
      0.00816478972420947,
      0.010912634562611354,
      0.00922494984090751,
      0.0,
      0.0,
      0.009675005679942164,
      0.015081984690969623,
      0.01510441206721864,
      0.013829486954038525,
      0.022150256028326046,
      0.016790669649294303,
      0.0,
      0.009740657366258936,
      0.0,
      0.0034362545972166053,
      0.0,
      0.017511084749742035,
      0.004670316284518584,
      0.0,
      0.006415087351145533,
      0.003653385845408934,
      0.0,
      0.0068854990643809596,
      0.009725594530667571,
      0.0021407173464578822,
      0.0,
      0.0,
      0.0,
      0.0,
      0.0034669454604066394,
      0.0,
      0.0,
      0.011540688153808223,
      0.0,
      0.0,
      0.0,
      0.0,
      0.0044568407594570815,
      0.0,
      0.002333416956585344,
      0.0,
      0.018702084109074864,
      0.004459558855216078,
      0.0,
      0.000849982192552078,
      0.00036792507512520744,
      0.0,
      0.0,
      0.005226402655462513,
      0.0,
      0.0,
      0.005614246572263162,
      0.017944779893101285,
      0.0,
      0.008603575926418115,
      0.010781950938934626,
      0.009362809638040806,
      0.017511903291254283,
      0.0011140338832322891,
      0.016727671173877485,
      0.020694446150793498,
      0.0017990768971101682,
      0.01151042059179498,
      0.0,
      0.0,
      0.0,
      0.0,
      0.0,
      0.0,
      0.0,
      0.008393460267710373,
      0.0,
      0.0,
      0.005861958569979458,
      0.010834307130451044,
      0.004151530187648498,
      0.0,
      0.007156481820953568,
      0.0,
      0.007873191597857977,
      0.009031427171830584,
      0.007585766080313937,
      0.004893120461790269,
      0.006400668791107889,
      0.0,
      0.0,
      0.0,
      0.0015702484801058143,
      0.00027062212199038463,
      0.0,
      0.0,
      0.006536739480386242,
      0.0,
      0.006438092888258754,
      0.017617643620585585,
      0.0,
      0.0,
      0.017117638300536007,
      0.00472436427314129,
      0.0,
      0.0,
      0.00545886031034095,
      0.014197631633057838,
      0.0,
      0.0,
      0.0,
      0.020590914032984714,
      0.0,
      0.0017324328187445495,
      0.006759374359825681,
      0.008704977942503248,
      0.0,
      0.0,
      0.0,
      0.007436955498992458,
      0.0,
      0.0,
      0.0,
      0.0,
      0.007596376643798578,
      0.0,
      0.015741582301554254,
      0.0,
      0.0,
      0.005645971716701963,
      0.005797114051721122,
      0.006947078906269997,
      0.0,
      0.0,
      0.004369704291641521,
      0.0054135734042832645,
      0.018046083088218364,
      0.008959342990844029,
      0.0,
      0.0,
      0.0076942350190511155,
      0.0,
      0.008028596426740545,
      0.0010288017968282804,
      0.0,
      0.0,
      0.0,
      0.0,
      0.007122441893181804,
      0.0,
      0.0,
      0.004896497407632367,
      0.0,
      0.0,
      0.0,
      0.0,
      0.0,
      0.0,
      0.0,
      0.0,
      0.0,
      0.0042147657909014265,
      0.004340141565622531,
      0.0020897527551298656,
      0.0034806624043666446
    ],
    "low_data": false
  },
  "250000": {
    "median": 0.0002842715022773864,
    "p90": 0.011448665372857126,
    "p10": 0.0,