{
  "100000": {
    "median": 0.0,
    "p90": 0.011293280119684206,
    "p10": 0.0,
    "sample": [
      8.53246628202741e-05,
      9.39027330846201e-05,
      0.0,
      0.017659538632945036,
      0.0,
      0.00633813381559506,
      0.01424202477181199,
      0.0,
      0.0,
      0.003772209551765047,
      0.0,
      0.005631505513441116,
      0.010472008827854857,
      0.023252115532201703,
      0.0055665291551081535,
      0.0,
      0.0,
      0.0,
      0.0,
      0.0,
      0.00697520058674336,
      0.0,
      0.0,
      0.011628878985694126,
      0.0,
      0.0,
      0.0,
      0.0,
      0.02152469764004422,
      0.0,
      0.0,
      0.00456056732643432,
      0.01316200642232209,
      0.0,
      0.010707081530929733,
      0.0,
      0.005381510524917934,
      0.0,
      0.0,
      0.0,
      0.005776856126612045,
      0.011458665688298161,
      0.003075985302630367,
      0.0075028874892387135,
      0.011274903945393768,
      0.0,
      0.010591741993997629,
      0.0,
      0.0,
      0.014143991599692358,
      0.0,
      0.012827898559032165,
      0.0027058051574660263,
      0.0,
      0.0,
      0.016974139241311942,
      0.0,
      0.0,
      0.0,
      0.0,
      0.0,
      0.0,
      0.0,
      0.0071933763043872554,
      0.0,
      0.0029273099828513813,
      0.0,
      0.0,
      0.0,
      0.0,
      0.0,
      0.0,
      0.0,
      0.003490241664199499,
      0.0,
      0.03437476026439326,
      0.013103741406545593,
      0.0,
      0.013568951517961586,
      0.0,
      0.0,
      0.0,
      0.0025540717346430137,
      0.02774790765621741,
      0.0021544133065031987,
      0.0,
      0.001269421969325195,
      0.0,
      0.0,
      0.0,
      0.004935548351924969,
      0.0,
      0.0023915896795950412,
      0.003931406383679838,
      0.018568495034217158,
      0.0,
      0.005377074012927755,
      0.0,
      0.005962333870534599,
      0.018781690574841307,
      0.0055533021587014725,
      0.0,
      0.0,
      0.0,
      0.0002571397338573089,
      0.0011835489529508825,
      0.0,
      0.0,
      0.005168536510548364,
      0.003190868139157147,
      0.0,
      0.008822570521716186,
      0.0,
      0.00021962309539374735,
      0.0,
      0.005314909848053082,
      0.0027770824525333794,
      0.0034117234817874513,
      0.0,
      0.001579306460601957,
      0.008832485227561351,
      0.0,
      0.0,
      0.0005252884070436741,
      0.0022443958932097333,
      0.01031667940194511,
      0.0,
      0.001128914688914797,
      0.011790167268922508,
      0.005686505415506732,
      0.0,
      0.007402971224647059,
      0.0,
      0.0,
      0.0,
      0.0,
      0.002542710167639269,
      0.0,
      0.0,
      0.0,
      0.0,
      0.0,
      0.0,
      0.0,
      0.005220786459214472,
      0.0,
      0.0,
      0.005649158591634895,
      0.0,
      0.00014290298786418404,
      0.0,
      0.0,
      0.0,
      0.0012341392643912675,
      0.0,
      0.005361564884911635,
      0.0005139516779737873,
      0.0019253496968256974,
      0.002309232008579356,
      2.401891892675011e-05,
      0.006985685179492653,
      0.0006498118094913632,
      0.005690923988662122,
      0.0,
      0.0,
      0.0,
      0.00537896206567937,
      0.0,
      0.0,
      0.0,
      0.015646917580403482,
      0.004658212253662525,
      0.008693320835140435,
      0.0,
      0.0036091460281757774,
      0.003139246890207022,
      0.005236836550261856,
      0.01336343489744433,
      0.0,
      0.0,
      0.004686828364425075,
      0.0,
      0.0007776084068748304,
      0.002746451049428138,
      0.0024789915628711423,
      0.0030157607488809435,
      0.014675105666600071,
      0.002668515658835619,
      0.005004236413783138,
      0.0,
      0.011184389858420574,
      0.0024809736838723633,
      0.001466250832984376,
      0.005473572335220527,
      0.0,
      0.0,
      0.0,
      0.0,
      0.0,
      0.0007833762974395278
    ],
    "low_data": false
  },
  "250000": {
    "median": 0.0,
    "p90": 0.011418069376347942,
    "p10": 0.0,