{
  "100000": {
    "median": 0.0,
    "p90": 0.011381590240115558,
    "p10": 0.0,
    "sample": [
      0.00017048434625571013,
      0.000163093675140578,
      0.016137621660493803,
      0.0,
      0.009919432988091444,
      0.026397809593971117,
      0.008252263883441434,
      0.005864005331569221,
      0.0,
      0.0019559315547605844,
      0.0029702482174886785,
      0.0,
      0.004861426234232169,
      0.006361352508067504,
      0.0,
      0.002555390069975064,
      0.00968881257940704,
      0.0,
      0.0,
      0.0,
      0.0,
      0.0,
      0.0,
      0.0,
      0.0,
      0.011525045420829745,
      0.0,
      0.0,
      0.0,
      0.00882191986964842,
      0.01038453764720113,
      0.0,
      0.00986843757428157,
      0.0,
      0.020033396916142865,
      0.00946004166535419,
      0.029119101803995212,
      0.003696253514097514,
      0.0,
      0.0,
      0.0,
      0.0016039275168965206,
      0.0,
      0.0,
      0.0,
      0.006618509103047101,
      0.011201516961577071,
      0.0,
      0.0,
      0.012847472638196416,
      0.02351637789507339,
      0.0052621853786359845,
      0.0,
      0.002144310597203281,
      0.006399526636508356,
      0.0,
      0.006031196339697207,
      0.0032888310368823534,
      0.0,
      0.006727060885971868,
      0.0,
      0.0,
      0.008668252116452124,
      0.004003374829968706,
      0.0035751093627697504,
      0.0,
      0.0,
      0.0004447749578740435,
      0.0,
      0.01136565077559176,
      0.0,
      0.0034800318439290857,
      0.0031379956726859154,
      0.0,
      0.0,
      0.0,
      0.0,
      0.014857380902200552,
      0.0,
      0.005929557866482809,
      0.0,
      0.008491239344280789,
      0.0,
      0.009052189239657874,
      0.009662439549071488,
      0.008289122466381988,
      0.01270691996972577,
      0.0,
      0.0029386499527682885,
      0.0,
      0.0,
      0.0,
      0.0016386272070872169,
      0.010360277825298775,
      0.0020916881126394195,
      0.0,
      0.0003881884749422732,
      0.0,
      0.0,
      0.0,
      0.004267973921619027,
      0.004044726526993885,
      0.006888602922035221,
      0.0,
      0.0,
      0.0,
      0.0034803413517510294,
      0.0,
      0.0,
      0.0,
      0.0189232117936117,
      0.004879969435147248,
      0.0019840800608668186,
      0.004905842109017964,
      0.012507882870182051,
      0.014711297188862372,
      0.001326865807008293,
      0.0008219964435416461,
      0.0,
      0.0,
      0.0,
      0.0,
      0.0,
      0.0,
      0.007860050942753933,
      0.0,
      0.0,
      0.0,
      0.014499308477927454,
      0.018759008927300494,
      0.0,
      0.0,
      0.019771484120016485,
      0.01672720500190497,
      0.009809886447481788,
      0.0,
      0.0,
      0.0033550371644806578,
      0.0,
      0.0,
      0.00225442638813032,
      0.0,
      0.006857574224421597,
      0.0035214378767423954,
      0.0,
      0.004715269724506391,
      0.0,
      0.0,
      0.0,
      0.0060154003063924355,
      0.0018213769838311801,
      0.0018748433271187775,
      0.0,
      0.0,
      0.0,
      0.0,
      0.0,
      0.0016754737721916524,
      0.009223655913204143,
      0.0,
      0.0,
      0.0,
      0.0,
      0.0004805202651256015,
      0.004373710229704921,
      0.007779656018703283,
      0.015309094319307798,
      0.0,
      0.0,
      0.0,
      0.0,
      0.0015186047329750936,
      0.0,
      0.0,
      0.0,
      0.0,
      0.0,
      0.0,
      0.005159266558900515,
      0.0,
      0.013432539824286207,
      0.0,
      0.017340900382048184,
      0.023550903544061263,
      0.0,
      0.0,
      0.009604319888711002,
      0.00012328691104774754,
      0.00882858849955153,
      0.0,
      0.0035051295403696983,
      0.0,
      0.0004219822073888987,
      0.0,
      0.010201398095520526,
      0.0,
      0.002237094326696788,
      0.0,
      0.0,
      0.0
    ],
    "low_data": false
  },
  "250000": {
    "median": 0.0,
    "p90": 0.01153073242749777,
    "p10": 0.0,
    "sample": [
      0.0003888933495622733,
      0.0003720344243377493,
      0.016241096124585255,
      0.0,
      0.010060193761467457,
      0.026518127705456047,
      0.008479284441213764,
      0.005974641438809632,
      0.0,
      0.0021083509257462272,
      0.0031489474561444473,
      0.0,
      0.0050685240453731285,
      0.006508939465432567,
      0.0,
      0.0027502948717486988,
      0.009791344567044212,
      0.0,
      0.0,
      0.0,
      0.0,
      0.0,
      0.0,
      0.0,
      0.0,
      0.011628077958328997,
      0.0,
      0.0,
      0.0,
      0.00897352929148665,
      0.010615643907404613,
      0.0,
      0.009972825422891485,
      0.0,
      0.020180158746149427,
      0.009580970971876126,
      0.029256003641613165,
      0.003946554324193892,
      0.0,
      0.0,
      0.0,
      0.0017238460409593828,
      0.0,
      0.0,
      0.0,
      0.006839657094590344,
      0.011331249304632694,
      0.0,
      0.0,
      0.012990487407510375,
      0.023693554199975594,
      0.005374477614647185,
      0.0,
      0.0023438428357260223,
      0.006551934357173322,
      0.0,
      0.006144786568860448,
      0.003499668485473453,
      0.0,
      0.006945389542929922,
      0.0,
      0.0,
      0.008826502843375226,
      0.004098059946298894,
      0.0037045256829702075,
      0.0,
      5.357859744490744e-05,
      0.0005486281847743894,
      0.0,
      0.011519916257405413,
      0.0,
      0.0036902356805133566,
      0.003245457861666684,
      0.0,
      0.0,
      0.0,
      0.0,
      0.014990222853138124,
      0.0,
      0.006052730046814959,
      0.0,
      0.008616605521211653,
      0.0,
      0.00918303216606609,
      0.009811548108089641,
      0.00840167700352654,
      0.01282858829779342,
      0.0,
      0.0031809861540233325,
      0.0,
      0.0,
      0.0,
      0.001747510432259207,
      0.010508629934501698,
      0.002348043762426454,
      0.0,
      0.0004915527943785251,
      0.0,
      0.0,
      0.0,
      0.004411879902857322,
      0.004165047553713096,
      0.0070937876092440795,
      0.0,
      0.0,
      0.0,
      0.003588180311332414,
      0.0,
      0.0,
      0.0,
      0.019043594366449125,
      0.005099582793293318,
      0.0021354541196511026,
      0.005066424585037595,
      0.012637096327785218,
      0.014852198841518737,
      0.0014516635914696057,
      0.0009306707374235932,
      0.0,
      0.0,
      0.0,
      0.0,
      0.0,
      0.0,
      0.008118809315224325,
      0.0,
      0.0,
      0.0,
      0.014729404540440229,
      0.01886218622885521,
      0.0,
      0.0,
      0.01990930924783939,
      0.01682494889800018,
      0.00991040570267463,
      0.0,
      0.0,
      0.003514495354484099,
      0.0,
      0.0,
      0.0023515580109339457,
      0.0,
      0.006955954353022392,
      0.0036464157908594912,
      0.0,
      0.004884420840784136,
      0.0,
      0.0,
      0.0,
      0.006166972847030228,
      0.001922191686842348,
      0.0019984263318062884,
      0.0,
      0.0,
      0.0,
      0.0,
      0.0,
      0.0018156988197920929,
      0.009317047585437143,
      0.0,
      0.0,
      0.0,
      0.0,
      0.0006030795309320544,
      0.0044605451678589175,
      0.007888332733719925,
      0.015404811189982975,
      0.0,
      0.0,
      0.0,
      0.0,
      0.001627538835354475,
      0.0,
      0.0,
      0.0,
      0.0,
      0.0,
      0.0,
      0.005288993189177226,
      0.0,
      0.013567350395056037,
      0.0,
      0.017473018623604203,
      0.023724891534944698,
      0.0,
      0.0,
      0.00972610991342328,
      0.0002821161012651702,
      0.008973530677589756,
      0.0,
      0.0036756171697112042,
      0.0,
      0.0005202463488226323,
      0.0,
      0.01035443901830478,
      0.0,
      0.002340203578343287,
      0.0,
      0.0,
      0.0
    ],
    "low_data": false
  },
  "500000": {
    "median": 0.0,