{
  "100000": {
    "median": 0.0003805014726867721,
    "p90": 0.012531105411258549,
    "p10": 0.0,
    "sample": [
      7.988974522870799e-05,
      9.418968898357676e-05,
      0.0,
      0.0,
      0.0,
      0.004477752492608038,
      0.014726003071168007,
      0.0,
      0.0,
      0.0,
      0.013921877933232383,
      0.004311487544346178,
      0.017575659903147894,
      0.009566614761890361,
      0.0,
      0.0,
      0.02653818353299467,
      0.012364991452268315,
      0.009056633660222283,
      0.0,
      0.0,
      0.0,
      0.0,
      0.000940441000255525,
      0.0,
      0.0,
      0.009104101549984154,
      0.0008751775004065964,
      0.006183598610684886,
      0.007643959215737892,
      0.009961904190726055,
      0.0,
      0.003988906748551291,
      0.0,
      0.012184825843166651,
      0.005780246048098709,
      0.0,
      0.0,
      0.010977077421364084,
      0.010121849113811426,
      0.0,
      0.0008120240443053793,
      0.012640148034592631,
      0.006317838783159127,
      0.0010537894106547095,
      0.0,
      0.0,
      0.008041927057026983,
      0.0,
      0.002362670646284051,
      0.010213747915047405,
      0.0021075505325636496,
      0.0,
      0.003675635821733973,
      0.0015976507752215605,
      0.006522200081066678,
      0.0013435878454428453,
      0.0152124410619398,
      0.0,
      0.0040247611750626995,
      3.1184420449277565e-05,
      0.0,
      0.0,
      0.0,
      0.006857149786361586,
      0.0019860016404382695,
      0.0026493882874912265,
      0.0,
      0.0,
      0.0013617341743973309,
      0.002746414558322561,
      0.0,
      0.0019245092237289612,
      0.0,
      0.0,
      0.0009039201134074886,
      0.0,
      0.0,
      0.0,
      0.003972674836819357,
      0.003775156767307156,
      0.004048637008694667,
      0.0006668132563899675,
      0.0,
      0.013025084087868177,
      0.005235139606526462,
      0.0,
      0.0,
      0.003413074356483134,
      0.0,
      0.02025689032005503,
      0.0,
      0.0,
      0.0,
      0.0,
      0.0,
      0.001636377134529918,
      0.01466972581840222,
      0.0022753008723894927,
      0.014689825166034823,
      0.004762210134933336,
      0.0,
      0.012334671471368519,
      0.0,
      0.0,
      0.01251898956422143,
      0.020100960302779153,
      0.0,
      0.0,
      0.0062409285024187635,
      0.0106575747066279,
      0.027823782163808427,
      0.0,
      0.0,
      0.0,
      0.006585686483967702,
      0.014700557066714501,
      0.042492809987531806,
      0.0023688794533357808,
      0.0,
      0.002245383592202289,
      0.0,
      0.0,
      0.002248591801058991,
      0.0035394340271436937,
      0.0009258174011760947,
      0.0,
      0.0,
      0.002143083934619785,
      0.0,
      0.005039161079200425,
      0.0,
      0.0,
      0.006628317224069622,
      0.015760585861696305,
      0.0,
      0.00149005697218604,
      0.0,
      0.0,
      0.01618269939523676,
      0.0,
      0.0,
      0.011215116953581536,
      0.0,
      0.009567370768745935,
      0.015240669603587815,
      0.0,
      0.004356966990321201,
      0.005911933077869067,
      0.0,
      0.009925874535714902,
      0.00478567806445744,
      0.00473949328230177,
      0.007118342249291442,
      0.0,
      0.004011740153327027,
      0.004428419989048368,
      0.0,
      0.0,
      0.0,
      0.0032950544441249815,
      0.009263358560568155,
      0.0,
      0.015257881151209993,
      0.0,
      0.0,
      0.0,
      3.191547136359714e-05,
      0.0,
      0.005588988455172097,
      0.0,
      0.0,
      0.0010564715417784724,
      0.0,
      0.0,
      0.0,
      0.0,
      0.007103558744441648,
      0.0,
      0.00349025288861927,
      0.0055468214309878925,
      0.0,
      0.0,
      0.0,
      0.0,
      0.015098867046566926,
      0.0,
      0.0,
      0.0,
      0.0,
      0.0037256401470004133,
      0.006156256307964462,
      0.003363148070614812,
      0.007583276351929025,
      0.020252932261196035,
      0.0,
      0.0,
      0.0,
      0.0,
      0.010129140132224799
    ],
    "low_data": false
  },
  "250000": {
    "median": 0.0004966088614624039,
    "p90": 0.0126118763970456,
    "p10": 0.0,