{
  "100000": {
    "median": 0.0005855136122439953,
    "p90": 0.011933612949346683,
    "p10": 0.0,
    "sample": [
      0.00011652750255199378,
      8.455241113236608e-05,
      0.010015088603028894,
      0.0,
      0.01002179058752946,
      0.0,
      0.0,
      0.0,
      0.0,
      0.0,
      0.002603396098817302,
      0.0,
      0.016370940372340638,
      0.002737940723539035,
      0.0,
      0.002817790697849425,
      0.00079280847138488,
      0.0,
      0.0057404347458132705,
      0.006495175168264416,
      0.006600489719642499,
      0.005944978058501845,
      0.0,
      0.006917190716066251,
      0.0,
      0.0,
      0.0,
      0.00045232302331970736,
      0.012144453267791415,
      0.0,
      0.0,
      0.0,
      0.0,
      0.00018941346849901973,
      0.0,
      0.0,
      0.013634262422253884,
      0.0,
      0.01179218747923208,
      0.010155943370972951,
      0.005153701776505942,
      0.004874429998651446,
      0.003112653477996693,
      0.0010131031832037367,
      0.002585315610241999,
      0.007847943941670139,
      0.0,
      0.0034204179862142654,
      0.0026613828352003636,
      0.018645474209206397,
      0.0017990807060491653,
      0.004121451839495193,
      0.007239956786433749,
      0.0,
      0.0,
      0.0,
      0.0,
      0.003852780971604227,
      0.0,
      0.010358277745899036,
      0.010784686504304627,
      0.009030736520155633,
      0.007764949975102744,
      0.0029692729725642707,
      0.0,
      0.019032850711040952,
      0.0,
      0.000648680184893219,
      0.0010915875042845648,
      0.0,
      0.00285554773055648,
      0.0,
      0.002963510075501758,
      0.011175737581190372,
      0.0,
      0.017718475467615003,
      0.0,
      0.0048456512685993635,
      0.0,
      0.0,
      0.013270851860855068,
      0.0,
      0.0,
      0.006352312479768416,
      0.0,
      0.0,
      0.006120251607337017,
      0.011901016757192608,
      0.0,
      0.0,
      0.017829018723404394,
      0.005029712020803354,
      0.0,
      0.0003431917024698858,
      0.012595318250860348,
      0.010250982379218425,
      0.0,
      0.0,
      0.0,
      0.0,
      0.0,
      0.0022221111609965166,
      0.006986537247509171,
      0.002504846175165088,
      0.0,
      0.0,
      0.0,
      0.0,
      0.0031061733125222206,
      0.004490046984409649,
      0.007244749168376551,
      0.015323960426139724,
      0.0,
      0.0,
      0.02410064076336926,
      0.0,
      0.0,
      0.001985041134133253,
      0.01766184351339933,
      0.0,
      0.004159661207776832,
      0.0,
      0.0,
      0.0006458136770209295,
      0.0019699015685956944,
      0.0,
      0.0002929156337425249,
      0.0027773953394673785,
      0.007614013303530578,
      0.0005252135474670611,
      0.01542856616879186,
      0.0060356053360307495,
      0.0,
      0.0,
      0.0,
      0.0,
      0.0064078709799299345,
      0.0,
      0.005610237793268124,
      0.011984678179941477,
      0.00389672222419011,
      0.0,
      0.002301247700323827,
      0.0,
      0.005896351811275057,
      0.0,
      0.0,
      0.007256071723801481,
      0.0,
      0.004723169261515892,
      0.0,
      0.0,
      0.0,
      0.004293941741655927,
      0.0033662632777589157,
      0.002157666820742171,
      0.0,
      5.7566329770288805e-05,
      0.0,
      0.0,
      0.0,
      0.016509896359746073,
      0.0,
      0.006163256576462812,
      0.0,
      0.0179802129767624,
      0.01993484394020716,
      0.014600960283226336,
      0.0,
      0.004309092057509328,
      0.004703854532569084,
      0.003106829928588974,
      0.0,
      0.0,
      0.00408376013469403,
      0.0,
      0.0044863511864547,
      0.024277133625820166,
      0.00491834494301156,
      0.008757816562793019,
      0.0,
      0.0032064455794029224,
      0.0041553617594267435,
      0.0,
      0.0,
      0.0,
      0.001114683168902285,
      0.00013960784368211663,
      0.00535967028201129,
      0.0,
      0.013449672805087921,
      0.004726885610232084,
      0.0,
      0.01192793903483615,
      0.0,
      0.0,
      0.004105761862821132,
      0.0,
      0.0,
      0.005795559996169305
    ],
    "low_data": false
  },
  "250000": {
    "median": 0.0007078561959199155,
    "p90": 0.012126381068550551,
    "p10": 0.0,