{
  "100000": {
    "median": 0.000834147023271772,
    "p90": 0.011359747487173001,
    "p10": 0.0,
    "sample": [
      0.00012208055360235512,
      0.0001436332780931289,
      0.002736661660112881,
      0.0023323137965270174,
      0.0,
      0.0,
      0.0009062682301971192,
      0.002799764110763528,
      0.010787205790189668,
      0.008989643780432719,
      0.0,
      0.004857400268479782,
      0.010646732490368247,
      0.0035572068759211735,
      0.01181246145926612,
      0.01730214889168181,
      0.0008186637715046161,
      0.0,
      0.0019738850407246184,
      0.0037989596620657687,
      0.0,
      0.0,
      0.007802512346016129,
      0.0,
      0.0037862124957206045,
      0.0,
      0.012921020167240607,
      0.0008688949988560263,
      0.003433971526029734,
      0.009231675220781995,
      0.008304736086830002,
      0.006126105636928606,
      0.0,
      0.005060157718537026,
      0.0,
      0.00416801243580144,
      0.0,
      0.0005520392083890604,
      0.0,
      0.0,
      0.0031618984724323023,
      0.0046689396759614634,
      0.0,
      0.0,
      0.0,
      0.0,
      0.0023498193015234134,
      0.010221003788864792,
      0.0,
      0.0,
      0.002018660138671195,
      0.0,
      0.0053855356952111745,
      0.005207277744602581,
      0.01064868896301797,
      0.0,
      0.0008496302750389278,
      0.0,
      0.018537709713120465,
      0.006381270685066138,
      0.0,
      0.017027934458335912,
      0.005059501781609299,
      0.0,
      0.0,
      7.183028060234572e-06,
      0.0,
      0.0,
      0.0036543578172772385,
      0.0,
      0.0,
      0.0,
      0.0,
      0.00021079979642147956,
      0.0,
      0.0,
      0.0,
      0.006297689819383949,
      0.0,
      0.0043336838916562615,
      0.006593994379935437,
      0.0,
      0.005868987258970003,
      0.002174402918120959,
      0.015700956616497157,
      0.01814288552091261,
      0.0,
      0.00033068270758230964,
      0.006205606787563281,
      0.0,
      0.0,
      0.0,
      0.020348414387787717,
      0.0,
      0.0,
      0.0,
      0.0,
      0.0007713851251991787,
      0.0,
      0.01176934150562695,
      0.011131402747555148,
      0.0,
      0.009515648832121798,
      0.0,
      0.00279403865905586,
      0.0,
      0.015998444993302944,
      0.007832294411798772,
      0.0,
      0.0,
      0.00015158163631918877,
      0.005743215072760029,
      0.0040654018015066655,
      0.004979400459844139,
      0.01450469832524902,
      0.0058235138610395094,
      0.0,
      0.009887564729401813,
      0.010012302285890427,
      0.012827829058473907,
      0.005115380605423835,
      0.0,
      0.0,
      0.0,
      0.0010209794619980886,
      0.0,
      0.0,
      0.0,
      0.004372269061122945,
      0.0,
      0.0,
      0.0031883841494196145,
      0.009254386418828883,
      0.0009522017956449773,
      0.0,
      0.0,
      0.018559658153415495,
      0.0,
      0.01722025785519627,
      0.0,
      0.0,
      0.010983176634977904,
      0.0,
      0.011327428975743237,
      0.014754291683314755,
      0.0,
      0.0,
      0.014291395257828509,
      0.0,
      0.001089996848488024,
      0.0,
      0.0015010499838260375,
      0.0116506140900409,
      0.0,
      0.0,
      0.008327481987835447,
      0.0019235588442149806,
      0.014927321267159774,
      0.0009161538990886343,
      0.007344139502507294,
      0.0,
      0.00040046582194504894,
      0.0,
      0.009075314028827221,
      0.008783551608557951,
      0.005489891193895834,
      0.0098070937632554,
      0.0014282017309109507,
      0.006662964015674563,
      0.004058479506283794,
      0.003203708351992242,
      0.0,
      0.0,
      0.0,
      0.0,
      0.00608606465735154,
      0.0,
      0.011312627067494531,
      0.0,
      0.01037244383979557,
      0.010040310906555303,
      0.0,
      0.0,
      0.0001368849011646952,
      0.014749214666644703,
      0.006970641497918321,
      0.01372837363803571,
      0.0010254464953404685,
      0.0018460523391235328,
      0.0,
      0.001495530360153927,
      0.0,
      0.0,
      0.00491556664985859,
      0.00038904193465855586,
      0.0,
      0.0,
      0.0,
      0.00789524234634695,
      0.0
    ],
    "low_data": false
  },
  "250000": {
    "median": 0.0009644953401830129,
    "p90": 0.011521129337912687,
    "p10": 0.0,