{
  "100000": {
    "median": 0.00013269566972873626,
    "p90": 0.010520229759253713,
    "p10": 0.0,
    "sample": [
      0.00012860648615184106,
      0.00013678485330563146,
      0.0,
      0.004677197140853392,
      0.0,
      0.0,
      0.0049175387310957785,
      0.007542338872429785,
      0.007546114776162813,
      0.0,
      0.003521299680327983,
      0.0,
      0.00022118496323648225,
      0.0,
      0.0,
      0.005543215555046735,
      0.0035977925551476165,
      0.0,
      0.007329836079444917,
      0.0,
      0.0,
      0.006782778186169301,
      0.0003286671869529729,
      0.0,
      0.0,
      0.0020947956583925354,
      0.0,
      0.0,
      0.0048709098460059394,
      0.0,
      0.0,
      0.0,
      0.0,
      0.008499140052685615,
      0.011820045496469209,
      0.0,
      0.006194249273132202,
      0.0,
      0.0,
      0.010204540155490376,
      0.0,
      0.000823627139120735,
      0.007410443978960275,
      0.0,
      0.003047695269339353,
      0.0,
      0.0,
      0.009914793906220973,
      0.0,
      0.0,
      0.010556347891994453,
      0.0037094247842846106,
      0.0,
      0.0,
      0.004856955088422392,
      0.004232790754710639,
      0.019887806673152087,
      0.005470314485995048,
      0.0,
      0.0,
      7.804269649265745e-05,
      0.0,
      0.0,
      0.0029844109773751247,
      0.01115234201999106,
      0.0,
      0.001264916712133079,
      0.0,
      0.01589069002300674,
      0.016280120408933684,
      0.0067237833577374435,
      0.0,
      0.0062920362790997945,
      0.010428929261347922,
      0.0,
      0.0008043481157299604,
      0.006764892052443412,
      0.0,
      9.235932095539407e-05,
      0.0006997902240006038,
      0.0,
      0.019261280995130296,
      0.006635862374449877,
      0.0,
      0.0,
      0.015864748575702615,
      0.019122649984889998,
      0.0,
      0.0,
      0.009556353537738378,
      0.0009347722892757383,
      0.0,
      0.0,
      0.0,
      0.0,
      0.0,
      0.0,
      0.004507836284124626,
      0.007168076067184597,
      0.0,
      0.008692000408111382,
      0.0,
      0.001652634620238244,
      0.0,
      0.010516216633393631,
      0.0,
      0.0,
      0.0,
      0.0,
      0.0,
      0.014919759078429426,
      0.0095294490917764,
      0.0,
      0.0,
      0.013259136594278511,
      0.005862959855561096,
      0.004282318533849886,
      0.002427671027731257,
      0.0,
      0.0020832434449006934,
      0.006181213644986778,
      0.004066407738403501,
      0.0005471702917934086,
      0.0,
      0.007435865665980604,
      0.0,
      0.0,
      0.009104164623896894,
      0.007327175255579117,
      0.0,
      0.0009651394011989056,
      0.0018434328130014146,
      0.00024764856129320923,
      0.0009553707742231963,
      0.0,
      0.013665706107338554,
      0.0,
      0.0,
      0.0,
      0.0,
      0.005199453129946238,
      0.0067048302307529855,
      0.0,
      0.011013126293249124,
      0.0,
      0.005380291628486385,
      0.0,
      0.0,
      0.0003114926478054328,
      0.0,
      0.0,
      0.014359361195081332,
      0.0,
      0.01867997197282763,
      0.00397115719688739,
      0.007165778639096055,
      0.00867537489510249,
      0.0,
      0.011636378307629766,
      0.0,
      0.01699029490195694,
      0.0,
      0.0016579163064378904,
      0.00383947252246562,
      0.0,
      0.0,
      0.008653920336821264,
      0.0,
      0.00511761177974605,
      0.01031763302582393,
      0.006564921288917591,
      0.008640448319636384,
      0.00904833237589487,
      0.0,
      0.010566317386166597,
      0.0,
      0.0064527385972580256,
      0.0,
      0.004455088636386696,
      0.0,
      0.0011715298763179634,
      0.001379453402412334,
      0.0,
      0.0,
      0.0,
      0.0007025201612052526,
      0.009558384852616963,
      0.0,
      0.0,
      0.002034382357756461,
      0.014051611703215986,
      0.010701855288568032,
      0.0,
      0.0,
      0.00710195032584141,
      0.0,
      0.0,
      0.0,
      0.008816112869361993,
      0.0
    ],
    "low_data": false
  },
  "250000": {
    "median": 0.0003155298207167722,
    "p90": 0.01064843767692495,
    "p10": 0.0,