{
  "100000": {
    "median": 0.0002823018871036946,
    "p90": 0.011582192559996592,
    "p10": 0.0,
    "sample": [
      0.00012758396269232683,
      0.0001282266239783832,
      0.0,
      0.0021047478850562415,
      0.01078419142756184,
      0.008042984360778244,
      0.005088566368107218,
      0.023348891958078575,
      0.0029431218307173178,
      0.006300095636674435,
      0.002253537370484492,
      0.0008466532949462242,
      0.0002368620121846252,
      0.0,
      0.0,
      0.0,
      0.008594742704302539,
      0.004313272783606414,
      0.0,
      0.0,
      0.0,
      0.0,
      0.013832779499149886,
      0.003927698467410327,
      0.012903435688122964,
      0.0,
      0.0,
      0.013041408593988781,
      0.01588539540899641,
      0.01806321308933436,
      0.01112154716936091,
      0.0012499435140850017,
      0.008171672586774488,
      0.006174065475190322,
      0.0,
      0.001762070332561436,
      0.0,
      0.009702191796151593,
      0.002055511172118095,
      0.004479611162040596,
      0.0020870201742464256,
      0.007167606755026923,
      0.014363163678205773,
      0.00027953127945089804,
      0.0030691641300023866,
      0.0,
      0.006635870961652149,
      0.001096246563441321,
      0.005894615814224951,
      0.0,
      0.0,
      0.010523218157434585,
      0.0,
      0.0,
      0.0,
      0.006410378270854458,
      0.0039879272110727336,
      0.0,
      0.0,
      0.001866823661227619,
      0.0017609801314514776,
      0.00969694596031352,
      0.0,
      6.590425615562396e-05,
      0.0,
      0.010156798089409232,
      0.0,
      0.005068869845610676,
      0.0,
      0.007780402152652135,
      0.0,
      0.0054111458273153135,
      0.0,
      0.01612952833201592,
      0.0,
      0.0017365476081330857,
      0.0,
      0.0,
      0.01096225683047394,
      0.0,
      0.0,
      0.0,
      0.004583444524933899,
      0.00028507249475649113,
      0.0,
      0.005878185938984915,
      0.004033809864054989,
      0.0046834320619618,
      0.0,
      0.011499943628103517,
      0.020869596719119338,
      0.0194480008425188,
      0.0,
      0.0,
      0.0,
      0.0,
      0.0,
      0.013043928686386258,
      0.007328393042443678,
      0.0,
      0.0,
      0.0,
      0.0,
      0.0,
      0.00014579279174070327,
      0.0,
      0.0031196175548963,
      0.010212429386053065,
      0.0,
      0.0,
      0.0055871604623417125,
      0.001017097265169058,
      0.007459606361567168,
      0.0008669608229519318,
      0.012362756456774215,
      0.0,
      0.011427518734325945,
      0.0,
      0.0,
      0.0,
      0.0,
      0.01052026080962553,
      0.013860090254907677,
      0.0,
      0.023925624308673496,
      0.0,
      0.0,
      0.0021395545700212213,
      0.0,
      0.00895975792583249,
      0.0,
      0.012709277494227223,
      0.019039568702063026,
      0.0,
      0.0,
      0.0,
      0.006444210064073114,
      0.0,
      0.007766988469884805,
      0.012322432947034317,
      0.0,
      0.004422553520733874,
      0.0,
      0.0,
      0.0004086276500009983,
      0.0,
      0.007999554558158463,
      0.0,
      0.0,
      0.0,
      0.0,
      0.001472164919286042,
      0.00035989965937619254,
      0.0,
      0.002518451259280919,
      0.0,
      0.011415616414628722,
      0.0,
      0.0,
      0.0,
      0.0022612783008341283,
      0.0,
      0.00459247510535339,
      0.000720488934540146,
      0.016816419637131767,
      0.0,
      0.00493823456314307,
      0.00048484067209809094,
      0.002854195487160651,
      0.0,
      0.0,
      0.0,
      0.0,
      0.002993565688870116,
      0.0006914463524645936,
      0.005395905195378392,
      0.0,
      0.001482613914439841,
      0.0,
      0.0,
      0.002653966901516122,
      0.0,
      0.0,
      0.0028972379115543264,
      0.0,
      0.0,
      0.019111620099939493,
      0.0,
      0.0,
      0.0,
      0.013776526798074524,
      0.0056348021373522515,
      0.0,
      0.0035454885787216672,
      0.0,
      0.000647986083826238,
      0.00494780473475877,
      0.0,
      0.0,
      0.0034631475356590806
    ],
    "low_data": false
  },
  "250000": {
    "median": 0.00039972798667221155,
    "p90": 0.011699854570973917,
    "p10": 0.0,