{
  "100000": {
    "median": 0.0003217401795832564,
    "p90": 0.01260544404185703,
    "p10": 0.0,
    "sample": [
      8.078005281822746e-05,
      0.00017684155090786507,
      0.0037410934353413294,
      0.004602292926704025,
      0.0,
      0.0012060059556691478,
      0.00033571785101636293,
      0.0005414637633517545,
      0.0,
      0.0,
      0.0,
      0.0,
      0.0,
      0.0,
      0.0,
      0.0061392155677816125,
      0.0,
      0.0,
      0.0,
      0.0,
      0.0,
      0.0,
      0.0,
      0.0,
      0.0,
      0.014538838706897032,
      0.0,
      0.0,
      0.0002491177500081068,
      0.0029908073503943466,
      0.0,
      0.006451713034659658,
      0.0005784107315239443,
      0.004179461287230233,
      0.0034621709184869728,
      0.0,
      0.0,
      0.002871203331364093,
      0.009313265986829454,
      0.013557730714027943,
      0.011030460803734038,
      0.01781041704584886,
      0.020009936269425606,
      0.0,
      0.0,
      0.0003077625081501499,
      0.0,
      0.008627304018701442,
      0.0,
      0.009349893570780416,
      0.0051684425256565015,
      0.0050162525475032655,
      0.0,
      0.002274870385127407,
      0.0007738394203926784,
      0.004995695241121214,
      0.012602826456989477,
      0.00873544934349905,
      0.013840870662840402,
      0.0,
      0.0,
      0.0,
      0.0,
      0.0,
      0.0,
      0.015568070265489082,
      0.0,
      0.00548137320370081,
      0.0038403216128800547,
      0.0014731083813358363,
      0.006841219625804103,
      0.019937263055667426,
      0.0,
      0.0,
      0.013290632070910776,
      0.003628720763951473,
      0.0017592796560574535,
      0.0014173205889098574,
      0.0,
      0.010910157168775473,
      0.0,
      0.005910987938616361,
      0.0,
      0.0,
      0.003490127283390467,
      0.032654126759959025,
      0.0,
      0.0,
      0.0,
      0.0,
      0.012629002305665006,
      0.015494721058079251,
      0.0,
      0.006202765489016603,
      0.0,
      0.0027427312768245173,
      0.003048053231630066,
      0.0,
      0.0013826723528849577,
      0.0,
      0.0,
      0.001092862421692607,
      0.00540546462412692,
      0.0005285837470916373,
      0.009126713617112883,
      0.0,
      0.0,
      0.0025763930220356313,
      0.004789428222245895,
      0.0,
      0.0027389442827929506,
      0.0,
      0.0,
      0.005181200206059335,
      0.0,
      0.013532162962590707,
      0.01181223928055319,
      0.0297488768841413,
      0.0,
      0.0,
      0.0,
      0.005183639713671971,
      0.007112989039941385,
      0.0,
      0.0,
      0.0034419925412070263,
      0.018543321737294453,
      0.00820734884197055,
      0.0,
      0.009771812250553832,
      0.0,
      0.0,
      0.017186732550795742,
      0.0043652719436046376,
      0.0,
      0.005173737088763082,
      0.008577878792880937,
      0.00662035107398312,
      0.007911178695245828,
      0.0,
      0.005490684776467179,
      0.0,
      0.0006285681742418229,
      0.0,
      0.0,
      0.0,
      0.0,
      0.0,
      0.0,
      0.002973473896425526,
      0.01608507816273429,
      0.0,
      0.003048402477113246,
      0.006313350426345099,
      0.0,
      0.0,
      0.006960056766913913,
      0.00933865017368063,
      0.00290401144797168,
      0.0,
      0.0,
      0.0,
      0.0018457532943838308,
      0.011740786783341702,
      0.01675686668925487,
      0.011067568175915912,
      0.010897776680418978,
      0.0,
      0.0,
      0.012959443323420987,
      0.005807982505606557,
      0.00016886900506481612,
      0.0,
      0.0,
      0.0,
      0.014429119970367551,
      0.008292557816768647,
      0.0,
      0.01034899646191529,
      0.0,
      0.0,
      0.0,
      0.005980436540939159,
      0.0,
      0.006669016496756035,
      0.0,
      0.0,
      0.0,
      0.0,
      0.0,
      0.0019162228896188074,
      0.008456202003585097,
      0.00036857510850937786,
      0.0,
      0.01281290266421075,
      0.0,
      0.0006231008376430145,
      0.004273225633534425,
      0.004031257242796647,
      0.009055218200249005
    ],
    "low_data": false
  },
  "250000": {
    "median": 0.0004553550805213057,
    "p90": 0.012735159750155,
    "p10": 0.0,