{
  "100000": {
    "median": 0.0,
    "p90": 0.010427851386815392,
    "p10": 0.0,
    "sample": [
      7.983523742483063e-05,
      0.00010011410841534929,
      0.0,
      0.005571270362344615,
      0.0001558694431756951,
      0.007173478997556154,
      0.00629758934586258,
      0.018481535542880536,
      0.0,
      0.0,
      0.014702977565778347,
      0.0,
      0.005538584570107502,
      0.0,
      0.0,
      0.0,
      0.0,
      0.0,
      0.0,
      0.0024984686016713067,
      0.013354056449222086,
      0.0,
      0.0,
      0.0011235337863544055,
      0.0,
      0.008616608629121184,
      0.0,
      0.0,
      0.0017438552997530625,
      0.0,
      0.006049623576480377,
      0.0,
      0.0,
      0.012221358736748943,
      0.012895181877658627,
      0.005469553894157532,
      0.0,
      0.0014017293641207184,
      0.0,
      0.00907293974608632,
      0.0,
      0.001625265846878134,
      0.0,
      0.00833188496155487,
      0.006527149931775573,
      0.0,
      0.0,
      0.0,
      0.0,
      0.022653129489418156,
      0.017426045663219515,
      0.0,
      0.0,
      0.009289914560491061,
      0.0,
      0.012504589763176931,
      0.005868910670415495,
      0.0,
      0.0,
      0.0,
      0.0,
      0.0030642476613605214,
      0.0,
      0.0,
      0.0,
      0.0004552760626837145,
      0.014244444363043549,
      0.0,
      0.0,
      0.0,
      0.004395388695865679,
      0.00011827733012176322,
      0.0,
      0.0,
      0.0,
      0.0005159899516783698,
      0.0,
      0.0,
      0.0,
      0.0,
      0.0,
      0.0,
      0.0,
      0.006372593235574601,
      0.005295804224189795,
      0.0,
      0.0,
      0.0,
      0.008220813766226716,
      0.0028071491732983038,
      0.009598654815011081,
      0.0,
      0.0,
      0.004144669328930649,
      0.0,
      0.0,
      0.007299329283816611,
      0.0,
      0.008134935816809387,
      0.002745475875151292,
      0.010862863765958972,
      0.0,
      0.0040240717764886335,
      0.005430651469133843,
      1.369671120989134e-05,
      0.0,
      0.0,
      0.00351388107311298,
      0.0046604642860313605,
      0.0,
      0.0059092227117564615,
      0.000563041999296501,
      0.0,
      0.0,
      0.0,
      0.007838909590356047,
      0.0,
      0.00891951162066965,
      0.014520510503949282,
      0.0,
      0.0,
      0.0,
      0.0,
      0.0019774898011106446,
      0.0044066302043036035,
      0.0,
      0.004036313806517533,
      0.0,
      0.0,
      0.0,
      0.0,
      0.001981971649341327,
      0.0,
      0.00475942649706705,
      0.010379516678021665,
      0.0004973286683749643,
      0.010917787370877743,
      0.0,
      0.0004914336941571428,
      0.0,
      0.0,
      0.0,
      0.0,
      0.0,
      0.0,
      0.0,
      0.002143202295029168,
      0.011222641733895214,
      0.002694030424684083,
      0.0,
      0.016331217343517897,
      0.010239391258004495,
      0.0,
      0.0,
      0.013192533875949401,
      0.0,
      0.0,
      0.0040503102881580474,
      0.0,
      0.0,
      0.0,
      0.0,
      0.0,
      0.0,
      0.004255875515628921,
      0.0034090952892182093,
      0.0,
      0.008402103930433549,
      0.0,
      0.0,
      0.0,
      0.0011594012159922469,
      0.0020808275258481176,
      0.013128032590052331,
      0.012070344401958841,
      0.0,
      0.0,
      0.0015465596839739533,
      0.0,
      0.00946295353946412,
      0.0,
      0.0,
      0.005981612255677839,
      0.0017149586489154276,
      0.0,
      0.0,
      0.0,
      0.0,
      0.015441543879494774,
      0.0004059202931362492,
      0.016445910566630462,
      0.0,
      0.0,
      0.0,
      0.0,
      0.0,
      0.0,
      0.0,
      0.013252774490666858,
      0.0
    ],
    "low_data": false
  },
  "250000": {
    "median": 0.0,
    "p90": 0.010605350287979506,
    "p10": 0.0,
    "sample": [
      0.00018211286594414734,
      0.00022837117785400033,
      0.0,
      0.005850174919343624,
      0.00038342177234689846,
      0.0073515134189644,
      0.006518304078416025,
      0.01860531182365334,
      0.0,
      0.0,
      0.014925286282178155,
      0.0,
      0.005640600984283299,
      0.0,
      0.0,
      0.0,
      0.0,
      0.0,
      0.0,
      0.002757119526685584,
      0.013466452304017837,
      0.0,
      0.0,
      0.0012548153342636398,
      0.0,
      0.008803872218524005,
      0.0,
      0.0,
      0.0018986709831709436,
      0.0,
      0.0061763836384568106,
      0.0,
      0.0,
      0.012340898657251017,
      0.0129848642289216,
      0.005558246046333741,
      0.0,
      0.0015604192462663985,
      0.0,
      0.009211915597045699,
      0.0,
      0.0017702253799594379,
      0.0,
      0.008458044781253267,
      0.006625458407465997,
      0.0,
      0.0,
      0.0,
      0.0,
      0.022779876877066823,
      0.017595121899562218,
      0.0,
      0.0,
      0.009405368518323296,
      0.0,
      0.012650314478796002,
      0.005961871137444205,
      0.0,
      0.0,
      0.0,
      0.0,
      0.003149671355602719,
      0.0,
      0.0,
      0.0,
      0.000598818459879506,
      0.014435645229837389,
      0.0,
      0.0,
      0.0,
      0.004570158992897383,
      0.00021802709510442505,
      0.0,
      0.0,
      0.0,
      0.0006406486673504663,
      0.0,
      0.0,
      0.0,
      0.0,
      0.0,
      0.0,
      0.0,
      0.00646216853952717,
      0.005384557703558937,
      0.0,
      0.0,
      0.0,
      0.008395696557535874,
      0.002939021159794602,
      0.009757044224762717,
      0.0,
      0.0,
      0.0042630667996394435,
      0.0,
      0.0,
      0.0074689769586914435,
      0.0,
      0.008271081557039072,
      0.0029209733401749194,
      0.011022543152478116,
      0.0,
      0.004136593334378462,
      0.005540212231136801,
      9.839433403052644e-05,
      0.0,
      0.0,
      0.00368340674554082,
      0.004867485622858032,
      0.0,
      0.006041300283071109,
      0.0007087230471361917,
      0.0,
      0.0,
      0.0,
      0.00798102527212092,
      0.0,
      0.00904763700901495,
      0.014616172244263804,
      0.0,
      0.0,
      0.0,
      0.0,
      0.0020877816457220448,
      0.004591190597948668,
      0.0,
      0.004128337395413994,
      0.0,
      0.0,
      0.0,
      0.0,
      0.00217719877084363,
      0.0,
      0.004967999009781476,
      0.01056038744850501,
      0.0006239990377362354,
      0.011010015843249997,
      0.0,
      0.0006039640020590574,
      0.0,
      0.0,
      0.0,
      0.0,
      0.0,
      0.0,
      0.0,
      0.0022888263265762074,
      0.011441861278098014,
      0.0027857879299219564,
      0.0,
      0.016518826913378935,
      0.010432162730469688,
      0.0,
      0.0,
      0.01339816531249015,
      0.0,
      0.0,
      0.004220212052479434,
      0.0,
      0.0,
      0.0,
      0.0,
      0.0,
      0.0,
      0.00437668125032498,
      0.003552125676360157,
      0.0,
      0.008500522089395515,
      0.0,
      0.0,
      0.0,
      0.0012608811081800339,
      0.002287966033381033,
      0.01326194628620117,
      0.012228217871748038,
      0.0,
      0.0001353230071233121,
      0.0016681253488392788,
      0.0,
      0.009622022658701851,
      0.0,
      0.0,
      0.006104813301666575,
      0.0019297464920825424,
      0.0,
      7.96423804350569e-05,
      0.0,
      0.0,
      0.015610262273117901,
      0.0006338240458895463,
      0.016640596884443783,
      0.0,
      0.0,
      0.0,
      0.0,
      0.0,
      0.0,
      0.0,
      0.013508339375997406,
      0.0
    ],
    "low_data": false
  },
  "500000": {
    "median": 0.0,
    "p90": 0.010870600611263806,
    "p10": 0.0,