{
  "100000": {
    "median": 0.0006745473448366518,
    "p90": 0.011412717360519948,
    "p10": 0.0,
    "sample": [
      0.00018277577584794,
      0.00017537998418424842,
      0.0,
      0.0012371632727715073,
      0.0,
      0.0006528173821066467,
      0.01100933798896252,
      0.0,
      0.0,
      0.0,
      0.0,
      0.0,
      0.0,
      0.007396023677499298,
      0.007424461159904694,
      0.011252208621295058,
      0.00880130030766715,
      0.0,
      0.0,
      0.004188685183269068,
      0.0,
      0.0006962773075666569,
      0.0,
      0.0031545363956207444,
      0.0,
      0.0,
      0.01259284322834468,
      0.0,
      0.010396078219116617,
      0.0,
      0.0016381907745286286,
      0.0,
      0.0014284523944336565,
      0.0013103275234523444,
      0.005730601128417426,
      0.0,
      0.00027286064343836475,
      0.0,
      0.0023032807580711467,
      0.004534244093411337,
      0.013712953869292178,
      0.007990426037198704,
      0.0,
      0.006801358880655702,
      0.011691015425559191,
      0.020775105207599915,
      0.015001282455219988,
      0.0,
      0.0,
      0.0,
      0.0046470110314411036,
      0.0010377012019354404,
      0.002654331520874369,
      0.010351748709946424,
      0.0,
      0.0,
      0.00965047298862885,
      0.005557185819688705,
      0.0,
      0.0,
      0.0,
      0.014740049173766697,
      0.006514249823108155,
      0.003631345500467837,
      0.00338692102481801,
      0.003707979106204778,
      0.0,
      0.008207483962612172,
      0.0,
      0.0,
      0.0,
      0.0,
      0.0,
      0.009569229903202752,
      0.016257617670881692,
      0.008984641045208528,
      0.0,
      0.0,
      0.0,
      0.006129206788813907,
      0.010169931196344744,
      0.0,
      0.0,
      0.0,
      0.011381795353293367,
      0.0,
      0.0009165738693212638,
      0.0,
      0.0,
      0.004508146420001216,
      0.0,
      0.0,
      0.005703872719700234,
      0.0023881313537262696,
      0.0,
      0.00986009231893596,
      0.0,
      0.004913894988259064,
      0.009824344287139223,
      0.010417692699945347,
      0.0,
      0.004277326335340548,
      0.0014253093727985002,
      0.016361401024777525,
      0.003977061597500193,
      0.005573129098848552,
      0.0,
      0.0,
      0.0,
      0.0,
      0.0,
      0.0,
      0.0,
      0.013076137493696106,
      0.009610489954577943,
      0.015979045852909445,
      0.015264967219947757,
      0.0,
      0.013189771958321305,
      0.0015241057026671432,
      0.016157092700234618,
      0.0015365344429885065,
      0.0,
      0.0,
      0.0,
      0.0,
      0.0019684479800125016,
      0.0006989390545897715,
      0.014047177826295443,
      0.008562679670321125,
      0.0,
      0.0,
      0.0038634672481862673,
      0.0,
      0.0010460603320484167,
      0.0,
      0.0022480660290844757,
      0.0,
      0.002272387695252177,
      0.003353756282526443,
      0.0015827881235426784,
      0.0,
      0.0,
      0.009036404367034154,
      0.0,
      0.0,
      0.0,
      0.0,
      0.0014854615626388264,
      0.006189874948185085,
      0.00452532487647191,
      0.002548836051626118,
      0.0,
      0.0,
      0.0,
      0.0,
      0.0032910896999365355,
      0.016429254365145137,
      0.020206204490583815,
      0.0012788748471785128,
      0.0,
      0.00905978725600598,
      0.007523087188461032,
      0.0,
      0.0,
      0.0,
      0.0,
      0.0,
      0.0,
      0.010817275298490301,
      0.003911246893312197,
      0.0,
      0.0,
      0.0034090659690327024,
      0.010093829668230825,
      0.0,
      0.0,
      0.010787026630795938,
      0.0023209811299905077,
      0.0,
      0.0,
      0.0,
      0.007260727645713502,
      0.0,
      0.0,
      0.010706549247053427,
      0.0015025431225557712,
      0.0,
      0.0022601570948185047,
      0.0,
      0.009734695838003377,
      0.012558706818725554,
      0.0003592693376439505,
      0.01851718673956023,
      0.0010524695104280057,
      0.0,
      0.0,
      0.023460674883892543,
      0.001177246350955518,
      0.015097892545378607
    ],
    "low_data": false
  },
  "250000": {
    "median": 0.0007767468668967463,
    "p90": 0.011625476850188856,
    "p10": 0.0,