{
  "100000": {
    "median": 0.0,
    "p90": 0.012874920438442353,
    "p10": 0.0,
    "sample": [
      0.00010337918806997616,
      7.942280842177521e-05,
      0.0007888367584835857,
      0.0,
      0.004282854357757338,
      0.0,
      0.0,
      0.007601626348853097,
      0.011596290008666991,
      0.0005875468625679104,
      0.003867444883568959,
      0.0,
      0.0,
      0.0,
      0.0,
      0.004412240623774314,
      0.005464828755612637,
      0.0,
      0.005339677574034908,
      0.00776566897061726,
      0.003201850190416161,
      0.0,
      0.00717321671400185,
      0.0037574816214176665,
      0.0,
      0.0,
      0.0,
      0.0,
      0.0,
      0.0,
      0.01826345550666351,
      0.0,
      0.0054819160963725895,
      0.0,
      0.006511723571445287,
      0.0,
      0.0009137494083547384,
      0.001957699070898713,
      0.011649012075417846,
      0.0008382566189485762,
      0.0,
      0.0,
      0.0,
      0.015372264181230394,
      0.0,
      0.0,
      0.0,
      0.009696893967716983,
      0.021900472718929597,
      0.0,
      0.0,
      0.0,
      0.0,
      0.019756013164293075,
      0.0,
      0.004637919850220062,
      0.007964444315112668,
      0.0,
      0.005969755193928415,
      0.015089392300285278,
      0.0,
      0.016240640810405892,
      0.00523071774477625,
      0.02234791370089624,
      0.0,
      0.005864310585169221,
      0.006253952330067033,
      0.01648356713721756,
      0.004239872175704796,
      0.008404640321977394,
      0.0,
      0.0,
      0.009776312212454315,
      0.0,
      0.0,
      0.0,
      0.0,
      0.0,
      0.0,
      0.0,
      0.0,
      0.0,
      0.006973604644933158,
      0.013012576244556673,
      0.0,
      0.0,
      0.0,
      0.015864527397510188,
      0.017334647777514468,
      0.003007770075397693,
      0.002275561671391611,
      0.0,
      0.010878312145401511,
      0.00343789472273654,
      0.018693777976197666,
      0.000572305735925041,
      0.002164625896813303,
      0.0,
      0.00037245648929047165,
      0.005455597948868029,
      0.010322590842258538,
      0.003123160907358965,
      0.0,
      0.0,
      0.0071101984454859995,
      0.0,
      0.0,
      0.0,
      0.0,
      0.01203529419747037,
      0.0033137353874779845,
      0.004857915341317798,
      0.009116943251134694,
      0.0,
      0.0,
      0.0007296297617457597,
      0.007523734144552586,
      0.001762208188889579,
      0.0,
      0.013988867247886765,
      0.0007772237553306533,
      0.0,
      0.0,
      0.019626046793931498,
      0.0,
      0.0,
      0.0004434321432592168,
      0.001774306241843486,
      0.0,
      0.0,
      0.00035423765996943997,
      0.0040539560559028995,
      0.0,
      0.004201797604516576,
      0.0,
      0.009635697002935017,
      0.0,
      0.020032688737360253,
      0.0,
      0.0,
      0.0,
      0.0034545695639749767,
      0.0,
      0.0031864644962546836,
      0.0,
      0.008322435215826145,
      0.0023963620568693803,
      0.0,
      0.004887583579230004,
      0.0,
      0.0,
      0.0,
      0.012859625348874096,
      0.0024135903220586148,
      0.0,
      0.0051242299231464335,
      0.0,
      0.0,
      0.0014433701450578503,
      0.0,
      0.004713706629809551,
      0.017534279083505293,
      0.0,
      0.02383679948158186,
      0.0,
      0.0,
      0.0,
      0.0,
      0.0,
      0.009346952771640217,
      0.0,
      0.0070971898546708465,
      0.0,
      0.009546429067625027,
      0.007836461303213615,
      0.0,
      0.0,
      0.0,
      0.0,
      0.008298899512427798,
      0.013371799331358914,
      0.0,
      0.007293767782230798,
      0.0,
      0.0,
      0.006863708954974674,
      0.018757191296314837,
      0.0015250944411562416,
      0.0,
      0.0024585400150105192,
      0.0,
      0.0,
      0.0,
      0.009234396614662766,
      0.013682219421043878,
      0.008430080393566474,
      0.0,
      0.0,
      0.0006376706342372542,
      0.0
    ],
    "low_data": false
  },
  "250000": {
    "median": 0.0,
    "p90": 0.01299417773943409,
    "p10": 0.0,