{
  "100000": {
    "median": 0.000289113327989709,
    "p90": 0.01123840019849657,
    "p10": 0.0,
    "sample": [
      8.853535442201888e-05,
      8.619875093067894e-05,
      0.0,
      0.005269275364628186,
      0.007462375938243422,
      0.0,
      0.0034670926950654737,
      0.0,
      0.0,
      0.013302320104977935,
      0.02212021569249768,
      0.0,
      0.00316173498730106,
      0.0003909117000662899,
      0.0,
      0.0,
      0.008281761717314111,
      0.0,
      0.005531058315987655,
      0.0,
      0.005084354787855412,
      0.0,
      0.0,
      0.00641621968702576,
      0.004296713080947854,
      0.0,
      0.005933312788187333,
      0.0,
      0.0,
      0.0046302772655501066,
      0.0,
      0.0,
      0.0,
      0.0,
      0.0,
      0.0,
      0.002260632560772086,
      0.0,
      0.0,
      0.01208539750851529,
      0.004447709199395062,
      0.0,
      0.006616336869205253,
      0.0,
      0.0098400708740386,
      0.0006117595622616295,
      0.0018119943702489287,
      0.0,
      0.013922226397578391,
      0.0,
      0.0,
      0.008609859760769101,
      0.005758824147828092,
      0.010617098510275867,
      0.0,
      0.010798288726838514,
      0.011595102490289668,
      0.0,
      0.0,
      0.0,
      0.011757248181380162,
      0.0012802436936756412,
      0.003129798446670453,
      0.004953320873069893,
      0.0,
      0.0,
      0.0,
      0.0,
      0.006620510728152141,
      0.0,
      0.0,
      0.007539439788159957,
      0.0021602611583736125,
      0.0,
      0.015022940976755763,
      0.005803347744971686,
      0.0,
      0.00454774894399565,
      0.002791528972352879,
      0.005965184348907457,
      0.003821465645431129,
      0.0,
      0.003178586075637932,
      0.0,
      0.0013914550501567971,
      0.0011692183821619307,
      0.0,
      0.0,
      0.0,
      0.0,
      0.0,
      0.0042082629368691985,
      0.0015289559877703861,
      0.0,
      0.02141801286699821,
      0.0,
      0.0,
      0.0028919413058407606,
      0.0,
      0.01942621370896097,
      0.0,
      0.0,
      0.0064186682893087165,
      0.0,
      0.0,
      0.008232986478512106,
      0.0,
      0.0,
      0.022139241330311463,
      0.0,
      0.012419957912577915,
      0.0,
      0.0,
      0.0,
      0.0,
      0.0,
      0.0,
      0.0,
      0.018560205826895708,
      0.0002955506444949501,
      0.014390030660541241,
      0.0,
      0.010755776506908834,
      0.0,
      0.0,
      0.0,
      0.0,
      0.006046204230939623,
      0.0,
      0.004519629884796628,
      0.00279510837370969,
      0.0,
      0.0,
      0.0,
      0.0,
      0.0,
      0.00188661798478271,
      0.00860548346402201,
      0.0015914974603550406,
      0.0,
      0.0,
      0.0025017880446792803,
      0.007403390231010134,
      0.0035633174925390407,
      0.0,
      0.005728767542546867,
      0.00046250697685064855,
      0.012636325175128048,
      0.008433038126297816,
      0.007760912491913199,
      0.0,
      0.017569998139626605,
      0.006089717887341077,
      0.002949249998168597,
      0.0020048811323605414,
      0.002952636267017835,
      0.01573345008776381,
      0.0014354793598715604,
      0.0,
      0.006012753859270151,
      0.004538929380429242,
      0.007993435256359262,
      0.007717125359067188,
      0.0,
      0.0,
      0.011258588131247391,
      0.015415498656941425,
      0.006724172238455533,
      0.0010723502874815881,
      0.003441856023499186,
      0.0,
      0.0030512875173853067,
      0.009742627049703283,
      0.0,
      0.008396906324435646,
      0.0,
      8.980089609949238e-05,
      0.004738716250597413,
      0.0,
      0.0106837672253868,
      0.0,
      0.0,
      0.0002826760114844678,
      0.018210592500148975,
      0.0,
      0.008542584636435285,
      0.0,
      0.006275659960107137,
      0.01123615709485759,
      0.0,
      0.015344952595400618,
      0.0008290305960043519,
      0.0,
      0.0,
      0.008558705470750093,
      0.009984638476728485,
      0.0,
      0.007168023863891994,
      0.0,
      0.0
    ],
    "low_data": false
  },
  "250000": {
    "median": 0.00038525222970363105,
    "p90": 0.011336516524848449,
    "p10": 0.0,