{
  "100000": {
    "median": 6.157078655044337e-05,
    "p90": 0.010922812587162342,
    "p10": 0.0,
    "sample": [
      0.00011163514486772498,
      9.493677017283378e-05,
      0.000221520180957194,
      0.0017338864628184997,
      0.004382730612617135,
      0.002280332298731374,
      0.007009672497790975,
      0.0009117096272118993,
      0.008661028278727742,
      0.0,
      0.0012354679351824901,
      0.012158083603133432,
      0.007044703459087375,
      0.0056772516216392396,
      0.00951521733754643,
      0.0,
      0.0,
      0.003481870274230895,
      0.0,
      0.0,
      0.0,
      0.006832937551693747,
      0.0,
      0.004104057163235506,
      0.0,
      0.00036393496005681313,
      0.014927829893694787,
      0.009073812815677096,
      0.0,
      0.021864166222041976,
      0.0,
      0.013237631194648124,
      0.0,
      0.0,
      0.0,
      0.0,
      0.0,
      0.0005357718766943589,
      0.0016724421968157322,
      0.0019562400081015586,
      0.006177742230382511,
      0.0,
      0.00960990686053786,
      0.0,
      0.0,
      0.011911540719237895,
      0.0,
      0.006260327590359167,
      0.0,
      0.0,
      0.0,
      0.007909304196015517,
      0.0166982459003272,
      0.0024391876805017563,
      0.001860314018714507,
      0.0,
      0.0076875707201774545,
      0.006667443563681199,
      0.0,
      0.012363751847630045,
      0.007938389348586419,
      0.0,
      0.010048825909361335,
      0.0070610439095019845,
      0.0,
      0.0064629732337553175,
      0.0,
      0.0,
      0.0,
      0.0,
      0.005360888892418655,
      0.0012919680762346446,
      0.0,
      0.0,
      0.0041882033544737764,
      0.01734317406500495,
      0.007566161082207327,
      0.0,
      0.018189726727134082,
      0.0,
      0.0,
      0.002489901915082568,
      0.0,
      0.0,
      0.0,
      0.01904223435821206,
      0.0,
      0.0,
      0.0,
      0.011898991833969369,
      0.0,
      0.006901988080442117,
      0.007046395044502668,
      0.0,
      0.0011312168874130484,
      0.011647823873004857,
      2.8204802928052974e-05,
      0.018770749120119383,
      0.0037709683500989455,
      0.0,
      0.0,
      0.0,
      0.0,
      0.01338572928541847,
      0.0,
      0.0008228018372903754,
      0.0,
      0.007193484363516083,
      0.0,
      0.0,
      0.00371103302802077,
      0.0039000309728855513,
      0.018563339362450654,
      0.0,
      0.005364767205982215,
      0.0,
      0.00014636827275142815,
      0.009902627599122174,
      0.01874694350904909,
      0.002417335041486581,
      0.0,
      0.0013237344757109904,
      0.0,
      0.0,
      0.0,
      0.0029800849976054414,
      0.008295597728781934,
      0.0,
      0.0,
      0.0,
      0.0,
      0.003736039554982066,
      0.010500455474876972,
      0.011680987253965127,
      0.0012663750589486228,
      0.0,
      0.0,
      0.0,
      0.0,
      0.005936484649417624,
      0.0,
      0.004486643160632098,
      0.002825277129719332,
      0.0,
      0.00032720583954331,
      0.017896265092058813,
      0.0,
      0.0034684082552245985,
      0.01465387091879085,
      0.0007959713328237823,
      0.0,
      0.0,
      0.0,
      0.0,
      0.0,
      0.0,
      0.004961048007110478,
      0.0,
      0.0,
      0.0,
      0.003833924546595136,
      0.0,
      0.0,
      0.0,
      0.00011258022683804899,
      0.0,
      0.0,
      0.0,
      0.0,
      0.005902721793461979,
      0.0008564600861440463,
      0.005104595627664275,
      0.0,
      0.014354939532272194,
      0.0059771637302888205,
      0.0,
      0.0011100229775598243,
      0.0,
      0.0,
      0.0022744632942463573,
      0.0,
      0.0003315106706969883,
      0.0024547701767401713,
      0.0,
      0.0,
      0.003763172075403425,
      0.0,
      0.0,
      0.0,
      0.01084225577762429,
      0.005631751439769059,
      0.0,
      0.0055949231832546804,
      0.0,
      0.005021760685011631,
      0.0,
      0.00013507536522638686,
      0.0,
      0.0,
      0.007299629340114268
    ],
    "low_data": false
  },
  "250000": {
    "median": 0.0002049768730826364,
    "p90": 0.011123809582733348,
    "p10": 0.0,