{
  "100000": {
    "median": 0.0,
    "p90": 0.011891448092144433,
    "p10": 0.0,
    "sample": [
      0.0001874119271283297,
      0.00014697826524493526,
      0.007674982080742784,
      0.02924673138701819,
      0.0025487275526342047,
      0.002407226147817646,
      0.0,
      0.005437637936387552,
      0.0215819906598417,
      0.013006236279783543,
      0.0,
      0.0066302393001728245,
      0.011583350395396413,
      0.0015005207017106108,
      0.0,
      0.022458421943416434,
      0.004115609607676581,
      0.0,
      0.0,
      0.0023597681408811244,
      0.0,
      0.0,
      0.0,
      0.012346270053535495,
      0.0035846475547675802,
      0.0,
      0.012700166273028762,
      0.0,
      0.0,
      0.0,
      0.0037652338147123555,
      0.001988609831649125,
      0.0,
      0.001554802667411748,
      0.0,
      0.0,
      0.006611106070350927,
      0.0,
      0.0,
      0.0,
      0.0018768531818362498,
      0.014746423359746498,
      0.0,
      0.010805070705561628,
      0.01082654672899088,
      0.0,
      0.0,
      0.0052444415767899395,
      0.007246472862210427,
      0.0032369678664059794,
      0.0,
      0.0,
      0.0,
      0.0,
      0.0,
      0.0,
      0.0,
      0.0,
      0.013653077123050833,
      0.004538834502792254,
      0.0,
      0.0,
      0.0,
      0.0011278702550172426,
      0.0,
      0.0,
      0.0,
      0.0,
      0.004104972486838037,
      0.0,
      0.0042544703497316766,
      0.0,
      0.0014499230479445861,
      0.0,
      0.0,
      0.006803936397493971,
      0.0,
      0.0,
      0.014452174606928613,
      0.0,
      0.0,
      0.0,
      0.015652768747194394,
      0.0041114497195433065,
      0.0011074534412389828,
      0.0,
      0.006673726352606092,
      0.0,
      0.009719235997247128,
      0.0,
      0.0,
      0.0,
      0.010525698686242745,
      0.0,
      0.0,
      0.0,
      0.005168529025545951,
      0.0,
      0.0,
      0.0016774742687785506,
      0.0,
      0.006579471373862086,
      0.007012914716832285,
      0.004883034512534713,
      0.006641749911925861,
      0.015593891231280093,
      0.016545159880584775,
      0.0025206234830263824,
      0.0,
      0.011962699414519922,
      0.0,
      0.002134434267477033,
      0.0,
      0.008950725812941502,
      0.0,
      0.0074273831739027855,
      0.005284685377984739,
      0.00873001135821813,
      0.011883531278547157,
      0.004607625449190744,
      0.0,
      0.0,
      0.0,
      0.0,
      0.01122044826070938,
      0.015461188605905944,
      0.009990009805036107,
      0.002346287501941916,
      0.0,
      0.00840389812800753,
      0.01124349365708637,
      0.0,
      0.0020724240010565192,
      0.0,
      0.0,
      0.0030719597613962967,
      0.0036904078515209607,
      0.0,
      0.0,
      0.0,
      0.006116124653957891,
      0.007674007061030493,
      0.0,
      0.0,
      0.01826424035360551,
      0.019113028196386623,
      0.0,
      0.0017548210567687916,
      0.0025059288896933235,
      0.0,
      0.0029479840483033807,
      0.0011508560277060627,
      0.0,
      0.0,
      0.0,
      0.000991630556991756,
      0.0,
      0.006472728638908313,
      0.015348957823116655,
      0.008380461506436156,
      0.009783599615574328,
      0.0,
      0.0011852987973146529,
      0.0,
      0.0,
      0.0,
      0.0,
      0.0038865190469227024,
      0.013816773594204268,
      0.0,
      0.0,
      0.011043133373114014,
      0.0033724762774083096,
      0.0,
      0.01037399919849756,
      0.00015383102458744704,
      0.0,
      0.0014723805766058019,
      0.0,
      0.0,
      0.0,
      0.00048549946409411375,
      0.0,
      0.006480672819743037,
      0.0,
      0.0,
      0.0,
      0.00263802613054818,
      0.0,
      0.0,
      0.0,
      0.0085515534119679,
      0.0008232243397313651,
      0.007586302618784314,
      0.0,
      0.0,
      0.0,
      0.004930286281390996,
      0.022824469357705445,
      0.022830174658734687
    ],
    "low_data": false
  },
  "250000": {
    "median": 0.00015181750927882853,
    "p90": 0.012008775621977566,
    "p10": 0.0,