{
  "100000": {
    "median": 0.0,
    "p90": 0.010891574277376711,
    "p10": 0.0,
    "sample": [
      9.277201268356519e-05,
      0.00010431798476212792,
      0.0,
      0.010399101548776648,
      0.0,
      0.0,
      0.0003917217191193845,
      0.0,
      0.005077439636508994,
      0.0,
      0.0035929378686305963,
      0.0,
      0.0,
      0.0,
      0.012764823978599068,
      0.0,
      0.004791938591906384,
      0.006028501585826575,
      0.0,
      0.0,
      0.01281236993333757,
      0.0,
      0.0,
      0.0,
      0.0,
      0.019758125946354285,
      0.009417693537972609,
      0.0,
      0.005846628800394366,
      0.0,
      0.0,
      0.010040441236669282,
      0.0,
      0.010884902390208279,
      0.015968369123186762,
      0.0,
      0.0,
      0.004514728749699515,
      0.0,
      0.0,
      0.0,
      0.006551171390436409,
      0.00046585277118530236,
      0.010951621261892601,
      0.0,
      0.007096838553975509,
      0.011917367419667528,
      0.00338330987322571,
      0.0,
      0.0,
      0.0,
      0.0,
      0.0,
      0.0,
      0.0024063730379954634,
      0.010373277711514695,
      0.006515236894652615,
      0.0,
      0.0,
      0.006432788679662997,
      0.0,
      0.0,
      0.00710835865541958,
      0.0,
      0.008644974263228106,
      0.0009197396575227315,
      0.0,
      0.0,
      0.003942472650973483,
      0.0013694354767249232,
      0.005481857953313383,
      0.0,
      0.008769464221604599,
      0.0,
      0.0019867549870980043,
      0.0017882180539084123,
      0.0,
      0.007007698790525129,
      0.0025564776297283417,
      0.0,
      0.0,
      0.0,
      0.015106827788191108,
      0.00427291649539931,
      0.0,
      0.0,
      0.0,
      0.0,
      0.011133489440052888,
      0.007996634283291086,
      0.0,
      0.0,
      0.0,
      0.0,
      0.021071672561095822,
      0.0,
      0.0008997258026624714,
      0.005841671053888613,
      0.0,
      0.0,
      0.0,
      0.007554150557439824,
      0.0,
      0.0,
      0.0,
      0.0,
      0.0,
      0.0,
      0.0,
      0.0,
      0.004657763234891451,
      0.006168208243854384,
      0.0022057480538336624,
      0.0,
      0.0,
      0.0,
      0.0026588039962526983,
      0.003196323718954856,
      0.0,
      0.0,
      0.0,
      0.0015543715077382804,
      0.0,
      0.006109590011131044,
      0.0,
      0.0,
      0.0,
      0.0,
      0.006236463528495099,
      0.0,
      0.0,
      0.0,
      0.0007016139891420217,
      0.0,
      0.0,
      0.001067250466952198,
      0.0,
      0.015099212747283697,
      0.0,
      0.0,
      0.00222482517907563,
      0.0,
      0.0009045170609413202,
      0.0,
      0.016596883824318332,
      0.0,
      0.0,
      0.0,
      0.0,
      0.0,
      0.0,
      5.802743363260084e-05,
      0.010790534438800837,
      0.0,
      0.01605495316556165,
      0.005562689699172531,
      0.0,
      0.010874518658746965,
      7.715905123878452e-06,
      0.0,
      0.024700595704630762,
      0.01539290525369113,
      0.016851871475541694,
      0.00014709370373705363,
      0.0,
      0.0012677905785864255,
      0.004248116997865474,
      0.0015464222210435925,
      0.009324402521682474,
      0.0,
      0.0133359701888763,
      0.019124133862618565,
      0.004910716730607086,
      0.010290212733456507,
      0.0,
      0.02025911324672922,
      0.0,
      0.0,
      0.0,
      0.002514901513407442,
      0.004504960797819606,
      0.0,
      0.007776406442097125,
      0.0,
      0.0,
      0.002710584723279616,
      0.003038318871262256,
      0.012745430567273147,
      0.0026012639800371833,
      0.0,
      0.0,
      0.0014740168517081076,
      0.009318834130738578,
      0.01251095061441095,
      0.0,
      0.01069766003439446,
      0.0,
      0.0,
      0.0,
      0.0
    ],
    "low_data": false
  },
  "250000": {
    "median": 0.0,
    "p90": 0.011056840120931053,
    "p10": 0.0,
    "sample": [
      0.00021162305836590537,
      0.00023796067735674194,
      0.0,
      0.010547533781750652,
      0.0,
      0.0,
      0.0005407207888934591,
      0.0,
      0.005251574339807586,
      0.0,
      0.0037201052460570615,
      0.0,
      0.0,
      0.0,
      0.01287102839107263,
      0.0,
      0.00495821513019714,
      0.006162932774705631,
      0.0,
      0.0,
      0.012946616977346653,
      0.0,
      6.23125401220471e-05,
      0.0,
      0.0,
      0.019976935698439453,
      0.00960159209992648,
      0.0,
      0.005964516151255527,
      0.0,
      0.0,
      0.010233270101000965,
      0.0,
      0.011050228146851413,
      0.016082253029105625,
      0.0,
      0.0,
      0.004637677492587686,
      0.0,
      0.0,
      0.0,
      0.006672285697063767,
      0.0005843912484957969,
      0.011116347887647822,
      0.0,
      0.007216464148811633,
      0.01208146444917093,
      0.0035098460532648037,
      0.0,
      0.0,
      0.0,
      0.0,
      0.0,
      0.0,
      0.0025336843561197123,
      0.010619483018436487,
      0.006748044728949926,
      0.0,
      0.0,
      0.006569845781149975,
      0.0,
      0.0,
      0.007299604630652496,
      0.0,
      0.008879955171273213,
      0.0011605961607113692,
      0.0,
      0.0,
      0.0041292343792213365,
      0.0015255186523683668,
      0.005743728012087957,
      0.0,
      0.008897406820680919,
      9.519381325349239e-05,
      0.0021976377558159694,
      0.0019870758424276385,
      0.0,
      0.007267862042103358,
      0.002779877756387359,
      0.0,
      0.0,
      0.0,
      0.01540798444984058,
      0.004388720623166296,
      0.0,
      0.0,
      0.0,
      0.0,
      0.011300035705338852,
      0.008150508529160013,
      0.0,
      0.0,
      0.0,
      0.0,
      0.02135514471819277,
      0.0,
      0.0010347574764694612,
      0.006006045268934299,
      0.0,
      0.0,
      0.0,
      0.007689524184144637,
      0.0,
      0.0,
      0.0,
      0.0,
      0.0,
      0.0,
      0.0,
      0.0,
      0.004866859836414983,
      0.006288980873817595,
      0.0024787853114851756,
      0.0,
      0.0,
      0.0,
      0.002826119044446339,
      0.003318250364646892,
      0.0,
      0.0,
      0.0,
      0.0016978547403060827,
      0.0,
      0.006243348836905921,
      0.0,
      0.0,
      0.0,
      0.0,
      0.006375812890943763,
      0.0,
      0.0,
      0.0,
      0.0008542450351971263,
      0.0,
      0.0,
      0.0012318858966474079,
      0.0,
      0.015270662265549967,
      0.0,
      0.0,
      0.0024310126836790905,
      0.0,
      0.0010577988863618621,
      0.0,
      0.016854483803200194,
      0.0,
      0.0,
      0.0,
      0.0,
      0.0,
      0.0,
      0.00017352301254703895,
      0.010926985015847294,
      0.0,
      0.016211597913174912,
      0.005751838183285688,
      0.0,
      0.011042979503005656,
      0.00030987226959295207,
      0.0,
      0.02489514718777514,
      0.015522839425483815,
      0.01704794519927046,
      0.0002851330122014217,
      0.0,
      0.0014832272228100683,
      0.004372078350653292,
      0.0017081617599705714,
      0.00947188472595275,
      0.0,
      0.013454718694845517,
      0.01930548865364958,
      0.0050589873665428655,
      0.010452961285467046,
      0.0,
      0.020522154572892536,
      0.0,
      0.0,
      0.0,
      0.002694964881809035,
      0.004683722862111073,
      0.0,
      0.007929851249857749,
      0.0,
      0.0,
      0.002819848692262689,
      0.003154133508207571,
      0.01286575409443934,
      0.0027546213389520826,
      0.0,
      0.0,
      0.0015798154824805538,
      0.009476627774746216,
      0.012610287935303829,
      0.0,
      0.01081571905673013,
      0.0,
      0.0,
      0.0,
      0.0
    ],
    "low_data": false
  },
  "500000": {
    "median": 0.0,
    "p90": 0.011311695652931865,
    "p10": 0.0,