{
  "100000": {
    "median": 0.00033667332642008904,
    "p90": 0.011249984916940499,
    "p10": 0.0,
    "sample": [
      0.00011562958328662451,
      9.165381559022869e-05,
      0.0,
      0.0204250011356715,
      0.014047322072530252,
      0.0,
      0.0027756261755804215,
      0.011157867833131503,
      0.0,
      0.005972317337329575,
      0.0,
      0.0,
      0.008210882863503804,
      0.0,
      0.0018061023323603979,
      0.0023306722724593327,
      0.0019222656685997921,
      0.0,
      0.0,
      0.006307782950417148,
      1.8686919380372225e-05,
      0.004131436154353579,
      0.0,
      0.0074074174565926425,
      0.009812323471865642,
      0.0,
      0.0,
      0.006579982107909184,
      0.0,
      0.00599439157625964,
      0.0,
      0.00909744767721533,
      0.012737147096854471,
      0.00327157388224665,
      0.0019456620950683253,
      0.0,
      0.0,
      0.01002056833615214,
      0.0008601405634241011,
      0.0,
      0.0,
      0.0,
      0.009244019621734538,
      0.008135327213490747,
      0.0,
      0.0,
      0.0,
      0.0,
      0.0,
      0.0,
      0.0,
      0.0002525388606949854,
      0.0,
      0.0,
      0.0020757113982278873,
      0.0,
      0.0,
      0.003716190415988011,
      0.005547022002643189,
      0.0,
      0.0026068770945271457,
      0.005548878530150869,
      0.0,
      0.009113365404356312,
      0.0,
      0.015808772395397002,
      0.0,
      0.0015816183375648564,
      0.0057295996703677805,
      0.007833842762294183,
      0.0,
      0.0,
      0.017004293639928666,
      0.0,
      0.0,
      0.021080419500975195,
      0.0,
      0.0,
      0.022293727478698868,
      0.001794125918431946,
      0.016561087896082197,
      0.007339112027596081,
      0.004193322388775339,
      0.0,
      0.0,
      0.009678812402804158,
      0.0031084093824726737,
      0.0,
      0.001761672973571294,
      0.0,
      0.0,
      0.0,
      0.0011887973574522454,
      0.0,
      0.0,
      0.011599189100213458,
      0.0014137296369437636,
      0.00922834538885284,
      0.0,
      0.014795296133437599,
      0.0004904160628003686,
      0.015590809854948073,
      0.0,
      0.0,
      0.0024285946268460057,
      0.004159973817782038,
      0.0,
      0.0,
      0.001026500475989359,
      0.0,
      0.0,
      0.011211184452132395,
      0.0,
      0.013430656911764243,
      0.01706663461961544,
      0.0,
      0.004368575495606648,
      0.013796719866839294,
      0.013852829352284738,
      0.0,
      0.0,
      0.0,
      0.0,
      0.015395048585951575,
      0.004509801673230473,
      0.0,
      0.00513150171892603,
      0.0034594615127573284,
      0.0,
      0.0,
      0.0,
      0.006978609593744963,
      0.004235485010397899,
      0.0033425975778063983,
      0.0,
      0.0,
      0.00425900783769004,
      0.0,
      0.0,
      0.008455518869049009,
      0.0004208077921451927,
      0.00044212313208344194,
      0.0,
      0.0,
      0.0035115890870436833,
      0.0,
      0.008769248773463087,
      0.0,
      0.00609853162945385,
      0.00779122304673552,
      0.00805605661978565,
      0.0069071768183182475,
      0.0,
      0.0,
      0.0,
      0.0,
      0.00273157069940292,
      0.0,
      0.0,
      0.0,
      0.012604595829844452,
      0.0,
      0.012129197813501916,
      0.0,
      0.007808373235149558,
      0.003073991532126225,
      0.0,
      0.008089559275000546,
      0.010992660701736852,
      0.0,
      0.0,
      0.0,
      0.0,
      0.008124640753223555,
      0.024436235746908008,
      0.010149730010637995,
      0.00608659954213506,
      0.0,
      0.0073589252560071535,
      0.0014276400247108158,
      0.003606194239961581,
      0.004607315433210534,
      0.0,
      0.0,
      0.005292177364043005,
      0.0,
      0.0,
      0.002724033307287545,
      0.0020118167823947515,
      0.0053098370368076745,
      0.014372816213605174,
      0.0,
      0.004490533808070878,
      0.0,
      0.008911835821856973,
      0.005158706433439142,
      0.0,
      0.004218122811897804,
      0.0,
      0.0
    ],
    "low_data": false
  },
  "250000": {
    "median": 0.00045997899974073035,
    "p90": 0.011380038732497568,
    "p10": 0.0,