{
  "100000": {
    "median": 0.0007112095669563976,
    "p90": 0.013667883087351004,
    "p10": 0.0,
    "sample": [
      0.00013783252444611458,
      0.00010997022831475006,
      0.028711785496251842,
      0.0,
      0.016208092174083026,
      0.0,
      0.0,
      0.0,
      0.0,
      0.0,
      0.0,
      0.003138081774856442,
      0.0,
      0.0,
      0.015138105250308564,
      0.0,
      0.004667618286615507,
      0.0,
      0.0,
      0.012946787839549143,
      0.0017961067530621266,
      0.0,
      0.0,
      0.003811942236890601,
      0.0,
      0.001609232398092212,
      0.0,
      0.0006977610543258612,
      0.012186563552700811,
      0.009885360239632513,
      0.01692989327315298,
      0.010084696655297853,
      0.0002590940257725386,
      0.011695081041028425,
      0.0029372047966602383,
      0.009432455351705728,
      0.007062525963613448,
      0.009610738244164158,
      0.0,
      0.005964256347027198,
      0.00029585754265728793,
      0.010010526043960452,
      0.007827090138470879,
      0.0,
      0.008168123947788663,
      0.01459510949579961,
      0.001363259949117081,
      0.0,
      0.0009854784966016699,
      0.009161811977966802,
      0.0,
      0.0,
      0.007626660586268647,
      0.0,
      0.0,
      0.0,
      0.0,
      0.0,
      0.010170512090055884,
      0.0,
      0.0,
      0.016083461575753803,
      0.0005856272969222956,
      0.0,
      0.018378017763534146,
      0.0,
      0.0,
      0.0,
      7.980579453759103e-05,
      0.01105996659084739,
      0.0,
      0.0019663273281822643,
      0.0,
      0.0,
      0.0,
      0.0,
      0.0,
      0.007331267844427174,
      0.0,
      0.013709847988717322,
      0.0033786215975367706,
      0.0,
      0.0,
      0.0,
      0.0,
      0.010201797293505017,
      0.0,
      0.008213527758967993,
      0.0,
      0.014153913684539278,
      0.0,
      0.006534617803369773,
      0.005186868546608679,
      0.010130858893067867,
      0.011001240206151343,
      0.0,
      0.008747314534092191,
      0.002854444717842333,
      0.0026273424359572607,
      0.0,
      0.010743385486539742,
      0.008050030853824896,
      0.0,
      0.0031263879319166485,
      0.0,
      0.0,
      0.012779803592287552,
      0.00941133147676493,
      0.009718892584072577,
      0.005170120688926571,
      0.0,
      0.002214520730006856,
      0.0,
      0.002411496889984842,
      0.0,
      0.0010222338069653537,
      0.009152355245375872,
      0.0,
      0.01451689104112661,
      0.004310372705112152,
      0.005212354107254969,
      0.010596569549030013,
      0.008790841847193592,
      0.01948442171174747,
      0.006405701244422027,
      0.0,
      0.009307094987314194,
      0.004202746966331248,
      0.0,
      0.0,
      0.0,
      0.006746143942090291,
      0.0,
      0.0,
      0.0,
      0.0,
      0.0,
      0.018403167885235192,
      0.0,
      0.0,
      0.021578286228291096,
      0.0029255086211558866,
      0.0,
      0.004570641039417879,
      0.0,
      0.012177571952099682,
      0.005986444031942189,
      0.0018825818975847836,
      0.013663220320532524,
      0.016032901619822154,
      0.0,
      0.007787013357972177,
      0.0,
      0.010355079249550439,
      0.016371456551863988,
      0.008138824183072631,
      0.000489421857472665,
      0.0007545220258136152,
      0.000724658079586934,
      0.0,
      0.008902090950766762,
      0.020172400345988564,
      0.0,
      0.0,
      0.007971911873844011,
      0.0,
      0.0,
      0.0015680004102591235,
      0.0008054975563714342,
      0.001259160873575863,
      0.018705303442764044,
      0.004136744439146722,
      0.007592971214933044,
      0.0,
      0.0,
      0.0,
      0.001085383613330753,
      0.0,
      0.0021980773862287847,
      0.0,
      0.005121102129407686,
      0.0,
      0.0,
      0.014178591460674211,
      0.0,
      2.920142360574333e-05,
      0.009090961324234216,
      0.0,
      0.0029655074070614657,
      0.0,
      0.0,
      0.006606356337985176,
      0.0,
      0.012043643993631555,
      0.016717754995501283,
      0.0,
      0.0,
      0.025964116488763764,
      0.0,
      0.0
    ],
    "low_data": false
  },
  "250000": {
    "median": 0.0008738737456076961,
    "p90": 0.01376201079042007,
    "p10": 0.0,