{
  "100000": {
    "median": 0.0007865781759187377,
    "p90": 0.01120579857696725,
    "p10": 0.0,
    "sample": [
      9.585143400767104e-05,
      7.891890505509412e-05,
      0.0,
      0.0,
      0.0026592362974640653,
      0.0,
      0.0,
      0.0,
      0.0,
      0.0,
      0.0,
      0.0,
      0.0,
      0.0038303333837935083,
      0.0,
      0.01677317824409221,
      0.0,
      0.005854718447206768,
      0.00569223098170622,
      0.0,
      0.0042554014725976275,
      0.0,
      0.004722971797110703,
      0.013368872167553114,
      0.0,
      0.0,
      0.0,
      4.2723672988523705e-05,
      0.0,
      0.016935196560543344,
      0.003899874556158774,
      0.0013266507445845346,
      0.008208510594455033,
      0.004885920193856852,
      0.015588866976658986,
      0.007831553957847907,
      0.019440794981637005,
      0.017898490538235452,
      0.00353074985687082,
      0.005891979987429689,
      0.0,
      0.0,
      0.0,
      0.012967519619109151,
      0.0,
      0.002001461108527176,
      0.009694354503627847,
      0.006023041452228607,
      0.0,
      0.0,
      0.0134837103767881,
      0.0,
      0.0,
      0.0,
      0.0,
      0.0,
      0.01201830518467001,
      0.0018211177731794633,
      0.0,
      0.0037094669320416056,
      0.0,
      0.005817793764993144,
      0.003095752457535728,
      0.0,
      0.0,
      0.0,
      0.0,
      0.0,
      0.0020135231195864967,
      0.0,
      0.007325268489040664,
      0.0,
      0.0018471125176440922,
      0.006111904923927769,
      0.014726249695561706,
      0.0,
      0.0014628460295186662,
      0.003726632563514732,
      0.007932100268502863,
      0.00024988651650697554,
      0.008239247937284451,
      0.0003333750536268775,
      0.00018759975977316432,
      0.0003252259902026854,
      0.013451562958084676,
      0.0,
      0.002799539255249712,
      0.00430833504876501,
      0.002712857041442301,
      0.0,
      0.0,
      0.004453331050441025,
      0.002234527981637096,
      0.012030770161604407,
      0.00018714804884346266,
      0.00883689738414426,
      0.0,
      0.0,
      0.0,
      0.0,
      0.00425849519904492,
      0.004127040410533275,
      0.0003475692175069006,
      0.0,
      0.0013625751705610579,
      0.0,
      0.004862541151980132,
      0.0,
      0.0020677064767477523,
      0.0,
      0.015082761547917689,
      0.006148678875804628,
      0.0,
      0.003403595013349775,
      0.004124859648888546,
      0.0,
      0.0,
      0.0,
      0.0,
      0.0012579037866307216,
      0.009245564824200631,
      0.010727084751744487,
      0.003961239746009213,
      0.005909425985466229,
      0.0,
      0.0,
      0.008962819328966231,
      0.011377279182621679,
      0.0022917569649027144,
      0.0,
      0.0019903192809419337,
      0.0,
      0.006340350182364673,
      0.0,
      0.0018572346595451706,
      0.0034880742062422965,
      0.0,
      0.0030739550567855183,
      0.0,
      0.0008860609395364577,
      0.013121004554637505,
      0.007894738429021261,
      0.00930123639654724,
      0.015261446791454516,
      0.0,
      0.00981162853383406,
      0.0,
      0.004459866875728252,
      0.0,
      0.006846130134337711,
      0.01448299738354522,
      0.00034083607340735145,
      0.020919843078183224,
      1.6215500213827478e-05,
      0.0,
      0.011043761539491987,
      0.01226441563624352,
      0.0,
      0.02654645818758183,
      0.0,
      0.0,
      0.005425468565340741,
      0.0037637488292709795,
      0.0034971834930775875,
      0.006499830915219111,
      0.0,
      0.0018880081161067562,
      0.0,
      0.0006330129146143547,
      0.0,
      0.0,
      0.0037960911777566732,
      0.0,
      0.00441922526048566,
      0.00854380805297206,
      0.0,
      0.00451146736074689,
      0.0,
      0.0,
      0.010001739672784546,
      0.00666731381368318,
      0.0003999458294808493,
      0.0,
      0.008558353142218903,
      0.0,
      0.005061404082827323,
      0.0,
      0.009775860764215164,
      0.008510925732260402,
      0.0,
      0.0006870954123010179,
      0.0010721965932996042,
      0.001218285579347415,
      0.011186745176338981,
      0.007183850228048997,
      0.0,
      0.0,
      0.0,
      0.0,
      0.0
    ],
    "low_data": false
  },
  "250000": {
    "median": 0.0009688119472497148,
    "p90": 0.011351019203650958,
    "p10": 0.0,