{
  "100000": {
    "median": 0.0,
    "p90": 0.012057686072221558,
    "p10": 0.0,
    "sample": [
      8.160004535052015e-05,
      0.00014997488773036563,
      0.0,
      0.008430738581316847,
      0.017707212032698674,
      0.0,
      0.014013207390996756,
      0.0003298701790826178,
      0.011610962616268154,
      0.00646390058083515,
      0.002873619466780567,
      0.02483208089787786,
      0.0,
      0.0,
      0.0,
      0.0007119310657699534,
      0.0,
      0.013040755973207412,
      0.011116627821792598,
      0.0,
      0.0,
      0.00043836072782014286,
      0.0,
      0.011971089404196871,
      0.0,
      0.005234025279353024,
      0.0,
      0.006042829749840271,
      0.005889524931819385,
      0.0,
      0.0,
      0.002033165329508242,
      0.007111846037250361,
      0.01571348309116027,
      0.0014562932674896366,
      0.018032027543660893,
      0.008960937929532693,
      0.0,
      0.0,
      0.0,
      0.008201116331379267,
      0.00024551138396889413,
      0.0,
      0.008875244645942445,
      0.0,
      0.003259419214571216,
      0.0,
      0.010774038166728511,
      0.0,
      0.018751241054920823,
      0.0,
      0.0,
      0.0,
      0.0037218833880734497,
      0.0,
      0.010591926624528045,
      0.0,
      0.0,
      0.011913696815239792,
      0.0,
      0.00010698080845289264,
      0.0,
      0.005307616916477034,
      0.0130792642890812,
      0.0029671769350290045,
      0.009856427251304709,
      0.0,
      0.0,
      0.0,
      0.0,
      0.0,
      0.0,
      0.001658376617627658,
      0.0,
      0.005131975849849414,
      0.0,
      0.0,
      0.0,
      0.0,
      0.0,
      0.011471079294950304,
      0.012837056084443792,
      0.013377569025922808,
      0.0,
      0.001442154601720412,
      0.021449440563805315,
      0.0,
      0.0,
      0.0,
      0.0016321876749119792,
      0.0,
      0.0,
      0.0,
      0.0,
      0.0,
      0.0009969690129462037,
      0.02684579888424264,
      0.0,
      0.0,
      0.0014574247100373932,
      0.005850790109495765,
      0.001740696920892997,
      0.0,
      0.015412433583612902,
      0.0,
      0.0,
      0.0,
      0.0,
      0.0,
      0.010692038843414643,
      0.0013129205467022403,
      0.003656394250116073,
      0.01075968141308866,
      0.004467838322908956,
      0.0019384782868410993,
      0.005890386360915036,
      0.0,
      0.0,
      0.0,
      0.0,
      0.0,
      0.006310509977776008,
      0.009214148874899858,
      0.0014127833029320806,
      0.0,
      0.0002655879988231577,
      0.012938733158998648,
      0.0,
      0.0,
      0.0,
      0.0,
      0.0,
      0.0,
      0.0010048075130403428,
      0.0,
      0.016993075132401964,
      0.0,
      0.0,
      0.007330838462514229,
      0.021364284025727157,
      0.0,
      0.0,
      0.0,
      0.0,
      0.000882830882130985,
      0.0,
      0.0,
      0.007079650382943685,
      0.0006052090457154024,
      0.01310856509820469,
      0.006681280514666897,
      0.0,
      0.0,
      0.0,
      0.0031192980429854645,
      0.0,
      0.0,
      0.008286059310066627,
      0.0027439875561235325,
      0.0026497589599725063,
      0.003250134480057927,
      0.0,
      0.01549320646213789,
      0.0,
      0.0,
      0.0,
      0.0,
      0.0,
      0.0,
      0.002877904928235953,
      0.0012614689880951699,
      0.018432886517004466,
      0.010944337558622359,
      0.0,
      0.0,
      0.0,
      0.005637244376922797,
      0.0,
      0.0,
      0.0,
      0.0,
      0.0,
      0.0,
      0.0,
      0.025285712817424127,
      0.0,
      0.0,
      0.0,
      0.0033452740814467635,
      0.003547870185537527,
      0.0,
      0.006577531203434836,
      0.001414489797928506,
      0.011900573422138959,
      0.0,
      0.0,
      0.0,
      0.0035124673260246396,
      0.0,
      0.0
    ],
    "low_data": false
  },
  "250000": {
    "median": 0.0,
    "p90": 0.012183750138437588,
    "p10": 0.0,
    "sample": [
      0.0001861385849067906,
      0.000342109042388015,
      0.0,
      0.008635586907285697,
      0.017883284892674368,
      0.0,
      0.014146152800771373,
      0.0005472337235538551,
      0.011718863329319786,
      0.006704177587146503,
      0.0031211458588855548,
      0.025003749762900648,
      0.0,
      0.0,
      0.0,
      0.0008564493011896995,
      0.0,
      0.01320672659539967,
      0.011223655624493557,
      0.0,
      0.0,
      0.000556927022721201,
      0.0,
      0.012097003149073908,
      0.0,
      0.0053934927745967,
      0.0,
      0.00617261059905422,
      0.005996991376477211,
      0.0,
      0.0,
      0.0022392704986957342,
      0.007262623180441449,
      0.015961987607545913,
      0.0016245740985076141,
      0.018179860352097572,
      0.009088453286476186,
      0.0,
      0.0,
      0.0,
      0.008439821538734595,
      0.0003515764386590167,
      0.0,
      0.008980516039658527,
      0.0,
      0.0033942647373149284,
      0.0,
      0.010903835041644517,
      0.0,
      0.0188836281294469,
      0.0,
      0.0,
      0.0,
      0.003874680345864658,
      0.0,
      0.010706110559393762,
      0.0,
      0.0,
      0.012011859514439427,
      0.0,
      0.0002021176929095739,
      0.0,
      0.005484341487915907,
      0.013215429686668173,
      0.0030859236906699687,
      0.010007655192893806,
      0.0,
      0.0,
      0.0,
      0.0,
      0.0,
      0.0,
      0.0018092568900736027,
      0.0,
      0.0052309078951052,
      0.0,
      0.0,
      8.204238073342685e-05,
      0.0,
      0.0,
      0.01158670051239278,
      0.01296447304271076,
      0.013534464785371491,
      0.0,
      0.0016713516650750883,
      0.021626414638321375,
      0.0,
      0.0,
      0.0,
      0.0017259242139454104,
      0.0,
      0.0,
      0.0,
      0.0,
      0.0,
      0.0011015761629208155,
      0.02699567298685388,
      0.0,
      0.0,
      0.0015672107628360217,
      0.0060364923405051086,
      0.001931592888344091,
      0.0,
      0.015626248646852216,
      0.0,
      0.0,
      0.0,
      0.0,
      0.0,
      0.010790155998565188,
      0.0014671038732545212,
      0.0038335963163138157,
      0.010983660020597369,
      0.004564085695937737,
      0.0020451515340947335,
      0.006129955876781996,
      0.0,
      0.0,
      0.0,
      0.0,
      0.0,
      0.0064265003492337295,
      0.009319590928927179,
      0.0015013105065976513,
      0.0,
      0.0003674787540754893,
      0.013078854441778346,
      0.0,
      0.0,
      0.0,
      0.0,
      0.0,
      0.0,
      0.0011866954052477448,
      0.0,
      0.01708239694506286,
      0.0,
      0.0,
      0.007438699651513094,
      0.021516777836124643,
      0.0,
      0.0,
      0.0,
      0.0,
      0.001058247294795602,
      0.0,
      0.0,
      0.007261473229917679,
      0.0007944924673961275,
      0.013330718994679122,
      0.006817942387184434,
      0.0,
      0.0,
      0.0,
      0.0032140057715544443,
      0.0,
      0.0,
      0.008398724064764511,
      0.0028554205912730327,
      0.0027908427384520556,
      0.0034115385071204684,
      0.0,
      0.015606192781381686,
      0.0,
      0.0,
      0.0,
      0.0,
      0.0,
      0.0,
      0.002990974983285778,
      0.0013936369962687211,
      0.01851557721067078,
      0.011064118007382277,
      0.0,
      0.0,
      0.0,
      0.005824648783597257,
      0.0,
      0.0,
      0.0,
      0.0,
      0.0,
      0.0,
      0.0,
      0.025415668226204734,
      0.0,
      0.0,
      0.0,
      0.003485596475849445,
      0.0037620335241338914,
      0.0,
      0.006707963086433981,
      0.001572006579351814,
      0.01206660982249759,
      0.0,
      0.0,
      0.0,
      0.0036081376011931864,
      0.0,
      0.0
    ],
    "low_data": false
  },
  "500000": {
    "median": 0.0,
    "p90": 0.012406484465311719,
    "p10": 0.0,