{
  "100000": {
    "median": 0.0010931527087273249,
    "p90": 0.010766071312381475,
    "p10": 0.0,
    "sample": [
      8.139061448439066e-05,
      0.00011167799982782295,
      0.0,
      0.00805288311363289,
      0.004228183123865388,
      0.0020587686408738157,
      0.008064903277194413,
      0.0,
      0.0,
      0.004938438561938211,
      0.0,
      0.0019247660267349416,
      0.0,
      0.00801672813063071,
      0.0,
      0.004504911264188566,
      0.008722063803652178,
      0.01601815824709165,
      0.0,
      0.0028363068417826746,
      0.0,
      0.006605760339064505,
      0.010362288695381515,
      0.008205088637795704,
      0.0,
      0.0,
      0.006251499733947354,
      0.0,
      0.009031579758226068,
      0.0,
      0.007732361789121139,
      0.0,
      0.012842024337530162,
      0.0,
      0.0,
      0.0,
      0.009369681289486734,
      0.0,
      0.0,
      0.0,
      0.0,
      0.01109202119830549,
      0.0020922837464396487,
      0.0,
      0.0037686711721370268,
      0.006020407402961063,
      0.008039035840182425,
      0.0,
      0.0,
      0.0,
      0.0,
      0.0016886403921100952,
      0.0010806453444840434,
      0.010026855075540164,
      0.007894574395689307,
      0.0011900928647593438,
      0.006923740997752629,
      0.009328097258958012,
      0.006973217933878868,
      0.006779758034490805,
      0.0033199405882080703,
      0.0,
      0.0,
      0.007383888838656229,
      0.0,
      0.015959923604334895,
      0.0030492509119840394,
      0.0,
      0.00932082232629781,
      0.01165258437557604,
      0.0019307431650796704,
      0.00048586513992797127,
      0.0,
      0.005708085531507846,
      0.0,
      0.0,
      0.004001719075104334,
      0.0024329430953552948,
      0.006280536143649101,
      0.007961040074294405,
      0.0068134317960343495,
      7.823461026411861e-05,
      0.0,
      0.013771352041243707,
      0.0,
      0.01048160569243767,
      0.0,
      0.0,
      0.0,
      0.00587698802786752,
      0.0,
      0.006514232112491094,
      0.006775474035670127,
      0.0012090820559239213,
      0.00570206966849351,
      0.0,
      0.00367664185624534,
      0.0,
      0.0,
      0.010418728096389872,
      0.0,
      0.0,
      0.01097911386014681,
      0.0,
      0.01101905050748061,
      0.002974499960972316,
      0.004646620531651786,
      0.0,
      0.0,
      0.0,
      0.006168411416592125,
      0.0,
      0.005228327676649602,
      0.006031865687397204,
      0.011278442420072912,
      0.0026867142075479122,
      0.0013185312816363433,
      0.0,
      0.0022451399810254485,
      0.0,
      0.0,
      0.0,
      0.0027012243809283834,
      0.0013080895668129344,
      0.0,
      0.0010306717990549562,
      0.009155952335291382,
      0.0,
      0.0,
      0.0011056600729706064,
      0.0,
      0.0,
      0.0,
      0.0,
      0.0047676529460672495,
      0.012646873474261614,
      0.0,
      0.0,
      0.0,
      0.008939190490253044,
      0.0,
      0.00657599762512497,
      0.0,
      0.0009683972255770657,
      0.005677489102389474,
      0.0102596119420175,
      0.0,
      0.019928794009895952,
      0.012871831876906655,
      0.0,
      0.0,
      0.003708928189063914,
      0.0,
      0.0,
      0.012098517760458644,
      0.0,
      0.0033872808358365396,
      0.0,
      0.0,
      0.003870233805537822,
      0.0,
      0.0,
      0.00670592223432148,
      0.0,
      0.008832856027160304,
      0.013469259821119253,
      0.0,
      0.004428326197880689,
      0.010742399918185328,
      0.007773355923387268,
      0.0,
      0.0005155240516261244,
      0.012152438974930325,
      0.014060013376862968,
      0.0,
      0.0,
      0.0,
      0.0012702024744690016,
      0.006911446114365613,
      0.017927713723959748,
      0.0,
      0.0,
      0.0005947364697999256,
      9.950590417388396e-05,
      0.0,
      0.0,
      0.007060155644381093,
      0.004351940053506307,
      0.00099799676064253,
      0.0,
      0.00671656208822726,
      0.0,
      0.01515124224921493,
      0.011522249470455749,
      0.0,
      0.006391480689390059,
      0.0,
      0.012272031440265029,
      0.0,
      0.002867818625543065
    ],
    "low_data": false
  },
  "250000": {
    "median": 0.0012228636757176522,
    "p90": 0.010886303480306026,
    "p10": 0.0,