{
  "100000": {
    "median": 0.0,
    "p90": 0.013941534083796416,
    "p10": 0.0,
    "sample": [
      0.00010638997649835384,
      0.0001452137697247069,
      0.0,
      0.0,
      0.0,
      0.0,
      0.0016590600891972168,
      0.00530731364414623,
      0.009391039180781486,
      0.00920594826625148,
      0.007593638231096515,
      0.015777557593383357,
      0.004622498758239002,
      0.0,
      0.0,
      0.0,
      0.006094321897618984,
      0.008080089139217091,
      0.007933865817987973,
      0.0,
      0.004781883750530757,
      0.0,
      0.0,
      0.0,
      0.0,
      0.008192620187957945,
      0.010896419983056977,
      0.0003295219794673819,
      0.0,
      0.0,
      0.02002845737977735,
      0.0,
      0.0,
      0.02365997867874921,
      0.0,
      0.0,
      0.02531436035266556,
      0.0028322752876805083,
      0.0,
      0.0,
      0.0,
      0.009932135435242276,
      0.0,
      0.013681345006636236,
      0.0,
      0.0,
      0.0,
      0.0,
      0.022568859506924225,
      0.0,
      0.0,
      0.002385510995386341,
      0.014144613792149057,
      0.0,
      0.0037741891102870827,
      0.0,
      0.0043405881433766615,
      0.008124613031155609,
      0.0,
      0.010922967130642568,
      0.0,
      0.007367997676731662,
      0.0,
      0.0,
      0.0,
      0.0,
      0.00024261791765892052,
      0.013362138575606166,
      0.0,
      0.02128783223546392,
      0.004658079837302177,
      0.007925529221914246,
      0.0,
      0.0,
      0.0,
      0.0,
      0.0015156438486940691,
      0.0073272165921063155,
      0.0,
      0.014885775676427989,
      0.0,
      0.00750594402887427,
      0.0,
      0.013918969671757235,
      0.0,
      0.0,
      0.0,
      0.0008750130046021353,
      0.006512147772429412,
      0.007724058674504988,
      0.0,
      0.0,
      0.0,
      0.0,
      0.0,
      0.0,
      0.002313051362415339,
      0.0009748999371941623,
      0.0,
      0.010829729599091748,
      0.008705710994102635,
      0.0,
      0.0,
      0.006671271671651291,
      0.0,
      0.007553614827246624,
      0.0,
      0.0,
      0.007235257765684939,
      0.011420190910410957,
      0.010512441873410898,
      0.0,
      0.00026880449621177077,
      0.011833863497665836,
      0.013183770099045443,
      0.0,
      0.0,
      0.0,
      0.014837060343237599,
      0.0,
      0.0,
      0.007484500250735357,
      0.02173141222801972,
      0.014503208163387798,
      0.0,
      0.013437336949616406,
      0.0040529688727782755,
      0.011114308837048042,
      0.009078269653787609,
      0.0,
      0.0,
      0.0,
      0.0,
      0.0,
      0.0,
      0.0,
      0.0,
      0.011148612439792554,
      0.0,
      0.011592521481513457,
      0.012886349253564454,
      0.0,
      0.008646796612795448,
      0.0,
      0.017628216209612555,
      0.0,
      0.016361255832152203,
      0.004068054575821691,
      0.007290092023126633,
      0.0,
      0.0,
      0.0,
      0.0,
      0.002393387842949388,
      0.0014388854411770445,
      0.0,
      0.0,
      0.0,
      0.002687494379737965,
      0.0,
      0.0,
      0.005770570869162653,
      0.0,
      0.0,
      0.002192222851469762,
      0.001953451213566456,
      0.013428151768852143,
      0.015039391202482738,
      0.005340436769773495,
      0.0,
      0.0,
      0.0023575274476768725,
      0.0,
      0.006352910081860432,
      0.01839898027000209,
      0.0,
      0.01521778006477744,
      0.0,
      0.03382310322255416,
      0.0,
      0.0,
      0.0,
      0.0,
      0.018513476246234853,
      0.0,
      0.0026644827042200153,
      0.02560802438900904,
      0.024005984781141142,
      0.00476662541752824,
      0.0,
      0.006679429568514668,
      0.002136014235257043,
      0.0,
      0.0,
      0.0,
      0.008091951832682904,
      0.0,
      0.0,
      0.009572618596954552,
      0.0
    ],
    "low_data": false
  },
  "250000": {
    "median": 0.0,
    "p90": 0.014203731004552434,
    "p10": 0.0,
    "sample": [
      0.0002426871160255312,
      0.000331248414010412,
      0.0,
      0.00015414062222297582,
      0.0,
      0.0,
      0.0018276641256765739,
      0.005443093041391422,
      0.009665429719536286,
      0.009329885803881848,
      0.00771515039315521,
      0.016064848191859753,
      0.0048576025900404045,
      0.0,
      0.0,
      0.0,
      0.00620531419500208,
      0.00820567870209481,
      0.008047109580672548,
      0.0,
      0.005057168738965066,
      0.0,
      0.0,
      0.0,
      0.0,
      0.008456308560465213,
      0.011136701899170263,
      0.0004956016139882576,
      0.0,
      0.0,
      0.020159165282585115,
      0.0,
      0.0,
      0.023766840284962298,
      0.0,
      0.0,
      0.025447113639646024,
      0.002941964170309535,
      0.0,
      0.0,
      0.0,
      0.010060350727919566,
      0.0,
      0.013794463774129951,
      0.0,
      0.0,
      0.0,
      0.0,
      0.022723439352511664,
      0.0,
      0.0,
      0.002579987446142261,
      0.014405005862436916,
      0.0,
      0.0038984056508804942,
      0.0,
      0.004494709975104146,
      0.008336689872902111,
      0.0,
      0.011106396852050903,
      0.0,
      0.00751067264430338,
      0.0,
      0.0,
      0.0,
      0.0,
      0.000480157845023648,
      0.013592225539066399,
      0.0,
      0.021394260215470664,
      0.004824656860509883,
      0.008039607391312497,
      0.0,
      0.0,
      0.0,
      0.0,
      0.0017159724338065142,
      0.007590026254929418,
      0.0,
      0.015045107394165091,
      0.0,
      0.007676822832884784,
      0.0,
      0.01418136713145416,
      0.0,
      0.0,
      0.0,
      0.0011557209558767062,
      0.006628504223921386,
      0.007971149573973319,
      0.0,
      0.0,
      0.0,
      0.0,
      0.0,
      0.0,
      0.0024187830607534985,
      0.0011634738682990988,
      0.0,
      0.0110185116204901,
      0.008833801455527665,
      0.0,
      0.0,
      0.006844511843621767,
      0.0,
      0.007699176420500043,
      0.0,
      0.0,
      0.007427120878473182,
      0.011662396929242945,
      0.010668599498370807,
      0.0,
      0.0004153804553527129,
      0.011958637879789215,
      0.013431294086596136,
      0.0,
      0.0,
      0.0,
      0.014985662994674239,
      0.0,
      0.0,
      0.007712336768664175,
      0.021862915545689917,
      0.014622701935781447,
      0.0,
      0.013560653029430122,
      0.004276748669645259,
      0.011237249099321146,
      0.009274130492360493,
      0.0,
      0.0,
      0.0,
      0.0,
      0.0,
      0.0,
      0.0,
      0.0,
      0.011298089056284454,
      0.0,
      0.011704146442555982,
      0.013013608922239253,
      0.0,
      0.00884793073105723,
      0.0,
      0.0177698184072867,
      0.0,
      0.016482710547425613,
      0.004336817062826205,
      0.007531905571070557,
      0.0,
      0.0,
      0.0,
      0.0,
      0.0025908732253907087,
      0.001618237623091886,
      0.0,
      0.0,
      0.0,
      0.002873705218792184,
      0.0,
      0.0,
      0.005911687170736214,
      0.0,
      0.0,
      0.0023045946371429275,
      0.0021024981913233026,
      0.013596567377364048,
      0.015155140301510845,
      0.005496531774993521,
      0.0,
      3.661948826017236e-05,
      0.002488767644355341,
      0.0,
      0.006463650540462475,
      0.01867087208213659,
      0.0,
      0.015345863250324684,
      0.0,
      0.03394753746270057,
      0.0,
      0.0,
      0.0,
      0.0,
      0.0186780500664157,
      0.0,
      0.0028437096365611166,
      0.025741046849057182,
      0.02411993771636008,
      0.005062000972576068,
      0.0,
      0.0069102514914642105,
      0.002265975547258114,
      0.0,
      0.0,
      0.0,
      0.008271725246697167,
      0.0,
      0.0,
      0.009687525140137874,
      0.0
    ],
    "low_data": false
  },
  "500000": {
    "median": 0.0,
    "p90": 0.0146080634079766,
    "p10": 0.0,