{
  "100000": {
    "median": 0.0,
    "p90": 0.01190327654294907,
    "p10": 0.0,
    "sample": [
      8.392692042767842e-05,
      0.0001620069979537501,
      0.0,
      0.0,
      0.0,
      0.0,
      0.0,
      0.0,
      0.0022653962166559434,
      0.013489309742380594,
      0.0013628885142571603,
      0.0,
      0.00408383472314511,
      0.0,
      0.0,
      0.013430358944372969,
      0.013075589189550842,
      0.021082602986690926,
      0.008386455778624919,
      0.006867780141641261,
      0.002531086421809203,
      0.0,
      0.0,
      0.0,
      0.001025419637225235,
      0.0,
      0.020299441062420848,
      0.009099850453201984,
      0.0,
      0.0035836459198854485,
      0.0,
      0.0,
      0.0,
      0.0003536499182379848,
      0.012892177344290132,
      0.01294455388158698,
      0.0005140580540866009,
      0.005487330405270435,
      0.004366600274515731,
      0.0,
      0.0,
      0.0070660813701500964,
      0.0,
      0.005492436735187096,
      0.0,
      0.019014602890611434,
      0.0,
      0.0,
      0.0013984528729379536,
      0.016966188578115583,
      0.0014083945032129974,
      0.014272508330771688,
      0.0,
      0.0,
      0.0,
      0.003707802996439228,
      0.0,
      0.005630499492248615,
      0.0,
      0.0,
      0.0,
      0.0,
      0.006335793113496313,
      0.001040136869167609,
      0.004911228563821381,
      0.0,
      0.0,
      0.0,
      0.0032320883126852546,
      0.0,
      0.010099991946259775,
      0.0,
      0.0,
      0.011849496281652086,
      0.0,
      0.01016576609035604,
      0.0,
      0.014057127899171639,
      0.009600588014332664,
      0.0,
      0.0,
      0.007822347565431554,
      0.0,
      0.0,
      0.0006093493104145037,
      0.0,
      0.0,
      0.001136972027728413,
      0.0045817954044306535,
      0.0,
      0.0,
      0.0022154744962761454,
      0.005035018740364187,
      0.007984188734255042,
      0.005760002374749058,
      0.0,
      0.001126214088828239,
      0.0059648959902481175,
      0.001009148511751701,
      0.012387298894621953,
      0.0010105351339883837,
      0.0,
      0.0,
      0.0048942517983861285,
      0.0,
      0.0,
      0.0,
      0.0,
      0.0,
      0.006287217304427607,
      0.0,
      0.0,
      0.012581518970548707,
      0.006497149368118112,
      0.0,
      0.0,
      0.0006623425722312505,
      0.0,
      0.0,
      0.006124438331018756,
      0.006425731907190954,
      0.0,
      0.0,
      0.0,
      0.0,
      0.0,
      0.004747773914747708,
      0.0037669792535816793,
      0.0,
      0.0,
      0.0,
      0.0,
      0.008662404944444015,
      0.0,
      0.0076526703594976125,
      0.010872722523130159,
      0.0,
      0.0,
      0.0033589583613272615,
      0.0,
      0.014730619218509135,
      0.003876331348860625,
      0.0035778495363682477,
      0.0,
      0.004063785323297888,
      0.0,
      0.0,
      0.015941082345224497,
      0.0,
      0.0,
      0.0,
      0.010948944800996634,
      0.0051274939358230956,
      0.0,
      0.0,
      0.0,
      0.0,
      0.0,
      0.0,
      0.0017187426900258955,
      0.0,
      0.0,
      0.0023640129506384737,
      0.009103813014249517,
      0.0,
      0.0,
      0.007459901071411763,
      0.0,
      0.0,
      0.01293507763001749,
      0.0,
      0.005030360179419245,
      0.0,
      0.0,
      0.0033079875939142763,
      0.017468276896915387,
      0.0,
      0.004391525273677287,
      0.0,
      0.0,
      0.011341537985354842,
      0.0,
      0.01789174593181278,
      0.0,
      0.008231387043448488,
      0.0,
      0.0,
      0.003908782471032554,
      0.008928682231315429,
      0.0032620598443113503,
      0.002874158801619892,
      0.0,
      0.0,
      0.0,
      0.0,
      0.011463826484993346,
      0.01299004195132733,
      0.007065632530706355,
      0.014332757683517038,
      0.0
    ],
    "low_data": false
  },
  "250000": {
    "median": 0.0,
    "p90": 0.012067524970607512,
    "p10": 0.0,
    "sample": [
      0.00019144644021810335,
      0.0003695555953991407,
      0.0,
      0.0,
      0.0,
      0.0,
      0.0,
      0.0,
      0.002478628520698852,
      0.013647563891387838,
      0.0014759505542829897,
      0.0,
      0.004231609258528358,
      0.0,
      0.0,
      0.013532534636398714,
      0.013195660215633953,
      0.021201028249648538,
      0.008593446306465429,
      0.006981884679113187,
      0.0026357193868176447,
      0.0,
      0.0,
      0.0,
      0.0012839510699741796,
      0.0,
      0.020431140337784415,
      0.009218520556497928,
      0.0,
      0.0037696657047880133,
      0.0,
      0.0,
      0.0,
      0.0004984029910711065,
      0.013079648718845304,
      0.013067572985623308,
      0.0006179604555244718,
      0.0056432002839275075,
      0.0045898394500266376,
      0.0,
      0.0,
      0.007301929518895966,
      0.0,
      0.005627628216734607,
      0.0,
      0.019183215969759148,
      0.0,
      0.0,
      0.0014958161767760735,
      0.017127795132523348,
      0.001534174966052534,
      0.014373058138419856,
      0.0,
      0.0,
      0.0,
      0.003916540164603531,
      0.0,
      0.0057480486779216515,
      0.0,
      0.0,
      0.0,
      0.0,
      0.006441733322325086,
      0.0012111472899494751,
      0.005019253568712363,
      0.0,
      0.0,
      0.0,
      0.003418104489801236,
      0.0,
      0.010295188176215971,
      0.0,
      0.0,
      0.012019268162791375,
      0.0,
      0.01032113299012506,
      0.0,
      0.014176081029772017,
      0.009808834753337076,
      0.0,
      0.0,
      0.007958890736793754,
      0.0,
      0.0,
      0.0007445328439148102,
      0.0,
      0.0,
      0.0013609575374036102,
      0.004717397040358414,
      0.0,
      0.0,
      0.002318421711943525,
      0.005138245933560957,
      0.008103513694067687,
      0.00588096293083508,
      0.0,
      0.0012749540140396755,
      0.006143398169498941,
      0.00118757642204595,
      0.01250183624095277,
      0.0011221740835384519,
      0.0,
      0.0,
      0.005077259886929505,
      0.0,
      0.0,
      0.0,
      0.0,
      0.0,
      0.006441239148053092,
      0.0,
      0.0,
      0.012708622386479969,
      0.006712310635527643,
      0.0,
      0.0,
      0.0007742376415962378,
      0.0,
      0.0,
      0.006318137642799954,
      0.006529484571647863,
      0.0,
      0.0,
      0.0,
      0.0,
      0.0,
      0.004993264228986445,
      0.004031435700932793,
      0.0,
      0.0,
      0.0,
      0.0,
      0.008886898428796858,
      0.0,
      0.007765324574975073,
      0.011017576658883423,
      0.0,
      0.0001192415917784758,
      0.003510330682457137,
      0.0,
      0.014894534349693974,
      0.0039817200875908575,
      0.0036767470365121875,
      0.0,
      0.004180957664309472,
      0.0,
      0.0,
      0.016140818861390318,
      0.0,
      0.0,
      0.0,
      0.01112518595728156,
      0.005301804706931133,
      0.0,
      0.0,
      0.0,
      0.0,
      0.0,
      0.0,
      0.0018106330992395216,
      0.0,
      0.0,
      0.0025671427860475883,
      0.009256183246547818,
      0.0,
      0.0,
      0.007556027056094917,
      0.0,
      0.0,
      0.013050299329239453,
      0.0,
      0.005218279223383668,
      0.0,
      0.0,
      0.003574365696479121,
      0.017573015039398166,
      0.0,
      0.004618180745861304,
      0.0,
      0.0,
      0.011560298816924237,
      0.0,
      0.01799917911016713,
      0.0,
      0.00841512088606764,
      0.0,
      0.0,
      0.004055667698182916,
      0.009029085367576921,
      0.003460706299135313,
      0.0030057239510897227,
      0.0,
      0.0,
      0.0,
      0.0,
      0.011580106479193704,
      0.013128633982776588,
      0.007176400277210543,
      0.01444155830385806,
      0.0
    ],
    "low_data": false
  },
  "500000": {
    "median": 0.0,
    "p90": 0.012320811551251892,
    "p10": 0.0,