{
  "100000": {
    "median": 0.0,
    "p90": 0.009932968347365647,
    "p10": 0.0,
    "sample": [
      0.00017270337616709562,
      8.437110261304623e-05,
      0.0027738421456049186,
      0.0,
      0.0030396549302345887,
      0.0,
      0.0,
      0.0,
      0.0,
      0.0,
      0.0038570084670264517,
      0.0,
      0.0,
      0.0,
      0.007912251338168565,
      0.0047913359407201405,
      0.0,
      0.0,
      0.0,
      0.0008051276709962207,
      0.0,
      0.009233627644114804,
      0.003691767186946825,
      0.008629537740709098,
      0.005110433678734548,
      0.0,
      0.0,
      0.009034842470474213,
      0.0,
      0.01347424651847139,
      0.0,
      0.009564849642989528,
      0.0,
      0.011555226889026791,
      0.002529245033313028,
      0.002627939976996791,
      0.0,
      0.0,
      0.0,
      0.010551479590236959,
      0.014380640275389966,
      0.0,
      0.0003848841584953328,
      0.006707989320854126,
      0.0,
      0.0048154395365773315,
      0.0009458055118901141,
      0.004352595089814487,
      0.0,
      0.008412635443825853,
      0.0,
      0.0,
      0.0,
      0.0,
      0.0,
      0.0032342617207176856,
      0.0,
      0.0066443816641094154,
      0.015002145913703533,
      0.011008844029637302,
      0.009893274453410004,
      0.0,
      0.0,
      0.0,
      0.006366417958170138,
      0.0,
      0.00893162903540148,
      0.0,
      0.0,
      0.005686750581303641,
      0.0010440163017217988,
      0.006447198892048088,
      0.0,
      0.004499699533911977,
      0.0,
      0.0,
      0.0007927376296096433,
      0.0,
      0.003644100477669163,
      0.005274934632878158,
      0.009401925926432,
      0.002202597241561464,
      0.0006066512655794675,
      0.003992273709089364,
      0.007134196776351782,
      0.0,
      0.0,
      0.0,
      0.008882706709975909,
      0.008215633929150796,
      0.003545882592857642,
      0.0,
      0.00963921566647087,
      0.0,
      0.0,
      0.0019175707030981647,
      0.0,
      0.0,
      0.008105998814251896,
      0.010290213392966444,
      0.0025751252439004816,
      0.0,
      0.0,
      0.016236279033392694,
      0.0,
      0.0,
      0.0,
      0.0,
      0.0,
      0.0,
      0.0,
      0.001088381732256169,
      0.002365546461436854,
      0.013257931031827564,
      0.001531096141660342,
      0.012196448398317785,
      0.0,
      0.0,
      0.00046961570169028503,
      0.0,
      0.007763921291846773,
      0.0,
      0.0031275403952974786,
      0.002002918400549031,
      0.0,
      0.0,
      0.0,
      0.0,
      0.0,
      0.0,
      0.0062557250836892024,
      0.0,
      0.007523429713218596,
      0.0,
      0.0,
      0.006838192762928527,
      0.012549702753968484,
      0.0035292328266580283,
      0.0,
      0.021154064295441786,
      0.017010591249897646,
      0.00017477148297247194,
      0.0,
      0.0015731253603360961,
      0.020816637486549678,
      0.0011087471357951243,
      0.0,
      0.002435357138125763,
      0.0,
      0.0,
      0.0022468004694475158,
      0.013129652499914957,
      0.0,
      0.0,
      0.002431443994849098,
      0.0,
      0.005633548210114324,
      0.0,
      0.003492371304200716,
      0.0032206831543196432,
      0.0,
      0.005942200770514115,
      0.0,
      0.0,
      0.0,
      0.0012797648338747042,
      0.004756098012651892,
      0.0,
      0.0,
      0.0,
      0.00115198396368547,
      0.0,
      0.0,
      0.0003565548947517291,
      0.0,
      0.0,
      0.003311231485688039,
      0.0,
      0.0,
      0.005347939871553064,
      0.0,
      0.01681663485212242,
      6.163772735765918e-05,
      0.021725852939189303,
      0.0,
      0.005060753314668699,
      0.013356941537884975,
      0.0,
      0.0,
      0.005411943862911865,
      0.005992471678414281,
      0.0,
      0.0,
      0.014712432538631639,
      0.0035071490350891232,
      0.0,
      0.0,
      0.004575955011424387,
      0.0,
      0.015599516840106053
    ],
    "low_data": false
  },
  "250000": {
    "median": 0.0,
    "p90": 0.010170034097859429,
    "p10": 0.0,