{
  "100000": {
    "median": 0.0009863973614545889,
    "p90": 0.01215014474871895,
    "p10": 0.0,
    "sample": [
      0.00018745369569857646,
      9.015791979048656e-05,
      0.0015272972544823134,
      0.0,
      0.0009120222117540192,
      0.0,
      0.007013356283988567,
      0.0,
      0.0,
      0.010772618096434516,
      0.00499287229627954,
      0.029876806788729393,
      0.0,
      0.0,
      0.0072974784754352125,
      0.0,
      0.0,
      0.011062683325452955,
      0.0007441557600318782,
      0.0,
      0.0,
      0.0,
      0.0012013995565666193,
      0.0025476344775300867,
      0.011495228032334583,
      0.0010607725111551588,
      0.0,
      0.0066200250681382605,
      0.0,
      0.0,
      0.015931059210627322,
      0.012109592119807062,
      0.006620469539719093,
      0.0,
      0.0076946616623983005,
      0.0037565971798768144,
      0.0,
      0.0,
      0.004842795853415647,
      0.01600486887075488,
      0.003131193503748857,
      0.0,
      0.0,
      0.008131414508437776,
      0.011035138724895631,
      0.006400612263037584,
      0.013360140832069987,
      0.014648183539499255,
      0.0,
      0.0,
      0.0,
      0.0,
      0.0,
      0.0,
      0.00348692298158577,
      0.0,
      0.013956443630518846,
      0.0,
      0.002944921249270296,
      0.009668523205421336,
      0.006363304673255641,
      0.0,
      0.008785903477463589,
      0.006106385763493863,
      0.003105905700819372,
      0.013684440784384121,
      0.0,
      0.010566340434094577,
      0.006620339543842162,
      0.006345847302726335,
      0.011003535794044809,
      0.0057845181824736445,
      0.00938984247390004,
      0.006685920803490728,
      0.0,
      0.0,
      0.006075568580727279,
      0.003792303095244107,
      0.00243494158618021,
      0.0079841636851736,
      0.003018899165737086,
      0.0,
      0.023072678685915622,
      0.0,
      0.0,
      0.00978286221103404,
      0.006316593233067936,
      0.0051230400966423345,
      0.0,
      0.02657888228267412,
      0.0,
      0.0,
      0.0,
      0.0,
      0.0,
      0.0,
      0.0,
      0.0,
      0.005830233905892302,
      0.0,
      0.0019367062365095646,
      0.0,
      0.019998777389817184,
      0.0,
      0.021166273400417213,
      0.0007213009487075362,
      0.0,
      0.0,
      0.0,
      0.0,
      0.001878973751446359,
      0.009654194012710107,
      0.0,
      0.005625659580472895,
      0.0005057283001396401,
      0.0,
      0.011372229318187032,
      0.002848668349242375,
      0.001880081610621441,
      0.010751327765072616,
      0.006137792523207072,
      0.027213972123311676,
      0.0010808583431581543,
      0.0033234608400856433,
      0.0,
      0.0,
      0.008557575707416802,
      0.0,
      0.0,
      0.00974173042003319,
      0.0011150375403570377,
      0.012515118408925965,
      0.01273098238114689,
      0.0,
      0.024499735806523863,
      0.007069857078908044,
      0.004640884877617465,
      0.003023991894220435,
      0.00015087874858541535,
      0.0,
      0.014704459738530492,
      0.007805315562320218,
      0.006058134201045944,
      0.0,
      0.0,
      0.0,
      0.015103656937438013,
      0.005514439951703157,
      0.0,
      0.018250616965469754,
      0.0,
      0.008572797133956093,
      0.0,
      0.0,
      0.0,
      0.0,
      0.0,
      0.0,
      0.0016333915764070452,
      0.0,
      0.0,
      0.007233029269117141,
      0.004097150749618915,
      0.0,
      0.0,
      0.0027652268226835137,
      0.0,
      0.010957173550472842,
      0.0028264525097632933,
      0.0024903854309940962,
      0.0,
      0.007317825474682502,
      0.0,
      0.0,
      0.008842348681052202,
      0.0,
      0.0035018370976859377,
      0.0,
      0.002774107244502139,
      0.0,
      0.015444732457547617,
      0.0,
      0.004756107982876164,
      0.0,
      0.0,
      0.0008215753981940843,
      0.0,
      0.0008761163038877469,
      0.002902915682740385,
      0.02143468360093696,
      0.0,
      0.009806206925285006,
      0.005578762680629459,
      0.010473958632009641,
      0.0,
      0.0,
      0.0,
      0.0,
      0.0,
      0.0
    ],
    "low_data": false
  },
  "250000": {
    "median": 0.0011524166195564707,
    "p90": 0.012293712901117918,
    "p10": 0.0,