{
  "100000": {
    "median": 0.0002891882740785013,
    "p90": 0.010584982040816248,
    "p10": 0.0,
    "sample": [
      0.00018297376160510137,
      0.00021333428195896014,
      0.0,
      0.0,
      0.004673598829245127,
      0.0038698100919172585,
      0.00205231470906954,
      0.004552160375948525,
      0.002219236739768706,
      0.009978043482219024,
      0.006040739220391003,
      0.0,
      0.005564186960124411,
      0.0,
      0.0,
      0.0016105147902025787,
      0.0,
      0.0,
      0.011996331112031043,
      0.0,
      0.0,
      0.006096530473487846,
      0.011887642029348874,
      0.0,
      0.00631647146706529,
      0.0,
      0.004549705689574166,
      0.009512716956173357,
      0.011158012904973097,
      0.003144458089370355,
      0.0,
      0.0,
      0.004644162459113691,
      0.0065302970921841145,
      0.0009460049770466456,
      0.005020114230883941,
      0.01213587356766813,
      0.00025703651359083824,
      0.0,
      0.01861572547934783,
      0.0,
      0.0,
      0.0,
      0.0,
      0.0,
      0.0003213400345661643,
      0.0,
      0.013234114873662725,
      0.0,
      0.0,
      0.0,
      0.01677259599065132,
      0.004971975801597281,
      0.006724469506260683,
      0.0,
      0.0045633424378852695,
      0.0,
      0.009616879273663772,
      0.005725700915623127,
      0.0,
      0.004138125047164817,
      0.011175309397771995,
      0.0,
      0.0,
      0.007066634211795304,
      0.001293722426277024,
      0.005983437670264742,
      0.008431652262335197,
      0.0,
      0.0,
      0.0,
      0.0014940755418295672,
      0.004086381483718421,
      0.00478073941605794,
      0.0,
      0.0,
      0.0,
      0.0,
      0.0,
      0.002424583502440472,
      0.008219507446006294,
      0.01210081709268892,
      0.0,
      0.002991539587197939,
      0.0,
      0.0018028829511952005,
      0.0,
      0.0,
      0.005123947989570919,
      0.0,
      4.988901231309084e-05,
      0.0,
      0.0,
      0.0,
      0.002622542699258049,
      0.0014764183847449357,
      0.0,
      0.0,
      0.017439884880843737,
      0.0,
      0.0,
      0.0,
      0.0,
      0.0,
      0.007594162245286493,
      0.0,
      0.0,
      0.012677024475954458,
      0.0,
      0.0,
      0.0,
      0.0,
      0.0,
      0.0,
      0.004425942117101988,
      0.0,
      0.00013158172613255754,
      0.006817133479056754,
      0.0,
      0.015506004603771868,
      0.002479806499577361,
      0.0,
      0.0039592321626244565,
      0.004679104908024244,
      0.0,
      0.0,
      0.001998754993845529,
      0.0,
      0.0,
      0.0,
      4.26142183423279e-05,
      0.007120034036544537,
      0.002674431265962956,
      0.005022362998957599,
      0.0,
      0.010214497532140397,
      0.01228472976836868,
      0.0005893046894437455,
      0.013438168009204967,
      0.0,
      0.0,
      0.0,
      0.017168209978507182,
      0.006413390584702796,
      0.01090889578420738,
      0.0016423930827387005,
      0.009861255259905239,
      0.0083377369912692,
      0.0,
      0.012654446312005803,
      0.010548991624883902,
      0.0,
      0.0,
      0.0,
      0.0,
      0.0,
      0.011488291719215974,
      0.002631548517829932,
      0.013072536922511792,
      0.007260835650047559,
      0.003205796898222197,
      0.009252200971418996,
      0.0,
      0.0003788116835191474,
      0.0,
      0.0014574286818872888,
      0.0,
      0.006477254420933188,
      0.0,
      0.006316699610450022,
      0.0,
      0.0,
      0.006111204425611181,
      0.0035730571506897763,
      0.0005645755901220512,
      0.0,
      0.0036359466600285333,
      0.001910507132384406,
      0.008201671518536173,
      0.0,
      0.0,
      0.018861433892939483,
      0.007441882351543722,
      0.006272775589234931,
      0.004324224503433796,
      0.0064934130869703476,
      0.0016993198970284458,
      0.0,
      0.0074843141308175935,
      0.0,
      0.0,
      0.0,
      0.0,
      0.007769633847637032,
      0.007363159155128681,
      0.0,
      0.0,
      0.0,
      0.004035137932432009,
      0.0034753976303415045
    ],
    "low_data": false
  },
  "250000": {
    "median": 0.000508159480839939,
    "p90": 0.010740678515791174,
    "p10": 0.0,