{
  "100000": {
    "median": 0.0,
    "p90": 0.010392524983724363,
    "p10": 0.0,
    "sample": [
      0.00015447477486841554,
      0.00011086745863291982,
      0.0314901990848594,
      0.005962082386902765,
      0.0,
      0.0,
      0.0,
      0.0,
      0.003732583031974556,
      0.0031082082687261974,
      0.0,
      0.0,
      0.0,
      0.0003719650596715996,
      0.0,
      0.0,
      0.0,
      0.0023681366977953127,
      0.0,
      0.0,
      0.0,
      0.0183335747678824,
      0.010497274106591716,
      0.0,
      0.007788584750455203,
      0.0,
      0.0,
      0.0020656032946669185,
      0.005231844978489494,
      0.002453549037165722,
      0.0,
      0.0,
      0.0,
      0.0,
      0.002133522981988649,
      0.0,
      0.003850284418167249,
      0.0,
      0.0,
      0.020686826698013108,
      0.0,
      0.0,
      0.0,
      0.006181685190127361,
      0.0,
      0.0030125938754677504,
      0.0,
      0.01753068570924938,
      0.0,
      0.0,
      0.02991900285001331,
      0.0,
      0.0,
      0.015064864205149327,
      0.0,
      0.0006611385461729996,
      0.01544580594613341,
      0.0,
      0.0,
      0.0,
      0.0,
      0.0,
      0.0,
      0.0,
      0.010710385696609068,
      0.0,
      0.0,
      0.0,
      0.0,
      0.0,
      0.0,
      0.010128940118705057,
      0.0,
      0.00199454764438956,
      0.008351626751307004,
      0.0,
      0.0004691407973723347,
      0.0,
      0.010633967372666484,
      0.0036924350683209973,
      0.0017915348299003186,
      0.009535930237615477,
      0.010380886192294657,
      0.004517908209134665,
      0.0,
      0.0,
      0.0,
      0.0,
      0.0,
      0.0211042176817351,
      0.007002759554296477,
      0.0,
      0.002897014483813623,
      0.0,
      0.029423650610869854,
      0.012803377243670085,
      0.004793092511964712,
      0.0,
      0.0,
      0.010576963829058747,
      0.006825899543884862,
      0.006510175667882389,
      0.0073059688339775835,
      0.0013161605868633613,
      0.0,
      0.0032581686405271267,
      0.0,
      0.0,
      0.0186686384301254,
      0.008594681803044867,
      0.004172191345356772,
      0.0014117835922574705,
      0.0,
      0.008637724128495998,
      0.0,
      0.0012179534182160433,
      0.0,
      0.0,
      0.0,
      0.0,
      0.005792873933174617,
      0.0,
      0.0,
      0.006662867595408582,
      0.010367228983605207,
      0.0,
      0.0,
      0.0032065936110981484,
      0.011404249455614315,
      0.005327944330481248,
      0.0,
      0.0,
      0.0,
      0.0,
      0.0,
      0.007502676639331575,
      0.0,
      0.0,
      0.0,
      0.0,
      0.0,
      0.009509516629798839,
      0.0,
      9.294181491595823e-05,
      0.0,
      0.002713168989736814,
      0.0,
      0.0005435942350599704,
      0.0,
      0.013743368494642123,
      0.006363865486600147,
      0.0,
      0.006354930022496402,
      0.004601634447555037,
      0.013214541826227083,
      0.0,
      0.0010792360345089264,
      0.0017997476871844634,
      0.0,
      0.0,
      0.010258567367361172,
      0.012812388668236896,
      0.015546169878486758,
      0.0,
      0.002610763487852602,
      0.0,
      0.0,
      0.005084632699411243,
      0.00012739497809605447,
      0.0,
      0.0,
      0.0029049039552289106,
      0.007488730819017413,
      0.0,
      0.0,
      0.0,
      0.0,
      0.0006385806056612966,
      0.0037452941484279576,
      0.0025572474742576,
      0.0,
      0.0013147986538837126,
      0.00022607515042797098,
      0.0,
      0.008930749587709091,
      0.003484257528937126,
      0.0,
      0.0,
      0.007777646909683961,
      0.000779308876441168,
      0.005602290395912753,
      0.0,
      0.0,
      0.0006538409316243919,
      0.0,
      0.0,
      0.0,
      0.009787343975392096,
      0.0055125740683406544,
      0.0
    ],
    "low_data": false
  },
  "250000": {
    "median": 0.0,
    "p90": 0.010587720764712535,
    "p10": 0.0,
    "sample": [
      0.000352373774723872,
      0.00025290074010984957,
      0.03161816244191764,
      0.006086939571643342,
      0.0,
      0.0,
      0.0,
      0.0,
      0.003849137102534872,
      0.003252322095170416,
      0.0,
      0.0,
      0.0,
      0.0005339870716532164,
      0.0,
      0.0,
      0.0,
      0.002514376587547278,
      0.0,
      0.0,
      0.0,
      0.018509616902953958,
      0.010686799589910095,
      0.0,
      0.007908268075468666,
      0.0,
      0.0,
      0.0022193486751892126,
      0.005368581702341541,
      0.0026620969274351613,
      0.0,
      0.0,
      0.0,
      0.0,
      0.0022430305136960345,
      0.0,
      0.004023306476717414,
      0.0,
      0.0,
      0.020834459775130473,
      0.0,
      0.000149269235770363,
      0.0,
      0.006306551642190998,
      0.0,
      0.0032911172761990555,
      0.0,
      0.01774963820932597,
      0.0,
      0.0,
      0.030116594511415497,
      0.0,
      0.0,
      0.015326335734926862,
      0.0,
      0.0009128591538937396,
      0.015586630156748544,
      0.0,
      0.0,
      0.0,
      0.0,
      0.0,
      0.0,
      0.0,
      0.010855353191456673,
      0.0,
      0.0,
      0.0,
      0.0,
      0.0,
      0.0,
      0.010216979547971208,
      0.0,
      0.002106283503912415,
      0.008473748623804192,
      0.0,
      0.0006197994097314153,
      0.0,
      0.010782378702675463,
      0.003844321734021114,
      0.0019035559343311347,
      0.00965275950891639,
      0.010576712006357252,
      0.004684809379634465,
      0.0,
      0.0,
      0.0,
      0.0,
      0.0,
      0.02122778216710947,
      0.007235153634667363,
      0.0,
      0.0030900091373366853,
      0.0,
      0.029510943875140947,
      0.012904204238943649,
      0.004974045866944373,
      0.0,
      0.0,
      0.010704142331003447,
      0.006915009197750102,
      0.006601754913617082,
      0.007452815837377378,
      0.001445607314317434,
      0.0,
      0.003477510423109001,
      0.0,
      0.0,
      0.018847392194862304,
      0.00871816984062751,
      0.0042832326625922654,
      0.0015158693401726847,
      0.0,
      0.008777589613575677,
      0.0,
      0.0013273248398291955,
      0.0,
      0.0,
      0.0,
      0.0,
      0.005987286445184617,
      0.0,
      0.0,
      0.006762954219296288,
      0.010519057461792844,
      0.0,
      0.0,
      0.0033918257686900823,
      0.011542221246997095,
      0.005421890192779761,
      0.0,
      0.0,
      0.0,
      0.0,
      0.0,
      0.0076197555524270665,
      0.0,
      0.0,
      0.0,
      0.0,
      0.0,
      0.009724044851003266,
      0.0,
      0.00028317362154853227,
      0.0,
      0.0029370932807622594,
      0.0,
      0.0007265905006752047,
      0.0,
      0.01383850215273476,
      0.006523813635342336,
      0.0,
      0.006453101419125812,
      0.004814500767672851,
      0.013312643150333288,
      0.0,
      0.0013185446654033171,
      0.0019003651902074266,
      0.0,
      0.0,
      0.010356533114299292,
      0.013006556624312365,
      0.015687790379778598,
      0.0,
      0.0027447840511273663,
      0.0,
      0.0,
      0.0053105693464647235,
      0.0003820972624286442,
      0.0,
      0.0,
      0.003018347720803996,
      0.007743493420931147,
      0.0,
      0.0,
      0.0,
      0.0,
      0.0007535516550012096,
      0.003867008228317879,
      0.002747851455703705,
      0.0,
      0.0014620612196506256,
      0.0003648187390589085,
      0.0,
      0.009072954150780844,
      0.003623443269577372,
      0.0,
      0.0,
      0.007876460030438334,
      0.0008923842132461295,
      0.005723636935798043,
      0.0,
      0.0,
      0.0007637982925227253,
      0.0,
      0.0,
      0.0,
      0.009958759558127124,
      0.005643345261881127,
      0.0
    ],
    "low_data": false
  },
  "500000": {
    "median": 0.0,
    "p90": 0.010880850866669116,
    "p10": 0.0,