{
  "100000": {
    "median": 0.0004236421732653875,
    "p90": 0.012659288132270491,
    "p10": 0.0,
    "sample": [
      7.776453011507408e-05,
      0.00011549241123298037,
      0.0,
      0.0039489636132733165,
      0.0,
      0.017375344274432155,
      0.0,
      0.0,
      0.0029445136165676213,
      0.0,
      0.0002569314443869328,
      0.0,
      0.002659542063977474,
      0.0,
      0.0,
      0.008390391254298352,
      0.0063560591050581036,
      0.005743953687806586,
      0.012020035688822605,
      0.012650929225838173,
      0.0001232140639000953,
      0.0,
      0.0,
      0.0,
      0.0026095716051712744,
      0.007449624608440334,
      0.009936686506051841,
      0.0021817025210480526,
      0.0,
      0.0,
      0.009940013040079507,
      0.0,
      0.0,
      0.0,
      0.0,
      0.016065386594639144,
      0.0,
      0.011328486881762878,
      0.0,
      0.0032082229049678855,
      0.0,
      0.0006943914279320019,
      0.0,
      0.012869175149272279,
      0.0,
      0.023585977667545013,
      0.008571253908376115,
      0.007161329411186074,
      0.0,
      0.011630404703802898,
      0.0,
      0.016714555294979883,
      0.009820585367673095,
      0.0015689723243482727,
      0.0,
      0.0,
      0.00801689119327974,
      0.013603558275858936,
      0.01315976037462937,
      0.010300779444180267,
      0.008933008745859783,
      0.0,
      0.0012278037996625339,
      0.0,
      0.0024152290953065973,
      0.0,
      0.003450819789968247,
      0.0,
      0.0033255039615015646,
      0.002657849496639105,
      0.0,
      0.0,
      0.0,
      0.01076898570288198,
      0.008503143774872542,
      0.001702000566636807,
      0.0,
      0.0,
      0.0,
      0.007643853259596189,
      0.014683168844642835,
      0.004906812699260745,
      0.012244038895514746,
      0.0,
      0.0,
      0.01732286449830595,
      0.0,
      0.0,
      0.0,
      0.0,
      0.0,
      0.0,
      0.0,
      0.00249227705368345,
      0.0,
      0.0014410182738915723,
      0.0,
      0.0,
      0.0,
      0.008767046965102967,
      0.0033088538136918904,
      0.005650426177580816,
      0.0,
      0.020439693314685883,
      0.014916322388963042,
      0.005694927528365,
      0.0,
      0.0,
      0.003131276207555056,
      0.0,
      0.0051471930749313515,
      0.01697074345803841,
      0.005589939163393686,
      0.0,
      0.0,
      5.606567437740384e-05,
      0.006557033125323147,
      0.0,
      0.0012737532691328934,
      0.0,
      0.004787199338178408,
      0.0,
      0.0,
      0.009784955764554676,
      0.0,
      0.011993660354834075,
      0.0009418287111299477,
      0.005405182623214457,
      0.006102282356307016,
      0.0,
      0.012734518290161359,
      9.795830305965735e-05,
      0.0003228580705983241,
      0.0,
      0.0,
      0.006947384582488908,
      0.0,
      0.0,
      0.0,
      0.003570356080332738,
      0.0,
      0.013430267587902597,
      0.004351425527452675,
      0.013456878539305741,
      0.006628709577877995,
      0.0,
      0.012489518476130113,
      0.007001420192298033,
      0.02081408756453889,
      0.0,
      0.006273628384643154,
      0.0,
      0.0,
      0.002075580507696058,
      0.0,
      0.010873572677982918,
      0.0,
      0.0,
      0.0,
      0.0,
      0.0,
      0.011430360060642483,
      0.0,
      0.0,
      0.0,
      0.004533706902233827,
      1.335943893909379e-05,
      0.015521525009165756,
      0.009754814841915723,
      0.0,
      0.0019371028551140028,
      0.003403383485801263,
      0.0012280421788832551,
      0.009388408377541192,
      0.0012051730372801082,
      0.0,
      0.00543063556419282,
      0.015481786785360992,
      0.0,
      0.01205844597557821,
      0.0,
      0.010469833774630745,
      0.0,
      0.0,
      0.004045753464766141,
      0.0,
      0.0,
      0.010434803157444196,
      0.0,
      0.0067485395891360165,
      0.0005244262759324509,
      0.00181599960648233,
      0.027122378107086793,
      0.0,
      0.008453847845170634,
      0.0,
      0.000870800996647271,
      0.0,
      0.012822460824585474,
      0.003267914652786214
    ],
    "low_data": false
  },
  "250000": {
    "median": 0.0006191617822753622,
    "p90": 0.012867546541681141,
    "p10": 0.0,