{
  "100000": {
    "median": 0.0009333782026761017,
    "p90": 0.010468726250378788,
    "p10": 0.0,
    "sample": [
      0.0001820752419224252,
      0.00019388149855259178,
      0.005076208289096621,
      0.0,
      0.009750421219562001,
      0.00040189289345908866,
      0.0,
      0.0,
      0.006635234141317635,
      0.0,
      0.0026618741870365354,
      0.002168882297277277,
      0.011140968958228808,
      0.0,
      0.0,
      0.0,
      0.0,
      0.0015929811279049872,
      0.0027817222168368596,
      0.0,
      0.0,
      0.0,
      0.0,
      0.006350173883357486,
      0.0,
      0.005282275371945232,
      0.009961911456911346,
      0.0013909558996266155,
      0.0,
      0.0005180962520977407,
      0.004172224378335435,
      0.0,
      0.0,
      0.0016948042568847841,
      0.020393666722925852,
      0.0,
      0.01141331298594887,
      0.0,
      0.008924098853316454,
      0.0,
      0.004153150849424296,
      0.0,
      0.0038886883406443465,
      0.007108972846279608,
      0.01207473820584693,
      0.007864946795431768,
      0.004424774504615576,
      0.0,
      0.030842245785360694,
      0.0021780562801148344,
      0.014801522084984833,
      0.0,
      0.006100843654699251,
      0.014020297828133592,
      0.004315169032573346,
      0.0,
      0.0,
      0.00990010159878867,
      0.0,
      0.005043640440105473,
      0.010973408666382578,
      0.010255615767912086,
      0.00343647143546743,
      0.005178837586314589,
      0.0,
      0.0008896343266987403,
      0.0,
      0.0,
      0.0,
      0.009738686044202135,
      0.007673534074145155,
      0.0059863541008860835,
      0.0,
      0.007140721705888505,
      0.0,
      0.0,
      0.0,
      0.004773662507644152,
      0.0,
      0.0,
      0.010468126867377022,
      0.021626128734063717,
      0.0,
      0.010151884645031077,
      0.0,
      0.0036845640746254503,
      0.004859469577068591,
      0.0,
      0.012890870805496259,
      0.0,
      0.008527729196568605,
      0.0066719807119782525,
      0.005162167779830587,
      0.0,
      0.017581903554550783,
      0.0,
      0.0020873192534856173,
      0.016967992429375082,
      0.0,
      0.0,
      0.0,
      0.0,
      0.0,
      0.0023149425145551424,
      0.0,
      0.003003795319784931,
      0.00541696612606251,
      0.01047412069739469,
      0.0,
      0.0,
      0.0019216736393232819,
      0.0006887470897766225,
      8.925948590339436e-05,
      0.0,
      0.0,
      3.7451444276213384e-05,
      0.0,
      0.0,
      0.008854267976201778,
      0.0002697544980905128,
      0.0035325792803145547,
      0.00011298398463936805,
      0.0,
      0.0,
      0.0,
      0.010172213912948976,
      0.0,
      0.0,
      0.004455812715402956,
      0.0,
      0.005604175735412309,
      0.00014281651867380042,
      0.0,
      0.0,
      0.010556642842785282,
      0.0,
      0.0,
      0.0,
      0.005072164201392394,
      0.0,
      0.0,
      0.0024897311029719667,
      0.002015349571468192,
      0.0009771220786534633,
      0.003852512891308638,
      0.0,
      0.0,
      0.0,
      0.0077942661232289125,
      0.0,
      0.007856543466815824,
      0.003526217969773505,
      0.0010133582661074096,
      0.0,
      0.008482322234096168,
      0.0043703665562951285,
      0.0,
      0.0028943873935096693,
      0.0,
      0.013755500651609862,
      0.007332886342680543,
      0.008735317884253531,
      0.0,
      0.001554149271303373,
      0.001939875226789715,
      0.012344639429215086,
      0.0,
      0.0,
      0.0,
      0.0049860067759322415,
      0.0031055328704951693,
      0.004933685078788195,
      0.0,
      0.0,
      0.0,
      0.001423581644310903,
      0.007617278040707246,
      0.009067328386692188,
      0.0,
      0.0,
      0.0,
      0.016988046437664783,
      0.006782352113715917,
      0.0033961480855510258,
      0.008287717801648057,
      0.0,
      0.01763892808840933,
      0.015574073984632269,
      0.019592879378014332,
      0.0,
      0.005224067617428498,
      0.0,
      0.008499469411770542,
      0.006913376328213343,
      0.0,
      0.00278255103256312,
      0.0,
      0.0021775098846124456,
      0.005982869293618261,
      0.0
    ],
    "low_data": false
  },
  "250000": {
    "median": 0.0010761855454683566,
    "p90": 0.010585398136663015,
    "p10": 0.0,