{
  "100000": {
    "median": 0.0004949858025471801,
    "p90": 0.009187848142445573,
    "p10": 0.0,
    "sample": [
      0.00017529120866440308,
      8.436568786044487e-05,
      0.0,
      0.01010945819135439,
      0.0,
      0.0,
      0.005239129605524211,
      0.0,
      0.01240418769197142,
      0.0,
      0.0005213056331481008,
      0.013710703014090067,
      0.005650467689963651,
      0.013111809674042981,
      0.0,
      0.00878669011071601,
      0.010499348498112668,
      0.005681316017783264,
      0.0025944144795470568,
      0.0,
      0.0,
      0.008216584795260985,
      0.0050639969725783706,
      0.0007323600299343238,
      0.0,
      0.0,
      0.004400970507782114,
      0.0,
      0.0,
      0.004263865411711207,
      0.002147199888373401,
      0.008662580669838337,
      0.021810994235953406,
      0.0,
      0.011814529130027002,
      0.00687590442366613,
      0.005639255672984361,
      0.0091748209901168,
      0.0,
      0.0,
      0.0,
      0.0,
      0.0022605822664701777,
      0.01125536469978958,
      0.0009993245622544594,
      0.00512800481848517,
      0.0,
      0.0,
      0.0,
      0.01942347715866942,
      0.0034058581918522696,
      0.0,
      0.00022249797440837186,
      0.010353264196931599,
      0.0,
      0.006139945269576899,
      0.0060273583849123746,
      0.0,
      0.004258483874430264,
      0.0,
      0.0019440987751623957,
      0.013530985752784703,
      0.0,
      0.007282682103620831,
      0.013845314952635468,
      0.00813160838747464,
      0.0011802154913129886,
      0.0017210199039250605,
      0.0,
      0.0,
      0.006094635475454634,
      0.0021496345966777386,
      0.0,
      0.0,
      0.0019678876243714423,
      0.011081400543794135,
      0.005921371958995849,
      0.0,
      0.0,
      0.0,
      0.003342302438221594,
      0.005451661732339343,
      0.0006917121195070019,
      0.0,
      0.001477612881152754,
      0.005811546291622398,
      0.012020989591842708,
      0.004683119200959027,
      0.002704858964744751,
      0.0,
      0.0,
      0.0066532483034305355,
      0.0,
      0.0004104882137890044,
      0.0,
      0.008825461042911752,
      0.0031469814644660282,
      0.0,
      0.0,
      0.0,
      0.007684814035205827,
      0.0,
      0.010885799481970972,
      0.0,
      0.0,
      0.00497280917654713,
      0.0,
      0.0,
      0.0044698416133672056,
      0.0,
      0.006108937329416971,
      0.0,
      0.005499170676183147,
      0.0,
      0.001770894833182645,
      0.0,
      0.0,
      0.0013313503286271808,
      0.00551074086329443,
      0.00861434923803857,
      0.009005922611043314,
      0.0,
      0.0,
      0.0,
      0.0,
      0.00029995620332837506,
      0.0027938319284821584,
      0.0017778481837815159,
      0.009305092513404542,
      0.007156420154372054,
      0.0,
      0.009641975660840262,
      0.0,
      0.0,
      0.0,
      0.0,
      0.0001652453196088181,
      0.0007222339578590377,
      0.00046866597194625937,
      0.0,
      0.0038209335807165004,
      0.0,
      0.0,
      0.0,
      0.005444049666915017,
      0.0,
      0.0,
      0.0038527261469133945,
      0.0,
      0.0,
      0.010581107184437758,
      0.0,
      0.0,
      0.0,
      0.0,
      0.0,
      0.0,
      0.0,
      0.0,
      0.005444114911583965,
      0.0036406823139044585,
      0.0,
      0.00012284970602276707,
      0.0,
      0.0014495213133610772,
      0.0,
      0.0,
      0.007000883487584416,
      0.004625170318259012,
      0.0032394715679694482,
      0.005526387020685086,
      0.0,
      0.0,
      0.004591426317551404,
      0.004584644130166911,
      0.0025509990666368445,
      0.0,
      0.005975398752061681,
      0.0,
      0.0,
      0.0,
      0.0,
      0.003047711882683204,
      0.006402205282308704,
      0.0015758963412000968,
      0.005965482317029957,
      0.0,
      0.0,
      0.008513767917120982,
      0.011278611703070722,
      0.0,
      0.0,
      0.003947768751300063,
      0.012480045423150314,
      0.006203640505932321,
      0.008138934852284887,
      0.0,
      0.0,
      0.004010286640669157,
      0.00641370350529532
    ],
    "low_data": false
  },
  "250000": {
    "median": 0.0006440904985964612,
    "p90": 0.009315931812300345,
    "p10": 0.0,