{
  "100000": {
    "median": 0.00014475289035310065,
    "p90": 0.010169493967735482,
    "p10": 0.0,
    "sample": [
      9.573721755846135e-05,
      0.00010322292038819435,
      0.0,
      0.0,
      0.0,
      0.003370321520673685,
      0.005643313608141211,
      0.004649109063383276,
      0.0025983637125387036,
      0.0,
      0.003956832604635574,
      0.010818326802827322,
      0.0017766374680283233,
      0.008368434604581391,
      0.009920189805036513,
      0.0,
      0.0,
      0.0014262644062266118,
      0.00351361500902371,
      0.010284052377726087,
      0.0029545049703738964,
      0.003857797543466059,
      0.0,
      0.0,
      0.0,
      0.0,
      0.0,
      0.0,
      0.0,
      0.00048158228233383886,
      0.0,
      0.0,
      0.0,
      0.004315108906773221,
      0.0,
      0.009576517211072168,
      0.0,
      0.0,
      0.0007748963546566288,
      0.008044153408666333,
      0.002010307012509262,
      0.0,
      0.0,
      0.01699977221914539,
      0.006461039672998586,
      0.009973215533903951,
      0.0007753804480763453,
      0.020152530530529726,
      0.0,
      0.020706234917506623,
      0.0,
      0.0,
      0.0,
      0.00836405938153551,
      0.005562962403050346,
      0.004808936799340854,
      0.0,
      0.0058388498710777266,
      0.017531214476687106,
      0.0,
      0.0,
      0.017921016958241352,
      0.011698141571753314,
      0.0,
      0.0,
      0.0,
      0.0,
      0.0,
      0.0,
      0.008027909409056302,
      0.0003774367307662629,
      0.0,
      0.011797715160385894,
      0.0,
      0.004681300935285729,
      0.005853556894624954,
      0.00907074732107216,
      0.009088206720559055,
      0.0,
      0.0,
      0.0,
      0.0060337427689357865,
      0.0,
      0.0,
      0.0,
      0.0023232919096078434,
      0.010702758253783435,
      0.01065759332745527,
      0.0,
      0.0,
      0.0,
      0.0,
      0.016111259352651477,
      0.0,
      0.0,
      0.0,
      0.0,
      0.0,
      0.006831533718840307,
      0.0,
      0.0,
      0.003794267300166768,
      0.0,
      0.002053410590803161,
      0.005678529543237532,
      0.0,
      0.0,
      0.010156765255514304,
      0.0,
      0.0,
      0.012590217562081469,
      0.005280950162842642,
      0.007061212750451786,
      0.0,
      0.0,
      0.0,
      0.0,
      0.003219639340563664,
      0.002526274311933661,
      0.006998706912965365,
      0.0010920331752676692,
      0.0,
      0.005749801648315827,
      0.0,
      0.0,
      0.0005768516293061317,
      0.008422654100141126,
      0.0002747887076865259,
      0.0019074812189353195,
      0.006030295899460173,
      0.004642488662673958,
      0.012293028993797018,
      0.0,
      0.0,
      0.012757911791224666,
      0.0,
      0.007982490130987382,
      0.0,
      0.0020627471979503746,
      0.0,
      0.0,
      0.0,
      0.008368497273840491,
      0.0006443232763436165,
      0.008565188856200221,
      0.0,
      0.007661373132660371,
      0.014491414176202668,
      0.0,
      0.0,
      0.0008257678624858857,
      0.0,
      0.011741314506739101,
      0.0023762466871571825,
      0.00786140126484636,
      0.008646195602631681,
      0.008465431742620027,
      0.010557392971717613,
      0.0,
      0.001911302180484164,
      0.007047198602858499,
      0.0,
      0.00478784168685081,
      0.003510950435324627,
      0.004645487802664063,
      0.0,
      0.0,
      0.002489304431458744,
      0.0,
      0.0,
      0.020848309469082935,
      0.0,
      0.0,
      0.0,
      0.0,
      0.004729086044382489,
      0.0,
      0.0,
      0.0,
      0.0,
      0.0013240109472184292,
      0.005442808568167559,
      0.029636506184969214,
      0.0053730252368775384,
      0.0035257132525120917,
      0.004379037420776539,
      0.0,
      0.00018628286031800696,
      0.0,
      0.0,
      0.0,
      0.0,
      0.0,
      0.0026142405058235843,
      0.008089075185677327,
      0.0,
      0.00544540423025159,
      0.0,
      0.005860482152099477,
      0.0007732902615393345
    ],
    "low_data": false
  },
  "250000": {
    "median": 0.0002792434886432943,
    "p90": 0.010278176893295406,
    "p10": 0.0,