{
  "100000": {
    "median": 0.0002532348786810997,
    "p90": 0.00977272688699288,
    "p10": 0.0,
    "sample": [
      0.00011805045455538852,
      0.0001322519718525189,
      0.0,
      0.0,
      0.0,
      0.007346695393197286,
      0.0,
      0.0,
      0.004287471558317536,
      0.0026076639390992186,
      0.0,
      0.0,
      0.0,
      0.0,
      0.0,
      0.0038535056084527865,
      0.007196787306765293,
      0.007486811253331014,
      0.0,
      0.0,
      0.0,
      0.008903398490768436,
      0.0,
      0.0,
      0.0,
      0.0,
      0.0,
      0.009770910736134038,
      0.014911744856338243,
      0.0,
      0.0006702908563775503,
      0.0,
      0.004136667777938027,
      0.004497676231960561,
      0.0,
      0.011723438612012856,
      0.01972574832446016,
      0.00041930103152363,
      0.008264663787481218,
      0.0042263088509274,
      0.0027203347898161153,
      0.0007054640805629338,
      0.0,
      0.0,
      0.0,
      0.0,
      0.0,
      0.0,
      0.0011857215944477808,
      0.0,
      0.003752430064351192,
      0.0,
      0.001828416195039723,
      0.006365730912360432,
      0.0,
      0.0,
      0.0,
      0.0024674791009276927,
      0.0,
      0.020282026997608636,
      0.009455599147060926,
      0.0,
      0.0018952600520694576,
      0.0,
      0.0,
      0.0014594671210662264,
      0.01504779824448576,
      0.0,
      0.01969457582050111,
      0.0,
      0.0,
      0.0,
      0.0019936214074796244,
      0.0,
      0.0009736108972987999,
      0.0019050988284768666,
      0.0,
      0.0018861061131718445,
      0.024563022157864454,
      0.01767050002262155,
      0.0,
      0.0015308589258425608,
      0.009789072244722462,
      0.0,
      0.0,
      0.006086617966434829,
      0.008058334029921595,
      0.0008312733139790839,
      0.0027888862729325914,
      0.007417476792791614,
      0.006220248153774762,
      0.0,
      0.003445611327092947,
      0.0,
      0.0035178922131741943,
      0.0,
      0.0,
      0.008084479471325677,
      0.0011968338823801106,
      0.008355262109463583,
      0.0,
      0.0136404773911252,
      0.0019715002787245427,
      0.0,
      0.00037421778550968045,
      0.001171254187481279,
      0.0041380226573580455,
      0.0,
      0.0,
      0.005439041039418236,
      0.0,
      0.0,
      0.0,
      0.0,
      0.007860662130841651,
      0.0,
      0.0028031009369978727,
      0.0,
      0.0,
      0.015555222355172078,
      0.0033902370280098097,
      0.0,
      0.0,
      0.0,
      0.002783871715985167,
      0.003867426401560815,
      0.006854036255232046,
      0.0,
      0.0,
      0.004454041858264189,
      0.0,
      0.0180066023073847,
      0.0,
      0.0,
      0.0166935270387184,
      0.005419823791571188,
      0.0044514222693804095,
      0.0,
      0.004603695402773822,
      0.0006732376978480263,
      0.0011575430161029953,
      0.0,
      0.010092757529697129,
      0.01275712853879509,
      0.025628802397091966,
      0.0,
      0.004251175774583343,
      0.02748451240612994,
      0.0,
      0.0,
      0.0047115561921185056,
      0.0,
      0.004444608998612179,
      0.0,
      0.0,
      0.0,
      0.004363495636879343,
      0.0,
      0.0013580703374225403,
      0.0,
      0.005951650660222533,
      0.0,
      0.009062031003520715,
      0.0,
      0.0,
      0.0,
      0.0,
      0.021800125451272426,
      0.0,
      0.016534628606212888,
      0.0,
      0.010294624306676924,
      0.0,
      0.0,
      0.0,
      0.0041066991892895035,
      0.0022245676743276152,
      0.00617953506078546,
      0.0,
      0.007016563912101811,
      0.00849618432263994,
      0.0,
      0.002067268196767996,
      0.0,
      0.0,
      0.0,
      0.0019303808974974546,
      0.0009666757153916218,
      0.007010564427415868,
      0.0,
      0.002943695745712295,
      0.0,
      0.0017245061245938426,
      0.0004214262455668236,
      0.0,
      0.0036204744512944183,
      0.0,
      0.0034407216784376766,
      0.002112844380984779,
      0.003821825925715732
    ],
    "low_data": false
  },
  "250000": {
    "median": 0.0004089232729819171,
    "p90": 0.00991726633261434,
    "p10": 0.0,