{
  "100000": {
    "median": 0.0006468530083562172,
    "p90": 0.011410118680783671,
    "p10": 0.0,
    "sample": [
      0.00011197428503254724,
      7.879556684041684e-05,
      0.002290504184447884,
      6.065311844465292e-05,
      0.0,
      0.008122486052877848,
      0.004141971507660265,
      0.007737264652437956,
      0.0,
      0.00045991422725921043,
      0.0,
      0.002106161013190308,
      0.0,
      0.0033911006410662515,
      0.00380367923640784,
      0.0,
      0.006639158109330575,
      0.0012245137148579298,
      0.015273151325487294,
      0.0021657351885770813,
      0.0,
      0.00769698621824641,
      0.0,
      0.007671906736209695,
      0.0015555382374073618,
      0.0,
      0.0,
      0.0,
      0.019298405359581286,
      0.016456545100280197,
      0.0,
      0.004912773901964455,
      0.013361360591762577,
      0.006027800732790593,
      0.0,
      0.015012416356340328,
      0.0,
      0.006112814107127258,
      0.0,
      0.016442132806462516,
      0.012793075741346763,
      0.004158864281833338,
      0.0,
      0.0,
      0.008102858959218688,
      0.0,
      0.0008081799842656213,
      0.0047000273925465194,
      0.0,
      0.0,
      0.0033376148470920072,
      0.0013460044403120178,
      0.0030487139422829255,
      0.0015232271184146269,
      0.0,
      0.009576215800859347,
      0.0,
      0.010118819197975068,
      0.0,
      0.011782495565540809,
      0.0,
      0.0,
      0.01286009781146124,
      0.0,
      0.006706172616573151,
      0.0,
      0.0063737093577428995,
      0.0,
      0.0,
      0.0,
      0.0,
      0.012954993658103316,
      0.0,
      0.016105807709288354,
      0.0,
      0.0,
      0.0023100934285334032,
      0.0014688261342563449,
      0.0009622790261284759,
      0.0,
      0.014533301870010963,
      0.007337986355320581,
      0.0,
      0.004274986536995489,
      0.0,
      0.0,
      0.008912319972772748,
      0.002757279546421658,
      6.131461632597856e-05,
      0.0,
      0.0,
      0.0,
      0.0,
      0.00023868766591754107,
      0.002860963240121826,
      0.012608564755638096,
      0.008283555391907312,
      0.0,
      0.0,
      0.0,
      0.0052474957104732085,
      0.0,
      0.003227930879702822,
      0.0039934459374288914,
      0.004711414908946315,
      0.0029052200101354303,
      0.011401465122569926,
      0.0,
      0.0,
      0.0028448697268977706,
      0.0,
      0.0,
      0.00251906616393459,
      0.003033536820142397,
      0.007262707243225811,
      0.014106009731282834,
      0.014032721280517831,
      0.0,
      0.0,
      0.0,
      0.0,
      0.0,
      0.0077943493848856155,
      0.008784108748488574,
      0.0,
      0.0,
      0.016837468524795736,
      0.0012282055510301202,
      0.0,
      0.0,
      0.0,
      0.0,
      0.0,
      0.0,
      0.005120012337247346,
      0.010795617765833748,
      0.005265628102630211,
      0.0,
      0.005544104814936815,
      0.0035867598313732893,
      0.0,
      0.00986020564213829,
      0.0,
      0.004271133660034312,
      0.0034276475218315574,
      0.0007332784726871843,
      0.005528737251135932,
      0.008913839136598826,
      0.0,
      0.010705104358091553,
      0.0,
      0.0,
      0.013589951103317994,
      0.0005605380108366498,
      0.0,
      0.0,
      0.007182427701161102,
      0.0,
      0.0,
      0.003268791284002217,
      0.005090419276596027,
      0.008351826577063863,
      0.0,
      0.0,
      0.0,
      0.0,
      0.0,
      0.0005759964428048167,
      0.0,
      0.0024445324623017252,
      0.0,
      0.0007177095739076175,
      0.0,
      0.0,
      0.005642312093862364,
      0.0,
      0.00489873276335413,
      0.0,
      0.0,
      0.0,
      0.0008207441139699362,
      0.017708301959623907,
      0.003236553006512972,
      0.0,
      0.010232319688689057,
      0.011054898159547414,
      0.0,
      0.0034744620134272617,
      0.0,
      0.011488000704707386,
      0.0,
      0.0009815740966453363,
      0.001546653823395173,
      0.004331702902124825,
      0.003073291986401921,
      0.0,
      0.0005345621687830012,
      0.0100304443234813,
      0.024435929256682355,
      0.0
    ],
    "low_data": false
  },
  "250000": {
    "median": 0.0008281430809819406,
    "p90": 0.011596137751461991,
    "p10": 0.0,