{
  "100000": {
    "median": 0.0,
    "p90": 0.010834229845163265,
    "p10": 0.0,
    "sample": [
      0.00018852953396692905,
      0.0001410987410795444,
      0.008443187490930112,
      0.0020639643917121538,
      0.0020422217199860837,
      0.004449267849133851,
      0.010388970020620687,
      0.0021570553503553387,
      0.003987620768781286,
      0.0,
      0.008609943790437594,
      0.0,
      0.0,
      0.0,
      0.0,
      0.006906274450401731,
      0.0,
      0.009585658272769882,
      0.0,
      0.0,
      0.004367922791289956,
      0.0,
      0.0,
      0.0,
      0.0017560627027571846,
      0.0001158171978492214,
      0.0,
      0.0,
      0.009746148080648775,
      0.005745343078106146,
      0.0,
      0.0,
      0.0,
      0.0,
      0.008273711225445788,
      0.0068269347476042725,
      0.0,
      0.002084966216691775,
      0.0,
      0.0,
      0.018151915151328666,
      0.0,
      0.0027734469631246553,
      0.004910992309878775,
      0.0,
      0.0035587955953922112,
      0.0,
      0.007182988158557846,
      0.0,
      0.001041453451151602,
      0.0,
      0.0031100207162968194,
      0.0023867228760274107,
      0.014218715476203713,
      0.0,
      0.0034210556761952093,
      0.001396103766896803,
      0.0,
      0.003706406432181652,
      0.00908609271949656,
      0.0,
      0.0,
      0.0,
      0.0,
      0.002495512831828218,
      0.0,
      0.0,
      0.0,
      0.01232895859492609,
      0.0,
      0.011200036564183493,
      0.0004397153267425452,
      0.002057328442524766,
      0.0,
      0.0,
      0.0,
      0.0,
      0.012686698652825233,
      0.0,
      0.014865781196960847,
      0.0,
      0.0,
      0.007999114109644198,
      0.0,
      0.0,
      0.004548866857597315,
      0.0,
      0.011420016023554557,
      0.0,
      0.0,
      0.0,
      0.0,
      0.014742949050182716,
      0.0,
      0.006989681275270742,
      0.00522741094796684,
      0.0022539977511332452,
      0.0006021460071752566,
      0.0,
      0.0023492556500172425,
      0.0,
      0.0008436794410519843,
      0.0,
      0.0,
      0.01351010250258118,
      0.0,
      0.0,
      0.0,
      0.0,
      0.0,
      0.011190321154224423,
      0.0,
      0.0,
      0.01329837585999084,
      0.0,
      0.012055806714176553,
      0.002375563526486329,
      0.00964029256507053,
      0.0,
      0.01970457139599257,
      0.0,
      0.0,
      0.0020736821915496766,
      0.0,
      0.0,
      0.0,
      0.0,
      0.0,
      0.0,
      0.0,
      0.004750882679321858,
      0.007821024177622475,
      0.0,
      0.007719073418636359,
      0.0006795234636335626,
      0.0,
      0.002708663316073066,
      0.007653374031490936,
      0.0,
      0.010794664144156472,
      0.0,
      0.0,
      0.007032654051411376,
      0.006729745635138687,
      0.006419312658950597,
      0.016745828355712995,
      0.022168180590902992,
      0.0,
      0.0009467570276278665,
      0.0,
      0.00724444090402767,
      0.004362218344944892,
      0.00015533725903039207,
      0.0,
      0.013190686878933383,
      0.0,
      0.003268916358794105,
      0.0,
      0.01128809810657098,
      0.024615567525232196,
      0.006804560294507324,
      0.0,
      0.0,
      0.0,
      0.0,
      0.0,
      0.0012648088201323423,
      0.0,
      0.005242912947529554,
      0.0003285738827577914,
      0.0,
      0.008112840395871061,
      0.007623219567898244,
      0.0,
      0.008055095982551013,
      0.0,
      0.010554755498830462,
      0.005857723040513932,
      0.00774729197265067,
      0.0,
      0.0,
      0.004048828406469696,
      0.0018632209074366179,
      0.0,
      0.006177985389806388,
      0.0,
      0.008584226186847406,
      0.0010748960215643058,
      0.0,
      0.004354067634059302,
      0.0,
      0.0,
      0.009408832664418079,
      0.0,
      0.017727951953952856,
      0.0004287786121952306,
      0.0,
      0.003211938567489385,
      0.0,
      0.022323995807474767
    ],
    "low_data": false
  },
  "250000": {
    "median": 6.658159640638204e-05,
    "p90": 0.010918488104411966,
    "p10": 0.0,