{
  "100000": {
    "median": 0.0,
    "p90": 0.011118898763924185,
    "p10": 0.0,
    "sample": [
      8.951403954980208e-05,
      9.790746436062666e-05,
      6.176534093155915e-05,
      0.0,
      0.008989341382381876,
      0.0,
      0.013718147849837785,
      0.0,
      0.0,
      0.007686070673412708,
      0.0,
      0.0,
      0.0,
      0.0,
      0.0,
      0.014876373709184681,
      0.000496128979593595,
      0.002099770818341992,
      0.01111782983128135,
      0.0,
      0.0,
      0.006579316938619471,
      0.0023222193967750975,
      0.0019162233944637875,
      0.0,
      0.008194486426503738,
      0.0025490645756975757,
      0.0,
      0.0,
      0.0,
      0.0,
      0.0,
      0.0,
      0.0,
      0.0006662855577654435,
      0.0022800277988484488,
      0.0,
      0.0,
      0.0,
      0.0008770750866565568,
      5.285383022529086e-06,
      0.0,
      0.013268059737100171,
      0.0,
      0.0,
      0.0,
      0.0,
      0.001920813387489913,
      0.004834698356889764,
      0.0,
      0.0,
      0.0,
      0.01355088275120045,
      0.0011755386818503028,
      0.011128519157709694,
      0.00017467281385268258,
      0.0014320269865291313,
      0.00028237585540684466,
      0.006707084757783149,
      0.0,
      0.01004956235122578,
      0.0015831424886603802,
      0.0010189764353439922,
      0.015055500927311175,
      0.0,
      0.00817899344760209,
      0.0076711138880247096,
      0.009144345159800196,
      0.002467955226512587,
      0.007004297222766995,
      0.006327418709184988,
      0.0019575025154218426,
      0.007669828474359238,
      0.0,
      0.0008149391349523995,
      0.005382858737703252,
      0.0,
      0.01634735594430301,
      0.0,
      0.0,
      0.0,
      0.0,
      0.0,
      0.0,
      0.011623043691777591,
      0.01046813040540029,
      0.0,
      0.0003806327162653572,
      0.014424985209327262,
      0.0,
      0.0,
      0.0,
      0.003819027967711431,
      0.00034963124319673823,
      0.007326084647549379,
      0.0,
      0.0007662254776629078,
      0.001381913538224545,
      0.0071109635374982435,
      0.0,
      0.0,
      0.013120600710259733,
      0.0009035536485493469,
      0.009666938138299117,
      0.01274011484888793,
      0.0,
      0.0,
      0.0,
      0.0,
      0.006878576948169404,
      0.0,
      0.0,
      0.0,
      0.0,
      0.014664852876811364,
      0.010193534122656854,
      0.009168093130811412,
      0.0,
      0.0,
      0.0015778672862031388,
      0.0054695860380418815,
      0.0,
      0.0,
      0.003387949772299125,
      0.0,
      0.0,
      0.0,
      0.004691994517596418,
      0.0009381202106516047,
      0.0013609631783212794,
      0.0,
      0.0,
      0.0012970006297682384,
      0.0035991564049425834,
      0.007144868547256127,
      0.0,
      0.0,
      0.0,
      0.0,
      0.0,
      0.0,
      0.013996966859410355,
      0.003978278468819,
      0.0,
      0.0,
      0.0,
      0.0,
      0.0,
      0.0027989405023907243,
      0.0005780010978050838,
      0.018345041845591947,
      0.01463715609270108,
      0.024063452264369765,
      0.0,
      0.0,
      0.0,
      0.0035093263578015303,
      0.0,
      0.003591213398673625,
      0.0037570025988244386,
      0.0,
      0.0,
      0.004787766632036277,
      0.005986524860999036,
      0.0,
      0.0,
      0.0,
      0.0,
      0.002811291218306354,
      0.013466573980488296,
      0.0,
      0.005692145244145211,
      0.009069660270290245,
      0.0,
      0.010631587457842163,
      0.0,
      0.0,
      0.0,
      0.011596452108072664,
      0.0,
      0.0,
      0.016777145178605183,
      0.0,
      0.0,
      0.022888794745561228,
      0.0,
      0.0,
      0.007063932570467034,
      0.0,
      0.0,
      0.002221331695338832,
      0.004160947364518776,
      0.0,
      0.0,
      0.0,
      0.0,
      0.0,
      0.0,
      0.0,
      0.0058509916602298125
    ],
    "low_data": false
  },
  "250000": {
    "median": 0.0,
    "p90": 0.011301466704984829,
    "p10": 0.0,
    "sample": [
      0.0002041912670454715,
      0.00022333758259097475,
      0.0001607130361278524,
      0.0,
      0.009259159490981047,
      0.0,
      0.013826959102512807,
      0.0,
      0.0,
      0.007793244851933606,
      0.0,
      0.0,
      0.0,
      0.0,
      0.0,
      0.015107468825618073,
      0.0006282549329175522,
      0.0022232803354837864,
      0.011286608839444295,
      0.0,
      0.0,
      0.0068496250481436625,
      0.002565174646072291,
      0.002149700280415435,
      0.0,
      0.008452444308198127,
      0.0028256788346431375,
      0.0,
      0.0,
      0.0,
      0.0,
      0.0,
      0.0,
      0.0,
      0.000793734437294262,
      0.002550658087650261,
      0.0,
      0.0,
      0.0,
      0.001013187228756577,
      0.00018418129113321539,
      0.0,
      0.013452708567554037,
      0.0,
      0.0,
      0.0,
      0.0,
      0.002082817793230797,
      0.005049868386197037,
      0.0,
      0.0,
      9.890507475299035e-05,
      0.013696930489761661,
      0.0013857110792264852,
      0.011435187494849643,
      0.00033227789672207443,
      0.001580228248348822,
      0.0005417321157499996,
      0.0069145770118729955,
      0.0,
      0.010194352004921683,
      0.0017912189487079044,
      0.001262286495849458,
      0.015219886555175784,
      0.0,
      0.008315674363676879,
      0.007841265539572727,
      0.009286949014560822,
      0.0026405335335413244,
      0.007159440130820392,
      0.006514799386405947,
      0.0021301258206257567,
      0.007851586700165248,
      0.0,
      0.0009518341301655987,
      0.00556212816756495,
      0.0,
      0.01668902710083075,
      0.0,
      0.0,
      0.0,
      0.0,
      0.0,
      0.0,
      0.0118299922897262,
      0.010707619523067273,
      0.0,
      0.0007303422559869526,
      0.01460991442811968,
      0.0,
      0.0,
      0.0,
      0.003974924718154157,
      0.0005049570083042576,
      0.007618426954027762,
      0.0,
      0.0010589425274826385,
      0.001564892604473495,
      0.007450906877531132,
      0.0,
      0.0,
      0.013267759913416177,
      0.0010968225397296688,
      0.009984703572352163,
      0.012979128752444126,
      0.0,
      0.0,
      0.0,
      0.0,
      0.007015074671029834,
      0.0,
      0.0,
      0.0,
      0.0,
      0.014791449801081451,
      0.010481903473788764,
      0.00932673424646948,
      0.0,
      0.0,
      0.0018020610450853805,
      0.005668305507834797,
      0.0,
      0.0,
      0.0035721625737917045,
      0.0,
      0.0,
      0.0,
      0.004890673738476045,
      0.001201099175208887,
      0.0014887461608925295,
      0.0,
      0.0,
      0.0015656944398868345,
      0.003772570981333219,
      0.007332257655014998,
      0.0,
      0.0,
      0.0,
      0.0,
      0.0,
      0.0,
      0.014158145811507834,
      0.004135906265085813,
      0.0,
      0.0,
      0.0,
      0.0,
      0.0,
      0.0029478441082691834,
      0.0007621763489986498,
      0.018632468078374455,
      0.014901841186972482,
      0.024268211983944545,
      0.0,
      0.0,
      0.0,
      0.003657507323997956,
      0.0,
      0.0037372756066657146,
      0.0040133632392799785,
      0.0,
      0.0,
      0.005007948252782999,
      0.006182596264096405,
      0.0,
      0.0,
      0.0,
      0.0,
      0.002960569293361994,
      0.01370451397098794,
      0.0,
      0.006020493905308162,
      0.009282186025266525,
      0.0,
      0.010898165774302226,
      0.0,
      0.0,
      0.0,
      0.011770161048336558,
      0.0,
      0.0,
      0.0169303542184496,
      0.0,
      0.0,
      0.023058950481602124,
      0.0,
      0.0,
      0.0072004661270093934,
      0.0,
      0.0,
      0.0025075715786191614,
      0.0044235862570783414,
      0.0,
      0.0,
      0.0,
      0.0,
      0.0,
      0.0,
      0.0,
      0.00602322467115383
    ],
    "low_data": false
  },
  "500000": {
    "median": 0.0,