{
  "100000": {
    "median": 0.0026728351170029565,
    "p90": 0.013014835062885786,
    "p10": 0.0,
    "sample": [
      0.00011462906819636593,
      9.897087726205858e-05,
      0.001187978517654762,
      0.0,
      0.009917690377252167,
      0.002959773370924622,
      0.0,
      0.0,
      0.010097401753238908,
      0.023059682347466578,
      0.019599689523740072,
      0.001182310706361564,
      0.00652619488740933,
      0.0,
      0.009094172150912872,
      0.0,
      0.009492070161423513,
      0.00773357198380878,
      0.0,
      0.015038703905255904,
      0.0,
      0.007934498395248336,
      0.007019828605618436,
      0.0,
      0.006514765963433716,
      0.01305817320196464,
      0.0,
      0.0030393721658318945,
      0.000825902347318205,
      0.0,
      0.0,
      0.0,
      0.0,
      0.0,
      0.004131442250539589,
      0.008159807509389185,
      0.008184690452848803,
      0.0,
      0.0008224077290323883,
      0.01696907138948157,
      1.8407817159443615e-05,
      0.0,
      0.010870773240295893,
      0.001876779868847566,
      0.006541325528308333,
      0.007212707370147803,
      0.0008550167762312698,
      0.004660874766377962,
      0.0037525135174842038,
      0.007055886438673489,
      0.0026363630821843124,
      0.0,
      0.0,
      0.0016035350991253454,
      0.0021280586415197453,
      0.0,
      0.0,
      0.004494472170100837,
      0.005465453321998963,
      0.002547120137769134,
      0.0003893198119038283,
      0.012007566341366918,
      0.0,
      0.0,
      0.0009618262613025689,
      0.0022943647170743323,
      0.012907328778012645,
      0.0,
      0.004142568668079767,
      0.0,
      0.0015477587810252603,
      0.0,
      0.006952096095723557,
      0.014657082618135019,
      0.0027252046096155466,
      0.0,
      0.007435635088361345,
      0.0,
      0.0,
      0.010270709092826479,
      0.013010019714099246,
      0.005665655914329482,
      0.007152375008144924,
      0.0008419466926412822,
      0.0,
      0.0,
      0.0,
      0.0,
      0.00506699836618663,
      0.009618046828577411,
      0.0,
      0.00695512466673764,
      0.0,
      0.02373131888774521,
      0.0005807222304038746,
      0.004130758147913088,
      0.0,
      0.010731632337555226,
      0.009890483829352925,
      0.006686718607551987,
      0.0,
      0.00836861238272193,
      0.0036287114461850045,
      0.0038329396954063406,
      0.0013261562343458665,
      0.015491185002977238,
      0.0,
      0.0,
      0.006856245286826954,
      0.01030076718030058,
      0.003126856864555882,
      0.01161807785002872,
      0.0,
      0.014332347570250687,
      0.003956546655170923,
      0.005815150752133154,
      0.01694034034546216,
      0.00012559705914052765,
      0.007420569298054298,
      0.0,
      0.0,
      0.0,
      0.008264809318540163,
      0.0,
      0.002671569174700224,
      0.0020448364680261846,
      0.009459814849920664,
      0.0,
      0.013170425589550077,
      0.0,
      0.0021505372040467948,
      0.007261260088661129,
      0.005999906233622089,
      0.006634019244365199,
      0.003840594616259689,
      0.00034015438707339787,
      0.00174873653741471,
      0.006699809878417714,
      0.017768576597256152,
      0.0058729036358432405,
      0.003314988975034103,
      0.0,
      0.015973952717659126,
      0.0034351134996974805,
      0.005404989837993216,
      0.0005480488595501678,
      0.008992617694421062,
      0.0,
      0.002674101059305689,
      0.007523327990862986,
      0.0007868492559322361,
      0.0,
      0.01734162111420164,
      0.015983046161747366,
      0.004087269952832822,
      0.0026017304781229167,
      0.0003247651345935613,
      0.0012564157350063096,
      0.0,
      0.011798679479044848,
      0.0,
      0.01635760292218312,
      0.0,
      0.0,
      0.006127722411075451,
      0.004250022016153608,
      0.00527538509692639,
      0.0005721041220968396,
      0.006044452662289766,
      0.0,
      0.0,
      0.013880115359226014,
      0.006317017922601433,
      0.0,
      0.0035571510120137794,
      0.003927556975482679,
      0.013217624885275907,
      0.0008256314027862956,
      0.0,
      0.014345821104504598,
      0.00325560601634381,
      0.0,
      0.0,
      0.005501083588460814,
      0.0,
      0.0,
      0.00812349065058778,
      0.007737464129818608,
      0.004932393932349371,
      0.0,
      0.0,
      0.013719258533169597,
      0.006424267447658292,
      0.0026451287176510636,
      0.010852883642946506,
      0.0,
      0.0,
      0.004651862609467667,
      0.0,
      0.0
    ],
    "low_data": false
  },
  "250000": {
    "median": 0.002812864316199374,
    "p90": 0.013136347795165372,
    "p10": 0.0,