{
  "100000": {
    "median": 0.0,
    "p90": 0.010540281104426069,
    "p10": 0.0,
    "sample": [
      9.732977884029792e-05,
      8.74363996189566e-05,
      0.005453799944741465,
      0.03999695176430499,
      0.006439461705398905,
      0.0,
      0.007751202523106596,
      0.0031032420035656872,
      0.0048079196703659,
      0.0,
      0.0,
      0.0,
      0.0,
      0.0019065727193607065,
      0.005440394462202419,
      0.0,
      0.013578398406556835,
      0.0,
      0.008865541577411661,
      0.0,
      0.0,
      0.01658100881933792,
      0.0,
      0.0,
      0.0,
      0.0,
      0.0030303822609687413,
      0.005652431445314471,
      0.01527109737647285,
      0.0,
      0.0,
      0.0034587225105325195,
      0.0,
      0.002598685388785354,
      0.0,
      0.0,
      0.004317029651942524,
      0.0,
      0.00029125948715154294,
      0.0,
      0.0,
      0.0,
      0.005914887856311996,
      0.002511301946495922,
      0.0,
      0.0,
      0.0,
      0.006232035147685159,
      0.0,
      0.000961794267603527,
      0.006089049500052803,
      0.005951854422216598,
      0.0,
      0.006497507906338669,
      0.0,
      0.0,
      0.006694510062829066,
      0.0,
      0.0,
      0.0,
      0.0,
      0.014801189951059477,
      0.007134718645518234,
      0.002687358970768317,
      0.0,
      0.0,
      0.0,
      0.0034734673297318755,
      0.00534055099407843,
      0.013031169770556322,
      0.0011035156361743057,
      0.01248436741812591,
      0.0,
      0.0,
      0.020643110361124373,
      0.0,
      0.0,
      0.0013493586089410234,
      0.0,
      0.0,
      0.0,
      0.010333785377163287,
      0.0017646331020215505,
      0.0,
      0.0,
      0.0,
      0.002692989600665804,
      0.0,
      0.0,
      6.04175038782683e-05,
      0.0,
      0.009646999019470385,
      0.0,
      0.0,
      0.0,
      0.0,
      0.0,
      0.0,
      0.008175882946045465,
      0.0,
      0.0,
      0.0,
      0.0,
      0.0,
      0.0008555616965824807,
      0.0,
      0.0,
      0.0,
      0.0,
      0.0,
      0.0,
      0.006779662593639306,
      0.0,
      0.004997952166818842,
      0.0,
      0.008776575451827908,
      0.0,
      0.0,
      0.008788043073163216,
      0.00319376328237966,
      0.0044694365774979455,
      0.0,
      0.0,
      0.0,
      0.0,
      0.0,
      0.0009019913842894196,
      0.01496604868622767,
      0.0,
      0.0,
      0.006588000811315674,
      0.012547039183241165,
      0.0,
      0.009769925696186928,
      0.01021494535708614,
      0.0,
      0.0,
      0.007059330814437271,
      0.01652825183116956,
      0.005770026372666916,
      0.0,
      0.008292222008025384,
      0.0,
      0.0,
      0.0,
      0.001728352666876999,
      0.002180874800322621,
      0.0,
      0.01520874873690524,
      0.0,
      0.0,
      0.015014935651690289,
      0.0,
      0.012529788554402182,
      0.0,
      0.0,
      0.009201414254637512,
      0.0031587537217708035,
      0.004104216511345455,
      0.0,
      0.0,
      0.011302137652269041,
      0.0,
      0.0005331727706689288,
      0.0,
      0.004366196740540281,
      0.00010240610459062839,
      0.0016013123631945317,
      0.0,
      0.01835292405628521,
      0.0,
      0.0,
      0.0,
      0.0,
      0.0,
      0.0,
      0.0,
      0.0,
      0.012785754277356292,
      0.01023988672813123,
      0.0,
      0.012511256873789468,
      0.005195401370499154,
      0.0027971098276434033,
      0.0031349555021991543,
      0.0,
      0.0,
      0.0,
      0.0,
      0.0007897068802202196,
      0.01100149223605154,
      0.010491502720968252,
      0.0017494322657722954,
      0.0,
      0.0,
      0.0,
      0.0,
      0.0,
      0.006237333744053717,
      0.010979286555546447
    ],
    "low_data": false
  },
  "250000": {
    "median": 0.0,
    "p90": 0.010622837262525237,
    "p10": 0.0,
    "sample": [
      0.00022201981904301064,
      0.00019945194422999764,
      0.0055926884809444416,
      0.040101567485161804,
      0.006604941552466257,
      0.0,
      0.007903243097910235,
      0.0032413356308745866,
      0.004992266877483781,
      0.0,
      0.0,
      0.0,
      0.0,
      0.00208288447585758,
      0.005617733513295927,
      0.00010151376964232303,
      0.013725600603553267,
      0.0,
      0.00903351477460886,
      0.0,
      0.0,
      0.01671812541408152,
      0.0,
      0.0,
      0.0,
      0.0,
      0.0031963673325837386,
      0.005800307219983255,
      0.015444534466484711,
      0.0,
      0.0,
      0.0036342520604577596,
      0.0,
      0.002783873509688278,
      0.0,
      0.0,
      0.004450691327202726,
      0.0,
      0.0003923270274998103,
      0.0,
      0.0,
      0.0,
      0.006086674761431936,
      0.002614878130990236,
      0.0,
      0.0,
      0.0,
      0.006398581302321322,
      0.0,
      0.0010552560641150853,
      0.006182937530113476,
      0.006056947984705897,
      0.0,
      0.0066295518267533585,
      0.0,
      0.0,
      0.006910239495051203,
      0.0,
      0.0,
      0.0,
      0.0,
      0.014983588708499024,
      0.007316430507645905,
      0.002782174906115507,
      0.0,
      0.0,
      0.0,
      0.003641365621132384,
      0.005461793989633641,
      0.013272871045284382,
      0.0012668123032345841,
      0.012621035573807764,
      0.0,
      0.0,
      0.020746829813768033,
      0.0,
      0.0,
      0.001446823624039479,
      0.0,
      0.0,
      0.0,
      0.010451728031596283,
      0.0018796694936975922,
      0.0,
      0.0,
      0.0,
      0.002872289898712066,
      0.0,
      0.0,
      0.00020981709538625442,
      0.0,
      0.009768674357381085,
      0.0,
      0.0,
      0.0,
      0.0,
      0.0,
      0.0,
      0.00827718521342933,
      0.0,
      0.0,
      0.0,
      0.0,
      0.0,
      0.0009924872712127508,
      0.0,
      0.0,
      0.0,
      0.0,
      0.0,
      0.0,
      0.006898582723738454,
      0.0,
      0.0051147388994460105,
      0.0,
      0.008921709116827124,
      0.0,
      0.0,
      0.008941281490404962,
      0.0032870695409288817,
      0.0045971586314804665,
      0.0,
      0.0,
      0.0,
      0.0,
      0.0,
      0.0010290267277400218,
      0.01506139236826803,
      0.0,
      0.0,
      0.006692052724187296,
      0.012681368261594073,
      0.0,
      0.009908401606369945,
      0.01043615387349588,
      0.0,
      0.0,
      0.00719954818606637,
      0.016743793576724775,
      0.005900468126766567,
      0.0,
      0.00838515569325135,
      0.0,
      0.0,
      0.0,
      0.0018324161306440716,
      0.002287495474157031,
      0.0,
      0.015411856107479135,
      0.0,
      0.0,
      0.015120987768511538,
      0.0,
      0.012668816497056458,
      0.0,
      0.0,
      0.009368998736011106,
      0.0032497731739310454,
      0.004206873536921169,
      0.0,
      0.0,
      0.011435753139807207,
      0.0,
      0.0007006512040639507,
      0.0,
      0.004451724056541456,
      0.00018952468160196714,
      0.0017122354392345854,
      0.0,
      0.018519002658228517,
      0.0,
      0.0,
      0.0,
      0.0,
      0.0,
      0.0,
      0.0,
      0.0,
      0.012889343242477206,
      0.010342250851743466,
      0.0,
      0.012617806275942719,
      0.0053191259383328126,
      0.002885495252829402,
      0.003327943312063477,
      0.0,
      0.0,
      0.0,
      0.0,
      0.0008868388547285662,
      0.011090152654097928,
      0.010573671786595958,
      0.0018258656568085913,
      0.0,
      0.0,
      0.0,
      0.0,
      0.0,
      0.006330966053080816,
      0.011065326545888774
    ],
    "low_data": false
  },
  "500000": {
    "median": 0.0,
    "p90": 0.010819351292593898,
    "p10": 0.0,