{
  "100000": {
    "median": 0.001598914086201695,
    "p90": 0.011010747275341959,
    "p10": 0.0,
    "sample": [
      0.00011673507331045063,
      0.00013471150918292684,
      5.764197214541607e-05,
      0.0017426440152576348,
      0.003663241411756914,
      0.0028814407397818676,
      0.004516494618398932,
      0.004157457246845292,
      0.004275115355564172,
      0.0,
      0.0,
      0.009655875309332896,
      0.0,
      0.012632609534785094,
      0.006915372139341678,
      0.004741374406547269,
      0.013390107770903732,
      0.0,
      0.005659532935687332,
      0.0,
      0.0,
      0.00628667933770059,
      0.0,
      0.007712008779093063,
      0.0,
      0.0,
      0.014450621835240053,
      0.006670653800998255,
      0.004982590730915807,
      0.006710088193937166,
      0.0,
      0.009155505236023877,
      0.0,
      0.0,
      0.006195272816999313,
      0.0,
      0.0,
      0.003166052028618715,
      0.0,
      0.0,
      0.006226576909768603,
      0.0,
      0.015157235178883604,
      0.0035134472720275275,
      0.0,
      0.0,
      0.0,
      0.0008108134683783986,
      0.0,
      0.0,
      0.0,
      0.007945192671495203,
      0.008004096264688142,
      0.009469688238179848,
      0.0,
      0.007903276453813708,
      0.011342842040354144,
      0.0,
      0.0031350471796544018,
      0.0025484060175923725,
      0.004324015864037942,
      0.00896604735954176,
      0.004261734107860177,
      0.0,
      0.0019174810987960635,
      0.0,
      0.0017877222626493444,
      0.0,
      0.0041053144535615265,
      0.003890418547663687,
      0.005519553707931129,
      0.0073401557487508895,
      0.0,
      0.0,
      0.001722863141712147,
      0.0,
      0.004077470626505337,
      0.007670836674591689,
      0.001695402248858477,
      0.0,
      0.0,
      0.01565986179073963,
      0.014841785817036046,
      0.0,
      0.01113536102582038,
      0.0,
      0.004287579903704692,
      0.0,
      0.019306745484040422,
      0.0,
      0.0019010809735968157,
      0.0,
      0.0,
      0.0,
      0.005270316438914755,
      0.0,
      0.0015091191298674935,
      0.0,
      0.0,
      0.0,
      0.0016887090425358963,
      0.007758505916735667,
      0.0,
      0.004617226378633657,
      0.0,
      0.0,
      0.0,
      0.0,
      0.0,
      0.0,
      0.0,
      0.001220156868783713,
      0.018857956695179375,
      0.010406228718951688,
      0.0,
      0.0,
      0.0075445573487515,
      0.0022401284199942747,
      0.01524846745267921,
      0.0123277473601523,
      0.01099690130306658,
      0.0130600312290447,
      0.0,
      0.0,
      0.0021124744052097473,
      0.003014045395704776,
      0.0,
      0.0,
      0.0,
      0.013141263417218324,
      0.0,
      0.0,
      0.0,
      0.007949303971589581,
      0.0,
      0.0005195632793090743,
      0.0,
      0.0067900806848120955,
      0.00896573838867754,
      0.0,
      0.009997484545126625,
      0.002945993470954649,
      0.00029082632786050285,
      0.006701742160549187,
      0.009959973579961767,
      0.0029934843045533203,
      0.005778865141540905,
      0.0,
      0.0003242390433904571,
      0.0,
      0.0,
      0.007640480055310736,
      0.0032574727555556163,
      0.005762795956491559,
      0.0,
      0.004527128217265778,
      0.0,
      0.0,
      0.004562690594288667,
      0.006539454179990744,
      0.004398065435307384,
      0.0,
      0.022248649449980527,
      0.0,
      0.0,
      0.007048628812269909,
      0.010404496590958937,
      0.0255644114114416,
      0.005173303475460451,
      0.0,
      0.011181025314610507,
      0.017148956594620044,
      0.007837699832089758,
      0.0,
      0.007006127510784928,
      0.0,
      0.00022820544792553292,
      0.0,
      0.0,
      0.0,
      0.017476586051738824,
      0.0004899872828373195,
      0.0,
      0.006283733513920902,
      0.0,
      0.009772055331670328,
      0.0070798608239305266,
      0.0,
      0.0037158864560028694,
      0.0,
      0.01006701230781296,
      0.0,
      0.0,
      0.0,
      0.0012651864948039025,
      0.00531609111014409,
      0.0,
      0.01781639890883876,
      0.0058165363784430935,
      0.007621504112336332
    ],
    "low_data": false
  },
  "250000": {
    "median": 0.0017242267107878606,
    "p90": 0.011139668006347104,
    "p10": 0.0,