{
  "100000": {
    "median": 0.0012641297943021923,
    "p90": 0.01052534588227791,
    "p10": 0.0,
    "sample": [
      0.00014436915779969428,
      0.00010240645725427974,
      0.0016093374392114597,
      0.0008727069288668394,
      0.0,
      0.004751097312225108,
      0.003019252499291946,
      0.0070229830489878685,
      0.002629894347500937,
      0.0016444249007838974,
      0.0,
      0.0,
      0.003216198067588206,
      0.007443790180456791,
      0.0013932382442680856,
      0.0017418983748987357,
      0.0,
      0.008435730474505208,
      0.004146481973072581,
      0.003128122524597996,
      0.0059973964468248795,
      0.0006857926461833348,
      0.0,
      0.009172186881157273,
      0.0,
      0.0,
      0.006571707078992878,
      0.0004966472680776306,
      0.008379056976332086,
      0.0003345219474232804,
      0.0001024566388426424,
      0.0106319662812927,
      0.0031147185562742825,
      0.0018622313178627426,
      0.0065258711274041046,
      0.0,
      0.0,
      0.0,
      0.0,
      0.020939830685403997,
      0.0,
      0.0073795401276824085,
      0.01211229897072203,
      0.006653193594700192,
      0.0,
      0.005152589938367305,
      0.00588680424562904,
      0.0,
      0.0105203454717802,
      0.011257180212997316,
      0.0035589855451842777,
      0.0024920112840563875,
      0.0,
      0.0021367175561936404,
      0.01552821977141785,
      0.0,
      0.0,
      0.0,
      0.003571727670877266,
      0.00956004649936298,
      0.003293387076566905,
      0.0026782559637380404,
      0.0,
      0.0,
      0.0,
      0.0027746819331481514,
      0.0,
      0.010240173293619224,
      0.0,
      0.006515370908372407,
      0.006437674223954072,
      0.0,
      0.0,
      0.0,
      0.008972243730679924,
      0.0006326349912370073,
      0.0,
      0.015882556406398393,
      0.002152978355937433,
      0.0,
      0.0033273275265227717,
      0.004312906456053232,
      0.0,
      0.0,
      0.008185421777292597,
      0.0,
      0.015668492362596913,
      0.0,
      0.011600505404644676,
      0.0017734110517412473,
      0.0,
      0.0,
      0.0,
      0.0,
      0.031185815509030795,
      0.0,
      0.012335613430227264,
      0.0,
      0.0,
      0.00840904818902024,
      0.0008439285044178266,
      0.004416977577087541,
      0.011999893201966467,
      0.0,
      0.0028429506267109187,
      0.00883879695383575,
      0.0,
      0.010570349576757298,
      0.001646909897957545,
      0.0,
      0.0,
      0.00593510244988219,
      0.0,
      0.003561785894657201,
      0.005355689855761884,
      0.0033817240099255443,
      0.0,
      0.0033483013720804894,
      0.0,
      0.0013694822142608805,
      0.006331730308953312,
      0.0036455068978399584,
      0.012548231438391236,
      0.0,
      0.011156723234120746,
      0.004075077292606855,
      0.0,
      0.0,
      0.0,
      0.0012943605853615219,
      0.005406252570837359,
      0.012687897258044286,
      0.0,
      0.0025896766216798764,
      0.0008016125696211033,
      0.0,
      0.002100188625599793,
      0.0,
      0.003781312710586214,
      0.0,
      0.004306598074433704,
      0.0,
      0.0,
      0.012916816902554733,
      0.0,
      0.0,
      0.0031672636917889603,
      0.0,
      0.0023245179653216203,
      0.006139233635121152,
      0.0,
      0.0,
      0.004825984651056166,
      0.0,
      0.009424350571497705,
      0.0,
      0.0,
      0.0009843845876776373,
      0.0027400585475669177,
      0.002908367988200354,
      0.0,
      0.003458973752334227,
      0.0,
      0.0,
      0.0,
      0.0,
      0.0,
      0.0,
      0.00717693345129343,
      0.00140723692677794,
      0.011103350513082822,
      0.0,
      0.0,
      0.006906301857635126,
      0.012111897173923601,
      0.0021667369434151106,
      0.0,
      0.0,
      0.0,
      0.0015733154168631044,
      0.0012338990032428627,
      0.0,
      0.0,
      0.026164394552232236,
      0.026428878858297384,
      0.0,
      0.006188951431724853,
      0.0,
      0.0,
      0.005826381005869971,
      0.004044894049525625,
      0.0,
      0.0002364284510156253,
      5.8810394967441356e-05,
      0.0,
      0.0,
      0.003763210125510262,
      0.0028044915699665506,
      0.0,
      0.0
    ],
    "low_data": false
  },
  "250000": {
    "median": 0.001403516756764651,
    "p90": 0.010679113427911984,
    "p10": 0.0,