{
  "100000": {
    "median": 0.0,
    "p90": 0.009894541217741665,
    "p10": 0.0,
    "sample": [
      8.780115421539442e-05,
      8.171704702930183e-05,
      0.0,
      0.0,
      0.005831686625319506,
      0.0,
      0.00245917968536757,
      0.008783309516999004,
      0.007559476868851298,
      0.0,
      0.0,
      0.003983346637845548,
      0.007706544286316227,
      0.0024730408848563337,
      0.003810582120062427,
      0.0,
      0.0,
      0.0031563048217421036,
      0.008247437601007988,
      0.002541208348612452,
      0.0,
      0.01612207673393402,
      0.0007940445411697314,
      0.00010430527823155466,
      0.010033827857191641,
      0.0,
      0.011257651865605844,
      0.0,
      0.0,
      0.0,
      0.0,
      0.0016589283750110158,
      0.005719272707215199,
      0.0,
      0.004899590619212142,
      0.005608794742546656,
      0.0,
      0.0,
      0.011516735319800988,
      0.0,
      0.0,
      0.0,
      0.0,
      0.0,
      0.0,
      0.0,
      0.0,
      0.0,
      0.004076104784303085,
      0.002212041311334441,
      0.009894962860785313,
      0.0,
      0.0,
      0.0014270881276033623,
      0.0,
      0.0,
      0.0019329983660506707,
      0.0,
      0.0,
      0.0,
      0.0,
      0.0,
      2.442626604652403e-06,
      0.006425192627301269,
      0.0,
      0.0,
      0.0067233079040046224,
      0.0020514366982800555,
      0.0024483167785009246,
      0.009894494368514592,
      0.0006402880218470198,
      0.006548793241333178,
      0.0,
      0.0,
      0.0,
      0.0,
      0.0,
      0.0,
      0.010727483201155082,
      0.0,
      0.000491529183026716,
      0.008339806281294875,
      0.0033668047294494728,
      0.0036625942363458365,
      0.0,
      0.00448358252222736,
      0.0016824035595803468,
      0.0,
      0.002590993273893978,
      0.0,
      0.01474057836079297,
      0.0,
      0.010137518668865588,
      0.007574629699233629,
      0.0,
      0.0,
      0.023353708045609555,
      0.0057969408177773515,
      0.0,
      0.001223667005190591,
      0.0051055414232758665,
      0.0,
      0.001172672115581304,
      6.52019750498338e-05,
      0.0013065138654953623,
      0.017479730000136022,
      0.0,
      0.0,
      0.0,
      0.0,
      0.0,
      0.0,
      0.0,
      0.0,
      0.0,
      0.0,
      0.0,
      0.004934783144668651,
      0.0,
      0.0,
      0.00013986843210882677,
      0.0,
      0.0,
      0.0,
      0.0,
      0.0,
      0.0,
      0.0,
      0.008030340676113286,
      0.0,
      0.0032138506205231982,
      0.0036619405914946634,
      0.006291403868856938,
      0.0,
      0.013024688737446983,
      0.0,
      1.685114867794996e-05,
      0.0,
      0.007997025561584093,
      0.002429236074789428,
      0.0,
      0.004439579202970913,
      0.0038016489965349834,
      0.0005856260182018066,
      0.016085566844694324,
      0.0038304202049068386,
      0.0,
      0.012137809831639113,
      0.008394671040797958,
      0.007580201831035965,
      0.0,
      0.0016073939764305975,
      0.0,
      0.014659681202857561,
      0.0,
      0.0,
      0.007228656353851452,
      0.0015641586111876484,
      0.0,
      0.0,
      0.002208625129604914,
      0.0018781924895301184,
      0.006209083443072807,
      0.0,
      0.0,
      0.024957569312780536,
      0.0035221674541428805,
      0.0,
      0.010589352856171587,
      0.017453525114855428,
      0.010586158501977505,
      0.0,
      0.00232025431314609,
      0.0,
      0.0,
      0.0,
      0.018301673636686857,
      0.0,
      0.0,
      0.0,
      0.009873662212371423,
      0.006680576472020584,
      0.010296152143522653,
      0.0,
      0.0,
      0.0,
      0.005293677360217557,
      0.0,
      0.0,
      0.0,
      0.008411038520284528,
      0.0013381589257355885,
      0.00364811871061683,
      0.000328113505067624,
      0.0,
      0.0,
      0.0,
      0.0,
      0.0,
      0.006233584408014665
    ],
    "low_data": false
  },
  "250000": {
    "median": 0.0,
    "p90": 0.010021968802914184,
    "p10": 0.0,
    "sample": [
      0.00020028398916486915,
      0.00018640547847071677,
      0.0,
      0.0,
      0.005945605517481333,
      0.0,
      0.002571138149532613,
      0.008932694212547854,
      0.007692257460702594,
      0.0,
      0.0,
      0.0040867990025235884,
      0.007802141609439587,
      0.002618247971345201,
      0.003917739316521314,
      0.0,
      0.0,
      0.003311763620652465,
      0.008349097758363854,
      0.0027322225587528563,
      0.0,
      0.01623230192428907,
      0.0009243038317882658,
      0.00020800907304997408,
      0.010158657676471736,
      0.0,
      0.011418541649894224,
      0.0,
      0.0,
      0.0,
      0.0,
      0.0018157060567629102,
      0.005814342968621649,
      0.0,
      0.005000669662368919,
      0.005723930733597533,
      0.0,
      0.0,
      0.011721381774452743,
      0.0,
      0.0,
      0.0,
      0.0,
      0.0,
      0.0,
      0.0,
      0.0,
      0.0,
      0.004154306139911376,
      0.002318044788379257,
      0.010032998602144879,
      0.0,
      0.0,
      0.0015178313602295232,
      0.0,
      0.0,
      0.00206596579756907,
      0.0,
      0.0,
      0.0,
      0.0,
      0.0,
      0.0001351894052572341,
      0.006532186316569881,
      0.0,
      0.0,
      0.006912611920202238,
      0.0021487650568495346,
      0.0026182939437278184,
      0.009996865555092504,
      0.0007647055114778065,
      0.006757378948791236,
      0.0,
      0.0,
      0.0,
      0.0,
      0.0,
      0.0,
      0.010905239927587896,
      0.0,
      0.0007141223134038367,
      0.008428090785035591,
      0.003472142762624395,
      0.003748619501372767,
      0.0,
      0.004590476797371829,
      0.001880986567627477,
      0.0,
      0.002716789406898912,
      0.0,
      0.014823966984776359,
      0.0,
      0.010258726179248565,
      0.0077771736509592276,
      0.0,
      0.0,
      0.02349560380220316,
      0.005971079033362719,
      0.0,
      0.0013141313877414074,
      0.005250949539180369,
      0.0,
      0.0012792006276000994,
      0.0001952760385355632,
      0.0014083404585317847,
      0.017683637949087196,
      0.0,
      0.0,
      0.0,
      0.0,
      0.0,
      3.415535570631819e-05,
      0.0,
      0.0,
      0.0,
      0.0,
      0.0,
      0.005098347207932368,
      0.0,
      0.0,
      0.0003353986390067825,
      0.0,
      0.0,
      0.0,
      0.0,
      0.0,
      0.0,
      0.0,
      0.00816125063310456,
      0.0,
      0.00334812185646397,
      0.003780786229165549,
      0.006513975687916329,
      0.0,
      0.013129030539787447,
      0.0,
      0.00017584628599470013,
      0.0,
      0.008222439200042411,
      0.0025832274138283978,
      0.0,
      0.004616575978918076,
      0.003944715269019015,
      0.0006951270405032368,
      0.016222142857933906,
      0.004062132926503919,
      0.0,
      0.012248547947655284,
      0.008503887557620654,
      0.007685600032117905,
      0.0,
      0.001723293724050798,
      0.0,
      0.01479514826619366,
      0.0,
      0.0,
      0.007382590699630559,
      0.001700454013737961,
      0.0,
      0.0,
      0.00244660830228996,
      0.0020793014967073987,
      0.00631228027537294,
      0.0,
      0.0,
      0.025073400136651526,
      0.0036993482817083297,
      0.0,
      0.010777855728265982,
      0.017623367154961128,
      0.010681049853022824,
      0.0,
      0.002426395486453483,
      0.0,
      0.0,
      0.0,
      0.01855265632039602,
      0.0,
      0.0,
      0.0,
      0.01002074326966633,
      0.00682968547029646,
      0.010390441776899828,
      0.0,
      0.0,
      0.0,
      0.005524168972756096,
      0.0,
      0.0,
      0.0,
      0.008512146106438427,
      0.0014371952037042326,
      0.003813454463007201,
      0.000503894925447612,
      0.0,
      0.0,
      0.0,
      0.0,
      0.0,
      0.006372950198983642
    ],
    "low_data": false
  },