{
  "100000": {
    "median": 0.00012918217160722784,
    "p90": 0.011599095808344454,
    "p10": 0.0,
    "sample": [
      9.305613565774168e-05,
      0.00010967464609812214,
      0.0022403471100625075,
      0.0,
      0.0,
      0.0,
      0.006674976088782213,
      0.006466802683673427,
      0.0,
      0.0,
      0.014727686909696561,
      0.010134875406378233,
      0.0001236273556248364,
      0.0,
      0.0,
      0.0,
      0.0,
      0.0,
      0.0048656173657805266,
      0.0,
      0.0,
      0.014933778904016025,
      0.0,
      0.0,
      0.0,
      0.0,
      0.0,
      0.004164659960678863,
      0.0,
      0.005962679894130211,
      0.0,
      0.01932441703345017,
      0.0008412837285705465,
      0.0,
      0.0,
      0.0,
      0.006931856377645985,
      0.0,
      0.0,
      0.0002589774854086393,
      0.012389840533868426,
      0.0,
      0.0,
      0.0,
      0.007859901075788623,
      0.0026436344524824297,
      8.246902109446604e-05,
      0.0031485926969986766,
      0.0,
      0.006035487036129502,
      0.0,
      0.0028569737981852627,
      0.008172355265367737,
      0.0,
      0.0,
      0.015541991760780307,
      0.012719610332243385,
      0.00902132199785144,
      0.0,
      0.0,
      0.0,
      0.006401765779380526,
      0.005440480462556485,
      0.0,
      0.0020334521531898764,
      0.0,
      0.0,
      0.0,
      0.0,
      0.0032637444006093515,
      0.0047424187203094145,
      0.0001424602483228736,
      0.0,
      0.0,
      0.0,
      0.003155939794947152,
      0.0,
      0.023286922403257523,
      0.0,
      0.0,
      0.0,
      0.0,
      0.0,
      0.004147455675773611,
      0.005507965572806594,
      0.0014918016493594307,
      0.0,
      0.0,
      0.0002543431068046278,
      0.009674684572878548,
      0.0,
      0.01316479957306445,
      0.01077129426397213,
      0.004358813474569077,
      0.005032538913159307,
      0.0,
      0.0,
      0.0,
      0.00928600492637685,
      0.0,
      0.0,
      0.001764780830814398,
      0.005351506748432634,
      0.0,
      0.0,
      0.004340645536120436,
      0.0,
      0.0017152876608352227,
      0.0,
      0.0,
      0.017812870374341504,
      0.005910604233018553,
      0.019800224269392732,
      0.012437152006935457,
      0.026863783525420255,
      0.012897832504548807,
      0.0012862140022478316,
      0.0,
      0.0,
      0.004340502772356512,
      0.00013027870944296122,
      0.0,
      0.012889351387270367,
      0.00012808563377149446,
      0.009708323730058425,
      0.015631618342482716,
      0.0,
      0.004536273166204787,
      0.0,
      0.002485421438891334,
      0.004318693640405293,
      0.0,
      0.011575102709425321,
      0.015209946764030183,
      0.0,
      0.010371991211623218,
      0.009945001192036706,
      0.0,
      0.005229437767756639,
      0.0,
      0.0,
      0.0,
      0.0,
      0.009574247347532993,
      0.0,
      0.006668941397202219,
      0.0,
      0.0003525758256991151,
      0.0,
      0.0,
      0.01101977442740202,
      0.015252214885785728,
      0.0,
      0.005152796837527832,
      0.009870798229249581,
      0.003960265982632916,
      0.0,
      0.0028145695862010238,
      0.0,
      0.002380833481688873,
      0.0,
      0.0074044386654917365,
      0.0,
      0.004013453371955797,
      0.008470723781504461,
      0.0003799882572820975,
      0.0,
      0.007711694371874988,
      0.0,
      0.00990688970461194,
      0.011815033698616669,
      0.0,
      0.006614863981431947,
      0.013442539239670842,
      0.003044431550599653,
      0.008151530998033826,
      0.0021967228456411954,
      0.0010232406105369564,
      0.0,
      0.0,
      0.0,
      0.0103316689539519,
      0.007372211921654387,
      0.004827952611695438,
      0.0,
      0.0038201105471445344,
      0.009644280595573566,
      0.004202604894702328,
      0.0,
      0.0021493096513418167,
      0.0,
      0.008472200779430903,
      0.004793582978231084,
      0.0,
      0.006708288283498776,
      0.0,
      0.0,
      0.0,
      0.014104064225212922,
      0.003306680611475907
    ],
    "low_data": false
  },
  "250000": {
    "median": 0.00030914825386802684,
    "p90": 0.01177706795377361,
    "p10": 0.0,