{
  "100000": {
    "median": 0.0,
    "p90": 0.010636766436479499,
    "p10": 0.0,
    "sample": [
      0.00016007942023554911,
      9.556133621814697e-05,
      0.0026018074518626365,
      0.0010856474392643826,
      0.00046322246057896955,
      0.010404914921186994,
      0.0,
      0.0013018282816341616,
      0.004988807779284666,
      0.0,
      0.0010890444475666937,
      0.0,
      0.00222866848122037,
      0.0,
      0.0,
      0.0,
      0.0033222664704373223,
      0.0,
      0.002433800797562808,
      0.0007283263235289272,
      0.0,
      0.0,
      0.0,
      0.0,
      0.0005066625174616951,
      0.006451776409717058,
      0.0,
      0.0017618873327227712,
      0.0,
      0.0,
      0.0,
      0.00613065840447444,
      0.0,
      0.000986652160252474,
      0.005136908337091504,
      0.0,
      0.011967166005801024,
      0.0,
      0.0,
      0.0,
      0.0,
      0.0062016588447126484,
      0.005970864663576205,
      0.0,
      0.011499737781478734,
      0.0006732847499356852,
      0.001912634561164092,
      0.0,
      0.008433707991748985,
      0.0,
      0.0,
      0.0,
      0.0,
      0.0,
      0.0038503270462380383,
      0.0,
      0.015094882562533656,
      0.0,
      0.0,
      0.0,
      0.0,
      0.012496266853118354,
      0.002191136442577138,
      0.0010524806603720387,
      0.0032969710268617785,
      0.002898984857212195,
      0.0,
      0.0,
      0.008572933031523278,
      0.000436567289609947,
      0.0,
      0.0,
      0.0,
      0.0016999494961603728,
      0.0,
      0.0,
      0.0,
      0.003933128316925197,
      0.0,
      0.0,
      0.0,
      0.0,
      0.0038620018747666804,
      1.806910827649786e-05,
      0.021416887818781517,
      0.0,
      0.003147302939761571,
      0.014033823810741987,
      0.0021759516010344832,
      0.0,
      0.004182690420092538,
      0.008168702548625536,
      0.0,
      0.013491918926349378,
      0.004281032543943627,
      0.004721097848445174,
      0.0,
      0.0,
      0.0,
      0.0,
      0.0,
      0.004689248877310545,
      0.0014041819284990578,
      0.0034382551179370276,
      0.006370151327603144,
      0.0,
      0.005649744530266017,
      0.0,
      0.013265475832679209,
      0.011879645985925431,
      0.008147194742818675,
      0.0,
      0.001286610708167689,
      0.0,
      0.0,
      0.0,
      0.0,
      0.002235127699799803,
      0.0,
      0.0,
      0.0,
      0.0,
      0.000990449364037308,
      0.010816884044417793,
      0.006385154763526471,
      0.0009855020503084175,
      0.013164692277465449,
      0.01992289402144021,
      0.0,
      0.0,
      0.0,
      0.004153798710147638,
      0.0,
      0.0006706265326780747,
      0.0032470918001382457,
      0.028590197891856337,
      0.00042766905656427295,
      0.0,
      0.003482347830919068,
      0.0,
      0.006273074117183579,
      0.0,
      0.0,
      0.015728557199122636,
      0.0,
      0.001218276827024557,
      0.0,
      0.0246005088055341,
      0.0,
      0.004511460714501719,
      0.01814503179890458,
      0.0032778605665656217,
      0.0,
      0.005370916505647999,
      0.0021990296302410567,
      0.0,
      0.0,
      0.006390561523869812,
      0.0,
      0.0,
      0.008641190899777414,
      0.0,
      0.005260806944756698,
      0.003654385595574822,
      0.0,
      0.017331138172886534,
      0.0,
      0.011738483445896763,
      0.0,
      0.007856810347530437,
      0.0,
      0.0,
      0.004773359759513601,
      0.0,
      0.0,
      0.00024024502402943354,
      0.008057201735466105,
      0.0,
      0.0033596351614397432,
      0.0106167533689308,
      0.0,
      0.007375939257723326,
      0.0,
      0.0,
      0.0,
      0.0,
      0.0,
      0.0020049039555584645,
      0.005907593549923998,
      0.011502763870352302,
      0.011172618357266639,
      0.0,
      0.0066943032475663845,
      0.008260267777108357,
      0.0,
      0.0,
      0.0,
      0.002685139214806068,
      0.0,
      0.0
    ],
    "low_data": false
  },
  "250000": {
    "median": 3.797856110277391e-05,
    "p90": 0.010725304809992313,
    "p10": 0.0,