{
  "100000": {
    "median": 0.0,
    "p90": 0.011894019774896332,
    "p10": 0.0,
    "sample": [
      0.0001004855963253174,
      9.475027468294764e-05,
      0.0,
      0.0,
      0.02317250850558669,
      0.011212140850518675,
      0.0,
      0.0,
      0.01486561234335283,
      0.007831665892759616,
      0.0,
      0.0019139492306919548,
      0.018060998301468418,
      0.008895554903446215,
      0.0,
      0.0,
      0.0018368079947518297,
      0.0,
      0.0,
      0.00145763699827647,
      0.015599608689599488,
      0.007906874127658496,
      0.0,
      0.0,
      0.0,
      0.0,
      0.0,
      0.0,
      0.001552248294130262,
      0.014259100954498104,
      0.0010071940556423277,
      0.015196163427601862,
      0.0,
      0.01663251305164824,
      0.0,
      0.0016661032693055127,
      0.00328390716505196,
      0.0,
      0.0,
      0.0,
      0.0,
      0.004027174801735615,
      0.0,
      0.004884511915167041,
      0.012935941652757244,
      0.000311406808317284,
      0.0,
      0.0,
      0.0,
      0.0,
      0.004500794356236412,
      0.0015289708408545673,
      0.0,
      0.0,
      0.025068689318574037,
      0.0,
      0.0,
      0.012092084643904492,
      0.012518122215723165,
      0.0,
      0.007998525282899942,
      0.008216385419710526,
      0.0,
      0.0,
      0.0,
      0.004631660631470074,
      0.0,
      0.0,
      0.0,
      0.013959847691368018,
      0.008990732110010214,
      0.0,
      0.015235773040280086,
      0.008409557464731527,
      0.01187201256722876,
      0.0,
      0.0,
      0.015170504346833992,
      0.005112058483857922,
      0.0,
      0.0,
      0.008011404231362988,
      0.0,
      0.0,
      0.0,
      0.0,
      0.003434937699564418,
      0.00034883388562388564,
      0.005466699865832506,
      0.0,
      0.002236853434179523,
      0.0,
      0.004686991769734349,
      0.0,
      0.006360038608313433,
      0.0,
      0.007507881985844352,
      0.0,
      0.005851359819001668,
      0.0,
      0.0,
      0.015024671256583131,
      0.002471722673330929,
      0.0,
      0.0,
      0.005372535015813353,
      0.0,
      0.0,
      0.008009465790405429,
      0.027235986058959764,
      0.0,
      0.0011517936369308751,
      0.007108371460007755,
      0.004340100988808897,
      0.031104829088783835,
      0.018553294752783604,
      0.0,
      0.0,
      0.010401058932586877,
      0.0005947949514828189,
      0.0,
      0.0,
      0.016896238316330685,
      0.0006310520798985351,
      0.001574976159826409,
      0.008491520082577227,
      0.00011190664521190448,
      0.00013725248164379799,
      0.007708497407327406,
      0.0,
      0.0,
      0.0,
      0.002043390472813022,
      0.0,
      0.0,
      0.0,
      0.0,
      0.0,
      0.0,
      0.0,
      0.0,
      0.004216382646140521,
      0.0,
      0.0070367901298975695,
      0.0,
      0.01126181819541438,
      0.005565438653424363,
      0.001594180343039283,
      0.011485337943100154,
      0.0,
      0.0,
      0.00014045764784768473,
      0.0,
      0.0,
      0.0019983559894569086,
      0.0,
      0.0,
      0.0,
      0.0083719617368554,
      0.006863528457176896,
      0.0,
      0.0,
      0.010973422398144556,
      0.007277857647438714,
      0.009736402657887206,
      0.0,
      0.0,
      0.0,
      0.005395133667456108,
      0.004652479555901354,
      0.0,
      0.0,
      0.014770292229102054,
      0.0,
      0.008721705852648537,
      0.0016712874108650436,
      0.0,
      0.0,
      0.0038939866434812517,
      0.0,
      0.00826311924999045,
      0.0,
      0.0,
      0.0,
      0.0,
      0.0,
      0.0,
      0.0019889501726214676,
      0.0,
      0.0,
      0.006222445726489746,
      0.0002510195541986303,
      0.0,
      0.0,
      0.005887786422037943,
      0.0,
      0.0,
      0.0,
      0.0021958857587504304,
      0.0
    ],
    "low_data": false
  },
  "250000": {
    "median": 0.0,
    "p90": 0.01204880818490511,
    "p10": 0.0,
    "sample": [
      0.0002292185822098976,
      0.00021613568930327999,
      0.0,
      0.0,
      0.023447850099292664,
      0.011322999472483669,
      0.0,
      0.0,
      0.015064808279021683,
      0.008092403653121865,
      0.0,
      0.002040150218808736,
      0.01817165894365972,
      0.009034780336402145,
      0.0,
      0.0,
      0.002012144360204405,
      0.0,
      0.0,
      0.0016132237739522244,
      0.015702379840204967,
      0.008146339318819876,
      0.0,
      0.0,
      0.0,
      0.0,
      0.0,
      0.0,
      0.0017923000623138996,
      0.014444858669423792,
      0.0011898114417220628,
      0.015483744126309408,
      0.0,
      0.016765198444211506,
      0.0,
      0.0018092751593502057,
      0.003426520983091215,
      0.0,
      0.0,
      0.0,
      0.0,
      0.004213295211509336,
      0.0,
      0.00504548489837046,
      0.013043884243047012,
      0.0004460015998606025,
      0.0,
      0.0,
      0.0,
      0.0,
      0.004738838301580796,
      0.0016438101561495474,
      0.0,
      0.0,
      0.025176695527544094,
      0.0,
      0.0,
      0.012239458321143454,
      0.012760831267237866,
      0.0,
      0.008122361093809732,
      0.008324757605661355,
      0.0,
      0.0,
      0.0,
      0.004731288775031012,
      3.8719391685316607e-05,
      0.0,
      0.0,
      0.014089097241765096,
      0.009245116624018787,
      0.0,
      0.015417347111174177,
      0.008515562636788493,
      0.012027624836434183,
      0.0,
      0.0,
      0.015276538694443717,
      0.005303161341769379,
      0.0,
      0.0,
      0.008117242336522121,
      0.0,
      0.0,
      0.0,
      0.0,
      0.003538439125700435,
      0.0004746637323501865,
      0.00565505822075804,
      0.0,
      0.0023872012795925447,
      0.0,
      0.004832712000935685,
      0.0,
      0.0064672881422282455,
      0.0,
      0.007598446246790067,
      0.0,
      0.0059763570083490045,
      0.0,
      0.0,
      0.015112596964184603,
      0.0025924909651130756,
      0.0,
      0.0,
      0.0055047223846287794,
      0.0,
      0.0,
      0.008214502214642058,
      0.02732875529823223,
      0.0,
      0.0012691486945263935,
      0.0072205582610933615,
      0.004568014354874164,
      0.031244006757418064,
      0.018673400466480347,
      0.0,
      0.0,
      0.010567431734959006,
      0.0006921201989773283,
      0.0,
      0.0,
      0.01703146975077644,
      0.0007560240040400598,
      0.0016721840341592143,
      0.008606221730701058,
      0.0002898418174081255,
      0.0002566568061578784,
      0.007878746628170633,
      0.0,
      0.0,
      0.0,
      0.002153903285692095,
      0.0,
      0.0,
      0.0,
      0.0,
      0.0,
      0.0,
      0.0,
      0.0,
      0.004343865469119453,
      0.0,
      0.007147086149006051,
      0.0,
      0.011485133425892498,
      0.0057246121533944885,
      0.0017285695372859472,
      0.011665598615850469,
      0.0,
      0.0,
      0.00029271585881401896,
      0.0,
      0.0,
      0.002119357566591675,
      0.0,
      0.0,
      0.0,
      0.008469224738444827,
      0.007098287797380531,
      0.0,
      0.0,
      0.011111509318367936,
      0.0073754165333274856,
      0.009845750707694442,
      0.0,
      0.0,
      0.0,
      0.0055022150988040955,
      0.00476146917755953,
      0.0,
      0.0,
      0.014880873284318936,
      0.00013294750111812585,
      0.008909184769662794,
      0.0018815813670064626,
      0.0,
      2.9149279163410828e-05,
      0.0040518546491475176,
      0.0,
      0.00848264013386438,
      0.0,
      0.0,
      0.0,
      0.0,
      0.0,
      0.0,
      0.0022145455342440228,
      0.0,
      0.0,
      0.006341563914770751,
      0.00037933033419800574,
      0.0,
      0.0,
      0.006111116750274236,
      0.0,
      0.0,
      0.0,
      0.0023037799462893465,
      0.0
    ],
    "low_data": false
  },
  "500000": {
    "median": 0.0,
    "p90": 0.012287506525299774,