{
  "100000": {
    "median": 0.0,
    "p90": 0.011600098166263962,
    "p10": 0.0,
    "sample": [
      8.560774349083852e-05,
      0.00014900382577739016,
      0.0,
      0.0,
      0.024994447281786212,
      0.02484322807714157,
      0.004682888071985142,
      0.0,
      0.0,
      0.0,
      0.006737850539817387,
      0.0,
      0.0,
      0.0,
      0.0,
      0.0,
      0.0,
      0.018073311668457614,
      0.0,
      0.0,
      0.0,
      0.01326895359513269,
      0.0064783025308532615,
      0.0,
      0.0,
      0.0,
      0.002110815502640846,
      0.00043448406022992696,
      0.0,
      0.0,
      0.0077115229687110326,
      0.0,
      0.0,
      0.004017972930815189,
      0.0,
      0.010287794101990004,
      0.005969652919455171,
      0.009026236538973062,
      0.0,
      0.006260430737990997,
      0.0,
      0.0,
      0.006464334800731655,
      0.017126844798963276,
      4.608507363236761e-05,
      0.0,
      0.008909512768686317,
      0.0,
      0.006882412244451196,
      0.0034541342061779642,
      0.0,
      0.0,
      0.011690303684531249,
      0.0157651282114098,
      0.0,
      0.0,
      0.01008040289025776,
      0.010721547110574157,
      0.0,
      0.0,
      0.0,
      0.01235782935584492,
      0.005069027762258471,
      0.005023565932077995,
      0.0040823238117873185,
      0.0,
      0.009740502272623824,
      0.0,
      0.0,
      0.0,
      0.0,
      0.0,
      0.005744932709983651,
      0.0018455945301540438,
      0.0,
      0.006983457609488401,
      0.018375129825476105,
      0.0,
      0.004492328822597621,
      0.0,
      0.0063031702330344505,
      0.0024455162561106804,
      0.0,
      0.0013078291895330476,
      0.0,
      0.01840004031221772,
      0.0016101608565098685,
      0.010048963281805377,
      0.01429663973343566,
      0.0,
      0.002215532510740137,
      0.0,
      0.0,
      0.0,
      0.0,
      0.0,
      0.014218439320497347,
      0.0,
      0.0,
      0.0051297724559885285,
      0.0,
      0.008502411353944039,
      0.0,
      0.006725470238146714,
      0.0,
      0.006216274921762659,
      0.0069865227696844605,
      0.0,
      0.0,
      0.007272227079040744,
      0.0,
      0.0,
      0.0,
      0.0,
      0.0,
      0.0,
      0.008749335997020621,
      0.0,
      0.0,
      0.0,
      7.282437602663876e-05,
      0.0,
      0.0,
      0.0,
      0.0017137539043123385,
      0.004217906666430357,
      0.0,
      0.001967127801674761,
      0.0,
      0.010374181114917303,
      0.002928388662355509,
      0.010197103372018932,
      0.0009870907496724599,
      0.008587243311743091,
      0.0,
      0.0,
      0.0,
      0.004477319480718193,
      0.0,
      0.0024813566569322166,
      0.009282536290049338,
      0.0,
      0.011590075330900932,
      0.0,
      0.003650353745598669,
      0.009172879051293449,
      0.009185554080143517,
      0.0,
      0.0,
      0.0,
      0.003482935804870987,
      0.0032134830564865494,
      0.0004489176995583449,
      0.014586279222516731,
      0.005073863659999145,
      0.0,
      0.0,
      0.004124293659456177,
      0.0,
      0.0,
      0.01171093423064345,
      0.010689403191470203,
      0.0,
      0.0031554548803430864,
      0.0,
      0.0004961876466531802,
      0.0,
      0.008043408626586014,
      0.0007583560530675621,
      0.0,
      0.013564744928950111,
      0.0012657211422385348,
      0.0024211602468766583,
      0.018836281488580915,
      0.0,
      0.013799556449542809,
      0.0,
      0.0,
      0.0,
      0.0,
      0.008392100144443861,
      0.0,
      0.007511636344340162,
      0.007951952639539739,
      0.014599634272492928,
      0.005491866383623149,
      0.0,
      0.006345637352535462,
      0.03364352446952677,
      0.0,
      0.0025139588978072462,
      0.004115119588240724,
      0.00722406395736444,
      0.0,
      0.0,
      0.0,
      0.0178635063369567,
      0.0,
      0.007372942628485889,
      0.004919821333919907
    ],
    "low_data": false
  },
  "250000": {
    "median": 0.00016946981752633862,
    "p90": 0.011704466572798085,
    "p10": 0.0,