{
  "100000": {
    "median": 0.0011522902505323453,
    "p90": 0.012053295907109565,
    "p10": 0.0,
    "sample": [
      0.0001642738640995002,
      0.00014898657852216148,
      0.0,
      0.0038371977393960766,
      0.013240000886902708,
      0.0,
      0.0,
      0.0,
      0.014420870609630342,
      0.0,
      0.0,
      0.020876815552025706,
      0.00877359209379343,
      0.015294824422963694,
      0.01190092968694564,
      0.0,
      0.0,
      0.0,
      0.0,
      0.019070743494382595,
      0.005456483767725976,
      0.02307692513145832,
      0.003283859084698679,
      0.014625827078513403,
      0.0,
      0.010363122071592928,
      0.0,
      0.007690459368976158,
      0.0,
      0.0028389393921740198,
      0.0,
      0.016321351986093267,
      0.0,
      0.007573724901210547,
      0.0076521075786136206,
      0.0,
      0.0,
      0.0021962067979109804,
      0.00930236672011813,
      0.001793667905963788,
      0.0,
      0.013976568860554464,
      0.0,
      0.002788055557345278,
      0.0,
      0.0015476086640716644,
      0.010694167114983017,
      0.0,
      0.01059370499626295,
      0.007119257102117084,
      0.006660532414165425,
      0.0010607103045066732,
      0.0,
      0.0,
      0.011680130892274636,
      0.00719552754400062,
      0.0,
      0.0,
      0.0,
      0.0,
      0.0,
      0.0,
      0.008619756547663586,
      0.0029752834763768685,
      0.011707356744599016,
      0.001123076465784927,
      0.000715784412749159,
      0.0,
      0.0,
      0.004073663084844554,
      0.009580063620403922,
      0.008701845508985456,
      0.003784341601929256,
      0.003716400672617322,
      0.0,
      0.0026646158282797837,
      0.0,
      0.0,
      0.0,
      0.0,
      0.007146286582274479,
      0.012236372577048193,
      0.0014540268475773607,
      0.016743399123419805,
      0.0031462965997443304,
      0.0063983711392462134,
      0.0,
      0.0,
      0.0,
      0.0,
      0.0,
      0.00740903220605823,
      0.007521687069579712,
      0.012032954054894162,
      0.0,
      0.012510703561796845,
      0.01949144834195082,
      0.0110040835509006,
      0.01191453943673485,
      0.01266858729735833,
      0.00025538853821844974,
      0.007098615162789549,
      0.01073746549742842,
      0.003243399370150337,
      0.012957429976394819,
      0.006346896593147841,
      0.0,
      0.0,
      0.0,
      0.0,
      0.0,
      0.0034044615676004438,
      0.0,
      0.0019350007416224575,
      0.006698173403404076,
      0.0,
      0.0,
      0.0017690032052397608,
      0.007489594958137701,
      0.010618461368568465,
      0.0,
      0.0,
      0.003920169571961992,
      0.003556356277165588,
      0.002627665380868056,
      0.0018386751814724865,
      0.008409811369037188,
      0.008795108686614506,
      0.0011815040352797636,
      0.0,
      0.0,
      0.0,
      0.0,
      0.0,
      0.007966009077297788,
      0.0,
      0.0,
      0.0007392410229530656,
      0.0054176123877467805,
      0.00908835674260723,
      0.0031139840014713554,
      0.0028091612322188103,
      0.0,
      0.0,
      0.007583341817045673,
      0.003466755915320647,
      0.0,
      0.010385429051268498,
      0.008544516482155403,
      0.0,
      0.006094972256297477,
      0.0,
      0.0,
      0.0,
      0.02625579918609698,
      0.012656613476401422,
      0.0,
      0.009446566114194551,
      0.0,
      0.0,
      0.00015188520867219366,
      0.0,
      0.014182497787003824,
      0.008196976594226135,
      0.01587646583658245,
      0.0,
      0.0,
      0.0,
      0.0,
      0.01717672224073705,
      0.0,
      0.0,
      0.0,
      0.0007869238696729258,
      0.0,
      0.0013524125862405586,
      0.00566289176474313,
      0.007266015970441411,
      0.0,
      0.0,
      0.002467204866762918,
      0.0,
      0.0,
      0.009964696211671412,
      0.0,
      0.007710606671814497,
      0.0027900651945387458,
      0.0,
      0.002869953395733775,
      0.0,
      0.0,
      0.004494442926168641,
      0.0,
      0.010604892409654787,
      0.005859415417876306,
      0.0,
      0.0,
      0.0,
      0.0026887385057929904,
      0.0
    ],
    "low_data": false
  },
  "250000": {
    "median": 0.001332172390871565,
    "p90": 0.012219192476206443,
    "p10": 0.0,