{
  "100000": {
    "median": 2.5774611463722233e-05,
    "p90": 0.010892540721771576,
    "p10": 0.0,
    "sample": [
      0.00011133895024101036,
      8.795756266917808e-05,
      0.004298486616409522,
      0.0,
      0.0,
      0.0048414383668061774,
      0.008404873454131512,
      0.0,
      0.0008098901317780061,
      0.0,
      6.765905642577654e-05,
      0.0,
      0.0,
      0.00234057503145835,
      0.0021031486008673255,
      0.0021098161817348906,
      0.000654732736823287,
      0.002468019244837802,
      0.023757399889983127,
      0.0,
      0.010140694554777322,
      0.0035203383900918863,
      0.0,
      0.0,
      0.0,
      0.0020350530000116944,
      0.009716246859162631,
      0.0,
      0.0,
      0.00014221734893326107,
      0.0,
      0.0,
      0.0009059078083094775,
      0.0,
      0.0,
      0.026729412793736484,
      0.0,
      0.0,
      0.009904029545554648,
      0.0,
      0.0,
      0.0,
      0.009018261896560919,
      0.0,
      0.0,
      0.004723292231518824,
      0.009584778009350769,
      0.008888542112393684,
      0.0005622018746929397,
      0.012556017596456952,
      0.0,
      0.011408600211254361,
      0.0005550939105195996,
      0.0,
      0.0,
      0.002935256820354326,
      0.0014646804339522822,
      0.005675383030879792,
      0.0,
      0.0,
      0.0,
      0.0036852537249097116,
      0.00021955484753112,
      0.0,
      0.0,
      0.0,
      0.0,
      0.017693513851845324,
      0.0,
      0.0067237108321478315,
      0.0,
      0.0,
      0.0,
      0.0,
      0.0,
      0.0,
      0.0,
      0.004426992240896904,
      0.0,
      0.006892470295324518,
      0.0,
      0.0,
      0.0006784603890158344,
      0.0036571410691702794,
      0.002227063754906205,
      0.0,
      0.0,
      0.0,
      0.013013084885987534,
      0.001004657704162435,
      0.0,
      0.010459974245322143,
      0.0,
      0.005027132990654759,
      0.0,
      0.0,
      0.0,
      0.001235722205451397,
      0.002790227273533784,
      0.009788976214729165,
      0.012873800060563927,
      0.0,
      0.003303504039094515,
      0.0,
      0.0,
      0.0,
      0.010452517187529037,
      0.003312269133474096,
      0.0,
      0.0,
      0.0,
      0.0,
      0.0,
      0.0,
      0.0,
      5.1549222927444466e-05,
      0.0,
      0.0,
      0.0006593104737687198,
      0.0,
      0.00856452768233346,
      0.006786101182130494,
      0.0004672337794599491,
      0.0,
      0.0,
      0.0,
      5.288440222002198e-05,
      0.0035537450897659573,
      0.0,
      0.006341926818235582,
      0.01093920151768974,
      0.0033847369146631848,
      0.0,
      0.0,
      0.0,
      0.01115685710106101,
      0.007006232729108238,
      0.009628834485707654,
      0.0,
      0.0,
      0.0059632662768802445,
      0.0,
      0.0,
      0.004056322571178584,
      0.017886523937345928,
      0.006902144494816644,
      0.0,
      0.0,
      0.01088735618889178,
      0.013244691944952704,
      0.008980996513869783,
      0.0021104408094190273,
      0.0,
      0.0,
      0.0,
      0.005760971207293748,
      0.0,
      0.00046915168247270585,
      0.0,
      0.007187823377509649,
      0.017525705679470545,
      0.0,
      0.012798495082022694,
      0.002412726573841492,
      0.0017458091178757912,
      0.018487940859776706,
      0.009927416738923814,
      0.015069496871490291,
      0.014610549454333306,
      0.0,
      0.0,
      0.0018024725560652098,
      0.005537455390322305,
      0.0,
      0.011007850197325551,
      0.006650477276357923,
      0.006532727361637961,
      0.0,
      0.008808676324531445,
      0.0,
      0.009394172952237193,
      0.004479919603497571,
      0.01278452815277498,
      0.0,
      0.0,
      0.0,
      0.015773814414352,
      0.0,
      0.0033224309137366626,
      0.0,
      0.0,
      0.0,
      0.0,
      0.00832882292603008,
      0.002734410765534439,
      0.0,
      0.0,
      0.005582140194298456,
      0.004527632025783974,
      0.0115215696820481
    ],
    "low_data": false
  },
  "250000": {
    "median": 0.00018143007317220712,
    "p90": 0.011023871391355963,
    "p10": 0.0,