{
  "100000": {
    "median": 0.0004736524988733223,
    "p90": 0.011454039025182945,
    "p10": 0.0,
    "sample": [
      0.00013144673903972863,
      9.869862017891458e-05,
      0.007081673686583337,
      0.0,
      0.0,
      0.0,
      0.007075681240878194,
      0.008336105018182863,
      0.008235172593234866,
      0.0,
      0.007572234846914193,
      0.0,
      0.0017380093411753475,
      0.0,
      0.007520565135636694,
      0.010822231074547323,
      0.0,
      0.010875342218764008,
      0.0,
      0.0,
      0.0,
      0.021057734788567123,
      0.01913407281190506,
      0.004713112131357519,
      0.00036769793425375736,
      0.0,
      0.0,
      0.009238976356703465,
      0.0,
      0.0033446959068262226,
      0.007148706838141762,
      0.0,
      0.0,
      0.0,
      0.0,
      0.0009406560749834919,
      8.024549542336725e-05,
      0.0,
      0.0,
      0.011417126439734126,
      0.0020527546337294985,
      0.0,
      0.0,
      0.012422913631669603,
      0.0,
      0.0028129592802479974,
      0.0,
      0.0,
      0.0,
      0.0002975565033040586,
      0.003414497549300697,
      0.013451071899870812,
      0.0,
      0.00904331251215935,
      0.0,
      0.02379392855844458,
      0.0,
      0.005242298166901735,
      0.004579747488058015,
      0.011528128295525351,
      0.003644870401045855,
      0.0,
      0.003792406957502527,
      0.005823015270113525,
      0.001417274319516814,
      0.00537950043387598,
      0.0,
      0.008381616352100751,
      0.0,
      0.0,
      0.0,
      0.01043251098443532,
      0.005886704490005129,
      8.022466909266603e-05,
      0.0,
      0.0016651190259248303,
      0.0,
      0.0,
      0.004013111856969034,
      0.005485477463756066,
      0.0,
      0.0,
      0.0021809141773562217,
      0.0,
      0.013131318056453383,
      0.0,
      0.005003113237703129,
      0.0,
      0.004996393830400615,
      0.0,
      0.0,
      0.0,
      0.0,
      0.0,
      0.0033857079011296526,
      0.006505423215899223,
      0.0,
      0.006953450187168919,
      0.00844805368246884,
      0.00860396003331176,
      0.0,
      0.008795001755430718,
      0.0,
      0.001889450467987276,
      0.0,
      0.0,
      0.0037712239558688305,
      0.015177698912290375,
      0.0036463792997693213,
      0.011336962165459744,
      0.005790485010242163,
      0.011402359169492983,
      0.0034823073176590653,
      0.0,
      0.007449546351936571,
      0.006725421867911995,
      0.0,
      0.0,
      0.0027374208962993567,
      0.009898601073209232,
      0.013315548004772578,
      0.0,
      0.0,
      0.0,
      0.0008912667056791356,
      0.00800473649934288,
      0.021092327537162347,
      0.01144580688403379,
      0.008546620924884304,
      0.0,
      0.0,
      0.0,
      0.0,
      0.0014837799949282788,
      0.0,
      0.0,
      0.0,
      0.016387962765301807,
      0.0,
      0.0,
      0.011982885360145763,
      0.006675324359125128,
      0.0017008179844129278,
      0.0,
      0.0,
      0.007947749871126286,
      0.007799595574968411,
      0.0023963088807840136,
      0.0002034090593430339,
      0.0,
      0.0,
      0.0,
      0.0038201578767005566,
      0.0,
      0.0033504854257082072,
      0.0,
      0.0025083729154830228,
      0.004051355055473838,
      0.0014148023221866458,
      0.0005796070634928873,
      0.01508482630638356,
      0.0011577446855983945,
      0.016176685950440195,
      0.0,
      0.008734352714298284,
      0.007861693491396638,
      0.0,
      0.00634419491914546,
      0.01178093819347325,
      0.008335919367561662,
      0.0,
      0.0,
      0.004965936070007454,
      0.01030194836263128,
      0.013808355093612095,
      0.0,
      0.004277793023510733,
      0.0,
      0.0,
      0.0,
      0.0,
      0.0,
      0.0,
      0.0,
      0.002343770725400931,
      0.0037408315072232686,
      0.0,
      0.014729398567995143,
      0.01729262187181112,
      0.0,
      0.017702497191497052,
      0.015116983446927012,
      0.0,
      0.005425203241454702,
      0.0,
      0.0,
      0.0,
      0.0,
      0.0,
      0.004189956824552095
    ],
    "low_data": false
  },
  "250000": {
    "median": 0.0006416308055496912,
    "p90": 0.011566324656720708,
    "p10": 0.0,