{
  "100000": {
    "median": 0.0,
    "p90": 0.01193971311199863,
    "p10": 0.0,
    "sample": [
      0.0001624961264676786,
      0.00012324596203032545,
      0.0,
      0.0,
      0.007246747047932211,
      0.0,
      0.0,
      0.0,
      0.0018055983057531214,
      0.0,
      0.0,
      0.0,
      0.0,
      0.0018450435235527777,
      0.0,
      0.0,
      0.0,
      0.0,
      0.0,
      0.0,
      0.0,
      0.0,
      0.0,
      0.004481882775211824,
      0.004266280236487074,
      0.008916030238702684,
      0.0013955058739567915,
      6.152015093466573e-05,
      0.006287548260461838,
      0.0003221566518278881,
      0.006735480565761347,
      0.006618367996315986,
      0.009817909455605525,
      0.002298590461999554,
      0.01120235240933957,
      0.0013522582168382872,
      0.01341791865779774,
      0.0,
      0.014497681317594352,
      0.0,
      0.0,
      0.0,
      0.0,
      0.016460104865038416,
      0.009363956798479286,
      0.007892517899747395,
      0.0,
      0.0,
      0.006872251023066116,
      0.0,
      0.0,
      0.0,
      0.006566691141357356,
      0.0,
      0.0,
      0.012706415704592418,
      0.012062665538616747,
      0.0,
      0.0,
      0.0,
      0.004881525473475365,
      0.010844588032458647,
      0.0,
      0.0,
      0.014494495661228912,
      0.0,
      0.019781756472354355,
      0.012300615174987123,
      0.00849334415864311,
      0.013465449948583815,
      0.0,
      0.01040616460183725,
      0.01271066070233089,
      0.004471114943619998,
      0.0,
      0.0006691787055645615,
      0.0,
      0.0,
      0.0,
      0.0,
      0.0,
      0.0,
      0.004396250887778057,
      0.0,
      0.014299938248845895,
      0.0,
      0.006338225458415675,
      0.0008855404956300327,
      0.0,
      0.0,
      0.0,
      0.0,
      0.0,
      0.0,
      0.007126528961033276,
      0.0039972984084437075,
      0.0021052269906206887,
      0.005560187910900667,
      0.0,
      0.015389064843379546,
      0.0,
      0.0029320699490425926,
      0.016302483263676507,
      0.013842486648581516,
      0.0,
      0.0024904621127111136,
      0.0011072569401213424,
      0.008461358959865254,
      0.004145754485749291,
      0.0,
      0.014545990267766033,
      0.0013990494831249115,
      0.0,
      0.0,
      0.0,
      0.0,
      0.0,
      0.0,
      0.0,
      0.0038339261707253363,
      0.0,
      0.0,
      0.0,
      0.007691272172326474,
      0.010046138215385548,
      0.0,
      0.0,
      0.0,
      0.0030991230504844015,
      0.0,
      0.009010222831393288,
      0.0,
      0.005918803518616384,
      0.0031402241501252695,
      0.0,
      0.000742418016109416,
      0.007365658572038588,
      0.004134470502170115,
      0.010933538245343237,
      0.0,
      0.0,
      0.0009627508537784395,
      0.013989490370019945,
      0.0027574729823125173,
      0.0,
      0.0,
      0.001838997519248618,
      0.007650585715714421,
      0.0,
      0.0,
      0.00178713484063956,
      0.005721861116639594,
      0.0,
      0.0,
      0.0,
      0.0,
      0.0,
      0.0,
      0.0,
      0.0,
      0.0005352310875052066,
      0.0,
      0.0,
      0.0,
      0.0,
      0.0,
      0.0,
      0.0024357770965443043,
      0.0,
      0.011926051731263284,
      0.0,
      0.0,
      0.0037408398753921994,
      0.0,
      0.0,
      0.0,
      0.014358919380296601,
      0.0,
      0.008885899986346302,
      0.01101602021236992,
      0.0,
      0.0,
      0.0,
      0.0,
      0.0,
      0.0,
      0.014835279363974043,
      0.0028437994265009315,
      0.0,
      0.0,
      0.0,
      0.0,
      0.0,
      0.0,
      0.0,
      0.02045114480504456,
      0.0056333643005618645,
      0.0,
      0.0,
      0.01552302860909737
    ],
    "low_data": false
  },
  "250000": {
    "median": 0.0,
    "p90": 0.01210844569787337,
    "p10": 0.0,
    "sample": [
      0.00037067135077683834,
      0.0002811374536528317,
      0.0,
      0.0,
      0.007358337710522402,
      0.0,
      0.0,
      0.0,
      0.0019158134967809442,
      0.0,
      0.0,
      0.0,
      0.0,
      0.0019499158709493304,
      0.0,
      0.0,
      0.0,
      0.0,
      0.0,
      0.0,
      0.0,
      0.0,
      0.0,
      0.004624233082103096,
      0.004400693889605077,
      0.009027261385750433,
      0.0015084547145732467,
      0.0001587199305898759,
      0.00640421678400518,
      0.0005280451916019994,
      0.006831281266054591,
      0.006808425280070324,
      0.009975434648858524,
      0.0024090775888493355,
      0.011343664208041565,
      0.0015002298980402967,
      0.013567480217659312,
      0.0,
      0.014722207621105269,
      0.0,
      0.0,
      0.0,
      0.0,
      0.016616352843945394,
      0.00956138878628713,
      0.008001787775364226,
      0.0,
      0.0,
      0.007115449803359059,
      0.0,
      0.0,
      0.0,
      0.0066873408294958565,
      0.0,
      0.0,
      0.012833799861113502,
      0.012168024056042294,
      0.0,
      0.0,
      0.0,
      0.005036876203649452,
      0.011028343735737817,
      0.0,
      0.0,
      0.014668288256387062,
      0.0,
      0.01994047511153844,
      0.012462532786890038,
      0.008632685709821272,
      0.01362520161006513,
      0.0,
      0.010526329386869412,
      0.012835031571283422,
      0.004600698453035901,
      0.0,
      0.0008287633611035214,
      0.0,
      0.0,
      0.0,
      0.0,
      0.0,
      0.0,
      0.004652942167909948,
      0.0,
      0.014437984250105,
      0.0,
      0.006499487191908759,
      0.0010204593224995846,
      0.0,
      0.0,
      0.0,
      0.0,
      0.0,
      0.0,
      0.007273385166991059,
      0.004165218992554407,
      0.00229907538354397,
      0.005669951078354851,
      0.0,
      0.015504593224149472,
      0.0,
      0.003151070661120602,
      0.016420718694952367,
      0.013972268499022092,
      0.0,
      0.002603297224141886,
      0.0012890025684842827,
      0.008586096462989273,
      0.004271006171670843,
      0.0,
      0.0146883163562391,
      0.0016793733905369102,
      0.0,
      0.0,
      0.0,
      0.0,
      3.912719277623434e-05,
      0.0,
      0.0,
      0.004055212361678131,
      0.0,
      0.0,
      0.0,
      0.007837333965792389,
      0.010235958082982699,
      0.0,
      0.0,
      0.0,
      0.0033291768172370915,
      0.0,
      0.00913282985902425,
      0.0,
      0.006121354791066594,
      0.0032592691421088624,
      0.0,
      0.0009842120932364007,
      0.007507522161785313,
      0.004258925267389844,
      0.011104844603925771,
      0.0,
      0.0,
      0.0010749831091026484,
      0.014190004906081412,
      0.0029450520737636966,
      7.853285209274052e-06,
      0.0,
      0.0019427479069882795,
      0.007754253196391847,
      0.0,
      0.0,
      0.001969343444627379,
      0.00585768271292717,
      0.0,
      0.0,
      0.0,
      0.0,
      0.0,
      0.0,
      0.0,
      0.0,
      0.0006436944210246471,
      0.0,
      0.0,
      0.0,
      2.6212064189237922e-05,
      0.0,
      0.0,
      0.002558837168329051,
      0.0,
      0.012101825880299046,
      0.0,
      0.0,
      0.003857055762341813,
      0.0,
      0.0,
      0.0,
      0.014522701257785733,
      0.0,
      0.008997195021389208,
      0.011244979989756394,
      7.636950952265818e-07,
      0.0,
      0.0,
      0.0,
      0.0,
      0.0,
      0.015095933874037196,
      0.002952760512289235,
      0.0,
      0.0,
      0.0,
      0.0,
      0.0,
      0.0,
      0.0,
      0.020575610510758135,
      0.0057779467162899075,
      0.0,
      0.0,
      0.015623528751214068
    ],
    "low_data": false
  },
  "500000": {
    "median": 0.0,
    "p90": 0.012334735773398262,
    "p10": 0.0,