{
  "100000": {
    "median": 8.940060650983254e-05,
    "p90": 0.011850794607046217,
    "p10": 0.0,
    "sample": [
      0.0001631069925120685,
      9.334518759655021e-05,
      0.0,
      0.020400920620440924,
      0.0038098839779059385,
      0.0001899967538420202,
      0.0,
      0.004155121134280134,
      0.0,
      0.0006555026019308863,
      0.0,
      0.00186432576621165,
      0.0011585267341417353,
      0.0052083282032161626,
      0.012513665398288139,
      0.0007059161353347227,
      0.0,
      0.005365843651546088,
      0.0,
      0.0018681253548219726,
      0.017117446792806426,
      0.0,
      0.0,
      0.0047586045310530675,
      0.0036409982417989453,
      0.00361671665923549,
      0.005150246800930246,
      0.008174713123933662,
      0.0,
      0.0,
      0.0,
      0.011178982079724736,
      0.00960400475484046,
      0.0,
      0.0,
      0.0,
      0.0,
      0.0032865852319067454,
      0.0,
      0.0,
      0.008995209189016312,
      0.019004841702386886,
      0.0,
      0.007878281255701386,
      0.0,
      0.005740230571155726,
      0.01622702517777347,
      0.0,
      0.0,
      0.005539557161324207,
      0.0,
      0.0,
      0.0005913151128129669,
      0.0,
      0.0,
      0.01125831419308811,
      0.0,
      0.00893154760182645,
      0.0,
      0.01838540920645202,
      0.0,
      0.0,
      0.0,
      0.019970247659459317,
      0.0,
      0.016101295557360486,
      0.010487812515181766,
      0.0,
      0.0038208964284096917,
      0.008123636834857137,
      0.0,
      0.0,
      0.00818250848062947,
      0.0,
      0.014500374128295574,
      0.0,
      0.0,
      0.0,
      0.0013046017526547986,
      0.0020528978044232348,
      0.0,
      0.0032115112778465568,
      0.004057391968759973,
      0.0,
      0.0,
      0.0011079858368377227,
      0.0014330319628564256,
      0.0,
      0.0,
      0.020702321009886275,
      0.008909689285346632,
      0.0005304627779295576,
      0.002023233225716743,
      0.0,
      0.009008753466917084,
      0.0,
      0.010560705796963681,
      0.0,
      0.003095760939437399,
      0.0,
      0.011821159036082114,
      0.0,
      0.0,
      0.0018323656441438239,
      0.0,
      0.0,
      0.0,
      0.0,
      0.010422970760096188,
      0.0,
      0.0,
      0.0,
      0.005032210262758061,
      0.00014951226595833438,
      0.009963268681401877,
      0.0,
      0.011232637180187037,
      0.002457494719038324,
      0.002292528587459299,
      0.008699520997420522,
      0.0,
      0.0,
      0.0,
      0.0,
      0.0,
      0.012198124180844021,
      0.0,
      0.0,
      0.012231689872699502,
      0.0,
      0.00936001790227323,
      0.0,
      0.009901084346309983,
      0.003411950209647693,
      0.0,
      0.0011198443009026776,
      0.0,
      0.0022476693192705105,
      0.0,
      0.0,
      0.017317452258437394,
      0.004602982732424216,
      0.0,
      0.0,
      0.0009968422983563565,
      0.0,
      0.0,
      0.0017384393003640286,
      0.0,
      0.0,
      0.0,
      0.005084600804304591,
      0.0,
      0.012117514745723158,
      0.0,
      0.01404135448224539,
      0.004550259264368642,
      0.0,
      0.0012079683869883812,
      0.009739966890490157,
      0.009106877973061162,
      0.008900783058171371,
      0.0,
      0.016476441818074963,
      0.009880273564887269,
      0.016250965822491508,
      0.008714254016364076,
      0.0,
      0.005489215206790413,
      0.0,
      0.0020150987357074176,
      0.0,
      0.0,
      0.0,
      0.00422462463264311,
      0.0,
      0.0,
      0.002729993779731338,
      0.011325609498795176,
      0.0,
      0.017598633488520313,
      0.012168881243284009,
      0.011151642720254169,
      0.0,
      0.0,
      0.0,
      0.0007772516949947366,
      8.545602542311487e-05,
      0.0,
      0.0101476390096614,
      0.0,
      0.0,
      0.0,
      0.004714411347134034,
      0.0,
      0.006300386726189402,
      0.010834990174174634,
      0.01815020997989121,
      0.0,
      0.0
    ],
    "low_data": false
  },
  "250000": {
    "median": 0.00022859862174746872,
    "p90": 0.012047719286604046,
    "p10": 0.0,