{
  "100000": {
    "median": 0.0,
    "p90": 0.009019024958383973,
    "p10": 0.0,
    "sample": [
      0.00017517596943699337,
      9.562141306850546e-05,
      0.004602562968282956,
      0.0,
      0.0033168442721530026,
      0.0,
      0.0,
      0.0172981346015282,
      0.0,
      0.0,
      0.0,
      0.0005229799287650548,
      0.0,
      0.011119855234228539,
      0.00018123686410134542,
      0.0,
      0.007307592096377346,
      0.00535352397970968,
      0.0,
      0.0033810767994313733,
      0.012519665625969888,
      0.004962172976362174,
      0.0,
      0.00511066236893973,
      0.0030632259631783953,
      0.0,
      0.0,
      0.00814539980295746,
      0.0,
      0.0,
      0.0,
      0.0027160426848188736,
      0.0,
      0.0,
      0.0008166625866472528,
      0.002107510330892701,
      0.004601438867588261,
      0.0,
      0.011186418177638284,
      0.0,
      0.0,
      0.01049992102238285,
      0.0,
      0.0,
      0.013997062660847994,
      0.0023732138947516333,
      0.0,
      0.0,
      0.009883240104064852,
      0.0,
      0.008741145603386399,
      0.011236590882383707,
      0.0,
      0.0,
      0.0,
      0.0,
      0.0,
      0.0,
      0.0,
      0.0,
      0.012684406322799586,
      0.0,
      0.0,
      6.763220666849417e-05,
      0.0,
      0.01379389161327424,
      0.003185776215023695,
      0.0020286067847709597,
      0.0,
      0.0,
      0.0,
      0.0,
      0.0,
      0.0,
      0.006523368307026512,
      0.0,
      0.0009929264928410938,
      0.0,
      0.0,
      0.0,
      0.0012460915559211806,
      0.004676470767682659,
      0.0,
      0.0007666298694366429,
      0.0065312704187550355,
      0.0029322987251983305,
      0.0011600144767220117,
      0.0,
      0.0,
      0.0,
      0.0,
      0.0,
      0.0,
      0.0,
      0.0,
      0.0,
      0.0,
      0.0019859027239115157,
      0.0,
      0.0,
      0.0,
      0.006417292227683036,
      0.00030941441243512884,
      0.0,
      0.00039189999160167487,
      0.001991230906376025,
      0.0,
      0.0,
      0.0042773176862033555,
      0.007359931131458452,
      0.0057423676650875275,
      0.0,
      0.0,
      0.0,
      0.014000156505303578,
      0.0012482323891687837,
      0.007233900591224728,
      0.0,
      0.0,
      0.0,
      0.008972122255078367,
      0.0012576670251925252,
      0.004512271205197534,
      0.0,
      0.014791607180187868,
      0.0,
      0.007758272626546864,
      0.0,
      0.0,
      0.020363094896792586,
      0.005794210302739282,
      0.0064076598828650124,
      0.0,
      0.0064161992430893065,
      0.004179295471234876,
      0.0017092870588001784,
      0.009441149288134464,
      0.0,
      0.006153393461720461,
      0.0005493590198989638,
      0.0,
      0.03731056156299107,
      0.0,
      0.0,
      0.0,
      0.0,
      9.083793221410402e-05,
      0.021154426184890076,
      0.012827139069641289,
      0.0,
      0.0017725097038646036,
      0.0,
      0.0,
      0.0,
      0.0,
      0.003210586381005348,
      0.0006180404688919584,
      0.004890354473256007,
      0.00887386141900815,
      0.0,
      0.0007120631534703159,
      0.0,
      0.0,
      0.0,
      0.0,
      0.008241226850116945,
      0.0,
      0.002765112181566191,
      0.0073696498843056225,
      0.014504247907497698,
      0.005409559204659943,
      0.0,
      0.0,
      0.0,
      0.0,
      0.0,
      0.012926391074748966,
      0.0,
      0.005580117280801857,
      0.0,
      0.010043494593547374,
      0.0030950402307131472,
      0.007260725478085725,
      0.0,
      0.0,
      0.00858272751129105,
      0.0,
      0.0,
      0.0,
      0.0,
      0.004004607311740487,
      0.001716516022572637,
      0.00028995875585734643,
      0.0060065523323982895,
      0.0018464012635716232,
      0.0,
      0.006004797357346508,
      0.0,
      0.0,
      0.0
    ],
    "low_data": false
  },
  "250000": {
    "median": 0.0,
    "p90": 0.009213072102643424,
    "p10": 0.0,
    "sample": [
      0.00039959545268156263,
      0.00021812285077664904,
      0.004848775304063312,
      0.0,
      0.0034641505726401437,
      0.0,
      0.0,
      0.017414851636524144,
      0.0,
      0.0,
      0.0,
      0.0006323175699727702,
      0.0,
      0.011234814833770038,
      0.00032287100331321317,
      0.0,
      0.007427627987934341,
      0.005585516417882595,
      0.0,
      0.003651061995223585,
      0.012679643744575374,
      0.005085380273592595,
      0.0,
      0.005279967667656034,
      0.0032147146401022664,
      0.0,
      0.0,
      0.00827493395203918,
      0.0,
      0.0,
      0.0,
      0.0030322014014129545,
      0.0,
      0.0,
      0.0009922017737740096,
      0.002342815398761023,
      0.004859305874687681,
      0.00012004224513749928,
      0.0113344718043621,
      0.0,
      0.0,
      0.010654026768202755,
      0.0,
      0.0,
      0.014124522028095998,
      0.002503157372789238,
      0.0,
      0.0,
      0.010019366812692526,
      0.0,
      0.008875753342584242,
      0.01139028194002012,
      0.0,
      0.0,
      0.0,
      0.0,
      0.00013514626584401943,
      0.0,
      0.0,
      0.0,
      0.012917201866492615,
      0.0,
      0.0,
      0.00020341195913372643,
      0.0,
      0.014052554076388269,
      0.0033053544098824747,
      0.0021510760349890998,
      0.0,
      0.0,
      0.0,
      0.0,
      0.0,
      0.0,
      0.006694503674533912,
      0.0,
      0.0012122053348101814,
      0.0,
      0.0,
      0.0,
      0.0014455099430033785,
      0.004845150515723748,
      0.0,
      0.0008945681083548998,
      0.0067895922647878745,
      0.0030783864028109892,
      0.0014170960790181365,
      0.0,
      0.0,
      0.0,
      0.0,
      0.0,
      0.0,
      0.0,
      0.0,
      0.0,
      0.0,
      0.0022610290769517526,
      0.0,
      0.0,
      0.0,
      0.006616224665354045,
      0.00045724889217187625,
      0.0,
      0.0006200326945844853,
      0.0021052113759720075,
      0.0,
      0.0,
      0.0044005794256872935,
      0.00752118667346319,
      0.005923182028770631,
      0.0,
      0.0,
      0.0,
      0.01425542302786149,
      0.0014162474203432537,
      0.007352650240552664,
      0.0,
      0.0,
      0.0,
      0.009156444764597808,
      0.0014418319951915162,
      0.004670351283637503,
      0.0,
      0.014902090326592454,
      0.0,
      0.00786743083289644,
      0.0,
      0.0,
      0.02051697511395079,
      0.0060717795525439145,
      0.0065344981577079506,
      0.0,
      0.006654617883185641,
      0.004313867113554709,
      0.0018484801361659782,
      0.009722718145054007,
      0.0,
      0.006412218824678406,
      0.0006681435960569003,
      0.0,
      0.03746044104470148,
      0.0,
      0.0,
      0.0,
      0.0,
      0.0003186139469529779,
      0.021373728845642547,
      0.012975275125599766,
      0.0,
      0.0019034740386062103,
      0.0,
      0.0,
      0.0,
      0.0,
      0.003473614242921235,
      0.0007688110239187904,
      0.005060885802450715,
      0.00900207891738001,
      0.0,
      0.0008652449642113,
      0.0,
      0.0,
      0.0,
      0.0,
      0.008364831192303936,
      0.0,
      0.0030060923365221696,
      0.007557474598935858,
      0.014792074424317726,
      0.005525483131824359,
      0.0,
      0.0,
      0.0,
      0.0,
      0.0,
      0.013139492058561039,
      0.0,
      0.005774934901890766,
      0.0,
      0.010308999152006166,
      0.0032288567536711233,
      0.00738452089945658,
      0.0,
      0.0,
      0.008780746481768971,
      0.0,
      0.0,
      0.0,
      0.0,
      0.004163214279869089,
      0.0019241591923361018,
      0.0004941707372766481,
      0.006162106473721415,
      0.0020728883422680075,
      0.0,
      0.0061867995469305805,
      0.0,
      0.0,
      0.0
    ],
    "low_data": false
  },
  "500000": {
    "median": 0.0,
    "p90": 0.00951231111731144,
    "p10": 0.0,