{
  "100000": {
    "median": 0.0,
    "p90": 0.011269564052463148,
    "p10": 0.0,
    "sample": [
      0.00020532722951066142,
      0.00013270148578659716,
      0.0,
      0.0018473541400710538,
      0.00577605468097065,
      0.0,
      0.0,
      0.0,
      0.0,
      0.001600815952242257,
      0.0,
      0.006787448135669637,
      0.004447575410729005,
      0.008302949342503535,
      0.0,
      0.001845732108943182,
      0.0,
      0.0,
      0.0,
      0.0,
      0.0,
      0.0,
      0.0010359271530990986,
      0.0013643739130004867,
      0.0,
      0.005730092011775339,
      0.00473014290291368,
      0.0022157084216882458,
      0.0,
      0.0016137022286430473,
      0.013950738039052304,
      0.002669575047822685,
      0.004344841448927923,
      0.0,
      0.0,
      0.0,
      0.0004904939594786371,
      0.012060639153719159,
      0.001164626471895935,
      0.0,
      0.0,
      0.0,
      0.0,
      0.0,
      0.0026066932420891115,
      0.005439614355250477,
      0.013947029471998076,
      0.0,
      0.0,
      0.016563448512202733,
      0.0,
      0.0,
      0.0,
      0.005190132458853545,
      0.0,
      0.0,
      0.010470174856269715,
      0.0003344369810487466,
      0.0,
      0.011500835520756056,
      0.0,
      0.008063697640349171,
      0.0,
      0.0,
      0.005627077969226731,
      0.0017010778775500821,
      0.0,
      0.0013453311737654417,
      0.0,
      0.0,
      0.004148924929138462,
      0.013585567386314714,
      0.018923714650699506,
      0.00968385719118499,
      0.012812376863053969,
      0.009027994772398188,
      0.0,
      0.0,
      0.0,
      0.0,
      0.002625348703474301,
      0.0,
      0.0,
      0.005070786312422325,
      0.010600745477865726,
      0.0004533815331805286,
      0.0,
      0.0,
      0.0,
      0.0,
      0.0,
      0.0,
      0.0014120616027899046,
      0.004467125222703772,
      0.0,
      0.0,
      0.0,
      0.0005594120483046855,
      0.0,
      0.005474778453929339,
      0.0037635717805818325,
      0.0,
      0.0,
      0.0031898698002370317,
      0.0,
      0.005560123435534516,
      0.0,
      0.00663763261375431,
      0.0,
      0.0,
      0.012052450798930164,
      0.0,
      0.0,
      0.006009234553057652,
      0.0,
      0.012837458908474923,
      0.0,
      0.010131778497824817,
      0.010440335817411895,
      0.011716982368428535,
      0.0028023160168778195,
      0.023443291268568152,
      0.009630228395237406,
      0.0,
      0.0,
      0.0,
      0.0034437389843829658,
      0.009894570270692423,
      0.0,
      0.0,
      0.0,
      0.0032545829571453354,
      0.0,
      0.0,
      0.01448324962549065,
      0.0011890728374840604,
      0.0,
      0.021281662791060262,
      0.0,
      0.0,
      0.0,
      0.010596605473712618,
      0.019593599348342938,
      0.0006968324484976536,
      0.001775144297539545,
      0.0,
      0.0,
      0.005982767840071167,
      0.023214643252263318,
      0.0,
      0.0,
      0.0,
      0.0,
      0.004080737976537741,
      0.0032068237772223365,
      0.006920167191332861,
      0.0,
      0.007390462079045971,
      0.0,
      0.0,
      0.005025914037098682,
      0.002098271607820439,
      0.0012191115020990535,
      0.0,
      0.0,
      0.008790883892872315,
      0.011086604415578289,
      0.008081290258821266,
      0.0,
      0.0,
      0.012321153566473123,
      0.0,
      0.009666221093438981,
      0.0,
      0.013859471806841566,
      0.0023631166686825605,
      0.0,
      0.006886535000419192,
      0.0,
      0.004490920262078198,
      0.0,
      0.002324347178109405,
      0.0015577022530693775,
      0.0,
      0.0,
      0.0,
      0.013718696567204366,
      0.0,
      0.0,
      0.009292235767515615,
      0.003824856984854188,
      0.0,
      0.0,
      0.0,
      0.0030070244025411893,
      0.0005953228003106277,
      0.015549387498361116,
      0.011243867222652826,
      0.0,
      0.0
    ],
    "low_data": false
  },
  "250000": {
    "median": 0.0,
    "p90": 0.011496902007596595,
    "p10": 0.0,
    "sample": [
      0.00046837375861461704,
      0.000302706532493224,
      0.0,
      0.0019774113323405814,
      0.005968609651186696,
      0.0,
      0.0,
      0.0,
      0.0,
      0.001701065077888323,
      0.0,
      0.0068989778687196775,
      0.004704667684692338,
      0.008483943323465845,
      0.0,
      0.0019937932379764864,
      0.0,
      0.0,
      0.0,
      0.0,
      0.0,
      0.0,
      0.0011405823481581883,
      0.0014799539885725745,
      0.0,
      0.0058546246507161,
      0.004960478925006487,
      0.0024211629556495887,
      0.0,
      0.001715310965559306,
      0.014052593499908264,
      0.0027967259013835137,
      0.004518452057325245,
      0.0,
      0.0,
      0.0,
      0.000646524936561043,
      0.012169052990755687,
      0.0012967601579420773,
      0.0,
      0.0,
      0.0,
      0.0,
      0.0,
      0.002738403125454752,
      0.005568885366395864,
      0.014052883533225898,
      0.0,
      0.0,
      0.01676050858706355,
      0.0,
      0.0,
      0.0,
      0.005393017196465457,
      0.0,
      0.0,
      0.010661964417161673,
      0.0004520140503656581,
      0.0,
      0.01161410421630094,
      0.0,
      0.00816099370570976,
      0.0,
      0.0,
      0.0057245549407196885,
      0.0017927437841596917,
      0.0,
      0.0015103080898003632,
      0.0,
      0.0,
      0.004279446105937062,
      0.013717754663929922,
      0.019142689983227795,
      0.009808016112848802,
      0.012916369773980642,
      0.009125943507873348,
      0.0,
      0.0,
      0.0,
      0.0,
      0.002819621398817592,
      0.0,
      0.0,
      0.005208584677708372,
      0.010732212262977724,
      0.0006032712161605613,
      0.0,
      0.0,
      0.0,
      0.0,
      0.0,
      0.0,
      0.0016565446730200542,
      0.004575309825376234,
      0.0,
      0.0,
      0.0,
      0.0006686859629021028,
      0.0,
      0.005730184402987647,
      0.003910426974007339,
      0.0,
      0.0,
      0.0033761389987385917,
      0.0,
      0.005681475587962622,
      0.0,
      0.006752457728939146,
      0.0,
      0.0,
      0.0122317570758822,
      0.0,
      0.0,
      0.0062824474474506295,
      0.0,
      0.012949773058253473,
      0.0,
      0.010373071791135592,
      0.010573392557301234,
      0.011852218903556092,
      0.00295197206735213,
      0.023588035268434417,
      0.009741089456573255,
      0.0,
      0.0,
      0.0,
      0.003597010052821542,
      0.010028257843137437,
      0.0,
      0.0,
      0.0,
      0.0033797180606970068,
      0.0,
      0.0,
      0.014611927942156136,
      0.0012960718025876246,
      0.0,
      0.021451211593748618,
      0.0,
      0.0,
      0.0,
      0.010796102956181641,
      0.019698894960405028,
      0.000817538268851784,
      0.001965705086722648,
      0.0,
      0.0,
      0.006161065855041594,
      0.023324471885199805,
      0.0,
      0.0,
      0.0,
      0.0,
      0.004302502725606082,
      0.0034195122278168994,
      0.007112562245611832,
      0.0,
      0.00752622249127012,
      0.0,
      0.0,
      0.00517571066835393,
      0.0022681579000364306,
      0.0013643744808619453,
      0.0,
      0.0,
      0.008986759870385297,
      0.01129939523608194,
      0.008218901197118898,
      3.14910534570779e-05,
      0.0,
      0.012465301410281952,
      0.0,
      0.009876223832201601,
      0.0,
      0.014014547004256112,
      0.00264081699282626,
      0.0,
      0.007097613966538917,
      0.0,
      0.004688829450916237,
      0.0,
      0.0024510031479587882,
      0.001800590864235555,
      0.0,
      0.0,
      0.0,
      0.013914042287107303,
      0.0,
      0.0,
      0.009442983227324286,
      0.004039743840243051,
      0.0,
      0.0,
      0.0,
      0.0031771355262282643,
      0.0007332769183140446,
      0.015677414299816693,
      0.01148387953996278,
      0.0,
      0.0
    ],