{
  "100000": {
    "median": 8.122807497209237e-05,
    "p90": 0.011094634416022582,
    "p10": 0.0,
    "sample": [
      9.418214021606483e-05,
      8.33773024253048e-05,
      0.0,
      0.008256502814209593,
      0.0,
      0.004364321222596181,
      0.0,
      0.0,
      0.008946881729601354,
      0.0,
      0.0,
      0.008233875241494182,
      0.018818659869297125,
      0.0,
      0.0,
      0.0,
      0.0,
      0.006673188234969914,
      0.0,
      0.0023248606669814455,
      0.014832574686225782,
      0.0,
      0.008506675501701151,
      0.003319821358366028,
      0.0010456064678638843,
      0.0,
      0.013525411036067388,
      0.0006687975040183449,
      0.0,
      0.013140035167737995,
      0.0,
      0.001205995511290703,
      0.0,
      0.0,
      0.0,
      0.010292351905251101,
      0.0,
      0.0003307893557007111,
      0.0015761369786666153,
      0.002614553687457372,
      0.0,
      0.01225271366934573,
      0.0,
      0.0,
      0.001123423378045224,
      0.0015294605414973147,
      0.0,
      0.0,
      0.0076189431673131915,
      0.003012018398267841,
      0.012441295698703171,
      0.007609835340703005,
      0.007257064499757217,
      0.0,
      0.004110112156488168,
      0.0,
      0.0,
      0.0,
      0.005429548953302062,
      0.0,
      0.0,
      0.00042087131806317374,
      0.0,
      0.0,
      0.006589701400756128,
      0.0,
      0.0,
      0.0,
      0.0,
      0.00014679145031070822,
      0.0,
      0.0007349341841113313,
      0.0,
      0.0,
      0.0,
      0.0047924127456633915,
      0.0001436234802871178,
      0.0,
      0.0009398684750773855,
      0.0004862829862589202,
      0.009434230998953089,
      0.005062464374841441,
      0.0,
      0.0022293200105804956,
      0.003433985290961706,
      0.0,
      0.011966324451208068,
      0.007531758289449686,
      0.001223714389391967,
      0.008325421818344463,
      0.0,
      0.019232475335682498,
      0.0,
      0.0035729891938430687,
      0.0,
      0.010247444417165004,
      0.0,
      0.004004595043886681,
      0.008043797374216637,
      0.013505139348092284,
      0.0,
      0.005110081651944305,
      0.0009821093680740774,
      0.0,
      0.0021973086193503738,
      0.0,
      0.0,
      0.0,
      0.003939396579241794,
      0.00985173524465429,
      0.004301608074718637,
      0.0,
      0.0,
      0.0,
      0.008292653006991287,
      0.011393950063733619,
      0.01794908536535457,
      0.0,
      0.0,
      0.013017221853698305,
      0.0015008241621281022,
      0.0,
      0.0,
      0.0,
      0.0,
      0.0,
      0.003594485500690248,
      0.0,
      7.907884751887992e-05,
      0.0,
      0.0,
      0.002341085669777317,
      0.0,
      0.0,
      0.0023209251242740886,
      0.011061377121832468,
      0.002807442665576189,
      0.0,
      0.0,
      0.03175384117291391,
      0.012714729298622468,
      0.0,
      0.005158540098534009,
      0.016637551543300114,
      0.0,
      0.0,
      5.584311370173534e-06,
      0.005408327595350153,
      0.0166506428020445,
      0.0,
      0.0,
      0.004265911277340414,
      0.00870436819230454,
      0.0,
      0.007469984378814465,
      0.0,
      0.0,
      0.0012840469885107848,
      0.00444314303103034,
      0.0025980628114226226,
      0.006830263693117678,
      0.004085617109532258,
      0.0,
      0.024475230242642122,
      0.001033313427119723,
      0.005395081696594955,
      0.004005858741588489,
      0.005987607390569004,
      0.0,
      0.0,
      0.0,
      0.0009579480382866955,
      0.0,
      0.0,
      0.0,
      0.0,
      0.0,
      0.0033337663770799495,
      0.009923926122736492,
      0.0,
      0.007166615419636073,
      0.0,
      0.012542360280904746,
      0.0,
      0.0018861346325794678,
      0.0,
      0.0,
      0.0,
      0.011767820748283362,
      0.0083014735271818,
      0.0,
      0.0,
      0.0029116138904096765,
      0.008600963124532325,
      0.012252282284771644,
      0.0,
      0.000672728216118457,
      0.0,
      0.0,
      0.0
    ],
    "low_data": false
  },
  "250000": {
    "median": 0.00020429690294204315,
    "p90": 0.011288883375972761,
    "p10": 0.0,