{
  "100000": {
    "median": 0.0,
    "p90": 0.011769978692798722,
    "p10": 0.0,
    "sample": [
      0.0001137694126292875,
      9.107219503222256e-05,
      0.0,
      0.0,
      0.0055275431312998375,
      0.005077150302465899,
      0.0,
      0.013452657968823816,
      0.0039466457705772135,
      0.007299350277399954,
      0.0,
      0.0,
      0.0,
      0.0,
      0.0,
      0.0,
      0.008253471480595414,
      0.009754995856232398,
      0.0,
      0.0,
      0.009109473417176488,
      0.0,
      0.0,
      0.0,
      0.0,
      0.002137958511987167,
      0.012821208678398156,
      0.0142896652026754,
      0.0,
      0.011354301272955801,
      0.02648339599667101,
      0.004180340256829336,
      0.0,
      0.0,
      0.012748305238493076,
      0.0,
      0.008635053741316704,
      0.0,
      0.0,
      0.0,
      0.0,
      0.005132699178214545,
      0.0,
      0.0,
      0.0022186237244851592,
      0.0030511515590080584,
      0.004185456371187923,
      0.008483313650137313,
      0.012309099316350929,
      0.0106762748250249,
      0.0,
      0.0,
      0.0,
      0.00038887840485396025,
      0.0,
      0.006873350411323359,
      0.005472288653673046,
      0.0,
      0.0,
      0.0,
      0.0,
      0.005321467649337677,
      0.0,
      0.006080710566623755,
      0.004360893912142081,
      0.007524886859205779,
      0.0,
      0.0,
      0.015886298303534625,
      0.0,
      0.01175519286447649,
      0.003674996961904666,
      0.0025776169066246968,
      0.015316684012658349,
      0.00890244055679847,
      0.005309622396070434,
      0.010529677913034103,
      0.0,
      0.01567017318064436,
      0.006033250979728407,
      0.015584895769468489,
      0.0005514560499207306,
      0.012719702962180982,
      0.0,
      0.0005259073607125817,
      0.0,
      0.0,
      0.009013929881380903,
      0.0,
      0.002232542913508441,
      0.0,
      0.0,
      0.0026880055035459517,
      0.0,
      0.0012364309845817889,
      0.00673339858774071,
      0.0,
      0.010333740012873117,
      0.0,
      0.0,
      0.0,
      0.008470019581591588,
      0.0023954644519289282,
      0.0,
      0.0,
      0.0,
      0.008859277752379416,
      0.0,
      0.0,
      0.010597634208201362,
      0.006318972812194995,
      0.0,
      0.0,
      0.0,
      0.0,
      0.0,
      0.0,
      0.0,
      0.0,
      0.0,
      0.006961211236399643,
      0.0,
      0.00021350444626600928,
      0.0,
      0.004955040947307342,
      0.007233323276346747,
      0.0,
      0.006722718990739179,
      0.0,
      0.0,
      0.0015058353151337718,
      0.0,
      0.0033273257928737783,
      0.0,
      0.0,
      0.0,
      0.0,
      0.0,
      0.0032919176031505158,
      0.0,
      0.0,
      0.0013125819317607458,
      0.0,
      0.0071094080445704335,
      0.013319384177157528,
      0.0,
      0.009205799571972621,
      0.0,
      0.0,
      0.0,
      0.0,
      0.010238948949825591,
      6.661146016869153e-05,
      0.007305017625237675,
      0.0,
      0.0,
      0.014788796575724468,
      0.0,
      0.012567719898633622,
      0.0,
      0.005026147642840673,
      0.0,
      0.014972456702401604,
      0.0,
      0.012806131507330712,
      0.00046197072601417296,
      0.0,
      0.0038181534140108134,
      0.0,
      0.012258558443204236,
      0.0008721008422996723,
      0.0,
      0.001079580373869192,
      0.0,
      0.001353610436353606,
      0.0,
      0.0,
      0.0,
      0.0,
      0.0,
      0.0,
      0.0,
      0.012377015568538872,
      0.009026722263193678,
      0.0,
      0.0,
      0.0,
      0.00024593766982676914,
      0.0033227960044055027,
      0.0,
      0.0,
      0.016959142410207892,
      0.001163935340226358,
      0.010791514563737394,
      0.0,
      0.011359166038015045,
      0.011903051147698816,
      0.011730968642327122,
      0.0,
      0.0
    ],
    "low_data": false
  },
  "250000": {
    "median": 0.0,
    "p90": 0.011961380144970338,
    "p10": 0.0,
    "sample": [
      0.0002595204130282672,
      0.00020774558929267915,
      0.0,
      0.0,
      0.005778882920630872,
      0.00519939529409162,
      0.0,
      0.013656660478064558,
      0.004091231693307445,
      0.007467307286466782,
      0.0,
      0.0,
      0.0,
      0.0,
      0.0,
      0.0,
      0.008367061986356275,
      0.00991273872296358,
      0.0,
      0.0,
      0.009244486760248086,
      0.0,
      8.375558861385953e-05,
      0.0,
      0.0,
      0.0024271624844254907,
      0.012997490998704226,
      0.014433295550113436,
      0.0,
      0.011470733750776405,
      0.026756793492228453,
      0.0043000122259807365,
      0.0,
      0.0,
      0.012991085681537937,
      0.0,
      0.008755311972971492,
      0.0,
      0.0,
      0.0,
      0.0,
      0.005379233241504706,
      0.0,
      0.0,
      0.0023609503518647484,
      0.003259323626767014,
      0.004314537484953378,
      0.00860180674171749,
      0.012473756871570174,
      0.010784737526599123,
      0.0,
      0.0,
      0.0,
      0.0005796501693192521,
      0.0,
      0.007119897883419905,
      0.0055965121017213315,
      0.0,
      0.0,
      0.0,
      0.0,
      0.005484254190464567,
      0.0,
      0.0062504306748192885,
      0.004479101139985627,
      0.007643321380540672,
      0.0,
      0.0,
      0.016008919568854335,
      0.0,
      0.011955554126218963,
      0.0038058443642188327,
      0.0027168523790015043,
      0.015478536997319043,
      0.009110872758545763,
      0.005471585322894833,
      0.010665706420276855,
      0.0,
      0.015805906940913935,
      0.0062342561456393795,
      0.015747157687839543,
      0.0006646059133114066,
      0.012994386767008032,
      0.0,
      0.0006664491355500236,
      0.0,
      0.0,
      0.009211335333136861,
      0.0,
      0.0023493758286387938,
      0.0,
      0.0,
      0.002798141959254234,
      0.0,
      0.0015188098952375658,
      0.006845384451530323,
      0.0,
      0.010457226568007228,
      0.0,
      0.0,
      0.0,
      0.008638552593900397,
      0.002583580657374136,
      0.0,
      0.0,
      0.0,
      0.00906656338848209,
      0.0,
      0.0,
      0.010715183908260978,
      0.006458107076524941,
      0.0,
      0.0,
      0.0,
      0.0,
      0.0,
      0.0,
      0.0,
      0.0,
      0.0,
      0.007089707767994182,
      0.0,
      0.0003930295289209478,
      0.0,
      0.005186415519640038,
      0.0073500095969603815,
      0.0,
      0.006930470462830799,
      0.0,
      0.0,
      0.0016211653233587176,
      0.0,
      0.003494644984012234,
      0.0,
      0.0,
      0.0,
      0.0,
      0.0,
      0.003458292621624246,
      0.0,
      0.0,
      0.0015492247319672302,
      0.0,
      0.007240264446975705,
      0.013472058974533189,
      0.0,
      0.009449643794462767,
      0.0,
      0.0,
      0.0,
      0.0,
      0.010349937192453208,
      0.0002800767375447613,
      0.0074073560868529,
      0.0,
      0.0,
      0.014937288757335307,
      0.0,
      0.012663690475406891,
      0.0,
      0.005258323648793325,
      0.0,
      0.01508702190210166,
      0.0,
      0.012909762193193832,
      0.0006991363928653272,
      0.0,
      0.00391448173121184,
      0.0,
      0.012344702641648001,
      0.0009719756276755805,
      0.0,
      0.0011680052486360234,
      0.0,
      0.0014453668065910331,
      0.0,
      0.0,
      0.0,
      0.0,
      0.0,
      0.0,
      0.0,
      0.012578665525204737,
      0.009238335382792149,
      0.0,
      0.0,
      0.0,
      0.0003550365909643219,
      0.003447956079398388,
      0.0,
      0.0,
      0.01704312663327728,
      0.0013560745304736876,
      0.01096513367002614,
      9.40477169179021e-05,
      0.011510359285504873,
      0.012013814313732716,
      0.011834991556054365,
      0.0,
      0.0
    ],
    "low_data": false
  },
  "500000": {
    "median": 0.0,
    "p90": 0.012192612425317365,
    "p10": 0.0,