{
  "100000": {
    "median": 0.0,
    "p90": 0.011332960659360165,
    "p10": 0.0,
    "sample": [
      0.00010779308080890854,
      0.00020780404921625332,
      0.001299180796741536,
      0.0,
      0.0,
      0.0036921051790492817,
      0.0010032620848215788,
      0.0,
      0.0015524823027786734,
      0.008203935459608592,
      0.002699485122187812,
      0.0,
      0.0,
      0.008735791505877954,
      0.0,
      0.0,
      0.0,
      0.002312710834083011,
      0.0,
      0.0,
      0.01104238066053981,
      0.0,
      0.0,
      0.0,
      0.0,
      0.0,
      0.0,
      0.01579310239731896,
      0.0,
      0.0,
      0.0,
      0.0064412448940778175,
      0.003387158040417409,
      0.0,
      0.0,
      0.010055137147943625,
      0.013768059473276686,
      0.0,
      0.0,
      0.0005987058013508142,
      0.0,
      0.001006462243317532,
      0.012749834870928511,
      0.011019078547597833,
      0.0,
      0.0,
      0.0,
      0.0,
      0.0017299175205589897,
      0.0,
      0.008954452743801604,
      0.0,
      0.01152547965263861,
      0.00682199189982925,
      0.0,
      0.0,
      0.0,
      0.0047037096136531825,
      0.0,
      0.016035263656950214,
      0.0,
      0.0,
      0.0,
      0.005100062855298436,
      0.009615703775146367,
      0.005311405677800695,
      0.0,
      0.0,
      0.0172896396712957,
      0.0,
      0.0,
      0.0,
      0.0,
      0.0022119178271005862,
      0.0,
      0.0,
      0.012613484721099138,
      0.0,
      0.0,
      0.01488674155336179,
      0.006405311656939711,
      0.0,
      0.009880524880779,
      0.0065971291798261915,
      0.007449647887640702,
      0.020715190042431452,
      0.0051847792600191915,
      0.004363618886472876,
      0.0,
      0.005442715282763609,
      0.0004136689784092025,
      0.0,
      0.013722493893760334,
      0.000787086328373105,
      0.00022030464513277315,
      0.001995430614622861,
      0.01800734867142246,
      0.0,
      0.0031034341783013255,
      0.0,
      0.0,
      0.0,
      0.0,
      0.007408575475492336,
      0.0,
      0.0,
      0.0,
      0.0,
      0.0,
      0.0010411254485471555,
      0.011315045592605055,
      0.006411602785556956,
      0.0,
      0.01546561434809174,
      0.0,
      0.010231472689221024,
      0.0034576839763896727,
      0.0,
      0.017203429939849555,
      0.0,
      0.0,
      0.006166307571359222,
      0.0,
      0.0,
      0.0,
      0.0,
      0.0024208543696495237,
      0.007886862090753087,
      0.006551085070271583,
      0.0,
      0.0,
      0.0,
      0.0011953192508947792,
      0.0033583854948462774,
      0.003924589955658138,
      0.0,
      0.001383399047139563,
      0.0,
      0.01272810784687191,
      0.0,
      0.0,
      0.0,
      0.011995972292743112,
      0.0,
      0.0,
      0.0,
      0.0,
      0.0,
      0.0,
      0.0,
      0.0,
      0.0,
      0.005728744803103279,
      0.004810908966746051,
      0.0,
      0.0,
      0.0060953282684070844,
      0.010330176844329167,
      0.0008583164684153267,
      0.0,
      0.0,
      0.00046102100769907645,
      0.0,
      0.0,
      0.0,
      0.0,
      0.0,
      0.01373483218755657,
      0.006166330922105744,
      0.009273347014161005,
      0.0011806140754796659,
      0.006612101235993778,
      0.0,
      0.0074770100755356915,
      0.009999422858844611,
      0.0026768261615245006,
      0.002174979989115874,
      0.013496745606932503,
      0.0,
      0.0007498267939577796,
      0.0,
      0.005533246209720846,
      0.0,
      0.0,
      0.00012971511617793492,
      0.0,
      0.010270429267415,
      0.01015976462003697,
      0.0,
      0.0,
      0.0,
      0.011494196260156164,
      0.01297264684863784,
      0.0,
      0.0,
      0.020924432089437114,
      0.0,
      0.0,
      0.008086214323467766,
      0.006174135876769211
    ],
    "low_data": false
  },
  "250000": {
    "median": 0.0,
    "p90": 0.01145227152332437,
    "p10": 0.0,
    "sample": [
      0.0002458877496737281,
      0.00047402365394356847,
      0.0014393639756639844,
      0.0,
      0.0,
      0.003941712868426252,
      0.0012105659399285961,
      0.0,
      0.001669180520375524,
      0.008373767730195093,
      0.0028461872800527336,
      0.0,
      0.0,
      0.008936067631001762,
      0.0,
      0.0,
      0.0,
      0.0024261606429564473,
      0.0,
      0.0,
      0.01129296461547588,
      0.0,
      0.0,
      0.00011780816703117986,
      0.0,
      0.0,
      0.0,
      0.01597927833899645,
      0.0,
      0.0,
      0.0,
      0.006578290380310248,
      0.003594825504333309,
      0.0,
      0.0,
      0.01022216640389408,
      0.013878698203532124,
      0.0,
      0.0,
      0.0007280244956689511,
      0.0,
      0.0012353754443713756,
      0.012906440716726834,
      0.011192681128537517,
      0.0,
      0.0,
      0.0,
      0.0,
      0.0019376162677432016,
      0.0,
      0.009191159284372414,
      0.0,
      0.011687309314730032,
      0.00697097932888018,
      0.0,
      0.0,
      0.0,
      0.004826579907275583,
      0.0,
      0.01621055144967142,
      0.0,
      0.0,
      0.0,
      0.005267143683434793,
      0.009783811530581768,
      0.005458128360923444,
      0.0,
      0.0,
      0.01741014636462509,
      0.0,
      0.0,
      0.0,
      0.0,
      0.0024070921464757686,
      0.0,
      0.0,
      0.01284576906837367,
      0.0,
      0.0,
      0.015107284315014537,
      0.0065932084348528115,
      0.0,
      0.01015523150593241,
      0.006704036482008528,
      0.007578713969554437,
      0.020883973768053832,
      0.005443287925220872,
      0.004494783804667351,
      0.0,
      0.005626137630678788,
      0.0006249372453802515,
      0.0,
      0.0139049188229356,
      0.0009043043320513124,
      0.00040677306461674775,
      0.002155905334357854,
      0.018170833916714077,
      0.0,
      0.0032593482878209403,
      0.0,
      0.0,
      0.0,
      0.0,
      0.007558184849503983,
      0.0,
      0.0,
      0.0,
      0.0,
      0.0,
      0.001178319233319346,
      0.011433368369575989,
      0.00652532269678058,
      0.0,
      0.015640148836471992,
      0.0,
      0.010353012108257,
      0.0035785439663393675,
      0.0,
      0.01733957425313742,
      0.0,
      0.0,
      0.006375847519212318,
      0.0,
      0.0,
      0.0,
      0.0,
      0.0025775342236770194,
      0.00799836183894708,
      0.006703944958109658,
      0.0,
      0.0,
      0.0,
      0.001428827924027309,
      0.0035190758808130705,
      0.004038835368484962,
      0.0,
      0.0014812415615856646,
      0.0,
      0.012894451233027859,
      0.0,
      0.0,
      0.0,
      0.012102127559688664,
      0.0,
      0.0,
      0.0,
      0.0,
      0.0,
      0.0,
      0.0,
      0.0,
      0.0,
      0.00583917261581969,
      0.0049444936846677,
      0.0,
      0.0,
      0.006205629485003972,
      0.010515336542480588,
      0.0009651840606586674,
      0.0,
      0.0,
      0.000594454581026079,
      0.0,
      0.0,
      0.0,
      0.0,
      0.0,
      0.013864931624619492,
      0.0063002570023242815,
      0.009435654217546552,
      0.0012779993627583944,
      0.006746784352190528,
      0.0,
      0.0076114778202516055,
      0.010109279041285182,
      0.002903009714823592,
      0.002436499527766274,
      0.013661915104335738,
      0.0,
      0.0009815092765366466,
      0.0,
      0.0056381941513926745,
      0.0,
      0.0,
      0.0002692927136402378,
      0.0,
      0.010382080145110049,
      0.010323345539635105,
      0.0,
      0.0,
      0.0,
      0.011622399907059815,
      0.013108896541189468,
      0.0,
      0.0,
      0.021084798895247406,
      0.0,
      0.0,
      0.008249089893236933,
      0.006303292920449726
    ],
    "low_data": false
  },
  "500000": {
    "median": 0.0,
    "p90": 0.011693460059710557,
    "p10": 0.0,