{
  "100000": {
    "median": 0.0,
    "p90": 0.010514340670331045,
    "p10": 0.0,
    "sample": [
      8.634722836831703e-05,
      0.00010394778346437667,
      0.0005779070759331838,
      0.0030361480303253688,
      0.001680722622294028,
      0.001315320541128638,
      0.0,
      0.0,
      0.0,
      0.0,
      0.0,
      0.0020796188184150307,
      0.012032561080563229,
      0.0,
      0.0034785634926075668,
      0.0,
      0.0,
      0.0,
      0.0021778695956721572,
      0.007980957306209858,
      0.0,
      0.0,
      0.0,
      0.001570234980038496,
      0.00044983320980282953,
      0.0,
      0.0020826394705981237,
      0.0,
      0.0037631807774317883,
      0.0015019864721020283,
      0.003989178419155636,
      0.0063328435944214915,
      0.0,
      0.007820568488916517,
      0.00017637382910618403,
      0.0,
      0.0015703206752694559,
      0.0,
      0.01391799619161259,
      0.0,
      0.010490432852248393,
      0.0,
      0.0,
      0.0,
      0.0024983335767077438,
      0.0012547194661203047,
      0.0,
      0.0027581821367777897,
      0.0,
      0.0,
      0.010142184490100532,
      0.010086411530549531,
      4.2863741203648126e-05,
      0.0011535409779822045,
      0.0,
      0.0,
      0.0,
      0.006711823518580462,
      0.0,
      0.010729511033074929,
      0.0,
      0.011903946073203962,
      0.0007178557673083348,
      0.0,
      0.011161632652729852,
      0.0,
      0.0,
      0.008844614280753478,
      0.0,
      0.0026226659252136545,
      0.011649777721940533,
      0.0,
      0.016817302696196402,
      0.007123196968476741,
      0.0029842218310178604,
      0.0,
      0.0,
      0.0,
      0.006502491195172306,
      0.0,
      0.006430108578066403,
      0.0,
      0.0,
      0.0,
      0.0,
      0.001637883070768529,
      0.0,
      0.0,
      0.005342082882722863,
      0.0,
      0.0,
      0.0,
      0.0,
      0.0025190098582549914,
      0.00789184470615577,
      0.0018135959754011107,
      0.0,
      0.0012043642071716011,
      0.014680906779236839,
      0.0032435336750935104,
      0.0,
      0.009840860599225157,
      0.0,
      0.0,
      0.009402680706890125,
      0.010220052025690358,
      0.0,
      0.0,
      0.0,
      0.01203707782372071,
      0.024168067482597654,
      0.0,
      0.002361857514630649,
      0.0,
      0.0,
      0.0026419252838544203,
      0.0,
      0.0,
      0.006970307886001177,
      0.0,
      0.002940435313824748,
      0.0,
      0.01274063043223948,
      0.0,
      0.008282837926456814,
      0.0,
      0.012118623847869948,
      0.013084746703416859,
      0.006177879546954717,
      0.0065700682103288196,
      0.0,
      0.0,
      0.0,
      0.00776310075016287,
      0.0,
      0.0,
      0.0,
      0.012104223663260158,
      0.0,
      0.0,
      0.0,
      0.0,
      0.0,
      0.0052172107640590885,
      0.002677173655939316,
      0.0,
      0.0,
      0.0,
      0.0,
      0.012498939181659716,
      0.0037357912928642325,
      0.0,
      0.00541532782266435,
      0.0022705930779533543,
      0.004316656948092461,
      0.0,
      0.0,
      0.005140784402226622,
      0.0,
      0.00431311922667127,
      0.0,
      0.0005308193848640196,
      0.0,
      0.0,
      0.0,
      0.0006219150593224723,
      0.0,
      0.0,
      0.0016937481150027123,
      0.0,
      0.0,
      0.0,
      0.008191735477988349,
      0.0,
      0.01042845202131047,
      0.0,
      0.0,
      0.007216540536502981,
      0.003990910906894195,
      0.0005724709820462704,
      0.0,
      0.0,
      0.0,
      0.019141447572987698,
      0.0,
      0.008622713966599391,
      0.0,
      0.0,
      0.0025283543779528505,
      0.018796505687306075,
      0.006353585174741348,
      0.0,
      0.0089457360925331,
      0.024688835074756582,
      0.006677082285844326,
      0.0,
      0.0,
      0.013588121034577625,
      0.011024322736900443,
      0.0
    ],
    "low_data": false
  },
  "250000": {
    "median": 0.0,
    "p90": 0.01063292444484302,
    "p10": 0.0,
    "sample": [
      0.00019696742606037734,
      0.00023711620790334796,
      0.0007085212508635021,
      0.0031930121670687124,
      0.0018146081520145872,
      0.001418887199705725,
      0.0,
      0.0,
      0.0,
      1.3578669982968936e-06,
      0.0,
      0.002306653611515756,
      0.01220143195667511,
      0.0,
      0.003611694857638693,
      8.738671081723291e-05,
      0.0,
      0.0,
      0.0023048078304348167,
      0.00815425028547826,
      0.0,
      0.0,
      0.0,
      0.0016934578103406169,
      0.0005776649297571366,
      0.0,
      0.002272770213153106,
      0.0,
      0.003918281950397142,
      0.0016648600499579629,
      0.004138252793522607,
      0.006444621827877339,
      0.0,
      0.007936443879882184,
      0.00032122605422316624,
      0.0,
      0.0016591936592588977,
      0.0,
      0.01408883247432879,
      0.0,
      0.010599731155642972,
      0.0,
      0.0,
      0.0,
      0.0026697801906670846,
      0.0014028771058942806,
      0.0,
      0.0028996357582273444,
      0.0,
      0.0,
      0.010251754437692849,
      0.010256388190969655,
      0.00022122266041711488,
      0.0013209279433134572,
      0.0,
      0.0,
      0.0,
      0.0068762549012251605,
      0.0,
      0.010931664047643477,
      0.0,
      0.012008023527582953,
      0.0008590051675333539,
      0.0,
      0.011250744842035048,
      0.0,
      0.0,
      0.00907869459714059,
      0.0,
      0.002790706935476332,
      0.011808950752433553,
      0.0,
      0.017022287822829656,
      0.007308284349304481,
      0.0031098702944469246,
      0.0,
      0.0,
      0.0,
      0.006674252315615707,
      0.0,
      0.006534824108564907,
      0.0,
      0.0,
      0.0,
      0.0,
      0.0017682304120637707,
      0.0,
      0.0,
      0.005511112129125016,
      0.0,
      0.0,
      0.0,
      0.0,
      0.002608571188636875,
      0.007984188803878745,
      0.0019037404528789298,
      0.0,
      0.0012986044140103868,
      0.014803499688351214,
      0.0033390138942805164,
      0.0,
      0.010039979991144417,
      0.0,
      0.0,
      0.009509926052239678,
      0.010362792960924645,
      0.0,
      0.0,
      0.0,
      0.012237060330159696,
      0.02426231782623069,
      0.0,
      0.0025506044549295803,
      0.0,
      0.0,
      0.002844141684139153,
      0.0,
      0.0,
      0.007158231496355078,
      0.0,
      0.003093961452295349,
      0.0,
      0.012847768680100787,
      0.0,
      0.00844305361650576,
      0.0,
      0.012219463946230642,
      0.013196624002247817,
      0.006295129927059027,
      0.00673384035663214,
      0.0,
      0.0,
      0.0,
      0.007945555597682782,
      0.0,
      0.0,
      0.0,
      0.012315462646292883,
      0.0,
      0.0,
      0.0,
      0.0,
      0.0,
      0.005318001300160588,
      0.0027955969145809353,
      0.0,
      0.0,
      0.0,
      0.0,
      0.012694349908694504,
      0.003859212802872566,
      0.0,
      0.005569781372977736,
      0.002400267025910264,
      0.0044023093250717725,
      0.0,
      0.0,
      0.005293190615552305,
      0.0,
      0.00443132500439327,
      0.0,
      0.0006257396522800353,
      0.0,
      0.0,
      0.0,
      0.0007669782596789296,
      0.00010107345612809645,
      0.0,
      0.001821337086141136,
      0.0,
      0.0,
      4.884650819403464e-05,
      0.008325841114938384,
      0.0,
      0.010598883743287794,
      0.0,
      0.0,
      0.0073444708639595225,
      0.004095868315484558,
      0.0006761503259984558,
      0.0,
      0.0,
      0.0,
      0.01926841444447347,
      0.0,
      0.008775722564065029,
      0.0,
      0.0,
      0.0026794559859139623,
      0.018998257210660435,
      0.0065558255780578875,
      0.0,
      0.009118308406453068,
      0.024926299799580214,
      0.00696129055163419,
      0.0,
      0.0,
      0.013736345353089483,
      0.011146745777694665,
      0.0
    ],