{
  "100000": {
    "median": 0.0001116440734679784,
    "p90": 0.013182501576827125,
    "p10": 0.0,
    "sample": [
      8.005620099268222e-05,
      0.00015933122329719245,
      0.002201387925026233,
      0.0,
      0.006041123049096735,
      0.0,
      0.009976686225375961,
      0.0,
      0.004490856692057766,
      0.0,
      0.0004315722360568065,
      0.005253878861374084,
      0.0,
      0.0,
      0.002748890010747321,
      0.0,
      0.0007421471146781547,
      0.0,
      0.005709626926333263,
      0.0,
      0.01885745228371737,
      0.0,
      0.0,
      0.0,
      0.011665275087318744,
      0.0,
      0.0,
      0.0,
      0.0069022134575853315,
      0.0,
      0.0,
      0.0,
      0.00434759831177248,
      0.0,
      0.009367225626950141,
      0.015779591501848936,
      0.0,
      0.003898778918958132,
      0.0,
      0.0,
      0.006464995645102926,
      0.006522141958391128,
      0.000900769392004869,
      0.0,
      0.0,
      0.001587036835370788,
      0.0035663313719120006,
      0.0,
      0.02417869532116353,
      0.0,
      0.0,
      0.0,
      0.015799316636042192,
      0.0,
      0.013242646414675222,
      0.0,
      0.005449363319701943,
      0.013175818817066226,
      0.010864993632106022,
      0.0004133842781497534,
      0.006687338628920683,
      0.0,
      0.004452149615792259,
      0.0,
      0.0,
      0.0,
      0.0,
      0.0,
      0.0,
      0.005384240950434613,
      0.0,
      0.006723809847553104,
      0.0,
      0.01499993488526054,
      0.0,
      0.007728808241894651,
      0.007007158002150219,
      0.0,
      0.0,
      0.0012975087857483999,
      0.007379548590002466,
      0.011343033421878151,
      0.002034447317525866,
      0.006045948222319049,
      0.018445575094429442,
      0.0,
      0.0,
      0.0077358546472220974,
      0.0,
      0.014823203912656431,
      0.0,
      0.000947888583972528,
      0.019065068108299575,
      0.0016411162554979743,
      0.0,
      0.0,
      0.00440056076732982,
      0.003464381787465823,
      0.005275788090892642,
      0.0,
      0.0,
      0.0,
      0.00014323194594327457,
      0.0,
      0.01333398656058185,
      0.01788177169138427,
      0.0,
      0.0,
      0.0,
      0.00851614616170298,
      0.0,
      0.013667401708833848,
      0.008650728941731396,
      0.0,
      0.0005742029850206378,
      0.0024456145153661994,
      0.0,
      0.014585780979717132,
      0.0,
      4.181123963634218e-06,
      0.0,
      0.007559211977669927,
      0.0,
      0.0,
      0.004224835753783824,
      0.00553387354065582,
      0.0015151645979133213,
      0.003532986958889109,
      0.002488297200438176,
      0.0,
      0.0,
      0.0,
      0.013473302637004728,
      0.004550682743002413,
      0.0,
      0.0,
      0.0,
      0.008579799174709269,
      0.007429159225994077,
      0.006247278586263473,
      0.0016119059490304927,
      0.0,
      0.0,
      0.011086549050910735,
      0.0,
      0.0,
      0.0,
      0.0,
      0.002036420247764058,
      0.01344116680763442,
      0.00481930754167913,
      0.0,
      0.0,
      0.013278570447355155,
      0.0,
      0.0036335540802278085,
      0.012874068545618747,
      0.0026142973983687323,
      0.0,
      0.00914718903344322,
      0.0,
      0.009936008965283016,
      0.0,
      0.005649583205979046,
      0.0,
      0.0,
      0.0,
      0.0,
      0.0,
      0.0049542843512340815,
      0.0,
      0.0,
      0.007331643983510735,
      0.0,
      0.0,
      0.00022583615862858188,
      0.0,
      0.018440340874394015,
      0.0,
      0.008203813726447344,
      0.005865590289588608,
      0.005353544500359283,
      0.0037385472272702105,
      0.00721547641878643,
      0.0052407580445938545,
      0.0,
      0.0,
      0.0,
      0.011916558483233228,
      0.0005711475265655273,
      0.02246146290858801,
      0.011848241048320175,
      0.0,
      0.009334583972519815,
      0.009873050922564736,
      0.0,
      0.01904568899528888,
      0.0,
      0.0,
      0.016890643341566383
    ],
    "low_data": false
  },
  "250000": {
    "median": 0.00022242538243291045,
    "p90": 0.01331838281713167,
    "p10": 0.0,