{
  "100000": {
    "median": 0.00014296776606304086,
    "p90": 0.012413205656749996,
    "p10": 0.0,
    "sample": [
      0.00010981067684963616,
      0.00010054041600084613,
      0.0,
      0.0018362554276681604,
      0.0,
      0.0,
      0.003718067153885665,
      0.001362532973427677,
      0.005339485619271143,
      0.0,
      0.005580397034128341,
      0.0,
      0.00565984157284038,
      0.01042485163692088,
      0.0,
      0.0,
      0.0006867707216904377,
      0.0,
      0.001231168732340964,
      0.009703838768150579,
      0.0055616643452358755,
      0.0028644200321086546,
      0.0,
      0.0,
      0.007275203103350926,
      0.018612565633629723,
      0.0,
      0.009067887826824128,
      0.012049039413776202,
      8.954514045505535e-05,
      0.014710035791059168,
      0.0,
      0.01700833330123709,
      0.0,
      0.0,
      0.0,
      0.002089296132070373,
      0.0,
      0.005385107661484592,
      0.0,
      0.0,
      0.0010531092162669466,
      0.0,
      0.0007971903852693333,
      0.01225725252170351,
      0.0,
      0.0026388781004850837,
      0.00448442465159576,
      0.0174871253020898,
      0.002017713307542979,
      0.007762964333906094,
      0.0,
      0.003300741847740584,
      0.003875831018857198,
      0.005850951851986701,
      0.01642489962241046,
      0.0,
      0.0,
      0.007303148977723469,
      0.001193062050576721,
      0.00555413863874867,
      0.0,
      0.0,
      0.0,
      0.01682336728722331,
      0.006888018300660292,
      0.007559584578157847,
      0.02051711460560095,
      0.0036309665670676617,
      0.0,
      0.007199102212287563,
      0.0,
      0.006549051991535924,
      0.0,
      0.0,
      0.0,
      0.0,
      0.0,
      0.017848347355921997,
      0.0,
      0.018108599448014524,
      0.009477361453947496,
      0.0,
      0.01240114403401122,
      0.015545538163289909,
      0.0,
      0.0,
      0.0,
      0.0,
      0.0,
      0.011038790160022868,
      0.006562053430151675,
      0.0017858162989488656,
      0.0,
      0.009048477583954785,
      0.008982863032669293,
      0.0,
      0.0012425291302224047,
      0.0,
      0.0,
      0.0,
      0.006457027977433407,
      0.004617215792828857,
      0.008860895551325751,
      0.0,
      0.0,
      0.0014633702453860896,
      0.010223541916431057,
      0.0,
      0.0,
      0.001490337262140719,
      0.006735081006774613,
      0.0,
      0.008636897457802937,
      0.0,
      0.0,
      0.0,
      0.00039684428836164797,
      0.0,
      0.0,
      0.00832931114663586,
      0.0004540279642886538,
      0.0032635875583826536,
      0.011830412595696027,
      0.0,
      0.0061076440941023775,
      0.006376501288079228,
      0.002531937867509041,
      0.0,
      0.0016234585893246912,
      0.006693290365163284,
      0.000762872526042634,
      0.0,
      0.0019783344374378693,
      0.002715169959844345,
      0.0,
      0.026711983636949068,
      0.0016519618626809748,
      0.01205546252454478,
      0.006968272532564033,
      0.029009586504696618,
      0.0,
      0.0,
      0.00010125580875893446,
      0.0,
      0.0011478373138626636,
      0.0,
      0.0011519100480315335,
      0.0,
      0.005280847379991604,
      0.01289831485969285,
      0.0,
      0.0,
      0.0,
      0.0,
      0.0,
      0.0,
      0.0,
      0.0,
      0.0,
      0.0,
      0.01627068014949634,
      0.00013225886922168875,
      0.0,
      0.0,
      0.013898402505363946,
      0.01846037787880722,
      0.0,
      0.009238387368444116,
      0.0,
      0.0,
      0.0,
      0.0,
      0.0004204553479102358,
      0.0,
      0.0,
      0.0,
      0.01252176026139898,
      0.00304439877044821,
      0.0,
      0.0018119485858449388,
      0.0,
      0.011794709434559288,
      0.0,
      0.004158204001896808,
      0.0,
      0.0,
      0.0,
      0.0,
      0.01961744209355562,
      0.019685586022185415,
      0.0007418292659355554,
      0.011573392839976637,
      0.0019348821909163764,
      0.0,
      0.00015367666290439297,
      0.019065801589254514,
      0.0,
      0.0,
      0.0
    ],
    "low_data": false
  },
  "250000": {
    "median": 0.000344606372118115,
    "p90": 0.012521776065131144,
    "p10": 0.0,