{
  "100000": {
    "median": 0.0,
    "p90": 0.011847227612272474,
    "p10": 0.0,
    "sample": [
      0.00012091893598274896,
      0.00010903750818141612,
      0.0,
      0.0017581206429609026,
      0.012968865190524294,
      0.0,
      0.013161009701491953,
      0.0,
      0.0,
      0.012531526181307252,
      0.0,
      0.0005717007467059196,
      0.0,
      0.010287604993308967,
      0.0,
      0.0,
      0.0,
      0.011581708240216525,
      0.0,
      0.0038003624156841094,
      0.0017599134717131684,
      0.004334510688673576,
      0.0010123042907179297,
      0.0021704150276083104,
      0.0,
      0.0,
      0.008698793346466796,
      0.004344430729394264,
      0.011021675984490555,
      0.0062875467915673965,
      0.0,
      0.006251742219519147,
      0.0012207455874846025,
      0.0010426400484552065,
      0.0,
      0.0,
      0.013357993097138306,
      0.0,
      0.002340766701531905,
      0.006979908805516118,
      0.0,
      0.0,
      0.0,
      0.0,
      0.0,
      0.0,
      0.0,
      0.0,
      0.0,
      0.0,
      0.0,
      0.02047133767890133,
      0.0,
      0.01493506876650805,
      0.0,
      0.0,
      0.0,
      0.0,
      0.0,
      0.002309423387987156,
      0.0,
      0.0,
      0.0,
      0.005020993393340112,
      0.00781274042620793,
      0.0,
      0.009238078919425284,
      0.0,
      0.013730093446894256,
      0.0,
      0.0,
      0.0,
      0.013850051296639522,
      0.0,
      0.004936836381839465,
      0.0,
      0.004451324002178414,
      0.00833334254743664,
      0.012034774932190233,
      0.0,
      0.0007130779224119952,
      0.013244795892099698,
      0.0,
      0.0,
      0.0,
      0.017329238410337913,
      0.0,
      0.0,
      0.0,
      0.0,
      0.0,
      0.0,
      0.0007769633248483852,
      0.003704584058573475,
      0.0077813154643391145,
      0.0012170056805557218,
      0.0023066119194900805,
      0.0,
      0.0,
      0.0,
      0.0014579305380039015,
      0.0,
      0.0,
      0.0,
      0.011771932127493587,
      0.005126190868567054,
      0.0,
      0.024044788434667383,
      0.0,
      0.011524917011786928,
      0.004526640751859109,
      0.00988028350181422,
      0.0,
      0.0,
      0.0,
      0.0,
      0.0048712125573979964,
      0.0,
      0.005046920809826496,
      0.0,
      0.007585180002333575,
      0.0034620097617457514,
      0.0,
      0.0,
      0.006677647459377391,
      0.0,
      0.0005326502801351087,
      0.0,
      0.008899263667779439,
      0.0,
      0.0,
      0.015395563519314752,
      0.0,
      0.00916067573223884,
      0.0,
      0.007342377209385995,
      0.005583845218054846,
      0.015719814557094716,
      0.0,
      0.0037584961031455347,
      0.008564355167380445,
      0.01705895306521762,
      0.0,
      0.0,
      0.007491282924865944,
      0.0,
      0.0,
      0.003709131897169427,
      0.0028265308083633006,
      0.0,
      0.0,
      0.0,
      0.0029544155617785253,
      0.0026376903287120414,
      0.0,
      0.0,
      0.012946888740119712,
      0.0,
      0.008527904251895004,
      0.0,
      0.009986788315435917,
      0.006263718770268441,
      0.0,
      0.0006145897952809372,
      0.007309665959388659,
      0.00846184822545306,
      0.0017940555406182135,
      0.01776495825737248,
      0.018202908059088363,
      0.011826389021170503,
      0.007950840667691935,
      0.0,
      0.004817719446898857,
      0.011800040968984718,
      0.0,
      0.0,
      0.011702711862379818,
      0.010658167138604761,
      0.0,
      0.004325373579867402,
      0.0,
      0.0,
      0.0,
      0.014556967945111026,
      0.0,
      0.0,
      0.0,
      0.005329059673412039,
      0.009081379805453383,
      0.00759040636513997,
      0.0,
      0.00621569312857898,
      0.0035520197848361826,
      0.0064572369698211824,
      0.008007395208167938,
      0.006032193621738756,
      0.002308316100266807,
      0.025187169225734798,
      0.0,
      0.0
    ],
    "low_data": false
  },
  "250000": {
    "median": 2.5338845487774675e-05,
    "p90": 0.011984816754256304,
    "p10": 0.0,