{
  "100000": {
    "median": 0.0,
    "p90": 0.010329415469806508,
    "p10": 0.0,
    "sample": [
      8.183842962219597e-05,
      0.00015200467558163847,
      0.0016645677231395864,
      0.008618145529104225,
      0.00954225586329894,
      0.010300293786329767,
      0.0,
      0.004531560858559452,
      0.017949502140496076,
      0.0,
      0.008026486384668439,
      0.0015560799989058141,
      0.0,
      0.0,
      0.0,
      0.0,
      0.0,
      0.001641790755476498,
      0.0,
      0.0,
      0.0,
      0.012946601727080837,
      0.0001084271704203734,
      0.0,
      0.0,
      0.0,
      0.0,
      0.0,
      0.00987848019158037,
      0.0,
      0.012697661576353582,
      0.0065789569922675975,
      0.0,
      0.005340375892957373,
      0.008984800999665268,
      0.0,
      0.018120890008727478,
      0.0009029236927949394,
      0.000751301668016356,
      0.0,
      0.001978668425442268,
      0.0032138344124951596,
      0.0013891427790120993,
      0.0,
      0.0,
      0.0,
      0.0014832496470335824,
      0.0,
      0.008627108212461715,
      0.0,
      0.0,
      0.0,
      0.004641169977780902,
      0.0,
      0.00032580460060221663,
      0.005005063037300141,
      0.0,
      0.0,
      0.0,
      0.0,
      0.0,
      0.014288525021552659,
      0.0,
      0.009270388944584401,
      0.01256056671222987,
      0.0,
      0.0,
      0.009434948341582065,
      0.002642635692204657,
      0.0,
      0.0053948014632871485,
      0.0038362363548097183,
      0.003008685895848851,
      0.0008814624740468369,
      0.0,
      0.0,
      0.0,
      0.0,
      0.002036463571088565,
      0.0,
      0.0006704843603440363,
      0.0,
      0.00023669076703829013,
      0.0,
      0.0,
      0.0,
      0.004050809221600985,
      0.0029412208920969398,
      0.0029457298918891253,
      0.0,
      0.007484509817705123,
      0.004880544201514721,
      0.0,
      0.0,
      0.003063629135996392,
      0.002518778445244937,
      0.0,
      0.0,
      0.0034653300775902627,
      0.008699071226849805,
      0.005708055663243555,
      0.0,
      0.008438617334721184,
      0.0,
      0.0,
      0.0,
      0.0,
      0.0008051793334471447,
      0.0,
      0.006410393856937414,
      0.0,
      0.0,
      0.004998154139997214,
      0.015972389246856768,
      0.0,
      0.010980624779849436,
      0.0,
      0.0172591864461164,
      0.023086858227855632,
      0.008636284351522198,
      0.0,
      0.0,
      0.005378097647606126,
      0.0,
      0.015868237839277346,
      0.0,
      0.0,
      0.0,
      0.0,
      0.0,
      0.0,
      0.0036529958669165,
      0.010591510621097196,
      0.0,
      0.010165351664932862,
      0.0,
      0.0,
      0.0,
      0.0,
      0.0,
      0.0,
      0.0021645740107598043,
      0.0,
      0.0,
      0.013018270991253788,
      0.010874321351328636,
      0.0,
      0.004099184640136142,
      0.018480756360287565,
      0.0030553984562790354,
      0.0,
      0.0,
      0.005893867087095421,
      0.0,
      0.0,
      0.01571356397153528,
      0.013263873418976783,
      0.006957074369657242,
      0.0,
      0.0,
      0.0,
      0.0,
      0.0,
      0.006235513670506419,
      0.0,
      0.002554186419862307,
      0.00834454123594695,
      0.0,
      0.0,
      0.0,
      0.0,
      0.0,
      0.0,
      0.0038359620883011967,
      0.0,
      0.002449163812448942,
      0.022241439239751727,
      0.0,
      0.0,
      0.0,
      0.0,
      0.013151376482713863,
      0.009398725954310516,
      0.004939805791112229,
      0.0,
      0.0,
      0.00022210070804497587,
      0.007073947583542274,
      0.006461557803254261,
      0.004150649032574372,
      0.0005467350098737033,
      0.0,
      0.002828284414595368,
      0.0,
      0.01153719837748918,
      0.0006233340124135786,
      0.0,
      0.0,
      0.0,
      0.0038478673521733057
    ],
    "low_data": false
  },
  "250000": {
    "median": 0.0,
    "p90": 0.010522550964368159,
    "p10": 0.0,
    "sample": [
      0.0001866823653765583,
      0.0003467392094016969,
      0.001843317826705508,
      0.00879115023365461,
      0.00965171709469851,
      0.01049571996734176,
      0.0,
      0.0046812433961340915,
      0.018168574317856918,
      0.0,
      0.008170274607458611,
      0.0016958752429817024,
      0.0,
      0.0,
      0.0,
      0.0,
      7.072991727653349e-05,
      0.0017820009477907488,
      0.0,
      0.0,
      0.0,
      0.013062213104214123,
      0.000326470136182322,
      0.0,
      1.900438327086544e-05,
      0.0,
      0.0,
      0.0,
      0.010010275723410749,
      0.0,
      0.01282828098758183,
      0.00675827176040449,
      0.0,
      0.005567358650581568,
      0.009158740592404145,
      0.0,
      0.018260672478709432,
      0.0011519162736206442,
      0.0008697737613367767,
      0.0,
      0.002105542600982564,
      0.0033324497806548254,
      0.001520246122710955,
      0.0,
      0.0,
      0.0,
      0.0017063785957525063,
      0.0,
      0.008773974949497644,
      0.0,
      0.0,
      0.0,
      0.004760442732455971,
      0.0,
      0.000511900475649134,
      0.005250400183330317,
      0.0,
      0.0,
      0.0,
      0.0,
      0.0,
      0.014596843566144208,
      0.0,
      0.00952412132034466,
      0.012679996741450652,
      0.0,
      0.0,
      0.00967886097888438,
      0.002799028690956483,
      0.0,
      0.005522581383403884,
      0.003968698873448718,
      0.0031552480518970733,
      0.0010400463051107092,
      0.0,
      0.0,
      0.0,
      0.0,
      0.0021713294735891237,
      0.0,
      0.0008217527584437373,
      0.0,
      0.00037122125429480535,
      0.0,
      0.0,
      0.0,
      0.004262381421419181,
      0.0030651993459437166,
      0.003066035362104011,
      0.0,
      0.007709854966205457,
      0.0050748216713090545,
      0.0,
      0.0,
      0.0031817592741845147,
      0.0027425071721881382,
      0.0,
      0.0,
      0.0036156957745363517,
      0.008852472792854203,
      0.00585758892792927,
      0.0,
      0.00864500651475863,
      0.0,
      0.0,
      0.0,
      0.0,
      0.00097930511577493,
      0.0,
      0.00660734808824829,
      0.0,
      0.0,
      0.0051251934894665065,
      0.0161811233007362,
      0.0,
      0.011140709749220394,
      0.0,
      0.017499506709196776,
      0.023255113046875605,
      0.008906647364500543,
      0.0,
      0.0,
      0.005592412629119653,
      0.0,
      0.0161148322871921,
      0.0,
      0.0,
      0.0,
      0.0,
      0.0,
      1.4835651248715941e-05,
      0.0038025550193527408,
      0.010764029937605762,
      0.0,
      0.010285548833560925,
      0.0,
      0.0,
      0.0,
      0.0,
      0.0,
      0.0,
      0.002419738560862022,
      0.0,
      0.0,
      0.013158706653003522,
      0.011062803984481954,
      0.0,
      0.0042157749363414465,
      0.018602786665612357,
      0.0031775993814359698,
      0.0,
      0.0,
      0.006203906393641471,
      0.0,
      0.0,
      0.015838429338366735,
      0.013392288207382733,
      0.007166705603963201,
      0.0,
      0.0,
      0.0,
      0.0,
      0.0,
      0.006500076444376304,
      0.0,
      0.0027248994476862932,
      0.008516617790979088,
      0.0,
      0.0,
      0.0,
      0.0,
      0.0,
      0.0,
      0.003976441110603376,
      0.0,
      0.002722866223808261,
      0.022433271303994574,
      0.0,
      0.0,
      0.0,
      0.0,
      0.013326255794808957,
      0.009538939922264449,
      0.005158568870060976,
      0.0,
      0.0,
      0.0003544426339665583,
      0.007202194620833541,
      0.006612579156848123,
      0.004298165997180341,
      0.0007530644567158468,
      0.0,
      0.002949616995250894,
      0.0,
      0.011767551787510275,
      0.000779931070642038,
      0.0,
      0.0,
      0.0,
      0.0039763211828423165
    ],
    "low_data": false
  },
  "500000": {
    "median": 0.0,
    "p90": 0.01082038412914164,
    "p10": 0.0,