{
  "100000": {
    "median": 0.00011853910944272256,
    "p90": 0.011005565928344266,
    "p10": 0.0,
    "sample": [
      0.00019839540790963012,
      0.00012985327353243274,
      0.0010911137723764047,
      0.0032513611345784304,
      0.0008681516054570165,
      0.008412249626575136,
      0.00760645630788202,
      0.0008789473839867785,
      0.0,
      0.005565880859708923,
      0.0025855690868484796,
      0.0,
      0.0,
      0.0056544041596453916,
      0.0,
      0.0,
      0.007675786198853483,
      0.0019714990181698916,
      0.0008473672800441073,
      0.0,
      0.0,
      0.002850525983841932,
      0.011831708342014595,
      0.0,
      0.0,
      0.0,
      0.0,
      0.0009617111291582731,
      0.0,
      0.013953460094733467,
      0.0,
      0.001490678859265601,
      0.0,
      0.0,
      0.0,
      0.0,
      0.006445649363340229,
      0.0,
      0.0,
      8.596385765302688e-06,
      0.0,
      0.0,
      0.0,
      0.009671602995726353,
      0.0,
      0.0,
      0.0,
      0.0064936338868204655,
      0.00209415007747778,
      0.008422349578634124,
      0.0,
      0.0,
      0.0,
      0.0,
      0.0,
      0.0016022794764649398,
      0.007070647075729883,
      0.0,
      0.003503580246322759,
      0.0021207817704644106,
      0.021046229058906175,
      0.0,
      0.0032522929355000185,
      0.01179932120490691,
      0.0,
      0.0,
      0.0,
      0.0,
      0.0016495297697675106,
      0.010277536835351018,
      0.0,
      0.005469160336535979,
      0.007111694615125642,
      0.017062987098548754,
      0.004870039052293383,
      0.0,
      0.0,
      0.011318978314279702,
      0.010041569402831711,
      0.0,
      0.020883115153750475,
      0.004001940967368963,
      0.0,
      0.0,
      0.0,
      0.0,
      0.0,
      0.006906853763141118,
      0.01808016804098495,
      0.005360758689712012,
      0.0,
      0.0,
      0.00016541974570348478,
      0.012249124437307142,
      0.007821096742485675,
      0.008548790711032315,
      0.0,
      0.010096048314719545,
      0.010953813963532271,
      0.0033800064073469943,
      0.0,
      0.0,
      0.0,
      0.0,
      0.0057323322951419635,
      0.010970742329906998,
      0.0011498263792325554,
      0.0012181181659042647,
      0.0,
      0.008812690815118911,
      0.00037263791454889597,
      0.0,
      0.007081736531802098,
      0.00988296338624666,
      0.0025764730887865204,
      0.0,
      0.0,
      0.0,
      0.01632631334448714,
      0.0,
      0.0,
      0.0,
      0.0,
      0.006809072486257513,
      0.00010722494535301237,
      0.0,
      0.0,
      0.018231826192058185,
      0.008236245347491596,
      0.0,
      0.0,
      0.005164525062753108,
      0.0,
      0.007108089636863766,
      0.0010025440029370564,
      0.0,
      0.0,
      0.01276967954895246,
      0.0,
      0.01477860413603434,
      0.0,
      0.0007248467859447531,
      0.010447940192448525,
      0.008684017103546883,
      0.0,
      0.0,
      0.01690906768024297,
      0.01019240977291692,
      0.0,
      0.0017351738714888776,
      0.0,
      0.015507199090257209,
      0.0,
      0.0037548181774219426,
      0.011798961248174353,
      0.0038365004326692065,
      0.0,
      0.0,
      0.0037687202148831557,
      0.0,
      0.0,
      0.000244844892713351,
      0.0,
      0.0058032354414778884,
      0.0066693199505080195,
      0.0,
      0.03609293668663408,
      0.0009896957059476379,
      0.0,
      0.0075548530467972,
      0.0016324558093292348,
      0.0,
      0.0060781319250288795,
      0.0,
      0.0,
      0.0,
      0.007677459305565663,
      0.0,
      0.0,
      0.0,
      0.017630008560708697,
      0.015068628509413713,
      0.0,
      0.0,
      0.010058943959627913,
      0.00791934969102252,
      0.00205519166262074,
      0.0,
      0.0,
      0.0,
      0.0,
      0.0,
      0.0,
      0.0028656945829595324,
      0.0,
      0.0046477171545784585,
      0.0013313061194333098,
      0.013820334907887805,
      0.007352454232727616,
      0.0018404071693289671
    ],
    "low_data": false
  },
  "250000": {
    "median": 0.00028571568731946694,
    "p90": 0.011166009477389579,
    "p10": 0.0,